go_id	name	namespace	study_k	study_n	bg_K	bg_N	fold_enrichment	p_value	fdr	phenotype	genes
GO:0015085	calcium ion transmembrane transporter activity	molecular_function	23	945	237	34268	3.52	2.106e-07	2.561e-04		LOC120019322,LOC120019396,LOC120020225,LOC120020235,LOC120020369,LOC120023897,LOC120035599,LOC120037668,LOC120040198,LOC120041637,LOC120044082,LOC120045655,LOC120056831,LOC120061615,LOC120063037,LOC120063766,LOC120063904,LOC120066590,LOC120066624,cacna2d3a,mcu,ryr1b,slc24a5
GO:0070588	calcium ion transmembrane transport	biological_process	19	945	184	34268	3.74	9.221e-07	5.607e-04		LOC120019322,LOC120019396,LOC120020225,LOC120023897,LOC120035599,LOC120037668,LOC120040198,LOC120041637,LOC120044082,LOC120045655,LOC120056831,LOC120061615,LOC120063037,LOC120063766,LOC120063904,LOC120066624,mcu,ryr1b,slc24a5
GO:0031175	neuron projection development	biological_process	33	945	509	34268	2.35	6.443e-06	2.612e-03		LOC120020574,LOC120022048,LOC120023487,LOC120023518,LOC120027965,LOC120028305,LOC120028485,LOC120029338,LOC120033173,LOC120033391,LOC120034101,LOC120036133,LOC120036309,LOC120039491,LOC120040412,LOC120040415,LOC120041781,LOC120050435,LOC120050489,LOC120052232,LOC120053667,LOC120053918,LOC120057208,LOC120059535,LOC120061638
GO:0034704	calcium channel complex	cellular_component	12	945	95	34268	4.58	1.208e-05	2.977e-03		LOC120019396,LOC120020369,LOC120035599,LOC120037668,LOC120041637,LOC120044082,LOC120061615,LOC120063766,LOC120066590,cacna2d3a,mcu,ryr1b
GO:0048666	neuron development	biological_process	34	945	555	34268	2.22	1.541e-05	2.977e-03		LOC120018906,LOC120020574,LOC120022048,LOC120023487,LOC120023518,LOC120027965,LOC120028305,LOC120028485,LOC120029338,LOC120033173,LOC120033391,LOC120034101,LOC120036133,LOC120036309,LOC120039491,LOC120040412,LOC120040415,LOC120041781,LOC120050435,LOC120050489,LOC120052232,LOC120053667,LOC120053918,LOC120057208,LOC120059535
GO:0048858	cell projection morphogenesis	biological_process	27	945	399	34268	2.45	2.068e-05	2.977e-03		LOC120020574,LOC120022048,LOC120023487,LOC120027965,LOC120028305,LOC120028485,LOC120029338,LOC120033173,LOC120036133,LOC120036309,LOC120040412,LOC120040415,LOC120041781,LOC120050435,LOC120050489,LOC120053918,LOC120057208,LOC120059535,LOC120061638,LOC120062414,LOC120062749,LOC120064270,LOC120065502,aplp2,epha3
GO:0120039	plasma membrane bounded cell projection morphogenesis	biological_process	27	945	399	34268	2.45	2.068e-05	2.977e-03		LOC120020574,LOC120022048,LOC120023487,LOC120027965,LOC120028305,LOC120028485,LOC120029338,LOC120033173,LOC120036133,LOC120036309,LOC120040412,LOC120040415,LOC120041781,LOC120050435,LOC120050489,LOC120053918,LOC120057208,LOC120059535,LOC120061638,LOC120062414,LOC120062749,LOC120064270,LOC120065502,aplp2,epha3
GO:0048812	neuron projection morphogenesis	biological_process	27	945	399	34268	2.45	2.068e-05	2.977e-03		LOC120020574,LOC120022048,LOC120023487,LOC120027965,LOC120028305,LOC120028485,LOC120029338,LOC120033173,LOC120036133,LOC120036309,LOC120040412,LOC120040415,LOC120041781,LOC120050435,LOC120050489,LOC120053918,LOC120057208,LOC120059535,LOC120061638,LOC120062414,LOC120062749,LOC120064270,LOC120065502,aplp2,epha3
GO:0006816	calcium ion transport	biological_process	19	945	230	34268	3.0	2.387e-05	2.977e-03	Y	LOC120019322,LOC120019396,LOC120020225,LOC120023897,LOC120035599,LOC120037668,LOC120040198,LOC120041637,LOC120044082,LOC120045655,LOC120056831,LOC120061615,LOC120063037,LOC120063766,LOC120063904,LOC120066624,mcu,ryr1b,slc24a5
GO:0005262	calcium channel activity	molecular_function	17	945	191	34268	3.23	2.448e-05	2.977e-03		LOC120019322,LOC120019396,LOC120020369,LOC120023897,LOC120035599,LOC120037668,LOC120040198,LOC120041637,LOC120044082,LOC120061615,LOC120063766,LOC120063904,LOC120066590,cacna2d3a,mcu,ryr1b,slc24a5
GO:0008381	mechanosensitive monoatomic ion channel activity	molecular_function	6	945	24	34268	9.07	3.806e-05	4.208e-03		LOC120024918,LOC120039812,LOC120041370,LOC120042828,LOC120063904,tmc6b
GO:0048667	cell morphogenesis involved in neuron differentiation	biological_process	24	945	355	34268	2.45	5.920e-05	5.999e-03		LOC120020574,LOC120022048,LOC120023487,LOC120028305,LOC120028485,LOC120029338,LOC120033173,LOC120036133,LOC120036309,LOC120040412,LOC120040415,LOC120041781,LOC120050435,LOC120050489,LOC120053918,LOC120057208,LOC120059535,LOC120061638,LOC120062414,LOC120062749,LOC120065502,aplp2,epha3,si:dkey-246i14.3
GO:0097485	neuron projection guidance	biological_process	20	945	273	34268	2.66	8.062e-05	6.701e-03		LOC120020574,LOC120022048,LOC120023487,LOC120028485,LOC120033173,LOC120036133,LOC120036309,LOC120040412,LOC120040415,LOC120041781,LOC120050435,LOC120053918,LOC120057208,LOC120059535,LOC120061638,LOC120062414,LOC120062749,LOC120065502,epha3,si:dkey-246i14.3
GO:0007411	axon guidance	biological_process	20	945	273	34268	2.66	8.062e-05	6.701e-03		LOC120020574,LOC120022048,LOC120023487,LOC120028485,LOC120033173,LOC120036133,LOC120036309,LOC120040412,LOC120040415,LOC120041781,LOC120050435,LOC120053918,LOC120057208,LOC120059535,LOC120061638,LOC120062414,LOC120062749,LOC120065502,epha3,si:dkey-246i14.3
GO:0048699	generation of neurons	biological_process	40	945	759	34268	1.91	8.608e-05	6.701e-03		LOC120018906,LOC120020574,LOC120022048,LOC120023487,LOC120023518,LOC120024355,LOC120027965,LOC120028305,LOC120028485,LOC120029338,LOC120033173,LOC120033391,LOC120034101,LOC120036133,LOC120036212,LOC120036309,LOC120037817,LOC120039491,LOC120040412,LOC120040415,LOC120041620,LOC120041781,LOC120050435,LOC120050489,LOC120052232
GO:0048468	cell development	biological_process	45	945	892	34268	1.83	8.817e-05	6.701e-03		LOC120018906,LOC120020574,LOC120022048,LOC120022751,LOC120023487,LOC120023518,LOC120027965,LOC120028305,LOC120028485,LOC120029338,LOC120031821,LOC120033173,LOC120033391,LOC120034101,LOC120036133,LOC120036309,LOC120037817,LOC120037876,LOC120037969,LOC120039491,LOC120039678,LOC120040412,LOC120040415,LOC120041620,LOC120041781
GO:0017154	semaphorin receptor activity	molecular_function	7	945	41	34268	6.19	1.176e-04	8.413e-03		LOC120020574,LOC120022048,LOC120033173,LOC120040412,LOC120040415,LOC120059535,LOC120061638
GO:0005891	voltage-gated calcium channel complex	cellular_component	9	945	71	34268	4.6	1.431e-04	8.941e-03		LOC120020369,LOC120035599,LOC120037668,LOC120041637,LOC120044082,LOC120061615,LOC120063766,LOC120066590,cacna2d3a
GO:0007409	axonogenesis	biological_process	22	945	330	34268	2.42	1.444e-04	8.941e-03		LOC120020574,LOC120022048,LOC120023487,LOC120028305,LOC120028485,LOC120033173,LOC120036133,LOC120036309,LOC120040412,LOC120040415,LOC120041781,LOC120050435,LOC120053918,LOC120057208,LOC120059535,LOC120061638,LOC120062414,LOC120062749,LOC120065502,aplp2,epha3,si:dkey-246i14.3
GO:0030182	neuron differentiation	biological_process	38	945	726	34268	1.9	1.471e-04	8.941e-03		LOC120018906,LOC120020574,LOC120022048,LOC120023487,LOC120023518,LOC120024355,LOC120027965,LOC120028305,LOC120028485,LOC120029338,LOC120033173,LOC120033391,LOC120034101,LOC120036133,LOC120036309,LOC120037817,LOC120039491,LOC120040412,LOC120040415,LOC120041620,LOC120041781,LOC120050435,LOC120050489,LOC120052232,LOC120053667
GO:0061564	axon development	biological_process	22	945	345	34268	2.31	2.695e-04	1.560e-02		LOC120020574,LOC120022048,LOC120023487,LOC120028305,LOC120028485,LOC120033173,LOC120036133,LOC120036309,LOC120040412,LOC120040415,LOC120041781,LOC120050435,LOC120053918,LOC120057208,LOC120059535,LOC120061638,LOC120062414,LOC120062749,LOC120065502,aplp2,epha3,si:dkey-246i14.3
GO:0017158	regulation of calcium ion-dependent exocytosis	biological_process	7	945	47	34268	5.4	2.851e-04	1.576e-02		LOC120024255,LOC120037668,LOC120041637,LOC120044082,LOC120064758,LOC120066802,syt12
GO:0022008	neurogenesis	biological_process	40	945	809	34268	1.79	3.196e-04	1.658e-02		LOC120018906,LOC120020574,LOC120022048,LOC120023487,LOC120023518,LOC120024355,LOC120027965,LOC120028305,LOC120028485,LOC120029338,LOC120033173,LOC120033391,LOC120034101,LOC120036133,LOC120036212,LOC120036309,LOC120037817,LOC120039491,LOC120040412,LOC120040415,LOC120041620,LOC120041781,LOC120050435,LOC120050489,LOC120052232
GO:1903305	regulation of regulated secretory pathway	biological_process	8	945	63	34268	4.6	3.288e-04	1.658e-02		LOC120024255,LOC120037668,LOC120041637,LOC120044082,LOC120050139,LOC120064758,LOC120066802,syt12
GO:1902287	semaphorin-plexin signaling pathway involved in axon guidance	biological_process	6	945	35	34268	6.22	3.545e-04	1.658e-02		LOC120020574,LOC120022048,LOC120040412,LOC120040415,LOC120059535,LOC120061638
GO:0002116	semaphorin receptor complex	cellular_component	6	945	35	34268	6.22	3.545e-04	1.658e-02		LOC120020574,LOC120022048,LOC120040412,LOC120040415,LOC120059535,LOC120061638
GO:0015075	monoatomic ion transmembrane transporter activity	molecular_function	57	945	1293	34268	1.6	3.825e-04	1.706e-02		LOC120017966,LOC120019322,LOC120019351,LOC120019396,LOC120020225,LOC120020235,LOC120020369,LOC120022033,LOC120023897,LOC120024918,LOC120025853,LOC120027917,LOC120032107,LOC120032256,LOC120032827,LOC120033625,LOC120034929,LOC120035599,LOC120036064,LOC120037668,LOC120038852,LOC120039400,LOC120039661,LOC120039812,LOC120040195
GO:0071916	dipeptide transmembrane transporter activity	molecular_function	3	945	6	34268	18.13	3.928e-04	1.706e-02		LOC120040146,LOC120042313,LOC120063949
GO:0005245	voltage-gated calcium channel activity	molecular_function	9	945	84	34268	3.89	5.147e-04	2.147e-02		LOC120020369,LOC120035599,LOC120037668,LOC120041637,LOC120044082,LOC120061615,LOC120063766,LOC120066590,cacna2d3a
GO:0005388	P-type calcium transporter activity	molecular_function	5	945	25	34268	7.25	5.296e-04	2.147e-02		LOC120020225,LOC120020235,LOC120056831,LOC120063037,LOC120066624
GO:0004725	protein tyrosine phosphatase activity	molecular_function	11	945	122	34268	3.27	5.760e-04	2.259e-02		LOC120021657,LOC120027924,LOC120040345,LOC120046022,LOC120050569,LOC120065619,cdc25b,ptp4a3b,ptpn12,ptprda,ptprsa
GO:0045956	positive regulation of calcium ion-dependent exocytosis	biological_process	3	945	7	34268	15.54	6.733e-04	2.478e-02		LOC120037668,LOC120041637,LOC120044082
GO:0008332	low voltage-gated calcium channel activity	molecular_function	3	945	7	34268	15.54	6.733e-04	2.478e-02		LOC120037668,LOC120041637,LOC120044082
GO:0000902	cell morphogenesis	biological_process	27	945	495	34268	1.98	6.927e-04	2.478e-02		LOC120020574,LOC120022048,LOC120023487,LOC120027965,LOC120028305,LOC120028485,LOC120029338,LOC120033173,LOC120036133,LOC120036309,LOC120040412,LOC120040415,LOC120041781,LOC120050435,LOC120050489,LOC120053918,LOC120057208,LOC120059535,LOC120061638,LOC120062414,LOC120062749,LOC120064270,LOC120065502,aplp2,epha3
GO:0046873	metal ion transmembrane transporter activity	molecular_function	38	945	792	34268	1.74	7.803e-04	2.711e-02		LOC120017966,LOC120019322,LOC120019351,LOC120019396,LOC120020225,LOC120020235,LOC120020369,LOC120022033,LOC120023897,LOC120025853,LOC120032827,LOC120035599,LOC120036064,LOC120037668,LOC120040195,LOC120040197,LOC120040198,LOC120040568,LOC120041002,LOC120041637,LOC120044082,LOC120045655,LOC120056831,LOC120061615,LOC120063037
GO:0017157	regulation of exocytosis	biological_process	11	945	128	34268	3.12	8.610e-04	2.837e-02		LOC120023438,LOC120024255,LOC120026029,LOC120037668,LOC120041637,LOC120044082,LOC120050139,LOC120050855,LOC120064758,LOC120066802,syt12
GO:0120036	plasma membrane bounded cell projection organization	biological_process	39	945	824	34268	1.72	8.633e-04	2.837e-02		LOC120020574,LOC120022048,LOC120023487,LOC120023518,LOC120027965,LOC120028305,LOC120028485,LOC120029338,LOC120033173,LOC120033391,LOC120034101,LOC120036133,LOC120036212,LOC120036309,LOC120039491,LOC120039678,LOC120040161,LOC120040412,LOC120040415,LOC120041781,LOC120044085,LOC120045990,LOC120050435,LOC120050489,LOC120052232
GO:0030030	cell projection organization	biological_process	39	945	831	34268	1.7	1.008e-03	3.130e-02		LOC120020574,LOC120022048,LOC120023487,LOC120023518,LOC120027965,LOC120028305,LOC120028485,LOC120029338,LOC120033173,LOC120033391,LOC120034101,LOC120036133,LOC120036212,LOC120036309,LOC120039491,LOC120039678,LOC120040161,LOC120040412,LOC120040415,LOC120041781,LOC120044085,LOC120045990,LOC120050435,LOC120050489,LOC120052232
GO:1903307	positive regulation of regulated secretory pathway	biological_process	3	945	8	34268	13.6	1.055e-03	3.130e-02		LOC120037668,LOC120041637,LOC120044082
GO:0090222	centrosome-templated microtubule nucleation	biological_process	3	945	8	34268	13.6	1.055e-03	3.130e-02		LOC120023558,LOC120030968,LOC120030969
GO:0006857	oligopeptide transport	biological_process	3	945	8	34268	13.6	1.055e-03	3.130e-02		LOC120038425,LOC120040146,LOC120042313
GO:0070509	calcium ion import	biological_process	7	945	59	34268	4.3	1.162e-03	3.365e-02		LOC120035599,LOC120037668,LOC120041637,LOC120044082,LOC120045655,LOC120061615,LOC120063904
GO:0035673	oligopeptide transmembrane transporter activity	molecular_function	4	945	18	34268	8.06	1.291e-03	3.568e-02		LOC120038425,LOC120040146,LOC120042313,LOC120063949
GO:0043495	protein-membrane adaptor activity	molecular_function	4	945	18	34268	8.06	1.291e-03	3.568e-02		LOC120041233,LOC120042044,LOC120044869,rapsn
GO:0005216	monoatomic ion channel activity	molecular_function	40	945	872	34268	1.66	1.333e-03	3.603e-02		LOC120017966,LOC120019322,LOC120019351,LOC120019396,LOC120020369,LOC120022033,LOC120023897,LOC120024918,LOC120027917,LOC120032107,LOC120033625,LOC120035599,LOC120037668,LOC120038852,LOC120039400,LOC120039661,LOC120039812,LOC120040195,LOC120040197,LOC120040198,LOC120041370,LOC120041637,LOC120041665,LOC120042828,LOC120044082
GO:0007399	nervous system development	biological_process	52	945	1220	34268	1.55	1.414e-03	3.739e-02		LOC120018906,LOC120020574,LOC120022048,LOC120023487,LOC120023518,LOC120024355,LOC120025260,LOC120025342,LOC120027965,LOC120028096,LOC120028305,LOC120028485,LOC120029338,LOC120032755,LOC120033173,LOC120033391,LOC120034101,LOC120035963,LOC120036133,LOC120036212,LOC120036309,LOC120037817,LOC120039491,LOC120039519,LOC120040412
GO:0034058	endosomal vesicle fusion	biological_process	3	945	9	34268	12.09	1.550e-03	3.928e-02		LOC120022969,LOC120022970,LOC120023396
GO:0051418	microtubule nucleation by microtubule organizing center	biological_process	3	945	9	34268	12.09	1.550e-03	3.928e-02		LOC120023558,LOC120030968,LOC120030969
GO:0030141	secretory granule	cellular_component	8	945	80	34268	3.63	1.634e-03	4.055e-02		LOC120024255,LOC120026029,LOC120026131,LOC120031821,LOC120036275,LOC120050569,LOC120052912,LOC120066802
GO:0015081	sodium ion transmembrane transporter activity	molecular_function	15	945	228	34268	2.39	1.777e-03	4.321e-02		LOC120019322,LOC120023897,LOC120025853,LOC120036064,LOC120037668,LOC120040568,LOC120041002,LOC120041637,LOC120044082,LOC120045655,LOC120063479,asic2,mfsd2ab,slc24a5,slc9a5
GO:0022836	gated channel activity	molecular_function	32	945	664	34268	1.75	1.823e-03	4.346e-02		LOC120017966,LOC120019396,LOC120020369,LOC120022033,LOC120024918,LOC120033625,LOC120035599,LOC120037668,LOC120039400,LOC120039661,LOC120039812,LOC120040195,LOC120040197,LOC120040198,LOC120041370,LOC120041637,LOC120041665,LOC120042828,LOC120044082,LOC120046058,LOC120052253,LOC120061615,LOC120062048,LOC120063766,LOC120063904
GO:0045921	positive regulation of exocytosis	biological_process	4	945	20	34268	7.25	1.957e-03	4.575e-02		LOC120026029,LOC120037668,LOC120041637,LOC120044082
GO:0008046	axon guidance receptor activity	molecular_function	3	945	10	34268	10.88	2.170e-03	4.800e-02		LOC120028485,LOC120057208,hmcn1
GO:0030667	secretory granule membrane	cellular_component	3	945	10	34268	10.88	2.170e-03	4.800e-02		LOC120031821,LOC120036275,LOC120052912
GO:1902495	transmembrane transporter complex	cellular_component	23	945	431	34268	1.94	2.198e-03	4.800e-02		LOC120017775,LOC120019396,LOC120020369,LOC120028064,LOC120030938,LOC120034929,LOC120035599,LOC120037668,LOC120039400,LOC120039661,LOC120040195,LOC120040197,LOC120041637,LOC120044082,LOC120046271,LOC120061615,LOC120062048,LOC120063766,LOC120066590,cacna2d3a,kcnd3,mcu,ryr1b
GO:0071526	semaphorin-plexin signaling pathway	biological_process	9	945	103	34268	3.17	2.211e-03	4.800e-02		LOC120020574,LOC120022048,LOC120036133,LOC120036309,LOC120040412,LOC120040415,LOC120050435,LOC120059535,LOC120061638
GO:0008324	monoatomic cation transmembrane transporter activity	molecular_function	44	945	1017	34268	1.57	2.420e-03	5.162e-02		LOC120017966,LOC120019322,LOC120019351,LOC120019396,LOC120020225,LOC120020235,LOC120020369,LOC120022033,LOC120023897,LOC120025853,LOC120032256,LOC120032827,LOC120034929,LOC120035599,LOC120036064,LOC120037668,LOC120039812,LOC120040195,LOC120040197,LOC120040198,LOC120040568,LOC120041002,LOC120041637,LOC120044082,LOC120045655
GO:1990351	transporter complex	cellular_component	23	945	435	34268	1.92	2.467e-03	5.172e-02		LOC120017775,LOC120019396,LOC120020369,LOC120028064,LOC120030938,LOC120034929,LOC120035599,LOC120037668,LOC120039400,LOC120039661,LOC120040195,LOC120040197,LOC120041637,LOC120044082,LOC120046271,LOC120061615,LOC120062048,LOC120063766,LOC120066590,cacna2d3a,kcnd3,mcu,ryr1b
GO:0050801	monoatomic ion homeostasis	biological_process	20	945	359	34268	2.02	2.542e-03	5.239e-02		LOC120019322,LOC120020225,LOC120020235,LOC120023897,LOC120025853,LOC120031262,LOC120031263,LOC120035176,LOC120045955,LOC120046000,LOC120047799,LOC120052951,LOC120056831,LOC120063037,LOC120063479,LOC120066624,mcu,slc24a5,slc9a5,wnk1b
GO:0034702	monoatomic ion channel complex	cellular_component	20	945	363	34268	2.0	2.883e-03	5.826e-02		LOC120019396,LOC120020369,LOC120028064,LOC120030938,LOC120035599,LOC120037668,LOC120039400,LOC120039661,LOC120040195,LOC120040197,LOC120041637,LOC120044082,LOC120061615,LOC120062048,LOC120063766,LOC120066590,cacna2d3a,kcnd3,mcu,ryr1b
GO:0000242	pericentriolar material	cellular_component	3	945	11	34268	9.89	2.922e-03	5.826e-02		LOC120023558,LOC120030968,LOC120030969
GO:0051962	positive regulation of nervous system development	biological_process	9	945	108	34268	3.02	3.052e-03	5.987e-02		LOC120020574,LOC120022048,LOC120028427,LOC120040412,LOC120040415,LOC120059043,LOC120059535,LOC120061638,clstn2a
GO:0014069	postsynaptic density	cellular_component	13	945	198	34268	2.38	3.546e-03	6.635e-02		LOC120018950,LOC120020225,LOC120020235,LOC120027965,LOC120030938,LOC120034101,LOC120036176,LOC120037100,LOC120039400,LOC120046488,LOC120050489,adgrl1a,shank3a
GO:0098984	neuron to neuron synapse	cellular_component	13	945	198	34268	2.38	3.546e-03	6.635e-02		LOC120018950,LOC120020225,LOC120020235,LOC120027965,LOC120030938,LOC120034101,LOC120036176,LOC120037100,LOC120039400,LOC120046488,LOC120050489,adgrl1a,shank3a
GO:0032279	asymmetric synapse	cellular_component	13	945	198	34268	2.38	3.546e-03	6.635e-02		LOC120018950,LOC120020225,LOC120020235,LOC120027965,LOC120030938,LOC120034101,LOC120036176,LOC120037100,LOC120039400,LOC120046488,LOC120050489,adgrl1a,shank3a
GO:0019894	kinesin binding	molecular_function	5	945	38	34268	4.77	3.724e-03	6.795e-02		LOC120021805,LOC120028427,LOC120030442,LOC120059280,clstn2a
GO:0006874	intracellular calcium ion homeostasis	biological_process	11	945	154	34268	2.59	3.744e-03	6.795e-02		LOC120019322,LOC120020225,LOC120020235,LOC120023897,LOC120035176,LOC120047799,LOC120056831,LOC120063037,LOC120066624,mcu,slc24a5
GO:0046920	alpha-(1->3)-fucosyltransferase activity	molecular_function	4	945	24	34268	6.04	3.932e-03	7.032e-02		LOC120018922,LOC120019384,LOC120019385,LOC120049410
GO:0055074	calcium ion homeostasis	biological_process	11	945	157	34268	2.54	4.331e-03	7.633e-02		LOC120019322,LOC120020225,LOC120020235,LOC120023897,LOC120035176,LOC120047799,LOC120056831,LOC120063037,LOC120066624,mcu,slc24a5
GO:0030165	PDZ domain binding	molecular_function	4	945	25	34268	5.8	4.580e-03	7.957e-02		LOC120020225,LOC120020235,LOC120063037,LOC120066624
GO:0050770	regulation of axonogenesis	biological_process	11	945	159	34268	2.51	4.762e-03	8.156e-02		LOC120018241,LOC120020574,LOC120022048,LOC120036133,LOC120036309,LOC120040412,LOC120040415,LOC120050435,LOC120059535,LOC120061638,rufy3
GO:0006796	phosphate-containing compound metabolic process	biological_process	62	945	1604	34268	1.4	4.974e-03	8.401e-02		LOC120018241,LOC120018260,LOC120020191,LOC120020300,LOC120020922,LOC120021657,LOC120023792,LOC120024298,LOC120024469,LOC120024738,LOC120024759,LOC120025260,LOC120028096,LOC120028305,LOC120029376,LOC120030240,LOC120032405,LOC120032447,LOC120034742,LOC120036173,LOC120036992,LOC120037194,LOC120040004,LOC120040345,LOC120040347
GO:0022804	active transmembrane transporter activity	molecular_function	24	945	489	34268	1.78	5.117e-03	8.513e-02		LOC120017775,LOC120019322,LOC120020225,LOC120020235,LOC120023897,LOC120025853,LOC120034929,LOC120036064,LOC120037234,LOC120038182,LOC120038425,LOC120040277,LOC120040568,LOC120041002,LOC120045655,LOC120046271,LOC120050102,LOC120056831,LOC120063037,LOC120066624,mcu,mfsd2ab,slc24a5,slc9a5
GO:0022803	passive transmembrane transporter activity	molecular_function	40	945	944	34268	1.54	5.250e-03	8.513e-02		LOC120017966,LOC120019322,LOC120019351,LOC120019396,LOC120020369,LOC120022033,LOC120023897,LOC120024918,LOC120027917,LOC120032107,LOC120033625,LOC120035599,LOC120037668,LOC120038852,LOC120039400,LOC120039661,LOC120039812,LOC120040195,LOC120040197,LOC120040198,LOC120041370,LOC120041637,LOC120041665,LOC120042828,LOC120044082
GO:0015267	channel activity	molecular_function	40	945	944	34268	1.54	5.250e-03	8.513e-02		LOC120017966,LOC120019322,LOC120019351,LOC120019396,LOC120020369,LOC120022033,LOC120023897,LOC120024918,LOC120027917,LOC120032107,LOC120033625,LOC120035599,LOC120037668,LOC120038852,LOC120039400,LOC120039661,LOC120039812,LOC120040195,LOC120040197,LOC120040198,LOC120041370,LOC120041637,LOC120041665,LOC120042828,LOC120044082
GO:1903530	regulation of secretion by cell	biological_process	12	945	185	34268	2.35	5.472e-03	8.755e-02		LOC120023438,LOC120024255,LOC120026029,LOC120037668,LOC120041637,LOC120044082,LOC120050139,LOC120050855,LOC120064758,LOC120066802,caska,syt12
GO:0051046	regulation of secretion	biological_process	12	945	186	34268	2.34	5.707e-03	9.012e-02		LOC120023438,LOC120024255,LOC120026029,LOC120037668,LOC120041637,LOC120044082,LOC120050139,LOC120050855,LOC120064758,LOC120066802,caska,syt12
GO:0097060	synaptic membrane	cellular_component	18	945	338	34268	1.93	6.408e-03	9.989e-02		LOC120017966,LOC120018950,LOC120020225,LOC120020235,LOC120024771,LOC120028427,LOC120030938,LOC120037100,LOC120039400,LOC120039661,LOC120040568,LOC120052036,LOC120052253,LOC120062048,LOC120066766,adgrl1a,clstn2a,shank3a
GO:0098988	G protein-coupled glutamate receptor activity	molecular_function	4	945	28	34268	5.18	6.946e-03	1.019e-01		LOC120018950,LOC120051754,LOC120053245,LOC120064874
GO:0001640	adenylate cyclase inhibiting G protein-coupled glutamate receptor activity	molecular_function	4	945	28	34268	5.18	6.946e-03	1.019e-01		LOC120018950,LOC120051754,LOC120053245,LOC120064874
GO:0030155	regulation of cell adhesion	biological_process	12	945	191	34268	2.28	7.004e-03	1.019e-01		LOC120020574,LOC120022048,LOC120040412,LOC120040415,LOC120044685,LOC120048021,LOC120059075,LOC120059535,LOC120061638,LOC120062749,LOC120063774,fermt3b
GO:0004672	protein kinase activity	molecular_function	48	945	1201	34268	1.45	7.038e-03	1.019e-01		LOC120018241,LOC120020191,LOC120020922,LOC120023792,LOC120024298,LOC120024469,LOC120024738,LOC120024759,LOC120025260,LOC120028096,LOC120028305,LOC120029376,LOC120030240,LOC120032405,LOC120033173,LOC120034742,LOC120036173,LOC120036992,LOC120037194,LOC120040004,LOC120040347,LOC120040450,LOC120040633,LOC120040854,LOC120041259
GO:0140358	P-type transmembrane transporter activity	molecular_function	5	945	44	34268	4.12	7.039e-03	1.019e-01		LOC120020225,LOC120020235,LOC120056831,LOC120063037,LOC120066624
GO:0015662	P-type ion transporter activity	molecular_function	5	945	44	34268	4.12	7.039e-03	1.019e-01	Y	LOC120020225,LOC120020235,LOC120056831,LOC120063037,LOC120066624
GO:0016310	phosphorylation	biological_process	48	945	1202	34268	1.45	7.143e-03	1.022e-01		LOC120018241,LOC120020191,LOC120020922,LOC120023792,LOC120024298,LOC120024469,LOC120024738,LOC120024759,LOC120025260,LOC120028096,LOC120028305,LOC120029376,LOC120030240,LOC120032405,LOC120034742,LOC120036173,LOC120036992,LOC120037194,LOC120040004,LOC120040347,LOC120040450,LOC120040633,LOC120040854,LOC120041259,LOC120041781
GO:0006468	protein phosphorylation	biological_process	47	945	1174	34268	1.45	7.385e-03	1.040e-01		LOC120018241,LOC120020191,LOC120020922,LOC120023792,LOC120024298,LOC120024469,LOC120024738,LOC120024759,LOC120025260,LOC120028096,LOC120028305,LOC120029376,LOC120030240,LOC120032405,LOC120034742,LOC120036173,LOC120036992,LOC120037194,LOC120040004,LOC120040347,LOC120040450,LOC120040633,LOC120040854,LOC120041259,LOC120041781
GO:0045202	synapse	cellular_component	41	945	995	34268	1.49	7.509e-03	1.040e-01		LOC120017966,LOC120018950,LOC120019858,LOC120020067,LOC120020225,LOC120020235,LOC120024255,LOC120024771,LOC120025115,LOC120027965,LOC120028427,LOC120030938,LOC120033625,LOC120034101,LOC120036063,LOC120036176,LOC120037100,LOC120039400,LOC120039661,LOC120040568,LOC120041950,LOC120045655,LOC120046488,LOC120047799,LOC120050489
GO:0050769	positive regulation of neurogenesis	biological_process	7	945	82	34268	3.1	7.528e-03	1.040e-01		LOC120020574,LOC120022048,LOC120040412,LOC120040415,LOC120059043,LOC120059535,LOC120061638
GO:0055080	monoatomic cation homeostasis	biological_process	18	945	345	34268	1.89	7.842e-03	1.053e-01		LOC120019322,LOC120020225,LOC120020235,LOC120023897,LOC120025853,LOC120031262,LOC120031263,LOC120035176,LOC120045955,LOC120047799,LOC120052951,LOC120056831,LOC120063037,LOC120063479,LOC120066624,mcu,slc24a5,slc9a5
GO:1903532	positive regulation of secretion by cell	biological_process	4	945	29	34268	5.0	7.884e-03	1.053e-01		LOC120026029,LOC120037668,LOC120041637,LOC120044082
GO:0051047	positive regulation of secretion	biological_process	4	945	29	34268	5.0	7.884e-03	1.053e-01		LOC120026029,LOC120037668,LOC120041637,LOC120044082
GO:0034703	cation channel complex	cellular_component	16	945	295	34268	1.97	8.305e-03	1.098e-01		LOC120019396,LOC120020369,LOC120028064,LOC120035599,LOC120037668,LOC120040195,LOC120040197,LOC120041637,LOC120044082,LOC120061615,LOC120063766,LOC120066590,cacna2d3a,kcnd3,mcu,ryr1b
GO:0030054	cell junction	cellular_component	61	945	1616	34268	1.37	8.615e-03	1.126e-01		LOC120017966,LOC120018601,LOC120018950,LOC120019858,LOC120020067,LOC120020225,LOC120020235,LOC120024255,LOC120024469,LOC120024771,LOC120025115,LOC120026163,LOC120027965,LOC120028427,LOC120028483,LOC120030938,LOC120033625,LOC120034101,LOC120035933,LOC120036063,LOC120036176,LOC120037100,LOC120037245,LOC120039400,LOC120039661
GO:0099503	secretory vesicle	cellular_component	15	945	271	34268	2.01	8.721e-03	1.128e-01		LOC120024255,LOC120024771,LOC120026029,LOC120026131,LOC120031821,LOC120036275,LOC120050569,LOC120052036,LOC120052912,LOC120059029,LOC120064511,LOC120066802,bin1b,rab40c,stx12
GO:0042626	ATPase-coupled transmembrane transporter activity	molecular_function	11	945	174	34268	2.29	9.175e-03	1.174e-01		LOC120017775,LOC120020225,LOC120020235,LOC120034929,LOC120038425,LOC120040277,LOC120046271,LOC120050102,LOC120056831,LOC120063037,LOC120066624
GO:0051480	regulation of cytosolic calcium ion concentration	biological_process	5	945	47	34268	3.86	9.294e-03	1.177e-01		LOC120020225,LOC120020235,LOC120047799,LOC120063037,LOC120066624
GO:0030001	metal ion transport	biological_process	35	945	831	34268	1.53	9.415e-03	1.178e-01	Y	LOC120017966,LOC120019322,LOC120019351,LOC120019396,LOC120020225,LOC120022033,LOC120023897,LOC120024364,LOC120032827,LOC120035599,LOC120036199,LOC120036200,LOC120037668,LOC120040195,LOC120040197,LOC120040198,LOC120040568,LOC120041637,LOC120044082,LOC120045655,LOC120046000,LOC120050102,LOC120056831,LOC120061615,LOC120063037
GO:0048731	system development	biological_process	63	945	1688	34268	1.35	9.652e-03	1.178e-01		LOC120018245,LOC120018906,LOC120020574,LOC120022048,LOC120022751,LOC120023487,LOC120023518,LOC120024355,LOC120025260,LOC120025342,LOC120026149,LOC120027965,LOC120028096,LOC120028305,LOC120028485,LOC120029338,LOC120032755,LOC120033173,LOC120033391,LOC120034101,LOC120035963,LOC120036133,LOC120036212,LOC120036309,LOC120037817
GO:0042445	hormone metabolic process	biological_process	6	945	66	34268	3.3	9.664e-03	1.178e-01		LOC120022991,LOC120035602,LOC120047639,LOC120058995,asmt2,lratb.1
GO:0019829	ATPase-coupled monoatomic cation transmembrane transporter activity	molecular_function	7	945	86	34268	2.95	9.687e-03	1.178e-01		LOC120020225,LOC120020235,LOC120034929,LOC120046271,LOC120056831,LOC120063037,LOC120066624
GO:0008417	fucosyltransferase activity	molecular_function	4	945	31	34268	4.68	1.000e-02	1.204e-01		LOC120018922,LOC120019384,LOC120019385,LOC120049410
GO:0017156	calcium-ion regulated exocytosis	biological_process	6	945	67	34268	3.25	1.037e-02	1.237e-01		LOC120024255,LOC120024771,LOC120052036,LOC120064758,LOC120066802,syt12
GO:0099177	regulation of trans-synaptic signaling	biological_process	14	945	252	34268	2.01	1.071e-02	1.241e-01		LOC120018950,LOC120020067,LOC120028427,LOC120030938,LOC120039400,LOC120039661,LOC120047799,LOC120050139,LOC120051754,LOC120053245,LOC120062048,LOC120064874,caska,clstn2a
GO:0050804	modulation of chemical synaptic transmission	biological_process	14	945	252	34268	2.01	1.071e-02	1.241e-01		LOC120018950,LOC120020067,LOC120028427,LOC120030938,LOC120039400,LOC120039661,LOC120047799,LOC120050139,LOC120051754,LOC120053245,LOC120062048,LOC120064874,caska,clstn2a
GO:0007162	negative regulation of cell adhesion	biological_process	8	945	109	34268	2.66	1.072e-02	1.241e-01		LOC120020574,LOC120022048,LOC120040412,LOC120040415,LOC120044685,LOC120059075,LOC120059535,LOC120061638
GO:0007166	cell surface receptor signaling pathway	biological_process	62	945	1672	34268	1.34	1.157e-02	1.327e-01		LOC120018950,LOC120020067,LOC120020574,LOC120021988,LOC120022048,LOC120025260,LOC120025946,LOC120027434,LOC120028096,LOC120028485,LOC120030475,LOC120033173,LOC120035382,LOC120035610,LOC120036133,LOC120036173,LOC120036309,LOC120038409,LOC120039400,LOC120040412,LOC120040415,LOC120040854,LOC120041781,LOC120042432,LOC120043284
GO:0043235	signaling receptor complex	cellular_component	23	945	497	34268	1.68	1.171e-02	1.330e-01		LOC120020574,LOC120022048,LOC120025260,LOC120027434,LOC120028096,LOC120030938,LOC120033436,LOC120033625,LOC120033734,LOC120036164,LOC120036483,LOC120039400,LOC120039661,LOC120040412,LOC120040415,LOC120040854,LOC120047334,LOC120050848,LOC120059535,LOC120061638,LOC120062048,LOC120064520,ror2
GO:0016301	kinase activity	molecular_function	56	945	1488	34268	1.36	1.217e-02	1.363e-01		LOC120018241,LOC120020191,LOC120020922,LOC120023792,LOC120024298,LOC120024469,LOC120024738,LOC120024759,LOC120024923,LOC120025260,LOC120028096,LOC120028305,LOC120029376,LOC120030240,LOC120032120,LOC120032405,LOC120033173,LOC120034742,LOC120036173,LOC120036441,LOC120036992,LOC120037194,LOC120038939,LOC120040004,LOC120040347
GO:0099572	postsynaptic specialization	cellular_component	13	945	231	34268	2.04	1.233e-02	1.363e-01		LOC120018950,LOC120020225,LOC120020235,LOC120027965,LOC120030938,LOC120034101,LOC120036176,LOC120037100,LOC120039400,LOC120046488,LOC120050489,adgrl1a,shank3a
GO:0010975	regulation of neuron projection development	biological_process	13	945	231	34268	2.04	1.233e-02	1.363e-01		LOC120018241,LOC120020574,LOC120022010,LOC120022048,LOC120035934,LOC120036133,LOC120036309,LOC120040412,LOC120040415,LOC120050435,LOC120059535,LOC120061638,rufy3
GO:0008066	glutamate receptor activity	molecular_function	7	945	91	34268	2.79	1.298e-02	1.419e-01		LOC120018950,LOC120039400,LOC120039661,LOC120051754,LOC120053245,LOC120062048,LOC120064874
GO:0045597	positive regulation of cell differentiation	biological_process	10	945	159	34268	2.28	1.307e-02	1.419e-01		LOC120020574,LOC120022048,LOC120025342,LOC120026404,LOC120040412,LOC120040415,LOC120049221,LOC120059043,LOC120059535,LOC120061638
GO:0050772	positive regulation of axonogenesis	biological_process	6	945	71	34268	3.06	1.358e-02	1.461e-01		LOC120020574,LOC120022048,LOC120040412,LOC120040415,LOC120059535,LOC120061638
GO:0051130	positive regulation of cellular component organization	biological_process	15	945	286	34268	1.9	1.376e-02	1.461e-01		LOC120020574,LOC120022048,LOC120028427,LOC120040412,LOC120040415,LOC120040508,LOC120041942,LOC120043715,LOC120047350,LOC120048021,LOC120059280,LOC120059535,LOC120061638,LOC120063465,clstn2a
GO:0090307	mitotic spindle assembly	biological_process	4	945	34	34268	4.27	1.382e-02	1.461e-01		LOC120027100,LOC120030968,LOC120030969,prc1b
GO:0140828	metal cation:monoatomic cation antiporter activity	molecular_function	5	945	52	34268	3.49	1.408e-02	1.462e-01		LOC120019322,LOC120023897,LOC120045655,slc24a5,slc9a5
GO:0015833	peptide transport	biological_process	3	945	19	34268	5.73	1.457e-02	1.462e-01		LOC120038425,LOC120040146,LOC120042313
GO:0008273	calcium, potassium:sodium antiporter activity	molecular_function	3	945	19	34268	5.73	1.457e-02	1.462e-01		LOC120019322,LOC120023897,slc24a5
GO:0015399	primary active transmembrane transporter activity	molecular_function	11	945	186	34268	2.14	1.457e-02	1.462e-01		LOC120017775,LOC120020225,LOC120020235,LOC120034929,LOC120038425,LOC120040277,LOC120046271,LOC120050102,LOC120056831,LOC120063037,LOC120066624
GO:0051094	positive regulation of developmental process	biological_process	13	945	237	34268	1.99	1.497e-02	1.462e-01		LOC120020574,LOC120022048,LOC120025342,LOC120026404,LOC120028427,LOC120040412,LOC120040415,LOC120040508,LOC120049221,LOC120059043,LOC120059535,LOC120061638,clstn2a
GO:0030003	intracellular monoatomic cation homeostasis	biological_process	15	945	289	34268	1.88	1.499e-02	1.462e-01		LOC120019322,LOC120020225,LOC120020235,LOC120023897,LOC120025853,LOC120031262,LOC120031263,LOC120035176,LOC120047799,LOC120052951,LOC120056831,LOC120063037,LOC120066624,mcu,slc24a5
GO:0006873	intracellular monoatomic ion homeostasis	biological_process	15	945	289	34268	1.88	1.499e-02	1.462e-01		LOC120019322,LOC120020225,LOC120020235,LOC120023897,LOC120025853,LOC120031262,LOC120031263,LOC120035176,LOC120047799,LOC120052951,LOC120056831,LOC120063037,LOC120066624,mcu,slc24a5
GO:0005432	calcium:sodium antiporter activity	molecular_function	4	945	35	34268	4.14	1.527e-02	1.462e-01		LOC120019322,LOC120023897,LOC120045655,slc24a5
GO:0016049	cell growth	biological_process	4	945	35	34268	4.14	1.527e-02	1.462e-01	Y	LOC120022048,LOC120027965,LOC120028305,LOC120050435
GO:1990138	neuron projection extension	biological_process	4	945	35	34268	4.14	1.527e-02	1.462e-01		LOC120022048,LOC120027965,LOC120028305,LOC120050435
GO:0048588	developmental cell growth	biological_process	4	945	35	34268	4.14	1.527e-02	1.462e-01	Y	LOC120022048,LOC120027965,LOC120028305,LOC120050435
GO:0060560	developmental growth involved in morphogenesis	biological_process	4	945	35	34268	4.14	1.527e-02	1.462e-01	Y	LOC120022048,LOC120027965,LOC120028305,LOC120050435
GO:0030154	cell differentiation	biological_process	63	945	1730	34268	1.32	1.558e-02	1.480e-01		LOC120018906,LOC120020574,LOC120022048,LOC120022751,LOC120023487,LOC120023518,LOC120024355,LOC120025342,LOC120025770,LOC120027924,LOC120027945,LOC120027965,LOC120028305,LOC120028485,LOC120029338,LOC120031821,LOC120033173,LOC120033391,LOC120034101,LOC120034671,LOC120036133,LOC120036212,LOC120036309,LOC120037817,LOC120037876
GO:0048869	cellular developmental process	biological_process	63	945	1731	34268	1.32	1.575e-02	1.485e-01		LOC120018906,LOC120020574,LOC120022048,LOC120022751,LOC120023487,LOC120023518,LOC120024355,LOC120025342,LOC120025770,LOC120027924,LOC120027945,LOC120027965,LOC120028305,LOC120028485,LOC120029338,LOC120031821,LOC120033173,LOC120033391,LOC120034101,LOC120034671,LOC120036133,LOC120036212,LOC120036309,LOC120037817,LOC120037876
GO:0048878	chemical homeostasis	biological_process	22	945	485	34268	1.64	1.655e-02	1.537e-01		LOC120019322,LOC120020225,LOC120020235,LOC120023897,LOC120025853,LOC120031262,LOC120031263,LOC120035176,LOC120045955,LOC120046000,LOC120047799,LOC120052951,LOC120056015,LOC120056831,LOC120063037,LOC120063479,LOC120066624,adck1,mcu,slc24a5,slc9a5,wnk1b
GO:0051128	regulation of cellular component organization	biological_process	37	945	926	34268	1.45	1.657e-02	1.537e-01		LOC120018241,LOC120019141,LOC120020574,LOC120022010,LOC120022048,LOC120023518,LOC120028427,LOC120035934,LOC120036063,LOC120036133,LOC120036309,LOC120040412,LOC120040415,LOC120040508,LOC120041078,LOC120041942,LOC120042627,LOC120043715,LOC120047350,LOC120048021,LOC120049958,LOC120050435,LOC120053667,LOC120056015,LOC120059280
GO:0007216	G protein-coupled glutamate receptor signaling pathway	biological_process	4	945	36	34268	4.03	1.681e-02	1.537e-01		LOC120018950,LOC120051754,LOC120053245,LOC120064874
GO:0005540	hyaluronic acid binding	molecular_function	4	945	36	34268	4.03	1.681e-02	1.537e-01		LOC120050431,LOC120055343,LOC120062413,stab1
GO:0006812	monoatomic cation transport	biological_process	38	945	958	34268	1.44	1.699e-02	1.542e-01	Y	LOC120017966,LOC120019322,LOC120019351,LOC120019396,LOC120020225,LOC120022033,LOC120023897,LOC120024364,LOC120032256,LOC120032827,LOC120034929,LOC120035599,LOC120036199,LOC120036200,LOC120037668,LOC120040195,LOC120040197,LOC120040198,LOC120040568,LOC120041637,LOC120044082,LOC120045655,LOC120046000,LOC120046271,LOC120050102
GO:0098794	postsynapse	cellular_component	22	945	488	34268	1.63	1.763e-02	1.567e-01		LOC120017966,LOC120018950,LOC120020225,LOC120020235,LOC120027965,LOC120028427,LOC120030938,LOC120034101,LOC120036176,LOC120037100,LOC120039400,LOC120039661,LOC120045655,LOC120046488,LOC120050489,LOC120052253,LOC120062048,LOC120066770,adgrl1a,clstn2a,shank3a,stx12
GO:0098590	plasma membrane region	cellular_component	27	945	633	34268	1.55	1.792e-02	1.567e-01		LOC120017966,LOC120018950,LOC120019109,LOC120020225,LOC120020235,LOC120024771,LOC120028427,LOC120030938,LOC120037100,LOC120037504,LOC120038425,LOC120039400,LOC120039661,LOC120040568,LOC120041233,LOC120042044,LOC120050848,LOC120052036,LOC120052253,LOC120062048,LOC120066535,LOC120066766,adgrl1a,caska,clstn2a
GO:0016773	phosphotransferase activity, alcohol group as acceptor	molecular_function	52	945	1396	34268	1.35	1.818e-02	1.567e-01		LOC120018241,LOC120020191,LOC120020922,LOC120023792,LOC120024298,LOC120024469,LOC120024738,LOC120024759,LOC120025260,LOC120028096,LOC120028305,LOC120029376,LOC120030240,LOC120032405,LOC120033173,LOC120034742,LOC120036173,LOC120036441,LOC120036992,LOC120037194,LOC120038939,LOC120040004,LOC120040347,LOC120040450,LOC120040633
GO:0098771	inorganic ion homeostasis	biological_process	15	945	296	34268	1.84	1.820e-02	1.567e-01		LOC120019322,LOC120020225,LOC120020235,LOC120023897,LOC120031262,LOC120031263,LOC120035176,LOC120045955,LOC120047799,LOC120056831,LOC120063037,LOC120063479,LOC120066624,mcu,slc24a5
GO:0004721	phosphoprotein phosphatase activity	molecular_function	15	945	296	34268	1.84	1.820e-02	1.567e-01		LOC120018260,LOC120021657,LOC120027924,LOC120032447,LOC120040345,LOC120046022,LOC120050569,LOC120065619,LOC120066039,cdc25b,dusp27,ptp4a3b,ptpn12,ptprda,ptprsa
GO:0005261	monoatomic cation channel activity	molecular_function	27	945	634	34268	1.54	1.824e-02	1.567e-01		LOC120017966,LOC120019322,LOC120019351,LOC120019396,LOC120020369,LOC120022033,LOC120023897,LOC120035599,LOC120037668,LOC120039812,LOC120040195,LOC120040197,LOC120040198,LOC120041637,LOC120044082,LOC120046058,LOC120052253,LOC120061615,LOC120063766,LOC120063904,LOC120066590,asic2,cacna2d3a,kcnd3,mcu
GO:0004707	MAP kinase activity	molecular_function	4	945	37	34268	3.92	1.845e-02	1.567e-01		LOC120036173,LOC120037194,LOC120057678,LOC120059107
GO:0007020	microtubule nucleation	biological_process	4	945	37	34268	3.92	1.845e-02	1.567e-01		LOC120023558,LOC120030968,LOC120030969,LOC120036138
GO:0010720	positive regulation of cell development	biological_process	7	945	98	34268	2.59	1.885e-02	1.567e-01		LOC120020574,LOC120022048,LOC120040412,LOC120040415,LOC120059043,LOC120059535,LOC120061638
GO:0022853	active monoatomic ion transmembrane transporter activity	molecular_function	7	945	98	34268	2.59	1.885e-02	1.567e-01		LOC120020225,LOC120020235,LOC120034929,LOC120046271,LOC120056831,LOC120063037,LOC120066624
GO:0048675	axon extension	biological_process	3	945	21	34268	5.18	1.920e-02	1.567e-01		LOC120022048,LOC120028305,LOC120050435
GO:0022821	solute:potassium antiporter activity	molecular_function	3	945	21	34268	5.18	1.920e-02	1.567e-01		LOC120019322,LOC120023897,slc24a5
GO:0086010	membrane depolarization during action potential	biological_process	3	945	21	34268	5.18	1.920e-02	1.567e-01		LOC120037668,LOC120041637,LOC120044082
GO:0051899	membrane depolarization	biological_process	3	945	21	34268	5.18	1.920e-02	1.567e-01		LOC120037668,LOC120041637,LOC120044082
GO:0070286	axonemal dynein complex assembly	biological_process	3	945	21	34268	5.18	1.920e-02	1.567e-01		LOC120040161,LOC120044085,LOC120045990
GO:0015297	antiporter activity	molecular_function	8	945	122	34268	2.38	1.998e-02	1.613e-01		LOC120019322,LOC120023897,LOC120025853,LOC120037234,LOC120038182,LOC120045655,slc24a5,slc9a5
GO:0015368	calcium:monoatomic cation antiporter activity	molecular_function	4	945	38	34268	3.82	2.018e-02	1.613e-01		LOC120019322,LOC120023897,LOC120045655,slc24a5
GO:0014059	regulation of dopamine secretion	biological_process	4	945	38	34268	3.82	2.018e-02	1.613e-01		LOC120024255,LOC120064758,LOC120066802,syt12
GO:0060627	regulation of vesicle-mediated transport	biological_process	12	945	221	34268	1.97	2.030e-02	1.613e-01		LOC120023438,LOC120024255,LOC120026029,LOC120037668,LOC120041637,LOC120042627,LOC120044082,LOC120050139,LOC120050855,LOC120064758,LOC120066802,syt12
GO:0006418	tRNA aminoacylation for protein translation	biological_process	5	945	58	34268	3.13	2.172e-02	1.687e-01		LOC120024894,LOC120028061,cars1,nars2,vars2
GO:0016875	ligase activity, forming carbon-oxygen bonds	molecular_function	5	945	58	34268	3.13	2.172e-02	1.687e-01	Y	LOC120024894,LOC120028061,cars1,nars2,vars2
GO:0004812	aminoacyl-tRNA ligase activity	molecular_function	5	945	58	34268	3.13	2.172e-02	1.687e-01		LOC120024894,LOC120028061,cars1,nars2,vars2
GO:0019228	neuronal action potential	biological_process	3	945	22	34268	4.94	2.178e-02	1.687e-01		LOC120037668,LOC120041637,LOC120044082
GO:0042592	homeostatic process	biological_process	25	945	588	34268	1.54	2.285e-02	1.759e-01		LOC120019322,LOC120020225,LOC120020235,LOC120023897,LOC120025853,LOC120031262,LOC120031263,LOC120035176,LOC120037969,LOC120045955,LOC120046000,LOC120047799,LOC120052951,LOC120056015,LOC120056831,LOC120063037,LOC120063479,LOC120064266,LOC120066624,adck1,mcu,slc24a5,slc9a5,wnk1b,zgc:152951
GO:0016772	transferase activity, transferring phosphorus-containing groups	molecular_function	60	945	1673	34268	1.3	2.356e-02	1.802e-01		LOC120018241,LOC120020191,LOC120020922,LOC120023792,LOC120024298,LOC120024469,LOC120024738,LOC120024759,LOC120024923,LOC120025260,LOC120028096,LOC120028305,LOC120029376,LOC120030240,LOC120031773,LOC120032120,LOC120032405,LOC120033173,LOC120034742,LOC120036173,LOC120036441,LOC120036992,LOC120037194,LOC120038939,LOC120040004
GO:0007052	mitotic spindle organization	biological_process	6	945	81	34268	2.69	2.449e-02	1.862e-01		LOC120027100,LOC120030968,LOC120030969,LOC120036138,LOC120046061,prc1b
GO:0030162	regulation of proteolysis	biological_process	7	945	104	34268	2.44	2.519e-02	1.902e-01		LOC120019146,LOC120038032,LOC120040733,LOC120060832,LOC120064502,ahsg2,serpini1
GO:0071277	cellular response to calcium ion	biological_process	5	945	61	34268	2.97	2.638e-02	1.959e-01		LOC120024255,LOC120050996,LOC120064758,LOC120066802,syt12
GO:0071248	cellular response to metal ion	biological_process	5	945	61	34268	2.97	2.638e-02	1.959e-01		LOC120024255,LOC120050996,LOC120064758,LOC120066802,syt12
GO:0005516	calmodulin binding	molecular_function	9	945	153	34268	2.13	2.642e-02	1.959e-01		LOC120023518,LOC120023926,LOC120023930,LOC120024771,LOC120030240,LOC120052036,LOC120053667,LOC120057599,iqgap1
GO:0016782	transferase activity, transferring sulphur-containing groups	molecular_function	8	945	129	34268	2.25	2.682e-02	1.977e-01		LOC120034556,LOC120039875,LOC120047348,LOC120052753,LOC120063269,LOC120065879,hs6st2,tpst1
GO:0005248	voltage-gated sodium channel activity	molecular_function	3	945	24	34268	4.53	2.749e-02	1.997e-01		LOC120037668,LOC120041637,LOC120044082
GO:0030055	cell-substrate junction	cellular_component	7	945	106	34268	2.39	2.758e-02	1.997e-01		LOC120024469,LOC120026163,LOC120048831,LOC120053907,LOC120054371,LOC120063774,fermt3b
GO:0043039	tRNA aminoacylation	biological_process	5	945	62	34268	2.92	2.806e-02	1.997e-01		LOC120024894,LOC120028061,cars1,nars2,vars2
GO:0051952	regulation of amine transport	biological_process	4	945	42	34268	3.45	2.808e-02	1.997e-01		LOC120024255,LOC120064758,LOC120066802,syt12
GO:0050433	regulation of catecholamine secretion	biological_process	4	945	42	34268	3.45	2.808e-02	1.997e-01		LOC120024255,LOC120064758,LOC120066802,syt12
GO:0001786	phosphatidylserine binding	molecular_function	4	945	42	34268	3.45	2.808e-02	1.997e-01		LOC120024255,LOC120064758,LOC120066802,syt12
GO:0019905	syntaxin binding	molecular_function	7	945	107	34268	2.37	2.884e-02	2.039e-01		LOC120023438,LOC120024255,LOC120024771,LOC120026131,LOC120052036,LOC120064758,napab
GO:0055082	intracellular chemical homeostasis	biological_process	15	945	315	34268	1.73	2.957e-02	2.064e-01		LOC120019322,LOC120020225,LOC120020235,LOC120023897,LOC120025853,LOC120031262,LOC120031263,LOC120035176,LOC120047799,LOC120052951,LOC120056831,LOC120063037,LOC120066624,mcu,slc24a5
GO:0019725	cellular homeostasis	biological_process	17	945	371	34268	1.66	2.969e-02	2.064e-01		LOC120019322,LOC120020225,LOC120020235,LOC120023897,LOC120025853,LOC120031262,LOC120031263,LOC120035176,LOC120047799,LOC120052951,LOC120056831,LOC120063037,LOC120064266,LOC120066624,mcu,slc24a5,zgc:152951
GO:0043038	amino acid activation	biological_process	5	945	63	34268	2.88	2.981e-02	2.064e-01		LOC120024894,LOC120028061,cars1,nars2,vars2
GO:0098609	cell-cell adhesion	biological_process	27	945	663	34268	1.48	2.987e-02	2.064e-01		LOC120018601,LOC120018906,LOC120019360,LOC120020442,LOC120021179,LOC120026128,LOC120026163,LOC120027434,LOC120028424,LOC120028483,LOC120035641,LOC120046950,LOC120047334,LOC120049060,LOC120050489,LOC120054371,LOC120057499,LOC120062505,LOC120063774,LOC120064520,adgrl1a,clstn2a,fermt3b,hmcn1,igsf21a
GO:0046785	microtubule polymerization	biological_process	4	945	43	34268	3.37	3.031e-02	2.080e-01		LOC120023558,LOC120030968,LOC120030969,LOC120036138
GO:0072348	sulfur compound transport	biological_process	3	945	25	34268	4.35	3.062e-02	2.080e-01		LOC120037234,LOC120038182,LOC120038425
GO:0048013	ephrin receptor signaling pathway	biological_process	3	945	25	34268	4.35	3.062e-02	2.080e-01		LOC120053918,LOC120062749,si:dkey-246i14.3
GO:0045211	postsynaptic membrane	cellular_component	13	945	262	34268	1.8	3.085e-02	2.084e-01		LOC120017966,LOC120018950,LOC120020225,LOC120020235,LOC120028427,LOC120030938,LOC120037100,LOC120039400,LOC120039661,LOC120052253,LOC120062048,clstn2a,shank3a
GO:0007215	glutamate receptor signaling pathway	biological_process	4	945	44	34268	3.3	3.264e-02	2.193e-01		LOC120018950,LOC120051754,LOC120053245,LOC120064874
GO:0035249	synaptic transmission, glutamatergic	biological_process	6	945	87	34268	2.5	3.326e-02	2.222e-01		LOC120024771,LOC120039400,LOC120039661,LOC120052036,LOC120062048,napab
GO:0007099	centriole replication	biological_process	3	945	26	34268	4.18	3.392e-02	2.242e-01		LOC120030968,LOC120030969,cep63
GO:0098534	centriole assembly	biological_process	3	945	26	34268	4.18	3.392e-02	2.242e-01		LOC120030968,LOC120030969,cep63
GO:0006814	sodium ion transport	biological_process	10	945	188	34268	1.93	3.639e-02	2.392e-01	Y	LOC120036199,LOC120036200,LOC120037668,LOC120040568,LOC120041637,LOC120044082,LOC120045655,LOC120046000,asic2,slc9a5
GO:0000149	SNARE binding	molecular_function	11	945	215	34268	1.86	3.705e-02	2.419e-01		LOC120023438,LOC120024255,LOC120024771,LOC120026131,LOC120052036,LOC120064758,LOC120066802,napab,stx12,syt12,vps50
GO:0046875	ephrin receptor binding	molecular_function	3	945	27	34268	4.03	3.740e-02	2.419e-01		LOC120053918,LOC120062749,si:dkey-246i14.3
GO:0009653	anatomical structure morphogenesis	biological_process	38	945	1017	34268	1.35	3.757e-02	2.419e-01		LOC120020574,LOC120022048,LOC120023487,LOC120024355,LOC120026149,LOC120027965,LOC120028305,LOC120028485,LOC120029338,LOC120031821,LOC120033173,LOC120036133,LOC120036309,LOC120037876,LOC120040412,LOC120040415,LOC120041781,LOC120050008,LOC120050435,LOC120050489,LOC120053918,LOC120057208,LOC120059535,LOC120061204,LOC120061638
GO:0005272	sodium channel activity	molecular_function	4	945	46	34268	3.15	3.760e-02	2.419e-01		LOC120037668,LOC120041637,LOC120044082,asic2
GO:0098655	monoatomic cation transmembrane transport	biological_process	28	945	709	34268	1.43	3.813e-02	2.440e-01		LOC120019322,LOC120019351,LOC120019396,LOC120020225,LOC120023897,LOC120032827,LOC120034929,LOC120035599,LOC120036199,LOC120036200,LOC120037668,LOC120040198,LOC120040568,LOC120041637,LOC120044082,LOC120045655,LOC120046271,LOC120056831,LOC120061615,LOC120063037,LOC120063766,LOC120063904,LOC120066624,asic2,kcnd3
GO:0051050	positive regulation of transport	biological_process	7	945	114	34268	2.23	3.872e-02	2.465e-01		LOC120026029,LOC120037668,LOC120041637,LOC120044082,LOC120046000,LOC120056015,wnk1b
GO:0085029	extracellular matrix assembly	biological_process	3	945	28	34268	3.89	4.105e-02	2.600e-01		LOC120037800,LOC120043574,has2
GO:0006811	monoatomic ion transport	biological_process	46	945	1279	34268	1.3	4.159e-02	2.620e-01	Y	LOC120017966,LOC120019322,LOC120019351,LOC120019396,LOC120020225,LOC120022033,LOC120023897,LOC120024364,LOC120025853,LOC120027917,LOC120032256,LOC120032827,LOC120033625,LOC120034929,LOC120035599,LOC120036199,LOC120036200,LOC120037668,LOC120038852,LOC120039661,LOC120040195,LOC120040197,LOC120040198,LOC120040568,LOC120041637
GO:0008360	regulation of cell shape	biological_process	6	945	92	34268	2.36	4.194e-02	2.629e-01		LOC120020574,LOC120022048,LOC120040412,LOC120040415,LOC120059535,LOC120061638
GO:0120035	regulation of plasma membrane bounded cell projection organization	biological_process	13	945	275	34268	1.71	4.278e-02	2.668e-01		LOC120018241,LOC120020574,LOC120022010,LOC120022048,LOC120035934,LOC120036133,LOC120036309,LOC120040412,LOC120040415,LOC120050435,LOC120059535,LOC120061638,rufy3
GO:0051960	regulation of nervous system development	biological_process	12	945	248	34268	1.75	4.343e-02	2.673e-01		LOC120020574,LOC120022048,LOC120028427,LOC120036133,LOC120036309,LOC120040412,LOC120040415,LOC120050435,LOC120059043,LOC120059535,LOC120061638,clstn2a
GO:0031344	regulation of cell projection organization	biological_process	13	945	276	34268	1.71	4.382e-02	2.673e-01		LOC120018241,LOC120020574,LOC120022010,LOC120022048,LOC120035934,LOC120036133,LOC120036309,LOC120040412,LOC120040415,LOC120050435,LOC120059535,LOC120061638,rufy3
GO:0009063	amino acid catabolic process	biological_process	6	945	93	34268	2.34	4.383e-02	2.673e-01		LOC120031947,LOC120035871,LOC120041970,LOC120046526,hpda,shmt2
GO:0005525	GTP binding	molecular_function	32	945	842	34268	1.38	4.384e-02	2.673e-01		LOC120018898,LOC120020237,LOC120024122,LOC120026029,LOC120030633,LOC120031419,LOC120036138,LOC120037247,LOC120037604,LOC120038183,LOC120038195,LOC120038196,LOC120040595,LOC120041180,LOC120041182,LOC120041627,LOC120043843,LOC120044083,LOC120050139,LOC120055618,LOC120056414,LOC120058008,LOC120059741,LOC120061304,LOC120061446
GO:0051592	response to calcium ion	biological_process	5	945	70	34268	2.59	4.399e-02	2.673e-01		LOC120024255,LOC120050996,LOC120064758,LOC120066802,syt12
GO:0005509	calcium ion binding	molecular_function	45	945	1254	34268	1.3	4.481e-02	2.673e-01		LOC120018034,LOC120018601,LOC120018898,LOC120021179,LOC120021188,LOC120023487,LOC120023558,LOC120023624,LOC120023930,LOC120024255,LOC120024771,LOC120025009,LOC120028064,LOC120028424,LOC120028427,LOC120028483,LOC120029132,LOC120029472,LOC120034520,LOC120035610,LOC120038409,LOC120040414,LOC120041100,LOC120042988,LOC120045314
GO:0030168	platelet activation	biological_process	3	945	29	34268	3.75	4.488e-02	2.673e-01		LOC120026163,LOC120039905,fermt3b
GO:0034308	primary alcohol metabolic process	biological_process	3	945	29	34268	3.75	4.488e-02	2.673e-01		LOC120035602,lratb.1,tpk1
GO:0098802	plasma membrane signaling receptor complex	cellular_component	11	945	222	34268	1.8	4.491e-02	2.673e-01		LOC120025260,LOC120027434,LOC120028096,LOC120030938,LOC120036164,LOC120036483,LOC120039400,LOC120039661,LOC120047334,LOC120062048,LOC120064520
GO:0035725	sodium ion transmembrane transport	biological_process	8	945	143	34268	2.03	4.506e-02	2.673e-01		LOC120036199,LOC120036200,LOC120037668,LOC120040568,LOC120041637,LOC120044082,LOC120045655,asic2
GO:0043195	terminal bouton	cellular_component	4	945	49	34268	2.96	4.580e-02	2.704e-01		LOC120024771,LOC120047799,LOC120052036,napab
GO:0001217	DNA-binding transcription repressor activity	molecular_function	5	945	71	34268	2.55	4.629e-02	2.706e-01		LOC120019920,LOC120020665,LOC120032414,LOC120039782,foxp2
GO:0001227	DNA-binding transcription repressor activity, RNA polymerase II-specific	molecular_function	5	945	71	34268	2.55	4.629e-02	2.706e-01		LOC120019920,LOC120020665,LOC120032414,LOC120039782,foxp2
GO:0044306	neuron projection terminus	cellular_component	5	945	72	34268	2.52	4.867e-02	2.818e-01		LOC120020067,LOC120024771,LOC120047799,LOC120052036,napab
GO:0043679	axon terminus	cellular_component	5	945	72	34268	2.52	4.867e-02	2.818e-01		LOC120020067,LOC120024771,LOC120047799,LOC120052036,napab
GO:0005925	focal adhesion	cellular_component	6	945	96	34268	2.27	4.983e-02	2.872e-01		LOC120024469,LOC120026163,LOC120048831,LOC120053907,LOC120054371,LOC120063774
GO:0019001	guanyl nucleotide binding	molecular_function	33	945	885	34268	1.35	5.099e-02	2.924e-01		LOC120018898,LOC120020237,LOC120024122,LOC120026029,LOC120030633,LOC120031419,LOC120036138,LOC120037247,LOC120037604,LOC120038183,LOC120038195,LOC120038196,LOC120040595,LOC120041180,LOC120041182,LOC120041627,LOC120043843,LOC120044083,LOC120050139,LOC120055618,LOC120056414,LOC120058008,LOC120059741,LOC120061304,LOC120061446
GO:0030866	cortical actin cytoskeleton organization	biological_process	4	945	51	34268	2.84	5.178e-02	2.951e-01		LOC120022498,LOC120036648,LOC120064270,fhod3b
GO:0150034	distal axon	cellular_component	6	945	97	34268	2.24	5.193e-02	2.951e-01		LOC120020067,LOC120024771,LOC120047799,LOC120052036,LOC120052232,napab
GO:0015035	protein-disulfide reductase activity	molecular_function	3	945	31	34268	3.51	5.304e-02	2.992e-01		LOC120058068,LOC120064266,enox2
GO:0030312	external encapsulating structure	cellular_component	14	945	313	34268	1.62	5.339e-02	2.992e-01		LOC120017348,LOC120024764,LOC120024775,LOC120038032,LOC120041682,LOC120047802,LOC120052703,LOC120052766,LOC120055372,LOC120064170,LOC120065502,ahsg2,col14a1a,spon1b
GO:0031012	extracellular matrix	cellular_component	14	945	313	34268	1.62	5.339e-02	2.992e-01		LOC120017348,LOC120024764,LOC120024775,LOC120038032,LOC120041682,LOC120047802,LOC120052703,LOC120052766,LOC120055372,LOC120064170,LOC120065502,ahsg2,col14a1a,spon1b
GO:0019205	nucleobase-containing compound kinase activity	molecular_function	4	945	52	34268	2.79	5.492e-02	3.036e-01		LOC120024923,LOC120032120,LOC120041441,nme7
GO:1902656	calcium ion import into cytosol	biological_process	4	945	52	34268	2.79	5.492e-02	3.036e-01		LOC120035599,LOC120045655,LOC120061615,LOC120063904
GO:0098703	calcium ion import across plasma membrane	biological_process	4	945	52	34268	2.79	5.492e-02	3.036e-01		LOC120035599,LOC120045655,LOC120061615,LOC120063904
GO:0010817	regulation of hormone levels	biological_process	6	945	99	34268	2.2	5.630e-02	3.087e-01		LOC120022991,LOC120035602,LOC120047639,LOC120058995,asmt2,lratb.1
GO:0032561	guanyl ribonucleotide binding	molecular_function	32	945	862	34268	1.35	5.656e-02	3.087e-01		LOC120018898,LOC120020237,LOC120024122,LOC120026029,LOC120030633,LOC120031419,LOC120036138,LOC120037247,LOC120037604,LOC120038183,LOC120038195,LOC120038196,LOC120040595,LOC120041180,LOC120041182,LOC120041627,LOC120043843,LOC120044083,LOC120050139,LOC120055618,LOC120056414,LOC120058008,LOC120059741,LOC120061304,LOC120061446
GO:0008289	lipid binding	molecular_function	24	945	614	34268	1.42	5.685e-02	3.087e-01	Y	LOC120024255,LOC120024771,LOC120024927,LOC120027901,LOC120028513,LOC120029472,LOC120033004,LOC120038983,LOC120039504,LOC120041202,LOC120041942,LOC120047350,LOC120047879,LOC120052036,LOC120064511,LOC120064758,LOC120065977,LOC120066802,bin1b,epn3a,esrrga,osbpl3b,syt12,wipi1
GO:0048791	calcium ion-regulated exocytosis of neurotransmitter	biological_process	3	945	32	34268	3.4	5.737e-02	3.087e-01		LOC120024255,LOC120024771,LOC120052036
GO:0051298	centrosome duplication	biological_process	3	945	32	34268	3.4	5.737e-02	3.087e-01		LOC120030968,LOC120030969,cep63
GO:0006506	GPI anchor biosynthetic process	biological_process	3	945	32	34268	3.4	5.737e-02	3.087e-01		LOC120047102,LOC120062235,pigq
GO:0006520	amino acid metabolic process	biological_process	12	945	260	34268	1.67	5.805e-02	3.109e-01		LOC120024894,LOC120028061,LOC120031947,LOC120032643,LOC120035871,LOC120041970,LOC120046526,cars1,hpda,nars2,shmt2,vars2
GO:0006470	protein dephosphorylation	biological_process	13	945	289	34268	1.63	5.889e-02	3.128e-01		LOC120018260,LOC120021657,LOC120032447,LOC120040345,LOC120046022,LOC120050569,LOC120065619,cdc25b,dusp27,ptp4a3b,ptpn12,ptprda,ptprsa
GO:0004674	protein serine/threonine kinase activity	molecular_function	27	945	709	34268	1.38	5.890e-02	3.128e-01		LOC120018241,LOC120020191,LOC120023792,LOC120024298,LOC120025260,LOC120028096,LOC120028305,LOC120029376,LOC120030240,LOC120032405,LOC120036173,LOC120036992,LOC120037194,LOC120040004,LOC120040450,LOC120040633,LOC120043213,LOC120044673,LOC120046000,LOC120046031,LOC120056015,LOC120057678,LOC120059107,LOC120063387,dyrk2
GO:0072341	modified amino acid binding	molecular_function	4	945	54	34268	2.69	6.151e-02	3.252e-01		LOC120024255,LOC120064758,LOC120066802,syt12
GO:0006505	GPI anchor metabolic process	biological_process	3	945	33	34268	3.3	6.187e-02	3.257e-01		LOC120047102,LOC120062235,pigq
GO:0031346	positive regulation of cell projection organization	biological_process	6	945	102	34268	2.13	6.325e-02	3.315e-01		LOC120020574,LOC120022048,LOC120040412,LOC120040415,LOC120059535,LOC120061638
GO:0040012	regulation of locomotion	biological_process	15	945	352	34268	1.55	6.533e-02	3.410e-01		LOC120020574,LOC120022048,LOC120024769,LOC120036133,LOC120036309,LOC120040412,LOC120040415,LOC120050435,LOC120058810,LOC120059075,LOC120059535,LOC120061638,LOC120062019,LOC120065930,plcg1
GO:0022604	regulation of cell morphogenesis	biological_process	6	945	103	34268	2.11	6.568e-02	3.413e-01		LOC120020574,LOC120022048,LOC120040412,LOC120040415,LOC120059535,LOC120061638
GO:0032233	positive regulation of actin filament bundle assembly	biological_process	3	945	34	34268	3.2	6.652e-02	3.413e-01		LOC120041942,LOC120047350,LOC120048021
GO:0007214	gamma-aminobutyric acid signaling pathway	biological_process	3	945	34	34268	3.2	6.652e-02	3.413e-01		LOC120036164,LOC120036483,LOC120061446
GO:0001518	voltage-gated sodium channel complex	cellular_component	3	945	34	34268	3.2	6.652e-02	3.413e-01		LOC120037668,LOC120041637,LOC120044082
GO:0030334	regulation of cell migration	biological_process	14	945	324	34268	1.57	6.691e-02	3.419e-01		LOC120020574,LOC120022048,LOC120036133,LOC120036309,LOC120040412,LOC120040415,LOC120050435,LOC120058810,LOC120059075,LOC120059535,LOC120061638,LOC120062019,LOC120065930,plcg1
GO:1902850	microtubule cytoskeleton organization involved in mitosis	biological_process	6	945	104	34268	2.09	6.816e-02	3.448e-01		LOC120027100,LOC120030968,LOC120030969,LOC120036138,LOC120046061,prc1b
GO:0018205	peptidyl-lysine modification	biological_process	6	945	104	34268	2.09	6.816e-02	3.448e-01		LOC120017820,LOC120020607,LOC120045312,LOC120064172,nsmce2,setd3
GO:0050806	positive regulation of synaptic transmission	biological_process	4	945	56	34268	2.59	6.849e-02	3.448e-01		LOC120020067,LOC120028427,LOC120039400,clstn2a
GO:0050767	regulation of neurogenesis	biological_process	10	945	211	34268	1.72	6.862e-02	3.448e-01		LOC120020574,LOC120022048,LOC120036133,LOC120036309,LOC120040412,LOC120040415,LOC120050435,LOC120059043,LOC120059535,LOC120061638
GO:0140101	catalytic activity, acting on a tRNA	molecular_function	7	945	130	34268	1.95	6.890e-02	3.448e-01		LOC120024894,LOC120028061,LOC120037503,LOC120047348,cars1,nars2,vars2
GO:0005244	voltage-gated monoatomic ion channel activity	molecular_function	15	945	356	34268	1.53	7.043e-02	3.497e-01		LOC120020369,LOC120022033,LOC120035599,LOC120037668,LOC120039400,LOC120040195,LOC120040197,LOC120041637,LOC120041665,LOC120044082,LOC120061615,LOC120063766,LOC120066590,cacna2d3a,kcnd3
GO:0099604	ligand-gated calcium channel activity	molecular_function	3	945	35	34268	3.11	7.132e-02	3.497e-01		LOC120019396,LOC120040198,ryr1b
GO:0004198	calcium-dependent cysteine-type endopeptidase activity	molecular_function	3	945	35	34268	3.11	7.132e-02	3.497e-01		LOC120029132,LOC120029335,LOC120045314
GO:0030336	negative regulation of cell migration	biological_process	3	945	35	34268	3.11	7.132e-02	3.497e-01		LOC120058810,LOC120059535,LOC120065930
GO:0008331	high voltage-gated calcium channel activity	molecular_function	3	945	35	34268	3.11	7.132e-02	3.497e-01		LOC120035599,LOC120061615,LOC120063766
GO:0008028	monocarboxylic acid transmembrane transporter activity	molecular_function	4	945	57	34268	2.54	7.212e-02	3.517e-01		LOC120036181,LOC120037161,LOC120046803,slc16a4
GO:0032879	regulation of localization	biological_process	23	945	600	34268	1.39	7.230e-02	3.517e-01		LOC120019858,LOC120023438,LOC120024255,LOC120026029,LOC120028064,LOC120030938,LOC120037668,LOC120039486,LOC120041637,LOC120042627,LOC120044082,LOC120046000,LOC120050139,LOC120050855,LOC120056015,LOC120059280,LOC120063766,LOC120064758,LOC120066802,caska,gpc5a,syt12,wnk1b
GO:0005543	phospholipid binding	molecular_function	15	945	358	34268	1.52	7.308e-02	3.522e-01	Y	LOC120024255,LOC120024771,LOC120029472,LOC120038983,LOC120041942,LOC120047350,LOC120052036,LOC120064511,LOC120064758,LOC120065977,LOC120066802,bin1b,epn3a,syt12,wipi1
GO:0000070	mitotic sister chromatid segregation	biological_process	5	945	81	34268	2.24	7.321e-02	3.522e-01		LOC120027100,LOC120030968,LOC120030969,LOC120036138,prc1b
GO:0040013	negative regulation of locomotion	biological_process	6	945	106	34268	2.05	7.328e-02	3.522e-01		LOC120036133,LOC120036309,LOC120050435,LOC120058810,LOC120059535,LOC120065930
GO:0051966	regulation of synaptic transmission, glutamatergic	biological_process	4	945	58	34268	2.5	7.586e-02	3.609e-01		LOC120018950,LOC120051754,LOC120053245,LOC120064874
GO:0008146	sulfotransferase activity	molecular_function	6	945	107	34268	2.03	7.592e-02	3.609e-01		LOC120034556,LOC120039875,LOC120052753,LOC120065879,hs6st2,tpst1
GO:0005861	troponin complex	cellular_component	3	945	36	34268	3.02	7.628e-02	3.609e-01		LOC120037876,LOC120039455,LOC120039456
GO:0042383	sarcolemma	cellular_component	5	945	82	34268	2.21	7.628e-02	3.609e-01		LOC120019396,LOC120045655,LOC120063701,LOC120065502,ryr1b
GO:0043197	dendritic spine	cellular_component	6	945	108	34268	2.01	7.861e-02	3.679e-01		LOC120030938,LOC120036176,LOC120037100,LOC120039661,LOC120062048,shank3a
GO:0044309	neuron spine	cellular_component	6	945	108	34268	2.01	7.861e-02	3.679e-01		LOC120030938,LOC120036176,LOC120037100,LOC120039661,LOC120062048,shank3a
GO:0015291	secondary active transmembrane transporter activity	molecular_function	13	945	303	34268	1.56	7.866e-02	3.679e-01		LOC120019322,LOC120023897,LOC120025853,LOC120036064,LOC120037234,LOC120038182,LOC120040568,LOC120041002,LOC120045655,mcu,mfsd2ab,slc24a5,slc9a5
GO:0044282	small molecule catabolic process	biological_process	10	945	217	34268	1.67	7.931e-02	3.684e-01		LOC120019174,LOC120031947,LOC120035871,LOC120036441,LOC120041970,LOC120046526,LOC120063269,ada2b,hpda,shmt2
GO:0010038	response to metal ion	biological_process	5	945	83	34268	2.18	7.943e-02	3.684e-01		LOC120024255,LOC120050996,LOC120064758,LOC120066802,syt12
GO:0097553	calcium ion transmembrane import into cytosol	biological_process	4	945	59	34268	2.46	7.969e-02	3.684e-01		LOC120035599,LOC120045655,LOC120061615,LOC120063904
GO:0022843	voltage-gated monoatomic cation channel activity	molecular_function	13	945	304	34268	1.55	8.021e-02	3.695e-01		LOC120020369,LOC120022033,LOC120035599,LOC120037668,LOC120040195,LOC120040197,LOC120041637,LOC120044082,LOC120061615,LOC120063766,LOC120066590,cacna2d3a,kcnd3
GO:0031594	neuromuscular junction	cellular_component	3	945	37	34268	2.94	8.138e-02	3.708e-01		LOC120024771,LOC120036063,LOC120052036
GO:0007528	neuromuscular junction development	biological_process	3	945	37	34268	2.94	8.138e-02	3.708e-01		LOC120024771,LOC120052036,LOC120063766
GO:0022832	voltage-gated channel activity	molecular_function	15	945	364	34268	1.49	8.141e-02	3.708e-01		LOC120020369,LOC120022033,LOC120035599,LOC120037668,LOC120039400,LOC120040195,LOC120040197,LOC120041637,LOC120041665,LOC120044082,LOC120061615,LOC120063766,LOC120066590,cacna2d3a,kcnd3
GO:0019900	kinase binding	molecular_function	12	945	276	34268	1.58	8.216e-02	3.718e-01		LOC120021988,LOC120030968,LOC120030969,LOC120034741,LOC120035382,LOC120050008,LOC120053472,LOC120058352,cblb,ccny,fbxo7,spred1
GO:0055085	transmembrane transport	biological_process	59	945	1778	34268	1.2	8.226e-02	3.718e-01		LOC120017775,LOC120017966,LOC120019322,LOC120019351,LOC120019396,LOC120020225,LOC120022033,LOC120023897,LOC120024364,LOC120024895,LOC120025853,LOC120027917,LOC120032827,LOC120033625,LOC120034520,LOC120034929,LOC120035599,LOC120036064,LOC120036199,LOC120036200,LOC120037152,LOC120037234,LOC120037668,LOC120038182,LOC120038369
GO:0098797	plasma membrane protein complex	cellular_component	30	945	831	34268	1.31	8.298e-02	3.737e-01		LOC120017775,LOC120020369,LOC120025260,LOC120027434,LOC120028064,LOC120028096,LOC120030938,LOC120035599,LOC120036164,LOC120036483,LOC120037668,LOC120039400,LOC120039661,LOC120040195,LOC120040197,LOC120041637,LOC120044082,LOC120047334,LOC120057967,LOC120061446,LOC120061615,LOC120062048,LOC120063766,LOC120064520,LOC120065502
GO:0032956	regulation of actin cytoskeleton organization	biological_process	12	945	277	34268	1.57	8.385e-02	3.763e-01		LOC120018241,LOC120019141,LOC120036063,LOC120041078,LOC120041942,LOC120043715,LOC120047350,LOC120048021,LOC120062414,LOC120062749,iqgap1,washc5
GO:0030111	regulation of Wnt signaling pathway	biological_process	9	945	192	34268	1.7	8.555e-02	3.811e-01		LOC120026149,LOC120033907,LOC120041190,LOC120049960,LOC120056015,LOC120056549,LOC120058352,ccny,gpc5a
GO:0032970	regulation of actin filament-based process	biological_process	12	945	278	34268	1.57	8.556e-02	3.811e-01		LOC120018241,LOC120019141,LOC120036063,LOC120041078,LOC120041942,LOC120043715,LOC120047350,LOC120048021,LOC120062414,LOC120062749,iqgap1,washc5
GO:0032231	regulation of actin filament bundle assembly	biological_process	3	945	38	34268	2.86	8.662e-02	3.817e-01		LOC120041942,LOC120047350,LOC120048021
GO:0015036	disulfide oxidoreductase activity	molecular_function	3	945	38	34268	2.86	8.662e-02	3.817e-01		LOC120058068,LOC120064266,enox2
GO:2000146	negative regulation of cell motility	biological_process	3	945	38	34268	2.86	8.662e-02	3.817e-01		LOC120058810,LOC120059535,LOC120065930
GO:0042742	defense response to bacterium	biological_process	4	945	61	34268	2.38	8.763e-02	3.847e-01		LOC120031262,LOC120031263,LOC120059075,nod2
GO:0009986	cell surface	cellular_component	18	945	460	34268	1.42	8.864e-02	3.852e-01		LOC120019109,LOC120019858,LOC120022588,LOC120027434,LOC120028427,LOC120035382,LOC120039172,LOC120042766,LOC120044685,LOC120047334,LOC120058068,LOC120059075,LOC120062749,LOC120064503,LOC120064520,clstn2a,enox2,gpc5a
GO:0098793	presynapse	cellular_component	15	945	369	34268	1.47	8.881e-02	3.852e-01		LOC120020067,LOC120024255,LOC120024771,LOC120025115,LOC120040568,LOC120041950,LOC120047799,LOC120052036,LOC120059029,LOC120064511,adgrl1a,bin1b,napab,rab40c,stx12
GO:0000819	sister chromatid segregation	biological_process	5	945	86	34268	2.11	8.927e-02	3.852e-01		LOC120027100,LOC120030968,LOC120030969,LOC120036138,prc1b
GO:0051051	negative regulation of transport	biological_process	5	945	86	34268	2.11	8.927e-02	3.852e-01		LOC120042627,LOC120046000,LOC120050139,LOC120050855,wnk1b
GO:0019901	protein kinase binding	molecular_function	11	945	251	34268	1.59	8.933e-02	3.852e-01		LOC120021988,LOC120030968,LOC120030969,LOC120034741,LOC120035382,LOC120050008,LOC120058352,cblb,ccny,fbxo7,spred1
GO:0022603	regulation of anatomical structure morphogenesis	biological_process	14	945	340	34268	1.49	9.035e-02	3.882e-01		LOC120018241,LOC120019746,LOC120020574,LOC120022048,LOC120035934,LOC120036133,LOC120036309,LOC120040412,LOC120040415,LOC120040508,LOC120050435,LOC120059535,LOC120061638,rufy3
GO:0007169	cell surface receptor protein tyrosine kinase signaling pathway	biological_process	17	945	431	34268	1.43	9.084e-02	3.890e-01		LOC120021988,LOC120025946,LOC120033173,LOC120040854,LOC120041781,LOC120050008,LOC120050848,LOC120051153,LOC120053907,LOC120053918,LOC120062019,LOC120062749,LOC120063465,blk,epha3,ror2,si:dkey-246i14.3
GO:0040007	growth	biological_process	4	945	62	34268	2.34	9.174e-02	3.900e-01	Y	LOC120022048,LOC120027965,LOC120028305,LOC120050435
GO:0048589	developmental growth	biological_process	4	945	62	34268	2.34	9.174e-02	3.900e-01	Y	LOC120022048,LOC120027965,LOC120028305,LOC120050435
GO:0045177	apical part of cell	cellular_component	7	945	140	34268	1.81	9.334e-02	3.955e-01		LOC120019109,LOC120037504,LOC120041233,LOC120042044,LOC120066535,gna12a,slc2a2
GO:0045595	regulation of cell differentiation	biological_process	15	945	373	34268	1.46	9.502e-02	4.012e-01		LOC120020574,LOC120022048,LOC120025342,LOC120026404,LOC120036133,LOC120036309,LOC120037817,LOC120040412,LOC120040415,LOC120041620,LOC120049221,LOC120050435,LOC120059043,LOC120059535,LOC120061638
GO:0140014	mitotic nuclear division	biological_process	5	945	88	34268	2.06	9.617e-02	4.046e-01		LOC120027100,LOC120030968,LOC120030969,LOC120036138,prc1b
GO:2000145	regulation of cell motility	biological_process	14	945	344	34268	1.48	9.692e-02	4.048e-01		LOC120020574,LOC120022048,LOC120036133,LOC120036309,LOC120040412,LOC120040415,LOC120050435,LOC120058810,LOC120059075,LOC120059535,LOC120061638,LOC120062019,LOC120065930,plcg1
GO:0005227	calcium-activated cation channel activity	molecular_function	3	945	40	34268	2.72	9.753e-02	4.048e-01		LOC120017966,LOC120040198,LOC120046058
GO:0180046	GPI anchored protein biosynthesis	biological_process	3	945	40	34268	2.72	9.753e-02	4.048e-01		LOC120047102,LOC120062235,pigq
GO:0019226	transmission of nerve impulse	biological_process	3	945	40	34268	2.72	9.753e-02	4.048e-01		LOC120037668,LOC120041637,LOC120044082
GO:0016324	apical plasma membrane	cellular_component	6	945	115	34268	1.89	9.894e-02	4.092e-01		LOC120019109,LOC120037504,LOC120041233,LOC120042044,LOC120066535,gna12a
GO:0016887	ATP hydrolysis activity	molecular_function	17	945	437	34268	1.41	9.964e-02	4.107e-01		LOC120017775,LOC120020225,LOC120021805,LOC120022333,LOC120026149,LOC120038425,LOC120040277,LOC120047298,LOC120048477,LOC120048528,LOC120050102,LOC120053621,LOC120056831,LOC120063037,LOC120066624,ddx58,ighmbp2
GO:0031109	microtubule polymerization or depolymerization	biological_process	4	945	64	34268	2.27	1.002e-01	4.117e-01		LOC120023558,LOC120030968,LOC120030969,LOC120036138
GO:1901888	regulation of cell junction assembly	biological_process	3	945	41	34268	2.65	1.032e-01	4.196e-01		LOC120028427,LOC120048021,clstn2a
GO:1901379	regulation of potassium ion transmembrane transport	biological_process	3	945	41	34268	2.65	1.032e-01	4.196e-01		LOC120028064,LOC120046000,wnk1b
GO:0030099	myeloid cell differentiation	biological_process	3	945	41	34268	2.65	1.032e-01	4.196e-01		LOC120037969,LOC120053918,pir
GO:0007157	heterophilic cell-cell adhesion	biological_process	4	945	65	34268	2.23	1.046e-01	4.240e-01		LOC120018906,LOC120057499,adgrl1a,igsf21a
GO:0008017	microtubule binding	molecular_function	14	945	350	34268	1.45	1.073e-01	4.315e-01		LOC120020237,LOC120023518,LOC120027100,LOC120033391,LOC120039491,LOC120045717,LOC120051524,LOC120053667,LOC120055618,LOC120058008,mdm1,mtus1a,prc1b,reep3b
GO:0034220	monoatomic ion transmembrane transport	biological_process	31	945	887	34268	1.27	1.075e-01	4.315e-01		LOC120019322,LOC120019351,LOC120019396,LOC120020225,LOC120023897,LOC120032827,LOC120033625,LOC120034929,LOC120035599,LOC120036199,LOC120036200,LOC120037668,LOC120038852,LOC120040198,LOC120040568,LOC120041637,LOC120044082,LOC120045655,LOC120046271,LOC120052253,LOC120056831,LOC120061615,LOC120063037,LOC120063766,LOC120063904
GO:0004435	phosphatidylinositol-4,5-bisphosphate phospholipase C activity	molecular_function	3	945	42	34268	2.59	1.090e-01	4.315e-01		LOC120018034,LOC120023930,plcg1
GO:0004629	C-type glycerophospholipase activity	molecular_function	3	945	42	34268	2.59	1.090e-01	4.315e-01		LOC120018034,LOC120023930,plcg1
GO:0043473	pigmentation	biological_process	3	945	42	34268	2.59	1.090e-01	4.315e-01		LOC120026029,LOC120066770,slc24a5
GO:0003707	nuclear steroid receptor activity	molecular_function	3	945	42	34268	2.59	1.090e-01	4.315e-01		LOC120025770,LOC120027945,esrrga
GO:0030865	cortical cytoskeleton organization	biological_process	4	945	66	34268	2.2	1.091e-01	4.315e-01		LOC120022498,LOC120036648,LOC120064270,fhod3b
GO:1902903	regulation of supramolecular fiber organization	biological_process	11	945	261	34268	1.53	1.093e-01	4.315e-01		LOC120019141,LOC120023518,LOC120036063,LOC120041078,LOC120041942,LOC120043715,LOC120047350,LOC120048021,LOC120053667,LOC120062414,washc5
GO:0051240	positive regulation of multicellular organismal process	biological_process	13	945	323	34268	1.46	1.135e-01	4.411e-01		LOC120020574,LOC120022048,LOC120025342,LOC120028427,LOC120040412,LOC120040415,LOC120044685,LOC120049221,LOC120059043,LOC120059075,LOC120059535,LOC120061638,clstn2a
GO:0051225	spindle assembly	biological_process	4	945	67	34268	2.16	1.136e-01	4.411e-01		LOC120027100,LOC120030968,LOC120030969,prc1b
GO:0051049	regulation of transport	biological_process	20	945	540	34268	1.34	1.139e-01	4.411e-01		LOC120023438,LOC120024255,LOC120026029,LOC120028064,LOC120030938,LOC120037668,LOC120039486,LOC120041637,LOC120042627,LOC120044082,LOC120046000,LOC120050139,LOC120050855,LOC120056015,LOC120063766,LOC120064758,LOC120066802,caska,syt12,wnk1b
GO:0070279	vitamin B6 binding	molecular_function	5	945	93	34268	1.95	1.145e-01	4.411e-01		LOC120032643,LOC120035871,LOC120037969,LOC120041970,shmt2
GO:0030170	pyridoxal phosphate binding	molecular_function	5	945	93	34268	1.95	1.145e-01	4.411e-01		LOC120032643,LOC120035871,LOC120037969,LOC120041970,shmt2
GO:0051258	protein polymerization	biological_process	5	945	93	34268	1.95	1.145e-01	4.411e-01		LOC120023558,LOC120030968,LOC120030969,LOC120036138,washc5
GO:0006029	proteoglycan metabolic process	biological_process	3	945	43	34268	2.53	1.149e-01	4.411e-01		LOC120039875,LOC120052753,LOC120065879
GO:0007338	single fertilization	biological_process	3	945	43	34268	2.53	1.149e-01	4.411e-01		LOC120028155,LOC120031821,LOC120055372
GO:0007051	spindle organization	biological_process	6	945	120	34268	1.81	1.150e-01	4.411e-01		LOC120027100,LOC120030968,LOC120030969,LOC120036138,LOC120046061,prc1b
GO:0098839	postsynaptic density membrane	cellular_component	4	945	68	34268	2.13	1.182e-01	4.521e-01		LOC120018950,LOC120020225,LOC120020235,LOC120039400
GO:0007155	cell adhesion	biological_process	34	945	996	34268	1.24	1.199e-01	4.550e-01		LOC120018601,LOC120018906,LOC120019360,LOC120020442,LOC120021179,LOC120026128,LOC120026163,LOC120027434,LOC120028424,LOC120028483,LOC120035641,LOC120035933,LOC120037245,LOC120041682,LOC120046950,LOC120047334,LOC120049060,LOC120050431,LOC120050489,LOC120054371,LOC120055343,LOC120057499,LOC120062505,LOC120063774,LOC120064520
GO:2000026	regulation of multicellular organismal development	biological_process	15	945	388	34268	1.4	1.207e-01	4.550e-01		LOC120019746,LOC120020574,LOC120022048,LOC120025342,LOC120028427,LOC120036133,LOC120036309,LOC120040412,LOC120040415,LOC120049221,LOC120050435,LOC120059043,LOC120059535,LOC120061638,clstn2a
GO:0043266	regulation of potassium ion transport	biological_process	3	945	44	34268	2.47	1.209e-01	4.550e-01	Y	LOC120028064,LOC120046000,wnk1b
GO:0140142	nucleocytoplasmic carrier activity	molecular_function	3	945	44	34268	2.47	1.209e-01	4.550e-01		LOC120027968,LOC120029988,snupn
GO:0009566	fertilization	biological_process	3	945	44	34268	2.47	1.209e-01	4.550e-01		LOC120028155,LOC120031821,LOC120055372
GO:0019904	protein domain specific binding	molecular_function	7	945	150	34268	1.69	1.220e-01	4.577e-01		LOC120020225,LOC120020235,LOC120028121,LOC120039486,LOC120063037,LOC120066624,cblb
GO:0005544	calcium-dependent phospholipid binding	molecular_function	5	945	95	34268	1.91	1.223e-01	4.577e-01	Y	LOC120024255,LOC120029472,LOC120064758,LOC120066802,syt12
GO:1990782	protein tyrosine kinase binding	molecular_function	4	945	69	34268	2.1	1.229e-01	4.585e-01		LOC120021988,LOC120035382,LOC120050008,cblb
GO:0051493	regulation of cytoskeleton organization	biological_process	15	945	391	34268	1.39	1.263e-01	4.695e-01		LOC120018241,LOC120019141,LOC120023518,LOC120036063,LOC120041078,LOC120041942,LOC120043715,LOC120047350,LOC120048021,LOC120053667,LOC120062414,LOC120062749,iqgap1,mdm1,washc5
GO:0003684	damaged DNA binding	molecular_function	3	945	45	34268	2.42	1.270e-01	4.708e-01		LOC120021135,LOC120035709,LOC120058491
GO:0030672	synaptic vesicle membrane	cellular_component	5	945	97	34268	1.87	1.304e-01	4.803e-01		LOC120024255,LOC120024771,LOC120052036,LOC120059029,stx12
GO:0099501	exocytic vesicle membrane	cellular_component	5	945	97	34268	1.87	1.304e-01	4.803e-01		LOC120024255,LOC120024771,LOC120052036,LOC120059029,stx12
GO:0045229	external encapsulating structure organization	biological_process	7	945	153	34268	1.66	1.314e-01	4.812e-01		LOC120017348,LOC120024764,LOC120024775,LOC120037800,LOC120043574,LOC120052766,has2
GO:0030198	extracellular matrix organization	biological_process	7	945	153	34268	1.66	1.314e-01	4.812e-01		LOC120017348,LOC120024764,LOC120024775,LOC120037800,LOC120043574,LOC120052766,has2
GO:0008092	cytoskeletal protein binding	molecular_function	39	945	1172	34268	1.21	1.321e-01	4.812e-01	Y	LOC120020237,LOC120021805,LOC120022498,LOC120023438,LOC120023490,LOC120023518,LOC120024355,LOC120026163,LOC120027100,LOC120028427,LOC120029844,LOC120030442,LOC120033391,LOC120034101,LOC120036648,LOC120037876,LOC120039491,LOC120041942,LOC120045717,LOC120047350,LOC120048021,LOC120051524,LOC120053354,LOC120053667,LOC120055618
GO:0170035	L-amino acid catabolic process	biological_process	4	945	71	34268	2.04	1.326e-01	4.812e-01		LOC120031947,LOC120046526,hpda,shmt2
GO:0048167	regulation of synaptic plasticity	biological_process	4	945	71	34268	2.04	1.326e-01	4.812e-01		LOC120020067,LOC120030938,LOC120039400,LOC120047799
GO:0022839	monoatomic ion-gated channel activity	molecular_function	3	945	46	34268	2.36	1.332e-01	4.822e-01		LOC120017966,LOC120040198,LOC120046058
GO:0007188	adenylate cyclase-modulating G protein-coupled receptor signaling pathway	biological_process	13	945	333	34268	1.42	1.338e-01	4.829e-01		LOC120020067,LOC120022997,LOC120035610,LOC120038409,LOC120039905,LOC120044084,LOC120045788,LOC120048037,LOC120061204,LOC120061446,adgrl1a,gna12a,si:dkey-100n23.5
GO:0043062	extracellular structure organization	biological_process	7	945	154	34268	1.65	1.346e-01	4.842e-01		LOC120017348,LOC120024764,LOC120024775,LOC120037800,LOC120043574,LOC120052766,has2
GO:0044089	positive regulation of cellular component biogenesis	biological_process	6	945	126	34268	1.73	1.359e-01	4.874e-01		LOC120028427,LOC120041942,LOC120043715,LOC120047350,LOC120048021,clstn2a
GO:0042578	phosphoric ester hydrolase activity	molecular_function	24	945	683	34268	1.27	1.365e-01	4.882e-01		LOC120018034,LOC120018260,LOC120020300,LOC120021657,LOC120023930,LOC120027924,LOC120032447,LOC120040345,LOC120042224,LOC120046022,LOC120050569,LOC120063783,LOC120065619,LOC120066039,cdc25b,dusp27,enpp2,pfkfb4b,plcg1,ptp4a3b,ptpn12,ptprda,ptprsa,tdp2b
GO:0008270	zinc ion binding	molecular_function	43	945	1311	34268	1.19	1.383e-01	4.929e-01		LOC120020742,LOC120025770,LOC120027945,LOC120029395,LOC120029815,LOC120030056,LOC120030057,LOC120030058,LOC120030545,LOC120035701,LOC120035716,LOC120035721,LOC120036387,LOC120038650,LOC120038653,LOC120039807,LOC120040975,LOC120040991,LOC120040993,LOC120041016,LOC120041022,LOC120041027,LOC120042162,LOC120045312,LOC120047004
GO:0030097	hemopoiesis	biological_process	5	945	99	34268	1.83	1.386e-01	4.929e-01		LOC120037817,LOC120037969,LOC120041620,LOC120053918,pir
GO:0007189	adenylate cyclase-activating G protein-coupled receptor signaling pathway	biological_process	10	945	244	34268	1.49	1.394e-01	4.940e-01		LOC120022997,LOC120035610,LOC120038409,LOC120039905,LOC120044084,LOC120045788,LOC120048037,LOC120061204,adgrl1a,si:dkey-100n23.5
GO:0060284	regulation of cell development	biological_process	10	945	245	34268	1.48	1.419e-01	4.962e-01		LOC120020574,LOC120022048,LOC120036133,LOC120036309,LOC120040412,LOC120040415,LOC120050435,LOC120059043,LOC120059535,LOC120061638
GO:0043005	neuron projection	cellular_component	34	945	1015	34268	1.21	1.425e-01	4.962e-01		LOC120018906,LOC120020067,LOC120024255,LOC120024771,LOC120027965,LOC120030240,LOC120030938,LOC120033391,LOC120033625,LOC120034101,LOC120036176,LOC120037100,LOC120037668,LOC120039491,LOC120039661,LOC120040568,LOC120041637,LOC120041781,LOC120044082,LOC120045655,LOC120047799,LOC120050409,LOC120052036,LOC120052232,LOC120052253
GO:0010951	negative regulation of endopeptidase activity	biological_process	4	945	73	34268	1.99	1.425e-01	4.962e-01		LOC120019146,LOC120038032,ahsg2,serpini1
GO:0005814	centriole	cellular_component	4	945	73	34268	1.99	1.425e-01	4.962e-01		LOC120023558,LOC120030968,LOC120030969,cep63
GO:0005201	extracellular matrix structural constituent	molecular_function	4	945	73	34268	1.99	1.425e-01	4.962e-01		LOC120022635,LOC120043281,LOC120050271,LOC120064170
GO:0035082	axoneme assembly	biological_process	4	945	73	34268	1.99	1.425e-01	4.962e-01		LOC120039678,LOC120040161,LOC120044085,LOC120045990
GO:0030276	clathrin binding	molecular_function	5	945	100	34268	1.81	1.428e-01	4.962e-01		LOC120024255,LOC120064758,LOC120066802,epn3a,syt12
GO:0098552	side of membrane	cellular_component	17	945	464	34268	1.33	1.456e-01	5.016e-01		LOC120022588,LOC120027434,LOC120035382,LOC120037504,LOC120041942,LOC120044685,LOC120047334,LOC120047350,LOC120051153,LOC120058068,LOC120059075,LOC120061446,LOC120062749,LOC120064520,blk,enox2,gna12a
GO:0140938	histone H3 methyltransferase activity	molecular_function	3	945	48	34268	2.27	1.460e-01	5.016e-01		LOC120060937,setd2,setd3
GO:0010927	cellular component assembly involved in morphogenesis	biological_process	3	945	48	34268	2.27	1.460e-01	5.016e-01		LOC120031821,LOC120037876,fhod3b
GO:0032989	cellular anatomical entity morphogenesis	biological_process	3	945	48	34268	2.27	1.460e-01	5.016e-01		LOC120031821,LOC120037876,fhod3b
GO:0019842	vitamin binding	molecular_function	7	945	158	34268	1.61	1.478e-01	5.051e-01		LOC120032643,LOC120035871,LOC120037969,LOC120041970,LOC120059013,shmt2,tpk1
GO:0050793	regulation of developmental process	biological_process	23	945	658	34268	1.27	1.479e-01	5.051e-01		LOC120018241,LOC120019746,LOC120020574,LOC120022010,LOC120022048,LOC120025342,LOC120026404,LOC120028427,LOC120035934,LOC120036133,LOC120036309,LOC120037817,LOC120040412,LOC120040415,LOC120040508,LOC120041620,LOC120049221,LOC120050435,LOC120059043,LOC120059535,LOC120061638,clstn2a,rufy3
GO:0004713	protein tyrosine kinase activity	molecular_function	10	945	249	34268	1.46	1.525e-01	5.140e-01		LOC120024469,LOC120033173,LOC120040854,LOC120041781,LOC120048831,LOC120050848,LOC120051153,blk,epha3,ror2
GO:0048015	phosphatidylinositol-mediated signaling	biological_process	3	945	49	34268	2.22	1.526e-01	5.140e-01		LOC120018034,LOC120023930,plcg1
GO:0051261	protein depolymerization	biological_process	3	945	49	34268	2.22	1.526e-01	5.140e-01		LOC120025115,LOC120029844,LOC120041950
GO:0016776	phosphotransferase activity, phosphate group as acceptor	molecular_function	3	945	49	34268	2.22	1.526e-01	5.140e-01		LOC120024923,LOC120032120,nme7
GO:0019005	SCF ubiquitin ligase complex	cellular_component	4	945	75	34268	1.93	1.527e-01	5.140e-01		LOC120027803,LOC120029112,fbxl16,fbxl8
GO:0008021	synaptic vesicle	cellular_component	8	945	189	34268	1.53	1.530e-01	5.140e-01		LOC120024255,LOC120024771,LOC120052036,LOC120059029,LOC120064511,bin1b,rab40c,stx12
GO:0045055	regulated exocytosis	biological_process	6	945	131	34268	1.66	1.545e-01	5.166e-01		LOC120024255,LOC120024771,LOC120052036,LOC120064758,LOC120066802,syt12
GO:0030017	sarcomere	cellular_component	7	945	160	34268	1.59	1.546e-01	5.166e-01		LOC120019396,LOC120037876,LOC120039455,LOC120039456,LOC120060832,LOC120063701,ryr1b
GO:0019199	transmembrane receptor protein kinase activity	molecular_function	8	945	190	34268	1.53	1.562e-01	5.203e-01		LOC120025260,LOC120028096,LOC120033173,LOC120040854,LOC120041781,LOC120050848,epha3,ror2
GO:0170040	proteinogenic amino acid catabolic process	biological_process	4	945	76	34268	1.91	1.580e-01	5.203e-01		LOC120031947,LOC120046526,hpda,shmt2
GO:0140694	membraneless organelle assembly	biological_process	10	945	251	34268	1.44	1.580e-01	5.203e-01		LOC120027100,LOC120030968,LOC120030969,LOC120037876,LOC120043062,LOC120048078,cep63,fhod3b,nip7,prc1b
GO:0030971	receptor tyrosine kinase binding	molecular_function	3	945	50	34268	2.18	1.592e-01	5.203e-01		LOC120021988,LOC120050008,cblb
GO:0170055	lipid transmembrane transporter activity	molecular_function	3	945	50	34268	2.18	1.592e-01	5.203e-01	Y	LOC120036181,LOC120037161,mfsd2ab
GO:0034706	sodium channel complex	cellular_component	3	945	50	34268	2.18	1.592e-01	5.203e-01		LOC120037668,LOC120041637,LOC120044082
GO:0036379	myofilament	cellular_component	3	945	50	34268	2.18	1.592e-01	5.203e-01		LOC120037876,LOC120039455,LOC120039456
GO:0005865	striated muscle thin filament	cellular_component	3	945	50	34268	2.18	1.592e-01	5.203e-01	Y	LOC120037876,LOC120039455,LOC120039456
GO:0140657	ATP-dependent activity	molecular_function	29	945	863	34268	1.22	1.606e-01	5.237e-01		LOC120017775,LOC120020225,LOC120020235,LOC120021805,LOC120022333,LOC120024355,LOC120026149,LOC120034929,LOC120036181,LOC120037161,LOC120038425,LOC120040277,LOC120041376,LOC120043062,LOC120045717,LOC120046271,LOC120047298,LOC120048327,LOC120048477,LOC120048528,LOC120050102,LOC120051524,LOC120053621,LOC120055401,LOC120056831
GO:0045861	negative regulation of proteolysis	biological_process	4	945	77	34268	1.88	1.632e-01	5.293e-01		LOC120019146,LOC120038032,ahsg2,serpini1
GO:0010466	negative regulation of peptidase activity	biological_process	4	945	77	34268	1.88	1.632e-01	5.293e-01		LOC120019146,LOC120038032,ahsg2,serpini1
GO:0061919	process utilizing autophagic mechanism	biological_process	7	945	163	34268	1.56	1.651e-01	5.326e-01		LOC120022969,LOC120022970,LOC120023396,LOC120028305,LOC120057394,fbxo7,wipi1
GO:0006914	autophagy	biological_process	7	945	163	34268	1.56	1.651e-01	5.326e-01		LOC120022969,LOC120022970,LOC120023396,LOC120028305,LOC120057394,fbxo7,wipi1
GO:0043648	dicarboxylic acid metabolic process	biological_process	3	945	51	34268	2.13	1.659e-01	5.334e-01		LOC120032643,LOC120046526,shmt2
GO:0010638	positive regulation of organelle organization	biological_process	6	945	134	34268	1.62	1.662e-01	5.334e-01		LOC120040508,LOC120041942,LOC120043715,LOC120047350,LOC120048021,LOC120063465
GO:1903509	liposaccharide metabolic process	biological_process	4	945	78	34268	1.86	1.686e-01	5.380e-01	Y	LOC120047102,LOC120048861,LOC120062235,pigq
GO:0006664	glycolipid metabolic process	biological_process	4	945	78	34268	1.86	1.686e-01	5.380e-01	Y	LOC120047102,LOC120048861,LOC120062235,pigq
GO:0072583	clathrin-dependent endocytosis	biological_process	3	945	52	34268	2.09	1.727e-01	5.495e-01		LOC120025115,LOC120041950,sgip1a
GO:0001558	regulation of cell growth	biological_process	5	945	107	34268	1.69	1.738e-01	5.495e-01	Y	LOC120036133,LOC120036309,LOC120050435,LOC120056015,si:ch73-330k17.3
GO:0016279	protein-lysine N-methyltransferase activity	molecular_function	4	945	79	34268	1.84	1.740e-01	5.495e-01		LOC120060937,camkmt,setd2,setd3
GO:0016278	lysine N-methyltransferase activity	molecular_function	4	945	79	34268	1.84	1.740e-01	5.495e-01		LOC120060937,camkmt,setd2,setd3
GO:0110053	regulation of actin filament organization	biological_process	9	945	227	34268	1.44	1.773e-01	5.586e-01		LOC120019141,LOC120036063,LOC120041078,LOC120041942,LOC120043715,LOC120047350,LOC120048021,LOC120062414,washc5
GO:0003697	single-stranded DNA binding	molecular_function	4	945	80	34268	1.81	1.794e-01	5.613e-01		LOC120021135,LOC120052445,LOC120063338,tdp2b
GO:0072686	mitotic spindle	cellular_component	3	945	53	34268	2.05	1.796e-01	5.613e-01		LOC120023558,LOC120027100,prc1b
GO:0015459	potassium channel regulator activity	molecular_function	3	945	53	34268	2.05	1.796e-01	5.613e-01		LOC120028064,LOC120046000,wnk1b
GO:0007267	cell-cell signaling	biological_process	20	945	580	34268	1.25	1.826e-01	5.693e-01		LOC120018950,LOC120024255,LOC120024771,LOC120026131,LOC120033625,LOC120036063,LOC120036164,LOC120036483,LOC120039400,LOC120039661,LOC120040568,LOC120047004,LOC120052036,LOC120052253,LOC120061446,LOC120062048,LOC120063766,napab,rapsn,utrn
GO:0052548	regulation of endopeptidase activity	biological_process	4	945	81	34268	1.79	1.850e-01	5.713e-01		LOC120019146,LOC120038032,ahsg2,serpini1
GO:0016791	phosphatase activity	molecular_function	18	945	516	34268	1.26	1.851e-01	5.713e-01		LOC120018260,LOC120020300,LOC120021657,LOC120027924,LOC120032447,LOC120040345,LOC120042224,LOC120046022,LOC120050569,LOC120065619,LOC120066039,cdc25b,dusp27,pfkfb4b,ptp4a3b,ptpn12,ptprda,ptprsa
GO:0030246	carbohydrate binding	molecular_function	8	945	199	34268	1.46	1.858e-01	5.713e-01		LOC120017974,LOC120021735,LOC120036441,LOC120038711,LOC120049540,adgrl1a,chid1,enpp2
GO:0050698	proteoglycan sulfotransferase activity	molecular_function	3	945	54	34268	2.01	1.865e-01	5.713e-01		LOC120034556,LOC120039875,hs6st2
GO:1901682	sulfur compound transmembrane transporter activity	molecular_function	3	945	54	34268	2.01	1.865e-01	5.713e-01		LOC120037234,LOC120038182,LOC120038425
GO:0032452	histone demethylase activity	molecular_function	3	945	54	34268	2.01	1.865e-01	5.713e-01		LOC120036026,LOC120043569,kdm6a
GO:0140457	protein demethylase activity	molecular_function	3	945	54	34268	2.01	1.865e-01	5.713e-01		LOC120036026,LOC120043569,kdm6a
GO:0048646	anatomical structure formation involved in morphogenesis	biological_process	8	945	200	34268	1.45	1.893e-01	5.765e-01		LOC120026149,LOC120031821,LOC120033173,LOC120037876,LOC120050008,LOC120061204,LOC120064520,fhod3b
GO:0016050	vesicle organization	biological_process	10	945	262	34268	1.38	1.896e-01	5.765e-01		LOC120022969,LOC120022970,LOC120023396,LOC120024771,LOC120031821,LOC120036176,LOC120039151,LOC120052036,stx12,washc5
GO:0030424	axon	cellular_component	12	945	325	34268	1.34	1.897e-01	5.765e-01		LOC120020067,LOC120024255,LOC120024771,LOC120027965,LOC120045655,LOC120047799,LOC120052036,LOC120052232,LOC120066770,adgrl1a,hmcn1,napab
GO:0010646	regulation of cell communication	biological_process	51	945	1629	34268	1.14	1.920e-01	5.812e-01		LOC120018241,LOC120018950,LOC120019858,LOC120020067,LOC120023926,LOC120024469,LOC120026149,LOC120027924,LOC120028427,LOC120030938,LOC120031753,LOC120033907,LOC120035382,LOC120037504,LOC120038983,LOC120039400,LOC120039661,LOC120041190,LOC120041481,LOC120047799,LOC120048238,LOC120048831,LOC120049457,LOC120049960,LOC120050139
GO:0007160	cell-matrix adhesion	biological_process	5	945	111	34268	1.63	1.925e-01	5.812e-01		LOC120027434,LOC120041682,LOC120047334,LOC120064520,fermt3b
GO:0009897	external side of plasma membrane	cellular_component	10	945	263	34268	1.38	1.926e-01	5.812e-01		LOC120022588,LOC120027434,LOC120035382,LOC120044685,LOC120047334,LOC120058068,LOC120059075,LOC120062749,LOC120064520,enox2
GO:0016874	ligase activity	molecular_function	9	945	232	34268	1.41	1.932e-01	5.814e-01		LOC120024894,LOC120028061,LOC120036181,LOC120036911,LOC120037161,cars1,nars2,pcca,vars2
GO:0070161	anchoring junction	cellular_component	21	945	619	34268	1.23	1.946e-01	5.843e-01		LOC120018601,LOC120024469,LOC120026163,LOC120028483,LOC120035933,LOC120037245,LOC120048831,LOC120050489,LOC120053907,LOC120054371,LOC120056600,LOC120057499,LOC120057967,LOC120063701,LOC120063774,LOC120066535,caska,fermt3b,igsf21a,mpp2b,mpp6b
GO:0070382	exocytic vesicle	cellular_component	8	945	202	34268	1.44	1.962e-01	5.877e-01		LOC120024255,LOC120024771,LOC120052036,LOC120059029,LOC120064511,bin1b,rab40c,stx12
GO:0005096	GTPase activator activity	molecular_function	11	945	296	34268	1.35	1.971e-01	5.888e-01		LOC120023438,LOC120036494,LOC120037596,LOC120039151,LOC120050996,LOC120055401,LOC120065226,agap1,asap1a,iqgap1,sgsm2
GO:0023051	regulation of signaling	biological_process	51	945	1634	34268	1.13	1.980e-01	5.901e-01		LOC120018241,LOC120018950,LOC120019858,LOC120020067,LOC120023926,LOC120024469,LOC120026149,LOC120027924,LOC120028427,LOC120030938,LOC120031753,LOC120033907,LOC120035382,LOC120037504,LOC120038983,LOC120039400,LOC120039661,LOC120041190,LOC120041481,LOC120047799,LOC120048238,LOC120048831,LOC120049457,LOC120049960,LOC120050139
GO:0031146	SCF-dependent proteasomal ubiquitin-dependent protein catabolic process	biological_process	3	945	56	34268	1.94	2.006e-01	5.924e-01		LOC120027803,fbxl16,fbxl8
GO:0030968	endoplasmic reticulum unfolded protein response	biological_process	3	945	56	34268	1.94	2.006e-01	5.924e-01		LOC120044673,LOC120053472,atf6
GO:0006885	regulation of pH	biological_process	3	945	56	34268	1.94	2.006e-01	5.924e-01		LOC120025853,LOC120052951,slc9a5
GO:1902905	positive regulation of supramolecular fiber organization	biological_process	4	945	84	34268	1.73	2.018e-01	5.924e-01		LOC120041942,LOC120043715,LOC120047350,LOC120048021
GO:0140359	ABC-type transporter activity	molecular_function	4	945	84	34268	1.73	2.018e-01	5.924e-01		LOC120017775,LOC120038425,LOC120040277,LOC120050102
GO:0051650	establishment of vesicle localization	biological_process	5	945	113	34268	1.6	2.022e-01	5.924e-01		LOC120024355,LOC120024771,LOC120026029,LOC120052036,LOC120066770
GO:0048024	regulation of mRNA splicing, via spliceosome	biological_process	5	945	113	34268	1.6	2.022e-01	5.924e-01		LOC120029476,LOC120036314,LOC120051425,LOC120054769,rbfox1
GO:0001525	angiogenesis	biological_process	5	945	114	34268	1.59	2.071e-01	5.930e-01		LOC120026149,LOC120033173,LOC120050008,LOC120061204,LOC120064520
GO:0016836	hydro-lyase activity	molecular_function	4	945	85	34268	1.71	2.076e-01	5.930e-01		ca14,eno1a,eno4,gmds
GO:0052547	regulation of peptidase activity	biological_process	4	945	85	34268	1.71	2.076e-01	5.930e-01		LOC120019146,LOC120038032,ahsg2,serpini1
GO:0032281	AMPA glutamate receptor complex	cellular_component	3	945	57	34268	1.91	2.077e-01	5.930e-01		LOC120030938,LOC120039661,LOC120062048
GO:0016667	oxidoreductase activity, acting on a sulfur group of donors	molecular_function	3	945	57	34268	1.91	2.077e-01	5.930e-01		LOC120058068,LOC120064266,enox2
GO:0072527	pyrimidine-containing compound metabolic process	biological_process	3	945	57	34268	1.91	2.077e-01	5.930e-01		LOC120041441,nme7,tpk1
GO:0009137	purine nucleoside diphosphate catabolic process	biological_process	3	945	57	34268	1.91	2.077e-01	5.930e-01		LOC120036441,eno1a,eno4
GO:0046032	ADP catabolic process	biological_process	3	945	57	34268	1.91	2.077e-01	5.930e-01		LOC120036441,eno1a,eno4
GO:0009181	purine ribonucleoside diphosphate catabolic process	biological_process	3	945	57	34268	1.91	2.077e-01	5.930e-01		LOC120036441,eno1a,eno4
GO:0006096	glycolytic process	biological_process	3	945	57	34268	1.91	2.077e-01	5.930e-01		LOC120036441,eno1a,eno4
GO:0009191	ribonucleoside diphosphate catabolic process	biological_process	3	945	57	34268	1.91	2.077e-01	5.930e-01		LOC120036441,eno1a,eno4
GO:0051648	vesicle localization	biological_process	5	945	115	34268	1.58	2.120e-01	6.001e-01		LOC120024355,LOC120024771,LOC120026029,LOC120052036,LOC120066770
GO:0060828	regulation of canonical Wnt signaling pathway	biological_process	6	945	145	34268	1.5	2.121e-01	6.001e-01		LOC120033907,LOC120041190,LOC120049960,LOC120058352,ccny,gpc5a
GO:0030659	cytoplasmic vesicle membrane	cellular_component	14	945	398	34268	1.28	2.127e-01	6.001e-01		LOC120024255,LOC120024771,LOC120027965,LOC120031821,LOC120036176,LOC120036275,LOC120041350,LOC120052036,LOC120052912,LOC120059029,LOC120059280,epn3a,snx25,stx12
GO:0012506	vesicle membrane	cellular_component	14	945	398	34268	1.28	2.127e-01	6.001e-01		LOC120024255,LOC120024771,LOC120027965,LOC120031821,LOC120036176,LOC120036275,LOC120041350,LOC120052036,LOC120052912,LOC120059029,LOC120059280,epn3a,snx25,stx12
GO:0016311	dephosphorylation	biological_process	14	945	398	34268	1.28	2.127e-01	6.001e-01		LOC120018260,LOC120020300,LOC120021657,LOC120032447,LOC120040345,LOC120046022,LOC120050569,LOC120065619,cdc25b,dusp27,ptp4a3b,ptpn12,ptprda,ptprsa
GO:0036477	somatodendritic compartment	cellular_component	13	945	366	34268	1.29	2.137e-01	6.010e-01		LOC120020067,LOC120030938,LOC120034101,LOC120036176,LOC120037100,LOC120039661,LOC120040568,LOC120047799,LOC120052232,LOC120062048,hmcn1,kcnd3,shank3a
GO:0030016	myofibril	cellular_component	7	945	176	34268	1.44	2.140e-01	6.010e-01		LOC120019396,LOC120037876,LOC120039455,LOC120039456,LOC120060832,LOC120063701,ryr1b
GO:0016917	GABA receptor activity	molecular_function	3	945	58	34268	1.88	2.149e-01	6.022e-01		LOC120033625,LOC120036164,LOC120036483
GO:0051495	positive regulation of cytoskeleton organization	biological_process	4	945	87	34268	1.67	2.192e-01	6.084e-01		LOC120041942,LOC120043715,LOC120047350,LOC120048021
GO:0051346	negative regulation of hydrolase activity	biological_process	4	945	87	34268	1.67	2.192e-01	6.084e-01		LOC120019146,LOC120038032,ahsg2,serpini1
GO:0007219	Notch signaling pathway	biological_process	4	945	87	34268	1.67	2.192e-01	6.084e-01		LOC120052311,LOC120056165,LOC120064518,LOC120066766
GO:0007156	homophilic cell-cell adhesion	biological_process	13	945	368	34268	1.28	2.192e-01	6.084e-01		LOC120018601,LOC120019360,LOC120021179,LOC120028424,LOC120028483,LOC120046950,LOC120049060,LOC120057499,LOC120062505,clstn2a,hmcn1,igsf21a,mdga2a
GO:0009116	nucleoside metabolic process	biological_process	3	945	59	34268	1.84	2.222e-01	6.085e-01		LOC120041441,ada2b,macrod1
GO:0043539	protein serine/threonine kinase activator activity	molecular_function	3	945	59	34268	1.84	2.222e-01	6.085e-01		LOC120053472,LOC120058352,ccny
GO:0009135	purine nucleoside diphosphate metabolic process	biological_process	3	945	59	34268	1.84	2.222e-01	6.085e-01		LOC120036441,eno1a,eno4
GO:0046031	ADP metabolic process	biological_process	3	945	59	34268	1.84	2.222e-01	6.085e-01		LOC120036441,eno1a,eno4
GO:0009179	purine ribonucleoside diphosphate metabolic process	biological_process	3	945	59	34268	1.84	2.222e-01	6.085e-01		LOC120036441,eno1a,eno4
GO:0000422	autophagy of mitochondrion	biological_process	3	945	59	34268	1.84	2.222e-01	6.085e-01		LOC120057394,fbxo7,wipi1
GO:0008328	ionotropic glutamate receptor complex	cellular_component	4	945	88	34268	1.65	2.250e-01	6.121e-01		LOC120030938,LOC120039400,LOC120039661,LOC120062048
GO:0098878	neurotransmitter receptor complex	cellular_component	4	945	88	34268	1.65	2.250e-01	6.121e-01		LOC120030938,LOC120039400,LOC120039661,LOC120062048
GO:0007229	integrin-mediated signaling pathway	biological_process	4	945	88	34268	1.65	2.250e-01	6.121e-01		LOC120027434,LOC120047334,LOC120064520,fermt3b
GO:1901136	carbohydrate derivative catabolic process	biological_process	7	945	179	34268	1.42	2.260e-01	6.133e-01		LOC120021188,LOC120036441,LOC120048861,ada2b,eno1a,eno4,manba
GO:0031122	cytoplasmic microtubule organization	biological_process	3	945	60	34268	1.81	2.295e-01	6.160e-01		LOC120023518,LOC120036138,LOC120053667
GO:0099568	cytoplasmic region	cellular_component	3	945	60	34268	1.81	2.295e-01	6.160e-01		LOC120024771,LOC120047173,LOC120052036
GO:0099738	cell cortex region	cellular_component	3	945	60	34268	1.81	2.295e-01	6.160e-01		LOC120024771,LOC120047173,LOC120052036
GO:0019364	pyridine nucleotide catabolic process	biological_process	3	945	60	34268	1.81	2.295e-01	6.160e-01		LOC120036441,eno1a,eno4
GO:0032451	demethylase activity	molecular_function	3	945	60	34268	1.81	2.295e-01	6.160e-01		LOC120036026,LOC120043569,kdm6a
GO:0016835	carbon-oxygen lyase activity	molecular_function	4	945	89	34268	1.63	2.309e-01	6.171e-01	Y	ca14,eno1a,eno4,gmds
GO:0001578	microtubule bundle formation	biological_process	4	945	89	34268	1.63	2.309e-01	6.171e-01		LOC120039678,LOC120040161,LOC120044085,LOC120045990
GO:0030178	negative regulation of Wnt signaling pathway	biological_process	5	945	119	34268	1.52	2.320e-01	6.186e-01		LOC120026149,LOC120033907,LOC120041190,LOC120049960,LOC120056549
GO:0009100	glycoprotein metabolic process	biological_process	8	945	213	34268	1.36	2.362e-01	6.240e-01		LOC120021188,LOC120032297,LOC120039875,LOC120048047,LOC120052753,LOC120062401,LOC120065879,manba
GO:0009247	glycolipid biosynthetic process	biological_process	3	945	61	34268	1.78	2.368e-01	6.240e-01	Y	LOC120047102,LOC120062235,pigq
GO:0009185	ribonucleoside diphosphate metabolic process	biological_process	3	945	61	34268	1.78	2.368e-01	6.240e-01		LOC120036441,eno1a,eno4
GO:0030295	protein kinase activator activity	molecular_function	4	945	90	34268	1.61	2.368e-01	6.240e-01		LOC120053472,LOC120056015,LOC120058352,ccny
GO:0005874	microtubule	cellular_component	9	945	245	34268	1.33	2.370e-01	6.240e-01		LOC120020237,LOC120023518,LOC120027100,LOC120036138,LOC120036212,LOC120053667,LOC120055618,LOC120058008,reep3b
GO:0098813	nuclear chromosome segregation	biological_process	5	945	120	34268	1.51	2.371e-01	6.240e-01		LOC120027100,LOC120030968,LOC120030969,LOC120036138,prc1b
GO:0048285	organelle fission	biological_process	7	945	182	34268	1.39	2.382e-01	6.241e-01		LOC120027100,LOC120030968,LOC120030969,LOC120036138,LOC120057394,prc1b,washc5
GO:0043292	contractile muscle fiber	cellular_component	7	945	182	34268	1.39	2.382e-01	6.241e-01	Y	LOC120019396,LOC120037876,LOC120039455,LOC120039456,LOC120060832,LOC120063701,ryr1b
GO:0015370	solute:sodium symporter activity	molecular_function	5	945	121	34268	1.5	2.422e-01	6.251e-01		LOC120025853,LOC120036064,LOC120040568,LOC120041002,mfsd2ab
GO:0006399	tRNA metabolic process	biological_process	7	945	183	34268	1.39	2.423e-01	6.251e-01		LOC120024894,LOC120028061,LOC120037503,LOC120047348,cars1,nars2,vars2
GO:0140993	histone modifying activity	molecular_function	7	945	183	34268	1.39	2.423e-01	6.251e-01		LOC120036026,LOC120037573,LOC120043569,LOC120060937,kdm6a,setd2,setd3
GO:0120025	plasma membrane bounded cell projection	cellular_component	44	945	1427	34268	1.12	2.427e-01	6.251e-01		LOC120018906,LOC120020067,LOC120023558,LOC120024255,LOC120024355,LOC120024771,LOC120026163,LOC120027965,LOC120028121,LOC120030240,LOC120030938,LOC120033391,LOC120033625,LOC120034101,LOC120036176,LOC120037100,LOC120037668,LOC120039491,LOC120039661,LOC120039678,LOC120040568,LOC120041078,LOC120041637,LOC120041781,LOC120044082
GO:0099634	postsynaptic specialization membrane	cellular_component	4	945	91	34268	1.59	2.428e-01	6.251e-01		LOC120018950,LOC120020225,LOC120020235,LOC120039400
GO:0004714	transmembrane receptor protein tyrosine kinase activity	molecular_function	6	945	152	34268	1.43	2.433e-01	6.251e-01		LOC120033173,LOC120040854,LOC120041781,LOC120050848,epha3,ror2
GO:0098533	ATPase dependent transmembrane transport complex	cellular_component	3	945	62	34268	1.75	2.442e-01	6.251e-01		LOC120017775,LOC120034929,LOC120046271
GO:0004970	glutamate-gated receptor activity	molecular_function	3	945	62	34268	1.75	2.442e-01	6.251e-01		LOC120039400,LOC120039661,LOC120062048
GO:0072526	pyridine-containing compound catabolic process	biological_process	3	945	62	34268	1.75	2.442e-01	6.251e-01		LOC120036441,eno1a,eno4
GO:0001508	action potential	biological_process	3	945	62	34268	1.75	2.442e-01	6.251e-01		LOC120037668,LOC120041637,LOC120044082
GO:0008305	integrin complex	cellular_component	3	945	62	34268	1.75	2.442e-01	6.251e-01		LOC120027434,LOC120047334,LOC120064520
GO:0051336	regulation of hydrolase activity	biological_process	15	945	444	34268	1.23	2.471e-01	6.311e-01		LOC120019146,LOC120019806,LOC120020574,LOC120022048,LOC120038032,LOC120040412,LOC120040415,LOC120050996,LOC120059535,LOC120061638,LOC120065226,ahsg2,asap1a,iqgap1,serpini1
GO:0051239	regulation of multicellular organismal process	biological_process	25	945	781	34268	1.16	2.502e-01	6.377e-01		LOC120019746,LOC120020574,LOC120022048,LOC120023423,LOC120025342,LOC120028427,LOC120036133,LOC120036309,LOC120037876,LOC120039905,LOC120040407,LOC120040410,LOC120040412,LOC120040415,LOC120042491,LOC120042627,LOC120044685,LOC120049221,LOC120050435,LOC120059043,LOC120059075,LOC120059535,LOC120061638,clstn2a,plcg1
GO:0007098	centrosome cycle	biological_process	3	945	63	34268	1.73	2.516e-01	6.387e-01		LOC120030968,LOC120030969,cep63
GO:0008375	acetylglucosaminyltransferase activity	molecular_function	3	945	63	34268	1.73	2.516e-01	6.387e-01		LOC120041920,LOC120048047,LOC120062401
GO:0004620	glycerophospholipase activity	molecular_function	4	945	93	34268	1.56	2.548e-01	6.455e-01		LOC120018034,LOC120023930,enpp2,plcg1
GO:0015631	tubulin binding	molecular_function	14	945	414	34268	1.23	2.555e-01	6.455e-01		LOC120020237,LOC120023518,LOC120027100,LOC120033391,LOC120039491,LOC120045717,LOC120051524,LOC120053667,LOC120055618,LOC120058008,mdm1,mtus1a,prc1b,reep3b
GO:0030674	protein-macromolecule adaptor activity	molecular_function	10	945	283	34268	1.28	2.567e-01	6.455e-01		LOC120034928,LOC120037100,LOC120041233,LOC120042044,LOC120043715,LOC120044869,napab,rapsn,shank3a,stx12
GO:0097517	contractile actin filament bundle	cellular_component	3	945	64	34268	1.7	2.590e-01	6.455e-01		LOC120023490,LOC120048021,LOC120054371
GO:0001725	stress fiber	cellular_component	3	945	64	34268	1.7	2.590e-01	6.455e-01		LOC120023490,LOC120048021,LOC120054371
GO:0016051	carbohydrate biosynthetic process	biological_process	3	945	64	34268	1.7	2.590e-01	6.455e-01		LOC120042224,LOC120052753,LOC120065879
GO:0033627	cell adhesion mediated by integrin	biological_process	3	945	64	34268	1.7	2.590e-01	6.455e-01		LOC120027434,LOC120047334,LOC120064520
GO:0008037	cell recognition	biological_process	3	945	64	34268	1.7	2.590e-01	6.455e-01		LOC120028485,LOC120055372,LOC120057208
GO:0005604	basement membrane	cellular_component	3	945	64	34268	1.7	2.590e-01	6.455e-01		LOC120041682,LOC120064170,LOC120065502
GO:0019209	kinase activator activity	molecular_function	4	945	94	34268	1.54	2.609e-01	6.488e-01		LOC120053472,LOC120056015,LOC120058352,ccny
GO:0031406	carboxylic acid binding	molecular_function	6	945	156	34268	1.39	2.617e-01	6.495e-01		LOC120039504,LOC120050431,LOC120055343,LOC120062413,shmt2,stab1
GO:0005178	integrin binding	molecular_function	5	945	125	34268	1.45	2.629e-01	6.512e-01		LOC120026163,LOC120027434,LOC120047334,LOC120064520,fermt3b
GO:0032984	protein-containing complex disassembly	biological_process	4	945	95	34268	1.53	2.670e-01	6.586e-01		LOC120025115,LOC120029844,LOC120041950,napab
GO:0055037	recycling endosome	cellular_component	4	945	95	34268	1.53	2.670e-01	6.586e-01		LOC120036063,LOC120066770,stx12,vps50
GO:0008047	enzyme activator activity	molecular_function	16	945	486	34268	1.19	2.698e-01	6.611e-01		LOC120023438,LOC120036494,LOC120037596,LOC120039151,LOC120046850,LOC120050996,LOC120053472,LOC120055401,LOC120056015,LOC120058352,LOC120065226,agap1,asap1a,ccny,iqgap1,sgsm2
GO:0016758	hexosyltransferase activity	molecular_function	10	945	287	34268	1.26	2.704e-01	6.611e-01		LOC120018922,LOC120019384,LOC120019385,LOC120032297,LOC120041920,LOC120047102,LOC120048047,LOC120049410,LOC120062401,has2
GO:0099536	synaptic signaling	biological_process	17	945	520	34268	1.19	2.709e-01	6.611e-01		LOC120018950,LOC120024255,LOC120024771,LOC120026131,LOC120033625,LOC120036063,LOC120039400,LOC120039661,LOC120040568,LOC120047004,LOC120052036,LOC120052253,LOC120062048,LOC120063766,napab,rapsn,utrn
GO:0033043	regulation of organelle organization	biological_process	18	945	554	34268	1.18	2.717e-01	6.611e-01		LOC120018241,LOC120019141,LOC120023518,LOC120036063,LOC120040508,LOC120041078,LOC120041942,LOC120043715,LOC120047350,LOC120048021,LOC120049958,LOC120053667,LOC120062414,LOC120062749,LOC120063465,iqgap1,mdm1,washc5
GO:1901135	carbohydrate derivative metabolic process	biological_process	25	945	792	34268	1.14	2.724e-01	6.611e-01		LOC120021188,LOC120032297,LOC120036441,LOC120039875,LOC120041441,LOC120042224,LOC120047102,LOC120048037,LOC120048047,LOC120048861,LOC120052753,LOC120053339,LOC120062235,LOC120062401,LOC120065879,ada2b,eno1a,eno4,gmds,has2,macrod1,manba,nme7,pfkfb4b,pigq
GO:1901681	sulfur compound binding	molecular_function	4	945	96	34268	1.51	2.731e-01	6.611e-01		LOC120023487,LOC120042627,LOC120059013,tpk1
GO:0007281	germ cell development	biological_process	4	945	96	34268	1.51	2.731e-01	6.611e-01		LOC120031821,LOC120039678,LOC120055372,tdrd12
GO:0170039	proteinogenic amino acid metabolic process	biological_process	5	945	127	34268	1.43	2.735e-01	6.611e-01		LOC120031947,LOC120032643,LOC120046526,hpda,shmt2
GO:0044087	regulation of cellular component biogenesis	biological_process	12	945	354	34268	1.23	2.738e-01	6.611e-01		LOC120019141,LOC120028427,LOC120036063,LOC120041942,LOC120043715,LOC120047350,LOC120048021,LOC120062414,clstn2a,mdm1,napab,pinx1
GO:0042641	actomyosin	cellular_component	3	945	66	34268	1.65	2.740e-01	6.611e-01		LOC120023490,LOC120048021,LOC120054371
GO:0098636	protein complex involved in cell adhesion	cellular_component	3	945	66	34268	1.65	2.740e-01	6.611e-01		LOC120027434,LOC120047334,LOC120064520
GO:0045017	glycerolipid biosynthetic process	biological_process	7	945	191	34268	1.33	2.759e-01	6.618e-01	Y	LOC120025946,LOC120037010,LOC120041635,LOC120044697,LOC120047102,LOC120062235,pigq
GO:0009898	cytoplasmic side of plasma membrane	cellular_component	7	945	191	34268	1.33	2.759e-01	6.618e-01		LOC120037504,LOC120041942,LOC120047350,LOC120051153,LOC120061446,blk,gna12a
GO:0140678	molecular function inhibitor activity	molecular_function	13	945	388	34268	1.21	2.762e-01	6.618e-01		LOC120019146,LOC120025121,LOC120038032,LOC120039446,LOC120040200,LOC120042627,LOC120046000,LOC120048323,ahsg2,birc6,pinx1,serpini1,wnk1b
GO:0016197	endosomal transport	biological_process	9	945	256	34268	1.27	2.765e-01	6.618e-01		LOC120018898,LOC120037916,LOC120040148,LOC120041350,LOC120044890,LOC120066770,ehd2b,grip1,vps50
GO:0007167	enzyme-linked receptor protein signaling pathway	biological_process	20	945	625	34268	1.16	2.796e-01	6.680e-01		LOC120021988,LOC120025260,LOC120025946,LOC120028096,LOC120033173,LOC120040854,LOC120041781,LOC120050008,LOC120050848,LOC120051153,LOC120053339,LOC120053907,LOC120053918,LOC120062019,LOC120062749,LOC120063465,blk,epha3,ror2,si:dkey-246i14.3
GO:0010498	proteasomal protein catabolic process	biological_process	10	945	290	34268	1.25	2.807e-01	6.693e-01		LOC120021188,LOC120027803,LOC120029112,LOC120037315,LOC120040733,LOC120046850,LOC120060832,LOC120064502,fbxl16,fbxl8
GO:0009190	cyclic nucleotide biosynthetic process	biological_process	3	945	67	34268	1.62	2.815e-01	6.699e-01		LOC120044084,LOC120048037,LOC120053339
GO:0045111	intermediate filament cytoskeleton	cellular_component	4	945	98	34268	1.48	2.854e-01	6.704e-01		LOC120036212,LOC120037182,LOC120037495,LOC120063701
GO:0042734	presynaptic membrane	cellular_component	4	945	98	34268	1.48	2.854e-01	6.704e-01		LOC120024771,LOC120040568,LOC120052036,adgrl1a
GO:0022412	cellular process involved in reproduction in multicellular organism	biological_process	4	945	98	34268	1.48	2.854e-01	6.704e-01		LOC120031821,LOC120039678,LOC120055372,tdrd12
GO:0072523	purine-containing compound catabolic process	biological_process	4	945	98	34268	1.48	2.854e-01	6.704e-01		LOC120036441,ada2b,eno1a,eno4
GO:0004866	endopeptidase inhibitor activity	molecular_function	7	945	194	34268	1.31	2.888e-01	6.704e-01		LOC120019146,LOC120038032,LOC120039446,LOC120048323,ahsg2,birc6,serpini1
GO:0031023	microtubule organizing center organization	biological_process	3	945	68	34268	1.6	2.891e-01	6.704e-01		LOC120030968,LOC120030969,cep63
GO:0048841	regulation of axon extension involved in axon guidance	biological_process	3	945	68	34268	1.6	2.891e-01	6.704e-01		LOC120036133,LOC120036309,LOC120050435
GO:0048843	negative regulation of axon extension involved in axon guidance	biological_process	3	945	68	34268	1.6	2.891e-01	6.704e-01		LOC120036133,LOC120036309,LOC120050435
GO:0050922	negative regulation of chemotaxis	biological_process	3	945	68	34268	1.6	2.891e-01	6.704e-01		LOC120036133,LOC120036309,LOC120050435
GO:0030215	semaphorin receptor binding	molecular_function	3	945	68	34268	1.6	2.891e-01	6.704e-01		LOC120036133,LOC120036309,LOC120050435
GO:0006836	neurotransmitter transport	biological_process	5	945	130	34268	1.39	2.894e-01	6.704e-01		LOC120024255,LOC120024771,LOC120026131,LOC120040568,LOC120052036
GO:0015276	ligand-gated monoatomic ion channel activity	molecular_function	12	945	359	34268	1.21	2.895e-01	6.704e-01		LOC120017966,LOC120019396,LOC120033625,LOC120039400,LOC120039661,LOC120040198,LOC120046058,LOC120052253,LOC120062048,asic2,ryr1b,ttyh2
GO:0022834	ligand-gated channel activity	molecular_function	12	945	359	34268	1.21	2.895e-01	6.704e-01		LOC120017966,LOC120019396,LOC120033625,LOC120039400,LOC120039661,LOC120040198,LOC120046058,LOC120052253,LOC120062048,asic2,ryr1b,ttyh2
GO:0046474	glycerophospholipid biosynthetic process	biological_process	6	945	162	34268	1.34	2.900e-01	6.704e-01	Y	LOC120025946,LOC120037010,LOC120044697,LOC120047102,LOC120062235,pigq
GO:0009617	response to bacterium	biological_process	6	945	162	34268	1.34	2.900e-01	6.704e-01		LOC120031262,LOC120031263,LOC120042432,LOC120044685,LOC120059075,nod2
GO:0033365	protein localization to organelle	biological_process	13	945	393	34268	1.2	2.912e-01	6.716e-01		LOC120021805,LOC120024761,LOC120027968,LOC120030968,LOC120030969,LOC120036275,LOC120037916,LOC120040148,LOC120043494,LOC120052912,invs,pphln1,snupn
GO:0050920	regulation of chemotaxis	biological_process	4	945	99	34268	1.47	2.916e-01	6.716e-01		LOC120024769,LOC120036133,LOC120036309,LOC120050435
GO:0008081	phosphoric diester hydrolase activity	molecular_function	6	945	163	34268	1.33	2.948e-01	6.767e-01		LOC120018034,LOC120023930,LOC120063783,enpp2,plcg1,tdp2b
GO:0050919	negative chemotaxis	biological_process	3	945	69	34268	1.58	2.966e-01	6.767e-01		LOC120023487,LOC120036133,LOC120036309
GO:0140238	presynaptic endocytosis	biological_process	3	945	69	34268	1.58	2.966e-01	6.767e-01		LOC120024255,LOC120025115,LOC120041950
GO:0048488	synaptic vesicle endocytosis	biological_process	3	945	69	34268	1.58	2.966e-01	6.767e-01		LOC120024255,LOC120025115,LOC120041950
GO:0032456	endocytic recycling	biological_process	3	945	69	34268	1.58	2.966e-01	6.767e-01		LOC120066770,grip1,vps50
GO:0098796	membrane protein complex	cellular_component	45	945	1498	34268	1.09	2.975e-01	6.769e-01		LOC120017775,LOC120019396,LOC120020369,LOC120023438,LOC120025260,LOC120025946,LOC120027434,LOC120028064,LOC120028096,LOC120030938,LOC120034928,LOC120034929,LOC120035599,LOC120036164,LOC120036483,LOC120037668,LOC120039400,LOC120039661,LOC120040195,LOC120040197,LOC120041637,LOC120044082,LOC120044673,LOC120044869,LOC120046271
GO:0042060	wound healing	biological_process	4	945	100	34268	1.45	2.978e-01	6.769e-01		LOC120026163,LOC120037182,LOC120039905,fermt3b
GO:0061134	peptidase regulator activity	molecular_function	8	945	229	34268	1.27	2.987e-01	6.774e-01		LOC120019146,LOC120038032,LOC120039446,LOC120046850,LOC120048323,ahsg2,birc6,serpini1
GO:0001568	blood vessel development	biological_process	5	945	132	34268	1.37	3.001e-01	6.774e-01		LOC120026149,LOC120033173,LOC120050008,LOC120061204,LOC120064520
GO:0048514	blood vessel morphogenesis	biological_process	5	945	132	34268	1.37	3.001e-01	6.774e-01		LOC120026149,LOC120033173,LOC120050008,LOC120061204,LOC120064520
GO:0046943	carboxylic acid transmembrane transporter activity	molecular_function	10	945	296	34268	1.23	3.018e-01	6.774e-01		LOC120036181,LOC120037161,LOC120037234,LOC120038182,LOC120038369,LOC120039400,LOC120039661,LOC120046803,LOC120062048,slc16a4
GO:0004888	transmembrane signaling receptor activity	molecular_function	54	945	1817	34268	1.08	3.033e-01	6.774e-01		LOC120018886,LOC120018950,LOC120020067,LOC120020574,LOC120022048,LOC120022997,LOC120023811,LOC120025260,LOC120027901,LOC120028096,LOC120028485,LOC120029024,LOC120030475,LOC120033173,LOC120033625,LOC120035610,LOC120036164,LOC120036483,LOC120038409,LOC120038711,LOC120039400,LOC120039661,LOC120039905,LOC120040412,LOC120040415
GO:0042995	cell projection	cellular_component	44	945	1467	34268	1.09	3.037e-01	6.774e-01		LOC120018906,LOC120020067,LOC120023558,LOC120024255,LOC120024355,LOC120024771,LOC120026163,LOC120027965,LOC120028121,LOC120030240,LOC120030938,LOC120033391,LOC120033625,LOC120034101,LOC120036176,LOC120037100,LOC120037668,LOC120039491,LOC120039661,LOC120039678,LOC120040568,LOC120041078,LOC120041637,LOC120041781,LOC120044082
GO:0035967	cellular response to topologically incorrect protein	biological_process	4	945	101	34268	1.44	3.040e-01	6.774e-01		LOC120044673,LOC120053472,LOC120060832,atf6
GO:0045499	chemorepellent activity	molecular_function	3	945	70	34268	1.55	3.042e-01	6.774e-01		LOC120036133,LOC120036309,LOC120050435
GO:0007596	blood coagulation	biological_process	3	945	70	34268	1.55	3.042e-01	6.774e-01		LOC120026163,LOC120039905,fermt3b
GO:0007599	hemostasis	biological_process	3	945	70	34268	1.55	3.042e-01	6.774e-01		LOC120026163,LOC120039905,fermt3b
GO:0050817	coagulation	biological_process	3	945	70	34268	1.55	3.042e-01	6.774e-01		LOC120026163,LOC120039905,fermt3b
GO:0040008	regulation of growth	biological_process	5	945	133	34268	1.36	3.055e-01	6.791e-01	Y	LOC120036133,LOC120036309,LOC120050435,LOC120056015,si:ch73-330k17.3
GO:0031674	I band	cellular_component	4	945	102	34268	1.42	3.102e-01	6.806e-01		LOC120019396,LOC120060832,LOC120063701,ryr1b
GO:0030018	Z disc	cellular_component	4	945	102	34268	1.42	3.102e-01	6.806e-01		LOC120019396,LOC120060832,LOC120063701,ryr1b
GO:0120569	phospholipase activity	molecular_function	4	945	102	34268	1.42	3.102e-01	6.806e-01		LOC120018034,LOC120023930,enpp2,plcg1
GO:0032102	negative regulation of response to external stimulus	biological_process	4	945	102	34268	1.42	3.102e-01	6.806e-01		LOC120036133,LOC120036309,LOC120050435,pparg
GO:0034976	response to endoplasmic reticulum stress	biological_process	4	945	102	34268	1.42	3.102e-01	6.806e-01		LOC120021188,LOC120044673,LOC120053472,atf6
GO:0007417	central nervous system development	biological_process	11	945	332	34268	1.2	3.106e-01	6.806e-01		LOC120025342,LOC120029338,LOC120032755,LOC120035963,LOC120039519,LOC120043725,LOC120046061,LOC120049221,LOC120059043,LOC120065978,aplp2
GO:0050684	regulation of mRNA processing	biological_process	5	945	134	34268	1.35	3.109e-01	6.806e-01		LOC120029476,LOC120036314,LOC120051425,LOC120054769,rbfox1
GO:0036465	synaptic vesicle recycling	biological_process	3	945	71	34268	1.53	3.117e-01	6.806e-01		LOC120024255,LOC120025115,LOC120041950
GO:0005793	endoplasmic reticulum-Golgi intermediate compartment	cellular_component	3	945	71	34268	1.53	3.117e-01	6.806e-01		LOC120021735,LOC120042627,LOC120048047
GO:0042054	histone methyltransferase activity	molecular_function	3	945	71	34268	1.53	3.117e-01	6.806e-01		LOC120060937,setd2,setd3
GO:0050808	synapse organization	biological_process	6	945	167	34268	1.3	3.140e-01	6.843e-01		LOC120024771,LOC120027965,LOC120050489,LOC120052036,LOC120063766,hmcn1
GO:0099643	signal release from synapse	biological_process	4	945	103	34268	1.41	3.165e-01	6.860e-01		LOC120024255,LOC120024771,LOC120026131,LOC120052036
GO:0007269	neurotransmitter secretion	biological_process	4	945	103	34268	1.41	3.165e-01	6.860e-01		LOC120024255,LOC120024771,LOC120026131,LOC120052036
GO:0010506	regulation of autophagy	biological_process	4	945	103	34268	1.41	3.165e-01	6.860e-01		LOC120028305,LOC120043437,bmf2,fbxo7
GO:0098562	cytoplasmic side of membrane	cellular_component	7	945	201	34268	1.26	3.195e-01	6.912e-01		LOC120037504,LOC120041942,LOC120047350,LOC120051153,LOC120061446,blk,gna12a
GO:0031252	cell leading edge	cellular_component	5	945	136	34268	1.33	3.217e-01	6.946e-01		LOC120024355,LOC120026163,LOC120028121,LOC120030938,LOC120041078
GO:0009611	response to wounding	biological_process	4	945	104	34268	1.39	3.227e-01	6.946e-01		LOC120026163,LOC120037182,LOC120039905,fermt3b
GO:0042802	identical protein binding	molecular_function	4	945	104	34268	1.39	3.227e-01	6.946e-01		LOC120018906,LOC120036441,boka,shmt2
GO:0004222	metalloendopeptidase activity	molecular_function	7	945	202	34268	1.26	3.239e-01	6.946e-01		LOC120017348,LOC120024764,LOC120024775,LOC120034770,LOC120052766,LOC120066766,rce1a
GO:0006887	exocytosis	biological_process	7	945	202	34268	1.26	3.239e-01	6.946e-01		LOC120024255,LOC120024771,LOC120052036,LOC120064758,LOC120066770,LOC120066802,syt12
GO:0098978	glutamatergic synapse	cellular_component	3	945	73	34268	1.49	3.269e-01	6.962e-01		LOC120025115,LOC120041950,LOC120046488
GO:0120254	olefinic compound metabolic process	biological_process	3	945	73	34268	1.49	3.269e-01	6.962e-01		LOC120035602,LOC120039976,lratb.1
GO:0030517	negative regulation of axon extension	biological_process	3	945	73	34268	1.49	3.269e-01	6.962e-01		LOC120036133,LOC120036309,LOC120050435
GO:0050771	negative regulation of axonogenesis	biological_process	3	945	73	34268	1.49	3.269e-01	6.962e-01		LOC120036133,LOC120036309,LOC120050435
GO:0005975	carbohydrate metabolic process	biological_process	13	945	405	34268	1.16	3.280e-01	6.973e-01		LOC120021188,LOC120036441,LOC120039875,LOC120042224,LOC120052753,LOC120057599,LOC120065879,chid1,eno1a,eno4,manba,pfkfb4b,pgghg
GO:0001944	vasculature development	biological_process	5	945	138	34268	1.31	3.326e-01	7.000e-01		LOC120026149,LOC120033173,LOC120050008,LOC120061204,LOC120064520
GO:0061135	endopeptidase regulator activity	molecular_function	7	945	204	34268	1.24	3.328e-01	7.000e-01		LOC120019146,LOC120038032,LOC120039446,LOC120048323,ahsg2,birc6,serpini1
GO:0046395	carboxylic acid catabolic process	biological_process	6	945	171	34268	1.27	3.334e-01	7.000e-01		LOC120031947,LOC120035871,LOC120041970,LOC120046526,hpda,shmt2
GO:0005102	signaling receptor binding	molecular_function	35	945	1170	34268	1.08	3.343e-01	7.000e-01		LOC120021988,LOC120023487,LOC120024769,LOC120026163,LOC120027434,LOC120035382,LOC120036133,LOC120036309,LOC120036602,LOC120037100,LOC120041233,LOC120042044,LOC120042627,LOC120047334,LOC120050008,LOC120050435,LOC120050848,LOC120051153,LOC120053339,LOC120053918,LOC120061446,LOC120062019,LOC120062749,LOC120064520,LOC120065978
GO:0051961	negative regulation of nervous system development	biological_process	3	945	74	34268	1.47	3.345e-01	7.000e-01		LOC120036133,LOC120036309,LOC120050435
GO:0050768	negative regulation of neurogenesis	biological_process	3	945	74	34268	1.47	3.345e-01	7.000e-01		LOC120036133,LOC120036309,LOC120050435
GO:1902652	secondary alcohol metabolic process	biological_process	3	945	74	34268	1.47	3.345e-01	7.000e-01		LOC120019174,LOC120035602,LOC120041557
GO:0042803	protein homodimerization activity	molecular_function	3	945	74	34268	1.47	3.345e-01	7.000e-01		LOC120018906,boka,shmt2
GO:0035097	histone methyltransferase complex	cellular_component	3	945	74	34268	1.47	3.345e-01	7.000e-01		LOC120066501,kdm6a,tex10
GO:0065008	regulation of biological quality	biological_process	44	945	1488	34268	1.07	3.378e-01	7.051e-01		LOC120019141,LOC120019351,LOC120020067,LOC120020574,LOC120022048,LOC120022991,LOC120022997,LOC120025853,LOC120026163,LOC120028427,LOC120030938,LOC120033625,LOC120035602,LOC120036063,LOC120036133,LOC120036309,LOC120037668,LOC120039400,LOC120039812,LOC120039905,LOC120040412,LOC120040415,LOC120041637,LOC120043715,LOC120044082
GO:0170033	L-amino acid metabolic process	biological_process	5	945	139	34268	1.3	3.381e-01	7.051e-01		LOC120031947,LOC120032643,LOC120046526,hpda,shmt2
GO:0000226	microtubule cytoskeleton organization	biological_process	17	945	547	34268	1.13	3.420e-01	7.062e-01		LOC120023518,LOC120023558,LOC120027100,LOC120030968,LOC120030969,LOC120033391,LOC120036138,LOC120036992,LOC120039491,LOC120039678,LOC120040161,LOC120044085,LOC120045990,LOC120046061,LOC120053667,cep63,prc1b
GO:0048870	cell motility	biological_process	17	945	547	34268	1.13	3.420e-01	7.062e-01		LOC120019109,LOC120019806,LOC120019858,LOC120024769,LOC120029844,LOC120036133,LOC120036212,LOC120036309,LOC120039678,LOC120041078,LOC120046022,LOC120050435,LOC120053907,LOC120064270,LOC120065978,elmo1,gpc5a
GO:0030308	negative regulation of cell growth	biological_process	3	945	75	34268	1.45	3.420e-01	7.062e-01	Y	LOC120036133,LOC120036309,LOC120050435
GO:0072666	establishment of protein localization to vacuole	biological_process	3	945	75	34268	1.45	3.420e-01	7.062e-01		LOC120024761,LOC120037916,LOC120040148
GO:0000381	regulation of alternative mRNA splicing, via spliceosome	biological_process	3	945	75	34268	1.45	3.420e-01	7.062e-01		LOC120029476,LOC120054769,rbfox1
GO:0006090	pyruvate metabolic process	biological_process	3	945	75	34268	1.45	3.420e-01	7.062e-01		LOC120036441,eno1a,eno4
GO:0042277	peptide binding	molecular_function	5	945	140	34268	1.3	3.435e-01	7.080e-01		LOC120023811,LOC120028427,LOC120036387,LOC120050409,clstn2a
GO:0048585	negative regulation of response to stimulus	biological_process	18	945	583	34268	1.12	3.459e-01	7.117e-01		LOC120019858,LOC120026149,LOC120027924,LOC120033907,LOC120036133,LOC120036309,LOC120041190,LOC120049960,LOC120050435,LOC120050996,LOC120056549,LOC120056600,cblb,deptor,dusp27,minar1,pparg,spred1
GO:0046914	transition metal ion binding	molecular_function	49	945	1670	34268	1.06	3.470e-01	7.127e-01		LOC120017820,LOC120019174,LOC120020742,LOC120025770,LOC120027945,LOC120029395,LOC120029815,LOC120030056,LOC120030057,LOC120030058,LOC120030545,LOC120031947,LOC120035602,LOC120035701,LOC120035716,LOC120035721,LOC120036387,LOC120038650,LOC120038653,LOC120039807,LOC120040975,LOC120040991,LOC120040993,LOC120041016,LOC120041022
GO:0031589	cell-substrate adhesion	biological_process	5	945	141	34268	1.29	3.490e-01	7.156e-01		LOC120027434,LOC120041682,LOC120047334,LOC120064520,fermt3b
GO:0009134	nucleoside diphosphate catabolic process	biological_process	3	945	76	34268	1.43	3.496e-01	7.157e-01		LOC120036441,eno1a,eno4
GO:0035966	response to topologically incorrect protein	biological_process	4	945	109	34268	1.33	3.541e-01	7.232e-01		LOC120044673,LOC120053472,LOC120060832,atf6
GO:0035239	tube morphogenesis	biological_process	5	945	142	34268	1.28	3.544e-01	7.232e-01		LOC120026149,LOC120033173,LOC120050008,LOC120061204,LOC120064520
GO:0006650	glycerophospholipid metabolic process	biological_process	7	945	209	34268	1.21	3.551e-01	7.233e-01	Y	LOC120025946,LOC120037010,LOC120044697,LOC120047102,LOC120062235,enpp2,pigq
GO:0032432	actin filament bundle	cellular_component	3	945	77	34268	1.41	3.572e-01	7.239e-01		LOC120023490,LOC120048021,LOC120054371
GO:0048640	negative regulation of developmental growth	biological_process	3	945	77	34268	1.41	3.572e-01	7.239e-01	Y	LOC120036133,LOC120036309,LOC120050435
GO:0009925	basal plasma membrane	cellular_component	3	945	77	34268	1.41	3.572e-01	7.239e-01		LOC120038425,LOC120050848,caska
GO:0009141	nucleoside triphosphate metabolic process	biological_process	5	945	143	34268	1.27	3.599e-01	7.282e-01		LOC120024923,LOC120036441,eno1a,eno4,nme7
GO:0034330	cell junction organization	biological_process	12	945	381	34268	1.14	3.609e-01	7.290e-01		LOC120024771,LOC120027965,LOC120035933,LOC120037245,LOC120041942,LOC120047350,LOC120050489,LOC120052036,LOC120063766,LOC120063774,hmcn1,muc13b
GO:0070925	organelle assembly	biological_process	18	945	589	34268	1.11	3.618e-01	7.296e-01		LOC120027100,LOC120030968,LOC120030969,LOC120031821,LOC120036212,LOC120037876,LOC120039678,LOC120040161,LOC120043062,LOC120044085,LOC120045990,LOC120048078,cep63,fhod3b,ift80,nip7,prc1b,wipi1
GO:1902532	negative regulation of intracellular signal transduction	biological_process	6	945	177	34268	1.23	3.628e-01	7.304e-01		LOC120050996,LOC120056600,deptor,dusp27,minar1,spred1
GO:0010977	negative regulation of neuron projection development	biological_process	3	945	78	34268	1.39	3.647e-01	7.330e-01		LOC120036133,LOC120036309,LOC120050435
GO:0005254	chloride channel activity	molecular_function	4	945	111	34268	1.31	3.666e-01	7.354e-01		LOC120032107,LOC120038852,LOC120041665,ttyh2
GO:0016042	lipid catabolic process	biological_process	6	945	178	34268	1.22	3.677e-01	7.354e-01	Y	LOC120019174,LOC120023930,LOC120048861,LOC120063269,enpp2,plcg1
GO:0005310	dicarboxylic acid transmembrane transporter activity	molecular_function	5	945	145	34268	1.25	3.709e-01	7.354e-01		LOC120037234,LOC120038182,LOC120039400,LOC120039661,LOC120062048
GO:0009187	cyclic nucleotide metabolic process	biological_process	3	945	79	34268	1.38	3.722e-01	7.354e-01		LOC120044084,LOC120048037,LOC120053339
GO:0045926	negative regulation of growth	biological_process	3	945	79	34268	1.38	3.722e-01	7.354e-01	Y	LOC120036133,LOC120036309,LOC120050435
GO:0072665	protein localization to vacuole	biological_process	3	945	79	34268	1.38	3.722e-01	7.354e-01		LOC120024761,LOC120037916,LOC120040148
GO:0016485	protein processing	biological_process	3	945	79	34268	1.38	3.722e-01	7.354e-01		LOC120047639,LOC120058995,rce1a
GO:0009261	ribonucleotide catabolic process	biological_process	3	945	79	34268	1.38	3.722e-01	7.354e-01		LOC120036441,eno1a,eno4
GO:0009154	purine ribonucleotide catabolic process	biological_process	3	945	79	34268	1.38	3.722e-01	7.354e-01		LOC120036441,eno1a,eno4
GO:0003341	cilium movement	biological_process	3	945	79	34268	1.38	3.722e-01	7.354e-01		LOC120039678,LOC120044085,LOC120045990
GO:0009968	negative regulation of signal transduction	biological_process	14	945	454	34268	1.12	3.732e-01	7.354e-01		LOC120019858,LOC120026149,LOC120027924,LOC120033907,LOC120041190,LOC120049960,LOC120050996,LOC120056549,LOC120056600,cblb,deptor,dusp27,minar1,spred1
GO:0016477	cell migration	biological_process	14	945	454	34268	1.12	3.732e-01	7.354e-01		LOC120019109,LOC120019806,LOC120019858,LOC120024769,LOC120036133,LOC120036212,LOC120036309,LOC120041078,LOC120046022,LOC120050435,LOC120053907,LOC120064270,LOC120065978,gpc5a
GO:0019899	enzyme binding	molecular_function	27	945	909	34268	1.08	3.737e-01	7.354e-01		LOC120019141,LOC120019179,LOC120021988,LOC120023490,LOC120027803,LOC120027968,LOC120029988,LOC120030968,LOC120030969,LOC120034741,LOC120035382,LOC120038032,LOC120040733,LOC120042627,LOC120046022,LOC120050008,LOC120053472,LOC120055372,LOC120058352,LOC120062414,LOC120064502,cblb,ccny,fbxo7,myo16
GO:0043087	regulation of GTPase activity	biological_process	11	945	351	34268	1.14	3.761e-01	7.377e-01		LOC120019806,LOC120020574,LOC120022048,LOC120040412,LOC120040415,LOC120050996,LOC120059535,LOC120061638,LOC120065226,asap1a,iqgap1
GO:0010256	endomembrane system organization	biological_process	11	945	351	34268	1.14	3.761e-01	7.377e-01		LOC120021735,LOC120021805,LOC120031821,LOC120036176,LOC120041942,LOC120043715,LOC120044869,LOC120047298,LOC120059280,reep3b,washc5
GO:0017111	ribonucleoside triphosphate phosphatase activity	molecular_function	33	945	1122	34268	1.07	3.768e-01	7.378e-01		LOC120017775,LOC120020225,LOC120020237,LOC120021805,LOC120022333,LOC120024122,LOC120026029,LOC120026149,LOC120038425,LOC120040277,LOC120040595,LOC120043843,LOC120047298,LOC120048477,LOC120048528,LOC120050102,LOC120050139,LOC120053621,LOC120055618,LOC120056831,LOC120058008,LOC120061304,LOC120061446,LOC120063037,LOC120063050
GO:0097435	supramolecular fiber organization	biological_process	17	945	560	34268	1.1	3.777e-01	7.384e-01		LOC120023518,LOC120023558,LOC120024355,LOC120029844,LOC120030968,LOC120030969,LOC120034101,LOC120036138,LOC120037800,LOC120037876,LOC120043574,LOC120043715,LOC120053667,LOC120066535,elmo1,fhod3b,washc5
GO:0031201	SNARE complex	cellular_component	4	945	113	34268	1.28	3.792e-01	7.386e-01		LOC120023438,LOC120034928,napab,stx12
GO:0022411	cellular component disassembly	biological_process	4	945	113	34268	1.28	3.792e-01	7.386e-01		LOC120025115,LOC120029844,LOC120041950,napab
GO:0050878	regulation of body fluid levels	biological_process	3	945	80	34268	1.36	3.798e-01	7.386e-01		LOC120026163,LOC120039905,fermt3b
GO:0043207	response to external biotic stimulus	biological_process	10	945	318	34268	1.14	3.816e-01	7.386e-01		LOC120031262,LOC120031263,LOC120041259,LOC120042432,LOC120044685,LOC120051153,LOC120058008,LOC120059075,blk,nod2
GO:0051707	response to other organism	biological_process	10	945	318	34268	1.14	3.816e-01	7.386e-01		LOC120031262,LOC120031263,LOC120041259,LOC120042432,LOC120044685,LOC120051153,LOC120058008,LOC120059075,blk,nod2
GO:0030414	peptidase inhibitor activity	molecular_function	7	945	215	34268	1.18	3.821e-01	7.386e-01		LOC120019146,LOC120038032,LOC120039446,LOC120048323,ahsg2,birc6,serpini1
GO:0045216	cell-cell junction organization	biological_process	7	945	215	34268	1.18	3.821e-01	7.386e-01		LOC120035933,LOC120037245,LOC120041942,LOC120047350,LOC120050489,LOC120063774,muc13b
GO:0022407	regulation of cell-cell adhesion	biological_process	4	945	114	34268	1.27	3.854e-01	7.439e-01		LOC120044685,LOC120059075,LOC120062749,fermt3b
GO:0040017	positive regulation of locomotion	biological_process	6	945	182	34268	1.2	3.874e-01	7.466e-01		LOC120024769,LOC120036133,LOC120036309,LOC120050435,LOC120059075,plcg1
GO:0046486	glycerolipid metabolic process	biological_process	9	945	286	34268	1.14	3.914e-01	7.477e-01	Y	LOC120025946,LOC120037010,LOC120041635,LOC120044697,LOC120047102,LOC120058028,LOC120062235,enpp2,pigq
GO:0032880	regulation of protein localization	biological_process	4	945	115	34268	1.26	3.917e-01	7.477e-01		LOC120019858,LOC120023438,LOC120059280,gpc5a
GO:0099537	trans-synaptic signaling	biological_process	15	945	495	34268	1.1	3.918e-01	7.477e-01		LOC120018950,LOC120024255,LOC120024771,LOC120026131,LOC120033625,LOC120036063,LOC120039400,LOC120039661,LOC120040568,LOC120052036,LOC120052253,LOC120062048,LOC120063766,napab,rapsn
GO:0009132	nucleoside diphosphate metabolic process	biological_process	3	945	82	34268	1.33	3.947e-01	7.477e-01		LOC120036441,eno1a,eno4
GO:0001755	neural crest cell migration	biological_process	3	945	82	34268	1.33	3.947e-01	7.477e-01		LOC120036133,LOC120036309,LOC120050435
GO:0090497	mesenchymal cell migration	biological_process	3	945	82	34268	1.33	3.947e-01	7.477e-01		LOC120036133,LOC120036309,LOC120050435
GO:0016079	synaptic vesicle exocytosis	biological_process	3	945	82	34268	1.33	3.947e-01	7.477e-01		LOC120024255,LOC120024771,LOC120052036
GO:0016052	carbohydrate catabolic process	biological_process	3	945	82	34268	1.33	3.947e-01	7.477e-01		LOC120036441,eno1a,eno4
GO:0140297	DNA-binding transcription factor binding	molecular_function	3	945	82	34268	1.33	3.947e-01	7.477e-01		LOC120049432,crtc3,grip1
GO:0010648	negative regulation of cell communication	biological_process	14	945	461	34268	1.1	3.947e-01	7.477e-01		LOC120019858,LOC120026149,LOC120027924,LOC120033907,LOC120041190,LOC120049960,LOC120050996,LOC120056549,LOC120056600,cblb,deptor,dusp27,minar1,spred1
GO:0023057	negative regulation of signaling	biological_process	14	945	461	34268	1.1	3.947e-01	7.477e-01		LOC120019858,LOC120026149,LOC120027924,LOC120033907,LOC120041190,LOC120049960,LOC120050996,LOC120056549,LOC120056600,cblb,deptor,dusp27,minar1,spred1
GO:0098531	ligand-modulated transcription factor activity	molecular_function	5	945	150	34268	1.21	3.982e-01	7.519e-01		LOC120025770,LOC120027945,LOC120033436,esrrga,pparg
GO:0004879	nuclear receptor activity	molecular_function	5	945	150	34268	1.21	3.982e-01	7.519e-01		LOC120025770,LOC120027945,LOC120033436,esrrga,pparg
GO:0098588	bounding membrane of organelle	cellular_component	27	945	921	34268	1.06	3.999e-01	7.534e-01		LOC120019396,LOC120021735,LOC120024255,LOC120024771,LOC120027965,LOC120031821,LOC120036176,LOC120036275,LOC120039875,LOC120040508,LOC120041350,LOC120041665,LOC120044890,LOC120047639,LOC120052036,LOC120052912,LOC120057394,LOC120059029,LOC120059280,boka,epn3a,hpda,napab,ryr1b,sec63
GO:0005856	cytoskeleton	cellular_component	50	945	1741	34268	1.04	4.037e-01	7.534e-01		LOC120020237,LOC120022498,LOC120023490,LOC120023518,LOC120023558,LOC120024298,LOC120024355,LOC120024469,LOC120026163,LOC120027100,LOC120029844,LOC120030442,LOC120030968,LOC120030969,LOC120034101,LOC120036126,LOC120036138,LOC120036212,LOC120036648,LOC120037182,LOC120037495,LOC120037504,LOC120037876,LOC120039455,LOC120039456
GO:0008237	metallopeptidase activity	molecular_function	10	945	324	34268	1.12	4.038e-01	7.534e-01		LOC120017348,LOC120024764,LOC120024775,LOC120034770,LOC120036387,LOC120040888,LOC120048092,LOC120052766,LOC120066766,rce1a
GO:0009607	response to biotic stimulus	biological_process	10	945	324	34268	1.12	4.038e-01	7.534e-01		LOC120031262,LOC120031263,LOC120041259,LOC120042432,LOC120044685,LOC120051153,LOC120058008,LOC120059075,blk,nod2
GO:0035556	intracellular signal transduction	biological_process	42	945	1456	34268	1.05	4.041e-01	7.534e-01		LOC120018034,LOC120018241,LOC120019806,LOC120023930,LOC120024122,LOC120024738,LOC120025770,LOC120029112,LOC120031753,LOC120034101,LOC120034742,LOC120036173,LOC120036176,LOC120036992,LOC120037194,LOC120040004,LOC120042766,LOC120044084,LOC120044673,LOC120046000,LOC120046022,LOC120048037,LOC120048052,LOC120050139,LOC120050996
GO:0008170	N-methyltransferase activity	molecular_function	4	945	117	34268	1.24	4.041e-01	7.534e-01		LOC120060937,camkmt,setd2,setd3
GO:0022898	regulation of transmembrane transporter activity	biological_process	4	945	117	34268	1.24	4.041e-01	7.534e-01		LOC120030938,LOC120046000,LOC120063766,wnk1b
GO:0140098	catalytic activity, acting on RNA	molecular_function	12	945	394	34268	1.1	4.043e-01	7.534e-01		LOC120020421,LOC120024739,LOC120024894,LOC120028061,LOC120036911,LOC120037503,LOC120043062,LOC120044673,LOC120047348,cars1,nars2,vars2
GO:0015171	amino acid transmembrane transporter activity	molecular_function	7	945	220	34268	1.15	4.046e-01	7.534e-01		LOC120037152,LOC120038369,LOC120039400,LOC120039661,LOC120062048,LOC120062169,slc7a2
GO:0015294	solute:monoatomic cation symporter activity	molecular_function	5	945	152	34268	1.19	4.091e-01	7.558e-01		LOC120025853,LOC120036064,LOC120040568,LOC120041002,mfsd2ab
GO:0001817	regulation of cytokine production	biological_process	5	945	152	34268	1.19	4.091e-01	7.558e-01		LOC120023423,LOC120040407,LOC120040410,LOC120042491,LOC120059075
GO:0090090	negative regulation of canonical Wnt signaling pathway	biological_process	3	945	84	34268	1.3	4.096e-01	7.558e-01		LOC120033907,LOC120041190,LOC120049960
GO:0030516	regulation of axon extension	biological_process	3	945	84	34268	1.3	4.096e-01	7.558e-01		LOC120036133,LOC120036309,LOC120050435
GO:0000932	P-body	cellular_component	3	945	84	34268	1.3	4.096e-01	7.558e-01		LOC120043062,LOC120048078,LOC120056600
GO:0045178	basal part of cell	cellular_component	3	945	84	34268	1.3	4.096e-01	7.558e-01		LOC120038425,LOC120050848,caska
GO:0030133	transport vesicle	cellular_component	9	945	292	34268	1.12	4.149e-01	7.602e-01		LOC120024255,LOC120024771,LOC120052036,LOC120059029,LOC120064511,LOC120066770,bin1b,rab40c,stx12
GO:0001775	cell activation	biological_process	4	945	119	34268	1.22	4.166e-01	7.602e-01		LOC120026163,LOC120035382,LOC120039905,fermt3b
GO:0044297	cell body	cellular_component	4	945	119	34268	1.22	4.166e-01	7.602e-01		LOC120040568,LOC120052232,hmcn1,kcnd3
GO:0043025	neuronal cell body	cellular_component	4	945	119	34268	1.22	4.166e-01	7.602e-01		LOC120040568,LOC120052232,hmcn1,kcnd3
GO:0023061	signal release	biological_process	4	945	119	34268	1.22	4.166e-01	7.602e-01		LOC120024255,LOC120024771,LOC120026131,LOC120052036
GO:0019318	hexose metabolic process	biological_process	3	945	85	34268	1.28	4.170e-01	7.602e-01		LOC120036441,LOC120042224,pfkfb4b
GO:0042147	retrograde transport, endosome to Golgi	biological_process	3	945	85	34268	1.28	4.170e-01	7.602e-01		LOC120041350,LOC120044890,vps50
GO:0006195	purine nucleotide catabolic process	biological_process	3	945	85	34268	1.28	4.170e-01	7.602e-01		LOC120036441,eno1a,eno4
GO:0016741	transferase activity, transferring one-carbon groups	molecular_function	8	945	258	34268	1.12	4.187e-01	7.607e-01		LOC120037503,LOC120051524,LOC120060937,asmt2,camkmt,setd2,setd3,shmt2
GO:0099081	supramolecular polymer	cellular_component	18	945	611	34268	1.07	4.211e-01	7.607e-01		LOC120019396,LOC120020237,LOC120023518,LOC120027100,LOC120036138,LOC120036212,LOC120037182,LOC120037495,LOC120037876,LOC120039455,LOC120039456,LOC120053667,LOC120055618,LOC120058008,LOC120060832,LOC120063701,reep3b,ryr1b
GO:0099512	supramolecular fiber	cellular_component	18	945	611	34268	1.07	4.211e-01	7.607e-01		LOC120019396,LOC120020237,LOC120023518,LOC120027100,LOC120036138,LOC120036212,LOC120037182,LOC120037495,LOC120037876,LOC120039455,LOC120039456,LOC120053667,LOC120055618,LOC120058008,LOC120060832,LOC120063701,reep3b,ryr1b
GO:0008654	phospholipid biosynthetic process	biological_process	6	945	189	34268	1.15	4.218e-01	7.607e-01	Y	LOC120025946,LOC120037010,LOC120044697,LOC120047102,LOC120062235,pigq
GO:0098876	vesicle-mediated transport to the plasma membrane	biological_process	4	945	120	34268	1.21	4.228e-01	7.607e-01		LOC120058401,LOC120066770,grip1,vps50
GO:0048863	stem cell differentiation	biological_process	3	945	86	34268	1.26	4.243e-01	7.607e-01		LOC120036133,LOC120036309,LOC120050435
GO:0014032	neural crest cell development	biological_process	3	945	86	34268	1.26	4.243e-01	7.607e-01		LOC120036133,LOC120036309,LOC120050435
GO:0014033	neural crest cell differentiation	biological_process	3	945	86	34268	1.26	4.243e-01	7.607e-01		LOC120036133,LOC120036309,LOC120050435
GO:0048864	stem cell development	biological_process	3	945	86	34268	1.26	4.243e-01	7.607e-01		LOC120036133,LOC120036309,LOC120050435
GO:0034620	cellular response to unfolded protein	biological_process	3	945	86	34268	1.26	4.243e-01	7.607e-01		LOC120044673,LOC120053472,atf6
GO:0099504	synaptic vesicle cycle	biological_process	5	945	155	34268	1.17	4.255e-01	7.607e-01		LOC120024255,LOC120024771,LOC120025115,LOC120041950,LOC120052036
GO:0099003	vesicle-mediated transport in synapse	biological_process	5	945	155	34268	1.17	4.255e-01	7.607e-01		LOC120024255,LOC120024771,LOC120025115,LOC120041950,LOC120052036
GO:0140640	catalytic activity, acting on a nucleic acid	molecular_function	20	945	684	34268	1.06	4.265e-01	7.607e-01		LOC120020421,LOC120024739,LOC120024894,LOC120028061,LOC120036911,LOC120037503,LOC120041376,LOC120043062,LOC120044673,LOC120047348,LOC120048327,LOC120048477,LOC120058491,cars1,enpp2,ighmbp2,nars2,snd1,tdp2b,vars2
GO:0031267	small GTPase binding	molecular_function	6	945	190	34268	1.15	4.267e-01	7.607e-01		LOC120019141,LOC120023490,LOC120027968,LOC120029988,LOC120046022,LOC120062414
GO:0030425	dendrite	cellular_component	9	945	296	34268	1.1	4.305e-01	7.607e-01		LOC120020067,LOC120030938,LOC120034101,LOC120036176,LOC120037100,LOC120039661,LOC120047799,LOC120062048,shank3a
GO:0097447	dendritic tree	cellular_component	9	945	296	34268	1.1	4.305e-01	7.607e-01		LOC120020067,LOC120030938,LOC120034101,LOC120036176,LOC120037100,LOC120039661,LOC120047799,LOC120062048,shank3a
GO:0010008	endosome membrane	cellular_component	5	945	156	34268	1.16	4.309e-01	7.607e-01		LOC120027965,LOC120036176,LOC120041350,LOC120059280,snx25
GO:0001228	DNA-binding transcription activator activity, RNA polymerase II-specific	molecular_function	5	945	156	34268	1.16	4.309e-01	7.607e-01		LOC120032414,LOC120035243,LOC120036755,LOC120040418,LOC120052311
GO:0001216	DNA-binding transcription activator activity	molecular_function	5	945	156	34268	1.16	4.309e-01	7.607e-01		LOC120032414,LOC120035243,LOC120036755,LOC120040418,LOC120052311
GO:0099094	ligand-gated monoatomic cation channel activity	molecular_function	7	945	226	34268	1.12	4.316e-01	7.607e-01		LOC120017966,LOC120019396,LOC120040198,LOC120046058,LOC120052253,asic2,ryr1b
GO:0031345	negative regulation of cell projection organization	biological_process	3	945	87	34268	1.25	4.317e-01	7.607e-01		LOC120036133,LOC120036309,LOC120050435
GO:0060485	mesenchyme development	biological_process	3	945	87	34268	1.25	4.317e-01	7.607e-01		LOC120036133,LOC120036309,LOC120050435
GO:0048762	mesenchymal cell differentiation	biological_process	3	945	87	34268	1.25	4.317e-01	7.607e-01		LOC120036133,LOC120036309,LOC120050435
GO:0008076	voltage-gated potassium channel complex	cellular_component	4	945	122	34268	1.19	4.351e-01	7.639e-01		LOC120028064,LOC120040195,LOC120040197,kcnd3
GO:0005253	monoatomic anion channel activity	molecular_function	4	945	122	34268	1.19	4.351e-01	7.639e-01		LOC120032107,LOC120038852,LOC120041665,ttyh2
GO:0043161	proteasome-mediated ubiquitin-dependent protein catabolic process	biological_process	8	945	262	34268	1.11	4.354e-01	7.639e-01		LOC120027803,LOC120029112,LOC120037315,LOC120040733,LOC120060832,LOC120064502,fbxl16,fbxl8
GO:0044419	biological process involved in interspecies interaction between organisms	biological_process	10	945	333	34268	1.09	4.371e-01	7.659e-01		LOC120031262,LOC120031263,LOC120041259,LOC120042432,LOC120044685,LOC120051153,LOC120058008,LOC120059075,blk,nod2
GO:1904315	transmitter-gated monoatomic ion channel activity involved in regulation of postsynaptic membrane potential	molecular_function	4	945	123	34268	1.18	4.412e-01	7.706e-01		LOC120039400,LOC120039661,LOC120052253,LOC120062048
GO:0009205	purine ribonucleoside triphosphate metabolic process	biological_process	4	945	123	34268	1.18	4.412e-01	7.706e-01		LOC120036441,eno1a,eno4,nme7
GO:0035295	tube development	biological_process	5	945	158	34268	1.15	4.417e-01	7.706e-01		LOC120026149,LOC120033173,LOC120050008,LOC120061204,LOC120064520
GO:0031410	cytoplasmic vesicle	cellular_component	31	945	1084	34268	1.04	4.436e-01	7.728e-01		LOC120021735,LOC120024255,LOC120024355,LOC120024771,LOC120026029,LOC120026131,LOC120027965,LOC120031821,LOC120036063,LOC120036176,LOC120036275,LOC120037916,LOC120040148,LOC120041350,LOC120042627,LOC120050569,LOC120052036,LOC120052912,LOC120059029,LOC120059280,LOC120064511,LOC120066770,LOC120066802,bin1b,epn3a
GO:0030855	epithelial cell differentiation	biological_process	3	945	89	34268	1.22	4.462e-01	7.740e-01		LOC120022751,LOC120024355,cep63
GO:0060341	regulation of cellular localization	biological_process	3	945	89	34268	1.22	4.462e-01	7.740e-01		LOC120019858,LOC120056015,gpc5a
GO:0010721	negative regulation of cell development	biological_process	3	945	89	34268	1.22	4.462e-01	7.740e-01		LOC120036133,LOC120036309,LOC120050435
GO:0097708	intracellular vesicle	cellular_component	31	945	1087	34268	1.03	4.498e-01	7.788e-01		LOC120021735,LOC120024255,LOC120024355,LOC120024771,LOC120026029,LOC120026131,LOC120027965,LOC120031821,LOC120036063,LOC120036176,LOC120036275,LOC120037916,LOC120040148,LOC120041350,LOC120042627,LOC120050569,LOC120052036,LOC120052912,LOC120059029,LOC120059280,LOC120064511,LOC120066770,LOC120066802,bin1b,epn3a
GO:0051020	GTPase binding	molecular_function	6	945	195	34268	1.12	4.511e-01	7.788e-01		LOC120019141,LOC120023490,LOC120027968,LOC120029988,LOC120046022,LOC120062414
GO:0004857	enzyme inhibitor activity	molecular_function	10	945	337	34268	1.08	4.519e-01	7.788e-01		LOC120019146,LOC120025121,LOC120038032,LOC120039446,LOC120040200,LOC120048323,ahsg2,birc6,pinx1,serpini1
GO:0043086	negative regulation of catalytic activity	biological_process	5	945	160	34268	1.13	4.524e-01	7.788e-01		LOC120019146,LOC120038032,ahsg2,cblb,serpini1
GO:0061387	regulation of extent of cell growth	biological_process	3	945	90	34268	1.21	4.534e-01	7.788e-01	Y	LOC120036133,LOC120036309,LOC120050435
GO:0004527	exonuclease activity	molecular_function	3	945	90	34268	1.21	4.534e-01	7.788e-01		LOC120020421,LOC120024739,enpp2
GO:0009895	negative regulation of catabolic process	biological_process	3	945	90	34268	1.21	4.534e-01	7.788e-01		LOC120038032,bmf2,larp1
GO:0008757	S-adenosylmethionine-dependent methyltransferase activity	molecular_function	6	945	196	34268	1.11	4.559e-01	7.819e-01		LOC120037503,LOC120060937,asmt2,camkmt,setd2,setd3
GO:0009056	catabolic process	biological_process	45	945	1594	34268	1.02	4.573e-01	7.832e-01		LOC120019174,LOC120020421,LOC120021188,LOC120022969,LOC120022970,LOC120023396,LOC120023930,LOC120024739,LOC120026149,LOC120027803,LOC120028305,LOC120029112,LOC120031947,LOC120035871,LOC120035934,LOC120036387,LOC120036441,LOC120037315,LOC120037910,LOC120037916,LOC120040148,LOC120040733,LOC120041970,LOC120046526,LOC120046850
GO:0009144	purine nucleoside triphosphate metabolic process	biological_process	4	945	126	34268	1.15	4.595e-01	7.847e-01		LOC120036441,eno1a,eno4,nme7
GO:0060090	molecular adaptor activity	molecular_function	11	945	375	34268	1.06	4.604e-01	7.847e-01		LOC120034928,LOC120037100,LOC120041233,LOC120042044,LOC120043715,LOC120043843,LOC120044869,napab,rapsn,shank3a,stx12
GO:0034708	methyltransferase complex	cellular_component	3	945	91	34268	1.2	4.606e-01	7.847e-01		LOC120066501,kdm6a,tex10
GO:0043177	organic acid binding	molecular_function	6	945	197	34268	1.1	4.607e-01	7.847e-01		LOC120039504,LOC120050431,LOC120055343,LOC120062413,shmt2,stab1
GO:0005813	centrosome	cellular_component	7	945	233	34268	1.09	4.628e-01	7.866e-01		LOC120023558,LOC120030968,LOC120030969,LOC120036138,LOC120036212,ift80,nme7
GO:0006575	modified amino acid metabolic process	biological_process	5	945	162	34268	1.12	4.631e-01	7.866e-01		LOC120022991,LOC120046279,LOC120064266,mthfd2l,shmt2
GO:0008276	protein methyltransferase activity	molecular_function	4	945	127	34268	1.14	4.656e-01	7.896e-01		LOC120060937,camkmt,setd2,setd3
GO:0005768	endosome	cellular_component	15	945	520	34268	1.05	4.663e-01	7.897e-01		LOC120027965,LOC120036063,LOC120036176,LOC120037916,LOC120040148,LOC120041350,LOC120042627,LOC120059280,LOC120066770,epn3a,rab40c,snx25,stx12,vps50,washc5
GO:0009755	hormone-mediated signaling pathway	biological_process	3	945	92	34268	1.18	4.677e-01	7.899e-01		LOC120025770,LOC120043284,pparg
GO:0000280	nuclear division	biological_process	5	945	163	34268	1.11	4.685e-01	7.899e-01		LOC120027100,LOC120030968,LOC120030969,LOC120036138,prc1b
GO:0061061	muscle structure development	biological_process	4	945	128	34268	1.13	4.716e-01	7.899e-01	Y	LOC120037876,LOC120063701,LOC120065502,fhod3b
GO:0005911	cell-cell junction	cellular_component	15	945	522	34268	1.04	4.722e-01	7.899e-01		LOC120018601,LOC120028483,LOC120035933,LOC120037245,LOC120050489,LOC120056600,LOC120057499,LOC120057967,LOC120063701,LOC120063774,LOC120066535,caska,igsf21a,mpp2b,mpp6b
GO:0004175	endopeptidase activity	molecular_function	18	945	630	34268	1.04	4.727e-01	7.899e-01		LOC120017348,LOC120024412,LOC120024764,LOC120024775,LOC120028155,LOC120029132,LOC120029335,LOC120032273,LOC120034770,LOC120045314,LOC120047639,LOC120052766,LOC120058995,LOC120063949,LOC120064172,LOC120066766,rce1a,rhbdl1
GO:0030658	transport vesicle membrane	cellular_component	5	945	164	34268	1.11	4.738e-01	7.899e-01		LOC120024255,LOC120024771,LOC120052036,LOC120059029,stx12
GO:0015293	symporter activity	molecular_function	5	945	164	34268	1.11	4.738e-01	7.899e-01		LOC120025853,LOC120036064,LOC120040568,LOC120041002,mfsd2ab
GO:0030335	positive regulation of cell migration	biological_process	5	945	164	34268	1.11	4.738e-01	7.899e-01		LOC120036133,LOC120036309,LOC120050435,LOC120059075,plcg1
GO:0001667	ameboidal-type cell migration	biological_process	3	945	93	34268	1.17	4.748e-01	7.899e-01		LOC120036133,LOC120036309,LOC120050435
GO:0050658	RNA transport	biological_process	3	945	93	34268	1.17	4.748e-01	7.899e-01		LOC120029988,LOC120057138,snupn
GO:0051236	establishment of RNA localization	biological_process	3	945	93	34268	1.17	4.748e-01	7.899e-01		LOC120029988,LOC120057138,snupn
GO:0050657	nucleic acid transport	biological_process	3	945	93	34268	1.17	4.748e-01	7.899e-01		LOC120029988,LOC120057138,snupn
GO:0031032	actomyosin structure organization	biological_process	3	945	93	34268	1.17	4.748e-01	7.899e-01		LOC120024298,LOC120037876,fhod3b
GO:0007264	small GTPase-mediated signal transduction	biological_process	9	945	308	34268	1.06	4.773e-01	7.911e-01		LOC120024122,LOC120036176,LOC120042766,LOC120046022,LOC120048052,LOC120050139,LOC120061304,LOC120063050,gna12a
GO:0030163	protein catabolic process	biological_process	18	945	632	34268	1.03	4.781e-01	7.911e-01		LOC120021188,LOC120026149,LOC120027803,LOC120029112,LOC120035934,LOC120037315,LOC120037910,LOC120037916,LOC120040148,LOC120040733,LOC120046850,LOC120048863,LOC120060832,LOC120064502,fbxl16,fbxl8,lnx1,manba
GO:0007268	chemical synaptic transmission	biological_process	14	945	488	34268	1.04	4.782e-01	7.911e-01		LOC120024255,LOC120024771,LOC120026131,LOC120033625,LOC120036063,LOC120039400,LOC120039661,LOC120040568,LOC120052036,LOC120052253,LOC120062048,LOC120063766,napab,rapsn
GO:0098916	anterograde trans-synaptic signaling	biological_process	14	945	488	34268	1.04	4.782e-01	7.911e-01		LOC120024255,LOC120024771,LOC120026131,LOC120033625,LOC120036063,LOC120039400,LOC120039661,LOC120040568,LOC120052036,LOC120052253,LOC120062048,LOC120063766,napab,rapsn
GO:0006986	response to unfolded protein	biological_process	3	945	94	34268	1.16	4.819e-01	7.962e-01		LOC120044673,LOC120053472,atf6
GO:0006906	vesicle fusion	biological_process	4	945	130	34268	1.12	4.836e-01	7.978e-01		LOC120022969,LOC120022970,LOC120023396,stx12
GO:0072659	protein localization to plasma membrane	biological_process	5	945	166	34268	1.09	4.844e-01	7.981e-01		LOC120041233,LOC120042044,LOC120066770,grip1,rab40c
GO:0019838	growth factor binding	molecular_function	3	945	95	34268	1.15	4.889e-01	8.019e-01	Y	LOC120019858,LOC120042766,si:ch73-330k17.3
GO:0008509	monoatomic anion transmembrane transporter activity	molecular_function	6	945	203	34268	1.07	4.895e-01	8.019e-01		LOC120025853,LOC120032107,LOC120038852,LOC120040568,LOC120041665,ttyh2
GO:0015108	chloride transmembrane transporter activity	molecular_function	5	945	167	34268	1.09	4.896e-01	8.019e-01		LOC120032107,LOC120038852,LOC120040568,LOC120041665,ttyh2
GO:0043484	regulation of RNA splicing	biological_process	5	945	167	34268	1.09	4.896e-01	8.019e-01		LOC120029476,LOC120036314,LOC120051425,LOC120054769,rbfox1
GO:0016818	hydrolase activity, acting on acid anhydrides, in phosphorus-containing anhydrides	molecular_function	34	945	1215	34268	1.01	4.900e-01	8.019e-01		LOC120017775,LOC120020225,LOC120020237,LOC120021805,LOC120022333,LOC120024122,LOC120026029,LOC120026149,LOC120038425,LOC120040277,LOC120040595,LOC120043843,LOC120047298,LOC120048477,LOC120048528,LOC120050102,LOC120050139,LOC120053621,LOC120055618,LOC120056831,LOC120058008,LOC120061304,LOC120061446,LOC120063037,LOC120063050
GO:0072359	circulatory system development	biological_process	8	945	276	34268	1.05	4.932e-01	8.060e-01		LOC120026149,LOC120028096,LOC120033173,LOC120050008,LOC120061204,LOC120064520,fhod3b,kdm6a
GO:0016817	hydrolase activity, acting on acid anhydrides	molecular_function	34	945	1217	34268	1.01	4.939e-01	8.061e-01		LOC120017775,LOC120020225,LOC120020237,LOC120021805,LOC120022333,LOC120024122,LOC120026029,LOC120026149,LOC120038425,LOC120040277,LOC120040595,LOC120043843,LOC120047298,LOC120048477,LOC120048528,LOC120050102,LOC120050139,LOC120053621,LOC120055618,LOC120056831,LOC120058008,LOC120061304,LOC120061446,LOC120063037,LOC120063050
GO:0090174	organelle membrane fusion	biological_process	4	945	132	34268	1.1	4.954e-01	8.072e-01		LOC120022969,LOC120022970,LOC120023396,stx12
GO:0005882	intermediate filament	cellular_component	3	945	96	34268	1.13	4.959e-01	8.072e-01		LOC120037182,LOC120037495,LOC120063701
GO:0051259	protein complex oligomerization	biological_process	5	945	169	34268	1.07	5.001e-01	8.130e-01		LOC120056626,cd74a,crtc3,kcnd3,shmt2
GO:0004722	protein serine/threonine phosphatase activity	molecular_function	3	945	97	34268	1.12	5.028e-01	8.152e-01		LOC120018260,LOC120032447,LOC120066039
GO:0009166	nucleotide catabolic process	biological_process	3	945	97	34268	1.12	5.028e-01	8.152e-01		LOC120036441,eno1a,eno4
GO:0046434	organophosphate catabolic process	biological_process	5	945	170	34268	1.07	5.053e-01	8.174e-01		LOC120036441,eno1a,eno4,enpp2,plcg1
GO:0061659	ubiquitin-like protein ligase activity	molecular_function	11	945	388	34268	1.03	5.055e-01	8.174e-01		LOC120024150,LOC120035934,LOC120038274,LOC120045312,LOC120048863,LOC120056165,LOC120060832,LOC120064518,cblb,nsmce2,peli3
GO:0005996	monosaccharide metabolic process	biological_process	3	945	98	34268	1.11	5.096e-01	8.191e-01		LOC120036441,LOC120042224,pfkfb4b
GO:0006403	RNA localization	biological_process	3	945	98	34268	1.11	5.096e-01	8.191e-01		LOC120029988,LOC120057138,snupn
GO:0140352	export from cell	biological_process	10	945	353	34268	1.03	5.102e-01	8.191e-01		LOC120024255,LOC120024771,LOC120026131,LOC120042547,LOC120052036,LOC120064758,LOC120066770,LOC120066802,kcnd3,syt12
GO:0000287	magnesium ion binding	molecular_function	5	945	171	34268	1.06	5.104e-01	8.191e-01		LOC120041557,LOC120047298,LOC120053621,eno1a,eno4
GO:0003714	transcription corepressor activity	molecular_function	5	945	171	34268	1.06	5.104e-01	8.191e-01		LOC120040092,LOC120049960,LOC120056600,LOC120056723,LOC120061508
GO:0009605	response to external stimulus	biological_process	15	945	535	34268	1.02	5.106e-01	8.191e-01		LOC120023487,LOC120024769,LOC120031262,LOC120031263,LOC120036133,LOC120036309,LOC120039812,LOC120041259,LOC120042432,LOC120044685,LOC120051153,LOC120058008,LOC120059075,blk,nod2
GO:0032940	secretion by cell	biological_process	9	945	317	34268	1.03	5.117e-01	8.198e-01		LOC120024255,LOC120024771,LOC120026131,LOC120042547,LOC120052036,LOC120064758,LOC120066770,LOC120066802,syt12
GO:0031966	mitochondrial membrane	cellular_component	11	945	390	34268	1.02	5.124e-01	8.198e-01		LOC120032827,LOC120035602,LOC120037234,LOC120038182,LOC120040508,LOC120057394,adck1,boka,chchd3a,mcu,shmt2
GO:0051213	dioxygenase activity	molecular_function	4	945	136	34268	1.07	5.188e-01	8.263e-01	Y	LOC120036026,hpda,kdm6a,pir
GO:0022824	transmitter-gated monoatomic ion channel activity	molecular_function	4	945	136	34268	1.07	5.188e-01	8.263e-01		LOC120039400,LOC120039661,LOC120052253,LOC120062048
GO:0022835	transmitter-gated channel activity	molecular_function	4	945	136	34268	1.07	5.188e-01	8.263e-01		LOC120039400,LOC120039661,LOC120052253,LOC120062048
GO:0050839	cell adhesion molecule binding	molecular_function	11	945	392	34268	1.02	5.192e-01	8.263e-01		LOC120018906,LOC120022966,LOC120026163,LOC120027434,LOC120037182,LOC120042421,LOC120047334,LOC120050489,LOC120051533,LOC120064520,fermt3b
GO:0005740	mitochondrial envelope	cellular_component	12	945	429	34268	1.01	5.208e-01	8.279e-01		LOC120032827,LOC120035602,LOC120037234,LOC120038182,LOC120040508,LOC120057394,adck1,boka,chchd3a,mcu,prelid1a,shmt2
GO:0016482	cytosolic transport	biological_process	3	945	100	34268	1.09	5.232e-01	8.306e-01		LOC120041350,LOC120044890,vps50
GO:0006511	ubiquitin-dependent protein catabolic process	biological_process	15	945	541	34268	1.01	5.281e-01	8.364e-01		LOC120026149,LOC120027803,LOC120029112,LOC120035934,LOC120037315,LOC120037910,LOC120037916,LOC120040148,LOC120040733,LOC120048863,LOC120060832,LOC120064502,fbxl16,fbxl8,lnx1
GO:0008168	methyltransferase activity	molecular_function	7	945	248	34268	1.02	5.283e-01	8.364e-01		LOC120037503,LOC120051524,LOC120060937,asmt2,camkmt,setd2,setd3
GO:0034705	potassium channel complex	cellular_component	4	945	138	34268	1.05	5.303e-01	8.385e-01		LOC120028064,LOC120040195,LOC120040197,kcnd3
GO:0003723	RNA binding	molecular_function	42	945	1528	34268	1.0	5.315e-01	8.393e-01		LOC120020421,LOC120024739,LOC120025200,LOC120025455,LOC120025639,LOC120028061,LOC120028263,LOC120029476,LOC120029988,LOC120033695,LOC120035108,LOC120036314,LOC120037503,LOC120038653,LOC120039293,LOC120040159,LOC120042458,LOC120042593,LOC120043062,LOC120043545,LOC120045073,LOC120045815,LOC120048078,LOC120051425,LOC120054769
GO:0016192	vesicle-mediated transport	biological_process	35	945	1274	34268	1.0	5.339e-01	8.408e-01		LOC120018151,LOC120018898,LOC120021735,LOC120022969,LOC120022970,LOC120023396,LOC120024255,LOC120024355,LOC120024771,LOC120025115,LOC120026131,LOC120029472,LOC120034928,LOC120037634,LOC120037916,LOC120039151,LOC120040148,LOC120041350,LOC120041950,LOC120042547,LOC120043494,LOC120044890,LOC120052036,LOC120058401,LOC120064758
GO:0061025	membrane fusion	biological_process	4	945	139	34268	1.04	5.360e-01	8.408e-01		LOC120022969,LOC120022970,LOC120023396,stx12
GO:0051241	negative regulation of multicellular organismal process	biological_process	6	945	213	34268	1.02	5.363e-01	8.408e-01		LOC120036133,LOC120036309,LOC120042627,LOC120044685,LOC120050435,LOC120059075
GO:0032259	methylation	biological_process	3	945	102	34268	1.07	5.366e-01	8.408e-01		LOC120037503,asmt2,setd3
GO:0016538	cyclin-dependent protein serine/threonine kinase regulator activity	molecular_function	3	945	102	34268	1.07	5.366e-01	8.408e-01		LOC120040200,LOC120058352,ccny
GO:0019914	cyclin-dependent protein kinase regulator activity	molecular_function	3	945	102	34268	1.07	5.366e-01	8.408e-01		LOC120040200,LOC120058352,ccny
GO:0009966	regulation of signal transduction	biological_process	38	945	1386	34268	0.99	5.385e-01	8.428e-01		LOC120018241,LOC120019858,LOC120023926,LOC120024469,LOC120026149,LOC120027924,LOC120030938,LOC120031753,LOC120033907,LOC120035382,LOC120037504,LOC120038983,LOC120041190,LOC120041481,LOC120048238,LOC120048831,LOC120049457,LOC120049960,LOC120050996,LOC120053980,LOC120056015,LOC120056549,LOC120056600,LOC120058352,LOC120063387
GO:0000122	negative regulation of transcription by RNA polymerase II	biological_process	11	945	398	34268	1.0	5.395e-01	8.432e-01		LOC120019179,LOC120023423,LOC120025770,LOC120032414,LOC120037573,LOC120039782,LOC120040407,LOC120040410,LOC120042491,atxn1a,pparg
GO:0004197	cysteine-type endopeptidase activity	molecular_function	4	945	140	34268	1.04	5.416e-01	8.455e-01		LOC120029132,LOC120029335,LOC120045314,LOC120064172
GO:0016462	pyrophosphatase activity	molecular_function	33	945	1207	34268	0.99	5.456e-01	8.501e-01		LOC120017775,LOC120020225,LOC120020237,LOC120021805,LOC120022333,LOC120024122,LOC120026029,LOC120026149,LOC120038425,LOC120040277,LOC120040595,LOC120043843,LOC120047298,LOC120048477,LOC120048528,LOC120050102,LOC120050139,LOC120053621,LOC120055618,LOC120056831,LOC120058008,LOC120061304,LOC120061446,LOC120063037,LOC120063050
GO:2000147	positive regulation of cell motility	biological_process	5	945	178	34268	1.02	5.460e-01	8.501e-01		LOC120036133,LOC120036309,LOC120050435,LOC120059075,plcg1
GO:1901137	carbohydrate derivative biosynthetic process	biological_process	13	945	474	34268	0.99	5.472e-01	8.505e-01		LOC120032297,LOC120047102,LOC120048037,LOC120048047,LOC120052753,LOC120053339,LOC120062235,LOC120062401,LOC120065879,ada2b,has2,nme7,pigq
GO:0005496	steroid binding	molecular_function	3	945	104	34268	1.05	5.497e-01	8.505e-01		LOC120027901,esrrga,osbpl3b
GO:0034504	protein localization to nucleus	biological_process	3	945	104	34268	1.05	5.497e-01	8.505e-01		LOC120021805,LOC120027968,snupn
GO:0048638	regulation of developmental growth	biological_process	3	945	104	34268	1.05	5.497e-01	8.505e-01	Y	LOC120036133,LOC120036309,LOC120050435
GO:0015914	phospholipid transport	biological_process	3	945	104	34268	1.05	5.497e-01	8.505e-01	Y	LOC120047298,LOC120053621,prelid1a
GO:0090575	RNA polymerase II transcription regulator complex	cellular_component	5	945	179	34268	1.01	5.510e-01	8.514e-01		LOC120025770,LOC120027297,LOC120027806,LOC120048085,taf2
GO:0051276	chromosome organization	biological_process	7	945	254	34268	1.0	5.536e-01	8.532e-01		LOC120021135,LOC120027100,LOC120030968,LOC120030969,LOC120036138,LOC120049958,prc1b
GO:0098657	import into cell	biological_process	14	945	513	34268	0.99	5.536e-01	8.532e-01		LOC120018898,LOC120024255,LOC120024355,LOC120025115,LOC120029472,LOC120035599,LOC120040568,LOC120041950,LOC120045655,LOC120061615,LOC120063904,ehd2b,epn3a,sgip1a
GO:0046034	ATP metabolic process	biological_process	3	945	105	34268	1.04	5.562e-01	8.562e-01		LOC120036441,eno1a,eno4
GO:0042391	regulation of membrane potential	biological_process	8	945	293	34268	0.99	5.609e-01	8.612e-01		LOC120019351,LOC120033625,LOC120037668,LOC120039400,LOC120039812,LOC120041637,LOC120044082,LOC120052253
GO:0009101	glycoprotein biosynthetic process	biological_process	5	945	181	34268	1.0	5.609e-01	8.612e-01		LOC120032297,LOC120048047,LOC120052753,LOC120062401,LOC120065879
GO:0019953	sexual reproduction	biological_process	7	945	256	34268	0.99	5.619e-01	8.616e-01		LOC120021135,LOC120028155,LOC120031821,LOC120036138,LOC120039678,LOC120055372,tdrd12
GO:0031461	cullin-RING ubiquitin ligase complex	cellular_component	5	945	182	34268	1.0	5.658e-01	8.648e-01		LOC120027803,LOC120029112,LOC120035709,fbxl16,fbxl8
GO:0000139	Golgi membrane	cellular_component	5	945	182	34268	1.0	5.658e-01	8.648e-01		LOC120021735,LOC120039875,LOC120044890,LOC120047639,hpda
GO:0006897	endocytosis	biological_process	9	945	332	34268	0.98	5.675e-01	8.648e-01		LOC120018898,LOC120024255,LOC120024355,LOC120025115,LOC120029472,LOC120041950,ehd2b,epn3a,sgip1a
GO:0045596	negative regulation of cell differentiation	biological_process	3	945	107	34268	1.02	5.690e-01	8.648e-01		LOC120036133,LOC120036309,LOC120050435
GO:0008094	ATP-dependent activity, acting on DNA	molecular_function	4	945	145	34268	1.0	5.694e-01	8.648e-01		LOC120041376,LOC120048327,LOC120048477,ighmbp2
GO:0016298	lipase activity	molecular_function	4	945	145	34268	1.0	5.694e-01	8.648e-01		LOC120018034,LOC120023930,enpp2,plcg1
GO:0051129	negative regulation of cellular component organization	biological_process	7	945	258	34268	0.98	5.701e-01	8.648e-01		LOC120023518,LOC120036133,LOC120036309,LOC120042627,LOC120050435,LOC120053667,mdm1
GO:0005179	hormone activity	molecular_function	5	945	183	34268	0.99	5.707e-01	8.648e-01		LOC120031740,LOC120035176,LOC120053339,prl2,vgf
GO:0006066	alcohol metabolic process	biological_process	5	945	183	34268	0.99	5.707e-01	8.648e-01		LOC120019174,LOC120035602,LOC120041557,lratb.1,tpk1
GO:0071705	nitrogen compound transport	biological_process	9	945	333	34268	0.98	5.711e-01	8.648e-01		LOC120024364,LOC120029988,LOC120036064,LOC120038425,LOC120040146,LOC120040568,LOC120042313,LOC120057138,snupn
GO:0065009	regulation of molecular function	biological_process	25	945	926	34268	0.98	5.720e-01	8.651e-01		LOC120019146,LOC120019806,LOC120020574,LOC120022048,LOC120030938,LOC120038032,LOC120040412,LOC120040415,LOC120040854,LOC120046000,LOC120050848,LOC120050996,LOC120058352,LOC120059535,LOC120061638,LOC120063766,LOC120065226,ahsg2,asap1a,cblb,ccny,iqgap1,ror2,serpini1,wnk1b
GO:0031234	extrinsic component of cytoplasmic side of plasma membrane	cellular_component	4	945	146	34268	0.99	5.748e-01	8.661e-01		LOC120051153,LOC120061446,blk,gna12a
GO:1904062	regulation of monoatomic cation transmembrane transport	biological_process	3	945	108	34268	1.01	5.754e-01	8.661e-01		LOC120028064,LOC120046000,wnk1b
GO:1990778	protein localization to cell periphery	biological_process	5	945	184	34268	0.99	5.755e-01	8.661e-01		LOC120041233,LOC120042044,LOC120066770,grip1,rab40c
GO:0007017	microtubule-based process	biological_process	21	945	780	34268	0.98	5.759e-01	8.661e-01		LOC120023518,LOC120023558,LOC120027100,LOC120027965,LOC120030442,LOC120030968,LOC120030969,LOC120033391,LOC120036138,LOC120036992,LOC120039491,LOC120039678,LOC120040161,LOC120044085,LOC120045717,LOC120045990,LOC120046061,LOC120051524,LOC120053667,cep63,prc1b
GO:0009888	tissue development	biological_process	8	945	297	34268	0.98	5.762e-01	8.661e-01		LOC120022751,LOC120024355,LOC120036133,LOC120036309,LOC120050435,LOC120065502,cep63,fhod3b
GO:0046903	secretion	biological_process	9	945	335	34268	0.97	5.783e-01	8.681e-01		LOC120024255,LOC120024771,LOC120026131,LOC120042547,LOC120052036,LOC120064758,LOC120066770,LOC120066802,syt12
GO:0015698	inorganic anion transport	biological_process	4	945	147	34268	0.99	5.802e-01	8.689e-01	Y	LOC120037234,LOC120038182,LOC120038852,LOC120041665
GO:0008285	negative regulation of cell population proliferation	biological_process	3	945	109	34268	1.0	5.816e-01	8.689e-01		LOC120044685,LOC120059075,minar1
GO:0051494	negative regulation of cytoskeleton organization	biological_process	3	945	109	34268	1.0	5.816e-01	8.689e-01		LOC120023518,LOC120053667,mdm1
GO:0031625	ubiquitin protein ligase binding	molecular_function	3	945	109	34268	1.0	5.816e-01	8.689e-01		LOC120027803,LOC120040733,LOC120064502
GO:0043933	protein-containing complex organization	biological_process	26	945	968	34268	0.97	5.830e-01	8.698e-01		LOC120023558,LOC120024469,LOC120024771,LOC120025115,LOC120025455,LOC120029844,LOC120030968,LOC120030969,LOC120036138,LOC120040161,LOC120041950,LOC120044085,LOC120045990,LOC120048831,LOC120052036,LOC120054769,LOC120056626,cand1,cd74a,crtc3,fermt3b,kcnd3,napab,sgip1a,shmt2
GO:0032886	regulation of microtubule-based process	biological_process	4	945	148	34268	0.98	5.856e-01	8.727e-01		LOC120023518,LOC120053667,LOC120056015,mdm1
GO:0016788	hydrolase activity, acting on ester bonds	molecular_function	27	945	1007	34268	0.97	5.873e-01	8.734e-01		LOC120018034,LOC120018260,LOC120020300,LOC120020421,LOC120021657,LOC120023930,LOC120024739,LOC120027924,LOC120032447,LOC120040345,LOC120042224,LOC120046022,LOC120050569,LOC120063783,LOC120065619,LOC120066039,cdc25b,dusp27,enpp2,pfkfb4b,plcg1,ptp4a3b,ptpn12,ptprda,ptprsa
GO:0003729	mRNA binding	molecular_function	12	945	450	34268	0.97	5.875e-01	8.734e-01		LOC120029476,LOC120036314,LOC120043062,LOC120043545,LOC120048078,LOC120054769,LOC120057138,cstf3,pcf11,rbfox1,shmt2,srbd1
GO:0140104	molecular carrier activity	molecular_function	6	945	225	34268	0.97	5.898e-01	8.758e-01		LOC120027968,LOC120029988,LOC120047298,LOC120053621,prelid1a,snupn
GO:0043066	negative regulation of apoptotic process	biological_process	4	945	149	34268	0.97	5.909e-01	8.763e-01		LOC120027924,LOC120029132,birc6,tmbim4
GO:0099106	ion channel regulator activity	molecular_function	3	945	111	34268	0.98	5.940e-01	8.784e-01		LOC120028064,LOC120046000,wnk1b
GO:0051656	establishment of organelle localization	biological_process	5	945	188	34268	0.96	5.946e-01	8.784e-01		LOC120024355,LOC120024771,LOC120026029,LOC120052036,LOC120066770
GO:0003006	developmental process involved in reproduction	biological_process	4	945	150	34268	0.97	5.962e-01	8.784e-01		LOC120031821,LOC120039678,LOC120055372,tdrd12
GO:0045165	cell fate commitment	biological_process	4	945	150	34268	0.97	5.962e-01	8.784e-01		LOC120025342,LOC120049221,LOC120060818,wnt5b
GO:0016829	lyase activity	molecular_function	7	945	265	34268	0.96	5.984e-01	8.784e-01		LOC120044084,LOC120048037,ca14,eno1a,eno4,gmds,hpda
GO:0043632	modification-dependent macromolecule catabolic process	biological_process	15	945	566	34268	0.96	5.987e-01	8.784e-01		LOC120026149,LOC120027803,LOC120029112,LOC120035934,LOC120037315,LOC120037910,LOC120037916,LOC120040148,LOC120040733,LOC120048863,LOC120060832,LOC120064502,fbxl16,fbxl8,lnx1
GO:0019941	modification-dependent protein catabolic process	biological_process	15	945	566	34268	0.96	5.987e-01	8.784e-01		LOC120026149,LOC120027803,LOC120029112,LOC120035934,LOC120037315,LOC120037910,LOC120037916,LOC120040148,LOC120040733,LOC120048863,LOC120060832,LOC120064502,fbxl16,fbxl8,lnx1
GO:0030031	cell projection assembly	biological_process	8	945	303	34268	0.96	5.988e-01	8.784e-01		LOC120036212,LOC120039678,LOC120040161,LOC120044085,LOC120045990,LOC120062414,LOC120064270,ift80
GO:0006644	phospholipid metabolic process	biological_process	8	945	303	34268	0.96	5.988e-01	8.784e-01	Y	LOC120025946,LOC120037010,LOC120044697,LOC120047102,LOC120062235,enpp2,pigq,plcg1
GO:0000724	double-strand break repair via homologous recombination	biological_process	3	945	112	34268	0.97	6.001e-01	8.791e-01		LOC120021135,LOC120023733,nsmce2
GO:0060429	epithelium development	biological_process	4	945	151	34268	0.96	6.014e-01	8.801e-01		LOC120022751,LOC120024355,LOC120065502,cep63
GO:0051260	protein homooligomerization	biological_process	4	945	152	34268	0.95	6.066e-01	8.856e-01		LOC120056626,crtc3,kcnd3,shmt2
GO:0043069	negative regulation of programmed cell death	biological_process	4	945	152	34268	0.95	6.066e-01	8.856e-01		LOC120027924,LOC120029132,birc6,tmbim4
GO:0007059	chromosome segregation	biological_process	5	945	191	34268	0.95	6.086e-01	8.873e-01		LOC120027100,LOC120030968,LOC120030969,LOC120036138,prc1b
GO:0007030	Golgi organization	biological_process	3	945	114	34268	0.95	6.120e-01	8.908e-01		LOC120021735,LOC120047298,LOC120059280
GO:0043254	regulation of protein-containing complex assembly	biological_process	5	945	192	34268	0.94	6.132e-01	8.908e-01		LOC120019141,LOC120036063,LOC120043715,LOC120062414,napab
GO:0044092	negative regulation of molecular function	biological_process	5	945	192	34268	0.94	6.132e-01	8.908e-01		LOC120019146,LOC120038032,ahsg2,cblb,serpini1
GO:0050790	regulation of catalytic activity	biological_process	21	945	797	34268	0.96	6.155e-01	8.914e-01		LOC120019146,LOC120019806,LOC120020574,LOC120022048,LOC120038032,LOC120040412,LOC120040415,LOC120040854,LOC120050848,LOC120050996,LOC120058352,LOC120059535,LOC120061638,LOC120065226,ahsg2,asap1a,cblb,ccny,iqgap1,ror2,serpini1
GO:0006865	amino acid transport	biological_process	4	945	154	34268	0.94	6.169e-01	8.914e-01		LOC120037152,LOC120038369,LOC120062169,slc7a2
GO:0036464	cytoplasmic ribonucleoprotein granule	cellular_component	4	945	154	34268	0.94	6.169e-01	8.914e-01		LOC120043062,LOC120048078,LOC120056600,larp1
GO:0043296	apical junction complex	cellular_component	4	945	154	34268	0.94	6.169e-01	8.914e-01		LOC120035933,LOC120037245,LOC120057499,LOC120066535
GO:0019787	ubiquitin-like protein transferase activity	molecular_function	15	945	573	34268	0.95	6.176e-01	8.914e-01		LOC120024150,LOC120026149,LOC120035934,LOC120038274,LOC120045312,LOC120048863,LOC120056165,LOC120060832,LOC120064518,birc6,cblb,lnx1,march4l,nsmce2,peli3
GO:0000725	recombinational repair	biological_process	3	945	115	34268	0.95	6.179e-01	8.914e-01		LOC120021135,LOC120023733,nsmce2
GO:0099513	polymeric cytoskeletal fiber	cellular_component	12	945	461	34268	0.94	6.208e-01	8.917e-01	Y	LOC120020237,LOC120023518,LOC120027100,LOC120036138,LOC120036212,LOC120037182,LOC120037495,LOC120053667,LOC120055618,LOC120058008,LOC120063701,reep3b
GO:0007276	gamete generation	biological_process	4	945	155	34268	0.94	6.220e-01	8.917e-01		LOC120031821,LOC120039678,LOC120055372,tdrd12
GO:0005741	mitochondrial outer membrane	cellular_component	3	945	116	34268	0.94	6.238e-01	8.917e-01		LOC120040508,LOC120057394,boka
GO:0004540	RNA nuclease activity	molecular_function	3	945	116	34268	0.94	6.238e-01	8.917e-01		LOC120020421,LOC120024739,LOC120044673
GO:0010959	regulation of metal ion transport	biological_process	3	945	116	34268	0.94	6.238e-01	8.917e-01	Y	LOC120028064,LOC120046000,wnk1b
GO:0051253	negative regulation of RNA metabolic process	biological_process	14	945	538	34268	0.94	6.249e-01	8.917e-01		LOC120019179,LOC120023423,LOC120025770,LOC120032414,LOC120036314,LOC120037573,LOC120039782,LOC120040407,LOC120040410,LOC120042491,atxn1a,larp1,pparg,pphln1
GO:0007010	cytoskeleton organization	biological_process	35	945	1324	34268	0.96	6.263e-01	8.917e-01		LOC120022498,LOC120023490,LOC120023518,LOC120023558,LOC120024298,LOC120024355,LOC120027100,LOC120029844,LOC120030968,LOC120030969,LOC120031609,LOC120033391,LOC120034101,LOC120036138,LOC120036648,LOC120036992,LOC120037182,LOC120037876,LOC120039491,LOC120039678,LOC120040161,LOC120043715,LOC120044085,LOC120045990,LOC120046061
GO:0160307	protein biosynthetic process	biological_process	12	945	463	34268	0.94	6.267e-01	8.917e-01		LOC120024894,LOC120028061,LOC120035108,LOC120040595,LOC120042458,LOC120045815,cars1,mrpl14,nars2,srbd1,tufm,vars2
GO:0006412	translation	biological_process	12	945	463	34268	0.94	6.267e-01	8.917e-01		LOC120024894,LOC120028061,LOC120035108,LOC120040595,LOC120042458,LOC120045815,cars1,mrpl14,nars2,srbd1,tufm,vars2
GO:0005230	extracellular ligand-gated monoatomic ion channel activity	molecular_function	5	945	195	34268	0.93	6.268e-01	8.917e-01		LOC120033625,LOC120039400,LOC120039661,LOC120052253,LOC120062048
GO:0098659	inorganic cation import across plasma membrane	biological_process	4	945	156	34268	0.93	6.270e-01	8.917e-01		LOC120035599,LOC120045655,LOC120061615,LOC120063904
GO:0099587	inorganic ion import across plasma membrane	biological_process	4	945	156	34268	0.93	6.270e-01	8.917e-01		LOC120035599,LOC120045655,LOC120061615,LOC120063904
GO:0030833	regulation of actin filament polymerization	biological_process	4	945	157	34268	0.92	6.320e-01	8.978e-01		LOC120019141,LOC120036063,LOC120043715,LOC120062414
GO:0005654	nucleoplasm	cellular_component	18	945	692	34268	0.94	6.331e-01	8.983e-01		LOC120019179,LOC120023733,LOC120023930,LOC120037573,LOC120043715,LOC120047765,LOC120048085,LOC120048863,LOC120056165,LOC120064518,LOC120066501,kdm6a,macrod1,myo16,pphln1,taf2,tdp2b,tex10
GO:0044389	ubiquitin-like protein ligase binding	molecular_function	3	945	119	34268	0.91	6.409e-01	9.073e-01		LOC120027803,LOC120040733,LOC120064502
GO:0008361	regulation of cell size	biological_process	3	945	119	34268	0.91	6.409e-01	9.073e-01		LOC120036133,LOC120036309,LOC120050435
GO:0031968	organelle outer membrane	cellular_component	3	945	120	34268	0.91	6.465e-01	9.123e-01		LOC120040508,LOC120057394,boka
GO:0019867	outer membrane	cellular_component	3	945	120	34268	0.91	6.465e-01	9.123e-01		LOC120040508,LOC120057394,boka
GO:0180051	translation factor activity	molecular_function	4	945	160	34268	0.91	6.467e-01	9.123e-01		LOC120040595,LOC120040888,LOC120045815,tufm
GO:0032535	regulation of cellular component size	biological_process	7	945	279	34268	0.91	6.519e-01	9.171e-01		LOC120019141,LOC120036063,LOC120036133,LOC120036309,LOC120043715,LOC120050435,LOC120062414
GO:0046496	nicotinamide nucleotide metabolic process	biological_process	3	945	121	34268	0.9	6.521e-01	9.171e-01		LOC120036441,eno1a,eno4
GO:0004518	nuclease activity	molecular_function	5	945	201	34268	0.9	6.532e-01	9.171e-01		LOC120020421,LOC120024739,LOC120044673,enpp2,snd1
GO:0019887	protein kinase regulator activity	molecular_function	5	945	201	34268	0.9	6.532e-01	9.171e-01		LOC120040200,LOC120053472,LOC120056015,LOC120058352,ccny
GO:0005819	spindle	cellular_component	4	945	162	34268	0.9	6.563e-01	9.196e-01		LOC120023558,LOC120027100,LOC120036138,prc1b
GO:0015079	potassium ion transmembrane transporter activity	molecular_function	9	945	358	34268	0.91	6.568e-01	9.196e-01		LOC120017966,LOC120019322,LOC120019351,LOC120022033,LOC120023897,LOC120040195,LOC120040197,kcnd3,slc24a5
GO:0006898	receptor-mediated endocytosis	biological_process	3	945	122	34268	0.89	6.575e-01	9.196e-01		LOC120025115,LOC120041950,sgip1a
GO:0065003	protein-containing complex assembly	biological_process	22	945	854	34268	0.93	6.583e-01	9.196e-01		LOC120023558,LOC120024469,LOC120024771,LOC120025455,LOC120030968,LOC120030969,LOC120036138,LOC120040161,LOC120044085,LOC120045990,LOC120048831,LOC120052036,LOC120054769,LOC120056626,cand1,cd74a,crtc3,fermt3b,kcnd3,sgip1a,shmt2,washc5
GO:0072522	purine-containing compound biosynthetic process	biological_process	6	945	242	34268	0.9	6.598e-01	9.196e-01		LOC120038939,LOC120048037,LOC120053339,ada2b,nme7,shmt2
GO:0005815	microtubule organizing center	cellular_component	9	945	359	34268	0.91	6.600e-01	9.196e-01		LOC120023558,LOC120027100,LOC120030968,LOC120030969,LOC120036138,LOC120036212,cep63,ift80,nme7
GO:0030832	regulation of actin filament length	biological_process	4	945	163	34268	0.89	6.610e-01	9.196e-01		LOC120019141,LOC120036063,LOC120043715,LOC120062414
GO:0008064	regulation of actin polymerization or depolymerization	biological_process	4	945	163	34268	0.89	6.610e-01	9.196e-01		LOC120019141,LOC120036063,LOC120043715,LOC120062414
GO:0051640	organelle localization	biological_process	6	945	243	34268	0.9	6.636e-01	9.223e-01		LOC120024355,LOC120024771,LOC120026029,LOC120052036,LOC120059280,LOC120066770
GO:1902554	serine/threonine protein kinase complex	cellular_component	4	945	164	34268	0.88	6.657e-01	9.229e-01		LOC120025260,LOC120028096,LOC120057599,ccny
GO:0070887	cellular response to chemical stimulus	biological_process	16	945	630	34268	0.92	6.664e-01	9.229e-01		LOC120024255,LOC120024769,LOC120025770,LOC120025946,LOC120035602,LOC120040452,LOC120042432,LOC120043284,LOC120044685,LOC120050139,LOC120050996,LOC120064266,LOC120064758,LOC120066802,pparg,syt12
GO:0048193	Golgi vesicle transport	biological_process	9	945	361	34268	0.9	6.664e-01	9.229e-01		LOC120018151,LOC120021735,LOC120034928,LOC120037634,LOC120039151,LOC120041350,LOC120042547,LOC120043494,LOC120058401
GO:0006366	transcription by RNA polymerase II	biological_process	3	945	124	34268	0.88	6.683e-01	9.245e-01		LOC120048085,pcf11,taf2
GO:0008234	cysteine-type peptidase activity	molecular_function	7	945	284	34268	0.89	6.699e-01	9.246e-01		LOC120020607,LOC120029132,LOC120029335,LOC120036176,LOC120045314,LOC120055128,LOC120064172
GO:1901981	phosphatidylinositol phosphate binding	molecular_function	3	945	125	34268	0.87	6.736e-01	9.246e-01		LOC120038983,LOC120065977,wipi1
GO:0006936	muscle contraction	biological_process	3	945	125	34268	0.87	6.736e-01	9.246e-01	Y	LOC120037876,LOC120039455,LOC120039456
GO:0016755	aminoacyltransferase activity	molecular_function	15	945	595	34268	0.91	6.743e-01	9.246e-01		LOC120024150,LOC120026149,LOC120035934,LOC120038274,LOC120045312,LOC120048863,LOC120056165,LOC120060832,LOC120064518,birc6,cblb,lnx1,march4l,nsmce2,peli3
GO:0098739	import across plasma membrane	biological_process	4	945	166	34268	0.87	6.749e-01	9.246e-01		LOC120035599,LOC120045655,LOC120061615,LOC120063904
GO:0048609	multicellular organismal reproductive process	biological_process	4	945	166	34268	0.87	6.749e-01	9.246e-01		LOC120031821,LOC120039678,LOC120055372,tdrd12
GO:0023056	positive regulation of signaling	biological_process	14	945	557	34268	0.91	6.751e-01	9.246e-01		LOC120020067,LOC120028427,LOC120031753,LOC120035382,LOC120037504,LOC120039400,LOC120048238,LOC120049457,LOC120053980,LOC120063774,clstn2a,gpc5a,nod2,prl2
GO:0010647	positive regulation of cell communication	biological_process	14	945	557	34268	0.91	6.751e-01	9.246e-01		LOC120020067,LOC120028427,LOC120031753,LOC120035382,LOC120037504,LOC120039400,LOC120048238,LOC120049457,LOC120053980,LOC120063774,clstn2a,gpc5a,nod2,prl2
GO:0006952	defense response	biological_process	11	945	442	34268	0.9	6.768e-01	9.246e-01		LOC120031262,LOC120031263,LOC120041259,LOC120042432,LOC120045788,LOC120051153,LOC120057064,LOC120058008,LOC120059075,blk,nod2
GO:0051301	cell division	biological_process	3	945	126	34268	0.86	6.788e-01	9.246e-01		LOC120029472,LOC120043843,tdrd12
GO:0016757	glycosyltransferase activity	molecular_function	13	945	520	34268	0.91	6.789e-01	9.246e-01		LOC120018922,LOC120019384,LOC120019385,LOC120032297,LOC120040883,LOC120041920,LOC120047102,LOC120048047,LOC120049410,LOC120052237,LOC120053472,LOC120062401,has2
GO:0055086	nucleobase-containing small molecule metabolic process	biological_process	15	945	597	34268	0.91	6.792e-01	9.246e-01		LOC120021978,LOC120024923,LOC120036441,LOC120038939,LOC120041441,LOC120044084,LOC120048037,LOC120053339,ada2b,eno1a,eno4,gmds,macrod1,nme7,shmt2
GO:0006302	double-strand break repair	biological_process	4	945	167	34268	0.87	6.794e-01	9.246e-01		LOC120021135,LOC120023733,nsmce2,tdp2b
GO:0099080	supramolecular complex	cellular_component	23	945	904	34268	0.92	6.832e-01	9.246e-01		LOC120019396,LOC120020237,LOC120023518,LOC120023930,LOC120027100,LOC120036138,LOC120036212,LOC120037182,LOC120037495,LOC120037876,LOC120039455,LOC120039456,LOC120043062,LOC120048078,LOC120053667,LOC120055618,LOC120056600,LOC120058008,LOC120060832,LOC120063701,larp1,reep3b,ryr1b
GO:0016459	myosin complex	cellular_component	4	945	168	34268	0.86	6.840e-01	9.246e-01		LOC120024355,LOC120055401,bmf2,myo16
GO:0072524	pyridine-containing compound metabolic process	biological_process	3	945	127	34268	0.86	6.840e-01	9.246e-01		LOC120036441,eno1a,eno4
GO:0003012	muscle system process	biological_process	3	945	127	34268	0.86	6.840e-01	9.246e-01	Y	LOC120037876,LOC120039455,LOC120039456
GO:0048583	regulation of response to stimulus	biological_process	45	945	1733	34268	0.94	6.841e-01	9.246e-01		LOC120018241,LOC120019858,LOC120023926,LOC120024469,LOC120024769,LOC120026149,LOC120027924,LOC120028155,LOC120030938,LOC120031753,LOC120033907,LOC120035382,LOC120036133,LOC120036309,LOC120037504,LOC120038983,LOC120041190,LOC120041481,LOC120048238,LOC120048831,LOC120049457,LOC120049960,LOC120050435,LOC120050996,LOC120053980
GO:0061630	ubiquitin protein ligase activity	molecular_function	9	945	367	34268	0.89	6.851e-01	9.246e-01		LOC120024150,LOC120035934,LOC120038274,LOC120048863,LOC120056165,LOC120060832,LOC120064518,cblb,peli3
GO:0009150	purine ribonucleotide metabolic process	biological_process	6	945	249	34268	0.87	6.863e-01	9.246e-01		LOC120036441,LOC120048037,LOC120053339,eno1a,eno4,nme7
GO:0022414	reproductive process	biological_process	7	945	289	34268	0.88	6.873e-01	9.246e-01		LOC120021135,LOC120028155,LOC120031821,LOC120036138,LOC120039678,LOC120055372,tdrd12
GO:0098827	endoplasmic reticulum subcompartment	cellular_component	14	945	562	34268	0.9	6.877e-01	9.246e-01		LOC120019396,LOC120021735,LOC120029359,LOC120041635,LOC120042547,LOC120044673,LOC120047102,LOC120053472,LOC120062235,hpda,rce1a,reep3b,ryr1b,sec63
GO:0005319	lipid carrier activity	molecular_function	3	945	128	34268	0.85	6.891e-01	9.246e-01	Y	LOC120047298,LOC120053621,prelid1a
GO:0042393	histone binding	molecular_function	3	945	128	34268	0.85	6.891e-01	9.246e-01		LOC120022333,LOC120041376,LOC120048427
GO:0006915	apoptotic process	biological_process	6	945	250	34268	0.87	6.900e-01	9.246e-01		LOC120044673,LOC120057394,LOC120062414,birc6,bmf2,boka
GO:0051248	negative regulation of protein metabolic process	biological_process	6	945	250	34268	0.87	6.900e-01	9.246e-01		LOC120019146,LOC120038032,LOC120062581,ahsg2,cblb,serpini1
GO:0019207	kinase regulator activity	molecular_function	6	945	250	34268	0.87	6.900e-01	9.246e-01		LOC120025946,LOC120040200,LOC120053472,LOC120056015,LOC120058352,ccny
GO:0045934	negative regulation of nucleobase-containing compound metabolic process	biological_process	14	945	563	34268	0.9	6.902e-01	9.246e-01		LOC120019179,LOC120023423,LOC120025770,LOC120032414,LOC120036314,LOC120037573,LOC120039782,LOC120040407,LOC120040410,LOC120042491,atxn1a,larp1,pparg,pphln1
GO:0022607	cellular component assembly	biological_process	46	945	1775	34268	0.94	6.906e-01	9.246e-01		LOC120023558,LOC120024469,LOC120024771,LOC120025455,LOC120027100,LOC120030968,LOC120030969,LOC120031821,LOC120035933,LOC120036138,LOC120036212,LOC120037245,LOC120037800,LOC120037876,LOC120039678,LOC120040161,LOC120043062,LOC120043574,LOC120043715,LOC120044085,LOC120045990,LOC120048078,LOC120048831,LOC120050489,LOC120052036
GO:1903311	regulation of mRNA metabolic process	biological_process	6	945	251	34268	0.87	6.936e-01	9.246e-01		LOC120029476,LOC120036314,LOC120051425,LOC120054769,larp1,rbfox1
GO:1901292	nucleoside phosphate catabolic process	biological_process	3	945	129	34268	0.84	6.941e-01	9.246e-01		LOC120036441,eno1a,eno4
GO:0141108	transporter regulator activity	molecular_function	3	945	129	34268	0.84	6.941e-01	9.246e-01		LOC120028064,LOC120046000,wnk1b
GO:0016247	channel regulator activity	molecular_function	3	945	129	34268	0.84	6.941e-01	9.246e-01		LOC120028064,LOC120046000,wnk1b
GO:0090066	regulation of anatomical structure size	biological_process	9	945	370	34268	0.88	6.942e-01	9.246e-01		LOC120019141,LOC120022997,LOC120036063,LOC120036133,LOC120036309,LOC120039905,LOC120043715,LOC120050435,LOC120062414
GO:0016798	hydrolase activity, acting on glycosyl bonds	molecular_function	4	945	171	34268	0.85	6.972e-01	9.250e-01		LOC120021188,LOC120048861,macrod1,manba
GO:0034655	nucleobase-containing compound catabolic process	biological_process	7	945	292	34268	0.87	6.975e-01	9.250e-01		LOC120020421,LOC120024739,LOC120036441,ada2b,eno1a,eno4,snd1
GO:0034762	regulation of transmembrane transport	biological_process	5	945	212	34268	0.86	6.983e-01	9.250e-01		LOC120028064,LOC120030938,LOC120046000,LOC120063766,wnk1b
GO:0008233	peptidase activity	molecular_function	24	945	950	34268	0.92	6.987e-01	9.250e-01		LOC120017348,LOC120020607,LOC120024412,LOC120024764,LOC120024775,LOC120028155,LOC120029132,LOC120029335,LOC120032273,LOC120034770,LOC120036176,LOC120036387,LOC120040888,LOC120045314,LOC120047639,LOC120048092,LOC120052766,LOC120055128,LOC120058995,LOC120063949,LOC120064172,LOC120066766,rce1a,rhbdl1
GO:0015078	proton transmembrane transporter activity	molecular_function	3	945	130	34268	0.84	6.991e-01	9.250e-01		LOC120034929,LOC120046271,slc9a5
GO:0045296	cadherin binding	molecular_function	3	945	130	34268	0.84	6.991e-01	9.250e-01		LOC120022966,LOC120037182,LOC120050489
GO:0032101	regulation of response to external stimulus	biological_process	6	945	253	34268	0.86	7.008e-01	9.262e-01		LOC120024769,LOC120036133,LOC120036309,LOC120050435,LOC120057064,pparg
GO:0032271	regulation of protein polymerization	biological_process	4	945	172	34268	0.84	7.015e-01	9.262e-01		LOC120019141,LOC120036063,LOC120043715,LOC120062414
GO:0009057	macromolecule catabolic process	biological_process	21	945	838	34268	0.91	7.036e-01	9.274e-01		LOC120020421,LOC120021188,LOC120024739,LOC120026149,LOC120027803,LOC120029112,LOC120035934,LOC120037315,LOC120037910,LOC120037916,LOC120040148,LOC120040733,LOC120046850,LOC120048863,LOC120060832,LOC120064502,fbxl16,fbxl8,lnx1,manba,snd1
GO:0015931	nucleobase-containing compound transport	biological_process	3	945	131	34268	0.83	7.040e-01	9.274e-01		LOC120029988,LOC120057138,snupn
GO:0031967	organelle envelope	cellular_component	15	945	608	34268	0.89	7.054e-01	9.281e-01		LOC120021805,LOC120032827,LOC120035602,LOC120037234,LOC120038182,LOC120040508,LOC120044869,LOC120053472,LOC120057394,adck1,boka,chchd3a,mcu,prelid1a,shmt2
GO:0005912	adherens junction	cellular_component	5	945	214	34268	0.85	7.060e-01	9.281e-01		LOC120050489,LOC120056600,LOC120057499,LOC120066535,igsf21a
GO:0009628	response to abiotic stimulus	biological_process	5	945	215	34268	0.84	7.099e-01	9.322e-01		LOC120035709,LOC120039812,LOC120040452,LOC120050584,LOC120056600
GO:0031982	vesicle	cellular_component	31	945	1226	34268	0.92	7.158e-01	9.373e-01		LOC120021735,LOC120024255,LOC120024355,LOC120024771,LOC120026029,LOC120026131,LOC120027965,LOC120031821,LOC120036063,LOC120036176,LOC120036275,LOC120037916,LOC120040148,LOC120041350,LOC120042627,LOC120050569,LOC120052036,LOC120052912,LOC120059029,LOC120059280,LOC120064511,LOC120066770,LOC120066802,bin1b,epn3a
GO:0090407	organophosphate biosynthetic process	biological_process	13	945	535	34268	0.88	7.167e-01	9.373e-01		LOC120024923,LOC120025946,LOC120037010,LOC120038939,LOC120044084,LOC120044697,LOC120047102,LOC120048037,LOC120053339,LOC120062235,nme7,pigq,tpk1
GO:0015630	microtubule cytoskeleton	cellular_component	19	945	768	34268	0.9	7.174e-01	9.373e-01		LOC120020237,LOC120023518,LOC120023558,LOC120027100,LOC120030442,LOC120030968,LOC120030969,LOC120036138,LOC120036212,LOC120043843,LOC120045990,LOC120053667,LOC120055618,LOC120058008,cep63,ift80,nme7,prc1b,reep3b
GO:0006401	RNA catabolic process	biological_process	3	945	134	34268	0.81	7.183e-01	9.373e-01		LOC120020421,LOC120024739,snd1
GO:0045087	innate immune response	biological_process	3	945	134	34268	0.81	7.183e-01	9.373e-01	Y	LOC120041259,LOC120051153,blk
GO:0120544	polypeptide conformation or assembly isomerase activity	molecular_function	4	945	176	34268	0.82	7.184e-01	9.373e-01		LOC120024355,LOC120045717,LOC120051524,LOC120055401
GO:1902911	protein kinase complex	cellular_component	4	945	177	34268	0.82	7.225e-01	9.403e-01		LOC120025260,LOC120028096,LOC120057599,ccny
GO:0004553	hydrolase activity, hydrolyzing O-glycosyl compounds	molecular_function	3	945	135	34268	0.81	7.230e-01	9.403e-01		LOC120021188,LOC120048861,manba
GO:0003713	transcription coactivator activity	molecular_function	3	945	135	34268	0.81	7.230e-01	9.403e-01		LOC120049432,LOC120056723,setd3
GO:0016779	nucleotidyltransferase activity	molecular_function	3	945	136	34268	0.8	7.276e-01	9.453e-01		LOC120031773,LOC120044697,LOC120058491
GO:0009259	ribonucleotide metabolic process	biological_process	6	945	262	34268	0.83	7.318e-01	9.489e-01		LOC120036441,LOC120048037,LOC120053339,eno1a,eno4,nme7
GO:0015718	monocarboxylic acid transport	biological_process	3	945	137	34268	0.79	7.322e-01	9.489e-01		LOC120039504,LOC120046803,slc16a4
GO:0010629	negative regulation of gene expression	biological_process	7	945	303	34268	0.84	7.329e-01	9.489e-01		LOC120020421,LOC120036314,LOC120062581,pphln1,si:ch73-41e3.7,snd1,tdrd12
GO:0030036	actin cytoskeleton organization	biological_process	16	945	660	34268	0.88	7.346e-01	9.489e-01		LOC120022498,LOC120023490,LOC120024298,LOC120024355,LOC120029844,LOC120031609,LOC120034101,LOC120036648,LOC120037876,LOC120043715,LOC120064270,LOC120066535,elmo1,fhod3b,setd3,washc5
GO:0004842	ubiquitin-protein transferase activity	molecular_function	13	945	543	34268	0.87	7.357e-01	9.489e-01		LOC120024150,LOC120026149,LOC120035934,LOC120038274,LOC120048863,LOC120056165,LOC120060832,LOC120064518,birc6,cblb,lnx1,march4l,peli3
GO:0005739	mitochondrion	cellular_component	32	945	1277	34268	0.91	7.364e-01	9.489e-01		LOC120028061,LOC120032827,LOC120035602,LOC120035871,LOC120036212,LOC120037010,LOC120037234,LOC120037969,LOC120038182,LOC120040508,LOC120041557,LOC120041970,LOC120046279,LOC120046526,LOC120053413,LOC120057394,LOC120063269,LOC120064266,adck1,boka,braf,ccdc90b,chchd3a,mcu,mrpl14
GO:0035091	phosphatidylinositol binding	molecular_function	3	945	138	34268	0.79	7.366e-01	9.489e-01		LOC120040148,LOC120041350,snx25
GO:0045786	negative regulation of cell cycle	biological_process	3	945	138	34268	0.79	7.366e-01	9.489e-01		LOC120026404,mdm1,myo16
GO:0004252	serine-type endopeptidase activity	molecular_function	5	945	223	34268	0.81	7.392e-01	9.496e-01		LOC120024412,LOC120028155,LOC120032273,LOC120047639,rhbdl1
GO:0060271	cilium assembly	biological_process	6	945	265	34268	0.82	7.417e-01	9.496e-01		LOC120036212,LOC120039678,LOC120040161,LOC120044085,LOC120045990,ift80
GO:0140097	catalytic activity, acting on DNA	molecular_function	6	945	265	34268	0.82	7.417e-01	9.496e-01		LOC120041376,LOC120048327,LOC120048477,LOC120058491,ighmbp2,tdp2b
GO:0048284	organelle fusion	biological_process	4	945	182	34268	0.8	7.423e-01	9.496e-01		LOC120022969,LOC120022970,LOC120023396,stx12
GO:0005789	endoplasmic reticulum membrane	cellular_component	13	945	546	34268	0.86	7.426e-01	9.496e-01		LOC120019396,LOC120021735,LOC120029359,LOC120041635,LOC120042547,LOC120044673,LOC120047102,LOC120062235,hpda,rce1a,reep3b,ryr1b,sec63
GO:0005743	mitochondrial inner membrane	cellular_component	5	945	224	34268	0.81	7.427e-01	9.496e-01		LOC120035602,adck1,chchd3a,mcu,shmt2
GO:0035770	ribonucleoprotein granule	cellular_component	5	945	224	34268	0.81	7.427e-01	9.496e-01		LOC120023930,LOC120043062,LOC120048078,LOC120056600,larp1
GO:0007507	heart development	biological_process	3	945	140	34268	0.78	7.454e-01	9.520e-01		LOC120028096,fhod3b,kdm6a
GO:0061024	membrane organization	biological_process	12	945	508	34268	0.86	7.462e-01	9.520e-01		LOC120021805,LOC120022969,LOC120022970,LOC120023396,LOC120039151,LOC120041942,LOC120043715,LOC120044869,LOC120047298,LOC120053621,chchd3a,stx12
GO:0045944	positive regulation of transcription by RNA polymerase II	biological_process	10	945	429	34268	0.85	7.477e-01	9.520e-01		LOC120022333,LOC120025770,LOC120041376,LOC120049432,LOC120052445,LOC120056723,LOC120063338,crtc3,pparg,setd3
GO:0006417	regulation of translation	biological_process	3	945	141	34268	0.77	7.498e-01	9.520e-01		LOC120025639,LOC120062581,larp1
GO:0015748	organophosphate ester transport	biological_process	3	945	141	34268	0.77	7.498e-01	9.520e-01		LOC120047298,LOC120053621,prelid1a
GO:0007043	cell-cell junction assembly	biological_process	4	945	184	34268	0.79	7.499e-01	9.520e-01		LOC120035933,LOC120037245,LOC120050489,muc13b
GO:1902679	negative regulation of RNA biosynthetic process	biological_process	12	945	510	34268	0.85	7.508e-01	9.520e-01		LOC120019179,LOC120023423,LOC120025770,LOC120032414,LOC120037573,LOC120039782,LOC120040407,LOC120040410,LOC120042491,atxn1a,pparg,pphln1
GO:0045892	negative regulation of DNA-templated transcription	biological_process	12	945	510	34268	0.85	7.508e-01	9.520e-01		LOC120019179,LOC120023423,LOC120025770,LOC120032414,LOC120037573,LOC120039782,LOC120040407,LOC120040410,LOC120042491,atxn1a,pparg,pphln1
GO:0016705	oxidoreductase activity, acting on paired donors, with incorporation or reduction of molecular oxygen	molecular_function	6	945	269	34268	0.81	7.544e-01	9.535e-01	Y	LOC120019174,LOC120022991,LOC120031947,LOC120035602,LOC120036026,kdm6a
GO:0019898	extrinsic component of membrane	cellular_component	8	945	351	34268	0.83	7.546e-01	9.535e-01		LOC120024761,LOC120025946,LOC120036176,LOC120051153,LOC120061446,blk,gna12a,wipi1
GO:0003008	system process	biological_process	17	945	709	34268	0.87	7.548e-01	9.535e-01		LOC120022997,LOC120023930,LOC120033625,LOC120037668,LOC120037876,LOC120039400,LOC120039455,LOC120039456,LOC120039652,LOC120039905,LOC120041637,LOC120044082,LOC120045614,LOC120046000,LOC120050409,LOC120052253,LOC120058995
GO:0042175	nuclear outer membrane-endoplasmic reticulum membrane network	cellular_component	13	945	552	34268	0.85	7.560e-01	9.535e-01		LOC120019396,LOC120021735,LOC120029359,LOC120041635,LOC120042547,LOC120044673,LOC120047102,LOC120062235,hpda,rce1a,reep3b,ryr1b,sec63
GO:0044281	small molecule metabolic process	biological_process	33	945	1329	34268	0.9	7.570e-01	9.535e-01		LOC120019174,LOC120021978,LOC120024923,LOC120031947,LOC120032643,LOC120035602,LOC120035871,LOC120036441,LOC120038939,LOC120039976,LOC120041441,LOC120041557,LOC120041970,LOC120042224,LOC120044084,LOC120046279,LOC120046526,LOC120048037,LOC120052006,LOC120053339,LOC120063269,ada2b,eno1a,eno4,gmds
GO:0012501	programmed cell death	biological_process	6	945	270	34268	0.81	7.575e-01	9.535e-01		LOC120044673,LOC120057394,LOC120062414,birc6,bmf2,boka
GO:0008219	cell death	biological_process	6	945	270	34268	0.81	7.575e-01	9.535e-01		LOC120044673,LOC120057394,LOC120062414,birc6,bmf2,boka
GO:0019752	carboxylic acid metabolic process	biological_process	14	945	593	34268	0.86	7.590e-01	9.545e-01		LOC120031947,LOC120032643,LOC120035871,LOC120036441,LOC120039976,LOC120041557,LOC120041970,LOC120046279,LOC120046526,LOC120052006,eno1a,eno4,hpda,shmt2
GO:0005576	extracellular region	cellular_component	30	945	1220	34268	0.89	7.660e-01	9.612e-01		LOC120017348,LOC120018930,LOC120019858,LOC120024764,LOC120024775,LOC120028155,LOC120031262,LOC120031263,LOC120031740,LOC120035176,LOC120038032,LOC120039446,LOC120041682,LOC120047802,LOC120048323,LOC120052703,LOC120052766,LOC120053339,LOC120055372,LOC120061457,LOC120064170,LOC120065502,ahsg2,chid1,col14a1a
GO:0043408	regulation of MAPK cascade	biological_process	6	945	273	34268	0.8	7.666e-01	9.612e-01		LOC120018241,LOC120035382,LOC120048238,LOC120049457,dusp27,spred1
GO:0019783	ubiquitin-like protein peptidase activity	molecular_function	4	945	189	34268	0.77	7.682e-01	9.612e-01		LOC120020607,LOC120036176,LOC120055128,LOC120064172
GO:0030594	neurotransmitter receptor activity	molecular_function	5	945	232	34268	0.78	7.695e-01	9.612e-01		LOC120033625,LOC120039400,LOC120039661,LOC120052253,LOC120062048
GO:0072657	protein localization to membrane	biological_process	5	945	232	34268	0.78	7.695e-01	9.612e-01		LOC120041233,LOC120042044,LOC120066770,grip1,rab40c
GO:0005667	transcription regulator complex	cellular_component	10	945	438	34268	0.83	7.698e-01	9.612e-01		LOC120025770,LOC120027297,LOC120027806,LOC120037314,LOC120040452,LOC120048085,LOC120049960,LOC120056022,LOC120056600,taf2
GO:0015629	actin cytoskeleton	cellular_component	16	945	678	34268	0.86	7.710e-01	9.612e-01		LOC120023490,LOC120024355,LOC120029844,LOC120034101,LOC120037876,LOC120039455,LOC120039456,LOC120041942,LOC120047350,LOC120048021,LOC120052232,LOC120054371,LOC120055401,LOC120066535,bmf2,myo16
GO:0030029	actin filament-based process	biological_process	16	945	678	34268	0.86	7.710e-01	9.612e-01		LOC120022498,LOC120023490,LOC120024298,LOC120024355,LOC120029844,LOC120031609,LOC120034101,LOC120036648,LOC120037876,LOC120043715,LOC120064270,LOC120066535,elmo1,fhod3b,setd3,washc5
GO:0043436	oxoacid metabolic process	biological_process	14	945	599	34268	0.85	7.715e-01	9.612e-01		LOC120031947,LOC120032643,LOC120035871,LOC120036441,LOC120039976,LOC120041557,LOC120041970,LOC120046279,LOC120046526,LOC120052006,eno1a,eno4,hpda,shmt2
GO:0006260	DNA replication	biological_process	3	945	147	34268	0.74	7.744e-01	9.617e-01		LOC120021135,LOC120051426,LOC120058491
GO:0051093	negative regulation of developmental process	biological_process	3	945	147	34268	0.74	7.744e-01	9.617e-01		LOC120036133,LOC120036309,LOC120050435
GO:0007005	mitochondrion organization	biological_process	5	945	234	34268	0.77	7.759e-01	9.617e-01		LOC120024761,LOC120040508,LOC120057394,adck1,chchd3a
GO:0003774	cytoskeletal motor activity	molecular_function	5	945	234	34268	0.77	7.759e-01	9.617e-01	Y	LOC120024355,LOC120045717,LOC120051524,LOC120055401,myo16
GO:0031090	organelle membrane	cellular_component	43	945	1726	34268	0.9	7.764e-01	9.617e-01		LOC120019396,LOC120021735,LOC120024255,LOC120024771,LOC120027965,LOC120029359,LOC120031821,LOC120032827,LOC120035602,LOC120036176,LOC120036275,LOC120037234,LOC120038182,LOC120039875,LOC120040508,LOC120041350,LOC120041635,LOC120041665,LOC120042547,LOC120044673,LOC120044890,LOC120047102,LOC120047639,LOC120052036,LOC120052912
GO:0005783	endoplasmic reticulum	cellular_component	28	945	1150	34268	0.88	7.767e-01	9.617e-01		LOC120019396,LOC120021188,LOC120021735,LOC120021805,LOC120029359,LOC120031281,LOC120033004,LOC120034928,LOC120041202,LOC120041635,LOC120042547,LOC120042627,LOC120043494,LOC120044673,LOC120047102,LOC120047348,LOC120048047,LOC120053472,LOC120062235,hpda,osbpl3b,pdia5,phtf2,pigq,rce1a
GO:0010639	negative regulation of organelle organization	biological_process	3	945	148	34268	0.74	7.783e-01	9.623e-01		LOC120023518,LOC120053667,mdm1
GO:0008194	UDP-glycosyltransferase activity	molecular_function	4	945	192	34268	0.76	7.787e-01	9.623e-01		LOC120041920,LOC120048047,LOC120062401,has2
GO:0140677	molecular function activator activity	molecular_function	28	945	1152	34268	0.88	7.796e-01	9.624e-01		LOC120023438,LOC120024769,LOC120031740,LOC120035176,LOC120036133,LOC120036309,LOC120036494,LOC120037596,LOC120039151,LOC120042432,LOC120046850,LOC120050435,LOC120050996,LOC120053339,LOC120053472,LOC120055401,LOC120056015,LOC120058352,LOC120062019,LOC120065226,agap1,asap1a,ccny,iqgap1,prl2
GO:0008104	intracellular protein localization	biological_process	30	945	1230	34268	0.88	7.805e-01	9.626e-01		LOC120021805,LOC120022969,LOC120024761,LOC120026131,LOC120027968,LOC120029359,LOC120029988,LOC120030968,LOC120030969,LOC120034741,LOC120036275,LOC120037916,LOC120040148,LOC120041233,LOC120041350,LOC120042044,LOC120042547,LOC120043494,LOC120044890,LOC120052912,LOC120066770,cd74a,grip1,invs,napab
GO:0032446	protein modification by small protein conjugation	biological_process	13	945	565	34268	0.83	7.835e-01	9.644e-01		LOC120024150,LOC120027803,LOC120037315,LOC120038274,LOC120045312,LOC120048863,LOC120056165,LOC120060832,LOC120064518,cand1,march4l,nsmce2,peli3
GO:0007018	microtubule-based movement	biological_process	7	945	321	34268	0.79	7.845e-01	9.644e-01		LOC120027965,LOC120030442,LOC120039678,LOC120044085,LOC120045717,LOC120045990,LOC120051524
GO:0018193	peptidyl-amino acid modification	biological_process	11	945	485	34268	0.82	7.847e-01	9.644e-01		LOC120017820,LOC120020607,LOC120024298,LOC120028305,LOC120045312,LOC120064172,dph1,dyrk2,nsmce2,setd3,tpst1
GO:0006790	sulfur compound metabolic process	biological_process	4	945	194	34268	0.75	7.855e-01	9.644e-01		LOC120038939,LOC120064266,tpk1,tpst1
GO:0033993	response to lipid	biological_process	3	945	150	34268	0.73	7.859e-01	9.644e-01	Y	LOC120025770,LOC120042432,LOC120044685
GO:0030695	GTPase regulator activity	molecular_function	16	945	687	34268	0.84	7.879e-01	9.658e-01		LOC120019806,LOC120023438,LOC120031753,LOC120036494,LOC120037596,LOC120039151,LOC120041481,LOC120046022,LOC120050996,LOC120055401,LOC120059318,LOC120065226,agap1,asap1a,iqgap1,sgsm2
GO:0019693	ribose phosphate metabolic process	biological_process	6	945	281	34268	0.77	7.897e-01	9.659e-01		LOC120036441,LOC120048037,LOC120053339,eno1a,eno4,nme7
GO:0003924	GTPase activity	molecular_function	16	945	688	34268	0.84	7.897e-01	9.659e-01		LOC120020237,LOC120024122,LOC120026029,LOC120040595,LOC120043843,LOC120050139,LOC120055618,LOC120058008,LOC120061304,LOC120061446,LOC120063050,LOC120066770,agap1,gna12a,rab40c,tufm
GO:0020037	heme binding	molecular_function	5	945	239	34268	0.76	7.912e-01	9.659e-01		LOC120019174,LOC120022991,LOC120024364,LOC120031281,LOC120035602
GO:0032870	cellular response to hormone stimulus	biological_process	5	945	239	34268	0.76	7.912e-01	9.659e-01		LOC120025770,LOC120025946,LOC120035602,LOC120043284,pparg
GO:0072594	establishment of protein localization to organelle	biological_process	6	945	283	34268	0.77	7.952e-01	9.675e-01		LOC120024761,LOC120027968,LOC120037916,LOC120040148,sec63,snupn
GO:0016810	hydrolase activity, acting on carbon-nitrogen (but not peptide) bonds	molecular_function	3	945	153	34268	0.71	7.970e-01	9.675e-01		LOC120041440,ada2b,mthfd2l
GO:0007015	actin filament organization	biological_process	8	945	368	34268	0.79	7.981e-01	9.675e-01		LOC120024355,LOC120029844,LOC120034101,LOC120043715,LOC120066535,elmo1,fhod3b,washc5
GO:0003712	transcription coregulator activity	molecular_function	10	945	451	34268	0.8	7.992e-01	9.675e-01		LOC120038654,LOC120040092,LOC120043569,LOC120049432,LOC120049960,LOC120056600,LOC120056723,LOC120058628,LOC120061508,setd3
GO:0046942	carboxylic acid transport	biological_process	5	945	242	34268	0.75	8.000e-01	9.675e-01		LOC120037234,LOC120038182,LOC120039504,LOC120046803,slc16a4
GO:0005938	cell cortex	cellular_component	6	945	285	34268	0.76	8.005e-01	9.675e-01		LOC120024771,LOC120029844,LOC120043843,LOC120047173,LOC120052036,LOC120066535
GO:0046982	protein heterodimerization activity	molecular_function	3	945	154	34268	0.71	8.006e-01	9.675e-01		LOC120018906,LOC120048085,boka
GO:0006813	potassium ion transport	biological_process	7	945	328	34268	0.77	8.024e-01	9.675e-01	Y	LOC120017966,LOC120019351,LOC120022033,LOC120040195,LOC120040197,LOC120050102,kcnd3
GO:0046906	tetrapyrrole binding	molecular_function	5	945	243	34268	0.75	8.028e-01	9.675e-01		LOC120019174,LOC120022991,LOC120024364,LOC120031281,LOC120035602
GO:1901293	nucleoside phosphate biosynthetic process	biological_process	6	945	286	34268	0.76	8.032e-01	9.675e-01		LOC120024923,LOC120038939,LOC120044084,LOC120048037,LOC120053339,nme7
GO:0009152	purine ribonucleotide biosynthetic process	biological_process	3	945	155	34268	0.7	8.041e-01	9.675e-01		LOC120048037,LOC120053339,nme7
GO:0042981	regulation of apoptotic process	biological_process	10	945	454	34268	0.8	8.056e-01	9.675e-01		LOC120018381,LOC120027924,LOC120029132,LOC120040004,LOC120041259,birc6,bmf2,boka,nod2,tmbim4
GO:0006886	intracellular protein transport	biological_process	15	945	658	34268	0.83	8.075e-01	9.675e-01		LOC120022969,LOC120024761,LOC120026131,LOC120027968,LOC120029988,LOC120037916,LOC120040148,LOC120041350,LOC120044890,LOC120066770,cd74a,grip1,napab,snupn,stx12
GO:0141188	nucleic acid catabolic process	biological_process	3	945	156	34268	0.7	8.076e-01	9.675e-01		LOC120020421,LOC120024739,snd1
GO:0072521	purine-containing compound metabolic process	biological_process	10	945	455	34268	0.8	8.077e-01	9.675e-01		LOC120036441,LOC120038939,LOC120048037,LOC120053339,ada2b,eno1a,eno4,macrod1,nme7,shmt2
GO:0006351	DNA-templated transcription	biological_process	5	945	245	34268	0.74	8.085e-01	9.675e-01		LOC120037314,LOC120048085,hoxa9b,pcf11,taf2
GO:0019897	extrinsic component of plasma membrane	cellular_component	5	945	245	34268	0.74	8.085e-01	9.675e-01		LOC120036176,LOC120051153,LOC120061446,blk,gna12a
GO:0060589	nucleoside-triphosphatase regulator activity	molecular_function	16	945	699	34268	0.83	8.090e-01	9.675e-01		LOC120019806,LOC120023438,LOC120031753,LOC120036494,LOC120037596,LOC120039151,LOC120041481,LOC120046022,LOC120050996,LOC120055401,LOC120059318,LOC120065226,agap1,asap1a,iqgap1,sgsm2
GO:0019637	organophosphate metabolic process	biological_process	22	945	938	34268	0.85	8.097e-01	9.675e-01		LOC120021978,LOC120024923,LOC120025946,LOC120036441,LOC120037010,LOC120038939,LOC120042224,LOC120044084,LOC120044697,LOC120047102,LOC120048037,LOC120053339,LOC120062235,eno1a,eno4,enpp2,gmds,nme7,pfkfb4b,pigq,plcg1,tpk1
GO:0005829	cytosol	cellular_component	40	945	1640	34268	0.88	8.107e-01	9.675e-01		LOC120024412,LOC120024923,LOC120025639,LOC120026149,LOC120029338,LOC120032120,LOC120032447,LOC120032643,LOC120034741,LOC120035108,LOC120036176,LOC120036441,LOC120037910,LOC120038939,LOC120039504,LOC120040161,LOC120040888,LOC120042224,LOC120042458,LOC120043545,LOC120043715,LOC120044890,LOC120046000,LOC120046850,LOC120047799
GO:0006913	nucleocytoplasmic transport	biological_process	4	945	202	34268	0.72	8.109e-01	9.675e-01		LOC120027968,LOC120029988,LOC120057138,snupn
GO:0051169	nuclear transport	biological_process	4	945	202	34268	0.72	8.109e-01	9.675e-01		LOC120027968,LOC120029988,LOC120057138,snupn
GO:0015849	organic acid transport	biological_process	5	945	246	34268	0.74	8.112e-01	9.675e-01		LOC120037234,LOC120038182,LOC120039504,LOC120046803,slc16a4
GO:0120031	plasma membrane bounded cell projection assembly	biological_process	6	945	290	34268	0.75	8.135e-01	9.675e-01		LOC120036212,LOC120039678,LOC120040161,LOC120044085,LOC120045990,ift80
GO:0016567	protein ubiquitination	biological_process	11	945	499	34268	0.8	8.136e-01	9.675e-01		LOC120024150,LOC120027803,LOC120037315,LOC120038274,LOC120048863,LOC120056165,LOC120060832,LOC120064518,cand1,march4l,peli3
GO:1904949	ATPase complex	cellular_component	3	945	158	34268	0.69	8.144e-01	9.675e-01		LOC120034929,LOC120046271,LOC120048427
GO:0043067	regulation of programmed cell death	biological_process	10	945	459	34268	0.79	8.159e-01	9.675e-01		LOC120018381,LOC120027924,LOC120029132,LOC120040004,LOC120041259,birc6,bmf2,boka,nod2,tmbim4
GO:0008134	transcription factor binding	molecular_function	4	945	204	34268	0.71	8.169e-01	9.675e-01		LOC120041376,LOC120049432,crtc3,grip1
GO:0034765	regulation of monoatomic ion transmembrane transport	biological_process	3	945	159	34268	0.68	8.177e-01	9.675e-01		LOC120028064,LOC120046000,wnk1b
GO:0004930	G protein-coupled receptor activity	molecular_function	27	945	1143	34268	0.86	8.209e-01	9.675e-01		LOC120018886,LOC120018950,LOC120020067,LOC120022997,LOC120023811,LOC120027901,LOC120029024,LOC120035610,LOC120036164,LOC120036483,LOC120038409,LOC120038711,LOC120039905,LOC120040472,LOC120045614,LOC120045788,LOC120046488,LOC120049060,LOC120050409,LOC120051754,LOC120053245,LOC120056825,LOC120061204,LOC120064874,adgrl1a
GO:0007346	regulation of mitotic cell cycle	biological_process	4	945	206	34268	0.7	8.227e-01	9.675e-01		LOC120026404,LOC120063465,cdc25b,myo16
GO:0006950	response to stress	biological_process	35	945	1457	34268	0.87	8.227e-01	9.675e-01		LOC120021135,LOC120021188,LOC120022991,LOC120023733,LOC120026163,LOC120031262,LOC120031263,LOC120035709,LOC120037182,LOC120039905,LOC120040452,LOC120041259,LOC120042432,LOC120044673,LOC120045788,LOC120050584,LOC120051153,LOC120053472,LOC120056015,LOC120056600,LOC120057064,LOC120058008,LOC120058491,LOC120059075,LOC120060832
GO:1901700	response to oxygen-containing compound	biological_process	8	945	379	34268	0.77	8.230e-01	9.675e-01	Y	LOC120021188,LOC120025770,LOC120025946,LOC120035602,LOC120042432,LOC120044685,LOC120050139,nod2
GO:0044782	cilium organization	biological_process	6	945	294	34268	0.74	8.234e-01	9.675e-01		LOC120036212,LOC120039678,LOC120040161,LOC120044085,LOC120045990,ift80
GO:0006508	proteolysis	biological_process	14	945	627	34268	0.81	8.237e-01	9.675e-01		LOC120017348,LOC120024412,LOC120028155,LOC120029132,LOC120029335,LOC120032273,LOC120034770,LOC120036387,LOC120045314,LOC120047639,LOC120058995,LOC120063949,LOC120066766,rce1a
GO:1903047	mitotic cell cycle process	biological_process	7	945	338	34268	0.75	8.260e-01	9.675e-01		LOC120027100,LOC120030968,LOC120030969,LOC120036138,LOC120046061,cdc25b,prc1b
GO:0051604	protein maturation	biological_process	8	945	381	34268	0.76	8.273e-01	9.675e-01		LOC120047102,LOC120047639,LOC120050584,LOC120058995,LOC120062235,pdia5,pigq,rce1a
GO:0003013	circulatory system process	biological_process	3	945	162	34268	0.67	8.273e-01	9.675e-01		LOC120022997,LOC120039905,LOC120058995
GO:0008015	blood circulation	biological_process	3	945	162	34268	0.67	8.273e-01	9.675e-01		LOC120022997,LOC120039905,LOC120058995
GO:0003682	chromatin binding	molecular_function	6	945	296	34268	0.74	8.282e-01	9.675e-01		LOC120022333,LOC120048427,LOC120051525,LOC120061508,kdm6a,taf2
GO:0070646	protein modification by small protein removal	biological_process	4	945	208	34268	0.7	8.283e-01	9.675e-01		LOC120020607,LOC120036176,LOC120055128,LOC120064172
GO:0008236	serine-type peptidase activity	molecular_function	5	945	253	34268	0.72	8.297e-01	9.675e-01		LOC120024412,LOC120028155,LOC120032273,LOC120047639,rhbdl1
GO:0098542	defense response to other organism	biological_process	3	945	163	34268	0.67	8.304e-01	9.675e-01		LOC120041259,LOC120051153,blk
GO:0140546	defense response to symbiont	biological_process	3	945	163	34268	0.67	8.304e-01	9.675e-01		LOC120041259,LOC120051153,blk
GO:0008284	positive regulation of cell population proliferation	biological_process	4	945	209	34268	0.69	8.311e-01	9.675e-01		LOC120044685,LOC120050848,LOC120062019,LOC120063465
GO:0010605	negative regulation of macromolecule metabolic process	biological_process	24	945	1033	34268	0.84	8.317e-01	9.675e-01		LOC120019146,LOC120019179,LOC120020421,LOC120023423,LOC120025770,LOC120032414,LOC120036314,LOC120037573,LOC120038032,LOC120039782,LOC120040407,LOC120040410,LOC120042491,LOC120062581,ahsg2,atxn1a,cblb,larp1,pparg,pphln1,serpini1,si:ch73-41e3.7,snd1,tdrd12
GO:0010628	positive regulation of gene expression	biological_process	5	945	254	34268	0.71	8.322e-01	9.675e-01		LOC120037513,LOC120042432,LOC120059075,LOC120062019,larp1
GO:0043549	regulation of kinase activity	biological_process	6	945	298	34268	0.73	8.329e-01	9.675e-01		LOC120040854,LOC120050848,LOC120058352,cblb,ccny,ror2
GO:0006974	DNA damage response	biological_process	10	945	468	34268	0.77	8.334e-01	9.675e-01		LOC120021135,LOC120023733,LOC120035709,LOC120056015,LOC120058491,ascc1,boka,macrod1,nsmce2,tdp2b
GO:0006310	DNA recombination	biological_process	3	945	164	34268	0.66	8.335e-01	9.675e-01		LOC120021135,LOC120023733,nsmce2
GO:0007034	vacuolar transport	biological_process	3	945	164	34268	0.66	8.335e-01	9.675e-01		LOC120024761,LOC120037916,LOC120040148
GO:0006954	inflammatory response	biological_process	4	945	210	34268	0.69	8.338e-01	9.675e-01	Y	LOC120041259,LOC120042432,LOC120045788,LOC120057064
GO:0019866	organelle inner membrane	cellular_component	5	945	256	34268	0.71	8.372e-01	9.705e-01		LOC120035602,adck1,chchd3a,mcu,shmt2
GO:0017171	serine hydrolase activity	molecular_function	5	945	257	34268	0.71	8.396e-01	9.716e-01		LOC120024412,LOC120028155,LOC120032273,LOC120047639,rhbdl1
GO:0050877	nervous system process	biological_process	10	945	472	34268	0.77	8.408e-01	9.716e-01		LOC120023930,LOC120033625,LOC120037668,LOC120039400,LOC120039652,LOC120041637,LOC120044082,LOC120045614,LOC120050409,LOC120052253
GO:0009260	ribonucleotide biosynthetic process	biological_process	3	945	167	34268	0.65	8.424e-01	9.716e-01		LOC120048037,LOC120053339,nme7
GO:0007420	brain development	biological_process	3	945	167	34268	0.65	8.424e-01	9.716e-01		LOC120029338,LOC120046061,LOC120059043
GO:0060322	head development	biological_process	3	945	167	34268	0.65	8.424e-01	9.716e-01		LOC120029338,LOC120046061,LOC120059043
GO:0009117	nucleotide metabolic process	biological_process	8	945	389	34268	0.75	8.435e-01	9.716e-01		LOC120021978,LOC120036441,LOC120044084,LOC120048037,LOC120053339,eno1a,eno4,nme7
GO:0009892	negative regulation of metabolic process	biological_process	25	945	1083	34268	0.84	8.446e-01	9.716e-01		LOC120019146,LOC120019179,LOC120020421,LOC120023423,LOC120025770,LOC120032414,LOC120036314,LOC120037573,LOC120038032,LOC120039782,LOC120040407,LOC120040410,LOC120042491,LOC120062581,ahsg2,atxn1a,bmf2,cblb,larp1,pparg,pphln1,serpini1,si:ch73-41e3.7,snd1,tdrd12
GO:0004497	monooxygenase activity	molecular_function	3	945	168	34268	0.65	8.453e-01	9.716e-01	Y	LOC120019174,LOC120031947,LOC120035602
GO:0006820	monoatomic anion transport	biological_process	3	945	168	34268	0.65	8.453e-01	9.716e-01	Y	LOC120025853,LOC120038852,LOC120041665
GO:0005267	potassium channel activity	molecular_function	6	945	304	34268	0.72	8.463e-01	9.718e-01		LOC120017966,LOC120019351,LOC120022033,LOC120040195,LOC120040197,kcnd3
GO:0010564	regulation of cell cycle process	biological_process	5	945	261	34268	0.69	8.490e-01	9.740e-01		LOC120063465,birc6,cdc25b,mdm1,myo16
GO:0005249	voltage-gated potassium channel activity	molecular_function	4	945	217	34268	0.67	8.520e-01	9.764e-01		LOC120022033,LOC120040195,LOC120040197,kcnd3
GO:0042330	taxis	biological_process	4	945	218	34268	0.67	8.544e-01	9.774e-01		LOC120023487,LOC120024769,LOC120036133,LOC120036309
GO:0006935	chemotaxis	biological_process	4	945	218	34268	0.67	8.544e-01	9.774e-01		LOC120023487,LOC120024769,LOC120036133,LOC120036309
GO:0070647	protein modification by small protein conjugation or removal	biological_process	17	945	771	34268	0.8	8.567e-01	9.791e-01		LOC120020607,LOC120024150,LOC120027803,LOC120036176,LOC120037315,LOC120038274,LOC120045312,LOC120048863,LOC120055128,LOC120056165,LOC120060832,LOC120064172,LOC120064518,cand1,march4l,nsmce2,peli3
GO:0033674	positive regulation of kinase activity	biological_process	3	945	173	34268	0.63	8.590e-01	9.791e-01		LOC120040854,LOC120050848,ror2
GO:0040011	locomotion	biological_process	4	945	220	34268	0.66	8.592e-01	9.791e-01		LOC120023487,LOC120024769,LOC120036133,LOC120036309
GO:0009725	response to hormone	biological_process	5	945	266	34268	0.68	8.601e-01	9.791e-01		LOC120025770,LOC120025946,LOC120035602,LOC120043284,pparg
GO:0003779	actin binding	molecular_function	14	945	651	34268	0.78	8.610e-01	9.791e-01		LOC120022498,LOC120023490,LOC120024355,LOC120026163,LOC120029844,LOC120034101,LOC120036648,LOC120041942,LOC120047350,LOC120053354,LOC120066535,fhod3b,iqgap1,myo16
GO:0044877	protein-containing complex binding	molecular_function	21	945	937	34268	0.81	8.615e-01	9.791e-01		LOC120023518,LOC120024355,LOC120025260,LOC120026163,LOC120027434,LOC120028096,LOC120029844,LOC120034101,LOC120046850,LOC120047334,LOC120048052,LOC120048427,LOC120053667,LOC120061446,LOC120064520,LOC120066535,fermt3b,fhod3b,gna12a,iqgap1,myo16
GO:0009165	nucleotide biosynthetic process	biological_process	4	945	221	34268	0.66	8.615e-01	9.791e-01		LOC120044084,LOC120048037,LOC120053339,nme7
GO:0051338	regulation of transferase activity	biological_process	6	945	314	34268	0.69	8.667e-01	9.841e-01		LOC120040854,LOC120050848,LOC120058352,cblb,ccny,ror2
GO:0061695	transferase complex, transferring phosphorus-containing groups	cellular_component	8	945	404	34268	0.72	8.707e-01	9.873e-01		LOC120025260,LOC120025946,LOC120028096,LOC120036441,LOC120048085,LOC120057599,ccny,taf2
GO:0033554	cellular response to stress	biological_process	17	945	783	34268	0.79	8.720e-01	9.873e-01		LOC120021135,LOC120021188,LOC120023733,LOC120035709,LOC120040452,LOC120044673,LOC120053472,LOC120056015,LOC120058491,LOC120060832,LOC120064266,ascc1,atf6,boka,macrod1,nsmce2,tdp2b
GO:0010558	negative regulation of macromolecule biosynthetic process	biological_process	18	945	824	34268	0.79	8.720e-01	9.873e-01		LOC120019179,LOC120020421,LOC120023423,LOC120025770,LOC120032414,LOC120036314,LOC120037573,LOC120039782,LOC120040407,LOC120040410,LOC120042491,LOC120062581,atxn1a,pparg,pphln1,si:ch73-41e3.7,snd1,tdrd12
GO:0005635	nuclear envelope	cellular_component	3	945	179	34268	0.61	8.741e-01	9.888e-01		LOC120021805,LOC120044869,LOC120053472
GO:0090150	establishment of protein localization to membrane	biological_process	3	945	180	34268	0.6	8.765e-01	9.898e-01		LOC120066770,grip1,sec63
GO:0043687	post-translational protein modification	biological_process	17	945	787	34268	0.78	8.768e-01	9.898e-01		LOC120020607,LOC120024150,LOC120027803,LOC120036176,LOC120037315,LOC120038274,LOC120045312,LOC120048863,LOC120055128,LOC120056165,LOC120060832,LOC120064172,LOC120064518,cand1,march4l,nsmce2,peli3
GO:0009967	positive regulation of signal transduction	biological_process	10	945	495	34268	0.73	8.782e-01	9.898e-01		LOC120031753,LOC120035382,LOC120037504,LOC120048238,LOC120049457,LOC120053980,LOC120063774,gpc5a,nod2,prl2
GO:0141124	intracellular signaling cassette	biological_process	12	945	581	34268	0.75	8.796e-01	9.898e-01		LOC120024122,LOC120024738,LOC120034101,LOC120036176,LOC120042766,LOC120046022,LOC120048052,LOC120050139,LOC120061304,LOC120063050,gna12a,myo16
GO:0046390	ribose phosphate biosynthetic process	biological_process	3	945	182	34268	0.6	8.811e-01	9.898e-01		LOC120048037,LOC120053339,nme7
GO:0006281	DNA repair	biological_process	6	945	322	34268	0.68	8.814e-01	9.898e-01		LOC120021135,LOC120023733,LOC120035709,ascc1,nsmce2,tdp2b
GO:1902680	positive regulation of RNA biosynthetic process	biological_process	13	945	625	34268	0.75	8.821e-01	9.898e-01		LOC120022333,LOC120025770,LOC120038654,LOC120041376,LOC120048427,LOC120048863,LOC120049432,LOC120052445,LOC120056723,LOC120063338,crtc3,pparg,setd3
GO:0045893	positive regulation of DNA-templated transcription	biological_process	13	945	625	34268	0.75	8.821e-01	9.898e-01		LOC120022333,LOC120025770,LOC120038654,LOC120041376,LOC120048427,LOC120048863,LOC120049432,LOC120052445,LOC120056723,LOC120063338,crtc3,pparg,setd3
GO:0006753	nucleoside phosphate metabolic process	biological_process	11	945	541	34268	0.74	8.829e-01	9.898e-01		LOC120021978,LOC120024923,LOC120036441,LOC120038939,LOC120044084,LOC120048037,LOC120053339,eno1a,eno4,gmds,nme7
GO:0034329	cell junction assembly	biological_process	4	945	231	34268	0.63	8.832e-01	9.898e-01		LOC120035933,LOC120037245,LOC120050489,muc13b
GO:0120543	macromolecular conformation isomerase activity	molecular_function	6	945	324	34268	0.67	8.849e-01	9.903e-01		LOC120024355,LOC120043062,LOC120045717,LOC120051524,LOC120055401,ighmbp2
GO:0044085	cellular component biogenesis	biological_process	47	945	1994	34268	0.85	8.861e-01	9.903e-01		LOC120023558,LOC120024469,LOC120024771,LOC120025455,LOC120027100,LOC120030968,LOC120030969,LOC120031821,LOC120035108,LOC120035933,LOC120036138,LOC120036212,LOC120037245,LOC120037800,LOC120037876,LOC120039678,LOC120040161,LOC120043062,LOC120043574,LOC120043715,LOC120044085,LOC120045990,LOC120048078,LOC120048831,LOC120050489
GO:0006793	phosphorus metabolic process	biological_process	22	945	1000	34268	0.8	8.861e-01	9.903e-01		LOC120021978,LOC120024923,LOC120025946,LOC120036441,LOC120037010,LOC120038939,LOC120042224,LOC120044084,LOC120044697,LOC120047102,LOC120048037,LOC120053339,LOC120062235,eno1a,eno4,enpp2,gmds,nme7,pfkfb4b,pigq,plcg1,tpk1
GO:0031981	nuclear lumen	cellular_component	23	945	1042	34268	0.8	8.874e-01	9.903e-01		LOC120019179,LOC120021135,LOC120023733,LOC120023930,LOC120026149,LOC120031419,LOC120037573,LOC120043715,LOC120047765,LOC120048085,LOC120048863,LOC120056165,LOC120064518,LOC120066501,kdm6a,macrod1,myo16,nip7,pinx1,pphln1,taf2,tdp2b,tex10
GO:0010496	intercellular transport	biological_process	16	945	755	34268	0.77	8.877e-01	9.903e-01		LOC120021735,LOC120027968,LOC120029988,LOC120032827,LOC120037916,LOC120040148,LOC120041350,LOC120042547,LOC120043494,LOC120044890,LOC120057138,LOC120066770,grip1,mcu,snupn,vps50
GO:0048513	animal organ development	biological_process	18	945	840	34268	0.78	8.901e-01	9.920e-01		LOC120018245,LOC120022751,LOC120024355,LOC120028096,LOC120029338,LOC120036133,LOC120036309,LOC120039652,LOC120046061,LOC120050435,LOC120050584,LOC120059043,LOC120062019,LOC120063701,LOC120065502,fhod3b,hoxa9b,kdm6a
GO:0051726	regulation of cell cycle	biological_process	8	945	417	34268	0.7	8.910e-01	9.922e-01		LOC120026404,LOC120040200,LOC120051425,LOC120063465,birc6,cdc25b,mdm1,myo16
GO:0009890	negative regulation of biosynthetic process	biological_process	18	945	842	34268	0.78	8.922e-01	9.924e-01		LOC120019179,LOC120020421,LOC120023423,LOC120025770,LOC120032414,LOC120036314,LOC120037573,LOC120039782,LOC120040407,LOC120040410,LOC120042491,LOC120062581,atxn1a,pparg,pphln1,si:ch73-41e3.7,snd1,tdrd12
GO:0006259	DNA metabolic process	biological_process	10	945	506	34268	0.72	8.935e-01	9.924e-01		LOC120021135,LOC120023733,LOC120035709,LOC120049958,LOC120051426,LOC120052036,LOC120058491,ascc1,nsmce2,tdp2b
GO:0032787	monocarboxylic acid metabolic process	biological_process	6	945	330	34268	0.66	8.947e-01	9.924e-01		LOC120036441,LOC120039976,LOC120046279,LOC120052006,eno1a,eno4
GO:0030234	enzyme regulator activity	molecular_function	32	945	1416	34268	0.82	8.974e-01	9.924e-01		LOC120019146,LOC120019806,LOC120023438,LOC120025121,LOC120025946,LOC120031753,LOC120036494,LOC120037596,LOC120038032,LOC120039151,LOC120039446,LOC120040200,LOC120041481,LOC120046022,LOC120046850,LOC120048323,LOC120050996,LOC120053472,LOC120055401,LOC120056015,LOC120058352,LOC120059318,LOC120065226,agap1,ahsg2
GO:0006397	mRNA processing	biological_process	7	945	377	34268	0.67	8.975e-01	9.924e-01		LOC120025455,LOC120038653,LOC120042593,LOC120044673,LOC120054769,LOC120057138,cstf3
GO:0007423	sensory organ development	biological_process	3	945	190	34268	0.57	8.980e-01	9.924e-01		LOC120024355,LOC120039652,LOC120050584
GO:0043269	regulation of monoatomic ion transport	biological_process	3	945	190	34268	0.57	8.980e-01	9.924e-01	Y	LOC120028064,LOC120046000,wnk1b
GO:0006164	purine nucleotide biosynthetic process	biological_process	3	945	191	34268	0.57	9.000e-01	9.924e-01		LOC120048037,LOC120053339,nme7
GO:1901698	response to nitrogen compound	biological_process	4	945	241	34268	0.6	9.018e-01	9.924e-01		LOC120025946,LOC120035602,LOC120050139,nod2
GO:0006091	generation of precursor metabolites and energy	biological_process	5	945	289	34268	0.63	9.028e-01	9.924e-01		LOC120031281,LOC120036441,LOC120057599,eno1a,eno4
GO:0016491	oxidoreductase activity	molecular_function	22	945	1018	34268	0.78	9.030e-01	9.924e-01		LOC120017820,LOC120019174,LOC120021978,LOC120022991,LOC120031281,LOC120031947,LOC120035602,LOC120036026,LOC120040092,LOC120041557,LOC120046526,LOC120052006,LOC120058068,LOC120064266,aldh1a3,enox2,hpda,iyd,kdm6a,mthfd2l,pir,xdh
GO:0006955	immune response	biological_process	11	945	557	34268	0.72	9.031e-01	9.924e-01	Y	LOC120022588,LOC120028155,LOC120036602,LOC120041259,LOC120042432,LOC120044685,LOC120051153,LOC120057064,blk,cd74a,enpp2
GO:0002682	regulation of immune system process	biological_process	8	945	426	34268	0.68	9.035e-01	9.924e-01	Y	LOC120023423,LOC120028155,LOC120040407,LOC120040410,LOC120042491,LOC120044685,LOC120057064,LOC120059075
GO:0006163	purine nucleotide metabolic process	biological_process	6	945	336	34268	0.65	9.038e-01	9.924e-01		LOC120036441,LOC120048037,LOC120053339,eno1a,eno4,nme7
GO:1901699	cellular response to nitrogen compound	biological_process	3	945	194	34268	0.56	9.057e-01	9.924e-01		LOC120025946,LOC120035602,LOC120050139
GO:0051246	regulation of protein metabolic process	biological_process	16	945	773	34268	0.75	9.066e-01	9.924e-01		LOC120019146,LOC120025639,LOC120038032,LOC120040733,LOC120058352,LOC120059075,LOC120060832,LOC120062019,LOC120062581,LOC120064502,ahsg2,cblb,ccny,fbxl8,larp1,serpini1
GO:0051056	regulation of small GTPase mediated signal transduction	biological_process	4	945	244	34268	0.59	9.069e-01	9.924e-01		LOC120031753,LOC120041481,LOC120050996,LOC120065226
GO:0051668	localization within membrane	biological_process	8	945	429	34268	0.68	9.074e-01	9.924e-01		LOC120041233,LOC120042044,LOC120058401,LOC120066770,grip1,rab40c,sec63,vps50
GO:0031984	organelle subcompartment	cellular_component	16	945	774	34268	0.75	9.076e-01	9.924e-01		LOC120019396,LOC120021735,LOC120029359,LOC120041635,LOC120042547,LOC120044673,LOC120047102,LOC120047639,LOC120048047,LOC120053472,LOC120062235,hpda,rce1a,reep3b,ryr1b,sec63
GO:0043233	organelle lumen	cellular_component	28	945	1270	34268	0.8	9.091e-01	9.924e-01		LOC120019179,LOC120021135,LOC120021805,LOC120023733,LOC120023930,LOC120026149,LOC120031419,LOC120037573,LOC120037969,LOC120042627,LOC120043715,LOC120047765,LOC120048085,LOC120048863,LOC120056165,LOC120064518,LOC120066501,kdm6a,macrod1,myo16,nip7,pinx1,pphln1,prelid1a,shmt2
GO:0031974	membrane-enclosed lumen	cellular_component	28	945	1270	34268	0.8	9.091e-01	9.924e-01		LOC120019179,LOC120021135,LOC120021805,LOC120023733,LOC120023930,LOC120026149,LOC120031419,LOC120037573,LOC120037969,LOC120042627,LOC120043715,LOC120047765,LOC120048085,LOC120048863,LOC120056165,LOC120064518,LOC120066501,kdm6a,macrod1,myo16,nip7,pinx1,pphln1,prelid1a,shmt2
GO:0070013	intracellular organelle lumen	cellular_component	28	945	1270	34268	0.8	9.091e-01	9.924e-01		LOC120019179,LOC120021135,LOC120021805,LOC120023733,LOC120023930,LOC120026149,LOC120031419,LOC120037573,LOC120037969,LOC120042627,LOC120043715,LOC120047765,LOC120048085,LOC120048863,LOC120056165,LOC120064518,LOC120066501,kdm6a,macrod1,myo16,nip7,pinx1,pphln1,prelid1a,shmt2
GO:0043410	positive regulation of MAPK cascade	biological_process	3	945	197	34268	0.55	9.111e-01	9.933e-01		LOC120035382,LOC120048238,LOC120049457
GO:0048584	positive regulation of response to stimulus	biological_process	14	945	694	34268	0.73	9.120e-01	9.933e-01		LOC120024769,LOC120027924,LOC120028155,LOC120031753,LOC120035382,LOC120037504,LOC120048238,LOC120049457,LOC120053980,LOC120057064,LOC120063774,gpc5a,nod2,prl2
GO:0045859	regulation of protein kinase activity	biological_process	3	945	198	34268	0.55	9.128e-01	9.933e-01		LOC120058352,cblb,ccny
GO:0010557	positive regulation of macromolecule biosynthetic process	biological_process	18	945	864	34268	0.76	9.132e-01	9.933e-01		LOC120022333,LOC120025770,LOC120037513,LOC120038654,LOC120041376,LOC120042432,LOC120048427,LOC120048863,LOC120049432,LOC120052445,LOC120056723,LOC120059075,LOC120062019,LOC120063338,crtc3,larp1,pparg,setd3
GO:1902531	regulation of intracellular signal transduction	biological_process	16	945	783	34268	0.74	9.159e-01	9.947e-01		LOC120018241,LOC120023926,LOC120031753,LOC120035382,LOC120037504,LOC120041481,LOC120048238,LOC120049457,LOC120050996,LOC120056600,LOC120065226,deptor,dusp27,minar1,nod2,spred1
GO:0002376	immune system process	biological_process	16	945	784	34268	0.74	9.168e-01	9.947e-01	Y	LOC120019109,LOC120022588,LOC120024769,LOC120028155,LOC120035382,LOC120036602,LOC120037969,LOC120041259,LOC120042432,LOC120044685,LOC120051153,LOC120057064,blk,cd74a,enpp2,prf1.5
GO:0005506	iron ion binding	molecular_function	4	945	251	34268	0.58	9.178e-01	9.947e-01		LOC120019174,LOC120031947,LOC120035602,xdh
GO:0006888	endoplasmic reticulum to Golgi vesicle-mediated transport	biological_process	3	945	201	34268	0.54	9.178e-01	9.947e-01		LOC120021735,LOC120042547,LOC120043494
GO:0019221	cytokine-mediated signaling pathway	biological_process	3	945	204	34268	0.53	9.226e-01	9.989e-01		LOC120035382,LOC120042432,LOC120043284
GO:0006338	chromatin remodeling	biological_process	3	945	205	34268	0.53	9.241e-01	9.989e-01		LOC120036026,pphln1,si:ch73-41e3.7
GO:0042221	response to chemical	biological_process	22	945	1045	34268	0.76	9.246e-01	9.989e-01		LOC120021188,LOC120023487,LOC120024255,LOC120024769,LOC120025770,LOC120025946,LOC120035382,LOC120035602,LOC120036133,LOC120036309,LOC120040452,LOC120042432,LOC120043284,LOC120044685,LOC120050139,LOC120050996,LOC120064266,LOC120064758,LOC120066802,nod2,pparg,syt12
GO:0030545	signaling receptor regulator activity	molecular_function	13	945	665	34268	0.71	9.250e-01	9.989e-01		LOC120024769,LOC120031740,LOC120035176,LOC120036133,LOC120036309,LOC120042432,LOC120042627,LOC120050435,LOC120053339,LOC120062019,prl2,vgf,wnt5b
GO:0009891	positive regulation of biosynthetic process	biological_process	18	945	880	34268	0.74	9.263e-01	9.991e-01		LOC120022333,LOC120025770,LOC120037513,LOC120038654,LOC120041376,LOC120042432,LOC120048427,LOC120048863,LOC120049432,LOC120052445,LOC120056723,LOC120059075,LOC120062019,LOC120063338,crtc3,larp1,pparg,setd3
GO:0016071	mRNA metabolic process	biological_process	9	945	491	34268	0.66	9.268e-01	9.991e-01		LOC120020421,LOC120025455,LOC120038653,LOC120042593,LOC120044673,LOC120054769,LOC120057138,cstf3,snd1
GO:0009887	animal organ morphogenesis	biological_process	3	945	208	34268	0.52	9.285e-01	9.996e-01		LOC120024355,LOC120062019,hoxa9b
GO:0015980	energy derivation by oxidation of organic compounds	biological_process	4	945	260	34268	0.56	9.301e-01	9.996e-01		LOC120036441,LOC120057599,eno1a,eno4
GO:0044283	small molecule biosynthetic process	biological_process	5	945	309	34268	0.59	9.302e-01	9.996e-01		LOC120031947,LOC120032643,LOC120042224,ada2b,tpk1
GO:0051015	actin filament binding	molecular_function	7	945	404	34268	0.63	9.309e-01	9.996e-01		LOC120024355,LOC120029844,LOC120034101,LOC120066535,fhod3b,iqgap1,myo16
GO:1901701	cellular response to oxygen-containing compound	biological_process	5	945	310	34268	0.58	9.313e-01	9.996e-01	Y	LOC120025946,LOC120035602,LOC120042432,LOC120044685,LOC120050139
GO:0016746	acyltransferase activity	molecular_function	19	945	931	34268	0.74	9.327e-01	9.998e-01		LOC120024150,LOC120026149,LOC120035934,LOC120037969,LOC120038274,LOC120041635,LOC120045312,LOC120046279,LOC120048863,LOC120056165,LOC120060832,LOC120064518,birc6,cblb,lnx1,lratb.1,march4l,nsmce2,peli3
GO:0071345	cellular response to cytokine stimulus	biological_process	3	945	212	34268	0.51	9.340e-01	9.998e-01		LOC120035382,LOC120042432,LOC120043284
GO:0022402	cell cycle process	biological_process	11	945	591	34268	0.67	9.365e-01	9.998e-01		LOC120027100,LOC120029472,LOC120030968,LOC120030969,LOC120036138,LOC120043843,LOC120046061,LOC120051426,cdc25b,cep63,prc1b
GO:0048018	receptor ligand activity	molecular_function	12	945	636	34268	0.68	9.371e-01	9.998e-01		LOC120024769,LOC120031740,LOC120035176,LOC120036133,LOC120036309,LOC120042432,LOC120050435,LOC120053339,LOC120062019,prl2,vgf,wnt5b
GO:0009060	aerobic respiration	biological_process	3	945	215	34268	0.51	9.379e-01	9.998e-01		LOC120036441,eno1a,eno4
GO:0000151	ubiquitin ligase complex	cellular_component	5	945	316	34268	0.57	9.380e-01	9.998e-01		LOC120027803,LOC120029112,LOC120035709,fbxl16,fbxl8
GO:0030546	signaling receptor activator activity	molecular_function	12	945	640	34268	0.68	9.402e-01	9.998e-01		LOC120024769,LOC120031740,LOC120035176,LOC120036133,LOC120036309,LOC120042432,LOC120050435,LOC120053339,LOC120062019,prl2,vgf,wnt5b
GO:0071495	cellular response to endogenous stimulus	biological_process	9	945	506	34268	0.64	9.404e-01	9.998e-01		LOC120025260,LOC120025770,LOC120025946,LOC120028096,LOC120033173,LOC120035602,LOC120043284,LOC120062019,pparg
GO:0006325	chromatin organization	biological_process	4	945	270	34268	0.54	9.419e-01	9.998e-01		LOC120036026,LOC120037573,pphln1,si:ch73-41e3.7
GO:0070848	response to growth factor	biological_process	4	945	271	34268	0.54	9.429e-01	9.998e-01	Y	LOC120025260,LOC120028096,LOC120033173,LOC120062019
GO:0071363	cellular response to growth factor stimulus	biological_process	4	945	271	34268	0.54	9.429e-01	9.998e-01	Y	LOC120025260,LOC120028096,LOC120033173,LOC120062019
GO:0015031	protein transport	biological_process	17	945	863	34268	0.71	9.440e-01	9.998e-01		LOC120022969,LOC120024761,LOC120026131,LOC120027968,LOC120029359,LOC120029988,LOC120037916,LOC120040148,LOC120041350,LOC120042547,LOC120044890,LOC120066770,cd74a,grip1,napab,snupn,stx12
GO:0033036	macromolecule localization	biological_process	35	945	1613	34268	0.79	9.442e-01	9.998e-01		LOC120021805,LOC120022969,LOC120024761,LOC120026131,LOC120027968,LOC120029359,LOC120029988,LOC120030968,LOC120030969,LOC120034741,LOC120036275,LOC120037916,LOC120039504,LOC120040148,LOC120041233,LOC120041350,LOC120042044,LOC120042547,LOC120043494,LOC120044890,LOC120047298,LOC120052912,LOC120053621,LOC120057138,LOC120066770
GO:0008528	G protein-coupled peptide receptor activity	molecular_function	3	945	221	34268	0.49	9.450e-01	9.998e-01		LOC120020067,LOC120050409,LOC120061204
GO:0030135	coated vesicle	cellular_component	3	945	222	34268	0.49	9.461e-01	9.998e-01		LOC120021735,epn3a,sgip1a
GO:0042127	regulation of cell population proliferation	biological_process	6	945	373	34268	0.58	9.463e-01	9.998e-01		LOC120044685,LOC120050848,LOC120059075,LOC120062019,LOC120063465,minar1
GO:0005198	structural molecule activity	molecular_function	19	945	953	34268	0.72	9.466e-01	9.998e-01		LOC120022498,LOC120022635,LOC120026163,LOC120035108,LOC120035933,LOC120036138,LOC120036648,LOC120037182,LOC120037245,LOC120037910,LOC120039652,LOC120042458,LOC120043281,LOC120050271,LOC120050584,LOC120064170,mrpl14,sntg2,srbd1
GO:0002684	positive regulation of immune system process	biological_process	4	945	275	34268	0.53	9.470e-01	9.998e-01	Y	LOC120028155,LOC120044685,LOC120057064,LOC120059075
GO:0042327	positive regulation of phosphorylation	biological_process	5	945	329	34268	0.55	9.505e-01	9.998e-01		LOC120040854,LOC120050848,LOC120059075,LOC120062019,ror2
GO:0045937	positive regulation of phosphate metabolic process	biological_process	5	945	329	34268	0.55	9.505e-01	9.998e-01		LOC120040854,LOC120050848,LOC120059075,LOC120062019,ror2
GO:0045333	cellular respiration	biological_process	3	945	228	34268	0.48	9.524e-01	9.998e-01		LOC120036441,eno1a,eno4
GO:0003735	structural constituent of ribosome	molecular_function	4	945	281	34268	0.52	9.527e-01	9.998e-01		LOC120035108,LOC120042458,mrpl14,srbd1
GO:0046983	protein dimerization activity	molecular_function	10	945	573	34268	0.63	9.557e-01	9.998e-01		LOC120018906,LOC120027297,LOC120033436,LOC120040452,LOC120048085,LOC120056022,boka,npas4l,shmt2,srebf1
GO:0051254	positive regulation of RNA metabolic process	biological_process	13	945	709	34268	0.66	9.561e-01	9.998e-01		LOC120022333,LOC120025770,LOC120038654,LOC120041376,LOC120048427,LOC120048863,LOC120049432,LOC120052445,LOC120056723,LOC120063338,crtc3,pparg,setd3
GO:0005730	nucleolus	cellular_component	4	945	286	34268	0.51	9.569e-01	9.998e-01		LOC120026149,LOC120031419,nip7,pinx1
GO:0009719	response to endogenous stimulus	biological_process	9	945	533	34268	0.61	9.595e-01	9.998e-01		LOC120025260,LOC120025770,LOC120025946,LOC120028096,LOC120033173,LOC120035602,LOC120043284,LOC120062019,pparg
GO:1990234	transferase complex	cellular_component	20	945	1022	34268	0.71	9.597e-01	9.998e-01		LOC120025260,LOC120025946,LOC120027803,LOC120028096,LOC120029112,LOC120035709,LOC120036441,LOC120047102,LOC120048085,LOC120057599,LOC120066501,ccny,fbxl16,fbxl8,fntb,jade1,kdm6a,nsmce2,taf2,tex10
GO:1901652	response to peptide	biological_process	3	945	237	34268	0.46	9.605e-01	9.998e-01		LOC120035382,LOC120042432,LOC120043284
GO:0034097	response to cytokine	biological_process	3	945	237	34268	0.46	9.605e-01	9.998e-01		LOC120035382,LOC120042432,LOC120043284
GO:0006631	fatty acid metabolic process	biological_process	3	945	238	34268	0.46	9.613e-01	9.998e-01	Y	LOC120039976,LOC120046279,LOC120052006
GO:0008610	lipid biosynthetic process	biological_process	8	945	490	34268	0.59	9.618e-01	9.998e-01	Y	LOC120025946,LOC120035602,LOC120037010,LOC120041635,LOC120044697,LOC120047102,LOC120062235,pigq
GO:1902533	positive regulation of intracellular signal transduction	biological_process	6	945	394	34268	0.55	9.621e-01	9.998e-01		LOC120031753,LOC120035382,LOC120037504,LOC120048238,LOC120049457,nod2
GO:0009894	regulation of catabolic process	biological_process	6	945	394	34268	0.55	9.621e-01	9.998e-01		LOC120028305,LOC120038032,LOC120043437,bmf2,fbxo7,larp1
GO:0051649	establishment of localization in cell	biological_process	33	945	1576	34268	0.76	9.623e-01	9.998e-01		LOC120018898,LOC120021735,LOC120022969,LOC120024255,LOC120024355,LOC120024761,LOC120024771,LOC120025115,LOC120026029,LOC120026131,LOC120027965,LOC120027968,LOC120029988,LOC120037234,LOC120037916,LOC120038182,LOC120040148,LOC120040568,LOC120041350,LOC120041950,LOC120042547,LOC120043494,LOC120044890,LOC120052036,LOC120057138
GO:0007049	cell cycle	biological_process	12	945	677	34268	0.64	9.629e-01	9.998e-01		LOC120021135,LOC120027100,LOC120029472,LOC120030968,LOC120030969,LOC120036138,LOC120043843,LOC120046061,LOC120051426,cdc25b,cep63,prc1b
GO:0005125	cytokine activity	molecular_function	3	945	241	34268	0.45	9.637e-01	9.998e-01		LOC120024769,LOC120042432,wnt5b
GO:0000278	mitotic cell cycle	biological_process	7	945	446	34268	0.57	9.640e-01	9.998e-01		LOC120027100,LOC120030968,LOC120030969,LOC120036138,LOC120046061,cdc25b,prc1b
GO:0042325	regulation of phosphorylation	biological_process	8	945	497	34268	0.58	9.657e-01	9.998e-01		LOC120040854,LOC120050848,LOC120058352,LOC120059075,LOC120062019,cblb,ccny,ror2
GO:0006629	lipid metabolic process	biological_process	20	945	1037	34268	0.7	9.658e-01	9.998e-01	Y	LOC120018034,LOC120019174,LOC120023930,LOC120025946,LOC120035602,LOC120037010,LOC120039976,LOC120041635,LOC120044697,LOC120046279,LOC120047102,LOC120048861,LOC120052006,LOC120058028,LOC120062235,LOC120063269,enpp2,lratb.1,pigq,plcg1
GO:0080134	regulation of response to stress	biological_process	3	945	246	34268	0.44	9.673e-01	9.998e-01		LOC120027924,LOC120057064,pparg
GO:0007186	G protein-coupled receptor signaling pathway	biological_process	30	945	1471	34268	0.74	9.687e-01	9.998e-01		LOC120018886,LOC120018950,LOC120020067,LOC120022997,LOC120023811,LOC120027901,LOC120029024,LOC120035610,LOC120036164,LOC120036483,LOC120038409,LOC120039905,LOC120040472,LOC120044084,LOC120045614,LOC120045788,LOC120046488,LOC120048037,LOC120049060,LOC120050409,LOC120051754,LOC120053245,LOC120056825,LOC120061204,LOC120061446
GO:0001653	peptide receptor activity	molecular_function	3	945	249	34268	0.44	9.693e-01	9.998e-01		LOC120020067,LOC120050409,LOC120061204
GO:0016853	isomerase activity	molecular_function	8	945	510	34268	0.57	9.720e-01	9.998e-01		LOC120024355,LOC120043062,LOC120045717,LOC120051524,LOC120053413,LOC120055401,ighmbp2,pdia5
GO:0006869	lipid transport	biological_process	4	945	309	34268	0.47	9.724e-01	9.998e-01	Y	LOC120039504,LOC120047298,LOC120053621,prelid1a
GO:0010876	lipid localization	biological_process	4	945	309	34268	0.47	9.724e-01	9.998e-01	Y	LOC120039504,LOC120047298,LOC120053621,prelid1a
GO:0016747	acyltransferase activity, transferring groups other than amino-acyl groups	molecular_function	4	945	309	34268	0.47	9.724e-01	9.998e-01		LOC120037969,LOC120041635,LOC120046279,lratb.1
GO:0045184	establishment of protein localization	biological_process	18	945	970	34268	0.67	9.729e-01	9.998e-01		LOC120022969,LOC120024761,LOC120026131,LOC120027968,LOC120029359,LOC120029988,LOC120037916,LOC120040148,LOC120041350,LOC120042547,LOC120044890,LOC120066770,cd74a,grip1,napab,sec63,snupn,stx12
GO:0010608	post-transcriptional regulation of gene expression	biological_process	3	945	256	34268	0.42	9.735e-01	9.998e-01		LOC120025639,LOC120062581,larp1
GO:0016070	RNA metabolic process	biological_process	24	945	1233	34268	0.71	9.736e-01	9.998e-01		LOC120020421,LOC120024739,LOC120024894,LOC120025455,LOC120028061,LOC120032297,LOC120036911,LOC120037314,LOC120037503,LOC120038653,LOC120042593,LOC120044673,LOC120047348,LOC120048085,LOC120054769,LOC120057138,cars1,cstf3,hoxa9b,nars2,pcf11,snd1,taf2,vars2
GO:0001932	regulation of protein phosphorylation	biological_process	5	945	377	34268	0.48	9.792e-01	9.998e-01		LOC120058352,LOC120059075,LOC120062019,cblb,ccny
GO:0051641	cellular localization	biological_process	38	945	1850	34268	0.74	9.794e-01	9.998e-01		LOC120018898,LOC120021735,LOC120022969,LOC120024255,LOC120024355,LOC120024761,LOC120024771,LOC120025115,LOC120026029,LOC120026131,LOC120027965,LOC120027968,LOC120029988,LOC120037234,LOC120037916,LOC120038182,LOC120040148,LOC120040568,LOC120041233,LOC120041350,LOC120041950,LOC120042044,LOC120042547,LOC120043494,LOC120044890
GO:0031401	positive regulation of protein modification process	biological_process	3	945	268	34268	0.41	9.796e-01	9.998e-01		LOC120059075,LOC120062019,fbxl8
GO:0007600	sensory perception	biological_process	3	945	269	34268	0.4	9.800e-01	9.998e-01		LOC120039652,LOC120045614,LOC120050409
GO:0005085	guanyl-nucleotide exchange factor activity	molecular_function	5	945	380	34268	0.48	9.804e-01	9.998e-01		LOC120019806,LOC120031753,LOC120041481,LOC120046022,LOC120059318
GO:0005929	cilium	cellular_component	5	945	381	34268	0.48	9.807e-01	9.998e-01		LOC120023558,LOC120039678,LOC120045990,ift80,invs
GO:0031399	regulation of protein modification process	biological_process	6	945	435	34268	0.5	9.814e-01	9.998e-01		LOC120058352,LOC120059075,LOC120062019,cblb,ccny,fbxl8
GO:0090304	nucleic acid metabolic process	biological_process	34	945	1713	34268	0.72	9.847e-01	9.998e-01		LOC120020421,LOC120021135,LOC120023733,LOC120024739,LOC120024894,LOC120025455,LOC120028061,LOC120032297,LOC120035709,LOC120036911,LOC120037314,LOC120037503,LOC120038653,LOC120042593,LOC120044673,LOC120047348,LOC120048085,LOC120049958,LOC120051426,LOC120052036,LOC120054769,LOC120057138,LOC120058491,ascc1,cars1
GO:0000377	RNA splicing, via transesterification reactions with bulged adenosine as nucleophile	biological_process	3	945	282	34268	0.39	9.849e-01	9.998e-01		LOC120025455,LOC120038653,LOC120054769
GO:0000398	mRNA splicing, via spliceosome	biological_process	3	945	282	34268	0.39	9.849e-01	9.998e-01		LOC120025455,LOC120038653,LOC120054769
GO:0000375	RNA splicing, via transesterification reactions	biological_process	3	945	282	34268	0.39	9.849e-01	9.998e-01		LOC120025455,LOC120038653,LOC120054769
GO:0046907	intracellular transport	biological_process	26	945	1381	34268	0.68	9.865e-01	9.998e-01		LOC120018898,LOC120021735,LOC120022969,LOC120024355,LOC120024761,LOC120026131,LOC120027965,LOC120027968,LOC120029988,LOC120037234,LOC120037916,LOC120038182,LOC120040148,LOC120041350,LOC120042547,LOC120043494,LOC120044890,LOC120057138,LOC120066770,cd74a,ehd2b,grip1,napab,snupn,stx12
GO:0009893	positive regulation of metabolic process	biological_process	26	945	1385	34268	0.68	9.871e-01	9.998e-01		LOC120022333,LOC120025770,LOC120027924,LOC120028305,LOC120037513,LOC120038654,LOC120040854,LOC120041376,LOC120042432,LOC120048427,LOC120048863,LOC120049432,LOC120050848,LOC120052445,LOC120056723,LOC120059075,LOC120060832,LOC120062019,LOC120063338,crtc3,fbxl8,fbxo7,larp1,pparg,ror2
GO:0044093	positive regulation of molecular function	biological_process	7	945	511	34268	0.5	9.879e-01	9.998e-01		LOC120040854,LOC120046000,LOC120050848,LOC120065226,asap1a,ror2,wnk1b
GO:0051247	positive regulation of protein metabolic process	biological_process	5	945	409	34268	0.44	9.887e-01	9.998e-01		LOC120059075,LOC120060832,LOC120062019,fbxl8,larp1
GO:0005840	ribosome	cellular_component	3	945	296	34268	0.37	9.889e-01	9.998e-01		LOC120035108,LOC120042458,mrpl14
GO:0005794	Golgi apparatus	cellular_component	15	945	905	34268	0.6	9.891e-01	9.998e-01		LOC120019624,LOC120019747,LOC120021735,LOC120037634,LOC120039486,LOC120039875,LOC120042627,LOC120043213,LOC120043494,LOC120044890,LOC120047639,LOC120048047,LOC120049104,hpda,tpst1
GO:0034654	nucleobase-containing compound biosynthetic process	biological_process	25	945	1369	34268	0.66	9.906e-01	9.998e-01		LOC120021135,LOC120024923,LOC120025455,LOC120032297,LOC120036911,LOC120037314,LOC120037503,LOC120038653,LOC120038939,LOC120042593,LOC120044084,LOC120044673,LOC120047348,LOC120048037,LOC120048085,LOC120053339,LOC120054769,LOC120057138,LOC120058491,ada2b,cstf3,hoxa9b,nme7,pcf11,taf2
GO:0008380	RNA splicing	biological_process	3	945	304	34268	0.36	9.907e-01	9.998e-01		LOC120025455,LOC120038653,LOC120054769
GO:0001664	G protein-coupled receptor binding	molecular_function	3	945	308	34268	0.35	9.915e-01	9.998e-01		LOC120061446,gna12a,wnt5b
GO:0141187	nucleic acid biosynthetic process	biological_process	18	945	1076	34268	0.61	9.929e-01	9.998e-01		LOC120021135,LOC120025455,LOC120032297,LOC120036911,LOC120037314,LOC120037503,LOC120038653,LOC120042593,LOC120044673,LOC120047348,LOC120048085,LOC120054769,LOC120057138,LOC120058491,cstf3,hoxa9b,pcf11,taf2
GO:0010604	positive regulation of macromolecule metabolic process	biological_process	21	945	1217	34268	0.63	9.933e-01	9.998e-01		LOC120022333,LOC120025770,LOC120027924,LOC120037513,LOC120038654,LOC120041376,LOC120042432,LOC120048427,LOC120048863,LOC120049432,LOC120052445,LOC120056723,LOC120059075,LOC120060832,LOC120062019,LOC120063338,crtc3,fbxl8,larp1,pparg,setd3
GO:0005773	vacuole	cellular_component	3	945	346	34268	0.31	9.964e-01	9.998e-01		LOC120028305,LOC120041665,napab
GO:0140535	intracellular protein-containing complex	cellular_component	16	945	1035	34268	0.56	9.966e-01	9.998e-01		LOC120023558,LOC120027803,LOC120029112,LOC120033436,LOC120035709,LOC120036911,LOC120037910,LOC120044890,LOC120046850,LOC120047102,LOC120048085,elmo1,fbxl16,fbxl8,jade1,taf2
GO:1902494	catalytic complex	cellular_component	35	945	1900	34268	0.67	9.967e-01	9.998e-01		LOC120019179,LOC120021978,LOC120024739,LOC120025260,LOC120025946,LOC120027803,LOC120028096,LOC120029112,LOC120034929,LOC120035709,LOC120036441,LOC120036911,LOC120037573,LOC120037910,LOC120045990,LOC120046271,LOC120046850,LOC120047102,LOC120048085,LOC120048427,LOC120057599,LOC120061446,LOC120066501,ccny,eno1a
GO:0006396	RNA processing	biological_process	11	945	793	34268	0.5	9.968e-01	9.998e-01		LOC120025455,LOC120032297,LOC120036911,LOC120037503,LOC120038653,LOC120042593,LOC120044673,LOC120047348,LOC120054769,LOC120057138,cstf3
GO:0032774	RNA biosynthetic process	biological_process	16	945	1040	34268	0.56	9.969e-01	9.998e-01		LOC120025455,LOC120032297,LOC120036911,LOC120037314,LOC120037503,LOC120038653,LOC120042593,LOC120044673,LOC120047348,LOC120048085,LOC120054769,LOC120057138,cstf3,hoxa9b,pcf11,taf2
GO:0043085	positive regulation of catalytic activity	biological_process	5	945	478	34268	0.38	9.972e-01	9.998e-01		LOC120040854,LOC120050848,LOC120065226,asap1a,ror2
GO:0010467	gene expression	biological_process	36	945	1957	34268	0.67	9.972e-01	9.998e-01		LOC120024894,LOC120025455,LOC120028061,LOC120032297,LOC120035108,LOC120036911,LOC120037314,LOC120037503,LOC120038653,LOC120040595,LOC120042458,LOC120042593,LOC120044673,LOC120045815,LOC120047102,LOC120047348,LOC120047639,LOC120048085,LOC120050584,LOC120054769,LOC120057138,LOC120058995,LOC120062235,cars1,cstf3
GO:0022613	ribonucleoprotein complex biogenesis	biological_process	4	945	430	34268	0.34	9.978e-01	9.998e-01		LOC120025455,LOC120035108,LOC120054769,nip7
GO:0000785	chromatin	cellular_component	3	945	432	34268	0.25	9.995e-01	9.998e-01		LOC120019179,LOC120048427,jade1
GO:1990904	ribonucleoprotein complex	cellular_component	9	945	817	34268	0.4	9.997e-01	9.998e-01		LOC120033695,LOC120035108,LOC120038653,LOC120040159,LOC120040888,LOC120042458,LOC120054769,nip7,snd1
GO:0005694	chromosome	cellular_component	7	945	703	34268	0.36	9.997e-01	9.998e-01		LOC120019179,LOC120021135,LOC120048427,LOC120049958,jade1,nsmce2,setd2
GO:0140513	nuclear protein-containing complex	cellular_component	20	945	1424	34268	0.51	9.998e-01	9.998e-01		LOC120019179,LOC120021135,LOC120025770,LOC120027297,LOC120027806,LOC120037573,LOC120038653,LOC120042791,LOC120044869,LOC120046804,LOC120048085,LOC120048427,LOC120049958,LOC120057138,LOC120066501,kdm6a,pcf11,shmt2,taf2,tex10
