gene_id	symbol	product	biotype	n_go	chrom	start	end	strand	dmr_n	dmr_best_class	dmr_promoter	dmr_directions	dmr_max_absdiff	dmc_n	dmc_promoter_n	pav_strin_n	pav_strin_best_class	pav_strin_exonic	pav_strin_maxsize	lean_del_bp	sisco_del_bp	lean_ins_n	sisco_ins_n	lean_fpkm	sisco_fpkm	log2fc_sisco_lean	expressed	convergent	meth_expr_concordant	caution	rank_score
gene-LOC120032414	LOC120032414	zinc finger protein 883-like	protein_coding	5	NC_052345.1	3777901	3795950	+	1	exon	0	hyper_siscowet	28.77	9	0	1	exon	1	270	1099	3251	1	16	0.15	0.22	NA	0	1	NA		6
gene-LOC120040411	LOC120040411	gastrula zinc finger protein XlCGF57.1-like	protein_coding	3	NW_024060452.1	381695	402809	-	1	intron	0	hypo_siscowet	56.06	8	1	1	intron	0	208	0	12064	1	4	0.22	0.15	NA	0	1	NA		4
gene-LOC120029926	LOC120029926	epoxide hydrolase 1-like	protein_coding	3	NC_052341.1	4447186	4528057	-	1	promoter	1	hypo_siscowet	44.54	6	6	0		0	0	8705	8815	12	17	2.47	2.53	0.04	1	0	flat		4
gene-LOC120036681	LOC120036681	OCIA domain-containing protein 1-like	protein_coding	1	NW_024058159.1	23685	31013	+	1	promoter	1	hypo_siscowet	30.73	3	3	0		0	0	0	134	3	1	5.77	6.21	0.10	1	0	flat		4
gene-LOC120037005	LOC120037005		pseudogene	0	NW_024058275.1	60706	60886	-	3	promoter	1	hypo_siscowet	28.85	42	33	0		0	0	0	0	0	0	2.39	0.28	-2.72	1	0	discordant		4
gene-LOC120039781	LOC120039781		pseudogene	0	NW_024059896.1	285782	313495	+	1	intron	0	hypo_siscowet	20.40	4	1	4	intron	0	729	902	4565	2	31	0.00	0.00	NA	0	1	NA		4
gene-LOC120036686	LOC120036686	U1 spliceosomal RNA	snRNA	0	NW_024058159.1	22250	22413	-	1	promoter	1	hypo_siscowet	30.73	3	3	0		0	0	0	0	0	0	8.85	0.61	-3.65	1	0	discordant	repetitive_ncRNA	4
gene-LOC120051555	LOC120051555	zinc finger protein 665-like	protein_coding	4	NC_052313.1	60040601	60048061	+	1	promoter	1	hypo_siscowet	34.52	4	4	0		0	0	0	0	3	1	0.12	0.12	NA	0	0	NA		3
gene-rbm24b	rbm24b	RNA binding motif protein 24b	protein_coding	2	NC_052343.1	27242811	27250907	+	1	promoter	1	hyper_siscowet	32.77	8	8	0		0	0	0	54	3	0	0.00	0.00	NA	0	0	NA		3
gene-LOC120041959	LOC120041959	uncharacterized LOC120041959	protein_coding	0	NW_024061301.1	95900	106301	-	1	promoter	1	hypo_siscowet	24.72	5	4	0		0	0	1799	92	0	0	0.12	0.14	NA	0	0	NA		3
gene-LOC120033896	LOC120033896	small G protein signaling modulator 3-like	protein_coding	1	NC_052347.1	18116502	18152099	-	1	promoter	1	hypo_siscowet	17.21	3	3	0		0	0	164	1351	9	5	0.96	0.70	NA	0	0	NA		3
gene-LOC120043843	LOC120043843	septin-9-like	protein_coding	8	NC_052309.1	97872687	98022458	-	1	intron	0	hyper_siscowet	16.51	3	0	2	intron	0	422	14312	16793	210	303	0.70	0.84	NA	0	1	NA		3
gene-LOC120050008	LOC120050008	angiopoietin-related protein 5-like	protein_coding	5	NC_052312.1	40401331	40404252	+	0		0			0	0	1	promoter	1	3144	0	261	0	0	229.10	189.30	-0.28	1	0	NA		3
gene-cunh7orf26	cunh7orf26	chromosome unknown C7orf26 homolog	protein_coding	0	NW_024058031.1	83225	87191	-	0		0			0	0	2	promoter	1	420	1295	838	4	22	1.19	1.46	0.27	1	0	NA		3
gene-LOC120057394	LOC120057394	mitochondrial fission 1 protein-like	protein_coding	7	NC_052318.1	50543126	50559236	+	0		0			0	0	2	exon	1	360	0	72	0	5	2.11	2.02	-0.06	1	0	NA		3
gene-LOC120041635	LOC120041635	2-acylglycerol O-acyltransferase 2-A-like	protein_coding	3	NW_024061189.1	119511	165600	-	0		0			0	0	1	promoter	1	270	7052	17193	14	68	19.58	25.62	0.39	1	0	NA		3
gene-LOC120039446	LOC120039446	alpha-2-macroglobulin-like	protein_coding	3	NW_024059576.1	3023	16877	+	0		0			0	0	1	exon	1	197	91	494	0	5	1.05	0.98	-0.10	1	0	NA		3
gene-LOC120037269	LOC120037269	GPI-anchor transamidase-like	protein_coding	0	NW_024058413.1	28149	41261	+	0		0			0	0	2	exon	1	144	803	1862	17	11	3.50	3.33	-0.07	1	0	NA		3
gene-LOC120042551	LOC120042551	uncharacterized LOC120042551	lncRNA	0	NW_024061431.1	169127	176160	-	2	promoter	1	hypo_siscowet	32.90	13	9	0		0	0	563	3170	0	0	0.00	0.00	NA	0	0	NA		3
gene-LOC120042042	LOC120042042	uncharacterized LOC120042042	lncRNA	0	NW_024061316.1	28589	31862	-	2	promoter	1	hypo_siscowet	29.62	6	3	0		0	0	770	0	2	1	0.00	0.00	NA	0	0	NA		3
gene-LOC120042062	LOC120042062	uncharacterized LOC120042062	lncRNA	0	NW_024061319.1	9684	28683	+	1	promoter	1	hypo_siscowet	19.10	5	4	0		0	0	228	196	2	5	0.00	0.00	NA	0	0	NA		3
gene-LOC120039139	LOC120039139		pseudogene	0	NW_024059411.1	4875	14614	-	1	promoter	1	hypo_siscowet	16.33	3	3	0		0	0	0	391	0	2	0.00	0.01	NA	0	0	NA		3
gene-LOC120059109	LOC120059109	uncharacterized LOC120059109	lncRNA	0	NC_052320.1	9677376	9682115	-	0		0			0	0	1	exon	1	306	442	1276	9	9	11.97	9.14	-0.39	1	0	NA		3
gene-LOC120038479	LOC120038479	18S ribosomal RNA	rRNA	0	NW_024059023.1	1279	3114	-	3	promoter	1	hypo_siscowet	32.10	64	15	0		0	0	0	0	0	0	0.00	0.00	NA	0	0	NA	repetitive_ncRNA	3
gene-LOC120039979	LOC120039979	18S ribosomal RNA	rRNA	0	NW_024060070.1	18146	19981	-	1	promoter	1	hypo_siscowet	32.03	79	16	0		0	0	0	0	0	0	0.00	0.00	NA	0	0	NA	repetitive_ncRNA	3
gene-LOC120038927	LOC120038927	18S ribosomal RNA	rRNA	0	NW_024059262.1	32803	34638	+	4	promoter	1	hypo_siscowet	31.25	52	12	0		0	0	0	0	0	0	0.00	0.00	NA	0	0	NA	repetitive_ncRNA	3
gene-LOC120039810	LOC120039810	18S ribosomal RNA	rRNA	0	NW_024059900.1	26980	28815	+	4	promoter	1	hypo_siscowet	30.56	58	16	0		0	0	0	0	0	0	0.00	0.00	NA	0	0	NA	repetitive_ncRNA	3
gene-LOC120039107	LOC120039107	18S ribosomal RNA	rRNA	0	NW_024059385.1	2934	4769	-	3	promoter	1	hypo_siscowet	29.93	45	10	0		0	0	0	0	0	0	0.00	0.00	NA	0	0	NA	repetitive_ncRNA	3
gene-LOC120036051	LOC120036051	18S ribosomal RNA	rRNA	0	NW_024057893.1	51975	53810	+	2	promoter	1	hypo_siscowet	27.96	14	8	0		0	0	0	1835	0	1	0.00	0.00	NA	0	0	NA	repetitive_ncRNA	3
gene-LOC120039627	LOC120039627	18S ribosomal RNA	rRNA	0	NW_024059740.1	7310	9145	+	2	promoter	1	hypo_siscowet	27.71	29	12	0		0	0	73	0	0	1	0.00	0.00	NA	0	0	NA	repetitive_ncRNA	3
gene-LOC120038489	LOC120038489	18S ribosomal RNA	rRNA	0	NW_024059030.1	33922	35757	+	1	promoter	1	hypo_siscowet	26.97	80	14	0		0	0	0	0	1	0	0.00	0.00	NA	0	0	NA	repetitive_ncRNA	3
gene-LOC120035747	LOC120035747	18S ribosomal RNA	rRNA	0	NW_024057793.1	79163	80998	+	2	promoter	1	hypo_siscowet	26.95	14	7	0		0	0	0	0	0	0	0.00	0.00	NA	0	0	NA	repetitive_ncRNA	3
gene-LOC120040513	LOC120040513	18S ribosomal RNA	rRNA	0	NW_024060549.1	17339	19174	-	2	promoter	1	hypo_siscowet	26.66	18	17	0		0	0	0	0	0	0	0.00	0.00	NA	0	0	NA	repetitive_ncRNA	3
gene-LOC120039430	LOC120039430	18S ribosomal RNA	rRNA	0	NW_024059570.1	838	2673	-	1	promoter	1	hypo_siscowet	26.23	4	4	0		0	0	243	0	0	0	0.00	0.00	NA	0	0	NA	repetitive_ncRNA	3
gene-LOC120035744	LOC120035744	18S ribosomal RNA	rRNA	0	NW_024057793.1	21762	23597	+	2	promoter	1	hypo_siscowet	26.03	57	12	0		0	0	0	0	1	0	0.00	0.00	NA	0	0	NA	repetitive_ncRNA	3
gene-LOC120039809	LOC120039809	5.8S ribosomal RNA	rRNA	0	NW_024059900.1	29385	29539	+	3	promoter	1	hypo_siscowet	25.85	24	4	0		0	0	0	0	0	0	0.60	0.08	NA	0	0	NA	repetitive_ncRNA	3
gene-LOC120039982	LOC120039982	18S ribosomal RNA	rRNA	0	NW_024060071.1	9156	10991	+	4	promoter	1	hypo_siscowet	25.60	29	17	0		0	0	0	0	0	0	0.00	0.00	NA	0	0	NA	repetitive_ncRNA	3
gene-LOC120039512	LOC120039512	18S ribosomal RNA	rRNA	0	NW_024059636.1	9500	11335	-	2	promoter	1	hypo_siscowet	25.36	97	46	0		0	0	1001	0	0	0	0.00	0.00	NA	0	0	NA	repetitive_ncRNA	3
gene-LOC120039628	LOC120039628	18S ribosomal RNA	rRNA	0	NW_024059740.1	27368	29203	+	2	promoter	1	hypo_siscowet	25.29	15	8	0		0	0	0	0	0	0	0.00	0.00	NA	0	0	NA	repetitive_ncRNA	3
gene-LOC120039426	LOC120039426	18S ribosomal RNA	rRNA	0	NW_024059568.1	3623	5458	-	3	promoter	1	hypo_siscowet	25.10	62	8	0		0	0	0	0	0	0	0.00	0.00	NA	0	0	NA	repetitive_ncRNA	3
gene-LOC120038883	LOC120038883	18S ribosomal RNA	rRNA	0	NW_024059257.1	23075	24910	-	3	promoter	1	hypo_siscowet	25.03	53	16	0		0	0	0	50	0	0	0.00	0.00	NA	0	0	NA	repetitive_ncRNA	3
gene-LOC120038859	LOC120038859	18S ribosomal RNA	rRNA	0	NW_024059240.1	4710	6545	-	4	promoter	1	hypo_siscowet	24.53	40	13	0		0	0	0	0	0	0	0.00	0.00	NA	0	0	NA	repetitive_ncRNA	3
gene-LOC120038015	LOC120038015	18S ribosomal RNA	rRNA	0	NW_024058826.1	38297	40132	+	3	promoter	1	hypo_siscowet	24.24	90	42	0		0	0	0	0	0	0	0.00	0.00	NA	0	0	NA	repetitive_ncRNA	3
gene-LOC120038040	LOC120038040	18S ribosomal RNA	rRNA	0	NW_024058840.1	32428	34263	-	1	promoter	1	hypo_siscowet	24.09	10	10	0		0	0	0	0	0	0	0.00	0.00	NA	0	0	NA	repetitive_ncRNA	3
gene-LOC120038391	LOC120038391	18S ribosomal RNA	rRNA	0	NW_024058979.1	17939	19774	-	2	promoter	1	hypo_siscowet	22.53	32	12	0		0	0	0	0	0	0	0.00	0.00	NA	0	0	NA	repetitive_ncRNA	3
gene-LOC120038347	LOC120038347	18S ribosomal RNA	rRNA	0	NW_024058945.1	29852	31687	+	2	promoter	1	hypo_siscowet	22.49	13	8	0		0	0	1835	0	0	0	0.00	0.00	NA	0	0	NA	repetitive_ncRNA	3
gene-LOC120040188	LOC120040188	18S ribosomal RNA	rRNA	0	NW_024060266.1	10826	12661	+	2	promoter	1	hypo_siscowet	22.07	24	12	0		0	0	0	0	0	0	0.00	0.00	NA	0	0	NA	repetitive_ncRNA	3
gene-LOC120040311	LOC120040311	18S ribosomal RNA	rRNA	0	NW_024060346.1	13721	15556	+	3	promoter	1	hypo_siscowet	21.98	30	10	0		0	0	0	0	0	1	0.00	0.00	NA	0	0	NA	repetitive_ncRNA	3
gene-LOC120039824	LOC120039824	18S ribosomal RNA	rRNA	0	NW_024059927.1	9709	11544	+	2	promoter	1	hypo_siscowet	21.91	13	5	0		0	0	0	0	0	0	0.00	0.00	NA	0	0	NA	repetitive_ncRNA	3
gene-LOC120039709	LOC120039709	18S ribosomal RNA	rRNA	0	NW_024059827.1	478	2313	-	2	promoter	1	hypo_siscowet	21.52	61	9	0		0	0	0	0	0	0	0.00	0.00	NA	0	0	NA	repetitive_ncRNA	3
gene-LOC120037713	LOC120037713	U1 spliceosomal RNA	snRNA	0	NW_024058595.1	35853	36016	+	1	promoter	1	hyper_siscowet	21.40	5	5	0		0	0	0	0	0	0	0.09	0.00	NA	0	0	NA	repetitive_ncRNA	3
gene-LOC120041193	LOC120041193	5.8S ribosomal RNA	rRNA	0	NW_024061101.1	190283	190436	+	2	promoter	1	hypo_siscowet	21.29	11	7	0		0	0	0	0	0	0	0.00	0.00	NA	0	0	NA	repetitive_ncRNA	3
gene-LOC120041195	LOC120041195	28S ribosomal RNA	rRNA	0	NW_024061101.1	190806	194737	+	2	promoter	1	hypo_siscowet	21.29	11	7	0		0	0	0	227	0	0	0.00	0.00	NA	0	0	NA	repetitive_ncRNA	3
gene-LOC120040166	LOC120040166	18S ribosomal RNA	rRNA	0	NW_024060233.1	4172	6007	-	1	promoter	1	hypo_siscowet	20.70	6	6	0		0	0	0	0	0	0	0.00	0.00	NA	0	0	NA	repetitive_ncRNA	3
gene-LOC120039704	LOC120039704	18S ribosomal RNA	rRNA	0	NW_024059814.1	18341	20176	-	1	promoter	1	hypo_siscowet	20.69	5	4	0		0	0	0	0	0	0	0.00	0.00	NA	0	0	NA	repetitive_ncRNA	3
gene-LOC120042329	LOC120042329	18S ribosomal RNA	rRNA	0	NW_024061370.1	4385	6220	-	3	promoter	1	hypo_siscowet	20.34	13	4	0		0	0	0	0	0	0	0.00	0.00	NA	0	0	NA	repetitive_ncRNA	3
gene-LOC120037769	LOC120037769	18S ribosomal RNA	rRNA	0	NW_024058631.1	45059	46894	-	2	promoter	1	hypo_siscowet	19.97	35	28	0		0	0	99	0	0	0	0.00	0.00	NA	0	0	NA	repetitive_ncRNA	3
gene-LOC120037768	LOC120037768	5.8S ribosomal RNA	rRNA	0	NW_024058631.1	44338	44491	-	3	promoter	1	hypo_siscowet	19.97	54	3	0		0	0	0	0	0	0	0.00	0.00	NA	0	0	NA	repetitive_ncRNA	3
gene-LOC120037770	LOC120037770	28S ribosomal RNA	rRNA	0	NW_024058631.1	40037	43968	-	3	promoter	1	hypo_siscowet	19.97	55	3	0		0	0	0	157	0	3	0.00	0.00	NA	0	0	NA	repetitive_ncRNA	3
gene-LOC120038480	LOC120038480	18S ribosomal RNA	rRNA	0	NW_024059023.1	27009	28844	-	1	promoter	1	hypo_siscowet	19.29	5	4	0		0	0	0	0	0	0	0.00	0.00	NA	0	0	NA	repetitive_ncRNA	3
gene-trnag-ucc-78	trnag-ucc	tRNA-Gly	tRNA	0	NW_024057744.1	75836	75907	+	3	promoter	1	hypo_siscowet	18.93	9	9	0		0	0	0	0	0	0	0.03	0.01	NA	0	0	NA	repetitive_ncRNA	3
gene-trnap-agg-62	trnap-agg	tRNA-Pro	tRNA	0	NW_024057744.1	73812	73883	-	3	promoter	1	hypo_siscowet	18.93	9	6	0		0	0	0	0	0	0	0.00	0.02	NA	0	0	NA	repetitive_ncRNA	3
gene-trnap-agg-64	trnap-agg	tRNA-Pro	tRNA	0	NW_024057744.1	76194	76265	-	3	promoter	1	hypo_siscowet	18.93	9	6	0		0	0	0	0	0	0	0.00	0.02	NA	0	0	NA	repetitive_ncRNA	3
gene-trnap-agg-61	trnap-agg	tRNA-Pro	tRNA	0	NW_024057744.1	72436	72507	-	3	promoter	1	hypo_siscowet	18.93	10	3	0		0	0	0	0	0	0	0.00	0.03	NA	0	0	NA	repetitive_ncRNA	3
gene-trnag-ucc-80	trnag-ucc	tRNA-Gly	tRNA	0	NW_024057744.1	78219	78290	+	3	promoter	1	hypo_siscowet	18.93	9	3	0		0	0	0	0	0	0	0.06	0.01	NA	0	0	NA	repetitive_ncRNA	3
gene-trnap-agg-65	trnap-agg	tRNA-Pro	tRNA	0	NW_024057744.1	77386	77457	-	3	promoter	1	hypo_siscowet	18.93	9	3	0		0	0	0	0	0	0	0.00	0.01	NA	0	0	NA	repetitive_ncRNA	3
gene-trnag-ucc-77	trnag-ucc	tRNA-Gly	tRNA	0	NW_024057744.1	74644	74715	+	3	promoter	1	hypo_siscowet	18.93	9	9	0		0	0	0	0	0	0	0.06	0.01	NA	0	0	NA	repetitive_ncRNA	3
gene-trnag-ucc-79	trnag-ucc	tRNA-Gly	tRNA	0	NW_024057744.1	77028	77099	+	3	promoter	1	hypo_siscowet	18.93	9	6	0		0	0	0	0	0	0	0.04	0.01	NA	0	0	NA	repetitive_ncRNA	3
gene-trnap-agg-63	trnap-agg	tRNA-Pro	tRNA	0	NW_024057744.1	75003	75074	-	3	promoter	1	hypo_siscowet	18.93	9	9	0		0	0	0	0	0	0	0.00	0.01	NA	0	0	NA	repetitive_ncRNA	3
gene-LOC120038390	LOC120038390	5.8S ribosomal RNA	rRNA	0	NW_024058979.1	38895	39048	-	2	promoter	1	hypo_siscowet	18.70	16	3	0		0	0	0	0	0	0	0.00	0.00	NA	0	0	NA	repetitive_ncRNA	3
gene-LOC120038393	LOC120038393	28S ribosomal RNA	rRNA	0	NW_024058979.1	34593	38525	-	2	promoter	1	hypo_siscowet	18.70	16	3	0		0	0	0	0	1	3	0.33	0.30	NA	0	0	NA	repetitive_ncRNA	3
gene-LOC120039165	LOC120039165	28S ribosomal RNA	rRNA	0	NW_024059442.1	911	4842	+	2	promoter	1	hypo_siscowet	18.56	12	5	0		0	0	0	0	0	2	0.00	0.00	NA	0	0	NA	repetitive_ncRNA	3
gene-LOC120039164	LOC120039164	5.8S ribosomal RNA	rRNA	0	NW_024059442.1	388	541	+	2	promoter	1	hypo_siscowet	18.56	12	5	0		0	0	0	0	0	0	0.00	0.00	NA	0	0	NA	repetitive_ncRNA	3
gene-LOC120039129	LOC120039129	18S ribosomal RNA	rRNA	0	NW_024059406.1	23779	25614	-	1	promoter	1	hypo_siscowet	18.48	10	9	0		0	0	0	0	0	0	0.00	0.00	NA	0	0	NA	repetitive_ncRNA	3
gene-LOC120036897	LOC120036897	18S ribosomal RNA	rRNA	0	NW_024058234.1	9637	11472	+	1	promoter	1	hypo_siscowet	17.92	5	5	0		0	0	0	0	0	0	0.00	0.00	NA	0	0	NA	repetitive_ncRNA	3
gene-LOC120035755	LOC120035755	5.8S ribosomal RNA	rRNA	0	NW_024057793.1	43276	43429	+	1	promoter	1	hypo_siscowet	17.64	4	3	0		0	0	0	0	0	0	0.00	0.00	NA	0	0	NA	repetitive_ncRNA	3
gene-LOC120035750	LOC120035750	28S ribosomal RNA	rRNA	0	NW_024057793.1	43799	47730	+	1	promoter	1	hypo_siscowet	17.64	4	3	0		0	0	0	0	0	0	0.00	0.00	NA	0	0	NA	repetitive_ncRNA	3
gene-LOC120038742	LOC120038742	28S ribosomal RNA	rRNA	0	NW_024059200.1	1838	5769	+	2	promoter	1	hypo_siscowet	17.54	7	3	0		0	0	0	1626	0	1	0.00	0.00	NA	0	0	NA	repetitive_ncRNA	3
gene-LOC120038741	LOC120038741	5.8S ribosomal RNA	rRNA	0	NW_024059200.1	1315	1468	+	2	promoter	1	hypo_siscowet	17.54	7	3	0		0	0	0	0	0	0	0.00	0.00	NA	0	0	NA	repetitive_ncRNA	3
gene-LOC120054234	LOC120054234	18S ribosomal RNA	rRNA	0	NC_052315.1	357774	359609	-	1	promoter	1	hypo_siscowet	17.12	4	3	0		0	0	0	307	0	0	0.00	0.00	NA	0	0	NA	repetitive_ncRNA	3
gene-LOC120043798	LOC120043798	deleted in malignant brain tumors 1 protein-like	protein_coding	1	NC_052309.1	96961433	96985070	-	0		0			0	0	1	promoter	1	5648	505	7314	2	6	0.07	0.19	NA	0	0	NA		2
gene-LOC120058315	LOC120058315	carcinoembryonic antigen-related cell adhesion molecule 1-like	protein_coding	0	NC_052319.1	18637488	18650545	+	0		0			0	0	3	exon	1	5638	559	5949	0	4	0.02	0.08	NA	0	0	NA		2
gene-LOC120059766	LOC120059766	usherin-like	protein_coding	1	NC_052321.1	12317487	12539245	+	0		0			0	0	2	exon	1	5304	14551	15651	140	68	0.00	0.00	NA	0	0	NA		2
gene-LOC120036302	LOC120036302	mucin-2-like	protein_coding	0	NW_024058002.1	32366	38916	-	0		0			0	0	1	promoter	1	2565	422	2720	1	14	0.00	0.00	NA	0	0	NA		2
gene-LOC120051533	LOC120051533	OX-2 membrane glycoprotein-like	protein_coding	1	NC_052313.1	59060461	59088795	+	0		0			0	0	1	exon	1	1672	79	370	2	2	0.36	0.43	NA	0	0	NA		2
gene-LOC120043299	LOC120043299	NLR family CARD domain-containing protein 3-like	protein_coding	0	NW_024061633.1	37948	44923	+	0		0			0	0	1	exon	1	1283	2960	3982	13	21	0.09	0.05	NA	0	0	NA		2
gene-LOC120023687	LOC120023687	junctional adhesion molecule A-like	protein_coding	0	NC_052308.1	78179004	78180540	-	0		0			0	0	1	promoter	1	1261	1065	1110	0	2	0.00	0.00	NA	0	0	NA		2
gene-LOC120040975	LOC120040975	E3 ubiquitin/ISG15 ligase TRIM25-like	protein_coding	1	NW_024060988.1	11835	15308	-	0		0			0	0	1	exon	1	1258	740	1041	9	16	0.09	0.09	NA	0	0	NA		2
gene-LOC120041182	LOC120041182	rab effector MyRIP-like	protein_coding	1	NW_024061099.1	84435	88123	+	0		0			0	0	1	exon	1	1130	150	230	12	13	0.27	0.22	NA	0	0	NA		2
gene-LOC120035602	LOC120035602	cytochrome P450 27C1	protein_coding	10	NW_024057749.1	4405	32704	+	0		0			0	0	3	exon	1	758	2093	3636	2	25	0.07	0.06	NA	0	0	NA		2
gene-LOC120044082	LOC120044082	voltage-dependent T-type calcium channel subunit alpha-1I-like	protein_coding	12	NC_052309.1	83678321	83829841	-	0		0			0	0	1	exon	1	715	4460	17889	32	194	0.00	0.00	NA	0	0	NA		2
gene-LOC120019385	LOC120019385	4-galactosyl-N-acetylglucosaminide 3-alpha-L-fucosyltransferase 9-like	protein_coding	4	NC_052330.1	29885928	29887099	-	0		0			0	0	1	promoter	1	698	0	48	0	0	0.01	0.02	NA	0	0	NA		2
gene-LOC120059741	LOC120059741	GTPase IMAP family member 7-like	protein_coding	1	NC_052321.1	6381630	6407756	-	0		0			0	0	2	promoter	1	645	0	1286	0	3	0.01	0.00	NA	0	0	NA		2
gene-LOC120030057	LOC120030057	tripartite motif-containing protein 35-like	protein_coding	2	NC_052341.1	10078172	10080996	+	0		0			0	0	6	promoter	1	564	64	459	1	0	0.25	0.14	NA	0	0	NA		2
gene-LOC120029988	LOC120029988	exportin-5-like	protein_coding	8	NC_052341.1	10047735	10077891	+	0		0			0	0	5	exon	1	564	441	2279	5	19	0.17	0.17	NA	0	0	NA		2
gene-LOC120066770	LOC120066770	ras-related protein Rab-11A	protein_coding	8	NC_052327.1	49451539	49465638	+	0		0			0	0	1	exon	1	465	1182	1504	88	102	0.34	0.35	NA	0	0	NA		2
gene-LOC120037634	LOC120037634	armadillo repeat-containing X-linked protein 4-like	protein_coding	2	NW_024058552.1	58487	66577	+	0		0			0	0	2	exon	1	456	72	595	1	2	0.35	0.21	NA	0	0	NA		2
gene-LOC120039029	LOC120039029	methionine synthase-like	protein_coding	0	NW_024059328.1	20998	36473	+	0		0			0	0	1	exon	1	455	3604	4831	37	15	0.58	0.39	NA	0	0	NA		2
gene-LOC120038425	LOC120038425	multidrug resistance-associated protein 1-like	protein_coding	7	NW_024059008.1	519319	591321	+	0		0			0	0	2	exon	1	300	9259	10212	100	115	0.00	0.00	NA	0	0	NA		2
gene-LOC120020922	LOC120020922	cyclin-dependent kinase 18-like	protein_coding	6	NC_052308.1	27792810	27917745	+	0		0			0	0	1	promoter	1	293	1524	8122	13	28	0.00	0.00	NA	0	0	NA		2
gene-LOC120039138	LOC120039138	verprolin-like	protein_coding	0	NW_024059409.1	8948	9278	-	0		0			0	0	1	promoter	1	276	0	284	0	0	0.00	0.00	NA	0	0	NA		2
gene-LOC120047173	LOC120047173	polysialoglycoprotein-like	protein_coding	2	NC_052311.1	50938708	50940883	+	0		0			0	0	1	promoter	1	246	60	648	4	1	0.00	0.00	NA	0	0	NA		2
gene-LOC120054353	LOC120054353	collagen alpha-2(I) chain-like	protein_coding	0	NC_052316.1	42178097	42179659	-	0		0			0	0	1	promoter	1	198	652	1000	0	7	0.00	0.00	NA	0	0	NA		2
gene-nudt19	nudt19	nudix (nucleoside diphosphate linked moiety X)-type motif 19	protein_coding	2	NW_024058971.1	24181	28620	+	0		0			0	0	1	exon	1	192	1075	1033	5	2	0.17	0.11	NA	0	0	NA		2
gene-LOC120028525	LOC120028525	extensin-like	protein_coding	0	NC_052340.1	39227239	39236045	+	0		0			0	0	1	exon	1	186	3258	383	0	0	0.00	0.00	NA	0	0	NA		2
gene-LOC120036199	LOC120036199	sodium-dependent neutral amino acid transporter B(0)AT1-like	protein_coding	2	NW_024057942.1	292765	316997	-	0		0			0	0	1	exon	1	158	316	409	1	6	0.01	0.01	NA	0	0	NA		2
gene-LOC120042661	LOC120042661	uncharacterized LOC120042661	protein_coding	1	NW_024061465.1	8774	106023	+	0		0			0	0	2	exon	1	156	18065	24445	47	91	0.22	0.19	NA	0	0	NA		2
gene-tex10	tex10	testis expressed 10	protein_coding	2	NC_052343.1	31437146	31458149	+	0		0			0	0	1	exon	1	156	962	1331	32	64	0.64	0.70	NA	0	0	NA		2
gene-jade1	jade1	jade family PHD finger 1	protein_coding	2	NW_024058108.1	155926	187665	+	0		0			0	0	1	exon	1	130	5088	6409	45	131	0.09	0.06	NA	0	0	NA		2
gene-LOC120036173	LOC120036173	mitogen-activated protein kinase 6-like	protein_coding	7	NW_024057931.1	109018	147954	+	0		0			0	0	1	exon	1	128	3952	943	4	29	0.65	0.51	NA	0	0	NA		2
gene-LOC120038319	LOC120038319	zinc finger protein 420-like	protein_coding	3	NW_024058931.1	150684	152755	+	0		0			0	0	1	promoter	1	116	300	322	1	0	0.10	0.09	NA	0	0	NA		2
gene-pgghg	pgghg	protein-glucosylgalactosylhydroxylysine glucosidase	protein_coding	2	NC_052327.1	54816932	54854804	+	0		0			0	0	1	exon	1	106	7614	6628	69	44	0.14	0.12	NA	0	0	NA		2
gene-LOC120042773	LOC120042773	protein kinase C beta type-like	protein_coding	3	NW_024061504.1	91012	115385	-	0		0			1	1	0		0	0	273	2759	5	4	0.95	1.07	0.15	1	0	NA		2
gene-cmtm6	cmtm6	CKLF-like MARVEL transmembrane domain containing 6	protein_coding	1	NC_052343.1	31234251	31242031	-	0		0			2	2	0		0	0	192	87	4	4	3.87	4.24	0.13	1	0	NA		2
gene-LOC120023451	LOC120023451		pseudogene	0	NC_052308.1	73684960	73812651	+	0		0			4	0	5	promoter	1	7696	5389	24568	11	89	0.01	0.02	NA	0	0	NA		2
gene-LOC120035267	LOC120035267	uncharacterized LOC120035267	lncRNA	0	NW_024057675.1	687478	689450	+	0		0			0	0	2	promoter	1	4413	222	1972	0	0	0.07	0.09	NA	0	0	NA		2
gene-LOC120050007	LOC120050007		pseudogene	0	NC_052312.1	40393084	40400565	+	0		0			0	0	1	exon	1	3144	0	2117	1	1	0.74	0.49	NA	0	0	NA		2
gene-LOC120040528	LOC120040528	uncharacterized LOC120040528	lncRNA	0	NW_024060564.1	207608	211804	-	0		0			0	0	2	promoter	1	1240	829	2471	1	1	0.23	0.22	NA	0	0	NA		2
gene-LOC120042792	LOC120042792	uncharacterized LOC120042792	lncRNA	0	NW_024061508.1	43317	50211	+	0		0			0	0	1	promoter	1	1167	1514	4674	0	1	0.00	0.00	NA	0	0	NA		2
gene-LOC120046872	LOC120046872	uncharacterized LOC120046872	lncRNA	0	NC_052310.1	83327738	83329599	+	0		0			0	0	1	promoter	1	627	0	161	0	0	0.00	0.00	NA	0	0	NA		2
gene-LOC120043357	LOC120043357	uncharacterized LOC120043357	lncRNA	0	NC_052309.1	93945087	93948922	-	0		0			0	0	4	promoter	1	589	0	594	0	0	0.08	0.00	NA	0	0	NA		2
gene-LOC120020000	LOC120020000		pseudogene	0	NC_052308.1	73354732	73388815	+	0		0			0	0	1	exon	1	428	694	7578	4	15	0.00	0.01	NA	0	0	NA		2
gene-LOC120032199	LOC120032199		pseudogene	0	NC_052344.1	18901562	18913085	-	0		0			0	0	2	exon	1	399	0	717	0	0	0.00	0.03	NA	0	0	NA		2
gene-LOC120056680	LOC120056680	uncharacterized LOC120056680	lncRNA	0	NC_052318.1	50562717	50566188	+	0		0			0	0	2	promoter	1	360	0	1328	0	0	0.07	0.07	NA	0	0	NA		2
gene-LOC120058767	LOC120058767	uncharacterized LOC120058767	lncRNA	0	NC_052320.1	212832	215351	-	0		0			0	0	1	promoter	1	146	0	216	0	0	0.68	0.80	NA	0	0	NA		2
gene-LOC120018234	LOC120018234		pseudogene	0	NC_052308.1	73217049	73217818	+	0		0			0	0	1	promoter	1	142	169	660	1	2	0.04	0.04	NA	0	0	NA		2
gene-LOC120037645	LOC120037645	uncharacterized LOC120037645	lncRNA	0	NW_024058563.1	639130	641694	+	0		0			0	0	1	exon	1	121	0	217	0	1	0.00	0.00	NA	0	0	NA		2
gene-LOC120018277	LOC120018277	uncharacterized LOC120018277	lncRNA	0	NC_052308.1	74368805	74371076	+	0		0			0	0	1	promoter	1	103	0	158	0	4	0.00	0.00	NA	0	0	NA		2
gene-LOC120035207	LOC120035207	small nucleolar RNA U3	snoRNA	0	NC_052348.1	20043532	20043747	+	0		0			1	1	0		0	0	0	0	0	0	117.29	5.51	-4.39	1	0	NA	repetitive_ncRNA	2
gene-LOC120045221	LOC120045221	5S ribosomal RNA	rRNA	0	NC_052309.1	94093690	94093808	-	0		0			2	2	0		0	0	0	0	0	0	18.02	0.84	-4.26	1	0	NA	repetitive_ncRNA	2
gene-LOC120035201	LOC120035201	small nucleolar RNA U3	snoRNA	0	NC_052348.1	20045001	20045214	+	0		0			1	1	0		0	0	213	0	0	0	78.21	3.94	-4.28	1	0	NA	repetitive_ncRNA	2
gene-LOC120035196	LOC120035196	small nucleolar RNA U3	snoRNA	0	NC_052348.1	20044269	20044484	+	0		0			1	1	0		0	0	0	0	0	0	69.82	2.82	-4.58	1	0	NA	repetitive_ncRNA	2
gene-LOC120062940	LOC120062940	calcium/calmodulin-dependent protein kinase type II subunit beta-like	protein_coding	3	NC_052324.1	37574449	37601656	-	1	intron	0	hypo_siscowet	20.91	7	2	0		0	0	3032	1419	105	218	0.00	0.00	NA	0	0	NA		1
gene-LOC120032416	LOC120032416	zinc finger protein 883-like	protein_coding	4	NC_052345.1	4026449	4058554	+	2	exon	0	hypo_siscowet	20.86	33	0	0		0	0	900	213	8	2	0.90	0.66	NA	0	0	NA		1
gene-ano10a	ano10a	anoctamin 10a	protein_coding	3	NC_052343.1	28908381	28943353	-	1	intron	0	hypo_siscowet	16.90	5	0	0		0	0	633	3132	10	8	1.67	1.62	-0.04	1	0	NA		1
gene-LOC120044673	LOC120044673	serine/threonine-protein kinase/endoribonuclease IRE1-like	protein_coding	9	NC_052309.1	83332524	83341996	+	0		0			2	1	1	upstream<=5kb	0	8604	1332	0	0	1	0.03	0.02	NA	0	0	NA		1
gene-LOC120019747	LOC120019747	polypeptide N-acetylgalactosaminyltransferase 14-like	protein_coding	1	NC_052330.1	14395459	14533182	-	0		0			0	0	2	intron	0	6098	2161	8720	214	263	7.40	6.90	-0.10	1	0	NA		1
gene-LOC120033173	LOC120033173	neuropilin-2-like	protein_coding	6	NC_052346.1	3786533	3858655	+	0		0			0	0	1	intron	0	5882	1470	7364	4	8	1.32	1.32	0.00	1	0	NA		1
gene-LOC120046271	LOC120046271	V-type proton ATPase 16 kDa proteolipid subunit-like	protein_coding	3	NC_052310.1	18998310	19009105	+	0		0			0	0	1	upstream<=5kb	0	4840	0	0	0	0	28.25	41.81	0.56	1	0	NA		1
gene-cstf3	cstf3	cleavage stimulation factor, 3' pre-RNA, subunit 3	protein_coding	4	NC_052307.1	78877448	78907598	-	0		0			0	0	5	intron	0	4137	3352	11972	38	231	1.22	1.35	0.13	1	0	NA		1
gene-LOC120042199	LOC120042199	transmembrane protein 19-like	protein_coding	1	NW_024061348.1	76162	121902	-	0		0			0	0	4	intron	0	3668	15303	8390	14	14	11.08	15.36	0.47	1	0	NA		1
gene-LOC120040159	LOC120040159	polyadenylate-binding protein 1A	protein_coding	2	NW_024060231.1	126624	132560	-	0		0			0	0	1	promoter	0	3190	0	0	0	0	125.36	122.39	-0.03	1	0	NA		1
gene-LOC120041376	LOC120041376	probable global transcription activator SNF2L2	protein_coding	6	NW_024061148.1	8588	98663	+	0		0			0	0	3	intron	0	1977	13075	10303	57	61	1.15	0.88	-0.35	1	0	NA		1
gene-LOC120031263	LOC120031263	hepcidin-like	protein_coding	3	NC_052343.1	9531408	9532333	-	0		0			0	0	1	upstream<=5kb	0	1824	0	0	0	0	1774.88	3110.63	0.81	1	0	NA		1
gene-LOC120031262	LOC120031262	hepcidin	protein_coding	3	NC_052343.1	9541017	9542247	-	0		0			0	0	1	downstream<=5kb	0	1824	0	0	0	0	1647.59	2873.96	0.80	1	0	NA		1
gene-LOC120040161	LOC120040161	sperm-associated antigen 1A-like	protein_coding	3	NW_024060231.1	725	36108	+	0		0			0	0	2	intron	0	1801	5099	8071	89	57	1.88	2.33	0.29	1	0	NA		1
gene-LOC120035360	LOC120035360	scavenger receptor cysteine-rich type 1 protein M130-like	protein_coding	1	NW_024057720.1	54647	56832	+	0		0			0	0	1	downstream<=5kb	0	1701	1153	499	0	0	131.39	180.03	0.45	1	0	NA		1
gene-nip7	nip7	NIP7 nucleolar pre-rRNA processing protein	protein_coding	6	NC_052307.1	83649604	83653654	+	0		0			0	0	1	downstream<=5kb	0	1537	0	82	6	7	23.22	29.53	0.35	1	0	NA		1
gene-LOC120051425	LOC120051425	protein SON-like	protein_coding	3	NC_052313.1	52966428	52977969	-	0		0			0	0	1	downstream<=5kb	0	1481	0	0	0	0	1.15	0.98	-0.22	1	0	NA		1
gene-LOC120028061	LOC120028061	phenylalanine--tRNA ligase, mitochondrial-like	protein_coding	6	NC_052339.1	6232746	6366985	-	0		0			0	0	2	intron	0	1454	922	1657	2	1	2.98	3.60	0.26	1	0	NA		1
gene-LOC120020197	LOC120020197	uncharacterized LOC120020197	protein_coding	1	NC_052331.1	9540575	9560348	-	0		0			0	0	1	intron	0	1317	63	1449	1	0	1.39	1.48	0.08	1	0	NA		1
gene-LOC120037910	LOC120037910	26S proteasome non-ATPase regulatory subunit 13-like	protein_coding	5	NW_024058763.1	11635	19409	-	0		0			0	0	1	downstream<=5kb	0	1287	326	58	8	7	9.70	10.35	0.09	1	0	NA		1
gene-ccdc90b	ccdc90b	coiled-coil domain containing 90B	protein_coding	1	NC_052318.1	53227701	53245340	+	0		0			0	0	1	intron	0	1239	0	3208	0	4	3.54	3.21	-0.14	1	0	NA		1
gene-LOC120042791	LOC120042791	COP9 signalosome complex subunit 1-like	protein_coding	1	NW_024061508.1	33781	56996	+	0		0			0	0	1	intron	0	1167	2906	6314	1	16	2.64	2.73	0.05	1	0	NA		1
gene-LOC120029472	LOC120029472	annexin A4-like	protein_coding	5	NC_052341.1	4255661	4282228	-	0		0			0	0	2	intron	0	1058	357	3654	5	9	14.70	21.54	0.55	1	0	NA		1
gene-LOC120029359	LOC120029359	ribosome-binding protein 1-like	protein_coding	2	NC_052341.1	4289408	4326612	-	0		0			0	0	1	downstream<=5kb	0	1058	152	1198	8	1	2.98	3.09	0.05	1	0	NA		1
gene-LOC120031773	LOC120031773	N-acylneuraminate cytidylyltransferase-like	protein_coding	1	NC_052344.1	23351584	23361327	-	0		0			0	0	1	upstream<=5kb	0	1026	101	0	10	2	2.45	3.45	0.48	1	0	NA		1
gene-pir	pir	pirin	protein_coding	3	NW_024060064.1	83409	199053	-	0		0			0	0	1	intron	0	1009	6899	9941	98	96	11.93	16.48	0.46	1	0	NA		1
gene-LOC120038653	LOC120038653	zinc finger CCHC-type and RNA-binding motif-containing protein 1-like	protein_coding	4	NW_024059108.1	19623	23238	-	0		0			0	0	1	promoter	0	926	0	926	0	0	1.45	1.58	0.12	1	0	NA		1
gene-pphln1	pphln1	periphilin 1	protein_coding	4	NW_024059108.1	23296	53282	+	0		0			0	0	3	promoter	0	926	667	3398	6	26	2.46	2.69	0.12	1	0	NA		1
gene-LOC120037161	LOC120037161	very long-chain acyl-CoA synthetase-like	protein_coding	2	NW_024058335.1	10982	16443	+	0		0			0	0	2	promoter	0	864	258	894	10	27	6.88	5.70	-0.27	1	0	NA		1
gene-LOC120057678	LOC120057678	mitogen-activated protein kinase 14A-like	protein_coding	6	NC_052308.1	207934	252542	+	0		0			0	0	1	intron	0	835	1795	3879	9	6	1.33	0.94	-0.46	1	0	NA		1
gene-LOC120042458	LOC120042458	60S ribosomal protein L4-A-like	protein_coding	5	NW_024061412.1	74433	81434	+	0		0			0	0	1	downstream<=5kb	0	830	0	0	3	3	386.74	448.27	0.21	1	0	NA		1
gene-LOC120040888	LOC120040888	eukaryotic translation initiation factor 3 subunit H	protein_coding	8	NW_024060896.1	536123	594641	+	0		0			0	0	1	intron	0	811	10194	10792	52	128	98.81	114.92	0.22	1	0	NA		1
gene-LOC120019624	LOC120019624	protein GPR108-like	protein_coding	3	NC_052308.1	80009702	80027812	-	0		0			0	0	2	promoter	0	796	419	1798	5	18	2.16	3.56	0.70	1	0	NA		1
gene-LOC120065619	LOC120065619	receptor-type tyrosine-protein phosphatase gamma-like	protein_coding	3	NC_052326.1	19141881	19275211	-	0		0			0	0	5	intron	0	774	817	5661	0	31	1.26	1.10	-0.18	1	0	NA		1
gene-LOC120050139	LOC120050139	ras-related protein Rap-1b	protein_coding	7	NC_052312.1	51518812	51551108	+	0		0			0	0	1	intron	0	756	5086	7649	25	34	1.92	2.78	0.51	1	0	NA		1
gene-cand1	cand1	cullin-associated and neddylation-dissociated 1	protein_coding	3	NC_052312.1	50987631	51068908	+	0		0			0	0	2	intron	0	734	18198	28818	132	165	2.05	1.96	-0.06	1	0	NA		1
gene-LOC120030506	LOC120030506	phosphatidylinositol-binding clathrin assembly protein	protein_coding	0	NC_052342.1	24022782	24043309	+	0		0			0	0	1	upstream<=5kb	0	726	463	0	3	1	4.88	4.76	-0.04	1	0	NA		1
gene-LOC120039976	LOC120039976	calcium-independent phospholipase A2-gamma-like	protein_coding	3	NW_024060066.1	25578	27880	-	0		0			0	0	1	downstream<=5kb	0	725	0	106	1	1	1.89	2.38	0.31	1	0	NA		1
gene-nsmce2	nsmce2	NSE2 (MMS21) homolog, SMC5-SMC6 complex SUMO ligase	protein_coding	6	NW_024060896.1	204628	216204	-	0		0			0	0	2	upstream<=5kb	0	723	882	956	22	13	2.08	1.81	-0.19	1	0	NA		1
gene-tdp2b	tdp2b	tyrosyl-DNA phosphodiesterase 2b	protein_coding	6	NW_024061031.1	37003	46168	+	0		0			0	0	3	intron	0	714	238	973	0	0	2.20	2.15	-0.03	1	0	NA		1
gene-LOC120043494	LOC120043494	ER lumen protein-retaining receptor 2-like	protein_coding	6	NC_052309.1	93981198	93985315	-	0		0			0	0	1	upstream<=5kb	0	704	0	0	0	0	13.76	16.24	0.24	1	0	NA		1
gene-LOC120043469	LOC120043469	transmembrane protein 180-like	protein_coding	0	NC_052309.1	93987668	93994124	-	0		0			0	0	2	intron	0	704	0	684	0	0	1.60	2.57	0.66	1	0	NA		1
gene-LOC120037234	LOC120037234	mitochondrial dicarboxylate carrier-like	protein_coding	14	NW_024058397.1	321283	343180	+	0		0			0	0	2	intron	0	657	1098	3954	11	20	1.50	1.46	-0.04	1	0	NA		1
gene-snx25	snx25	sorting nexin 25	protein_coding	3	NC_052323.1	23423383	23480991	-	0		0			0	0	1	intron	0	652	401	652	8	1	1.35	1.31	-0.04	1	0	NA		1
gene-LOC120025733	LOC120025733	SEC14-like protein 2	protein_coding	1	NC_052337.1	9088094	9120266	-	0		0			0	0	1	downstream<=5kb	0	625	8522	10067	44	136	4.97	4.48	-0.15	1	0	NA		1
gene-cd74a	cd74a	CD74 molecule, major histocompatibility complex, class II invariant chain a	protein_coding	8	NC_052311.1	31231730	31236310	-	0		0			0	0	1	downstream<=5kb	0	618	0	0	0	0	93.45	160.40	0.78	1	0	NA		1
gene-slc2a2	slc2a2	solute carrier family 2 member 2	protein_coding	4	NC_052346.1	13672577	13687272	-	0		0			0	0	1	intron	0	614	2535	3062	40	77	27.84	24.76	-0.17	1	0	NA		1
gene-LOC120026163	LOC120026163	talin-1-like	protein_coding	8	NC_052337.1	5548746	5705019	-	0		0			0	0	1	intron	0	592	9352	12744	23	75	1.71	2.14	0.31	1	0	NA		1
gene-LOC120041554	LOC120041554	threonylcarbamoyladenosine tRNA methylthiotransferase-like	protein_coding	0	NW_024061169.1	35421	74375	+	0		0			0	0	2	intron	0	570	1368	5169	34	100	1.59	1.92	0.26	1	0	NA		1
gene-stx12	stx12	syntaxin 12	protein_coding	11	NC_052338.1	32495978	32511786	-	0		0			0	0	1	intron	0	570	55	1316	0	0	1.92	1.50	-0.34	1	0	NA		1
gene-LOC120047996	LOC120047996	uncharacterized LOC120047996	protein_coding	1	NC_052307.1	69676156	69686986	+	0		0			0	0	2	upstream<=5kb	0	565	0	0	0	0	51.12	47.35	-0.11	1	0	NA		1
gene-LOC120061446	LOC120061446	guanine nucleotide-binding protein G(i) subunit alpha-2-like	protein_coding	7	NC_052308.1	31395289	31503869	-	0		0			0	0	1	intron	0	536	56	599	5	28	5.94	5.64	-0.08	1	0	NA		1
gene-LOC120042914	LOC120042914	scavenger receptor cysteine-rich type 1 protein M130-like	protein_coding	1	NW_024061533.1	30515	35523	-	0		0			0	0	1	promoter	0	521	324	611	1	0	36.91	52.44	0.51	1	0	NA		1
gene-LOC120040508	LOC120040508	mitochondrial dynamics protein MID49-like	protein_coding	3	NW_024060540.1	3245	16311	-	0		0			0	0	1	intron	0	511	2994	2710	11	35	4.59	4.93	0.10	1	0	NA		1
gene-LOC120040452	LOC120040452	endothelial PAS domain-containing protein 1-like	protein_coding	8	NW_024060486.1	86270	149301	-	0		0			0	0	2	intron	0	505	478	2355	0	3	4.79	4.05	-0.24	1	0	NA		1
gene-LOC120040277	LOC120040277	broad substrate specificity ATP-binding cassette transporter ABCG2-like	protein_coding	4	NW_024060330.1	66464	106583	-	0		0			0	0	1	intron	0	504	1900	2495	30	42	1.18	0.98	-0.24	1	0	NA		1
gene-LOC120059075	LOC120059075	tumor necrosis factor receptor superfamily member 14-like	protein_coding	8	NC_052320.1	6824919	6833398	-	0		0			0	0	1	promoter	0	490	0	1309	0	0	1.08	0.45	-1.09	1	0	NA		1
gene-LOC120036126	LOC120036126	unconventional myosin-X-like	protein_coding	2	NC_052309.1	68993924	69043944	+	0		0			0	0	1	intron	0	489	110	527	1	4	2.09	1.81	-0.20	1	0	NA		1
gene-iyd	iyd	iodotyrosine deiodinase	protein_coding	2	NW_024057836.1	10473	20019	+	0		0			0	0	3	promoter	0	487	278	1362	2	7	24.28	33.08	0.44	1	0	NA		1
gene-LOC120030058	LOC120030058	tripartite motif-containing protein 35-like	protein_coding	2	NC_052341.1	10141882	10145427	+	0		0			0	0	1	promoter	0	476	156	404	4	4	1.30	0.63	-0.93	1	0	NA		1
gene-LOC120059029	LOC120059029	synaptophysin-like protein 2	protein_coding	2	NC_052320.1	1509642	1520927	+	0		0			0	0	1	downstream<=5kb	0	470	797	475	2	2	1.41	2.03	0.49	1	0	NA		1
gene-LOC120019976	LOC120019976	perforin-1-like	protein_coding	0	NC_052308.1	80488696	80514132	+	0		0			0	0	5	intron	0	469	841	8199	13	16	35.74	40.15	0.17	1	0	NA		1
gene-LOC120023490	LOC120023490	disheveled-associated activator of morphogenesis 1-like	protein_coding	4	NC_052334.1	15423498	15504044	+	0		0			0	0	2	intron	0	463	6785	2254	78	65	1.92	1.37	-0.46	1	0	NA		1
gene-LOC120061295	LOC120061295	5'-AMP-activated protein kinase subunit gamma-1-like	protein_coding	0	NC_052308.1	30070345	30084870	-	0		0			0	0	1	promoter	0	457	0	125	0	0	22.96	21.12	-0.12	1	0	NA		1
gene-LOC120061304	LOC120061304	GTP-binding protein Rheb-like	protein_coding	5	NC_052308.1	30091989	30095448	-	0		0			0	0	1	downstream<=5kb	0	457	0	0	0	0	3.44	2.85	-0.27	1	0	NA		1
gene-skap2	skap2	src kinase associated phosphoprotein 2	protein_coding	3	NC_052343.1	27897832	27915460	-	0		0			0	0	1	promoter	0	443	506	268	7	10	1.02	0.93	-0.11	1	0	NA		1
gene-LOC120063269	LOC120063269	succinyl-CoA:3-ketoacid coenzyme A transferase 1, mitochondrial-like	protein_coding	3	NC_052324.1	26064893	26196649	-	0		0			0	0	1	intron	0	440	1534	4596	17	34	1.21	0.91	-0.37	1	0	NA		1
gene-LOC120047639	LOC120047639	furin-1-like	protein_coding	4	NC_052307.1	65556985	65653338	+	0		0			0	0	1	intron	0	422	273	515	4	10	42.87	50.08	0.22	1	0	NA		1
gene-LOC120043715	LOC120043715	brain-specific angiogenesis inhibitor 1-associated protein 2-like	protein_coding	8	NC_052309.1	94930648	95077402	-	0		0			0	0	2	intron	0	422	17431	12410	233	359	1.36	1.54	0.17	1	0	NA		1
gene-LOC120031740	LOC120031740	insulin-like growth factor I	protein_coding	4	NC_052344.1	18952209	18980218	-	0		0			0	0	3	intron	0	418	0	3048	0	0	3.15	2.99	-0.07	1	0	NA		1
gene-LOC120050086	LOC120050086	T-complex protein 11-like protein 2	protein_coding	1	NC_052312.1	45474510	45489350	-	0		0			0	0	1	upstream<=5kb	0	417	0	0	0	0	1.85	1.69	-0.13	1	0	NA		1
gene-LOC120028170	LOC120028170	double-stranded RNA-binding protein Staufen homolog 2-like	protein_coding	0	NC_052339.1	34214570	34254665	-	0		0			0	0	3	intron	0	411	6016	6353	37	71	4.14	4.70	0.18	1	0	NA		1
gene-LOC120062581	LOC120062581	eukaryotic translation initiation factor 4E-binding protein 3-like	protein_coding	3	NC_052323.1	36757275	36768873	+	0		0			0	0	1	intron	0	406	843	760	2	0	26.74	22.02	-0.28	1	0	NA		1
gene-LOC120048863	LOC120048863	E3 ubiquitin-protein ligase RNF115-like	protein_coding	6	NC_052311.1	71238087	71246709	+	0		0			0	0	1	intron	0	403	0	403	0	2	3.35	4.31	0.35	1	0	NA		1
gene-LOC120048861	LOC120048861	lysosomal acid glucosylceramidase-like	protein_coding	2	NC_052311.1	71246758	71253022	-	0		0			0	0	1	downstream<=5kb	0	403	0	0	0	0	1.77	1.66	-0.09	1	0	NA		1
gene-c13h3orf38	c13h3orf38	chromosome 13 C3orf38 homolog	protein_coding	0	NC_052319.1	29205503	29208869	+	0		0			0	0	1	downstream<=5kb	0	401	0	0	0	0	4.17	5.34	0.35	1	0	NA		1
gene-slc7a2	slc7a2	solute carrier family 7 member 2	protein_coding	4	NC_052323.1	22938791	22969614	+	0		0			0	0	2	intron	0	393	0	1260	18	11	12.21	14.40	0.24	1	0	NA		1
gene-LOC120046804	LOC120046804	COP9 signalosome complex subunit 1-like	protein_coding	1	NC_052310.1	72852087	72876657	-	0		0			0	0	4	intron	0	385	3398	2101	3	7	1.50	1.57	0.06	1	0	NA		1
gene-LOC120035871	LOC120035871	4-aminobutyrate aminotransferase, mitochondrial-like	protein_coding	4	NW_024057815.1	45288	83909	-	0		0			0	0	1	intron	0	381	716	5623	25	54	7.07	9.66	0.45	1	0	NA		1
gene-LOC120043284	LOC120043284	adiponectin receptor protein 2-like	protein_coding	3	NW_024061627.1	21465	90707	+	0		0			0	0	1	intron	0	380	1721	4281	19	49	24.92	31.64	0.34	1	0	NA		1
gene-LOC120033004	LOC120033004	testis-expressed protein 2-like	protein_coding	2	NC_052345.1	16638010	16699426	-	0		0			0	0	2	intron	0	374	262	1049	3	8	7.47	7.43	-0.01	1	0	NA		1
gene-LOC120018151	LOC120018151	syntaxin-10-like	protein_coding	2	NC_052308.1	72846729	72860359	-	0		0			0	0	1	intron	0	370	294	1559	12	25	1.21	1.23	0.02	1	0	NA		1
gene-LOC120037971	LOC120037971	monoacylglycerol lipase ABHD6-like	protein_coding	0	NW_024058786.1	56512	91797	+	0		0			0	0	1	promoter	0	360	58	509	7	8	10.73	14.04	0.39	1	0	NA		1
gene-pcca	pcca	propionyl-CoA carboxylase subunit alpha	protein_coding	4	NC_052346.1	19737525	19814229	+	0		0			0	0	1	intron	0	358	20470	25860	111	371	3.26	3.04	-0.10	1	0	NA		1
gene-enox2	enox2	ecto-NOX disulfide-thiol exchanger 2	protein_coding	5	NC_052311.1	14747359	15028436	+	0		0			0	0	2	intron	0	356	3348	2545	112	150	3.44	3.89	0.17	1	0	NA		1
gene-LOC120036911	LOC120036911	RNA-splicing ligase RtcB homolog	protein_coding	5	NW_024058246.1	52112	59351	+	0		0			0	0	1	promoter	0	338	532	567	4	4	2.12	2.64	0.30	1	0	NA		1
gene-fbxo7	fbxo7	F-box protein 7	protein_coding	3	NW_024058246.1	30177	52004	-	0		0			0	0	1	promoter	0	338	2204	3224	26	23	2.00	2.60	0.36	1	0	NA		1
gene-LOC120051153	LOC120051153	tyrosine-protein kinase yes	protein_coding	8	NC_052313.1	26335338	26382607	+	0		0			0	0	3	intron	0	331	371	1697	4	2	1.84	2.03	0.13	1	0	NA		1
gene-napab	napab	N-ethylmaleimide-sensitive factor attachment protein, alpha b	protein_coding	9	NW_024060242.1	155296	183380	+	0		0			0	0	1	intron	0	330	2573	3190	49	52	1.73	1.52	-0.17	1	0	NA		1
gene-mpp6b	mpp6b	membrane protein, palmitoylated 6b (MAGUK p55 subfamily member 6)	protein_coding	3	NC_052333.1	13545300	13626404	-	0		0			0	0	1	intron	0	322	582	6266	4	69	1.42	0.97	-0.50	1	0	NA		1
gene-shmt2	shmt2	serine hydroxymethyltransferase 2 (mitochondrial)	protein_coding	21	NC_052308.1	740366	785778	-	0		0			0	0	1	intron	0	322	7945	8019	7	5	39.83	41.76	0.07	1	0	NA		1
gene-LOC120035108	LOC120035108	60S ribosomal protein L26	protein_coding	6	NC_052348.1	19453507	19456668	-	0		0			0	0	1	intron	0	311	0	312	0	0	758.79	665.89	-0.19	1	0	NA		1
gene-LOC120034929	LOC120034929	V-type proton ATPase subunit e 1-like	protein_coding	3	NC_052348.1	19448863	19451895	-	0		0			0	0	1	promoter	0	311	0	0	0	2	57.82	60.47	0.06	1	0	NA		1
gene-aplp2	aplp2	amyloid beta (A4) precursor-like protein 2	protein_coding	3	NW_024061235.1	34988	103942	+	0		0			0	0	1	intron	0	308	4926	3562	14	14	2.50	1.83	-0.43	1	0	NA		1
gene-LOC120039150	LOC120039150	solute carrier family 22 member 18-like	protein_coding	2	NW_024059419.1	184421	194109	-	0		0			0	0	1	downstream<=5kb	0	308	198	217	8	13	27.35	30.14	0.14	1	0	NA		1
gene-LOC120059110	LOC120059110	toll-like receptor 5	protein_coding	1	NC_052320.1	9682426	9685606	-	0		0			0	0	1	downstream<=5kb	0	306	0	0	0	0	8.86	7.32	-0.27	1	0	NA		1
gene-LOC120049457	LOC120049457	RELT-like protein 1	protein_coding	2	NC_052312.1	4195199	4216833	-	0		0			0	0	1	downstream<=5kb	0	294	50	570	98	106	1.03	1.19	0.18	1	0	NA		1
gene-LOC120040004	LOC120040004	death-associated protein kinase 2-like	protein_coding	7	NW_024060102.1	5131	27906	+	0		0			0	0	2	promoter	0	281	1889	3494	5	26	1.40	1.18	-0.23	1	0	NA		1
gene-snd1	snd1	staphylococcal nuclease and tudor domain containing 1	protein_coding	7	NC_052312.1	44312107	44624458	-	0		0			0	0	1	intron	0	279	3999	7047	54	84	16.54	17.05	0.04	1	0	NA		1
gene-lnx1	lnx1	ligand of numb-protein X 1	protein_coding	4	NC_052314.1	27740345	27789228	-	0		0			0	0	1	upstream<=5kb	0	279	755	472	6	2	1.77	3.06	0.75	1	0	NA		1
gene-LOC120040415	LOC120040415	plexin-B2-like	protein_coding	9	NW_024060452.1	30140	89455	+	0		0			0	0	5	intron	0	276	4757	8461	103	142	4.34	3.18	-0.44	1	0	NA		1
gene-nme7	nme7	NME/NM23 family member 7	protein_coding	6	NC_052315.1	2229643	3306413	+	0		0			0	0	1	intron	0	275	39806	50206	309	545	1.01	0.66	-0.55	1	0	NA		1
gene-LOC120049540	LOC120049540	L-rhamnose-binding lectin CSL1-like	protein_coding	1	NC_052312.1	705200	719646	-	0		0			0	0	1	promoter	0	272	1971	4127	10	3	478.10	397.58	-0.27	1	0	NA		1
gene-LOC120029112	LOC120029112	SPRY domain-containing SOCS box protein 4-like	protein_coding	4	NC_052340.1	21581950	21629716	+	0		0			0	0	1	intron	0	270	1221	422	2	0	1.24	1.79	0.49	1	0	NA		1
gene-pdia5	pdia5	protein disulfide isomerase family A, member 5	protein_coding	3	NC_052325.1	24635661	24711381	-	0		0			0	0	1	intron	0	265	1592	7241	12	11	4.21	4.01	-0.07	1	0	NA		1
gene-LOC120032256	LOC120032256	solute carrier family 41 member 2-like	protein_coding	3	NC_052344.1	8538917	8566683	-	0		0			0	0	1	intron	0	259	964	620	4	7	4.91	5.22	0.09	1	0	NA		1
gene-chchd3a	chchd3a	coiled-coil-helix-coiled-coil-helix domain containing 3a	protein_coding	3	NC_052312.1	46786864	46881417	+	0		0			0	0	1	intron	0	255	1297	3218	33	25	2.39	2.21	-0.11	1	0	NA		1
gene-ascc1	ascc1	activating signal cointegrator 1 complex subunit 1	protein_coding	4	NC_052328.1	1841600	1874046	+	0		0			0	0	1	intron	0	252	2067	3577	53	39	1.54	1.36	-0.17	1	0	NA		1
gene-LOC120020607	LOC120020607	uncharacterized LOC120020607	protein_coding	3	NC_052331.1	33995868	34006496	+	0		0			0	0	1	upstream<=5kb	0	247	0	182	0	0	3.05	3.25	0.09	1	0	NA		1
gene-ahsg2	ahsg2	alpha-2-HS-glycoprotein 2	protein_coding	6	NC_052331.1	33983656	33988146	-	0		0			0	0	1	upstream<=5kb	0	247	0	0	0	0	1209.10	1386.50	0.20	1	0	NA		1
gene-LOC120057138	LOC120057138	THO complex subunit 2-like	protein_coding	4	NC_052318.1	33619514	33697672	-	0		0			0	0	1	intron	0	243	396	243	0	3	1.22	0.91	-0.39	1	0	NA		1
gene-LOC120040162	LOC120040162	14-3-3 protein beta/alpha-A-like	protein_coding	2	NW_024060231.1	153439	178818	-	0		0			0	0	1	intron	0	237	1332	3232	36	91	26.74	30.68	0.20	1	0	NA		1
gene-LOC120036441	LOC120036441	ATP-dependent 6-phosphofructokinase, liver type-like	protein_coding	12	NW_024058042.1	186430	260962	-	0		0			0	0	2	intron	0	228	6810	6401	69	129	2.36	1.58	-0.55	1	0	NA		1
gene-tpst1	tpst1	tyrosylprotein sulfotransferase 1	protein_coding	3	NW_024059375.1	166977	269841	+	0		0			0	0	1	intron	0	225	5932	4517	70	113	2.57	2.69	0.06	1	0	NA		1
gene-LOC120019146	LOC120019146	alpha-1-antitrypsin homolog	protein_coding	3	NC_052330.1	28284966	28287641	+	0		0			0	0	2	upstream<=5kb	0	224	0	0	0	0	1577.22	1558.85	-0.02	1	0	NA		1
gene-prelid1a	prelid1a	PRELI domain containing 1a	protein_coding	3	NC_052311.1	611687	637499	-	0		0			0	0	2	intron	0	220	2353	2485	19	32	1.68	1.36	-0.28	1	0	NA		1
gene-LOC120039987	LOC120039987	muscleblind-like protein 1	protein_coding	1	NW_024060075.1	631	45141	+	0		0			0	0	1	intron	0	214	1406	856	37	34	2.11	2.39	0.17	1	0	NA		1
gene-LOC120048092	LOC120048092	xaa-Pro dipeptidase-like	protein_coding	2	NC_052307.1	70679181	70690137	+	0		0			0	0	1	intron	0	210	0	2929	0	4	5.08	4.58	-0.15	1	0	NA		1
gene-LOC120040412	LOC120040412	plexin-B2-like	protein_coding	9	NW_024060452.1	175988	244333	+	0		0			0	0	2	intron	0	210	6210	11740	236	173	2.17	1.45	-0.55	1	0	NA		1
gene-LOC120048078	LOC120048078	protein LSM14 homolog A-like	protein_coding	5	NC_052307.1	70168729	70176099	-	0		0			0	0	1	downstream<=5kb	0	208	0	0	0	0	2.36	2.62	0.15	1	0	NA		1
gene-pinx1	pinx1	PIN2 (TERF1) interacting telomerase inhibitor 1	protein_coding	4	NC_052330.1	37358327	37430095	-	0		0			0	0	1	intron	0	208	8747	8496	21	108	1.07	0.81	-0.36	1	0	NA		1
gene-LOC120066039	LOC120066039	CTD nuclear envelope phosphatase 1A-like	protein_coding	1	NC_052327.1	7542162	7550653	+	0		0			0	0	1	promoter	0	204	0	0	1	0	1.07	1.00	-0.09	1	0	NA		1
gene-LOC120040595	LOC120040595	GTP-binding protein 1-like	protein_coding	4	NW_024060619.1	116643	128390	+	0		0			0	0	1	intron	0	204	114	204	4	5	1.94	2.09	0.10	1	0	NA		1
gene-reep3b	reep3b	receptor accessory protein 3b	protein_coding	5	NW_024058112.1	1872	30611	-	0		0			0	0	1	downstream<=5kb	0	201	2949	1656	58	37	9.02	17.16	0.92	1	0	NA		1
gene-hpda	hpda	4-hydroxyphenylpyruvate dioxygenase a	protein_coding	6	NC_052318.1	844283	875792	+	0		0			0	0	1	intron	0	197	1301	952	1	0	244.05	235.35	-0.05	1	0	NA		1
gene-deptor	deptor	DEP domain containing MTOR-interacting protein	protein_coding	3	NC_052311.1	74083414	74155108	-	0		0			0	0	1	intron	0	196	7021	11311	123	209	1.14	0.59	-0.85	1	0	NA		1
gene-xdh	xdh	xanthine dehydrogenase	protein_coding	4	NC_052321.1	4361448	4404025	-	0		0			0	0	2	intron	0	194	2123	4404	30	73	4.35	3.98	-0.13	1	0	NA		1
gene-LOC120041440	LOC120041440	kynurenine formamidase	protein_coding	2	NW_024061161.1	116489	129857	-	0		0			0	0	1	intron	0	190	0	1483	0	17	3.86	4.67	0.27	1	0	NA		1
gene-LOC120027806	LOC120027806	cAMP-responsive element modulator-like	protein_coding	5	NC_052339.1	13458648	13462411	+	0		0			0	0	1	downstream<=5kb	0	190	0	0	0	0	10.38	10.79	0.05	1	0	NA		1
gene-nfe2l1b	nfe2l1b	nuclear factor, erythroid 2-like 1b	protein_coding	4	NC_052310.1	15220143	15227807	+	0		0			0	0	1	upstream<=5kb	0	189	0	0	0	0	1.92	2.03	0.08	1	0	NA		1
gene-sec63	sec63	SEC63 homolog, protein translocation regulator	protein_coding	5	NW_024057836.1	23028	61091	+	0		0			0	0	1	intron	0	181	2048	1889	29	71	32.15	32.76	0.03	1	0	NA		1
gene-LOC120023495	LOC120023495	uncharacterized LOC120023495	protein_coding	0	NC_052308.1	75908601	75910551	+	0		0			1	1	1	upstream<=5kb	0	180	0	0	0	4	0.00	0.00	NA	0	0	NA		1
gene-tmbim4	tmbim4	transmembrane BAX inhibitor motif containing 4	protein_coding	2	NC_052312.1	52017661	52029191	+	0		0			0	0	1	intron	0	178	3057	2552	77	41	17.79	17.76	-0.00	1	0	NA		1
gene-mrpl14	mrpl14	mitochondrial ribosomal protein L14	protein_coding	4	NC_052310.1	2576479	2599129	-	0		0			0	0	1	intron	0	176	1007	201	1	2	4.18	4.74	0.18	1	0	NA		1
gene-tufm	tufm	Tu translation elongation factor, mitochondrial	protein_coding	5	NC_052309.1	96884764	96900807	+	0		0			0	0	1	intron	0	176	3194	4708	25	13	8.11	8.87	0.13	1	0	NA		1
gene-LOC120029618	LOC120029618	calpain-1 catalytic subunit-like	protein_coding	0	NC_052341.1	2941683	2946300	+	0		0			0	0	1	upstream<=5kb	0	175	0	249	0	1	1.20	1.01	-0.23	1	0	NA		1
gene-LOC120022588	LOC120022588	H-2 class I histocompatibility antigen, Q9 alpha chain-like	protein_coding	3	NC_052333.1	30423781	30451798	-	0		0			0	0	1	intron	0	172	2034	1433	48	33	90.74	83.77	-0.12	1	0	NA		1
gene-LOC120038182	LOC120038182	mitochondrial dicarboxylate carrier-like	protein_coding	14	NW_024058897.1	6498	27206	-	0		0			0	0	3	intron	0	168	1817	5175	21	54	1.63	1.61	-0.02	1	0	NA		1
gene-cd81b	cd81b	CD81 molecule b	protein_coding	1	NC_052327.1	56026580	56059988	-	0		0			0	0	1	intron	0	160	633	570	0	9	6.83	10.64	0.63	1	0	NA		1
gene-LOC120048323	LOC120048323	complement C3	protein_coding	4	NC_052311.1	44645531	44650925	+	0		0			0	0	1	promoter	0	159	0	0	0	0	3858.33	3598.00	-0.10	1	0	NA		1
gene-pfkfb4b	pfkfb4b	6-phosphofructo-2-kinase/fructose-2,6-biphosphatase 4b	protein_coding	6	NC_052308.1	30779055	30798954	-	0		0			0	0	1	downstream<=5kb	0	156	0	0	0	0	1.53	1.52	-0.01	1	0	NA		1
gene-LOC120043574	LOC120043574	microfibril-associated glycoprotein 4-like	protein_coding	3	NW_024061712.1	42506	61680	+	0		0			0	0	1	intron	0	153	1480	1425	7	7	400.34	320.91	-0.32	1	0	NA		1
gene-setd3	setd3	SET domain containing 3, actin histidine methyltransferase	protein_coding	10	NC_052321.1	33627747	33699046	+	0		0			0	0	1	intron	0	152	0	2263	2	7	1.10	1.05	-0.06	1	0	NA		1
gene-LOC120036875	LOC120036875	tether containing UBX domain for GLUT4-like	protein_coding	1	NW_024058229.1	2213	18375	+	0		0			0	0	1	intron	0	150	993	1994	12	16	1.78	1.57	-0.17	1	0	NA		1
gene-LOC120025946	LOC120025946	phosphatidylinositol 3-kinase regulatory subunit alpha	protein_coding	6	NC_052337.1	32668319	32730042	-	0		0			0	0	1	intron	0	150	1780	8351	6	15	1.06	0.91	-0.20	1	0	NA		1
gene-dph1	dph1	diphthamide biosynthesis 1	protein_coding	2	NC_052329.1	21828433	21932970	-	0		0			0	0	2	intron	0	149	1739	3367	19	11	0.78	1.08	0.43	1	0	NA		1
gene-LOC120025121	LOC120025121	cAMP-regulated phosphoprotein 19-A-like	protein_coding	3	NC_052336.1	7842328	7846532	-	0		0			0	0	1	intron	0	147	0	0	0	0	6.66	10.38	0.63	1	0	NA		1
gene-fam214a	fam214a	family with sequence similarity 214 member A	protein_coding	0	NC_052336.1	7847291	7874885	-	0		0			0	0	1	downstream<=5kb	0	147	650	361	10	30	1.36	0.97	-0.44	1	0	NA		1
gene-LOC120037315	LOC120037315	PEST proteolytic signal-containing nuclear protein-like	protein_coding	3	NW_024058445.1	9603	12638	-	0		0			0	0	1	upstream<=5kb	0	146	0	0	0	0	9.84	12.70	0.36	1	0	NA		1
gene-LOC120059013	LOC120059013	transketolase-like	protein_coding	2	NC_052320.1	190400	210488	+	0		0			0	0	1	downstream<=5kb	0	146	1543	1157	16	23	6.09	7.86	0.36	1	0	NA		1
gene-snupn	snupn	snurportin 1	protein_coding	6	NC_052327.1	9062852	9095720	+	0		0			0	0	1	intron	0	144	0	144	0	0	2.40	2.56	0.09	1	0	NA		1
gene-LOC120041076	LOC120041076	uncharacterized protein C6orf62 homolog	protein_coding	0	NW_024061031.1	22478	35283	+	0		0			0	0	1	downstream<=5kb	0	143	932	847	2	7	2.56	2.53	-0.02	1	0	NA		1
gene-eno1a	eno1a	enolase 1a, (alpha)	protein_coding	4	NC_052320.1	2261309	2299618	+	0		0			0	0	1	upstream<=5kb	0	135	1617	532	5	21	154.31	120.92	-0.35	1	0	NA		1
gene-LOC120039151	LOC120039151	ADP-ribosylation factor GTPase-activating protein 2-like	protein_coding	2	NW_024059419.1	210299	242492	-	0		0			0	0	1	intron	0	135	815	305	4	6	2.68	3.26	0.28	1	0	NA		1
gene-LOC120046526	LOC120046526	glutamate dehydrogenase, mitochondrial-like	protein_coding	3	NC_052310.1	40254499	40275543	+	0		0			0	0	1	intron	0	129	0	129	0	0	13.74	13.73	-0.00	1	0	NA		1
gene-LOC120024895	LOC120024895	solute carrier family 22 member 18-like	protein_coding	2	NC_052336.1	1073306	1085947	-	0		0			0	0	1	downstream<=5kb	0	129	620	109	5	3	27.34	30.15	0.14	1	0	NA		1
gene-LOC120020421	LOC120020421	5'-3' exoribonuclease 1-like	protein_coding	5	NC_052331.1	27954130	27985378	+	0		0			0	0	1	intron	0	127	1463	1584	8	5	1.23	0.93	-0.38	1	0	NA		1
gene-LOC120037915	LOC120037915	transmembrane protein 236-like	protein_coding	0	NW_024058764.1	9497	23078	-	0		0			0	0	1	intron	0	125	0	343	0	0	1.84	1.48	-0.30	1	0	NA		1
gene-LOC120041970	LOC120041970	4-aminobutyrate aminotransferase, mitochondrial-like	protein_coding	4	NC_052309.1	89363535	89429443	-	0		0			0	0	2	intron	0	124	6823	17374	49	101	5.96	7.54	0.33	1	0	NA		1
gene-LOC120023396	LOC120023396	vam6/Vps39-like protein	protein_coding	5	NC_052334.1	1268527	1276517	-	0		0			0	0	1	intron	0	124	945	767	43	26	1.21	1.09	-0.13	1	0	NA		1
gene-LOC120064266	LOC120064266	thioredoxin reductase 1, cytoplasmic-like	protein_coding	8	NC_052308.1	48542954	48572307	+	0		0			0	0	1	upstream<=5kb	0	121	0	0	0	0	7.44	8.58	0.20	1	0	NA		1
gene-LOC120042627	LOC120042627	alpha-2-macroglobulin receptor-associated protein-like	protein_coding	14	NW_024061456.1	99051	113769	+	0		0			0	0	1	intron	0	121	1261	2079	12	23	4.45	3.49	-0.34	1	0	NA		1
gene-LOC120036181	LOC120036181	very long-chain acyl-CoA synthetase-like	protein_coding	2	NW_024057931.1	270980	284092	+	0		0			0	0	1	intron	0	116	358	1302	3	39	11.54	11.26	-0.04	1	0	NA		1
gene-LOC120037969	LOC120037969	5-aminolevulinate synthase, nonspecific, mitochondrial-like	protein_coding	7	NW_024058786.1	682455	701842	+	0		0			0	0	1	intron	0	113	143	631	5	2	5.41	4.71	-0.20	1	0	NA		1
gene-srebf1	srebf1	sterol regulatory element binding transcription factor 1	protein_coding	5	NC_052309.1	92754526	92784215	+	0		0			0	0	1	intron	0	112	136	1218	27	7	10.38	19.97	0.94	1	0	NA		1
gene-larp1	larp1	La ribonucleoprotein 1, translational regulator	protein_coding	5	NC_052318.1	2130470	2182298	-	0		0			0	0	1	intron	0	112	431	220	2	17	4.77	5.39	0.17	1	0	NA		1
gene-LOC120031753	LOC120031753	neuroepithelial cell-transforming gene 1 protein-like	protein_coding	3	NC_052344.1	20172392	20180757	-	0		0			0	0	1	intron	0	109	0	116	0	0	2.19	2.80	0.34	1	0	NA		1
gene-LOC120024298	LOC120024298	serine/threonine-protein kinase MRCK beta-like	protein_coding	6	NC_052335.1	32100214	32221984	-	0		0			0	0	1	intron	0	108	784	1483	1	10	2.64	2.16	-0.28	1	0	NA		1
gene-macrod1	macrod1	mono-ADP ribosylhydrolase 1	protein_coding	5	NC_052311.1	9849668	9942917	+	0		0			0	0	1	intron	0	108	1492	4052	3	51	5.64	5.70	0.02	1	0	NA		1
gene-LOC120024775	LOC120024775	ADAMTS-like protein 3	protein_coding	3	NC_052336.1	4099735	4227901	-	0		0			0	0	1	intron	0	108	13345	13642	246	225	1.10	0.60	-0.78	1	0	NA		1
gene-LOC120043760	LOC120043760	immunoglobulin lambda-1 light chain-like	protein_coding	0	NC_052309.1	96012142	96029544	-	0		0			0	0	1	intron	0	107	730	1234	1	9	4.63	3.18	-0.53	1	0	NA		1
gene-gatd1	gatd1	glutamine amidotransferase like class 1 domain containing 1	protein_coding	0	NC_052327.1	49006702	49010989	+	0		0			0	0	1	downstream<=5kb	0	104	0	132	0	1	3.41	2.76	-0.30	1	0	NA		1
gene-fntb	fntb	farnesyltransferase, CAAX box, beta	protein_coding	3	NC_052321.1	7300618	7328416	+	0		0			0	0	1	intron	0	102	1606	2409	9	16	5.05	4.89	-0.05	1	0	NA		1
gene-LOC120041697	LOC120041697	uncharacterized LOC120041697	protein_coding	0	NW_024061209.1	112022	122261	+	0		0			0	0	1	downstream<=5kb	0	102	1225	2472	59	102	2.49	3.42	0.44	1	0	NA		1
gene-LOC120031947	LOC120031947	phenylalanine-4-hydroxylase-like	protein_coding	4	NC_052344.1	18873317	18887587	+	0		0			0	0	1	intron	0	102	0	127	0	0	80.15	67.67	-0.24	1	0	NA		1
gene-fbxl8	fbxl8	F-box and leucine-rich repeat protein 8	protein_coding	4	NW_024057969.1	37487	69094	+	0		0			0	0	1	downstream<=5kb	0	101	2538	2561	33	61	1.57	1.43	-0.12	1	0	NA		1
gene-gra	gra	granulito	protein_coding	7	NC_052343.1	30238600	30250704	-	0		0			1	0	0		0	0	78	0	0	0	2.01	2.13	0.08	1	0	NA		1
gene-shoc2	shoc2	SHOC2 leucine rich repeat scaffold protein	protein_coding	1	NC_052345.1	5471198	5504095	-	0		0			1	0	0		0	0	0	0	7	4	1.41	1.38	-0.02	1	0	NA		1
gene-LOC120031770	LOC120031770	optineurin-like	protein_coding	7	NC_052344.1	9939810	9959258	+	0		0			2	0	0		0	0	71	0	6	2	2.66	1.94	-0.43	1	0	NA		1
gene-LOC120042499	LOC120042499	zinc finger protein 239-like	protein_coding	4	NW_024061419.1	982522	1006261	-	0		0			2	1	0		0	0	564	671	14	14	0.01	0.02	NA	0	0	NA		1
gene-LOC120041720	LOC120041720	uncharacterized LOC120041720	protein_coding	0	NW_024061216.1	132229	141760	+	0		0			1	1	0		0	0	255	0	0	1	0.09	0.11	NA	0	0	NA		1
gene-LOC120051624	LOC120051624	protein NLRC3-like	protein_coding	0	NC_052314.1	289159	291808	+	0		0			1	1	0		0	0	0	0	0	0	0.01	0.01	NA	0	0	NA		1
gene-LOC120047317	LOC120047317	sodium-dependent neutral amino acid transporter B(0)AT1-like	protein_coding	2	NC_052311.1	69678039	69690353	+	0		0			1	1	0		0	0	1879	563	2	8	0.00	0.00	NA	0	0	NA		1
gene-twist1b	twist1b	twist family bHLH transcription factor 1b	protein_coding	5	NC_052311.1	70176932	70178621	+	0		0			1	1	0		0	0	0	0	0	0	0.07	0.27	NA	0	0	NA		1
gene-prrg4	prrg4	proline rich Gla (G-carboxyglutamic acid) 4 (transmembrane)	protein_coding	3	NC_052307.1	78812525	78817264	+	0		0			3	2	0		0	0	0	0	0	0	0.02	0.00	NA	0	0	NA		1
gene-LOC120019378	LOC120019378	myosin heavy chain, fast skeletal muscle-like	protein_coding	4	NC_052308.1	78935448	78952915	-	0		0			6	1	0		0	0	88	0	4	3	0.00	0.00	NA	0	0	NA		1
gene-noxo1a	noxo1a	NADPH oxidase organizer 1a	protein_coding	4	NC_052309.1	92659958	92664914	-	0		0			1	0	0		0	0	68	0	0	0	32.75	24.46	-0.42	1	0	NA		1
gene-LOC120033406	LOC120033406	zinc finger protein 658B-like	protein_coding	5	NC_052346.1	20076302	20094851	+	0		0			1	1	0		0	0	0	76	2	0	0.05	0.03	NA	0	0	NA		1
gene-LOC120040986	LOC120040986	uncharacterized LOC120040986	protein_coding	0	NW_024061007.1	623795	626497	-	0		0			3	0	0		0	0	141	639	6	12	1.27	0.91	-0.44	1	0	NA		1
gene-cmc1	cmc1	C-x(9)-C motif containing 1	protein_coding	1	NW_024061310.1	43104	74892	+	0		0			1	0	0		0	0	2207	1051	50	24	45.21	52.74	0.22	1	0	NA		1
gene-LOC120017815	LOC120017815	alpha-2-macroglobulin-like	protein_coding	3	NC_052308.1	72271728	72284431	-	0		0			1	0	0		0	0	0	491	0	4	1.39	1.13	-0.28	1	0	NA		1
gene-LOC120035728	LOC120035728	tripartite motif-containing protein 16-like	protein_coding	2	NW_024057786.1	338039	347553	-	0		0			1	1	0		0	0	4080	4054	34	62	0.10	0.10	NA	0	0	NA		1
gene-LOC120050146	LOC120050146	serine protease FAM111A-like	protein_coding	0	NC_052312.1	51880174	51988524	+	0		0			3	0	0		0	0	6552	11436	63	84	2.62	1.96	-0.40	1	0	NA		1
gene-LOC120019367	LOC120019367	myosin heavy chain, fast skeletal muscle-like	protein_coding	4	NC_052308.1	78990356	79010076	-	0		0			2	1	0		0	0	629	396	2	3	0.00	0.00	NA	0	0	NA		1
gene-LOC120049448	LOC120049448	4F2 cell-surface antigen heavy chain-like	protein_coding	2	NC_052312.1	1350355	1368646	+	0		0			1	0	0		0	0	2608	1675	29	51	14.28	16.82	0.23	1	0	NA		1
gene-LOC120041382	LOC120041382	interferon a3-like	protein_coding	3	NW_024061149.1	88067	91254	-	0		0			3	1	0		0	0	0	0	1	0	0.00	0.00	NA	0	0	NA		1
gene-LOC120030524	LOC120030524	thyroglobulin-like	protein_coding	3	NC_052342.1	26284484	26417501	+	0		0			1	0	0		0	0	7593	13013	337	642	35.74	28.15	-0.34	1	0	NA		1
gene-LOC120054529	LOC120054529	uncharacterized LOC120054529	protein_coding	0	NC_052316.1	31627132	31629029	-	0		0			2	1	0		0	0	0	0	0	0	0.00	0.00	NA	0	0	NA		1
gene-LOC120043024	LOC120043024	zinc finger protein 271-like	protein_coding	0	NW_024061575.1	159638	180157	-	0		0			3	2	0		0	0	1832	1516	23	29	0.04	0.04	NA	0	0	NA		1
gene-LOC120041722	LOC120041722	dynein regulatory complex protein 9-like	protein_coding	4	NW_024061216.1	49468	50544	-	0		0			1	1	0		0	0	0	0	0	0	0.00	0.00	NA	0	0	NA		1
gene-LOC120044097	LOC120044097	guanine nucleotide-binding protein G(o) subunit alpha-like	protein_coding	6	NC_052309.1	86639331	86669908	+	0		0			1	1	0		0	0	4453	0	10	3	0.00	0.00	NA	0	0	NA		1
gene-LOC120049334	LOC120049334	RNA-binding protein with multiple splicing 2-like	protein_coding	3	NC_052307.1	77587880	77609645	+	0		0			1	0	0		0	0	0	0	0	0	1.02	1.63	0.63	1	0	NA		1
gene-LOC120031925	LOC120031925	plexin-B2-like	protein_coding	9	NC_052344.1	23459214	23517246	+	0		0			1	0	0		0	0	5604	7989	59	95	2.06	1.49	-0.44	1	0	NA		1
gene-LOC120049102	LOC120049102	probable polypeptide N-acetylgalactosaminyltransferase 8	protein_coding	1	NC_052312.1	36686767	36690181	+	0		0			2	1	0		0	0	0	0	0	0	0.00	0.00	NA	0	0	NA		1
gene-LOC120064487	LOC120064487	collagen alpha-3(VI) chain-like	protein_coding	2	NC_052325.1	49756462	49837280	+	0		0			1	0	0		0	0	0	55	3	1	0.99	1.11	0.14	1	0	NA		1
gene-LOC120035158	LOC120035158	zinc finger and SCAN domain-containing protein 23-like	protein_coding	1	NC_052348.1	20372685	20376216	-	0		0			1	1	0		0	0	0	0	0	0	0.10	0.18	NA	0	0	NA		1
gene-LOC120041957	LOC120041957	transport and Golgi organization protein 1 homolog	protein_coding	5	NW_024061301.1	9480	26825	+	0		0			4	3	0		0	0	93	57	3	2	0.00	0.01	NA	0	0	NA		1
gene-eif3m	eif3m	eukaryotic translation initiation factor 3, subunit M	protein_coding	4	NC_052307.1	78796042	78807903	+	0		0			1	0	0		0	0	1763	2622	9	18	52.45	40.20	-0.38	1	0	NA		1
gene-LOC120056826	LOC120056826	major histocompatibility complex class I-related gene protein-like	protein_coding	3	NC_052307.1	73030625	73032145	-	0		0			1	1	0		0	0	0	45	0	2	0.40	0.55	NA	0	0	NA		1
gene-LOC120036647	LOC120036647	choline transporter-like protein 4	protein_coding	4	NW_024058131.1	25678	47918	-	0		0			1	1	0		0	0	1002	621	16	23	0.00	0.00	NA	0	0	NA		1
gene-anp32a	anp32a	acidic (leucine-rich) nuclear phosphoprotein 32 family, member A	protein_coding	3	NC_052307.1	81188627	81194466	+	0		0			1	0	0		0	0	0	0	0	0	7.63	9.32	0.28	1	0	NA		1
gene-LOC120042252	LOC120042252	MLX-interacting protein-like	protein_coding	0	NW_024061363.1	64360	66133	-	0		0			1	1	0		0	0	0	0	0	0	0.01	0.00	NA	0	0	NA		1
gene-LOC120030534	LOC120030534	galactose-specific lectin nattectin-like	protein_coding	1	NC_052342.1	26967127	26970535	-	0		0			1	1	0		0	0	353	0	56	48	0.00	0.00	NA	0	0	NA		1
gene-LOC120042580	LOC120042580	guanine nucleotide-binding protein subunit alpha-13	protein_coding	9	NC_052309.1	91865402	91910601	+	0		0			2	2	0		0	0	3913	4734	11	40	0.82	0.85	NA	0	0	NA		1
gene-c6ast1	c6ast1	six-cysteine containing astacin protease 1	protein_coding	3	NC_052307.1	54461378	54463467	+	0		0			1	1	0		0	0	0	0	0	0	0.00	0.00	NA	0	0	NA		1
gene-LOC120036644	LOC120036644	uncharacterized LOC120036644	protein_coding	7	NW_024058131.1	48578	51818	+	0		0			1	1	0		0	0	0	0	0	0	0.02	0.02	NA	0	0	NA		1
gene-LOC120029226	LOC120029226	olfactory receptor 2A25-like	protein_coding	4	NC_052340.1	16186213	16187500	-	0		0			1	1	0		0	0	0	0	0	0	0.00	0.00	NA	0	0	NA		1
gene-LOC120044126	LOC120044126	regulator of G-protein signaling 9-like	protein_coding	3	NC_052309.1	91842957	91864309	-	0		0			2	1	0		0	0	572	1286	14	29	0.00	0.00	NA	0	0	NA		1
gene-LOC120048690	LOC120048690	guanosine-3',5'-bis(diphosphate) 3'-pyrophosphohydrolase MESH1-like	protein_coding	1	NC_052307.1	74026019	74027644	-	0		0			3	0	0		0	0	0	0	0	0	1.80	2.23	0.29	1	0	NA		1
gene-glipr1a	glipr1a	GLI pathogenesis-related 1a	protein_coding	2	NC_052312.1	49575066	49580092	-	0		0			1	1	0		0	0	0	73	7	11	0.02	0.05	NA	0	0	NA		1
gene-LOC120036431	LOC120036431	bone morphogenetic protein 8A-like	protein_coding	5	NW_024058040.1	46184	61806	-	0		0			2	1	0		0	0	356	429	0	2	0.00	0.00	NA	0	0	NA		1
gene-LOC120053371	LOC120053371	interferon-induced protein 44-like	protein_coding	1	NC_052315.1	12761308	12766565	-	0		0			1	1	0		0	0	52	0	0	0	0.00	0.00	NA	0	0	NA		1
gene-LOC120032649	LOC120032649	ADP-ribosylation factor-binding protein GGA1-like	protein_coding	6	NC_052345.1	6848370	6856349	-	0		0			2	0	0		0	0	0	0	0	0	2.40	3.10	0.35	1	0	NA		1
gene-LOC120048640	LOC120048640	CDKN2A interacting protein	protein_coding	2	NC_052307.1	73654121	73659496	+	0		0			1	0	0		0	0	0	0	0	0	6.20	7.63	0.29	1	0	NA		1
gene-LOC120034959	LOC120034959	C-type lectin domain family 4 member M-like	protein_coding	0	NC_052348.1	22136122	22157798	+	0		0			6	3	0		0	0	196	454	8	13	0.05	0.01	NA	0	0	NA		1
gene-LOC120040885	LOC120040885	keratin-associated protein 5-4-like	protein_coding	2	NW_024060896.1	128337	137488	+	0		0			1	0	0		0	0	6423	0	32	43	1.65	1.31	-0.31	1	0	NA		1
gene-LOC120031662	LOC120031662	zinc finger protein ZFAT-like	protein_coding	2	NC_052343.1	16885340	16906851	+	0		0			1	1	0		0	0	4668	4682	10	26	0.04	0.06	NA	0	0	NA		1
gene-LOC120040989	LOC120040989	tripartite motif-containing protein 16-like	protein_coding	2	NW_024061007.1	484219	492290	+	0		0			1	1	0		0	0	120	1093	46	78	0.24	0.24	NA	0	0	NA		1
gene-LOC120017754	LOC120017754	catechol O-methyltransferase domain-containing protein 1-like	protein_coding	2	NC_052328.1	30274933	30286451	-	0		0			1	0	0		0	0	192	0	4	1	1425.66	1005.76	-0.50	1	0	NA		1
gene-LOC120031086	LOC120031086	gasdermin-E-like	protein_coding	2	NC_052343.1	27471302	27490994	+	0		0			1	0	0		0	0	2214	2816	31	28	1.09	0.92	-0.22	1	0	NA		1
gene-LOC120017502	LOC120017502	mpv17-like protein	protein_coding	2	NC_052308.1	71071325	71076446	+	0		0			1	1	0		0	0	0	0	0	0	0.09	0.13	NA	0	0	NA		1
gene-krr1	krr1	KRR1 small subunit processome component homolog	protein_coding	3	NC_052312.1	49562362	49575442	+	0		0			1	0	0		0	0	850	849	6	2	2.06	1.83	-0.16	1	0	NA		1
gene-tbl3	tbl3	transducin beta like 3	protein_coding	7	NC_052309.1	92630967	92658538	+	0		0			1	0	0		0	0	0	157	16	0	2.98	2.24	-0.39	1	0	NA		1
gene-LOC120043739	LOC120043739	zinc finger protein 501-like	protein_coding	5	NC_052309.1	95682889	95692706	-	0		0			1	1	0		0	0	0	168	0	0	0.04	0.02	NA	0	0	NA		1
gene-LOC120051534	LOC120051534	nectin-4-like	protein_coding	1	NC_052313.1	58828813	58891871	+	0		0			2	1	0		0	0	3269	7488	43	53	0.00	0.00	NA	0	0	NA		1
gene-LOC120019388	LOC120019388	myosin heavy chain, fast skeletal muscle-like	protein_coding	4	NC_052308.1	79027604	79047184	-	0		0			3	1	0		0	0	99	112	0	0	0.00	0.00	NA	0	0	NA		1
gene-LOC120034527	LOC120034527	lipopolysaccharide-induced tumor necrosis factor-alpha factor homolog	protein_coding	1	NC_052347.1	20238304	20256104	-	0		0			1	0	0		0	0	142	51	0	3	3.08	5.37	0.78	1	0	NA		1
gene-LOC120053662	LOC120053662	cytochrome P450 2J5-like	protein_coding	7	NC_052315.1	10569092	10585459	-	0		0			1	0	0		0	0	0	0	1	8	8.16	10.07	0.30	1	0	NA		1
gene-spg21	spg21	SPG21 abhydrolase domain containing, maspardin	protein_coding	3	NC_052307.1	74185213	74193059	+	0		0			1	0	0		0	0	0	0	0	0	5.85	5.24	-0.16	1	0	NA		1
gene-crebbpa	crebbpa	CREB binding protein a	protein_coding	10	NC_052308.1	71347272	71417186	+	0		0			1	0	0		0	0	658	1299	6	28	1.03	1.06	0.03	1	0	NA		1
gene-LOC120039520	LOC120039520		pseudogene	0	NW_024059641.1	129380	132120	-	1	upstream<=5kb	0	hypo_siscowet	25.28	9	2	0		0	0	187	0	6	2	0.03	0.01	NA	0	0	NA		1
gene-LOC120038861	LOC120038861		pseudogene	0	NW_024059240.1	1	3619	-	2	upstream<=5kb	0	hypo_siscowet	24.03	14	1	0		0	0	0	0	0	0	0.00	0.00	NA	0	0	NA		1
gene-LOC120040189	LOC120040189		pseudogene	0	NW_024060266.1	13752	18192	+	1	upstream<=5kb	0	hypo_siscowet	22.07	13	1	0		0	0	0	0	0	0	0.03	0.04	NA	0	0	NA		1
gene-LOC120039983	LOC120039983		pseudogene	0	NW_024060071.1	12082	18848	+	1	upstream<=5kb	0	hypo_siscowet	21.03	18	2	0		0	0	0	2135	2	3	0.00	0.00	NA	0	0	NA		1
gene-LOC120031857	LOC120031857		C_region	0	NC_052344.1	14668804	14674507	-	0		0			0	0	1	promoter	0	5978	0	957	0	5	1.05	1.96	0.84	1	0	NA		1
gene-LOC120037828	LOC120037828	uncharacterized LOC120037828	lncRNA	0	NW_024058679.1	33932	45979	+	0		0			0	0	1	intron	0	2822	4673	5730	23	79	2.02	2.06	0.03	1	0	NA		1
gene-LOC120042726	LOC120042726		pseudogene	0	NW_024061486.1	48111	326417	-	0		0			0	0	2	intron	0	1127	32998	19044	159	201	3.31	2.80	-0.24	1	0	NA		1
gene-LOC120042906	LOC120042906	uncharacterized LOC120042906	lncRNA	0	NW_024061530.1	674149	675909	-	0		0			1	1	1	downstream<=5kb	0	945	803	572	1	7	0.00	0.00	NA	0	0	NA		1
gene-LOC120031854	LOC120031854		C_region	0	NC_052344.1	14574885	14590138	-	0		0			0	0	2	intron	0	364	0	479	0	0	2.71	5.67	1.04	1	0	NA		1
gene-LOC120028171	LOC120028171	uncharacterized LOC120028171	lncRNA	0	NC_052339.1	34274635	34397526	+	0		0			0	0	3	intron	0	306	10870	10481	68	86	3.64	3.99	0.13	1	0	NA		1
gene-LOC120040343	LOC120040343		pseudogene	0	NW_024060367.1	12464	21029	+	0		0			2	2	1	downstream<=5kb	0	265	283	0	0	0	0.03	0.02	NA	0	0	NA		1
gene-LOC120049137	LOC120049137		pseudogene	0	NC_052312.1	40427825	40430659	+	0		0			0	0	1	downstream<=5kb	0	264	0	0	0	0	53.24	43.31	-0.30	1	0	NA		1
gene-LOC120040206	LOC120040206	uncharacterized LOC120040206	lncRNA	0	NW_024060297.1	22039	23081	+	0		0			0	0	1	downstream<=5kb	0	260	0	0	0	0	147.58	189.71	0.36	1	0	NA		1
gene-LOC120040160	LOC120040160		pseudogene	0	NW_024060231.1	47911	75895	-	0		0			0	0	1	intron	0	255	12860	11034	43	105	1.13	1.13	0.01	1	0	NA		1
gene-LOC120049132	LOC120049132		C_region	0	NC_052312.1	40319270	40321777	+	0		0			0	0	1	downstream<=5kb	0	231	0	0	0	0	0.93	1.54	0.68	1	0	NA		1
gene-LOC120019147	LOC120019147	uncharacterized LOC120019147	lncRNA	0	NC_052330.1	28286285	28290242	-	0		0			0	0	2	promoter	0	224	0	224	0	0	3.07	2.71	-0.17	1	0	NA		1
gene-LOC120041409	LOC120041409	uncharacterized LOC120041409	lncRNA	0	NW_024061154.1	85889	86902	+	0		0			0	0	1	downstream<=5kb	0	152	0	0	0	0	20.10	26.73	0.41	1	0	NA		1
gene-LOC120041823	LOC120041823	uncharacterized LOC120041823	lncRNA	0	NW_024061253.1	454909	478316	+	0		0			0	0	1	intron	0	120	3247	5267	124	49	1.55	7.31	2.17	1	0	NA		1
gene-LOC120045279	LOC120045279		pseudogene	0	NC_052309.1	94121952	94122098	-	0		0			1	1	0		0	0	0	0	0	0	0.00	0.00	NA	0	0	NA		1
gene-LOC120035550	LOC120035550		pseudogene	0	NW_024057745.1	3513	3659	-	0		0			1	1	0		0	0	0	0	0	0	0.00	0.00	NA	0	0	NA		1
gene-LOC120039415	LOC120039415		pseudogene	0	NW_024059565.1	10545	10695	-	0		0			1	1	0		0	0	0	150	0	0	0.00	0.00	NA	0	0	NA		1
gene-LOC120037089	LOC120037089		pseudogene	0	NW_024058296.1	58621	58770	-	0		0			1	1	0		0	0	0	0	0	0	0.00	0.00	NA	0	0	NA		1
gene-LOC120053665	LOC120053665	uncharacterized LOC120053665	lncRNA	0	NC_052315.1	10569743	10574932	+	0		0			1	0	0		0	0	0	0	1	4	4.98	4.73	-0.07	1	0	NA		1
gene-LOC120041967	LOC120041967	uncharacterized LOC120041967	lncRNA	0	NW_024061304.1	9187	23433	+	0		0			1	0	0		0	0	805	432	5	7	1.55	1.37	-0.17	1	0	NA		1
gene-LOC120042509	LOC120042509		pseudogene	0	NW_024061419.1	746913	755391	+	0		0			2	2	0		0	0	244	1903	0	0	0.04	0.09	NA	0	0	NA		1
gene-LOC120063518	LOC120063518	uncharacterized LOC120063518	lncRNA	0	NC_052308.1	42960918	42962648	-	0		0			1	1	0		0	0	0	0	0	0	0.00	0.00	NA	0	0	NA		1
gene-LOC120035552	LOC120035552		pseudogene	0	NW_024057745.1	6813	6959	-	0		0			1	1	0		0	0	0	0	0	1	0.00	0.00	NA	0	0	NA		1
gene-LOC120026022	LOC120026022	uncharacterized LOC120026022	lncRNA	0	NC_052337.1	45685988	45686531	+	0		0			3	3	0		0	0	0	0	0	0	0.00	0.00	NA	0	0	NA		1
gene-LOC120052000	LOC120052000	uncharacterized LOC120052000	lncRNA	0	NC_052314.1	63923563	63924252	-	0		0			1	1	0		0	0	0	0	2	2	0.00	0.00	NA	0	0	NA		1
gene-LOC120040780	LOC120040780		pseudogene	0	NW_024060780.1	16250	16396	-	0		0			1	1	0		0	0	0	146	0	0	0.00	0.00	NA	0	0	NA		1
gene-LOC120043053	LOC120043053		pseudogene	0	NW_024061586.1	231652	235160	-	0		0			1	1	0		0	0	51	51	1	4	0.00	0.00	NA	0	0	NA		1
gene-LOC120043137	LOC120043137		pseudogene	0	NW_024061616.1	78332	78481	-	0		0			1	1	0		0	0	149	0	0	1	0.00	0.00	NA	0	0	NA		1
gene-LOC120038325	LOC120038325	uncharacterized LOC120038325	lncRNA	0	NW_024058934.1	17585	33064	-	0		0			2	2	0		0	0	0	0	0	1	0.04	0.07	NA	0	0	NA		1
gene-LOC120037087	LOC120037087		pseudogene	0	NW_024058296.1	56982	57131	-	0		0			1	1	0		0	0	0	36	0	0	0.00	0.00	NA	0	0	NA		1
gene-LOC120038128	LOC120038128		pseudogene	0	NW_024058881.1	29502	29618	-	0		0			1	1	0		0	0	0	0	0	0	0.00	0.00	NA	0	0	NA		1
gene-LOC120039869	LOC120039869		pseudogene	0	NW_024059952.1	25477	25623	+	0		0			1	1	0		0	0	0	0	0	0	0.00	0.00	NA	0	0	NA		1
gene-LOC120045281	LOC120045281		pseudogene	0	NC_052309.1	94125219	94125365	-	0		0			1	1	0		0	0	0	0	0	0	0.00	0.00	NA	0	0	NA		1
gene-LOC120023896	LOC120023896	uncharacterized LOC120023896	lncRNA	0	NC_052335.1	22294277	22294900	-	0		0			2	2	0		0	0	0	0	0	0	0.00	0.00	NA	0	0	NA		1
gene-LOC120038324	LOC120038324	uncharacterized LOC120038324	lncRNA	0	NW_024058934.1	32565	35116	+	0		0			2	2	0		0	0	0	0	0	0	0.00	0.00	NA	0	0	NA		1
gene-LOC120043190	LOC120043190		pseudogene	0	NW_024061616.1	48969	49118	-	0		0			1	1	0		0	0	0	0	0	0	0.00	0.00	NA	0	0	NA		1
gene-LOC120042966	LOC120042966		pseudogene	0	NW_024061552.1	16336	16485	+	0		0			1	1	0		0	0	149	149	0	0	0.00	0.00	NA	0	0	NA		1
gene-LOC120039867	LOC120039867		pseudogene	0	NW_024059952.1	22192	22338	+	0		0			1	1	0		0	0	0	0	0	0	0.00	0.00	NA	0	0	NA		1
gene-LOC120035551	LOC120035551		pseudogene	0	NW_024057745.1	5157	5303	-	0		0			1	1	0		0	0	0	0	0	0	0.00	0.00	NA	0	0	NA		1
gene-LOC120040026	LOC120040026		pseudogene	0	NW_024060124.1	25083	25232	-	0		0			1	1	0		0	0	0	0	0	0	0.00	0.00	NA	0	0	NA		1
gene-LOC120038124	LOC120038124		pseudogene	0	NW_024058881.1	28659	28808	-	0		0			1	1	0		0	0	0	0	1	0	0.00	0.00	NA	0	0	NA		1
gene-LOC120031817	LOC120031817		pseudogene	0	NC_052344.1	9959774	9970401	+	0		0			2	2	0		0	0	142	175	13	5	0.00	0.00	NA	0	0	NA		1
gene-LOC120039868	LOC120039868		pseudogene	0	NW_024059952.1	23835	23981	+	0		0			1	1	0		0	0	0	0	0	0	0.00	0.00	NA	0	0	NA		1
gene-LOC120036943	LOC120036943		pseudogene	0	NW_024058263.1	58793	58942	+	0		0			1	1	0		0	0	0	0	0	0	0.00	0.00	NA	0	0	NA		1
gene-LOC120043526	LOC120043526		pseudogene	0	NW_024061696.1	11806	11955	-	0		0			2	2	0		0	0	0	0	0	0	0.00	0.00	NA	0	0	NA		1
gene-LOC120036954	LOC120036954		pseudogene	0	NW_024058263.1	36856	37009	+	0		0			2	2	0		0	0	0	0	0	1	0.00	0.00	NA	0	0	NA		1
gene-LOC120040025	LOC120040025		pseudogene	0	NW_024060124.1	8950	9104	-	0		0			1	1	0		0	0	154	0	0	1	0.00	0.00	NA	0	0	NA		1
gene-LOC120041204	LOC120041204	uncharacterized LOC120041204	lncRNA	0	NW_024061104.1	159418	161289	-	0		0			1	1	0		0	0	0	0	0	0	0.01	0.02	NA	0	0	NA		1
gene-LOC120036430	LOC120036430	uncharacterized LOC120036430	lncRNA	0	NW_024058040.1	18846	23168	+	0		0			2	1	0		0	0	0	0	2	0	0.00	0.00	NA	0	0	NA		1
gene-LOC120045280	LOC120045280		pseudogene	0	NC_052309.1	94123584	94123730	-	0		0			1	1	0		0	0	0	0	0	0	0.00	0.00	NA	0	0	NA		1
gene-LOC120051572	LOC120051572		pseudogene	0	NC_052313.1	58027331	58027510	+	0		0			3	1	0		0	0	0	0	0	0	0.75	0.22	NA	0	0	NA		1
gene-LOC120039416	LOC120039416		pseudogene	0	NW_024059565.1	12188	12337	-	0		0			1	1	0		0	0	0	0	0	1	0.00	0.00	NA	0	0	NA		1
gene-LOC120036685	LOC120036685	U1 spliceosomal RNA	snRNA	0	NW_024058159.1	16604	16767	-	1	upstream<=5kb	0	hypo_siscowet	30.73	1	0	0		0	0	0	0	0	0	9.11	0.61	-3.70	1	0	NA	repetitive_ncRNA	1
gene-LOC120038860	LOC120038860	18S ribosomal RNA	rRNA	0	NW_024059240.1	25935	27770	-	2	upstream<=5kb	0	hypo_siscowet	27.36	17	2	0		0	0	243	0	0	0	0.00	0.00	NA	0	0	NA	repetitive_ncRNA	1
gene-LOC120038331	LOC120038331	18S ribosomal RNA	rRNA	0	NW_024058936.1	5129	6964	-	3	upstream<=5kb	0	hypo_siscowet	26.83	36	1	0		0	0	0	0	1	0	0.00	0.00	NA	0	0	NA	repetitive_ncRNA	1
gene-LOC120038330	LOC120038330	5.8S ribosomal RNA	rRNA	0	NW_024058936.1	4408	4561	-	1	upstream<=5kb	0	hypo_siscowet	26.83	7	1	0		0	0	0	0	0	0	0.00	0.00	NA	0	0	NA	repetitive_ncRNA	1
gene-LOC120040706	LOC120040706	18S ribosomal RNA	rRNA	0	NW_024060731.1	11475	13310	-	1	upstream<=5kb	0	hypo_siscowet	24.21	30	1	0		0	0	203	0	0	0	0.00	0.00	NA	0	0	NA	repetitive_ncRNA	1
gene-LOC120038856	LOC120038856	5.8S ribosomal RNA	rRNA	0	NW_024059240.1	3989	4142	-	2	upstream<=5kb	0	hypo_siscowet	24.03	15	1	0		0	0	0	0	0	0	0.00	0.00	NA	0	0	NA	repetitive_ncRNA	1
gene-LOC120040743	LOC120040743	18S ribosomal RNA	rRNA	0	NW_024060761.1	11118	12953	-	1	upstream<=5kb	0	hypo_siscowet	21.91	8	1	0		0	0	0	0	0	0	0.00	0.00	NA	0	0	NA	repetitive_ncRNA	1
gene-LOC120039981	LOC120039981	5.8S ribosomal RNA	rRNA	0	NW_024060071.1	11559	11712	+	1	upstream<=5kb	0	hypo_siscowet	21.03	18	2	0		0	0	0	0	0	0	0.00	0.00	NA	0	0	NA	repetitive_ncRNA	1
gene-LOC120036375	LOC120036375	18S ribosomal RNA	rRNA	0	NW_024058031.1	58756	60591	-	1	upstream<=5kb	0	hypo_siscowet	20.34	14	1	0		0	0	1388	0	0	0	0.00	0.00	NA	0	0	NA	repetitive_ncRNA	1
gene-LOC120039922	LOC120039922	18S ribosomal RNA	rRNA	0	NW_024060001.1	10705	12540	+	1	upstream<=5kb	0	hypo_siscowet	18.58	13	1	0		0	0	0	0	0	0	0.00	0.00	NA	0	0	NA	repetitive_ncRNA	1
gene-LOC120037964	LOC120037964	28S ribosomal RNA	rRNA	0	NW_024058782.1	39512	43443	-	1	exon	0	hypo_siscowet	18.00	7	0	0		0	0	1157	0	0	1	0.00	0.00	NA	0	0	NA	repetitive_ncRNA	1
gene-trnag-ucc-74	trnag-ucc	tRNA-Gly	tRNA	0	NW_024057744.1	69696	69767	+	1	downstream<=5kb	0	hypo_siscowet	17.81	4	1	0		0	0	0	0	0	0	0.05	0.00	NA	0	0	NA	repetitive_ncRNA	1
gene-LOC120037006	LOC120037006	U2 spliceosomal RNA	snRNA	0	NW_024058275.1	240754	240937	+	0		0			0	0	1	downstream<=5kb	0	5078	0	0	0	0	1.88	0.35	-2.13	1	0	NA	repetitive_ncRNA	1
gene-LOC120032350	LOC120032350	U4 spliceosomal RNA	snRNA	0	NC_052344.1	23363223	23363363	-	0		0			0	0	1	promoter	0	1026	0	0	0	0	43.57	2.07	-4.33	1	0	NA	repetitive_ncRNA	1
gene-trnaw-cca-67	trnaw-cca	tRNA-Trp	tRNA	0	NC_052308.1	40436585	40436656	+	0		0			1	1	1	downstream<=5kb	0	802	0	0	0	0	0.00	0.00	NA	0	0	NA	repetitive_ncRNA	1
gene-trnak-uuu-51	trnak-uuu	tRNA-Lys	tRNA	0	NC_052308.1	40438769	40438841	-	0		0			1	1	1	promoter	0	802	72	72	1	2	0.00	0.00	NA	0	0	NA	repetitive_ncRNA	1
gene-trnak-uuu-49	trnak-uuu	tRNA-Lys	tRNA	0	NC_052308.1	40436362	40436434	-	0		0			1	1	1	upstream<=5kb	0	802	0	0	0	0	0.00	0.00	NA	0	0	NA	repetitive_ncRNA	1
gene-trnaw-cca-71	trnaw-cca	tRNA-Trp	tRNA	0	NC_052308.1	40439658	40439729	+	0		0			1	1	1	promoter	0	802	71	71	0	0	0.00	0.00	NA	0	0	NA	repetitive_ncRNA	1
gene-trnaw-cca-70	trnaw-cca	tRNA-Trp	tRNA	0	NC_052308.1	40438990	40439061	+	0		0			1	1	1	promoter	0	802	71	71	0	0	0.00	0.00	NA	0	0	NA	repetitive_ncRNA	1
gene-trnaw-cca-68	trnaw-cca	tRNA-Trp	tRNA	0	NC_052308.1	40437786	40437857	+	0		0			1	1	1	promoter	0	802	0	0	0	0	0.00	0.00	NA	0	0	NA	repetitive_ncRNA	1
gene-trnak-uuu-52	trnak-uuu	tRNA-Lys	tRNA	0	NC_052308.1	40439437	40439509	-	0		0			1	1	1	promoter	0	802	72	72	1	0	0.00	0.00	NA	0	0	NA	repetitive_ncRNA	1
gene-trnaw-cca-69	trnaw-cca	tRNA-Trp	tRNA	0	NC_052308.1	40438322	40438393	+	0		0			1	1	1	promoter	0	802	0	0	0	0	0.00	0.00	NA	0	0	NA	repetitive_ncRNA	1
gene-trnak-uuu-50	trnak-uuu	tRNA-Lys	tRNA	0	NC_052308.1	40437032	40437104	-	0		0			1	1	1	promoter	0	802	0	72	0	0	0.00	0.00	NA	0	0	NA	repetitive_ncRNA	1
gene-LOC120033780	LOC120033780	U2 spliceosomal RNA	snRNA	0	NC_052346.1	21814894	21815085	+	0		0			0	0	1	downstream<=5kb	0	723	19	0	0	0	1.80	0.34	-2.11	1	0	NA	repetitive_ncRNA	1
gene-LOC120042328	LOC120042328	5.8S ribosomal RNA	rRNA	0	NW_024061370.1	94597	94750	-	0		0			0	0	1	downstream<=5kb	0	259	0	0	0	0	1.05	0.13	-2.29	1	0	NA	repetitive_ncRNA	1
gene-LOC120066822	LOC120066822	U2 spliceosomal RNA	snRNA	0	NC_052327.1	49698404	49698594	-	0		0			0	0	1	promoter	0	218	190	0	0	0	2.22	0.30	-2.54	1	0	NA	repetitive_ncRNA	1
gene-trnay-gua-76	trnay-gua	tRNA-Tyr	tRNA	0	NW_024061363.1	27876	27964	-	0		0			1	1	0		0	0	0	0	0	0	0.00	0.00	NA	0	0	NA	repetitive_ncRNA	1
gene-trnap-ugg-33	trnap-ugg	tRNA-Pro	tRNA	0	NC_052340.1	389943	390014	-	0		0			1	1	0		0	0	0	0	0	1	0.00	0.00	NA	0	0	NA	repetitive_ncRNA	1
gene-trnap-agg-24	trnap-agg	tRNA-Pro	tRNA	0	NW_024057744.1	17901	17972	+	0		0			9	3	0		0	0	0	0	0	0	0.00	0.00	NA	0	0	NA	repetitive_ncRNA	1
gene-LOC120040714	LOC120040714	U5 spliceosomal RNA	snRNA	0	NW_024060736.1	4721	4837	+	0		0			1	1	0		0	0	0	0	0	0	0.00	0.00	NA	0	0	NA	repetitive_ncRNA	1
gene-LOC120039511	LOC120039511	5.8S ribosomal RNA	rRNA	0	NW_024059636.1	29426	29579	-	0		0			1	1	0		0	0	0	0	0	0	0.00	0.00	NA	0	0	NA	repetitive_ncRNA	1
gene-trnak-uuu-31	trnak-uuu	tRNA-Lys	tRNA	0	NC_052308.1	40394344	40394416	+	0		0			1	1	0		0	0	72	0	0	0	0.00	0.00	NA	0	0	NA	repetitive_ncRNA	1
gene-trnaf-gaa-30	trnaf-gaa	tRNA-Phe	tRNA	0	NW_024061098.1	2629	2701	+	0		0			5	5	0		0	0	72	0	0	1	0.00	0.00	NA	0	0	NA	repetitive_ncRNA	1
gene-trnat-ugu-94	trnat-ugu	tRNA-Thr	tRNA	0	NW_024061363.1	69280	69351	-	0		0			1	1	0		0	0	71	71	0	0	0.00	0.00	NA	0	0	NA	repetitive_ncRNA	1
gene-trnap-agg-37	trnap-agg	tRNA-Pro	tRNA	0	NW_024057744.1	38106	38177	+	0		0			1	1	0		0	0	0	0	0	0	0.00	0.00	NA	0	0	NA	repetitive_ncRNA	1
gene-LOC120039997	LOC120039997	18S ribosomal RNA	rRNA	0	NW_024060093.1	6098	7933	+	0		0			1	1	0		0	0	0	0	0	0	0.00	0.00	NA	0	0	NA	repetitive_ncRNA	1
gene-LOC120036389	LOC120036389	5S ribosomal RNA	rRNA	0	NW_024058038.1	40106	40224	+	0		0			3	3	0		0	0	0	0	0	0	0.00	0.00	NA	0	0	NA	repetitive_ncRNA	1
gene-trnal-uaa-14	trnal-uaa	tRNA-Leu	tRNA	0	NC_052333.1	25806769	25806851	-	0		0			2	1	0		0	0	0	0	0	0	0.00	0.00	NA	0	0	NA	repetitive_ncRNA	1
gene-trnay-gua-73	trnay-gua	tRNA-Tyr	tRNA	0	NW_024061363.1	24813	24901	-	0		0			1	1	0		0	0	0	0	0	0	0.00	0.00	NA	0	0	NA	repetitive_ncRNA	1
gene-trnag-ucc-35	trnag-ucc	tRNA-Gly	tRNA	0	NW_024057744.1	13467	13538	-	0		0			5	5	0		0	0	0	0	0	0	0.00	0.00	NA	0	0	NA	repetitive_ncRNA	1
gene-LOC120042607	LOC120042607	28S ribosomal RNA	rRNA	0	NW_024061449.1	8514	12446	-	0		0			2	1	0		0	0	0	176	0	0	0.03	0.02	NA	0	0	NA	repetitive_ncRNA	1
gene-trnak-uuu-29	trnak-uuu	tRNA-Lys	tRNA	0	NC_052308.1	40393006	40393078	+	0		0			2	1	0		0	0	72	72	0	0	0.00	0.00	NA	0	0	NA	repetitive_ncRNA	1
gene-trnap-ugg-23	trnap-ugg	tRNA-Pro	tRNA	0	NC_052340.1	379938	380009	-	0		0			1	1	0		0	0	28	71	0	1	0.00	0.00	NA	0	0	NA	repetitive_ncRNA	1
gene-trnap-ugg-41	trnap-ugg	tRNA-Pro	tRNA	0	NC_052340.1	407042	407113	-	0		0			2	2	0		0	0	0	0	0	0	0.00	0.00	NA	0	0	NA	repetitive_ncRNA	1
gene-trnag-ucc-72	trnag-ucc	tRNA-Gly	tRNA	0	NW_024057744.1	67313	67384	+	0		0			1	1	0		0	0	0	0	0	0	0.02	0.00	NA	0	0	NA	repetitive_ncRNA	1
gene-trnas-acu-4	trnas-acu	tRNA-Ser	tRNA	0	NW_024061098.1	4134	4207	+	0		0			5	2	0		0	0	0	0	0	0	0.00	0.00	NA	0	0	NA	repetitive_ncRNA	1
gene-trnat-ugu-88	trnat-ugu	tRNA-Thr	tRNA	0	NW_024061363.1	28523	28613	-	0		0			1	1	0		0	0	0	0	0	0	0.00	0.00	NA	0	0	NA	repetitive_ncRNA	1
gene-trnaw-cca-38	trnaw-cca	tRNA-Trp	tRNA	0	NC_052308.1	40392786	40392857	-	0		0			2	1	0		0	0	71	71	0	2	0.00	0.00	NA	0	0	NA	repetitive_ncRNA	1
gene-LOC120042605	LOC120042605	5.8S ribosomal RNA	rRNA	0	NW_024061449.1	12816	12969	-	0		0			2	1	0		0	0	0	0	0	0	0.00	0.00	NA	0	0	NA	repetitive_ncRNA	1
gene-trnap-agg-57	trnap-agg	tRNA-Pro	tRNA	0	NW_024057744.1	67672	67743	-	0		0			1	1	0		0	0	0	0	0	0	0.00	0.02	NA	0	0	NA	repetitive_ncRNA	1
gene-trnag-ucc-34	trnag-ucc	tRNA-Gly	tRNA	0	NW_024057744.1	12276	12347	-	0		0			5	4	0		0	0	0	0	0	0	0.00	0.00	NA	0	0	NA	repetitive_ncRNA	1
gene-LOC120038724	LOC120038724	18S ribosomal RNA	rRNA	0	NW_024059195.1	9573	11408	+	0		0			6	2	0		0	0	0	0	0	0	0.00	0.00	NA	0	0	NA	repetitive_ncRNA	1
gene-LOC120037919	LOC120037919	18S ribosomal RNA	rRNA	0	NW_024058765.1	11250	13085	+	0		0			2	2	0		0	0	0	1835	0	0	0.00	0.00	NA	0	0	NA	repetitive_ncRNA	1
gene-LOC120040716	LOC120040716	U5 spliceosomal RNA	snRNA	0	NW_024060736.1	6875	6991	+	0		0			1	1	0		0	0	0	0	0	0	0.00	0.00	NA	0	0	NA	repetitive_ncRNA	1
gene-trnag-ucc-38	trnag-ucc	tRNA-Gly	tRNA	0	NW_024057744.1	17042	17113	-	0		0			9	4	0		0	0	0	0	0	0	0.00	0.00	NA	0	0	NA	repetitive_ncRNA	1
gene-trnas-acu-6	trnas-acu	tRNA-Ser	tRNA	0	NW_024061098.1	5829	5902	+	0		0			5	1	0		0	0	0	0	0	0	0.00	0.00	NA	0	0	NA	repetitive_ncRNA	1
gene-LOC120039043	LOC120039043	5S ribosomal RNA	rRNA	0	NW_024059329.1	19737	19855	-	0		0			1	1	0		0	0	0	0	0	0	0.00	0.00	NA	0	0	NA	repetitive_ncRNA	1
gene-trnat-ugu-13	trnat-ugu	tRNA-Thr	tRNA	0	NC_052311.1	70707010	70707082	+	0		0			1	1	0		0	0	0	0	2	0	0.00	0.00	NA	0	0	NA	repetitive_ncRNA	1
gene-LOC120040715	LOC120040715	U5 spliceosomal RNA	snRNA	0	NW_024060736.1	5800	5916	+	0		0			1	1	0		0	0	0	0	0	0	0.00	0.00	NA	0	0	NA	repetitive_ncRNA	1
gene-LOC120039513	LOC120039513	18S ribosomal RNA	rRNA	0	NW_024059636.1	30147	31982	-	0		0			1	1	0		0	0	0	0	0	0	0.00	0.00	NA	0	0	NA	repetitive_ncRNA	1
gene-LOC120040089	LOC120040089	18S ribosomal RNA	rRNA	0	NW_024060140.1	10475	12310	+	0		0			1	1	0		0	0	0	0	0	0	0.00	0.00	NA	0	0	NA	repetitive_ncRNA	1
gene-trnag-ucc-71	trnag-ucc	tRNA-Gly	tRNA	0	NW_024057744.1	66122	66193	+	0		0			1	1	0		0	0	0	0	0	0	0.03	0.01	NA	0	0	NA	repetitive_ncRNA	1
gene-LOC120040341	LOC120040341	5.8S ribosomal RNA	rRNA	0	NW_024060367.1	11941	12094	+	0		0			2	2	0		0	0	0	0	0	0	0.00	0.00	NA	0	0	NA	repetitive_ncRNA	1
gene-trnag-ucc-36	trnag-ucc	tRNA-Gly	tRNA	0	NW_024057744.1	14659	14730	-	0		0			8	4	0		0	0	0	0	0	0	0.00	0.00	NA	0	0	NA	repetitive_ncRNA	1
gene-LOC120036356	LOC120036356	18S ribosomal RNA	rRNA	0	NW_024058024.1	14632	16467	-	0		0			1	1	0		0	0	73	68	0	0	0.00	0.00	NA	0	0	NA	repetitive_ncRNA	1
gene-trnag-ucc-50	trnag-ucc	tRNA-Gly	tRNA	0	NW_024057744.1	35127	35198	-	0		0			1	1	0		0	0	0	0	0	0	0.00	0.00	NA	0	0	NA	repetitive_ncRNA	1
gene-trnaw-cca-41	trnaw-cca	tRNA-Trp	tRNA	0	NC_052308.1	40394794	40394865	-	0		0			1	1	0		0	0	0	0	0	0	0.00	0.00	NA	0	0	NA	repetitive_ncRNA	1
gene-trnap-agg-26	trnap-agg	tRNA-Pro	tRNA	0	NW_024057744.1	20287	20358	+	0		0			5	5	0		0	0	0	0	0	1	0.00	0.00	NA	0	0	NA	repetitive_ncRNA	1
gene-trnap-ugg-36	trnap-ugg	tRNA-Pro	tRNA	0	NC_052340.1	392710	392781	-	0		0			1	1	0		0	0	28	71	0	0	0.00	0.00	NA	0	0	NA	repetitive_ncRNA	1
gene-trnat-ugu-11	trnat-ugu	tRNA-Thr	tRNA	0	NC_052311.1	70704631	70704703	+	0		0			1	1	0		0	0	0	0	0	0	0.00	0.00	NA	0	0	NA	repetitive_ncRNA	1
gene-LOC120039854	LOC120039854	5S ribosomal RNA	rRNA	0	NW_024059952.1	23025	23143	+	0		0			1	1	0		0	0	0	0	0	0	0.00	0.00	NA	0	0	NA	repetitive_ncRNA	1
gene-trnai-aau-49	trnai-aau	tRNA-Ile	tRNA	0	NW_024061098.1	3683	3756	+	0		0			5	3	0		0	0	0	0	0	0	0.00	0.00	NA	0	0	NA	repetitive_ncRNA	1
gene-trnas-acu-3	trnas-acu	tRNA-Ser	tRNA	0	NW_024061098.1	2485	2558	+	0		0			5	5	0		0	0	73	0	0	0	0.00	0.00	NA	0	0	NA	repetitive_ncRNA	1
gene-LOC120037021	LOC120037021	18S ribosomal RNA	rRNA	0	NW_024058282.1	39069	40904	-	0		0			1	1	0		0	0	0	0	0	0	0.00	0.00	NA	0	0	NA	repetitive_ncRNA	1
gene-trnap-agg-22	trnap-agg	tRNA-Pro	tRNA	0	NW_024057744.1	15492	15563	+	0		0			10	2	0		0	0	0	0	0	0	0.00	0.00	NA	0	0	NA	repetitive_ncRNA	1
gene-trnap-agg-36	trnap-agg	tRNA-Pro	tRNA	0	NW_024057744.1	36914	36985	+	0		0			1	1	0		0	0	0	0	0	0	0.00	0.00	NA	0	0	NA	repetitive_ncRNA	1
gene-trnaw-cca-33	trnaw-cca	tRNA-Trp	tRNA	0	NC_052308.1	40389438	40389509	-	0		0			2	1	0		0	0	0	0	0	0	0.00	0.00	NA	0	0	NA	repetitive_ncRNA	1
gene-trnal-uaa-13	trnal-uaa	tRNA-Leu	tRNA	0	NC_052333.1	25805957	25806039	-	0		0			2	2	0		0	0	0	0	0	0	0.00	0.00	NA	0	0	NA	repetitive_ncRNA	1
gene-LOC120038725	LOC120038725	18S ribosomal RNA	rRNA	0	NW_024059195.1	34913	36748	+	0		0			4	3	0		0	0	0	0	0	0	0.00	0.00	NA	0	0	NA	repetitive_ncRNA	1
gene-LOC120036948	LOC120036948	U1 spliceosomal RNA	snRNA	0	NW_024058263.1	60432	60592	+	0		0			1	1	0		0	0	0	0	0	0	0.00	0.00	NA	0	0	NA	repetitive_ncRNA	1
gene-LOC120037064	LOC120037064	5S ribosomal RNA	rRNA	0	NW_024058296.1	56186	56304	-	0		0			1	1	0		0	0	0	0	0	0	0.00	0.00	NA	0	0	NA	repetitive_ncRNA	1
gene-trnag-ucc-39	trnag-ucc	tRNA-Gly	tRNA	0	NW_024057744.1	18259	18330	-	0		0			7	5	0		0	0	0	0	0	0	0.00	0.00	NA	0	0	NA	repetitive_ncRNA	1
gene-LOC120040725	LOC120040725	U2 spliceosomal RNA	snRNA	0	NW_024060736.1	7387	7577	+	0		0			1	1	0		0	0	0	0	1	0	0.00	0.00	NA	0	0	NA	repetitive_ncRNA	1
gene-LOC120043516	LOC120043516	5S ribosomal RNA	rRNA	0	NW_024061696.1	26465	26583	-	0		0			1	1	0		0	0	0	0	0	0	0.06	0.00	NA	0	0	NA	repetitive_ncRNA	1
gene-LOC120042948	LOC120042948	5S ribosomal RNA	rRNA	0	NW_024061552.1	45596	45714	+	0		0			4	2	0		0	0	0	0	0	0	0.00	0.00	NA	0	0	NA	repetitive_ncRNA	1
gene-trnas-acu	trnas-acu	tRNA-Ser	tRNA	0	NW_024061098.1	1353	1426	+	0		0			5	4	0		0	0	73	0	0	0	0.00	0.00	NA	0	0	NA	repetitive_ncRNA	1
gene-trnai-aau-47	trnai-aau	tRNA-Ile	tRNA	0	NW_024061098.1	902	975	+	0		0			5	4	0		0	0	0	0	0	0	0.00	0.00	NA	0	0	NA	repetitive_ncRNA	1
gene-LOC120040613	LOC120040613	18S ribosomal RNA	rRNA	0	NW_024060654.1	1563	3398	-	0		0			2	2	0		0	0	0	0	0	0	0.00	0.00	NA	0	0	NA	repetitive_ncRNA	1
gene-LOC120038723	LOC120038723	5.8S ribosomal RNA	rRNA	0	NW_024059195.1	37316	37469	+	0		0			3	1	0		0	0	0	0	0	0	0.00	0.00	NA	0	0	NA	repetitive_ncRNA	1
gene-trnai-aau-46	trnai-aau	tRNA-Ile	tRNA	0	NW_024061098.1	353	426	+	0		0			5	3	0		0	0	0	0	0	0	0.00	0.00	NA	0	0	NA	repetitive_ncRNA	1
gene-LOC120040979	LOC120040979	18S ribosomal RNA	rRNA	0	NW_024060994.1	8094	9929	-	0		0			1	1	0		0	0	0	0	0	0	0.00	0.00	NA	0	0	NA	repetitive_ncRNA	1
gene-LOC120040459	LOC120040459	18S ribosomal RNA	rRNA	0	NW_024060491.1	18909	20744	-	0		0			2	2	0		0	0	0	0	0	0	0.00	0.00	NA	0	0	NA	repetitive_ncRNA	1
gene-LOC120035576	LOC120035576	5S ribosomal RNA	rRNA	0	NW_024057745.1	1055	1174	-	0		0			1	0	0		0	0	0	0	0	0	1.57	0.21	-2.45	1	0	NA	repetitive_ncRNA	1
gene-trnap-ugg-25	trnap-ugg	tRNA-Pro	tRNA	0	NC_052340.1	381782	381853	-	0		0			1	1	0		0	0	0	0	0	1	0.00	0.00	NA	0	0	NA	repetitive_ncRNA	1
gene-LOC120045233	LOC120045233	5S ribosomal RNA	rRNA	0	NC_052309.1	94124422	94124540	-	0		0			1	1	0		0	0	0	0	0	0	0.00	0.00	NA	0	0	NA	repetitive_ncRNA	1
gene-trnaw-cca-40	trnaw-cca	tRNA-Trp	tRNA	0	NC_052308.1	40394124	40394195	-	0		0			1	1	0		0	0	71	0	0	0	0.00	0.00	NA	0	0	NA	repetitive_ncRNA	1
gene-trnap-agg-56	trnap-agg	tRNA-Pro	tRNA	0	NW_024057744.1	66480	66551	-	0		0			1	1	0		0	0	17	0	0	0	0.00	0.00	NA	0	0	NA	repetitive_ncRNA	1
gene-LOC120037018	LOC120037018	5.8S ribosomal RNA	rRNA	0	NW_024058282.1	38348	38501	-	0		0			2	1	0		0	0	0	0	0	0	0.00	0.00	NA	0	0	NA	repetitive_ncRNA	1
gene-trnap-agg-23	trnap-agg	tRNA-Pro	tRNA	0	NW_024057744.1	16684	16755	+	0		0			10	2	0		0	0	0	0	0	0	0.00	0.00	NA	0	0	NA	repetitive_ncRNA	1
gene-trnap-agg-35	trnap-agg	tRNA-Pro	tRNA	0	NW_024057744.1	34769	34840	+	0		0			1	1	0		0	0	0	17	0	1	0.00	0.00	NA	0	0	NA	repetitive_ncRNA	1
gene-trnaw-cca-34	trnaw-cca	tRNA-Trp	tRNA	0	NC_052308.1	40390109	40390180	-	0		0			2	1	0		0	0	71	71	0	0	0.00	0.00	NA	0	0	NA	repetitive_ncRNA	1
gene-trnak-uuu-25	trnak-uuu	tRNA-Lys	tRNA	0	NC_052308.1	40390329	40390401	+	0		0			2	1	0		0	0	72	72	1	0	0.00	0.00	NA	0	0	NA	repetitive_ncRNA	1
gene-trnae-cuc-34	trnae-cuc	tRNA-Glu	tRNA	0	NC_052348.1	20434658	20434729	-	0		0			1	1	0		0	0	0	0	0	0	0.03	0.00	NA	0	0	NA	repetitive_ncRNA	1
gene-trnal-aag-32	trnal-aag	tRNA-Leu	tRNA	0	NW_024061521.1	102410	102492	-	0		0			1	1	0		0	0	0	0	0	0	0.00	0.00	NA	0	0	NA	repetitive_ncRNA	1
gene-LOC120042959	LOC120042959	5S ribosomal RNA	rRNA	0	NW_024061552.1	46855	46973	+	0		0			4	4	0		0	0	0	0	0	0	0.00	0.00	NA	0	0	NA	repetitive_ncRNA	1
gene-LOC120035593	LOC120035593	5S ribosomal RNA	rRNA	0	NW_024057745.1	5995	6113	-	0		0			1	1	0		0	0	0	0	0	0	0.00	0.00	NA	0	0	NA	repetitive_ncRNA	1
gene-trnag-ucc-73	trnag-ucc	tRNA-Gly	tRNA	0	NW_024057744.1	68505	68576	+	0		0			1	1	0		0	0	0	0	0	0	0.04	0.00	NA	0	0	NA	repetitive_ncRNA	1
gene-trnaf-gaa-31	trnaf-gaa	tRNA-Phe	tRNA	0	NW_024061098.1	4278	4350	+	0		0			5	2	0		0	0	0	0	1	0	0.00	0.00	NA	0	0	NA	repetitive_ncRNA	1
gene-trnat-ugu-12	trnat-ugu	tRNA-Thr	tRNA	0	NC_052311.1	70705825	70705897	+	0		0			1	1	0		0	0	0	0	0	0	0.00	0.00	NA	0	0	NA	repetitive_ncRNA	1
gene-LOC120037917	LOC120037917	5.8S ribosomal RNA	rRNA	0	NW_024058765.1	13654	13807	+	0		0			2	1	0		0	0	0	153	0	0	0.00	0.00	NA	0	0	NA	repetitive_ncRNA	1
gene-trnak-uuu-24	trnak-uuu	tRNA-Lys	tRNA	0	NC_052308.1	40389658	40389730	+	0		0			2	1	0		0	0	0	0	0	0	0.00	0.00	NA	0	0	NA	repetitive_ncRNA	1
gene-trnaw-cca-32	trnaw-cca	tRNA-Trp	tRNA	0	NC_052308.1	40388767	40388838	-	0		0			1	1	0		0	0	0	0	0	0	0.00	0.00	NA	0	0	NA	repetitive_ncRNA	1
gene-LOC120035559	LOC120035559	5S ribosomal RNA	rRNA	0	NW_024057745.1	4351	4469	-	0		0			1	1	0		0	0	0	0	0	0	0.00	0.00	NA	0	0	NA	repetitive_ncRNA	1
gene-LOC120039038	LOC120039038	U1 spliceosomal RNA	snRNA	0	NW_024059329.1	18854	19018	-	0		0			1	1	0		0	0	0	0	0	1	0.00	0.00	NA	0	0	NA	repetitive_ncRNA	1
gene-trnap-ugg-24	trnap-ugg	tRNA-Pro	tRNA	0	NC_052340.1	380860	380931	-	0		0			1	1	0		0	0	71	33	1	1	0.00	0.00	NA	0	0	NA	repetitive_ncRNA	1
gene-LOC120038012	LOC120038012	5.8S ribosomal RNA	rRNA	0	NW_024058826.1	9830	9983	+	0		0			1	1	0		0	0	0	0	0	0	0.00	0.00	NA	0	0	NA	repetitive_ncRNA	1
gene-trnap-agg-58	trnap-agg	tRNA-Pro	tRNA	0	NW_024057744.1	68863	68934	-	0		0			1	1	0		0	0	0	0	0	0	0.00	0.03	NA	0	0	NA	repetitive_ncRNA	1
gene-trnal-aag-31	trnal-aag	tRNA-Leu	tRNA	0	NW_024061521.1	101595	101676	-	0		0			1	1	0		0	0	0	0	0	0	0.00	0.00	NA	0	0	NA	repetitive_ncRNA	1
gene-trnap-agg-25	trnap-agg	tRNA-Pro	tRNA	0	NW_024057744.1	19094	19165	+	0		0			6	5	0		0	0	0	0	0	0	0.00	0.00	NA	0	0	NA	repetitive_ncRNA	1
gene-LOC120038014	LOC120038014	18S ribosomal RNA	rRNA	0	NW_024058826.1	7427	9262	+	0		0			1	1	0		0	0	0	0	0	0	0.00	0.00	NA	0	0	NA	repetitive_ncRNA	1
gene-LOC120039404	LOC120039404	5S ribosomal RNA	rRNA	0	NW_024059565.1	9756	9874	-	0		0			1	1	0		0	0	0	118	0	0	0.00	0.00	NA	0	0	NA	repetitive_ncRNA	1
gene-trnan-guu-34	trnan-guu	tRNA-Asn	tRNA	0	NC_052342.1	20293108	20293181	-	0		0			1	1	0		0	0	0	0	0	0	0.00	0.00	NA	0	0	NA	repetitive_ncRNA	1
gene-trnaw-cca-43	trnaw-cca	tRNA-Trp	tRNA	0	NC_052308.1	40396141	40396212	-	0		0			1	1	0		0	0	0	0	0	0	0.00	0.00	NA	0	0	NA	repetitive_ncRNA	1
gene-trnap-ugg-34	trnap-ugg	tRNA-Pro	tRNA	0	NC_052340.1	390866	390937	-	0		0			1	1	0		0	0	0	0	0	1	0.00	0.00	NA	0	0	NA	repetitive_ncRNA	1
gene-trnas-acu-5	trnas-acu	tRNA-Ser	tRNA	0	NW_024061098.1	4717	4790	+	0		0			5	1	0		0	0	0	0	0	0	0.00	0.00	NA	0	0	NA	repetitive_ncRNA	1
gene-trnap-agg-20	trnap-agg	tRNA-Pro	tRNA	0	NW_024057744.1	13109	13180	+	0		0			5	4	0		0	0	0	0	0	0	0.00	0.00	NA	0	0	NA	repetitive_ncRNA	1
gene-trnag-ucc-37	trnag-ucc	tRNA-Gly	tRNA	0	NW_024057744.1	15850	15921	-	0		0			10	2	0		0	0	0	0	0	0	0.00	0.00	NA	0	0	NA	repetitive_ncRNA	1
gene-trnad-guc-17	trnad-guc	tRNA-Asp	tRNA	0	NC_052342.1	20294045	20294116	-	0		0			1	1	0		0	0	0	0	0	0	0.00	0.00	NA	0	0	NA	repetitive_ncRNA	1
gene-LOC120039855	LOC120039855	5S ribosomal RNA	rRNA	0	NW_024059952.1	24667	24785	+	0		0			1	1	0		0	0	0	0	0	0	0.00	0.00	NA	0	0	NA	repetitive_ncRNA	1
gene-LOC120037065	LOC120037065	5S ribosomal RNA	rRNA	0	NW_024058296.1	57829	57947	-	0		0			1	1	0		0	0	0	0	0	0	0.00	0.00	NA	0	0	NA	repetitive_ncRNA	1
gene-trnag-ucc-52	trnag-ucc	tRNA-Gly	tRNA	0	NW_024057744.1	38464	38535	-	0		0			1	1	0		0	0	0	0	0	0	0.00	0.00	NA	0	0	NA	repetitive_ncRNA	1
gene-trnaf-gaa-33	trnaf-gaa	tRNA-Phe	tRNA	0	NW_024061098.1	5973	6045	+	0		0			4	1	0		0	0	0	0	0	1	0.00	0.00	NA	0	0	NA	repetitive_ncRNA	1
gene-trnap-agg-21	trnap-agg	tRNA-Pro	tRNA	0	NW_024057744.1	14301	14372	+	0		0			8	4	0		0	0	0	0	0	0	0.00	0.00	NA	0	0	NA	repetitive_ncRNA	1
gene-trnaw-cca-42	trnaw-cca	tRNA-Trp	tRNA	0	NC_052308.1	40395467	40395538	-	0		0			1	1	0		0	0	0	0	0	0	0.00	0.00	NA	0	0	NA	repetitive_ncRNA	1
gene-LOC120036955	LOC120036955	5S ribosomal RNA	rRNA	0	NW_024058263.1	57981	58099	+	0		0			1	1	0		0	0	0	0	0	0	0.00	0.00	NA	0	0	NA	repetitive_ncRNA	1
gene-trnay-gua-74	trnay-gua	tRNA-Tyr	tRNA	0	NW_024061363.1	25462	25550	-	0		0			1	1	0		0	0	0	0	0	0	0.00	0.00	NA	0	0	NA	repetitive_ncRNA	1
gene-trnag-ucc-41	trnag-ucc	tRNA-Gly	tRNA	0	NW_024057744.1	20645	20716	-	0		0			5	4	0		0	0	0	0	0	0	0.00	0.00	NA	0	0	NA	repetitive_ncRNA	1
gene-trnaa-cgc-20	trnaa-cgc	tRNA-Ala	tRNA	0	NW_024061363.1	67892	67963	-	0		0			1	1	0		0	0	0	0	0	0	0.00	0.00	NA	0	0	NA	repetitive_ncRNA	1
gene-trnal-aag-30	trnal-aag	tRNA-Leu	tRNA	0	NW_024061521.1	101184	101265	-	0		0			1	1	0		0	0	0	0	0	0	0.00	0.00	NA	0	0	NA	repetitive_ncRNA	1
gene-LOC120035861	LOC120035861	U1 spliceosomal RNA	snRNA	0	NW_024057805.1	83436	83599	+	0		0			1	1	0		0	0	0	0	0	1	0.00	0.00	NA	0	0	NA	repetitive_ncRNA	1
gene-trnaf-gaa-29	trnaf-gaa	tRNA-Phe	tRNA	0	NW_024061098.1	2080	2152	+	0		0			5	5	0		0	0	72	0	1	1	0.00	0.00	NA	0	0	NA	repetitive_ncRNA	1
gene-LOC120040342	LOC120040342	18S ribosomal RNA	rRNA	0	NW_024060367.1	9538	11373	+	0		0			2	1	0		0	0	0	0	0	0	0.00	0.00	NA	0	0	NA	repetitive_ncRNA	1
gene-LOC120043198	LOC120043198	U1 spliceosomal RNA	snRNA	0	NW_024061618.1	44680	44844	-	0		0			1	1	0		0	0	0	0	0	0	0.00	0.00	NA	0	0	NA	repetitive_ncRNA	1
gene-LOC120040709	LOC120040709	U2 spliceosomal RNA	snRNA	0	NW_024060736.1	5234	5424	+	0		0			1	1	0		0	0	0	0	0	0	0.00	0.00	NA	0	0	NA	repetitive_ncRNA	1
gene-LOC120037592	LOC120037592	5.8S ribosomal RNA	rRNA	0	NW_024058528.1	25554	25707	+	0		0			1	1	0		0	0	0	0	0	0	0.00	0.00	NA	0	0	NA	repetitive_ncRNA	1
gene-trnak-uuu-23	trnak-uuu	tRNA-Lys	tRNA	0	NC_052308.1	40388987	40389059	+	0		0			1	1	0		0	0	0	0	0	0	0.00	0.00	NA	0	0	NA	repetitive_ncRNA	1
gene-LOC120039405	LOC120039405	5S ribosomal RNA	rRNA	0	NW_024059565.1	11391	11509	-	0		0			1	1	0		0	0	0	1	0	0	0.00	0.00	NA	0	0	NA	repetitive_ncRNA	1
gene-trnap-ugg-42	trnap-ugg	tRNA-Pro	tRNA	0	NC_052340.1	407964	408035	-	0		0			2	2	0		0	0	0	28	0	1	0.00	0.00	NA	0	0	NA	repetitive_ncRNA	1
gene-trnak-uuu-33	trnak-uuu	tRNA-Lys	tRNA	0	NC_052308.1	40395688	40395761	+	0		0			1	1	0		0	0	0	0	0	0	0.00	0.00	NA	0	0	NA	repetitive_ncRNA	1
gene-trnae-cuc-33	trnae-cuc	tRNA-Glu	tRNA	0	NC_052348.1	20433584	20433655	-	0		0			1	1	0		0	0	0	0	0	0	0.00	0.00	NA	0	0	NA	repetitive_ncRNA	1
gene-trnaf-gaa-28	trnaf-gaa	tRNA-Phe	tRNA	0	NW_024061098.1	1497	1569	+	0		0			5	4	0		0	0	72	0	0	1	0.00	0.00	NA	0	0	NA	repetitive_ncRNA	1
gene-LOC120038332	LOC120038332	28S ribosomal RNA	rRNA	0	NW_024058936.1	107	4038	-	0		0			3	1	0		0	0	0	0	0	0	0.00	0.00	NA	0	0	NA	repetitive_ncRNA	1
gene-trnak-uuu-30	trnak-uuu	tRNA-Lys	tRNA	0	NC_052308.1	40393675	40393747	+	0		0			2	1	0		0	0	72	0	0	0	0.00	0.00	NA	0	0	NA	repetitive_ncRNA	1
gene-LOC120042611	LOC120042611	18S ribosomal RNA	rRNA	0	NW_024061449.1	52817	54652	-	0		0			2	1	0		0	0	0	0	0	1	0.00	0.00	NA	0	0	NA	repetitive_ncRNA	1
gene-trnai-aau-48	trnai-aau	tRNA-Ile	tRNA	0	NW_024061098.1	3134	3207	+	0		0			5	4	0		0	0	0	0	0	0	0.00	0.00	NA	0	0	NA	repetitive_ncRNA	1
gene-trnag-ucc-51	trnag-ucc	tRNA-Gly	tRNA	0	NW_024057744.1	37272	37343	-	0		0			1	1	0		0	0	0	0	0	0	0.00	0.00	NA	0	0	NA	repetitive_ncRNA	1
gene-LOC120037066	LOC120037066	5S ribosomal RNA	rRNA	0	NW_024058296.1	59466	59584	-	0		0			1	1	0		0	0	0	0	0	0	0.00	0.00	NA	0	0	NA	repetitive_ncRNA	1
gene-LOC120045260	LOC120045260	5S ribosomal RNA	rRNA	0	NC_052309.1	94122790	94122908	-	0		0			1	1	0		0	0	0	0	0	0	0.00	0.00	NA	0	0	NA	repetitive_ncRNA	1
gene-trnai-aau-50	trnai-aau	tRNA-Ile	tRNA	0	NW_024061098.1	5378	5451	+	0		0			5	1	0		0	0	0	0	0	1	0.00	0.00	NA	0	0	NA	repetitive_ncRNA	1
gene-trnal-uaa-10	trnal-uaa	tRNA-Leu	tRNA	0	NC_052333.1	25803528	25803610	-	0		0			2	1	0		0	0	82	0	0	1	0.00	0.00	NA	0	0	NA	repetitive_ncRNA	1
gene-trnal-aag-28	trnal-aag	tRNA-Leu	tRNA	0	NW_024061521.1	99557	99638	-	0		0			1	1	0		0	0	0	0	0	0	0.00	0.00	NA	0	0	NA	repetitive_ncRNA	1
gene-LOC120059648	LOC120059648	U5 spliceosomal RNA	snRNA	0	NC_052320.1	36746456	36746570	+	0		0			1	1	0		0	0	0	114	0	0	0.16	0.09	NA	0	0	NA	repetitive_ncRNA	1
gene-LOC120036956	LOC120036956	5S ribosomal RNA	rRNA	0	NW_024058263.1	59622	59740	+	0		0			1	1	0		0	0	0	0	0	0	0.00	0.00	NA	0	0	NA	repetitive_ncRNA	1
gene-trnag-ucc-40	trnag-ucc	tRNA-Gly	tRNA	0	NW_024057744.1	19452	19523	-	0		0			6	5	0		0	0	0	0	0	0	0.00	0.00	NA	0	0	NA	repetitive_ncRNA	1
gene-trnak-uuu-32	trnak-uuu	tRNA-Lys	tRNA	0	NC_052308.1	40395014	40395086	+	0		0			1	1	0		0	0	0	0	0	0	0.00	0.00	NA	0	0	NA	repetitive_ncRNA	1
gene-LOC120039406	LOC120039406	5S ribosomal RNA	rRNA	0	NW_024059565.1	13031	13149	-	0		0			1	1	0		0	0	0	0	0	0	0.00	0.00	NA	0	0	NA	repetitive_ncRNA	1
gene-LOC120039027	LOC120039027	18S ribosomal RNA	rRNA	0	NW_024059323.1	27265	29100	-	0		0			2	1	0		0	0	73	0	0	0	0.00	0.00	NA	0	0	NA	repetitive_ncRNA	1
gene-trnas-acu-2	trnas-acu	tRNA-Ser	tRNA	0	NW_024061098.1	1936	2009	+	0		0			5	4	0		0	0	73	0	0	0	0.00	0.00	NA	0	0	NA	repetitive_ncRNA	1
gene-trnaw-cca-39	trnaw-cca	tRNA-Trp	tRNA	0	NC_052308.1	40393455	40393526	-	0		0			2	1	0		0	0	0	0	0	1	0.00	0.00	NA	0	0	NA	repetitive_ncRNA	1
gene-trnap-agg-19	trnap-agg	tRNA-Pro	tRNA	0	NW_024057744.1	11918	11989	+	0		0			5	3	0		0	0	0	0	0	0	0.00	0.00	NA	0	0	NA	repetitive_ncRNA	1
gene-trnal-aag-29	trnal-aag	tRNA-Leu	tRNA	0	NW_024061521.1	100369	100450	-	0		0			1	1	0		0	0	0	0	0	0	0.00	0.00	NA	0	0	NA	repetitive_ncRNA	1
gene-trnap-ugg-35	trnap-ugg	tRNA-Pro	tRNA	0	NC_052340.1	391788	391859	-	0		0			1	1	0		0	0	28	28	0	0	0.00	0.00	NA	0	0	NA	repetitive_ncRNA	1
gene-trnal-uaa-12	trnal-uaa	tRNA-Leu	tRNA	0	NC_052333.1	25805145	25805227	-	0		0			2	2	0		0	0	82	0	0	2	0.00	0.00	NA	0	0	NA	repetitive_ncRNA	1
gene-trnaf-gaa-32	trnaf-gaa	tRNA-Phe	tRNA	0	NW_024061098.1	4873	4945	+	0		0			5	1	0		0	0	0	0	0	0	0.00	0.00	NA	0	0	NA	repetitive_ncRNA	1
gene-trnal-uaa-11	trnal-uaa	tRNA-Leu	tRNA	0	NC_052333.1	25804337	25804419	-	0		0			2	2	0		0	0	82	0	0	0	0.00	0.00	NA	0	0	NA	repetitive_ncRNA	1
gene-LOC120040721	LOC120040721	U2 spliceosomal RNA	snRNA	0	NW_024060736.1	6313	6503	+	0		0			1	1	0		0	0	0	0	0	0	0.00	0.00	NA	0	0	NA	repetitive_ncRNA	1
gene-trnak-uuu-34	trnak-uuu	tRNA-Lys	tRNA	0	NC_052308.1	40396361	40396433	+	0		0			1	1	0		0	0	0	0	0	0	0.00	0.00	NA	0	0	NA	repetitive_ncRNA	1
gene-trnay-gua-75	trnay-gua	tRNA-Tyr	tRNA	0	NW_024061363.1	26587	26675	-	0		0			1	1	0		0	0	0	0	0	0	0.00	0.00	NA	0	0	NA	repetitive_ncRNA	1
gene-trnal-uaa-9	trnal-uaa	tRNA-Leu	tRNA	0	NC_052333.1	25802715	25802797	-	0		0			2	1	0		0	0	82	0	0	1	0.00	0.00	NA	0	0	NA	repetitive_ncRNA	1
gene-LOC120032453	LOC120032453	B-cell receptor CD22-like	protein_coding	2	NC_052345.1	2142550	2168950	-	1	intron	0	hypo_siscowet	50.76	4	0	0		0	0	1231	201	13	18	0.03	0.09	NA	0	0	NA		0
gene-LOC120042335	LOC120042335	E3 ubiquitin/ISG15 ligase TRIM25-like	protein_coding	1	NW_024061372.1	30466	49614	+	1	downstream<=5kb	0	hypo_siscowet	40.01	3	0	0		0	0	4341	3033	1	2	0.00	0.00	NA	0	0	NA		0
gene-LOC120037787	LOC120037787	ovochymase-2-like	protein_coding	2	NW_024058641.1	28617	72851	+	1	intron	0	hypo_siscowet	36.37	8	0	0		0	0	194	94	0	1	0.04	0.02	NA	0	0	NA		0
gene-LOC120039524	LOC120039524	zinc finger protein 271-like	protein_coding	2	NW_024059641.1	91294	148338	+	2	intron	0	hypo_siscowet	32.95	17	0	0		0	0	4321	2681	41	25	0.02	0.01	NA	0	0	NA		0
gene-LOC120032412	LOC120032412	zinc finger protein 883-like	protein_coding	5	NC_052345.1	3970621	3993366	-	1	downstream<=5kb	0	hypo_siscowet	23.55	11	0	0		0	0	805	592	6	5	0.24	0.13	NA	0	0	NA		0
gene-LOC120051056	LOC120051056	myosin-7-like	protein_coding	4	NC_052313.1	18531061	18545925	+	1	downstream<=5kb	0	hyper_siscowet	22.93	6	0	0		0	0	0	0	0	0	0.00	0.00	NA	0	0	NA		0
gene-LOC120051620	LOC120051620	NACHT, LRR and PYD domains-containing protein 3-like	protein_coding	2	NC_052314.1	192615	215252	+	1	upstream<=5kb	0	hyper_siscowet	22.80	13	0	0		0	0	685	357	18	36	0.07	0.04	NA	0	0	NA		0
gene-LOC120024464	LOC120024464	gamma-aminobutyric acid receptor subunit rho-2-like	protein_coding	12	NC_052335.1	25662436	25690312	+	1	downstream<=5kb	0	hyper_siscowet	21.88	3	0	0		0	0	0	0	0	0	0.00	0.00	NA	0	0	NA		0
gene-LOC120035322	LOC120035322	olfactory receptor 4S1-like	protein_coding	4	NW_024057705.1	47285	48226	-	1	downstream<=5kb	0	hypo_siscowet	21.63	4	0	0		0	0	0	0	0	0	0.00	0.00	NA	0	0	NA		0
gene-LOC120042897	LOC120042897	transport and Golgi organization protein 1 homolog	protein_coding	5	NW_024061529.1	46244	57863	-	1	intron	0	hypo_siscowet	21.47	8	0	0		0	0	872	89	0	0	0.00	0.00	NA	0	0	NA		0
gene-LOC120037712	LOC120037712	zona pellucida sperm-binding protein 4-like	protein_coding	0	NW_024058595.1	38592	47208	+	1	upstream<=5kb	0	hyper_siscowet	21.40	5	0	0		0	0	0	0	0	1	0.07	0.09	NA	0	0	NA		0
gene-LOC120036470	LOC120036470	protein transport protein Sec16A-like	protein_coding	0	NW_024058055.1	15991	16971	-	1	upstream<=5kb	0	hypo_siscowet	20.70	17	0	0		0	0	0	130	0	0	0.00	0.00	NA	0	0	NA		0
gene-LOC120037711	LOC120037711	uncharacterized LOC120037711	protein_coding	1	NW_024058595.1	3085	10465	-	1	intron	0	hypo_siscowet	18.29	3	0	0		0	0	0	75	1	0	0.00	0.00	NA	0	0	NA		0
gene-LOC120038221	LOC120038221	NACHT, LRR and PYD domains-containing protein 3-like	protein_coding	2	NW_024058907.1	9935	35233	+	4	downstream<=5kb	0	hypo_siscowet	18.14	20	0	0		0	0	1038	1006	13	20	0.02	0.02	NA	0	0	NA		0
gene-LOC120018068	LOC120018068	histone H4	protein_coding	5	NC_052308.1	72360091	72360446	-	1	upstream<=5kb	0	hyper_siscowet	18.13	13	0	0		0	0	0	47	0	0	0.10	0.05	NA	0	0	NA		0
gene-LOC120017961	LOC120017961	histone H1-like	protein_coding	4	NC_052308.1	72367447	72368159	-	1	downstream<=5kb	0	hyper_siscowet	18.13	13	0	0		0	0	0	0	0	0	0.01	0.00	NA	0	0	NA		0
gene-LOC120027990	LOC120027990	histone H2B	protein_coding	4	NC_052308.1	72358901	72359478	-	1	upstream<=5kb	0	hyper_siscowet	18.13	13	0	0		0	0	0	0	0	0	0.02	0.02	NA	0	0	NA		0
gene-LOC120017932	LOC120017932	histone H1	protein_coding	4	NC_052308.1	72357167	72357879	-	1	upstream<=5kb	0	hyper_siscowet	18.13	4	0	0		0	0	0	712	0	0	0.01	0.01	NA	0	0	NA		0
gene-LOC120017972	LOC120017972	histone H3	protein_coding	4	NC_052308.1	72365337	72365974	-	1	downstream<=5kb	0	hyper_siscowet	18.13	13	0	0		0	0	0	0	0	0	0.17	0.23	NA	0	0	NA		0
gene-LOC120018007	LOC120018007	histone H2A	protein_coding	4	NC_052308.1	72366313	72366832	-	1	downstream<=5kb	0	hyper_siscowet	18.13	13	0	0		0	0	0	0	0	0	0.11	0.13	NA	0	0	NA		0
gene-LOC120051637	LOC120051637	alpha-mannosidase 2C1-like	protein_coding	3	NC_052314.1	1015812	1045718	-	1	downstream<=5kb	0	hypo_siscowet	17.71	4	0	0		0	0	1569	2167	26	24	0.05	0.09	NA	0	0	NA		0
gene-LOC120034928	LOC120034928	vesicle transport protein SEC20-like	protein_coding	4	NC_052348.1	19435648	19448058	-	0		0			0	0	1	downstream<=5kb	0	11315	0	0	0	0	0.26	0.27	NA	0	0	NA		0
gene-LOC120034671	LOC120034671	homeobox protein Nkx-2.5-like	protein_coding	5	NC_052348.1	19417262	19418819	+	0		0			0	0	1	downstream<=5kb	0	11315	0	0	0	0	0.00	0.00	NA	0	0	NA		0
gene-stab1	stab1	stabilin 1	protein_coding	2	NW_024058519.1	151675	330409	-	0		0			0	0	3	intron	0	9087	13146	24103	109	150	0.32	0.28	NA	0	0	NA		0
gene-LOC120041259	LOC120041259	uncharacterized LOC120041259	protein_coding	6	NC_052309.1	83318396	83331917	+	0		0			2	0	1	promoter	0	8604	0	8604	0	1	0.00	0.00	NA	0	0	NA		0
gene-LOC120021657	LOC120021657	receptor-type tyrosine-protein phosphatase gamma-like	protein_coding	3	NC_052308.1	39480594	39756855	+	0		0			0	0	1	intron	0	7878	2772	8220	8	10	0.00	0.00	NA	0	0	NA		0
gene-LOC120023442	LOC120023442	uncharacterized LOC120023442	protein_coding	3	NC_052308.1	73321349	73680463	-	0		0			0	0	5	intron	0	7696	6297	45086	23	158	0.00	0.00	NA	0	0	NA		0
gene-LOC120047102	LOC120047102	GPI mannosyltransferase 2-like	protein_coding	5	NC_052311.1	38713764	38717042	-	0		0			0	0	1	downstream<=5kb	0	7655	0	0	0	0	0.15	0.25	NA	0	0	NA		0
gene-LOC120047171	LOC120047171	polysialoglycoprotein-like	protein_coding	0	NC_052311.1	50904918	50907039	+	0		0			0	0	1	upstream<=5kb	0	7088	216	108	4	1	0.00	0.00	NA	0	0	NA		0
gene-LOC120048427	LOC120048427	SWI/SNF complex subunit SMARCC1-like	protein_coding	6	NC_052311.1	50870758	50888517	-	0		0			0	0	1	upstream<=5kb	0	7088	0	0	0	0	0.85	0.89	NA	0	0	NA		0
gene-LOC120032297	LOC120032297	protein O-mannosyl-transferase TMTC1-like	protein_coding	4	NC_052344.1	10971239	11065067	-	0		0			0	0	2	intron	0	6844	795	3197	2	20	0.58	0.70	NA	0	0	NA		0
gene-LOC120032273	LOC120032273	chymotrypsinogen B-like	protein_coding	2	NC_052344.1	10956960	10959825	-	0		0			0	0	1	promoter	0	6844	0	0	0	0	0.00	0.00	NA	0	0	NA		0
gene-srbd1	srbd1	S1 RNA binding domain 1	protein_coding	4	NC_052341.1	6568628	6671318	-	0		0			0	0	3	intron	0	6633	559	9750	1	31	0.02	0.03	NA	0	0	NA		0
gene-LOC120029132	LOC120029132	calpain-9-like	protein_coding	5	NC_052340.1	4853360	4873045	+	0		0			0	0	1	intron	0	6503	681	6503	9	3	0.01	0.00	NA	0	0	NA		0
gene-dclk1a	dclk1a	doublecortin-like kinase 1a	protein_coding	3	NC_052332.1	39444079	39529510	+	0		0			0	0	1	intron	0	6363	1551	7934	8	5	0.00	0.00	NA	0	0	NA		0
gene-gpc5a	gpc5a	glypican 5a	protein_coding	7	NW_024060050.1	1358	21422	-	0		0			0	0	1	intron	0	6102	4327	10294	1	30	0.14	0.13	NA	0	0	NA		0
gene-LOC120031858	LOC120031858	immunoglobulin kappa light chain-like	protein_coding	0	NC_052344.1	14683738	14699041	-	0		0			0	0	2	downstream<=5kb	0	5978	113	8261	0	44	0.35	0.69	NA	0	0	NA		0
gene-LOC120049524	LOC120049524	metallophosphoesterase MPPED2	protein_coding	1	NC_052307.1	77949194	78146561	-	0		0			0	0	7	intron	0	5871	15339	30858	119	250	0.70	0.87	NA	0	0	NA		0
gene-LOC120045815	LOC120045815	eukaryotic translation initiation factor 3 subunit C-like	protein_coding	5	NC_052310.1	27736958	27768666	+	0		0			0	0	1	intron	0	5732	0	5967	2	0	0.00	0.00	NA	0	0	NA		0
gene-LOC120052445	LOC120052445	single-stranded DNA-binding protein 3-like	protein_coding	4	NC_052314.1	16520028	16663034	-	0		0			0	0	1	intron	0	5419	1228	5901	3	10	0.08	0.11	NA	0	0	NA		0
gene-LOC120050111	LOC120050111	histidine-rich glycoprotein-like	protein_coding	0	NC_052307.1	3693264	3693850	+	0		0			0	0	1	promoter	0	5390	0	0	2	0	0.01	0.00	NA	0	0	NA		0
gene-LOC120030475	LOC120030475	basement membrane-specific heparan sulfate proteoglycan core protein-like	protein_coding	2	NC_052342.1	21385493	21414325	-	0		0			0	0	2	intron	0	5252	8667	13448	30	111	0.00	0.00	NA	0	0	NA		0
gene-tspan11	tspan11	tetraspanin 11	protein_coding	1	NC_052312.1	48454950	48488736	-	0		0			0	0	1	upstream<=5kb	0	5206	2845	2592	10	19	0.05	0.06	NA	0	0	NA		0
gene-LOC120017443	LOC120017443	polymeric immunoglobulin receptor-like	protein_coding	0	NC_052328.1	28728514	28739775	-	0		0			0	0	1	upstream<=5kb	0	4907	0	243	0	0	0.00	0.00	NA	0	0	NA		0
gene-LOC120024739	LOC120024739	DIS3-like exonuclease 1	protein_coding	4	NC_052336.1	191714	208108	-	0		0			0	0	2	intron	0	4833	5389	5569	43	43	0.21	0.15	NA	0	0	NA		0
gene-LOC120058068	LOC120058068	ecto-NOX disulfide-thiol exchanger 1-like	protein_coding	4	NC_052319.1	27728204	27827246	-	0		0			0	0	1	intron	0	4692	430	5514	158	265	0.00	0.00	NA	0	0	NA		0
gene-rapsn	rapsn	receptor-associated protein of the synapse, 43kD	protein_coding	4	NC_052327.1	49056949	49107562	-	0		0			0	0	1	intron	0	4433	3624	7635	39	102	0.06	0.05	NA	0	0	NA		0
gene-LOC120035253	LOC120035253	zinc finger protein 708-like	protein_coding	0	NW_024057675.1	682684	694320	-	0		0			0	0	2	intron	0	4413	459	4922	6	3	0.01	0.01	NA	0	0	NA		0
gene-LOC120050584	LOC120050584	alpha-crystallin A chain	protein_coding	5	NC_052313.1	59173783	59177930	+	0		0			0	0	1	upstream<=5kb	0	4317	0	0	1	0	0.00	0.00	NA	0	0	NA		0
gene-depdc7a	depdc7a	DEP domain containing 7, paralog a	protein_coding	1	NC_052307.1	78848973	78867181	+	0		0			0	0	2	upstream<=5kb	0	4137	1935	3669	17	54	0.22	0.14	NA	0	0	NA		0
gene-LOC120050996	LOC120050996	rasGAP-activating-like protein 1	protein_coding	5	NC_052307.1	21455193	21492909	+	0		0			0	0	1	intron	0	4101	0	4160	1	2	0.00	0.00	NA	0	0	NA		0
gene-vgf	vgf	VGF nerve growth factor inducible	protein_coding	1	NC_052312.1	22957990	22985991	-	0		0			0	0	1	intron	0	3997	110	4126	0	3	0.02	0.01	NA	0	0	NA		0
gene-LOC120042988	LOC120042988	protein NEL-like	protein_coding	2	NW_024061558.1	5804	91389	-	0		0			0	0	11	intron	0	3929	9411	18243	54	77	0.00	0.00	NA	0	0	NA		0
gene-LOC120049221	LOC120049221	transcription factor SOX-6-like	protein_coding	7	NC_052307.1	76569537	76772382	+	0		0			0	0	1	intron	0	3854	3853	14178	6	84	0.73	0.88	NA	0	0	NA		0
gene-LOC120042486	LOC120042486	zinc finger protein 239-like	protein_coding	1	NW_024061419.1	502013	519056	+	0		0			0	0	1	upstream<=5kb	0	3831	1377	252	11	3	0.05	0.06	NA	0	0	NA		0
gene-LOC120049104	LOC120049104	probable polypeptide N-acetylgalactosaminyltransferase 8	protein_coding	1	NC_052312.1	36703301	36707661	+	0		0			0	0	2	intron	0	3447	0	337	0	0	0.00	0.00	NA	0	0	NA		0
gene-rhbdl1	rhbdl1	rhomboid, veinlet-like 1 (Drosophila)	protein_coding	2	NC_052310.1	17568660	17610293	-	0		0			0	0	1	intron	0	3194	0	3298	2	7	0.00	0.00	NA	0	0	NA		0
gene-LOC120023487	LOC120023487	slit homolog 1 protein-like	protein_coding	6	NC_052308.1	75038144	75168020	-	0		0			0	0	3	intron	0	3185	22920	22841	138	147	0.00	0.00	NA	0	0	NA		0
gene-foxq2	foxq2	forkhead box Q2	protein_coding	5	NC_052316.1	17349474	17351222	+	0		0			0	0	1	promoter	0	3170	0	0	0	0	0.00	0.00	NA	0	0	NA		0
gene-csmd1a	csmd1a	CUB and Sushi multiple domains 1a	protein_coding	0	NC_052338.1	34150685	34341548	+	0		0			0	0	1	intron	0	3120	5807	12240	41	91	0.00	0.00	NA	0	0	NA		0
gene-LOC120062675	LOC120062675	fibrinogen C domain-containing protein 1-like	protein_coding	2	NC_052324.1	9904814	10063326	+	0		0			0	0	1	intron	0	2954	0	4065	1	2	0.00	0.00	NA	0	0	NA		0
gene-LOC120058995	LOC120058995	renin-like	protein_coding	3	NC_052320.1	41131729	41138129	+	0		0			0	0	1	downstream<=5kb	0	2871	0	0	0	2	0.06	0.20	NA	0	0	NA		0
gene-LOC120063766	LOC120063766	voltage-dependent L-type calcium channel subunit beta-4-like	protein_coding	7	NC_052325.1	24275431	24338500	-	0		0			0	0	2	intron	0	2869	216	3874	5	5	0.00	0.00	NA	0	0	NA		0
gene-LOC120020442	LOC120020442	contactin-4-like	protein_coding	2	NC_052308.1	13636796	13749148	-	0		0			0	0	1	intron	0	2769	1188	3286	5	15	0.00	0.00	NA	0	0	NA		0
gene-LOC120019468	LOC120019468	androgen-induced gene 1 protein-like	protein_coding	2	NC_052330.1	14198967	14250015	+	0		0			0	0	2	upstream<=5kb	0	2715	0	62	0	1	0.02	0.00	NA	0	0	NA		0
gene-LOC120064692	LOC120064692	membrane-associated guanylate kinase, WW and PDZ domain-containing protein 3-like	protein_coding	3	NC_052326.1	21051398	21195167	+	0		0			0	0	1	intron	0	2644	0	2696	2	2	0.00	0.00	NA	0	0	NA		0
gene-LOC120040883	LOC120040883	exostosin-1a-like	protein_coding	3	NW_024060896.1	317646	459414	+	0		0			0	0	2	intron	0	2634	20367	18459	252	480	0.31	0.26	NA	0	0	NA		0
gene-LOC120058810	LOC120058810	rho GTPase-activating protein 4-like	protein_coding	3	NC_052320.1	8423718	8460173	-	0		0			1	0	1	downstream<=5kb	0	2612	0	82	0	0	0.00	0.06	NA	0	0	NA		0
gene-nod2	nod2	nucleotide-binding oligomerization domain containing 2	protein_coding	6	NC_052307.1	69653167	69662859	-	0		0			0	0	2	intron	0	2592	0	1572	0	0	0.02	0.02	NA	0	0	NA		0
gene-LOC120031419	LOC120031419	nucleolar GTP-binding protein 2-like	protein_coding	2	NC_052343.1	7820108	7858182	-	0		0			0	0	1	intron	0	2569	0	2569	0	0	0.56	0.58	NA	0	0	NA		0
gene-LOC120060832	LOC120060832	STIP1 homology and U box-containing protein 1-like	protein_coding	9	NC_052322.1	74576	119919	+	0		0			0	0	1	downstream<=5kb	0	2488	0	0	1	0	0.00	0.00	NA	0	0	NA		0
gene-clstn2a	clstn2a	calsyntenin 2a	protein_coding	9	NC_052331.1	30696337	30866481	+	0		0			0	0	1	intron	0	2459	9923	9451	5	10	0.00	0.00	NA	0	0	NA		0
gene-LOC120030478	LOC120030478	CD209 antigen-like protein E	protein_coding	0	NC_052342.1	21829649	21842506	+	0		0			0	0	1	downstream<=5kb	0	2433	2149	4231	0	19	0.00	0.00	NA	0	0	NA		0
gene-LOC120041920	LOC120041920	beta-1,3-glucosyltransferase-like	protein_coding	2	NW_024061286.1	85599	216660	-	0		0			0	0	2	intron	0	2344	917	3083	0	14	0.17	0.15	NA	0	0	NA		0
gene-LOC120046279	LOC120046279	carnitine O-palmitoyltransferase 1, liver isoform-like	protein_coding	4	NC_052310.1	19815184	19857538	-	0		0			0	0	2	intron	0	2290	734	3681	6	10	0.34	0.30	NA	0	0	NA		0
gene-LOC120025009	LOC120025009	protein kinase C-binding protein NELL1-like	protein_coding	2	NC_052336.1	30461230	30917964	-	0		0			0	0	1	intron	0	2262	8101	3141	16	10	0.00	0.00	NA	0	0	NA		0
gene-LOC120048047	LOC120048047	alpha-1,3-mannosyl-glycoprotein 4-beta-N-acetylglucosaminyltransferase B	protein_coding	5	NC_052311.1	21658600	21841079	+	0		0			0	0	1	intron	0	2219	832	4985	4	36	0.08	0.05	NA	0	0	NA		0
gene-LOC120044739	LOC120044739	protein kinase C alpha type-like	protein_coding	0	NC_052309.1	7373	71642	-	0		0			0	0	3	intron	0	2199	12377	17555	13	16	0.00	0.00	NA	0	0	NA		0
gene-LOC120052670	LOC120052670	uncharacterized LOC120052670	protein_coding	0	NC_052307.1	66512981	66534576	+	0		0			0	0	1	intron	0	2194	0	2270	2	2	0.00	0.00	NA	0	0	NA		0
gene-LOC120038198	LOC120038198	mycbp associated protein	protein_coding	0	NW_024058897.1	654752	702403	+	0		0			0	0	1	intron	0	2161	6362	4726	52	100	0.00	0.00	NA	0	0	NA		0
gene-LOC120058374	LOC120058374	zinc finger and SCAN domain-containing protein 22-like	protein_coding	3	NC_052308.1	7126495	7127993	-	0		0			0	0	1	promoter	0	2119	0	0	0	0	0.07	0.09	NA	0	0	NA		0
gene-ptp4a3b	ptp4a3b	protein tyrosine phosphatase 4A3b	protein_coding	3	NC_052343.1	16836689	16862065	+	0		0			0	0	2	intron	0	2112	3021	3283	51	55	0.14	0.21	NA	0	0	NA		0
gene-map3k9	map3k9	mitogen-activated protein kinase kinase kinase 9	protein_coding	4	NC_052321.1	2214352	2284709	+	0		0			0	0	1	intron	0	2062	3377	12640	5	11	0.00	0.00	NA	0	0	NA		0
gene-LOC120026029	LOC120026029	ras-related protein Rab-27B-like	protein_coding	6	NC_052337.1	371184	423794	+	0		0			0	0	4	intron	0	1965	3890	9019	13	47	0.01	0.01	NA	0	0	NA		0
gene-LOC120050814	LOC120050814	filamin A-interacting protein 1-like	protein_coding	0	NC_052313.1	50693886	50697420	-	0		0			0	0	1	downstream<=5kb	0	1920	0	0	0	1	0.00	0.00	NA	0	0	NA		0
gene-LOC120041002	LOC120041002	sodium/myo-inositol cotransporter 2-like	protein_coding	3	NC_052309.1	82248819	82274188	+	0		0			0	0	1	intron	0	1906	1328	4414	0	5	0.00	0.00	NA	0	0	NA		0
gene-ccny	ccny	cyclin Y	protein_coding	6	NC_052339.1	13468901	13546835	+	0		0			0	0	4	promoter	0	1875	0	3370	1	3	0.16	0.16	NA	0	0	NA		0
gene-LOC120065226	LOC120065226	signal-induced proliferation-associated 1-like protein 2	protein_coding	5	NC_052308.1	60041384	60144345	+	0		0			0	0	1	intron	0	1825	59	3411	0	0	0.23	0.18	NA	0	0	NA		0
gene-cblb	cblb	Cbl proto-oncogene B, E3 ubiquitin protein ligase	protein_coding	9	NC_052318.1	51823790	52025291	-	0		0			0	0	2	intron	0	1820	4007	3408	8	25	0.70	0.54	NA	0	0	NA		0
gene-LOC120062749	LOC120062749	ephrin-A5-like	protein_coding	7	NC_052324.1	22419463	22653237	-	0		0			0	0	4	intron	0	1820	1785	10573	17	86	0.00	0.00	NA	0	0	NA		0
gene-LOC120064518	LOC120064518	E3 ubiquitin-protein ligase DTX1-like	protein_coding	5	NC_052307.1	21505930	21566776	-	0		0			0	0	1	intron	0	1812	0	1812	0	0	0.11	0.19	NA	0	0	NA		0
gene-LOC120046488	LOC120046488	adhesion G protein-coupled receptor A3-like	protein_coding	7	NC_052310.1	36349621	36671176	-	0		0			0	0	2	intron	0	1807	134	2088	13	8	0.16	0.18	NA	0	0	NA		0
gene-LOC120050435	LOC120050435	semaphorin-5A-like	protein_coding	8	NC_052313.1	6511677	6787558	+	0		0			0	0	4	intron	0	1765	6798	32513	274	543	0.00	0.00	NA	0	0	NA		0
gene-LOC120052235	LOC120052235	zinc finger protein 827-like	protein_coding	2	NC_052314.1	63805703	63923060	+	0		0			1	0	1	intron	0	1762	13783	17580	234	133	0.04	0.02	NA	0	0	NA		0
gene-LOC120044697	LOC120044697	ethanolamine-phosphate cytidylyltransferase-like	protein_coding	3	NC_052309.1	86591497	86635758	+	0		0			0	0	1	intron	0	1701	9903	8907	89	50	0.00	0.00	NA	0	0	NA		0
gene-LOC120023811	LOC120023811	QRFP-like peptide receptor	protein_coding	4	NC_052308.1	80699938	80731486	-	0		0			0	0	5	promoter	0	1666	1931	6619	34	112	0.00	0.00	NA	0	0	NA		0
gene-ryr1b	ryr1b	ryanodine receptor 1b (skeletal)	protein_coding	9	NC_052340.1	41091698	41352770	-	0		0			0	0	1	intron	0	1650	10128	16998	70	217	0.01	0.01	NA	0	0	NA		0
gene-LOC120037573	LOC120037573	histone deacetylase 5-like	protein_coding	5	NC_052309.1	73098371	73192333	+	0		0			0	0	1	intron	0	1610	1808	4436	20	30	0.07	0.04	NA	0	0	NA		0
gene-LOC120059488	LOC120059488	protein kinase C-binding protein 1-like	protein_coding	2	NC_052320.1	37561014	37585203	+	0		0			0	0	1	intron	0	1609	0	1609	0	0	0.34	0.25	NA	0	0	NA		0
gene-LOC120017966	LOC120017966	calcium-activated potassium channel subunit alpha-1-like	protein_coding	4	NC_052328.1	32252360	32607103	+	0		0			0	0	3	intron	0	1600	7323	8014	90	82	0.00	0.00	NA	0	0	NA		0
gene-LOC120044084	LOC120044084	adenylate cyclase type 9-like	protein_coding	4	NC_052309.1	84047582	84137557	+	0		0			0	0	2	intron	0	1598	2120	5947	36	51	0.04	0.04	NA	0	0	NA		0
gene-LOC120035379	LOC120035379	rootletin-like	protein_coding	0	NW_024057727.1	44068	82003	+	0		0			0	0	1	downstream<=5kb	0	1595	1541	12955	8	48	0.00	0.00	NA	0	0	NA		0
gene-LOC120028064	LOC120028064	Kv channel-interacting protein 2-like	protein_coding	4	NC_052308.1	75927906	75946738	-	0		0			0	0	4	intron	0	1576	808	2762	21	32	0.00	0.00	NA	0	0	NA		0
gene-LOC120055128	LOC120055128	ubiquitin carboxyl-terminal hydrolase 13-like	protein_coding	4	NC_052316.1	6017153	6070859	-	0		0			0	0	1	intron	0	1572	138	1572	0	0	0.00	0.00	NA	0	0	NA		0
gene-ighmbp2	ighmbp2	immunoglobulin mu DNA binding protein 2	protein_coding	6	NC_052327.1	49030729	49051713	+	0		0			0	0	1	intron	0	1570	287	1838	4	19	0.49	0.39	NA	0	0	NA		0
gene-LOC120030969	LOC120030969	uncharacterized LOC120030969	protein_coding	9	NC_052343.1	29828919	29888707	-	0		0			0	0	2	intron	0	1563	9369	5959	70	58	0.02	0.02	NA	0	0	NA		0
gene-LOC120025260	LOC120025260	activin receptor type-1B-like	protein_coding	9	NC_052308.1	30049359	30067734	+	0		0			0	0	1	intron	0	1549	0	1549	0	0	0.00	0.00	NA	0	0	NA		0
gene-LOC120049983	LOC120049983	serine/arginine repetitive matrix protein 1-like	protein_coding	0	NC_052307.1	83653735	83669425	-	0		0			0	0	1	intron	0	1537	1879	2599	19	26	0.27	0.12	NA	0	0	NA		0
gene-LOC120052006	LOC120052006	prostaglandin reductase 1-like	protein_coding	4	NC_052314.1	66050684	66065730	-	0		0			0	0	1	intron	0	1511	2383	170	32	31	0.10	0.10	NA	0	0	NA		0
gene-LOC120021171	LOC120021171	FRAS1-related extracellular matrix protein 2-like	protein_coding	0	NC_052332.1	41329678	41458280	+	0		0			0	0	8	intron	0	1499	8604	38627	198	225	0.00	0.00	NA	0	0	NA		0
gene-LOC120051426	LOC120051426	protein downstream neighbor of son homolog	protein_coding	2	NC_052313.1	52951521	52955884	+	0		0			0	0	1	downstream<=5kb	0	1481	0	0	0	1	0.00	0.04	NA	0	0	NA		0
gene-LOC120037245	LOC120037245	claudin-9-like	protein_coding	5	NW_024058397.1	313157	313810	+	0		0			0	0	2	promoter	0	1467	0	0	0	0	0.03	0.07	NA	0	0	NA		0
gene-LOC120035266	LOC120035266	zinc finger protein 239-like	protein_coding	3	NW_024057675.1	650768	657400	+	0		0			0	0	6	upstream<=5kb	0	1461	119	531	0	23	0.02	0.02	NA	0	0	NA		0
gene-LOC120035243	LOC120035243	zinc finger protein 135-like	protein_coding	4	NW_024057675.1	638129	643564	+	0		0			0	0	2	promoter	0	1461	0	198	1	83	0.01	0.01	NA	0	0	NA		0
gene-tdrd12	tdrd12	tudor domain containing 12	protein_coding	5	NC_052327.1	35463630	35493973	+	0		0			0	0	1	intron	0	1459	0	1459	0	0	0.00	0.00	NA	0	0	NA		0
gene-LOC120032755	LOC120032755	zinc finger protein 2-like	protein_coding	5	NC_052345.1	20952144	20957557	+	0		0			0	0	1	upstream<=5kb	0	1454	168	0	0	0	0.00	0.00	NA	0	0	NA		0
gene-pparg	pparg	peroxisome proliferator-activated receptor gamma	protein_coding	10	NW_024058308.1	134656	271763	-	0		0			0	0	2	intron	0	1447	16172	25366	194	214	0.26	0.26	NA	0	0	NA		0
gene-LOC120053072	LOC120053072	C-type lectin domain family 6 member A-like	protein_coding	0	NC_052314.1	65380171	65386337	+	0		0			0	0	1	upstream<=5kb	0	1446	0	1300	1	2	0.04	0.00	NA	0	0	NA		0
gene-LOC120059318	LOC120059318	FYVE, RhoGEF and PH domain-containing protein 5-like	protein_coding	3	NC_052308.1	14302829	14383192	-	0		0			0	0	2	intron	0	1441	1933	12883	25	54	0.08	0.06	NA	0	0	NA		0
gene-mtus1a	mtus1a	microtubule associated tumor suppressor 1a	protein_coding	3	NC_052323.1	22978279	23021962	-	0		0			0	0	1	intron	0	1431	475	2172	0	7	0.02	0.03	NA	0	0	NA		0
gene-LOC120027803	LOC120027803	cullin-2-like	protein_coding	5	NC_052339.1	13426416	13447331	-	0		0			0	0	1	intron	0	1421	0	1421	0	0	0.71	0.53	NA	0	0	NA		0
gene-LOC120030958	LOC120030958	extensin-2-like	protein_coding	0	NC_052343.1	28688914	28691250	+	0		0			0	0	1	downstream<=5kb	0	1368	252	0	0	0	0.00	0.00	NA	0	0	NA		0
gene-enpp2	enpp2	ectonucleotide pyrophosphatase/phosphodiesterase 2	protein_coding	11	NC_052311.1	74221174	74269926	+	0		0			0	0	1	intron	0	1362	1657	5045	66	114	0.08	0.05	NA	0	0	NA		0
gene-LOC120038650	LOC120038650	prickle-like protein 1	protein_coding	1	NW_024059108.1	55398	130237	-	0		0			0	0	14	intron	0	1348	11614	29598	50	167	0.32	0.39	NA	0	0	NA		0
gene-LOC120040414	LOC120040414	protein NEL-like	protein_coding	2	NW_024060452.1	564280	638516	+	0		0			0	0	10	promoter	0	1314	7576	13412	50	78	0.00	0.00	NA	0	0	NA		0
gene-LOC120050827	LOC120050827	uncharacterized LOC120050827	protein_coding	0	NC_052313.1	52613888	52705549	+	0		0			0	0	3	intron	0	1302	7583	8980	21	65	0.09	0.06	NA	0	0	NA		0
gene-LOC120024469	LOC120024469	protein-tyrosine kinase 2-beta-like	protein_coding	6	NC_052335.1	37438067	37511056	-	0		0			0	0	1	intron	0	1297	11539	5556	55	55	0.01	0.01	NA	0	0	NA		0
gene-LOC120025517	LOC120025517	transmembrane protein 132C-like	protein_coding	0	NC_052337.1	23799801	23848261	+	0		0			0	0	1	intron	0	1296	4696	4326	15	14	0.00	0.00	NA	0	0	NA		0
gene-LOC120025455	LOC120025455	splicing factor, suppressor of white-apricot homolog	protein_coding	3	NC_052337.1	20399081	20538068	+	0		0			0	0	1	intron	0	1288	477	6208	2	4	0.49	0.51	NA	0	0	NA		0
gene-prf1.5	prf1.5	perforin 1.5	protein_coding	3	NC_052307.1	7853880	7866393	+	0		0			0	0	1	intron	0	1274	5633	3952	0	0	0.01	0.00	NA	0	0	NA		0
gene-LOC120050855	LOC120050855	interleukin-1 receptor accessory protein-like 1	protein_coding	2	NC_052313.1	55933891	56772340	-	0		0			1	0	1	intron	0	1270	44879	28095	665	780	0.00	0.00	NA	0	0	NA		0
gene-braf	braf	B-Raf proto-oncogene, serine/threonine kinase	protein_coding	7	NC_052312.1	52610244	52660933	+	0		0			0	0	4	intron	0	1246	4928	9422	60	106	0.04	0.04	NA	0	0	NA		0
gene-LOC120053064	LOC120053064	CD209 antigen-like protein E	protein_coding	1	NC_052314.1	64632635	64790286	-	0		0			0	0	2	intron	0	1246	18532	9785	64	75	0.00	0.01	NA	0	0	NA		0
gene-pcf11	pcf11	PCF11 cleavage and polyadenylation factor subunit	protein_coding	6	NC_052318.1	53248057	53276129	+	0		0			0	0	1	upstream<=5kb	0	1239	0	0	0	1	0.82	0.87	NA	0	0	NA		0
gene-fndc3a	fndc3a	fibronectin type III domain containing 3A	protein_coding	1	NC_052329.1	5351110	5536113	+	0		0			0	0	2	intron	0	1228	8160	31010	105	246	0.46	0.57	NA	0	0	NA		0
gene-LOC120038711	LOC120038711	adhesion G protein-coupled receptor L3-like	protein_coding	5	NW_024059186.1	40162	177595	-	0		0			0	0	3	intron	0	1218	11593	21393	131	322	0.00	0.00	NA	0	0	NA		0
gene-LOC120027854	LOC120027854	patched domain-containing protein 3-like	protein_coding	1	NC_052339.1	33339356	33343939	+	0		0			0	0	1	upstream<=5kb	0	1208	0	0	0	0	0.06	0.09	NA	0	0	NA		0
gene-LOC120019322	LOC120019322	sodium/potassium/calcium exchanger 4-like	protein_coding	5	NC_052330.1	27017638	27064684	-	0		0			0	0	1	intron	0	1188	1266	2593	13	15	0.00	0.00	NA	0	0	NA		0
gene-has2	has2	hyaluronan synthase 2	protein_coding	4	NC_052311.1	73542194	73560796	+	0		0			0	0	2	intron	0	1152	5312	6167	7	18	0.00	0.01	NA	0	0	NA		0
gene-LOC120044085	LOC120044085	dynein assembly factor 5, axonemal-like	protein_coding	5	NC_052309.1	84246374	84367061	-	0		0			0	0	1	intron	0	1152	4158	14627	42	78	0.31	0.41	NA	0	0	NA		0
gene-LOC120035933	LOC120035933	claudin-11-like	protein_coding	5	NW_024057850.1	7311	10703	+	0		0			0	0	1	upstream<=5kb	0	1142	0	0	0	0	0.00	0.00	NA	0	0	NA		0
gene-LOC120062048	LOC120062048	glutamate receptor 1-like	protein_coding	10	NC_052323.1	20685647	20879324	-	0		0			0	0	4	intron	0	1140	4862	11825	32	79	0.00	0.00	NA	0	0	NA		0
gene-prc1b	prc1b	protein regulator of cytokinesis 1b	protein_coding	6	NC_052307.1	74085065	74097538	+	0		0			0	0	1	intron	0	1139	0	1139	0	0	0.00	0.00	NA	0	0	NA		0
gene-adgrl1a	adgrl1a	adhesion G protein-coupled receptor L1a	protein_coding	9	NC_052309.1	81857548	81957839	-	0		0			0	0	2	intron	0	1137	1423	4040	25	32	0.00	0.00	NA	0	0	NA		0
gene-LOC120041180	LOC120041180	trichohyalin-like	protein_coding	1	NW_024061099.1	83005	185814	+	0		0			0	0	2	intron	0	1130	22535	18820	175	172	0.22	0.16	NA	0	0	NA		0
gene-LOC120036164	LOC120036164	gamma-aminobutyric acid type B receptor subunit 2-like	protein_coding	5	NW_024057925.1	17234	24838	+	0		0			0	0	1	upstream<=5kb	0	1121	158	231	1	0	0.21	0.14	NA	0	0	NA		0
gene-LOC120048907	LOC120048907	probable E3 ubiquitin-protein ligase MID2	protein_coding	1	NC_052311.1	4232593	5431001	+	0		0			0	0	8	intron	0	1108	59380	66795	614	824	0.54	0.53	NA	0	0	NA		0
gene-LOC120047004	LOC120047004	dystrophin-related protein 2-like	protein_coding	4	NC_052311.1	28277321	28416291	-	0		0			0	0	3	intron	0	1097	2454	5206	7	24	0.00	0.00	NA	0	0	NA		0
gene-LOC120017348	LOC120017348	A disintegrin and metalloproteinase with thrombospondin motifs 14-like	protein_coding	4	NC_052328.1	2265496	2372099	+	0		0			0	0	1	intron	0	1091	9514	8864	86	64	0.00	0.00	NA	0	0	NA		0
gene-LOC120017820	LOC120017820	lysyl oxidase homolog 4-like	protein_coding	5	NC_052328.1	28356114	28412680	-	0		0			0	0	1	intron	0	1082	3158	7012	14	35	0.00	0.00	NA	0	0	NA		0
gene-agap1	agap1	ArfGAP with GTPase domain, ankyrin repeat and PH domain 1	protein_coding	5	NC_052313.1	51359904	51490411	-	0		0			0	0	1	intron	0	1081	21831	25853	90	132	0.06	0.06	NA	0	0	NA		0
gene-LOC120029844	LOC120029844	cofilin-2-like	protein_coding	7	NC_052341.1	95119	123971	-	0		0			0	0	1	intron	0	1079	4383	7813	48	70	0.13	0.16	NA	0	0	NA		0
gene-LOC120023099	LOC120023099	forkhead box protein N3-like	protein_coding	4	NC_052334.1	5279555	5440040	+	0		0			0	0	4	intron	0	1076	3151	14199	127	297	0.09	0.12	NA	0	0	NA		0
gene-LOC120040472	LOC120040472	leucine-rich repeat-containing G-protein coupled receptor 5	protein_coding	5	NW_024060519.1	68521	181055	-	0		0			0	0	1	intron	0	1068	8013	9910	200	204	0.00	0.00	NA	0	0	NA		0
gene-si:dkey-71h2.2	si:dkey-71h2.2	low density lipoprotein receptor adapter protein 1	protein_coding	0	NC_052330.1	36897783	37034459	+	0		0			0	0	1	intron	0	1051	14362	9530	79	159	0.00	0.00	NA	0	0	NA		0
gene-LOC120043067	LOC120043067	collagen alpha-1(IX) chain-like	protein_coding	0	NW_024061589.1	31487	72697	-	0		0			0	0	1	intron	0	1032	5082	2147	9	18	0.00	0.00	NA	0	0	NA		0
gene-LOC120039504	LOC120039504	cellular retinoic acid-binding protein 2-like	protein_coding	4	NW_024059630.1	19152	36457	-	0		0			0	0	1	intron	0	1023	4171	5135	0	10	0.00	0.00	NA	0	0	NA		0
gene-LOC120019351	LOC120019351	potassium channel subfamily K member 13-like	protein_coding	4	NC_052330.1	31731960	31740659	-	0		0			0	0	1	promoter	0	1019	705	0	0	0	0.00	0.00	NA	0	0	NA		0
gene-LOC120055401	LOC120055401	unconventional myosin-IXb-like	protein_coding	6	NC_052317.1	38173942	38257974	+	0		0			0	0	2	intron	0	1018	1657	11286	15	115	0.01	0.00	NA	0	0	NA		0
gene-LOC120063783	LOC120063783	calcium/calmodulin-dependent 3',5'-cyclic nucleotide phosphodiesterase 1A-like	protein_coding	2	NC_052325.1	27633662	27686255	-	0		0			0	0	1	intron	0	1012	1495	1528	1	3	0.01	0.01	NA	0	0	NA		0
gene-LOC120018906	LOC120018906	teneurin-4-like	protein_coding	6	NC_052329.1	1441359	1576860	+	0		0			0	0	1	intron	0	1012	19285	23236	83	109	0.00	0.00	NA	0	0	NA		0
gene-LOC120039678	LOC120039678	dynein regulatory complex protein 9-like	protein_coding	4	NW_024059797.1	226874	243119	+	0		0			0	0	1	intron	0	1006	0	1006	0	0	0.00	0.00	NA	0	0	NA		0
gene-vps50	vps50	VPS50 EARP/GARPII complex subunit	protein_coding	4	NC_052338.1	25118660	25340181	+	0		0			0	0	1	intron	0	993	5937	10003	29	108	0.69	0.71	NA	0	0	NA		0
gene-LOC120023001	LOC120023001	neurexin-3a-like	protein_coding	0	NC_052334.1	5683990	6418427	-	0		0			0	0	2	intron	0	980	35687	39433	307	508	0.00	0.00	NA	0	0	NA		0
gene-ccdc33	ccdc33	coiled-coil domain containing 33	protein_coding	1	NW_024059075.1	98778	135875	-	0		0			0	0	1	intron	0	979	9138	10684	51	115	0.17	0.23	NA	0	0	NA		0
gene-LOC120021135	LOC120021135	replication protein A 70 kDa DNA-binding subunit-like	protein_coding	10	NC_052332.1	37640975	37724952	-	0		0			0	0	1	upstream<=5kb	0	974	5179	3973	15	38	0.00	0.00	NA	0	0	NA		0
gene-birc6	birc6	baculoviral IAP repeat containing 6	protein_coding	6	NC_052328.1	16772300	16923173	+	0		0			0	0	1	intron	0	970	0	1128	6	2	0.45	0.40	NA	0	0	NA		0
gene-LOC120041627	LOC120041627	GTPase IMAP family member 4-like	protein_coding	1	NW_024061187.1	84330	93017	+	0		0			0	0	1	promoter	0	965	56	341	3	3	0.19	0.17	NA	0	0	NA		0
gene-LOC120035382	LOC120035382	uncharacterized LOC120035382	protein_coding	7	NW_024057729.1	67469	70694	+	0		0			0	0	1	promoter	0	957	0	615	0	2	0.00	0.02	NA	0	0	NA		0
gene-LOC120041190	LOC120041190	axin-2-like	protein_coding	1	NC_052309.1	82975325	83003574	+	0		0			0	0	1	intron	0	952	1412	2049	6	25	0.09	0.19	NA	0	0	NA		0
gene-LOC120050940	LOC120050940	traf2 and NCK-interacting protein kinase-like	protein_coding	3	NC_052313.1	10347092	10419927	+	0		0			0	0	1	intron	0	938	3015	2047	4	23	0.02	0.02	NA	0	0	NA		0
gene-march4l	march4l	membrane-associated ring finger (C3HC4) 4, like	protein_coding	3	NC_052346.1	19825630	19827496	-	0		0			0	0	1	promoter	0	933	0	0	0	0	0.00	0.00	NA	0	0	NA		0
gene-LOC120045655	LOC120045655	sodium/calcium exchanger 1-like	protein_coding	7	NC_052310.1	53358662	53534507	-	0		0			0	0	3	intron	0	927	1043	6715	6	26	0.00	0.00	NA	0	0	NA		0
gene-LOC120038654	LOC120038654	YY1-associated factor 2-like	protein_coding	4	NW_024059108.1	3286	18691	-	0		0			0	0	1	promoter	0	926	110	698	5	14	0.24	0.16	NA	0	0	NA		0
gene-LOC120043062	LOC120043062	probable ATP-dependent RNA helicase ddx6	protein_coding	7	NW_024061587.1	17304	30802	+	0		0			0	0	1	intron	0	922	551	876	2	15	0.55	0.39	NA	0	0	NA		0
gene-mdm1	mdm1	Mdm1 nuclear protein	protein_coding	2	NC_052312.1	51448589	51484539	-	0		0			0	0	2	upstream<=5kb	0	918	4778	2564	48	59	0.01	0.01	NA	0	0	NA		0
gene-caska	caska	calcium/calmodulin-dependent serine protein kinase a	protein_coding	8	NC_052325.1	31554557	31770939	-	0		0			0	0	2	intron	0	912	1529	365	4	17	0.11	0.10	NA	0	0	NA		0
gene-LOC120064270	LOC120064270	nck-associated protein 1	protein_coding	6	NC_052325.1	27783971	27854832	+	0		0			0	0	1	intron	0	900	2174	1243	14	2	0.43	0.27	NA	0	0	NA		0
gene-LOC120023949	LOC120023949	octapeptide-repeat protein T2-like	protein_coding	0	NC_052335.1	10596369	10651226	-	0		0			0	0	1	intron	0	898	56	1075	1	1	0.00	0.00	NA	0	0	NA		0
gene-LOC120063949	LOC120063949	solute carrier family 15 member 2-like	protein_coding	5	NC_052325.1	24765837	24778091	+	0		0			0	0	1	promoter	0	897	2303	1637	20	14	0.05	0.10	NA	0	0	NA		0
gene-LOC120042766	LOC120042766	tumor necrosis factor receptor superfamily member 16-like	protein_coding	6	NW_024061499.1	13591	67968	+	0		0			0	0	1	intron	0	884	6389	3399	10	0	0.04	0.06	NA	0	0	NA		0
gene-LOC120022966	LOC120022966	protein numb homolog	protein_coding	1	NC_052334.1	544734	578571	+	0		0			0	0	1	intron	0	881	2745	3713	47	51	0.16	0.11	NA	0	0	NA		0
gene-LOC120026404	LOC120026404	BMP/retinoic acid-inducible neural-specific protein 1-like	protein_coding	2	NC_052337.1	27802292	27919005	-	0		0			0	0	1	intron	0	878	54	5055	4	2	0.00	0.00	NA	0	0	NA		0
gene-LOC120031924	LOC120031924	lysine-specific demethylase RSBN1L-like	protein_coding	1	NC_052344.1	21380663	21492143	+	0		0			0	0	3	intron	0	873	12210	23084	65	120	0.32	0.35	NA	0	0	NA		0
gene-LOC120049075	LOC120049075	uncharacterized LOC120049075	protein_coding	1	NC_052312.1	32875215	32885693	-	0		0			0	0	1	downstream<=5kb	0	873	103	92	0	1	0.00	0.00	NA	0	0	NA		0
gene-LOC120023926	LOC120023926	A-kinase anchor protein 12-like	protein_coding	6	NC_052335.1	3104262	3168514	+	0		0			0	0	1	intron	0	872	0	872	0	2	0.00	0.00	NA	0	0	NA		0
gene-LOC120028121	LOC120028121	abl interactor 1-like	protein_coding	3	NC_052339.1	33611193	33744260	+	0		0			0	0	7	intron	0	870	14050	17947	177	196	0.36	0.41	NA	0	0	NA		0
gene-LOC120023733	LOC120023733	uncharacterized LOC120023733	protein_coding	3	NC_052308.1	78825860	78833195	-	0		0			0	0	1	upstream<=5kb	0	866	937	228	0	30	0.12	0.05	NA	0	0	NA		0
gene-LOC120018439	LOC120018439	oocyte zinc finger protein XlCOF6-like	protein_coding	4	NC_052308.1	78840215	78851289	-	0		0			0	0	1	downstream<=5kb	0	866	58	0	0	0	0.11	0.10	NA	0	0	NA		0
gene-LOC120023423	LOC120023423	zinc finger protein 239-like	protein_coding	3	NC_052308.1	73193906	73280031	-	0		0			0	0	2	intron	0	866	9332	10152	15	35	0.00	0.00	NA	0	0	NA		0
gene-LOC120047334	LOC120047334	integrin alpha-10-like	protein_coding	7	NC_052311.1	71141265	71220001	+	0		0			0	0	1	intron	0	865	4897	10258	2	8	0.00	0.00	NA	0	0	NA		0
gene-LOC120056165	LOC120056165	E3 ubiquitin-protein ligase DTX1-like	protein_coding	5	NC_052317.1	39532301	39563147	-	0		0			0	0	1	intron	0	851	1586	2899	18	39	0.09	0.12	NA	0	0	NA		0
gene-LOC120024769	LOC120024769	pro-interleukin-16-like	protein_coding	4	NC_052336.1	3002398	3078326	+	0		0			0	0	1	intron	0	851	3862	10686	5	27	0.11	0.16	NA	0	0	NA		0
gene-LOC120024927	LOC120024927	stAR-related lipid transfer protein 5-like	protein_coding	1	NC_052336.1	3078736	3091015	-	0		0			0	0	1	downstream<=5kb	0	851	342	0	3	5	0.30	0.39	NA	0	0	NA		0
gene-LOC120035701	LOC120035701	E3 ubiquitin/ISG15 ligase TRIM25-like	protein_coding	1	NW_024057786.1	210765	223762	+	0		0			0	0	2	promoter	0	849	1475	2999	71	243	0.04	0.04	NA	0	0	NA		0
gene-LOC120018241	LOC120018241	serine/threonine-protein kinase PAK 1-like	protein_coding	8	NC_052329.1	26280025	26314976	+	0		0			0	0	1	intron	0	846	2685	1089	3	11	0.25	0.23	NA	0	0	NA		0
gene-LOC120051705	LOC120051705	zinc-binding protein A33-like	protein_coding	1	NC_052314.1	2199340	2201997	-	0		0			0	0	1	upstream<=5kb	0	838	58	148	4	7	0.00	0.00	NA	0	0	NA		0
gene-LOC120042460	LOC120042460	dual specificity mitogen-activated protein kinase kinase 1-like	protein_coding	3	NW_024061412.1	84040	129189	-	0		0			0	0	1	downstream<=5kb	0	830	11306	14138	54	39	0.06	0.06	NA	0	0	NA		0
gene-LOC120027917	LOC120027917	transient receptor potential cation channel subfamily A member 1-like	protein_coding	5	NC_052339.1	32729985	32895525	+	0		0			0	0	4	intron	0	812	16284	15670	47	60	0.00	0.00	NA	0	0	NA		0
gene-LOC120040418	LOC120040418	zinc finger protein 629-like	protein_coding	5	NW_024060452.1	488107	492525	-	0		0			0	0	2	upstream<=5kb	0	801	0	425	0	1	0.13	0.09	NA	0	0	NA		0
gene-prl2	prl2	prolactin 2	protein_coding	5	NW_024060452.1	498024	515643	-	0		0			0	0	4	promoter	0	801	1289	4585	6	31	0.00	0.00	NA	0	0	NA		0
gene-LOC120019174	LOC120019174	cholesterol 24-hydroxylase-like	protein_coding	4	NC_052330.1	30838272	30852331	+	0		0			0	0	1	intron	0	799	108	998	1	1	0.53	0.30	NA	0	0	NA		0
gene-LOC120022033	LOC120022033	potassium voltage-gated channel subfamily KQT member 4-like	protein_coding	4	NC_052333.1	11796360	11937502	+	0		0			0	0	1	intron	0	792	6222	3312	124	253	0.00	0.00	NA	0	0	NA		0
gene-LOC120065977	LOC120065977	pleckstrin homology domain-containing family A member 5-like	protein_coding	6	NC_052327.1	54124400	54358330	-	0		0			0	0	2	intron	0	785	8652	20828	102	172	0.24	0.14	NA	0	0	NA		0
gene-LOC120061636	LOC120061636	zinc finger and BTB domain-containing protein 46-like	protein_coding	4	NC_052322.1	32674435	32694795	-	0		0			0	0	1	downstream<=5kb	0	781	577	0	14	6	0.00	0.00	NA	0	0	NA		0
gene-LOC120053621	LOC120053621	probable phospholipid-transporting ATPase VA	protein_coding	6	NC_052315.1	3785907	3845564	-	0		0			0	0	2	intron	0	776	3919	14102	17	60	0.08	0.07	NA	0	0	NA		0
gene-LOC120037010	LOC120037010	haloacid dehalogenase-like hydrolase domain-containing 5	protein_coding	2	NW_024058279.1	7791	30723	+	0		0			0	0	2	upstream<=5kb	0	774	343	604	46	49	0.00	0.00	NA	0	0	NA		0
gene-LOC120046022	LOC120046022	dedicator of cytokinesis protein 1-like	protein_coding	8	NC_052310.1	81897793	81997617	+	0		0			0	0	2	promoter	0	771	11302	16411	183	377	0.00	0.01	NA	0	0	NA		0
gene-LOC120034520	LOC120034520	calcium-binding mitochondrial carrier protein SCaMC-3-like	protein_coding	3	NC_052347.1	20180844	20200307	-	0		0			0	0	1	intron	0	769	405	773	0	0	0.00	0.00	NA	0	0	NA		0
gene-vars2	vars2	valyl-tRNA synthetase 2, mitochondrial	protein_coding	5	NC_052333.1	3514705	3552761	-	0		0			0	0	2	intron	0	765	1926	6948	1	35	0.60	0.67	NA	0	0	NA		0
gene-wipi1	wipi1	WD repeat domain, phosphoinositide interacting 1	protein_coding	10	NC_052309.1	91976556	92024110	-	0		0			0	0	1	intron	0	763	4840	3116	38	103	0.66	0.57	NA	0	0	NA		0
gene-LOC120045788	LOC120045788	prostaglandin E2 receptor EP1 subtype-like	protein_coding	6	NC_052310.1	22885761	22895981	-	0		0			0	0	1	promoter	0	762	0	0	0	0	0.00	0.00	NA	0	0	NA		0
gene-LOC120019413	LOC120019413	octapeptide-repeat protein T2-like	protein_coding	0	NC_052330.1	36522917	36523522	-	0		0			0	0	2	promoter	0	761	0	575	0	0	0.00	0.00	NA	0	0	NA		0
gene-LOC120058491	LOC120058491	DNA repair protein REV1-like	protein_coding	6	NC_052319.1	36830341	36847406	+	0		0			0	0	2	promoter	0	760	122	1528	0	3	0.01	0.02	NA	0	0	NA		0
gene-LOC120056600	LOC120056600	Wilms tumor protein 1-interacting protein homolog	protein_coding	10	NC_052307.1	70032576	70060262	+	0		0			0	0	1	downstream<=5kb	0	758	0	0	0	1	0.00	0.00	NA	0	0	NA		0
gene-LOC120053413	LOC120053413	yjeF N-terminal domain-containing protein 3-like	protein_coding	2	NC_052315.1	19158709	19267261	+	0		0			0	0	3	intron	0	747	6529	9298	29	37	0.07	0.09	NA	0	0	NA		0
gene-LOC120049060	LOC120049060	cadherin EGF LAG seven-pass G-type receptor 1-like	protein_coding	6	NC_052312.1	29707328	29833630	-	0		0			0	0	2	intron	0	747	375	1290	1	5	0.03	0.01	NA	0	0	NA		0
gene-crtc3	crtc3	CREB regulated transcription coactivator 3	protein_coding	6	NC_052307.1	73797980	73867923	+	0		0			0	0	1	intron	0	746	639	3596	6	44	0.27	0.14	NA	0	0	NA		0
gene-LOC120039782	LOC120039782	zinc finger protein 850-like	protein_coding	2	NW_024059896.1	323331	571867	+	0		0			1	0	5	intron	0	746	13386	20601	36	142	0.03	0.04	NA	0	0	NA		0
gene-LOC120028263	LOC120028263	RNA-binding protein Musashi homolog 2-like	protein_coding	3	NC_052340.1	28361384	28684805	+	0		0			0	0	5	intron	0	745	5062	6014	37	105	0.31	0.28	NA	0	0	NA		0
gene-LOC120024364	LOC120024364	feline leukemia virus subgroup C receptor-related protein 2-like	protein_coding	5	NC_052335.1	36385262	36445773	+	0		0			0	0	2	intron	0	741	6212	9786	25	41	0.35	0.27	NA	0	0	NA		0
gene-LOC120021988	LOC120021988	angiopoietin-2-like	protein_coding	4	NC_052333.1	732700	812596	+	0		0			0	0	1	intron	0	740	16617	27142	58	76	0.03	0.00	NA	0	0	NA		0
gene-LOC120024764	LOC120024764	ADAMTS-like protein 1	protein_coding	3	NC_052336.1	2672476	2760497	-	0		0			0	0	2	intron	0	736	6691	11761	19	55	0.59	0.32	NA	0	0	NA		0
gene-boka	boka	BCL2 family apoptosis regulator BOK a	protein_coding	6	NC_052316.1	46399943	46415694	+	0		0			0	0	1	intron	0	735	577	1194	6	8	0.05	0.08	NA	0	0	NA		0
gene-LOC120044821	LOC120044821	netrin receptor UNC5C-like	protein_coding	4	NC_052309.1	15703955	15886766	+	0		0			0	0	1	intron	0	730	741	757	7	42	0.00	0.00	NA	0	0	NA		0
gene-LOC120033482	LOC120033482	zinc finger protein 135-like	protein_coding	3	NC_052346.1	21700493	21844480	+	0		0			3	0	1	intron	0	723	5561	2244	22	44	0.16	0.14	NA	0	0	NA		0
gene-washc5	washc5	WASH complex subunit 5	protein_coding	6	NW_024060896.1	218430	267871	-	0		0			0	0	2	intron	0	723	7667	9835	95	183	0.92	0.97	NA	0	0	NA		0
gene-LOC120045990	LOC120045990	dynein intermediate chain 3, ciliary-like	protein_coding	5	NC_052310.1	72514973	72524584	+	0		0			0	0	3	promoter	0	720	0	80	0	0	0.00	0.00	NA	0	0	NA		0
gene-ttyh2	ttyh2	tweety family member 2	protein_coding	3	NC_052310.1	72402211	72508670	+	0		0			0	0	6	intron	0	720	0	1348	11	15	0.00	0.00	NA	0	0	NA		0
gene-LOC120039400	LOC120039400	glutamate receptor ionotropic, NMDA 2D-like	protein_coding	9	NW_024059564.1	197890	254327	+	0		0			0	0	1	intron	0	720	6386	7784	94	352	0.00	0.00	NA	0	0	NA		0
gene-LOC120029397	LOC120029397	slit homolog 1 protein-like	protein_coding	2	NC_052341.1	10230649	10393332	+	0		0			0	0	5	promoter	0	719	4602	14580	45	131	0.00	0.00	NA	0	0	NA		0
gene-kcnd3	kcnd3	potassium voltage-gated channel, Shal-related subfamily, member 3	protein_coding	7	NC_052322.1	37204837	37479006	+	0		0			0	0	2	intron	0	709	8529	9505	59	112	0.05	0.04	NA	0	0	NA		0
gene-LOC120044721	LOC120044721	cerebellar degeneration-related protein 2-like	protein_coding	0	NC_052309.1	93994316	94006194	+	0		0			0	0	2	upstream<=5kb	0	704	103	0	0	1	0.10	0.08	NA	0	0	NA		0
gene-LOC120043479	LOC120043479	immunoglobulin superfamily member 6-like	protein_coding	0	NC_052309.1	93984327	93988024	+	0		0			0	0	2	downstream<=5kb	0	704	0	0	0	0	0.46	0.71	NA	0	0	NA		0
gene-LOC120064503	LOC120064503	disco-interacting protein 2 homolog A-like	protein_coding	1	NC_052325.1	225669	424026	+	0		0			0	0	1	intron	0	703	17603	19565	153	164	0.00	0.00	NA	0	0	NA		0
gene-LOC120023631	LOC120023631	M1-specific T cell receptor beta chain-like	protein_coding	0	NC_052334.1	2453019	2537984	-	0		0			0	0	1	intron	0	701	14210	26223	38	74	0.13	0.23	NA	0	0	NA		0
gene-LOC120020742	LOC120020742	nestin-like	protein_coding	2	NC_052331.1	41866787	41933225	+	0		0			0	0	2	intron	0	698	9332	10867	14	35	0.04	0.05	NA	0	0	NA		0
gene-LOC120024239	LOC120024239	dynein heavy chain-like	protein_coding	0	NC_052335.1	29114710	29116771	-	0		0			0	0	1	downstream<=5kb	0	696	0	72	0	0	0.00	0.00	NA	0	0	NA		0
gene-LOC120042575	LOC120042575	NLR family CARD domain-containing protein 3-like	protein_coding	0	NW_024061438.1	59733	67819	+	0		0			0	0	2	promoter	0	692	2009	1942	15	29	0.08	0.07	NA	0	0	NA		0
gene-LOC120026128	LOC120026128	netrin receptor DCC-like	protein_coding	2	NC_052337.1	19089	196432	-	0		0			0	0	2	intron	0	689	8115	13635	122	368	0.00	0.00	NA	0	0	NA		0
gene-LOC120061204	LOC120061204	calcitonin gene-related peptide type 1 receptor-like	protein_coding	7	NC_052322.1	23378264	23395647	+	0		0			0	0	1	downstream<=5kb	0	685	0	0	1	0	0.17	0.14	NA	0	0	NA		0
gene-LOC120062401	LOC120062401	UDP-N-acetylglucosamine--peptide N-acetylglucosaminyltransferase 110 kDa subunit	protein_coding	3	NC_052323.1	19512521	19552848	+	0		0			0	0	1	intron	0	682	2949	3910	7	18	0.99	0.85	NA	0	0	NA		0
gene-LOC120040419	LOC120040419	NLR family CARD domain-containing protein 3-like	protein_coding	0	NW_024060453.1	160295	174540	+	0		0			0	0	2	downstream<=5kb	0	676	2489	2190	149	79	0.10	0.05	NA	0	0	NA		0
gene-LOC120032071	LOC120032071	zinc finger protein 800-like	protein_coding	0	NC_052344.1	6144979	6169019	+	0		0			0	0	1	downstream<=5kb	0	675	612	1168	12	3	0.24	0.20	NA	0	0	NA		0
gene-LOC120017775	LOC120017775	ABC transporter G family member 23-like	protein_coding	6	NC_052328.1	35177723	35221927	+	0		0			0	0	1	intron	0	675	2219	4589	49	130	0.00	0.00	NA	0	0	NA		0
gene-LOC120025200	LOC120025200	RNA-binding protein MEX3B-like	protein_coding	1	NC_052336.1	2254798	2259136	-	0		0			0	0	1	downstream<=5kb	0	674	0	0	0	0	0.00	0.01	NA	0	0	NA		0
gene-LOC120040146	LOC120040146	solute carrier family 15 member 1-like	protein_coding	4	NW_024060227.1	704	10629	-	0		0			0	0	1	upstream<=5kb	0	673	1082	858	9	6	0.00	0.00	NA	0	0	NA		0
gene-LOC120041078	LOC120041078	F-actin-uncapping protein LRRC16A-like	protein_coding	4	NW_024061035.1	4652	17054	-	0		0			0	0	1	downstream<=5kb	0	672	926	1265	22	22	0.00	0.00	NA	0	0	NA		0
gene-wnk1b	wnk1b	WNK lysine deficient protein kinase 1b	protein_coding	12	NC_052344.1	21763950	21951862	-	0		0			0	0	2	intron	0	672	5646	11669	65	181	0.25	0.23	NA	0	0	NA		0
gene-LOC120042313	LOC120042313	solute carrier family 15 member 2-like	protein_coding	4	NW_024061366.1	9860	20014	-	0		0			0	0	1	downstream<=5kb	0	668	62	0	1	2	0.00	0.00	NA	0	0	NA		0
gene-LOC120040633	LOC120040633	protein kinase C alpha type-like	protein_coding	3	NW_024060674.1	601368	627051	-	0		0			0	0	5	promoter	0	667	301	7409	7	333	0.00	0.00	NA	0	0	NA		0
gene-LOC120046834	LOC120046834	protein sidekick-2-like	protein_coding	1	NC_052310.1	76798993	76999296	+	0		0			0	0	1	intron	0	667	5201	5209	56	47	0.01	0.01	NA	0	0	NA		0
gene-LOC120020369	LOC120020369	voltage-dependent calcium channel subunit alpha-2/delta-2-like	protein_coding	2	NC_052308.1	10786825	11085213	+	0		0			0	0	1	intron	0	656	7302	5297	39	66	0.00	0.00	NA	0	0	NA		0
gene-LOC120050588	LOC120050588	contactin-associated protein-like 2	protein_coding	0	NC_052313.1	10018260	10154037	+	0		0			0	0	2	intron	0	655	1037	5193	37	36	0.00	0.00	NA	0	0	NA		0
gene-LOC120027297	LOC120027297	transcription factor E2F3-like	protein_coding	5	NC_052338.1	31717786	31741025	-	0		0			0	0	1	intron	0	654	766	694	2	7	0.29	0.29	NA	0	0	NA		0
gene-LOC120051685	LOC120051685	switch-associated protein 70-like	protein_coding	2	NC_052314.1	7177490	7210739	-	0		0			0	0	1	intron	0	653	2346	6740	2	0	0.01	0.01	NA	0	0	NA		0
gene-LOC120018260	LOC120018260	protein phosphatase 1L-like	protein_coding	3	NC_052329.1	28473133	28515992	+	0		0			0	0	2	intron	0	650	616	2081	4	2	0.05	0.09	NA	0	0	NA		0
gene-LOC120037254	LOC120037254	macrophage mannose receptor 1-like	protein_coding	0	NW_024058401.1	40120	45725	+	0		0			0	0	1	intron	0	649	987	1011	1	8	0.00	0.00	NA	0	0	NA		0
gene-LOC120024771	LOC120024771	protein unc-13 homolog C-like	protein_coding	18	NC_052336.1	3372417	3551125	+	0		0			0	0	1	intron	0	649	5127	8813	230	444	0.00	0.00	NA	0	0	NA		0
gene-LOC120040733	LOC120040733	speckle-type POZ protein	protein_coding	5	NC_052309.1	81462085	81562666	+	0		0			0	0	1	intron	0	644	602	4714	0	21	0.52	0.64	NA	0	0	NA		0
gene-gmds	gmds	GDP-mannose 4,6-dehydratase	protein_coding	2	NC_052316.1	30545801	30780079	-	0		0			0	0	1	intron	0	638	11329	6522	50	38	0.48	0.48	NA	0	0	NA		0
gene-LOC120041184	LOC120041184	butyrophilin subfamily 1 member A1-like	protein_coding	0	NW_024061099.1	129292	132509	-	0		0			0	0	1	promoter	0	627	802	1355	2	1	0.02	0.01	NA	0	0	NA		0
gene-LOC120025949	LOC120025949	vacuolar protein sorting-associated protein 37B-like	protein_coding	0	NC_052337.1	9081074	9082856	-	0		0			0	0	1	upstream<=5kb	0	625	0	0	0	0	0.16	0.09	NA	0	0	NA		0
gene-LOC120024923	LOC120024923	adenylate kinase isoenzyme 5-like	protein_coding	5	NC_052336.1	3897094	3982044	+	0		0			0	0	1	intron	0	624	7747	10279	31	49	0.01	0.00	NA	0	0	NA		0
gene-LOC120056831	LOC120056831	sarcoplasmic/endoplasmic reticulum calcium ATPase 1-like	protein_coding	6	NC_052318.1	4228663	4342058	+	0		0			0	0	1	intron	0	624	4329	3524	24	35	0.01	0.00	NA	0	0	NA		0
gene-LOC120039794	LOC120039794	coiled-coil domain-containing protein 34-like	protein_coding	0	NW_024059897.1	101681	103463	-	0		0			0	0	1	downstream<=5kb	0	620	0	0	0	2	0.00	0.00	NA	0	0	NA		0
gene-mthfd2l	mthfd2l	methylenetetrahydrofolate dehydrogenase (NADP+ dependent) 2 like	protein_coding	5	NC_052324.1	42637080	42653232	+	0		0			0	0	1	promoter	0	606	0	1121	0	8	0.00	0.00	NA	0	0	NA		0
gene-LOC120037495	LOC120037495	keratin-associated protein 10-4-like	protein_coding	1	NW_024058475.1	160188	310599	+	0		0			0	0	1	intron	0	605	23372	32780	65	181	0.00	0.00	NA	0	0	NA		0
gene-LOC120048085	LOC120048085	transcription initiation factor TFIID subunit 4-like	protein_coding	6	NC_052307.1	70176956	70264756	+	0		0			0	0	1	intron	0	605	191	7780	8	46	0.01	0.00	NA	0	0	NA		0
gene-LOC120056549	LOC120056549	protein naked cuticle homolog 1-like	protein_coding	3	NC_052307.1	69724186	69762383	-	0		0			0	0	4	intron	0	601	405	5349	0	90	0.00	0.00	NA	0	0	NA		0
gene-muc13b	muc13b	mucin 13b, cell surface associated	protein_coding	1	NC_052310.1	24983140	25010293	+	0		0			0	0	1	downstream<=5kb	0	601	126	0	0	0	0.02	0.01	NA	0	0	NA		0
gene-lrp2b	lrp2b	low density lipoprotein receptor-related protein 2b	protein_coding	2	NC_052310.1	25012542	25140303	+	0		0			0	0	1	intron	0	601	0	2528	1	5	0.00	0.00	NA	0	0	NA		0
gene-hmcn1	hmcn1	hemicentin 1	protein_coding	6	NC_052316.1	43196199	43410492	+	0		0			0	0	1	intron	0	600	4660	7422	48	96	0.00	0.00	NA	0	0	NA		0
gene-LOC120028155	LOC120028155	suppressor of tumorigenicity 14 protein	protein_coding	6	NC_052339.1	22544880	22568949	-	0		0			0	0	1	intron	0	596	6695	7101	38	48	0.00	0.00	NA	0	0	NA		0
gene-pigq	pigq	phosphatidylinositol glycan anchor biosynthesis, class Q	protein_coding	3	NC_052309.1	91357746	91372573	+	0		0			0	0	1	intron	0	594	655	1632	14	1	0.53	0.65	NA	0	0	NA		0
gene-LOC120043347	LOC120043347	interferon-induced protein 44-like	protein_coding	0	NC_052309.1	93942496	93945023	-	0		0			0	0	4	upstream<=5kb	0	589	0	0	0	0	0.48	0.36	NA	0	0	NA		0
gene-LOC120043337	LOC120043337	interferon-induced protein 44-like	protein_coding	0	NC_052309.1	93918259	93943461	-	0		0			0	0	2	intron	0	589	0	175	0	6	0.03	0.03	NA	0	0	NA		0
gene-LOC120061508	LOC120061508	arginine-glutamic acid dipeptide repeats protein-like	protein_coding	5	NC_052322.1	46392823	46740984	+	0		0			0	0	2	intron	0	586	21226	26845	160	279	0.17	0.11	NA	0	0	NA		0
gene-LOC120044129	LOC120044129	interferon-induced protein 44-like	protein_coding	0	NC_052309.1	92374638	92383871	+	0		0			0	0	1	promoter	0	584	67	6093	0	0	0.38	0.18	NA	0	0	NA		0
gene-LOC120052232	LOC120052232	neuronal membrane glycoprotein M6-a-like	protein_coding	5	NC_052314.1	61267412	61351021	+	0		0			0	0	1	intron	0	578	637	6068	9	21	0.00	0.00	NA	0	0	NA		0
gene-LOC120051553	LOC120051553	zinc finger protein 883-like	protein_coding	0	NC_052313.1	60354070	60367595	-	0		0			0	0	2	promoter	0	576	0	151	0	0	0.15	0.08	NA	0	0	NA		0
gene-LOC120045614	LOC120045614	melanopsin-A-like	protein_coding	4	NC_052310.1	40537514	40612928	-	0		0			0	0	2	intron	0	569	0	1625	1	6	0.00	0.00	NA	0	0	NA		0
gene-LOC120023518	LOC120023518	calmodulin-regulated spectrin-associated protein 3-like	protein_coding	7	NC_052308.1	76021714	76047090	+	0		0			0	0	2	intron	0	569	2594	5910	16	109	0.00	0.00	NA	0	0	NA		0
gene-LOC120035970	LOC120035970	oocyte zinc finger protein XlCOF6-like	protein_coding	3	NW_024057864.1	144406	157804	+	0		0			0	0	1	intron	0	564	220	742	0	5	0.01	0.01	NA	0	0	NA		0
gene-cacna2d3a	cacna2d3a	calcium channel, voltage-dependent, alpha 2/delta subunit 3a	protein_coding	2	NC_052322.1	40506788	40744950	+	0		0			0	0	1	intron	0	561	8007	9163	54	91	0.00	0.00	NA	0	0	NA		0
gene-LOC120024761	LOC120024761	vacuolar protein sorting-associated protein 13C-like	protein_coding	4	NC_052336.1	1926959	2117865	+	0		0			0	0	3	intron	0	558	27127	31564	424	647	0.00	0.00	NA	0	0	NA		0
gene-LOC120065930	LOC120065930	SLIT-ROBO Rho GTPase-activating protein 1-like	protein_coding	4	NC_052327.1	46224714	46386998	+	0		0			0	0	1	intron	0	554	946	1597	16	16	0.00	0.01	NA	0	0	NA		0
gene-dmtf1	dmtf1	cyclin D binding myb-like transcription factor 1	protein_coding	4	NW_024059486.1	172102	214496	-	0		0			0	0	2	promoter	0	553	9152	12692	71	89	0.73	0.77	NA	0	0	NA		0
gene-epn3a	epn3a	epsin 3a	protein_coding	6	NC_052309.1	90940415	91006407	+	0		0			0	0	2	intron	0	551	7654	9101	114	144	0.37	0.36	NA	0	0	NA		0
gene-LOC120041620	LOC120041620	runt-related transcription factor 2-like	protein_coding	8	NW_024061185.1	128813	155764	-	0		0			0	0	2	promoter	0	546	4622	7894	51	24	0.00	0.00	NA	0	0	NA		0
gene-LOC120035962	LOC120035962	zinc finger protein 239-like	protein_coding	3	NW_024057864.1	325961	337020	-	0		0			0	0	1	intron	0	543	782	1269	13	0	0.04	0.02	NA	0	0	NA		0
gene-LOC120019141	LOC120019141	CYFIP-related Rac1 interactor A-like	protein_coding	2	NC_052330.1	27969644	28018631	-	0		0			0	0	2	promoter	0	541	2113	3069	28	26	0.12	0.14	NA	0	0	NA		0
gene-LOC120052753	LOC120052753	carbohydrate sulfotransferase 8-like	protein_coding	4	NC_052307.1	70316168	70344310	-	0		0			0	0	3	intron	0	539	0	3145	0	2	0.00	0.00	NA	0	0	NA		0
gene-LOC120035240	LOC120035240	oocyte zinc finger protein XlCOF6-like	protein_coding	3	NW_024057675.1	521259	534682	+	0		0			0	0	1	downstream<=5kb	0	534	136	564	0	4	0.01	0.01	NA	0	0	NA		0
gene-LOC120025853	LOC120025853	electrogenic sodium bicarbonate cotransporter 4-like	protein_coding	8	NC_052337.1	13714298	13755488	+	0		0			0	0	1	upstream<=5kb	0	532	437	737	3	13	0.00	0.00	NA	0	0	NA		0
gene-LOC120022970	LOC120022970	vam6/Vps39-like protein	protein_coding	6	NC_052334.1	1316900	1342085	+	0		0			0	0	1	intron	0	531	3679	3719	13	28	0.02	0.01	NA	0	0	NA		0
gene-LOC120056015	LOC120056015	serine/threonine-protein kinase STK11-like	protein_coding	12	NC_052317.1	31530735	31570563	-	0		0			0	0	1	intron	0	529	2104	3694	3	9	0.08	0.05	NA	0	0	NA		0
gene-bnc1	bnc1	basonuclin 1	protein_coding	2	NC_052336.1	4410416	4435982	+	0		0			0	0	1	downstream<=5kb	0	528	891	0	11	14	0.00	0.00	NA	0	0	NA		0
gene-LOC120037876	LOC120037876	troponin T, fast skeletal muscle isoforms-like	protein_coding	7	NW_024058730.1	165485	200912	-	0		0			0	0	1	intron	0	528	1500	3522	4	12	0.00	0.00	NA	0	0	NA		0
gene-LOC120052237	LOC120052237	erythroblast NAD(P)(+)--arginine ADP-ribosyltransferase-like	protein_coding	2	NC_052314.1	63986488	63987608	+	0		0			0	0	1	downstream<=5kb	0	528	0	0	0	0	0.00	0.00	NA	0	0	NA		0
gene-LOC120037503	LOC120037503	probable methyltransferase TARBP1	protein_coding	3	NW_024058486.1	86006	135193	+	0		0			0	0	2	intron	0	525	1939	8383	5	20	0.14	0.12	NA	0	0	NA		0
gene-LOC120037504	LOC120037504	FERM domain-containing protein 6-like	protein_coding	3	NW_024058486.1	38569	80959	+	0		0			0	0	1	downstream<=5kb	0	525	70	5637	2	16	0.00	0.00	NA	0	0	NA		0
gene-LOC120028434	LOC120028434	phosphatidylinositol 3,4,5-trisphosphate 5-phosphatase 2A-like	protein_coding	0	NC_052340.1	22457702	22491759	+	0		0			0	0	2	intron	0	522	1917	2198	3	3	0.00	0.00	NA	0	0	NA		0
gene-LOC120065103	LOC120065103	ataxin-7-like	protein_coding	0	NC_052326.1	18745479	18775771	-	0		0			0	0	1	intron	0	521	0	521	0	3	0.29	0.29	NA	0	0	NA		0
gene-LOC120020314	LOC120020314	zinc finger protein 521-like	protein_coding	4	NC_052331.1	17420194	17584162	+	0		0			0	0	1	intron	0	520	2111	2993	1	1	0.53	0.62	NA	0	0	NA		0
gene-LOC120037247	LOC120037247	GTPase IMAP family member 7-like	protein_coding	1	NW_024058397.1	144200	146216	+	0		0			0	0	1	promoter	0	520	124	423	2	4	0.13	0.13	NA	0	0	NA		0
gene-LOC120053907	LOC120053907	breast cancer anti-estrogen resistance protein 1-like	protein_coding	6	NC_052315.1	26708895	26825035	-	0		0			0	0	2	intron	0	520	63	1384	0	9	0.56	0.55	NA	0	0	NA		0
gene-LOC120047802	LOC120047802	intestinal mucin-like protein	protein_coding	3	NC_052307.1	67740459	67746491	-	0		0			0	0	1	upstream<=5kb	0	517	0	0	0	0	0.00	0.00	NA	0	0	NA		0
gene-LOC120022101	LOC120022101	zinc finger protein 40-like	protein_coding	4	NC_052333.1	4492787	4523551	-	0		0			0	0	1	upstream<=5kb	0	516	101	175	1	1	0.03	0.02	NA	0	0	NA		0
gene-LOC120056022	LOC120056022	transcription factor E2-alpha-like	protein_coding	5	NC_052317.1	32082892	32130808	+	0		0			0	0	1	intron	0	515	2266	1367	23	62	0.27	0.32	NA	0	0	NA		0
gene-acin1b	acin1b	apoptotic chromatin condensation inducer 1b	protein_coding	1	NC_052342.1	16567936	16598026	+	0		0			0	0	1	intron	0	513	54	4230	2	10	0.87	0.86	NA	0	0	NA		0
gene-ift80	ift80	intraflagellar transport 80 homolog (Chlamydomonas)	protein_coding	5	NC_052329.1	28560000	28637340	+	0		0			0	0	4	intron	0	511	136	5871	2	60	0.37	0.40	NA	0	0	NA		0
gene-LOC120028096	LOC120028096	TGF-beta receptor type-1-like	protein_coding	13	NC_052339.1	31204925	31271013	-	0		0			0	0	1	intron	0	510	3085	2801	14	18	0.02	0.02	NA	0	0	NA		0
gene-LOC120030240	LOC120030240	calcium/calmodulin-dependent protein kinase type II delta chain	protein_coding	6	NC_052342.1	5480388	5599189	+	0		0			0	0	1	intron	0	508	0	558	0	2	0.39	0.20	NA	0	0	NA		0
gene-LOC120041637	LOC120041637	voltage-dependent T-type calcium channel subunit alpha-1I-like	protein_coding	12	NW_024061194.1	30831	166944	+	0		0			0	0	1	intron	0	508	730	2718	18	67	0.00	0.00	NA	0	0	NA		0
gene-trps1	trps1	trichorhinophalangeal syndrome I	protein_coding	5	NC_052333.1	6049612	6240727	+	0		0			0	0	1	downstream<=5kb	0	504	19783	15718	97	82	0.00	0.00	NA	0	0	NA		0
gene-LOC120050409	LOC120050409	delta-type opioid receptor-like	protein_coding	7	NC_052313.1	25863360	25874964	+	0		0			0	0	2	downstream<=5kb	0	499	0	0	0	0	0.00	0.00	NA	0	0	NA		0
gene-raph1b	raph1b	Ras association (RalGDS/AF-6) and pleckstrin homology domains 1b	protein_coding	3	NC_052313.1	40051237	40128800	+	0		0			0	0	1	intron	0	497	0	497	1	2	0.48	0.42	NA	0	0	NA		0
gene-LOC120033625	LOC120033625	gamma-aminobutyric acid receptor subunit beta-3-like	protein_coding	12	NC_052346.1	9507638	9532459	+	0		0			0	0	1	downstream<=5kb	0	497	51	0	0	1	0.00	0.00	NA	0	0	NA		0
gene-LOC120019360	LOC120019360	MAM domain-containing glycosylphosphatidylinositol anchor protein 2-like	protein_coding	3	NC_052330.1	23413158	23674466	-	0		0			0	0	2	intron	0	496	25846	16990	177	290	0.00	0.00	NA	0	0	NA		0
gene-LOC120028485	LOC120028485	roundabout homolog 1-like	protein_coding	5	NC_052340.1	32277548	32613296	+	0		0			0	0	2	intron	0	496	12086	14135	97	142	0.00	0.00	NA	0	0	NA		0
gene-LOC120026149	LOC120026149	E3 ubiquitin-protein ligase rnf213-alpha-like	protein_coding	8	NC_052337.1	3466090	3568311	+	0		0			0	0	1	intron	0	494	9567	16196	31	22	0.05	0.04	NA	0	0	NA		0
gene-LOC120046058	LOC120046058	CSC1-like protein 2	protein_coding	2	NC_052310.1	2632712	2678541	+	0		0			0	0	1	upstream<=5kb	0	493	4852	2464	25	22	0.55	0.38	NA	0	0	NA		0
gene-sgsm2	sgsm2	small G protein signaling modulator 2	protein_coding	1	NW_024061604.1	12430	106841	-	0		0			0	0	3	intron	0	489	10043	15863	88	108	0.00	0.00	NA	0	0	NA		0
gene-LOC120032120	LOC120032120	leucine-rich repeat and guanylate kinase domain-containing protein-like	protein_coding	3	NC_052344.1	25582957	25610969	-	0		0			0	0	1	intron	0	484	509	1429	2	0	0.00	0.00	NA	0	0	NA		0
gene-LOC120051754	LOC120051754	metabotropic glutamate receptor 8	protein_coding	4	NC_052314.1	10143615	10333696	+	0		0			0	0	1	intron	0	484	2590	8325	9	18	0.00	0.00	NA	0	0	NA		0
gene-LOC120020237	LOC120020237	dynamin-3-like	protein_coding	6	NC_052331.1	11291518	11310650	+	0		0			0	0	1	upstream<=5kb	0	483	0	0	0	1	0.13	0.09	NA	0	0	NA		0
gene-LOC120029395	LOC120029395	tripartite motif-containing protein 35-like	protein_coding	2	NC_052341.1	10197609	10199816	+	0		0			0	0	2	promoter	0	483	0	84	1	2	0.09	0.07	NA	0	0	NA		0
gene-LOC120038196	LOC120038196	GTPase IMAP family member 7-like	protein_coding	1	NW_024058897.1	534917	562367	-	0		0			0	0	3	promoter	0	482	1198	7814	2	6	0.01	0.01	NA	0	0	NA		0
gene-lin28b	lin28b	lin-28 homolog B (C. elegans)	protein_coding	2	NC_052335.1	28862515	28905637	+	0		0			0	0	1	intron	0	480	503	674	2	1	0.00	0.00	NA	0	0	NA		0
gene-LOC120034339	LOC120034339	nucleus accumbens-associated protein 1-like	protein_coding	4	NC_052347.1	18694552	18716394	-	0		0			0	0	1	intron	0	480	205	3460	1	1	0.44	0.52	NA	0	0	NA		0
gene-LOC120034741	LOC120034741	lipopolysaccharide-responsive and beige-like anchor protein	protein_coding	4	NC_052348.1	11906738	12151176	+	0		0			0	0	1	intron	0	479	3618	7359	37	68	0.54	0.49	NA	0	0	NA		0
gene-LOC120029476	LOC120029476	KH domain-containing, RNA-binding, signal transduction-associated protein 2-like	protein_coding	4	NC_052341.1	9845013	9962143	-	0		0			0	0	3	intron	0	478	522	11796	4	19	0.00	0.02	NA	0	0	NA		0
gene-LOC120037800	LOC120037800	microfibril-associated glycoprotein 4-like	protein_coding	3	NW_024058659.1	22331	33436	+	0		0			0	0	3	promoter	0	478	606	1746	0	14	0.00	0.00	NA	0	0	NA		0
gene-slc9a5	slc9a5	solute carrier family 9 member A5	protein_coding	4	NW_024058893.1	27524	44295	-	0		0			0	0	1	promoter	0	474	1285	3592	20	75	0.00	0.00	NA	0	0	NA		0
gene-LOC120041233	LOC120041233	Na(+)/H(+) exchange regulatory cofactor NHE-RF2	protein_coding	4	NW_024061111.1	16480	77703	+	0		0			0	0	1	intron	0	474	4322	5703	22	31	0.45	0.53	NA	0	0	NA		0
gene-LOC120027434	LOC120027434	integrin alpha-X-like	protein_coding	7	NC_052308.1	64818769	64840139	+	0		0			0	0	1	intron	0	473	83	473	0	2	0.03	0.03	NA	0	0	NA		0
gene-LOC120033586	LOC120033586	POU domain, class 2, transcription factor 1-like	protein_coding	3	NC_052346.1	18843245	18857180	-	0		0			0	0	1	intron	0	473	1799	1200	1	2	0.36	0.33	NA	0	0	NA		0
gene-LOC120064520	LOC120064520	integrin alpha-V-like	protein_coding	8	NC_052325.1	2220086	2312385	+	0		0			0	0	1	upstream<=5kb	0	473	6474	5419	83	110	0.15	0.10	NA	0	0	NA		0
gene-dusp27	dusp27	dual specificity phosphatase 27	protein_coding	5	NC_052346.1	18857913	18868286	-	0		0			0	0	1	downstream<=5kb	0	473	0	0	0	0	0.00	0.00	NA	0	0	NA		0
gene-LOC120030633	LOC120030633	uncharacterized LOC120030633	protein_coding	1	NC_052342.1	17034755	17063125	-	0		0			0	0	1	upstream<=5kb	0	472	0	0	1	4	0.03	0.03	NA	0	0	NA		0
gene-LOC120037916	LOC120037916	signal transducing adapter molecule 1-like	protein_coding	2	NW_024058764.1	29906	40051	-	0		0			0	0	1	intron	0	458	3018	4250	7	34	0.00	0.00	NA	0	0	NA		0
gene-fam120c	fam120c	family with sequence similarity 120C	protein_coding	1	NW_024059120.1	209787	281616	+	0		0			0	0	1	intron	0	457	5746	8014	28	49	0.24	0.18	NA	0	0	NA		0
gene-LOC120036138	LOC120036138	tubulin gamma-1 chain	protein_coding	14	NC_052309.1	69044854	69063298	-	0		0			0	0	1	intron	0	456	1049	2231	2	0	0.59	0.64	NA	0	0	NA		0
gene-LOC120032405	LOC120032405	serine/threonine-protein kinase 10-like	protein_coding	4	NC_052345.1	9705002	9748627	-	0		0			0	0	1	intron	0	454	4512	5959	5	20	0.04	0.02	NA	0	0	NA		0
gene-fhod3b	fhod3b	formin homology 2 domain containing 3b	protein_coding	7	NC_052311.1	69380207	69650350	-	0		0			0	0	3	intron	0	451	26861	25987	225	268	0.00	0.00	NA	0	0	NA		0
gene-LOC120036992	LOC120036992	serine/threonine-protein kinase MARK2-like	protein_coding	7	NW_024058274.1	60	55966	-	0		0			0	0	2	intron	0	450	5136	3286	12	21	0.27	0.32	NA	0	0	NA		0
gene-LOC120036503	LOC120036503	zinc finger protein 804A-like	protein_coding	1	NW_024058086.1	141497	295043	-	0		0			0	0	1	intron	0	450	6532	14042	39	93	0.00	0.00	NA	0	0	NA		0
gene-LOC120064502	LOC120064502	speckle-type POZ protein-like A	protein_coding	5	NC_052325.1	5932	68888	-	0		0			0	0	1	intron	0	450	3344	915	66	23	0.12	0.16	NA	0	0	NA		0
gene-LOC120017974	LOC120017974	galectin-related protein-like	protein_coding	1	NC_052328.1	35147217	35162907	-	0		0			0	0	2	intron	0	448	1202	3092	3	2	0.00	0.00	NA	0	0	NA		0
gene-LOC120052951	LOC120052951	dmX-like protein 2	protein_coding	3	NC_052307.1	74791665	74880399	-	0		0			0	0	2	intron	0	446	3158	10906	284	211	0.03	0.04	NA	0	0	NA		0
gene-LOC120021735	LOC120021735	VIP36-like protein	protein_coding	8	NC_052332.1	20271918	20276869	-	0		0			0	0	1	upstream<=5kb	0	445	0	0	0	0	0.12	0.11	NA	0	0	NA		0
gene-LOC120056626	LOC120056626	BTB/POZ domain-containing protein kctd15	protein_coding	2	NC_052307.1	70272201	70298065	-	0		0			0	0	1	intron	0	444	0	3742	0	1	0.00	0.00	NA	0	0	NA		0
gene-LOC120036839	LOC120036839	TBC1 domain family member 15-like	protein_coding	0	NW_024058208.1	274734	324562	+	0		0			0	0	1	intron	0	439	10392	22282	76	131	0.11	0.05	NA	0	0	NA		0
gene-LOC120049958	LOC120049958	uncharacterized LOC120049958	protein_coding	4	NC_052312.1	37325942	37334584	+	0		0			0	0	1	downstream<=5kb	0	438	0	132	0	1	0.01	0.00	NA	0	0	NA		0
gene-LOC120039540	LOC120039540	endonuclease domain-containing 1 protein-like	protein_coding	3	NW_024059663.1	102389	103957	-	0		0			0	0	1	promoter	0	435	0	0	2	3	0.19	0.12	NA	0	0	NA		0
gene-LOC120036873	LOC120036873	palmitoleoyl-protein carboxylesterase notum1a-like	protein_coding	1	NW_024058229.1	22752	46254	+	0		0			0	0	1	intron	0	435	859	1635	13	20	0.00	0.00	NA	0	0	NA		0
gene-LOC120061638	LOC120061638	plexin-A1-like	protein_coding	9	NC_052322.1	32997185	33149067	-	0		0			0	0	2	intron	0	434	4996	6829	28	43	0.00	0.00	NA	0	0	NA		0
gene-serpini1	serpini1	serpin peptidase inhibitor, clade I (neuroserpin), member 1	protein_coding	3	NC_052329.1	157997	219351	-	0		0			0	0	1	intron	0	433	306	724	0	8	0.00	0.00	NA	0	0	NA		0
gene-LOC120041005	LOC120041005	uncharacterized LOC120041005	protein_coding	0	NW_024061007.1	55179	275646	+	0		0			3	0	2	intron	0	430	38418	42744	804	1432	0.33	0.15	NA	0	0	NA		0
gene-LOC120041016	LOC120041016	tripartite motif-containing protein 16-like	protein_coding	2	NW_024061007.1	135121	145243	-	0		0			0	0	1	downstream<=5kb	0	430	1705	2408	46	92	0.14	0.13	NA	0	0	NA		0
gene-LOC120031281	LOC120031281	cytochrome b5 reductase 4	protein_coding	5	NC_052343.1	21335613	21364134	-	0		0			0	0	1	upstream<=5kb	0	429	59	68	4	6	0.32	0.36	NA	0	0	NA		0
gene-LOC120035908	LOC120035908	nuclear factor 1-like	protein_coding	4	NW_024057839.1	13940	57730	+	0		0			0	0	1	downstream<=5kb	0	428	1748	1601	10	21	0.62	0.39	NA	0	0	NA		0
gene-LOC120050725	LOC120050725	contactin-associated protein-like 5	protein_coding	0	NC_052313.1	42218471	42259683	+	0		0			0	0	1	intron	0	428	0	587	0	3	0.00	0.00	NA	0	0	NA		0
gene-LOC120021978	LOC120021978	GMP reductase 1-like	protein_coding	3	NC_052333.1	14671335	14690383	-	0		0			0	0	3	intron	0	426	1022	2623	0	1	0.00	0.00	NA	0	0	NA		0
gene-LOC120048052	LOC120048052	granule associated Rac and RHOG effector protein 1-like	protein_coding	2	NC_052307.1	70105897	70153589	+	0		0			0	0	1	intron	0	426	0	490	0	0	0.30	0.33	NA	0	0	NA		0
gene-LOC120050102	LOC120050102	ATP-binding cassette sub-family C member 9-like	protein_coding	7	NC_052312.1	46930531	46990245	+	0		0			0	0	1	intron	0	422	1340	7164	21	47	0.17	0.08	NA	0	0	NA		0
gene-LOC120029815	LOC120029815	tripartite motif-containing protein 35-like	protein_coding	2	NC_052341.1	10222757	10225275	+	0		0			0	0	2	upstream<=5kb	0	422	52	189	0	1	0.06	0.03	NA	0	0	NA		0
gene-LOC120043725	LOC120043725	gastrula zinc finger protein XlCGF57.1-like	protein_coding	5	NC_052309.1	94868042	95582194	+	0		0			3	0	2	intron	0	422	67966	54258	428	503	0.38	0.24	NA	0	0	NA		0
gene-LOC120032107	LOC120032107	bestrophin-3-like	protein_coding	1	NC_052344.1	23151512	23163791	+	0		0			0	0	1	promoter	0	422	57	1219	6	14	0.00	0.00	NA	0	0	NA		0
gene-LOC120063918	LOC120063918	zinc finger protein 385B-like	protein_coding	3	NC_052325.1	17481870	17523311	+	0		0			0	0	1	intron	0	418	716	2176	17	27	0.00	0.00	NA	0	0	NA		0
gene-LOC120049410	LOC120049410	4-galactosyl-N-acetylglucosaminide 3-alpha-L-fucosyltransferase 9-like	protein_coding	4	NC_052312.1	45496941	45498092	-	0		0			0	0	1	downstream<=5kb	0	417	0	0	0	0	0.00	0.00	NA	0	0	NA		0
gene-LOC120037648	LOC120037648	NLR family CARD domain-containing protein 3-like	protein_coding	1	NW_024058563.1	228013	247528	+	0		0			0	0	1	intron	0	417	1252	4105	0	5	0.03	0.01	NA	0	0	NA		0
gene-pdzd2	pdzd2	PDZ domain containing 2	protein_coding	1	NC_052307.1	629244	678079	+	0		0			0	0	1	intron	0	417	6028	7850	11	29	0.00	0.00	NA	0	0	NA		0
gene-LOC120050271	LOC120050271	collagen alpha-1(V) chain-like	protein_coding	1	NC_052313.1	1431159	1596910	+	0		0			0	0	4	intron	0	416	11133	11062	27	37	0.00	0.00	NA	0	0	NA		0
gene-LOC120018601	LOC120018601	protocadherin-16-like	protein_coding	4	NC_052329.1	27572568	27698348	+	0		0			0	0	1	intron	0	416	3364	1879	7	7	0.00	0.00	NA	0	0	NA		0
gene-LOC120053354	LOC120053354	uveal autoantigen with coiled-coil domains and ankyrin repeats-like	protein_coding	1	NC_052307.1	82889563	83036660	+	0		0			0	0	1	intron	0	416	14129	17365	686	633	0.22	0.21	NA	0	0	NA		0
gene-LOC120050489	LOC120050489	catenin delta-2-like	protein_coding	9	NC_052313.1	7994253	8357561	+	0		0			0	0	1	intron	0	413	19360	18839	303	300	0.00	0.00	NA	0	0	NA		0
gene-LOC120035641	LOC120035641	neogenin-like	protein_coding	3	NW_024057760.1	59872	86178	-	0		0			0	0	1	intron	0	408	2376	2462	6	25	0.74	0.75	NA	0	0	NA		0
gene-rufy3	rufy3	RUN and FYVE domain containing 3	protein_coding	2	NW_024058868.1	15764	44894	+	0		0			0	0	1	intron	0	408	188	5454	0	15	0.40	0.12	NA	0	0	NA		0
gene-zgc:153012	zgc:153012	uncharacterized protein LOC777626 homolog	protein_coding	0	NW_024061189.1	68298	108554	-	0		0			0	0	1	intron	0	406	4586	6834	113	93	0.36	0.41	NA	0	0	NA		0
gene-LOC120018009	LOC120018009	lysosomal amino acid transporter 1 homolog	protein_coding	0	NC_052329.1	85177	88956	+	0		0			0	0	1	promoter	0	405	0	0	0	0	0.04	0.04	NA	0	0	NA		0
gene-LOC120029376	LOC120029376	protein kinase C epsilon type-like	protein_coding	3	NC_052341.1	6681893	6810173	+	0		0			0	0	5	intron	0	404	6383	9676	251	292	0.00	0.00	NA	0	0	NA		0
gene-slc24a5	slc24a5	solute carrier family 24 member 5	protein_coding	6	NW_024060120.1	118930	138941	+	0		0			0	0	1	intron	0	404	1991	2863	3	45	0.00	0.00	NA	0	0	NA		0
gene-LOC120036363	LOC120036363	ankyrin repeat and IBR domain-containing protein 1-like	protein_coding	0	NW_024058027.1	50331	67232	-	0		0			0	0	1	promoter	0	402	1438	1697	10	23	0.25	0.16	NA	0	0	NA		0
gene-zgc:152951	zgc:152951	uncharacterized protein LOC569013 homolog	protein_coding	2	NC_052319.1	29198759	29206251	-	0		0			0	0	1	upstream<=5kb	0	401	0	0	0	0	0.30	0.34	NA	0	0	NA		0
gene-zgc:112001	zgc:112001	uncharacterized protein LOC550384 homolog	protein_coding	1	NC_052330.1	29847714	29849439	+	0		0			0	0	1	promoter	0	400	0	0	0	0	0.09	0.02	NA	0	0	NA		0
gene-LOC120063050	LOC120063050	rho-related BTB domain-containing protein 2-like	protein_coding	4	NC_052324.1	5904748	5969757	-	0		0			0	0	1	intron	0	398	0	0	0	1	0.13	0.17	NA	0	0	NA		0
gene-LOC120033471	LOC120033471	zinc finger protein 135-like	protein_coding	4	NC_052346.1	20808123	20817337	+	0		0			0	0	1	upstream<=5kb	0	397	604	50	4	2	0.05	0.04	NA	0	0	NA		0
gene-LOC120033470	LOC120033470	gastrula zinc finger protein XlCGF17.1-like	protein_coding	3	NC_052346.1	20798454	20800426	+	0		0			0	0	1	downstream<=5kb	0	397	0	0	0	0	0.06	0.06	NA	0	0	NA		0
gene-frmpd3	frmpd3	FERM and PDZ domain containing 3	protein_coding	2	NC_052348.1	18111971	18150328	-	0		0			0	0	1	intron	0	394	0	4749	0	15	0.00	0.00	NA	0	0	NA		0
gene-LOC120044890	LOC120044890	guanine nucleotide exchange factor subunit RIC1-like	protein_coding	6	NC_052309.1	7415605	7514504	-	0		0			0	0	1	intron	0	390	5611	4728	49	56	0.22	0.20	NA	0	0	NA		0
gene-LOC120023821	LOC120023821	keratin-associated protein 4-3-like	protein_coding	0	NC_052308.1	80784857	80816844	-	0		0			0	0	2	promoter	0	388	1003	4627	97	233	0.00	0.00	NA	0	0	NA		0
gene-LOC120046061	LOC120046061	transforming acidic coiled-coil-containing protein 2-like	protein_coding	4	NC_052310.1	2977600	3055316	+	0		0			0	0	2	intron	0	384	8534	7844	39	35	0.10	0.10	NA	0	0	NA		0
gene-LOC120023897	LOC120023897	sodium/potassium/calcium exchanger 4-like	protein_coding	5	NC_052335.1	10488439	10558679	+	0		0			0	0	1	intron	0	382	118	382	0	0	0.00	0.00	NA	0	0	NA		0
gene-LOC120034556	LOC120034556	heparan sulfate glucosamine 3-O-sulfotransferase 2-like	protein_coding	1	NC_052347.1	8619287	8641271	+	0		0			0	0	2	intron	0	382	1139	761	0	1	0.00	0.00	NA	0	0	NA		0
gene-LOC120066802	LOC120066802	synaptotagmin-9-like	protein_coding	11	NC_052327.1	33821230	33844647	-	0		0			0	0	1	downstream<=5kb	0	377	0	356	2	1	0.00	0.00	NA	0	0	NA		0
gene-LOC120049450	LOC120049450	F-box only protein 24-like	protein_coding	1	NC_052312.1	2895286	2907668	+	0		0			0	0	1	downstream<=5kb	0	376	722	508	13	27	0.00	0.00	NA	0	0	NA		0
gene-LOC120036473	LOC120036473	ankyrin-3-like	protein_coding	2	NW_024058057.1	8197	69913	-	0		0			0	0	1	intron	0	376	10571	9231	56	92	0.08	0.11	NA	0	0	NA		0
gene-LOC120018898	LOC120018898	EH domain-containing protein 2-like	protein_coding	7	NC_052329.1	379721	418537	-	0		0			0	0	2	intron	0	375	1002	5072	2	14	0.00	0.00	NA	0	0	NA		0
gene-LOC120031600	LOC120031600	sialic acid-binding Ig-like lectin 5	protein_coding	0	NC_052343.1	9816938	9820909	-	0		0			0	0	2	intron	0	375	0	355	0	0	0.00	0.00	NA	0	0	NA		0
gene-LOC120048528	LOC120048528	activating signal cointegrator 1 complex subunit 3	protein_coding	3	NC_052311.1	57484044	57632406	-	0		0			0	0	1	intron	0	375	5227	3756	43	41	0.85	0.82	NA	0	0	NA		0
gene-LOC120055343	LOC120055343	neurocan core protein-like	protein_coding	2	NC_052317.1	31090690	31169079	-	0		0			0	0	1	intron	0	371	1183	3178	10	64	0.20	0.26	NA	0	0	NA		0
gene-LOC120023697	LOC120023697	zinc finger protein 585B-like	protein_coding	3	NC_052308.1	78385923	78444174	+	0		0			0	0	2	intron	0	370	1480	1767	11	8	0.02	0.01	NA	0	0	NA		0
gene-LOC120066970	LOC120066970	transcription factor COE3-like	protein_coding	3	NC_052328.1	915717	1063114	-	0		0			0	0	4	intron	0	367	20955	18484	153	192	0.00	0.00	NA	0	0	NA		0
gene-LOC120038183	LOC120038183	trichohyalin-like	protein_coding	1	NW_024058897.1	53909	152776	+	0		0			0	0	2	promoter	0	366	17164	34438	78	123	0.00	0.00	NA	0	0	NA		0
gene-LOC120022635	LOC120022635	collagen alpha-1(V) chain-like	protein_coding	1	NC_052333.1	30282923	30330052	+	0		0			0	0	2	intron	0	365	1061	1891	15	23	0.00	0.00	NA	0	0	NA		0
gene-LOC120044724	LOC120044724	immunoglobulin lambda-1 light chain-like	protein_coding	0	NC_052309.1	96373314	96377226	-	0		0			0	0	1	upstream<=5kb	0	364	265	213	10	13	0.50	0.56	NA	0	0	NA		0
gene-LOC120038983	LOC120038983	ventricular zone-expressed PH domain-containing protein-like	protein_coding	3	NW_024059294.1	4881	33598	-	0		0			0	0	1	intron	0	364	1383	1209	7	16	0.00	0.00	NA	0	0	NA		0
gene-LOC120032827	LOC120032827	mitoferrin-2-like	protein_coding	3	NC_052345.1	2955976	3207154	+	0		0			0	0	2	intron	0	363	14237	17290	64	269	0.66	0.68	NA	0	0	NA		0
gene-LOC120064758	LOC120064758	synaptotagmin-6-like	protein_coding	10	NC_052326.1	31408416	31484704	+	0		0			0	0	1	intron	0	362	1187	1215	10	17	0.00	0.00	NA	0	0	NA		0
gene-mcu	mcu	mitochondrial calcium uniporter	protein_coding	6	NC_052310.1	3190499	3347146	-	0		0			0	0	1	intron	0	362	4019	14424	51	98	0.02	0.03	NA	0	0	NA		0
gene-LOC120058298	LOC120058298	R3H domain-containing protein 2-like	protein_coding	1	NC_052308.1	6423441	6522547	+	0		0			0	0	2	intron	0	360	10442	6714	56	43	0.80	0.60	NA	0	0	NA		0
gene-sgip1a	sgip1a	SH3GL interacting endocytic adaptor 1a	protein_coding	6	NC_052316.1	36780888	36892538	-	0		0			0	0	1	intron	0	360	3980	3342	122	214	0.00	0.00	NA	0	0	NA		0
gene-LOC120066501	LOC120066501	zinc finger protein aebp2-like	protein_coding	2	NC_052327.1	54050972	54118798	-	0		0			0	0	5	intron	0	357	1128	3849	28	34	0.11	0.04	NA	0	0	NA		0
gene-LOC120039455	LOC120039455	troponin I, fast skeletal muscle-like	protein_coding	2	NW_024059588.1	25651	27832	+	0		0			0	0	1	upstream<=5kb	0	356	0	333	0	0	0.00	0.00	NA	0	0	NA		0
gene-LOC120039456	LOC120039456	troponin I, fast skeletal muscle-like	protein_coding	2	NW_024059588.1	13586	17855	+	0		0			0	0	1	downstream<=5kb	0	356	118	228	4	6	0.00	0.00	NA	0	0	NA		0
gene-LOC120040197	LOC120040197	potassium voltage-gated channel subfamily KQT member 1-like	protein_coding	5	NW_024060286.1	134321	166908	+	0		0			0	0	3	intron	0	353	3449	4539	13	26	0.01	0.02	NA	0	0	NA		0
gene-LOC120031609	LOC120031609	thrombospondin type-1 domain-containing protein 7A-like	protein_coding	3	NC_052343.1	10876086	10969277	+	0		0			0	0	1	intron	0	352	0	788	2	7	0.06	0.05	NA	0	0	NA		0
gene-LOC120018034	LOC120018034	1-phosphatidylinositol 4,5-bisphosphate phosphodiesterase eta-1-like	protein_coding	4	NC_052329.1	4054738	4227860	-	0		0			0	0	2	intron	0	350	10881	15011	18	62	0.02	0.01	NA	0	0	NA		0
gene-LOC120052879	LOC120052879	E3 ubiquitin-protein ligase TRIM39-like	protein_coding	2	NC_052314.1	56611251	56612882	+	0		0			0	0	1	upstream<=5kb	0	349	0	0	0	1	0.01	0.02	NA	0	0	NA		0
gene-LOC120030545	LOC120030545	A-kinase anchor protein 12-like	protein_coding	3	NC_052342.1	25795538	25819418	-	0		0			0	0	1	intron	0	348	1093	3397	4	22	0.48	0.30	NA	0	0	NA		0
gene-gna12a	gna12a	guanine nucleotide binding protein (G protein) alpha 12a	protein_coding	8	NW_024057731.1	2280	27981	+	0		0			0	0	1	intron	0	346	2159	2849	11	56	0.37	0.18	NA	0	0	NA		0
gene-rbfox1	rbfox1	RNA binding fox-1 homolog 1	protein_coding	5	NC_052309.1	89674903	89729272	-	0		0			0	0	2	intron	0	345	4819	8511	232	197	0.00	0.00	NA	0	0	NA		0
gene-LOC120047350	LOC120047350	protein MTSS 1-like	protein_coding	6	NC_052311.1	73447594	73506574	-	0		0			1	0	1	intron	0	343	9827	10774	140	199	0.35	0.28	NA	0	0	NA		0
gene-LOC120041008	LOC120041008	stonustoxin subunit beta-like	protein_coding	1	NW_024061007.1	608020	608886	+	0		0			0	0	1	upstream<=5kb	0	342	326	63	2	5	0.29	0.37	NA	0	0	NA		0
gene-LOC120049960	LOC120049960	transducin-like enhancer protein 3-B	protein_coding	6	NC_052307.1	83229000	83276244	+	0		0			0	0	3	intron	0	342	1861	1812	21	53	0.45	0.48	NA	0	0	NA		0
gene-fbxl16	fbxl16	F-box and leucine-rich repeat protein 16	protein_coding	3	NW_024060564.1	170377	198534	+	0		0			0	0	2	intron	0	342	3591	2580	26	45	0.00	0.00	NA	0	0	NA		0
gene-LOC120042828	LOC120042828	transmembrane channel-like protein 3	protein_coding	2	NW_024061519.1	15000	71321	+	0		0			0	0	2	intron	0	341	576	1861	19	53	0.01	0.00	NA	0	0	NA		0
gene-LOC120062169	LOC120062169	cationic amino acid transporter 2-like	protein_coding	4	NC_052323.1	29167754	29189395	-	0		0			0	0	1	downstream<=5kb	0	340	0	0	1	1	0.00	0.00	NA	0	0	NA		0
gene-LOC120062019	LOC120062019	fibroblast growth factor 13-like	protein_coding	11	NC_052323.1	14696773	14790380	-	0		0			0	0	1	intron	0	340	1099	1215	7	12	0.00	0.00	NA	0	0	NA		0
gene-LOC120024355	LOC120024355	unconventional myosin-VI-like	protein_coding	13	NC_052335.1	26423741	26540647	-	0		0			0	0	1	intron	0	338	4538	7265	9	26	0.05	0.04	NA	0	0	NA		0
gene-LOC120039977	LOC120039977	huntingtin-like	protein_coding	2	NW_024060068.1	38	16307	+	0		0			0	0	1	intron	0	337	1025	965	19	57	0.25	0.10	NA	0	0	NA		0
gene-LOC120018922	LOC120018922	alpha-(1,3)-fucosyltransferase 4-like	protein_coding	4	NC_052329.1	4537560	4539214	+	0		0			0	0	1	downstream<=5kb	0	337	0	0	0	1	0.00	0.00	NA	0	0	NA		0
gene-LOC120035661	LOC120035661	A-kinase anchor protein 2	protein_coding	0	NW_024057768.1	16174	70592	-	0		0			0	0	1	intron	0	337	10945	7544	60	35	0.15	0.16	NA	0	0	NA		0
gene-LOC120041481	LOC120041481	cytohesin-1	protein_coding	2	NC_052309.1	85519920	85586213	-	0		0			0	0	1	intron	0	336	3388	9195	23	71	0.96	0.81	NA	0	0	NA		0
gene-LOC120046031	LOC120046031	protein kinase C epsilon type-like	protein_coding	3	NC_052310.1	83226406	83282706	-	0		0			0	0	1	intron	0	335	1492	4822	17	43	0.01	0.00	NA	0	0	NA		0
gene-LOC120038852	LOC120038852	anoctamin-1-like	protein_coding	3	NW_024059233.1	7107	37897	-	0		0			0	0	1	intron	0	334	5226	4982	88	15	0.00	0.00	NA	0	0	NA		0
gene-setd2	setd2	SET domain containing 2, histone lysine methyltransferase	protein_coding	6	NC_052343.1	30270458	30309316	+	0		0			1	0	2	intron	0	334	465	1016	17	44	0.52	0.45	NA	0	0	NA		0
gene-LOC120041027	LOC120041027	tripartite motif-containing protein 16-like	protein_coding	2	NW_024061007.1	440208	463290	+	0		0			0	0	1	intron	0	333	269	1387	6	62	0.16	0.15	NA	0	0	NA		0
gene-LOC120058402	LOC120058402	uncharacterized LOC120058402	protein_coding	4	NC_052319.1	29180856	29198703	+	0		0			0	0	1	promoter	0	331	0	627	0	4	0.23	0.14	NA	0	0	NA		0
gene-LOC120058401	LOC120058401	coiled-coil domain-containing protein 93-like	protein_coding	1	NC_052319.1	29172432	29180669	+	0		0			0	0	1	downstream<=5kb	0	331	0	0	0	0	0.08	0.09	NA	0	0	NA		0
gene-LOC120022010	LOC120022010	CUB and sushi domain-containing protein 3-like	protein_coding	1	NC_052333.1	6471731	7275151	+	0		0			0	0	3	intron	0	330	8997	18716	63	145	0.00	0.00	NA	0	0	NA		0
gene-LOC120047765	LOC120047765	uncharacterized LOC120047765	protein_coding	1	NC_052311.1	68139623	68142354	+	0		0			0	0	2	downstream<=5kb	0	329	0	0	0	0	0.23	0.23	NA	0	0	NA		0
gene-LOC120049449	LOC120049449	nuclear factor 7, ovary-like	protein_coding	1	NC_052312.1	2391158	2413197	+	0		0			0	0	1	intron	0	327	2624	4274	53	88	0.00	0.00	NA	0	0	NA		0
gene-LOC120042491	LOC120042491	zinc finger protein 135-like	protein_coding	3	NW_024061419.1	938819	940458	+	0		0			0	0	1	upstream<=5kb	0	327	0	0	5	3	0.07	0.11	NA	0	0	NA		0
gene-LOC120034877	LOC120034877	zinc finger protein with KRAB and SCAN domains 1-like	protein_coding	1	NC_052348.1	7865032	7867093	-	0		0			0	0	1	upstream<=5kb	0	324	0	0	0	0	0.06	0.09	NA	0	0	NA		0
gene-LOC120034862	LOC120034862	protein glass-like	protein_coding	1	NC_052348.1	7767414	8234966	-	0		0			0	0	1	intron	0	324	1078	585	5	5	0.05	0.04	NA	0	0	NA		0
gene-LOC120030056	LOC120030056	tripartite motif-containing protein 35-like	protein_coding	2	NC_052341.1	10118845	10121696	+	0		0			0	0	1	upstream<=5kb	0	323	0	191	1	0	0.04	0.04	NA	0	0	NA		0
gene-LOC120040345	LOC120040345	receptor-type tyrosine-protein phosphatase R-like	protein_coding	2	NW_024060371.1	6897	18799	+	0		0			0	0	1	upstream<=5kb	0	322	913	205	32	3	0.00	0.00	NA	0	0	NA		0
gene-srl	srl	sarcalumenin	protein_coding	1	NW_024060042.1	58771	87941	-	0		0			0	0	2	intron	0	321	1355	5252	2	60	0.00	0.00	NA	0	0	NA		0
gene-LOC120045961	LOC120045961	disks large homolog 5-like	protein_coding	1	NC_052310.1	64871956	64949089	+	0		0			0	0	1	intron	0	321	971	12431	7	7	0.01	0.01	NA	0	0	NA		0
gene-LOC120046950	LOC120046950	protocadherin-19-like	protein_coding	3	NC_052311.1	16573542	16674408	-	0		0			0	0	1	intron	0	320	1733	1228	27	63	0.00	0.00	NA	0	0	NA		0
gene-LOC120029024	LOC120029024	extracellular calcium-sensing receptor-like	protein_coding	3	NC_052340.1	38715504	38729347	+	0		0			0	0	1	downstream<=5kb	0	320	516	903	8	12	0.00	0.00	NA	0	0	NA		0
gene-LOC120041778	LOC120041778	FRAS1-related extracellular matrix protein 2-like	protein_coding	2	NW_024061237.1	59282	120290	-	0		0			0	0	1	intron	0	320	1400	2811	7	33	0.00	0.00	NA	0	0	NA		0
gene-LOC120027100	LOC120027100	CLIP-associating protein 2-like	protein_coding	6	NC_052338.1	32944005	33065076	-	0		0			0	0	1	intron	0	318	8117	13509	66	97	0.51	0.55	NA	0	0	NA		0
gene-LOC120038223	LOC120038223	butyrophilin subfamily 1 member A1-like	protein_coding	0	NW_024058911.1	11639	35901	-	0		0			0	0	1	upstream<=5kb	0	318	5201	3771	55	143	0.11	0.25	NA	0	0	NA		0
gene-LOC120022333	LOC120022333	ATPase family AAA domain-containing protein 2-like	protein_coding	6	NC_052333.1	29838055	29873215	-	0		0			0	0	1	intron	0	318	60	318	0	2	0.00	0.00	NA	0	0	NA		0
gene-LOC120059043	LOC120059043	zinc finger protein 335-like	protein_coding	7	NC_052320.1	3597305	3639251	+	0		0			0	0	1	intron	0	318	1531	2904	33	24	0.09	0.07	NA	0	0	NA		0
gene-fndc4a	fndc4a	fibronectin type III domain containing 4a	protein_coding	1	NC_052330.1	37095691	37156987	-	0		0			0	0	1	intron	0	313	3426	1929	8	2	0.00	0.00	NA	0	0	NA		0
gene-LOC120047799	LOC120047799	secretagogin-like	protein_coding	8	NC_052311.1	74549682	74573764	+	0		0			0	0	1	intron	0	312	2430	977	16	17	0.00	0.00	NA	0	0	NA		0
gene-LOC120062407	LOC120062407	kelch-like protein 4	protein_coding	1	NC_052323.1	19739549	19853162	+	0		0			0	0	1	intron	0	312	8317	11217	20	58	0.04	0.03	NA	0	0	NA		0
gene-LOC120048477	LOC120048477	transcriptional regulator ATRX-like	protein_coding	4	NC_052311.1	372368	464013	+	0		0			0	0	1	intron	0	312	3415	3674	53	34	0.06	0.06	NA	0	0	NA		0
gene-LOC120054769	LOC120054769	CUGBP Elav-like family member 5	protein_coding	6	NC_052316.1	16778931	17022560	-	0		0			0	0	1	intron	0	309	2484	898	79	71	0.00	0.00	NA	0	0	NA		0
gene-LOC120028991	LOC120028991	uncharacterized LOC120028991	protein_coding	0	NC_052340.1	39319892	39322726	+	0		0			0	0	1	upstream<=5kb	0	308	0	390	0	0	0.01	0.00	NA	0	0	NA		0
gene-LOC120042521	LOC120042521	cAMP-dependent protein kinase type I-beta regulatory subunit-like	protein_coding	0	NW_024061423.1	75859	124280	-	0		0			0	0	1	intron	0	308	666	5488	19	24	0.00	0.00	NA	0	0	NA		0
gene-cars1	cars1	cysteinyl-tRNA synthetase 1	protein_coding	4	NW_024059419.1	155558	184257	+	0		0			0	0	1	intron	0	308	2655	520	18	6	0.76	0.73	NA	0	0	NA		0
gene-LOC120018381	LOC120018381	NACHT, LRR and PYD domains-containing protein 3-like	protein_coding	2	NC_052308.1	76945818	76993350	-	0		0			0	0	1	upstream<=5kb	0	307	8571	8531	10	34	0.04	0.03	NA	0	0	NA		0
gene-LOC120058628	LOC120058628	calmodulin-binding transcription activator 1-like	protein_coding	5	NC_052320.1	17400449	17875785	+	0		0			0	0	1	intron	0	306	4424	8712	56	147	0.00	0.01	NA	0	0	NA		0
gene-LOC120040450	LOC120040450	protein kinase C epsilon type-like	protein_coding	3	NW_024060486.1	154847	196701	-	0		0			0	0	1	intron	0	306	177	666	1	5	0.46	0.42	NA	0	0	NA		0
gene-LOC120059107	LOC120059107	mitogen-activated protein kinase 14A-like	protein_coding	6	NC_052320.1	9649970	9676597	+	0		0			0	0	1	downstream<=5kb	0	306	606	866	5	12	0.46	0.48	NA	0	0	NA		0
gene-LOC120040408	LOC120040408	gastrula zinc finger protein XlCGF57.1-like	protein_coding	3	NW_024060452.1	427652	434214	-	0		0			0	0	3	promoter	0	303	0	83	0	6	0.68	0.45	NA	0	0	NA		0
gene-LOC120035873	LOC120035873	NLR family CARD domain-containing protein 3-like	protein_coding	0	NW_024057815.1	31905	38095	+	0		0			0	0	1	promoter	0	303	245	531	1	5	0.00	0.00	NA	0	0	NA		0
gene-LOC120040410	LOC120040410	gastrula zinc finger protein XlCGF57.1-like	protein_coding	3	NW_024060452.1	418079	421432	-	0		0			0	0	3	promoter	0	303	0	56	0	3	0.20	0.11	NA	0	0	NA		0
gene-LOC120020675	LOC120020675	PDZ domain-containing protein GIPC1-like	protein_coding	1	NC_052331.1	35777468	35929328	-	0		0			0	0	2	intron	0	302	24778	14133	196	169	0.73	0.85	NA	0	0	NA		0
gene-LOC120032447	LOC120032447	TGF-beta-activated kinase 1 and MAP3K7-binding protein 1-like	protein_coding	3	NC_052345.1	1411068	1446941	+	0		0			0	0	1	intron	0	301	7826	7398	24	34	0.20	0.18	NA	0	0	NA		0
gene-LOC120035599	LOC120035599	voltage-dependent L-type calcium channel subunit alpha-1D-like	protein_coding	4	NW_024057746.1	1689	48627	-	0		0			0	0	1	intron	0	300	1824	2090	5	22	0.00	0.00	NA	0	0	NA		0
gene-lpar3	lpar3	lysophosphatidic acid receptor 3	protein_coding	3	NC_052316.1	1564809	1583518	+	0		0			0	0	1	intron	0	300	0	300	2	0	0.17	0.16	NA	0	0	NA		0
gene-LOC120046636	LOC120046636	collagen alpha-3(IX) chain-like	protein_coding	0	NC_052310.1	56224581	56241856	+	0		0			0	0	1	promoter	0	299	56	124	0	0	0.00	0.01	NA	0	0	NA		0
gene-LOC120066535	LOC120066535	protein Shroom4-like	protein_coding	6	NC_052327.1	1784190	1823704	-	0		0			0	0	1	intron	0	297	1209	3325	10	25	0.00	0.00	NA	0	0	NA		0
gene-LOC120053073	LOC120053073	fibronectin-like	protein_coding	1	NC_052314.1	65869841	65914517	+	0		0			0	0	2	intron	0	295	2615	10205	23	34	0.03	0.01	NA	0	0	NA		0
gene-LOC120061615	LOC120061615	voltage-dependent L-type calcium channel subunit alpha-1D-like	protein_coding	4	NC_052322.1	29203784	29315016	-	0		0			0	0	2	intron	0	295	3062	7748	13	41	0.00	0.00	NA	0	0	NA		0
gene-zgc:194930	zgc:194930	uncharacterized protein LOC557813 homolog	protein_coding	0	NC_052312.1	4151204	4189190	+	0		0			0	0	1	downstream<=5kb	0	294	2653	4055	17	20	0.50	0.44	NA	0	0	NA		0
gene-LOC120027901	LOC120027901	probable G-protein coupled receptor 141	protein_coding	4	NC_052339.1	28854034	28861399	-	0		0			0	0	2	intron	0	294	1327	779	5	2	0.19	0.02	NA	0	0	NA		0
gene-LOC120046803	LOC120046803	monocarboxylate transporter 4-like	protein_coding	4	NC_052310.1	72628617	72634927	-	0		0			0	0	1	promoter	0	294	0	2142	0	1	0.00	0.03	NA	0	0	NA		0
gene-LOC120027945	LOC120027945	hepatocyte nuclear factor 4-gamma-like	protein_coding	8	NC_052339.1	28834282	28853600	-	0		0			0	0	2	upstream<=5kb	0	294	0	0	0	0	0.00	0.00	NA	0	0	NA		0
gene-LOC120033436	LOC120033436	aryl hydrocarbon receptor-like	protein_coding	6	NC_052346.1	6285783	6367457	+	0		0			0	0	2	intron	0	294	1619	5955	4	12	0.00	0.00	NA	0	0	NA		0
gene-LOC120019384	LOC120019384	4-galactosyl-N-acetylglucosaminide 3-alpha-L-fucosyltransferase 9-like	protein_coding	4	NC_052330.1	29872839	29873942	-	0		0			0	0	2	promoter	0	293	0	0	0	0	0.01	0.02	NA	0	0	NA		0
gene-LOC120021805	LOC120021805	torsin-1A-like	protein_coding	9	NC_052332.1	6428490	6446951	-	0		0			0	0	2	intron	0	290	0	3648	0	5	0.85	0.97	NA	0	0	NA		0
gene-tmc6b	tmc6b	transmembrane channel-like 6b	protein_coding	2	NW_024061147.1	59976	115888	-	0		0			0	0	2	promoter	0	288	9789	5836	52	194	0.46	0.52	NA	0	0	NA		0
gene-mfsd2ab	mfsd2ab	major facilitator superfamily domain containing 2ab	protein_coding	3	NC_052333.1	1549987	1591059	+	0		0			0	0	1	intron	0	288	168	737	6	17	0.56	0.84	NA	0	0	NA		0
gene-LOC120066774	LOC120066774	GRB10-interacting GYF protein 2-like	protein_coding	0	NC_052327.1	50046991	50068039	-	0		0			0	0	1	intron	0	288	1265	1047	30	6	0.05	0.03	NA	0	0	NA		0
gene-LOC120039812	LOC120039812	piezo-type mechanosensitive ion channel component 2-like	protein_coding	6	NW_024059909.1	8609	184479	-	0		0			0	0	3	intron	0	287	29348	14003	153	58	0.01	0.01	NA	0	0	NA		0
gene-LOC120041022	LOC120041022	tripartite motif-containing protein 16-like	protein_coding	2	NW_024061007.1	760836	773944	+	0		0			0	0	2	promoter	0	287	1904	720	27	76	0.21	0.21	NA	0	0	NA		0
gene-si:dkey-100n23.5	si:dkey-100n23.5	cyclic AMP receptor-like protein A	protein_coding	4	NC_052325.1	15752089	15857305	+	0		0			0	0	1	intron	0	286	105	1769	2	6	0.56	0.39	NA	0	0	NA		0
gene-LOC120050106	LOC120050106	zinc finger protein 420-like	protein_coding	3	NC_052312.1	47373669	47383268	+	0		0			0	0	1	promoter	0	285	0	285	0	0	0.16	0.14	NA	0	0	NA		0
gene-LOC120041557	LOC120041557	isocitrate dehydrogenase [NADP], mitochondrial-like	protein_coding	5	NW_024061170.1	6511	57390	+	0		0			0	0	1	intron	0	285	9591	11680	160	207	0.10	0.02	NA	0	0	NA		0
gene-LOC120039652	LOC120039652	gamma-crystallin N-A-like	protein_coding	3	NW_024059774.1	166325	176469	+	0		0			0	0	1	intron	0	279	1034	1333	6	37	0.00	0.00	NA	0	0	NA		0
gene-LOC120041942	LOC120041942	protein MTSS 1-like	protein_coding	7	NW_024061290.1	52175	113025	+	0		0			0	0	1	intron	0	279	5928	10172	54	82	0.26	0.21	NA	0	0	NA		0
gene-LOC120058008	LOC120058008	interferon-induced GTP-binding protein Mx-like	protein_coding	8	NC_052319.1	45380152	45396154	+	0		0			0	0	1	upstream<=5kb	0	279	0	3270	0	4	0.00	0.00	NA	0	0	NA		0
gene-LOC120023792	LOC120023792	serine/threonine-protein kinase D1-like	protein_coding	4	NC_052334.1	14797489	14848825	+	0		0			0	0	2	promoter	0	279	616	554	0	0	0.06	0.06	NA	0	0	NA		0
gene-LOC120038032	LOC120038032	metalloproteinase inhibitor 2-like	protein_coding	7	NW_024058836.1	3384	7570	-	0		0			0	0	1	upstream<=5kb	0	277	0	0	0	1	0.06	0.28	NA	0	0	NA		0
gene-LOC120018245	LOC120018245	polycystin-1-like	protein_coding	3	NC_052308.1	73991630	74062005	+	0		0			0	0	2	intron	0	276	3058	2994	41	99	0.01	0.01	NA	0	0	NA		0
gene-LOC120064511	LOC120064511	myc box-dependent-interacting protein 1-like	protein_coding	5	NC_052325.1	1138804	1195202	+	0		0			0	0	1	intron	0	276	8590	4085	28	29	0.00	0.00	NA	0	0	NA		0
gene-LOC120044869	LOC120044869	SUN domain-containing protein 1-like	protein_coding	4	NC_052309.1	4801296	4822905	+	0		0			0	0	1	intron	0	276	254	635	7	19	0.40	0.46	NA	0	0	NA		0
gene-LOC120021179	LOC120021179	protocadherin Fat 3-like	protein_coding	3	NC_052332.1	43176116	43327090	-	0		0			0	0	1	intron	0	276	9126	8345	150	195	0.00	0.00	NA	0	0	NA		0
gene-ptpn12	ptpn12	protein tyrosine phosphatase non-receptor type 12	protein_coding	4	NC_052344.1	21280901	21376051	+	0		0			0	0	1	intron	0	274	20804	22473	54	86	0.50	0.45	NA	0	0	NA		0
gene-LOC120046000	LOC120046000	serine/threonine-protein kinase WNK4-like	protein_coding	13	NC_052310.1	75218021	75326004	-	0		0			0	0	2	intron	0	274	1465	949	6	19	0.00	0.00	NA	0	0	NA		0
gene-LOC120018886	LOC120018886	extracellular calcium-sensing receptor-like	protein_coding	3	NC_052329.1	3653069	3657555	+	0		0			0	0	1	promoter	0	274	0	0	0	0	0.00	0.00	NA	0	0	NA		0
gene-si:ch73-330k17.3	si:ch73-330k17.3	IGFBP domain-containing protein	protein_coding	4	NC_052314.1	6210341	6213283	+	0		0			0	0	2	promoter	0	272	0	168	0	1	0.00	0.00	NA	0	0	NA		0
gene-LOC120044153	LOC120044153	contactin-2-like	protein_coding	0	NC_052309.1	96732198	96738922	-	0		0			1	0	1	intron	0	272	664	1134	50	65	0.00	0.03	NA	0	0	NA		0
gene-hs6st2	hs6st2	heparan sulfate 6-O-sulfotransferase 2	protein_coding	3	NC_052323.1	22284480	22290751	-	0		0			0	0	1	promoter	0	272	208	283	0	0	0.50	0.62	NA	0	0	NA		0
gene-LOC120035062	LOC120035062	fibronectin-like	protein_coding	1	NC_052348.1	23088276	23089078	-	0		0			0	0	1	promoter	0	270	0	0	0	0	0.00	0.00	NA	0	0	NA		0
gene-LOC120023438	LOC120023438	syntaxin-binding protein 5-like	protein_coding	8	NC_052334.1	7811235	7857065	+	0		0			0	0	1	intron	0	270	359	893	4	11	0.03	0.02	NA	0	0	NA		0
gene-LOC120020225	LOC120020225	plasma membrane calcium-transporting ATPase 2-like	protein_coding	8	NC_052308.1	5656042	5736142	+	0		0			0	0	1	intron	0	270	4952	1069	37	31	0.00	0.00	NA	0	0	NA		0
gene-LOC120041665	LOC120041665	H(+)/Cl(-) exchange transporter 7-like	protein_coding	5	NW_024061197.1	460573	526818	+	0		0			0	0	2	intron	0	269	7002	5090	76	91	0.07	0.08	NA	0	0	NA		0
gene-LOC120049432	LOC120049432	LIM domain only protein 3	protein_coding	4	NC_052312.1	52992321	53083465	-	0		0			0	0	2	intron	0	267	7700	14037	85	258	0.00	0.00	NA	0	0	NA		0
gene-LOC120026131	LOC120026131	syntaxin-binding protein 1-like	protein_coding	7	NC_052337.1	21535740	21579823	+	0		0			0	0	1	intron	0	264	0	1656	3	18	0.04	0.07	NA	0	0	NA		0
gene-LOC120023930	LOC120023930	1-phosphatidylinositol 4,5-bisphosphate phosphodiesterase beta-1-like	protein_coding	8	NC_052335.1	5192941	5388170	+	0		0			2	0	1	intron	0	264	528	1374	17	10	0.03	0.01	NA	0	0	NA		0
gene-LOC120043281	LOC120043281	collagen alpha-1(XI) chain-like	protein_coding	1	NW_024061625.1	12589	87410	-	0		0			0	0	3	intron	0	264	6224	9569	78	110	0.00	0.00	NA	0	0	NA		0
gene-LOC120043569	LOC120043569	lysine-specific demethylase phf2-like	protein_coding	4	NW_024061708.1	15560	99060	-	0		0			0	0	1	intron	0	264	6120	9680	66	57	0.00	0.00	NA	0	0	NA		0
gene-LOC120035610	LOC120035610	adhesion G protein-coupled receptor E5-like	protein_coding	5	NW_024057753.1	135803	163751	+	0		0			0	0	1	intron	0	263	739	1382	15	14	0.11	0.12	NA	0	0	NA		0
gene-LOC120065978	LOC120065978	reelin-like	protein_coding	3	NC_052327.1	54546872	54611373	-	0		0			0	0	1	intron	0	262	210	879	13	8	0.22	0.18	NA	0	0	NA		0
gene-LOC120057064	LOC120057064	toll-like receptor 13	protein_coding	6	NC_052307.1	79642200	79645100	-	0		0			0	0	1	downstream<=5kb	0	261	0	0	0	0	0.00	0.00	NA	0	0	NA		0
gene-minar1	minar1	membrane integral NOTCH2 associated receptor 1	protein_coding	3	NC_052307.1	79617427	79662733	-	0		0			0	0	1	intron	0	261	2622	2084	170	108	0.00	0.00	NA	0	0	NA		0
gene-atxn1a	atxn1a	ataxin 1a	protein_coding	5	NC_052333.1	14593561	14658092	+	0		0			0	0	1	intron	0	261	2214	4235	2	29	0.97	0.83	NA	0	0	NA		0
gene-LOC120041733	LOC120041733	extensin-like	protein_coding	0	NW_024061219.1	124949	125944	-	0		0			0	0	1	promoter	0	259	92	0	1	0	0.00	0.00	NA	0	0	NA		0
gene-LOC120045073	LOC120045073	RNA-binding protein Musashi homolog 2	protein_coding	3	NC_052309.1	21927544	22334061	+	0		0			0	0	1	intron	0	259	5995	13307	35	71	0.44	0.49	NA	0	0	NA		0
gene-LOC120041732	LOC120041732	C-type lectin domain family 4 member M-like	protein_coding	0	NW_024061219.1	119949	124821	+	0		0			0	0	1	downstream<=5kb	0	259	1449	1715	10	2	0.00	0.00	NA	0	0	NA		0
gene-cspg4	cspg4	chondroitin sulfate proteoglycan 4	protein_coding	0	NC_052327.1	8753037	8909273	+	0		0			0	0	1	intron	0	259	78	3695	0	1	0.00	0.00	NA	0	0	NA		0
gene-LOC120060290	LOC120060290	SR-related and CTD-associated factor 8-like	protein_coding	2	NC_052321.1	20603988	20677349	+	0		0			0	0	1	intron	0	259	3927	6099	8	8	0.26	0.32	NA	0	0	NA		0
gene-epha3	epha3	eph receptor A3	protein_coding	8	NC_052325.1	25273886	25408734	+	0		0			0	0	1	intron	0	258	1417	1642	27	25	0.00	0.00	NA	0	0	NA		0
gene-LOC120019746	LOC120019746	tubulinyl-Tyr carboxypeptidase 2-like	protein_coding	2	NC_052330.1	14328945	14371220	+	0		0			0	0	2	intron	0	258	0	480	1	0	0.00	0.01	NA	0	0	NA		0
gene-LOC120040961	LOC120040961	zinc finger protein 609-like	protein_coding	2	NW_024060952.1	108307	195861	-	0		0			0	0	2	intron	0	255	1536	1455	16	25	0.23	0.24	NA	0	0	NA		0
gene-LOC120041370	LOC120041370	transmembrane channel-like protein 7	protein_coding	2	NW_024061147.1	115663	130970	+	0		0			0	0	1	promoter	0	255	0	227	2	9	0.05	0.06	NA	0	0	NA		0
gene-LOC120052211	LOC120052211	E3 ubiquitin-protein ligase TRIM39-like	protein_coding	2	NC_052314.1	56532550	56534172	+	0		0			0	0	1	promoter	0	253	0	0	0	0	0.01	0.01	NA	0	0	NA		0
gene-LOC120064874	LOC120064874	metabotropic glutamate receptor 7	protein_coding	4	NC_052326.1	53668781	54079471	-	0		0			0	0	3	intron	0	252	27042	19971	88	65	0.00	0.00	NA	0	0	NA		0
gene-LOC120061457	LOC120061457	aerolysin-like protein	protein_coding	1	NC_052322.1	42478594	42515746	+	0		0			0	0	1	downstream<=5kb	0	252	298	214	1	4	0.17	0.16	NA	0	0	NA		0
gene-LOC120028483	LOC120028483	protocadherin Fat 3-like	protein_coding	4	NC_052340.1	30933575	31013476	+	0		0			0	0	1	intron	0	251	3690	5372	70	133	0.00	0.00	NA	0	0	NA		0
gene-LOC120040568	LOC120040568	sodium-dependent dopamine transporter-like	protein_coding	8	NW_024060603.1	7598	19542	-	0		0			0	0	1	downstream<=5kb	0	251	743	1016	20	53	0.00	0.00	NA	0	0	NA		0
gene-LOC120024122	LOC120024122	ras-related protein Rab-15-like	protein_coding	3	NC_052335.1	35337911	35377940	+	0		0			0	0	2	intron	0	251	318	1614	1	7	0.00	0.00	NA	0	0	NA		0
gene-LOC120064172	LOC120064172	sentrin-specific protease 7-like	protein_coding	4	NC_052325.1	15960247	15980587	+	0		0			0	0	1	intron	0	251	0	380	0	0	0.57	0.53	NA	0	0	NA		0
gene-LOC120033050	LOC120033050	CMRF35-like molecule 1	protein_coding	0	NC_052345.1	85250	93294	+	0		0			0	0	1	upstream<=5kb	0	250	846	0	10	3	0.00	0.00	NA	0	0	NA		0
gene-taf2	taf2	TAF2 RNA polymerase II, TATA box binding protein (TBP)-associated factor	protein_coding	5	NC_052311.1	74167614	74215856	+	0		0			0	0	1	intron	0	249	3922	6867	71	240	0.63	0.62	NA	0	0	NA		0
gene-utrn	utrn	utrophin	protein_coding	4	NC_052330.1	20131541	20384913	+	0		0			0	0	1	intron	0	249	4612	14640	43	41	0.54	0.43	NA	0	0	NA		0
gene-shisal1a	shisal1a	shisa like 1a	protein_coding	0	NC_052314.1	14345013	14383152	-	0		0			0	0	1	intron	0	249	0	648	4	2	0.00	0.00	NA	0	0	NA		0
gene-ptprsa	ptprsa	protein tyrosine phosphatase receptor type Sa	protein_coding	3	NC_052315.1	7083540	7424860	-	0		0			0	0	1	intron	0	248	8660	11733	185	283	0.00	0.00	NA	0	0	NA		0
gene-LOC120037182	LOC120037182	periplakin-like	protein_coding	8	NW_024058353.1	212193	261040	+	0		0			0	0	1	intron	0	246	4013	3663	14	9	0.02	0.03	NA	0	0	NA		0
gene-LOC120031821	LOC120031821	coiled-coil domain-containing protein 136-like	protein_coding	3	NC_052344.1	10216789	10237031	+	0		0			0	0	1	intron	0	246	509	2408	3	11	0.08	0.10	NA	0	0	NA		0
gene-LOC120036755	LOC120036755	zinc finger protein 79-like	protein_coding	4	NW_024058196.1	46839	47637	+	0		0			0	0	1	downstream<=5kb	0	245	0	0	0	0	0.02	0.03	NA	0	0	NA		0
gene-LOC120022997	LOC120022997	adenosine receptor A2a-like	protein_coding	4	NC_052334.1	4945504	4951697	+	0		0			0	0	1	promoter	0	245	322	1778	2	10	0.00	0.00	NA	0	0	NA		0
gene-LOC120057499	LOC120057499	nectin-3-like protein	protein_coding	4	NC_052318.1	34443210	34479990	+	0		0			0	0	1	intron	0	244	280	970	1	2	0.00	0.00	NA	0	0	NA		0
gene-asic2	asic2	acid-sensing (proton-gated) ion channel 2	protein_coding	3	NC_052347.1	20613302	21037711	-	0		0			0	0	1	intron	0	244	13448	23864	88	133	0.00	0.00	NA	0	0	NA		0
gene-LOC120041232	LOC120041232	zinc finger protein 135-like	protein_coding	0	NW_024061110.1	122104	142584	-	0		0			0	0	2	downstream<=5kb	0	243	407	1889	1	23	0.00	0.00	NA	0	0	NA		0
gene-osbpl3b	osbpl3b	oxysterol binding protein-like 3b	protein_coding	6	NC_052343.1	27622177	27708614	-	0		0			0	0	2	intron	0	242	12311	13995	95	198	0.00	0.02	NA	0	0	NA		0
gene-LOC120054385	LOC120054385	extensin-like	protein_coding	0	NC_052316.1	49743345	49776537	-	0		0			0	0	1	intron	0	242	2711	3545	32	60	0.00	0.00	NA	0	0	NA		0
gene-LOC120040407	LOC120040407	gastrula zinc finger protein XlCGF57.1-like	protein_coding	3	NW_024060452.1	470097	475923	+	0		0			0	0	1	promoter	0	242	0	242	0	3	0.13	0.11	NA	0	0	NA		0
gene-dyrk2	dyrk2	dual-specificity tyrosine-(Y)-phosphorylation regulated kinase 2	protein_coding	6	NW_024061151.1	118440	144937	-	0		0			0	0	1	intron	0	241	5447	6130	98	121	0.16	0.18	NA	0	0	NA		0
gene-LOC120037100	LOC120037100	SH3 and multiple ankyrin repeat domains protein 3-like	protein_coding	5	NW_024058298.1	2686	40302	+	0		0			0	0	1	intron	0	241	5982	4604	19	82	0.10	0.08	NA	0	0	NA		0
gene-LOC120040240	LOC120040240	uncharacterized protein KIAA1522-like	protein_coding	0	NW_024060308.1	103103	162632	+	0		0			0	0	2	intron	0	241	9089	9365	56	110	0.00	0.00	NA	0	0	NA		0
gene-LOC120047348	LOC120047348	threonylcarbamoyladenosine tRNA methylthiotransferase-like	protein_coding	4	NC_052311.1	72967106	73284319	-	0		0			0	0	4	intron	0	240	37541	55183	180	434	0.09	0.22	NA	0	0	NA		0
gene-LOC120041682	LOC120041682	equistatin-like	protein_coding	3	NW_024061202.1	14421	58396	-	0		0			0	0	1	promoter	0	240	2092	3569	3	4	0.00	0.00	NA	0	0	NA		0
gene-LOC120052253	LOC120052253	neuronal acetylcholine receptor subunit alpha-7-like	protein_coding	10	NC_052314.1	66236056	66303721	+	0		0			0	0	1	intron	0	240	18149	16613	135	214	0.00	0.00	NA	0	0	NA		0
gene-LOC120053339	LOC120053339	C-type natriuretic peptide 4-like	protein_coding	5	NC_052315.1	4169598	4171555	-	0		0			0	0	1	downstream<=5kb	0	240	0	0	0	0	0.00	0.01	NA	0	0	NA		0
gene-LOC120039875	LOC120039875	carbohydrate sulfotransferase 1-like	protein_coding	6	NW_024059953.1	93120	94397	+	0		0			0	0	1	promoter	0	240	0	0	0	0	0.00	0.00	NA	0	0	NA		0
gene-npas4l	npas4l	neuronal PAS domain protein 4 like	protein_coding	4	NW_024059242.1	210260	227994	-	0		0			0	0	1	intron	0	240	3983	853	5	10	0.00	0.00	NA	0	0	NA		0
gene-LOC120050848	LOC120050848	receptor tyrosine-protein kinase erbB-4-like	protein_coding	9	NC_052313.1	54753353	54929309	-	0		0			0	0	2	intron	0	237	18404	22060	297	318	0.00	0.00	NA	0	0	NA		0
gene-LOC120038939	LOC120038939	pantothenate kinase 3-like	protein_coding	5	NW_024059275.1	101366	133126	+	0		0			0	0	1	downstream<=5kb	0	237	1219	2808	3	7	0.78	0.68	NA	0	0	NA		0
gene-LOC120051410	LOC120051410	prostaglandin F2 receptor negative regulator-like	protein_coding	0	NC_052313.1	52189160	52254072	-	0		0			0	0	1	intron	0	235	6022	10536	79	148	0.12	0.13	NA	0	0	NA		0
gene-LOC120052917	LOC120052917	butyrophilin subfamily 2 member A1-like	protein_coding	1	NC_052307.1	74513292	74527967	+	0		0			0	0	1	promoter	0	235	130	361	2	4	0.01	0.00	NA	0	0	NA		0
gene-LOC120052912	LOC120052912	secretogranin-3-like	protein_coding	2	NC_052307.1	74485750	74513164	-	0		0			0	0	1	promoter	0	235	1009	1952	16	44	0.05	0.05	NA	0	0	NA		0
gene-cep63	cep63	centrosomal protein 63	protein_coding	3	NC_052315.1	1140351	1158660	+	0		0			0	0	1	downstream<=5kb	0	234	815	56	1	4	0.07	0.07	NA	0	0	NA		0
gene-wt1b	wt1b	WT1 transcription factor b	protein_coding	4	NC_052307.1	78744680	78766792	-	0		0			0	0	2	intron	0	231	578	1285	7	30	0.07	0.04	NA	0	0	NA		0
gene-kiaa1549lb	kiaa1549lb	KIAA1549-like b	protein_coding	0	NC_052307.1	79057507	79157762	+	0		0			0	0	5	intron	0	231	11717	12973	86	146	0.05	0.03	NA	0	0	NA		0
gene-LOC120059732	LOC120059732	E3 ubiquitin-protein ligase TRIM9-like	protein_coding	1	NC_052321.1	3999477	5104536	-	0		0			0	0	5	intron	0	231	59087	58420	667	708	0.00	0.00	NA	0	0	NA		0
gene-LOC120038320	LOC120038320	zinc finger protein 729-like	protein_coding	3	NW_024058931.1	168105	218598	+	0		0			0	0	1	downstream<=5kb	0	229	9348	2838	1	4	0.06	0.03	NA	0	0	NA		0
gene-LOC120045312	LOC120045312	zinc finger MIZ domain-containing protein 1-like	protein_coding	5	NC_052310.1	2100392	2278055	+	0		0			0	0	1	intron	0	229	12745	5958	40	74	0.01	0.01	NA	0	0	NA		0
gene-shank3a	shank3a	SH3 and multiple ankyrin repeat domains 3a	protein_coding	5	NC_052308.1	25604721	26289024	-	0		0			2	0	2	intron	0	226	33694	18990	314	437	0.00	0.00	NA	0	0	NA		0
gene-spred1	spred1	sprouty related EVH1 domain containing 1	protein_coding	4	NC_052321.1	28377696	28454391	+	0		0			0	0	1	intron	0	226	6944	3839	6	0	0.12	0.18	NA	0	0	NA		0
gene-LOC120024759	LOC120024759	dual specificity mitogen-activated protein kinase kinase 5-like	protein_coding	4	NC_052336.1	1701173	1808161	-	0		0			0	0	1	intron	0	225	11428	10395	108	277	0.00	0.00	NA	0	0	NA		0
gene-LOC120041916	LOC120041916	DISP complex protein LRCH3-like	protein_coding	1	NW_024061286.1	420555	496271	+	0		0			0	0	1	intron	0	225	10960	1183	5	9	0.01	0.01	NA	0	0	NA		0
gene-LOC120056825	LOC120056825	relaxin receptor 2-like	protein_coding	4	NC_052318.1	3845506	3966562	-	0		0			0	0	1	intron	0	225	10241	4675	89	118	0.00	0.00	NA	0	0	NA		0
gene-LOC120043213	LOC120043213	extracellular serine/threonine protein kinase FAM20C-like	protein_coding	3	NC_052309.1	93593471	93665728	+	0		0			0	0	1	intron	0	225	5609	2169	70	71	0.67	0.93	NA	0	0	NA		0
gene-LOC120040092	LOC120040092	C-terminal-binding protein 2-like	protein_coding	3	NW_024060142.1	105993	174491	+	0		0			0	0	1	intron	0	224	7043	3501	158	180	0.01	0.01	NA	0	0	NA		0
gene-LOC120039486	LOC120039486	islet cell autoantigen 1-like	protein_coding	3	NW_024059611.1	518	15595	+	0		0			0	0	1	promoter	0	224	4227	5354	58	70	0.00	0.00	NA	0	0	NA		0
gene-LOC120059784	LOC120059784	usherin-like	protein_coding	1	NC_052321.1	14553330	14754747	-	0		0			0	0	1	intron	0	224	47043	11881	39	16	0.00	0.00	NA	0	0	NA		0
gene-ptprda	ptprda	protein tyrosine phosphatase receptor type Da	protein_coding	2	NW_024061437.1	34628	114618	-	0		0			0	0	1	downstream<=5kb	0	224	5684	6579	45	106	0.00	0.00	NA	0	0	NA		0
gene-LOC120045955	LOC120045955	metal transporter CNNM4-like	protein_coding	4	NC_052310.1	63837206	63869418	-	0		0			0	0	1	intron	0	224	291	519	6	6	0.00	0.00	NA	0	0	NA		0
gene-LOC120036602	LOC120036602	tumor necrosis factor ligand superfamily member 14-like	protein_coding	3	NW_024058099.1	25415	38310	-	0		0			0	0	1	downstream<=5kb	0	223	888	2108	10	7	0.01	0.02	NA	0	0	NA		0
gene-sh3bgrl2	sh3bgrl2	SH3 domain binding glutamate-rich protein like 2	protein_coding	1	NC_052330.1	37528032	37545636	+	0		0			0	0	1	upstream<=5kb	0	223	0	53	3	3	0.57	0.63	NA	0	0	NA		0
gene-LOC120019184	LOC120019184	forkhead box protein N3-like	protein_coding	4	NC_052330.1	31905551	32021438	-	0		0			0	0	1	intron	0	223	4656	3531	17	32	0.06	0.05	NA	0	0	NA		0
gene-hoxa9b	hoxa9b	homeobox A9b	protein_coding	8	NC_052343.1	27942822	27944181	-	0		0			0	0	1	downstream<=5kb	0	222	0	0	0	0	0.00	0.00	NA	0	0	NA		0
gene-LOC120019109	LOC120019109	uromodulin-like	protein_coding	4	NC_052308.1	77575929	77596105	-	0		0			0	0	1	intron	0	222	6784	1918	9	22	0.38	0.50	NA	0	0	NA		0
gene-LOC120041100	LOC120041100	fibrillin-2-like	protein_coding	1	NW_024061070.1	11817	15543	-	0		0			0	0	1	downstream<=5kb	0	220	0	0	0	0	0.02	0.06	NA	0	0	NA		0
gene-LOC120043579	LOC120043579	multiple epidermal growth factor-like domains protein 11	protein_coding	1	NW_024061715.1	64220	93968	-	0		0			0	0	1	downstream<=5kb	0	219	2338	6505	14	34	0.00	0.00	NA	0	0	NA		0
gene-LOC120030968	LOC120030968	centrosomal protein of 192 kDa-like	protein_coding	9	NC_052343.1	29769918	29821930	-	0		0			0	0	1	intron	0	218	7143	8954	236	155	0.05	0.04	NA	0	0	NA		0
gene-LOC120055372	LOC120055372	uncharacterized LOC120055372	protein_coding	5	NC_052317.1	34377818	34394052	-	0		0			0	0	1	intron	0	217	0	434	0	1	0.00	0.00	NA	0	0	NA		0
gene-LOC120019396	LOC120019396	ryanodine receptor 3-like	protein_coding	8	NC_052330.1	32277876	32424639	-	0		0			0	0	1	intron	0	217	9043	18853	483	95	0.00	0.00	NA	0	0	NA		0
gene-LOC120044834	LOC120044834	vasorin-like	protein_coding	2	NC_052309.1	1143726	1193755	+	0		0			0	0	1	intron	0	217	2595	3207	8	16	0.31	0.35	NA	0	0	NA		0
gene-LOC120036133	LOC120036133	semaphorin-6D-like	protein_coding	9	NW_024057918.1	17787	58246	-	0		0			0	0	1	intron	0	216	1393	591	7	11	0.01	0.00	NA	0	0	NA		0
gene-LOC120025207	LOC120025207	lamin-L(III)-like	protein_coding	0	NC_052336.1	4238803	4257035	+	0		0			0	0	1	promoter	0	215	385	951	5	15	0.11	0.12	NA	0	0	NA		0
gene-LOC120028424	LOC120028424	protocadherin-16-like	protein_coding	3	NC_052340.1	21010567	21195581	+	0		0			0	0	1	intron	0	214	2823	5808	11	34	0.00	0.00	NA	0	0	NA		0
gene-ada2b	ada2b	adenosine deaminase 2b	protein_coding	4	NC_052312.1	36708104	36711035	-	0		0			0	0	1	downstream<=5kb	0	212	0	0	0	0	0.00	0.00	NA	0	0	NA		0
gene-mical2b	mical2b	microtubule associated monooxygenase, calponin and LIM domain containing 2b	protein_coding	2	NC_052327.1	33455638	33534668	-	0		0			0	0	1	intron	0	212	16369	14095	24	16	0.00	0.00	NA	0	0	NA		0
gene-LOC120048831	LOC120048831	focal adhesion kinase 1-like	protein_coding	6	NC_052311.1	68926843	69073443	+	0		0			0	0	1	intron	0	212	16195	13773	95	77	0.03	0.04	NA	0	0	NA		0
gene-LOC120052311	LOC120052311	recombining binding protein suppressor of hairless-like	protein_coding	6	NC_052314.1	3910884	3943519	-	0		0			0	0	1	intron	0	211	3136	1329	72	90	0.10	0.12	NA	0	0	NA		0
gene-LOC120036670	LOC120036670	uncharacterized LOC120036670	protein_coding	0	NW_024058143.1	9027	10271	-	0		0			0	0	1	upstream<=5kb	0	210	0	464	1	2	0.00	0.00	NA	0	0	NA		0
gene-LOC120059177	LOC120059177	membrane-associated guanylate kinase, WW and PDZ domain-containing protein 3-like	protein_coding	3	NC_052320.1	14134671	14441870	+	0		0			0	0	1	intron	0	210	6958	14975	20	89	0.02	0.02	NA	0	0	NA		0
gene-LOC120040195	LOC120040195	potassium voltage-gated channel subfamily KQT member 1-like	protein_coding	5	NW_024060286.1	80777	116149	-	0		0			0	0	2	promoter	0	210	6651	8016	28	89	0.00	0.00	NA	0	0	NA		0
gene-LOC120020067	LOC120020067	corticotropin-releasing factor receptor 2	protein_coding	10	NC_052331.1	12659779	12746336	+	0		0			0	0	1	intron	0	210	509	578	11	45	0.00	0.00	NA	0	0	NA		0
gene-LOC120036026	LOC120036026	uncharacterized LOC120036026	protein_coding	4	NW_024057886.1	832	29383	-	0		0			0	0	1	intron	0	209	3341	4287	58	92	0.16	0.12	NA	0	0	NA		0
gene-LOC120063479	LOC120063479	metal transporter CNNM4-like	protein_coding	5	NC_052324.1	44135860	44186625	+	0		0			0	0	1	intron	0	208	2873	3073	53	29	0.42	0.39	NA	0	0	NA		0
gene-LOC120035242	LOC120035242	uncharacterized LOC120035242	protein_coding	0	NW_024057675.1	634731	637132	+	0		0			0	0	1	downstream<=5kb	0	208	0	54	0	2	0.00	0.00	NA	0	0	NA		0
gene-LOC120050319	LOC120050319	disco-interacting protein 2 homolog C-like	protein_coding	0	NC_052313.1	10778748	10813699	-	0		0			0	0	1	intron	0	207	937	2762	22	16	0.00	0.00	NA	0	0	NA		0
gene-ror2	ror2	receptor tyrosine kinase-like orphan receptor 2	protein_coding	8	NC_052337.1	4485472	4625714	+	0		0			0	0	1	intron	0	207	2983	4609	29	83	0.09	0.06	NA	0	0	NA		0
gene-LOC120057201	LOC120057201	cortexin domain-containing 1-like	protein_coding	0	NC_052307.1	73081054	73081257	-	0		0			0	0	1	promoter	0	207	0	0	0	0	0.00	0.00	NA	0	0	NA		0
gene-LOC120053472	LOC120053472	protein mono-ADP-ribosyltransferase PARP8-like	protein_coding	8	NC_052307.1	741348	859581	+	0		0			0	0	1	intron	0	205	13879	12072	72	97	0.01	0.02	NA	0	0	NA		0
gene-LOC120039172	LOC120039172	disco-interacting protein 2 homolog A	protein_coding	1	NW_024059446.1	4950	28621	-	0		0			0	0	1	upstream<=5kb	0	205	4047	3005	4	3	0.00	0.00	NA	0	0	NA		0
gene-LOC120062414	LOC120062414	cytoplasmic FMR1-interacting protein 2-like	protein_coding	9	NC_052323.1	20531706	20596034	-	0		0			0	0	2	intron	0	204	4326	14314	98	75	0.00	0.00	NA	0	0	NA		0
gene-LOC120048037	LOC120048037	adenylate cyclase type 2-like	protein_coding	6	NC_052307.1	69885198	69919250	-	0		0			0	0	1	intron	0	204	0	2030	0	15	0.02	0.05	NA	0	0	NA		0
gene-LOC120042908	LOC120042908	transcription factor COE1-A-like	protein_coding	3	NW_024061531.1	52413	161762	-	0		0			0	0	1	intron	0	204	1449	4454	9	32	0.00	0.00	NA	0	0	NA		0
gene-LOC120042593	LOC120042593	RNA-binding protein 26-like	protein_coding	4	NW_024061448.1	59099	80286	-	0		0			0	0	1	intron	0	203	1619	4271	3	4	0.27	0.15	NA	0	0	NA		0
gene-LOC120034101	LOC120034101	neurabin-2-like	protein_coding	8	NC_052347.1	2857598	2920883	-	0		0			0	0	1	intron	0	201	0	1374	0	1	0.11	0.11	NA	0	0	NA		0
gene-LOC120036687	LOC120036687	butyrophilin subfamily 1 member A1-like	protein_coding	1	NW_024058160.1	21552	30907	+	0		0			0	0	1	upstream<=5kb	0	201	0	0	0	0	0.00	0.00	NA	0	0	NA		0
gene-LOC120063387	LOC120063387	G protein-coupled receptor kinase 5-like	protein_coding	6	NC_052324.1	34484098	34491282	-	0		0			0	0	1	upstream<=5kb	0	201	0	0	0	0	0.67	0.45	NA	0	0	NA		0
gene-esrrga	esrrga	estrogen-related receptor gamma a	protein_coding	7	NC_052334.1	34188777	34263251	-	0		0			0	0	2	intron	0	201	377	838	4	16	0.00	0.00	NA	0	0	NA		0
gene-dnajc10	dnajc10	DnaJ (Hsp40) homolog, subfamily C, member 10	protein_coding	0	NC_052325.1	27882256	27913245	-	0		0			0	0	1	upstream<=5kb	0	201	0	0	0	4	0.01	0.01	NA	0	0	NA		0
gene-LOC120034770	LOC120034770	disintegrin and metalloproteinase domain-containing protein 19-like	protein_coding	3	NC_052348.1	19557135	19613426	-	0		0			0	0	1	intron	0	200	2427	5907	24	76	0.00	0.00	NA	0	0	NA		0
gene-LOC120044083	LOC120044083	sarcalumenin-like	protein_coding	1	NC_052309.1	83989168	84037104	+	0		0			0	0	1	intron	0	198	7924	11996	7	36	0.00	0.00	NA	0	0	NA		0
gene-LOC120046850	LOC120046850	proteasome activator complex subunit 4B-like	protein_coding	7	NC_052310.1	81127269	81234132	-	0		0			0	0	1	intron	0	198	15270	1599	84	48	0.82	0.67	NA	0	0	NA		0
gene-LOC120037314	LOC120037314	general transcription factor 3C polypeptide 3-like	protein_coding	3	NW_024058445.1	12948	35685	+	0		0			0	0	3	intron	0	198	4576	3873	36	33	0.22	0.15	NA	0	0	NA		0
gene-lmnb2	lmnb2	lamin B2	protein_coding	0	NC_052316.1	44646712	44667929	-	0		0			0	0	1	downstream<=5kb	0	197	86	162	0	7	0.40	0.44	NA	0	0	NA		0
gene-LOC120039661	LOC120039661	glutamate receptor 3-like	protein_coding	9	NW_024059785.1	209847	411423	-	0		0			0	0	2	intron	0	197	15104	15767	209	98	0.00	0.00	NA	0	0	NA		0
gene-LOC120040854	LOC120040854	vascular endothelial growth factor receptor 3-like	protein_coding	7	NW_024060857.1	6118	18901	-	0		0			0	0	2	intron	0	197	943	3173	1	1	0.02	0.00	NA	0	0	NA		0
gene-LOC120019179	LOC120019179	breast cancer metastasis-suppressor 1-like protein-A	protein_coding	4	NC_052330.1	31611985	31622546	+	0		0			0	0	1	intron	0	196	98	202	0	0	0.24	0.23	NA	0	0	NA		0
gene-iqgap1	iqgap1	IQ motif containing GTPase activating protein 1	protein_coding	7	NC_052307.1	73725143	73795423	+	0		0			3	0	1	intron	0	196	7930	13021	19	54	0.31	0.41	NA	0	0	NA		0
gene-sash1b	sash1b	SAM and SH3 domain containing 1b	protein_coding	1	NC_052334.1	7864616	7999256	+	0		0			0	0	3	promoter	0	195	16049	24263	9	26	0.00	0.01	NA	0	0	NA		0
gene-LOC120058352	LOC120058352	cyclin-Y-like protein 1	protein_coding	5	NC_052319.1	23939889	23953504	-	0		0			0	0	1	upstream<=5kb	0	194	0	91	0	0	0.00	0.00	NA	0	0	NA		0
gene-LOC120063774	LOC120063774	LIM and senescent cell antigen-like-containing domain protein 1	protein_coding	7	NC_052325.1	26147349	26218880	+	0		0			0	0	1	intron	0	194	8873	3353	9	18	0.11	0.08	NA	0	0	NA		0
gene-neo1a	neo1a	neogenin 1a	protein_coding	3	NW_024061141.1	67659	176664	-	0		0			0	0	1	downstream<=5kb	0	193	8044	14779	25	26	0.56	0.56	NA	0	0	NA		0
gene-LOC120041350	LOC120041350	sorting nexin-1-like	protein_coding	5	NW_024061141.1	52534	62237	-	0		0			0	0	1	upstream<=5kb	0	193	0	0	0	0	0.36	0.37	NA	0	0	NA		0
gene-LOC120040200	LOC120040200	cyclin-dependent kinase inhibitor 1B-like	protein_coding	3	NW_024060286.1	74661	75461	+	0		0			0	0	1	promoter	0	192	0	0	0	0	0.00	0.00	NA	0	0	NA		0
gene-LOC120038369	LOC120038369	b(0,+)-type amino acid transporter 1-like	protein_coding	3	NW_024058971.1	12700	23346	+	0		0			0	0	1	downstream<=5kb	0	192	207	0	6	1	0.10	0.13	NA	0	0	NA		0
gene-LOC120053667	LOC120053667	calmodulin-regulated spectrin-associated protein 2-like	protein_coding	7	NC_052315.1	5193988	5299173	+	0		0			0	0	1	intron	0	192	2357	1944	17	33	0.01	0.00	NA	0	0	NA		0
gene-cdc25b	cdc25b	cell division cycle 25B	protein_coding	7	NC_052334.1	308580	324950	+	0		0			0	0	1	intron	0	192	432	1458	11	28	0.00	0.00	NA	0	0	NA		0
gene-mpp2b	mpp2b	membrane protein, palmitoylated 2b (MAGUK p55 subfamily member 2)	protein_coding	3	NC_052310.1	16430701	16442931	-	0		0			0	0	1	upstream<=5kb	0	191	0	0	0	0	0.00	0.00	NA	0	0	NA		0
gene-LOC120041441	LOC120041441	thymidine kinase, cytosolic-like	protein_coding	3	NW_024061161.1	128787	132274	+	0		0			0	0	1	upstream<=5kb	0	190	0	0	0	0	0.57	0.51	NA	0	0	NA		0
gene-LOC120044111	LOC120044111	NACHT, LRR and PYD domains-containing protein 12-like	protein_coding	1	NC_052309.1	89335931	89358462	+	0		0			0	0	1	intron	0	190	3774	289	2	15	0.00	0.00	NA	0	0	NA		0
gene-LOC120040148	LOC120040148	uncharacterized LOC120040148	protein_coding	4	NW_024060228.1	11849	21320	+	0		0			0	0	1	downstream<=5kb	0	190	245	359	4	1	0.00	0.00	NA	0	0	NA		0
gene-aldh1a3	aldh1a3	aldehyde dehydrogenase 1 family, member A3	protein_coding	1	NC_052307.1	80003200	80036509	+	0		0			0	0	1	intron	0	190	1520	1032	18	27	0.00	0.00	NA	0	0	NA		0
gene-LOC120049392	LOC120049392	normal mucosa of esophagus-specific gene 1 protein-like	protein_coding	1	NC_052312.1	39807695	39813562	-	0		0			0	0	1	intron	0	188	188	972	0	8	0.06	0.04	NA	0	0	NA		0
gene-LOC120027965	LOC120027965	transmembrane protein 108-like	protein_coding	7	NC_052339.1	1108324	1179509	+	0		0			0	0	1	intron	0	188	260	325	7	4	0.05	0.11	NA	0	0	NA		0
gene-LOC120038412	LOC120038412	uncharacterized LOC120038412	protein_coding	0	NW_024059008.1	25908	27887	-	0		0			0	0	1	promoter	0	188	96	0	0	0	0.00	0.00	NA	0	0	NA		0
gene-LOC120038413	LOC120038413	uncharacterized LOC120038413	protein_coding	0	NW_024059008.1	28732	82098	-	0		0			0	0	1	intron	0	188	2810	10946	63	87	0.00	0.01	NA	0	0	NA		0
gene-paqr6	paqr6	progestin and adipoQ receptor family member VI	protein_coding	2	NC_052343.1	12002359	12009835	+	0		0			0	0	1	downstream<=5kb	0	186	0	0	0	0	0.09	0.05	NA	0	0	NA		0
gene-LOC120042547	LOC120042547	transport and Golgi organization protein 1 homolog	protein_coding	5	NW_024061431.1	279749	299900	-	0		0			0	0	1	intron	0	186	3904	467	3	2	0.00	0.01	NA	0	0	NA		0
gene-LOC120025639	LOC120025639	CBP80/20-dependent translation initiation factor-like	protein_coding	5	NC_052337.1	45245686	45384466	-	0		0			0	0	1	intron	0	186	54	186	0	2	0.54	0.64	NA	0	0	NA		0
gene-myb	myb	v-myb avian myeloblastosis viral oncogene homolog	protein_coding	4	NW_024060009.1	10238	58411	+	0		0			0	0	2	intron	0	186	2782	4221	71	63	0.00	0.00	NA	0	0	NA		0
gene-LOC120036483	LOC120036483	gamma-aminobutyric acid type B receptor subunit 2-like	protein_coding	5	NW_024058064.1	51497	302814	-	0		0			0	0	1	intron	0	185	5964	7422	19	63	0.00	0.00	NA	0	0	NA		0
gene-wnt5b	wnt5b	wingless-type MMTV integration site family, member 5b	protein_coding	8	NW_024061564.1	241770	279347	-	0		0			0	0	1	intron	0	185	10742	4191	13	16	0.00	0.01	NA	0	0	NA		0
gene-LOC120020191	LOC120020191	serine/threonine-protein kinase OSR1-like	protein_coding	3	NC_052331.1	3957956	3996927	+	0		0			0	0	1	intron	0	185	762	1563	2	6	0.08	0.04	NA	0	0	NA		0
gene-blk	blk	BLK proto-oncogene, Src family tyrosine kinase	protein_coding	8	NC_052330.1	37182849	37242958	-	0		0			0	0	1	intron	0	185	6155	3776	85	101	0.00	0.00	NA	0	0	NA		0
gene-spon1b	spon1b	spondin 1b	protein_coding	2	NC_052327.1	33869302	33996472	-	0		0			0	0	1	intron	0	183	7515	3081	37	88	0.12	0.11	NA	0	0	NA		0
gene-atf6	atf6	activating transcription factor 6	protein_coding	5	NC_052316.1	45206946	45322481	-	0		0			0	0	1	intron	0	183	6490	10761	23	56	0.45	0.39	NA	0	0	NA		0
gene-asap1a	asap1a	ArfGAP with SH3 domain, ankyrin repeat and PH domain 1a	protein_coding	4	NC_052317.1	5073615	5234339	-	0		0			0	0	1	intron	0	183	456	1279	15	20	0.00	0.00	NA	0	0	NA		0
gene-LOC120039491	LOC120039491	microtubule-associated protein tau-like	protein_coding	4	NW_024059619.1	77034	188605	-	0		0			0	0	1	intron	0	182	6977	11195	52	78	0.03	0.02	NA	0	0	NA		0
gene-ankdd1a	ankdd1a	ankyrin repeat and death domain containing 1A	protein_coding	2	NC_052307.1	74198277	74218673	-	0		0			0	0	2	intron	0	181	861	3462	6	23	0.00	0.00	NA	0	0	NA		0
gene-plcg1	plcg1	phospholipase C, gamma 1	protein_coding	5	NC_052322.1	39856944	39902708	-	0		0			0	0	1	intron	0	181	9662	4470	14	2	0.87	0.78	NA	0	0	NA		0
gene-LOC120040347	LOC120040347	serine/threonine-protein kinase ULK4-like	protein_coding	3	NW_024060375.1	79968	214727	+	0		0			0	0	1	intron	0	180	1659	5727	6	50	0.02	0.00	NA	0	0	NA		0
gene-LOC120057967	LOC120057967	gap junction alpha-8 protein-like	protein_coding	2	NC_052319.1	32146388	32147875	+	0		0			0	0	1	upstream<=5kb	0	180	0	0	0	0	0.00	0.00	NA	0	0	NA		0
gene-LOC120041380	LOC120041380	actin, non-muscle 6.2	protein_coding	0	NC_052309.1	84697252	84700797	+	0		0			0	0	1	downstream<=5kb	0	180	0	0	0	0	0.12	0.32	NA	0	0	NA		0
gene-LOC120066766	LOC120066766	disintegrin and metalloproteinase domain-containing protein 10-like	protein_coding	5	NC_052327.1	48743531	48787009	-	0		0			0	0	1	upstream<=5kb	0	180	745	1945	2	39	0.00	0.01	NA	0	0	NA		0
gene-LOC120063465	LOC120063465	proheparin-binding EGF-like growth factor	protein_coding	4	NC_052324.1	42690923	42711448	+	0		0			0	0	3	promoter	0	180	282	2089	0	10	0.00	0.00	NA	0	0	NA		0
gene-LOC120035721	LOC120035721	tripartite motif-containing protein 16-like	protein_coding	2	NW_024057786.1	913848	921308	+	0		0			0	0	1	downstream<=5kb	0	179	0	619	40	77	0.26	0.19	NA	0	0	NA		0
gene-LOC120042224	LOC120042224	fructose-1,6-bisphosphatase isozyme 2-like	protein_coding	8	NW_024061354.1	13318	46130	-	0		0			0	0	2	intron	0	178	2970	3018	35	48	0.00	0.00	NA	0	0	NA		0
gene-LOC120019189	LOC120019189	neurexin-3b	protein_coding	0	NC_052330.1	32895009	33415468	-	0		0			0	0	2	intron	0	178	21386	29831	250	419	0.00	0.00	NA	0	0	NA		0
gene-LOC120036063	LOC120036063	F-BAR and double SH3 domains protein 2-like	protein_coding	5	NW_024057897.1	429716	527855	+	0		0			0	0	4	intron	0	178	7329	11982	18	78	0.00	0.00	NA	0	0	NA		0
gene-LOC120029148	LOC120029148	sodium channel subunit beta-2-like	protein_coding	1	NC_052340.1	6788071	6851888	-	0		0			0	0	1	intron	0	177	521	1594	0	1	0.00	0.00	NA	0	0	NA		0
gene-LOC120024150	LOC120024150	RING finger protein 224-like	protein_coding	2	NC_052308.1	4822512	4824306	+	0		0			0	0	1	upstream<=5kb	0	177	1794	0	0	0	0.00	0.00	NA	0	0	NA		0
gene-LOC120041320	LOC120041320	stonustoxin subunit beta-like	protein_coding	1	NW_024061131.1	53266	53739	-	0		0			0	0	1	upstream<=5kb	0	176	0	0	0	0	0.06	0.03	NA	0	0	NA		0
gene-LOC120048851	LOC120048851	uncharacterized LOC120048851	protein_coding	0	NC_052311.1	70583599	70588181	-	0		0			0	0	1	downstream<=5kb	0	175	0	0	0	0	0.00	0.00	NA	0	0	NA		0
gene-LOC120024918	LOC120024918	transmembrane channel-like protein 3	protein_coding	2	NC_052336.1	3093691	3153711	-	0		0			0	0	1	intron	0	175	3407	7399	6	32	0.01	0.00	NA	0	0	NA		0
gene-LOC120029338	LOC120029338	BTB/POZ domain-containing protein 3-like	protein_coding	5	NC_052341.1	322119	352379	-	0		0			0	0	1	downstream<=5kb	0	174	2870	2934	15	8	0.00	0.00	NA	0	0	NA		0
gene-LOC120047298	LOC120047298	phospholipid-transporting ATPase ID-like	protein_coding	7	NC_052311.1	67631807	67676086	-	0		0			0	0	1	promoter	0	174	1593	1154	80	112	0.10	0.09	NA	0	0	NA		0
gene-LOC120041934	LOC120041934	serine/threonine-protein phosphatase 6 regulatory ankyrin repeat subunit A-like	protein_coding	2	NW_024061287.1	4889	25920	+	0		0			0	0	1	downstream<=5kb	0	174	0	0	2	3	0.29	0.26	NA	0	0	NA		0
gene-ehd2b	ehd2b	EH-domain containing 2b	protein_coding	7	NW_024060242.1	29984	71359	-	0		0			0	0	1	intron	0	174	2347	562	14	3	0.17	0.23	NA	0	0	NA		0
gene-LOC120062505	LOC120062505	protocadherin-11 X-linked-like	protein_coding	3	NC_052323.1	28410324	28470303	-	0		0			0	0	1	intron	0	174	3113	6396	46	96	0.09	0.07	NA	0	0	NA		0
gene-LOC120018950	LOC120018950	metabotropic glutamate receptor 5-like	protein_coding	7	NC_052329.1	9743749	9902898	-	0		0			0	0	1	intron	0	173	12909	6746	68	150	0.00	0.00	NA	0	0	NA		0
gene-LOC120059280	LOC120059280	pleckstrin homology domain-containing family M member 2-like	protein_coding	6	NC_052320.1	23192983	23246145	-	0		0			0	0	1	intron	0	173	0	174	0	1	0.08	0.10	NA	0	0	NA		0
gene-LOC120061353	LOC120061353	proline-rich transmembrane protein 3	protein_coding	0	NC_052322.1	36785074	36810194	+	0		0			0	0	1	intron	0	173	83	360	2	0	0.22	0.13	NA	0	0	NA		0
gene-LOC120021188	LOC120021188	ER degradation-enhancing alpha-mannosidase-like protein 3	protein_coding	7	NC_052332.1	15439336	15459493	+	0		0			0	0	1	intron	0	172	0	172	0	0	0.39	0.41	NA	0	0	NA		0
gene-LOC120023558	LOC120023558	ninein-like	protein_coding	9	NC_052334.1	4074201	4135871	+	0		0			0	0	1	intron	0	171	2631	6032	6	26	0.35	0.30	NA	0	0	NA		0
gene-LOC120033734	LOC120033734	lymphocyte antigen 75-like	protein_coding	3	NC_052346.1	8214620	8253948	+	0		0			0	0	1	intron	0	171	847	923	15	8	0.17	0.25	NA	0	0	NA		0
gene-LOC120062163	LOC120062163	vegetative cell wall protein gp1-like	protein_coding	0	NC_052323.1	26603512	26627485	-	0		0			0	0	1	intron	0	171	1017	891	10	60	0.00	0.01	NA	0	0	NA		0
gene-LOC120037513	LOC120037513	zinc finger and BTB domain-containing protein 7B-like	protein_coding	5	NW_024058497.1	24928	44947	+	0		0			0	0	1	downstream<=5kb	0	170	0	71	2	4	0.01	0.03	NA	0	0	NA		0
gene-LOC120027968	LOC120027968	transportin-2	protein_coding	6	NC_052308.1	72141110	72166095	+	0		0			0	0	2	intron	0	170	5301	6234	144	248	0.08	0.08	NA	0	0	NA		0
gene-LOC120033907	LOC120033907	axin-1-like	protein_coding	1	NC_052347.1	8054794	8097733	-	0		0			0	0	1	intron	0	169	0	228	1	1	0.85	0.97	NA	0	0	NA		0
gene-LOC120020665	LOC120020665	coiled-coil and C2 domain-containing protein 1B-like	protein_coding	4	NC_052331.1	35599340	35615955	-	0		0			0	0	1	intron	0	168	2736	1415	12	11	0.16	0.03	NA	0	0	NA		0
gene-LOC120036275	LOC120036275	secretogranin-3-like	protein_coding	2	NW_024057987.1	22378	56258	-	0		0			0	0	1	promoter	0	168	1097	945	4	12	0.04	0.01	NA	0	0	NA		0
gene-LOC120039905	LOC120039905	alpha-2C adrenergic receptor-like	protein_coding	6	NW_024059976.1	12871	17139	-	0		0			0	0	1	promoter	0	168	0	317	1	12	0.00	0.00	NA	0	0	NA		0
gene-LOC120056246	LOC120056246	low-density lipoprotein receptor-related protein 8-like	protein_coding	2	NC_052317.1	6763518	6937577	+	0		0			0	0	1	intron	0	168	359	5045	5	9	0.00	0.00	NA	0	0	NA		0
gene-LOC120019920	LOC120019920	coiled-coil and C2 domain-containing protein 1B-like	protein_coding	4	NC_052331.1	35594430	35697473	+	0		0			0	0	1	intron	0	168	8070	9145	54	67	0.60	0.52	NA	0	0	NA		0
gene-LOC120029335	LOC120029335	calpain-2 catalytic subunit-like	protein_coding	3	NC_052341.1	166547	198392	+	0		0			0	0	1	downstream<=5kb	0	167	2422	1402	13	5	0.37	0.30	NA	0	0	NA		0
gene-LOC120038218	LOC120038218	tetraspanin-18-like	protein_coding	1	NW_024058905.1	9721	24843	-	0		0			0	0	1	intron	0	166	1516	2392	7	14	0.00	0.00	NA	0	0	NA		0
gene-LOC120043438	LOC120043438	ligand-dependent nuclear receptor corepressor-like protein	protein_coding	2	NW_024061662.1	11786	38087	-	0		0			0	0	1	intron	0	166	4149	6379	39	46	0.01	0.00	NA	0	0	NA		0
gene-LOC120036648	LOC120036648	uncharacterized LOC120036648	protein_coding	5	NW_024058131.1	72335	109976	-	0		0			0	0	1	intron	0	166	1497	1751	9	15	0.09	0.11	NA	0	0	NA		0
gene-ddx58	ddx58	DEAD (Asp-Glu-Ala-Asp) box polypeptide 58	protein_coding	6	NW_024058798.1	33313	71129	-	0		0			0	0	1	intron	0	166	2957	2724	75	96	0.27	0.20	NA	0	0	NA		0
gene-LOC120050569	LOC120050569	receptor-type tyrosine-protein phosphatase-like N	protein_coding	3	NC_052313.1	58052461	58090856	-	0		0			0	0	1	intron	0	166	351	1394	8	19	0.00	0.00	NA	0	0	NA		0
gene-LOC120052703	LOC120052703	intestinal mucin-like protein	protein_coding	3	NC_052307.1	67855327	67861252	-	0		0			0	0	1	downstream<=5kb	0	166	0	0	0	1	0.00	0.00	NA	0	0	NA		0
gene-LOC120025115	LOC120025115	endophilin-A3-like	protein_coding	6	NC_052336.1	4276448	4321906	-	0		0			0	0	1	intron	0	164	4387	2089	29	9	0.09	0.08	NA	0	0	NA		0
gene-LOC120045717	LOC120045717	kinesin-like protein KIF19	protein_coding	4	NC_052310.1	72526166	72599111	+	0		0			0	0	1	intron	0	164	1739	6815	5	44	0.00	0.01	NA	0	0	NA		0
gene-LOC120037596	LOC120037596	small G protein signaling modulator 2-like	protein_coding	1	NW_024058529.1	11736	52900	-	0		0			0	0	2	intron	0	163	446	1441	2	11	0.00	0.00	NA	0	0	NA		0
gene-kdm6a	kdm6a	lysine (K)-specific demethylase 6A	protein_coding	8	NC_052325.1	32013656	32115476	+	0		0			0	0	1	intron	0	162	377	981	0	2	0.20	0.19	NA	0	0	NA		0
gene-eno4	eno4	enolase 4	protein_coding	4	NC_052310.1	41788971	41831396	+	0		0			0	0	1	intron	0	162	0	235	1	1	0.00	0.00	NA	0	0	NA		0
gene-LOC120033013	LOC120033013	interferon gamma receptor 1-like	protein_coding	1	NC_052345.1	13899597	13909033	+	0		0			0	0	1	upstream<=5kb	0	162	0	0	0	0	0.00	0.00	NA	0	0	NA		0
gene-LOC120052036	LOC120052036	protein unc-13 homolog A-like	protein_coding	19	NC_052314.1	15858644	15941594	+	0		0			0	0	1	intron	0	161	10032	7597	16	62	0.00	0.00	NA	0	0	NA		0
gene-LOC120048659	LOC120048659	multiple epidermal growth factor-like domains protein 8	protein_coding	2	NC_052311.1	61934691	61967468	-	0		0			0	0	1	downstream<=5kb	0	161	0	0	0	1	0.52	0.57	NA	0	0	NA		0
gene-LOC120036314	LOC120036314	poly(rC)-binding protein 4-like	protein_coding	4	NW_024058008.1	872782	919328	-	0		0			0	0	1	intron	0	160	848	5332	10	34	0.00	0.00	NA	0	0	NA		0
gene-LOC120036445	LOC120036445	collagen alpha-2(VI) chain-like	protein_coding	0	NW_024058042.1	97273	130726	+	0		0			0	0	1	intron	0	160	2739	4045	13	25	0.72	0.58	NA	0	0	NA		0
gene-LOC120060789	LOC120060789	leucine-rich repeat and transmembrane domain-containing protein 1	protein_coding	2	NC_052322.1	41476873	41483066	+	0		0			0	0	1	downstream<=5kb	0	160	0	0	0	1	0.12	0.13	NA	0	0	NA		0
gene-LOC120047844	LOC120047844	RING finger protein 44-like	protein_coding	0	NC_052311.1	1406814	1454447	-	0		0			0	0	1	upstream<=5kb	0	160	6550	4157	72	87	0.07	0.08	NA	0	0	NA		0
gene-LOC120035968	LOC120035968	zinc finger protein 239-like	protein_coding	4	NW_024057864.1	61515	62608	-	0		0			0	0	1	downstream<=5kb	0	160	84	0	0	0	0.01	0.01	NA	0	0	NA		0
gene-LOC120037604	LOC120037604	trichohyalin-like	protein_coding	1	NW_024058530.1	18284	76965	-	0		0			0	0	2	intron	0	160	9123	18122	43	52	0.17	0.15	NA	0	0	NA		0
gene-lratb.1	lratb.1	lecithin retinol acyltransferase b, tandem duplicate 1	protein_coding	2	NC_052342.1	26185766	26196059	-	0		0			0	0	3	intron	0	160	86	1857	0	30	0.00	0.00	NA	0	0	NA		0
gene-LOC120045314	LOC120045314	calpain-2 catalytic subunit-like	protein_coding	4	NC_052310.1	2391051	2443118	-	0		0			0	0	1	intron	0	159	2069	2700	7	11	0.00	0.00	NA	0	0	NA		0
gene-LOC120036200	LOC120036200	sodium-dependent neutral amino acid transporter B(0)AT1-like	protein_coding	2	NW_024057942.1	268081	291910	-	0		0			0	0	1	upstream<=5kb	0	158	0	297	4	2	0.01	0.01	NA	0	0	NA		0
gene-LOC120048818	LOC120048818	zinc finger protein 609-like	protein_coding	2	NC_052307.1	75116935	75209556	-	0		0			0	0	1	intron	0	158	1012	1934	11	14	0.20	0.21	NA	0	0	NA		0
gene-LOC120018938	LOC120018938	cell adhesion molecule 2-like	protein_coding	0	NC_052329.1	5913170	6062307	-	0		0			0	0	1	intron	0	157	4162	4590	40	79	0.00	0.00	NA	0	0	NA		0
gene-LOC120034983	LOC120034983	transmembrane protein 131-like	protein_coding	1	NC_052348.1	1162500	1406744	+	0		0			1	0	1	intron	0	156	5082	11317	358	365	0.11	0.13	NA	0	0	NA		0
gene-invs	invs	inversin	protein_coding	3	NC_052343.1	31458154	31500747	-	0		0			0	0	1	downstream<=5kb	0	156	1799	1887	29	13	0.30	0.25	NA	0	0	NA		0
gene-LOC120040413	LOC120040413	uncharacterized LOC120040413	protein_coding	0	NW_024060452.1	403821	412373	-	0		0			1	0	1	upstream<=5kb	0	154	0	84	0	4	0.03	0.01	NA	0	0	NA		0
gene-LOC120018930	LOC120018930	immunoglobulin superfamily member 10-like	protein_coding	2	NC_052329.1	4890955	4916367	-	0		0			0	0	1	intron	0	154	751	604	31	17	0.00	0.00	NA	0	0	NA		0
gene-LOC120037839	LOC120037839	pre-mRNA-splicing factor cwc-21-like	protein_coding	0	NW_024058692.1	4372	11605	+	0		0			0	0	1	upstream<=5kb	0	152	192	0	11	26	0.01	0.01	NA	0	0	NA		0
gene-LOC120025770	LOC120025770	retinoic acid receptor RXR-alpha-A	protein_coding	12	NC_052337.1	29800457	29957294	+	0		0			0	0	1	intron	0	152	284	1121	6	3	0.52	0.49	NA	0	0	NA		0
gene-asmt2	asmt2	acetylserotonin O-methyltransferase 2	protein_coding	3	NW_024058108.1	95931	132944	-	0		0			0	0	2	intron	0	152	5015	1196	8	12	0.00	0.00	NA	0	0	NA		0
gene-LOC120036387	LOC120036387	aminopeptidase N-like	protein_coding	6	NW_024058036.1	4197	39511	+	0		0			0	0	2	promoter	0	152	4733	5092	30	51	0.00	0.00	NA	0	0	NA		0
gene-LOC120038274	LOC120038274	RING finger protein 224-like	protein_coding	2	NW_024058920.1	47876	49490	-	0		0			0	0	1	promoter	0	152	0	0	0	0	0.00	0.00	NA	0	0	NA		0
gene-LOC120064170	LOC120064170	collagen alpha-2(IV) chain-like	protein_coding	3	NC_052325.1	15075843	15180407	+	0		0			0	0	2	intron	0	152	202	636	2	3	0.35	0.29	NA	0	0	NA		0
gene-LOC120019858	LOC120019858	glypican-1-like	protein_coding	9	NC_052331.1	26889649	27037024	+	0		0			0	0	1	intron	0	152	3280	2456	11	32	0.00	0.00	NA	0	0	NA		0
gene-LOC120035934	LOC120035934	E3 ubiquitin-protein ligase HECW2-like	protein_coding	5	NW_024057851.1	56616	81946	-	0		0			0	0	1	intron	0	150	1776	3378	14	48	0.02	0.01	NA	0	0	NA		0
gene-LOC120064249	LOC120064249	band 4.1-like protein 5	protein_coding	2	NC_052325.1	23691202	23745144	+	0		0			0	0	1	intron	0	150	1092	1900	4	12	0.27	0.19	NA	0	0	NA		0
gene-si:ch73-41e3.7	si:ch73-41e3.7	uncharacterized protein LOC572312 homolog	protein_coding	3	NW_024059153.1	82093	102378	-	0		0			0	0	1	intron	0	150	1528	5326	19	14	0.00	0.00	NA	0	0	NA		0
gene-bmf2	bmf2	BCL2 modifying factor 2	protein_coding	4	NC_052330.1	36596615	36615978	-	0		0			0	0	1	intron	0	149	1338	3099	15	6	0.00	0.04	NA	0	0	NA		0
gene-LOC120054371	LOC120054371	lipoma-preferred partner homolog	protein_coding	3	NC_052316.1	47017289	47126904	+	0		0			0	0	1	intron	0	148	4464	6375	22	38	0.41	0.36	NA	0	0	NA		0
gene-LOC120044090	LOC120044090	BAH and coiled-coil domain-containing protein 1-like	protein_coding	0	NC_052309.1	85130123	85221794	-	0		0			0	0	1	intron	0	148	2769	4806	102	173	0.01	0.01	NA	0	0	NA		0
gene-slc16a4	slc16a4	solute carrier family 16 member 4	protein_coding	3	NC_052320.1	3775413	3809308	+	0		0			0	0	1	intron	0	148	386	1424	9	48	0.00	0.00	NA	0	0	NA		0
gene-mdga2a	mdga2a	MAM domain containing glycosylphosphatidylinositol anchor 2a	protein_coding	2	NC_052321.1	673015	872810	-	0		0			0	0	1	promoter	0	148	8459	14381	23	50	0.00	0.00	NA	0	0	NA		0
gene-LOC120059535	LOC120059535	plexin-B3-like	protein_coding	8	NC_052320.1	218657	262056	-	0		0			0	0	1	downstream<=5kb	0	146	3960	4735	32	62	0.02	0.01	NA	0	0	NA		0
gene-LOC120019806	LOC120019806	proto-oncogene vav-like	protein_coding	6	NC_052308.1	80285208	80343027	+	0		0			0	0	1	intron	0	146	5735	2359	47	58	0.26	0.36	NA	0	0	NA		0
gene-LOC120063037	LOC120063037	plasma membrane calcium-transporting ATPase 1-like	protein_coding	8	NC_052308.1	41689355	41858005	+	0		0			0	0	1	intron	0	145	6008	3119	7	22	0.04	0.05	NA	0	0	NA		0
gene-LOC120065502	LOC120065502	dystroglycan-like	protein_coding	11	NC_052326.1	53019919	53105924	+	0		0			0	0	1	intron	0	145	6353	5552	20	43	0.32	0.28	NA	0	0	NA		0
gene-LOC120039519	LOC120039519	zinc finger protein 239-like	protein_coding	5	NW_024059641.1	9671	12705	+	0		0			0	0	1	intron	0	144	0	986	2	0	0.00	0.00	NA	0	0	NA		0
gene-LOC120023624	LOC120023624	fibrillin-2-like	protein_coding	1	NC_052308.1	77113211	77149098	-	0		0			0	0	1	intron	0	144	3656	7267	68	220	0.00	0.00	NA	0	0	NA		0
gene-ca14	ca14	carbonic anhydrase XIV	protein_coding	3	NC_052343.1	26419146	26443664	+	0		0			0	0	1	intron	0	144	1634	383	14	83	0.01	0.00	NA	0	0	NA		0
gene-camkmt	camkmt	calmodulin-lysine N-methyltransferase	protein_coding	2	NC_052341.1	6219741	6284648	+	0		0			0	0	1	upstream<=5kb	0	144	609	449	5	1	0.70	0.67	NA	0	0	NA		0
gene-LOC120040409	LOC120040409	zinc finger protein OZF-like	protein_coding	3	NW_024060452.1	454081	458322	+	0		0			0	0	1	promoter	0	144	167	84	1	2	0.09	0.03	NA	0	0	NA		0
gene-LOC120028427	LOC120028427	calsyntenin-2-like	protein_coding	8	NC_052340.1	21436040	21565741	+	0		0			0	0	2	intron	0	144	4784	1524	100	149	0.00	0.00	NA	0	0	NA		0
gene-LOC120039521	LOC120039521	zinc finger protein 2 homolog	protein_coding	3	NW_024059641.1	8617	22139	-	0		0			0	0	1	intron	0	144	460	1398	6	4	0.01	0.01	NA	0	0	NA		0
gene-LOC120065879	LOC120065879	carbohydrate sulfotransferase 8-like	protein_coding	4	NC_052327.1	36007375	36008951	-	0		0			0	0	1	upstream<=5kb	0	144	0	0	0	0	0.00	0.00	NA	0	0	NA		0
gene-LOC120056414	LOC120056414	GTPase IMAP family member 8-like	protein_coding	1	NC_052318.1	3096259	3100278	+	0		0			0	0	1	upstream<=5kb	0	144	0	0	0	0	0.02	0.02	NA	0	0	NA		0
gene-nars2	nars2	asparaginyl-tRNA synthetase 2, mitochondrial	protein_coding	5	NW_024061313.1	86141	118492	-	0		0			0	0	1	intron	0	142	2748	9118	7	65	0.20	0.13	NA	0	0	NA		0
gene-LOC120040198	LOC120040198	transient receptor potential cation channel subfamily M member 5-like	protein_coding	4	NW_024060286.1	179783	227414	+	0		0			0	0	1	intron	0	141	808	1040	16	44	0.00	0.00	NA	0	0	NA		0
gene-foxp2	foxp2	forkhead box P2	protein_coding	4	NC_052312.1	31552705	31651549	+	0		0			0	0	1	intron	0	141	202	300	2	4	0.00	0.00	NA	0	0	NA		0
gene-LOC120037143	LOC120037143	uncharacterized LOC120037143	protein_coding	0	NW_024058330.1	126107	150969	+	0		0			0	0	1	intron	0	141	1983	14813	5	8	0.28	0.28	NA	0	0	NA		0
gene-LOC120048327	LOC120048327	chromodomain-helicase-DNA-binding protein 9-like	protein_coding	3	NC_052307.1	72017216	72136211	-	0		0			0	0	1	intron	0	140	3302	10030	54	62	0.30	0.22	NA	0	0	NA		0
gene-LOC120024738	LOC120024738	dual specificity mitogen-activated protein kinase kinase 5-like	protein_coding	4	NC_052336.1	1699	130227	-	0		0			0	0	1	intron	0	140	19436	16687	179	184	0.00	0.00	NA	0	0	NA		0
gene-si:dkey-246i14.3	si:dkey-246i14.3	ephrin A4	protein_coding	4	NW_024061628.1	4386	59367	+	0		0			0	0	2	intron	0	140	4425	6477	46	54	0.01	0.01	NA	0	0	NA		0
gene-LOC120035241	LOC120035241	zinc finger protein 79-like	protein_coding	1	NW_024057675.1	625342	627187	+	0		0			0	0	1	downstream<=5kb	0	139	0	183	1	0	0.01	0.02	NA	0	0	NA		0
gene-LOC120041950	LOC120041950	endophilin-A3-like	protein_coding	5	NW_024061300.1	21816	39584	+	0		0			0	0	1	intron	0	138	2083	851	9	3	0.08	0.07	NA	0	0	NA		0
gene-LOC120036494	LOC120036494	regulator of G-protein signaling 12-like	protein_coding	2	NW_024058072.1	23332	40044	-	0		0			0	0	1	intron	0	138	1629	2836	19	40	0.01	0.01	NA	0	0	NA		0
gene-LOC120042432	LOC120042432	uncharacterized LOC120042432	protein_coding	7	NW_024061404.1	87031	115193	-	0		0			0	0	1	intron	0	138	821	1711	6	14	0.10	0.18	NA	0	0	NA		0
gene-grip1	grip1	glutamate receptor interacting protein 1	protein_coding	2	NC_052344.1	24168884	24289431	+	0		0			0	0	1	upstream<=5kb	0	138	19006	23614	163	313	0.00	0.00	NA	0	0	NA		0
gene-LOC120048238	LOC120048238	DENN domain-containing protein 2B-like	protein_coding	1	NC_052307.1	71218521	71295169	+	0		0			0	0	1	intron	0	137	170	544	0	6	0.61	0.83	NA	0	0	NA		0
gene-LOC120022048	LOC120022048	plexin-B1-like	protein_coding	10	NC_052308.1	49308073	49343649	-	0		0			0	0	1	intron	0	137	52	855	2	5	0.00	0.00	NA	0	0	NA		0
gene-LOC120042421	LOC120042421	OX-2 membrane glycoprotein-like	protein_coding	1	NW_024061398.1	40732	45544	+	0		0			0	0	1	downstream<=5kb	0	136	0	0	2	1	0.00	0.00	NA	0	0	NA		0
gene-LOC120040993	LOC120040993	tripartite motif-containing protein 16-like	protein_coding	2	NW_024061007.1	287402	299240	-	0		0			0	0	1	intron	0	136	1672	2110	14	18	0.13	0.13	NA	0	0	NA		0
gene-LOC120037668	LOC120037668	voltage-dependent T-type calcium channel subunit alpha-1I-like	protein_coding	12	NW_024058575.1	160488	326970	-	0		0			0	0	1	intron	0	136	12231	18321	192	120	0.00	0.00	NA	0	0	NA		0
gene-LOC120018900	LOC120018900	zinc finger protein 180-like	protein_coding	0	NC_052308.1	78019854	78025089	-	0		0			0	0	1	promoter	0	136	0	0	0	0	0.11	0.15	NA	0	0	NA		0
gene-LOC120052766	LOC120052766	thrombospondin type-1 domain-containing protein 4-like	protein_coding	3	NC_052307.1	70693967	70743596	-	0		0			0	0	1	intron	0	136	71	1239	0	4	0.00	0.00	NA	0	0	NA		0
gene-LOC120053918	LOC120053918	ephrin-A2-like	protein_coding	5	NC_052315.1	11685566	11710935	+	0		0			0	0	1	intron	0	136	0	952	1	6	0.00	0.00	NA	0	0	NA		0
gene-LOC120050431	LOC120050431	hyaluronan and proteoglycan link protein 1-like	protein_coding	2	NC_052307.1	11496032	11505771	-	0		0			0	0	1	promoter	0	135	0	185	0	0	0.00	0.00	NA	0	0	NA		0
gene-LOC120036212	LOC120036212	disrupted in schizophrenia 1 protein-like	protein_coding	6	NW_024057950.1	4072	53893	-	0		0			0	0	1	intron	0	135	9969	9046	95	87	0.00	0.00	NA	0	0	NA		0
gene-LOC120044685	LOC120044685	cell surface A33 antigen-like	protein_coding	7	NC_052309.1	86022905	86033078	-	0		0			0	0	1	intron	0	135	268	195	4	4	0.02	0.01	NA	0	0	NA		0
gene-rab40c	rab40c	RAB40c, member RAS oncogene family	protein_coding	7	NC_052309.1	91375808	91395279	+	0		0			0	0	1	intron	0	134	1981	1438	18	53	0.15	0.08	NA	0	0	NA		0
gene-LOC120043545	LOC120043545	ribonucleoprotein PTB-binding 2-like	protein_coding	2	NW_024061698.1	20428	86931	+	0		0			0	0	1	intron	0	133	588	729	16	17	0.09	0.02	NA	0	0	NA		0
gene-LOC120028513	LOC120028513	START domain-containing protein 10-like	protein_coding	1	NC_052340.1	36969265	37158392	+	0		0			0	0	1	upstream<=5kb	0	132	2309	5022	129	167	0.00	0.00	NA	0	0	NA		0
gene-LOC120066624	LOC120066624	plasma membrane calcium-transporting ATPase 1-like	protein_coding	8	NC_052327.1	14278383	14301467	-	0		0			0	0	1	intron	0	132	0	173	0	2	0.00	0.00	NA	0	0	NA		0
gene-LOC120039549	LOC120039549	MICAL-like protein 2	protein_coding	1	NW_024059674.1	246456	290148	+	0		0			0	0	1	intron	0	132	4643	5178	39	49	0.13	0.09	NA	0	0	NA		0
gene-LOC120042044	LOC120042044	Na(+)/H(+) exchange regulatory cofactor NHE-RF2-like	protein_coding	4	NW_024061317.1	7197	27866	+	0		0			0	0	1	upstream<=5kb	0	131	2394	273	3	12	0.58	0.71	NA	0	0	NA		0
gene-adck1	adck1	aarF domain containing kinase 1	protein_coding	3	NC_052321.1	39899736	40074091	-	0		0			0	0	1	intron	0	130	1571	2089	17	8	0.39	0.29	NA	0	0	NA		0
gene-myo16	myo16	myosin XVI	protein_coding	10	NC_052325.1	14587980	14773626	+	0		0			0	0	1	intron	0	130	5821	8828	10	33	0.00	0.00	NA	0	0	NA		0
gene-LOC120033695	LOC120033695	polyadenylate-binding protein 1-like	protein_coding	2	NC_052346.1	6345526	6347798	+	0		0			0	0	1	upstream<=5kb	0	130	0	0	0	0	0.00	0.00	NA	0	0	NA		0
gene-tpk1	tpk1	thiamin pyrophosphokinase 1	protein_coding	5	NC_052339.1	29038533	29116772	-	0		0			0	0	1	intron	0	129	2398	2365	66	52	0.73	0.52	NA	0	0	NA		0
gene-LOC120024894	LOC120024894	cysteine--tRNA ligase, cytoplasmic-like	protein_coding	4	NC_052336.1	1041419	1073142	+	0		0			0	0	1	intron	0	129	791	1346	8	7	0.82	0.76	NA	0	0	NA		0
gene-LOC120036309	LOC120036309	semaphorin-3D-like	protein_coding	9	NW_024058008.1	176346	334566	+	0		0			0	0	1	intron	0	128	10831	19749	21	70	0.44	0.43	NA	0	0	NA		0
gene-LOC120055618	LOC120055618	dynamin-3-like	protein_coding	6	NC_052317.1	32992292	33027974	-	0		0			0	0	1	intron	0	127	1398	3153	7	7	0.00	0.00	NA	0	0	NA		0
gene-LOC120035176	LOC120035176	stanniocalcin-2-like	protein_coding	4	NC_052348.1	19393894	19405104	+	0		0			0	0	1	promoter	0	127	0	0	0	9	0.00	0.00	NA	0	0	NA		0
gene-LOC120020300	LOC120020300	tensin-3-like	protein_coding	3	NC_052331.1	16320982	16399382	-	0		0			0	0	1	intron	0	126	0	126	1	0	0.38	0.29	NA	0	0	NA		0
gene-igsf21a	igsf21a	immunoglobin superfamily, member 21a	protein_coding	3	NC_052326.1	22116659	22396120	-	0		0			0	0	1	intron	0	126	109	255	2	1	0.00	0.00	NA	0	0	NA		0
gene-LOC120025363	LOC120025363	AT-rich interactive domain-containing protein 3B-like	protein_coding	3	NC_052336.1	18098902	18158070	-	0		0			0	0	1	intron	0	125	0	168	0	1	0.03	0.03	NA	0	0	NA		0
gene-LOC120036176	LOC120036176	putative ubiquitin carboxyl-terminal hydrolase 50	protein_coding	11	NW_024057931.1	52488	62263	+	0		0			0	0	1	promoter	0	125	51	1036	9	8	0.00	0.00	NA	0	0	NA		0
gene-phtf2	phtf2	putative homeodomain transcription factor 2	protein_coding	1	NC_052344.1	21506945	21657068	+	0		0			0	0	1	intron	0	124	11919	26283	88	176	0.35	0.48	NA	0	0	NA		0
gene-LOC120022969	LOC120022969	vam6/Vps39-like protein	protein_coding	6	NC_052334.1	1277805	1287210	-	0		0			0	0	1	downstream<=5kb	0	124	443	359	17	35	0.13	0.10	NA	0	0	NA		0
gene-sntg2	sntg2	syntrophin, gamma 2	protein_coding	4	NC_052321.1	7541870	7671993	+	0		0			0	0	1	intron	0	124	16463	11313	41	39	0.00	0.00	NA	0	0	NA		0
gene-LOC120046020	LOC120046020	neurexin-1a-like	protein_coding	0	NC_052310.1	79758848	80441923	-	0		0			0	0	1	intron	0	123	13503	26436	194	364	0.00	0.00	NA	0	0	NA		0
gene-LOC120037194	LOC120037194	mitogen-activated protein kinase 1-like	protein_coding	6	NW_024058355.1	9746	25232	-	0		0			0	0	1	intron	0	123	247	957	9	24	0.79	0.37	NA	0	0	NA		0
gene-LOC120041402	LOC120041402	piggyBac transposable element-derived protein 4-like	protein_coding	0	NW_024061153.1	218559	224635	+	0		0			0	0	1	downstream<=5kb	0	123	334	3235	0	0	0.01	0.02	NA	0	0	NA		0
gene-syt12	syt12	synaptotagmin XII	protein_coding	9	NC_052327.1	6392407	6418795	-	0		0			0	0	1	intron	0	123	0	123	0	0	0.00	0.01	NA	0	0	NA		0
gene-LOC120063338	LOC120063338	single-stranded DNA-binding protein 2	protein_coding	4	NC_052324.1	29360636	29476548	-	0		0			0	0	1	intron	0	123	1758	1226	14	25	0.03	0.04	NA	0	0	NA		0
gene-LOC120043437	LOC120043437	microtubule cross-linking factor 1	protein_coding	2	NW_024061661.1	9509	97750	-	0		0			0	0	1	intron	0	123	5600	10488	164	230	0.00	0.00	NA	0	0	NA		0
gene-LOC120034742	LOC120034742	serine/threonine-protein kinase DCLK2-like	protein_coding	4	NC_052348.1	12153721	12251504	-	0		0			0	0	1	intron	0	121	3488	5234	21	44	0.00	0.00	NA	0	0	NA		0
gene-rassf11	rassf11	Ras association domain family member 11	protein_coding	1	NC_052322.1	26168573	26171474	-	0		0			0	0	1	upstream<=5kb	0	121	0	0	0	0	0.00	0.01	NA	0	0	NA		0
gene-LOC120024412	LOC120024412	prolyl endopeptidase	protein_coding	4	NC_052335.1	28823373	28849693	+	0		0			0	0	1	intron	0	121	0	469	9	0	0.01	0.01	NA	0	0	NA		0
gene-LOC120056723	LOC120056723	transcriptional coactivator YAP1-like	protein_coding	7	NC_052318.1	272666	345100	-	0		0			0	0	1	intron	0	120	7674	8319	148	237	0.00	0.01	NA	0	0	NA		0
gene-LOC120039807	LOC120039807	lipopolysaccharide-induced tumor necrosis factor-alpha factor homolog	protein_coding	1	NW_024059899.1	5572	7971	+	0		0			0	0	1	promoter	0	120	0	0	1	4	0.00	0.00	NA	0	0	NA		0
gene-LOC120066590	LOC120066590	voltage-dependent calcium channel subunit alpha-2/delta-4-like	protein_coding	2	NC_052327.1	17140527	17219666	+	0		0			0	0	1	upstream<=5kb	0	119	0	0	3	0	0.00	0.00	NA	0	0	NA		0
gene-elmo1	elmo1	engulfment and cell motility 1 (ced-12 homolog, C. elegans)	protein_coding	4	NC_052338.1	24757077	24973894	+	0		0			0	0	1	intron	0	118	5175	6763	74	77	0.15	0.18	NA	0	0	NA		0
gene-LOC120056734	LOC120056734	extensin-like	protein_coding	0	NC_052318.1	2051412	2058774	-	0		0			0	0	1	downstream<=5kb	0	118	2513	3369	23	20	0.00	0.00	NA	0	0	NA		0
gene-LOC120036064	LOC120036064	high-affinity choline transporter 1-like	protein_coding	5	NW_024057897.1	568750	587012	+	0		0			0	0	1	promoter	0	118	0	85	0	0	0.00	0.00	NA	0	0	NA		0
gene-LOC120022255	LOC120022255	NACHT, LRR and PYD domains-containing protein 3-like	protein_coding	1	NC_052308.1	56429531	56445246	+	0		0			0	0	1	intron	0	118	7011	9777	39	60	0.07	0.06	NA	0	0	NA		0
gene-LOC120060818	LOC120060818	transcription factor SOX-13-like	protein_coding	5	NC_052308.1	27553563	27609659	+	0		0			0	0	1	promoter	0	118	694	2242	10	29	0.05	0.05	NA	0	0	NA		0
gene-LOC120030442	LOC120030442	kinesin light chain 2-like	protein_coding	5	NC_052342.1	22099023	22125033	+	0		0			0	0	1	intron	0	117	1497	2591	21	98	0.12	0.17	NA	0	0	NA		0
gene-LOC120035709	LOC120035709	DNA damage-binding protein 2-like	protein_coding	6	NW_024057786.1	624975	652710	-	0		0			0	0	1	intron	0	117	6502	3999	80	137	0.07	0.07	NA	0	0	NA		0
gene-LOC120035714	LOC120035714	uncharacterized LOC120035714	protein_coding	0	NW_024057786.1	538324	897560	+	0		0			3	0	1	intron	0	117	80101	101698	1128	1847	0.52	0.34	NA	0	0	NA		0
gene-col14a1a	col14a1a	collagen, type XIV, alpha 1a	protein_coding	2	NC_052311.1	73799222	74036423	-	0		0			0	0	1	intron	0	117	25364	34018	237	386	0.01	0.01	NA	0	0	NA		0
gene-LOC120035716	LOC120035716	tripartite motif-containing protein 16-like	protein_coding	2	NW_024057786.1	563479	777442	-	0		0			3	0	1	intron	0	117	53234	63969	709	1119	0.39	0.39	NA	0	0	NA		0
gene-LOC120027924	LOC120027924	eyes absent homolog 1-like	protein_coding	6	NC_052339.1	35061699	35125444	+	0		0			0	0	2	intron	0	116	430	3897	5	28	0.00	0.00	NA	0	0	NA		0
gene-LOC120030938	LOC120030938	uncharacterized LOC120030938	protein_coding	6	NC_052343.1	26699314	26720650	-	0		0			0	0	1	intron	0	116	0	135	0	0	0.02	0.02	NA	0	0	NA		0
gene-LOC120035963	LOC120035963	zinc finger protein 501-like	protein_coding	5	NW_024057864.1	168746	176746	+	0		0			0	0	1	downstream<=5kb	0	116	0	0	0	1	0.07	0.03	NA	0	0	NA		0
gene-manba	manba	mannosidase, beta A, lysosomal	protein_coding	3	NC_052321.1	3037692	3073164	-	0		0			0	0	1	upstream<=5kb	0	116	4082	2143	9	14	0.02	0.04	NA	0	0	NA		0
gene-LOC120042165	LOC120042165	stonustoxin subunit beta-like	protein_coding	1	NW_024061338.1	14075	16711	-	0		0			0	0	1	upstream<=5kb	0	115	0	0	0	1	0.11	0.06	NA	0	0	NA		0
gene-LOC120042162	LOC120042162	E3 ubiquitin-protein ligase TRIM47-like	protein_coding	1	NW_024061338.1	19721	33851	-	0		0			0	0	1	intron	0	115	2081	1474	8	29	0.02	0.03	NA	0	0	NA		0
gene-LOC120022751	LOC120022751	glucocorticoid-induced transcript 1 protein-like	protein_coding	2	NC_052333.1	25006859	25053527	+	0		0			0	0	1	intron	0	115	3683	4118	117	96	0.21	0.25	NA	0	0	NA		0
gene-ccdc146	ccdc146	coiled-coil domain containing 146	protein_coding	1	NC_052344.1	20864798	20916442	-	0		0			0	0	1	intron	0	114	5700	5233	79	210	0.14	0.07	NA	0	0	NA		0
gene-LOC120043733	LOC120043733	ovarian abundant message protein-like	protein_coding	0	NC_052309.1	94963134	94965035	-	0		0			0	0	1	promoter	0	114	0	189	0	3	0.00	0.00	NA	0	0	NA		0
gene-LOC120039526	LOC120039526	forkhead box protein K2-like	protein_coding	4	NC_052309.1	78251931	78279197	-	0		0			0	0	1	intron	0	114	57	144	0	0	0.95	0.95	NA	0	0	NA		0
gene-LOC120037152	LOC120037152	high affinity cationic amino acid transporter 1-like	protein_coding	4	NW_024058332.1	15603	48310	-	0		0			0	0	1	intron	0	114	1775	1866	15	43	0.30	0.27	NA	0	0	NA		0
gene-LOC120032643	LOC120032643	aspartate aminotransferase, cytoplasmic-like	protein_coding	4	NC_052345.1	3269497	3281844	+	0		0			0	0	1	intron	0	114	610	301	3	9	0.52	0.77	NA	0	0	NA		0
gene-LOC120030533	LOC120030533	GRB2-associated-binding protein 1-like	protein_coding	0	NC_052342.1	26896846	26960038	-	0		0			0	0	1	downstream<=5kb	0	113	2744	9780	81	57	0.00	0.00	NA	0	0	NA		0
gene-LOC120023893	LOC120023893	protein eva-1 homolog A-like	protein_coding	0	NC_052335.1	29161311	29164453	+	0		0			0	0	1	promoter	0	113	0	0	0	0	0.00	0.03	NA	0	0	NA		0
gene-LOC120062235	LOC120062235	GPI ethanolamine phosphate transferase 2-like	protein_coding	3	NC_052323.1	3299941	3416940	-	0		0			0	0	1	upstream<=5kb	0	112	0	625	6	3	0.74	0.97	NA	0	0	NA		0
gene-LOC120051524	LOC120051524	kinesin heavy chain-like	protein_coding	5	NC_052313.1	58578699	58619693	-	0		0			0	0	1	intron	0	112	759	4077	8	46	0.00	0.00	NA	0	0	NA		0
gene-LOC120039293	LOC120039293	KH homology domain-containing protein 4-like	protein_coding	2	NW_024059475.1	184176	196853	+	0		0			0	0	1	intron	0	112	1655	710	4	6	0.61	0.64	NA	0	0	NA		0
gene-LOC120041781	LOC120041781	ephrin type-A receptor 3-like	protein_coding	8	NW_024061239.1	59578	165450	+	0		0			0	0	1	intron	0	112	2908	4606	8	12	0.01	0.01	NA	0	0	NA		0
gene-LOC120051525	LOC120051525	methyl-CpG-binding domain protein 5-like	protein_coding	4	NC_052313.1	58620370	58640580	-	0		0			0	0	1	downstream<=5kb	0	112	2170	1538	0	4	0.16	0.15	NA	0	0	NA		0
gene-LOC120038409	LOC120038409	adhesion G protein-coupled receptor E1-like	protein_coding	5	NW_024059004.1	184	20352	-	0		0			0	0	1	promoter	0	112	868	2581	9	47	0.19	0.20	NA	0	0	NA		0
gene-LOC120041202	LOC120041202	testis-expressed protein 2-like	protein_coding	2	NC_052309.1	83066233	83117951	+	0		0			0	0	1	intron	0	111	1958	5525	29	84	0.03	0.04	NA	0	0	NA		0
gene-bin1b	bin1b	bridging integrator 1b	protein_coding	5	NC_052313.1	57982503	58036418	+	0		0			3	0	1	intron	0	111	876	1099	20	11	0.02	0.04	NA	0	0	NA		0
gene-gulp1b	gulp1b	GULP PTB domain containing engulfment adaptor 1b	protein_coding	0	NC_052346.1	17675286	17707299	-	0		0			1	0	1	intron	0	111	71	155	22	20	0.02	0.04	NA	0	0	NA		0
gene-LOC120063701	LOC120063701	desmin-like	protein_coding	5	NC_052325.1	3095829	3125969	+	0		0			0	0	1	intron	0	111	8353	986	76	14	0.00	0.00	NA	0	0	NA		0
gene-LOC120063904	LOC120063904	transmembrane protein FAM155A-like	protein_coding	3	NC_052325.1	14243004	14415283	-	0		0			0	0	1	intron	0	111	466	1189	5	4	0.00	0.00	NA	0	0	NA		0
gene-peli3	peli3	pellino E3 ubiquitin protein ligase family member 3	protein_coding	4	NC_052312.1	7931869	7953668	+	0		0			0	0	1	upstream<=5kb	0	110	78	576	0	4	0.00	0.01	NA	0	0	NA		0
gene-LOC120048021	LOC120048021	LIM and calponin homology domains-containing protein 1-like	protein_coding	4	NC_052311.1	18118290	18283472	+	0		0			0	0	1	intron	0	110	3648	4079	11	24	0.20	0.20	NA	0	0	NA		0
gene-rce1a	rce1a	Ras converting CAAX endopeptidase 1a	protein_coding	3	NC_052312.1	7915221	7931178	-	0		0			0	0	1	intron	0	110	287	292	0	0	0.08	0.05	NA	0	0	NA		0
gene-LOC120032111	LOC120032111	tetraspanin-8-like	protein_coding	1	NC_052344.1	23828257	23839964	-	0		0			0	0	1	intron	0	109	4993	5262	22	9	0.33	0.41	NA	0	0	NA		0
gene-LOC120037817	LOC120037817	runt-related transcription factor 1-like	protein_coding	8	NW_024058665.1	5072	47341	-	0		0			0	0	1	intron	0	109	1562	7371	2	19	0.00	0.00	NA	0	0	NA		0
gene-LOC120040991	LOC120040991	tripartite motif-containing protein 16-like	protein_coding	2	NW_024061007.1	904214	914689	+	0		0			0	0	1	promoter	0	108	682	982	14	37	0.24	0.27	NA	0	0	NA		0
gene-LOC120028305	LOC120028305	serine/threonine-protein kinase ULK2-like	protein_coding	10	NC_052340.1	27110581	27189880	-	0		0			0	0	1	intron	0	108	500	1036	8	5	0.91	0.76	NA	0	0	NA		0
gene-LOC120038195	LOC120038195	GTPase IMAP family member 7-like	protein_coding	1	NW_024058897.1	532392	534596	-	0		0			0	0	1	downstream<=5kb	0	108	0	28	2	0	0.01	0.02	NA	0	0	NA		0
gene-LOC120060937	LOC120060937	histone-lysine N-methyltransferase PRDM16-like	protein_coding	2	NC_052322.1	6325791	6681262	-	0		0			0	0	1	intron	0	108	8080	1763	10	34	0.01	0.02	NA	0	0	NA		0
gene-fermt3b	fermt3b	fermitin family member 3b	protein_coding	8	NC_052311.1	9796595	9850344	-	0		0			0	0	1	promoter	0	108	398	633	0	7	0.49	0.64	NA	0	0	NA		0
gene-LOC120025342	LOC120025342	transcription factor SOX-6-like	protein_coding	7	NC_052336.1	8812208	9015016	-	0		0			0	0	1	intron	0	107	4345	11775	102	145	0.76	0.87	NA	0	0	NA		0
gene-LOC120057599	LOC120057599	phosphorylase b kinase regulatory subunit alpha, skeletal muscle isoform-like	protein_coding	3	NC_052318.1	45862099	45886699	-	0		0			0	0	1	intron	0	107	53	268	7	0	0.00	0.00	NA	0	0	NA		0
gene-LOC120036603	LOC120036603	NLR family CARD domain-containing protein 3-like	protein_coding	0	NW_024058101.1	11347	33301	-	0		0			0	0	1	upstream<=5kb	0	106	903	950	25	23	0.17	0.09	NA	0	0	NA		0
gene-LOC120037055	LOC120037055	NLR family CARD domain-containing protein 3-like	protein_coding	1	NW_024058294.1	9225	39205	+	0		0			0	0	1	intron	0	106	4939	7101	79	130	0.07	0.04	NA	0	0	NA		0
gene-LOC120047879	LOC120047879	START domain-containing protein 10-like	protein_coding	1	NC_052311.1	5811627	5856393	+	0		0			0	0	1	intron	0	105	8657	15799	50	52	0.05	0.08	NA	0	0	NA		0
gene-LOC120020235	LOC120020235	plasma membrane calcium-transporting ATPase 2-like	protein_coding	5	NC_052308.1	5760756	5789743	-	0		0			0	0	1	downstream<=5kb	0	105	2693	2163	42	47	0.00	0.00	NA	0	0	NA		0
gene-LOC120022991	LOC120022991	thyroid peroxidase-like	protein_coding	6	NC_052334.1	3727246	3794180	-	0		0			0	0	1	intron	0	105	4649	3210	27	18	0.00	0.00	NA	0	0	NA		0
gene-LOC120065961	LOC120065961	PDZ domain-containing RING finger protein 4-like	protein_coding	1	NC_052327.1	51017464	51063021	-	0		0			0	0	1	intron	0	105	1126	1208	7	17	0.00	0.00	NA	0	0	NA		0
gene-LOC120033391	LOC120033391	microtubule-associated protein 2-like	protein_coding	4	NC_052346.1	19368734	19482165	-	0		0			0	0	1	intron	0	104	1428	7063	47	34	0.03	0.02	NA	0	0	NA		0
gene-LOC120062413	LOC120062413	hyaluronan mediated motility receptor-like	protein_coding	2	NC_052323.1	20513859	20531321	-	0		0			0	0	1	upstream<=5kb	0	104	0	0	1	3	0.06	0.03	NA	0	0	NA		0
gene-LOC120053980	LOC120053980	endosome/lysosome-associated apoptosis and autophagy regulator family member 2-like	protein_coding	1	NC_052315.1	33469088	33493173	-	0		0			0	0	1	downstream<=5kb	0	104	0	55	2	0	0.40	0.43	NA	0	0	NA		0
gene-chid1	chid1	chitinase domain containing 1	protein_coding	4	NC_052327.1	49010990	49029687	-	0		0			0	0	1	intron	0	104	887	4027	13	15	0.50	0.48	NA	0	0	NA		0
gene-LOC120053245	LOC120053245	metabotropic glutamate receptor 3-like	protein_coding	4	NC_052315.1	33430341	33463382	+	0		0			0	0	1	downstream<=5kb	0	104	0	388	1	6	0.00	0.00	NA	0	0	NA		0
gene-LOC120022498	LOC120022498	protein 4.1-like	protein_coding	5	NC_052333.1	3821020	3882838	+	0		0			0	0	1	upstream<=5kb	0	104	3395	5311	23	51	0.00	0.00	NA	0	0	NA		0
gene-LOC120041751	LOC120041751	endonuclease domain-containing 1 protein-like	protein_coding	3	NW_024061227.1	152844	155469	-	0		0			0	0	1	promoter	0	103	503	255	2	3	0.03	0.02	NA	0	0	NA		0
gene-LOC120064505	LOC120064505	thioredoxin domain-containing protein 3 homolog	protein_coding	0	NC_052325.1	486993	492021	-	0		0			0	0	1	downstream<=5kb	0	102	268	0	1	7	0.00	0.00	NA	0	0	NA		0
gene-LOC120020574	LOC120020574	plexin-A2-like	protein_coding	9	NC_052308.1	17355597	17416914	+	0		0			0	0	1	intron	0	102	0	280	0	9	0.00	0.00	NA	0	0	NA		0
gene-LOC120024255	LOC120024255	synaptotagmin-2-like	protein_coding	13	NC_052308.1	8317506	8328621	-	0		0			0	0	1	promoter	0	102	0	0	2	0	0.00	0.00	NA	0	0	NA		0
gene-LOC120058028	LOC120058028	diacylglycerol kinase beta	protein_coding	7	NC_052319.1	22722997	22853084	-	0		0			0	0	1	intron	0	101	54	7826	5	16	0.00	0.00	NA	0	0	NA		0
gene-LOC120057208	LOC120057208	roundabout homolog 1-like	protein_coding	6	NC_052318.1	38693266	38863365	+	0		0			0	0	1	intron	0	101	556	7658	1	12	0.17	0.14	NA	0	0	NA		0
gene-LOC120032971	LOC120032971	uncharacterized LOC120032971	protein_coding	1	NC_052345.1	363225	375226	+	0		0			1	0	0		0	0	2481	548	21	14	0.00	0.01	NA	0	0	NA		0
gene-LOC120032378	LOC120032378	MICAL-like protein 1	protein_coding	1	NC_052345.1	6857203	6878082	+	0		0			2	0	0		0	0	172	0	2	2	0.19	0.17	NA	0	0	NA		0
gene-LOC120032486	LOC120032486	endoplasmic reticulum resident protein 27-like	protein_coding	0	NC_052345.1	7369324	7385332	+	0		0			1	0	0		0	0	600	1074	1	3	0.01	0.00	NA	0	0	NA		0
gene-LOC120041384	LOC120041384	interferon a3	protein_coding	4	NW_024061149.1	93860	96449	-	0		0			1	0	0		0	0	0	0	0	0	0.00	0.00	NA	0	0	NA		0
gene-LOC120049185	LOC120049185	globoside alpha-1,3-N-acetylgalactosaminyltransferase 1-like	protein_coding	6	NC_052312.1	52495859	52507856	-	0		0			2	0	0		0	0	457	0	14	17	0.01	0.00	NA	0	0	NA		0
gene-LOC120025642	LOC120025642	TOG array regulator of axonemal microtubules protein 2-like	protein_coding	4	NC_052337.1	45703707	45730118	-	0		0			1	0	0		0	0	0	783	4	0	0.00	0.00	NA	0	0	NA		0
gene-LOC120017860	LOC120017860	butyrophilin subfamily 2 member A1-like	protein_coding	1	NC_052328.1	35085881	35111564	-	0		0			1	0	0		0	0	2062	1025	7	16	0.23	0.14	NA	0	0	NA		0
gene-coro2ba	coro2ba	coronin, actin binding protein, 2Ba	protein_coding	2	NC_052307.1	81195561	81282687	-	0		0			1	0	0		0	0	8090	7953	23	73	0.09	0.09	NA	0	0	NA		0
gene-LOC120043119	LOC120043119	mucin-5AC-like	protein_coding	2	NW_024061612.1	27743	29420	+	0		0			3	0	0		0	0	0	0	0	0	0.00	0.00	NA	0	0	NA		0
gene-LOC120017774	LOC120017774	butyrophilin subfamily 2 member A1-like	protein_coding	0	NC_052328.1	35069409	35075947	-	0		0			1	0	0		0	0	2074	899	52	100	0.06	0.03	NA	0	0	NA		0
gene-LOC120034984	LOC120034984	dynein regulatory complex protein 9-like	protein_coding	5	NC_052348.1	1313700	1343211	+	0		0			1	0	0		0	0	140	5033	1	6	0.00	0.00	NA	0	0	NA		0
gene-nptx2a	nptx2a	neuronal pentraxin 2a	protein_coding	0	NC_052309.1	93188932	93218272	-	0		0			4	0	0		0	0	1165	5646	81	33	0.00	0.00	NA	0	0	NA		0
gene-LOC120035725	LOC120035725	tripartite motif-containing protein 16-like	protein_coding	2	NW_024057786.1	666857	682730	+	0		0			1	0	0		0	0	7028	9084	15	23	0.13	0.12	NA	0	0	NA		0
gene-LOC120032417	LOC120032417	zinc finger protein 883-like	protein_coding	5	NC_052345.1	3860188	3934233	-	0		0			6	0	0		0	0	4166	2984	11	26	0.26	0.30	NA	0	0	NA		0
gene-LOC120062170	LOC120062170	arf-GAP with Rho-GAP domain, ANK repeat and PH domain-containing protein 3-like	protein_coding	2	NC_052323.1	29472588	29561265	+	0		0			4	0	0		0	0	7983	10822	129	145	0.02	0.01	NA	0	0	NA		0
gene-LOC120043730	LOC120043730	zinc finger protein 239-like	protein_coding	3	NC_052309.1	95585137	95594685	+	0		0			1	0	0		0	0	458	0	1	4	0.08	0.10	NA	0	0	NA		0
gene-LOC120039564	LOC120039564	uncharacterized LOC120039564	protein_coding	0	NW_024059674.1	484881	486323	-	0		0			2	0	0		0	0	0	0	1	0	0.40	0.37	NA	0	0	NA		0
gene-si:dkey-217d24.6	si:dkey-217d24.6	protein Wiz	protein_coding	4	NC_052345.1	6750536	6761126	-	0		0			1	0	0		0	0	0	0	0	0	0.65	0.67	NA	0	0	NA		0
gene-LOC120039789	LOC120039789	zinc finger protein 850-like	protein_coding	3	NW_024059896.1	1045180	1107990	+	0		0			3	0	0		0	0	1537	1037	40	68	0.03	0.03	NA	0	0	NA		0
gene-LOC120051621	LOC120051621	NACHT, LRR and PYD domains-containing protein 3-like	protein_coding	1	NC_052314.1	223537	236478	-	0		0			1	0	0		0	0	53	5	5	6	0.04	0.03	NA	0	0	NA		0
gene-LOC120043665	LOC120043665	myosin heavy chain, fast skeletal muscle-like	protein_coding	4	NW_024061741.1	245567	266203	+	0		0			1	0	0		0	0	0	81	0	0	0.00	0.00	NA	0	0	NA		0
gene-LOC120044151	LOC120044151	ribonuclease inhibitor-like	protein_coding	1	NC_052309.1	96390895	96553929	-	0		0			1	0	0		0	0	3683	5716	18	38	0.01	0.01	NA	0	0	NA		0
gene-LOC120043720	LOC120043720	zinc finger protein 2 homolog	protein_coding	3	NC_052309.1	95639688	95641745	-	0		0			1	0	0		0	0	0	0	0	0	0.02	0.01	NA	0	0	NA		0
gene-LOC120049430	LOC120049430	globoside alpha-1,3-N-acetylgalactosaminyltransferase 1-like	protein_coding	6	NC_052312.1	52269748	52377187	+	0		0			2	0	0		0	0	16296	13985	162	108	0.01	0.02	NA	0	0	NA		0
gene-LOC120036106	LOC120036106	NACHT, LRR and PYD domains-containing protein 1 homolog	protein_coding	1	NW_024057909.1	117192	121900	+	0		0			1	0	0		0	0	0	0	3	5	0.05	0.04	NA	0	0	NA		0
gene-LOC120052258	LOC120052258	NACHT, LRR and PYD domains-containing protein 1 homolog	protein_coding	1	NC_052314.1	217068	223334	-	0		0			1	0	0		0	0	0	0	11	12	0.10	0.06	NA	0	0	NA		0
gene-LOC120035162	LOC120035162	zinc finger protein 184-like	protein_coding	1	NC_052348.1	20340070	20343862	-	0		0			2	0	0		0	0	0	0	0	1	0.19	0.18	NA	0	0	NA		0
gene-LOC120044864	LOC120044864	nuclear GTPase SLIP-GC-like	protein_coding	4	NC_052309.1	4275844	4317020	+	0		0			1	0	0		0	0	103	0	0	1	0.02	0.02	NA	0	0	NA		0
gene-LOC120048605	LOC120048605	cell adhesion molecule 4-like	protein_coding	5	NC_052311.1	60212838	60965196	+	0		0			1	0	0		0	0	36856	40390	371	751	0.02	0.05	NA	0	0	NA		0
gene-atp6v1h	atp6v1h	ATPase H+ transporting V1 subunit H	protein_coding	4	NW_024058073.1	7526	40355	-	0		0			2	0	0		0	0	702	376	35	12	0.74	0.73	NA	0	0	NA		0
gene-LOC120029199	LOC120029199	FRAS1-related extracellular matrix protein 2-like	protein_coding	2	NC_052340.1	14849883	14925426	-	0		0			1	0	0		0	0	462	360	5	5	0.04	0.04	NA	0	0	NA		0
gene-LOC120045870	LOC120045870	potassium channel subfamily K member 18-like	protein_coding	4	NC_052310.1	42080636	42095795	+	0		0			1	0	0		0	0	0	0	0	1	0.00	0.00	NA	0	0	NA		0
gene-LOC120036646	LOC120036646	uncharacterized LOC120036646	protein_coding	7	NW_024058131.1	51385	56399	-	0		0			1	0	0		0	0	0	0	0	0	0.00	0.00	NA	0	0	NA		0
gene-LOC120043719	LOC120043719	zinc finger protein 2 homolog	protein_coding	2	NC_052309.1	95418650	95467229	-	0		0			1	0	0		0	0	918	7996	14	6	0.05	0.04	NA	0	0	NA		0
gene-LOC120049416	LOC120049416	paired amphipathic helix protein Sin3a-like	protein_coding	5	NC_052307.1	77818431	77839901	-	0		0			1	0	0		0	0	0	178	0	0	0.69	0.62	NA	0	0	NA		0
gene-gcdha	gcdha	glutaryl-CoA dehydrogenase a	protein_coding	6	NC_052345.1	6643153	6649338	+	0		0			1	0	0		0	0	0	0	0	0	0.13	0.16	NA	0	0	NA		0
gene-LOC120043784	LOC120043784	stonustoxin subunit beta-like	protein_coding	1	NC_052309.1	96389360	96390621	-	0		0			1	0	0		0	0	0	0	1	1	0.08	0.09	NA	0	0	NA		0
gene-LOC120065442	LOC120065442	protein CBFA2T2-like	protein_coding	4	NC_052326.1	47644243	48215905	+	0		0			1	0	0		0	0	14369	16597	231	423	0.01	0.01	NA	0	0	NA		0
gene-LOC120040361	LOC120040361	transmembrane protein 237A-like	protein_coding	2	NW_024060410.1	7631	21368	+	0		0			2	0	0		0	0	4215	338	29	6	0.00	0.00	NA	0	0	NA		0
gene-LOC120054935	LOC120054935	nucleoprotein TPR-like	protein_coding	4	NC_052316.1	28681307	28726865	-	0		0			1	0	0		0	0	0	0	0	1	0.72	0.53	NA	0	0	NA		0
gene-LOC120047316	LOC120047316	sodium-dependent neutral amino acid transporter B(0)AT1-like	protein_coding	2	NC_052311.1	69652141	69675478	+	0		0			1	0	0		0	0	0	0	3	9	0.00	0.00	NA	0	0	NA		0
gene-LOC120019399	LOC120019399	myosin heavy chain, fast skeletal muscle-like	protein_coding	4	NC_052308.1	79076359	79094841	-	0		0			1	0	0		0	0	316	301	3	2	0.00	0.00	NA	0	0	NA		0
gene-LOC120023895	LOC120023895	A-kinase anchor protein 7 isoforms alpha and beta-like	protein_coding	0	NC_052335.1	22270930	22316670	-	0		0			2	0	0		0	0	369	1820	0	1	0.00	0.01	NA	0	0	NA		0
gene-LOC120043122	LOC120043122	mucin-5B-like	protein_coding	3	NW_024061612.1	14467	26993	+	0		0			1	0	0		0	0	0	0	0	0	0.00	0.00	NA	0	0	NA		0
gene-LOC120038322	LOC120038322	zinc finger protein 436-like	protein_coding	0	NW_024058931.1	61295	105803	+	0		0			1	0	0		0	0	2883	7396	20	62	0.00	0.01	NA	0	0	NA		0
gene-LOC120036673	LOC120036673	CCR4-NOT transcription complex subunit 4-like	protein_coding	5	NW_024058146.1	25632	65968	+	0		0			1	0	0		0	0	2327	4824	83	75	0.06	0.12	NA	0	0	NA		0
gene-LOC120043728	LOC120043728	zinc finger protein 664-like	protein_coding	3	NC_052309.1	94905643	94910261	-	0		0			1	0	0		0	0	84	0	3	1	0.20	0.20	NA	0	0	NA		0
gene-LOC120036323	LOC120036323	inactive carboxypeptidase-like protein X2	protein_coding	3	NW_024058012.1	31096	69069	-	0		0			1	0	0		0	0	2390	5743	24	38	0.00	0.00	NA	0	0	NA		0
gene-sclt1	sclt1	sodium channel and clathrin linker 1	protein_coding	3	NW_024061494.1	2147	26597	-	0		0			1	0	0		0	0	3008	3847	47	27	0.23	0.13	NA	0	0	NA		0
gene-LOC120042494	LOC120042494	zinc finger protein 501-like	protein_coding	2	NW_024061419.1	701582	719886	+	0		0			2	0	0		0	0	299	1405	11	8	0.06	0.06	NA	0	0	NA		0
gene-LOC120042895	LOC120042895	axin interactor, dorsalization-associated protein-like	protein_coding	3	NW_024061529.1	8715	10556	+	0		0			1	0	0		0	0	0	0	0	0	0.00	0.00	NA	0	0	NA		0
gene-LOC120035849	LOC120035849	uncharacterized LOC120035849	protein_coding	0	NW_024057804.1	38862	76731	+	0		0			4	0	0		0	0	1356	1449	1	4	0.04	0.06	NA	0	0	NA		0
gene-LOC120032019	LOC120032019	scm-like with four MBT domains protein 2	protein_coding	4	NC_052344.1	9657409	9713972	+	0		0			1	0	0		0	0	678	0	78	220	0.45	0.37	NA	0	0	NA		0
gene-LOC120034911	LOC120034911	putative zinc finger and SCAN domain-containing protein 5D	protein_coding	4	NC_052348.1	20297183	20334339	+	0		0			2	0	0		0	0	0	0	1	0	0.53	0.39	NA	0	0	NA		0
gene-LOC120042337	LOC120042337	NACHT, LRR and PYD domains-containing protein 1 homolog	protein_coding	3	NW_024061372.1	74593	79372	-	0		0			2	0	0		0	0	0	0	0	0	0.00	0.00	NA	0	0	NA		0
gene-LOC120031867	LOC120031867	fatty acyl-CoA reductase 1-like	protein_coding	3	NC_052344.1	16580260	16636023	+	0		0			2	0	0		0	0	2342	7047	77	163	0.00	0.00	NA	0	0	NA		0
gene-LOC120017568	LOC120017568	adenylate cyclase type 9-like	protein_coding	4	NC_052308.1	71329308	71346922	+	0		0			1	0	0		0	0	811	794	0	12	0.30	0.30	NA	0	0	NA		0
gene-rnf213a	rnf213a	ring finger protein 213a	protein_coding	9	NC_052309.1	86684217	86748148	+	0		0			1	0	0		0	0	3442	875	19	10	0.22	0.28	NA	0	0	NA		0
gene-opn8a	opn8a	opsin 8, group member a	protein_coding	3	NC_052330.1	25611481	25689774	-	0		0			1	0	0		0	0	466	137	2	2	0.00	0.00	NA	0	0	NA		0
gene-LOC120039567	LOC120039567	zinc finger protein 850-like	protein_coding	4	NW_024059674.1	487311	541998	-	0		0			2	0	0		0	0	13477	12069	216	197	0.03	0.02	NA	0	0	NA		0
gene-LOC120034957	LOC120034957	CD209 antigen-like protein E	protein_coding	0	NC_052348.1	22189732	22197563	+	0		0			1	0	0		0	0	0	0	9	17	0.01	0.05	NA	0	0	NA		0
gene-LOC120017496	LOC120017496	mitogen-activated protein kinase 8-like	protein_coding	6	NC_052328.1	6808107	6826826	-	0		0			2	0	0		0	0	0	0	0	0	0.02	0.04	NA	0	0	NA		0
gene-LOC120041721	LOC120041721	dynein regulatory complex protein 9-like	protein_coding	5	NW_024061216.1	34510	45262	-	0		0			1	0	0		0	0	266	0	1	0	0.00	0.00	NA	0	0	NA		0
gene-dync1i1	dync1i1	dynein, cytoplasmic 1, intermediate chain 1	protein_coding	4	NC_052343.1	16869072	16881912	+	0		0			1	0	0		0	0	1052	663	7	5	0.00	0.00	NA	0	0	NA		0
gene-cmah	cmah	cytidine monophospho-N-acetylneuraminic acid hydroxylase	protein_coding	0	NC_052312.1	49583513	49600644	-	0		0			1	0	0		0	0	56	62	1	4	0.00	0.00	NA	0	0	NA		0
gene-LOC120041018	LOC120041018	tripartite motif-containing protein 16-like	protein_coding	2	NW_024061007.1	365699	384579	+	0		0			1	0	0		0	0	2689	7539	40	91	0.17	0.13	NA	0	0	NA		0
gene-LOC120035113	LOC120035113	fibrinogen-like protein 1	protein_coding	4	NC_052348.1	20166644	20173441	-	0		0			1	0	0		0	0	182	441	0	4	0.00	0.00	NA	0	0	NA		0
gene-LOC120034488	LOC120034488	next to BRCA1 gene 1 protein-like	protein_coding	3	NC_052347.1	10362260	10384496	+	0		0			1	0	0		0	0	0	0	1	0	0.97	0.91	NA	0	0	NA		0
gene-LOC120049938	LOC120049938	general transcription factor II-I repeat domain-containing protein 2B-like	protein_coding	0	NC_052312.1	36571945	36574625	-	0		0			2	0	0		0	0	0	2680	0	0	0.01	0.01	NA	0	0	NA		0
gene-LOC120032112	LOC120032112	tetraspanin-8-like	protein_coding	1	NC_052344.1	23849550	23870462	-	0		0			2	0	0		0	0	0	0	6	3	0.00	0.00	NA	0	0	NA		0
gene-zmat4a	zmat4a	zinc finger, matrin-type 4a	protein_coding	3	NC_052307.1	35104338	35204430	-	0		0			1	0	0		0	0	54	106	4	8	0.00	0.00	NA	0	0	NA		0
gene-LOC120032995	LOC120032995	uncharacterized LOC120032995	protein_coding	0	NC_052345.1	1601388	1622318	+	0		0			1	0	0		0	0	2847	747	8	4	0.05	0.24	NA	0	0	NA		0
gene-LOC120035160	LOC120035160	B-cell CLL/lymphoma 6 member B protein-like	protein_coding	1	NC_052348.1	20377770	20381575	-	0		0			1	0	0		0	0	0	0	0	0	0.13	0.13	NA	0	0	NA		0
gene-LOC120041000	LOC120041000	tripartite motif-containing protein 16-like	protein_coding	2	NW_024061007.1	926046	935346	-	0		0			1	0	0		0	0	125	0	69	153	0.20	0.16	NA	0	0	NA		0
gene-LOC120027304	LOC120027304	CMP-N-acetylneuraminate-beta-galactosamide-alpha-2,3-sialyltransferase 1-like	protein_coding	2	NC_052338.1	14237263	14255743	-	0		0			1	0	0		0	0	0	188	0	3	0.07	0.04	NA	0	0	NA		0
gene-LOC120026870	LOC120026870	forkhead box protein O6-like	protein_coding	4	NC_052338.1	16810834	16864473	-	0		0			1	0	0		0	0	0	0	1	0	0.00	0.00	NA	0	0	NA		0
gene-LOC120019052	LOC120019052	oocyte zinc finger protein XlCOF6-like	protein_coding	3	NC_052330.1	19059938	19103416	+	0		0			1	0	0		0	0	4262	439	4	12	0.06	0.05	NA	0	0	NA		0
gene-LOC120045355	LOC120045355	interferon-induced protein with tetratricopeptide repeats 5-like	protein_coding	3	NC_052310.1	11070797	11076957	+	0		0			1	0	0		0	0	0	0	0	0	0.13	0.16	NA	0	0	NA		0
gene-LOC120031698	LOC120031698	collagen alpha-6(VI) chain-like	protein_coding	1	NC_052343.1	28412747	28449827	+	0		0			2	0	0		0	0	1310	3407	13	4	0.05	0.03	NA	0	0	NA		0
gene-LOC120043020	LOC120043020	gastrula zinc finger protein XlCGF49.1-like	protein_coding	3	NW_024061575.1	316733	326715	+	0		0			1	0	0		0	0	915	984	15	15	0.06	0.07	NA	0	0	NA		0
gene-LOC120026153	LOC120026153	fibrillin-2-like	protein_coding	1	NC_052337.1	3787982	4024880	+	0		0			1	0	0		0	0	23822	21702	130	162	0.04	0.08	NA	0	0	NA		0
gene-LOC120051485	LOC120051485	adhesion G-protein coupled receptor G7-like	protein_coding	4	NC_052313.1	56497574	56510027	-	0		0			1	0	0		0	0	50	0	8	8	0.02	0.00	NA	0	0	NA		0
gene-LOC120055118	LOC120055118	basic immunoglobulin-like variable motif-containing protein	protein_coding	4	NC_052316.1	49295848	49317613	-	0		0			1	0	0		0	0	5899	8371	107	159	0.07	0.03	NA	0	0	NA		0
gene-LOC120046019	LOC120046019	pecanex-like protein 2	protein_coding	0	NC_052310.1	79560727	79589346	+	0		0			1	0	0		0	0	107	212	0	0	0.00	0.00	NA	0	0	NA		0
gene-LOC120031215	LOC120031215	uridine phosphorylase 1-like	protein_coding	5	NC_052343.1	30232530	30238382	-	0		0			1	0	0		0	0	57	0	1	0	0.28	0.40	NA	0	0	NA		0
gene-LOC120043641	LOC120043641	transport and Golgi organization protein 1 homolog	protein_coding	5	NW_024061733.1	41449	56678	+	0		0			1	0	0		0	0	0	83	2	1	0.00	0.01	NA	0	0	NA		0
gene-LOC120040921	LOC120040921	CDK5 and ABL1 enzyme substrate 2-like	protein_coding	1	NW_024060919.1	64306	155574	-	0		0			2	0	0		0	0	12101	9733	75	157	0.00	0.00	NA	0	0	NA		0
gene-LOC120051879	LOC120051879	secretory carrier-associated membrane protein 2-like	protein_coding	3	NC_052314.1	13104419	13146415	+	0		0			1	0	0		0	0	6717	4677	156	196	0.00	0.00	NA	0	0	NA		0
gene-LOC120035161	LOC120035161	zinc finger protein with KRAB and SCAN domains 1-like	protein_coding	1	NC_052348.1	20338883	20354865	-	0		0			2	0	0		0	0	0	9	0	3	0.11	0.12	NA	0	0	NA		0
gene-LOC120048774	LOC120048774	rho guanine nucleotide exchange factor 1-like	protein_coding	5	NC_052311.1	66371722	66440195	-	0		0			2	0	0		0	0	1016	568	22	83	0.46	0.43	NA	0	0	NA		0
gene-LOC120021779	LOC120021779	protein B4-like	protein_coding	3	NC_052308.1	43062104	43065625	-	0		0			1	0	0		0	0	0	0	0	0	0.00	0.00	NA	0	0	NA		0
gene-LOC120048704	LOC120048704	cocaine- and amphetamine-regulated transcript protein	protein_coding	7	NC_052307.1	73665411	73666492	-	0		0			1	0	0		0	0	0	0	0	0	0.00	0.00	NA	0	0	NA		0
gene-LOC120033158	LOC120033158	gastrula zinc finger protein XlCGF7.1-like	protein_coding	5	NC_052346.1	21762460	21764473	-	0		0			1	0	0		0	0	0	0	0	0	0.09	0.08	NA	0	0	NA		0
gene-LOC120049017	LOC120049017	carcinoembryonic antigen-related cell adhesion molecule 5-like	protein_coding	2	NC_052312.1	20849702	20859169	-	0		0			1	0	0		0	0	6373	3630	0	3	0.00	0.00	NA	0	0	NA		0
gene-LOC120030922	LOC120030922	intermediate conductance calcium-activated potassium channel protein 4-like	protein_coding	7	NC_052343.1	24834382	24866835	-	0		0			2	0	0		0	0	178	0	0	1	0.00	0.00	NA	0	0	NA		0
gene-rbm20	rbm20	RNA binding motif protein 20	protein_coding	4	NC_052345.1	5530851	5603957	-	0		0			2	0	0		0	0	6338	3931	31	34	0.00	0.00	NA	0	0	NA		0
gene-LOC120051536	LOC120051536	OX-2 membrane glycoprotein-like	protein_coding	1	NC_052313.1	58807848	58815371	+	0		0			1	0	0		0	0	0	0	0	1	0.00	0.00	NA	0	0	NA		0
gene-LOC120035156	LOC120035156	uncharacterized LOC120035156	protein_coding	0	NC_052348.1	20381724	20386745	-	0		0			1	0	0		0	0	0	0	0	0	0.53	0.51	NA	0	0	NA		0
gene-qser1	qser1	glutamine and serine rich 1	protein_coding	0	NC_052307.1	78818848	78836210	+	0		0			2	0	0		0	0	1149	970	14	11	0.32	0.31	NA	0	0	NA		0
gene-LOC120043935	LOC120043935	transport and Golgi organization protein 1 homolog	protein_coding	5	NC_052309.1	57117028	57134920	+	0		0			1	0	0		0	0	160	403	1	1	0.01	0.01	NA	0	0	NA		0
gene-LOC120041009	LOC120041009	tripartite motif-containing protein 16-like	protein_coding	2	NW_024061007.1	236391	243469	-	0		0			2	0	0		0	0	282	409	26	107	0.11	0.11	NA	0	0	NA		0
gene-LOC120056894	LOC120056894	glutamate receptor 4	protein_coding	9	NC_052318.1	11493588	11719686	-	0		0			6	0	0		0	0	3519	5215	144	137	0.00	0.00	NA	0	0	NA		0
gene-LOC120049112	LOC120049112	transmembrane and coiled-coil domain protein 3-like	protein_coding	1	NC_052312.1	37278392	37287893	+	0		0			1	0	0		0	0	82	117	0	3	0.09	0.15	NA	0	0	NA		0
gene-LOC120034958	LOC120034958	C-type lectin domain family 4 member M-like	protein_coding	1	NC_052348.1	22165338	22175989	+	0		0			3	0	0		0	0	1383	1087	23	38	0.00	0.00	NA	0	0	NA		0
gene-LOC120023315	LOC120023315	alpha-2-macroglobulin	protein_coding	1	NC_052308.1	72215056	72236165	+	0		0			2	0	0		0	0	1510	163	9	8	0.00	0.00	NA	0	0	NA		0
gene-LOC120040994	LOC120040994	tripartite motif-containing protein 16-like	protein_coding	2	NW_024061007.1	994497	1030823	-	0		0			2	0	0		0	0	3197	8954	151	271	0.46	0.43	NA	0	0	NA		0
gene-LOC120056737	LOC120056737	macrophage mannose receptor 1-like	protein_coding	0	NC_052318.1	2834796	2837512	-	0		0			1	0	0		0	0	1092	1294	1	43	0.00	0.00	NA	0	0	NA		0
gene-LOC120017544	LOC120017544	multidrug resistance-associated protein 1-like	protein_coding	5	NC_052308.1	71181098	71214080	-	0		0			1	0	0		0	0	0	228	0	1	0.00	0.01	NA	0	0	NA		0
gene-LOC120066174	LOC120066174	DET1 homolog	protein_coding	6	NC_052327.1	21417865	21451584	-	0		0			1	0	0		0	0	121	77	5	15	0.15	0.22	NA	0	0	NA		0
gene-LOC120043660	LOC120043660	myosin heavy chain, fast skeletal muscle-like	protein_coding	4	NW_024061741.1	285624	305422	-	0		0			1	0	0		0	0	235	0	3	0	0.00	0.00	NA	0	0	NA		0
gene-LOC120043667	LOC120043667	myosin heavy chain, fast skeletal muscle-like	protein_coding	4	NW_024061741.1	215499	234621	+	0		0			1	0	0		0	0	0	0	0	0	0.00	0.00	NA	0	0	NA		0
gene-LOC120031451	LOC120031451	collagen alpha-6(VI) chain-like	protein_coding	1	NC_052343.1	31002442	31035185	-	0		0			2	0	0		0	0	126	0	18	11	0.05	0.03	NA	0	0	NA		0
gene-LOC120042548	LOC120042548	protein transport protein Sec16A-like	protein_coding	0	NW_024061431.1	466469	468227	+	0		0			2	0	0		0	0	0	126	0	0	0.00	0.00	NA	0	0	NA		0
gene-LOC120050145	LOC120050145	serine protease FAM111A-like	protein_coding	0	NC_052312.1	51889879	51949799	+	0		0			1	0	0		0	0	5169	9025	19	41	0.54	0.41	NA	0	0	NA		0
gene-LOC120047322	LOC120047322	ATP-dependent translocase ABCB1-like	protein_coding	5	NC_052311.1	70058990	70088178	-	0		0			2	0	0		0	0	1587	2567	16	38	0.00	0.00	NA	0	0	NA		0
gene-LOC120033486	LOC120033486	zinc finger protein 658B-like	protein_coding	5	NC_052346.1	21969831	21990672	+	0		0			1	0	0		0	0	1022	787	4	0	0.00	0.00	NA	0	0	NA		0
gene-LOC120045932	LOC120045932	CUB and sushi domain-containing protein 1-like	protein_coding	0	NC_052310.1	57238015	57584836	+	0		0			2	0	0		0	0	4439	240	11	9	0.00	0.00	NA	0	0	NA		0
gene-LOC120037528	LOC120037528	probable E3 ubiquitin-protein ligase HERC1	protein_coding	5	NW_024058507.1	961	51714	-	0		0			2	0	0		0	0	5782	4300	48	70	0.31	0.32	NA	0	0	NA		0
gene-bmerb1	bmerb1	bMERB domain containing 1	protein_coding	2	NC_052308.1	71077180	71095750	+	0		0			1	0	0		0	0	317	299	4	6	0.00	0.00	NA	0	0	NA		0
gene-LOC120042507	LOC120042507	zinc finger protein 135-like	protein_coding	3	NW_024061419.1	332890	338951	-	0		0			4	0	0		0	0	0	420	0	0	0.20	0.19	NA	0	0	NA		0
gene-LOC120018848	LOC120018848	fibroblast growth factor 12-like	protein_coding	11	NC_052329.1	44348815	44412509	+	0		0			2	0	0		0	0	0	0	0	0	0.00	0.00	NA	0	0	NA		0
gene-LOC120033354	LOC120033354	gamma-crystallin S-like	protein_coding	3	NC_052346.1	15323373	15332327	+	0		0			1	0	0		0	0	623	2231	3	16	0.00	0.00	NA	0	0	NA		0
gene-LOC120039005	LOC120039005	sodium/hydrogen exchanger 9B2-like	protein_coding	3	NW_024059317.1	6948	24238	-	0		0			1	0	0		0	0	549	683	11	21	0.00	0.00	NA	0	0	NA		0
gene-LOC120024745	LOC120024745	C-C motif chemokine 13-like	protein_coding	16	NC_052336.1	487639	488487	+	0		0			1	0	0		0	0	0	0	0	0	0.02	0.00	NA	0	0	NA		0
gene-LOC120042508	LOC120042508	gastrula zinc finger protein XlCGF7.1-like	protein_coding	3	NW_024061419.1	267662	268445	-	0		0			1	0	0		0	0	0	0	0	0	0.08	0.10	NA	0	0	NA		0
gene-LOC120027860	LOC120027860	disco-interacting protein 2 homolog C-like	protein_coding	0	NC_052339.1	21251028	21287384	-	0		0			1	0	0		0	0	4080	110	70	78	0.00	0.00	NA	0	0	NA		0
gene-LOC120039980	LOC120039980		pseudogene	0	NW_024060070.1	10638	17055	-	1	upstream<=5kb	0	hypo_siscowet	32.03	16	0	0		0	0	0	0	0	0	0.00	0.01	NA	0	0	NA		0
gene-LOC120036047	LOC120036047		pseudogene	0	NW_024057893.1	54901	62889	+	1	upstream<=5kb	0	hypo_siscowet	27.96	8	0	0		0	0	4073	7988	3	2	0.00	0.00	NA	0	0	NA		0
gene-LOC120040514	LOC120040514		pseudogene	0	NW_024060549.1	10857	16248	-	2	upstream<=5kb	0	hypo_siscowet	26.66	17	0	0		0	0	339	1333	0	0	0.00	0.00	NA	0	0	NA		0
gene-LOC120039510	LOC120039510		pseudogene	0	NW_024059636.1	3478	8409	-	2	upstream<=5kb	0	hypo_siscowet	25.36	46	0	0		0	0	0	0	0	1	0.01	0.02	NA	0	0	NA		0
gene-LOC120041954	LOC120041954	uncharacterized LOC120041954	lncRNA	0	NW_024061301.1	109211	110734	-	1	downstream<=5kb	0	hypo_siscowet	24.72	5	0	0		0	0	0	0	0	0	0.00	0.00	NA	0	0	NA		0
gene-LOC120039629	LOC120039629		pseudogene	0	NW_024059740.1	10236	15203	+	1	upstream<=5kb	0	hypo_siscowet	23.28	12	0	0		0	0	0	0	2	2	0.01	0.01	NA	0	0	NA		0
gene-LOC120038389	LOC120038389		pseudogene	0	NW_024058979.1	10719	16848	-	2	downstream<=5kb	0	hypo_siscowet	22.22	17	0	0		0	0	0	0	0	0	0.00	0.00	NA	0	0	NA		0
gene-LOC120039825	LOC120039825		pseudogene	0	NW_024059927.1	12635	19400	+	1	upstream<=5kb	0	hypo_siscowet	21.91	5	0	0		0	0	65	2135	3	4	0.00	0.00	NA	0	0	NA		0
gene-LOC120038348	LOC120038348		pseudogene	0	NW_024058945.1	32778	39547	+	1	upstream<=5kb	0	hypo_siscowet	21.84	8	0	0		0	0	0	1324	0	1	0.00	0.00	NA	0	0	NA		0
gene-LOC120038884	LOC120038884		pseudogene	0	NW_024059257.1	15485	21984	-	3	downstream<=5kb	0	hypo_siscowet	20.23	27	0	0		0	0	0	0	0	2	0.07	0.11	NA	0	0	NA		0
gene-LOC120038481	LOC120038481		pseudogene	0	NW_024059023.1	18064	25918	-	1	upstream<=5kb	0	hypo_siscowet	19.29	4	0	0		0	0	0	1972	2	1	0.13	0.09	NA	0	0	NA		0
gene-LOC120042061	LOC120042061	uncharacterized LOC120042061	lncRNA	0	NW_024061319.1	13367	14943	-	1	downstream<=5kb	0	hypo_siscowet	19.10	3	0	0		0	0	0	0	0	0	0.00	0.00	NA	0	0	NA		0
gene-LOC120040312	LOC120040312		pseudogene	0	NW_024060346.1	16647	21576	+	1	upstream<=5kb	0	hypo_siscowet	19.06	10	0	0		0	0	0	0	1	2	0.00	0.00	NA	0	0	NA		0
gene-LOC120036895	LOC120036895		pseudogene	0	NW_024058234.1	12563	18708	+	1	upstream<=5kb	0	hypo_siscowet	17.92	5	0	0		0	0	1157	0	4	0	0.23	0.32	NA	0	0	NA		0
gene-LOC120036788	LOC120036788		pseudogene	0	NW_024058207.1	19826	19975	-	1	downstream<=5kb	0	hyper_siscowet	16.63	5	0	0		0	0	0	0	0	0	0.00	0.00	NA	0	0	NA		0
gene-LOC120039140	LOC120039140	uncharacterized LOC120039140	lncRNA	0	NW_024059411.1	17139	18500	-	1	downstream<=5kb	0	hypo_siscowet	16.33	3	0	0		0	0	116	0	0	0	0.00	0.00	NA	0	0	NA		0
gene-LOC120034107	LOC120034107		V_segment	0	NC_052347.1	15724022	15724541	-	0		0			0	0	1	downstream<=5kb	0	10029	0	0	0	0	0.00	0.00	NA	0	0	NA		0
gene-LOC120034106	LOC120034106		C_region	0	NC_052347.1	15683865	15790267	+	0		0			0	0	1	intron	0	10029	347	11453	3	5	0.13	0.29	NA	0	0	NA		0
gene-LOC120064527	LOC120064527		pseudogene	0	NC_052325.1	4713323	4729044	+	0		0			0	0	2	promoter	0	4923	0	0	0	1	0.00	0.00	NA	0	0	NA		0
gene-LOC120053260	LOC120053260		pseudogene	0	NC_052315.1	34818557	35089977	-	0		0			0	0	1	intron	0	3163	2260	10326	9	24	0.00	0.00	NA	0	0	NA		0
gene-LOC120039432	LOC120039432		pseudogene	0	NW_024059570.1	17080	23952	-	0		0			0	0	1	downstream<=5kb	0	3094	0	0	0	2	0.00	0.00	NA	0	0	NA		0
gene-LOC120034268	LOC120034268		V_segment	0	NC_052347.1	19076250	19076799	-	0		0			0	0	1	promoter	0	2254	0	0	0	0	0.00	0.01	NA	0	0	NA		0
gene-LOC120034386	LOC120034386		V_segment	0	NC_052347.1	14980570	14981053	+	0		0			0	0	1	upstream<=5kb	0	1852	0	0	0	0	0.00	0.00	NA	0	0	NA		0
gene-LOC120030266	LOC120030266		pseudogene	0	NC_052342.1	15561317	15577528	+	0		0			0	0	2	upstream<=5kb	0	1834	245	1971	2	2	0.00	0.00	NA	0	0	NA		0
gene-LOC120060543	LOC120060543	uncharacterized LOC120060543	lncRNA	0	NC_052321.1	35729839	35730342	-	0		0			0	0	1	upstream<=5kb	0	1824	0	0	0	0	0.00	0.00	NA	0	0	NA		0
gene-LOC120047337	LOC120047337		pseudogene	0	NC_052311.1	71667654	71748234	+	0		0			0	0	1	intron	0	1760	16122	15636	250	266	0.00	0.00	NA	0	0	NA		0
gene-LOC120030829	LOC120030829	uncharacterized LOC120030829	lncRNA	0	NC_052343.1	18587281	18636377	-	0		0			0	0	1	intron	0	1543	1772	1604	0	1	0.00	0.00	NA	0	0	NA		0
gene-LOC120039780	LOC120039780		pseudogene	0	NW_024059896.1	188930	275927	-	0		0			1	0	2	intron	0	1448	567	6201	9	29	0.01	0.01	NA	0	0	NA		0
gene-LOC120049215	LOC120049215	uncharacterized LOC120049215	lncRNA	0	NC_052312.1	8363082	8364404	+	0		0			0	0	1	downstream<=5kb	0	1119	0	0	0	0	0.00	0.00	NA	0	0	NA		0
gene-LOC120035682	LOC120035682	uncharacterized LOC120035682	lncRNA	0	NW_024057775.1	174002	182268	+	0		0			0	0	1	upstream<=5kb	0	1036	6124	1242	6	10	0.02	0.02	NA	0	0	NA		0
gene-LOC120035678	LOC120035678		pseudogene	0	NW_024057775.1	62722	217261	-	0		0			0	0	2	intron	0	1036	8315	12604	20	92	0.01	0.01	NA	0	0	NA		0
gene-LOC120031599	LOC120031599		pseudogene	0	NC_052343.1	9813777	9814579	+	0		0			0	0	3	promoter	0	997	0	0	0	0	0.05	0.06	NA	0	0	NA		0
gene-LOC120029394	LOC120029394		pseudogene	0	NC_052341.1	9640457	9754829	+	0		0			0	0	1	intron	0	989	3720	7310	2	32	0.00	0.00	NA	0	0	NA		0
gene-LOC120033005	LOC120033005	uncharacterized LOC120033005	lncRNA	0	NC_052345.1	23333599	23349210	+	0		0			0	0	1	intron	0	894	0	894	0	1	0.05	0.00	NA	0	0	NA		0
gene-LOC120052132	LOC120052132		pseudogene	0	NC_052314.1	43324702	43517282	+	0		0			0	0	1	intron	0	867	850	984	12	9	0.00	0.00	NA	0	0	NA		0
gene-LOC120035238	LOC120035238		pseudogene	0	NW_024057675.1	404775	436533	-	0		0			0	0	1	intron	0	857	677	1122	2	1	0.01	0.01	NA	0	0	NA		0
gene-LOC120041710	LOC120041710	uncharacterized LOC120041710	lncRNA	0	NW_024061214.1	107488	110293	+	0		0			0	0	1	upstream<=5kb	0	833	0	295	0	5	0.44	0.43	NA	0	0	NA		0
gene-LOC120046851	LOC120046851	uncharacterized LOC120046851	lncRNA	0	NC_052310.1	81231355	81270989	+	0		0			0	0	1	intron	0	801	3166	3210	3	3	0.00	0.00	NA	0	0	NA		0
gene-LOC120039772	LOC120039772		pseudogene	0	NW_024059896.1	390821	435882	-	0		0			0	0	1	intron	0	746	361	5387	6	31	0.01	0.01	NA	0	0	NA		0
gene-LOC120042249	LOC120042249	uncharacterized LOC120042249	lncRNA	0	NW_024061363.1	59395	60176	-	0		0			0	0	1	downstream<=5kb	0	690	0	0	0	0	0.00	0.00	NA	0	0	NA		0
gene-LOC120042248	LOC120042248	uncharacterized LOC120042248	lncRNA	0	NW_024061363.1	58674	59393	-	0		0			0	0	1	downstream<=5kb	0	690	0	0	0	0	0.03	0.00	NA	0	0	NA		0
gene-LOC120037253	LOC120037253	uncharacterized LOC120037253	lncRNA	0	NW_024058401.1	47024	48419	+	0		0			0	0	1	upstream<=5kb	0	649	0	0	1	2	0.00	0.00	NA	0	0	NA		0
gene-LOC120039797	LOC120039797		pseudogene	0	NW_024059897.1	103678	106224	-	0		0			0	0	1	downstream<=5kb	0	620	54	0	2	1	0.00	0.00	NA	0	0	NA		0
gene-LOC120040971	LOC120040971	uncharacterized LOC120040971	lncRNA	0	NW_024060978.1	6041	16484	-	0		0			0	0	1	intron	0	604	687	1142	4	16	0.00	0.00	NA	0	0	NA		0
gene-LOC120040144	LOC120040144	uncharacterized LOC120040144	lncRNA	0	NW_024060221.1	5769	20357	+	0		0			0	0	1	downstream<=5kb	0	591	2910	2803	56	109	0.00	0.00	NA	0	0	NA		0
gene-LOC120022978	LOC120022978		V_segment	0	NC_052334.1	2294788	2307528	-	0		0			0	0	1	upstream<=5kb	0	576	4068	4155	9	10	0.00	0.00	NA	0	0	NA		0
gene-LOC120052679	LOC120052679		pseudogene	0	NC_052307.1	66537007	66618391	-	0		0			0	0	1	intron	0	574	6176	9195	61	92	0.48	0.39	NA	0	0	NA		0
gene-LOC120043055	LOC120043055	uncharacterized LOC120043055	lncRNA	0	NW_024061586.1	56529	76759	-	0		0			0	0	1	downstream<=5kb	0	562	1300	1765	13	39	0.06	0.02	NA	0	0	NA		0
gene-LOC120027007	LOC120027007	uncharacterized LOC120027007	lncRNA	0	NC_052308.1	59940328	59941731	-	0		0			0	0	1	upstream<=5kb	0	498	0	0	0	0	0.00	0.05	NA	0	0	NA		0
gene-LOC120025861	LOC120025861		pseudogene	0	NC_052337.1	34524025	34524467	-	0		0			0	0	1	upstream<=5kb	0	484	0	0	0	0	0.01	0.00	NA	0	0	NA		0
gene-LOC120040807	LOC120040807	uncharacterized LOC120040807	lncRNA	0	NW_024060786.1	71811	86927	-	0		0			0	0	2	intron	0	483	1070	2315	32	49	0.51	0.10	NA	0	0	NA		0
gene-LOC120037972	LOC120037972		pseudogene	0	NW_024058786.1	196634	208348	-	0		0			0	0	1	upstream<=5kb	0	479	240	308	7	14	0.62	0.57	NA	0	0	NA		0
gene-LOC120019270	LOC120019270	uncharacterized LOC120019270	lncRNA	0	NC_052308.1	78237112	78255037	-	0		0			0	0	1	intron	0	457	587	3926	11	20	0.16	0.02	NA	0	0	NA		0
gene-LOC120036625	LOC120036625		pseudogene	0	NW_024058119.1	640886	653484	-	0		0			0	0	1	promoter	0	429	0	2952	0	8	0.00	0.00	NA	0	0	NA		0
gene-LOC120018272	LOC120018272	uncharacterized LOC120018272	lncRNA	0	NC_052308.1	74559301	74565859	+	0		0			0	0	1	promoter	0	407	713	2793	0	6	0.00	0.00	NA	0	0	NA		0
gene-LOC120022268	LOC120022268		pseudogene	0	NC_052308.1	56530125	56545287	-	0		0			0	0	2	intron	0	401	815	1469	0	12	0.02	0.01	NA	0	0	NA		0
gene-LOC120028585	LOC120028585		pseudogene	0	NC_052308.1	80489939	80490067	+	0		0			0	0	2	promoter	0	370	0	0	0	0	0.25	0.01	NA	0	0	NA		0
gene-LOC120042111	LOC120042111	uncharacterized LOC120042111	lncRNA	0	NW_024061323.1	28108	45102	+	0		0			0	0	1	promoter	0	370	555	908	8	19	0.00	0.00	NA	0	0	NA		0
gene-LOC120037251	LOC120037251		pseudogene	0	NW_024058397.1	111924	117891	+	0		0			0	0	1	downstream<=5kb	0	332	239	864	3	7	0.01	0.01	NA	0	0	NA		0
gene-LOC120042905	LOC120042905	uncharacterized LOC120042905	lncRNA	0	NW_024061530.1	934477	940103	-	0		0			0	0	1	upstream<=5kb	0	312	647	1971	3	3	0.00	0.00	NA	0	0	NA		0
gene-LOC120022023	LOC120022023		pseudogene	0	NC_052333.1	9557128	9605365	-	0		0			0	0	1	intron	0	312	4192	3827	28	77	0.00	0.00	NA	0	0	NA		0
gene-LOC120045758	LOC120045758	uncharacterized LOC120045758	lncRNA	0	NC_052310.1	56218881	56221917	+	0		0			0	0	1	downstream<=5kb	0	299	0	0	0	0	0.00	0.00	NA	0	0	NA		0
gene-LOC120046038	LOC120046038	uncharacterized LOC120046038	lncRNA	0	NC_052310.1	56218193	56218642	+	0		0			0	0	1	downstream<=5kb	0	299	0	0	0	0	0.00	0.00	NA	0	0	NA		0
gene-LOC120038208	LOC120038208		pseudogene	0	NW_024058897.1	603004	604946	-	0		0			0	0	1	downstream<=5kb	0	290	0	91	0	1	0.02	0.03	NA	0	0	NA		0
gene-LOC120040005	LOC120040005	uncharacterized LOC120040005	lncRNA	0	NW_024060102.1	16364	20867	+	0		0			0	0	1	downstream<=5kb	0	281	2	0	3	1	0.00	0.00	NA	0	0	NA		0
gene-LOC120021571	LOC120021571		pseudogene	0	NC_052308.1	38539299	38548657	+	0		0			0	0	1	downstream<=5kb	0	258	0	70	0	1	0.00	0.00	NA	0	0	NA		0
gene-LOC120039775	LOC120039775		pseudogene	0	NW_024059896.1	530083	531134	-	0		0			0	0	1	downstream<=5kb	0	255	336	1017	0	1	0.04	0.02	NA	0	0	NA		0
gene-LOC120036621	LOC120036621		pseudogene	0	NW_024058119.1	325253	362590	-	0		0			0	0	1	upstream<=5kb	0	245	1251	6068	3	22	0.00	0.00	NA	0	0	NA		0
gene-LOC120041735	LOC120041735	uncharacterized LOC120041735	lncRNA	0	NW_024061219.1	11437	66627	+	0		0			0	0	1	upstream<=5kb	0	243	3859	4253	19	45	0.03	0.04	NA	0	0	NA		0
gene-LOC120018594	LOC120018594		pseudogene	0	NC_052329.1	27267659	27293405	+	0		0			0	0	1	downstream<=5kb	0	223	57	645	5	21	0.00	0.00	NA	0	0	NA		0
gene-LOC120041700	LOC120041700	uncharacterized LOC120041700	lncRNA	0	NW_024061209.1	311019	326173	+	0		0			0	0	1	intron	0	215	6096	4208	24	24	0.00	0.03	NA	0	0	NA		0
gene-LOC120052120	LOC120052120		pseudogene	0	NC_052314.1	38717224	38744515	-	0		0			0	0	1	intron	0	215	0	215	0	0	0.00	0.00	NA	0	0	NA		0
gene-LOC120047631	LOC120047631	uncharacterized LOC120047631	lncRNA	0	NC_052311.1	50959973	50960469	+	0		0			0	0	1	downstream<=5kb	0	214	0	0	0	0	0.00	0.00	NA	0	0	NA		0
gene-LOC120035882	LOC120035882		pseudogene	0	NW_024057820.1	160314	229490	-	0		0			0	0	2	intron	0	209	303	6085	5	41	0.01	0.02	NA	0	0	NA		0
gene-LOC120048061	LOC120048061	uncharacterized LOC120048061	lncRNA	0	NC_052307.1	70153696	70162348	-	0		0			0	0	1	upstream<=5kb	0	208	0	0	0	0	0.29	0.10	NA	0	0	NA		0
gene-LOC120048071	LOC120048071	uncharacterized LOC120048071	lncRNA	0	NC_052307.1	70161974	70163434	+	0		0			0	0	1	downstream<=5kb	0	208	0	0	0	0	0.01	0.06	NA	0	0	NA		0
gene-LOC120039375	LOC120039375	uncharacterized LOC120039375	lncRNA	0	NW_024059537.1	12530	16952	+	0		0			0	0	1	upstream<=5kb	0	201	0	0	0	1	0.00	0.00	NA	0	0	NA		0
gene-LOC120038399	LOC120038399	uncharacterized LOC120038399	lncRNA	0	NW_024058986.1	65275	75212	+	0		0			1	0	1	intron	0	199	3561	507	9	7	0.00	0.00	NA	0	0	NA		0
gene-LOC120019594	LOC120019594	uncharacterized LOC120019594	lncRNA	0	NC_052330.1	1797897	1814491	+	0		0			0	0	1	downstream<=5kb	0	192	0	0	0	0	0.00	0.00	NA	0	0	NA		0
gene-LOC120037054	LOC120037054	uncharacterized LOC120037054	lncRNA	0	NW_024058294.1	43272	44172	+	0		0			0	0	1	downstream<=5kb	0	192	0	0	2	4	0.00	0.00	NA	0	0	NA		0
gene-LOC120037052	LOC120037052	uncharacterized LOC120037052	lncRNA	0	NW_024058294.1	41649	43265	+	0		0			0	0	1	downstream<=5kb	0	192	0	1555	0	2	0.00	0.00	NA	0	0	NA		0
gene-LOC120022263	LOC120022263		pseudogene	0	NC_052308.1	56487260	56500638	-	0		0			0	0	2	intron	0	184	0	325	9	13	0.01	0.01	NA	0	0	NA		0
gene-LOC120034011	LOC120034011		V_segment	0	NC_052347.1	14728510	14729033	+	0		0			0	0	1	downstream<=5kb	0	180	0	0	0	0	0.00	0.00	NA	0	0	NA		0
gene-LOC120055110	LOC120055110	uncharacterized LOC120055110	lncRNA	0	NC_052316.1	46886668	46890570	+	0		0			0	0	1	downstream<=5kb	0	177	449	249	0	0	0.01	0.00	NA	0	0	NA		0
gene-LOC120049147	LOC120049147		pseudogene	0	NC_052312.1	45274906	45348193	+	0		0			0	0	2	promoter	0	177	5932	4112	40	19	0.00	0.00	NA	0	0	NA		0
gene-LOC120037514	LOC120037514		pseudogene	0	NW_024058497.1	47415	54489	+	0		0			0	0	1	promoter	0	170	1426	403	0	0	0.00	0.00	NA	0	0	NA		0
gene-LOC120036273	LOC120036273		pseudogene	0	NW_024057987.1	56097	61333	+	0		0			0	0	1	promoter	0	168	0	195	0	2	0.00	0.00	NA	0	0	NA		0
gene-LOC120047807	LOC120047807	uncharacterized LOC120047807	lncRNA	0	NC_052311.1	50950009	50952926	+	0		0			0	0	1	upstream<=5kb	0	168	0	0	0	0	0.00	0.00	NA	0	0	NA		0
gene-LOC120035235	LOC120035235		pseudogene	0	NW_024057675.1	203159	400579	-	0		0			2	0	2	intron	0	162	4490	27101	30	86	0.01	0.01	NA	0	0	NA		0
gene-LOC120043677	LOC120043677	uncharacterized LOC120043677	lncRNA	0	NW_024061748.1	75744	77059	+	0		0			0	0	1	downstream<=5kb	0	151	0	0	1	2	0.00	0.00	NA	0	0	NA		0
gene-LOC120033040	LOC120033040	uncharacterized LOC120033040	lncRNA	0	NC_052345.1	2654459	2655667	-	0		0			0	0	1	downstream<=5kb	0	145	189	4	0	0	0.10	0.08	NA	0	0	NA		0
gene-LOC120032457	LOC120032457		pseudogene	0	NC_052345.1	2635619	2739402	-	0		0			0	0	1	intron	0	145	15345	4545	77	87	0.00	0.00	NA	0	0	NA		0
gene-LOC120037798	LOC120037798	uncharacterized LOC120037798	lncRNA	0	NW_024058652.1	261840	274018	-	0		0			0	0	1	downstream<=5kb	0	145	314	214	28	27	0.00	0.00	NA	0	0	NA		0
gene-LOC120061657	LOC120061657		pseudogene	0	NC_052322.1	37015511	37030950	-	0		0			0	0	1	downstream<=5kb	0	144	0	375	0	8	0.00	0.00	NA	0	0	NA		0
gene-LOC120042422	LOC120042422	uncharacterized LOC120042422	lncRNA	0	NW_024061398.1	45638	46285	+	0		0			0	0	1	downstream<=5kb	0	136	0	0	0	0	0.00	0.00	NA	0	0	NA		0
gene-LOC120019263	LOC120019263	uncharacterized LOC120019263	lncRNA	0	NC_052308.1	78021987	78022538	+	0		0			0	0	1	downstream<=5kb	0	136	0	0	0	0	0.67	0.50	NA	0	0	NA		0
gene-LOC120051688	LOC120051688		pseudogene	0	NC_052314.1	7506805	7546823	+	0		0			0	0	1	intron	0	136	0	359	1	4	0.00	0.00	NA	0	0	NA		0
gene-LOC120019320	LOC120019320	uncharacterized LOC120019320	lncRNA	0	NC_052308.1	78027022	78034646	-	0		0			0	0	1	downstream<=5kb	0	136	76	0	0	3	0.02	0.00	NA	0	0	NA		0
gene-LOC120041661	LOC120041661	uncharacterized LOC120041661	lncRNA	0	NW_024061197.1	783814	805372	+	0		0			0	0	1	intron	0	116	4215	6860	58	245	0.00	0.00	NA	0	0	NA		0
gene-LOC120036182	LOC120036182	uncharacterized LOC120036182	lncRNA	0	NW_024057931.1	270476	272445	-	0		0			0	0	1	upstream<=5kb	0	116	0	150	0	1	0.06	0.00	NA	0	0	NA		0
gene-LOC120034503	LOC120034503	uncharacterized LOC120034503	lncRNA	0	NC_052347.1	14255705	14259745	+	0		0			0	0	1	promoter	0	116	0	182	1	3	0.00	0.00	NA	0	0	NA		0
gene-LOC120041285	LOC120041285		pseudogene	0	NW_024061121.1	14225	19471	+	0		0			0	0	1	upstream<=5kb	0	115	0	0	0	0	0.00	0.00	NA	0	0	NA		0
gene-LOC120060343	LOC120060343	uncharacterized LOC120060343	lncRNA	0	NC_052321.1	24560188	24635484	+	0		0			0	0	1	intron	0	108	5570	3440	9	16	0.00	0.03	NA	0	0	NA		0
gene-LOC120018411	LOC120018411	uncharacterized LOC120018411	lncRNA	0	NC_052329.1	38947286	38964960	+	0		0			0	0	1	intron	0	103	0	103	0	0	0.39	0.54	NA	0	0	NA		0
gene-LOC120039870	LOC120039870		pseudogene	0	NW_024059952.1	27121	27267	+	0		0			1	0	0		0	0	0	0	0	0	0.00	0.00	NA	0	0	NA		0
gene-LOC120039203	LOC120039203	uncharacterized LOC120039203	lncRNA	0	NW_024059452.1	666933	670202	+	0		0			1	0	0		0	0	0	0	1	3	0.00	0.00	NA	0	0	NA		0
gene-LOC120042510	LOC120042510		pseudogene	0	NW_024061419.1	735450	741138	+	0		0			2	0	0		0	0	103	438	6	11	0.06	0.08	NA	0	0	NA		0
gene-LOC120032419	LOC120032419	uncharacterized LOC120032419	lncRNA	0	NC_052345.1	3975300	3978395	+	0		0			1	0	0		0	0	55	0	0	0	0.06	0.02	NA	0	0	NA		0
gene-LOC120062200	LOC120062200		pseudogene	0	NC_052323.1	35578657	35747173	+	0		0			2	0	0		0	0	8509	10999	98	230	0.00	0.00	NA	0	0	NA		0
gene-LOC120036357	LOC120036357		pseudogene	0	NW_024058024.1	8387	13541	-	0		0			1	0	0		0	0	2432	0	0	3	0.04	0.03	NA	0	0	NA		0
gene-LOC120039421	LOC120039421		pseudogene	0	NW_024059565.1	15524	15673	-	0		0			1	0	0		0	0	0	0	0	1	0.00	0.00	NA	0	0	NA		0
gene-LOC120036977	LOC120036977		pseudogene	0	NW_024058273.1	43464	43618	-	0		0			1	0	0		0	0	0	0	0	1	0.00	0.00	NA	0	0	NA		0
gene-LOC120018004	LOC120018004	uncharacterized LOC120018004	lncRNA	0	NC_052329.1	22941742	22944264	-	0		0			2	0	0		0	0	0	0	0	0	0.00	0.02	NA	0	0	NA		0
gene-LOC120037681	LOC120037681		pseudogene	0	NW_024058582.1	36205	36353	+	0		0			2	0	0		0	0	0	0	0	0	0.00	0.00	NA	0	0	NA		0
gene-LOC120038116	LOC120038116		pseudogene	0	NW_024058881.1	31886	32029	-	0		0			1	0	0		0	0	0	0	0	0	0.00	0.00	NA	0	0	NA		0
gene-LOC120043618	LOC120043618	uncharacterized LOC120043618	lncRNA	0	NW_024061727.1	40803	41993	+	0		0			2	0	0		0	0	0	0	1	2	0.02	0.01	NA	0	0	NA		0
gene-LOC120035547	LOC120035547		pseudogene	0	NW_024057745.1	1861	2006	-	0		0			1	0	0		0	0	0	0	0	0	0.00	0.00	NA	0	0	NA		0
gene-LOC120026316	LOC120026316	uncharacterized LOC120026316	lncRNA	0	NC_052337.1	45734135	45736632	-	0		0			1	0	0		0	0	0	0	0	0	0.08	0.08	NA	0	0	NA		0
gene-LOC120045277	LOC120045277		pseudogene	0	NC_052309.1	94126856	94127003	-	0		0			1	0	0		0	0	0	140	0	0	0.00	0.00	NA	0	0	NA		0
gene-LOC120038112	LOC120038112		pseudogene	0	NW_024058881.1	30254	30400	-	0		0			1	0	0		0	0	0	0	0	0	0.00	0.00	NA	0	0	NA		0
gene-LOC120039409	LOC120039409		pseudogene	0	NW_024059565.1	7275	7424	-	0		0			1	0	0		0	0	0	149	0	0	0.00	0.00	NA	0	0	NA		0
gene-LOC120033649	LOC120033649		pseudogene	0	NC_052346.1	22030792	22032781	-	0		0			1	0	0		0	0	0	0	3	2	0.05	0.05	NA	0	0	NA		0
gene-LOC120043539	LOC120043539		pseudogene	0	NW_024061696.1	32204	32352	-	0		0			1	0	0		0	0	0	0	0	0	0.00	0.00	NA	0	0	NA		0
gene-LOC120052264	LOC120052264	uncharacterized LOC120052264	lncRNA	0	NC_052314.1	294648	295909	+	0		0			1	0	0		0	0	0	202	0	0	0.00	0.00	NA	0	0	NA		0
gene-LOC120040679	LOC120040679		pseudogene	0	NW_024060700.1	5434	9879	-	0		0			4	0	0		0	0	597	2140	0	0	0.18	0.16	NA	0	0	NA		0
gene-LOC120039676	LOC120039676	uncharacterized LOC120039676	lncRNA	0	NW_024059797.1	67726	68204	+	0		0			1	0	0		0	0	0	0	0	0	0.00	0.00	NA	0	0	NA		0
gene-LOC120038857	LOC120038857		pseudogene	0	NW_024059240.1	18710	24844	-	0		0			2	0	0		0	0	0	0	0	0	0.01	0.01	NA	0	0	NA		0
gene-LOC120039865	LOC120039865		pseudogene	0	NW_024059952.1	18906	19052	+	0		0			1	0	0		0	0	0	0	0	0	0.00	0.00	NA	0	0	NA		0
gene-LOC120039923	LOC120039923		pseudogene	0	NW_024060001.1	13631	18518	+	0		0			1	0	0		0	0	0	144	1	2	0.03	0.02	NA	0	0	NA		0
gene-LOC120039215	LOC120039215	uncharacterized LOC120039215	lncRNA	0	NW_024059453.1	240579	247149	+	0		0			1	0	0		0	0	72	0	1	2	0.00	0.00	NA	0	0	NA		0
gene-LOC120037000	LOC120037000		pseudogene	0	NW_024058275.1	239214	239288	+	0		0			1	0	0		0	0	0	0	1	0	0.01	0.01	NA	0	0	NA		0
gene-LOC120041035	LOC120041035		pseudogene	0	NW_024061008.1	195486	269709	+	0		0			1	0	0		0	0	10077	16040	87	95	0.05	0.04	NA	0	0	NA		0
gene-LOC120043525	LOC120043525		pseudogene	0	NW_024061696.1	23958	24105	-	0		0			1	0	0		0	0	0	0	0	0	0.00	0.00	NA	0	0	NA		0
gene-LOC120040980	LOC120040980		pseudogene	0	NW_024060994.1	2559	7003	-	0		0			1	0	0		0	0	0	0	2	0	0.04	0.05	NA	0	0	NA		0
gene-LOC120051642	LOC120051642		pseudogene	0	NC_052314.1	2889354	2913238	+	0		0			1	0	0		0	0	358	0	3	1	0.05	0.02	NA	0	0	NA		0
gene-LOC120031690	LOC120031690	uncharacterized LOC120031690	lncRNA	0	NC_052343.1	30262238	30263260	+	0		0			1	0	0		0	0	0	0	0	0	0.03	0.00	NA	0	0	NA		0
gene-LOC120042105	LOC120042105		pseudogene	0	NW_024061321.1	13807	13957	-	0		0			1	0	0		0	0	0	0	0	0	0.00	0.00	NA	0	0	NA		0
gene-LOC120043144	LOC120043144		pseudogene	0	NW_024061616.1	76662	76811	-	0		0			1	0	0		0	0	149	0	1	0	0.00	0.00	NA	0	0	NA		0
gene-LOC120039998	LOC120039998		pseudogene	0	NW_024060093.1	9024	13454	+	0		0			1	0	0		0	0	0	0	0	1	0.00	0.00	NA	0	0	NA		0
gene-LOC120037015	LOC120037015		pseudogene	0	NW_024058282.1	32781	37978	-	0		0			2	0	0		0	0	0	0	0	0	0.01	0.02	NA	0	0	NA		0
gene-LOC120042549	LOC120042549		pseudogene	0	NW_024061431.1	470818	486227	+	0		0			1	0	0		0	0	502	0	0	2	0.02	0.02	NA	0	0	NA		0
gene-LOC120032843	LOC120032843	uncharacterized LOC120032843	lncRNA	0	NC_052345.1	1625927	1626683	+	0		0			1	0	0		0	0	0	0	0	0	0.00	0.00	NA	0	0	NA		0
gene-LOC120059826	LOC120059826		pseudogene	0	NC_052321.1	9596489	9597900	-	0		0			2	0	0		0	0	0	0	0	0	0.06	0.05	NA	0	0	NA		0
gene-LOC120017922	LOC120017922		pseudogene	0	NC_052308.1	72290715	72291095	+	0		0			1	0	0		0	0	0	0	0	0	0.10	0.15	NA	0	0	NA		0
gene-LOC120043143	LOC120043143		pseudogene	0	NW_024061616.1	74997	75146	-	0		0			1	0	0		0	0	149	0	0	0	0.00	0.00	NA	0	0	NA		0
gene-LOC120047362	LOC120047362	uncharacterized LOC120047362	lncRNA	0	NC_052311.1	989583	997413	+	0		0			1	0	0		0	0	396	189	0	0	0.00	0.00	NA	0	0	NA		0
gene-LOC120040745	LOC120040745		pseudogene	0	NW_024060761.1	2035	10027	-	0		0			1	0	0		0	0	0	0	1	5	0.03	0.02	NA	0	0	NA		0
gene-LOC120054580	LOC120054580	uncharacterized LOC120054580	lncRNA	0	NC_052316.1	18927537	18928169	-	0		0			1	0	0		0	0	0	632	0	0	0.00	0.00	NA	0	0	NA		0
gene-LOC120035068	LOC120035068	uncharacterized LOC120035068	lncRNA	0	NC_052348.1	20178665	20185146	-	0		0			1	0	0		0	0	0	0	1	0	0.07	0.03	NA	0	0	NA		0
gene-LOC120041408	LOC120041408		pseudogene	0	NW_024061153.1	306176	328031	+	0		0			1	0	0		0	0	951	2766	13	7	0.00	0.00	NA	0	0	NA		0
gene-LOC120042101	LOC120042101		pseudogene	0	NW_024061321.1	20918	21067	-	0		0			1	0	0		0	0	0	0	0	0	0.00	0.00	NA	0	0	NA		0
gene-LOC120041725	LOC120041725	uncharacterized LOC120041725	lncRNA	0	NW_024061216.1	127644	129580	+	0		0			1	0	0		0	0	0	0	2	1	0.00	0.00	NA	0	0	NA		0
gene-LOC120042257	LOC120042257	uncharacterized LOC120042257	lncRNA	0	NW_024061363.1	63640	64359	-	0		0			1	0	0		0	0	0	0	0	0	0.03	0.00	NA	0	0	NA		0
gene-LOC120039420	LOC120039420		pseudogene	0	NW_024059565.1	13856	14005	-	0		0			1	0	0		0	0	0	0	0	0	0.00	0.00	NA	0	0	NA		0
gene-LOC120040090	LOC120040090		pseudogene	0	NW_024060140.1	13401	17832	+	0		0			1	0	0		0	0	0	0	0	1	0.01	0.01	NA	0	0	NA		0
gene-LOC120039866	LOC120039866		pseudogene	0	NW_024059952.1	20549	20695	+	0		0			1	0	0		0	0	0	0	0	0	0.00	0.00	NA	0	0	NA		0
gene-LOC120033662	LOC120033662	uncharacterized LOC120033662	lncRNA	0	NC_052346.1	21537521	21545874	+	0		0			1	0	0		0	0	0	0	0	0	0.11	0.07	NA	0	0	NA		0
gene-LOC120040460	LOC120040460		pseudogene	0	NW_024060491.1	9699	17818	-	0		0			2	0	0		0	0	0	4605	0	2	0.00	0.00	NA	0	0	NA		0
gene-LOC120037927	LOC120037927		pseudogene	0	NW_024058771.1	29497	33935	+	0		0			1	0	0		0	0	0	0	0	0	0.06	0.03	NA	0	0	NA		0
gene-LOC120049756	LOC120049756	uncharacterized LOC120049756	lncRNA	0	NC_052312.1	20849099	20849578	-	0		0			1	0	0		0	0	0	79	0	0	0.00	0.00	NA	0	0	NA		0
gene-LOC120043528	LOC120043528		pseudogene	0	NW_024061696.1	25622	25771	-	0		0			1	0	0		0	0	0	0	0	0	0.00	0.00	NA	0	0	NA		0
gene-LOC120040781	LOC120040781		pseudogene	0	NW_024060780.1	19721	19870	-	0		0			1	0	0		0	0	0	0	0	0	0.00	0.00	NA	0	0	NA		0
gene-LOC120062124	LOC120062124		pseudogene	0	NC_052323.1	17022364	17044480	+	0		0			2	0	0		0	0	210	10659	0	2	0.00	0.00	NA	0	0	NA		0
gene-LOC120037692	LOC120037692		pseudogene	0	NW_024058582.1	29063	29212	+	0		0			2	0	0		0	0	0	0	0	1	0.00	0.00	NA	0	0	NA		0
gene-LOC120036432	LOC120036432	uncharacterized LOC120036432	lncRNA	0	NW_024058040.1	53282	59374	+	0		0			1	0	0		0	0	0	0	0	0	0.00	0.00	NA	0	0	NA		0
gene-LOC120036947	LOC120036947		pseudogene	0	NW_024058263.1	55508	55659	+	0		0			1	0	0		0	0	38	0	1	0	0.00	0.00	NA	0	0	NA		0
gene-LOC120041615	LOC120041615	uncharacterized LOC120041615	lncRNA	0	NW_024061184.1	16588	17752	+	0		0			1	0	0		0	0	0	0	0	2	0.00	0.02	NA	0	0	NA		0
gene-LOC120043191	LOC120043191		pseudogene	0	NW_024061616.1	50615	50764	-	0		0			1	0	0		0	0	0	0	1	0	0.00	0.00	NA	0	0	NA		0
gene-LOC120035233	LOC120035233		pseudogene	0	NW_024057674.1	1421417	1576438	+	0		0			1	0	0		0	0	14877	14893	143	111	0.00	0.00	NA	0	0	NA		0
gene-LOC120025020	LOC120025020	uncharacterized LOC120025020	lncRNA	0	NC_052336.1	481021	481883	-	0		0			1	0	0		0	0	0	0	0	0	0.81	0.96	NA	0	0	NA		0
gene-LOC120036941	LOC120036941		pseudogene	0	NW_024058263.1	57152	57301	+	0		0			1	0	0		0	0	0	0	0	0	0.00	0.00	NA	0	0	NA		0
gene-LOC120037843	LOC120037843	uncharacterized LOC120037843	lncRNA	0	NW_024058695.1	30861	35008	+	0		0			2	0	0		0	0	0	0	13	30	0.00	0.00	NA	0	0	NA		0
gene-LOC120040707	LOC120040707		pseudogene	0	NW_024060731.1	5420	10384	-	0		0			1	0	0		0	0	0	0	0	2	0.01	0.01	NA	0	0	NA		0
gene-LOC120038051	LOC120038051	uncharacterized LOC120038051	lncRNA	0	NW_024058857.1	34517	43877	-	0		0			1	0	0		0	0	3574	3156	15	32	0.75	0.68	NA	0	0	NA		0
gene-LOC120017566	LOC120017566	uncharacterized LOC120017566	lncRNA	0	NC_052308.1	71179668	71197649	+	0		0			1	0	0		0	0	0	228	0	0	0.00	0.00	NA	0	0	NA		0
gene-LOC120039410	LOC120039410		pseudogene	0	NW_024059565.1	8914	9063	-	0		0			1	0	0		0	0	0	149	0	0	0.00	0.00	NA	0	0	NA		0
gene-LOC120043642	LOC120043642	uncharacterized LOC120043642	lncRNA	0	NW_024061733.1	35221	41576	+	0		0			1	0	0		0	0	684	4247	0	2	0.00	0.00	NA	0	0	NA		0
gene-LOC120039353	LOC120039353	18S ribosomal RNA	rRNA	0	NW_024059513.1	28048	29883	+	1	upstream<=5kb	0	hypo_siscowet	36.14	8	0	0		0	0	0	0	0	0	0.00	0.00	NA	0	0	NA	repetitive_ncRNA	0
gene-LOC120039978	LOC120039978	5.8S ribosomal RNA	rRNA	0	NW_024060070.1	17425	17578	-	1	upstream<=5kb	0	hypo_siscowet	32.03	22	0	0		0	0	0	0	0	0	0.00	0.00	NA	0	0	NA	repetitive_ncRNA	0
gene-LOC120038925	LOC120038925	5.8S ribosomal RNA	rRNA	0	NW_024059262.1	35206	35359	+	2	upstream<=5kb	0	hypo_siscowet	30.28	13	0	0		0	0	0	0	0	0	0.00	0.00	NA	0	0	NA	repetitive_ncRNA	0
gene-LOC120039105	LOC120039105	5.8S ribosomal RNA	rRNA	0	NW_024059385.1	2213	2366	-	1	upstream<=5kb	0	hypo_siscowet	29.93	11	0	0		0	0	0	0	0	0	0.00	0.00	NA	0	0	NA	repetitive_ncRNA	0
gene-LOC120036048	LOC120036048	5.8S ribosomal RNA	rRNA	0	NW_024057893.1	54378	54531	+	2	upstream<=5kb	0	hypo_siscowet	27.96	14	0	0		0	0	0	153	0	0	0.00	0.00	NA	0	0	NA	repetitive_ncRNA	0
gene-LOC120039625	LOC120039625	5.8S ribosomal RNA	rRNA	0	NW_024059740.1	9713	9866	+	2	upstream<=5kb	0	hypo_siscowet	27.71	16	0	0		0	0	0	0	0	0	0.00	0.00	NA	0	0	NA	repetitive_ncRNA	0
gene-LOC120038487	LOC120038487	5.8S ribosomal RNA	rRNA	0	NW_024059030.1	36325	36478	+	2	upstream<=5kb	0	hypo_siscowet	26.97	26	0	0		0	0	0	0	0	0	0.00	0.00	NA	0	0	NA	repetitive_ncRNA	0
gene-LOC120038491	LOC120038491	28S ribosomal RNA	rRNA	0	NW_024059030.1	36848	40779	+	2	upstream<=5kb	0	hypo_siscowet	26.97	17	0	0		0	0	0	1022	0	1	0.00	0.00	NA	0	0	NA	repetitive_ncRNA	0
gene-LOC120040512	LOC120040512	5.8S ribosomal RNA	rRNA	0	NW_024060549.1	16618	16771	-	2	upstream<=5kb	0	hypo_siscowet	26.66	18	0	0		0	0	0	0	0	0	0.00	0.00	NA	0	0	NA	repetitive_ncRNA	0
gene-LOC120039428	LOC120039428	5.8S ribosomal RNA	rRNA	0	NW_024059570.1	117	270	-	1	upstream<=5kb	0	hypo_siscowet	26.23	4	0	0		0	0	0	0	0	0	0.00	0.00	NA	0	0	NA	repetitive_ncRNA	0
gene-LOC120039509	LOC120039509	5.8S ribosomal RNA	rRNA	0	NW_024059636.1	8779	8932	-	2	upstream<=5kb	0	hypo_siscowet	25.36	56	0	0		0	0	0	0	0	0	0.00	0.00	NA	0	0	NA	repetitive_ncRNA	0
gene-LOC120039626	LOC120039626	5.8S ribosomal RNA	rRNA	0	NW_024059740.1	29771	29924	+	1	upstream<=5kb	0	hypo_siscowet	25.29	9	0	0		0	0	0	0	0	0	0.00	0.00	NA	0	0	NA	repetitive_ncRNA	0
gene-LOC120038477	LOC120038477	5.8S ribosomal RNA	rRNA	0	NW_024059023.1	558	711	-	1	upstream<=5kb	0	hypo_siscowet	24.51	25	0	0		0	0	0	0	0	0	0.00	0.00	NA	0	0	NA	repetitive_ncRNA	0
gene-LOC120038013	LOC120038013	5.8S ribosomal RNA	rRNA	0	NW_024058826.1	40700	40853	+	3	upstream<=5kb	0	hypo_siscowet	24.24	58	0	0		0	0	0	0	0	0	0.00	0.00	NA	0	0	NA	repetitive_ncRNA	0
gene-LOC120038017	LOC120038017	28S ribosomal RNA	rRNA	0	NW_024058826.1	41223	45154	+	3	upstream<=5kb	0	hypo_siscowet	24.24	47	0	0		0	0	0	1358	1	1	0.00	0.00	NA	0	0	NA	repetitive_ncRNA	0
gene-LOC120038038	LOC120038038	5.8S ribosomal RNA	rRNA	0	NW_024058840.1	31707	31860	-	1	upstream<=5kb	0	hypo_siscowet	24.09	10	0	0		0	0	0	0	0	0	0.00	0.00	NA	0	0	NA	repetitive_ncRNA	0
gene-LOC120038041	LOC120038041	28S ribosomal RNA	rRNA	0	NW_024058840.1	27406	31337	-	1	upstream<=5kb	0	hypo_siscowet	24.09	10	0	0		0	0	0	69	1	1	0.00	0.00	NA	0	0	NA	repetitive_ncRNA	0
gene-LOC120035752	LOC120035752	28S ribosomal RNA	rRNA	0	NW_024057793.1	82089	86020	+	1	upstream<=5kb	0	hypo_siscowet	23.45	7	0	0		0	0	0	0	0	1	0.00	0.00	NA	0	0	NA	repetitive_ncRNA	0
gene-LOC120035757	LOC120035757	5.8S ribosomal RNA	rRNA	0	NW_024057793.1	81566	81719	+	1	upstream<=5kb	0	hypo_siscowet	23.45	7	0	0		0	0	153	0	0	0	0.00	0.00	NA	0	0	NA	repetitive_ncRNA	0
gene-LOC120038858	LOC120038858	5.8S ribosomal RNA	rRNA	0	NW_024059240.1	25214	25367	-	1	upstream<=5kb	0	hypo_siscowet	22.55	6	0	0		0	0	0	0	0	0	0.00	0.00	NA	0	0	NA	repetitive_ncRNA	0
gene-LOC120039903	LOC120039903	18S ribosomal RNA	rRNA	0	NW_024059973.1	15184	17019	+	2	upstream<=5kb	0	hypo_siscowet	22.50	7	0	0		0	0	0	0	0	0	0.47	0.15	NA	0	0	NA	repetitive_ncRNA	0
gene-LOC120040187	LOC120040187	5.8S ribosomal RNA	rRNA	0	NW_024060266.1	13229	13382	+	1	upstream<=5kb	0	hypo_siscowet	22.07	14	0	0		0	0	0	0	0	0	0.00	0.00	NA	0	0	NA	repetitive_ncRNA	0
gene-LOC120040742	LOC120040742	5.8S ribosomal RNA	rRNA	0	NW_024060761.1	10397	10550	-	1	upstream<=5kb	0	hypo_siscowet	21.91	5	0	0		0	0	0	0	0	0	0.00	0.00	NA	0	0	NA	repetitive_ncRNA	0
gene-LOC120039823	LOC120039823	5.8S ribosomal RNA	rRNA	0	NW_024059927.1	12112	12265	+	1	upstream<=5kb	0	hypo_siscowet	21.91	5	0	0		0	0	0	0	0	0	0.00	0.00	NA	0	0	NA	repetitive_ncRNA	0
gene-LOC120038345	LOC120038345	5.8S ribosomal RNA	rRNA	0	NW_024058945.1	32255	32408	+	1	upstream<=5kb	0	hypo_siscowet	21.84	8	0	0		0	0	0	0	0	0	0.00	0.00	NA	0	0	NA	repetitive_ncRNA	0
gene-LOC120039425	LOC120039425	5.8S ribosomal RNA	rRNA	0	NW_024059568.1	2902	3055	-	2	upstream<=5kb	0	hypo_siscowet	21.80	10	0	0		0	0	0	0	0	0	0.00	0.00	NA	0	0	NA	repetitive_ncRNA	0
gene-LOC120041194	LOC120041194	18S ribosomal RNA	rRNA	0	NW_024061101.1	187880	189715	+	2	downstream<=5kb	0	hypo_siscowet	21.29	11	0	0		0	0	0	0	0	0	0.00	0.00	NA	0	0	NA	repetitive_ncRNA	0
gene-LOC120038388	LOC120038388	5.8S ribosomal RNA	rRNA	0	NW_024058979.1	17218	17371	-	1	upstream<=5kb	0	hypo_siscowet	21.03	12	0	0		0	0	0	0	0	0	0.00	0.00	NA	0	0	NA	repetitive_ncRNA	0
gene-LOC120040165	LOC120040165	5.8S ribosomal RNA	rRNA	0	NW_024060233.1	3451	3604	-	1	upstream<=5kb	0	hypo_siscowet	20.70	6	0	0		0	0	0	0	0	0	0.00	0.00	NA	0	0	NA	repetitive_ncRNA	0
gene-LOC120039703	LOC120039703	5.8S ribosomal RNA	rRNA	0	NW_024059814.1	17620	17773	-	1	upstream<=5kb	0	hypo_siscowet	20.69	4	0	0		0	0	0	0	0	0	0.00	0.00	NA	0	0	NA	repetitive_ncRNA	0
gene-LOC120039639	LOC120039639	18S ribosomal RNA	rRNA	0	NW_024059745.1	18088	19923	-	1	upstream<=5kb	0	hypo_siscowet	20.63	7	0	0		0	0	0	0	0	0	0.00	0.00	NA	0	0	NA	repetitive_ncRNA	0
gene-LOC120035754	LOC120035754	5.8S ribosomal RNA	rRNA	0	NW_024057793.1	24165	24318	+	1	upstream<=5kb	0	hypo_siscowet	20.52	14	0	0		0	0	0	0	0	0	0.00	0.00	NA	0	0	NA	repetitive_ncRNA	0
gene-LOC120035749	LOC120035749	28S ribosomal RNA	rRNA	0	NW_024057793.1	24688	28619	+	1	upstream<=5kb	0	hypo_siscowet	20.52	14	0	0		0	0	0	0	1	0	0.00	0.00	NA	0	0	NA	repetitive_ncRNA	0
gene-LOC120042327	LOC120042327	5.8S ribosomal RNA	rRNA	0	NW_024061370.1	3664	3817	-	2	upstream<=5kb	0	hypo_siscowet	20.34	8	0	0		0	0	0	0	0	0	0.00	0.00	NA	0	0	NA	repetitive_ncRNA	0
gene-LOC120036374	LOC120036374	5.8S ribosomal RNA	rRNA	0	NW_024058031.1	58035	58188	-	1	upstream<=5kb	0	hypo_siscowet	20.34	10	0	0		0	0	153	0	0	0	0.00	0.00	NA	0	0	NA	repetitive_ncRNA	0
gene-LOC120038882	LOC120038882	5.8S ribosomal RNA	rRNA	0	NW_024059257.1	22354	22507	-	2	upstream<=5kb	0	hypo_siscowet	20.23	19	0	0		0	0	0	0	0	0	0.00	0.00	NA	0	0	NA	repetitive_ncRNA	0
gene-LOC120038434	LOC120038434	18S ribosomal RNA	rRNA	0	NW_024059010.1	39785	41620	+	1	upstream<=5kb	0	hypo_siscowet	19.34	11	0	0		0	0	0	0	0	0	0.00	0.00	NA	0	0	NA	repetitive_ncRNA	0
gene-LOC120038478	LOC120038478	5.8S ribosomal RNA	rRNA	0	NW_024059023.1	26288	26441	-	1	upstream<=5kb	0	hypo_siscowet	19.29	4	0	0		0	0	0	0	0	0	0.00	0.00	NA	0	0	NA	repetitive_ncRNA	0
gene-LOC120040310	LOC120040310	5.8S ribosomal RNA	rRNA	0	NW_024060346.1	16124	16277	+	1	upstream<=5kb	0	hypo_siscowet	19.06	10	0	0		0	0	0	0	0	0	0.00	0.00	NA	0	0	NA	repetitive_ncRNA	0
gene-trnap-agg-66	trnap-agg	tRNA-Pro	tRNA	0	NW_024057744.1	78578	78649	-	3	downstream<=5kb	0	hypo_siscowet	18.93	9	0	0		0	0	0	0	0	0	0.00	0.01	NA	0	0	NA	repetitive_ncRNA	0
gene-trnag-ucc-76	trnag-ucc	tRNA-Gly	tRNA	0	NW_024057744.1	72078	72149	+	3	downstream<=5kb	0	hypo_siscowet	18.93	10	0	0		0	0	0	0	0	0	0.02	0.01	NA	0	0	NA	repetitive_ncRNA	0
gene-LOC120039128	LOC120039128	5.8S ribosomal RNA	rRNA	0	NW_024059406.1	23058	23211	-	1	upstream<=5kb	0	hypo_siscowet	18.48	9	0	0		0	0	0	0	0	0	0.00	0.00	NA	0	0	NA	repetitive_ncRNA	0
gene-LOC120037963	LOC120037963	18S ribosomal RNA	rRNA	0	NW_024058782.1	44534	46369	-	1	downstream<=5kb	0	hypo_siscowet	18.00	3	0	0		0	0	0	0	0	0	0.00	0.00	NA	0	0	NA	repetitive_ncRNA	0
gene-LOC120037962	LOC120037962	5.8S ribosomal RNA	rRNA	0	NW_024058782.1	43813	43966	-	1	downstream<=5kb	0	hypo_siscowet	18.00	6	0	0		0	0	0	0	0	0	0.00	0.00	NA	0	0	NA	repetitive_ncRNA	0
gene-LOC120036893	LOC120036893	5.8S ribosomal RNA	rRNA	0	NW_024058234.1	12040	12193	+	1	upstream<=5kb	0	hypo_siscowet	17.92	5	0	0		0	0	0	0	0	0	0.00	0.00	NA	0	0	NA	repetitive_ncRNA	0
gene-trnap-agg-59	trnap-agg	tRNA-Pro	tRNA	0	NW_024057744.1	70054	70125	-	1	upstream<=5kb	0	hypo_siscowet	17.81	4	0	0		0	0	0	17	0	0	0.00	0.01	NA	0	0	NA	repetitive_ncRNA	0
gene-trnag-ucc-75	trnag-ucc	tRNA-Gly	tRNA	0	NW_024057744.1	70887	70958	+	2	downstream<=5kb	0	hypo_siscowet	17.81	7	0	0		0	0	0	0	0	0	0.04	0.01	NA	0	0	NA	repetitive_ncRNA	0
gene-trnap-agg-60	trnap-agg	tRNA-Pro	tRNA	0	NW_024057744.1	71245	71316	-	2	upstream<=5kb	0	hypo_siscowet	17.81	7	0	0		0	0	0	0	0	0	0.00	0.03	NA	0	0	NA	repetitive_ncRNA	0
gene-LOC120035745	LOC120035745	18S ribosomal RNA	rRNA	0	NW_024057793.1	40873	42708	+	1	downstream<=5kb	0	hypo_siscowet	17.64	4	0	0		0	0	0	0	0	0	0.00	0.00	NA	0	0	NA	repetitive_ncRNA	0
gene-LOC120054224	LOC120054224	5.8S ribosomal RNA	rRNA	0	NC_052315.1	357053	357206	-	1	upstream<=5kb	0	hypo_siscowet	17.12	3	0	0		0	0	0	153	0	0	0.00	0.00	NA	0	0	NA	repetitive_ncRNA	0
gene-LOC120038392	LOC120038392	18S ribosomal RNA	rRNA	0	NW_024058979.1	39616	41451	-	1	downstream<=5kb	0	hypo_siscowet	16.67	3	0	0		0	0	0	0	0	0	0.00	0.00	NA	0	0	NA	repetitive_ncRNA	0
gene-LOC120036801	LOC120036801	5S ribosomal RNA	rRNA	0	NW_024058207.1	20669	20787	-	1	downstream<=5kb	0	hyper_siscowet	16.63	5	0	0		0	0	0	0	0	1	0.00	0.00	NA	0	0	NA	repetitive_ncRNA	0
gene-trnak-cuu-81	trnak-cuu	tRNA-Lys	tRNA	0	NW_024061348.1	85688	85760	-	0		0			0	0	4	promoter	0	3668	0	72	0	0	0.03	0.09	NA	0	0	NA	repetitive_ncRNA	0
gene-trnak-cuu-83	trnak-cuu	tRNA-Lys	tRNA	0	NW_024061348.1	89614	89686	-	0		0			0	0	4	promoter	0	3668	0	0	0	0	0.03	0.09	NA	0	0	NA	repetitive_ncRNA	0
gene-trnak-cuu-79	trnak-cuu	tRNA-Lys	tRNA	0	NW_024061348.1	80826	80898	-	0		0			0	0	1	promoter	0	3668	0	0	0	0	0.03	0.08	NA	0	0	NA	repetitive_ncRNA	0
gene-trnak-cuu-82	trnak-cuu	tRNA-Lys	tRNA	0	NW_024061348.1	88945	89017	-	0		0			0	0	4	promoter	0	3668	0	72	0	0	0.01	0.08	NA	0	0	NA	repetitive_ncRNA	0
gene-trnak-cuu-78	trnak-cuu	tRNA-Lys	tRNA	0	NW_024061348.1	79946	80018	-	0		0			0	0	1	upstream<=5kb	0	3668	0	0	0	0	0.05	0.03	NA	0	0	NA	repetitive_ncRNA	0
gene-trnak-cuu-80	trnak-cuu	tRNA-Lys	tRNA	0	NW_024061348.1	85206	85278	-	0		0			0	0	4	promoter	0	3668	0	72	0	0	0.05	0.09	NA	0	0	NA	repetitive_ncRNA	0
gene-trnar-ucu-7	trnar-ucu	tRNA-Arg	tRNA	0	NC_052312.1	1863915	1863987	-	0		0			0	0	1	promoter	0	1791	0	0	2	2	0.00	0.00	NA	0	0	NA	repetitive_ncRNA	0
gene-trnar-ucu-6	trnar-ucu	tRNA-Arg	tRNA	0	NC_052312.1	1862145	1862217	-	0		0			0	0	1	promoter	0	1791	72	0	2	0	0.00	0.00	NA	0	0	NA	repetitive_ncRNA	0
gene-trnar-ucu-8	trnar-ucu	tRNA-Arg	tRNA	0	NC_052312.1	1864800	1864872	-	0		0			0	0	1	promoter	0	1791	0	0	0	0	0.00	0.00	NA	0	0	NA	repetitive_ncRNA	0
gene-trnar-ucu-9	trnar-ucu	tRNA-Arg	tRNA	0	NC_052312.1	1865686	1865758	-	0		0			0	0	1	promoter	0	1791	72	0	0	0	0.00	0.00	NA	0	0	NA	repetitive_ncRNA	0
gene-trnar-ucu-5	trnar-ucu	tRNA-Arg	tRNA	0	NC_052312.1	1861260	1861332	-	0		0			0	0	1	upstream<=5kb	0	1791	0	0	0	2	0.00	0.00	NA	0	0	NA	repetitive_ncRNA	0
gene-trnak-cuu-85	trnak-cuu	tRNA-Lys	tRNA	0	NW_024061348.1	94282	94354	-	0		0			0	0	2	downstream<=5kb	0	1242	72	0	0	0	0.03	0.07	NA	0	0	NA	repetitive_ncRNA	0
gene-trnak-cuu-84	trnak-cuu	tRNA-Lys	tRNA	0	NW_024061348.1	93800	93872	-	0		0			0	0	2	downstream<=5kb	0	1242	72	0	0	0	0.05	0.10	NA	0	0	NA	repetitive_ncRNA	0
gene-trnal-uaa-8	trnal-uaa	tRNA-Leu	tRNA	0	NC_052333.1	25801906	25801988	-	0		0			2	0	1	downstream<=5kb	0	1059	0	0	1	0	0.00	0.00	NA	0	0	NA	repetitive_ncRNA	0
gene-trnal-uaa-4	trnal-uaa	tRNA-Leu	tRNA	0	NC_052333.1	25798666	25798748	-	0		0			0	0	1	promoter	0	1059	0	0	0	0	0.00	0.00	NA	0	0	NA	repetitive_ncRNA	0
gene-trnal-uaa-6	trnal-uaa	tRNA-Leu	tRNA	0	NC_052333.1	25800287	25800369	-	0		0			1	0	1	downstream<=5kb	0	1059	0	0	0	0	0.00	0.00	NA	0	0	NA	repetitive_ncRNA	0
gene-trnal-uaa-5	trnal-uaa	tRNA-Leu	tRNA	0	NC_052333.1	25799475	25799557	-	0		0			1	0	1	downstream<=5kb	0	1059	0	0	0	0	0.00	0.00	NA	0	0	NA	repetitive_ncRNA	0
gene-trnal-uaa-7	trnal-uaa	tRNA-Leu	tRNA	0	NC_052333.1	25801096	25801178	-	0		0			2	0	1	downstream<=5kb	0	1059	0	0	1	0	0.00	0.00	NA	0	0	NA	repetitive_ncRNA	0
gene-trnal-uaa-3	trnal-uaa	tRNA-Leu	tRNA	0	NC_052333.1	25797851	25797933	-	0		0			0	0	1	promoter	0	1059	0	0	0	0	0.00	0.00	NA	0	0	NA	repetitive_ncRNA	0
gene-LOC120039592	LOC120039592	18S ribosomal RNA	rRNA	0	NW_024059704.1	10479	12314	+	0		0			0	0	1	upstream<=5kb	0	1000	237	0	0	0	0.00	0.00	NA	0	0	NA	repetitive_ncRNA	0
gene-LOC120042462	LOC120042462	small nucleolar RNA SNORD18	snoRNA	0	NW_024061412.1	78693	78762	+	0		0			0	0	1	downstream<=5kb	0	830	0	0	0	0	0.00	0.02	NA	0	0	NA	repetitive_ncRNA	0
gene-LOC120042470	LOC120042470	small nucleolar RNA SNORD16	snoRNA	0	NW_024061412.1	77826	77926	+	0		0			0	0	1	downstream<=5kb	0	830	0	0	0	0	0.55	0.11	NA	0	0	NA	repetitive_ncRNA	0
gene-LOC120042467	LOC120042467	small nucleolar RNA SNORD18	snoRNA	0	NW_024061412.1	80234	80301	+	0		0			0	0	1	downstream<=5kb	0	830	0	0	0	0	0.09	0.13	NA	0	0	NA	repetitive_ncRNA	0
gene-LOC120042469	LOC120042469	small nucleolar RNA SNORD18	snoRNA	0	NW_024061412.1	79898	79965	+	0		0			0	0	1	downstream<=5kb	0	830	0	0	0	0	0.04	0.09	NA	0	0	NA	repetitive_ncRNA	0
gene-trnas-aga-13	trnas-aga	tRNA-Ser	tRNA	0	NC_052346.1	22877838	22877919	-	0		0			0	0	1	promoter	0	809	81	81	0	0	0.00	0.00	NA	0	0	NA	repetitive_ncRNA	0
gene-trnal-cag-13	trnal-cag	tRNA-Leu	tRNA	0	NC_052346.1	22874655	22874737	-	0		0			0	0	1	promoter	0	809	0	0	0	0	0.00	0.00	NA	0	0	NA	repetitive_ncRNA	0
gene-trnas-aga-15	trnas-aga	tRNA-Ser	tRNA	0	NC_052346.1	22881399	22881480	-	0		0			0	0	1	downstream<=5kb	0	809	0	0	0	0	0.00	0.00	NA	0	0	NA	repetitive_ncRNA	0
gene-trnal-cag-16	trnal-cag	tRNA-Leu	tRNA	0	NC_052346.1	22879996	22880078	-	0		0			0	0	1	downstream<=5kb	0	809	0	0	0	1	0.00	0.00	NA	0	0	NA	repetitive_ncRNA	0
gene-trnal-cag-14	trnal-cag	tRNA-Leu	tRNA	0	NC_052346.1	22876435	22876517	-	0		0			0	0	1	promoter	0	809	0	60	0	1	0.00	0.00	NA	0	0	NA	repetitive_ncRNA	0
gene-trnas-aga-12	trnas-aga	tRNA-Ser	tRNA	0	NC_052346.1	22876058	22876139	-	0		0			0	0	1	promoter	0	809	0	0	0	0	0.00	0.00	NA	0	0	NA	repetitive_ncRNA	0
gene-trnal-cag-12	trnal-cag	tRNA-Leu	tRNA	0	NC_052346.1	22872858	22872940	-	0		0			0	0	1	upstream<=5kb	0	809	0	60	0	0	0.00	0.00	NA	0	0	NA	repetitive_ncRNA	0
gene-trnal-cag-17	trnal-cag	tRNA-Leu	tRNA	0	NC_052346.1	22881776	22881858	-	0		0			0	0	1	downstream<=5kb	0	809	60	60	0	0	0.00	0.00	NA	0	0	NA	repetitive_ncRNA	0
gene-trnal-cag-15	trnal-cag	tRNA-Leu	tRNA	0	NC_052346.1	22878215	22878297	-	0		0			0	0	1	promoter	0	809	0	0	0	0	0.00	0.00	NA	0	0	NA	repetitive_ncRNA	0
gene-trnas-aga-14	trnas-aga	tRNA-Ser	tRNA	0	NC_052346.1	22879619	22879700	-	0		0			0	0	1	downstream<=5kb	0	809	0	0	0	0	0.00	0.00	NA	0	0	NA	repetitive_ncRNA	0
gene-trnas-aga-11	trnas-aga	tRNA-Ser	tRNA	0	NC_052346.1	22874278	22874359	-	0		0			0	0	1	upstream<=5kb	0	809	0	81	0	0	0.00	0.00	NA	0	0	NA	repetitive_ncRNA	0
gene-trnas-aga-10	trnas-aga	tRNA-Ser	tRNA	0	NC_052346.1	22872478	22872559	-	0		0			0	0	1	upstream<=5kb	0	809	0	0	0	0	0.00	0.00	NA	0	0	NA	repetitive_ncRNA	0
gene-trnar-ccg	trnar-ccg	tRNA-Arg	tRNA	0	NC_052308.1	40433825	40433896	-	0		0			1	0	1	upstream<=5kb	0	802	0	71	0	0	0.00	0.00	NA	0	0	NA	repetitive_ncRNA	0
gene-trnak-uuu-53	trnak-uuu	tRNA-Lys	tRNA	0	NC_052308.1	40440642	40440714	-	0		0			1	0	1	promoter	0	802	72	72	0	1	0.00	0.00	NA	0	0	NA	repetitive_ncRNA	0
gene-trnak-uuu-54	trnak-uuu	tRNA-Lys	tRNA	0	NC_052308.1	40442380	40442452	-	0		0			1	0	1	downstream<=5kb	0	802	0	0	0	0	0.00	0.00	NA	0	0	NA	repetitive_ncRNA	0
gene-trnaw-cca-72	trnaw-cca	tRNA-Trp	tRNA	0	NC_052308.1	40440863	40440934	+	0		0			1	0	1	promoter	0	802	71	71	0	0	0.00	0.00	NA	0	0	NA	repetitive_ncRNA	0
gene-trnaw-cca-74	trnaw-cca	tRNA-Trp	tRNA	0	NC_052308.1	40442601	40442672	+	0		0			1	0	1	upstream<=5kb	0	802	0	0	0	0	0.00	0.00	NA	0	0	NA	repetitive_ncRNA	0
gene-trnaw-cca-73	trnaw-cca	tRNA-Trp	tRNA	0	NC_052308.1	40441398	40441469	+	0		0			1	0	1	promoter	0	802	71	71	0	0	0.00	0.00	NA	0	0	NA	repetitive_ncRNA	0
gene-trnaa-cgc-18	trnaa-cgc	tRNA-Ala	tRNA	0	NW_024061363.1	52027	52098	-	0		0			0	0	1	upstream<=5kb	0	690	71	11	0	0	0.00	0.00	NA	0	0	NA	repetitive_ncRNA	0
gene-trnaa-cgc-17	trnaa-cgc	tRNA-Ala	tRNA	0	NW_024061363.1	50105	50176	-	0		0			0	0	1	upstream<=5kb	0	690	71	71	0	0	0.00	0.00	NA	0	0	NA	repetitive_ncRNA	0
gene-trnat-ugu-91	trnat-ugu	tRNA-Thr	tRNA	0	NW_024061363.1	49571	49642	-	0		0			0	0	1	upstream<=5kb	0	690	0	71	0	0	0.00	0.00	NA	0	0	NA	repetitive_ncRNA	0
gene-trnat-ugu-93	trnat-ugu	tRNA-Thr	tRNA	0	NW_024061363.1	54159	54230	-	0		0			0	0	1	promoter	0	690	71	71	0	0	0.00	0.00	NA	0	0	NA	repetitive_ncRNA	0
gene-trnaa-cgc-19	trnaa-cgc	tRNA-Ala	tRNA	0	NW_024061363.1	54693	54764	-	0		0			0	0	1	promoter	0	690	71	71	0	0	0.00	0.00	NA	0	0	NA	repetitive_ncRNA	0
gene-trnat-ugu-92	trnat-ugu	tRNA-Thr	tRNA	0	NW_024061363.1	51493	51564	-	0		0			0	0	1	upstream<=5kb	0	690	71	0	0	0	0.00	0.00	NA	0	0	NA	repetitive_ncRNA	0
gene-trnaa-ugc-80	trnaa-ugc	tRNA-Ala	tRNA	0	NW_024058649.1	13065	13140	+	0		0			0	0	1	upstream<=5kb	0	332	75	75	0	0	0.00	0.00	NA	0	0	NA	repetitive_ncRNA	0
gene-trnaf-gaa-13	trnaf-gaa	tRNA-Phe	tRNA	0	NC_052323.1	22291031	22291103	+	0		0			0	0	1	promoter	0	272	0	0	0	0	0.04	0.01	NA	0	0	NA	repetitive_ncRNA	0
gene-trnaa-ugc-77	trnaa-ugc	tRNA-Ala	tRNA	0	NW_024058160.1	17407	17482	-	0		0			0	0	1	promoter	0	201	0	75	0	0	0.06	0.04	NA	0	0	NA	repetitive_ncRNA	0
gene-trnaa-ugc-3	trnaa-ugc	tRNA-Ala	tRNA	0	NC_052314.1	42418200	42418274	+	0		0			0	0	1	promoter	0	171	0	74	0	0	0.00	0.00	NA	0	0	NA	repetitive_ncRNA	0
gene-trnat-cgu-10	trnat-cgu	tRNA-Thr	tRNA	0	NC_052343.1	31461754	31461826	+	0		0			0	0	1	upstream<=5kb	0	156	0	0	0	0	0.00	0.00	NA	0	0	NA	repetitive_ncRNA	0
gene-trnat-ugu-82	trnat-ugu	tRNA-Thr	tRNA	0	NW_024059730.1	53424	53493	-	0		0			0	0	1	promoter	0	151	0	68	0	0	0.00	0.00	NA	0	0	NA	repetitive_ncRNA	0
gene-trnaf-gaa-18	trnaf-gaa	tRNA-Phe	tRNA	0	NC_052328.1	937163	937235	+	0		0			0	0	1	downstream<=5kb	0	128	0	0	0	0	0.03	0.00	NA	0	0	NA	repetitive_ncRNA	0
gene-LOC120066863	LOC120066863	U7 small nuclear RNA	snRNA	0	NC_052327.1	36050437	36050489	-	0		0			0	0	1	downstream<=5kb	0	117	0	0	0	0	0.00	0.00	NA	0	0	NA	repetitive_ncRNA	0
gene-trnaa-ugc-90	trnaa-ugc	tRNA-Ala	tRNA	0	NW_024061209.1	128551	128626	+	0		0			0	0	1	upstream<=5kb	0	102	0	0	0	0	0.00	0.00	NA	0	0	NA	repetitive_ncRNA	0
gene-trnap-ugg-37	trnap-ugg	tRNA-Pro	tRNA	0	NC_052340.1	393632	393703	-	0		0			1	0	0		0	0	0	0	0	0	0.00	0.00	NA	0	0	NA	repetitive_ncRNA	0
gene-trnak-uuu-36	trnak-uuu	tRNA-Lys	tRNA	0	NC_052308.1	40397703	40397775	+	0		0			1	0	0		0	0	0	0	0	0	0.00	0.00	NA	0	0	NA	repetitive_ncRNA	0
gene-trnai-aau-42	trnai-aau	tRNA-Ile	tRNA	0	NW_024059807.1	10955	11028	-	0		0			1	0	0		0	0	0	0	0	0	0.00	0.00	NA	0	0	NA	repetitive_ncRNA	0
gene-LOC120039352	LOC120039352	18S ribosomal RNA	rRNA	0	NW_024059513.1	7720	9555	+	0		0			1	0	0		0	0	0	0	0	0	0.00	0.00	NA	0	0	NA	repetitive_ncRNA	0
gene-LOC120042610	LOC120042610	18S ribosomal RNA	rRNA	0	NW_024061449.1	13537	15372	-	0		0			2	0	0		0	0	0	0	0	0	0.00	0.00	NA	0	0	NA	repetitive_ncRNA	0
gene-trnaw-cca-47	trnaw-cca	tRNA-Trp	tRNA	0	NC_052308.1	40399324	40399395	+	0		0			1	0	0		0	0	0	0	0	0	0.00	0.00	NA	0	0	NA	repetitive_ncRNA	0
gene-trnak-uuu-27	trnak-uuu	tRNA-Lys	tRNA	0	NC_052308.1	40391666	40391738	+	0		0			2	0	0		0	0	72	72	0	0	0.00	0.00	NA	0	0	NA	repetitive_ncRNA	0
gene-LOC120040458	LOC120040458	5.8S ribosomal RNA	rRNA	0	NW_024060491.1	18188	18341	-	0		0			2	0	0		0	0	0	0	0	0	0.00	0.00	NA	0	0	NA	repetitive_ncRNA	0
gene-trnai-aau-52	trnai-aau	tRNA-Ile	tRNA	0	NW_024061098.1	7027	7100	+	0		0			2	0	0		0	0	0	0	0	1	0.00	0.00	NA	0	0	NA	repetitive_ncRNA	0
gene-trnaa-cgc-22	trnaa-cgc	tRNA-Ala	tRNA	0	NW_024061363.1	71758	71829	-	0		0			1	0	0		0	0	11	71	0	0	0.00	0.00	NA	0	0	NA	repetitive_ncRNA	0
gene-trnap-ugg-30	trnap-ugg	tRNA-Pro	tRNA	0	NC_052340.1	387177	387248	-	0		0			1	0	0		0	0	60	30	0	1	0.00	0.00	NA	0	0	NA	repetitive_ncRNA	0
gene-trnas-acu-7	trnas-acu	tRNA-Ser	tRNA	0	NW_024061098.1	7478	7551	+	0		0			1	0	0		0	0	0	0	0	0	0.00	0.00	NA	0	0	NA	repetitive_ncRNA	0
gene-trnag-ucc-54	trnag-ucc	tRNA-Gly	tRNA	0	NW_024057744.1	40846	40917	-	0		0			1	0	0		0	0	71	0	0	0	0.00	0.00	NA	0	0	NA	repetitive_ncRNA	0
gene-trnag-ucc-48	trnag-ucc	tRNA-Gly	tRNA	0	NW_024057744.1	32739	32810	-	0		0			1	0	0		0	0	0	0	0	0	0.00	0.00	NA	0	0	NA	repetitive_ncRNA	0
gene-LOC120042955	LOC120042955	5S ribosomal RNA	rRNA	0	NW_024061552.1	91274	91392	+	0		0			2	0	0		0	0	0	0	0	0	0.00	0.00	NA	0	0	NA	repetitive_ncRNA	0
gene-trnaw-cca-37	trnaw-cca	tRNA-Trp	tRNA	0	NC_052308.1	40392117	40392188	-	0		0			2	0	0		0	0	71	71	0	0	0.00	0.00	NA	0	0	NA	repetitive_ncRNA	0
gene-LOC120042079	LOC120042079	5S ribosomal RNA	rRNA	0	NW_024061321.1	23600	23718	-	0		0			1	0	0		0	0	0	0	0	0	0.00	0.00	NA	0	0	NA	repetitive_ncRNA	0
gene-LOC120039921	LOC120039921	5.8S ribosomal RNA	rRNA	0	NW_024060001.1	13108	13261	+	0		0			1	0	0		0	0	0	0	0	0	0.00	0.00	NA	0	0	NA	repetitive_ncRNA	0
gene-trnak-uuu-37	trnak-uuu	tRNA-Lys	tRNA	0	NC_052308.1	40398455	40398526	-	0		0			1	0	0		0	0	0	0	0	0	0.00	0.00	NA	0	0	NA	repetitive_ncRNA	0
gene-LOC120036353	LOC120036353	5.8S ribosomal RNA	rRNA	0	NW_024058024.1	13911	14064	-	0		0			1	0	0		0	0	0	0	0	0	0.00	0.00	NA	0	0	NA	repetitive_ncRNA	0
gene-trnal-aag-35	trnal-aag	tRNA-Leu	tRNA	0	NW_024061521.1	105668	105752	-	0		0			1	0	0		0	0	0	73	0	0	0.00	0.00	NA	0	0	NA	repetitive_ncRNA	0
gene-LOC120039039	LOC120039039	U1 spliceosomal RNA	snRNA	0	NW_024059329.1	20524	20688	-	0		0			1	0	0		0	0	0	0	0	0	0.00	0.00	NA	0	0	NA	repetitive_ncRNA	0
gene-LOC120059644	LOC120059644	U5 spliceosomal RNA	snRNA	0	NC_052320.1	36750857	36750972	+	0		0			1	0	0		0	0	0	0	0	0	0.15	0.09	NA	0	0	NA	repetitive_ncRNA	0
gene-LOC120037092	LOC120037092	U1 spliceosomal RNA	snRNA	0	NW_024058296.1	55333	55488	-	0		0			1	0	0		0	0	36	146	0	0	0.00	0.00	NA	0	0	NA	repetitive_ncRNA	0
gene-trnat-ugu-15	trnat-ugu	tRNA-Thr	tRNA	0	NC_052311.1	70709393	70709465	+	0		0			1	0	0		0	0	0	0	0	0	0.00	0.00	NA	0	0	NA	repetitive_ncRNA	0
gene-LOC120040401	LOC120040401	28S ribosomal RNA	rRNA	0	NW_024060443.1	3194	7125	+	0		0			1	0	0		0	0	2088	0	1	1	0.00	0.00	NA	0	0	NA	repetitive_ncRNA	0
gene-trnan-guu-33	trnan-guu	tRNA-Asn	tRNA	0	NC_052342.1	20288862	20288935	-	0		0			1	0	0		0	0	0	0	0	0	0.00	0.00	NA	0	0	NA	repetitive_ncRNA	0
gene-trnap-ugg-27	trnap-ugg	tRNA-Pro	tRNA	0	NC_052340.1	384411	384482	-	0		0			1	0	0		0	0	0	0	0	1	0.00	0.00	NA	0	0	NA	repetitive_ncRNA	0
gene-LOC120039438	LOC120039438	5.8S ribosomal RNA	rRNA	0	NW_024059573.1	15438	15591	-	0		0			1	0	0		0	0	0	0	0	0	0.00	0.00	NA	0	0	NA	repetitive_ncRNA	0
gene-LOC120039852	LOC120039852	5S ribosomal RNA	rRNA	0	NW_024059952.1	19739	19857	+	0		0			1	0	0		0	0	0	0	0	0	0.00	0.00	NA	0	0	NA	repetitive_ncRNA	0
gene-trnae-cuc-35	trnae-cuc	tRNA-Glu	tRNA	0	NC_052348.1	20438049	20438121	-	0		0			1	0	0		0	0	0	72	0	0	0.00	0.00	NA	0	0	NA	repetitive_ncRNA	0
gene-trnag-ucc-69	trnag-ucc	tRNA-Gly	tRNA	0	NW_024057744.1	63739	63810	+	0		0			1	0	0		0	0	0	0	0	0	0.01	0.00	NA	0	0	NA	repetitive_ncRNA	0
gene-LOC120042954	LOC120042954	5S ribosomal RNA	rRNA	0	NW_024061552.1	83237	83355	+	0		0			2	0	0		0	0	0	0	0	0	0.00	0.00	NA	0	0	NA	repetitive_ncRNA	0
gene-LOC120038114	LOC120038114	5S ribosomal RNA	rRNA	0	NW_024058881.1	31093	31211	-	0		0			1	0	0		0	0	0	0	0	0	0.00	0.00	NA	0	0	NA	repetitive_ncRNA	0
gene-trnai-aau-43	trnai-aau	tRNA-Ile	tRNA	0	NW_024059807.1	11630	11703	-	0		0			1	0	0		0	0	0	0	0	0	0.00	0.00	NA	0	0	NA	repetitive_ncRNA	0
gene-LOC120040718	LOC120040718	U5 spliceosomal RNA	snRNA	0	NW_024060736.1	9024	9140	+	0		0			1	0	0		0	0	0	0	0	0	0.00	0.00	NA	0	0	NA	repetitive_ncRNA	0
gene-LOC120043163	LOC120043163	5S ribosomal RNA	rRNA	0	NW_024061616.1	77506	77624	-	0		0			1	0	0		0	0	118	0	0	0	0.00	0.00	NA	0	0	NA	repetitive_ncRNA	0
gene-LOC120037925	LOC120037925	5.8S ribosomal RNA	rRNA	0	NW_024058771.1	28974	29127	+	0		0			1	0	0		0	0	0	0	0	0	0.00	0.00	NA	0	0	NA	repetitive_ncRNA	0
gene-LOC120036376	LOC120036376	28S ribosomal RNA	rRNA	0	NW_024058031.1	53734	57665	-	0		0			1	0	0		0	0	837	0	1	0	0.00	0.00	NA	0	0	NA	repetitive_ncRNA	0
gene-trnat-ugu-16	trnat-ugu	tRNA-Thr	tRNA	0	NC_052311.1	70710587	70710659	+	0		0			1	0	0		0	0	0	0	0	0	0.00	0.00	NA	0	0	NA	repetitive_ncRNA	0
gene-LOC120039026	LOC120039026	5.8S ribosomal RNA	rRNA	0	NW_024059323.1	26544	26697	-	0		0			1	0	0		0	0	0	0	0	0	0.00	0.00	NA	0	0	NA	repetitive_ncRNA	0
gene-trnap-agg-54	trnap-agg	tRNA-Pro	tRNA	0	NW_024057744.1	64097	64168	-	0		0			1	0	0		0	0	0	0	0	0	0.00	0.02	NA	0	0	NA	repetitive_ncRNA	0
gene-LOC120043164	LOC120043164	5S ribosomal RNA	rRNA	0	NW_024061616.1	75838	75956	-	0		0			1	0	0		0	0	118	0	0	0	0.00	0.00	NA	0	0	NA	repetitive_ncRNA	0
gene-trnal-aag-34	trnal-aag	tRNA-Leu	tRNA	0	NW_024061521.1	104857	104938	-	0		0			1	0	0		0	0	0	0	0	1	0.00	0.00	NA	0	0	NA	repetitive_ncRNA	0
gene-trnap-ugg-43	trnap-ugg	tRNA-Pro	tRNA	0	NC_052340.1	408886	408957	-	0		0			2	0	0		0	0	0	0	0	0	0.00	0.00	NA	0	0	NA	repetitive_ncRNA	0
gene-trnap-ugg-39	trnap-ugg	tRNA-Pro	tRNA	0	NC_052340.1	395475	395546	-	0		0			1	0	0		0	0	0	0	0	0	0.00	0.00	NA	0	0	NA	repetitive_ncRNA	0
gene-trnap-agg-34	trnap-agg	tRNA-Pro	tRNA	0	NW_024057744.1	33573	33644	+	0		0			1	0	0		0	0	0	0	0	0	0.00	0.00	NA	0	0	NA	repetitive_ncRNA	0
gene-trnaw-cca-36	trnaw-cca	tRNA-Trp	tRNA	0	NC_052308.1	40391445	40391516	-	0		0			2	0	0		0	0	71	0	0	0	0.00	0.00	NA	0	0	NA	repetitive_ncRNA	0
gene-trnap-agg-39	trnap-agg	tRNA-Pro	tRNA	0	NW_024057744.1	40488	40559	+	0		0			1	0	0		0	0	71	0	0	1	0.00	0.00	NA	0	0	NA	repetitive_ncRNA	0
gene-trnay-gua-70	trnay-gua	tRNA-Tyr	tRNA	0	NW_024061363.1	22226	22314	-	0		0			1	0	0		0	0	0	0	0	0	0.00	0.00	NA	0	0	NA	repetitive_ncRNA	0
gene-LOC120040677	LOC120040677	5.8S ribosomal RNA	rRNA	0	NW_024060700.1	10249	10402	-	0		0			3	0	0		0	0	0	0	0	0	0.00	0.00	NA	0	0	NA	repetitive_ncRNA	0
gene-LOC120039515	LOC120039515	28S ribosomal RNA	rRNA	0	NW_024059636.1	25125	29056	-	0		0			1	0	0		0	0	0	1179	0	0	0.00	0.00	NA	0	0	NA	repetitive_ncRNA	0
gene-trnap-ugg-46	trnap-ugg	tRNA-Pro	tRNA	0	NC_052340.1	411653	411724	-	0		0			2	0	0		0	0	0	0	0	1	0.00	0.00	NA	0	0	NA	repetitive_ncRNA	0
gene-trnae-cuc-31	trnae-cuc	tRNA-Glu	tRNA	0	NC_052348.1	20431084	20431155	-	0		0			1	0	0		0	0	0	0	0	0	0.02	0.00	NA	0	0	NA	repetitive_ncRNA	0
gene-LOC120042606	LOC120042606	28S ribosomal RNA	rRNA	0	NW_024061449.1	47795	51726	-	0		0			2	0	0		0	0	0	403	1	1	0.00	0.00	NA	0	0	NA	repetitive_ncRNA	0
gene-LOC120043169	LOC120043169	5S ribosomal RNA	rRNA	0	NW_024061616.1	49816	49934	-	0		0			1	0	0		0	0	0	0	0	1	0.16	0.04	NA	0	0	NA	repetitive_ncRNA	0
gene-LOC120040726	LOC120040726	U2 spliceosomal RNA	snRNA	0	NW_024060736.1	8462	8652	+	0		0			1	0	0		0	0	190	0	0	2	0.00	0.00	NA	0	0	NA	repetitive_ncRNA	0
gene-LOC120039440	LOC120039440	18S ribosomal RNA	rRNA	0	NW_024059573.1	16159	17994	-	0		0			1	0	0		0	0	1829	261	0	0	0.00	0.00	NA	0	0	NA	repetitive_ncRNA	0
gene-LOC120040612	LOC120040612	5.8S ribosomal RNA	rRNA	0	NW_024060654.1	842	995	-	0		0			2	0	0		0	0	0	0	0	0	0.00	0.00	NA	0	0	NA	repetitive_ncRNA	0
gene-trnae-cuc-32	trnae-cuc	tRNA-Glu	tRNA	0	NC_052348.1	20432567	20432638	-	0		0			1	0	0		0	0	0	0	0	1	0.02	0.00	NA	0	0	NA	repetitive_ncRNA	0
gene-trnay-gua-71	trnay-gua	tRNA-Tyr	tRNA	0	NW_024061363.1	23515	23603	-	0		0			1	0	0		0	0	0	0	0	0	0.00	0.00	NA	0	0	NA	repetitive_ncRNA	0
gene-LOC120040978	LOC120040978	5.8S ribosomal RNA	rRNA	0	NW_024060994.1	7373	7526	-	0		0			1	0	0		0	0	0	0	0	0	0.00	0.00	NA	0	0	NA	repetitive_ncRNA	0
gene-trnap-ugg-44	trnap-ugg	tRNA-Pro	tRNA	0	NC_052340.1	409808	409879	-	0		0			2	0	0		0	0	28	0	1	0	0.00	0.00	NA	0	0	NA	repetitive_ncRNA	0
gene-trnay-gua-77	trnay-gua	tRNA-Tyr	tRNA	0	NW_024061363.1	31305	31393	-	0		0			1	0	0		0	0	0	0	0	0	0.00	0.00	NA	0	0	NA	repetitive_ncRNA	0
gene-trnap-agg-28	trnap-agg	tRNA-Pro	tRNA	0	NW_024057744.1	24372	24443	+	0		0			2	0	0		0	0	0	0	0	0	0.00	0.00	NA	0	0	NA	repetitive_ncRNA	0
gene-trnaf-gaa-34	trnaf-gaa	tRNA-Phe	tRNA	0	NW_024061098.1	7634	7706	+	0		0			1	0	0		0	0	0	0	0	1	0.00	0.00	NA	0	0	NA	repetitive_ncRNA	0
gene-trnae-cuc-36	trnae-cuc	tRNA-Glu	tRNA	0	NC_052348.1	20439119	20439190	-	0		0			1	0	0		0	0	0	0	0	0	0.01	0.00	NA	0	0	NA	repetitive_ncRNA	0
gene-trnaw-cca-35	trnaw-cca	tRNA-Trp	tRNA	0	NC_052308.1	40390775	40390846	-	0		0			2	0	0		0	0	71	71	0	0	0.00	0.00	NA	0	0	NA	repetitive_ncRNA	0
gene-trnat-ugu-85	trnat-ugu	tRNA-Thr	tRNA	0	NW_024061007.1	625833	625905	-	0		0			3	0	0		0	0	0	0	0	0	0.01	0.04	NA	0	0	NA	repetitive_ncRNA	0
gene-LOC120037020	LOC120037020	18S ribosomal RNA	rRNA	0	NW_024058282.1	17053	18888	-	0		0			1	0	0		0	0	0	0	0	0	0.00	0.00	NA	0	0	NA	repetitive_ncRNA	0
gene-trnap-ugg-32	trnap-ugg	tRNA-Pro	tRNA	0	NC_052340.1	389021	389092	-	0		0			1	0	0		0	0	28	28	0	2	0.00	0.00	NA	0	0	NA	repetitive_ncRNA	0
gene-LOC120043508	LOC120043508	5S ribosomal RNA	rRNA	0	NW_024061696.1	24797	24915	-	0		0			1	0	0		0	0	0	0	0	0	0.00	0.00	NA	0	0	NA	repetitive_ncRNA	0
gene-trnap-ugg-21	trnap-ugg	tRNA-Pro	tRNA	0	NC_052340.1	378094	378165	-	0		0			1	0	0		0	0	0	0	0	1	0.00	0.00	NA	0	0	NA	repetitive_ncRNA	0
gene-trnad-guc-16	trnad-guc	tRNA-Asp	tRNA	0	NC_052342.1	20289800	20289871	-	0		0			1	0	0		0	0	0	0	0	0	0.00	0.01	NA	0	0	NA	repetitive_ncRNA	0
gene-LOC120042608	LOC120042608	5.8S ribosomal RNA	rRNA	0	NW_024061449.1	52096	52249	-	0		0			2	0	0		0	0	0	0	0	0	0.00	0.00	NA	0	0	NA	repetitive_ncRNA	0
gene-LOC120036944	LOC120036944	5S ribosomal RNA	rRNA	0	NW_024058263.1	56342	56460	+	0		0			1	0	0		0	0	0	0	0	0	0.00	0.00	NA	0	0	NA	repetitive_ncRNA	0
gene-LOC120036975	LOC120036975	U1 spliceosomal RNA	snRNA	0	NW_024058273.1	36273	36436	-	0		0			1	0	0		0	0	0	0	0	0	0.80	0.07	NA	0	0	NA	repetitive_ncRNA	0
gene-trnai-aau-54	trnai-aau	tRNA-Ile	tRNA	0	NW_024061098.1	8688	8761	+	0		0			1	0	0		0	0	0	0	0	0	0.00	0.00	NA	0	0	NA	repetitive_ncRNA	0
gene-LOC120039090	LOC120039090	18S ribosomal RNA	rRNA	0	NW_024059372.1	8808	10643	+	0		0			1	0	0		0	0	203	0	0	0	0.00	0.00	NA	0	0	NA	repetitive_ncRNA	0
gene-trnak-uuu-26	trnak-uuu	tRNA-Lys	tRNA	0	NC_052308.1	40390994	40391066	+	0		0			2	0	0		0	0	72	72	0	0	0.00	0.00	NA	0	0	NA	repetitive_ncRNA	0
gene-trnaw-cca-46	trnaw-cca	tRNA-Trp	tRNA	0	NC_052308.1	40398155	40398226	-	0		0			1	0	0		0	0	0	0	0	0	0.00	0.00	NA	0	0	NA	repetitive_ncRNA	0
gene-trnat-ugu-14	trnat-ugu	tRNA-Thr	tRNA	0	NC_052311.1	70708199	70708271	+	0		0			1	0	0		0	0	0	0	0	0	0.00	0.00	NA	0	0	NA	repetitive_ncRNA	0
gene-LOC120037594	LOC120037594	18S ribosomal RNA	rRNA	0	NW_024058528.1	23151	24986	+	0		0			1	0	0		0	0	0	0	0	0	0.00	0.00	NA	0	0	NA	repetitive_ncRNA	0
gene-LOC120042936	LOC120042936	5S ribosomal RNA	rRNA	0	NW_024061552.1	44350	44468	+	0		0			4	0	0		0	0	0	0	0	0	0.00	0.00	NA	0	0	NA	repetitive_ncRNA	0
gene-trnai-aau-51	trnai-aau	tRNA-Ile	tRNA	0	NW_024061098.1	6478	6551	+	0		0			4	0	0		0	0	0	0	0	0	0.00	0.00	NA	0	0	NA	repetitive_ncRNA	0
gene-trnan-guu-35	trnan-guu	tRNA-Asn	tRNA	0	NC_052342.1	20297350	20297423	-	0		0			1	0	0		0	0	0	0	0	0	0.00	0.00	NA	0	0	NA	repetitive_ncRNA	0
gene-LOC120040705	LOC120040705	5.8S ribosomal RNA	rRNA	0	NW_024060731.1	10754	10907	-	0		0			1	0	0		0	0	0	0	0	0	0.00	0.00	NA	0	0	NA	repetitive_ncRNA	0
gene-trnag-ucc-70	trnag-ucc	tRNA-Gly	tRNA	0	NW_024057744.1	64930	65001	+	0		0			1	0	0		0	0	0	0	0	0	0.05	0.01	NA	0	0	NA	repetitive_ncRNA	0
gene-LOC120039996	LOC120039996	5.8S ribosomal RNA	rRNA	0	NW_024060093.1	8501	8654	+	0		0			1	0	0		0	0	0	0	0	0	0.00	0.00	NA	0	0	NA	repetitive_ncRNA	0
gene-LOC120039857	LOC120039857	5S ribosomal RNA	rRNA	0	NW_024059952.1	27952	28070	+	0		0			1	0	0		0	0	0	0	0	0	0.00	0.00	NA	0	0	NA	repetitive_ncRNA	0
gene-trnap-ugg-29	trnap-ugg	tRNA-Pro	tRNA	0	NC_052340.1	386255	386326	-	0		0			1	0	0		0	0	0	0	0	0	0.00	0.00	NA	0	0	NA	repetitive_ncRNA	0
gene-LOC120040785	LOC120040785	5S ribosomal RNA	rRNA	0	NW_024060780.1	18913	19031	-	0		0			1	0	0		0	0	0	0	0	0	0.00	0.00	NA	0	0	NA	repetitive_ncRNA	0
gene-LOC120039424	LOC120039424	5S ribosomal RNA	rRNA	0	NW_024059565.1	8118	8236	-	0		0			1	0	0		0	0	0	118	0	0	0.00	0.00	NA	0	0	NA	repetitive_ncRNA	0
gene-trnag-ucc-43	trnag-ucc	tRNA-Gly	tRNA	0	NW_024057744.1	23537	23608	-	0		0			5	0	0		0	0	0	0	0	0	0.00	0.00	NA	0	0	NA	repetitive_ncRNA	0
gene-LOC120038722	LOC120038722	5.8S ribosomal RNA	rRNA	0	NW_024059195.1	11976	12129	+	0		0			2	0	0		0	0	0	0	0	0	0.00	0.00	NA	0	0	NA	repetitive_ncRNA	0
gene-trnaw-cca-45	trnaw-cca	tRNA-Trp	tRNA	0	NC_052308.1	40397483	40397554	-	0		0			1	0	0		0	0	0	0	0	0	0.00	0.00	NA	0	0	NA	repetitive_ncRNA	0
gene-LOC120040399	LOC120040399	5.8S ribosomal RNA	rRNA	0	NW_024060443.1	2671	2824	+	0		0			1	0	0		0	0	153	0	0	0	0.00	0.00	NA	0	0	NA	repetitive_ncRNA	0
gene-trnaf-gaa-26	trnaf-gaa	tRNA-Phe	tRNA	0	NW_024059807.1	11475	11547	-	0		0			1	0	0		0	0	0	0	0	0	0.02	0.03	NA	0	0	NA	repetitive_ncRNA	0
gene-trnap-ugg-22	trnap-ugg	tRNA-Pro	tRNA	0	NC_052340.1	379016	379087	-	0		0			1	0	0		0	0	33	28	0	0	0.00	0.00	NA	0	0	NA	repetitive_ncRNA	0
gene-LOC120040088	LOC120040088	5.8S ribosomal RNA	rRNA	0	NW_024060140.1	12878	13031	+	0		0			1	0	0		0	0	0	0	0	0	0.00	0.00	NA	0	0	NA	repetitive_ncRNA	0
gene-trnap-agg-40	trnap-agg	tRNA-Pro	tRNA	0	NW_024057744.1	41680	41751	+	0		0			1	0	0		0	0	0	0	0	0	0.00	0.00	NA	0	0	NA	repetitive_ncRNA	0
gene-trnap-ugg-26	trnap-ugg	tRNA-Pro	tRNA	0	NC_052340.1	383489	383560	-	0		0			1	0	0		0	0	0	0	0	0	0.00	0.00	NA	0	0	NA	repetitive_ncRNA	0
gene-trnai-aau-53	trnai-aau	tRNA-Ile	tRNA	0	NW_024061098.1	8139	8212	+	0		0			1	0	0		0	0	0	0	0	0	0.00	0.00	NA	0	0	NA	repetitive_ncRNA	0
gene-trnag-ucc-44	trnag-ucc	tRNA-Gly	tRNA	0	NW_024057744.1	24730	24801	-	0		0			2	0	0		0	0	0	0	0	0	0.00	0.00	NA	0	0	NA	repetitive_ncRNA	0
gene-trnap-agg-33	trnap-agg	tRNA-Pro	tRNA	0	NW_024057744.1	32381	32452	+	0		0			1	0	0		0	0	0	0	0	1	0.00	0.00	NA	0	0	NA	repetitive_ncRNA	0
gene-trnap-ugg-31	trnap-ugg	tRNA-Pro	tRNA	0	NC_052340.1	388099	388170	-	0		0			1	0	0		0	0	0	0	0	1	0.00	0.00	NA	0	0	NA	repetitive_ncRNA	0
gene-trnaa-cgc-21	trnaa-cgc	tRNA-Ala	tRNA	0	NW_024061363.1	69814	69885	-	0		0			1	0	0		0	0	71	71	0	0	0.00	0.00	NA	0	0	NA	repetitive_ncRNA	0
gene-LOC120035852	LOC120035852	5S ribosomal RNA	rRNA	0	NW_024057805.1	82596	82714	+	0		0			1	0	0		0	0	0	0	0	0	0.00	0.00	NA	0	0	NA	repetitive_ncRNA	0
gene-trnae-cuc-30	trnae-cuc	tRNA-Glu	tRNA	0	NC_052348.1	20430010	20430081	-	0		0			1	0	0		0	0	0	0	0	0	0.00	0.00	NA	0	0	NA	repetitive_ncRNA	0
gene-trnap-ugg-45	trnap-ugg	tRNA-Pro	tRNA	0	NC_052340.1	410730	410801	-	0		0			2	0	0		0	0	0	0	0	0	0.00	0.00	NA	0	0	NA	repetitive_ncRNA	0
gene-trnag-ucc-53	trnag-ucc	tRNA-Gly	tRNA	0	NW_024057744.1	39655	39726	-	0		0			1	0	0		0	0	0	0	0	0	0.00	0.00	NA	0	0	NA	repetitive_ncRNA	0
gene-LOC120035581	LOC120035581	5S ribosomal RNA	rRNA	0	NW_024057745.1	2698	2816	-	0		0			1	0	0		0	0	0	0	0	0	0.00	0.00	NA	0	0	NA	repetitive_ncRNA	0
gene-trnay-gua-72	trnay-gua	tRNA-Tyr	tRNA	0	NW_024061363.1	24164	24252	-	0		0			1	0	0		0	0	0	0	0	0	0.00	0.00	NA	0	0	NA	repetitive_ncRNA	0
gene-trnat-ugu-95	trnat-ugu	tRNA-Thr	tRNA	0	NW_024061363.1	71224	71295	-	0		0			1	0	0		0	0	0	71	0	0	0.00	0.00	NA	0	0	NA	repetitive_ncRNA	0
gene-trnag-ucc-49	trnag-ucc	tRNA-Gly	tRNA	0	NW_024057744.1	33934	34005	-	0		0			1	0	0		0	0	0	0	0	0	0.00	0.00	NA	0	0	NA	repetitive_ncRNA	0
gene-trnap-agg-38	trnap-agg	tRNA-Pro	tRNA	0	NW_024057744.1	39297	39368	+	0		0			1	0	0		0	0	0	17	0	1	0.00	0.00	NA	0	0	NA	repetitive_ncRNA	0
gene-LOC120039856	LOC120039856	5S ribosomal RNA	rRNA	0	NW_024059952.1	26309	26427	+	0		0			1	0	0		0	0	0	0	0	0	0.00	0.00	NA	0	0	NA	repetitive_ncRNA	0
gene-LOC120035860	LOC120035860	U1 spliceosomal RNA	snRNA	0	NW_024057805.1	81766	81929	+	0		0			1	0	0		0	0	0	0	0	1	0.00	0.00	NA	0	0	NA	repetitive_ncRNA	0
gene-LOC120045244	LOC120045244	5S ribosomal RNA	rRNA	0	NC_052309.1	94126062	94126180	-	0		0			1	0	0		0	0	0	0	0	0	0.00	0.00	NA	0	0	NA	repetitive_ncRNA	0
gene-trnap-ugg-38	trnap-ugg	tRNA-Pro	tRNA	0	NC_052340.1	394554	394625	-	0		0			1	0	0		0	0	0	0	0	1	0.00	0.00	NA	0	0	NA	repetitive_ncRNA	0
gene-trnap-agg-55	trnap-agg	tRNA-Pro	tRNA	0	NW_024057744.1	65289	65360	-	0		0			1	0	0		0	0	0	0	0	0	0.00	0.02	NA	0	0	NA	repetitive_ncRNA	0
gene-trnaw-cca-44	trnaw-cca	tRNA-Trp	tRNA	0	NC_052308.1	40396813	40396884	-	0		0			1	0	0		0	0	0	0	0	0	0.00	0.00	NA	0	0	NA	repetitive_ncRNA	0
gene-trnag-ucc-42	trnag-ucc	tRNA-Gly	tRNA	0	NW_024057744.1	22345	22416	-	0		0			5	0	0		0	0	0	0	0	0	0.00	0.00	NA	0	0	NA	repetitive_ncRNA	0
gene-LOC120036935	LOC120036935	5S ribosomal RNA	rRNA	0	NW_024058263.1	54698	54816	+	0		0			1	0	0		0	0	0	0	0	0	0.00	0.00	NA	0	0	NA	repetitive_ncRNA	0
gene-LOC120039407	LOC120039407	5S ribosomal RNA	rRNA	0	NW_024059565.1	14699	14817	-	0		0			1	0	0		0	0	0	0	0	0	0.00	0.00	NA	0	0	NA	repetitive_ncRNA	0
gene-trnal-aag-33	trnal-aag	tRNA-Leu	tRNA	0	NW_024061521.1	104041	104122	-	0		0			1	0	0		0	0	0	0	0	0	0.00	0.00	NA	0	0	NA	repetitive_ncRNA	0
gene-LOC120040717	LOC120040717	U5 spliceosomal RNA	snRNA	0	NW_024060736.1	7949	8065	+	0		0			1	0	0		0	0	0	0	0	0	0.00	0.00	NA	0	0	NA	repetitive_ncRNA	0
gene-LOC120040678	LOC120040678	18S ribosomal RNA	rRNA	0	NW_024060700.1	10970	12805	-	0		0			2	0	0		0	0	0	239	0	0	0.00	0.00	NA	0	0	NA	repetitive_ncRNA	0
gene-trnap-ugg-28	trnap-ugg	tRNA-Pro	tRNA	0	NC_052340.1	385333	385404	-	0		0			1	0	0		0	0	28	28	1	1	0.00	0.00	NA	0	0	NA	repetitive_ncRNA	0
gene-trnap-ugg-20	trnap-ugg	tRNA-Pro	tRNA	0	NC_052340.1	377172	377243	-	0		0			1	0	0		0	0	0	0	0	0	0.00	0.00	NA	0	0	NA	repetitive_ncRNA	0
gene-trnap-ugg-40	trnap-ugg	tRNA-Pro	tRNA	0	NC_052340.1	396397	396468	-	0		0			1	0	0		0	0	0	0	0	0	0.00	0.00	NA	0	0	NA	repetitive_ncRNA	0
gene-trnak-uuu-35	trnak-uuu	tRNA-Lys	tRNA	0	NC_052308.1	40397033	40397105	+	0		0			1	0	0		0	0	0	0	0	0	0.00	0.00	NA	0	0	NA	repetitive_ncRNA	0
gene-trnak-uuu-28	trnak-uuu	tRNA-Lys	tRNA	0	NC_052308.1	40392337	40392409	+	0		0			2	0	0		0	0	72	72	0	0	0.00	0.00	NA	0	0	NA	repetitive_ncRNA	0
gene-trnap-agg-27	trnap-agg	tRNA-Pro	tRNA	0	NW_024057744.1	23179	23250	+	0		0			5	0	0		0	0	0	0	0	1	0.00	0.00	NA	0	0	NA	repetitive_ncRNA	0
gene-LOC120045255	LOC120045255	5S ribosomal RNA	rRNA	0	NC_052309.1	94127695	94127813	-	0		0			1	0	0		0	0	0	0	0	0	0.00	0.00	NA	0	0	NA	repetitive_ncRNA	0
gene-LOC120039853	LOC120039853	5S ribosomal RNA	rRNA	0	NW_024059952.1	21382	21500	+	0		0			1	0	0		0	0	0	0	1	0	0.00	0.00	NA	0	0	NA	repetitive_ncRNA	0
