gene_id	symbol	product	copies_lean	in_siscowet_unmapped	n_go
gene-LOC120017348	LOC120017348	A disintegrin and metalloproteinase with thrombospondin motifs 14-like	1	Y	4
gene-LOC120017351	LOC120017351	pyroglutamylated RF-amide peptide receptor-like	1	Y	3
gene-LOC120017380	LOC120017380	protein DPCD-like	1	Y	0
gene-LOC120017397	LOC120017397	WW domain binding protein 1-like	1	Y	0
gene-LOC120017408	LOC120017408	arsenite methyltransferase-like	1	Y	5
gene-LOC120017426	LOC120017426	cytosolic purine 5'-nucleotidase-like	1	Y	1
gene-LOC120017450	LOC120017450	uncharacterized LOC120017450	1	Y	0
gene-LOC120017465	LOC120017465	myosin heavy chain, fast skeletal muscle-like	1	Y	4
gene-LOC120017480_1			1		0
gene-LOC120017640_1			1		0
gene-LOC120017648_1			1		0
gene-LOC120017705	LOC120017705	ubiquitin-40S ribosomal protein S27a	1	Y	9
gene-LOC120017721	LOC120017721	CREB3 regulatory factor-like	1	Y	5
gene-LOC120017751	LOC120017751	neurofilament heavy polypeptide-like	1	Y	6
gene-LOC120017755	LOC120017755	catechol O-methyltransferase domain-containing protein 1-like	1	Y	2
gene-LOC120017787_1			1		0
gene-LOC120017787_2			1		0
gene-LOC120017787_3			1		0
gene-LOC120017787_4			1		0
gene-LOC120017787_5			1		0
gene-LOC120017841	LOC120017841	neurofilament medium polypeptide-like	1	Y	6
gene-LOC120017858	LOC120017858	ABC transporter G family member 23-like	1	Y	2
gene-LOC120017867	LOC120017867	protein FAM135A-like	1	Y	1
gene-LOC120017870_12			1		0
gene-LOC120017871	LOC120017871	uncharacterized LOC120017871	1	Y	0
gene-LOC120017876_1			1		0
gene-LOC120017877	LOC120017877	uncharacterized LOC120017877	1	Y	0
gene-LOC120017878_1			1		0
gene-LOC120017878_2			1		0
gene-LOC120017878_3			1		0
gene-LOC120017880	LOC120017880	F-box/LRR-repeat protein 15	1	Y	3
gene-LOC120017954	LOC120017954	prolyl-tRNA synthetase associated domain-containing protein 1-like	1	Y	1
gene-LOC120017969	LOC120017969	fumarate hydratase, mitochondrial-like	1	Y	6
gene-LOC120017970	LOC120017970	putative thiamine transporter SLC35F3	1	Y	3
gene-LOC120017974	LOC120017974	galectin-related protein-like	1	Y	1
gene-LOC120017989	LOC120017989	uncharacterized LOC120017989	1	Y	0
gene-LOC120017990	LOC120017990	uncharacterized LOC120017990	1	Y	0
gene-LOC120018151	LOC120018151	syntaxin-10-like	1	Y	2
gene-LOC120018157	LOC120018157	H-2 class II histocompatibility antigen, A-Q alpha chain-like	1	Y	6
gene-LOC120018265_1			1		0
gene-LOC120018265_2			1		0
gene-LOC120018277_1			1		0
gene-LOC120018338	LOC120018338	myosin heavy chain, fast skeletal muscle-like	1	Y	4
gene-LOC120018348	LOC120018348	uncharacterized LOC120018348	1	Y	4
gene-LOC120018358	LOC120018358	tapasin-related protein-like	1	Y	0
gene-LOC120018359	LOC120018359	gem-associated protein 4-like	1	Y	3
gene-LOC120018360	LOC120018360	TLC domain-containing protein 3A-like	1	Y	3
gene-LOC120018364	LOC120018364	serine/arginine repetitive matrix protein 2-like	1	Y	1
gene-LOC120018452	LOC120018452	zinc finger protein 501-like	1	Y	3
gene-LOC120018572	LOC120018572	sodium-independent sulfate anion transporter-like	1	Y	4
gene-LOC120018624_1			1		0
gene-LOC120018624_2			1		0
gene-LOC120018827	LOC120018827	N-sulphoglucosamine sulphohydrolase-like	1	Y	3
gene-LOC120018863	LOC120018863	zinc finger protein 595-like	1	Y	0
gene-LOC120018887	LOC120018887	zinc finger protein 180-like	1	Y	0
gene-LOC120019052	LOC120019052	oocyte zinc finger protein XlCOF6-like	1	Y	3
gene-LOC120019065	LOC120019065	zinc finger protein 239-like	1	Y	4
gene-LOC120019133_1			1		0
gene-LOC120019140	LOC120019140	histone chaperone asf1b-B-like	1	Y	3
gene-LOC120019167	LOC120019167	transcription factor MafG-like	1	Y	5
gene-LOC120019203	LOC120019203	neuropeptide B-like	1	Y	3
gene-LOC120019226_2			1		0
gene-LOC120019226_3			1		0
gene-LOC120019248	LOC120019248	uncharacterized LOC120019248	1	Y	0
gene-LOC120019452_1			1		0
gene-LOC120019465_1			1		0
gene-LOC120019477_1			1		0
gene-LOC120019608	LOC120019608	lysophosphatidic acid receptor 2-like	1	Y	3
gene-LOC120019624	LOC120019624	protein GPR108-like	1	Y	3
gene-LOC120019680	LOC120019680	bromodomain-containing protein 3-like	1	Y	5
gene-LOC120019732	LOC120019732	multivesicular body subunit 12A-like	1	Y	7
gene-LOC120020075_8			1		0
gene-LOC120020075_9			1		0
gene-LOC120020322_1			1		0
gene-LOC120020450	LOC120020450	proteoglycan 4-like	1	Y	2
gene-LOC120020464	LOC120020464	choline-phosphate cytidylyltransferase A-like	1	Y	4
gene-LOC120020490	LOC120020490	40S ribosomal protein S28	1	Y	6
gene-LOC120020628_1			1		0
gene-LOC120020706_2			1		0
gene-LOC120021126_1			1		0
gene-LOC120021140_2			1		0
gene-LOC120021737_1			1		0
gene-LOC120021749_1			1		0
gene-LOC120021750_2			1		0
gene-LOC120021787_1			1		0
gene-LOC120021812	LOC120021812	NEDD4-binding protein 2-like 1	1	Y	0
gene-LOC120022070_1			1		0
gene-LOC120022111_1			1		0
gene-LOC120022234	LOC120022234	DNA-directed RNA polymerase III subunit RPC7-like	1	Y	2
gene-LOC120022235	LOC120022235	zinc finger protein 706-like	1	Y	0
gene-LOC120022261_1			1		0
gene-LOC120022283	LOC120022283	basic proline-rich protein-like	1	Y	0
gene-LOC120022365	LOC120022365	C3a anaphylatoxin chemotactic receptor-like	1	Y	7
gene-LOC120022366	LOC120022366	C3a anaphylatoxin chemotactic receptor-like	1	Y	7
gene-LOC120022511	LOC120022511	uncharacterized LOC120022511	2	Y	0
gene-LOC120022511_1			1		0
gene-LOC120022514	LOC120022514	40S ribosomal protein S19-like	1	Y	6
gene-LOC120022571_1			1		0
gene-LOC120022707	LOC120022707	uncharacterized LOC120022707	1	Y	0
gene-LOC120022712	LOC120022712	uncharacterized LOC120022712	1	Y	0
gene-LOC120022726_1			1		0
gene-LOC120022740	LOC120022740	uncharacterized LOC120022740	1	Y	0
gene-LOC120022769	LOC120022769	transcriptional repressor p66-beta-like	1	Y	3
gene-LOC120022770_1			1		0
gene-LOC120022797	LOC120022797	uncharacterized LOC120022797	1	Y	0
gene-LOC120022877	LOC120022877	small nucleolar RNA SNORD53/SNORD92	1	Y	0
gene-LOC120022984	LOC120022984		1	Y	0
gene-LOC120023084_1			1		0
gene-LOC120023130_3			1		0
gene-LOC120023130_4			1		0
gene-LOC120023130_5			1		0
gene-LOC120023137	LOC120023137	E3 ubiquitin-protein ligase NEURL1-like	1	Y	5
gene-LOC120023175	LOC120023175	calmodulin-1	1	Y	1
gene-LOC120023180	LOC120023180	fibroblast growth factor 8b-like	1	Y	15
gene-LOC120023189	LOC120023189	metal transporter CNNM2-like	1	Y	4
gene-LOC120023213_1			1		0
gene-LOC120023238	LOC120023238	uncharacterized LOC120023238	1	Y	0
gene-LOC120023380	LOC120023380	voltage-dependent P/Q-type calcium channel subunit alpha-1A-like	1	Y	6
gene-LOC120023431	LOC120023431	26S proteasome regulatory subunit 4-like	1	Y	5
gene-LOC120023487	LOC120023487	slit homolog 1 protein-like	1	Y	6
gene-LOC120023547	LOC120023547	protein transport protein Sec16A-like	1	Y	0
gene-LOC120023552_1			1		0
gene-LOC120023552_2			1		0
gene-LOC120023594_4			1		0
gene-LOC120023678_1			1		0
gene-LOC120023709	LOC120023709	protein transport protein Sec16A-like	1	Y	0
gene-LOC120024038_4			1		0
gene-LOC120024038_5			1		0
gene-LOC120024097_1			1		0
gene-LOC120024258_1			1		0
gene-LOC120024269_1			1		0
gene-LOC120024300_2			1		0
gene-LOC120024345	LOC120024345	beta-soluble NSF attachment protein	1	Y	9
gene-LOC120024447_1			1		0
gene-LOC120024697	LOC120024697	transient receptor potential cation channel subfamily M member 7-like	1	Y	9
gene-LOC120024699	LOC120024699	unconventional myosin-Va-like	1	Y	9
gene-LOC120024704	LOC120024704	guanine nucleotide-binding protein subunit beta-5b	1	Y	6
gene-LOC120024745_2			1		0
gene-LOC120024763	LOC120024763	stabilizer of axonemal microtubules 2-like	1	Y	7
gene-LOC120024764	LOC120024764	ADAMTS-like protein 1	1	Y	3
gene-LOC120024769	LOC120024769	pro-interleukin-16-like	1	Y	4
gene-LOC120024793	LOC120024793	carbohydrate sulfotransferase 8-like	1	Y	4
gene-LOC120024854	LOC120024854	ubiquitin-conjugating enzyme E2 Q2-like	1	Y	0
gene-LOC120024865	LOC120024865	BTB/POZ domain-containing protein kctd15	1	Y	2
gene-LOC120024883	LOC120024883	hepatocyte nuclear factor 6-like	1	Y	4
gene-LOC120024893	LOC120024893	carnitine O-palmitoyltransferase 1, liver isoform-like	1	Y	4
gene-LOC120024894	LOC120024894	cysteine--tRNA ligase, cytoplasmic-like	1	Y	4
gene-LOC120024918	LOC120024918	transmembrane channel-like protein 3	1	Y	2
gene-LOC120024927	LOC120024927	stAR-related lipid transfer protein 5-like	1	Y	1
gene-LOC120024952	LOC120024952	SH2 domain-containing adapter protein F-like	1	Y	1
gene-LOC120025019_2			1		0
gene-LOC120025020_4			1		0
gene-LOC120025121_1			1		0
gene-LOC120025161_1			1		0
gene-LOC120025200	LOC120025200	RNA-binding protein MEX3B-like	1	Y	1
gene-LOC120025214	LOC120025214	peroxisomal membrane protein PEX16-like	1	Y	2
gene-LOC120025220	LOC120025220	ubiquitin-like protein 7	1	Y	3
gene-LOC120025227_3			1		0
gene-LOC120025227_4			1		0
gene-LOC120025279	LOC120025279	uncharacterized LOC120025279	1	Y	0
gene-LOC120025283	LOC120025283	uncharacterized LOC120025283	1	Y	0
gene-LOC120025324	LOC120025324	uncharacterized protein KIAA0895-like	1	Y	0
gene-LOC120025342	LOC120025342	transcription factor SOX-6-like	1	Y	7
gene-LOC120025372_3			1		0
gene-LOC120025446	LOC120025446	smoothelin-like	1	Y	4
gene-LOC120025454_1			1		0
gene-LOC120025643_1			1		0
gene-LOC120026064	LOC120026064	centrin-3-like	1	Y	4
gene-LOC120026096	LOC120026096	lysozyme C II	1	Y	3
gene-LOC120026242	LOC120026242	high choriolytic enzyme 1-like	3	Y	3
gene-LOC120026242_1			1		0
gene-LOC120026242_2			1		0
gene-LOC120026446	LOC120026446	polyubiquitin-like	1	Y	6
gene-LOC120026544	LOC120026544	U2 spliceosomal RNA	1	Y	0
gene-LOC120026774	LOC120026774	glutamate receptor ionotropic, kainate 5-like	1	Y	9
gene-LOC120026822	LOC120026822		1	Y	0
gene-LOC120026887	LOC120026887	class I histocompatibility antigen, F10 alpha chain-like	1	Y	3
gene-LOC120026889	LOC120026889	major histocompatibility complex class I-related gene protein-like	1	Y	3
gene-LOC120026894	LOC120026894	proteasome subunit beta type-8-like	1	Y	3
gene-LOC120026906_1			1		0
gene-LOC120026925_1			1		0
gene-LOC120026925_2			1		0
gene-LOC120027039_1			1		0
gene-LOC120027040_1			1		0
gene-LOC120027220_1			1		0
gene-LOC120027316_3			1		0
gene-LOC120027376	LOC120027376	uncharacterized LOC120027376	1	Y	0
gene-LOC120027377_4			1		0
gene-LOC120027483_1			1		0
gene-LOC120027491_5			1		0
gene-LOC120027491_6			1		0
gene-LOC120027492_5			1		0
gene-LOC120027492_6			1		0
gene-LOC120027492_7			1		0
gene-LOC120027495_1			1		0
gene-LOC120027734	LOC120027734	SH3 and PX domain-containing protein 2A-like	1	Y	4
gene-LOC120027795	LOC120027795	alpha-internexin-like	1	Y	5
gene-LOC120027807_1			1		0
gene-LOC120027814_1			1		0
gene-LOC120027816	LOC120027816	uncharacterized LOC120027816	1	Y	0
gene-LOC120027900	LOC120027900	uncharacterized LOC120027900	1	Y	0
gene-LOC120027915	LOC120027915	uncharacterized protein DDB_G0284459-like	1	Y	2
gene-LOC120028046	LOC120028046	uncharacterized LOC120028046	1	Y	0
gene-LOC120028053_3			1		0
gene-LOC120028053_4			1		0
gene-LOC120028151_1			1		0
gene-LOC120028151_10			1		0
gene-LOC120028151_2			1		0
gene-LOC120028151_3			1		0
gene-LOC120028151_4			1		0
gene-LOC120028151_5			1		0
gene-LOC120028151_6			1		0
gene-LOC120028151_7			1		0
gene-LOC120028151_8			1		0
gene-LOC120028151_9			1		0
gene-LOC120028211	LOC120028211	basic proline-rich protein-like	1	Y	0
gene-LOC120028229	LOC120028229	immunoglobulin superfamily member 11-like	1	Y	3
gene-LOC120028275_10			1		0
gene-LOC120028291	LOC120028291	protein NLRC3-like	1	Y	0
gene-LOC120028326	LOC120028326	inositol polyphosphate 5-phosphatase K-like	1	Y	12
gene-LOC120028538_1			1		0
gene-LOC120028545	LOC120028545	transcription elongation factor SPT5-like	1	Y	7
gene-LOC120028546	LOC120028546	uncharacterized LOC120028546	1	Y	0
gene-LOC120028564	LOC120028564	atypical kinase COQ8B, mitochondrial-like	1	Y	3
gene-LOC120028571	LOC120028571	calpain small subunit 1-like	1	Y	1
gene-LOC120028632	LOC120028632	ARF GTPase-activating protein GIT1-like	1	Y	4
gene-LOC120028660	LOC120028660	proteasome subunit alpha type-6-like	1	Y	5
gene-LOC120028765_14			1		0
gene-LOC120028765_15			1		0
gene-LOC120028765_16			1		0
gene-LOC120028765_17			1		0
gene-LOC120028765_18			1		0
gene-LOC120028765_19			1		0
gene-LOC120028765_20			1		0
gene-LOC120028765_21			1		0
gene-LOC120028765_22			1		0
gene-LOC120028765_23			1		0
gene-LOC120028812	LOC120028812	sodium-dependent serotonin transporter-like	1	Y	6
gene-LOC120028813	LOC120028813	bleomycin hydrolase-like	1	Y	5
gene-LOC120028831	LOC120028831	XIAP-associated factor 1-like	1	Y	2
gene-LOC120028852	LOC120028852	ras-related protein Rab-1A-like	1	Y	2
gene-LOC120028853	LOC120028853	phosphatidylinositol transfer protein alpha isoform-like	1	Y	6
gene-LOC120028888	LOC120028888	high affinity cGMP-specific 3',5'-cyclic phosphodiesterase 9A-like	1	Y	3
gene-LOC120028901	LOC120028901	rap1 GTPase-activating protein 2-like	1	Y	5
gene-LOC120028932	LOC120028932	myb-related transcription factor, partner of profilin-like	1	Y	1
gene-LOC120028937	LOC120028937	large neutral amino acids transporter small subunit 4-like	1	Y	4
gene-LOC120029007	LOC120029007	protein phosphatase Slingshot homolog 2-like	1	Y	6
gene-LOC120029026	LOC120029026	glutamine amidotransferase-like class 1 domain-containing protein 3A, mitochondrial	1	Y	0
gene-LOC120029046	LOC120029046	kelch-like protein 12	1	Y	1
gene-LOC120029083	LOC120029083	protein FAM133-like	1	Y	0
gene-LOC120029100	LOC120029100	uncharacterized LOC120029100	1	Y	1
gene-LOC120029101	LOC120029101	ankyrin repeat domain-containing protein 13B-like	1	Y	2
gene-LOC120029158	LOC120029158	uncharacterized LOC120029158	1	Y	3
gene-LOC120029162	LOC120029162	F-box only protein 39-like	1	Y	1
gene-LOC120029164	LOC120029164	nucleolar protein 58-like	1	Y	0
gene-LOC120029189	LOC120029189	alpha-2-macroglobulin-like	1	Y	3
gene-LOC120029190	LOC120029190	alpha-2-macroglobulin-like	1	Y	1
gene-LOC120029219_2			1		0
gene-LOC120029247_1			1		0
gene-LOC120029306_1			1		0
gene-LOC120029350	LOC120029350	inward rectifier potassium channel 16-like	1	Y	4
gene-LOC120029363_1			1		0
gene-LOC120029562_1			1		0
gene-LOC120029563_1			1		0
gene-LOC120029563_2			1		0
gene-LOC120029595_1			1		0
gene-LOC120029915	LOC120029915	inward rectifier potassium channel 2-like	1	Y	4
gene-LOC120030186_7			1		0
gene-LOC120030186_8			1		0
gene-LOC120030186_9			1		0
gene-LOC120030201_1			1		0
gene-LOC120030466_1			1		0
gene-LOC120030534_1			1		0
gene-LOC120030595_2			1		0
gene-LOC120030685_2			1		0
gene-LOC120030685_3			1		0
gene-LOC120030692	LOC120030692	homeobox protein SIX6-like	1	Y	6
gene-LOC120030768	LOC120030768	inhibitor of Bruton tyrosine kinase-like	1	Y	5
gene-LOC120030794	LOC120030794	fasciculation and elongation protein zeta-2-like	1	Y	2
gene-LOC120030835	LOC120030835	uncharacterized LOC120030835	1	Y	0
gene-LOC120030836	LOC120030836	CREB-regulated transcription coactivator 2-like	1	Y	6
gene-LOC120030876	LOC120030876	V-type proton ATPase subunit C 1-A	1	Y	4
gene-LOC120030878	LOC120030878	uncharacterized protein DKFZp434B061-like	1	Y	0
gene-LOC120030879	LOC120030879	derlin-1-like	1	Y	6
gene-LOC120030901	LOC120030901	adhesion G protein-coupled receptor B1-like	1	Y	5
gene-LOC120030936	LOC120030936	potassium/sodium hyperpolarization-activated cyclic nucleotide-gated channel 3-like	1	Y	4
gene-LOC120030965_3			1		0
gene-LOC120030978	LOC120030978	serine/threonine-protein kinase Sgk1-like	1	Y	3
gene-LOC120030979	LOC120030979	epithelial splicing regulatory protein 1-like	1	Y	4
gene-LOC120030980	LOC120030980	DNA repair and recombination protein RAD54B-like	1	Y	0
gene-LOC120030983	LOC120030983	myosin-10-like	1	Y	4
gene-LOC120030986	LOC120030986	meckelin-like	1	Y	3
gene-LOC120030993	LOC120030993	zinc fingers and homeoboxes protein 2-like	1	Y	4
gene-LOC120031008	LOC120031008	DENN domain-containing protein 4B-like	1	Y	3
gene-LOC120031026	LOC120031026	immunoglobulin superfamily DCC subclass member 3-like	1	Y	5
gene-LOC120031034	LOC120031034	E3 ubiquitin-protein ligase UBR5-like	1	Y	9
gene-LOC120031035	LOC120031035	protein LYRIC-like	1	Y	6
gene-LOC120031037	LOC120031037	antizyme inhibitor 1-like	1	Y	6
gene-LOC120031063	LOC120031063	protein dopey-1-like	1	Y	3
gene-LOC120031076	LOC120031076	dual specificity protein kinase Ttk-like	1	Y	12
gene-LOC120031089	LOC120031089	membrane-spanning 4-domains subfamily A member 4A-like	1	Y	1
gene-LOC120031091	LOC120031091	Krueppel-like factor 10	1	Y	3
gene-LOC120031097	LOC120031097	protein cornichon homolog 4-like	1	Y	3
gene-LOC120031113	LOC120031113	alpha-1,3/1,6-mannosyltransferase ALG2-like	1	Y	4
gene-LOC120031117	LOC120031117	ubiquitin carboxyl-terminal hydrolase 45-like	1	Y	3
gene-LOC120031120	LOC120031120	phosphatidylinositol-3-phosphatase SAC1-B	1	Y	3
gene-LOC120031126	LOC120031126	rho guanine nucleotide exchange factor 2-like	1	Y	8
gene-LOC120031138	LOC120031138	growth/differentiation factor 6-A-like	1	Y	6
gene-LOC120031141	LOC120031141	gamma-glutamylcyclotransferase-like	1	Y	1
gene-LOC120031149	LOC120031149	uncharacterized LOC120031149	1	Y	0
gene-LOC120031161	LOC120031161	DNA-directed RNA polymerase III subunit RPC7-like	1	Y	2
gene-LOC120031186	LOC120031186	receptor-binding cancer antigen expressed on SiSo cells-like	1	Y	1
gene-LOC120031200	LOC120031200	transcriptional repressor p66-beta-like	1	Y	3
gene-LOC120031210	LOC120031210	kinesin-like protein KIFC3	1	Y	4
gene-LOC120031222	LOC120031222	prolactin regulatory element-binding protein-like	1	Y	6
gene-LOC120031228	LOC120031228	E3 ubiquitin-protein ligase RNF144B-like	1	Y	9
gene-LOC120031256	LOC120031256	gonadotropin-releasing hormone II receptor-like	1	Y	4
gene-LOC120031281	LOC120031281	cytochrome b5 reductase 4	1	Y	5
gene-LOC120031284	LOC120031284	T-complex protein 1 subunit gamma-like	1	Y	6
gene-LOC120031295	LOC120031295	thrombospondin-3a-like	1	Y	4
gene-LOC120031303	LOC120031303	E3 ubiquitin-protein ligase TRIM33-like	1	Y	5
gene-LOC120031308	LOC120031308	2-oxoisovalerate dehydrogenase subunit beta, mitochondrial-like	1	Y	4
gene-LOC120031319	LOC120031319	transmembrane protein 79-like	1	Y	3
gene-LOC120031325	LOC120031325	nucleotide-binding oligomerization domain-containing protein 1-like	1	Y	2
gene-LOC120031334	LOC120031334	zinc finger protein 407-like	1	Y	4
gene-LOC120031336	LOC120031336	adenylate cyclase type 3-like	1	Y	5
gene-LOC120031338	LOC120031338	transcription factor BTF3-like	1	Y	3
gene-LOC120031369	LOC120031369	uridine phosphorylase 1-like	3	Y	3
gene-LOC120031369_1			1		0
gene-LOC120031369_2			1		0
gene-LOC120031382	LOC120031382	WD repeat-containing protein 26-like	1	Y	3
gene-LOC120031387	LOC120031387	sodium- and chloride-dependent transporter XTRP3-like	1	Y	3
gene-LOC120031389	LOC120031389	nucleoside diphosphate-linked moiety X motif 17-like	1	Y	5
gene-LOC120031395	LOC120031395	trophoblast glycoprotein-like	1	Y	3
gene-LOC120031406	LOC120031406	kelch-like protein 32	1	Y	1
gene-LOC120031420	LOC120031420	thioredoxin-interacting protein-like	1	Y	3
gene-LOC120031431	LOC120031431	cyclic AMP-responsive element-binding protein 3-like protein 4	1	Y	4
gene-LOC120031444	LOC120031444	oxidation resistance protein 1-like	1	Y	2
gene-LOC120031445	LOC120031445	squalene monooxygenase-like	1	Y	6
gene-LOC120031449_1			1		0
gene-LOC120031452	LOC120031452	protein virilizer homolog	1	Y	3
gene-LOC120031456	LOC120031456	tyrosine-protein phosphatase non-receptor type 3-like	1	Y	6
gene-LOC120031459	LOC120031459	lethal(3)malignant brain tumor-like protein 4	1	Y	4
gene-LOC120031461	LOC120031461	pyruvate dehydrogenase [acetyl-transferring]-phosphatase 1, mitochondrial-like	1	Y	3
gene-LOC120031462	LOC120031462	band 4.1-like protein 4B	1	Y	2
gene-LOC120031469	LOC120031469	fibrinogen silencer-binding protein-like	1	Y	0
gene-LOC120031470	LOC120031470	GTP-binding protein GEM-like	1	Y	5
gene-LOC120031477	LOC120031477	transmembrane protein 244-like	1	Y	0
gene-LOC120031496	LOC120031496	F-box/LRR-repeat protein 4-like	1	Y	3
gene-LOC120031504	LOC120031504	ictacalcin-like	1	Y	2
gene-LOC120031510	LOC120031510	inactive serine protease 35-like	1	Y	2
gene-LOC120031527	LOC120031527	synaptotagmin-11-like	1	Y	13
gene-LOC120031528	LOC120031528	mothers against decapentaplegic homolog 4-like	1	Y	10
gene-LOC120031573	LOC120031573	failed axon connections homolog	1	Y	1
gene-LOC120031574	LOC120031574	glial fibrillary acidic protein-like	1	Y	4
gene-LOC120031577	LOC120031577	syntabulin-like	1	Y	4
gene-LOC120031600	LOC120031600	sialic acid-binding Ig-like lectin 5	1	Y	0
gene-LOC120031644	LOC120031644	death-associated protein kinase 2-like	1	Y	7
gene-LOC120031647	LOC120031647	ankyrin repeat domain-containing protein 34A-like	1	Y	1
gene-LOC120031652	LOC120031652	hemojuvelin-like	1	Y	3
gene-LOC120031656	LOC120031656	TBC1 domain family member 31-like	1	Y	2
gene-LOC120031673	LOC120031673	protein spire homolog 1-like	1	Y	11
gene-LOC120031686	LOC120031686	terminal nucleotidyltransferase 5A-like	1	Y	3
gene-LOC120031696	LOC120031696	lysosomal-associated transmembrane protein 4B-like	1	Y	1
gene-LOC120031717	LOC120031717	small nucleolar RNA SNORA15	1	Y	0
gene-LOC120031739	LOC120031739	probable G protein-coupled receptor 85	1	Y	3
gene-LOC120031743	LOC120031743	fish-egg lectin-like	1	Y	0
gene-LOC120031890	LOC120031890	myotrophin	1	Y	4
gene-LOC120031991	LOC120031991	coatomer subunit gamma-2	1	Y	10
gene-LOC120031993	LOC120031993	mesoderm-specific transcript homolog protein-like	1	Y	1
gene-LOC120031999	LOC120031999	forkhead box protein M1-like	1	Y	4
gene-LOC120032000	LOC120032000	cystine/glutamate transporter-like	1	Y	3
gene-LOC120032001	LOC120032001	peroxisome assembly protein 26-like	1	Y	6
gene-LOC120032010	LOC120032010	filamin-A-like	1	Y	2
gene-LOC120032048_1			1		0
gene-LOC120032094	LOC120032094	fish-egg lectin-like	1	Y	0
gene-LOC120032113	LOC120032113	thyrotropin-releasing hormone-degrading ectoenzyme-like	1	Y	6
gene-LOC120032118	LOC120032118	urocortin-3-like	1	Y	8
gene-LOC120032125	LOC120032125	plasma membrane calcium-transporting ATPase 1-like	1	Y	8
gene-LOC120032148	LOC120032148	tubby-related protein 3-like	1	Y	2
gene-LOC120032224	LOC120032224	aryl hydrocarbon receptor nuclear translocator-like protein 2	1	Y	8
gene-LOC120032297	LOC120032297	protein O-mannosyl-transferase TMTC1-like	1	Y	4
gene-LOC120032361	LOC120032361	voltage-dependent calcium channel gamma-4 subunit-like	1	Y	12
gene-LOC120032372	LOC120032372	voltage-dependent calcium channel gamma-5 subunit-like	1	Y	11
gene-LOC120032373	LOC120032373	nucleosome-remodeling factor subunit BPTF-like	1	Y	4
gene-LOC120032385_1			1		0
gene-LOC120032387	LOC120032387	ERO1-like protein beta	1	Y	6
gene-LOC120032388	LOC120032388	BTB/POZ domain-containing protein 3	1	Y	5
gene-LOC120032389	LOC120032389	G protein-coupled receptor 137Ba-like	1	Y	5
gene-LOC120032395	LOC120032395	voltage-dependent calcium channel gamma-1 subunit-like	1	Y	6
gene-LOC120032422	LOC120032422	ubiquitin carboxyl-terminal hydrolase 34-like	1	Y	5
gene-LOC120032435	LOC120032435	snake venom serine protease PTLE1-like	1	Y	2
gene-LOC120032442	LOC120032442	uncharacterized LOC120032442	1	Y	0
gene-LOC120032448	LOC120032448	golgin subfamily A member 7B-like	1	Y	3
gene-LOC120032454_1			1		0
gene-LOC120032456_1			1		0
gene-LOC120032456_2			1		0
gene-LOC120032456_3			1		0
gene-LOC120032456_4			1		0
gene-LOC120032458	LOC120032458	interleukin-2 receptor subunit beta-like	1	Y	6
gene-LOC120032464_1			1		0
gene-LOC120032487	LOC120032487	B-cell lymphoma/leukemia 11A-like	1	Y	5
gene-LOC120032511	LOC120032511	aftiphilin-like	1	Y	4
gene-LOC120032517	LOC120032517	CB1 cannabinoid receptor-interacting protein 1-like	1	Y	3
gene-LOC120032520	LOC120032520	venom factor-like	1	Y	4
gene-LOC120032524	LOC120032524	coiled-coil domain-containing protein 130 homolog	1	Y	3
gene-LOC120032526	LOC120032526	platelet-derived growth factor subunit A-like	1	Y	11
gene-LOC120032539_1			1		0
gene-LOC120032554_1			1		0
gene-LOC120032565	LOC120032565	exportin-1-like	1	Y	7
gene-LOC120032585	LOC120032585	actin-related protein 2-A-like	1	Y	4
gene-LOC120032586	LOC120032586	protrudin-like	1	Y	10
gene-LOC120032593	LOC120032593	protein Asterix	1	Y	3
gene-LOC120032603	LOC120032603	nucleolar protein 11-like	1	Y	5
gene-LOC120032611	LOC120032611	cytoplasmic phosphatidylinositol transfer protein 1-like	1	Y	4
gene-LOC120032639	LOC120032639	aprataxin and PNK-like factor	1	Y	5
gene-LOC120032645	LOC120032645	cartilage acidic protein 1-like	1	Y	2
gene-LOC120032652	LOC120032652	ewing's tumor-associated antigen 1-like	1	Y	0
gene-LOC120032664	LOC120032664	protein kinase C alpha type-like	1	Y	4
gene-LOC120032733	LOC120032733	protein FAM161A-like	1	Y	2
gene-LOC120032780	LOC120032780	uncharacterized LOC120032780	1	Y	1
gene-LOC120032786_1			1		0
gene-LOC120032787	LOC120032787	importin subunit alpha-1-like	1	Y	6
gene-LOC120032797	LOC120032797	SERTA domain-containing protein 2-like	1	Y	2
gene-LOC120032839	LOC120032839	F-box only protein 48-like	1	Y	3
gene-LOC120032877	LOC120032877	probable helicase with zinc finger domain	1	Y	5
gene-LOC120032897	LOC120032897	ras-related protein ORAB-1-like	1	Y	2
gene-LOC120032913	LOC120032913	sprouty-related, EVH1 domain-containing protein 2-like	1	Y	4
gene-LOC120032916	LOC120032916	26S proteasome non-ATPase regulatory subunit 12	1	Y	3
gene-LOC120032926	LOC120032926	transmembrane protease serine 6-like	1	Y	3
gene-LOC120032952	LOC120032952	uncharacterized LOC120032952	1	Y	0
gene-LOC120032996	LOC120032996	calcineurin subunit B type 1	1	Y	2
gene-LOC120033009	LOC120033009	T-complex protein 1 subunit delta	1	Y	6
gene-LOC120033010	LOC120033010	RAC-gamma serine/threonine-protein kinase-like	1	Y	3
gene-LOC120033011	LOC120033011	tRNA pseudouridine synthase Pus10-like	1	Y	3
gene-LOC120033012	LOC120033012	arginine-hydroxylase NDUFAF5, mitochondrial-like	1	Y	3
gene-LOC120033014	LOC120033014	homeobox protein Meis1	1	Y	10
gene-LOC120033061	LOC120033061	uncharacterized LOC120033061	1	Y	0
gene-LOC120033064	LOC120033064	uncharacterized LOC120033064	1	Y	0
gene-LOC120033074	LOC120033074	small nucleolar RNA SNORA70	1	Y	0
gene-LOC120033075	LOC120033075	small nucleolar RNA SNORA5	1	Y	0
gene-LOC120033078	LOC120033078	small nucleolar RNA SNORA44	1	Y	0
gene-LOC120033082	LOC120033082	small nucleolar RNA SNORA17	1	Y	0
gene-LOC120033089	LOC120033089	small nucleolar RNA SNORA84	1	Y	0
gene-LOC120033090	LOC120033090	small nucleolar RNA SNORA84	1	Y	0
gene-LOC120033099	LOC120033099	radixin-like	1	Y	12
gene-LOC120033105	LOC120033105	uncharacterized LOC120033105	1	Y	0
gene-LOC120033116	LOC120033116	nuclear receptor subfamily 4 group A member 2-like	1	Y	10
gene-LOC120033129	LOC120033129	tumor necrosis factor ligand superfamily member 11-like	1	Y	3
gene-LOC120033130	LOC120033130	paraspeckle component 1-like	1	Y	3
gene-LOC120033137	LOC120033137	transmembrane 9 superfamily member 2-like	1	Y	2
gene-LOC120033141_1			1		0
gene-LOC120033158_1			1		0
gene-LOC120033247	LOC120033247	excitatory amino acid transporter 5-like	1	Y	5
gene-LOC120033253	LOC120033253	ephrin-A2-like	1	Y	5
gene-LOC120033262_1			1		0
gene-LOC120033263	LOC120033263	gap junction alpha-3 protein-like	1	Y	2
gene-LOC120033299	LOC120033299	GTP-binding protein Di-Ras1-like	1	Y	5
gene-LOC120033308	LOC120033308	polypyrimidine tract-binding protein 1-like	1	Y	5
gene-LOC120033335	LOC120033335	long-chain specific acyl-CoA dehydrogenase, mitochondrial-like	1	Y	7
gene-LOC120033336	LOC120033336	gastrula zinc finger protein XlCGF17.1-like	1	Y	5
gene-LOC120033341	LOC120033341	uncharacterized LOC120033341	1	Y	0
gene-LOC120033345	LOC120033345	vang-like protein 1	1	Y	2
gene-LOC120033406	LOC120033406	zinc finger protein 658B-like	1	Y	5
gene-LOC120033412	LOC120033412	histone deacetylase complex subunit SAP18-like	1	Y	4
gene-LOC120033414	LOC120033414	helix-loop-helix protein 2-like	1	Y	4
gene-LOC120033435	LOC120033435	receptor expression-enhancing protein 6-like	1	Y	0
gene-LOC120033438	LOC120033438	C-X-C chemokine receptor type 1-like	1	Y	5
gene-LOC120033471	LOC120033471	zinc finger protein 135-like	1	Y	4
gene-LOC120033486	LOC120033486	zinc finger protein 658B-like	1	Y	5
gene-LOC120033521	LOC120033521	mitogen-activated protein kinase kinase kinase kinase 4-like	1	Y	3
gene-LOC120033539	LOC120033539	LON peptidase N-terminal domain and RING finger protein 2-like	1	Y	1
gene-LOC120033621_1			1		0
gene-LOC120033625	LOC120033625	gamma-aminobutyric acid receptor subunit beta-3-like	1	Y	12
gene-LOC120033638	LOC120033638	zinc finger protein 585A-like	1	Y	3
gene-LOC120033645	LOC120033645	zinc finger protein OZF-like	1	Y	3
gene-LOC120033646_1			1		0
gene-LOC120033647_1			1		0
gene-LOC120033662	LOC120033662	uncharacterized LOC120033662	1	Y	0
gene-LOC120033735	LOC120033735	SLAIN motif-containing protein 1-like	1	Y	4
gene-LOC120033736	LOC120033736	calsequestrin-2-like	1	Y	3
gene-LOC120033737	LOC120033737	gap junction beta-2 protein-like	1	Y	2
gene-LOC120033746	LOC120033746	uncharacterized LOC120033746	1	Y	0
gene-LOC120033747	LOC120033747	uncharacterized LOC120033747	1	Y	0
gene-LOC120033753_1			1		0
gene-LOC120033770	LOC120033770	zinc finger and SCAN domain-containing protein 12-like	1	Y	1
gene-LOC120033771_1			1		0
gene-LOC120033772	LOC120033772	zinc finger and SCAN domain-containing protein 12-like	1	Y	1
gene-LOC120033773	LOC120033773	zinc finger protein 239-like	1	Y	5
gene-LOC120033776	LOC120033776	zinc finger and SCAN domain-containing protein 21-like	1	Y	1
gene-LOC120033779_1			1		0
gene-LOC120033798_2			1		0
gene-LOC120033892	LOC120033892	G-protein coupled estrogen receptor 1-like	1	Y	5
gene-LOC120033896	LOC120033896	small G protein signaling modulator 3-like	1	Y	1
gene-LOC120033907	LOC120033907	axin-1-like	1	Y	1
gene-LOC120033924	LOC120033924	protein phosphatase 1 regulatory subunit 1B-like	1	Y	3
gene-LOC120033928	LOC120033928	ATP-citrate synthase	1	Y	6
gene-LOC120033937	LOC120033937	kelch-like protein 11	1	Y	1
gene-LOC120033963	LOC120033963	SH3 and cysteine-rich domain-containing protein 2-like	1	Y	5
gene-LOC120033964	LOC120033964	P43 5S RNA-binding protein-like	1	Y	1
gene-LOC120033982	LOC120033982	homeobox protein unc-4 homolog	1	Y	3
gene-LOC120033983	LOC120033983	galanin receptor 2b	1	Y	3
gene-LOC120033984	LOC120033984	BAI1-associated protein 3-like	1	Y	0
gene-LOC120033985	LOC120033985	myoferlin-like	1	Y	3
gene-LOC120034030	LOC120034030	protein phosphatase 1 regulatory subunit 29-like	1	Y	2
gene-LOC120034033	LOC120034033	protein shisa-9B-like	1	Y	6
gene-LOC120034039	LOC120034039	band 3 anion exchange protein	1	Y	9
gene-LOC120034040	LOC120034040	hemoglobin embryonic subunit alpha-like	1	Y	11
gene-LOC120034041	LOC120034041	hemoglobin subunit beta	1	Y	11
gene-LOC120034042	LOC120034042	hemoglobin subunit alpha-2-like	1	Y	12
gene-LOC120034062	LOC120034062	putative E3 ubiquitin-protein ligase UNKL	1	Y	1
gene-LOC120034064	LOC120034064	peptidyl-prolyl cis-trans isomerase FKBP10-like	1	Y	2
gene-LOC120034065	LOC120034065	recQ-mediated genome instability protein 2-like	1	Y	6
gene-LOC120034066	LOC120034066	stannin-like	1	Y	1
gene-LOC120034074	LOC120034074	nucleolar transcription factor 1-like	1	Y	0
gene-LOC120034075	LOC120034075	AN1-type zinc finger protein 2B-like	1	Y	5
gene-LOC120034086	LOC120034086	endoplasmic reticulum protein SC65-like	1	Y	5
gene-LOC120034091	LOC120034091	kelch-like protein 10	1	Y	1
gene-LOC120034093	LOC120034093	ubiquitin domain-containing protein UBFD1-like	1	Y	2
gene-LOC120034094	LOC120034094	UNC93-like protein MFSD11	1	Y	0
gene-LOC120034095	LOC120034095	probable G-protein coupled receptor 146	1	Y	3
gene-LOC120034098	LOC120034098	probable E3 ubiquitin-protein ligase MGRN1	1	Y	9
gene-LOC120034099	LOC120034099	cytosolic 5'-nucleotidase 3-like	1	Y	3
gene-LOC120034119	LOC120034119	tubulin beta chain	1	Y	7
gene-LOC120034120	LOC120034120	insulin-like growth factor-binding protein complex acid labile subunit	1	Y	2
gene-LOC120034130	LOC120034130	hemoglobin subunit alpha-like	1	Y	11
gene-LOC120034143	LOC120034143	hemoglobin subunit alpha-like	1	Y	11
gene-LOC120034162_1			1		0
gene-LOC120034167	LOC120034167	homologous recombination OB-fold protein-like	1	Y	1
gene-LOC120034187	LOC120034187	cell death-inducing p53-target protein 1-like	1	Y	3
gene-LOC120034189	LOC120034189	uncharacterized LOC120034189	1	Y	1
gene-LOC120034190	LOC120034190	U11/U12 small nuclear ribonucleoprotein 25 kDa protein-like	1	Y	3
gene-LOC120034191	LOC120034191	UBA-like domain-containing protein 1	1	Y	1
gene-LOC120034192	LOC120034192	DNA-directed RNA polymerase III subunit RPC10	1	Y	6
gene-LOC120034207	LOC120034207	hemoglobin subunit beta-like	1	Y	11
gene-LOC120034211	LOC120034211	hemoglobin subunit beta-like	1	Y	11
gene-LOC120034230	LOC120034230	uncharacterized LOC120034230	1	Y	5
gene-LOC120034240	LOC120034240	zinc finger CCCH domain-containing protein 7A-like	1	Y	4
gene-LOC120034244	LOC120034244	guanine nucleotide-binding protein G(I)/G(S)/G(O) subunit gamma-5-like	1	Y	3
gene-LOC120034256	LOC120034256	hemoglobin subunit beta-4-like	1	Y	11
gene-LOC120034257	LOC120034257	hemoglobin subunit beta-1-like	1	Y	11
gene-LOC120034258	LOC120034258	hemoglobin subunit alpha-4	1	Y	12
gene-LOC120034259	LOC120034259	hemoglobin subunit alpha-4-like	1	Y	12
gene-LOC120034260	LOC120034260	hemoglobin subunit alpha-like	1	Y	11
gene-LOC120034271	LOC120034271	voltage-dependent P/Q-type calcium channel subunit alpha-1A-like	1	Y	6
gene-LOC120034275	LOC120034275	prostaglandin E2 receptor EP1 subtype-like	1	Y	6
gene-LOC120034277	LOC120034277	zinc-binding protein A33-like	1	Y	2
gene-LOC120034278_1			1		0
gene-LOC120034286	LOC120034286	ankyrin repeat and SOCS box protein 16-like	1	Y	4
gene-LOC120034315	LOC120034315	uncharacterized LOC120034315	1	Y	0
gene-LOC120034316	LOC120034316	GATOR complex protein NPRL3-like	1	Y	5
gene-LOC120034347	LOC120034347	nucleus accumbens-associated protein 1-like	1	Y	4
gene-LOC120034351	LOC120034351	voltage-dependent L-type calcium channel subunit beta-1-like	1	Y	7
gene-LOC120034357	LOC120034357	BTB/POZ domain-containing protein KCTD5-like	1	Y	5
gene-LOC120034368	LOC120034368	hemoglobin subunit beta-4-like	1	Y	11
gene-LOC120034378	LOC120034378	gap junction gamma-1 protein-like	1	Y	2
gene-LOC120034380	LOC120034380	BAI1-associated protein 3-like	1	Y	0
gene-LOC120034390	LOC120034390	hemoglobin subunit alpha-4-like	1	Y	12
gene-LOC120034392	LOC120034392	myocardin-related transcription factor B-like	1	Y	1
gene-LOC120034415	LOC120034415	inactive rhomboid protein 1-like	1	Y	4
gene-LOC120034422	LOC120034422	forkhead box protein J1-B-like	1	Y	3
gene-LOC120034426	LOC120034426	gamma-crystallin M3-like	1	Y	3
gene-LOC120034437	LOC120034437	SUMO-conjugating enzyme UBC9-B	1	Y	3
gene-LOC120034438	LOC120034438	60S ribosomal protein L19-like	1	Y	5
gene-LOC120034442	LOC120034442	3-phosphoinositide-dependent protein kinase 1-like	1	Y	4
gene-LOC120034450	LOC120034450	beta-galactoside-binding lectin-like	1	Y	5
gene-LOC120034461	LOC120034461	serotonin N-acetyltransferase-like	1	Y	4
gene-LOC120034464	LOC120034464	hemoglobin subunit beta-1-like	1	Y	11
gene-LOC120034476	LOC120034476	ataxin-7-like protein 3	1	Y	6
gene-LOC120034477	LOC120034477	transmembrane and ubiquitin-like domain-containing protein 1	1	Y	2
gene-LOC120034506	LOC120034506	dedicator of cytokinesis protein 7-like	1	Y	4
gene-LOC120034529	LOC120034529	adhesion G protein-coupled receptor E1-like	1	Y	3
gene-LOC120034530	LOC120034530	pyridoxal-dependent decarboxylase domain-containing protein 1-like	1	Y	4
gene-LOC120034531	LOC120034531	long-chain fatty acid transport protein 1-like	1	Y	19
gene-LOC120034532	LOC120034532	eukaryotic peptide chain release factor GTP-binding subunit ERF3A-like	1	Y	5
gene-LOC120034533	LOC120034533	calcium-binding mitochondrial carrier protein SCaMC-3-like	1	Y	3
gene-LOC120034534	LOC120034534	transmembrane protein 238-like	1	Y	0
gene-LOC120034541	LOC120034541	histone-arginine methyltransferase CARM1	1	Y	2
gene-LOC120034542	LOC120034542	protein YIPF1-like	1	Y	4
gene-LOC120034543	LOC120034543	mitochondrial import inner membrane translocase subunit Tim29-like	1	Y	2
gene-LOC120034548_1			1		0
gene-LOC120034560	LOC120034560	heparan sulfate glucosamine 3-O-sulfotransferase 4-like	1	Y	1
gene-LOC120034563	LOC120034563	hemoglobin subunit beta-1-like	1	Y	11
gene-LOC120034564	LOC120034564	hemoglobin subunit beta-4	1	Y	11
gene-LOC120034565	LOC120034565	hemoglobin subunit alpha-like	1	Y	12
gene-LOC120034575_1			1		0
gene-LOC120034576	LOC120034576	ras-related protein Rab-26-like	1	Y	4
gene-LOC120034600	LOC120034600	KN motif and ankyrin repeat domain-containing protein 2-like	1	Y	8
gene-LOC120034619	LOC120034619	small nucleolar RNA SNORD53/SNORD92	1	Y	0
gene-LOC120034620	LOC120034620	small nucleolar RNA SNORD53/SNORD92	1	Y	0
gene-LOC120034662	LOC120034662	bifunctional 3'-phosphoadenosine 5'-phosphosulfate synthase 1	1	Y	5
gene-LOC120034689_1			1		0
gene-LOC120034690_1			1		0
gene-LOC120034746	LOC120034746	probable E3 ubiquitin-protein ligase HERC3	1	Y	3
gene-LOC120034761	LOC120034761	TBC domain-containing protein kinase-like protein	1	Y	3
gene-LOC120034785	LOC120034785	probable E3 ubiquitin-protein ligase HERC6	1	Y	1
gene-LOC120034786	LOC120034786	probable E3 ubiquitin-protein ligase HERC3	1	Y	3
gene-LOC120034787	LOC120034787	probable E3 ubiquitin-protein ligase HERC6	1	Y	0
gene-LOC120034803	LOC120034803	heat shock protein Hsp-16.1/Hsp-16.11-like	1	Y	3
gene-LOC120034901_1			1		0
gene-LOC120034910	LOC120034910	aminoacyl tRNA synthase complex-interacting multifunctional protein 1-like	1	Y	1
gene-LOC120034927	LOC120034927	protein phosphatase 1K, mitochondrial-like	1	Y	3
gene-LOC120034941	LOC120034941	hedgehog-interacting protein-like	1	Y	0
gene-LOC120034958_1			1		0
gene-LOC120034978	LOC120034978	deoxycytidylate deaminase-like	1	Y	5
gene-LOC120034988_4			1		0
gene-LOC120034988_5			1		0
gene-LOC120034988_6			1		0
gene-LOC120034990	LOC120034990	probable E3 ubiquitin-protein ligase HERC3	1	Y	4
gene-LOC120035019_5			1		0
gene-LOC120035028	LOC120035028	polycystin-2-like	1	Y	10
gene-LOC120035040	LOC120035040	hydroperoxide isomerase ALOXE3-like	1	Y	5
gene-LOC120035113	LOC120035113	fibrinogen-like protein 1	1	Y	4
gene-LOC120035155	LOC120035155	broad substrate specificity ATP-binding cassette transporter ABCG2-like	1	Y	4
gene-LOC120035180	LOC120035180	hydroperoxide isomerase ALOXE3-like	1	Y	5
gene-LOC120035184	LOC120035184	dickkopf-related protein 2-like	1	Y	6
gene-LOC120035205_2			1		0
gene-LOC120035205_3			1		0
gene-LOC120035205_4			1		0
gene-LOC120035205_5			1		0
gene-LOC120035205_6			1		0
gene-LOC120035205_7			1		0
gene-LOC120035231_28			1		0
gene-LOC120035231_29			1		0
gene-LOC120035231_30			1		0
gene-LOC120035231_31			1		0
gene-LOC120035231_32			1		0
gene-LOC120035231_33			1		0
gene-LOC120035231_34			1		0
gene-LOC120035231_35			1		0
gene-LOC120035231_36			1		0
gene-LOC120035231_37			1		0
gene-LOC120035231_38			1		0
gene-LOC120035243	LOC120035243	zinc finger protein 135-like	1	Y	4
gene-LOC120035244	LOC120035244	zinc finger protein 2 homolog	1	Y	3
gene-LOC120035245	LOC120035245	zinc finger protein 271-like	1	Y	5
gene-LOC120035252	LOC120035252	uncharacterized LOC120035252	1	Y	0
gene-LOC120035259_1			1		0
gene-LOC120035262	LOC120035262	zinc finger protein 883-like	1	Y	4
gene-LOC120035264	LOC120035264	vascular cell adhesion protein 1-like	1	Y	2
gene-LOC120035269_1			1		0
gene-LOC120035269_2			1		0
gene-LOC120035270_1			1		0
gene-LOC120035283	LOC120035283	uncharacterized LOC120035283	1	Y	0
gene-LOC120035284_1			1		0
gene-LOC120035284_2			1		0
gene-LOC120035284_3			1		0
gene-LOC120035284_4			1		0
gene-LOC120035301	LOC120035301	serine protease 23-like	1	Y	3
gene-LOC120035303	LOC120035303	transmembrane protein 39A-like	1	Y	3
gene-LOC120035305	LOC120035305	glutamic acid-rich protein-like	1	Y	0
gene-LOC120035316	LOC120035316	glucoside xylosyltransferase 1-like	1	Y	2
gene-LOC120035319_1			1		0
gene-LOC120035322	LOC120035322	olfactory receptor 4S1-like	1	Y	4
gene-LOC120035324_1			1		0
gene-LOC120035363	LOC120035363	meteorin-like protein	1	Y	2
gene-LOC120035364	LOC120035364	aquaporin-8-like	1	Y	4
gene-LOC120035388_1			1		0
gene-LOC120035392_1			1		0
gene-LOC120035397	LOC120035397	U6 spliceosomal RNA	1	Y	0
gene-LOC120035405	LOC120035405	U6 spliceosomal RNA	1	Y	0
gene-LOC120035411	LOC120035411	U6 spliceosomal RNA	1	Y	0
gene-LOC120035412	LOC120035412	U6 spliceosomal RNA	1	Y	0
gene-LOC120035414	LOC120035414	U6 spliceosomal RNA	1	Y	0
gene-LOC120035417	LOC120035417	U6 spliceosomal RNA	1	Y	0
gene-LOC120035424	LOC120035424	5S ribosomal RNA	1	Y	0
gene-LOC120035560	LOC120035560	5S ribosomal RNA	1	Y	0
gene-LOC120035564	LOC120035564	5S ribosomal RNA	1	Y	0
gene-LOC120035567	LOC120035567	5S ribosomal RNA	1	Y	0
gene-LOC120035574_1			1		0
gene-LOC120035574_2			1		0
gene-LOC120035574_3			1		0
gene-LOC120035574_4			1		0
gene-LOC120035574_5			1		0
gene-LOC120035575_1			1		0
gene-LOC120035576_1			1		0
gene-LOC120035576_2			1		0
gene-LOC120035591_7			1		0
gene-LOC120035591_8			1		0
gene-LOC120035591_9			1		0
gene-LOC120035592_2			1		0
gene-LOC120035592_3			1		0
gene-LOC120035592_4			1		0
gene-LOC120035592_5			1		0
gene-LOC120035592_6			1		0
gene-LOC120035592_7			1		0
gene-LOC120035594_1			1		0
gene-LOC120035594_2			1		0
gene-LOC120035594_3			1		0
gene-LOC120035594_4			1		0
gene-LOC120035595_1			1		0
gene-LOC120035595_2			1		0
gene-LOC120035602	LOC120035602	cytochrome P450 27C1	1	Y	10
gene-LOC120035622	LOC120035622	U6 spliceosomal RNA	1	Y	0
gene-LOC120035623	LOC120035623	U6 spliceosomal RNA	1	Y	0
gene-LOC120035625	LOC120035625	U6 spliceosomal RNA	1	Y	0
gene-LOC120035630	LOC120035630	U6 spliceosomal RNA	1	Y	0
gene-LOC120035632	LOC120035632	U6 spliceosomal RNA	1	Y	0
gene-LOC120035637	LOC120035637	U6 spliceosomal RNA	1	Y	0
gene-LOC120035645	LOC120035645	18S ribosomal RNA	1	Y	0
gene-LOC120035658	LOC120035658	xylosyltransferase 1-like	1	Y	4
gene-LOC120035676	LOC120035676	growth hormone-inducible transmembrane protein-like	1	Y	1
gene-LOC120035698_1			1		0
gene-LOC120035716	LOC120035716	tripartite motif-containing protein 16-like	1	Y	2
gene-LOC120035718	LOC120035718	DNA damage-binding protein 2-like	1	Y	6
gene-LOC120035734	LOC120035734	uncharacterized LOC120035734	1	Y	0
gene-LOC120035775	LOC120035775	U5 spliceosomal RNA	1	Y	0
gene-LOC120035845	LOC120035845	maestro heat-like repeat-containing protein family member 1	1	Y	1
gene-LOC120035866_15			1		0
gene-LOC120035866_16			1		0
gene-LOC120035876	LOC120035876	aerolysin-like protein	1	Y	0
gene-LOC120035934	LOC120035934	E3 ubiquitin-protein ligase HECW2-like	1	Y	5
gene-LOC120035935	LOC120035935	dystrophin-like	1	Y	2
gene-LOC120035949	LOC120035949	polysialoglycoprotein-like	1	Y	2
gene-LOC120035950	LOC120035950	uncharacterized LOC120035950	1	Y	0
gene-LOC120035951	LOC120035951	uncharacterized LOC120035951	1	Y	0
gene-LOC120035959	LOC120035959	zinc finger protein 883-like	1	Y	3
gene-LOC120035969	LOC120035969	uncharacterized LOC120035969	1	Y	0
gene-LOC120036000	LOC120036000	5S ribosomal RNA	1	Y	0
gene-LOC120036003	LOC120036003	equistatin-like	1	Y	3
gene-LOC120036044	LOC120036044	18S ribosomal RNA	1	Y	0
gene-LOC120036053	LOC120036053	uncharacterized LOC120036053	1	Y	7
gene-LOC120036098	LOC120036098	nuclear receptor subfamily 4 group A member 2-like	1	Y	8
gene-LOC120036129	LOC120036129	microfibril-associated glycoprotein 4-like	1	Y	3
gene-LOC120036130	LOC120036130	uncharacterized LOC120036130	1	Y	0
gene-LOC120036149	LOC120036149	60S acidic ribosomal protein P2-like	1	Y	5
gene-LOC120036150	LOC120036150	ferritin, heavy subunit	1	Y	6
gene-LOC120036151	LOC120036151	protein lin-7 homolog C	1	Y	8
gene-LOC120036152	LOC120036152	leucine-rich repeat-containing G-protein coupled receptor 4-like	1	Y	2
gene-LOC120036153	LOC120036153	kinesin-like protein KIF18A	1	Y	5
gene-LOC120036154	LOC120036154	brain-derived neurotrophic factor-like	1	Y	11
gene-LOC120036167	LOC120036167	uncharacterized LOC120036167	1	Y	0
gene-LOC120036171	LOC120036171	mitogen-activated protein kinase 6-like	1	Y	7
gene-LOC120036183	LOC120036183	luc7-like protein 3	1	Y	4
gene-LOC120036184	LOC120036184	ankyrin repeat domain-containing protein 40-like	1	Y	1
gene-LOC120036192	LOC120036192	pyruvate kinase PKM-like	1	Y	5
gene-LOC120036222	LOC120036222	F-box only protein 10	1	Y	3
gene-LOC120036232	LOC120036232	exocyst complex component 6	1	Y	6
gene-LOC120036252	LOC120036252	gastrula zinc finger protein XlCGF17.1-like	1	Y	4
gene-LOC120036255	LOC120036255	zinc finger and SCAN domain-containing protein 31-like	1	Y	3
gene-LOC120036265_1			1		0
gene-LOC120036279	LOC120036279	40S ribosomal protein S15a	1	Y	4
gene-LOC120036303_1			1		0
gene-LOC120036329	LOC120036329	uncharacterized LOC120036329	1	Y	1
gene-LOC120036330	LOC120036330	cytokine receptor-like factor 3	1	Y	1
gene-LOC120036341	LOC120036341	mpv17-like protein	1	Y	2
gene-LOC120036342	LOC120036342	uncharacterized LOC120036342	1	Y	0
gene-LOC120036343	LOC120036343	nuclear distribution protein nudE homolog 1-like	1	Y	12
gene-LOC120036393	LOC120036393	5S ribosomal RNA	1	Y	0
gene-LOC120036394	LOC120036394	5S ribosomal RNA	1	Y	0
gene-LOC120036395	LOC120036395	5S ribosomal RNA	1	Y	0
gene-LOC120036396	LOC120036396	5S ribosomal RNA	1	Y	0
gene-LOC120036400_1			1		0
gene-LOC120036402_1			1		0
gene-LOC120036402_2			1		0
gene-LOC120036419	LOC120036419	5S ribosomal RNA	1	Y	0
gene-LOC120036430_1			1		0
gene-LOC120036492	LOC120036492	uncharacterized LOC120036492	1	Y	0
gene-LOC120036498	LOC120036498	histone deacetylase 5-like	1	Y	4
gene-LOC120036502	LOC120036502	equistatin-like	1	Y	3
gene-LOC120036510	LOC120036510	rhotekin-like	1	Y	5
gene-LOC120036519	LOC120036519	uncharacterized LOC120036519	1	Y	0
gene-LOC120036524_1			1		0
gene-LOC120036574_1			1		0
gene-LOC120036615	LOC120036615	CMRF35-like molecule 1	1	Y	0
gene-LOC120036664	LOC120036664	endonuclease domain-containing 1 protein-like	1	Y	3
gene-LOC120036666	LOC120036666	voltage-dependent P/Q-type calcium channel subunit alpha-1A-like	1	Y	6
gene-LOC120036679	LOC120036679	uncharacterized LOC120036679	1	Y	0
gene-LOC120036681	LOC120036681	OCIA domain-containing protein 1-like	1	Y	1
gene-LOC120036682	LOC120036682	cysteine-rich hydrophobic domain-containing protein 2	1	Y	0
gene-LOC120036691	LOC120036691	NLR family CARD domain-containing protein 3-like	1	Y	0
gene-LOC120036703_5			1		0
gene-LOC120036703_6			1		0
gene-LOC120036703_7			1		0
gene-LOC120036713_1			1		0
gene-LOC120036713_2			1		0
gene-LOC120036713_3			1		0
gene-LOC120036713_4			1		0
gene-LOC120036713_5			1		0
gene-LOC120036713_6			1		0
gene-LOC120036714_1			1		0
gene-LOC120036721	LOC120036721	murinoglobulin-2-like	1	Y	1
gene-LOC120036723	LOC120036723	uncharacterized LOC120036723	1	Y	0
gene-LOC120036725	LOC120036725	pregnancy zone protein-like	1	Y	1
gene-LOC120036730	LOC120036730	trichohyalin-like	1	Y	0
gene-LOC120036761_5			1		0
gene-LOC120036761_6			1		0
gene-LOC120036770	LOC120036770	immunoglobulin lambda-like polypeptide 1	1	Y	6
gene-LOC120036773	LOC120036773	immunoglobulin kappa light chain-like	1	Y	0
gene-LOC120036774_3			1		0
gene-LOC120036775	LOC120036775	polysialoglycoprotein-like	1	Y	2
gene-LOC120036776	LOC120036776	polysialoglycoprotein-like	1	Y	0
gene-LOC120036783_1			1		0
gene-LOC120036783_2			1		0
gene-LOC120036783_3			1		0
gene-LOC120036786_1			1		0
gene-LOC120036786_2			1		0
gene-LOC120036786_3			1		0
gene-LOC120036786_4			1		0
gene-LOC120036786_5			1		0
gene-LOC120036786_6			1		0
gene-LOC120036786_7			1		0
gene-LOC120036786_8			1		0
gene-LOC120036786_9			1		0
gene-LOC120036789_3			1		0
gene-LOC120036789_4			1		0
gene-LOC120036789_5			1		0
gene-LOC120036790_1			1		0
gene-LOC120036790_2			1		0
gene-LOC120036791_1			1		0
gene-LOC120036791_2			1		0
gene-LOC120036791_3			1		0
gene-LOC120036791_4			1		0
gene-LOC120036799_1			1		0
gene-LOC120036800_1			1		0
gene-LOC120036801_1			1		0
gene-LOC120036802	LOC120036802	5S ribosomal RNA	1	Y	0
gene-LOC120036804	LOC120036804	5S ribosomal RNA	1	Y	0
gene-LOC120036811_2			1		0
gene-LOC120036811_3			1		0
gene-LOC120036811_4			1		0
gene-LOC120036820	LOC120036820	U1 spliceosomal RNA	1	Y	0
gene-LOC120036824	LOC120036824	U1 spliceosomal RNA	1	Y	0
gene-LOC120036829	LOC120036829	U1 spliceosomal RNA	1	Y	0
gene-LOC120036831	LOC120036831	5S ribosomal RNA	1	Y	0
gene-LOC120036840	LOC120036840	ras-related protein Rab-21	1	Y	3
gene-LOC120036844	LOC120036844	TBC1 domain family member 15-like	1	Y	2
gene-LOC120036859_1			1		0
gene-LOC120036866	LOC120036866	trans-1,2-dihydrobenzene-1,2-diol dehydrogenase-like	1	Y	1
gene-LOC120036900	LOC120036900	pirin-like	1	Y	3
gene-LOC120036901	LOC120036901	uncharacterized LOC120036901	1	Y	0
gene-LOC120036909	LOC120036909	extensin-2-like	1	Y	0
gene-LOC120036917	LOC120036917	uncharacterized LOC120036917	1	Y	5
gene-LOC120036924	LOC120036924	immunoglobulin lambda-like polypeptide 1	1	Y	6
gene-LOC120036934	LOC120036934	5S ribosomal RNA	1	Y	0
gene-LOC120036948_21			1		0
gene-LOC120036948_22			1		0
gene-LOC120036955	LOC120036955	5S ribosomal RNA	1	Y	0
gene-LOC120036978_25			1		0
gene-LOC120036978_26			1		0
gene-LOC120036978_27			1		0
gene-LOC120036978_28			1		0
gene-LOC120036978_29			1		0
gene-LOC120036978_30			1		0
gene-LOC120036978_31			1		0
gene-LOC120036978_32			1		0
gene-LOC120036978_33			1		0
gene-LOC120036978_34			1		0
gene-LOC120036978_35			1		0
gene-LOC120036978_36			1		0
gene-LOC120036978_37			1		0
gene-LOC120036978_38			1		0
gene-LOC120036978_39			1		0
gene-LOC120036991_10			1		0
gene-LOC120036991_5			1		0
gene-LOC120036991_6			1		0
gene-LOC120036991_7			1		0
gene-LOC120036991_8			1		0
gene-LOC120036991_9			1		0
gene-LOC120036997	LOC120036997	nuclear fragile X mental retardation-interacting protein 1-like	1	Y	3
gene-LOC120037025	LOC120037025	uncharacterized LOC120037025	1	Y	0
gene-LOC120037026	LOC120037026	uncharacterized LOC120037026	1	Y	0
gene-LOC120037028	LOC120037028	uncharacterized LOC120037028	1	Y	0
gene-LOC120037031_1			1		0
gene-LOC120037032_1			1		0
gene-LOC120037054_10			1		0
gene-LOC120037054_11			1		0
gene-LOC120037054_12			1		0
gene-LOC120037054_6			1		0
gene-LOC120037054_7			1		0
gene-LOC120037054_8			1		0
gene-LOC120037054_9			1		0
gene-LOC120037092_6			1		0
gene-LOC120037103	LOC120037103	uncharacterized LOC120037103	1	Y	0
gene-LOC120037120	LOC120037120	ubiquitin thioesterase ZRANB1-like	1	Y	10
gene-LOC120037165	LOC120037165	thymidine phosphorylase-like	1	Y	5
gene-LOC120037169_1			1		0
gene-LOC120037202_1			1		0
gene-LOC120037229	LOC120037229	galanin receptor type 1-like	1	Y	3
gene-LOC120037262	LOC120037262	uromodulin-like	1	Y	0
gene-LOC120037273	LOC120037273	iroquois-class homeodomain protein irx-2-like	1	Y	6
gene-LOC120037283	LOC120037283	retinitis pigmentosa 1-like 1 protein	1	Y	0
gene-LOC120037301_1			1		0
gene-LOC120037323_16			1		0
gene-LOC120037323_17			1		0
gene-LOC120037323_18			1		0
gene-LOC120037336	LOC120037336	myosin-4-like	1	Y	9
gene-LOC120037346	LOC120037346	high affinity choline transporter 1-like	1	Y	5
gene-LOC120037456_4			1		0
gene-LOC120037498	LOC120037498	H-2 class II histocompatibility antigen, E-S beta chain-like	1	Y	8
gene-LOC120037503	LOC120037503	probable methyltransferase TARBP1	1	Y	3
gene-LOC120037504	LOC120037504	FERM domain-containing protein 6-like	1	Y	3
gene-LOC120037590	LOC120037590	ORC ubiquitin ligase 1-like	1	Y	3
gene-LOC120037601	LOC120037601	trichohyalin-like	1	Y	1
gene-LOC120037603	LOC120037603	C-X-C motif chemokine 13-like	2	Y	9
gene-LOC120037603_1			1		0
gene-LOC120037627	LOC120037627	calmegin-like	1	Y	6
gene-LOC120037641_10			1		0
gene-LOC120037641_5			1		0
gene-LOC120037641_6			1		0
gene-LOC120037641_7			1		0
gene-LOC120037641_8			1		0
gene-LOC120037641_9			1		0
gene-LOC120037643_1			1		0
gene-LOC120037644_20			1		0
gene-LOC120037644_21			1		0
gene-LOC120037644_22			1		0
gene-LOC120037644_23			1		0
gene-LOC120037644_24			1		0
gene-LOC120037644_25			1		0
gene-LOC120037644_26			1		0
gene-LOC120037644_27			1		0
gene-LOC120037644_28			1		0
gene-LOC120037644_29			1		0
gene-LOC120037644_30			1		0
gene-LOC120037658	LOC120037658	tyrosine-protein phosphatase non-receptor type 23-like	1	Y	0
gene-LOC120037661	LOC120037661	receptor-type tyrosine-protein phosphatase delta-like	1	Y	3
gene-LOC120037680	LOC120037680	5S ribosomal RNA	1	Y	0
gene-LOC120037696	LOC120037696	5S ribosomal RNA	1	Y	0
gene-LOC120037722	LOC120037722	lipopolysaccharide-induced tumor necrosis factor-alpha factor homolog	1	Y	1
gene-LOC120037733	LOC120037733	5S ribosomal RNA	1	Y	0
gene-LOC120037736	LOC120037736	5S ribosomal RNA	1	Y	0
gene-LOC120037744_1			1		0
gene-LOC120037744_10			1		0
gene-LOC120037744_11			1		0
gene-LOC120037744_12			1		0
gene-LOC120037744_13			1		0
gene-LOC120037744_14			1		0
gene-LOC120037744_2			1		0
gene-LOC120037744_3			1		0
gene-LOC120037744_4			1		0
gene-LOC120037744_5			1		0
gene-LOC120037744_6			1		0
gene-LOC120037744_7			1		0
gene-LOC120037744_8			1		0
gene-LOC120037744_9			1		0
gene-LOC120037751	LOC120037751	5S ribosomal RNA	1	Y	0
gene-LOC120037755	LOC120037755	5S ribosomal RNA	1	Y	0
gene-LOC120037762	LOC120037762	ubiquitin-associated domain-containing protein 2-like	1	Y	1
gene-LOC120037790	LOC120037790	NACHT, LRR and PYD domains-containing protein 1 homolog	1	Y	1
gene-LOC120037820	LOC120037820	paired box protein Pax-2-B-like	1	Y	4
gene-LOC120037834	LOC120037834	trichohyalin-like	1	Y	0
gene-LOC120037851	LOC120037851	18S ribosomal RNA	1	Y	0
gene-LOC120037871	LOC120037871	myosin heavy chain, fast skeletal muscle-like	1	Y	4
gene-LOC120037910	LOC120037910	26S proteasome non-ATPase regulatory subunit 13-like	1	Y	5
gene-LOC120037947	LOC120037947	5S ribosomal RNA	1	Y	0
gene-LOC120037955	LOC120037955	5S ribosomal RNA	1	Y	0
gene-LOC120038003	LOC120038003	saxiphilin-like	1	Y	1
gene-LOC120038021	LOC120038021	polysialoglycoprotein-like	1	Y	2
gene-LOC120038024	LOC120038024	polysialoglycoprotein-like	1	Y	2
gene-LOC120038029	LOC120038029	pleckstrin homology domain-containing family A member 8-like	1	Y	7
gene-LOC120038043_1			1		0
gene-LOC120038049	LOC120038049	uncharacterized LOC120038049	1	Y	0
gene-LOC120038050_1			1		0
gene-LOC120038056_1			1		0
gene-LOC120038056_2			1		0
gene-LOC120038069	LOC120038069	dexamethasone-induced Ras-related protein 1-like	1	Y	2
gene-LOC120038074	LOC120038074	5S ribosomal RNA	1	Y	0
gene-LOC120038076	LOC120038076	5S ribosomal RNA	1	Y	0
gene-LOC120038077	LOC120038077	5S ribosomal RNA	1	Y	0
gene-LOC120038079	LOC120038079	5S ribosomal RNA	1	Y	0
gene-LOC120038080	LOC120038080	5S ribosomal RNA	2	Y	0
gene-LOC120038080_1			1		0
gene-LOC120038081	LOC120038081	5S ribosomal RNA	1	Y	0
gene-LOC120038083	LOC120038083	5S ribosomal RNA	1	Y	0
gene-LOC120038084	LOC120038084	5S ribosomal RNA	1	Y	0
gene-LOC120038085	LOC120038085	5S ribosomal RNA	1	Y	0
gene-LOC120038097	LOC120038097	5S ribosomal RNA	1	Y	0
gene-LOC120038107	LOC120038107	5S ribosomal RNA	1	Y	0
gene-LOC120038108	LOC120038108	5S ribosomal RNA	1	Y	0
gene-LOC120038140	LOC120038140	5S ribosomal RNA	1	Y	0
gene-LOC120038141	LOC120038141	5S ribosomal RNA	1	Y	0
gene-LOC120038142	LOC120038142	5S ribosomal RNA	1	Y	0
gene-LOC120038143	LOC120038143	5S ribosomal RNA	1	Y	0
gene-LOC120038146	LOC120038146	5S ribosomal RNA	1	Y	0
gene-LOC120038151	LOC120038151	5S ribosomal RNA	1	Y	0
gene-LOC120038152	LOC120038152	5S ribosomal RNA	1	Y	0
gene-LOC120038153	LOC120038153	5S ribosomal RNA	1	Y	0
gene-LOC120038155	LOC120038155	U1 spliceosomal RNA	1	Y	0
gene-LOC120038169	LOC120038169	5S ribosomal RNA	1	Y	0
gene-LOC120038186_1			1		0
gene-LOC120038192	LOC120038192	lipopolysaccharide-induced tumor necrosis factor-alpha factor homolog	1	Y	1
gene-LOC120038225	LOC120038225	5S ribosomal RNA	1	Y	0
gene-LOC120038230	LOC120038230	5S ribosomal RNA	1	Y	0
gene-LOC120038236	LOC120038236	5S ribosomal RNA	1	Y	0
gene-LOC120038238	LOC120038238	5S ribosomal RNA	1	Y	0
gene-LOC120038263	LOC120038263	5S ribosomal RNA	1	Y	0
gene-LOC120038269	LOC120038269	ubiquitin-like modifier-activating enzyme 6	1	Y	3
gene-LOC120038282	LOC120038282	5S ribosomal RNA	1	Y	0
gene-LOC120038283	LOC120038283	5S ribosomal RNA	1	Y	0
gene-LOC120038285	LOC120038285	5S ribosomal RNA	1	Y	0
gene-LOC120038286	LOC120038286	5S ribosomal RNA	1	Y	0
gene-LOC120038287	LOC120038287	5S ribosomal RNA	1	Y	0
gene-LOC120038289	LOC120038289	5S ribosomal RNA	1	Y	0
gene-LOC120038291	LOC120038291	5S ribosomal RNA	1	Y	0
gene-LOC120038292_10			1		0
gene-LOC120038292_11			1		0
gene-LOC120038292_12			1		0
gene-LOC120038292_13			1		0
gene-LOC120038292_14			1		0
gene-LOC120038292_15			1		0
gene-LOC120038292_16			1		0
gene-LOC120038292_17			1		0
gene-LOC120038292_18			1		0
gene-LOC120038292_3			1		0
gene-LOC120038292_4			1		0
gene-LOC120038292_5			1		0
gene-LOC120038292_6			1		0
gene-LOC120038292_7			1		0
gene-LOC120038292_8			1		0
gene-LOC120038292_9			1		0
gene-LOC120038300	LOC120038300	5S ribosomal RNA	1	Y	0
gene-LOC120038316	LOC120038316	5S ribosomal RNA	1	Y	0
gene-LOC120038349	LOC120038349	variant surface antigen E-like	1	Y	0
gene-LOC120038357_1			1		0
gene-LOC120038357_10			1		0
gene-LOC120038357_11			1		0
gene-LOC120038357_12			1		0
gene-LOC120038357_13			1		0
gene-LOC120038357_14			1		0
gene-LOC120038357_15			1		0
gene-LOC120038357_16			1		0
gene-LOC120038357_17			1		0
gene-LOC120038357_18			1		0
gene-LOC120038357_19			1		0
gene-LOC120038357_2			1		0
gene-LOC120038357_20			1		0
gene-LOC120038357_21			1		0
gene-LOC120038357_22			1		0
gene-LOC120038357_23			1		0
gene-LOC120038357_24			1		0
gene-LOC120038357_25			1		0
gene-LOC120038357_26			1		0
gene-LOC120038357_27			1		0
gene-LOC120038357_28			1		0
gene-LOC120038357_29			1		0
gene-LOC120038357_3			1		0
gene-LOC120038357_4			1		0
gene-LOC120038357_5			1		0
gene-LOC120038357_6			1		0
gene-LOC120038357_7			1		0
gene-LOC120038357_8			1		0
gene-LOC120038357_9			1		0
gene-LOC120038363_1			1		0
gene-LOC120038363_2			1		0
gene-LOC120038363_3			1		0
gene-LOC120038363_4			1		0
gene-LOC120038364_1			1		0
gene-LOC120038364_2			1		0
gene-LOC120038364_3			1		0
gene-LOC120038374	LOC120038374	serine/threonine-protein kinase PAK 2-like	1	Y	1
gene-LOC120038387	LOC120038387	early growth response protein 2b-like	1	Y	3
gene-LOC120038426	LOC120038426	multidrug resistance-associated protein 1-like	1	Y	7
gene-LOC120038435	LOC120038435	5S ribosomal RNA	1	Y	0
gene-LOC120038436	LOC120038436	5S ribosomal RNA	1	Y	0
gene-LOC120038438	LOC120038438	5S ribosomal RNA	1	Y	0
gene-LOC120038439	LOC120038439	5S ribosomal RNA	1	Y	0
gene-LOC120038442	LOC120038442	5S ribosomal RNA	1	Y	0
gene-LOC120038445_1			1		0
gene-LOC120038467	LOC120038467	5S ribosomal RNA	1	Y	0
gene-LOC120038502	LOC120038502	disintegrin and metalloproteinase domain-containing protein 9-like	1	Y	1
gene-LOC120038511	LOC120038511	zinc finger protein Pegasus-like	1	Y	3
gene-LOC120038521_1			1		0
gene-LOC120038523	LOC120038523	perforin-1-like	1	Y	0
gene-LOC120038524	LOC120038524	cytosolic phospholipase A2-like	1	Y	0
gene-LOC120038525	LOC120038525	cytosolic phospholipase A2-like	1	Y	0
gene-LOC120038576	LOC120038576	ATP-dependent RNA helicase DDX39A-like	1	Y	5
gene-LOC120038582	LOC120038582	thioredoxin, mitochondrial-like	1	Y	3
gene-LOC120038592	LOC120038592	involucrin-like	1	Y	0
gene-LOC120038593	LOC120038593	myosin-9-like	1	Y	4
gene-LOC120038597	LOC120038597	5S ribosomal RNA	1	Y	0
gene-LOC120038599	LOC120038599	5S ribosomal RNA	1	Y	0
gene-LOC120038603	LOC120038603	5S ribosomal RNA	1	Y	0
gene-LOC120038604	LOC120038604	5S ribosomal RNA	1	Y	0
gene-LOC120038605	LOC120038605	5S ribosomal RNA	1	Y	0
gene-LOC120038619	LOC120038619	mitochondrial glycine transporter B-like	1	Y	4
gene-LOC120038628	LOC120038628	5S ribosomal RNA	1	Y	0
gene-LOC120038648	LOC120038648	major histocompatibility complex class I-related gene protein-like	1	Y	3
gene-LOC120038656	LOC120038656	ubinuclein-2-like	1	Y	1
gene-LOC120038658	LOC120038658	CMRF35-like molecule 5	1	Y	0
gene-LOC120038680	LOC120038680	isthmin-1-like	1	Y	1
gene-LOC120038688	LOC120038688	telomerase RNA component interacting RNase-like	1	Y	2
gene-LOC120038696	LOC120038696	F-box/LRR-repeat protein 16	1	Y	3
gene-LOC120038700	LOC120038700	protein Hook homolog 2-like	1	Y	6
gene-LOC120038739	LOC120038739	cysteine protease ATG4D-like	1	Y	1
gene-LOC120038741	LOC120038741	5.8S ribosomal RNA	1	Y	0
gene-LOC120038744	LOC120038744	myosin heavy chain, fast skeletal muscle-like	1	Y	4
gene-LOC120038749	LOC120038749	transcription activator BRG1	1	Y	7
gene-LOC120038782	LOC120038782	5S ribosomal RNA	1	Y	0
gene-LOC120038786	LOC120038786	5S ribosomal RNA	1	Y	0
gene-LOC120038813	LOC120038813	5S ribosomal RNA	1	Y	0
gene-LOC120038814	LOC120038814	5S ribosomal RNA	1	Y	0
gene-LOC120038816	LOC120038816	5S ribosomal RNA	1	Y	0
gene-LOC120038817	LOC120038817	5S ribosomal RNA	1	Y	0
gene-LOC120038818	LOC120038818	5S ribosomal RNA	1	Y	0
gene-LOC120038819	LOC120038819	5S ribosomal RNA	1	Y	0
gene-LOC120038820	LOC120038820	5S ribosomal RNA	1	Y	0
gene-LOC120038821	LOC120038821	5S ribosomal RNA	1	Y	0
gene-LOC120038831_1			1		0
gene-LOC120038831_2			1		0
gene-LOC120038831_3			1		0
gene-LOC120038831_4			1		0
gene-LOC120038831_5			1		0
gene-LOC120038831_6			1		0
gene-LOC120038842	LOC120038842	5S ribosomal RNA	1	Y	0
gene-LOC120038853	LOC120038853	low-density lipoprotein receptor-like	1	Y	2
gene-LOC120038866	LOC120038866	protein KRI1 homolog	1	Y	3
gene-LOC120038875	LOC120038875	sphingosine 1-phosphate receptor 1-like	1	Y	3
gene-LOC120038887	LOC120038887	kinetochore protein Spc24-like	1	Y	0
gene-LOC120039042_1			1		0
gene-LOC120039042_2			1		0
gene-LOC120039042_3			1		0
gene-LOC120039042_4			1		0
gene-LOC120039044_5			1		0
gene-LOC120039044_6			1		0
gene-LOC120039044_7			1		0
gene-LOC120039073	LOC120039073	UPF0462 protein C4orf33 homolog	1	Y	0
gene-LOC120039074	LOC120039074	sodium channel and clathrin linker 1-like	1	Y	3
gene-LOC120039075	LOC120039075	uncharacterized LOC120039075	1	Y	0
gene-LOC120039091	LOC120039091	18S ribosomal RNA	1	Y	0
gene-LOC120039093	LOC120039093	galactose-specific lectin nattectin-like	1	Y	1
gene-LOC120039145	LOC120039145	acidic amino acid decarboxylase GADL1-like	1	Y	4
gene-LOC120039146	LOC120039146	leucine-rich repeat and immunoglobulin-like domain-containing nogo receptor-interacting protein 1-B	1	Y	1
gene-LOC120039150	LOC120039150	solute carrier family 22 member 18-like	1	Y	2
gene-LOC120039153	LOC120039153	CMRF35-like molecule 6	1	Y	0
gene-LOC120039166	LOC120039166	ornithine aminotransferase, mitochondrial-like	1	Y	6
gene-LOC120039173	LOC120039173	5S ribosomal RNA	1	Y	0
gene-LOC120039176	LOC120039176	5S ribosomal RNA	1	Y	0
gene-LOC120039177	LOC120039177	5S ribosomal RNA	1	Y	0
gene-LOC120039178	LOC120039178	5S ribosomal RNA	1	Y	0
gene-LOC120039193	LOC120039193	5S ribosomal RNA	1	Y	0
gene-LOC120039202	LOC120039202	NTPase KAP family P-loop domain-containing protein 1-like	1	Y	0
gene-LOC120039205	LOC120039205	zinc finger protein OZF-like	1	Y	2
gene-LOC120039206	LOC120039206	zinc finger protein 239-like	1	Y	5
gene-LOC120039242	LOC120039242	5S ribosomal RNA	1	Y	0
gene-LOC120039243	LOC120039243	5S ribosomal RNA	1	Y	0
gene-LOC120039247	LOC120039247	5S ribosomal RNA	1	Y	0
gene-LOC120039248	LOC120039248	U1 spliceosomal RNA	1	Y	0
gene-LOC120039249_10			1		0
gene-LOC120039249_11			1		0
gene-LOC120039249_8			1		0
gene-LOC120039249_9			1		0
gene-LOC120039291	LOC120039291	KH homology domain-containing protein 4-like	1	Y	2
gene-LOC120039332	LOC120039332	5S ribosomal RNA	1	Y	0
gene-LOC120039383	LOC120039383	uncharacterized LOC120039383	1	Y	0
gene-LOC120039384	LOC120039384	uncharacterized LOC120039384	1	Y	0
gene-LOC120039387	LOC120039387	transport and Golgi organization protein 1 homolog	1	Y	5
gene-LOC120039403	LOC120039403	5S ribosomal RNA	1	Y	0
gene-LOC120039406	LOC120039406	5S ribosomal RNA	1	Y	0
gene-LOC120039428	LOC120039428	5.8S ribosomal RNA	1	Y	0
gene-LOC120039430	LOC120039430	18S ribosomal RNA	1	Y	0
gene-LOC120039460_4			1		0
gene-LOC120039460_5			1		0
gene-LOC120039460_6			1		0
gene-LOC120039464	LOC120039464	saxiphilin-like	1	Y	3
gene-LOC120039518	LOC120039518	calcium-independent phospholipase A2-gamma-like	1	Y	3
gene-LOC120039525	LOC120039525	zinc finger protein 239-like	1	Y	1
gene-LOC120039533	LOC120039533	uncharacterized LOC120039533	1	Y	0
gene-LOC120039554	LOC120039554	zinc finger protein 14-like	1	Y	0
gene-LOC120039569	LOC120039569	tubulin beta-4B chain-like	1	Y	8
gene-LOC120039573	LOC120039573	nerve growth factor-like	1	Y	11
gene-LOC120039582_1			1		0
gene-LOC120039582_2			1		0
gene-LOC120039583	LOC120039583	ubiquitin carboxyl-terminal hydrolase 25-like	1	Y	0
gene-LOC120039592	LOC120039592	18S ribosomal RNA	1	Y	0
gene-LOC120039598	LOC120039598	choline transporter-like protein 4	1	Y	4
gene-LOC120039599	LOC120039599	uncharacterized LOC120039599	1	Y	5
gene-LOC120039604	LOC120039604	casein kinase II subunit beta-like	1	Y	4
gene-LOC120039609	LOC120039609	steroid 17-alpha-hydroxylase/17,20 lyase-like	1	Y	4
gene-LOC120039613_6			1		0
gene-LOC120039613_7			1		0
gene-LOC120039618	LOC120039618	5.8S ribosomal RNA	1	Y	0
gene-LOC120039623	LOC120039623	collectin-10-like	1	Y	0
gene-LOC120039646	LOC120039646	18S ribosomal RNA	1	Y	0
gene-LOC120039669	LOC120039669	transport and Golgi organization protein 1 homolog	1	Y	6
gene-LOC120039671	LOC120039671	eukaryotic translation initiation factor 2 subunit 1-like	1	Y	7
gene-LOC120039706	LOC120039706	protein phosphatase 1 regulatory subunit 29-like	1	Y	2
gene-LOC120039710	LOC120039710	cysteine-rich protein 2-like	1	Y	3
gene-LOC120039718	LOC120039718	lysozyme g-like	1	Y	4
gene-LOC120039738	LOC120039738	serine/threonine-protein phosphatase 2A 55 kDa regulatory subunit B gamma isoform-like	1	Y	5
gene-LOC120039749_2			1		0
gene-LOC120039749_3			1		0
gene-LOC120039749_4			1		0
gene-LOC120039749_5			1		0
gene-LOC120039755_1			1		0
gene-LOC120039783	LOC120039783	zinc finger protein 271-like	1	Y	0
gene-LOC120039787	LOC120039787	zinc finger protein 850-like	1	Y	0
gene-LOC120039805	LOC120039805	uncharacterized LOC120039805	1	Y	0
gene-LOC120039851	LOC120039851	5S ribosomal RNA	1	Y	0
gene-LOC120039854	LOC120039854	5S ribosomal RNA	1	Y	0
gene-LOC120039857	LOC120039857	5S ribosomal RNA	1	Y	0
gene-LOC120039874	LOC120039874	5S ribosomal RNA	1	Y	0
gene-LOC120039888	LOC120039888	5S ribosomal RNA	1	Y	0
gene-LOC120039896	LOC120039896	5S ribosomal RNA	1	Y	0
gene-LOC120039906	LOC120039906	acidic amino acid decarboxylase GADL1-like	1	Y	4
gene-LOC120039924	LOC120039924	shaker-related potassium channel tsha2-like	1	Y	6
gene-LOC120039944	LOC120039944	cysteine-rich protein 2-like	1	Y	3
gene-LOC120039945	LOC120039945	adenylate cyclase type 9-like	1	Y	4
gene-LOC120040019	LOC120040019	E3 ubiquitin-protein ligase RNF128-like	1	Y	2
gene-LOC120040105_18			1		0
gene-LOC120040105_19			1		0
gene-LOC120040105_20			1		0
gene-LOC120040105_21			1		0
gene-LOC120040105_22			1		0
gene-LOC120040125	LOC120040125	1-phosphatidylinositol phosphodiesterase-like	1	Y	2
gene-LOC120040174	LOC120040174	NEDD4-binding protein 3-A-like	1	Y	1
gene-LOC120040176_1			1		0
gene-LOC120040197	LOC120040197	potassium voltage-gated channel subfamily KQT member 1-like	1	Y	5
gene-LOC120040198	LOC120040198	transient receptor potential cation channel subfamily M member 5-like	1	Y	4
gene-LOC120040247	LOC120040247	5S ribosomal RNA	1	Y	0
gene-LOC120040282	LOC120040282	homeobox protein Hox-A9b-like	1	Y	8
gene-LOC120040285	LOC120040285	polysialoglycoprotein-like	1	Y	0
gene-LOC120040293	LOC120040293	polysialoglycoprotein-like	1	Y	0
gene-LOC120040300	LOC120040300	homeobox protein Hox-A11b-like	1	Y	5
gene-LOC120040302	LOC120040302	homeobox protein Hox-A10b-like	1	Y	4
gene-LOC120040334_2			1		0
gene-LOC120040334_3			1		0
gene-LOC120040337_1			1		0
gene-LOC120040337_2			1		0
gene-LOC120040337_3			1		0
gene-LOC120040337_4			1		0
gene-LOC120040358	LOC120040358	dolichyl-diphosphooligosaccharide--protein glycosyltransferase subunit 4	1	Y	2
gene-LOC120040364	LOC120040364	uncharacterized LOC120040364	1	Y	5
gene-LOC120040365	LOC120040365	5S ribosomal RNA	1	Y	0
gene-LOC120040371	LOC120040371	U1 spliceosomal RNA	1	Y	0
gene-LOC120040374	LOC120040374	5S ribosomal RNA	1	Y	0
gene-LOC120040380	LOC120040380	5S ribosomal RNA	1	Y	0
gene-LOC120040381	LOC120040381	5S ribosomal RNA	1	Y	0
gene-LOC120040395	LOC120040395	fibrillin-1-like	1	Y	1
gene-LOC120040404_1			1		0
gene-LOC120040405_1			1		0
gene-LOC120040407_1			1		0
gene-LOC120040408_1			1		0
gene-LOC120040409_1			1		0
gene-LOC120040410_1			1		0
gene-LOC120040411_1			1		0
gene-LOC120040413_1			1		0
gene-LOC120040416	LOC120040416	complement C1q-like protein 2	1	Y	1
gene-LOC120040432_2			1		0
gene-LOC120040432_3			1		0
gene-LOC120040432_4			1		0
gene-LOC120040433_10			1		0
gene-LOC120040433_11			1		0
gene-LOC120040433_12			1		0
gene-LOC120040433_13			1		0
gene-LOC120040433_14			1		0
gene-LOC120040433_15			1		0
gene-LOC120040433_16			1		0
gene-LOC120040433_17			1		0
gene-LOC120040433_18			1		0
gene-LOC120040433_2			1		0
gene-LOC120040433_3			1		0
gene-LOC120040433_4			1		0
gene-LOC120040433_5			1		0
gene-LOC120040433_6			1		0
gene-LOC120040433_7			1		0
gene-LOC120040433_8			1		0
gene-LOC120040433_9			1		0
gene-LOC120040435	LOC120040435	U1 spliceosomal RNA	1	Y	0
gene-LOC120040440	LOC120040440	5S ribosomal RNA	1	Y	0
gene-LOC120040445_2			1		0
gene-LOC120040447	LOC120040447	5S ribosomal RNA	1	Y	0
gene-LOC120040457	LOC120040457	progesterone-induced-blocking factor 1-like	1	Y	2
gene-LOC120040475	LOC120040475	axin-1-like	1	Y	1
gene-LOC120040483_1			1		0
gene-LOC120040486_1			1		0
gene-LOC120040486_2			1		0
gene-LOC120040494	LOC120040494	5S ribosomal RNA	5	Y	0
gene-LOC120040494_1			1		0
gene-LOC120040494_2			1		0
gene-LOC120040494_3			1		0
gene-LOC120040494_4			1		0
gene-LOC120040507_1			1		0
gene-LOC120040511	LOC120040511	F-box/LRR-repeat protein 18-like	1	Y	2
gene-LOC120040525_1			1		0
gene-LOC120040525_2			1		0
gene-LOC120040526_1			1		0
gene-LOC120040531	LOC120040531	5S ribosomal RNA	1	Y	0
gene-LOC120040533	LOC120040533	5S ribosomal RNA	1	Y	0
gene-LOC120040534_1			1		0
gene-LOC120040534_2			1		0
gene-LOC120040535_1			1		0
gene-LOC120040535_2			1		0
gene-LOC120040535_3			1		0
gene-LOC120040535_4			1		0
gene-LOC120040542_1			1		0
gene-LOC120040542_2			1		0
gene-LOC120040542_3			1		0
gene-LOC120040542_4			1		0
gene-LOC120040542_5			1		0
gene-LOC120040542_6			1		0
gene-LOC120040550	LOC120040550	5S ribosomal RNA	1	Y	0
gene-LOC120040557	LOC120040557	NF-X1-type zinc finger protein NFXL1-like	1	Y	0
gene-LOC120040583_1			1		0
gene-LOC120040583_10			1		0
gene-LOC120040583_11			1		0
gene-LOC120040583_12			1		0
gene-LOC120040583_13			1		0
gene-LOC120040583_14			1		0
gene-LOC120040583_15			1		0
gene-LOC120040583_2			1		0
gene-LOC120040583_3			1		0
gene-LOC120040583_4			1		0
gene-LOC120040583_5			1		0
gene-LOC120040583_6			1		0
gene-LOC120040583_7			1		0
gene-LOC120040583_8			1		0
gene-LOC120040583_9			1		0
gene-LOC120040592	LOC120040592	5S ribosomal RNA	1	Y	0
gene-LOC120040620	LOC120040620	5.8S ribosomal RNA	1	Y	0
gene-LOC120040628	LOC120040628	voltage-dependent calcium channel gamma-5 subunit	1	Y	11
gene-LOC120040629	LOC120040629	putative short-chain dehydrogenase/reductase family 42E member 2	1	Y	2
gene-LOC120040658_10			1		0
gene-LOC120040658_11			1		0
gene-LOC120040658_7			1		0
gene-LOC120040658_8			1		0
gene-LOC120040658_9			1		0
gene-LOC120040675	LOC120040675	proline-rich extensin-like protein EPR1	1	Y	0
gene-LOC120040709	LOC120040709	U2 spliceosomal RNA	1	Y	0
gene-LOC120040710	LOC120040710	U2 spliceosomal RNA	1	Y	0
gene-LOC120040714	LOC120040714	U5 spliceosomal RNA	1	Y	0
gene-LOC120040715	LOC120040715	U5 spliceosomal RNA	1	Y	0
gene-LOC120040716	LOC120040716	U5 spliceosomal RNA	1	Y	0
gene-LOC120040717	LOC120040717	U5 spliceosomal RNA	1	Y	0
gene-LOC120040718	LOC120040718	U5 spliceosomal RNA	1	Y	0
gene-LOC120040721	LOC120040721	U2 spliceosomal RNA	1	Y	0
gene-LOC120040723	LOC120040723	U5 spliceosomal RNA	1	Y	0
gene-LOC120040725	LOC120040725	U2 spliceosomal RNA	1	Y	0
gene-LOC120040773	LOC120040773	5S ribosomal RNA	1	Y	0
gene-LOC120040783	LOC120040783	5S ribosomal RNA	1	Y	0
gene-LOC120040791	LOC120040791	U5 spliceosomal RNA	1	Y	0
gene-LOC120040797	LOC120040797	U2 spliceosomal RNA	1	Y	0
gene-LOC120040798	LOC120040798	U5 spliceosomal RNA	1	Y	0
gene-LOC120040805_4			1		0
gene-LOC120040805_5			1		0
gene-LOC120040806_23			1		0
gene-LOC120040806_24			1		0
gene-LOC120040806_25			1		0
gene-LOC120040806_26			1		0
gene-LOC120040806_27			1		0
gene-LOC120040871	LOC120040871	5S ribosomal RNA	3	Y	0
gene-LOC120040871_1			1		0
gene-LOC120040871_2			1		0
gene-LOC120040874	LOC120040874	AP-5 complex subunit zeta-1-like	1	Y	1
gene-LOC120040877	LOC120040877	5.8S ribosomal RNA	1	Y	0
gene-LOC120040902_1			1		0
gene-LOC120040902_2			1		0
gene-LOC120040908	LOC120040908	5S ribosomal RNA	1	Y	0
gene-LOC120040913_1			1		0
gene-LOC120040913_10			1		0
gene-LOC120040913_11			1		0
gene-LOC120040913_12			1		0
gene-LOC120040913_13			1		0
gene-LOC120040913_2			1		0
gene-LOC120040913_3			1		0
gene-LOC120040913_4			1		0
gene-LOC120040913_5			1		0
gene-LOC120040913_6			1		0
gene-LOC120040913_7			1		0
gene-LOC120040913_8			1		0
gene-LOC120040913_9			1		0
gene-LOC120040915_1			1		0
gene-LOC120040961	LOC120040961	zinc finger protein 609-like	1	Y	2
gene-LOC120040973	LOC120040973	hexosaminidase D-like	1	Y	2
gene-LOC120040983	LOC120040983	type II inositol 3,4-bisphosphate 4-phosphatase-like	1	Y	2
gene-LOC120040992	LOC120040992	transcription factor E4F1-like	1	Y	0
gene-LOC120041002	LOC120041002	sodium/myo-inositol cotransporter 2-like	1	Y	3
gene-LOC120041011	LOC120041011	rho GTPase-activating protein 17-like	1	Y	9
gene-LOC120041034	LOC120041034	transmembrane protein 196-like	1	Y	0
gene-LOC120041060	LOC120041060	5S ribosomal RNA	1	Y	0
gene-LOC120041103	LOC120041103	cylicin-2-like	1	Y	0
gene-LOC120041104	LOC120041104	inositol 1,4,5-trisphosphate receptor-interacting protein-like 2	1	Y	0
gene-LOC120041167	LOC120041167	methionine-R-sulfoxide reductase B1-A-like	1	Y	1
gene-LOC120041191_1			1		0
gene-LOC120041291	LOC120041291	DCN1-like protein 2	1	Y	6
gene-LOC120041299	LOC120041299	protein ADP-ribosylarginine hydrolase-like protein 1	1	Y	3
gene-LOC120041320_1			1		0
gene-LOC120041324	LOC120041324	transcription factor AP-4-like	1	Y	5
gene-LOC120041345	LOC120041345	piggyBac transposable element-derived protein 4-like	1	Y	0
gene-LOC120041346	LOC120041346	zinc finger protein 883-like	1	Y	3
gene-LOC120041347	LOC120041347	gastrula zinc finger protein XlCGF26.1-like	1	Y	4
gene-LOC120041356_2			1		0
gene-LOC120041363_1			1		0
gene-LOC120041392	LOC120041392	glycogen synthase kinase-3 beta-like	1	Y	12
gene-LOC120041393	LOC120041393	ETS domain-containing transcription factor ERF-like	1	Y	3
gene-LOC120041396	LOC120041396	zinc finger protein 574-like	1	Y	4
gene-LOC120041410_1			1		0
gene-LOC120041410_2			1		0
gene-LOC120041413_1			1		0
gene-LOC120041413_2			1		0
gene-LOC120041413_3			1		0
gene-LOC120041413_4			1		0
gene-LOC120041415	LOC120041415	plexin-A4-like	1	Y	8
gene-LOC120041417_1			1		0
gene-LOC120041425	LOC120041425	tripartite motif-containing protein 16-like protein	1	Y	2
gene-LOC120041443	LOC120041443	mucin-17-like	1	Y	0
gene-LOC120041450	LOC120041450	twinfilin-1-like	1	Y	10
gene-LOC120041455	LOC120041455	uncharacterized LOC120041455	1	Y	0
gene-LOC120041464	LOC120041464	suppressor of cytokine signaling 3-like	1	Y	4
gene-LOC120041598	LOC120041598	zinc finger protein 665-like	1	Y	4
gene-LOC120041602	LOC120041602	ERI1 exoribonuclease 2-like	1	Y	4
gene-LOC120041615	LOC120041615	uncharacterized LOC120041615	1	Y	0
gene-LOC120041637	LOC120041637	voltage-dependent T-type calcium channel subunit alpha-1I-like	1	Y	12
gene-LOC120041644	LOC120041644	enoyl-CoA delta isomerase 1, mitochondrial-like	1	Y	3
gene-LOC120041647	LOC120041647	pentraxin-4-like	1	Y	0
gene-LOC120041648	LOC120041648	lipopolysaccharide-induced tumor necrosis factor-alpha factor homolog	1	Y	1
gene-LOC120041666_1			1		0
gene-LOC120041666_2			1		0
gene-LOC120041666_3			1		0
gene-LOC120041684_1			1		0
gene-LOC120041686	LOC120041686	trichohyalin-like	1	Y	0
gene-LOC120041723	LOC120041723	transport and Golgi organization protein 1 homolog	1	Y	5
gene-LOC120041729	LOC120041729	extensin-like	1	Y	0
gene-LOC120041731	LOC120041731	extensin-like	1	Y	0
gene-LOC120041732_1			1		0
gene-LOC120041763	LOC120041763	zinc finger protein 883-like	1	Y	1
gene-LOC120041815_1			1		0
gene-LOC120041835_1			1		0
gene-LOC120041848	LOC120041848	medium-chain acyl-CoA ligase ACSF2, mitochondrial-like	1	Y	2
gene-LOC120041860	LOC120041860	protein mono-ADP-ribosyltransferase PARP11-like	1	Y	1
gene-LOC120041861	LOC120041861	sodium- and chloride-dependent GABA transporter 2-like	1	Y	2
gene-LOC120041863	LOC120041863	sodium- and chloride-dependent GABA transporter 1-like	1	Y	2
gene-LOC120041875_10			1		0
gene-LOC120041875_11			1		0
gene-LOC120041875_12			1		0
gene-LOC120041875_7			1		0
gene-LOC120041875_8			1		0
gene-LOC120041875_9			1		0
gene-LOC120041893	LOC120041893	zinc finger protein 260-like	1	Y	3
gene-LOC120041927	LOC120041927	5S ribosomal RNA	1	Y	0
gene-LOC120041932	LOC120041932	5S ribosomal RNA	1	Y	0
gene-LOC120041949	LOC120041949	E3 ubiquitin-protein ligase MARCHF3-like	1	Y	3
gene-LOC120041951	LOC120041951	lamin-L(III)-like	1	Y	0
gene-LOC120041953	LOC120041953	uncharacterized LOC120041953	1	Y	0
gene-LOC120041968_1			1		0
gene-LOC120041975_1			1		0
gene-LOC120041978	LOC120041978	beta-crystallin B2-like	1	Y	3
gene-LOC120042035	LOC120042035	5-azacytidine-induced protein 2-like	1	Y	2
gene-LOC120042050	LOC120042050	small nucleolar RNA SNORD41	1	Y	0
gene-LOC120042051	LOC120042051	small nucleolar RNA SNORD41	1	Y	0
gene-LOC120042053	LOC120042053	small nucleolar RNA SNORD41	1	Y	0
gene-LOC120042054	LOC120042054	small nucleolar RNA SNORD41	1	Y	0
gene-LOC120042075	LOC120042075	5S ribosomal RNA	1	Y	0
gene-LOC120042079_2			1		0
gene-LOC120042083	LOC120042083	5S ribosomal RNA	1	Y	0
gene-LOC120042086_2			1		0
gene-LOC120042087_10			1		0
gene-LOC120042087_11			1		0
gene-LOC120042087_12			1		0
gene-LOC120042087_13			1		0
gene-LOC120042087_14			1		0
gene-LOC120042087_5			1		0
gene-LOC120042087_6			1		0
gene-LOC120042087_7			1		0
gene-LOC120042087_8			1		0
gene-LOC120042087_9			1		0
gene-LOC120042110	LOC120042110	uncharacterized LOC120042110	1	Y	0
gene-LOC120042117_2			1		0
gene-LOC120042117_3			1		0
gene-LOC120042124	LOC120042124	cytochrome P450 3A27-like	1	Y	4
gene-LOC120042131	LOC120042131	cytochrome P450 3A27	1	Y	4
gene-LOC120042155_2			1		0
gene-LOC120042163_1			1		0
gene-LOC120042165	LOC120042165	stonustoxin subunit beta-like	1	Y	1
gene-LOC120042174	LOC120042174	kelch-like protein 23	1	Y	1
gene-LOC120042195	LOC120042195	WAP, Kazal, immunoglobulin, Kunitz and NTR domain-containing protein 2-like	1	Y	2
gene-LOC120042222_2			1		0
gene-LOC120042222_3			1		0
gene-LOC120042222_4			1		0
gene-LOC120042222_5			1		0
gene-LOC120042238	LOC120042238	receptor-transporting protein 3-like	1	Y	3
gene-LOC120042240	LOC120042240	receptor-transporting protein 3-like	1	Y	3
gene-LOC120042319_38			1		0
gene-LOC120042319_39			1		0
gene-LOC120042319_40			1		0
gene-LOC120042319_41			1		0
gene-LOC120042319_42			1		0
gene-LOC120042319_43			1		0
gene-LOC120042338	LOC120042338	angiotensin-converting enzyme 2-like	1	Y	5
gene-LOC120042350	LOC120042350	solute carrier family 43 member 3-like	1	Y	2
gene-LOC120042352	LOC120042352	chitobiosyldiphosphodolichol beta-mannosyltransferase-like	1	Y	3
gene-LOC120042366	LOC120042366	uncharacterized LOC120042366	1	Y	0
gene-LOC120042369	LOC120042369	glucagon receptor-like	1	Y	6
gene-LOC120042371_1			1		0
gene-LOC120042371_2			1		0
gene-LOC120042401	LOC120042401	dynein regulatory complex protein 9-like	1	Y	5
gene-LOC120042434	LOC120042434	transcription factor E2F7-like	1	Y	4
gene-LOC120042436_48			1		0
gene-LOC120042473	LOC120042473	zinc finger protein 658B-like	1	Y	3
gene-LOC120042475	LOC120042475	zinc finger protein 436-like	1	Y	0
gene-LOC120042479	LOC120042479	serine/threonine-protein kinase SMG1-like	1	Y	5
gene-LOC120042486	LOC120042486	zinc finger protein 239-like	1	Y	1
gene-LOC120042488	LOC120042488	gastrula zinc finger protein XlCGF7.1-like	1	Y	0
gene-LOC120042540_1			1		0
gene-LOC120042545	LOC120042545	uncharacterized LOC120042545	1	Y	0
gene-LOC120042553	LOC120042553	eukaryotic translation initiation factor 2 subunit 1-like	1	Y	7
gene-LOC120042555_2			1		0
gene-LOC120042569	LOC120042569	trichohyalin-like	1	Y	1
gene-LOC120042576_1			1		0
gene-LOC120042594	LOC120042594	general transcription factor IIF subunit 2-like	1	Y	3
gene-LOC120042605	LOC120042605	5.8S ribosomal RNA	1	Y	0
gene-LOC120042608	LOC120042608	5.8S ribosomal RNA	1	Y	0
gene-LOC120042628	LOC120042628	alpha-2-macroglobulin receptor-associated protein-like	1	Y	14
gene-LOC120042646	LOC120042646	tetraspanin-7-like	1	Y	1
gene-LOC120042662	LOC120042662	5S ribosomal RNA	1	Y	0
gene-LOC120042668_1			1		0
gene-LOC120042668_2			1		0
gene-LOC120042668_3			1		0
gene-LOC120042668_4			1		0
gene-LOC120042668_5			1		0
gene-LOC120042685	LOC120042685	5S ribosomal RNA	1	Y	0
gene-LOC120042691	LOC120042691	protein transport protein Sec16A-like	1	Y	0
gene-LOC120042700	LOC120042700	protein kinase C and casein kinase substrate in neurons protein 3-like	1	Y	8
gene-LOC120042701	LOC120042701	uncharacterized LOC120042701	1	Y	0
gene-LOC120042702	LOC120042702	small nucleolar RNA SNORD88	1	Y	0
gene-LOC120042703	LOC120042703	small nucleolar RNA SNORD88	1	Y	0
gene-LOC120042704	LOC120042704	small nucleolar RNA SNORD88	1	Y	0
gene-LOC120042734	LOC120042734	proto-oncogene c-Rel-like	1	Y	10
gene-LOC120042735	LOC120042735	peroxisomal membrane protein PEX13-like	1	Y	5
gene-LOC120042736	LOC120042736	uncharacterized protein KIAA1841-like	1	Y	0
gene-LOC120042740_2			1		0
gene-LOC120042740_3			1		0
gene-LOC120042740_4			1		0
gene-LOC120042740_5			1		0
gene-LOC120042740_6			1		0
gene-LOC120042742_2			1		0
gene-LOC120042747	LOC120042747	runt-related transcription factor 1-like	1	Y	8
gene-LOC120042770	LOC120042770	E3 ubiquitin-protein ligase RBBP6-like	1	Y	7
gene-LOC120042771_1			1		0
gene-LOC120042773	LOC120042773	protein kinase C beta type-like	1	Y	3
gene-LOC120042779	LOC120042779	retinoid-inducible serine carboxypeptidase-like	1	Y	2
gene-LOC120042780	LOC120042780	rab11 family-interacting protein 4A-like	1	Y	7
gene-LOC120042781	LOC120042781	casein kinase I	1	Y	13
gene-LOC120042791	LOC120042791	COP9 signalosome complex subunit 1-like	1	Y	1
gene-LOC120042792	LOC120042792	uncharacterized LOC120042792	1	Y	0
gene-LOC120042799	LOC120042799	piggyBac transposable element-derived protein 4-like	1	Y	0
gene-LOC120042861	LOC120042861	ataxin-1-like	1	Y	5
gene-LOC120042862	LOC120042862	fatty acid-binding protein, adipocyte-like	1	Y	4
gene-LOC120042877	LOC120042877	5S ribosomal RNA	1	Y	0
gene-LOC120042891_1			1		0
gene-LOC120042899	LOC120042899	DISP complex protein LRCH3-like	1	Y	1
gene-LOC120042903_1			1		0
gene-LOC120042906_1			1		0
gene-LOC120042906_2			1		0
gene-LOC120042907_1			1		0
gene-LOC120042907_2			1		0
gene-LOC120042933	LOC120042933	tumor protein p53-inducible protein 11-like	1	Y	0
gene-LOC120042936	LOC120042936	5S ribosomal RNA	1	Y	0
gene-LOC120042937	LOC120042937	5S ribosomal RNA	1	Y	0
gene-LOC120042938	LOC120042938	5S ribosomal RNA	1	Y	0
gene-LOC120042939	LOC120042939	5S ribosomal RNA	1	Y	0
gene-LOC120042945	LOC120042945	5S ribosomal RNA	1	Y	0
gene-LOC120042947	LOC120042947	5S ribosomal RNA	1	Y	0
gene-LOC120042950	LOC120042950	5S ribosomal RNA	1	Y	0
gene-LOC120042955	LOC120042955	5S ribosomal RNA	1	Y	0
gene-LOC120042957	LOC120042957	5S ribosomal RNA	1	Y	0
gene-LOC120042961	LOC120042961	5S ribosomal RNA	1	Y	0
gene-LOC120042963_1			1		0
gene-LOC120042963_2			1		0
gene-LOC120042963_3			1		0
gene-LOC120042975	LOC120042975	U6 spliceosomal RNA	1	Y	0
gene-LOC120042977	LOC120042977	U6 spliceosomal RNA	1	Y	0
gene-LOC120042988	LOC120042988	protein NEL-like	1	Y	2
gene-LOC120042993	LOC120042993	cytohesin-1-like	1	Y	2
gene-LOC120043003	LOC120043003	uncharacterized LOC120043003	1	Y	0
gene-LOC120043024_1			1		0
gene-LOC120043027_2			1		0
gene-LOC120043071	LOC120043071	gastrula zinc finger protein XlCGF17.1-like	1	Y	3
gene-LOC120043074	LOC120043074	stromal membrane-associated protein 2-like	1	Y	2
gene-LOC120043088	LOC120043088	probable N-acetyltransferase 16	1	Y	1
gene-LOC120043099	LOC120043099	rhotekin-like	1	Y	4
gene-LOC120043100_1			1		0
gene-LOC120043101_1			1		0
gene-LOC120043101_2			1		0
gene-LOC120043101_3			1		0
gene-LOC120043101_4			1		0
gene-LOC120043108	LOC120043108	polysialoglycoprotein-like	1	Y	2
gene-LOC120043109	LOC120043109	polysialoglycoprotein-like	1	Y	2
gene-LOC120043110	LOC120043110	polysialoglycoprotein	1	Y	2
gene-LOC120043117	LOC120043117	protein asteroid homolog 1-like	1	Y	0
gene-LOC120043129_10			1		0
gene-LOC120043129_11			1		0
gene-LOC120043129_12			1		0
gene-LOC120043129_13			1		0
gene-LOC120043129_6			1		0
gene-LOC120043129_7			1		0
gene-LOC120043129_8			1		0
gene-LOC120043129_9			1		0
gene-LOC120043149	LOC120043149	5S ribosomal RNA	1	Y	0
gene-LOC120043155	LOC120043155	5S ribosomal RNA	1	Y	0
gene-LOC120043156	LOC120043156	5S ribosomal RNA	1	Y	0
gene-LOC120043159	LOC120043159	5S ribosomal RNA	1	Y	0
gene-LOC120043161	LOC120043161	5S ribosomal RNA	1	Y	0
gene-LOC120043162	LOC120043162	5S ribosomal RNA	1	Y	0
gene-LOC120043164_1			1		0
gene-LOC120043164_2			1		0
gene-LOC120043164_3			1		0
gene-LOC120043164_4			1		0
gene-LOC120043164_5			1		0
gene-LOC120043164_6			1		0
gene-LOC120043164_7			1		0
gene-LOC120043165_1			1		0
gene-LOC120043165_2			1		0
gene-LOC120043167	LOC120043167	5S ribosomal RNA	1	Y	0
gene-LOC120043169_1			1		0
gene-LOC120043169_2			1		0
gene-LOC120043169_3			1		0
gene-LOC120043169_4			1		0
gene-LOC120043169_5			1		0
gene-LOC120043169_6			1		0
gene-LOC120043169_7			1		0
gene-LOC120043170	LOC120043170	5S ribosomal RNA	1	Y	0
gene-LOC120043176	LOC120043176	U1 spliceosomal RNA	1	Y	0
gene-LOC120043201_3			1		0
gene-LOC120043201_4			1		0
gene-LOC120043201_5			1		0
gene-LOC120043201_6			1		0
gene-LOC120043201_7			1		0
gene-LOC120043201_8			1		0
gene-LOC120043201_9			1		0
gene-LOC120043202_1			1		0
gene-LOC120043203_1			1		0
gene-LOC120043203_2			1		0
gene-LOC120043214_1			1		0
gene-LOC120043218	LOC120043218	zinc finger protein 585B-like	1	Y	7
gene-LOC120043235_1			1		0
gene-LOC120043235_2			1		0
gene-LOC120043235_3			1		0
gene-LOC120043236	LOC120043236	5S ribosomal RNA	1	Y	0
gene-LOC120043238	LOC120043238	5S ribosomal RNA	1	Y	0
gene-LOC120043239	LOC120043239	5S ribosomal RNA	1	Y	0
gene-LOC120043241	LOC120043241	5S ribosomal RNA	1	Y	0
gene-LOC120043242	LOC120043242	5S ribosomal RNA	1	Y	0
gene-LOC120043244	LOC120043244	5S ribosomal RNA	1	Y	0
gene-LOC120043246_1			1		0
gene-LOC120043249	LOC120043249	5S ribosomal RNA	1	Y	0
gene-LOC120043269	LOC120043269	5S ribosomal RNA	1	Y	0
gene-LOC120043283	LOC120043283	protein Wnt-5b	1	Y	8
gene-LOC120043287	LOC120043287	trichohyalin-like	1	Y	0
gene-LOC120043342	LOC120043342	chorion transcription factor Cf2-like	1	Y	4
gene-LOC120043350	LOC120043350	uncharacterized LOC120043350	1	Y	0
gene-LOC120043368	LOC120043368	5S ribosomal RNA	1	Y	0
gene-LOC120043374	LOC120043374	5S ribosomal RNA	1	Y	0
gene-LOC120043375	LOC120043375	5S ribosomal RNA	1	Y	0
gene-LOC120043378_1			1		0
gene-LOC120043391	LOC120043391	5S ribosomal RNA	1	Y	0
gene-LOC120043413	LOC120043413	carboxypeptidase Z-like	1	Y	3
gene-LOC120043418	LOC120043418	histone H3.v1-like	1	Y	0
gene-LOC120043422	LOC120043422	4-hydroxyphenylpyruvate dioxygenase-like protein	1	Y	2
gene-LOC120043427	LOC120043427	collagen alpha-1(IX) chain-like	1	Y	0
gene-LOC120043430	LOC120043430	mRNA-decapping enzyme 1B-like	1	Y	6
gene-LOC120043459_2			1		0
gene-LOC120043461	LOC120043461	glutamate receptor ionotropic, kainate 5-like	1	Y	9
gene-LOC120043465	LOC120043465	lysophospholipid acyltransferase 1-like	1	Y	3
gene-LOC120043471	LOC120043471	LIM and senescent cell antigen-like-containing domain protein 1	1	Y	7
gene-LOC120043503_1			1		0
gene-LOC120043503_2			1		0
gene-LOC120043507	LOC120043507	5S ribosomal RNA	1	Y	0
gene-LOC120043513	LOC120043513	5S ribosomal RNA	1	Y	0
gene-LOC120043524	LOC120043524	5S ribosomal RNA	1	Y	0
gene-LOC120043535	LOC120043535	5S ribosomal RNA	1	Y	0
gene-LOC120043564	LOC120043564	collagen alpha-2(I) chain-like	1	Y	1
gene-LOC120043575_5			1		0
gene-LOC120043575_6			1		0
gene-LOC120043575_7			1		0
gene-LOC120043608	LOC120043608	kinesin-like protein KIFC3	1	Y	0
gene-LOC120043610	LOC120043610	uncharacterized LOC120043610	1	Y	0
gene-LOC120043611	LOC120043611	uncharacterized LOC120043611	1	Y	0
gene-LOC120043614	LOC120043614	zinc finger protein 239-like	1	Y	1
gene-LOC120043617_1			1		0
gene-LOC120043622_1			1		0
gene-LOC120043633	LOC120043633	Krueppel-like factor 13	1	Y	3
gene-LOC120043638	LOC120043638	dynein regulatory complex protein 9-like	1	Y	5
gene-LOC120043641	LOC120043641	transport and Golgi organization protein 1 homolog	1	Y	5
gene-LOC120043642	LOC120043642	uncharacterized LOC120043642	1	Y	0
gene-LOC120043643	LOC120043643	uncharacterized LOC120043643	1	Y	0
gene-LOC120043662	LOC120043662	pre-B-cell leukemia transcription factor 1-like	1	Y	9
gene-LOC120043675	LOC120043675	equistatin-like	1	Y	3
gene-LOC120043681_1			1		0
gene-LOC120043705	LOC120043705	charged multivesicular body protein 6-like	1	Y	4
gene-LOC120043709	LOC120043709	zinc finger protein 345-like	1	Y	3
gene-LOC120043710	LOC120043710	zinc finger protein 2 homolog	1	Y	5
gene-LOC120043714	LOC120043714	zinc finger protein 260-like	1	Y	4
gene-LOC120043731	LOC120043731	zinc finger protein 239-like	1	Y	3
gene-LOC120043749	LOC120043749	immunoglobulin lambda-1 light chain-like	1	Y	0
gene-LOC120043784_1			1		0
gene-LOC120043788_15			1		0
gene-LOC120043788_16			1		0
gene-LOC120043788_17			1		0
gene-LOC120043788_18			1		0
gene-LOC120043788_19			1		0
gene-LOC120043819	LOC120043819	protein HID1-like	1	Y	3
gene-LOC120043933_1			1		0
gene-LOC120043933_2			1		0
gene-LOC120043934_2			1		0
gene-LOC120044036	LOC120044036	volume-regulated anion channel subunit LRRC8D-like	1	Y	1
gene-LOC120044037	LOC120044037	CCN family member 1-like	1	Y	3
gene-LOC120044041	LOC120044041	microtubule-associated serine/threonine-protein kinase 1-like	1	Y	6
gene-LOC120044073	LOC120044073	heparan sulfate glucosamine 3-O-sulfotransferase 6-like	1	Y	1
gene-LOC120044074	LOC120044074	delphilin-like	1	Y	1
gene-LOC120044077	LOC120044077	serine/threonine-protein kinase/endoribonuclease IRE1-like	1	Y	9
gene-LOC120044079_1			1		0
gene-LOC120044080	LOC120044080	meteorin-like protein	1	Y	2
gene-LOC120044088	LOC120044088	proton channel OTOP2-like	1	Y	3
gene-LOC120044089	LOC120044089	proton channel OTOP2-like	1	Y	3
gene-LOC120044103	LOC120044103	monocarboxylate transporter 6-like	1	Y	3
gene-LOC120044111	LOC120044111	NACHT, LRR and PYD domains-containing protein 12-like	1	Y	1
gene-LOC120044113	LOC120044113	transmembrane protein 114-like	1	Y	1
gene-LOC120044138	LOC120044138		1	Y	0
gene-LOC120044146	LOC120044146		1	Y	0
gene-LOC120044159	LOC120044159	exocyst complex component 7-like	1	Y	0
gene-LOC120044165	LOC120044165	trinucleotide repeat-containing gene 6C protein-like	1	Y	6
gene-LOC120044439_1			1		0
gene-LOC120044479_1			1		0
gene-LOC120044489_1			1		0
gene-LOC120044490_2			1		0
gene-LOC120044597	LOC120044597	zinc finger protein Gfi-1b-like	1	Y	4
gene-LOC120044598	LOC120044598	transcription factor jun-B-like	1	Y	7
gene-LOC120044599	LOC120044599	riboflavin-binding protein-like	1	Y	4
gene-LOC120044600	LOC120044600	galactosylceramide sulfotransferase-like	1	Y	3
gene-LOC120044602	LOC120044602	permeability factor 2-like	1	Y	9
gene-LOC120044603	LOC120044603	permeability factor 2-like	1	Y	9
gene-LOC120044604	LOC120044604	GTPase IMAP family member 7-like	1	Y	1
gene-LOC120044631_1			1		0
gene-LOC120044673_1			1		0
gene-LOC120044677	LOC120044677	aquaporin-8-like	1	Y	4
gene-LOC120044681	LOC120044681	protein amnionless-like	1	Y	4
gene-LOC120044693	LOC120044693	metalloproteinase inhibitor 2-like	1	Y	7
gene-LOC120044696_1			1		0
gene-LOC120044699	LOC120044699	mediator of RNA polymerase II transcription subunit 9-like	1	Y	3
gene-LOC120044701	LOC120044701	dexamethasone-induced Ras-related protein 1-like	1	Y	2
gene-LOC120044712	LOC120044712	ras-related C3 botulinum toxin substrate 3-like	1	Y	15
gene-LOC120044727	LOC120044727	Usher syndrome type-1G protein homolog	1	Y	4
gene-LOC120044738_1			1		0
gene-LOC120044791_29			1		0
gene-LOC120044791_30			1		0
gene-LOC120044844	LOC120044844	cytochrome P450 2K1-like	1	Y	7
gene-LOC120045184_2			1		0
gene-LOC120045209	LOC120045209	5S ribosomal RNA	1	Y	0
gene-LOC120045238	LOC120045238	Z30 small nucleolar RNA	1	Y	0
gene-LOC120045244	LOC120045244	5S ribosomal RNA	1	Y	0
gene-LOC120045260	LOC120045260	5S ribosomal RNA	1	Y	0
gene-LOC120045262_23			1		0
gene-LOC120045262_24			1		0
gene-LOC120045262_25			1		0
gene-LOC120045262_26			1		0
gene-LOC120045262_27			1		0
gene-LOC120045262_28			1		0
gene-LOC120045262_29			1		0
gene-LOC120045262_30			1		0
gene-LOC120045457	LOC120045457	ETS translocation variant 4-like	1	Y	5
gene-LOC120045524_1			1		0
gene-LOC120045528	LOC120045528	homeobox protein MOX-1-like	1	Y	4
gene-LOC120045555	LOC120045555	myosin heavy chain, embryonic smooth muscle isoform-like	1	Y	1
gene-LOC120045659_1			1		0
gene-LOC120045821	LOC120045821	actin-binding LIM protein 1-like	1	Y	6
gene-LOC120046036_1			1		0
gene-LOC120046050_1			1		0
gene-LOC120046115	LOC120046115	cytochrome b-c1 complex subunit Rieske, mitochondrial-like	1	Y	5
gene-LOC120046250	LOC120046250	cytoplasmic tRNA 2-thiolation protein 2-like	1	Y	4
gene-LOC120046258	LOC120046258	E3 ubiquitin-protein ligase RNF166	1	Y	3
gene-LOC120046301	LOC120046301	protein CBFA2T3-like	1	Y	4
gene-LOC120046306	LOC120046306	paraplegin-like	1	Y	9
gene-LOC120046325	LOC120046325	ankyrin repeat domain-containing protein 11-like	1	Y	3
gene-LOC120046347	LOC120046347	putative solute carrier family 22 member 31	1	Y	1
gene-LOC120046358	LOC120046358	haptoglobin-like	1	Y	3
gene-LOC120046375	LOC120046375	dihydroorotate dehydrogenase (quinone), mitochondrial-like	1	Y	5
gene-LOC120046411	LOC120046411	heme-binding protein 1-like	1	Y	0
gene-LOC120046458	LOC120046458	CTD small phosphatase-like protein 2-B	1	Y	1
gene-LOC120046468	LOC120046468	eukaryotic translation initiation factor 3 subunit J-A-like	1	Y	3
gene-LOC120046627_1			1		0
gene-LOC120046875	LOC120046875	uncharacterized LOC120046875	1	Y	0
gene-LOC120046970	LOC120046970	zinc finger protein 507-like	1	Y	2
gene-LOC120047142_2			1		0
gene-LOC120047142_3			1		0
gene-LOC120047171	LOC120047171	polysialoglycoprotein-like	1	Y	0
gene-LOC120047173	LOC120047173	polysialoglycoprotein-like	1	Y	2
gene-LOC120047177	LOC120047177	collagen alpha-3(IX) chain-like	1	Y	0
gene-LOC120047229	LOC120047229	uncharacterized LOC120047229	1	Y	0
gene-LOC120047235_1			1		0
gene-LOC120047238_1			1		0
gene-LOC120047239_1			1		0
gene-LOC120047240	LOC120047240	platelet-activating factor acetylhydrolase IB subunit alpha1-like	1	Y	0
gene-LOC120047242	LOC120047242	glutamate receptor ionotropic, kainate 5-like	1	Y	0
gene-LOC120047256	LOC120047256	uncharacterized LOC120047256	1	Y	0
gene-LOC120047299	LOC120047299	uncharacterized LOC120047299	1	Y	4
gene-LOC120047327	LOC120047327	cell surface glycoprotein 1-like	1	Y	2
gene-LOC120047357_1			1		0
gene-LOC120047367_1			1		0
gene-LOC120047571_2			1		0
gene-LOC120047572	LOC120047572	myelin-associated glycoprotein-like	1	Y	0
gene-LOC120047575	LOC120047575	apoptosis-associated speck-like protein containing a CARD	1	Y	3
gene-LOC120047576	LOC120047576	protein C-ets-2-like	1	Y	5
gene-LOC120047578	LOC120047578	coiled-coil domain-containing protein 105-like	1	Y	0
gene-LOC120047579	LOC120047579	E3 ubiquitin-protein ligase RNF183-like	1	Y	2
gene-LOC120047580	LOC120047580	alpha-1,3-mannosyl-glycoprotein 2-beta-N-acetylglucosaminyltransferase-like	1	Y	3
gene-LOC120047612	LOC120047612	transmembrane protein 176A-like	1	Y	1
gene-LOC120047616	LOC120047616	transmembrane protein 176A-like	1	Y	1
gene-LOC120047619	LOC120047619	transmembrane protein 176A-like	1	Y	1
gene-LOC120047620	LOC120047620	1-phosphatidylinositol phosphodiesterase-like	1	Y	2
gene-LOC120047622	LOC120047622	1-phosphatidylinositol phosphodiesterase-like	1	Y	2
gene-LOC120047625	LOC120047625	ammonium transporter Rh type B-like	1	Y	4
gene-LOC120047631	LOC120047631	uncharacterized LOC120047631	1	Y	0
gene-LOC120047635	LOC120047635	CD83 antigen-like	1	Y	0
gene-LOC120047682_2			1		0
gene-LOC120047682_3			1		0
gene-LOC120047682_4			1		0
gene-LOC120047682_5			1		0
gene-LOC120047690	LOC120047690	B-cell receptor CD22-like	1	Y	0
gene-LOC120047707	LOC120047707	protein FAM189B-like	1	Y	0
gene-LOC120047708	LOC120047708	uncharacterized LOC120047708	1	Y	0
gene-LOC120047712	LOC120047712	voltage-dependent calcium channel gamma-4 subunit-like	1	Y	11
gene-LOC120047732	LOC120047732	lymphocyte activation gene 3 protein-like	1	Y	7
gene-LOC120047746	LOC120047746	transmembrane protein 107-like	1	Y	3
gene-LOC120047776	LOC120047776	uncharacterized LOC120047776	1	Y	0
gene-LOC120047777_3			1		0
gene-LOC120047780_1			1		0
gene-LOC120047782	LOC120047782	uncharacterized LOC120047782	1	Y	0
gene-LOC120047790	LOC120047790	toll-interacting protein-like	1	Y	4
gene-LOC120047812	LOC120047812	AP-2 complex subunit alpha-2	1	Y	5
gene-LOC120047821_1			1		0
gene-LOC120047831	LOC120047831	CD81 antigen-like	1	Y	1
gene-LOC120047841	LOC120047841	anoctamin-5-like	1	Y	4
gene-LOC120047849	LOC120047849	protein TSSC4-like	1	Y	0
gene-LOC120047882	LOC120047882	leucine-rich repeat-containing G-protein coupled receptor 4-like	1	Y	5
gene-LOC120047888	LOC120047888	transcription factor PU.1-like	1	Y	5
gene-LOC120048208_1			1		0
gene-LOC120048215_1			1		0
gene-LOC120048342	LOC120048342	E3 ubiquitin-protein ligase arih1	1	Y	9
gene-LOC120048357	LOC120048357	protein Aster-A-like	1	Y	6
gene-LOC120048359	LOC120048359	Friend leukemia integration 1 transcription factor-like	1	Y	5
gene-LOC120048360	LOC120048360	uncharacterized LOC120048360	1	Y	0
gene-LOC120048362	LOC120048362	pre-mRNA-splicing factor ATP-dependent RNA helicase DHX16-like	1	Y	4
gene-LOC120048363	LOC120048363	SH3 domain-binding protein 5-like	1	Y	4
gene-LOC120048435	LOC120048435	CD83 antigen-like	1	Y	0
gene-LOC120048439	LOC120048439	ribosome biogenesis protein BMS1 homolog	1	Y	8
gene-LOC120048441	LOC120048441	calpain-7-like	1	Y	2
gene-LOC120048443	LOC120048443	tRNA N(3)-methylcytidine methyltransferase METTL6-like	1	Y	0
gene-LOC120048445	LOC120048445	BMP-binding endothelial regulator protein-like	1	Y	1
gene-LOC120048637	LOC120048637	trypsin-2-like	1	Y	3
gene-LOC120048677	LOC120048677	ras-related protein Rab-13	1	Y	12
gene-LOC120048678	LOC120048678	40S ribosomal protein S27-like	1	Y	6
gene-LOC120048691	LOC120048691	epsin-1-like	1	Y	6
gene-LOC120048708	LOC120048708	vesicle-associated membrane protein 1-like	1	Y	7
gene-LOC120048710	LOC120048710	uncharacterized LOC120048710	1	Y	0
gene-LOC120048713	LOC120048713	chromodomain-helicase-DNA-binding protein 4-like	1	Y	11
gene-LOC120048714	LOC120048714	tyrosine-protein phosphatase non-receptor type 6-like	1	Y	2
gene-LOC120048715	LOC120048715	zinc finger protein OZF-like	1	Y	3
gene-LOC120048716	LOC120048716	zinc finger protein 23-like	1	Y	1
gene-LOC120048717	LOC120048717	zinc finger protein 33B-like	1	Y	4
gene-LOC120048718	LOC120048718	DNA-binding death effector domain-containing protein 2-like	1	Y	6
gene-LOC120048719	LOC120048719	gamma-enolase-like	1	Y	4
gene-LOC120048721	LOC120048721	protein Wnt-4-like	1	Y	8
gene-LOC120048722	LOC120048722	myeloid leukemia factor 2-like	1	Y	3
gene-LOC120048723	LOC120048723	cell division control protein 42 homolog	1	Y	5
gene-LOC120048724	LOC120048724	retinol-binding protein 1-like	1	Y	4
gene-LOC120048725	LOC120048725	uncharacterized LOC120048725	1	Y	0
gene-LOC120048755	LOC120048755	double-stranded RNA-specific adenosine deaminase-like	1	Y	7
gene-LOC120048756	LOC120048756	keratinocyte-associated protein 2-like	1	Y	1
gene-LOC120048791	LOC120048791	claudin-12-like	1	Y	1
gene-LOC120048801	LOC120048801	aromatase-like	1	Y	4
gene-LOC120048806	LOC120048806	aquaporin-10-like	1	Y	7
gene-LOC120048807	LOC120048807	tuftelin-like	1	Y	2
gene-LOC120048808	LOC120048808	E3 ubiquitin-protein ligase TRIM39-like	1	Y	1
gene-LOC120048809	LOC120048809	protein C1orf43-like	1	Y	1
gene-LOC120048810	LOC120048810	uncharacterized LOC120048810	1	Y	0
gene-LOC120048816	LOC120048816	SHC-transforming protein 1-like	1	Y	4
gene-LOC120048848	LOC120048848	uncharacterized LOC120048848	1	Y	0
gene-LOC120048860	LOC120048860	DNA-directed RNA polymerase III subunit RPC3-like	1	Y	3
gene-LOC120048861	LOC120048861	lysosomal acid glucosylceramidase-like	1	Y	2
gene-LOC120048863	LOC120048863	E3 ubiquitin-protein ligase RNF115-like	1	Y	6
gene-LOC120048887_1			1		0
gene-LOC120048921	LOC120048921	small nucleolar RNA SNORA13	1	Y	0
gene-LOC120048923	LOC120048923	small nucleolar RNA SNORA13	1	Y	0
gene-LOC120048932_1			1		0
gene-LOC120049003	LOC120049003	natural killer cell receptor 2B4-like	1	Y	0
gene-LOC120049015	LOC120049015	serum amyloid A-5 protein-like	1	Y	1
gene-LOC120049016_2			1		0
gene-LOC120049016_3			1		0
gene-LOC120049034	LOC120049034	serum amyloid A-5 protein-like	1	Y	1
gene-LOC120049045	LOC120049045	serum amyloid A-5 protein-like	1	Y	1
gene-LOC120049056	LOC120049056	serum amyloid A-5 protein-like	1	Y	1
gene-LOC120049085	LOC120049085	uncharacterized LOC120049085	1	Y	0
gene-LOC120049092	LOC120049092	succinate dehydrogenase assembly factor 2, mitochondrial-like	1	Y	5
gene-LOC120049103	LOC120049103	cleavage and polyadenylation specificity factor subunit 7-like	1	Y	3
gene-LOC120049121	LOC120049121	DNA-directed RNA polymerases I, II, and III subunit RPABC5-like	1	Y	9
gene-LOC120049153	LOC120049153	caprin-1-like	1	Y	2
gene-LOC120049159	LOC120049159	GTPase IMAP family member 7-like	1	Y	1
gene-LOC120049166	LOC120049166	ras and EF-hand domain-containing protein homolog	1	Y	3
gene-LOC120049170_1			1		0
gene-LOC120049179	LOC120049179	nucleobindin-2-like	1	Y	3
gene-LOC120049182	LOC120049182	50 kDa spicule matrix protein-like	1	Y	0
gene-LOC120049196	LOC120049196	40S ribosomal protein S13-like	1	Y	6
gene-LOC120049200	LOC120049200	protein S100-P-like	1	Y	5
gene-LOC120049206	LOC120049206	protein lava lamp-like	1	Y	1
gene-LOC120049292	LOC120049292	uncharacterized LOC120049292	1	Y	9
gene-LOC120049361	LOC120049361	cytoplasmic polyadenylation element-binding protein 1-like	1	Y	10
gene-LOC120049390	LOC120049390	RNA-binding protein with multiple splicing 2-like	1	Y	3
gene-LOC120049413	LOC120049413	lumican-like	1	Y	2
gene-LOC120049420_1			1		0
gene-LOC120049517_3			1		0
gene-LOC120049517_4			1		0
gene-LOC120049523_1			1		0
gene-LOC120049525_1			1		0
gene-LOC120049796	LOC120049796	probable N-acetyltransferase 16	1	Y	1
gene-LOC120049938_1			1		0
gene-LOC120050024	LOC120050024	terminal uridylyltransferase 7-like	1	Y	1
gene-LOC120050074	LOC120050074	leucine-rich repeat-containing protein 4-like	1	Y	8
gene-LOC120050089	LOC120050089	decorin-like	1	Y	2
gene-LOC120050124	LOC120050124	methyltransferase-like protein 25	1	Y	0
gene-LOC120050159	LOC120050159	60S ribosomal protein L18a	1	Y	4
gene-LOC120050170	LOC120050170	small nucleolar RNA SNORA68	1	Y	0
gene-LOC120050266_1			1		0
gene-LOC120050276_1			1		0
gene-LOC120050295_1			1		0
gene-LOC120050298	LOC120050298	extensin-like	1	Y	0
gene-LOC120050322	LOC120050322	diamine acetyltransferase 1-like	1	Y	1
gene-LOC120050349	LOC120050349	tripartite motif-containing protein 16-like	1	Y	2
gene-LOC120050350	LOC120050350	E3 ubiquitin/ISG15 ligase TRIM25-like	1	Y	2
gene-LOC120050486	LOC120050486	E3 ubiquitin-protein ligase Midline-1-like	1	Y	2
gene-LOC120050512	LOC120050512	E3 ubiquitin-protein ligase TRIM63-like	1	Y	1
gene-LOC120050520	LOC120050520	inhibin alpha chain-like	1	Y	5
gene-LOC120050524	LOC120050524	insulin-like growth factor-binding protein 5	1	Y	6
gene-LOC120050538	LOC120050538	pyridoxal phosphate phosphatase PHOSPHO2-like	1	Y	1
gene-LOC120050541	LOC120050541	UPF0524 protein C3orf70 homolog A-like	1	Y	0
gene-LOC120050560	LOC120050560	gamma-crystallin M2-like	1	Y	3
gene-LOC120050565	LOC120050565	gamma-crystallin M3-like	1	Y	3
gene-LOC120050566	LOC120050566	gamma-crystallin S-1-like	1	Y	3
gene-LOC120050571	LOC120050571	uncharacterized LOC120050571	1	Y	2
gene-LOC120050577	LOC120050577	origin recognition complex subunit 4-like	1	Y	6
gene-LOC120050578	LOC120050578	phospholipid scramblase 1-like	1	Y	3
gene-LOC120050580	LOC120050580	alpha-crystallin A chain-like	1	Y	5
gene-LOC120050776_1			1		0
gene-LOC120050776_2			1		0
gene-LOC120050786_1			1		0
gene-LOC120050795_3			1		0
gene-LOC120050812_4			1		0
gene-LOC120050812_5			1		0
gene-LOC120050816	LOC120050816	melanophilin-like	1	Y	5
gene-LOC120050834	LOC120050834	protein FAM171B-like	1	Y	0
gene-LOC120050835	LOC120050835	leucine-rich repeat-containing protein 3-like	1	Y	3
gene-LOC120050836	LOC120050836	obscurin-like protein 1	1	Y	1
gene-LOC120050837	LOC120050837	striated muscle preferentially expressed protein kinase-like	1	Y	4
gene-LOC120050856	LOC120050856	filamin A-interacting protein 1-like	1	Y	0
gene-LOC120050862	LOC120050862	gamma-crystallin M3-like	1	Y	3
gene-LOC120050864	LOC120050864	gamma-crystallin M3-like	1	Y	3
gene-LOC120050865	LOC120050865	gamma-crystallin S-1-like	1	Y	3
gene-LOC120050872	LOC120050872	heat shock factor 2-binding protein-like	1	Y	1
gene-LOC120050877	LOC120050877	serine/threonine-protein kinase SIK2-like	1	Y	7
gene-LOC120050880	LOC120050880	dystrophin-like	1	Y	3
gene-LOC120050881	LOC120050881	gastrula zinc finger protein XlCGF17.1-like	1	Y	3
gene-LOC120050889_1			1		0
gene-LOC120051197_1			1		0
gene-LOC120051198_1			1		0
gene-LOC120051245	LOC120051245	kynureninase-like	1	Y	6
gene-LOC120051248	LOC120051248	uncharacterized LOC120051248	1	Y	0
gene-LOC120051306	LOC120051306	rho GTPase-activating protein 6-like	1	Y	1
gene-LOC120051307	LOC120051307	male-specific lethal 3 homolog	1	Y	8
gene-LOC120051331	LOC120051331	autophagy-related protein 9A-like	1	Y	5
gene-LOC120051386	LOC120051386	leucine-rich repeat flightless-interacting protein 2-like	1	Y	3
gene-LOC120051418	LOC120051418	uncharacterized LOC120051418	1	Y	0
gene-LOC120051433	LOC120051433	poly(rC)-binding protein 3-like	1	Y	5
gene-LOC120051445	LOC120051445	reduced folate transporter-like	1	Y	6
gene-LOC120051446	LOC120051446	collagen alpha-1(XVIII) chain-like	1	Y	0
gene-LOC120051447	LOC120051447	carboxy-terminal domain RNA polymerase II polypeptide A small phosphatase 1-like	1	Y	1
gene-LOC120051448	LOC120051448	serine/threonine-protein kinase 11-interacting protein-like	1	Y	3
gene-LOC120051450	LOC120051450	insulin-like growth factor-binding protein 2-A	1	Y	5
gene-LOC120051451	LOC120051451	tensin-like	1	Y	2
gene-LOC120051466	LOC120051466	caveolae-associated protein 2-like	1	Y	3
gene-LOC120051473	LOC120051473	synapse-associated protein 1-like	1	Y	2
gene-LOC120051494_1			1		0
gene-LOC120051499	LOC120051499	filamin A-interacting protein 1-like	1	Y	0
gene-LOC120051525	LOC120051525	methyl-CpG-binding domain protein 5-like	1	Y	4
gene-LOC120051527	LOC120051527	cystathionine beta-synthase-like	1	Y	5
gene-LOC120051529	LOC120051529	OX-2 membrane glycoprotein-like	1	Y	1
gene-LOC120051547	LOC120051547	uncharacterized LOC120051547	1	Y	0
gene-LOC120051592	LOC120051592	small nucleolar SNORD12/SNORD106	1	Y	0
gene-LOC120051648	LOC120051648	stromal interaction molecule 2-like	1	Y	8
gene-LOC120051656	LOC120051656	mucin-2-like	1	Y	3
gene-LOC120051715	LOC120051715	uncharacterized LOC120051715	1	Y	0
gene-LOC120051748_49			1		0
gene-LOC120051898_1			1		0
gene-LOC120051899_1			1		0
gene-LOC120051924_3			1		0
gene-LOC120051977	LOC120051977	E3 ubiquitin-protein ligase TRIM39-like	1	Y	2
gene-LOC120051978	LOC120051978	pleiotropic regulator 1	1	Y	5
gene-LOC120052015_1			1		0
gene-LOC120052015_2			1		0
gene-LOC120052111_1			1		0
gene-LOC120052142	LOC120052142	ceramide synthase-like	1	Y	5
gene-LOC120052150	LOC120052150	paired box protein Pax-6-like	1	Y	4
gene-LOC120052183_1			1		0
gene-LOC120052183_2			1		0
gene-LOC120052240	LOC120052240	teashirt homolog 3-like	1	Y	4
gene-LOC120052251	LOC120052251	zinc finger protein 536-like	1	Y	4
gene-LOC120052266	LOC120052266	tRNA (adenine(37)-N6)-methyltransferase-like	1	Y	1
gene-LOC120052268	LOC120052268	acidic leucine-rich nuclear phosphoprotein 32 family member B-like	1	Y	3
gene-LOC120052269	LOC120052269	acidic leucine-rich nuclear phosphoprotein 32 family member B-like	1	Y	3
gene-LOC120052271	LOC120052271	hemogen-like	1	Y	0
gene-LOC120052272	LOC120052272	acidic leucine-rich nuclear phosphoprotein 32 family member B-like	1	Y	3
gene-LOC120052274	LOC120052274	uncharacterized LOC120052274	1	Y	2
gene-LOC120052282	LOC120052282	DENN domain-containing protein 5B-like	1	Y	2
gene-LOC120052295	LOC120052295	SIN3-HDAC complex-associated factor-like	1	Y	2
gene-LOC120052297	LOC120052297	kxDL motif-containing protein 1-like	1	Y	2
gene-LOC120052315	LOC120052315	small integral membrane protein 18-like	1	Y	0
gene-LOC120052320	LOC120052320	zinc finger protein SNAI2-like	1	Y	3
gene-LOC120052327	LOC120052327	piezo-type mechanosensitive ion channel component 1-like	1	Y	0
gene-LOC120052353	LOC120052353	malonate--CoA ligase ACSF3, mitochondrial-like	1	Y	0
gene-LOC120052362	LOC120052362	cadherin-15-like	1	Y	11
gene-LOC120052371	LOC120052371	sulfotransferase 2B1-like	1	Y	3
gene-LOC120052400	LOC120052400	cartilage intermediate layer protein 1-like	1	Y	0
gene-LOC120052410	LOC120052410	immunoglobulin superfamily DCC subclass member 3-like	1	Y	5
gene-LOC120052417	LOC120052417	secretory carrier-associated membrane protein 5-like	1	Y	3
gene-LOC120052428	LOC120052428	lysyl oxidase homolog 1-like	1	Y	4
gene-LOC120052544	LOC120052544	E3 ubiquitin-protein ligase RNF170-like	1	Y	1
gene-LOC120052645_1			1		0
gene-LOC120052646_1			1		0
gene-LOC120052647_1			1		0
gene-LOC120052651	LOC120052651	cAMP-specific 3',5'-cyclic phosphodiesterase 4B-like	1	Y	6
gene-LOC120052695	LOC120052695	uncharacterized LOC120052695	1	Y	3
gene-LOC120052703	LOC120052703	intestinal mucin-like protein	1	Y	3
gene-LOC120052705	LOC120052705	myc-associated zinc finger protein-like	1	Y	0
gene-LOC120052706	LOC120052706	serine/threonine-protein kinase NLK2-like	1	Y	6
gene-LOC120052707	LOC120052707	major vault protein	1	Y	3
gene-LOC120052710	LOC120052710	zinc finger protein 8-like	1	Y	3
gene-LOC120052711	LOC120052711	zinc finger and SCAN domain-containing protein 22-like	1	Y	1
gene-LOC120052724_1			1		0
gene-LOC120052732	LOC120052732	myosin-binding protein C, cardiac-type-like	1	Y	1
gene-LOC120052801_1			1		0
gene-LOC120052802_1			1		0
gene-LOC120052802_2			1		0
gene-LOC120052802_3			1		0
gene-LOC120052802_4			1		0
gene-LOC120052804_1			1		0
gene-LOC120052829_1			1		0
gene-LOC120052835_1			1		0
gene-LOC120052876	LOC120052876	E3 ubiquitin-protein ligase TRIM21-like	1	Y	2
gene-LOC120052897	LOC120052897	membrane-spanning 4-domains subfamily A member 12-like	1	Y	1
gene-LOC120052899_1			1		0
gene-LOC120052961	LOC120052961	gliomedin-like	1	Y	3
gene-LOC120053007_1			1		0
gene-LOC120053043	LOC120053043	glutamyl-tRNA(Gln) amidotransferase subunit B, mitochondrial-like	1	Y	3
gene-LOC120053044	LOC120053044	dCTP pyrophosphatase 1-like	1	Y	2
gene-LOC120053069	LOC120053069	fibronectin-like	1	Y	1
gene-LOC120053070	LOC120053070	fibronectin-like	1	Y	1
gene-LOC120053081_1			1		0
gene-LOC120053081_2			1		0
gene-LOC120053086_1			1		0
gene-LOC120053088_1			1		0
gene-LOC120053090_13			1		0
gene-LOC120053090_14			1		0
gene-LOC120053090_15			1		0
gene-LOC120053090_16			1		0
gene-LOC120053090_17			1		0
gene-LOC120053090_18			1		0
gene-LOC120053090_19			1		0
gene-LOC120053090_20			1		0
gene-LOC120053090_21			1		0
gene-LOC120053090_22			1		0
gene-LOC120053090_23			1		0
gene-LOC120053090_24			1		0
gene-LOC120053090_25			1		0
gene-LOC120053090_26			1		0
gene-LOC120053090_27			1		0
gene-LOC120053090_28			1		0
gene-LOC120053090_29			1		0
gene-LOC120053090_30			1		0
gene-LOC120053090_31			1		0
gene-LOC120053090_32			1		0
gene-LOC120053090_33			1		0
gene-LOC120053092_1			1		0
gene-LOC120053093_1			1		0
gene-LOC120053099_1			1		0
gene-LOC120053100_7			1		0
gene-LOC120053101_1			1		0
gene-LOC120053101_2			1		0
gene-LOC120053102_1			1		0
gene-LOC120053120_1			1		0
gene-LOC120053338	LOC120053338	C-type natriuretic peptide 4-like	1	Y	5
gene-LOC120053471	LOC120053471	uncharacterized LOC120053471	2	Y	0
gene-LOC120053471_1			1		0
gene-LOC120053475	LOC120053475	uncharacterized LOC120053475	2	Y	0
gene-LOC120053475_1			1		0
gene-LOC120053876	LOC120053876	U3 small nucleolar RNA-associated protein 4 homolog	1	Y	6
gene-LOC120053888_1			1		0
gene-LOC120053918	LOC120053918	ephrin-A2-like	1	Y	5
gene-LOC120054193_1			1		0
gene-LOC120054985_1			1		0
gene-LOC120055018_1			1		0
gene-LOC120055032_1			1		0
gene-LOC120055206_1			1		0
gene-LOC120055374_1			1		0
gene-LOC120055383_1			1		0
gene-LOC120055464_5			1		0
gene-LOC120055680_1			1		0
gene-LOC120055754_1			1		0
gene-LOC120056450	LOC120056450	tryptophan 5-hydroxylase 1-like	1	Y	5
gene-LOC120056459	LOC120056459	potassium voltage-gated channel subfamily C member 1-like	1	Y	8
gene-LOC120056477	LOC120056477	vesicular glutamate transporter 2.1-like	1	Y	9
gene-LOC120056485	LOC120056485	transmembrane protein 178B-like	1	Y	1
gene-LOC120056646	LOC120056646	wiskott-Aldrich syndrome protein family member 3-like	1	Y	7
gene-LOC120056787_10			1		0
gene-LOC120056787_11			1		0
gene-LOC120056787_9			1		0
gene-LOC120056801	LOC120056801	uncharacterized LOC120056801	1	Y	0
gene-LOC120056819_1			1		0
gene-LOC120056841_1			1		0
gene-LOC120056868	LOC120056868	diacylglycerol lipase-alpha-like	1	Y	3
gene-LOC120056877	LOC120056877	homeobox protein aristaless-like 4	1	Y	3
gene-LOC120056951	LOC120056951	protein transport protein Sec24A-like	1	Y	7
gene-LOC120056966	LOC120056966	mitochondrial inner membrane protease subunit 1-like	1	Y	5
gene-LOC120056987_1			1		0
gene-LOC120057066_1			1		0
gene-LOC120057317	LOC120057317	U7 small nuclear RNA	1	Y	0
gene-LOC120057334	LOC120057334	small nucleolar RNA SNORA68	1	Y	0
gene-LOC120057372	LOC120057372	small nucleolar RNA SNORA19	1	Y	0
gene-LOC120057794	LOC120057794	1-acyl-sn-glycerol-3-phosphate acyltransferase gamma-like	1	Y	3
gene-LOC120057978	LOC120057978	tetraspanin-7-like	1	Y	1
gene-LOC120057979	LOC120057979	mid1-interacting protein 1-B-like	1	Y	2
gene-LOC120058290_1			1		0
gene-LOC120058291_1			1		0
gene-LOC120058292_1			1		0
gene-LOC120058480	LOC120058480	zinc finger protein 23-like	1	Y	5
gene-LOC120058484_1			1		0
gene-LOC120058485_1			1		0
gene-LOC120058698_2			1		0
gene-LOC120058698_3			1		0
gene-LOC120058839_2			1		0
gene-LOC120058927_1			1		0
gene-LOC120058961_1			1		0
gene-LOC120059142_1			1		0
gene-LOC120059282_1			1		0
gene-LOC120059541	LOC120059541	G-protein coupled receptor 61-like	1	Y	5
gene-LOC120059635_2			1		0
gene-LOC120059647_2			1		0
gene-LOC120059647_3			1		0
gene-LOC120059647_4			1		0
gene-LOC120059647_5			1		0
gene-LOC120059647_6			1		0
gene-LOC120059647_7			1		0
gene-LOC120059647_8			1		0
gene-LOC120059647_9			1		0
gene-LOC120059772_1			1		0
gene-LOC120059824_1			1		0
gene-LOC120060165_1			1		0
gene-LOC120060543_1			1		0
gene-LOC120060601_2			1		0
gene-LOC120060601_3			1		0
gene-LOC120060841	LOC120060841	brain-specific angiogenesis inhibitor 1-associated protein 2-like	2	Y	7
gene-LOC120060841_1			1		0
gene-LOC120060897_1			1		0
gene-LOC120060929	LOC120060929	LHFPL tetraspan subfamily member 4 protein-like	1	Y	6
gene-LOC120060933	LOC120060933	LHFPL tetraspan subfamily member 4 protein-like	1	Y	6
gene-LOC120061057_1			1		0
gene-LOC120061384_1			1		0
gene-LOC120061633	LOC120061633	sodium- and chloride-dependent GABA transporter 1-like	1	Y	6
gene-LOC120061724_25			1		0
gene-LOC120061724_26			1		0
gene-LOC120061724_27			1		0
gene-LOC120061724_28			1		0
gene-LOC120061724_29			1		0
gene-LOC120061724_30			1		0
gene-LOC120061724_31			1		0
gene-LOC120061724_32			1		0
gene-LOC120061724_33			1		0
gene-LOC120061724_34			1		0
gene-LOC120061724_35			1		0
gene-LOC120061733_13			1		0
gene-LOC120061733_14			1		0
gene-LOC120061733_15			1		0
gene-LOC120061733_16			1		0
gene-LOC120061733_17			1		0
gene-LOC120061733_18			1		0
gene-LOC120061733_19			1		0
gene-LOC120061733_20			1		0
gene-LOC120061735_10			1		0
gene-LOC120061735_11			1		0
gene-LOC120061735_4			1		0
gene-LOC120061735_5			1		0
gene-LOC120061735_6			1		0
gene-LOC120061735_7			1		0
gene-LOC120061735_8			1		0
gene-LOC120061735_9			1		0
gene-LOC120061736	LOC120061736	U1 spliceosomal RNA	3	Y	0
gene-LOC120061736_1			1		0
gene-LOC120061736_2			1		0
gene-LOC120061737_10			1		0
gene-LOC120061737_11			1		0
gene-LOC120061737_12			1		0
gene-LOC120061737_13			1		0
gene-LOC120061737_14			1		0
gene-LOC120061737_15			1		0
gene-LOC120061737_7			1		0
gene-LOC120061737_8			1		0
gene-LOC120061737_9			1		0
gene-LOC120061740_3			1		0
gene-LOC120061740_4			1		0
gene-LOC120061740_5			1		0
gene-LOC120061740_6			1		0
gene-LOC120061740_7			1		0
gene-LOC120061740_8			1		0
gene-LOC120061748_10			1		0
gene-LOC120061748_11			1		0
gene-LOC120061748_12			1		0
gene-LOC120061748_13			1		0
gene-LOC120061748_14			1		0
gene-LOC120061748_15			1		0
gene-LOC120061748_3			1		0
gene-LOC120061748_4			1		0
gene-LOC120061748_5			1		0
gene-LOC120061748_6			1		0
gene-LOC120061748_7			1		0
gene-LOC120061748_8			1		0
gene-LOC120061748_9			1		0
gene-LOC120061753_1			1		0
gene-LOC120061883_1			1		0
gene-LOC120062138	LOC120062138	neuroblast differentiation-associated protein AHNAK-like	1	Y	5
gene-LOC120062522_1			1		0
gene-LOC120062523_1			1		0
gene-LOC120062569	LOC120062569	synaptopodin-like	1	Y	5
gene-LOC120062820	LOC120062820	perforin-1-like	1	Y	0
gene-LOC120063452	LOC120063452	cytosolic phospholipase A2-like	1	Y	0
gene-LOC120063453	LOC120063453	cytosolic phospholipase A2-like	1	Y	0
gene-LOC120063488_18			1		0
gene-LOC120063488_19			1		0
gene-LOC120063488_20			1		0
gene-LOC120063488_21			1		0
gene-LOC120063488_22			1		0
gene-LOC120063488_23			1		0
gene-LOC120063488_24			1		0
gene-LOC120063488_25			1		0
gene-LOC120063720_1			1		0
gene-LOC120063770_30			1		0
gene-LOC120063770_31			1		0
gene-LOC120063770_32			1		0
gene-LOC120063770_33			1		0
gene-LOC120063770_34			1		0
gene-LOC120063770_35			1		0
gene-LOC120063770_36			1		0
gene-LOC120063787	LOC120063787	guanylate-binding protein 1-like	1	Y	2
gene-LOC120063956	LOC120063956	E3 SUMO-protein ligase RanBP2-like	1	Y	6
gene-LOC120064104	LOC120064104	uncharacterized LOC120064104	1	Y	0
gene-LOC120064105	LOC120064105	uncharacterized LOC120064105	1	Y	0
gene-LOC120064285_1			1		0
gene-LOC120064291_1			1		0
gene-LOC120064292_1			1		0
gene-LOC120064653	LOC120064653	ladderlectin-like	1	Y	1
gene-LOC120064667_2			1		0
gene-LOC120064667_3			1		0
gene-LOC120064750_1			1		0
gene-LOC120064863_1			1		0
gene-LOC120064863_2			1		0
gene-LOC120064863_3			1		0
gene-LOC120064863_4			1		0
gene-LOC120064863_5			1		0
gene-LOC120064867_1			1		0
gene-LOC120064886	LOC120064886	protein PELPK1-like	1	Y	0
gene-LOC120064916_1			1		0
gene-LOC120065673	LOC120065673	axin-2-like	1	Y	1
gene-LOC120065725	LOC120065725	E3 ubiquitin/ISG15 ligase TRIM25-like	1	Y	2
gene-LOC120065794	LOC120065794	growth arrest-specific protein 2-like	1	Y	5
gene-LOC120065853	LOC120065853	semaphorin-3E-like	1	Y	9
gene-LOC120065968_1			1		0
gene-LOC120066511	LOC120066511	small VCP/p97-interacting protein-like	1	Y	5
gene-LOC120066519_1			1		0
gene-LOC120066594_47			1		0
gene-LOC120066594_48			1		0
gene-LOC120066594_49			1		0
gene-LOC120066716	LOC120066716	high choriolytic enzyme 2-like	1	Y	3
gene-LOC120066791	LOC120066791	growth arrest-specific protein 2-like	1	Y	5
gene-LOC120066818	LOC120066818	U5 spliceosomal RNA	1	Y	0
gene-LOC120066824	LOC120066824	U5 spliceosomal RNA	1	Y	0
gene-LOC120066834	LOC120066834	U5 spliceosomal RNA	1	Y	0
gene-LOC120066835	LOC120066835	U5 spliceosomal RNA	1	Y	0
gene-LOC120066846	LOC120066846	U5 spliceosomal RNA	1	Y	0
gene-LOC120066849	LOC120066849	U5 spliceosomal RNA	1	Y	0
gene-LOC120066857_1			1		0
gene-LOC120066885	LOC120066885	U2 spliceosomal RNA	1	Y	0
gene-LOC120066886	LOC120066886	U2 spliceosomal RNA	1	Y	0
gene-LOC120066895	LOC120066895	U2 spliceosomal RNA	1	Y	0
gene-LOC120066897	LOC120066897	U2 spliceosomal RNA	1	Y	0
gene-adam15	adam15	ADAM metallopeptidase domain 15	1	Y	6
gene-aida	aida	axin interactor, dorsalization associated	1	Y	3
gene-ano9b	ano9b	anoctamin 9b	1	Y	4
gene-apba2b	apba2b	amyloid beta (A4) precursor protein-binding, family A, member 2b	1	Y	6
gene-arhgap44a	arhgap44a	Rho GTPase activating protein 44a	1	Y	15
gene-atad5a	atad5a	ATPase family AAA domain containing 5a	1	Y	5
gene-azin1b_1			1		0
gene-bglapl_1			1		0
gene-bnc2	bnc2	basonuclin 2	1	Y	2
gene-c3h16orf89	c3h16orf89	chromosome 3 C16orf89 homolog	1	Y	2
gene-c3h17orf75	c3h17orf75	chromosome 3 C17orf75 homolog	1	Y	2
gene-c5h8orf37	c5h8orf37	chromosome 5 C8orf37 homolog	1	Y	1
gene-c6ast1_3			1		0
gene-c6ast1_4			1		0
gene-cbx4	cbx4	chromobox homolog 4 (Pc class homolog, Drosophila)	1	Y	1
gene-cbx8a	cbx8a	chromobox homolog 8a (Pc class homolog, Drosophila)	1	Y	0
gene-ccdc12	ccdc12	coiled-coil domain containing 12	1	Y	2
gene-ccka_1			1		0
gene-cd44a_1			1		0
gene-cd74a_1			1		0
gene-cdh17	cdh17	cadherin 17, LI cadherin (liver-intestine)	1	Y	11
gene-cdkn2a/b_1			1		0
gene-cep112	cep112	centrosomal protein 112	1	Y	0
gene-chrnd_1			1		0
gene-cmbl	cmbl	carboxymethylenebutenolidase homolog (Pseudomonas)	1	Y	1
gene-cntln	cntln	centlein, centrosomal protein	1	Y	4
gene-coq3	coq3	coenzyme Q3 methyltransferase	1	Y	2
gene-creb5b	creb5b	cAMP responsive element binding protein 5b	1	Y	3
gene-crybgx	crybgx	crystallin beta gamma X	1	Y	3
gene-dcst2	dcst2	DC-STAMP domain containing 2	1	Y	1
gene-dpep1	dpep1	dipeptidase 1	1	Y	2
gene-dynlt5_1			1		0
gene-eaf1	eaf1	ELL associated factor 1	1	Y	4
gene-fam214a_1			1		0
gene-fam89a_1			1		0
gene-fam8a1b	fam8a1b	family with sequence similarity 8 member A1b	1	Y	0
gene-fbxo46	fbxo46	F-box protein 46	1	Y	1
gene-fbxo7	fbxo7	F-box protein 7	1	Y	3
gene-fem1b_1			1		0
gene-flr	flr	fleer	1	Y	5
gene-golm2	golm2	golgi membrane protein 2	1	Y	0
gene-herpud2	herpud2	HERPUD family member 2	1	Y	2
gene-kdelr2b_1			1		0
gene-kiaa1549lb	kiaa1549lb	KIAA1549-like b	1	Y	0
gene-lhcgr	lhcgr	luteinizing hormone/choriogonadotropin receptor	1	Y	7
gene-mal2	mal2	mal, T cell differentiation protein 2	1	Y	3
gene-mfng	mfng	MFNG O-fucosylpeptide 3-beta-N-acetylglucosaminyltransferase	1	Y	3
gene-mstnb	mstnb	myostatin b	1	Y	5
gene-ndel1b	ndel1b	nudE neurodevelopment protein 1-like 1b	1	Y	13
gene-nitr7b_1			1		0
gene-paqr9	paqr9	progestin and adipoQ receptor family member 9	1	Y	2
gene-plek2	plek2	pleckstrin 2	1	Y	3
gene-plp1b_1			1		0
gene-plxnb2a.3	plxnb2a.3	plexin b2a, tandem duplicate 3	1	Y	9
gene-pnisr	pnisr	PNN-interacting serine/arginine-rich protein	1	Y	3
gene-polr2h_1			1		0
gene-pou3f2b	pou3f2b	POU class 3 homeobox 2b	1	Y	5
gene-prdm13	prdm13	PR domain containing 13	1	Y	2
gene-psip1a_1			1		0
gene-psmc4	psmc4	proteasome 26S subunit, ATPase 4	1	Y	5
gene-rad54b	rad54b	RAD54 homolog B	1	Y	6
gene-rims1b	rims1b	regulating synaptic membrane exocytosis 1b	1	Y	9
gene-rims2a	rims2a	regulating synaptic membrane exocytosis 2a	1	Y	9
gene-rnaset2l	rnaset2l	ribonuclease T2, like	1	Y	4
gene-rps24_1			1		0
gene-rrh_1			1		0
gene-rxrbb	rxrbb	retinoid x receptor, beta b	1	Y	11
gene-scml2	scml2	Scm polycomb group protein like 2	1	Y	3
gene-scn1ba	scn1ba	sodium channel, voltage-gated, type I, beta a	1	Y	5
gene-si:ch211-158d24.4_1			1		0
gene-si:ch211-197h24.6	si:ch211-197h24.6	uncharacterized si:ch211-197h24.6	1	Y	3
gene-si:dkey-199f5.8	si:dkey-199f5.8	beta-1,4-galactosyltransferase 3	1	Y	2
gene-si:dkey-22i16.7	si:dkey-22i16.7	skin secretory protein xP2	1	Y	0
gene-si:dkey-8e10.3_1			1		0
gene-slc1a2a_1			1		0
gene-slc24a5	slc24a5	solute carrier family 24 member 5	1	Y	6
gene-slc39a13	slc39a13	solute carrier family 39 member 13	1	Y	4
gene-slc8a2b	slc8a2b	solute carrier family 8 member 2b	1	Y	7
gene-snap91a	snap91a	synaptosome associated protein 91a	1	Y	11
gene-sp7	sp7	Sp7 transcription factor	1	Y	3
gene-srl	srl	sarcalumenin	1	Y	1
gene-stk16_1			1		0
gene-syngr3a	syngr3a	synaptogyrin 3a	1	Y	2
gene-tax1bp1b	tax1bp1b	Tax1 (human T-cell leukemia virus type I) binding protein 1b	1	Y	0
gene-tex10	tex10	testis expressed 10	1	Y	2
gene-timm50	timm50	translocase of inner mitochondrial membrane 50 homolog (S. cerevisiae)	1	Y	1
gene-tjp1a	tjp1a	tight junction protein 1a	1	Y	8
gene-tmem121aa	tmem121aa	transmembrane protein 121Aa	1	Y	0
gene-tpra	tpra	translocated promoter region a, nuclear basket protein	1	Y	4
gene-trak1a_1			1		0
gene-trnaa-agc-31	trnaa-agc	tRNA-Ala	1	Y	0
gene-trnaa-agc-31_1			1		0
gene-trnaa-agc-31_10			1		0
gene-trnaa-agc-31_11			1		0
gene-trnaa-agc-31_12			1		0
gene-trnaa-agc-31_13			1		0
gene-trnaa-agc-31_14			1		0
gene-trnaa-agc-31_15			1		0
gene-trnaa-agc-31_16			1		0
gene-trnaa-agc-31_17			1		0
gene-trnaa-agc-31_18			1		0
gene-trnaa-agc-31_19			1		0
gene-trnaa-agc-31_2			1		0
gene-trnaa-agc-31_20			1		0
gene-trnaa-agc-31_21			1		0
gene-trnaa-agc-31_22			1		0
gene-trnaa-agc-31_23			1		0
gene-trnaa-agc-31_24			1		0
gene-trnaa-agc-31_25			1		0
gene-trnaa-agc-31_26			1		0
gene-trnaa-agc-31_27			1		0
gene-trnaa-agc-31_28			1		0
gene-trnaa-agc-31_29			1		0
gene-trnaa-agc-31_3			1		0
gene-trnaa-agc-31_30			1		0
gene-trnaa-agc-31_31			1		0
gene-trnaa-agc-31_32			1		0
gene-trnaa-agc-31_33			1		0
gene-trnaa-agc-31_34			1		0
gene-trnaa-agc-31_35			1		0
gene-trnaa-agc-31_36			1		0
gene-trnaa-agc-31_37			1		0
gene-trnaa-agc-31_38			1		0
gene-trnaa-agc-31_39			1		0
gene-trnaa-agc-31_4			1		0
gene-trnaa-agc-31_40			1		0
gene-trnaa-agc-31_41			1		0
gene-trnaa-agc-31_42			1		0
gene-trnaa-agc-31_43			1		0
gene-trnaa-agc-31_44			1		0
gene-trnaa-agc-31_45			1		0
gene-trnaa-agc-31_46			1		0
gene-trnaa-agc-31_47			1		0
gene-trnaa-agc-31_48			1		0
gene-trnaa-agc-31_49			1		0
gene-trnaa-agc-31_5			1		0
gene-trnaa-agc-31_50			1		0
gene-trnaa-agc-31_6			1		0
gene-trnaa-agc-31_7			1		0
gene-trnaa-agc-31_8			1		0
gene-trnaa-agc-31_9			1		0
gene-trnaa-agc-34_1			1		0
gene-trnaa-cgc-22_1			1		0
gene-trnaa-cgc-7_1			1		0
gene-trnaa-ugc-57_1			1		0
gene-trnaa-ugc-57_2			1		0
gene-trnaa-ugc-57_3			1		0
gene-trnaa-ugc-57_4			1		0
gene-trnaa-ugc-57_5			1		0
gene-trnaa-ugc-58_1			1		0
gene-trnaa-ugc-58_2			1		0
gene-trnaa-ugc-59_1			1		0
gene-trnaa-ugc-59_2			1		0
gene-trnaa-ugc-60_1			1		0
gene-trnaa-ugc-60_2			1		0
gene-trnaa-ugc-87_1			1		0
gene-trnad-guc-12_49			1		0
gene-trnad-guc-13_35			1		0
gene-trnad-guc-13_36			1		0
gene-trnad-guc-13_37			1		0
gene-trnad-guc-13_38			1		0
gene-trnad-guc-13_39			1		0
gene-trnad-guc-13_40			1		0
gene-trnad-guc-13_41			1		0
gene-trnad-guc-13_42			1		0
gene-trnad-guc-13_43			1		0
gene-trnad-guc-13_44			1		0
gene-trnad-guc-13_45			1		0
gene-trnad-guc-13_46			1		0
gene-trnad-guc-14_33			1		0
gene-trnad-guc-14_34			1		0
gene-trnad-guc-14_35			1		0
gene-trnad-guc-14_36			1		0
gene-trnad-guc-14_37			1		0
gene-trnad-guc-14_38			1		0
gene-trnad-guc-14_39			1		0
gene-trnad-guc-14_40			1		0
gene-trnad-guc-14_41			1		0
gene-trnad-guc-14_42			1		0
gene-trnad-guc-14_43			1		0
gene-trnad-guc-14_44			1		0
gene-trnad-guc-14_45			1		0
gene-trnae-cuc-10_1			1		0
gene-trnae-cuc-10_2			1		0
gene-trnae-cuc-10_3			1		0
gene-trnae-cuc-10_4			1		0
gene-trnae-cuc-10_5			1		0
gene-trnae-cuc-10_6			1		0
gene-trnae-cuc-10_7			1		0
gene-trnae-cuc-10_8			1		0
gene-trnae-cuc-10_9			1		0
gene-trnae-cuc-11_1			1		0
gene-trnae-cuc-12_1			1		0
gene-trnae-cuc-12_2			1		0
gene-trnae-cuc-12_3			1		0
gene-trnae-cuc-13_1			1		0
gene-trnae-cuc-33_1			1		0
gene-trnae-cuc-35_2			1		0
gene-trnae-cuc-3_1			1		0
gene-trnae-cuc-6_44			1		0
gene-trnae-cuc-6_45			1		0
gene-trnae-cuc-6_46			1		0
gene-trnae-cuc-6_47			1		0
gene-trnae-cuc-6_48			1		0
gene-trnae-cuc-7_10			1		0
gene-trnae-cuc-7_11			1		0
gene-trnae-cuc-7_12			1		0
gene-trnae-cuc-7_13			1		0
gene-trnae-cuc-7_14			1		0
gene-trnae-cuc-7_15			1		0
gene-trnae-cuc-7_16			1		0
gene-trnae-cuc-7_17			1		0
gene-trnae-cuc-7_18			1		0
gene-trnae-cuc-7_19			1		0
gene-trnae-cuc-7_20			1		0
gene-trnae-cuc-7_21			1		0
gene-trnae-cuc-7_22			1		0
gene-trnae-cuc-7_23			1		0
gene-trnae-cuc-7_24			1		0
gene-trnae-cuc-7_25			1		0
gene-trnae-cuc-7_26			1		0
gene-trnae-cuc-7_27			1		0
gene-trnae-cuc-7_28			1		0
gene-trnae-cuc-7_29			1		0
gene-trnae-cuc-7_30			1		0
gene-trnae-cuc-7_31			1		0
gene-trnae-cuc-7_32			1		0
gene-trnae-cuc-7_33			1		0
gene-trnae-cuc-7_8			1		0
gene-trnae-cuc-7_9			1		0
gene-trnae-cuc-8_1			1		0
gene-trnae-cuc-8_10			1		0
gene-trnae-cuc-8_11			1		0
gene-trnae-cuc-8_12			1		0
gene-trnae-cuc-8_13			1		0
gene-trnae-cuc-8_2			1		0
gene-trnae-cuc-8_3			1		0
gene-trnae-cuc-8_4			1		0
gene-trnae-cuc-8_5			1		0
gene-trnae-cuc-8_6			1		0
gene-trnae-cuc-8_7			1		0
gene-trnae-cuc-8_8			1		0
gene-trnae-cuc-8_9			1		0
gene-trnae-cuc-9_1			1		0
gene-trnae-cuc-9_10			1		0
gene-trnae-cuc-9_11			1		0
gene-trnae-cuc-9_12			1		0
gene-trnae-cuc-9_13			1		0
gene-trnae-cuc-9_14			1		0
gene-trnae-cuc-9_15			1		0
gene-trnae-cuc-9_2			1		0
gene-trnae-cuc-9_3			1		0
gene-trnae-cuc-9_4			1		0
gene-trnae-cuc-9_5			1		0
gene-trnae-cuc-9_6			1		0
gene-trnae-cuc-9_7			1		0
gene-trnae-cuc-9_8			1		0
gene-trnae-cuc-9_9			1		0
gene-trnae-cuc_28			1		0
gene-trnae-cuc_29			1		0
gene-trnae-cuc_30			1		0
gene-trnae-uuc-10_1			1		0
gene-trnae-uuc-10_2			1		0
gene-trnae-uuc-10_3			1		0
gene-trnae-uuc-10_4			1		0
gene-trnae-uuc-10_5			1		0
gene-trnae-uuc-10_6			1		0
gene-trnae-uuc-10_7			1		0
gene-trnae-uuc-10_8			1		0
gene-trnae-uuc-10_9			1		0
gene-trnae-uuc-11_1			1		0
gene-trnae-uuc-11_2			1		0
gene-trnae-uuc-11_3			1		0
gene-trnae-uuc-11_4			1		0
gene-trnae-uuc-11_5			1		0
gene-trnae-uuc-11_6			1		0
gene-trnae-uuc-11_7			1		0
gene-trnae-uuc-11_8			1		0
gene-trnae-uuc-12_1			1		0
gene-trnae-uuc-12_2			1		0
gene-trnae-uuc-12_3			1		0
gene-trnae-uuc-12_4			1		0
gene-trnae-uuc-12_5			1		0
gene-trnae-uuc-13	trnae-uuc	tRNA-Glu	1	Y	0
gene-trnae-uuc-13_1			1		0
gene-trnae-uuc-13_10			1		0
gene-trnae-uuc-13_11			1		0
gene-trnae-uuc-13_12			1		0
gene-trnae-uuc-13_13			1		0
gene-trnae-uuc-13_14			1		0
gene-trnae-uuc-13_15			1		0
gene-trnae-uuc-13_16			1		0
gene-trnae-uuc-13_17			1		0
gene-trnae-uuc-13_18			1		0
gene-trnae-uuc-13_19			1		0
gene-trnae-uuc-13_2			1		0
gene-trnae-uuc-13_20			1		0
gene-trnae-uuc-13_21			1		0
gene-trnae-uuc-13_22			1		0
gene-trnae-uuc-13_23			1		0
gene-trnae-uuc-13_24			1		0
gene-trnae-uuc-13_25			1		0
gene-trnae-uuc-13_3			1		0
gene-trnae-uuc-13_4			1		0
gene-trnae-uuc-13_5			1		0
gene-trnae-uuc-13_6			1		0
gene-trnae-uuc-13_7			1		0
gene-trnae-uuc-13_8			1		0
gene-trnae-uuc-13_9			1		0
gene-trnae-uuc-14	trnae-uuc	tRNA-Glu	1	Y	0
gene-trnae-uuc-15	trnae-uuc	tRNA-Glu	1	Y	0
gene-trnae-uuc-15_1			1		0
gene-trnae-uuc-15_10			1		0
gene-trnae-uuc-15_11			1		0
gene-trnae-uuc-15_12			1		0
gene-trnae-uuc-15_13			1		0
gene-trnae-uuc-15_2			1		0
gene-trnae-uuc-15_3			1		0
gene-trnae-uuc-15_4			1		0
gene-trnae-uuc-15_5			1		0
gene-trnae-uuc-15_6			1		0
gene-trnae-uuc-15_7			1		0
gene-trnae-uuc-15_8			1		0
gene-trnae-uuc-15_9			1		0
gene-trnae-uuc-16_2			1		0
gene-trnae-uuc-16_3			1		0
gene-trnae-uuc-16_4			1		0
gene-trnae-uuc-16_5			1		0
gene-trnae-uuc-16_6			1		0
gene-trnae-uuc-16_7			1		0
gene-trnae-uuc-17	trnae-uuc	tRNA-Glu	1	Y	0
gene-trnae-uuc-23	trnae-uuc	tRNA-Glu	1	Y	0
gene-trnae-uuc-26_1			1		0
gene-trnae-uuc-26_2			1		0
gene-trnae-uuc-26_3			1		0
gene-trnae-uuc-29_10			1		0
gene-trnae-uuc-29_11			1		0
gene-trnae-uuc-29_6			1		0
gene-trnae-uuc-29_7			1		0
gene-trnae-uuc-29_8			1		0
gene-trnae-uuc-29_9			1		0
gene-trnae-uuc-2_41			1		0
gene-trnae-uuc-2_42			1		0
gene-trnae-uuc-2_43			1		0
gene-trnae-uuc-2_44			1		0
gene-trnae-uuc-2_45			1		0
gene-trnae-uuc-2_46			1		0
gene-trnae-uuc-2_47			1		0
gene-trnae-uuc-2_48			1		0
gene-trnae-uuc-2_49			1		0
gene-trnae-uuc-3_10			1		0
gene-trnae-uuc-3_11			1		0
gene-trnae-uuc-3_12			1		0
gene-trnae-uuc-3_13			1		0
gene-trnae-uuc-3_14			1		0
gene-trnae-uuc-3_15			1		0
gene-trnae-uuc-3_16			1		0
gene-trnae-uuc-3_17			1		0
gene-trnae-uuc-3_18			1		0
gene-trnae-uuc-3_19			1		0
gene-trnae-uuc-3_20			1		0
gene-trnae-uuc-3_21			1		0
gene-trnae-uuc-3_22			1		0
gene-trnae-uuc-3_23			1		0
gene-trnae-uuc-3_24			1		0
gene-trnae-uuc-3_25			1		0
gene-trnae-uuc-3_26			1		0
gene-trnae-uuc-3_27			1		0
gene-trnae-uuc-3_28			1		0
gene-trnae-uuc-3_29			1		0
gene-trnae-uuc-3_30			1		0
gene-trnae-uuc-3_31			1		0
gene-trnae-uuc-3_32			1		0
gene-trnae-uuc-3_33			1		0
gene-trnae-uuc-3_34			1		0
gene-trnae-uuc-3_35			1		0
gene-trnae-uuc-3_36			1		0
gene-trnae-uuc-3_37			1		0
gene-trnae-uuc-3_38			1		0
gene-trnae-uuc-3_39			1		0
gene-trnae-uuc-3_4			1		0
gene-trnae-uuc-3_40			1		0
gene-trnae-uuc-3_5			1		0
gene-trnae-uuc-3_6			1		0
gene-trnae-uuc-3_7			1		0
gene-trnae-uuc-3_8			1		0
gene-trnae-uuc-3_9			1		0
gene-trnae-uuc-4_10			1		0
gene-trnae-uuc-4_11			1		0
gene-trnae-uuc-4_12			1		0
gene-trnae-uuc-4_13			1		0
gene-trnae-uuc-4_14			1		0
gene-trnae-uuc-4_15			1		0
gene-trnae-uuc-4_16			1		0
gene-trnae-uuc-4_17			1		0
gene-trnae-uuc-4_18			1		0
gene-trnae-uuc-4_19			1		0
gene-trnae-uuc-4_2			1		0
gene-trnae-uuc-4_20			1		0
gene-trnae-uuc-4_21			1		0
gene-trnae-uuc-4_22			1		0
gene-trnae-uuc-4_23			1		0
gene-trnae-uuc-4_24			1		0
gene-trnae-uuc-4_25			1		0
gene-trnae-uuc-4_26			1		0
gene-trnae-uuc-4_27			1		0
gene-trnae-uuc-4_28			1		0
gene-trnae-uuc-4_29			1		0
gene-trnae-uuc-4_3			1		0
gene-trnae-uuc-4_30			1		0
gene-trnae-uuc-4_31			1		0
gene-trnae-uuc-4_32			1		0
gene-trnae-uuc-4_33			1		0
gene-trnae-uuc-4_4			1		0
gene-trnae-uuc-4_5			1		0
gene-trnae-uuc-4_6			1		0
gene-trnae-uuc-4_7			1		0
gene-trnae-uuc-4_8			1		0
gene-trnae-uuc-4_9			1		0
gene-trnae-uuc-5_1			1		0
gene-trnae-uuc-5_10			1		0
gene-trnae-uuc-5_11			1		0
gene-trnae-uuc-5_12			1		0
gene-trnae-uuc-5_13			1		0
gene-trnae-uuc-5_14			1		0
gene-trnae-uuc-5_15			1		0
gene-trnae-uuc-5_16			1		0
gene-trnae-uuc-5_17			1		0
gene-trnae-uuc-5_18			1		0
gene-trnae-uuc-5_19			1		0
gene-trnae-uuc-5_2			1		0
gene-trnae-uuc-5_20			1		0
gene-trnae-uuc-5_21			1		0
gene-trnae-uuc-5_22			1		0
gene-trnae-uuc-5_23			1		0
gene-trnae-uuc-5_24			1		0
gene-trnae-uuc-5_3			1		0
gene-trnae-uuc-5_4			1		0
gene-trnae-uuc-5_5			1		0
gene-trnae-uuc-5_6			1		0
gene-trnae-uuc-5_7			1		0
gene-trnae-uuc-5_8			1		0
gene-trnae-uuc-5_9			1		0
gene-trnae-uuc-6_1			1		0
gene-trnae-uuc-6_10			1		0
gene-trnae-uuc-6_11			1		0
gene-trnae-uuc-6_12			1		0
gene-trnae-uuc-6_13			1		0
gene-trnae-uuc-6_14			1		0
gene-trnae-uuc-6_15			1		0
gene-trnae-uuc-6_16			1		0
gene-trnae-uuc-6_17			1		0
gene-trnae-uuc-6_2			1		0
gene-trnae-uuc-6_3			1		0
gene-trnae-uuc-6_4			1		0
gene-trnae-uuc-6_5			1		0
gene-trnae-uuc-6_6			1		0
gene-trnae-uuc-6_7			1		0
gene-trnae-uuc-6_8			1		0
gene-trnae-uuc-6_9			1		0
gene-trnae-uuc-7_1			1		0
gene-trnae-uuc-7_10			1		0
gene-trnae-uuc-7_11			1		0
gene-trnae-uuc-7_12			1		0
gene-trnae-uuc-7_13			1		0
gene-trnae-uuc-7_14			1		0
gene-trnae-uuc-7_15			1		0
gene-trnae-uuc-7_16			1		0
gene-trnae-uuc-7_17			1		0
gene-trnae-uuc-7_2			1		0
gene-trnae-uuc-7_3			1		0
gene-trnae-uuc-7_4			1		0
gene-trnae-uuc-7_5			1		0
gene-trnae-uuc-7_6			1		0
gene-trnae-uuc-7_7			1		0
gene-trnae-uuc-7_8			1		0
gene-trnae-uuc-7_9			1		0
gene-trnae-uuc-8_1			1		0
gene-trnae-uuc-8_10			1		0
gene-trnae-uuc-8_11			1		0
gene-trnae-uuc-8_2			1		0
gene-trnae-uuc-8_3			1		0
gene-trnae-uuc-8_4			1		0
gene-trnae-uuc-8_5			1		0
gene-trnae-uuc-8_6			1		0
gene-trnae-uuc-8_7			1		0
gene-trnae-uuc-8_8			1		0
gene-trnae-uuc-8_9			1		0
gene-trnae-uuc-9_1			1		0
gene-trnae-uuc-9_10			1		0
gene-trnae-uuc-9_11			1		0
gene-trnae-uuc-9_2			1		0
gene-trnae-uuc-9_3			1		0
gene-trnae-uuc-9_4			1		0
gene-trnae-uuc-9_5			1		0
gene-trnae-uuc-9_6			1		0
gene-trnae-uuc-9_7			1		0
gene-trnae-uuc-9_8			1		0
gene-trnae-uuc-9_9			1		0
gene-trnae-uuc_22			1		0
gene-trnae-uuc_23			1		0
gene-trnae-uuc_24			1		0
gene-trnae-uuc_25			1		0
gene-trnae-uuc_26			1		0
gene-trnae-uuc_27			1		0
gene-trnae-uuc_28			1		0
gene-trnae-uuc_29			1		0
gene-trnae-uuc_30			1		0
gene-trnae-uuc_31			1		0
gene-trnae-uuc_32			1		0
gene-trnae-uuc_33			1		0
gene-trnae-uuc_34			1		0
gene-trnae-uuc_35			1		0
gene-trnae-uuc_36			1		0
gene-trnae-uuc_37			1		0
gene-trnae-uuc_38			1		0
gene-trnae-uuc_39			1		0
gene-trnae-uuc_40			1		0
gene-trnae-uuc_41			1		0
gene-trnae-uuc_42			1		0
gene-trnae-uuc_43			1		0
gene-trnae-uuc_44			1		0
gene-trnae-uuc_45			1		0
gene-trnae-uuc_46			1		0
gene-trnae-uuc_47			1		0
gene-trnae-uuc_48			1		0
gene-trnae-uuc_49			1		0
gene-trnae-uuc_50			1		0
gene-trnaf-gaa-21_17			1		0
gene-trnaf-gaa-21_18			1		0
gene-trnaf-gaa-21_19			1		0
gene-trnaf-gaa-21_20			1		0
gene-trnaf-gaa-21_21			1		0
gene-trnaf-gaa-21_22			1		0
gene-trnaf-gaa-21_23			1		0
gene-trnaf-gaa-21_24			1		0
gene-trnaf-gaa-21_25			1		0
gene-trnaf-gaa-21_26			1		0
gene-trnaf-gaa-21_27			1		0
gene-trnaf-gaa-21_28			1		0
gene-trnaf-gaa-21_29			1		0
gene-trnaf-gaa-21_30			1		0
gene-trnaf-gaa-21_31			1		0
gene-trnaf-gaa-21_32			1		0
gene-trnaf-gaa-21_33			1		0
gene-trnaf-gaa-21_34			1		0
gene-trnaf-gaa-21_35			1		0
gene-trnaf-gaa-29_12			1		0
gene-trnaf-gaa-29_13			1		0
gene-trnaf-gaa-5_1			1		0
gene-trnag-gcc-17_1			1		0
gene-trnag-gcc-17_2			1		0
gene-trnag-gcc-17_3			1		0
gene-trnag-gcc-17_4			1		0
gene-trnag-gcc-17_5			1		0
gene-trnag-gcc-18_10			1		0
gene-trnag-gcc-18_11			1		0
gene-trnag-gcc-18_12			1		0
gene-trnag-gcc-18_13			1		0
gene-trnag-gcc-18_14			1		0
gene-trnag-gcc-18_15			1		0
gene-trnag-gcc-18_16			1		0
gene-trnag-gcc-18_17			1		0
gene-trnag-gcc-18_18			1		0
gene-trnag-gcc-18_19			1		0
gene-trnag-gcc-18_20			1		0
gene-trnag-gcc-18_21			1		0
gene-trnag-gcc-18_22			1		0
gene-trnag-gcc-18_23			1		0
gene-trnag-gcc-18_24			1		0
gene-trnag-gcc-18_25			1		0
gene-trnag-gcc-18_26			1		0
gene-trnag-gcc-18_27			1		0
gene-trnag-gcc-18_28			1		0
gene-trnag-gcc-18_29			1		0
gene-trnag-gcc-18_30			1		0
gene-trnag-gcc-18_31			1		0
gene-trnag-gcc-18_32			1		0
gene-trnag-gcc-18_33			1		0
gene-trnag-gcc-18_34			1		0
gene-trnag-gcc-18_35			1		0
gene-trnag-gcc-18_36			1		0
gene-trnag-gcc-18_37			1		0
gene-trnag-gcc-18_38			1		0
gene-trnag-gcc-18_39			1		0
gene-trnag-gcc-18_40			1		0
gene-trnag-gcc-18_6			1		0
gene-trnag-gcc-18_7			1		0
gene-trnag-gcc-18_8			1		0
gene-trnag-gcc-18_9			1		0
gene-trnag-gcc-27_45			1		0
gene-trnag-gcc-27_46			1		0
gene-trnag-gcc-29_20			1		0
gene-trnag-gcc-29_21			1		0
gene-trnag-gcc-29_22			1		0
gene-trnag-gcc-29_23			1		0
gene-trnag-gcc-29_24			1		0
gene-trnag-gcc-29_25			1		0
gene-trnag-gcc-29_26			1		0
gene-trnag-gcc-29_27			1		0
gene-trnag-gcc-29_28			1		0
gene-trnag-gcc-29_29			1		0
gene-trnag-gcc-29_30			1		0
gene-trnag-gcc-29_31			1		0
gene-trnag-gcc-29_32			1		0
gene-trnag-gcc-29_33			1		0
gene-trnag-gcc-29_34			1		0
gene-trnag-gcc-29_35			1		0
gene-trnag-gcc-29_36			1		0
gene-trnag-gcc-29_37			1		0
gene-trnag-gcc-29_38			1		0
gene-trnag-gcc-29_39			1		0
gene-trnag-gcc-29_40			1		0
gene-trnag-gcc-29_41			1		0
gene-trnag-gcc-29_42			1		0
gene-trnag-gcc-29_43			1		0
gene-trnag-gcc-29_44			1		0
gene-trnag-gcc-30_1			1		0
gene-trnag-gcc-30_2			1		0
gene-trnag-gcc-32_7			1		0
gene-trnag-gcc-3_26			1		0
gene-trnag-gcc-3_27			1		0
gene-trnag-gcc-3_28			1		0
gene-trnag-gcc-3_29			1		0
gene-trnag-gcc-3_30			1		0
gene-trnag-gcc-3_31			1		0
gene-trnag-gcc-3_32			1		0
gene-trnag-gcc-3_33			1		0
gene-trnag-gcc_22			1		0
gene-trnag-gcc_23			1		0
gene-trnag-gcc_24			1		0
gene-trnag-gcc_25			1		0
gene-trnag-gcc_26			1		0
gene-trnag-gcc_27			1		0
gene-trnag-gcc_28			1		0
gene-trnag-gcc_29			1		0
gene-trnag-gcc_30			1		0
gene-trnag-gcc_31			1		0
gene-trnag-gcc_32			1		0
gene-trnag-gcc_33			1		0
gene-trnag-gcc_34			1		0
gene-trnag-ucc-10_10			1		0
gene-trnag-ucc-10_11			1		0
gene-trnag-ucc-10_9			1		0
gene-trnag-ucc-11_10			1		0
gene-trnag-ucc-11_5			1		0
gene-trnag-ucc-11_6			1		0
gene-trnag-ucc-11_7			1		0
gene-trnag-ucc-11_8			1		0
gene-trnag-ucc-11_9			1		0
gene-trnag-ucc-12_22			1		0
gene-trnag-ucc-12_23			1		0
gene-trnag-ucc-12_24			1		0
gene-trnag-ucc-12_25			1		0
gene-trnag-ucc-12_26			1		0
gene-trnag-ucc-14_5			1		0
gene-trnag-ucc-16_3			1		0
gene-trnag-ucc-30_1			1		0
gene-trnag-ucc-32	trnag-ucc	tRNA-Gly	1	Y	0
gene-trnag-ucc-34_3			1		0
gene-trnag-ucc-34_4			1		0
gene-trnag-ucc-35_4			1		0
gene-trnag-ucc-35_5			1		0
gene-trnag-ucc-36_2			1		0
gene-trnag-ucc-36_3			1		0
gene-trnag-ucc-36_4			1		0
gene-trnag-ucc-37_1			1		0
gene-trnag-ucc-38_1			1		0
gene-trnag-ucc-39_1			1		0
gene-trnag-ucc-39_2			1		0
gene-trnag-ucc-4	trnag-ucc	tRNA-Gly	1	Y	0
gene-trnag-ucc-42_1			1		0
gene-trnag-ucc-81	trnag-ucc	tRNA-Gly	1	Y	0
gene-trnag-ucc-82	trnag-ucc	tRNA-Gly	1	Y	0
gene-trnag-ucc-83	trnag-ucc	tRNA-Gly	1	Y	0
gene-trnag-ucc-84	trnag-ucc	tRNA-Gly	1	Y	0
gene-trnag-ucc-8_19			1		0
gene-trnag-ucc-8_20			1		0
gene-trnag-ucc-9_10			1		0
gene-trnag-ucc-9_11			1		0
gene-trnag-ucc-9_12			1		0
gene-trnag-ucc-9_13			1		0
gene-trnag-ucc-9_14			1		0
gene-trnag-ucc-9_15			1		0
gene-trnag-ucc-9_8			1		0
gene-trnag-ucc-9_9			1		0
gene-trnah-gug-14_47			1		0
gene-trnah-gug-14_48			1		0
gene-trnah-gug-17_25			1		0
gene-trnah-gug-2_14			1		0
gene-trnah-gug-2_15			1		0
gene-trnah-gug-2_16			1		0
gene-trnah-gug-6_27			1		0
gene-trnah-gug-6_28			1		0
gene-trnah-gug-6_29			1		0
gene-trnah-gug-6_30			1		0
gene-trnah-gug-6_31			1		0
gene-trnah-gug-6_32			1		0
gene-trnai-aau-10	trnai-aau	tRNA-Ile	1	Y	0
gene-trnai-aau-10_1			1		0
gene-trnai-aau-10_10			1		0
gene-trnai-aau-10_11			1		0
gene-trnai-aau-10_12			1		0
gene-trnai-aau-10_13			1		0
gene-trnai-aau-10_2			1		0
gene-trnai-aau-10_3			1		0
gene-trnai-aau-10_4			1		0
gene-trnai-aau-10_5			1		0
gene-trnai-aau-10_6			1		0
gene-trnai-aau-10_7			1		0
gene-trnai-aau-10_8			1		0
gene-trnai-aau-10_9			1		0
gene-trnai-aau-11	trnai-aau	tRNA-Ile	1	Y	0
gene-trnai-aau-11_1			1		0
gene-trnai-aau-11_10			1		0
gene-trnai-aau-11_11			1		0
gene-trnai-aau-11_12			1		0
gene-trnai-aau-11_13			1		0
gene-trnai-aau-11_14			1		0
gene-trnai-aau-11_15			1		0
gene-trnai-aau-11_16			1		0
gene-trnai-aau-11_17			1		0
gene-trnai-aau-11_18			1		0
gene-trnai-aau-11_19			1		0
gene-trnai-aau-11_2			1		0
gene-trnai-aau-11_3			1		0
gene-trnai-aau-11_4			1		0
gene-trnai-aau-11_5			1		0
gene-trnai-aau-11_6			1		0
gene-trnai-aau-11_7			1		0
gene-trnai-aau-11_8			1		0
gene-trnai-aau-11_9			1		0
gene-trnai-aau-12	trnai-aau	tRNA-Ile	1	Y	0
gene-trnai-aau-12_1			1		0
gene-trnai-aau-12_2			1		0
gene-trnai-aau-12_3			1		0
gene-trnai-aau-12_4			1		0
gene-trnai-aau-13_1			1		0
gene-trnai-aau-13_10			1		0
gene-trnai-aau-13_11			1		0
gene-trnai-aau-13_12			1		0
gene-trnai-aau-13_13			1		0
gene-trnai-aau-13_2			1		0
gene-trnai-aau-13_3			1		0
gene-trnai-aau-13_4			1		0
gene-trnai-aau-13_5			1		0
gene-trnai-aau-13_6			1		0
gene-trnai-aau-13_7			1		0
gene-trnai-aau-13_8			1		0
gene-trnai-aau-13_9			1		0
gene-trnai-aau-14	trnai-aau	tRNA-Ile	1	Y	0
gene-trnai-aau-14_1			1		0
gene-trnai-aau-14_10			1		0
gene-trnai-aau-14_11			1		0
gene-trnai-aau-14_2			1		0
gene-trnai-aau-14_3			1		0
gene-trnai-aau-14_4			1		0
gene-trnai-aau-14_5			1		0
gene-trnai-aau-14_6			1		0
gene-trnai-aau-14_7			1		0
gene-trnai-aau-14_8			1		0
gene-trnai-aau-14_9			1		0
gene-trnai-aau-16	trnai-aau	tRNA-Ile	1	Y	0
gene-trnai-aau-16_1			1		0
gene-trnai-aau-16_2			1		0
gene-trnai-aau-16_3			1		0
gene-trnai-aau-16_4			1		0
gene-trnai-aau-17	trnai-aau	tRNA-Ile	1	Y	0
gene-trnai-aau-17_1			1		0
gene-trnai-aau-17_2			1		0
gene-trnai-aau-17_3			1		0
gene-trnai-aau-17_4			1		0
gene-trnai-aau-17_5			1		0
gene-trnai-aau-17_6			1		0
gene-trnai-aau-17_7			1		0
gene-trnai-aau-17_8			1		0
gene-trnai-aau-17_9			1		0
gene-trnai-aau-19	trnai-aau	tRNA-Ile	1	Y	0
gene-trnai-aau-19_1			1		0
gene-trnai-aau-19_2			1		0
gene-trnai-aau-19_3			1		0
gene-trnai-aau-19_4			1		0
gene-trnai-aau-19_5			1		0
gene-trnai-aau-20	trnai-aau	tRNA-Ile	1	Y	0
gene-trnai-aau-20_1			1		0
gene-trnai-aau-20_2			1		0
gene-trnai-aau-21_18			1		0
gene-trnai-aau-21_19			1		0
gene-trnai-aau-23	trnai-aau	tRNA-Ile	1	Y	0
gene-trnai-aau-23_1			1		0
gene-trnai-aau-23_2			1		0
gene-trnai-aau-25	trnai-aau	tRNA-Ile	1	Y	0
gene-trnai-aau-25_1			1		0
gene-trnai-aau-26	trnai-aau	tRNA-Ile	1	Y	0
gene-trnai-aau-26_1			1		0
gene-trnai-aau-26_2			1		0
gene-trnai-aau-26_3			1		0
gene-trnai-aau-27_3			1		0
gene-trnai-aau-27_4			1		0
gene-trnai-aau-27_5			1		0
gene-trnai-aau-28	trnai-aau	tRNA-Ile	1	Y	0
gene-trnai-aau-28_1			1		0
gene-trnai-aau-28_10			1		0
gene-trnai-aau-28_11			1		0
gene-trnai-aau-28_12			1		0
gene-trnai-aau-28_13			1		0
gene-trnai-aau-28_14			1		0
gene-trnai-aau-28_15			1		0
gene-trnai-aau-28_16			1		0
gene-trnai-aau-28_17			1		0
gene-trnai-aau-28_18			1		0
gene-trnai-aau-28_19			1		0
gene-trnai-aau-28_2			1		0
gene-trnai-aau-28_20			1		0
gene-trnai-aau-28_21			1		0
gene-trnai-aau-28_22			1		0
gene-trnai-aau-28_23			1		0
gene-trnai-aau-28_24			1		0
gene-trnai-aau-28_25			1		0
gene-trnai-aau-28_26			1		0
gene-trnai-aau-28_27			1		0
gene-trnai-aau-28_28			1		0
gene-trnai-aau-28_29			1		0
gene-trnai-aau-28_3			1		0
gene-trnai-aau-28_30			1		0
gene-trnai-aau-28_31			1		0
gene-trnai-aau-28_32			1		0
gene-trnai-aau-28_33			1		0
gene-trnai-aau-28_34			1		0
gene-trnai-aau-28_35			1		0
gene-trnai-aau-28_4			1		0
gene-trnai-aau-28_5			1		0
gene-trnai-aau-28_6			1		0
gene-trnai-aau-28_7			1		0
gene-trnai-aau-28_8			1		0
gene-trnai-aau-28_9			1		0
gene-trnai-aau-29_1			1		0
gene-trnai-aau-29_2			1		0
gene-trnai-aau-29_3			1		0
gene-trnai-aau-29_4			1		0
gene-trnai-aau-29_5			1		0
gene-trnai-aau-29_6			1		0
gene-trnai-aau-32	trnai-aau	tRNA-Ile	1	Y	0
gene-trnai-aau-33	trnai-aau	tRNA-Ile	1	Y	0
gene-trnai-aau-36	trnai-aau	tRNA-Ile	1	Y	0
gene-trnai-aau-39	trnai-aau	tRNA-Ile	1	Y	0
gene-trnai-aau-40	trnai-aau	tRNA-Ile	1	Y	0
gene-trnai-aau-41	trnai-aau	tRNA-Ile	1	Y	0
gene-trnai-aau-41_1			1		0
gene-trnai-aau-42	trnai-aau	tRNA-Ile	1	Y	0
gene-trnai-aau-43	trnai-aau	tRNA-Ile	1	Y	0
gene-trnai-aau-44_2			1		0
gene-trnai-aau-44_3			1		0
gene-trnai-aau-45	trnai-aau	tRNA-Ile	1	Y	0
gene-trnai-aau-46	trnai-aau	tRNA-Ile	1	Y	0
gene-trnai-aau-46_1			1		0
gene-trnai-aau-47	trnai-aau	tRNA-Ile	1	Y	0
gene-trnai-aau-48	trnai-aau	tRNA-Ile	1	Y	0
gene-trnai-aau-5	trnai-aau	tRNA-Ile	1	Y	0
gene-trnai-aau-50_2			1		0
gene-trnai-aau-50_3			1		0
gene-trnai-aau-50_4			1		0
gene-trnai-aau-51	trnai-aau	tRNA-Ile	1	Y	0
gene-trnai-aau-51_1			1		0
gene-trnai-aau-51_2			1		0
gene-trnai-aau-51_3			1		0
gene-trnai-aau-51_4			1		0
gene-trnai-aau-51_5			1		0
gene-trnai-aau-51_6			1		0
gene-trnai-aau-51_7			1		0
gene-trnai-aau-52_1			1		0
gene-trnai-aau-52_2			1		0
gene-trnai-aau-52_3			1		0
gene-trnai-aau-52_4			1		0
gene-trnai-aau-53	trnai-aau	tRNA-Ile	1	Y	0
gene-trnai-aau-54	trnai-aau	tRNA-Ile	1	Y	0
gene-trnai-aau-55	trnai-aau	tRNA-Ile	1	Y	0
gene-trnai-aau-55_1			1		0
gene-trnai-aau-55_2			1		0
gene-trnai-aau-55_3			1		0
gene-trnai-aau-55_4			1		0
gene-trnai-aau-5_1			1		0
gene-trnai-aau-5_10			1		0
gene-trnai-aau-5_11			1		0
gene-trnai-aau-5_12			1		0
gene-trnai-aau-5_13			1		0
gene-trnai-aau-5_14			1		0
gene-trnai-aau-5_15			1		0
gene-trnai-aau-5_16			1		0
gene-trnai-aau-5_17			1		0
gene-trnai-aau-5_18			1		0
gene-trnai-aau-5_19			1		0
gene-trnai-aau-5_2			1		0
gene-trnai-aau-5_20			1		0
gene-trnai-aau-5_21			1		0
gene-trnai-aau-5_22			1		0
gene-trnai-aau-5_23			1		0
gene-trnai-aau-5_3			1		0
gene-trnai-aau-5_4			1		0
gene-trnai-aau-5_5			1		0
gene-trnai-aau-5_6			1		0
gene-trnai-aau-5_7			1		0
gene-trnai-aau-5_8			1		0
gene-trnai-aau-5_9			1		0
gene-trnai-aau-6	trnai-aau	tRNA-Ile	1	Y	0
gene-trnai-aau-7	trnai-aau	tRNA-Ile	1	Y	0
gene-trnai-aau-7_1			1		0
gene-trnai-aau-7_10			1		0
gene-trnai-aau-7_11			1		0
gene-trnai-aau-7_12			1		0
gene-trnai-aau-7_13			1		0
gene-trnai-aau-7_14			1		0
gene-trnai-aau-7_15			1		0
gene-trnai-aau-7_16			1		0
gene-trnai-aau-7_17			1		0
gene-trnai-aau-7_18			1		0
gene-trnai-aau-7_19			1		0
gene-trnai-aau-7_2			1		0
gene-trnai-aau-7_20			1		0
gene-trnai-aau-7_21			1		0
gene-trnai-aau-7_22			1		0
gene-trnai-aau-7_23			1		0
gene-trnai-aau-7_24			1		0
gene-trnai-aau-7_25			1		0
gene-trnai-aau-7_26			1		0
gene-trnai-aau-7_27			1		0
gene-trnai-aau-7_28			1		0
gene-trnai-aau-7_29			1		0
gene-trnai-aau-7_3			1		0
gene-trnai-aau-7_30			1		0
gene-trnai-aau-7_31			1		0
gene-trnai-aau-7_32			1		0
gene-trnai-aau-7_33			1		0
gene-trnai-aau-7_34			1		0
gene-trnai-aau-7_35			1		0
gene-trnai-aau-7_36			1		0
gene-trnai-aau-7_37			1		0
gene-trnai-aau-7_38			1		0
gene-trnai-aau-7_39			1		0
gene-trnai-aau-7_4			1		0
gene-trnai-aau-7_40			1		0
gene-trnai-aau-7_5			1		0
gene-trnai-aau-7_6			1		0
gene-trnai-aau-7_7			1		0
gene-trnai-aau-7_8			1		0
gene-trnai-aau-7_9			1		0
gene-trnai-aau-8	trnai-aau	tRNA-Ile	1	Y	0
gene-trnai-aau-8_1			1		0
gene-trnai-aau-8_10			1		0
gene-trnai-aau-8_11			1		0
gene-trnai-aau-8_12			1		0
gene-trnai-aau-8_13			1		0
gene-trnai-aau-8_14			1		0
gene-trnai-aau-8_15			1		0
gene-trnai-aau-8_16			1		0
gene-trnai-aau-8_17			1		0
gene-trnai-aau-8_18			1		0
gene-trnai-aau-8_19			1		0
gene-trnai-aau-8_2			1		0
gene-trnai-aau-8_20			1		0
gene-trnai-aau-8_21			1		0
gene-trnai-aau-8_22			1		0
gene-trnai-aau-8_23			1		0
gene-trnai-aau-8_24			1		0
gene-trnai-aau-8_25			1		0
gene-trnai-aau-8_26			1		0
gene-trnai-aau-8_27			1		0
gene-trnai-aau-8_28			1		0
gene-trnai-aau-8_3			1		0
gene-trnai-aau-8_4			1		0
gene-trnai-aau-8_5			1		0
gene-trnai-aau-8_6			1		0
gene-trnai-aau-8_7			1		0
gene-trnai-aau-8_8			1		0
gene-trnai-aau-8_9			1		0
gene-trnai-aau-9	trnai-aau	tRNA-Ile	1	Y	0
gene-trnai-uau-20_9			1		0
gene-trnai-uau-2_36			1		0
gene-trnai-uau-3_16			1		0
gene-trnai-uau-3_17			1		0
gene-trnai-uau-3_18			1		0
gene-trnai-uau-3_19			1		0
gene-trnai-uau-3_20			1		0
gene-trnak-cuu-11_40			1		0
gene-trnak-cuu-11_41			1		0
gene-trnak-cuu-11_42			1		0
gene-trnak-cuu-11_43			1		0
gene-trnak-cuu-16_12			1		0
gene-trnak-cuu-16_13			1		0
gene-trnak-cuu-16_14			1		0
gene-trnak-cuu-16_15			1		0
gene-trnak-cuu-16_16			1		0
gene-trnak-cuu-16_17			1		0
gene-trnak-cuu-16_18			1		0
gene-trnak-cuu-16_19			1		0
gene-trnak-cuu-16_20			1		0
gene-trnak-cuu-16_21			1		0
gene-trnak-cuu-17_2			1		0
gene-trnak-cuu-18_2			1		0
gene-trnak-cuu-22_1			1		0
gene-trnak-cuu-22_2			1		0
gene-trnak-cuu-23_11			1		0
gene-trnak-cuu-23_12			1		0
gene-trnak-cuu-24_10			1		0
gene-trnak-cuu-24_4			1		0
gene-trnak-cuu-24_5			1		0
gene-trnak-cuu-24_6			1		0
gene-trnak-cuu-24_7			1		0
gene-trnak-cuu-24_8			1		0
gene-trnak-cuu-24_9			1		0
gene-trnak-cuu-26_4			1		0
gene-trnak-cuu-26_5			1		0
gene-trnak-cuu-26_6			1		0
gene-trnak-cuu-26_7			1		0
gene-trnak-cuu-26_8			1		0
gene-trnak-cuu-27_2			1		0
gene-trnak-cuu-27_3			1		0
gene-trnak-cuu-27_4			1		0
gene-trnak-cuu-27_5			1		0
gene-trnak-cuu-28_4			1		0
gene-trnak-cuu-28_5			1		0
gene-trnak-cuu-29_1			1		0
gene-trnak-cuu-29_2			1		0
gene-trnak-cuu-29_3			1		0
gene-trnak-cuu-29_4			1		0
gene-trnak-cuu-29_5			1		0
gene-trnak-cuu-29_6			1		0
gene-trnak-cuu-29_7			1		0
gene-trnak-cuu-29_8			1		0
gene-trnak-cuu-2_10			1		0
gene-trnak-cuu-2_11			1		0
gene-trnak-cuu-2_12			1		0
gene-trnak-cuu-2_13			1		0
gene-trnak-cuu-2_14			1		0
gene-trnak-cuu-2_15			1		0
gene-trnak-cuu-2_9			1		0
gene-trnak-cuu-30_3			1		0
gene-trnak-cuu-30_4			1		0
gene-trnak-cuu-30_5			1		0
gene-trnak-cuu-30_6			1		0
gene-trnak-cuu-30_7			1		0
gene-trnak-cuu-32_2			1		0
gene-trnak-cuu-32_3			1		0
gene-trnak-cuu-32_4			1		0
gene-trnak-cuu-32_5			1		0
gene-trnak-cuu-32_6			1		0
gene-trnak-cuu-33_1			1		0
gene-trnak-cuu-33_2			1		0
gene-trnak-cuu-33_3			1		0
gene-trnak-cuu-33_4			1		0
gene-trnak-cuu-34_2			1		0
gene-trnak-cuu-34_3			1		0
gene-trnak-cuu-34_4			1		0
gene-trnak-cuu-34_5			1		0
gene-trnak-cuu-34_6			1		0
gene-trnak-cuu-34_7			1		0
gene-trnak-cuu-35_3			1		0
gene-trnak-cuu-35_4			1		0
gene-trnak-cuu-35_5			1		0
gene-trnak-cuu-36_2			1		0
gene-trnak-cuu-36_3			1		0
gene-trnak-cuu-36_4			1		0
gene-trnak-cuu-36_5			1		0
gene-trnak-cuu-36_6			1		0
gene-trnak-cuu-36_7			1		0
gene-trnak-cuu-37_1			1		0
gene-trnak-cuu-37_10			1		0
gene-trnak-cuu-37_2			1		0
gene-trnak-cuu-37_3			1		0
gene-trnak-cuu-37_4			1		0
gene-trnak-cuu-37_5			1		0
gene-trnak-cuu-37_6			1		0
gene-trnak-cuu-37_7			1		0
gene-trnak-cuu-37_8			1		0
gene-trnak-cuu-37_9			1		0
gene-trnak-cuu-39_1			1		0
gene-trnak-cuu-39_2			1		0
gene-trnak-cuu-39_3			1		0
gene-trnak-cuu-39_4			1		0
gene-trnak-cuu-39_5			1		0
gene-trnak-cuu-40_1			1		0
gene-trnak-cuu-40_2			1		0
gene-trnak-cuu-41_1			1		0
gene-trnak-cuu-41_2			1		0
gene-trnak-cuu-41_3			1		0
gene-trnak-cuu-42_2			1		0
gene-trnak-cuu-42_3			1		0
gene-trnak-cuu-43_2			1		0
gene-trnak-cuu-43_3			1		0
gene-trnak-cuu-46_1			1		0
gene-trnak-cuu-55_10			1		0
gene-trnak-cuu-55_11			1		0
gene-trnak-cuu-55_8			1		0
gene-trnak-cuu-55_9			1		0
gene-trnak-cuu-63_8			1		0
gene-trnak-cuu-63_9			1		0
gene-trnak-cuu-65_2			1		0
gene-trnak-cuu-65_3			1		0
gene-trnak-cuu-65_4			1		0
gene-trnak-cuu-65_5			1		0
gene-trnak-cuu-65_6			1		0
gene-trnak-cuu-66_10			1		0
gene-trnak-cuu-66_11			1		0
gene-trnak-cuu-66_5			1		0
gene-trnak-cuu-66_6			1		0
gene-trnak-cuu-66_7			1		0
gene-trnak-cuu-66_8			1		0
gene-trnak-cuu-66_9			1		0
gene-trnak-cuu-67_11			1		0
gene-trnak-cuu-67_12			1		0
gene-trnak-cuu-67_13			1		0
gene-trnak-cuu-67_14			1		0
gene-trnak-cuu-67_15			1		0
gene-trnak-cuu-67_16			1		0
gene-trnak-cuu-67_17			1		0
gene-trnak-cuu-69_10			1		0
gene-trnak-cuu-69_11			1		0
gene-trnak-cuu-69_12			1		0
gene-trnak-cuu-69_13			1		0
gene-trnak-cuu-69_14			1		0
gene-trnak-cuu-69_15			1		0
gene-trnak-cuu-69_16			1		0
gene-trnak-cuu-69_17			1		0
gene-trnak-cuu-69_18			1		0
gene-trnak-cuu-69_19			1		0
gene-trnak-cuu-69_8			1		0
gene-trnak-cuu-69_9			1		0
gene-trnak-cuu-70_42			1		0
gene-trnak-cuu-70_43			1		0
gene-trnak-cuu-70_44			1		0
gene-trnak-cuu-70_45			1		0
gene-trnak-cuu-70_46			1		0
gene-trnak-cuu-70_47			1		0
gene-trnak-cuu-71_35			1		0
gene-trnak-cuu-71_36			1		0
gene-trnak-cuu-71_37			1		0
gene-trnak-cuu-71_38			1		0
gene-trnak-cuu-71_39			1		0
gene-trnak-cuu-71_40			1		0
gene-trnak-cuu-71_41			1		0
gene-trnak-cuu-72_27			1		0
gene-trnak-cuu-72_28			1		0
gene-trnak-cuu-72_29			1		0
gene-trnak-cuu-72_30			1		0
gene-trnak-cuu-72_31			1		0
gene-trnak-cuu-72_32			1		0
gene-trnak-cuu-72_33			1		0
gene-trnak-cuu-72_34			1		0
gene-trnak-cuu-72_35			1		0
gene-trnak-cuu-72_36			1		0
gene-trnak-cuu-72_37			1		0
gene-trnak-cuu-72_38			1		0
gene-trnak-cuu-72_39			1		0
gene-trnak-cuu-72_40			1		0
gene-trnak-cuu-72_41			1		0
gene-trnak-cuu-72_42			1		0
gene-trnak-cuu-72_43			1		0
gene-trnak-cuu-72_44			1		0
gene-trnak-cuu-72_45			1		0
gene-trnak-cuu-72_46			1		0
gene-trnak-cuu-73_29			1		0
gene-trnak-cuu-73_30			1		0
gene-trnak-cuu-73_31			1		0
gene-trnak-cuu-73_32			1		0
gene-trnak-cuu-73_33			1		0
gene-trnak-cuu-73_34			1		0
gene-trnak-cuu-73_35			1		0
gene-trnak-cuu-73_36			1		0
gene-trnak-cuu-74_30			1		0
gene-trnak-cuu-74_31			1		0
gene-trnak-cuu-75_22			1		0
gene-trnak-cuu-75_23			1		0
gene-trnak-cuu-75_24			1		0
gene-trnak-cuu-75_25			1		0
gene-trnak-cuu-75_26			1		0
gene-trnak-cuu-75_27			1		0
gene-trnak-cuu-75_28			1		0
gene-trnak-cuu-75_29			1		0
gene-trnak-cuu-75_30			1		0
gene-trnak-cuu-75_31			1		0
gene-trnak-cuu-75_32			1		0
gene-trnak-cuu-76_12			1		0
gene-trnak-cuu-76_13			1		0
gene-trnak-cuu-76_14			1		0
gene-trnak-cuu-76_15			1		0
gene-trnak-cuu-76_16			1		0
gene-trnak-cuu-76_17			1		0
gene-trnak-cuu-76_18			1		0
gene-trnak-cuu-76_19			1		0
gene-trnak-cuu-76_20			1		0
gene-trnak-cuu-76_21			1		0
gene-trnak-cuu-76_22			1		0
gene-trnak-cuu-76_23			1		0
gene-trnak-cuu-78_1			1		0
gene-trnak-cuu-78_2			1		0
gene-trnak-cuu-78_3			1		0
gene-trnak-cuu-79_1			1		0
gene-trnak-cuu-79_2			1		0
gene-trnak-cuu-79_3			1		0
gene-trnak-cuu-80_1			1		0
gene-trnak-cuu-80_2			1		0
gene-trnak-cuu-80_3			1		0
gene-trnak-cuu-80_4			1		0
gene-trnak-cuu-81_1			1		0
gene-trnak-cuu-81_2			1		0
gene-trnak-cuu-81_3			1		0
gene-trnak-cuu-81_4			1		0
gene-trnak-cuu-81_5			1		0
gene-trnak-cuu-81_6			1		0
gene-trnak-cuu-83_1			1		0
gene-trnak-cuu-83_2			1		0
gene-trnak-cuu-83_3			1		0
gene-trnak-cuu-83_4			1		0
gene-trnak-cuu-84_1			1		0
gene-trnak-cuu-84_2			1		0
gene-trnak-cuu-85_2			1		0
gene-trnak-cuu-85_3			1		0
gene-trnak-cuu-85_4			1		0
gene-trnak-cuu-87_1			1		0
gene-trnak-cuu-87_2			1		0
gene-trnak-cuu-88_1			1		0
gene-trnak-cuu-89_1			1		0
gene-trnak-cuu-89_2			1		0
gene-trnak-cuu-90_1			1		0
gene-trnak-cuu-92_1			1		0
gene-trnak-cuu-92_2			1		0
gene-trnak-cuu-92_3			1		0
gene-trnak-uuu-10_12			1		0
gene-trnak-uuu-13_13			1		0
gene-trnak-uuu-14_10			1		0
gene-trnak-uuu-16_5			1		0
gene-trnak-uuu-18_2			1		0
gene-trnak-uuu-3_3			1		0
gene-trnak-uuu-47_5			1		0
gene-trnak-uuu-4_22			1		0
gene-trnak-uuu-51_16			1		0
gene-trnak-uuu-5_2			1		0
gene-trnak-uuu-5_3			1		0
gene-trnak-uuu-67_1			1		0
gene-trnak-uuu-69_1			1		0
gene-trnak-uuu-69_2			1		0
gene-trnak-uuu-69_3			1		0
gene-trnak-uuu-70_1			1		0
gene-trnak-uuu-70_2			1		0
gene-trnak-uuu-70_3			1		0
gene-trnak-uuu-74_2			1		0
gene-trnak-uuu-85_6			1		0
gene-trnak-uuu-85_7			1		0
gene-trnak-uuu-85_8			1		0
gene-trnak-uuu-85_9			1		0
gene-trnak-uuu-86_5			1		0
gene-trnal-aag-14_1			1		0
gene-trnal-aag-17_1			1		0
gene-trnal-aag-17_2			1		0
gene-trnal-aag-17_3			1		0
gene-trnal-aag-19_1			1		0
gene-trnal-aag-25_3			1		0
gene-trnal-aag-25_4			1		0
gene-trnal-aag-25_5			1		0
gene-trnal-aag-31_16			1		0
gene-trnal-aag-31_17			1		0
gene-trnal-aag-31_18			1		0
gene-trnal-aag-31_19			1		0
gene-trnal-aag-31_20			1		0
gene-trnal-aag-31_21			1		0
gene-trnal-aag-31_22			1		0
gene-trnal-aag-31_23			1		0
gene-trnal-aag-31_24			1		0
gene-trnal-aag-31_25			1		0
gene-trnal-aag-31_26			1		0
gene-trnal-aag-31_27			1		0
gene-trnal-aag-31_28			1		0
gene-trnal-aag-31_29			1		0
gene-trnal-aag-31_30			1		0
gene-trnal-aag-31_31			1		0
gene-trnal-aag-31_32			1		0
gene-trnal-aag-31_33			1		0
gene-trnal-aag-31_34			1		0
gene-trnal-aag-31_35			1		0
gene-trnal-aag-31_36			1		0
gene-trnal-aag-31_37			1		0
gene-trnal-aag-31_38			1		0
gene-trnal-aag-34_10			1		0
gene-trnal-aag-34_11			1		0
gene-trnal-aag-34_12			1		0
gene-trnal-aag-34_13			1		0
gene-trnal-aag-34_14			1		0
gene-trnal-aag-34_15			1		0
gene-trnal-aag-35_1			1		0
gene-trnal-aag-35_2			1		0
gene-trnal-aag-35_3			1		0
gene-trnal-aag-35_4			1		0
gene-trnal-aag-35_5			1		0
gene-trnal-aag-35_6			1		0
gene-trnal-aag-7	trnal-aag	tRNA-Leu	1	Y	0
gene-trnal-aag-8	trnal-aag	tRNA-Leu	1	Y	0
gene-trnal-caa-10_1			1		0
gene-trnal-caa-10_2			1		0
gene-trnal-caa-11_1			1		0
gene-trnal-caa-12_1			1		0
gene-trnal-caa-12_2			1		0
gene-trnal-caa-13_1			1		0
gene-trnal-caa-15_1			1		0
gene-trnal-caa-22_4			1		0
gene-trnal-caa-22_5			1		0
gene-trnal-caa-22_6			1		0
gene-trnal-caa-25_50			1		0
gene-trnal-caa-26_39			1		0
gene-trnal-caa-26_40			1		0
gene-trnal-caa-26_41			1		0
gene-trnal-caa-26_42			1		0
gene-trnal-caa-26_43			1		0
gene-trnal-caa-28_20			1		0
gene-trnal-caa-5_19			1		0
gene-trnal-caa-5_20			1		0
gene-trnal-caa-5_21			1		0
gene-trnal-caa-5_22			1		0
gene-trnal-caa-5_23			1		0
gene-trnal-caa-5_24			1		0
gene-trnal-caa-5_25			1		0
gene-trnal-caa-5_26			1		0
gene-trnal-caa-5_27			1		0
gene-trnal-caa-6_14			1		0
gene-trnal-caa-6_15			1		0
gene-trnal-caa-7_10			1		0
gene-trnal-caa-7_11			1		0
gene-trnal-caa-7_6			1		0
gene-trnal-caa-7_7			1		0
gene-trnal-caa-7_8			1		0
gene-trnal-caa-7_9			1		0
gene-trnal-caa-8_3			1		0
gene-trnal-caa-8_4			1		0
gene-trnal-caa-8_5			1		0
gene-trnal-caa-8_6			1		0
gene-trnal-caa-8_7			1		0
gene-trnal-cag-10_3			1		0
gene-trnal-cag-10_4			1		0
gene-trnal-cag-10_5			1		0
gene-trnal-cag-10_6			1		0
gene-trnal-cag-10_7			1		0
gene-trnal-cag-11_18			1		0
gene-trnal-cag-11_19			1		0
gene-trnal-cag-11_20			1		0
gene-trnal-cag-11_21			1		0
gene-trnal-cag-11_22			1		0
gene-trnal-cag-11_23			1		0
gene-trnal-cag-12_11			1		0
gene-trnal-cag-12_12			1		0
gene-trnal-cag-12_13			1		0
gene-trnal-cag-12_14			1		0
gene-trnal-cag-12_15			1		0
gene-trnal-cag-12_16			1		0
gene-trnal-cag-13_10			1		0
gene-trnal-cag-13_7			1		0
gene-trnal-cag-13_8			1		0
gene-trnal-cag-13_9			1		0
gene-trnal-cag-14_5			1		0
gene-trnal-cag-14_6			1		0
gene-trnal-cag-15_2			1		0
gene-trnal-cag-15_3			1		0
gene-trnal-cag-16_1			1		0
gene-trnal-cag-16_2			1		0
gene-trnal-cag-17_2			1		0
gene-trnal-cag-17_3			1		0
gene-trnal-cag-18_2			1		0
gene-trnal-cag-18_3			1		0
gene-trnal-cag-19_1			1		0
gene-trnal-cag-20_5			1		0
gene-trnal-cag-20_6			1		0
gene-trnal-cag-20_7			1		0
gene-trnal-cag-20_8			1		0
gene-trnal-cag-2_30			1		0
gene-trnal-cag-2_31			1		0
gene-trnal-cag-36_1			1		0
gene-trnal-cag-6_4			1		0
gene-trnal-cag-6_5			1		0
gene-trnal-cag-6_6			1		0
gene-trnal-cag-6_7			1		0
gene-trnal-cag-6_8			1		0
gene-trnal-uaa-18_7			1		0
gene-trnal-uaa-22_1			1		0
gene-trnal-uaa_1			1		0
gene-trnal-uag-13_1			1		0
gene-trnal-uag-18_10			1		0
gene-trnal-uag-18_11			1		0
gene-trnal-uag-18_7			1		0
gene-trnal-uag-18_8			1		0
gene-trnal-uag-18_9			1		0
gene-trnal-uag-20_16			1		0
gene-trnal-uag-20_17			1		0
gene-trnal-uag-20_18			1		0
gene-trnal-uag-20_19			1		0
gene-trnal-uag-20_20			1		0
gene-trnal-uag-20_21			1		0
gene-trnal-uag-20_22			1		0
gene-trnal-uag-20_23			1		0
gene-trnal-uag-20_24			1		0
gene-trnal-uag-20_25			1		0
gene-trnal-uag-20_26			1		0
gene-trnal-uag-46_1			1		0
gene-trnal-uag-5_7			1		0
gene-trnal-uag-8_10			1		0
gene-trnal-uag-8_11			1		0
gene-trnal-uag-8_12			1		0
gene-trnal-uag-8_8			1		0
gene-trnal-uag-8_9			1		0
gene-trnam-cau-10_21			1		0
gene-trnam-cau-10_22			1		0
gene-trnam-cau-10_23			1		0
gene-trnam-cau-10_24			1		0
gene-trnam-cau-10_25			1		0
gene-trnam-cau-10_26			1		0
gene-trnam-cau-10_27			1		0
gene-trnam-cau-10_28			1		0
gene-trnam-cau-10_29			1		0
gene-trnam-cau-10_30			1		0
gene-trnam-cau-11_15			1		0
gene-trnam-cau-11_16			1		0
gene-trnam-cau-11_17			1		0
gene-trnam-cau-11_18			1		0
gene-trnam-cau-11_19			1		0
gene-trnam-cau-11_20			1		0
gene-trnam-cau-11_21			1		0
gene-trnam-cau-11_22			1		0
gene-trnam-cau-11_23			1		0
gene-trnam-cau-11_24			1		0
gene-trnam-cau-11_25			1		0
gene-trnam-cau-11_26			1		0
gene-trnam-cau-11_27			1		0
gene-trnam-cau-11_28			1		0
gene-trnam-cau-11_29			1		0
gene-trnam-cau-11_30			1		0
gene-trnam-cau-11_31			1		0
gene-trnam-cau-11_32			1		0
gene-trnam-cau-11_33			1		0
gene-trnam-cau-12_14			1		0
gene-trnam-cau-12_15			1		0
gene-trnam-cau-12_16			1		0
gene-trnam-cau-12_17			1		0
gene-trnam-cau-12_18			1		0
gene-trnam-cau-12_19			1		0
gene-trnam-cau-12_20			1		0
gene-trnam-cau-12_21			1		0
gene-trnam-cau-12_22			1		0
gene-trnam-cau-12_23			1		0
gene-trnam-cau-12_24			1		0
gene-trnam-cau-12_25			1		0
gene-trnam-cau-12_26			1		0
gene-trnam-cau-12_27			1		0
gene-trnam-cau-12_28			1		0
gene-trnam-cau-12_29			1		0
gene-trnam-cau-13_10			1		0
gene-trnam-cau-13_11			1		0
gene-trnam-cau-13_12			1		0
gene-trnam-cau-13_13			1		0
gene-trnam-cau-13_14			1		0
gene-trnam-cau-13_15			1		0
gene-trnam-cau-13_16			1		0
gene-trnam-cau-13_17			1		0
gene-trnam-cau-13_18			1		0
gene-trnam-cau-13_19			1		0
gene-trnam-cau-13_20			1		0
gene-trnam-cau-13_21			1		0
gene-trnam-cau-13_22			1		0
gene-trnam-cau-13_23			1		0
gene-trnam-cau-13_8			1		0
gene-trnam-cau-13_9			1		0
gene-trnam-cau-16_10			1		0
gene-trnam-cau-16_11			1		0
gene-trnam-cau-16_9			1		0
gene-trnam-cau-17_30			1		0
gene-trnam-cau-17_31			1		0
gene-trnam-cau-17_32			1		0
gene-trnam-cau-17_33			1		0
gene-trnam-cau-17_34			1		0
gene-trnam-cau-17_35			1		0
gene-trnam-cau-19_22			1		0
gene-trnam-cau-19_23			1		0
gene-trnam-cau-19_24			1		0
gene-trnam-cau-19_25			1		0
gene-trnam-cau-19_26			1		0
gene-trnam-cau-20_24			1		0
gene-trnam-cau-20_25			1		0
gene-trnam-cau-21_17			1		0
gene-trnam-cau-21_18			1		0
gene-trnam-cau-21_19			1		0
gene-trnam-cau-21_20			1		0
gene-trnam-cau-21_21			1		0
gene-trnam-cau-22_25			1		0
gene-trnam-cau-22_26			1		0
gene-trnam-cau-22_27			1		0
gene-trnam-cau-22_28			1		0
gene-trnam-cau-22_29			1		0
gene-trnam-cau-22_30			1		0
gene-trnam-cau-22_31			1		0
gene-trnam-cau-22_32			1		0
gene-trnam-cau-22_33			1		0
gene-trnam-cau-22_34			1		0
gene-trnam-cau-22_35			1		0
gene-trnam-cau-22_36			1		0
gene-trnam-cau-22_37			1		0
gene-trnam-cau-22_38			1		0
gene-trnam-cau-22_39			1		0
gene-trnam-cau-23_16			1		0
gene-trnam-cau-23_17			1		0
gene-trnam-cau-24_16			1		0
gene-trnam-cau-26_13			1		0
gene-trnam-cau-26_14			1		0
gene-trnam-cau-27_15			1		0
gene-trnam-cau-27_16			1		0
gene-trnam-cau-27_17			1		0
gene-trnam-cau-28_20			1		0
gene-trnam-cau-28_21			1		0
gene-trnam-cau-29_12			1		0
gene-trnam-cau-29_13			1		0
gene-trnam-cau-29_14			1		0
gene-trnam-cau-2_43			1		0
gene-trnam-cau-34_8			1		0
gene-trnam-cau-36_10			1		0
gene-trnam-cau-36_11			1		0
gene-trnam-cau-36_12			1		0
gene-trnam-cau-36_13			1		0
gene-trnam-cau-36_14			1		0
gene-trnam-cau-36_8			1		0
gene-trnam-cau-36_9			1		0
gene-trnam-cau-37_10			1		0
gene-trnam-cau-37_11			1		0
gene-trnam-cau-37_12			1		0
gene-trnam-cau-37_13			1		0
gene-trnam-cau-37_14			1		0
gene-trnam-cau-37_7			1		0
gene-trnam-cau-37_8			1		0
gene-trnam-cau-37_9			1		0
gene-trnam-cau-40_10			1		0
gene-trnam-cau-40_11			1		0
gene-trnam-cau-40_12			1		0
gene-trnam-cau-40_9			1		0
gene-trnam-cau-41_5			1		0
gene-trnam-cau-41_6			1		0
gene-trnam-cau-41_7			1		0
gene-trnam-cau-41_8			1		0
gene-trnam-cau-41_9			1		0
gene-trnam-cau-42_7			1		0
gene-trnam-cau-42_8			1		0
gene-trnam-cau-43_6			1		0
gene-trnam-cau-43_7			1		0
gene-trnam-cau-43_8			1		0
gene-trnam-cau-43_9			1		0
gene-trnam-cau-46_10			1		0
gene-trnam-cau-46_11			1		0
gene-trnam-cau-46_3			1		0
gene-trnam-cau-46_4			1		0
gene-trnam-cau-46_5			1		0
gene-trnam-cau-46_6			1		0
gene-trnam-cau-46_7			1		0
gene-trnam-cau-46_8			1		0
gene-trnam-cau-46_9			1		0
gene-trnam-cau-48_4			1		0
gene-trnam-cau-49_5			1		0
gene-trnam-cau-49_6			1		0
gene-trnam-cau-50_3			1		0
gene-trnam-cau-50_4			1		0
gene-trnam-cau-51_2			1		0
gene-trnam-cau-51_3			1		0
gene-trnam-cau-51_4			1		0
gene-trnam-cau-51_5			1		0
gene-trnam-cau-51_6			1		0
gene-trnam-cau-51_7			1		0
gene-trnam-cau-51_8			1		0
gene-trnam-cau-51_9			1		0
gene-trnam-cau-52_8			1		0
gene-trnam-cau-52_9			1		0
gene-trnam-cau-53_2			1		0
gene-trnam-cau-53_3			1		0
gene-trnam-cau-53_4			1		0
gene-trnam-cau-54_5			1		0
gene-trnam-cau-5_34			1		0
gene-trnam-cau-5_35			1		0
gene-trnam-cau-5_36			1		0
gene-trnam-cau-5_37			1		0
gene-trnam-cau-5_38			1		0
gene-trnam-cau-6_35			1		0
gene-trnam-cau-8_49			1		0
gene-trnam-cau-8_50			1		0
gene-trnam-cau-9_28			1		0
gene-trnam-cau-9_29			1		0
gene-trnam-cau-9_30			1		0
gene-trnam-cau-9_31			1		0
gene-trnam-cau-9_32			1		0
gene-trnam-cau-9_33			1		0
gene-trnam-cau-9_34			1		0
gene-trnam-cau-9_35			1		0
gene-trnam-cau-9_36			1		0
gene-trnam-cau-9_37			1		0
gene-trnam-cau-9_38			1		0
gene-trnam-cau-9_39			1		0
gene-trnam-cau-9_40			1		0
gene-trnam-cau-9_41			1		0
gene-trnam-cau-9_42			1		0
gene-trnam-cau-9_43			1		0
gene-trnam-cau_45			1		0
gene-trnam-cau_46			1		0
gene-trnam-cau_47			1		0
gene-trnam-cau_48			1		0
gene-trnan-guu-30_2			1		0
gene-trnan-guu-31_2			1		0
gene-trnan-guu-32_3			1		0
gene-trnan-guu-32_4			1		0
gene-trnan-guu-32_5			1		0
gene-trnan-guu-34_2			1		0
gene-trnan-guu-34_3			1		0
gene-trnan-guu-37_1			1		0
gene-trnan-guu-37_2			1		0
gene-trnan-guu-37_3			1		0
gene-trnap-agg-11_2			1		0
gene-trnap-agg-13_1			1		0
gene-trnap-agg-13_2			1		0
gene-trnap-agg-13_3			1		0
gene-trnap-agg-14_3			1		0
gene-trnap-agg-14_4			1		0
gene-trnap-agg-14_5			1		0
gene-trnap-agg-14_6			1		0
gene-trnap-agg-17_1			1		0
gene-trnap-agg-17_2			1		0
gene-trnap-agg-18_1			1		0
gene-trnap-agg-19_1			1		0
gene-trnap-agg-19_2			1		0
gene-trnap-agg-19_3			1		0
gene-trnap-agg-19_4			1		0
gene-trnap-agg-20_1			1		0
gene-trnap-agg-20_2			1		0
gene-trnap-agg-20_3			1		0
gene-trnap-agg-23_1			1		0
gene-trnap-agg-24_1			1		0
gene-trnap-agg-2_6			1		0
gene-trnap-agg-2_7			1		0
gene-trnap-agg-2_8			1		0
gene-trnap-agg-30_1			1		0
gene-trnap-agg-4_23			1		0
gene-trnap-agg-4_24			1		0
gene-trnap-agg-4_25			1		0
gene-trnap-agg-4_26			1		0
gene-trnap-agg-4_27			1		0
gene-trnap-agg-5_10			1		0
gene-trnap-agg-5_11			1		0
gene-trnap-agg-5_12			1		0
gene-trnap-agg-5_13			1		0
gene-trnap-agg-5_14			1		0
gene-trnap-agg-5_15			1		0
gene-trnap-agg-5_8			1		0
gene-trnap-agg-5_9			1		0
gene-trnap-agg-6_6			1		0
gene-trnap-agg-6_7			1		0
gene-trnap-agg-6_8			1		0
gene-trnap-agg-8_2			1		0
gene-trnap-agg-8_3			1		0
gene-trnap-agg-8_4			1		0
gene-trnap-agg-8_5			1		0
gene-trnap-agg-9_10			1		0
gene-trnap-agg-9_11			1		0
gene-trnap-agg-9_12			1		0
gene-trnap-agg-9_13			1		0
gene-trnap-agg-9_8			1		0
gene-trnap-agg-9_9			1		0
gene-trnap-cgg-16_1			1		0
gene-trnap-cgg-16_2			1		0
gene-trnap-cgg-17_10			1		0
gene-trnap-cgg-17_11			1		0
gene-trnap-cgg-17_12			1		0
gene-trnap-cgg-17_13			1		0
gene-trnap-cgg-17_8			1		0
gene-trnap-cgg-17_9			1		0
gene-trnap-cgg-19_23			1		0
gene-trnap-cgg-19_24			1		0
gene-trnap-cgg-19_25			1		0
gene-trnap-cgg-19_26			1		0
gene-trnap-cgg-19_27			1		0
gene-trnap-cgg-19_28			1		0
gene-trnap-cgg-19_29			1		0
gene-trnap-cgg-19_30			1		0
gene-trnap-cgg-21_5			1		0
gene-trnap-cgg-21_6			1		0
gene-trnap-cgg-21_7			1		0
gene-trnap-cgg-21_8			1		0
gene-trnap-cgg-21_9			1		0
gene-trnap-cgg-23_2			1		0
gene-trnap-cgg-24_1			1		0
gene-trnap-cgg-24_2			1		0
gene-trnap-cgg-24_3			1		0
gene-trnap-cgg-24_4			1		0
gene-trnap-cgg-25_2			1		0
gene-trnap-cgg-25_3			1		0
gene-trnap-cgg-28_1			1		0
gene-trnap-cgg-28_2			1		0
gene-trnap-cgg-29_15			1		0
gene-trnap-cgg-29_16			1		0
gene-trnap-cgg-29_17			1		0
gene-trnap-cgg-29_18			1		0
gene-trnap-cgg-29_19			1		0
gene-trnap-cgg-29_20			1		0
gene-trnap-cgg-29_21			1		0
gene-trnap-cgg-29_22			1		0
gene-trnap-cgg-29_23			1		0
gene-trnap-cgg-29_24			1		0
gene-trnap-cgg-29_25			1		0
gene-trnap-cgg-29_26			1		0
gene-trnap-cgg-29_27			1		0
gene-trnap-cgg-29_28			1		0
gene-trnap-cgg-29_29			1		0
gene-trnap-cgg-29_30			1		0
gene-trnap-cgg-29_31			1		0
gene-trnap-cgg-29_32			1		0
gene-trnap-cgg-29_33			1		0
gene-trnap-cgg-29_34			1		0
gene-trnap-cgg-29_35			1		0
gene-trnap-cgg-29_36			1		0
gene-trnap-cgg-2_2			1		0
gene-trnap-cgg-2_3			1		0
gene-trnap-cgg-2_4			1		0
gene-trnap-cgg-2_5			1		0
gene-trnap-cgg-2_6			1		0
gene-trnap-cgg-2_7			1		0
gene-trnap-cgg-2_8			1		0
gene-trnap-cgg-2_9			1		0
gene-trnap-cgg-31_1			1		0
gene-trnap-cgg-31_2			1		0
gene-trnap-cgg-34_1			1		0
gene-trnap-cgg-3_10			1		0
gene-trnap-cgg-3_11			1		0
gene-trnap-cgg-3_12			1		0
gene-trnap-cgg-3_13			1		0
gene-trnap-cgg-3_14			1		0
gene-trnap-cgg-3_15			1		0
gene-trnap-cgg-3_9			1		0
gene-trnap-cgg-6_3			1		0
gene-trnap-cgg_45			1		0
gene-trnap-cgg_46			1		0
gene-trnap-cgg_47			1		0
gene-trnap-cgg_48			1		0
gene-trnap-ugg-10_15			1		0
gene-trnap-ugg-10_16			1		0
gene-trnap-ugg-10_17			1		0
gene-trnap-ugg-10_18			1		0
gene-trnap-ugg-10_19			1		0
gene-trnap-ugg-10_20			1		0
gene-trnap-ugg-10_21			1		0
gene-trnap-ugg-10_22			1		0
gene-trnap-ugg-10_23			1		0
gene-trnap-ugg-10_24			1		0
gene-trnap-ugg-11_1			1		0
gene-trnap-ugg-11_2			1		0
gene-trnap-ugg-11_3			1		0
gene-trnap-ugg-14_2			1		0
gene-trnap-ugg-14_3			1		0
gene-trnap-ugg-29_15			1		0
gene-trnap-ugg-29_16			1		0
gene-trnap-ugg-29_17			1		0
gene-trnap-ugg-29_18			1		0
gene-trnap-ugg-29_19			1		0
gene-trnap-ugg-29_20			1		0
gene-trnap-ugg-29_21			1		0
gene-trnap-ugg-29_22			1		0
gene-trnap-ugg-29_23			1		0
gene-trnap-ugg-29_24			1		0
gene-trnap-ugg-29_25			1		0
gene-trnap-ugg-29_26			1		0
gene-trnap-ugg-29_27			1		0
gene-trnap-ugg-29_28			1		0
gene-trnap-ugg-29_29			1		0
gene-trnap-ugg-29_30			1		0
gene-trnap-ugg-29_31			1		0
gene-trnap-ugg-29_32			1		0
gene-trnap-ugg-29_33			1		0
gene-trnap-ugg-29_34			1		0
gene-trnap-ugg-29_35			1		0
gene-trnap-ugg-29_36			1		0
gene-trnap-ugg-29_37			1		0
gene-trnap-ugg-29_38			1		0
gene-trnap-ugg-29_39			1		0
gene-trnap-ugg-29_40			1		0
gene-trnap-ugg-29_41			1		0
gene-trnap-ugg-29_42			1		0
gene-trnap-ugg-29_43			1		0
gene-trnap-ugg-30_5			1		0
gene-trnap-ugg-30_6			1		0
gene-trnap-ugg-30_7			1		0
gene-trnap-ugg-38_5			1		0
gene-trnap-ugg-38_6			1		0
gene-trnap-ugg-40_10			1		0
gene-trnap-ugg-40_11			1		0
gene-trnap-ugg-40_12			1		0
gene-trnap-ugg-40_13			1		0
gene-trnap-ugg-40_14			1		0
gene-trnap-ugg-40_15			1		0
gene-trnap-ugg-40_16			1		0
gene-trnap-ugg-40_17			1		0
gene-trnap-ugg-40_18			1		0
gene-trnap-ugg-40_19			1		0
gene-trnap-ugg-40_20			1		0
gene-trnap-ugg-40_21			1		0
gene-trnap-ugg-40_22			1		0
gene-trnap-ugg-40_23			1		0
gene-trnap-ugg-40_24			1		0
gene-trnap-ugg-40_25			1		0
gene-trnap-ugg-40_26			1		0
gene-trnap-ugg-40_27			1		0
gene-trnap-ugg-40_28			1		0
gene-trnap-ugg-40_29			1		0
gene-trnap-ugg-40_30			1		0
gene-trnap-ugg-40_31			1		0
gene-trnap-ugg-40_32			1		0
gene-trnap-ugg-40_33			1		0
gene-trnap-ugg-40_34			1		0
gene-trnap-ugg-40_35			1		0
gene-trnap-ugg-40_36			1		0
gene-trnap-ugg-40_37			1		0
gene-trnap-ugg-40_38			1		0
gene-trnap-ugg-40_39			1		0
gene-trnap-ugg-40_40			1		0
gene-trnap-ugg-40_41			1		0
gene-trnap-ugg-40_42			1		0
gene-trnap-ugg-40_8			1		0
gene-trnap-ugg-40_9			1		0
gene-trnaq-cug-11_1			1		0
gene-trnaq-cug-22_6			1		0
gene-trnaq-cug-27_2			1		0
gene-trnaq-cug-28_1			1		0
gene-trnaq-cug-30_2			1		0
gene-trnaq-cug-36_6			1		0
gene-trnaq-cug-36_7			1		0
gene-trnaq-cug-38_1			1		0
gene-trnaq-cug-39_1			1		0
gene-trnaq-cug-48_1			1		0
gene-trnaq-cug-5_6			1		0
gene-trnaq-cug-8_1			1		0
gene-trnaq-cug_2			1		0
gene-trnaq-uug-10_29			1		0
gene-trnaq-uug-10_30			1		0
gene-trnaq-uug-19_6			1		0
gene-trnaq-uug-19_7			1		0
gene-trnaq-uug-19_8			1		0
gene-trnaq-uug-19_9			1		0
gene-trnaq-uug-21_3			1		0
gene-trnaq-uug-22_1			1		0
gene-trnaq-uug-25_15			1		0
gene-trnaq-uug-31_4			1		0
gene-trnaq-uug-3_1			1		0
gene-trnar-acg-10_1			1		0
gene-trnar-acg-10_10			1		0
gene-trnar-acg-10_11			1		0
gene-trnar-acg-10_12			1		0
gene-trnar-acg-10_13			1		0
gene-trnar-acg-10_14			1		0
gene-trnar-acg-10_15			1		0
gene-trnar-acg-10_16			1		0
gene-trnar-acg-10_17			1		0
gene-trnar-acg-10_18			1		0
gene-trnar-acg-10_2			1		0
gene-trnar-acg-10_3			1		0
gene-trnar-acg-10_4			1		0
gene-trnar-acg-10_5			1		0
gene-trnar-acg-10_6			1		0
gene-trnar-acg-10_7			1		0
gene-trnar-acg-10_8			1		0
gene-trnar-acg-10_9			1		0
gene-trnar-acg-11_1			1		0
gene-trnar-acg-11_10			1		0
gene-trnar-acg-11_11			1		0
gene-trnar-acg-11_12			1		0
gene-trnar-acg-11_13			1		0
gene-trnar-acg-11_14			1		0
gene-trnar-acg-11_2			1		0
gene-trnar-acg-11_3			1		0
gene-trnar-acg-11_4			1		0
gene-trnar-acg-11_5			1		0
gene-trnar-acg-11_6			1		0
gene-trnar-acg-11_7			1		0
gene-trnar-acg-11_8			1		0
gene-trnar-acg-11_9			1		0
gene-trnar-acg-12_1			1		0
gene-trnar-acg-12_10			1		0
gene-trnar-acg-12_11			1		0
gene-trnar-acg-12_12			1		0
gene-trnar-acg-12_13			1		0
gene-trnar-acg-12_14			1		0
gene-trnar-acg-12_15			1		0
gene-trnar-acg-12_16			1		0
gene-trnar-acg-12_2			1		0
gene-trnar-acg-12_3			1		0
gene-trnar-acg-12_4			1		0
gene-trnar-acg-12_5			1		0
gene-trnar-acg-12_6			1		0
gene-trnar-acg-12_7			1		0
gene-trnar-acg-12_8			1		0
gene-trnar-acg-12_9			1		0
gene-trnar-acg-13_1			1		0
gene-trnar-acg-13_2			1		0
gene-trnar-acg-13_3			1		0
gene-trnar-acg-13_4			1		0
gene-trnar-acg-13_5			1		0
gene-trnar-acg-13_6			1		0
gene-trnar-acg-13_7			1		0
gene-trnar-acg-13_8			1		0
gene-trnar-acg-13_9			1		0
gene-trnar-acg-14_1			1		0
gene-trnar-acg-14_2			1		0
gene-trnar-acg-14_3			1		0
gene-trnar-acg-14_4			1		0
gene-trnar-acg-14_5			1		0
gene-trnar-acg-14_6			1		0
gene-trnar-acg-14_7			1		0
gene-trnar-acg-14_8			1		0
gene-trnar-acg-15_1			1		0
gene-trnar-acg-15_2			1		0
gene-trnar-acg-15_3			1		0
gene-trnar-acg-15_4			1		0
gene-trnar-acg-15_5			1		0
gene-trnar-acg-15_6			1		0
gene-trnar-acg-16_1			1		0
gene-trnar-acg-16_2			1		0
gene-trnar-acg-16_3			1		0
gene-trnar-acg-16_4			1		0
gene-trnar-acg-16_5			1		0
gene-trnar-acg-17_1			1		0
gene-trnar-acg-17_2			1		0
gene-trnar-acg-17_3			1		0
gene-trnar-acg-17_4			1		0
gene-trnar-acg-18_1			1		0
gene-trnar-acg-18_2			1		0
gene-trnar-acg-18_3			1		0
gene-trnar-acg-19_1			1		0
gene-trnar-acg-19_2			1		0
gene-trnar-acg-20_1			1		0
gene-trnar-acg-20_2			1		0
gene-trnar-acg-22_1			1		0
gene-trnar-acg-23_1			1		0
gene-trnar-acg-29_1			1		0
gene-trnar-acg-4_1			1		0
gene-trnar-acg-4_2			1		0
gene-trnar-acg-5_37			1		0
gene-trnar-acg-5_38			1		0
gene-trnar-acg-5_39			1		0
gene-trnar-acg-5_40			1		0
gene-trnar-acg-5_41			1		0
gene-trnar-acg-5_42			1		0
gene-trnar-acg-5_43			1		0
gene-trnar-acg-5_44			1		0
gene-trnar-acg-5_45			1		0
gene-trnar-acg-5_46			1		0
gene-trnar-acg-7_10			1		0
gene-trnar-acg-7_11			1		0
gene-trnar-acg-7_12			1		0
gene-trnar-acg-7_13			1		0
gene-trnar-acg-7_14			1		0
gene-trnar-acg-7_15			1		0
gene-trnar-acg-7_16			1		0
gene-trnar-acg-7_17			1		0
gene-trnar-acg-7_18			1		0
gene-trnar-acg-7_19			1		0
gene-trnar-acg-7_20			1		0
gene-trnar-acg-7_21			1		0
gene-trnar-acg-7_22			1		0
gene-trnar-acg-7_23			1		0
gene-trnar-acg-7_24			1		0
gene-trnar-acg-7_25			1		0
gene-trnar-acg-7_26			1		0
gene-trnar-acg-7_27			1		0
gene-trnar-acg-7_28			1		0
gene-trnar-acg-7_29			1		0
gene-trnar-acg-7_30			1		0
gene-trnar-acg-7_31			1		0
gene-trnar-acg-7_32			1		0
gene-trnar-acg-7_33			1		0
gene-trnar-acg-7_34			1		0
gene-trnar-acg-7_35			1		0
gene-trnar-acg-7_5			1		0
gene-trnar-acg-7_6			1		0
gene-trnar-acg-7_7			1		0
gene-trnar-acg-7_8			1		0
gene-trnar-acg-7_9			1		0
gene-trnar-acg-8_1			1		0
gene-trnar-acg-8_10			1		0
gene-trnar-acg-8_11			1		0
gene-trnar-acg-8_12			1		0
gene-trnar-acg-8_13			1		0
gene-trnar-acg-8_14			1		0
gene-trnar-acg-8_15			1		0
gene-trnar-acg-8_16			1		0
gene-trnar-acg-8_17			1		0
gene-trnar-acg-8_18			1		0
gene-trnar-acg-8_19			1		0
gene-trnar-acg-8_2			1		0
gene-trnar-acg-8_20			1		0
gene-trnar-acg-8_21			1		0
gene-trnar-acg-8_22			1		0
gene-trnar-acg-8_23			1		0
gene-trnar-acg-8_24			1		0
gene-trnar-acg-8_25			1		0
gene-trnar-acg-8_26			1		0
gene-trnar-acg-8_27			1		0
gene-trnar-acg-8_28			1		0
gene-trnar-acg-8_29			1		0
gene-trnar-acg-8_3			1		0
gene-trnar-acg-8_30			1		0
gene-trnar-acg-8_31			1		0
gene-trnar-acg-8_32			1		0
gene-trnar-acg-8_33			1		0
gene-trnar-acg-8_4			1		0
gene-trnar-acg-8_5			1		0
gene-trnar-acg-8_6			1		0
gene-trnar-acg-8_7			1		0
gene-trnar-acg-8_8			1		0
gene-trnar-acg-8_9			1		0
gene-trnar-acg-9_10			1		0
gene-trnar-acg-9_11			1		0
gene-trnar-acg-9_12			1		0
gene-trnar-acg-9_13			1		0
gene-trnar-acg-9_14			1		0
gene-trnar-acg-9_15			1		0
gene-trnar-acg-9_16			1		0
gene-trnar-acg-9_17			1		0
gene-trnar-acg-9_18			1		0
gene-trnar-acg-9_19			1		0
gene-trnar-acg-9_2			1		0
gene-trnar-acg-9_20			1		0
gene-trnar-acg-9_21			1		0
gene-trnar-acg-9_22			1		0
gene-trnar-acg-9_23			1		0
gene-trnar-acg-9_24			1		0
gene-trnar-acg-9_25			1		0
gene-trnar-acg-9_3			1		0
gene-trnar-acg-9_4			1		0
gene-trnar-acg-9_5			1		0
gene-trnar-acg-9_6			1		0
gene-trnar-acg-9_7			1		0
gene-trnar-acg-9_8			1		0
gene-trnar-acg-9_9			1		0
gene-trnar-ccg_1			1		0
gene-trnar-ccu-11_1			1		0
gene-trnar-ccu-13_33			1		0
gene-trnar-ccu-13_34			1		0
gene-trnar-ccu-13_35			1		0
gene-trnar-ccu-13_36			1		0
gene-trnar-ccu-13_37			1		0
gene-trnar-ccu-13_38			1		0
gene-trnar-ccu-13_39			1		0
gene-trnar-ccu-13_40			1		0
gene-trnar-ccu-13_41			1		0
gene-trnar-ccu-13_42			1		0
gene-trnar-ccu-13_43			1		0
gene-trnar-ccu-13_44			1		0
gene-trnar-ccu-13_45			1		0
gene-trnar-ccu-13_46			1		0
gene-trnar-ccu-13_47			1		0
gene-trnar-ccu-13_48			1		0
gene-trnar-ccu-13_49			1		0
gene-trnar-ccu-13_50			1		0
gene-trnar-ccu-14_30			1		0
gene-trnar-ccu-14_31			1		0
gene-trnar-ccu-39_1			1		0
gene-trnar-ccu-39_2			1		0
gene-trnar-ccu-40_1			1		0
gene-trnar-ccu-43_1			1		0
gene-trnar-ccu-8_2			1		0
gene-trnar-ucg-13_2			1		0
gene-trnar-ucg-17_1			1		0
gene-trnar-ucg-3_42			1		0
gene-trnar-ucg-8_8			1		0
gene-trnar-ucg-9_24			1		0
gene-trnar-ucg-9_25			1		0
gene-trnar-ucg-9_26			1		0
gene-trnar-ucu-15_4			1		0
gene-trnar-ucu-68_1			1		0
gene-trnas-acu-8_1			1		0
gene-trnas-acu-8_2			1		0
gene-trnas-acu-8_3			1		0
gene-trnas-acu_4			1		0
gene-trnas-acu_5			1		0
gene-trnas-aga-10_1			1		0
gene-trnas-aga-10_2			1		0
gene-trnas-aga-10_3			1		0
gene-trnas-aga-10_4			1		0
gene-trnas-aga-10_5			1		0
gene-trnas-aga-10_6			1		0
gene-trnas-aga-10_7			1		0
gene-trnas-aga-11_1			1		0
gene-trnas-aga-11_2			1		0
gene-trnas-aga-11_3			1		0
gene-trnas-aga-11_4			1		0
gene-trnas-aga-11_5			1		0
gene-trnas-aga-11_6			1		0
gene-trnas-aga-11_7			1		0
gene-trnas-aga-12_1			1		0
gene-trnas-aga-12_2			1		0
gene-trnas-aga-12_3			1		0
gene-trnas-aga-12_4			1		0
gene-trnas-aga-12_5			1		0
gene-trnas-aga-12_6			1		0
gene-trnas-aga-13_1			1		0
gene-trnas-aga-13_2			1		0
gene-trnas-aga-13_3			1		0
gene-trnas-aga-14_1			1		0
gene-trnas-aga-14_2			1		0
gene-trnas-aga-16_1			1		0
gene-trnas-aga-17_1			1		0
gene-trnas-aga-19_1			1		0
gene-trnas-aga-22_1			1		0
gene-trnas-aga-27_1			1		0
gene-trnas-aga-2_17			1		0
gene-trnas-aga-2_18			1		0
gene-trnas-aga-2_19			1		0
gene-trnas-aga-2_20			1		0
gene-trnas-aga-2_21			1		0
gene-trnas-aga-2_22			1		0
gene-trnas-aga-2_23			1		0
gene-trnas-aga-2_24			1		0
gene-trnas-aga-2_25			1		0
gene-trnas-aga-2_26			1		0
gene-trnas-aga-2_27			1		0
gene-trnas-aga-2_28			1		0
gene-trnas-aga-3_3			1		0
gene-trnas-aga-3_4			1		0
gene-trnas-aga-4_10			1		0
gene-trnas-aga-4_11			1		0
gene-trnas-aga-4_12			1		0
gene-trnas-aga-4_13			1		0
gene-trnas-aga-4_14			1		0
gene-trnas-aga-4_15			1		0
gene-trnas-aga-4_16			1		0
gene-trnas-aga-4_17			1		0
gene-trnas-aga-4_18			1		0
gene-trnas-aga-4_19			1		0
gene-trnas-aga-4_20			1		0
gene-trnas-aga-4_21			1		0
gene-trnas-aga-4_22			1		0
gene-trnas-aga-4_23			1		0
gene-trnas-aga-4_24			1		0
gene-trnas-aga-4_25			1		0
gene-trnas-aga-4_26			1		0
gene-trnas-aga-4_27			1		0
gene-trnas-aga-4_28			1		0
gene-trnas-aga-4_29			1		0
gene-trnas-aga-4_4			1		0
gene-trnas-aga-4_5			1		0
gene-trnas-aga-4_6			1		0
gene-trnas-aga-4_7			1		0
gene-trnas-aga-4_8			1		0
gene-trnas-aga-4_9			1		0
gene-trnas-aga-5_10			1		0
gene-trnas-aga-5_11			1		0
gene-trnas-aga-5_12			1		0
gene-trnas-aga-5_13			1		0
gene-trnas-aga-5_14			1		0
gene-trnas-aga-5_2			1		0
gene-trnas-aga-5_3			1		0
gene-trnas-aga-5_4			1		0
gene-trnas-aga-5_5			1		0
gene-trnas-aga-5_6			1		0
gene-trnas-aga-5_7			1		0
gene-trnas-aga-5_8			1		0
gene-trnas-aga-5_9			1		0
gene-trnas-aga-6_1			1		0
gene-trnas-aga-7_1			1		0
gene-trnas-aga-7_2			1		0
gene-trnas-aga-7_3			1		0
gene-trnas-aga-7_4			1		0
gene-trnas-aga-7_5			1		0
gene-trnas-aga-7_6			1		0
gene-trnas-aga-7_7			1		0
gene-trnas-aga-7_8			1		0
gene-trnas-aga-8_7			1		0
gene-trnas-aga-9_21			1		0
gene-trnas-aga-9_22			1		0
gene-trnas-aga-9_23			1		0
gene-trnas-aga-9_24			1		0
gene-trnas-aga-9_25			1		0
gene-trnas-aga-9_26			1		0
gene-trnas-aga_29			1		0
gene-trnas-aga_30			1		0
gene-trnas-aga_31			1		0
gene-trnas-aga_32			1		0
gene-trnas-aga_33			1		0
gene-trnas-aga_34			1		0
gene-trnas-aga_35			1		0
gene-trnas-aga_36			1		0
gene-trnas-aga_37			1		0
gene-trnas-aga_38			1		0
gene-trnas-aga_39			1		0
gene-trnas-aga_40			1		0
gene-trnas-cga-10_4			1		0
gene-trnas-cga-10_5			1		0
gene-trnas-cga-10_6			1		0
gene-trnas-cga-10_7			1		0
gene-trnas-cga-10_8			1		0
gene-trnas-cga-12_10			1		0
gene-trnas-cga-12_11			1		0
gene-trnas-cga-12_12			1		0
gene-trnas-cga-12_13			1		0
gene-trnas-cga-12_8			1		0
gene-trnas-cga-12_9			1		0
gene-trnas-cga-15_45			1		0
gene-trnas-cga-24_10			1		0
gene-trnas-cga-24_11			1		0
gene-trnas-cga-25_2			1		0
gene-trnas-cga-25_3			1		0
gene-trnas-cga-25_4			1		0
gene-trnas-cga-25_5			1		0
gene-trnas-cga-8_8			1		0
gene-trnas-cga-8_9			1		0
gene-trnas-gcu-10	trnas-gcu	tRNA-Ser	1	Y	0
gene-trnas-gcu-10_1			1		0
gene-trnas-gcu-10_10			1		0
gene-trnas-gcu-10_11			1		0
gene-trnas-gcu-10_12			1		0
gene-trnas-gcu-10_13			1		0
gene-trnas-gcu-10_14			1		0
gene-trnas-gcu-10_15			1		0
gene-trnas-gcu-10_16			1		0
gene-trnas-gcu-10_17			1		0
gene-trnas-gcu-10_18			1		0
gene-trnas-gcu-10_19			1		0
gene-trnas-gcu-10_2			1		0
gene-trnas-gcu-10_20			1		0
gene-trnas-gcu-10_21			1		0
gene-trnas-gcu-10_22			1		0
gene-trnas-gcu-10_23			1		0
gene-trnas-gcu-10_24			1		0
gene-trnas-gcu-10_25			1		0
gene-trnas-gcu-10_26			1		0
gene-trnas-gcu-10_27			1		0
gene-trnas-gcu-10_28			1		0
gene-trnas-gcu-10_29			1		0
gene-trnas-gcu-10_3			1		0
gene-trnas-gcu-10_30			1		0
gene-trnas-gcu-10_31			1		0
gene-trnas-gcu-10_32			1		0
gene-trnas-gcu-10_33			1		0
gene-trnas-gcu-10_34			1		0
gene-trnas-gcu-10_35			1		0
gene-trnas-gcu-10_4			1		0
gene-trnas-gcu-10_5			1		0
gene-trnas-gcu-10_6			1		0
gene-trnas-gcu-10_7			1		0
gene-trnas-gcu-10_8			1		0
gene-trnas-gcu-10_9			1		0
gene-trnas-gcu-11	trnas-gcu	tRNA-Ser	1	Y	0
gene-trnas-gcu-11_1			1		0
gene-trnas-gcu-11_10			1		0
gene-trnas-gcu-11_11			1		0
gene-trnas-gcu-11_12			1		0
gene-trnas-gcu-11_13			1		0
gene-trnas-gcu-11_14			1		0
gene-trnas-gcu-11_15			1		0
gene-trnas-gcu-11_16			1		0
gene-trnas-gcu-11_17			1		0
gene-trnas-gcu-11_18			1		0
gene-trnas-gcu-11_19			1		0
gene-trnas-gcu-11_2			1		0
gene-trnas-gcu-11_20			1		0
gene-trnas-gcu-11_21			1		0
gene-trnas-gcu-11_22			1		0
gene-trnas-gcu-11_23			1		0
gene-trnas-gcu-11_24			1		0
gene-trnas-gcu-11_25			1		0
gene-trnas-gcu-11_26			1		0
gene-trnas-gcu-11_27			1		0
gene-trnas-gcu-11_28			1		0
gene-trnas-gcu-11_29			1		0
gene-trnas-gcu-11_3			1		0
gene-trnas-gcu-11_30			1		0
gene-trnas-gcu-11_31			1		0
gene-trnas-gcu-11_4			1		0
gene-trnas-gcu-11_5			1		0
gene-trnas-gcu-11_6			1		0
gene-trnas-gcu-11_7			1		0
gene-trnas-gcu-11_8			1		0
gene-trnas-gcu-11_9			1		0
gene-trnas-gcu-12_1			1		0
gene-trnas-gcu-12_10			1		0
gene-trnas-gcu-12_11			1		0
gene-trnas-gcu-12_12			1		0
gene-trnas-gcu-12_13			1		0
gene-trnas-gcu-12_14			1		0
gene-trnas-gcu-12_15			1		0
gene-trnas-gcu-12_16			1		0
gene-trnas-gcu-12_17			1		0
gene-trnas-gcu-12_18			1		0
gene-trnas-gcu-12_19			1		0
gene-trnas-gcu-12_2			1		0
gene-trnas-gcu-12_20			1		0
gene-trnas-gcu-12_3			1		0
gene-trnas-gcu-12_4			1		0
gene-trnas-gcu-12_5			1		0
gene-trnas-gcu-12_6			1		0
gene-trnas-gcu-12_7			1		0
gene-trnas-gcu-12_8			1		0
gene-trnas-gcu-12_9			1		0
gene-trnas-gcu-13_1			1		0
gene-trnas-gcu-13_10			1		0
gene-trnas-gcu-13_11			1		0
gene-trnas-gcu-13_12			1		0
gene-trnas-gcu-13_13			1		0
gene-trnas-gcu-13_14			1		0
gene-trnas-gcu-13_15			1		0
gene-trnas-gcu-13_16			1		0
gene-trnas-gcu-13_17			1		0
gene-trnas-gcu-13_18			1		0
gene-trnas-gcu-13_2			1		0
gene-trnas-gcu-13_3			1		0
gene-trnas-gcu-13_4			1		0
gene-trnas-gcu-13_5			1		0
gene-trnas-gcu-13_6			1		0
gene-trnas-gcu-13_7			1		0
gene-trnas-gcu-13_8			1		0
gene-trnas-gcu-13_9			1		0
gene-trnas-gcu-14	trnas-gcu	tRNA-Ser	1	Y	0
gene-trnas-gcu-14_1			1		0
gene-trnas-gcu-14_10			1		0
gene-trnas-gcu-14_2			1		0
gene-trnas-gcu-14_3			1		0
gene-trnas-gcu-14_4			1		0
gene-trnas-gcu-14_5			1		0
gene-trnas-gcu-14_6			1		0
gene-trnas-gcu-14_7			1		0
gene-trnas-gcu-14_8			1		0
gene-trnas-gcu-14_9			1		0
gene-trnas-gcu-15	trnas-gcu	tRNA-Ser	1	Y	0
gene-trnas-gcu-15_1			1		0
gene-trnas-gcu-15_10			1		0
gene-trnas-gcu-15_11			1		0
gene-trnas-gcu-15_12			1		0
gene-trnas-gcu-15_13			1		0
gene-trnas-gcu-15_2			1		0
gene-trnas-gcu-15_3			1		0
gene-trnas-gcu-15_4			1		0
gene-trnas-gcu-15_5			1		0
gene-trnas-gcu-15_6			1		0
gene-trnas-gcu-15_7			1		0
gene-trnas-gcu-15_8			1		0
gene-trnas-gcu-15_9			1		0
gene-trnas-gcu-16_1			1		0
gene-trnas-gcu-16_2			1		0
gene-trnas-gcu-16_3			1		0
gene-trnas-gcu-16_4			1		0
gene-trnas-gcu-17_1			1		0
gene-trnas-gcu-17_10			1		0
gene-trnas-gcu-17_2			1		0
gene-trnas-gcu-17_3			1		0
gene-trnas-gcu-17_4			1		0
gene-trnas-gcu-17_5			1		0
gene-trnas-gcu-17_6			1		0
gene-trnas-gcu-17_7			1		0
gene-trnas-gcu-17_8			1		0
gene-trnas-gcu-17_9			1		0
gene-trnas-gcu-18	trnas-gcu	tRNA-Ser	1	Y	0
gene-trnas-gcu-18_1			1		0
gene-trnas-gcu-18_2			1		0
gene-trnas-gcu-19	trnas-gcu	tRNA-Ser	1	Y	0
gene-trnas-gcu-19_1			1		0
gene-trnas-gcu-19_2			1		0
gene-trnas-gcu-19_3			1		0
gene-trnas-gcu-20_1			1		0
gene-trnas-gcu-20_2			1		0
gene-trnas-gcu-21	trnas-gcu	tRNA-Ser	1	Y	0
gene-trnas-gcu-21_1			1		0
gene-trnas-gcu-21_2			1		0
gene-trnas-gcu-22_1			1		0
gene-trnas-gcu-22_2			1		0
gene-trnas-gcu-23_1			1		0
gene-trnas-gcu-23_2			1		0
gene-trnas-gcu-23_3			1		0
gene-trnas-gcu-23_4			1		0
gene-trnas-gcu-23_5			1		0
gene-trnas-gcu-24	trnas-gcu	tRNA-Ser	1	Y	0
gene-trnas-gcu-26	trnas-gcu	tRNA-Ser	1	Y	0
gene-trnas-gcu-27_1			1		0
gene-trnas-gcu-30_10			1		0
gene-trnas-gcu-30_11			1		0
gene-trnas-gcu-30_12			1		0
gene-trnas-gcu-30_13			1		0
gene-trnas-gcu-30_14			1		0
gene-trnas-gcu-30_15			1		0
gene-trnas-gcu-30_16			1		0
gene-trnas-gcu-30_17			1		0
gene-trnas-gcu-30_18			1		0
gene-trnas-gcu-30_19			1		0
gene-trnas-gcu-30_20			1		0
gene-trnas-gcu-30_21			1		0
gene-trnas-gcu-30_22			1		0
gene-trnas-gcu-30_23			1		0
gene-trnas-gcu-30_24			1		0
gene-trnas-gcu-30_25			1		0
gene-trnas-gcu-30_26			1		0
gene-trnas-gcu-30_27			1		0
gene-trnas-gcu-30_28			1		0
gene-trnas-gcu-30_29			1		0
gene-trnas-gcu-30_30			1		0
gene-trnas-gcu-30_31			1		0
gene-trnas-gcu-30_32			1		0
gene-trnas-gcu-30_33			1		0
gene-trnas-gcu-30_34			1		0
gene-trnas-gcu-30_35			1		0
gene-trnas-gcu-30_36			1		0
gene-trnas-gcu-30_37			1		0
gene-trnas-gcu-30_38			1		0
gene-trnas-gcu-30_39			1		0
gene-trnas-gcu-30_40			1		0
gene-trnas-gcu-30_41			1		0
gene-trnas-gcu-30_42			1		0
gene-trnas-gcu-30_43			1		0
gene-trnas-gcu-30_44			1		0
gene-trnas-gcu-30_45			1		0
gene-trnas-gcu-30_46			1		0
gene-trnas-gcu-30_6			1		0
gene-trnas-gcu-30_7			1		0
gene-trnas-gcu-30_8			1		0
gene-trnas-gcu-30_9			1		0
gene-trnas-gcu-33	trnas-gcu	tRNA-Ser	1	Y	0
gene-trnas-gcu-34_1			1		0
gene-trnas-gcu-34_10			1		0
gene-trnas-gcu-34_11			1		0
gene-trnas-gcu-34_12			1		0
gene-trnas-gcu-34_13			1		0
gene-trnas-gcu-34_14			1		0
gene-trnas-gcu-34_15			1		0
gene-trnas-gcu-34_2			1		0
gene-trnas-gcu-34_3			1		0
gene-trnas-gcu-34_4			1		0
gene-trnas-gcu-34_5			1		0
gene-trnas-gcu-34_6			1		0
gene-trnas-gcu-34_7			1		0
gene-trnas-gcu-34_8			1		0
gene-trnas-gcu-34_9			1		0
gene-trnas-gcu-35_11			1		0
gene-trnas-gcu-35_12			1		0
gene-trnas-gcu-35_13			1		0
gene-trnas-gcu-35_14			1		0
gene-trnas-gcu-35_15			1		0
gene-trnas-gcu-35_16			1		0
gene-trnas-gcu-35_17			1		0
gene-trnas-gcu-35_18			1		0
gene-trnas-gcu-35_19			1		0
gene-trnas-gcu-35_20			1		0
gene-trnas-gcu-35_21			1		0
gene-trnas-gcu-35_22			1		0
gene-trnas-gcu-35_23			1		0
gene-trnas-gcu-35_24			1		0
gene-trnas-gcu-35_25			1		0
gene-trnas-gcu-36_1			1		0
gene-trnas-gcu-37	trnas-gcu	tRNA-Ser	1	Y	0
gene-trnas-gcu-39	trnas-gcu	tRNA-Ser	1	Y	0
gene-trnas-gcu-40	trnas-gcu	tRNA-Ser	1	Y	0
gene-trnas-gcu-41	trnas-gcu	tRNA-Ser	1	Y	0
gene-trnas-gcu-44	trnas-gcu	tRNA-Ser	1	Y	0
gene-trnas-gcu-46	trnas-gcu	tRNA-Ser	1	Y	0
gene-trnas-gcu-48	trnas-gcu	tRNA-Ser	1	Y	0
gene-trnas-gcu-51	trnas-gcu	tRNA-Ser	1	Y	0
gene-trnas-gcu-54	trnas-gcu	tRNA-Ser	1	Y	0
gene-trnas-gcu-56	trnas-gcu	tRNA-Ser	1	Y	0
gene-trnas-gcu-57	trnas-gcu	tRNA-Ser	1	Y	0
gene-trnas-gcu-59	trnas-gcu	tRNA-Ser	1	Y	0
gene-trnas-gcu-60_10			1		0
gene-trnas-gcu-60_2			1		0
gene-trnas-gcu-60_3			1		0
gene-trnas-gcu-60_4			1		0
gene-trnas-gcu-60_5			1		0
gene-trnas-gcu-60_6			1		0
gene-trnas-gcu-60_7			1		0
gene-trnas-gcu-60_8			1		0
gene-trnas-gcu-60_9			1		0
gene-trnas-gcu-63	trnas-gcu	tRNA-Ser	1	Y	0
gene-trnas-gcu-67_12			1		0
gene-trnas-gcu-67_13			1		0
gene-trnas-gcu-67_14			1		0
gene-trnas-gcu-67_15			1		0
gene-trnas-gcu-68_1			1		0
gene-trnas-gcu-68_2			1		0
gene-trnas-gcu-68_3			1		0
gene-trnas-gcu-68_4			1		0
gene-trnas-gcu-68_5			1		0
gene-trnas-gcu-68_6			1		0
gene-trnas-gcu-68_7			1		0
gene-trnas-gcu-68_8			1		0
gene-trnas-gcu-68_9			1		0
gene-trnas-gcu-75_1			1		0
gene-trnas-gcu-75_10			1		0
gene-trnas-gcu-75_11			1		0
gene-trnas-gcu-75_12			1		0
gene-trnas-gcu-75_13			1		0
gene-trnas-gcu-75_14			1		0
gene-trnas-gcu-75_15			1		0
gene-trnas-gcu-75_16			1		0
gene-trnas-gcu-75_17			1		0
gene-trnas-gcu-75_18			1		0
gene-trnas-gcu-75_19			1		0
gene-trnas-gcu-75_2			1		0
gene-trnas-gcu-75_20			1		0
gene-trnas-gcu-75_21			1		0
gene-trnas-gcu-75_22			1		0
gene-trnas-gcu-75_23			1		0
gene-trnas-gcu-75_24			1		0
gene-trnas-gcu-75_25			1		0
gene-trnas-gcu-75_26			1		0
gene-trnas-gcu-75_27			1		0
gene-trnas-gcu-75_28			1		0
gene-trnas-gcu-75_29			1		0
gene-trnas-gcu-75_3			1		0
gene-trnas-gcu-75_30			1		0
gene-trnas-gcu-75_31			1		0
gene-trnas-gcu-75_32			1		0
gene-trnas-gcu-75_33			1		0
gene-trnas-gcu-75_34			1		0
gene-trnas-gcu-75_35			1		0
gene-trnas-gcu-75_36			1		0
gene-trnas-gcu-75_37			1		0
gene-trnas-gcu-75_38			1		0
gene-trnas-gcu-75_39			1		0
gene-trnas-gcu-75_4			1		0
gene-trnas-gcu-75_40			1		0
gene-trnas-gcu-75_41			1		0
gene-trnas-gcu-75_5			1		0
gene-trnas-gcu-75_6			1		0
gene-trnas-gcu-75_7			1		0
gene-trnas-gcu-75_8			1		0
gene-trnas-gcu-75_9			1		0
gene-trnas-gcu-79_10			1		0
gene-trnas-gcu-79_11			1		0
gene-trnas-gcu-79_12			1		0
gene-trnas-gcu-79_4			1		0
gene-trnas-gcu-79_5			1		0
gene-trnas-gcu-79_6			1		0
gene-trnas-gcu-79_7			1		0
gene-trnas-gcu-79_8			1		0
gene-trnas-gcu-79_9			1		0
gene-trnas-gcu-8_11			1		0
gene-trnas-gcu-8_12			1		0
gene-trnas-gcu-8_13			1		0
gene-trnas-gcu-91_10			1		0
gene-trnas-gcu-91_11			1		0
gene-trnas-gcu-91_12			1		0
gene-trnas-gcu-91_13			1		0
gene-trnas-gcu-91_14			1		0
gene-trnas-gcu-91_15			1		0
gene-trnas-gcu-91_16			1		0
gene-trnas-gcu-91_17			1		0
gene-trnas-gcu-91_18			1		0
gene-trnas-gcu-91_19			1		0
gene-trnas-gcu-91_20			1		0
gene-trnas-gcu-91_21			1		0
gene-trnas-gcu-91_22			1		0
gene-trnas-gcu-91_23			1		0
gene-trnas-gcu-91_3			1		0
gene-trnas-gcu-91_4			1		0
gene-trnas-gcu-91_5			1		0
gene-trnas-gcu-91_6			1		0
gene-trnas-gcu-91_7			1		0
gene-trnas-gcu-91_8			1		0
gene-trnas-gcu-91_9			1		0
gene-trnas-gcu_1			1		0
gene-trnas-uga-13_10			1		0
gene-trnas-uga-13_11			1		0
gene-trnas-uga-16_1			1		0
gene-trnas-uga-17_5			1		0
gene-trnas-uga-17_6			1		0
gene-trnas-uga-18_6			1		0
gene-trnas-uga-18_7			1		0
gene-trnas-uga-20_2			1		0
gene-trnas-uga-20_3			1		0
gene-trnas-uga-20_4			1		0
gene-trnas-uga-20_5			1		0
gene-trnas-uga-20_6			1		0
gene-trnas-uga-41_34			1		0
gene-trnas-uga-41_35			1		0
gene-trnas-uga-41_36			1		0
gene-trnas-uga-43_2			1		0
gene-trnas-uga-48_3			1		0
gene-trnas-uga-7_5			1		0
gene-trnas-uga-7_6			1		0
gene-trnat-agu-28_1			1		0
gene-trnat-agu-28_2			1		0
gene-trnat-agu-39_15			1		0
gene-trnat-agu-39_16			1		0
gene-trnat-agu-6_4			1		0
gene-trnat-agu-6_5			1		0
gene-trnat-agu-6_6			1		0
gene-trnat-agu-6_7			1		0
gene-trnat-agu-6_8			1		0
gene-trnat-agu_24			1		0
gene-trnat-cgu	trnat-cgu	tRNA-Thr	84	Y	0
gene-trnat-cgu-19	trnat-cgu	tRNA-Thr	1	Y	0
gene-trnat-cgu-4_7			1		0
gene-trnat-cgu-4_8			1		0
gene-trnat-ugu-2	trnat-ugu	tRNA-Thr	1	Y	0
gene-trnat-ugu-68_1			1		0
gene-trnat-ugu-81_14			1		0
gene-trnat-ugu-81_15			1		0
gene-trnat-ugu-82	trnat-ugu	tRNA-Thr	1	Y	0
gene-trnav-aac-11_19			1		0
gene-trnav-aac-11_20			1		0
gene-trnav-aac-15_1			1		0
gene-trnav-aac-16_3			1		0
gene-trnav-aac-16_4			1		0
gene-trnav-aac-16_5			1		0
gene-trnav-aac-16_6			1		0
gene-trnav-aac-16_7			1		0
gene-trnav-aac-16_8			1		0
gene-trnav-aac-17_10			1		0
gene-trnav-aac-17_9			1		0
gene-trnav-aac-4_2			1		0
gene-trnav-cac-11_1			1		0
gene-trnav-cac-11_2			1		0
gene-trnav-cac-12_10			1		0
gene-trnav-cac-12_11			1		0
gene-trnav-cac-12_12			1		0
gene-trnav-cac-12_13			1		0
gene-trnav-cac-12_14			1		0
gene-trnav-cac-12_6			1		0
gene-trnav-cac-12_7			1		0
gene-trnav-cac-12_8			1		0
gene-trnav-cac-12_9			1		0
gene-trnav-cac-13_1			1		0
gene-trnav-cac-13_2			1		0
gene-trnav-cac-13_3			1		0
gene-trnav-cac-13_4			1		0
gene-trnav-cac-15_11			1		0
gene-trnav-cac-16_40			1		0
gene-trnav-cac-16_41			1		0
gene-trnav-cac-23_1			1		0
gene-trnav-cac-23_2			1		0
gene-trnav-cac-26_1			1		0
gene-trnav-cac-27_10			1		0
gene-trnav-cac-27_11			1		0
gene-trnav-cac-27_12			1		0
gene-trnav-cac-27_13			1		0
gene-trnav-cac-27_14			1		0
gene-trnav-cac-27_15			1		0
gene-trnav-cac-27_16			1		0
gene-trnav-cac-27_17			1		0
gene-trnav-cac-27_18			1		0
gene-trnav-cac-27_19			1		0
gene-trnav-cac-27_5			1		0
gene-trnav-cac-27_6			1		0
gene-trnav-cac-27_7			1		0
gene-trnav-cac-27_8			1		0
gene-trnav-cac-27_9			1		0
gene-trnav-cac-44_1			1		0
gene-trnav-cac-44_2			1		0
gene-trnav-cac-47_2			1		0
gene-trnav-cac-47_3			1		0
gene-trnav-cac-47_4			1		0
gene-trnav-cac-47_5			1		0
gene-trnav-cac-4_2			1		0
gene-trnav-cac-4_3			1		0
gene-trnav-cac-4_4			1		0
gene-trnav-cac-4_5			1		0
gene-trnav-cac-50_1			1		0
gene-trnav-cac-50_2			1		0
gene-trnav-cac-50_3			1		0
gene-trnav-uac-25_7			1		0
gene-trnav-uac-25_8			1		0
gene-trnav-uac-30_3			1		0
gene-trnav-uac-30_4			1		0
gene-trnav-uac-30_5			1		0
gene-trnav-uac-30_6			1		0
gene-trnav-uac-33_4			1		0
gene-trnav-uac-34_10			1		0
gene-trnav-uac-34_11			1		0
gene-trnav-uac-34_12			1		0
gene-trnav-uac-34_13			1		0
gene-trnav-uac-34_14			1		0
gene-trnav-uac-34_15			1		0
gene-trnav-uac-34_9			1		0
gene-trnav-uac-37_20			1		0
gene-trnav-uac-37_21			1		0
gene-trnav-uac-37_22			1		0
gene-trnav-uac-37_23			1		0
gene-trnav-uac-37_24			1		0
gene-trnav-uac-39_5			1		0
gene-trnav-uac-39_6			1		0
gene-trnav-uac-39_7			1		0
gene-trnav-uac-40_2			1		0
gene-trnav-uac-40_3			1		0
gene-trnav-uac-40_4			1		0
gene-trnav-uac-42_16			1		0
gene-trnaw-cca-14_1			1		0
gene-trnaw-cca-20_2			1		0
gene-trnaw-cca-20_3			1		0
gene-trnaw-cca-20_4			1		0
gene-trnaw-cca-22_2			1		0
gene-trnaw-cca-22_3			1		0
gene-trnaw-cca-27_28			1		0
gene-trnaw-cca-27_29			1		0
gene-trnaw-cca-27_30			1		0
gene-trnaw-cca-27_31			1		0
gene-trnaw-cca-27_32			1		0
gene-trnaw-cca-27_33			1		0
gene-trnaw-cca-33_1			1		0
gene-trnaw-cca-3_5			1		0
gene-trnaw-cca-4_23			1		0
gene-trnaw-cca-52_4			1		0
gene-trnaw-cca-52_5			1		0
gene-trnaw-cca-54_2			1		0
gene-trnaw-cca-54_3			1		0
gene-trnaw-cca-60_44			1		0
gene-trnaw-cca-60_45			1		0
gene-trnaw-cca-60_46			1		0
gene-trnaw-cca-60_47			1		0
gene-trnaw-cca-60_48			1		0
gene-trnaw-cca-72_10			1		0
gene-trnaw-cca-72_3			1		0
gene-trnaw-cca-72_4			1		0
gene-trnaw-cca-72_5			1		0
gene-trnaw-cca-72_6			1		0
gene-trnaw-cca-72_7			1		0
gene-trnaw-cca-72_8			1		0
gene-trnaw-cca-72_9			1		0
gene-trnaw-cca-77_1			1		0
gene-trnaw-cca-88_22			1		0
gene-trnaw-cca-88_23			1		0
gene-trnaw-cca-89_10			1		0
gene-trnaw-cca-89_11			1		0
gene-trnaw-cca-89_12			1		0
gene-trnaw-cca-89_13			1		0
gene-trnaw-cca-89_14			1		0
gene-trnaw-cca-89_15			1		0
gene-trnaw-cca-89_16			1		0
gene-trnaw-cca-89_17			1		0
gene-trnaw-cca-89_18			1		0
gene-trnaw-cca-89_19			1		0
gene-trnay-gua-10_1			1		0
gene-trnay-gua-10_2			1		0
gene-trnay-gua-18_2			1		0
gene-trnay-gua-18_3			1		0
gene-trnay-gua-18_4			1		0
gene-trnay-gua-18_5			1		0
gene-trnay-gua-18_6			1		0
gene-trnay-gua-24_2			1		0
gene-trnay-gua-27_5			1		0
gene-trnay-gua-32_4			1		0
gene-trnay-gua-32_5			1		0
gene-trnay-gua-32_6			1		0
gene-trnay-gua-34_2			1		0
gene-trnay-gua-34_3			1		0
gene-trnay-gua-34_4			1		0
gene-trnay-gua-35_9			1		0
gene-trnay-gua-40_1			1		0
gene-trnay-gua-53_1			1		0
gene-trnay-gua-53_2			1		0
gene-trnay-gua-53_3			1		0
gene-trnay-gua-53_4			1		0
gene-trnay-gua-53_5			1		0
gene-trnay-gua-53_6			1		0
gene-trnay-gua-53_7			1		0
gene-trnay-gua-55_1			1		0
gene-trnay-gua-56_1			1		0
gene-trnay-gua-56_2			1		0
gene-trnay-gua-58_1			1		0
gene-trnay-gua-58_2			1		0
gene-trnay-gua-61_10			1		0
gene-trnay-gua-61_11			1		0
gene-trnay-gua-66_7			1		0
gene-trnay-gua-66_8			1		0
gene-trnay-gua-67_4			1		0
gene-trnay-gua-67_5			1		0
gene-trnay-gua-67_6			1		0
gene-trnay-gua-74_13			1		0
gene-trnay-gua-83_5			1		0
gene-ttc13_1			1		0
gene-tusc3	tusc3	tumor suppressor candidate 3	1	Y	2
gene-twist1b_1			1		0
gene-ube3d	ube3d	ubiquitin protein ligase E3D	1	Y	10
gene-ufc1	ufc1	ubiquitin-fold modifier conjugating enzyme 1	1	Y	3
gene-wbp4	wbp4	WW domain binding protein 4	1	Y	6
gene-wdr93_1			1		0
gene-zgc:101716	zgc:101716	uncharacterized protein LOC492784 homolog	1	Y	1
gene-zgc:92242	zgc:92242	uncharacterized protein LOC436899 homolog	1	Y	1
gene-znf526	znf526	zinc finger protein 526	1	Y	4
