site_id,chrom,pos,lean_mean,siscowet_mean,meth_diff,n_lean,n_siscowet,statistic,pvalue,qvalue,significant,significant_fdr,direction
NC_052307.1:12701367,NC_052307.1,12701367,47.5,63.09525,15.59525,3,4,0.0,0.04974599072150299,0.9266860194365075,True,False,hyper_siscowet
NC_052307.1:13392200,NC_052307.1,13392200,22.5731,40.44445,17.871350000000003,3,4,0.0,0.04974599072150299,0.9266860194365075,True,False,hyper_siscowet
NC_052307.1:13393293,NC_052307.1,13393293,19.517533333333333,40.30715,20.789616666666667,3,4,0.0,0.04974599072150299,0.9266860194365075,True,False,hyper_siscowet
NC_052307.1:13579456,NC_052307.1,13579456,68.44225,89.139875,20.697625000000002,4,4,0.0,0.02857142857142857,0.9266860194365075,True,False,hyper_siscowet
NC_052307.1:13581047,NC_052307.1,13581047,45.5898,60.680825,15.091025000000002,4,4,0.0,0.02857142857142857,0.9266860194365075,True,False,hyper_siscowet
NC_052307.1:35135444,NC_052307.1,35135444,61.60537500000001,76.742025,15.136649999999989,4,4,0.0,0.02857142857142857,0.9266860194365075,True,False,hyper_siscowet
NC_052307.1:4412187,NC_052307.1,4412187,82.2328,66.565625,-15.667175,3,4,12.0,0.04974599072150299,0.9266860194365075,True,False,hypo_siscowet
NC_052307.1:45089436,NC_052307.1,45089436,91.67965000000001,73.3173,-18.362350000000006,4,4,16.0,0.02857142857142857,0.9266860194365075,True,False,hypo_siscowet
NC_052307.1:54460200,NC_052307.1,54460200,94.490725,76.7262,-17.764524999999992,4,4,16.0,0.02857142857142857,0.9266860194365075,True,False,hypo_siscowet
NC_052307.1:72939168,NC_052307.1,72939168,53.101525,69.14965,16.04812499999999,4,4,0.0,0.02857142857142857,0.9266860194365075,True,False,hyper_siscowet
NC_052307.1:72940164,NC_052307.1,72940164,55.246775,73.81739999999999,18.570624999999993,4,4,0.0,0.02857142857142857,0.9266860194365075,True,False,hyper_siscowet
NC_052307.1:72940189,NC_052307.1,72940189,59.086175,79.4845,20.398325,4,4,0.0,0.02857142857142857,0.9266860194365075,True,False,hyper_siscowet
NC_052307.1:72940575,NC_052307.1,72940575,65.734875,85.28415,19.549274999999994,4,4,0.0,0.02857142857142857,0.9266860194365075,True,False,hyper_siscowet
NC_052307.1:72941523,NC_052307.1,72941523,55.484275,72.603025,17.118750000000006,4,4,0.0,0.029401048190339642,0.9266860194365075,True,False,hyper_siscowet
NC_052307.1:72942650,NC_052307.1,72942650,54.98315,73.3348,18.35165,4,4,0.0,0.02857142857142857,0.9266860194365075,True,False,hyper_siscowet
NC_052307.1:72942690,NC_052307.1,72942690,52.53195,69.32065,16.7887,4,4,0.0,0.02857142857142857,0.9266860194365075,True,False,hyper_siscowet
NC_052307.1:72942715,NC_052307.1,72942715,49.69435,67.302825,17.608475,4,4,0.0,0.02857142857142857,0.9266860194365075,True,False,hyper_siscowet
NC_052307.1:73031017,NC_052307.1,73031017,68.23435,92.79495,24.560599999999994,4,4,0.0,0.02857142857142857,0.9266860194365075,True,False,hyper_siscowet
NC_052307.1:73663234,NC_052307.1,73663234,90.84223333333334,74.6212,-16.221033333333338,3,4,12.0,0.04974599072150299,0.9266860194365075,True,False,hypo_siscowet
NC_052307.1:73730772,NC_052307.1,73730772,91.55843333333333,73.638825,-17.91960833333333,3,4,12.0,0.04974599072150299,0.9266860194365075,True,False,hypo_siscowet
NC_052307.1:73743405,NC_052307.1,73743405,26.110699999999998,2.941175,-23.169524999999997,3,4,12.0,0.04359664488554136,0.9266860194365075,True,False,hypo_siscowet
NC_052307.1:73743407,NC_052307.1,73743407,25.5844,5.0245075,-20.559892499999997,3,4,12.0,0.04974599072150299,0.9266860194365075,True,False,hypo_siscowet
NC_052307.1:74022875,NC_052307.1,74022875,46.5294,7.52175,-39.007650000000005,3,4,12.0,0.04974599072150299,0.9266860194365075,True,False,hypo_siscowet
NC_052307.1:74022888,NC_052307.1,74022888,43.0755,7.244325,-35.831175,3,4,12.0,0.04974599072150299,0.9266860194365075,True,False,hypo_siscowet
NC_052307.1:74023299,NC_052307.1,74023299,87.61073333333333,54.9716,-32.63913333333333,3,4,12.0,0.04974599072150299,0.9266860194365075,True,False,hypo_siscowet
NC_052307.1:74189867,NC_052307.1,74189867,7.0238175,34.701724999999996,27.677907499999996,4,4,0.0,0.029401048190339642,0.9266860194365075,True,False,hyper_siscowet
NC_052307.1:74223763,NC_052307.1,74223763,29.403399999999998,71.047275,41.643875,4,4,0.0,0.02857142857142857,0.9266860194365075,True,False,hyper_siscowet
NC_052307.1:76972787,NC_052307.1,76972787,3.5092974999999997,25.350524999999998,21.8412275,4,4,0.0,0.02857142857142857,0.9266860194365075,True,False,hyper_siscowet
NC_052307.1:77590345,NC_052307.1,77590345,100.0,83.73016666666666,-16.269833333333338,4,3,12.0,0.030065283228311607,0.9266860194365075,True,False,hypo_siscowet
NC_052307.1:77844070,NC_052307.1,77844070,100.0,82.827175,-17.172825000000003,3,4,12.0,0.04359664488554136,0.9266860194365075,True,False,hypo_siscowet
NC_052307.1:77854633,NC_052307.1,77854633,100.0,83.143925,-16.856075000000004,3,4,12.0,0.041586341232186144,0.9266860194365075,True,False,hypo_siscowet
NC_052307.1:78811369,NC_052307.1,78811369,30.555533333333333,13.7050575,-16.850475833333334,3,4,12.0,0.04974599072150299,0.9266860194365075,True,False,hypo_siscowet
NC_052307.1:78814058,NC_052307.1,78814058,98.0392,68.30160000000001,-29.737599999999986,3,4,12.0,0.04974599072150299,0.9266860194365075,True,False,hypo_siscowet
NC_052307.1:78816762,NC_052307.1,78816762,97.61903333333333,61.666675,-35.952358333333336,3,4,12.0,0.04767810313602185,0.9266860194365075,True,False,hypo_siscowet
NC_052307.1:81192465,NC_052307.1,81192465,30.662376666666663,0.0,-30.662376666666663,3,4,12.0,0.03191120476963876,0.9266860194365075,True,False,hypo_siscowet
NC_052307.1:81774827,NC_052307.1,81774827,82.35929999999999,57.75465,-24.604649999999992,4,4,16.0,0.02857142857142857,0.9266860194365075,True,False,hypo_siscowet
NC_052307.1:81774877,NC_052307.1,81774877,83.108325,64.782625,-18.325699999999998,4,4,16.0,0.02857142857142857,0.9266860194365075,True,False,hypo_siscowet
NC_052307.1:81897762,NC_052307.1,81897762,62.301566666666666,85.80685,23.50528333333333,3,4,0.0,0.04974599072150299,0.9266860194365075,True,False,hyper_siscowet
NC_052307.1:81897847,NC_052307.1,81897847,65.9341,88.18180000000001,22.24770000000001,3,4,0.0,0.04974599072150299,0.9266860194365075,True,False,hyper_siscowet
NC_052307.1:82047780,NC_052307.1,82047780,30.1515,12.932882500000002,-17.218617499999997,4,4,16.0,0.02857142857142857,0.9266860194365075,True,False,hypo_siscowet
NC_052308.1:10777722,NC_052308.1,10777722,80.22873333333332,96.212125,15.983391666666677,3,4,0.0,0.04359664488554136,0.9266860194365075,True,False,hyper_siscowet
NC_052308.1:25798849,NC_052308.1,25798849,73.3604,50.9183,-22.442099999999996,4,4,16.0,0.02857142857142857,0.9266860194365075,True,False,hypo_siscowet
NC_052308.1:26203304,NC_052308.1,26203304,79.48885,58.22987500000001,-21.258974999999992,4,4,16.0,0.029401048190339642,0.9266860194365075,True,False,hypo_siscowet
NC_052308.1:40388831,NC_052308.1,40388831,59.445274999999995,41.874375,-17.570899999999995,4,4,16.0,0.02857142857142857,0.9266860194365075,True,False,hypo_siscowet
NC_052308.1:40394414,NC_052308.1,40394414,84.364225,62.067775,-22.296450000000007,4,4,16.0,0.02857142857142857,0.9266860194365075,True,False,hypo_siscowet
NC_052308.1:40437800,NC_052308.1,40437800,92.319075,76.01830000000001,-16.300774999999987,4,4,16.0,0.02857142857142857,0.9266860194365075,True,False,hypo_siscowet
NC_052308.1:42831612,NC_052308.1,42831612,11.145533333333333,31.290399999999998,20.144866666666665,3,4,0.0,0.04974599072150299,0.9266860194365075,True,False,hyper_siscowet
NC_052308.1:42961384,NC_052308.1,42961384,79.4872,50.702,-28.785200000000003,3,4,12.0,0.04974599072150299,0.9266860194365075,True,False,hypo_siscowet
NC_052308.1:43060658,NC_052308.1,43060658,59.01233333333334,28.315400000000004,-30.696933333333334,3,4,12.0,0.04974599072150299,0.9266860194365075,True,False,hypo_siscowet
NC_052308.1:43383236,NC_052308.1,43383236,79.58533333333332,55.77867499999999,-23.80665833333333,3,4,12.0,0.04974599072150299,0.9266860194365075,True,False,hypo_siscowet
NC_052308.1:44050621,NC_052308.1,44050621,98.0392,80.402925,-17.636274999999998,3,4,12.0,0.04767810313602185,0.9266860194365075,True,False,hypo_siscowet
NC_052308.1:44050630,NC_052308.1,44050630,98.0392,81.09835000000001,-16.940849999999983,3,4,12.0,0.04974599072150299,0.9266860194365075,True,False,hypo_siscowet
NC_052308.1:47493454,NC_052308.1,47493454,74.09035,57.7669,-16.32345,4,4,16.0,0.02857142857142857,0.9266860194365075,True,False,hypo_siscowet
NC_052308.1:47494467,NC_052308.1,47494467,49.053275000000006,28.26605,-20.787225000000007,4,4,16.0,0.02857142857142857,0.9266860194365075,True,False,hypo_siscowet
NC_052308.1:56907815,NC_052308.1,56907815,94.51305,79.113125,-15.39992500000001,4,4,16.0,0.02857142857142857,0.9266860194365075,True,False,hypo_siscowet
NC_052308.1:71000868,NC_052308.1,71000868,83.95723333333332,64.539475,-19.417758333333325,3,4,12.0,0.04974599072150299,0.9266860194365075,True,False,hypo_siscowet
NC_052308.1:71072506,NC_052308.1,71072506,28.282833333333333,3.2727275,-25.010105833333334,3,4,12.0,0.04974599072150299,0.9266860194365075,True,False,hypo_siscowet
NC_052308.1:71187815,NC_052308.1,71187815,92.88046666666666,75.365275,-17.515191666666666,3,4,12.0,0.04974599072150299,0.9266860194365075,True,False,hypo_siscowet
NC_052308.1:71344170,NC_052308.1,71344170,92.91666666666667,76.70939999999999,-16.207266666666683,3,4,12.0,0.04974599072150299,0.9266860194365075,True,False,hypo_siscowet
NC_052308.1:72229508,NC_052308.1,72229508,79.82853333333334,97.21875,17.39021666666666,3,4,0.0,0.04974599072150299,0.9266860194365075,True,False,hyper_siscowet
NC_052308.1:72230664,NC_052308.1,72230664,77.5341,95.2621,17.72800000000001,4,4,0.0,0.02857142857142857,0.9266860194365075,True,False,hyper_siscowet
NC_052308.1:72274754,NC_052308.1,72274754,90.90232499999999,74.3955,-16.506824999999992,4,4,16.0,0.02857142857142857,0.9266860194365075,True,False,hypo_siscowet
NC_052308.1:72293880,NC_052308.1,72293880,32.6752,15.506150000000002,-17.169049999999995,4,4,16.0,0.02857142857142857,0.9266860194365075,True,False,hypo_siscowet
NC_052308.1:72362697,NC_052308.1,72362697,57.524675,76.897625,19.372950000000003,4,4,0.0,0.02857142857142857,0.9266860194365075,True,False,hyper_siscowet
NC_052308.1:72362725,NC_052308.1,72362725,54.5181,72.61505,18.09695,4,4,0.0,0.02857142857142857,0.9266860194365075,True,False,hyper_siscowet
NC_052308.1:72362745,NC_052308.1,72362745,49.225525,65.4115,16.185975000000006,4,4,0.0,0.02857142857142857,0.9266860194365075,True,False,hyper_siscowet
NC_052308.1:72362801,NC_052308.1,72362801,68.437625,85.508025,17.070400000000006,4,4,0.0,0.02857142857142857,0.9266860194365075,True,False,hyper_siscowet
NC_052308.1:72362904,NC_052308.1,72362904,70.24412500000001,86.6923,16.448174999999992,4,4,0.0,0.02857142857142857,0.9266860194365075,True,False,hyper_siscowet
NC_052308.1:72362915,NC_052308.1,72362915,68.42505,84.953825,16.528774999999996,4,4,0.0,0.02857142857142857,0.9266860194365075,True,False,hyper_siscowet
NC_052308.1:72362930,NC_052308.1,72362930,68.2195,86.20305,17.983550000000008,4,4,0.0,0.02857142857142857,0.9266860194365075,True,False,hyper_siscowet
NC_052308.1:72362980,NC_052308.1,72362980,73.81887499999999,91.534075,17.71520000000001,4,4,0.0,0.02857142857142857,0.9266860194365075,True,False,hyper_siscowet
NC_052308.1:72363000,NC_052308.1,72363000,68.754625,88.280075,19.525449999999992,4,4,0.0,0.02857142857142857,0.9266860194365075,True,False,hyper_siscowet
NC_052308.1:72363017,NC_052308.1,72363017,63.0797,83.36455,20.28484999999999,4,4,0.0,0.02857142857142857,0.9266860194365075,True,False,hyper_siscowet
NC_052308.1:72363036,NC_052308.1,72363036,61.7079,82.39242499999999,20.684524999999987,4,4,0.0,0.02857142857142857,0.9266860194365075,True,False,hyper_siscowet
NC_052308.1:72363073,NC_052308.1,72363073,60.60625,80.3415,19.735249999999994,4,4,0.0,0.02857142857142857,0.9266860194365075,True,False,hyper_siscowet
NC_052308.1:72363095,NC_052308.1,72363095,54.874375,70.934325,16.05995,4,4,0.0,0.02857142857142857,0.9266860194365075,True,False,hyper_siscowet
NC_052308.1:73724574,NC_052308.1,73724574,100.0,82.078,-17.921999999999997,3,4,12.0,0.04359664488554136,0.9266860194365075,True,False,hypo_siscowet
NC_052308.1:73724579,NC_052308.1,73724579,98.24560000000001,72.016575,-26.229025000000007,3,4,12.0,0.04974599072150299,0.9266860194365075,True,False,hypo_siscowet
NC_052308.1:73729932,NC_052308.1,73729932,41.83986666666667,25.770449999999997,-16.069416666666676,3,4,12.0,0.04974599072150299,0.9266860194365075,True,False,hypo_siscowet
NC_052308.1:73738086,NC_052308.1,73738086,100.0,83.785225,-16.214775000000003,3,4,12.0,0.041586341232186144,0.9266860194365075,True,False,hypo_siscowet
NC_052308.1:74435616,NC_052308.1,74435616,59.088675,85.178575,26.089899999999993,4,4,0.0,0.02857142857142857,0.9266860194365075,True,False,hyper_siscowet
NC_052308.1:74437728,NC_052308.1,74437728,27.289025000000002,74.054125,46.7651,4,4,0.0,0.02857142857142857,0.9266860194365075,True,False,hyper_siscowet
NC_052308.1:75427519,NC_052308.1,75427519,77.37556666666667,92.916675,15.541108333333327,3,4,0.0,0.04974599072150299,0.9266860194365075,True,False,hyper_siscowet
NC_052308.1:75489928,NC_052308.1,75489928,99.21875,71.544175,-27.674575000000004,4,4,16.0,0.026518721959430728,0.9266860194365075,True,False,hypo_siscowet
NC_052308.1:75657251,NC_052308.1,75657251,92.3701,75.28013333333334,-17.089966666666655,4,3,12.0,0.04359664488554136,0.9266860194365075,True,False,hypo_siscowet
NC_052308.1:75658023,NC_052308.1,75658023,56.42855,13.333333333333334,-43.095216666666666,4,3,12.0,0.04767810313602185,0.9266860194365075,True,False,hypo_siscowet
NC_052308.1:75903028,NC_052308.1,75903028,98.41270000000002,77.076325,-21.336375000000018,3,4,12.0,0.04974599072150299,0.9266860194365075,True,False,hypo_siscowet
NC_052308.1:75908595,NC_052308.1,75908595,26.651366666666664,0.581395,-26.069971666666664,3,4,12.0,0.04359664488554136,0.9266860194365075,True,False,hypo_siscowet
NC_052308.1:76298364,NC_052308.1,76298364,39.234433333333335,10.2381025,-28.996330833333335,3,4,12.0,0.04974599072150299,0.9266860194365075,True,False,hypo_siscowet
NC_052308.1:76304997,NC_052308.1,76304997,64.22323333333334,95.80420000000001,31.58096666666667,3,4,0.0,0.04974599072150299,0.9266860194365075,True,False,hyper_siscowet
NC_052308.1:76305010,NC_052308.1,76305010,58.144800000000004,92.559525,34.41472499999999,3,4,0.0,0.04974599072150299,0.9266860194365075,True,False,hyper_siscowet
NC_052308.1:78941998,NC_052308.1,78941998,62.91397499999999,0.0,-62.91397499999999,4,3,12.0,0.04359664488554136,0.9266860194365075,True,False,hypo_siscowet
NC_052308.1:78942061,NC_052308.1,78942061,56.89005,0.0,-56.89005,4,3,12.0,0.04359664488554136,0.9266860194365075,True,False,hypo_siscowet
NC_052308.1:78944034,NC_052308.1,78944034,69.627175,0.0,-69.627175,4,3,12.0,0.04359664488554136,0.9266860194365075,True,False,hypo_siscowet
NC_052308.1:78944656,NC_052308.1,78944656,75.94697500000001,9.0909,-66.856075,4,4,16.0,0.026518721959430728,0.9266860194365075,True,False,hypo_siscowet
NC_052308.1:78948354,NC_052308.1,78948354,80.0648,22.115375,-57.949425000000005,3,4,12.0,0.04974599072150299,0.9266860194365075,True,False,hypo_siscowet
NC_052308.1:78950936,NC_052308.1,78950936,64.10816666666666,1.9230775,-62.185089166666664,3,4,12.0,0.04359664488554136,0.9266860194365075,True,False,hypo_siscowet
NC_052308.1:78958720,NC_052308.1,78958720,49.89896666666667,4.84615,-45.052816666666665,3,4,12.0,0.04974599072150299,0.9266860194365075,True,False,hypo_siscowet
NC_052308.1:78958787,NC_052308.1,78958787,50.037866666666666,5.7692275,-44.26863916666667,3,4,12.0,0.04974599072150299,0.9266860194365075,True,False,hypo_siscowet
NC_052308.1:78970418,NC_052308.1,78970418,61.81213333333333,5.55555,-56.256583333333325,3,4,12.0,0.04359664488554136,0.9266860194365075,True,False,hypo_siscowet
NC_052308.1:78971079,NC_052308.1,78971079,12.5,81.11245,68.61245,3,4,0.0,0.04974599072150299,0.9266860194365075,True,False,hyper_siscowet
NC_052308.1:78971130,NC_052308.1,78971130,17.23077,88.333325,71.102555,3,4,0.0,0.04974599072150299,0.9266860194365075,True,False,hyper_siscowet
NC_052308.1:78971294,NC_052308.1,78971294,18.171673333333334,79.86312500000001,61.69145166666668,3,4,0.0,0.04974599072150299,0.9266860194365075,True,False,hyper_siscowet
NC_052308.1:78971374,NC_052308.1,78971374,14.2857,80.85210000000001,66.5664,3,4,0.0,0.04974599072150299,0.9266860194365075,True,False,hyper_siscowet
NC_052308.1:78971450,NC_052308.1,78971450,16.666666666666668,80.206775,63.54010833333332,3,4,0.0,0.04974599072150299,0.9266860194365075,True,False,hyper_siscowet
NC_052308.1:79003619,NC_052308.1,79003619,53.58585,2.0833325,-51.5025175,4,4,16.0,0.026518721959430728,0.9266860194365075,True,False,hypo_siscowet
NC_052308.1:79008980,NC_052308.1,79008980,90.29303333333333,68.59892500000001,-21.69410833333332,3,4,12.0,0.04974599072150299,0.9266860194365075,True,False,hypo_siscowet
NC_052308.1:79041088,NC_052308.1,79041088,70.60606666666666,3.84615,-66.75991666666667,3,4,12.0,0.04359664488554136,0.9266860194365075,True,False,hypo_siscowet
NC_052308.1:79041475,NC_052308.1,79041475,94.84126666666667,79.20455,-15.636716666666672,3,4,12.0,0.04974599072150299,0.9266860194365075,True,False,hypo_siscowet
NC_052308.1:79047522,NC_052308.1,79047522,59.595933333333335,6.25,-53.345933333333335,3,4,12.0,0.04359664488554136,0.9266860194365075,True,False,hypo_siscowet
NC_052308.1:79084774,NC_052308.1,79084774,60.877700000000004,80.05205000000001,19.174350000000004,3,4,0.0,0.04974599072150299,0.9266860194365075,True,False,hyper_siscowet
NC_052309.1:4092148,NC_052309.1,4092148,23.639233333333333,3.125,-20.514233333333333,3,4,12.0,0.04359664488554136,0.9266860194365075,True,False,hypo_siscowet
NC_052309.1:4134231,NC_052309.1,4134231,65.58442500000001,97.1591,31.574674999999985,4,4,0.0,0.029401048190339642,0.9266860194365075,True,False,hyper_siscowet
NC_052309.1:4281850,NC_052309.1,4281850,76.486025,44.460474999999995,-32.02555,4,4,15.5,0.042066412206780826,0.9266860194365075,True,False,hypo_siscowet
NC_052309.1:57129596,NC_052309.1,57129596,48.147025,28.0885,-20.058525,4,4,16.0,0.02857142857142857,0.9266860194365075,True,False,hypo_siscowet
NC_052309.1:83332818,NC_052309.1,83332818,73.42805,26.908825,-46.519225,4,4,16.0,0.02857142857142857,0.9266860194365075,True,False,hypo_siscowet
NC_052309.1:83334548,NC_052309.1,83334548,93.14394999999999,76.146325,-16.997624999999985,4,4,16.0,0.02857142857142857,0.9266860194365075,True,False,hypo_siscowet
NC_052309.1:86640991,NC_052309.1,86640991,42.171699999999994,86.90475,44.73305000000001,3,4,0.0,0.04974599072150299,0.9266860194365075,True,False,hyper_siscowet
NC_052309.1:86679803,NC_052309.1,86679803,93.020825,75.946725,-17.0741,4,4,16.0,0.02857142857142857,0.9266860194365075,True,False,hypo_siscowet
NC_052309.1:87692519,NC_052309.1,87692519,50.18313333333333,65.972225,15.789091666666664,3,4,0.0,0.04974599072150299,0.9266860194365075,True,False,hyper_siscowet
NC_052309.1:91866130,NC_052309.1,91866130,7.4074,35.46245,28.055049999999998,3,4,0.0,0.04974599072150299,0.9266860194365075,True,False,hyper_siscowet
NC_052309.1:91866446,NC_052309.1,91866446,25.45453333333333,89.94155,64.48701666666668,3,4,0.0,0.04974599072150299,0.9266860194365075,True,False,hyper_siscowet
NC_052309.1:92661528,NC_052309.1,92661528,57.31999999999999,100.0,42.68000000000001,3,4,0.0,0.03191120476963876,0.9266860194365075,True,False,hyper_siscowet
NC_052309.1:93186625,NC_052309.1,93186625,96.96969999999999,71.844925,-25.124774999999985,3,4,12.0,0.04974599072150299,0.9266860194365075,True,False,hypo_siscowet
NC_052309.1:93187290,NC_052309.1,93187290,23.674233333333333,0.0,-23.674233333333333,3,4,12.0,0.03191120476963876,0.9266860194365075,True,False,hypo_siscowet
NC_052309.1:93188668,NC_052309.1,93188668,32.2161,0.0,-32.2161,4,4,16.0,0.021070570134378658,0.9266860194365075,True,False,hypo_siscowet
NC_052309.1:93190909,NC_052309.1,93190909,59.94395,84.72935,24.785399999999996,4,4,0.0,0.029401048190339642,0.9266860194365075,True,False,hyper_siscowet
NC_052309.1:93341721,NC_052309.1,93341721,75.4902,91.39195000000001,15.901750000000007,3,4,0.0,0.04767810313602185,0.9266860194365075,True,False,hyper_siscowet
NC_052309.1:94053301,NC_052309.1,94053301,82.69843333333334,98.508775,15.810341666666659,3,4,0.0,0.04974599072150299,0.9266860194365075,True,False,hyper_siscowet
NC_052309.1:94092539,NC_052309.1,94092539,45.883925,64.05725,18.173325,4,4,0.0,0.02857142857142857,0.9266860194365075,True,False,hyper_siscowet
NC_052309.1:94092586,NC_052309.1,94092586,40.522675,59.390625,18.86795,4,4,0.0,0.02857142857142857,0.9266860194365075,True,False,hyper_siscowet
NC_052309.1:94099238,NC_052309.1,94099238,76.6775,96.8956,20.218100000000007,3,4,0.0,0.04974599072150299,0.9266860194365075,True,False,hyper_siscowet
NC_052309.1:94100938,NC_052309.1,94100938,34.3284,50.900125,16.571725,4,4,0.0,0.02857142857142857,0.9266860194365075,True,False,hyper_siscowet
NC_052309.1:94123368,NC_052309.1,94123368,94.895825,78.478875,-16.41695,4,4,16.0,0.02857142857142857,0.9266860194365075,True,False,hypo_siscowet
NC_052309.1:94690761,NC_052309.1,94690761,99.03845,83.469825,-15.568624999999997,4,4,15.5,0.037188196733455664,0.9266860194365075,True,False,hypo_siscowet
NC_052309.1:94904705,NC_052309.1,94904705,49.122800000000005,17.633924999999998,-31.488875000000007,3,4,12.0,0.04974599072150299,0.9266860194365075,True,False,hypo_siscowet
NC_052309.1:95433377,NC_052309.1,95433377,67.87746666666668,86.19420000000001,18.31673333333333,3,4,0.0,0.04974599072150299,0.9266860194365075,True,False,hyper_siscowet
NC_052309.1:95569218,NC_052309.1,95569218,97.826075,33.8203525,-64.0057225,4,4,16.0,0.026518721959430728,0.9266860194365075,True,False,hypo_siscowet
NC_052309.1:95588657,NC_052309.1,95588657,98.0392,55.384625,-42.654574999999994,3,4,12.0,0.04974599072150299,0.9266860194365075,True,False,hypo_siscowet
NC_052309.1:95635658,NC_052309.1,95635658,77.40386666666667,18.248675,-59.155191666666674,3,4,12.0,0.04974599072150299,0.9266860194365075,True,False,hypo_siscowet
NC_052309.1:95691135,NC_052309.1,95691135,18.585836666666665,1.9230775,-16.662759166666664,3,4,12.0,0.04359664488554136,0.9266860194365075,True,False,hypo_siscowet
NC_052309.1:96395393,NC_052309.1,96395393,2.916675,39.710525000000004,36.793850000000006,4,4,0.0,0.026518721959430728,0.9266860194365075,True,False,hyper_siscowet
NC_052309.1:96736077,NC_052309.1,96736077,86.1472,57.64705,-28.500149999999998,3,4,12.0,0.04974599072150299,0.9266860194365075,True,False,hypo_siscowet
NC_052309.1:96997877,NC_052309.1,96997877,87.39706666666666,70.681825,-16.715241666666657,3,4,12.0,0.04974599072150299,0.9266860194365075,True,False,hypo_siscowet
NC_052309.1:97923272,NC_052309.1,97923272,79.44443333333334,94.76495,15.320516666666663,3,4,0.0,0.04974599072150299,0.9266860194365075,True,False,hyper_siscowet
NC_052309.1:97923389,NC_052309.1,97923389,78.41879999999999,95.11217500000001,16.693375000000017,3,4,0.0,0.04974599072150299,0.9266860194365075,True,False,hyper_siscowet
NC_052309.1:97923393,NC_052309.1,97923393,77.3077,94.833325,17.525625000000005,3,4,0.0,0.04974599072150299,0.9266860194365075,True,False,hyper_siscowet
NC_052310.1:11078564,NC_052310.1,11078564,54.761900000000004,36.0269,-18.735000000000007,3,4,12.0,0.04974599072150299,0.9266860194365075,True,False,hypo_siscowet
NC_052310.1:26394356,NC_052310.1,26394356,54.761900000000004,80.87122500000001,26.109325000000005,3,4,0.0,0.04974599072150299,0.9266860194365075,True,False,hyper_siscowet
NC_052310.1:26394413,NC_052310.1,26394413,68.6508,87.72725,19.076449999999994,3,4,0.0,0.04974599072150299,0.9266860194365075,True,False,hyper_siscowet
NC_052310.1:27280090,NC_052310.1,27280090,76.25,95.869525,19.619524999999996,3,4,0.0,0.04974599072150299,0.9266860194365075,True,False,hyper_siscowet
NC_052310.1:3704968,NC_052310.1,3704968,50.55135,72.51984999999999,21.96849999999999,4,4,0.0,0.02857142857142857,0.9266860194365075,True,False,hyper_siscowet
NC_052310.1:42085804,NC_052310.1,42085804,38.39406666666667,5.11904,-33.27502666666667,3,4,12.0,0.04974599072150299,0.9266860194365075,True,False,hypo_siscowet
NC_052310.1:4789446,NC_052310.1,4789446,77.877,93.029425,15.152425000000008,3,4,0.0,0.04974599072150299,0.9266860194365075,True,False,hyper_siscowet
NC_052310.1:57126245,NC_052310.1,57126245,92.44479999999999,73.951075,-18.493724999999984,3,4,12.0,0.04974599072150299,0.9266860194365075,True,False,hypo_siscowet
NC_052310.1:57301878,NC_052310.1,57301878,78.07486666666667,61.495400000000004,-16.57946666666666,3,4,12.0,0.04974599072150299,0.9266860194365075,True,False,hypo_siscowet
NC_052310.1:57302610,NC_052310.1,57302610,97.22223333333334,79.453475,-17.768758333333338,3,4,12.0,0.04974599072150299,0.9266860194365075,True,False,hypo_siscowet
NC_052310.1:6899654,NC_052310.1,6899654,65.22436666666667,47.62205,-17.602316666666667,3,4,12.0,0.04974599072150299,0.9266860194365075,True,False,hypo_siscowet
NC_052310.1:73058590,NC_052310.1,73058590,98.41270000000002,83.114925,-15.297775000000016,3,4,12.0,0.04974599072150299,0.9266860194365075,True,False,hypo_siscowet
NC_052310.1:79589777,NC_052310.1,79589777,50.303025,22.57895,-27.724075,4,4,16.0,0.029401048190339642,0.9266860194365075,True,False,hypo_siscowet
NC_052310.1:84412356,NC_052310.1,84412356,60.6061,84.215025,23.608925,3,4,0.0,0.04974599072150299,0.9266860194365075,True,False,hyper_siscowet
NC_052310.1:9694190,NC_052310.1,9694190,78.85415,94.38585,15.5317,4,4,0.0,0.029401048190339642,0.9266860194365075,True,False,hyper_siscowet
NC_052311.1:1002228,NC_052311.1,1002228,53.9286,73.32317499999999,19.39457499999999,4,4,0.0,0.025580146726954023,0.9266860194365075,True,False,hyper_siscowet
NC_052311.1:30067242,NC_052311.1,30067242,40.96255,57.878125,16.915574999999997,4,4,0.0,0.02857142857142857,0.9266860194365075,True,False,hyper_siscowet
NC_052311.1:31673082,NC_052311.1,31673082,81.58730000000001,99.19355,17.60624999999999,3,4,0.0,0.04359664488554136,0.9266860194365075,True,False,hyper_siscowet
NC_052311.1:36316618,NC_052311.1,36316618,100.0,83.88527500000001,-16.114724999999993,3,4,12.0,0.041586341232186144,0.9266860194365075,True,False,hypo_siscowet
NC_052311.1:51542628,NC_052311.1,51542628,71.5618,53.3517,-18.210100000000004,3,4,12.0,0.04974599072150299,0.9266860194365075,True,False,hypo_siscowet
NC_052311.1:51543051,NC_052311.1,51543051,100.0,80.15142499999999,-19.84857500000001,3,4,12.0,0.04359664488554136,0.9266860194365075,True,False,hypo_siscowet
NC_052311.1:51543165,NC_052311.1,51543165,100.0,80.448575,-19.551424999999995,3,4,12.0,0.04359664488554136,0.9266860194365075,True,False,hypo_siscowet
NC_052311.1:56883082,NC_052311.1,56883082,100.0,84.919575,-15.080425000000005,3,4,12.0,0.04359664488554136,0.9266860194365075,True,False,hypo_siscowet
NC_052311.1:60270823,NC_052311.1,60270823,88.67753333333333,68.09525000000001,-20.582283333333322,3,4,12.0,0.04974599072150299,0.9266860194365075,True,False,hypo_siscowet
NC_052311.1:66394151,NC_052311.1,66394151,55.4926,39.743125,-15.749475000000004,3,4,12.0,0.04974599072150299,0.9266860194365075,True,False,hypo_siscowet
NC_052311.1:66399821,NC_052311.1,66399821,53.611133333333335,34.280125,-19.331008333333337,3,4,12.0,0.04974599072150299,0.9266860194365075,True,False,hypo_siscowet
NC_052311.1:69676192,NC_052311.1,69676192,67.5926,49.084225,-18.508375,3,4,12.0,0.04974599072150299,0.9266860194365075,True,False,hypo_siscowet
NC_052311.1:70060505,NC_052311.1,70060505,82.21,98.360225,16.150225000000006,3,4,0.0,0.04974599072150299,0.9266860194365075,True,False,hyper_siscowet
NC_052311.1:70065141,NC_052311.1,70065141,100.0,76.3101,-23.689899999999994,3,4,12.0,0.04359664488554136,0.9266860194365075,True,False,hypo_siscowet
NC_052311.1:70178404,NC_052311.1,70178404,17.373066666666663,2.25,-15.123066666666663,3,4,12.0,0.04974599072150299,0.9266860194365075,True,False,hypo_siscowet
NC_052311.1:70705871,NC_052311.1,70705871,84.177925,68.65915000000001,-15.51877499999999,4,4,16.0,0.02857142857142857,0.9266860194365075,True,False,hypo_siscowet
NC_052311.1:73489496,NC_052311.1,73489496,56.984100000000005,39.1818,-17.802300000000002,3,4,12.0,0.04974599072150299,0.9266860194365075,True,False,hypo_siscowet
NC_052312.1:1346211,NC_052312.1,1346211,42.430550000000004,24.3582,-18.072350000000004,4,4,16.0,0.02857142857142857,0.9266860194365075,True,False,hypo_siscowet
NC_052312.1:20852302,NC_052312.1,20852302,75.9042,58.39935,-17.504850000000005,4,4,16.0,0.02857142857142857,0.9266860194365075,True,False,hypo_siscowet
NC_052312.1:36566291,NC_052312.1,36566291,55.494499999999995,95.794925,40.30042500000001,3,4,0.0,0.04974599072150299,0.9266860194365075,True,False,hyper_siscowet
NC_052312.1:36566322,NC_052312.1,36566322,57.3593,95.2731,37.9138,3,4,0.0,0.04974599072150299,0.9266860194365075,True,False,hyper_siscowet
NC_052312.1:36566415,NC_052312.1,36566415,63.333333333333336,97.47125,34.13791666666666,3,4,0.0,0.04974599072150299,0.9266860194365075,True,False,hyper_siscowet
NC_052312.1:36566419,NC_052312.1,36566419,63.333333333333336,98.3871,35.05376666666667,3,4,0.0,0.04359664488554136,0.9266860194365075,True,False,hyper_siscowet
NC_052312.1:36566449,NC_052312.1,36566449,59.1575,98.5294,39.3719,3,4,0.0,0.04359664488554136,0.9266860194365075,True,False,hyper_siscowet
NC_052312.1:36566528,NC_052312.1,36566528,62.22223333333333,99.242425,37.02019166666667,3,4,0.0,0.04359664488554136,0.9266860194365075,True,False,hyper_siscowet
NC_052312.1:36566599,NC_052312.1,36566599,46.45353333333333,92.7604,46.30686666666667,3,4,0.0,0.04974599072150299,0.9266860194365075,True,False,hyper_siscowet
NC_052312.1:36566619,NC_052312.1,36566619,57.114,93.659425,36.545425,3,4,0.0,0.04974599072150299,0.9266860194365075,True,False,hyper_siscowet
NC_052312.1:36566626,NC_052312.1,36566626,62.69756666666667,96.92235,34.22478333333333,3,4,0.0,0.04974599072150299,0.9266860194365075,True,False,hyper_siscowet
NC_052312.1:36566662,NC_052312.1,36566662,57.27356666666666,97.478975,40.205408333333345,3,4,0.0,0.04974599072150299,0.9266860194365075,True,False,hyper_siscowet
NC_052312.1:36566667,NC_052312.1,36566667,55.43803333333333,97.57575,42.13771666666667,3,4,0.0,0.04974599072150299,0.9266860194365075,True,False,hyper_siscowet
NC_052312.1:36566673,NC_052312.1,36566673,60.288466666666665,97.65625,37.367783333333335,3,4,0.0,0.04974599072150299,0.9266860194365075,True,False,hyper_siscowet
NC_052312.1:36566688,NC_052312.1,36566688,60.93253333333333,98.5294,37.59686666666666,3,4,0.0,0.04359664488554136,0.9266860194365075,True,False,hyper_siscowet
NC_052312.1:36566695,NC_052312.1,36566695,60.93253333333333,99.21875,38.28621666666667,3,4,0.0,0.04359664488554136,0.9266860194365075,True,False,hyper_siscowet
NC_052312.1:36566711,NC_052312.1,36566711,56.1218,96.12745000000001,40.00565000000001,3,4,0.0,0.04974599072150299,0.9266860194365075,True,False,hyper_siscowet
NC_052312.1:36566728,NC_052312.1,36566728,59.105066666666666,96.9697,37.86463333333334,3,4,0.0,0.04359664488554136,0.9266860194365075,True,False,hyper_siscowet
NC_052312.1:36566773,NC_052312.1,36566773,56.58263333333334,98.4375,41.85486666666666,3,4,0.0,0.04359664488554136,0.9266860194365075,True,False,hyper_siscowet
NC_052312.1:36566786,NC_052312.1,36566786,59.813266666666664,95.4072,35.59393333333334,3,4,0.0,0.04974599072150299,0.9266860194365075,True,False,hyper_siscowet
NC_052312.1:36566806,NC_052312.1,36566806,57.7457,92.522325,34.776624999999996,3,4,0.0,0.04974599072150299,0.9266860194365075,True,False,hyper_siscowet
NC_052312.1:36567133,NC_052312.1,36567133,63.418800000000005,97.21485,33.796049999999994,3,4,0.0,0.04974599072150299,0.9266860194365075,True,False,hyper_siscowet
NC_052312.1:36567223,NC_052312.1,36567223,65.27776666666666,96.114375,30.83660833333333,3,4,0.0,0.04974599072150299,0.9266860194365075,True,False,hyper_siscowet
NC_052312.1:36670471,NC_052312.1,36670471,100.0,84.70217500000001,-15.297824999999989,3,4,12.0,0.04359664488554136,0.9266860194365075,True,False,hypo_siscowet
NC_052312.1:36683118,NC_052312.1,36683118,0.8333325,19.3069,18.473567499999998,4,4,0.0,0.026518721959430728,0.9266860194365075,True,False,hyper_siscowet
NC_052312.1:36685154,NC_052312.1,36685154,97.61903333333333,81.63325,-15.98578333333333,3,4,12.0,0.04974599072150299,0.9266860194365075,True,False,hypo_siscowet
NC_052312.1:37292177,NC_052312.1,37292177,91.93837500000001,76.116225,-15.822150000000008,4,4,16.0,0.029401048190339642,0.9266860194365075,True,False,hypo_siscowet
NC_052312.1:43972650,NC_052312.1,43972650,51.53845,35.88155,-15.6569,4,4,16.0,0.02857142857142857,0.9266860194365075,True,False,hypo_siscowet
NC_052312.1:43973096,NC_052312.1,43973096,65.2315,48.4632,-16.768299999999996,4,4,16.0,0.02857142857142857,0.9266860194365075,True,False,hypo_siscowet
NC_052312.1:49579067,NC_052312.1,49579067,88.8562,67.626275,-21.229924999999994,3,4,12.0,0.04974599072150299,0.9266860194365075,True,False,hypo_siscowet
NC_052312.1:51107347,NC_052312.1,51107347,5.158729999999999,24.98055,19.821820000000002,3,4,0.0,0.04974599072150299,0.9266860194365075,True,False,hyper_siscowet
NC_052312.1:51497436,NC_052312.1,51497436,81.75286666666666,100.0,18.247133333333338,3,4,0.0,0.03191120476963876,0.9266860194365075,True,False,hyper_siscowet
NC_052312.1:51855842,NC_052312.1,51855842,79.4079,96.514425,17.106525000000005,3,4,0.0,0.04974599072150299,0.9266860194365075,True,False,hyper_siscowet
NC_052312.1:51884571,NC_052312.1,51884571,82.70455,98.71793333333333,16.013383333333337,4,3,0.0,0.04974599072150299,0.9266860194365075,True,False,hyper_siscowet
NC_052312.1:51885840,NC_052312.1,51885840,72.82925,94.9248,22.095550000000003,4,4,0.0,0.029401048190339642,0.9266860194365075,True,False,hyper_siscowet
NC_052312.1:51980767,NC_052312.1,51980767,98.33333333333333,83.0775,-15.255833333333328,3,4,12.0,0.04974599072150299,0.9266860194365075,True,False,hypo_siscowet
NC_052312.1:52380908,NC_052312.1,52380908,91.564325,75.18984999999999,-16.374475000000004,4,4,15.5,0.042066412206780826,0.9266860194365075,True,False,hypo_siscowet
NC_052312.1:52381037,NC_052312.1,52381037,89.820075,72.673175,-17.146900000000002,4,4,16.0,0.02857142857142857,0.9266860194365075,True,False,hypo_siscowet
NC_052312.1:52457950,NC_052312.1,52457950,70.902775,53.094674999999995,-17.80810000000001,4,4,16.0,0.029401048190339642,0.9266860194365075,True,False,hypo_siscowet
NC_052312.1:52460920,NC_052312.1,52460920,71.979175,55.9635,-16.015674999999995,4,4,16.0,0.02857142857142857,0.9266860194365075,True,False,hypo_siscowet
NC_052312.1:52495344,NC_052312.1,52495344,86.0606,69.597825,-16.462774999999993,4,4,16.0,0.029401048190339642,0.9266860194365075,True,False,hypo_siscowet
NC_052312.1:52496706,NC_052312.1,52496706,40.989725,66.071175,25.081449999999997,4,4,0.0,0.02857142857142857,0.9266860194365075,True,False,hyper_siscowet
NC_052313.1:162790,NC_052313.1,162790,16.5476075,38.48035,21.9327425,4,4,0.0,0.029401048190339642,0.9266860194365075,True,False,hyper_siscowet
NC_052313.1:18549281,NC_052313.1,18549281,45.623625,76.6908,31.067175,4,4,0.0,0.02857142857142857,0.9266860194365075,True,False,hyper_siscowet
NC_052313.1:18549740,NC_052313.1,18549740,74.77836666666667,100.0,25.22163333333333,3,4,0.0,0.03191120476963876,0.9266860194365075,True,False,hyper_siscowet
NC_052313.1:18549831,NC_052313.1,18549831,72.94686666666666,100.0,27.053133333333335,3,4,0.0,0.03191120476963876,0.9266860194365075,True,False,hyper_siscowet
NC_052313.1:18549835,NC_052313.1,18549835,72.94686666666666,100.0,27.053133333333335,3,4,0.0,0.03191120476963876,0.9266860194365075,True,False,hyper_siscowet
NC_052313.1:18550049,NC_052313.1,18550049,70.000025,89.09037500000001,19.090350000000015,4,4,0.0,0.029401048190339642,0.9266860194365075,True,False,hyper_siscowet
NC_052313.1:18550073,NC_052313.1,18550073,72.1591,88.370325,16.211225,4,4,0.5,0.042066412206780826,0.9266860194365075,True,False,hyper_siscowet
NC_052313.1:2262237,NC_052313.1,2262237,62.671975,78.05427499999999,15.382299999999987,4,4,0.0,0.02857142857142857,0.9266860194365075,True,False,hyper_siscowet
NC_052313.1:2265980,NC_052313.1,2265980,52.034475,70.957325,18.922849999999997,4,4,0.0,0.02857142857142857,0.9266860194365075,True,False,hyper_siscowet
NC_052313.1:2266017,NC_052313.1,2266017,50.894825,68.82005,17.925224999999998,4,4,0.0,0.02857142857142857,0.9266860194365075,True,False,hyper_siscowet
NC_052313.1:23183,NC_052313.1,23183,48.0,32.252275,-15.747725000000003,3,4,12.0,0.04974599072150299,0.9266860194365075,True,False,hypo_siscowet
NC_052313.1:37126145,NC_052313.1,37126145,74.55743333333334,94.11765,19.560216666666662,3,4,0.0,0.04767810313602185,0.9266860194365075,True,False,hyper_siscowet
NC_052313.1:4374494,NC_052313.1,4374494,59.454225,77.419525,17.965299999999992,4,4,0.0,0.02857142857142857,0.9266860194365075,True,False,hyper_siscowet
NC_052313.1:4374606,NC_052313.1,4374606,46.7812,65.48075,18.699550000000002,4,4,0.0,0.02857142857142857,0.9266860194365075,True,False,hyper_siscowet
NC_052313.1:4374747,NC_052313.1,4374747,67.7094,83.97855,16.269149999999996,4,4,0.0,0.02857142857142857,0.9266860194365075,True,False,hyper_siscowet
NC_052313.1:4374781,NC_052313.1,4374781,47.944174999999994,67.0866,19.14242500000001,4,4,0.0,0.02857142857142857,0.9266860194365075,True,False,hyper_siscowet
NC_052313.1:4374813,NC_052313.1,4374813,53.427525,68.81007500000001,15.382550000000009,4,4,0.0,0.02857142857142857,0.9266860194365075,True,False,hyper_siscowet
NC_052313.1:4375165,NC_052313.1,4375165,49.1919,68.433425,19.241525000000003,4,4,0.0,0.02857142857142857,0.9266860194365075,True,False,hyper_siscowet
NC_052313.1:4375421,NC_052313.1,4375421,41.288125,61.39960000000001,20.111475000000006,4,4,0.0,0.02857142857142857,0.9266860194365075,True,False,hyper_siscowet
NC_052313.1:4375743,NC_052313.1,4375743,51.87145,67.595575,15.724124999999994,4,4,0.0,0.02857142857142857,0.9266860194365075,True,False,hyper_siscowet
NC_052313.1:4377216,NC_052313.1,4377216,34.831424999999996,51.344024999999995,16.5126,4,4,0.0,0.02857142857142857,0.9266860194365075,True,False,hyper_siscowet
NC_052313.1:4380898,NC_052313.1,4380898,27.10595,53.120825,26.014875000000004,4,4,0.0,0.02857142857142857,0.9266860194365075,True,False,hyper_siscowet
NC_052313.1:56498632,NC_052313.1,56498632,75.340925,50.17633333333333,-25.164591666666666,4,3,12.0,0.04974599072150299,0.9266860194365075,True,False,hypo_siscowet
NC_052313.1:58022490,NC_052313.1,58022490,78.097925,98.80953333333333,20.71160833333333,4,3,0.0,0.04974599072150299,0.9266860194365075,True,False,hyper_siscowet
NC_052313.1:58022965,NC_052313.1,58022965,68.05555,88.63636666666667,20.580816666666678,4,3,0.0,0.04974599072150299,0.9266860194365075,True,False,hyper_siscowet
NC_052313.1:58028133,NC_052313.1,58028133,98.6111,82.50710000000001,-16.103999999999985,4,4,16.0,0.025580146726954023,0.9266860194365075,True,False,hypo_siscowet
NC_052313.1:58812985,NC_052313.1,58812985,86.07953333333334,70.704975,-15.37455833333334,3,4,12.0,0.04974599072150299,0.9266860194365075,True,False,hypo_siscowet
NC_052313.1:58830019,NC_052313.1,58830019,47.415533333333336,22.803024999999998,-24.612508333333338,3,4,12.0,0.04974599072150299,0.9266860194365075,True,False,hypo_siscowet
NC_052313.1:58842192,NC_052313.1,58842192,53.031666666666666,20.25,-32.781666666666666,3,4,12.0,0.04974599072150299,0.9266860194365075,True,False,hypo_siscowet
NC_052313.1:59053925,NC_052313.1,59053925,69.72223333333334,41.046175,-28.676058333333337,3,4,12.0,0.04974599072150299,0.9266860194365075,True,False,hypo_siscowet
NC_052313.1:59054692,NC_052313.1,59054692,98.61110000000001,83.490975,-15.120125000000002,3,4,12.0,0.04974599072150299,0.9266860194365075,True,False,hypo_siscowet
NC_052313.1:59055015,NC_052313.1,59055015,88.67623333333331,67.427075,-21.249158333333312,3,4,12.0,0.04974599072150299,0.9266860194365075,True,False,hypo_siscowet
NC_052313.1:59643290,NC_052313.1,59643290,86.67385,71.436625,-15.237224999999995,4,4,16.0,0.02857142857142857,0.9266860194365075,True,False,hypo_siscowet
NC_052313.1:60038615,NC_052313.1,60038615,68.5426,33.9572,-34.58539999999999,3,4,12.0,0.04974599072150299,0.9266860194365075,True,False,hypo_siscowet
NC_052313.1:60038634,NC_052313.1,60038634,68.254,32.801375,-35.452625000000005,3,4,12.0,0.04974599072150299,0.9266860194365075,True,False,hypo_siscowet
NC_052313.1:60038638,NC_052313.1,60038638,67.93653333333333,32.801375,-35.13515833333333,3,4,12.0,0.04974599072150299,0.9266860194365075,True,False,hypo_siscowet
NC_052313.1:60038735,NC_052313.1,60038735,65.0794,32.1699,-32.90950000000001,3,4,12.0,0.04974599072150299,0.9266860194365075,True,False,hypo_siscowet
NC_052313.1:60446884,NC_052313.1,60446884,63.60706666666667,84.325525,20.71845833333333,3,4,0.0,0.04974599072150299,0.9266860194365075,True,False,hyper_siscowet
NC_052313.1:60567018,NC_052313.1,60567018,68.6869,86.50359999999999,17.816699999999997,3,4,0.0,0.04974599072150299,0.9266860194365075,True,False,hyper_siscowet
NC_052314.1:1009562,NC_052314.1,1009562,32.843325,17.7643,-15.079025000000001,4,4,16.0,0.02857142857142857,0.9266860194365075,True,False,hypo_siscowet
NC_052314.1:1013880,NC_052314.1,1013880,34.83475,18.687825,-16.146925,4,4,16.0,0.029401048190339642,0.9266860194365075,True,False,hypo_siscowet
NC_052314.1:1013916,NC_052314.1,1013916,38.145250000000004,17.88425,-20.261000000000003,4,4,16.0,0.02857142857142857,0.9266860194365075,True,False,hypo_siscowet
NC_052314.1:1013952,NC_052314.1,1013952,36.053399999999996,17.420625,-18.632774999999995,4,4,16.0,0.02857142857142857,0.9266860194365075,True,False,hypo_siscowet
NC_052314.1:1014165,NC_052314.1,1014165,40.699225,24.913575,-15.785649999999997,4,4,16.0,0.02857142857142857,0.9266860194365075,True,False,hypo_siscowet
NC_052314.1:13122360,NC_052314.1,13122360,75.25253333333335,90.28105,15.028516666666647,3,4,0.0,0.04974599072150299,0.9266860194365075,True,False,hyper_siscowet
NC_052314.1:14664864,NC_052314.1,14664864,62.227025000000005,81.57893333333334,19.351908333333334,4,3,0.0,0.04974599072150299,0.9266860194365075,True,False,hyper_siscowet
NC_052314.1:14664954,NC_052314.1,14664954,52.604175,76.75213333333333,24.147958333333335,4,3,0.0,0.04974599072150299,0.9266860194365075,True,False,hyper_siscowet
NC_052314.1:189663,NC_052314.1,189663,59.900475,77.14735,17.246875000000003,4,4,0.5,0.042066412206780826,0.9266860194365075,True,False,hyper_siscowet
NC_052314.1:189932,NC_052314.1,189932,53.8288,75.17557500000001,21.346775000000008,4,4,0.0,0.02857142857142857,0.9266860194365075,True,False,hyper_siscowet
NC_052314.1:189946,NC_052314.1,189946,48.736475,72.430825,23.69435,4,4,0.0,0.02857142857142857,0.9266860194365075,True,False,hyper_siscowet
NC_052314.1:189948,NC_052314.1,189948,45.520825,69.573525,24.0527,4,4,0.0,0.02857142857142857,0.9266860194365075,True,False,hyper_siscowet
NC_052314.1:189999,NC_052314.1,189999,25.40215,49.940475,24.538325,4,4,0.0,0.02857142857142857,0.9266860194365075,True,False,hyper_siscowet
NC_052314.1:190025,NC_052314.1,190025,21.834625,45.229675,23.39505,4,4,0.0,0.02857142857142857,0.9266860194365075,True,False,hyper_siscowet
NC_052314.1:190042,NC_052314.1,190042,21.906575,43.647375,21.740799999999997,4,4,0.0,0.02857142857142857,0.9266860194365075,True,False,hyper_siscowet
NC_052314.1:190047,NC_052314.1,190047,25.171625000000002,46.111525,20.939899999999998,4,4,0.0,0.029401048190339642,0.9266860194365075,True,False,hyper_siscowet
NC_052314.1:190055,NC_052314.1,190055,21.099175000000002,43.7255,22.626324999999994,4,4,0.0,0.02857142857142857,0.9266860194365075,True,False,hyper_siscowet
NC_052314.1:190303,NC_052314.1,190303,1.8018033333333332,18.38499,16.583186666666666,3,4,0.0,0.04974599072150299,0.9266860194365075,True,False,hyper_siscowet
NC_052314.1:190422,NC_052314.1,190422,27.5948075,54.518375,26.923567499999997,4,4,0.5,0.042066412206780826,0.9266860194365075,True,False,hyper_siscowet
NC_052314.1:190427,NC_052314.1,190427,43.945750000000004,67.679575,23.733824999999996,4,4,0.0,0.02857142857142857,0.9266860194365075,True,False,hyper_siscowet
NC_052314.1:190463,NC_052314.1,190463,52.421175000000005,76.4587,24.037524999999988,4,4,0.5,0.042066412206780826,0.9266860194365075,True,False,hyper_siscowet
NC_052314.1:221176,NC_052314.1,221176,50.815850000000005,75.90565,25.08979999999999,4,4,0.0,0.02857142857142857,0.9266860194365075,True,False,hyper_siscowet
NC_052314.1:290237,NC_052314.1,290237,94.87180000000001,77.485,-17.386800000000008,3,4,12.0,0.04974599072150299,0.9266860194365075,True,False,hypo_siscowet
NC_052314.1:2904553,NC_052314.1,2904553,69.473675,87.22375,17.750074999999995,4,4,0.0,0.02857142857142857,0.9266860194365075,True,False,hyper_siscowet
NC_052314.1:37849396,NC_052314.1,37849396,68.5294,29.359225,-39.170175,3,4,12.0,0.04974599072150299,0.9266860194365075,True,False,hypo_siscowet
NC_052314.1:41355014,NC_052314.1,41355014,90.414875,71.13385,-19.281025,4,4,16.0,0.02857142857142857,0.9266860194365075,True,False,hypo_siscowet
NC_052314.1:41355047,NC_052314.1,41355047,88.607525,72.79495,-15.812574999999995,4,4,16.0,0.02857142857142857,0.9266860194365075,True,False,hypo_siscowet
NC_052314.1:41355085,NC_052314.1,41355085,82.554425,64.687125,-17.8673,4,4,16.0,0.02857142857142857,0.9266860194365075,True,False,hypo_siscowet
NC_052314.1:41355100,NC_052314.1,41355100,63.3378,46.62375,-16.71405,4,4,16.0,0.02857142857142857,0.9266860194365075,True,False,hypo_siscowet
NC_052314.1:43230450,NC_052314.1,43230450,87.861475,72.336725,-15.524749999999997,4,4,15.5,0.042066412206780826,0.9266860194365075,True,False,hypo_siscowet
NC_052314.1:46983570,NC_052314.1,46983570,92.5926,77.0819,-15.5107,3,4,12.0,0.04974599072150299,0.9266860194365075,True,False,hypo_siscowet
NC_052314.1:54324595,NC_052314.1,54324595,62.246125,86.07300000000001,23.82687500000001,4,4,0.0,0.02857142857142857,0.9266860194365075,True,False,hyper_siscowet
NC_052314.1:54324663,NC_052314.1,54324663,69.76105,90.56732500000001,20.806275000000014,4,4,0.0,0.029401048190339642,0.9266860194365075,True,False,hyper_siscowet
NC_052314.1:54385673,NC_052314.1,54385673,74.10715,57.63187500000001,-16.475274999999996,4,4,16.0,0.02857142857142857,0.9266860194365075,True,False,hypo_siscowet
NC_052314.1:58441202,NC_052314.1,58441202,31.746,16.47355,-15.27245,3,4,12.0,0.04974599072150299,0.9266860194365075,True,False,hypo_siscowet
NC_052314.1:60994390,NC_052314.1,60994390,87.30156666666666,70.802825,-16.49874166666666,3,4,12.0,0.04974599072150299,0.9266860194365075,True,False,hypo_siscowet
NC_052314.1:60994459,NC_052314.1,60994459,88.25396666666666,71.82424999999999,-16.429716666666664,3,4,12.0,0.04974599072150299,0.9266860194365075,True,False,hypo_siscowet
NC_052314.1:63925264,NC_052314.1,63925264,37.222925000000004,57.70677499999999,20.48384999999999,4,4,0.5,0.042066412206780826,0.9266860194365075,True,False,hyper_siscowet
NC_052314.1:699432,NC_052314.1,699432,100.0,78.73214999999999,-21.26785000000001,3,4,12.0,0.04359664488554136,0.9266860194365075,True,False,hypo_siscowet
NC_052315.1:10578975,NC_052315.1,10578975,100.0,81.6318,-18.3682,3,4,12.0,0.04359664488554136,0.9266860194365075,True,False,hypo_siscowet
NC_052315.1:10945574,NC_052315.1,10945574,11.696422499999999,28.30545,16.609027500000003,4,4,0.0,0.029401048190339642,0.9266860194365075,True,False,hyper_siscowet
NC_052315.1:12074259,NC_052315.1,12074259,97.0238,72.264725,-24.759074999999996,4,4,16.0,0.029401048190339642,0.9266860194365075,True,False,hypo_siscowet
NC_052315.1:12074276,NC_052315.1,12074276,96.7262,73.8383,-22.887900000000002,4,3,12.0,0.04974599072150299,0.9266860194365075,True,False,hypo_siscowet
NC_052315.1:12074279,NC_052315.1,12074279,90.89285,71.937225,-18.955624999999998,4,4,16.0,0.02857142857142857,0.9266860194365075,True,False,hypo_siscowet
NC_052315.1:12768420,NC_052315.1,12768420,79.65746666666666,96.514425,16.85695833333334,3,4,0.0,0.04974599072150299,0.9266860194365075,True,False,hyper_siscowet
NC_052315.1:14830215,NC_052315.1,14830215,63.0651,81.50365,18.438549999999992,3,4,0.0,0.04974599072150299,0.9266860194365075,True,False,hyper_siscowet
NC_052315.1:14832564,NC_052315.1,14832564,74.131025,57.73910000000001,-16.391924999999986,4,4,16.0,0.02857142857142857,0.9266860194365075,True,False,hypo_siscowet
NC_052315.1:14869516,NC_052315.1,14869516,91.17217500000001,72.262125,-18.910050000000012,4,4,16.0,0.02857142857142857,0.9266860194365075,True,False,hypo_siscowet
NC_052315.1:361135,NC_052315.1,361135,79.08995,62.73545,-16.3545,4,4,16.0,0.02857142857142857,0.9266860194365075,True,False,hypo_siscowet
NC_052315.1:361193,NC_052315.1,361193,35.050749999999994,18.289325,-16.761424999999992,4,4,16.0,0.02857142857142857,0.9266860194365075,True,False,hypo_siscowet
NC_052315.1:361203,NC_052315.1,361203,37.777699999999996,19.545474999999996,-18.232225,4,4,16.0,0.02857142857142857,0.9266860194365075,True,False,hypo_siscowet
NC_052315.1:363701,NC_052315.1,363701,57.51165,41.619150000000005,-15.892499999999998,4,4,16.0,0.02857142857142857,0.9266860194365075,True,False,hypo_siscowet
NC_052316.1:18924610,NC_052316.1,18924610,83.565975,67.53932499999999,-16.026650000000004,4,4,16.0,0.02857142857142857,0.9266860194365075,True,False,hypo_siscowet
NC_052316.1:25272293,NC_052316.1,25272293,26.648274999999998,53.541675,26.8934,4,4,0.0,0.02857142857142857,0.9266860194365075,True,False,hyper_siscowet
NC_052316.1:28728898,NC_052316.1,28728898,84.18803333333332,65.87415,-18.313883333333322,3,4,12.0,0.04974599072150299,0.9266860194365075,True,False,hypo_siscowet
NC_052316.1:31626141,NC_052316.1,31626141,94.17735000000002,76.366325,-17.811025000000015,4,4,16.0,0.02857142857142857,0.9266860194365075,True,False,hypo_siscowet
NC_052316.1:31628576,NC_052316.1,31628576,84.58333333333333,66.05392499999999,-18.529408333333336,3,4,12.0,0.04974599072150299,0.9266860194365075,True,False,hypo_siscowet
NC_052316.1:35009047,NC_052316.1,35009047,66.666675,48.746674999999996,-17.92,4,4,16.0,0.02857142857142857,0.9266860194365075,True,False,hypo_siscowet
NC_052316.1:35010711,NC_052316.1,35010711,67.3117,50.22265,-17.08905,4,4,16.0,0.02857142857142857,0.9266860194365075,True,False,hypo_siscowet
NC_052316.1:35012408,NC_052316.1,35012408,69.2319,49.350025,-19.881874999999994,4,4,16.0,0.02857142857142857,0.9266860194365075,True,False,hypo_siscowet
NC_052316.1:40277606,NC_052316.1,40277606,64.65910000000001,46.679625,-17.979475000000008,3,4,12.0,0.04974599072150299,0.9266860194365075,True,False,hypo_siscowet
NC_052316.1:40280305,NC_052316.1,40280305,100.0,83.030275,-16.969724999999997,3,4,12.0,0.04359664488554136,0.9266860194365075,True,False,hypo_siscowet
NC_052316.1:46056826,NC_052316.1,46056826,22.348466666666667,7.0334725,-15.314994166666667,3,4,12.0,0.04974599072150299,0.9266860194365075,True,False,hypo_siscowet
NC_052316.1:49299441,NC_052316.1,49299441,55.55553333333334,70.7693,15.213766666666665,3,4,0.0,0.04767810313602185,0.9266860194365075,True,False,hyper_siscowet
NC_052316.1:8425154,NC_052316.1,8425154,33.75255,13.44759,-20.30496,4,4,16.0,0.029401048190339642,0.9266860194365075,True,False,hypo_siscowet
NC_052316.1:8428068,NC_052316.1,8428068,64.36862500000001,41.493425,-22.875200000000007,4,4,16.0,0.02857142857142857,0.9266860194365075,True,False,hypo_siscowet
NC_052317.1:21556275,NC_052317.1,21556275,28.452775,13.123727500000001,-15.329047499999998,4,4,16.0,0.02857142857142857,0.9266860194365075,True,False,hypo_siscowet
NC_052317.1:38127503,NC_052317.1,38127503,81.4935,65.97662500000001,-15.516874999999985,4,4,16.0,0.02857142857142857,0.9266860194365075,True,False,hypo_siscowet
NC_052317.1:43380700,NC_052317.1,43380700,32.738075,54.368425,21.63035,4,4,0.0,0.029401048190339642,0.9266860194365075,True,False,hyper_siscowet
NC_052318.1:11584039,NC_052318.1,11584039,78.82844999999999,59.355575,-19.472874999999988,4,4,16.0,0.029401048190339642,0.9266860194365075,True,False,hypo_siscowet
NC_052318.1:11584061,NC_052318.1,11584061,78.5722,60.35055,-18.221649999999997,4,4,16.0,0.02857142857142857,0.9266860194365075,True,False,hypo_siscowet
NC_052318.1:11585117,NC_052318.1,11585117,81.04573333333333,49.976175000000005,-31.069558333333326,3,4,12.0,0.04974599072150299,0.9266860194365075,True,False,hypo_siscowet
NC_052318.1:11585447,NC_052318.1,11585447,77.37232499999999,55.42592500000001,-21.946399999999983,4,4,16.0,0.02857142857142857,0.9266860194365075,True,False,hypo_siscowet
NC_052318.1:11588527,NC_052318.1,11588527,70.786,53.2709,-17.515100000000004,4,4,16.0,0.02857142857142857,0.9266860194365075,True,False,hypo_siscowet
NC_052318.1:11588659,NC_052318.1,11588659,78.035725,58.9674,-19.068325,4,4,16.0,0.02857142857142857,0.9266860194365075,True,False,hypo_siscowet
NC_052318.1:14459338,NC_052318.1,14459338,93.99350000000001,78.7115,-15.28200000000001,4,4,16.0,0.029401048190339642,0.9266860194365075,True,False,hypo_siscowet
NC_052318.1:1481143,NC_052318.1,1481143,89.18126666666666,73.601425,-15.579841666666653,3,4,12.0,0.04974599072150299,0.9266860194365075,True,False,hypo_siscowet
NC_052318.1:2834181,NC_052318.1,2834181,33.306275,53.111575,19.805300000000003,4,4,0.0,0.02857142857142857,0.9266860194365075,True,False,hyper_siscowet
NC_052318.1:9345918,NC_052318.1,9345918,51.590900000000005,71.960025,20.369124999999997,4,4,0.0,0.02857142857142857,0.9266860194365075,True,False,hyper_siscowet
NC_052319.1:16522480,NC_052319.1,16522480,32.4786,48.797675,16.319074999999998,3,4,0.0,0.04974599072150299,0.9266860194365075,True,False,hyper_siscowet
NC_052319.1:28716634,NC_052319.1,28716634,56.792350000000006,79.25015,22.4578,4,4,0.0,0.02857142857142857,0.9266860194365075,True,False,hyper_siscowet
NC_052319.1:34759963,NC_052319.1,34759963,100.0,70.91845,-29.081549999999993,3,4,12.0,0.04359664488554136,0.9266860194365075,True,False,hypo_siscowet
NC_052320.1:29697397,NC_052320.1,29697397,88.56349999999999,73.4606,-15.102899999999991,4,4,16.0,0.02857142857142857,0.9266860194365075,True,False,hypo_siscowet
NC_052320.1:36747976,NC_052320.1,36747976,66.358225,44.09905,-22.259175000000006,4,4,16.0,0.02857142857142857,0.9266860194365075,True,False,hypo_siscowet
NC_052320.1:38755340,NC_052320.1,38755340,95.68150000000001,80.04945,-15.63205000000002,3,4,12.0,0.04974599072150299,0.9266860194365075,True,False,hypo_siscowet
NC_052320.1:8421524,NC_052320.1,8421524,74.78633333333333,95.0,20.21366666666667,3,4,0.0,0.04974599072150299,0.9266860194365075,True,False,hyper_siscowet
NC_052321.1:9593851,NC_052321.1,9593851,16.224746666666668,0.0,-16.224746666666668,3,4,12.0,0.03191120476963876,0.9266860194365075,True,False,hypo_siscowet
NC_052321.1:9593857,NC_052321.1,9593857,16.26983,0.0,-16.26983,3,4,12.0,0.03191120476963876,0.9266860194365075,True,False,hypo_siscowet
NC_052322.1:32369306,NC_052322.1,32369306,77.59107499999999,58.3467,-19.24437499999999,4,4,16.0,0.02857142857142857,0.9266860194365075,True,False,hypo_siscowet
NC_052322.1:32372294,NC_052322.1,32372294,76.758975,61.659575000000004,-15.099400000000003,4,4,16.0,0.02857142857142857,0.9266860194365075,True,False,hypo_siscowet
NC_052322.1:36106206,NC_052322.1,36106206,73.80953333333333,57.638875,-16.170658333333336,3,4,12.0,0.04767810313602185,0.9266860194365075,True,False,hypo_siscowet
NC_052322.1:36109312,NC_052322.1,36109312,86.8732,68.123025,-18.750175,4,4,16.0,0.02857142857142857,0.9266860194365075,True,False,hypo_siscowet
NC_052323.1:17031918,NC_052323.1,17031918,97.91666666666667,80.88319999999999,-17.033466666666683,3,4,12.0,0.04974599072150299,0.9266860194365075,True,False,hypo_siscowet
NC_052323.1:17033300,NC_052323.1,17033300,86.064425,62.67495,-23.389474999999997,4,4,16.0,0.02857142857142857,0.9266860194365075,True,False,hypo_siscowet
NC_052323.1:18881141,NC_052323.1,18881141,34.5679,17.261049999999997,-17.306850000000004,3,4,12.0,0.04974599072150299,0.9266860194365075,True,False,hypo_siscowet
NC_052323.1:29507600,NC_052323.1,29507600,12.190966666666666,27.250149999999998,15.059183333333332,3,4,0.0,0.04974599072150299,0.9266860194365075,True,False,hyper_siscowet
NC_052323.1:29543261,NC_052323.1,29543261,86.951225,66.377225,-20.573999999999998,4,4,16.0,0.02857142857142857,0.9266860194365075,True,False,hypo_siscowet
NC_052323.1:29543316,NC_052323.1,29543316,84.101525,67.754175,-16.34734999999999,4,4,16.0,0.02857142857142857,0.9266860194365075,True,False,hypo_siscowet
NC_052323.1:29544442,NC_052323.1,29544442,74.596075,59.522175000000004,-15.073899999999995,4,4,16.0,0.02857142857142857,0.9266860194365075,True,False,hypo_siscowet
NC_052323.1:33398338,NC_052323.1,33398338,47.1516,31.278975000000003,-15.872625,4,4,16.0,0.02857142857142857,0.9266860194365075,True,False,hypo_siscowet
NC_052323.1:33400138,NC_052323.1,33400138,51.847,34.11005,-17.73695,4,4,16.0,0.02857142857142857,0.9266860194365075,True,False,hypo_siscowet
NC_052323.1:35643540,NC_052323.1,35643540,65.95366666666666,44.8887,-21.064966666666663,3,4,12.0,0.04974599072150299,0.9266860194365075,True,False,hypo_siscowet
NC_052323.1:35645088,NC_052323.1,35645088,53.685050000000004,36.88312499999999,-16.80192500000001,4,4,16.0,0.02857142857142857,0.9266860194365075,True,False,hypo_siscowet
NC_052323.1:35985056,NC_052323.1,35985056,92.6755,76.903925,-15.771574999999999,4,4,16.0,0.02857142857142857,0.9266860194365075,True,False,hypo_siscowet
NC_052323.1:37653019,NC_052323.1,37653019,11.252475,32.984875,21.732400000000002,4,4,0.0,0.02857142857142857,0.9266860194365075,True,False,hyper_siscowet
NC_052323.1:6765890,NC_052323.1,6765890,6.4685325,26.065133333333335,19.596600833333333,4,3,0.0,0.04974599072150299,0.9266860194365075,True,False,hyper_siscowet
NC_052323.1:6765951,NC_052323.1,6765951,10.4749375,34.13143333333333,23.656495833333327,4,3,0.0,0.04974599072150299,0.9266860194365075,True,False,hyper_siscowet
NC_052324.1:25470615,NC_052324.1,25470615,97.4359,76.069075,-21.366825000000006,3,4,12.0,0.04974599072150299,0.9266860194365075,True,False,hypo_siscowet
NC_052324.1:26626306,NC_052324.1,26626306,50.7722,71.31412499999999,20.541924999999992,3,4,0.0,0.04974599072150299,0.9266860194365075,True,False,hyper_siscowet
NC_052324.1:37597725,NC_052324.1,37597725,41.286249999999995,20.493450000000003,-20.792799999999993,4,4,16.0,0.02857142857142857,0.9266860194365075,True,False,hypo_siscowet
NC_052324.1:37597829,NC_052324.1,37597829,42.08685,17.908925,-24.177925,4,4,16.0,0.02857142857142857,0.9266860194365075,True,False,hypo_siscowet
NC_052324.1:37597877,NC_052324.1,37597877,36.26825,18.509725,-17.758525000000002,4,4,16.0,0.02857142857142857,0.9266860194365075,True,False,hypo_siscowet
NC_052324.1:37599271,NC_052324.1,37599271,36.034975,19.05355,-16.981425,4,4,16.0,0.02857142857142857,0.9266860194365075,True,False,hypo_siscowet
NC_052324.1:37599475,NC_052324.1,37599475,38.5325,20.587274999999998,-17.945225,4,4,16.0,0.02857142857142857,0.9266860194365075,True,False,hypo_siscowet
NC_052324.1:37599802,NC_052324.1,37599802,42.369225,24.051050000000004,-18.318174999999997,4,4,16.0,0.02857142857142857,0.9266860194365075,True,False,hypo_siscowet
NC_052324.1:37600711,NC_052324.1,37600711,38.454925,21.627875,-16.827050000000003,4,4,16.0,0.02857142857142857,0.9266860194365075,True,False,hypo_siscowet
NC_052325.1:12006249,NC_052325.1,12006249,92.15686666666666,73.958325,-18.198541666666657,3,4,12.0,0.04767810313602185,0.9266860194365075,True,False,hypo_siscowet
NC_052325.1:49796991,NC_052325.1,49796991,72.04946666666666,88.88974999999999,16.840283333333332,3,4,0.0,0.04974599072150299,0.9266860194365075,True,False,hyper_siscowet
NC_052325.1:718108,NC_052325.1,718108,51.1111,32.1252,-18.9859,3,4,12.0,0.04974599072150299,0.9266860194365075,True,False,hypo_siscowet
NC_052325.1:718572,NC_052325.1,718572,56.06063333333333,39.375,-16.685633333333328,3,4,12.0,0.04974599072150299,0.9266860194365075,True,False,hypo_siscowet
NC_052326.1:26434527,NC_052326.1,26434527,45.03205,61.1624,16.13035,4,4,0.0,0.02857142857142857,0.9266860194365075,True,False,hyper_siscowet
NC_052326.1:2832234,NC_052326.1,2832234,72.80703333333334,24.177477500000002,-48.629555833333335,3,4,12.0,0.04974599072150299,0.9266860194365075,True,False,hypo_siscowet
NC_052326.1:2832291,NC_052326.1,2832291,95.81696666666666,79.94505,-15.871916666666664,3,4,12.0,0.04974599072150299,0.9266860194365075,True,False,hypo_siscowet
NC_052326.1:2832351,NC_052326.1,2832351,98.24560000000001,82.88524999999998,-15.360350000000025,3,4,12.0,0.04974599072150299,0.9266860194365075,True,False,hypo_siscowet
NC_052326.1:47694517,NC_052326.1,47694517,69.67895,41.013,-28.665950000000002,4,4,16.0,0.02857142857142857,0.9266860194365075,True,False,hypo_siscowet
NC_052326.1:51937592,NC_052326.1,51937592,90.9357,73.858875,-17.076825,3,4,12.0,0.04974599072150299,0.9266860194365075,True,False,hypo_siscowet
NC_052327.1:21425474,NC_052327.1,21425474,85.075775,69.93176666666666,-15.144008333333332,4,3,12.0,0.04974599072150299,0.9266860194365075,True,False,hypo_siscowet
NC_052327.1:32185817,NC_052327.1,32185817,89.03320000000001,70.681825,-18.351375000000004,3,4,12.0,0.04974599072150299,0.9266860194365075,True,False,hypo_siscowet
NC_052327.1:42320138,NC_052327.1,42320138,80.2882,97.0486,16.76039999999999,3,4,0.0,0.04974599072150299,0.9266860194365075,True,False,hyper_siscowet
NC_052327.1:7143403,NC_052327.1,7143403,69.56426666666668,52.017025000000004,-17.54724166666668,3,4,12.0,0.04974599072150299,0.9266860194365075,True,False,hypo_siscowet
NC_052328.1:15529953,NC_052328.1,15529953,96.29630000000002,67.38345,-28.91285000000002,3,4,12.0,0.04974599072150299,0.9266860194365075,True,False,hypo_siscowet
NC_052328.1:15531848,NC_052328.1,15531848,83.95723333333333,52.195525,-31.76170833333333,3,4,12.0,0.04974599072150299,0.9266860194365075,True,False,hypo_siscowet
NC_052328.1:20268868,NC_052328.1,20268868,83.0688,66.78615,-16.28264999999999,3,4,12.0,0.04974599072150299,0.9266860194365075,True,False,hypo_siscowet
NC_052328.1:20414541,NC_052328.1,20414541,79.116825,62.62629999999999,-16.490525000000012,4,3,12.0,0.04974599072150299,0.9266860194365075,True,False,hypo_siscowet
NC_052328.1:30288520,NC_052328.1,30288520,90.58442499999998,70.25840000000001,-20.326024999999973,4,3,12.0,0.04974599072150299,0.9266860194365075,True,False,hypo_siscowet
NC_052328.1:31339519,NC_052328.1,31339519,43.690450000000006,70.7705,27.080049999999993,4,4,0.0,0.029401048190339642,0.9266860194365075,True,False,hyper_siscowet
NC_052328.1:31339729,NC_052328.1,31339729,47.472225,70.277775,22.805550000000004,4,4,0.0,0.02857142857142857,0.9266860194365075,True,False,hyper_siscowet
NC_052328.1:31340695,NC_052328.1,31340695,56.963375,76.914125,19.95075,4,4,0.0,0.02857142857142857,0.9266860194365075,True,False,hyper_siscowet
NC_052328.1:31341451,NC_052328.1,31341451,57.92935,75.369275,17.439925000000002,4,4,0.0,0.02857142857142857,0.9266860194365075,True,False,hyper_siscowet
NC_052328.1:35080380,NC_052328.1,35080380,93.75,78.64265,-15.107349999999997,3,4,12.0,0.04767810313602185,0.9266860194365075,True,False,hypo_siscowet
NC_052328.1:35082533,NC_052328.1,35082533,20.833333333333332,38.123775,17.29044166666667,3,4,0.0,0.04974599072150299,0.9266860194365075,True,False,hyper_siscowet
NC_052328.1:6819271,NC_052328.1,6819271,38.57143333333334,81.923625,43.35219166666666,3,4,0.0,0.04974599072150299,0.9266860194365075,True,False,hyper_siscowet
NC_052328.1:6819767,NC_052328.1,6819767,74.20636666666667,92.395825,18.189458333333334,3,4,0.0,0.04974599072150299,0.9266860194365075,True,False,hyper_siscowet
NC_052329.1:1806929,NC_052329.1,1806929,54.4253,37.623625,-16.801675000000003,4,4,16.0,0.02857142857142857,0.9266860194365075,True,False,hypo_siscowet
NC_052329.1:22936888,NC_052329.1,22936888,67.27675,47.110225,-20.166525000000007,4,4,16.0,0.02857142857142857,0.9266860194365075,True,False,hypo_siscowet
NC_052329.1:22937178,NC_052329.1,22937178,74.90845,52.34975,-22.5587,4,4,16.0,0.02857142857142857,0.9266860194365075,True,False,hypo_siscowet
NC_052329.1:44379850,NC_052329.1,44379850,93.93939999999999,71.789225,-22.15017499999999,3,4,12.0,0.04974599072150299,0.9266860194365075,True,False,hypo_siscowet
NC_052329.1:44379878,NC_052329.1,44379878,88.38383333333333,70.61507499999999,-17.768758333333338,3,4,12.0,0.04974599072150299,0.9266860194365075,True,False,hypo_siscowet
NC_052329.1:7932569,NC_052329.1,7932569,89.388375,71.956675,-17.431699999999992,4,4,16.0,0.02857142857142857,0.9266860194365075,True,False,hypo_siscowet
NC_052330.1:19088081,NC_052330.1,19088081,34.25926666666667,56.761575,22.502308333333332,3,4,0.0,0.04974599072150299,0.9266860194365075,True,False,hyper_siscowet
NC_052330.1:25673070,NC_052330.1,25673070,83.33333333333333,66.619325,-16.714008333333325,3,4,12.0,0.04974599072150299,0.9266860194365075,True,False,hypo_siscowet
NC_052330.1:32719046,NC_052330.1,32719046,78.0886,59.535275,-18.553325,3,4,12.0,0.04974599072150299,0.9266860194365075,True,False,hypo_siscowet
NC_052330.1:32883053,NC_052330.1,32883053,96.887925,79.0625,-17.825424999999996,4,4,16.0,0.02857142857142857,0.9266860194365075,True,False,hypo_siscowet
NC_052330.1:37606510,NC_052330.1,37606510,54.54546666666667,72.59740000000001,18.051933333333338,3,4,0.0,0.04767810313602185,0.9266860194365075,True,False,hyper_siscowet
NC_052332.1:17159404,NC_052332.1,17159404,69.20633333333335,42.84185,-26.364483333333347,3,4,12.0,0.04974599072150299,0.9266860194365075,True,False,hypo_siscowet
NC_052332.1:17159425,NC_052332.1,17159425,62.09153333333334,42.986425,-19.10510833333334,3,4,12.0,0.04767810313602185,0.9266860194365075,True,False,hypo_siscowet
NC_052333.1:1075500,NC_052333.1,1075500,85.66546666666666,65.1181,-20.54736666666666,3,4,12.0,0.04974599072150299,0.9266860194365075,True,False,hypo_siscowet
NC_052333.1:15988463,NC_052333.1,15988463,55.69915,36.75925,-18.9399,4,4,16.0,0.02857142857142857,0.9266860194365075,True,False,hypo_siscowet
NC_052333.1:15989845,NC_052333.1,15989845,31.72315,16.570700000000002,-15.152449999999998,4,4,16.0,0.02857142857142857,0.9266860194365075,True,False,hypo_siscowet
NC_052333.1:15990594,NC_052333.1,15990594,46.095425,28.605475000000002,-17.489949999999997,4,4,16.0,0.02857142857142857,0.9266860194365075,True,False,hypo_siscowet
NC_052333.1:25131543,NC_052333.1,25131543,70.76582499999999,54.76625,-15.999574999999993,4,4,16.0,0.02857142857142857,0.9266860194365075,True,False,hypo_siscowet
NC_052333.1:25804088,NC_052333.1,25804088,26.944725,57.373225000000005,30.428500000000007,4,4,0.0,0.02857142857142857,0.9266860194365075,True,False,hyper_siscowet
NC_052333.1:25805705,NC_052333.1,25805705,26.116075000000002,48.759475,22.6434,4,4,0.0,0.02857142857142857,0.9266860194365075,True,False,hyper_siscowet
NC_052333.1:3089998,NC_052333.1,3089998,92.4668,76.3841,-16.082700000000003,4,4,16.0,0.02857142857142857,0.9266860194365075,True,False,hypo_siscowet
NC_052333.1:31056344,NC_052333.1,31056344,70.87552500000001,47.584700000000005,-23.290825000000005,4,4,16.0,0.02857142857142857,0.9266860194365075,True,False,hypo_siscowet
NC_052333.1:31056428,NC_052333.1,31056428,71.86234999999999,52.142025000000004,-19.72032499999999,4,4,16.0,0.02857142857142857,0.9266860194365075,True,False,hypo_siscowet
NC_052333.1:31058997,NC_052333.1,31058997,69.097925,49.816,-19.281925,4,4,16.0,0.02857142857142857,0.9266860194365075,True,False,hypo_siscowet
NC_052333.1:31061803,NC_052333.1,31061803,45.5864,25.727725000000003,-19.858674999999995,4,4,16.0,0.02857142857142857,0.9266860194365075,True,False,hypo_siscowet
NC_052333.1:31062109,NC_052333.1,31062109,57.790049999999994,36.201175000000006,-21.588874999999987,4,4,16.0,0.02857142857142857,0.9266860194365075,True,False,hypo_siscowet
NC_052333.1:35410586,NC_052333.1,35410586,77.67585,60.75795,-16.917899999999996,4,4,16.0,0.02857142857142857,0.9266860194365075,True,False,hypo_siscowet
NC_052333.1:39889796,NC_052333.1,39889796,75.53945,60.2584,-15.28105,4,4,16.0,0.02857142857142857,0.9266860194365075,True,False,hypo_siscowet
NC_052334.1:10691589,NC_052334.1,10691589,56.811275,39.703424999999996,-17.107850000000006,4,4,16.0,0.02857142857142857,0.9266860194365075,True,False,hypo_siscowet
NC_052334.1:14317994,NC_052334.1,14317994,74.316225,56.497275,-17.81895,4,4,16.0,0.02857142857142857,0.9266860194365075,True,False,hypo_siscowet
NC_052334.1:2410841,NC_052334.1,2410841,67.73506666666667,97.916675,30.18160833333333,3,4,0.0,0.04359664488554136,0.9266860194365075,True,False,hyper_siscowet
NC_052334.1:27891280,NC_052334.1,27891280,95.2851,73.9394,-21.345699999999994,4,3,12.0,0.04974599072150299,0.9266860194365075,True,False,hypo_siscowet
NC_052334.1:41042860,NC_052334.1,41042860,81.04636666666666,96.862725,15.81635833333334,3,4,0.0,0.04974599072150299,0.9266860194365075,True,False,hyper_siscowet
NC_052334.1:41729439,NC_052334.1,41729439,6.0307075,24.76346666666667,18.732759166666668,4,3,0.0,0.04974599072150299,0.9266860194365075,True,False,hyper_siscowet
NC_052335.1:16471355,NC_052335.1,16471355,92.5971,77.50835000000001,-15.08874999999999,4,4,16.0,0.02857142857142857,0.9266860194365075,True,False,hypo_siscowet
NC_052335.1:16471451,NC_052335.1,16471451,83.93705,67.605725,-16.331324999999993,4,4,16.0,0.02857142857142857,0.9266860194365075,True,False,hypo_siscowet
NC_052335.1:22295893,NC_052335.1,22295893,100.0,83.330875,-16.669124999999994,3,4,12.0,0.04359664488554136,0.9266860194365075,True,False,hypo_siscowet
NC_052335.1:22296102,NC_052335.1,22296102,98.33333333333333,81.410575,-16.922758333333334,3,4,12.0,0.04974599072150299,0.9266860194365075,True,False,hypo_siscowet
NC_052335.1:25694473,NC_052335.1,25694473,47.20276666666666,69.19915,21.99638333333334,3,4,0.0,0.04974599072150299,0.9266860194365075,True,False,hyper_siscowet
NC_052335.1:25694557,NC_052335.1,25694557,30.555533333333333,47.0238,16.46826666666667,3,4,0.0,0.04974599072150299,0.9266860194365075,True,False,hyper_siscowet
NC_052335.1:25694678,NC_052335.1,25694678,27.655666666666665,54.816825,27.161158333333336,3,4,0.0,0.04974599072150299,0.9266860194365075,True,False,hyper_siscowet
NC_052335.1:32815541,NC_052335.1,32815541,73.369,95.58372500000002,22.214725000000016,3,4,0.0,0.04974599072150299,0.9266860194365075,True,False,hyper_siscowet
NC_052335.1:5230211,NC_052335.1,5230211,89.457425,72.386375,-17.07105,4,4,16.0,0.02857142857142857,0.9266860194365075,True,False,hypo_siscowet
NC_052335.1:5230214,NC_052335.1,5230214,97.0,81.80796666666667,-15.192033333333328,4,3,12.0,0.04974599072150299,0.9266860194365075,True,False,hypo_siscowet
NC_052336.1:16301270,NC_052336.1,16301270,62.64255,79.93585,17.293300000000002,4,4,0.0,0.02857142857142857,0.9266860194365075,True,False,hyper_siscowet
NC_052336.1:21917658,NC_052336.1,21917658,79.7436,96.40152499999999,16.65792499999999,3,4,0.0,0.04974599072150299,0.9266860194365075,True,False,hyper_siscowet
NC_052336.1:21917879,NC_052336.1,21917879,73.38383333333333,88.40697499999999,15.02314166666666,3,4,0.0,0.04974599072150299,0.9266860194365075,True,False,hyper_siscowet
NC_052336.1:4691698,NC_052336.1,4691698,51.955774999999996,68.487475,16.531700000000008,4,4,0.0,0.029401048190339642,0.9266860194365075,True,False,hyper_siscowet
NC_052336.1:4692614,NC_052336.1,4692614,47.764275000000005,65.352425,17.58814999999999,4,4,0.0,0.02857142857142857,0.9266860194365075,True,False,hyper_siscowet
NC_052336.1:4694586,NC_052336.1,4694586,40.318725,56.176700000000004,15.857975000000003,4,4,0.5,0.042066412206780826,0.9266860194365075,True,False,hyper_siscowet
NC_052336.1:4694852,NC_052336.1,4694852,40.7287,56.656275,15.927574999999997,4,4,0.0,0.02857142857142857,0.9266860194365075,True,False,hyper_siscowet
NC_052336.1:4695164,NC_052336.1,4695164,42.07015,57.584125,15.513975000000002,4,4,0.0,0.02857142857142857,0.9266860194365075,True,False,hyper_siscowet
NC_052336.1:484633,NC_052336.1,484633,68.6869,87.112725,18.425825000000003,3,4,0.0,0.04974599072150299,0.9266860194365075,True,False,hyper_siscowet
NC_052336.1:8645410,NC_052336.1,8645410,64.96515,43.652274999999996,-21.312875,4,4,16.0,0.02857142857142857,0.9266860194365075,True,False,hypo_siscowet
NC_052336.1:8657420,NC_052336.1,8657420,54.43849999999999,31.118433333333332,-23.32006666666666,4,3,12.0,0.04974599072150299,0.9266860194365075,True,False,hypo_siscowet
NC_052337.1:3832383,NC_052337.1,3832383,87.14286666666665,66.81887499999999,-20.323991666666657,3,4,12.0,0.04974599072150299,0.9266860194365075,True,False,hypo_siscowet
NC_052337.1:43881985,NC_052337.1,43881985,75.15153333333335,94.18155,19.030016666666654,3,4,0.0,0.04767810313602185,0.9266860194365075,True,False,hyper_siscowet
NC_052337.1:45684918,NC_052337.1,45684918,56.798233333333336,33.30375,-23.494483333333335,3,4,12.0,0.04974599072150299,0.9266860194365075,True,False,hypo_siscowet
NC_052337.1:45685019,NC_052337.1,45685019,62.22223333333333,34.613075,-27.609158333333326,3,4,12.0,0.04974599072150299,0.9266860194365075,True,False,hypo_siscowet
NC_052337.1:45686938,NC_052337.1,45686938,76.19046666666667,58.225575000000006,-17.96489166666666,3,4,12.0,0.04974599072150299,0.9266860194365075,True,False,hypo_siscowet
NC_052337.1:45727289,NC_052337.1,45727289,80.492425,96.8254,16.332975000000005,4,3,0.0,0.04767810313602185,0.9266860194365075,True,False,hyper_siscowet
NC_052337.1:45738695,NC_052337.1,45738695,82.32323333333333,97.916675,15.593441666666664,3,4,0.0,0.04359664488554136,0.9266860194365075,True,False,hyper_siscowet
NC_052337.1:45749024,NC_052337.1,45749024,97.22223333333334,80.662,-16.56023333333333,3,4,12.0,0.04974599072150299,0.9266860194365075,True,False,hypo_siscowet
NC_052337.1:46167215,NC_052337.1,46167215,96.49123333333334,72.66415,-23.827083333333334,3,4,12.0,0.04974599072150299,0.9266860194365075,True,False,hypo_siscowet
NC_052337.1:46167315,NC_052337.1,46167315,97.3611,80.9671,-16.39399999999999,4,4,16.0,0.029401048190339642,0.9266860194365075,True,False,hypo_siscowet
NC_052338.1:14252783,NC_052338.1,14252783,0.0,16.5349,16.5349,3,4,0.0,0.04359664488554136,0.9266860194365075,True,False,hyper_siscowet
NC_052338.1:16819052,NC_052338.1,16819052,100.0,84.06954999999999,-15.930450000000008,3,4,12.0,0.04359664488554136,0.9266860194365075,True,False,hypo_siscowet
NC_052338.1:29216085,NC_052338.1,29216085,97.77776666666666,77.82679999999999,-19.950966666666673,3,4,12.0,0.04974599072150299,0.9266860194365075,True,False,hypo_siscowet
NC_052339.1:21265664,NC_052339.1,21265664,74.72945,56.09316666666667,-18.63628333333333,4,3,12.0,0.04974599072150299,0.9266860194365075,True,False,hypo_siscowet
NC_052340.1:14871166,NC_052340.1,14871166,86.74695,71.29435,-15.452600000000004,4,4,16.0,0.02857142857142857,0.9266860194365075,True,False,hypo_siscowet
NC_052340.1:16187975,NC_052340.1,16187975,67.20573333333334,87.97762499999999,20.771891666666647,3,4,0.0,0.04974599072150299,0.9266860194365075,True,False,hyper_siscowet
NC_052340.1:24072595,NC_052340.1,24072595,81.38526666666667,97.80952500000001,16.42425833333334,3,4,0.0,0.04974599072150299,0.9266860194365075,True,False,hyper_siscowet
NC_052340.1:24072633,NC_052340.1,24072633,79.94046666666667,96.904775,16.964308333333335,3,4,0.0,0.04974599072150299,0.9266860194365075,True,False,hyper_siscowet
NC_052340.1:35075872,NC_052340.1,35075872,68.181825,85.0342,16.852374999999995,4,4,0.0,0.02857142857142857,0.9266860194365075,True,False,hyper_siscowet
NC_052340.1:381551,NC_052340.1,381551,63.939175000000006,47.851425,-16.087750000000007,4,4,16.0,0.02857142857142857,0.9266860194365075,True,False,hypo_siscowet
NC_052340.1:391538,NC_052340.1,391538,43.764575,26.332375000000003,-17.432199999999998,4,4,16.0,0.02857142857142857,0.9266860194365075,True,False,hypo_siscowet
NC_052340.1:406805,NC_052340.1,406805,54.40474999999999,39.069475,-15.335274999999996,4,4,16.0,0.029401048190339642,0.9266860194365075,True,False,hypo_siscowet
NC_052340.1:406811,NC_052340.1,406811,58.36125,39.791650000000004,-18.569599999999994,4,4,16.0,0.02857142857142857,0.9266860194365075,True,False,hypo_siscowet
NC_052341.1:26959591,NC_052341.1,26959591,78.63246666666667,56.962025,-21.670441666666676,3,4,12.0,0.04974599072150299,0.9266860194365075,True,False,hypo_siscowet
NC_052341.1:26959642,NC_052341.1,26959642,79.99996666666665,64.82830000000001,-15.171666666666638,3,4,12.0,0.04974599072150299,0.9266860194365075,True,False,hypo_siscowet
NC_052341.1:26961289,NC_052341.1,26961289,87.68939999999999,67.0926,-20.596799999999988,3,4,12.0,0.04974599072150299,0.9266860194365075,True,False,hypo_siscowet
NC_052341.1:32276873,NC_052341.1,32276873,96.07843333333334,78.2002,-17.87823333333334,3,4,12.0,0.04974599072150299,0.9266860194365075,True,False,hypo_siscowet
NC_052341.1:32277399,NC_052341.1,32277399,98.33333333333333,78.643025,-19.690308333333334,3,4,12.0,0.04767810313602185,0.9266860194365075,True,False,hypo_siscowet
NC_052341.1:4526455,NC_052341.1,4526455,54.2885,12.722225,-41.566275,3,4,12.0,0.04974599072150299,0.9266860194365075,True,False,hypo_siscowet
NC_052341.1:4526498,NC_052341.1,4526498,51.652433333333335,11.293857500000001,-40.35857583333333,3,4,12.0,0.04974599072150299,0.9266860194365075,True,False,hypo_siscowet
NC_052341.1:4526640,NC_052341.1,4526640,67.95113333333333,21.008765,-46.942368333333334,3,4,12.0,0.04974599072150299,0.9266860194365075,True,False,hypo_siscowet
NC_052341.1:4526762,NC_052341.1,4526762,55.8114,9.8863625,-45.9250375,3,4,12.0,0.04974599072150299,0.9266860194365075,True,False,hypo_siscowet
NC_052341.1:4526861,NC_052341.1,4526861,50.175466666666665,9.576025,-40.599441666666664,3,4,12.0,0.04974599072150299,0.9266860194365075,True,False,hypo_siscowet
NC_052341.1:4526955,NC_052341.1,4526955,68.07016666666667,16.25,-51.820166666666665,3,4,12.0,0.04767810313602185,0.9266860194365075,True,False,hypo_siscowet
NC_052341.1:463245,NC_052341.1,463245,92.98246666666667,76.42977499999999,-16.552691666666675,3,4,12.0,0.04974599072150299,0.9266860194365075,True,False,hypo_siscowet
NC_052342.1:15614501,NC_052342.1,15614501,69.740075,45.590275,-24.149800000000006,4,4,16.0,0.02857142857142857,0.9266860194365075,True,False,hypo_siscowet
NC_052342.1:15615190,NC_052342.1,15615190,34.333675,51.8148,17.481125,4,4,0.0,0.02857142857142857,0.9266860194365075,True,False,hyper_siscowet
NC_052342.1:18414267,NC_052342.1,18414267,100.0,84.415225,-15.584774999999993,3,4,12.0,0.04359664488554136,0.9266860194365075,True,False,hypo_siscowet
NC_052342.1:20293243,NC_052342.1,20293243,25.01715,7.290865,-17.726285,4,4,16.0,0.02857142857142857,0.9266860194365075,True,False,hypo_siscowet
NC_052342.1:25134916,NC_052342.1,25134916,57.467575,33.333333333333336,-24.13424166666666,4,3,12.0,0.04974599072150299,0.9266860194365075,True,False,hypo_siscowet
NC_052342.1:25194126,NC_052342.1,25194126,71.03333333333335,95.359525,24.32619166666666,3,4,0.0,0.04974599072150299,0.9266860194365075,True,False,hyper_siscowet
NC_052342.1:25197229,NC_052342.1,25197229,82.30803333333333,100.0,17.691966666666673,3,4,0.0,0.03191120476963876,0.9266860194365075,True,False,hyper_siscowet
NC_052342.1:25197240,NC_052342.1,25197240,82.98276666666666,100.0,17.017233333333337,3,4,0.0,0.03191120476963876,0.9266860194365075,True,False,hyper_siscowet
NC_052342.1:26335690,NC_052342.1,26335690,81.75354999999999,64.7539,-16.99964999999999,4,4,16.0,0.02857142857142857,0.9266860194365075,True,False,hypo_siscowet
NC_052342.1:26970095,NC_052342.1,26970095,56.428574999999995,32.424225,-24.004349999999995,4,4,16.0,0.029401048190339642,0.9266860194365075,True,False,hypo_siscowet
NC_052343.1:16884127,NC_052343.1,16884127,71.21213333333334,89.97755,18.765416666666653,3,4,0.0,0.04974599072150299,0.9266860194365075,True,False,hyper_siscowet
NC_052343.1:17393809,NC_052343.1,17393809,91.489125,75.46379999999999,-16.02532500000001,4,4,16.0,0.02857142857142857,0.9266860194365075,True,False,hypo_siscowet
NC_052343.1:17394460,NC_052343.1,17394460,97.61903333333333,79.7773,-17.841733333333337,3,4,12.0,0.04974599072150299,0.9266860194365075,True,False,hypo_siscowet
NC_052343.1:17396224,NC_052343.1,17396224,66.101975,87.448125,21.34615000000001,4,4,0.0,0.02857142857142857,0.9266860194365075,True,False,hyper_siscowet
NC_052343.1:17400122,NC_052343.1,17400122,95.0,79.95637500000001,-15.043624999999992,4,4,16.0,0.029401048190339642,0.9266860194365075,True,False,hypo_siscowet
NC_052343.1:19798162,NC_052343.1,19798162,77.59803333333333,92.82297499999999,15.224941666666652,3,4,0.0,0.04974599072150299,0.9266860194365075,True,False,hyper_siscowet
NC_052343.1:24829275,NC_052343.1,24829275,45.932525,61.230275,15.29775,4,4,0.5,0.042066412206780826,0.9266860194365075,True,False,hyper_siscowet
NC_052343.1:24832982,NC_052343.1,24832982,58.587875000000004,74.36275,15.774875000000002,4,4,0.0,0.02857142857142857,0.9266860194365075,True,False,hyper_siscowet
NC_052343.1:24833777,NC_052343.1,24833777,54.64945,72.372325,17.722875000000002,4,4,0.0,0.02857142857142857,0.9266860194365075,True,False,hyper_siscowet
NC_052343.1:27242658,NC_052343.1,27242658,0.0,35.79545,35.79545,3,4,0.0,0.04359664488554136,0.9266860194365075,True,False,hyper_siscowet
NC_052343.1:27242660,NC_052343.1,27242660,0.0,39.446275,39.446275,3,4,0.0,0.04359664488554136,0.9266860194365075,True,False,hyper_siscowet
NC_052343.1:27242679,NC_052343.1,27242679,0.0,36.025625,36.025625,3,4,0.0,0.04359664488554136,0.9266860194365075,True,False,hyper_siscowet
NC_052343.1:27242688,NC_052343.1,27242688,0.0,36.025625,36.025625,3,4,0.0,0.04359664488554136,0.9266860194365075,True,False,hyper_siscowet
NC_052343.1:27242709,NC_052343.1,27242709,0.0,29.9555675,29.9555675,3,4,0.0,0.04359664488554136,0.9266860194365075,True,False,hyper_siscowet
NC_052343.1:27242820,NC_052343.1,27242820,0.0,27.8113425,27.8113425,3,4,0.0,0.04359664488554136,0.9266860194365075,True,False,hyper_siscowet
NC_052343.1:27242880,NC_052343.1,27242880,0.0,28.452775,28.452775,3,4,0.0,0.04359664488554136,0.9266860194365075,True,False,hyper_siscowet
NC_052343.1:27242905,NC_052343.1,27242905,0.0,28.613025,28.613025,3,4,0.0,0.04359664488554136,0.9266860194365075,True,False,hyper_siscowet
NC_052343.1:27480772,NC_052343.1,27480772,96.8254,69.5139,-27.311499999999995,3,4,12.0,0.04974599072150299,0.9266860194365075,True,False,hypo_siscowet
NC_052343.1:28427096,NC_052343.1,28427096,97.22223333333334,79.48637500000001,-17.735858333333326,3,4,12.0,0.04974599072150299,0.9266860194365075,True,False,hypo_siscowet
NC_052343.1:28427107,NC_052343.1,28427107,100.0,84.525475,-15.474525,4,4,16.0,0.021070570134378658,0.9266860194365075,True,False,hypo_siscowet
NC_052343.1:28910158,NC_052343.1,28910158,20.604400000000002,5.482455,-15.121945000000002,3,4,12.0,0.04974599072150299,0.9266860194365075,True,False,hypo_siscowet
NC_052343.1:28911863,NC_052343.1,28911863,100.0,84.35849999999999,-15.641500000000008,3,4,12.0,0.04359664488554136,0.9266860194365075,True,False,hypo_siscowet
NC_052343.1:28911914,NC_052343.1,28911914,100.0,81.8863,-18.113699999999994,3,4,12.0,0.04359664488554136,0.9266860194365075,True,False,hypo_siscowet
NC_052343.1:28911929,NC_052343.1,28911929,97.61903333333333,81.478375,-16.140658333333334,3,4,12.0,0.04974599072150299,0.9266860194365075,True,False,hypo_siscowet
NC_052343.1:28911944,NC_052343.1,28911944,100.0,82.292275,-17.707724999999996,3,4,12.0,0.04359664488554136,0.9266860194365075,True,False,hypo_siscowet
NC_052343.1:29412918,NC_052343.1,29412918,64.12637500000001,48.4561,-15.67027500000001,4,4,16.0,0.02857142857142857,0.9266860194365075,True,False,hypo_siscowet
NC_052343.1:29417867,NC_052343.1,29417867,83.6499,59.848475,-23.801425000000002,4,4,16.0,0.02857142857142857,0.9266860194365075,True,False,hypo_siscowet
NC_052343.1:29417882,NC_052343.1,29417882,86.669825,58.525725,-28.1441,4,4,16.0,0.02857142857142857,0.9266860194365075,True,False,hypo_siscowet
NC_052343.1:30235200,NC_052343.1,30235200,62.662366666666664,45.80495,-16.857416666666666,3,4,12.0,0.04974599072150299,0.9266860194365075,True,False,hypo_siscowet
NC_052343.1:30267948,NC_052343.1,30267948,74.10713333333332,58.40515,-15.701983333333324,3,4,12.0,0.04359664488554136,0.9266860194365075,True,False,hypo_siscowet
NC_052343.1:31029684,NC_052343.1,31029684,96.96969999999999,79.75460000000001,-17.21509999999998,3,4,12.0,0.04974599072150299,0.9266860194365075,True,False,hypo_siscowet
NC_052343.1:31029720,NC_052343.1,31029720,96.96969999999999,80.83997500000001,-16.12972499999998,3,4,12.0,0.04974599072150299,0.9266860194365075,True,False,hypo_siscowet
NC_052343.1:31241247,NC_052343.1,31241247,91.287875,58.12056666666666,-33.16730833333334,4,3,12.0,0.04974599072150299,0.9266860194365075,True,False,hypo_siscowet
NC_052343.1:31242169,NC_052343.1,31242169,4.356059999999999,20.96213333333333,16.60607333333333,4,3,0.0,0.04974599072150299,0.9266860194365075,True,False,hyper_siscowet
NC_052344.1:10964937,NC_052344.1,10964937,80.4374,98.6111,18.173699999999997,3,4,0.0,0.04359664488554136,0.9266860194365075,True,False,hyper_siscowet
NC_052344.1:16598945,NC_052344.1,16598945,93.531475,78.26615,-15.265325000000004,4,4,16.0,0.029401048190339642,0.9266860194365075,True,False,hypo_siscowet
NC_052344.1:16602204,NC_052344.1,16602204,89.10255000000001,73.914875,-15.187675000000013,4,4,16.0,0.02857142857142857,0.9266860194365075,True,False,hypo_siscowet
NC_052344.1:23480791,NC_052344.1,23480791,97.4359,78.918425,-18.517475000000005,3,4,12.0,0.04974599072150299,0.9266860194365075,True,False,hypo_siscowet
NC_052344.1:23641201,NC_052344.1,23641201,81.58345,96.9669,15.383449999999996,4,4,0.0,0.029401048190339642,0.9266860194365075,True,False,hyper_siscowet
NC_052344.1:23642482,NC_052344.1,23642482,62.255750000000006,32.78385,-29.471900000000005,4,4,15.5,0.042066412206780826,0.9266860194365075,True,False,hypo_siscowet
NC_052344.1:23850135,NC_052344.1,23850135,92.49083333333334,72.517575,-19.973258333333348,3,4,12.0,0.04974599072150299,0.9266860194365075,True,False,hypo_siscowet
NC_052344.1:23854128,NC_052344.1,23854128,86.742425,70.285775,-16.456649999999996,4,4,16.0,0.029401048190339642,0.9266860194365075,True,False,hypo_siscowet
NC_052344.1:6926034,NC_052344.1,6926034,77.27273333333333,93.55255,16.27981666666666,3,4,0.0,0.04974599072150299,0.9266860194365075,True,False,hyper_siscowet
NC_052344.1:9687202,NC_052344.1,9687202,54.28280000000001,37.620225000000005,-16.662575000000004,4,4,16.0,0.02857142857142857,0.9266860194365075,True,False,hypo_siscowet
NC_052344.1:9960256,NC_052344.1,9960256,21.6266825,0.9259266666666667,-20.700755833333336,4,3,12.0,0.04974599072150299,0.9266860194365075,True,False,hypo_siscowet
NC_052344.1:9960274,NC_052344.1,9960274,20.245207500000003,1.38889,-18.856317500000003,4,3,12.0,0.04974599072150299,0.9266860194365075,True,False,hypo_siscowet
NC_052345.1:1621499,NC_052345.1,1621499,78.872025,98.33333333333333,19.461308333333335,4,3,0.0,0.04974599072150299,0.9266860194365075,True,False,hyper_siscowet
NC_052345.1:2143493,NC_052345.1,2143493,61.21793333333333,11.383925,-49.83400833333333,3,4,12.0,0.04974599072150299,0.9266860194365075,True,False,hypo_siscowet
NC_052345.1:2143503,NC_052345.1,2143503,63.78446666666667,9.5238,-54.260666666666665,3,4,12.0,0.04974599072150299,0.9266860194365075,True,False,hypo_siscowet
NC_052345.1:2143534,NC_052345.1,2143534,55.995866666666664,7.803037499999999,-48.19282916666666,3,4,12.0,0.04974599072150299,0.9266860194365075,True,False,hypo_siscowet
NC_052345.1:2156744,NC_052345.1,2156744,80.7204,50.969825,-29.750574999999998,3,4,12.0,0.04974599072150299,0.9266860194365075,True,False,hypo_siscowet
NC_052345.1:374637,NC_052345.1,374637,90.84223333333334,73.6012,-17.241033333333334,3,4,12.0,0.04974599072150299,0.9266860194365075,True,False,hypo_siscowet
NC_052345.1:3780919,NC_052345.1,3780919,29.803500000000003,3.02137,-26.782130000000002,3,4,12.0,0.04974599072150299,0.9266860194365075,True,False,hypo_siscowet
NC_052345.1:3790780,NC_052345.1,3790780,9.10365,35.96795,26.8643,3,4,0.0,0.04974599072150299,0.9266860194365075,True,False,hyper_siscowet
NC_052345.1:3790830,NC_052345.1,3790830,9.75524,30.2797,20.524459999999998,4,4,0.0,0.02857142857142857,0.9266860194365075,True,False,hyper_siscowet
NC_052345.1:3790922,NC_052345.1,3790922,19.7673025,47.015625,27.2483225,4,4,0.0,0.02857142857142857,0.9266860194365075,True,False,hyper_siscowet
NC_052345.1:3790935,NC_052345.1,3790935,20.9910775,48.0986,27.107522499999998,4,4,0.0,0.02857142857142857,0.9266860194365075,True,False,hyper_siscowet
NC_052345.1:3791041,NC_052345.1,3791041,21.60715,58.958974999999995,37.35182499999999,4,4,0.0,0.029401048190339642,0.9266860194365075,True,False,hyper_siscowet
NC_052345.1:3791290,NC_052345.1,3791290,33.73375,62.553825,28.820075000000003,4,4,0.0,0.02857142857142857,0.9266860194365075,True,False,hyper_siscowet
NC_052345.1:3791330,NC_052345.1,3791330,24.927533333333333,58.386875,33.459341666666674,3,4,0.0,0.04974599072150299,0.9266860194365075,True,False,hyper_siscowet
NC_052345.1:3792211,NC_052345.1,3792211,69.70886666666667,50.66355,-19.045316666666665,3,4,12.0,0.04974599072150299,0.9266860194365075,True,False,hypo_siscowet
NC_052345.1:3864368,NC_052345.1,3864368,97.4359,77.6586,-19.777299999999997,3,4,12.0,0.04974599072150299,0.9266860194365075,True,False,hypo_siscowet
NC_052345.1:3865736,NC_052345.1,3865736,100.0,76.33025,-23.669749999999993,3,4,12.0,0.04359664488554136,0.9266860194365075,True,False,hypo_siscowet
NC_052345.1:3876740,NC_052345.1,3876740,91.34525,67.1003,-24.24494999999999,4,4,16.0,0.02857142857142857,0.9266860194365075,True,False,hypo_siscowet
NC_052345.1:3886155,NC_052345.1,3886155,81.5934,56.7541,-24.8393,3,4,12.0,0.04974599072150299,0.9266860194365075,True,False,hypo_siscowet
NC_052345.1:3923743,NC_052345.1,3923743,75.43863333333333,52.122475,-23.316158333333327,3,4,12.0,0.04974599072150299,0.9266860194365075,True,False,hypo_siscowet
NC_052345.1:3925635,NC_052345.1,3925635,51.3492,73.888875,22.539674999999995,3,4,0.0,0.04974599072150299,0.9266860194365075,True,False,hyper_siscowet
NC_052345.1:3959647,NC_052345.1,3959647,82.5708,56.980525,-25.590275000000005,3,4,12.0,0.04974599072150299,0.9266860194365075,True,False,hypo_siscowet
NC_052345.1:3964673,NC_052345.1,3964673,92.44505000000001,71.313,-21.132050000000007,4,4,16.0,0.02857142857142857,0.9266860194365075,True,False,hypo_siscowet
NC_052345.1:3964724,NC_052345.1,3964724,93.83597499999999,69.642875,-24.193099999999987,4,4,16.0,0.029401048190339642,0.9266860194365075,True,False,hypo_siscowet
NC_052345.1:3964737,NC_052345.1,3964737,92.37764999999999,71.76725,-20.610399999999984,4,4,16.0,0.02857142857142857,0.9266860194365075,True,False,hypo_siscowet
NC_052345.1:3964755,NC_052345.1,3964755,90.050375,72.241375,-17.808999999999997,4,4,16.0,0.029401048190339642,0.9266860194365075,True,False,hypo_siscowet
NC_052345.1:3968440,NC_052345.1,3968440,93.531475,71.306275,-22.2252,4,4,16.0,0.029401048190339642,0.9266860194365075,True,False,hypo_siscowet
NC_052345.1:3968454,NC_052345.1,3968454,95.9936,74.10714999999999,-21.88645000000001,4,4,16.0,0.029401048190339642,0.9266860194365075,True,False,hypo_siscowet
NC_052345.1:3968501,NC_052345.1,3968501,95.208325,72.318825,-22.889499999999998,4,4,16.0,0.02857142857142857,0.9266860194365075,True,False,hypo_siscowet
NC_052345.1:3968584,NC_052345.1,3968584,93.45362499999999,72.124475,-21.329149999999984,4,4,16.0,0.029401048190339642,0.9266860194365075,True,False,hypo_siscowet
NC_052345.1:3968605,NC_052345.1,3968605,91.865075,68.2094,-23.655675000000002,4,4,16.0,0.02857142857142857,0.9266860194365075,True,False,hypo_siscowet
NC_052345.1:3968612,NC_052345.1,3968612,93.38115,73.214275,-20.166875000000005,4,4,15.5,0.042066412206780826,0.9266860194365075,True,False,hypo_siscowet
NC_052345.1:3968626,NC_052345.1,3968626,95.833325,71.158,-24.675325,4,4,15.5,0.037188196733455664,0.9266860194365075,True,False,hypo_siscowet
NC_052345.1:3968628,NC_052345.1,3968628,97.72727499999999,72.59072499999999,-25.13655,4,4,16.0,0.026518721959430728,0.9266860194365075,True,False,hypo_siscowet
NC_052345.1:3968631,NC_052345.1,3968631,97.916675,71.72865,-26.188024999999996,4,4,16.0,0.026518721959430728,0.9266860194365075,True,False,hypo_siscowet
NC_052345.1:3968653,NC_052345.1,3968653,98.076925,70.699925,-27.37700000000001,4,4,16.0,0.026518721959430728,0.9266860194365075,True,False,hypo_siscowet
NC_052345.1:3980524,NC_052345.1,3980524,61.988333333333344,34.621849999999995,-27.36648333333335,3,4,12.0,0.04974599072150299,0.9266860194365075,True,False,hypo_siscowet
NC_052345.1:4031762,NC_052345.1,4031762,88.392,72.119375,-16.27262499999999,4,4,16.0,0.02857142857142857,0.9266860194365075,True,False,hypo_siscowet
NC_052345.1:4044481,NC_052345.1,4044481,74.10573333333332,54.69697500000001,-19.40875833333331,3,4,12.0,0.04974599072150299,0.9266860194365075,True,False,hypo_siscowet
NC_052345.1:4049178,NC_052345.1,4049178,19.96336666666667,1.6666675,-18.29669916666667,3,4,12.0,0.04359664488554136,0.9266860194365075,True,False,hypo_siscowet
NC_052345.1:4049221,NC_052345.1,4049221,16.933766666666667,1.4705875,-15.463179166666666,3,4,12.0,0.04359664488554136,0.9266860194365075,True,False,hypo_siscowet
NC_052345.1:4049346,NC_052345.1,4049346,16.469199999999997,0.0,-16.469199999999997,3,4,12.0,0.03191120476963876,0.9266860194365075,True,False,hypo_siscowet
NC_052345.1:4049419,NC_052345.1,4049419,15.982486666666665,0.0,-15.982486666666665,3,4,12.0,0.03191120476963876,0.9266860194365075,True,False,hypo_siscowet
NC_052345.1:4049711,NC_052345.1,4049711,24.074066666666667,2.0833325,-21.990734166666666,3,4,12.0,0.04359664488554136,0.9266860194365075,True,False,hypo_siscowet
NC_052345.1:4049747,NC_052345.1,4049747,25.925933333333333,0.0,-25.925933333333333,3,4,12.0,0.03191120476963876,0.9266860194365075,True,False,hypo_siscowet
NC_052345.1:4049752,NC_052345.1,4049752,25.925933333333333,0.0,-25.925933333333333,3,4,12.0,0.03191120476963876,0.9266860194365075,True,False,hypo_siscowet
NC_052345.1:4049763,NC_052345.1,4049763,18.933600000000002,0.0,-18.933600000000002,3,4,12.0,0.03191120476963876,0.9266860194365075,True,False,hypo_siscowet
NC_052345.1:4049765,NC_052345.1,4049765,21.1412,0.0,-21.1412,3,4,12.0,0.03191120476963876,0.9266860194365075,True,False,hypo_siscowet
NC_052345.1:4049783,NC_052345.1,4049783,25.638566666666666,0.0,-25.638566666666666,3,4,12.0,0.03191120476963876,0.9266860194365075,True,False,hypo_siscowet
NC_052345.1:4049799,NC_052345.1,4049799,25.9913,0.0,-25.9913,3,4,12.0,0.03191120476963876,0.9266860194365075,True,False,hypo_siscowet
NC_052345.1:4049819,NC_052345.1,4049819,26.4706,3.432125,-23.038475000000002,3,4,12.0,0.04974599072150299,0.9266860194365075,True,False,hypo_siscowet
NC_052345.1:4049826,NC_052345.1,4049826,20.5688,0.0,-20.5688,3,4,12.0,0.03191120476963876,0.9266860194365075,True,False,hypo_siscowet
NC_052345.1:4049844,NC_052345.1,4049844,23.563233333333333,1.9230775,-21.64015583333333,3,4,12.0,0.04359664488554136,0.9266860194365075,True,False,hypo_siscowet
NC_052345.1:4049929,NC_052345.1,4049929,18.187833333333334,2.884625,-15.303208333333334,3,4,12.0,0.04359664488554136,0.9266860194365075,True,False,hypo_siscowet
NC_052345.1:4049964,NC_052345.1,4049964,19.162166666666668,2.0,-17.162166666666668,3,4,12.0,0.04359664488554136,0.9266860194365075,True,False,hypo_siscowet
NC_052345.1:4049981,NC_052345.1,4049981,19.162166666666668,1.0,-18.162166666666668,3,4,12.0,0.04359664488554136,0.9266860194365075,True,False,hypo_siscowet
NC_052345.1:4050160,NC_052345.1,4050160,17.22223333333333,0.0,-17.22223333333333,3,4,12.0,0.030065283228311607,0.9266860194365075,True,False,hypo_siscowet
NC_052345.1:4050165,NC_052345.1,4050165,16.939956666666667,0.0,-16.939956666666667,3,4,12.0,0.03191120476963876,0.9266860194365075,True,False,hypo_siscowet
NC_052345.1:4050197,NC_052345.1,4050197,20.779799999999998,0.0,-20.779799999999998,3,4,12.0,0.03191120476963876,0.9266860194365075,True,False,hypo_siscowet
NC_052345.1:4050200,NC_052345.1,4050200,18.6041,0.0,-18.6041,3,4,12.0,0.03191120476963876,0.9266860194365075,True,False,hypo_siscowet
NC_052345.1:4050217,NC_052345.1,4050217,20.409000000000002,1.31579,-19.093210000000003,3,4,12.0,0.04359664488554136,0.9266860194365075,True,False,hypo_siscowet
NC_052345.1:4050288,NC_052345.1,4050288,20.3725,1.31579,-19.05671,3,4,12.0,0.04359664488554136,0.9266860194365075,True,False,hypo_siscowet
NC_052345.1:4050323,NC_052345.1,4050323,23.8287,2.31579,-21.51291,3,4,12.0,0.04974599072150299,0.9266860194365075,True,False,hypo_siscowet
NC_052345.1:4050350,NC_052345.1,4050350,22.757923333333334,2.2817475,-20.476175833333336,3,4,12.0,0.04974599072150299,0.9266860194365075,True,False,hypo_siscowet
NC_052345.1:4050363,NC_052345.1,4050363,24.40476666666667,1.38889,-23.01587666666667,3,4,12.0,0.04359664488554136,0.9266860194365075,True,False,hypo_siscowet
NC_052345.1:4050448,NC_052345.1,4050448,18.273799999999998,1.38889,-16.884909999999998,3,4,12.0,0.04359664488554136,0.9266860194365075,True,False,hypo_siscowet
NC_052345.1:4050480,NC_052345.1,4050480,17.857133333333334,1.38889,-16.468243333333334,3,4,12.0,0.04359664488554136,0.9266860194365075,True,False,hypo_siscowet
NC_052345.1:4050638,NC_052345.1,4050638,25.888166666666667,1.0416675,-24.846499166666668,3,4,12.0,0.04359664488554136,0.9266860194365075,True,False,hypo_siscowet
NC_052345.1:4050690,NC_052345.1,4050690,28.981099999999998,2.9647449999999997,-26.016354999999997,3,4,12.0,0.04974599072150299,0.9266860194365075,True,False,hypo_siscowet
NC_052345.1:4052732,NC_052345.1,4052732,63.37963333333334,95.0,31.620366666666662,3,4,0.0,0.04359664488554136,0.9266860194365075,True,False,hyper_siscowet
NC_052345.1:5493902,NC_052345.1,5493902,98.14813333333332,69.962025,-28.186108333333323,3,4,12.0,0.04974599072150299,0.9266860194365075,True,False,hypo_siscowet
NC_052345.1:5559007,NC_052345.1,5559007,96.18733333333334,76.9985,-19.188833333333335,3,4,12.0,0.04974599072150299,0.9266860194365075,True,False,hypo_siscowet
NC_052345.1:5562641,NC_052345.1,5562641,83.71346666666666,100.0,16.286533333333338,3,4,0.0,0.03191120476963876,0.9266860194365075,True,False,hyper_siscowet
NC_052345.1:6019808,NC_052345.1,6019808,94.44443333333334,75.369775,-19.074658333333332,3,4,12.0,0.04974599072150299,0.9266860194365075,True,False,hypo_siscowet
NC_052345.1:6019957,NC_052345.1,6019957,95.83333333333333,79.694775,-16.13855833333332,3,4,12.0,0.04974599072150299,0.9266860194365075,True,False,hypo_siscowet
NC_052345.1:6653069,NC_052345.1,6653069,67.31603333333334,82.57194999999999,15.25591666666665,3,4,0.0,0.04974599072150299,0.9266860194365075,True,False,hyper_siscowet
NC_052345.1:6747362,NC_052345.1,6747362,77.7851,96.94055,19.155450000000002,4,4,0.0,0.029401048190339642,0.9266860194365075,True,False,hyper_siscowet
NC_052345.1:6860166,NC_052345.1,6860166,32.57573333333333,16.650525,-15.925208333333334,3,4,12.0,0.04974599072150299,0.9266860194365075,True,False,hypo_siscowet
NC_052345.1:6860219,NC_052345.1,6860219,30.555566666666664,11.073225,-19.482341666666663,3,4,12.0,0.04974599072150299,0.9266860194365075,True,False,hypo_siscowet
NC_052345.1:7376849,NC_052345.1,7376849,87.757175,66.96284999999999,-20.794325000000015,4,4,16.0,0.02857142857142857,0.9266860194365075,True,False,hypo_siscowet
NC_052345.1:7426112,NC_052345.1,7426112,82.61077499999999,67.606025,-15.004749999999987,4,4,16.0,0.02857142857142857,0.9266860194365075,True,False,hypo_siscowet
NC_052345.1:7441322,NC_052345.1,7441322,63.4921,47.80305,-15.689050000000002,3,4,12.0,0.04974599072150299,0.9266860194365075,True,False,hypo_siscowet
NC_052345.1:7497617,NC_052345.1,7497617,68.70883333333333,44.429575,-24.27925833333333,3,4,12.0,0.04974599072150299,0.9266860194365075,True,False,hypo_siscowet
NC_052345.1:7716228,NC_052345.1,7716228,73.06535,56.186350000000004,-16.87899999999999,4,4,15.5,0.042066412206780826,0.9266860194365075,True,False,hypo_siscowet
NC_052345.1:7716316,NC_052345.1,7716316,70.00375000000001,51.074825,-18.928925000000014,4,4,16.0,0.02857142857142857,0.9266860194365075,True,False,hypo_siscowet
NC_052345.1:7716399,NC_052345.1,7716399,69.11087500000001,47.6336,-21.477275000000006,4,4,16.0,0.02857142857142857,0.9266860194365075,True,False,hypo_siscowet
NC_052345.1:7719934,NC_052345.1,7719934,88.51010000000001,65.7406,-22.769500000000008,4,4,16.0,0.02857142857142857,0.9266860194365075,True,False,hypo_siscowet
NC_052345.1:8769242,NC_052345.1,8769242,98.0392,82.0055,-16.033699999999996,3,4,12.0,0.04974599072150299,0.9266860194365075,True,False,hypo_siscowet
NC_052346.1:15318725,NC_052346.1,15318725,95.55556666666666,75.4225,-20.133066666666664,3,4,12.0,0.04974599072150299,0.9266860194365075,True,False,hypo_siscowet
NC_052346.1:17710406,NC_052346.1,17710406,67.52140000000001,46.94055,-20.580850000000012,3,4,12.0,0.04974599072150299,0.9266860194365075,True,False,hypo_siscowet
NC_052346.1:17726103,NC_052346.1,17726103,98.41270000000002,77.44964999999999,-20.963050000000024,3,4,12.0,0.04974599072150299,0.9266860194365075,True,False,hypo_siscowet
NC_052346.1:17726161,NC_052346.1,17726161,100.0,83.371225,-16.628775000000005,3,4,12.0,0.04359664488554136,0.9266860194365075,True,False,hypo_siscowet
NC_052346.1:17726184,NC_052346.1,17726184,100.0,84.70904999999999,-15.29095000000001,3,4,12.0,0.04359664488554136,0.9266860194365075,True,False,hypo_siscowet
NC_052346.1:19986995,NC_052346.1,19986995,65.63056666666667,23.890624999999996,-41.73994166666667,3,4,12.0,0.04974599072150299,0.9266860194365075,True,False,hypo_siscowet
NC_052346.1:20074426,NC_052346.1,20074426,18.8168,2.941175,-15.875625000000001,3,4,12.0,0.04359664488554136,0.9266860194365075,True,False,hypo_siscowet
NC_052346.1:20945170,NC_052346.1,20945170,40.82065,23.825525,-16.995125,4,4,16.0,0.02857142857142857,0.9266860194365075,True,False,hypo_siscowet
NC_052346.1:20945187,NC_052346.1,20945187,31.757649999999998,12.97721,-18.78044,4,4,16.0,0.02857142857142857,0.9266860194365075,True,False,hypo_siscowet
NC_052346.1:20945475,NC_052346.1,20945475,26.952575,6.339287499999999,-20.6132875,4,4,16.0,0.02857142857142857,0.9266860194365075,True,False,hypo_siscowet
NC_052346.1:20945479,NC_052346.1,20945479,25.246525,8.494055,-16.75247,4,4,16.0,0.02857142857142857,0.9266860194365075,True,False,hypo_siscowet
NC_052346.1:20945562,NC_052346.1,20945562,23.753825,8.603485,-15.15034,4,4,16.0,0.029401048190339642,0.9266860194365075,True,False,hypo_siscowet
NC_052346.1:20947008,NC_052346.1,20947008,48.232949999999995,24.188000000000002,-24.044949999999993,4,4,16.0,0.02857142857142857,0.9266860194365075,True,False,hypo_siscowet
NC_052346.1:20947056,NC_052346.1,20947056,55.60985,25.740275,-29.869575,4,4,16.0,0.02857142857142857,0.9266860194365075,True,False,hypo_siscowet
NC_052346.1:20947058,NC_052346.1,20947058,61.112275,32.42445,-28.687824999999997,4,4,16.0,0.02857142857142857,0.9266860194365075,True,False,hypo_siscowet
NC_052346.1:20947066,NC_052346.1,20947066,64.34975,37.249525000000006,-27.100224999999995,4,4,16.0,0.02857142857142857,0.9266860194365075,True,False,hypo_siscowet
NC_052346.1:20947149,NC_052346.1,20947149,71.41865,45.017975,-26.400675,4,4,16.0,0.02857142857142857,0.9266860194365075,True,False,hypo_siscowet
NC_052346.1:20947374,NC_052346.1,20947374,80.646475,60.81175,-19.83472499999999,4,4,16.0,0.02857142857142857,0.9266860194365075,True,False,hypo_siscowet
NC_052346.1:20961958,NC_052346.1,20961958,54.148375,35.589733333333335,-18.558641666666666,4,3,12.0,0.04974599072150299,0.9266860194365075,True,False,hypo_siscowet
NC_052346.1:20962080,NC_052346.1,20962080,55.829325,33.76066666666667,-22.068658333333325,4,3,12.0,0.04974599072150299,0.9266860194365075,True,False,hypo_siscowet
NC_052346.1:21433654,NC_052346.1,21433654,64.380775,36.476600000000005,-27.904174999999995,4,4,16.0,0.02857142857142857,0.9266860194365075,True,False,hypo_siscowet
NC_052346.1:21550151,NC_052346.1,21550151,78.52563333333333,54.075075,-24.450558333333333,3,4,12.0,0.04974599072150299,0.9266860194365075,True,False,hypo_siscowet
NC_052346.1:21584165,NC_052346.1,21584165,100.0,75.615075,-24.384924999999996,3,4,12.0,0.04359664488554136,0.9266860194365075,True,False,hypo_siscowet
NC_052346.1:21757203,NC_052346.1,21757203,19.89247333333333,2.301865,-17.590608333333332,3,4,12.0,0.04974599072150299,0.9266860194365075,True,False,hypo_siscowet
NC_052346.1:21757206,NC_052346.1,21757206,18.148166666666665,3.0100350000000002,-15.138131666666665,3,4,12.0,0.04974599072150299,0.9266860194365075,True,False,hypo_siscowet
NC_052346.1:21768835,NC_052346.1,21768835,78.214275,57.907575,-20.3067,4,4,16.0,0.029401048190339642,0.9266860194365075,True,False,hypo_siscowet
NC_052346.1:21987843,NC_052346.1,21987843,58.5859,87.184075,28.598175000000005,3,4,0.0,0.04974599072150299,0.9266860194365075,True,False,hyper_siscowet
NC_052346.1:21995750,NC_052346.1,21995750,77.27273333333333,59.271224999999994,-18.00150833333334,3,4,12.0,0.04974599072150299,0.9266860194365075,True,False,hypo_siscowet
NC_052346.1:22026095,NC_052346.1,22026095,92.2731,75.86945,-16.40365,4,4,16.0,0.02857142857142857,0.9266860194365075,True,False,hypo_siscowet
NC_052346.1:22043557,NC_052346.1,22043557,64.7122,82.4912,17.77900000000001,4,4,0.0,0.02857142857142857,0.9266860194365075,True,False,hyper_siscowet
NC_052347.1:10373156,NC_052347.1,10373156,73.0041,38.293499999999995,-34.7106,4,4,16.0,0.029401048190339642,0.9266860194365075,True,False,hypo_siscowet
NC_052347.1:14857016,NC_052347.1,14857016,78.92110000000001,100.0,21.07889999999999,3,4,0.0,0.03191120476963876,0.9266860194365075,True,False,hyper_siscowet
NC_052347.1:18150575,NC_052347.1,18150575,98.41270000000002,82.509175,-15.903525000000016,3,4,12.0,0.04767810313602185,0.9266860194365075,True,False,hypo_siscowet
NC_052347.1:18150626,NC_052347.1,18150626,96.5368,80.0458,-16.491,4,4,16.0,0.029401048190339642,0.9266860194365075,True,False,hypo_siscowet
NC_052347.1:18150721,NC_052347.1,18150721,98.14813333333332,78.927025,-19.22110833333332,3,4,12.0,0.04974599072150299,0.9266860194365075,True,False,hypo_siscowet
NC_052347.1:19206602,NC_052347.1,19206602,98.6842,81.404075,-17.280124999999998,4,4,16.0,0.026518721959430728,0.9266860194365075,True,False,hypo_siscowet
NC_052347.1:19206652,NC_052347.1,19206652,97.850875,82.194625,-15.65625,4,4,16.0,0.029401048190339642,0.9266860194365075,True,False,hypo_siscowet
NC_052347.1:20249950,NC_052347.1,20249950,80.76705,96.96969999999999,16.20264999999999,4,3,0.0,0.04767810313602185,0.9266860194365075,True,False,hyper_siscowet
NC_052348.1:1311542,NC_052348.1,1311542,56.776325,38.5753,-18.201025,4,4,16.0,0.02857142857142857,0.9266860194365075,True,False,hypo_siscowet
NC_052348.1:20045114,NC_052348.1,20045114,65.53033333333333,25.641002500000003,-39.88933083333333,3,4,12.0,0.04767810313602185,0.9266860194365075,True,False,hypo_siscowet
NC_052348.1:20178269,NC_052348.1,20178269,90.44193333333334,75.320525,-15.121408333333335,3,4,12.0,0.04974599072150299,0.9266860194365075,True,False,hypo_siscowet
NC_052348.1:20335556,NC_052348.1,20335556,19.726336666666665,0.0,-19.726336666666665,3,4,12.0,0.03191120476963876,0.9266860194365075,True,False,hypo_siscowet
NC_052348.1:20337434,NC_052348.1,20337434,98.24560000000001,83.17009999999999,-15.07550000000002,3,4,12.0,0.04974599072150299,0.9266860194365075,True,False,hypo_siscowet
NC_052348.1:20377731,NC_052348.1,20377731,68.333325,96.991975,28.658649999999994,4,4,0.0,0.029401048190339642,0.9266860194365075,True,False,hyper_siscowet
NC_052348.1:20434679,NC_052348.1,20434679,63.911449999999995,80.33415,16.4227,4,4,0.0,0.02857142857142857,0.9266860194365075,True,False,hyper_siscowet
NC_052348.1:20618610,NC_052348.1,20618610,82.53413333333333,98.15162500000001,15.61749166666668,3,4,0.0,0.04974599072150299,0.9266860194365075,True,False,hyper_siscowet
NC_052348.1:21136203,NC_052348.1,21136203,100.0,84.44055,-15.559449999999998,3,4,12.0,0.04359664488554136,0.9266860194365075,True,False,hypo_siscowet
NC_052348.1:21137265,NC_052348.1,21137265,48.070166666666665,27.38095,-20.689216666666667,3,4,12.0,0.04767810313602185,0.9266860194365075,True,False,hypo_siscowet
NC_052348.1:22134865,NC_052348.1,22134865,34.3604,5.4629575,-28.897442499999997,3,4,12.0,0.04974599072150299,0.9266860194365075,True,False,hypo_siscowet
NC_052348.1:22135508,NC_052348.1,22135508,40.874075000000005,3.571425,-37.30265000000001,4,4,16.0,0.026518721959430728,0.9266860194365075,True,False,hypo_siscowet
NC_052348.1:22136993,NC_052348.1,22136993,60.93359999999999,76.973675,16.04007500000001,3,4,0.0,0.04974599072150299,0.9266860194365075,True,False,hyper_siscowet
NC_052348.1:22139157,NC_052348.1,22139157,77.43985,93.880275,16.44042499999999,4,4,0.0,0.029401048190339642,0.9266860194365075,True,False,hyper_siscowet
NC_052348.1:22139405,NC_052348.1,22139405,33.132475,6.1580875,-26.9743875,4,4,16.0,0.029401048190339642,0.9266860194365075,True,False,hypo_siscowet
NC_052348.1:22142159,NC_052348.1,22142159,30.24133333333333,7.738099999999999,-22.50323333333333,3,4,12.0,0.04974599072150299,0.9266860194365075,True,False,hypo_siscowet
NC_052348.1:22167979,NC_052348.1,22167979,61.805566666666664,81.88312499999999,20.07755833333333,3,4,0.0,0.04974599072150299,0.9266860194365075,True,False,hyper_siscowet
NC_052348.1:22176702,NC_052348.1,22176702,68.4091,52.987025,-15.422074999999992,4,4,16.0,0.02857142857142857,0.9266860194365075,True,False,hypo_siscowet
NC_052348.1:22177855,NC_052348.1,22177855,80.656025,65.518975,-15.137050000000002,4,4,16.0,0.02857142857142857,0.9266860194365075,True,False,hypo_siscowet
NC_052348.1:22199599,NC_052348.1,22199599,76.71147500000001,60.14875,-16.562725000000007,4,4,16.0,0.02857142857142857,0.9266860194365075,True,False,hypo_siscowet
NC_052348.1:22450734,NC_052348.1,22450734,97.4359,81.600325,-15.835575000000006,3,4,12.0,0.04974599072150299,0.9266860194365075,True,False,hypo_siscowet
NW_024057674.1:1268333,NW_024057674.1,1268333,77.31946666666666,34.5238,-42.795666666666655,3,4,12.0,0.04974599072150299,0.9266860194365075,True,False,hypo_siscowet
NW_024057674.1:1268509,NW_024057674.1,1268509,56.04576666666667,23.75,-32.29576666666667,3,4,12.0,0.04359664488554136,0.9266860194365075,True,False,hypo_siscowet
NW_024057674.1:1287428,NW_024057674.1,1287428,70.899475,92.973825,22.07435000000001,4,4,0.0,0.02857142857142857,0.9266860194365075,True,False,hyper_siscowet
NW_024057674.1:1297926,NW_024057674.1,1297926,53.214275,26.126525,-27.08775,4,4,16.0,0.02857142857142857,0.9266860194365075,True,False,hypo_siscowet
NW_024057674.1:1330443,NW_024057674.1,1330443,59.84375,42.02616666666667,-17.81758333333333,4,3,12.0,0.04974599072150299,0.9266860194365075,True,False,hypo_siscowet
NW_024057674.1:1510199,NW_024057674.1,1510199,87.21170000000001,71.1587,-16.05300000000001,4,4,16.0,0.02857142857142857,0.9266860194365075,True,False,hypo_siscowet
NW_024057674.1:1668934,NW_024057674.1,1668934,93.63635,70.20243333333333,-23.43391666666666,4,3,12.0,0.04974599072150299,0.9266860194365075,True,False,hypo_siscowet
NW_024057674.1:1677488,NW_024057674.1,1677488,53.343075,11.283615000000001,-42.05946,4,4,16.0,0.029401048190339642,0.9266860194365075,True,False,hypo_siscowet
NW_024057674.1:1677787,NW_024057674.1,1677787,74.291725,27.6175275,-46.6741975,4,4,16.0,0.02857142857142857,0.9266860194365075,True,False,hypo_siscowet
NW_024057674.1:1677922,NW_024057674.1,1677922,69.5011,31.636474999999997,-37.864625,4,4,16.0,0.029401048190339642,0.9266860194365075,True,False,hypo_siscowet
NW_024057674.1:410501,NW_024057674.1,410501,73.9556,57.8821,-16.073500000000003,4,4,16.0,0.02857142857142857,0.9266860194365075,True,False,hypo_siscowet
NW_024057674.1:410538,NW_024057674.1,410538,81.08685,61.695,-19.391849999999998,4,4,16.0,0.02857142857142857,0.9266860194365075,True,False,hypo_siscowet
NW_024057674.1:410544,NW_024057674.1,410544,86.87599999999999,62.5552,-24.32079999999999,4,4,16.0,0.02857142857142857,0.9266860194365075,True,False,hypo_siscowet
NW_024057674.1:410601,NW_024057674.1,410601,93.6842,65.10974999999999,-28.574450000000013,4,4,16.0,0.02857142857142857,0.9266860194365075,True,False,hypo_siscowet
NW_024057674.1:410610,NW_024057674.1,410610,94.507575,74.287525,-20.22005,4,4,16.0,0.02857142857142857,0.9266860194365075,True,False,hypo_siscowet
NW_024057674.1:410617,NW_024057674.1,410617,94.5968,78.13125,-16.465550000000007,4,4,16.0,0.02857142857142857,0.9266860194365075,True,False,hypo_siscowet
NW_024057674.1:412265,NW_024057674.1,412265,62.73185,46.389700000000005,-16.342149999999997,4,4,15.5,0.042066412206780826,0.9266860194365075,True,False,hypo_siscowet
NW_024057674.1:488637,NW_024057674.1,488637,16.934036666666668,48.388025,31.45398833333333,3,4,0.0,0.04974599072150299,0.9266860194365075,True,False,hyper_siscowet
NW_024057674.1:488822,NW_024057674.1,488822,30.0,55.420575,25.420575,3,4,0.0,0.04974599072150299,0.9266860194365075,True,False,hyper_siscowet
NW_024057674.1:488917,NW_024057674.1,488917,36.1111,64.315475,28.204375000000006,3,4,0.0,0.04974599072150299,0.9266860194365075,True,False,hyper_siscowet
NW_024057674.1:489125,NW_024057674.1,489125,35.18516666666667,67.073075,31.887908333333336,3,4,0.0,0.04974599072150299,0.9266860194365075,True,False,hyper_siscowet
NW_024057674.1:489196,NW_024057674.1,489196,42.575733333333325,84.162,41.58626666666668,3,4,0.0,0.04974599072150299,0.9266860194365075,True,False,hyper_siscowet
NW_024057674.1:489300,NW_024057674.1,489300,51.35566666666666,91.388875,40.03320833333334,3,4,0.0,0.04974599072150299,0.9266860194365075,True,False,hyper_siscowet
NW_024057674.1:627512,NW_024057674.1,627512,70.75535,54.729875,-16.025475000000007,4,4,16.0,0.02857142857142857,0.9266860194365075,True,False,hypo_siscowet
NW_024057674.1:648653,NW_024057674.1,648653,67.94645,43.25045,-24.695999999999998,4,4,16.0,0.02857142857142857,0.9266860194365075,True,False,hypo_siscowet
NW_024057674.1:648662,NW_024057674.1,648662,61.37955,41.385974999999995,-19.993575000000007,4,4,16.0,0.02857142857142857,0.9266860194365075,True,False,hypo_siscowet
NW_024057674.1:648670,NW_024057674.1,648670,53.985025,35.8685,-18.116525000000003,4,4,16.0,0.02857142857142857,0.9266860194365075,True,False,hypo_siscowet
NW_024057674.1:648679,NW_024057674.1,648679,48.420674999999996,30.615050000000004,-17.805624999999992,4,4,16.0,0.02857142857142857,0.9266860194365075,True,False,hypo_siscowet
NW_024057674.1:674821,NW_024057674.1,674821,46.9474,20.957066666666666,-25.990333333333336,4,3,12.0,0.04974599072150299,0.9266860194365075,True,False,hypo_siscowet
NW_024057674.1:798764,NW_024057674.1,798764,35.122,19.729425000000003,-15.392574999999997,4,4,16.0,0.02857142857142857,0.9266860194365075,True,False,hypo_siscowet
NW_024057674.1:798779,NW_024057674.1,798779,44.753775000000005,25.03355,-19.720225000000003,4,4,16.0,0.02857142857142857,0.9266860194365075,True,False,hypo_siscowet
NW_024057674.1:968861,NW_024057674.1,968861,42.7999,15.90794,-26.89196,4,4,16.0,0.02857142857142857,0.9266860194365075,True,False,hypo_siscowet
NW_024057675.1:318942,NW_024057675.1,318942,97.61903333333333,81.49334999999999,-16.125683333333342,3,4,12.0,0.04974599072150299,0.9266860194365075,True,False,hypo_siscowet
NW_024057675.1:371609,NW_024057675.1,371609,75.233125,91.74574999999999,16.512624999999986,4,4,0.0,0.029401048190339642,0.9266860194365075,True,False,hyper_siscowet
NW_024057705.1:43130,NW_024057705.1,43130,98.0392,77.794175,-20.245025,3,4,12.0,0.04974599072150299,0.9266860194365075,True,False,hypo_siscowet
NW_024057705.1:43164,NW_024057705.1,43164,100.0,83.68405,-16.31595,3,4,12.0,0.04359664488554136,0.9266860194365075,True,False,hypo_siscowet
NW_024057705.1:43166,NW_024057705.1,43166,97.91666666666667,75.57645,-22.340216666666677,3,4,12.0,0.04974599072150299,0.9266860194365075,True,False,hypo_siscowet
NW_024057705.1:43199,NW_024057705.1,43199,98.48483333333333,70.856675,-27.62815833333333,3,4,12.0,0.04974599072150299,0.9266860194365075,True,False,hypo_siscowet
NW_024057712.1:19445,NW_024057712.1,19445,92.09403333333334,68.3601,-23.73393333333334,3,4,12.0,0.04767810313602185,0.9266860194365075,True,False,hypo_siscowet
NW_024057742.1:269657,NW_024057742.1,269657,67.338675,48.868525,-18.470149999999997,4,4,16.0,0.029401048190339642,0.9266860194365075,True,False,hypo_siscowet
NW_024057742.1:269710,NW_024057742.1,269710,54.01675,38.984049999999996,-15.032700000000006,4,4,15.5,0.042066412206780826,0.9266860194365075,True,False,hypo_siscowet
NW_024057742.1:387491,NW_024057742.1,387491,46.974725,26.326927499999996,-20.647797500000003,4,4,16.0,0.02857142857142857,0.9266860194365075,True,False,hypo_siscowet
NW_024057742.1:398783,NW_024057742.1,398783,50.547,33.13205,-17.414949999999997,4,4,16.0,0.02857142857142857,0.9266860194365075,True,False,hypo_siscowet
NW_024057742.1:401706,NW_024057742.1,401706,56.705600000000004,41.441425,-15.264175000000002,4,4,16.0,0.02857142857142857,0.9266860194365075,True,False,hypo_siscowet
NW_024057742.1:402157,NW_024057742.1,402157,28.76735,12.076915,-16.690435,4,4,16.0,0.02857142857142857,0.9266860194365075,True,False,hypo_siscowet
NW_024057744.1:11944,NW_024057744.1,11944,73.52755,90.77266666666667,17.24511666666666,4,3,0.0,0.04974599072150299,0.9266860194365075,True,False,hyper_siscowet
NW_024057744.1:12905,NW_024057744.1,12905,81.162725,57.807925,-23.354799999999997,4,4,16.0,0.029401048190339642,0.9266860194365075,True,False,hypo_siscowet
NW_024057744.1:12911,NW_024057744.1,12911,82.66565,67.0115,-15.654150000000001,4,4,16.0,0.02857142857142857,0.9266860194365075,True,False,hypo_siscowet
NW_024057744.1:13994,NW_024057744.1,13994,49.60995,33.911125,-15.698825,4,4,16.0,0.02857142857142857,0.9266860194365075,True,False,hypo_siscowet
NW_024057744.1:15156,NW_024057744.1,15156,35.065025,19.778975,-15.28605,4,4,16.0,0.02857142857142857,0.9266860194365075,True,False,hypo_siscowet
NW_024057744.1:18546,NW_024057744.1,18546,64.723275,43.385075,-21.3382,4,4,16.0,0.02857142857142857,0.9266860194365075,True,False,hypo_siscowet
NW_024057744.1:18820,NW_024057744.1,18820,59.202799999999996,40.542699999999996,-18.6601,4,4,16.0,0.02857142857142857,0.9266860194365075,True,False,hypo_siscowet
NW_024057744.1:18852,NW_024057744.1,18852,63.9106,46.9456,-16.965000000000003,4,4,16.0,0.02857142857142857,0.9266860194365075,True,False,hypo_siscowet
NW_024057744.1:20013,NW_024057744.1,20013,58.150575,40.6494,-17.501175000000003,4,4,16.0,0.02857142857142857,0.9266860194365075,True,False,hypo_siscowet
NW_024057744.1:20045,NW_024057744.1,20045,64.33805000000001,42.968325,-21.36972500000001,4,4,16.0,0.02857142857142857,0.9266860194365075,True,False,hypo_siscowet
NW_024057744.1:36709,NW_024057744.1,36709,72.9733,57.149125,-15.824174999999997,4,4,16.0,0.02857142857142857,0.9266860194365075,True,False,hypo_siscowet
NW_024057744.1:68076,NW_024057744.1,68076,38.49055,22.832425,-15.658124999999998,4,4,16.0,0.02857142857142857,0.9266860194365075,True,False,hypo_siscowet
NW_024057744.1:74083,NW_024057744.1,74083,78.1593,63.02095,-15.138350000000003,4,4,16.0,0.02857142857142857,0.9266860194365075,True,False,hypo_siscowet
NW_024057744.1:74151,NW_024057744.1,74151,72.378325,53.383025,-18.9953,4,4,16.0,0.02857142857142857,0.9266860194365075,True,False,hypo_siscowet
NW_024057744.1:74185,NW_024057744.1,74185,58.7928,39.504,-19.288800000000002,4,4,16.0,0.02857142857142857,0.9266860194365075,True,False,hypo_siscowet
NW_024057744.1:75311,NW_024057744.1,75311,78.40177500000001,62.96405,-15.437725000000015,4,4,16.0,0.02857142857142857,0.9266860194365075,True,False,hypo_siscowet
NW_024057744.1:75343,NW_024057744.1,75343,71.64195000000001,56.29002499999999,-15.351925000000016,4,4,16.0,0.02857142857142857,0.9266860194365075,True,False,hypo_siscowet
NW_024057744.1:75377,NW_024057744.1,75377,61.6125,46.30885,-15.303649999999998,4,4,16.0,0.02857142857142857,0.9266860194365075,True,False,hypo_siscowet
NW_024057744.1:76503,NW_024057744.1,76503,84.96825,65.205225,-19.763025,4,4,16.0,0.02857142857142857,0.9266860194365075,True,False,hypo_siscowet
NW_024057744.1:76535,NW_024057744.1,76535,77.210275,57.926275,-19.284,4,4,16.0,0.02857142857142857,0.9266860194365075,True,False,hypo_siscowet
NW_024057744.1:76569,NW_024057744.1,76569,62.308575000000005,44.560874999999996,-17.74770000000001,4,4,16.0,0.02857142857142857,0.9266860194365075,True,False,hypo_siscowet
NW_024057745.1:5494,NW_024057745.1,5494,92.36286666666666,76.66477499999999,-15.69809166666667,3,4,12.0,0.04974599072150299,0.9266860194365075,True,False,hypo_siscowet
NW_024057783.1:84422,NW_024057783.1,84422,97.10143333333333,77.8623,-19.239133333333328,3,4,12.0,0.04974599072150299,0.9266860194365075,True,False,hypo_siscowet
NW_024057786.1:183661,NW_024057786.1,183661,79.627975,63.24095,-16.38702500000001,4,4,16.0,0.029401048190339642,0.9266860194365075,True,False,hypo_siscowet
NW_024057786.1:345587,NW_024057786.1,345587,85.52019999999999,66.69765,-18.822549999999993,4,4,16.0,0.02857142857142857,0.9266860194365075,True,False,hypo_siscowet
NW_024057786.1:608203,NW_024057786.1,608203,64.76193333333333,82.376825,17.614891666666665,3,4,0.0,0.04767810313602185,0.9266860194365075,True,False,hyper_siscowet
NW_024057786.1:687483,NW_024057786.1,687483,66.53800000000001,90.497075,23.959074999999984,3,4,0.0,0.04767810313602185,0.9266860194365075,True,False,hyper_siscowet
NW_024057786.1:720431,NW_024057786.1,720431,92.708325,70.2343,-22.474024999999997,4,4,16.0,0.02857142857142857,0.9266860194365075,True,False,hypo_siscowet
NW_024057793.1:16506,NW_024057793.1,16506,51.3483,17.604490000000002,-33.743809999999996,4,4,16.0,0.02857142857142857,0.9266860194365075,True,False,hypo_siscowet
NW_024057793.1:16718,NW_024057793.1,16718,51.163425000000004,21.07485,-30.088575000000002,4,4,16.0,0.02857142857142857,0.9266860194365075,True,False,hypo_siscowet
NW_024057793.1:16752,NW_024057793.1,16752,51.462125,23.5113,-27.950825000000002,4,4,16.0,0.02857142857142857,0.9266860194365075,True,False,hypo_siscowet
NW_024057793.1:16786,NW_024057793.1,16786,53.90985,23.505675,-30.404175,4,4,16.0,0.02857142857142857,0.9266860194365075,True,False,hypo_siscowet
NW_024057793.1:16823,NW_024057793.1,16823,50.150099999999995,20.1108,-30.039299999999994,4,4,16.0,0.02857142857142857,0.9266860194365075,True,False,hypo_siscowet
NW_024057793.1:16918,NW_024057793.1,16918,63.293725,20.711725,-42.582,4,4,16.0,0.02857142857142857,0.9266860194365075,True,False,hypo_siscowet
NW_024057793.1:17065,NW_024057793.1,17065,40.16295,14.4113375,-25.7516125,4,4,16.0,0.02857142857142857,0.9266860194365075,True,False,hypo_siscowet
NW_024057793.1:17075,NW_024057793.1,17075,39.82455,15.7308925,-24.093657500000003,4,4,16.0,0.02857142857142857,0.9266860194365075,True,False,hypo_siscowet
NW_024057793.1:17106,NW_024057793.1,17106,47.263725,14.827485,-32.43624,4,4,16.0,0.02857142857142857,0.9266860194365075,True,False,hypo_siscowet
NW_024057793.1:17152,NW_024057793.1,17152,48.57465,15.793677500000001,-32.7809725,4,4,16.0,0.02857142857142857,0.9266860194365075,True,False,hypo_siscowet
NW_024057793.1:17186,NW_024057793.1,17186,48.5551,16.26377,-32.29133,4,4,16.0,0.02857142857142857,0.9266860194365075,True,False,hypo_siscowet
NW_024057793.1:17223,NW_024057793.1,17223,49.197824999999995,18.241535,-30.956289999999996,4,4,16.0,0.02857142857142857,0.9266860194365075,True,False,hypo_siscowet
NW_024057793.1:17265,NW_024057793.1,17265,52.2459,25.3114,-26.9345,4,4,16.0,0.02857142857142857,0.9266860194365075,True,False,hypo_siscowet
NW_024057793.1:17306,NW_024057793.1,17306,51.9923,30.395574999999997,-21.596725000000003,4,4,16.0,0.02857142857142857,0.9266860194365075,True,False,hypo_siscowet
NW_024057793.1:17318,NW_024057793.1,17318,53.153875,33.47945,-19.674425,4,4,16.0,0.02857142857142857,0.9266860194365075,True,False,hypo_siscowet
NW_024057793.1:17352,NW_024057793.1,17352,50.465275,29.361075,-21.1042,4,4,16.0,0.02857142857142857,0.9266860194365075,True,False,hypo_siscowet
NW_024057793.1:17386,NW_024057793.1,17386,51.984674999999996,29.016650000000002,-22.968024999999994,4,4,16.0,0.02857142857142857,0.9266860194365075,True,False,hypo_siscowet
NW_024057793.1:17423,NW_024057793.1,17423,50.8372,27.5193,-23.3179,4,4,16.0,0.02857142857142857,0.9266860194365075,True,False,hypo_siscowet
NW_024057793.1:17518,NW_024057793.1,17518,56.071725,25.237025000000003,-30.834699999999998,4,4,16.0,0.02857142857142857,0.9266860194365075,True,False,hypo_siscowet
NW_024057793.1:17665,NW_024057793.1,17665,43.949775,15.34875,-28.601025,4,4,16.0,0.02857142857142857,0.9266860194365075,True,False,hypo_siscowet
NW_024057793.1:17675,NW_024057793.1,17675,33.410475000000005,12.702485,-20.707990000000006,4,4,16.0,0.02857142857142857,0.9266860194365075,True,False,hypo_siscowet
NW_024057793.1:17706,NW_024057793.1,17706,45.57215,13.739382500000001,-31.8327675,4,4,16.0,0.02857142857142857,0.9266860194365075,True,False,hypo_siscowet
NW_024057793.1:17752,NW_024057793.1,17752,43.856125,14.866327499999999,-28.9897975,4,4,16.0,0.02857142857142857,0.9266860194365075,True,False,hypo_siscowet
NW_024057793.1:17786,NW_024057793.1,17786,46.012525000000004,15.178985,-30.833540000000003,4,4,16.0,0.02857142857142857,0.9266860194365075,True,False,hypo_siscowet
NW_024057793.1:17823,NW_024057793.1,17823,46.67717499999999,17.871425,-28.805749999999993,4,4,16.0,0.02857142857142857,0.9266860194365075,True,False,hypo_siscowet
NW_024057793.1:17865,NW_024057793.1,17865,48.79745,24.45015,-24.347299999999997,4,4,16.0,0.02857142857142857,0.9266860194365075,True,False,hypo_siscowet
NW_024057793.1:17875,NW_024057793.1,17875,47.097300000000004,24.160175000000002,-22.937125,4,4,16.0,0.02857142857142857,0.9266860194365075,True,False,hypo_siscowet
NW_024057793.1:17906,NW_024057793.1,17906,51.183325,28.691249999999997,-22.492075000000007,4,4,16.0,0.02857142857142857,0.9266860194365075,True,False,hypo_siscowet
NW_024057793.1:17918,NW_024057793.1,17918,48.9431,28.193550000000002,-20.74955,4,4,16.0,0.02857142857142857,0.9266860194365075,True,False,hypo_siscowet
NW_024057793.1:17952,NW_024057793.1,17952,47.905975,28.08255,-19.823424999999997,4,4,16.0,0.02857142857142857,0.9266860194365075,True,False,hypo_siscowet
NW_024057793.1:17986,NW_024057793.1,17986,50.89635,28.194525000000002,-22.701824999999996,4,4,16.0,0.02857142857142857,0.9266860194365075,True,False,hypo_siscowet
NW_024057793.1:18152,NW_024057793.1,18152,39.26715,15.804725,-23.462425000000003,4,4,16.0,0.02857142857142857,0.9266860194365075,True,False,hypo_siscowet
NW_024057793.1:18186,NW_024057793.1,18186,40.962175,15.790975000000001,-25.1712,4,4,16.0,0.02857142857142857,0.9266860194365075,True,False,hypo_siscowet
NW_024057793.1:18223,NW_024057793.1,18223,44.966899999999995,17.6323,-27.334599999999995,4,4,16.0,0.02857142857142857,0.9266860194365075,True,False,hypo_siscowet
NW_024057793.1:18265,NW_024057793.1,18265,48.330200000000005,21.670975,-26.659225000000006,4,4,16.0,0.02857142857142857,0.9266860194365075,True,False,hypo_siscowet
NW_024057793.1:18275,NW_024057793.1,18275,48.260299999999994,23.019025,-25.241274999999995,4,4,16.0,0.02857142857142857,0.9266860194365075,True,False,hypo_siscowet
NW_024057793.1:18306,NW_024057793.1,18306,52.097775,22.400875,-29.6969,4,4,16.0,0.02857142857142857,0.9266860194365075,True,False,hypo_siscowet
NW_024057793.1:18318,NW_024057793.1,18318,58.29385,31.21785,-27.076,4,4,16.0,0.02857142857142857,0.9266860194365075,True,False,hypo_siscowet
NW_024057793.1:18352,NW_024057793.1,18352,47.303174999999996,25.351950000000002,-21.951224999999994,4,4,16.0,0.02857142857142857,0.9266860194365075,True,False,hypo_siscowet
NW_024057793.1:18386,NW_024057793.1,18386,52.019675,25.961249999999996,-26.058425000000003,4,4,16.0,0.02857142857142857,0.9266860194365075,True,False,hypo_siscowet
NW_024057793.1:18423,NW_024057793.1,18423,50.6568,26.927825000000002,-23.728974999999995,4,4,16.0,0.02857142857142857,0.9266860194365075,True,False,hypo_siscowet
NW_024057793.1:18465,NW_024057793.1,18465,52.4599,31.448375,-21.011525,4,4,16.0,0.02857142857142857,0.9266860194365075,True,False,hypo_siscowet
NW_024057793.1:18623,NW_024057793.1,18623,49.225425,28.577800000000003,-20.647624999999998,4,4,16.0,0.02857142857142857,0.9266860194365075,True,False,hypo_siscowet
NW_024057793.1:18644,NW_024057793.1,18644,44.823750000000004,24.656125,-20.167625000000005,4,4,16.0,0.02857142857142857,0.9266860194365075,True,False,hypo_siscowet
NW_024057793.1:18665,NW_024057793.1,18665,45.8021,27.231799999999996,-18.570300000000007,4,4,16.0,0.02857142857142857,0.9266860194365075,True,False,hypo_siscowet
NW_024057793.1:18706,NW_024057793.1,18706,41.6827,23.632975,-18.049725,4,4,16.0,0.02857142857142857,0.9266860194365075,True,False,hypo_siscowet
NW_024057793.1:19833,NW_024057793.1,19833,59.783899999999996,37.968174999999995,-21.815725,4,4,16.0,0.02857142857142857,0.9266860194365075,True,False,hypo_siscowet
NW_024057793.1:20165,NW_024057793.1,20165,29.773149999999998,11.869135,-17.904014999999998,4,4,16.0,0.02857142857142857,0.9266860194365075,True,False,hypo_siscowet
NW_024057793.1:20175,NW_024057793.1,20175,26.3826,9.57534,-16.80726,4,4,16.0,0.02857142857142857,0.9266860194365075,True,False,hypo_siscowet
NW_024057793.1:20183,NW_024057793.1,20183,38.914699999999996,17.8718,-21.042899999999996,4,4,16.0,0.02857142857142857,0.9266860194365075,True,False,hypo_siscowet
NW_024057793.1:20192,NW_024057793.1,20192,40.687575,19.96395,-20.723625000000002,4,4,16.0,0.02857142857142857,0.9266860194365075,True,False,hypo_siscowet
NW_024057793.1:20195,NW_024057793.1,20195,57.098825000000005,31.603949999999998,-25.494875000000008,4,4,16.0,0.02857142857142857,0.9266860194365075,True,False,hypo_siscowet
NW_024057793.1:20233,NW_024057793.1,20233,68.20382500000001,42.9972,-25.20662500000001,4,4,16.0,0.02857142857142857,0.9266860194365075,True,False,hypo_siscowet
NW_024057793.1:20236,NW_024057793.1,20236,69.927025,46.74495,-23.182074999999998,4,4,16.0,0.02857142857142857,0.9266860194365075,True,False,hypo_siscowet
NW_024057793.1:20238,NW_024057793.1,20238,68.904025,49.093725000000006,-19.810299999999998,4,4,16.0,0.02857142857142857,0.9266860194365075,True,False,hypo_siscowet
NW_024057793.1:20289,NW_024057793.1,20289,75.0701,55.8916,-19.1785,4,4,16.0,0.02857142857142857,0.9266860194365075,True,False,hypo_siscowet
NW_024057793.1:20292,NW_024057793.1,20292,78.543975,62.690025,-15.853950000000005,4,4,16.0,0.02857142857142857,0.9266860194365075,True,False,hypo_siscowet
NW_024057793.1:20949,NW_024057793.1,20949,72.087175,55.146674999999995,-16.940500000000007,4,4,16.0,0.02857142857142857,0.9266860194365075,True,False,hypo_siscowet
NW_024057793.1:26830,NW_024057793.1,26830,80.74844999999999,63.26245,-17.48599999999999,4,4,16.0,0.02857142857142857,0.9266860194365075,True,False,hypo_siscowet
NW_024057793.1:26833,NW_024057793.1,26833,82.7696,67.45285,-15.316749999999999,4,4,16.0,0.02857142857142857,0.9266860194365075,True,False,hypo_siscowet
NW_024057793.1:44525,NW_024057793.1,44525,88.5403,69.857475,-18.68282500000001,4,4,16.0,0.02857142857142857,0.9266860194365075,True,False,hypo_siscowet
NW_024057793.1:44535,NW_024057793.1,44535,84.78395,68.513275,-16.27067500000001,4,4,16.0,0.02857142857142857,0.9266860194365075,True,False,hypo_siscowet
NW_024057793.1:44541,NW_024057793.1,44541,91.0745,73.11442500000001,-17.96007499999999,4,4,16.0,0.02857142857142857,0.9266860194365075,True,False,hypo_siscowet
NW_024057793.1:47409,NW_024057793.1,47409,75.4122,59.6123,-15.799900000000001,4,4,16.0,0.02857142857142857,0.9266860194365075,True,False,hypo_siscowet
NW_024057793.1:76027,NW_024057793.1,76027,61.641525,31.61985,-30.021675000000002,4,4,16.0,0.02857142857142857,0.9266860194365075,True,False,hypo_siscowet
NW_024057793.1:76048,NW_024057793.1,76048,63.133,35.739399999999996,-27.393600000000006,4,4,16.0,0.02857142857142857,0.9266860194365075,True,False,hypo_siscowet
NW_024057793.1:76089,NW_024057793.1,76089,63.696225,36.340575,-27.355649999999997,4,4,16.0,0.02857142857142857,0.9266860194365075,True,False,hypo_siscowet
NW_024057793.1:76135,NW_024057793.1,76135,61.121775,33.543375,-27.578400000000002,4,4,16.0,0.02857142857142857,0.9266860194365075,True,False,hypo_siscowet
NW_024057793.1:76208,NW_024057793.1,76208,57.648675,30.263124999999995,-27.385550000000002,4,4,16.0,0.02857142857142857,0.9266860194365075,True,False,hypo_siscowet
NW_024057793.1:76229,NW_024057793.1,76229,54.40245,25.662075,-28.740375,4,4,16.0,0.02857142857142857,0.9266860194365075,True,False,hypo_siscowet
NW_024057793.1:76250,NW_024057793.1,76250,56.27400000000001,36.0701,-20.20390000000001,4,4,16.0,0.02857142857142857,0.9266860194365075,True,False,hypo_siscowet
NW_024057793.1:77557,NW_024057793.1,77557,20.325899999999997,4.97129,-15.354609999999997,4,4,16.0,0.02857142857142857,0.9266860194365075,True,False,hypo_siscowet
NW_024057793.1:77566,NW_024057793.1,77566,46.7832,16.333675,-30.449525,4,4,16.0,0.02857142857142857,0.9266860194365075,True,False,hypo_siscowet
NW_024057793.1:77576,NW_024057793.1,77576,42.258575,14.55964,-27.698935,4,4,16.0,0.02857142857142857,0.9266860194365075,True,False,hypo_siscowet
NW_024057793.1:77584,NW_024057793.1,77584,57.036425,29.7369,-27.299525000000003,4,4,16.0,0.02857142857142857,0.9266860194365075,True,False,hypo_siscowet
NW_024057793.1:77593,NW_024057793.1,77593,57.1956,30.963575,-26.232025,4,4,16.0,0.02857142857142857,0.9266860194365075,True,False,hypo_siscowet
NW_024057793.1:77596,NW_024057793.1,77596,67.8747,47.114775,-20.759925000000003,4,4,16.0,0.02857142857142857,0.9266860194365075,True,False,hypo_siscowet
NW_024057793.1:77634,NW_024057793.1,77634,78.803225,62.460300000000004,-16.342924999999994,4,4,16.0,0.02857142857142857,0.9266860194365075,True,False,hypo_siscowet
NW_024057804.1:55667,NW_024057804.1,55667,96.07843333333334,75.75655,-20.321883333333332,3,4,12.0,0.04974599072150299,0.9266860194365075,True,False,hypo_siscowet
NW_024057804.1:62800,NW_024057804.1,62800,59.32323333333334,27.681775,-31.641458333333343,3,4,12.0,0.04974599072150299,0.9266860194365075,True,False,hypo_siscowet
NW_024057804.1:74001,NW_024057804.1,74001,46.646025,28.473825,-18.1722,4,4,16.0,0.02857142857142857,0.9266860194365075,True,False,hypo_siscowet
NW_024057804.1:74179,NW_024057804.1,74179,56.008775,34.771225,-21.23755,4,4,16.0,0.02857142857142857,0.9266860194365075,True,False,hypo_siscowet
NW_024057805.1:35702,NW_024057805.1,35702,49.61475,65.07855,15.463800000000006,4,4,0.0,0.02857142857142857,0.9266860194365075,True,False,hyper_siscowet
NW_024057805.1:85309,NW_024057805.1,85309,78.310975,93.7548,15.443825000000004,4,4,0.0,0.02857142857142857,0.9266860194365075,True,False,hyper_siscowet
NW_024057809.1:242414,NW_024057809.1,242414,46.96966666666666,27.53035,-19.439316666666663,3,4,12.0,0.04974599072150299,0.9266860194365075,True,False,hypo_siscowet
NW_024057809.1:242436,NW_024057809.1,242436,51.515166666666666,25.4328775,-26.082289166666666,3,4,12.0,0.04974599072150299,0.9266860194365075,True,False,hypo_siscowet
NW_024057817.1:64838,NW_024057817.1,64838,98.48483333333333,82.1047,-16.380133333333333,3,4,12.0,0.04974599072150299,0.9266860194365075,True,False,hypo_siscowet
NW_024057864.1:272417,NW_024057864.1,272417,80.95236666666666,59.270825,-21.68154166666666,3,4,12.0,0.04974599072150299,0.9266860194365075,True,False,hypo_siscowet
NW_024057893.1:49429,NW_024057893.1,49429,78.0754,58.114175,-19.961225,4,4,16.0,0.02857142857142857,0.9266860194365075,True,False,hypo_siscowet
NW_024057893.1:49450,NW_024057893.1,49450,65.224375,44.797,-20.427374999999998,4,4,16.0,0.02857142857142857,0.9266860194365075,True,False,hypo_siscowet
NW_024057893.1:49481,NW_024057893.1,49481,61.8463,35.787775,-26.058524999999996,4,4,16.0,0.02857142857142857,0.9266860194365075,True,False,hypo_siscowet
NW_024057893.1:49491,NW_024057893.1,49491,64.102575,39.633875,-24.4687,4,4,16.0,0.02857142857142857,0.9266860194365075,True,False,hypo_siscowet
NW_024057893.1:49652,NW_024057893.1,49652,71.742775,38.38605,-33.356725,4,4,16.0,0.02857142857142857,0.9266860194365075,True,False,hypo_siscowet
NW_024057893.1:49693,NW_024057893.1,49693,76.32665,46.804874999999996,-29.521775000000005,4,4,16.0,0.02857142857142857,0.9266860194365075,True,False,hypo_siscowet
NW_024057893.1:50124,NW_024057893.1,50124,39.84495,21.7334,-18.111549999999998,4,4,16.0,0.02857142857142857,0.9266860194365075,True,False,hypo_siscowet
NW_024057893.1:50369,NW_024057893.1,50369,26.23655,5.15714,-21.079410000000003,4,4,16.0,0.02857142857142857,0.9266860194365075,True,False,hypo_siscowet
NW_024057893.1:50378,NW_024057893.1,50378,45.834975,14.751925,-31.08305,4,4,16.0,0.02857142857142857,0.9266860194365075,True,False,hypo_siscowet
NW_024057893.1:50388,NW_024057893.1,50388,40.668925,14.4714025,-26.1975225,4,4,16.0,0.02857142857142857,0.9266860194365075,True,False,hypo_siscowet
NW_024057893.1:50396,NW_024057893.1,50396,63.134750000000004,28.799400000000002,-34.335350000000005,4,4,16.0,0.02857142857142857,0.9266860194365075,True,False,hypo_siscowet
NW_024057893.1:50405,NW_024057893.1,50405,68.3847,26.734425,-41.65027499999999,4,4,16.0,0.02857142857142857,0.9266860194365075,True,False,hypo_siscowet
NW_024057893.1:50408,NW_024057893.1,50408,80.157925,48.0784,-32.079525000000004,4,4,16.0,0.02857142857142857,0.9266860194365075,True,False,hypo_siscowet
NW_024057893.1:50446,NW_024057893.1,50446,84.349475,65.175,-19.174475,4,4,16.0,0.02857142857142857,0.9266860194365075,True,False,hypo_siscowet
NW_024057909.1:121644,NW_024057909.1,121644,100.0,78.84845,-21.15155,3,4,12.0,0.04359664488554136,0.9266860194365075,True,False,hypo_siscowet
NW_024057922.1:52689,NW_024057922.1,52689,80.50503333333334,96.33837499999998,15.833341666666641,3,4,0.0,0.04974599072150299,0.9266860194365075,True,False,hyper_siscowet
NW_024057953.1:98257,NW_024057953.1,98257,63.587025,43.919399999999996,-19.667625,4,4,16.0,0.02857142857142857,0.9266860194365075,True,False,hypo_siscowet
NW_024057953.1:98270,NW_024057953.1,98270,71.282825,37.77776666666667,-33.50505833333333,4,3,12.0,0.04974599072150299,0.9266860194365075,True,False,hypo_siscowet
NW_024057953.1:98503,NW_024057953.1,98503,59.630966666666666,24.40475,-35.226216666666666,3,4,12.0,0.04974599072150299,0.9266860194365075,True,False,hypo_siscowet
NW_024057953.1:98577,NW_024057953.1,98577,72.61066666666666,26.461025,-46.14964166666666,3,4,12.0,0.04974599072150299,0.9266860194365075,True,False,hypo_siscowet
NW_024057956.1:49002,NW_024057956.1,49002,21.072850000000003,36.194925,15.122074999999995,4,4,0.0,0.02857142857142857,0.9266860194365075,True,False,hyper_siscowet
NW_024057974.1:18289,NW_024057974.1,18289,32.951366666666665,4.6130925000000005,-28.338274166666665,3,4,12.0,0.04974599072150299,0.9266860194365075,True,False,hypo_siscowet
NW_024057974.1:18344,NW_024057974.1,18344,26.6835,3.6363624999999997,-23.047137499999998,3,4,12.0,0.04974599072150299,0.9266860194365075,True,False,hypo_siscowet
NW_024057974.1:18462,NW_024057974.1,18462,20.797733333333333,0.0,-20.797733333333333,3,4,12.0,0.03191120476963876,0.9266860194365075,True,False,hypo_siscowet
NW_024057974.1:18488,NW_024057974.1,18488,19.63755,2.579365,-17.058185,3,4,12.0,0.04974599072150299,0.9266860194365075,True,False,hypo_siscowet
NW_024057974.1:19006,NW_024057974.1,19006,24.290499999999998,9.108945,-15.181554999999998,3,4,12.0,0.04974599072150299,0.9266860194365075,True,False,hypo_siscowet
NW_024057997.1:179664,NW_024057997.1,179664,53.09525,37.554249999999996,-15.541000000000004,4,4,16.0,0.029401048190339642,0.9266860194365075,True,False,hypo_siscowet
NW_024057997.1:179669,NW_024057997.1,179669,56.785725,38.801825,-17.9839,4,4,16.0,0.029401048190339642,0.9266860194365075,True,False,hypo_siscowet
NW_024057997.1:179713,NW_024057997.1,179713,57.014875,41.019175,-15.995700000000006,4,4,16.0,0.02857142857142857,0.9266860194365075,True,False,hypo_siscowet
NW_024057997.1:179720,NW_024057997.1,179720,62.508300000000006,46.025175,-16.48312500000001,4,4,16.0,0.02857142857142857,0.9266860194365075,True,False,hypo_siscowet
NW_024057997.1:181198,NW_024057997.1,181198,84.007175,66.16615,-17.841025000000002,4,4,16.0,0.02857142857142857,0.9266860194365075,True,False,hypo_siscowet
NW_024057997.1:299960,NW_024057997.1,299960,58.925533333333334,39.285700000000006,-19.63983333333333,3,4,12.0,0.04767810313602185,0.9266860194365075,True,False,hypo_siscowet
NW_024057997.1:302977,NW_024057997.1,302977,80.9889,47.714275,-33.274625,3,4,12.0,0.04974599072150299,0.9266860194365075,True,False,hypo_siscowet
NW_024057997.1:312959,NW_024057997.1,312959,100.0,71.528375,-28.471625000000003,3,4,12.0,0.04359664488554136,0.9266860194365075,True,False,hypo_siscowet
NW_024057997.1:312992,NW_024057997.1,312992,100.0,80.513425,-19.486575000000002,3,4,12.0,0.04359664488554136,0.9266860194365075,True,False,hypo_siscowet
NW_024057997.1:313006,NW_024057997.1,313006,100.0,84.97380000000001,-15.026199999999989,3,4,12.0,0.04359664488554136,0.9266860194365075,True,False,hypo_siscowet
NW_024057997.1:317462,NW_024057997.1,317462,47.48950000000001,19.536925,-27.952575000000007,4,4,16.0,0.02857142857142857,0.9266860194365075,True,False,hypo_siscowet
NW_024057997.1:317599,NW_024057997.1,317599,57.567425,27.319975,-30.24745,4,4,16.0,0.02857142857142857,0.9266860194365075,True,False,hypo_siscowet
NW_024057997.1:317616,NW_024057997.1,317616,52.335175,17.5039375,-34.8312375,4,4,16.0,0.029401048190339642,0.9266860194365075,True,False,hypo_siscowet
NW_024057997.1:317681,NW_024057997.1,317681,64.70235000000001,27.11005,-37.59230000000001,4,4,16.0,0.02857142857142857,0.9266860194365075,True,False,hypo_siscowet
NW_024057997.1:317737,NW_024057997.1,317737,62.76455,28.58995,-34.1746,4,4,16.0,0.02857142857142857,0.9266860194365075,True,False,hypo_siscowet
NW_024057997.1:317849,NW_024057997.1,317849,67.314825,35.641175000000004,-31.673649999999995,4,4,16.0,0.02857142857142857,0.9266860194365075,True,False,hypo_siscowet
NW_024057997.1:346676,NW_024057997.1,346676,28.712125,8.5498775,-20.1622475,4,4,16.0,0.029401048190339642,0.9266860194365075,True,False,hypo_siscowet
NW_024057997.1:346746,NW_024057997.1,346746,26.103475,10.522982500000001,-15.580492499999998,4,4,16.0,0.02857142857142857,0.9266860194365075,True,False,hypo_siscowet
NW_024057997.1:346849,NW_024057997.1,346849,30.982150000000004,15.4175,-15.564650000000004,4,4,15.5,0.042066412206780826,0.9266860194365075,True,False,hypo_siscowet
NW_024057997.1:346884,NW_024057997.1,346884,41.653475,19.59775,-22.055725,4,4,16.0,0.02857142857142857,0.9266860194365075,True,False,hypo_siscowet
NW_024057997.1:346942,NW_024057997.1,346942,37.8799,19.196575000000003,-18.683324999999996,4,4,16.0,0.02857142857142857,0.9266860194365075,True,False,hypo_siscowet
NW_024057997.1:346972,NW_024057997.1,346972,37.826575,21.832375000000003,-15.994199999999996,4,4,16.0,0.02857142857142857,0.9266860194365075,True,False,hypo_siscowet
NW_024057997.1:347029,NW_024057997.1,347029,43.320425,22.482275,-20.83815,4,4,16.0,0.02857142857142857,0.9266860194365075,True,False,hypo_siscowet
NW_024057997.1:347520,NW_024057997.1,347520,81.912875,55.98975,-25.923125,4,4,16.0,0.02857142857142857,0.9266860194365075,True,False,hypo_siscowet
NW_024057997.1:347564,NW_024057997.1,347564,85.555575,65.440775,-20.114800000000002,4,4,16.0,0.029401048190339642,0.9266860194365075,True,False,hypo_siscowet
NW_024057997.1:347641,NW_024057997.1,347641,83.05215,61.83605,-21.216099999999997,4,4,16.0,0.02857142857142857,0.9266860194365075,True,False,hypo_siscowet
NW_024057997.1:347999,NW_024057997.1,347999,42.302875,26.773427499999997,-15.529447500000003,4,4,16.0,0.02857142857142857,0.9266860194365075,True,False,hypo_siscowet
NW_024057997.1:348010,NW_024057997.1,348010,42.1815,26.64875,-15.53275,4,4,16.0,0.02857142857142857,0.9266860194365075,True,False,hypo_siscowet
NW_024058012.1:43159,NW_024058012.1,43159,98.14813333333332,83.010975,-15.137158333333318,3,4,12.0,0.04974599072150299,0.9266860194365075,True,False,hypo_siscowet
NW_024058024.1:17988,NW_024058024.1,17988,85.0168,67.11240000000001,-17.904399999999995,3,4,12.0,0.04974599072150299,0.9266860194365075,True,False,hypo_siscowet
NW_024058024.1:35908,NW_024058024.1,35908,59.850300000000004,28.946225000000002,-30.904075000000002,4,4,16.0,0.02857142857142857,0.9266860194365075,True,False,hypo_siscowet
NW_024058024.1:36108,NW_024058024.1,36108,61.779849999999996,28.720075,-33.059774999999995,4,4,16.0,0.02857142857142857,0.9266860194365075,True,False,hypo_siscowet
NW_024058024.1:36187,NW_024058024.1,36187,61.572575,33.515525,-28.057050000000004,4,4,16.0,0.02857142857142857,0.9266860194365075,True,False,hypo_siscowet
NW_024058024.1:36221,NW_024058024.1,36221,57.3249,32.091575,-25.233325,4,4,16.0,0.02857142857142857,0.9266860194365075,True,False,hypo_siscowet
NW_024058024.1:36267,NW_024058024.1,36267,63.850425,29.94155,-33.908875,4,4,16.0,0.029401048190339642,0.9266860194365075,True,False,hypo_siscowet
NW_024058024.1:36467,NW_024058024.1,36467,70.558975,45.58735,-24.971625000000003,4,4,16.0,0.02857142857142857,0.9266860194365075,True,False,hypo_siscowet
NW_024058024.1:36508,NW_024058024.1,36508,65.087025,38.795100000000005,-26.291924999999992,4,4,16.0,0.02857142857142857,0.9266860194365075,True,False,hypo_siscowet
NW_024058024.1:36550,NW_024058024.1,36550,60.368825,35.215424999999996,-25.153400000000005,4,4,16.0,0.02857142857142857,0.9266860194365075,True,False,hypo_siscowet
NW_024058024.1:36587,NW_024058024.1,36587,60.39925,34.67365,-25.7256,4,4,16.0,0.02857142857142857,0.9266860194365075,True,False,hypo_siscowet
NW_024058024.1:36621,NW_024058024.1,36621,61.759125,31.3941,-30.365024999999996,4,4,16.0,0.02857142857142857,0.9266860194365075,True,False,hypo_siscowet
NW_024058024.1:36728,NW_024058024.1,36728,52.7863,23.63565,-29.15065,4,4,16.0,0.02857142857142857,0.9266860194365075,True,False,hypo_siscowet
NW_024058024.1:36769,NW_024058024.1,36769,49.7597,19.811925000000002,-29.947775,4,4,16.0,0.02857142857142857,0.9266860194365075,True,False,hypo_siscowet
NW_024058024.1:36927,NW_024058024.1,36927,78.623575,50.03937500000001,-28.584199999999996,4,4,16.0,0.02857142857142857,0.9266860194365075,True,False,hypo_siscowet
NW_024058024.1:36968,NW_024058024.1,36968,87.823025,67.7619,-20.061125000000004,4,4,16.0,0.02857142857142857,0.9266860194365075,True,False,hypo_siscowet
NW_024058024.1:37010,NW_024058024.1,37010,81.059025,64.07785,-16.981175000000007,4,4,16.0,0.02857142857142857,0.9266860194365075,True,False,hypo_siscowet
NW_024058024.1:37113,NW_024058024.1,37113,72.6275,52.54070000000001,-20.08679999999999,4,4,16.0,0.02857142857142857,0.9266860194365075,True,False,hypo_siscowet
NW_024058024.1:37154,NW_024058024.1,37154,65.706925,48.047850000000004,-17.659074999999994,4,4,16.0,0.02857142857142857,0.9266860194365075,True,False,hypo_siscowet
NW_024058024.1:37356,NW_024058024.1,37356,50.626574999999995,34.87875,-15.747824999999999,4,4,16.0,0.02857142857142857,0.9266860194365075,True,False,hypo_siscowet
NW_024058024.1:37541,NW_024058024.1,37541,67.988875,35.4663,-32.522574999999996,4,4,16.0,0.02857142857142857,0.9266860194365075,True,False,hypo_siscowet
NW_024058024.1:37583,NW_024058024.1,37583,62.148825,34.8515,-27.297325,4,4,16.0,0.02857142857142857,0.9266860194365075,True,False,hypo_siscowet
NW_024058024.1:37700,NW_024058024.1,37700,56.785700000000006,36.380525,-20.405175000000007,4,4,16.0,0.02857142857142857,0.9266860194365075,True,False,hypo_siscowet
NW_024058024.1:37741,NW_024058024.1,37741,52.429375,29.1508,-23.278575,4,4,16.0,0.02857142857142857,0.9266860194365075,True,False,hypo_siscowet
NW_024058024.1:37783,NW_024058024.1,37783,62.776849999999996,36.071149999999996,-26.7057,4,4,16.0,0.02857142857142857,0.9266860194365075,True,False,hypo_siscowet
NW_024058024.1:37854,NW_024058024.1,37854,73.10215000000001,41.577675,-31.52447500000001,4,4,16.0,0.02857142857142857,0.9266860194365075,True,False,hypo_siscowet
NW_024058024.1:37983,NW_024058024.1,37983,67.4336,33.339425,-34.094175,4,4,16.0,0.02857142857142857,0.9266860194365075,True,False,hypo_siscowet
NW_024058024.1:38020,NW_024058024.1,38020,65.843875,33.6783,-32.165575,4,4,16.0,0.02857142857142857,0.9266860194365075,True,False,hypo_siscowet
NW_024058024.1:38054,NW_024058024.1,38054,66.202675,31.650925,-34.55175,4,4,16.0,0.02857142857142857,0.9266860194365075,True,False,hypo_siscowet
NW_024058024.1:38100,NW_024058024.1,38100,65.27244999999999,32.098025,-33.17442499999999,4,4,16.0,0.02857142857142857,0.9266860194365075,True,False,hypo_siscowet
NW_024058024.1:38141,NW_024058024.1,38141,63.4336,30.8989,-32.5347,4,4,16.0,0.02857142857142857,0.9266860194365075,True,False,hypo_siscowet
NW_024058024.1:38183,NW_024058024.1,38183,67.287375,38.58445,-28.702925,4,4,16.0,0.02857142857142857,0.9266860194365075,True,False,hypo_siscowet
NW_024058024.1:38220,NW_024058024.1,38220,69.8403,44.1687,-25.671599999999998,4,4,16.0,0.02857142857142857,0.9266860194365075,True,False,hypo_siscowet
NW_024058024.1:38254,NW_024058024.1,38254,71.953075,41.534475,-30.418599999999998,4,4,16.0,0.02857142857142857,0.9266860194365075,True,False,hypo_siscowet
NW_024058024.1:38300,NW_024058024.1,38300,74.5768,38.665549999999996,-35.91125000000001,4,4,16.0,0.02857142857142857,0.9266860194365075,True,False,hypo_siscowet
NW_024058024.1:38341,NW_024058024.1,38341,66.334725,32.92445,-33.410275000000006,4,4,16.0,0.02857142857142857,0.9266860194365075,True,False,hypo_siscowet
NW_024058024.1:38383,NW_024058024.1,38383,62.128,30.6848,-31.4432,4,4,16.0,0.02857142857142857,0.9266860194365075,True,False,hypo_siscowet
NW_024058024.1:38420,NW_024058024.1,38420,65.998875,31.276049999999998,-34.722825,4,4,16.0,0.02857142857142857,0.9266860194365075,True,False,hypo_siscowet
NW_024058024.1:38454,NW_024058024.1,38454,60.912800000000004,30.8861,-30.026700000000005,4,4,16.0,0.02857142857142857,0.9266860194365075,True,False,hypo_siscowet
NW_024058024.1:38620,NW_024058024.1,38620,56.515,28.820075,-27.694925,4,4,16.0,0.02857142857142857,0.9266860194365075,True,False,hypo_siscowet
NW_024058024.1:38654,NW_024058024.1,38654,58.635825,29.2269,-29.408924999999996,4,4,16.0,0.02857142857142857,0.9266860194365075,True,False,hypo_siscowet
NW_024058024.1:38741,NW_024058024.1,38741,57.490425,28.76555,-28.724875,4,4,16.0,0.02857142857142857,0.9266860194365075,True,False,hypo_siscowet
NW_024058024.1:38783,NW_024058024.1,38783,60.35985,35.557825,-24.802025,4,4,16.0,0.02857142857142857,0.9266860194365075,True,False,hypo_siscowet
NW_024058024.1:38900,NW_024058024.1,38900,70.0,36.09635,-33.90365,4,4,16.0,0.029401048190339642,0.9266860194365075,True,False,hypo_siscowet
NW_024058024.1:38984,NW_024058024.1,38984,66.396125,30.358024999999998,-36.0381,4,4,16.0,0.02857142857142857,0.9266860194365075,True,False,hypo_siscowet
NW_024058024.1:39184,NW_024058024.1,39184,64.11695,37.846424999999996,-26.270525000000006,4,4,16.0,0.02857142857142857,0.9266860194365075,True,False,hypo_siscowet
NW_024058024.1:39255,NW_024058024.1,39255,63.89557500000001,39.533525,-24.36205000000001,4,4,16.0,0.02857142857142857,0.9266860194365075,True,False,hypo_siscowet
NW_024058024.1:39301,NW_024058024.1,39301,62.17895,37.08495,-25.094,4,4,16.0,0.02857142857142857,0.9266860194365075,True,False,hypo_siscowet
NW_024058024.1:39342,NW_024058024.1,39342,59.4788,33.479325,-25.999474999999997,4,4,16.0,0.02857142857142857,0.9266860194365075,True,False,hypo_siscowet
NW_024058024.1:39421,NW_024058024.1,39421,57.224025,32.32205,-24.901975,4,4,16.0,0.02857142857142857,0.9266860194365075,True,False,hypo_siscowet
NW_024058024.1:39501,NW_024058024.1,39501,52.611900000000006,28.577625,-24.034275000000004,4,4,16.0,0.02857142857142857,0.9266860194365075,True,False,hypo_siscowet
NW_024058024.1:39819,NW_024058024.1,39819,65.91396666666667,33.777375,-32.13659166666667,3,4,12.0,0.04974599072150299,0.9266860194365075,True,False,hypo_siscowet
NW_024058024.1:39941,NW_024058024.1,39941,59.243925,30.475125,-28.7688,4,4,16.0,0.02857142857142857,0.9266860194365075,True,False,hypo_siscowet
NW_024058024.1:40100,NW_024058024.1,40100,60.800875,32.881175,-27.9197,4,4,16.0,0.02857142857142857,0.9266860194365075,True,False,hypo_siscowet
NW_024058024.1:40183,NW_024058024.1,40183,58.001825000000004,30.549999999999997,-27.451825000000007,4,4,16.0,0.02857142857142857,0.9266860194365075,True,False,hypo_siscowet
NW_024058024.1:41020,NW_024058024.1,41020,61.6921,38.21662499999999,-23.47547500000001,3,4,12.0,0.04974599072150299,0.9266860194365075,True,False,hypo_siscowet
NW_024058024.1:41161,NW_024058024.1,41161,54.444433333333336,33.4686,-20.975833333333334,3,4,12.0,0.04974599072150299,0.9266860194365075,True,False,hypo_siscowet
NW_024058024.1:41401,NW_024058024.1,41401,83.33333333333333,66.04797500000001,-17.28535833333332,3,4,12.0,0.04974599072150299,0.9266860194365075,True,False,hypo_siscowet
NW_024058031.1:102448,NW_024058031.1,102448,38.162366666666664,54.423100000000005,16.26073333333334,3,4,0.0,0.04974599072150299,0.9266860194365075,True,False,hyper_siscowet
NW_024058031.1:102975,NW_024058031.1,102975,42.6711,61.5404,18.869299999999996,4,4,0.0,0.029401048190339642,0.9266860194365075,True,False,hyper_siscowet
NW_024058031.1:62155,NW_024058031.1,62155,57.65385,34.510375,-23.143474999999995,4,4,16.0,0.02857142857142857,0.9266860194365075,True,False,hypo_siscowet
NW_024058031.1:62695,NW_024058031.1,62695,62.977275000000006,41.277425,-21.699850000000005,4,4,16.0,0.02857142857142857,0.9266860194365075,True,False,hypo_siscowet
NW_024058031.1:62870,NW_024058031.1,62870,32.639625,16.677675,-15.961950000000002,4,4,16.0,0.02857142857142857,0.9266860194365075,True,False,hypo_siscowet
NW_024058031.1:62911,NW_024058031.1,62911,35.245375,16.2957,-18.949675000000003,4,4,16.0,0.02857142857142857,0.9266860194365075,True,False,hypo_siscowet
NW_024058031.1:62953,NW_024058031.1,62953,37.507774999999995,15.639225,-21.868549999999995,4,4,16.0,0.02857142857142857,0.9266860194365075,True,False,hypo_siscowet
NW_024058031.1:62990,NW_024058031.1,62990,45.269625,19.843474999999998,-25.42615,4,4,16.0,0.02857142857142857,0.9266860194365075,True,False,hypo_siscowet
NW_024058031.1:63024,NW_024058031.1,63024,41.913774999999994,22.958875000000003,-18.95489999999999,4,4,16.0,0.02857142857142857,0.9266860194365075,True,False,hypo_siscowet
NW_024058031.1:63069,NW_024058031.1,63069,51.949675,28.337325000000003,-23.612349999999996,4,4,16.0,0.02857142857142857,0.9266860194365075,True,False,hypo_siscowet
NW_024058031.1:63110,NW_024058031.1,63110,59.84015,41.543625,-18.296525000000003,4,4,16.0,0.02857142857142857,0.9266860194365075,True,False,hypo_siscowet
NW_024058031.1:63152,NW_024058031.1,63152,57.66985,37.08605,-20.583799999999997,4,4,16.0,0.02857142857142857,0.9266860194365075,True,False,hypo_siscowet
NW_024058031.1:63208,NW_024058031.1,63208,57.3545,36.50075,-20.853750000000005,4,4,16.0,0.02857142857142857,0.9266860194365075,True,False,hypo_siscowet
NW_024058031.1:63296,NW_024058031.1,63296,47.956500000000005,27.699424999999998,-20.257075000000007,4,4,16.0,0.02857142857142857,0.9266860194365075,True,False,hypo_siscowet
NW_024058031.1:63338,NW_024058031.1,63338,40.993050000000004,21.925125,-19.067925000000002,4,4,16.0,0.02857142857142857,0.9266860194365075,True,False,hypo_siscowet
NW_024058031.1:63411,NW_024058031.1,63411,30.036450000000002,11.09645,-18.94,4,4,16.0,0.02857142857142857,0.9266860194365075,True,False,hypo_siscowet
NW_024058038.1:22713,NW_024058038.1,22713,56.412625000000006,74.77699999999999,18.36437499999998,4,4,0.0,0.02857142857142857,0.9266860194365075,True,False,hyper_siscowet
NW_024058038.1:22888,NW_024058038.1,22888,62.78785,80.78025,17.992399999999996,4,4,0.0,0.02857142857142857,0.9266860194365075,True,False,hyper_siscowet
NW_024058038.1:40535,NW_024058038.1,40535,82.477975,61.387775000000005,-21.090199999999996,4,4,15.5,0.042066412206780826,0.9266860194365075,True,False,hypo_siscowet
NW_024058038.1:40557,NW_024058038.1,40557,82.59185,62.731475,-19.86037499999999,4,4,16.0,0.029401048190339642,0.9266860194365075,True,False,hypo_siscowet
NW_024058038.1:40932,NW_024058038.1,40932,91.77487500000001,76.645825,-15.129050000000007,4,4,16.0,0.02857142857142857,0.9266860194365075,True,False,hypo_siscowet
NW_024058040.1:15024,NW_024058040.1,15024,77.86352500000001,59.369150000000005,-18.494375000000005,4,4,16.0,0.02857142857142857,0.9266860194365075,True,False,hypo_siscowet
NW_024058040.1:20530,NW_024058040.1,20530,28.965525,45.61555,16.650025,4,4,0.0,0.02857142857142857,0.9266860194365075,True,False,hyper_siscowet
NW_024058040.1:61441,NW_024058040.1,61441,59.84686666666667,37.0,-22.84686666666667,3,4,12.0,0.04974599072150299,0.9266860194365075,True,False,hypo_siscowet
NW_024058040.1:65366,NW_024058040.1,65366,83.0314,98.863625,15.832224999999994,3,4,0.0,0.04359664488554136,0.9266860194365075,True,False,hyper_siscowet
NW_024058049.1:19137,NW_024058049.1,19137,83.516625,67.7475,-15.769125000000003,4,4,16.0,0.02857142857142857,0.9266860194365075,True,False,hypo_siscowet
NW_024058049.1:61473,NW_024058049.1,61473,96.49123333333334,75.0701,-21.421133333333344,3,4,12.0,0.04974599072150299,0.9266860194365075,True,False,hypo_siscowet
NW_024058055.1:21129,NW_024058055.1,21129,99.10715,78.91627500000001,-20.19087499999999,4,4,16.0,0.026518721959430728,0.9266860194365075,True,False,hypo_siscowet
NW_024058055.1:21263,NW_024058055.1,21263,96.39595,78.89165,-17.5043,4,4,16.0,0.02857142857142857,0.9266860194365075,True,False,hypo_siscowet
NW_024058055.1:21289,NW_024058055.1,21289,95.62645,76.14425,-19.482200000000006,4,4,16.0,0.02857142857142857,0.9266860194365075,True,False,hypo_siscowet
NW_024058055.1:21297,NW_024058055.1,21297,93.122325,72.739,-20.383325,4,4,16.0,0.02857142857142857,0.9266860194365075,True,False,hypo_siscowet
NW_024058055.1:21321,NW_024058055.1,21321,92.99940000000001,72.2166,-20.78280000000001,4,4,16.0,0.02857142857142857,0.9266860194365075,True,False,hypo_siscowet
NW_024058055.1:21373,NW_024058055.1,21373,89.60520000000001,69.89965,-19.705550000000017,4,4,16.0,0.02857142857142857,0.9266860194365075,True,False,hypo_siscowet
NW_024058055.1:21375,NW_024058055.1,21375,96.318175,78.5361,-17.782074999999992,4,4,16.0,0.029401048190339642,0.9266860194365075,True,False,hypo_siscowet
NW_024058055.1:21389,NW_024058055.1,21389,94.83995,73.5109,-21.329049999999995,4,4,16.0,0.02857142857142857,0.9266860194365075,True,False,hypo_siscowet
NW_024058055.1:21399,NW_024058055.1,21399,92.97617500000001,73.0414,-19.934775000000016,4,4,16.0,0.02857142857142857,0.9266860194365075,True,False,hypo_siscowet
NW_024058055.1:21402,NW_024058055.1,21402,94.202875,72.62755,-21.575325000000007,4,4,16.0,0.02857142857142857,0.9266860194365075,True,False,hypo_siscowet
NW_024058055.1:21407,NW_024058055.1,21407,93.713875,69.620025,-24.093850000000003,4,4,16.0,0.02857142857142857,0.9266860194365075,True,False,hypo_siscowet
NW_024058055.1:21448,NW_024058055.1,21448,89.7088,68.663675,-21.045125,4,4,16.0,0.02857142857142857,0.9266860194365075,True,False,hypo_siscowet
NW_024058055.1:21450,NW_024058055.1,21450,87.7904,67.168225,-20.622175,4,4,16.0,0.029401048190339642,0.9266860194365075,True,False,hypo_siscowet
NW_024058055.1:21454,NW_024058055.1,21454,91.592175,68.0576,-23.534575000000004,4,4,16.0,0.029401048190339642,0.9266860194365075,True,False,hypo_siscowet
NW_024058055.1:21460,NW_024058055.1,21460,91.770025,68.55527500000001,-23.214749999999995,4,4,16.0,0.02857142857142857,0.9266860194365075,True,False,hypo_siscowet
NW_024058055.1:21465,NW_024058055.1,21465,87.34547500000001,64.395675,-22.94980000000001,4,4,16.0,0.02857142857142857,0.9266860194365075,True,False,hypo_siscowet
NW_024058055.1:21473,NW_024058055.1,21473,79.36185,61.519675,-17.842175000000005,4,4,16.0,0.02857142857142857,0.9266860194365075,True,False,hypo_siscowet
NW_024058067.1:4092,NW_024058067.1,4092,89.26463333333334,67.726625,-21.538008333333337,3,4,12.0,0.04974599072150299,0.9266860194365075,True,False,hypo_siscowet
NW_024058073.1:3346,NW_024058073.1,3346,98.33333333333333,82.569425,-15.763908333333333,3,4,12.0,0.04974599072150299,0.9266860194365075,True,False,hypo_siscowet
NW_024058073.1:3931,NW_024058073.1,3931,97.91666666666667,82.3615,-15.555166666666665,3,4,12.0,0.04974599072150299,0.9266860194365075,True,False,hypo_siscowet
NW_024058075.1:19743,NW_024058075.1,19743,46.477475,68.05556666666666,21.578091666666666,4,3,0.0,0.04974599072150299,0.9266860194365075,True,False,hyper_siscowet
NW_024058075.1:201343,NW_024058075.1,201343,83.95615000000001,61.766575,-22.189575000000005,4,4,16.0,0.02857142857142857,0.9266860194365075,True,False,hypo_siscowet
NW_024058075.1:202869,NW_024058075.1,202869,84.334525,68.12225000000001,-16.21227499999999,4,4,16.0,0.02857142857142857,0.9266860194365075,True,False,hypo_siscowet
NW_024058075.1:204857,NW_024058075.1,204857,82.844025,67.36752499999999,-15.476500000000016,4,4,16.0,0.02857142857142857,0.9266860194365075,True,False,hypo_siscowet
NW_024058075.1:204950,NW_024058075.1,204950,83.90995,60.446075,-23.463874999999994,4,4,16.0,0.02857142857142857,0.9266860194365075,True,False,hypo_siscowet
NW_024058075.1:205071,NW_024058075.1,205071,89.931675,70.50205,-19.429625,4,4,16.0,0.02857142857142857,0.9266860194365075,True,False,hypo_siscowet
NW_024058119.1:205570,NW_024058119.1,205570,98.333325,73.48904999999999,-24.84427500000001,4,4,16.0,0.026518721959430728,0.9266860194365075,True,False,hypo_siscowet
NW_024058119.1:214184,NW_024058119.1,214184,47.626425000000005,8.70535,-38.921075,4,4,16.0,0.029401048190339642,0.9266860194365075,True,False,hypo_siscowet
NW_024058119.1:214210,NW_024058119.1,214210,52.7453,8.08425,-44.66105,4,4,16.0,0.029401048190339642,0.9266860194365075,True,False,hypo_siscowet
NW_024058119.1:214240,NW_024058119.1,214240,54.93255,10.135629999999999,-44.79692,4,4,16.0,0.02857142857142857,0.9266860194365075,True,False,hypo_siscowet
NW_024058119.1:214261,NW_024058119.1,214261,63.168825000000005,12.587275,-50.58155000000001,4,4,16.0,0.02857142857142857,0.9266860194365075,True,False,hypo_siscowet
NW_024058119.1:214285,NW_024058119.1,214285,69.4097,13.055850000000001,-56.35385,4,4,16.0,0.02857142857142857,0.9266860194365075,True,False,hypo_siscowet
NW_024058119.1:214311,NW_024058119.1,214311,69.82765,13.926575,-55.901075000000006,4,4,16.0,0.02857142857142857,0.9266860194365075,True,False,hypo_siscowet
NW_024058119.1:214327,NW_024058119.1,214327,74.635075,18.9394,-55.695675,4,4,16.0,0.02857142857142857,0.9266860194365075,True,False,hypo_siscowet
NW_024058119.1:214339,NW_024058119.1,214339,70.882775,17.610625,-53.272149999999996,4,4,16.0,0.02857142857142857,0.9266860194365075,True,False,hypo_siscowet
NW_024058119.1:214352,NW_024058119.1,214352,76.10567499999999,20.98745,-55.118224999999995,4,4,16.0,0.02857142857142857,0.9266860194365075,True,False,hypo_siscowet
NW_024058119.1:214403,NW_024058119.1,214403,80.28022499999999,24.719199999999997,-55.56102499999999,4,4,16.0,0.02857142857142857,0.9266860194365075,True,False,hypo_siscowet
NW_024058119.1:214415,NW_024058119.1,214415,77.5463,31.355324999999997,-46.19097500000001,4,4,16.0,0.02857142857142857,0.9266860194365075,True,False,hypo_siscowet
NW_024058119.1:214471,NW_024058119.1,214471,77.02869999999999,36.8374,-40.191299999999984,4,4,16.0,0.02857142857142857,0.9266860194365075,True,False,hypo_siscowet
NW_024058119.1:214497,NW_024058119.1,214497,77.51837499999999,36.96615,-40.55222499999999,4,4,16.0,0.02857142857142857,0.9266860194365075,True,False,hypo_siscowet
NW_024058119.1:214500,NW_024058119.1,214500,79.01535000000001,42.1586,-36.85675000000001,4,4,16.0,0.02857142857142857,0.9266860194365075,True,False,hypo_siscowet
NW_024058119.1:63971,NW_024058119.1,63971,68.6869,88.3559,19.66900000000001,3,4,0.0,0.04974599072150299,0.9266860194365075,True,False,hyper_siscowet
NW_024058131.1:48072,NW_024058131.1,48072,15.29137,0.0,-15.29137,3,4,12.0,0.03191120476963876,0.9266860194365075,True,False,hypo_siscowet
NW_024058146.1:23420,NW_024058146.1,23420,60.62270000000001,33.854150000000004,-26.768550000000005,3,4,12.0,0.04974599072150299,0.9266860194365075,True,False,hypo_siscowet
NW_024058153.1:135187,NW_024058153.1,135187,28.9425,12.506229999999999,-16.43627,4,4,16.0,0.02857142857142857,0.9266860194365075,True,False,hypo_siscowet
NW_024058153.1:135203,NW_024058153.1,135203,39.492450000000005,24.444433333333336,-15.048016666666669,4,3,12.0,0.04974599072150299,0.9266860194365075,True,False,hypo_siscowet
NW_024058153.1:139517,NW_024058153.1,139517,79.6749,46.8697575,-32.805142499999995,4,4,16.0,0.02857142857142857,0.9266860194365075,True,False,hypo_siscowet
NW_024058158.1:17215,NW_024058158.1,17215,26.284675,9.6281375,-16.6565375,4,4,16.0,0.02857142857142857,0.9266860194365075,True,False,hypo_siscowet
NW_024058158.1:17238,NW_024058158.1,17238,24.485125,7.2652,-17.219925,4,4,16.0,0.02857142857142857,0.9266860194365075,True,False,hypo_siscowet
NW_024058159.1:21726,NW_024058159.1,21726,90.67765,64.702375,-25.975274999999996,4,4,16.0,0.02857142857142857,0.9266860194365075,True,False,hypo_siscowet
NW_024058159.1:21786,NW_024058159.1,21786,87.4958,52.877050000000004,-34.61875,4,4,16.0,0.02857142857142857,0.9266860194365075,True,False,hypo_siscowet
NW_024058159.1:21799,NW_024058159.1,21799,92.927625,61.335474999999995,-31.59215000000001,4,4,16.0,0.029401048190339642,0.9266860194365075,True,False,hypo_siscowet
NW_024058166.1:51925,NW_024058166.1,51925,81.84476666666666,96.964275,15.119508333333343,3,4,0.0,0.04974599072150299,0.9266860194365075,True,False,hyper_siscowet
NW_024058169.1:6877,NW_024058169.1,6877,37.521366666666665,20.431975,-17.089391666666664,3,4,12.0,0.04974599072150299,0.9266860194365075,True,False,hypo_siscowet
NW_024058175.1:108353,NW_024058175.1,108353,31.450399999999995,0.0,-31.450399999999995,4,3,12.0,0.04359664488554136,0.9266860194365075,True,False,hypo_siscowet
NW_024058191.1:28005,NW_024058191.1,28005,45.957875,29.30865,-16.649225,4,4,16.0,0.02857142857142857,0.9266860194365075,True,False,hypo_siscowet
NW_024058191.1:28013,NW_024058191.1,28013,48.376625000000004,31.151200000000003,-17.225425,4,4,16.0,0.02857142857142857,0.9266860194365075,True,False,hypo_siscowet
NW_024058191.1:42902,NW_024058191.1,42902,42.27045,26.868325,-15.402124999999998,4,4,16.0,0.02857142857142857,0.9266860194365075,True,False,hypo_siscowet
NW_024058207.1:15701,NW_024058207.1,15701,30.750700000000002,46.358,15.607299999999995,4,4,0.0,0.02857142857142857,0.9266860194365075,True,False,hyper_siscowet
NW_024058207.1:15706,NW_024058207.1,15706,38.823074999999996,54.719125,15.896050000000002,4,4,0.0,0.02857142857142857,0.9266860194365075,True,False,hyper_siscowet
NW_024058207.1:15715,NW_024058207.1,15715,40.8429,58.074625,17.231724999999997,4,4,0.0,0.02857142857142857,0.9266860194365075,True,False,hyper_siscowet
NW_024058207.1:15725,NW_024058207.1,15725,45.480425,62.43725,16.956825000000002,4,4,0.0,0.02857142857142857,0.9266860194365075,True,False,hyper_siscowet
NW_024058207.1:15733,NW_024058207.1,15733,44.9066,62.385425,17.478825,4,4,0.0,0.02857142857142857,0.9266860194365075,True,False,hyper_siscowet
NW_024058213.1:52477,NW_024058213.1,52477,68.2984,93.807175,25.508775,3,4,0.0,0.04974599072150299,0.9266860194365075,True,False,hyper_siscowet
NW_024058234.1:8050,NW_024058234.1,8050,24.966925000000003,8.3892125,-16.577712500000004,4,4,16.0,0.02857142857142857,0.9266860194365075,True,False,hypo_siscowet
NW_024058234.1:8067,NW_024058234.1,8067,38.81415,18.927765,-19.886384999999997,4,4,16.0,0.02857142857142857,0.9266860194365075,True,False,hypo_siscowet
NW_024058234.1:8070,NW_024058234.1,8070,55.144825,36.187025,-18.9578,4,4,16.0,0.02857142857142857,0.9266860194365075,True,False,hypo_siscowet
NW_024058234.1:8108,NW_024058234.1,8108,65.902975,49.658825,-16.244149999999998,4,4,16.0,0.02857142857142857,0.9266860194365075,True,False,hypo_siscowet
NW_024058234.1:8810,NW_024058234.1,8810,62.33685,44.06115,-18.2757,4,4,16.0,0.02857142857142857,0.9266860194365075,True,False,hypo_siscowet
NW_024058253.1:156264,NW_024058253.1,156264,84.63295,69.538025,-15.09492499999999,4,4,16.0,0.02857142857142857,0.9266860194365075,True,False,hypo_siscowet
NW_024058253.1:156542,NW_024058253.1,156542,87.83767499999999,72.473825,-15.363849999999985,4,4,16.0,0.02857142857142857,0.9266860194365075,True,False,hypo_siscowet
NW_024058253.1:156729,NW_024058253.1,156729,81.315525,60.72385,-20.591674999999995,4,4,16.0,0.02857142857142857,0.9266860194365075,True,False,hypo_siscowet
NW_024058253.1:157736,NW_024058253.1,157736,1.2820525,17.6111,16.3290475,4,4,0.0,0.026518721959430728,0.9266860194365075,True,False,hyper_siscowet
NW_024058253.1:157752,NW_024058253.1,157752,3.1868125000000003,19.54065,16.353837499999997,4,4,0.0,0.02857142857142857,0.9266860194365075,True,False,hyper_siscowet
NW_024058253.1:348753,NW_024058253.1,348753,22.193125000000002,39.1103,16.917175,4,4,0.0,0.02857142857142857,0.9266860194365075,True,False,hyper_siscowet
NW_024058253.1:41786,NW_024058253.1,41786,89.19796666666667,64.26769999999999,-24.930266666666682,3,4,12.0,0.04974599072150299,0.9266860194365075,True,False,hypo_siscowet
NW_024058263.1:38712,NW_024058263.1,38712,94.782225,77.01806666666666,-17.76415833333334,4,3,12.0,0.04974599072150299,0.9266860194365075,True,False,hypo_siscowet
NW_024058263.1:38763,NW_024058263.1,38763,94.49917500000001,75.78623333333333,-18.71294166666668,4,3,12.0,0.04974599072150299,0.9266860194365075,True,False,hypo_siscowet
NW_024058263.1:59712,NW_024058263.1,59712,87.202375,68.33335,-18.869025000000008,4,4,16.0,0.028429535998796527,0.9266860194365075,True,False,hypo_siscowet
NW_024058273.1:41106,NW_024058273.1,41106,81.28515,64.485175,-16.799975000000003,4,4,16.0,0.029401048190339642,0.9266860194365075,True,False,hypo_siscowet
NW_024058275.1:234811,NW_024058275.1,234811,81.16785,59.4306,-21.737250000000003,4,4,16.0,0.02857142857142857,0.9266860194365075,True,False,hypo_siscowet
NW_024058275.1:60749,NW_024058275.1,60749,71.19890000000001,50.54375,-20.655150000000006,4,4,16.0,0.02857142857142857,0.9266860194365075,True,False,hypo_siscowet
NW_024058275.1:60760,NW_024058275.1,60760,74.13159999999999,50.724075000000006,-23.407524999999985,4,4,16.0,0.02857142857142857,0.9266860194365075,True,False,hypo_siscowet
NW_024058275.1:61264,NW_024058275.1,61264,69.1749,41.44445,-27.73044999999999,4,4,16.0,0.02857142857142857,0.9266860194365075,True,False,hypo_siscowet
NW_024058275.1:61313,NW_024058275.1,61313,69.9773,48.973425,-21.003875,4,4,16.0,0.02857142857142857,0.9266860194365075,True,False,hypo_siscowet
NW_024058275.1:61316,NW_024058275.1,61316,70.4837,49.491375,-20.992325,4,4,16.0,0.029401048190339642,0.9266860194365075,True,False,hypo_siscowet
NW_024058275.1:61343,NW_024058275.1,61343,69.81285,49.070475,-20.742374999999996,4,4,16.0,0.02857142857142857,0.9266860194365075,True,False,hypo_siscowet
NW_024058275.1:61622,NW_024058275.1,61622,77.491525,55.524425,-21.967099999999995,4,4,16.0,0.02857142857142857,0.9266860194365075,True,False,hypo_siscowet
NW_024058275.1:61692,NW_024058275.1,61692,81.72145,53.232925,-28.488525000000003,4,4,16.0,0.02857142857142857,0.9266860194365075,True,False,hypo_siscowet
NW_024058275.1:61709,NW_024058275.1,61709,80.4097,52.0169,-28.3928,4,4,16.0,0.02857142857142857,0.9266860194365075,True,False,hypo_siscowet
NW_024058275.1:61734,NW_024058275.1,61734,75.71430000000001,48.627825,-27.086475000000007,4,4,16.0,0.02857142857142857,0.9266860194365075,True,False,hypo_siscowet
NW_024058275.1:61756,NW_024058275.1,61756,78.77777499999999,45.177525,-33.60024999999999,4,4,16.0,0.02857142857142857,0.9266860194365075,True,False,hypo_siscowet
NW_024058275.1:61780,NW_024058275.1,61780,75.589675,43.768024999999994,-31.821650000000005,4,4,16.0,0.02857142857142857,0.9266860194365075,True,False,hypo_siscowet
NW_024058275.1:61898,NW_024058275.1,61898,62.896100000000004,35.620225,-27.275875000000006,4,4,16.0,0.02857142857142857,0.9266860194365075,True,False,hypo_siscowet
NW_024058275.1:61949,NW_024058275.1,61949,71.3889,38.385825,-33.00307500000001,4,4,16.0,0.02857142857142857,0.9266860194365075,True,False,hypo_siscowet
NW_024058275.1:61966,NW_024058275.1,61966,68.300675,41.24825,-27.052425,4,4,16.0,0.02857142857142857,0.9266860194365075,True,False,hypo_siscowet
NW_024058275.1:61982,NW_024058275.1,61982,75.658175,43.303,-32.355175,4,4,16.0,0.02857142857142857,0.9266860194365075,True,False,hypo_siscowet
NW_024058275.1:62046,NW_024058275.1,62046,72.3539,47.2468,-25.107099999999996,4,4,16.0,0.02857142857142857,0.9266860194365075,True,False,hypo_siscowet
NW_024058275.1:62055,NW_024058275.1,62055,75.944075,50.008700000000005,-25.935374999999993,4,4,16.0,0.02857142857142857,0.9266860194365075,True,False,hypo_siscowet
NW_024058275.1:62123,NW_024058275.1,62123,84.695925,53.39375,-31.302175000000005,4,4,16.0,0.02857142857142857,0.9266860194365075,True,False,hypo_siscowet
NW_024058275.1:62171,NW_024058275.1,62171,81.49062500000001,48.5807,-32.90992500000001,4,4,16.0,0.02857142857142857,0.9266860194365075,True,False,hypo_siscowet
NW_024058275.1:62208,NW_024058275.1,62208,84.45022499999999,56.444575,-28.00564999999999,4,4,16.0,0.02857142857142857,0.9266860194365075,True,False,hypo_siscowet
NW_024058275.1:62293,NW_024058275.1,62293,83.34165,53.396950000000004,-29.944699999999997,4,4,16.0,0.02857142857142857,0.9266860194365075,True,False,hypo_siscowet
NW_024058275.1:62305,NW_024058275.1,62305,79.30335,48.906299999999995,-30.39705,4,4,16.0,0.02857142857142857,0.9266860194365075,True,False,hypo_siscowet
NW_024058275.1:62470,NW_024058275.1,62470,71.455025,40.153099999999995,-31.30192500000001,4,4,16.0,0.02857142857142857,0.9266860194365075,True,False,hypo_siscowet
NW_024058275.1:62494,NW_024058275.1,62494,69.35765,42.28715,-27.07050000000001,4,4,16.0,0.02857142857142857,0.9266860194365075,True,False,hypo_siscowet
NW_024058275.1:62498,NW_024058275.1,62498,67.29165,39.558425,-27.733225000000004,4,4,16.0,0.02857142857142857,0.9266860194365075,True,False,hypo_siscowet
NW_024058275.1:62507,NW_024058275.1,62507,57.2977,32.973825000000005,-24.323874999999994,4,4,16.0,0.02857142857142857,0.9266860194365075,True,False,hypo_siscowet
NW_024058275.1:62530,NW_024058275.1,62530,69.08087499999999,38.009175,-31.071699999999993,4,4,16.0,0.02857142857142857,0.9266860194365075,True,False,hypo_siscowet
NW_024058275.1:62538,NW_024058275.1,62538,75.15039999999999,42.443325,-32.70707499999999,4,4,16.0,0.02857142857142857,0.9266860194365075,True,False,hypo_siscowet
NW_024058275.1:62572,NW_024058275.1,62572,70.15865,41.17545,-28.983199999999997,4,4,16.0,0.02857142857142857,0.9266860194365075,True,False,hypo_siscowet
NW_024058275.1:62578,NW_024058275.1,62578,75.835125,46.536775000000006,-29.29835,4,4,16.0,0.02857142857142857,0.9266860194365075,True,False,hypo_siscowet
NW_024058275.1:62640,NW_024058275.1,62640,78.47942499999999,48.548725,-29.930699999999995,4,4,16.0,0.02857142857142857,0.9266860194365075,True,False,hypo_siscowet
NW_024058275.1:62857,NW_024058275.1,62857,75.6126,47.037425,-28.575175,4,4,16.0,0.02857142857142857,0.9266860194365075,True,False,hypo_siscowet
NW_024058275.1:62952,NW_024058275.1,62952,71.21770000000001,44.015675,-27.202025000000006,4,4,16.0,0.02857142857142857,0.9266860194365075,True,False,hypo_siscowet
NW_024058275.1:63067,NW_024058275.1,63067,70.525475,44.303250000000006,-26.222224999999995,4,4,16.0,0.02857142857142857,0.9266860194365075,True,False,hypo_siscowet
NW_024058275.1:63074,NW_024058275.1,63074,69.831575,43.2661,-26.565475,4,4,16.0,0.029401048190339642,0.9266860194365075,True,False,hypo_siscowet
NW_024058275.1:64022,NW_024058275.1,64022,26.961299999999998,7.496510000000001,-19.464789999999997,4,4,16.0,0.02857142857142857,0.9266860194365075,True,False,hypo_siscowet
NW_024058275.1:64101,NW_024058275.1,64101,42.2736,13.2916375,-28.9819625,4,4,16.0,0.02857142857142857,0.9266860194365075,True,False,hypo_siscowet
NW_024058275.1:64162,NW_024058275.1,64162,50.3755,23.232525,-27.142975000000003,4,4,16.0,0.02857142857142857,0.9266860194365075,True,False,hypo_siscowet
NW_024058275.1:64171,NW_024058275.1,64171,53.064675,23.0712275,-29.993447500000002,4,4,16.0,0.02857142857142857,0.9266860194365075,True,False,hypo_siscowet
NW_024058275.1:64216,NW_024058275.1,64216,47.361125,27.670925,-19.6902,4,4,16.0,0.02857142857142857,0.9266860194365075,True,False,hypo_siscowet
NW_024058275.1:64405,NW_024058275.1,64405,48.6002,32.674350000000004,-15.925849999999997,4,4,16.0,0.02857142857142857,0.9266860194365075,True,False,hypo_siscowet
NW_024058275.1:66552,NW_024058275.1,66552,78.66095,59.28415,-19.376800000000003,4,4,16.0,0.02857142857142857,0.9266860194365075,True,False,hypo_siscowet
NW_024058275.1:66615,NW_024058275.1,66615,78.434575,60.985325,-17.449249999999992,4,4,16.0,0.02857142857142857,0.9266860194365075,True,False,hypo_siscowet
NW_024058282.1:22382,NW_024058282.1,22382,49.2738,19.139000000000003,-30.1348,3,4,12.0,0.04974599072150299,0.9266860194365075,True,False,hypo_siscowet
NW_024058282.1:34064,NW_024058282.1,34064,75.1553,59.63562499999999,-15.519675000000007,3,4,12.0,0.04974599072150299,0.9266860194365075,True,False,hypo_siscowet
NW_024058282.1:3613,NW_024058282.1,3613,76.3566,55.579775,-20.776825000000002,3,4,12.0,0.04974599072150299,0.9266860194365075,True,False,hypo_siscowet
NW_024058282.1:40238,NW_024058282.1,40238,95.40230000000001,80.06902500000001,-15.333275,3,4,12.0,0.04974599072150299,0.9266860194365075,True,False,hypo_siscowet
NW_024058286.1:131200,NW_024058286.1,131200,23.232303333333334,0.0,-23.232303333333334,3,4,12.0,0.03191120476963876,0.9266860194365075,True,False,hypo_siscowet
NW_024058286.1:131223,NW_024058286.1,131223,15.151506666666668,0.0,-15.151506666666668,3,4,12.0,0.030065283228311607,0.9266860194365075,True,False,hypo_siscowet
NW_024058286.1:131244,NW_024058286.1,131244,16.919203333333332,0.0,-16.919203333333332,3,4,12.0,0.03191120476963876,0.9266860194365075,True,False,hypo_siscowet
NW_024058286.1:131388,NW_024058286.1,131388,27.17560333333333,0.0,-27.17560333333333,3,4,12.0,0.03191120476963876,0.9266860194365075,True,False,hypo_siscowet
NW_024058286.1:131413,NW_024058286.1,131413,29.953369999999996,0.0,-29.953369999999996,3,4,12.0,0.03191120476963876,0.9266860194365075,True,False,hypo_siscowet
NW_024058286.1:131426,NW_024058286.1,131426,29.953369999999996,1.31579,-28.637579999999996,3,4,12.0,0.04359664488554136,0.9266860194365075,True,False,hypo_siscowet
NW_024058296.1:57606,NW_024058296.1,57606,73.07693333333333,93.5577,20.480766666666668,3,4,0.0,0.04974599072150299,0.9266860194365075,True,False,hyper_siscowet
NW_024058302.1:10286,NW_024058302.1,10286,32.994775,16.513199999999998,-16.481575,4,4,16.0,0.02857142857142857,0.9266860194365075,True,False,hypo_siscowet
NW_024058302.1:10307,NW_024058302.1,10307,38.7791,17.607875,-21.171225,4,4,16.0,0.02857142857142857,0.9266860194365075,True,False,hypo_siscowet
NW_024058302.1:10559,NW_024058302.1,10559,47.665925,28.810125,-18.855800000000002,4,4,16.0,0.02857142857142857,0.9266860194365075,True,False,hypo_siscowet
NW_024058302.1:10596,NW_024058302.1,10596,48.7775,28.021224999999998,-20.756275000000006,4,4,16.0,0.02857142857142857,0.9266860194365075,True,False,hypo_siscowet
NW_024058302.1:10676,NW_024058302.1,10676,47.596075,26.560000000000002,-21.036074999999997,4,4,16.0,0.02857142857142857,0.9266860194365075,True,False,hypo_siscowet
NW_024058302.1:10707,NW_024058302.1,10707,37.915,19.19385,-18.721149999999998,4,4,16.0,0.02857142857142857,0.9266860194365075,True,False,hypo_siscowet
NW_024058302.1:10717,NW_024058302.1,10717,44.2965,24.8178,-19.478700000000003,4,4,16.0,0.02857142857142857,0.9266860194365075,True,False,hypo_siscowet
NW_024058302.1:10959,NW_024058302.1,10959,44.51015,23.873,-20.637150000000002,4,4,16.0,0.02857142857142857,0.9266860194365075,True,False,hypo_siscowet
NW_024058302.1:10996,NW_024058302.1,10996,45.381474999999995,21.168675,-24.212799999999994,4,4,16.0,0.02857142857142857,0.9266860194365075,True,False,hypo_siscowet
NW_024058302.1:11030,NW_024058302.1,11030,43.59995000000001,22.26665,-21.33330000000001,4,4,16.0,0.02857142857142857,0.9266860194365075,True,False,hypo_siscowet
NW_024058302.1:11076,NW_024058302.1,11076,44.115674999999996,20.206575,-23.909099999999995,4,4,16.0,0.02857142857142857,0.9266860194365075,True,False,hypo_siscowet
NW_024058302.1:11086,NW_024058302.1,11086,32.191900000000004,16.88515,-15.306750000000005,4,4,16.0,0.02857142857142857,0.9266860194365075,True,False,hypo_siscowet
NW_024058302.1:11107,NW_024058302.1,11107,35.838025,19.072249999999997,-16.765775000000005,4,4,16.0,0.02857142857142857,0.9266860194365075,True,False,hypo_siscowet
NW_024058302.1:11117,NW_024058302.1,11117,41.20805,19.62775,-21.5803,4,4,16.0,0.02857142857142857,0.9266860194365075,True,False,hypo_siscowet
NW_024058302.1:11159,NW_024058302.1,11159,42.63985,25.849400000000003,-16.79045,4,4,16.0,0.02857142857142857,0.9266860194365075,True,False,hypo_siscowet
NW_024058302.1:11196,NW_024058302.1,11196,44.109049999999996,28.71635,-15.392699999999998,4,4,16.0,0.02857142857142857,0.9266860194365075,True,False,hypo_siscowet
NW_024058302.1:11359,NW_024058302.1,11359,42.044275000000006,26.031375,-16.012900000000005,4,4,16.0,0.02857142857142857,0.9266860194365075,True,False,hypo_siscowet
NW_024058302.1:11396,NW_024058302.1,11396,43.748325,22.3228,-21.425525,4,4,16.0,0.02857142857142857,0.9266860194365075,True,False,hypo_siscowet
NW_024058302.1:11430,NW_024058302.1,11430,40.89365,21.451449999999998,-19.442200000000003,4,4,16.0,0.02857142857142857,0.9266860194365075,True,False,hypo_siscowet
NW_024058302.1:11476,NW_024058302.1,11476,41.765975,20.299500000000002,-21.466474999999996,4,4,16.0,0.02857142857142857,0.9266860194365075,True,False,hypo_siscowet
NW_024058302.1:11486,NW_024058302.1,11486,32.212975,16.60405,-15.608925,4,4,16.0,0.02857142857142857,0.9266860194365075,True,False,hypo_siscowet
NW_024058302.1:11507,NW_024058302.1,11507,33.438475,15.419599999999999,-18.018874999999998,4,4,16.0,0.02857142857142857,0.9266860194365075,True,False,hypo_siscowet
NW_024058302.1:11517,NW_024058302.1,11517,36.3992,17.406475,-18.992725,4,4,16.0,0.02857142857142857,0.9266860194365075,True,False,hypo_siscowet
NW_024058302.1:11676,NW_024058302.1,11676,47.96585,31.328925000000005,-16.636924999999998,4,4,16.0,0.02857142857142857,0.9266860194365075,True,False,hypo_siscowet
NW_024058302.1:12076,NW_024058302.1,12076,46.328025000000004,29.997225,-16.330800000000004,4,4,16.0,0.02857142857142857,0.9266860194365075,True,False,hypo_siscowet
NW_024058302.1:12286,NW_024058302.1,12286,33.461275,16.674225,-16.78705,4,4,16.0,0.02857142857142857,0.9266860194365075,True,False,hypo_siscowet
NW_024058302.1:12507,NW_024058302.1,12507,38.290325,22.931275,-15.359050000000003,4,4,16.0,0.02857142857142857,0.9266860194365075,True,False,hypo_siscowet
NW_024058302.1:4754,NW_024058302.1,4754,47.2726,26.819175,-20.453424999999996,4,4,16.0,0.02857142857142857,0.9266860194365075,True,False,hypo_siscowet
NW_024058302.1:47807,NW_024058302.1,47807,35.4653,18.4712,-16.9941,3,4,12.0,0.04974599072150299,0.9266860194365075,True,False,hypo_siscowet
NW_024058302.1:4788,NW_024058302.1,4788,46.055499999999995,27.349400000000003,-18.706099999999992,4,4,16.0,0.02857142857142857,0.9266860194365075,True,False,hypo_siscowet
NW_024058302.1:5266,NW_024058302.1,5266,37.737700000000004,18.167725,-19.569975000000003,4,4,16.0,0.029401048190339642,0.9266860194365075,True,False,hypo_siscowet
NW_024058302.1:5956,NW_024058302.1,5956,43.705600000000004,23.308525000000003,-20.397075,4,4,16.0,0.02857142857142857,0.9266860194365075,True,False,hypo_siscowet
NW_024058302.1:5990,NW_024058302.1,5990,41.553625,22.435850000000002,-19.117774999999995,4,4,16.0,0.02857142857142857,0.9266860194365075,True,False,hypo_siscowet
NW_024058302.1:6046,NW_024058302.1,6046,39.512575,17.41955,-22.093024999999997,4,4,16.0,0.02857142857142857,0.9266860194365075,True,False,hypo_siscowet
NW_024058302.1:6668,NW_024058302.1,6668,39.0651,21.909275,-17.155825,4,4,16.0,0.02857142857142857,0.9266860194365075,True,False,hypo_siscowet
NW_024058302.1:7247,NW_024058302.1,7247,33.22285,15.6732,-17.54965,4,4,16.0,0.02857142857142857,0.9266860194365075,True,False,hypo_siscowet
NW_024058302.1:7358,NW_024058302.1,7358,43.1642,25.727925,-17.436275000000002,4,4,16.0,0.02857142857142857,0.9266860194365075,True,False,hypo_siscowet
NW_024058302.1:7392,NW_024058302.1,7392,42.483775,25.13825,-17.345525000000002,4,4,16.0,0.02857142857142857,0.9266860194365075,True,False,hypo_siscowet
NW_024058302.1:7438,NW_024058302.1,7438,44.302499999999995,28.3504,-15.952099999999994,4,4,16.0,0.02857142857142857,0.9266860194365075,True,False,hypo_siscowet
NW_024058302.1:9559,NW_024058302.1,9559,43.849375,27.7414,-16.107975000000003,4,4,16.0,0.02857142857142857,0.9266860194365075,True,False,hypo_siscowet
NW_024058302.1:9596,NW_024058302.1,9596,47.9368,28.734675,-19.202125,4,4,16.0,0.02857142857142857,0.9266860194365075,True,False,hypo_siscowet
NW_024058302.1:9630,NW_024058302.1,9630,48.417525,29.487325,-18.9302,4,4,16.0,0.02857142857142857,0.9266860194365075,True,False,hypo_siscowet
NW_024058319.1:333090,NW_024058319.1,333090,84.82365,68.796,-16.027649999999994,4,4,16.0,0.02857142857142857,0.9266860194365075,True,False,hypo_siscowet
NW_024058331.1:57492,NW_024058331.1,57492,92.36110000000001,76.742025,-15.61907500000001,4,4,16.0,0.02857142857142857,0.9266860194365075,True,False,hypo_siscowet
NW_024058342.1:228234,NW_024058342.1,228234,60.3239,43.825874999999996,-16.498025000000005,3,4,12.0,0.04974599072150299,0.9266860194365075,True,False,hypo_siscowet
NW_024058342.1:281942,NW_024058342.1,281942,44.235350000000004,21.672075,-22.563275000000004,4,4,16.0,0.02857142857142857,0.9266860194365075,True,False,hypo_siscowet
NW_024058342.1:287276,NW_024058342.1,287276,19.94475,48.540875,28.596125,4,4,0.0,0.02857142857142857,0.9266860194365075,True,False,hyper_siscowet
NW_024058342.1:287307,NW_024058342.1,287307,16.0358575,48.044374999999995,32.008517499999996,4,4,0.0,0.02857142857142857,0.9266860194365075,True,False,hyper_siscowet
NW_024058342.1:287389,NW_024058342.1,287389,11.996045,47.747975,35.751929999999994,4,4,0.0,0.02857142857142857,0.9266860194365075,True,False,hyper_siscowet
NW_024058342.1:287398,NW_024058342.1,287398,12.36782,48.8836,36.51578,4,4,0.0,0.02857142857142857,0.9266860194365075,True,False,hyper_siscowet
NW_024058342.1:287436,NW_024058342.1,287436,12.191300000000002,50.957,38.765699999999995,4,4,0.0,0.02857142857142857,0.9266860194365075,True,False,hyper_siscowet
NW_024058342.1:287466,NW_024058342.1,287466,20.457324999999997,67.286875,46.82955,4,4,0.0,0.02857142857142857,0.9266860194365075,True,False,hyper_siscowet
NW_024058342.1:287488,NW_024058342.1,287488,13.515397499999999,55.933674999999994,42.418277499999995,4,4,0.0,0.02857142857142857,0.9266860194365075,True,False,hyper_siscowet
NW_024058342.1:287551,NW_024058342.1,287551,16.9026875,49.2517,32.3490125,4,4,0.0,0.02857142857142857,0.9266860194365075,True,False,hyper_siscowet
NW_024058342.1:287608,NW_024058342.1,287608,17.1455575,50.7811,33.6355425,4,4,0.0,0.02857142857142857,0.9266860194365075,True,False,hyper_siscowet
NW_024058342.1:287638,NW_024058342.1,287638,19.6219275,52.4842,32.8622725,4,4,0.0,0.02857142857142857,0.9266860194365075,True,False,hyper_siscowet
NW_024058342.1:287696,NW_024058342.1,287696,19.4164025,49.784875,30.3684725,4,4,0.0,0.02857142857142857,0.9266860194365075,True,False,hyper_siscowet
NW_024058342.1:287731,NW_024058342.1,287731,16.9314775,46.228875,29.297397500000002,4,4,0.0,0.02857142857142857,0.9266860194365075,True,False,hyper_siscowet
NW_024058342.1:287770,NW_024058342.1,287770,13.596975,43.695575000000005,30.098600000000005,4,4,0.0,0.02857142857142857,0.9266860194365075,True,False,hyper_siscowet
NW_024058342.1:287874,NW_024058342.1,287874,17.706875,48.862075,31.155199999999997,4,4,0.0,0.02857142857142857,0.9266860194365075,True,False,hyper_siscowet
NW_024058342.1:287897,NW_024058342.1,287897,18.794625,47.781,28.986375,4,4,0.0,0.02857142857142857,0.9266860194365075,True,False,hyper_siscowet
NW_024058358.1:14602,NW_024058358.1,14602,93.90476666666666,77.147425,-16.75734166666666,3,4,12.0,0.04974599072150299,0.9266860194365075,True,False,hypo_siscowet
NW_024058365.1:21479,NW_024058365.1,21479,78.081275,93.99234999999999,15.911074999999983,4,4,0.0,0.02857142857142857,0.9266860194365075,True,False,hyper_siscowet
NW_024058377.1:6337,NW_024058377.1,6337,70.38665,50.010975,-20.375675,4,4,16.0,0.02857142857142857,0.9266860194365075,True,False,hypo_siscowet
NW_024058377.1:6373,NW_024058377.1,6373,70.7654,51.568625000000004,-19.196774999999995,4,4,16.0,0.02857142857142857,0.9266860194365075,True,False,hypo_siscowet
NW_024058377.1:6424,NW_024058377.1,6424,69.0735,48.571425,-20.502074999999998,4,4,16.0,0.02857142857142857,0.9266860194365075,True,False,hypo_siscowet
NW_024058405.1:24193,NW_024058405.1,24193,88.1234,70.522825,-17.600575000000006,4,4,16.0,0.02857142857142857,0.9266860194365075,True,False,hypo_siscowet
NW_024058405.1:24252,NW_024058405.1,24252,93.331425,74.52615,-18.805274999999995,4,4,16.0,0.02857142857142857,0.9266860194365075,True,False,hypo_siscowet
NW_024058452.1:141892,NW_024058452.1,141892,50.25253333333333,24.726425,-25.526108333333333,3,4,12.0,0.04974599072150299,0.9266860194365075,True,False,hypo_siscowet
NW_024058452.1:693080,NW_024058452.1,693080,22.85185,44.6711,21.819250000000004,4,4,0.0,0.02857142857142857,0.9266860194365075,True,False,hyper_siscowet
NW_024058452.1:693096,NW_024058452.1,693096,24.5,49.1198,24.619799999999998,4,4,0.0,0.029401048190339642,0.9266860194365075,True,False,hyper_siscowet
NW_024058452.1:693102,NW_024058452.1,693102,26.094475,47.932249999999996,21.837774999999997,4,4,0.0,0.029401048190339642,0.9266860194365075,True,False,hyper_siscowet
NW_024058452.1:693140,NW_024058452.1,693140,28.714100000000002,43.82876666666667,15.114666666666665,4,3,0.0,0.04974599072150299,0.9266860194365075,True,False,hyper_siscowet
NW_024058452.1:693325,NW_024058452.1,693325,47.522524999999995,71.3089,23.786375,4,4,0.5,0.042066412206780826,0.9266860194365075,True,False,hyper_siscowet
NW_024058452.1:694111,NW_024058452.1,694111,57.995975,38.882574999999996,-19.113400000000006,4,4,16.0,0.029401048190339642,0.9266860194365075,True,False,hypo_siscowet
NW_024058507.1:15465,NW_024058507.1,15465,81.41919999999999,97.916675,16.49747500000001,3,4,0.0,0.04359664488554136,0.9266860194365075,True,False,hyper_siscowet
NW_024058507.1:15475,NW_024058507.1,15475,80.97643333333333,98.75,17.773566666666667,3,4,0.0,0.04359664488554136,0.9266860194365075,True,False,hyper_siscowet
NW_024058518.1:30336,NW_024058518.1,30336,89.781475,72.76582499999999,-17.015650000000008,4,4,16.0,0.02857142857142857,0.9266860194365075,True,False,hypo_siscowet
NW_024058518.1:30439,NW_024058518.1,30439,92.279925,75.314225,-16.965700000000012,4,4,16.0,0.02857142857142857,0.9266860194365075,True,False,hypo_siscowet
NW_024058518.1:31239,NW_024058518.1,31239,100.0,84.70237499999999,-15.29762500000001,3,4,12.0,0.041586341232186144,0.9266860194365075,True,False,hypo_siscowet
NW_024058518.1:31245,NW_024058518.1,31245,100.0,84.64285,-15.357150000000004,3,4,12.0,0.04359664488554136,0.9266860194365075,True,False,hypo_siscowet
NW_024058528.1:26328,NW_024058528.1,26328,81.87797499999999,64.83763333333333,-17.040341666666663,4,3,12.0,0.04974599072150299,0.9266860194365075,True,False,hypo_siscowet
NW_024058535.1:46219,NW_024058535.1,46219,74.177375,56.12262499999999,-18.054750000000006,4,4,16.0,0.02857142857142857,0.9266860194365075,True,False,hypo_siscowet
NW_024058552.1:256392,NW_024058552.1,256392,64.55030000000001,38.38235,-26.167950000000005,3,4,12.0,0.04974599072150299,0.9266860194365075,True,False,hypo_siscowet
NW_024058582.1:32974,NW_024058582.1,32974,83.67186666666667,67.0006,-16.671266666666668,3,4,12.0,0.04974599072150299,0.9266860194365075,True,False,hypo_siscowet
NW_024058582.1:33454,NW_024058582.1,33454,92.5845,77.55917500000001,-15.025324999999995,4,4,16.0,0.02857142857142857,0.9266860194365075,True,False,hypo_siscowet
NW_024058595.1:34219,NW_024058595.1,34219,69.948825,91.173175,21.22435,4,4,0.0,0.02857142857142857,0.9266860194365075,True,False,hyper_siscowet
NW_024058595.1:34332,NW_024058595.1,34332,67.58654999999999,90.026025,22.439475000000016,4,4,0.0,0.02857142857142857,0.9266860194365075,True,False,hyper_siscowet
NW_024058595.1:34341,NW_024058595.1,34341,68.8075,90.38040000000001,21.572900000000004,4,4,0.0,0.02857142857142857,0.9266860194365075,True,False,hyper_siscowet
NW_024058595.1:34377,NW_024058595.1,34377,67.949175,91.18612499999999,23.236949999999993,4,4,0.0,0.029401048190339642,0.9266860194365075,True,False,hyper_siscowet
NW_024058595.1:34386,NW_024058595.1,34386,74.683425,93.22989999999999,18.546474999999987,4,4,0.0,0.02857142857142857,0.9266860194365075,True,False,hyper_siscowet
NW_024058595.1:7778,NW_024058595.1,7778,55.323025,38.5742,-16.748825000000004,4,4,16.0,0.02857142857142857,0.9266860194365075,True,False,hypo_siscowet
NW_024058595.1:7825,NW_024058595.1,7825,55.0319,35.267075,-19.764825000000002,4,4,16.0,0.02857142857142857,0.9266860194365075,True,False,hypo_siscowet
NW_024058595.1:7952,NW_024058595.1,7952,36.2975,17.939925000000002,-18.357574999999997,4,4,16.0,0.029401048190339642,0.9266860194365075,True,False,hypo_siscowet
NW_024058608.1:19525,NW_024058608.1,19525,15.262536666666668,0.0,-15.262536666666668,3,4,12.0,0.03191120476963876,0.9266860194365075,True,False,hypo_siscowet
NW_024058631.1:37827,NW_024058631.1,37827,91.87255,74.197325,-17.675224999999998,4,4,16.0,0.02857142857142857,0.9266860194365075,True,False,hypo_siscowet
NW_024058631.1:39552,NW_024058631.1,39552,92.69695000000002,74.790075,-17.906875000000014,4,4,16.0,0.02857142857142857,0.9266860194365075,True,False,hypo_siscowet
NW_024058631.1:39573,NW_024058631.1,39573,90.311325,68.18945,-22.121875000000003,4,4,16.0,0.02857142857142857,0.9266860194365075,True,False,hypo_siscowet
NW_024058631.1:39580,NW_024058631.1,39580,91.5298,70.17445000000001,-21.355349999999987,4,4,16.0,0.02857142857142857,0.9266860194365075,True,False,hypo_siscowet
NW_024058631.1:39601,NW_024058631.1,39601,87.748775,65.84805,-21.900724999999994,4,4,16.0,0.02857142857142857,0.9266860194365075,True,False,hypo_siscowet
NW_024058631.1:39605,NW_024058631.1,39605,89.24872500000001,65.09694999999999,-24.151775000000015,4,4,16.0,0.02857142857142857,0.9266860194365075,True,False,hypo_siscowet
NW_024058631.1:39608,NW_024058631.1,39608,91.274975,72.57605000000001,-18.69892499999999,4,4,16.0,0.02857142857142857,0.9266860194365075,True,False,hypo_siscowet
NW_024058631.1:39635,NW_024058631.1,39635,90.69162499999999,71.707825,-18.983799999999988,4,4,16.0,0.02857142857142857,0.9266860194365075,True,False,hypo_siscowet
NW_024058631.1:39693,NW_024058631.1,39693,90.06750000000001,74.7098,-15.357700000000008,4,4,16.0,0.02857142857142857,0.9266860194365075,True,False,hypo_siscowet
NW_024058631.1:39742,NW_024058631.1,39742,91.39337499999999,73.4396,-17.953774999999993,4,4,16.0,0.02857142857142857,0.9266860194365075,True,False,hypo_siscowet
NW_024058631.1:39769,NW_024058631.1,39769,88.0779,65.140225,-22.937675,4,4,16.0,0.02857142857142857,0.9266860194365075,True,False,hypo_siscowet
NW_024058631.1:39776,NW_024058631.1,39776,85.315025,62.113125,-23.20190000000001,4,4,16.0,0.02857142857142857,0.9266860194365075,True,False,hypo_siscowet
NW_024058631.1:39797,NW_024058631.1,39797,85.61325,64.17605,-21.43719999999999,4,4,16.0,0.02857142857142857,0.9266860194365075,True,False,hypo_siscowet
NW_024058631.1:39801,NW_024058631.1,39801,89.27000000000001,68.42307500000001,-20.846925,4,4,16.0,0.02857142857142857,0.9266860194365075,True,False,hypo_siscowet
NW_024058631.1:39804,NW_024058631.1,39804,91.86635,73.452675,-18.413674999999998,4,4,16.0,0.02857142857142857,0.9266860194365075,True,False,hypo_siscowet
NW_024058631.1:39831,NW_024058631.1,39831,87.0019,65.191975,-21.809925000000007,4,4,16.0,0.02857142857142857,0.9266860194365075,True,False,hypo_siscowet
NW_024058631.1:39852,NW_024058631.1,39852,83.249225,65.211625,-18.037599999999998,4,4,16.0,0.02857142857142857,0.9266860194365075,True,False,hypo_siscowet
NW_024058631.1:39888,NW_024058631.1,39888,82.321875,64.337925,-17.983950000000007,4,4,16.0,0.02857142857142857,0.9266860194365075,True,False,hypo_siscowet
NW_024058631.1:39950,NW_024058631.1,39950,84.3985,69.290375,-15.108125000000001,4,4,16.0,0.02857142857142857,0.9266860194365075,True,False,hypo_siscowet
NW_024058631.1:40022,NW_024058631.1,40022,83.4316,68.224125,-15.207475000000002,4,4,16.0,0.02857142857142857,0.9266860194365075,True,False,hypo_siscowet
NW_024058631.1:40404,NW_024058631.1,40404,67.4986,52.065349999999995,-15.433250000000001,4,4,16.0,0.02857142857142857,0.9266860194365075,True,False,hypo_siscowet
NW_024058631.1:40414,NW_024058631.1,40414,72.6703,55.464949999999995,-17.205350000000003,4,4,16.0,0.02857142857142857,0.9266860194365075,True,False,hypo_siscowet
NW_024058631.1:40818,NW_024058631.1,40818,84.73445000000001,69.52565000000001,-15.208799999999997,4,4,16.0,0.02857142857142857,0.9266860194365075,True,False,hypo_siscowet
NW_024058631.1:41896,NW_024058631.1,41896,76.832325,59.551625,-17.280699999999996,4,4,16.0,0.02857142857142857,0.9266860194365075,True,False,hypo_siscowet
NW_024058631.1:43229,NW_024058631.1,43229,82.064125,66.554975,-15.509150000000005,4,4,16.0,0.02857142857142857,0.9266860194365075,True,False,hypo_siscowet
NW_024058631.1:43239,NW_024058631.1,43239,83.1054,64.429,-18.6764,4,4,16.0,0.02857142857142857,0.9266860194365075,True,False,hypo_siscowet
NW_024058631.1:43249,NW_024058631.1,43249,86.74010000000001,69.59305,-17.147050000000007,4,4,16.0,0.02857142857142857,0.9266860194365075,True,False,hypo_siscowet
NW_024058631.1:47966,NW_024058631.1,47966,87.43039999999999,72.400125,-15.030274999999989,4,4,16.0,0.02857142857142857,0.9266860194365075,True,False,hypo_siscowet
NW_024058631.1:48031,NW_024058631.1,48031,92.419475,75.6866,-16.732875000000007,4,4,16.0,0.02857142857142857,0.9266860194365075,True,False,hypo_siscowet
NW_024058631.1:48044,NW_024058631.1,48044,89.166675,69.7085,-19.458174999999997,4,4,16.0,0.02857142857142857,0.9266860194365075,True,False,hypo_siscowet
NW_024058631.1:48090,NW_024058631.1,48090,90.65765,74.693175,-15.964475000000007,4,4,16.0,0.02857142857142857,0.9266860194365075,True,False,hypo_siscowet
NW_024058631.1:48094,NW_024058631.1,48094,93.505325,73.76589999999999,-19.73942500000001,4,4,16.0,0.02857142857142857,0.9266860194365075,True,False,hypo_siscowet
NW_024058631.1:48097,NW_024058631.1,48097,94.457075,73.68145,-20.775625000000005,4,4,16.0,0.02857142857142857,0.9266860194365075,True,False,hypo_siscowet
NW_024058631.1:48123,NW_024058631.1,48123,96.200025,79.82325,-16.376774999999995,4,4,16.0,0.02857142857142857,0.9266860194365075,True,False,hypo_siscowet
NW_024058631.1:48127,NW_024058631.1,48127,94.72630000000001,71.96504999999999,-22.761250000000018,4,4,16.0,0.029401048190339642,0.9266860194365075,True,False,hypo_siscowet
NW_024058631.1:48130,NW_024058631.1,48130,93.83340000000001,70.26877499999999,-23.56462500000002,4,4,16.0,0.02857142857142857,0.9266860194365075,True,False,hypo_siscowet
NW_024058631.1:48156,NW_024058631.1,48156,94.69125,76.190325,-18.500924999999995,4,4,16.0,0.02857142857142857,0.9266860194365075,True,False,hypo_siscowet
NW_024058631.1:48160,NW_024058631.1,48160,92.736175,71.060475,-21.675700000000006,4,4,16.0,0.02857142857142857,0.9266860194365075,True,False,hypo_siscowet
NW_024058631.1:48163,NW_024058631.1,48163,90.94645,74.025975,-16.920474999999996,4,4,16.0,0.02857142857142857,0.9266860194365075,True,False,hypo_siscowet
NW_024058631.1:48189,NW_024058631.1,48189,93.86945,77.96407500000001,-15.905374999999992,4,4,16.0,0.02857142857142857,0.9266860194365075,True,False,hypo_siscowet
NW_024058631.1:48229,NW_024058631.1,48229,90.83335,73.462525,-17.370824999999996,4,4,16.0,0.02857142857142857,0.9266860194365075,True,False,hypo_siscowet
NW_024058631.1:48254,NW_024058631.1,48254,94.26852500000001,78.09075,-16.17777500000001,4,4,16.0,0.02857142857142857,0.9266860194365075,True,False,hypo_siscowet
NW_024058631.1:48258,NW_024058631.1,48258,94.465075,78.5925,-15.872574999999998,4,4,16.0,0.02857142857142857,0.9266860194365075,True,False,hypo_siscowet
NW_024058631.1:48261,NW_024058631.1,48261,93.80495,76.0201,-17.784850000000006,4,4,16.0,0.02857142857142857,0.9266860194365075,True,False,hypo_siscowet
NW_024058631.1:48292,NW_024058631.1,48292,93.05820000000001,75.165975,-17.89222500000001,4,4,16.0,0.02857142857142857,0.9266860194365075,True,False,hypo_siscowet
NW_024058631.1:48338,NW_024058631.1,48338,86.0701,70.2228,-15.84729999999999,4,4,16.0,0.02857142857142857,0.9266860194365075,True,False,hypo_siscowet
NW_024058631.1:48364,NW_024058631.1,48364,77.2547,51.024849999999994,-26.229850000000006,4,4,16.0,0.02857142857142857,0.9266860194365075,True,False,hypo_siscowet
NW_024058631.1:48415,NW_024058631.1,48415,72.0324,45.5255,-26.506899999999995,4,4,16.0,0.02857142857142857,0.9266860194365075,True,False,hypo_siscowet
NW_024058631.1:48417,NW_024058631.1,48417,66.53052500000001,39.39915,-27.131375000000013,4,4,16.0,0.02857142857142857,0.9266860194365075,True,False,hypo_siscowet
NW_024058631.1:48420,NW_024058631.1,48420,68.8755,40.858225000000004,-28.017274999999998,4,4,16.0,0.02857142857142857,0.9266860194365075,True,False,hypo_siscowet
NW_024058631.1:48458,NW_024058631.1,48458,56.18792500000001,27.93605,-28.251875000000005,4,4,16.0,0.02857142857142857,0.9266860194365075,True,False,hypo_siscowet
NW_024058631.1:48461,NW_024058631.1,48461,37.84885,14.612882500000001,-23.235967499999997,4,4,16.0,0.02857142857142857,0.9266860194365075,True,False,hypo_siscowet
NW_024058631.1:48470,NW_024058631.1,48470,35.3543,15.7912325,-19.563067500000002,4,4,16.0,0.02857142857142857,0.9266860194365075,True,False,hypo_siscowet
NW_024058631.1:48478,NW_024058631.1,48478,23.472675000000002,7.592435,-15.880240000000002,4,4,16.0,0.02857142857142857,0.9266860194365075,True,False,hypo_siscowet
NW_024058631.1:48779,NW_024058631.1,48779,35.859925,15.587600000000002,-20.272324999999995,4,4,16.0,0.02857142857142857,0.9266860194365075,True,False,hypo_siscowet
NW_024058641.1:64022,NW_024058641.1,64022,92.52585,77.1662,-15.359650000000002,4,4,15.5,0.042066412206780826,0.9266860194365075,True,False,hypo_siscowet
NW_024058641.1:64049,NW_024058641.1,64049,95.630225,79.866725,-15.763499999999993,4,4,16.0,0.02857142857142857,0.9266860194365075,True,False,hypo_siscowet
NW_024058641.1:64891,NW_024058641.1,64891,91.95403333333333,50.902775,-41.05125833333333,3,4,12.0,0.04974599072150299,0.9266860194365075,True,False,hypo_siscowet
NW_024058641.1:64935,NW_024058641.1,64935,86.287875,45.9829,-40.304975,4,4,16.0,0.02857142857142857,0.9266860194365075,True,False,hypo_siscowet
NW_024058641.1:65205,NW_024058641.1,65205,65.57765,31.740199999999998,-33.837450000000004,4,4,15.5,0.042066412206780826,0.9266860194365075,True,False,hypo_siscowet
NW_024058641.1:65266,NW_024058641.1,65266,73.2168,35.230475,-37.98632500000001,4,4,16.0,0.029401048190339642,0.9266860194365075,True,False,hypo_siscowet
NW_024058641.1:65270,NW_024058641.1,65270,69.130875,31.84525,-37.285625,4,4,16.0,0.02857142857142857,0.9266860194365075,True,False,hypo_siscowet
NW_024058641.1:66010,NW_024058641.1,66010,74.7475,48.745025,-26.002475000000004,3,4,12.0,0.04974599072150299,0.9266860194365075,True,False,hypo_siscowet
NW_024058674.1:142701,NW_024058674.1,142701,40.925574999999995,9.6130925,-31.312482499999994,4,4,16.0,0.02857142857142857,0.9266860194365075,True,False,hypo_siscowet
NW_024058674.1:144602,NW_024058674.1,144602,72.9446,47.51345,-25.431149999999995,3,4,12.0,0.04974599072150299,0.9266860194365075,True,False,hypo_siscowet
NW_024058674.1:453199,NW_024058674.1,453199,76.309525,60.156575000000004,-16.15294999999999,4,4,15.5,0.04083312586129952,0.9266860194365075,True,False,hypo_siscowet
NW_024058674.1:453690,NW_024058674.1,453690,65.24289999999999,46.10170000000001,-19.141199999999984,4,4,16.0,0.02857142857142857,0.9266860194365075,True,False,hypo_siscowet
NW_024058674.1:45814,NW_024058674.1,45814,79.15017499999999,98.24560000000001,19.09542500000002,4,3,0.0,0.04974599072150299,0.9266860194365075,True,False,hyper_siscowet
NW_024058674.1:467611,NW_024058674.1,467611,26.742224999999998,1.9607833333333333,-24.781441666666666,4,3,12.0,0.04974599072150299,0.9266860194365075,True,False,hypo_siscowet
NW_024058674.1:467882,NW_024058674.1,467882,32.798575,11.1111,-21.687475,4,3,12.0,0.04974599072150299,0.9266860194365075,True,False,hypo_siscowet
NW_024058674.1:467918,NW_024058674.1,467918,20.7479,0.0,-20.7479,4,3,12.0,0.04359664488554136,0.9266860194365075,True,False,hypo_siscowet
NW_024058674.1:532230,NW_024058674.1,532230,76.408725,92.55607499999999,16.14734999999999,4,4,0.5,0.042066412206780826,0.9266860194365075,True,False,hyper_siscowet
NW_024058674.1:533552,NW_024058674.1,533552,69.20455,88.207675,19.003124999999997,4,4,0.0,0.029401048190339642,0.9266860194365075,True,False,hyper_siscowet
NW_024058674.1:87499,NW_024058674.1,87499,71.632075,87.8996,16.267525000000006,4,4,0.0,0.02857142857142857,0.9266860194365075,True,False,hyper_siscowet
NW_024058674.1:87581,NW_024058674.1,87581,59.523825,83.98570000000001,24.461875000000006,4,4,0.0,0.029401048190339642,0.9266860194365075,True,False,hyper_siscowet
NW_024058674.1:87958,NW_024058674.1,87958,82.63326666666667,63.82577500000001,-18.807491666666664,3,4,12.0,0.04974599072150299,0.9266860194365075,True,False,hypo_siscowet
NW_024058686.1:142217,NW_024058686.1,142217,75.21366666666667,98.392875,23.179208333333335,3,4,0.0,0.04974599072150299,0.9266860194365075,True,False,hyper_siscowet
NW_024058686.1:142305,NW_024058686.1,142305,82.83063333333334,100.0,17.16936666666666,3,4,0.0,0.03191120476963876,0.9266860194365075,True,False,hyper_siscowet
NW_024058686.1:174897,NW_024058686.1,174897,23.99495,2.6666675,-21.3282825,4,4,16.0,0.029401048190339642,0.9266860194365075,True,False,hypo_siscowet
NW_024058686.1:175232,NW_024058686.1,175232,35.275825,11.40649,-23.869335,4,4,16.0,0.02857142857142857,0.9266860194365075,True,False,hypo_siscowet
NW_024058686.1:175234,NW_024058686.1,175234,34.523825,12.575325,-21.948500000000003,4,4,15.5,0.042066412206780826,0.9266860194365075,True,False,hypo_siscowet
NW_024058686.1:223990,NW_024058686.1,223990,82.66666666666667,99.137925,16.471258333333324,3,4,0.0,0.04359664488554136,0.9266860194365075,True,False,hyper_siscowet
NW_024058695.1:33355,NW_024058695.1,33355,77.80545,95.601175,17.795725000000004,4,4,0.0,0.02857142857142857,0.9266860194365075,True,False,hyper_siscowet
NW_024058695.1:35645,NW_024058695.1,35645,58.28975,75.324025,17.034275000000008,4,4,0.0,0.02857142857142857,0.9266860194365075,True,False,hyper_siscowet
NW_024058697.1:126768,NW_024058697.1,126768,51.515166666666666,29.785825,-21.729341666666667,3,4,12.0,0.04974599072150299,0.9266860194365075,True,False,hypo_siscowet
NW_024058732.1:35003,NW_024058732.1,35003,86.67993333333334,69.40475,-17.27518333333333,3,4,12.0,0.04974599072150299,0.9266860194365075,True,False,hypo_siscowet
NW_024058753.1:17275,NW_024058753.1,17275,95.72727499999999,69.39393333333334,-26.333341666666655,4,3,12.0,0.04974599072150299,0.9266860194365075,True,False,hypo_siscowet
NW_024058753.1:18548,NW_024058753.1,18548,63.094775,21.778227499999996,-41.3165475,4,4,16.0,0.02857142857142857,0.9266860194365075,True,False,hypo_siscowet
NW_024058761.1:20658,NW_024058761.1,20658,79.22956666666666,58.58475000000001,-20.64481666666665,3,4,12.0,0.04974599072150299,0.9266860194365075,True,False,hypo_siscowet
NW_024058765.1:11735,NW_024058765.1,11735,80.50213333333333,96.5625,16.060366666666667,3,4,0.0,0.04974599072150299,0.9266860194365075,True,False,hyper_siscowet
NW_024058765.1:9671,NW_024058765.1,9671,56.67600000000001,28.945,-27.73100000000001,3,4,12.0,0.04974599072150299,0.9266860194365075,True,False,hypo_siscowet
NW_024058771.1:33940,NW_024058771.1,33940,81.34507500000001,63.657075,-17.68800000000001,4,4,16.0,0.02857142857142857,0.9266860194365075,True,False,hypo_siscowet
NW_024058771.1:3443,NW_024058771.1,3443,39.538925,21.30765,-18.231275,4,4,16.0,0.02857142857142857,0.9266860194365075,True,False,hypo_siscowet
NW_024058771.1:3775,NW_024058771.1,3775,51.95590000000001,27.87825,-24.077650000000006,4,4,16.0,0.02857142857142857,0.9266860194365075,True,False,hypo_siscowet
NW_024058771.1:3922,NW_024058771.1,3922,35.419975,19.981175,-15.4388,4,4,16.0,0.02857142857142857,0.9266860194365075,True,False,hypo_siscowet
NW_024058771.1:39610,NW_024058771.1,39610,78.195125,62.88335,-15.311775000000004,4,4,16.0,0.02857142857142857,0.9266860194365075,True,False,hypo_siscowet
NW_024058771.1:4153,NW_024058771.1,4153,34.467475,19.063625000000002,-15.403849999999998,4,4,16.0,0.029401048190339642,0.9266860194365075,True,False,hypo_siscowet
NW_024058771.1:41684,NW_024058771.1,41684,38.3063,17.434675,-20.871625,4,4,16.0,0.02857142857142857,0.9266860194365075,True,False,hypo_siscowet
NW_024058771.1:41816,NW_024058771.1,41816,56.10470000000001,30.664399999999997,-25.44030000000001,4,4,16.0,0.02857142857142857,0.9266860194365075,True,False,hypo_siscowet
NW_024058771.1:42172,NW_024058771.1,42172,33.8047,14.872082500000001,-18.932617499999996,4,4,16.0,0.02857142857142857,0.9266860194365075,True,False,hypo_siscowet
NW_024058771.1:42572,NW_024058771.1,42572,41.2169,17.820117500000002,-23.3967825,4,4,16.0,0.02857142857142857,0.9266860194365075,True,False,hypo_siscowet
NW_024058771.1:42994,NW_024058771.1,42994,30.4066,13.73115,-16.67545,4,4,16.0,0.02857142857142857,0.9266860194365075,True,False,hypo_siscowet
NW_024058771.1:43004,NW_024058771.1,43004,37.223375,16.852975,-20.370399999999997,4,4,16.0,0.02857142857142857,0.9266860194365075,True,False,hypo_siscowet
NW_024058771.1:43050,NW_024058771.1,43050,35.117324999999994,18.9390525,-16.178272499999995,4,4,16.0,0.02857142857142857,0.9266860194365075,True,False,hypo_siscowet
NW_024058771.1:43084,NW_024058771.1,43084,35.40455,19.938274999999997,-15.466275000000003,4,4,16.0,0.02857142857142857,0.9266860194365075,True,False,hypo_siscowet
NW_024058771.1:4322,NW_024058771.1,4322,38.5536,20.8099,-17.743700000000004,4,4,16.0,0.02857142857142857,0.9266860194365075,True,False,hypo_siscowet
NW_024058771.1:4332,NW_024058771.1,4332,44.698675,19.700924999999998,-24.997750000000003,4,4,16.0,0.02857142857142857,0.9266860194365075,True,False,hypo_siscowet
NW_024058771.1:43565,NW_024058771.1,43565,37.8808,17.285500000000003,-20.595299999999998,4,4,16.0,0.02857142857142857,0.9266860194365075,True,False,hypo_siscowet
NW_024058771.1:43606,NW_024058771.1,43606,41.89852499999999,20.67525,-21.223274999999994,4,4,16.0,0.02857142857142857,0.9266860194365075,True,False,hypo_siscowet
NW_024058771.1:43652,NW_024058771.1,43652,44.785075,19.321375,-25.4637,4,4,16.0,0.02857142857142857,0.9266860194365075,True,False,hypo_siscowet
NW_024058771.1:43686,NW_024058771.1,43686,47.83305,20.692625,-27.140425,4,4,16.0,0.02857142857142857,0.9266860194365075,True,False,hypo_siscowet
NW_024058771.1:43976,NW_024058771.1,43976,36.306975,18.68305,-17.623925,4,4,16.0,0.02857142857142857,0.9266860194365075,True,False,hypo_siscowet
NW_024058771.1:44087,NW_024058771.1,44087,42.404175,20.420475,-21.983700000000002,4,4,16.0,0.02857142857142857,0.9266860194365075,True,False,hypo_siscowet
NW_024058771.1:4409,NW_024058771.1,4409,41.2001,20.824475,-20.375625,4,4,16.0,0.02857142857142857,0.9266860194365075,True,False,hypo_siscowet
NW_024058771.1:44124,NW_024058771.1,44124,45.67685,24.384075,-21.292775000000002,4,4,16.0,0.02857142857142857,0.9266860194365075,True,False,hypo_siscowet
NW_024058771.1:4443,NW_024058771.1,4443,44.256575,21.2026,-23.053974999999998,4,4,16.0,0.02857142857142857,0.9266860194365075,True,False,hypo_siscowet
NW_024058771.1:4480,NW_024058771.1,4480,40.523624999999996,21.079525,-19.444099999999995,4,4,16.0,0.02857142857142857,0.9266860194365075,True,False,hypo_siscowet
NW_024058771.1:44808,NW_024058771.1,44808,46.468424999999996,23.474775,-22.993649999999995,4,4,16.0,0.02857142857142857,0.9266860194365075,True,False,hypo_siscowet
NW_024058771.1:44854,NW_024058771.1,44854,45.17245,23.9957,-21.17675,4,4,16.0,0.02857142857142857,0.9266860194365075,True,False,hypo_siscowet
NW_024058771.1:44888,NW_024058771.1,44888,46.60865,25.954825,-20.653824999999998,4,4,16.0,0.02857142857142857,0.9266860194365075,True,False,hypo_siscowet
NW_024058771.1:44967,NW_024058771.1,44967,38.023575,17.37025,-20.653325000000002,4,4,16.0,0.02857142857142857,0.9266860194365075,True,False,hypo_siscowet
NW_024058771.1:4532,NW_024058771.1,4532,33.416675,16.4543,-16.962374999999998,4,4,16.0,0.02857142857142857,0.9266860194365075,True,False,hypo_siscowet
NW_024058771.1:45355,NW_024058771.1,45355,37.6944,17.307724999999998,-20.386675000000004,3,4,12.0,0.04359664488554136,0.9266860194365075,True,False,hypo_siscowet
NW_024058771.1:4553,NW_024058771.1,4553,32.74295,13.948599999999999,-18.79435,4,4,16.0,0.02857142857142857,0.9266860194365075,True,False,hypo_siscowet
NW_024058771.1:4563,NW_024058771.1,4563,39.8176,22.1436,-17.674,4,4,16.0,0.02857142857142857,0.9266860194365075,True,False,hypo_siscowet
NW_024058771.1:4575,NW_024058771.1,4575,44.245675000000006,21.897925,-22.347750000000005,4,4,16.0,0.02857142857142857,0.9266860194365075,True,False,hypo_siscowet
NW_024058771.1:4609,NW_024058771.1,4609,39.687325,21.798175,-17.88915,4,4,16.0,0.02857142857142857,0.9266860194365075,True,False,hypo_siscowet
NW_024058771.1:4643,NW_024058771.1,4643,45.394575,22.239525,-23.155050000000003,4,4,16.0,0.02857142857142857,0.9266860194365075,True,False,hypo_siscowet
NW_024058771.1:4680,NW_024058771.1,4680,41.1175,20.407375000000002,-20.710124999999998,4,4,16.0,0.02857142857142857,0.9266860194365075,True,False,hypo_siscowet
NW_024058771.1:4722,NW_024058771.1,4722,37.061875,18.2952725,-18.7666025,4,4,16.0,0.02857142857142857,0.9266860194365075,True,False,hypo_siscowet
NW_024058771.1:4732,NW_024058771.1,4732,39.269275,18.81924,-20.450035,4,4,16.0,0.02857142857142857,0.9266860194365075,True,False,hypo_siscowet
NW_024058771.1:4753,NW_024058771.1,4753,35.877025,16.510827499999998,-19.366197500000006,4,4,16.0,0.02857142857142857,0.9266860194365075,True,False,hypo_siscowet
NW_024058771.1:4763,NW_024058771.1,4763,42.184425,19.99691,-22.187514999999998,4,4,16.0,0.02857142857142857,0.9266860194365075,True,False,hypo_siscowet
NW_024058771.1:4775,NW_024058771.1,4775,47.904450000000004,21.13469,-26.769760000000005,4,4,16.0,0.02857142857142857,0.9266860194365075,True,False,hypo_siscowet
NW_024058771.1:4809,NW_024058771.1,4809,41.02995,22.664675000000003,-18.365274999999997,4,4,16.0,0.02857142857142857,0.9266860194365075,True,False,hypo_siscowet
NW_024058771.1:4881,NW_024058771.1,4881,40.963899999999995,23.209400000000002,-17.754499999999993,4,4,16.0,0.02857142857142857,0.9266860194365075,True,False,hypo_siscowet
NW_024058771.1:4923,NW_024058771.1,4923,38.35185,19.9051,-18.446749999999998,4,4,16.0,0.02857142857142857,0.9266860194365075,True,False,hypo_siscowet
NW_024058771.1:4964,NW_024058771.1,4964,43.088525000000004,20.779725,-22.308800000000005,4,4,16.0,0.02857142857142857,0.9266860194365075,True,False,hypo_siscowet
NW_024058771.1:5010,NW_024058771.1,5010,40.04622500000001,19.8841,-20.162125000000007,4,4,16.0,0.02857142857142857,0.9266860194365075,True,False,hypo_siscowet
NW_024058771.1:5044,NW_024058771.1,5044,41.676899999999996,19.372875,-22.304024999999996,4,4,16.0,0.02857142857142857,0.9266860194365075,True,False,hypo_siscowet
NW_024058771.1:5081,NW_024058771.1,5081,42.035475000000005,20.568325,-21.467150000000004,4,4,16.0,0.02857142857142857,0.9266860194365075,True,False,hypo_siscowet
NW_024058771.1:5123,NW_024058771.1,5123,37.4732,20.298225000000002,-17.174974999999996,4,4,16.0,0.02857142857142857,0.9266860194365075,True,False,hypo_siscowet
NW_024058771.1:5177,NW_024058771.1,5177,46.7117,25.801175,-20.910525,4,4,16.0,0.02857142857142857,0.9266860194365075,True,False,hypo_siscowet
NW_024058771.1:5355,NW_024058771.1,5355,34.253725,16.5332,-17.720525000000002,4,4,16.0,0.02857142857142857,0.9266860194365075,True,False,hypo_siscowet
NW_024058771.1:5445,NW_024058771.1,5445,39.308625,21.029275,-18.27935,4,4,16.0,0.02857142857142857,0.9266860194365075,True,False,hypo_siscowet
NW_024058771.1:5482,NW_024058771.1,5482,43.027425,24.966225,-18.0612,4,4,16.0,0.02857142857142857,0.9266860194365075,True,False,hypo_siscowet
NW_024058771.1:5577,NW_024058771.1,5577,52.974925,25.048724999999997,-27.9262,4,4,16.0,0.02857142857142857,0.9266860194365075,True,False,hypo_siscowet
NW_024058771.1:5724,NW_024058771.1,5724,41.1733,20.077775,-21.095525,4,4,16.0,0.02857142857142857,0.9266860194365075,True,False,hypo_siscowet
NW_024058771.1:5755,NW_024058771.1,5755,39.21905,14.73745,-24.4816,4,4,16.0,0.02857142857142857,0.9266860194365075,True,False,hypo_siscowet
NW_024058771.1:5765,NW_024058771.1,5765,44.07935,21.905,-22.174349999999997,4,4,16.0,0.02857142857142857,0.9266860194365075,True,False,hypo_siscowet
NW_024058771.1:5811,NW_024058771.1,5811,46.5595,23.147475,-23.412025,4,4,16.0,0.02857142857142857,0.9266860194365075,True,False,hypo_siscowet
NW_024058771.1:5845,NW_024058771.1,5845,47.373549999999994,23.0411,-24.332449999999994,4,4,16.0,0.02857142857142857,0.9266860194365075,True,False,hypo_siscowet
NW_024058771.1:5882,NW_024058771.1,5882,45.224775,21.934325,-23.29045,4,4,16.0,0.02857142857142857,0.9266860194365075,True,False,hypo_siscowet
NW_024058771.1:5903,NW_024058771.1,5903,44.092124999999996,21.548175,-22.543949999999995,4,4,16.0,0.02857142857142857,0.9266860194365075,True,False,hypo_siscowet
NW_024058771.1:5924,NW_024058771.1,5924,45.4114,23.038475000000002,-22.372925,4,4,16.0,0.02857142857142857,0.9266860194365075,True,False,hypo_siscowet
NW_024058771.1:5965,NW_024058771.1,5965,45.526225,21.0703,-24.455924999999997,4,4,16.0,0.02857142857142857,0.9266860194365075,True,False,hypo_siscowet
NW_024058771.1:6698,NW_024058771.1,6698,25.845950000000002,9.410165,-16.435785000000003,4,4,16.0,0.02857142857142857,0.9266860194365075,True,False,hypo_siscowet
NW_024058771.1:7758,NW_024058771.1,7758,39.93705,22.41245,-17.5246,4,4,16.0,0.02857142857142857,0.9266860194365075,True,False,hypo_siscowet
NW_024058771.1:7799,NW_024058771.1,7799,46.087050000000005,23.4174,-22.669650000000004,4,4,16.0,0.02857142857142857,0.9266860194365075,True,False,hypo_siscowet
NW_024058771.1:7811,NW_024058771.1,7811,55.497025,28.162475,-27.33455,4,4,16.0,0.02857142857142857,0.9266860194365075,True,False,hypo_siscowet
NW_024058771.1:7879,NW_024058771.1,7879,46.79085,24.448975000000004,-22.341874999999995,4,4,16.0,0.02857142857142857,0.9266860194365075,True,False,hypo_siscowet
NW_024058771.1:8399,NW_024058771.1,8399,41.6559,23.26155,-18.394350000000003,4,4,16.0,0.02857142857142857,0.9266860194365075,True,False,hypo_siscowet
NW_024058771.1:8445,NW_024058771.1,8445,42.07665,22.05225,-20.0244,4,4,16.0,0.02857142857142857,0.9266860194365075,True,False,hypo_siscowet
NW_024058771.1:8479,NW_024058771.1,8479,41.96455,22.787525,-19.177025000000004,4,4,16.0,0.02857142857142857,0.9266860194365075,True,False,hypo_siscowet
NW_024058771.1:8516,NW_024058771.1,8516,46.724875,23.98195,-22.742924999999996,4,4,16.0,0.02857142857142857,0.9266860194365075,True,False,hypo_siscowet
NW_024058771.1:8558,NW_024058771.1,8558,47.197475,25.019675,-22.177799999999998,4,4,16.0,0.02857142857142857,0.9266860194365075,True,False,hypo_siscowet
NW_024058771.1:8599,NW_024058771.1,8599,46.78897500000001,27.1946,-19.594375000000007,4,4,16.0,0.02857142857142857,0.9266860194365075,True,False,hypo_siscowet
NW_024058771.1:8611,NW_024058771.1,8611,50.4043,28.438575,-21.965725,4,4,16.0,0.02857142857142857,0.9266860194365075,True,False,hypo_siscowet
NW_024058771.1:8645,NW_024058771.1,8645,44.703275,28.870150000000002,-15.833124999999995,4,4,16.0,0.02857142857142857,0.9266860194365075,True,False,hypo_siscowet
NW_024058771.1:9011,NW_024058771.1,9011,55.574275,34.96065,-20.613625,4,4,16.0,0.02857142857142857,0.9266860194365075,True,False,hypo_siscowet
NW_024058771.1:9116,NW_024058771.1,9116,50.443025000000006,31.742825000000003,-18.700200000000002,4,4,16.0,0.02857142857142857,0.9266860194365075,True,False,hypo_siscowet
NW_024058771.1:9158,NW_024058771.1,9158,44.0255,22.322000000000003,-21.7035,4,4,16.0,0.02857142857142857,0.9266860194365075,True,False,hypo_siscowet
NW_024058771.1:9199,NW_024058771.1,9199,44.176375,24.937274999999996,-19.239100000000004,4,4,16.0,0.02857142857142857,0.9266860194365075,True,False,hypo_siscowet
NW_024058771.1:9211,NW_024058771.1,9211,55.388600000000004,37.264425,-18.124175,4,4,16.0,0.02857142857142857,0.9266860194365075,True,False,hypo_siscowet
NW_024058771.1:9279,NW_024058771.1,9279,47.78825,29.877,-17.91125,4,4,16.0,0.02857142857142857,0.9266860194365075,True,False,hypo_siscowet
NW_024058771.1:9316,NW_024058771.1,9316,47.230599999999995,29.0523,-18.178299999999997,4,4,16.0,0.02857142857142857,0.9266860194365075,True,False,hypo_siscowet
NW_024058777.1:42256,NW_024058777.1,42256,58.56305,39.0088,-19.554249999999996,4,4,16.0,0.02857142857142857,0.9266860194365075,True,False,hypo_siscowet
NW_024058782.1:14331,NW_024058782.1,14331,42.719425,27.082275,-15.637150000000002,4,4,16.0,0.02857142857142857,0.9266860194365075,True,False,hypo_siscowet
NW_024058782.1:14411,NW_024058782.1,14411,43.778749999999995,28.386775,-15.391974999999995,4,4,16.0,0.02857142857142857,0.9266860194365075,True,False,hypo_siscowet
NW_024058782.1:14421,NW_024058782.1,14421,36.752875,21.7375,-15.015375000000002,4,4,16.0,0.02857142857142857,0.9266860194365075,True,False,hypo_siscowet
NW_024058782.1:34914,NW_024058782.1,34914,94.2052,78.749525,-15.455675,4,4,16.0,0.02857142857142857,0.9266860194365075,True,False,hypo_siscowet
NW_024058782.1:39026,NW_024058782.1,39026,92.94575,67.82372500000001,-25.122024999999994,4,4,16.0,0.02857142857142857,0.9266860194365075,True,False,hypo_siscowet
NW_024058782.1:39497,NW_024058782.1,39497,79.16385,61.0663,-18.09755,4,4,16.0,0.02857142857142857,0.9266860194365075,True,False,hypo_siscowet
NW_024058782.1:39504,NW_024058782.1,39504,84.267975,65.8479,-18.42007500000001,4,4,16.0,0.02857142857142857,0.9266860194365075,True,False,hypo_siscowet
NW_024058782.1:39599,NW_024058782.1,39599,90.9671,73.492575,-17.474525,4,4,16.0,0.02857142857142857,0.9266860194365075,True,False,hypo_siscowet
NW_024058782.1:41366,NW_024058782.1,41366,80.54384999999999,65.055375,-15.488474999999994,4,4,16.0,0.02857142857142857,0.9266860194365075,True,False,hypo_siscowet
NW_024058782.1:41368,NW_024058782.1,41368,71.24709999999999,54.127325,-17.11977499999999,4,4,16.0,0.02857142857142857,0.9266860194365075,True,False,hypo_siscowet
NW_024058782.1:9536,NW_024058782.1,9536,45.2719,22.674100000000003,-22.5978,4,4,15.5,0.042066412206780826,0.9266860194365075,True,False,hypo_siscowet
NW_024058782.1:9544,NW_024058782.1,9544,27.92585,11.1879725,-16.7378775,4,4,16.0,0.02857142857142857,0.9266860194365075,True,False,hypo_siscowet
NW_024058785.1:201971,NW_024058785.1,201971,63.134150000000005,29.59783333333333,-33.53631666666668,4,3,12.0,0.04974599072150299,0.9266860194365075,True,False,hypo_siscowet
NW_024058785.1:201978,NW_024058785.1,201978,65.3927,32.3593,-33.03340000000001,4,3,12.0,0.04974599072150299,0.9266860194365075,True,False,hypo_siscowet
NW_024058785.1:202065,NW_024058785.1,202065,63.94045,27.555533333333333,-36.38491666666667,4,3,12.0,0.04974599072150299,0.9266860194365075,True,False,hypo_siscowet
NW_024058785.1:393788,NW_024058785.1,393788,18.518510000000003,2.003205,-16.515305,3,4,12.0,0.04974599072150299,0.9266860194365075,True,False,hypo_siscowet
NW_024058785.1:394177,NW_024058785.1,394177,16.239323333333335,0.9615375,-15.277785833333335,3,4,12.0,0.04359664488554136,0.9266860194365075,True,False,hypo_siscowet
NW_024058785.1:767429,NW_024058785.1,767429,53.93785,21.86275,-32.0751,4,4,16.0,0.02857142857142857,0.9266860194365075,True,False,hypo_siscowet
NW_024058785.1:767447,NW_024058785.1,767447,68.878225,37.196400000000004,-31.681824999999996,4,4,16.0,0.02857142857142857,0.9266860194365075,True,False,hypo_siscowet
NW_024058785.1:767465,NW_024058785.1,767465,70.171475,34.7286,-35.442875,4,4,16.0,0.02857142857142857,0.9266860194365075,True,False,hypo_siscowet
NW_024058785.1:788978,NW_024058785.1,788978,32.458525,9.8416175,-22.616907500000003,4,4,16.0,0.02857142857142857,0.9266860194365075,True,False,hypo_siscowet
NW_024058785.1:789013,NW_024058785.1,789013,34.162549999999996,10.0755575,-24.086992499999994,4,4,16.0,0.02857142857142857,0.9266860194365075,True,False,hypo_siscowet
NW_024058785.1:789034,NW_024058785.1,789034,34.604675,9.1567575,-25.447917500000003,4,4,16.0,0.02857142857142857,0.9266860194365075,True,False,hypo_siscowet
NW_024058785.1:789037,NW_024058785.1,789037,26.335700000000003,9.193455,-17.142245000000003,4,4,16.0,0.02857142857142857,0.9266860194365075,True,False,hypo_siscowet
NW_024058785.1:789096,NW_024058785.1,789096,38.301175,9.6383825,-28.662792500000002,4,4,16.0,0.02857142857142857,0.9266860194365075,True,False,hypo_siscowet
NW_024058785.1:796232,NW_024058785.1,796232,65.893125,83.64645,17.753325000000004,4,4,0.0,0.02857142857142857,0.9266860194365075,True,False,hyper_siscowet
NW_024058785.1:796650,NW_024058785.1,796650,41.3248,56.625,15.300199999999997,3,4,0.0,0.04974599072150299,0.9266860194365075,True,False,hyper_siscowet
NW_024058785.1:797855,NW_024058785.1,797855,59.62803333333333,87.163975,27.535941666666666,3,4,0.0,0.04974599072150299,0.9266860194365075,True,False,hyper_siscowet
NW_024058785.1:797977,NW_024058785.1,797977,60.63493333333333,87.512825,26.877891666666677,3,4,0.0,0.04974599072150299,0.9266860194365075,True,False,hyper_siscowet
NW_024058785.1:988812,NW_024058785.1,988812,51.857775000000004,22.891966666666665,-28.96580833333334,4,3,12.0,0.04974599072150299,0.9266860194365075,True,False,hypo_siscowet
NW_024058785.1:989673,NW_024058785.1,989673,96.0,64.71946666666666,-31.280533333333338,4,3,12.0,0.04359664488554136,0.9266860194365075,True,False,hypo_siscowet
NW_024058787.1:128758,NW_024058787.1,128758,76.93965,56.044725,-20.894925,4,4,16.0,0.02857142857142857,0.9266860194365075,True,False,hypo_siscowet
NW_024058787.1:128768,NW_024058787.1,128768,76.6772,56.812375,-19.864824999999996,4,4,16.0,0.02857142857142857,0.9266860194365075,True,False,hypo_siscowet
NW_024058787.1:133375,NW_024058787.1,133375,90.60075,75.397425,-15.203325000000007,4,4,16.0,0.02857142857142857,0.9266860194365075,True,False,hypo_siscowet
NW_024058787.1:219914,NW_024058787.1,219914,16.891653333333334,0.5434775,-16.348175833333332,3,4,12.0,0.04359664488554136,0.9266860194365075,True,False,hypo_siscowet
NW_024058787.1:219949,NW_024058787.1,219949,18.8782,2.03877,-16.83943,3,4,12.0,0.04974599072150299,0.9266860194365075,True,False,hypo_siscowet
NW_024058787.1:220125,NW_024058787.1,220125,23.49206666666667,2.203525,-21.28854166666667,3,4,12.0,0.04974599072150299,0.9266860194365075,True,False,hypo_siscowet
NW_024058787.1:220423,NW_024058787.1,220423,49.122800000000005,12.8879775,-36.23482250000001,3,4,12.0,0.04974599072150299,0.9266860194365075,True,False,hypo_siscowet
NW_024058787.1:242341,NW_024058787.1,242341,30.770533333333333,14.364057500000001,-16.40647583333333,3,4,12.0,0.04974599072150299,0.9266860194365075,True,False,hypo_siscowet
NW_024058808.1:3285,NW_024058808.1,3285,61.073375,25.505975,-35.5674,4,4,16.0,0.02857142857142857,0.9266860194365075,True,False,hypo_siscowet
NW_024058808.1:3441,NW_024058808.1,3441,40.248625,20.172467500000003,-20.076157499999994,4,4,15.5,0.042066412206780826,0.9266860194365075,True,False,hypo_siscowet
NW_024058808.1:3570,NW_024058808.1,3570,53.10775,24.6627075,-28.445042500000003,4,4,16.0,0.02857142857142857,0.9266860194365075,True,False,hypo_siscowet
NW_024058808.1:4062,NW_024058808.1,4062,90.60962500000001,74.02777499999999,-16.581850000000017,4,4,16.0,0.02857142857142857,0.9266860194365075,True,False,hypo_siscowet
NW_024058808.1:41948,NW_024058808.1,41948,92.02515,73.0054,-19.019750000000002,4,4,16.0,0.02857142857142857,0.9266860194365075,True,False,hypo_siscowet
NW_024058808.1:41969,NW_024058808.1,41969,93.099175,73.334475,-19.764700000000005,4,4,16.0,0.02857142857142857,0.9266860194365075,True,False,hypo_siscowet
NW_024058808.1:41973,NW_024058808.1,41973,93.39215,74.245775,-19.146375000000006,4,4,15.5,0.042066412206780826,0.9266860194365075,True,False,hypo_siscowet
NW_024058808.1:41976,NW_024058808.1,41976,94.93785000000001,78.93785,-16.000000000000014,4,4,16.0,0.02857142857142857,0.9266860194365075,True,False,hypo_siscowet
NW_024058808.1:42003,NW_024058808.1,42003,91.745,75.8466,-15.89840000000001,4,4,16.0,0.02857142857142857,0.9266860194365075,True,False,hypo_siscowet
NW_024058808.1:42024,NW_024058808.1,42024,89.6092,73.20855,-16.40065,4,4,16.0,0.02857142857142857,0.9266860194365075,True,False,hypo_siscowet
NW_024058808.1:42109,NW_024058808.1,42109,91.1742,73.674925,-17.499274999999997,4,4,16.0,0.02857142857142857,0.9266860194365075,True,False,hypo_siscowet
NW_024058808.1:42136,NW_024058808.1,42136,86.55987499999999,68.6482,-17.91167499999999,4,4,16.0,0.02857142857142857,0.9266860194365075,True,False,hypo_siscowet
NW_024058808.1:43760,NW_024058808.1,43760,90.86575,75.608475,-15.257275000000007,4,4,16.0,0.02857142857142857,0.9266860194365075,True,False,hypo_siscowet
NW_024058808.1:43814,NW_024058808.1,43814,95.57725,78.69727500000002,-16.879974999999988,4,4,16.0,0.029401048190339642,0.9266860194365075,True,False,hypo_siscowet
NW_024058808.1:43830,NW_024058808.1,43830,97.6871,76.2419,-21.4452,4,4,16.0,0.029401048190339642,0.9266860194365075,True,False,hypo_siscowet
NW_024058808.1:43832,NW_024058808.1,43832,97.64955,82.21455,-15.435000000000002,4,4,15.5,0.04083312586129952,0.9266860194365075,True,False,hypo_siscowet
NW_024058808.1:43842,NW_024058808.1,43842,97.48485,75.46347499999999,-22.021375000000006,4,4,16.0,0.029401048190339642,0.9266860194365075,True,False,hypo_siscowet
NW_024058808.1:4489,NW_024058808.1,4489,91.01989999999999,75.509525,-15.510374999999996,4,4,16.0,0.02857142857142857,0.9266860194365075,True,False,hypo_siscowet
NW_024058808.1:4506,NW_024058808.1,4506,89.30472499999999,71.51845,-17.78627499999999,4,4,16.0,0.02857142857142857,0.9266860194365075,True,False,hypo_siscowet
NW_024058808.1:4537,NW_024058808.1,4537,88.96445,67.917875,-21.046575000000004,4,4,16.0,0.02857142857142857,0.9266860194365075,True,False,hypo_siscowet
NW_024058808.1:4605,NW_024058808.1,4605,72.56524999999999,48.57565,-23.98959999999999,4,4,16.0,0.02857142857142857,0.9266860194365075,True,False,hypo_siscowet
NW_024058808.1:4633,NW_024058808.1,4633,79.58605,54.488025,-25.098025,4,4,16.0,0.02857142857142857,0.9266860194365075,True,False,hypo_siscowet
NW_024058808.1:4639,NW_024058808.1,4639,95.10235,78.52565,-16.576700000000002,4,4,16.0,0.02857142857142857,0.9266860194365075,True,False,hypo_siscowet
NW_024058808.1:5561,NW_024058808.1,5561,87.98585,72.762625,-15.223225,4,4,15.5,0.042066412206780826,0.9266860194365075,True,False,hypo_siscowet
NW_024058826.1:30927,NW_024058826.1,30927,77.77777499999999,56.84625,-20.931524999999993,4,4,16.0,0.02857142857142857,0.9266860194365075,True,False,hypo_siscowet
NW_024058826.1:31377,NW_024058826.1,31377,71.83225,52.70935,-19.1229,4,4,16.0,0.02857142857142857,0.9266860194365075,True,False,hypo_siscowet
NW_024058826.1:31422,NW_024058826.1,31422,62.305550000000004,41.106775,-21.198775000000005,4,4,16.0,0.02857142857142857,0.9266860194365075,True,False,hypo_siscowet
NW_024058826.1:31456,NW_024058826.1,31456,61.435975,36.535325,-24.90065,4,4,16.0,0.02857142857142857,0.9266860194365075,True,False,hypo_siscowet
NW_024058826.1:31535,NW_024058826.1,31535,51.973675,30.625975,-21.3477,4,4,16.0,0.02857142857142857,0.9266860194365075,True,False,hypo_siscowet
NW_024058826.1:31576,NW_024058826.1,31576,57.41969999999999,34.79255,-22.627149999999993,4,4,16.0,0.02857142857142857,0.9266860194365075,True,False,hypo_siscowet
NW_024058826.1:31637,NW_024058826.1,31637,52.073575000000005,31.6195,-20.454075000000007,4,4,16.0,0.02857142857142857,0.9266860194365075,True,False,hypo_siscowet
NW_024058826.1:31683,NW_024058826.1,31683,61.72580000000001,40.1232,-21.60260000000001,4,4,16.0,0.02857142857142857,0.9266860194365075,True,False,hypo_siscowet
NW_024058826.1:31717,NW_024058826.1,31717,58.712225000000004,42.8384,-15.873825000000004,4,4,16.0,0.02857142857142857,0.9266860194365075,True,False,hypo_siscowet
NW_024058826.1:31754,NW_024058826.1,31754,58.271475,42.004875,-16.266600000000004,4,4,16.0,0.02857142857142857,0.9266860194365075,True,False,hypo_siscowet
NW_024058826.1:32027,NW_024058826.1,32027,64.3134,37.472925000000004,-26.840474999999998,4,4,16.0,0.02857142857142857,0.9266860194365075,True,False,hypo_siscowet
NW_024058826.1:32227,NW_024058826.1,32227,55.491725,32.406475,-23.085250000000002,4,4,16.0,0.02857142857142857,0.9266860194365075,True,False,hypo_siscowet
NW_024058826.1:32237,NW_024058826.1,32237,60.107225,40.69705,-19.410175000000002,4,4,16.0,0.02857142857142857,0.9266860194365075,True,False,hypo_siscowet
NW_024058826.1:32597,NW_024058826.1,32597,57.697625,40.676925,-17.020700000000005,4,4,16.0,0.029401048190339642,0.9266860194365075,True,False,hypo_siscowet
NW_024058826.1:32628,NW_024058826.1,32628,60.386875,38.299875,-22.087000000000003,4,4,16.0,0.02857142857142857,0.9266860194365075,True,False,hypo_siscowet
NW_024058826.1:32918,NW_024058826.1,32918,62.152074999999996,43.289825,-18.862249999999996,4,4,16.0,0.02857142857142857,0.9266860194365075,True,False,hypo_siscowet
NW_024058826.1:33007,NW_024058826.1,33007,55.396975000000005,35.520775,-19.876200000000004,4,4,16.0,0.02857142857142857,0.9266860194365075,True,False,hypo_siscowet
NW_024058826.1:33607,NW_024058826.1,33607,57.57445,37.3427,-20.231749999999998,4,4,16.0,0.02857142857142857,0.9266860194365075,True,False,hypo_siscowet
NW_024058826.1:33628,NW_024058826.1,33628,51.898775,31.7128,-20.185975,4,4,16.0,0.02857142857142857,0.9266860194365075,True,False,hypo_siscowet
NW_024058826.1:33638,NW_024058826.1,33638,57.496700000000004,35.754925,-21.741775000000004,4,4,16.0,0.02857142857142857,0.9266860194365075,True,False,hypo_siscowet
NW_024058826.1:33684,NW_024058826.1,33684,58.339175,36.949374999999996,-21.3898,4,4,16.0,0.02857142857142857,0.9266860194365075,True,False,hypo_siscowet
NW_024058826.1:33719,NW_024058826.1,33719,60.464625,40.677125000000004,-19.787499999999994,4,4,16.0,0.02857142857142857,0.9266860194365075,True,False,hypo_siscowet
NW_024058826.1:33852,NW_024058826.1,33852,66.82532499999999,33.8075,-33.017824999999995,4,4,16.0,0.02857142857142857,0.9266860194365075,True,False,hypo_siscowet
NW_024058826.1:33886,NW_024058826.1,33886,56.123075,34.04875,-22.074325,4,4,16.0,0.02857142857142857,0.9266860194365075,True,False,hypo_siscowet
NW_024058826.1:33920,NW_024058826.1,33920,55.909075,35.296475,-20.6126,4,4,16.0,0.029401048190339642,0.9266860194365075,True,False,hypo_siscowet
NW_024058826.1:33957,NW_024058826.1,33957,52.0768,36.239200000000004,-15.837599999999995,4,4,16.0,0.02857142857142857,0.9266860194365075,True,False,hypo_siscowet
NW_024058826.1:34230,NW_024058826.1,34230,50.95575,27.221874999999997,-23.733875000000005,4,4,16.0,0.02857142857142857,0.9266860194365075,True,False,hypo_siscowet
NW_024058826.1:34486,NW_024058826.1,34486,53.872499999999995,30.186225,-23.686274999999995,4,4,16.0,0.029401048190339642,0.9266860194365075,True,False,hypo_siscowet
NW_024058826.1:34520,NW_024058826.1,34520,58.978975000000005,31.20655,-27.772425000000005,4,4,16.0,0.02857142857142857,0.9266860194365075,True,False,hypo_siscowet
NW_024058826.1:34557,NW_024058826.1,34557,54.495625000000004,31.054975,-23.440650000000005,4,4,16.0,0.02857142857142857,0.9266860194365075,True,False,hypo_siscowet
NW_024058826.1:34686,NW_024058826.1,34686,48.257675000000006,31.088675000000002,-17.169000000000004,4,4,16.0,0.02857142857142857,0.9266860194365075,True,False,hypo_siscowet
NW_024058826.1:34757,NW_024058826.1,34757,55.233450000000005,30.762625,-24.470825000000005,4,4,16.0,0.02857142857142857,0.9266860194365075,True,False,hypo_siscowet
NW_024058826.1:34799,NW_024058826.1,34799,55.25365000000001,30.12305,-25.13060000000001,4,4,16.0,0.02857142857142857,0.9266860194365075,True,False,hypo_siscowet
NW_024058826.1:34886,NW_024058826.1,34886,57.689875,25.1783,-32.511575,4,4,16.0,0.02857142857142857,0.9266860194365075,True,False,hypo_siscowet
NW_024058826.1:34920,NW_024058826.1,34920,53.511825,25.436974999999997,-28.074850000000005,4,4,16.0,0.02857142857142857,0.9266860194365075,True,False,hypo_siscowet
NW_024058826.1:34958,NW_024058826.1,34958,52.077349999999996,25.9722,-26.105149999999995,4,4,16.0,0.02857142857142857,0.9266860194365075,True,False,hypo_siscowet
NW_024058826.1:35000,NW_024058826.1,35000,50.8136,26.83915,-23.97445,4,4,16.0,0.02857142857142857,0.9266860194365075,True,False,hypo_siscowet
NW_024058826.1:35041,NW_024058826.1,35041,51.888324999999995,31.618125,-20.270199999999996,4,4,16.0,0.02857142857142857,0.9266860194365075,True,False,hypo_siscowet
NW_024058826.1:35087,NW_024058826.1,35087,52.06415,34.44685,-17.6173,4,4,16.0,0.02857142857142857,0.9266860194365075,True,False,hypo_siscowet
NW_024058826.1:35121,NW_024058826.1,35121,54.682750000000006,33.603975,-21.078775000000007,4,4,16.0,0.02857142857142857,0.9266860194365075,True,False,hypo_siscowet
NW_024058826.1:35158,NW_024058826.1,35158,48.531074999999994,32.38504999999999,-16.146025,4,4,16.0,0.02857142857142857,0.9266860194365075,True,False,hypo_siscowet
NW_024058826.1:35179,NW_024058826.1,35179,45.052800000000005,25.770049999999998,-19.282750000000007,4,4,16.0,0.02857142857142857,0.9266860194365075,True,False,hypo_siscowet
NW_024058826.1:35200,NW_024058826.1,35200,49.637825,27.46965,-22.168174999999998,4,4,16.0,0.02857142857142857,0.9266860194365075,True,False,hypo_siscowet
NW_024058826.1:35241,NW_024058826.1,35241,49.5948,24.4205,-25.1743,4,4,16.0,0.02857142857142857,0.9266860194365075,True,False,hypo_siscowet
NW_024058826.1:35303,NW_024058826.1,35303,34.494525,15.465575,-19.028950000000002,4,4,16.0,0.02857142857142857,0.9266860194365075,True,False,hypo_siscowet
NW_024058826.1:35345,NW_024058826.1,35345,36.843199999999996,19.41495,-17.428249999999995,4,4,16.0,0.02857142857142857,0.9266860194365075,True,False,hypo_siscowet
NW_024058826.1:35366,NW_024058826.1,35366,32.34275,13.79195,-18.550800000000002,4,4,16.0,0.02857142857142857,0.9266860194365075,True,False,hypo_siscowet
NW_024058826.1:35474,NW_024058826.1,35474,29.685325,9.0324025,-20.6529225,4,4,16.0,0.02857142857142857,0.9266860194365075,True,False,hypo_siscowet
NW_024058826.1:35547,NW_024058826.1,35547,41.519225,14.66257,-26.856654999999996,4,4,16.0,0.02857142857142857,0.9266860194365075,True,False,hypo_siscowet
NW_024058826.1:35589,NW_024058826.1,35589,48.4279,19.698375,-28.729525000000002,4,4,16.0,0.02857142857142857,0.9266860194365075,True,False,hypo_siscowet
NW_024058826.1:35630,NW_024058826.1,35630,52.396675,24.207675000000002,-28.189,4,4,16.0,0.02857142857142857,0.9266860194365075,True,False,hypo_siscowet
NW_024058826.1:35677,NW_024058826.1,35677,56.421475,28.367874999999998,-28.053600000000003,4,4,16.0,0.02857142857142857,0.9266860194365075,True,False,hypo_siscowet
NW_024058826.1:35733,NW_024058826.1,35733,62.235975,29.576675,-32.6593,4,4,16.0,0.02857142857142857,0.9266860194365075,True,False,hypo_siscowet
NW_024058826.1:35775,NW_024058826.1,35775,63.661325000000005,29.1238,-34.537525,4,4,16.0,0.02857142857142857,0.9266860194365075,True,False,hypo_siscowet
NW_024058826.1:35816,NW_024058826.1,35816,54.59515,26.506025,-28.089124999999996,4,4,16.0,0.02857142857142857,0.9266860194365075,True,False,hypo_siscowet
NW_024058826.1:35861,NW_024058826.1,35861,45.77785,20.05865,-25.7192,4,4,16.0,0.02857142857142857,0.9266860194365075,True,False,hypo_siscowet
NW_024058826.1:35895,NW_024058826.1,35895,39.9684,17.734099999999998,-22.234300000000005,4,4,16.0,0.02857142857142857,0.9266860194365075,True,False,hypo_siscowet
NW_024058826.1:35932,NW_024058826.1,35932,34.63295,15.042825,-19.590125,4,4,16.0,0.02857142857142857,0.9266860194365075,True,False,hypo_siscowet
NW_024058826.1:35974,NW_024058826.1,35974,31.519175,13.5746275,-17.9445475,4,4,16.0,0.02857142857142857,0.9266860194365075,True,False,hypo_siscowet
NW_024058826.1:36015,NW_024058826.1,36015,31.052625,13.4952425,-17.5573825,4,4,16.0,0.02857142857142857,0.9266860194365075,True,False,hypo_siscowet
NW_024058826.1:36068,NW_024058826.1,36068,25.789125,9.516235,-16.272889999999997,4,4,16.0,0.02857142857142857,0.9266860194365075,True,False,hypo_siscowet
NW_024058826.1:36169,NW_024058826.1,36169,61.6369,32.7242,-28.912699999999994,4,4,16.0,0.02857142857142857,0.9266860194365075,True,False,hypo_siscowet
NW_024058826.1:36190,NW_024058826.1,36190,66.866375,36.855375,-30.011000000000003,4,4,16.0,0.02857142857142857,0.9266860194365075,True,False,hypo_siscowet
NW_024058826.1:36299,NW_024058826.1,36299,79.81995,48.778825,-31.041125000000008,4,4,16.0,0.02857142857142857,0.9266860194365075,True,False,hypo_siscowet
NW_024058826.1:36324,NW_024058826.1,36324,78.978,46.0653,-32.912699999999994,4,4,16.0,0.02857142857142857,0.9266860194365075,True,False,hypo_siscowet
NW_024058826.1:36368,NW_024058826.1,36368,60.354699999999994,32.04715,-28.307549999999992,4,4,16.0,0.02857142857142857,0.9266860194365075,True,False,hypo_siscowet
NW_024058826.1:36409,NW_024058826.1,36409,41.395925,19.11335,-22.282574999999998,4,4,16.0,0.02857142857142857,0.9266860194365075,True,False,hypo_siscowet
NW_024058826.1:36710,NW_024058826.1,36710,23.057100000000002,7.901809999999999,-15.155290000000003,4,4,16.0,0.02857142857142857,0.9266860194365075,True,False,hypo_siscowet
NW_024058826.1:36718,NW_024058826.1,36718,34.65405,14.311074999999999,-20.342975,4,4,16.0,0.02857142857142857,0.9266860194365075,True,False,hypo_siscowet
NW_024058826.1:36727,NW_024058826.1,36727,37.937625,17.984875000000002,-19.952749999999995,4,4,16.0,0.02857142857142857,0.9266860194365075,True,False,hypo_siscowet
NW_024058826.1:36730,NW_024058826.1,36730,52.828225,30.01035,-22.817875000000004,4,4,16.0,0.02857142857142857,0.9266860194365075,True,False,hypo_siscowet
NW_024058826.1:36768,NW_024058826.1,36768,63.9944,40.55865,-23.43575,4,4,16.0,0.02857142857142857,0.9266860194365075,True,False,hypo_siscowet
NW_024058826.1:36771,NW_024058826.1,36771,67.44805,43.001025,-24.447024999999996,4,4,16.0,0.02857142857142857,0.9266860194365075,True,False,hypo_siscowet
NW_024058826.1:36773,NW_024058826.1,36773,68.041225,48.104075,-19.937149999999995,4,4,16.0,0.02857142857142857,0.9266860194365075,True,False,hypo_siscowet
NW_024058826.1:36824,NW_024058826.1,36824,71.6952,55.128049999999995,-16.567150000000005,4,4,16.0,0.02857142857142857,0.9266860194365075,True,False,hypo_siscowet
NW_024058826.1:36827,NW_024058826.1,36827,76.636875,58.39735,-18.239525,4,4,16.0,0.02857142857142857,0.9266860194365075,True,False,hypo_siscowet
NW_024058826.1:36850,NW_024058826.1,36850,84.396525,67.443475,-16.95304999999999,4,4,16.0,0.02857142857142857,0.9266860194365075,True,False,hypo_siscowet
NW_024058826.1:36874,NW_024058826.1,36874,95.8971,78.69075,-17.20635,4,4,16.0,0.02857142857142857,0.9266860194365075,True,False,hypo_siscowet
NW_024058826.1:36896,NW_024058826.1,36896,92.31335,70.7483,-21.56505,4,4,16.0,0.02857142857142857,0.9266860194365075,True,False,hypo_siscowet
NW_024058826.1:36927,NW_024058826.1,36927,93.24275,69.99747500000001,-23.245274999999992,4,4,16.0,0.02857142857142857,0.9266860194365075,True,False,hypo_siscowet
NW_024058826.1:36930,NW_024058826.1,36930,94.389,72.81389999999999,-21.575100000000006,4,4,16.0,0.02857142857142857,0.9266860194365075,True,False,hypo_siscowet
NW_024058826.1:36934,NW_024058826.1,36934,91.88867499999999,69.78175,-22.10692499999999,4,4,16.0,0.02857142857142857,0.9266860194365075,True,False,hypo_siscowet
NW_024058826.1:36959,NW_024058826.1,36959,89.444275,65.591525,-23.85275,4,4,16.0,0.02857142857142857,0.9266860194365075,True,False,hypo_siscowet
NW_024058826.1:36966,NW_024058826.1,36966,89.78775,68.36755000000001,-21.420199999999994,4,4,16.0,0.02857142857142857,0.9266860194365075,True,False,hypo_siscowet
NW_024058826.1:36992,NW_024058826.1,36992,88.02552499999999,70.17654999999999,-17.848974999999996,4,4,16.0,0.02857142857142857,0.9266860194365075,True,False,hypo_siscowet
NW_024058826.1:36995,NW_024058826.1,36995,88.62389999999999,70.60730000000001,-18.016599999999983,4,4,16.0,0.02857142857142857,0.9266860194365075,True,False,hypo_siscowet
NW_024058826.1:37025,NW_024058826.1,37025,90.09450000000001,73.36445,-16.730050000000006,4,4,16.0,0.02857142857142857,0.9266860194365075,True,False,hypo_siscowet
NW_024058826.1:37028,NW_024058826.1,37028,88.99754999999999,72.93405000000001,-16.063499999999976,4,4,16.0,0.02857142857142857,0.9266860194365075,True,False,hypo_siscowet
NW_024058826.1:37058,NW_024058826.1,37058,89.15650000000001,73.5745,-15.582000000000008,4,4,16.0,0.02857142857142857,0.9266860194365075,True,False,hypo_siscowet
NW_024058826.1:37061,NW_024058826.1,37061,91.49910000000001,73.893025,-17.60607500000002,4,4,16.0,0.02857142857142857,0.9266860194365075,True,False,hypo_siscowet
NW_024058826.1:37094,NW_024058826.1,37094,89.64642500000001,73.627975,-16.01845,4,4,16.0,0.02857142857142857,0.9266860194365075,True,False,hypo_siscowet
NW_024058826.1:37098,NW_024058826.1,37098,89.413225,73.5914,-15.821825000000004,4,4,16.0,0.02857142857142857,0.9266860194365075,True,False,hypo_siscowet
NW_024058826.1:37144,NW_024058826.1,37144,88.13877500000001,69.55985,-18.578925000000012,4,4,16.0,0.02857142857142857,0.9266860194365075,True,False,hypo_siscowet
NW_024058826.1:37157,NW_024058826.1,37157,91.978325,75.288025,-16.690299999999993,4,4,16.0,0.02857142857142857,0.9266860194365075,True,False,hypo_siscowet
NW_024058826.1:37211,NW_024058826.1,37211,94.333625,77.686625,-16.64699999999999,4,4,16.0,0.02857142857142857,0.9266860194365075,True,False,hypo_siscowet
NW_024058826.1:37222,NW_024058826.1,37222,91.29325,69.70855,-21.584699999999998,4,4,16.0,0.02857142857142857,0.9266860194365075,True,False,hypo_siscowet
NW_024058826.1:37248,NW_024058826.1,37248,91.82034999999999,74.86545,-16.954899999999995,4,4,16.0,0.02857142857142857,0.9266860194365075,True,False,hypo_siscowet
NW_024058826.1:37252,NW_024058826.1,37252,94.581525,79.14625000000001,-15.43527499999999,4,4,16.0,0.02857142857142857,0.9266860194365075,True,False,hypo_siscowet
NW_024058826.1:37470,NW_024058826.1,37470,57.411225,40.1789,-17.232325000000003,4,4,16.0,0.029401048190339642,0.9266860194365075,True,False,hypo_siscowet
NW_024058826.1:37479,NW_024058826.1,37479,61.12065,45.056975,-16.063674999999996,4,4,16.0,0.02857142857142857,0.9266860194365075,True,False,hypo_siscowet
NW_024058826.1:37484,NW_024058826.1,37484,70.276975,48.520475000000005,-21.75649999999999,4,4,16.0,0.02857142857142857,0.9266860194365075,True,False,hypo_siscowet
NW_024058826.1:37489,NW_024058826.1,37489,87.41817499999999,67.00895,-20.409224999999992,4,4,16.0,0.02857142857142857,0.9266860194365075,True,False,hypo_siscowet
NW_024058826.1:37492,NW_024058826.1,37492,89.511475,70.228425,-19.283050000000003,4,4,16.0,0.02857142857142857,0.9266860194365075,True,False,hypo_siscowet
NW_024058826.1:37581,NW_024058826.1,37581,93.3173,74.137375,-19.179924999999997,4,4,16.0,0.02857142857142857,0.9266860194365075,True,False,hypo_siscowet
NW_024058826.1:37603,NW_024058826.1,37603,94.6909,79.26085,-15.430049999999994,4,4,16.0,0.02857142857142857,0.9266860194365075,True,False,hypo_siscowet
NW_024058826.1:44336,NW_024058826.1,44336,90.068725,74.78435,-15.284374999999997,4,4,16.0,0.02857142857142857,0.9266860194365075,True,False,hypo_siscowet
NW_024058826.1:44711,NW_024058826.1,44711,85.46039999999999,67.94895,-17.511449999999996,4,4,16.0,0.02857142857142857,0.9266860194365075,True,False,hypo_siscowet
NW_024058826.1:45154,NW_024058826.1,45154,90.63855,74.81445000000001,-15.824099999999987,4,4,16.0,0.02857142857142857,0.9266860194365075,True,False,hypo_siscowet
NW_024058826.1:45159,NW_024058826.1,45159,92.402825,77.079075,-15.323750000000004,4,4,16.0,0.02857142857142857,0.9266860194365075,True,False,hypo_siscowet
NW_024058826.1:45166,NW_024058826.1,45166,90.37234999999998,73.06762499999999,-17.30472499999999,4,4,16.0,0.02857142857142857,0.9266860194365075,True,False,hypo_siscowet
NW_024058826.1:8503,NW_024058826.1,8503,89.63833333333332,72.90405,-16.734283333333323,3,4,12.0,0.04974599072150299,0.9266860194365075,True,False,hypo_siscowet
NW_024058840.1:20465,NW_024058840.1,20465,63.35785,45.059075,-18.298775,4,4,16.0,0.029401048190339642,0.9266860194365075,True,False,hypo_siscowet
NW_024058840.1:20506,NW_024058840.1,20506,67.79335,41.660325,-26.133025000000004,4,4,16.0,0.02857142857142857,0.9266860194365075,True,False,hypo_siscowet
NW_024058840.1:20527,NW_024058840.1,20527,64.724875,28.780749999999998,-35.944125,4,4,16.0,0.02857142857142857,0.9266860194365075,True,False,hypo_siscowet
NW_024058840.1:20667,NW_024058840.1,20667,70.782375,54.637225,-16.14515,4,4,16.0,0.02857142857142857,0.9266860194365075,True,False,hypo_siscowet
NW_024058840.1:20729,NW_024058840.1,20729,70.70875000000001,54.9617,-15.747050000000009,4,4,16.0,0.02857142857142857,0.9266860194365075,True,False,hypo_siscowet
NW_024058840.1:20750,NW_024058840.1,20750,74.9971,53.77505,-21.222050000000003,4,4,16.0,0.02857142857142857,0.9266860194365075,True,False,hypo_siscowet
NW_024058840.1:20792,NW_024058840.1,20792,78.863125,53.6827,-25.180425,4,4,16.0,0.02857142857142857,0.9266860194365075,True,False,hypo_siscowet
NW_024058840.1:20854,NW_024058840.1,20854,84.44445,66.518975,-17.925475000000006,4,4,16.0,0.02857142857142857,0.9266860194365075,True,False,hypo_siscowet
NW_024058840.1:20916,NW_024058840.1,20916,80.0408,52.357225,-27.683575000000005,4,4,16.0,0.02857142857142857,0.9266860194365075,True,False,hypo_siscowet
NW_024058840.1:20937,NW_024058840.1,20937,73.823275,46.354725,-27.468549999999993,4,4,16.0,0.02857142857142857,0.9266860194365075,True,False,hypo_siscowet
NW_024058840.1:21486,NW_024058840.1,21486,78.34039999999999,61.57832500000001,-16.76207499999998,4,4,16.0,0.02857142857142857,0.9266860194365075,True,False,hypo_siscowet
NW_024058840.1:21507,NW_024058840.1,21507,75.711,55.190625000000004,-20.520374999999994,4,4,16.0,0.02857142857142857,0.9266860194365075,True,False,hypo_siscowet
NW_024058840.1:21528,NW_024058840.1,21528,76.9873,52.388374999999996,-24.59892500000001,4,4,16.0,0.02857142857142857,0.9266860194365075,True,False,hypo_siscowet
NW_024058840.1:21601,NW_024058840.1,21601,82.583225,64.185425,-18.397800000000004,4,4,16.0,0.02857142857142857,0.9266860194365075,True,False,hypo_siscowet
NW_024058840.1:35598,NW_024058840.1,35598,88.76565,71.73849999999999,-17.027150000000006,4,4,16.0,0.02857142857142857,0.9266860194365075,True,False,hypo_siscowet
NW_024058840.1:35786,NW_024058840.1,35786,66.80395,45.794125,-21.009825,4,4,16.0,0.029401048190339642,0.9266860194365075,True,False,hypo_siscowet
NW_024058840.1:35789,NW_024058840.1,35789,65.84389999999999,40.030024999999995,-25.813874999999996,4,4,16.0,0.02857142857142857,0.9266860194365075,True,False,hypo_siscowet
NW_024058840.1:35827,NW_024058840.1,35827,59.713825,30.43495,-29.278875,4,4,16.0,0.02857142857142857,0.9266860194365075,True,False,hypo_siscowet
NW_024058840.1:35830,NW_024058840.1,35830,44.959875,14.145577500000002,-30.814297499999995,4,4,16.0,0.02857142857142857,0.9266860194365075,True,False,hypo_siscowet
NW_024058840.1:35839,NW_024058840.1,35839,43.154975,16.088275,-27.0667,4,4,16.0,0.02857142857142857,0.9266860194365075,True,False,hypo_siscowet
NW_024058840.1:35847,NW_024058840.1,35847,29.969325000000005,9.30555,-20.663775000000005,4,4,16.0,0.029401048190339642,0.9266860194365075,True,False,hypo_siscowet
NW_024058840.1:35857,NW_024058840.1,35857,32.688225,11.646702499999998,-21.041522500000006,4,4,16.0,0.02857142857142857,0.9266860194365075,True,False,hypo_siscowet
NW_024058840.1:36148,NW_024058840.1,36148,38.433,21.241325,-17.191675,4,4,16.0,0.02857142857142857,0.9266860194365075,True,False,hypo_siscowet
NW_024058840.1:36222,NW_024058840.1,36222,63.949600000000004,44.664975,-19.284625000000005,4,4,16.0,0.02857142857142857,0.9266860194365075,True,False,hypo_siscowet
NW_024058842.1:166113,NW_024058842.1,166113,48.3199,29.68075,-18.639149999999997,3,4,12.0,0.04974599072150299,0.9266860194365075,True,False,hypo_siscowet
NW_024058842.1:166384,NW_024058842.1,166384,57.798975,23.302625,-34.49635,4,4,16.0,0.02857142857142857,0.9266860194365075,True,False,hypo_siscowet
NW_024058842.1:166426,NW_024058842.1,166426,58.628375000000005,28.2492,-30.379175000000007,4,4,16.0,0.02857142857142857,0.9266860194365075,True,False,hypo_siscowet
NW_024058842.1:166491,NW_024058842.1,166491,55.20545,22.318175,-32.887275,4,4,16.0,0.02857142857142857,0.9266860194365075,True,False,hypo_siscowet
NW_024058842.1:172148,NW_024058842.1,172148,34.20225000000001,9.92959,-24.27266000000001,4,4,16.0,0.02857142857142857,0.9266860194365075,True,False,hypo_siscowet
NW_024058842.1:172257,NW_024058842.1,172257,49.134074999999996,19.766175,-29.367899999999995,4,4,16.0,0.02857142857142857,0.9266860194365075,True,False,hypo_siscowet
NW_024058842.1:217484,NW_024058842.1,217484,40.67235,77.80664999999999,37.13429999999999,4,4,0.0,0.02857142857142857,0.9266860194365075,True,False,hyper_siscowet
NW_024058857.1:34108,NW_024058857.1,34108,100.0,84.6591,-15.340900000000005,3,4,12.0,0.04359664488554136,0.9266860194365075,True,False,hypo_siscowet
NW_024058866.1:37568,NW_024058866.1,37568,51.679325,35.441625,-16.237699999999997,4,4,16.0,0.02857142857142857,0.9266860194365075,True,False,hypo_siscowet
NW_024058881.1:27620,NW_024058881.1,27620,91.919925,74.823775,-17.09615000000001,4,4,16.0,0.02857142857142857,0.9266860194365075,True,False,hypo_siscowet
NW_024058907.1:36601,NW_024058907.1,36601,59.223625,44.158474999999996,-15.065150000000003,4,4,16.0,0.02857142857142857,0.9266860194365075,True,False,hypo_siscowet
NW_024058907.1:36626,NW_024058907.1,36626,54.39235,38.984075000000004,-15.408274999999996,4,4,16.0,0.02857142857142857,0.9266860194365075,True,False,hypo_siscowet
NW_024058907.1:36668,NW_024058907.1,36668,49.721225000000004,33.339625,-16.381600000000006,4,4,16.0,0.02857142857142857,0.9266860194365075,True,False,hypo_siscowet
NW_024058907.1:36711,NW_024058907.1,36711,40.478425,24.48395,-15.994475000000001,4,4,16.0,0.02857142857142857,0.9266860194365075,True,False,hypo_siscowet
NW_024058907.1:37270,NW_024058907.1,37270,63.71605,48.24985,-15.4662,4,4,16.0,0.02857142857142857,0.9266860194365075,True,False,hypo_siscowet
NW_024058907.1:37279,NW_024058907.1,37279,67.03685,46.595225,-20.441625000000002,4,4,16.0,0.02857142857142857,0.9266860194365075,True,False,hypo_siscowet
NW_024058907.1:37318,NW_024058907.1,37318,63.602225000000004,47.188599999999994,-16.41362500000001,4,4,16.0,0.02857142857142857,0.9266860194365075,True,False,hypo_siscowet
NW_024058907.1:37379,NW_024058907.1,37379,51.766774999999996,36.271100000000004,-15.495674999999991,4,4,16.0,0.02857142857142857,0.9266860194365075,True,False,hypo_siscowet
NW_024058907.1:37398,NW_024058907.1,37398,54.03075,35.458749999999995,-18.572000000000003,4,4,16.0,0.02857142857142857,0.9266860194365075,True,False,hypo_siscowet
NW_024058907.1:37407,NW_024058907.1,37407,42.2172,26.32555,-15.891649999999998,4,4,16.0,0.02857142857142857,0.9266860194365075,True,False,hypo_siscowet
NW_024058907.1:38101,NW_024058907.1,38101,50.239025000000005,35.075725,-15.163300000000007,4,4,16.0,0.02857142857142857,0.9266860194365075,True,False,hypo_siscowet
NW_024058907.1:38793,NW_024058907.1,38793,60.574425,45.5479,-15.026525,4,4,16.0,0.02857142857142857,0.9266860194365075,True,False,hypo_siscowet
NW_024058907.1:38806,NW_024058907.1,38806,58.21254999999999,42.8461,-15.366449999999993,4,4,16.0,0.02857142857142857,0.9266860194365075,True,False,hypo_siscowet
NW_024058907.1:38845,NW_024058907.1,38845,45.363575,28.753249999999998,-16.610325,4,4,16.0,0.02857142857142857,0.9266860194365075,True,False,hypo_siscowet
NW_024058907.1:39008,NW_024058907.1,39008,49.488475,33.081500000000005,-16.406974999999996,4,4,16.0,0.02857142857142857,0.9266860194365075,True,False,hypo_siscowet
NW_024058907.1:39507,NW_024058907.1,39507,65.718275,49.763075,-15.955200000000005,4,4,16.0,0.02857142857142857,0.9266860194365075,True,False,hypo_siscowet
NW_024058907.1:39520,NW_024058907.1,39520,64.332475,48.96885,-15.363624999999999,4,4,16.0,0.02857142857142857,0.9266860194365075,True,False,hypo_siscowet
NW_024058907.1:39545,NW_024058907.1,39545,61.5138,42.375125,-19.138675000000006,4,4,16.0,0.02857142857142857,0.9266860194365075,True,False,hypo_siscowet
NW_024058907.1:39568,NW_024058907.1,39568,54.893475,35.252624999999995,-19.640850000000007,4,4,16.0,0.02857142857142857,0.9266860194365075,True,False,hypo_siscowet
NW_024058907.1:39587,NW_024058907.1,39587,55.09177499999999,34.4752,-20.61657499999999,4,4,16.0,0.02857142857142857,0.9266860194365075,True,False,hypo_siscowet
NW_024058907.1:40265,NW_024058907.1,40265,63.701449999999994,47.5817,-16.119749999999996,4,4,16.0,0.02857142857142857,0.9266860194365075,True,False,hypo_siscowet
NW_024058907.1:40290,NW_024058907.1,40290,59.13725,41.1626,-17.974650000000004,4,4,16.0,0.02857142857142857,0.9266860194365075,True,False,hypo_siscowet
NW_024058907.1:40313,NW_024058907.1,40313,53.830625,35.916325,-17.914299999999997,4,4,16.0,0.02857142857142857,0.9266860194365075,True,False,hypo_siscowet
NW_024058907.1:40332,NW_024058907.1,40332,53.829275,35.643675,-18.1856,4,4,16.0,0.02857142857142857,0.9266860194365075,True,False,hypo_siscowet
NW_024058907.1:40957,NW_024058907.1,40957,71.56880000000001,53.6216,-17.94720000000001,4,4,16.0,0.02857142857142857,0.9266860194365075,True,False,hypo_siscowet
NW_024058907.1:40996,NW_024058907.1,40996,66.2353,49.9213,-16.313999999999993,4,4,16.0,0.02857142857142857,0.9266860194365075,True,False,hypo_siscowet
NW_024058907.1:41009,NW_024058907.1,41009,63.149674999999995,46.447625,-16.702049999999993,4,4,16.0,0.02857142857142857,0.9266860194365075,True,False,hypo_siscowet
NW_024058907.1:41034,NW_024058907.1,41034,58.048725000000005,41.23855,-16.810175000000008,4,4,16.0,0.02857142857142857,0.9266860194365075,True,False,hypo_siscowet
NW_024058907.1:41057,NW_024058907.1,41057,51.92455,35.448275,-16.476275,4,4,16.0,0.02857142857142857,0.9266860194365075,True,False,hypo_siscowet
NW_024058907.1:41076,NW_024058907.1,41076,54.784875,37.02105,-17.763824999999997,4,4,16.0,0.02857142857142857,0.9266860194365075,True,False,hypo_siscowet
NW_024058907.1:41119,NW_024058907.1,41119,42.8725,27.284599999999998,-15.587900000000005,4,4,16.0,0.02857142857142857,0.9266860194365075,True,False,hypo_siscowet
NW_024058907.1:41633,NW_024058907.1,41633,53.9995,36.347875,-17.651624999999996,4,4,16.0,0.02857142857142857,0.9266860194365075,True,False,hypo_siscowet
NW_024058907.1:41677,NW_024058907.1,41677,66.72595,48.018425,-18.707524999999997,4,4,16.0,0.02857142857142857,0.9266860194365075,True,False,hypo_siscowet
NW_024058907.1:41725,NW_024058907.1,41725,66.329325,46.184525,-20.144799999999996,4,4,16.0,0.02857142857142857,0.9266860194365075,True,False,hypo_siscowet
NW_024058907.1:41738,NW_024058907.1,41738,63.66374999999999,43.409924999999994,-20.253825,4,4,16.0,0.02857142857142857,0.9266860194365075,True,False,hypo_siscowet
NW_024058907.1:41763,NW_024058907.1,41763,55.977875,40.9713,-15.006574999999998,4,4,16.0,0.02857142857142857,0.9266860194365075,True,False,hypo_siscowet
NW_024058907.1:41796,NW_024058907.1,41796,49.891275,34.163275,-15.728000000000002,4,4,16.0,0.02857142857142857,0.9266860194365075,True,False,hypo_siscowet
NW_024058907.1:41959,NW_024058907.1,41959,51.02875,26.300150000000002,-24.7286,4,4,16.0,0.02857142857142857,0.9266860194365075,True,False,hypo_siscowet
NW_024058907.1:42458,NW_024058907.1,42458,65.593925,50.053450000000005,-15.540474999999994,4,4,16.0,0.02857142857142857,0.9266860194365075,True,False,hypo_siscowet
NW_024058907.1:42471,NW_024058907.1,42471,65.197225,46.302775000000004,-18.89445,4,4,16.0,0.02857142857142857,0.9266860194365075,True,False,hypo_siscowet
NW_024058907.1:42496,NW_024058907.1,42496,60.406349999999996,42.780925,-17.625424999999993,4,4,16.0,0.02857142857142857,0.9266860194365075,True,False,hypo_siscowet
NW_024058907.1:42519,NW_024058907.1,42519,55.57695,35.5529,-20.024049999999995,4,4,16.0,0.02857142857142857,0.9266860194365075,True,False,hypo_siscowet
NW_024058907.1:42538,NW_024058907.1,42538,56.642849999999996,36.755125,-19.887724999999996,4,4,16.0,0.02857142857142857,0.9266860194365075,True,False,hypo_siscowet
NW_024058907.1:43240,NW_024058907.1,43240,58.750550000000004,41.49135,-17.259200000000007,4,4,16.0,0.02857142857142857,0.9266860194365075,True,False,hypo_siscowet
NW_024058907.1:43263,NW_024058907.1,43263,53.896300000000004,34.830124999999995,-19.06617500000001,4,4,16.0,0.02857142857142857,0.9266860194365075,True,False,hypo_siscowet
NW_024058907.1:43282,NW_024058907.1,43282,54.034400000000005,36.0353,-17.999100000000006,4,4,16.0,0.02857142857142857,0.9266860194365075,True,False,hypo_siscowet
NW_024058907.1:43945,NW_024058907.1,43945,63.987075,48.722075000000004,-15.264999999999993,4,4,16.0,0.02857142857142857,0.9266860194365075,True,False,hypo_siscowet
NW_024058907.1:43983,NW_024058907.1,43983,60.276450000000004,40.900675,-19.375775000000004,4,4,16.0,0.02857142857142857,0.9266860194365075,True,False,hypo_siscowet
NW_024058907.1:44006,NW_024058907.1,44006,54.058524999999996,34.832074999999996,-19.22645,4,4,16.0,0.02857142857142857,0.9266860194365075,True,False,hypo_siscowet
NW_024058907.1:44025,NW_024058907.1,44025,53.3039,34.358325,-18.945574999999998,4,4,16.0,0.02857142857142857,0.9266860194365075,True,False,hypo_siscowet
NW_024058909.1:230512,NW_024058909.1,230512,98.333325,78.92156666666666,-19.41175833333334,4,3,12.0,0.04359664488554136,0.9266860194365075,True,False,hypo_siscowet
NW_024058909.1:230605,NW_024058909.1,230605,64.7945,47.9903,-16.8042,4,3,12.0,0.04974599072150299,0.9266860194365075,True,False,hypo_siscowet
NW_024058909.1:27893,NW_024058909.1,27893,96.96969999999999,79.61975000000001,-17.34994999999998,3,4,12.0,0.04974599072150299,0.9266860194365075,True,False,hypo_siscowet
NW_024058931.1:65764,NW_024058931.1,65764,100.0,79.652775,-20.347224999999995,3,4,12.0,0.04359664488554136,0.9266860194365075,True,False,hypo_siscowet
NW_024058934.1:33262,NW_024058934.1,33262,73.43436666666668,42.68715,-30.747216666666674,3,4,12.0,0.04974599072150299,0.9266860194365075,True,False,hypo_siscowet
NW_024058934.1:33411,NW_024058934.1,33411,97.61903333333333,80.323825,-17.295208333333335,3,4,12.0,0.04974599072150299,0.9266860194365075,True,False,hypo_siscowet
NW_024058936.1:10003,NW_024058936.1,10003,69.643975,53.85605,-15.787924999999994,4,4,15.5,0.042066412206780826,0.9266860194365075,True,False,hypo_siscowet
NW_024058936.1:10257,NW_024058936.1,10257,55.72955,26.086966666666665,-29.642583333333338,4,3,12.0,0.04974599072150299,0.9266860194365075,True,False,hypo_siscowet
NW_024058936.1:10458,NW_024058936.1,10458,52.222225,34.7085,-17.513725,4,4,16.0,0.02857142857142857,0.9266860194365075,True,False,hypo_siscowet
NW_024058936.1:10617,NW_024058936.1,10617,58.58735,33.15295,-25.434400000000004,4,4,16.0,0.02857142857142857,0.9266860194365075,True,False,hypo_siscowet
NW_024058936.1:10901,NW_024058936.1,10901,56.620025,31.604999999999997,-25.015025,4,4,16.0,0.02857142857142857,0.9266860194365075,True,False,hypo_siscowet
NW_024058936.1:10938,NW_024058936.1,10938,57.905075,28.410325,-29.494749999999996,4,4,16.0,0.02857142857142857,0.9266860194365075,True,False,hypo_siscowet
NW_024058936.1:10972,NW_024058936.1,10972,57.0629,28.576625,-28.486275,4,4,16.0,0.02857142857142857,0.9266860194365075,True,False,hypo_siscowet
NW_024058936.1:11018,NW_024058936.1,11018,53.445425,26.077800000000003,-27.367624999999997,4,4,16.0,0.02857142857142857,0.9266860194365075,True,False,hypo_siscowet
NW_024058936.1:11049,NW_024058936.1,11049,49.405525000000004,24.152475,-25.253050000000005,4,4,16.0,0.02857142857142857,0.9266860194365075,True,False,hypo_siscowet
NW_024058936.1:11059,NW_024058936.1,11059,46.78645,27.605700000000002,-19.18075,4,4,15.5,0.042066412206780826,0.9266860194365075,True,False,hypo_siscowet
NW_024058936.1:11101,NW_024058936.1,11101,50.320325,35.134875,-15.185449999999996,4,4,16.0,0.02857142857142857,0.9266860194365075,True,False,hypo_siscowet
NW_024058936.1:11138,NW_024058936.1,11138,54.953225,33.4887,-21.464525000000002,4,4,16.0,0.02857142857142857,0.9266860194365075,True,False,hypo_siscowet
NW_024058936.1:11172,NW_024058936.1,11172,56.58495,35.67490000000001,-20.91004999999999,4,4,16.0,0.02857142857142857,0.9266860194365075,True,False,hypo_siscowet
NW_024058936.1:11206,NW_024058936.1,11206,67.2179,41.868225,-25.349674999999998,4,4,16.0,0.02857142857142857,0.9266860194365075,True,False,hypo_siscowet
NW_024058936.1:11259,NW_024058936.1,11259,58.58839999999999,34.3334,-24.254999999999995,4,4,16.0,0.02857142857142857,0.9266860194365075,True,False,hypo_siscowet
NW_024058936.1:11301,NW_024058936.1,11301,61.173075000000004,38.2988,-22.874275000000004,4,4,16.0,0.02857142857142857,0.9266860194365075,True,False,hypo_siscowet
NW_024058936.1:11338,NW_024058936.1,11338,58.39835,33.69985,-24.698500000000003,4,4,16.0,0.02857142857142857,0.9266860194365075,True,False,hypo_siscowet
NW_024058936.1:11372,NW_024058936.1,11372,55.088249999999995,33.7921,-21.296149999999997,4,4,16.0,0.02857142857142857,0.9266860194365075,True,False,hypo_siscowet
NW_024058936.1:11418,NW_024058936.1,11418,55.790825000000005,30.232825,-25.558000000000007,4,4,16.0,0.02857142857142857,0.9266860194365075,True,False,hypo_siscowet
NW_024058936.1:11501,NW_024058936.1,11501,58.909075,32.046225,-26.86285,4,4,16.0,0.02857142857142857,0.9266860194365075,True,False,hypo_siscowet
NW_024058936.1:11538,NW_024058936.1,11538,59.73757500000001,30.8007,-28.936875000000008,4,4,16.0,0.02857142857142857,0.9266860194365075,True,False,hypo_siscowet
NW_024058936.1:11572,NW_024058936.1,11572,63.8694,32.632225,-31.237175,4,4,16.0,0.02857142857142857,0.9266860194365075,True,False,hypo_siscowet
NW_024058936.1:11606,NW_024058936.1,11606,69.089425,34.170075000000004,-34.91935,4,4,16.0,0.02857142857142857,0.9266860194365075,True,False,hypo_siscowet
NW_024058936.1:11618,NW_024058936.1,11618,63.4832,30.3242,-33.15899999999999,4,4,16.0,0.02857142857142857,0.9266860194365075,True,False,hypo_siscowet
NW_024058936.1:11649,NW_024058936.1,11649,54.809,27.534475,-27.274524999999997,4,4,16.0,0.02857142857142857,0.9266860194365075,True,False,hypo_siscowet
NW_024058936.1:11859,NW_024058936.1,11859,40.8006,23.7796,-17.021000000000004,4,4,16.0,0.02857142857142857,0.9266860194365075,True,False,hypo_siscowet
NW_024058936.1:11901,NW_024058936.1,11901,46.4444,27.242124999999998,-19.202275000000004,4,4,16.0,0.02857142857142857,0.9266860194365075,True,False,hypo_siscowet
NW_024058936.1:12218,NW_024058936.1,12218,42.6237,22.82875,-19.79495,4,4,16.0,0.02857142857142857,0.9266860194365075,True,False,hypo_siscowet
NW_024058936.1:12301,NW_024058936.1,12301,43.76925,24.16895,-19.6003,4,4,16.0,0.02857142857142857,0.9266860194365075,True,False,hypo_siscowet
NW_024058936.1:12633,NW_024058936.1,12633,51.090925,30.45775,-20.633174999999998,4,4,16.0,0.02857142857142857,0.9266860194365075,True,False,hypo_siscowet
NW_024058936.1:13020,NW_024058936.1,13020,37.355975,19.817050000000002,-17.538925,4,4,15.5,0.042066412206780826,0.9266860194365075,True,False,hypo_siscowet
NW_024058936.1:13191,NW_024058936.1,13191,59.84937500000001,39.174425,-20.67495000000001,4,4,16.0,0.02857142857142857,0.9266860194365075,True,False,hypo_siscowet
NW_024058936.1:13294,NW_024058936.1,13294,67.51082500000001,46.91697500000001,-20.593850000000003,4,4,16.0,0.02857142857142857,0.9266860194365075,True,False,hypo_siscowet
NW_024058936.1:13336,NW_024058936.1,13336,78.944575,59.1591,-19.785474999999998,4,4,16.0,0.02857142857142857,0.9266860194365075,True,False,hypo_siscowet
NW_024058936.1:13392,NW_024058936.1,13392,83.19995,62.66865,-20.5313,4,4,16.0,0.02857142857142857,0.9266860194365075,True,False,hypo_siscowet
NW_024058936.1:13588,NW_024058936.1,13588,92.09627499999999,74.1659,-17.930374999999998,4,4,16.0,0.02857142857142857,0.9266860194365075,True,False,hypo_siscowet
NW_024058936.1:14173,NW_024058936.1,14173,76.1658,54.54055,-21.62525,4,4,16.0,0.02857142857142857,0.9266860194365075,True,False,hypo_siscowet
NW_024058936.1:14184,NW_024058936.1,14184,75.54425,58.148050000000005,-17.3962,4,4,16.0,0.02857142857142857,0.9266860194365075,True,False,hypo_siscowet
NW_024058936.1:3309,NW_024058936.1,3309,89.2697,71.33625,-17.933449999999993,4,4,16.0,0.02857142857142857,0.9266860194365075,True,False,hypo_siscowet
NW_024058936.1:425,NW_024058936.1,425,81.70415,65.649275,-16.054874999999996,4,4,16.0,0.02857142857142857,0.9266860194365075,True,False,hypo_siscowet
NW_024058936.1:8923,NW_024058936.1,8923,72.2251,51.356975,-20.868125,4,4,16.0,0.02857142857142857,0.9266860194365075,True,False,hypo_siscowet
NW_024058936.1:9363,NW_024058936.1,9363,49.229375,21.06905,-28.160324999999997,4,4,16.0,0.02857142857142857,0.9266860194365075,True,False,hypo_siscowet
NW_024058936.1:9397,NW_024058936.1,9397,53.619525,25.9267825,-27.6927425,4,4,16.0,0.02857142857142857,0.9266860194365075,True,False,hypo_siscowet
NW_024058936.1:9442,NW_024058936.1,9442,61.99592500000001,33.289525000000005,-28.706400000000002,4,4,16.0,0.02857142857142857,0.9266860194365075,True,False,hypo_siscowet
NW_024058936.1:9483,NW_024058936.1,9483,71.64349999999999,41.032175,-30.611324999999987,4,4,16.0,0.02857142857142857,0.9266860194365075,True,False,hypo_siscowet
NW_024058936.1:9581,NW_024058936.1,9581,62.233374999999995,40.512075,-21.721299999999992,4,4,16.0,0.02857142857142857,0.9266860194365075,True,False,hypo_siscowet
NW_024058936.1:9628,NW_024058936.1,9628,60.400475,36.289525,-24.110950000000003,4,4,16.0,0.02857142857142857,0.9266860194365075,True,False,hypo_siscowet
NW_024058945.1:23231,NW_024058945.1,23231,79.6879,62.162525,-17.525374999999997,4,4,16.0,0.02857142857142857,0.9266860194365075,True,False,hypo_siscowet
NW_024058945.1:23277,NW_024058945.1,23277,77.366525,59.30605,-18.060474999999997,4,4,16.0,0.02857142857142857,0.9266860194365075,True,False,hypo_siscowet
NW_024058945.1:23350,NW_024058945.1,23350,70.172325,46.774899999999995,-23.397425000000005,4,4,16.0,0.02857142857142857,0.9266860194365075,True,False,hypo_siscowet
NW_024058945.1:23371,NW_024058945.1,23371,67.37515,50.73745,-16.637700000000002,4,4,16.0,0.02857142857142857,0.9266860194365075,True,False,hypo_siscowet
NW_024058945.1:23739,NW_024058945.1,23739,61.0448,42.937775,-18.107025,4,4,16.0,0.02857142857142857,0.9266860194365075,True,False,hypo_siscowet
NW_024058945.1:23760,NW_024058945.1,23760,59.5433,38.632625,-20.910675000000005,4,4,16.0,0.02857142857142857,0.9266860194365075,True,False,hypo_siscowet
NW_024058945.1:23781,NW_024058945.1,23781,64.218175,42.9305,-21.287675,4,4,16.0,0.02857142857142857,0.9266860194365075,True,False,hypo_siscowet
NW_024058945.1:23822,NW_024058945.1,23822,68.257975,47.924975,-20.333,4,4,16.0,0.02857142857142857,0.9266860194365075,True,False,hypo_siscowet
NW_024058945.1:23941,NW_024058945.1,23941,62.550875000000005,41.919225000000004,-20.63165,4,4,16.0,0.02857142857142857,0.9266860194365075,True,False,hypo_siscowet
NW_024058945.1:24257,NW_024058945.1,24257,61.769400000000005,42.9054,-18.864000000000004,4,4,16.0,0.02857142857142857,0.9266860194365075,True,False,hypo_siscowet
NW_024058945.1:24330,NW_024058945.1,24330,51.576375,36.358975,-15.217399999999998,4,4,16.0,0.02857142857142857,0.9266860194365075,True,False,hypo_siscowet
NW_024058945.1:24351,NW_024058945.1,24351,54.50485,31.7594,-22.745449999999998,4,4,16.0,0.02857142857142857,0.9266860194365075,True,False,hypo_siscowet
NW_024058945.1:24372,NW_024058945.1,24372,57.774975000000005,40.09835,-17.676625,4,4,16.0,0.02857142857142857,0.9266860194365075,True,False,hypo_siscowet
NW_024058945.1:24413,NW_024058945.1,24413,59.632975,42.100849999999994,-17.532125000000008,4,4,16.0,0.02857142857142857,0.9266860194365075,True,False,hypo_siscowet
NW_024058945.1:24459,NW_024058945.1,24459,59.276475000000005,39.062599999999996,-20.21387500000001,4,4,16.0,0.02857142857142857,0.9266860194365075,True,False,hypo_siscowet
NW_024058945.1:24532,NW_024058945.1,24532,54.911024999999995,35.82115,-19.089874999999992,4,4,16.0,0.02857142857142857,0.9266860194365075,True,False,hypo_siscowet
NW_024058945.1:24553,NW_024058945.1,24553,62.85464999999999,40.38015,-22.474499999999992,4,4,16.0,0.02857142857142857,0.9266860194365075,True,False,hypo_siscowet
NW_024058945.1:24677,NW_024058945.1,24677,71.2431,51.81675,-19.42635,4,4,16.0,0.02857142857142857,0.9266860194365075,True,False,hypo_siscowet
NW_024058945.1:24719,NW_024058945.1,24719,69.26162500000001,49.822399999999995,-19.439225000000015,4,4,16.0,0.02857142857142857,0.9266860194365075,True,False,hypo_siscowet
NW_024058945.1:24740,NW_024058945.1,24740,66.85977499999998,41.381975,-25.477799999999988,4,4,16.0,0.02857142857142857,0.9266860194365075,True,False,hypo_siscowet
NW_024058945.1:24761,NW_024058945.1,24761,67.495575,45.374050000000004,-22.121525,4,4,16.0,0.02857142857142857,0.9266860194365075,True,False,hypo_siscowet
NW_024058945.1:24802,NW_024058945.1,24802,67.677125,42.292625,-25.384500000000003,4,4,16.0,0.02857142857142857,0.9266860194365075,True,False,hypo_siscowet
NW_024058945.1:24848,NW_024058945.1,24848,62.18714999999999,31.085550000000005,-31.101599999999983,4,4,16.0,0.02857142857142857,0.9266860194365075,True,False,hypo_siscowet
NW_024058945.1:24921,NW_024058945.1,24921,60.51735,27.398975,-33.118375,4,4,16.0,0.02857142857142857,0.9266860194365075,True,False,hypo_siscowet
NW_024058945.1:24942,NW_024058945.1,24942,57.628675,32.044975,-25.5837,4,4,16.0,0.02857142857142857,0.9266860194365075,True,False,hypo_siscowet
NW_024058945.1:24963,NW_024058945.1,24963,59.3497,32.489799999999995,-26.859900000000003,4,4,16.0,0.02857142857142857,0.9266860194365075,True,False,hypo_siscowet
NW_024058945.1:25331,NW_024058945.1,25331,59.6961,42.401250000000005,-17.294849999999997,4,4,16.0,0.02857142857142857,0.9266860194365075,True,False,hypo_siscowet
NW_024058945.1:26917,NW_024058945.1,26917,52.16325,35.231475,-16.931774999999995,4,4,16.0,0.029401048190339642,0.9266860194365075,True,False,hypo_siscowet
NW_024058945.1:27963,NW_024058945.1,27963,60.8587,43.8305,-17.0282,4,4,16.0,0.02857142857142857,0.9266860194365075,True,False,hypo_siscowet
NW_024058945.1:28192,NW_024058945.1,28192,24.3096,8.70578,-15.603819999999999,4,4,16.0,0.02857142857142857,0.9266860194365075,True,False,hypo_siscowet
NW_024058945.1:28255,NW_024058945.1,28255,42.86565,19.893225,-22.972425,4,4,16.0,0.02857142857142857,0.9266860194365075,True,False,hypo_siscowet
NW_024058945.1:28265,NW_024058945.1,28265,39.5327,16.513375,-23.019325,4,4,16.0,0.02857142857142857,0.9266860194365075,True,False,hypo_siscowet
NW_024058945.1:28273,NW_024058945.1,28273,56.737975000000006,28.7596,-27.978375000000007,4,4,16.0,0.02857142857142857,0.9266860194365075,True,False,hypo_siscowet
NW_024058945.1:28282,NW_024058945.1,28282,58.5479,32.8446,-25.7033,4,4,16.0,0.02857142857142857,0.9266860194365075,True,False,hypo_siscowet
NW_024058945.1:28285,NW_024058945.1,28285,75.7356,52.074250000000006,-23.66135,4,4,16.0,0.02857142857142857,0.9266860194365075,True,False,hypo_siscowet
NW_024058945.1:28323,NW_024058945.1,28323,87.000225,68.21695,-18.783275000000003,4,4,16.0,0.02857142857142857,0.9266860194365075,True,False,hypo_siscowet
NW_024058953.1:226545,NW_024058953.1,226545,91.3763,75.25253333333335,-16.123766666666654,4,3,12.0,0.04974599072150299,0.9266860194365075,True,False,hypo_siscowet
NW_024058962.1:34514,NW_024058962.1,34514,50.21789999999999,31.110525,-19.107374999999994,4,4,16.0,0.02857142857142857,0.9266860194365075,True,False,hypo_siscowet
NW_024058962.1:9614,NW_024058962.1,9614,1.31579,17.3731,16.05731,4,3,0.0,0.04359664488554136,0.9266860194365075,True,False,hyper_siscowet
NW_024058962.1:9616,NW_024058962.1,9616,1.31579,17.578533333333336,16.262743333333336,4,3,0.0,0.04359664488554136,0.9266860194365075,True,False,hyper_siscowet
NW_024058962.1:9633,NW_024058962.1,9633,2.63158,26.381933333333336,23.750353333333337,4,3,0.0,0.04767810313602185,0.9266860194365075,True,False,hyper_siscowet
NW_024058962.1:9656,NW_024058962.1,9656,2.56579,29.166666666666668,26.600876666666668,4,3,0.0,0.04974599072150299,0.9266860194365075,True,False,hyper_siscowet
NW_024058962.1:9808,NW_024058962.1,9808,5.23504,32.282199999999996,27.047159999999998,4,3,0.0,0.04974599072150299,0.9266860194365075,True,False,hyper_siscowet
NW_024058975.1:124576,NW_024058975.1,124576,73.451925,48.46985,-24.982075000000002,4,4,16.0,0.029401048190339642,0.9266860194365075,True,False,hypo_siscowet
NW_024058975.1:124600,NW_024058975.1,124600,82.104175,52.1749,-29.929274999999997,4,4,16.0,0.02857142857142857,0.9266860194365075,True,False,hypo_siscowet
NW_024058975.1:124620,NW_024058975.1,124620,82.674525,59.404775,-23.269750000000002,4,4,16.0,0.029401048190339642,0.9266860194365075,True,False,hypo_siscowet
NW_024058975.1:124689,NW_024058975.1,124689,76.76515,47.379574999999996,-29.38557500000001,4,4,16.0,0.02857142857142857,0.9266860194365075,True,False,hypo_siscowet
NW_024058975.1:124716,NW_024058975.1,124716,85.96866666666666,63.82787499999999,-22.140791666666672,3,4,12.0,0.04974599072150299,0.9266860194365075,True,False,hypo_siscowet
NW_024058975.1:124752,NW_024058975.1,124752,84.5606,67.879475,-16.681124999999994,4,4,15.5,0.042066412206780826,0.9266860194365075,True,False,hypo_siscowet
NW_024058975.1:130794,NW_024058975.1,130794,92.18357499999999,76.878875,-15.304699999999997,4,4,16.0,0.02857142857142857,0.9266860194365075,True,False,hypo_siscowet
NW_024058975.1:131023,NW_024058975.1,131023,92.69555,74.862625,-17.832925000000003,4,4,16.0,0.029401048190339642,0.9266860194365075,True,False,hypo_siscowet
NW_024058975.1:131036,NW_024058975.1,131036,84.21549999999999,66.57050000000001,-17.644999999999982,4,4,16.0,0.02857142857142857,0.9266860194365075,True,False,hypo_siscowet
NW_024058975.1:262175,NW_024058975.1,262175,24.79945,6.61797,-18.18148,4,4,16.0,0.02857142857142857,0.9266860194365075,True,False,hypo_siscowet
NW_024058979.1:10451,NW_024058979.1,10451,88.037825,69.036375,-19.00144999999999,4,4,16.0,0.02857142857142857,0.9266860194365075,True,False,hypo_siscowet
NW_024058979.1:10458,NW_024058979.1,10458,88.39375000000001,63.151275,-25.242475000000013,4,4,16.0,0.02857142857142857,0.9266860194365075,True,False,hypo_siscowet
NW_024058979.1:10479,NW_024058979.1,10479,88.989125,67.305,-21.684124999999995,4,4,16.0,0.02857142857142857,0.9266860194365075,True,False,hypo_siscowet
NW_024058979.1:10513,NW_024058979.1,10513,94.382625,70.982275,-23.400350000000003,4,4,16.0,0.02857142857142857,0.9266860194365075,True,False,hypo_siscowet
NW_024058979.1:10534,NW_024058979.1,10534,87.27255,65.486725,-21.78582499999999,4,4,16.0,0.02857142857142857,0.9266860194365075,True,False,hypo_siscowet
NW_024058979.1:21218,NW_024058979.1,21218,88.797,70.5065,-18.290499999999994,4,4,16.0,0.02857142857142857,0.9266860194365075,True,False,hypo_siscowet
NW_024058979.1:21241,NW_024058979.1,21241,79.603675,64.21065,-15.393024999999994,4,4,16.0,0.02857142857142857,0.9266860194365075,True,False,hypo_siscowet
NW_024058979.1:21295,NW_024058979.1,21295,66.716275,45.864824999999996,-20.85145,4,4,16.0,0.02857142857142857,0.9266860194365075,True,False,hypo_siscowet
NW_024058979.1:21297,NW_024058979.1,21297,72.896825,46.32275,-26.574075000000008,4,4,15.5,0.042066412206780826,0.9266860194365075,True,False,hypo_siscowet
NW_024058979.1:21338,NW_024058979.1,21338,57.017725,29.676475,-27.34125,4,4,16.0,0.02857142857142857,0.9266860194365075,True,False,hypo_siscowet
NW_024058979.1:21341,NW_024058979.1,21341,38.918825000000005,14.198774999999998,-24.720050000000008,4,4,16.0,0.02857142857142857,0.9266860194365075,True,False,hypo_siscowet
NW_024058979.1:21350,NW_024058979.1,21350,38.329375,14.795712499999999,-23.5336625,4,4,16.0,0.02857142857142857,0.9266860194365075,True,False,hypo_siscowet
NW_024058979.1:21358,NW_024058979.1,21358,22.6182,7.3257650000000005,-15.292435000000001,4,4,16.0,0.02857142857142857,0.9266860194365075,True,False,hypo_siscowet
NW_024058979.1:21368,NW_024058979.1,21368,27.18875,6.6957,-20.493049999999997,4,4,16.0,0.02857142857142857,0.9266860194365075,True,False,hypo_siscowet
NW_024058979.1:21439,NW_024058979.1,21439,24.7363,6.898714999999999,-17.837585,4,4,16.0,0.02857142857142857,0.9266860194365075,True,False,hypo_siscowet
NW_024058979.1:21733,NW_024058979.1,21733,78.60447500000001,44.926249999999996,-33.67822500000001,4,4,16.0,0.02857142857142857,0.9266860194365075,True,False,hypo_siscowet
NW_024058979.1:21744,NW_024058979.1,21744,84.96885,59.97890000000001,-24.989949999999993,4,4,16.0,0.02857142857142857,0.9266860194365075,True,False,hypo_siscowet
NW_024058979.1:23346,NW_024058979.1,23346,54.10183333333333,28.796475,-25.30535833333333,3,4,12.0,0.04974599072150299,0.9266860194365075,True,False,hypo_siscowet
NW_024058979.1:23580,NW_024058979.1,23580,53.805375,32.333325,-21.472049999999996,4,4,16.0,0.02857142857142857,0.9266860194365075,True,False,hypo_siscowet
NW_024058979.1:23626,NW_024058979.1,23626,52.488025,28.663925,-23.8241,4,4,16.0,0.02857142857142857,0.9266860194365075,True,False,hypo_siscowet
NW_024058979.1:23667,NW_024058979.1,23667,51.422875,27.376775,-24.0461,4,4,16.0,0.02857142857142857,0.9266860194365075,True,False,hypo_siscowet
NW_024058979.1:23709,NW_024058979.1,23709,49.481375,21.681874999999998,-27.799500000000002,4,4,16.0,0.02857142857142857,0.9266860194365075,True,False,hypo_siscowet
NW_024058979.1:23746,NW_024058979.1,23746,43.8827,19.831825,-24.050875,4,4,16.0,0.02857142857142857,0.9266860194365075,True,False,hypo_siscowet
NW_024058979.1:23780,NW_024058979.1,23780,40.963675,19.072725000000002,-21.89095,4,4,16.0,0.02857142857142857,0.9266860194365075,True,False,hypo_siscowet
NW_024058979.1:23826,NW_024058979.1,23826,43.3099,20.27795,-23.03195,4,4,16.0,0.02857142857142857,0.9266860194365075,True,False,hypo_siscowet
NW_024058979.1:23836,NW_024058979.1,23836,39.476325,20.192300000000003,-19.284025,4,4,16.0,0.02857142857142857,0.9266860194365075,True,False,hypo_siscowet
NW_024058979.1:23980,NW_024058979.1,23980,50.14875,33.0908,-17.057949999999998,4,4,16.0,0.02857142857142857,0.9266860194365075,True,False,hypo_siscowet
NW_024058979.1:24014,NW_024058979.1,24014,55.8704,36.194375,-19.676024999999996,4,4,16.0,0.02857142857142857,0.9266860194365075,True,False,hypo_siscowet
NW_024058979.1:24026,NW_024058979.1,24026,48.678149999999995,29.2883,-19.389849999999996,4,4,16.0,0.02857142857142857,0.9266860194365075,True,False,hypo_siscowet
NW_024058979.1:24258,NW_024058979.1,24258,44.894475,24.019025000000003,-20.875449999999997,4,4,16.0,0.02857142857142857,0.9266860194365075,True,False,hypo_siscowet
NW_024058979.1:24347,NW_024058979.1,24347,53.54885,29.9781,-23.57075,4,4,16.0,0.02857142857142857,0.9266860194365075,True,False,hypo_siscowet
NW_024058979.1:24468,NW_024058979.1,24468,48.9746,24.184825000000004,-24.789775,4,4,16.0,0.02857142857142857,0.9266860194365075,True,False,hypo_siscowet
NW_024058979.1:24510,NW_024058979.1,24510,43.27695,18.8541,-24.42285,4,4,16.0,0.02857142857142857,0.9266860194365075,True,False,hypo_siscowet
NW_024058979.1:24547,NW_024058979.1,24547,40.818375,17.322400000000002,-23.495975,4,4,16.0,0.02857142857142857,0.9266860194365075,True,False,hypo_siscowet
NW_024058979.1:24581,NW_024058979.1,24581,41.098625,18.4557,-22.642924999999998,4,4,16.0,0.02857142857142857,0.9266860194365075,True,False,hypo_siscowet
NW_024058979.1:24627,NW_024058979.1,24627,39.7393,19.06005,-20.67925,4,4,16.0,0.02857142857142857,0.9266860194365075,True,False,hypo_siscowet
NW_024058979.1:24637,NW_024058979.1,24637,38.8376,15.476377500000002,-23.3612225,4,4,16.0,0.02857142857142857,0.9266860194365075,True,False,hypo_siscowet
NW_024058979.1:24910,NW_024058979.1,24910,44.435425,23.9616,-20.473825,4,4,16.0,0.02857142857142857,0.9266860194365075,True,False,hypo_siscowet
NW_024058979.1:24946,NW_024058979.1,24946,41.58385,18.349,-23.234849999999998,4,4,16.0,0.02857142857142857,0.9266860194365075,True,False,hypo_siscowet
NW_024058979.1:24980,NW_024058979.1,24980,39.6521,16.87225,-22.779849999999996,4,4,16.0,0.02857142857142857,0.9266860194365075,True,False,hypo_siscowet
NW_024058979.1:25067,NW_024058979.1,25067,33.749325,16.345025,-17.4043,4,4,16.0,0.02857142857142857,0.9266860194365075,True,False,hypo_siscowet
NW_024058979.1:25146,NW_024058979.1,25146,34.379525,17.8008,-16.578725000000002,4,4,16.0,0.02857142857142857,0.9266860194365075,True,False,hypo_siscowet
NW_024058979.1:25915,NW_024058979.1,25915,34.448825,16.299025,-18.1498,4,4,16.0,0.02857142857142857,0.9266860194365075,True,False,hypo_siscowet
NW_024058979.1:25936,NW_024058979.1,25936,40.361450000000005,21.321125000000002,-19.040325000000003,4,4,16.0,0.02857142857142857,0.9266860194365075,True,False,hypo_siscowet
NW_024058979.1:26500,NW_024058979.1,26500,90.197225,65.918375,-24.278850000000006,4,4,16.0,0.02857142857142857,0.9266860194365075,True,False,hypo_siscowet
NW_024058979.1:26745,NW_024058979.1,26745,83.55815,65.425625,-18.132525,4,4,16.0,0.02857142857142857,0.9266860194365075,True,False,hypo_siscowet
NW_024058979.1:26829,NW_024058979.1,26829,86.285775,69.203575,-17.0822,4,4,16.0,0.02857142857142857,0.9266860194365075,True,False,hypo_siscowet
NW_024058979.1:26992,NW_024058979.1,26992,62.754925,45.739625,-17.015300000000003,4,4,16.0,0.02857142857142857,0.9266860194365075,True,False,hypo_siscowet
NW_024058979.1:26997,NW_024058979.1,26997,63.805499999999995,45.60487499999999,-18.200625000000002,4,4,16.0,0.02857142857142857,0.9266860194365075,True,False,hypo_siscowet
NW_024058979.1:27009,NW_024058979.1,27009,59.627300000000005,40.689975,-18.93732500000001,4,4,16.0,0.02857142857142857,0.9266860194365075,True,False,hypo_siscowet
NW_024058979.1:34109,NW_024058979.1,34109,92.36099999999999,73.2399,-19.121099999999984,4,4,16.0,0.02857142857142857,0.9266860194365075,True,False,hypo_siscowet
NW_024058979.1:34130,NW_024058979.1,34130,90.030575,68.41315,-21.617424999999997,4,4,16.0,0.02857142857142857,0.9266860194365075,True,False,hypo_siscowet
NW_024058979.1:34137,NW_024058979.1,34137,91.941425,69.276975,-22.664450000000002,4,4,16.0,0.02857142857142857,0.9266860194365075,True,False,hypo_siscowet
NW_024058979.1:34158,NW_024058979.1,34158,90.21464999999999,68.487275,-21.727374999999995,4,4,16.0,0.02857142857142857,0.9266860194365075,True,False,hypo_siscowet
NW_024058979.1:34162,NW_024058979.1,34162,89.89200000000001,69.1807,-20.71130000000001,4,4,16.0,0.02857142857142857,0.9266860194365075,True,False,hypo_siscowet
NW_024058979.1:34165,NW_024058979.1,34165,90.75992500000001,75.54490000000001,-15.215024999999997,4,4,16.0,0.02857142857142857,0.9266860194365075,True,False,hypo_siscowet
NW_024058979.1:34192,NW_024058979.1,34192,89.11722499999999,73.890875,-15.226349999999996,4,4,16.0,0.02857142857142857,0.9266860194365075,True,False,hypo_siscowet
NW_024058979.1:34298,NW_024058979.1,34298,91.844725,75.830975,-16.01375,4,4,16.0,0.02857142857142857,0.9266860194365075,True,False,hypo_siscowet
NW_024058979.1:34325,NW_024058979.1,34325,89.00715,70.280025,-18.727125,4,4,16.0,0.02857142857142857,0.9266860194365075,True,False,hypo_siscowet
NW_024058979.1:34332,NW_024058979.1,34332,85.47005000000001,66.317825,-19.152225000000016,4,4,16.0,0.02857142857142857,0.9266860194365075,True,False,hypo_siscowet
NW_024058979.1:34353,NW_024058979.1,34353,87.5505,68.249,-19.301500000000004,4,4,16.0,0.02857142857142857,0.9266860194365075,True,False,hypo_siscowet
NW_024058979.1:34357,NW_024058979.1,34357,90.26792499999999,72.949875,-17.318049999999985,4,4,16.0,0.02857142857142857,0.9266860194365075,True,False,hypo_siscowet
NW_024058979.1:34387,NW_024058979.1,34387,85.08494999999999,68.787825,-16.297124999999994,4,4,16.0,0.02857142857142857,0.9266860194365075,True,False,hypo_siscowet
NW_024058979.1:37780,NW_024058979.1,37780,91.556125,76.07745,-15.478674999999996,4,4,16.0,0.02857142857142857,0.9266860194365075,True,False,hypo_siscowet
NW_024058979.1:37786,NW_024058979.1,37786,88.170475,70.583125,-17.58735,4,4,16.0,0.02857142857142857,0.9266860194365075,True,False,hypo_siscowet
NW_024058979.1:37796,NW_024058979.1,37796,87.22325000000001,70.266975,-16.956275000000005,4,4,16.0,0.02857142857142857,0.9266860194365075,True,False,hypo_siscowet
NW_024058986.1:77107,NW_024058986.1,77107,44.44446666666666,13.3683,-31.076166666666666,3,4,12.0,0.04974599072150299,0.9266860194365075,True,False,hypo_siscowet
NW_024059009.1:103183,NW_024059009.1,103183,65.65660000000001,49.407325,-16.24927500000001,3,4,12.0,0.04974599072150299,0.9266860194365075,True,False,hypo_siscowet
NW_024059010.1:33384,NW_024059010.1,33384,34.165525,15.953575,-18.21195,4,4,16.0,0.02857142857142857,0.9266860194365075,True,False,hypo_siscowet
NW_024059010.1:33426,NW_024059010.1,33426,31.321225000000002,13.0136,-18.307625,4,4,16.0,0.02857142857142857,0.9266860194365075,True,False,hypo_siscowet
NW_024059010.1:33467,NW_024059010.1,33467,34.234075000000004,16.091775,-18.142300000000006,4,4,16.0,0.02857142857142857,0.9266860194365075,True,False,hypo_siscowet
NW_024059010.1:33687,NW_024059010.1,33687,45.453624999999995,21.9768,-23.476824999999995,4,4,16.0,0.02857142857142857,0.9266860194365075,True,False,hypo_siscowet
NW_024059010.1:33697,NW_024059010.1,33697,43.049225,22.400775000000003,-20.648449999999997,4,4,16.0,0.02857142857142857,0.9266860194365075,True,False,hypo_siscowet
NW_024059010.1:33728,NW_024059010.1,33728,39.20975,23.44525,-15.764499999999998,4,4,16.0,0.02857142857142857,0.9266860194365075,True,False,hypo_siscowet
NW_024059010.1:34645,NW_024059010.1,34645,43.888999999999996,26.323025,-17.565974999999995,4,4,16.0,0.02857142857142857,0.9266860194365075,True,False,hypo_siscowet
NW_024059010.1:34687,NW_024059010.1,34687,35.88485,19.760825,-16.124025,4,4,16.0,0.02857142857142857,0.9266860194365075,True,False,hypo_siscowet
NW_024059010.1:34697,NW_024059010.1,34697,41.675375,15.837075,-25.838300000000004,4,4,16.0,0.02857142857142857,0.9266860194365075,True,False,hypo_siscowet
NW_024059010.1:34718,NW_024059010.1,34718,37.071475,16.881225,-20.19025,4,4,16.0,0.02857142857142857,0.9266860194365075,True,False,hypo_siscowet
NW_024059010.1:34728,NW_024059010.1,34728,38.926575,19.798125000000002,-19.128449999999997,4,4,16.0,0.02857142857142857,0.9266860194365075,True,False,hypo_siscowet
NW_024059010.1:34774,NW_024059010.1,34774,38.140699999999995,17.9158,-20.224899999999995,4,4,16.0,0.02857142857142857,0.9266860194365075,True,False,hypo_siscowet
NW_024059010.1:34808,NW_024059010.1,34808,39.85855,18.154400000000003,-21.70415,4,4,16.0,0.02857142857142857,0.9266860194365075,True,False,hypo_siscowet
NW_024059010.1:34845,NW_024059010.1,34845,41.70015,21.276475,-20.423675,4,4,16.0,0.02857142857142857,0.9266860194365075,True,False,hypo_siscowet
NW_024059010.1:35045,NW_024059010.1,35045,41.403825,23.098,-18.305825,4,4,16.0,0.029401048190339642,0.9266860194365075,True,False,hypo_siscowet
NW_024059010.1:35087,NW_024059010.1,35087,36.1228,19.311600000000002,-16.811199999999996,4,4,16.0,0.02857142857142857,0.9266860194365075,True,False,hypo_siscowet
NW_024059010.1:35097,NW_024059010.1,35097,37.79425,16.5445,-21.24975,4,4,16.0,0.02857142857142857,0.9266860194365075,True,False,hypo_siscowet
NW_024059010.1:35118,NW_024059010.1,35118,33.88555,15.145,-18.740550000000002,4,4,16.0,0.02857142857142857,0.9266860194365075,True,False,hypo_siscowet
NW_024059010.1:35128,NW_024059010.1,35128,37.252875,19.008000000000003,-18.244875,4,4,16.0,0.02857142857142857,0.9266860194365075,True,False,hypo_siscowet
NW_024059010.1:35208,NW_024059010.1,35208,36.9219,20.91835,-16.00355,4,4,16.0,0.02857142857142857,0.9266860194365075,True,False,hypo_siscowet
NW_024059010.1:35245,NW_024059010.1,35245,42.37859999999999,22.8241,-19.55449999999999,4,4,16.0,0.02857142857142857,0.9266860194365075,True,False,hypo_siscowet
NW_024059010.1:35808,NW_024059010.1,35808,38.367250000000006,20.0823,-18.284950000000006,4,4,16.0,0.02857142857142857,0.9266860194365075,True,False,hypo_siscowet
NW_024059010.1:35897,NW_024059010.1,35897,54.90855,23.761025000000004,-31.147524999999995,4,4,16.0,0.02857142857142857,0.9266860194365075,True,False,hypo_siscowet
NW_024059023.1:11287,NW_024059023.1,11287,84.6779,68.050875,-16.62702499999999,4,4,16.0,0.029401048190339642,0.9266860194365075,True,False,hypo_siscowet
NW_024059023.1:11342,NW_024059023.1,11342,79.90384999999999,61.59765,-18.30619999999999,4,4,16.0,0.02857142857142857,0.9266860194365075,True,False,hypo_siscowet
NW_024059023.1:30365,NW_024059023.1,30365,76.10265000000001,58.035575,-18.06707500000001,4,4,16.0,0.029401048190339642,0.9266860194365075,True,False,hypo_siscowet
NW_024059023.1:30770,NW_024059023.1,30770,66.963425,46.025925,-20.9375,4,4,16.0,0.02857142857142857,0.9266860194365075,True,False,hypo_siscowet
NW_024059023.1:30814,NW_024059023.1,30814,81.1955,61.1276,-20.067899999999995,4,4,16.0,0.02857142857142857,0.9266860194365075,True,False,hypo_siscowet
NW_024059023.1:30839,NW_024059023.1,30839,82.86475,66.009975,-16.854775000000004,4,4,15.5,0.042066412206780826,0.9266860194365075,True,False,hypo_siscowet
NW_024059023.1:33215,NW_024059023.1,33215,63.19685,40.86675,-22.330099999999995,4,4,16.0,0.02857142857142857,0.9266860194365075,True,False,hypo_siscowet
NW_024059023.1:3919,NW_024059023.1,3919,92.41795,75.2119,-17.206050000000005,4,4,16.0,0.02857142857142857,0.9266860194365075,True,False,hypo_siscowet
NW_024059023.1:4264,NW_024059023.1,4264,97.776825,81.868875,-15.90795,4,4,16.0,0.02857142857142857,0.9266860194365075,True,False,hypo_siscowet
NW_024059023.1:4635,NW_024059023.1,4635,78.6533,56.703525,-21.949775000000002,4,4,16.0,0.02857142857142857,0.9266860194365075,True,False,hypo_siscowet
NW_024059023.1:4637,NW_024059023.1,4637,79.243675,47.48375,-31.759924999999996,4,4,16.0,0.029401048190339642,0.9266860194365075,True,False,hypo_siscowet
NW_024059023.1:4640,NW_024059023.1,4640,76.618775,48.25775,-28.361024999999998,4,4,16.0,0.02857142857142857,0.9266860194365075,True,False,hypo_siscowet
NW_024059023.1:4678,NW_024059023.1,4678,64.295875,34.6802,-29.615674999999996,4,4,16.0,0.02857142857142857,0.9266860194365075,True,False,hypo_siscowet
NW_024059023.1:4681,NW_024059023.1,4681,46.50605,20.2965575,-26.209492500000003,4,4,16.0,0.02857142857142857,0.9266860194365075,True,False,hypo_siscowet
NW_024059023.1:4690,NW_024059023.1,4690,40.306775,16.6429525,-23.663822500000002,4,4,16.0,0.02857142857142857,0.9266860194365075,True,False,hypo_siscowet
NW_024059023.1:4698,NW_024059023.1,4698,26.18665,9.3030025,-16.883647500000002,4,4,16.0,0.02857142857142857,0.9266860194365075,True,False,hypo_siscowet
NW_024059023.1:4708,NW_024059023.1,4708,34.8053,9.49394,-25.31136,4,4,16.0,0.02857142857142857,0.9266860194365075,True,False,hypo_siscowet
NW_024059023.1:4771,NW_024059023.1,4771,19.353650000000002,4.074735,-15.278915000000001,4,4,16.0,0.02857142857142857,0.9266860194365075,True,False,hypo_siscowet
NW_024059023.1:4779,NW_024059023.1,4779,32.205025,10.844842499999999,-21.3601825,4,4,16.0,0.02857142857142857,0.9266860194365075,True,False,hypo_siscowet
NW_024059023.1:4830,NW_024059023.1,4830,22.065575,6.609635,-15.455939999999998,4,4,16.0,0.02857142857142857,0.9266860194365075,True,False,hypo_siscowet
NW_024059023.1:4962,NW_024059023.1,4962,24.482174999999998,8.2271825,-16.2549925,4,4,16.0,0.02857142857142857,0.9266860194365075,True,False,hypo_siscowet
NW_024059023.1:4999,NW_024059023.1,4999,43.274125,18.838025000000002,-24.436099999999996,4,4,16.0,0.02857142857142857,0.9266860194365075,True,False,hypo_siscowet
NW_024059023.1:5218,NW_024059023.1,5218,74.065725,49.173024999999996,-24.892700000000005,4,4,16.0,0.02857142857142857,0.9266860194365075,True,False,hypo_siscowet
NW_024059023.1:5239,NW_024059023.1,5239,69.206275,43.232475,-25.973800000000004,4,4,16.0,0.02857142857142857,0.9266860194365075,True,False,hypo_siscowet
NW_024059023.1:5393,NW_024059023.1,5393,43.454425,19.236739999999998,-24.217685000000003,4,4,16.0,0.02857142857142857,0.9266860194365075,True,False,hypo_siscowet
NW_024059023.1:5434,NW_024059023.1,5434,44.35885,18.617224999999998,-25.741625,4,4,16.0,0.02857142857142857,0.9266860194365075,True,False,hypo_siscowet
NW_024059023.1:5476,NW_024059023.1,5476,48.10155,18.02965,-30.071900000000003,4,4,16.0,0.02857142857142857,0.9266860194365075,True,False,hypo_siscowet
NW_024059023.1:5513,NW_024059023.1,5513,50.26645,20.675775,-29.590674999999997,4,4,16.0,0.02857142857142857,0.9266860194365075,True,False,hypo_siscowet
NW_024059023.1:5547,NW_024059023.1,5547,52.450450000000004,23.4686,-28.981850000000005,4,4,16.0,0.02857142857142857,0.9266860194365075,True,False,hypo_siscowet
NW_024059023.1:5592,NW_024059023.1,5592,60.556650000000005,34.306225,-26.250425000000007,4,4,16.0,0.02857142857142857,0.9266860194365075,True,False,hypo_siscowet
NW_024059023.1:5633,NW_024059023.1,5633,73.856225,40.629625,-33.2266,4,4,16.0,0.02857142857142857,0.9266860194365075,True,False,hypo_siscowet
NW_024059023.1:5675,NW_024059023.1,5675,70.91697500000001,43.970025,-26.946950000000008,4,4,16.0,0.02857142857142857,0.9266860194365075,True,False,hypo_siscowet
NW_024059023.1:5731,NW_024059023.1,5731,67.9702,42.7518,-25.218400000000003,4,4,16.0,0.02857142857142857,0.9266860194365075,True,False,hypo_siscowet
NW_024059023.1:5861,NW_024059023.1,5861,46.63855,24.91235,-21.726200000000002,4,4,16.0,0.02857142857142857,0.9266860194365075,True,False,hypo_siscowet
NW_024059023.1:5934,NW_024059023.1,5934,34.799225,15.265777499999999,-19.5334475,4,4,16.0,0.02857142857142857,0.9266860194365075,True,False,hypo_siscowet
NW_024059023.1:5980,NW_024059023.1,5980,29.873225,14.593732500000002,-15.2794925,4,4,16.0,0.02857142857142857,0.9266860194365075,True,False,hypo_siscowet
NW_024059023.1:6206,NW_024059023.1,6206,66.6207,39.83935,-26.781349999999996,4,4,16.0,0.02857142857142857,0.9266860194365075,True,False,hypo_siscowet
NW_024059023.1:6227,NW_024059023.1,6227,56.695775,29.66695,-27.028824999999998,4,4,16.0,0.02857142857142857,0.9266860194365075,True,False,hypo_siscowet
NW_024059023.1:6248,NW_024059023.1,6248,53.1178,27.3252,-25.792600000000004,4,4,16.0,0.02857142857142857,0.9266860194365075,True,False,hypo_siscowet
NW_024059023.1:6285,NW_024059023.1,6285,52.444625,26.509349999999998,-25.935275000000004,4,4,16.0,0.02857142857142857,0.9266860194365075,True,False,hypo_siscowet
NW_024059023.1:6606,NW_024059023.1,6606,63.103275,36.02115,-27.082124999999998,4,4,16.0,0.02857142857142857,0.9266860194365075,True,False,hypo_siscowet
NW_024059023.1:6648,NW_024059023.1,6648,68.37065,37.233975,-31.136674999999997,4,4,16.0,0.02857142857142857,0.9266860194365075,True,False,hypo_siscowet
NW_024059023.1:6685,NW_024059023.1,6685,66.296025,33.157875000000004,-33.138149999999996,4,4,16.0,0.02857142857142857,0.9266860194365075,True,False,hypo_siscowet
NW_024059023.1:6719,NW_024059023.1,6719,62.590599999999995,33.655075,-28.935525,4,4,16.0,0.02857142857142857,0.9266860194365075,True,False,hypo_siscowet
NW_024059023.1:6765,NW_024059023.1,6765,67.51715,31.582475000000002,-35.934675,4,4,16.0,0.02857142857142857,0.9266860194365075,True,False,hypo_siscowet
NW_024059023.1:6848,NW_024059023.1,6848,69.82975,32.46175,-37.368,4,4,16.0,0.02857142857142857,0.9266860194365075,True,False,hypo_siscowet
NW_024059023.1:6885,NW_024059023.1,6885,65.239625,32.54505,-32.694575,4,4,16.0,0.02857142857142857,0.9266860194365075,True,False,hypo_siscowet
NW_024059023.1:6919,NW_024059023.1,6919,63.6319,33.19455000000001,-30.437349999999995,4,4,16.0,0.02857142857142857,0.9266860194365075,True,False,hypo_siscowet
NW_024059023.1:6965,NW_024059023.1,6965,67.11812499999999,34.978674999999996,-32.13945,4,4,16.0,0.02857142857142857,0.9266860194365075,True,False,hypo_siscowet
NW_024059023.1:7248,NW_024059023.1,7248,60.758325,35.384775000000005,-25.373549999999994,4,4,16.0,0.02857142857142857,0.9266860194365075,True,False,hypo_siscowet
NW_024059023.1:7285,NW_024059023.1,7285,64.54175000000001,34.2337,-30.30805000000001,4,4,16.0,0.02857142857142857,0.9266860194365075,True,False,hypo_siscowet
NW_024059023.1:7319,NW_024059023.1,7319,66.34422500000001,30.647375000000004,-35.696850000000005,4,4,16.0,0.02857142857142857,0.9266860194365075,True,False,hypo_siscowet
NW_024059023.1:7365,NW_024059023.1,7365,68.93622500000001,34.936075,-34.000150000000005,4,4,16.0,0.02857142857142857,0.9266860194365075,True,False,hypo_siscowet
NW_024059023.1:7406,NW_024059023.1,7406,67.9369,35.152750000000005,-32.78414999999999,4,4,16.0,0.02857142857142857,0.9266860194365075,True,False,hypo_siscowet
NW_024059023.1:7448,NW_024059023.1,7448,66.45162499999999,37.64895,-28.802674999999994,4,4,16.0,0.02857142857142857,0.9266860194365075,True,False,hypo_siscowet
NW_024059023.1:7485,NW_024059023.1,7485,61.774975,35.915275,-25.859699999999997,4,4,16.0,0.02857142857142857,0.9266860194365075,True,False,hypo_siscowet
NW_024059023.1:7519,NW_024059023.1,7519,60.214475,35.237,-24.977475,4,4,16.0,0.02857142857142857,0.9266860194365075,True,False,hypo_siscowet
NW_024059023.1:7565,NW_024059023.1,7565,57.547450000000005,31.867725,-25.679725000000005,4,4,16.0,0.02857142857142857,0.9266860194365075,True,False,hypo_siscowet
NW_024059023.1:7606,NW_024059023.1,7606,56.8783,31.2868,-25.591500000000003,4,4,16.0,0.02857142857142857,0.9266860194365075,True,False,hypo_siscowet
NW_024059023.1:7648,NW_024059023.1,7648,60.14705,31.977899999999998,-28.169150000000002,4,4,16.0,0.02857142857142857,0.9266860194365075,True,False,hypo_siscowet
NW_024059023.1:7685,NW_024059023.1,7685,60.269349999999996,33.304025,-26.965324999999993,4,4,16.0,0.02857142857142857,0.9266860194365075,True,False,hypo_siscowet
NW_024059023.1:7719,NW_024059023.1,7719,61.157624999999996,31.850900000000003,-29.306724999999993,4,4,16.0,0.02857142857142857,0.9266860194365075,True,False,hypo_siscowet
NW_024059023.1:7765,NW_024059023.1,7765,61.268,31.559124999999998,-29.708875000000003,4,4,16.0,0.02857142857142857,0.9266860194365075,True,False,hypo_siscowet
NW_024059023.1:7796,NW_024059023.1,7796,60.376374999999996,23.44995,-36.926424999999995,4,4,16.0,0.02857142857142857,0.9266860194365075,True,False,hypo_siscowet
NW_024059023.1:7806,NW_024059023.1,7806,59.445075,31.14985,-28.295225000000002,4,4,16.0,0.02857142857142857,0.9266860194365075,True,False,hypo_siscowet
NW_024059023.1:7848,NW_024059023.1,7848,60.058975,32.313725000000005,-27.74524999999999,4,4,16.0,0.02857142857142857,0.9266860194365075,True,False,hypo_siscowet
NW_024059023.1:7885,NW_024059023.1,7885,55.44055,26.368975,-29.071575000000003,4,4,16.0,0.02857142857142857,0.9266860194365075,True,False,hypo_siscowet
NW_024059023.1:7919,NW_024059023.1,7919,53.7782,29.851625,-23.926575,4,4,16.0,0.02857142857142857,0.9266860194365075,True,False,hypo_siscowet
NW_024059023.1:7965,NW_024059023.1,7965,56.3474,28.447074999999998,-27.900325000000002,4,4,16.0,0.02857142857142857,0.9266860194365075,True,False,hypo_siscowet
NW_024059023.1:8006,NW_024059023.1,8006,58.362475,30.439525000000003,-27.92295,4,4,16.0,0.02857142857142857,0.9266860194365075,True,False,hypo_siscowet
NW_024059023.1:8085,NW_024059023.1,8085,63.053325,32.749575,-30.30375,4,4,16.0,0.02857142857142857,0.9266860194365075,True,False,hypo_siscowet
NW_024059023.1:8119,NW_024059023.1,8119,64.421625,34.84275,-29.578875000000004,4,4,16.0,0.02857142857142857,0.9266860194365075,True,False,hypo_siscowet
NW_024059023.1:8153,NW_024059023.1,8153,75.686925,44.36555,-31.321375000000003,4,4,16.0,0.02857142857142857,0.9266860194365075,True,False,hypo_siscowet
NW_024059023.1:8375,NW_024059023.1,8375,45.1976,16.8092125,-28.3883875,4,4,16.0,0.02857142857142857,0.9266860194365075,True,False,hypo_siscowet
NW_024059023.1:8485,NW_024059023.1,8485,56.48114999999999,29.853250000000003,-26.62789999999999,4,4,16.0,0.02857142857142857,0.9266860194365075,True,False,hypo_siscowet
NW_024059023.1:8519,NW_024059023.1,8519,54.412,29.60705,-24.804949999999998,4,4,16.0,0.02857142857142857,0.9266860194365075,True,False,hypo_siscowet
NW_024059023.1:8626,NW_024059023.1,8626,53.29805,24.49445,-28.803600000000003,4,4,16.0,0.02857142857142857,0.9266860194365075,True,False,hypo_siscowet
NW_024059023.1:8667,NW_024059023.1,8667,44.2162,22.744475,-21.471725,4,4,16.0,0.02857142857142857,0.9266860194365075,True,False,hypo_siscowet
NW_024059023.1:8709,NW_024059023.1,8709,48.992725,27.755925000000005,-21.236799999999995,4,4,16.0,0.02857142857142857,0.9266860194365075,True,False,hypo_siscowet
NW_024059023.1:8746,NW_024059023.1,8746,58.775324999999995,31.46035,-27.314974999999997,4,4,16.0,0.02857142857142857,0.9266860194365075,True,False,hypo_siscowet
NW_024059023.1:8780,NW_024059023.1,8780,63.31122499999999,32.40835,-30.902874999999995,4,4,16.0,0.02857142857142857,0.9266860194365075,True,False,hypo_siscowet
NW_024059023.1:8866,NW_024059023.1,8866,82.675475,54.941024999999996,-27.73445000000001,4,4,16.0,0.02857142857142857,0.9266860194365075,True,False,hypo_siscowet
NW_024059023.1:8908,NW_024059023.1,8908,79.470625,55.98765,-23.482974999999996,4,4,16.0,0.02857142857142857,0.9266860194365075,True,False,hypo_siscowet
NW_024059023.1:8964,NW_024059023.1,8964,77.639375,53.146275,-24.4931,4,4,16.0,0.02857142857142857,0.9266860194365075,True,False,hypo_siscowet
NW_024059023.1:9011,NW_024059023.1,9011,67.8672,50.8565,-17.0107,4,4,16.0,0.029401048190339642,0.9266860194365075,True,False,hypo_siscowet
NW_024059023.1:9052,NW_024059023.1,9052,62.614525,42.206199999999995,-20.408325000000005,4,4,16.0,0.02857142857142857,0.9266860194365075,True,False,hypo_siscowet
NW_024059023.1:9094,NW_024059023.1,9094,52.103899999999996,34.937875,-17.166024999999998,4,4,16.0,0.02857142857142857,0.9266860194365075,True,False,hypo_siscowet
NW_024059023.1:9213,NW_024059023.1,9213,37.983625,22.671725000000002,-15.311900000000001,4,4,16.0,0.02857142857142857,0.9266860194365075,True,False,hypo_siscowet
NW_024059023.1:9296,NW_024059023.1,9296,53.75489999999999,35.562,-18.192899999999995,4,4,16.0,0.02857142857142857,0.9266860194365075,True,False,hypo_siscowet
NW_024059023.1:9338,NW_024059023.1,9338,65.354775,42.792500000000004,-22.562275,4,4,16.0,0.02857142857142857,0.9266860194365075,True,False,hypo_siscowet
NW_024059030.1:27447,NW_024059030.1,27447,89.8968,63.640474999999995,-26.256325000000004,4,4,16.0,0.02857142857142857,0.9266860194365075,True,False,hypo_siscowet
NW_024059030.1:27494,NW_024059030.1,27494,83.669775,55.473325,-28.19645,4,4,16.0,0.02857142857142857,0.9266860194365075,True,False,hypo_siscowet
NW_024059030.1:27695,NW_024059030.1,27695,59.872175,32.366775,-27.5054,4,4,16.0,0.02857142857142857,0.9266860194365075,True,False,hypo_siscowet
NW_024059030.1:27810,NW_024059030.1,27810,30.7059,14.169515,-16.536385,4,4,16.0,0.02857142857142857,0.9266860194365075,True,False,hypo_siscowet
NW_024059030.1:27820,NW_024059030.1,27820,34.54385,10.8261575,-23.7176925,4,4,16.0,0.02857142857142857,0.9266860194365075,True,False,hypo_siscowet
NW_024059030.1:27866,NW_024059030.1,27866,35.762550000000005,13.78631,-21.976240000000004,4,4,16.0,0.02857142857142857,0.9266860194365075,True,False,hypo_siscowet
NW_024059030.1:28022,NW_024059030.1,28022,58.19345,33.930975,-24.262475000000002,4,4,16.0,0.02857142857142857,0.9266860194365075,True,False,hypo_siscowet
NW_024059030.1:28208,NW_024059030.1,28208,65.4801,35.929824999999994,-29.550275,4,4,16.0,0.02857142857142857,0.9266860194365075,True,False,hypo_siscowet
NW_024059030.1:28253,NW_024059030.1,28253,56.880175,27.258125,-29.62205,4,4,16.0,0.02857142857142857,0.9266860194365075,True,False,hypo_siscowet
NW_024059030.1:28287,NW_024059030.1,28287,53.565799999999996,24.079325,-29.486474999999995,4,4,16.0,0.02857142857142857,0.9266860194365075,True,False,hypo_siscowet
NW_024059030.1:28324,NW_024059030.1,28324,49.382149999999996,21.5708825,-27.811267499999996,4,4,16.0,0.02857142857142857,0.9266860194365075,True,False,hypo_siscowet
NW_024059030.1:28366,NW_024059030.1,28366,45.191825,19.18621,-26.005615000000002,4,4,16.0,0.02857142857142857,0.9266860194365075,True,False,hypo_siscowet
NW_024059030.1:28548,NW_024059030.1,28548,48.516724999999994,26.1771,-22.339624999999995,4,4,16.0,0.02857142857142857,0.9266860194365075,True,False,hypo_siscowet
NW_024059030.1:28627,NW_024059030.1,28627,48.237475,21.638227500000003,-26.5992475,4,4,16.0,0.02857142857142857,0.9266860194365075,True,False,hypo_siscowet
NW_024059030.1:28658,NW_024059030.1,28658,41.427,18.9024,-22.5246,4,4,16.0,0.02857142857142857,0.9266860194365075,True,False,hypo_siscowet
NW_024059030.1:28880,NW_024059030.1,28880,70.1971,41.40585,-28.791250000000005,4,4,16.0,0.02857142857142857,0.9266860194365075,True,False,hypo_siscowet
NW_024059030.1:29027,NW_024059030.1,29027,52.9813,22.16055,-30.820749999999997,4,4,16.0,0.02857142857142857,0.9266860194365075,True,False,hypo_siscowet
NW_024059030.1:29037,NW_024059030.1,29037,40.954225,20.865949999999998,-20.088275000000003,4,4,16.0,0.02857142857142857,0.9266860194365075,True,False,hypo_siscowet
NW_024059030.1:29058,NW_024059030.1,29058,38.86725,17.328580000000002,-21.538669999999996,4,4,16.0,0.02857142857142857,0.9266860194365075,True,False,hypo_siscowet
NW_024059030.1:29068,NW_024059030.1,29068,53.2532,21.598425,-31.654775,4,4,16.0,0.02857142857142857,0.9266860194365075,True,False,hypo_siscowet
NW_024059030.1:29114,NW_024059030.1,29114,53.94395,23.015124999999998,-30.928825000000003,4,4,16.0,0.02857142857142857,0.9266860194365075,True,False,hypo_siscowet
NW_024059030.1:29148,NW_024059030.1,29148,56.289225,23.201600000000003,-33.087625,4,4,16.0,0.02857142857142857,0.9266860194365075,True,False,hypo_siscowet
NW_024059030.1:29185,NW_024059030.1,29185,56.37505,23.927525,-32.447525,4,4,16.0,0.02857142857142857,0.9266860194365075,True,False,hypo_siscowet
NW_024059030.1:29227,NW_024059030.1,29227,54.9773,25.470924999999998,-29.506375000000002,4,4,16.0,0.02857142857142857,0.9266860194365075,True,False,hypo_siscowet
NW_024059030.1:29268,NW_024059030.1,29268,55.429275,27.799025,-27.630249999999997,4,4,16.0,0.02857142857142857,0.9266860194365075,True,False,hypo_siscowet
NW_024059030.1:29314,NW_024059030.1,29314,57.254825000000004,27.858875,-29.395950000000003,4,4,16.0,0.02857142857142857,0.9266860194365075,True,False,hypo_siscowet
NW_024059030.1:29348,NW_024059030.1,29348,60.3414,27.698125,-32.643275,4,4,16.0,0.02857142857142857,0.9266860194365075,True,False,hypo_siscowet
NW_024059030.1:29385,NW_024059030.1,29385,63.210274999999996,29.081675,-34.12859999999999,4,4,16.0,0.02857142857142857,0.9266860194365075,True,False,hypo_siscowet
NW_024059030.1:29427,NW_024059030.1,29427,63.17807499999999,27.882925,-35.29514999999999,4,4,16.0,0.02857142857142857,0.9266860194365075,True,False,hypo_siscowet
NW_024059030.1:29437,NW_024059030.1,29437,55.94785,26.152749999999997,-29.795100000000005,4,4,16.0,0.02857142857142857,0.9266860194365075,True,False,hypo_siscowet
NW_024059030.1:29468,NW_024059030.1,29468,66.7558,26.852224999999997,-39.903575,4,4,16.0,0.02857142857142857,0.9266860194365075,True,False,hypo_siscowet
NW_024059030.1:29480,NW_024059030.1,29480,65.563425,27.8799,-37.683524999999996,4,4,16.0,0.02857142857142857,0.9266860194365075,True,False,hypo_siscowet
NW_024059030.1:29514,NW_024059030.1,29514,63.855624999999996,26.682575,-37.173049999999996,4,4,16.0,0.02857142857142857,0.9266860194365075,True,False,hypo_siscowet
NW_024059030.1:29548,NW_024059030.1,29548,64.792875,26.7327,-38.060174999999994,4,4,16.0,0.02857142857142857,0.9266860194365075,True,False,hypo_siscowet
NW_024059030.1:29585,NW_024059030.1,29585,64.836125,31.571549999999995,-33.264575,4,4,16.0,0.02857142857142857,0.9266860194365075,True,False,hypo_siscowet
NW_024059030.1:29627,NW_024059030.1,29627,61.155225,28.997199999999996,-32.15802500000001,4,4,16.0,0.02857142857142857,0.9266860194365075,True,False,hypo_siscowet
NW_024059030.1:29668,NW_024059030.1,29668,67.269025,31.353475,-35.915549999999996,4,4,16.0,0.02857142857142857,0.9266860194365075,True,False,hypo_siscowet
NW_024059030.1:29680,NW_024059030.1,29680,66.6003,30.353474999999996,-36.24682500000001,4,4,16.0,0.02857142857142857,0.9266860194365075,True,False,hypo_siscowet
NW_024059030.1:29714,NW_024059030.1,29714,62.7667,34.548100000000005,-28.218599999999995,4,4,16.0,0.02857142857142857,0.9266860194365075,True,False,hypo_siscowet
NW_024059030.1:29748,NW_024059030.1,29748,65.1291,31.1189,-34.0102,4,4,16.0,0.02857142857142857,0.9266860194365075,True,False,hypo_siscowet
NW_024059030.1:29785,NW_024059030.1,29785,56.0476,32.38105,-23.66655,4,4,16.0,0.02857142857142857,0.9266860194365075,True,False,hypo_siscowet
NW_024059030.1:29858,NW_024059030.1,29858,52.02565,25.358325,-26.667324999999998,4,4,16.0,0.02857142857142857,0.9266860194365075,True,False,hypo_siscowet
NW_024059030.1:29868,NW_024059030.1,29868,58.356750000000005,28.830799999999996,-29.52595000000001,4,4,16.0,0.02857142857142857,0.9266860194365075,True,False,hypo_siscowet
NW_024059030.1:29914,NW_024059030.1,29914,59.11335,26.010925,-33.102425,4,4,16.0,0.02857142857142857,0.9266860194365075,True,False,hypo_siscowet
NW_024059030.1:29948,NW_024059030.1,29948,62.5922,28.52675,-34.06545,4,4,16.0,0.02857142857142857,0.9266860194365075,True,False,hypo_siscowet
NW_024059030.1:29985,NW_024059030.1,29985,61.604725,29.67975,-31.924975000000003,4,4,16.0,0.02857142857142857,0.9266860194365075,True,False,hypo_siscowet
NW_024059030.1:30027,NW_024059030.1,30027,58.27735,23.932724999999998,-34.344625,4,4,16.0,0.02857142857142857,0.9266860194365075,True,False,hypo_siscowet
NW_024059030.1:30068,NW_024059030.1,30068,65.303725,31.311500000000002,-33.992225,4,4,16.0,0.02857142857142857,0.9266860194365075,True,False,hypo_siscowet
NW_024059030.1:30114,NW_024059030.1,30114,63.243325,30.794125,-32.4492,4,4,16.0,0.02857142857142857,0.9266860194365075,True,False,hypo_siscowet
NW_024059030.1:30148,NW_024059030.1,30148,66.657875,34.2719,-32.385975,4,4,16.0,0.02857142857142857,0.9266860194365075,True,False,hypo_siscowet
NW_024059030.1:30185,NW_024059030.1,30185,69.270725,33.729600000000005,-35.541124999999994,4,4,16.0,0.02857142857142857,0.9266860194365075,True,False,hypo_siscowet
NW_024059030.1:30227,NW_024059030.1,30227,64.235775,30.94145,-33.294325,4,4,16.0,0.02857142857142857,0.9266860194365075,True,False,hypo_siscowet
NW_024059030.1:30268,NW_024059030.1,30268,68.638425,33.318149999999996,-35.320275,4,4,16.0,0.02857142857142857,0.9266860194365075,True,False,hypo_siscowet
NW_024059030.1:30280,NW_024059030.1,30280,64.31954999999999,37.029025,-27.290524999999995,4,4,16.0,0.02857142857142857,0.9266860194365075,True,False,hypo_siscowet
NW_024059030.1:30314,NW_024059030.1,30314,61.31595,32.327825000000004,-28.988124999999997,4,4,16.0,0.02857142857142857,0.9266860194365075,True,False,hypo_siscowet
NW_024059030.1:30348,NW_024059030.1,30348,67.311125,32.8358,-34.475325000000005,4,4,16.0,0.02857142857142857,0.9266860194365075,True,False,hypo_siscowet
NW_024059030.1:30385,NW_024059030.1,30385,67.9445,39.535525,-28.408975000000005,4,4,16.0,0.02857142857142857,0.9266860194365075,True,False,hypo_siscowet
NW_024059030.1:30427,NW_024059030.1,30427,64.768975,36.13035,-28.638624999999998,4,4,16.0,0.02857142857142857,0.9266860194365075,True,False,hypo_siscowet
NW_024059030.1:30468,NW_024059030.1,30468,68.8893,37.38125,-31.508050000000004,4,4,16.0,0.02857142857142857,0.9266860194365075,True,False,hypo_siscowet
NW_024059030.1:30480,NW_024059030.1,30480,63.310725000000005,36.75505,-26.555675000000008,4,4,16.0,0.02857142857142857,0.9266860194365075,True,False,hypo_siscowet
NW_024059030.1:30514,NW_024059030.1,30514,61.050749999999994,34.91974999999999,-26.131,4,4,16.0,0.02857142857142857,0.9266860194365075,True,False,hypo_siscowet
NW_024059030.1:30548,NW_024059030.1,30548,62.511,30.98965,-31.52135,4,4,16.0,0.02857142857142857,0.9266860194365075,True,False,hypo_siscowet
NW_024059030.1:30585,NW_024059030.1,30585,52.54527499999999,28.754475,-23.79079999999999,4,4,16.0,0.02857142857142857,0.9266860194365075,True,False,hypo_siscowet
NW_024059030.1:30627,NW_024059030.1,30627,41.652075,21.467275,-20.184800000000003,4,4,16.0,0.02857142857142857,0.9266860194365075,True,False,hypo_siscowet
NW_024059030.1:30637,NW_024059030.1,30637,36.694925,18.2526325,-18.442292499999997,4,4,16.0,0.02857142857142857,0.9266860194365075,True,False,hypo_siscowet
NW_024059030.1:30714,NW_024059030.1,30714,50.0368,28.081550000000004,-21.955249999999996,4,4,16.0,0.02857142857142857,0.9266860194365075,True,False,hypo_siscowet
NW_024059030.1:30748,NW_024059030.1,30748,53.770975,30.03105,-23.739925,4,4,16.0,0.02857142857142857,0.9266860194365075,True,False,hypo_siscowet
NW_024059030.1:30970,NW_024059030.1,30970,68.7491,48.992325,-19.756774999999998,4,4,16.0,0.02857142857142857,0.9266860194365075,True,False,hypo_siscowet
NW_024059030.1:30991,NW_024059030.1,30991,60.035975,39.851725,-20.18425,4,4,16.0,0.02857142857142857,0.9266860194365075,True,False,hypo_siscowet
NW_024059030.1:31012,NW_024059030.1,31012,41.856449999999995,23.67375,-18.182699999999997,4,4,16.0,0.02857142857142857,0.9266860194365075,True,False,hypo_siscowet
NW_024059030.1:31053,NW_024059030.1,31053,32.120475,14.745577500000001,-17.374897499999996,4,4,16.0,0.02857142857142857,0.9266860194365075,True,False,hypo_siscowet
NW_024059030.1:31099,NW_024059030.1,31099,38.701474999999995,19.407497499999998,-19.293977499999997,4,4,16.0,0.02857142857142857,0.9266860194365075,True,False,hypo_siscowet
NW_024059030.1:31214,NW_024059030.1,31214,55.95589999999999,36.883849999999995,-19.072049999999997,4,4,16.0,0.02857142857142857,0.9266860194365075,True,False,hypo_siscowet
NW_024059030.1:31400,NW_024059030.1,31400,70.580975,44.602199999999996,-25.978775,4,4,16.0,0.02857142857142857,0.9266860194365075,True,False,hypo_siscowet
NW_024059030.1:31441,NW_024059030.1,31441,59.538725,35.628975,-23.909750000000003,4,4,16.0,0.02857142857142857,0.9266860194365075,True,False,hypo_siscowet
NW_024059030.1:31486,NW_024059030.1,31486,51.892,29.258049999999997,-22.633950000000006,4,4,16.0,0.02857142857142857,0.9266860194365075,True,False,hypo_siscowet
NW_024059030.1:31520,NW_024059030.1,31520,48.198049999999995,27.22975,-20.968299999999996,4,4,16.0,0.02857142857142857,0.9266860194365075,True,False,hypo_siscowet
NW_024059030.1:31557,NW_024059030.1,31557,44.144975,22.7899,-21.355075000000003,4,4,16.0,0.02857142857142857,0.9266860194365075,True,False,hypo_siscowet
NW_024059030.1:31599,NW_024059030.1,31599,41.23145,21.624724999999998,-19.606725000000004,4,4,16.0,0.02857142857142857,0.9266860194365075,True,False,hypo_siscowet
NW_024059030.1:31640,NW_024059030.1,31640,38.591175,20.551175,-18.04,4,4,16.0,0.02857142857142857,0.9266860194365075,True,False,hypo_siscowet
NW_024059030.1:31794,NW_024059030.1,31794,65.94035,43.9908,-21.949549999999995,4,4,16.0,0.02857142857142857,0.9266860194365075,True,False,hypo_siscowet
NW_024059030.1:31815,NW_024059030.1,31815,70.4817,46.9972,-23.484500000000004,4,4,16.0,0.02857142857142857,0.9266860194365075,True,False,hypo_siscowet
NW_024059030.1:31924,NW_024059030.1,31924,83.62635,59.963925,-23.662425,4,4,16.0,0.02857142857142857,0.9266860194365075,True,False,hypo_siscowet
NW_024059030.1:31949,NW_024059030.1,31949,80.70477500000001,58.7222,-21.98257500000001,4,4,16.0,0.02857142857142857,0.9266860194365075,True,False,hypo_siscowet
NW_024059030.1:32034,NW_024059030.1,32034,39.880825,21.893425,-17.9874,4,4,16.0,0.02857142857142857,0.9266860194365075,True,False,hypo_siscowet
NW_024059030.1:32254,NW_024059030.1,32254,28.15265,11.8004075,-16.352242500000003,4,4,16.0,0.02857142857142857,0.9266860194365075,True,False,hypo_siscowet
NW_024059030.1:32325,NW_024059030.1,32325,30.75395,10.385972500000001,-20.3679775,4,4,16.0,0.02857142857142857,0.9266860194365075,True,False,hypo_siscowet
NW_024059030.1:32335,NW_024059030.1,32335,26.342975000000003,8.409970000000001,-17.933005,4,4,16.0,0.02857142857142857,0.9266860194365075,True,False,hypo_siscowet
NW_024059030.1:32343,NW_024059030.1,32343,36.834425,16.088775,-20.745650000000005,4,4,16.0,0.02857142857142857,0.9266860194365075,True,False,hypo_siscowet
NW_024059030.1:32352,NW_024059030.1,32352,40.25405,16.669225,-23.584825,4,4,16.0,0.02857142857142857,0.9266860194365075,True,False,hypo_siscowet
NW_024059030.1:32355,NW_024059030.1,32355,62.426225,29.783949999999997,-32.642275000000005,4,4,16.0,0.02857142857142857,0.9266860194365075,True,False,hypo_siscowet
NW_024059030.1:32393,NW_024059030.1,32393,74.15372500000001,46.246325,-27.90740000000001,4,4,16.0,0.02857142857142857,0.9266860194365075,True,False,hypo_siscowet
NW_024059030.1:32396,NW_024059030.1,32396,75.44855000000001,47.71705,-27.73150000000001,4,4,16.0,0.02857142857142857,0.9266860194365075,True,False,hypo_siscowet
NW_024059030.1:32398,NW_024059030.1,32398,74.44297499999999,53.766850000000005,-20.676124999999985,4,4,16.0,0.02857142857142857,0.9266860194365075,True,False,hypo_siscowet
NW_024059030.1:32449,NW_024059030.1,32449,80.407725,60.67945,-19.728274999999996,4,4,16.0,0.02857142857142857,0.9266860194365075,True,False,hypo_siscowet
NW_024059030.1:32452,NW_024059030.1,32452,83.532375,68.295425,-15.236950000000007,4,4,16.0,0.02857142857142857,0.9266860194365075,True,False,hypo_siscowet
NW_024059030.1:41204,NW_024059030.1,41204,92.46470000000001,72.5008,-19.96390000000001,4,4,16.0,0.02857142857142857,0.9266860194365075,True,False,hypo_siscowet
NW_024059030.1:41207,NW_024059030.1,41207,91.08405000000002,71.519925,-19.56412500000002,4,4,16.0,0.02857142857142857,0.9266860194365075,True,False,hypo_siscowet
NW_024059030.1:41211,NW_024059030.1,41211,89.18055,69.920475,-19.260075,4,4,16.0,0.02857142857142857,0.9266860194365075,True,False,hypo_siscowet
NW_024059064.1:136127,NW_024059064.1,136127,12.202366666666668,31.924,19.72163333333333,3,4,0.0,0.04974599072150299,0.9266860194365075,True,False,hyper_siscowet
NW_024059066.1:17538,NW_024059066.1,17538,91.34165,75.493675,-15.847975000000005,4,4,16.0,0.02857142857142857,0.9266860194365075,True,False,hypo_siscowet
NW_024059078.1:2958,NW_024059078.1,2958,8.88888,27.763125000000002,18.874245000000002,3,4,0.0,0.04767810313602185,0.9266860194365075,True,False,hyper_siscowet
NW_024059078.1:8115,NW_024059078.1,8115,43.333333333333336,63.0447,19.711366666666663,3,4,0.0,0.04974599072150299,0.9266860194365075,True,False,hyper_siscowet
NW_024059094.1:8159,NW_024059094.1,8159,57.064750000000004,25.910325,-31.154425000000003,4,4,16.0,0.02857142857142857,0.9266860194365075,True,False,hypo_siscowet
NW_024059094.1:8242,NW_024059094.1,8242,49.172775,23.194274999999998,-25.978500000000004,4,4,16.0,0.02857142857142857,0.9266860194365075,True,False,hypo_siscowet
NW_024059094.1:8279,NW_024059094.1,8279,45.483999999999995,21.664375,-23.819624999999995,4,4,16.0,0.02857142857142857,0.9266860194365075,True,False,hypo_siscowet
NW_024059094.1:8359,NW_024059094.1,8359,45.51765,20.5160075,-25.001642500000003,4,4,16.0,0.02857142857142857,0.9266860194365075,True,False,hypo_siscowet
NW_024059119.1:523091,NW_024059119.1,523091,37.456275000000005,19.562424999999998,-17.893850000000008,4,4,15.5,0.042066412206780826,0.9266860194365075,True,False,hypo_siscowet
NW_024059119.1:523097,NW_024059119.1,523097,33.6592,17.267674999999997,-16.391525,4,4,16.0,0.02857142857142857,0.9266860194365075,True,False,hypo_siscowet
NW_024059119.1:523117,NW_024059119.1,523117,40.858275000000006,12.4246,-28.433675000000008,4,4,16.0,0.02857142857142857,0.9266860194365075,True,False,hypo_siscowet
NW_024059119.1:523530,NW_024059119.1,523530,44.921725,21.808275,-23.113450000000004,4,4,16.0,0.02857142857142857,0.9266860194365075,True,False,hypo_siscowet
NW_024059119.1:523596,NW_024059119.1,523596,44.802625,22.483224999999997,-22.3194,4,4,16.0,0.02857142857142857,0.9266860194365075,True,False,hypo_siscowet
NW_024059127.1:20349,NW_024059127.1,20349,74.093,90.58442499999998,16.49142499999998,3,4,0.0,0.04974599072150299,0.9266860194365075,True,False,hyper_siscowet
NW_024059131.1:117903,NW_024059131.1,117903,40.30455,9.875527499999999,-30.429022500000002,4,4,16.0,0.02857142857142857,0.9266860194365075,True,False,hypo_siscowet
NW_024059167.1:33198,NW_024059167.1,33198,78.414275,63.39715,-15.017125,4,4,16.0,0.028429535998796527,0.9266860194365075,True,False,hypo_siscowet
NW_024059167.1:37028,NW_024059167.1,37028,90.06195,60.223175,-29.838775,4,4,16.0,0.02857142857142857,0.9266860194365075,True,False,hypo_siscowet
NW_024059167.1:39031,NW_024059167.1,39031,18.818375,2.7975825,-16.0207925,4,4,16.0,0.02857142857142857,0.9266860194365075,True,False,hypo_siscowet
NW_024059175.1:161558,NW_024059175.1,161558,77.22727499999999,60.9169,-16.310374999999993,4,3,12.0,0.04974599072150299,0.9266860194365075,True,False,hypo_siscowet
NW_024059175.1:162755,NW_024059175.1,162755,96.19252499999999,64.923075,-31.269449999999992,4,4,16.0,0.029401048190339642,0.9266860194365075,True,False,hypo_siscowet
NW_024059175.1:163410,NW_024059175.1,163410,90.46585,69.944,-20.52185,4,4,16.0,0.02857142857142857,0.9266860194365075,True,False,hypo_siscowet
NW_024059175.1:165261,NW_024059175.1,165261,96.770825,80.676475,-16.094350000000006,4,4,16.0,0.029401048190339642,0.9266860194365075,True,False,hypo_siscowet
NW_024059175.1:169414,NW_024059175.1,169414,95.089275,77.32963333333333,-17.759641666666667,4,3,12.0,0.04974599072150299,0.9266860194365075,True,False,hypo_siscowet
NW_024059175.1:59810,NW_024059175.1,59810,81.33333333333333,50.917125,-30.41620833333333,3,4,12.0,0.04974599072150299,0.9266860194365075,True,False,hypo_siscowet
NW_024059176.1:38413,NW_024059176.1,38413,88.333325,71.335475,-16.99785,4,4,16.0,0.029401048190339642,0.9266860194365075,True,False,hypo_siscowet
NW_024059195.1:25099,NW_024059195.1,25099,76.90362499999999,61.619074999999995,-15.284549999999996,4,4,16.0,0.02857142857142857,0.9266860194365075,True,False,hypo_siscowet
NW_024059195.1:28047,NW_024059195.1,28047,33.3554,18.179775,-15.175625000000004,4,4,16.0,0.02857142857142857,0.9266860194365075,True,False,hypo_siscowet
NW_024059195.1:28057,NW_024059195.1,28057,44.789825,25.409325000000003,-19.380499999999998,4,4,16.0,0.02857142857142857,0.9266860194365075,True,False,hypo_siscowet
NW_024059195.1:29626,NW_024059195.1,29626,29.08005,13.1949,-15.88515,4,4,16.0,0.02857142857142857,0.9266860194365075,True,False,hypo_siscowet
NW_024059195.1:30826,NW_024059195.1,30826,41.14895,16.88835,-24.2606,4,4,16.0,0.02857142857142857,0.9266860194365075,True,False,hypo_siscowet
NW_024059195.1:33326,NW_024059195.1,33326,27.72225,8.2108525,-19.5113975,4,4,16.0,0.02857142857142857,0.9266860194365075,True,False,hypo_siscowet
NW_024059195.1:33346,NW_024059195.1,33346,55.891025,33.8405,-22.050525,4,4,16.0,0.02857142857142857,0.9266860194365075,True,False,hypo_siscowet
NW_024059195.1:36850,NW_024059195.1,36850,90.22017500000001,74.924175,-15.296000000000006,4,4,16.0,0.02857142857142857,0.9266860194365075,True,False,hypo_siscowet
NW_024059195.1:5563,NW_024059195.1,5563,46.976175,21.225675000000003,-25.750499999999995,4,4,16.0,0.02857142857142857,0.9266860194365075,True,False,hypo_siscowet
NW_024059195.1:5597,NW_024059195.1,5597,43.1571,23.4353,-19.721799999999998,4,4,16.0,0.02857142857142857,0.9266860194365075,True,False,hypo_siscowet
NW_024059195.1:6163,NW_024059195.1,6163,57.69545000000001,29.668974999999996,-28.026475000000012,4,4,16.0,0.029401048190339642,0.9266860194365075,True,False,hypo_siscowet
NW_024059195.1:6197,NW_024059195.1,6197,65.116,31.496125,-33.619875,3,4,12.0,0.04974599072150299,0.9266860194365075,True,False,hypo_siscowet
NW_024059195.1:7994,NW_024059195.1,7994,41.369475,19.892375,-21.4771,4,4,16.0,0.02857142857142857,0.9266860194365075,True,False,hypo_siscowet
NW_024059195.1:8003,NW_024059195.1,8003,44.364225,19.879125000000002,-24.485099999999996,4,4,16.0,0.02857142857142857,0.9266860194365075,True,False,hypo_siscowet
NW_024059200.1:12707,NW_024059200.1,12707,40.699749999999995,24.13805,-16.561699999999995,4,4,16.0,0.02857142857142857,0.9266860194365075,True,False,hypo_siscowet
NW_024059200.1:12738,NW_024059200.1,12738,36.551300000000005,19.261375,-17.289925000000004,4,4,16.0,0.02857142857142857,0.9266860194365075,True,False,hypo_siscowet
NW_024059200.1:13294,NW_024059200.1,13294,44.28305,21.67155,-22.611500000000003,4,4,16.0,0.02857142857142857,0.9266860194365075,True,False,hypo_siscowet
NW_024059200.1:13755,NW_024059200.1,13755,51.702650000000006,26.43255,-25.270100000000006,4,4,16.0,0.02857142857142857,0.9266860194365075,True,False,hypo_siscowet
NW_024059200.1:13765,NW_024059200.1,13765,49.815675000000006,23.94125,-25.874425000000006,4,4,16.0,0.02857142857142857,0.9266860194365075,True,False,hypo_siscowet
NW_024059200.1:13786,NW_024059200.1,13786,43.622275,22.8086,-20.813675000000003,4,4,16.0,0.02857142857142857,0.9266860194365075,True,False,hypo_siscowet
NW_024059200.1:13796,NW_024059200.1,13796,54.2153,23.24575,-30.969549999999998,4,4,16.0,0.02857142857142857,0.9266860194365075,True,False,hypo_siscowet
NW_024059200.1:13842,NW_024059200.1,13842,51.7612,24.54145,-27.21975,4,4,16.0,0.02857142857142857,0.9266860194365075,True,False,hypo_siscowet
NW_024059200.1:13876,NW_024059200.1,13876,51.55575,25.999375,-25.556375000000003,4,4,16.0,0.02857142857142857,0.9266860194365075,True,False,hypo_siscowet
NW_024059200.1:13913,NW_024059200.1,13913,56.48757499999999,30.040950000000002,-26.44662499999999,4,4,16.0,0.02857142857142857,0.9266860194365075,True,False,hypo_siscowet
NW_024059200.1:14208,NW_024059200.1,14208,75.621775,48.2142,-27.407575,4,4,16.0,0.02857142857142857,0.9266860194365075,True,False,hypo_siscowet
NW_024059200.1:14442,NW_024059200.1,14442,59.539925000000004,33.762775000000005,-25.77715,4,4,16.0,0.02857142857142857,0.9266860194365075,True,False,hypo_siscowet
NW_024059200.1:14476,NW_024059200.1,14476,61.49275,32.55535,-28.937400000000004,4,4,16.0,0.02857142857142857,0.9266860194365075,True,False,hypo_siscowet
NW_024059200.1:14513,NW_024059200.1,14513,60.238125,26.186125,-34.05199999999999,4,4,16.0,0.029401048190339642,0.9266860194365075,True,False,hypo_siscowet
NW_024059200.1:14555,NW_024059200.1,14555,46.867999999999995,14.6275075,-32.240492499999995,4,4,16.0,0.02857142857142857,0.9266860194365075,True,False,hypo_siscowet
NW_024059200.1:14586,NW_024059200.1,14586,47.425175,14.42314,-33.00203500000001,4,4,16.0,0.02857142857142857,0.9266860194365075,True,False,hypo_siscowet
NW_024059200.1:14596,NW_024059200.1,14596,59.852775,17.87005,-41.982725,4,4,16.0,0.02857142857142857,0.9266860194365075,True,False,hypo_siscowet
NW_024059200.1:14657,NW_024059200.1,14657,57.293425,23.504375,-33.78905,4,4,16.0,0.02857142857142857,0.9266860194365075,True,False,hypo_siscowet
NW_024059200.1:14703,NW_024059200.1,14703,57.151175,29.332675000000005,-27.818499999999997,4,4,16.0,0.02857142857142857,0.9266860194365075,True,False,hypo_siscowet
NW_024059200.1:14737,NW_024059200.1,14737,54.282775,29.987125000000002,-24.29565,4,4,16.0,0.02857142857142857,0.9266860194365075,True,False,hypo_siscowet
NW_024059200.1:14847,NW_024059200.1,14847,37.61895,18.9247275,-18.6942225,4,4,16.0,0.02857142857142857,0.9266860194365075,True,False,hypo_siscowet
NW_024059200.1:15216,NW_024059200.1,15216,48.527525000000004,26.326449999999998,-22.201075000000007,4,4,16.0,0.02857142857142857,0.9266860194365075,True,False,hypo_siscowet
NW_024059200.1:15303,NW_024059200.1,15303,51.067550000000004,26.80745,-24.260100000000005,4,4,16.0,0.02857142857142857,0.9266860194365075,True,False,hypo_siscowet
NW_024059200.1:16226,NW_024059200.1,16226,39.19815,17.445175,-21.752975,4,4,16.0,0.02857142857142857,0.9266860194365075,True,False,hypo_siscowet
NW_024059200.1:16247,NW_024059200.1,16247,32.22765,14.4844925,-17.743157499999995,4,4,16.0,0.02857142857142857,0.9266860194365075,True,False,hypo_siscowet
NW_024059200.1:16303,NW_024059200.1,16303,47.51765,24.304975,-23.212675000000004,4,4,16.0,0.02857142857142857,0.9266860194365075,True,False,hypo_siscowet
NW_024059200.1:16337,NW_024059200.1,16337,47.1938,25.044425,-22.149375000000003,4,4,16.0,0.02857142857142857,0.9266860194365075,True,False,hypo_siscowet
NW_024059200.1:16657,NW_024059200.1,16657,44.621725,18.829025,-25.792699999999996,4,4,16.0,0.02857142857142857,0.9266860194365075,True,False,hypo_siscowet
NW_024059200.1:16703,NW_024059200.1,16703,44.850075000000004,20.6431,-24.206975000000003,4,4,16.0,0.02857142857142857,0.9266860194365075,True,False,hypo_siscowet
NW_024059200.1:17269,NW_024059200.1,17269,65.0155,46.303225,-18.712275000000005,4,4,16.0,0.02857142857142857,0.9266860194365075,True,False,hypo_siscowet
NW_024059200.1:17626,NW_024059200.1,17626,40.61492500000001,21.14165,-19.473275000000008,4,4,16.0,0.02857142857142857,0.9266860194365075,True,False,hypo_siscowet
NW_024059200.1:17647,NW_024059200.1,17647,35.28082500000001,18.948025,-16.332800000000006,4,4,16.0,0.02857142857142857,0.9266860194365075,True,False,hypo_siscowet
NW_024059200.1:17657,NW_024059200.1,17657,42.514275,23.750049999999998,-18.764225,4,4,16.0,0.02857142857142857,0.9266860194365075,True,False,hypo_siscowet
NW_024059200.1:17703,NW_024059200.1,17703,46.689525,25.304975,-21.384550000000004,4,4,16.0,0.02857142857142857,0.9266860194365075,True,False,hypo_siscowet
NW_024059200.1:17737,NW_024059200.1,17737,48.069224999999996,23.884725,-24.184499999999996,4,4,16.0,0.02857142857142857,0.9266860194365075,True,False,hypo_siscowet
NW_024059200.1:20107,NW_024059200.1,20107,21.449237500000002,5.2305075,-16.21873,4,4,16.0,0.02857142857142857,0.9266860194365075,True,False,hypo_siscowet
NW_024059200.1:20116,NW_024059200.1,20116,38.69365,12.77393,-25.919719999999998,4,4,16.0,0.02857142857142857,0.9266860194365075,True,False,hypo_siscowet
NW_024059200.1:20126,NW_024059200.1,20126,35.098275,10.4164875,-24.6817875,4,4,16.0,0.02857142857142857,0.9266860194365075,True,False,hypo_siscowet
NW_024059200.1:2564,NW_024059200.1,2564,85.188975,65.885475,-19.3035,4,4,16.0,0.02857142857142857,0.9266860194365075,True,False,hypo_siscowet
NW_024059200.1:2574,NW_024059200.1,2574,83.883925,66.10865,-17.775275000000008,4,4,16.0,0.02857142857142857,0.9266860194365075,True,False,hypo_siscowet
NW_024059200.1:2580,NW_024059200.1,2580,88.778,73.23705,-15.54095000000001,4,4,16.0,0.02857142857142857,0.9266860194365075,True,False,hypo_siscowet
NW_024059200.1:6027,NW_024059200.1,6027,83.645425,67.4106,-16.234825,4,4,16.0,0.02857142857142857,0.9266860194365075,True,False,hypo_siscowet
NW_024059200.1:6201,NW_024059200.1,6201,87.29339999999999,70.55902499999999,-16.734375,4,4,16.0,0.02857142857142857,0.9266860194365075,True,False,hypo_siscowet
NW_024059200.1:6222,NW_024059200.1,6222,88.17927499999999,72.223175,-15.956099999999992,4,4,16.0,0.02857142857142857,0.9266860194365075,True,False,hypo_siscowet
NW_024059200.1:6229,NW_024059200.1,6229,86.51554999999999,70.46270000000001,-16.052849999999978,4,4,16.0,0.02857142857142857,0.9266860194365075,True,False,hypo_siscowet
NW_024059226.1:831,NW_024059226.1,831,72.93462500000001,56.5844,-16.35022500000001,4,4,16.0,0.02857142857142857,0.9266860194365075,True,False,hypo_siscowet
NW_024059230.1:303779,NW_024059230.1,303779,50.114900000000006,29.3853,-20.729600000000005,4,4,15.5,0.042066412206780826,0.9266860194365075,True,False,hypo_siscowet
NW_024059230.1:303904,NW_024059230.1,303904,51.3533,23.84615,-27.507149999999996,4,4,16.0,0.02857142857142857,0.9266860194365075,True,False,hypo_siscowet
NW_024059230.1:303912,NW_024059230.1,303912,40.28845,13.804929999999999,-26.48352,4,4,16.0,0.029401048190339642,0.9266860194365075,True,False,hypo_siscowet
NW_024059230.1:304381,NW_024059230.1,304381,49.059475,23.2051,-25.854374999999997,4,4,16.0,0.02857142857142857,0.9266860194365075,True,False,hypo_siscowet
NW_024059230.1:304389,NW_024059230.1,304389,46.527775,24.679475000000004,-21.848299999999995,4,4,16.0,0.02857142857142857,0.9266860194365075,True,False,hypo_siscowet
NW_024059230.1:304423,NW_024059230.1,304423,56.14035,27.3451025,-28.7952475,4,4,16.0,0.029401048190339642,0.9266860194365075,True,False,hypo_siscowet
NW_024059230.1:359090,NW_024059230.1,359090,97.916675,77.13595,-20.780725000000004,4,4,16.0,0.026518721959430728,0.9266860194365075,True,False,hypo_siscowet
NW_024059230.1:359118,NW_024059230.1,359118,98.91305,82.03125,-16.8818,4,4,16.0,0.026518721959430728,0.9266860194365075,True,False,hypo_siscowet
NW_024059230.1:359133,NW_024059230.1,359133,100.0,84.86475,-15.13525,4,4,16.0,0.021070570134378658,0.9266860194365075,True,False,hypo_siscowet
NW_024059230.1:560888,NW_024059230.1,560888,27.301566666666663,2.8726725,-24.428894166666662,3,4,12.0,0.04974599072150299,0.9266860194365075,True,False,hypo_siscowet
NW_024059230.1:569044,NW_024059230.1,569044,35.2299,9.6875,-25.5424,3,4,12.0,0.04974599072150299,0.9266860194365075,True,False,hypo_siscowet
NW_024059230.1:574588,NW_024059230.1,574588,79.69832500000001,95.5357,15.837374999999994,4,4,0.0,0.029401048190339642,0.9266860194365075,True,False,hyper_siscowet
NW_024059230.1:578728,NW_024059230.1,578728,77.10227499999999,54.38596666666666,-22.71630833333333,4,3,12.0,0.04767810313602185,0.9266860194365075,True,False,hypo_siscowet
NW_024059230.1:637218,NW_024059230.1,637218,87.225275,66.81816666666667,-20.407108333333326,4,3,12.0,0.04974599072150299,0.9266860194365075,True,False,hypo_siscowet
NW_024059230.1:644259,NW_024059230.1,644259,55.934349999999995,30.121325000000002,-25.813024999999993,4,4,16.0,0.029401048190339642,0.9266860194365075,True,False,hypo_siscowet
NW_024059230.1:663312,NW_024059230.1,663312,25.921699999999998,1.9230775,-23.998622499999996,3,4,12.0,0.04359664488554136,0.9266860194365075,True,False,hypo_siscowet
NW_024059230.1:688234,NW_024059230.1,688234,20.461725,5.3125,-15.149225000000001,4,4,16.0,0.02857142857142857,0.9266860194365075,True,False,hypo_siscowet
NW_024059240.1:10079,NW_024059240.1,10079,64.030175,39.37795,-24.652225,4,4,16.0,0.02857142857142857,0.9266860194365075,True,False,hypo_siscowet
NW_024059240.1:10879,NW_024059240.1,10879,64.435375,41.821250000000006,-22.614124999999987,4,4,16.0,0.02857142857142857,0.9266860194365075,True,False,hypo_siscowet
NW_024059240.1:10916,NW_024059240.1,10916,60.43085000000001,37.159075,-23.271775000000005,4,4,16.0,0.02857142857142857,0.9266860194365075,True,False,hypo_siscowet
NW_024059240.1:10996,NW_024059240.1,10996,55.86815,31.389650000000003,-24.478499999999997,4,4,16.0,0.02857142857142857,0.9266860194365075,True,False,hypo_siscowet
NW_024059240.1:11006,NW_024059240.1,11006,41.9437,21.258074999999998,-20.685625,4,4,16.0,0.02857142857142857,0.9266860194365075,True,False,hypo_siscowet
NW_024059240.1:11037,NW_024059240.1,11037,39.939575000000005,24.84205,-15.097525000000005,4,4,16.0,0.02857142857142857,0.9266860194365075,True,False,hypo_siscowet
NW_024059240.1:11079,NW_024059240.1,11079,45.982875,26.333250000000003,-19.649624999999997,4,4,16.0,0.02857142857142857,0.9266860194365075,True,False,hypo_siscowet
NW_024059240.1:11116,NW_024059240.1,11116,50.97725,28.749225000000003,-22.228024999999995,4,4,16.0,0.02857142857142857,0.9266860194365075,True,False,hypo_siscowet
NW_024059240.1:11150,NW_024059240.1,11150,56.29367499999999,26.876775,-29.416899999999995,4,4,16.0,0.02857142857142857,0.9266860194365075,True,False,hypo_siscowet
NW_024059240.1:11196,NW_024059240.1,11196,54.1707,30.15005,-24.020649999999996,4,4,16.0,0.02857142857142857,0.9266860194365075,True,False,hypo_siscowet
NW_024059240.1:11237,NW_024059240.1,11237,55.605275,32.575599999999994,-23.029675000000005,4,4,16.0,0.02857142857142857,0.9266860194365075,True,False,hypo_siscowet
NW_024059240.1:12327,NW_024059240.1,12327,53.26225,31.1759,-22.086350000000003,4,4,16.0,0.02857142857142857,0.9266860194365075,True,False,hypo_siscowet
NW_024059240.1:2880,NW_024059240.1,2880,89.856975,70.82034999999999,-19.036625000000015,4,4,16.0,0.02857142857142857,0.9266860194365075,True,False,hypo_siscowet
NW_024059240.1:29337,NW_024059240.1,29337,35.646275,17.44664,-18.199635000000004,4,4,16.0,0.02857142857142857,0.9266860194365075,True,False,hypo_siscowet
NW_024059240.1:29346,NW_024059240.1,29346,35.079475,17.2198725,-17.8596025,4,4,16.0,0.02857142857142857,0.9266860194365075,True,False,hypo_siscowet
NW_024059240.1:29874,NW_024059240.1,29874,72.955175,46.895,-26.060174999999994,4,4,16.0,0.02857142857142857,0.9266860194365075,True,False,hypo_siscowet
NW_024059240.1:29895,NW_024059240.1,29895,70.1558,43.8268,-26.329,4,4,16.0,0.02857142857142857,0.9266860194365075,True,False,hypo_siscowet
NW_024059240.1:30049,NW_024059240.1,30049,37.87155,19.953200000000002,-17.918349999999997,4,4,16.0,0.02857142857142857,0.9266860194365075,True,False,hypo_siscowet
NW_024059240.1:30090,NW_024059240.1,30090,39.411725,19.5117775,-19.899947499999996,4,4,16.0,0.02857142857142857,0.9266860194365075,True,False,hypo_siscowet
NW_024059240.1:32062,NW_024059240.1,32062,53.300425000000004,34.480575,-18.819850000000002,4,4,15.5,0.042066412206780826,0.9266860194365075,True,False,hypo_siscowet
NW_024059240.1:32104,NW_024059240.1,32104,58.798975,32.290175,-26.5088,4,4,16.0,0.02857142857142857,0.9266860194365075,True,False,hypo_siscowet
NW_024059240.1:32141,NW_024059240.1,32141,63.407824999999995,28.5753,-34.832525,4,4,16.0,0.02857142857142857,0.9266860194365075,True,False,hypo_siscowet
NW_024059240.1:32175,NW_024059240.1,32175,57.39105,26.83015,-30.5609,4,4,16.0,0.02857142857142857,0.9266860194365075,True,False,hypo_siscowet
NW_024059240.1:32209,NW_024059240.1,32209,64.13385,32.837675000000004,-31.29617499999999,4,4,16.0,0.02857142857142857,0.9266860194365075,True,False,hypo_siscowet
NW_024059240.1:32221,NW_024059240.1,32221,57.86125,28.619225,-29.242024999999998,4,4,16.0,0.02857142857142857,0.9266860194365075,True,False,hypo_siscowet
NW_024059240.1:32262,NW_024059240.1,32262,46.683175,22.863175,-23.82,4,4,16.0,0.02857142857142857,0.9266860194365075,True,False,hypo_siscowet
NW_024059240.1:32341,NW_024059240.1,32341,56.04495,27.03895,-29.006,4,4,16.0,0.02857142857142857,0.9266860194365075,True,False,hypo_siscowet
NW_024059240.1:32375,NW_024059240.1,32375,52.183825000000006,25.986775,-26.197050000000004,4,4,16.0,0.02857142857142857,0.9266860194365075,True,False,hypo_siscowet
NW_024059240.1:32409,NW_024059240.1,32409,50.532824999999995,29.43756666666667,-21.095258333333327,4,3,12.0,0.04974599072150299,0.9266860194365075,True,False,hypo_siscowet
NW_024059240.1:32421,NW_024059240.1,32421,57.955875000000006,28.400724999999998,-29.55515000000001,4,4,16.0,0.02857142857142857,0.9266860194365075,True,False,hypo_siscowet
NW_024059240.1:7360,NW_024059240.1,7360,70.5754,54.71084999999999,-15.864550000000008,4,4,16.0,0.02857142857142857,0.9266860194365075,True,False,hypo_siscowet
NW_024059240.1:8068,NW_024059240.1,8068,79.154025,51.156175,-27.997850000000007,4,4,16.0,0.02857142857142857,0.9266860194365075,True,False,hypo_siscowet
NW_024059240.1:8071,NW_024059240.1,8071,75.8623,48.957725,-26.904575,4,4,16.0,0.02857142857142857,0.9266860194365075,True,False,hypo_siscowet
NW_024059240.1:8109,NW_024059240.1,8109,57.8661,33.238875,-24.627225000000003,4,4,16.0,0.02857142857142857,0.9266860194365075,True,False,hypo_siscowet
NW_024059240.1:8112,NW_024059240.1,8112,42.679125,19.572699999999998,-23.106425,4,4,16.0,0.02857142857142857,0.9266860194365075,True,False,hypo_siscowet
NW_024059240.1:8121,NW_024059240.1,8121,38.896275,17.207025,-21.68925,4,4,16.0,0.02857142857142857,0.9266860194365075,True,False,hypo_siscowet
NW_024059240.1:8129,NW_024059240.1,8129,26.2716,8.14907,-18.122529999999998,4,4,16.0,0.02857142857142857,0.9266860194365075,True,False,hypo_siscowet
NW_024059240.1:8139,NW_024059240.1,8139,29.1252,12.427677499999998,-16.6975225,4,4,16.0,0.02857142857142857,0.9266860194365075,True,False,hypo_siscowet
NW_024059240.1:8430,NW_024059240.1,8430,39.691625,23.1576,-16.534025000000003,4,4,16.0,0.02857142857142857,0.9266860194365075,True,False,hypo_siscowet
NW_024059240.1:8471,NW_024059240.1,8471,66.103875,41.6616,-24.442275000000002,4,4,16.0,0.02857142857142857,0.9266860194365075,True,False,hypo_siscowet
NW_024059240.1:8504,NW_024059240.1,8504,79.21685,51.681175,-27.53567499999999,4,4,16.0,0.02857142857142857,0.9266860194365075,True,False,hypo_siscowet
NW_024059240.1:8515,NW_024059240.1,8515,86.422575,61.506924999999995,-24.91565,4,4,16.0,0.02857142857142857,0.9266860194365075,True,False,hypo_siscowet
NW_024059240.1:8540,NW_024059240.1,8540,89.834625,63.69995,-26.134675,4,4,16.0,0.029401048190339642,0.9266860194365075,True,False,hypo_siscowet
NW_024059240.1:8649,NW_024059240.1,8649,75.40462500000001,50.802899999999994,-24.601725000000016,4,4,16.0,0.02857142857142857,0.9266860194365075,True,False,hypo_siscowet
NW_024059240.1:9421,NW_024059240.1,9421,30.412975000000003,13.5997475,-16.813227500000004,4,4,16.0,0.02857142857142857,0.9266860194365075,True,False,hypo_siscowet
NW_024059240.1:9452,NW_024059240.1,9452,42.593375,21.646,-20.947375,4,4,16.0,0.02857142857142857,0.9266860194365075,True,False,hypo_siscowet
NW_024059240.1:9473,NW_024059240.1,9473,63.3482,37.409800000000004,-25.938399999999994,4,4,16.0,0.02857142857142857,0.9266860194365075,True,False,hypo_siscowet
NW_024059240.1:9494,NW_024059240.1,9494,67.903625,46.424975,-21.478650000000002,4,4,16.0,0.02857142857142857,0.9266860194365075,True,False,hypo_siscowet
NW_024059240.1:9540,NW_024059240.1,9540,69.2528,48.323750000000004,-20.92904999999999,4,4,16.0,0.02857142857142857,0.9266860194365075,True,False,hypo_siscowet
NW_024059240.1:9584,NW_024059240.1,9584,76.003075,50.862975000000006,-25.14009999999999,4,4,16.0,0.02857142857142857,0.9266860194365075,True,False,hypo_siscowet
NW_024059240.1:9596,NW_024059240.1,9596,73.77895,52.1208,-21.658149999999992,4,4,16.0,0.02857142857142857,0.9266860194365075,True,False,hypo_siscowet
NW_024059240.1:9637,NW_024059240.1,9637,68.18530000000001,43.286249999999995,-24.899050000000017,4,4,16.0,0.02857142857142857,0.9266860194365075,True,False,hypo_siscowet
NW_024059240.1:9658,NW_024059240.1,9658,57.80305,32.3869,-25.416150000000002,4,4,16.0,0.02857142857142857,0.9266860194365075,True,False,hypo_siscowet
NW_024059240.1:9679,NW_024059240.1,9679,53.046949999999995,26.792375,-26.254574999999996,4,4,16.0,0.02857142857142857,0.9266860194365075,True,False,hypo_siscowet
NW_024059240.1:9716,NW_024059240.1,9716,57.92755,28.565424999999998,-29.362125,4,4,16.0,0.02857142857142857,0.9266860194365075,True,False,hypo_siscowet
NW_024059240.1:9750,NW_024059240.1,9750,54.358275,26.2619525,-28.0963225,4,4,16.0,0.02857142857142857,0.9266860194365075,True,False,hypo_siscowet
NW_024059240.1:9796,NW_024059240.1,9796,46.69105,19.75139,-26.939659999999996,4,4,16.0,0.02857142857142857,0.9266860194365075,True,False,hypo_siscowet
NW_024059240.1:9806,NW_024059240.1,9806,44.057525,14.440539999999999,-29.616985,4,4,16.0,0.02857142857142857,0.9266860194365075,True,False,hypo_siscowet
NW_024059242.1:203108,NW_024059242.1,203108,71.917,55.3409,-16.576100000000004,3,4,12.0,0.04974599072150299,0.9266860194365075,True,False,hypo_siscowet
NW_024059242.1:203719,NW_024059242.1,203719,72.97196666666666,53.470725,-19.501241666666658,3,4,12.0,0.04974599072150299,0.9266860194365075,True,False,hypo_siscowet
NW_024059242.1:25475,NW_024059242.1,25475,7.55748,27.083325000000002,19.525845000000004,4,4,0.0,0.02857142857142857,0.9266860194365075,True,False,hyper_siscowet
NW_024059243.1:213,NW_024059243.1,213,53.008050000000004,68.96196666666667,15.953916666666665,4,3,0.0,0.04974599072150299,0.9266860194365075,True,False,hyper_siscowet
NW_024059257.1:15001,NW_024059257.1,15001,89.45987500000001,71.944675,-17.515200000000007,4,4,16.0,0.02857142857142857,0.9266860194365075,True,False,hypo_siscowet
NW_024059257.1:15022,NW_024059257.1,15022,88.21125,65.842225,-22.369025000000008,4,4,16.0,0.02857142857142857,0.9266860194365075,True,False,hypo_siscowet
NW_024059257.1:15029,NW_024059257.1,15029,89.21097499999999,67.458825,-21.752149999999986,4,4,16.0,0.02857142857142857,0.9266860194365075,True,False,hypo_siscowet
NW_024059257.1:15050,NW_024059257.1,15050,88.6679,65.665775,-23.002125000000007,4,4,16.0,0.02857142857142857,0.9266860194365075,True,False,hypo_siscowet
NW_024059257.1:15054,NW_024059257.1,15054,86.301175,65.8533,-20.447874999999996,4,4,16.0,0.02857142857142857,0.9266860194365075,True,False,hypo_siscowet
NW_024059257.1:15057,NW_024059257.1,15057,87.9763,70.0954,-17.880899999999997,4,4,16.0,0.02857142857142857,0.9266860194365075,True,False,hypo_siscowet
NW_024059257.1:15084,NW_024059257.1,15084,86.884325,67.77969999999999,-19.104625000000013,4,4,16.0,0.02857142857142857,0.9266860194365075,True,False,hypo_siscowet
NW_024059257.1:15249,NW_024059257.1,15249,87.25515,68.07785,-19.177300000000002,4,4,16.0,0.02857142857142857,0.9266860194365075,True,False,hypo_siscowet
NW_024059257.1:15279,NW_024059257.1,15279,82.403475,63.506150000000005,-18.897324999999995,4,4,16.0,0.02857142857142857,0.9266860194365075,True,False,hypo_siscowet
NW_024059257.1:1532,NW_024059257.1,1532,54.469675,29.038224999999997,-25.431450000000005,4,4,16.0,0.02857142857142857,0.9266860194365075,True,False,hypo_siscowet
NW_024059257.1:15398,NW_024059257.1,15398,79.36585,64.14912500000001,-15.216724999999983,4,4,16.0,0.02857142857142857,0.9266860194365075,True,False,hypo_siscowet
NW_024059257.1:1615,NW_024059257.1,1615,61.218450000000004,31.529725,-29.688725000000005,4,4,16.0,0.02857142857142857,0.9266860194365075,True,False,hypo_siscowet
NW_024059257.1:16266,NW_024059257.1,16266,79.709175,63.80175,-15.907425000000003,4,4,16.0,0.02857142857142857,0.9266860194365075,True,False,hypo_siscowet
NW_024059257.1:1652,NW_024059257.1,1652,57.431125,29.654475,-27.77665,4,4,16.0,0.02857142857142857,0.9266860194365075,True,False,hypo_siscowet
NW_024059257.1:1686,NW_024059257.1,1686,55.960275,27.688550000000003,-28.271725,4,4,16.0,0.02857142857142857,0.9266860194365075,True,False,hypo_siscowet
NW_024059257.1:1720,NW_024059257.1,1720,58.57315,33.297450000000005,-25.275699999999993,4,4,16.0,0.02857142857142857,0.9266860194365075,True,False,hypo_siscowet
NW_024059257.1:1732,NW_024059257.1,1732,55.26625,30.648125,-24.618125,4,4,16.0,0.029401048190339642,0.9266860194365075,True,False,hypo_siscowet
NW_024059257.1:26146,NW_024059257.1,26146,90.731025,75.61772500000001,-15.113299999999995,4,4,16.0,0.02857142857142857,0.9266860194365075,True,False,hypo_siscowet
NW_024059257.1:26176,NW_024059257.1,26176,91.9912,75.98349999999999,-16.007700000000014,4,4,16.0,0.02857142857142857,0.9266860194365075,True,False,hypo_siscowet
NW_024059257.1:26209,NW_024059257.1,26209,90.312525,75.165925,-15.146599999999992,4,4,16.0,0.02857142857142857,0.9266860194365075,True,False,hypo_siscowet
NW_024059257.1:26431,NW_024059257.1,26431,70.752225,49.942299999999996,-20.809925,4,4,16.0,0.02857142857142857,0.9266860194365075,True,False,hypo_siscowet
NW_024059257.1:26433,NW_024059257.1,26433,72.67450000000001,51.10895000000001,-21.56555,4,4,16.0,0.02857142857142857,0.9266860194365075,True,False,hypo_siscowet
NW_024059257.1:26436,NW_024059257.1,26436,71.434575,50.483974999999994,-20.9506,4,4,16.0,0.029401048190339642,0.9266860194365075,True,False,hypo_siscowet
NW_024059257.1:26474,NW_024059257.1,26474,61.782075000000006,36.892325,-24.889750000000006,4,4,16.0,0.029401048190339642,0.9266860194365075,True,False,hypo_siscowet
NW_024059257.1:26477,NW_024059257.1,26477,46.44355,22.106575,-24.336975000000002,4,4,16.0,0.02857142857142857,0.9266860194365075,True,False,hypo_siscowet
NW_024059257.1:26486,NW_024059257.1,26486,41.95815,20.598799999999997,-21.359350000000006,4,4,16.0,0.02857142857142857,0.9266860194365075,True,False,hypo_siscowet
NW_024059257.1:26494,NW_024059257.1,26494,31.335350000000002,10.9977375,-20.337612500000002,4,4,16.0,0.02857142857142857,0.9266860194365075,True,False,hypo_siscowet
NW_024059257.1:26504,NW_024059257.1,26504,33.929100000000005,11.8768,-22.052300000000006,4,4,16.0,0.02857142857142857,0.9266860194365075,True,False,hypo_siscowet
NW_024059257.1:26795,NW_024059257.1,26795,42.67265,22.972725,-19.699924999999997,4,4,16.0,0.02857142857142857,0.9266860194365075,True,False,hypo_siscowet
NW_024059257.1:26836,NW_024059257.1,26836,63.2932,43.465275,-19.827925,4,4,16.0,0.02857142857142857,0.9266860194365075,True,False,hypo_siscowet
NW_024059257.1:26869,NW_024059257.1,26869,74.63675,49.47105,-25.165700000000008,4,4,16.0,0.02857142857142857,0.9266860194365075,True,False,hypo_siscowet
NW_024059257.1:26880,NW_024059257.1,26880,77.37937500000001,58.9905,-18.388875000000013,4,4,16.0,0.02857142857142857,0.9266860194365075,True,False,hypo_siscowet
NW_024059257.1:26905,NW_024059257.1,26905,79.635325,60.004425,-19.630899999999997,4,4,15.5,0.042066412206780826,0.9266860194365075,True,False,hypo_siscowet
NW_024059257.1:27014,NW_024059257.1,27014,67.346575,43.579274999999996,-23.767300000000006,4,4,16.0,0.02857142857142857,0.9266860194365075,True,False,hypo_siscowet
NW_024059257.1:27230,NW_024059257.1,27230,34.12415,18.187925,-15.936225,4,4,16.0,0.02857142857142857,0.9266860194365075,True,False,hypo_siscowet
NW_024059257.1:27309,NW_024059257.1,27309,46.509924999999996,25.05355,-21.456374999999994,4,4,16.0,0.02857142857142857,0.9266860194365075,True,False,hypo_siscowet
NW_024059257.1:27527,NW_024059257.1,27527,58.41865,40.969325,-17.449325,4,4,16.0,0.02857142857142857,0.9266860194365075,True,False,hypo_siscowet
NW_024059257.1:28046,NW_024059257.1,28046,58.217775,32.3273,-25.890475000000002,4,4,16.0,0.02857142857142857,0.9266860194365075,True,False,hypo_siscowet
NW_024059257.1:28083,NW_024059257.1,28083,62.89945,32.386025000000004,-30.513424999999998,4,4,16.0,0.02857142857142857,0.9266860194365075,True,False,hypo_siscowet
NW_024059257.1:28151,NW_024059257.1,28151,60.902975,29.11955,-31.783424999999998,4,4,16.0,0.02857142857142857,0.9266860194365075,True,False,hypo_siscowet
NW_024059257.1:28163,NW_024059257.1,28163,56.619275,26.785075,-29.834200000000003,4,4,16.0,0.02857142857142857,0.9266860194365075,True,False,hypo_siscowet
NW_024059257.1:28204,NW_024059257.1,28204,58.180125000000004,25.183675,-32.99645,4,4,16.0,0.02857142857142857,0.9266860194365075,True,False,hypo_siscowet
NW_024059257.1:28246,NW_024059257.1,28246,62.380275,27.394824999999997,-34.98545,4,4,16.0,0.02857142857142857,0.9266860194365075,True,False,hypo_siscowet
NW_024059257.1:28283,NW_024059257.1,28283,61.56295,29.895775,-31.667175,4,4,16.0,0.02857142857142857,0.9266860194365075,True,False,hypo_siscowet
NW_024059257.1:28317,NW_024059257.1,28317,62.938575,30.455325000000002,-32.48325,4,4,16.0,0.02857142857142857,0.9266860194365075,True,False,hypo_siscowet
NW_024059257.1:28351,NW_024059257.1,28351,65.9127,33.076125000000005,-32.836574999999996,4,4,16.0,0.02857142857142857,0.9266860194365075,True,False,hypo_siscowet
NW_024059257.1:28363,NW_024059257.1,28363,58.60535,34.994249999999994,-23.611100000000008,4,4,16.0,0.02857142857142857,0.9266860194365075,True,False,hypo_siscowet
NW_024059257.1:28404,NW_024059257.1,28404,60.63057500000001,34.599875000000004,-26.030700000000003,4,4,16.0,0.02857142857142857,0.9266860194365075,True,False,hypo_siscowet
NW_024059257.1:28446,NW_024059257.1,28446,60.969699999999996,34.91485,-26.054849999999995,4,4,16.0,0.02857142857142857,0.9266860194365075,True,False,hypo_siscowet
NW_024059257.1:28517,NW_024059257.1,28517,54.26485,28.853499999999997,-25.411350000000006,4,4,16.0,0.02857142857142857,0.9266860194365075,True,False,hypo_siscowet
NW_024059257.1:28604,NW_024059257.1,28604,49.374475,27.172974999999997,-22.2015,4,4,16.0,0.02857142857142857,0.9266860194365075,True,False,hypo_siscowet
NW_024059257.1:28646,NW_024059257.1,28646,49.397725,30.294175,-19.103550000000002,4,4,16.0,0.029401048190339642,0.9266860194365075,True,False,hypo_siscowet
NW_024059257.1:28683,NW_024059257.1,28683,52.11129999999999,31.878400000000003,-20.23289999999999,4,4,16.0,0.029401048190339642,0.9266860194365075,True,False,hypo_siscowet
NW_024059257.1:28717,NW_024059257.1,28717,55.62649999999999,31.4232,-24.20329999999999,4,4,16.0,0.02857142857142857,0.9266860194365075,True,False,hypo_siscowet
NW_024059257.1:28763,NW_024059257.1,28763,56.2885,31.724525,-24.563975,4,4,16.0,0.02857142857142857,0.9266860194365075,True,False,hypo_siscowet
NW_024059257.1:28917,NW_024059257.1,28917,44.09195,24.33605,-19.755899999999997,4,4,16.0,0.02857142857142857,0.9266860194365075,True,False,hypo_siscowet
NW_024059257.1:28994,NW_024059257.1,28994,40.0873,15.928450000000002,-24.158849999999997,4,4,16.0,0.02857142857142857,0.9266860194365075,True,False,hypo_siscowet
NW_024059257.1:29004,NW_024059257.1,29004,45.070475,23.142825,-21.927650000000003,4,4,16.0,0.02857142857142857,0.9266860194365075,True,False,hypo_siscowet
NW_024059257.1:29046,NW_024059257.1,29046,51.01705,27.148999999999997,-23.86805,4,4,16.0,0.02857142857142857,0.9266860194365075,True,False,hypo_siscowet
NW_024059257.1:29173,NW_024059257.1,29173,47.9298,26.852674999999998,-21.077125000000002,4,4,16.0,0.02857142857142857,0.9266860194365075,True,False,hypo_siscowet
NW_024059257.1:29204,NW_024059257.1,29204,48.052499999999995,24.161,-23.891499999999994,4,4,16.0,0.02857142857142857,0.9266860194365075,True,False,hypo_siscowet
NW_024059257.1:29246,NW_024059257.1,29246,50.60040000000001,25.8678,-24.73260000000001,4,4,16.0,0.02857142857142857,0.9266860194365075,True,False,hypo_siscowet
NW_024059257.1:29351,NW_024059257.1,29351,63.661825,30.621325,-33.0405,4,4,16.0,0.02857142857142857,0.9266860194365075,True,False,hypo_siscowet
NW_024059257.1:29363,NW_024059257.1,29363,50.018150000000006,31.70565,-18.312500000000007,4,4,16.0,0.02857142857142857,0.9266860194365075,True,False,hypo_siscowet
NW_024059257.1:29446,NW_024059257.1,29446,46.9567,28.171325000000003,-18.785374999999995,4,4,16.0,0.02857142857142857,0.9266860194365075,True,False,hypo_siscowet
NW_024059257.1:29483,NW_024059257.1,29483,44.755725000000005,25.080424999999998,-19.675300000000007,4,4,16.0,0.02857142857142857,0.9266860194365075,True,False,hypo_siscowet
NW_024059257.1:29517,NW_024059257.1,29517,43.046375,24.421549999999996,-18.624825,4,4,16.0,0.02857142857142857,0.9266860194365075,True,False,hypo_siscowet
NW_024059257.1:29573,NW_024059257.1,29573,37.487975,15.0727525,-22.4152225,4,4,16.0,0.029401048190339642,0.9266860194365075,True,False,hypo_siscowet
NW_024059257.1:29646,NW_024059257.1,29646,47.2001,27.6182,-19.581899999999997,4,4,16.0,0.02857142857142857,0.9266860194365075,True,False,hypo_siscowet
NW_024059257.1:29683,NW_024059257.1,29683,49.946025000000006,28.361075,-21.584950000000006,4,4,16.0,0.02857142857142857,0.9266860194365075,True,False,hypo_siscowet
NW_024059257.1:30144,NW_024059257.1,30144,49.32096666666666,22.0696,-27.251366666666662,3,4,12.0,0.04974599072150299,0.9266860194365075,True,False,hypo_siscowet
NW_024059257.1:31142,NW_024059257.1,31142,34.57365,18.007925,-16.565725,4,4,16.0,0.02857142857142857,0.9266860194365075,True,False,hypo_siscowet
NW_024059257.1:31742,NW_024059257.1,31742,47.872775000000004,30.144550000000002,-17.728225000000002,4,4,16.0,0.02857142857142857,0.9266860194365075,True,False,hypo_siscowet
NW_024059257.1:31776,NW_024059257.1,31776,43.5862,26.173225,-17.412975,4,4,16.0,0.02857142857142857,0.9266860194365075,True,False,hypo_siscowet
NW_024059257.1:31822,NW_024059257.1,31822,46.295625,27.295825,-18.9998,4,4,16.0,0.02857142857142857,0.9266860194365075,True,False,hypo_siscowet
NW_024059257.1:31863,NW_024059257.1,31863,44.8257,28.01415,-16.811549999999997,4,4,16.0,0.02857142857142857,0.9266860194365075,True,False,hypo_siscowet
NW_024059257.1:33740,NW_024059257.1,33740,75.36605,57.3731,-17.99295,4,4,16.0,0.02857142857142857,0.9266860194365075,True,False,hypo_siscowet
NW_024059257.1:3568,NW_024059257.1,3568,47.3188,23.264200000000002,-24.0546,4,4,16.0,0.02857142857142857,0.9266860194365075,True,False,hypo_siscowet
NW_024059257.1:3609,NW_024059257.1,3609,43.869725,21.985274999999998,-21.884450000000005,4,4,16.0,0.02857142857142857,0.9266860194365075,True,False,hypo_siscowet
NW_024059257.1:3651,NW_024059257.1,3651,52.99335,28.6837,-24.309649999999998,4,4,16.0,0.02857142857142857,0.9266860194365075,True,False,hypo_siscowet
NW_024059257.1:3922,NW_024059257.1,3922,48.98525,27.37565,-21.6096,4,4,16.0,0.02857142857142857,0.9266860194365075,True,False,hypo_siscowet
NW_024059257.1:4168,NW_024059257.1,4168,51.973425,28.813675,-23.15975,4,4,16.0,0.02857142857142857,0.9266860194365075,True,False,hypo_siscowet
NW_024059257.1:4556,NW_024059257.1,4556,60.575125,33.215174999999995,-27.359950000000005,4,4,16.0,0.02857142857142857,0.9266860194365075,True,False,hypo_siscowet
NW_024059257.1:4568,NW_024059257.1,4568,58.292975,27.553625000000004,-30.739349999999995,4,4,16.0,0.02857142857142857,0.9266860194365075,True,False,hypo_siscowet
NW_024059257.1:4609,NW_024059257.1,4609,51.772475,26.947075,-24.8254,4,4,16.0,0.02857142857142857,0.9266860194365075,True,False,hypo_siscowet
NW_024059257.1:4651,NW_024059257.1,4651,52.410025000000005,29.055124999999997,-23.354900000000008,4,4,16.0,0.02857142857142857,0.9266860194365075,True,False,hypo_siscowet
NW_024059257.1:4809,NW_024059257.1,4809,45.9699,29.856975,-16.112925000000004,4,4,16.0,0.02857142857142857,0.9266860194365075,True,False,hypo_siscowet
NW_024059257.1:4851,NW_024059257.1,4851,47.424924999999995,28.454324999999997,-18.970599999999997,4,4,16.0,0.02857142857142857,0.9266860194365075,True,False,hypo_siscowet
NW_024059257.1:5156,NW_024059257.1,5156,63.215500000000006,41.081025,-22.13447500000001,4,4,16.0,0.02857142857142857,0.9266860194365075,True,False,hypo_siscowet
NW_024059257.1:5378,NW_024059257.1,5378,32.3784,17.295524999999998,-15.082875000000001,4,4,16.0,0.02857142857142857,0.9266860194365075,True,False,hypo_siscowet
NW_024059257.1:5487,NW_024059257.1,5487,40.85525,23.1353,-17.719949999999997,4,4,16.0,0.02857142857142857,0.9266860194365075,True,False,hypo_siscowet
NW_024059257.1:5521,NW_024059257.1,5521,38.58645,23.280949999999997,-15.305500000000002,4,4,16.0,0.02857142857142857,0.9266860194365075,True,False,hypo_siscowet
NW_024059257.1:5567,NW_024059257.1,5567,32.475675,16.11755,-16.358125,4,4,16.0,0.02857142857142857,0.9266860194365075,True,False,hypo_siscowet
NW_024059257.1:5669,NW_024059257.1,5669,35.575500000000005,15.625325,-19.950175000000005,4,4,16.0,0.02857142857142857,0.9266860194365075,True,False,hypo_siscowet
NW_024059257.1:5711,NW_024059257.1,5711,38.759499999999996,19.971725,-18.787774999999996,4,4,16.0,0.02857142857142857,0.9266860194365075,True,False,hypo_siscowet
NW_024059257.1:5782,NW_024059257.1,5782,46.117675,27.144900000000003,-18.972774999999995,4,4,16.0,0.02857142857142857,0.9266860194365075,True,False,hypo_siscowet
NW_024059257.1:6340,NW_024059257.1,6340,54.95355,34.9532,-20.000349999999997,4,4,16.0,0.02857142857142857,0.9266860194365075,True,False,hypo_siscowet
NW_024059257.1:6402,NW_024059257.1,6402,62.80544999999999,46.401875000000004,-16.40357499999999,4,4,16.0,0.02857142857142857,0.9266860194365075,True,False,hypo_siscowet
NW_024059257.1:6443,NW_024059257.1,6443,65.4958,46.078824999999995,-19.416975000000008,4,4,16.0,0.02857142857142857,0.9266860194365075,True,False,hypo_siscowet
NW_024059257.1:6588,NW_024059257.1,6588,86.249675,68.28515,-17.964524999999995,4,4,16.0,0.02857142857142857,0.9266860194365075,True,False,hypo_siscowet
NW_024059257.1:6641,NW_024059257.1,6641,88.603475,72.754725,-15.84875000000001,4,4,16.0,0.02857142857142857,0.9266860194365075,True,False,hypo_siscowet
NW_024059257.1:6737,NW_024059257.1,6737,87.92429999999999,71.563975,-16.36032499999999,4,4,16.0,0.02857142857142857,0.9266860194365075,True,False,hypo_siscowet
NW_024059262.1:25424,NW_024059262.1,25424,96.475425,79.86590000000001,-16.60952499999999,4,4,16.0,0.02857142857142857,0.9266860194365075,True,False,hypo_siscowet
NW_024059262.1:26176,NW_024059262.1,26176,78.09855,61.168324999999996,-16.930225000000007,4,4,16.0,0.02857142857142857,0.9266860194365075,True,False,hypo_siscowet
NW_024059262.1:26428,NW_024059262.1,26428,89.07485,72.69545000000001,-16.37939999999999,4,4,16.0,0.02857142857142857,0.9266860194365075,True,False,hypo_siscowet
NW_024059262.1:26486,NW_024059262.1,26486,92.467975,74.61995,-17.848024999999993,4,4,16.0,0.02857142857142857,0.9266860194365075,True,False,hypo_siscowet
NW_024059262.1:26560,NW_024059262.1,26560,94.07390000000001,74.797625,-19.276275000000012,4,4,16.0,0.02857142857142857,0.9266860194365075,True,False,hypo_siscowet
NW_024059262.1:26673,NW_024059262.1,26673,93.357525,71.152425,-22.2051,4,4,16.0,0.02857142857142857,0.9266860194365075,True,False,hypo_siscowet
NW_024059262.1:26684,NW_024059262.1,26684,96.12625,77.826475,-18.299774999999997,4,4,16.0,0.02857142857142857,0.9266860194365075,True,False,hypo_siscowet
NW_024059262.1:26724,NW_024059262.1,26724,94.80435,78.753875,-16.050475000000006,4,4,16.0,0.02857142857142857,0.9266860194365075,True,False,hypo_siscowet
NW_024059262.1:26732,NW_024059262.1,26732,92.940675,75.80182500000001,-17.13884999999999,4,4,16.0,0.02857142857142857,0.9266860194365075,True,False,hypo_siscowet
NW_024059262.1:26741,NW_024059262.1,26741,95.342025,79.647925,-15.694100000000006,4,4,16.0,0.02857142857142857,0.9266860194365075,True,False,hypo_siscowet
NW_024059262.1:26777,NW_024059262.1,26777,92.63195,71.60485,-21.027100000000004,4,4,16.0,0.02857142857142857,0.9266860194365075,True,False,hypo_siscowet
NW_024059262.1:26873,NW_024059262.1,26873,93.38047499999999,67.49125000000001,-25.889224999999982,4,4,16.0,0.02857142857142857,0.9266860194365075,True,False,hypo_siscowet
NW_024059262.1:26926,NW_024059262.1,26926,92.4884,64.755975,-27.732424999999992,4,4,16.0,0.02857142857142857,0.9266860194365075,True,False,hypo_siscowet
NW_024059262.1:26973,NW_024059262.1,26973,86.7178,55.47985,-31.237949999999998,4,4,16.0,0.02857142857142857,0.9266860194365075,True,False,hypo_siscowet
NW_024059262.1:27029,NW_024059262.1,27029,85.34605,50.513275,-34.832775000000005,4,4,16.0,0.02857142857142857,0.9266860194365075,True,False,hypo_siscowet
NW_024059262.1:27050,NW_024059262.1,27050,85.08894999999998,51.005700000000004,-34.08324999999998,4,4,16.0,0.02857142857142857,0.9266860194365075,True,False,hypo_siscowet
NW_024059262.1:27071,NW_024059262.1,27071,74.927,39.886174999999994,-35.04082500000001,4,4,16.0,0.02857142857142857,0.9266860194365075,True,False,hypo_siscowet
NW_024059262.1:27112,NW_024059262.1,27112,73.83007500000001,37.692724999999996,-36.13735000000001,4,4,16.0,0.02857142857142857,0.9266860194365075,True,False,hypo_siscowet
NW_024059262.1:27174,NW_024059262.1,27174,71.12695000000001,36.629774999999995,-34.49717500000001,4,4,16.0,0.02857142857142857,0.9266860194365075,True,False,hypo_siscowet
NW_024059262.1:27216,NW_024059262.1,27216,59.80115,27.169000000000004,-32.632149999999996,4,4,16.0,0.02857142857142857,0.9266860194365075,True,False,hypo_siscowet
NW_024059262.1:27237,NW_024059262.1,27237,51.460899999999995,23.628025,-27.832874999999994,4,4,16.0,0.02857142857142857,0.9266860194365075,True,False,hypo_siscowet
NW_024059262.1:27258,NW_024059262.1,27258,43.127725,21.175065,-21.952659999999998,4,4,16.0,0.02857142857142857,0.9266860194365075,True,False,hypo_siscowet
NW_024059262.1:27289,NW_024059262.1,27289,34.633250000000004,17.271594999999998,-17.361655000000006,4,4,16.0,0.02857142857142857,0.9266860194365075,True,False,hypo_siscowet
NW_024059262.1:27299,NW_024059262.1,27299,40.027274999999996,19.375207500000002,-20.652067499999994,4,4,16.0,0.02857142857142857,0.9266860194365075,True,False,hypo_siscowet
NW_024059262.1:27418,NW_024059262.1,27418,55.177725,26.0217,-29.156025000000003,4,4,16.0,0.02857142857142857,0.9266860194365075,True,False,hypo_siscowet
NW_024059262.1:27460,NW_024059262.1,27460,65.92609999999999,30.688675000000003,-35.23742499999999,4,4,16.0,0.02857142857142857,0.9266860194365075,True,False,hypo_siscowet
NW_024059262.1:27604,NW_024059262.1,27604,80.499775,39.73195,-40.767825,4,4,16.0,0.02857142857142857,0.9266860194365075,True,False,hypo_siscowet
NW_024059262.1:27646,NW_024059262.1,27646,82.353525,38.463825,-43.889700000000005,4,4,16.0,0.02857142857142857,0.9266860194365075,True,False,hypo_siscowet
NW_024059262.1:27687,NW_024059262.1,27687,73.2617,33.647725,-39.613975,4,4,16.0,0.02857142857142857,0.9266860194365075,True,False,hypo_siscowet
NW_024059262.1:27732,NW_024059262.1,27732,62.14534999999999,26.606399999999997,-35.53895,4,4,16.0,0.02857142857142857,0.9266860194365075,True,False,hypo_siscowet
NW_024059262.1:27766,NW_024059262.1,27766,59.49295,25.265675,-34.227275,4,4,16.0,0.02857142857142857,0.9266860194365075,True,False,hypo_siscowet
NW_024059262.1:27803,NW_024059262.1,27803,56.476200000000006,21.219099999999997,-35.25710000000001,4,4,16.0,0.02857142857142857,0.9266860194365075,True,False,hypo_siscowet
NW_024059262.1:27845,NW_024059262.1,27845,51.91355,18.0860775,-33.8274725,4,4,16.0,0.02857142857142857,0.9266860194365075,True,False,hypo_siscowet
NW_024059262.1:27993,NW_024059262.1,27993,58.04405,23.476625,-34.567425,4,4,16.0,0.02857142857142857,0.9266860194365075,True,False,hypo_siscowet
NW_024059262.1:28027,NW_024059262.1,28027,59.8555,22.523999999999997,-37.331500000000005,4,4,16.0,0.02857142857142857,0.9266860194365075,True,False,hypo_siscowet
NW_024059262.1:28064,NW_024059262.1,28064,59.0053,24.35025,-34.65505,4,4,16.0,0.02857142857142857,0.9266860194365075,True,False,hypo_siscowet
NW_024059262.1:28106,NW_024059262.1,28106,60.1113,26.8114,-33.2999,4,4,16.0,0.02857142857142857,0.9266860194365075,True,False,hypo_siscowet
NW_024059262.1:28116,NW_024059262.1,28116,56.837650000000004,26.702775,-30.134875000000005,4,4,16.0,0.02857142857142857,0.9266860194365075,True,False,hypo_siscowet
NW_024059262.1:28147,NW_024059262.1,28147,55.09365,25.955225000000002,-29.138424999999994,4,4,16.0,0.02857142857142857,0.9266860194365075,True,False,hypo_siscowet
NW_024059262.1:28193,NW_024059262.1,28193,56.925675,26.656625,-30.26905,4,4,16.0,0.02857142857142857,0.9266860194365075,True,False,hypo_siscowet
NW_024059262.1:28227,NW_024059262.1,28227,55.85925,27.551475,-28.307775000000003,4,4,16.0,0.02857142857142857,0.9266860194365075,True,False,hypo_siscowet
NW_024059262.1:28264,NW_024059262.1,28264,61.5951,28.4921,-33.103,4,4,16.0,0.02857142857142857,0.9266860194365075,True,False,hypo_siscowet
NW_024059262.1:28306,NW_024059262.1,28306,66.00175,28.403724999999998,-37.59802500000001,4,4,16.0,0.02857142857142857,0.9266860194365075,True,False,hypo_siscowet
NW_024059262.1:28347,NW_024059262.1,28347,63.606575,28.332749999999997,-35.273825,4,4,16.0,0.02857142857142857,0.9266860194365075,True,False,hypo_siscowet
NW_024059262.1:28359,NW_024059262.1,28359,69.1537,30.64,-38.5137,4,4,16.0,0.02857142857142857,0.9266860194365075,True,False,hypo_siscowet
NW_024059262.1:28393,NW_024059262.1,28393,62.88525,30.561,-32.32425,4,4,16.0,0.02857142857142857,0.9266860194365075,True,False,hypo_siscowet
NW_024059262.1:28427,NW_024059262.1,28427,63.76535,31.089550000000003,-32.675799999999995,4,4,16.0,0.02857142857142857,0.9266860194365075,True,False,hypo_siscowet
NW_024059262.1:28464,NW_024059262.1,28464,65.13855000000001,28.359125000000002,-36.779425,4,4,16.0,0.02857142857142857,0.9266860194365075,True,False,hypo_siscowet
NW_024059262.1:28506,NW_024059262.1,28506,60.587975,25.953275,-34.634699999999995,4,4,16.0,0.02857142857142857,0.9266860194365075,True,False,hypo_siscowet
NW_024059262.1:28547,NW_024059262.1,28547,62.050675,27.567325,-34.48335,4,4,16.0,0.02857142857142857,0.9266860194365075,True,False,hypo_siscowet
NW_024059262.1:28593,NW_024059262.1,28593,63.950275000000005,26.7606,-37.18967500000001,4,4,16.0,0.02857142857142857,0.9266860194365075,True,False,hypo_siscowet
NW_024059262.1:28627,NW_024059262.1,28627,65.339175,27.139075000000002,-38.20009999999999,4,4,16.0,0.02857142857142857,0.9266860194365075,True,False,hypo_siscowet
NW_024059262.1:28664,NW_024059262.1,28664,60.6355,25.965725000000003,-34.669775,4,4,16.0,0.02857142857142857,0.9266860194365075,True,False,hypo_siscowet
NW_024059262.1:28706,NW_024059262.1,28706,57.066,21.919449999999998,-35.146550000000005,4,4,16.0,0.02857142857142857,0.9266860194365075,True,False,hypo_siscowet
NW_024059262.1:28716,NW_024059262.1,28716,56.194925,28.854550000000003,-27.340374999999995,4,4,16.0,0.02857142857142857,0.9266860194365075,True,False,hypo_siscowet
NW_024059262.1:28747,NW_024059262.1,28747,54.32339999999999,23.262750000000004,-31.06064999999999,4,4,16.0,0.02857142857142857,0.9266860194365075,True,False,hypo_siscowet
NW_024059262.1:28793,NW_024059262.1,28793,56.90985,22.526625,-34.383224999999996,4,4,16.0,0.02857142857142857,0.9266860194365075,True,False,hypo_siscowet
NW_024059262.1:28827,NW_024059262.1,28827,61.414849999999994,24.29205,-37.1228,4,4,16.0,0.02857142857142857,0.9266860194365075,True,False,hypo_siscowet
NW_024059262.1:28864,NW_024059262.1,28864,65.234925,26.85665,-38.378275,4,4,16.0,0.02857142857142857,0.9266860194365075,True,False,hypo_siscowet
NW_024059262.1:28906,NW_024059262.1,28906,64.377475,27.081850000000003,-37.295625,4,4,16.0,0.02857142857142857,0.9266860194365075,True,False,hypo_siscowet
NW_024059262.1:28959,NW_024059262.1,28959,67.99690000000001,44.3032,-23.693700000000014,4,4,16.0,0.02857142857142857,0.9266860194365075,True,False,hypo_siscowet
NW_024059262.1:29064,NW_024059262.1,29064,67.8203,29.6652,-38.155100000000004,4,4,16.0,0.02857142857142857,0.9266860194365075,True,False,hypo_siscowet
NW_024059262.1:29106,NW_024059262.1,29106,63.001799999999996,26.466575,-36.535225,4,4,16.0,0.02857142857142857,0.9266860194365075,True,False,hypo_siscowet
NW_024059262.1:29147,NW_024059262.1,29147,66.19595000000001,27.476075,-38.71987500000001,4,4,16.0,0.02857142857142857,0.9266860194365075,True,False,hypo_siscowet
NW_024059262.1:29193,NW_024059262.1,29193,61.590050000000005,27.204774999999998,-34.38527500000001,4,4,16.0,0.02857142857142857,0.9266860194365075,True,False,hypo_siscowet
NW_024059262.1:29227,NW_024059262.1,29227,62.319125,28.733599999999996,-33.585525000000004,4,4,16.0,0.02857142857142857,0.9266860194365075,True,False,hypo_siscowet
NW_024059262.1:29593,NW_024059262.1,29593,70.93065,37.469375,-33.461275,4,4,16.0,0.02857142857142857,0.9266860194365075,True,False,hypo_siscowet
NW_024059262.1:29627,NW_024059262.1,29627,68.612325,37.375075,-31.237249999999996,4,4,16.0,0.02857142857142857,0.9266860194365075,True,False,hypo_siscowet
NW_024059262.1:29664,NW_024059262.1,29664,63.79925,35.7282,-28.07105,4,4,16.0,0.02857142857142857,0.9266860194365075,True,False,hypo_siscowet
NW_024059262.1:30136,NW_024059262.1,30136,60.2431,30.191475000000004,-30.051624999999994,4,4,16.0,0.02857142857142857,0.9266860194365075,True,False,hypo_siscowet
NW_024059262.1:30521,NW_024059262.1,30521,33.0381,14.361875,-18.676225000000002,4,4,16.0,0.02857142857142857,0.9266860194365075,True,False,hypo_siscowet
NW_024059262.1:30805,NW_024059262.1,30805,80.98729999999999,56.598124999999996,-24.389174999999994,4,4,16.0,0.02857142857142857,0.9266860194365075,True,False,hypo_siscowet
NW_024059262.1:30830,NW_024059262.1,30830,82.060925,56.202799999999996,-25.858125,4,4,16.0,0.02857142857142857,0.9266860194365075,True,False,hypo_siscowet
NW_024059262.1:30841,NW_024059262.1,30841,77.03665000000001,48.321975,-28.714675000000007,4,4,16.0,0.02857142857142857,0.9266860194365075,True,False,hypo_siscowet
NW_024059262.1:30915,NW_024059262.1,30915,44.162375,24.084625,-20.077749999999998,4,4,16.0,0.02857142857142857,0.9266860194365075,True,False,hypo_siscowet
NW_024059262.1:31206,NW_024059262.1,31206,34.367000000000004,10.3920575,-23.974942500000004,4,4,16.0,0.02857142857142857,0.9266860194365075,True,False,hypo_siscowet
NW_024059262.1:31216,NW_024059262.1,31216,31.89805,7.603362499999999,-24.294687500000002,4,4,16.0,0.02857142857142857,0.9266860194365075,True,False,hypo_siscowet
NW_024059262.1:31224,NW_024059262.1,31224,50.059575,16.945725,-33.11385,4,4,16.0,0.02857142857142857,0.9266860194365075,True,False,hypo_siscowet
NW_024059262.1:31233,NW_024059262.1,31233,52.113625,19.330174999999997,-32.78345,4,4,16.0,0.02857142857142857,0.9266860194365075,True,False,hypo_siscowet
NW_024059262.1:31236,NW_024059262.1,31236,69.365025,32.515125,-36.849900000000005,4,4,16.0,0.02857142857142857,0.9266860194365075,True,False,hypo_siscowet
NW_024059262.1:31274,NW_024059262.1,31274,77.9618,45.542125,-32.419675,4,4,16.0,0.02857142857142857,0.9266860194365075,True,False,hypo_siscowet
NW_024059262.1:31277,NW_024059262.1,31277,78.806025,47.968025,-30.838000000000008,4,4,16.0,0.02857142857142857,0.9266860194365075,True,False,hypo_siscowet
NW_024059262.1:31279,NW_024059262.1,31279,78.641575,50.7153,-27.926275000000004,4,4,16.0,0.02857142857142857,0.9266860194365075,True,False,hypo_siscowet
NW_024059291.1:17804,NW_024059291.1,17804,74.852675,24.294249999999998,-50.55842500000001,4,4,16.0,0.02857142857142857,0.9266860194365075,True,False,hypo_siscowet
NW_024059291.1:20707,NW_024059291.1,20707,95.671525,77.19296666666666,-18.47855833333334,4,3,12.0,0.04974599072150299,0.9266860194365075,True,False,hypo_siscowet
NW_024059293.1:32487,NW_024059293.1,32487,49.51905,77.94575,28.426700000000004,4,4,0.0,0.02857142857142857,0.9266860194365075,True,False,hyper_siscowet
NW_024059317.1:5302,NW_024059317.1,5302,39.05376666666667,23.952875,-15.10089166666667,3,4,12.0,0.04974599072150299,0.9266860194365075,True,False,hypo_siscowet
NW_024059323.1:13874,NW_024059323.1,13874,92.734075,74.90215,-17.831925,4,4,16.0,0.02857142857142857,0.9266860194365075,True,False,hypo_siscowet
NW_024059323.1:13881,NW_024059323.1,13881,95.41735,76.31305,-19.104299999999995,4,4,16.0,0.02857142857142857,0.9266860194365075,True,False,hypo_siscowet
NW_024059323.1:13908,NW_024059323.1,13908,91.193525,72.98715,-18.206374999999994,4,4,16.0,0.02857142857142857,0.9266860194365075,True,False,hypo_siscowet
NW_024059323.1:2495,NW_024059323.1,2495,64.90372500000001,35.593275000000006,-29.310450000000003,4,4,16.0,0.02857142857142857,0.9266860194365075,True,False,hypo_siscowet
NW_024059323.1:2600,NW_024059323.1,2600,68.786725,40.264475,-28.522250000000007,4,4,16.0,0.02857142857142857,0.9266860194365075,True,False,hypo_siscowet
NW_024059323.1:30703,NW_024059323.1,30703,25.086257500000002,6.50953,-18.576727500000004,4,4,16.0,0.02857142857142857,0.9266860194365075,True,False,hypo_siscowet
NW_024059323.1:3212,NW_024059323.1,3212,62.598600000000005,33.045375,-29.553225000000005,4,4,16.0,0.02857142857142857,0.9266860194365075,True,False,hypo_siscowet
NW_024059323.1:3243,NW_024059323.1,3243,58.50635,31.922425,-26.583924999999997,4,4,16.0,0.029401048190339642,0.9266860194365075,True,False,hypo_siscowet
NW_024059323.1:3295,NW_024059323.1,3295,63.294125,36.6649,-26.629224999999998,4,4,16.0,0.02857142857142857,0.9266860194365075,True,False,hypo_siscowet
NW_024059323.1:33107,NW_024059323.1,33107,64.12035,25.473466666666667,-38.646883333333335,4,3,12.0,0.04974599072150299,0.9266860194365075,True,False,hypo_siscowet
NW_024059323.1:3332,NW_024059323.1,3332,65.025025,43.265299999999996,-21.759725000000003,4,4,16.0,0.02857142857142857,0.9266860194365075,True,False,hypo_siscowet
NW_024059323.1:3366,NW_024059323.1,3366,63.842699999999994,44.2374,-19.605299999999993,4,4,15.5,0.042066412206780826,0.9266860194365075,True,False,hypo_siscowet
NW_024059323.1:3400,NW_024059323.1,3400,66.72245,40.2334,-26.48904999999999,4,4,16.0,0.02857142857142857,0.9266860194365075,True,False,hypo_siscowet
NW_024059323.1:3532,NW_024059323.1,3532,66.146875,38.52935,-27.617524999999993,4,4,16.0,0.02857142857142857,0.9266860194365075,True,False,hypo_siscowet
NW_024059323.1:3653,NW_024059323.1,3653,64.885375,36.974675,-27.9107,4,4,16.0,0.02857142857142857,0.9266860194365075,True,False,hypo_siscowet
NW_024059323.1:3695,NW_024059323.1,3695,67.9769,39.13985,-28.837049999999998,4,4,16.0,0.02857142857142857,0.9266860194365075,True,False,hypo_siscowet
NW_024059323.1:3732,NW_024059323.1,3732,65.72795,33.099999999999994,-32.62795000000001,4,4,16.0,0.02857142857142857,0.9266860194365075,True,False,hypo_siscowet
NW_024059323.1:3766,NW_024059323.1,3766,62.635450000000006,31.314175,-31.321275000000007,4,4,16.0,0.02857142857142857,0.9266860194365075,True,False,hypo_siscowet
NW_024059323.1:3812,NW_024059323.1,3812,66.531425,33.335750000000004,-33.195674999999994,4,4,16.0,0.02857142857142857,0.9266860194365075,True,False,hypo_siscowet
NW_024059323.1:3822,NW_024059323.1,3822,60.0245,25.5482,-34.4763,4,4,16.0,0.02857142857142857,0.9266860194365075,True,False,hypo_siscowet
NW_024059323.1:3853,NW_024059323.1,3853,61.68792499999999,34.832425,-26.855499999999992,4,4,16.0,0.02857142857142857,0.9266860194365075,True,False,hypo_siscowet
NW_024059323.1:3895,NW_024059323.1,3895,63.45595,42.2205,-21.23545,4,4,16.0,0.02857142857142857,0.9266860194365075,True,False,hypo_siscowet
NW_024059323.1:4132,NW_024059323.1,4132,62.05515,43.558875,-18.496274999999997,4,4,16.0,0.029401048190339642,0.9266860194365075,True,False,hypo_siscowet
NW_024059323.1:4166,NW_024059323.1,4166,60.000499999999995,44.8729,-15.127599999999994,4,4,16.0,0.02857142857142857,0.9266860194365075,True,False,hypo_siscowet
NW_024059323.1:4212,NW_024059323.1,4212,58.906975,41.7605,-17.146475000000002,4,4,16.0,0.02857142857142857,0.9266860194365075,True,False,hypo_siscowet
NW_024059329.1:17877,NW_024059329.1,17877,84.60062500000001,58.848225,-25.75240000000001,4,4,16.0,0.02857142857142857,0.9266860194365075,True,False,hypo_siscowet
NW_024059359.1:16048,NW_024059359.1,16048,92.60606666666666,73.651725,-18.954341666666664,3,4,12.0,0.04974599072150299,0.9266860194365075,True,False,hypo_siscowet
NW_024059359.1:23531,NW_024059359.1,23531,81.1438,60.377775,-20.766025,3,4,12.0,0.04974599072150299,0.9266860194365075,True,False,hypo_siscowet
NW_024059367.1:10460,NW_024059367.1,10460,68.93939999999999,29.0196,-39.919799999999995,3,4,12.0,0.04974599072150299,0.9266860194365075,True,False,hypo_siscowet
NW_024059367.1:10851,NW_024059367.1,10851,75.09713333333333,55.69445,-19.40268333333333,3,4,12.0,0.04974599072150299,0.9266860194365075,True,False,hypo_siscowet
NW_024059372.1:26795,NW_024059372.1,26795,47.281125,31.1573,-16.123825000000004,4,4,16.0,0.02857142857142857,0.9266860194365075,True,False,hypo_siscowet
NW_024059372.1:4000,NW_024059372.1,4000,58.272025000000006,32.403025,-25.869000000000007,4,4,16.0,0.02857142857142857,0.9266860194365075,True,False,hypo_siscowet
NW_024059385.1:10068,NW_024059385.1,10068,69.48923333333333,41.044974999999994,-28.444258333333337,3,4,12.0,0.04974599072150299,0.9266860194365075,True,False,hypo_siscowet
NW_024059385.1:6239,NW_024059385.1,6239,77.168825,53.746674999999996,-23.422150000000002,4,4,16.0,0.02857142857142857,0.9266860194365075,True,False,hypo_siscowet
NW_024059385.1:6290,NW_024059385.1,6290,74.10715,44.606300000000005,-29.50085,4,4,16.0,0.02857142857142857,0.9266860194365075,True,False,hypo_siscowet
NW_024059385.1:6292,NW_024059385.1,6292,75.49055,40.320425,-35.170125,4,4,16.0,0.02857142857142857,0.9266860194365075,True,False,hypo_siscowet
NW_024059385.1:6295,NW_024059385.1,6295,75.331925,40.740700000000004,-34.591224999999994,4,4,16.0,0.029401048190339642,0.9266860194365075,True,False,hypo_siscowet
NW_024059385.1:6333,NW_024059385.1,6333,65.24035,29.6479,-35.59245000000001,4,4,16.0,0.02857142857142857,0.9266860194365075,True,False,hypo_siscowet
NW_024059385.1:6336,NW_024059385.1,6336,47.967999999999996,18.2371625,-29.730837499999996,4,4,16.0,0.02857142857142857,0.9266860194365075,True,False,hypo_siscowet
NW_024059385.1:6345,NW_024059385.1,6345,44.878725,17.44684,-27.431885,4,4,16.0,0.02857142857142857,0.9266860194365075,True,False,hypo_siscowet
NW_024059385.1:6353,NW_024059385.1,6353,34.01005,9.97306,-24.03699,4,4,16.0,0.02857142857142857,0.9266860194365075,True,False,hypo_siscowet
NW_024059385.1:6695,NW_024059385.1,6695,69.715225,36.752575,-32.962650000000004,4,4,16.0,0.02857142857142857,0.9266860194365075,True,False,hypo_siscowet
NW_024059385.1:6728,NW_024059385.1,6728,77.077525,45.114200000000004,-31.96332499999999,4,4,16.0,0.02857142857142857,0.9266860194365075,True,False,hypo_siscowet
NW_024059385.1:7131,NW_024059385.1,7131,37.837925,15.475825,-22.362099999999998,4,4,16.0,0.02857142857142857,0.9266860194365075,True,False,hypo_siscowet
NW_024059385.1:7676,NW_024059385.1,7676,31.643674999999998,14.3847525,-17.258922499999997,4,4,16.0,0.02857142857142857,0.9266860194365075,True,False,hypo_siscowet
NW_024059385.1:7697,NW_024059385.1,7697,34.674775000000004,18.816699999999997,-15.858075000000007,4,4,16.0,0.02857142857142857,0.9266860194365075,True,False,hypo_siscowet
NW_024059385.1:7718,NW_024059385.1,7718,35.851425,19.54925,-16.302175,4,4,16.0,0.02857142857142857,0.9266860194365075,True,False,hypo_siscowet
NW_024059385.1:7905,NW_024059385.1,7905,59.868174999999994,37.123599999999996,-22.744574999999998,4,4,16.0,0.02857142857142857,0.9266860194365075,True,False,hypo_siscowet
NW_024059385.1:7942,NW_024059385.1,7942,61.223525,37.491275,-23.73225,4,4,16.0,0.029401048190339642,0.9266860194365075,True,False,hypo_siscowet
NW_024059385.1:7976,NW_024059385.1,7976,65.029775,39.150475,-25.8793,4,4,16.0,0.02857142857142857,0.9266860194365075,True,False,hypo_siscowet
NW_024059385.1:8010,NW_024059385.1,8010,55.46085,38.37335,-17.0875,4,4,16.0,0.02857142857142857,0.9266860194365075,True,False,hypo_siscowet
NW_024059385.1:8063,NW_024059385.1,8063,55.31397499999999,35.784475,-19.52949999999999,4,4,16.0,0.02857142857142857,0.9266860194365075,True,False,hypo_siscowet
NW_024059385.1:8263,NW_024059385.1,8263,45.147925,26.935049999999997,-18.212875000000004,4,4,16.0,0.02857142857142857,0.9266860194365075,True,False,hypo_siscowet
NW_024059385.1:8305,NW_024059385.1,8305,48.7432,29.59995,-19.143250000000002,4,4,16.0,0.029401048190339642,0.9266860194365075,True,False,hypo_siscowet
NW_024059385.1:8342,NW_024059385.1,8342,48.9035,31.7761,-17.1274,4,4,16.0,0.026518721959430728,0.9266860194365075,True,False,hypo_siscowet
NW_024059385.1:8410,NW_024059385.1,8410,58.158575,28.598533333333336,-29.560041666666663,4,3,12.0,0.04974599072150299,0.9266860194365075,True,False,hypo_siscowet
NW_024059385.1:8422,NW_024059385.1,8422,51.578275000000005,31.729000000000003,-19.849275000000002,4,4,16.0,0.02857142857142857,0.9266860194365075,True,False,hypo_siscowet
NW_024059385.1:8463,NW_024059385.1,8463,52.655,29.6458,-23.0092,4,4,16.0,0.02857142857142857,0.9266860194365075,True,False,hypo_siscowet
NW_024059385.1:8505,NW_024059385.1,8505,56.884625,34.728575,-22.15605,4,4,16.0,0.02857142857142857,0.9266860194365075,True,False,hypo_siscowet
NW_024059385.1:8542,NW_024059385.1,8542,58.915524999999995,29.483175,-29.432349999999996,4,4,16.0,0.02857142857142857,0.9266860194365075,True,False,hypo_siscowet
NW_024059385.1:8622,NW_024059385.1,8622,58.10102500000001,31.09135,-27.00967500000001,4,4,16.0,0.02857142857142857,0.9266860194365075,True,False,hypo_siscowet
NW_024059385.1:8663,NW_024059385.1,8663,55.307649999999995,30.5149,-24.792749999999995,4,4,16.0,0.02857142857142857,0.9266860194365075,True,False,hypo_siscowet
NW_024059385.1:8705,NW_024059385.1,8705,55.321799999999996,29.612750000000002,-25.709049999999994,4,4,16.0,0.02857142857142857,0.9266860194365075,True,False,hypo_siscowet
NW_024059385.1:8742,NW_024059385.1,8742,46.623475000000006,26.078740000000003,-20.544735000000003,4,4,16.0,0.02857142857142857,0.9266860194365075,True,False,hypo_siscowet
NW_024059385.1:8776,NW_024059385.1,8776,45.92595,25.239050000000002,-20.686899999999998,4,4,16.0,0.02857142857142857,0.9266860194365075,True,False,hypo_siscowet
NW_024059385.1:8822,NW_024059385.1,8822,48.219725,24.690549999999998,-23.529175,4,4,16.0,0.02857142857142857,0.9266860194365075,True,False,hypo_siscowet
NW_024059385.1:8905,NW_024059385.1,8905,55.967025,27.872725,-28.0943,4,4,16.0,0.02857142857142857,0.9266860194365075,True,False,hypo_siscowet
NW_024059385.1:8942,NW_024059385.1,8942,54.42725,30.409824999999998,-24.017425000000003,4,4,16.0,0.02857142857142857,0.9266860194365075,True,False,hypo_siscowet
NW_024059385.1:8976,NW_024059385.1,8976,57.04855,30.458750000000002,-26.589799999999997,4,4,16.0,0.02857142857142857,0.9266860194365075,True,False,hypo_siscowet
NW_024059385.1:9022,NW_024059385.1,9022,51.584725000000006,26.058625,-25.526100000000007,4,4,16.0,0.02857142857142857,0.9266860194365075,True,False,hypo_siscowet
NW_024059385.1:9063,NW_024059385.1,9063,55.706925,25.0081,-30.698825,4,4,16.0,0.029401048190339642,0.9266860194365075,True,False,hypo_siscowet
NW_024059385.1:9105,NW_024059385.1,9105,58.907675,27.07145,-31.836225,4,4,16.0,0.02857142857142857,0.9266860194365075,True,False,hypo_siscowet
NW_024059385.1:9142,NW_024059385.1,9142,58.952025,30.89125,-28.060775,4,4,16.0,0.02857142857142857,0.9266860194365075,True,False,hypo_siscowet
NW_024059385.1:9176,NW_024059385.1,9176,58.220074999999994,31.520825000000002,-26.699249999999992,4,4,16.0,0.02857142857142857,0.9266860194365075,True,False,hypo_siscowet
NW_024059385.1:9222,NW_024059385.1,9222,59.435700000000004,28.472550000000002,-30.963150000000002,4,4,16.0,0.02857142857142857,0.9266860194365075,True,False,hypo_siscowet
NW_024059385.1:9542,NW_024059385.1,9542,61.2782,23.501800000000003,-37.776399999999995,4,3,12.0,0.04974599072150299,0.9266860194365075,True,False,hypo_siscowet
NW_024059385.1:9683,NW_024059385.1,9683,48.870850000000004,25.459649999999996,-23.411200000000008,4,4,16.0,0.02857142857142857,0.9266860194365075,True,False,hypo_siscowet
NW_024059385.1:9766,NW_024059385.1,9766,49.991249999999994,27.180474999999998,-22.810774999999996,4,4,16.0,0.02857142857142857,0.9266860194365075,True,False,hypo_siscowet
NW_024059393.1:30025,NW_024059393.1,30025,21.0955325,2.316145,-18.779387500000002,4,4,16.0,0.02857142857142857,0.9266860194365075,True,False,hypo_siscowet
NW_024059393.1:30069,NW_024059393.1,30069,21.813692500000002,4.2085025,-17.60519,4,4,16.0,0.02857142857142857,0.9266860194365075,True,False,hypo_siscowet
NW_024059393.1:8320,NW_024059393.1,8320,89.418,56.4734,-32.94460000000001,3,4,12.0,0.04974599072150299,0.9266860194365075,True,False,hypo_siscowet
NW_024059406.1:27178,NW_024059406.1,27178,62.9024,39.67955,-23.22285,4,4,16.0,0.02857142857142857,0.9266860194365075,True,False,hypo_siscowet
NW_024059406.1:27181,NW_024059406.1,27181,42.891275,23.302175,-19.589100000000002,4,4,16.0,0.029401048190339642,0.9266860194365075,True,False,hypo_siscowet
NW_024059406.1:27190,NW_024059406.1,27190,38.789025,17.946424999999998,-20.842600000000004,4,4,16.0,0.02857142857142857,0.9266860194365075,True,False,hypo_siscowet
NW_024059406.1:27198,NW_024059406.1,27198,25.014225,9.965787500000001,-15.048437499999999,4,4,16.0,0.02857142857142857,0.9266860194365075,True,False,hypo_siscowet
NW_024059406.1:27208,NW_024059406.1,27208,27.946749999999998,11.029375,-16.917375,4,4,16.0,0.02857142857142857,0.9266860194365075,True,False,hypo_siscowet
NW_024059406.1:27279,NW_024059406.1,27279,31.909299999999998,12.670637500000002,-19.238662499999997,4,4,16.0,0.02857142857142857,0.9266860194365075,True,False,hypo_siscowet
NW_024059406.1:27305,NW_024059406.1,27305,24.662975000000003,8.8977775,-15.765197500000003,4,4,16.0,0.02857142857142857,0.9266860194365075,True,False,hypo_siscowet
NW_024059406.1:27330,NW_024059406.1,27330,24.957124999999998,7.3368400000000005,-17.620284999999996,4,4,16.0,0.02857142857142857,0.9266860194365075,True,False,hypo_siscowet
NW_024059406.1:27499,NW_024059406.1,27499,42.55445,24.514575,-18.039875000000002,4,4,16.0,0.02857142857142857,0.9266860194365075,True,False,hypo_siscowet
NW_024059406.1:28361,NW_024059406.1,28361,49.3973,32.00216666666667,-17.395133333333334,4,3,12.0,0.04974599072150299,0.9266860194365075,True,False,hypo_siscowet
NW_024059406.1:2883,NW_024059406.1,2883,26.923066666666667,11.322167499999999,-15.600899166666668,3,4,12.0,0.04974599072150299,0.9266860194365075,True,False,hypo_siscowet
NW_024059406.1:2966,NW_024059406.1,2966,40.555566666666664,24.4976,-16.057966666666665,3,4,12.0,0.04974599072150299,0.9266860194365075,True,False,hypo_siscowet
NW_024059406.1:3546,NW_024059406.1,3546,84.838325,61.237449999999995,-23.600875000000002,4,4,16.0,0.02857142857142857,0.9266860194365075,True,False,hypo_siscowet
NW_024059407.1:2008,NW_024059407.1,2008,80.12192499999999,61.52985,-18.592074999999987,4,4,16.0,0.02857142857142857,0.9266860194365075,True,False,hypo_siscowet
NW_024059407.1:2029,NW_024059407.1,2029,80.2962,62.520300000000006,-17.775899999999993,4,4,16.0,0.029401048190339642,0.9266860194365075,True,False,hypo_siscowet
NW_024059407.1:2085,NW_024059407.1,2085,84.392225,69.38237500000001,-15.009849999999986,4,4,16.0,0.02857142857142857,0.9266860194365075,True,False,hypo_siscowet
NW_024059407.1:27475,NW_024059407.1,27475,32.314565,56.63965,24.325085,4,4,0.5,0.042066412206780826,0.9266860194365075,True,False,hyper_siscowet
NW_024059407.1:27930,NW_024059407.1,27930,33.99125,49.179275000000004,15.188025000000003,4,4,0.0,0.029401048190339642,0.9266860194365075,True,False,hyper_siscowet
NW_024059411.1:15735,NW_024059411.1,15735,57.724849999999996,40.934975,-16.789874999999995,4,4,16.0,0.02857142857142857,0.9266860194365075,True,False,hypo_siscowet
NW_024059411.1:15750,NW_024059411.1,15750,55.80935,40.364824999999996,-15.444525000000006,4,4,16.0,0.02857142857142857,0.9266860194365075,True,False,hypo_siscowet
NW_024059411.1:15823,NW_024059411.1,15823,64.630275,47.882475,-16.747799999999998,4,4,16.0,0.02857142857142857,0.9266860194365075,True,False,hypo_siscowet
NW_024059411.1:26630,NW_024059411.1,26630,51.0801,74.96345,23.883349999999993,4,4,0.0,0.02857142857142857,0.9266860194365075,True,False,hyper_siscowet
NW_024059411.1:26649,NW_024059411.1,26649,48.701224999999994,66.93925,18.238025000000007,4,4,0.0,0.02857142857142857,0.9266860194365075,True,False,hyper_siscowet
NW_024059426.1:30548,NW_024059426.1,30548,59.821425000000005,40.173100000000005,-19.648325,4,3,12.0,0.04974599072150299,0.9266860194365075,True,False,hypo_siscowet
NW_024059442.1:11856,NW_024059442.1,11856,59.14789999999999,38.314775,-20.833124999999995,3,4,12.0,0.04974599072150299,0.9266860194365075,True,False,hypo_siscowet
NW_024059442.1:11898,NW_024059442.1,11898,61.111133333333335,37.881449999999994,-23.22968333333334,3,4,12.0,0.04974599072150299,0.9266860194365075,True,False,hypo_siscowet
NW_024059442.1:13587,NW_024059442.1,13587,63.85575000000001,45.530275,-18.325475000000004,4,4,16.0,0.02857142857142857,0.9266860194365075,True,False,hypo_siscowet
NW_024059442.1:13633,NW_024059442.1,13633,64.721025,47.746900000000004,-16.974124999999994,4,4,16.0,0.02857142857142857,0.9266860194365075,True,False,hypo_siscowet
NW_024059442.1:13667,NW_024059442.1,13667,65.889125,49.163675,-16.72545000000001,4,4,16.0,0.029401048190339642,0.9266860194365075,True,False,hypo_siscowet
NW_024059442.1:13704,NW_024059442.1,13704,66.86019999999999,45.06295,-21.79724999999999,4,4,16.0,0.02857142857142857,0.9266860194365075,True,False,hypo_siscowet
NW_024059442.1:13777,NW_024059442.1,13777,67.506575,36.402575,-31.104,4,4,16.0,0.02857142857142857,0.9266860194365075,True,False,hypo_siscowet
NW_024059442.1:13833,NW_024059442.1,13833,69.02195,48.52705,-20.4949,4,4,16.0,0.02857142857142857,0.9266860194365075,True,False,hypo_siscowet
NW_024059442.1:13904,NW_024059442.1,13904,65.106825,45.9569,-19.149925000000003,4,4,16.0,0.02857142857142857,0.9266860194365075,True,False,hypo_siscowet
NW_024059442.1:13946,NW_024059442.1,13946,60.697125,39.640475,-21.056649999999998,4,4,16.0,0.02857142857142857,0.9266860194365075,True,False,hypo_siscowet
NW_024059442.1:13987,NW_024059442.1,13987,59.60975,39.030575,-20.579175,4,4,16.0,0.029401048190339642,0.9266860194365075,True,False,hypo_siscowet
NW_024059442.1:14146,NW_024059442.1,14146,58.226625,41.694700000000005,-16.531924999999994,4,4,16.0,0.02857142857142857,0.9266860194365075,True,False,hypo_siscowet
NW_024059442.1:14187,NW_024059442.1,14187,67.978225,48.634074999999996,-19.34415,4,4,16.0,0.02857142857142857,0.9266860194365075,True,False,hypo_siscowet
NW_024059442.1:14233,NW_024059442.1,14233,70.029775,52.07955,-17.950225000000003,4,4,16.0,0.02857142857142857,0.9266860194365075,True,False,hypo_siscowet
NW_024059442.1:14267,NW_024059442.1,14267,68.19977499999999,48.6882,-19.511574999999986,4,4,16.0,0.02857142857142857,0.9266860194365075,True,False,hypo_siscowet
NW_024059442.1:14633,NW_024059442.1,14633,61.68565,36.144875,-25.540775000000004,4,4,16.0,0.02857142857142857,0.9266860194365075,True,False,hypo_siscowet
NW_024059442.1:14667,NW_024059442.1,14667,65.9905,35.9427,-30.047799999999995,4,4,16.0,0.02857142857142857,0.9266860194365075,True,False,hypo_siscowet
NW_024059442.1:14704,NW_024059442.1,14704,63.494175,40.476124999999996,-23.018050000000002,4,4,16.0,0.02857142857142857,0.9266860194365075,True,False,hypo_siscowet
NW_024059442.1:14746,NW_024059442.1,14746,66.653925,42.309775,-24.34415,4,4,16.0,0.029401048190339642,0.9266860194365075,True,False,hypo_siscowet
NW_024059442.1:14756,NW_024059442.1,14756,67.99695,37.0238,-30.973149999999997,4,4,16.0,0.02857142857142857,0.9266860194365075,True,False,hypo_siscowet
NW_024059442.1:14799,NW_024059442.1,14799,81.94445,56.59105,-25.3534,4,4,16.0,0.02857142857142857,0.9266860194365075,True,False,hypo_siscowet
NW_024059442.1:14833,NW_024059442.1,14833,71.759275,49.480425,-22.278850000000006,4,4,16.0,0.02857142857142857,0.9266860194365075,True,False,hypo_siscowet
NW_024059442.1:14867,NW_024059442.1,14867,74.30980000000001,51.507825,-22.801975000000013,4,4,16.0,0.02857142857142857,0.9266860194365075,True,False,hypo_siscowet
NW_024059442.1:14946,NW_024059442.1,14946,69.9727,45.14675,-24.825950000000006,4,4,16.0,0.02857142857142857,0.9266860194365075,True,False,hypo_siscowet
NW_024059442.1:14956,NW_024059442.1,14956,70.652275,44.427550000000004,-26.224725,4,4,16.0,0.02857142857142857,0.9266860194365075,True,False,hypo_siscowet
NW_024059442.1:14977,NW_024059442.1,14977,71.1005,49.631675,-21.468824999999995,4,4,16.0,0.029401048190339642,0.9266860194365075,True,False,hypo_siscowet
NW_024059442.1:14987,NW_024059442.1,14987,76.242125,48.037774999999996,-28.204350000000005,4,4,16.0,0.02857142857142857,0.9266860194365075,True,False,hypo_siscowet
NW_024059442.1:15033,NW_024059442.1,15033,74.250425,46.769,-27.48142500000001,4,4,16.0,0.02857142857142857,0.9266860194365075,True,False,hypo_siscowet
NW_024059442.1:15067,NW_024059442.1,15067,74.04705,49.196175000000004,-24.850874999999995,4,4,16.0,0.02857142857142857,0.9266860194365075,True,False,hypo_siscowet
NW_024059442.1:15104,NW_024059442.1,15104,68.56935,48.928375,-19.640974999999997,4,4,16.0,0.02857142857142857,0.9266860194365075,True,False,hypo_siscowet
NW_024059442.1:15377,NW_024059442.1,15377,68.5479,36.55325,-31.99465,4,4,16.0,0.02857142857142857,0.9266860194365075,True,False,hypo_siscowet
NW_024059442.1:15387,NW_024059442.1,15387,68.7651,45.4714,-23.2937,4,4,15.5,0.042066412206780826,0.9266860194365075,True,False,hypo_siscowet
NW_024059442.1:15399,NW_024059442.1,15399,78.78125000000001,48.015875,-30.765375000000013,4,4,16.0,0.02857142857142857,0.9266860194365075,True,False,hypo_siscowet
NW_024059442.1:15433,NW_024059442.1,15433,74.606075,40.416275,-34.189800000000005,4,4,16.0,0.02857142857142857,0.9266860194365075,True,False,hypo_siscowet
NW_024059442.1:15467,NW_024059442.1,15467,73.0199,42.179,-30.840900000000005,4,4,16.0,0.02857142857142857,0.9266860194365075,True,False,hypo_siscowet
NW_024059442.1:15504,NW_024059442.1,15504,72.55494999999999,44.888774999999995,-27.666174999999996,4,4,16.0,0.02857142857142857,0.9266860194365075,True,False,hypo_siscowet
NW_024059442.1:15546,NW_024059442.1,15546,71.7483,49.4484,-22.2999,4,4,16.0,0.02857142857142857,0.9266860194365075,True,False,hypo_siscowet
NW_024059442.1:15587,NW_024059442.1,15587,73.5249,52.96875,-20.556150000000002,4,4,16.0,0.02857142857142857,0.9266860194365075,True,False,hypo_siscowet
NW_024059442.1:15633,NW_024059442.1,15633,76.5476,55.91265,-20.634950000000003,4,4,16.0,0.029401048190339642,0.9266860194365075,True,False,hypo_siscowet
NW_024059442.1:15667,NW_024059442.1,15667,78.3426,56.698075,-21.644525,4,4,16.0,0.02857142857142857,0.9266860194365075,True,False,hypo_siscowet
NW_024059442.1:15704,NW_024059442.1,15704,77.861725,48.610924999999995,-29.250800000000012,4,4,16.0,0.02857142857142857,0.9266860194365075,True,False,hypo_siscowet
NW_024059442.1:15746,NW_024059442.1,15746,78.090675,50.105624999999996,-27.985050000000008,4,4,16.0,0.02857142857142857,0.9266860194365075,True,False,hypo_siscowet
NW_024059442.1:15777,NW_024059442.1,15777,85.40344999999999,61.88915000000001,-23.514299999999984,4,4,16.0,0.029401048190339642,0.9266860194365075,True,False,hypo_siscowet
NW_024059442.1:15787,NW_024059442.1,15787,81.876975,56.446650000000005,-25.430324999999996,4,4,16.0,0.02857142857142857,0.9266860194365075,True,False,hypo_siscowet
NW_024059442.1:15799,NW_024059442.1,15799,85.87062499999999,61.69445,-24.176174999999986,4,4,16.0,0.02857142857142857,0.9266860194365075,True,False,hypo_siscowet
NW_024059442.1:15889,NW_024059442.1,15889,79.419825,61.20337500000001,-18.216449999999995,4,4,16.0,0.02857142857142857,0.9266860194365075,True,False,hypo_siscowet
NW_024059442.1:1612,NW_024059442.1,1612,85.22895,66.4057,-18.82325,4,4,16.0,0.02857142857142857,0.9266860194365075,True,False,hypo_siscowet
NW_024059442.1:16221,NW_024059442.1,16221,83.57142499999999,62.188525,-21.382899999999992,4,4,16.0,0.02857142857142857,0.9266860194365075,True,False,hypo_siscowet
NW_024059442.1:1627,NW_024059442.1,1627,87.34895,69.47805,-17.870900000000006,4,4,16.0,0.02857142857142857,0.9266860194365075,True,False,hypo_siscowet
NW_024059442.1:16277,NW_024059442.1,16277,91.458325,69.195075,-22.26325,4,4,16.0,0.02857142857142857,0.9266860194365075,True,False,hypo_siscowet
NW_024059442.1:16319,NW_024059442.1,16319,89.858975,67.538925,-22.320049999999995,4,4,16.0,0.02857142857142857,0.9266860194365075,True,False,hypo_siscowet
NW_024059442.1:1637,NW_024059442.1,1637,82.18325,61.11195000000001,-21.071299999999994,4,4,16.0,0.02857142857142857,0.9266860194365075,True,False,hypo_siscowet
NW_024059442.1:1647,NW_024059442.1,1647,80.166375,61.960274999999996,-18.206100000000006,4,4,16.0,0.02857142857142857,0.9266860194365075,True,False,hypo_siscowet
NW_024059442.1:1653,NW_024059442.1,1653,87.31482499999998,70.49015,-16.824674999999985,4,4,16.0,0.02857142857142857,0.9266860194365075,True,False,hypo_siscowet
NW_024059442.1:2953,NW_024059442.1,2953,77.97005,62.9489,-15.021149999999999,4,4,16.0,0.02857142857142857,0.9266860194365075,True,False,hypo_siscowet
NW_024059442.1:2980,NW_024059442.1,2980,77.628575,60.99205,-16.636525,4,4,16.0,0.02857142857142857,0.9266860194365075,True,False,hypo_siscowet
NW_024059442.1:5075,NW_024059442.1,5075,87.41765,69.40805,-18.009599999999992,4,4,16.0,0.02857142857142857,0.9266860194365075,True,False,hypo_siscowet
NW_024059442.1:5079,NW_024059442.1,5079,83.84265,66.49,-17.35265000000001,4,4,16.0,0.02857142857142857,0.9266860194365075,True,False,hypo_siscowet
NW_024059442.1:5100,NW_024059442.1,5100,79.770575,63.287575000000004,-16.48299999999999,4,4,16.0,0.02857142857142857,0.9266860194365075,True,False,hypo_siscowet
NW_024059442.1:5107,NW_024059442.1,5107,85.634225,66.859625,-18.774600000000007,4,4,16.0,0.02857142857142857,0.9266860194365075,True,False,hypo_siscowet
NW_024059442.1:5302,NW_024059442.1,5302,84.851875,68.251875,-16.60000000000001,4,4,16.0,0.02857142857142857,0.9266860194365075,True,False,hypo_siscowet
NW_024059448.1:5454,NW_024059448.1,5454,92.56649999999999,74.052725,-18.513774999999995,4,4,15.5,0.042066412206780826,0.9266860194365075,True,False,hypo_siscowet
NW_024059452.1:306460,NW_024059452.1,306460,85.424175,65.98195,-19.442225000000008,4,4,16.0,0.02857142857142857,0.9266860194365075,True,False,hypo_siscowet
NW_024059452.1:34742,NW_024059452.1,34742,92.0917,69.44445,-22.64725,4,4,16.0,0.029401048190339642,0.9266860194365075,True,False,hypo_siscowet
NW_024059452.1:589944,NW_024059452.1,589944,97.84946666666667,80.285725,-17.563741666666672,3,4,12.0,0.04974599072150299,0.9266860194365075,True,False,hypo_siscowet
NW_024059452.1:619029,NW_024059452.1,619029,78.07486666666667,55.719675,-22.355191666666663,3,4,12.0,0.04974599072150299,0.9266860194365075,True,False,hypo_siscowet
NW_024059452.1:619043,NW_024059452.1,619043,72.7273,54.78585,-17.941449999999996,3,4,12.0,0.04359664488554136,0.9266860194365075,True,False,hypo_siscowet
NW_024059452.1:672329,NW_024059452.1,672329,70.1341,53.09545,-17.038650000000004,3,4,12.0,0.04974599072150299,0.9266860194365075,True,False,hypo_siscowet
NW_024059453.1:244895,NW_024059453.1,244895,47.3755,26.764075,-20.611425000000004,4,4,16.0,0.029401048190339642,0.9266860194365075,True,False,hypo_siscowet
NW_024059478.1:27274,NW_024059478.1,27274,81.41026666666666,61.073225,-20.337041666666657,3,4,12.0,0.04974599072150299,0.9266860194365075,True,False,hypo_siscowet
NW_024059481.1:2467,NW_024059481.1,2467,83.76735,62.7413,-21.02604999999999,4,4,16.0,0.02857142857142857,0.9266860194365075,True,False,hypo_siscowet
NW_024059481.1:3241,NW_024059481.1,3241,69.92585,85.661475,15.735624999999999,4,4,0.0,0.02857142857142857,0.9266860194365075,True,False,hyper_siscowet
NW_024059481.1:3516,NW_024059481.1,3516,81.511325,98.6111,17.099774999999994,4,4,0.0,0.026518721959430728,0.9266860194365075,True,False,hyper_siscowet
NW_024059481.1:3601,NW_024059481.1,3601,71.36179999999999,90.47745,19.115650000000016,4,4,0.0,0.02857142857142857,0.9266860194365075,True,False,hyper_siscowet
NW_024059481.1:4460,NW_024059481.1,4460,94.8952,79.881625,-15.013575000000003,4,4,16.0,0.02857142857142857,0.9266860194365075,True,False,hypo_siscowet
NW_024059513.1:23672,NW_024059513.1,23672,54.26585,30.402275000000003,-23.863574999999997,4,4,16.0,0.02857142857142857,0.9266860194365075,True,False,hypo_siscowet
NW_024059513.1:23909,NW_024059513.1,23909,61.19562500000001,33.25985,-27.935775000000007,4,4,16.0,0.02857142857142857,0.9266860194365075,True,False,hypo_siscowet
NW_024059513.1:23951,NW_024059513.1,23951,68.676175,30.750075,-37.926100000000005,4,4,16.0,0.02857142857142857,0.9266860194365075,True,False,hypo_siscowet
NW_024059513.1:23961,NW_024059513.1,23961,76.534925,33.2007,-43.334225,4,4,16.0,0.02857142857142857,0.9266860194365075,True,False,hypo_siscowet
NW_024059513.1:23992,NW_024059513.1,23992,69.217725,30.6001,-38.617625000000004,4,4,16.0,0.02857142857142857,0.9266860194365075,True,False,hypo_siscowet
NW_024059513.1:24004,NW_024059513.1,24004,75.733925,30.07995,-45.653975,4,4,16.0,0.02857142857142857,0.9266860194365075,True,False,hypo_siscowet
NW_024059513.1:24038,NW_024059513.1,24038,66.35095,30.6679,-35.683049999999994,4,4,16.0,0.02857142857142857,0.9266860194365075,True,False,hypo_siscowet
NW_024059513.1:24382,NW_024059513.1,24382,51.976325,29.4279,-22.548425,4,4,15.5,0.042066412206780826,0.9266860194365075,True,False,hypo_siscowet
NW_024059513.1:4656,NW_024059513.1,4656,54.459824999999995,71.24095,16.781125000000003,4,4,0.0,0.02857142857142857,0.9266860194365075,True,False,hyper_siscowet
NW_024059519.1:23602,NW_024059519.1,23602,40.016225,19.54545,-20.470775,4,4,16.0,0.029401048190339642,0.9266860194365075,True,False,hypo_siscowet
NW_024059519.1:23781,NW_024059519.1,23781,33.934149999999995,7.0833325,-26.850817499999994,4,4,16.0,0.028429535998796527,0.9266860194365075,True,False,hypo_siscowet
NW_024059519.1:23817,NW_024059519.1,23817,38.5841,15.7971,-22.787,4,3,12.0,0.04974599072150299,0.9266860194365075,True,False,hypo_siscowet
NW_024059519.1:24327,NW_024059519.1,24327,28.761725000000002,11.5534275,-17.2082975,4,4,16.0,0.02857142857142857,0.9266860194365075,True,False,hypo_siscowet
NW_024059519.1:24360,NW_024059519.1,24360,34.0203,12.5233275,-21.4969725,4,4,16.0,0.02857142857142857,0.9266860194365075,True,False,hypo_siscowet
NW_024059542.1:10101,NW_024059542.1,10101,53.7624,26.15375,-27.60865,4,4,16.0,0.02857142857142857,0.9266860194365075,True,False,hypo_siscowet
NW_024059542.1:10138,NW_024059542.1,10138,61.495425,30.250875,-31.244549999999997,4,4,16.0,0.02857142857142857,0.9266860194365075,True,False,hypo_siscowet
NW_024059542.1:10180,NW_024059542.1,10180,58.915175000000005,25.360775,-33.5544,4,4,16.0,0.02857142857142857,0.9266860194365075,True,False,hypo_siscowet
NW_024059542.1:10221,NW_024059542.1,10221,61.571425000000005,29.983925,-31.587500000000006,4,4,16.0,0.029401048190339642,0.9266860194365075,True,False,hypo_siscowet
NW_024059542.1:10233,NW_024059542.1,10233,65.393525,27.445974999999997,-37.94755,4,4,16.0,0.02857142857142857,0.9266860194365075,True,False,hypo_siscowet
NW_024059542.1:10267,NW_024059542.1,10267,58.321225,28.180825,-30.1404,4,4,16.0,0.02857142857142857,0.9266860194365075,True,False,hypo_siscowet
NW_024059542.1:10301,NW_024059542.1,10301,64.16295000000001,35.713375,-28.44957500000001,4,4,16.0,0.02857142857142857,0.9266860194365075,True,False,hypo_siscowet
NW_024059542.1:10338,NW_024059542.1,10338,64.841725,40.955475,-23.886249999999997,4,4,16.0,0.02857142857142857,0.9266860194365075,True,False,hypo_siscowet
NW_024059542.1:10501,NW_024059542.1,10501,61.75875,39.153525,-22.605224999999997,4,4,16.0,0.02857142857142857,0.9266860194365075,True,False,hypo_siscowet
NW_024059542.1:10738,NW_024059542.1,10738,59.148624999999996,38.921275,-20.227349999999994,4,4,16.0,0.02857142857142857,0.9266860194365075,True,False,hypo_siscowet
NW_024059542.1:10780,NW_024059542.1,10780,62.529775,36.627175,-25.9026,4,4,16.0,0.029401048190339642,0.9266860194365075,True,False,hypo_siscowet
NW_024059542.1:10821,NW_024059542.1,10821,63.69255,42.171275,-21.521274999999996,4,4,16.0,0.02857142857142857,0.9266860194365075,True,False,hypo_siscowet
NW_024059542.1:11101,NW_024059542.1,11101,59.772525,33.540825,-26.231700000000004,4,4,16.0,0.02857142857142857,0.9266860194365075,True,False,hypo_siscowet
NW_024059542.1:11138,NW_024059542.1,11138,62.552775,39.567949999999996,-22.984825,4,4,16.0,0.02857142857142857,0.9266860194365075,True,False,hypo_siscowet
NW_024059542.1:11667,NW_024059542.1,11667,70.51115,39.223124999999996,-31.288025000000005,4,4,16.0,0.02857142857142857,0.9266860194365075,True,False,hypo_siscowet
NW_024059542.1:11701,NW_024059542.1,11701,71.708325,37.06405,-34.644275,4,4,16.0,0.02857142857142857,0.9266860194365075,True,False,hypo_siscowet
NW_024059542.1:11738,NW_024059542.1,11738,74.160075,39.739200000000004,-34.420875,4,4,16.0,0.02857142857142857,0.9266860194365075,True,False,hypo_siscowet
NW_024059542.1:11780,NW_024059542.1,11780,69.736525,39.931275,-29.80525,4,4,16.0,0.02857142857142857,0.9266860194365075,True,False,hypo_siscowet
NW_024059542.1:29686,NW_024059542.1,29686,77.28014999999999,55.255025,-22.02512499999999,4,4,16.0,0.02857142857142857,0.9266860194365075,True,False,hypo_siscowet
NW_024059542.1:7724,NW_024059542.1,7724,78.375975,62.187225,-16.18875,4,4,16.0,0.02857142857142857,0.9266860194365075,True,False,hypo_siscowet
NW_024059542.1:7848,NW_024059542.1,7848,63.0989,41.374975000000006,-21.723924999999994,4,4,16.0,0.02857142857142857,0.9266860194365075,True,False,hypo_siscowet
NW_024059542.1:8361,NW_024059542.1,8361,61.842,38.251275,-23.590725,4,4,16.0,0.02857142857142857,0.9266860194365075,True,False,hypo_siscowet
NW_024059542.1:8440,NW_024059542.1,8440,53.4975,24.54195,-28.955550000000002,4,4,16.0,0.02857142857142857,0.9266860194365075,True,False,hypo_siscowet
NW_024059542.1:8477,NW_024059542.1,8477,45.862875,20.579475000000002,-25.2834,4,4,16.0,0.02857142857142857,0.9266860194365075,True,False,hypo_siscowet
NW_024059542.1:8519,NW_024059542.1,8519,37.224225,15.586275,-21.637949999999996,4,4,16.0,0.02857142857142857,0.9266860194365075,True,False,hypo_siscowet
NW_024059542.1:8560,NW_024059542.1,8560,42.73475,20.119975,-22.614774999999998,4,4,16.0,0.02857142857142857,0.9266860194365075,True,False,hypo_siscowet
NW_024059542.1:8621,NW_024059542.1,8621,38.361450000000005,18.713775,-19.647675000000007,4,4,16.0,0.02857142857142857,0.9266860194365075,True,False,hypo_siscowet
NW_024059542.1:8667,NW_024059542.1,8667,44.88765,26.425775,-18.461875,4,4,16.0,0.02857142857142857,0.9266860194365075,True,False,hypo_siscowet
NW_024059542.1:8701,NW_024059542.1,8701,46.605175,29.153425000000002,-17.45175,4,4,16.0,0.02857142857142857,0.9266860194365075,True,False,hypo_siscowet
NW_024059542.1:8980,NW_024059542.1,8980,57.131825,37.90855,-19.223275,4,4,16.0,0.02857142857142857,0.9266860194365075,True,False,hypo_siscowet
NW_024059542.1:9033,NW_024059542.1,9033,63.444625,38.951724999999996,-24.492900000000006,4,4,16.0,0.02857142857142857,0.9266860194365075,True,False,hypo_siscowet
NW_024059542.1:9067,NW_024059542.1,9067,61.557775,37.575050000000005,-23.982724999999995,4,4,16.0,0.02857142857142857,0.9266860194365075,True,False,hypo_siscowet
NW_024059542.1:9101,NW_024059542.1,9101,61.004975,35.50695,-25.498025,4,4,16.0,0.02857142857142857,0.9266860194365075,True,False,hypo_siscowet
NW_024059542.1:9138,NW_024059542.1,9138,58.75855,34.384025,-24.374525,4,4,16.0,0.02857142857142857,0.9266860194365075,True,False,hypo_siscowet
NW_024059542.1:9180,NW_024059542.1,9180,57.0795,28.099525,-28.979975000000003,4,4,16.0,0.02857142857142857,0.9266860194365075,True,False,hypo_siscowet
NW_024059542.1:9221,NW_024059542.1,9221,54.400575,31.194375,-23.206200000000003,4,4,16.0,0.02857142857142857,0.9266860194365075,True,False,hypo_siscowet
NW_024059542.1:9233,NW_024059542.1,9233,63.82365,33.77355,-30.0501,4,4,16.0,0.02857142857142857,0.9266860194365075,True,False,hypo_siscowet
NW_024059542.1:9267,NW_024059542.1,9267,60.288225000000004,32.08125,-28.206975000000007,4,4,16.0,0.02857142857142857,0.9266860194365075,True,False,hypo_siscowet
NW_024059542.1:9301,NW_024059542.1,9301,60.4083,31.81555,-28.592749999999995,4,4,16.0,0.02857142857142857,0.9266860194365075,True,False,hypo_siscowet
NW_024059542.1:9338,NW_024059542.1,9338,60.33432500000001,32.374375,-27.959950000000006,4,4,16.0,0.02857142857142857,0.9266860194365075,True,False,hypo_siscowet
NW_024059542.1:9380,NW_024059542.1,9380,52.96815,29.50795,-23.4602,4,4,16.0,0.02857142857142857,0.9266860194365075,True,False,hypo_siscowet
NW_024059542.1:9421,NW_024059542.1,9421,50.356225,30.042775,-20.313450000000003,4,4,16.0,0.02857142857142857,0.9266860194365075,True,False,hypo_siscowet
NW_024059542.1:9433,NW_024059542.1,9433,58.309650000000005,35.5127,-22.796950000000002,4,4,16.0,0.02857142857142857,0.9266860194365075,True,False,hypo_siscowet
NW_024059542.1:9467,NW_024059542.1,9467,52.03175,30.828425,-21.203325000000003,4,4,16.0,0.02857142857142857,0.9266860194365075,True,False,hypo_siscowet
NW_024059542.1:9501,NW_024059542.1,9501,52.242325,31.849675,-20.39265,4,4,16.0,0.02857142857142857,0.9266860194365075,True,False,hypo_siscowet
NW_024059542.1:9538,NW_024059542.1,9538,54.517624999999995,30.59765,-23.919974999999994,4,4,16.0,0.02857142857142857,0.9266860194365075,True,False,hypo_siscowet
NW_024059542.1:9611,NW_024059542.1,9611,42.34545,17.949325,-24.396124999999998,4,4,16.0,0.02857142857142857,0.9266860194365075,True,False,hypo_siscowet
NW_024059542.1:9701,NW_024059542.1,9701,53.9379,26.046775,-27.891125,4,4,15.5,0.042066412206780826,0.9266860194365075,True,False,hypo_siscowet
NW_024059542.1:9780,NW_024059542.1,9780,64.887875,33.26115,-31.626724999999993,4,4,16.0,0.029401048190339642,0.9266860194365075,True,False,hypo_siscowet
NW_024059544.1:26640,NW_024059544.1,26640,15.173974999999999,45.722225,30.548250000000003,4,4,0.0,0.029401048190339642,0.9266860194365075,True,False,hyper_siscowet
NW_024059544.1:30215,NW_024059544.1,30215,22.222233333333335,5.84615,-16.376083333333334,3,4,12.0,0.04974599072150299,0.9266860194365075,True,False,hypo_siscowet
NW_024059563.1:138280,NW_024059563.1,138280,54.130125,30.269624999999998,-23.860500000000002,4,4,16.0,0.02857142857142857,0.9266860194365075,True,False,hypo_siscowet
NW_024059563.1:138285,NW_024059563.1,138285,45.847925000000004,24.765125,-21.082800000000002,4,4,16.0,0.02857142857142857,0.9266860194365075,True,False,hypo_siscowet
NW_024059563.1:162274,NW_024059563.1,162274,56.89790000000001,26.515150000000002,-30.382750000000005,4,4,16.0,0.02857142857142857,0.9266860194365075,True,False,hypo_siscowet
NW_024059563.1:218634,NW_024059563.1,218634,72.94263333333333,94.10415,21.16151666666667,3,4,0.0,0.04974599072150299,0.9266860194365075,True,False,hyper_siscowet
NW_024059563.1:219942,NW_024059563.1,219942,91.91129999999998,75.9478,-15.963499999999982,4,4,16.0,0.02857142857142857,0.9266860194365075,True,False,hypo_siscowet
NW_024059563.1:220002,NW_024059563.1,220002,90.31655,69.90327500000001,-20.413275,4,4,16.0,0.02857142857142857,0.9266860194365075,True,False,hypo_siscowet
NW_024059563.1:467288,NW_024059563.1,467288,69.1491,47.950066666666665,-21.19903333333334,4,3,12.0,0.04974599072150299,0.9266860194365075,True,False,hypo_siscowet
NW_024059565.1:11734,NW_024059565.1,11734,99.1228,82.50914999999999,-16.613650000000007,3,4,12.0,0.04974599072150299,0.9266860194365075,True,False,hypo_siscowet
NW_024059568.1:10031,NW_024059568.1,10031,51.310900000000004,29.516925,-21.793975000000003,4,4,16.0,0.02857142857142857,0.9266860194365075,True,False,hypo_siscowet
NW_024059568.1:10065,NW_024059568.1,10065,47.9741,25.8325,-22.1416,4,4,16.0,0.02857142857142857,0.9266860194365075,True,False,hypo_siscowet
NW_024059568.1:10099,NW_024059568.1,10099,60.063175,26.0218,-34.041375,4,4,16.0,0.02857142857142857,0.9266860194365075,True,False,hypo_siscowet
NW_024059568.1:10111,NW_024059568.1,10111,48.772625,26.291425000000004,-22.481199999999994,4,4,16.0,0.02857142857142857,0.9266860194365075,True,False,hypo_siscowet
NW_024059568.1:10152,NW_024059568.1,10152,46.691874999999996,22.1175,-24.574374999999996,4,4,16.0,0.02857142857142857,0.9266860194365075,True,False,hypo_siscowet
NW_024059568.1:10194,NW_024059568.1,10194,50.29882500000001,29.995325,-20.303500000000007,4,4,16.0,0.02857142857142857,0.9266860194365075,True,False,hypo_siscowet
NW_024059568.1:10231,NW_024059568.1,10231,59.0112,31.889425000000003,-27.121775,4,4,16.0,0.02857142857142857,0.9266860194365075,True,False,hypo_siscowet
NW_024059568.1:10265,NW_024059568.1,10265,54.96025,33.850449999999995,-21.109800000000007,4,4,16.0,0.02857142857142857,0.9266860194365075,True,False,hypo_siscowet
NW_024059568.1:10311,NW_024059568.1,10311,58.12715,33.730075,-24.397075,4,4,16.0,0.02857142857142857,0.9266860194365075,True,False,hypo_siscowet
NW_024059568.1:10352,NW_024059568.1,10352,54.4349,29.445025,-24.989874999999998,4,4,16.0,0.02857142857142857,0.9266860194365075,True,False,hypo_siscowet
NW_024059568.1:10394,NW_024059568.1,10394,54.45895,27.9979,-26.46105,4,4,16.0,0.02857142857142857,0.9266860194365075,True,False,hypo_siscowet
NW_024059568.1:10431,NW_024059568.1,10431,50.01815,23.360500000000002,-26.657649999999997,4,4,16.0,0.02857142857142857,0.9266860194365075,True,False,hypo_siscowet
NW_024059568.1:10465,NW_024059568.1,10465,49.81625,23.410899999999998,-26.40535,4,4,16.0,0.02857142857142857,0.9266860194365075,True,False,hypo_siscowet
NW_024059568.1:10511,NW_024059568.1,10511,50.83775,23.484025,-27.353725,4,4,16.0,0.02857142857142857,0.9266860194365075,True,False,hypo_siscowet
NW_024059568.1:10542,NW_024059568.1,10542,43.390225,21.6113,-21.778925,4,4,16.0,0.02857142857142857,0.9266860194365075,True,False,hypo_siscowet
NW_024059568.1:10552,NW_024059568.1,10552,48.62712500000001,19.886074999999998,-28.74105000000001,4,4,16.0,0.02857142857142857,0.9266860194365075,True,False,hypo_siscowet
NW_024059568.1:10594,NW_024059568.1,10594,55.280975,28.6212,-26.659774999999996,4,4,16.0,0.02857142857142857,0.9266860194365075,True,False,hypo_siscowet
NW_024059568.1:10631,NW_024059568.1,10631,56.915575000000004,35.119275,-21.796300000000002,4,4,16.0,0.02857142857142857,0.9266860194365075,True,False,hypo_siscowet
NW_024059568.1:10665,NW_024059568.1,10665,56.501549999999995,36.386725,-20.114824999999996,4,4,16.0,0.02857142857142857,0.9266860194365075,True,False,hypo_siscowet
NW_024059568.1:10699,NW_024059568.1,10699,62.521074999999996,35.525549999999996,-26.995525,4,4,16.0,0.02857142857142857,0.9266860194365075,True,False,hypo_siscowet
NW_024059568.1:10711,NW_024059568.1,10711,57.784325,34.397875,-23.386450000000004,4,4,16.0,0.02857142857142857,0.9266860194365075,True,False,hypo_siscowet
NW_024059568.1:10752,NW_024059568.1,10752,53.28975,32.049625,-21.240125,4,4,16.0,0.02857142857142857,0.9266860194365075,True,False,hypo_siscowet
NW_024059568.1:10794,NW_024059568.1,10794,52.93742499999999,25.696649999999998,-27.240774999999992,4,4,16.0,0.02857142857142857,0.9266860194365075,True,False,hypo_siscowet
NW_024059568.1:10831,NW_024059568.1,10831,46.45245,19.1949,-27.25755,4,4,16.0,0.02857142857142857,0.9266860194365075,True,False,hypo_siscowet
NW_024059568.1:10911,NW_024059568.1,10911,45.651875,17.047575,-28.6043,4,4,16.0,0.02857142857142857,0.9266860194365075,True,False,hypo_siscowet
NW_024059568.1:10921,NW_024059568.1,10921,33.577325,16.968875,-16.60845,4,4,16.0,0.02857142857142857,0.9266860194365075,True,False,hypo_siscowet
NW_024059568.1:10994,NW_024059568.1,10994,53.9169,26.882599999999996,-27.0343,4,4,16.0,0.02857142857142857,0.9266860194365075,True,False,hypo_siscowet
NW_024059568.1:11031,NW_024059568.1,11031,61.235825000000006,33.586975,-27.648850000000003,4,4,16.0,0.02857142857142857,0.9266860194365075,True,False,hypo_siscowet
NW_024059568.1:11065,NW_024059568.1,11065,57.454275,31.390125,-26.06415,4,4,16.0,0.02857142857142857,0.9266860194365075,True,False,hypo_siscowet
NW_024059568.1:11099,NW_024059568.1,11099,60.61605,31.190025,-29.426025000000003,4,4,16.0,0.02857142857142857,0.9266860194365075,True,False,hypo_siscowet
NW_024059568.1:11111,NW_024059568.1,11111,61.609925,31.3577,-30.252224999999996,4,4,16.0,0.02857142857142857,0.9266860194365075,True,False,hypo_siscowet
NW_024059568.1:11152,NW_024059568.1,11152,57.93854999999999,30.114874999999998,-27.823674999999994,4,4,16.0,0.02857142857142857,0.9266860194365075,True,False,hypo_siscowet
NW_024059568.1:11194,NW_024059568.1,11194,56.952525,25.56045,-31.392075000000002,4,4,16.0,0.02857142857142857,0.9266860194365075,True,False,hypo_siscowet
NW_024059568.1:11231,NW_024059568.1,11231,53.958475,18.592025,-35.36645,4,4,16.0,0.02857142857142857,0.9266860194365075,True,False,hypo_siscowet
NW_024059568.1:11265,NW_024059568.1,11265,50.1473,17.017775,-33.129525,4,4,16.0,0.02857142857142857,0.9266860194365075,True,False,hypo_siscowet
NW_024059568.1:11311,NW_024059568.1,11311,51.929875,17.602475,-34.327400000000004,4,4,16.0,0.02857142857142857,0.9266860194365075,True,False,hypo_siscowet
NW_024059568.1:11321,NW_024059568.1,11321,44.4442,15.68935,-28.754850000000005,4,4,16.0,0.02857142857142857,0.9266860194365075,True,False,hypo_siscowet
NW_024059568.1:11342,NW_024059568.1,11342,45.16105,16.932575,-28.228475000000003,4,4,16.0,0.02857142857142857,0.9266860194365075,True,False,hypo_siscowet
NW_024059568.1:11352,NW_024059568.1,11352,45.817724999999996,16.751575,-29.066149999999997,4,4,16.0,0.02857142857142857,0.9266860194365075,True,False,hypo_siscowet
NW_024059568.1:11394,NW_024059568.1,11394,55.489025,24.22335,-31.265674999999998,4,4,16.0,0.02857142857142857,0.9266860194365075,True,False,hypo_siscowet
NW_024059568.1:11431,NW_024059568.1,11431,58.44285,29.382324999999998,-29.060525000000002,4,4,16.0,0.02857142857142857,0.9266860194365075,True,False,hypo_siscowet
NW_024059568.1:11465,NW_024059568.1,11465,59.63415,28.679149999999996,-30.955000000000002,4,4,16.0,0.02857142857142857,0.9266860194365075,True,False,hypo_siscowet
NW_024059568.1:11499,NW_024059568.1,11499,62.705650000000006,30.789225000000002,-31.916425000000004,4,4,16.0,0.02857142857142857,0.9266860194365075,True,False,hypo_siscowet
NW_024059568.1:11511,NW_024059568.1,11511,59.10315,32.09195,-27.011200000000002,4,4,16.0,0.02857142857142857,0.9266860194365075,True,False,hypo_siscowet
NW_024059568.1:11552,NW_024059568.1,11552,55.758874999999996,30.429825,-25.329049999999995,4,4,16.0,0.02857142857142857,0.9266860194365075,True,False,hypo_siscowet
NW_024059568.1:11594,NW_024059568.1,11594,57.042675,24.334525,-32.70815,4,4,16.0,0.02857142857142857,0.9266860194365075,True,False,hypo_siscowet
NW_024059568.1:11631,NW_024059568.1,11631,53.508125,16.996025,-36.512100000000004,4,4,16.0,0.02857142857142857,0.9266860194365075,True,False,hypo_siscowet
NW_024059568.1:11665,NW_024059568.1,11665,49.649475,17.284724999999998,-32.36475,4,4,16.0,0.02857142857142857,0.9266860194365075,True,False,hypo_siscowet
NW_024059568.1:11711,NW_024059568.1,11711,49.673500000000004,17.945825,-31.727675000000005,4,4,16.0,0.02857142857142857,0.9266860194365075,True,False,hypo_siscowet
NW_024059568.1:11721,NW_024059568.1,11721,39.98115,14.840125,-25.141025,4,4,16.0,0.02857142857142857,0.9266860194365075,True,False,hypo_siscowet
NW_024059568.1:11742,NW_024059568.1,11742,44.4721,15.21895,-29.253149999999998,4,4,16.0,0.02857142857142857,0.9266860194365075,True,False,hypo_siscowet
NW_024059568.1:11752,NW_024059568.1,11752,51.4007,18.419425,-32.981275,4,4,16.0,0.02857142857142857,0.9266860194365075,True,False,hypo_siscowet
NW_024059568.1:11794,NW_024059568.1,11794,57.78935,26.3882,-31.401149999999998,4,4,16.0,0.02857142857142857,0.9266860194365075,True,False,hypo_siscowet
NW_024059568.1:11831,NW_024059568.1,11831,58.25722499999999,31.0101,-27.24712499999999,4,4,16.0,0.02857142857142857,0.9266860194365075,True,False,hypo_siscowet
NW_024059568.1:11899,NW_024059568.1,11899,61.0663,37.533274999999996,-23.533025000000002,4,4,16.0,0.02857142857142857,0.9266860194365075,True,False,hypo_siscowet
NW_024059568.1:12066,NW_024059568.1,12066,51.19465,31.976350000000004,-19.2183,4,4,16.0,0.02857142857142857,0.9266860194365075,True,False,hypo_siscowet
NW_024059568.1:12100,NW_024059568.1,12100,63.0552,30.40645,-32.64875,4,4,16.0,0.02857142857142857,0.9266860194365075,True,False,hypo_siscowet
NW_024059568.1:12195,NW_024059568.1,12195,50.155325,25.617175,-24.538149999999998,4,4,16.0,0.02857142857142857,0.9266860194365075,True,False,hypo_siscowet
NW_024059568.1:12232,NW_024059568.1,12232,48.798975,19.51295,-29.286025,4,4,16.0,0.02857142857142857,0.9266860194365075,True,False,hypo_siscowet
NW_024059568.1:12395,NW_024059568.1,12395,44.828025000000004,21.62845,-23.199575000000003,4,4,16.0,0.02857142857142857,0.9266860194365075,True,False,hypo_siscowet
NW_024059568.1:12573,NW_024059568.1,12573,42.780175,19.89215,-22.888025,4,4,16.0,0.02857142857142857,0.9266860194365075,True,False,hypo_siscowet
NW_024059568.1:12772,NW_024059568.1,12772,59.67274999999999,31.32485,-28.347899999999992,4,4,16.0,0.02857142857142857,0.9266860194365075,True,False,hypo_siscowet
NW_024059568.1:12958,NW_024059568.1,12958,59.0228,35.247,-23.775799999999997,4,4,16.0,0.02857142857142857,0.9266860194365075,True,False,hypo_siscowet
NW_024059568.1:12999,NW_024059568.1,12999,54.701025,30.936324999999997,-23.764700000000005,4,4,16.0,0.02857142857142857,0.9266860194365075,True,False,hypo_siscowet
NW_024059568.1:13041,NW_024059568.1,13041,44.30375,25.85135,-18.4524,4,4,16.0,0.02857142857142857,0.9266860194365075,True,False,hypo_siscowet
NW_024059568.1:13114,NW_024059568.1,13114,37.1237,17.7926,-19.3311,4,4,16.0,0.02857142857142857,0.9266860194365075,True,False,hypo_siscowet
NW_024059568.1:13160,NW_024059568.1,13160,32.54285,15.233825,-17.309025000000002,4,4,16.0,0.02857142857142857,0.9266860194365075,True,False,hypo_siscowet
NW_024059568.1:13409,NW_024059568.1,13409,81.118325,56.80242500000001,-24.315899999999992,4,4,16.0,0.02857142857142857,0.9266860194365075,True,False,hypo_siscowet
NW_024059568.1:13430,NW_024059568.1,13430,83.32577500000001,57.443524999999994,-25.882250000000013,4,4,16.0,0.02857142857142857,0.9266860194365075,True,False,hypo_siscowet
NW_024059568.1:13486,NW_024059568.1,13486,86.0628,68.907225,-17.155575,4,4,16.0,0.02857142857142857,0.9266860194365075,True,False,hypo_siscowet
NW_024059568.1:6979,NW_024059568.1,6979,70.76724999999999,54.6006,-16.16664999999999,4,4,16.0,0.02857142857142857,0.9266860194365075,True,False,hypo_siscowet
NW_024059568.1:6981,NW_024059568.1,6981,72.685375,53.06155,-19.623824999999997,4,4,16.0,0.02857142857142857,0.9266860194365075,True,False,hypo_siscowet
NW_024059568.1:6984,NW_024059568.1,6984,70.74090000000001,51.017475000000005,-19.723425000000006,4,4,16.0,0.02857142857142857,0.9266860194365075,True,False,hypo_siscowet
NW_024059568.1:7022,NW_024059568.1,7022,62.909525,35.67485,-27.234675000000003,4,4,16.0,0.02857142857142857,0.9266860194365075,True,False,hypo_siscowet
NW_024059568.1:7025,NW_024059568.1,7025,45.7328,20.8703,-24.862499999999997,4,4,16.0,0.02857142857142857,0.9266860194365075,True,False,hypo_siscowet
NW_024059568.1:7034,NW_024059568.1,7034,43.90805,18.35335,-25.554700000000004,4,4,16.0,0.02857142857142857,0.9266860194365075,True,False,hypo_siscowet
NW_024059568.1:7042,NW_024059568.1,7042,28.886725,8.9993575,-19.887367499999996,4,4,16.0,0.02857142857142857,0.9266860194365075,True,False,hypo_siscowet
NW_024059568.1:7052,NW_024059568.1,7052,33.6909,12.3199925,-21.3709075,4,4,16.0,0.02857142857142857,0.9266860194365075,True,False,hypo_siscowet
NW_024059568.1:7977,NW_024059568.1,7977,65.30615,45.084075,-20.222075000000004,4,4,16.0,0.02857142857142857,0.9266860194365075,True,False,hypo_siscowet
NW_024059568.1:8019,NW_024059568.1,8019,63.32255,43.753975,-19.568575000000003,4,4,16.0,0.02857142857142857,0.9266860194365075,True,False,hypo_siscowet
NW_024059568.1:8075,NW_024059568.1,8075,62.027649999999994,40.5244,-21.503249999999994,4,4,16.0,0.02857142857142857,0.9266860194365075,True,False,hypo_siscowet
NW_024059568.1:8122,NW_024059568.1,8122,52.705349999999996,35.072125,-17.633224999999996,4,4,16.0,0.02857142857142857,0.9266860194365075,True,False,hypo_siscowet
NW_024059568.1:8163,NW_024059568.1,8163,48.000175,31.504875,-16.4953,4,4,16.0,0.02857142857142857,0.9266860194365075,True,False,hypo_siscowet
NW_024059568.1:8205,NW_024059568.1,8205,40.83687499999999,25.708075,-15.128799999999991,4,4,16.0,0.02857142857142857,0.9266860194365075,True,False,hypo_siscowet
NW_024059568.1:8552,NW_024059568.1,8552,52.57195,34.3539,-18.218049999999998,4,4,16.0,0.02857142857142857,0.9266860194365075,True,False,hypo_siscowet
NW_024059568.1:8573,NW_024059568.1,8573,52.26025,33.418775000000004,-18.841474999999996,4,4,16.0,0.02857142857142857,0.9266860194365075,True,False,hypo_siscowet
NW_024059568.1:8752,NW_024059568.1,8752,56.910349999999994,39.60085,-17.309499999999993,4,4,16.0,0.02857142857142857,0.9266860194365075,True,False,hypo_siscowet
NW_024059568.1:8794,NW_024059568.1,8794,59.35007499999999,37.913925,-21.43614999999999,4,4,16.0,0.02857142857142857,0.9266860194365075,True,False,hypo_siscowet
NW_024059568.1:8994,NW_024059568.1,8994,58.0989,34.695724999999996,-23.403175000000005,4,4,16.0,0.02857142857142857,0.9266860194365075,True,False,hypo_siscowet
NW_024059568.1:9065,NW_024059568.1,9065,50.006924999999995,23.883,-26.123924999999996,4,4,16.0,0.02857142857142857,0.9266860194365075,True,False,hypo_siscowet
NW_024059568.1:9099,NW_024059568.1,9099,49.781925,25.710475,-24.071450000000002,4,4,16.0,0.02857142857142857,0.9266860194365075,True,False,hypo_siscowet
NW_024059568.1:9111,NW_024059568.1,9111,47.08685,22.951349999999998,-24.1355,4,4,16.0,0.02857142857142857,0.9266860194365075,True,False,hypo_siscowet
NW_024059568.1:9142,NW_024059568.1,9142,39.015875,22.480825000000003,-16.53505,4,4,16.0,0.02857142857142857,0.9266860194365075,True,False,hypo_siscowet
NW_024059568.1:9152,NW_024059568.1,9152,46.711425,22.425050000000002,-24.286374999999996,4,4,16.0,0.02857142857142857,0.9266860194365075,True,False,hypo_siscowet
NW_024059568.1:9194,NW_024059568.1,9194,50.429125,26.790799999999997,-23.638325000000002,4,4,16.0,0.02857142857142857,0.9266860194365075,True,False,hypo_siscowet
NW_024059568.1:9231,NW_024059568.1,9231,48.957775,28.997925000000002,-19.959849999999996,4,4,16.0,0.02857142857142857,0.9266860194365075,True,False,hypo_siscowet
NW_024059568.1:9265,NW_024059568.1,9265,44.877050000000004,27.08905,-17.788000000000004,4,4,16.0,0.02857142857142857,0.9266860194365075,True,False,hypo_siscowet
NW_024059568.1:9311,NW_024059568.1,9311,46.170825,24.613,-21.557825,4,4,16.0,0.02857142857142857,0.9266860194365075,True,False,hypo_siscowet
NW_024059568.1:9321,NW_024059568.1,9321,41.784425,23.130024999999996,-18.654400000000003,4,4,16.0,0.02857142857142857,0.9266860194365075,True,False,hypo_siscowet
NW_024059568.1:9342,NW_024059568.1,9342,43.58605,13.1801225,-30.4059275,4,4,16.0,0.02857142857142857,0.9266860194365075,True,False,hypo_siscowet
NW_024059568.1:9352,NW_024059568.1,9352,43.647025,23.86555,-19.781475,4,4,16.0,0.02857142857142857,0.9266860194365075,True,False,hypo_siscowet
NW_024059568.1:9394,NW_024059568.1,9394,47.4872,28.2472,-19.240000000000002,4,4,16.0,0.02857142857142857,0.9266860194365075,True,False,hypo_siscowet
NW_024059568.1:9431,NW_024059568.1,9431,54.824025000000006,30.511625000000002,-24.312400000000004,4,4,16.0,0.02857142857142857,0.9266860194365075,True,False,hypo_siscowet
NW_024059568.1:9465,NW_024059568.1,9465,54.2645,31.722725,-22.541774999999998,4,4,16.0,0.02857142857142857,0.9266860194365075,True,False,hypo_siscowet
NW_024059568.1:9511,NW_024059568.1,9511,53.19675,32.762075,-20.434675,4,4,16.0,0.02857142857142857,0.9266860194365075,True,False,hypo_siscowet
NW_024059568.1:9521,NW_024059568.1,9521,40.642375,16.108874999999998,-24.533500000000004,4,4,16.0,0.02857142857142857,0.9266860194365075,True,False,hypo_siscowet
NW_024059568.1:9542,NW_024059568.1,9542,43.494075,17.48225,-26.011825,4,4,16.0,0.02857142857142857,0.9266860194365075,True,False,hypo_siscowet
NW_024059568.1:9594,NW_024059568.1,9594,54.594825,34.525025,-20.0698,4,4,16.0,0.02857142857142857,0.9266860194365075,True,False,hypo_siscowet
NW_024059568.1:9631,NW_024059568.1,9631,54.500425,31.5425,-22.957925,4,4,16.0,0.02857142857142857,0.9266860194365075,True,False,hypo_siscowet
NW_024059568.1:9665,NW_024059568.1,9665,52.93625,29.822400000000002,-23.11385,4,4,16.0,0.02857142857142857,0.9266860194365075,True,False,hypo_siscowet
NW_024059568.1:9699,NW_024059568.1,9699,57.6802,30.891599999999997,-26.788600000000002,4,4,16.0,0.02857142857142857,0.9266860194365075,True,False,hypo_siscowet
NW_024059568.1:9711,NW_024059568.1,9711,53.396975,31.019799999999996,-22.377175,4,4,16.0,0.02857142857142857,0.9266860194365075,True,False,hypo_siscowet
NW_024059568.1:9721,NW_024059568.1,9721,45.393625,26.93815,-18.455475,4,4,16.0,0.02857142857142857,0.9266860194365075,True,False,hypo_siscowet
NW_024059568.1:9742,NW_024059568.1,9742,41.7792,19.3097,-22.469500000000004,4,4,16.0,0.02857142857142857,0.9266860194365075,True,False,hypo_siscowet
NW_024059568.1:9752,NW_024059568.1,9752,51.45505,25.6565,-25.79855,4,4,16.0,0.02857142857142857,0.9266860194365075,True,False,hypo_siscowet
NW_024059568.1:9794,NW_024059568.1,9794,56.291599999999995,27.780875,-28.510724999999994,4,4,16.0,0.02857142857142857,0.9266860194365075,True,False,hypo_siscowet
NW_024059568.1:9831,NW_024059568.1,9831,56.958974999999995,31.392,-25.566974999999996,4,4,16.0,0.02857142857142857,0.9266860194365075,True,False,hypo_siscowet
NW_024059568.1:9899,NW_024059568.1,9899,57.31025,35.724875,-21.585375000000006,4,4,16.0,0.02857142857142857,0.9266860194365075,True,False,hypo_siscowet
NW_024059568.1:9911,NW_024059568.1,9911,57.923175,35.062975,-22.8602,4,4,16.0,0.02857142857142857,0.9266860194365075,True,False,hypo_siscowet
NW_024059568.1:9952,NW_024059568.1,9952,53.350274999999996,33.804100000000005,-19.54617499999999,4,4,16.0,0.02857142857142857,0.9266860194365075,True,False,hypo_siscowet
NW_024059570.1:4199,NW_024059570.1,4199,75.241675,38.09523333333333,-37.14644166666667,4,3,12.0,0.04974599072150299,0.9266860194365075,True,False,hypo_siscowet
NW_024059570.1:4240,NW_024059570.1,4240,43.7217,21.3182,-22.403499999999998,4,3,12.0,0.04974599072150299,0.9266860194365075,True,False,hypo_siscowet
NW_024059570.1:4330,NW_024059570.1,4330,21.0595025,1.9323666666666668,-19.127135833333334,4,3,12.0,0.04974599072150299,0.9266860194365075,True,False,hypo_siscowet
NW_024059570.1:4599,NW_024059570.1,4599,65.030975,28.921566666666667,-36.109408333333334,4,3,12.0,0.04974599072150299,0.9266860194365075,True,False,hypo_siscowet
NW_024059570.1:7878,NW_024059570.1,7878,38.107549999999996,20.213725,-17.893824999999996,4,4,16.0,0.02857142857142857,0.9266860194365075,True,False,hypo_siscowet
NW_024059570.1:8026,NW_024059570.1,8026,33.17925,14.7087,-18.470550000000003,4,4,16.0,0.02857142857142857,0.9266860194365075,True,False,hypo_siscowet
NW_024059573.1:12062,NW_024059573.1,12062,77.594025,56.694175,-20.89985,4,4,16.0,0.02857142857142857,0.9266860194365075,True,False,hypo_siscowet
NW_024059593.1:4822,NW_024059593.1,4822,2.7777766666666666,19.4128775,16.635100833333333,3,4,0.0,0.04974599072150299,0.9266860194365075,True,False,hyper_siscowet
NW_024059628.1:6936,NW_024059628.1,6936,97.33333333333333,80.67099999999999,-16.662333333333336,3,4,12.0,0.04974599072150299,0.9266860194365075,True,False,hypo_siscowet
NW_024059636.1:12137,NW_024059636.1,12137,89.7268,71.19425,-18.53255,4,4,16.0,0.02857142857142857,0.9266860194365075,True,False,hypo_siscowet
NW_024059636.1:12140,NW_024059636.1,12140,86.58709999999999,63.9571,-22.629999999999995,4,4,16.0,0.02857142857142857,0.9266860194365075,True,False,hypo_siscowet
NW_024059636.1:12145,NW_024059636.1,12145,69.67175,49.26855,-20.403200000000005,4,4,16.0,0.02857142857142857,0.9266860194365075,True,False,hypo_siscowet
NW_024059636.1:12150,NW_024059636.1,12150,60.783075,42.740725,-18.04235,4,4,16.0,0.02857142857142857,0.9266860194365075,True,False,hypo_siscowet
NW_024059636.1:12159,NW_024059636.1,12159,57.25125,39.594725,-17.656525000000002,4,4,16.0,0.02857142857142857,0.9266860194365075,True,False,hypo_siscowet
NW_024059636.1:12197,NW_024059636.1,12197,66.840875,50.057275000000004,-16.783599999999993,4,4,16.0,0.02857142857142857,0.9266860194365075,True,False,hypo_siscowet
NW_024059636.1:12381,NW_024059636.1,12381,91.516075,74.81465,-16.701425,4,4,16.0,0.02857142857142857,0.9266860194365075,True,False,hypo_siscowet
NW_024059636.1:12407,NW_024059636.1,12407,90.90214999999999,72.51797499999999,-18.384175,4,4,16.0,0.02857142857142857,0.9266860194365075,True,False,hypo_siscowet
NW_024059636.1:12472,NW_024059636.1,12472,93.71735000000001,73.92847499999999,-19.78887500000002,4,4,16.0,0.02857142857142857,0.9266860194365075,True,False,hypo_siscowet
NW_024059636.1:12485,NW_024059636.1,12485,91.97072499999999,69.135425,-22.83529999999999,4,4,16.0,0.02857142857142857,0.9266860194365075,True,False,hypo_siscowet
NW_024059636.1:12531,NW_024059636.1,12531,93.7766,74.23905,-19.537549999999996,4,4,16.0,0.02857142857142857,0.9266860194365075,True,False,hypo_siscowet
NW_024059636.1:12535,NW_024059636.1,12535,94.33510000000001,71.956075,-22.379025000000013,4,4,16.0,0.02857142857142857,0.9266860194365075,True,False,hypo_siscowet
NW_024059636.1:12538,NW_024059636.1,12538,95.0188,73.35130000000001,-21.66749999999999,4,4,16.0,0.02857142857142857,0.9266860194365075,True,False,hypo_siscowet
NW_024059636.1:12564,NW_024059636.1,12564,96.41697500000001,77.837425,-18.579550000000012,4,4,16.0,0.02857142857142857,0.9266860194365075,True,False,hypo_siscowet
NW_024059636.1:12568,NW_024059636.1,12568,94.321675,70.088375,-24.2333,4,4,16.0,0.02857142857142857,0.9266860194365075,True,False,hypo_siscowet
NW_024059636.1:12571,NW_024059636.1,12571,90.9426,68.24695,-22.69565,4,4,16.0,0.02857142857142857,0.9266860194365075,True,False,hypo_siscowet
NW_024059636.1:12597,NW_024059636.1,12597,92.73635,73.44177499999999,-19.29457500000001,4,4,16.0,0.02857142857142857,0.9266860194365075,True,False,hypo_siscowet
NW_024059636.1:12601,NW_024059636.1,12601,91.73505,66.87877499999999,-24.85627500000001,4,4,16.0,0.02857142857142857,0.9266860194365075,True,False,hypo_siscowet
NW_024059636.1:12604,NW_024059636.1,12604,91.45847499999999,68.01389999999999,-23.444575,4,4,16.0,0.02857142857142857,0.9266860194365075,True,False,hypo_siscowet
NW_024059636.1:12630,NW_024059636.1,12630,92.62209999999999,73.04752500000001,-19.57457499999998,4,4,16.0,0.02857142857142857,0.9266860194365075,True,False,hypo_siscowet
NW_024059636.1:12634,NW_024059636.1,12634,91.21315,68.2118,-23.001350000000002,4,4,16.0,0.02857142857142857,0.9266860194365075,True,False,hypo_siscowet
NW_024059636.1:12637,NW_024059636.1,12637,91.840525,70.23464999999999,-21.60587500000001,4,4,16.0,0.02857142857142857,0.9266860194365075,True,False,hypo_siscowet
NW_024059636.1:12663,NW_024059636.1,12663,92.061675,67.454475,-24.60719999999999,4,4,16.0,0.02857142857142857,0.9266860194365075,True,False,hypo_siscowet
NW_024059636.1:12670,NW_024059636.1,12670,91.74732499999999,65.86240000000001,-25.88492499999998,4,4,16.0,0.02857142857142857,0.9266860194365075,True,False,hypo_siscowet
NW_024059636.1:12695,NW_024059636.1,12695,95.646625,73.114675,-22.531949999999995,4,4,16.0,0.02857142857142857,0.9266860194365075,True,False,hypo_siscowet
NW_024059636.1:12699,NW_024059636.1,12699,95.3594,74.917775,-20.441624999999988,4,4,16.0,0.02857142857142857,0.9266860194365075,True,False,hypo_siscowet
NW_024059636.1:12702,NW_024059636.1,12702,95.29962499999999,70.296,-25.003624999999985,4,4,16.0,0.02857142857142857,0.9266860194365075,True,False,hypo_siscowet
NW_024059636.1:12733,NW_024059636.1,12733,95.541875,71.25555,-24.286325000000005,4,4,16.0,0.02857142857142857,0.9266860194365075,True,False,hypo_siscowet
NW_024059636.1:12755,NW_024059636.1,12755,95.17089999999999,77.29854999999999,-17.872349999999997,4,4,16.0,0.02857142857142857,0.9266860194365075,True,False,hypo_siscowet
NW_024059636.1:12761,NW_024059636.1,12761,95.99685000000001,79.377675,-16.619175000000013,4,4,16.0,0.02857142857142857,0.9266860194365075,True,False,hypo_siscowet
NW_024059636.1:12779,NW_024059636.1,12779,85.99725000000001,67.79795000000001,-18.199299999999994,4,4,16.0,0.02857142857142857,0.9266860194365075,True,False,hypo_siscowet
NW_024059636.1:12802,NW_024059636.1,12802,79.777275,58.59685,-21.180425,4,4,16.0,0.02857142857142857,0.9266860194365075,True,False,hypo_siscowet
NW_024059636.1:12805,NW_024059636.1,12805,76.552675,51.58115000000001,-24.971524999999986,4,4,16.0,0.02857142857142857,0.9266860194365075,True,False,hypo_siscowet
NW_024059636.1:12856,NW_024059636.1,12856,72.05885,43.460300000000004,-28.598550000000003,4,4,16.0,0.02857142857142857,0.9266860194365075,True,False,hypo_siscowet
NW_024059636.1:12858,NW_024059636.1,12858,71.67235,43.114825,-28.55752499999999,4,4,16.0,0.02857142857142857,0.9266860194365075,True,False,hypo_siscowet
NW_024059636.1:12861,NW_024059636.1,12861,72.909725,41.9198,-30.989924999999992,4,4,16.0,0.02857142857142857,0.9266860194365075,True,False,hypo_siscowet
NW_024059636.1:12899,NW_024059636.1,12899,61.4799,30.586525,-30.893375,4,4,16.0,0.02857142857142857,0.9266860194365075,True,False,hypo_siscowet
NW_024059636.1:12902,NW_024059636.1,12902,47.3479,16.404075000000002,-30.943825,4,4,16.0,0.02857142857142857,0.9266860194365075,True,False,hypo_siscowet
NW_024059636.1:12911,NW_024059636.1,12911,45.500875,16.472925,-29.02795,4,4,16.0,0.02857142857142857,0.9266860194365075,True,False,hypo_siscowet
NW_024059636.1:12919,NW_024059636.1,12919,28.967524999999995,9.921305,-19.046219999999995,4,4,16.0,0.02857142857142857,0.9266860194365075,True,False,hypo_siscowet
NW_024059636.1:12929,NW_024059636.1,12929,28.437325,11.2897125,-17.1476125,4,4,16.0,0.02857142857142857,0.9266860194365075,True,False,hypo_siscowet
NW_024059636.1:13220,NW_024059636.1,13220,38.424975,18.263299999999997,-20.161675000000006,4,4,16.0,0.02857142857142857,0.9266860194365075,True,False,hypo_siscowet
NW_024059636.1:13261,NW_024059636.1,13261,58.94,33.441275,-25.498725,4,4,16.0,0.02857142857142857,0.9266860194365075,True,False,hypo_siscowet
NW_024059636.1:13294,NW_024059636.1,13294,70.9262,40.93237500000001,-29.993824999999987,4,4,16.0,0.02857142857142857,0.9266860194365075,True,False,hypo_siscowet
NW_024059636.1:13305,NW_024059636.1,13305,77.5133,48.0276,-29.4857,4,4,16.0,0.02857142857142857,0.9266860194365075,True,False,hypo_siscowet
NW_024059636.1:13330,NW_024059636.1,13330,81.3647,50.512,-30.8527,4,4,16.0,0.02857142857142857,0.9266860194365075,True,False,hypo_siscowet
NW_024059636.1:13439,NW_024059636.1,13439,67.83709999999999,35.032624999999996,-32.804475,4,4,16.0,0.02857142857142857,0.9266860194365075,True,False,hypo_siscowet
NW_024059636.1:13460,NW_024059636.1,13460,57.331025,30.585475000000002,-26.745549999999994,4,4,16.0,0.02857142857142857,0.9266860194365075,True,False,hypo_siscowet
NW_024059636.1:13614,NW_024059636.1,13614,29.368000000000002,11.859925,-17.508075,4,4,16.0,0.02857142857142857,0.9266860194365075,True,False,hypo_siscowet
NW_024059636.1:13655,NW_024059636.1,13655,32.619775000000004,13.3432,-19.276575000000005,4,4,16.0,0.02857142857142857,0.9266860194365075,True,False,hypo_siscowet
NW_024059636.1:13697,NW_024059636.1,13697,33.935125,12.901945,-21.03318,4,4,16.0,0.02857142857142857,0.9266860194365075,True,False,hypo_siscowet
NW_024059636.1:13734,NW_024059636.1,13734,38.235025,15.47035,-22.764675,4,4,16.0,0.02857142857142857,0.9266860194365075,True,False,hypo_siscowet
NW_024059636.1:13768,NW_024059636.1,13768,38.302375,15.398225,-22.904149999999998,4,4,16.0,0.02857142857142857,0.9266860194365075,True,False,hypo_siscowet
NW_024059636.1:13813,NW_024059636.1,13813,50.81,22.535,-28.275000000000002,4,4,16.0,0.02857142857142857,0.9266860194365075,True,False,hypo_siscowet
NW_024059636.1:13854,NW_024059636.1,13854,59.465525,29.653850000000002,-29.811674999999997,4,4,16.0,0.02857142857142857,0.9266860194365075,True,False,hypo_siscowet
NW_024059636.1:13896,NW_024059636.1,13896,57.37135,29.567224999999997,-27.804125000000003,4,4,16.0,0.02857142857142857,0.9266860194365075,True,False,hypo_siscowet
NW_024059636.1:13952,NW_024059636.1,13952,51.700874999999996,27.41935,-24.281524999999995,4,4,16.0,0.02857142857142857,0.9266860194365075,True,False,hypo_siscowet
NW_024059636.1:13999,NW_024059636.1,13999,46.716375,24.633000000000003,-22.083374999999997,4,4,16.0,0.02857142857142857,0.9266860194365075,True,False,hypo_siscowet
NW_024059636.1:14040,NW_024059636.1,14040,40.951325,20.670575,-20.280749999999998,4,4,16.0,0.02857142857142857,0.9266860194365075,True,False,hypo_siscowet
NW_024059636.1:14082,NW_024059636.1,14082,34.449600000000004,17.742675,-16.706925000000005,4,4,16.0,0.02857142857142857,0.9266860194365075,True,False,hypo_siscowet
NW_024059636.1:14263,NW_024059636.1,14263,27.1164,12.1124175,-15.0039825,4,4,16.0,0.02857142857142857,0.9266860194365075,True,False,hypo_siscowet
NW_024059636.1:14284,NW_024059636.1,14284,31.95545,15.332799999999999,-16.62265,4,4,16.0,0.02857142857142857,0.9266860194365075,True,False,hypo_siscowet
NW_024059636.1:14388,NW_024059636.1,14388,43.156150000000004,20.662375,-22.493775000000003,4,4,16.0,0.02857142857142857,0.9266860194365075,True,False,hypo_siscowet
NW_024059636.1:14429,NW_024059636.1,14429,44.969825,21.986575000000002,-22.983249999999998,4,4,16.0,0.02857142857142857,0.9266860194365075,True,False,hypo_siscowet
NW_024059636.1:14450,NW_024059636.1,14450,43.912425,21.743625,-22.168799999999997,4,4,16.0,0.02857142857142857,0.9266860194365075,True,False,hypo_siscowet
NW_024059636.1:14508,NW_024059636.1,14508,54.858824999999996,32.60735,-22.251475,4,4,16.0,0.02857142857142857,0.9266860194365075,True,False,hypo_siscowet
NW_024059636.1:14743,NW_024059636.1,14743,53.17,34.3231,-18.846900000000005,4,4,16.0,0.02857142857142857,0.9266860194365075,True,False,hypo_siscowet
NW_024059636.1:14777,NW_024059636.1,14777,56.411575,33.412875,-22.9987,4,4,16.0,0.02857142857142857,0.9266860194365075,True,False,hypo_siscowet
NW_024059636.1:14789,NW_024059636.1,14789,60.262325000000004,31.499675,-28.762650000000004,4,4,16.0,0.02857142857142857,0.9266860194365075,True,False,hypo_siscowet
NW_024059636.1:14989,NW_024059636.1,14989,58.810950000000005,24.267125,-34.543825000000005,4,4,16.0,0.02857142857142857,0.9266860194365075,True,False,hypo_siscowet
NW_024059636.1:15030,NW_024059636.1,15030,57.398075000000006,22.030874999999998,-35.36720000000001,4,4,16.0,0.02857142857142857,0.9266860194365075,True,False,hypo_siscowet
NW_024059636.1:15072,NW_024059636.1,15072,62.087424999999996,21.09675,-40.990674999999996,4,4,16.0,0.02857142857142857,0.9266860194365075,True,False,hypo_siscowet
NW_024059636.1:15109,NW_024059636.1,15109,64.02535,22.158375,-41.866975000000004,4,4,16.0,0.02857142857142857,0.9266860194365075,True,False,hypo_siscowet
NW_024059636.1:15143,NW_024059636.1,15143,63.41545,21.94895,-41.466499999999996,4,4,16.0,0.02857142857142857,0.9266860194365075,True,False,hypo_siscowet
NW_024059636.1:15177,NW_024059636.1,15177,61.068075,32.904675000000005,-28.163399999999996,4,4,16.0,0.02857142857142857,0.9266860194365075,True,False,hypo_siscowet
NW_024059636.1:15189,NW_024059636.1,15189,57.99825,21.97345,-36.0248,4,4,16.0,0.02857142857142857,0.9266860194365075,True,False,hypo_siscowet
NW_024059636.1:15230,NW_024059636.1,15230,55.4986,19.466575,-36.032025000000004,4,4,16.0,0.02857142857142857,0.9266860194365075,True,False,hypo_siscowet
NW_024059636.1:15272,NW_024059636.1,15272,49.020675,16.0562,-32.96447499999999,4,4,16.0,0.02857142857142857,0.9266860194365075,True,False,hypo_siscowet
NW_024059636.1:15309,NW_024059636.1,15309,41.817049999999995,15.209075,-26.607974999999996,4,4,16.0,0.02857142857142857,0.9266860194365075,True,False,hypo_siscowet
NW_024059636.1:15343,NW_024059636.1,15343,35.40065,15.483600000000001,-19.917049999999996,4,4,16.0,0.02857142857142857,0.9266860194365075,True,False,hypo_siscowet
NW_024059636.1:15389,NW_024059636.1,15389,37.229324999999996,13.4869575,-23.742367499999993,4,4,16.0,0.02857142857142857,0.9266860194365075,True,False,hypo_siscowet
NW_024059636.1:15399,NW_024059636.1,15399,29.128175,12.979175000000001,-16.148999999999997,4,4,16.0,0.02857142857142857,0.9266860194365075,True,False,hypo_siscowet
NW_024059636.1:15430,NW_024059636.1,15430,36.276424999999996,16.072625,-20.203799999999998,4,4,16.0,0.02857142857142857,0.9266860194365075,True,False,hypo_siscowet
NW_024059636.1:15472,NW_024059636.1,15472,47.666375,25.915775,-21.750600000000002,4,4,16.0,0.02857142857142857,0.9266860194365075,True,False,hypo_siscowet
NW_024059636.1:15509,NW_024059636.1,15509,57.813975,29.68195,-28.132025,4,4,16.0,0.02857142857142857,0.9266860194365075,True,False,hypo_siscowet
NW_024059636.1:15543,NW_024059636.1,15543,54.059,27.572575,-26.486424999999997,4,4,16.0,0.02857142857142857,0.9266860194365075,True,False,hypo_siscowet
NW_024059636.1:15589,NW_024059636.1,15589,53.109049999999996,26.9907,-26.118349999999996,4,4,16.0,0.02857142857142857,0.9266860194365075,True,False,hypo_siscowet
NW_024059636.1:15620,NW_024059636.1,15620,49.334525,24.058175,-25.27635,4,4,16.0,0.02857142857142857,0.9266860194365075,True,False,hypo_siscowet
NW_024059636.1:15672,NW_024059636.1,15672,51.834975,24.663875,-27.1711,4,4,16.0,0.02857142857142857,0.9266860194365075,True,False,hypo_siscowet
NW_024059636.1:15872,NW_024059636.1,15872,54.27985,21.023125,-33.256725,4,4,16.0,0.02857142857142857,0.9266860194365075,True,False,hypo_siscowet
NW_024059636.1:15909,NW_024059636.1,15909,49.39065,17.719825,-31.670825,4,4,16.0,0.02857142857142857,0.9266860194365075,True,False,hypo_siscowet
NW_024059636.1:15943,NW_024059636.1,15943,48.9696,16.6544,-32.315200000000004,4,4,16.0,0.02857142857142857,0.9266860194365075,True,False,hypo_siscowet
NW_024059636.1:16021,NW_024059636.1,16021,39.371625,16.295475,-23.076150000000002,4,4,16.0,0.02857142857142857,0.9266860194365075,True,False,hypo_siscowet
NW_024059636.1:16031,NW_024059636.1,16031,37.6883,14.806075000000002,-22.882225,4,4,16.0,0.02857142857142857,0.9266860194365075,True,False,hypo_siscowet
NW_024059636.1:16190,NW_024059636.1,16190,39.088525,19.615274999999997,-19.47325,4,4,16.0,0.02857142857142857,0.9266860194365075,True,False,hypo_siscowet
NW_024059636.1:16273,NW_024059636.1,16273,42.328475000000005,18.44055,-23.887925000000003,4,4,16.0,0.02857142857142857,0.9266860194365075,True,False,hypo_siscowet
NW_024059636.1:16310,NW_024059636.1,16310,48.33905,17.909025,-30.430025,4,4,16.0,0.02857142857142857,0.9266860194365075,True,False,hypo_siscowet
NW_024059636.1:16344,NW_024059636.1,16344,52.14105000000001,20.38615,-31.754900000000006,4,4,16.0,0.02857142857142857,0.9266860194365075,True,False,hypo_siscowet
NW_024059636.1:16378,NW_024059636.1,16378,57.357275,29.914450000000002,-27.442825,4,4,16.0,0.02857142857142857,0.9266860194365075,True,False,hypo_siscowet
NW_024059636.1:16390,NW_024059636.1,16390,55.16735,21.105574999999998,-34.061775,4,4,16.0,0.02857142857142857,0.9266860194365075,True,False,hypo_siscowet
NW_024059636.1:16431,NW_024059636.1,16431,51.26205,19.534425000000002,-31.727625,4,4,16.0,0.02857142857142857,0.9266860194365075,True,False,hypo_siscowet
NW_024059636.1:16473,NW_024059636.1,16473,51.46295,27.359399999999997,-24.103550000000002,4,4,16.0,0.02857142857142857,0.9266860194365075,True,False,hypo_siscowet
NW_024059636.1:16510,NW_024059636.1,16510,49.6312,28.29355,-21.33765,4,4,16.0,0.02857142857142857,0.9266860194365075,True,False,hypo_siscowet
NW_024059636.1:16544,NW_024059636.1,16544,48.05735,25.1101,-22.94725,4,4,16.0,0.02857142857142857,0.9266860194365075,True,False,hypo_siscowet
NW_024059636.1:16631,NW_024059636.1,16631,41.772999999999996,19.682499999999997,-22.0905,4,4,16.0,0.02857142857142857,0.9266860194365075,True,False,hypo_siscowet
NW_024059636.1:16673,NW_024059636.1,16673,50.884675,27.73495,-23.149725,4,4,16.0,0.02857142857142857,0.9266860194365075,True,False,hypo_siscowet
NW_024059636.1:16710,NW_024059636.1,16710,52.685625,29.607499999999998,-23.078125000000004,4,4,16.0,0.02857142857142857,0.9266860194365075,True,False,hypo_siscowet
NW_024059636.1:16744,NW_024059636.1,16744,55.435525000000005,29.04255,-26.392975000000007,4,4,16.0,0.02857142857142857,0.9266860194365075,True,False,hypo_siscowet
NW_024059636.1:16790,NW_024059636.1,16790,52.995824999999996,26.977225,-26.018599999999996,4,4,16.0,0.02857142857142857,0.9266860194365075,True,False,hypo_siscowet
NW_024059636.1:16831,NW_024059636.1,16831,52.7405,23.264575,-29.475924999999997,4,4,16.0,0.02857142857142857,0.9266860194365075,True,False,hypo_siscowet
NW_024059636.1:16873,NW_024059636.1,16873,53.7786,17.159074999999998,-36.619524999999996,4,4,16.0,0.02857142857142857,0.9266860194365075,True,False,hypo_siscowet
NW_024059636.1:16910,NW_024059636.1,16910,44.108075,13.931474999999999,-30.1766,4,4,16.0,0.02857142857142857,0.9266860194365075,True,False,hypo_siscowet
NW_024059636.1:16944,NW_024059636.1,16944,39.707825,13.797775,-25.91005,4,4,16.0,0.02857142857142857,0.9266860194365075,True,False,hypo_siscowet
NW_024059636.1:16990,NW_024059636.1,16990,44.90845,12.621949999999998,-32.286500000000004,4,4,16.0,0.02857142857142857,0.9266860194365075,True,False,hypo_siscowet
NW_024059636.1:17000,NW_024059636.1,17000,33.80085,10.646154999999998,-23.154694999999997,4,4,16.0,0.02857142857142857,0.9266860194365075,True,False,hypo_siscowet
NW_024059636.1:17021,NW_024059636.1,17021,33.2205,11.62563,-21.59487,4,4,16.0,0.02857142857142857,0.9266860194365075,True,False,hypo_siscowet
NW_024059636.1:17031,NW_024059636.1,17031,37.0186,13.109942499999999,-23.9086575,4,4,16.0,0.02857142857142857,0.9266860194365075,True,False,hypo_siscowet
NW_024059636.1:17073,NW_024059636.1,17073,46.1569,21.9255,-24.2314,4,4,16.0,0.02857142857142857,0.9266860194365075,True,False,hypo_siscowet
NW_024059636.1:17110,NW_024059636.1,17110,51.9073,25.229174999999998,-26.678125,4,4,16.0,0.02857142857142857,0.9266860194365075,True,False,hypo_siscowet
NW_024059636.1:17144,NW_024059636.1,17144,49.841825,26.250475,-23.59135,4,4,16.0,0.02857142857142857,0.9266860194365075,True,False,hypo_siscowet
NW_024059636.1:17190,NW_024059636.1,17190,47.93990000000001,23.77035,-24.169550000000008,4,4,16.0,0.02857142857142857,0.9266860194365075,True,False,hypo_siscowet
NW_024059636.1:17221,NW_024059636.1,17221,37.73246666666666,21.066125,-16.66634166666666,3,4,12.0,0.04974599072150299,0.9266860194365075,True,False,hypo_siscowet
NW_024059636.1:17231,NW_024059636.1,17231,40.6276,19.9782,-20.6494,4,4,16.0,0.02857142857142857,0.9266860194365075,True,False,hypo_siscowet
NW_024059636.1:17273,NW_024059636.1,17273,41.564375,23.4852,-18.079175,4,4,16.0,0.02857142857142857,0.9266860194365075,True,False,hypo_siscowet
NW_024059636.1:17309,NW_024059636.1,17309,43.667024999999995,27.300825,-16.366199999999996,4,4,16.0,0.02857142857142857,0.9266860194365075,True,False,hypo_siscowet
NW_024059636.1:17472,NW_024059636.1,17472,47.3635,20.793475,-26.570025,4,4,16.0,0.02857142857142857,0.9266860194365075,True,False,hypo_siscowet
NW_024059636.1:17509,NW_024059636.1,17509,40.010775,16.8572,-23.153575000000004,4,4,16.0,0.02857142857142857,0.9266860194365075,True,False,hypo_siscowet
NW_024059636.1:17543,NW_024059636.1,17543,36.0734,15.092125000000001,-20.981274999999997,4,4,16.0,0.02857142857142857,0.9266860194365075,True,False,hypo_siscowet
NW_024059636.1:17589,NW_024059636.1,17589,37.23925,14.513375000000002,-22.725874999999995,4,4,16.0,0.02857142857142857,0.9266860194365075,True,False,hypo_siscowet
NW_024059636.1:17599,NW_024059636.1,17599,28.98005,13.68717,-15.292879999999998,4,4,16.0,0.029401048190339642,0.9266860194365075,True,False,hypo_siscowet
NW_024059636.1:17620,NW_024059636.1,17620,29.600125000000002,13.662525000000002,-15.9376,4,4,16.0,0.02857142857142857,0.9266860194365075,True,False,hypo_siscowet
NW_024059636.1:17630,NW_024059636.1,17630,34.7094,14.6847025,-20.024697500000002,4,4,16.0,0.02857142857142857,0.9266860194365075,True,False,hypo_siscowet
NW_024059636.1:17709,NW_024059636.1,17709,39.714974999999995,19.4652,-20.249774999999996,4,4,16.0,0.02857142857142857,0.9266860194365075,True,False,hypo_siscowet
NW_024059636.1:17743,NW_024059636.1,17743,40.845025,19.0325,-21.812525,4,4,16.0,0.02857142857142857,0.9266860194365075,True,False,hypo_siscowet
NW_024059636.1:17789,NW_024059636.1,17789,35.098225,13.511522499999998,-21.5867025,4,4,16.0,0.02857142857142857,0.9266860194365075,True,False,hypo_siscowet
NW_024059636.1:17850,NW_024059636.1,17850,43.008300000000006,13.633944999999999,-29.37435500000001,4,4,16.0,0.02857142857142857,0.9266860194365075,True,False,hypo_siscowet
NW_024059636.1:17891,NW_024059636.1,17891,34.2661,11.016995,-23.249105,4,4,16.0,0.02857142857142857,0.9266860194365075,True,False,hypo_siscowet
NW_024059636.1:17933,NW_024059636.1,17933,39.155474999999996,14.21286,-24.942614999999996,4,4,16.0,0.02857142857142857,0.9266860194365075,True,False,hypo_siscowet
NW_024059636.1:17970,NW_024059636.1,17970,42.2626,17.310624999999998,-24.951975,4,4,16.0,0.02857142857142857,0.9266860194365075,True,False,hypo_siscowet
NW_024059636.1:18624,NW_024059636.1,18624,57.668375,34.85185,-22.816525,4,4,16.0,0.02857142857142857,0.9266860194365075,True,False,hypo_siscowet
NW_024059636.1:19308,NW_024059636.1,19308,86.08440000000002,64.716775,-21.367625000000018,4,4,16.0,0.02857142857142857,0.9266860194365075,True,False,hypo_siscowet
NW_024059636.1:31308,NW_024059636.1,31308,86.23355000000001,64.58335,-21.650200000000012,4,4,16.0,0.026518721959430728,0.9266860194365075,True,False,hypo_siscowet
NW_024059641.1:122962,NW_024059641.1,122962,47.50443333333334,8.380075000000001,-39.12435833333333,3,4,12.0,0.04974599072150299,0.9266860194365075,True,False,hypo_siscowet
NW_024059641.1:122983,NW_024059641.1,122983,39.4144,3.0330874999999997,-36.3813125,3,4,12.0,0.04767810313602185,0.9266860194365075,True,False,hypo_siscowet
NW_024059641.1:123292,NW_024059641.1,123292,72.54903333333334,22.3202,-50.22883333333334,3,4,12.0,0.04974599072150299,0.9266860194365075,True,False,hypo_siscowet
NW_024059641.1:123396,NW_024059641.1,123396,47.942625,11.059474999999999,-36.88315,4,4,16.0,0.02857142857142857,0.9266860194365075,True,False,hypo_siscowet
NW_024059641.1:123460,NW_024059641.1,123460,41.5971,11.5530325,-30.044067499999997,4,4,16.0,0.02857142857142857,0.9266860194365075,True,False,hypo_siscowet
NW_024059641.1:123627,NW_024059641.1,123627,71.46105,43.309025,-28.152025000000002,4,4,16.0,0.029401048190339642,0.9266860194365075,True,False,hypo_siscowet
NW_024059641.1:123744,NW_024059641.1,123744,61.742450000000005,32.810625,-28.931825000000003,4,4,16.0,0.029401048190339642,0.9266860194365075,True,False,hypo_siscowet
NW_024059641.1:123827,NW_024059641.1,123827,66.02905,42.592575000000004,-23.436474999999994,4,4,16.0,0.02857142857142857,0.9266860194365075,True,False,hypo_siscowet
NW_024059641.1:125959,NW_024059641.1,125959,83.554625,65.0115,-18.543125000000003,4,4,16.0,0.02857142857142857,0.9266860194365075,True,False,hypo_siscowet
NW_024059641.1:126065,NW_024059641.1,126065,79.57534999999999,61.464400000000005,-18.11094999999998,4,4,16.0,0.029401048190339642,0.9266860194365075,True,False,hypo_siscowet
NW_024059641.1:129129,NW_024059641.1,129129,58.417375,38.437875,-19.9795,4,4,16.0,0.02857142857142857,0.9266860194365075,True,False,hypo_siscowet
NW_024059641.1:132866,NW_024059641.1,132866,19.59593333333333,2.7851475,-16.81078583333333,3,4,12.0,0.04974599072150299,0.9266860194365075,True,False,hypo_siscowet
NW_024059641.1:132888,NW_024059641.1,132888,17.857143333333333,2.628205,-15.228938333333334,3,4,12.0,0.04974599072150299,0.9266860194365075,True,False,hypo_siscowet
NW_024059641.1:136581,NW_024059641.1,136581,57.8044,30.370350000000002,-27.43405,4,4,15.5,0.042066412206780826,0.9266860194365075,True,False,hypo_siscowet
NW_024059641.1:136681,NW_024059641.1,136681,39.772925,17.5391775,-22.2337475,4,4,16.0,0.02857142857142857,0.9266860194365075,True,False,hypo_siscowet
NW_024059641.1:136692,NW_024059641.1,136692,39.2402,17.724375,-21.515825000000003,4,4,16.0,0.02857142857142857,0.9266860194365075,True,False,hypo_siscowet
NW_024059641.1:136795,NW_024059641.1,136795,48.4091,18.4668,-29.942300000000003,4,4,16.0,0.029401048190339642,0.9266860194365075,True,False,hypo_siscowet
NW_024059645.1:33119,NW_024059645.1,33119,62.9905,78.2425,15.25200000000001,4,4,0.5,0.042066412206780826,0.9266860194365075,True,False,hyper_siscowet
NW_024059674.1:483216,NW_024059674.1,483216,100.0,83.75667499999999,-16.243325000000013,3,4,12.0,0.04359664488554136,0.9266860194365075,True,False,hypo_siscowet
NW_024059674.1:483255,NW_024059674.1,483255,100.0,83.5327,-16.467299999999994,3,4,12.0,0.04359664488554136,0.9266860194365075,True,False,hypo_siscowet
NW_024059685.1:29967,NW_024059685.1,29967,31.707774999999998,12.710574999999999,-18.9972,4,4,16.0,0.02857142857142857,0.9266860194365075,True,False,hypo_siscowet
NW_024059702.1:23144,NW_024059702.1,23144,47.218675,21.1558,-26.062875,4,4,16.0,0.02857142857142857,0.9266860194365075,True,False,hypo_siscowet
NW_024059702.1:23344,NW_024059702.1,23344,44.61685,26.14125,-18.4756,4,4,16.0,0.02857142857142857,0.9266860194365075,True,False,hypo_siscowet
NW_024059702.1:4789,NW_024059702.1,4789,42.33522500000001,20.763475,-21.57175000000001,4,4,16.0,0.02857142857142857,0.9266860194365075,True,False,hypo_siscowet
NW_024059702.1:4918,NW_024059702.1,4918,36.207550000000005,17.801625,-18.405925000000003,4,4,16.0,0.02857142857142857,0.9266860194365075,True,False,hypo_siscowet
NW_024059702.1:4955,NW_024059702.1,4955,39.735425,17.185375,-22.55005,4,4,16.0,0.02857142857142857,0.9266860194365075,True,False,hypo_siscowet
NW_024059702.1:4989,NW_024059702.1,4989,40.653975,15.993125,-24.660850000000003,4,4,16.0,0.02857142857142857,0.9266860194365075,True,False,hypo_siscowet
NW_024059702.1:5035,NW_024059702.1,5035,30.1238,11.46339,-18.66041,4,4,16.0,0.02857142857142857,0.9266860194365075,True,False,hypo_siscowet
NW_024059702.1:5096,NW_024059702.1,5096,38.736900000000006,14.58776,-24.149140000000006,4,4,16.0,0.02857142857142857,0.9266860194365075,True,False,hypo_siscowet
NW_024059702.1:5137,NW_024059702.1,5137,35.564750000000004,16.4522375,-19.112512500000005,4,4,16.0,0.02857142857142857,0.9266860194365075,True,False,hypo_siscowet
NW_024059710.1:27312,NW_024059710.1,27312,59.869033333333334,75.8117,15.942666666666668,3,4,0.0,0.04974599072150299,0.9266860194365075,True,False,hyper_siscowet
NW_024059724.1:24819,NW_024059724.1,24819,25.6556,9.015157499999999,-16.6404425,4,4,16.0,0.02857142857142857,0.9266860194365075,True,False,hypo_siscowet
NW_024059730.1:39177,NW_024059730.1,39177,41.828525,15.5603,-26.268225,4,3,12.0,0.04974599072150299,0.9266860194365075,True,False,hypo_siscowet
NW_024059740.1:22673,NW_024059740.1,22673,53.666525,31.503075000000003,-22.163449999999997,4,4,16.0,0.02857142857142857,0.9266860194365075,True,False,hypo_siscowet
NW_024059740.1:22714,NW_024059740.1,22714,62.013875,36.226425,-25.78745,4,4,16.0,0.02857142857142857,0.9266860194365075,True,False,hypo_siscowet
NW_024059740.1:22904,NW_024059740.1,22904,49.70759999999999,25.501375,-24.206224999999993,3,4,12.0,0.04974599072150299,0.9266860194365075,True,False,hypo_siscowet
NW_024059740.1:22960,NW_024059740.1,22960,53.54015,29.71365,-23.826499999999996,4,4,16.0,0.02857142857142857,0.9266860194365075,True,False,hypo_siscowet
NW_024059740.1:22994,NW_024059740.1,22994,56.15735,36.957375,-19.199975000000002,4,4,16.0,0.02857142857142857,0.9266860194365075,True,False,hypo_siscowet
NW_024059740.1:24273,NW_024059740.1,24273,71.4171,43.013625,-28.403475000000007,4,4,16.0,0.02857142857142857,0.9266860194365075,True,False,hypo_siscowet
NW_024059740.1:24846,NW_024059740.1,24846,74.88425,48.189525,-26.69472499999999,4,4,16.0,0.029401048190339642,0.9266860194365075,True,False,hypo_siscowet
NW_024059740.1:25406,NW_024059740.1,25406,74.320825,54.693325,-19.627499999999998,4,4,16.0,0.02857142857142857,0.9266860194365075,True,False,hypo_siscowet
NW_024059740.1:25771,NW_024059740.1,25771,33.264,10.4315175,-22.832482500000005,4,4,16.0,0.02857142857142857,0.9266860194365075,True,False,hypo_siscowet
NW_024059740.1:25781,NW_024059740.1,25781,26.6411,8.50773,-18.13337,4,4,16.0,0.02857142857142857,0.9266860194365075,True,False,hypo_siscowet
NW_024059740.1:25789,NW_024059740.1,25789,44.932325,16.867002499999998,-28.0653225,4,4,16.0,0.02857142857142857,0.9266860194365075,True,False,hypo_siscowet
NW_024059740.1:25798,NW_024059740.1,25798,47.564925,19.07765,-28.487275000000004,4,4,16.0,0.02857142857142857,0.9266860194365075,True,False,hypo_siscowet
NW_024059740.1:25839,NW_024059740.1,25839,80.342075,46.673625,-33.66844999999999,4,4,16.0,0.02857142857142857,0.9266860194365075,True,False,hypo_siscowet
NW_024059740.1:25842,NW_024059740.1,25842,80.0476,51.57545,-28.472150000000006,4,4,16.0,0.02857142857142857,0.9266860194365075,True,False,hypo_siscowet
NW_024059740.1:25844,NW_024059740.1,25844,75.68532499999999,58.348975,-17.33634999999999,4,4,16.0,0.02857142857142857,0.9266860194365075,True,False,hypo_siscowet
NW_024059740.1:3336,NW_024059740.1,3336,41.9527,24.968075,-16.984625,3,4,12.0,0.04974599072150299,0.9266860194365075,True,False,hypo_siscowet
NW_024059740.1:4102,NW_024059740.1,4102,63.104875,23.5793,-39.525575,4,4,16.0,0.02857142857142857,0.9266860194365075,True,False,hypo_siscowet
NW_024059740.1:4136,NW_024059740.1,4136,60.479150000000004,26.46365,-34.0155,4,4,16.0,0.02857142857142857,0.9266860194365075,True,False,hypo_siscowet
NW_024059740.1:4173,NW_024059740.1,4173,61.238025,28.518025,-32.72,4,4,16.0,0.02857142857142857,0.9266860194365075,True,False,hypo_siscowet
NW_024059740.1:4194,NW_024059740.1,4194,61.60145000000001,31.27525,-30.326200000000007,4,4,16.0,0.02857142857142857,0.9266860194365075,True,False,hypo_siscowet
NW_024059740.1:4215,NW_024059740.1,4215,73.007075,44.4911,-28.515974999999997,4,4,16.0,0.02857142857142857,0.9266860194365075,True,False,hypo_siscowet
NW_024059740.1:4256,NW_024059740.1,4256,79.52459999999999,53.86665000000001,-25.657949999999985,4,4,16.0,0.02857142857142857,0.9266860194365075,True,False,hypo_siscowet
NW_024059740.1:4268,NW_024059740.1,4268,74.78039999999999,51.121575,-23.658824999999986,4,4,16.0,0.02857142857142857,0.9266860194365075,True,False,hypo_siscowet
NW_024059740.1:4312,NW_024059740.1,4312,74.97642499999999,45.2564,-29.720024999999993,4,4,16.0,0.02857142857142857,0.9266860194365075,True,False,hypo_siscowet
NW_024059740.1:4358,NW_024059740.1,4358,71.79615,48.089625,-23.706525,4,4,16.0,0.02857142857142857,0.9266860194365075,True,False,hypo_siscowet
NW_024059740.1:4379,NW_024059740.1,4379,62.456050000000005,35.7787,-26.677350000000004,4,4,16.0,0.02857142857142857,0.9266860194365075,True,False,hypo_siscowet
NW_024059740.1:4487,NW_024059740.1,4487,38.431775,18.39534,-20.036435,4,4,16.0,0.02857142857142857,0.9266860194365075,True,False,hypo_siscowet
NW_024059740.1:4690,NW_024059740.1,4690,70.5839,41.544974999999994,-29.038925000000006,4,4,16.0,0.02857142857142857,0.9266860194365075,True,False,hypo_siscowet
NW_024059740.1:4746,NW_024059740.1,4746,71.211725,45.395625,-25.8161,4,4,16.0,0.02857142857142857,0.9266860194365075,True,False,hypo_siscowet
NW_024059740.1:4788,NW_024059740.1,4788,72.585775,44.929325,-27.65645,4,4,16.0,0.02857142857142857,0.9266860194365075,True,False,hypo_siscowet
NW_024059740.1:4829,NW_024059740.1,4829,60.705275,36.249625,-24.45565,4,4,16.0,0.02857142857142857,0.9266860194365075,True,False,hypo_siscowet
NW_024059740.1:4987,NW_024059740.1,4987,43.3718,21.563114999999996,-21.808685000000004,4,4,15.5,0.042066412206780826,0.9266860194365075,True,False,hypo_siscowet
NW_024059740.1:5348,NW_024059740.1,5348,76.470225,50.16415,-26.306075,4,4,16.0,0.02857142857142857,0.9266860194365075,True,False,hypo_siscowet
NW_024059740.1:5381,NW_024059740.1,5381,66.500525,36.105925,-30.394599999999997,4,4,16.0,0.02857142857142857,0.9266860194365075,True,False,hypo_siscowet
NW_024059740.1:5422,NW_024059740.1,5422,40.26065,17.96351,-22.29714,4,4,16.0,0.02857142857142857,0.9266860194365075,True,False,hypo_siscowet
NW_024059740.1:5459,NW_024059740.1,5459,28.80525,9.9905425,-18.8147075,4,4,16.0,0.02857142857142857,0.9266860194365075,True,False,hypo_siscowet
NW_024059740.1:5650,NW_024059740.1,5650,21.459775,6.2844525,-15.1753225,4,4,16.0,0.02857142857142857,0.9266860194365075,True,False,hypo_siscowet
NW_024059740.1:5684,NW_024059740.1,5684,20.343149999999998,4.8047699999999995,-15.538379999999998,4,4,16.0,0.02857142857142857,0.9266860194365075,True,False,hypo_siscowet
NW_024059740.1:5713,NW_024059740.1,5713,34.44505,9.26452,-25.180530000000005,4,4,16.0,0.02857142857142857,0.9266860194365075,True,False,hypo_siscowet
NW_024059740.1:5723,NW_024059740.1,5723,29.412900000000004,6.344074999999999,-23.068825000000004,4,4,16.0,0.02857142857142857,0.9266860194365075,True,False,hypo_siscowet
NW_024059740.1:5731,NW_024059740.1,5731,41.628099999999996,13.1604675,-28.467632499999997,4,4,16.0,0.02857142857142857,0.9266860194365075,True,False,hypo_siscowet
NW_024059740.1:5740,NW_024059740.1,5740,42.3791,17.340975,-25.038125,4,4,16.0,0.02857142857142857,0.9266860194365075,True,False,hypo_siscowet
NW_024059740.1:5743,NW_024059740.1,5743,54.376975,31.5825,-22.794475000000002,4,4,16.0,0.029401048190339642,0.9266860194365075,True,False,hypo_siscowet
NW_024059740.1:5781,NW_024059740.1,5781,74.0465,47.810025,-26.23647499999999,4,4,16.0,0.02857142857142857,0.9266860194365075,True,False,hypo_siscowet
NW_024059745.1:22202,NW_024059745.1,22202,53.51755,31.432125,-22.085425,4,4,16.0,0.02857142857142857,0.9266860194365075,True,False,hypo_siscowet
NW_024059745.1:22243,NW_024059745.1,22243,51.923674999999996,30.1498,-21.773874999999997,4,4,16.0,0.02857142857142857,0.9266860194365075,True,False,hypo_siscowet
NW_024059745.1:24215,NW_024059745.1,24215,54.166650000000004,31.820125,-22.346525000000003,4,4,16.0,0.02857142857142857,0.9266860194365075,True,False,hypo_siscowet
NW_024059745.1:24257,NW_024059745.1,24257,56.929,35.005925000000005,-21.923074999999997,4,4,16.0,0.02857142857142857,0.9266860194365075,True,False,hypo_siscowet
NW_024059745.1:24494,NW_024059745.1,24494,49.302525,29.899524999999997,-19.403000000000006,4,4,16.0,0.02857142857142857,0.9266860194365075,True,False,hypo_siscowet
NW_024059745.1:24528,NW_024059745.1,24528,51.563599999999994,29.999975,-21.563624999999995,4,4,16.0,0.029401048190339642,0.9266860194365075,True,False,hypo_siscowet
NW_024059745.1:24574,NW_024059745.1,24574,47.500025,29.578725000000002,-17.9213,4,4,16.0,0.029401048190339642,0.9266860194365075,True,False,hypo_siscowet
NW_024059745.1:26290,NW_024059745.1,26290,44.0,25.1265,-18.8735,4,4,16.0,0.02857142857142857,0.9266860194365075,True,False,hypo_siscowet
NW_024059745.1:26327,NW_024059745.1,26327,55.662400000000005,25.692975000000004,-29.969425,4,4,16.0,0.02857142857142857,0.9266860194365075,True,False,hypo_siscowet
NW_024059745.1:26361,NW_024059745.1,26361,52.575175,24.90865,-27.666525,4,4,16.0,0.02857142857142857,0.9266860194365075,True,False,hypo_siscowet
NW_024059745.1:26407,NW_024059745.1,26407,51.594275,24.56385,-27.030425000000005,4,4,16.0,0.02857142857142857,0.9266860194365075,True,False,hypo_siscowet
NW_024059745.1:26448,NW_024059745.1,26448,47.628225,26.6267,-21.001525,4,4,16.0,0.02857142857142857,0.9266860194365075,True,False,hypo_siscowet
NW_024059745.1:26690,NW_024059745.1,26690,52.43045,34.417,-18.01345,4,4,16.0,0.02857142857142857,0.9266860194365075,True,False,hypo_siscowet
NW_024059745.1:26727,NW_024059745.1,26727,56.44500000000001,36.243675,-20.201325000000004,4,4,16.0,0.02857142857142857,0.9266860194365075,True,False,hypo_siscowet
NW_024059745.1:26961,NW_024059745.1,26961,58.413775,36.805425,-21.60835,4,4,16.0,0.02857142857142857,0.9266860194365075,True,False,hypo_siscowet
NW_024059745.1:27048,NW_024059745.1,27048,54.832724999999996,29.381625,-25.451099999999997,4,4,16.0,0.02857142857142857,0.9266860194365075,True,False,hypo_siscowet
NW_024059745.1:27090,NW_024059745.1,27090,52.62705,31.750524999999996,-20.876525,4,4,16.0,0.02857142857142857,0.9266860194365075,True,False,hypo_siscowet
NW_024059745.1:27248,NW_024059745.1,27248,45.8522,26.725125,-19.127075000000005,3,4,12.0,0.04974599072150299,0.9266860194365075,True,False,hypo_siscowet
NW_024059745.1:27290,NW_024059745.1,27290,43.595666666666666,27.1233,-16.472366666666666,3,4,12.0,0.04974599072150299,0.9266860194365075,True,False,hypo_siscowet
NW_024059745.1:27327,NW_024059745.1,27327,48.275866666666666,27.717050000000004,-20.55881666666666,3,4,12.0,0.04974599072150299,0.9266860194365075,True,False,hypo_siscowet
NW_024059745.1:27647,NW_024059745.1,27647,41.72513333333334,26.671950000000002,-15.053183333333337,3,4,12.0,0.04974599072150299,0.9266860194365075,True,False,hypo_siscowet
NW_024059797.1:70935,NW_024059797.1,70935,98.55073333333333,83.42994999999999,-15.120783333333335,3,4,12.0,0.04974599072150299,0.9266860194365075,True,False,hypo_siscowet
NW_024059807.1:15741,NW_024059807.1,15741,91.7855,76.199675,-15.585825,3,4,12.0,0.04974599072150299,0.9266860194365075,True,False,hypo_siscowet
NW_024059814.1:21743,NW_024059814.1,21743,59.0262,38.3191,-20.707100000000004,4,4,16.0,0.02857142857142857,0.9266860194365075,True,False,hypo_siscowet
NW_024059814.1:21752,NW_024059814.1,21752,52.789775000000006,31.071799999999996,-21.71797500000001,4,4,16.0,0.02857142857142857,0.9266860194365075,True,False,hypo_siscowet
NW_024059814.1:21760,NW_024059814.1,21760,36.68275,17.314799999999998,-19.36795,4,4,16.0,0.02857142857142857,0.9266860194365075,True,False,hypo_siscowet
NW_024059814.1:21770,NW_024059814.1,21770,41.264325,20.2943775,-20.9699475,4,4,16.0,0.02857142857142857,0.9266860194365075,True,False,hypo_siscowet
NW_024059814.1:24872,NW_024059814.1,24872,53.84616666666667,30.106100000000005,-23.740066666666664,3,4,12.0,0.04974599072150299,0.9266860194365075,True,False,hypo_siscowet
NW_024059814.1:5086,NW_024059814.1,5086,76.550275,21.678975,-54.8713,4,4,16.0,0.02857142857142857,0.9266860194365075,True,False,hypo_siscowet
NW_024059827.1:18857,NW_024059827.1,18857,83.87729999999999,59.218650000000004,-24.658649999999987,4,4,16.0,0.02857142857142857,0.9266860194365075,True,False,hypo_siscowet
NW_024059827.1:23568,NW_024059827.1,23568,26.1111,7.693175,-18.417925,4,4,16.0,0.02857142857142857,0.9266860194365075,True,False,hypo_siscowet
NW_024059827.1:24244,NW_024059827.1,24244,54.944825,36.642700000000005,-18.302124999999997,4,4,16.0,0.02857142857142857,0.9266860194365075,True,False,hypo_siscowet
NW_024059827.1:26857,NW_024059827.1,26857,65.018175,36.445525,-28.572649999999996,4,4,16.0,0.029401048190339642,0.9266860194365075,True,False,hypo_siscowet
NW_024059827.1:27016,NW_024059827.1,27016,73.84424999999999,38.636675,-35.20757499999999,4,4,16.0,0.02857142857142857,0.9266860194365075,True,False,hypo_siscowet
NW_024059827.1:27057,NW_024059827.1,27057,72.480225,32.92295,-39.557275000000004,4,4,16.0,0.02857142857142857,0.9266860194365075,True,False,hypo_siscowet
NW_024059827.1:27099,NW_024059827.1,27099,70.6334,42.6315,-28.001899999999992,4,4,16.0,0.02857142857142857,0.9266860194365075,True,False,hypo_siscowet
NW_024059827.1:27170,NW_024059827.1,27170,68.168475,46.8421,-21.326375,4,4,16.0,0.02857142857142857,0.9266860194365075,True,False,hypo_siscowet
NW_024059827.1:3834,NW_024059827.1,3834,76.32115,56.832825,-19.488325000000003,4,4,16.0,0.02857142857142857,0.9266860194365075,True,False,hypo_siscowet
NW_024059827.1:3836,NW_024059827.1,3836,75.1507,50.36405,-24.78665,4,4,16.0,0.02857142857142857,0.9266860194365075,True,False,hypo_siscowet
NW_024059827.1:3839,NW_024059827.1,3839,71.76005,49.732150000000004,-22.027900000000002,4,4,16.0,0.02857142857142857,0.9266860194365075,True,False,hypo_siscowet
NW_024059827.1:3877,NW_024059827.1,3877,59.793099999999995,35.092175000000005,-24.70092499999999,4,4,16.0,0.02857142857142857,0.9266860194365075,True,False,hypo_siscowet
NW_024059827.1:3880,NW_024059827.1,3880,39.3351,17.850775,-21.484325,4,4,16.0,0.02857142857142857,0.9266860194365075,True,False,hypo_siscowet
NW_024059827.1:3889,NW_024059827.1,3889,36.062925,18.294525,-17.7684,4,4,16.0,0.02857142857142857,0.9266860194365075,True,False,hypo_siscowet
NW_024059827.1:3897,NW_024059827.1,3897,26.108075,8.8376925,-17.2703825,4,4,16.0,0.02857142857142857,0.9266860194365075,True,False,hypo_siscowet
NW_024059827.1:3907,NW_024059827.1,3907,27.455199999999998,11.0291625,-16.4260375,4,4,16.0,0.02857142857142857,0.9266860194365075,True,False,hypo_siscowet
NW_024059827.1:4198,NW_024059827.1,4198,43.899375,23.052425,-20.84695,4,4,16.0,0.02857142857142857,0.9266860194365075,True,False,hypo_siscowet
NW_024059827.1:4633,NW_024059827.1,4633,43.879775,22.140025,-21.73975,4,4,16.0,0.02857142857142857,0.9266860194365075,True,False,hypo_siscowet
NW_024059827.1:4675,NW_024059827.1,4675,47.9899,24.131149999999998,-23.85875,4,4,16.0,0.02857142857142857,0.9266860194365075,True,False,hypo_siscowet
NW_024059827.1:5426,NW_024059827.1,5426,51.985,30.70485,-21.28015,4,4,16.0,0.02857142857142857,0.9266860194365075,True,False,hypo_siscowet
NW_024059827.1:5447,NW_024059827.1,5447,50.961775,28.713775,-22.248000000000005,4,4,16.0,0.02857142857142857,0.9266860194365075,True,False,hypo_siscowet
NW_024059827.1:5484,NW_024059827.1,5484,52.3231,28.448325,-23.874774999999996,4,4,16.0,0.02857142857142857,0.9266860194365075,True,False,hypo_siscowet
NW_024059827.1:5518,NW_024059827.1,5518,47.984474999999996,26.502174999999998,-21.4823,4,4,16.0,0.02857142857142857,0.9266860194365075,True,False,hypo_siscowet
NW_024059827.1:5564,NW_024059827.1,5564,42.280075,23.926125,-18.353949999999998,4,4,16.0,0.02857142857142857,0.9266860194365075,True,False,hypo_siscowet
NW_024059827.1:5605,NW_024059827.1,5605,41.942825,23.55695,-18.385875,4,4,16.0,0.02857142857142857,0.9266860194365075,True,False,hypo_siscowet
NW_024059827.1:5647,NW_024059827.1,5647,47.9148,30.260625,-17.654175,4,4,16.0,0.02857142857142857,0.9266860194365075,True,False,hypo_siscowet
NW_024059827.1:5684,NW_024059827.1,5684,51.614075,29.605475000000002,-22.008599999999998,4,4,16.0,0.02857142857142857,0.9266860194365075,True,False,hypo_siscowet
NW_024059827.1:5718,NW_024059827.1,5718,51.11575,32.356700000000004,-18.759049999999995,4,4,16.0,0.02857142857142857,0.9266860194365075,True,False,hypo_siscowet
NW_024059827.1:5752,NW_024059827.1,5752,55.596225,30.710625,-24.885599999999997,4,4,16.0,0.02857142857142857,0.9266860194365075,True,False,hypo_siscowet
NW_024059827.1:5764,NW_024059827.1,5764,52.672075,34.377125,-18.29495,4,4,16.0,0.02857142857142857,0.9266860194365075,True,False,hypo_siscowet
NW_024059827.1:5805,NW_024059827.1,5805,51.395300000000006,28.933975,-22.461325000000006,4,4,16.0,0.02857142857142857,0.9266860194365075,True,False,hypo_siscowet
NW_024059827.1:5847,NW_024059827.1,5847,53.6531,31.860625000000002,-21.792475,4,4,16.0,0.02857142857142857,0.9266860194365075,True,False,hypo_siscowet
NW_024059827.1:5884,NW_024059827.1,5884,50.106925,26.75115,-23.355774999999998,4,4,16.0,0.02857142857142857,0.9266860194365075,True,False,hypo_siscowet
NW_024059827.1:5918,NW_024059827.1,5918,48.27997499999999,26.127299999999998,-22.152674999999995,4,4,16.0,0.02857142857142857,0.9266860194365075,True,False,hypo_siscowet
NW_024059827.1:5964,NW_024059827.1,5964,49.7316,26.453200000000002,-23.278399999999998,4,4,16.0,0.02857142857142857,0.9266860194365075,True,False,hypo_siscowet
NW_024059827.1:6005,NW_024059827.1,6005,48.131699999999995,24.988049999999998,-23.143649999999997,4,4,16.0,0.02857142857142857,0.9266860194365075,True,False,hypo_siscowet
NW_024059827.1:6047,NW_024059827.1,6047,50.6069,26.84655,-23.760350000000003,4,4,16.0,0.02857142857142857,0.9266860194365075,True,False,hypo_siscowet
NW_024059827.1:6084,NW_024059827.1,6084,51.307075,27.111449999999998,-24.195625,4,4,16.0,0.02857142857142857,0.9266860194365075,True,False,hypo_siscowet
NW_024059827.1:6118,NW_024059827.1,6118,49.80825,26.804824999999997,-23.003425000000004,4,4,16.0,0.02857142857142857,0.9266860194365075,True,False,hypo_siscowet
NW_024059827.1:6164,NW_024059827.1,6164,48.509025,29.479625,-19.029400000000003,4,4,16.0,0.02857142857142857,0.9266860194365075,True,False,hypo_siscowet
NW_024059827.1:6205,NW_024059827.1,6205,41.9182,24.447775,-17.470425,4,4,16.0,0.02857142857142857,0.9266860194365075,True,False,hypo_siscowet
NW_024059827.1:6247,NW_024059827.1,6247,43.67634999999999,26.31815,-17.358199999999993,4,4,16.0,0.02857142857142857,0.9266860194365075,True,False,hypo_siscowet
NW_024059827.1:6284,NW_024059827.1,6284,47.15927500000001,27.437124999999998,-19.72215000000001,4,4,16.0,0.02857142857142857,0.9266860194365075,True,False,hypo_siscowet
NW_024059827.1:6318,NW_024059827.1,6318,45.583825,26.642625000000002,-18.941199999999995,4,4,16.0,0.02857142857142857,0.9266860194365075,True,False,hypo_siscowet
NW_024059827.1:6364,NW_024059827.1,6364,48.54855,27.707175,-20.841375,4,4,16.0,0.02857142857142857,0.9266860194365075,True,False,hypo_siscowet
NW_024059827.1:6374,NW_024059827.1,6374,42.807375,20.56965,-22.237725,4,4,16.0,0.02857142857142857,0.9266860194365075,True,False,hypo_siscowet
NW_024059827.1:6447,NW_024059827.1,6447,50.65635,29.729425,-20.926925000000004,4,4,16.0,0.02857142857142857,0.9266860194365075,True,False,hypo_siscowet
NW_024059827.1:6484,NW_024059827.1,6484,47.297075,26.333725,-20.96335,4,4,16.0,0.02857142857142857,0.9266860194365075,True,False,hypo_siscowet
NW_024059827.1:6518,NW_024059827.1,6518,50.251675,26.806025,-23.445649999999997,4,4,16.0,0.02857142857142857,0.9266860194365075,True,False,hypo_siscowet
NW_024059827.1:6564,NW_024059827.1,6564,52.210525,25.711025000000003,-26.499499999999994,4,4,16.0,0.02857142857142857,0.9266860194365075,True,False,hypo_siscowet
NW_024059827.1:6605,NW_024059827.1,6605,50.82875,23.628249999999998,-27.2005,4,4,16.0,0.02857142857142857,0.9266860194365075,True,False,hypo_siscowet
NW_024059827.1:6647,NW_024059827.1,6647,51.0615,26.189675,-24.871825,4,4,16.0,0.02857142857142857,0.9266860194365075,True,False,hypo_siscowet
NW_024059827.1:6684,NW_024059827.1,6684,49.688725000000005,25.253774999999997,-24.434950000000008,4,4,16.0,0.02857142857142857,0.9266860194365075,True,False,hypo_siscowet
NW_024059827.1:6795,NW_024059827.1,6795,44.392975,21.252275,-23.1407,4,4,16.0,0.02857142857142857,0.9266860194365075,True,False,hypo_siscowet
NW_024059827.1:6805,NW_024059827.1,6805,42.4056,23.1638,-19.2418,4,4,16.0,0.02857142857142857,0.9266860194365075,True,False,hypo_siscowet
NW_024059827.1:6847,NW_024059827.1,6847,47.130174999999994,27.893,-19.237174999999993,4,4,16.0,0.02857142857142857,0.9266860194365075,True,False,hypo_siscowet
NW_024059827.1:6884,NW_024059827.1,6884,52.4956,28.935474999999997,-23.560125000000006,4,4,16.0,0.02857142857142857,0.9266860194365075,True,False,hypo_siscowet
NW_024059827.1:6918,NW_024059827.1,6918,51.176275,27.865425000000002,-23.310849999999995,4,4,16.0,0.02857142857142857,0.9266860194365075,True,False,hypo_siscowet
NW_024059827.1:6964,NW_024059827.1,6964,49.127399999999994,29.640549999999998,-19.486849999999997,4,4,16.0,0.02857142857142857,0.9266860194365075,True,False,hypo_siscowet
NW_024059827.1:6995,NW_024059827.1,6995,44.29285,23.986075,-20.306775000000002,4,4,16.0,0.02857142857142857,0.9266860194365075,True,False,hypo_siscowet
NW_024059827.1:7005,NW_024059827.1,7005,45.918475,24.125925000000002,-21.79255,4,4,16.0,0.02857142857142857,0.9266860194365075,True,False,hypo_siscowet
NW_024059827.1:7047,NW_024059827.1,7047,44.048449999999995,24.993725,-19.054724999999994,4,4,16.0,0.02857142857142857,0.9266860194365075,True,False,hypo_siscowet
NW_024059827.1:7084,NW_024059827.1,7084,42.40245,22.64635,-19.7561,4,4,16.0,0.02857142857142857,0.9266860194365075,True,False,hypo_siscowet
NW_024059827.1:7118,NW_024059827.1,7118,41.27345,22.113075000000002,-19.160374999999995,4,4,16.0,0.02857142857142857,0.9266860194365075,True,False,hypo_siscowet
NW_024059827.1:7164,NW_024059827.1,7164,42.911425,21.334400000000002,-21.577025,4,4,16.0,0.02857142857142857,0.9266860194365075,True,False,hypo_siscowet
NW_024059827.1:7195,NW_024059827.1,7195,37.03435,18.1651,-18.869250000000005,4,4,16.0,0.02857142857142857,0.9266860194365075,True,False,hypo_siscowet
NW_024059827.1:7205,NW_024059827.1,7205,43.743825,19.838575,-23.905250000000002,4,4,16.0,0.02857142857142857,0.9266860194365075,True,False,hypo_siscowet
NW_024059827.1:7247,NW_024059827.1,7247,53.593225,25.730949999999996,-27.862275,4,4,16.0,0.02857142857142857,0.9266860194365075,True,False,hypo_siscowet
NW_024059827.1:7284,NW_024059827.1,7284,54.241475,28.278600000000004,-25.962874999999997,4,4,16.0,0.02857142857142857,0.9266860194365075,True,False,hypo_siscowet
NW_024059827.1:7318,NW_024059827.1,7318,53.080875000000006,26.430200000000003,-26.650675000000003,4,4,16.0,0.02857142857142857,0.9266860194365075,True,False,hypo_siscowet
NW_024059827.1:7352,NW_024059827.1,7352,55.1759,29.1062,-26.069699999999997,4,4,16.0,0.02857142857142857,0.9266860194365075,True,False,hypo_siscowet
NW_024059827.1:7364,NW_024059827.1,7364,54.063849999999995,27.240975,-26.822874999999996,4,4,16.0,0.02857142857142857,0.9266860194365075,True,False,hypo_siscowet
NW_024059827.1:7374,NW_024059827.1,7374,56.4561,26.949075,-29.507025,4,4,16.0,0.02857142857142857,0.9266860194365075,True,False,hypo_siscowet
NW_024059827.1:7395,NW_024059827.1,7395,57.636050000000004,25.982625000000002,-31.653425000000002,4,4,16.0,0.02857142857142857,0.9266860194365075,True,False,hypo_siscowet
NW_024059827.1:7405,NW_024059827.1,7405,51.0773,25.145725,-25.931575000000002,4,4,16.0,0.02857142857142857,0.9266860194365075,True,False,hypo_siscowet
NW_024059827.1:7447,NW_024059827.1,7447,51.503499999999995,24.8775,-26.625999999999994,4,4,16.0,0.02857142857142857,0.9266860194365075,True,False,hypo_siscowet
NW_024059827.1:7484,NW_024059827.1,7484,48.827725,24.291024999999998,-24.536700000000003,4,4,16.0,0.02857142857142857,0.9266860194365075,True,False,hypo_siscowet
NW_024059827.1:7518,NW_024059827.1,7518,47.34587500000001,23.059900000000003,-24.285975000000004,4,4,16.0,0.02857142857142857,0.9266860194365075,True,False,hypo_siscowet
NW_024059827.1:7564,NW_024059827.1,7564,46.216499999999996,23.8248,-22.391699999999997,4,4,16.0,0.02857142857142857,0.9266860194365075,True,False,hypo_siscowet
NW_024059827.1:7574,NW_024059827.1,7574,39.025625,19.006425,-20.019199999999998,4,4,16.0,0.02857142857142857,0.9266860194365075,True,False,hypo_siscowet
NW_024059827.1:7595,NW_024059827.1,7595,38.55695,18.654300000000003,-19.902649999999998,4,4,16.0,0.02857142857142857,0.9266860194365075,True,False,hypo_siscowet
NW_024059827.1:7684,NW_024059827.1,7684,46.660650000000004,31.386400000000002,-15.274250000000002,4,4,16.0,0.02857142857142857,0.9266860194365075,True,False,hypo_siscowet
NW_024059827.1:7718,NW_024059827.1,7718,47.06382500000001,31.970275,-15.093550000000008,4,4,16.0,0.02857142857142857,0.9266860194365075,True,False,hypo_siscowet
NW_024059827.1:7752,NW_024059827.1,7752,50.499425,34.977775,-15.521650000000001,4,4,16.0,0.02857142857142857,0.9266860194365075,True,False,hypo_siscowet
NW_024059827.1:7764,NW_024059827.1,7764,49.886874999999996,32.388374999999996,-17.4985,4,4,16.0,0.02857142857142857,0.9266860194365075,True,False,hypo_siscowet
NW_024059827.1:7795,NW_024059827.1,7795,49.560775,32.57195,-16.988825,4,4,16.0,0.02857142857142857,0.9266860194365075,True,False,hypo_siscowet
NW_024059827.1:7805,NW_024059827.1,7805,50.780950000000004,29.8476,-20.933350000000004,4,4,16.0,0.02857142857142857,0.9266860194365075,True,False,hypo_siscowet
NW_024059827.1:7884,NW_024059827.1,7884,48.4661,29.708550000000002,-18.757549999999995,4,4,16.0,0.02857142857142857,0.9266860194365075,True,False,hypo_siscowet
NW_024059827.1:7918,NW_024059827.1,7918,44.144999999999996,27.287475,-16.857524999999995,4,4,16.0,0.02857142857142857,0.9266860194365075,True,False,hypo_siscowet
NW_024059827.1:7964,NW_024059827.1,7964,43.646575,26.027974999999998,-17.6186,4,4,16.0,0.02857142857142857,0.9266860194365075,True,False,hypo_siscowet
NW_024059827.1:7995,NW_024059827.1,7995,45.311925,24.533350000000002,-20.778575,4,4,16.0,0.02857142857142857,0.9266860194365075,True,False,hypo_siscowet
NW_024059827.1:8005,NW_024059827.1,8005,45.16135,24.73265,-20.4287,4,4,16.0,0.02857142857142857,0.9266860194365075,True,False,hypo_siscowet
NW_024059827.1:8047,NW_024059827.1,8047,49.668825,28.11755,-21.551274999999997,4,4,16.0,0.02857142857142857,0.9266860194365075,True,False,hypo_siscowet
NW_024059827.1:8084,NW_024059827.1,8084,52.492875000000005,29.924225,-22.568650000000005,4,4,16.0,0.02857142857142857,0.9266860194365075,True,False,hypo_siscowet
NW_024059827.1:8118,NW_024059827.1,8118,52.5464,28.657349999999997,-23.88905,4,4,16.0,0.029401048190339642,0.9266860194365075,True,False,hypo_siscowet
NW_024059827.1:8164,NW_024059827.1,8164,50.989599999999996,29.573175,-21.416424999999997,4,4,16.0,0.02857142857142857,0.9266860194365075,True,False,hypo_siscowet
NW_024059827.1:8174,NW_024059827.1,8174,43.17467499999999,24.3443,-18.830374999999993,4,4,16.0,0.02857142857142857,0.9266860194365075,True,False,hypo_siscowet
NW_024059827.1:8205,NW_024059827.1,8205,47.545125,28.53335,-19.011775,4,4,16.0,0.02857142857142857,0.9266860194365075,True,False,hypo_siscowet
NW_024059827.1:8248,NW_024059827.1,8248,48.605175,28.3756,-20.229575000000004,4,4,16.0,0.02857142857142857,0.9266860194365075,True,False,hypo_siscowet
NW_024059827.1:8285,NW_024059827.1,8285,49.600474999999996,28.71815,-20.882324999999994,4,4,16.0,0.02857142857142857,0.9266860194365075,True,False,hypo_siscowet
NW_024059827.1:8319,NW_024059827.1,8319,50.737700000000004,25.28575,-25.451950000000004,4,4,16.0,0.02857142857142857,0.9266860194365075,True,False,hypo_siscowet
NW_024059827.1:8365,NW_024059827.1,8365,42.92060000000001,25.215125,-17.705475000000007,4,4,16.0,0.02857142857142857,0.9266860194365075,True,False,hypo_siscowet
NW_024059827.1:8426,NW_024059827.1,8426,47.883224999999996,26.276225,-21.606999999999996,4,4,16.0,0.02857142857142857,0.9266860194365075,True,False,hypo_siscowet
NW_024059827.1:8467,NW_024059827.1,8467,43.890225,20.835375,-23.054850000000002,4,4,16.0,0.02857142857142857,0.9266860194365075,True,False,hypo_siscowet
NW_024059827.1:8509,NW_024059827.1,8509,47.026125,25.948125,-21.078,4,4,16.0,0.02857142857142857,0.9266860194365075,True,False,hypo_siscowet
NW_024059827.1:8546,NW_024059827.1,8546,51.006125,30.142874999999997,-20.86325,4,4,16.0,0.02857142857142857,0.9266860194365075,True,False,hypo_siscowet
NW_024059827.1:8580,NW_024059827.1,8580,55.887575,35.01535,-20.872225,4,4,16.0,0.02857142857142857,0.9266860194365075,True,False,hypo_siscowet
NW_024059827.1:8625,NW_024059827.1,8625,64.38919999999999,41.6988,-22.69039999999999,4,4,16.0,0.02857142857142857,0.9266860194365075,True,False,hypo_siscowet
NW_024059827.1:8666,NW_024059827.1,8666,71.743,52.63475,-19.108249999999998,4,4,16.0,0.02857142857142857,0.9266860194365075,True,False,hypo_siscowet
NW_024059827.1:8708,NW_024059827.1,8708,68.8006,51.147925,-17.652675000000002,4,4,16.0,0.02857142857142857,0.9266860194365075,True,False,hypo_siscowet
NW_024059827.1:8764,NW_024059827.1,8764,65.332,48.918724999999995,-16.413275,4,4,16.0,0.02857142857142857,0.9266860194365075,True,False,hypo_siscowet
NW_024059863.1:72675,NW_024059863.1,72675,45.864200000000004,79.74527499999999,33.88107499999999,3,4,0.0,0.04974599072150299,0.9266860194365075,True,False,hyper_siscowet
NW_024059863.1:77624,NW_024059863.1,77624,90.38755,65.11205,-25.275500000000008,4,4,16.0,0.02857142857142857,0.9266860194365075,True,False,hypo_siscowet
NW_024059863.1:78024,NW_024059863.1,78024,54.348,5.8218024999999995,-48.5261975,4,4,16.0,0.02857142857142857,0.9266860194365075,True,False,hypo_siscowet
NW_024059863.1:78040,NW_024059863.1,78040,55.477850000000004,5.9787025,-49.49914750000001,4,4,16.0,0.02857142857142857,0.9266860194365075,True,False,hypo_siscowet
NW_024059863.1:78052,NW_024059863.1,78052,59.32145,6.6147325,-52.706717499999996,4,4,16.0,0.029401048190339642,0.9266860194365075,True,False,hypo_siscowet
NW_024059863.1:78065,NW_024059863.1,78065,62.04837499999999,10.37223,-51.67614499999999,4,4,16.0,0.02857142857142857,0.9266860194365075,True,False,hypo_siscowet
NW_024059863.1:78144,NW_024059863.1,78144,59.18455,9.8684725,-49.316077500000006,4,4,16.0,0.02857142857142857,0.9266860194365075,True,False,hypo_siscowet
NW_024059863.1:78227,NW_024059863.1,78227,54.71000000000001,10.70777,-44.00223000000001,4,4,16.0,0.02857142857142857,0.9266860194365075,True,False,hypo_siscowet
NW_024059863.1:79911,NW_024059863.1,79911,45.3409,20.54204,-24.798859999999998,4,4,16.0,0.02857142857142857,0.9266860194365075,True,False,hypo_siscowet
NW_024059863.1:84920,NW_024059863.1,84920,53.84616666666667,34.0476,-19.798566666666666,3,4,12.0,0.04974599072150299,0.9266860194365075,True,False,hypo_siscowet
NW_024059886.1:4367,NW_024059886.1,4367,39.17746666666667,20.8943325,-18.283134166666667,3,4,12.0,0.04974599072150299,0.9266860194365075,True,False,hypo_siscowet
NW_024059896.1:1038413,NW_024059896.1,1038413,81.3108,61.07955,-20.231250000000003,4,4,16.0,0.02857142857142857,0.9266860194365075,True,False,hypo_siscowet
NW_024059896.1:1064814,NW_024059896.1,1064814,97.77776666666666,78.8392,-18.93856666666666,3,4,12.0,0.04974599072150299,0.9266860194365075,True,False,hypo_siscowet
NW_024059896.1:1074299,NW_024059896.1,1074299,0.0,21.2911325,21.2911325,3,4,0.0,0.04359664488554136,0.9266860194365075,True,False,hyper_siscowet
NW_024059896.1:1074304,NW_024059896.1,1074304,0.0,20.7197,20.7197,3,4,0.0,0.04359664488554136,0.9266860194365075,True,False,hyper_siscowet
NW_024059896.1:166260,NW_024059896.1,166260,3.508766666666667,18.971324999999997,15.46255833333333,3,4,0.0,0.04767810313602185,0.9266860194365075,True,False,hyper_siscowet
NW_024059896.1:260805,NW_024059896.1,260805,84.12696666666666,65.09462500000001,-19.032341666666653,3,4,12.0,0.04974599072150299,0.9266860194365075,True,False,hypo_siscowet
NW_024059896.1:285710,NW_024059896.1,285710,93.5606,73.30985,-20.250749999999996,4,4,16.0,0.029401048190339642,0.9266860194365075,True,False,hypo_siscowet
NW_024059896.1:296205,NW_024059896.1,296205,46.96966666666666,26.710075,-20.259591666666662,3,4,12.0,0.04974599072150299,0.9266860194365075,True,False,hypo_siscowet
NW_024059896.1:296261,NW_024059896.1,296261,46.96966666666666,26.21605,-20.753616666666662,3,4,12.0,0.04974599072150299,0.9266860194365075,True,False,hypo_siscowet
NW_024059896.1:296265,NW_024059896.1,296265,48.08076666666667,27.886300000000002,-20.194466666666667,3,4,12.0,0.04974599072150299,0.9266860194365075,True,False,hypo_siscowet
NW_024059896.1:494600,NW_024059896.1,494600,33.3333,62.6419,29.3086,3,4,0.0,0.04359664488554136,0.9266860194365075,True,False,hyper_siscowet
NW_024059897.1:502534,NW_024059897.1,502534,93.15475,59.52633333333333,-33.62841666666667,4,3,12.0,0.04974599072150299,0.9266860194365075,True,False,hypo_siscowet
NW_024059900.1:20623,NW_024059900.1,20623,37.205549999999995,18.799525,-18.406024999999996,4,4,16.0,0.02857142857142857,0.9266860194365075,True,False,hypo_siscowet
NW_024059900.1:20664,NW_024059900.1,20664,45.365474999999996,21.5465,-23.818974999999995,4,4,16.0,0.02857142857142857,0.9266860194365075,True,False,hypo_siscowet
NW_024059900.1:21042,NW_024059900.1,21042,52.507299999999994,33.3792,-19.128099999999996,4,4,16.0,0.02857142857142857,0.9266860194365075,True,False,hypo_siscowet
NW_024059900.1:21084,NW_024059900.1,21084,57.6362,30.7957,-26.840500000000002,4,4,16.0,0.02857142857142857,0.9266860194365075,True,False,hypo_siscowet
NW_024059900.1:21125,NW_024059900.1,21125,64.14115,36.6438,-27.497349999999997,4,4,16.0,0.029401048190339642,0.9266860194365075,True,False,hypo_siscowet
NW_024059900.1:21137,NW_024059900.1,21137,61.76455,39.2307,-22.53385,4,4,16.0,0.02857142857142857,0.9266860194365075,True,False,hypo_siscowet
NW_024059900.1:21171,NW_024059900.1,21171,61.395125,32.522125,-28.872999999999998,4,4,16.0,0.02857142857142857,0.9266860194365075,True,False,hypo_siscowet
NW_024059900.1:21205,NW_024059900.1,21205,58.646725,32.8281,-25.818625000000004,4,4,16.0,0.02857142857142857,0.9266860194365075,True,False,hypo_siscowet
NW_024059900.1:21242,NW_024059900.1,21242,55.27335,29.916425,-25.356925,4,4,16.0,0.02857142857142857,0.9266860194365075,True,False,hypo_siscowet
NW_024059900.1:21284,NW_024059900.1,21284,52.563024999999996,25.838350000000002,-26.724674999999994,4,4,16.0,0.02857142857142857,0.9266860194365075,True,False,hypo_siscowet
NW_024059900.1:21325,NW_024059900.1,21325,58.976975,25.621625,-33.35535,4,4,16.0,0.02857142857142857,0.9266860194365075,True,False,hypo_siscowet
NW_024059900.1:21337,NW_024059900.1,21337,65.266425,33.949775,-31.316649999999996,4,4,16.0,0.02857142857142857,0.9266860194365075,True,False,hypo_siscowet
NW_024059900.1:21371,NW_024059900.1,21371,57.390299999999996,30.84935,-26.540949999999995,4,4,16.0,0.02857142857142857,0.9266860194365075,True,False,hypo_siscowet
NW_024059900.1:21405,NW_024059900.1,21405,57.3204,30.775599999999997,-26.544800000000002,4,4,16.0,0.02857142857142857,0.9266860194365075,True,False,hypo_siscowet
NW_024059900.1:21525,NW_024059900.1,21525,66.35294999999999,32.92495,-33.42799999999999,4,4,16.0,0.02857142857142857,0.9266860194365075,True,False,hypo_siscowet
NW_024059900.1:21571,NW_024059900.1,21571,63.48157500000001,31.932924999999997,-31.54865000000001,4,4,16.0,0.02857142857142857,0.9266860194365075,True,False,hypo_siscowet
NW_024059900.1:21605,NW_024059900.1,21605,63.733025,31.030949999999997,-32.702075,4,4,16.0,0.02857142857142857,0.9266860194365075,True,False,hypo_siscowet
NW_024059900.1:21641,NW_024059900.1,21641,57.947675000000004,31.737075,-26.210600000000003,4,4,16.0,0.02857142857142857,0.9266860194365075,True,False,hypo_siscowet
NW_024059900.1:21683,NW_024059900.1,21683,46.722224999999995,25.195999999999998,-21.526224999999997,4,4,16.0,0.02857142857142857,0.9266860194365075,True,False,hypo_siscowet
NW_024059900.1:21724,NW_024059900.1,21724,51.90015,25.6776,-26.222549999999995,4,4,16.0,0.02857142857142857,0.9266860194365075,True,False,hypo_siscowet
NW_024059900.1:21841,NW_024059900.1,21841,56.91845,27.693824999999997,-29.224625000000003,4,4,16.0,0.02857142857142857,0.9266860194365075,True,False,hypo_siscowet
NW_024059900.1:21883,NW_024059900.1,21883,53.809025,27.299699999999998,-26.509325,4,4,16.0,0.02857142857142857,0.9266860194365075,True,False,hypo_siscowet
NW_024059900.1:21924,NW_024059900.1,21924,59.25155,30.6613,-28.59025,4,4,16.0,0.02857142857142857,0.9266860194365075,True,False,hypo_siscowet
NW_024059900.1:21970,NW_024059900.1,21970,61.03914999999999,28.58615,-32.45299999999999,4,4,16.0,0.02857142857142857,0.9266860194365075,True,False,hypo_siscowet
NW_024059900.1:22004,NW_024059900.1,22004,66.182625,28.0914,-38.091225,4,4,16.0,0.02857142857142857,0.9266860194365075,True,False,hypo_siscowet
NW_024059900.1:22041,NW_024059900.1,22041,64.2304,29.31025,-34.92015000000001,4,4,16.0,0.02857142857142857,0.9266860194365075,True,False,hypo_siscowet
NW_024059900.1:22083,NW_024059900.1,22083,58.671875,22.563275,-36.108599999999996,4,4,16.0,0.02857142857142857,0.9266860194365075,True,False,hypo_siscowet
NW_024059900.1:22093,NW_024059900.1,22093,55.5632,22.605975,-32.957225,4,4,16.0,0.02857142857142857,0.9266860194365075,True,False,hypo_siscowet
NW_024059900.1:22124,NW_024059900.1,22124,63.494,25.237174999999997,-38.256825000000006,4,4,16.0,0.02857142857142857,0.9266860194365075,True,False,hypo_siscowet
NW_024059900.1:22170,NW_024059900.1,22170,63.863625,24.544800000000002,-39.318825,4,4,16.0,0.02857142857142857,0.9266860194365075,True,False,hypo_siscowet
NW_024059900.1:22204,NW_024059900.1,22204,62.787675,25.405825,-37.38185,4,4,16.0,0.029401048190339642,0.9266860194365075,True,False,hypo_siscowet
NW_024059900.1:22241,NW_024059900.1,22241,64.111675,26.78285,-37.32882500000001,4,4,16.0,0.02857142857142857,0.9266860194365075,True,False,hypo_siscowet
NW_024059900.1:22325,NW_024059900.1,22325,62.23335,19.21315,-43.0202,4,4,16.0,0.02857142857142857,0.9266860194365075,True,False,hypo_siscowet
NW_024059900.1:22371,NW_024059900.1,22371,56.250949999999996,24.779849999999996,-31.4711,4,4,16.0,0.02857142857142857,0.9266860194365075,True,False,hypo_siscowet
NW_024059900.1:23284,NW_024059900.1,23284,35.8931,14.1554925,-21.737607499999996,4,4,16.0,0.02857142857142857,0.9266860194365075,True,False,hypo_siscowet
NW_024059900.1:23325,NW_024059900.1,23325,40.572025000000004,17.518925,-23.053100000000004,4,4,16.0,0.02857142857142857,0.9266860194365075,True,False,hypo_siscowet
NW_024059900.1:23371,NW_024059900.1,23371,37.307725,19.132725,-18.174999999999997,4,4,16.0,0.02857142857142857,0.9266860194365075,True,False,hypo_siscowet
NW_024059900.1:23405,NW_024059900.1,23405,42.7984,19.485975,-23.312425,4,4,16.0,0.02857142857142857,0.9266860194365075,True,False,hypo_siscowet
NW_024059900.1:23442,NW_024059900.1,23442,52.0701,26.930825,-25.139274999999998,4,4,16.0,0.02857142857142857,0.9266860194365075,True,False,hypo_siscowet
NW_024059900.1:23484,NW_024059900.1,23484,59.365249999999996,26.725975,-32.639275,4,4,16.0,0.029401048190339642,0.9266860194365075,True,False,hypo_siscowet
NW_024059900.1:23525,NW_024059900.1,23525,64.53495,27.195124999999997,-37.339825,4,4,16.0,0.02857142857142857,0.9266860194365075,True,False,hypo_siscowet
NW_024059900.1:23537,NW_024059900.1,23537,68.8586,29.265775,-39.59282499999999,4,4,16.0,0.029401048190339642,0.9266860194365075,True,False,hypo_siscowet
NW_024059900.1:23571,NW_024059900.1,23571,66.7303,29.8734,-36.856899999999996,4,4,16.0,0.02857142857142857,0.9266860194365075,True,False,hypo_siscowet
NW_024059900.1:23605,NW_024059900.1,23605,63.764500000000005,29.654775000000004,-34.109725,4,4,16.0,0.02857142857142857,0.9266860194365075,True,False,hypo_siscowet
NW_024059900.1:23683,NW_024059900.1,23683,51.37705,28.41585,-22.961199999999998,4,4,16.0,0.02857142857142857,0.9266860194365075,True,False,hypo_siscowet
NW_024059900.1:23714,NW_024059900.1,23714,45.6033,21.376075,-24.227224999999997,3,4,12.0,0.04974599072150299,0.9266860194365075,True,False,hypo_siscowet
NW_024059900.1:23724,NW_024059900.1,23724,49.260425,23.7893775,-25.471047499999997,4,4,16.0,0.02857142857142857,0.9266860194365075,True,False,hypo_siscowet
NW_024059900.1:23770,NW_024059900.1,23770,51.501625,28.430475,-23.071149999999996,4,4,16.0,0.02857142857142857,0.9266860194365075,True,False,hypo_siscowet
NW_024059900.1:23804,NW_024059900.1,23804,57.136175,22.756674999999998,-34.37950000000001,4,4,16.0,0.02857142857142857,0.9266860194365075,True,False,hypo_siscowet
NW_024059900.1:23841,NW_024059900.1,23841,53.655300000000004,21.713775000000002,-31.941525000000002,4,4,16.0,0.02857142857142857,0.9266860194365075,True,False,hypo_siscowet
NW_024059900.1:23862,NW_024059900.1,23862,49.405325,16.994475,-32.410849999999996,4,4,16.0,0.02857142857142857,0.9266860194365075,True,False,hypo_siscowet
NW_024059900.1:23883,NW_024059900.1,23883,48.590149999999994,18.3491,-30.241049999999994,4,4,16.0,0.02857142857142857,0.9266860194365075,True,False,hypo_siscowet
NW_024059900.1:23924,NW_024059900.1,23924,41.103925000000004,16.077075,-25.026850000000003,4,4,16.0,0.02857142857142857,0.9266860194365075,True,False,hypo_siscowet
NW_024059900.1:23986,NW_024059900.1,23986,37.85185,14.428025000000002,-23.423824999999997,4,4,16.0,0.02857142857142857,0.9266860194365075,True,False,hypo_siscowet
NW_024059900.1:24028,NW_024059900.1,24028,27.453975,11.11139,-16.342585,4,4,16.0,0.02857142857142857,0.9266860194365075,True,False,hypo_siscowet
NW_024059900.1:24272,NW_024059900.1,24272,40.483025,21.239775,-19.243249999999996,4,4,16.0,0.02857142857142857,0.9266860194365075,True,False,hypo_siscowet
NW_024059900.1:24313,NW_024059900.1,24313,49.67445,22.0781,-27.59635,4,4,16.0,0.02857142857142857,0.9266860194365075,True,False,hypo_siscowet
NW_024059900.1:24360,NW_024059900.1,24360,54.252,23.590825,-30.661175000000004,4,4,16.0,0.02857142857142857,0.9266860194365075,True,False,hypo_siscowet
NW_024059900.1:24416,NW_024059900.1,24416,55.014399999999995,25.362325,-29.652074999999996,4,4,16.0,0.02857142857142857,0.9266860194365075,True,False,hypo_siscowet
NW_024059900.1:24458,NW_024059900.1,24458,57.1195,27.92425,-29.19525,4,4,16.0,0.02857142857142857,0.9266860194365075,True,False,hypo_siscowet
NW_024059900.1:24499,NW_024059900.1,24499,48.168475,20.870649999999998,-27.297825000000003,4,4,16.0,0.02857142857142857,0.9266860194365075,True,False,hypo_siscowet
NW_024059900.1:24544,NW_024059900.1,24544,36.244749999999996,15.098400000000002,-21.146349999999995,4,4,16.0,0.02857142857142857,0.9266860194365075,True,False,hypo_siscowet
NW_024059900.1:24578,NW_024059900.1,24578,30.7314,14.025500000000001,-16.7059,4,4,16.0,0.02857142857142857,0.9266860194365075,True,False,hypo_siscowet
NW_024059900.1:24698,NW_024059900.1,24698,24.58685,9.159112499999999,-15.4277375,4,4,16.0,0.02857142857142857,0.9266860194365075,True,False,hypo_siscowet
NW_024059900.1:24852,NW_024059900.1,24852,50.879250000000006,28.04905,-22.830200000000005,4,4,16.0,0.02857142857142857,0.9266860194365075,True,False,hypo_siscowet
NW_024059900.1:24873,NW_024059900.1,24873,53.483225,32.8702,-20.613025,4,4,16.0,0.02857142857142857,0.9266860194365075,True,False,hypo_siscowet
NW_024059900.1:24982,NW_024059900.1,24982,68.53025000000001,45.48394999999999,-23.046300000000016,4,4,16.0,0.02857142857142857,0.9266860194365075,True,False,hypo_siscowet
NW_024059900.1:25007,NW_024059900.1,25007,67.94935,45.833349999999996,-22.116,4,4,16.0,0.02857142857142857,0.9266860194365075,True,False,hypo_siscowet
NW_024059900.1:25018,NW_024059900.1,25018,59.0486,41.331575,-17.717025,4,4,16.0,0.02857142857142857,0.9266860194365075,True,False,hypo_siscowet
NW_024059900.1:25383,NW_024059900.1,25383,28.181225,8.2505425,-19.930682500000003,4,4,16.0,0.02857142857142857,0.9266860194365075,True,False,hypo_siscowet
NW_024059900.1:25393,NW_024059900.1,25393,25.106175,8.7076925,-16.3984825,4,4,16.0,0.02857142857142857,0.9266860194365075,True,False,hypo_siscowet
NW_024059900.1:25401,NW_024059900.1,25401,36.689875,15.614275,-21.0756,4,4,16.0,0.02857142857142857,0.9266860194365075,True,False,hypo_siscowet
NW_024059900.1:25410,NW_024059900.1,25410,41.1668,17.6767,-23.4901,4,4,16.0,0.02857142857142857,0.9266860194365075,True,False,hypo_siscowet
NW_024059900.1:25413,NW_024059900.1,25413,55.117675000000006,26.898325,-28.219350000000006,4,4,16.0,0.029401048190339642,0.9266860194365075,True,False,hypo_siscowet
NW_024059900.1:25451,NW_024059900.1,25451,64.49940000000001,43.982625,-20.51677500000001,4,4,16.0,0.02857142857142857,0.9266860194365075,True,False,hypo_siscowet
NW_024059900.1:25507,NW_024059900.1,25507,65.844675,49.0601,-16.784574999999997,4,4,16.0,0.02857142857142857,0.9266860194365075,True,False,hypo_siscowet
NW_024059900.1:25510,NW_024059900.1,25510,72.00115,55.45325,-16.5479,4,4,16.0,0.02857142857142857,0.9266860194365075,True,False,hypo_siscowet
NW_024059900.1:25774,NW_024059900.1,25774,91.719525,72.04735,-19.67217500000001,4,4,16.0,0.02857142857142857,0.9266860194365075,True,False,hypo_siscowet
NW_024059900.1:27643,NW_024059900.1,27643,85.838075,68.819275,-17.0188,4,4,16.0,0.02857142857142857,0.9266860194365075,True,False,hypo_siscowet
NW_024059900.1:27651,NW_024059900.1,27651,84.80414999999999,63.394175000000004,-21.40997499999999,4,4,16.0,0.02857142857142857,0.9266860194365075,True,False,hypo_siscowet
NW_024059900.1:27656,NW_024059900.1,27656,83.60979999999999,66.40285,-17.206949999999992,4,4,16.0,0.029401048190339642,0.9266860194365075,True,False,hypo_siscowet
NW_024059900.1:27659,NW_024059900.1,27659,82.735825,63.9854,-18.750425000000007,4,4,16.0,0.02857142857142857,0.9266860194365075,True,False,hypo_siscowet
NW_024059907.1:14850,NW_024059907.1,14850,83.85745,63.999700000000004,-19.857749999999996,4,4,15.5,0.042066412206780826,0.9266860194365075,True,False,hypo_siscowet
NW_024059907.1:14871,NW_024059907.1,14871,80.947675,62.64865,-18.299025,4,4,16.0,0.02857142857142857,0.9266860194365075,True,False,hypo_siscowet
NW_024059907.1:14905,NW_024059907.1,14905,90.59395,75.40555,-15.188400000000001,4,4,16.0,0.02857142857142857,0.9266860194365075,True,False,hypo_siscowet
NW_024059907.1:23801,NW_024059907.1,23801,50.213725,29.599025,-20.614699999999996,4,4,16.0,0.02857142857142857,0.9266860194365075,True,False,hypo_siscowet
NW_024059907.1:24317,NW_024059907.1,24317,41.611975,25.101575,-16.5104,4,4,16.0,0.02857142857142857,0.9266860194365075,True,False,hypo_siscowet
NW_024059907.1:24351,NW_024059907.1,24351,41.98717499999999,23.18455,-18.802624999999992,4,4,16.0,0.02857142857142857,0.9266860194365075,True,False,hypo_siscowet
NW_024059907.1:24430,NW_024059907.1,24430,34.4591,15.204347499999999,-19.254752500000002,4,4,16.0,0.029401048190339642,0.9266860194365075,True,False,hypo_siscowet
NW_024059907.1:24532,NW_024059907.1,24532,38.085750000000004,19.5314375,-18.554312500000005,4,4,16.0,0.02857142857142857,0.9266860194365075,True,False,hypo_siscowet
NW_024059907.1:24578,NW_024059907.1,24578,46.385275,26.7252,-19.660075,4,4,16.0,0.02857142857142857,0.9266860194365075,True,False,hypo_siscowet
NW_024059907.1:24732,NW_024059907.1,24732,44.796099999999996,26.080275,-18.715824999999995,4,4,16.0,0.02857142857142857,0.9266860194365075,True,False,hypo_siscowet
NW_024059907.1:24978,NW_024059907.1,24978,42.567625,25.6337,-16.933925,4,4,16.0,0.02857142857142857,0.9266860194365075,True,False,hypo_siscowet
NW_024059907.1:25449,NW_024059907.1,25449,51.647800000000004,29.93445,-21.713350000000005,4,4,16.0,0.02857142857142857,0.9266860194365075,True,False,hypo_siscowet
NW_024059907.1:25491,NW_024059907.1,25491,55.1078,30.6361,-24.4717,4,4,16.0,0.02857142857142857,0.9266860194365075,True,False,hypo_siscowet
NW_024059907.1:25501,NW_024059907.1,25501,52.041275000000006,27.037975000000003,-25.003300000000003,4,4,16.0,0.029401048190339642,0.9266860194365075,True,False,hypo_siscowet
NW_024059907.1:25532,NW_024059907.1,25532,56.6496,29.723225,-26.926375,4,4,16.0,0.02857142857142857,0.9266860194365075,True,False,hypo_siscowet
NW_024059907.1:25732,NW_024059907.1,25732,58.91205000000001,29.24785,-29.664200000000008,4,4,16.0,0.02857142857142857,0.9266860194365075,True,False,hypo_siscowet
NW_024059907.1:25744,NW_024059907.1,25744,60.696675,37.78875,-22.907925,4,4,16.0,0.02857142857142857,0.9266860194365075,True,False,hypo_siscowet
NW_024059907.1:25778,NW_024059907.1,25778,53.0647,26.661175,-26.403525000000002,4,4,16.0,0.02857142857142857,0.9266860194365075,True,False,hypo_siscowet
NW_024059907.1:25812,NW_024059907.1,25812,52.385375,25.5133,-26.872075000000002,4,4,16.0,0.02857142857142857,0.9266860194365075,True,False,hypo_siscowet
NW_024059907.1:25849,NW_024059907.1,25849,47.51675,29.386424999999996,-18.130325000000006,4,4,16.0,0.02857142857142857,0.9266860194365075,True,False,hypo_siscowet
NW_024059907.1:25932,NW_024059907.1,25932,48.306225,33.033750000000005,-15.272474999999993,4,4,16.0,0.02857142857142857,0.9266860194365075,True,False,hypo_siscowet
NW_024059907.1:25944,NW_024059907.1,25944,54.18235,36.147225,-18.035125,4,4,16.0,0.02857142857142857,0.9266860194365075,True,False,hypo_siscowet
NW_024059907.1:25978,NW_024059907.1,25978,51.9782,31.313025000000003,-20.665174999999998,4,4,16.0,0.02857142857142857,0.9266860194365075,True,False,hypo_siscowet
NW_024059907.1:26012,NW_024059907.1,26012,54.89525,31.828725,-23.066525,4,4,16.0,0.02857142857142857,0.9266860194365075,True,False,hypo_siscowet
NW_024059907.1:26091,NW_024059907.1,26091,54.0149,30.707100000000004,-23.307799999999993,4,4,16.0,0.02857142857142857,0.9266860194365075,True,False,hypo_siscowet
NW_024059907.1:26178,NW_024059907.1,26178,53.07445,31.903425,-21.171025,4,4,16.0,0.02857142857142857,0.9266860194365075,True,False,hypo_siscowet
NW_024059907.1:26249,NW_024059907.1,26249,59.5,34.92825,-24.57175,4,4,15.5,0.042066412206780826,0.9266860194365075,True,False,hypo_siscowet
NW_024059907.1:26291,NW_024059907.1,26291,57.723325,30.891800000000003,-26.831525,4,4,16.0,0.02857142857142857,0.9266860194365075,True,False,hypo_siscowet
NW_024059907.1:26332,NW_024059907.1,26332,61.477925,31.726000000000006,-29.751924999999993,4,4,16.0,0.02857142857142857,0.9266860194365075,True,False,hypo_siscowet
NW_024059907.1:2635,NW_024059907.1,2635,57.140275,20.354575,-36.785700000000006,4,4,16.0,0.02857142857142857,0.9266860194365075,True,False,hypo_siscowet
NW_024059907.1:26378,NW_024059907.1,26378,54.484425,28.948025,-25.5364,4,4,16.0,0.02857142857142857,0.9266860194365075,True,False,hypo_siscowet
NW_024059907.1:26412,NW_024059907.1,26412,50.750675,28.17085,-22.579825,4,4,16.0,0.02857142857142857,0.9266860194365075,True,False,hypo_siscowet
NW_024059907.1:26449,NW_024059907.1,26449,48.048975,25.51825,-22.530725,4,4,16.0,0.02857142857142857,0.9266860194365075,True,False,hypo_siscowet
NW_024059907.1:26532,NW_024059907.1,26532,37.994125,20.916825,-17.077299999999997,4,4,16.0,0.02857142857142857,0.9266860194365075,True,False,hypo_siscowet
NW_024059907.1:26578,NW_024059907.1,26578,42.902975000000005,26.456525,-16.446450000000006,4,4,16.0,0.02857142857142857,0.9266860194365075,True,False,hypo_siscowet
NW_024059907.1:27350,NW_024059907.1,27350,38.68215000000001,22.494425,-16.187725000000007,4,4,16.0,0.02857142857142857,0.9266860194365075,True,False,hypo_siscowet
NW_024059907.1:3153,NW_024059907.1,3153,57.359275,31.48725,-25.872024999999997,4,4,16.0,0.02857142857142857,0.9266860194365075,True,False,hypo_siscowet
NW_024059907.1:3436,NW_024059907.1,3436,57.07452500000001,29.545650000000002,-27.528875000000006,4,4,16.0,0.02857142857142857,0.9266860194365075,True,False,hypo_siscowet
NW_024059907.1:5838,NW_024059907.1,5838,48.73635,23.499175,-25.237175,4,4,16.0,0.02857142857142857,0.9266860194365075,True,False,hypo_siscowet
NW_024059907.1:6469,NW_024059907.1,6469,53.208075,34.937725,-18.27035,4,4,16.0,0.02857142857142857,0.9266860194365075,True,False,hypo_siscowet
NW_024059907.1:6586,NW_024059907.1,6586,51.20135,35.348275,-15.853074999999997,4,4,16.0,0.02857142857142857,0.9266860194365075,True,False,hypo_siscowet
NW_024059912.1:22063,NW_024059912.1,22063,53.2828,24.002650000000003,-29.28015,4,4,16.0,0.02857142857142857,0.9266860194365075,True,False,hypo_siscowet
NW_024059912.1:23148,NW_024059912.1,23148,53.511900000000004,30.202550000000002,-23.309350000000002,4,4,16.0,0.02857142857142857,0.9266860194365075,True,False,hypo_siscowet
NW_024059912.1:23435,NW_024059912.1,23435,47.3515,26.862875,-20.488625000000003,4,4,16.0,0.02857142857142857,0.9266860194365075,True,False,hypo_siscowet
NW_024059912.1:23477,NW_024059912.1,23477,52.614925,32.072825,-20.542099999999998,4,4,16.0,0.029401048190339642,0.9266860194365075,True,False,hypo_siscowet
NW_024059912.1:23823,NW_024059912.1,23823,46.53445,22.531525,-24.002925,4,4,16.0,0.02857142857142857,0.9266860194365075,True,False,hypo_siscowet
NW_024059912.1:2749,NW_024059912.1,2749,50.0497,26.252475,-23.797225,4,4,16.0,0.02857142857142857,0.9266860194365075,True,False,hypo_siscowet
NW_024059912.1:2783,NW_024059912.1,2783,48.852125,23.23725,-25.614875,4,4,16.0,0.02857142857142857,0.9266860194365075,True,False,hypo_siscowet
NW_024059912.1:2829,NW_024059912.1,2829,49.196850000000005,24.447,-24.749850000000006,4,4,16.0,0.02857142857142857,0.9266860194365075,True,False,hypo_siscowet
NW_024059912.1:2870,NW_024059912.1,2870,49.5927,24.40475,-25.18795,4,4,16.0,0.02857142857142857,0.9266860194365075,True,False,hypo_siscowet
NW_024059912.1:2949,NW_024059912.1,2949,61.92252499999999,31.36555,-30.556974999999994,4,4,16.0,0.02857142857142857,0.9266860194365075,True,False,hypo_siscowet
NW_024059912.1:2983,NW_024059912.1,2983,65.232425,34.1003675,-31.13205750000001,4,4,16.0,0.02857142857142857,0.9266860194365075,True,False,hypo_siscowet
NW_024059912.1:3029,NW_024059912.1,3029,59.894925,35.764039999999994,-24.130885000000006,4,4,15.5,0.042066412206780826,0.9266860194365075,True,False,hypo_siscowet
NW_024059912.1:3112,NW_024059912.1,3112,54.095275,34.9577,-19.137575,4,4,16.0,0.02857142857142857,0.9266860194365075,True,False,hypo_siscowet
NW_024059912.1:3149,NW_024059912.1,3149,49.189825,28.744025,-20.4458,4,4,16.0,0.029401048190339642,0.9266860194365075,True,False,hypo_siscowet
NW_024059912.1:3183,NW_024059912.1,3183,43.27855,24.676725,-18.601825,4,4,16.0,0.02857142857142857,0.9266860194365075,True,False,hypo_siscowet
NW_024059912.1:3444,NW_024059912.1,3444,49.4495,28.331802500000002,-21.1176975,4,4,16.0,0.02857142857142857,0.9266860194365075,True,False,hypo_siscowet
NW_024059912.1:3572,NW_024059912.1,3572,71.038175,44.680925,-26.357249999999993,4,4,16.0,0.02857142857142857,0.9266860194365075,True,False,hypo_siscowet
NW_024059912.1:3628,NW_024059912.1,3628,66.884525,45.318625000000004,-21.565899999999992,4,4,16.0,0.02857142857142857,0.9266860194365075,True,False,hypo_siscowet
NW_024059912.1:4064,NW_024059912.1,4064,71.24445,52.792225,-18.452225,4,4,16.0,0.02857142857142857,0.9266860194365075,True,False,hypo_siscowet
NW_024059912.1:4126,NW_024059912.1,4126,85.55725,60.852675,-24.704575,4,4,16.0,0.02857142857142857,0.9266860194365075,True,False,hypo_siscowet
NW_024059927.1:5444,NW_024059927.1,5444,60.002224999999996,35.89745,-24.104774999999997,4,4,16.0,0.02857142857142857,0.9266860194365075,True,False,hypo_siscowet
NW_024059927.1:6171,NW_024059927.1,6171,65.3546,49.8296,-15.525000000000006,4,4,16.0,0.02857142857142857,0.9266860194365075,True,False,hypo_siscowet
NW_024059927.1:6213,NW_024059927.1,6213,62.858775,46.404575,-16.4542,4,4,15.5,0.042066412206780826,0.9266860194365075,True,False,hypo_siscowet
NW_024059927.1:6254,NW_024059927.1,6254,67.44665,50.3367,-17.109950000000005,4,4,16.0,0.02857142857142857,0.9266860194365075,True,False,hypo_siscowet
NW_024059927.1:6334,NW_024059927.1,6334,68.768775,47.7867,-20.982075000000002,4,4,16.0,0.02857142857142857,0.9266860194365075,True,False,hypo_siscowet
NW_024059927.1:6371,NW_024059927.1,6371,66.4949,48.053475,-18.441425000000002,4,4,16.0,0.02857142857142857,0.9266860194365075,True,False,hypo_siscowet
NW_024059927.1:6454,NW_024059927.1,6454,68.963,47.4851,-21.47789999999999,4,4,16.0,0.02857142857142857,0.9266860194365075,True,False,hypo_siscowet
NW_024059927.1:6710,NW_024059927.1,6710,83.8004,64.62415,-19.176249999999996,4,4,16.0,0.02857142857142857,0.9266860194365075,True,False,hypo_siscowet
NW_024059927.1:8112,NW_024059927.1,8112,40.53257500000001,20.976,-19.55657500000001,4,4,16.0,0.02857142857142857,0.9266860194365075,True,False,hypo_siscowet
NW_024059927.1:8130,NW_024059927.1,8130,56.550525,30.923650000000002,-25.626875,4,4,16.0,0.02857142857142857,0.9266860194365075,True,False,hypo_siscowet
NW_024059927.1:8139,NW_024059927.1,8139,60.834975,32.9142,-27.920775,4,4,16.0,0.02857142857142857,0.9266860194365075,True,False,hypo_siscowet
NW_024059927.1:8142,NW_024059927.1,8142,73.4589,52.0964,-21.362499999999997,4,4,16.0,0.02857142857142857,0.9266860194365075,True,False,hypo_siscowet
NW_024059927.1:8180,NW_024059927.1,8180,79.752,64.66075000000001,-15.091249999999988,4,4,16.0,0.02857142857142857,0.9266860194365075,True,False,hypo_siscowet
NW_024059952.1:23575,NW_024059952.1,23575,96.56200000000001,81.2842,-15.277800000000013,4,4,16.0,0.029401048190339642,0.9266860194365075,True,False,hypo_siscowet
NW_024059973.1:10191,NW_024059973.1,10191,74.58585,48.01285,-26.572999999999993,4,4,16.0,0.02857142857142857,0.9266860194365075,True,False,hypo_siscowet
NW_024059973.1:10275,NW_024059973.1,10275,64.2218,47.701825,-16.519975000000002,4,4,16.0,0.029401048190339642,0.9266860194365075,True,False,hypo_siscowet
NW_024059973.1:10475,NW_024059973.1,10475,73.66245,52.275575,-21.386875000000003,4,4,16.0,0.02857142857142857,0.9266860194365075,True,False,hypo_siscowet
NW_024059973.1:11237,NW_024059973.1,11237,73.852,52.38535,-21.46665,4,4,16.0,0.02857142857142857,0.9266860194365075,True,False,hypo_siscowet
NW_024059973.1:11268,NW_024059973.1,11268,73.01065,49.896550000000005,-23.114099999999993,4,4,16.0,0.02857142857142857,0.9266860194365075,True,False,hypo_siscowet
NW_024059973.1:11358,NW_024059973.1,11358,76.27745,53.344300000000004,-22.933149999999998,4,4,16.0,0.02857142857142857,0.9266860194365075,True,False,hypo_siscowet
NW_024059973.1:11724,NW_024059973.1,11724,61.909099999999995,39.722225,-22.186874999999993,4,4,16.0,0.02857142857142857,0.9266860194365075,True,False,hypo_siscowet
NW_024059973.1:7991,NW_024059973.1,7991,69.49065,47.37565,-22.115000000000002,4,4,16.0,0.02857142857142857,0.9266860194365075,True,False,hypo_siscowet
NW_024059973.1:8074,NW_024059973.1,8074,72.22985,41.32725,-30.9026,4,4,16.0,0.02857142857142857,0.9266860194365075,True,False,hypo_siscowet
NW_024059973.1:8754,NW_024059973.1,8754,69.17564999999999,49.714400000000005,-19.461249999999986,4,4,16.0,0.02857142857142857,0.9266860194365075,True,False,hypo_siscowet
NW_024059973.1:8920,NW_024059973.1,8920,73.725,48.66005,-25.064949999999996,4,4,16.0,0.02857142857142857,0.9266860194365075,True,False,hypo_siscowet
NW_024059973.1:9434,NW_024059973.1,9434,66.81226666666667,39.970225000000006,-26.842041666666667,3,4,12.0,0.04974599072150299,0.9266860194365075,True,False,hypo_siscowet
NW_024060001.1:10409,NW_024060001.1,10409,97.0486,80.61656666666666,-16.432033333333337,4,3,12.0,0.04974599072150299,0.9266860194365075,True,False,hypo_siscowet
NW_024060001.1:13,NW_024060001.1,13,62.03116666666667,28.543899999999997,-33.48726666666667,3,4,12.0,0.04974599072150299,0.9266860194365075,True,False,hypo_siscowet
NW_024060001.1:1403,NW_024060001.1,1403,41.678,13.0456775,-28.632322499999997,4,4,16.0,0.02857142857142857,0.9266860194365075,True,False,hypo_siscowet
NW_024060001.1:172,NW_024060001.1,172,49.69815,17.810177499999998,-31.8879725,4,4,16.0,0.02857142857142857,0.9266860194365075,True,False,hypo_siscowet
NW_024060001.1:3013,NW_024060001.1,3013,34.5737,17.7718,-16.801900000000003,4,4,16.0,0.02857142857142857,0.9266860194365075,True,False,hypo_siscowet
NW_024060001.1:4637,NW_024060001.1,4637,36.540075,15.7487175,-20.791357500000004,4,4,16.0,0.02857142857142857,0.9266860194365075,True,False,hypo_siscowet
NW_024060001.1:4727,NW_024060001.1,4727,45.43755,29.308275,-16.129275000000003,4,4,16.0,0.02857142857142857,0.9266860194365075,True,False,hypo_siscowet
NW_024060001.1:4816,NW_024060001.1,4816,35.97455,19.4080575,-16.5664925,4,4,16.0,0.02857142857142857,0.9266860194365075,True,False,hypo_siscowet
NW_024060001.1:4927,NW_024060001.1,4927,41.277325,25.96585,-15.311474999999998,4,4,16.0,0.02857142857142857,0.9266860194365075,True,False,hypo_siscowet
NW_024060001.1:4964,NW_024060001.1,4964,43.16445,25.124575,-18.039875000000002,4,4,16.0,0.02857142857142857,0.9266860194365075,True,False,hypo_siscowet
NW_024060001.1:5006,NW_024060001.1,5006,39.179,20.837175000000002,-18.341825,4,4,16.0,0.02857142857142857,0.9266860194365075,True,False,hypo_siscowet
NW_024060001.1:5047,NW_024060001.1,5047,40.68245,23.071299999999997,-17.611150000000006,4,4,16.0,0.02857142857142857,0.9266860194365075,True,False,hypo_siscowet
NW_024060001.1:5093,NW_024060001.1,5093,40.0002,22.82825,-17.17195,4,4,16.0,0.02857142857142857,0.9266860194365075,True,False,hypo_siscowet
NW_024060001.1:5127,NW_024060001.1,5127,42.31485,23.755325,-18.559525,4,4,16.0,0.02857142857142857,0.9266860194365075,True,False,hypo_siscowet
NW_024060001.1:5406,NW_024060001.1,5406,40.766625000000005,23.487275,-17.279350000000004,4,4,16.0,0.02857142857142857,0.9266860194365075,True,False,hypo_siscowet
NW_024060001.1:5447,NW_024060001.1,5447,44.849425,23.064825000000003,-21.784599999999994,4,4,16.0,0.02857142857142857,0.9266860194365075,True,False,hypo_siscowet
NW_024060001.1:5493,NW_024060001.1,5493,40.611975,22.80475,-17.807225000000003,4,4,16.0,0.02857142857142857,0.9266860194365075,True,False,hypo_siscowet
NW_024060001.1:5527,NW_024060001.1,5527,44.297925000000006,23.746125,-20.551800000000007,4,4,16.0,0.02857142857142857,0.9266860194365075,True,False,hypo_siscowet
NW_024060001.1:5564,NW_024060001.1,5564,41.685425,25.041600000000003,-16.643825,4,4,16.0,0.02857142857142857,0.9266860194365075,True,False,hypo_siscowet
NW_024060001.1:5727,NW_024060001.1,5727,41.236374999999995,25.973824999999998,-15.262549999999997,4,4,16.0,0.02857142857142857,0.9266860194365075,True,False,hypo_siscowet
NW_024060001.1:5859,NW_024060001.1,5859,53.544349999999994,31.7813,-21.763049999999993,4,4,16.0,0.02857142857142857,0.9266860194365075,True,False,hypo_siscowet
NW_024060001.1:6006,NW_024060001.1,6006,39.00965,20.84095,-18.1687,4,4,16.0,0.02857142857142857,0.9266860194365075,True,False,hypo_siscowet
NW_024060001.1:6016,NW_024060001.1,6016,38.79375,18.570515,-20.223235000000003,4,4,16.0,0.02857142857142857,0.9266860194365075,True,False,hypo_siscowet
NW_024060001.1:6047,NW_024060001.1,6047,44.923100000000005,26.683375,-18.239725000000004,4,4,16.0,0.02857142857142857,0.9266860194365075,True,False,hypo_siscowet
NW_024060001.1:6093,NW_024060001.1,6093,44.542525000000005,24.7581,-19.784425000000006,4,4,16.0,0.02857142857142857,0.9266860194365075,True,False,hypo_siscowet
NW_024060001.1:6127,NW_024060001.1,6127,44.537549999999996,26.308,-18.229549999999996,4,4,16.0,0.02857142857142857,0.9266860194365075,True,False,hypo_siscowet
NW_024060001.1:6164,NW_024060001.1,6164,43.029300000000006,26.28185,-16.747450000000008,4,4,16.0,0.02857142857142857,0.9266860194365075,True,False,hypo_siscowet
NW_024060001.1:6406,NW_024060001.1,6406,45.085475,27.389625000000002,-17.69585,4,4,16.0,0.02857142857142857,0.9266860194365075,True,False,hypo_siscowet
NW_024060001.1:7247,NW_024060001.1,7247,46.662475,24.028415000000003,-22.634059999999998,4,4,16.0,0.02857142857142857,0.9266860194365075,True,False,hypo_siscowet
NW_024060001.1:7259,NW_024060001.1,7259,52.731425,28.0672,-24.664225000000002,4,4,16.0,0.02857142857142857,0.9266860194365075,True,False,hypo_siscowet
NW_024060001.1:7586,NW_024060001.1,7586,41.7038,21.272100000000002,-20.4317,4,4,16.0,0.02857142857142857,0.9266860194365075,True,False,hypo_siscowet
NW_024060008.1:598095,NW_024060008.1,598095,72.522325,49.35095,-23.171374999999998,4,4,16.0,0.02857142857142857,0.9266860194365075,True,False,hypo_siscowet
NW_024060008.1:598235,NW_024060008.1,598235,41.52355,10.736825,-30.786725,4,4,16.0,0.02857142857142857,0.9266860194365075,True,False,hypo_siscowet
NW_024060008.1:598245,NW_024060008.1,598245,30.28775,7.170915000000001,-23.116835,4,4,16.0,0.02857142857142857,0.9266860194365075,True,False,hypo_siscowet
NW_024060008.1:598309,NW_024060008.1,598309,46.536049999999996,11.160715,-35.37533499999999,4,4,16.0,0.02857142857142857,0.9266860194365075,True,False,hypo_siscowet
NW_024060008.1:598359,NW_024060008.1,598359,49.431225,12.105627499999999,-37.3255975,4,4,16.0,0.02857142857142857,0.9266860194365075,True,False,hypo_siscowet
NW_024060008.1:598382,NW_024060008.1,598382,29.67175,9.195805,-20.475945,4,4,16.0,0.02857142857142857,0.9266860194365075,True,False,hypo_siscowet
NW_024060008.1:598401,NW_024060008.1,598401,36.13095,10.970704999999999,-25.160245,4,4,16.0,0.02857142857142857,0.9266860194365075,True,False,hypo_siscowet
NW_024060008.1:598417,NW_024060008.1,598417,27.68795,4.845155,-22.842795000000002,4,4,16.0,0.02857142857142857,0.9266860194365075,True,False,hypo_siscowet
NW_024060008.1:598461,NW_024060008.1,598461,25.511975,7.703339999999999,-17.808635000000002,4,4,16.0,0.02857142857142857,0.9266860194365075,True,False,hypo_siscowet
NW_024060008.1:598483,NW_024060008.1,598483,23.66485,5.34699,-18.317860000000003,4,4,16.0,0.02857142857142857,0.9266860194365075,True,False,hypo_siscowet
NW_024060008.1:598507,NW_024060008.1,598507,21.207982499999996,2.13387,-19.0741125,4,4,16.0,0.029401048190339642,0.9266860194365075,True,False,hypo_siscowet
NW_024060008.1:598545,NW_024060008.1,598545,17.795569999999998,2.34778,-15.447789999999998,4,4,16.0,0.029401048190339642,0.9266860194365075,True,False,hypo_siscowet
NW_024060008.1:598550,NW_024060008.1,598550,17.6001175,0.431035,-17.1690825,4,4,16.0,0.026518721959430728,0.9266860194365075,True,False,hypo_siscowet
NW_024060008.1:598566,NW_024060008.1,598566,17.995357499999997,1.89341,-16.101947499999998,4,4,16.0,0.029401048190339642,0.9266860194365075,True,False,hypo_siscowet
NW_024060008.1:598594,NW_024060008.1,598594,18.39365,2.2321425,-16.1615075,4,4,16.0,0.029401048190339642,0.9266860194365075,True,False,hypo_siscowet
NW_024060008.1:598601,NW_024060008.1,598601,20.23505,1.5625,-18.67255,4,4,16.0,0.026518721959430728,0.9266860194365075,True,False,hypo_siscowet
NW_024060008.1:598627,NW_024060008.1,598627,15.806674999999998,0.4166675,-15.390007499999998,4,4,16.0,0.026518721959430728,0.9266860194365075,True,False,hypo_siscowet
NW_024060008.1:598750,NW_024060008.1,598750,18.58585,0.8333325,-17.7525175,4,4,16.0,0.026518721959430728,0.9266860194365075,True,False,hypo_siscowet
NW_024060008.1:598817,NW_024060008.1,598817,29.9969,7.0436375,-22.9532625,4,4,16.0,0.02857142857142857,0.9266860194365075,True,False,hypo_siscowet
NW_024060008.1:598908,NW_024060008.1,598908,34.53055,9.906512500000002,-24.624037499999996,4,4,16.0,0.029401048190339642,0.9266860194365075,True,False,hypo_siscowet
NW_024060008.1:599005,NW_024060008.1,599005,33.110375000000005,7.871992499999999,-25.238382500000007,4,4,16.0,0.02857142857142857,0.9266860194365075,True,False,hypo_siscowet
NW_024060008.1:599025,NW_024060008.1,599025,31.509775,7.894725000000001,-23.61505,4,4,16.0,0.029401048190339642,0.9266860194365075,True,False,hypo_siscowet
NW_024060008.1:599115,NW_024060008.1,599115,27.8014,8.6021425,-19.1992575,4,4,16.0,0.02857142857142857,0.9266860194365075,True,False,hypo_siscowet
NW_024060008.1:599152,NW_024060008.1,599152,28.188850000000002,8.6738175,-19.515032500000004,4,4,16.0,0.029401048190339642,0.9266860194365075,True,False,hypo_siscowet
NW_024060008.1:599182,NW_024060008.1,599182,37.1232,10.8624575,-26.2607425,4,4,16.0,0.02857142857142857,0.9266860194365075,True,False,hypo_siscowet
NW_024060008.1:599300,NW_024060008.1,599300,38.82195,8.576845,-30.245105000000002,4,4,16.0,0.02857142857142857,0.9266860194365075,True,False,hypo_siscowet
NW_024060018.1:25650,NW_024060018.1,25650,83.27486666666665,67.045475,-16.229391666666658,3,4,12.0,0.04359664488554136,0.9266860194365075,True,False,hypo_siscowet
NW_024060070.1:21504,NW_024060070.1,21504,77.7296,49.315625,-28.413975000000008,4,4,16.0,0.02857142857142857,0.9266860194365075,True,False,hypo_siscowet
NW_024060070.1:21507,NW_024060070.1,21507,76.502925,47.177400000000006,-29.325525,4,4,16.0,0.02857142857142857,0.9266860194365075,True,False,hypo_siscowet
NW_024060070.1:21545,NW_024060070.1,21545,68.94405,33.1218,-35.822250000000004,4,4,16.0,0.02857142857142857,0.9266860194365075,True,False,hypo_siscowet
NW_024060070.1:21548,NW_024060070.1,21548,51.514375,20.274175,-31.2402,4,4,16.0,0.02857142857142857,0.9266860194365075,True,False,hypo_siscowet
NW_024060070.1:21557,NW_024060070.1,21557,46.380050000000004,17.990450000000003,-28.3896,4,4,16.0,0.02857142857142857,0.9266860194365075,True,False,hypo_siscowet
NW_024060070.1:21565,NW_024060070.1,21565,34.157625,10.371015,-23.786610000000003,4,4,16.0,0.02857142857142857,0.9266860194365075,True,False,hypo_siscowet
NW_024060070.1:21575,NW_024060070.1,21575,35.15765,12.4467825,-22.7108675,4,4,16.0,0.02857142857142857,0.9266860194365075,True,False,hypo_siscowet
NW_024060070.1:21638,NW_024060070.1,21638,19.818925,4.45251,-15.366415,4,4,16.0,0.02857142857142857,0.9266860194365075,True,False,hypo_siscowet
NW_024060070.1:21646,NW_024060070.1,21646,21.809475,4.97806,-16.831415,4,4,16.0,0.02857142857142857,0.9266860194365075,True,False,hypo_siscowet
NW_024060070.1:21770,NW_024060070.1,21770,24.149250000000002,8.653795,-15.495455000000002,4,4,16.0,0.02857142857142857,0.9266860194365075,True,False,hypo_siscowet
NW_024060070.1:21829,NW_024060070.1,21829,34.186325,10.8178,-23.368524999999998,4,4,16.0,0.02857142857142857,0.9266860194365075,True,False,hypo_siscowet
NW_024060070.1:21866,NW_024060070.1,21866,49.209125,18.977024999999998,-30.232100000000003,4,4,16.0,0.02857142857142857,0.9266860194365075,True,False,hypo_siscowet
NW_024060070.1:21907,NW_024060070.1,21907,71.403125,35.98555,-35.417575,4,4,16.0,0.02857142857142857,0.9266860194365075,True,False,hypo_siscowet
NW_024060070.1:21940,NW_024060070.1,21940,76.767525,44.419050000000006,-32.348475,4,4,16.0,0.02857142857142857,0.9266860194365075,True,False,hypo_siscowet
NW_024060070.1:21951,NW_024060070.1,21951,81.81035,54.307449999999996,-27.502900000000004,4,4,16.0,0.02857142857142857,0.9266860194365075,True,False,hypo_siscowet
NW_024060070.1:21976,NW_024060070.1,21976,83.1726,56.12827499999999,-27.044325000000015,4,4,15.5,0.042066412206780826,0.9266860194365075,True,False,hypo_siscowet
NW_024060070.1:22106,NW_024060070.1,22106,61.360575,36.962424999999996,-24.39815,4,4,16.0,0.02857142857142857,0.9266860194365075,True,False,hypo_siscowet
NW_024060070.1:22343,NW_024060070.1,22343,41.368674999999996,16.8078325,-24.560842499999996,4,4,16.0,0.02857142857142857,0.9266860194365075,True,False,hypo_siscowet
NW_024060070.1:22380,NW_024060070.1,22380,46.395700000000005,19.82225,-26.573450000000005,4,4,16.0,0.02857142857142857,0.9266860194365075,True,False,hypo_siscowet
NW_024060070.1:22414,NW_024060070.1,22414,48.357775,21.047475,-27.310299999999998,4,4,16.0,0.02857142857142857,0.9266860194365075,True,False,hypo_siscowet
NW_024060070.1:22500,NW_024060070.1,22500,69.53002500000001,35.762675,-33.76735000000001,4,4,16.0,0.02857142857142857,0.9266860194365075,True,False,hypo_siscowet
NW_024060070.1:22542,NW_024060070.1,22542,67.92435,34.82495,-33.0994,4,4,16.0,0.02857142857142857,0.9266860194365075,True,False,hypo_siscowet
NW_024060070.1:22645,NW_024060070.1,22645,57.697900000000004,30.696475,-27.001425000000005,4,4,16.0,0.02857142857142857,0.9266860194365075,True,False,hypo_siscowet
NW_024060070.1:22686,NW_024060070.1,22686,55.03935,25.906175,-29.133174999999998,4,4,16.0,0.02857142857142857,0.9266860194365075,True,False,hypo_siscowet
NW_024060070.1:22728,NW_024060070.1,22728,47.474025000000005,21.754825,-25.719200000000004,4,4,16.0,0.02857142857142857,0.9266860194365075,True,False,hypo_siscowet
NW_024060070.1:22801,NW_024060070.1,22801,34.39805,15.424052499999998,-18.9739975,4,4,16.0,0.02857142857142857,0.9266860194365075,True,False,hypo_siscowet
NW_024060070.1:22847,NW_024060070.1,22847,29.367625000000004,12.1702,-17.197425000000003,4,4,16.0,0.02857142857142857,0.9266860194365075,True,False,hypo_siscowet
NW_024060070.1:22857,NW_024060070.1,22857,26.756924999999995,10.7505375,-16.006387499999995,4,4,16.0,0.02857142857142857,0.9266860194365075,True,False,hypo_siscowet
NW_024060070.1:22909,NW_024060070.1,22909,32.858850000000004,15.664100000000001,-17.194750000000003,4,4,16.0,0.02857142857142857,0.9266860194365075,True,False,hypo_siscowet
NW_024060070.1:22930,NW_024060070.1,22930,35.634625,18.470775,-17.16385,4,4,16.0,0.02857142857142857,0.9266860194365075,True,False,hypo_siscowet
NW_024060070.1:23154,NW_024060070.1,23154,68.648725,35.2254,-33.423325,4,4,16.0,0.02857142857142857,0.9266860194365075,True,False,hypo_siscowet
NW_024060070.1:23188,NW_024060070.1,23188,71.08615,32.602875,-38.483275000000006,4,4,16.0,0.02857142857142857,0.9266860194365075,True,False,hypo_siscowet
NW_024060070.1:23222,NW_024060070.1,23222,66.85499999999999,32.031275,-34.82372499999999,4,4,16.0,0.02857142857142857,0.9266860194365075,True,False,hypo_siscowet
NW_024060070.1:23234,NW_024060070.1,23234,63.561949999999996,28.9328,-34.629149999999996,4,4,16.0,0.02857142857142857,0.9266860194365075,True,False,hypo_siscowet
NW_024060070.1:23275,NW_024060070.1,23275,63.126124999999995,27.33805,-35.78807499999999,4,4,16.0,0.02857142857142857,0.9266860194365075,True,False,hypo_siscowet
NW_024060070.1:23317,NW_024060070.1,23317,57.435675,27.759500000000003,-29.676175,4,4,16.0,0.02857142857142857,0.9266860194365075,True,False,hypo_siscowet
NW_024060070.1:23444,NW_024060070.1,23444,51.979049999999994,19.286725,-32.692325,4,4,16.0,0.02857142857142857,0.9266860194365075,True,False,hypo_siscowet
NW_024060070.1:23475,NW_024060070.1,23475,52.898975,24.039975000000002,-28.858999999999998,4,4,16.0,0.02857142857142857,0.9266860194365075,True,False,hypo_siscowet
NW_024060070.1:23517,NW_024060070.1,23517,54.9127,26.819775,-28.092925,4,4,16.0,0.02857142857142857,0.9266860194365075,True,False,hypo_siscowet
NW_024060070.1:23554,NW_024060070.1,23554,57.533024999999995,26.8183,-30.714724999999994,4,4,16.0,0.02857142857142857,0.9266860194365075,True,False,hypo_siscowet
NW_024060070.1:23588,NW_024060070.1,23588,56.960125,25.904224999999997,-31.0559,4,4,16.0,0.02857142857142857,0.9266860194365075,True,False,hypo_siscowet
NW_024060070.1:23634,NW_024060070.1,23634,63.05245,25.582925000000003,-37.469525,4,4,16.0,0.02857142857142857,0.9266860194365075,True,False,hypo_siscowet
NW_024060070.1:23675,NW_024060070.1,23675,61.615625,22.832475000000002,-38.78315,4,4,16.0,0.02857142857142857,0.9266860194365075,True,False,hypo_siscowet
NW_024060070.1:23717,NW_024060070.1,23717,66.185075,26.549999999999997,-39.635075,4,4,16.0,0.02857142857142857,0.9266860194365075,True,False,hypo_siscowet
NW_024060070.1:23754,NW_024060070.1,23754,69.0564,27.2258,-41.8306,4,4,16.0,0.02857142857142857,0.9266860194365075,True,False,hypo_siscowet
NW_024060070.1:23788,NW_024060070.1,23788,65.16285,27.622875,-37.539975000000005,4,4,16.0,0.02857142857142857,0.9266860194365075,True,False,hypo_siscowet
NW_024060070.1:23822,NW_024060070.1,23822,75.5712,46.1455,-29.425700000000006,4,4,16.0,0.02857142857142857,0.9266860194365075,True,False,hypo_siscowet
NW_024060070.1:23834,NW_024060070.1,23834,71.7083,28.33585,-43.37244999999999,4,4,16.0,0.02857142857142857,0.9266860194365075,True,False,hypo_siscowet
NW_024060070.1:23875,NW_024060070.1,23875,68.32152500000001,27.597,-40.72452500000001,4,4,16.0,0.02857142857142857,0.9266860194365075,True,False,hypo_siscowet
NW_024060070.1:23917,NW_024060070.1,23917,68.55825,28.888199999999998,-39.67005,4,4,16.0,0.02857142857142857,0.9266860194365075,True,False,hypo_siscowet
NW_024060070.1:23954,NW_024060070.1,23954,61.592200000000005,23.852899999999998,-37.73930000000001,4,4,16.0,0.02857142857142857,0.9266860194365075,True,False,hypo_siscowet
NW_024060070.1:23988,NW_024060070.1,23988,56.154175,21.217775000000003,-34.9364,4,4,16.0,0.02857142857142857,0.9266860194365075,True,False,hypo_siscowet
NW_024060070.1:24034,NW_024060070.1,24034,55.09972499999999,20.709699999999998,-34.390024999999994,4,4,16.0,0.02857142857142857,0.9266860194365075,True,False,hypo_siscowet
NW_024060070.1:24075,NW_024060070.1,24075,57.66425,24.437125,-33.227125,4,4,16.0,0.02857142857142857,0.9266860194365075,True,False,hypo_siscowet
NW_024060070.1:24117,NW_024060070.1,24117,61.64275000000001,27.4343,-34.208450000000006,4,4,16.0,0.02857142857142857,0.9266860194365075,True,False,hypo_siscowet
NW_024060070.1:24154,NW_024060070.1,24154,64.94085,29.06445,-35.8764,4,4,16.0,0.02857142857142857,0.9266860194365075,True,False,hypo_siscowet
NW_024060070.1:24188,NW_024060070.1,24188,65.9311,28.7374,-37.1937,4,4,16.0,0.02857142857142857,0.9266860194365075,True,False,hypo_siscowet
NW_024060070.1:24234,NW_024060070.1,24234,59.439425,28.348325,-31.0911,4,4,16.0,0.02857142857142857,0.9266860194365075,True,False,hypo_siscowet
NW_024060070.1:24275,NW_024060070.1,24275,63.910275,26.596,-37.314274999999995,4,4,16.0,0.02857142857142857,0.9266860194365075,True,False,hypo_siscowet
NW_024060070.1:24317,NW_024060070.1,24317,65.033125,26.282975,-38.75015,4,4,16.0,0.02857142857142857,0.9266860194365075,True,False,hypo_siscowet
NW_024060070.1:24354,NW_024060070.1,24354,65.775125,28.890075000000003,-36.88505,4,4,16.0,0.02857142857142857,0.9266860194365075,True,False,hypo_siscowet
NW_024060070.1:24388,NW_024060070.1,24388,66.12805,30.4991,-35.62895,4,4,16.0,0.02857142857142857,0.9266860194365075,True,False,hypo_siscowet
NW_024060070.1:24422,NW_024060070.1,24422,70.30449999999999,26.4583,-43.84619999999999,4,4,16.0,0.02857142857142857,0.9266860194365075,True,False,hypo_siscowet
NW_024060070.1:24434,NW_024060070.1,24434,68.0632,26.334125,-41.729074999999995,4,4,16.0,0.02857142857142857,0.9266860194365075,True,False,hypo_siscowet
NW_024060070.1:24465,NW_024060070.1,24465,67.787775,22.205175,-45.5826,4,4,16.0,0.02857142857142857,0.9266860194365075,True,False,hypo_siscowet
NW_024060070.1:24475,NW_024060070.1,24475,65.89205,27.769075,-38.122975,4,4,16.0,0.02857142857142857,0.9266860194365075,True,False,hypo_siscowet
NW_024060070.1:24517,NW_024060070.1,24517,62.16372499999999,29.081675,-33.082049999999995,4,4,16.0,0.02857142857142857,0.9266860194365075,True,False,hypo_siscowet
NW_024060070.1:24554,NW_024060070.1,24554,57.935625,29.13105,-28.804575000000003,4,4,16.0,0.02857142857142857,0.9266860194365075,True,False,hypo_siscowet
NW_024060070.1:24588,NW_024060070.1,24588,56.348749999999995,28.195925000000003,-28.152824999999993,4,4,16.0,0.02857142857142857,0.9266860194365075,True,False,hypo_siscowet
NW_024060070.1:24634,NW_024060070.1,24634,55.58732500000001,28.233700000000002,-27.353625000000005,4,4,16.0,0.02857142857142857,0.9266860194365075,True,False,hypo_siscowet
NW_024060070.1:24665,NW_024060070.1,24665,55.692350000000005,29.843275,-25.849075000000006,4,4,16.0,0.02857142857142857,0.9266860194365075,True,False,hypo_siscowet
NW_024060070.1:24675,NW_024060070.1,24675,58.64682499999999,30.681575,-27.965249999999994,4,4,16.0,0.02857142857142857,0.9266860194365075,True,False,hypo_siscowet
NW_024060070.1:24717,NW_024060070.1,24717,56.6727,24.977024999999998,-31.695675,4,4,16.0,0.02857142857142857,0.9266860194365075,True,False,hypo_siscowet
NW_024060070.1:24754,NW_024060070.1,24754,59.5662,21.09935,-38.46685,4,4,16.0,0.02857142857142857,0.9266860194365075,True,False,hypo_siscowet
NW_024060070.1:24788,NW_024060070.1,24788,57.331125,21.672700000000003,-35.658424999999994,4,4,16.0,0.02857142857142857,0.9266860194365075,True,False,hypo_siscowet
NW_024060070.1:24834,NW_024060070.1,24834,50.818675,15.9880375,-34.830637499999995,4,4,16.0,0.02857142857142857,0.9266860194365075,True,False,hypo_siscowet
NW_024060070.1:24895,NW_024060070.1,24895,57.351675,17.3955525,-39.9561225,4,4,16.0,0.02857142857142857,0.9266860194365075,True,False,hypo_siscowet
NW_024060070.1:24936,NW_024060070.1,24936,49.606950000000005,13.78343,-35.82352,4,4,16.0,0.02857142857142857,0.9266860194365075,True,False,hypo_siscowet
NW_024060070.1:24978,NW_024060070.1,24978,55.853,17.2786625,-38.5743375,4,4,16.0,0.02857142857142857,0.9266860194365075,True,False,hypo_siscowet
NW_024060070.1:25015,NW_024060070.1,25015,60.243875,20.783985,-39.45989,4,4,16.0,0.02857142857142857,0.9266860194365075,True,False,hypo_siscowet
NW_024060070.1:25233,NW_024060070.1,25233,80.805725,37.3091,-43.496624999999995,4,4,16.0,0.02857142857142857,0.9266860194365075,True,False,hypo_siscowet
NW_024060070.1:25280,NW_024060070.1,25280,72.858525,34.04425,-38.814275,4,4,16.0,0.02857142857142857,0.9266860194365075,True,False,hypo_siscowet
NW_024060070.1:25321,NW_024060070.1,25321,68.633875,31.982475,-36.6514,4,4,16.0,0.02857142857142857,0.9266860194365075,True,False,hypo_siscowet
NW_024060070.1:25363,NW_024060070.1,25363,61.532675,28.531724999999994,-33.00095,4,4,16.0,0.02857142857142857,0.9266860194365075,True,False,hypo_siscowet
NW_024060070.1:25436,NW_024060070.1,25436,49.508175,16.8864425,-32.6217325,4,4,16.0,0.02857142857142857,0.9266860194365075,True,False,hypo_siscowet
NW_024060070.1:25482,NW_024060070.1,25482,45.93825,15.746622499999999,-30.191627499999996,4,4,16.0,0.02857142857142857,0.9266860194365075,True,False,hypo_siscowet
NW_024060070.1:25492,NW_024060070.1,25492,42.899499999999996,16.777025000000002,-26.122474999999994,4,4,16.0,0.02857142857142857,0.9266860194365075,True,False,hypo_siscowet
NW_024060070.1:25523,NW_024060070.1,25523,47.289525,18.29495,-28.994574999999998,4,4,16.0,0.02857142857142857,0.9266860194365075,True,False,hypo_siscowet
NW_024060070.1:25544,NW_024060070.1,25544,52.4526,21.722524999999997,-30.730075,4,4,16.0,0.02857142857142857,0.9266860194365075,True,False,hypo_siscowet
NW_024060070.1:25565,NW_024060070.1,25565,60.023175,27.678524999999997,-32.34465,4,4,16.0,0.02857142857142857,0.9266860194365075,True,False,hypo_siscowet
NW_024060070.1:25607,NW_024060070.1,25607,73.483225,37.83969999999999,-35.64352500000001,4,4,16.0,0.02857142857142857,0.9266860194365075,True,False,hypo_siscowet
NW_024060070.1:25669,NW_024060070.1,25669,75.266475,36.921124999999996,-38.34535,4,4,16.0,0.02857142857142857,0.9266860194365075,True,False,hypo_siscowet
NW_024060070.1:25710,NW_024060070.1,25710,76.372525,36.88925,-39.483275,4,4,16.0,0.02857142857142857,0.9266860194365075,True,False,hypo_siscowet
NW_024060070.1:25731,NW_024060070.1,25731,85.59145,51.5681,-34.02334999999999,4,4,16.0,0.02857142857142857,0.9266860194365075,True,False,hypo_siscowet
NW_024060070.1:26304,NW_024060070.1,26304,92.04712500000001,76.1508,-15.896325000000004,4,4,16.0,0.02857142857142857,0.9266860194365075,True,False,hypo_siscowet
NW_024060071.1:10229,NW_024060071.1,10229,82.093175,61.684650000000005,-20.408524999999997,4,4,16.0,0.02857142857142857,0.9266860194365075,True,False,hypo_siscowet
NW_024060071.1:10232,NW_024060071.1,10232,81.73645,62.7726,-18.963850000000008,4,4,16.0,0.02857142857142857,0.9266860194365075,True,False,hypo_siscowet
NW_024060071.1:1403,NW_024060071.1,1403,53.816125,25.581875000000004,-28.234249999999996,4,4,16.0,0.02857142857142857,0.9266860194365075,True,False,hypo_siscowet
NW_024060071.1:1448,NW_024060071.1,1448,45.2841,17.92665,-27.357450000000004,4,4,16.0,0.02857142857142857,0.9266860194365075,True,False,hypo_siscowet
NW_024060071.1:1519,NW_024060071.1,1519,42.729575,16.1971275,-26.532447499999996,4,4,16.0,0.02857142857142857,0.9266860194365075,True,False,hypo_siscowet
NW_024060071.1:1561,NW_024060071.1,1561,34.697975,14.4697175,-20.228257499999998,4,4,16.0,0.02857142857142857,0.9266860194365075,True,False,hypo_siscowet
NW_024060071.1:19370,NW_024060071.1,19370,82.089925,50.672399999999996,-31.417524999999998,4,4,16.0,0.02857142857142857,0.9266860194365075,True,False,hypo_siscowet
NW_024060071.1:2032,NW_024060071.1,2032,51.111925,22.38555,-28.726375,4,4,16.0,0.02857142857142857,0.9266860194365075,True,False,hypo_siscowet
NW_024060071.1:2109,NW_024060071.1,2109,49.491625,22.19945,-27.292175,4,4,16.0,0.02857142857142857,0.9266860194365075,True,False,hypo_siscowet
NW_024060071.1:2143,NW_024060071.1,2143,50.49025,22.03425,-28.456000000000003,4,4,16.0,0.02857142857142857,0.9266860194365075,True,False,hypo_siscowet
NW_024060071.1:2180,NW_024060071.1,2180,46.779650000000004,17.046552499999997,-29.733097500000007,4,4,16.0,0.02857142857142857,0.9266860194365075,True,False,hypo_siscowet
NW_024060071.1:2222,NW_024060071.1,2222,41.020300000000006,17.871,-23.149300000000007,4,4,16.0,0.02857142857142857,0.9266860194365075,True,False,hypo_siscowet
NW_024060071.1:2263,NW_024060071.1,2263,42.061350000000004,20.6227,-21.438650000000006,4,4,16.0,0.02857142857142857,0.9266860194365075,True,False,hypo_siscowet
NW_024060071.1:2309,NW_024060071.1,2309,40.239275,20.00755,-20.231725,4,4,16.0,0.02857142857142857,0.9266860194365075,True,False,hypo_siscowet
NW_024060071.1:2453,NW_024060071.1,2453,35.98065,13.1469925,-22.833657499999997,4,4,16.0,0.02857142857142857,0.9266860194365075,True,False,hypo_siscowet
NW_024060071.1:2463,NW_024060071.1,2463,45.48155,18.674325,-26.807225,4,4,16.0,0.02857142857142857,0.9266860194365075,True,False,hypo_siscowet
NW_024060071.1:2509,NW_024060071.1,2509,44.710224999999994,17.046499999999998,-27.663724999999996,4,4,16.0,0.02857142857142857,0.9266860194365075,True,False,hypo_siscowet
NW_024060071.1:2543,NW_024060071.1,2543,47.887875,18.859825,-29.02805,4,4,16.0,0.02857142857142857,0.9266860194365075,True,False,hypo_siscowet
NW_024060071.1:2675,NW_024060071.1,2675,51.969325,25.4452,-26.524124999999998,4,4,16.0,0.02857142857142857,0.9266860194365075,True,False,hypo_siscowet
NW_024060071.1:2780,NW_024060071.1,2780,44.365775,23.326,-21.039775,4,4,16.0,0.02857142857142857,0.9266860194365075,True,False,hypo_siscowet
NW_024060071.1:2822,NW_024060071.1,2822,40.99935,21.678575000000002,-19.320774999999998,4,4,16.0,0.02857142857142857,0.9266860194365075,True,False,hypo_siscowet
NW_024060071.1:2863,NW_024060071.1,2863,47.720600000000005,21.899375,-25.821225000000005,4,4,16.0,0.02857142857142857,0.9266860194365075,True,False,hypo_siscowet
NW_024060071.1:2909,NW_024060071.1,2909,48.312325,21.66215,-26.650175,4,4,16.0,0.02857142857142857,0.9266860194365075,True,False,hypo_siscowet
NW_024060071.1:2943,NW_024060071.1,2943,46.21385000000001,20.5852,-25.628650000000007,4,4,16.0,0.02857142857142857,0.9266860194365075,True,False,hypo_siscowet
NW_024060071.1:3263,NW_024060071.1,3263,54.294200000000004,26.116075,-28.178125000000005,4,4,16.0,0.02857142857142857,0.9266860194365075,True,False,hypo_siscowet
NW_024060071.1:3343,NW_024060071.1,3343,52.966975000000005,25.35875,-27.608225000000004,4,4,16.0,0.02857142857142857,0.9266860194365075,True,False,hypo_siscowet
NW_024060071.1:3380,NW_024060071.1,3380,48.955124999999995,24.168525,-24.786599999999996,4,4,16.0,0.02857142857142857,0.9266860194365075,True,False,hypo_siscowet
NW_024060071.1:3422,NW_024060071.1,3422,42.834225,21.169825,-21.664400000000004,4,4,16.0,0.02857142857142857,0.9266860194365075,True,False,hypo_siscowet
NW_024060071.1:4083,NW_024060071.1,4083,33.260925,14.333950000000002,-18.926975,4,4,16.0,0.02857142857142857,0.9266860194365075,True,False,hypo_siscowet
NW_024060071.1:4154,NW_024060071.1,4154,30.489175000000003,9.2570975,-21.232077500000003,4,4,16.0,0.02857142857142857,0.9266860194365075,True,False,hypo_siscowet
NW_024060071.1:4196,NW_024060071.1,4196,23.290525,7.5776,-15.712924999999998,4,4,16.0,0.02857142857142857,0.9266860194365075,True,False,hypo_siscowet
NW_024060071.1:4889,NW_024060071.1,4889,34.628225,14.558005,-20.07022,4,4,16.0,0.02857142857142857,0.9266860194365075,True,False,hypo_siscowet
NW_024060071.1:4945,NW_024060071.1,4945,46.510825,20.237524999999998,-26.2733,4,4,16.0,0.02857142857142857,0.9266860194365075,True,False,hypo_siscowet
NW_024060071.1:5089,NW_024060071.1,5089,43.627175,14.2075525,-29.419622500000003,4,4,16.0,0.02857142857142857,0.9266860194365075,True,False,hypo_siscowet
NW_024060071.1:5416,NW_024060071.1,5416,50.07575,25.619300000000003,-24.456449999999997,4,4,16.0,0.02857142857142857,0.9266860194365075,True,False,hypo_siscowet
NW_024060071.1:5458,NW_024060071.1,5458,46.285250000000005,17.9013,-28.383950000000006,4,4,16.0,0.02857142857142857,0.9266860194365075,True,False,hypo_siscowet
NW_024060071.1:5499,NW_024060071.1,5499,45.4081,20.3659,-25.042199999999998,4,4,16.0,0.02857142857142857,0.9266860194365075,True,False,hypo_siscowet
NW_024060071.1:5545,NW_024060071.1,5545,46.014624999999995,21.62475,-24.389874999999996,4,4,16.0,0.02857142857142857,0.9266860194365075,True,False,hypo_siscowet
NW_024060071.1:5579,NW_024060071.1,5579,46.908675,21.185724999999998,-25.722950000000004,4,4,16.0,0.02857142857142857,0.9266860194365075,True,False,hypo_siscowet
NW_024060071.1:5946,NW_024060071.1,5946,58.075675000000004,26.853525,-31.222150000000003,4,4,16.0,0.02857142857142857,0.9266860194365075,True,False,hypo_siscowet
NW_024060071.1:6204,NW_024060071.1,6204,42.42423333333333,19.27975,-23.144483333333334,3,4,12.0,0.04974599072150299,0.9266860194365075,True,False,hypo_siscowet
NW_024060071.1:6791,NW_024060071.1,6791,43.736275,20.899975,-22.836299999999998,4,4,16.0,0.02857142857142857,0.9266860194365075,True,False,hypo_siscowet
NW_024060071.1:7559,NW_024060071.1,7559,30.783250000000002,13.860949999999999,-16.922300000000003,4,4,16.0,0.02857142857142857,0.9266860194365075,True,False,hypo_siscowet
NW_024060071.1:7569,NW_024060071.1,7569,30.1357,12.9152,-17.2205,4,4,16.0,0.029401048190339642,0.9266860194365075,True,False,hypo_siscowet
NW_024060071.1:7577,NW_024060071.1,7577,39.24272500000001,20.55555,-18.687175000000007,4,4,16.0,0.02857142857142857,0.9266860194365075,True,False,hypo_siscowet
NW_024060071.1:7586,NW_024060071.1,7586,44.66345,21.7205,-22.942949999999996,4,4,16.0,0.02857142857142857,0.9266860194365075,True,False,hypo_siscowet
NW_024060071.1:7589,NW_024060071.1,7589,59.36385,31.039875,-28.323975,4,4,16.0,0.02857142857142857,0.9266860194365075,True,False,hypo_siscowet
NW_024060071.1:7627,NW_024060071.1,7627,77.217275,50.29275,-26.924525000000003,4,4,16.0,0.02857142857142857,0.9266860194365075,True,False,hypo_siscowet
NW_024060071.1:7630,NW_024060071.1,7630,79.636525,56.332950000000004,-23.303575000000002,4,4,16.0,0.02857142857142857,0.9266860194365075,True,False,hypo_siscowet
NW_024060071.1:7632,NW_024060071.1,7632,81.26145,54.235525,-27.025924999999994,4,4,16.0,0.02857142857142857,0.9266860194365075,True,False,hypo_siscowet
NW_024060071.1:7683,NW_024060071.1,7683,82.672125,57.899725000000004,-24.77239999999999,4,4,16.0,0.02857142857142857,0.9266860194365075,True,False,hypo_siscowet
NW_024060071.1:7686,NW_024060071.1,7686,87.927625,67.016175,-20.911450000000002,4,4,16.0,0.02857142857142857,0.9266860194365075,True,False,hypo_siscowet
NW_024060071.1:7709,NW_024060071.1,7709,92.188275,67.40775000000001,-24.780524999999997,4,4,16.0,0.02857142857142857,0.9266860194365075,True,False,hypo_siscowet
NW_024060071.1:7720,NW_024060071.1,7720,95.47455,79.585075,-15.88947499999999,4,4,16.0,0.02857142857142857,0.9266860194365075,True,False,hypo_siscowet
NW_024060071.1:7755,NW_024060071.1,7755,93.75715,77.016475,-16.740674999999996,4,4,16.0,0.02857142857142857,0.9266860194365075,True,False,hypo_siscowet
NW_024060071.1:7825,NW_024060071.1,7825,94.97160000000001,79.15572499999999,-15.81587500000002,4,4,16.0,0.02857142857142857,0.9266860194365075,True,False,hypo_siscowet
NW_024060071.1:8003,NW_024060071.1,8003,91.70365000000001,76.464,-15.239650000000012,4,4,16.0,0.02857142857142857,0.9266860194365075,True,False,hypo_siscowet
NW_024060071.1:974,NW_024060071.1,974,33.761375,11.404405,-22.35697,4,4,16.0,0.02857142857142857,0.9266860194365075,True,False,hypo_siscowet
NW_024060093.1:19307,NW_024060093.1,19307,85.761925,63.593500000000006,-22.168425,4,4,16.0,0.02857142857142857,0.9266860194365075,True,False,hypo_siscowet
NW_024060093.1:19550,NW_024060093.1,19550,97.382775,81.995325,-15.387450000000001,4,4,16.0,0.02857142857142857,0.9266860194365075,True,False,hypo_siscowet
NW_024060093.1:19559,NW_024060093.1,19559,96.794925,77.92467500000001,-18.87025,4,4,16.0,0.02857142857142857,0.9266860194365075,True,False,hypo_siscowet
NW_024060093.1:19561,NW_024060093.1,19561,92.7878,73.393325,-19.394475,4,4,16.0,0.02857142857142857,0.9266860194365075,True,False,hypo_siscowet
NW_024060093.1:19602,NW_024060093.1,19602,97.054075,76.130925,-20.923149999999993,4,4,16.0,0.029401048190339642,0.9266860194365075,True,False,hypo_siscowet
NW_024060093.1:19626,NW_024060093.1,19626,96.70315,77.4102,-19.29294999999999,4,4,16.0,0.02857142857142857,0.9266860194365075,True,False,hypo_siscowet
NW_024060093.1:19640,NW_024060093.1,19640,91.73320000000001,72.152225,-19.58097500000001,4,4,16.0,0.02857142857142857,0.9266860194365075,True,False,hypo_siscowet
NW_024060093.1:19698,NW_024060093.1,19698,91.68960000000001,70.86132500000001,-20.828275000000005,4,4,16.0,0.02857142857142857,0.9266860194365075,True,False,hypo_siscowet
NW_024060093.1:19737,NW_024060093.1,19737,98.18270000000001,78.45365,-19.729050000000015,4,4,16.0,0.02857142857142857,0.9266860194365075,True,False,hypo_siscowet
NW_024060093.1:4625,NW_024060093.1,4625,78.34450000000001,52.546925,-25.79757500000001,4,4,16.0,0.02857142857142857,0.9266860194365075,True,False,hypo_siscowet
NW_024060119.1:28202,NW_024060119.1,28202,21.8828,5.4855775,-16.397222499999998,4,4,16.0,0.02857142857142857,0.9266860194365075,True,False,hypo_siscowet
NW_024060119.1:28218,NW_024060119.1,28218,20.850425,5.6663925,-15.1840325,4,4,16.0,0.02857142857142857,0.9266860194365075,True,False,hypo_siscowet
NW_024060119.1:38079,NW_024060119.1,38079,58.86255,33.048,-25.814549999999997,4,4,16.0,0.02857142857142857,0.9266860194365075,True,False,hypo_siscowet
NW_024060119.1:38608,NW_024060119.1,38608,95.125,79.571425,-15.553574999999995,4,4,16.0,0.02857142857142857,0.9266860194365075,True,False,hypo_siscowet
NW_024060119.1:38647,NW_024060119.1,38647,94.021925,78.98689999999999,-15.035025000000005,4,4,16.0,0.02857142857142857,0.9266860194365075,True,False,hypo_siscowet
NW_024060119.1:40051,NW_024060119.1,40051,68.54166666666667,52.41545,-16.12621666666667,3,4,12.0,0.04974599072150299,0.9266860194365075,True,False,hypo_siscowet
NW_024060119.1:42013,NW_024060119.1,42013,78.45389999999999,59.057975,-19.39592499999999,3,4,12.0,0.04974599072150299,0.9266860194365075,True,False,hypo_siscowet
NW_024060119.1:580872,NW_024060119.1,580872,81.92830000000001,48.67725333333334,-33.25104666666667,4,3,12.0,0.04974599072150299,0.9266860194365075,True,False,hypo_siscowet
NW_024060124.1:25087,NW_024060124.1,25087,86.782075,69.3358,-17.446275,4,4,16.0,0.02857142857142857,0.9266860194365075,True,False,hypo_siscowet
NW_024060124.1:7698,NW_024060124.1,7698,77.232025,60.516125,-16.71589999999999,4,4,16.0,0.02857142857142857,0.9266860194365075,True,False,hypo_siscowet
NW_024060140.1:23868,NW_024060140.1,23868,94.9755,75.44475,-19.530749999999998,4,4,16.0,0.029401048190339642,0.9266860194365075,True,False,hypo_siscowet
NW_024060140.1:23885,NW_024060140.1,23885,96.93122500000001,79.8198,-17.11142500000001,4,4,16.0,0.029401048190339642,0.9266860194365075,True,False,hypo_siscowet
NW_024060140.1:8905,NW_024060140.1,8905,34.6658,16.99845,-17.66735,4,4,16.0,0.02857142857142857,0.9266860194365075,True,False,hypo_siscowet
NW_024060145.1:1427,NW_024060145.1,1427,37.037025,17.1991625,-19.8378625,4,4,16.0,0.02857142857142857,0.9266860194365075,True,False,hypo_siscowet
NW_024060197.1:144750,NW_024060197.1,144750,56.49800000000001,37.257525,-19.24047500000001,3,4,12.0,0.04974599072150299,0.9266860194365075,True,False,hypo_siscowet
NW_024060212.1:20219,NW_024060212.1,20219,65.519525,46.26305,-19.256475000000002,4,4,16.0,0.02857142857142857,0.9266860194365075,True,False,hypo_siscowet
NW_024060212.1:20457,NW_024060212.1,20457,65.817075,48.19290000000001,-17.624174999999994,4,4,16.0,0.02857142857142857,0.9266860194365075,True,False,hypo_siscowet
NW_024060212.1:25352,NW_024060212.1,25352,63.541675,43.450849999999996,-20.090825000000002,4,4,16.0,0.02857142857142857,0.9266860194365075,True,False,hypo_siscowet
NW_024060233.1:7533,NW_024060233.1,7533,68.97314999999999,51.545474999999996,-17.427674999999994,4,4,16.0,0.02857142857142857,0.9266860194365075,True,False,hypo_siscowet
NW_024060233.1:7571,NW_024060233.1,7571,58.453175,39.233374999999995,-19.219800000000006,4,4,16.0,0.02857142857142857,0.9266860194365075,True,False,hypo_siscowet
NW_024060233.1:7574,NW_024060233.1,7574,46.248925,22.543875,-23.70505,4,4,16.0,0.02857142857142857,0.9266860194365075,True,False,hypo_siscowet
NW_024060233.1:7583,NW_024060233.1,7583,45.945825,21.348475,-24.59735,4,4,16.0,0.02857142857142857,0.9266860194365075,True,False,hypo_siscowet
NW_024060233.1:7591,NW_024060233.1,7591,31.02035,12.488275,-18.532075,4,4,16.0,0.02857142857142857,0.9266860194365075,True,False,hypo_siscowet
NW_024060233.1:7966,NW_024060233.1,7966,74.39965,48.673575,-25.726074999999994,4,4,16.0,0.02857142857142857,0.9266860194365075,True,False,hypo_siscowet
NW_024060248.1:1954,NW_024060248.1,1954,73.608025,8.130066666666666,-65.47795833333333,4,3,12.0,0.04974599072150299,0.9266860194365075,True,False,hypo_siscowet
NW_024060248.1:2707,NW_024060248.1,2707,77.00905,5.5555666666666665,-71.45348333333334,4,3,12.0,0.04974599072150299,0.9266860194365075,True,False,hypo_siscowet
NW_024060248.1:3477,NW_024060248.1,3477,72.629625,7.7922,-64.83742500000001,4,3,12.0,0.04974599072150299,0.9266860194365075,True,False,hypo_siscowet
NW_024060248.1:4625,NW_024060248.1,4625,75.36005,8.988766666666667,-66.37128333333334,4,3,12.0,0.04974599072150299,0.9266860194365075,True,False,hypo_siscowet
NW_024060254.1:20505,NW_024060254.1,20505,85.55553333333334,66.802625,-18.752908333333338,3,4,12.0,0.04974599072150299,0.9266860194365075,True,False,hypo_siscowet
NW_024060266.1:15417,NW_024060266.1,15417,95.23809999999999,80.048925,-15.189174999999992,3,4,12.0,0.04974599072150299,0.9266860194365075,True,False,hypo_siscowet
NW_024060266.1:3196,NW_024060266.1,3196,82.355975,60.804725000000005,-21.551249999999996,4,4,16.0,0.02857142857142857,0.9266860194365075,True,False,hypo_siscowet
NW_024060266.1:3252,NW_024060266.1,3252,72.3397,52.161175,-20.178524999999993,4,4,16.0,0.02857142857142857,0.9266860194365075,True,False,hypo_siscowet
NW_024060266.1:3273,NW_024060266.1,3273,69.42265,52.81735,-16.605300000000007,4,4,16.0,0.02857142857142857,0.9266860194365075,True,False,hypo_siscowet
NW_024060266.1:3439,NW_024060266.1,3439,43.464299999999994,27.374125,-16.090174999999995,4,4,16.0,0.02857142857142857,0.9266860194365075,True,False,hypo_siscowet
NW_024060266.1:4360,NW_024060266.1,4360,29.210449999999998,13.446175,-15.764274999999998,4,4,16.0,0.02857142857142857,0.9266860194365075,True,False,hypo_siscowet
NW_024060266.1:4370,NW_024060266.1,4370,33.4523,18.26915,-15.183150000000001,4,4,16.0,0.02857142857142857,0.9266860194365075,True,False,hypo_siscowet
NW_024060266.1:4416,NW_024060266.1,4416,36.0967,20.010975000000002,-16.085724999999996,4,4,16.0,0.02857142857142857,0.9266860194365075,True,False,hypo_siscowet
NW_024060266.1:4450,NW_024060266.1,4450,38.113974999999996,19.909825,-18.204149999999995,4,4,16.0,0.02857142857142857,0.9266860194365075,True,False,hypo_siscowet
NW_024060266.1:4487,NW_024060266.1,4487,47.372749999999996,26.853025000000002,-20.519724999999994,4,4,16.0,0.02857142857142857,0.9266860194365075,True,False,hypo_siscowet
NW_024060266.1:4529,NW_024060266.1,4529,49.668099999999995,31.842175,-17.825924999999994,4,4,16.0,0.02857142857142857,0.9266860194365075,True,False,hypo_siscowet
NW_024060266.1:4570,NW_024060266.1,4570,50.3209,30.92655,-19.394350000000003,4,4,16.0,0.02857142857142857,0.9266860194365075,True,False,hypo_siscowet
NW_024060266.1:4687,NW_024060266.1,4687,46.41325,27.459424999999996,-18.953825000000002,4,4,16.0,0.02857142857142857,0.9266860194365075,True,False,hypo_siscowet
NW_024060266.1:4729,NW_024060266.1,4729,41.570875,21.218474999999998,-20.352400000000003,4,4,16.0,0.02857142857142857,0.9266860194365075,True,False,hypo_siscowet
NW_024060266.1:4739,NW_024060266.1,4739,38.39085,18.770775,-19.620075,4,4,16.0,0.02857142857142857,0.9266860194365075,True,False,hypo_siscowet
NW_024060266.1:4760,NW_024060266.1,4760,39.161,18.9253,-20.2357,4,4,16.0,0.02857142857142857,0.9266860194365075,True,False,hypo_siscowet
NW_024060266.1:4816,NW_024060266.1,4816,42.58,22.6881,-19.8919,4,4,16.0,0.02857142857142857,0.9266860194365075,True,False,hypo_siscowet
NW_024060266.1:4850,NW_024060266.1,4850,44.854225,24.614325,-20.2399,4,4,16.0,0.02857142857142857,0.9266860194365075,True,False,hypo_siscowet
NW_024060266.1:4982,NW_024060266.1,4982,50.692275,35.524499999999996,-15.167775000000006,4,4,16.0,0.02857142857142857,0.9266860194365075,True,False,hypo_siscowet
NW_024060266.1:5087,NW_024060266.1,5087,43.1122,28.036725000000004,-15.075474999999997,4,4,16.0,0.02857142857142857,0.9266860194365075,True,False,hypo_siscowet
NW_024060266.1:5170,NW_024060266.1,5170,39.212450000000004,21.239475,-17.972975000000005,4,4,16.0,0.02857142857142857,0.9266860194365075,True,False,hypo_siscowet
NW_024060266.1:5216,NW_024060266.1,5216,40.19285,23.711325,-16.481525,4,4,16.0,0.02857142857142857,0.9266860194365075,True,False,hypo_siscowet
NW_024060266.1:5250,NW_024060266.1,5250,40.302825,24.722324999999998,-15.5805,4,4,16.0,0.02857142857142857,0.9266860194365075,True,False,hypo_siscowet
NW_024060266.1:5287,NW_024060266.1,5287,43.32315,28.237499999999997,-15.085650000000001,4,4,16.0,0.02857142857142857,0.9266860194365075,True,False,hypo_siscowet
NW_024060266.1:5450,NW_024060266.1,5450,49.0017,29.247775,-19.753925,4,4,16.0,0.02857142857142857,0.9266860194365075,True,False,hypo_siscowet
NW_024060266.1:5487,NW_024060266.1,5487,43.1729,27.535674999999998,-15.637225,4,4,16.0,0.02857142857142857,0.9266860194365075,True,False,hypo_siscowet
NW_024060266.1:5529,NW_024060266.1,5529,35.1542,20.115975,-15.038225000000004,4,4,16.0,0.02857142857142857,0.9266860194365075,True,False,hypo_siscowet
NW_024060266.1:5560,NW_024060266.1,5560,32.78645,15.964175000000001,-16.822275,4,4,16.0,0.02857142857142857,0.9266860194365075,True,False,hypo_siscowet
NW_024060266.1:5570,NW_024060266.1,5570,36.544575,20.108175000000003,-16.4364,4,4,16.0,0.02857142857142857,0.9266860194365075,True,False,hypo_siscowet
NW_024060266.1:5782,NW_024060266.1,5782,52.1424,29.598875,-22.543525000000002,4,4,16.0,0.02857142857142857,0.9266860194365075,True,False,hypo_siscowet
NW_024060266.1:5929,NW_024060266.1,5929,41.676275000000004,23.15065,-18.525625000000005,4,4,16.0,0.02857142857142857,0.9266860194365075,True,False,hypo_siscowet
NW_024060266.1:5970,NW_024060266.1,5970,45.045424999999994,27.576725000000003,-17.46869999999999,4,4,16.0,0.02857142857142857,0.9266860194365075,True,False,hypo_siscowet
NW_024060266.1:5982,NW_024060266.1,5982,52.99635,34.590425,-18.405924999999996,4,4,16.0,0.02857142857142857,0.9266860194365075,True,False,hypo_siscowet
NW_024060266.1:6016,NW_024060266.1,6016,47.834175,29.259975,-18.5742,4,4,16.0,0.02857142857142857,0.9266860194365075,True,False,hypo_siscowet
NW_024060266.1:6050,NW_024060266.1,6050,46.826925,30.3739,-16.453025000000004,4,4,16.0,0.02857142857142857,0.9266860194365075,True,False,hypo_siscowet
NW_024060266.1:6087,NW_024060266.1,6087,46.3942,28.573999999999998,-17.8202,4,4,16.0,0.02857142857142857,0.9266860194365075,True,False,hypo_siscowet
NW_024060266.1:6170,NW_024060266.1,6170,44.447224999999996,24.4672,-19.980024999999998,4,4,16.0,0.02857142857142857,0.9266860194365075,True,False,hypo_siscowet
NW_024060266.1:6370,NW_024060266.1,6370,44.5027,28.75705,-15.745649999999998,4,4,16.0,0.02857142857142857,0.9266860194365075,True,False,hypo_siscowet
NW_024060266.1:7382,NW_024060266.1,7382,55.709075,36.39575,-19.313325,4,4,16.0,0.02857142857142857,0.9266860194365075,True,False,hypo_siscowet
NW_024060266.1:7450,NW_024060266.1,7450,55.43130000000001,36.886449999999996,-18.54485000000001,4,4,16.0,0.02857142857142857,0.9266860194365075,True,False,hypo_siscowet
NW_024060266.1:8262,NW_024060266.1,8262,60.79365,38.876099999999994,-21.917550000000006,4,4,15.5,0.042066412206780826,0.9266860194365075,True,False,hypo_siscowet
NW_024060266.1:9239,NW_024060266.1,9239,27.819100000000002,11.592020000000002,-16.22708,4,4,16.0,0.02857142857142857,0.9266860194365075,True,False,hypo_siscowet
NW_024060266.1:9247,NW_024060266.1,9247,36.3303,18.805525000000003,-17.524774999999998,4,4,16.0,0.029401048190339642,0.9266860194365075,True,False,hypo_siscowet
NW_024060266.1:9259,NW_024060266.1,9259,66.071425,31.795775,-34.275650000000006,4,4,16.0,0.02857142857142857,0.9266860194365075,True,False,hypo_siscowet
NW_024060266.1:9297,NW_024060266.1,9297,76.268,44.86262500000001,-31.405374999999992,4,4,16.0,0.02857142857142857,0.9266860194365075,True,False,hypo_siscowet
NW_024060266.1:9300,NW_024060266.1,9300,75.9124,47.635925,-28.276475000000005,4,4,16.0,0.02857142857142857,0.9266860194365075,True,False,hypo_siscowet
NW_024060266.1:9302,NW_024060266.1,9302,74.39695,50.144625,-24.252325000000006,4,4,16.0,0.02857142857142857,0.9266860194365075,True,False,hypo_siscowet
NW_024060266.1:9353,NW_024060266.1,9353,81.22602499999999,53.305099999999996,-27.920924999999997,4,4,16.0,0.02857142857142857,0.9266860194365075,True,False,hypo_siscowet
NW_024060266.1:9356,NW_024060266.1,9356,86.739625,65.995625,-20.744,4,4,16.0,0.02857142857142857,0.9266860194365075,True,False,hypo_siscowet
NW_024060266.1:9590,NW_024060266.1,9590,95.18012499999999,79.12305,-16.057074999999983,4,4,16.0,0.02857142857142857,0.9266860194365075,True,False,hypo_siscowet
NW_024060266.1:9620,NW_024060266.1,9620,95.86280000000001,79.912125,-15.950675000000004,4,4,16.0,0.02857142857142857,0.9266860194365075,True,False,hypo_siscowet
NW_024060266.1:9623,NW_024060266.1,9623,96.04310000000001,79.941225,-16.101875000000007,4,4,16.0,0.02857142857142857,0.9266860194365075,True,False,hypo_siscowet
NW_024060266.1:9686,NW_024060266.1,9686,96.5029,80.450275,-16.052624999999992,4,4,16.0,0.02857142857142857,0.9266860194365075,True,False,hypo_siscowet
NW_024060288.1:23559,NW_024060288.1,23559,28.567566666666664,11.883475,-16.684091666666664,3,4,12.0,0.04974599072150299,0.9266860194365075,True,False,hypo_siscowet
NW_024060344.1:20199,NW_024060344.1,20199,66.094175,81.12844999999999,15.03427499999998,4,4,0.0,0.02857142857142857,0.9266860194365075,True,False,hyper_siscowet
NW_024060346.1:10182,NW_024060346.1,10182,49.649825,26.05794,-23.591885,4,4,16.0,0.02857142857142857,0.9266860194365075,True,False,hypo_siscowet
NW_024060346.1:10224,NW_024060346.1,10224,48.72405,24.4897,-24.23435,4,4,16.0,0.02857142857142857,0.9266860194365075,True,False,hypo_siscowet
NW_024060346.1:10265,NW_024060346.1,10265,48.52024999999999,24.573475000000002,-23.946774999999988,4,4,16.0,0.02857142857142857,0.9266860194365075,True,False,hypo_siscowet
NW_024060346.1:10424,NW_024060346.1,10424,48.990075000000004,22.726665,-26.263410000000004,4,4,16.0,0.02857142857142857,0.9266860194365075,True,False,hypo_siscowet
NW_024060346.1:10465,NW_024060346.1,10465,48.879,25.574075,-23.304924999999997,4,4,16.0,0.02857142857142857,0.9266860194365075,True,False,hypo_siscowet
NW_024060346.1:10545,NW_024060346.1,10545,51.77685,26.4015,-25.375350000000005,4,4,16.0,0.02857142857142857,0.9266860194365075,True,False,hypo_siscowet
NW_024060346.1:10665,NW_024060346.1,10665,45.47805,28.707575,-16.770475000000005,4,4,16.0,0.02857142857142857,0.9266860194365075,True,False,hypo_siscowet
NW_024060346.1:10769,NW_024060346.1,10769,37.51045,19.79855,-17.7119,4,4,16.0,0.02857142857142857,0.9266860194365075,True,False,hypo_siscowet
NW_024060346.1:10811,NW_024060346.1,10811,26.523125,11.21843,-15.304695,4,4,16.0,0.02857142857142857,0.9266860194365075,True,False,hypo_siscowet
NW_024060346.1:11833,NW_024060346.1,11833,35.683,18.370475,-17.312525,4,4,16.0,0.02857142857142857,0.9266860194365075,True,False,hypo_siscowet
NW_024060346.1:12142,NW_024060346.1,12142,32.501875,16.88945,-15.612424999999998,4,4,16.0,0.02857142857142857,0.9266860194365075,True,False,hypo_siscowet
NW_024060346.1:12151,NW_024060346.1,12151,37.590775,17.785149999999998,-19.805625000000003,4,4,16.0,0.02857142857142857,0.9266860194365075,True,False,hypo_siscowet
NW_024060346.1:12154,NW_024060346.1,12154,51.650625,30.407175000000002,-21.243449999999996,4,4,16.0,0.02857142857142857,0.9266860194365075,True,False,hypo_siscowet
NW_024060346.1:12192,NW_024060346.1,12192,64.7831,44.878875,-19.904225000000004,4,4,16.0,0.02857142857142857,0.9266860194365075,True,False,hypo_siscowet
NW_024060346.1:12195,NW_024060346.1,12195,68.58420000000001,47.8926,-20.691600000000008,4,4,16.0,0.02857142857142857,0.9266860194365075,True,False,hypo_siscowet
NW_024060346.1:12197,NW_024060346.1,12197,68.92275,48.572075,-20.350674999999995,4,4,16.0,0.02857142857142857,0.9266860194365075,True,False,hypo_siscowet
NW_024060346.1:12248,NW_024060346.1,12248,75.918575,56.29715,-19.621425000000002,4,4,16.0,0.02857142857142857,0.9266860194365075,True,False,hypo_siscowet
NW_024060346.1:12251,NW_024060346.1,12251,83.19895,63.955275,-19.243674999999996,4,4,16.0,0.02857142857142857,0.9266860194365075,True,False,hypo_siscowet
NW_024060346.1:12383,NW_024060346.1,12383,89.55407500000001,74.4881,-15.065975000000009,4,4,16.0,0.02857142857142857,0.9266860194365075,True,False,hypo_siscowet
NW_024060346.1:5150,NW_024060346.1,5150,41.47725,23.48665,-17.990599999999997,4,4,16.0,0.02857142857142857,0.9266860194365075,True,False,hypo_siscowet
NW_024060346.1:5386,NW_024060346.1,5386,48.02705,24.037,-23.990050000000004,4,4,16.0,0.02857142857142857,0.9266860194365075,True,False,hypo_siscowet
NW_024060346.1:5428,NW_024060346.1,5428,47.75785,18.6256,-29.13225,4,4,16.0,0.02857142857142857,0.9266860194365075,True,False,hypo_siscowet
NW_024060346.1:5438,NW_024060346.1,5438,38.19095,21.496325,-16.694625000000002,4,4,16.0,0.02857142857142857,0.9266860194365075,True,False,hypo_siscowet
NW_024060346.1:5469,NW_024060346.1,5469,43.532450000000004,19.952725,-23.579725000000003,4,4,16.0,0.02857142857142857,0.9266860194365075,True,False,hypo_siscowet
NW_024060346.1:5515,NW_024060346.1,5515,45.5617,21.0398,-24.521900000000002,4,4,16.0,0.02857142857142857,0.9266860194365075,True,False,hypo_siscowet
NW_024060346.1:5913,NW_024060346.1,5913,47.257525,25.899175,-21.35835,4,4,16.0,0.029401048190339642,0.9266860194365075,True,False,hypo_siscowet
NW_024060346.1:6383,NW_024060346.1,6383,50.90905,26.6218,-24.28725,4,4,16.0,0.02857142857142857,0.9266860194365075,True,False,hypo_siscowet
NW_024060346.1:6855,NW_024060346.1,6855,39.111149999999995,14.342170000000001,-24.768979999999992,4,4,16.0,0.02857142857142857,0.9266860194365075,True,False,hypo_siscowet
NW_024060346.1:6865,NW_024060346.1,6865,41.6716,19.873382499999998,-21.7982175,4,4,16.0,0.02857142857142857,0.9266860194365075,True,False,hypo_siscowet
NW_024060346.1:6911,NW_024060346.1,6911,43.9842,20.7457375,-23.2384625,4,4,16.0,0.02857142857142857,0.9266860194365075,True,False,hypo_siscowet
NW_024060346.1:6945,NW_024060346.1,6945,42.625075,21.796625,-20.828450000000004,4,4,16.0,0.02857142857142857,0.9266860194365075,True,False,hypo_siscowet
NW_024060346.1:6982,NW_024060346.1,6982,42.889025000000004,26.35185,-16.537175000000005,4,4,16.0,0.02857142857142857,0.9266860194365075,True,False,hypo_siscowet
NW_024060346.1:7634,NW_024060346.1,7634,32.62475,17.234499999999997,-15.390250000000002,4,4,16.0,0.02857142857142857,0.9266860194365075,True,False,hypo_siscowet
NW_024060346.1:8034,NW_024060346.1,8034,34.343725,16.97816,-17.365565,4,4,16.0,0.02857142857142857,0.9266860194365075,True,False,hypo_siscowet
NW_024060346.1:8065,NW_024060346.1,8065,38.186125000000004,22.16741,-16.018715000000004,4,4,16.0,0.02857142857142857,0.9266860194365075,True,False,hypo_siscowet
NW_024060346.1:8433,NW_024060346.1,8433,32.51245,15.14791,-17.36454,4,4,16.0,0.02857142857142857,0.9266860194365075,True,False,hypo_siscowet
NW_024060346.1:8464,NW_024060346.1,8464,40.322825,20.839417500000003,-19.4834075,4,4,16.0,0.02857142857142857,0.9266860194365075,True,False,hypo_siscowet
NW_024060346.1:8833,NW_024060346.1,8833,36.3638,19.77115,-16.59265,4,4,16.0,0.02857142857142857,0.9266860194365075,True,False,hypo_siscowet
NW_024060346.1:8854,NW_024060346.1,8854,37.174275,19.634749999999997,-17.539525000000005,4,4,16.0,0.02857142857142857,0.9266860194365075,True,False,hypo_siscowet
NW_024060346.1:9310,NW_024060346.1,9310,45.077025,29.3649,-15.712125,4,4,16.0,0.02857142857142857,0.9266860194365075,True,False,hypo_siscowet
NW_024060346.1:9344,NW_024060346.1,9344,46.370425,29.948,-16.422424999999997,4,4,16.0,0.02857142857142857,0.9266860194365075,True,False,hypo_siscowet
NW_024060346.1:9381,NW_024060346.1,9381,48.45055,26.67305,-21.7775,4,4,16.0,0.02857142857142857,0.9266860194365075,True,False,hypo_siscowet
NW_024060346.1:9423,NW_024060346.1,9423,43.89175,24.35895,-19.5328,4,4,15.5,0.042066412206780826,0.9266860194365075,True,False,hypo_siscowet
NW_024060346.1:9464,NW_024060346.1,9464,51.39465,26.583399999999997,-24.81125,4,4,16.0,0.02857142857142857,0.9266860194365075,True,False,hypo_siscowet
NW_024060346.1:9623,NW_024060346.1,9623,46.290175,20.090925000000002,-26.199249999999996,4,4,16.0,0.02857142857142857,0.9266860194365075,True,False,hypo_siscowet
NW_024060346.1:9664,NW_024060346.1,9664,50.009925,22.285125,-27.724800000000002,4,4,16.0,0.02857142857142857,0.9266860194365075,True,False,hypo_siscowet
NW_024060346.1:9710,NW_024060346.1,9710,46.506524999999996,23.18032,-23.326204999999998,4,4,16.0,0.02857142857142857,0.9266860194365075,True,False,hypo_siscowet
NW_024060346.1:9823,NW_024060346.1,9823,48.33855,25.999,-22.33955,4,4,16.0,0.02857142857142857,0.9266860194365075,True,False,hypo_siscowet
NW_024060355.1:2479,NW_024060355.1,2479,58.00705000000001,31.685225,-26.321825000000008,4,4,16.0,0.02857142857142857,0.9266860194365075,True,False,hypo_siscowet
NW_024060355.1:2482,NW_024060355.1,2482,44.918000000000006,20.053724999999996,-24.86427500000001,4,4,16.0,0.02857142857142857,0.9266860194365075,True,False,hypo_siscowet
NW_024060355.1:2499,NW_024060355.1,2499,27.873150000000003,10.8345175,-17.038632500000002,4,4,16.0,0.02857142857142857,0.9266860194365075,True,False,hypo_siscowet
NW_024060355.1:2509,NW_024060355.1,2509,30.590725,12.1170425,-18.4736825,4,4,16.0,0.02857142857142857,0.9266860194365075,True,False,hypo_siscowet
NW_024060355.1:3277,NW_024060355.1,3277,32.415049999999994,16.3637,-16.051349999999992,4,4,16.0,0.02857142857142857,0.9266860194365075,True,False,hypo_siscowet
NW_024060355.1:3314,NW_024060355.1,3314,35.419399999999996,18.891775,-16.527624999999997,4,4,16.0,0.02857142857142857,0.9266860194365075,True,False,hypo_siscowet
NW_024060355.1:3662,NW_024060355.1,3662,35.04325,19.49965,-15.543600000000001,4,4,16.0,0.02857142857142857,0.9266860194365075,True,False,hypo_siscowet
NW_024060355.1:3735,NW_024060355.1,3735,27.014575,11.994055000000001,-15.02052,4,4,16.0,0.02857142857142857,0.9266860194365075,True,False,hypo_siscowet
NW_024060355.1:4051,NW_024060355.1,4051,51.686699999999995,30.835874999999998,-20.850824999999997,4,4,16.0,0.02857142857142857,0.9266860194365075,True,False,hypo_siscowet
NW_024060355.1:4288,NW_024060355.1,4288,50.431475,30.471100000000003,-19.960374999999996,4,4,16.0,0.02857142857142857,0.9266860194365075,True,False,hypo_siscowet
NW_024060355.1:4322,NW_024060355.1,4322,50.2898,29.254275,-21.035525,4,4,16.0,0.02857142857142857,0.9266860194365075,True,False,hypo_siscowet
NW_024060355.1:4356,NW_024060355.1,4356,54.820375,37.709700000000005,-17.110674999999993,4,4,16.0,0.02857142857142857,0.9266860194365075,True,False,hypo_siscowet
NW_024060355.1:4368,NW_024060355.1,4368,49.231475,26.451975,-22.779500000000002,4,4,16.0,0.02857142857142857,0.9266860194365075,True,False,hypo_siscowet
NW_024060355.1:4399,NW_024060355.1,4399,43.332175,20.27,-23.062175,4,4,16.0,0.02857142857142857,0.9266860194365075,True,False,hypo_siscowet
NW_024060355.1:4409,NW_024060355.1,4409,47.4264,22.816724999999998,-24.609675000000003,4,4,16.0,0.02857142857142857,0.9266860194365075,True,False,hypo_siscowet
NW_024060355.1:4451,NW_024060355.1,4451,45.926825,21.748825,-24.178,4,4,16.0,0.02857142857142857,0.9266860194365075,True,False,hypo_siscowet
NW_024060355.1:4488,NW_024060355.1,4488,40.72285,17.878425,-22.844425,4,4,16.0,0.02857142857142857,0.9266860194365075,True,False,hypo_siscowet
NW_024060355.1:4522,NW_024060355.1,4522,39.810975000000006,16.245175,-23.565800000000007,4,4,16.0,0.02857142857142857,0.9266860194365075,True,False,hypo_siscowet
NW_024060355.1:4568,NW_024060355.1,4568,37.099574999999994,14.6324425,-22.467132499999995,4,4,16.0,0.02857142857142857,0.9266860194365075,True,False,hypo_siscowet
NW_024060355.1:4599,NW_024060355.1,4599,32.637550000000005,14.550799999999999,-18.086750000000006,4,4,16.0,0.02857142857142857,0.9266860194365075,True,False,hypo_siscowet
NW_024060355.1:4609,NW_024060355.1,4609,38.18125,14.993025,-23.188225,4,4,16.0,0.02857142857142857,0.9266860194365075,True,False,hypo_siscowet
NW_024060355.1:4651,NW_024060355.1,4651,42.257325,22.4589,-19.798425,4,4,16.0,0.02857142857142857,0.9266860194365075,True,False,hypo_siscowet
NW_024060355.1:4722,NW_024060355.1,4722,43.015375,23.399575000000002,-19.615799999999997,4,4,16.0,0.02857142857142857,0.9266860194365075,True,False,hypo_siscowet
NW_024060355.1:4778,NW_024060355.1,4778,39.397,20.137999999999998,-19.259,4,4,16.0,0.02857142857142857,0.9266860194365075,True,False,hypo_siscowet
NW_024060355.1:4799,NW_024060355.1,4799,42.16165,23.549950000000003,-18.6117,4,4,16.0,0.02857142857142857,0.9266860194365075,True,False,hypo_siscowet
NW_024060355.1:4851,NW_024060355.1,4851,42.95195,24.902749999999997,-18.0492,4,4,16.0,0.02857142857142857,0.9266860194365075,True,False,hypo_siscowet
NW_024060355.1:5051,NW_024060355.1,5051,45.302775,24.574199999999998,-20.728575,4,4,16.0,0.02857142857142857,0.9266860194365075,True,False,hypo_siscowet
NW_024060355.1:5088,NW_024060355.1,5088,45.201575000000005,23.041774999999998,-22.159800000000008,4,4,16.0,0.02857142857142857,0.9266860194365075,True,False,hypo_siscowet
NW_024060355.1:5122,NW_024060355.1,5122,46.086724999999994,21.299,-24.787724999999995,4,4,16.0,0.02857142857142857,0.9266860194365075,True,False,hypo_siscowet
NW_024060355.1:5168,NW_024060355.1,5168,47.16995,21.367275,-25.802675,4,4,16.0,0.02857142857142857,0.9266860194365075,True,False,hypo_siscowet
NW_024060355.1:5199,NW_024060355.1,5199,40.873599999999996,18.242700000000003,-22.630899999999993,4,4,16.0,0.02857142857142857,0.9266860194365075,True,False,hypo_siscowet
NW_024060355.1:5209,NW_024060355.1,5209,45.966575000000006,17.5867,-28.379875000000006,4,4,16.0,0.02857142857142857,0.9266860194365075,True,False,hypo_siscowet
NW_024060355.1:5251,NW_024060355.1,5251,46.28235,19.102425,-27.179925,4,4,16.0,0.02857142857142857,0.9266860194365075,True,False,hypo_siscowet
NW_024060355.1:5288,NW_024060355.1,5288,43.83664999999999,19.9772,-23.859449999999992,4,4,16.0,0.02857142857142857,0.9266860194365075,True,False,hypo_siscowet
NW_024060355.1:5322,NW_024060355.1,5322,43.00812499999999,19.694850000000002,-23.31327499999999,4,4,16.0,0.02857142857142857,0.9266860194365075,True,False,hypo_siscowet
NW_024060355.1:5368,NW_024060355.1,5368,43.460674999999995,20.2322,-23.228474999999996,4,4,16.0,0.02857142857142857,0.9266860194365075,True,False,hypo_siscowet
NW_024060355.1:5378,NW_024060355.1,5378,34.9508,15.56325,-19.38755,4,4,16.0,0.02857142857142857,0.9266860194365075,True,False,hypo_siscowet
NW_024060355.1:5409,NW_024060355.1,5409,39.99645,19.15645,-20.840000000000003,4,4,16.0,0.02857142857142857,0.9266860194365075,True,False,hypo_siscowet
NW_024060355.1:5451,NW_024060355.1,5451,45.866775000000004,22.732025,-23.134750000000004,4,4,16.0,0.02857142857142857,0.9266860194365075,True,False,hypo_siscowet
NW_024060355.1:5488,NW_024060355.1,5488,46.737425,23.88495,-22.852475000000002,4,4,16.0,0.02857142857142857,0.9266860194365075,True,False,hypo_siscowet
NW_024060355.1:5522,NW_024060355.1,5522,46.779175,23.516849999999998,-23.262325000000004,4,4,16.0,0.02857142857142857,0.9266860194365075,True,False,hypo_siscowet
NW_024060355.1:5556,NW_024060355.1,5556,51.361075,26.65925,-24.701825,4,4,16.0,0.02857142857142857,0.9266860194365075,True,False,hypo_siscowet
NW_024060355.1:5568,NW_024060355.1,5568,48.402375,24.0386,-24.363775,4,4,16.0,0.02857142857142857,0.9266860194365075,True,False,hypo_siscowet
NW_024060355.1:5578,NW_024060355.1,5578,36.467225,18.316075,-18.151149999999998,4,4,16.0,0.02857142857142857,0.9266860194365075,True,False,hypo_siscowet
NW_024060355.1:5609,NW_024060355.1,5609,44.596174999999995,18.779049999999998,-25.817124999999997,4,4,16.0,0.02857142857142857,0.9266860194365075,True,False,hypo_siscowet
NW_024060355.1:5651,NW_024060355.1,5651,47.568925,24.1435,-23.425425,4,4,16.0,0.02857142857142857,0.9266860194365075,True,False,hypo_siscowet
NW_024060355.1:5688,NW_024060355.1,5688,49.720774999999996,25.322325000000003,-24.398449999999993,4,4,16.0,0.02857142857142857,0.9266860194365075,True,False,hypo_siscowet
NW_024060355.1:5722,NW_024060355.1,5722,49.344125,25.835974999999998,-23.50815,4,4,16.0,0.02857142857142857,0.9266860194365075,True,False,hypo_siscowet
NW_024060355.1:5756,NW_024060355.1,5756,52.962125,27.978575,-24.98355,4,4,16.0,0.02857142857142857,0.9266860194365075,True,False,hypo_siscowet
NW_024060355.1:5768,NW_024060355.1,5768,50.52482500000001,26.650074999999998,-23.87475000000001,4,4,16.0,0.02857142857142857,0.9266860194365075,True,False,hypo_siscowet
NW_024060355.1:5809,NW_024060355.1,5809,47.706149999999994,23.226799999999997,-24.479349999999997,4,4,16.0,0.02857142857142857,0.9266860194365075,True,False,hypo_siscowet
NW_024060355.1:5851,NW_024060355.1,5851,48.19435000000001,24.867175,-23.327175000000008,4,4,16.0,0.02857142857142857,0.9266860194365075,True,False,hypo_siscowet
NW_024060355.1:5888,NW_024060355.1,5888,45.271025,25.2391,-20.031925,4,4,16.0,0.02857142857142857,0.9266860194365075,True,False,hypo_siscowet
NW_024060355.1:5922,NW_024060355.1,5922,45.01505,24.412249999999997,-20.602800000000006,4,4,16.0,0.02857142857142857,0.9266860194365075,True,False,hypo_siscowet
NW_024060355.1:5968,NW_024060355.1,5968,42.7594,23.904825,-18.854575,4,4,16.0,0.02857142857142857,0.9266860194365075,True,False,hypo_siscowet
NW_024060355.1:6009,NW_024060355.1,6009,40.0491,23.036575,-17.012525000000004,4,4,16.0,0.02857142857142857,0.9266860194365075,True,False,hypo_siscowet
NW_024060355.1:6051,NW_024060355.1,6051,40.973375,21.097725,-19.875649999999997,4,4,16.0,0.02857142857142857,0.9266860194365075,True,False,hypo_siscowet
NW_024060355.1:6088,NW_024060355.1,6088,38.456525,19.57385,-18.882675,4,4,16.0,0.02857142857142857,0.9266860194365075,True,False,hypo_siscowet
NW_024060355.1:6122,NW_024060355.1,6122,38.1314,18.36515,-19.76625,4,4,16.0,0.02857142857142857,0.9266860194365075,True,False,hypo_siscowet
NW_024060355.1:6168,NW_024060355.1,6168,37.718875000000004,18.378425,-19.340450000000004,4,4,16.0,0.02857142857142857,0.9266860194365075,True,False,hypo_siscowet
NW_024060355.1:6209,NW_024060355.1,6209,34.92355,17.38105,-17.5425,4,4,16.0,0.02857142857142857,0.9266860194365075,True,False,hypo_siscowet
NW_024060355.1:6251,NW_024060355.1,6251,41.1308,22.23855,-18.89225,4,4,16.0,0.02857142857142857,0.9266860194365075,True,False,hypo_siscowet
NW_024060355.1:6288,NW_024060355.1,6288,42.585575,23.658325,-18.927249999999997,4,4,16.0,0.02857142857142857,0.9266860194365075,True,False,hypo_siscowet
NW_024060355.1:6322,NW_024060355.1,6322,40.809275,23.455699999999997,-17.353575000000003,4,4,16.0,0.02857142857142857,0.9266860194365075,True,False,hypo_siscowet
NW_024060355.1:6356,NW_024060355.1,6356,48.432649999999995,27.0259,-21.406749999999995,4,4,16.0,0.02857142857142857,0.9266860194365075,True,False,hypo_siscowet
NW_024060355.1:6368,NW_024060355.1,6368,41.689800000000005,24.00625,-17.683550000000004,4,4,16.0,0.02857142857142857,0.9266860194365075,True,False,hypo_siscowet
NW_024060355.1:6378,NW_024060355.1,6378,34.05575,15.689775000000001,-18.365975000000002,4,4,16.0,0.02857142857142857,0.9266860194365075,True,False,hypo_siscowet
NW_024060355.1:6409,NW_024060355.1,6409,37.494675,22.334149999999998,-15.160525000000003,4,4,16.0,0.02857142857142857,0.9266860194365075,True,False,hypo_siscowet
NW_024060355.1:6451,NW_024060355.1,6451,44.35815,24.772675,-19.585475000000002,4,4,16.0,0.02857142857142857,0.9266860194365075,True,False,hypo_siscowet
NW_024060355.1:6488,NW_024060355.1,6488,46.852850000000004,25.34235,-21.510500000000004,4,4,16.0,0.02857142857142857,0.9266860194365075,True,False,hypo_siscowet
NW_024060355.1:6522,NW_024060355.1,6522,47.597475,25.742624999999997,-21.854850000000006,4,4,16.0,0.02857142857142857,0.9266860194365075,True,False,hypo_siscowet
NW_024060355.1:6556,NW_024060355.1,6556,50.177475,27.114199999999997,-23.063275000000004,4,4,16.0,0.02857142857142857,0.9266860194365075,True,False,hypo_siscowet
NW_024060355.1:6568,NW_024060355.1,6568,50.047475,24.159174999999998,-25.8883,4,4,16.0,0.02857142857142857,0.9266860194365075,True,False,hypo_siscowet
NW_024060355.1:6609,NW_024060355.1,6609,48.278774999999996,22.300024999999998,-25.978749999999998,4,4,16.0,0.02857142857142857,0.9266860194365075,True,False,hypo_siscowet
NW_024060355.1:6651,NW_024060355.1,6651,48.549925,27.727725,-20.822200000000002,4,4,16.0,0.02857142857142857,0.9266860194365075,True,False,hypo_siscowet
NW_024060355.1:6688,NW_024060355.1,6688,46.570775,27.9302,-18.640575,4,4,16.0,0.02857142857142857,0.9266860194365075,True,False,hypo_siscowet
NW_024060355.1:6722,NW_024060355.1,6722,45.361175,28.583400000000005,-16.777775,4,4,16.0,0.02857142857142857,0.9266860194365075,True,False,hypo_siscowet
NW_024060355.1:6756,NW_024060355.1,6756,51.3532,35.1571,-16.1961,4,4,16.0,0.02857142857142857,0.9266860194365075,True,False,hypo_siscowet
NW_024060355.1:6768,NW_024060355.1,6768,45.489,29.075975,-16.413024999999998,4,4,16.0,0.02857142857142857,0.9266860194365075,True,False,hypo_siscowet
NW_024060355.1:6809,NW_024060355.1,6809,43.244275,28.052675,-15.191600000000001,4,4,16.0,0.02857142857142857,0.9266860194365075,True,False,hypo_siscowet
NW_024060355.1:6956,NW_024060355.1,6956,61.855075,34.886675000000004,-26.968399999999995,4,4,16.0,0.02857142857142857,0.9266860194365075,True,False,hypo_siscowet
NW_024060355.1:7209,NW_024060355.1,7209,40.041174999999996,24.232575,-15.808599999999995,4,4,16.0,0.02857142857142857,0.9266860194365075,True,False,hypo_siscowet
NW_024060355.1:7356,NW_024060355.1,7356,58.2895,39.595125,-18.694374999999994,4,4,16.0,0.02857142857142857,0.9266860194365075,True,False,hypo_siscowet
NW_024060355.1:7378,NW_024060355.1,7378,35.680575,18.682375,-16.998199999999997,4,4,16.0,0.02857142857142857,0.9266860194365075,True,False,hypo_siscowet
NW_024060355.1:7451,NW_024060355.1,7451,43.8859,27.558775000000004,-16.327124999999995,4,4,16.0,0.02857142857142857,0.9266860194365075,True,False,hypo_siscowet
NW_024060355.1:7488,NW_024060355.1,7488,42.174825,25.898325,-16.2765,4,4,16.0,0.02857142857142857,0.9266860194365075,True,False,hypo_siscowet
NW_024060355.1:7522,NW_024060355.1,7522,41.21655,23.49785,-17.7187,4,4,16.0,0.02857142857142857,0.9266860194365075,True,False,hypo_siscowet
NW_024060355.1:7568,NW_024060355.1,7568,32.256475,17.1591,-15.097375000000003,4,4,16.0,0.02857142857142857,0.9266860194365075,True,False,hypo_siscowet
NW_024060355.1:7629,NW_024060355.1,7629,36.64705,19.747075,-16.899975,4,4,16.0,0.02857142857142857,0.9266860194365075,True,False,hypo_siscowet
NW_024060355.1:7670,NW_024060355.1,7670,32.354225,16.163625,-16.1906,4,4,16.0,0.02857142857142857,0.9266860194365075,True,False,hypo_siscowet
NW_024060355.1:7712,NW_024060355.1,7712,35.692525,19.387625,-16.304900000000004,4,4,16.0,0.02857142857142857,0.9266860194365075,True,False,hypo_siscowet
NW_024060355.1:8341,NW_024060355.1,8341,60.35415,39.504374999999996,-20.849775,4,4,16.0,0.02857142857142857,0.9266860194365075,True,False,hypo_siscowet
NW_024060355.1:8403,NW_024060355.1,8403,64.403025,44.991675,-19.41135,4,4,16.0,0.02857142857142857,0.9266860194365075,True,False,hypo_siscowet
NW_024060355.1:8444,NW_024060355.1,8444,65.82159999999999,46.6708,-19.15079999999999,4,4,16.0,0.02857142857142857,0.9266860194365075,True,False,hypo_siscowet
NW_024060355.1:8465,NW_024060355.1,8465,74.906975,57.1624,-17.744575000000005,4,4,16.0,0.02857142857142857,0.9266860194365075,True,False,hypo_siscowet
NW_024060355.1:8486,NW_024060355.1,8486,76.99097499999999,58.562525,-18.42844999999999,4,4,16.0,0.02857142857142857,0.9266860194365075,True,False,hypo_siscowet
NW_024060367.1:10611,NW_024060367.1,10611,82.25986666666667,60.625,-21.634866666666667,3,4,12.0,0.04974599072150299,0.9266860194365075,True,False,hypo_siscowet
NW_024060367.1:13180,NW_024060367.1,13180,97.61903333333333,73.791425,-23.82760833333333,3,4,12.0,0.04974599072150299,0.9266860194365075,True,False,hypo_siscowet
NW_024060373.1:10706,NW_024060373.1,10706,78.325825,63.206075000000006,-15.11974999999999,4,4,16.0,0.029401048190339642,0.9266860194365075,True,False,hypo_siscowet
NW_024060408.1:182130,NW_024060408.1,182130,15.355466666666667,0.0,-15.355466666666667,3,4,12.0,0.03191120476963876,0.9266860194365075,True,False,hypo_siscowet
NW_024060408.1:182169,NW_024060408.1,182169,22.74147333333333,2.0833325,-20.65814083333333,3,4,12.0,0.04359664488554136,0.9266860194365075,True,False,hypo_siscowet
NW_024060408.1:182195,NW_024060408.1,182195,19.841266666666666,2.0833325,-17.757934166666665,3,4,12.0,0.04359664488554136,0.9266860194365075,True,False,hypo_siscowet
NW_024060408.1:182237,NW_024060408.1,182237,22.8295,3.125,-19.7045,3,4,12.0,0.04359664488554136,0.9266860194365075,True,False,hypo_siscowet
NW_024060408.1:182294,NW_024060408.1,182294,20.868933333333334,1.9230775,-18.945855833333333,3,4,12.0,0.04359664488554136,0.9266860194365075,True,False,hypo_siscowet
NW_024060408.1:182397,NW_024060408.1,182397,17.605766666666668,0.925925,-16.67984166666667,3,4,12.0,0.04359664488554136,0.9266860194365075,True,False,hypo_siscowet
NW_024060408.1:182421,NW_024060408.1,182421,15.230746666666667,0.0,-15.230746666666667,3,4,12.0,0.03191120476963876,0.9266860194365075,True,False,hypo_siscowet
NW_024060408.1:182423,NW_024060408.1,182423,18.529766666666667,0.925925,-17.603841666666668,3,4,12.0,0.04359664488554136,0.9266860194365075,True,False,hypo_siscowet
NW_024060408.1:182492,NW_024060408.1,182492,26.9201,1.0416675,-25.878432500000002,3,4,12.0,0.04359664488554136,0.9266860194365075,True,False,hypo_siscowet
NW_024060408.1:182510,NW_024060408.1,182510,26.951566666666665,0.925925,-26.025641666666665,3,4,12.0,0.04359664488554136,0.9266860194365075,True,False,hypo_siscowet
NW_024060408.1:182519,NW_024060408.1,182519,37.3611,1.0,-36.3611,3,4,12.0,0.04359664488554136,0.9266860194365075,True,False,hypo_siscowet
NW_024060408.1:182555,NW_024060408.1,182555,40.800533333333334,1.9230775,-38.877455833333336,3,4,12.0,0.04359664488554136,0.9266860194365075,True,False,hypo_siscowet
NW_024060408.1:182567,NW_024060408.1,182567,43.85223333333334,3.7037,-40.14853333333334,3,4,12.0,0.04359664488554136,0.9266860194365075,True,False,hypo_siscowet
NW_024060408.1:182629,NW_024060408.1,182629,46.354800000000004,4.629625,-41.72517500000001,3,4,12.0,0.04359664488554136,0.9266860194365075,True,False,hypo_siscowet
NW_024060410.1:23441,NW_024060410.1,23441,82.037875,56.42790000000001,-25.60997499999999,4,4,16.0,0.02857142857142857,0.9266860194365075,True,False,hypo_siscowet
NW_024060410.1:23656,NW_024060410.1,23656,74.24243333333334,58.974374999999995,-15.268058333333343,3,4,12.0,0.04974599072150299,0.9266860194365075,True,False,hypo_siscowet
NW_024060418.1:15757,NW_024060418.1,15757,69.71045000000001,84.955225,15.24477499999999,4,4,0.0,0.02857142857142857,0.9266860194365075,True,False,hyper_siscowet
NW_024060443.1:7383,NW_024060443.1,7383,86.047425,69.499825,-16.547600000000003,4,4,16.0,0.02857142857142857,0.9266860194365075,True,False,hypo_siscowet
NW_024060452.1:394875,NW_024060452.1,394875,100.0,37.4703,-62.5297,3,4,12.0,0.04359664488554136,0.9266860194365075,True,False,hypo_siscowet
NW_024060452.1:394878,NW_024060452.1,394878,97.77776666666666,36.4899,-61.287866666666666,3,4,12.0,0.04974599072150299,0.9266860194365075,True,False,hypo_siscowet
NW_024060452.1:394960,NW_024060452.1,394960,100.0,46.19725,-53.80275,3,4,12.0,0.04359664488554136,0.9266860194365075,True,False,hypo_siscowet
NW_024060452.1:394963,NW_024060452.1,394963,100.0,47.964,-52.036,3,4,12.0,0.04359664488554136,0.9266860194365075,True,False,hypo_siscowet
NW_024060452.1:394975,NW_024060452.1,394975,100.0,46.81375,-53.18625,3,4,12.0,0.04359664488554136,0.9266860194365075,True,False,hypo_siscowet
NW_024060452.1:394990,NW_024060452.1,394990,100.0,50.183825,-49.816175,3,4,12.0,0.04359664488554136,0.9266860194365075,True,False,hypo_siscowet
NW_024060452.1:395075,NW_024060452.1,395075,100.0,40.24125,-59.75875,3,4,12.0,0.041586341232186144,0.9266860194365075,True,False,hypo_siscowet
NW_024060452.1:401316,NW_024060452.1,401316,86.12382500000001,57.5145,-28.609325000000013,4,4,16.0,0.02857142857142857,0.9266860194365075,True,False,hypo_siscowet
NW_024060453.1:154133,NW_024060453.1,154133,40.8521,23.938975,-16.913125,3,4,12.0,0.04974599072150299,0.9266860194365075,True,False,hypo_siscowet
NW_024060475.1:39620,NW_024060475.1,39620,87.19806666666666,67.6389,-19.559166666666655,3,4,12.0,0.04974599072150299,0.9266860194365075,True,False,hypo_siscowet
NW_024060475.1:40109,NW_024060475.1,40109,84.12696666666666,68.139875,-15.987091666666657,3,4,12.0,0.04974599072150299,0.9266860194365075,True,False,hypo_siscowet
NW_024060491.1:21546,NW_024060491.1,21546,92.42725,71.24756666666667,-21.17968333333333,4,3,12.0,0.04974599072150299,0.9266860194365075,True,False,hypo_siscowet
NW_024060491.1:21790,NW_024060491.1,21790,97.62335,77.75566666666667,-19.867683333333332,4,3,12.0,0.04974599072150299,0.9266860194365075,True,False,hypo_siscowet
NW_024060535.1:20403,NW_024060535.1,20403,93.63723333333333,74.94917500000001,-18.688058333333316,3,4,12.0,0.04974599072150299,0.9266860194365075,True,False,hypo_siscowet
NW_024060549.1:1081,NW_024060549.1,1081,41.537275,24.002525,-17.534750000000003,4,4,16.0,0.02857142857142857,0.9266860194365075,True,False,hypo_siscowet
NW_024060549.1:19989,NW_024060549.1,19989,59.741575,43.5139,-16.227674999999998,4,4,16.0,0.02857142857142857,0.9266860194365075,True,False,hypo_siscowet
NW_024060549.1:20502,NW_024060549.1,20502,89.52625,73.87205,-15.654200000000003,4,4,15.5,0.042066412206780826,0.9266860194365075,True,False,hypo_siscowet
NW_024060549.1:20541,NW_024060549.1,20541,89.779875,73.46877500000001,-16.311099999999996,4,4,16.0,0.02857142857142857,0.9266860194365075,True,False,hypo_siscowet
NW_024060549.1:20572,NW_024060549.1,20572,90.66412500000001,75.34847500000001,-15.315650000000005,4,4,16.0,0.02857142857142857,0.9266860194365075,True,False,hypo_siscowet
NW_024060549.1:20607,NW_024060549.1,20607,92.64025000000001,77.051275,-15.588975000000005,4,4,16.0,0.029401048190339642,0.9266860194365075,True,False,hypo_siscowet
NW_024060549.1:20618,NW_024060549.1,20618,84.403775,64.83095,-19.572824999999995,4,4,16.0,0.02857142857142857,0.9266860194365075,True,False,hypo_siscowet
NW_024060549.1:20644,NW_024060549.1,20644,70.383025,48.80515,-21.577875000000006,4,4,16.0,0.02857142857142857,0.9266860194365075,True,False,hypo_siscowet
NW_024060549.1:20695,NW_024060549.1,20695,65.7031,40.039675,-25.663425000000004,4,4,16.0,0.029401048190339642,0.9266860194365075,True,False,hypo_siscowet
NW_024060549.1:20697,NW_024060549.1,20697,68.141425,40.127224999999996,-28.014200000000002,4,4,16.0,0.029401048190339642,0.9266860194365075,True,False,hypo_siscowet
NW_024060549.1:20738,NW_024060549.1,20738,56.629400000000004,27.309525,-29.319875000000003,4,4,16.0,0.02857142857142857,0.9266860194365075,True,False,hypo_siscowet
NW_024060549.1:20741,NW_024060549.1,20741,43.722849999999994,18.87355,-24.849299999999992,4,4,16.0,0.02857142857142857,0.9266860194365075,True,False,hypo_siscowet
NW_024060549.1:20750,NW_024060549.1,20750,40.905225,15.666675,-25.238550000000004,4,4,16.0,0.02857142857142857,0.9266860194365075,True,False,hypo_siscowet
NW_024060549.1:20758,NW_024060549.1,20758,27.1936,6.90114,-20.29246,4,4,16.0,0.02857142857142857,0.9266860194365075,True,False,hypo_siscowet
NW_024060549.1:20768,NW_024060549.1,20768,33.81865,8.618395,-25.200255,4,4,16.0,0.02857142857142857,0.9266860194365075,True,False,hypo_siscowet
NW_024060549.1:21022,NW_024060549.1,21022,30.451750000000004,7.5126,-22.939150000000005,4,4,16.0,0.02857142857142857,0.9266860194365075,True,False,hypo_siscowet
NW_024060549.1:21100,NW_024060549.1,21100,59.214475,31.6861,-27.528375,4,4,16.0,0.02857142857142857,0.9266860194365075,True,False,hypo_siscowet
NW_024060549.1:21169,NW_024060549.1,21169,83.11507499999999,61.2546,-21.860474999999987,4,4,16.0,0.02857142857142857,0.9266860194365075,True,False,hypo_siscowet
NW_024060549.1:21278,NW_024060549.1,21278,72.9834,38.67815,-34.30525,4,4,16.0,0.029401048190339642,0.9266860194365075,True,False,hypo_siscowet
NW_024060563.1:192952,NW_024060563.1,192952,68.40465,17.9292825,-50.475367500000004,4,4,16.0,0.02857142857142857,0.9266860194365075,True,False,hypo_siscowet
NW_024060563.1:195509,NW_024060563.1,195509,100.0,76.5906,-23.409400000000005,3,4,12.0,0.04359664488554136,0.9266860194365075,True,False,hypo_siscowet
NW_024060563.1:395531,NW_024060563.1,395531,88.20513333333334,72.012225,-16.192908333333335,3,4,12.0,0.04974599072150299,0.9266860194365075,True,False,hypo_siscowet
NW_024060563.1:404313,NW_024060563.1,404313,1.4492766666666668,18.408900000000003,16.959623333333337,3,4,0.0,0.04974599072150299,0.9266860194365075,True,False,hyper_siscowet
NW_024060563.1:404316,NW_024060563.1,404316,4.545453333333334,22.1096,17.564146666666666,3,4,0.0,0.04974599072150299,0.9266860194365075,True,False,hyper_siscowet
NW_024060574.1:5794,NW_024060574.1,5794,93.07936666666667,75.4329,-17.64646666666667,3,4,12.0,0.04974599072150299,0.9266860194365075,True,False,hypo_siscowet
NW_024060595.1:13097,NW_024060595.1,13097,93.93939999999999,77.629875,-16.309524999999994,3,4,12.0,0.04974599072150299,0.9266860194365075,True,False,hypo_siscowet
NW_024060642.1:1711,NW_024060642.1,1711,35.91635,19.06105,-16.8553,4,4,16.0,0.02857142857142857,0.9266860194365075,True,False,hypo_siscowet
NW_024060642.1:1728,NW_024060642.1,1728,35.081900000000005,18.418675,-16.663225000000004,4,4,16.0,0.02857142857142857,0.9266860194365075,True,False,hypo_siscowet
NW_024060642.1:2845,NW_024060642.1,2845,44.818025,27.71075,-17.107274999999998,4,4,16.0,0.02857142857142857,0.9266860194365075,True,False,hypo_siscowet
NW_024060642.1:2862,NW_024060642.1,2862,45.171499999999995,26.707900000000002,-18.463599999999992,4,4,16.0,0.02857142857142857,0.9266860194365075,True,False,hypo_siscowet
NW_024060642.1:4733,NW_024060642.1,4733,53.796425,32.430425,-21.366,4,4,16.0,0.02857142857142857,0.9266860194365075,True,False,hypo_siscowet
NW_024060642.1:4750,NW_024060642.1,4750,52.445899999999995,31.376975,-21.068924999999993,4,4,16.0,0.02857142857142857,0.9266860194365075,True,False,hypo_siscowet
NW_024060642.1:5867,NW_024060642.1,5867,54.573350000000005,34.17535,-20.398000000000003,4,4,16.0,0.02857142857142857,0.9266860194365075,True,False,hypo_siscowet
NW_024060642.1:5884,NW_024060642.1,5884,52.70632499999999,33.5023,-19.204024999999994,4,4,16.0,0.02857142857142857,0.9266860194365075,True,False,hypo_siscowet
NW_024060654.1:4265,NW_024060654.1,4265,81.13076666666666,96.265625,15.13485833333334,3,4,0.0,0.04974599072150299,0.9266860194365075,True,False,hyper_siscowet
NW_024060654.1:4974,NW_024060654.1,4974,61.90476666666666,32.5041,-29.40066666666666,3,4,12.0,0.04974599072150299,0.9266860194365075,True,False,hypo_siscowet
NW_024060676.1:17289,NW_024060676.1,17289,74.89665000000001,59.81995,-15.07670000000001,4,4,16.0,0.02857142857142857,0.9266860194365075,True,False,hypo_siscowet
NW_024060676.1:18573,NW_024060676.1,18573,57.226175,31.521975,-25.704199999999997,4,4,16.0,0.02857142857142857,0.9266860194365075,True,False,hypo_siscowet
NW_024060676.1:18614,NW_024060676.1,18614,58.760574999999996,37.922375,-20.838199999999993,4,4,16.0,0.02857142857142857,0.9266860194365075,True,False,hypo_siscowet
NW_024060676.1:18800,NW_024060676.1,18800,62.35945000000001,41.570975,-20.788475000000012,4,4,16.0,0.02857142857142857,0.9266860194365075,True,False,hypo_siscowet
NW_024060676.1:18845,NW_024060676.1,18845,56.448475,29.586025,-26.862450000000003,4,4,16.0,0.02857142857142857,0.9266860194365075,True,False,hypo_siscowet
NW_024060676.1:18879,NW_024060676.1,18879,54.030225,25.655250000000002,-28.374975,4,4,16.0,0.02857142857142857,0.9266860194365075,True,False,hypo_siscowet
NW_024060676.1:18916,NW_024060676.1,18916,50.68315,21.96125,-28.721899999999998,4,4,16.0,0.02857142857142857,0.9266860194365075,True,False,hypo_siscowet
NW_024060676.1:18958,NW_024060676.1,18958,48.863625,17.724825000000003,-31.138799999999996,4,4,16.0,0.02857142857142857,0.9266860194365075,True,False,hypo_siscowet
NW_024060676.1:18999,NW_024060676.1,18999,52.767625,21.420675,-31.346950000000003,4,4,16.0,0.02857142857142857,0.9266860194365075,True,False,hypo_siscowet
NW_024060676.1:19060,NW_024060676.1,19060,44.782425,17.98595,-26.796475000000004,4,4,16.0,0.02857142857142857,0.9266860194365075,True,False,hypo_siscowet
NW_024060676.1:19106,NW_024060676.1,19106,55.293350000000004,24.850225,-30.443125000000006,4,4,16.0,0.02857142857142857,0.9266860194365075,True,False,hypo_siscowet
NW_024060676.1:19472,NW_024060676.1,19472,67.084975,29.432425000000002,-37.65255,4,4,16.0,0.02857142857142857,0.9266860194365075,True,False,hypo_siscowet
NW_024060676.1:19672,NW_024060676.1,19672,64.40315,34.701475,-29.701674999999994,4,4,16.0,0.02857142857142857,0.9266860194365075,True,False,hypo_siscowet
NW_024060676.1:19819,NW_024060676.1,19819,51.467325,22.0194,-29.447925,4,4,16.0,0.02857142857142857,0.9266860194365075,True,False,hypo_siscowet
NW_024060676.1:19860,NW_024060676.1,19860,57.4266,22.172475,-35.254125,4,4,16.0,0.02857142857142857,0.9266860194365075,True,False,hypo_siscowet
NW_024060676.1:19906,NW_024060676.1,19906,57.95995,24.699225,-33.260725,4,4,16.0,0.02857142857142857,0.9266860194365075,True,False,hypo_siscowet
NW_024060676.1:19940,NW_024060676.1,19940,58.46317499999999,24.086075,-34.37709999999999,4,4,16.0,0.02857142857142857,0.9266860194365075,True,False,hypo_siscowet
NW_024060676.1:20106,NW_024060676.1,20106,48.65135,21.12245,-27.5289,4,4,16.0,0.02857142857142857,0.9266860194365075,True,False,hypo_siscowet
NW_024060676.1:20140,NW_024060676.1,20140,49.35205,21.218875,-28.133174999999998,4,4,16.0,0.02857142857142857,0.9266860194365075,True,False,hypo_siscowet
NW_024060676.1:20177,NW_024060676.1,20177,47.10135,25.447025,-21.654324999999996,4,4,16.0,0.02857142857142857,0.9266860194365075,True,False,hypo_siscowet
NW_024060676.1:20219,NW_024060676.1,20219,44.504,23.9493,-20.554699999999997,4,4,16.0,0.02857142857142857,0.9266860194365075,True,False,hypo_siscowet
NW_024060676.1:20250,NW_024060676.1,20250,45.02525,19.402725,-25.622525,4,4,16.0,0.02857142857142857,0.9266860194365075,True,False,hypo_siscowet
NW_024060676.1:20306,NW_024060676.1,20306,54.92245,22.9744,-31.94805,4,4,16.0,0.02857142857142857,0.9266860194365075,True,False,hypo_siscowet
NW_024060676.1:20340,NW_024060676.1,20340,52.88595,22.561425,-30.324525,4,4,16.0,0.02857142857142857,0.9266860194365075,True,False,hypo_siscowet
NW_024060676.1:20377,NW_024060676.1,20377,54.734775,19.7729,-34.961875,4,4,16.0,0.02857142857142857,0.9266860194365075,True,False,hypo_siscowet
NW_024060676.1:20419,NW_024060676.1,20419,52.81722499999999,18.99905,-33.818175,4,4,16.0,0.02857142857142857,0.9266860194365075,True,False,hypo_siscowet
NW_024060676.1:20460,NW_024060676.1,20460,56.46617500000001,18.441625,-38.024550000000005,4,4,16.0,0.02857142857142857,0.9266860194365075,True,False,hypo_siscowet
NW_024060676.1:20506,NW_024060676.1,20506,53.0036,17.26925,-35.73435,4,4,16.0,0.02857142857142857,0.9266860194365075,True,False,hypo_siscowet
NW_024060676.1:20540,NW_024060676.1,20540,58.018,18.495700000000003,-39.5223,4,4,16.0,0.02857142857142857,0.9266860194365075,True,False,hypo_siscowet
NW_024060676.1:20577,NW_024060676.1,20577,59.434475,17.808275000000002,-41.6262,4,4,16.0,0.02857142857142857,0.9266860194365075,True,False,hypo_siscowet
NW_024060676.1:20619,NW_024060676.1,20619,58.193625,17.784525000000002,-40.409099999999995,4,4,16.0,0.02857142857142857,0.9266860194365075,True,False,hypo_siscowet
NW_024060676.1:20660,NW_024060676.1,20660,54.166675000000005,18.644125,-35.52255000000001,4,4,16.0,0.02857142857142857,0.9266860194365075,True,False,hypo_siscowet
NW_024060676.1:20706,NW_024060676.1,20706,55.1896,18.1754,-37.0142,4,4,16.0,0.02857142857142857,0.9266860194365075,True,False,hypo_siscowet
NW_024060676.1:20740,NW_024060676.1,20740,57.4529,19.601225,-37.851675,4,4,16.0,0.02857142857142857,0.9266860194365075,True,False,hypo_siscowet
NW_024060676.1:20777,NW_024060676.1,20777,55.6899,20.276349999999997,-35.41355,4,4,16.0,0.02857142857142857,0.9266860194365075,True,False,hypo_siscowet
NW_024060676.1:20819,NW_024060676.1,20819,53.264525,20.234025,-33.0305,4,4,16.0,0.029401048190339642,0.9266860194365075,True,False,hypo_siscowet
NW_024060676.1:20860,NW_024060676.1,20860,57.199875,22.21765,-34.982225,4,4,16.0,0.02857142857142857,0.9266860194365075,True,False,hypo_siscowet
NW_024060676.1:20906,NW_024060676.1,20906,55.820725,23.383825,-32.4369,4,4,16.0,0.029401048190339642,0.9266860194365075,True,False,hypo_siscowet
NW_024060676.1:20940,NW_024060676.1,20940,54.130075000000005,23.852925,-30.277150000000006,4,4,16.0,0.02857142857142857,0.9266860194365075,True,False,hypo_siscowet
NW_024060676.1:21019,NW_024060676.1,21019,58.422599999999996,22.808549999999997,-35.61405,4,4,16.0,0.02857142857142857,0.9266860194365075,True,False,hypo_siscowet
NW_024060676.1:21060,NW_024060676.1,21060,55.249725,22.759725,-32.489999999999995,4,4,16.0,0.02857142857142857,0.9266860194365075,True,False,hypo_siscowet
NW_024060676.1:21106,NW_024060676.1,21106,57.4405,21.31745,-36.12305,4,4,16.0,0.02857142857142857,0.9266860194365075,True,False,hypo_siscowet
NW_024060676.1:21140,NW_024060676.1,21140,58.047625000000004,22.734599999999997,-35.31302500000001,4,4,16.0,0.029401048190339642,0.9266860194365075,True,False,hypo_siscowet
NW_024060676.1:21177,NW_024060676.1,21177,55.9403,21.614849999999997,-34.325450000000004,4,4,16.0,0.02857142857142857,0.9266860194365075,True,False,hypo_siscowet
NW_024060676.1:21219,NW_024060676.1,21219,55.512575,26.661524999999997,-28.85105,4,4,16.0,0.02857142857142857,0.9266860194365075,True,False,hypo_siscowet
NW_024060676.1:21377,NW_024060676.1,21377,60.227275,35.179925,-25.04735,4,4,16.0,0.02857142857142857,0.9266860194365075,True,False,hypo_siscowet
NW_024060676.1:21460,NW_024060676.1,21460,63.315,33.7346,-29.580399999999997,4,4,16.0,0.02857142857142857,0.9266860194365075,True,False,hypo_siscowet
NW_024060676.1:21540,NW_024060676.1,21540,65.35950000000001,31.719624999999997,-33.63987500000002,3,4,12.0,0.04974599072150299,0.9266860194365075,True,False,hypo_siscowet
NW_024060676.1:21577,NW_024060676.1,21577,73.95835,28.65525,-45.3031,4,4,16.0,0.02857142857142857,0.9266860194365075,True,False,hypo_siscowet
NW_024060676.1:21620,NW_024060676.1,21620,70.109175,26.4965,-43.612674999999996,4,4,16.0,0.02857142857142857,0.9266860194365075,True,False,hypo_siscowet
NW_024060676.1:21661,NW_024060676.1,21661,64.5595,27.383875000000003,-37.175625,4,4,16.0,0.02857142857142857,0.9266860194365075,True,False,hypo_siscowet
NW_024060676.1:21673,NW_024060676.1,21673,70.0175,27.158500000000004,-42.858999999999995,4,4,16.0,0.02857142857142857,0.9266860194365075,True,False,hypo_siscowet
NW_024060688.1:20501,NW_024060688.1,20501,1.0101,18.2566375,17.2465375,3,4,0.0,0.04974599072150299,0.9266860194365075,True,False,hyper_siscowet
NW_024060700.1:5164,NW_024060700.1,5164,90.9357,66.71674999999999,-24.218950000000007,3,4,12.0,0.04974599072150299,0.9266860194365075,True,False,hypo_siscowet
NW_024060700.1:5521,NW_024060700.1,5521,98.48483333333333,78.645625,-19.839208333333332,3,4,12.0,0.04974599072150299,0.9266860194365075,True,False,hypo_siscowet
NW_024060700.1:7210,NW_024060700.1,7210,98.48483333333333,83.314675,-15.170158333333333,3,4,12.0,0.04974599072150299,0.9266860194365075,True,False,hypo_siscowet
NW_024060700.1:7364,NW_024060700.1,7364,97.91666666666667,80.29245,-17.62421666666667,3,4,12.0,0.04974599072150299,0.9266860194365075,True,False,hypo_siscowet
NW_024060730.1:122059,NW_024060730.1,122059,28.446099999999998,47.624649999999995,19.178549999999998,3,4,0.0,0.04974599072150299,0.9266860194365075,True,False,hyper_siscowet
NW_024060730.1:122707,NW_024060730.1,122707,77.3156,93.63367500000001,16.318075000000007,3,4,0.0,0.04974599072150299,0.9266860194365075,True,False,hyper_siscowet
NW_024060730.1:145088,NW_024060730.1,145088,97.4359,75.85715,-21.57875,3,4,12.0,0.04767810313602185,0.9266860194365075,True,False,hypo_siscowet
NW_024060731.1:14894,NW_024060731.1,14894,23.36345,7.5364275,-15.8270225,4,4,16.0,0.02857142857142857,0.9266860194365075,True,False,hypo_siscowet
NW_024060731.1:16717,NW_024060731.1,16717,50.80695000000001,26.62605,-24.18090000000001,4,4,16.0,0.02857142857142857,0.9266860194365075,True,False,hypo_siscowet
NW_024060731.1:16763,NW_024060731.1,16763,50.054675,26.117600000000003,-23.937075,4,4,16.0,0.02857142857142857,0.9266860194365075,True,False,hypo_siscowet
NW_024060731.1:16794,NW_024060731.1,16794,45.7131,20.328109999999995,-25.384990000000002,4,4,16.0,0.02857142857142857,0.9266860194365075,True,False,hypo_siscowet
NW_024060731.1:16804,NW_024060731.1,16804,48.87045,23.572575,-25.297874999999998,4,4,16.0,0.02857142857142857,0.9266860194365075,True,False,hypo_siscowet
NW_024060731.1:16846,NW_024060731.1,16846,44.734375,19.670475,-25.0639,4,4,16.0,0.02857142857142857,0.9266860194365075,True,False,hypo_siscowet
NW_024060731.1:16883,NW_024060731.1,16883,38.98685,14.694624999999998,-24.292225,4,4,16.0,0.02857142857142857,0.9266860194365075,True,False,hypo_siscowet
NW_024060731.1:16917,NW_024060731.1,16917,36.955575,13.4189075,-23.536667500000004,4,4,16.0,0.02857142857142857,0.9266860194365075,True,False,hypo_siscowet
NW_024060731.1:16963,NW_024060731.1,16963,38.386675,14.359425,-24.027249999999995,4,4,16.0,0.02857142857142857,0.9266860194365075,True,False,hypo_siscowet
NW_024060731.1:16973,NW_024060731.1,16973,28.715675,12.4567,-16.258975,4,4,16.0,0.02857142857142857,0.9266860194365075,True,False,hypo_siscowet
NW_024060731.1:17046,NW_024060731.1,17046,42.550275,21.595525000000002,-20.954749999999997,4,4,16.0,0.02857142857142857,0.9266860194365075,True,False,hypo_siscowet
NW_024060731.1:17083,NW_024060731.1,17083,50.69375000000001,25.717525000000002,-24.976225000000007,4,4,16.0,0.02857142857142857,0.9266860194365075,True,False,hypo_siscowet
NW_024060731.1:17163,NW_024060731.1,17163,44.945725,26.96235,-17.983375000000002,4,4,16.0,0.02857142857142857,0.9266860194365075,True,False,hypo_siscowet
NW_024060731.1:17173,NW_024060731.1,17173,41.859375,24.231700000000004,-17.627674999999996,4,4,16.0,0.02857142857142857,0.9266860194365075,True,False,hypo_siscowet
NW_024060731.1:17194,NW_024060731.1,17194,44.64255,24.098,-20.54455,4,4,16.0,0.02857142857142857,0.9266860194365075,True,False,hypo_siscowet
NW_024060731.1:17204,NW_024060731.1,17204,39.889925000000005,19.15425,-20.735675000000004,4,4,16.0,0.02857142857142857,0.9266860194365075,True,False,hypo_siscowet
NW_024060731.1:17446,NW_024060731.1,17446,46.674725,25.067425,-21.607300000000002,4,4,16.0,0.02857142857142857,0.9266860194365075,True,False,hypo_siscowet
NW_024060731.1:17483,NW_024060731.1,17483,49.3458,24.174075,-25.171725,4,4,16.0,0.02857142857142857,0.9266860194365075,True,False,hypo_siscowet
NW_024060731.1:17517,NW_024060731.1,17517,51.925200000000004,24.0679,-27.857300000000002,4,4,16.0,0.02857142857142857,0.9266860194365075,True,False,hypo_siscowet
NW_024060731.1:17563,NW_024060731.1,17563,50.00045,25.19045,-24.810000000000002,4,4,16.0,0.02857142857142857,0.9266860194365075,True,False,hypo_siscowet
NW_024060731.1:17604,NW_024060731.1,17604,48.574675,20.4447,-28.129974999999998,4,4,16.0,0.02857142857142857,0.9266860194365075,True,False,hypo_siscowet
NW_024060731.1:17646,NW_024060731.1,17646,48.271225,19.7815,-28.489725,4,4,16.0,0.02857142857142857,0.9266860194365075,True,False,hypo_siscowet
NW_024060731.1:17683,NW_024060731.1,17683,45.935675,19.8383,-26.097375000000003,4,4,16.0,0.02857142857142857,0.9266860194365075,True,False,hypo_siscowet
NW_024060731.1:17717,NW_024060731.1,17717,45.35425,20.536275,-24.817975,4,4,16.0,0.02857142857142857,0.9266860194365075,True,False,hypo_siscowet
NW_024060731.1:17804,NW_024060731.1,17804,40.487300000000005,19.0029,-21.484400000000004,4,4,16.0,0.02857142857142857,0.9266860194365075,True,False,hypo_siscowet
NW_024060731.1:17846,NW_024060731.1,17846,48.931525,23.118924999999997,-25.812600000000003,4,4,16.0,0.02857142857142857,0.9266860194365075,True,False,hypo_siscowet
NW_024060731.1:17917,NW_024060731.1,17917,53.318200000000004,20.040499999999998,-33.27770000000001,4,4,16.0,0.02857142857142857,0.9266860194365075,True,False,hypo_siscowet
NW_024060731.1:17963,NW_024060731.1,17963,51.02935,20.992849999999997,-30.036500000000004,4,4,16.0,0.02857142857142857,0.9266860194365075,True,False,hypo_siscowet
NW_024060731.1:18004,NW_024060731.1,18004,46.0858,17.6322575,-28.453542499999998,4,4,16.0,0.02857142857142857,0.9266860194365075,True,False,hypo_siscowet
NW_024060731.1:18046,NW_024060731.1,18046,49.305625,28.066525000000002,-21.239099999999997,4,4,16.0,0.02857142857142857,0.9266860194365075,True,False,hypo_siscowet
NW_024060735.1:5210,NW_024060735.1,5210,68.38515,50.073875,-18.311274999999995,4,4,16.0,0.02857142857142857,0.9266860194365075,True,False,hypo_siscowet
NW_024060736.1:5506,NW_024060736.1,5506,85.737175,66.58845,-19.148725,4,4,16.0,0.02857142857142857,0.9266860194365075,True,False,hypo_siscowet
NW_024060759.1:14073,NW_024060759.1,14073,49.1781,23.903599999999997,-25.274500000000003,4,4,16.0,0.02857142857142857,0.9266860194365075,True,False,hypo_siscowet
NW_024060759.1:14725,NW_024060759.1,14725,30.546699999999998,9.420300000000001,-21.126399999999997,4,4,16.0,0.029401048190339642,0.9266860194365075,True,False,hypo_siscowet
NW_024060761.1:14529,NW_024060761.1,14529,39.476375000000004,21.03275,-18.443625000000004,4,4,16.0,0.02857142857142857,0.9266860194365075,True,False,hypo_siscowet
NW_024060761.1:15386,NW_024060761.1,15386,43.402575,20.515275,-22.8873,4,4,16.0,0.02857142857142857,0.9266860194365075,True,False,hypo_siscowet
NW_024060761.1:15431,NW_024060761.1,15431,51.30695,28.6079,-22.69905,4,4,16.0,0.02857142857142857,0.9266860194365075,True,False,hypo_siscowet
NW_024060761.1:15472,NW_024060761.1,15472,57.994899999999994,36.29035,-21.704549999999998,4,4,16.0,0.029401048190339642,0.9266860194365075,True,False,hypo_siscowet
NW_024060761.1:15514,NW_024060761.1,15514,61.416125,35.864225000000005,-25.551899999999996,4,4,16.0,0.02857142857142857,0.9266860194365075,True,False,hypo_siscowet
NW_024060761.1:15570,NW_024060761.1,15570,57.83775,36.100725,-21.737025000000003,4,4,16.0,0.02857142857142857,0.9266860194365075,True,False,hypo_siscowet
NW_024060761.1:15617,NW_024060761.1,15617,50.8102,33.925725,-16.884475000000002,4,4,16.0,0.02857142857142857,0.9266860194365075,True,False,hypo_siscowet
NW_024060761.1:15944,NW_024060761.1,15944,44.45775,20.2209,-24.236849999999997,4,4,16.0,0.02857142857142857,0.9266860194365075,True,False,hypo_siscowet
NW_024060780.1:14792,NW_024060780.1,14792,67.1482,85.681825,18.533625,4,4,0.0,0.02857142857142857,0.9266860194365075,True,False,hyper_siscowet
NW_024060785.1:597005,NW_024060785.1,597005,91.82695,71.13096666666667,-20.69598333333333,4,3,12.0,0.04359664488554136,0.9266860194365075,True,False,hypo_siscowet
NW_024060785.1:597009,NW_024060785.1,597009,92.881125,74.97713333333333,-17.90399166666667,4,3,12.0,0.04974599072150299,0.9266860194365075,True,False,hypo_siscowet
NW_024060805.1:8118,NW_024060805.1,8118,85.6916,70.103425,-15.588174999999993,4,4,16.0,0.02857142857142857,0.9266860194365075,True,False,hypo_siscowet
NW_024060856.1:13416,NW_024060856.1,13416,45.818149999999996,68.53326666666666,22.715116666666667,4,3,0.0,0.04974599072150299,0.9266860194365075,True,False,hyper_siscowet
NW_024060885.1:90030,NW_024060885.1,90030,38.350300000000004,14.7524375,-23.597862500000005,4,4,16.0,0.02857142857142857,0.9266860194365075,True,False,hypo_siscowet
NW_024060885.1:90656,NW_024060885.1,90656,38.431174999999996,23.12025,-15.310924999999997,4,4,16.0,0.02857142857142857,0.9266860194365075,True,False,hypo_siscowet
NW_024060885.1:91091,NW_024060885.1,91091,88.3125,71.703625,-16.608874999999998,4,4,16.0,0.02857142857142857,0.9266860194365075,True,False,hypo_siscowet
NW_024060885.1:94121,NW_024060885.1,94121,66.044725,36.1336025,-29.911122499999998,4,4,16.0,0.029401048190339642,0.9266860194365075,True,False,hypo_siscowet
NW_024060885.1:94196,NW_024060885.1,94196,53.5475,26.70425,-26.84325,4,4,16.0,0.02857142857142857,0.9266860194365075,True,False,hypo_siscowet
NW_024060896.1:132563,NW_024060896.1,132563,27.799975,12.190265,-15.60971,4,4,16.0,0.029401048190339642,0.9266860194365075,True,False,hypo_siscowet
NW_024060897.1:96849,NW_024060897.1,96849,66.742425,85.37117500000001,18.62875000000001,4,4,0.0,0.02857142857142857,0.9266860194365075,True,False,hyper_siscowet
NW_024060919.1:71803,NW_024060919.1,71803,95.95236666666666,76.120075,-19.832291666666663,3,4,12.0,0.04974599072150299,0.9266860194365075,True,False,hypo_siscowet
NW_024060919.1:71846,NW_024060919.1,71846,96.49123333333334,79.00225,-17.488983333333337,3,4,12.0,0.04974599072150299,0.9266860194365075,True,False,hypo_siscowet
NW_024060924.1:11122,NW_024060924.1,11122,77.638875,92.996025,15.357150000000004,4,4,0.0,0.02857142857142857,0.9266860194365075,True,False,hyper_siscowet
NW_024060924.1:5721,NW_024060924.1,5721,45.294125,24.613325000000003,-20.680799999999998,4,4,16.0,0.02857142857142857,0.9266860194365075,True,False,hypo_siscowet
NW_024060952.1:4750,NW_024060952.1,4750,63.199850000000005,47.9567,-15.243150000000007,4,4,16.0,0.02857142857142857,0.9266860194365075,True,False,hypo_siscowet
NW_024060952.1:6772,NW_024060952.1,6772,62.443275,44.11877500000001,-18.324499999999993,4,4,16.0,0.02857142857142857,0.9266860194365075,True,False,hypo_siscowet
NW_024060952.1:7412,NW_024060952.1,7412,65.1395,48.8442,-16.295299999999997,4,4,16.0,0.02857142857142857,0.9266860194365075,True,False,hypo_siscowet
NW_024060952.1:7940,NW_024060952.1,7940,64.95685,38.337875,-26.618975000000006,4,4,16.0,0.02857142857142857,0.9266860194365075,True,False,hypo_siscowet
NW_024060952.1:8008,NW_024060952.1,8008,62.5,45.430949999999996,-17.069050000000004,4,4,16.0,0.02857142857142857,0.9266860194365075,True,False,hypo_siscowet
NW_024060966.1:5852,NW_024060966.1,5852,74.2674,54.136175,-20.131224999999993,4,4,15.5,0.042066412206780826,0.9266860194365075,True,False,hypo_siscowet
NW_024060994.1:11505,NW_024060994.1,11505,38.330575,16.407385,-21.92319,4,4,16.0,0.02857142857142857,0.9266860194365075,True,False,hypo_siscowet
NW_024060994.1:15612,NW_024060994.1,15612,44.28203333333334,21.9047525,-22.377280833333337,3,4,12.0,0.04974599072150299,0.9266860194365075,True,False,hypo_siscowet
NW_024060994.1:16222,NW_024060994.1,16222,56.9741,28.836825,-28.137275,3,4,12.0,0.04974599072150299,0.9266860194365075,True,False,hypo_siscowet
NW_024060994.1:16724,NW_024060994.1,16724,37.671933333333335,15.16885,-22.503083333333336,3,4,12.0,0.04974599072150299,0.9266860194365075,True,False,hypo_siscowet
NW_024060994.1:17357,NW_024060994.1,17357,62.92346666666666,47.18615,-15.737316666666665,3,4,12.0,0.04974599072150299,0.9266860194365075,True,False,hypo_siscowet
NW_024061006.1:6859,NW_024061006.1,6859,6.2355175,25.118075000000005,18.882557500000004,4,4,0.0,0.029401048190339642,0.9266860194365075,True,False,hyper_siscowet
NW_024061007.1:1025867,NW_024061007.1,1025867,76.44113333333333,55.972525000000005,-20.46860833333332,3,4,12.0,0.04767810313602185,0.9266860194365075,True,False,hypo_siscowet
NW_024061007.1:1026670,NW_024061007.1,1026670,87.5894,66.7793,-20.81009999999999,4,4,16.0,0.02857142857142857,0.9266860194365075,True,False,hypo_siscowet
NW_024061007.1:1099769,NW_024061007.1,1099769,60.117625000000004,81.152625,21.034999999999997,4,4,0.0,0.02857142857142857,0.9266860194365075,True,False,hyper_siscowet
NW_024061007.1:1130130,NW_024061007.1,1130130,76.22727499999999,53.398725,-22.828549999999993,4,4,16.0,0.02857142857142857,0.9266860194365075,True,False,hypo_siscowet
NW_024061007.1:173757,NW_024061007.1,173757,32.739825,50.4205,17.680674999999994,4,4,0.0,0.02857142857142857,0.9266860194365075,True,False,hyper_siscowet
NW_024061007.1:239006,NW_024061007.1,239006,89.59156666666667,65.75445,-23.83711666666666,3,4,12.0,0.04974599072150299,0.9266860194365075,True,False,hypo_siscowet
NW_024061007.1:239728,NW_024061007.1,239728,52.491875,36.468799999999995,-16.023075000000006,4,4,16.0,0.02857142857142857,0.9266860194365075,True,False,hypo_siscowet
NW_024061007.1:369874,NW_024061007.1,369874,56.666666666666664,77.822275,21.15560833333334,3,4,0.0,0.04974599072150299,0.9266860194365075,True,False,hyper_siscowet
NW_024061007.1:482334,NW_024061007.1,482334,74.554775,58.178525,-16.376250000000006,4,4,16.0,0.02857142857142857,0.9266860194365075,True,False,hypo_siscowet
NW_024061007.1:620927,NW_024061007.1,620927,69.642875,50.566050000000004,-19.076825,4,4,16.0,0.029401048190339642,0.9266860194365075,True,False,hypo_siscowet
NW_024061007.1:620990,NW_024061007.1,620990,72.519825,48.98195,-23.537875,4,4,16.0,0.02857142857142857,0.9266860194365075,True,False,hypo_siscowet
NW_024061007.1:622368,NW_024061007.1,622368,70.45892500000001,48.874675,-21.584250000000004,4,4,16.0,0.029401048190339642,0.9266860194365075,True,False,hypo_siscowet
NW_024061007.1:922437,NW_024061007.1,922437,81.355075,63.373425,-17.981650000000002,4,4,16.0,0.02857142857142857,0.9266860194365075,True,False,hypo_siscowet
NW_024061008.1:225215,NW_024061008.1,225215,87.76225,70.641025,-17.121224999999995,4,4,16.0,0.028429535998796527,0.9266860194365075,True,False,hypo_siscowet
NW_024061020.1:4287,NW_024061020.1,4287,93.66515000000001,75.6173,-18.04785000000001,4,3,12.0,0.04974599072150299,0.9266860194365075,True,False,hypo_siscowet
NW_024061030.1:13003,NW_024061030.1,13003,68.21010000000001,51.879999999999995,-16.330100000000016,4,4,16.0,0.02857142857142857,0.9266860194365075,True,False,hypo_siscowet
NW_024061046.1:4663,NW_024061046.1,4663,91.10074999999999,70.56395,-20.536799999999985,4,4,16.0,0.02857142857142857,0.9266860194365075,True,False,hypo_siscowet
NW_024061098.1:1655,NW_024061098.1,1655,90.42845,73.0654,-17.36305,4,4,16.0,0.02857142857142857,0.9266860194365075,True,False,hypo_siscowet
NW_024061098.1:1960,NW_024061098.1,1960,94.9495,72.7088,-22.240700000000004,3,4,12.0,0.04974599072150299,0.9266860194365075,True,False,hypo_siscowet
NW_024061098.1:2389,NW_024061098.1,2389,93.51509999999999,78.47055,-15.044549999999987,4,4,16.0,0.02857142857142857,0.9266860194365075,True,False,hypo_siscowet
NW_024061098.1:4038,NW_024061098.1,4038,89.16687499999999,73.05892499999999,-16.107950000000002,4,4,16.0,0.02857142857142857,0.9266860194365075,True,False,hypo_siscowet
NW_024061098.1:964,NW_024061098.1,964,79.38175,61.40055,-17.981199999999994,4,4,16.0,0.02857142857142857,0.9266860194365075,True,False,hypo_siscowet
NW_024061101.1:191507,NW_024061101.1,191507,88.782825,71.39217500000001,-17.390649999999994,4,4,16.0,0.02857142857142857,0.9266860194365075,True,False,hypo_siscowet
NW_024061101.1:191522,NW_024061101.1,191522,92.1615,76.251825,-15.909675000000007,4,4,16.0,0.02857142857142857,0.9266860194365075,True,False,hypo_siscowet
NW_024061101.1:191532,NW_024061101.1,191532,91.62559999999999,69.458025,-22.167574999999985,4,4,16.0,0.02857142857142857,0.9266860194365075,True,False,hypo_siscowet
NW_024061101.1:191542,NW_024061101.1,191542,87.52747500000001,67.95865,-19.568825000000004,4,4,16.0,0.02857142857142857,0.9266860194365075,True,False,hypo_siscowet
NW_024061101.1:191548,NW_024061101.1,191548,93.46135,73.18705,-20.274299999999997,4,4,16.0,0.02857142857142857,0.9266860194365075,True,False,hypo_siscowet
NW_024061101.1:191551,NW_024061101.1,191551,96.16922500000001,78.6635,-17.505725000000012,4,4,16.0,0.02857142857142857,0.9266860194365075,True,False,hypo_siscowet
NW_024061101.1:191553,NW_024061101.1,191553,97.31675,82.148,-15.168750000000003,4,4,16.0,0.02857142857142857,0.9266860194365075,True,False,hypo_siscowet
NW_024061101.1:193919,NW_024061101.1,193919,95.03015,79.619,-15.411150000000006,4,4,16.0,0.02857142857142857,0.9266860194365075,True,False,hypo_siscowet
NW_024061101.1:194291,NW_024061101.1,194291,92.94460000000001,74.65327500000001,-18.291325,4,4,16.0,0.02857142857142857,0.9266860194365075,True,False,hypo_siscowet
NW_024061101.1:194294,NW_024061101.1,194294,90.364075,70.20965000000001,-20.15442499999999,4,4,16.0,0.02857142857142857,0.9266860194365075,True,False,hypo_siscowet
NW_024061101.1:194357,NW_024061101.1,194357,82.95570000000001,57.536775,-25.41892500000001,4,4,16.0,0.029401048190339642,0.9266860194365075,True,False,hypo_siscowet
NW_024061104.1:161247,NW_024061104.1,161247,98.24560000000001,82.8729,-15.372700000000009,3,4,12.0,0.04974599072150299,0.9266860194365075,True,False,hypo_siscowet
NW_024061104.1:42748,NW_024061104.1,42748,79.67172500000001,94.87180000000001,15.200074999999998,4,3,0.0,0.04974599072150299,0.9266860194365075,True,False,hyper_siscowet
NW_024061106.1:117026,NW_024061106.1,117026,82.009225,97.02380000000001,15.014575000000008,4,4,0.0,0.029401048190339642,0.9266860194365075,True,False,hyper_siscowet
NW_024061106.1:150876,NW_024061106.1,150876,31.313100000000002,6.04396,-25.26914,3,4,12.0,0.04974599072150299,0.9266860194365075,True,False,hypo_siscowet
NW_024061108.1:3629,NW_024061108.1,3629,44.24475,20.82465,-23.420100000000005,4,4,16.0,0.02857142857142857,0.9266860194365075,True,False,hypo_siscowet
NW_024061108.1:3635,NW_024061108.1,3635,46.832775,22.4583,-24.374474999999997,4,4,16.0,0.02857142857142857,0.9266860194365075,True,False,hypo_siscowet
NW_024061118.1:155249,NW_024061118.1,155249,29.831633333333333,2.2727275,-27.558905833333334,3,4,12.0,0.04359664488554136,0.9266860194365075,True,False,hypo_siscowet
NW_024061118.1:59550,NW_024061118.1,59550,47.9167,20.91095,-27.00575,4,4,16.0,0.029401048190339642,0.9266860194365075,True,False,hypo_siscowet
NW_024061118.1:59595,NW_024061118.1,59595,45.7046,13.6024875,-32.1021125,4,4,16.0,0.02857142857142857,0.9266860194365075,True,False,hypo_siscowet
NW_024061118.1:59598,NW_024061118.1,59598,45.779225,18.0214825,-27.757742499999996,4,4,16.0,0.02857142857142857,0.9266860194365075,True,False,hypo_siscowet
NW_024061118.1:59613,NW_024061118.1,59613,44.811375,17.3363175,-27.4750575,4,4,16.0,0.02857142857142857,0.9266860194365075,True,False,hypo_siscowet
NW_024061118.1:59652,NW_024061118.1,59652,45.2341,18.5208425,-26.713257499999997,4,4,16.0,0.02857142857142857,0.9266860194365075,True,False,hypo_siscowet
NW_024061118.1:60128,NW_024061118.1,60128,52.129650000000005,22.940350000000002,-29.189300000000003,4,4,16.0,0.02857142857142857,0.9266860194365075,True,False,hypo_siscowet
NW_024061118.1:60148,NW_024061118.1,60148,53.524375000000006,24.55715,-28.967225000000006,4,4,16.0,0.029401048190339642,0.9266860194365075,True,False,hypo_siscowet
NW_024061118.1:60177,NW_024061118.1,60177,48.121700000000004,15.7813825,-32.340317500000005,4,4,16.0,0.02857142857142857,0.9266860194365075,True,False,hypo_siscowet
NW_024061118.1:60264,NW_024061118.1,60264,41.6112,9.07739,-32.533809999999995,4,4,16.0,0.02857142857142857,0.9266860194365075,True,False,hypo_siscowet
NW_024061118.1:60360,NW_024061118.1,60360,41.484566666666666,10.26645,-31.218116666666667,3,4,12.0,0.04974599072150299,0.9266860194365075,True,False,hypo_siscowet
NW_024061118.1:60368,NW_024061118.1,60368,32.771175,8.63095,-24.140225,4,4,16.0,0.029401048190339642,0.9266860194365075,True,False,hypo_siscowet
NW_024061127.1:68138,NW_024061127.1,68138,32.868725,11.2828525,-21.585872499999997,4,4,16.0,0.02857142857142857,0.9266860194365075,True,False,hypo_siscowet
NW_024061127.1:68168,NW_024061127.1,68168,41.666666666666664,16.0281525,-25.638514166666663,3,4,12.0,0.04974599072150299,0.9266860194365075,True,False,hypo_siscowet
NW_024061127.1:68555,NW_024061127.1,68555,45.428075,19.34795,-26.080125,4,4,16.0,0.02857142857142857,0.9266860194365075,True,False,hypo_siscowet
NW_024061127.1:69354,NW_024061127.1,69354,41.55305,16.1540525,-25.3989975,4,4,16.0,0.02857142857142857,0.9266860194365075,True,False,hypo_siscowet
NW_024061127.1:69386,NW_024061127.1,69386,43.58585,22.596875,-20.988975,4,4,16.0,0.02857142857142857,0.9266860194365075,True,False,hypo_siscowet
NW_024061127.1:69427,NW_024061127.1,69427,47.075424999999996,20.15405,-26.921374999999994,4,4,16.0,0.02857142857142857,0.9266860194365075,True,False,hypo_siscowet
NW_024061127.1:69508,NW_024061127.1,69508,28.596474999999998,8.590124999999999,-20.006349999999998,4,4,16.0,0.02857142857142857,0.9266860194365075,True,False,hypo_siscowet
NW_024061127.1:69907,NW_024061127.1,69907,16.307233333333333,1.0869575,-15.220275833333332,3,4,12.0,0.04359664488554136,0.9266860194365075,True,False,hypo_siscowet
NW_024061149.1:88486,NW_024061149.1,88486,54.416000000000004,27.805999999999997,-26.610000000000007,3,4,12.0,0.04974599072150299,0.9266860194365075,True,False,hypo_siscowet
NW_024061149.1:88522,NW_024061149.1,88522,57.94485,36.95165,-20.9932,4,4,16.0,0.02857142857142857,0.9266860194365075,True,False,hypo_siscowet
NW_024061149.1:92660,NW_024061149.1,92660,24.22155,5.7064675000000005,-18.5150825,4,4,16.0,0.02857142857142857,0.9266860194365075,True,False,hypo_siscowet
NW_024061153.1:319315,NW_024061153.1,319315,72.519375,92.22223333333334,19.70285833333334,4,3,0.0,0.04974599072150299,0.9266860194365075,True,False,hyper_siscowet
NW_024061156.1:29136,NW_024061156.1,29136,48.338766666666665,95.340425,47.00165833333333,3,4,0.0,0.04974599072150299,0.9266860194365075,True,False,hyper_siscowet
NW_024061156.1:37960,NW_024061156.1,37960,25.9127,5.867749999999999,-20.04495,3,4,12.0,0.04974599072150299,0.9266860194365075,True,False,hypo_siscowet
NW_024061156.1:49575,NW_024061156.1,49575,90.49953333333333,72.1688,-18.330733333333328,3,4,12.0,0.04974599072150299,0.9266860194365075,True,False,hypo_siscowet
NW_024061175.1:43389,NW_024061175.1,43389,79.78105,99.01960000000001,19.238550000000018,4,3,0.0,0.04974599072150299,0.9266860194365075,True,False,hyper_siscowet
NW_024061177.1:1145,NW_024061177.1,1145,90.48765,73.281125,-17.206525,4,4,16.0,0.02857142857142857,0.9266860194365075,True,False,hypo_siscowet
NW_024061178.1:86140,NW_024061178.1,86140,37.344775,21.10645,-16.238325,4,4,16.0,0.02857142857142857,0.9266860194365075,True,False,hypo_siscowet
NW_024061178.1:86757,NW_024061178.1,86757,42.3736,26.987325,-15.386275000000005,3,4,12.0,0.04974599072150299,0.9266860194365075,True,False,hypo_siscowet
NW_024061178.1:87191,NW_024061178.1,87191,37.750699999999995,22.295650000000002,-15.455049999999993,4,4,16.0,0.02857142857142857,0.9266860194365075,True,False,hypo_siscowet
NW_024061184.1:21828,NW_024061184.1,21828,96.96969999999999,79.152175,-17.81752499999999,3,4,12.0,0.04767810313602185,0.9266860194365075,True,False,hypo_siscowet
NW_024061186.1:296353,NW_024061186.1,296353,57.894733333333335,36.00735,-21.887383333333332,3,4,12.0,0.04974599072150299,0.9266860194365075,True,False,hypo_siscowet
NW_024061186.1:376179,NW_024061186.1,376179,31.49055,53.34995,21.8594,4,4,0.0,0.02857142857142857,0.9266860194365075,True,False,hyper_siscowet
NW_024061186.1:491710,NW_024061186.1,491710,73.5406,57.291675,-16.248925,4,4,16.0,0.02857142857142857,0.9266860194365075,True,False,hypo_siscowet
NW_024061188.1:21844,NW_024061188.1,21844,98.85056666666667,80.703325,-18.14724166666666,3,4,12.0,0.04974599072150299,0.9266860194365075,True,False,hypo_siscowet
NW_024061192.1:32715,NW_024061192.1,32715,64.76373333333333,45.12820000000001,-19.635533333333328,3,4,12.0,0.04974599072150299,0.9266860194365075,True,False,hypo_siscowet
NW_024061193.1:25405,NW_024061193.1,25405,97.4359,80.785425,-16.650475,3,4,12.0,0.04974599072150299,0.9266860194365075,True,False,hypo_siscowet
NW_024061193.1:26952,NW_024061193.1,26952,45.27975,65.650875,20.371125,4,4,0.0,0.029401048190339642,0.9266860194365075,True,False,hyper_siscowet
NW_024061193.1:27083,NW_024061193.1,27083,50.32965,67.79015,17.460499999999996,4,4,0.0,0.029401048190339642,0.9266860194365075,True,False,hyper_siscowet
NW_024061198.1:277720,NW_024061198.1,277720,65.74674999999999,41.802600000000005,-23.944149999999986,4,3,12.0,0.04974599072150299,0.9266860194365075,True,False,hypo_siscowet
NW_024061198.1:277843,NW_024061198.1,277843,78.79122500000001,53.298233333333336,-25.492991666666676,4,3,12.0,0.04974599072150299,0.9266860194365075,True,False,hypo_siscowet
NW_024061198.1:278119,NW_024061198.1,278119,78.467,43.55723333333333,-34.90976666666667,4,3,12.0,0.04974599072150299,0.9266860194365075,True,False,hypo_siscowet
NW_024061198.1:533314,NW_024061198.1,533314,67.51515,85.10103333333335,17.585883333333342,4,3,0.0,0.04974599072150299,0.9266860194365075,True,False,hyper_siscowet
NW_024061198.1:534803,NW_024061198.1,534803,16.289949999999997,0.0,-16.289949999999997,4,3,12.0,0.04359664488554136,0.9266860194365075,True,False,hypo_siscowet
NW_024061198.1:534994,NW_024061198.1,534994,69.10965,44.693966666666675,-24.415683333333327,4,3,12.0,0.04974599072150299,0.9266860194365075,True,False,hypo_siscowet
NW_024061198.1:535036,NW_024061198.1,535036,74.49795,51.909975,-22.587975,4,4,16.0,0.029401048190339642,0.9266860194365075,True,False,hypo_siscowet
NW_024061198.1:551644,NW_024061198.1,551644,0.0,15.137266666666667,15.137266666666667,4,3,0.0,0.03191120476963876,0.9266860194365075,True,False,hyper_siscowet
NW_024061198.1:551657,NW_024061198.1,551657,0.714285,18.190466666666666,17.476181666666665,4,3,0.0,0.04359664488554136,0.9266860194365075,True,False,hyper_siscowet
NW_024061198.1:551690,NW_024061198.1,551690,2.7777775,25.03642,22.2586425,4,4,0.0,0.029401048190339642,0.9266860194365075,True,False,hyper_siscowet
NW_024061198.1:551723,NW_024061198.1,551723,2.8799025,28.043566666666667,25.163664166666667,4,3,0.0,0.04974599072150299,0.9266860194365075,True,False,hyper_siscowet
NW_024061198.1:86950,NW_024061198.1,86950,20.384603333333335,1.1363625,-19.248240833333334,3,4,12.0,0.04359664488554136,0.9266860194365075,True,False,hypo_siscowet
NW_024061198.1:87053,NW_024061198.1,87053,27.830066666666667,2.2115375,-25.61852916666667,3,4,12.0,0.04974599072150299,0.9266860194365075,True,False,hypo_siscowet
NW_024061198.1:87342,NW_024061198.1,87342,18.678786666666667,0.0,-18.678786666666667,3,4,12.0,0.03191120476963876,0.9266860194365075,True,False,hypo_siscowet
NW_024061198.1:87375,NW_024061198.1,87375,17.113886666666666,0.0,-17.113886666666666,3,4,12.0,0.03191120476963876,0.9266860194365075,True,False,hypo_siscowet
NW_024061201.1:39998,NW_024061201.1,39998,0.0,19.3688,19.3688,3,4,0.0,0.04359664488554136,0.9266860194365075,True,False,hyper_siscowet
NW_024061202.1:7922,NW_024061202.1,7922,89.49493333333334,73.706725,-15.78820833333333,3,4,12.0,0.04974599072150299,0.9266860194365075,True,False,hypo_siscowet
NW_024061205.1:151283,NW_024061205.1,151283,24.7562,6.8055575,-17.9506425,4,4,16.0,0.02857142857142857,0.9266860194365075,True,False,hypo_siscowet
NW_024061211.1:130451,NW_024061211.1,130451,96.96969999999999,78.937475,-18.032224999999983,3,4,12.0,0.04974599072150299,0.9266860194365075,True,False,hypo_siscowet
NW_024061212.1:4508,NW_024061212.1,4508,48.484833333333334,68.16495,19.68011666666667,3,4,0.0,0.04974599072150299,0.9266860194365075,True,False,hyper_siscowet
NW_024061213.1:20121,NW_024061213.1,20121,94.775875,70.35535,-24.420524999999998,4,4,16.0,0.02857142857142857,0.9266860194365075,True,False,hypo_siscowet
NW_024061213.1:20148,NW_024061213.1,20148,77.69725,39.875125,-37.822125,4,4,16.0,0.02857142857142857,0.9266860194365075,True,False,hypo_siscowet
NW_024061216.1:131680,NW_024061216.1,131680,64.621775,47.252750000000006,-17.369024999999993,4,4,16.0,0.02857142857142857,0.9266860194365075,True,False,hypo_siscowet
NW_024061216.1:149547,NW_024061216.1,149547,84.2366,62.784075,-21.452524999999994,4,4,16.0,0.02857142857142857,0.9266860194365075,True,False,hypo_siscowet
NW_024061216.1:35146,NW_024061216.1,35146,69.372325,49.798700000000004,-19.573625,4,3,12.0,0.04974599072150299,0.9266860194365075,True,False,hypo_siscowet
NW_024061216.1:50921,NW_024061216.1,50921,47.7274,25.4545525,-22.272847500000005,4,4,16.0,0.02857142857142857,0.9266860194365075,True,False,hypo_siscowet
NW_024061220.1:426384,NW_024061220.1,426384,58.5859,27.0215,-31.564400000000003,3,4,12.0,0.04974599072150299,0.9266860194365075,True,False,hypo_siscowet
NW_024061220.1:432093,NW_024061220.1,432093,98.33333333333333,54.715275,-43.61805833333333,3,4,12.0,0.04974599072150299,0.9266860194365075,True,False,hypo_siscowet
NW_024061222.1:130141,NW_024061222.1,130141,64.1975,39.899825,-24.297675000000005,3,4,12.0,0.04974599072150299,0.9266860194365075,True,False,hypo_siscowet
NW_024061222.1:130153,NW_024061222.1,130153,78.48195,54.21345,-24.268499999999996,4,4,16.0,0.02857142857142857,0.9266860194365075,True,False,hypo_siscowet
NW_024061222.1:130158,NW_024061222.1,130158,66.922525,51.679675,-15.24284999999999,4,4,16.0,0.02857142857142857,0.9266860194365075,True,False,hypo_siscowet
NW_024061222.1:130177,NW_024061222.1,130177,72.4146,49.215450000000004,-23.19914999999999,4,4,16.0,0.02857142857142857,0.9266860194365075,True,False,hypo_siscowet
NW_024061222.1:130185,NW_024061222.1,130185,66.2613,41.376625000000004,-24.884675,4,4,16.0,0.02857142857142857,0.9266860194365075,True,False,hypo_siscowet
NW_024061222.1:130192,NW_024061222.1,130192,58.395675,30.545475,-27.850199999999997,4,4,16.0,0.02857142857142857,0.9266860194365075,True,False,hypo_siscowet
NW_024061222.1:130338,NW_024061222.1,130338,41.120575,18.533700000000003,-22.586875,4,4,16.0,0.02857142857142857,0.9266860194365075,True,False,hypo_siscowet
NW_024061222.1:130364,NW_024061222.1,130364,39.3822,16.56825,-22.81395,4,4,16.0,0.02857142857142857,0.9266860194365075,True,False,hypo_siscowet
NW_024061222.1:130420,NW_024061222.1,130420,26.702075,9.54091,-17.161165,4,4,16.0,0.02857142857142857,0.9266860194365075,True,False,hypo_siscowet
NW_024061222.1:130504,NW_024061222.1,130504,54.13095,32.201425,-21.929524999999998,4,4,16.0,0.02857142857142857,0.9266860194365075,True,False,hypo_siscowet
NW_024061222.1:134154,NW_024061222.1,134154,86.4581,68.826125,-17.631974999999997,4,4,16.0,0.02857142857142857,0.9266860194365075,True,False,hypo_siscowet
NW_024061222.1:77165,NW_024061222.1,77165,75.33623333333333,38.271,-37.065233333333325,3,4,12.0,0.04974599072150299,0.9266860194365075,True,False,hypo_siscowet
NW_024061229.1:46840,NW_024061229.1,46840,88.048,64.69695,-23.35105,4,4,15.5,0.042066412206780826,0.9266860194365075,True,False,hypo_siscowet
NW_024061242.1:417266,NW_024061242.1,417266,16.1166125,33.828900000000004,17.712287500000006,4,4,0.0,0.02857142857142857,0.9266860194365075,True,False,hyper_siscowet
NW_024061242.1:506784,NW_024061242.1,506784,77.179325,58.462725000000006,-18.7166,4,4,16.0,0.02857142857142857,0.9266860194365075,True,False,hypo_siscowet
NW_024061242.1:508496,NW_024061242.1,508496,68.2967,51.270175,-17.026525,4,4,16.0,0.02857142857142857,0.9266860194365075,True,False,hypo_siscowet
NW_024061242.1:509152,NW_024061242.1,509152,33.172975,12.63215,-20.540825,4,4,16.0,0.02857142857142857,0.9266860194365075,True,False,hypo_siscowet
NW_024061245.1:32021,NW_024061245.1,32021,98.0392,80.9887,-17.0505,3,4,12.0,0.04974599072150299,0.9266860194365075,True,False,hypo_siscowet
NW_024061248.1:160740,NW_024061248.1,160740,56.232299999999995,39.4427,-16.789599999999993,4,4,16.0,0.02857142857142857,0.9266860194365075,True,False,hypo_siscowet
NW_024061248.1:161990,NW_024061248.1,161990,47.75105,31.09675,-16.6543,4,4,16.0,0.02857142857142857,0.9266860194365075,True,False,hypo_siscowet
NW_024061248.1:162086,NW_024061248.1,162086,58.2445,40.045275,-18.199225000000006,4,4,16.0,0.02857142857142857,0.9266860194365075,True,False,hypo_siscowet
NW_024061248.1:162105,NW_024061248.1,162105,58.144499999999994,39.189550000000004,-18.95494999999999,4,4,16.0,0.02857142857142857,0.9266860194365075,True,False,hypo_siscowet
NW_024061248.1:162128,NW_024061248.1,162128,62.144075,45.5298,-16.614275,4,4,16.0,0.02857142857142857,0.9266860194365075,True,False,hypo_siscowet
NW_024061248.1:162205,NW_024061248.1,162205,72.53875,56.278075,-16.260674999999992,4,4,16.0,0.02857142857142857,0.9266860194365075,True,False,hypo_siscowet
NW_024061248.1:163591,NW_024061248.1,163591,50.12995,32.351525,-17.778425,4,4,16.0,0.02857142857142857,0.9266860194365075,True,False,hypo_siscowet
NW_024061264.1:118667,NW_024061264.1,118667,67.89057500000001,46.99955,-20.891025000000013,4,4,16.0,0.02857142857142857,0.9266860194365075,True,False,hypo_siscowet
NW_024061264.1:125117,NW_024061264.1,125117,79.21735,60.8412,-18.376149999999996,4,4,16.0,0.02857142857142857,0.9266860194365075,True,False,hypo_siscowet
NW_024061264.1:125214,NW_024061264.1,125214,82.84855,56.464575,-26.383975,4,4,16.0,0.02857142857142857,0.9266860194365075,True,False,hypo_siscowet
NW_024061264.1:125241,NW_024061264.1,125241,59.191175,36.057225,-23.13395,4,4,16.0,0.02857142857142857,0.9266860194365075,True,False,hypo_siscowet
NW_024061264.1:125309,NW_024061264.1,125309,31.451674999999998,12.619232499999999,-18.8324425,4,4,16.0,0.02857142857142857,0.9266860194365075,True,False,hypo_siscowet
NW_024061264.1:125596,NW_024061264.1,125596,27.09935,9.993605,-17.105745,4,4,16.0,0.02857142857142857,0.9266860194365075,True,False,hypo_siscowet
NW_024061264.1:125665,NW_024061264.1,125665,36.392575,14.3606525,-22.0319225,4,4,16.0,0.02857142857142857,0.9266860194365075,True,False,hypo_siscowet
NW_024061264.1:125714,NW_024061264.1,125714,42.2372,16.3236325,-25.913567500000003,4,4,16.0,0.02857142857142857,0.9266860194365075,True,False,hypo_siscowet
NW_024061264.1:125747,NW_024061264.1,125747,42.89149999999999,17.1884,-25.703099999999992,4,4,16.0,0.02857142857142857,0.9266860194365075,True,False,hypo_siscowet
NW_024061264.1:159534,NW_024061264.1,159534,63.247899999999994,32.9768,-30.271099999999997,3,4,12.0,0.04974599072150299,0.9266860194365075,True,False,hypo_siscowet
NW_024061264.1:159547,NW_024061264.1,159547,49.0196,20.410525,-28.609074999999997,3,4,12.0,0.04767810313602185,0.9266860194365075,True,False,hypo_siscowet
NW_024061264.1:172388,NW_024061264.1,172388,47.84225,16.476200000000002,-31.366049999999998,4,3,12.0,0.04974599072150299,0.9266860194365075,True,False,hypo_siscowet
NW_024061264.1:194690,NW_024061264.1,194690,32.672850000000004,15.151517499999999,-17.521332500000007,4,4,15.5,0.042066412206780826,0.9266860194365075,True,False,hypo_siscowet
NW_024061264.1:39713,NW_024061264.1,39713,32.5036,3.0330874999999997,-29.470512499999998,3,4,12.0,0.04974599072150299,0.9266860194365075,True,False,hypo_siscowet
NW_024061264.1:39781,NW_024061264.1,39781,41.87296666666666,9.040175,-32.832791666666665,3,4,12.0,0.04974599072150299,0.9266860194365075,True,False,hypo_siscowet
NW_024061264.1:460098,NW_024061264.1,460098,18.223925,2.0833333333333335,-16.14059166666667,4,3,12.0,0.04767810313602185,0.9266860194365075,True,False,hypo_siscowet
NW_024061264.1:461026,NW_024061264.1,461026,33.92593333333333,11.679295,-22.246638333333333,3,4,12.0,0.04974599072150299,0.9266860194365075,True,False,hypo_siscowet
NW_024061264.1:486370,NW_024061264.1,486370,29.839,10.379725,-19.459274999999998,4,4,16.0,0.02857142857142857,0.9266860194365075,True,False,hypo_siscowet
NW_024061264.1:486679,NW_024061264.1,486679,49.7306,12.0604525,-37.6701475,4,4,16.0,0.02857142857142857,0.9266860194365075,True,False,hypo_siscowet
NW_024061264.1:486706,NW_024061264.1,486706,47.91,8.8187675,-39.0912325,4,4,16.0,0.02857142857142857,0.9266860194365075,True,False,hypo_siscowet
NW_024061264.1:486714,NW_024061264.1,486714,54.846050000000005,12.677625,-42.168425000000006,4,4,16.0,0.02857142857142857,0.9266860194365075,True,False,hypo_siscowet
NW_024061264.1:486747,NW_024061264.1,486747,51.7361,12.536625,-39.199475,4,4,16.0,0.02857142857142857,0.9266860194365075,True,False,hypo_siscowet
NW_024061264.1:486760,NW_024061264.1,486760,56.756325,16.33665,-40.419675,4,4,16.0,0.02857142857142857,0.9266860194365075,True,False,hypo_siscowet
NW_024061264.1:486818,NW_024061264.1,486818,61.054775,22.95425,-38.100525000000005,4,4,16.0,0.02857142857142857,0.9266860194365075,True,False,hypo_siscowet
NW_024061264.1:486865,NW_024061264.1,486865,64.31434999999999,33.698575,-30.615774999999992,4,4,16.0,0.029401048190339642,0.9266860194365075,True,False,hypo_siscowet
NW_024061264.1:486885,NW_024061264.1,486885,70.575175,39.965925000000006,-30.609249999999996,4,4,16.0,0.02857142857142857,0.9266860194365075,True,False,hypo_siscowet
NW_024061264.1:486988,NW_024061264.1,486988,72.6708,44.477650000000004,-28.193149999999996,4,4,16.0,0.02857142857142857,0.9266860194365075,True,False,hypo_siscowet
NW_024061264.1:489003,NW_024061264.1,489003,26.517967499999997,5.60324,-20.914727499999998,4,4,16.0,0.02857142857142857,0.9266860194365075,True,False,hypo_siscowet
NW_024061264.1:531456,NW_024061264.1,531456,66.5188,44.015125,-22.503675,4,4,16.0,0.02857142857142857,0.9266860194365075,True,False,hypo_siscowet
NW_024061264.1:531521,NW_024061264.1,531521,66.1328,39.166675,-26.966125000000005,4,4,16.0,0.029401048190339642,0.9266860194365075,True,False,hypo_siscowet
NW_024061264.1:531533,NW_024061264.1,531533,65.76565,45.686275,-20.07937499999999,4,4,16.0,0.02857142857142857,0.9266860194365075,True,False,hypo_siscowet
NW_024061277.1:972,NW_024061277.1,972,62.510825,43.293525,-19.217299999999994,4,4,16.0,0.02857142857142857,0.9266860194365075,True,False,hypo_siscowet
NW_024061278.1:41420,NW_024061278.1,41420,100.0,82.802475,-17.197525,3,4,12.0,0.041586341232186144,0.9266860194365075,True,False,hypo_siscowet
NW_024061297.1:106608,NW_024061297.1,106608,70.2013,85.58869999999999,15.387399999999985,3,4,0.0,0.04974599072150299,0.9266860194365075,True,False,hyper_siscowet
NW_024061297.1:114295,NW_024061297.1,114295,69.15355,24.444433333333336,-44.70911666666666,4,3,12.0,0.04974599072150299,0.9266860194365075,True,False,hypo_siscowet
NW_024061297.1:130806,NW_024061297.1,130806,31.500575,11.210315,-20.290260000000004,4,4,16.0,0.02857142857142857,0.9266860194365075,True,False,hypo_siscowet
NW_024061297.1:130981,NW_024061297.1,130981,26.085966666666668,9.4155825,-16.67038416666667,3,4,12.0,0.04974599072150299,0.9266860194365075,True,False,hypo_siscowet
NW_024061297.1:131114,NW_024061297.1,131114,29.995825,11.80403,-18.191795,4,4,15.5,0.042066412206780826,0.9266860194365075,True,False,hypo_siscowet
NW_024061297.1:342662,NW_024061297.1,342662,0.0,25.546225,25.546225,3,4,0.0,0.04359664488554136,0.9266860194365075,True,False,hyper_siscowet
NW_024061297.1:353484,NW_024061297.1,353484,82.234225,60.5976,-21.636624999999995,4,4,16.0,0.02857142857142857,0.9266860194365075,True,False,hypo_siscowet
NW_024061297.1:40611,NW_024061297.1,40611,24.127,4.464285,-19.662715,3,4,12.0,0.04974599072150299,0.9266860194365075,True,False,hypo_siscowet
NW_024061297.1:40618,NW_024061297.1,40618,25.564700000000002,3.21805,-22.346650000000004,3,4,12.0,0.04974599072150299,0.9266860194365075,True,False,hypo_siscowet
NW_024061297.1:40655,NW_024061297.1,40655,24.281066666666664,3.8937275,-20.387339166666663,3,4,12.0,0.04974599072150299,0.9266860194365075,True,False,hypo_siscowet
NW_024061297.1:40665,NW_024061297.1,40665,29.281066666666664,4.9227775000000005,-24.358289166666665,3,4,12.0,0.04974599072150299,0.9266860194365075,True,False,hypo_siscowet
NW_024061297.1:40796,NW_024061297.1,40796,28.09266666666667,4.649115,-23.44355166666667,3,4,12.0,0.04974599072150299,0.9266860194365075,True,False,hypo_siscowet
NW_024061297.1:470235,NW_024061297.1,470235,71.79297500000001,52.402475,-19.39050000000001,4,4,16.0,0.02857142857142857,0.9266860194365075,True,False,hypo_siscowet
NW_024061297.1:470741,NW_024061297.1,470741,72.651525,37.174549999999996,-35.47697500000001,4,4,16.0,0.029401048190339642,0.9266860194365075,True,False,hypo_siscowet
NW_024061297.1:470749,NW_024061297.1,470749,69.23080000000002,41.84853333333333,-27.382266666666688,4,3,12.0,0.04359664488554136,0.9266860194365075,True,False,hypo_siscowet
NW_024061297.1:470866,NW_024061297.1,470866,55.318625000000004,27.452675,-27.865950000000005,4,4,16.0,0.02857142857142857,0.9266860194365075,True,False,hypo_siscowet
NW_024061297.1:471377,NW_024061297.1,471377,75.35955,36.266975,-39.092575,4,4,16.0,0.02857142857142857,0.9266860194365075,True,False,hypo_siscowet
NW_024061297.1:471594,NW_024061297.1,471594,76.5909,40.87480000000001,-35.7161,4,4,16.0,0.029401048190339642,0.9266860194365075,True,False,hypo_siscowet
NW_024061297.1:471800,NW_024061297.1,471800,75.707075,46.474375,-29.2327,4,4,16.0,0.02857142857142857,0.9266860194365075,True,False,hypo_siscowet
NW_024061297.1:471802,NW_024061297.1,471802,80.21615,48.119074999999995,-32.097075000000004,4,4,16.0,0.02857142857142857,0.9266860194365075,True,False,hypo_siscowet
NW_024061297.1:51468,NW_024061297.1,51468,70.8604,50.891175000000004,-19.969224999999994,4,4,16.0,0.02857142857142857,0.9266860194365075,True,False,hypo_siscowet
NW_024061297.1:55869,NW_024061297.1,55869,36.1111,16.24695,-19.864150000000002,3,4,12.0,0.04974599072150299,0.9266860194365075,True,False,hypo_siscowet
NW_024061297.1:62753,NW_024061297.1,62753,91.88036666666666,71.792525,-20.087841666666662,3,4,12.0,0.04974599072150299,0.9266860194365075,True,False,hypo_siscowet
NW_024061297.1:62829,NW_024061297.1,62829,81.41026666666666,54.837775,-26.572491666666657,3,4,12.0,0.04974599072150299,0.9266860194365075,True,False,hypo_siscowet
NW_024061297.1:63802,NW_024061297.1,63802,74.04759999999999,44.4352,-29.612399999999987,3,4,12.0,0.04767810313602185,0.9266860194365075,True,False,hypo_siscowet
NW_024061297.1:63877,NW_024061297.1,63877,87.27273333333333,68.8566,-18.416133333333335,3,4,12.0,0.04974599072150299,0.9266860194365075,True,False,hypo_siscowet
NW_024061301.1:104257,NW_024061301.1,104257,84.06295,68.20522500000001,-15.857724999999988,4,4,16.0,0.029401048190339642,0.9266860194365075,True,False,hypo_siscowet
NW_024061301.1:106321,NW_024061301.1,106321,71.695925,48.349624999999996,-23.346300000000006,4,4,16.0,0.02857142857142857,0.9266860194365075,True,False,hypo_siscowet
NW_024061301.1:106385,NW_024061301.1,106385,68.667275,46.31975,-22.347525000000005,4,4,16.0,0.02857142857142857,0.9266860194365075,True,False,hypo_siscowet
NW_024061301.1:106389,NW_024061301.1,106389,68.81604999999999,39.254149999999996,-29.561899999999994,4,4,16.0,0.02857142857142857,0.9266860194365075,True,False,hypo_siscowet
NW_024061301.1:106403,NW_024061301.1,106403,70.206625,46.566874999999996,-23.639750000000006,4,4,16.0,0.02857142857142857,0.9266860194365075,True,False,hypo_siscowet
NW_024061301.1:117034,NW_024061301.1,117034,48.062075,26.8457,-21.216375,4,4,16.0,0.02857142857142857,0.9266860194365075,True,False,hypo_siscowet
NW_024061301.1:117089,NW_024061301.1,117089,46.888425000000005,27.498325,-19.390100000000004,4,4,16.0,0.02857142857142857,0.9266860194365075,True,False,hypo_siscowet
NW_024061301.1:117120,NW_024061301.1,117120,47.04355,26.735400000000002,-20.30815,4,4,16.0,0.02857142857142857,0.9266860194365075,True,False,hypo_siscowet
NW_024061301.1:117349,NW_024061301.1,117349,82.072225,59.323575,-22.748650000000005,4,4,16.0,0.02857142857142857,0.9266860194365075,True,False,hypo_siscowet
NW_024061301.1:19727,NW_024061301.1,19727,4.45135,39.876533333333334,35.42518333333334,4,3,0.0,0.04974599072150299,0.9266860194365075,True,False,hyper_siscowet
NW_024061301.1:8563,NW_024061301.1,8563,28.53535,13.408583333333334,-15.126766666666667,4,3,12.0,0.04974599072150299,0.9266860194365075,True,False,hypo_siscowet
NW_024061301.1:8841,NW_024061301.1,8841,72.28632499999999,53.46886666666666,-18.817458333333327,4,3,12.0,0.04974599072150299,0.9266860194365075,True,False,hypo_siscowet
NW_024061301.1:8914,NW_024061301.1,8914,76.68130000000001,59.2424,-17.438900000000004,4,3,12.0,0.04974599072150299,0.9266860194365075,True,False,hypo_siscowet
NW_024061303.1:44266,NW_024061303.1,44266,49.13423333333333,64.22885000000001,15.094616666666681,3,4,0.0,0.04974599072150299,0.9266860194365075,True,False,hyper_siscowet
NW_024061304.1:3660,NW_024061304.1,3660,36.632825,60.289224999999995,23.656399999999998,4,4,0.0,0.02857142857142857,0.9266860194365075,True,False,hyper_siscowet
NW_024061304.1:3690,NW_024061304.1,3690,36.672525,64.632725,27.960199999999993,4,4,0.0,0.02857142857142857,0.9266860194365075,True,False,hyper_siscowet
NW_024061304.1:3720,NW_024061304.1,3720,39.172675,69.86337499999999,30.690699999999993,4,4,0.0,0.02857142857142857,0.9266860194365075,True,False,hyper_siscowet
NW_024061304.1:3750,NW_024061304.1,3750,37.797675,69.651775,31.854100000000003,4,4,0.0,0.02857142857142857,0.9266860194365075,True,False,hyper_siscowet
NW_024061304.1:3780,NW_024061304.1,3780,33.257574999999996,69.5021,36.244525,4,4,0.0,0.029401048190339642,0.9266860194365075,True,False,hyper_siscowet
NW_024061304.1:3810,NW_024061304.1,3810,33.49765,65.250825,31.753175000000006,4,4,0.0,0.02857142857142857,0.9266860194365075,True,False,hyper_siscowet
NW_024061304.1:3840,NW_024061304.1,3840,39.599725,67.6029,28.003175000000006,4,4,0.0,0.02857142857142857,0.9266860194365075,True,False,hyper_siscowet
NW_024061304.1:3930,NW_024061304.1,3930,36.484575,63.038425,26.553849999999997,4,4,0.0,0.02857142857142857,0.9266860194365075,True,False,hyper_siscowet
NW_024061304.1:3960,NW_024061304.1,3960,37.776175,62.912775,25.1366,4,4,0.0,0.02857142857142857,0.9266860194365075,True,False,hyper_siscowet
NW_024061304.1:3990,NW_024061304.1,3990,42.191625,65.00862500000001,22.817000000000007,4,4,0.0,0.02857142857142857,0.9266860194365075,True,False,hyper_siscowet
NW_024061304.1:4020,NW_024061304.1,4020,37.079075,58.138475,21.059399999999997,4,4,0.0,0.02857142857142857,0.9266860194365075,True,False,hyper_siscowet
NW_024061304.1:5666,NW_024061304.1,5666,30.421899999999997,49.106475,18.684575000000006,4,4,0.0,0.02857142857142857,0.9266860194365075,True,False,hyper_siscowet
NW_024061310.1:75660,NW_024061310.1,75660,24.444466666666667,4.0775375,-20.366929166666665,3,4,12.0,0.04974599072150299,0.9266860194365075,True,False,hypo_siscowet
NW_024061316.1:113437,NW_024061316.1,113437,82.38095,64.520225,-17.860725000000002,4,4,16.0,0.02857142857142857,0.9266860194365075,True,False,hypo_siscowet
NW_024061316.1:32724,NW_024061316.1,32724,22.348475,5.3452424999999995,-17.003232500000003,4,4,16.0,0.02857142857142857,0.9266860194365075,True,False,hypo_siscowet
NW_024061316.1:32752,NW_024061316.1,32752,29.449550000000002,13.22115,-16.2284,4,4,16.0,0.02857142857142857,0.9266860194365075,True,False,hypo_siscowet
NW_024061316.1:32776,NW_024061316.1,32776,30.76415,12.5654825,-18.1986675,4,4,16.0,0.02857142857142857,0.9266860194365075,True,False,hypo_siscowet
NW_024061316.1:34513,NW_024061316.1,34513,51.069425,26.376975,-24.69245,4,4,15.5,0.042066412206780826,0.9266860194365075,True,False,hypo_siscowet
NW_024061316.1:34551,NW_024061316.1,34551,50.583349999999996,22.6047525,-27.978597499999996,4,4,16.0,0.02857142857142857,0.9266860194365075,True,False,hypo_siscowet
NW_024061316.1:34595,NW_024061316.1,34595,59.190749999999994,22.998525,-36.19222499999999,4,4,16.0,0.02857142857142857,0.9266860194365075,True,False,hypo_siscowet
NW_024061319.1:21582,NW_024061319.1,21582,23.39225,42.569449999999996,19.177199999999996,4,4,0.0,0.02857142857142857,0.9266860194365075,True,False,hyper_siscowet
NW_024061319.1:8327,NW_024061319.1,8327,61.460575000000006,41.09035,-20.370225000000005,4,4,16.0,0.02857142857142857,0.9266860194365075,True,False,hypo_siscowet
NW_024061319.1:8393,NW_024061319.1,8393,57.590725,37.7933,-19.797424999999997,4,4,16.0,0.02857142857142857,0.9266860194365075,True,False,hypo_siscowet
NW_024061319.1:8397,NW_024061319.1,8397,59.77125,42.649725,-17.121525000000005,4,4,16.0,0.02857142857142857,0.9266860194365075,True,False,hypo_siscowet
NW_024061319.1:9907,NW_024061319.1,9907,11.6923425,32.047,20.354657499999995,4,4,0.0,0.02857142857142857,0.9266860194365075,True,False,hyper_siscowet
NW_024061321.1:18767,NW_024061321.1,18767,28.030292499999998,63.397724999999994,35.36743249999999,4,4,0.0,0.02857142857142857,0.9266860194365075,True,False,hyper_siscowet
NW_024061336.1:50426,NW_024061336.1,50426,90.2778,74.28705,-15.990750000000006,3,4,12.0,0.04974599072150299,0.9266860194365075,True,False,hypo_siscowet
NW_024061338.1:89694,NW_024061338.1,89694,65.65660000000001,18.3333425,-47.32325750000001,3,4,12.0,0.04767810313602185,0.9266860194365075,True,False,hypo_siscowet
NW_024061338.1:98202,NW_024061338.1,98202,34.7395,13.791590000000001,-20.94791,4,4,16.0,0.02857142857142857,0.9266860194365075,True,False,hypo_siscowet
NW_024061353.1:268039,NW_024061353.1,268039,39.294275,3.8550575,-35.4392175,4,4,16.0,0.02857142857142857,0.9266860194365075,True,False,hypo_siscowet
NW_024061353.1:268047,NW_024061353.1,268047,38.636375,7.009625,-31.62675,4,4,16.0,0.02857142857142857,0.9266860194365075,True,False,hypo_siscowet
NW_024061353.1:405367,NW_024061353.1,405367,63.333333333333336,33.9412,-29.392133333333334,3,4,12.0,0.04974599072150299,0.9266860194365075,True,False,hypo_siscowet
NW_024061353.1:462933,NW_024061353.1,462933,33.118275,6.9824575,-26.135817499999998,4,4,16.0,0.029401048190339642,0.9266860194365075,True,False,hypo_siscowet
NW_024061359.1:30629,NW_024061359.1,30629,97.22223333333334,82.184725,-15.037508333333335,3,4,12.0,0.04974599072150299,0.9266860194365075,True,False,hypo_siscowet
NW_024061363.1:26682,NW_024061363.1,26682,50.2941,71.177575,20.883475000000004,4,4,0.0,0.02857142857142857,0.9266860194365075,True,False,hyper_siscowet
NW_024061363.1:67822,NW_024061363.1,67822,77.45726666666667,96.13527500000001,18.678008333333338,3,4,0.0,0.04974599072150299,0.9266860194365075,True,False,hyper_siscowet
NW_024061364.1:307328,NW_024061364.1,307328,68.85147500000001,45.549225,-23.302250000000008,4,4,16.0,0.029401048190339642,0.9266860194365075,True,False,hypo_siscowet
NW_024061370.1:10193,NW_024061370.1,10193,37.491575,18.408575,-19.083,4,4,16.0,0.02857142857142857,0.9266860194365075,True,False,hypo_siscowet
NW_024061370.1:10283,NW_024061370.1,10283,30.088425,13.0166575,-17.0717675,4,4,16.0,0.02857142857142857,0.9266860194365075,True,False,hypo_siscowet
NW_024061370.1:11356,NW_024061370.1,11356,39.896775000000005,16.18236,-23.714415000000006,4,4,16.0,0.02857142857142857,0.9266860194365075,True,False,hypo_siscowet
NW_024061370.1:11393,NW_024061370.1,11393,39.1424,14.5245325,-24.617867500000003,4,4,16.0,0.02857142857142857,0.9266860194365075,True,False,hypo_siscowet
NW_024061370.1:11427,NW_024061370.1,11427,37.471575,15.0998575,-22.371717500000003,4,4,16.0,0.02857142857142857,0.9266860194365075,True,False,hypo_siscowet
NW_024061370.1:11473,NW_024061370.1,11473,36.433375,14.306252500000001,-22.1271225,4,4,16.0,0.02857142857142857,0.9266860194365075,True,False,hypo_siscowet
NW_024061370.1:11514,NW_024061370.1,11514,35.162275,14.28235,-20.879925,4,4,16.0,0.02857142857142857,0.9266860194365075,True,False,hypo_siscowet
NW_024061370.1:12393,NW_024061370.1,12393,42.16395,21.550125,-20.613825,4,4,16.0,0.02857142857142857,0.9266860194365075,True,False,hypo_siscowet
NW_024061370.1:12427,NW_024061370.1,12427,42.894000000000005,22.74275,-20.151250000000005,4,4,16.0,0.02857142857142857,0.9266860194365075,True,False,hypo_siscowet
NW_024061370.1:12593,NW_024061370.1,12593,37.98495,18.6331,-19.35185,4,4,16.0,0.02857142857142857,0.9266860194365075,True,False,hypo_siscowet
NW_024061370.1:12627,NW_024061370.1,12627,38.57665,15.60388,-22.97277,4,4,16.0,0.02857142857142857,0.9266860194365075,True,False,hypo_siscowet
NW_024061370.1:12714,NW_024061370.1,12714,38.9517,14.9836875,-23.9680125,4,4,16.0,0.02857142857142857,0.9266860194365075,True,False,hypo_siscowet
NW_024061370.1:13575,NW_024061370.1,13575,29.360149999999997,10.3476625,-19.0124875,4,4,16.0,0.02857142857142857,0.9266860194365075,True,False,hypo_siscowet
NW_024061370.1:13617,NW_024061370.1,13617,29.415574999999997,8.810385,-20.605189999999997,4,4,16.0,0.02857142857142857,0.9266860194365075,True,False,hypo_siscowet
NW_024061370.1:14131,NW_024061370.1,14131,26.94285,10.434225,-16.508625000000002,4,4,16.0,0.02857142857142857,0.9266860194365075,True,False,hypo_siscowet
NW_024061370.1:14204,NW_024061370.1,14204,51.176675,21.247025,-29.929650000000002,4,4,16.0,0.02857142857142857,0.9266860194365075,True,False,hypo_siscowet
NW_024061370.1:14246,NW_024061370.1,14246,64.75915,25.991,-38.768150000000006,4,4,16.0,0.02857142857142857,0.9266860194365075,True,False,hypo_siscowet
NW_024061370.1:14308,NW_024061370.1,14308,68.671375,31.0265,-37.644875,4,4,16.0,0.02857142857142857,0.9266860194365075,True,False,hypo_siscowet
NW_024061370.1:14349,NW_024061370.1,14349,64.741325,28.49745,-36.243875,4,4,16.0,0.02857142857142857,0.9266860194365075,True,False,hypo_siscowet
NW_024061370.1:14370,NW_024061370.1,14370,69.838725,37.269800000000004,-32.56892499999999,4,4,16.0,0.02857142857142857,0.9266860194365075,True,False,hypo_siscowet
NW_024061370.1:51675,NW_024061370.1,51675,20.09989,0.855745,-19.244145,3,4,12.0,0.04359664488554136,0.9266860194365075,True,False,hypo_siscowet
NW_024061370.1:7486,NW_024061370.1,7486,89.12627499999999,72.62767500000001,-16.498599999999982,4,4,16.0,0.029401048190339642,0.9266860194365075,True,False,hypo_siscowet
NW_024061370.1:7787,NW_024061370.1,7787,43.758925,21.013075,-22.745849999999997,4,4,16.0,0.02857142857142857,0.9266860194365075,True,False,hypo_siscowet
NW_024061370.1:7804,NW_024061370.1,7804,26.53995,9.024925,-17.515025,4,4,16.0,0.02857142857142857,0.9266860194365075,True,False,hypo_siscowet
NW_024061370.1:7814,NW_024061370.1,7814,32.01745,11.24795,-20.769499999999997,4,4,16.0,0.02857142857142857,0.9266860194365075,True,False,hypo_siscowet
NW_024061370.1:8540,NW_024061370.1,8540,30.79385,14.592702500000001,-16.201147499999998,4,4,16.0,0.02857142857142857,0.9266860194365075,True,False,hypo_siscowet
NW_024061370.1:8582,NW_024061370.1,8582,33.770075000000006,15.870975,-17.899100000000004,4,4,16.0,0.02857142857142857,0.9266860194365075,True,False,hypo_siscowet
NW_024061370.1:8619,NW_024061370.1,8619,38.730625,18.73645,-19.994175000000002,4,4,16.0,0.02857142857142857,0.9266860194365075,True,False,hypo_siscowet
NW_024061370.1:8653,NW_024061370.1,8653,38.12665,20.661825,-17.464824999999998,4,4,16.0,0.02857142857142857,0.9266860194365075,True,False,hypo_siscowet
NW_024061370.1:8925,NW_024061370.1,8925,41.483175,24.069824999999998,-17.413350000000005,4,4,16.0,0.02857142857142857,0.9266860194365075,True,False,hypo_siscowet
NW_024061370.1:9086,NW_024061370.1,9086,26.524099999999997,11.517880000000002,-15.006219999999995,4,4,16.0,0.02857142857142857,0.9266860194365075,True,False,hypo_siscowet
NW_024061370.1:9169,NW_024061370.1,9169,36.27695,16.268425,-20.008525,4,4,15.5,0.042066412206780826,0.9266860194365075,True,False,hypo_siscowet
NW_024061371.1:115929,NW_024061371.1,115929,11.8637125,27.220075,15.356362500000001,4,4,0.0,0.02857142857142857,0.9266860194365075,True,False,hyper_siscowet
NW_024061372.1:53606,NW_024061372.1,53606,88.87362499999999,46.754025,-42.11959999999999,4,4,16.0,0.02857142857142857,0.9266860194365075,True,False,hypo_siscowet
NW_024061372.1:53637,NW_024061372.1,53637,87.036475,40.545425,-46.491049999999994,4,4,16.0,0.02857142857142857,0.9266860194365075,True,False,hypo_siscowet
NW_024061372.1:53801,NW_024061372.1,53801,61.098925,29.666900000000002,-31.432025,4,4,16.0,0.02857142857142857,0.9266860194365075,True,False,hypo_siscowet
NW_024061372.1:72422,NW_024061372.1,72422,80.09503333333333,53.26925,-26.825783333333334,3,4,12.0,0.04974599072150299,0.9266860194365075,True,False,hypo_siscowet
NW_024061372.1:72541,NW_024061372.1,72541,63.4921,45.418375000000005,-18.073724999999996,3,4,12.0,0.04974599072150299,0.9266860194365075,True,False,hypo_siscowet
NW_024061379.1:134975,NW_024061379.1,134975,84.75065000000001,69.57662499999999,-15.174025000000015,4,4,16.0,0.02857142857142857,0.9266860194365075,True,False,hypo_siscowet
NW_024061383.1:85868,NW_024061383.1,85868,93.72325,78.26155,-15.461699999999993,4,4,16.0,0.02857142857142857,0.9266860194365075,True,False,hypo_siscowet
NW_024061386.1:298817,NW_024061386.1,298817,82.15497500000001,97.4359,15.280924999999996,4,3,0.0,0.04974599072150299,0.9266860194365075,True,False,hyper_siscowet
NW_024061397.1:68376,NW_024061397.1,68376,91.1167,64.41965,-26.69704999999999,4,4,15.5,0.042066412206780826,0.9266860194365075,True,False,hypo_siscowet
NW_024061408.1:57768,NW_024061408.1,57768,94.76495,74.95206666666667,-19.812883333333332,4,3,12.0,0.04974599072150299,0.9266860194365075,True,False,hypo_siscowet
NW_024061419.1:1006507,NW_024061419.1,1006507,71.86149999999999,53.214275,-18.64722499999999,3,4,12.0,0.04974599072150299,0.9266860194365075,True,False,hypo_siscowet
NW_024061419.1:16925,NW_024061419.1,16925,15.10642,0.0,-15.10642,3,4,12.0,0.03191120476963876,0.9266860194365075,True,False,hypo_siscowet
NW_024061419.1:17016,NW_024061419.1,17016,20.050133333333335,4.999992499999999,-15.050140833333336,3,4,12.0,0.04767810313602185,0.9266860194365075,True,False,hypo_siscowet
NW_024061419.1:190663,NW_024061419.1,190663,67.421425,49.237875,-18.183549999999997,4,4,16.0,0.02857142857142857,0.9266860194365075,True,False,hypo_siscowet
NW_024061419.1:263371,NW_024061419.1,263371,100.0,77.372925,-22.627075000000005,3,4,12.0,0.04359664488554136,0.9266860194365075,True,False,hypo_siscowet
NW_024061419.1:342090,NW_024061419.1,342090,78.24476666666668,45.9656,-32.279166666666676,3,4,12.0,0.04974599072150299,0.9266860194365075,True,False,hypo_siscowet
NW_024061419.1:342177,NW_024061419.1,342177,85.402175,57.8763,-27.525875,4,4,16.0,0.02857142857142857,0.9266860194365075,True,False,hypo_siscowet
NW_024061419.1:342520,NW_024061419.1,342520,79.053575,46.833875,-32.219699999999996,4,4,16.0,0.02857142857142857,0.9266860194365075,True,False,hypo_siscowet
NW_024061419.1:342581,NW_024061419.1,342581,82.027975,64.211325,-17.816649999999996,4,4,16.0,0.02857142857142857,0.9266860194365075,True,False,hypo_siscowet
NW_024061419.1:710278,NW_024061419.1,710278,34.0067,17.728925,-16.277775000000002,4,4,16.0,0.029401048190339642,0.9266860194365075,True,False,hypo_siscowet
NW_024061419.1:712447,NW_024061419.1,712447,40.701225,57.40197500000001,16.700750000000006,4,4,0.0,0.02857142857142857,0.9266860194365075,True,False,hyper_siscowet
NW_024061419.1:745207,NW_024061419.1,745207,15.988666666666667,0.0,-15.988666666666667,3,4,12.0,0.03191120476963876,0.9266860194365075,True,False,hypo_siscowet
NW_024061419.1:745294,NW_024061419.1,745294,17.575766666666667,2.2727275,-15.303039166666666,3,4,12.0,0.04359664488554136,0.9266860194365075,True,False,hypo_siscowet
NW_024061419.1:848350,NW_024061419.1,848350,65.00240000000001,45.837075,-19.16532500000001,4,4,16.0,0.02857142857142857,0.9266860194365075,True,False,hypo_siscowet
NW_024061419.1:849577,NW_024061419.1,849577,74.3691,93.606325,19.237224999999995,4,4,0.0,0.029401048190339642,0.9266860194365075,True,False,hyper_siscowet
NW_024061419.1:853604,NW_024061419.1,853604,88.21582500000001,71.12065,-17.095175000000012,4,4,16.0,0.02857142857142857,0.9266860194365075,True,False,hypo_siscowet
NW_024061419.1:988824,NW_024061419.1,988824,72.462125,55.58539999999999,-16.876725000000008,4,4,16.0,0.029401048190339642,0.9266860194365075,True,False,hypo_siscowet
NW_024061424.1:105518,NW_024061424.1,105518,92.52523333333333,76.382625,-16.142608333333328,3,4,12.0,0.04974599072150299,0.9266860194365075,True,False,hypo_siscowet
NW_024061431.1:136217,NW_024061431.1,136217,97.77776666666666,75.0925,-22.685266666666664,3,4,12.0,0.04974599072150299,0.9266860194365075,True,False,hypo_siscowet
NW_024061431.1:138406,NW_024061431.1,138406,94.72625,76.56425,-18.161999999999992,4,4,16.0,0.029401048190339642,0.9266860194365075,True,False,hypo_siscowet
NW_024061431.1:138476,NW_024061431.1,138476,93.928575,75.5029,-18.425675,4,4,16.0,0.029401048190339642,0.9266860194365075,True,False,hypo_siscowet
NW_024061431.1:177470,NW_024061431.1,177470,73.19395,53.632025,-19.561925000000002,4,4,16.0,0.02857142857142857,0.9266860194365075,True,False,hypo_siscowet
NW_024061431.1:177531,NW_024061431.1,177531,72.07895,43.020825,-29.058125000000004,4,4,16.0,0.02857142857142857,0.9266860194365075,True,False,hypo_siscowet
NW_024061431.1:177647,NW_024061431.1,177647,72.36789999999999,46.3111,-26.05679999999999,4,4,16.0,0.02857142857142857,0.9266860194365075,True,False,hypo_siscowet
NW_024061431.1:177921,NW_024061431.1,177921,65.19842499999999,30.452849999999998,-34.74557499999999,4,4,16.0,0.02857142857142857,0.9266860194365075,True,False,hypo_siscowet
NW_024061431.1:177960,NW_024061431.1,177960,72.4221,27.535474999999998,-44.886625,4,4,16.0,0.02857142857142857,0.9266860194365075,True,False,hypo_siscowet
NW_024061431.1:177977,NW_024061431.1,177977,74.335025,33.988175,-40.34685,4,4,16.0,0.02857142857142857,0.9266860194365075,True,False,hypo_siscowet
NW_024061431.1:177984,NW_024061431.1,177984,74.294375,32.94815,-41.346225000000004,4,4,16.0,0.02857142857142857,0.9266860194365075,True,False,hypo_siscowet
NW_024061431.1:177997,NW_024061431.1,177997,71.5683,33.915350000000004,-37.65294999999999,4,4,16.0,0.02857142857142857,0.9266860194365075,True,False,hypo_siscowet
NW_024061431.1:178122,NW_024061431.1,178122,71.991225,34.757450000000006,-37.233774999999994,4,4,16.0,0.02857142857142857,0.9266860194365075,True,False,hypo_siscowet
NW_024061431.1:178351,NW_024061431.1,178351,41.530325,19.203375,-22.326949999999997,4,4,16.0,0.029401048190339642,0.9266860194365075,True,False,hypo_siscowet
NW_024061431.1:178378,NW_024061431.1,178378,42.42095,15.190382500000002,-27.230567499999996,4,4,16.0,0.02857142857142857,0.9266860194365075,True,False,hypo_siscowet
NW_024061431.1:178382,NW_024061431.1,178382,40.8053,18.31585,-22.48945,4,4,16.0,0.029401048190339642,0.9266860194365075,True,False,hypo_siscowet
NW_024061431.1:178437,NW_024061431.1,178437,39.2646,18.52355,-20.74105,4,4,16.0,0.02857142857142857,0.9266860194365075,True,False,hypo_siscowet
NW_024061431.1:461613,NW_024061431.1,461613,3.125,22.539666666666665,19.414666666666665,4,3,0.0,0.04359664488554136,0.9266860194365075,True,False,hyper_siscowet
NW_024061431.1:461904,NW_024061431.1,461904,12.2727275,36.5497,24.2769725,4,3,0.0,0.04974599072150299,0.9266860194365075,True,False,hyper_siscowet
NW_024061431.1:475277,NW_024061431.1,475277,46.3768,64.103225,17.726424999999992,3,4,0.0,0.04974599072150299,0.9266860194365075,True,False,hyper_siscowet
NW_024061443.1:70483,NW_024061443.1,70483,78.4001,59.883050000000004,-18.51704999999999,4,4,16.0,0.02857142857142857,0.9266860194365075,True,False,hypo_siscowet
NW_024061443.1:70514,NW_024061443.1,70514,78.68112500000001,58.402975,-20.27815000000001,4,4,16.0,0.02857142857142857,0.9266860194365075,True,False,hypo_siscowet
NW_024061449.1:11707,NW_024061449.1,11707,86.91844999999999,67.219325,-19.699124999999995,4,4,16.0,0.029401048190339642,0.9266860194365075,True,False,hypo_siscowet
NW_024061449.1:48044,NW_024061449.1,48044,88.568225,72.1514,-16.416825000000003,4,4,15.5,0.042066412206780826,0.9266860194365075,True,False,hypo_siscowet
NW_024061449.1:56236,NW_024061449.1,56236,47.7022,20.7811,-26.9211,4,3,12.0,0.04974599072150299,0.9266860194365075,True,False,hypo_siscowet
NW_024061449.1:9175,NW_024061449.1,9175,76.58090000000001,91.58425,15.003349999999983,4,4,0.0,0.02857142857142857,0.9266860194365075,True,False,hyper_siscowet
NW_024061459.1:103791,NW_024061459.1,103791,100.0,79.82747499999999,-20.172525000000007,3,4,12.0,0.04359664488554136,0.9266860194365075,True,False,hypo_siscowet
NW_024061475.1:154758,NW_024061475.1,154758,23.994733333333333,0.0,-23.994733333333333,3,4,12.0,0.03191120476963876,0.9266860194365075,True,False,hypo_siscowet
NW_024061475.1:154769,NW_024061475.1,154769,23.872183333333336,0.0,-23.872183333333336,3,4,12.0,0.03191120476963876,0.9266860194365075,True,False,hypo_siscowet
NW_024061475.1:154786,NW_024061475.1,154786,21.308083333333332,0.925925,-20.382158333333333,3,4,12.0,0.04359664488554136,0.9266860194365075,True,False,hypo_siscowet
NW_024061475.1:165790,NW_024061475.1,165790,87.8788,45.692625,-42.186175,3,4,12.0,0.04974599072150299,0.9266860194365075,True,False,hypo_siscowet
NW_024061494.1:1906,NW_024061494.1,1906,26.933766666666667,1.4705875,-25.463179166666666,3,4,12.0,0.04359664488554136,0.9266860194365075,True,False,hypo_siscowet
NW_024061497.1:163046,NW_024061497.1,163046,22.507133333333332,43.23355,20.72641666666667,3,4,0.0,0.04974599072150299,0.9266860194365075,True,False,hyper_siscowet
NW_024061501.1:33026,NW_024061501.1,33026,74.15456666666667,54.9107,-19.24386666666667,3,4,12.0,0.04974599072150299,0.9266860194365075,True,False,hypo_siscowet
NW_024061504.1:116557,NW_024061504.1,116557,81.97476666666667,97.1866,15.211833333333331,3,4,0.0,0.04974599072150299,0.9266860194365075,True,False,hyper_siscowet
NW_024061514.1:102419,NW_024061514.1,102419,96.95105000000001,78.541675,-18.40937500000001,4,4,16.0,0.02857142857142857,0.9266860194365075,True,False,hypo_siscowet
NW_024061514.1:102427,NW_024061514.1,102427,96.65765,75.34795,-21.309700000000007,4,4,16.0,0.02857142857142857,0.9266860194365075,True,False,hypo_siscowet
NW_024061514.1:102430,NW_024061514.1,102430,89.6645,62.837875,-26.826625000000007,4,4,16.0,0.02857142857142857,0.9266860194365075,True,False,hypo_siscowet
NW_024061514.1:102504,NW_024061514.1,102504,96.287675,75.104625,-21.183049999999994,4,4,16.0,0.02857142857142857,0.9266860194365075,True,False,hypo_siscowet
NW_024061514.1:102520,NW_024061514.1,102520,97.79412500000001,74.120375,-23.673750000000013,4,4,16.0,0.026518721959430728,0.9266860194365075,True,False,hypo_siscowet
NW_024061514.1:102537,NW_024061514.1,102537,95.55590000000001,70.812025,-24.743875000000003,4,4,16.0,0.02857142857142857,0.9266860194365075,True,False,hypo_siscowet
NW_024061514.1:102545,NW_024061514.1,102545,97.95320000000001,77.8996,-20.053600000000003,4,4,16.0,0.029401048190339642,0.9266860194365075,True,False,hypo_siscowet
NW_024061514.1:102553,NW_024061514.1,102553,97.972975,81.993775,-15.979200000000006,4,4,16.0,0.026518721959430728,0.9266860194365075,True,False,hypo_siscowet
NW_024061514.1:102556,NW_024061514.1,102556,98.6111,81.457725,-17.153374999999997,4,4,16.0,0.026518721959430728,0.9266860194365075,True,False,hypo_siscowet
NW_024061514.1:102592,NW_024061514.1,102592,97.08615,80.34722500000001,-16.738924999999995,4,4,16.0,0.029401048190339642,0.9266860194365075,True,False,hypo_siscowet
NW_024061514.1:102633,NW_024061514.1,102633,95.58442500000001,78.12039999999999,-17.46402500000002,4,4,16.0,0.029401048190339642,0.9266860194365075,True,False,hypo_siscowet
NW_024061514.1:102972,NW_024061514.1,102972,92.93122500000001,73.83075,-19.100475000000017,4,4,16.0,0.02857142857142857,0.9266860194365075,True,False,hypo_siscowet
NW_024061514.1:103063,NW_024061514.1,103063,94.55315000000002,73.077325,-21.475825000000015,4,4,16.0,0.02857142857142857,0.9266860194365075,True,False,hypo_siscowet
NW_024061514.1:103119,NW_024061514.1,103119,90.969775,72.828425,-18.141350000000003,4,4,16.0,0.02857142857142857,0.9266860194365075,True,False,hypo_siscowet
NW_024061514.1:103220,NW_024061514.1,103220,94.86265,74.511225,-20.351425000000006,4,4,16.0,0.02857142857142857,0.9266860194365075,True,False,hypo_siscowet
NW_024061514.1:103223,NW_024061514.1,103223,87.850875,70.28094999999999,-17.569925000000012,4,4,16.0,0.02857142857142857,0.9266860194365075,True,False,hypo_siscowet
NW_024061514.1:103256,NW_024061514.1,103256,84.7913,67.8377,-16.95360000000001,4,4,16.0,0.02857142857142857,0.9266860194365075,True,False,hypo_siscowet
NW_024061514.1:103445,NW_024061514.1,103445,76.363325,52.810700000000004,-23.552625,4,4,15.5,0.042066412206780826,0.9266860194365075,True,False,hypo_siscowet
NW_024061514.1:103581,NW_024061514.1,103581,97.5617,76.261025,-21.300675,4,4,16.0,0.029401048190339642,0.9266860194365075,True,False,hypo_siscowet
NW_024061514.1:103629,NW_024061514.1,103629,98.6842,77.903375,-20.780825000000007,4,4,16.0,0.026518721959430728,0.9266860194365075,True,False,hypo_siscowet
NW_024061514.1:103655,NW_024061514.1,103655,96.34725,78.495575,-17.851675,4,4,16.0,0.02857142857142857,0.9266860194365075,True,False,hypo_siscowet
NW_024061514.1:103952,NW_024061514.1,103952,91.94467499999999,74.6049,-17.33977499999999,4,4,16.0,0.029401048190339642,0.9266860194365075,True,False,hypo_siscowet
NW_024061521.1:101504,NW_024061521.1,101504,71.545,51.6769,-19.8681,4,4,16.0,0.02857142857142857,0.9266860194365075,True,False,hypo_siscowet
NW_024061529.1:4711,NW_024061529.1,4711,89.29475,70.02025,-19.27449999999999,4,4,16.0,0.02857142857142857,0.9266860194365075,True,False,hypo_siscowet
NW_024061529.1:52664,NW_024061529.1,52664,63.670975,43.587125,-20.083849999999998,4,4,16.0,0.02857142857142857,0.9266860194365075,True,False,hypo_siscowet
NW_024061529.1:52678,NW_024061529.1,52678,65.8792,39.8699825,-26.0092175,4,4,16.0,0.02857142857142857,0.9266860194365075,True,False,hypo_siscowet
NW_024061529.1:52843,NW_024061529.1,52843,58.27575,33.8625025,-24.413247500000004,4,4,16.0,0.02857142857142857,0.9266860194365075,True,False,hypo_siscowet
NW_024061529.1:52848,NW_024061529.1,52848,59.146950000000004,32.6894025,-26.457547500000004,4,4,16.0,0.02857142857142857,0.9266860194365075,True,False,hypo_siscowet
NW_024061529.1:52962,NW_024061529.1,52962,24.002075,3.269675,-20.732400000000002,4,4,16.0,0.029401048190339642,0.9266860194365075,True,False,hypo_siscowet
NW_024061529.1:53075,NW_024061529.1,53075,21.203000000000003,1.190475,-20.012525000000004,4,4,16.0,0.026518721959430728,0.9266860194365075,True,False,hypo_siscowet
NW_024061529.1:53127,NW_024061529.1,53127,16.800715,0.0,-16.800715,4,4,16.0,0.021070570134378658,0.9266860194365075,True,False,hypo_siscowet
NW_024061529.1:53152,NW_024061529.1,53152,17.9890175,0.757575,-17.2314425,4,4,16.0,0.026518721959430728,0.9266860194365075,True,False,hypo_siscowet
NW_024061530.1:674825,NW_024061530.1,674825,88.39286666666665,72.078625,-16.314241666666646,3,4,12.0,0.04974599072150299,0.9266860194365075,True,False,hypo_siscowet
NW_024061530.1:994542,NW_024061530.1,994542,74.372725,90.971875,16.599149999999995,4,4,0.0,0.029401048190339642,0.9266860194365075,True,False,hyper_siscowet
NW_024061530.1:994588,NW_024061530.1,994588,76.8358,92.56745,15.731649999999988,4,4,0.0,0.02857142857142857,0.9266860194365075,True,False,hyper_siscowet
NW_024061530.1:994652,NW_024061530.1,994652,75.059525,90.68565,15.626125000000002,4,4,0.0,0.02857142857142857,0.9266860194365075,True,False,hyper_siscowet
NW_024061530.1:994668,NW_024061530.1,994668,73.14005,94.106325,20.966274999999996,4,4,0.0,0.02857142857142857,0.9266860194365075,True,False,hyper_siscowet
NW_024061530.1:994682,NW_024061530.1,994682,77.140275,94.31674999999998,17.176474999999982,4,4,0.0,0.02857142857142857,0.9266860194365075,True,False,hyper_siscowet
NW_024061530.1:994685,NW_024061530.1,994685,77.32142499999999,94.58695,17.26552500000001,4,4,0.0,0.02857142857142857,0.9266860194365075,True,False,hyper_siscowet
NW_024061542.1:104551,NW_024061542.1,104551,18.055566666666667,1.8064525,-16.24911416666667,3,4,12.0,0.04974599072150299,0.9266860194365075,True,False,hypo_siscowet
NW_024061542.1:112010,NW_024061542.1,112010,60.897866666666665,87.47987499999999,26.582008333333327,3,4,0.0,0.04974599072150299,0.9266860194365075,True,False,hyper_siscowet
NW_024061542.1:116518,NW_024061542.1,116518,75.0917,94.8841,19.7924,4,4,0.0,0.02857142857142857,0.9266860194365075,True,False,hyper_siscowet
NW_024061552.1:16472,NW_024061552.1,16472,94.87180000000001,76.70089999999999,-18.170900000000017,3,4,12.0,0.04974599072150299,0.9266860194365075,True,False,hypo_siscowet
NW_024061552.1:47417,NW_024061552.1,47417,69.62963333333333,41.491225,-28.13840833333333,3,4,12.0,0.04974599072150299,0.9266860194365075,True,False,hypo_siscowet
NW_024061552.1:47488,NW_024061552.1,47488,79.221,49.90845,-29.31255,3,4,12.0,0.04974599072150299,0.9266860194365075,True,False,hypo_siscowet
NW_024061552.1:48427,NW_024061552.1,48427,66.01310000000001,38.4372525,-27.57584750000001,3,4,12.0,0.04974599072150299,0.9266860194365075,True,False,hypo_siscowet
NW_024061552.1:48664,NW_024061552.1,48664,62.687999999999995,30.35715,-32.33085,3,4,12.0,0.04974599072150299,0.9266860194365075,True,False,hypo_siscowet
NW_024061552.1:87223,NW_024061552.1,87223,83.84662499999999,67.95862500000001,-15.887999999999977,4,4,16.0,0.02857142857142857,0.9266860194365075,True,False,hypo_siscowet
NW_024061552.1:87423,NW_024061552.1,87423,86.9996,66.474575,-20.525025,4,4,16.0,0.029401048190339642,0.9266860194365075,True,False,hypo_siscowet
NW_024061553.1:126916,NW_024061553.1,126916,37.998375,9.35105,-28.647325000000002,4,4,16.0,0.029401048190339642,0.9266860194365075,True,False,hypo_siscowet
NW_024061553.1:127340,NW_024061553.1,127340,24.030925,8.466652499999999,-15.564272500000001,4,4,16.0,0.029401048190339642,0.9266860194365075,True,False,hypo_siscowet
NW_024061553.1:127593,NW_024061553.1,127593,33.064524999999996,8.591265,-24.473259999999996,4,4,16.0,0.02857142857142857,0.9266860194365075,True,False,hypo_siscowet
NW_024061553.1:131079,NW_024061553.1,131079,75.6591,94.22765,18.568550000000002,4,4,0.0,0.02857142857142857,0.9266860194365075,True,False,hyper_siscowet
NW_024061553.1:353428,NW_024061553.1,353428,71.69646666666667,87.183575,15.487108333333339,3,4,0.0,0.04974599072150299,0.9266860194365075,True,False,hyper_siscowet
NW_024061553.1:83289,NW_024061553.1,83289,75.730525,44.889250000000004,-30.841274999999996,4,4,16.0,0.02857142857142857,0.9266860194365075,True,False,hypo_siscowet
NW_024061556.1:32106,NW_024061556.1,32106,79.09623333333333,50.566825,-28.52940833333333,3,4,12.0,0.04974599072150299,0.9266860194365075,True,False,hypo_siscowet
NW_024061556.1:32195,NW_024061556.1,32195,74.1142,49.958349999999996,-24.15585,3,4,12.0,0.04974599072150299,0.9266860194365075,True,False,hypo_siscowet
NW_024061575.1:180276,NW_024061575.1,180276,22.526077499999996,3.1951025,-19.330974999999995,4,4,16.0,0.02857142857142857,0.9266860194365075,True,False,hypo_siscowet
NW_024061575.1:180342,NW_024061575.1,180342,18.9248025,2.4209075,-16.503895,4,4,16.0,0.02857142857142857,0.9266860194365075,True,False,hypo_siscowet
NW_024061575.1:185017,NW_024061575.1,185017,91.7485,73.32894999999999,-18.419550000000015,4,4,16.0,0.02857142857142857,0.9266860194365075,True,False,hypo_siscowet
NW_024061575.1:319201,NW_024061575.1,319201,83.3333,100.0,16.666700000000006,3,3,0.0,0.04685417760387376,0.9266860194365075,True,False,hyper_siscowet
NW_024061580.1:38241,NW_024061580.1,38241,60.741175,45.144349999999996,-15.596825000000003,4,4,16.0,0.02857142857142857,0.9266860194365075,True,False,hypo_siscowet
NW_024061580.1:38407,NW_024061580.1,38407,50.876325,25.93015,-24.946175,4,4,16.0,0.02857142857142857,0.9266860194365075,True,False,hypo_siscowet
NW_024061586.1:154386,NW_024061586.1,154386,66.70383333333334,100.0,33.296166666666664,3,4,0.0,0.03191120476963876,0.9266860194365075,True,False,hyper_siscowet
NW_024061586.1:233675,NW_024061586.1,233675,60.26989999999999,37.648775,-22.621124999999992,4,4,16.0,0.02857142857142857,0.9266860194365075,True,False,hypo_siscowet
NW_024061601.1:50049,NW_024061601.1,50049,7.417575,24.455333333333332,17.037758333333333,4,3,0.0,0.04974599072150299,0.9266860194365075,True,False,hyper_siscowet
NW_024061612.1:31221,NW_024061612.1,31221,72.927175,87.93182499999999,15.004649999999984,4,4,0.0,0.02857142857142857,0.9266860194365075,True,False,hyper_siscowet
NW_024061612.1:33735,NW_024061612.1,33735,98.75,81.36645000000001,-17.383549999999985,4,4,16.0,0.026518721959430728,0.9266860194365075,True,False,hypo_siscowet
NW_024061612.1:33777,NW_024061612.1,33777,96.30325,80.8939,-15.409350000000003,4,4,16.0,0.029401048190339642,0.9266860194365075,True,False,hypo_siscowet
NW_024061616.1:47769,NW_024061616.1,47769,77.63125000000001,94.647675,17.016424999999998,4,4,0.0,0.02857142857142857,0.9266860194365075,True,False,hyper_siscowet
NW_024061616.1:79788,NW_024061616.1,79788,46.312625,61.85195,15.539325000000005,4,4,0.0,0.02857142857142857,0.9266860194365075,True,False,hyper_siscowet
NW_024061618.1:45232,NW_024061618.1,45232,98.98989999999999,82.679925,-16.309974999999994,3,4,12.0,0.04974599072150299,0.9266860194365075,True,False,hypo_siscowet
NW_024061621.1:28126,NW_024061621.1,28126,44.44446666666666,11.91256,-32.531906666666664,3,4,12.0,0.04974599072150299,0.9266860194365075,True,False,hypo_siscowet
NW_024061621.1:28365,NW_024061621.1,28365,35.096133333333334,14.00973,-21.086403333333337,3,4,12.0,0.04767810313602185,0.9266860194365075,True,False,hypo_siscowet
NW_024061621.1:28466,NW_024061621.1,28466,24.83973333333333,7.5810175,-17.258715833333333,3,4,12.0,0.04974599072150299,0.9266860194365075,True,False,hypo_siscowet
NW_024061621.1:28610,NW_024061621.1,28610,21.313133333333333,5.8333325,-15.479800833333332,3,4,12.0,0.04974599072150299,0.9266860194365075,True,False,hypo_siscowet
NW_024061636.1:71462,NW_024061636.1,71462,100.0,84.75,-15.25,3,4,12.0,0.04359664488554136,0.9266860194365075,True,False,hypo_siscowet
NW_024061636.1:71510,NW_024061636.1,71510,100.0,83.74245,-16.257549999999995,3,4,12.0,0.04359664488554136,0.9266860194365075,True,False,hypo_siscowet
NW_024061636.1:71616,NW_024061636.1,71616,100.0,78.1441,-21.855900000000005,3,4,12.0,0.041586341232186144,0.9266860194365075,True,False,hypo_siscowet
NW_024061642.1:149216,NW_024061642.1,149216,38.08063333333334,13.547004999999999,-24.53362833333334,3,4,12.0,0.04974599072150299,0.9266860194365075,True,False,hypo_siscowet
NW_024061642.1:150464,NW_024061642.1,150464,25.470066666666668,5.929482500000001,-19.54058416666667,3,4,12.0,0.04974599072150299,0.9266860194365075,True,False,hypo_siscowet
NW_024061642.1:374892,NW_024061642.1,374892,99.3421,83.73626666666667,-15.605833333333337,4,3,12.0,0.04359664488554136,0.9266860194365075,True,False,hypo_siscowet
NW_024061658.1:64233,NW_024061658.1,64233,49.52813333333333,64.761925,15.233791666666676,3,4,0.0,0.04974599072150299,0.9266860194365075,True,False,hyper_siscowet
NW_024061668.1:51878,NW_024061668.1,51878,22.424233333333333,2.884625,-19.539608333333334,3,4,12.0,0.041586341232186144,0.9266860194365075,True,False,hypo_siscowet
NW_024061675.1:166898,NW_024061675.1,166898,69.934625,41.231649999999995,-28.702975000000002,4,4,16.0,0.029401048190339642,0.9266860194365075,True,False,hypo_siscowet
NW_024061675.1:167274,NW_024061675.1,167274,30.632800000000003,6.334852499999999,-24.297947500000003,4,4,16.0,0.029401048190339642,0.9266860194365075,True,False,hypo_siscowet
NW_024061675.1:167287,NW_024061675.1,167287,35.58655,5.028745,-30.557805000000002,4,4,16.0,0.029401048190339642,0.9266860194365075,True,False,hypo_siscowet
NW_024061675.1:167329,NW_024061675.1,167329,31.200699999999998,4.6653125,-26.5353875,4,4,16.0,0.029401048190339642,0.9266860194365075,True,False,hypo_siscowet
NW_024061675.1:167332,NW_024061675.1,167332,31.0863,3.8442475,-27.2420525,4,4,16.0,0.02857142857142857,0.9266860194365075,True,False,hypo_siscowet
NW_024061675.1:167359,NW_024061675.1,167359,28.93005,3.5975374999999996,-25.3325125,4,4,16.0,0.02857142857142857,0.9266860194365075,True,False,hypo_siscowet
NW_024061675.1:167574,NW_024061675.1,167574,32.9376,4.8039125,-28.133687500000004,4,4,16.0,0.029401048190339642,0.9266860194365075,True,False,hypo_siscowet
NW_024061675.1:167581,NW_024061675.1,167581,35.120725,6.3492,-28.771525,4,4,16.0,0.029401048190339642,0.9266860194365075,True,False,hypo_siscowet
NW_024061675.1:168017,NW_024061675.1,168017,36.55455,6.72699,-29.82756,4,4,16.0,0.02857142857142857,0.9266860194365075,True,False,hypo_siscowet
NW_024061675.1:168718,NW_024061675.1,168718,48.17463333333333,18.522727500000002,-29.65190583333333,3,4,12.0,0.04974599072150299,0.9266860194365075,True,False,hypo_siscowet
NW_024061685.1:37430,NW_024061685.1,37430,79.512175,63.320325,-16.191850000000002,4,4,16.0,0.029401048190339642,0.9266860194365075,True,False,hypo_siscowet
NW_024061694.1:3194,NW_024061694.1,3194,67.28897500000001,47.49402499999999,-19.794950000000014,4,4,16.0,0.02857142857142857,0.9266860194365075,True,False,hypo_siscowet
NW_024061696.1:12723,NW_024061696.1,12723,89.69765,69.746875,-19.950774999999993,4,4,16.0,0.02857142857142857,0.9266860194365075,True,False,hypo_siscowet
NW_024061696.1:12739,NW_024061696.1,12739,87.886775,72.50505,-15.381725000000003,4,4,16.0,0.02857142857142857,0.9266860194365075,True,False,hypo_siscowet
NW_024061696.1:28343,NW_024061696.1,28343,43.734975000000006,66.8117,23.076724999999996,4,3,0.0,0.04974599072150299,0.9266860194365075,True,False,hyper_siscowet
NW_024061703.1:9427,NW_024061703.1,9427,37.29205,21.977175000000003,-15.314875,4,4,16.0,0.02857142857142857,0.9266860194365075,True,False,hypo_siscowet
NW_024061703.1:9440,NW_024061703.1,9440,64.91397500000001,40.673725,-24.24025000000001,4,4,16.0,0.02857142857142857,0.9266860194365075,True,False,hypo_siscowet
NW_024061718.1:11517,NW_024061718.1,11517,43.162366666666664,26.473774999999996,-16.688591666666667,3,4,12.0,0.04974599072150299,0.9266860194365075,True,False,hypo_siscowet
NW_024061718.1:7326,NW_024061718.1,7326,37.971975,21.1111,-16.860875,4,4,16.0,0.02857142857142857,0.9266860194365075,True,False,hypo_siscowet
NW_024061718.1:7608,NW_024061718.1,7608,39.142849999999996,20.0467,-19.096149999999994,4,4,16.0,0.02857142857142857,0.9266860194365075,True,False,hypo_siscowet
NW_024061718.1:9117,NW_024061718.1,9117,50.3287,25.576475,-24.752225,4,4,16.0,0.02857142857142857,0.9266860194365075,True,False,hypo_siscowet
NW_024061718.1:9729,NW_024061718.1,9729,40.009175,22.9251,-17.084075,4,4,16.0,0.029401048190339642,0.9266860194365075,True,False,hypo_siscowet
NW_024061718.1:9776,NW_024061718.1,9776,41.33405,25.406574999999997,-15.927475000000001,4,4,16.0,0.02857142857142857,0.9266860194365075,True,False,hypo_siscowet
NW_024061727.1:35961,NW_024061727.1,35961,33.14286666666667,9.4436775,-23.69918916666667,3,4,12.0,0.04974599072150299,0.9266860194365075,True,False,hypo_siscowet
NW_024061727.1:36061,NW_024061727.1,36061,35.73316666666667,12.13378,-23.599386666666668,3,4,12.0,0.04974599072150299,0.9266860194365075,True,False,hypo_siscowet
NW_024061727.1:71961,NW_024061727.1,71961,76.111125,49.7553,-26.355825000000003,4,4,16.0,0.029401048190339642,0.9266860194365075,True,False,hypo_siscowet
NW_024061727.1:86337,NW_024061727.1,86337,32.439249999999994,72.238975,39.799725,4,4,0.0,0.02857142857142857,0.9266860194365075,True,False,hyper_siscowet
NW_024061727.1:86344,NW_024061727.1,86344,32.473225,72.0746,39.601375000000004,4,4,0.0,0.02857142857142857,0.9266860194365075,True,False,hyper_siscowet
NW_024061733.1:46488,NW_024061733.1,46488,92.32637500000001,69.692475,-22.63390000000001,4,4,16.0,0.028429535998796527,0.9266860194365075,True,False,hypo_siscowet
NW_024061738.1:16149,NW_024061738.1,16149,98.14813333333332,80.533975,-17.61415833333332,3,4,12.0,0.04974599072150299,0.9266860194365075,True,False,hypo_siscowet
NW_024061741.1:235294,NW_024061741.1,235294,96.7803,81.41186666666665,-15.368433333333343,4,3,12.0,0.04974599072150299,0.9266860194365075,True,False,hypo_siscowet
NW_024061741.1:241438,NW_024061741.1,241438,74.1751,95.10752500000001,20.93242500000001,3,4,0.0,0.04974599072150299,0.9266860194365075,True,False,hyper_siscowet
NW_024061741.1:296331,NW_024061741.1,296331,63.675233333333345,85.153975,21.478741666666657,3,4,0.0,0.04974599072150299,0.9266860194365075,True,False,hyper_siscowet
NW_024061744.1:5636,NW_024061744.1,5636,81.770825,96.93813333333333,15.167308333333324,4,3,0.0,0.04974599072150299,0.9266860194365075,True,False,hyper_siscowet
