go_id	name	namespace	study_k	study_n	bg_K	bg_N	fold_enrichment	p_value	fdr	phenotype	genes
GO:0001817	regulation of cytokine production	biological_process	25	2593	129	31285	2.34	5.223e-05	1.269e-01		LOC120018777,LOC120018853,LOC120019052,LOC120019509,LOC120020561,LOC120023423,LOC120033484,LOC120033487,LOC120033652,LOC120034797,LOC120035241,LOC120035388,LOC120038321,LOC120039788,LOC120040411,LOC120040917,LOC120042248,LOC120042491,LOC120043723,LOC120049292,LOC120055336,LOC120058342,LOC120059053,LOC120059075,si:ch211-243a20.4
GO:0016607	nuclear speck	cellular_component	13	2593	54	31285	2.9	3.689e-04	2.288e-01		LOC120022349,LOC120032798,LOC120033139,LOC120034312,LOC120044542,LOC120046489,LOC120049663,LOC120050036,LOC120050082,LOC120052681,LOC120061449,LOC120065315,si:dkey-38n4.2
GO:0009266	response to temperature stimulus	biological_process	11	2593	42	31285	3.16	4.750e-04	2.288e-01	Y	LOC120025161,LOC120026056,LOC120026418,LOC120032522,LOC120032670,LOC120034531,LOC120034793,LOC120034803,LOC120045029,LOC120050580,LOC120050584
GO:0071345	cellular response to cytokine stimulus	biological_process	28	2593	173	31285	1.95	4.789e-04	2.288e-01		LOC120019104,LOC120021774,LOC120024931,LOC120032458,LOC120033051,LOC120033139,LOC120033459,LOC120034058,LOC120034187,LOC120034531,LOC120036493,LOC120036644,LOC120037605,LOC120040917,LOC120042248,LOC120042872,LOC120044239,LOC120044547,LOC120046320,LOC120047732,LOC120048594,LOC120048804,LOC120051492,LOC120055680,LOC120055743
GO:0015074	DNA integration	biological_process	8	2593	24	31285	4.02	4.831e-04	2.288e-01		LOC120023084,LOC120023350,LOC120034293,LOC120035894,LOC120042583,LOC120043847,LOC120051748,LOC120056766
GO:0004252	serine-type endopeptidase activity	molecular_function	30	2593	192	31285	1.89	5.650e-04	2.288e-01		LOC120019724,LOC120020733,LOC120023029,LOC120028920,LOC120030664,LOC120031510,LOC120032435,LOC120032926,LOC120032927,LOC120034415,LOC120036772,LOC120037787,LOC120037855,LOC120038018,LOC120039840,LOC120043941,LOC120046358,LOC120046748,LOC120047283,LOC120047639,LOC120050096,LOC120050120,LOC120051788,LOC120051789,LOC120052033
GO:0019221	cytokine-mediated signaling pathway	biological_process	26	2593	165	31285	1.9	1.120e-03	3.086e-01		LOC120019104,LOC120021774,LOC120024931,LOC120032458,LOC120033051,LOC120033139,LOC120033459,LOC120034058,LOC120034187,LOC120034531,LOC120036493,LOC120036644,LOC120037605,LOC120042872,LOC120044239,LOC120044547,LOC120046320,LOC120047732,LOC120048594,LOC120048804,LOC120051492,LOC120055680,LOC120055743,LOC120057981,LOC120063433
GO:0009408	response to heat	biological_process	9	2593	33	31285	3.29	1.121e-03	3.086e-01		LOC120025161,LOC120026056,LOC120026418,LOC120032522,LOC120032670,LOC120034803,LOC120045029,LOC120050580,LOC120050584
GO:0045124	regulation of bone resorption	biological_process	4	2593	7	31285	6.89	1.343e-03	3.086e-01	Y	LOC120027902,LOC120032389,si:dkey-11p23.7,siglec15l
GO:0002682	regulation of immune system process	biological_process	48	2593	372	31285	1.56	1.502e-03	3.086e-01	Y	LOC120018853,LOC120019052,LOC120019509,LOC120020561,LOC120022426,LOC120022634,LOC120023423,LOC120024201,LOC120027678,LOC120031042,LOC120032389,LOC120033484,LOC120033487,LOC120033652,LOC120034797,LOC120035059,LOC120035113,LOC120035241,LOC120035388,LOC120036644,LOC120038321,LOC120039788,LOC120040411,LOC120040917,LOC120042248
GO:0034097	response to cytokine	biological_process	29	2593	195	31285	1.79	1.524e-03	3.086e-01		LOC120019104,LOC120021774,LOC120024931,LOC120027902,LOC120032458,LOC120033051,LOC120033139,LOC120033459,LOC120034058,LOC120034187,LOC120034531,LOC120036493,LOC120036644,LOC120037605,LOC120040917,LOC120042248,LOC120042872,LOC120044239,LOC120044547,LOC120046320,LOC120047732,LOC120048594,LOC120048804,LOC120051492,LOC120055680
GO:1901652	response to peptide	biological_process	29	2593	195	31285	1.79	1.524e-03	3.086e-01		LOC120019104,LOC120021774,LOC120024931,LOC120027902,LOC120032458,LOC120033051,LOC120033139,LOC120033459,LOC120034058,LOC120034187,LOC120034531,LOC120036493,LOC120036644,LOC120037605,LOC120040917,LOC120042248,LOC120042872,LOC120044239,LOC120044547,LOC120046320,LOC120047732,LOC120048594,LOC120048804,LOC120051492,LOC120055680
GO:0140168	nuclear ribonucleoprotein granule	cellular_component	13	2593	63	31285	2.49	1.730e-03	3.234e-01		LOC120022349,LOC120032798,LOC120033139,LOC120034312,LOC120044542,LOC120046489,LOC120049663,LOC120050036,LOC120050082,LOC120052681,LOC120061449,LOC120065315,si:dkey-38n4.2
GO:0048477	oogenesis	biological_process	8	2593	29	31285	3.33	1.940e-03	3.367e-01		LOC120027918,LOC120027929,LOC120032709,LOC120041593,LOC120055371,LOC120058090,LOC120061992,zglp1
GO:0044183	protein folding chaperone	molecular_function	14	2593	72	31285	2.35	2.125e-03	3.443e-01		LOC120026056,LOC120026418,LOC120032162,LOC120032528,LOC120032593,LOC120032670,LOC120034057,LOC120034803,LOC120045029,LOC120050580,LOC120050584,LOC120058342,LOC120058343,trap1
GO:0051384	response to glucocorticoid	biological_process	5	2593	13	31285	4.64	2.845e-03	3.639e-01		LOC120028089,LOC120030016,LOC120049205,LOC120051050,pck1
GO:0031960	response to corticosteroid	biological_process	5	2593	13	31285	4.64	2.845e-03	3.639e-01		LOC120028089,LOC120030016,LOC120049205,LOC120051050,pck1
GO:0071385	cellular response to glucocorticoid stimulus	biological_process	5	2593	13	31285	4.64	2.845e-03	3.639e-01		LOC120028089,LOC120030016,LOC120049205,LOC120051050,pck1
GO:0071384	cellular response to corticosteroid stimulus	biological_process	5	2593	13	31285	4.64	2.845e-03	3.639e-01		LOC120028089,LOC120030016,LOC120049205,LOC120051050,pck1
GO:0016459	myosin complex	cellular_component	21	2593	137	31285	1.85	4.445e-03	3.660e-01		LOC120017463,LOC120018338,LOC120019531,LOC120019826,LOC120020046,LOC120020691,LOC120023746,LOC120024699,LOC120025448,LOC120032606,LOC120032678,LOC120044586,LOC120045555,LOC120046342,LOC120047270,LOC120051056,LOC120052979,LOC120052988,myh6,myo1ha,myo5aa
GO:0071677	positive regulation of mononuclear cell migration	biological_process	6	2593	20	31285	3.62	4.516e-03	3.660e-01		LOC120022634,LOC120031042,LOC120059053,LOC120059075,LOC120062766,LOC120062892
GO:0071675	regulation of mononuclear cell migration	biological_process	6	2593	20	31285	3.62	4.516e-03	3.660e-01		LOC120022634,LOC120031042,LOC120059053,LOC120059075,LOC120062766,LOC120062892
GO:0045214	sarcomere organization	biological_process	6	2593	20	31285	3.62	4.516e-03	3.660e-01		LOC120030952,LOC120049116,LOC120056805,csrp2,csrp3,tnnt2c
GO:0042026	protein refolding	biological_process	9	2593	40	31285	2.71	4.695e-03	3.660e-01		LOC120026056,LOC120026418,LOC120032670,LOC120034057,LOC120034803,LOC120045029,LOC120050580,LOC120050584,LOC120058342
GO:0007292	female gamete generation	biological_process	9	2593	40	31285	2.71	4.695e-03	3.660e-01		LOC120027918,LOC120027929,LOC120032709,LOC120041593,LOC120044003,LOC120055371,LOC120058090,LOC120061992,zglp1
GO:0004040	amidase activity	molecular_function	3	2593	5	31285	7.24	5.005e-03	3.660e-01		LOC120017647,LOC120053880,LOC120060323
GO:0003356	regulation of cilium beat frequency	biological_process	3	2593	5	31285	7.24	5.005e-03	3.660e-01		LOC120022770,LOC120024223,cfap20
GO:0071331	cellular response to hexose stimulus	biological_process	3	2593	5	31285	7.24	5.005e-03	3.660e-01		LOC120028089,LOC120051050,pck1
GO:0071322	cellular response to carbohydrate stimulus	biological_process	3	2593	5	31285	7.24	5.005e-03	3.660e-01		LOC120028089,LOC120051050,pck1
GO:0071326	cellular response to monosaccharide stimulus	biological_process	3	2593	5	31285	7.24	5.005e-03	3.660e-01		LOC120028089,LOC120051050,pck1
GO:0071333	cellular response to glucose stimulus	biological_process	3	2593	5	31285	7.24	5.005e-03	3.660e-01		LOC120028089,LOC120051050,pck1
GO:0019626	short-chain fatty acid catabolic process	biological_process	3	2593	5	31285	7.24	5.005e-03	3.660e-01	Y	LOC120028089,LOC120051050,pck1
GO:0070365	hepatocyte differentiation	biological_process	3	2593	5	31285	7.24	5.005e-03	3.660e-01		LOC120028089,LOC120051050,pck1
GO:0008236	serine-type peptidase activity	molecular_function	30	2593	221	31285	1.64	5.136e-03	3.660e-01		LOC120019724,LOC120020733,LOC120023029,LOC120028920,LOC120030664,LOC120031510,LOC120032435,LOC120032926,LOC120032927,LOC120034415,LOC120036772,LOC120037787,LOC120037855,LOC120038018,LOC120039840,LOC120043941,LOC120046358,LOC120046748,LOC120047283,LOC120047639,LOC120050096,LOC120050120,LOC120051788,LOC120051789,LOC120052033
GO:0003774	cytoskeletal motor activity	molecular_function	28	2593	203	31285	1.66	5.380e-03	3.660e-01	Y	LOC120017463,LOC120018338,LOC120019531,LOC120019826,LOC120020691,LOC120023746,LOC120024699,LOC120025448,LOC120031210,LOC120032210,LOC120032606,LOC120032678,LOC120044586,LOC120045246,LOC120045555,LOC120046342,LOC120047270,LOC120049846,LOC120051056,LOC120052979,LOC120052988,LOC120054602,dnah2,kif20bb,kif28
GO:0001889	liver development	biological_process	5	2593	15	31285	4.02	5.771e-03	3.660e-01		LOC120028089,LOC120037083,LOC120049548,LOC120051050,pck1
GO:0061008	hepaticobiliary system development	biological_process	5	2593	15	31285	4.02	5.771e-03	3.660e-01		LOC120028089,LOC120037083,LOC120049548,LOC120051050,pck1
GO:1905521	regulation of macrophage migration	biological_process	4	2593	10	31285	4.83	6.577e-03	3.660e-01		LOC120022634,LOC120031042,LOC120062766,LOC120062892
GO:0010759	positive regulation of macrophage chemotaxis	biological_process	4	2593	10	31285	4.83	6.577e-03	3.660e-01		LOC120022634,LOC120031042,LOC120062766,LOC120062892
GO:0010758	regulation of macrophage chemotaxis	biological_process	4	2593	10	31285	4.83	6.577e-03	3.660e-01		LOC120022634,LOC120031042,LOC120062766,LOC120062892
GO:0071622	regulation of granulocyte chemotaxis	biological_process	4	2593	10	31285	4.83	6.577e-03	3.660e-01		LOC120022634,LOC120031042,LOC120062766,LOC120062892
GO:1905523	positive regulation of macrophage migration	biological_process	4	2593	10	31285	4.83	6.577e-03	3.660e-01		LOC120022634,LOC120031042,LOC120062766,LOC120062892
GO:0045912	negative regulation of carbohydrate metabolic process	biological_process	4	2593	10	31285	4.83	6.577e-03	3.660e-01		LOC120028326,LOC120046754,LOC120049359,gid4
GO:0017171	serine hydrolase activity	molecular_function	30	2593	225	31285	1.61	6.627e-03	3.660e-01		LOC120019724,LOC120020733,LOC120023029,LOC120028920,LOC120030664,LOC120031510,LOC120032435,LOC120032926,LOC120032927,LOC120034415,LOC120036772,LOC120037787,LOC120037855,LOC120038018,LOC120039840,LOC120043941,LOC120046358,LOC120046748,LOC120047283,LOC120047639,LOC120050096,LOC120050120,LOC120051788,LOC120051789,LOC120052033
GO:0030118	clathrin coat	cellular_component	14	2593	82	31285	2.06	7.196e-03	3.661e-01		LOC120017770,LOC120021970,LOC120022351,LOC120025169,LOC120032511,LOC120045713,LOC120047717,LOC120047812,LOC120048691,LOC120052902,LOC120060897,ap1m2,ap1s1,ap2b1
GO:0016604	nuclear body	cellular_component	16	2593	99	31285	1.95	7.292e-03	3.661e-01		LOC120022349,LOC120030220,LOC120032798,LOC120033139,LOC120034312,LOC120044542,LOC120046489,LOC120049663,LOC120050036,LOC120050082,LOC120052681,LOC120059167,LOC120061449,LOC120065315,pqbp1,si:dkey-38n4.2
GO:0001228	DNA-binding transcription activator activity, RNA polymerase II-specific	molecular_function	21	2593	143	31285	1.77	7.300e-03	3.661e-01		LOC120019250,LOC120027231,LOC120032414,LOC120033014,LOC120033528,LOC120033679,LOC120034814,LOC120034919,LOC120035003,LOC120035241,LOC120036755,LOC120037301,LOC120040409,LOC120043712,LOC120045789,LOC120048087,LOC120048595,LOC120049351,LOC120049959,LOC120053527,LOC120060940
GO:0001216	DNA-binding transcription activator activity	molecular_function	21	2593	143	31285	1.77	7.300e-03	3.661e-01		LOC120019250,LOC120027231,LOC120032414,LOC120033014,LOC120033528,LOC120033679,LOC120034814,LOC120034919,LOC120035003,LOC120035241,LOC120036755,LOC120037301,LOC120040409,LOC120043712,LOC120045789,LOC120048087,LOC120048595,LOC120049351,LOC120049959,LOC120053527,LOC120060940
GO:0008214	protein dealkylation	biological_process	6	2593	22	31285	3.29	7.534e-03	3.661e-01		LOC120031903,LOC120034494,LOC120050080,LOC120061008,LOC120063180,LOC120063786
GO:0006482	protein demethylation	biological_process	6	2593	22	31285	3.29	7.534e-03	3.661e-01		LOC120031903,LOC120034494,LOC120050080,LOC120061008,LOC120063180,LOC120063786
GO:0048732	gland development	biological_process	5	2593	16	31285	3.77	7.828e-03	3.730e-01		LOC120028089,LOC120037083,LOC120049548,LOC120051050,pck1
GO:0031314	extrinsic component of mitochondrial inner membrane	cellular_component	3	2593	6	31285	6.03	9.393e-03	3.980e-01		LOC120018326,LOC120028564,LOC120049933
GO:0046459	short-chain fatty acid metabolic process	biological_process	3	2593	6	31285	6.03	9.393e-03	3.980e-01	Y	LOC120028089,LOC120051050,pck1
GO:0000138	Golgi trans cisterna	cellular_component	3	2593	6	31285	6.03	9.393e-03	3.980e-01		LOC120022111,LOC120041435,LOC120043819
GO:0017177	glucosidase II complex	cellular_component	3	2593	6	31285	6.03	9.393e-03	3.980e-01		LOC120037083,LOC120049548,LOC120062434
GO:1902687	glucosidase complex	cellular_component	3	2593	6	31285	6.03	9.393e-03	3.980e-01		LOC120037083,LOC120049548,LOC120062434
GO:0043034	costamere	cellular_component	3	2593	6	31285	6.03	9.393e-03	3.980e-01		LOC120050266,LOC120062136,LOC120062138
GO:0046850	regulation of bone remodeling	biological_process	4	2593	11	31285	4.39	9.663e-03	3.980e-01	Y	LOC120027902,LOC120032389,si:dkey-11p23.7,siglec15l
GO:0034103	regulation of tissue remodeling	biological_process	4	2593	11	31285	4.39	9.663e-03	3.980e-01		LOC120027902,LOC120032389,si:dkey-11p23.7,siglec15l
GO:0042289	MHC class II protein binding	molecular_function	5	2593	17	31285	3.55	1.034e-02	4.189e-01		LOC120019104,LOC120036644,LOC120047732,LOC120048594,cd74a
GO:0009895	negative regulation of catabolic process	biological_process	12	2593	69	31285	2.1	1.066e-02	4.246e-01		LOC120024099,LOC120041558,LOC120044003,LOC120047114,LOC120049327,LOC120049359,LOC120051453,LOC120063839,angel2,apoc2,azin1b,zcchc17
GO:0006952	defense response	biological_process	38	2593	313	31285	1.46	1.152e-02	4.515e-01		LOC120024214,LOC120024931,LOC120026096,LOC120031263,LOC120032980,LOC120033139,LOC120033879,LOC120034058,LOC120034275,LOC120035059,LOC120037605,LOC120039311,LOC120040917,LOC120041248,LOC120041379,LOC120041381,LOC120042248,LOC120042337,LOC120044472,LOC120045355,LOC120045788,LOC120046335,LOC120048664,LOC120049497,LOC120049759
GO:0030125	clathrin vesicle coat	cellular_component	11	2593	62	31285	2.14	1.224e-02	4.539e-01		LOC120017770,LOC120021970,LOC120022351,LOC120032511,LOC120045713,LOC120047717,LOC120047812,LOC120048691,LOC120052902,LOC120060897,ap1s1
GO:0030665	clathrin-coated vesicle membrane	cellular_component	11	2593	62	31285	2.14	1.224e-02	4.539e-01		LOC120017770,LOC120021970,LOC120022351,LOC120032511,LOC120045713,LOC120047717,LOC120047812,LOC120048691,LOC120052902,LOC120060897,ap1s1
GO:0002088	lens development in camera-type eye	biological_process	10	2593	54	31285	2.23	1.233e-02	4.539e-01		LOC120032708,LOC120032724,LOC120045822,LOC120047441,LOC120050551,LOC120050580,LOC120050584,LOC120051753,LOC120057916,zgc:153846
GO:0001819	positive regulation of cytokine production	biological_process	10	2593	54	31285	2.23	1.233e-02	4.539e-01		LOC120018777,LOC120034797,LOC120040917,LOC120042248,LOC120049292,LOC120055336,LOC120058342,LOC120059053,LOC120059075,si:ch211-243a20.4
GO:0140375	immune receptor activity	molecular_function	18	2593	123	31285	1.77	1.278e-02	4.634e-01	Y	LOC120032458,LOC120032980,LOC120033438,LOC120033459,LOC120035059,LOC120036493,LOC120041968,LOC120044547,LOC120046320,LOC120048664,LOC120048804,LOC120049497,LOC120049759,LOC120055596,LOC120062766,LOC120062892,LOC120063847,ccr9a
GO:0047429	nucleoside triphosphate diphosphatase activity	molecular_function	4	2593	12	31285	4.02	1.356e-02	4.844e-01		LOC120034051,LOC120036331,LOC120053044,asmtl
GO:0050731	positive regulation of peptidyl-tyrosine phosphorylation	biological_process	7	2593	32	31285	2.64	1.417e-02	4.934e-01		LOC120034797,LOC120040917,LOC120042248,LOC120059053,LOC120059075,fgf7,ptprc
GO:0004175	endopeptidase activity	molecular_function	61	2593	556	31285	1.32	1.519e-02	4.934e-01		LOC120017348,LOC120017364,LOC120019724,LOC120020727,LOC120020733,LOC120021373,LOC120023029,LOC120024700,LOC120024764,LOC120024924,LOC120025049,LOC120025078,LOC120026428,LOC120028920,LOC120029034,LOC120029094,LOC120030664,LOC120031510,LOC120031980,LOC120032435,LOC120032786,LOC120032926,LOC120032927,LOC120034415,LOC120035894
GO:0008195	phosphatidate phosphatase activity	molecular_function	8	2593	40	31285	2.41	1.541e-02	4.934e-01		LOC120023754,LOC120028030,LOC120033554,LOC120038717,LOC120040861,LOC120050811,LOC120056288,plppr2b
GO:0005335	serotonin:sodium:chloride symporter activity	molecular_function	3	2593	7	31285	5.17	1.543e-02	4.934e-01		LOC120028812,LOC120045871,LOC120050593
GO:1990756	ubiquitin-like ligase-substrate adaptor activity	molecular_function	3	2593	7	31285	5.17	1.543e-02	4.934e-01		LOC120025972,LOC120065840,arrdc1b
GO:0140767	enzyme-substrate adaptor activity	molecular_function	3	2593	7	31285	5.17	1.543e-02	4.934e-01		LOC120025972,LOC120065840,arrdc1b
GO:0043331	response to dsRNA	biological_process	3	2593	7	31285	5.17	1.543e-02	4.934e-01		LOC120033879,LOC120041381,LOC120044472
GO:0043330	response to exogenous dsRNA	biological_process	3	2593	7	31285	5.17	1.543e-02	4.934e-01		LOC120033879,LOC120041381,LOC120044472
GO:0006839	mitochondrial transport	biological_process	14	2593	90	31285	1.88	1.596e-02	5.014e-01		LOC120032888,LOC120033623,LOC120034492,LOC120034543,LOC120034793,LOC120036195,LOC120037234,LOC120045684,LOC120046343,LOC120047757,LOC120048765,LOC120050536,LOC120058342,LOC120061152
GO:0008171	O-methyltransferase activity	molecular_function	7	2593	33	31285	2.56	1.673e-02	5.014e-01		LOC120017754,LOC120019684,LOC120029324,LOC120034407,LOC120036321,asmtl,comtb
GO:0004950	chemokine receptor activity	molecular_function	7	2593	33	31285	2.56	1.673e-02	5.014e-01		LOC120032980,LOC120033438,LOC120041968,LOC120048664,LOC120055596,LOC120063847,ccr9a
GO:0001637	G protein-coupled chemoattractant receptor activity	molecular_function	7	2593	33	31285	2.56	1.673e-02	5.014e-01		LOC120032980,LOC120033438,LOC120041968,LOC120048664,LOC120055596,LOC120063847,ccr9a
GO:0008270	zinc ion binding	molecular_function	120	2593	1197	31285	1.21	1.689e-02	5.014e-01		LOC120017364,LOC120018802,LOC120021204,LOC120021394,LOC120021774,LOC120022160,LOC120022441,LOC120022572,LOC120024777,LOC120025078,LOC120026151,LOC120027037,LOC120027057,LOC120027918,LOC120027929,LOC120028831,LOC120029094,LOC120029153,LOC120029395,LOC120029979,LOC120030057,LOC120030291,LOC120031752,LOC120032037,LOC120032113
GO:0002020	protease binding	molecular_function	5	2593	19	31285	3.18	1.692e-02	5.014e-01		LOC120030879,LOC120030881,LOC120041558,LOC120049327,LOC120050048
GO:0005921	gap junction	cellular_component	10	2593	58	31285	2.08	1.992e-02	5.763e-01		LOC120022007,LOC120023504,LOC120024224,LOC120034378,LOC120038353,LOC120045384,LOC120047357,LOC120059769,gja9a,gjc2
GO:0005922	connexin complex	cellular_component	10	2593	58	31285	2.08	1.992e-02	5.763e-01		LOC120022007,LOC120023504,LOC120024224,LOC120034378,LOC120038353,LOC120045384,LOC120047357,LOC120059769,gja9a,gjc2
GO:0055002	striated muscle cell development	biological_process	9	2593	50	31285	2.17	2.043e-02	5.839e-01	Y	LOC120030952,LOC120040389,LOC120048421,LOC120049116,LOC120052905,LOC120056805,csrp2,csrp3,tnnt2c
GO:1903706	regulation of hemopoiesis	biological_process	5	2593	20	31285	3.02	2.106e-02	5.949e-01		LOC120032389,LOC120053888,si:ch211-243a20.4,si:dkey-11p23.7,siglec15l
GO:0005212	structural constituent of eye lens	molecular_function	10	2593	59	31285	2.04	2.226e-02	6.218e-01		LOC120030837,LOC120032724,LOC120045822,LOC120047441,LOC120050551,LOC120050580,LOC120050584,LOC120051753,LOC120057916,zgc:153846
GO:0006109	regulation of carbohydrate metabolic process	biological_process	7	2593	35	31285	2.41	2.280e-02	6.297e-01		LOC120028326,LOC120029981,LOC120045648,LOC120046754,LOC120049359,LOC120057282,gid4
GO:0006335	DNA replication-dependent chromatin assembly	biological_process	3	2593	8	31285	4.52	2.318e-02	6.330e-01		LOC120019140,LOC120019149,LOC120052647
GO:0015095	magnesium ion transmembrane transporter activity	molecular_function	4	2593	14	31285	3.45	2.399e-02	6.430e-01		LOC120032870,LOC120038879,LOC120044422,LOC120048837
GO:0070286	axonemal dynein complex assembly	biological_process	5	2593	21	31285	2.87	2.580e-02	6.430e-01		LOC120040161,LOC120044085,LOC120058709,ccdc39,odad3
GO:0034612	response to tumor necrosis factor	biological_process	9	2593	52	31285	2.09	2.587e-02	6.430e-01		LOC120021774,LOC120024931,LOC120033051,LOC120034187,LOC120040917,LOC120042248,LOC120042872,LOC120055680,traf6
GO:0071356	cellular response to tumor necrosis factor	biological_process	9	2593	52	31285	2.09	2.587e-02	6.430e-01		LOC120021774,LOC120024931,LOC120033051,LOC120034187,LOC120040917,LOC120042248,LOC120042872,LOC120055680,traf6
GO:0051146	striated muscle cell differentiation	biological_process	9	2593	52	31285	2.09	2.587e-02	6.430e-01	Y	LOC120030952,LOC120040389,LOC120048421,LOC120049116,LOC120052905,LOC120056805,csrp2,csrp3,tnnt2c
GO:0046914	transition metal ion binding	molecular_function	145	2593	1498	31285	1.17	2.729e-02	6.430e-01		LOC120017364,LOC120018802,LOC120021204,LOC120021394,LOC120021774,LOC120022160,LOC120022441,LOC120022572,LOC120024777,LOC120025078,LOC120026151,LOC120027037,LOC120027057,LOC120027918,LOC120027929,LOC120028089,LOC120028831,LOC120029094,LOC120029153,LOC120029395,LOC120029796,LOC120029979,LOC120030057,LOC120030291,LOC120031504
GO:0043010	camera-type eye development	biological_process	11	2593	70	31285	1.9	2.851e-02	6.430e-01		LOC120018062,LOC120032708,LOC120032724,LOC120045822,LOC120047441,LOC120050551,LOC120050580,LOC120050584,LOC120051753,LOC120057916,zgc:153846
GO:0042594	response to starvation	biological_process	12	2593	79	31285	1.83	2.898e-02	6.430e-01		LOC120028089,LOC120031083,LOC120031328,LOC120032502,LOC120048704,LOC120051050,LOC120062348,LOC120063839,cartl,map1lc3a,pck1,rragca
GO:0070988	demethylation	biological_process	6	2593	29	31285	2.5	2.919e-02	6.430e-01		LOC120031903,LOC120034494,LOC120050080,LOC120061008,LOC120063180,LOC120063786
GO:0050953	sensory perception of light stimulus	biological_process	17	2593	125	31285	1.64	2.922e-02	6.430e-01		LOC120031912,LOC120032724,LOC120033198,LOC120033765,LOC120044727,LOC120045822,LOC120047441,LOC120050551,LOC120051753,LOC120053171,LOC120057916,LOC120062145,LOC120065317,LOC120066949,pde6gb,rrh,zgc:153846
GO:0018195	peptidyl-arginine modification	biological_process	4	2593	15	31285	3.22	3.062e-02	6.430e-01		LOC120017684,LOC120034490,LOC120034541,prmt5
GO:0018216	peptidyl-arginine methylation	biological_process	4	2593	15	31285	3.22	3.062e-02	6.430e-01		LOC120017684,LOC120034490,LOC120034541,prmt5
GO:1900076	regulation of cellular response to insulin stimulus	biological_process	4	2593	15	31285	3.22	3.062e-02	6.430e-01		LOC120018300,LOC120022070,LOC120028326,bglapl
GO:0030120	vesicle coat	cellular_component	15	2593	107	31285	1.69	3.069e-02	6.430e-01		LOC120017770,LOC120021970,LOC120022351,LOC120032359,LOC120032511,LOC120045713,LOC120047717,LOC120047812,LOC120048691,LOC120049249,LOC120052902,LOC120060897,LOC120062271,ap1s1,sar1aa
GO:0042287	MHC protein binding	molecular_function	5	2593	22	31285	2.74	3.117e-02	6.430e-01		LOC120019104,LOC120036644,LOC120047732,LOC120048594,cd74a
GO:0043255	regulation of carbohydrate biosynthetic process	biological_process	5	2593	22	31285	2.74	3.117e-02	6.430e-01		LOC120028326,LOC120029981,LOC120045648,LOC120046754,gid4
GO:0032452	histone demethylase activity	molecular_function	9	2593	54	31285	2.01	3.228e-02	6.430e-01		LOC120024164,LOC120031903,LOC120034494,LOC120036526,LOC120039236,LOC120050080,LOC120061008,LOC120063180,LOC120063786
GO:0140457	protein demethylase activity	molecular_function	9	2593	54	31285	2.01	3.228e-02	6.430e-01		LOC120024164,LOC120031903,LOC120034494,LOC120036526,LOC120039236,LOC120050080,LOC120061008,LOC120063180,LOC120063786
GO:0006954	inflammatory response	biological_process	21	2593	165	31285	1.54	3.237e-02	6.430e-01	Y	LOC120024931,LOC120032980,LOC120034275,LOC120035059,LOC120037605,LOC120040917,LOC120041248,LOC120042248,LOC120042337,LOC120045788,LOC120048664,LOC120049497,LOC120049759,LOC120049780,LOC120051325,LOC120055680,LOC120057064,LOC120062766,LOC120062892,LOC120063433,LOC120065371
GO:0019896	axonal transport of mitochondrion	biological_process	3	2593	9	31285	4.02	3.267e-02	6.430e-01		LOC120032514,LOC120047537,trak1a
GO:0009749	response to glucose	biological_process	3	2593	9	31285	4.02	3.267e-02	6.430e-01		LOC120028089,LOC120051050,pck1
GO:0050829	defense response to Gram-negative bacterium	biological_process	3	2593	9	31285	4.02	3.267e-02	6.430e-01		LOC120026096,LOC120059053,LOC120059075
GO:0030890	positive regulation of B cell proliferation	biological_process	3	2593	9	31285	4.02	3.267e-02	6.430e-01		LOC120040917,LOC120042248,LOC120051110
GO:0170036	import into the mitochondrion	biological_process	8	2593	46	31285	2.1	3.373e-02	6.430e-01		LOC120032888,LOC120033623,LOC120036195,LOC120045684,LOC120046343,LOC120048765,LOC120050536,LOC120061152
GO:0030131	clathrin adaptor complex	cellular_component	8	2593	46	31285	2.1	3.373e-02	6.430e-01		LOC120017770,LOC120025169,LOC120032511,LOC120045713,LOC120047812,ap1m2,ap1s1,ap2b1
GO:0045505	dynein intermediate chain binding	molecular_function	8	2593	46	31285	2.1	3.373e-02	6.430e-01		LOC120031836,LOC120033767,LOC120044085,LOC120044461,LOC120055533,dnah2,dynll2a,dynlt5
GO:0030239	myofibril assembly	biological_process	8	2593	46	31285	2.1	3.373e-02	6.430e-01		LOC120030952,LOC120048421,LOC120049116,LOC120052905,LOC120056805,csrp2,csrp3,tnnt2c
GO:0009894	regulation of catabolic process	biological_process	41	2593	369	31285	1.34	3.384e-02	6.430e-01		LOC120019548,LOC120020140,LOC120022442,LOC120024073,LOC120024099,LOC120026950,LOC120032389,LOC120032502,LOC120035140,LOC120041558,LOC120042708,LOC120044003,LOC120044165,LOC120046317,LOC120046454,LOC120047114,LOC120048342,LOC120049327,LOC120049359,LOC120049662,LOC120050364,LOC120051453,LOC120051919,LOC120053128,LOC120058484
GO:0042742	defense response to bacterium	biological_process	7	2593	38	31285	2.22	3.451e-02	6.430e-01		LOC120026096,LOC120031263,LOC120039311,LOC120046335,LOC120059053,LOC120059075,LOC120059824
GO:0042221	response to chemical	biological_process	95	2593	954	31285	1.2	3.542e-02	6.430e-01		LOC120019104,LOC120021774,LOC120022070,LOC120022426,LOC120023487,LOC120023737,LOC120023754,LOC120024702,LOC120024769,LOC120024931,LOC120027037,LOC120027678,LOC120027902,LOC120028030,LOC120028089,LOC120028813,LOC120030016,LOC120031421,LOC120031595,LOC120032458,LOC120032502,LOC120032623,LOC120032885,LOC120032980,LOC120033051
GO:0030276	clathrin binding	molecular_function	14	2593	100	31285	1.69	3.631e-02	6.430e-01		LOC120017480,LOC120017770,LOC120022351,LOC120025169,LOC120032511,LOC120034026,LOC120042932,LOC120046752,LOC120048691,LOC120049373,LOC120049375,LOC120052902,LOC120056443,ap2b1
GO:0004984	olfactory receptor activity	molecular_function	5	2593	23	31285	2.62	3.719e-02	6.430e-01		LOC120018585,LOC120018595,LOC120018605,LOC120029213,LOC120035319
GO:0008535	respiratory chain complex IV assembly	biological_process	5	2593	23	31285	2.62	3.719e-02	6.430e-01		LOC120021140,LOC120029935,LOC120032222,LOC120034242,LOC120050045
GO:0002702	positive regulation of production of molecular mediator of immune response	biological_process	5	2593	23	31285	2.62	3.719e-02	6.430e-01	Y	LOC120040917,LOC120042248,LOC120049292,LOC120059053,LOC120059075
GO:0030136	clathrin-coated vesicle	cellular_component	15	2593	110	31285	1.65	3.803e-02	6.430e-01		LOC120017770,LOC120021970,LOC120022351,LOC120032511,LOC120045713,LOC120045843,LOC120047717,LOC120047812,LOC120048677,LOC120048691,LOC120052902,LOC120060897,ap1m2,ap1s1,cracr2b
GO:0070672	response to interleukin-15	biological_process	4	2593	16	31285	3.02	3.822e-02	6.430e-01		LOC120019104,LOC120036644,LOC120047732,LOC120048594
GO:0035723	interleukin-15-mediated signaling pathway	biological_process	4	2593	16	31285	3.02	3.822e-02	6.430e-01		LOC120019104,LOC120036644,LOC120047732,LOC120048594
GO:0071350	cellular response to interleukin-15	biological_process	4	2593	16	31285	3.02	3.822e-02	6.430e-01		LOC120019104,LOC120036644,LOC120047732,LOC120048594
GO:0050830	defense response to Gram-positive bacterium	biological_process	4	2593	16	31285	3.02	3.822e-02	6.430e-01		LOC120026096,LOC120046335,LOC120059053,LOC120059075
GO:0043067	regulation of programmed cell death	biological_process	47	2593	436	31285	1.3	3.871e-02	6.430e-01		LOC120018251,LOC120019677,LOC120021774,LOC120022305,LOC120025030,LOC120026854,LOC120027487,LOC120029034,LOC120031325,LOC120032522,LOC120032768,LOC120032971,LOC120033051,LOC120034162,LOC120034173,LOC120034479,LOC120034657,LOC120034795,LOC120036106,LOC120036887,LOC120037031,LOC120037032,LOC120040917,LOC120041248,LOC120042248
GO:0030117	membrane coat	cellular_component	18	2593	139	31285	1.56	3.892e-02	6.430e-01		LOC120017770,LOC120021970,LOC120022351,LOC120025169,LOC120032359,LOC120032511,LOC120045713,LOC120047717,LOC120047812,LOC120048691,LOC120049249,LOC120052902,LOC120060897,LOC120062271,ap1m2,ap1s1,ap2b1,sar1aa
GO:0048475	coated membrane	cellular_component	18	2593	139	31285	1.56	3.892e-02	6.430e-01		LOC120017770,LOC120021970,LOC120022351,LOC120025169,LOC120032359,LOC120032511,LOC120045713,LOC120047717,LOC120047812,LOC120048691,LOC120049249,LOC120052902,LOC120060897,LOC120062271,ap1m2,ap1s1,ap2b1,sar1aa
GO:0071902	positive regulation of protein serine/threonine kinase activity	biological_process	7	2593	39	31285	2.17	3.915e-02	6.430e-01		LOC120032502,LOC120032526,LOC120032527,LOC120032684,LOC120033559,LOC120034531,cdk5r2a
GO:0006805	xenobiotic metabolic process	biological_process	6	2593	31	31285	2.34	3.931e-02	6.430e-01		LOC120032885,LOC120040610,LOC120044841,LOC120052641,LOC120053661,LOC120056044
GO:0071466	cellular response to xenobiotic stimulus	biological_process	6	2593	31	31285	2.34	3.931e-02	6.430e-01		LOC120032885,LOC120040610,LOC120044841,LOC120052641,LOC120053661,LOC120056044
GO:0009410	response to xenobiotic stimulus	biological_process	6	2593	31	31285	2.34	3.931e-02	6.430e-01		LOC120032885,LOC120040610,LOC120044841,LOC120052641,LOC120053661,LOC120056044
GO:0007601	visual perception	biological_process	16	2593	120	31285	1.61	3.941e-02	6.430e-01		LOC120031912,LOC120032724,LOC120033198,LOC120033765,LOC120045822,LOC120047441,LOC120050551,LOC120051753,LOC120053171,LOC120057916,LOC120062145,LOC120065317,LOC120066949,pde6gb,rrh,zgc:153846
GO:0050730	regulation of peptidyl-tyrosine phosphorylation	biological_process	9	2593	56	31285	1.94	3.970e-02	6.430e-01		LOC120034797,LOC120040917,LOC120042248,LOC120048766,LOC120059053,LOC120059075,fgf7,ptprc,sh3bp5lb
GO:0031401	positive regulation of protein modification process	biological_process	28	2593	239	31285	1.41	4.003e-02	6.430e-01		LOC120020583,LOC120032191,LOC120032502,LOC120032526,LOC120032527,LOC120032684,LOC120032924,LOC120033262,LOC120033559,LOC120034531,LOC120034797,LOC120035390,LOC120040917,LOC120042248,LOC120049360,LOC120049662,LOC120053888,LOC120059053,LOC120059075,LOC120061462,LOC120063117,bora,cdk5r2a,dcun1d1,fgf7
GO:1990542	mitochondrial transmembrane transport	biological_process	10	2593	65	31285	1.86	4.061e-02	6.430e-01		LOC120032888,LOC120033623,LOC120034793,LOC120036195,LOC120045684,LOC120046343,LOC120047757,LOC120048765,LOC120050536,LOC120061152
GO:0005126	cytokine receptor binding	molecular_function	23	2593	189	31285	1.47	4.078e-02	6.430e-01		LOC120021774,LOC120023224,LOC120024931,LOC120028377,LOC120033051,LOC120033879,LOC120034797,LOC120037605,LOC120040823,LOC120041379,LOC120041381,LOC120044239,LOC120044472,LOC120047582,LOC120047583,LOC120053888,LOC120055680,LOC120055743,LOC120061462,LOC120062709,LOC120063433,si:ch211-158d24.4,traf6
GO:0031667	response to nutrient levels	biological_process	14	2593	102	31285	1.66	4.196e-02	6.430e-01		LOC120028089,LOC120031083,LOC120031328,LOC120032502,LOC120048269,LOC120048704,LOC120051050,LOC120062348,LOC120063839,bglapl,cartl,map1lc3a,pck1,rragca
GO:0001750	photoreceptor outer segment	cellular_component	8	2593	48	31285	2.01	4.220e-02	6.430e-01		LOC120031912,LOC120033198,LOC120033765,LOC120053171,LOC120061057,LOC120065317,pde6gb,rrh
GO:0010927	cellular component assembly involved in morphogenesis	biological_process	8	2593	48	31285	2.01	4.220e-02	6.430e-01		LOC120030952,LOC120048421,LOC120049116,LOC120052905,LOC120056805,csrp2,csrp3,tnnt2c
GO:0032989	cellular anatomical entity morphogenesis	biological_process	8	2593	48	31285	2.01	4.220e-02	6.430e-01		LOC120030952,LOC120048421,LOC120049116,LOC120052905,LOC120056805,csrp2,csrp3,tnnt2c
GO:0001934	positive regulation of protein phosphorylation	biological_process	24	2593	200	31285	1.45	4.284e-02	6.430e-01		LOC120032502,LOC120032526,LOC120032527,LOC120032684,LOC120032924,LOC120033262,LOC120033559,LOC120034531,LOC120034797,LOC120035390,LOC120040917,LOC120042248,LOC120049360,LOC120049662,LOC120053888,LOC120059053,LOC120059075,LOC120061462,LOC120063117,bora,cdk5r2a,fgf7,ptprc,sh2d3a
GO:0008504	monoamine transmembrane transporter activity	molecular_function	3	2593	10	31285	3.62	4.385e-02	6.430e-01		LOC120028812,LOC120045871,LOC120050593
GO:0055056	D-glucose transmembrane transporter activity	molecular_function	3	2593	10	31285	3.62	4.385e-02	6.430e-01		LOC120041002,LOC120041070,LOC120050825
GO:0005412	D-glucose:sodium symporter activity	molecular_function	3	2593	10	31285	3.62	4.385e-02	6.430e-01		LOC120041002,LOC120041070,LOC120050825
GO:0047497	mitochondrion transport along microtubule	biological_process	3	2593	10	31285	3.62	4.385e-02	6.430e-01	Y	LOC120032514,LOC120047537,trak1a
GO:0051654	establishment of mitochondrion localization	biological_process	3	2593	10	31285	3.62	4.385e-02	6.430e-01		LOC120032514,LOC120047537,trak1a
GO:0034643	establishment of mitochondrion localization, microtubule-mediated	biological_process	3	2593	10	31285	3.62	4.385e-02	6.430e-01		LOC120032514,LOC120047537,trak1a
GO:0009746	response to hexose	biological_process	3	2593	10	31285	3.62	4.385e-02	6.430e-01		LOC120028089,LOC120051050,pck1
GO:0009743	response to carbohydrate	biological_process	3	2593	10	31285	3.62	4.385e-02	6.430e-01		LOC120028089,LOC120051050,pck1
GO:0034284	response to monosaccharide	biological_process	3	2593	10	31285	3.62	4.385e-02	6.430e-01		LOC120028089,LOC120051050,pck1
GO:0089701	U2AF complex	cellular_component	3	2593	10	31285	3.62	4.385e-02	6.430e-01		LOC120022349,LOC120034312,LOC120051539
GO:1905286	serine-type peptidase complex	cellular_component	3	2593	10	31285	3.62	4.385e-02	6.430e-01		LOC120034949,LOC120056966,spcs2
GO:1905370	serine-type endopeptidase complex	cellular_component	3	2593	10	31285	3.62	4.385e-02	6.430e-01		LOC120034949,LOC120056966,spcs2
GO:0030172	troponin C binding	molecular_function	3	2593	10	31285	3.62	4.385e-02	6.430e-01		LOC120049116,LOC120056805,tnnt2c
GO:0031013	troponin I binding	molecular_function	3	2593	10	31285	3.62	4.385e-02	6.430e-01		LOC120049116,LOC120056805,tnnt2c
GO:0001784	phosphotyrosine residue binding	molecular_function	5	2593	24	31285	2.51	4.388e-02	6.430e-01		LOC120024952,LOC120033543,LOC120048766,LOC120063117,sh2d3a
GO:0002430	complement receptor mediated signaling pathway	biological_process	5	2593	24	31285	2.51	4.388e-02	6.430e-01	Y	LOC120035059,LOC120049497,LOC120049759,LOC120062766,LOC120062892
GO:0004875	complement receptor activity	molecular_function	5	2593	24	31285	2.51	4.388e-02	6.430e-01	Y	LOC120035059,LOC120049497,LOC120049759,LOC120062766,LOC120062892
GO:0002700	regulation of production of molecular mediator of immune response	biological_process	5	2593	24	31285	2.51	4.388e-02	6.430e-01	Y	LOC120040917,LOC120042248,LOC120049292,LOC120059053,LOC120059075
GO:0097730	non-motile cilium	cellular_component	10	2593	66	31285	1.83	4.444e-02	6.430e-01		LOC120031912,LOC120032794,LOC120033198,LOC120033765,LOC120053171,LOC120061057,LOC120065317,pde6gb,rrh,wdr35
GO:0030705	cytoskeleton-dependent intracellular transport	biological_process	21	2593	171	31285	1.48	4.503e-02	6.430e-01		LOC120019826,LOC120023616,LOC120024699,LOC120032491,LOC120032514,LOC120035100,LOC120041882,LOC120042376,LOC120046349,LOC120047270,LOC120047537,LOC120049662,LOC120060166,cep131,kif28,myo1ha,myo5aa,ndel1b,si:ch211-243a20.3,trak1a,wdr35
GO:0070555	response to interleukin-1	biological_process	6	2593	32	31285	2.26	4.511e-02	6.430e-01		LOC120024931,LOC120027902,LOC120040917,LOC120042248,LOC120055680,traf6
GO:0016779	nucleotidyltransferase activity	molecular_function	17	2593	132	31285	1.55	4.579e-02	6.430e-01		LOC120021537,LOC120031774,LOC120034662,LOC120034669,LOC120035151,LOC120036753,LOC120046032,LOC120046600,LOC120047114,LOC120050024,LOC120052642,LOC120054763,LOC120057283,polr2h,terfa,trnt1,tut1
GO:0042981	regulation of apoptotic process	biological_process	46	2593	431	31285	1.29	4.652e-02	6.430e-01		LOC120018251,LOC120019677,LOC120021774,LOC120022305,LOC120025030,LOC120026854,LOC120027487,LOC120029034,LOC120031325,LOC120032522,LOC120032768,LOC120032971,LOC120033051,LOC120034162,LOC120034173,LOC120034479,LOC120034657,LOC120034795,LOC120036106,LOC120036887,LOC120037031,LOC120037032,LOC120040917,LOC120041248,LOC120042248
GO:0031966	mitochondrial membrane	cellular_component	41	2593	378	31285	1.31	4.666e-02	6.430e-01		LOC120018287,LOC120018326,LOC120020727,LOC120021832,LOC120022305,LOC120023754,LOC120028564,LOC120029323,LOC120032827,LOC120032888,LOC120033623,LOC120034479,LOC120034492,LOC120034531,LOC120034543,LOC120034793,LOC120035602,LOC120036195,LOC120037234,LOC120041311,LOC120041975,LOC120044541,LOC120045684,LOC120046306,LOC120046331
GO:2000344	positive regulation of acrosome reaction	biological_process	4	2593	17	31285	2.84	4.679e-02	6.430e-01		LOC120032709,LOC120041593,LOC120055371,LOC120058090
GO:0035803	egg coat formation	biological_process	4	2593	17	31285	2.84	4.679e-02	6.430e-01		LOC120032709,LOC120041593,LOC120055371,LOC120058090
GO:0060046	regulation of acrosome reaction	biological_process	4	2593	17	31285	2.84	4.679e-02	6.430e-01		LOC120032709,LOC120041593,LOC120055371,LOC120058090
GO:0004623	A2-type glycerophospholipase activity	molecular_function	4	2593	17	31285	2.84	4.679e-02	6.430e-01		LOC120032954,LOC120046036,LOC120047943,LOC120062432
GO:0043410	positive regulation of MAPK cascade	biological_process	21	2593	172	31285	1.47	4.745e-02	6.430e-01		LOC120019104,LOC120021774,LOC120024931,LOC120031803,LOC120032005,LOC120032526,LOC120032527,LOC120032684,LOC120033051,LOC120033559,LOC120035187,LOC120036644,LOC120042872,LOC120047302,LOC120047732,LOC120048230,LOC120048594,LOC120048704,LOC120055680,cartl,traf6
GO:0006631	fatty acid metabolic process	biological_process	26	2593	223	31285	1.41	4.873e-02	6.430e-01	Y	LOC120020725,LOC120023754,LOC120024269,LOC120024592,LOC120024893,LOC120028030,LOC120028089,LOC120029925,LOC120032048,LOC120033335,LOC120033928,LOC120035040,LOC120035101,LOC120035180,LOC120039976,LOC120041848,LOC120041865,LOC120046331,LOC120049318,LOC120051050,LOC120051743,LOC120053880,LOC120053968,acsl1a,elovl6
GO:0035770	ribonucleoprotein granule	cellular_component	26	2593	223	31285	1.41	4.873e-02	6.430e-01		LOC120019548,LOC120020140,LOC120022349,LOC120022442,LOC120024859,LOC120026950,LOC120030140,LOC120032798,LOC120033139,LOC120034312,LOC120044165,LOC120044542,LOC120046454,LOC120046489,LOC120049662,LOC120049663,LOC120050036,LOC120050082,LOC120051407,LOC120052681,LOC120061449,LOC120065315,LOC120065617,LOC120066515,eif4a2
GO:0001676	long-chain fatty acid metabolic process	biological_process	7	2593	41	31285	2.06	4.963e-02	6.430e-01	Y	LOC120029925,LOC120032048,LOC120033335,LOC120035040,LOC120035180,LOC120039976,acsl1a
GO:0019953	sexual reproduction	biological_process	27	2593	234	31285	1.39	5.043e-02	6.430e-01		LOC120024223,LOC120024827,LOC120026988,LOC120027918,LOC120027929,LOC120028892,LOC120032709,LOC120036138,LOC120036166,LOC120041593,LOC120044003,LOC120047331,LOC120047536,LOC120050044,LOC120051397,LOC120051407,LOC120052221,LOC120053973,LOC120055371,LOC120058090,LOC120061992,eme1,ercc1,fancd2,spata6l
GO:0043171	peptide catabolic process	biological_process	5	2593	25	31285	2.41	5.123e-02	6.430e-01		LOC120032113,LOC120032506,LOC120039298,LOC120066645,anpepb
GO:1901663	quinone biosynthetic process	biological_process	5	2593	25	31285	2.41	5.123e-02	6.430e-01		LOC120018326,LOC120028564,LOC120058341,coq6,pdss2
GO:0006743	ubiquinone metabolic process	biological_process	5	2593	25	31285	2.41	5.123e-02	6.430e-01		LOC120018326,LOC120028564,LOC120058341,coq6,pdss2
GO:0006744	ubiquinone biosynthetic process	biological_process	5	2593	25	31285	2.41	5.123e-02	6.430e-01		LOC120018326,LOC120028564,LOC120058341,coq6,pdss2
GO:1901661	quinone metabolic process	biological_process	5	2593	25	31285	2.41	5.123e-02	6.430e-01		LOC120018326,LOC120028564,LOC120058341,coq6,pdss2
GO:0043489	RNA stabilization	biological_process	5	2593	25	31285	2.41	5.123e-02	6.430e-01		LOC120024099,LOC120044003,LOC120047114,angel2,zcchc17
GO:0032190	acrosin binding	molecular_function	5	2593	25	31285	2.41	5.123e-02	6.430e-01		LOC120032709,LOC120041593,LOC120053973,LOC120055371,LOC120058090
GO:0007339	binding of sperm to zona pellucida	biological_process	5	2593	25	31285	2.41	5.123e-02	6.430e-01		LOC120032709,LOC120041593,LOC120053973,LOC120055371,LOC120058090
GO:0033209	tumor necrosis factor-mediated signaling pathway	biological_process	5	2593	25	31285	2.41	5.123e-02	6.430e-01		LOC120021774,LOC120033051,LOC120034187,LOC120042872,traf6
GO:0008053	mitochondrial fusion	biological_process	6	2593	33	31285	2.19	5.142e-02	6.430e-01		LOC120022305,LOC120022368,LOC120034479,LOC120035851,LOC120043622,mcl1b
GO:0042577	lipid phosphatase activity	molecular_function	8	2593	50	31285	1.93	5.196e-02	6.430e-01	Y	LOC120023754,LOC120028030,LOC120033554,LOC120038717,LOC120040861,LOC120050811,LOC120056288,plppr2b
GO:0005684	U2-type spliceosomal complex	cellular_component	10	2593	68	31285	1.77	5.284e-02	6.430e-01		LOC120022349,LOC120032524,LOC120032907,LOC120032915,LOC120033550,LOC120034312,LOC120048196,LOC120058340,LOC120062436,ccdc12
GO:0004896	cytokine receptor activity	molecular_function	13	2593	96	31285	1.63	5.335e-02	6.430e-01		LOC120032458,LOC120032980,LOC120033438,LOC120033459,LOC120036493,LOC120041968,LOC120044547,LOC120046320,LOC120048664,LOC120048804,LOC120055596,LOC120063847,ccr9a
GO:0006508	proteolysis	biological_process	58	2593	565	31285	1.24	5.347e-02	6.430e-01		LOC120017348,LOC120017364,LOC120019724,LOC120024700,LOC120025049,LOC120025078,LOC120028813,LOC120028920,LOC120029034,LOC120029094,LOC120030664,LOC120031510,LOC120032113,LOC120032435,LOC120032506,LOC120032786,LOC120032886,LOC120032926,LOC120032927,LOC120035894,LOC120036120,LOC120037787,LOC120037855,LOC120038018,LOC120038521
GO:0000978	RNA polymerase II cis-regulatory region sequence-specific DNA binding	molecular_function	174	2593	1867	31285	1.12	5.397e-02	6.430e-01		LOC120018783,LOC120019154,LOC120019250,LOC120019486,LOC120019509,LOC120020050,LOC120020561,LOC120020564,LOC120020565,LOC120020710,LOC120021795,LOC120022727,LOC120022857,LOC120023046,LOC120025338,LOC120025342,LOC120025929,LOC120026442,LOC120026859,LOC120027037,LOC120027231,LOC120028617,LOC120030659,LOC120031153,LOC120031239
GO:0050865	regulation of cell activation	biological_process	14	2593	106	31285	1.59	5.506e-02	6.430e-01		LOC120022426,LOC120027678,LOC120034797,LOC120035113,LOC120036644,LOC120040917,LOC120042248,LOC120043750,LOC120049292,LOC120051110,LOC120058342,LOC120059053,LOC120059075,si:ch211-243a20.4
GO:0002694	regulation of leukocyte activation	biological_process	14	2593	106	31285	1.59	5.506e-02	6.430e-01		LOC120022426,LOC120027678,LOC120034797,LOC120035113,LOC120036644,LOC120040917,LOC120042248,LOC120043750,LOC120049292,LOC120051110,LOC120058342,LOC120059053,LOC120059075,si:ch211-243a20.4
GO:0050671	positive regulation of lymphocyte proliferation	biological_process	7	2593	42	31285	2.01	5.547e-02	6.430e-01		LOC120022426,LOC120027678,LOC120034797,LOC120036644,LOC120040917,LOC120042248,LOC120051110
GO:0070665	positive regulation of leukocyte proliferation	biological_process	7	2593	42	31285	2.01	5.547e-02	6.430e-01		LOC120022426,LOC120027678,LOC120034797,LOC120036644,LOC120040917,LOC120042248,LOC120051110
GO:0032946	positive regulation of mononuclear cell proliferation	biological_process	7	2593	42	31285	2.01	5.547e-02	6.430e-01		LOC120022426,LOC120027678,LOC120034797,LOC120036644,LOC120040917,LOC120042248,LOC120051110
GO:0030135	coated vesicle	cellular_component	25	2593	216	31285	1.4	5.626e-02	6.430e-01		LOC120017770,LOC120021970,LOC120022351,LOC120028889,LOC120032359,LOC120032511,LOC120040838,LOC120045713,LOC120045843,LOC120046457,LOC120047717,LOC120047812,LOC120048677,LOC120048691,LOC120049249,LOC120049409,LOC120052902,LOC120060897,LOC120062271,LOC120062523,ap1m2,ap1s1,cracr2b,lman1,sar1aa
GO:0051240	positive regulation of multicellular organismal process	biological_process	33	2593	299	31285	1.33	5.631e-02	6.430e-01		LOC120018777,LOC120022426,LOC120024881,LOC120025342,LOC120026236,LOC120027678,LOC120027902,LOC120032586,LOC120033111,LOC120033210,LOC120033233,LOC120034531,LOC120034797,LOC120036644,LOC120040412,LOC120040917,LOC120042248,LOC120043750,LOC120049071,LOC120049292,LOC120050049,LOC120051110,LOC120053888,LOC120055336,LOC120058342
GO:0030121	AP-1 adaptor complex	cellular_component	4	2593	18	31285	2.68	5.634e-02	6.430e-01		LOC120017770,LOC120032511,LOC120045713,ap1s1
GO:0033135	regulation of peptidyl-serine phosphorylation	biological_process	4	2593	18	31285	2.68	5.634e-02	6.430e-01		LOC120028326,LOC120061462,LOC120063117,sh2d3a
GO:0032107	regulation of response to nutrient levels	biological_process	3	2593	11	31285	3.29	5.667e-02	6.430e-01		LOC120037027,LOC120048704,cartl
GO:0001836	release of cytochrome c from mitochondria	biological_process	3	2593	11	31285	3.29	5.667e-02	6.430e-01		LOC120022305,LOC120034479,mcl1b
GO:0030628	pre-mRNA 3'-splice site binding	molecular_function	3	2593	11	31285	3.29	5.667e-02	6.430e-01		LOC120022349,LOC120034312,LOC120051539
GO:0045663	positive regulation of myoblast differentiation	biological_process	3	2593	11	31285	3.29	5.667e-02	6.430e-01		LOC120022634,LOC120031042,LOC120049376
GO:0062014	negative regulation of small molecule metabolic process	biological_process	3	2593	11	31285	3.29	5.667e-02	6.430e-01		LOC120046754,LOC120049359,gid4
GO:0043121	neurotrophin binding	molecular_function	3	2593	11	31285	3.29	5.667e-02	6.430e-01		LOC120034288,LOC120042766,LOC120053194
GO:0048008	platelet-derived growth factor receptor signaling pathway	biological_process	3	2593	11	31285	3.29	5.667e-02	6.430e-01	Y	LOC120032526,LOC120032527,LOC120054283
GO:0036158	outer dynein arm assembly	biological_process	3	2593	11	31285	3.29	5.667e-02	6.430e-01		LOC120044085,LOC120058709,odad3
GO:0051249	regulation of lymphocyte activation	biological_process	13	2593	97	31285	1.62	5.714e-02	6.430e-01		LOC120022426,LOC120027678,LOC120034797,LOC120035113,LOC120036644,LOC120040917,LOC120042248,LOC120043750,LOC120051110,LOC120058342,LOC120059053,LOC120059075,si:ch211-243a20.4
GO:0097733	photoreceptor cell cilium	cellular_component	8	2593	51	31285	1.89	5.734e-02	6.430e-01		LOC120031912,LOC120033198,LOC120033765,LOC120053171,LOC120061057,LOC120065317,pde6gb,rrh
GO:0005164	tumor necrosis factor receptor binding	molecular_function	8	2593	51	31285	1.89	5.734e-02	6.430e-01		LOC120021774,LOC120033051,LOC120040823,LOC120047582,LOC120047583,LOC120062709,si:ch211-158d24.4,traf6
GO:0055001	muscle cell development	biological_process	9	2593	60	31285	1.81	5.782e-02	6.430e-01	Y	LOC120030952,LOC120040389,LOC120048421,LOC120049116,LOC120052905,LOC120056805,csrp2,csrp3,tnnt2c
GO:0032451	demethylase activity	molecular_function	9	2593	60	31285	1.81	5.782e-02	6.430e-01		LOC120024164,LOC120031903,LOC120034494,LOC120036526,LOC120039236,LOC120050080,LOC120061008,LOC120063180,LOC120063786
GO:0006334	nucleosome assembly	biological_process	6	2593	34	31285	2.13	5.824e-02	6.430e-01		LOC120017900,LOC120021779,LOC120021806,LOC120037149,LOC120050135,LOC120059566
GO:0008233	peptidase activity	molecular_function	85	2593	866	31285	1.18	5.849e-02	6.430e-01		LOC120017348,LOC120017364,LOC120019724,LOC120020727,LOC120020733,LOC120021373,LOC120021394,LOC120023029,LOC120024700,LOC120024764,LOC120024924,LOC120025049,LOC120025078,LOC120026428,LOC120028578,LOC120028813,LOC120028920,LOC120029034,LOC120029094,LOC120029979,LOC120030664,LOC120031510,LOC120031980,LOC120032113,LOC120032435
GO:0009617	response to bacterium	biological_process	14	2593	107	31285	1.58	5.873e-02	6.430e-01		LOC120022426,LOC120026096,LOC120027678,LOC120030258,LOC120031263,LOC120036644,LOC120037605,LOC120039311,LOC120046335,LOC120049511,LOC120059053,LOC120059075,LOC120059824,LOC120063433
GO:0005740	mitochondrial envelope	cellular_component	44	2593	417	31285	1.27	5.873e-02	6.430e-01		LOC120018287,LOC120018326,LOC120020727,LOC120021140,LOC120021832,LOC120022305,LOC120023754,LOC120028564,LOC120029323,LOC120029935,LOC120032827,LOC120032888,LOC120033623,LOC120034479,LOC120034492,LOC120034531,LOC120034543,LOC120034793,LOC120035602,LOC120036195,LOC120037234,LOC120041311,LOC120041975,LOC120044541,LOC120045684
GO:0005743	mitochondrial inner membrane	cellular_component	25	2593	217	31285	1.39	5.878e-02	6.430e-01		LOC120018326,LOC120020727,LOC120021832,LOC120028564,LOC120033623,LOC120034492,LOC120034531,LOC120034543,LOC120035602,LOC120036195,LOC120045684,LOC120046306,LOC120046331,LOC120046343,LOC120046375,LOC120048837,LOC120049933,LOC120050081,LOC120050536,LOC120056966,LOC120058342,LOC120060717,LOC120061152,slc25a19,trap1
GO:1902369	negative regulation of RNA catabolic process	biological_process	5	2593	26	31285	2.32	5.927e-02	6.430e-01		LOC120024099,LOC120044003,LOC120047114,angel2,zcchc17
GO:0009988	cell-cell recognition	biological_process	5	2593	26	31285	2.32	5.927e-02	6.430e-01		LOC120032709,LOC120041593,LOC120053973,LOC120055371,LOC120058090
GO:0035036	sperm-egg recognition	biological_process	5	2593	26	31285	2.32	5.927e-02	6.430e-01		LOC120032709,LOC120041593,LOC120053973,LOC120055371,LOC120058090
GO:0005523	tropomyosin binding	molecular_function	5	2593	26	31285	2.32	5.927e-02	6.430e-01		LOC120048421,LOC120049116,LOC120052905,LOC120056805,tnnt2c
GO:0000146	microfilament motor activity	molecular_function	7	2593	43	31285	1.96	6.171e-02	6.577e-01		LOC120019826,LOC120024699,LOC120047270,LOC120052979,LOC120052988,myo1ha,myo5aa
GO:7770058	mitochondrial protein import pathway	biological_process	7	2593	43	31285	1.96	6.171e-02	6.577e-01		LOC120032888,LOC120034492,LOC120034543,LOC120036195,LOC120048765,LOC120058342,LOC120061152
GO:0019901	protein kinase binding	molecular_function	27	2593	239	31285	1.36	6.227e-02	6.577e-01		LOC120019104,LOC120024897,LOC120032522,LOC120032913,LOC120032941,LOC120033559,LOC120034740,LOC120034795,LOC120036644,LOC120044712,LOC120047732,LOC120048268,LOC120048594,LOC120048766,LOC120049962,LOC120049991,LOC120050008,LOC120051466,LOC120052143,LOC120063028,bora,cdk5r2a,cdkn2a/b,cdkn2d,fbxo7
GO:0097731	9+0 non-motile cilium	cellular_component	8	2593	52	31285	1.86	6.306e-02	6.577e-01		LOC120031912,LOC120033198,LOC120033765,LOC120053171,LOC120061057,LOC120065317,pde6gb,rrh
GO:0031047	regulatory ncRNA-mediated gene silencing	biological_process	8	2593	52	31285	1.86	6.306e-02	6.577e-01		LOC120018286,LOC120031391,LOC120036471,LOC120044165,LOC120048344,LOC120065617,LOC120066515,snd1
GO:0050670	regulation of lymphocyte proliferation	biological_process	9	2593	61	31285	1.78	6.306e-02	6.577e-01		LOC120022426,LOC120027678,LOC120034797,LOC120036644,LOC120040917,LOC120042248,LOC120051110,LOC120059053,LOC120059075
GO:0070663	regulation of leukocyte proliferation	biological_process	9	2593	61	31285	1.78	6.306e-02	6.577e-01		LOC120022426,LOC120027678,LOC120034797,LOC120036644,LOC120040917,LOC120042248,LOC120051110,LOC120059053,LOC120059075
GO:0032944	regulation of mononuclear cell proliferation	biological_process	9	2593	61	31285	1.78	6.306e-02	6.577e-01		LOC120022426,LOC120027678,LOC120034797,LOC120036644,LOC120040917,LOC120042248,LOC120051110,LOC120059053,LOC120059075
GO:0032813	tumor necrosis factor receptor superfamily binding	molecular_function	9	2593	61	31285	1.78	6.306e-02	6.577e-01		LOC120021774,LOC120033051,LOC120040823,LOC120047582,LOC120047583,LOC120061462,LOC120062709,si:ch211-158d24.4,traf6
GO:0000165	MAPK cascade	biological_process	6	2593	35	31285	2.07	6.557e-02	6.743e-01		LOC120017495,LOC120031096,LOC120032632,LOC120034212,LOC120059771,map3k12
GO:0017004	cytochrome complex assembly	biological_process	6	2593	35	31285	2.07	6.557e-02	6.743e-01		LOC120021140,LOC120029935,LOC120032222,LOC120034242,LOC120050045,LOC120064970
GO:0050864	regulation of B cell activation	biological_process	4	2593	19	31285	2.54	6.686e-02	6.743e-01		LOC120040917,LOC120042248,LOC120051110,si:ch211-243a20.4
GO:1901654	response to ketone	biological_process	4	2593	19	31285	2.54	6.686e-02	6.743e-01		LOC120028089,LOC120051050,bglapl,pck1
GO:0030662	coated vesicle membrane	cellular_component	15	2593	119	31285	1.52	6.742e-02	6.743e-01		LOC120017770,LOC120021970,LOC120022351,LOC120032359,LOC120032511,LOC120045713,LOC120047717,LOC120047812,LOC120048691,LOC120049249,LOC120052902,LOC120060897,LOC120062271,ap1s1,sar1aa
GO:0061608	nuclear import signal receptor activity	molecular_function	5	2593	27	31285	2.23	6.798e-02	6.743e-01		LOC120028225,LOC120033919,LOC120051048,LOC120051404,kpnb3
GO:0042181	ketone biosynthetic process	biological_process	5	2593	27	31285	2.23	6.798e-02	6.743e-01		LOC120018326,LOC120028564,LOC120058341,coq6,pdss2
GO:0030140	trans-Golgi network transport vesicle	cellular_component	7	2593	44	31285	1.92	6.838e-02	6.743e-01		LOC120017770,LOC120032511,LOC120045713,LOC120048677,LOC120052902,ap1s1,cracr2b
GO:0002685	regulation of leukocyte migration	biological_process	7	2593	44	31285	1.92	6.838e-02	6.743e-01		LOC120022634,LOC120031042,LOC120048664,LOC120059053,LOC120059075,LOC120062766,LOC120062892
GO:0008333	endosome to lysosome transport	biological_process	7	2593	44	31285	1.92	6.838e-02	6.743e-01		LOC120044555,LOC120044647,LOC120047712,LOC120060502,rab38b,trak1a,tsg101a
GO:0007417	central nervous system development	biological_process	34	2593	315	31285	1.3	6.848e-02	6.743e-01		LOC120025342,LOC120027158,LOC120028632,LOC120032388,LOC120033014,LOC120033116,LOC120033158,LOC120033484,LOC120033498,LOC120033638,LOC120033770,LOC120035241,LOC120039521,LOC120041417,LOC120043026,LOC120043027,LOC120043712,LOC120043723,LOC120049642,LOC120049662,LOC120051566,LOC120052516,LOC120052990,LOC120053328,LOC120055752
GO:0005035	death receptor activity	molecular_function	3	2593	12	31285	3.02	7.104e-02	6.743e-01		LOC120027902,LOC120034288,LOC120042766
GO:0046847	filopodium assembly	biological_process	3	2593	12	31285	3.02	7.104e-02	6.743e-01		LOC120031835,LOC120061694,fgd1
GO:1900077	negative regulation of cellular response to insulin stimulus	biological_process	3	2593	12	31285	3.02	7.104e-02	6.743e-01		LOC120018300,LOC120022070,LOC120028326
GO:0046627	negative regulation of insulin receptor signaling pathway	biological_process	3	2593	12	31285	3.02	7.104e-02	6.743e-01		LOC120018300,LOC120022070,LOC120028326
GO:0046626	regulation of insulin receptor signaling pathway	biological_process	3	2593	12	31285	3.02	7.104e-02	6.743e-01		LOC120018300,LOC120022070,LOC120028326
GO:0001594	trace-amine receptor activity	molecular_function	3	2593	12	31285	3.02	7.104e-02	6.743e-01		LOC120063656,LOC120063674,LOC120063885
GO:0019856	pyrimidine nucleobase biosynthetic process	biological_process	3	2593	12	31285	3.02	7.104e-02	6.743e-01		LOC120020563,LOC120027373,LOC120046375
GO:0015693	magnesium ion transport	biological_process	3	2593	12	31285	3.02	7.104e-02	6.743e-01	Y	LOC120038879,LOC120044422,LOC120048837
GO:0019369	arachidonate metabolic process	biological_process	3	2593	12	31285	3.02	7.104e-02	6.743e-01		LOC120029925,LOC120032048,LOC120039976
GO:0000930	gamma-tubulin complex	cellular_component	3	2593	12	31285	3.02	7.104e-02	6.743e-01		LOC120036138,LOC120051397,mzt1
GO:0070569	uridylyltransferase activity	molecular_function	3	2593	12	31285	3.02	7.104e-02	6.743e-01		LOC120046032,LOC120050024,LOC120052642
GO:0035194	regulatory ncRNA-mediated post-transcriptional gene silencing	biological_process	3	2593	12	31285	3.02	7.104e-02	6.743e-01		LOC120044165,LOC120065617,LOC120066515
GO:0004190	aspartic-type endopeptidase activity	molecular_function	6	2593	36	31285	2.01	7.341e-02	6.836e-01		LOC120024700,LOC120025049,LOC120035894,LOC120043847,LOC120045425,LOC120058779
GO:0070001	aspartic-type peptidase activity	molecular_function	6	2593	36	31285	2.01	7.341e-02	6.836e-01		LOC120024700,LOC120025049,LOC120035894,LOC120043847,LOC120045425,LOC120058779
GO:0098631	cell adhesion mediator activity	molecular_function	9	2593	63	31285	1.72	7.443e-02	6.836e-01		LOC120028082,LOC120042420,LOC120051529,LOC120051533,LOC120053807,LOC120063903,LOC120065638,LOC120066463,emb
GO:0009605	response to external stimulus	biological_process	45	2593	436	31285	1.25	7.501e-02	6.836e-01		LOC120022426,LOC120023487,LOC120023737,LOC120024214,LOC120024769,LOC120024931,LOC120026096,LOC120027678,LOC120030258,LOC120031263,LOC120031912,LOC120032980,LOC120033139,LOC120033438,LOC120035038,LOC120035048,LOC120036644,LOC120037605,LOC120039311,LOC120040917,LOC120041248,LOC120041968,LOC120042248,LOC120042337,LOC120042990
GO:0004177	aminopeptidase activity	molecular_function	7	2593	45	31285	1.88	7.545e-02	6.836e-01		LOC120028813,LOC120032113,LOC120032506,LOC120039298,LOC120048092,LOC120066645,anpepb
GO:1990266	neutrophil migration	biological_process	8	2593	54	31285	1.79	7.553e-02	6.836e-01		LOC120019196,LOC120023642,LOC120023737,LOC120024931,LOC120033438,LOC120037605,LOC120055680,LOC120063433
GO:0016763	pentosyltransferase activity	molecular_function	15	2593	121	31285	1.5	7.558e-02	6.836e-01		LOC120025046,LOC120030031,LOC120032167,LOC120034165,LOC120034690,LOC120034901,LOC120040744,LOC120049627,LOC120049936,LOC120049956,LOC120049957,LOC120052834,LOC120053056,LOC120053450,LOC120055734
GO:0009897	external side of plasma membrane	cellular_component	25	2593	223	31285	1.35	7.565e-02	6.836e-01		LOC120019104,LOC120021872,LOC120022426,LOC120024920,LOC120027678,LOC120027902,LOC120032458,LOC120032973,LOC120033459,LOC120033570,LOC120036493,LOC120036644,LOC120040917,LOC120042248,LOC120044547,LOC120045539,LOC120046320,LOC120047732,LOC120048594,LOC120048804,LOC120049292,LOC120056826,LOC120058536,LOC120059053,LOC120059075
GO:0022414	reproductive process	biological_process	29	2593	265	31285	1.32	7.588e-02	6.836e-01		LOC120024223,LOC120024827,LOC120026988,LOC120027918,LOC120027929,LOC120028892,LOC120032709,LOC120035146,LOC120036138,LOC120036166,LOC120041593,LOC120044003,LOC120047331,LOC120047536,LOC120050044,LOC120051397,LOC120051407,LOC120052221,LOC120053973,LOC120055371,LOC120058090,LOC120061992,eme1,ercc1,fancd2
GO:0000987	cis-regulatory region sequence-specific DNA binding	molecular_function	174	2593	1891	31285	1.11	7.604e-02	6.836e-01		LOC120018783,LOC120019154,LOC120019250,LOC120019486,LOC120019509,LOC120020050,LOC120020561,LOC120020564,LOC120020565,LOC120020710,LOC120021795,LOC120022727,LOC120022857,LOC120023046,LOC120025338,LOC120025342,LOC120025929,LOC120026442,LOC120026859,LOC120027037,LOC120027231,LOC120028617,LOC120030659,LOC120031153,LOC120031239
GO:0051239	regulation of multicellular organismal process	biological_process	71	2593	723	31285	1.18	7.697e-02	6.836e-01		LOC120018777,LOC120018853,LOC120019052,LOC120019154,LOC120019509,LOC120019677,LOC120020561,LOC120022426,LOC120022442,LOC120023423,LOC120024359,LOC120024881,LOC120025342,LOC120026236,LOC120026950,LOC120027678,LOC120027902,LOC120030672,LOC120032389,LOC120032586,LOC120033111,LOC120033210,LOC120033233,LOC120033484,LOC120033487
GO:0009892	negative regulation of metabolic process	biological_process	99	2593	1037	31285	1.15	7.735e-02	6.836e-01		LOC120018286,LOC120018853,LOC120019052,LOC120019509,LOC120019548,LOC120020561,LOC120021680,LOC120021902,LOC120022272,LOC120022441,LOC120022442,LOC120023423,LOC120024099,LOC120026950,LOC120027918,LOC120027929,LOC120028326,LOC120031347,LOC120031391,LOC120032414,LOC120032499,LOC120032657,LOC120032805,LOC120032932,LOC120033484
GO:0046364	monosaccharide biosynthetic process	biological_process	5	2593	28	31285	2.15	7.736e-02	6.836e-01		LOC120028089,LOC120051050,LOC120051463,gpia,pck1
GO:0071347	cellular response to interleukin-1	biological_process	5	2593	28	31285	2.15	7.736e-02	6.836e-01		LOC120024931,LOC120040917,LOC120042248,LOC120055680,traf6
GO:0071383	cellular response to steroid hormone stimulus	biological_process	5	2593	28	31285	2.15	7.736e-02	6.836e-01		LOC120028089,LOC120030016,LOC120049205,LOC120051050,pck1
GO:0042692	muscle cell differentiation	biological_process	10	2593	73	31285	1.65	7.820e-02	6.836e-01	Y	LOC120030952,LOC120036733,LOC120040389,LOC120048421,LOC120049116,LOC120052905,LOC120056805,csrp2,csrp3,tnnt2c
GO:0061136	regulation of proteasomal protein catabolic process	biological_process	10	2593	73	31285	1.65	7.820e-02	6.836e-01		LOC120024073,LOC120042708,LOC120046317,LOC120048342,LOC120050364,LOC120051919,dda1,fzr1b,prkn,rnf14
GO:0005402	carbohydrate:monoatomic cation symporter activity	molecular_function	4	2593	20	31285	2.41	7.830e-02	6.836e-01		LOC120041002,LOC120041070,LOC120050825,LOC120064722
GO:0015280	ligand-gated sodium channel activity	molecular_function	4	2593	20	31285	2.41	7.830e-02	6.836e-01		LOC120026774,LOC120031313,LOC120031587,LOC120041835
GO:0072562	blood microparticle	cellular_component	4	2593	20	31285	2.41	7.830e-02	6.836e-01		LOC120034057,LOC120036826,LOC120045704,apoc2
GO:1901698	response to nitrogen compound	biological_process	25	2593	224	31285	1.35	7.875e-02	6.836e-01		LOC120022070,LOC120023754,LOC120024702,LOC120027037,LOC120028030,LOC120028089,LOC120031421,LOC120033116,LOC120033139,LOC120033549,LOC120033879,LOC120034058,LOC120034531,LOC120035602,LOC120041381,LOC120044472,LOC120048677,LOC120050139,LOC120051050,LOC120054008,LOC120060868,LOC120062348,cracr2b,drd2a,pck1
GO:0001654	eye development	biological_process	13	2593	102	31285	1.54	7.877e-02	6.836e-01		LOC120018062,LOC120032708,LOC120032724,LOC120033014,LOC120045822,LOC120047441,LOC120050551,LOC120050580,LOC120050584,LOC120051753,LOC120057916,six4a,zgc:153846
GO:0048880	sensory system development	biological_process	13	2593	102	31285	1.54	7.877e-02	6.836e-01		LOC120018062,LOC120032708,LOC120032724,LOC120033014,LOC120045822,LOC120047441,LOC120050551,LOC120050580,LOC120050584,LOC120051753,LOC120057916,six4a,zgc:153846
GO:0150063	visual system development	biological_process	13	2593	102	31285	1.54	7.877e-02	6.836e-01		LOC120018062,LOC120032708,LOC120032724,LOC120033014,LOC120045822,LOC120047441,LOC120050551,LOC120050580,LOC120050584,LOC120051753,LOC120057916,six4a,zgc:153846
GO:0098632	cell-cell adhesion mediator activity	molecular_function	8	2593	55	31285	1.75	8.228e-02	7.115e-01		LOC120042420,LOC120051529,LOC120051533,LOC120053807,LOC120063903,LOC120065638,LOC120066463,emb
GO:0016441	post-transcriptional gene silencing	biological_process	3	2593	13	31285	2.78	8.685e-02	7.295e-01		LOC120044165,LOC120065617,LOC120066515
GO:0030888	regulation of B cell proliferation	biological_process	3	2593	13	31285	2.78	8.685e-02	7.295e-01		LOC120040917,LOC120042248,LOC120051110
GO:0004994	somatostatin receptor activity	molecular_function	3	2593	13	31285	2.78	8.685e-02	7.295e-01		LOC120030016,LOC120032432,LOC120049205
GO:0033138	positive regulation of peptidyl-serine phosphorylation	biological_process	3	2593	13	31285	2.78	8.685e-02	7.295e-01		LOC120061462,LOC120063117,sh2d3a
GO:0002115	store-operated calcium entry	biological_process	3	2593	13	31285	2.78	8.685e-02	7.295e-01		LOC120051648,LOC120052310,LOC120054436
GO:0050871	positive regulation of B cell activation	biological_process	3	2593	13	31285	2.78	8.685e-02	7.295e-01		LOC120040917,LOC120042248,LOC120051110
GO:0005871	kinesin complex	cellular_component	5	2593	29	31285	2.08	8.739e-02	7.295e-01		LOC120041882,LOC120049767,LOC120065207,kif28,ndel1b
GO:0019866	organelle inner membrane	cellular_component	27	2593	248	31285	1.31	8.828e-02	7.295e-01		LOC120018326,LOC120020727,LOC120021832,LOC120022528,LOC120028564,LOC120033623,LOC120034492,LOC120034531,LOC120034543,LOC120035602,LOC120036195,LOC120045684,LOC120046306,LOC120046331,LOC120046343,LOC120046375,LOC120048837,LOC120049933,LOC120050081,LOC120050536,LOC120054008,LOC120056966,LOC120058342,LOC120060717,LOC120061152
GO:0006955	immune response	biological_process	48	2593	475	31285	1.22	8.906e-02	7.295e-01	Y	LOC120021224,LOC120022426,LOC120023737,LOC120024214,LOC120024920,LOC120024924,LOC120024931,LOC120027678,LOC120028377,LOC120032458,LOC120032980,LOC120033139,LOC120033438,LOC120034795,LOC120034797,LOC120036493,LOC120036644,LOC120037605,LOC120039311,LOC120040823,LOC120040917,LOC120041248,LOC120041968,LOC120042248,LOC120042337
GO:0097530	granulocyte migration	biological_process	8	2593	56	31285	1.72	8.938e-02	7.295e-01		LOC120019196,LOC120023642,LOC120023737,LOC120024931,LOC120033438,LOC120037605,LOC120055680,LOC120063433
GO:0032868	response to insulin	biological_process	10	2593	75	31285	1.61	9.014e-02	7.295e-01		LOC120022070,LOC120023754,LOC120028030,LOC120028089,LOC120031421,LOC120034531,LOC120048677,LOC120051050,cracr2b,pck1
GO:0034764	positive regulation of transmembrane transport	biological_process	6	2593	38	31285	1.91	9.063e-02	7.295e-01		LOC120033963,LOC120044048,LOC120051648,LOC120052310,LOC120066365,azin1b
GO:0036379	myofilament	cellular_component	6	2593	38	31285	1.91	9.063e-02	7.295e-01		LOC120048421,LOC120049116,LOC120051762,LOC120052905,LOC120056805,tnnt2c
GO:0005865	striated muscle thin filament	cellular_component	6	2593	38	31285	1.91	9.063e-02	7.295e-01	Y	LOC120048421,LOC120049116,LOC120051762,LOC120052905,LOC120056805,tnnt2c
GO:0015378	sodium:chloride symporter activity	molecular_function	4	2593	21	31285	2.3	9.066e-02	7.295e-01		LOC120028812,LOC120045871,LOC120050593,slc24a5
GO:0015373	monoatomic anion:sodium symporter activity	molecular_function	4	2593	21	31285	2.3	9.066e-02	7.295e-01		LOC120028812,LOC120045871,LOC120050593,slc24a5
GO:0042159	lipoprotein catabolic process	biological_process	4	2593	21	31285	2.3	9.066e-02	7.295e-01	Y	LOC120026877,LOC120050407,LOC120052819,apoc2
GO:0009220	pyrimidine ribonucleotide biosynthetic process	biological_process	4	2593	21	31285	2.3	9.066e-02	7.295e-01		LOC120020563,LOC120027373,LOC120034173,LOC120046375
GO:0009218	pyrimidine ribonucleotide metabolic process	biological_process	4	2593	21	31285	2.3	9.066e-02	7.295e-01		LOC120020563,LOC120027373,LOC120034173,LOC120046375
GO:0033617	mitochondrial respiratory chain complex IV assembly	biological_process	4	2593	21	31285	2.3	9.066e-02	7.295e-01		LOC120021140,LOC120029935,LOC120034242,LOC120050045
GO:2001259	positive regulation of cation channel activity	biological_process	4	2593	21	31285	2.3	9.066e-02	7.295e-01		LOC120033963,LOC120044048,LOC120051648,LOC120052310
GO:0010647	positive regulation of cell communication	biological_process	52	2593	520	31285	1.21	9.142e-02	7.307e-01		LOC120018251,LOC120019104,LOC120020067,LOC120021774,LOC120024931,LOC120026236,LOC120031803,LOC120032005,LOC120032389,LOC120032526,LOC120032527,LOC120032684,LOC120033051,LOC120033559,LOC120033716,LOC120034417,LOC120034795,LOC120035187,LOC120036644,LOC120037504,LOC120040917,LOC120042248,LOC120042708,LOC120042872,LOC120044647
GO:0023056	positive regulation of signaling	biological_process	52	2593	520	31285	1.21	9.142e-02	7.307e-01		LOC120018251,LOC120019104,LOC120020067,LOC120021774,LOC120024931,LOC120026236,LOC120031803,LOC120032005,LOC120032389,LOC120032526,LOC120032527,LOC120032684,LOC120033051,LOC120033559,LOC120033716,LOC120034417,LOC120034795,LOC120035187,LOC120036644,LOC120037504,LOC120040917,LOC120042248,LOC120042708,LOC120042872,LOC120044647
GO:0043207	response to external biotic stimulus	biological_process	26	2593	239	31285	1.31	9.354e-02	7.365e-01		LOC120022426,LOC120024214,LOC120024931,LOC120026096,LOC120027678,LOC120030258,LOC120031263,LOC120033139,LOC120036644,LOC120037605,LOC120039311,LOC120040917,LOC120041248,LOC120042248,LOC120042337,LOC120045355,LOC120046335,LOC120049511,LOC120049780,LOC120055680,LOC120058008,LOC120058484,LOC120059053,LOC120059075,LOC120059824
GO:0051707	response to other organism	biological_process	26	2593	239	31285	1.31	9.354e-02	7.365e-01		LOC120022426,LOC120024214,LOC120024931,LOC120026096,LOC120027678,LOC120030258,LOC120031263,LOC120033139,LOC120036644,LOC120037605,LOC120039311,LOC120040917,LOC120041248,LOC120042248,LOC120042337,LOC120045355,LOC120046335,LOC120049511,LOC120049780,LOC120055680,LOC120058008,LOC120058484,LOC120059053,LOC120059075,LOC120059824
GO:0098857	membrane microdomain	cellular_component	9	2593	66	31285	1.65	9.369e-02	7.365e-01		LOC120019104,LOC120033966,LOC120036644,LOC120047732,LOC120048594,LOC120048766,LOC120051466,LOC120064749,si:ch211-243a20.4
GO:0045121	membrane raft	cellular_component	9	2593	66	31285	1.65	9.369e-02	7.365e-01		LOC120019104,LOC120033966,LOC120036644,LOC120047732,LOC120048594,LOC120048766,LOC120051466,LOC120064749,si:ch211-243a20.4
GO:0031256	leading edge membrane	cellular_component	9	2593	66	31285	1.65	9.369e-02	7.365e-01		LOC120031838,LOC120033207,LOC120044552,LOC120048461,LOC120056459,LOC120060854,LOC120061883,arhgap44a,sh3yl1
GO:0051321	meiotic cell cycle	biological_process	13	2593	105	31285	1.49	9.396e-02	7.365e-01		LOC120026988,LOC120028892,LOC120036138,LOC120036166,LOC120044003,LOC120047331,LOC120047536,LOC120050044,LOC120051397,eme1,ercc1,fancd2,zgc:153846
GO:0097553	calcium ion transmembrane import into cytosol	biological_process	8	2593	57	31285	1.69	9.682e-02	7.541e-01		LOC120017401,LOC120023380,LOC120031556,LOC120034271,LOC120035038,LOC120039049,LOC120061553,slc8a2b
GO:0030130	clathrin coat of trans-Golgi network vesicle	cellular_component	5	2593	30	31285	2.01	9.807e-02	7.541e-01		LOC120017770,LOC120032511,LOC120045713,LOC120052902,ap1s1
GO:0012510	trans-Golgi network transport vesicle membrane	cellular_component	5	2593	30	31285	2.01	9.807e-02	7.541e-01		LOC120017770,LOC120032511,LOC120045713,LOC120052902,ap1s1
GO:0060078	regulation of postsynaptic membrane potential	biological_process	5	2593	30	31285	2.01	9.807e-02	7.541e-01		LOC120025042,LOC120033207,LOC120045894,LOC120061883,grin2da
GO:0006221	pyrimidine nucleotide biosynthetic process	biological_process	5	2593	30	31285	2.01	9.807e-02	7.541e-01		LOC120020563,LOC120027373,LOC120034173,LOC120046375,LOC120051398
GO:0001941	postsynaptic membrane organization	biological_process	5	2593	30	31285	2.01	9.807e-02	7.541e-01		LOC120025932,LOC120050074,LOC120050097,LOC120060929,LOC120062135
GO:0043434	response to peptide hormone	biological_process	15	2593	126	31285	1.44	9.870e-02	7.542e-01		LOC120022070,LOC120023754,LOC120027037,LOC120028030,LOC120028089,LOC120031421,LOC120033116,LOC120033139,LOC120034058,LOC120034531,LOC120035602,LOC120048677,LOC120051050,cracr2b,pck1
GO:0051983	regulation of chromosome segregation	biological_process	6	2593	39	31285	1.86	9.999e-02	7.542e-01		LOC120024463,LOC120032610,LOC120044542,LOC120047536,LOC120063176,mki67
GO:0070006	metalloaminopeptidase activity	molecular_function	6	2593	39	31285	1.86	9.999e-02	7.542e-01		LOC120032113,LOC120032506,LOC120039298,LOC120048092,LOC120066645,anpepb
GO:0009267	cellular response to starvation	biological_process	9	2593	67	31285	1.62	1.007e-01	7.542e-01		LOC120031083,LOC120031328,LOC120032502,LOC120048704,LOC120062348,LOC120063839,cartl,map1lc3a,rragca
GO:0050867	positive regulation of cell activation	biological_process	10	2593	77	31285	1.57	1.031e-01	7.542e-01		LOC120022426,LOC120027678,LOC120034797,LOC120036644,LOC120040917,LOC120042248,LOC120043750,LOC120049292,LOC120051110,LOC120058342
GO:0002696	positive regulation of leukocyte activation	biological_process	10	2593	77	31285	1.57	1.031e-01	7.542e-01		LOC120022426,LOC120027678,LOC120034797,LOC120036644,LOC120040917,LOC120042248,LOC120043750,LOC120049292,LOC120051110,LOC120058342
GO:0043406	positive regulation of MAP kinase activity	biological_process	4	2593	22	31285	2.19	1.039e-01	7.542e-01		LOC120032526,LOC120032527,LOC120032684,LOC120033559
GO:0035267	NuA4 histone acetyltransferase complex	cellular_component	4	2593	22	31285	2.19	1.039e-01	7.542e-01		LOC120022743,LOC120033348,LOC120051307,ruvbl2
GO:0043189	H4/H2A histone acetyltransferase complex	cellular_component	4	2593	22	31285	2.19	1.039e-01	7.542e-01		LOC120022743,LOC120033348,LOC120051307,ruvbl2
GO:0048706	embryonic skeletal system development	biological_process	4	2593	22	31285	2.19	1.039e-01	7.542e-01	Y	LOC120049142,LOC120053527,LOC120054283,hoxa2b
GO:0034451	centriolar satellite	cellular_component	3	2593	14	31285	2.59	1.040e-01	7.542e-01		LOC120035100,ccdc14,cep131
GO:0034657	GID complex	cellular_component	3	2593	14	31285	2.59	1.040e-01	7.542e-01		LOC120046754,LOC120047921,gid4
GO:0018095	protein polyglutamylation	biological_process	3	2593	14	31285	2.59	1.040e-01	7.542e-01		LOC120019718,tpgs2,ttll9
GO:0001678	intracellular glucose homeostasis	biological_process	3	2593	14	31285	2.59	1.040e-01	7.542e-01		LOC120028089,LOC120051050,pck1
GO:0010906	regulation of glucose metabolic process	biological_process	3	2593	14	31285	2.59	1.040e-01	7.542e-01		LOC120046754,LOC120057282,gid4
GO:0002891	positive regulation of immunoglobulin mediated immune response	biological_process	3	2593	14	31285	2.59	1.040e-01	7.542e-01	Y	LOC120040917,LOC120042248,LOC120049292
GO:0002821	positive regulation of adaptive immune response	biological_process	3	2593	14	31285	2.59	1.040e-01	7.542e-01	Y	LOC120040917,LOC120042248,LOC120049292
GO:0002714	positive regulation of B cell mediated immunity	biological_process	3	2593	14	31285	2.59	1.040e-01	7.542e-01		LOC120040917,LOC120042248,LOC120049292
GO:0002824	positive regulation of adaptive immune response based on somatic recombination of immune receptors built from immunoglobulin superfamily domains	biological_process	3	2593	14	31285	2.59	1.040e-01	7.542e-01	Y	LOC120040917,LOC120042248,LOC120049292
GO:0030119	AP-type membrane coat adaptor complex	cellular_component	8	2593	58	31285	1.66	1.046e-01	7.542e-01		LOC120017770,LOC120025169,LOC120032511,LOC120045713,LOC120047812,ap1m2,ap1s1,ap2b1
GO:0032434	regulation of proteasomal ubiquitin-dependent protein catabolic process	biological_process	8	2593	58	31285	1.66	1.046e-01	7.542e-01		LOC120024073,LOC120042708,LOC120048342,LOC120051919,dda1,fzr1b,prkn,rnf14
GO:0150034	distal axon	cellular_component	12	2593	97	31285	1.49	1.050e-01	7.545e-01		LOC120020067,LOC120024345,LOC120032586,LOC120035097,LOC120045713,LOC120045871,LOC120049662,LOC120052904,LOC120053451,LOC120055959,LOC120062699,cplx4a
GO:0001932	regulation of protein phosphorylation	biological_process	36	2593	350	31285	1.24	1.053e-01	7.545e-01		LOC120028326,LOC120032250,LOC120032502,LOC120032526,LOC120032527,LOC120032684,LOC120032924,LOC120033262,LOC120033559,LOC120033703,LOC120034531,LOC120034797,LOC120035390,LOC120040917,LOC120042248,LOC120048268,LOC120048766,LOC120049360,LOC120049662,LOC120049937,LOC120053888,LOC120055905,LOC120059053,LOC120059075,LOC120061462
GO:0019900	kinase binding	molecular_function	28	2593	264	31285	1.28	1.066e-01	7.615e-01		LOC120019104,LOC120024897,LOC120025046,LOC120032522,LOC120032913,LOC120032941,LOC120033559,LOC120034740,LOC120034795,LOC120036644,LOC120044712,LOC120047732,LOC120048268,LOC120048594,LOC120048766,LOC120049962,LOC120049991,LOC120050008,LOC120051466,LOC120052143,LOC120063028,bora,cdk5r2a,cdkn2a/b,cdkn2d
GO:0043195	terminal bouton	cellular_component	7	2593	49	31285	1.72	1.078e-01	7.615e-01		LOC120024345,LOC120045713,LOC120045871,LOC120052904,LOC120053451,LOC120062699,cplx4a
GO:0032436	positive regulation of proteasomal ubiquitin-dependent protein catabolic process	biological_process	7	2593	49	31285	1.72	1.078e-01	7.615e-01		LOC120042708,LOC120048342,LOC120051919,dda1,fzr1b,prkn,rnf14
GO:0003950	NAD+ poly-ADP-ribosyltransferase activity	molecular_function	9	2593	68	31285	1.6	1.080e-01	7.615e-01		LOC120025046,LOC120030031,LOC120034690,LOC120049627,LOC120049936,LOC120049956,LOC120049957,LOC120052834,LOC120053056
GO:0007204	positive regulation of cytosolic calcium ion concentration	biological_process	9	2593	68	31285	1.6	1.080e-01	7.615e-01		LOC120034275,LOC120035059,LOC120039049,LOC120045788,LOC120048215,LOC120049497,LOC120049759,LOC120062766,LOC120062892
GO:0032588	trans-Golgi network membrane	cellular_component	5	2593	31	31285	1.95	1.094e-01	7.615e-01		LOC120017770,LOC120032511,LOC120052417,arfip1,scamp2l
GO:0051219	phosphoprotein binding	molecular_function	5	2593	31	31285	1.95	1.094e-01	7.615e-01		LOC120024952,LOC120033543,LOC120048766,LOC120063117,sh2d3a
GO:0045309	protein phosphorylated amino acid binding	molecular_function	5	2593	31	31285	1.95	1.094e-01	7.615e-01		LOC120024952,LOC120033543,LOC120048766,LOC120063117,sh2d3a
GO:0050921	positive regulation of chemotaxis	biological_process	5	2593	31	31285	1.95	1.094e-01	7.615e-01		LOC120022634,LOC120024769,LOC120031042,LOC120062766,LOC120062892
GO:0006220	pyrimidine nucleotide metabolic process	biological_process	5	2593	31	31285	1.95	1.094e-01	7.615e-01		LOC120020563,LOC120027373,LOC120034173,LOC120046375,LOC120051398
GO:0002687	positive regulation of leukocyte migration	biological_process	6	2593	40	31285	1.81	1.098e-01	7.626e-01		LOC120022634,LOC120031042,LOC120059053,LOC120059075,LOC120062766,LOC120062892
GO:0009062	fatty acid catabolic process	biological_process	9	2593	69	31285	1.57	1.156e-01	7.651e-01	Y	LOC120023754,LOC120028030,LOC120028089,LOC120033335,LOC120046331,LOC120049318,LOC120051050,LOC120053880,pck1
GO:0009607	response to biotic stimulus	biological_process	26	2593	245	31285	1.28	1.157e-01	7.651e-01		LOC120022426,LOC120024214,LOC120024931,LOC120026096,LOC120027678,LOC120030258,LOC120031263,LOC120033139,LOC120036644,LOC120037605,LOC120039311,LOC120040917,LOC120041248,LOC120042248,LOC120042337,LOC120045355,LOC120046335,LOC120049511,LOC120049780,LOC120055680,LOC120058008,LOC120058484,LOC120059053,LOC120059075,LOC120059824
GO:1903046	meiotic cell cycle process	biological_process	11	2593	89	31285	1.49	1.176e-01	7.651e-01		LOC120026988,LOC120036138,LOC120036166,LOC120044003,LOC120047331,LOC120047536,LOC120050044,eme1,ercc1,fancd2,zgc:153846
GO:0002690	positive regulation of leukocyte chemotaxis	biological_process	4	2593	23	31285	2.1	1.179e-01	7.651e-01		LOC120022634,LOC120031042,LOC120062766,LOC120062892
GO:0002688	regulation of leukocyte chemotaxis	biological_process	4	2593	23	31285	2.1	1.179e-01	7.651e-01		LOC120022634,LOC120031042,LOC120062766,LOC120062892
GO:0007631	feeding behavior	biological_process	4	2593	23	31285	2.1	1.179e-01	7.651e-01		LOC120019203,LOC120044698,LOC120048704,cartl
GO:0043408	regulation of MAPK cascade	biological_process	26	2593	246	31285	1.28	1.197e-01	7.651e-01		LOC120019104,LOC120021774,LOC120024257,LOC120024931,LOC120031803,LOC120032005,LOC120032526,LOC120032527,LOC120032632,LOC120032684,LOC120032913,LOC120033051,LOC120033559,LOC120033703,LOC120035187,LOC120036644,LOC120042872,LOC120047302,LOC120047732,LOC120048230,LOC120048594,LOC120048704,LOC120055680,cartl,dusp27
GO:0031624	ubiquitin conjugating enzyme binding	molecular_function	6	2593	41	31285	1.77	1.202e-01	7.651e-01		LOC120020583,LOC120047112,LOC120048342,dcun1d1,prkn,rnf14
GO:0032589	neuron projection membrane	cellular_component	6	2593	41	31285	1.77	1.202e-01	7.651e-01		LOC120031838,LOC120033207,LOC120044552,LOC120056459,LOC120060854,LOC120061883
GO:0032590	dendrite membrane	cellular_component	6	2593	41	31285	1.77	1.202e-01	7.651e-01		LOC120031838,LOC120033207,LOC120044552,LOC120056459,LOC120060854,LOC120061883
GO:0016051	carbohydrate biosynthetic process	biological_process	8	2593	60	31285	1.61	1.212e-01	7.651e-01		LOC120024793,LOC120028089,LOC120031813,LOC120051050,LOC120051463,LOC120052901,gpia,pck1
GO:0097529	myeloid leukocyte migration	biological_process	8	2593	60	31285	1.61	1.212e-01	7.651e-01		LOC120019196,LOC120023642,LOC120023737,LOC120024931,LOC120033438,LOC120037605,LOC120055680,LOC120063433
GO:0033045	regulation of sister chromatid segregation	biological_process	5	2593	32	31285	1.89	1.213e-01	7.651e-01		LOC120024463,LOC120032610,LOC120044542,LOC120047536,LOC120063176
GO:0000030	mannosyltransferase activity	molecular_function	5	2593	32	31285	1.89	1.213e-01	7.651e-01		LOC120022528,LOC120031113,LOC120032297,LOC120042352,LOC120056216
GO:0015277	kainate selective glutamate receptor activity	molecular_function	3	2593	15	31285	2.41	1.223e-01	7.651e-01		LOC120026774,LOC120031313,LOC120031587
GO:0032983	kainate selective glutamate receptor complex	cellular_component	3	2593	15	31285	2.41	1.223e-01	7.651e-01		LOC120026774,LOC120031313,LOC120031587
GO:0000243	commitment complex	cellular_component	3	2593	15	31285	2.41	1.223e-01	7.651e-01		LOC120022349,LOC120034312,LOC120062436
GO:0055090	acylglycerol homeostasis	biological_process	3	2593	15	31285	2.41	1.223e-01	7.651e-01		LOC120032954,LOC120046036,apoc2
GO:0070328	triglyceride homeostasis	biological_process	3	2593	15	31285	2.41	1.223e-01	7.651e-01	Y	LOC120032954,LOC120046036,apoc2
GO:0017146	NMDA selective glutamate receptor complex	cellular_component	3	2593	15	31285	2.41	1.223e-01	7.651e-01		LOC120021676,LOC120026501,grin2da
GO:0050811	GABA receptor binding	molecular_function	3	2593	15	31285	2.41	1.223e-01	7.651e-01		LOC120031328,LOC120060929,trak1a
GO:0045661	regulation of myoblast differentiation	biological_process	3	2593	15	31285	2.41	1.223e-01	7.651e-01		LOC120022634,LOC120031042,LOC120049376
GO:0045833	negative regulation of lipid metabolic process	biological_process	3	2593	15	31285	2.41	1.223e-01	7.651e-01	Y	LOC120034531,LOC120058208,apoc2
GO:0038179	neurotrophin signaling pathway	biological_process	3	2593	15	31285	2.41	1.223e-01	7.651e-01		LOC120032514,LOC120032586,LOC120061462
GO:0016486	peptide hormone processing	biological_process	3	2593	15	31285	2.41	1.223e-01	7.651e-01		LOC120037855,LOC120047639,pcsk6
GO:0140448	signaling receptor ligand precursor processing	biological_process	3	2593	15	31285	2.41	1.223e-01	7.651e-01		LOC120037855,LOC120047639,pcsk6
GO:0006020	inositol metabolic process	biological_process	3	2593	15	31285	2.41	1.223e-01	7.651e-01		LOC120033534,LOC120050825,impa2
GO:0051251	positive regulation of lymphocyte activation	biological_process	9	2593	70	31285	1.55	1.235e-01	7.651e-01		LOC120022426,LOC120027678,LOC120034797,LOC120036644,LOC120040917,LOC120042248,LOC120043750,LOC120051110,LOC120058342
GO:0031669	cellular response to nutrient levels	biological_process	9	2593	70	31285	1.55	1.235e-01	7.651e-01		LOC120031083,LOC120031328,LOC120032502,LOC120048704,LOC120062348,LOC120063839,cartl,map1lc3a,rragca
GO:0031032	actomyosin structure organization	biological_process	11	2593	90	31285	1.47	1.246e-01	7.651e-01		LOC120030952,LOC120046322,LOC120048421,LOC120049116,LOC120050356,LOC120052905,LOC120056805,csrp2,csrp3,rock2a,tnnt2c
GO:0005654	nucleoplasm	cellular_component	65	2593	679	31285	1.15	1.247e-01	7.651e-01		LOC120017437,LOC120019183,LOC120022349,LOC120024786,LOC120026924,LOC120028225,LOC120028545,LOC120030220,LOC120030466,LOC120031752,LOC120032213,LOC120032798,LOC120032932,LOC120033139,LOC120034085,LOC120034312,LOC120039068,LOC120044165,LOC120044542,LOC120046317,LOC120046324,LOC120046489,LOC120046598,LOC120047221,LOC120047333
GO:2000060	positive regulation of ubiquitin-dependent protein catabolic process	biological_process	7	2593	51	31285	1.66	1.264e-01	7.651e-01		LOC120042708,LOC120048342,LOC120051919,dda1,fzr1b,prkn,rnf14
GO:0120032	regulation of plasma membrane bounded cell projection assembly	biological_process	7	2593	51	31285	1.66	1.264e-01	7.651e-01		LOC120022634,LOC120031042,LOC120033304,LOC120034162,LOC120049662,LOC120049915,LOC120055337
GO:0060491	regulation of cell projection assembly	biological_process	7	2593	51	31285	1.66	1.264e-01	7.651e-01		LOC120022634,LOC120031042,LOC120033304,LOC120034162,LOC120049662,LOC120049915,LOC120055337
GO:0044419	biological process involved in interspecies interaction between organisms	biological_process	26	2593	248	31285	1.26	1.279e-01	7.651e-01		LOC120022426,LOC120024214,LOC120024931,LOC120026096,LOC120027678,LOC120030258,LOC120031263,LOC120033139,LOC120036644,LOC120037605,LOC120039311,LOC120040917,LOC120041248,LOC120042248,LOC120042337,LOC120045355,LOC120046335,LOC120049511,LOC120049780,LOC120055680,LOC120058008,LOC120058484,LOC120059053,LOC120059075,LOC120059824
GO:0140534	endoplasmic reticulum protein-containing complex	cellular_component	13	2593	111	31285	1.41	1.294e-01	7.651e-01		LOC120030879,LOC120030881,LOC120034949,LOC120037083,LOC120041248,LOC120044673,LOC120049548,LOC120060520,LOC120061476,LOC120062434,get3,spcs2,tusc3
GO:0051259	protein complex oligomerization	biological_process	18	2593	163	31285	1.33	1.295e-01	7.651e-01		LOC120023372,LOC120024696,LOC120024865,LOC120029006,LOC120036660,LOC120039049,LOC120044062,LOC120051405,LOC120051543,LOC120056459,LOC120056626,LOC120059740,LOC120060854,LOC120066569,cd74a,crtc3,kctd10,si:dkey-43k4.5
GO:0044782	cilium organization	biological_process	29	2593	281	31285	1.25	1.301e-01	7.651e-01		LOC120022770,LOC120023616,LOC120024223,LOC120032687,LOC120032794,LOC120035100,LOC120039755,LOC120040161,LOC120042376,LOC120042708,LOC120044085,LOC120047746,LOC120048865,LOC120049039,LOC120053598,LOC120055773,LOC120058709,ccdc39,cep131,cfap20,dynll2a,fam161b,hoatz,hydin,iqub
GO:0032787	monocarboxylic acid metabolic process	biological_process	32	2593	314	31285	1.23	1.312e-01	7.651e-01		LOC120020725,LOC120023754,LOC120024269,LOC120024592,LOC120024893,LOC120024980,LOC120028030,LOC120028089,LOC120028781,LOC120029925,LOC120032048,LOC120033335,LOC120033928,LOC120035040,LOC120035101,LOC120035180,LOC120039976,LOC120041848,LOC120041865,LOC120046331,LOC120049318,LOC120050321,LOC120051050,LOC120051743,LOC120053880
GO:0051247	positive regulation of protein metabolic process	biological_process	38	2593	380	31285	1.21	1.316e-01	7.651e-01		LOC120020583,LOC120032191,LOC120032502,LOC120032526,LOC120032527,LOC120032684,LOC120032924,LOC120033262,LOC120033559,LOC120034531,LOC120034797,LOC120035140,LOC120035390,LOC120040917,LOC120042248,LOC120042708,LOC120046317,LOC120048342,LOC120049360,LOC120049662,LOC120050364,LOC120051919,LOC120053888,LOC120058182,LOC120059053
GO:0070374	positive regulation of ERK1 and ERK2 cascade	biological_process	9	2593	71	31285	1.53	1.316e-01	7.651e-01		LOC120019104,LOC120024931,LOC120032526,LOC120032527,LOC120036644,LOC120047732,LOC120048230,LOC120048594,LOC120055680
GO:0046839	phospholipid dephosphorylation	biological_process	9	2593	71	31285	1.53	1.316e-01	7.651e-01	Y	LOC120028326,LOC120031120,LOC120033554,LOC120038717,LOC120040861,LOC120045843,LOC120050811,LOC120056288,plppr2b
GO:0009132	nucleoside diphosphate metabolic process	biological_process	10	2593	81	31285	1.49	1.321e-01	7.651e-01		LOC120020563,LOC120021611,LOC120024980,LOC120025430,LOC120028781,LOC120032822,entpd5a,gpia,pfkpa,pklr
GO:0098802	plasma membrane signaling receptor complex	cellular_component	22	2593	206	31285	1.29	1.322e-01	7.651e-01		LOC120021676,LOC120021774,LOC120026501,LOC120026774,LOC120028082,LOC120031313,LOC120031587,LOC120032973,LOC120033051,LOC120033541,LOC120033570,LOC120040917,LOC120042248,LOC120042872,LOC120044423,LOC120044552,LOC120044647,LOC120047581,LOC120047712,LOC120058536,grin2da,traf6
GO:0009890	negative regulation of biosynthetic process	biological_process	77	2593	818	31285	1.14	1.325e-01	7.651e-01		LOC120018286,LOC120018853,LOC120019052,LOC120019509,LOC120019548,LOC120020561,LOC120021680,LOC120021902,LOC120022272,LOC120022441,LOC120022442,LOC120023423,LOC120026950,LOC120027918,LOC120027929,LOC120028326,LOC120031391,LOC120032414,LOC120032499,LOC120032657,LOC120032805,LOC120032932,LOC120033484,LOC120033487,LOC120033652
GO:0048255	mRNA stabilization	biological_process	4	2593	24	31285	2.01	1.327e-01	7.651e-01		LOC120024099,LOC120044003,LOC120047114,angel2
GO:1902373	negative regulation of mRNA catabolic process	biological_process	4	2593	24	31285	2.01	1.327e-01	7.651e-01		LOC120024099,LOC120044003,LOC120047114,angel2
GO:0060632	regulation of microtubule-based movement	biological_process	4	2593	24	31285	2.01	1.327e-01	7.651e-01		LOC120022770,LOC120024223,LOC120056015,cfap20
GO:0006094	gluconeogenesis	biological_process	4	2593	24	31285	2.01	1.327e-01	7.651e-01		LOC120028089,LOC120051050,gpia,pck1
GO:0030515	snoRNA binding	molecular_function	4	2593	24	31285	2.01	1.327e-01	7.651e-01		LOC120048439,LOC120061987,LOC120063861,tbl3
GO:0005861	troponin complex	cellular_component	4	2593	24	31285	2.01	1.327e-01	7.651e-01		LOC120049116,LOC120051762,LOC120056805,tnnt2c
GO:0042110	T cell activation	biological_process	5	2593	33	31285	1.83	1.337e-01	7.651e-01		LOC120019104,LOC120036644,LOC120047732,LOC120048594,LOC120058342
GO:0120515	fatty acid-CoA ligase activity	molecular_function	5	2593	33	31285	1.83	1.337e-01	7.651e-01	Y	LOC120034531,LOC120041848,LOC120041865,LOC120063560,acsl1a
GO:0072528	pyrimidine-containing compound biosynthetic process	biological_process	5	2593	33	31285	1.83	1.337e-01	7.651e-01		LOC120020563,LOC120027373,LOC120034173,LOC120046375,LOC120051398
GO:0070534	protein K63-linked ubiquitination	biological_process	5	2593	33	31285	1.83	1.337e-01	7.651e-01		LOC120021774,LOC120026428,LOC120033051,LOC120042872,traf6
GO:0034767	positive regulation of monoatomic ion transmembrane transport	biological_process	5	2593	33	31285	1.83	1.337e-01	7.651e-01		LOC120033963,LOC120044048,LOC120051648,LOC120052310,LOC120066365
GO:0032411	positive regulation of transporter activity	biological_process	5	2593	33	31285	1.83	1.337e-01	7.651e-01		LOC120033963,LOC120044048,LOC120051648,LOC120052310,LOC120066365
GO:0032414	positive regulation of ion transmembrane transporter activity	biological_process	5	2593	33	31285	1.83	1.337e-01	7.651e-01		LOC120033963,LOC120044048,LOC120051648,LOC120052310,LOC120066365
GO:1904064	positive regulation of cation transmembrane transport	biological_process	5	2593	33	31285	1.83	1.337e-01	7.651e-01		LOC120033963,LOC120044048,LOC120051648,LOC120052310,LOC120066365
GO:0004540	RNA nuclease activity	molecular_function	13	2593	112	31285	1.4	1.359e-01	7.651e-01		LOC120018286,LOC120019548,LOC120041248,LOC120044673,LOC120046600,LOC120047785,LOC120055850,LOC120064850,angel1,angel2,elac2,endou2,rnaset2l
GO:0071396	cellular response to lipid	biological_process	13	2593	112	31285	1.4	1.359e-01	7.651e-01	Y	LOC120022426,LOC120027678,LOC120028089,LOC120030016,LOC120031595,LOC120036644,LOC120036690,LOC120037605,LOC120047564,LOC120049205,LOC120051050,LOC120063433,pck1
GO:0070971	endoplasmic reticulum exit site	cellular_component	7	2593	52	31285	1.62	1.363e-01	7.651e-01		LOC120029114,LOC120032359,LOC120036379,LOC120042547,LOC120058476,LOC120062271,sar1aa
GO:0050806	positive regulation of synaptic transmission	biological_process	7	2593	52	31285	1.62	1.363e-01	7.651e-01		LOC120020067,LOC120044647,LOC120047712,LOC120052219,grin2da,rims1b,rims2a
GO:0002250	adaptive immune response	biological_process	7	2593	52	31285	1.62	1.363e-01	7.651e-01	Y	LOC120027678,LOC120032458,LOC120034795,LOC120036493,LOC120043750,LOC120043845,LOC120044547
GO:0018107	peptidyl-threonine phosphorylation	biological_process	7	2593	52	31285	1.62	1.363e-01	7.651e-01		LOC120022653,LOC120028051,LOC120049096,LOC120055700,LOC120059167,rock2a,si:dkey-8e10.3
GO:0003712	transcription coregulator activity	molecular_function	44	2593	448	31285	1.18	1.366e-01	7.651e-01		LOC120021226,LOC120021680,LOC120022581,LOC120022634,LOC120022803,LOC120023754,LOC120024201,LOC120025161,LOC120028030,LOC120029193,LOC120029770,LOC120031042,LOC120031392,LOC120031903,LOC120032589,LOC120032655,LOC120032932,LOC120033139,LOC120033560,LOC120034476,LOC120034494,LOC120034795,LOC120043670,LOC120046050,LOC120046301
GO:0031399	regulation of protein modification process	biological_process	40	2593	404	31285	1.19	1.381e-01	7.651e-01		LOC120020583,LOC120028326,LOC120032191,LOC120032250,LOC120032502,LOC120032526,LOC120032527,LOC120032684,LOC120032924,LOC120033262,LOC120033559,LOC120033703,LOC120034531,LOC120034797,LOC120035390,LOC120040917,LOC120042248,LOC120048268,LOC120048766,LOC120049360,LOC120049662,LOC120049937,LOC120053888,LOC120055905,LOC120059053
GO:0007041	lysosomal transport	biological_process	8	2593	62	31285	1.56	1.390e-01	7.651e-01		LOC120044555,LOC120044647,LOC120047712,LOC120060502,rab38b,trak1a,tsg101a,vps52
GO:0098796	membrane protein complex	cellular_component	128	2593	1406	31285	1.1	1.393e-01	7.651e-01		LOC120017770,LOC120017775,LOC120021224,LOC120021676,LOC120021737,LOC120021774,LOC120021849,LOC120021970,LOC120022007,LOC120022111,LOC120022351,LOC120023372,LOC120023380,LOC120023504,LOC120024224,LOC120024345,LOC120024702,LOC120025169,LOC120026501,LOC120026774,LOC120027654,LOC120028082,LOC120029158,LOC120030854,LOC120030879
GO:0010628	positive regulation of gene expression	biological_process	24	2593	229	31285	1.26	1.393e-01	7.651e-01		LOC120018777,LOC120020561,LOC120024099,LOC120028617,LOC120032924,LOC120033262,LOC120033551,LOC120034797,LOC120037513,LOC120040917,LOC120042248,LOC120044003,LOC120047114,LOC120049292,LOC120049360,LOC120049662,LOC120055336,LOC120058182,LOC120058342,LOC120059053,LOC120059075,angel2,fgf7,si:ch211-243a20.4
GO:0044306	neuron projection terminus	cellular_component	9	2593	72	31285	1.51	1.400e-01	7.651e-01		LOC120020067,LOC120024345,LOC120045713,LOC120045871,LOC120052904,LOC120053451,LOC120055959,LOC120062699,cplx4a
GO:0043679	axon terminus	cellular_component	9	2593	72	31285	1.51	1.400e-01	7.651e-01		LOC120020067,LOC120024345,LOC120045713,LOC120045871,LOC120052904,LOC120053451,LOC120055959,LOC120062699,cplx4a
GO:0002768	immune response-regulating cell surface receptor signaling pathway	biological_process	9	2593	72	31285	1.51	1.400e-01	7.651e-01	Y	LOC120035059,LOC120040917,LOC120042248,LOC120049497,LOC120049759,LOC120050582,LOC120062766,LOC120062892,si:ch211-243a20.4
GO:0072329	monocarboxylic acid catabolic process	biological_process	9	2593	72	31285	1.51	1.400e-01	7.651e-01		LOC120023754,LOC120028030,LOC120028089,LOC120033335,LOC120046331,LOC120049318,LOC120051050,LOC120053880,pck1
GO:0005245	voltage-gated calcium channel activity	molecular_function	9	2593	72	31285	1.51	1.400e-01	7.651e-01		LOC120021849,LOC120023380,LOC120034271,LOC120034351,LOC120035038,LOC120041637,LOC120044647,LOC120047712,LOC120061553
GO:0000900	mRNA regulatory element binding translation repressor activity	molecular_function	3	2593	16	31285	2.26	1.418e-01	7.651e-01		LOC120047885,LOC120049316,paip2b
GO:0099565	chemical synaptic transmission, postsynaptic	biological_process	3	2593	16	31285	2.26	1.418e-01	7.651e-01		LOC120025042,LOC120045894,grin2da
GO:0051438	regulation of ubiquitin-protein transferase activity	biological_process	3	2593	16	31285	2.26	1.418e-01	7.651e-01		LOC120020583,dcun1d1,fzr1b
GO:0051443	positive regulation of ubiquitin-protein transferase activity	biological_process	3	2593	16	31285	2.26	1.418e-01	7.651e-01		LOC120020583,dcun1d1,fzr1b
GO:1901655	cellular response to ketone	biological_process	3	2593	16	31285	2.26	1.418e-01	7.651e-01		LOC120028089,LOC120051050,pck1
GO:0002720	positive regulation of cytokine production involved in immune response	biological_process	3	2593	16	31285	2.26	1.418e-01	7.651e-01	Y	LOC120049292,LOC120059053,LOC120059075
GO:0002889	regulation of immunoglobulin mediated immune response	biological_process	3	2593	16	31285	2.26	1.418e-01	7.651e-01	Y	LOC120040917,LOC120042248,LOC120049292
GO:0002712	regulation of B cell mediated immunity	biological_process	3	2593	16	31285	2.26	1.418e-01	7.651e-01		LOC120040917,LOC120042248,LOC120049292
GO:1905606	regulation of presynapse assembly	biological_process	3	2593	16	31285	2.26	1.418e-01	7.651e-01		LOC120033111,LOC120033210,LOC120033233
GO:0099174	regulation of presynapse organization	biological_process	3	2593	16	31285	2.26	1.418e-01	7.651e-01		LOC120033111,LOC120033210,LOC120033233
GO:0005184	neuropeptide hormone activity	molecular_function	6	2593	43	31285	1.68	1.422e-01	7.651e-01		LOC120032607,LOC120048704,cartl,ccka,nmbb,vgf
GO:0160041	neuropeptide activity	molecular_function	6	2593	43	31285	1.68	1.422e-01	7.651e-01		LOC120032607,LOC120048704,cartl,ccka,nmbb,vgf
GO:0007088	regulation of mitotic nuclear division	biological_process	6	2593	43	31285	1.68	1.422e-01	7.651e-01		LOC120024463,LOC120032610,LOC120047536,LOC120063176,bora,mki67
GO:0042802	identical protein binding	molecular_function	12	2593	103	31285	1.41	1.448e-01	7.651e-01		LOC120022305,LOC120027373,LOC120034479,LOC120044885,LOC120049334,LOC120049662,LOC120058476,mcl1b,mdm2,pfkpa,terf1,terfa
GO:0016712	oxidoreductase activity, acting on paired donors, with incorporation or reduction of molecular oxygen, reduced flavin or flavoprotein as one donor, and incorporation of one atom of oxygen	molecular_function	7	2593	53	31285	1.59	1.465e-01	7.651e-01	Y	LOC120032885,LOC120040610,LOC120044841,LOC120052641,LOC120053661,LOC120055983,LOC120056044
GO:0042127	regulation of cell population proliferation	biological_process	34	2593	340	31285	1.21	1.467e-01	7.651e-01		LOC120018300,LOC120022426,LOC120022634,LOC120023224,LOC120025722,LOC120027678,LOC120031042,LOC120032526,LOC120032527,LOC120032924,LOC120033014,LOC120033139,LOC120033262,LOC120034058,LOC120034797,LOC120036644,LOC120037027,LOC120040917,LOC120042248,LOC120045234,LOC120046320,LOC120046350,LOC120047302,LOC120048344,LOC120049360
GO:0015645	fatty acid ligase activity	molecular_function	5	2593	34	31285	1.77	1.468e-01	7.651e-01	Y	LOC120034531,LOC120041848,LOC120041865,LOC120063560,acsl1a
GO:0002699	positive regulation of immune effector process	biological_process	5	2593	34	31285	1.77	1.468e-01	7.651e-01	Y	LOC120040917,LOC120042248,LOC120049292,LOC120059053,LOC120059075
GO:0048545	response to steroid hormone	biological_process	5	2593	34	31285	1.77	1.468e-01	7.651e-01		LOC120028089,LOC120030016,LOC120049205,LOC120051050,pck1
GO:0000209	protein polyubiquitination	biological_process	22	2593	209	31285	1.27	1.468e-01	7.651e-01		LOC120021774,LOC120026428,LOC120026808,LOC120029958,LOC120031219,LOC120032342,LOC120033051,LOC120037614,LOC120039932,LOC120040402,LOC120042872,LOC120046258,LOC120047112,LOC120048342,LOC120049707,LOC120063176,LOC120063782,LOC120064119,prkn,rnf14,rnf34a,traf6
GO:0005262	calcium channel activity	molecular_function	19	2593	177	31285	1.3	1.478e-01	7.651e-01		LOC120017401,LOC120021849,LOC120023380,LOC120024696,LOC120031556,LOC120034271,LOC120034351,LOC120035038,LOC120039049,LOC120040198,LOC120041637,LOC120044647,LOC120047712,LOC120052219,LOC120054436,LOC120060148,LOC120061553,mcoln1b,slc24a5
GO:0008328	ionotropic glutamate receptor complex	cellular_component	10	2593	83	31285	1.45	1.481e-01	7.651e-01		LOC120021676,LOC120026501,LOC120026774,LOC120031313,LOC120031587,LOC120044423,LOC120044552,LOC120044647,LOC120047712,grin2da
GO:0098878	neurotransmitter receptor complex	cellular_component	10	2593	83	31285	1.45	1.481e-01	7.651e-01		LOC120021676,LOC120026501,LOC120026774,LOC120031313,LOC120031587,LOC120044423,LOC120044552,LOC120044647,LOC120047712,grin2da
GO:0006986	response to unfolded protein	biological_process	10	2593	83	31285	1.45	1.481e-01	7.651e-01		LOC120017721,LOC120025046,LOC120030879,LOC120030881,LOC120034057,LOC120041248,LOC120044673,LOC120058342,LOC120059594,herpud2
GO:0140322	A1-type glycerophospholipase activity	molecular_function	4	2593	25	31285	1.93	1.483e-01	7.651e-01		LOC120032516,LOC120047943,LOC120062432,gdpd1
GO:0017110	nucleoside diphosphate phosphatase activity	molecular_function	4	2593	25	31285	1.93	1.483e-01	7.651e-01		LOC120021611,LOC120025430,LOC120032822,entpd5a
GO:0008467	[heparan sulfate]-glucosamine 3-sulfotransferase activity	molecular_function	4	2593	25	31285	1.93	1.483e-01	7.651e-01		LOC120034016,LOC120044076,LOC120044545,LOC120044546
GO:1902099	regulation of metaphase/anaphase transition of cell cycle	biological_process	4	2593	25	31285	1.93	1.483e-01	7.651e-01		LOC120024463,LOC120032610,LOC120047536,LOC120063176
GO:0010965	regulation of mitotic sister chromatid separation	biological_process	4	2593	25	31285	1.93	1.483e-01	7.651e-01		LOC120024463,LOC120032610,LOC120047536,LOC120063176
GO:0030071	regulation of mitotic metaphase/anaphase transition	biological_process	4	2593	25	31285	1.93	1.483e-01	7.651e-01		LOC120024463,LOC120032610,LOC120047536,LOC120063176
GO:0046112	nucleobase biosynthetic process	biological_process	4	2593	25	31285	1.93	1.483e-01	7.651e-01		LOC120020563,LOC120027373,LOC120046375,LOC120051214
GO:1990782	protein tyrosine kinase binding	molecular_function	8	2593	63	31285	1.53	1.484e-01	7.651e-01		LOC120019104,LOC120036644,LOC120047732,LOC120048594,LOC120048766,LOC120050008,LOC120052143,LOC120063028
GO:0044272	sulfur compound biosynthetic process	biological_process	8	2593	63	31285	1.53	1.484e-01	7.651e-01		LOC120029829,LOC120033928,LOC120034662,LOC120034669,LOC120046331,LOC120046708,LOC120050321,acsl1a
GO:0046907	intracellular transport	biological_process	121	2593	1330	31285	1.1	1.486e-01	7.651e-01		LOC120017770,LOC120019826,LOC120020088,LOC120021737,LOC120022111,LOC120023396,LOC120023616,LOC120024345,LOC120024699,LOC120025169,LOC120027915,LOC120028225,LOC120028889,LOC120029114,LOC120031975,LOC120032191,LOC120032359,LOC120032491,LOC120032511,LOC120032514,LOC120032572,LOC120032609,LOC120032888,LOC120033566,LOC120033623
GO:0031519	PcG protein complex	cellular_component	9	2593	73	31285	1.49	1.487e-01	7.651e-01		LOC120020565,LOC120022272,LOC120030053,LOC120032213,LOC120032805,LOC120034884,LOC120039779,LOC120052968,LOC120066437
GO:0010564	regulation of cell cycle process	biological_process	26	2593	253	31285	1.24	1.500e-01	7.651e-01		LOC120019248,LOC120019313,LOC120022294,LOC120022971,LOC120024463,LOC120032610,LOC120032951,LOC120035109,LOC120037027,LOC120044542,LOC120046317,LOC120047536,LOC120049937,LOC120050364,LOC120051461,LOC120055871,LOC120063176,ankk1,bora,cep131,eme1,fancd2,insm1b,mki67,rock2a
GO:0019899	enzyme binding	molecular_function	79	2593	848	31285	1.12	1.500e-01	7.651e-01		LOC120019104,LOC120020583,LOC120021774,LOC120024897,LOC120025046,LOC120025972,LOC120026446,LOC120029981,LOC120030879,LOC120030881,LOC120031328,LOC120031347,LOC120031486,LOC120031977,LOC120032522,LOC120032589,LOC120032709,LOC120032913,LOC120032941,LOC120033051,LOC120033559,LOC120033563,LOC120033919,LOC120034052,LOC120034057
GO:0003713	transcription coactivator activity	molecular_function	15	2593	135	31285	1.34	1.502e-01	7.651e-01		LOC120022581,LOC120023754,LOC120028030,LOC120029193,LOC120032589,LOC120033139,LOC120034476,LOC120034795,LOC120046489,LOC120050036,LOC120050052,LOC120050082,LOC120059492,LOC120061449,si:dkey-38n4.2
GO:0007018	microtubule-based movement	biological_process	31	2593	308	31285	1.21	1.510e-01	7.651e-01		LOC120023616,LOC120024223,LOC120031210,LOC120032210,LOC120032514,LOC120033767,LOC120035100,LOC120041882,LOC120042376,LOC120044085,LOC120045246,LOC120047537,LOC120049662,LOC120049767,LOC120049846,LOC120054602,LOC120055533,LOC120058709,LOC120060166,LOC120065207,ccdc39,cep131,dnah2,dynlt5,hydin
GO:0002684	positive regulation of immune system process	biological_process	24	2593	232	31285	1.25	1.536e-01	7.651e-01	Y	LOC120022426,LOC120022634,LOC120024201,LOC120027678,LOC120031042,LOC120034797,LOC120035059,LOC120036644,LOC120040917,LOC120042248,LOC120043750,LOC120049292,LOC120049497,LOC120049759,LOC120051110,LOC120051325,LOC120053888,LOC120057064,LOC120058342,LOC120059053,LOC120059075,LOC120062766,LOC120062892,si:ch211-243a20.4
GO:0051015	actin filament binding	molecular_function	37	2593	375	31285	1.19	1.536e-01	7.651e-01		LOC120017463,LOC120018338,LOC120019531,LOC120019826,LOC120020510,LOC120020691,LOC120023746,LOC120024699,LOC120027158,LOC120029154,LOC120029532,LOC120030952,LOC120031943,LOC120032010,LOC120032585,LOC120032606,LOC120032678,LOC120033956,LOC120034014,LOC120035145,LOC120036180,LOC120044586,LOC120045555,LOC120046342,LOC120046740
GO:0034728	nucleosome organization	biological_process	6	2593	44	31285	1.65	1.538e-01	7.651e-01		LOC120017900,LOC120021779,LOC120021806,LOC120037149,LOC120050135,LOC120059566
GO:0007416	synapse assembly	biological_process	6	2593	44	31285	1.65	1.538e-01	7.651e-01		LOC120025932,LOC120050074,LOC120050097,LOC120056781,LOC120062135,lgi2a
GO:0010629	negative regulation of gene expression	biological_process	30	2593	298	31285	1.21	1.553e-01	7.651e-01		LOC120018286,LOC120019548,LOC120022441,LOC120022442,LOC120026950,LOC120027918,LOC120027929,LOC120031391,LOC120036471,LOC120042479,LOC120044165,LOC120046454,LOC120046600,LOC120047885,LOC120048344,LOC120049289,LOC120049316,LOC120049627,LOC120049662,LOC120055850,LOC120058182,LOC120060383,LOC120061992,LOC120062272,LOC120065617
GO:0035091	phosphatidylinositol binding	molecular_function	15	2593	136	31285	1.33	1.566e-01	7.651e-01		LOC120017480,LOC120027734,LOC120028853,LOC120032611,LOC120033304,LOC120033978,LOC120041350,LOC120042932,LOC120044007,LOC120046752,LOC120065574,gga3b,noxo1a,sh3yl1,snx1a
GO:0030968	endoplasmic reticulum unfolded protein response	biological_process	7	2593	54	31285	1.56	1.571e-01	7.651e-01		LOC120025046,LOC120030879,LOC120030881,LOC120041248,LOC120044673,LOC120059594,herpud2
GO:1901800	positive regulation of proteasomal protein catabolic process	biological_process	7	2593	54	31285	1.56	1.571e-01	7.651e-01		LOC120042708,LOC120048342,LOC120051919,dda1,fzr1b,prkn,rnf14
GO:0015085	calcium ion transmembrane transporter activity	molecular_function	23	2593	222	31285	1.25	1.579e-01	7.651e-01		LOC120017401,LOC120021849,LOC120023380,LOC120024696,LOC120031556,LOC120031811,LOC120034271,LOC120034351,LOC120035038,LOC120039049,LOC120040198,LOC120041637,LOC120044647,LOC120047712,LOC120051696,LOC120052219,LOC120054436,LOC120060148,LOC120061553,LOC120064860,mcoln1b,slc24a5,slc8a2b
GO:0099518	vesicle cytoskeletal trafficking	biological_process	8	2593	64	31285	1.51	1.581e-01	7.651e-01	Y	LOC120019826,LOC120024699,LOC120041882,LOC120047270,myo1ha,myo5aa,ndel1b,si:ch211-243a20.3
GO:2000058	regulation of ubiquitin-dependent protein catabolic process	biological_process	8	2593	64	31285	1.51	1.581e-01	7.651e-01		LOC120024073,LOC120042708,LOC120048342,LOC120051919,dda1,fzr1b,prkn,rnf14
GO:1905368	peptidase complex	cellular_component	16	2593	147	31285	1.31	1.593e-01	7.651e-01		LOC120021373,LOC120023431,LOC120028660,LOC120032635,LOC120034476,LOC120034949,LOC120037910,LOC120046306,LOC120046317,LOC120048802,LOC120050364,LOC120056907,LOC120056966,spcs2,taf10,taf12
GO:0120031	plasma membrane bounded cell projection assembly	biological_process	28	2593	277	31285	1.22	1.597e-01	7.651e-01		LOC120022770,LOC120024223,LOC120031835,LOC120032687,LOC120032794,LOC120035100,LOC120040161,LOC120042708,LOC120044085,LOC120047746,LOC120048865,LOC120049039,LOC120053598,LOC120055773,LOC120058709,LOC120061694,ccdc39,cep131,cfap20,dynll2a,fgd1,hoatz,hydin,iqub,odad3
GO:0000959	mitochondrial RNA metabolic process	biological_process	5	2593	35	31285	1.72	1.603e-01	7.651e-01		LOC120020140,LOC120046600,LOC120054763,elac2,tefm
GO:0060537	muscle tissue development	biological_process	5	2593	35	31285	1.72	1.603e-01	7.651e-01	Y	LOC120030952,LOC120040389,LOC120049192,csrp2,csrp3
GO:0098793	presynapse	cellular_component	36	2593	366	31285	1.19	1.619e-01	7.651e-01		LOC120020067,LOC120020198,LOC120024345,LOC120026774,LOC120031313,LOC120031587,LOC120032050,LOC120032946,LOC120041950,LOC120044650,LOC120045713,LOC120045871,LOC120046321,LOC120048677,LOC120049326,LOC120049373,LOC120049662,LOC120049964,LOC120051543,LOC120052902,LOC120052904,LOC120053451,LOC120055773,LOC120055959,LOC120056477
GO:0007254	JNK cascade	biological_process	3	2593	17	31285	2.13	1.621e-01	7.651e-01		LOC120017495,LOC120059771,map3k12
GO:0007586	digestion	biological_process	3	2593	17	31285	2.13	1.621e-01	7.651e-01		LOC120032607,LOC120057544,ccka
GO:0016273	arginine N-methyltransferase activity	molecular_function	3	2593	17	31285	2.13	1.621e-01	7.651e-01		LOC120017684,LOC120034490,LOC120034541
GO:0016274	protein-arginine N-methyltransferase activity	molecular_function	3	2593	17	31285	2.13	1.621e-01	7.651e-01		LOC120017684,LOC120034490,LOC120034541
GO:1902105	regulation of leukocyte differentiation	biological_process	3	2593	17	31285	2.13	1.621e-01	7.651e-01		LOC120032389,LOC120053888,si:ch211-243a20.4
GO:0008409	5'-3' exonuclease activity	molecular_function	3	2593	17	31285	2.13	1.621e-01	7.651e-01		LOC120046348,LOC120055850,dclre1a
GO:0060295	regulation of cilium movement involved in cell motility	biological_process	3	2593	17	31285	2.13	1.621e-01	7.651e-01		LOC120022770,LOC120024223,cfap20
GO:1902019	regulation of cilium-dependent cell motility	biological_process	3	2593	17	31285	2.13	1.621e-01	7.651e-01		LOC120022770,LOC120024223,cfap20
GO:0042246	tissue regeneration	biological_process	3	2593	17	31285	2.13	1.621e-01	7.651e-01		LOC120022634,LOC120031042,LOC120065092
GO:0018455	alcohol dehydrogenase [NAD(P)+] activity	molecular_function	3	2593	17	31285	2.13	1.621e-01	7.651e-01		LOC120032046,LOC120034574,LOC120052646
GO:0006577	amino-acid betaine metabolic process	biological_process	3	2593	17	31285	2.13	1.621e-01	7.651e-01		LOC120024893,LOC120033335,LOC120053968
GO:0009437	carnitine metabolic process	biological_process	3	2593	17	31285	2.13	1.621e-01	7.651e-01		LOC120024893,LOC120033335,LOC120053968
GO:1901570	fatty acid derivative biosynthetic process	biological_process	3	2593	17	31285	2.13	1.621e-01	7.651e-01	Y	LOC120023534,LOC120046331,acsl1a
GO:0043523	regulation of neuron apoptotic process	biological_process	3	2593	17	31285	2.13	1.621e-01	7.651e-01		LOC120044239,LOC120061462,apoc2
GO:0043524	negative regulation of neuron apoptotic process	biological_process	3	2593	17	31285	2.13	1.621e-01	7.651e-01		LOC120044239,LOC120061462,apoc2
GO:0044298	cell body membrane	cellular_component	3	2593	17	31285	2.13	1.621e-01	7.651e-01		LOC120031838,LOC120056459,LOC120060854
GO:0032809	neuronal cell body membrane	cellular_component	3	2593	17	31285	2.13	1.621e-01	7.651e-01		LOC120031838,LOC120056459,LOC120060854
GO:0008285	negative regulation of cell population proliferation	biological_process	11	2593	95	31285	1.4	1.625e-01	7.651e-01		LOC120022426,LOC120022634,LOC120025722,LOC120027678,LOC120031042,LOC120036644,LOC120037027,LOC120059053,LOC120059075,cdkn2a/b,cdkn2d
GO:0022407	regulation of cell-cell adhesion	biological_process	11	2593	95	31285	1.4	1.625e-01	7.651e-01		LOC120021739,LOC120022426,LOC120027678,LOC120034797,LOC120035113,LOC120036644,LOC120043750,LOC120049915,LOC120058342,LOC120059053,LOC120059075
GO:0019319	hexose biosynthetic process	biological_process	4	2593	26	31285	1.86	1.644e-01	7.651e-01		LOC120028089,LOC120051050,gpia,pck1
GO:0006939	smooth muscle contraction	biological_process	4	2593	26	31285	1.86	1.644e-01	7.651e-01	Y	LOC120023737,LOC120029673,LOC120054611,rock2a
GO:0042593	glucose homeostasis	biological_process	4	2593	26	31285	1.86	1.644e-01	7.651e-01		LOC120028089,LOC120051050,LOC120056015,pck1
GO:0033500	carbohydrate homeostasis	biological_process	4	2593	26	31285	1.86	1.644e-01	7.651e-01		LOC120028089,LOC120051050,LOC120056015,pck1
GO:0006879	intracellular iron ion homeostasis	biological_process	4	2593	26	31285	1.86	1.644e-01	7.651e-01		LOC120031263,LOC120032769,LOC120033782,LOC120052569
GO:0006518	peptide metabolic process	biological_process	6	2593	45	31285	1.61	1.659e-01	7.651e-01		LOC120032113,LOC120032506,LOC120039298,LOC120062720,LOC120066645,anpepb
GO:0034483	heparan sulfate sulfotransferase activity	molecular_function	6	2593	45	31285	1.61	1.659e-01	7.651e-01		LOC120033544,LOC120034016,LOC120044076,LOC120044545,LOC120044546,LOC120055775
GO:0044390	ubiquitin-like protein conjugating enzyme binding	molecular_function	6	2593	45	31285	1.61	1.659e-01	7.651e-01		LOC120020583,LOC120047112,LOC120048342,dcun1d1,prkn,rnf14
GO:0030593	neutrophil chemotaxis	biological_process	6	2593	45	31285	1.61	1.659e-01	7.651e-01		LOC120023737,LOC120024931,LOC120033438,LOC120037605,LOC120055680,LOC120063433
GO:0005272	sodium channel activity	molecular_function	6	2593	45	31285	1.61	1.659e-01	7.651e-01		LOC120026774,LOC120031313,LOC120031587,LOC120035038,LOC120041637,LOC120041835
GO:0009416	response to light stimulus	biological_process	6	2593	45	31285	1.61	1.659e-01	7.651e-01		LOC120031912,LOC120042990,LOC120044556,LOC120051989,LOC120065317,ercc1
GO:0098984	neuron to neuron synapse	cellular_component	20	2593	191	31285	1.26	1.660e-01	7.651e-01		LOC120023137,LOC120025042,LOC120029532,LOC120033233,LOC120033956,LOC120037100,LOC120044006,LOC120044552,LOC120044647,LOC120045894,LOC120047712,LOC120049662,LOC120050074,LOC120050097,LOC120059577,LOC120064860,LOC120066718,adgrl1a,arhgap44a,grin2da
GO:0032279	asymmetric synapse	cellular_component	20	2593	191	31285	1.26	1.660e-01	7.651e-01		LOC120023137,LOC120025042,LOC120029532,LOC120033233,LOC120033956,LOC120037100,LOC120044006,LOC120044552,LOC120044647,LOC120045894,LOC120047712,LOC120049662,LOC120050074,LOC120050097,LOC120059577,LOC120064860,LOC120066718,adgrl1a,arhgap44a,grin2da
GO:0014069	postsynaptic density	cellular_component	20	2593	191	31285	1.26	1.660e-01	7.651e-01		LOC120023137,LOC120025042,LOC120029532,LOC120033233,LOC120033956,LOC120037100,LOC120044006,LOC120044552,LOC120044647,LOC120045894,LOC120047712,LOC120049662,LOC120050074,LOC120050097,LOC120059577,LOC120064860,LOC120066718,adgrl1a,arhgap44a,grin2da
GO:0009628	response to abiotic stimulus	biological_process	20	2593	191	31285	1.26	1.660e-01	7.651e-01		LOC120025161,LOC120026056,LOC120026418,LOC120031912,LOC120032522,LOC120032670,LOC120034531,LOC120034793,LOC120034803,LOC120035038,LOC120042990,LOC120044556,LOC120045029,LOC120050580,LOC120050584,LOC120050824,LOC120051461,LOC120051989,LOC120065317,ercc1
GO:0009134	nucleoside diphosphate catabolic process	biological_process	9	2593	75	31285	1.45	1.669e-01	7.651e-01		LOC120021611,LOC120024980,LOC120025430,LOC120028781,LOC120032822,entpd5a,gpia,pfkpa,pklr
GO:0005798	Golgi-associated vesicle	cellular_component	9	2593	75	31285	1.45	1.669e-01	7.651e-01		LOC120017770,LOC120024700,LOC120032511,LOC120045713,LOC120048677,LOC120049249,LOC120052902,ap1s1,cracr2b
GO:0034620	cellular response to unfolded protein	biological_process	9	2593	75	31285	1.45	1.669e-01	7.651e-01		LOC120025046,LOC120030879,LOC120030881,LOC120034057,LOC120041248,LOC120044673,LOC120058342,LOC120059594,herpud2
GO:0008028	monocarboxylic acid transmembrane transporter activity	molecular_function	7	2593	55	31285	1.54	1.680e-01	7.651e-01		LOC120029672,LOC120033623,LOC120034531,LOC120044103,LOC120047927,LOC120049318,LOC120049357
GO:0030595	leukocyte chemotaxis	biological_process	7	2593	55	31285	1.54	1.680e-01	7.651e-01		LOC120023737,LOC120024769,LOC120024931,LOC120033438,LOC120037605,LOC120055680,LOC120063433
GO:0007093	mitotic cell cycle checkpoint signaling	biological_process	8	2593	65	31285	1.48	1.681e-01	7.651e-01		LOC120022294,LOC120024463,LOC120032951,LOC120047536,LOC120051461,LOC120055871,eme1,fancd2
GO:0001227	DNA-binding transcription repressor activity, RNA polymerase II-specific	molecular_function	8	2593	65	31285	1.48	1.681e-01	7.651e-01		LOC120031486,LOC120032414,LOC120033487,LOC120037301,LOC120039521,LOC120043712,LOC120058955,insm1b
GO:0001217	DNA-binding transcription repressor activity	molecular_function	8	2593	65	31285	1.48	1.681e-01	7.651e-01		LOC120031486,LOC120032414,LOC120033487,LOC120037301,LOC120039521,LOC120043712,LOC120058955,insm1b
GO:0032869	cellular response to insulin stimulus	biological_process	8	2593	65	31285	1.48	1.681e-01	7.651e-01		LOC120022070,LOC120023754,LOC120028030,LOC120028089,LOC120048677,LOC120051050,cracr2b,pck1
GO:0099572	postsynaptic specialization	cellular_component	23	2593	224	31285	1.24	1.683e-01	7.651e-01		LOC120023137,LOC120025042,LOC120025932,LOC120029532,LOC120033233,LOC120033956,LOC120037100,LOC120044006,LOC120044552,LOC120044647,LOC120045894,LOC120047712,LOC120049662,LOC120050074,LOC120050097,LOC120055543,LOC120059577,LOC120062135,LOC120064860,LOC120066718,adgrl1a,arhgap44a,grin2da
GO:0035966	response to topologically incorrect protein	biological_process	11	2593	96	31285	1.38	1.707e-01	7.651e-01		LOC120017721,LOC120025046,LOC120030879,LOC120030881,LOC120034057,LOC120041248,LOC120044673,LOC120050509,LOC120058342,LOC120059594,herpud2
GO:0006790	sulfur compound metabolic process	biological_process	19	2593	181	31285	1.27	1.707e-01	7.651e-01		LOC120024269,LOC120028813,LOC120029829,LOC120031483,LOC120031887,LOC120033928,LOC120034662,LOC120034669,LOC120038056,LOC120046331,LOC120046708,LOC120050321,LOC120051743,LOC120052371,LOC120061980,LOC120062720,acsl1a,thtpa,txnrd2.2
GO:0140993	histone modifying activity	molecular_function	19	2593	181	31285	1.27	1.707e-01	7.651e-01		LOC120021369,LOC120022441,LOC120024164,LOC120029530,LOC120031903,LOC120034085,LOC120034494,LOC120036107,LOC120036526,LOC120039236,LOC120040364,LOC120047221,LOC120049828,LOC120050080,LOC120050980,LOC120060142,LOC120061008,LOC120063180,LOC120063786
GO:0002376	immune system process	biological_process	63	2593	674	31285	1.13	1.736e-01	7.651e-01	Y	LOC120019104,LOC120019196,LOC120021224,LOC120022426,LOC120022571,LOC120023642,LOC120023737,LOC120024214,LOC120024769,LOC120024920,LOC120024924,LOC120024931,LOC120027678,LOC120027902,LOC120028377,LOC120032458,LOC120032980,LOC120033139,LOC120033438,LOC120034795,LOC120034797,LOC120035059,LOC120036493,LOC120036644,LOC120037605
GO:0007020	microtubule nucleation	biological_process	5	2593	36	31285	1.68	1.743e-01	7.651e-01		LOC120036138,LOC120041882,LOC120051397,mzt1,ndel1b
GO:0043009	chordate embryonic development	biological_process	5	2593	36	31285	1.68	1.743e-01	7.651e-01		LOC120049142,LOC120053527,LOC120054283,LOC120065817,hoxa2b
GO:0009792	embryo development ending in birth or egg hatching	biological_process	5	2593	36	31285	1.68	1.743e-01	7.651e-01		LOC120049142,LOC120053527,LOC120054283,LOC120065817,hoxa2b
GO:0098930	axonal transport	biological_process	5	2593	36	31285	1.68	1.743e-01	7.651e-01		LOC120032514,LOC120047537,LOC120049662,LOC120060166,trak1a
GO:0030050	vesicle transport along actin filament	biological_process	5	2593	36	31285	1.68	1.743e-01	7.651e-01		LOC120019826,LOC120024699,LOC120047270,myo1ha,myo5aa
GO:0099515	actin filament-based transport	biological_process	5	2593	36	31285	1.68	1.743e-01	7.651e-01		LOC120019826,LOC120024699,LOC120047270,myo1ha,myo5aa
GO:0007338	single fertilization	biological_process	5	2593	36	31285	1.68	1.743e-01	7.651e-01		LOC120032709,LOC120041593,LOC120053973,LOC120055371,LOC120058090
GO:2000045	regulation of G1/S transition of mitotic cell cycle	biological_process	5	2593	36	31285	1.68	1.743e-01	7.651e-01		LOC120037027,LOC120046317,LOC120049937,LOC120050364,LOC120055871
GO:0003006	developmental process involved in reproduction	biological_process	14	2593	128	31285	1.32	1.744e-01	7.651e-01		LOC120024223,LOC120024827,LOC120027918,LOC120027929,LOC120032709,LOC120035146,LOC120041593,LOC120052221,LOC120055371,LOC120058090,LOC120061992,lhcgr,spata6l,zglp1
GO:0009986	cell surface	cellular_component	39	2593	403	31285	1.17	1.759e-01	7.651e-01		LOC120019104,LOC120019196,LOC120021872,LOC120022426,LOC120023642,LOC120024920,LOC120025932,LOC120026255,LOC120027678,LOC120027902,LOC120028082,LOC120032458,LOC120032973,LOC120033459,LOC120033570,LOC120034288,LOC120036493,LOC120036644,LOC120037855,LOC120040917,LOC120042248,LOC120042766,LOC120044381,LOC120044547,LOC120045539
GO:0007281	germ cell development	biological_process	9	2593	76	31285	1.43	1.764e-01	7.651e-01		LOC120024223,LOC120027918,LOC120027929,LOC120032709,LOC120041593,LOC120055371,LOC120058090,LOC120061992,zglp1
GO:0045937	positive regulation of phosphate metabolic process	biological_process	30	2593	303	31285	1.19	1.778e-01	7.651e-01		LOC120023181,LOC120024896,LOC120031671,LOC120032502,LOC120032526,LOC120032527,LOC120032684,LOC120032924,LOC120033262,LOC120033559,LOC120034531,LOC120034797,LOC120035390,LOC120040917,LOC120042248,LOC120049360,LOC120049662,LOC120053194,LOC120053888,LOC120054120,LOC120054283,LOC120059053,LOC120059075,LOC120061462,LOC120063117
GO:0042327	positive regulation of phosphorylation	biological_process	30	2593	303	31285	1.19	1.778e-01	7.651e-01		LOC120023181,LOC120024896,LOC120031671,LOC120032502,LOC120032526,LOC120032527,LOC120032684,LOC120032924,LOC120033262,LOC120033559,LOC120034531,LOC120034797,LOC120035390,LOC120040917,LOC120042248,LOC120049360,LOC120049662,LOC120053194,LOC120053888,LOC120054120,LOC120054283,LOC120059053,LOC120059075,LOC120061462,LOC120063117
GO:0051783	regulation of nuclear division	biological_process	6	2593	46	31285	1.57	1.783e-01	7.651e-01		LOC120024463,LOC120032610,LOC120047536,LOC120063176,bora,mki67
GO:0044743	protein transmembrane import into intracellular organelle	biological_process	6	2593	46	31285	1.57	1.783e-01	7.651e-01		LOC120032888,LOC120036195,LOC120046857,LOC120047124,LOC120048765,LOC120061152
GO:0004521	RNA endonuclease activity	molecular_function	8	2593	66	31285	1.46	1.783e-01	7.651e-01		LOC120018286,LOC120019548,LOC120041248,LOC120044673,LOC120047785,elac2,endou2,rnaset2l
GO:0006406	mRNA export from nucleus	biological_process	8	2593	66	31285	1.46	1.783e-01	7.651e-01		LOC120027915,LOC120032609,LOC120059570,LOC120059580,LOC120062272,ddx39ab,nup85,tpra
GO:0032103	positive regulation of response to external stimulus	biological_process	11	2593	97	31285	1.37	1.791e-01	7.651e-01		LOC120022634,LOC120024201,LOC120024769,LOC120031042,LOC120040917,LOC120042248,LOC120049292,LOC120051325,LOC120057064,LOC120062766,LOC120062892
GO:0030660	Golgi-associated vesicle membrane	cellular_component	7	2593	56	31285	1.51	1.792e-01	7.651e-01		LOC120017770,LOC120024700,LOC120032511,LOC120045713,LOC120049249,LOC120052902,ap1s1
GO:0022408	negative regulation of cell-cell adhesion	biological_process	7	2593	56	31285	1.51	1.792e-01	7.651e-01		LOC120022426,LOC120027678,LOC120035113,LOC120036644,LOC120049915,LOC120059053,LOC120059075
GO:0061135	endopeptidase regulator activity	molecular_function	17	2593	161	31285	1.27	1.806e-01	7.651e-01		LOC120018265,LOC120019682,LOC120023315,LOC120029927,LOC120031250,LOC120032492,LOC120032520,LOC120032521,LOC120032617,LOC120041558,LOC120042161,LOC120046317,LOC120049289,LOC120049327,LOC120050364,LOC120053664,LOC120065090
GO:0000018	regulation of DNA recombination	biological_process	4	2593	27	31285	1.79	1.812e-01	7.651e-01		LOC120040917,LOC120042248,LOC120044542,terfa
GO:0007040	lysosome organization	biological_process	4	2593	27	31285	1.79	1.812e-01	7.651e-01		LOC120025225,LOC120060502,cln3,rab38b
GO:0080171	lytic vacuole organization	biological_process	4	2593	27	31285	1.79	1.812e-01	7.651e-01		LOC120025225,LOC120060502,cln3,rab38b
GO:0036297	interstrand cross-link repair	biological_process	4	2593	27	31285	1.79	1.812e-01	7.651e-01		LOC120051989,LOC120065158,dclre1a,fancd2
GO:0034341	response to type II interferon	biological_process	4	2593	27	31285	1.79	1.812e-01	7.651e-01		LOC120024931,LOC120040917,LOC120042248,LOC120055680
GO:0048814	regulation of dendrite morphogenesis	biological_process	4	2593	27	31285	1.79	1.812e-01	7.651e-01		LOC120035934,LOC120049662,LOC120059492,LOC120064033
GO:0008089	anterograde axonal transport	biological_process	4	2593	27	31285	1.79	1.812e-01	7.651e-01		LOC120032514,LOC120049662,LOC120060166,trak1a
GO:0042176	regulation of protein catabolic process	biological_process	14	2593	129	31285	1.31	1.817e-01	7.651e-01		LOC120024073,LOC120035140,LOC120041558,LOC120042708,LOC120046317,LOC120048342,LOC120049327,LOC120050364,LOC120051919,azin1b,dda1,fzr1b,prkn,rnf14
GO:0010605	negative regulation of macromolecule metabolic process	biological_process	90	2593	987	31285	1.1	1.825e-01	7.651e-01		LOC120018286,LOC120018853,LOC120019052,LOC120019509,LOC120019548,LOC120020561,LOC120021680,LOC120021902,LOC120022272,LOC120022441,LOC120022442,LOC120023423,LOC120024099,LOC120026950,LOC120027918,LOC120027929,LOC120028326,LOC120031391,LOC120032414,LOC120032499,LOC120032657,LOC120032805,LOC120032932,LOC120033484,LOC120033487
GO:0007219	Notch signaling pathway	biological_process	10	2593	87	31285	1.39	1.827e-01	7.651e-01		LOC120031752,LOC120033139,LOC120036120,LOC120043875,LOC120046489,LOC120048399,LOC120050036,LOC120050082,LOC120061449,si:dkey-38n4.2
GO:0042330	taxis	biological_process	19	2593	183	31285	1.25	1.828e-01	7.651e-01		LOC120023487,LOC120023737,LOC120024769,LOC120024931,LOC120032980,LOC120033438,LOC120035048,LOC120037605,LOC120041968,LOC120048423,LOC120048664,LOC120055596,LOC120055680,LOC120062766,LOC120062892,LOC120063433,LOC120063847,ccr9a,fgf7
GO:0006935	chemotaxis	biological_process	19	2593	183	31285	1.25	1.828e-01	7.651e-01		LOC120023487,LOC120023737,LOC120024769,LOC120024931,LOC120032980,LOC120033438,LOC120035048,LOC120037605,LOC120041968,LOC120048423,LOC120048664,LOC120055596,LOC120055680,LOC120062766,LOC120062892,LOC120063433,LOC120063847,ccr9a,fgf7
GO:0010962	regulation of glucan biosynthetic process	biological_process	3	2593	18	31285	2.01	1.833e-01	7.651e-01		LOC120028326,LOC120029981,LOC120045648
GO:0005979	regulation of glycogen biosynthetic process	biological_process	3	2593	18	31285	2.01	1.833e-01	7.651e-01		LOC120028326,LOC120029981,LOC120045648
GO:0032881	regulation of polysaccharide metabolic process	biological_process	3	2593	18	31285	2.01	1.833e-01	7.651e-01		LOC120028326,LOC120029981,LOC120045648
GO:0070873	regulation of glycogen metabolic process	biological_process	3	2593	18	31285	2.01	1.833e-01	7.651e-01		LOC120028326,LOC120029981,LOC120045648
GO:0032885	regulation of polysaccharide biosynthetic process	biological_process	3	2593	18	31285	2.01	1.833e-01	7.651e-01		LOC120028326,LOC120029981,LOC120045648
GO:0031312	extrinsic component of organelle membrane	cellular_component	3	2593	18	31285	2.01	1.833e-01	7.651e-01		LOC120018326,LOC120028564,LOC120049933
GO:0042509	regulation of tyrosine phosphorylation of STAT protein	biological_process	3	2593	18	31285	2.01	1.833e-01	7.651e-01		LOC120034797,LOC120040917,LOC120042248
GO:0042531	positive regulation of tyrosine phosphorylation of STAT protein	biological_process	3	2593	18	31285	2.01	1.833e-01	7.651e-01		LOC120034797,LOC120040917,LOC120042248
GO:0034751	aryl hydrocarbon receptor complex	cellular_component	3	2593	18	31285	2.01	1.833e-01	7.651e-01		LOC120032224,LOC120033754,LOC120057896
GO:0031145	anaphase-promoting complex-dependent catabolic process	biological_process	3	2593	18	31285	2.01	1.833e-01	7.651e-01		LOC120032610,LOC120063176,fzr1b
GO:0098732	macromolecule deacylation	biological_process	3	2593	18	31285	2.01	1.833e-01	7.651e-01		LOC120026877,LOC120050407,LOC120052819
GO:0098734	macromolecule depalmitoylation	biological_process	3	2593	18	31285	2.01	1.833e-01	7.651e-01		LOC120026877,LOC120050407,LOC120052819
GO:0002084	protein depalmitoylation	biological_process	3	2593	18	31285	2.01	1.833e-01	7.651e-01		LOC120026877,LOC120050407,LOC120052819
GO:0035601	protein deacylation	biological_process	3	2593	18	31285	2.01	1.833e-01	7.651e-01		LOC120026877,LOC120050407,LOC120052819
GO:0007259	cell surface receptor signaling pathway via JAK-STAT	biological_process	3	2593	18	31285	2.01	1.833e-01	7.651e-01		LOC120033139,LOC120034058,LOC120055743
GO:0097696	cell surface receptor signaling pathway via STAT	biological_process	3	2593	18	31285	2.01	1.833e-01	7.651e-01		LOC120033139,LOC120034058,LOC120055743
GO:0031099	regeneration	biological_process	3	2593	18	31285	2.01	1.833e-01	7.651e-01		LOC120022634,LOC120031042,LOC120065092
GO:0006995	cellular response to nitrogen starvation	biological_process	3	2593	18	31285	2.01	1.833e-01	7.651e-01		LOC120031083,LOC120031328,map1lc3a
GO:0043562	cellular response to nitrogen levels	biological_process	3	2593	18	31285	2.01	1.833e-01	7.651e-01		LOC120031083,LOC120031328,map1lc3a
GO:0002718	regulation of cytokine production involved in immune response	biological_process	3	2593	18	31285	2.01	1.833e-01	7.651e-01	Y	LOC120049292,LOC120059053,LOC120059075
GO:0071375	cellular response to peptide hormone stimulus	biological_process	12	2593	108	31285	1.34	1.833e-01	7.651e-01		LOC120022070,LOC120023754,LOC120027037,LOC120028030,LOC120028089,LOC120033116,LOC120034058,LOC120035602,LOC120048677,LOC120051050,cracr2b,pck1
GO:0004518	nuclease activity	molecular_function	20	2593	194	31285	1.24	1.836e-01	7.651e-01		LOC120018286,LOC120019548,LOC120031449,LOC120032639,LOC120041248,LOC120044673,LOC120046348,LOC120046600,LOC120047785,LOC120055850,LOC120064850,LOC120064863,angel1,angel2,dclre1a,elac2,eme1,endou2,rnaset2l,snd1
GO:0070372	regulation of ERK1 and ERK2 cascade	biological_process	9	2593	77	31285	1.41	1.861e-01	7.729e-01		LOC120019104,LOC120024931,LOC120032526,LOC120032527,LOC120036644,LOC120047732,LOC120048230,LOC120048594,LOC120055680
GO:1903037	regulation of leukocyte cell-cell adhesion	biological_process	9	2593	77	31285	1.41	1.861e-01	7.729e-01		LOC120022426,LOC120027678,LOC120034797,LOC120035113,LOC120036644,LOC120043750,LOC120058342,LOC120059053,LOC120059075
GO:0009967	positive regulation of signal transduction	biological_process	44	2593	462	31285	1.15	1.865e-01	7.735e-01		LOC120018251,LOC120019104,LOC120021774,LOC120024931,LOC120026236,LOC120031803,LOC120032005,LOC120032389,LOC120032526,LOC120032527,LOC120032684,LOC120033051,LOC120033559,LOC120033716,LOC120034417,LOC120034795,LOC120035187,LOC120036644,LOC120037504,LOC120040917,LOC120042248,LOC120042708,LOC120042872,LOC120047302,LOC120047732
GO:1902533	positive regulation of intracellular signal transduction	biological_process	35	2593	361	31285	1.17	1.879e-01	7.748e-01		LOC120019104,LOC120021774,LOC120024931,LOC120026236,LOC120031803,LOC120032005,LOC120032389,LOC120032526,LOC120032527,LOC120032684,LOC120033051,LOC120033559,LOC120034417,LOC120035187,LOC120036644,LOC120037504,LOC120040917,LOC120042248,LOC120042872,LOC120047302,LOC120047732,LOC120048230,LOC120048594,LOC120048704,LOC120049917
GO:0015377	chloride:monoatomic cation symporter activity	molecular_function	5	2593	37	31285	1.63	1.888e-01	7.748e-01		LOC120024960,LOC120028812,LOC120045871,LOC120050593,slc24a5
GO:0015296	monoatomic anion:monoatomic cation symporter activity	molecular_function	5	2593	37	31285	1.63	1.888e-01	7.748e-01		LOC120024960,LOC120028812,LOC120045871,LOC120050593,slc24a5
GO:0051119	sugar transmembrane transporter activity	molecular_function	5	2593	37	31285	1.63	1.888e-01	7.748e-01		LOC120031421,LOC120041002,LOC120041070,LOC120047780,LOC120050825
GO:0004864	protein phosphatase inhibitor activity	molecular_function	5	2593	37	31285	1.63	1.888e-01	7.748e-01		LOC120025121,LOC120033162,LOC120033924,LOC120044362,ensab
GO:0009566	fertilization	biological_process	5	2593	37	31285	1.63	1.888e-01	7.748e-01		LOC120032709,LOC120041593,LOC120053973,LOC120055371,LOC120058090
GO:0070509	calcium ion import	biological_process	7	2593	57	31285	1.48	1.908e-01	7.773e-01		LOC120017401,LOC120023380,LOC120031556,LOC120034271,LOC120041637,LOC120061553,slc8a2b
GO:0120254	olefinic compound metabolic process	biological_process	7	2593	57	31285	1.48	1.908e-01	7.773e-01		LOC120029925,LOC120032048,LOC120035040,LOC120035180,LOC120035602,LOC120039976,bco2a
GO:0008037	cell recognition	biological_process	7	2593	57	31285	1.48	1.908e-01	7.773e-01		LOC120032709,LOC120041593,LOC120053807,LOC120053973,LOC120055371,LOC120058090,emb
GO:0030866	cortical actin cytoskeleton organization	biological_process	6	2593	47	31285	1.54	1.911e-01	7.773e-01		LOC120030952,LOC120036180,LOC120036644,LOC120050356,fmnl2b,rock2a
GO:0071621	granulocyte chemotaxis	biological_process	6	2593	47	31285	1.54	1.911e-01	7.773e-01		LOC120023737,LOC120024931,LOC120033438,LOC120037605,LOC120055680,LOC120063433
GO:0010970	transport along microtubule	biological_process	12	2593	109	31285	1.33	1.915e-01	7.773e-01		LOC120023616,LOC120032514,LOC120035100,LOC120041882,LOC120042376,LOC120047537,LOC120049662,LOC120060166,cep131,ndel1b,trak1a,wdr35
GO:0035967	cellular response to topologically incorrect protein	biological_process	10	2593	88	31285	1.37	1.919e-01	7.773e-01		LOC120025046,LOC120030879,LOC120030881,LOC120034057,LOC120041248,LOC120044673,LOC120050509,LOC120058342,LOC120059594,herpud2
GO:0031253	cell projection membrane	cellular_component	10	2593	88	31285	1.37	1.919e-01	7.773e-01		LOC120031838,LOC120033207,LOC120044552,LOC120048461,LOC120049915,LOC120056459,LOC120060854,LOC120061883,pde6gb,sh3yl1
GO:0004857	enzyme inhibitor activity	molecular_function	28	2593	284	31285	1.19	1.935e-01	7.825e-01		LOC120018265,LOC120019682,LOC120023315,LOC120025121,LOC120029927,LOC120031250,LOC120032492,LOC120032520,LOC120032521,LOC120032617,LOC120032941,LOC120033162,LOC120033924,LOC120039311,LOC120041558,LOC120042161,LOC120044362,LOC120048268,LOC120049289,LOC120049327,LOC120049962,LOC120053664,LOC120065090,apoc2,cdkn2a/b
GO:0071900	regulation of protein serine/threonine kinase activity	biological_process	13	2593	120	31285	1.31	1.944e-01	7.849e-01		LOC120032502,LOC120032526,LOC120032527,LOC120032684,LOC120033559,LOC120033703,LOC120034531,LOC120049937,LOC120055905,ccna1,cdk5r2a,cdkn2a/b,cdkn2d
GO:0040011	locomotion	biological_process	19	2593	185	31285	1.24	1.954e-01	7.860e-01		LOC120023487,LOC120023737,LOC120024769,LOC120024931,LOC120032980,LOC120033438,LOC120035048,LOC120037605,LOC120041968,LOC120048423,LOC120048664,LOC120055596,LOC120055680,LOC120062766,LOC120062892,LOC120063433,LOC120063847,ccr9a,fgf7
GO:0006816	calcium ion transport	biological_process	22	2593	218	31285	1.22	1.959e-01	7.860e-01	Y	LOC120017401,LOC120023380,LOC120024696,LOC120031556,LOC120031811,LOC120034271,LOC120034351,LOC120035038,LOC120039049,LOC120040198,LOC120041637,LOC120044647,LOC120047712,LOC120051648,LOC120051696,LOC120052219,LOC120052310,LOC120054436,LOC120060148,LOC120061553,slc24a5,slc8a2b
GO:0022412	cellular process involved in reproduction in multicellular organism	biological_process	9	2593	78	31285	1.39	1.960e-01	7.860e-01		LOC120024223,LOC120027918,LOC120027929,LOC120032709,LOC120041593,LOC120055371,LOC120058090,LOC120061992,zglp1
GO:0045934	negative regulation of nucleobase-containing compound metabolic process	biological_process	51	2593	544	31285	1.13	1.962e-01	7.860e-01		LOC120018853,LOC120019052,LOC120019509,LOC120020561,LOC120021680,LOC120021902,LOC120022272,LOC120023423,LOC120024099,LOC120032414,LOC120032499,LOC120032657,LOC120032805,LOC120032932,LOC120033484,LOC120033487,LOC120033652,LOC120034085,LOC120035241,LOC120035388,LOC120037027,LOC120037301,LOC120038047,LOC120038321,LOC120039521
GO:0036002	pre-mRNA binding	molecular_function	4	2593	28	31285	1.72	1.985e-01	7.860e-01		LOC120022349,LOC120034312,LOC120048196,LOC120051539
GO:0099095	ligand-gated monoatomic anion channel activity	molecular_function	4	2593	28	31285	1.72	1.985e-01	7.860e-01		LOC120033207,LOC120033908,LOC120036315,LOC120061883
GO:0031023	microtubule organizing center organization	biological_process	8	2593	68	31285	1.42	1.996e-01	7.860e-01		LOC120019248,LOC120019313,LOC120026064,LOC120035100,LOC120041882,cntln,ndel1b,si:ch211-140l13.3
GO:0065004	protein-DNA complex assembly	biological_process	8	2593	68	31285	1.42	1.996e-01	7.860e-01		LOC120017900,LOC120021779,LOC120021806,LOC120037149,LOC120050135,LOC120052620,LOC120059566,taf12
GO:0045860	positive regulation of protein kinase activity	biological_process	8	2593	68	31285	1.42	1.996e-01	7.860e-01		LOC120032502,LOC120032526,LOC120032527,LOC120032684,LOC120033559,LOC120034531,bora,cdk5r2a
GO:0016879	ligase activity, forming carbon-nitrogen bonds	molecular_function	8	2593	68	31285	1.42	1.996e-01	7.860e-01		LOC120019718,LOC120025542,LOC120027373,LOC120032708,LOC120051214,LOC120053043,mthfs,ttll9
GO:0060271	cilium assembly	biological_process	25	2593	252	31285	1.2	2.006e-01	7.860e-01		LOC120022770,LOC120024223,LOC120032687,LOC120032794,LOC120035100,LOC120040161,LOC120042708,LOC120044085,LOC120047746,LOC120048865,LOC120049039,LOC120053598,LOC120055773,LOC120058709,ccdc39,cep131,cfap20,dynll2a,hoatz,hydin,iqub,odad3,si:ch211-140l13.3,wdr35,zgc:77752
GO:0010608	post-transcriptional regulation of gene expression	biological_process	25	2593	252	31285	1.2	2.006e-01	7.860e-01		LOC120019548,LOC120020140,LOC120022442,LOC120024099,LOC120026950,LOC120027918,LOC120027929,LOC120030201,LOC120044003,LOC120044165,LOC120046454,LOC120047114,LOC120047885,LOC120049316,LOC120049662,LOC120058182,LOC120061992,LOC120065617,LOC120066515,angel2,exosc8,mif4gdb,paip2b,sepsecs,zcchc17
GO:0030258	lipid modification	biological_process	17	2593	164	31285	1.25	2.008e-01	7.860e-01	Y	LOC120028326,LOC120031120,LOC120033335,LOC120033554,LOC120035040,LOC120035180,LOC120038717,LOC120040861,LOC120045774,LOC120045843,LOC120046331,LOC120048367,LOC120049318,LOC120050811,LOC120056288,LOC120058959,plppr2b
GO:0046649	lymphocyte activation	biological_process	7	2593	58	31285	1.46	2.026e-01	7.860e-01		LOC120019104,LOC120036644,LOC120040917,LOC120042248,LOC120047732,LOC120048594,LOC120058342
GO:0098800	inner mitochondrial membrane protein complex	cellular_component	7	2593	58	31285	1.46	2.026e-01	7.860e-01		LOC120034492,LOC120034543,LOC120036195,LOC120046306,LOC120056966,LOC120060717,LOC120061152
GO:0010646	regulation of cell communication	biological_process	139	2593	1565	31285	1.07	2.031e-01	7.860e-01		LOC120017648,LOC120018249,LOC120018251,LOC120018283,LOC120018300,LOC120019104,LOC120020067,LOC120021774,LOC120021788,LOC120022070,LOC120023137,LOC120023320,LOC120024033,LOC120024257,LOC120024931,LOC120025722,LOC120025932,LOC120026236,LOC120026774,LOC120026854,LOC120027807,LOC120028326,LOC120028632,LOC120028901,LOC120030016
GO:0042073	intraciliary transport	biological_process	5	2593	38	31285	1.59	2.036e-01	7.860e-01		LOC120023616,LOC120035100,LOC120042376,cep131,wdr35
GO:0007266	Rho protein signal transduction	biological_process	5	2593	38	31285	1.59	2.036e-01	7.860e-01		LOC120032563,LOC120034288,LOC120042766,LOC120048618,rock2a
GO:1902806	regulation of cell cycle G1/S phase transition	biological_process	5	2593	38	31285	1.59	2.036e-01	7.860e-01		LOC120037027,LOC120046317,LOC120049937,LOC120050364,LOC120055871
GO:0043270	positive regulation of monoatomic ion transport	biological_process	5	2593	38	31285	1.59	2.036e-01	7.860e-01	Y	LOC120033963,LOC120044048,LOC120051648,LOC120052310,LOC120066365
GO:0009435	NAD+ biosynthetic process	biological_process	3	2593	19	31285	1.91	2.051e-01	7.860e-01		LOC120032167,LOC120033373,LOC120051245
GO:0004382	GDP phosphatase activity	molecular_function	3	2593	19	31285	1.91	2.051e-01	7.860e-01		LOC120021611,LOC120025430,entpd5a
GO:0045134	UDP phosphatase activity	molecular_function	3	2593	19	31285	1.91	2.051e-01	7.860e-01		LOC120021611,LOC120025430,entpd5a
GO:0008526	phosphatidylinositol transfer activity	molecular_function	3	2593	19	31285	1.91	2.051e-01	7.860e-01		LOC120028853,LOC120032611,LOC120065574
GO:0070567	cytidylyltransferase activity	molecular_function	3	2593	19	31285	1.91	2.051e-01	7.860e-01		LOC120031774,LOC120035151,LOC120057283
GO:0005520	insulin-like growth factor binding	molecular_function	3	2593	19	31285	1.91	2.051e-01	7.860e-01	Y	LOC120023320,LOC120032866,LOC120048082
GO:0034502	protein localization to chromosome	biological_process	3	2593	19	31285	1.91	2.051e-01	7.860e-01		LOC120047536,pphln1,terfa
GO:0034596	phosphatidylinositol phosphate 4-phosphatase activity	molecular_function	3	2593	19	31285	1.91	2.051e-01	7.860e-01		LOC120031120,LOC120034790,LOC120045843
GO:0048704	embryonic skeletal system morphogenesis	biological_process	3	2593	19	31285	1.91	2.051e-01	7.860e-01	Y	LOC120053527,LOC120054283,hoxa2b
GO:0001649	osteoblast differentiation	biological_process	3	2593	19	31285	1.91	2.051e-01	7.860e-01		LOC120027807,bglapl,nog2
GO:0002822	regulation of adaptive immune response based on somatic recombination of immune receptors built from immunoglobulin superfamily domains	biological_process	3	2593	19	31285	1.91	2.051e-01	7.860e-01	Y	LOC120040917,LOC120042248,LOC120049292
GO:0002819	regulation of adaptive immune response	biological_process	3	2593	19	31285	1.91	2.051e-01	7.860e-01	Y	LOC120040917,LOC120042248,LOC120049292
GO:0016485	protein processing	biological_process	9	2593	79	31285	1.37	2.061e-01	7.888e-01		LOC120028920,LOC120037855,LOC120038521,LOC120046306,LOC120047639,LOC120048399,LOC120049933,LOC120055744,pcsk6
GO:0005929	cilium	cellular_component	34	2593	354	31285	1.16	2.073e-01	7.919e-01		LOC120019718,LOC120022770,LOC120023616,LOC120024223,LOC120025642,LOC120026473,LOC120031912,LOC120032794,LOC120033198,LOC120033765,LOC120035100,LOC120039755,LOC120042376,LOC120043934,LOC120047746,LOC120048865,LOC120053171,LOC120053598,LOC120055337,LOC120058709,LOC120061057,LOC120065317,ccdc39,cfap20,fam161b
GO:0034762	regulation of transmembrane transport	biological_process	20	2593	198	31285	1.22	2.083e-01	7.923e-01		LOC120018300,LOC120029350,LOC120030672,LOC120033963,LOC120034351,LOC120034574,LOC120043863,LOC120044048,LOC120044552,LOC120044647,LOC120044680,LOC120047712,LOC120050102,LOC120051405,LOC120051648,LOC120052310,LOC120066365,azin1b,kcnj19b,si:dkey-43k4.5
GO:0008757	S-adenosylmethionine-dependent methyltransferase activity	molecular_function	19	2593	187	31285	1.23	2.083e-01	7.923e-01		LOC120017684,LOC120017754,LOC120019684,LOC120022441,LOC120027360,LOC120029324,LOC120033012,LOC120034407,LOC120034490,LOC120034541,LOC120036107,LOC120036321,LOC120037503,LOC120040364,LOC120045580,LOC120047221,LOC120050980,LOC120060142,comtb
GO:0051049	regulation of transport	biological_process	48	2593	513	31285	1.13	2.084e-01	7.923e-01		LOC120018300,LOC120024458,LOC120024861,LOC120029350,LOC120030016,LOC120030672,LOC120031836,LOC120033963,LOC120034026,LOC120034246,LOC120034351,LOC120034415,LOC120034574,LOC120035147,LOC120036772,LOC120041637,LOC120043863,LOC120044048,LOC120044552,LOC120044647,LOC120044655,LOC120044680,LOC120045843,LOC120046321,LOC120047712
GO:0010558	negative regulation of macromolecule biosynthetic process	biological_process	73	2593	800	31285	1.1	2.088e-01	7.926e-01		LOC120018286,LOC120018853,LOC120019052,LOC120019509,LOC120019548,LOC120020561,LOC120021680,LOC120021902,LOC120022272,LOC120022441,LOC120022442,LOC120023423,LOC120026950,LOC120027918,LOC120027929,LOC120028326,LOC120031391,LOC120032414,LOC120032499,LOC120032657,LOC120032805,LOC120032932,LOC120033484,LOC120033487,LOC120033652
GO:0016830	carbon-carbon lyase activity	molecular_function	8	2593	69	31285	1.4	2.107e-01	7.986e-01		LOC120023534,LOC120028089,LOC120028781,LOC120034530,LOC120051050,LOC120060379,azin1b,pck1
GO:0023051	regulation of signaling	biological_process	139	2593	1570	31285	1.07	2.145e-01	8.074e-01		LOC120017648,LOC120018249,LOC120018251,LOC120018283,LOC120018300,LOC120019104,LOC120020067,LOC120021774,LOC120021788,LOC120022070,LOC120023137,LOC120023320,LOC120024033,LOC120024257,LOC120024931,LOC120025722,LOC120025932,LOC120026236,LOC120026774,LOC120026854,LOC120027807,LOC120028326,LOC120028632,LOC120028901,LOC120030016
GO:0000422	autophagy of mitochondrion	biological_process	7	2593	59	31285	1.43	2.147e-01	8.074e-01		LOC120031083,LOC120031328,LOC120051331,LOC120063270,fbxo7,map1lc3a,prkn
GO:0098797	plasma membrane protein complex	cellular_component	69	2593	756	31285	1.1	2.157e-01	8.074e-01		LOC120017775,LOC120021224,LOC120021676,LOC120021774,LOC120021849,LOC120022007,LOC120023372,LOC120023380,LOC120023504,LOC120024224,LOC120024702,LOC120026501,LOC120026774,LOC120027654,LOC120028082,LOC120031313,LOC120031587,LOC120031838,LOC120032589,LOC120032973,LOC120033051,LOC120033541,LOC120033549,LOC120033570,LOC120034227
GO:0008637	apoptotic mitochondrial changes	biological_process	4	2593	29	31285	1.66	2.163e-01	8.074e-01		LOC120022305,LOC120034479,LOC120058342,mcl1b
GO:0043467	regulation of generation of precursor metabolites and energy	biological_process	4	2593	29	31285	1.66	2.163e-01	8.074e-01		LOC120028326,LOC120029981,LOC120045648,LOC120049359
GO:1903312	negative regulation of mRNA metabolic process	biological_process	4	2593	29	31285	1.66	2.163e-01	8.074e-01		LOC120024099,LOC120044003,LOC120047114,angel2
GO:0042310	vasoconstriction	biological_process	4	2593	29	31285	1.66	2.163e-01	8.074e-01		LOC120023737,LOC120029673,LOC120053053,LOC120054611
GO:1905818	regulation of chromosome separation	biological_process	4	2593	29	31285	1.66	2.163e-01	8.074e-01		LOC120024463,LOC120032610,LOC120047536,LOC120063176
GO:0071616	acyl-CoA biosynthetic process	biological_process	4	2593	29	31285	1.66	2.163e-01	8.074e-01		LOC120033928,LOC120046331,LOC120050321,acsl1a
GO:1905348	endonuclease complex	cellular_component	4	2593	29	31285	1.66	2.163e-01	8.074e-01		LOC120029767,LOC120044622,LOC120047785,eme1
GO:0006936	muscle contraction	biological_process	12	2593	112	31285	1.29	2.171e-01	8.091e-01	Y	LOC120023737,LOC120029673,LOC120033963,LOC120048421,LOC120049116,LOC120051762,LOC120052905,LOC120054611,LOC120056805,csrp3,rock2a,tnnt2c
GO:0072527	pyrimidine-containing compound metabolic process	biological_process	6	2593	49	31285	1.48	2.177e-01	8.101e-01		LOC120020563,LOC120027373,LOC120034173,LOC120046375,LOC120051398,thtpa
GO:0051649	establishment of localization in cell	biological_process	135	2593	1525	31285	1.07	2.187e-01	8.112e-01		LOC120017770,LOC120019826,LOC120020088,LOC120020198,LOC120021737,LOC120022111,LOC120023396,LOC120023616,LOC120024345,LOC120024699,LOC120025169,LOC120025932,LOC120027915,LOC120028225,LOC120028812,LOC120028889,LOC120029114,LOC120031975,LOC120032191,LOC120032359,LOC120032491,LOC120032511,LOC120032514,LOC120032572,LOC120032609
GO:2001236	regulation of extrinsic apoptotic signaling pathway	biological_process	5	2593	39	31285	1.55	2.189e-01	8.112e-01		LOC120026854,LOC120034795,LOC120047954,LOC120064119,rnf34a
GO:0015718	monocarboxylic acid transport	biological_process	13	2593	123	31285	1.28	2.190e-01	8.112e-01		LOC120022117,LOC120024080,LOC120029672,LOC120031198,LOC120032954,LOC120033623,LOC120034531,LOC120044103,LOC120046036,LOC120048724,LOC120049318,LOC120049357,LOC120050536
GO:0030031	cell projection assembly	biological_process	28	2593	289	31285	1.17	2.198e-01	8.117e-01		LOC120022770,LOC120024223,LOC120031835,LOC120032687,LOC120032794,LOC120035100,LOC120040161,LOC120042708,LOC120044085,LOC120047746,LOC120048865,LOC120049039,LOC120053598,LOC120055773,LOC120058709,LOC120061694,ccdc39,cep131,cfap20,dynll2a,fgd1,hoatz,hydin,iqub,odad3
GO:0007200	phospholipase C-activating G protein-coupled receptor signaling pathway	biological_process	10	2593	91	31285	1.33	2.207e-01	8.117e-01		LOC120026236,LOC120033549,LOC120035059,LOC120048215,LOC120049497,LOC120049759,LOC120062766,LOC120062892,lhcgr,p2ry10
GO:0051028	mRNA transport	biological_process	8	2593	70	31285	1.38	2.219e-01	8.117e-01		LOC120027915,LOC120032609,LOC120059570,LOC120059580,LOC120062272,ddx39ab,nup85,tpra
GO:0043292	contractile muscle fiber	cellular_component	17	2593	167	31285	1.23	2.219e-01	8.117e-01	Y	LOC120022803,LOC120031392,LOC120035145,LOC120048197,LOC120048421,LOC120049116,LOC120049962,LOC120050266,LOC120051762,LOC120052905,LOC120056805,LOC120062136,LOC120062138,LOC120062569,csrp2,csrp3,tnnt2c
GO:0033365	protein localization to organelle	biological_process	36	2593	380	31285	1.14	2.233e-01	8.117e-01		LOC120028225,LOC120031836,LOC120032528,LOC120032593,LOC120032888,LOC120033566,LOC120033919,LOC120035100,LOC120036195,LOC120043494,LOC120044647,LOC120046754,LOC120046857,LOC120047124,LOC120047536,LOC120047712,LOC120047746,LOC120048765,LOC120048865,LOC120051048,LOC120051404,LOC120052896,LOC120060182,LOC120061152,LOC120065434
GO:0022409	positive regulation of cell-cell adhesion	biological_process	7	2593	60	31285	1.41	2.270e-01	8.117e-01		LOC120022426,LOC120027678,LOC120034797,LOC120036644,LOC120043750,LOC120049915,LOC120058342
GO:0000963	mitochondrial RNA processing	biological_process	3	2593	20	31285	1.81	2.274e-01	8.117e-01		LOC120020140,LOC120046600,elac2
GO:0051646	mitochondrion localization	biological_process	3	2593	20	31285	1.81	2.274e-01	8.117e-01		LOC120032514,LOC120047537,trak1a
GO:0002708	positive regulation of lymphocyte mediated immunity	biological_process	3	2593	20	31285	1.81	2.274e-01	8.117e-01		LOC120040917,LOC120042248,LOC120049292
GO:0003352	regulation of cilium movement	biological_process	3	2593	20	31285	1.81	2.274e-01	8.117e-01		LOC120022770,LOC120024223,cfap20
GO:0043236	laminin binding	molecular_function	3	2593	20	31285	1.81	2.274e-01	8.117e-01		LOC120028082,LOC120034466,LOC120060868
GO:0071014	post-mRNA release spliceosomal complex	cellular_component	3	2593	20	31285	1.81	2.274e-01	8.117e-01		LOC120032524,LOC120032915,ccdc12
GO:0006122	mitochondrial electron transport, ubiquinol to cytochrome c	biological_process	3	2593	20	31285	1.81	2.274e-01	8.117e-01		LOC120046115,LOC120053661,LOC120058265
GO:0008474	palmitoyl-(protein) hydrolase activity	molecular_function	3	2593	20	31285	1.81	2.274e-01	8.117e-01		LOC120026877,LOC120050407,LOC120052819
GO:0098599	palmitoyl hydrolase activity	molecular_function	3	2593	20	31285	1.81	2.274e-01	8.117e-01		LOC120026877,LOC120050407,LOC120052819
GO:0060291	long-term synaptic potentiation	biological_process	3	2593	20	31285	1.81	2.274e-01	8.117e-01		LOC120020067,LOC120052219,grin2da
GO:0007158	neuron cell-cell adhesion	biological_process	3	2593	20	31285	1.81	2.274e-01	8.117e-01		LOC120025537,LOC120025932,LOC120062135
GO:0004972	NMDA glutamate receptor activity	molecular_function	3	2593	20	31285	1.81	2.274e-01	8.117e-01		LOC120021676,LOC120026501,grin2da
GO:0120034	positive regulation of plasma membrane bounded cell projection assembly	biological_process	3	2593	20	31285	1.81	2.274e-01	8.117e-01		LOC120022634,LOC120031042,LOC120034162
GO:0042177	negative regulation of protein catabolic process	biological_process	3	2593	20	31285	1.81	2.274e-01	8.117e-01		LOC120041558,LOC120049327,azin1b
GO:0007276	gamete generation	biological_process	14	2593	135	31285	1.25	2.284e-01	8.117e-01		LOC120024223,LOC120024827,LOC120027918,LOC120027929,LOC120032709,LOC120041593,LOC120044003,LOC120051407,LOC120052221,LOC120055371,LOC120058090,LOC120061992,spata6l,zglp1
GO:0051260	protein homooligomerization	biological_process	15	2593	146	31285	1.24	2.290e-01	8.117e-01		LOC120023372,LOC120024865,LOC120029006,LOC120036660,LOC120044062,LOC120051405,LOC120051543,LOC120056459,LOC120056626,LOC120059740,LOC120060854,LOC120066569,crtc3,kctd10,si:dkey-43k4.5
GO:0048609	multicellular organismal reproductive process	biological_process	15	2593	146	31285	1.24	2.290e-01	8.117e-01		LOC120024223,LOC120024827,LOC120027918,LOC120027929,LOC120032709,LOC120041593,LOC120044003,LOC120051407,LOC120052221,LOC120055371,LOC120058090,LOC120061992,lhcgr,spata6l,zglp1
GO:0008380	RNA splicing	biological_process	29	2593	302	31285	1.16	2.293e-01	8.117e-01		LOC120018359,LOC120019900,LOC120020690,LOC120024866,LOC120028051,LOC120029014,LOC120029858,LOC120031968,LOC120032524,LOC120032798,LOC120032907,LOC120032915,LOC120033550,LOC120038194,LOC120044554,LOC120044622,LOC120049663,LOC120051539,LOC120051898,LOC120051978,LOC120055700,LOC120058340,LOC120060688,LOC120062436,LOC120065315
GO:0098703	calcium ion import across plasma membrane	biological_process	6	2593	50	31285	1.45	2.314e-01	8.117e-01		LOC120017401,LOC120023380,LOC120031556,LOC120034271,LOC120061553,slc8a2b
GO:1902656	calcium ion import into cytosol	biological_process	6	2593	50	31285	1.45	2.314e-01	8.117e-01		LOC120017401,LOC120023380,LOC120031556,LOC120034271,LOC120061553,slc8a2b
GO:0030159	signaling receptor complex adaptor activity	molecular_function	6	2593	50	31285	1.45	2.314e-01	8.117e-01		LOC120024702,LOC120037100,LOC120052143,LOC120063028,LOC120066718,spag9a
GO:0051253	negative regulation of RNA metabolic process	biological_process	48	2593	519	31285	1.12	2.326e-01	8.117e-01		LOC120018853,LOC120019052,LOC120019509,LOC120020561,LOC120021680,LOC120021902,LOC120022272,LOC120023423,LOC120024099,LOC120032414,LOC120032499,LOC120032657,LOC120032805,LOC120032932,LOC120033484,LOC120033487,LOC120033652,LOC120034085,LOC120035241,LOC120035388,LOC120037027,LOC120037301,LOC120038047,LOC120038321,LOC120039521
GO:0046935	1-phosphatidylinositol-3-kinase regulator activity	molecular_function	5	2593	40	31285	1.51	2.345e-01	8.117e-01		LOC120032684,LOC120032876,LOC120034061,LOC120041464,LOC120050047
GO:0008213	protein alkylation	biological_process	5	2593	40	31285	1.51	2.345e-01	8.117e-01		LOC120017684,LOC120034490,LOC120034541,LOC120045580,prmt5
GO:0006479	protein methylation	biological_process	5	2593	40	31285	1.51	2.345e-01	8.117e-01		LOC120017684,LOC120034490,LOC120034541,LOC120045580,prmt5
GO:0033559	unsaturated fatty acid metabolic process	biological_process	5	2593	40	31285	1.51	2.345e-01	8.117e-01	Y	LOC120029925,LOC120032048,LOC120035040,LOC120035180,LOC120039976
GO:0051959	dynein light intermediate chain binding	molecular_function	5	2593	40	31285	1.51	2.345e-01	8.117e-01		LOC120032491,LOC120044461,LOC120046349,dnah2,dynll2a
GO:0042130	negative regulation of T cell proliferation	biological_process	5	2593	40	31285	1.51	2.345e-01	8.117e-01		LOC120022426,LOC120027678,LOC120036644,LOC120059053,LOC120059075
GO:0035825	homologous recombination	biological_process	5	2593	40	31285	1.51	2.345e-01	8.117e-01		LOC120026988,LOC120036166,LOC120047331,eme1,fancd2
GO:0007131	reciprocal meiotic recombination	biological_process	5	2593	40	31285	1.51	2.345e-01	8.117e-01		LOC120026988,LOC120036166,LOC120047331,eme1,fancd2
GO:0140527	reciprocal homologous recombination	biological_process	5	2593	40	31285	1.51	2.345e-01	8.117e-01		LOC120026988,LOC120036166,LOC120047331,eme1,fancd2
GO:0070262	peptidyl-serine dephosphorylation	biological_process	4	2593	30	31285	1.61	2.345e-01	8.117e-01		LOC120020950,LOC120021292,LOC120033188,LOC120062708
GO:0002449	lymphocyte mediated immunity	biological_process	4	2593	30	31285	1.61	2.345e-01	8.117e-01		LOC120032458,LOC120036493,LOC120043750,LOC120044547
GO:0019724	B cell mediated immunity	biological_process	4	2593	30	31285	1.61	2.345e-01	8.117e-01		LOC120032458,LOC120036493,LOC120043750,LOC120044547
GO:0016064	immunoglobulin mediated immune response	biological_process	4	2593	30	31285	1.61	2.345e-01	8.117e-01	Y	LOC120032458,LOC120036493,LOC120043750,LOC120044547
GO:0004709	MAP kinase kinase kinase activity	molecular_function	4	2593	30	31285	1.61	2.345e-01	8.117e-01		LOC120031096,LOC120038206,LOC120059771,map3k12
GO:0071004	U2-type prespliceosome	cellular_component	4	2593	30	31285	1.61	2.345e-01	8.117e-01		LOC120022349,LOC120034312,LOC120058340,LOC120062436
GO:0071010	prespliceosome	cellular_component	4	2593	30	31285	1.61	2.345e-01	8.117e-01		LOC120022349,LOC120034312,LOC120058340,LOC120062436
GO:0015909	long-chain fatty acid transport	biological_process	4	2593	30	31285	1.61	2.345e-01	8.117e-01	Y	LOC120032954,LOC120034531,LOC120046036,LOC120049318
GO:0001503	ossification	biological_process	4	2593	30	31285	1.61	2.345e-01	8.117e-01	Y	LOC120027807,LOC120027902,bglapl,nog2
GO:0003012	muscle system process	biological_process	12	2593	114	31285	1.27	2.349e-01	8.121e-01	Y	LOC120023737,LOC120029673,LOC120033963,LOC120048421,LOC120049116,LOC120051762,LOC120052905,LOC120054611,LOC120056805,csrp3,rock2a,tnnt2c
GO:0099177	regulation of trans-synaptic signaling	biological_process	24	2593	247	31285	1.17	2.364e-01	8.149e-01		LOC120020067,LOC120025932,LOC120026774,LOC120031313,LOC120031587,LOC120044423,LOC120044552,LOC120044647,LOC120045774,LOC120047712,LOC120049662,LOC120050074,LOC120050097,LOC120050139,LOC120052219,LOC120052904,LOC120053451,LOC120062135,LOC120062699,cplx4a,grin2da,grm6b,rims1b,rims2a
GO:0050804	modulation of chemical synaptic transmission	biological_process	24	2593	247	31285	1.17	2.364e-01	8.149e-01		LOC120020067,LOC120025932,LOC120026774,LOC120031313,LOC120031587,LOC120044423,LOC120044552,LOC120044647,LOC120045774,LOC120047712,LOC120049662,LOC120050074,LOC120050097,LOC120050139,LOC120052219,LOC120052904,LOC120053451,LOC120062135,LOC120062699,cplx4a,grin2da,grm6b,rims1b,rims2a
GO:0051246	regulation of protein metabolic process	biological_process	65	2593	716	31285	1.1	2.370e-01	8.156e-01		LOC120020583,LOC120024073,LOC120027918,LOC120027929,LOC120028326,LOC120030201,LOC120032191,LOC120032250,LOC120032502,LOC120032526,LOC120032527,LOC120032684,LOC120032924,LOC120033262,LOC120033559,LOC120033703,LOC120034238,LOC120034531,LOC120034797,LOC120035140,LOC120035390,LOC120040917,LOC120041558,LOC120042248,LOC120042708
GO:0017148	negative regulation of translation	biological_process	7	2593	61	31285	1.38	2.396e-01	8.178e-01		LOC120027918,LOC120027929,LOC120047885,LOC120049316,LOC120049662,LOC120061992,paip2b
GO:0004970	glutamate-gated receptor activity	molecular_function	7	2593	61	31285	1.38	2.396e-01	8.178e-01		LOC120021676,LOC120026501,LOC120026774,LOC120031313,LOC120031587,LOC120044423,grin2da
GO:2000241	regulation of reproductive process	biological_process	7	2593	61	31285	1.38	2.396e-01	8.178e-01		LOC120024223,LOC120032709,LOC120041593,LOC120047536,LOC120053973,LOC120055371,LOC120058090
GO:0015144	carbohydrate transmembrane transporter activity	molecular_function	7	2593	61	31285	1.38	2.396e-01	8.178e-01		LOC120031421,LOC120041002,LOC120041070,LOC120047780,LOC120050825,LOC120064722,aqp7
GO:0035082	axoneme assembly	biological_process	7	2593	61	31285	1.38	2.396e-01	8.178e-01		LOC120024223,LOC120040161,LOC120044085,LOC120058709,ccdc39,hydin,odad3
GO:0061982	meiosis I cell cycle process	biological_process	7	2593	61	31285	1.38	2.396e-01	8.178e-01		LOC120026988,LOC120036166,LOC120044003,LOC120047331,eme1,ercc1,fancd2
GO:0048584	positive regulation of response to stimulus	biological_process	58	2593	636	31285	1.1	2.402e-01	8.184e-01		LOC120018251,LOC120019104,LOC120021774,LOC120022634,LOC120024201,LOC120024769,LOC120024931,LOC120026236,LOC120026854,LOC120031042,LOC120031803,LOC120032005,LOC120032389,LOC120032526,LOC120032527,LOC120032684,LOC120033051,LOC120033559,LOC120033716,LOC120034417,LOC120034795,LOC120034797,LOC120035059,LOC120035187,LOC120036644
GO:0007162	negative regulation of cell adhesion	biological_process	10	2593	93	31285	1.3	2.408e-01	8.184e-01		LOC120022426,LOC120027678,LOC120035113,LOC120036644,LOC120040412,LOC120049915,LOC120050049,LOC120059053,LOC120059075,plxnb2a.3
GO:0006457	protein folding	biological_process	19	2593	192	31285	1.19	2.424e-01	8.184e-01		LOC120026056,LOC120026418,LOC120029062,LOC120031979,LOC120032162,LOC120032387,LOC120032522,LOC120032627,LOC120032670,LOC120034057,LOC120034803,LOC120045029,LOC120050580,LOC120050584,LOC120058342,LOC120061476,ppie,ppih,trap1
GO:0051962	positive regulation of nervous system development	biological_process	11	2593	104	31285	1.28	2.428e-01	8.184e-01		LOC120032586,LOC120033111,LOC120033210,LOC120033233,LOC120040412,LOC120050049,LOC120059043,LOC120059492,LOC120060834,LOC120061462,plxnb2a.3
GO:0044389	ubiquitin-like protein ligase binding	molecular_function	11	2593	104	31285	1.28	2.428e-01	8.184e-01		LOC120021774,LOC120025972,LOC120026446,LOC120031328,LOC120033563,LOC120034057,LOC120034238,LOC120051198,arrdc1b,map1lc3a,nploc4
GO:1903530	regulation of secretion by cell	biological_process	18	2593	181	31285	1.2	2.433e-01	8.184e-01		LOC120030016,LOC120034026,LOC120034246,LOC120034415,LOC120036772,LOC120041637,LOC120046321,LOC120048677,LOC120049373,LOC120049375,LOC120050139,LOC120052904,LOC120055773,LOC120056443,LOC120062699,cplx4a,cracr2b,nmbb
GO:0016042	lipid catabolic process	biological_process	17	2593	170	31285	1.21	2.440e-01	8.184e-01	Y	LOC120021227,LOC120023754,LOC120028030,LOC120028089,LOC120030466,LOC120032954,LOC120033335,LOC120046036,LOC120046331,LOC120048861,LOC120049318,LOC120051050,LOC120053880,apoc2,bco2a,gdpd1,pck1
GO:0005741	mitochondrial outer membrane	cellular_component	12	2593	115	31285	1.26	2.441e-01	8.184e-01		LOC120018287,LOC120022305,LOC120023754,LOC120029323,LOC120032888,LOC120034479,LOC120041311,LOC120044541,LOC120048765,LOC120066484,mcl1b,zgc:92242
GO:0031967	organelle envelope	cellular_component	54	2593	591	31285	1.1	2.448e-01	8.184e-01		LOC120018287,LOC120018326,LOC120019683,LOC120020088,LOC120020727,LOC120021140,LOC120021832,LOC120022305,LOC120022528,LOC120023754,LOC120025046,LOC120028564,LOC120029158,LOC120029323,LOC120029935,LOC120030466,LOC120032827,LOC120032888,LOC120033623,LOC120034479,LOC120034492,LOC120034531,LOC120034543,LOC120034793,LOC120035602
GO:0000428	DNA-directed RNA polymerase complex	cellular_component	13	2593	126	31285	1.24	2.448e-01	8.184e-01		LOC120017437,LOC120019183,LOC120032819,LOC120036753,LOC120048085,LOC120048860,LOC120054763,LOC120055750,gtf2h3,gtf2h4,polr2h,taf10,taf12
GO:0061013	regulation of mRNA catabolic process	biological_process	13	2593	126	31285	1.24	2.448e-01	8.184e-01		LOC120019548,LOC120020140,LOC120022442,LOC120024099,LOC120026950,LOC120044003,LOC120044165,LOC120046454,LOC120047114,LOC120049662,LOC120066515,angel2,exosc8
GO:0031503	protein-containing complex localization	biological_process	8	2593	72	31285	1.34	2.451e-01	8.184e-01		LOC120031497,LOC120044647,LOC120047712,LOC120050509,arhgap44a,cracr2b,exoc3l2b,mzt1
GO:0006367	transcription initiation at RNA polymerase II promoter	biological_process	6	2593	51	31285	1.42	2.454e-01	8.184e-01		LOC120017437,LOC120019183,LOC120048085,LOC120052620,taf10,taf12
GO:0050868	negative regulation of T cell activation	biological_process	6	2593	51	31285	1.42	2.454e-01	8.184e-01		LOC120022426,LOC120027678,LOC120035113,LOC120036644,LOC120059053,LOC120059075
GO:1903038	negative regulation of leukocyte cell-cell adhesion	biological_process	6	2593	51	31285	1.42	2.454e-01	8.184e-01		LOC120022426,LOC120027678,LOC120035113,LOC120036644,LOC120059053,LOC120059075
GO:0050863	regulation of T cell activation	biological_process	9	2593	83	31285	1.31	2.487e-01	8.184e-01		LOC120022426,LOC120027678,LOC120034797,LOC120035113,LOC120036644,LOC120043750,LOC120058342,LOC120059053,LOC120059075
GO:0035196	miRNA processing	biological_process	3	2593	21	31285	1.72	2.502e-01	8.184e-01		LOC120018286,LOC120031391,LOC120036471
GO:0006206	pyrimidine nucleobase metabolic process	biological_process	3	2593	21	31285	1.72	2.502e-01	8.184e-01		LOC120020563,LOC120027373,LOC120046375
GO:0008381	mechanosensitive monoatomic ion channel activity	molecular_function	3	2593	21	31285	1.72	2.502e-01	8.184e-01		LOC120024918,LOC120033055,tmc6b
GO:0072384	organelle transport along microtubule	biological_process	5	2593	41	31285	1.47	2.503e-01	8.184e-01		LOC120032514,LOC120041882,LOC120047537,ndel1b,trak1a
GO:0043405	regulation of MAP kinase activity	biological_process	5	2593	41	31285	1.47	2.503e-01	8.184e-01		LOC120032526,LOC120032527,LOC120032684,LOC120033559,LOC120033703
GO:0009112	nucleobase metabolic process	biological_process	5	2593	41	31285	1.47	2.503e-01	8.184e-01		LOC120020563,LOC120027373,LOC120046375,LOC120051214,LOC120052759
GO:0000462	maturation of SSU-rRNA from tricistronic rRNA transcript (SSU-rRNA, 5.8S rRNA, LSU-rRNA)	biological_process	5	2593	41	31285	1.47	2.503e-01	8.184e-01		LOC120048439,LOC120048502,LOC120049967,ngdn,tbl3
GO:0061134	peptidase regulator activity	molecular_function	18	2593	182	31285	1.19	2.506e-01	8.184e-01		LOC120018265,LOC120019682,LOC120023315,LOC120029927,LOC120031250,LOC120032492,LOC120032520,LOC120032521,LOC120032617,LOC120039311,LOC120041558,LOC120042161,LOC120046317,LOC120049289,LOC120049327,LOC120050364,LOC120053664,LOC120065090
GO:0051046	regulation of secretion	biological_process	18	2593	182	31285	1.19	2.506e-01	8.184e-01		LOC120030016,LOC120034026,LOC120034246,LOC120034415,LOC120036772,LOC120041637,LOC120046321,LOC120048677,LOC120049373,LOC120049375,LOC120050139,LOC120052904,LOC120055773,LOC120056443,LOC120062699,cplx4a,cracr2b,nmbb
GO:0031625	ubiquitin protein ligase binding	molecular_function	10	2593	94	31285	1.28	2.511e-01	8.184e-01		LOC120021774,LOC120025972,LOC120026446,LOC120031328,LOC120034057,LOC120034238,LOC120051198,arrdc1b,map1lc3a,nploc4
GO:0006950	response to stress	biological_process	113	2593	1280	31285	1.07	2.511e-01	8.184e-01		LOC120017721,LOC120021739,LOC120022294,LOC120022305,LOC120022971,LOC120023066,LOC120024073,LOC120024214,LOC120024931,LOC120025046,LOC120025161,LOC120026056,LOC120026096,LOC120026236,LOC120026418,LOC120026428,LOC120028089,LOC120028892,LOC120030864,LOC120030879,LOC120030881,LOC120031083,LOC120031096,LOC120031263,LOC120031328
GO:0030865	cortical cytoskeleton organization	biological_process	7	2593	62	31285	1.36	2.524e-01	8.184e-01		LOC120030952,LOC120036180,LOC120036644,LOC120044712,LOC120050356,fmnl2b,rock2a
GO:0060326	cell chemotaxis	biological_process	7	2593	62	31285	1.36	2.524e-01	8.184e-01		LOC120023737,LOC120024769,LOC120024931,LOC120033438,LOC120037605,LOC120055680,LOC120063433
GO:0002764	immune response-regulating signaling pathway	biological_process	11	2593	105	31285	1.26	2.525e-01	8.184e-01	Y	LOC120035059,LOC120040917,LOC120042248,LOC120049497,LOC120049759,LOC120050582,LOC120051325,LOC120057064,LOC120062766,LOC120062892,si:ch211-243a20.4
GO:0005669	transcription factor TFIID complex	cellular_component	4	2593	31	31285	1.56	2.530e-01	8.184e-01		LOC120017437,LOC120048085,taf10,taf12
GO:0005666	RNA polymerase III complex	cellular_component	4	2593	31	31285	1.56	2.530e-01	8.184e-01		LOC120032819,LOC120036753,LOC120048860,polr2h
GO:0045292	mRNA cis splicing, via spliceosome	biological_process	4	2593	31	31285	1.56	2.530e-01	8.184e-01		LOC120028051,LOC120038194,LOC120055700,LOC120062436
GO:0044843	cell cycle G1/S phase transition	biological_process	4	2593	31	31285	1.56	2.530e-01	8.184e-01		LOC120019677,LOC120020950,LOC120055905,LOC120062708
GO:0000082	G1/S transition of mitotic cell cycle	biological_process	4	2593	31	31285	1.56	2.530e-01	8.184e-01		LOC120019677,LOC120020950,LOC120055905,LOC120062708
GO:0030150	protein import into mitochondrial matrix	biological_process	4	2593	31	31285	1.56	2.530e-01	8.184e-01		LOC120032888,LOC120036195,LOC120048765,LOC120061152
GO:0051588	regulation of neurotransmitter transport	biological_process	4	2593	31	31285	1.56	2.530e-01	8.184e-01		LOC120050139,LOC120052904,LOC120062699,cplx4a
GO:0046928	regulation of neurotransmitter secretion	biological_process	4	2593	31	31285	1.56	2.530e-01	8.184e-01		LOC120050139,LOC120052904,LOC120062699,cplx4a
GO:0099111	microtubule-based transport	biological_process	12	2593	116	31285	1.25	2.533e-01	8.184e-01		LOC120023616,LOC120032514,LOC120035100,LOC120041882,LOC120042376,LOC120047537,LOC120049662,LOC120060166,cep131,ndel1b,trak1a,wdr35
GO:0043487	regulation of RNA stability	biological_process	12	2593	116	31285	1.25	2.533e-01	8.184e-01		LOC120019548,LOC120020140,LOC120022442,LOC120024099,LOC120026950,LOC120044003,LOC120046454,LOC120047114,LOC120049662,angel2,exosc8,zcchc17
GO:0005875	microtubule associated complex	cellular_component	13	2593	127	31285	1.24	2.536e-01	8.184e-01		LOC120031062,LOC120033767,LOC120041882,LOC120044461,LOC120045303,LOC120049767,LOC120055533,LOC120065207,dnah2,dynll2a,dynlt5,kif28,ndel1b
GO:1902531	regulation of intracellular signal transduction	biological_process	67	2593	744	31285	1.09	2.543e-01	8.196e-01		LOC120018283,LOC120019104,LOC120021774,LOC120021788,LOC120024033,LOC120024257,LOC120024931,LOC120025722,LOC120026236,LOC120028326,LOC120028632,LOC120028901,LOC120031803,LOC120032005,LOC120032389,LOC120032526,LOC120032527,LOC120032632,LOC120032684,LOC120032913,LOC120033051,LOC120033559,LOC120033703,LOC120034034,LOC120034417
GO:0032774	RNA biosynthetic process	biological_process	91	2593	1024	31285	1.07	2.555e-01	8.224e-01		LOC120017437,LOC120017459,LOC120018286,LOC120018359,LOC120019183,LOC120019900,LOC120020140,LOC120020690,LOC120022349,LOC120024866,LOC120028051,LOC120028545,LOC120029014,LOC120029767,LOC120029858,LOC120030201,LOC120031391,LOC120031968,LOC120032297,LOC120032524,LOC120032798,LOC120032819,LOC120032907,LOC120032915,LOC120033550
GO:0006364	rRNA processing	biological_process	19	2593	194	31285	1.18	2.566e-01	8.247e-01		LOC120017459,LOC120018286,LOC120018359,LOC120029014,LOC120048439,LOC120048502,LOC120049493,LOC120049967,LOC120049995,LOC120055032,LOC120061987,LOC120063133,LOC120064971,exosc8,mphosph6,ngdn,riok1,rrp15,tbl3
GO:0007623	circadian rhythm	biological_process	8	2593	73	31285	1.32	2.569e-01	8.247e-01		LOC120029673,LOC120038047,LOC120042990,LOC120044556,LOC120060158,LOC120060165,nfil3-3,nfil3-6
GO:0120544	polypeptide conformation or assembly isomerase activity	molecular_function	17	2593	172	31285	1.19	2.592e-01	8.269e-01		LOC120019678,LOC120019826,LOC120023431,LOC120024699,LOC120031210,LOC120032210,LOC120045246,LOC120047270,LOC120049846,LOC120052979,LOC120052988,LOC120054602,dnah2,kif20bb,kif28,myo1ha,myo5aa
GO:0042180	ketone metabolic process	biological_process	6	2593	52	31285	1.39	2.597e-01	8.269e-01		LOC120018326,LOC120028564,LOC120035602,LOC120058341,coq6,pdss2
GO:0042147	retrograde transport, endosome to Golgi	biological_process	9	2593	84	31285	1.29	2.598e-01	8.269e-01		LOC120021737,LOC120033978,LOC120041350,LOC120044007,LOC120062346,LOC120063507,snx1a,vps50,vps52
GO:0008235	metalloexopeptidase activity	molecular_function	9	2593	84	31285	1.29	2.598e-01	8.269e-01		LOC120032113,LOC120032506,LOC120039298,LOC120048092,LOC120066645,anpepb,cpn1,cpo,dpep1
GO:0048511	rhythmic process	biological_process	9	2593	84	31285	1.29	2.598e-01	8.269e-01		LOC120029673,LOC120038047,LOC120042990,LOC120044556,LOC120060158,LOC120060165,lhcgr,nfil3-3,nfil3-6
GO:0030016	myofibril	cellular_component	16	2593	161	31285	1.2	2.603e-01	8.269e-01		LOC120022803,LOC120031392,LOC120048197,LOC120048421,LOC120049116,LOC120049962,LOC120050266,LOC120051762,LOC120052905,LOC120056805,LOC120062136,LOC120062138,LOC120062569,csrp2,csrp3,tnnt2c
GO:0005996	monosaccharide metabolic process	biological_process	10	2593	95	31285	1.27	2.615e-01	8.269e-01		LOC120018089,LOC120023192,LOC120024698,LOC120028089,LOC120051050,LOC120051463,LOC120052860,gpia,pck1,pfkpa
GO:0016072	rRNA metabolic process	biological_process	20	2593	206	31285	1.17	2.621e-01	8.269e-01		LOC120017459,LOC120018286,LOC120018359,LOC120029014,LOC120048439,LOC120048502,LOC120049493,LOC120049967,LOC120049995,LOC120055032,LOC120055850,LOC120061987,LOC120063133,LOC120064971,exosc8,mphosph6,ngdn,riok1,rrp15,tbl3
GO:0099080	supramolecular complex	cellular_component	76	2593	851	31285	1.08	2.623e-01	8.269e-01		LOC120017751,LOC120019548,LOC120020140,LOC120022349,LOC120022442,LOC120022803,LOC120023518,LOC120024859,LOC120025642,LOC120026473,LOC120026950,LOC120027373,LOC120030140,LOC120031392,LOC120031943,LOC120032669,LOC120032798,LOC120033139,LOC120033621,LOC120033767,LOC120034014,LOC120034312,LOC120035145,LOC120036138,LOC120040756
GO:0051050	positive regulation of transport	biological_process	11	2593	106	31285	1.25	2.624e-01	8.269e-01		LOC120031836,LOC120033963,LOC120035147,LOC120041637,LOC120044048,LOC120051648,LOC120052310,LOC120056015,LOC120066365,azin1b,nmbb
GO:0030880	RNA polymerase complex	cellular_component	13	2593	128	31285	1.23	2.626e-01	8.269e-01		LOC120017437,LOC120019183,LOC120032819,LOC120036753,LOC120048085,LOC120048860,LOC120054763,LOC120055750,gtf2h3,gtf2h4,polr2h,taf10,taf12
GO:1901292	nucleoside phosphate catabolic process	biological_process	12	2593	117	31285	1.24	2.627e-01	8.269e-01		LOC120021611,LOC120024980,LOC120025430,LOC120028781,LOC120032822,LOC120035753,LOC120054062,LOC120062887,entpd5a,gpia,pfkpa,pklr
GO:1905369	endopeptidase complex	cellular_component	12	2593	117	31285	1.24	2.627e-01	8.269e-01		LOC120021373,LOC120023431,LOC120028660,LOC120032635,LOC120034949,LOC120037910,LOC120046317,LOC120048802,LOC120050364,LOC120056907,LOC120056966,spcs2
GO:0016070	RNA metabolic process	biological_process	107	2593	1214	31285	1.06	2.635e-01	8.269e-01		LOC120017437,LOC120017459,LOC120018286,LOC120018359,LOC120019183,LOC120019548,LOC120019900,LOC120020140,LOC120020690,LOC120022349,LOC120022442,LOC120024866,LOC120024894,LOC120026950,LOC120028051,LOC120028545,LOC120029014,LOC120029767,LOC120029858,LOC120030201,LOC120031391,LOC120031968,LOC120032297,LOC120032524,LOC120032798
GO:0007098	centrosome cycle	biological_process	7	2593	63	31285	1.34	2.654e-01	8.269e-01		LOC120019248,LOC120019313,LOC120035100,LOC120041882,cntln,ndel1b,si:ch211-140l13.3
GO:0098839	postsynaptic density membrane	cellular_component	7	2593	63	31285	1.34	2.654e-01	8.269e-01		LOC120033233,LOC120044647,LOC120047712,LOC120050074,LOC120050097,LOC120064860,grin2da
GO:1901699	cellular response to nitrogen compound	biological_process	18	2593	184	31285	1.18	2.654e-01	8.269e-01		LOC120022070,LOC120023754,LOC120024702,LOC120027037,LOC120028030,LOC120028089,LOC120033116,LOC120033549,LOC120034058,LOC120035602,LOC120048677,LOC120050139,LOC120051050,LOC120060868,LOC120062348,cracr2b,drd2a,pck1
GO:0042325	regulation of phosphorylation	biological_process	43	2593	469	31285	1.11	2.655e-01	8.269e-01		LOC120023181,LOC120024896,LOC120028326,LOC120031671,LOC120032250,LOC120032502,LOC120032526,LOC120032527,LOC120032684,LOC120032924,LOC120033262,LOC120033559,LOC120033703,LOC120034531,LOC120034797,LOC120035390,LOC120040917,LOC120042248,LOC120044362,LOC120048268,LOC120048766,LOC120049360,LOC120049662,LOC120049937,LOC120053194
GO:0006325	chromatin organization	biological_process	25	2593	263	31285	1.15	2.656e-01	8.269e-01		LOC120017900,LOC120019140,LOC120019149,LOC120021779,LOC120021806,LOC120022441,LOC120025769,LOC120028545,LOC120031442,LOC120033348,LOC120034085,LOC120036107,LOC120037149,LOC120048713,LOC120050052,LOC120050135,LOC120051307,LOC120052620,LOC120052647,LOC120059566,LOC120060383,npm2a,pphln1,ruvbl2,vps72a
GO:0046785	microtubule polymerization	biological_process	5	2593	42	31285	1.44	2.665e-01	8.269e-01		LOC120036138,LOC120041882,LOC120051397,mzt1,ndel1b
GO:0032945	negative regulation of mononuclear cell proliferation	biological_process	5	2593	42	31285	1.44	2.665e-01	8.269e-01		LOC120022426,LOC120027678,LOC120036644,LOC120059053,LOC120059075
GO:0050672	negative regulation of lymphocyte proliferation	biological_process	5	2593	42	31285	1.44	2.665e-01	8.269e-01		LOC120022426,LOC120027678,LOC120036644,LOC120059053,LOC120059075
GO:0070664	negative regulation of leukocyte proliferation	biological_process	5	2593	42	31285	1.44	2.665e-01	8.269e-01		LOC120022426,LOC120027678,LOC120036644,LOC120059053,LOC120059075
GO:0008088	axo-dendritic transport	biological_process	5	2593	42	31285	1.44	2.665e-01	8.269e-01		LOC120032514,LOC120047537,LOC120049662,LOC120060166,trak1a
GO:0019212	phosphatase inhibitor activity	molecular_function	5	2593	42	31285	1.44	2.665e-01	8.269e-01		LOC120025121,LOC120033162,LOC120033924,LOC120044362,ensab
GO:0006749	glutathione metabolic process	biological_process	5	2593	42	31285	1.44	2.665e-01	8.269e-01		LOC120031483,LOC120038056,LOC120061980,LOC120062720,txnrd2.2
GO:0007005	mitochondrion organization	biological_process	21	2593	218	31285	1.16	2.673e-01	8.274e-01		LOC120020727,LOC120021140,LOC120022305,LOC120022368,LOC120029935,LOC120032522,LOC120033012,LOC120034242,LOC120034479,LOC120034492,LOC120034543,LOC120035851,LOC120043622,LOC120046753,LOC120049933,LOC120050045,LOC120055984,LOC120058342,LOC120064970,LOC120066484,mcl1b
GO:1901701	cellular response to oxygen-containing compound	biological_process	27	2593	286	31285	1.14	2.673e-01	8.274e-01	Y	LOC120022070,LOC120022426,LOC120023754,LOC120024702,LOC120027037,LOC120027678,LOC120028030,LOC120028089,LOC120030016,LOC120031595,LOC120033116,LOC120033549,LOC120034058,LOC120035602,LOC120036644,LOC120036690,LOC120037605,LOC120047564,LOC120048677,LOC120050139,LOC120051050,LOC120060868,LOC120062348,LOC120063433,cracr2b
GO:0006396	RNA processing	biological_process	70	2593	783	31285	1.08	2.692e-01	8.282e-01		LOC120017459,LOC120018286,LOC120018359,LOC120019900,LOC120020140,LOC120020690,LOC120022349,LOC120024866,LOC120028051,LOC120029014,LOC120029767,LOC120029858,LOC120030201,LOC120031391,LOC120031968,LOC120032297,LOC120032524,LOC120032798,LOC120032907,LOC120032915,LOC120033550,LOC120034312,LOC120036471,LOC120037503,LOC120038194
GO:0004866	endopeptidase inhibitor activity	molecular_function	15	2593	151	31285	1.2	2.696e-01	8.282e-01		LOC120018265,LOC120019682,LOC120023315,LOC120029927,LOC120031250,LOC120032492,LOC120032520,LOC120032521,LOC120032617,LOC120041558,LOC120042161,LOC120049289,LOC120049327,LOC120053664,LOC120065090
GO:0004497	monooxygenase activity	molecular_function	14	2593	140	31285	1.21	2.707e-01	8.282e-01	Y	LOC120029796,LOC120032885,LOC120035602,LOC120040610,LOC120044841,LOC120048793,LOC120048801,LOC120052641,LOC120053661,LOC120055983,LOC120056044,LOC120056450,coq6,zgc:92275
GO:0009896	positive regulation of catabolic process	biological_process	19	2593	196	31285	1.17	2.711e-01	8.282e-01		LOC120019548,LOC120022442,LOC120026950,LOC120035140,LOC120042708,LOC120044165,LOC120048342,LOC120051919,LOC120053128,LOC120058484,LOC120062348,LOC120066515,abhd5a,dda1,exosc8,fbxo7,fzr1b,prkn,rnf14
GO:0140101	catalytic activity, acting on a tRNA	molecular_function	13	2593	129	31285	1.22	2.716e-01	8.282e-01		LOC120024894,LOC120030201,LOC120037503,LOC120040744,LOC120046332,LOC120047785,LOC120053043,LOC120054193,LOC120058206,LOC120064423,dtwd1,elac2,sepsecs
GO:0007423	sensory organ development	biological_process	13	2593	129	31285	1.22	2.716e-01	8.282e-01		LOC120018062,LOC120032708,LOC120032724,LOC120033014,LOC120045822,LOC120047441,LOC120050551,LOC120050580,LOC120050584,LOC120051753,LOC120057916,six4a,zgc:153846
GO:0006836	neurotransmitter transport	biological_process	13	2593	129	31285	1.22	2.716e-01	8.282e-01		LOC120020198,LOC120028812,LOC120045871,LOC120049117,LOC120049326,LOC120049373,LOC120050593,LOC120052904,LOC120056477,LOC120062699,cplx4a,rims1b,rims2a
GO:0051607	defense response to virus	biological_process	4	2593	32	31285	1.51	2.718e-01	8.282e-01		LOC120040917,LOC120042248,LOC120045355,LOC120058008
GO:0002460	adaptive immune response based on somatic recombination of immune receptors built from immunoglobulin superfamily domains	biological_process	4	2593	32	31285	1.51	2.718e-01	8.282e-01	Y	LOC120032458,LOC120036493,LOC120043750,LOC120044547
GO:1901568	fatty acid derivative metabolic process	biological_process	4	2593	32	31285	1.51	2.718e-01	8.282e-01	Y	LOC120021227,LOC120023534,LOC120046331,acsl1a
GO:0005868	cytoplasmic dynein complex	cellular_component	4	2593	32	31285	1.51	2.718e-01	8.282e-01		LOC120033767,LOC120055533,dynll2a,dynlt5
GO:0000470	maturation of LSU-rRNA	biological_process	4	2593	32	31285	1.51	2.718e-01	8.282e-01		LOC120049493,LOC120063133,LOC120064971,rrp15
GO:0061630	ubiquitin protein ligase activity	molecular_function	32	2593	344	31285	1.12	2.726e-01	8.282e-01		LOC120022272,LOC120023137,LOC120024020,LOC120024093,LOC120026808,LOC120029958,LOC120031752,LOC120032610,LOC120033765,LOC120034787,LOC120035934,LOC120037614,LOC120038271,LOC120039932,LOC120040402,LOC120044543,LOC120044555,LOC120046258,LOC120047112,LOC120047921,LOC120048342,LOC120048766,LOC120048863,LOC120049707,LOC120052544
GO:0070828	heterochromatin organization	biological_process	3	2593	22	31285	1.65	2.734e-01	8.282e-01		LOC120022441,LOC120059566,LOC120060383
GO:0035255	ionotropic glutamate receptor binding	molecular_function	3	2593	22	31285	1.65	2.734e-01	8.282e-01		LOC120028229,LOC120037100,LOC120066718
GO:0005680	anaphase-promoting complex	cellular_component	3	2593	22	31285	1.65	2.734e-01	8.282e-01		LOC120032610,LOC120063176,fzr1b
GO:0030307	positive regulation of cell growth	biological_process	3	2593	22	31285	1.65	2.734e-01	8.282e-01	Y	LOC120032502,LOC120032586,LOC120061462
GO:0042129	regulation of T cell proliferation	biological_process	6	2593	53	31285	1.37	2.741e-01	8.285e-01		LOC120022426,LOC120027678,LOC120034797,LOC120036644,LOC120059053,LOC120059075
GO:0001501	skeletal system development	biological_process	6	2593	53	31285	1.37	2.741e-01	8.285e-01	Y	LOC120049142,LOC120053527,LOC120054283,LOC120065092,bglapl,hoxa2b
GO:0007600	sensory perception	biological_process	19	2593	197	31285	1.16	2.785e-01	8.350e-01		LOC120031912,LOC120032724,LOC120033198,LOC120033765,LOC120044727,LOC120045822,LOC120047441,LOC120050551,LOC120051753,LOC120053171,LOC120057916,LOC120060929,LOC120061057,LOC120062145,LOC120065317,LOC120066949,pde6gb,rrh,zgc:153846
GO:0070925	organelle assembly	biological_process	52	2593	576	31285	1.09	2.786e-01	8.350e-01		LOC120019248,LOC120019313,LOC120022770,LOC120024223,LOC120030952,LOC120031083,LOC120031328,LOC120032687,LOC120032794,LOC120035100,LOC120040161,LOC120042708,LOC120042831,LOC120044085,LOC120046083,LOC120046454,LOC120047746,LOC120048421,LOC120048678,LOC120048865,LOC120049039,LOC120049116,LOC120051331,LOC120051397,LOC120052647
GO:0005891	voltage-gated calcium channel complex	cellular_component	7	2593	64	31285	1.32	2.786e-01	8.350e-01		LOC120021849,LOC120023380,LOC120034271,LOC120034351,LOC120041637,LOC120043934,LOC120061553
GO:0009966	regulation of signal transduction	biological_process	116	2593	1325	31285	1.06	2.786e-01	8.350e-01		LOC120017648,LOC120018249,LOC120018251,LOC120018283,LOC120018300,LOC120019104,LOC120021774,LOC120021788,LOC120022070,LOC120023137,LOC120023320,LOC120024033,LOC120024257,LOC120024931,LOC120025722,LOC120026236,LOC120026854,LOC120027807,LOC120028326,LOC120028632,LOC120028901,LOC120031803,LOC120032005,LOC120032389,LOC120032517
GO:0045321	leukocyte activation	biological_process	8	2593	75	31285	1.29	2.811e-01	8.350e-01		LOC120019104,LOC120034797,LOC120036644,LOC120040917,LOC120042248,LOC120047732,LOC120048594,LOC120058342
GO:0031968	organelle outer membrane	cellular_component	12	2593	119	31285	1.22	2.818e-01	8.350e-01		LOC120018287,LOC120022305,LOC120023754,LOC120029323,LOC120032888,LOC120034479,LOC120041311,LOC120044541,LOC120048765,LOC120066484,mcl1b,zgc:92242
GO:0019867	outer membrane	cellular_component	12	2593	119	31285	1.22	2.818e-01	8.350e-01		LOC120018287,LOC120022305,LOC120023754,LOC120029323,LOC120032888,LOC120034479,LOC120041311,LOC120044541,LOC120048765,LOC120066484,mcl1b,zgc:92242
GO:0052689	carboxylic ester hydrolase activity	molecular_function	12	2593	119	31285	1.22	2.818e-01	8.350e-01		LOC120025932,LOC120032516,LOC120032954,LOC120046036,LOC120047943,LOC120050407,LOC120051463,LOC120054193,LOC120056797,LOC120062432,ache,gdpd1
GO:0022824	transmitter-gated monoatomic ion channel activity	molecular_function	12	2593	119	31285	1.22	2.818e-01	8.350e-01		LOC120021676,LOC120026501,LOC120026774,LOC120031313,LOC120031587,LOC120033207,LOC120034738,LOC120044423,LOC120061883,LOC120065438,chrnd,grin2da
GO:0022835	transmitter-gated channel activity	molecular_function	12	2593	119	31285	1.22	2.818e-01	8.350e-01		LOC120021676,LOC120026501,LOC120026774,LOC120031313,LOC120031587,LOC120033207,LOC120034738,LOC120044423,LOC120061883,LOC120065438,chrnd,grin2da
GO:0099634	postsynaptic specialization membrane	cellular_component	9	2593	86	31285	1.26	2.824e-01	8.350e-01		LOC120025932,LOC120033233,LOC120044647,LOC120047712,LOC120050074,LOC120050097,LOC120062135,LOC120064860,grin2da
GO:0002757	immune response-activating signaling pathway	biological_process	10	2593	97	31285	1.24	2.827e-01	8.350e-01	Y	LOC120035059,LOC120040917,LOC120042248,LOC120049497,LOC120049759,LOC120051325,LOC120057064,LOC120062766,LOC120062892,si:ch211-243a20.4
GO:0050773	regulation of dendrite development	biological_process	5	2593	43	31285	1.4	2.828e-01	8.350e-01		LOC120032487,LOC120035934,LOC120049662,LOC120059492,LOC120064033
GO:0090257	regulation of muscle system process	biological_process	5	2593	43	31285	1.4	2.828e-01	8.350e-01	Y	LOC120030672,LOC120049116,LOC120056805,LOC120064703,tnnt2c
GO:0006937	regulation of muscle contraction	biological_process	5	2593	43	31285	1.4	2.828e-01	8.350e-01	Y	LOC120030672,LOC120049116,LOC120056805,LOC120064703,tnnt2c
GO:0016831	carboxy-lyase activity	molecular_function	5	2593	43	31285	1.4	2.828e-01	8.350e-01		LOC120028089,LOC120051050,LOC120060379,azin1b,pck1
GO:0006029	proteoglycan metabolic process	biological_process	5	2593	43	31285	1.4	2.828e-01	8.350e-01		LOC120018827,LOC120024793,LOC120031813,LOC120034165,LOC120062522
GO:0002697	regulation of immune effector process	biological_process	5	2593	43	31285	1.4	2.828e-01	8.350e-01	Y	LOC120040917,LOC120042248,LOC120049292,LOC120059053,LOC120059075
GO:0035459	vesicle cargo loading	biological_process	5	2593	43	31285	1.4	2.828e-01	8.350e-01		LOC120029114,LOC120032359,LOC120036379,LOC120042547,LOC120062271
GO:0030424	axon	cellular_component	29	2593	312	31285	1.12	2.862e-01	8.430e-01		LOC120017751,LOC120020067,LOC120022308,LOC120024345,LOC120024841,LOC120031838,LOC120032586,LOC120032607,LOC120033462,LOC120035097,LOC120045713,LOC120045871,LOC120048618,LOC120049373,LOC120049662,LOC120052410,LOC120052904,LOC120053194,LOC120053451,LOC120053807,LOC120055959,LOC120056459,LOC120060854,LOC120062699,adgrl1a
GO:0015108	chloride transmembrane transporter activity	molecular_function	15	2593	153	31285	1.18	2.866e-01	8.430e-01		LOC120020076,LOC120024960,LOC120025077,LOC120028812,LOC120032483,LOC120033207,LOC120033908,LOC120034738,LOC120036315,LOC120045785,LOC120045871,LOC120050593,LOC120061883,ano9b,slc24a5
GO:1901987	regulation of cell cycle phase transition	biological_process	15	2593	153	31285	1.18	2.866e-01	8.430e-01		LOC120022294,LOC120024463,LOC120032610,LOC120032951,LOC120037027,LOC120046317,LOC120047536,LOC120049937,LOC120050364,LOC120051461,LOC120055871,LOC120063176,eme1,fancd2,wdr76
GO:0034655	nucleobase-containing compound catabolic process	biological_process	26	2593	278	31285	1.13	2.883e-01	8.464e-01		LOC120019548,LOC120021611,LOC120022442,LOC120024980,LOC120025430,LOC120026950,LOC120028781,LOC120032822,LOC120035753,LOC120042479,LOC120046454,LOC120046600,LOC120054062,LOC120055850,LOC120058182,LOC120062272,LOC120062887,LOC120064863,ada2b,entpd5a,exosc8,gpia,pfkpa,pklr,rnaset2l
GO:0050698	proteoglycan sulfotransferase activity	molecular_function	6	2593	54	31285	1.34	2.888e-01	8.464e-01		LOC120033544,LOC120034016,LOC120044076,LOC120044545,LOC120044546,LOC120055775
GO:0051250	negative regulation of lymphocyte activation	biological_process	6	2593	54	31285	1.34	2.888e-01	8.464e-01		LOC120022426,LOC120027678,LOC120035113,LOC120036644,LOC120059053,LOC120059075
GO:0004842	ubiquitin-protein transferase activity	molecular_function	46	2593	509	31285	1.09	2.904e-01	8.486e-01		LOC120021774,LOC120022272,LOC120023137,LOC120024020,LOC120024093,LOC120024777,LOC120026808,LOC120029958,LOC120031219,LOC120031752,LOC120032342,LOC120032610,LOC120033765,LOC120034753,LOC120034787,LOC120035934,LOC120037614,LOC120038271,LOC120039932,LOC120040402,LOC120044543,LOC120044555,LOC120046258,LOC120047112,LOC120047700
GO:0044774	mitotic DNA integrity checkpoint signaling	biological_process	4	2593	33	31285	1.46	2.909e-01	8.486e-01		LOC120022294,LOC120032951,eme1,fancd2
GO:0042102	positive regulation of T cell proliferation	biological_process	4	2593	33	31285	1.46	2.909e-01	8.486e-01		LOC120022426,LOC120027678,LOC120034797,LOC120036644
GO:0051787	misfolded protein binding	molecular_function	4	2593	33	31285	1.46	2.909e-01	8.486e-01		LOC120030879,LOC120030881,LOC120034057,LOC120048364
GO:0015850	organic hydroxy compound transport	biological_process	7	2593	65	31285	1.3	2.919e-01	8.506e-01		LOC120024080,LOC120028812,LOC120048357,LOC120050593,LOC120050825,apoc2,aqp7
GO:0045785	positive regulation of cell adhesion	biological_process	8	2593	76	31285	1.27	2.934e-01	8.521e-01		LOC120022426,LOC120027678,LOC120034797,LOC120036644,LOC120043750,LOC120049915,LOC120051549,LOC120058342
GO:0050900	leukocyte migration	biological_process	9	2593	87	31285	1.25	2.939e-01	8.521e-01		LOC120019196,LOC120023642,LOC120023737,LOC120024769,LOC120024931,LOC120033438,LOC120037605,LOC120055680,LOC120063433
GO:0019359	nicotinamide nucleotide biosynthetic process	biological_process	3	2593	23	31285	1.57	2.967e-01	8.521e-01		LOC120032167,LOC120033373,LOC120051245
GO:0019363	pyridine nucleotide biosynthetic process	biological_process	3	2593	23	31285	1.57	2.967e-01	8.521e-01		LOC120032167,LOC120033373,LOC120051245
GO:0015116	sulfate transmembrane transporter activity	molecular_function	3	2593	23	31285	1.57	2.967e-01	8.521e-01		LOC120018572,LOC120020076,LOC120037234
GO:0002706	regulation of lymphocyte mediated immunity	biological_process	3	2593	23	31285	1.57	2.967e-01	8.521e-01		LOC120040917,LOC120042248,LOC120049292
GO:0002705	positive regulation of leukocyte mediated immunity	biological_process	3	2593	23	31285	1.57	2.967e-01	8.521e-01		LOC120040917,LOC120042248,LOC120049292
GO:0034472	snRNA 3'-end processing	biological_process	3	2593	23	31285	1.57	2.967e-01	8.521e-01		LOC120062433,exosc8,ints8
GO:0005901	caveola	cellular_component	3	2593	23	31285	1.57	2.967e-01	8.521e-01		LOC120033966,LOC120051466,LOC120064749
GO:0044853	plasma membrane raft	cellular_component	3	2593	23	31285	1.57	2.967e-01	8.521e-01		LOC120033966,LOC120051466,LOC120064749
GO:0045931	positive regulation of mitotic cell cycle	biological_process	3	2593	23	31285	1.57	2.967e-01	8.521e-01		LOC120032610,LOC120049937,LOC120063176
GO:1901992	positive regulation of mitotic cell cycle phase transition	biological_process	3	2593	23	31285	1.57	2.967e-01	8.521e-01		LOC120032610,LOC120049937,LOC120063176
GO:0140142	nucleocytoplasmic carrier activity	molecular_function	5	2593	44	31285	1.37	2.994e-01	8.577e-01		LOC120028225,LOC120033919,LOC120051048,LOC120051404,kpnb3
GO:0033993	response to lipid	biological_process	13	2593	132	31285	1.19	2.994e-01	8.577e-01	Y	LOC120022426,LOC120027678,LOC120028089,LOC120030016,LOC120031595,LOC120036644,LOC120036690,LOC120037605,LOC120047564,LOC120049205,LOC120051050,LOC120063433,pck1
GO:0051056	regulation of small GTPase mediated signal transduction	biological_process	22	2593	234	31285	1.13	2.997e-01	8.577e-01		LOC120018283,LOC120021788,LOC120024033,LOC120026236,LOC120028632,LOC120028901,LOC120033703,LOC120034034,LOC120034784,LOC120041011,LOC120041481,LOC120048461,LOC120049917,LOC120050823,LOC120052137,LOC120052829,LOC120061154,LOC120064691,arhgap44a,kctd10,p2ry10,rap1gap2a
GO:0000375	RNA splicing, via transesterification reactions	biological_process	26	2593	280	31285	1.12	3.010e-01	8.586e-01		LOC120018359,LOC120019900,LOC120020690,LOC120024866,LOC120028051,LOC120029014,LOC120029858,LOC120031968,LOC120032524,LOC120032798,LOC120032907,LOC120032915,LOC120033550,LOC120038194,LOC120044554,LOC120049663,LOC120051539,LOC120051978,LOC120055700,LOC120058340,LOC120060688,LOC120062436,LOC120065315,ddx39ab,pqbp1
GO:0000377	RNA splicing, via transesterification reactions with bulged adenosine as nucleophile	biological_process	26	2593	280	31285	1.12	3.010e-01	8.586e-01		LOC120018359,LOC120019900,LOC120020690,LOC120024866,LOC120028051,LOC120029014,LOC120029858,LOC120031968,LOC120032524,LOC120032798,LOC120032907,LOC120032915,LOC120033550,LOC120038194,LOC120044554,LOC120049663,LOC120051539,LOC120051978,LOC120055700,LOC120058340,LOC120060688,LOC120062436,LOC120065315,ddx39ab,pqbp1
GO:0000398	mRNA splicing, via spliceosome	biological_process	26	2593	280	31285	1.12	3.010e-01	8.586e-01		LOC120018359,LOC120019900,LOC120020690,LOC120024866,LOC120028051,LOC120029014,LOC120029858,LOC120031968,LOC120032524,LOC120032798,LOC120032907,LOC120032915,LOC120033550,LOC120038194,LOC120044554,LOC120049663,LOC120051539,LOC120051978,LOC120055700,LOC120058340,LOC120060688,LOC120062436,LOC120065315,ddx39ab,pqbp1
GO:0008033	tRNA processing	biological_process	11	2593	110	31285	1.21	3.030e-01	8.603e-01		LOC120029767,LOC120030201,LOC120037503,LOC120044622,LOC120046250,LOC120047785,LOC120049645,dtwd1,elac2,rtraf,sepsecs
GO:0050870	positive regulation of T cell activation	biological_process	6	2593	55	31285	1.32	3.036e-01	8.603e-01		LOC120022426,LOC120027678,LOC120034797,LOC120036644,LOC120043750,LOC120058342
GO:1903039	positive regulation of leukocyte cell-cell adhesion	biological_process	6	2593	55	31285	1.32	3.036e-01	8.603e-01		LOC120022426,LOC120027678,LOC120034797,LOC120036644,LOC120043750,LOC120058342
GO:0051606	detection of stimulus	biological_process	6	2593	55	31285	1.32	3.036e-01	8.603e-01		LOC120031912,LOC120035038,LOC120043570,LOC120046335,LOC120061057,LOC120065317
GO:0008509	monoatomic anion transmembrane transporter activity	molecular_function	18	2593	189	31285	1.15	3.039e-01	8.603e-01		LOC120019936,LOC120020076,LOC120024960,LOC120025077,LOC120028812,LOC120029323,LOC120032483,LOC120033207,LOC120033908,LOC120034039,LOC120034738,LOC120036315,LOC120045785,LOC120045871,LOC120050593,LOC120061883,ano9b,slc24a5
GO:0016482	cytosolic transport	biological_process	10	2593	99	31285	1.22	3.044e-01	8.603e-01		LOC120021737,LOC120033978,LOC120041350,LOC120044007,LOC120048265,LOC120062346,LOC120063507,snx1a,vps50,vps52
GO:0031346	positive regulation of cell projection organization	biological_process	10	2593	99	31285	1.22	3.044e-01	8.603e-01		LOC120022634,LOC120031042,LOC120032586,LOC120034162,LOC120040412,LOC120050049,LOC120059492,LOC120060834,LOC120061462,plxnb2a.3
GO:0030134	COPII-coated ER to Golgi transport vesicle	cellular_component	9	2593	88	31285	1.23	3.055e-01	8.603e-01		LOC120028889,LOC120032359,LOC120040838,LOC120046457,LOC120049409,LOC120062271,LOC120062523,lman1,sar1aa
GO:0004620	glycerophospholipase activity	molecular_function	9	2593	88	31285	1.23	3.055e-01	8.603e-01		LOC120032516,LOC120032954,LOC120033184,LOC120033304,LOC120033926,LOC120046036,LOC120047943,LOC120062432,gdpd1
GO:0033108	mitochondrial respiratory chain complex assembly	biological_process	9	2593	88	31285	1.23	3.055e-01	8.603e-01		LOC120021140,LOC120029935,LOC120033012,LOC120034242,LOC120046753,LOC120049933,LOC120050045,LOC120055984,LOC120064970
GO:0009306	protein secretion	biological_process	8	2593	77	31285	1.25	3.059e-01	8.603e-01		LOC120029114,LOC120034246,LOC120036379,LOC120042547,LOC120046321,LOC120048677,LOC120058959,cracr2b
GO:0071692	protein localization to extracellular region	biological_process	8	2593	77	31285	1.25	3.059e-01	8.603e-01		LOC120029114,LOC120034246,LOC120036379,LOC120042547,LOC120046321,LOC120048677,LOC120058959,cracr2b
GO:1901700	response to oxygen-containing compound	biological_process	32	2593	350	31285	1.1	3.065e-01	8.611e-01	Y	LOC120022070,LOC120022426,LOC120023754,LOC120024702,LOC120027037,LOC120027678,LOC120028030,LOC120028089,LOC120030016,LOC120031421,LOC120031595,LOC120033116,LOC120033139,LOC120033549,LOC120034058,LOC120034531,LOC120035602,LOC120036644,LOC120036690,LOC120037605,LOC120047564,LOC120048677,LOC120050139,LOC120051050,LOC120054008
GO:0061512	protein localization to cilium	biological_process	4	2593	34	31285	1.42	3.101e-01	8.623e-01		LOC120047746,LOC120048865,invs,wdr35
GO:0030166	proteoglycan biosynthetic process	biological_process	4	2593	34	31285	1.42	3.101e-01	8.623e-01		LOC120024793,LOC120031813,LOC120034165,LOC120062522
GO:0097602	cullin family protein binding	molecular_function	4	2593	34	31285	1.42	3.101e-01	8.623e-01		LOC120020583,LOC120032610,LOC120036660,dcun1d1
GO:0090482	vitamin transmembrane transporter activity	molecular_function	4	2593	34	31285	1.42	3.101e-01	8.623e-01		LOC120018632,LOC120045539,LOC120063251,slc25a19
GO:0030145	manganese ion binding	molecular_function	4	2593	34	31285	1.42	3.101e-01	8.623e-01		LOC120028089,LOC120048092,LOC120051050,pck1
GO:0000184	nuclear-transcribed mRNA catabolic process, nonsense-mediated decay	biological_process	4	2593	34	31285	1.42	3.101e-01	8.623e-01		LOC120042479,LOC120046454,LOC120058182,LOC120062272
GO:0008331	high voltage-gated calcium channel activity	molecular_function	4	2593	34	31285	1.42	3.101e-01	8.623e-01		LOC120023380,LOC120034271,LOC120034351,LOC120061553
GO:0140392	extracellular protein-containing complex	cellular_component	4	2593	34	31285	1.42	3.101e-01	8.623e-01		LOC120049072,apoc2,col5a2b,lamb4
GO:0007034	vacuolar transport	biological_process	15	2593	156	31285	1.16	3.126e-01	8.623e-01		LOC120032191,LOC120043732,LOC120044555,LOC120044647,LOC120046754,LOC120047712,LOC120052896,LOC120055472,LOC120060182,LOC120060502,gid4,rab38b,trak1a,tsg101a,vps52
GO:0046943	carboxylic acid transmembrane transporter activity	molecular_function	26	2593	282	31285	1.11	3.140e-01	8.623e-01		LOC120020076,LOC120021676,LOC120024080,LOC120026501,LOC120026774,LOC120028937,LOC120029672,LOC120031313,LOC120031387,LOC120031587,LOC120033247,LOC120033623,LOC120034531,LOC120037234,LOC120044103,LOC120044423,LOC120046343,LOC120047927,LOC120049318,LOC120049357,LOC120055761,LOC120056477,LOC120060024,grin2da,slc1a2a
GO:0030017	sarcomere	cellular_component	14	2593	145	31285	1.16	3.154e-01	8.623e-01		LOC120022803,LOC120031392,LOC120048197,LOC120048421,LOC120049116,LOC120049962,LOC120050266,LOC120051762,LOC120052905,LOC120056805,LOC120062569,csrp2,csrp3,tnnt2c
GO:0010506	regulation of autophagy	biological_process	10	2593	100	31285	1.21	3.155e-01	8.623e-01		LOC120032389,LOC120032502,LOC120051453,LOC120053128,LOC120058484,LOC120062348,LOC120063839,fbxo7,rragca,zgc:92242
GO:0000786	nucleosome	cellular_component	5	2593	45	31285	1.34	3.160e-01	8.623e-01		LOC120017900,LOC120021779,LOC120021806,LOC120037149,LOC120059566
GO:0003684	damaged DNA binding	molecular_function	5	2593	45	31285	1.34	3.160e-01	8.623e-01		LOC120028892,LOC120030864,LOC120051989,dclre1a,ercc1
GO:0030414	peptidase inhibitor activity	molecular_function	16	2593	168	31285	1.15	3.181e-01	8.623e-01		LOC120018265,LOC120019682,LOC120023315,LOC120029927,LOC120031250,LOC120032492,LOC120032520,LOC120032521,LOC120032617,LOC120039311,LOC120041558,LOC120042161,LOC120049289,LOC120049327,LOC120053664,LOC120065090
GO:0010604	positive regulation of macromolecule metabolic process	biological_process	102	2593	1173	31285	1.05	3.182e-01	8.623e-01		LOC120018777,LOC120019548,LOC120020561,LOC120020583,LOC120022442,LOC120022634,LOC120023046,LOC120023754,LOC120024099,LOC120024201,LOC120026854,LOC120026950,LOC120027231,LOC120028030,LOC120028617,LOC120029193,LOC120030220,LOC120031042,LOC120031239,LOC120032191,LOC120032502,LOC120032526,LOC120032527,LOC120032589,LOC120032598
GO:0035592	establishment of protein localization to extracellular region	biological_process	8	2593	78	31285	1.24	3.185e-01	8.623e-01		LOC120029114,LOC120034246,LOC120036379,LOC120042547,LOC120046321,LOC120048677,LOC120058959,cracr2b
GO:0050769	positive regulation of neurogenesis	biological_process	8	2593	78	31285	1.24	3.185e-01	8.623e-01		LOC120032586,LOC120040412,LOC120050049,LOC120059043,LOC120059492,LOC120060834,LOC120061462,plxnb2a.3
GO:0002695	negative regulation of leukocyte activation	biological_process	6	2593	56	31285	1.29	3.185e-01	8.623e-01		LOC120022426,LOC120027678,LOC120035113,LOC120036644,LOC120059053,LOC120059075
GO:0050866	negative regulation of cell activation	biological_process	6	2593	56	31285	1.29	3.185e-01	8.623e-01		LOC120022426,LOC120027678,LOC120035113,LOC120036644,LOC120059053,LOC120059075
GO:0002429	immune response-activating cell surface receptor signaling pathway	biological_process	6	2593	56	31285	1.29	3.185e-01	8.623e-01	Y	LOC120035059,LOC120049497,LOC120049759,LOC120062766,LOC120062892,si:ch211-243a20.4
GO:0008092	cytoskeletal protein binding	molecular_function	98	2593	1126	31285	1.05	3.190e-01	8.623e-01	Y	LOC120017463,LOC120018338,LOC120019531,LOC120019678,LOC120019718,LOC120019826,LOC120020510,LOC120020663,LOC120020691,LOC120021099,LOC120022803,LOC120023518,LOC120023746,LOC120024699,LOC120025642,LOC120026064,LOC120026473,LOC120027135,LOC120027158,LOC120027905,LOC120029007,LOC120029062,LOC120029154,LOC120029532,LOC120030952
GO:0050803	regulation of synapse structure or activity	biological_process	7	2593	67	31285	1.26	3.190e-01	8.623e-01		LOC120033111,LOC120033210,LOC120033233,LOC120044006,LOC120049662,LOC120056477,arhgap44a
GO:0017156	calcium-ion regulated exocytosis	biological_process	7	2593	67	31285	1.26	3.190e-01	8.623e-01		LOC120034026,LOC120049373,LOC120049375,LOC120056443,LOC120059165,rims1b,rims2a
GO:0055088	lipid homeostasis	biological_process	7	2593	67	31285	1.26	3.190e-01	8.623e-01	Y	LOC120018360,LOC120029013,LOC120032954,LOC120046036,LOC120046326,LOC120058208,apoc2
GO:0032456	endocytic recycling	biological_process	7	2593	67	31285	1.26	3.190e-01	8.623e-01		LOC120052681,LOC120058289,LOC120058290,LOC120062346,arhgap44a,vps50,vps52
GO:0004016	adenylate cyclase activity	molecular_function	3	2593	24	31285	1.51	3.201e-01	8.623e-01		LOC120032464,LOC120048037,LOC120061001
GO:0045334	clathrin-coated endocytic vesicle	cellular_component	3	2593	24	31285	1.51	3.201e-01	8.623e-01		LOC120045713,LOC120045843,LOC120047812
GO:0030388	fructose 1,6-bisphosphate metabolic process	biological_process	3	2593	24	31285	1.51	3.201e-01	8.623e-01		LOC120028781,LOC120049359,pfkpa
GO:0048738	cardiac muscle tissue development	biological_process	3	2593	24	31285	1.51	3.201e-01	8.623e-01	Y	LOC120030952,LOC120040389,LOC120049192
GO:2001251	negative regulation of chromosome organization	biological_process	3	2593	24	31285	1.51	3.201e-01	8.623e-01		LOC120024463,LOC120047536,terfa
GO:0022884	macromolecule transmembrane transporter activity	molecular_function	3	2593	24	31285	1.51	3.201e-01	8.623e-01		LOC120032888,LOC120048765,LOC120061152
GO:0140318	protein transporter activity	molecular_function	3	2593	24	31285	1.51	3.201e-01	8.623e-01		LOC120032888,LOC120048765,LOC120061152
GO:0008320	transmembrane protein transporter activity	molecular_function	3	2593	24	31285	1.51	3.201e-01	8.623e-01		LOC120032888,LOC120048765,LOC120061152
GO:0000124	SAGA complex	cellular_component	3	2593	24	31285	1.51	3.201e-01	8.623e-01		LOC120034476,taf10,taf12
GO:0051764	actin crosslink formation	biological_process	3	2593	24	31285	1.51	3.201e-01	8.623e-01		LOC120052724,LOC120065986,baiap2l1b
GO:0034308	primary alcohol metabolic process	biological_process	3	2593	24	31285	1.51	3.201e-01	8.623e-01		LOC120035602,gdpd1,thtpa
GO:0051641	cellular localization	biological_process	154	2593	1790	31285	1.04	3.219e-01	8.663e-01		LOC120017770,LOC120018066,LOC120019826,LOC120020088,LOC120020198,LOC120021737,LOC120022111,LOC120023396,LOC120023616,LOC120024345,LOC120024699,LOC120025169,LOC120025932,LOC120027915,LOC120028225,LOC120028812,LOC120028889,LOC120029114,LOC120031975,LOC120032191,LOC120032359,LOC120032491,LOC120032511,LOC120032514,LOC120032528
GO:0022898	regulation of transmembrane transporter activity	biological_process	11	2593	112	31285	1.18	3.239e-01	8.701e-01		LOC120033963,LOC120034351,LOC120044048,LOC120044552,LOC120044647,LOC120047712,LOC120051405,LOC120051648,LOC120052310,LOC120066365,si:dkey-43k4.5
GO:0140098	catalytic activity, acting on RNA	molecular_function	35	2593	388	31285	1.09	3.249e-01	8.701e-01		LOC120018286,LOC120019548,LOC120024894,LOC120030140,LOC120030201,LOC120034407,LOC120036321,LOC120036753,LOC120037503,LOC120040744,LOC120041248,LOC120044673,LOC120046332,LOC120046600,LOC120047785,LOC120050024,LOC120051407,LOC120052642,LOC120053043,LOC120054193,LOC120054763,LOC120055850,LOC120058206,LOC120064423,LOC120064850
GO:0061659	ubiquitin-like protein ligase activity	molecular_function	33	2593	365	31285	1.09	3.263e-01	8.701e-01		LOC120022272,LOC120023137,LOC120024020,LOC120024073,LOC120024093,LOC120026808,LOC120029958,LOC120031752,LOC120032610,LOC120033765,LOC120034787,LOC120035934,LOC120037614,LOC120038271,LOC120039932,LOC120040402,LOC120044543,LOC120044555,LOC120046258,LOC120047112,LOC120047921,LOC120048342,LOC120048766,LOC120048863,LOC120049707
GO:0030155	regulation of cell adhesion	biological_process	16	2593	169	31285	1.14	3.267e-01	8.701e-01		LOC120021739,LOC120022426,LOC120024359,LOC120027678,LOC120034797,LOC120035113,LOC120036644,LOC120040412,LOC120043750,LOC120049915,LOC120050049,LOC120051549,LOC120058342,LOC120059053,LOC120059075,plxnb2a.3
GO:0015629	actin cytoskeleton	cellular_component	55	2593	622	31285	1.07	3.268e-01	8.701e-01		LOC120017463,LOC120018338,LOC120019531,LOC120019826,LOC120020046,LOC120020510,LOC120020691,LOC120022803,LOC120023746,LOC120024699,LOC120025448,LOC120029154,LOC120029532,LOC120031062,LOC120031392,LOC120031943,LOC120032585,LOC120032606,LOC120032678,LOC120033956,LOC120034014,LOC120035097,LOC120035147,LOC120044006,LOC120044586
GO:0016591	RNA polymerase II, holoenzyme	cellular_component	9	2593	90	31285	1.21	3.290e-01	8.701e-01		LOC120017437,LOC120019183,LOC120048085,LOC120055750,gtf2h3,gtf2h4,polr2h,taf10,taf12
GO:0009615	response to virus	biological_process	4	2593	35	31285	1.38	3.294e-01	8.701e-01		LOC120040917,LOC120042248,LOC120045355,LOC120058008
GO:0070566	adenylyltransferase activity	molecular_function	4	2593	35	31285	1.38	3.294e-01	8.701e-01		LOC120034662,LOC120034669,LOC120047114,tut1
GO:0002443	leukocyte mediated immunity	biological_process	4	2593	35	31285	1.38	3.294e-01	8.701e-01		LOC120032458,LOC120036493,LOC120043750,LOC120044547
GO:0042058	regulation of epidermal growth factor receptor signaling pathway	biological_process	4	2593	35	31285	1.38	3.294e-01	8.701e-01	Y	LOC120034415,LOC120036772,LOC120048766,pde6gb
GO:1990869	cellular response to chemokine	biological_process	4	2593	35	31285	1.38	3.294e-01	8.701e-01		LOC120024931,LOC120037605,LOC120055680,LOC120063433
GO:0070098	chemokine-mediated signaling pathway	biological_process	4	2593	35	31285	1.38	3.294e-01	8.701e-01		LOC120024931,LOC120037605,LOC120055680,LOC120063433
GO:1990868	response to chemokine	biological_process	4	2593	35	31285	1.38	3.294e-01	8.701e-01		LOC120024931,LOC120037605,LOC120055680,LOC120063433
GO:0015149	hexose transmembrane transporter activity	molecular_function	4	2593	35	31285	1.38	3.294e-01	8.701e-01		LOC120031421,LOC120041002,LOC120041070,LOC120050825
GO:0015145	monosaccharide transmembrane transporter activity	molecular_function	4	2593	35	31285	1.38	3.294e-01	8.701e-01		LOC120031421,LOC120041002,LOC120041070,LOC120050825
GO:0062012	regulation of small molecule metabolic process	biological_process	4	2593	35	31285	1.38	3.294e-01	8.701e-01		LOC120046754,LOC120049359,LOC120057282,gid4
GO:0004843	cysteine-type deubiquitinase activity	molecular_function	15	2593	158	31285	1.15	3.302e-01	8.701e-01		LOC120021394,LOC120026428,LOC120028578,LOC120029979,LOC120036650,LOC120047954,LOC120049358,LOC120051406,LOC120055128,LOC120059594,LOC120060716,LOC120061494,mindy4,usp25,usp40
GO:0002683	negative regulation of immune system process	biological_process	8	2593	79	31285	1.22	3.311e-01	8.701e-01	Y	LOC120022426,LOC120027678,LOC120032389,LOC120035113,LOC120036644,LOC120051698,LOC120059053,LOC120059075
GO:0071824	protein-DNA complex organization	biological_process	8	2593	79	31285	1.22	3.311e-01	8.701e-01		LOC120017900,LOC120021779,LOC120021806,LOC120037149,LOC120050135,LOC120052620,LOC120059566,taf12
GO:0016765	transferase activity, transferring alkyl or aryl (other than methyl) groups	molecular_function	8	2593	79	31285	1.22	3.311e-01	8.701e-01		LOC120038056,LOC120046708,LOC120051527,LOC120052901,LOC120061980,dhdds,dtwd1,pdss2
GO:0016782	transferase activity, transferring sulphur-containing groups	molecular_function	12	2593	124	31285	1.17	3.312e-01	8.701e-01		LOC120021227,LOC120024793,LOC120031813,LOC120033544,LOC120034016,LOC120044076,LOC120044545,LOC120044546,LOC120046250,LOC120052371,LOC120053998,LOC120055775
GO:0008276	protein methyltransferase activity	molecular_function	12	2593	124	31285	1.17	3.312e-01	8.701e-01		LOC120017684,LOC120019684,LOC120022441,LOC120029530,LOC120034490,LOC120034541,LOC120036107,LOC120040364,LOC120045580,LOC120047221,LOC120050980,LOC120060142
GO:0009314	response to radiation	biological_process	7	2593	68	31285	1.24	3.327e-01	8.715e-01		LOC120031912,LOC120042990,LOC120044556,LOC120051461,LOC120051989,LOC120065317,ercc1
GO:0016405	CoA-ligase activity	molecular_function	5	2593	46	31285	1.31	3.328e-01	8.715e-01		LOC120034531,LOC120041848,LOC120041865,LOC120063560,acsl1a
GO:0017158	regulation of calcium ion-dependent exocytosis	biological_process	5	2593	46	31285	1.31	3.328e-01	8.715e-01		LOC120034026,LOC120041637,LOC120049373,LOC120049375,LOC120056443
GO:0030684	preribosome	cellular_component	11	2593	113	31285	1.17	3.345e-01	8.740e-01		LOC120017459,LOC120048439,LOC120048502,LOC120049493,LOC120055032,LOC120063861,LOC120064971,ngdn,riok1,rrp15,tbl3
GO:0006402	mRNA catabolic process	biological_process	11	2593	113	31285	1.17	3.345e-01	8.740e-01		LOC120019548,LOC120022442,LOC120026950,LOC120042479,LOC120046454,LOC120046600,LOC120055850,LOC120058182,LOC120062272,exosc8,snd1
GO:0141187	nucleic acid biosynthetic process	biological_process	92	2593	1060	31285	1.05	3.354e-01	8.754e-01		LOC120017437,LOC120017459,LOC120018286,LOC120018359,LOC120019183,LOC120019900,LOC120020140,LOC120020690,LOC120022349,LOC120024866,LOC120028051,LOC120028545,LOC120028892,LOC120029014,LOC120029767,LOC120029858,LOC120030201,LOC120031391,LOC120031968,LOC120032297,LOC120032524,LOC120032798,LOC120032819,LOC120032907,LOC120032915
GO:0098552	side of membrane	cellular_component	37	2593	414	31285	1.08	3.399e-01	8.824e-01		LOC120019104,LOC120021774,LOC120021872,LOC120022426,LOC120024214,LOC120024700,LOC120024702,LOC120024920,LOC120027678,LOC120027902,LOC120032458,LOC120032973,LOC120033459,LOC120033549,LOC120033570,LOC120033963,LOC120034227,LOC120034244,LOC120036493,LOC120036644,LOC120037504,LOC120040917,LOC120042248,LOC120044547,LOC120045539
GO:0005852	eukaryotic translation initiation factor 3 complex	cellular_component	3	2593	25	31285	1.45	3.435e-01	8.824e-01		LOC120025151,LOC120046468,eif3m
GO:0030127	COPII vesicle coat	cellular_component	3	2593	25	31285	1.45	3.435e-01	8.824e-01		LOC120032359,LOC120062271,sar1aa
GO:0016411	acylglycerol O-acyltransferase activity	molecular_function	3	2593	25	31285	1.45	3.435e-01	8.824e-01		LOC120022261,LOC120041311,LOC120057794
GO:0004712	protein serine/threonine/tyrosine kinase activity	molecular_function	3	2593	25	31285	1.45	3.435e-01	8.824e-01		LOC120034212,LOC120047536,LOC120049096
GO:2001235	positive regulation of apoptotic signaling pathway	biological_process	3	2593	25	31285	1.45	3.435e-01	8.824e-01		LOC120018251,LOC120034795,LOC120047954
GO:0070918	regulatory ncRNA processing	biological_process	3	2593	25	31285	1.45	3.435e-01	8.824e-01		LOC120018286,LOC120031391,LOC120036471
GO:0019730	antimicrobial humoral response	biological_process	3	2593	25	31285	1.45	3.435e-01	8.824e-01		LOC120037605,LOC120039311,LOC120063433
GO:0016973	poly(A)+ mRNA export from nucleus	biological_process	3	2593	25	31285	1.45	3.435e-01	8.824e-01		LOC120027915,LOC120059570,LOC120059580
GO:0016241	regulation of macroautophagy	biological_process	3	2593	25	31285	1.45	3.435e-01	8.824e-01		LOC120051453,LOC120058484,LOC120062348
GO:0030175	filopodium	cellular_component	3	2593	25	31285	1.45	3.435e-01	8.824e-01		LOC120035097,LOC120035147,LOC120049662
GO:0018200	peptidyl-glutamic acid modification	biological_process	3	2593	25	31285	1.45	3.435e-01	8.824e-01		LOC120019718,tpgs2,ttll9
GO:0030426	growth cone	cellular_component	3	2593	25	31285	1.45	3.435e-01	8.824e-01	Y	LOC120032586,LOC120035097,LOC120049662
GO:0090114	COPII-coated vesicle budding	biological_process	3	2593	25	31285	1.45	3.435e-01	8.824e-01		LOC120032359,LOC120058476,LOC120062271
GO:1902555	endoribonuclease complex	cellular_component	3	2593	25	31285	1.45	3.435e-01	8.824e-01		LOC120029767,LOC120044622,LOC120047785
GO:0030674	protein-macromolecule adaptor activity	molecular_function	25	2593	275	31285	1.1	3.443e-01	8.833e-01		LOC120022111,LOC120024345,LOC120024702,LOC120025972,LOC120031836,LOC120032502,LOC120032572,LOC120034193,LOC120037100,LOC120039068,LOC120047812,LOC120048162,LOC120048399,LOC120048708,LOC120052143,LOC120052724,LOC120053361,LOC120063028,LOC120065840,LOC120065986,LOC120066718,ap1m2,ap1s1,arrdc1b,spag9a
GO:0098542	defense response to other organism	biological_process	13	2593	137	31285	1.14	3.472e-01	8.833e-01		LOC120024214,LOC120024931,LOC120033139,LOC120037605,LOC120039311,LOC120040917,LOC120041248,LOC120042248,LOC120042337,LOC120049780,LOC120055680,LOC120058484,LOC120063433
GO:0140546	defense response to symbiont	biological_process	13	2593	137	31285	1.14	3.472e-01	8.833e-01		LOC120024214,LOC120024931,LOC120033139,LOC120037605,LOC120039311,LOC120040917,LOC120041248,LOC120042248,LOC120042337,LOC120049780,LOC120055680,LOC120058484,LOC120063433
GO:0060090	molecular adaptor activity	molecular_function	32	2593	357	31285	1.08	3.477e-01	8.833e-01		LOC120022111,LOC120024345,LOC120024702,LOC120025972,LOC120031836,LOC120032502,LOC120032572,LOC120033237,LOC120034193,LOC120037100,LOC120039068,LOC120047812,LOC120048162,LOC120048399,LOC120048708,LOC120049991,LOC120052143,LOC120052724,LOC120053361,LOC120055543,LOC120055773,LOC120062438,LOC120063028,LOC120064749,LOC120065840
GO:0090304	nucleic acid metabolic process	biological_process	144	2593	1681	31285	1.03	3.486e-01	8.833e-01		LOC120017437,LOC120017459,LOC120018286,LOC120018359,LOC120019183,LOC120019548,LOC120019900,LOC120020140,LOC120020690,LOC120021537,LOC120022349,LOC120022442,LOC120022971,LOC120023084,LOC120023350,LOC120024866,LOC120024894,LOC120026428,LOC120026950,LOC120026988,LOC120028051,LOC120028545,LOC120028892,LOC120029014,LOC120029767
GO:0051054	positive regulation of DNA metabolic process	biological_process	4	2593	36	31285	1.34	3.488e-01	8.833e-01		LOC120026854,LOC120040917,LOC120042248,LOC120049359
GO:0007031	peroxisome organization	biological_process	4	2593	36	31285	1.34	3.488e-01	8.833e-01		LOC120025214,LOC120046857,LOC120047124,LOC120049318
GO:0006487	protein N-linked glycosylation	biological_process	10	2593	103	31285	1.17	3.490e-01	8.833e-01		LOC120021626,LOC120025509,LOC120037083,LOC120048047,LOC120049548,LOC120052222,LOC120053529,LOC120062434,tmem258,zgc:92907
GO:0008146	sulfotransferase activity	molecular_function	10	2593	103	31285	1.17	3.490e-01	8.833e-01		LOC120024793,LOC120031813,LOC120033544,LOC120034016,LOC120044076,LOC120044545,LOC120044546,LOC120052371,LOC120053998,LOC120055775
GO:0032012	regulation of ARF protein signal transduction	biological_process	5	2593	47	31285	1.28	3.497e-01	8.833e-01		LOC120028632,LOC120034034,LOC120034784,LOC120041481,LOC120061154
GO:0007610	behavior	biological_process	5	2593	47	31285	1.28	3.497e-01	8.833e-01		LOC120019203,LOC120044698,LOC120048704,LOC120061462,cartl
GO:0006354	DNA-templated transcription elongation	biological_process	5	2593	47	31285	1.28	3.497e-01	8.833e-01		LOC120028545,LOC120046324,LOC120049782,LOC120055750,tefm
GO:0010469	regulation of signaling receptor activity	biological_process	5	2593	47	31285	1.28	3.497e-01	8.833e-01		LOC120032517,LOC120044552,LOC120044647,LOC120047712,LOC120048766
GO:0016878	acid-thiol ligase activity	molecular_function	5	2593	47	31285	1.28	3.497e-01	8.833e-01		LOC120034531,LOC120041848,LOC120041865,LOC120063560,acsl1a
GO:0140938	histone H3 methyltransferase activity	molecular_function	5	2593	47	31285	1.28	3.497e-01	8.833e-01		LOC120022441,LOC120036107,LOC120047221,LOC120050980,LOC120060142
GO:0099173	postsynapse organization	biological_process	5	2593	47	31285	1.28	3.497e-01	8.833e-01		LOC120025932,LOC120050074,LOC120050097,LOC120060929,LOC120062135
GO:0008083	growth factor activity	molecular_function	18	2593	195	31285	1.11	3.520e-01	8.833e-01	Y	LOC120023224,LOC120028377,LOC120032526,LOC120032527,LOC120032924,LOC120032998,LOC120033262,LOC120036431,LOC120044850,LOC120047302,LOC120047538,LOC120049360,LOC120055820,LOC120060385,LOC120061462,fgf7,mstnb,ndr2
GO:0008284	positive regulation of cell population proliferation	biological_process	18	2593	195	31285	1.11	3.520e-01	8.833e-01		LOC120022426,LOC120027678,LOC120032526,LOC120032527,LOC120032924,LOC120033014,LOC120033262,LOC120034797,LOC120036644,LOC120040917,LOC120042248,LOC120046320,LOC120047302,LOC120049360,LOC120051110,LOC120053888,fgf7,mycb
GO:0050658	RNA transport	biological_process	9	2593	92	31285	1.18	3.528e-01	8.833e-01		LOC120027915,LOC120032609,LOC120032888,LOC120059570,LOC120059580,LOC120062272,ddx39ab,nup85,tpra
GO:0051236	establishment of RNA localization	biological_process	9	2593	92	31285	1.18	3.528e-01	8.833e-01		LOC120027915,LOC120032609,LOC120032888,LOC120059570,LOC120059580,LOC120062272,ddx39ab,nup85,tpra
GO:0050657	nucleic acid transport	biological_process	9	2593	92	31285	1.18	3.528e-01	8.833e-01		LOC120027915,LOC120032609,LOC120032888,LOC120059570,LOC120059580,LOC120062272,ddx39ab,nup85,tpra
GO:0010720	positive regulation of cell development	biological_process	9	2593	92	31285	1.18	3.528e-01	8.833e-01		LOC120032586,LOC120040412,LOC120050049,LOC120053888,LOC120059043,LOC120059492,LOC120060834,LOC120061462,plxnb2a.3
GO:0030178	negative regulation of Wnt signaling pathway	biological_process	11	2593	115	31285	1.15	3.558e-01	8.833e-01		LOC120017648,LOC120022070,LOC120033560,LOC120033907,LOC120036447,LOC120047586,LOC120048267,LOC120056549,LOC120065673,rnf213a,rnf213b
GO:0043488	regulation of mRNA stability	biological_process	11	2593	115	31285	1.15	3.558e-01	8.833e-01		LOC120019548,LOC120020140,LOC120022442,LOC120024099,LOC120026950,LOC120044003,LOC120046454,LOC120047114,LOC120049662,angel2,exosc8
GO:0019783	ubiquitin-like protein peptidase activity	molecular_function	17	2593	184	31285	1.11	3.566e-01	8.833e-01		LOC120021394,LOC120026428,LOC120028578,LOC120029979,LOC120033533,LOC120036650,LOC120047954,LOC120049358,LOC120051406,LOC120055128,LOC120059594,LOC120060716,LOC120061494,mindy4,senp8,usp25,usp40
GO:0000075	cell cycle checkpoint signaling	biological_process	8	2593	81	31285	1.19	3.566e-01	8.833e-01		LOC120022294,LOC120024463,LOC120032951,LOC120047536,LOC120051461,LOC120055871,eme1,fancd2
GO:0042277	peptide binding	molecular_function	13	2593	138	31285	1.14	3.570e-01	8.833e-01		LOC120024881,LOC120027241,LOC120030016,LOC120032113,LOC120032432,LOC120032506,LOC120039298,LOC120049071,LOC120049205,LOC120051141,LOC120066645,anpepb,apba2b
GO:0016829	lyase activity	molecular_function	23	2593	254	31285	1.09	3.600e-01	8.833e-01		LOC120017969,LOC120023534,LOC120024026,LOC120026151,LOC120028089,LOC120028781,LOC120031141,LOC120032257,LOC120032464,LOC120034530,LOC120048037,LOC120050824,LOC120051050,LOC120051110,LOC120051409,LOC120051527,LOC120055645,LOC120055848,LOC120060379,LOC120061001,azin1b,pck1,rnaset2l
GO:0043122	regulation of canonical NF-kappaB signal transduction	biological_process	10	2593	104	31285	1.16	3.603e-01	8.833e-01		LOC120021774,LOC120033051,LOC120034417,LOC120040917,LOC120042248,LOC120042872,LOC120055336,LOC120058484,LOC120059771,traf6
GO:0005814	centriole	cellular_component	7	2593	70	31285	1.21	3.603e-01	8.833e-01		LOC120019248,LOC120019313,LOC120032794,LOC120035100,LOC120053598,cntln,si:ch211-140l13.3
GO:0097193	intrinsic apoptotic signaling pathway	biological_process	7	2593	70	31285	1.21	3.603e-01	8.833e-01		LOC120022305,LOC120034187,LOC120034479,LOC120041248,LOC120044673,LOC120059167,mcl1b
GO:0005793	endoplasmic reticulum-Golgi intermediate compartment	cellular_component	7	2593	70	31285	1.21	3.603e-01	8.833e-01		LOC120021205,LOC120028889,LOC120040838,LOC120046336,LOC120048047,LOC120062523,lman1
GO:0042054	histone methyltransferase activity	molecular_function	7	2593	70	31285	1.21	3.603e-01	8.833e-01		LOC120022441,LOC120029530,LOC120036107,LOC120040364,LOC120047221,LOC120050980,LOC120060142
GO:0098794	postsynapse	cellular_component	40	2593	453	31285	1.07	3.610e-01	8.833e-01		LOC120017751,LOC120023137,LOC120025042,LOC120025932,LOC120026774,LOC120029532,LOC120031313,LOC120031587,LOC120032669,LOC120033207,LOC120033233,LOC120033956,LOC120037100,LOC120044006,LOC120044423,LOC120044552,LOC120044647,LOC120045894,LOC120047712,LOC120049662,LOC120050074,LOC120050097,LOC120051543,LOC120052902,LOC120055543
GO:0005525	GTP binding	molecular_function	66	2593	760	31285	1.05	3.633e-01	8.833e-01		LOC120021787,LOC120027423,LOC120027814,LOC120028089,LOC120028852,LOC120029969,LOC120030281,LOC120031419,LOC120031975,LOC120032470,LOC120032897,LOC120032946,LOC120033297,LOC120033547,LOC120033621,LOC120034246,LOC120034532,LOC120034576,LOC120035061,LOC120036138,LOC120037243,LOC120037604,LOC120038203,LOC120038210,LOC120040756
GO:0044282	small molecule catabolic process	biological_process	19	2593	208	31285	1.1	3.636e-01	8.833e-01		LOC120021227,LOC120023192,LOC120023534,LOC120023754,LOC120028030,LOC120028089,LOC120028813,LOC120033335,LOC120046331,LOC120048269,LOC120049318,LOC120051050,LOC120053880,LOC120053922,LOC120054458,ada2b,apoc2,pck1,pfkpa
GO:0050807	regulation of synapse organization	biological_process	6	2593	59	31285	1.23	3.638e-01	8.833e-01		LOC120033111,LOC120033210,LOC120033233,LOC120044006,LOC120049662,arhgap44a
GO:0052548	regulation of endopeptidase activity	biological_process	6	2593	59	31285	1.23	3.638e-01	8.833e-01		LOC120041558,LOC120046317,LOC120049289,LOC120049327,LOC120050364,LOC120053664
GO:0007127	meiosis I	biological_process	6	2593	59	31285	1.23	3.638e-01	8.833e-01		LOC120026988,LOC120036166,LOC120044003,LOC120047331,eme1,fancd2
GO:0050776	regulation of immune response	biological_process	17	2593	185	31285	1.11	3.650e-01	8.833e-01	Y	LOC120024201,LOC120034797,LOC120035059,LOC120035113,LOC120040917,LOC120042248,LOC120048143,LOC120049292,LOC120049497,LOC120049759,LOC120050582,LOC120051325,LOC120051698,LOC120057064,LOC120062766,LOC120062892,si:ch211-243a20.4
GO:0051604	protein maturation	biological_process	32	2593	360	31285	1.07	3.658e-01	8.833e-01		LOC120026056,LOC120026418,LOC120028920,LOC120029062,LOC120031979,LOC120032162,LOC120032387,LOC120032522,LOC120032627,LOC120032670,LOC120033402,LOC120034057,LOC120034803,LOC120037855,LOC120038521,LOC120045029,LOC120046306,LOC120046594,LOC120047639,LOC120048399,LOC120049933,LOC120050580,LOC120050584,LOC120053945,LOC120055744
GO:0034654	nucleobase-containing compound biosynthetic process	biological_process	115	2593	1342	31285	1.03	3.660e-01	8.833e-01		LOC120017437,LOC120017459,LOC120018286,LOC120018359,LOC120019183,LOC120019900,LOC120020140,LOC120020563,LOC120020690,LOC120022349,LOC120024866,LOC120027373,LOC120028051,LOC120028545,LOC120028892,LOC120029014,LOC120029767,LOC120029829,LOC120029858,LOC120030201,LOC120031391,LOC120031968,LOC120032167,LOC120032297,LOC120032464
GO:0045087	innate immune response	biological_process	11	2593	116	31285	1.14	3.665e-01	8.833e-01	Y	LOC120024214,LOC120024931,LOC120033139,LOC120039311,LOC120040917,LOC120041248,LOC120042248,LOC120042337,LOC120049780,LOC120055680,LOC120058484
GO:0016702	oxidoreductase activity, acting on single donors with incorporation of molecular oxygen, incorporation of two atoms of oxygen	molecular_function	5	2593	48	31285	1.26	3.666e-01	8.833e-01	Y	LOC120031483,LOC120035040,LOC120035180,LOC120054458,bco2a
GO:0045182	translation regulator activity	molecular_function	5	2593	48	31285	1.26	3.666e-01	8.833e-01		LOC120047885,LOC120049316,LOC120049662,mif4gdb,paip2b
GO:0008593	regulation of Notch signaling pathway	biological_process	3	2593	26	31285	1.39	3.669e-01	8.833e-01		LOC120023137,LOC120034371,mfng
GO:0097747	RNA polymerase activity	molecular_function	3	2593	26	31285	1.39	3.669e-01	8.833e-01		LOC120036753,LOC120054763,polr2h
GO:0034062	5'-3' RNA polymerase activity	molecular_function	3	2593	26	31285	1.39	3.669e-01	8.833e-01		LOC120036753,LOC120054763,polr2h
GO:0003899	DNA-directed RNA polymerase activity	molecular_function	3	2593	26	31285	1.39	3.669e-01	8.833e-01		LOC120036753,LOC120054763,polr2h
GO:0002183	cytoplasmic translational initiation	biological_process	3	2593	26	31285	1.39	3.669e-01	8.833e-01		LOC120030140,eif3m,eif4a2
GO:0051963	regulation of synapse assembly	biological_process	3	2593	26	31285	1.39	3.669e-01	8.833e-01		LOC120033111,LOC120033210,LOC120033233
GO:0051965	positive regulation of synapse assembly	biological_process	3	2593	26	31285	1.39	3.669e-01	8.833e-01		LOC120033111,LOC120033210,LOC120033233
GO:0019882	antigen processing and presentation	biological_process	3	2593	26	31285	1.39	3.669e-01	8.833e-01		LOC120022571,LOC120043750,cd74a
GO:0031295	T cell costimulation	biological_process	3	2593	26	31285	1.39	3.669e-01	8.833e-01		LOC120022426,LOC120027678,LOC120036644
GO:0031294	lymphocyte costimulation	biological_process	3	2593	26	31285	1.39	3.669e-01	8.833e-01		LOC120022426,LOC120027678,LOC120036644
GO:0098534	centriole assembly	biological_process	3	2593	26	31285	1.39	3.669e-01	8.833e-01		LOC120019248,LOC120019313,si:ch211-140l13.3
GO:0007099	centriole replication	biological_process	3	2593	26	31285	1.39	3.669e-01	8.833e-01		LOC120019248,LOC120019313,si:ch211-140l13.3
GO:0016891	RNA endonuclease activity producing 5'-phosphomonoesters, hydrolytic mechanism	molecular_function	3	2593	26	31285	1.39	3.669e-01	8.833e-01		LOC120018286,LOC120047785,elac2
GO:0048705	skeletal system morphogenesis	biological_process	3	2593	26	31285	1.39	3.669e-01	8.833e-01	Y	LOC120053527,LOC120054283,hoxa2b
GO:0006026	aminoglycan catabolic process	biological_process	3	2593	26	31285	1.39	3.669e-01	8.833e-01		LOC120018827,LOC120046335,ctbs
GO:0085029	extracellular matrix assembly	biological_process	3	2593	26	31285	1.39	3.669e-01	8.833e-01		LOC120030234,LOC120049072,lamb4
GO:1901989	positive regulation of cell cycle phase transition	biological_process	3	2593	26	31285	1.39	3.669e-01	8.833e-01		LOC120032610,LOC120049937,LOC120063176
GO:0008093	cytoskeletal adaptor activity	molecular_function	3	2593	26	31285	1.39	3.669e-01	8.833e-01	Y	LOC120031836,LOC120052724,LOC120065986
GO:0009953	dorsal/ventral pattern formation	biological_process	4	2593	37	31285	1.3	3.682e-01	8.833e-01		LOC120027807,LOC120032924,LOC120033541,nog2
GO:0010508	positive regulation of autophagy	biological_process	4	2593	37	31285	1.3	3.682e-01	8.833e-01		LOC120053128,LOC120058484,LOC120062348,fbxo7
GO:0032465	regulation of cytokinesis	biological_process	4	2593	37	31285	1.3	3.682e-01	8.833e-01		LOC120019248,LOC120019313,LOC120022971,LOC120055871
GO:0003007	heart morphogenesis	biological_process	4	2593	37	31285	1.3	3.682e-01	8.833e-01		LOC120031239,LOC120032924,LOC120065817,tbx19
GO:0019318	hexose metabolic process	biological_process	8	2593	82	31285	1.18	3.695e-01	8.840e-01		LOC120018089,LOC120023192,LOC120024698,LOC120028089,LOC120051050,gpia,pck1,pfkpa
GO:0030312	external encapsulating structure	cellular_component	24	2593	267	31285	1.08	3.696e-01	8.840e-01		LOC120017348,LOC120024764,LOC120029094,LOC120030186,LOC120031776,LOC120032709,LOC120039460,LOC120041558,LOC120041593,LOC120049072,LOC120049142,LOC120049327,LOC120051656,LOC120052695,LOC120052703,LOC120052766,LOC120052860,LOC120053973,LOC120055371,LOC120058090,LOC120065784,adamts18,col5a2b,lamb4
GO:0031012	extracellular matrix	cellular_component	24	2593	267	31285	1.08	3.696e-01	8.840e-01		LOC120017348,LOC120024764,LOC120029094,LOC120030186,LOC120031776,LOC120032709,LOC120039460,LOC120041558,LOC120041593,LOC120049072,LOC120049142,LOC120049327,LOC120051656,LOC120052695,LOC120052703,LOC120052766,LOC120052860,LOC120053973,LOC120055371,LOC120058090,LOC120065784,adamts18,col5a2b,lamb4
GO:0045597	positive regulation of cell differentiation	biological_process	14	2593	151	31285	1.12	3.713e-01	8.871e-01		LOC120022634,LOC120025342,LOC120031042,LOC120032586,LOC120040412,LOC120048461,LOC120049376,LOC120050049,LOC120053888,LOC120059043,LOC120059492,LOC120060834,LOC120061462,plxnb2a.3
GO:0048167	regulation of synaptic plasticity	biological_process	7	2593	71	31285	1.19	3.742e-01	8.926e-01		LOC120020067,LOC120044552,LOC120052219,LOC120053451,grin2da,rims1b,rims2a
GO:0007017	microtubule-based process	biological_process	65	2593	751	31285	1.04	3.752e-01	8.926e-01		LOC120019248,LOC120019313,LOC120019678,LOC120019718,LOC120023518,LOC120023616,LOC120024223,LOC120025642,LOC120026064,LOC120026473,LOC120029135,LOC120031210,LOC120031251,LOC120031836,LOC120032210,LOC120032491,LOC120032514,LOC120032889,LOC120033621,LOC120033767,LOC120035100,LOC120036138,LOC120039491,LOC120040161,LOC120040404
GO:1902679	negative regulation of RNA biosynthetic process	biological_process	43	2593	491	31285	1.06	3.753e-01	8.926e-01		LOC120018853,LOC120019052,LOC120019509,LOC120020561,LOC120021680,LOC120021902,LOC120022272,LOC120023423,LOC120032414,LOC120032499,LOC120032657,LOC120032805,LOC120032932,LOC120033484,LOC120033487,LOC120033652,LOC120034085,LOC120035241,LOC120035388,LOC120037027,LOC120037301,LOC120038047,LOC120038321,LOC120039521,LOC120039788
GO:0045892	negative regulation of DNA-templated transcription	biological_process	43	2593	491	31285	1.06	3.753e-01	8.926e-01		LOC120018853,LOC120019052,LOC120019509,LOC120020561,LOC120021680,LOC120021902,LOC120022272,LOC120023423,LOC120032414,LOC120032499,LOC120032657,LOC120032805,LOC120032932,LOC120033484,LOC120033487,LOC120033652,LOC120034085,LOC120035241,LOC120035388,LOC120037027,LOC120037301,LOC120038047,LOC120038321,LOC120039521,LOC120039788
GO:0055029	nuclear DNA-directed RNA polymerase complex	cellular_component	9	2593	94	31285	1.16	3.769e-01	8.926e-01		LOC120017437,LOC120019183,LOC120048085,LOC120055750,gtf2h3,gtf2h4,polr2h,taf10,taf12
GO:0043414	macromolecule methylation	biological_process	9	2593	94	31285	1.16	3.769e-01	8.926e-01		LOC120017684,LOC120034407,LOC120034490,LOC120034541,LOC120036321,LOC120037503,LOC120045580,LOC120049645,prmt5
GO:0009893	positive regulation of metabolic process	biological_process	114	2593	1334	31285	1.03	3.785e-01	8.926e-01		LOC120018777,LOC120019548,LOC120020561,LOC120020583,LOC120022442,LOC120022634,LOC120023046,LOC120023181,LOC120023754,LOC120024099,LOC120024201,LOC120024896,LOC120026854,LOC120026950,LOC120027231,LOC120028030,LOC120028617,LOC120029193,LOC120030220,LOC120031042,LOC120031239,LOC120031671,LOC120032191,LOC120032502,LOC120032526
GO:0031122	cytoplasmic microtubule organization	biological_process	6	2593	60	31285	1.21	3.790e-01	8.926e-01		LOC120023518,LOC120032491,LOC120032889,LOC120036138,LOC120046349,LOC120051397
GO:0009185	ribonucleoside diphosphate metabolic process	biological_process	6	2593	60	31285	1.21	3.790e-01	8.926e-01		LOC120020563,LOC120024980,LOC120028781,gpia,pfkpa,pklr
GO:0019787	ubiquitin-like protein transferase activity	molecular_function	47	2593	539	31285	1.05	3.794e-01	8.926e-01		LOC120021774,LOC120022272,LOC120023137,LOC120024020,LOC120024073,LOC120024093,LOC120024777,LOC120026808,LOC120029958,LOC120031219,LOC120031752,LOC120032342,LOC120032610,LOC120033765,LOC120034753,LOC120034787,LOC120035934,LOC120037614,LOC120038271,LOC120039932,LOC120040402,LOC120044543,LOC120044555,LOC120046258,LOC120047112
GO:0034705	potassium channel complex	cellular_component	12	2593	129	31285	1.12	3.822e-01	8.926e-01		LOC120023372,LOC120026774,LOC120031313,LOC120031587,LOC120031838,LOC120040195,LOC120043570,LOC120044062,LOC120056459,LOC120059740,LOC120060854,si:dkey-43k4.5
GO:0031333	negative regulation of protein-containing complex assembly	biological_process	8	2593	83	31285	1.16	3.824e-01	8.926e-01		LOC120020510,LOC120029007,LOC120037027,LOC120048421,LOC120052616,LOC120052905,LOC120053128,LOC120053522
GO:0045732	positive regulation of protein catabolic process	biological_process	8	2593	83	31285	1.16	3.824e-01	8.926e-01		LOC120035140,LOC120042708,LOC120048342,LOC120051919,dda1,fzr1b,prkn,rnf14
GO:0016324	apical plasma membrane	cellular_component	10	2593	106	31285	1.14	3.830e-01	8.926e-01		LOC120019196,LOC120019936,LOC120023642,LOC120031421,LOC120034193,LOC120037504,LOC120044113,LOC120044681,LOC120049915,shroom1
GO:0008373	sialyltransferase activity	molecular_function	5	2593	49	31285	1.23	3.835e-01	8.926e-01		LOC120021129,LOC120021197,LOC120033199,LOC120064975,st6galnac
GO:0016701	oxidoreductase activity, acting on single donors with incorporation of molecular oxygen	molecular_function	5	2593	49	31285	1.23	3.835e-01	8.926e-01	Y	LOC120031483,LOC120035040,LOC120035180,LOC120054458,bco2a
GO:0016790	thiolester hydrolase activity	molecular_function	5	2593	49	31285	1.23	3.835e-01	8.926e-01		LOC120024269,LOC120026877,LOC120050407,LOC120051743,LOC120052819
GO:0006006	glucose metabolic process	biological_process	5	2593	49	31285	1.23	3.835e-01	8.926e-01		LOC120028089,LOC120051050,gpia,pck1,pfkpa
GO:0006338	chromatin remodeling	biological_process	18	2593	199	31285	1.09	3.850e-01	8.926e-01		LOC120017900,LOC120021779,LOC120021806,LOC120025769,LOC120028545,LOC120031442,LOC120036107,LOC120037149,LOC120048713,LOC120050052,LOC120050135,LOC120052620,LOC120059566,LOC120060383,npm2a,pphln1,ruvbl2,vps72a
GO:0033036	macromolecule localization	biological_process	131	2593	1539	31285	1.03	3.859e-01	8.926e-01		LOC120020088,LOC120021737,LOC120022117,LOC120023396,LOC120024080,LOC120024345,LOC120025169,LOC120025359,LOC120025972,LOC120027255,LOC120027915,LOC120028225,LOC120028853,LOC120028919,LOC120029114,LOC120031198,LOC120031497,LOC120031836,LOC120031975,LOC120032359,LOC120032528,LOC120032572,LOC120032586,LOC120032593,LOC120032609
GO:0050778	positive regulation of immune response	biological_process	13	2593	141	31285	1.11	3.865e-01	8.926e-01	Y	LOC120024201,LOC120034797,LOC120035059,LOC120040917,LOC120042248,LOC120049292,LOC120049497,LOC120049759,LOC120051325,LOC120057064,LOC120062766,LOC120062892,si:ch211-243a20.4
GO:0046890	regulation of lipid biosynthetic process	biological_process	4	2593	38	31285	1.27	3.876e-01	8.926e-01	Y	LOC120033450,LOC120034531,LOC120058208,apoc2
GO:0006491	N-glycan processing	biological_process	4	2593	38	31285	1.27	3.876e-01	8.926e-01		LOC120025509,LOC120037083,LOC120049548,LOC120062434
GO:0007193	adenylate cyclase-inhibiting G protein-coupled receptor signaling pathway	biological_process	4	2593	38	31285	1.27	3.876e-01	8.926e-01		LOC120031803,LOC120048037,LOC120061001,drd2a
GO:0015368	calcium:monoatomic cation antiporter activity	molecular_function	4	2593	38	31285	1.27	3.876e-01	8.926e-01		LOC120031811,LOC120052219,slc24a5,slc8a2b
GO:0046330	positive regulation of JNK cascade	biological_process	4	2593	38	31285	1.27	3.876e-01	8.926e-01		LOC120021774,LOC120033051,LOC120042872,traf6
GO:0031398	positive regulation of protein ubiquitination	biological_process	4	2593	38	31285	1.27	3.876e-01	8.926e-01		LOC120020583,LOC120032191,dcun1d1,fzr1b
GO:1901184	regulation of ERBB signaling pathway	biological_process	4	2593	38	31285	1.27	3.876e-01	8.926e-01		LOC120034415,LOC120036772,LOC120048766,pde6gb
GO:0000460	maturation of 5.8S rRNA	biological_process	4	2593	38	31285	1.27	3.876e-01	8.926e-01		LOC120064971,exosc8,mphosph6,rrp15
GO:0014059	regulation of dopamine secretion	biological_process	4	2593	38	31285	1.27	3.876e-01	8.926e-01		LOC120034026,LOC120049373,LOC120049375,LOC120056443
GO:0009101	glycoprotein biosynthetic process	biological_process	16	2593	176	31285	1.1	3.877e-01	8.926e-01		LOC120021626,LOC120024793,LOC120025509,LOC120031813,LOC120032297,LOC120034165,LOC120037083,LOC120048047,LOC120049548,LOC120052222,LOC120053529,LOC120055734,LOC120062434,LOC120062522,tmem258,zgc:92907
GO:0048471	perinuclear region of cytoplasm	cellular_component	7	2593	72	31285	1.17	3.881e-01	8.926e-01		LOC120021519,LOC120027918,LOC120027929,LOC120032191,LOC120053718,LOC120061992,LOC120064703
GO:0035097	histone methyltransferase complex	cellular_component	7	2593	72	31285	1.17	3.881e-01	8.926e-01		LOC120032213,LOC120047221,LOC120049800,LOC120050052,LOC120050980,LOC120066437,tex10
GO:0016799	hydrolase activity, hydrolyzing N-glycosyl compounds	molecular_function	3	2593	27	31285	1.34	3.901e-01	8.926e-01		LOC120033396,LOC120051110,LOC120058290
GO:0045927	positive regulation of growth	biological_process	3	2593	27	31285	1.34	3.901e-01	8.926e-01	Y	LOC120032502,LOC120032586,LOC120061462
GO:0046337	phosphatidylethanolamine metabolic process	biological_process	3	2593	27	31285	1.34	3.901e-01	8.926e-01		LOC120034531,LOC120047943,LOC120062432
GO:0001101	response to acid chemical	biological_process	3	2593	27	31285	1.34	3.901e-01	8.926e-01		LOC120032502,LOC120062348,rragca
GO:0071230	cellular response to amino acid stimulus	biological_process	3	2593	27	31285	1.34	3.901e-01	8.926e-01		LOC120032502,LOC120062348,rragca
GO:0071229	cellular response to acid chemical	biological_process	3	2593	27	31285	1.34	3.901e-01	8.926e-01		LOC120032502,LOC120062348,rragca
GO:0043200	response to amino acid	biological_process	3	2593	27	31285	1.34	3.901e-01	8.926e-01		LOC120032502,LOC120062348,rragca
GO:0043574	peroxisomal transport	biological_process	3	2593	27	31285	1.34	3.901e-01	8.926e-01		LOC120046857,LOC120047124,LOC120049318
GO:0015919	peroxisomal membrane transport	biological_process	3	2593	27	31285	1.34	3.901e-01	8.926e-01		LOC120046857,LOC120047124,LOC120049318
GO:0051262	protein tetramerization	biological_process	3	2593	27	31285	1.34	3.901e-01	8.926e-01		LOC120024696,LOC120039049,crtc3
GO:0046470	phosphatidylcholine metabolic process	biological_process	3	2593	27	31285	1.34	3.901e-01	8.926e-01		LOC120032516,LOC120034531,LOC120057283
GO:0007214	gamma-aminobutyric acid signaling pathway	biological_process	3	2593	27	31285	1.34	3.901e-01	8.926e-01		LOC120033207,LOC120047581,LOC120061883
GO:0032561	guanyl ribonucleotide binding	molecular_function	67	2593	779	31285	1.04	3.933e-01	8.963e-01		LOC120021787,LOC120027423,LOC120027814,LOC120028089,LOC120028852,LOC120029969,LOC120030281,LOC120031419,LOC120031975,LOC120032470,LOC120032897,LOC120032946,LOC120033297,LOC120033547,LOC120033621,LOC120034246,LOC120034532,LOC120034576,LOC120035061,LOC120036138,LOC120037243,LOC120037604,LOC120038203,LOC120038210,LOC120040756
GO:0101005	deubiquitinase activity	molecular_function	15	2593	165	31285	1.1	3.935e-01	8.963e-01		LOC120021394,LOC120026428,LOC120028578,LOC120029979,LOC120036650,LOC120047954,LOC120049358,LOC120051406,LOC120055128,LOC120059594,LOC120060716,LOC120061494,mindy4,usp25,usp40
GO:0048284	organelle fusion	biological_process	15	2593	165	31285	1.1	3.935e-01	8.963e-01		LOC120022111,LOC120022305,LOC120022368,LOC120023396,LOC120032572,LOC120034479,LOC120035851,LOC120043622,LOC120048162,LOC120048677,LOC120048708,LOC120060502,cracr2b,mcl1b,rab38b
GO:0033044	regulation of chromosome organization	biological_process	6	2593	61	31285	1.19	3.942e-01	8.963e-01		LOC120024463,LOC120032610,LOC120044542,LOC120047536,LOC120063176,terfa
GO:0005930	axoneme	cellular_component	6	2593	61	31285	1.19	3.942e-01	8.963e-01		LOC120024223,LOC120039755,LOC120042376,LOC120058709,ccdc39,hydin
GO:0035591	signaling adaptor activity	molecular_function	6	2593	61	31285	1.19	3.942e-01	8.963e-01		LOC120024702,LOC120037100,LOC120052143,LOC120063028,LOC120066718,spag9a
GO:0016741	transferase activity, transferring one-carbon groups	molecular_function	22	2593	247	31285	1.07	3.944e-01	8.963e-01		LOC120017684,LOC120017754,LOC120019684,LOC120022441,LOC120027360,LOC120029324,LOC120029530,LOC120033012,LOC120034407,LOC120034490,LOC120034541,LOC120036107,LOC120036321,LOC120037503,LOC120040364,LOC120045580,LOC120047221,LOC120050980,LOC120051214,LOC120060142,asmtl,comtb
GO:0008104	intracellular protein localization	biological_process	101	2593	1184	31285	1.03	3.947e-01	8.963e-01		LOC120020088,LOC120021737,LOC120023396,LOC120024345,LOC120025169,LOC120025359,LOC120025972,LOC120028225,LOC120029114,LOC120031836,LOC120031975,LOC120032359,LOC120032528,LOC120032572,LOC120032586,LOC120032593,LOC120032888,LOC120032946,LOC120033137,LOC120033566,LOC120033919,LOC120034193,LOC120034246,LOC120034740,LOC120035100
GO:0006405	RNA export from nucleus	biological_process	8	2593	84	31285	1.15	3.953e-01	8.969e-01		LOC120027915,LOC120032609,LOC120059570,LOC120059580,LOC120062272,ddx39ab,nup85,tpra
GO:0070588	calcium ion transmembrane transport	biological_process	16	2593	177	31285	1.09	3.965e-01	8.980e-01		LOC120017401,LOC120023380,LOC120031556,LOC120031811,LOC120034271,LOC120034351,LOC120035038,LOC120039049,LOC120040198,LOC120041637,LOC120051696,LOC120052219,LOC120060148,LOC120061553,slc24a5,slc8a2b
GO:0046873	metal ion transmembrane transporter activity	molecular_function	65	2593	756	31285	1.04	3.965e-01	8.980e-01		LOC120017401,LOC120021849,LOC120023241,LOC120023372,LOC120023380,LOC120024080,LOC120024696,LOC120024960,LOC120026774,LOC120028812,LOC120028855,LOC120029350,LOC120030936,LOC120031313,LOC120031556,LOC120031587,LOC120031811,LOC120031838,LOC120032764,LOC120032827,LOC120032870,LOC120033247,LOC120034271,LOC120034351,LOC120035038
GO:0032182	ubiquitin-like protein binding	molecular_function	11	2593	119	31285	1.12	3.989e-01	8.997e-01		LOC120017480,LOC120020583,LOC120042932,LOC120046316,LOC120046752,LOC120053041,LOC120053650,dcun1d1,gga3b,nploc4,tsg101a
GO:0006888	endoplasmic reticulum to Golgi vesicle-mediated transport	biological_process	17	2593	189	31285	1.09	3.992e-01	8.997e-01		LOC120022111,LOC120028889,LOC120029114,LOC120032359,LOC120036379,LOC120040838,LOC120042547,LOC120043494,LOC120046336,LOC120049249,LOC120049409,LOC120058476,LOC120062271,LOC120062523,kdelr2b,lman1,sar1aa
GO:0009116	nucleoside metabolic process	biological_process	5	2593	50	31285	1.21	4.004e-01	8.997e-01		LOC120023827,LOC120031887,LOC120034901,LOC120053450,ada2b
GO:0072593	reactive oxygen species metabolic process	biological_process	5	2593	50	31285	1.21	4.004e-01	8.997e-01	Y	LOC120027734,LOC120031281,LOC120036826,LOC120045704,noxo1a
GO:0019239	deaminase activity	molecular_function	5	2593	50	31285	1.21	4.004e-01	8.997e-01		LOC120051398,LOC120052759,LOC120058206,LOC120061070,ada2b
GO:0004519	endonuclease activity	molecular_function	9	2593	96	31285	1.13	4.010e-01	8.997e-01		LOC120018286,LOC120019548,LOC120032639,LOC120041248,LOC120044673,LOC120047785,elac2,endou2,rnaset2l
GO:0042734	presynaptic membrane	cellular_component	9	2593	96	31285	1.13	4.010e-01	8.997e-01		LOC120026774,LOC120031313,LOC120031587,LOC120051543,LOC120062438,adgrl1a,drd2a,rims1b,rims2a
GO:0005815	microtubule organizing center	cellular_component	31	2593	354	31285	1.06	4.014e-01	8.997e-01		LOC120019248,LOC120019313,LOC120022770,LOC120022971,LOC120024223,LOC120026064,LOC120031533,LOC120032491,LOC120032794,LOC120034783,LOC120035100,LOC120036138,LOC120041882,LOC120045303,LOC120046349,LOC120046978,LOC120048865,LOC120051397,LOC120053598,LOC120055337,LOC120055871,LOC120055905,ccdc14,cep131,cep83
GO:0042803	protein homodimerization activity	molecular_function	7	2593	73	31285	1.16	4.021e-01	8.997e-01		LOC120022305,LOC120034479,LOC120049334,LOC120049662,mcl1b,terf1,terfa
GO:0030246	carbohydrate binding	molecular_function	15	2593	166	31285	1.09	4.027e-01	8.997e-01		LOC120017769,LOC120017974,LOC120018089,LOC120029981,LOC120034466,LOC120040337,LOC120045648,LOC120047784,LOC120062434,LOC120064916,adgrl1a,gpia,lgals8a,lman1,pfkpa
GO:0043161	proteasome-mediated ubiquitin-dependent protein catabolic process	biological_process	23	2593	260	31285	1.07	4.036e-01	8.997e-01		LOC120017447,LOC120017880,LOC120023431,LOC120032610,LOC120032635,LOC120032839,LOC120034238,LOC120036660,LOC120046754,LOC120047112,LOC120047921,LOC120048802,LOC120050509,LOC120051198,LOC120052569,LOC120053041,LOC120063176,LOC120064119,dcaf11,fzr1b,gid4,kctd10,rnf34a
GO:0006399	tRNA metabolic process	biological_process	16	2593	178	31285	1.08	4.054e-01	8.997e-01		LOC120024894,LOC120029767,LOC120030201,LOC120037503,LOC120044622,LOC120046250,LOC120046332,LOC120047785,LOC120049645,LOC120053043,LOC120064423,dtwd1,elac2,exosc8,rtraf,sepsecs
GO:1901875	positive regulation of post-translational protein modification	biological_process	4	2593	39	31285	1.24	4.069e-01	8.997e-01		LOC120020583,LOC120032191,dcun1d1,fzr1b
GO:1903322	positive regulation of protein modification by small protein conjugation or removal	biological_process	4	2593	39	31285	1.24	4.069e-01	8.997e-01		LOC120020583,LOC120032191,dcun1d1,fzr1b
GO:0017154	semaphorin receptor activity	molecular_function	4	2593	39	31285	1.24	4.069e-01	8.997e-01		LOC120033173,LOC120040412,LOC120050049,plxnb2a.3
GO:0051537	2 iron, 2 sulfur cluster binding	molecular_function	4	2593	39	31285	1.24	4.069e-01	8.997e-01		LOC120046115,fdx2,zgc:92242,zgc:92275
GO:0008168	methyltransferase activity	molecular_function	21	2593	237	31285	1.07	4.076e-01	8.997e-01		LOC120017684,LOC120017754,LOC120019684,LOC120022441,LOC120027360,LOC120029324,LOC120029530,LOC120033012,LOC120034407,LOC120034490,LOC120034541,LOC120036107,LOC120036321,LOC120037503,LOC120040364,LOC120045580,LOC120047221,LOC120050980,LOC120060142,asmtl,comtb
GO:0045859	regulation of protein kinase activity	biological_process	17	2593	190	31285	1.08	4.078e-01	8.997e-01		LOC120032502,LOC120032526,LOC120032527,LOC120032684,LOC120033559,LOC120033703,LOC120034531,LOC120048766,LOC120049937,LOC120055905,bora,ccna1,cdk5r2a,cdkn2a/b,cdkn2d,ptprc,sh3bp5lb
GO:0050877	nervous system process	biological_process	32	2593	367	31285	1.05	4.088e-01	8.997e-01		LOC120025042,LOC120031912,LOC120032724,LOC120033198,LOC120033207,LOC120033765,LOC120033963,LOC120034738,LOC120041637,LOC120044647,LOC120044727,LOC120045822,LOC120045894,LOC120047441,LOC120047712,LOC120050551,LOC120051753,LOC120053171,LOC120057916,LOC120060929,LOC120061057,LOC120061462,LOC120061883,LOC120062145,LOC120065317
GO:0031109	microtubule polymerization or depolymerization	biological_process	6	2593	62	31285	1.17	4.093e-01	8.997e-01		LOC120036138,LOC120041882,LOC120045303,LOC120051397,mzt1,ndel1b
GO:0046488	phosphatidylinositol metabolic process	biological_process	6	2593	62	31285	1.17	4.093e-01	8.997e-01		LOC120028326,LOC120031120,LOC120032634,LOC120034531,LOC120045843,LOC120048800
GO:0005251	delayed rectifier potassium channel activity	molecular_function	6	2593	62	31285	1.17	4.093e-01	8.997e-01		LOC120031838,LOC120032764,LOC120044062,LOC120056459,LOC120060854,si:dkey-43k4.5
GO:0016849	phosphorus-oxygen lyase activity	molecular_function	6	2593	62	31285	1.17	4.093e-01	8.997e-01	Y	LOC120032464,LOC120048037,LOC120050824,LOC120051110,LOC120061001,rnaset2l
GO:0097014	ciliary plasm	cellular_component	6	2593	62	31285	1.17	4.093e-01	8.997e-01		LOC120024223,LOC120039755,LOC120042376,LOC120058709,ccdc39,hydin
GO:0030286	dynein complex	cellular_component	6	2593	62	31285	1.17	4.093e-01	8.997e-01		LOC120033767,LOC120044461,LOC120055533,dnah2,dynll2a,dynlt5
GO:0030490	maturation of SSU-rRNA	biological_process	6	2593	62	31285	1.17	4.093e-01	8.997e-01		LOC120048439,LOC120048502,LOC120049967,ngdn,riok1,tbl3
GO:1903305	regulation of regulated secretory pathway	biological_process	6	2593	62	31285	1.17	4.093e-01	8.997e-01		LOC120034026,LOC120041637,LOC120049373,LOC120049375,LOC120050139,LOC120056443
GO:0005681	spliceosomal complex	cellular_component	22	2593	249	31285	1.07	4.093e-01	8.997e-01		LOC120022349,LOC120024866,LOC120029858,LOC120032524,LOC120032907,LOC120032915,LOC120033550,LOC120033551,LOC120034312,LOC120035145,LOC120038194,LOC120044554,LOC120048196,LOC120051539,LOC120051898,LOC120051978,LOC120058340,LOC120060688,LOC120062436,ccdc12,ilf3b,snrnp40
GO:0040017	positive regulation of locomotion	biological_process	15	2593	167	31285	1.08	4.119e-01	8.997e-01		LOC120022634,LOC120022770,LOC120024769,LOC120031042,LOC120032526,LOC120032527,LOC120035048,LOC120040917,LOC120042248,LOC120048423,LOC120059053,LOC120059075,LOC120062766,LOC120062892,cfap20
GO:0009056	catabolic process	biological_process	127	2593	1500	31285	1.02	4.128e-01	8.997e-01		LOC120017447,LOC120017880,LOC120018827,LOC120019548,LOC120020725,LOC120020727,LOC120021227,LOC120021611,LOC120022442,LOC120023192,LOC120023396,LOC120023431,LOC120023534,LOC120023754,LOC120024980,LOC120025220,LOC120025430,LOC120026446,LOC120026877,LOC120026950,LOC120028030,LOC120028089,LOC120028660,LOC120028781,LOC120028813
GO:0042805	actinin binding	molecular_function	3	2593	28	31285	1.29	4.131e-01	8.997e-01		LOC120035038,csrp2,csrp3
GO:0031386	protein tag activity	molecular_function	3	2593	28	31285	1.29	4.131e-01	8.997e-01		LOC120019900,LOC120026446,LOC120033563
GO:0141047	molecular tag activity	molecular_function	3	2593	28	31285	1.29	4.131e-01	8.997e-01		LOC120019900,LOC120026446,LOC120033563
GO:0034518	RNA cap binding complex	cellular_component	3	2593	28	31285	1.29	4.131e-01	8.997e-01		LOC120051114,LOC120061880,LOC120062272
GO:0070461	SAGA-type complex	cellular_component	3	2593	28	31285	1.29	4.131e-01	8.997e-01		LOC120034476,taf10,taf12
GO:0042632	cholesterol homeostasis	biological_process	3	2593	28	31285	1.29	4.131e-01	8.997e-01	Y	LOC120032954,LOC120046036,apoc2
GO:0055092	sterol homeostasis	biological_process	3	2593	28	31285	1.29	4.131e-01	8.997e-01	Y	LOC120032954,LOC120046036,apoc2
GO:0042752	regulation of circadian rhythm	biological_process	3	2593	28	31285	1.29	4.131e-01	8.997e-01		LOC120021902,LOC120042708,LOC120042990
GO:0050708	regulation of protein secretion	biological_process	3	2593	28	31285	1.29	4.131e-01	8.997e-01		LOC120030016,LOC120034415,LOC120036772
GO:0000413	protein peptidyl-prolyl isomerization	biological_process	3	2593	28	31285	1.29	4.131e-01	8.997e-01		ppie,ppih,ppil4
GO:0120569	phospholipase activity	molecular_function	9	2593	97	31285	1.12	4.131e-01	8.997e-01		LOC120032516,LOC120032954,LOC120033184,LOC120033304,LOC120033926,LOC120046036,LOC120047943,LOC120062432,gdpd1
GO:0006403	RNA localization	biological_process	9	2593	97	31285	1.12	4.131e-01	8.997e-01		LOC120027915,LOC120032609,LOC120032888,LOC120059570,LOC120059580,LOC120062272,ddx39ab,nup85,tpra
GO:0050793	regulation of developmental process	biological_process	54	2593	629	31285	1.04	4.136e-01	8.997e-01		LOC120018287,LOC120019154,LOC120019677,LOC120022442,LOC120022634,LOC120024359,LOC120025342,LOC120026950,LOC120027807,LOC120031042,LOC120032389,LOC120032487,LOC120032586,LOC120033111,LOC120033210,LOC120033233,LOC120035048,LOC120035147,LOC120035934,LOC120036180,LOC120040412,LOC120040917,LOC120042248,LOC120044006,LOC120044696
GO:0140104	molecular carrier activity	molecular_function	16	2593	179	31285	1.08	4.142e-01	8.997e-01		LOC120028225,LOC120028853,LOC120032611,LOC120033919,LOC120036826,LOC120045704,LOC120048357,LOC120050518,LOC120050578,LOC120051048,LOC120051404,LOC120052694,LOC120052909,LOC120065574,kpnb3,vps72a
GO:0020037	heme binding	molecular_function	16	2593	179	31285	1.08	4.142e-01	8.997e-01		LOC120024938,LOC120031281,LOC120032885,LOC120035602,LOC120036826,LOC120040610,LOC120044841,LOC120045704,LOC120048793,LOC120048801,LOC120050824,LOC120052641,LOC120053661,LOC120055983,LOC120056044,LOC120058265
GO:0032879	regulation of localization	biological_process	49	2593	570	31285	1.04	4.159e-01	8.997e-01		LOC120018300,LOC120024458,LOC120024861,LOC120029350,LOC120030016,LOC120030672,LOC120031836,LOC120033963,LOC120034026,LOC120034246,LOC120034351,LOC120034415,LOC120034574,LOC120035147,LOC120036772,LOC120041637,LOC120043863,LOC120044048,LOC120044552,LOC120044647,LOC120044655,LOC120044680,LOC120045843,LOC120046321,LOC120047712
GO:0015908	fatty acid transport	biological_process	7	2593	74	31285	1.14	4.160e-01	8.997e-01	Y	LOC120022117,LOC120031198,LOC120032954,LOC120034531,LOC120046036,LOC120048724,LOC120049318
GO:0016757	glycosyltransferase activity	molecular_function	41	2593	475	31285	1.04	4.163e-01	8.997e-01		LOC120019384,LOC120021129,LOC120021197,LOC120022528,LOC120024042,LOC120024210,LOC120025046,LOC120025254,LOC120027266,LOC120030031,LOC120031113,LOC120032167,LOC120032297,LOC120032466,LOC120033199,LOC120033520,LOC120034165,LOC120034371,LOC120034690,LOC120034901,LOC120040744,LOC120042352,LOC120048047,LOC120049627,LOC120049936
GO:0022803	passive transmembrane transporter activity	molecular_function	74	2593	868	31285	1.03	4.168e-01	8.997e-01		LOC120017401,LOC120018777,LOC120021676,LOC120021849,LOC120022305,LOC120023241,LOC120023372,LOC120023380,LOC120024696,LOC120024918,LOC120025077,LOC120026501,LOC120026774,LOC120028855,LOC120029323,LOC120029350,LOC120030936,LOC120031313,LOC120031556,LOC120031587,LOC120031838,LOC120032483,LOC120032764,LOC120033055,LOC120033207
GO:0015267	channel activity	molecular_function	74	2593	868	31285	1.03	4.168e-01	8.997e-01		LOC120017401,LOC120018777,LOC120021676,LOC120021849,LOC120022305,LOC120023241,LOC120023372,LOC120023380,LOC120024696,LOC120024918,LOC120025077,LOC120026501,LOC120026774,LOC120028855,LOC120029323,LOC120029350,LOC120030936,LOC120031313,LOC120031556,LOC120031587,LOC120031838,LOC120032483,LOC120032764,LOC120033055,LOC120033207
GO:0016071	mRNA metabolic process	biological_process	42	2593	487	31285	1.04	4.170e-01	8.997e-01		LOC120018359,LOC120019548,LOC120019900,LOC120020690,LOC120022349,LOC120022442,LOC120024866,LOC120026950,LOC120028051,LOC120029014,LOC120029858,LOC120031968,LOC120032524,LOC120032798,LOC120032907,LOC120032915,LOC120033550,LOC120034312,LOC120038194,LOC120041248,LOC120042479,LOC120042522,LOC120044554,LOC120044673,LOC120046454
GO:0022624	proteasome accessory complex	cellular_component	5	2593	51	31285	1.18	4.173e-01	8.997e-01		LOC120023431,LOC120037910,LOC120046317,LOC120048802,LOC120050364
GO:0005881	cytoplasmic microtubule	cellular_component	5	2593	51	31285	1.18	4.173e-01	8.997e-01		LOC120025642,LOC120026473,LOC120042376,LOC120047537,gtse1
GO:0000049	tRNA binding	molecular_function	5	2593	51	31285	1.18	4.173e-01	8.997e-01		LOC120030201,LOC120046250,LOC120046332,LOC120049645,sepsecs
GO:0008081	phosphoric diester hydrolase activity	molecular_function	14	2593	156	31285	1.08	4.188e-01	9.012e-01		LOC120021519,LOC120024897,LOC120033184,LOC120033304,LOC120033926,LOC120035753,LOC120040125,LOC120044678,LOC120047620,LOC120053718,LOC120062841,gde1,gdpd1,pde6gb
GO:0006511	ubiquitin-dependent protein catabolic process	biological_process	45	2593	523	31285	1.04	4.188e-01	9.012e-01		LOC120017447,LOC120017880,LOC120023431,LOC120025220,LOC120028660,LOC120029953,LOC120032191,LOC120032342,LOC120032610,LOC120032635,LOC120032839,LOC120033765,LOC120034238,LOC120034787,LOC120035934,LOC120036660,LOC120037910,LOC120039068,LOC120046258,LOC120046754,LOC120047112,LOC120047921,LOC120048342,LOC120048802,LOC120048863
GO:0019001	guanyl nucleotide binding	molecular_function	68	2593	797	31285	1.03	4.191e-01	9.012e-01		LOC120021787,LOC120027423,LOC120027814,LOC120028089,LOC120028852,LOC120029969,LOC120030281,LOC120031419,LOC120031975,LOC120032470,LOC120032897,LOC120032946,LOC120033297,LOC120033547,LOC120033549,LOC120033621,LOC120034246,LOC120034532,LOC120034576,LOC120035061,LOC120036138,LOC120037243,LOC120037604,LOC120038203,LOC120038210
GO:0035249	synaptic transmission, glutamatergic	biological_process	8	2593	86	31285	1.12	4.211e-01	9.032e-01		LOC120024345,LOC120026774,LOC120031313,LOC120031587,LOC120044423,LOC120055959,LOC120056477,grin2da
GO:0043123	positive regulation of canonical NF-kappaB signal transduction	biological_process	8	2593	86	31285	1.12	4.211e-01	9.032e-01		LOC120021774,LOC120033051,LOC120034417,LOC120040917,LOC120042248,LOC120055336,LOC120058484,LOC120059771
GO:0030163	protein catabolic process	biological_process	52	2593	607	31285	1.03	4.223e-01	9.032e-01		LOC120017447,LOC120017880,LOC120018827,LOC120020727,LOC120023431,LOC120025220,LOC120026446,LOC120026877,LOC120028660,LOC120029953,LOC120032191,LOC120032342,LOC120032610,LOC120032635,LOC120032839,LOC120033765,LOC120034238,LOC120034787,LOC120035934,LOC120036660,LOC120037910,LOC120039068,LOC120046258,LOC120046754,LOC120047112
GO:0006351	DNA-templated transcription	biological_process	21	2593	239	31285	1.06	4.230e-01	9.032e-01		LOC120017437,LOC120019183,LOC120028545,LOC120032819,LOC120033966,LOC120036753,LOC120046301,LOC120046324,LOC120048085,LOC120048860,LOC120049782,LOC120052620,LOC120054763,LOC120055750,LOC120065442,cebp1,hoxa2b,polr2h,taf10,taf12,tefm
GO:0140694	membraneless organelle assembly	biological_process	22	2593	251	31285	1.06	4.244e-01	9.032e-01		LOC120019248,LOC120019313,LOC120030952,LOC120042708,LOC120042831,LOC120046454,LOC120048421,LOC120048678,LOC120049116,LOC120051397,LOC120052647,LOC120052905,LOC120056805,LOC120064971,LOC120065935,csrp2,csrp3,kif20bb,mrps7,mzt1,si:ch211-140l13.3,tnnt2c
GO:0052547	regulation of peptidase activity	biological_process	6	2593	63	31285	1.15	4.245e-01	9.032e-01		LOC120041558,LOC120046317,LOC120049289,LOC120049327,LOC120050364,LOC120053664
GO:0031349	positive regulation of defense response	biological_process	6	2593	63	31285	1.15	4.245e-01	9.032e-01		LOC120024201,LOC120040917,LOC120042248,LOC120049292,LOC120051325,LOC120057064
GO:0045089	positive regulation of innate immune response	biological_process	6	2593	63	31285	1.15	4.245e-01	9.032e-01	Y	LOC120024201,LOC120040917,LOC120042248,LOC120049292,LOC120051325,LOC120057064
GO:0051170	import into nucleus	biological_process	9	2593	98	31285	1.11	4.252e-01	9.032e-01		LOC120028225,LOC120033566,LOC120033919,LOC120045335,LOC120051048,LOC120051404,kpnb3,nup85,tpra
GO:0022604	regulation of cell morphogenesis	biological_process	9	2593	98	31285	1.11	4.252e-01	9.032e-01		LOC120035147,LOC120036180,LOC120040412,LOC120044712,LOC120050049,LOC120059492,fmnl2b,palm3,plxnb2a.3
GO:0006941	striated muscle contraction	biological_process	4	2593	40	31285	1.21	4.260e-01	9.032e-01	Y	LOC120033963,LOC120049116,csrp3,tnnt2c
GO:0031981	nuclear lumen	cellular_component	87	2593	1026	31285	1.02	4.275e-01	9.032e-01		LOC120017437,LOC120017459,LOC120019183,LOC120022349,LOC120024164,LOC120024786,LOC120026924,LOC120028225,LOC120028545,LOC120028892,LOC120029767,LOC120030220,LOC120030466,LOC120031419,LOC120031752,LOC120031944,LOC120032213,LOC120032798,LOC120032932,LOC120033139,LOC120034085,LOC120034312,LOC120035145,LOC120036166,LOC120039068
GO:1901990	regulation of mitotic cell cycle phase transition	biological_process	10	2593	110	31285	1.1	4.286e-01	9.032e-01		LOC120024463,LOC120032610,LOC120032951,LOC120037027,LOC120046317,LOC120047536,LOC120049937,LOC120050364,LOC120055871,LOC120063176
GO:0036064	ciliary basal body	cellular_component	7	2593	75	31285	1.13	4.298e-01	9.032e-01		LOC120022770,LOC120024223,LOC120035100,LOC120048865,LOC120053598,LOC120055337,cfap20
GO:0140013	meiotic nuclear division	biological_process	7	2593	75	31285	1.13	4.298e-01	9.032e-01		LOC120026988,LOC120036166,LOC120044003,LOC120047331,eme1,fancd2,zgc:153846
GO:0140678	molecular function inhibitor activity	molecular_function	29	2593	335	31285	1.04	4.314e-01	9.032e-01		LOC120018265,LOC120019682,LOC120023315,LOC120025121,LOC120029927,LOC120031250,LOC120032492,LOC120032520,LOC120032521,LOC120032617,LOC120032941,LOC120033162,LOC120033924,LOC120039311,LOC120041558,LOC120042161,LOC120044362,LOC120048268,LOC120049289,LOC120049327,LOC120049962,LOC120053664,LOC120065090,LOC120066365,apoc2
GO:0006401	RNA catabolic process	biological_process	12	2593	134	31285	1.08	4.339e-01	9.032e-01		LOC120019548,LOC120022442,LOC120026950,LOC120042479,LOC120046454,LOC120046600,LOC120055850,LOC120058182,LOC120062272,exosc8,rnaset2l,snd1
GO:0008360	regulation of cell shape	biological_process	8	2593	87	31285	1.11	4.340e-01	9.032e-01		LOC120035147,LOC120036180,LOC120040412,LOC120044712,LOC120050049,fmnl2b,palm3,plxnb2a.3
GO:0032040	small-subunit processome	cellular_component	5	2593	52	31285	1.16	4.340e-01	9.032e-01		LOC120017459,LOC120048502,LOC120063861,ngdn,tbl3
GO:0006289	nucleotide-excision repair	biological_process	5	2593	52	31285	1.16	4.340e-01	9.032e-01		LOC120028892,LOC120051989,ercc1,gtf2h3,gtf2h4
GO:0140828	metal cation:monoatomic cation antiporter activity	molecular_function	5	2593	52	31285	1.16	4.340e-01	9.032e-01		LOC120031811,LOC120052219,slc24a5,slc8a2b,slc9a1a
GO:0008253	5'-nucleotidase activity	molecular_function	3	2593	29	31285	1.25	4.358e-01	9.032e-01		LOC120023827,LOC120031422,LOC120032507
GO:0030371	translation repressor activity	molecular_function	3	2593	29	31285	1.25	4.358e-01	9.032e-01		LOC120047885,LOC120049316,paip2b
GO:1901890	positive regulation of cell junction assembly	biological_process	3	2593	29	31285	1.25	4.358e-01	9.032e-01		LOC120033111,LOC120033210,LOC120033233
GO:0031681	G-protein beta-subunit binding	molecular_function	3	2593	29	31285	1.25	4.358e-01	9.032e-01		LOC120034227,LOC120034244,LOC120051882
GO:0044773	mitotic DNA damage checkpoint signaling	biological_process	3	2593	29	31285	1.25	4.358e-01	9.032e-01		LOC120022294,eme1,fancd2
GO:0046463	acylglycerol biosynthetic process	biological_process	3	2593	29	31285	1.25	4.358e-01	9.032e-01		LOC120022261,LOC120023754,LOC120028030
GO:0046460	neutral lipid biosynthetic process	biological_process	3	2593	29	31285	1.25	4.358e-01	9.032e-01	Y	LOC120022261,LOC120023754,LOC120028030
GO:0019432	triglyceride biosynthetic process	biological_process	3	2593	29	31285	1.25	4.358e-01	9.032e-01	Y	LOC120022261,LOC120023754,LOC120028030
GO:0051058	negative regulation of small GTPase mediated signal transduction	biological_process	3	2593	29	31285	1.25	4.358e-01	9.032e-01		LOC120033703,arhgap44a,kctd10
GO:0030990	intraciliary transport particle	cellular_component	3	2593	29	31285	1.25	4.358e-01	9.032e-01		LOC120023616,LOC120042376,wdr35
GO:0071709	membrane assembly	biological_process	3	2593	29	31285	1.25	4.358e-01	9.032e-01		LOC120025932,LOC120062135,LOC120064749
GO:0044091	membrane biogenesis	biological_process	3	2593	29	31285	1.25	4.358e-01	9.032e-01		LOC120025932,LOC120062135,LOC120064749
GO:0004467	long-chain fatty acid-CoA ligase activity	molecular_function	3	2593	29	31285	1.25	4.358e-01	9.032e-01	Y	LOC120034531,LOC120063560,acsl1a
GO:0060048	cardiac muscle contraction	biological_process	3	2593	29	31285	1.25	4.358e-01	9.032e-01	Y	LOC120049116,csrp3,tnnt2c
GO:0032266	phosphatidylinositol-3-phosphate binding	molecular_function	3	2593	29	31285	1.25	4.358e-01	9.032e-01		LOC120022971,LOC120031969,LOC120062346
GO:0004953	icosanoid receptor activity	molecular_function	3	2593	29	31285	1.25	4.358e-01	9.032e-01		LOC120034275,LOC120045788,LOC120049759
GO:0099601	regulation of neurotransmitter receptor activity	biological_process	3	2593	29	31285	1.25	4.358e-01	9.032e-01		LOC120044552,LOC120044647,LOC120047712
GO:2000311	regulation of AMPA receptor activity	biological_process	3	2593	29	31285	1.25	4.358e-01	9.032e-01		LOC120044552,LOC120044647,LOC120047712
GO:0010639	negative regulation of organelle organization	biological_process	13	2593	146	31285	1.07	4.360e-01	9.032e-01		LOC120020510,LOC120023518,LOC120024463,LOC120029007,LOC120037027,LOC120047536,LOC120048421,LOC120051453,LOC120052616,LOC120052905,LOC120053522,LOC120055337,terfa
GO:0040012	regulation of locomotion	biological_process	28	2593	324	31285	1.04	4.373e-01	9.032e-01		LOC120022634,LOC120022770,LOC120024223,LOC120024359,LOC120024769,LOC120031042,LOC120032526,LOC120032527,LOC120032924,LOC120033262,LOC120035048,LOC120040412,LOC120040917,LOC120042248,LOC120048423,LOC120048664,LOC120049360,LOC120050049,LOC120055812,LOC120059053,LOC120059075,LOC120062350,LOC120062766,LOC120062892,cfap20
GO:1901988	negative regulation of cell cycle phase transition	biological_process	9	2593	99	31285	1.1	4.373e-01	9.032e-01		LOC120022294,LOC120024463,LOC120032951,LOC120037027,LOC120047536,LOC120051461,LOC120055871,eme1,fancd2
GO:0000502	proteasome complex	cellular_component	9	2593	99	31285	1.1	4.373e-01	9.032e-01		LOC120021373,LOC120023431,LOC120028660,LOC120032635,LOC120037910,LOC120046317,LOC120048802,LOC120050364,LOC120056907
GO:0034976	response to endoplasmic reticulum stress	biological_process	9	2593	99	31285	1.1	4.373e-01	9.032e-01		LOC120024073,LOC120025046,LOC120030879,LOC120030881,LOC120032627,LOC120041248,LOC120044673,LOC120059594,herpud2
GO:0005813	centrosome	cellular_component	20	2593	229	31285	1.05	4.374e-01	9.032e-01		LOC120022971,LOC120031533,LOC120032491,LOC120034783,LOC120035100,LOC120036138,LOC120041882,LOC120046349,LOC120051397,LOC120055337,LOC120055871,LOC120055905,ccdc14,cep131,cep83,cntln,mzt1,ndel1b,rock2a,si:ch211-140l13.3
GO:0051094	positive regulation of developmental process	biological_process	20	2593	229	31285	1.05	4.374e-01	9.032e-01		LOC120018287,LOC120022634,LOC120025342,LOC120031042,LOC120032586,LOC120033111,LOC120033210,LOC120033233,LOC120040412,LOC120040917,LOC120042248,LOC120048461,LOC120049376,LOC120050049,LOC120053888,LOC120059043,LOC120059492,LOC120060834,LOC120061462,plxnb2a.3
GO:0000280	nuclear division	biological_process	14	2593	158	31285	1.07	4.379e-01	9.032e-01		LOC120026988,LOC120036138,LOC120036166,LOC120041882,LOC120044003,LOC120047331,LOC120050044,LOC120065935,eme1,fancd2,kif20bb,mzt1,ndel1b,zgc:153846
GO:0046434	organophosphate catabolic process	biological_process	14	2593	158	31285	1.07	4.379e-01	9.032e-01		LOC120021611,LOC120024980,LOC120025430,LOC120028781,LOC120030466,LOC120032822,LOC120035753,LOC120054062,LOC120062887,entpd5a,gdpd1,gpia,pfkpa,pklr
GO:0005942	phosphatidylinositol 3-kinase complex	cellular_component	6	2593	64	31285	1.13	4.396e-01	9.034e-01		LOC120032022,LOC120032684,LOC120032876,LOC120034061,LOC120041464,LOC120050047
GO:0006909	phagocytosis	biological_process	6	2593	64	31285	1.13	4.396e-01	9.034e-01		LOC120023181,LOC120024896,LOC120027255,LOC120039236,LOC120060502,rab38b
GO:0002833	positive regulation of response to biotic stimulus	biological_process	6	2593	64	31285	1.13	4.396e-01	9.034e-01		LOC120024201,LOC120040917,LOC120042248,LOC120049292,LOC120051325,LOC120057064
GO:0001775	cell activation	biological_process	10	2593	111	31285	1.09	4.400e-01	9.034e-01		LOC120019104,LOC120021739,LOC120034797,LOC120036644,LOC120040917,LOC120042248,LOC120047732,LOC120048594,LOC120053973,LOC120058342
GO:0005253	monoatomic anion channel activity	molecular_function	10	2593	111	31285	1.09	4.400e-01	9.034e-01		LOC120025077,LOC120029323,LOC120032483,LOC120033207,LOC120033908,LOC120034738,LOC120036315,LOC120045785,LOC120061883,ano9b
GO:0098590	plasma membrane region	cellular_component	50	2593	587	31285	1.03	4.412e-01	9.034e-01		LOC120019196,LOC120019936,LOC120023642,LOC120025932,LOC120026774,LOC120031313,LOC120031421,LOC120031587,LOC120031838,LOC120033207,LOC120033233,LOC120033966,LOC120034039,LOC120034193,LOC120036120,LOC120037100,LOC120037504,LOC120044113,LOC120044423,LOC120044552,LOC120044647,LOC120044681,LOC120047712,LOC120048461,LOC120049117
GO:0000151	ubiquitin ligase complex	cellular_component	27	2593	313	31285	1.04	4.433e-01	9.034e-01		LOC120017447,LOC120017880,LOC120020583,LOC120022272,LOC120030053,LOC120030879,LOC120030881,LOC120032610,LOC120032805,LOC120032839,LOC120036660,LOC120046754,LOC120047112,LOC120047921,LOC120048342,LOC120051198,LOC120051919,LOC120052569,LOC120063176,dcaf11,dcun1d1,dda1,fzr1b,gid4,kctd10
GO:0016567	protein ubiquitination	biological_process	40	2593	468	31285	1.03	4.433e-01	9.034e-01		LOC120021774,LOC120024020,LOC120024093,LOC120024777,LOC120026428,LOC120026446,LOC120026808,LOC120029958,LOC120031219,LOC120031752,LOC120032342,LOC120032610,LOC120033051,LOC120033765,LOC120034787,LOC120035140,LOC120037614,LOC120038271,LOC120039932,LOC120040402,LOC120042872,LOC120044555,LOC120046258,LOC120047112,LOC120047700
GO:0005310	dicarboxylic acid transmembrane transporter activity	molecular_function	12	2593	135	31285	1.07	4.443e-01	9.034e-01		LOC120020076,LOC120021676,LOC120026501,LOC120026774,LOC120031313,LOC120031587,LOC120033247,LOC120037234,LOC120044423,LOC120056477,grin2da,slc1a2a
GO:0140223	general transcription initiation factor activity	molecular_function	4	2593	41	31285	1.18	4.450e-01	9.034e-01		LOC120017437,LOC120048085,LOC120052620,taf10
GO:0030514	negative regulation of BMP signaling pathway	biological_process	4	2593	41	31285	1.18	4.450e-01	9.034e-01		LOC120018249,LOC120027807,LOC120047586,nog2
GO:1901888	regulation of cell junction assembly	biological_process	4	2593	41	31285	1.18	4.450e-01	9.034e-01		LOC120033111,LOC120033210,LOC120033233,rock2a
GO:2000243	positive regulation of reproductive process	biological_process	4	2593	41	31285	1.18	4.450e-01	9.034e-01		LOC120032709,LOC120041593,LOC120055371,LOC120058090
GO:1902562	H4 histone acetyltransferase complex	cellular_component	4	2593	41	31285	1.18	4.450e-01	9.034e-01		LOC120022743,LOC120033348,LOC120051307,ruvbl2
GO:0005504	fatty acid binding	molecular_function	4	2593	41	31285	1.18	4.450e-01	9.034e-01	Y	LOC120022117,LOC120031198,LOC120048724,apoc2
GO:0070585	protein localization to mitochondrion	biological_process	4	2593	41	31285	1.18	4.450e-01	9.034e-01		LOC120032888,LOC120036195,LOC120048765,LOC120061152
GO:0002224	toll-like receptor signaling pathway	biological_process	4	2593	41	31285	1.18	4.450e-01	9.034e-01		LOC120040917,LOC120042248,LOC120051325,LOC120057064
GO:0002221	pattern recognition receptor signaling pathway	biological_process	4	2593	41	31285	1.18	4.450e-01	9.034e-01		LOC120040917,LOC120042248,LOC120051325,LOC120057064
GO:0002758	innate immune response-activating signaling pathway	biological_process	4	2593	41	31285	1.18	4.450e-01	9.034e-01	Y	LOC120040917,LOC120042248,LOC120051325,LOC120057064
GO:0006629	lipid metabolic process	biological_process	84	2593	995	31285	1.02	4.461e-01	9.049e-01	Y	LOC120020725,LOC120021197,LOC120021227,LOC120021626,LOC120022261,LOC120023534,LOC120023576,LOC120023754,LOC120024269,LOC120024592,LOC120024893,LOC120028030,LOC120028089,LOC120028326,LOC120029738,LOC120029796,LOC120029925,LOC120030466,LOC120031120,LOC120032022,LOC120032048,LOC120032516,LOC120032634,LOC120032876,LOC120032954
GO:0072594	establishment of protein localization to organelle	biological_process	24	2593	278	31285	1.04	4.484e-01	9.066e-01		LOC120018066,LOC120028225,LOC120032888,LOC120033566,LOC120033919,LOC120034949,LOC120036195,LOC120044647,LOC120046754,LOC120046857,LOC120047124,LOC120047712,LOC120048765,LOC120051048,LOC120051404,LOC120052896,LOC120060182,LOC120061152,get3,gid4,kpnb3,nup85,spcs2,tpra
GO:0007268	chemical synaptic transmission	biological_process	39	2593	457	31285	1.03	4.486e-01	9.066e-01		LOC120020198,LOC120021676,LOC120023380,LOC120024345,LOC120024960,LOC120025042,LOC120025932,LOC120026501,LOC120026774,LOC120029673,LOC120031313,LOC120031587,LOC120033207,LOC120034271,LOC120034351,LOC120034738,LOC120044423,LOC120045713,LOC120045894,LOC120045988,LOC120049117,LOC120049326,LOC120049373,LOC120052904,LOC120054611
GO:0098916	anterograde trans-synaptic signaling	biological_process	39	2593	457	31285	1.03	4.486e-01	9.066e-01		LOC120020198,LOC120021676,LOC120023380,LOC120024345,LOC120024960,LOC120025042,LOC120025932,LOC120026501,LOC120026774,LOC120029673,LOC120031313,LOC120031587,LOC120033207,LOC120034271,LOC120034351,LOC120034738,LOC120044423,LOC120045713,LOC120045894,LOC120045988,LOC120049117,LOC120049326,LOC120049373,LOC120052904,LOC120054611
GO:0032259	methylation	biological_process	9	2593	100	31285	1.09	4.494e-01	9.066e-01		LOC120017684,LOC120034407,LOC120034490,LOC120034541,LOC120036321,LOC120037503,LOC120045580,LOC120049645,prmt5
GO:0005254	chloride channel activity	molecular_function	9	2593	100	31285	1.09	4.494e-01	9.066e-01		LOC120025077,LOC120032483,LOC120033207,LOC120033908,LOC120034738,LOC120036315,LOC120045785,LOC120061883,ano9b
GO:0046906	tetrapyrrole binding	molecular_function	16	2593	183	31285	1.05	4.498e-01	9.066e-01		LOC120024938,LOC120031281,LOC120032885,LOC120035602,LOC120036826,LOC120040610,LOC120044841,LOC120045704,LOC120048793,LOC120048801,LOC120050824,LOC120052641,LOC120053661,LOC120055983,LOC120056044,LOC120058265
GO:0090288	negative regulation of cellular response to growth factor stimulus	biological_process	5	2593	53	31285	1.14	4.507e-01	9.066e-01	Y	LOC120018249,LOC120027807,LOC120033703,LOC120047586,nog2
GO:0016811	hydrolase activity, acting on carbon-nitrogen (but not peptide) bonds, in linear amides	molecular_function	5	2593	53	31285	1.14	4.507e-01	9.066e-01		LOC120017647,LOC120035101,LOC120046335,LOC120053880,LOC120060323
GO:0008277	regulation of G protein-coupled receptor signaling pathway	biological_process	5	2593	53	31285	1.14	4.507e-01	9.066e-01		LOC120044126,LOC120044555,LOC120051543,LOC120055826,pde6gb
GO:0030048	actin filament-based movement	biological_process	5	2593	53	31285	1.14	4.507e-01	9.066e-01		LOC120019826,LOC120024699,LOC120047270,myo1ha,myo5aa
GO:0061061	muscle structure development	biological_process	11	2593	124	31285	1.07	4.531e-01	9.081e-01	Y	LOC120030952,LOC120036733,LOC120040389,LOC120048421,LOC120049116,LOC120049376,LOC120052905,LOC120056805,csrp2,csrp3,tnnt2c
GO:0017157	regulation of exocytosis	biological_process	11	2593	124	31285	1.07	4.531e-01	9.081e-01		LOC120034026,LOC120034246,LOC120041637,LOC120046321,LOC120048677,LOC120049373,LOC120049375,LOC120050139,LOC120055773,LOC120056443,cracr2b
GO:0051346	negative regulation of hydrolase activity	biological_process	6	2593	65	31285	1.11	4.546e-01	9.081e-01		LOC120031347,LOC120041558,LOC120049289,LOC120049327,LOC120053664,apoc2
GO:0006637	acyl-CoA metabolic process	biological_process	6	2593	65	31285	1.11	4.546e-01	9.081e-01		LOC120024269,LOC120033928,LOC120046331,LOC120050321,LOC120051743,acsl1a
GO:0065002	intracellular protein transmembrane transport	biological_process	6	2593	65	31285	1.11	4.546e-01	9.081e-01		LOC120032888,LOC120036195,LOC120046857,LOC120047124,LOC120048765,LOC120061152
GO:0071806	protein transmembrane transport	biological_process	6	2593	65	31285	1.11	4.546e-01	9.081e-01		LOC120032888,LOC120036195,LOC120046857,LOC120047124,LOC120048765,LOC120061152
GO:0043632	modification-dependent macromolecule catabolic process	biological_process	46	2593	542	31285	1.02	4.555e-01	9.081e-01		LOC120017447,LOC120017880,LOC120023431,LOC120025220,LOC120026446,LOC120028660,LOC120029953,LOC120032191,LOC120032342,LOC120032610,LOC120032635,LOC120032839,LOC120033765,LOC120034238,LOC120034787,LOC120035934,LOC120036660,LOC120037910,LOC120039068,LOC120046258,LOC120046754,LOC120047112,LOC120047921,LOC120048342,LOC120048802
GO:0019941	modification-dependent protein catabolic process	biological_process	46	2593	542	31285	1.02	4.555e-01	9.081e-01		LOC120017447,LOC120017880,LOC120023431,LOC120025220,LOC120026446,LOC120028660,LOC120029953,LOC120032191,LOC120032342,LOC120032610,LOC120032635,LOC120032839,LOC120033765,LOC120034238,LOC120034787,LOC120035934,LOC120036660,LOC120037910,LOC120039068,LOC120046258,LOC120046754,LOC120047112,LOC120047921,LOC120048342,LOC120048802
GO:0003008	system process	biological_process	50	2593	590	31285	1.02	4.561e-01	9.081e-01		LOC120023737,LOC120024881,LOC120025042,LOC120025359,LOC120029673,LOC120031912,LOC120032724,LOC120033198,LOC120033207,LOC120033765,LOC120033963,LOC120034738,LOC120041637,LOC120044647,LOC120044727,LOC120045822,LOC120045894,LOC120047441,LOC120047712,LOC120048421,LOC120049071,LOC120049116,LOC120049192,LOC120050551,LOC120051753
GO:0030658	transport vesicle membrane	cellular_component	14	2593	160	31285	1.06	4.569e-01	9.081e-01		LOC120017770,LOC120020198,LOC120032050,LOC120032359,LOC120032511,LOC120045713,LOC120045871,LOC120049326,LOC120049373,LOC120052902,LOC120056477,LOC120062271,ap1s1,sar1aa
GO:0005802	trans-Golgi network	cellular_component	14	2593	160	31285	1.06	4.569e-01	9.081e-01		LOC120017770,LOC120028920,LOC120032511,LOC120043827,LOC120047639,LOC120048265,LOC120050518,LOC120052417,LOC120063507,arfip1,c3h17orf75,gga3b,rab38b,scamp2l
GO:0001578	microtubule bundle formation	biological_process	7	2593	77	31285	1.1	4.575e-01	9.081e-01		LOC120024223,LOC120040161,LOC120044085,LOC120058709,ccdc39,hydin,odad3
GO:0016579	protein deubiquitination	biological_process	15	2593	172	31285	1.05	4.578e-01	9.081e-01		LOC120021394,LOC120026428,LOC120028578,LOC120029979,LOC120036650,LOC120047954,LOC120049358,LOC120051406,LOC120055128,LOC120059594,LOC120060716,LOC120061494,mindy4,usp25,usp40
GO:1905515	non-motile cilium assembly	biological_process	3	2593	30	31285	1.21	4.582e-01	9.081e-01		LOC120042708,LOC120047746,wdr35
GO:0035254	glutamate receptor binding	molecular_function	3	2593	30	31285	1.21	4.582e-01	9.081e-01		LOC120028229,LOC120037100,LOC120066718
GO:0042813	Wnt receptor activity	molecular_function	3	2593	30	31285	1.21	4.582e-01	9.081e-01		LOC120018062,LOC120031410,LOC120044536
GO:0005732	sno(s)RNA-containing ribonucleoprotein complex	cellular_component	3	2593	30	31285	1.21	4.582e-01	9.081e-01		LOC120047785,LOC120061987,LOC120063861
GO:0045132	meiotic chromosome segregation	biological_process	3	2593	30	31285	1.21	4.582e-01	9.081e-01		LOC120036166,fancd2,zgc:153846
GO:0005506	iron ion binding	molecular_function	17	2593	196	31285	1.05	4.594e-01	9.082e-01		LOC120029796,LOC120032769,LOC120032885,LOC120033782,LOC120035040,LOC120035180,LOC120035602,LOC120036826,LOC120040610,LOC120044841,LOC120048793,LOC120048801,LOC120052641,LOC120053661,LOC120055983,LOC120056044,LOC120056450
GO:0034708	methyltransferase complex	cellular_component	8	2593	89	31285	1.08	4.596e-01	9.082e-01		LOC120032213,LOC120047221,LOC120048859,LOC120049800,LOC120050052,LOC120050980,LOC120066437,tex10
GO:0044093	positive regulation of molecular function	biological_process	41	2593	483	31285	1.02	4.602e-01	9.082e-01		LOC120020583,LOC120021788,LOC120023181,LOC120024896,LOC120024931,LOC120028901,LOC120031671,LOC120032502,LOC120032526,LOC120032527,LOC120032684,LOC120033559,LOC120033963,LOC120034531,LOC120037053,LOC120041011,LOC120044048,LOC120045786,LOC120046317,LOC120048399,LOC120050364,LOC120050602,LOC120051648,LOC120052310,LOC120053194
GO:0000226	microtubule cytoskeleton organization	biological_process	44	2593	519	31285	1.02	4.605e-01	9.082e-01		LOC120019248,LOC120019313,LOC120019678,LOC120019718,LOC120023518,LOC120024223,LOC120025642,LOC120026064,LOC120026473,LOC120029135,LOC120031251,LOC120031836,LOC120032210,LOC120032491,LOC120032889,LOC120033621,LOC120035100,LOC120036138,LOC120039491,LOC120040161,LOC120040404,LOC120041882,LOC120042708,LOC120044085,LOC120045303
GO:0005261	monoatomic cation channel activity	molecular_function	50	2593	591	31285	1.02	4.611e-01	9.082e-01		LOC120017401,LOC120021849,LOC120023241,LOC120023372,LOC120023380,LOC120024696,LOC120026774,LOC120028855,LOC120029350,LOC120030936,LOC120031313,LOC120031556,LOC120031587,LOC120031838,LOC120032764,LOC120033462,LOC120034271,LOC120034351,LOC120035038,LOC120039049,LOC120040195,LOC120040198,LOC120041637,LOC120041835,LOC120043570
GO:0120035	regulation of plasma membrane bounded cell projection organization	biological_process	23	2593	268	31285	1.04	4.624e-01	9.082e-01		LOC120022634,LOC120031042,LOC120032487,LOC120032586,LOC120033304,LOC120034162,LOC120035048,LOC120035934,LOC120040412,LOC120041882,LOC120044006,LOC120048423,LOC120049662,LOC120049915,LOC120050049,LOC120055337,LOC120059492,LOC120060834,LOC120061462,LOC120064033,arhgap44a,ndel1b,plxnb2a.3
GO:0051952	regulation of amine transport	biological_process	4	2593	42	31285	1.15	4.638e-01	9.082e-01		LOC120034026,LOC120049373,LOC120049375,LOC120056443
GO:0050433	regulation of catecholamine secretion	biological_process	4	2593	42	31285	1.15	4.638e-01	9.082e-01		LOC120034026,LOC120049373,LOC120049375,LOC120056443
GO:0004532	RNA exonuclease activity	molecular_function	4	2593	42	31285	1.15	4.638e-01	9.082e-01		LOC120046600,LOC120055850,angel1,angel2
GO:0016896	RNA exonuclease activity, producing 5'-phosphomonoesters	molecular_function	4	2593	42	31285	1.15	4.638e-01	9.082e-01		LOC120046600,LOC120055850,angel1,angel2
GO:0030427	site of polarized growth	cellular_component	4	2593	42	31285	1.15	4.638e-01	9.082e-01	Y	LOC120031943,LOC120032586,LOC120035097,LOC120049662
GO:0003015	heart process	biological_process	4	2593	42	31285	1.15	4.638e-01	9.082e-01		LOC120049116,LOC120049192,csrp3,tnnt2c
GO:0060047	heart contraction	biological_process	4	2593	42	31285	1.15	4.638e-01	9.082e-01		LOC120049116,LOC120049192,csrp3,tnnt2c
GO:0006826	iron ion transport	biological_process	4	2593	42	31285	1.15	4.638e-01	9.082e-01	Y	LOC120032769,LOC120032827,LOC120033238,LOC120033782
GO:0001786	phosphatidylserine binding	molecular_function	4	2593	42	31285	1.15	4.638e-01	9.082e-01		LOC120034026,LOC120049373,LOC120049375,LOC120056443
GO:0072341	modified amino acid binding	molecular_function	5	2593	54	31285	1.12	4.672e-01	9.113e-01		LOC120034026,LOC120049373,LOC120049375,LOC120056443,LOC120064467
GO:0007029	endoplasmic reticulum organization	biological_process	6	2593	66	31285	1.1	4.695e-01	9.113e-01		LOC120032528,LOC120032586,LOC120032593,LOC120051492,LOC120057981,lman1
GO:0031344	regulation of cell projection organization	biological_process	23	2593	269	31285	1.03	4.698e-01	9.113e-01		LOC120022634,LOC120031042,LOC120032487,LOC120032586,LOC120033304,LOC120034162,LOC120035048,LOC120035934,LOC120040412,LOC120041882,LOC120044006,LOC120048423,LOC120049662,LOC120049915,LOC120050049,LOC120055337,LOC120059492,LOC120060834,LOC120061462,LOC120064033,arhgap44a,ndel1b,plxnb2a.3
GO:0022843	voltage-gated monoatomic cation channel activity	molecular_function	24	2593	281	31285	1.03	4.700e-01	9.113e-01		LOC120021849,LOC120023372,LOC120023380,LOC120029350,LOC120030936,LOC120031838,LOC120032764,LOC120034271,LOC120034351,LOC120035038,LOC120040195,LOC120041637,LOC120043863,LOC120044062,LOC120044647,LOC120044680,LOC120047712,LOC120050102,LOC120056459,LOC120059740,LOC120060854,LOC120061553,kcnj19b,si:dkey-43k4.5
GO:0006352	DNA-templated transcription initiation	biological_process	7	2593	78	31285	1.08	4.712e-01	9.113e-01		LOC120017437,LOC120019183,LOC120033966,LOC120048085,LOC120052620,taf10,taf12
GO:0140359	ABC-type transporter activity	molecular_function	7	2593	78	31285	1.08	4.712e-01	9.113e-01		LOC120017775,LOC120032568,LOC120035172,LOC120047322,LOC120049318,LOC120050102,LOC120052909
GO:0008066	glutamate receptor activity	molecular_function	8	2593	90	31285	1.07	4.724e-01	9.113e-01		LOC120021676,LOC120026501,LOC120026774,LOC120031313,LOC120031587,LOC120044423,grin2da,grm6b
GO:0045936	negative regulation of phosphate metabolic process	biological_process	8	2593	90	31285	1.07	4.724e-01	9.113e-01		LOC120028326,LOC120031347,LOC120033703,LOC120048268,LOC120048766,prkn,ptprc,sh3bp5lb
GO:0008227	G protein-coupled amine receptor activity	molecular_function	9	2593	102	31285	1.06	4.733e-01	9.113e-01		LOC120024226,LOC120029673,LOC120048215,LOC120054611,LOC120055812,LOC120061595,LOC120063656,LOC120063674,LOC120063885
GO:0099643	signal release from synapse	biological_process	9	2593	102	31285	1.06	4.733e-01	9.113e-01		LOC120020198,LOC120049117,LOC120049326,LOC120049373,LOC120052904,LOC120062699,cplx4a,rims1b,rims2a
GO:0007269	neurotransmitter secretion	biological_process	9	2593	102	31285	1.06	4.733e-01	9.113e-01		LOC120020198,LOC120049117,LOC120049326,LOC120049373,LOC120052904,LOC120062699,cplx4a,rims1b,rims2a
GO:0000956	nuclear-transcribed mRNA catabolic process	biological_process	9	2593	102	31285	1.06	4.733e-01	9.113e-01		LOC120019548,LOC120022442,LOC120026950,LOC120042479,LOC120046454,LOC120055850,LOC120058182,LOC120062272,exosc8
GO:0008170	N-methyltransferase activity	molecular_function	10	2593	114	31285	1.06	4.741e-01	9.113e-01		LOC120017684,LOC120022441,LOC120034490,LOC120034541,LOC120036107,LOC120040364,LOC120045580,LOC120047221,LOC120050980,LOC120060142
GO:0002253	activation of immune response	biological_process	10	2593	114	31285	1.06	4.741e-01	9.113e-01	Y	LOC120035059,LOC120040917,LOC120042248,LOC120049497,LOC120049759,LOC120051325,LOC120057064,LOC120062766,LOC120062892,si:ch211-243a20.4
GO:0043068	positive regulation of programmed cell death	biological_process	11	2593	126	31285	1.05	4.747e-01	9.113e-01		LOC120018251,LOC120019677,LOC120022305,LOC120034479,LOC120034795,LOC120040917,LOC120042248,LOC120047954,LOC120049425,LOC120049963,mcl1b
GO:0043065	positive regulation of apoptotic process	biological_process	11	2593	126	31285	1.05	4.747e-01	9.113e-01		LOC120018251,LOC120019677,LOC120022305,LOC120034479,LOC120034795,LOC120040917,LOC120042248,LOC120047954,LOC120049425,LOC120049963,mcl1b
GO:0098659	inorganic cation import across plasma membrane	biological_process	13	2593	150	31285	1.05	4.756e-01	9.113e-01		LOC120017401,LOC120023380,LOC120024960,LOC120029350,LOC120031556,LOC120034271,LOC120043863,LOC120044680,LOC120050102,LOC120061553,kcnj19b,slc24a5,slc8a2b
GO:0099587	inorganic ion import across plasma membrane	biological_process	13	2593	150	31285	1.05	4.756e-01	9.113e-01		LOC120017401,LOC120023380,LOC120024960,LOC120029350,LOC120031556,LOC120034271,LOC120043863,LOC120044680,LOC120050102,LOC120061553,kcnj19b,slc24a5,slc8a2b
GO:0015081	sodium ion transmembrane transporter activity	molecular_function	19	2593	222	31285	1.03	4.768e-01	9.113e-01		LOC120024080,LOC120026774,LOC120028812,LOC120031313,LOC120031587,LOC120033247,LOC120035038,LOC120041002,LOC120041070,LOC120041637,LOC120041835,LOC120045871,LOC120050593,LOC120050825,LOC120052219,slc1a2a,slc24a5,slc8a2b,slc9a1a
GO:0005576	extracellular region	cellular_component	82	2593	979	31285	1.01	4.771e-01	9.113e-01		LOC120017348,LOC120018265,LOC120018624,LOC120020628,LOC120023224,LOC120023315,LOC120023320,LOC120024764,LOC120024931,LOC120028377,LOC120028919,LOC120029094,LOC120030186,LOC120030664,LOC120031250,LOC120031263,LOC120031776,LOC120032492,LOC120032520,LOC120032521,LOC120032607,LOC120032617,LOC120032709,LOC120032866,LOC120032954
GO:0046128	purine ribonucleoside metabolic process	biological_process	3	2593	31	31285	1.17	4.801e-01	9.113e-01		LOC120023827,LOC120031887,ada2b
GO:0072525	pyridine-containing compound biosynthetic process	biological_process	3	2593	31	31285	1.17	4.801e-01	9.113e-01		LOC120032167,LOC120033373,LOC120051245
GO:0007187	G protein-coupled receptor signaling pathway, coupled to cyclic nucleotide second messenger	biological_process	3	2593	31	31285	1.17	4.801e-01	9.113e-01		LOC120029673,LOC120054611,LOC120061595
GO:0030132	clathrin coat of coated pit	cellular_component	3	2593	31	31285	1.17	4.801e-01	9.113e-01		LOC120045713,LOC120047812,LOC120052902
GO:0015035	protein-disulfide reductase activity	molecular_function	3	2593	31	31285	1.17	4.801e-01	9.113e-01		LOC120032387,LOC120045537,txnrd2.2
GO:0014706	striated muscle tissue development	biological_process	3	2593	31	31285	1.17	4.801e-01	9.113e-01	Y	LOC120030952,LOC120040389,LOC120049192
GO:0016500	protein-hormone receptor activity	molecular_function	3	2593	31	31285	1.17	4.801e-01	9.113e-01		LOC120027241,LOC120047882,lhcgr
GO:2001237	negative regulation of extrinsic apoptotic signaling pathway	biological_process	3	2593	31	31285	1.17	4.801e-01	9.113e-01		LOC120026854,LOC120064119,rnf34a
GO:0004115	3',5'-cyclic-AMP phosphodiesterase activity	molecular_function	3	2593	31	31285	1.17	4.801e-01	9.113e-01		LOC120021519,LOC120024897,LOC120053718
GO:0006368	transcription elongation by RNA polymerase II	biological_process	4	2593	43	31285	1.12	4.824e-01	9.113e-01		LOC120028545,LOC120046324,LOC120049782,LOC120055750
GO:0051302	regulation of cell division	biological_process	4	2593	43	31285	1.12	4.824e-01	9.113e-01		LOC120019248,LOC120019313,LOC120022971,LOC120055871
GO:0006623	protein targeting to vacuole	biological_process	4	2593	43	31285	1.12	4.824e-01	9.113e-01		LOC120046754,LOC120052896,LOC120060182,gid4
GO:0032922	circadian regulation of gene expression	biological_process	4	2593	43	31285	1.12	4.824e-01	9.113e-01		LOC120038047,LOC120042990,LOC120060158,LOC120060165
GO:0051223	regulation of protein transport	biological_process	4	2593	43	31285	1.12	4.824e-01	9.113e-01		LOC120030016,LOC120034415,LOC120036772,LOC120053128
GO:0004860	protein kinase inhibitor activity	molecular_function	4	2593	43	31285	1.12	4.824e-01	9.113e-01		LOC120048268,cdkn2a/b,cdkn2d,sh3bp5lb
GO:0019210	kinase inhibitor activity	molecular_function	4	2593	43	31285	1.12	4.824e-01	9.113e-01		LOC120048268,cdkn2a/b,cdkn2d,sh3bp5lb
GO:0051453	regulation of intracellular pH	biological_process	4	2593	43	31285	1.12	4.824e-01	9.113e-01		LOC120019936,LOC120034039,LOC120034052,cln3
GO:0031146	SCF-dependent proteasomal ubiquitin-dependent protein catabolic process	biological_process	5	2593	55	31285	1.1	4.836e-01	9.113e-01		LOC120017447,LOC120017880,LOC120032839,LOC120051198,LOC120052569
GO:0071949	FAD binding	molecular_function	5	2593	55	31285	1.1	4.836e-01	9.113e-01		LOC120024955,LOC120032387,LOC120042990,LOC120049966,coq6
GO:0008630	intrinsic apoptotic signaling pathway in response to DNA damage	biological_process	5	2593	55	31285	1.1	4.836e-01	9.113e-01		LOC120022305,LOC120034187,LOC120034479,LOC120059167,mcl1b
GO:0006885	regulation of pH	biological_process	5	2593	55	31285	1.1	4.836e-01	9.113e-01		LOC120019936,LOC120034039,LOC120034052,cln3,slc9a1a
GO:0046903	secretion	biological_process	27	2593	319	31285	1.02	4.840e-01	9.113e-01		LOC120020198,LOC120029114,LOC120031497,LOC120032954,LOC120034026,LOC120034246,LOC120036379,LOC120042547,LOC120044157,LOC120046036,LOC120046321,LOC120048677,LOC120049117,LOC120049326,LOC120049373,LOC120049375,LOC120052904,LOC120056443,LOC120058959,LOC120059165,LOC120062699,LOC120066509,cplx4a,cracr2b,exoc3l2b
GO:0003341	cilium movement	biological_process	6	2593	67	31285	1.08	4.843e-01	9.113e-01		LOC120024223,LOC120044085,LOC120058709,ccdc39,hydin,odad3
GO:0030837	negative regulation of actin filament polymerization	biological_process	7	2593	79	31285	1.07	4.848e-01	9.113e-01		LOC120020510,LOC120029007,LOC120037027,LOC120048421,LOC120052616,LOC120052905,LOC120053522
GO:0032272	negative regulation of protein polymerization	biological_process	7	2593	79	31285	1.07	4.848e-01	9.113e-01		LOC120020510,LOC120029007,LOC120037027,LOC120048421,LOC120052616,LOC120052905,LOC120053522
GO:0051051	negative regulation of transport	biological_process	7	2593	79	31285	1.07	4.848e-01	9.113e-01		LOC120018300,LOC120024861,LOC120050139,LOC120051405,LOC120053128,LOC120066365,apoc2
GO:0001933	negative regulation of protein phosphorylation	biological_process	7	2593	79	31285	1.07	4.848e-01	9.113e-01		LOC120028326,LOC120033703,LOC120048268,LOC120048766,prkn,ptprc,sh3bp5lb
GO:0098791	Golgi apparatus subcompartment	cellular_component	18	2593	211	31285	1.03	4.850e-01	9.113e-01		LOC120017770,LOC120022111,LOC120028920,LOC120032511,LOC120041435,LOC120043819,LOC120043827,LOC120047639,LOC120048047,LOC120048265,LOC120050518,LOC120052417,LOC120063507,arfip1,c3h17orf75,gga3b,rab38b,scamp2l
GO:0045930	negative regulation of mitotic cell cycle	biological_process	9	2593	103	31285	1.05	4.853e-01	9.113e-01		LOC120022294,LOC120024463,LOC120032951,LOC120037027,LOC120047536,LOC120051461,LOC120055871,eme1,fancd2
GO:2000147	positive regulation of cell motility	biological_process	14	2593	163	31285	1.04	4.854e-01	9.113e-01		LOC120022634,LOC120022770,LOC120031042,LOC120032526,LOC120032527,LOC120035048,LOC120040917,LOC120042248,LOC120048423,LOC120059053,LOC120059075,LOC120062766,LOC120062892,cfap20
GO:0016755	aminoacyltransferase activity	molecular_function	47	2593	560	31285	1.01	4.864e-01	9.113e-01		LOC120021774,LOC120022272,LOC120023137,LOC120024020,LOC120024073,LOC120024093,LOC120024777,LOC120026808,LOC120029958,LOC120031219,LOC120031752,LOC120032342,LOC120032610,LOC120033765,LOC120034753,LOC120034787,LOC120035934,LOC120037614,LOC120038271,LOC120039932,LOC120040402,LOC120044543,LOC120044555,LOC120046258,LOC120047112
GO:0099537	trans-synaptic signaling	biological_process	39	2593	464	31285	1.01	4.880e-01	9.113e-01		LOC120020198,LOC120021676,LOC120023380,LOC120024345,LOC120024960,LOC120025042,LOC120025932,LOC120026501,LOC120026774,LOC120029673,LOC120031313,LOC120031587,LOC120033207,LOC120034271,LOC120034351,LOC120034738,LOC120044423,LOC120045713,LOC120045894,LOC120045988,LOC120049117,LOC120049326,LOC120049373,LOC120052904,LOC120054611
GO:0050839	cell adhesion molecule binding	molecular_function	31	2593	368	31285	1.02	4.897e-01	9.113e-01		LOC120021739,LOC120025359,LOC120027654,LOC120028082,LOC120032589,LOC120032973,LOC120033570,LOC120035147,LOC120036518,LOC120042309,LOC120042420,LOC120044125,LOC120047140,LOC120047143,LOC120048086,LOC120049072,LOC120049991,LOC120051529,LOC120051533,LOC120052362,LOC120053807,LOC120055959,LOC120056781,LOC120058536,LOC120058746
GO:0005216	monoatomic ion channel activity	molecular_function	67	2593	802	31285	1.01	4.917e-01	9.113e-01		LOC120017401,LOC120021676,LOC120021849,LOC120023241,LOC120023372,LOC120023380,LOC120024696,LOC120024918,LOC120025077,LOC120026501,LOC120026774,LOC120028855,LOC120029323,LOC120029350,LOC120030936,LOC120031313,LOC120031556,LOC120031587,LOC120031838,LOC120032483,LOC120032764,LOC120033055,LOC120033207,LOC120033462,LOC120033908
GO:0009057	macromolecule catabolic process	biological_process	67	2593	802	31285	1.01	4.917e-01	9.113e-01		LOC120017447,LOC120017880,LOC120018827,LOC120019548,LOC120020727,LOC120022442,LOC120023431,LOC120025220,LOC120026446,LOC120026877,LOC120026950,LOC120028660,LOC120029953,LOC120032191,LOC120032342,LOC120032610,LOC120032635,LOC120032839,LOC120033765,LOC120034238,LOC120034787,LOC120035934,LOC120036660,LOC120037910,LOC120039068
GO:0005856	cytoskeleton	cellular_component	137	2593	1646	31285	1.0	4.927e-01	9.113e-01		LOC120017463,LOC120017751,LOC120018338,LOC120019248,LOC120019313,LOC120019531,LOC120019678,LOC120019826,LOC120020046,LOC120020510,LOC120020663,LOC120020691,LOC120021099,LOC120022770,LOC120022803,LOC120022971,LOC120023518,LOC120023746,LOC120024223,LOC120024699,LOC120025448,LOC120025642,LOC120026064,LOC120026473,LOC120027905
GO:0099536	synaptic signaling	biological_process	41	2593	489	31285	1.01	4.931e-01	9.113e-01		LOC120020198,LOC120021676,LOC120023380,LOC120024345,LOC120024960,LOC120025042,LOC120025932,LOC120026501,LOC120026774,LOC120029673,LOC120031313,LOC120031587,LOC120033207,LOC120034271,LOC120034351,LOC120034738,LOC120044423,LOC120045713,LOC120045894,LOC120045988,LOC120049117,LOC120049326,LOC120049373,LOC120050880,LOC120052904
GO:0007346	regulation of mitotic cell cycle	biological_process	17	2593	200	31285	1.03	4.937e-01	9.113e-01		LOC120022294,LOC120024463,LOC120032610,LOC120032951,LOC120037027,LOC120046317,LOC120047536,LOC120047954,LOC120049937,LOC120050364,LOC120051461,LOC120055871,LOC120063176,bora,eme1,fancd2,mki67
GO:0023061	signal release	biological_process	10	2593	116	31285	1.04	4.966e-01	9.113e-01		LOC120020198,LOC120049117,LOC120049326,LOC120049373,LOC120052904,LOC120058959,LOC120062699,cplx4a,rims1b,rims2a
GO:0005244	voltage-gated monoatomic ion channel activity	molecular_function	28	2593	333	31285	1.01	4.971e-01	9.113e-01		LOC120021676,LOC120021849,LOC120023372,LOC120023380,LOC120026501,LOC120029323,LOC120029350,LOC120030936,LOC120031838,LOC120032764,LOC120034271,LOC120034351,LOC120035038,LOC120040195,LOC120041637,LOC120043863,LOC120044062,LOC120044647,LOC120044680,LOC120047712,LOC120050102,LOC120056459,LOC120059740,LOC120060854,LOC120061553
GO:0043130	ubiquitin binding	molecular_function	9	2593	104	31285	1.04	4.971e-01	9.113e-01		LOC120017480,LOC120042932,LOC120046316,LOC120046752,LOC120053041,LOC120053650,gga3b,nploc4,tsg101a
GO:0140053	mitochondrial gene expression	biological_process	6	2593	68	31285	1.06	4.990e-01	9.113e-01		LOC120020140,LOC120046600,LOC120053043,LOC120054763,elac2,tefm
GO:0050772	positive regulation of axonogenesis	biological_process	6	2593	68	31285	1.06	4.990e-01	9.113e-01		LOC120032586,LOC120040412,LOC120050049,LOC120060834,LOC120061462,plxnb2a.3
GO:0000079	regulation of cyclin-dependent protein serine/threonine kinase activity	biological_process	6	2593	68	31285	1.06	4.990e-01	9.113e-01		LOC120049937,LOC120055905,ccna1,cdk5r2a,cdkn2a/b,cdkn2d
GO:0008219	cell death	biological_process	22	2593	261	31285	1.02	4.995e-01	9.113e-01		LOC120022305,LOC120027255,LOC120028831,LOC120030948,LOC120031014,LOC120034187,LOC120034479,LOC120034795,LOC120041248,LOC120044673,LOC120045028,LOC120047954,LOC120048604,LOC120049963,LOC120051698,LOC120058342,LOC120059053,LOC120059075,LOC120059167,LOC120063839,mcl1b,plekho2
GO:0012501	programmed cell death	biological_process	22	2593	261	31285	1.02	4.995e-01	9.113e-01		LOC120022305,LOC120027255,LOC120028831,LOC120030948,LOC120031014,LOC120034187,LOC120034479,LOC120034795,LOC120041248,LOC120044673,LOC120045028,LOC120047954,LOC120048604,LOC120049963,LOC120051698,LOC120058342,LOC120059053,LOC120059075,LOC120059167,LOC120063839,mcl1b,plekho2
GO:0099568	cytoplasmic region	cellular_component	5	2593	56	31285	1.08	4.998e-01	9.113e-01		LOC120047171,LOC120047327,LOC120052902,rims1b,rims2a
GO:0099738	cell cortex region	cellular_component	5	2593	56	31285	1.08	4.998e-01	9.113e-01		LOC120047171,LOC120047327,LOC120052902,rims1b,rims2a
GO:0071219	cellular response to molecule of bacterial origin	biological_process	5	2593	56	31285	1.08	4.998e-01	9.113e-01		LOC120022426,LOC120027678,LOC120036644,LOC120037605,LOC120063433
GO:0032496	response to lipopolysaccharide	biological_process	5	2593	56	31285	1.08	4.998e-01	9.113e-01	Y	LOC120022426,LOC120027678,LOC120036644,LOC120037605,LOC120063433
GO:0002237	response to molecule of bacterial origin	biological_process	5	2593	56	31285	1.08	4.998e-01	9.113e-01		LOC120022426,LOC120027678,LOC120036644,LOC120037605,LOC120063433
GO:0071222	cellular response to lipopolysaccharide	biological_process	5	2593	56	31285	1.08	4.998e-01	9.113e-01	Y	LOC120022426,LOC120027678,LOC120036644,LOC120037605,LOC120063433
GO:0006096	glycolytic process	biological_process	5	2593	56	31285	1.08	4.998e-01	9.113e-01		LOC120024980,LOC120028781,gpia,pfkpa,pklr
GO:0009181	purine ribonucleoside diphosphate catabolic process	biological_process	5	2593	56	31285	1.08	4.998e-01	9.113e-01		LOC120024980,LOC120028781,gpia,pfkpa,pklr
GO:0009191	ribonucleoside diphosphate catabolic process	biological_process	5	2593	56	31285	1.08	4.998e-01	9.113e-01		LOC120024980,LOC120028781,gpia,pfkpa,pklr
GO:0046032	ADP catabolic process	biological_process	5	2593	56	31285	1.08	4.998e-01	9.113e-01		LOC120024980,LOC120028781,gpia,pfkpa,pklr
GO:0009137	purine nucleoside diphosphate catabolic process	biological_process	5	2593	56	31285	1.08	4.998e-01	9.113e-01		LOC120024980,LOC120028781,gpia,pfkpa,pklr
GO:0016814	hydrolase activity, acting on carbon-nitrogen (but not peptide) bonds, in cyclic amidines	molecular_function	5	2593	56	31285	1.08	4.998e-01	9.113e-01		LOC120051398,LOC120052759,LOC120058206,LOC120061070,ada2b
GO:0000152	nuclear ubiquitin ligase complex	cellular_component	5	2593	56	31285	1.08	4.998e-01	9.113e-01		LOC120030053,LOC120032610,LOC120032805,LOC120063176,fzr1b
GO:0051896	regulation of phosphatidylinositol 3-kinase/protein kinase B signal transduction	biological_process	4	2593	44	31285	1.1	5.007e-01	9.113e-01		LOC120028326,LOC120032526,LOC120032527,LOC120053194
GO:0045664	regulation of neuron differentiation	biological_process	4	2593	44	31285	1.1	5.007e-01	9.113e-01		LOC120048461,LOC120052516,LOC120061462,zfhx2
GO:0031396	regulation of protein ubiquitination	biological_process	4	2593	44	31285	1.1	5.007e-01	9.113e-01		LOC120020583,LOC120032191,dcun1d1,fzr1b
GO:0042923	neuropeptide binding	molecular_function	4	2593	44	31285	1.1	5.007e-01	9.113e-01		LOC120030016,LOC120032432,LOC120049205,LOC120051141
GO:0031903	microbody membrane	cellular_component	4	2593	44	31285	1.1	5.007e-01	9.113e-01		LOC120025214,LOC120046857,LOC120047124,LOC120049318
GO:0005778	peroxisomal membrane	cellular_component	4	2593	44	31285	1.1	5.007e-01	9.113e-01		LOC120025214,LOC120046857,LOC120047124,LOC120049318
GO:0051248	negative regulation of protein metabolic process	biological_process	19	2593	225	31285	1.02	5.010e-01	9.113e-01		LOC120027918,LOC120027929,LOC120028326,LOC120033703,LOC120041558,LOC120047885,LOC120048268,LOC120048766,LOC120049289,LOC120049316,LOC120049327,LOC120049662,LOC120053664,LOC120061992,azin1b,paip2b,prkn,ptprc,sh3bp5lb
GO:0005758	mitochondrial intermembrane space	cellular_component	3	2593	32	31285	1.13	5.017e-01	9.113e-01		LOC120021140,LOC120029935,LOC120058265
GO:0031970	organelle envelope lumen	cellular_component	3	2593	32	31285	1.13	5.017e-01	9.113e-01		LOC120021140,LOC120029935,LOC120058265
GO:0008252	nucleotidase activity	molecular_function	3	2593	32	31285	1.13	5.017e-01	9.113e-01		LOC120023827,LOC120031422,LOC120032507
GO:0045109	intermediate filament organization	biological_process	3	2593	32	31285	1.13	5.017e-01	9.113e-01		LOC120017751,LOC120032669,LOC120049991
GO:0048791	calcium ion-regulated exocytosis of neurotransmitter	biological_process	3	2593	32	31285	1.13	5.017e-01	9.113e-01		LOC120049373,rims1b,rims2a
GO:0051298	centrosome duplication	biological_process	3	2593	32	31285	1.13	5.017e-01	9.113e-01		LOC120019248,LOC120019313,si:ch211-140l13.3
GO:0030687	preribosome, large subunit precursor	cellular_component	3	2593	32	31285	1.13	5.017e-01	9.113e-01		LOC120055032,LOC120064971,rrp15
GO:0006687	glycosphingolipid metabolic process	biological_process	3	2593	32	31285	1.13	5.017e-01	9.113e-01	Y	LOC120021197,LOC120048861,LOC120053998
GO:0009582	detection of abiotic stimulus	biological_process	3	2593	32	31285	1.13	5.017e-01	9.113e-01		LOC120031912,LOC120035038,LOC120065317
GO:0009581	detection of external stimulus	biological_process	3	2593	32	31285	1.13	5.017e-01	9.113e-01		LOC120031912,LOC120035038,LOC120065317
GO:0006913	nucleocytoplasmic transport	biological_process	17	2593	201	31285	1.02	5.022e-01	9.113e-01		LOC120020088,LOC120027915,LOC120028225,LOC120032609,LOC120033566,LOC120033919,LOC120045335,LOC120051048,LOC120051404,LOC120059570,LOC120059580,LOC120062272,LOC120064971,ddx39ab,kpnb3,nup85,tpra
GO:0051169	nuclear transport	biological_process	17	2593	201	31285	1.02	5.022e-01	9.113e-01		LOC120020088,LOC120027915,LOC120028225,LOC120032609,LOC120033566,LOC120033919,LOC120045335,LOC120051048,LOC120051404,LOC120059570,LOC120059580,LOC120062272,LOC120064971,ddx39ab,kpnb3,nup85,tpra
GO:0045595	regulation of cell differentiation	biological_process	29	2593	346	31285	1.01	5.032e-01	9.125e-01		LOC120019154,LOC120022634,LOC120025342,LOC120027807,LOC120031042,LOC120032389,LOC120032586,LOC120035048,LOC120040412,LOC120044696,LOC120048423,LOC120048461,LOC120049142,LOC120049334,LOC120049376,LOC120050049,LOC120052516,LOC120053888,LOC120059043,LOC120059492,LOC120060158,LOC120060834,LOC120061462,nog2,plxnb2a.3
GO:0065003	protein-containing complex assembly	biological_process	69	2593	829	31285	1.0	5.040e-01	9.133e-01		LOC120017900,LOC120018359,LOC120020690,LOC120021140,LOC120021739,LOC120021779,LOC120021806,LOC120023372,LOC120024696,LOC120024865,LOC120029006,LOC120029014,LOC120029935,LOC120031968,LOC120032222,LOC120033012,LOC120034014,LOC120034242,LOC120036138,LOC120036660,LOC120037149,LOC120039049,LOC120040161,LOC120041882,LOC120042831
GO:0015370	solute:sodium symporter activity	molecular_function	10	2593	117	31285	1.03	5.077e-01	9.193e-01		LOC120024080,LOC120028812,LOC120033247,LOC120041002,LOC120041070,LOC120045871,LOC120050593,LOC120050825,slc1a2a,slc24a5
GO:0010948	negative regulation of cell cycle process	biological_process	9	2593	105	31285	1.03	5.089e-01	9.200e-01		LOC120022294,LOC120024463,LOC120032951,LOC120037027,LOC120047536,LOC120051461,LOC120055871,eme1,fancd2
GO:0019905	syntaxin binding	molecular_function	9	2593	105	31285	1.03	5.089e-01	9.200e-01		LOC120024345,LOC120048162,LOC120048708,LOC120049373,LOC120049375,LOC120052904,LOC120062699,cplx4a,vps52
GO:0098656	monoatomic anion transmembrane transport	biological_process	8	2593	93	31285	1.04	5.102e-01	9.210e-01		LOC120024960,LOC120025077,LOC120029323,LOC120034738,LOC120045785,LOC120049076,ano9b,slc24a5
GO:0042274	ribosomal small subunit biogenesis	biological_process	8	2593	93	31285	1.04	5.102e-01	9.210e-01		LOC120048439,LOC120048502,LOC120048678,LOC120049967,mrps7,ngdn,riok1,tbl3
GO:0030594	neurotransmitter receptor activity	molecular_function	17	2593	202	31285	1.02	5.106e-01	9.212e-01		LOC120021676,LOC120026501,LOC120026774,LOC120029673,LOC120031313,LOC120031587,LOC120033207,LOC120034738,LOC120044423,LOC120054611,LOC120055812,LOC120061595,LOC120061883,LOC120065438,chrnd,drd2a,grin2da
GO:0031072	heat shock protein binding	molecular_function	7	2593	81	31285	1.04	5.117e-01	9.217e-01		LOC120021367,LOC120025609,LOC120031979,LOC120032522,LOC120034057,LOC120064666,LOC120064703
GO:0016836	hydro-lyase activity	molecular_function	7	2593	81	31285	1.04	5.117e-01	9.217e-01		LOC120017969,LOC120026151,LOC120032257,LOC120051409,LOC120051527,LOC120055645,LOC120055848
GO:0046395	carboxylic acid catabolic process	biological_process	14	2593	166	31285	1.02	5.135e-01	9.237e-01		LOC120023534,LOC120023754,LOC120028030,LOC120028089,LOC120028813,LOC120033335,LOC120046331,LOC120048269,LOC120049318,LOC120051050,LOC120053880,LOC120053922,LOC120054458,pck1
GO:0061014	positive regulation of mRNA catabolic process	biological_process	6	2593	69	31285	1.05	5.135e-01	9.237e-01		LOC120019548,LOC120022442,LOC120026950,LOC120044165,LOC120066515,exosc8
GO:0005242	inward rectifier potassium channel activity	molecular_function	5	2593	57	31285	1.06	5.158e-01	9.270e-01		LOC120029350,LOC120043863,LOC120044680,LOC120050102,kcnj19b
GO:0048583	regulation of response to stimulus	biological_process	136	2593	1642	31285	1.0	5.172e-01	9.278e-01		LOC120017648,LOC120018249,LOC120018251,LOC120018283,LOC120018300,LOC120019104,LOC120021774,LOC120021788,LOC120022070,LOC120022634,LOC120023137,LOC120023320,LOC120024033,LOC120024201,LOC120024257,LOC120024769,LOC120024931,LOC120025722,LOC120026236,LOC120026854,LOC120027807,LOC120028326,LOC120028632,LOC120028901,LOC120031042
GO:0017046	peptide hormone binding	molecular_function	4	2593	45	31285	1.07	5.187e-01	9.278e-01		LOC120020067,LOC120020649,LOC120038986,LOC120055298
GO:0004222	metalloendopeptidase activity	molecular_function	16	2593	191	31285	1.01	5.202e-01	9.278e-01		LOC120017348,LOC120017364,LOC120020727,LOC120024764,LOC120025078,LOC120029094,LOC120031980,LOC120032786,LOC120036120,LOC120043459,LOC120046306,LOC120049933,LOC120052766,LOC120066715,adamts18,c6ast1
GO:1904315	transmitter-gated monoatomic ion channel activity involved in regulation of postsynaptic membrane potential	molecular_function	9	2593	106	31285	1.02	5.205e-01	9.278e-01		LOC120026774,LOC120031313,LOC120031587,LOC120033207,LOC120044423,LOC120061883,LOC120065438,chrnd,grin2da
GO:0006397	mRNA processing	biological_process	31	2593	373	31285	1.0	5.211e-01	9.278e-01		LOC120018359,LOC120019900,LOC120020690,LOC120022349,LOC120024866,LOC120028051,LOC120029014,LOC120029858,LOC120031968,LOC120032524,LOC120032798,LOC120032907,LOC120032915,LOC120033550,LOC120034312,LOC120038194,LOC120041248,LOC120042522,LOC120044554,LOC120044673,LOC120049663,LOC120051539,LOC120051978,LOC120055700,LOC120058340
GO:0008234	cysteine-type peptidase activity	molecular_function	22	2593	264	31285	1.01	5.218e-01	9.278e-01		LOC120021394,LOC120024924,LOC120026428,LOC120028578,LOC120028813,LOC120029034,LOC120029979,LOC120032886,LOC120033533,LOC120036650,LOC120047954,LOC120048441,LOC120049358,LOC120051406,LOC120055128,LOC120059594,LOC120060716,LOC120061494,mindy4,senp8,usp25,usp40
GO:0009166	nucleotide catabolic process	biological_process	8	2593	94	31285	1.03	5.226e-01	9.278e-01		LOC120024980,LOC120028781,LOC120035753,LOC120054062,LOC120062887,gpia,pfkpa,pklr
GO:0042278	purine nucleoside metabolic process	biological_process	3	2593	33	31285	1.1	5.228e-01	9.278e-01		LOC120023827,LOC120031887,ada2b
GO:0000145	exocyst	cellular_component	3	2593	33	31285	1.1	5.228e-01	9.278e-01		LOC120031497,LOC120044157,exoc3l2b
GO:0005686	U2 snRNP	cellular_component	3	2593	33	31285	1.1	5.228e-01	9.278e-01		LOC120029858,LOC120058340,snrpa1
GO:0002703	regulation of leukocyte mediated immunity	biological_process	3	2593	33	31285	1.1	5.228e-01	9.278e-01		LOC120040917,LOC120042248,LOC120049292
GO:0070192	chromosome organization involved in meiotic cell cycle	biological_process	3	2593	33	31285	1.1	5.228e-01	9.278e-01		LOC120036166,LOC120050044,fancd2
GO:1902287	semaphorin-plexin signaling pathway involved in axon guidance	biological_process	3	2593	33	31285	1.1	5.228e-01	9.278e-01		LOC120040412,LOC120050049,plxnb2a.3
GO:0002116	semaphorin receptor complex	cellular_component	3	2593	33	31285	1.1	5.228e-01	9.278e-01		LOC120040412,LOC120050049,plxnb2a.3
GO:0060249	anatomical structure homeostasis	biological_process	3	2593	33	31285	1.1	5.228e-01	9.278e-01		LOC120025359,LOC120057544,tjp1a
GO:0001894	tissue homeostasis	biological_process	3	2593	33	31285	1.1	5.228e-01	9.278e-01		LOC120025359,LOC120057544,tjp1a
GO:0141188	nucleic acid catabolic process	biological_process	13	2593	155	31285	1.01	5.243e-01	9.278e-01		LOC120019548,LOC120022442,LOC120026950,LOC120042479,LOC120046454,LOC120046600,LOC120055850,LOC120058182,LOC120062272,LOC120064863,exosc8,rnaset2l,snd1
GO:0034765	regulation of monoatomic ion transmembrane transport	biological_process	13	2593	155	31285	1.01	5.243e-01	9.278e-01		LOC120029350,LOC120030672,LOC120033963,LOC120034574,LOC120043863,LOC120044048,LOC120044680,LOC120050102,LOC120051405,LOC120051648,LOC120052310,LOC120066365,kcnj19b
GO:0005200	structural constituent of cytoskeleton	molecular_function	7	2593	82	31285	1.03	5.250e-01	9.278e-01		LOC120017751,LOC120029154,LOC120032669,LOC120033621,LOC120036138,LOC120055571,LOC120059142
GO:0030162	regulation of proteolysis	biological_process	7	2593	82	31285	1.03	5.250e-01	9.278e-01		LOC120034238,LOC120041558,LOC120046317,LOC120049289,LOC120049327,LOC120050364,LOC120053664
GO:1903313	positive regulation of mRNA metabolic process	biological_process	7	2593	82	31285	1.03	5.250e-01	9.278e-01		LOC120019548,LOC120022442,LOC120026950,LOC120033551,LOC120044165,LOC120066515,exosc8
GO:0010038	response to metal ion	biological_process	7	2593	82	31285	1.03	5.250e-01	9.278e-01		LOC120032623,LOC120034026,LOC120043570,LOC120049373,LOC120049375,LOC120056443,slc30a4
GO:0045088	regulation of innate immune response	biological_process	7	2593	82	31285	1.03	5.250e-01	9.278e-01	Y	LOC120024201,LOC120040917,LOC120042248,LOC120049292,LOC120051325,LOC120051698,LOC120057064
GO:0045177	apical part of cell	cellular_component	11	2593	131	31285	1.01	5.277e-01	9.309e-01		LOC120019196,LOC120019936,LOC120023642,LOC120031421,LOC120034193,LOC120035147,LOC120037504,LOC120044113,LOC120044681,LOC120049915,shroom1
GO:1902476	chloride transmembrane transport	biological_process	6	2593	70	31285	1.03	5.279e-01	9.309e-01		LOC120024960,LOC120025077,LOC120034738,LOC120045785,ano9b,slc24a5
GO:0072666	establishment of protein localization to vacuole	biological_process	6	2593	70	31285	1.03	5.279e-01	9.309e-01		LOC120044647,LOC120046754,LOC120047712,LOC120052896,LOC120060182,gid4
GO:0034440	lipid oxidation	biological_process	5	2593	58	31285	1.04	5.316e-01	9.346e-01	Y	LOC120033335,LOC120035040,LOC120035180,LOC120046331,LOC120049318
GO:0009179	purine ribonucleoside diphosphate metabolic process	biological_process	5	2593	58	31285	1.04	5.316e-01	9.346e-01		LOC120024980,LOC120028781,gpia,pfkpa,pklr
GO:0009135	purine nucleoside diphosphate metabolic process	biological_process	5	2593	58	31285	1.04	5.316e-01	9.346e-01		LOC120024980,LOC120028781,gpia,pfkpa,pklr
GO:0046031	ADP metabolic process	biological_process	5	2593	58	31285	1.04	5.316e-01	9.346e-01		LOC120024980,LOC120028781,gpia,pfkpa,pklr
GO:0032940	secretion by cell	biological_process	25	2593	302	31285	1.0	5.330e-01	9.360e-01		LOC120020198,LOC120029114,LOC120031497,LOC120034026,LOC120034246,LOC120036379,LOC120042547,LOC120044157,LOC120046321,LOC120048677,LOC120049117,LOC120049326,LOC120049373,LOC120049375,LOC120052904,LOC120056443,LOC120058959,LOC120059165,LOC120062699,LOC120066509,cplx4a,cracr2b,exoc3l2b,rims1b,rims2a
GO:0048878	chemical homeostasis	biological_process	37	2593	448	31285	1.0	5.342e-01	9.360e-01		LOC120018360,LOC120019936,LOC120020649,LOC120024696,LOC120024960,LOC120026150,LOC120028089,LOC120029013,LOC120031263,LOC120031811,LOC120032769,LOC120032870,LOC120032954,LOC120033462,LOC120033782,LOC120034039,LOC120034052,LOC120046036,LOC120046326,LOC120047625,LOC120051050,LOC120051648,LOC120051696,LOC120052219,LOC120052310
GO:0048598	embryonic morphogenesis	biological_process	8	2593	95	31285	1.02	5.349e-01	9.360e-01		LOC120031239,LOC120032977,LOC120053527,LOC120054283,LOC120065817,hoxa2b,rock2a,tbx19
GO:0008009	chemokine activity	molecular_function	4	2593	46	31285	1.05	5.364e-01	9.360e-01		LOC120024931,LOC120037605,LOC120055680,LOC120063433
GO:0006641	triglyceride metabolic process	biological_process	4	2593	46	31285	1.05	5.364e-01	9.360e-01	Y	LOC120022261,LOC120023754,LOC120028030,apoc2
GO:0050321	tau-protein kinase activity	molecular_function	4	2593	46	31285	1.05	5.364e-01	9.360e-01		LOC120029135,LOC120040404,LOC120050877,LOC120053412
GO:0033293	monocarboxylic acid binding	molecular_function	4	2593	46	31285	1.05	5.364e-01	9.360e-01		LOC120022117,LOC120031198,LOC120048724,apoc2
GO:0005839	proteasome core complex	cellular_component	4	2593	46	31285	1.05	5.364e-01	9.360e-01		LOC120021373,LOC120028660,LOC120032635,LOC120056907
GO:0070201	regulation of establishment of protein localization	biological_process	4	2593	46	31285	1.05	5.364e-01	9.360e-01		LOC120030016,LOC120034415,LOC120036772,LOC120053128
GO:0002218	activation of innate immune response	biological_process	4	2593	46	31285	1.05	5.364e-01	9.360e-01	Y	LOC120040917,LOC120042248,LOC120051325,LOC120057064
GO:0005198	structural molecule activity	molecular_function	63	2593	764	31285	0.99	5.366e-01	9.360e-01		LOC120017751,LOC120017900,LOC120018251,LOC120021513,LOC120022431,LOC120027504,LOC120028538,LOC120029154,LOC120029767,LOC120030837,LOC120031371,LOC120031565,LOC120032669,LOC120032712,LOC120032724,LOC120033621,LOC120034438,LOC120035933,LOC120036138,LOC120036644,LOC120037149,LOC120037245,LOC120037910,LOC120040891,LOC120042831
GO:0034329	cell junction assembly	biological_process	16	2593	193	31285	1.0	5.375e-01	9.360e-01		LOC120021513,LOC120025932,LOC120027654,LOC120028538,LOC120035933,LOC120037245,LOC120048086,LOC120049991,LOC120050074,LOC120050097,LOC120052362,LOC120055959,LOC120056781,LOC120058746,LOC120062135,lgi2a
GO:0030855	epithelial cell differentiation	biological_process	7	2593	83	31285	1.02	5.381e-01	9.360e-01		LOC120025359,LOC120028089,LOC120051050,LOC120054927,LOC120057544,pck1,tjp1a
GO:0032446	protein modification by small protein conjugation	biological_process	44	2593	534	31285	0.99	5.395e-01	9.360e-01		LOC120020583,LOC120021774,LOC120024020,LOC120024073,LOC120024093,LOC120024777,LOC120026428,LOC120026446,LOC120026808,LOC120029958,LOC120031219,LOC120031752,LOC120032342,LOC120032610,LOC120033051,LOC120033563,LOC120033765,LOC120034787,LOC120035140,LOC120037614,LOC120038271,LOC120039932,LOC120040402,LOC120042872,LOC120044555
GO:0006366	transcription by RNA polymerase II	biological_process	10	2593	120	31285	1.01	5.407e-01	9.360e-01		LOC120017437,LOC120019183,LOC120028545,LOC120046324,LOC120048085,LOC120049782,LOC120052620,LOC120055750,taf10,taf12
GO:0022607	cellular component assembly	biological_process	138	2593	1674	31285	0.99	5.408e-01	9.360e-01		LOC120017751,LOC120017900,LOC120018359,LOC120019248,LOC120019313,LOC120020690,LOC120021140,LOC120021513,LOC120021739,LOC120021779,LOC120021806,LOC120022770,LOC120023372,LOC120024223,LOC120024696,LOC120024865,LOC120025932,LOC120026064,LOC120027654,LOC120028538,LOC120029006,LOC120029014,LOC120029935,LOC120030234,LOC120030952
GO:0005267	potassium channel activity	molecular_function	24	2593	291	31285	1.0	5.411e-01	9.360e-01		LOC120023241,LOC120023372,LOC120026774,LOC120028855,LOC120029350,LOC120030936,LOC120031313,LOC120031587,LOC120031838,LOC120032764,LOC120035038,LOC120040195,LOC120043570,LOC120043863,LOC120044062,LOC120044680,LOC120044885,LOC120045870,LOC120050102,LOC120056459,LOC120059740,LOC120060854,kcnj19b,si:dkey-43k4.5
GO:0098657	import into cell	biological_process	41	2593	498	31285	0.99	5.419e-01	9.360e-01		LOC120017401,LOC120021970,LOC120022351,LOC120023181,LOC120023380,LOC120024896,LOC120024960,LOC120025932,LOC120026877,LOC120027255,LOC120028812,LOC120029350,LOC120031556,LOC120032998,LOC120034271,LOC120034531,LOC120039236,LOC120041950,LOC120042708,LOC120043863,LOC120044647,LOC120044680,LOC120044681,LOC120047712,LOC120047717
GO:0001708	cell fate specification	biological_process	6	2593	71	31285	1.02	5.421e-01	9.360e-01		LOC120023046,LOC120031239,LOC120038521,LOC120054999,LOC120063716,tbx19
GO:0008017	microtubule binding	molecular_function	28	2593	340	31285	0.99	5.430e-01	9.360e-01		LOC120019678,LOC120023518,LOC120025642,LOC120026064,LOC120026473,LOC120031210,LOC120032210,LOC120032491,LOC120032889,LOC120039491,LOC120040756,LOC120041882,LOC120045246,LOC120045303,LOC120046349,LOC120048461,LOC120049846,LOC120051397,LOC120052724,LOC120054602,LOC120058008,LOC120065935,LOC120065986,gtse1,kif20bb
GO:0009119	ribonucleoside metabolic process	biological_process	3	2593	34	31285	1.06	5.433e-01	9.360e-01		LOC120023827,LOC120031887,ada2b
GO:0016251	RNA polymerase II general transcription initiation factor activity	molecular_function	3	2593	34	31285	1.06	5.433e-01	9.360e-01		LOC120017437,LOC120048085,taf10
GO:0004707	MAP kinase activity	molecular_function	3	2593	34	31285	1.06	5.433e-01	9.360e-01		LOC120017495,LOC120032847,LOC120049931
GO:0002064	epithelial cell development	biological_process	3	2593	34	31285	1.06	5.433e-01	9.360e-01		LOC120025359,LOC120057544,tjp1a
GO:0090307	mitotic spindle assembly	biological_process	3	2593	34	31285	1.06	5.433e-01	9.360e-01		LOC120065935,kif20bb,mzt1
GO:0099604	ligand-gated calcium channel activity	molecular_function	3	2593	34	31285	1.06	5.433e-01	9.360e-01		LOC120040198,LOC120060148,mcoln1b
GO:0035615	clathrin-cargo adaptor activity	molecular_function	3	2593	34	31285	1.06	5.433e-01	9.360e-01		LOC120047812,ap1m2,ap1s1
GO:0006310	DNA recombination	biological_process	13	2593	157	31285	1.0	5.434e-01	9.360e-01		LOC120022971,LOC120026988,LOC120028892,LOC120033188,LOC120034167,LOC120036166,LOC120045784,LOC120047331,LOC120051461,LOC120065158,eme1,ercc1,fancd2
GO:0015631	tubulin binding	molecular_function	33	2593	401	31285	0.99	5.437e-01	9.360e-01		LOC120019678,LOC120019718,LOC120023518,LOC120025642,LOC120026064,LOC120026473,LOC120029062,LOC120031210,LOC120032210,LOC120032491,LOC120032889,LOC120039491,LOC120040756,LOC120041882,LOC120045246,LOC120045303,LOC120046349,LOC120048461,LOC120049039,LOC120049846,LOC120051397,LOC120052724,LOC120054602,LOC120058008,LOC120065935
GO:0042592	homeostatic process	biological_process	45	2593	547	31285	0.99	5.439e-01	9.360e-01		LOC120018360,LOC120019936,LOC120020649,LOC120024696,LOC120024960,LOC120025359,LOC120026150,LOC120028089,LOC120029013,LOC120031263,LOC120031811,LOC120032769,LOC120032870,LOC120032954,LOC120033462,LOC120033782,LOC120034039,LOC120034052,LOC120034793,LOC120045537,LOC120046036,LOC120046326,LOC120046455,LOC120047625,LOC120051050
GO:0042391	regulation of membrane potential	biological_process	21	2593	255	31285	0.99	5.454e-01	9.366e-01		LOC120018300,LOC120021676,LOC120023241,LOC120025042,LOC120026501,LOC120028855,LOC120032764,LOC120033207,LOC120033549,LOC120034738,LOC120041637,LOC120045870,LOC120045894,LOC120061883,LOC120064749,LOC120065371,LOC120065438,chrnd,grin2da,rims1b,rims2a
GO:2000145	regulation of cell motility	biological_process	26	2593	316	31285	0.99	5.454e-01	9.366e-01		LOC120022634,LOC120022770,LOC120024223,LOC120024359,LOC120031042,LOC120032526,LOC120032527,LOC120032924,LOC120033262,LOC120035048,LOC120040412,LOC120040917,LOC120042248,LOC120048423,LOC120048664,LOC120049360,LOC120050049,LOC120059053,LOC120059075,LOC120062350,LOC120062766,LOC120062892,cfap20,fgf7,plxnb2a.3
GO:0045211	postsynaptic membrane	cellular_component	20	2593	243	31285	0.99	5.470e-01	9.366e-01		LOC120025932,LOC120026774,LOC120031313,LOC120031587,LOC120033233,LOC120037100,LOC120044423,LOC120044552,LOC120044647,LOC120047712,LOC120050074,LOC120050097,LOC120051543,LOC120060929,LOC120062135,LOC120064860,LOC120065438,LOC120066718,chrnd,grin2da
GO:0006606	protein import into nucleus	biological_process	8	2593	96	31285	1.01	5.470e-01	9.366e-01		LOC120028225,LOC120033566,LOC120033919,LOC120051048,LOC120051404,kpnb3,nup85,tpra
GO:0051693	actin filament capping	biological_process	5	2593	59	31285	1.02	5.471e-01	9.366e-01		LOC120020510,LOC120048421,LOC120052616,LOC120052905,LOC120053522
GO:0031491	nucleosome binding	molecular_function	5	2593	59	31285	1.02	5.471e-01	9.366e-01		LOC120032499,LOC120032721,LOC120049782,LOC120059566,rnf169
GO:0019364	pyridine nucleotide catabolic process	biological_process	5	2593	59	31285	1.02	5.471e-01	9.366e-01		LOC120024980,LOC120028781,gpia,pfkpa,pklr
GO:0043436	oxoacid metabolic process	biological_process	47	2593	572	31285	0.99	5.473e-01	9.366e-01		LOC120017969,LOC120020725,LOC120023534,LOC120023754,LOC120024269,LOC120024592,LOC120024893,LOC120024980,LOC120028030,LOC120028089,LOC120028781,LOC120028813,LOC120029925,LOC120031887,LOC120032048,LOC120032824,LOC120033335,LOC120033928,LOC120034530,LOC120034662,LOC120034669,LOC120035040,LOC120035101,LOC120035180,LOC120039976
GO:0022832	voltage-gated channel activity	molecular_function	28	2593	341	31285	0.99	5.494e-01	9.395e-01		LOC120021676,LOC120021849,LOC120023372,LOC120023380,LOC120026501,LOC120029323,LOC120029350,LOC120030936,LOC120031838,LOC120032764,LOC120034271,LOC120034351,LOC120035038,LOC120040195,LOC120041637,LOC120043863,LOC120044062,LOC120044647,LOC120044680,LOC120047712,LOC120050102,LOC120056459,LOC120059740,LOC120060854,LOC120061553
GO:0046942	carboxylic acid transport	biological_process	18	2593	219	31285	0.99	5.505e-01	9.397e-01		LOC120022117,LOC120024080,LOC120029672,LOC120031198,LOC120032954,LOC120033247,LOC120033623,LOC120034531,LOC120037234,LOC120044103,LOC120045684,LOC120046036,LOC120046343,LOC120048724,LOC120049318,LOC120049357,LOC120050536,slc1a2a
GO:0030659	cytoplasmic vesicle membrane	cellular_component	32	2593	390	31285	0.99	5.508e-01	9.397e-01		LOC120017770,LOC120020198,LOC120021970,LOC120022351,LOC120024700,LOC120032050,LOC120032359,LOC120032511,LOC120041350,LOC120043732,LOC120045713,LOC120045871,LOC120047717,LOC120047812,LOC120048691,LOC120049249,LOC120049326,LOC120049373,LOC120052417,LOC120052819,LOC120052896,LOC120052902,LOC120056477,LOC120060897,LOC120062271
GO:0012506	vesicle membrane	cellular_component	32	2593	390	31285	0.99	5.508e-01	9.397e-01		LOC120017770,LOC120020198,LOC120021970,LOC120022351,LOC120024700,LOC120032050,LOC120032359,LOC120032511,LOC120041350,LOC120043732,LOC120045713,LOC120045871,LOC120047717,LOC120047812,LOC120048691,LOC120049249,LOC120049326,LOC120049373,LOC120052417,LOC120052819,LOC120052896,LOC120052902,LOC120056477,LOC120060897,LOC120062271
GO:0042326	negative regulation of phosphorylation	biological_process	7	2593	84	31285	1.01	5.511e-01	9.397e-01		LOC120028326,LOC120033703,LOC120048268,LOC120048766,prkn,ptprc,sh3bp5lb
GO:0051301	cell division	biological_process	10	2593	121	31285	1.0	5.515e-01	9.397e-01		LOC120018249,LOC120022971,LOC120031062,LOC120032951,LOC120035109,LOC120050356,LOC120055773,LOC120058181,LOC120066534,rock2a
GO:0009100	glycoprotein metabolic process	biological_process	17	2593	207	31285	0.99	5.525e-01	9.397e-01		LOC120018827,LOC120021626,LOC120024793,LOC120025509,LOC120031813,LOC120032297,LOC120034165,LOC120037083,LOC120048047,LOC120049548,LOC120052222,LOC120053529,LOC120055734,LOC120062434,LOC120062522,tmem258,zgc:92907
GO:0005783	endoplasmic reticulum	cellular_component	92	2593	1120	31285	0.99	5.528e-01	9.397e-01		LOC120018066,LOC120018360,LOC120021205,LOC120021626,LOC120022079,LOC120022261,LOC120024073,LOC120024592,LOC120024700,LOC120025046,LOC120025509,LOC120026150,LOC120028030,LOC120028326,LOC120028889,LOC120029013,LOC120029114,LOC120029738,LOC120030672,LOC120030879,LOC120030881,LOC120031120,LOC120031281,LOC120031830,LOC120032191
GO:0051338	regulation of transferase activity	biological_process	25	2593	305	31285	0.99	5.536e-01	9.397e-01		LOC120020583,LOC120023181,LOC120024896,LOC120031671,LOC120032502,LOC120032526,LOC120032527,LOC120032684,LOC120033559,LOC120033703,LOC120034531,LOC120048766,LOC120049937,LOC120053194,LOC120054283,LOC120055905,bora,ccna1,cdk5r2a,cdkn2a/b,cdkn2d,dcun1d1,fzr1b,ptprc,sh3bp5lb
GO:0045047	protein targeting to ER	biological_process	4	2593	47	31285	1.03	5.538e-01	9.397e-01		LOC120018066,LOC120034949,get3,spcs2
GO:0072599	establishment of protein localization to endoplasmic reticulum	biological_process	4	2593	47	31285	1.03	5.538e-01	9.397e-01		LOC120018066,LOC120034949,get3,spcs2
GO:0170055	lipid transmembrane transporter activity	molecular_function	4	2593	47	31285	1.03	5.538e-01	9.397e-01	Y	LOC120024080,LOC120034531,LOC120049318,LOC120063251
GO:0015630	microtubule cytoskeleton	cellular_component	61	2593	744	31285	0.99	5.554e-01	9.411e-01		LOC120019248,LOC120019313,LOC120019678,LOC120022770,LOC120022971,LOC120023518,LOC120024223,LOC120025642,LOC120026064,LOC120026473,LOC120031062,LOC120031251,LOC120031533,LOC120032491,LOC120032794,LOC120033621,LOC120033767,LOC120034783,LOC120035100,LOC120036138,LOC120040756,LOC120041882,LOC120042376,LOC120042708,LOC120044461
GO:0070887	cellular response to chemical stimulus	biological_process	47	2593	574	31285	0.99	5.573e-01	9.411e-01		LOC120022070,LOC120022426,LOC120023737,LOC120023754,LOC120024702,LOC120024769,LOC120024931,LOC120027037,LOC120027678,LOC120028030,LOC120028089,LOC120030016,LOC120031595,LOC120032502,LOC120032885,LOC120033116,LOC120033438,LOC120033549,LOC120034026,LOC120034058,LOC120034531,LOC120035602,LOC120036644,LOC120036690,LOC120037605
GO:0016298	lipase activity	molecular_function	11	2593	134	31285	0.99	5.587e-01	9.411e-01		LOC120025932,LOC120032516,LOC120032954,LOC120033184,LOC120033304,LOC120033926,LOC120046036,LOC120047943,LOC120056797,LOC120062432,gdpd1
GO:0097060	synaptic membrane	cellular_component	26	2593	318	31285	0.99	5.588e-01	9.411e-01		LOC120025932,LOC120026774,LOC120031313,LOC120031587,LOC120033233,LOC120036120,LOC120037100,LOC120044423,LOC120044552,LOC120044647,LOC120047712,LOC120050074,LOC120050097,LOC120051543,LOC120060929,LOC120062135,LOC120062438,LOC120064860,LOC120065438,LOC120066718,adgrl1a,chrnd,drd2a,grin2da,rims1b
GO:0072523	purine-containing compound catabolic process	biological_process	8	2593	97	31285	1.0	5.591e-01	9.411e-01		LOC120024980,LOC120028781,LOC120052759,LOC120054062,ada2b,gpia,pfkpa,pklr
GO:0016477	cell migration	biological_process	33	2593	404	31285	0.99	5.615e-01	9.411e-01		LOC120019196,LOC120022634,LOC120023181,LOC120023642,LOC120023737,LOC120024769,LOC120024896,LOC120024931,LOC120025537,LOC120025545,LOC120027135,LOC120028082,LOC120031042,LOC120032022,LOC120033438,LOC120035048,LOC120036180,LOC120037605,LOC120041882,LOC120048423,LOC120048618,LOC120048877,LOC120049072,LOC120049915,LOC120051406
GO:0019216	regulation of lipid metabolic process	biological_process	5	2593	60	31285	1.01	5.624e-01	9.411e-01	Y	LOC120033450,LOC120034531,LOC120058208,abhd5a,apoc2
GO:0140658	ATP-dependent chromatin remodeler activity	molecular_function	5	2593	60	31285	1.01	5.624e-01	9.411e-01		LOC120032598,LOC120047331,LOC120048327,LOC120048713,vps72a
GO:0030835	negative regulation of actin filament depolymerization	biological_process	5	2593	60	31285	1.01	5.624e-01	9.411e-01		LOC120020510,LOC120048421,LOC120052616,LOC120052905,LOC120053522
GO:0019902	phosphatase binding	molecular_function	5	2593	60	31285	1.01	5.624e-01	9.411e-01		LOC120029981,LOC120031347,LOC120032589,LOC120032941,LOC120045648
GO:0071216	cellular response to biotic stimulus	biological_process	5	2593	60	31285	1.01	5.624e-01	9.411e-01		LOC120022426,LOC120027678,LOC120036644,LOC120037605,LOC120063433
GO:0004112	cyclic-nucleotide phosphodiesterase activity	molecular_function	5	2593	60	31285	1.01	5.624e-01	9.411e-01		LOC120021519,LOC120024897,LOC120035753,LOC120053718,pde6gb
GO:0019894	kinesin binding	molecular_function	3	2593	35	31285	1.03	5.634e-01	9.411e-01		LOC120049767,LOC120065207,spag9a
GO:0038034	signal transduction in absence of ligand	biological_process	3	2593	35	31285	1.03	5.634e-01	9.411e-01		LOC120022305,LOC120034479,mcl1b
GO:0097192	extrinsic apoptotic signaling pathway in absence of ligand	biological_process	3	2593	35	31285	1.03	5.634e-01	9.411e-01		LOC120022305,LOC120034479,mcl1b
GO:0005432	calcium:sodium antiporter activity	molecular_function	3	2593	35	31285	1.03	5.634e-01	9.411e-01		LOC120052219,slc24a5,slc8a2b
GO:0050840	extracellular matrix binding	molecular_function	3	2593	35	31285	1.03	5.634e-01	9.411e-01		LOC120028082,LOC120034466,LOC120060868
GO:0006720	isoprenoid metabolic process	biological_process	3	2593	35	31285	1.03	5.634e-01	9.411e-01		bco2a,dhdds,pdss2
GO:0140312	cargo adaptor activity	molecular_function	3	2593	35	31285	1.03	5.634e-01	9.411e-01		LOC120047812,ap1m2,ap1s1
GO:0044085	cellular component biogenesis	biological_process	155	2593	1888	31285	0.99	5.638e-01	9.411e-01		LOC120017459,LOC120017751,LOC120017900,LOC120018286,LOC120018359,LOC120019248,LOC120019313,LOC120020690,LOC120021140,LOC120021513,LOC120021648,LOC120021739,LOC120021779,LOC120021806,LOC120022770,LOC120023372,LOC120024223,LOC120024696,LOC120024865,LOC120025932,LOC120026064,LOC120027654,LOC120028538,LOC120029006,LOC120029014
GO:0140014	mitotic nuclear division	biological_process	7	2593	85	31285	0.99	5.639e-01	9.411e-01		LOC120036138,LOC120041882,LOC120050044,LOC120065935,kif20bb,mzt1,ndel1b
GO:0019838	growth factor binding	molecular_function	7	2593	85	31285	0.99	5.639e-01	9.411e-01	Y	LOC120023320,LOC120032866,LOC120034288,LOC120042766,LOC120048082,LOC120053194,LOC120054283
GO:0016835	carbon-oxygen lyase activity	molecular_function	7	2593	85	31285	0.99	5.639e-01	9.411e-01	Y	LOC120017969,LOC120026151,LOC120032257,LOC120051409,LOC120051527,LOC120055645,LOC120055848
GO:0002831	regulation of response to biotic stimulus	biological_process	7	2593	85	31285	0.99	5.639e-01	9.411e-01		LOC120024201,LOC120040917,LOC120042248,LOC120049292,LOC120051325,LOC120051698,LOC120057064
GO:0042578	phosphoric ester hydrolase activity	molecular_function	54	2593	661	31285	0.99	5.655e-01	9.431e-01		LOC120020950,LOC120021292,LOC120021519,LOC120023754,LOC120023827,LOC120024698,LOC120024897,LOC120025041,LOC120025225,LOC120025825,LOC120026854,LOC120028030,LOC120028326,LOC120029007,LOC120031120,LOC120031422,LOC120031800,LOC120032507,LOC120032535,LOC120033184,LOC120033188,LOC120033304,LOC120033554,LOC120033926,LOC120034214
GO:0005125	cytokine activity	molecular_function	17	2593	209	31285	0.98	5.688e-01	9.436e-01		LOC120023224,LOC120024769,LOC120024931,LOC120034797,LOC120036431,LOC120037605,LOC120044239,LOC120044850,LOC120047302,LOC120047538,LOC120053521,LOC120053888,LOC120055680,LOC120060385,LOC120063433,mstnb,ndr2
GO:0099094	ligand-gated monoatomic cation channel activity	molecular_function	17	2593	209	31285	0.98	5.688e-01	9.436e-01		LOC120026774,LOC120029350,LOC120031313,LOC120031587,LOC120040198,LOC120041835,LOC120043570,LOC120043863,LOC120044680,LOC120050102,LOC120054008,LOC120060148,LOC120065438,chrnd,kcnj19b,mcoln1b,tmem63c
GO:0015175	neutral L-amino acid transmembrane transporter activity	molecular_function	6	2593	73	31285	0.99	5.699e-01	9.436e-01		LOC120028937,LOC120031387,LOC120033247,LOC120046343,slc1a2a,slc7a8b
GO:0006400	tRNA modification	biological_process	6	2593	73	31285	0.99	5.699e-01	9.436e-01		LOC120030201,LOC120037503,LOC120046250,LOC120049645,dtwd1,sepsecs
GO:0042379	chemokine receptor binding	molecular_function	4	2593	48	31285	1.01	5.708e-01	9.436e-01		LOC120024931,LOC120037605,LOC120055680,LOC120063433
GO:0052866	phosphatidylinositol phosphate phosphatase activity	molecular_function	4	2593	48	31285	1.01	5.708e-01	9.436e-01		LOC120028326,LOC120031120,LOC120034790,LOC120045843
GO:0031570	DNA integrity checkpoint signaling	biological_process	4	2593	48	31285	1.01	5.708e-01	9.436e-01		LOC120022294,LOC120032951,eme1,fancd2
GO:0030971	receptor tyrosine kinase binding	molecular_function	4	2593	48	31285	1.01	5.708e-01	9.436e-01		LOC120048766,LOC120050008,LOC120052143,LOC120063028
GO:0006022	aminoglycan metabolic process	biological_process	4	2593	48	31285	1.01	5.708e-01	9.436e-01		LOC120018827,LOC120046335,LOC120065090,ctbs
GO:0034706	sodium channel complex	cellular_component	4	2593	48	31285	1.01	5.708e-01	9.436e-01		LOC120026774,LOC120031313,LOC120031587,LOC120041637
GO:1905039	carboxylic acid transmembrane transport	biological_process	8	2593	98	31285	0.98	5.710e-01	9.436e-01		LOC120033247,LOC120033623,LOC120037234,LOC120045684,LOC120046343,LOC120049318,LOC120050536,slc1a2a
GO:0007160	cell-matrix adhesion	biological_process	8	2593	98	31285	0.98	5.710e-01	9.436e-01		LOC120021739,LOC120028082,LOC120032973,LOC120032978,LOC120033570,LOC120039460,LOC120047297,LOC120058536
GO:0048646	anatomical structure formation involved in morphogenesis	biological_process	16	2593	197	31285	0.98	5.714e-01	9.436e-01		LOC120030952,LOC120033014,LOC120033173,LOC120048421,LOC120049116,LOC120050008,LOC120050449,LOC120052905,LOC120056805,LOC120065817,csrp2,csrp3,rnf213a,rnf213b,tbx19,tnnt2c
GO:0098739	import across plasma membrane	biological_process	13	2593	160	31285	0.98	5.716e-01	9.436e-01		LOC120017401,LOC120023380,LOC120024960,LOC120029350,LOC120031556,LOC120034271,LOC120043863,LOC120044680,LOC120050102,LOC120061553,kcnj19b,slc24a5,slc8a2b
GO:0015293	symporter activity	molecular_function	13	2593	160	31285	0.98	5.716e-01	9.436e-01		LOC120024080,LOC120024960,LOC120028812,LOC120033247,LOC120041002,LOC120041070,LOC120045871,LOC120050593,LOC120050825,LOC120055206,LOC120064722,slc1a2a,slc24a5
GO:0008237	metallopeptidase activity	molecular_function	25	2593	308	31285	0.98	5.738e-01	9.466e-01		LOC120017348,LOC120017364,LOC120020727,LOC120024764,LOC120025078,LOC120029094,LOC120031980,LOC120032113,LOC120032506,LOC120032786,LOC120036120,LOC120039298,LOC120043459,LOC120046306,LOC120048092,LOC120049933,LOC120052766,LOC120066645,LOC120066715,adamts18,anpepb,c6ast1,cpn1,cpo,dpep1
GO:0043269	regulation of monoatomic ion transport	biological_process	15	2593	185	31285	0.98	5.743e-01	9.466e-01	Y	LOC120024458,LOC120029350,LOC120030672,LOC120033963,LOC120034574,LOC120043863,LOC120044048,LOC120044680,LOC120050102,LOC120051405,LOC120051648,LOC120052310,LOC120066365,kcnj19b,nkain1
GO:0015294	solute:monoatomic cation symporter activity	molecular_function	12	2593	148	31285	0.98	5.750e-01	9.466e-01		LOC120024080,LOC120024960,LOC120028812,LOC120033247,LOC120041002,LOC120041070,LOC120045871,LOC120050593,LOC120050825,LOC120064722,slc1a2a,slc24a5
GO:0004888	transmembrane signaling receptor activity	molecular_function	127	2593	1552	31285	0.99	5.754e-01	9.466e-01		LOC120017784,LOC120017824,LOC120018062,LOC120018585,LOC120018595,LOC120018605,LOC120019674,LOC120020067,LOC120020322,LOC120020538,LOC120020649,LOC120021676,LOC120023181,LOC120023737,LOC120023889,LOC120024226,LOC120024349,LOC120024703,LOC120024881,LOC120024896,LOC120026236,LOC120026255,LOC120026501,LOC120026774,LOC120027241
GO:0019898	extrinsic component of membrane	cellular_component	27	2593	333	31285	0.98	5.768e-01	9.466e-01		LOC120018326,LOC120019724,LOC120024214,LOC120024702,LOC120027654,LOC120028564,LOC120032022,LOC120032589,LOC120032684,LOC120032876,LOC120033549,LOC120033963,LOC120034061,LOC120034227,LOC120034244,LOC120041464,LOC120046754,LOC120049933,LOC120050047,LOC120050823,LOC120051882,LOC120052362,LOC120055959,LOC120058746,LOC120060862
GO:0006900	vesicle budding from membrane	biological_process	5	2593	61	31285	0.99	5.774e-01	9.466e-01		LOC120032359,LOC120043732,LOC120058476,LOC120062271,LOC120062523
GO:0072526	pyridine-containing compound catabolic process	biological_process	5	2593	61	31285	0.99	5.774e-01	9.466e-01		LOC120024980,LOC120028781,gpia,pfkpa,pklr
GO:0097447	dendritic tree	cellular_component	23	2593	284	31285	0.98	5.778e-01	9.466e-01		LOC120020067,LOC120020322,LOC120029532,LOC120029673,LOC120031838,LOC120032514,LOC120033207,LOC120033956,LOC120037100,LOC120044423,LOC120044552,LOC120049662,LOC120053451,LOC120054611,LOC120056459,LOC120060854,LOC120061595,LOC120061883,LOC120066718,apba2b,arhgap44a,cracr2b,trak1a
GO:0030425	dendrite	cellular_component	23	2593	284	31285	0.98	5.778e-01	9.466e-01		LOC120020067,LOC120020322,LOC120029532,LOC120029673,LOC120031838,LOC120032514,LOC120033207,LOC120033956,LOC120037100,LOC120044423,LOC120044552,LOC120049662,LOC120053451,LOC120054611,LOC120056459,LOC120060854,LOC120061595,LOC120061883,LOC120066718,apba2b,arhgap44a,cracr2b,trak1a
GO:0016788	hydrolase activity, acting on ester bonds	molecular_function	79	2593	969	31285	0.98	5.792e-01	9.466e-01		LOC120018286,LOC120020950,LOC120021292,LOC120021519,LOC120023754,LOC120023827,LOC120024269,LOC120024698,LOC120024897,LOC120025041,LOC120025225,LOC120025825,LOC120025932,LOC120026854,LOC120026877,LOC120028030,LOC120028326,LOC120029007,LOC120031120,LOC120031422,LOC120031800,LOC120032507,LOC120032516,LOC120032535,LOC120032639
GO:0006914	autophagy	biological_process	13	2593	161	31285	0.97	5.808e-01	9.466e-01		LOC120020725,LOC120023396,LOC120031083,LOC120031328,LOC120036147,LOC120046083,LOC120046316,LOC120051331,LOC120063270,fbxo7,map1lc3a,nrbf2b,prkn
GO:0061919	process utilizing autophagic mechanism	biological_process	13	2593	161	31285	0.97	5.808e-01	9.466e-01		LOC120020725,LOC120023396,LOC120031083,LOC120031328,LOC120036147,LOC120046083,LOC120046316,LOC120051331,LOC120063270,fbxo7,map1lc3a,nrbf2b,prkn
GO:0048731	system development	biological_process	128	2593	1566	31285	0.99	5.810e-01	9.466e-01		LOC120018062,LOC120021872,LOC120022308,LOC120022415,LOC120023137,LOC120023181,LOC120023487,LOC120023518,LOC120024841,LOC120024859,LOC120024896,LOC120025342,LOC120025537,LOC120025932,LOC120027158,LOC120027902,LOC120028089,LOC120028632,LOC120029532,LOC120030952,LOC120031239,LOC120031944,LOC120032388,LOC120032514,LOC120032586
GO:0015849	organic acid transport	biological_process	18	2593	223	31285	0.97	5.822e-01	9.466e-01		LOC120022117,LOC120024080,LOC120029672,LOC120031198,LOC120032954,LOC120033247,LOC120033623,LOC120034531,LOC120037234,LOC120044103,LOC120045684,LOC120046036,LOC120046343,LOC120048724,LOC120049318,LOC120049357,LOC120050536,slc1a2a
GO:0030055	cell-substrate junction	cellular_component	8	2593	99	31285	0.97	5.827e-01	9.466e-01		LOC120021739,LOC120028082,LOC120044381,LOC120048831,LOC120050266,LOC120051549,LOC120053907,LOC120054371
GO:0046856	phosphatidylinositol dephosphorylation	biological_process	3	2593	36	31285	1.01	5.829e-01	9.466e-01		LOC120028326,LOC120031120,LOC120045843
GO:0016180	snRNA processing	biological_process	3	2593	36	31285	1.01	5.829e-01	9.466e-01		LOC120062433,exosc8,ints8
GO:0009055	electron transfer activity	molecular_function	3	2593	36	31285	1.01	5.829e-01	9.466e-01		LOC120031217,LOC120046115,LOC120058265
GO:0006690	icosanoid metabolic process	biological_process	3	2593	36	31285	1.01	5.829e-01	9.466e-01		LOC120029925,LOC120032048,LOC120039976
GO:0019226	transmission of nerve impulse	biological_process	3	2593	36	31285	1.01	5.829e-01	9.466e-01		LOC120041637,LOC120044647,LOC120047712
GO:0051168	nuclear export	biological_process	10	2593	124	31285	0.97	5.833e-01	9.466e-01		LOC120020088,LOC120027915,LOC120032609,LOC120059570,LOC120059580,LOC120062272,LOC120064971,ddx39ab,nup85,tpra
GO:0045296	cadherin binding	molecular_function	10	2593	124	31285	0.97	5.833e-01	9.466e-01		LOC120027654,LOC120032589,LOC120036518,LOC120044125,LOC120048086,LOC120049991,LOC120052362,LOC120055959,LOC120058746,LOC120060862
GO:0072665	protein localization to vacuole	biological_process	6	2593	74	31285	0.98	5.834e-01	9.466e-01		LOC120044647,LOC120046754,LOC120047712,LOC120052896,LOC120060182,gid4
GO:0006090	pyruvate metabolic process	biological_process	6	2593	74	31285	0.98	5.834e-01	9.466e-01		LOC120024980,LOC120028781,LOC120050321,gpia,pfkpa,pklr
GO:0016342	catenin complex	cellular_component	6	2593	74	31285	0.98	5.834e-01	9.466e-01		LOC120027654,LOC120032589,LOC120052362,LOC120055959,LOC120058746,LOC120060862
GO:0022836	gated channel activity	molecular_function	49	2593	604	31285	0.98	5.846e-01	9.466e-01		LOC120021676,LOC120021849,LOC120023372,LOC120023380,LOC120024918,LOC120026501,LOC120026774,LOC120029323,LOC120029350,LOC120030936,LOC120031313,LOC120031587,LOC120031838,LOC120032764,LOC120033055,LOC120033207,LOC120033908,LOC120034271,LOC120034351,LOC120034738,LOC120035038,LOC120036315,LOC120040195,LOC120040198,LOC120041637
GO:0030335	positive regulation of cell migration	biological_process	12	2593	149	31285	0.97	5.846e-01	9.466e-01		LOC120022634,LOC120031042,LOC120032526,LOC120032527,LOC120035048,LOC120040917,LOC120042248,LOC120048423,LOC120059053,LOC120059075,LOC120062766,LOC120062892
GO:0015171	amino acid transmembrane transporter activity	molecular_function	17	2593	211	31285	0.97	5.850e-01	9.466e-01		LOC120021676,LOC120026501,LOC120026774,LOC120028937,LOC120031313,LOC120031387,LOC120031587,LOC120033247,LOC120044423,LOC120046343,LOC120055761,LOC120056477,LOC120060024,LOC120062344,grin2da,slc1a2a,slc7a8b
GO:0022834	ligand-gated channel activity	molecular_function	26	2593	322	31285	0.97	5.851e-01	9.466e-01		LOC120021676,LOC120026501,LOC120026774,LOC120029350,LOC120031313,LOC120031587,LOC120033207,LOC120033908,LOC120034738,LOC120036315,LOC120040198,LOC120041835,LOC120043570,LOC120043863,LOC120044423,LOC120044680,LOC120050102,LOC120054008,LOC120060148,LOC120061883,LOC120065438,chrnd,grin2da,kcnj19b,mcoln1b
GO:0015276	ligand-gated monoatomic ion channel activity	molecular_function	26	2593	322	31285	0.97	5.851e-01	9.466e-01		LOC120021676,LOC120026501,LOC120026774,LOC120029350,LOC120031313,LOC120031587,LOC120033207,LOC120033908,LOC120034738,LOC120036315,LOC120040198,LOC120041835,LOC120043570,LOC120043863,LOC120044423,LOC120044680,LOC120050102,LOC120054008,LOC120060148,LOC120061883,LOC120065438,chrnd,grin2da,kcnj19b,mcoln1b
GO:0035025	positive regulation of Rho protein signal transduction	biological_process	4	2593	49	31285	0.98	5.874e-01	9.472e-01		LOC120026236,LOC120049917,LOC120050823,p2ry10
GO:0008643	carbohydrate transport	biological_process	4	2593	49	31285	0.98	5.874e-01	9.472e-01		LOC120031421,LOC120047780,LOC120055206,aqp7
GO:0006417	regulation of translation	biological_process	11	2593	137	31285	0.97	5.889e-01	9.472e-01		LOC120027918,LOC120027929,LOC120030201,LOC120047885,LOC120049316,LOC120049662,LOC120058182,LOC120061992,mif4gdb,paip2b,sepsecs
GO:0043242	negative regulation of protein-containing complex disassembly	biological_process	7	2593	87	31285	0.97	5.890e-01	9.472e-01		LOC120020510,LOC120023518,LOC120048421,LOC120051453,LOC120052616,LOC120052905,LOC120053522
GO:0034704	calcium channel complex	cellular_component	7	2593	87	31285	0.97	5.890e-01	9.472e-01		LOC120021849,LOC120023380,LOC120034271,LOC120034351,LOC120041637,LOC120043934,LOC120061553
GO:1901991	negative regulation of mitotic cell cycle phase transition	biological_process	5	2593	62	31285	0.97	5.921e-01	9.472e-01		LOC120024463,LOC120032951,LOC120037027,LOC120047536,LOC120055871
GO:0008408	3'-5' exonuclease activity	molecular_function	5	2593	62	31285	0.97	5.921e-01	9.472e-01		LOC120032639,LOC120046348,LOC120046600,angel1,angel2
GO:0003755	peptidyl-prolyl cis-trans isomerase activity	molecular_function	5	2593	62	31285	0.97	5.921e-01	9.472e-01		LOC120019939,LOC120058927,ppie,ppih,ppil4
GO:0003779	actin binding	molecular_function	50	2593	618	31285	0.98	5.930e-01	9.472e-01		LOC120017463,LOC120018338,LOC120019531,LOC120019826,LOC120020510,LOC120020691,LOC120021099,LOC120022803,LOC120023746,LOC120024699,LOC120027135,LOC120027158,LOC120029007,LOC120029154,LOC120029532,LOC120030952,LOC120031392,LOC120031943,LOC120032010,LOC120032585,LOC120032597,LOC120032606,LOC120032678,LOC120033956,LOC120034014
GO:0140640	catalytic activity, acting on a nucleic acid	molecular_function	54	2593	667	31285	0.98	5.930e-01	9.472e-01		LOC120018286,LOC120019548,LOC120021537,LOC120024894,LOC120026988,LOC120030140,LOC120030201,LOC120031449,LOC120032598,LOC120032639,LOC120034407,LOC120036321,LOC120036753,LOC120037503,LOC120040744,LOC120041248,LOC120043830,LOC120044673,LOC120046332,LOC120046348,LOC120046600,LOC120047331,LOC120047785,LOC120048327,LOC120048713
GO:0031589	cell-substrate adhesion	biological_process	10	2593	125	31285	0.97	5.937e-01	9.472e-01		LOC120021739,LOC120028082,LOC120032973,LOC120032978,LOC120033570,LOC120039460,LOC120047297,LOC120049072,LOC120058536,lamb4
GO:0019208	phosphatase regulator activity	molecular_function	10	2593	125	31285	0.97	5.937e-01	9.472e-01		LOC120025121,LOC120032941,LOC120032996,LOC120033162,LOC120033582,LOC120033924,LOC120044362,LOC120046598,LOC120049962,ensab
GO:1901981	phosphatidylinositol phosphate binding	molecular_function	10	2593	125	31285	0.97	5.937e-01	9.472e-01		LOC120020510,LOC120022971,LOC120031969,LOC120044157,LOC120049425,LOC120052616,LOC120052681,LOC120062346,arap3,snx1a
GO:0043069	negative regulation of programmed cell death	biological_process	12	2593	150	31285	0.97	5.941e-01	9.472e-01		LOC120026854,LOC120032522,LOC120034162,LOC120044239,LOC120046455,LOC120049359,LOC120061462,LOC120064119,LOC120065968,apoc2,mdm2,rnf34a
GO:0006886	intracellular protein transport	biological_process	51	2593	631	31285	0.98	5.964e-01	9.472e-01		LOC120020088,LOC120021737,LOC120023396,LOC120024345,LOC120025169,LOC120028225,LOC120031975,LOC120032359,LOC120032572,LOC120032888,LOC120033566,LOC120033919,LOC120036195,LOC120040838,LOC120041350,LOC120044647,LOC120045525,LOC120046754,LOC120046857,LOC120047124,LOC120047712,LOC120047812,LOC120048765,LOC120049249,LOC120050815
GO:0010498	proteasomal protein catabolic process	biological_process	23	2593	287	31285	0.97	5.985e-01	9.472e-01		LOC120017447,LOC120017880,LOC120023431,LOC120032610,LOC120032635,LOC120032839,LOC120034238,LOC120036660,LOC120046754,LOC120047112,LOC120047921,LOC120048802,LOC120050509,LOC120051198,LOC120052569,LOC120053041,LOC120063176,LOC120064119,dcaf11,fzr1b,gid4,kctd10,rnf34a
GO:0008238	exopeptidase activity	molecular_function	11	2593	138	31285	0.96	5.987e-01	9.472e-01		LOC120028813,LOC120032113,LOC120032506,LOC120032886,LOC120039298,LOC120048092,LOC120066645,anpepb,cpn1,cpo,dpep1
GO:0006302	double-strand break repair	biological_process	13	2593	163	31285	0.96	5.990e-01	9.472e-01		LOC120022971,LOC120028892,LOC120030864,LOC120032639,LOC120033188,LOC120045784,LOC120047331,LOC120051461,LOC120065158,dclre1a,eme1,fancd2,rnf169
GO:0007267	cell-cell signaling	biological_process	44	2593	546	31285	0.97	6.007e-01	9.472e-01		LOC120020198,LOC120021676,LOC120023380,LOC120024345,LOC120024960,LOC120025042,LOC120025932,LOC120026501,LOC120026774,LOC120029673,LOC120031313,LOC120031587,LOC120033207,LOC120034271,LOC120034351,LOC120034738,LOC120044423,LOC120045713,LOC120045894,LOC120045988,LOC120047581,LOC120048215,LOC120049117,LOC120049326,LOC120049373
GO:0043235	signaling receptor complex	cellular_component	37	2593	460	31285	0.97	6.009e-01	9.472e-01		LOC120021676,LOC120021774,LOC120021872,LOC120023181,LOC120024896,LOC120026501,LOC120026774,LOC120028082,LOC120031313,LOC120031587,LOC120031671,LOC120031803,LOC120032224,LOC120032973,LOC120033051,LOC120033207,LOC120033541,LOC120033570,LOC120033754,LOC120040412,LOC120040917,LOC120042248,LOC120042872,LOC120044423,LOC120044552
GO:0005911	cell-cell junction	cellular_component	37	2593	460	31285	0.97	6.009e-01	9.472e-01		LOC120020663,LOC120021513,LOC120022007,LOC120023504,LOC120024224,LOC120025359,LOC120027654,LOC120028229,LOC120028538,LOC120032589,LOC120034378,LOC120034514,LOC120035147,LOC120035933,LOC120037245,LOC120038353,LOC120042309,LOC120045384,LOC120047140,LOC120047143,LOC120047357,LOC120048086,LOC120049117,LOC120049991,LOC120051549
GO:1901293	nucleoside phosphate biosynthetic process	biological_process	22	2593	275	31285	0.97	6.010e-01	9.472e-01		LOC120020563,LOC120027373,LOC120029829,LOC120032167,LOC120032464,LOC120033373,LOC120033928,LOC120034173,LOC120034662,LOC120034669,LOC120044533,LOC120046331,LOC120046375,LOC120048037,LOC120050321,LOC120050824,LOC120051214,LOC120051245,LOC120051398,LOC120061001,LOC120061070,acsl1a
GO:0004527	exonuclease activity	molecular_function	7	2593	88	31285	0.96	6.013e-01	9.472e-01		LOC120032639,LOC120046348,LOC120046600,LOC120055850,angel1,angel2,dclre1a
GO:0005902	microvillus	cellular_component	3	2593	37	31285	0.98	6.018e-01	9.472e-01		LOC120035147,LOC120049915,myo1ha
GO:0006801	superoxide metabolic process	biological_process	3	2593	37	31285	0.98	6.018e-01	9.472e-01		LOC120027734,LOC120031281,noxo1a
GO:0012507	ER to Golgi transport vesicle membrane	cellular_component	3	2593	37	31285	0.98	6.018e-01	9.472e-01		LOC120032359,LOC120062271,sar1aa
GO:0032386	regulation of intracellular transport	biological_process	3	2593	37	31285	0.98	6.018e-01	9.472e-01		LOC120035147,LOC120045843,LOC120056015
GO:0031985	Golgi cisterna	cellular_component	3	2593	37	31285	0.98	6.018e-01	9.472e-01		LOC120022111,LOC120041435,LOC120043819
GO:0034702	monoatomic ion channel complex	cellular_component	27	2593	337	31285	0.97	6.023e-01	9.472e-01		LOC120021676,LOC120021849,LOC120023372,LOC120023380,LOC120026501,LOC120026774,LOC120031313,LOC120031587,LOC120031838,LOC120033462,LOC120034271,LOC120034351,LOC120040195,LOC120041637,LOC120043570,LOC120043934,LOC120044062,LOC120044423,LOC120044552,LOC120044647,LOC120047712,LOC120056459,LOC120059740,LOC120060854,LOC120061553
GO:0010467	gene expression	biological_process	155	2593	1902	31285	0.98	6.026e-01	9.472e-01		LOC120017437,LOC120017459,LOC120018251,LOC120018286,LOC120018359,LOC120019183,LOC120019900,LOC120020140,LOC120020690,LOC120022349,LOC120022431,LOC120024866,LOC120024894,LOC120026056,LOC120026418,LOC120027915,LOC120028051,LOC120028545,LOC120028920,LOC120029014,LOC120029062,LOC120029767,LOC120029858,LOC120030140,LOC120030201
GO:0042162	telomeric repeat DNA binding	molecular_function	4	2593	50	31285	0.97	6.037e-01	9.472e-01		LOC120028892,LOC120058182,terf1,terfa
GO:0005179	hormone activity	molecular_function	14	2593	176	31285	0.96	6.037e-01	9.472e-01		LOC120020628,LOC120032607,LOC120044078,LOC120044421,LOC120046565,LOC120048704,LOC120058852,LOC120060834,cartl,ccka,nmbb,rln3a,sst6,vgf
GO:0003743	translation initiation factor activity	molecular_function	8	2593	101	31285	0.96	6.057e-01	9.472e-01		LOC120025151,LOC120030140,LOC120033297,LOC120046468,LOC120051114,LOC120061880,eif3m,eif4a2
GO:0034504	protein localization to nucleus	biological_process	8	2593	101	31285	0.96	6.057e-01	9.472e-01		LOC120028225,LOC120033566,LOC120033919,LOC120051048,LOC120051404,kpnb3,nup85,tpra
GO:0019725	cellular homeostasis	biological_process	28	2593	350	31285	0.97	6.063e-01	9.472e-01		LOC120019936,LOC120020649,LOC120024960,LOC120026150,LOC120028089,LOC120031263,LOC120031811,LOC120032769,LOC120033782,LOC120034039,LOC120034052,LOC120045537,LOC120046455,LOC120051050,LOC120051648,LOC120051696,LOC120052219,LOC120052310,LOC120052569,LOC120053041,LOC120053451,LOC120058208,LOC120064860,cln3,pck1
GO:0016877	ligase activity, forming carbon-sulfur bonds	molecular_function	5	2593	63	31285	0.96	6.066e-01	9.472e-01		LOC120034531,LOC120041848,LOC120041865,LOC120063560,acsl1a
GO:0004930	G protein-coupled receptor activity	molecular_function	77	2593	952	31285	0.98	6.074e-01	9.472e-01		LOC120018585,LOC120018595,LOC120018605,LOC120019674,LOC120020067,LOC120020322,LOC120020538,LOC120020649,LOC120023737,LOC120023889,LOC120024226,LOC120024349,LOC120024703,LOC120024881,LOC120026236,LOC120027241,LOC120029213,LOC120029673,LOC120029877,LOC120030016,LOC120030431,LOC120030906,LOC120031590,LOC120031595,LOC120031739
GO:0005230	extracellular ligand-gated monoatomic ion channel activity	molecular_function	13	2593	164	31285	0.96	6.080e-01	9.472e-01		LOC120021676,LOC120026501,LOC120026774,LOC120031313,LOC120031587,LOC120033207,LOC120034738,LOC120044423,LOC120054008,LOC120061883,LOC120065438,chrnd,grin2da
GO:0050808	synapse organization	biological_process	13	2593	164	31285	0.96	6.080e-01	9.472e-01		LOC120025932,LOC120034351,LOC120044650,LOC120047537,LOC120049964,LOC120050074,LOC120050097,LOC120056781,LOC120060579,LOC120060929,LOC120062135,arhgap44a,lgi2a
GO:0006820	monoatomic anion transport	biological_process	13	2593	164	31285	0.96	6.080e-01	9.472e-01	Y	LOC120019936,LOC120024960,LOC120025077,LOC120029323,LOC120033207,LOC120034039,LOC120034738,LOC120045785,LOC120049076,LOC120056477,LOC120061883,ano9b,slc24a5
GO:0046983	protein dimerization activity	molecular_function	42	2593	523	31285	0.97	6.086e-01	9.472e-01		LOC120017900,LOC120019486,LOC120022305,LOC120023046,LOC120025077,LOC120026454,LOC120031153,LOC120031793,LOC120032043,LOC120032224,LOC120032539,LOC120033754,LOC120034479,LOC120036158,LOC120037149,LOC120041324,LOC120048085,LOC120049016,LOC120049334,LOC120049351,LOC120049376,LOC120049662,LOC120050295,LOC120052620,LOC120057896
GO:0055086	nucleobase-containing small molecule metabolic process	biological_process	45	2593	560	31285	0.97	6.091e-01	9.472e-01		LOC120020563,LOC120021611,LOC120023827,LOC120024269,LOC120024980,LOC120025430,LOC120027373,LOC120028781,LOC120029829,LOC120031887,LOC120032167,LOC120032464,LOC120032822,LOC120033373,LOC120033928,LOC120034173,LOC120034662,LOC120034669,LOC120034901,LOC120035753,LOC120044533,LOC120046032,LOC120046331,LOC120046375,LOC120048037
GO:0010557	positive regulation of macromolecule biosynthetic process	biological_process	67	2593	830	31285	0.97	6.091e-01	9.472e-01		LOC120018777,LOC120020561,LOC120022634,LOC120023046,LOC120023754,LOC120024099,LOC120024201,LOC120027231,LOC120028030,LOC120028617,LOC120029193,LOC120030220,LOC120031042,LOC120031239,LOC120032589,LOC120032598,LOC120032924,LOC120033014,LOC120033139,LOC120033262,LOC120033551,LOC120034476,LOC120034797,LOC120037513,LOC120040917
GO:0006639	acylglycerol metabolic process	biological_process	6	2593	76	31285	0.95	6.099e-01	9.472e-01		LOC120022261,LOC120023754,LOC120028030,LOC120045774,LOC120048367,apoc2
GO:0006638	neutral lipid metabolic process	biological_process	6	2593	76	31285	0.95	6.099e-01	9.472e-01	Y	LOC120022261,LOC120023754,LOC120028030,LOC120045774,LOC120048367,apoc2
GO:0048232	male gamete generation	biological_process	6	2593	76	31285	0.95	6.099e-01	9.472e-01		LOC120024223,LOC120024827,LOC120044003,LOC120052221,spata6l,zglp1
GO:0046496	nicotinamide nucleotide metabolic process	biological_process	9	2593	114	31285	0.95	6.100e-01	9.472e-01		LOC120024980,LOC120028781,LOC120032167,LOC120033373,LOC120051245,gpia,pfkpa,pgd,pklr
GO:0008076	voltage-gated potassium channel complex	cellular_component	9	2593	114	31285	0.95	6.100e-01	9.472e-01		LOC120023372,LOC120031838,LOC120040195,LOC120043570,LOC120044062,LOC120056459,LOC120059740,LOC120060854,si:dkey-43k4.5
GO:0015075	monoatomic ion transmembrane transporter activity	molecular_function	98	2593	1210	31285	0.98	6.118e-01	9.472e-01		LOC120017401,LOC120019936,LOC120020076,LOC120021676,LOC120021849,LOC120023241,LOC120023372,LOC120023380,LOC120024080,LOC120024696,LOC120024918,LOC120024960,LOC120025077,LOC120026501,LOC120026774,LOC120028812,LOC120028855,LOC120029323,LOC120029350,LOC120030936,LOC120031313,LOC120031556,LOC120031587,LOC120031811,LOC120031838
GO:0048285	organelle fission	biological_process	14	2593	177	31285	0.95	6.123e-01	9.472e-01		LOC120026988,LOC120036138,LOC120036166,LOC120041882,LOC120044003,LOC120047331,LOC120050044,LOC120065935,eme1,fancd2,kif20bb,mzt1,ndel1b,zgc:153846
GO:0045216	cell-cell junction organization	biological_process	14	2593	177	31285	0.95	6.123e-01	9.472e-01		LOC120021513,LOC120025359,LOC120027654,LOC120028538,LOC120035933,LOC120037245,LOC120048086,LOC120048143,LOC120049991,LOC120051549,LOC120052362,LOC120055959,LOC120058746,tjp1a
GO:0016798	hydrolase activity, acting on glycosyl bonds	molecular_function	12	2593	152	31285	0.95	6.128e-01	9.472e-01		LOC120018089,LOC120025509,LOC120026096,LOC120033396,LOC120041097,LOC120048861,LOC120051110,LOC120052860,LOC120058290,LOC120062434,ctbs,idua
GO:0120543	macromolecular conformation isomerase activity	molecular_function	25	2593	314	31285	0.96	6.134e-01	9.472e-01		LOC120019678,LOC120019826,LOC120023431,LOC120024699,LOC120026988,LOC120030140,LOC120031210,LOC120032210,LOC120045246,LOC120047270,LOC120049846,LOC120051407,LOC120052979,LOC120052988,LOC120054602,LOC120064850,LOC120065617,ddx39ab,dnah2,eif4a2,kif20bb,kif28,myo1ha,myo5aa,ruvbl2
GO:0043085	positive regulation of catalytic activity	biological_process	36	2593	450	31285	0.97	6.134e-01	9.472e-01		LOC120020583,LOC120021788,LOC120023181,LOC120024896,LOC120024931,LOC120028901,LOC120031671,LOC120032502,LOC120032526,LOC120032527,LOC120032684,LOC120033559,LOC120034531,LOC120037053,LOC120041011,LOC120045786,LOC120046317,LOC120048399,LOC120050364,LOC120050602,LOC120053194,LOC120054283,LOC120055680,LOC120064691,LOC120066476
GO:0030139	endocytic vesicle	cellular_component	7	2593	89	31285	0.95	6.134e-01	9.472e-01		LOC120044681,LOC120045713,LOC120045843,LOC120047812,LOC120048618,LOC120060502,rab38b
GO:0070647	protein modification by small protein conjugation or removal	biological_process	59	2593	733	31285	0.97	6.137e-01	9.472e-01		LOC120020583,LOC120021394,LOC120021774,LOC120024020,LOC120024073,LOC120024093,LOC120024777,LOC120026428,LOC120026446,LOC120026808,LOC120028578,LOC120029958,LOC120029979,LOC120031219,LOC120031752,LOC120032342,LOC120032610,LOC120033051,LOC120033533,LOC120033563,LOC120033765,LOC120034787,LOC120035140,LOC120036650,LOC120037614
GO:0045202	synapse	cellular_component	76	2593	942	31285	0.97	6.159e-01	9.472e-01		LOC120017751,LOC120020067,LOC120020198,LOC120020322,LOC120021676,LOC120023137,LOC120024345,LOC120025042,LOC120025932,LOC120026501,LOC120026774,LOC120029532,LOC120031313,LOC120031587,LOC120032050,LOC120032669,LOC120032946,LOC120033207,LOC120033233,LOC120033956,LOC120034738,LOC120036120,LOC120037100,LOC120041950,LOC120044006
GO:0009891	positive regulation of biosynthetic process	biological_process	68	2593	844	31285	0.97	6.161e-01	9.472e-01		LOC120018777,LOC120020561,LOC120022634,LOC120023046,LOC120023754,LOC120024099,LOC120024201,LOC120027231,LOC120028030,LOC120028617,LOC120029193,LOC120030220,LOC120031042,LOC120031239,LOC120032589,LOC120032598,LOC120032924,LOC120033014,LOC120033139,LOC120033262,LOC120033551,LOC120034476,LOC120034797,LOC120037513,LOC120040917
GO:0001558	regulation of cell growth	biological_process	8	2593	102	31285	0.95	6.170e-01	9.472e-01	Y	LOC120023320,LOC120032502,LOC120032586,LOC120035048,LOC120048082,LOC120048423,LOC120056015,LOC120061462
GO:0030010	establishment of cell polarity	biological_process	4	2593	51	31285	0.95	6.196e-01	9.472e-01		LOC120020663,LOC120041882,LOC120056015,ndel1b
GO:0004993	G protein-coupled serotonin receptor activity	molecular_function	4	2593	51	31285	0.95	6.196e-01	9.472e-01		LOC120024226,LOC120029673,LOC120054611,LOC120061595
GO:0048562	embryonic organ morphogenesis	biological_process	4	2593	51	31285	0.95	6.196e-01	9.472e-01		LOC120031239,LOC120053527,LOC120054283,hoxa2b
GO:1901682	sulfur compound transmembrane transporter activity	molecular_function	4	2593	51	31285	0.95	6.196e-01	9.472e-01		LOC120018572,LOC120020076,LOC120037234,slc25a19
GO:0010951	negative regulation of endopeptidase activity	biological_process	4	2593	51	31285	0.95	6.196e-01	9.472e-01		LOC120041558,LOC120049289,LOC120049327,LOC120053664
GO:0140662	ATP-dependent protein folding chaperone	molecular_function	4	2593	51	31285	0.95	6.196e-01	9.472e-01		LOC120032162,LOC120034057,LOC120058342,trap1
GO:0046328	regulation of JNK cascade	biological_process	4	2593	51	31285	0.95	6.196e-01	9.472e-01		LOC120021774,LOC120033051,LOC120042872,traf6
GO:0051057	positive regulation of small GTPase mediated signal transduction	biological_process	4	2593	51	31285	0.95	6.196e-01	9.472e-01		LOC120026236,LOC120049917,LOC120050823,p2ry10
GO:0038023	signaling receptor activity	molecular_function	153	2593	1884	31285	0.98	6.199e-01	9.472e-01		LOC120017433,LOC120017784,LOC120017824,LOC120018062,LOC120018289,LOC120018585,LOC120018595,LOC120018605,LOC120019674,LOC120020067,LOC120020322,LOC120020538,LOC120020649,LOC120021676,LOC120021872,LOC120023181,LOC120023737,LOC120023889,LOC120024226,LOC120024349,LOC120024703,LOC120024881,LOC120024896,LOC120025932,LOC120026236
GO:0060089	molecular transducer activity	molecular_function	153	2593	1884	31285	0.98	6.199e-01	9.472e-01		LOC120017433,LOC120017784,LOC120017824,LOC120018062,LOC120018289,LOC120018585,LOC120018595,LOC120018605,LOC120019674,LOC120020067,LOC120020322,LOC120020538,LOC120020649,LOC120021676,LOC120021872,LOC120023181,LOC120023737,LOC120023889,LOC120024226,LOC120024349,LOC120024703,LOC120024881,LOC120024896,LOC120025932,LOC120026236
GO:0030527	structural constituent of chromatin	molecular_function	3	2593	38	31285	0.95	6.202e-01	9.472e-01		LOC120017900,LOC120037149,LOC120059566
GO:0000175	3'-5'-RNA exonuclease activity	molecular_function	3	2593	38	31285	0.95	6.202e-01	9.472e-01		LOC120046600,angel1,angel2
GO:0005227	calcium-activated cation channel activity	molecular_function	3	2593	38	31285	0.95	6.202e-01	9.472e-01		LOC120040198,LOC120043570,tmem63c
GO:0010494	cytoplasmic stress granule	cellular_component	3	2593	38	31285	0.95	6.202e-01	9.472e-01		LOC120030140,LOC120046454,eif4a2
GO:0015036	disulfide oxidoreductase activity	molecular_function	3	2593	38	31285	0.95	6.202e-01	9.472e-01		LOC120032387,LOC120045537,txnrd2.2
GO:0002028	regulation of sodium ion transport	biological_process	3	2593	38	31285	0.95	6.202e-01	9.472e-01	Y	LOC120024458,LOC120066365,nkain1
GO:0007212	G protein-coupled dopamine receptor signaling pathway	biological_process	3	2593	38	31285	0.95	6.202e-01	9.472e-01		LOC120024702,LOC120033549,drd2a
GO:1903350	response to dopamine	biological_process	3	2593	38	31285	0.95	6.202e-01	9.472e-01		LOC120024702,LOC120033549,drd2a
GO:1903351	cellular response to dopamine	biological_process	3	2593	38	31285	0.95	6.202e-01	9.472e-01		LOC120024702,LOC120033549,drd2a
GO:0071867	response to monoamine	biological_process	3	2593	38	31285	0.95	6.202e-01	9.472e-01		LOC120024702,LOC120033549,drd2a
GO:0071868	cellular response to monoamine stimulus	biological_process	3	2593	38	31285	0.95	6.202e-01	9.472e-01		LOC120024702,LOC120033549,drd2a
GO:0071869	response to catecholamine	biological_process	3	2593	38	31285	0.95	6.202e-01	9.472e-01		LOC120024702,LOC120033549,drd2a
GO:0071870	cellular response to catecholamine stimulus	biological_process	3	2593	38	31285	0.95	6.202e-01	9.472e-01		LOC120024702,LOC120033549,drd2a
GO:0070161	anchoring junction	cellular_component	44	2593	550	31285	0.97	6.204e-01	9.472e-01		LOC120020663,LOC120021513,LOC120021739,LOC120022007,LOC120023504,LOC120024224,LOC120025359,LOC120027654,LOC120028082,LOC120028229,LOC120028538,LOC120032589,LOC120034378,LOC120034514,LOC120035147,LOC120035933,LOC120037245,LOC120038353,LOC120042309,LOC120044381,LOC120045384,LOC120047140,LOC120047143,LOC120047357,LOC120048086
GO:0070646	protein modification by small protein removal	biological_process	16	2593	203	31285	0.95	6.205e-01	9.472e-01		LOC120021394,LOC120026428,LOC120028578,LOC120029979,LOC120033533,LOC120036650,LOC120047954,LOC120049358,LOC120051406,LOC120055128,LOC120059594,LOC120060716,LOC120061494,mindy4,usp25,usp40
GO:0072657	protein localization to membrane	biological_process	18	2593	228	31285	0.95	6.206e-01	9.472e-01		LOC120032586,LOC120032946,LOC120033137,LOC120034193,LOC120046321,LOC120046594,LOC120048677,LOC120049117,LOC120049991,LOC120050074,LOC120050097,LOC120051049,LOC120053945,LOC120060868,LOC120060929,LOC120065434,arhgap44a,cracr2b
GO:0098813	nuclear chromosome segregation	biological_process	9	2593	115	31285	0.94	6.206e-01	9.472e-01		LOC120026988,LOC120036138,LOC120036166,LOC120050044,LOC120065935,fancd2,kif20bb,mzt1,zgc:153846
GO:0007033	vacuole organization	biological_process	9	2593	115	31285	0.94	6.206e-01	9.472e-01		LOC120025225,LOC120031083,LOC120031328,LOC120046083,LOC120051331,LOC120060502,cln3,map1lc3a,rab38b
GO:0019955	cytokine binding	molecular_function	5	2593	64	31285	0.94	6.207e-01	9.472e-01		LOC120027902,LOC120028082,LOC120032980,LOC120047586,cd74a
GO:0016323	basolateral plasma membrane	cellular_component	5	2593	64	31285	0.94	6.207e-01	9.472e-01		LOC120019936,LOC120031421,LOC120034039,LOC120049117,aqp7
GO:0000045	autophagosome assembly	biological_process	5	2593	64	31285	0.94	6.207e-01	9.472e-01		LOC120031083,LOC120031328,LOC120046083,LOC120051331,map1lc3a
GO:0034330	cell junction organization	biological_process	27	2593	340	31285	0.96	6.210e-01	9.472e-01		LOC120021513,LOC120025359,LOC120025932,LOC120027654,LOC120028538,LOC120034351,LOC120035933,LOC120037245,LOC120044650,LOC120047537,LOC120048086,LOC120048143,LOC120049964,LOC120049991,LOC120050074,LOC120050097,LOC120051549,LOC120052362,LOC120055959,LOC120056781,LOC120058746,LOC120060579,LOC120060929,LOC120062135,arhgap44a
GO:0051726	regulation of cell cycle	biological_process	32	2593	402	31285	0.96	6.213e-01	9.472e-01		LOC120019248,LOC120019313,LOC120022294,LOC120022971,LOC120024463,LOC120025722,LOC120032610,LOC120032951,LOC120035109,LOC120037027,LOC120044542,LOC120046317,LOC120046350,LOC120047536,LOC120047954,LOC120049937,LOC120050364,LOC120051461,LOC120051883,LOC120055871,LOC120063176,ankk1,bora,cdk5r2a,cep131
GO:0016279	protein-lysine N-methyltransferase activity	molecular_function	6	2593	77	31285	0.94	6.228e-01	9.479e-01		LOC120022441,LOC120036107,LOC120040364,LOC120047221,LOC120050980,LOC120060142
GO:0016278	lysine N-methyltransferase activity	molecular_function	6	2593	77	31285	0.94	6.228e-01	9.479e-01		LOC120022441,LOC120036107,LOC120040364,LOC120047221,LOC120050980,LOC120060142
GO:0045055	regulated exocytosis	biological_process	10	2593	128	31285	0.94	6.241e-01	9.479e-01		LOC120034026,LOC120049373,LOC120049375,LOC120052904,LOC120056443,LOC120059165,LOC120062699,cplx4a,rims1b,rims2a
GO:0031252	cell leading edge	cellular_component	10	2593	128	31285	0.94	6.241e-01	9.479e-01		LOC120028326,LOC120031838,LOC120033207,LOC120044552,LOC120048461,LOC120056459,LOC120060854,LOC120061883,arhgap44a,sh3yl1
GO:0009165	nucleotide biosynthetic process	biological_process	17	2593	216	31285	0.95	6.243e-01	9.479e-01		LOC120020563,LOC120027373,LOC120032167,LOC120032464,LOC120033373,LOC120034173,LOC120034662,LOC120034669,LOC120044533,LOC120046375,LOC120048037,LOC120050824,LOC120051214,LOC120051245,LOC120051398,LOC120061001,LOC120061070
GO:0051258	protein polymerization	biological_process	7	2593	90	31285	0.94	6.253e-01	9.479e-01		LOC120034014,LOC120036138,LOC120041882,LOC120051397,LOC120053944,mzt1,ndel1b
GO:1990573	potassium ion import across plasma membrane	biological_process	7	2593	90	31285	0.94	6.253e-01	9.479e-01		LOC120024960,LOC120029350,LOC120043863,LOC120044680,LOC120050102,kcnj19b,slc24a5
GO:0016407	acetyltransferase activity	molecular_function	7	2593	90	31285	0.94	6.253e-01	9.479e-01		LOC120021369,LOC120044556,LOC120045988,LOC120049828,LOC120050597,LOC120056583,nat9
GO:0042254	ribosome biogenesis	biological_process	23	2593	291	31285	0.95	6.254e-01	9.479e-01		LOC120017459,LOC120018286,LOC120018359,LOC120021648,LOC120029014,LOC120042831,LOC120048439,LOC120048502,LOC120048678,LOC120049493,LOC120049967,LOC120049995,LOC120055032,LOC120061987,LOC120063133,LOC120064971,exosc8,mphosph6,mrps7,ngdn,riok1,rrp15,tbl3
GO:0033674	positive regulation of kinase activity	biological_process	13	2593	166	31285	0.94	6.257e-01	9.479e-01		LOC120023181,LOC120024896,LOC120031671,LOC120032502,LOC120032526,LOC120032527,LOC120032684,LOC120033559,LOC120034531,LOC120053194,LOC120054283,bora,cdk5r2a
GO:0016791	phosphatase activity	molecular_function	40	2593	502	31285	0.96	6.271e-01	9.495e-01		LOC120020950,LOC120021292,LOC120023754,LOC120023827,LOC120024698,LOC120025041,LOC120025225,LOC120025825,LOC120026854,LOC120028030,LOC120028326,LOC120029007,LOC120031120,LOC120031422,LOC120031800,LOC120032507,LOC120032535,LOC120033188,LOC120033554,LOC120034214,LOC120034790,LOC120034922,LOC120038717,LOC120040861,LOC120045843
GO:0003777	microtubule motor activity	molecular_function	8	2593	103	31285	0.94	6.281e-01	9.504e-01		LOC120031210,LOC120032210,LOC120045246,LOC120049846,LOC120054602,dnah2,kif20bb,kif28
GO:0043687	post-translational protein modification	biological_process	60	2593	749	31285	0.97	6.294e-01	9.512e-01		LOC120020583,LOC120021394,LOC120021774,LOC120024020,LOC120024073,LOC120024093,LOC120024777,LOC120026428,LOC120026446,LOC120026808,LOC120028578,LOC120029958,LOC120029979,LOC120031083,LOC120031219,LOC120031752,LOC120032342,LOC120032610,LOC120033051,LOC120033533,LOC120033563,LOC120033765,LOC120034787,LOC120035140,LOC120036650
GO:0007186	G protein-coupled receptor signaling pathway	biological_process	100	2593	1240	31285	0.97	6.302e-01	9.512e-01		LOC120018585,LOC120018595,LOC120018605,LOC120019203,LOC120019674,LOC120020067,LOC120020322,LOC120020538,LOC120020649,LOC120023737,LOC120023889,LOC120024226,LOC120024349,LOC120024702,LOC120024703,LOC120024881,LOC120024931,LOC120026236,LOC120027241,LOC120029213,LOC120029673,LOC120029877,LOC120030016,LOC120030431,LOC120030906
GO:0065009	regulation of molecular function	biological_process	69	2593	860	31285	0.97	6.308e-01	9.512e-01		LOC120020583,LOC120021788,LOC120023181,LOC120024896,LOC120024931,LOC120025545,LOC120028901,LOC120031347,LOC120031616,LOC120031671,LOC120032502,LOC120032517,LOC120032526,LOC120032527,LOC120032684,LOC120033559,LOC120033703,LOC120033963,LOC120034351,LOC120034531,LOC120037053,LOC120040412,LOC120041011,LOC120041558,LOC120044048
GO:0099504	synaptic vesicle cycle	biological_process	12	2593	154	31285	0.94	6.310e-01	9.512e-01		LOC120025932,LOC120041950,LOC120045871,LOC120049373,LOC120052904,LOC120056477,LOC120062135,LOC120062438,LOC120062699,cplx4a,rims1b,rims2a
GO:0099003	vesicle-mediated transport in synapse	biological_process	12	2593	154	31285	0.94	6.310e-01	9.512e-01		LOC120025932,LOC120041950,LOC120045871,LOC120049373,LOC120052904,LOC120056477,LOC120062135,LOC120062438,LOC120062699,cplx4a,rims1b,rims2a
GO:0036464	cytoplasmic ribonucleoprotein granule	cellular_component	12	2593	154	31285	0.94	6.310e-01	9.512e-01		LOC120019548,LOC120022442,LOC120024859,LOC120026950,LOC120030140,LOC120044165,LOC120046454,LOC120049662,LOC120051407,LOC120065617,LOC120066515,eif4a2
GO:0019207	kinase regulator activity	molecular_function	19	2593	242	31285	0.95	6.316e-01	9.516e-01		LOC120025046,LOC120028988,LOC120032250,LOC120032684,LOC120032876,LOC120034061,LOC120034795,LOC120041464,LOC120048268,LOC120049937,LOC120050047,LOC120051399,LOC120055905,LOC120056015,ccna1,cdk5r2a,cdkn2a/b,cdkn2d,sh3bp5lb
GO:0061629	RNA polymerase II-specific DNA-binding transcription factor binding	molecular_function	5	2593	65	31285	0.93	6.346e-01	9.520e-01		LOC120027037,LOC120032499,LOC120033116,LOC120034795,LOC120036303
GO:0072583	clathrin-dependent endocytosis	biological_process	4	2593	52	31285	0.93	6.350e-01	9.520e-01		LOC120041950,LOC120047812,LOC120052902,LOC120062438
GO:1901873	regulation of post-translational protein modification	biological_process	4	2593	52	31285	0.93	6.350e-01	9.520e-01		LOC120020583,LOC120032191,dcun1d1,fzr1b
GO:1903320	regulation of protein modification by small protein conjugation or removal	biological_process	4	2593	52	31285	0.93	6.350e-01	9.520e-01		LOC120020583,LOC120032191,dcun1d1,fzr1b
GO:0071805	potassium ion transmembrane transport	biological_process	20	2593	255	31285	0.95	6.351e-01	9.520e-01		LOC120023241,LOC120023372,LOC120024960,LOC120028855,LOC120029350,LOC120031838,LOC120032764,LOC120035038,LOC120043863,LOC120044062,LOC120044680,LOC120044885,LOC120045870,LOC120050102,LOC120056459,LOC120059740,LOC120060854,kcnj19b,si:dkey-43k4.5,slc24a5
GO:1901880	negative regulation of protein depolymerization	biological_process	6	2593	78	31285	0.93	6.354e-01	9.520e-01		LOC120020510,LOC120023518,LOC120048421,LOC120052616,LOC120052905,LOC120053522
GO:0008023	transcription elongation factor complex	cellular_component	6	2593	78	31285	0.93	6.354e-01	9.520e-01		LOC120028545,LOC120039068,LOC120046324,LOC120049782,LOC120055750,eaf1
GO:0009261	ribonucleotide catabolic process	biological_process	6	2593	78	31285	0.93	6.354e-01	9.520e-01		LOC120024980,LOC120028781,LOC120054062,gpia,pfkpa,pklr
GO:0009154	purine ribonucleotide catabolic process	biological_process	6	2593	78	31285	0.93	6.354e-01	9.520e-01		LOC120024980,LOC120028781,LOC120054062,gpia,pfkpa,pklr
GO:1903047	mitotic cell cycle process	biological_process	26	2593	330	31285	0.95	6.360e-01	9.521e-01		LOC120019677,LOC120020950,LOC120022294,LOC120022971,LOC120024463,LOC120032210,LOC120032951,LOC120036138,LOC120041882,LOC120047536,LOC120049846,LOC120049937,LOC120050044,LOC120050356,LOC120051461,LOC120055871,LOC120055905,LOC120062708,LOC120065935,ccna1,eme1,fancd2,kif20bb,mzt1,ndel1b
GO:0022625	cytosolic large ribosomal subunit	cellular_component	7	2593	91	31285	0.93	6.370e-01	9.521e-01		LOC120034438,LOC120040891,LOC120042831,LOC120050159,LOC120055534,LOC120061384,LOC120063133
GO:0019752	carboxylic acid metabolic process	biological_process	45	2593	566	31285	0.96	6.380e-01	9.521e-01		LOC120017969,LOC120020725,LOC120023534,LOC120023754,LOC120024269,LOC120024592,LOC120024893,LOC120024980,LOC120028030,LOC120028089,LOC120028781,LOC120028813,LOC120029925,LOC120031887,LOC120032048,LOC120032824,LOC120033335,LOC120033928,LOC120034530,LOC120035040,LOC120035101,LOC120035180,LOC120039976,LOC120041848,LOC120041865
GO:0006446	regulation of translational initiation	biological_process	3	2593	39	31285	0.93	6.380e-01	9.521e-01		LOC120047885,mif4gdb,paip2b
GO:0000281	mitotic cytokinesis	biological_process	3	2593	39	31285	0.93	6.380e-01	9.521e-01		LOC120022971,LOC120050356,rock2a
GO:0001726	ruffle	cellular_component	3	2593	39	31285	0.93	6.380e-01	9.521e-01		LOC120028326,LOC120048461,sh3yl1
GO:0015291	secondary active transmembrane transporter activity	molecular_function	23	2593	293	31285	0.95	6.386e-01	9.521e-01		LOC120018572,LOC120019936,LOC120020076,LOC120024080,LOC120024960,LOC120028812,LOC120031811,LOC120033247,LOC120034039,LOC120037234,LOC120041002,LOC120041070,LOC120045871,LOC120047927,LOC120050593,LOC120050825,LOC120052219,LOC120055206,LOC120064722,slc1a2a,slc24a5,slc8a2b,slc9a1a
GO:1902850	microtubule cytoskeleton organization involved in mitosis	biological_process	8	2593	104	31285	0.93	6.390e-01	9.521e-01		LOC120032210,LOC120036138,LOC120041882,LOC120049846,LOC120065935,kif20bb,mzt1,ndel1b
GO:0003018	vascular process in circulatory system	biological_process	8	2593	104	31285	0.93	6.390e-01	9.521e-01		LOC120023737,LOC120024881,LOC120025359,LOC120029673,LOC120049071,LOC120053053,LOC120054611,tjp1a
GO:0006575	modified amino acid metabolic process	biological_process	12	2593	155	31285	0.93	6.400e-01	9.523e-01		LOC120024893,LOC120031483,LOC120031887,LOC120033335,LOC120034531,LOC120038056,LOC120053968,LOC120061980,LOC120062720,mthfs,sephs1,txnrd2.2
GO:0098798	mitochondrial protein-containing complex	cellular_component	12	2593	155	31285	0.93	6.400e-01	9.523e-01		LOC120032888,LOC120034492,LOC120034543,LOC120036195,LOC120045668,LOC120046306,LOC120047749,LOC120048765,LOC120054763,LOC120056966,LOC120060717,LOC120061152
GO:0043005	neuron projection	cellular_component	76	2593	949	31285	0.97	6.420e-01	9.548e-01		LOC120017751,LOC120020067,LOC120020322,LOC120021676,LOC120022308,LOC120024345,LOC120024841,LOC120026501,LOC120028812,LOC120029532,LOC120029673,LOC120030016,LOC120031838,LOC120031912,LOC120032432,LOC120032514,LOC120032586,LOC120032607,LOC120033198,LOC120033207,LOC120033462,LOC120033765,LOC120033956,LOC120034738,LOC120035097
GO:0006644	phospholipid metabolic process	biological_process	28	2593	356	31285	0.95	6.425e-01	9.549e-01	Y	LOC120028326,LOC120030466,LOC120031120,LOC120032022,LOC120032516,LOC120032634,LOC120032876,LOC120032954,LOC120033304,LOC120033534,LOC120033554,LOC120034061,LOC120034531,LOC120038717,LOC120040861,LOC120041464,LOC120045843,LOC120046036,LOC120047943,LOC120048800,LOC120050047,LOC120050811,LOC120056288,LOC120057283,LOC120062432
GO:0015931	nucleobase-containing compound transport	biological_process	10	2593	130	31285	0.93	6.437e-01	9.561e-01		LOC120019901,LOC120027915,LOC120032609,LOC120032888,LOC120059570,LOC120059580,LOC120062272,ddx39ab,nup85,tpra
GO:0015079	potassium ion transmembrane transporter activity	molecular_function	27	2593	344	31285	0.95	6.453e-01	9.579e-01		LOC120023241,LOC120023372,LOC120024960,LOC120026774,LOC120028855,LOC120029350,LOC120030936,LOC120031313,LOC120031587,LOC120031838,LOC120032764,LOC120035038,LOC120040195,LOC120043570,LOC120043863,LOC120044062,LOC120044680,LOC120044885,LOC120045870,LOC120050102,LOC120052219,LOC120056459,LOC120059740,LOC120060854,kcnj19b
GO:0006915	apoptotic process	biological_process	19	2593	244	31285	0.94	6.459e-01	9.583e-01		LOC120022305,LOC120027255,LOC120028831,LOC120034187,LOC120034479,LOC120034795,LOC120041248,LOC120044673,LOC120045028,LOC120048604,LOC120049963,LOC120051698,LOC120058342,LOC120059053,LOC120059075,LOC120059167,LOC120063839,mcl1b,plekho2
GO:0140297	DNA-binding transcription factor binding	molecular_function	6	2593	79	31285	0.92	6.478e-01	9.585e-01		LOC120027037,LOC120032499,LOC120033116,LOC120034795,LOC120036303,crtc3
GO:0005923	bicellular tight junction	cellular_component	7	2593	92	31285	0.92	6.485e-01	9.585e-01		LOC120020663,LOC120021513,LOC120025359,LOC120028538,LOC120035933,LOC120037245,tjp1a
GO:0031400	negative regulation of protein modification process	biological_process	7	2593	92	31285	0.92	6.485e-01	9.585e-01		LOC120028326,LOC120033703,LOC120048268,LOC120048766,prkn,ptprc,sh3bp5lb
GO:0120025	plasma membrane bounded cell projection	cellular_component	108	2593	1344	31285	0.97	6.491e-01	9.585e-01		LOC120017751,LOC120019718,LOC120020067,LOC120020322,LOC120021676,LOC120022308,LOC120022770,LOC120023616,LOC120024223,LOC120024345,LOC120024841,LOC120025642,LOC120026473,LOC120026501,LOC120028326,LOC120028812,LOC120029532,LOC120029673,LOC120030016,LOC120031838,LOC120031912,LOC120032432,LOC120032514,LOC120032586,LOC120032607
GO:0019888	protein phosphatase regulator activity	molecular_function	8	2593	105	31285	0.92	6.497e-01	9.585e-01		LOC120025121,LOC120032996,LOC120033162,LOC120033582,LOC120033924,LOC120044362,LOC120046598,ensab
GO:0120013	lipid transfer activity	molecular_function	4	2593	53	31285	0.91	6.501e-01	9.585e-01	Y	LOC120028853,LOC120032611,LOC120048357,LOC120065574
GO:0032281	AMPA glutamate receptor complex	cellular_component	4	2593	53	31285	0.91	6.501e-01	9.585e-01		LOC120044423,LOC120044552,LOC120044647,LOC120047712
GO:0097191	extrinsic apoptotic signaling pathway	biological_process	4	2593	53	31285	0.91	6.501e-01	9.585e-01		LOC120022305,LOC120034479,LOC120048604,mcl1b
GO:0005905	clathrin-coated pit	cellular_component	4	2593	53	31285	0.91	6.501e-01	9.585e-01		LOC120045713,LOC120047812,LOC120052902,LOC120062438
GO:0044087	regulation of cellular component biogenesis	biological_process	27	2593	345	31285	0.94	6.513e-01	9.585e-01		LOC120020510,LOC120022634,LOC120024033,LOC120024345,LOC120029007,LOC120031042,LOC120031943,LOC120033111,LOC120033210,LOC120033233,LOC120033304,LOC120034162,LOC120035147,LOC120037027,LOC120048421,LOC120049662,LOC120049915,LOC120051453,LOC120052616,LOC120052905,LOC120053128,LOC120053522,LOC120055337,LOC120058208,LOC120062569
GO:0098876	vesicle-mediated transport to the plasma membrane	biological_process	9	2593	118	31285	0.92	6.514e-01	9.585e-01		LOC120052681,LOC120058289,LOC120058290,LOC120062346,LOC120065434,arhgap44a,cracr2b,vps50,vps52
GO:0055082	intracellular chemical homeostasis	biological_process	23	2593	295	31285	0.94	6.515e-01	9.585e-01		LOC120019936,LOC120020649,LOC120026150,LOC120028089,LOC120031263,LOC120031811,LOC120032769,LOC120033782,LOC120034039,LOC120034052,LOC120051050,LOC120051648,LOC120051696,LOC120052219,LOC120052310,LOC120052569,LOC120053451,LOC120058208,LOC120064860,cln3,pck1,slc24a5,slc39a13
GO:0000149	SNARE binding	molecular_function	16	2593	207	31285	0.93	6.516e-01	9.585e-01		LOC120024345,LOC120031497,LOC120032572,LOC120034026,LOC120048162,LOC120048708,LOC120049373,LOC120049375,LOC120052904,LOC120056443,LOC120062271,LOC120062699,cplx4a,exoc3l2b,vps50,vps52
GO:0008324	monoatomic cation transmembrane transporter activity	molecular_function	77	2593	964	31285	0.96	6.518e-01	9.585e-01		LOC120017401,LOC120021849,LOC120023241,LOC120023372,LOC120023380,LOC120024080,LOC120024696,LOC120024960,LOC120026774,LOC120028812,LOC120028855,LOC120029350,LOC120030936,LOC120031313,LOC120031556,LOC120031587,LOC120031811,LOC120031838,LOC120032256,LOC120032764,LOC120032827,LOC120032870,LOC120033247,LOC120033462,LOC120034052
GO:0060627	regulation of vesicle-mediated transport	biological_process	14	2593	182	31285	0.93	6.540e-01	9.585e-01		LOC120031836,LOC120034026,LOC120034246,LOC120035147,LOC120041637,LOC120045843,LOC120046321,LOC120048677,LOC120049373,LOC120049375,LOC120050139,LOC120055773,LOC120056443,cracr2b
GO:0030054	cell junction	cellular_component	120	2593	1493	31285	0.97	6.547e-01	9.585e-01		LOC120017751,LOC120020067,LOC120020198,LOC120020322,LOC120020663,LOC120021513,LOC120021676,LOC120021739,LOC120022007,LOC120023137,LOC120023504,LOC120024224,LOC120024345,LOC120025042,LOC120025359,LOC120025932,LOC120026501,LOC120026774,LOC120027654,LOC120028082,LOC120028229,LOC120028538,LOC120029154,LOC120029532,LOC120031313
GO:0005730	nucleolus	cellular_component	22	2593	283	31285	0.94	6.550e-01	9.585e-01		LOC120017459,LOC120024164,LOC120029767,LOC120031419,LOC120031944,LOC120035145,LOC120047785,LOC120048502,LOC120048604,LOC120048640,LOC120049493,LOC120055032,LOC120058182,LOC120061987,LOC120063861,LOC120064971,ngdn,npm2a,polr2h,rnf213a,rnf213b,tbl3
GO:0019674	NAD+ metabolic process	biological_process	3	2593	40	31285	0.9	6.552e-01	9.585e-01		LOC120032167,LOC120033373,LOC120051245
GO:0030322	stabilization of membrane potential	biological_process	3	2593	40	31285	0.9	6.552e-01	9.585e-01		LOC120023241,LOC120028855,LOC120045870
GO:0030203	glycosaminoglycan metabolic process	biological_process	3	2593	40	31285	0.9	6.552e-01	9.585e-01		LOC120018827,LOC120046335,LOC120065090
GO:0035250	UDP-galactosyltransferase activity	molecular_function	3	2593	40	31285	0.9	6.552e-01	9.585e-01		LOC120032466,LOC120052222,LOC120062522
GO:0008378	galactosyltransferase activity	molecular_function	3	2593	40	31285	0.9	6.552e-01	9.585e-01		LOC120032466,LOC120052222,LOC120062522
GO:0080008	Cul4-RING E3 ubiquitin ligase complex	cellular_component	3	2593	40	31285	0.9	6.552e-01	9.585e-01		LOC120051919,dcaf11,dda1
GO:0030334	regulation of cell migration	biological_process	23	2593	296	31285	0.94	6.579e-01	9.594e-01		LOC120022634,LOC120024359,LOC120031042,LOC120032526,LOC120032527,LOC120032924,LOC120033262,LOC120035048,LOC120040412,LOC120040917,LOC120042248,LOC120048423,LOC120048664,LOC120049360,LOC120050049,LOC120059053,LOC120059075,LOC120062350,LOC120062766,LOC120062892,fgf7,plxnb2a.3,sst6
GO:0008528	G protein-coupled peptide receptor activity	molecular_function	16	2593	208	31285	0.93	6.592e-01	9.594e-01		LOC120020067,LOC120020538,LOC120020649,LOC120023737,LOC120024881,LOC120026236,LOC120030016,LOC120031803,LOC120032432,LOC120038986,LOC120049071,LOC120049205,LOC120049759,LOC120051141,LOC120053053,LOC120055298
GO:1905360	GTPase complex	cellular_component	7	2593	93	31285	0.91	6.597e-01	9.594e-01		LOC120024702,LOC120033549,LOC120034227,LOC120034244,LOC120051882,LOC120061057,rragca
GO:0044770	cell cycle phase transition	biological_process	6	2593	80	31285	0.9	6.599e-01	9.594e-01		LOC120019677,LOC120020950,LOC120049937,LOC120055905,LOC120062708,ccna1
GO:0044772	mitotic cell cycle phase transition	biological_process	6	2593	80	31285	0.9	6.599e-01	9.594e-01		LOC120019677,LOC120020950,LOC120049937,LOC120055905,LOC120062708,ccna1
GO:0003697	single-stranded DNA binding	molecular_function	6	2593	80	31285	0.9	6.599e-01	9.594e-01		LOC120028892,LOC120045784,LOC120048860,LOC120065158,ercc1,terfa
GO:1990351	transporter complex	cellular_component	32	2593	409	31285	0.94	6.602e-01	9.594e-01		LOC120017775,LOC120021676,LOC120021849,LOC120023372,LOC120023380,LOC120026501,LOC120026774,LOC120030854,LOC120031313,LOC120031587,LOC120031838,LOC120032222,LOC120033462,LOC120034052,LOC120034271,LOC120034351,LOC120040195,LOC120041637,LOC120043570,LOC120043934,LOC120044062,LOC120044423,LOC120044552,LOC120044647,LOC120046857
GO:1902904	negative regulation of supramolecular fiber organization	biological_process	8	2593	106	31285	0.91	6.603e-01	9.594e-01		LOC120020510,LOC120023518,LOC120029007,LOC120037027,LOC120048421,LOC120052616,LOC120052905,LOC120053522
GO:0043197	dendritic spine	cellular_component	8	2593	106	31285	0.91	6.603e-01	9.594e-01		LOC120037100,LOC120044423,LOC120044552,LOC120049662,LOC120066718,apba2b,arhgap44a,cracr2b
GO:0044309	neuron spine	cellular_component	8	2593	106	31285	0.91	6.603e-01	9.594e-01		LOC120037100,LOC120044423,LOC120044552,LOC120049662,LOC120066718,apba2b,arhgap44a,cracr2b
GO:0006821	chloride transport	biological_process	8	2593	106	31285	0.91	6.603e-01	9.594e-01		LOC120024960,LOC120025077,LOC120033207,LOC120034738,LOC120045785,LOC120061883,ano9b,slc24a5
GO:0051225	spindle assembly	biological_process	5	2593	67	31285	0.9	6.613e-01	9.594e-01		LOC120042708,LOC120051397,LOC120065935,kif20bb,mzt1
GO:0005201	extracellular matrix structural constituent	molecular_function	5	2593	67	31285	0.9	6.613e-01	9.594e-01		LOC120049072,LOC120053973,col11a2,col5a2b,lamb4
GO:0016859	cis-trans isomerase activity	molecular_function	5	2593	67	31285	0.9	6.613e-01	9.594e-01		LOC120019939,LOC120058927,ppie,ppih,ppil4
GO:0044281	small molecule metabolic process	biological_process	100	2593	1250	31285	0.97	6.623e-01	9.597e-01		LOC120017969,LOC120018089,LOC120018326,LOC120020563,LOC120020725,LOC120021227,LOC120021611,LOC120023192,LOC120023534,LOC120023754,LOC120023827,LOC120024269,LOC120024592,LOC120024698,LOC120024893,LOC120024980,LOC120025430,LOC120027373,LOC120028030,LOC120028089,LOC120028564,LOC120028781,LOC120028813,LOC120029796,LOC120029829
GO:0008203	cholesterol metabolic process	biological_process	4	2593	54	31285	0.89	6.647e-01	9.597e-01	Y	LOC120029796,LOC120035602,apoc2,zgc:92275
GO:0005104	fibroblast growth factor receptor binding	molecular_function	4	2593	54	31285	0.89	6.647e-01	9.597e-01	Y	LOC120032924,LOC120033262,LOC120049360,fgf7
GO:0051966	regulation of synaptic transmission, glutamatergic	biological_process	4	2593	54	31285	0.89	6.647e-01	9.597e-01		LOC120044647,LOC120045774,LOC120047712,grm6b
GO:0042562	hormone binding	molecular_function	4	2593	54	31285	0.89	6.647e-01	9.597e-01		LOC120020067,LOC120020649,LOC120038986,LOC120055298
GO:0006753	nucleoside phosphate metabolic process	biological_process	40	2593	510	31285	0.95	6.668e-01	9.597e-01		LOC120020563,LOC120021611,LOC120023827,LOC120024269,LOC120024980,LOC120025430,LOC120027373,LOC120028781,LOC120029829,LOC120032167,LOC120032464,LOC120032822,LOC120033373,LOC120033928,LOC120034173,LOC120034662,LOC120034669,LOC120035753,LOC120044533,LOC120046032,LOC120046331,LOC120046375,LOC120048037,LOC120050321,LOC120050824
GO:0015031	protein transport	biological_process	66	2593	833	31285	0.96	6.692e-01	9.597e-01		LOC120020088,LOC120021737,LOC120023396,LOC120024345,LOC120025169,LOC120025972,LOC120028225,LOC120029114,LOC120031975,LOC120032359,LOC120032572,LOC120032888,LOC120033566,LOC120033919,LOC120034246,LOC120036195,LOC120036379,LOC120040838,LOC120041350,LOC120042547,LOC120044647,LOC120045525,LOC120046321,LOC120046754,LOC120046857
GO:1904062	regulation of monoatomic cation transmembrane transport	biological_process	8	2593	107	31285	0.9	6.707e-01	9.597e-01		LOC120030672,LOC120033963,LOC120034574,LOC120044048,LOC120051405,LOC120051648,LOC120052310,LOC120066365
GO:0042157	lipoprotein metabolic process	biological_process	9	2593	120	31285	0.9	6.711e-01	9.597e-01	Y	LOC120026877,LOC120028919,LOC120031083,LOC120045579,LOC120050407,LOC120052819,LOC120058959,apoc2,zdhhc22
GO:0072524	pyridine-containing compound metabolic process	biological_process	9	2593	120	31285	0.9	6.711e-01	9.597e-01		LOC120024980,LOC120028781,LOC120032167,LOC120033373,LOC120051245,gpia,pfkpa,pgd,pklr
GO:0004553	hydrolase activity, hydrolyzing O-glycosyl compounds	molecular_function	9	2593	120	31285	0.9	6.711e-01	9.597e-01		LOC120018089,LOC120025509,LOC120026096,LOC120041097,LOC120048861,LOC120052860,LOC120062434,ctbs,idua
GO:0016746	acyltransferase activity	molecular_function	70	2593	883	31285	0.96	6.713e-01	9.597e-01		LOC120021369,LOC120021774,LOC120022261,LOC120022272,LOC120023137,LOC120024020,LOC120024073,LOC120024093,LOC120024592,LOC120024777,LOC120024893,LOC120026808,LOC120029958,LOC120031219,LOC120031752,LOC120032342,LOC120032610,LOC120032985,LOC120033402,LOC120033765,LOC120033928,LOC120034753,LOC120034787,LOC120035934,LOC120037614
GO:0022857	transmembrane transporter activity	molecular_function	151	2593	1879	31285	0.97	6.713e-01	9.597e-01		LOC120017401,LOC120017775,LOC120018572,LOC120018632,LOC120018777,LOC120019901,LOC120019936,LOC120020076,LOC120021676,LOC120021832,LOC120021849,LOC120022305,LOC120023241,LOC120023372,LOC120023380,LOC120024080,LOC120024696,LOC120024918,LOC120024960,LOC120025077,LOC120026501,LOC120026774,LOC120028812,LOC120028855,LOC120028937
GO:0022842	narrow pore channel activity	molecular_function	3	2593	41	31285	0.88	6.718e-01	9.597e-01		LOC120023241,LOC120028855,LOC120045870
GO:0022840	leak channel activity	molecular_function	3	2593	41	31285	0.88	6.718e-01	9.597e-01		LOC120023241,LOC120028855,LOC120045870
GO:0022841	potassium ion leak channel activity	molecular_function	3	2593	41	31285	0.88	6.718e-01	9.597e-01		LOC120023241,LOC120028855,LOC120045870
GO:0000077	DNA damage checkpoint signaling	biological_process	3	2593	41	31285	0.88	6.718e-01	9.597e-01		LOC120022294,eme1,fancd2
GO:0030099	myeloid cell differentiation	biological_process	3	2593	41	31285	0.88	6.718e-01	9.597e-01		LOC120027902,LOC120053918,cebp1
GO:0007224	smoothened signaling pathway	biological_process	3	2593	41	31285	0.88	6.718e-01	9.597e-01		LOC120038521,LOC120050733,LOC120059167
GO:0000407	phagophore assembly site	cellular_component	3	2593	41	31285	0.88	6.718e-01	9.597e-01		LOC120031083,LOC120046316,LOC120051331
GO:0005313	L-glutamate transmembrane transporter activity	molecular_function	3	2593	41	31285	0.88	6.718e-01	9.597e-01		LOC120033247,LOC120056477,slc1a2a
GO:0000819	sister chromatid segregation	biological_process	6	2593	81	31285	0.89	6.718e-01	9.597e-01		LOC120026988,LOC120036138,LOC120050044,LOC120065935,kif20bb,mzt1
GO:0090090	negative regulation of canonical Wnt signaling pathway	biological_process	6	2593	81	31285	0.89	6.718e-01	9.597e-01		LOC120017648,LOC120033560,LOC120033907,LOC120036447,LOC120048267,LOC120065673
GO:0007052	mitotic spindle organization	biological_process	6	2593	81	31285	0.89	6.718e-01	9.597e-01		LOC120032210,LOC120036138,LOC120049846,LOC120065935,kif20bb,mzt1
GO:0016079	synaptic vesicle exocytosis	biological_process	6	2593	81	31285	0.89	6.718e-01	9.597e-01		LOC120049373,LOC120052904,LOC120062699,cplx4a,rims1b,rims2a
GO:0016052	carbohydrate catabolic process	biological_process	6	2593	81	31285	0.89	6.718e-01	9.597e-01		LOC120023192,LOC120024980,LOC120028781,gpia,pfkpa,pklr
GO:0030834	regulation of actin filament depolymerization	biological_process	5	2593	68	31285	0.89	6.742e-01	9.614e-01		LOC120020510,LOC120048421,LOC120052616,LOC120052905,LOC120053522
GO:0008080	N-acetyltransferase activity	molecular_function	5	2593	68	31285	0.89	6.742e-01	9.614e-01		LOC120021369,LOC120044556,LOC120049828,LOC120050597,nat9
GO:0045787	positive regulation of cell cycle	biological_process	5	2593	68	31285	0.89	6.742e-01	9.614e-01		LOC120032610,LOC120049937,LOC120063176,cdk5r2a,rock2a
GO:0048193	Golgi vesicle transport	biological_process	27	2593	349	31285	0.93	6.746e-01	9.614e-01		LOC120018085,LOC120018151,LOC120022111,LOC120028889,LOC120029114,LOC120032359,LOC120036379,LOC120040838,LOC120041350,LOC120042547,LOC120043494,LOC120046336,LOC120048265,LOC120048677,LOC120049249,LOC120049409,LOC120058476,LOC120062271,LOC120062346,LOC120062523,LOC120065434,cracr2b,kdelr2b,lman1,sar1aa
GO:0006897	endocytosis	biological_process	25	2593	324	31285	0.93	6.755e-01	9.614e-01		LOC120021970,LOC120022351,LOC120023181,LOC120024896,LOC120025932,LOC120026877,LOC120027255,LOC120032998,LOC120039236,LOC120041950,LOC120042708,LOC120044647,LOC120044681,LOC120047712,LOC120047717,LOC120047812,LOC120048691,LOC120049373,LOC120052681,LOC120052902,LOC120060502,LOC120060897,LOC120062135,LOC120062438,rab38b
GO:2000026	regulation of multicellular organismal development	biological_process	28	2593	362	31285	0.93	6.771e-01	9.614e-01		LOC120019154,LOC120024359,LOC120025342,LOC120032389,LOC120032586,LOC120033111,LOC120033210,LOC120033233,LOC120035048,LOC120040412,LOC120040917,LOC120042248,LOC120044696,LOC120048423,LOC120048799,LOC120049289,LOC120050049,LOC120053888,LOC120059043,LOC120059492,LOC120060158,LOC120060834,LOC120061462,plxnb2a.3,si:ch211-243a20.4
GO:0120036	plasma membrane bounded cell projection organization	biological_process	63	2593	798	31285	0.95	6.773e-01	9.614e-01		LOC120022308,LOC120022415,LOC120022770,LOC120023487,LOC120023518,LOC120023616,LOC120024223,LOC120024841,LOC120029532,LOC120031835,LOC120031944,LOC120032388,LOC120032586,LOC120032632,LOC120032687,LOC120032794,LOC120033111,LOC120033173,LOC120033210,LOC120033233,LOC120033956,LOC120034014,LOC120035048,LOC120035097,LOC120035100
GO:0072522	purine-containing compound biosynthetic process	biological_process	18	2593	236	31285	0.92	6.783e-01	9.614e-01		LOC120029829,LOC120032167,LOC120033373,LOC120033928,LOC120034173,LOC120034662,LOC120034669,LOC120044533,LOC120046331,LOC120048037,LOC120050321,LOC120050824,LOC120051214,LOC120051245,LOC120061001,LOC120061070,acsl1a,ada2b
GO:0090101	negative regulation of transmembrane receptor protein serine/threonine kinase signaling pathway	biological_process	4	2593	55	31285	0.88	6.789e-01	9.614e-01		LOC120018249,LOC120027807,LOC120047586,nog2
GO:0001510	RNA methylation	biological_process	4	2593	55	31285	0.88	6.789e-01	9.614e-01		LOC120034407,LOC120036321,LOC120037503,LOC120049645
GO:0045861	negative regulation of proteolysis	biological_process	4	2593	55	31285	0.88	6.789e-01	9.614e-01		LOC120041558,LOC120049289,LOC120049327,LOC120053664
GO:0010466	negative regulation of peptidase activity	biological_process	4	2593	55	31285	0.88	6.789e-01	9.614e-01		LOC120041558,LOC120049289,LOC120049327,LOC120053664
GO:0005795	Golgi stack	cellular_component	4	2593	55	31285	0.88	6.789e-01	9.614e-01		LOC120022111,LOC120041435,LOC120043819,LOC120048047
GO:0000038	very long-chain fatty acid metabolic process	biological_process	4	2593	55	31285	0.88	6.789e-01	9.614e-01	Y	LOC120024592,LOC120049318,acsl1a,elovl6
GO:0099637	neurotransmitter receptor transport	biological_process	4	2593	55	31285	0.88	6.789e-01	9.614e-01		LOC120044647,LOC120047712,arhgap44a,cracr2b
GO:1903311	regulation of mRNA metabolic process	biological_process	19	2593	249	31285	0.92	6.804e-01	9.627e-01		LOC120019548,LOC120020140,LOC120020690,LOC120022442,LOC120024099,LOC120026950,LOC120029476,LOC120031968,LOC120033551,LOC120044003,LOC120044165,LOC120046454,LOC120047114,LOC120049662,LOC120062272,LOC120066515,angel2,exosc8,rbm15
GO:0015179	L-amino acid transmembrane transporter activity	molecular_function	8	2593	108	31285	0.89	6.808e-01	9.627e-01		LOC120028937,LOC120031387,LOC120033247,LOC120055761,LOC120056477,LOC120060024,slc1a2a,slc7a8b
GO:0061025	membrane fusion	biological_process	10	2593	134	31285	0.9	6.811e-01	9.627e-01		LOC120022111,LOC120023396,LOC120032572,LOC120033985,LOC120048162,LOC120048677,LOC120048708,LOC120060502,cracr2b,rab38b
GO:0043066	negative regulation of apoptotic process	biological_process	11	2593	147	31285	0.9	6.819e-01	9.627e-01		LOC120026854,LOC120032522,LOC120034162,LOC120044239,LOC120046455,LOC120061462,LOC120064119,LOC120065968,apoc2,mdm2,rnf34a
GO:0060322	head development	biological_process	12	2593	160	31285	0.9	6.829e-01	9.627e-01		LOC120028632,LOC120032388,LOC120033014,LOC120052516,LOC120059043,LOC120063847,LOC120065638,LOC120066463,cdk5r2a,pou3f1,vax1,zfhx2
GO:0007420	brain development	biological_process	12	2593	160	31285	0.9	6.829e-01	9.627e-01		LOC120028632,LOC120032388,LOC120033014,LOC120052516,LOC120059043,LOC120063847,LOC120065638,LOC120066463,cdk5r2a,pou3f1,vax1,zfhx2
GO:0016874	ligase activity	molecular_function	17	2593	224	31285	0.92	6.833e-01	9.627e-01		LOC120019718,LOC120024894,LOC120025542,LOC120027373,LOC120032708,LOC120034531,LOC120041848,LOC120041865,LOC120044533,LOC120046332,LOC120051214,LOC120053043,LOC120063560,LOC120064423,acsl1a,mthfs,ttll9
GO:0080135	regulation of cellular response to stress	biological_process	6	2593	82	31285	0.88	6.834e-01	9.627e-01		LOC120026854,LOC120032005,LOC120044542,LOC120049359,prkn,wdr76
GO:0046854	phosphatidylinositol phosphate biosynthetic process	biological_process	6	2593	82	31285	0.88	6.834e-01	9.627e-01		LOC120032022,LOC120032876,LOC120034061,LOC120041464,LOC120050047,impa2
GO:0007059	chromosome segregation	biological_process	14	2593	186	31285	0.91	6.856e-01	9.641e-01		LOC120026988,LOC120036138,LOC120036166,LOC120041882,LOC120042708,LOC120047536,LOC120050044,LOC120051397,LOC120065935,fancd2,kif20bb,mzt1,ndel1b,zgc:153846
GO:0098858	actin-based cell projection	cellular_component	5	2593	69	31285	0.87	6.867e-01	9.641e-01		LOC120035097,LOC120035147,LOC120049662,LOC120049915,myo1ha
GO:0016125	sterol metabolic process	biological_process	5	2593	69	31285	0.87	6.867e-01	9.641e-01	Y	LOC120029796,LOC120035602,LOC120051402,apoc2,zgc:92275
GO:0140238	presynaptic endocytosis	biological_process	5	2593	69	31285	0.87	6.867e-01	9.641e-01		LOC120025932,LOC120041950,LOC120049373,LOC120062135,LOC120062438
GO:0048488	synaptic vesicle endocytosis	biological_process	5	2593	69	31285	0.87	6.867e-01	9.641e-01		LOC120025932,LOC120041950,LOC120049373,LOC120062135,LOC120062438
GO:0051592	response to calcium ion	biological_process	5	2593	69	31285	0.87	6.867e-01	9.641e-01		LOC120034026,LOC120043570,LOC120049373,LOC120049375,LOC120056443
GO:0048513	animal organ development	biological_process	58	2593	739	31285	0.95	6.890e-01	9.644e-01		LOC120018062,LOC120027135,LOC120027902,LOC120028089,LOC120028632,LOC120030952,LOC120031239,LOC120032388,LOC120032708,LOC120032724,LOC120032924,LOC120033014,LOC120033262,LOC120033541,LOC120033703,LOC120035048,LOC120035146,LOC120037083,LOC120040389,LOC120045822,LOC120047441,LOC120048423,LOC120049192,LOC120049360,LOC120049376
GO:0097190	apoptotic signaling pathway	biological_process	9	2593	122	31285	0.89	6.902e-01	9.644e-01		LOC120022305,LOC120034187,LOC120034479,LOC120041248,LOC120044673,LOC120048604,LOC120059167,LOC120063839,mcl1b
GO:0051494	negative regulation of cytoskeleton organization	biological_process	8	2593	109	31285	0.89	6.908e-01	9.644e-01		LOC120020510,LOC120023518,LOC120029007,LOC120037027,LOC120048421,LOC120052616,LOC120052905,LOC120053522
GO:0003013	circulatory system process	biological_process	12	2593	161	31285	0.9	6.912e-01	9.644e-01		LOC120023737,LOC120024881,LOC120025359,LOC120029673,LOC120049071,LOC120049116,LOC120049192,LOC120053053,LOC120054611,csrp3,tjp1a,tnnt2c
GO:0008015	blood circulation	biological_process	12	2593	161	31285	0.9	6.912e-01	9.644e-01		LOC120023737,LOC120024881,LOC120025359,LOC120029673,LOC120049071,LOC120049116,LOC120049192,LOC120053053,LOC120054611,csrp3,tjp1a,tnnt2c
GO:0018105	peptidyl-serine phosphorylation	biological_process	12	2593	161	31285	0.9	6.912e-01	9.644e-01		LOC120019677,LOC120022653,LOC120028051,LOC120042708,LOC120044548,LOC120045793,LOC120047536,LOC120049096,LOC120055700,LOC120058913,LOC120059167,si:dkey-8e10.3
GO:0050920	regulation of chemotaxis	biological_process	7	2593	96	31285	0.88	6.922e-01	9.644e-01		LOC120022634,LOC120024769,LOC120031042,LOC120035048,LOC120048423,LOC120062766,LOC120062892
GO:0016538	cyclin-dependent protein serine/threonine kinase regulator activity	molecular_function	7	2593	96	31285	0.88	6.922e-01	9.644e-01		LOC120028988,LOC120049937,LOC120055905,ccna1,cdk5r2a,cdkn2a/b,cdkn2d
GO:0019914	cyclin-dependent protein kinase regulator activity	molecular_function	7	2593	96	31285	0.88	6.922e-01	9.644e-01		LOC120028988,LOC120049937,LOC120055905,ccna1,cdk5r2a,cdkn2a/b,cdkn2d
GO:0016192	vesicle-mediated transport	biological_process	89	2593	1124	31285	0.96	6.925e-01	9.644e-01		LOC120018085,LOC120018151,LOC120021737,LOC120022111,LOC120023396,LOC120024345,LOC120025169,LOC120025932,LOC120026877,LOC120028889,LOC120029114,LOC120031497,LOC120031975,LOC120032359,LOC120032572,LOC120032586,LOC120033978,LOC120034026,LOC120034491,LOC120034542,LOC120036379,LOC120040838,LOC120041350,LOC120041950,LOC120042547
GO:0017147	Wnt-protein binding	molecular_function	4	2593	56	31285	0.86	6.927e-01	9.644e-01		LOC120018062,LOC120031410,LOC120044536,LOC120058959
GO:0016860	intramolecular oxidoreductase activity	molecular_function	4	2593	56	31285	0.86	6.927e-01	9.644e-01		LOC120032627,LOC120051402,LOC120055699,gpia
GO:0016339	calcium-dependent cell-cell adhesion	biological_process	4	2593	56	31285	0.86	6.927e-01	9.644e-01		LOC120027654,LOC120052362,LOC120055959,LOC120058746
GO:0008305	integrin complex	cellular_component	4	2593	56	31285	0.86	6.927e-01	9.644e-01		LOC120028082,LOC120032973,LOC120033570,LOC120058536
GO:0043549	regulation of kinase activity	biological_process	22	2593	289	31285	0.92	6.930e-01	9.644e-01		LOC120023181,LOC120024896,LOC120031671,LOC120032502,LOC120032526,LOC120032527,LOC120032684,LOC120033559,LOC120033703,LOC120034531,LOC120048766,LOC120049937,LOC120053194,LOC120054283,LOC120055905,bora,ccna1,cdk5r2a,cdkn2a/b,cdkn2d,ptprc,sh3bp5lb
GO:0042995	cell projection	cellular_component	110	2593	1384	31285	0.96	6.951e-01	9.660e-01		LOC120017751,LOC120019718,LOC120020067,LOC120020322,LOC120021676,LOC120022308,LOC120022770,LOC120023616,LOC120024223,LOC120024345,LOC120024841,LOC120025642,LOC120026473,LOC120026501,LOC120028326,LOC120028812,LOC120029154,LOC120029532,LOC120029673,LOC120030016,LOC120031838,LOC120031912,LOC120032432,LOC120032514,LOC120032586
GO:0005829	cytosol	cellular_component	124	2593	1557	31285	0.96	6.966e-01	9.660e-01		LOC120018251,LOC120019463,LOC120019939,LOC120021292,LOC120021519,LOC120021774,LOC120022117,LOC120022431,LOC120023192,LOC120023827,LOC120024698,LOC120024859,LOC120025161,LOC120025220,LOC120025722,LOC120025825,LOC120026151,LOC120026428,LOC120026463,LOC120028030,LOC120028089,LOC120028660,LOC120028781,LOC120029829,LOC120030466
GO:0010975	regulation of neuron projection development	biological_process	17	2593	226	31285	0.91	6.972e-01	9.660e-01		LOC120032487,LOC120032586,LOC120035048,LOC120035934,LOC120040412,LOC120041882,LOC120044006,LOC120048423,LOC120049662,LOC120050049,LOC120059492,LOC120060834,LOC120061462,LOC120064033,arhgap44a,ndel1b,plxnb2a.3
GO:0030001	metal ion transport	biological_process	60	2593	766	31285	0.95	6.972e-01	9.660e-01	Y	LOC120017401,LOC120023241,LOC120023372,LOC120023380,LOC120024696,LOC120024960,LOC120028812,LOC120028855,LOC120029350,LOC120030936,LOC120031387,LOC120031556,LOC120031811,LOC120031838,LOC120032191,LOC120032764,LOC120032769,LOC120032827,LOC120033238,LOC120033782,LOC120034271,LOC120034351,LOC120035038,LOC120036205,LOC120038879
GO:0007507	heart development	biological_process	10	2593	136	31285	0.89	6.990e-01	9.660e-01		LOC120030952,LOC120031239,LOC120032924,LOC120033541,LOC120040389,LOC120049192,LOC120049991,LOC120054611,LOC120065817,tbx19
GO:0043086	negative regulation of catalytic activity	biological_process	10	2593	136	31285	0.89	6.990e-01	9.660e-01		LOC120031347,LOC120033703,LOC120041558,LOC120048766,LOC120049289,LOC120049327,LOC120053664,apoc2,ptprc,sh3bp5lb
GO:0009260	ribonucleotide biosynthetic process	biological_process	12	2593	162	31285	0.89	6.993e-01	9.660e-01		LOC120020563,LOC120027373,LOC120034173,LOC120034662,LOC120034669,LOC120044533,LOC120046375,LOC120048037,LOC120050824,LOC120051214,LOC120061001,LOC120061070
GO:0030030	cell projection organization	biological_process	63	2593	804	31285	0.95	6.998e-01	9.660e-01		LOC120022308,LOC120022415,LOC120022770,LOC120023487,LOC120023518,LOC120023616,LOC120024223,LOC120024841,LOC120029532,LOC120031835,LOC120031944,LOC120032388,LOC120032586,LOC120032632,LOC120032687,LOC120032794,LOC120033111,LOC120033173,LOC120033210,LOC120033233,LOC120033956,LOC120034014,LOC120035048,LOC120035097,LOC120035100
GO:0031201	SNARE complex	cellular_component	8	2593	110	31285	0.88	7.006e-01	9.660e-01		LOC120022111,LOC120024345,LOC120032572,LOC120048162,LOC120048708,LOC120052904,LOC120062699,cplx4a
GO:0030111	regulation of Wnt signaling pathway	biological_process	14	2593	188	31285	0.9	7.007e-01	9.660e-01		LOC120017648,LOC120022070,LOC120033560,LOC120033716,LOC120033907,LOC120036447,LOC120042708,LOC120047586,LOC120048267,LOC120056015,LOC120056549,LOC120065673,rnf213a,rnf213b
GO:0000122	negative regulation of transcription by RNA polymerase II	biological_process	29	2593	379	31285	0.92	7.012e-01	9.660e-01		LOC120018853,LOC120019052,LOC120019509,LOC120020561,LOC120021680,LOC120023423,LOC120032414,LOC120032805,LOC120033484,LOC120033487,LOC120033652,LOC120034085,LOC120035241,LOC120035388,LOC120037027,LOC120037301,LOC120038321,LOC120039521,LOC120039788,LOC120040411,LOC120042491,LOC120043712,LOC120043723,LOC120048713,LOC120052620
GO:0099501	exocytic vesicle membrane	cellular_component	7	2593	97	31285	0.87	7.025e-01	9.660e-01		LOC120020198,LOC120032050,LOC120045871,LOC120049326,LOC120049373,LOC120052902,LOC120056477
GO:0030672	synaptic vesicle membrane	cellular_component	7	2593	97	31285	0.87	7.025e-01	9.660e-01		LOC120020198,LOC120032050,LOC120045871,LOC120049326,LOC120049373,LOC120052902,LOC120056477
GO:0090287	regulation of cellular response to growth factor stimulus	biological_process	7	2593	97	31285	0.87	7.025e-01	9.660e-01	Y	LOC120018249,LOC120027807,LOC120033703,LOC120046594,LOC120047586,LOC120053945,nog2
GO:0016917	GABA receptor activity	molecular_function	3	2593	43	31285	0.84	7.032e-01	9.660e-01		LOC120033207,LOC120047581,LOC120061883
GO:0042770	signal transduction in response to DNA damage	biological_process	3	2593	43	31285	0.84	7.032e-01	9.660e-01		LOC120022294,eme1,fancd2
GO:0006835	dicarboxylic acid transport	biological_process	3	2593	43	31285	0.84	7.032e-01	9.660e-01		LOC120033247,LOC120037234,slc1a2a
GO:0005838	proteasome regulatory particle	cellular_component	3	2593	43	31285	0.84	7.032e-01	9.660e-01		LOC120023431,LOC120037910,LOC120048802
GO:0019003	GDP binding	molecular_function	3	2593	43	31285	0.84	7.032e-01	9.660e-01		LOC120049278,LOC120050139,LOC120062350
GO:0080134	regulation of response to stress	biological_process	17	2593	227	31285	0.9	7.040e-01	9.660e-01		LOC120024201,LOC120026236,LOC120026854,LOC120032005,LOC120040917,LOC120042248,LOC120044542,LOC120049289,LOC120049292,LOC120049359,LOC120051325,LOC120051698,LOC120057064,LOC120062348,LOC120062720,prkn,wdr76
GO:1902495	transmembrane transporter complex	cellular_component	31	2593	405	31285	0.92	7.052e-01	9.660e-01		LOC120017775,LOC120021676,LOC120021849,LOC120023372,LOC120023380,LOC120026501,LOC120026774,LOC120030854,LOC120031313,LOC120031587,LOC120031838,LOC120032222,LOC120033462,LOC120034052,LOC120034271,LOC120034351,LOC120040195,LOC120041637,LOC120043570,LOC120043934,LOC120044062,LOC120044423,LOC120044552,LOC120044647,LOC120047712
GO:2001233	regulation of apoptotic signaling pathway	biological_process	6	2593	84	31285	0.86	7.058e-01	9.660e-01		LOC120018251,LOC120026854,LOC120034795,LOC120047954,LOC120064119,rnf34a
GO:0042273	ribosomal large subunit biogenesis	biological_process	6	2593	84	31285	0.86	7.058e-01	9.660e-01		LOC120042831,LOC120049493,LOC120055032,LOC120063133,LOC120064971,rrp15
GO:0006195	purine nucleotide catabolic process	biological_process	6	2593	84	31285	0.86	7.058e-01	9.660e-01		LOC120024980,LOC120028781,LOC120054062,gpia,pfkpa,pklr
GO:0009975	cyclase activity	molecular_function	4	2593	57	31285	0.85	7.060e-01	9.660e-01		LOC120032464,LOC120048037,LOC120050824,LOC120061001
GO:0005776	autophagosome	cellular_component	4	2593	57	31285	0.85	7.060e-01	9.660e-01		LOC120031328,LOC120046083,LOC120051331,map1lc3a
GO:0016667	oxidoreductase activity, acting on a sulfur group of donors	molecular_function	4	2593	57	31285	0.85	7.060e-01	9.660e-01		LOC120032387,LOC120041167,LOC120045537,txnrd2.2
GO:0003727	single-stranded RNA binding	molecular_function	4	2593	57	31285	0.85	7.060e-01	9.660e-01		LOC120022349,LOC120029476,LOC120034312,ilf3b
GO:0090068	positive regulation of cell cycle process	biological_process	4	2593	57	31285	0.85	7.060e-01	9.660e-01		LOC120032610,LOC120049937,LOC120063176,rock2a
GO:0004114	3',5'-cyclic-nucleotide phosphodiesterase activity	molecular_function	4	2593	57	31285	0.85	7.060e-01	9.660e-01		LOC120021519,LOC120024897,LOC120053718,pde6gb
GO:0016810	hydrolase activity, acting on carbon-nitrogen (but not peptide) bonds	molecular_function	11	2593	150	31285	0.88	7.072e-01	9.671e-01		LOC120017647,LOC120035101,LOC120046335,LOC120051398,LOC120052759,LOC120053880,LOC120058206,LOC120060323,LOC120061070,LOC120064683,ada2b
GO:0042393	histone binding	molecular_function	9	2593	124	31285	0.88	7.085e-01	9.683e-01		LOC120019140,LOC120019149,LOC120032598,LOC120032721,LOC120034657,LOC120048713,LOC120050135,LOC120052647,npm2a
GO:0048018	receptor ligand activity	molecular_function	45	2593	582	31285	0.93	7.100e-01	9.683e-01		LOC120020628,LOC120023224,LOC120024769,LOC120024931,LOC120028377,LOC120032526,LOC120032527,LOC120032607,LOC120032924,LOC120032998,LOC120033262,LOC120034797,LOC120035048,LOC120036431,LOC120037605,LOC120044078,LOC120044239,LOC120044421,LOC120044850,LOC120046565,LOC120047302,LOC120047538,LOC120048423,LOC120048704,LOC120049093
GO:0051650	establishment of vesicle localization	biological_process	8	2593	111	31285	0.87	7.101e-01	9.683e-01		LOC120019826,LOC120024699,LOC120041882,LOC120047270,myo1ha,myo5aa,ndel1b,si:ch211-243a20.3
GO:0000725	recombinational repair	biological_process	8	2593	111	31285	0.87	7.101e-01	9.683e-01		LOC120022971,LOC120028892,LOC120033188,LOC120034167,LOC120045784,LOC120047331,LOC120051461,LOC120065158
GO:0007283	spermatogenesis	biological_process	5	2593	71	31285	0.85	7.109e-01	9.683e-01		LOC120024223,LOC120024827,LOC120052221,spata6l,zglp1
GO:0036465	synaptic vesicle recycling	biological_process	5	2593	71	31285	0.85	7.109e-01	9.683e-01		LOC120025932,LOC120041950,LOC120049373,LOC120062135,LOC120062438
GO:0034332	adherens junction organization	biological_process	5	2593	71	31285	0.85	7.109e-01	9.683e-01		LOC120027654,LOC120048143,LOC120052362,LOC120055959,LOC120058746
GO:0000123	histone acetyltransferase complex	cellular_component	7	2593	98	31285	0.86	7.127e-01	9.696e-01		LOC120022743,LOC120033348,LOC120034476,LOC120051307,ruvbl2,taf10,taf12
GO:0070160	tight junction	cellular_component	7	2593	98	31285	0.86	7.127e-01	9.696e-01		LOC120020663,LOC120021513,LOC120025359,LOC120028538,LOC120035933,LOC120037245,tjp1a
GO:0022603	regulation of anatomical structure morphogenesis	biological_process	25	2593	331	31285	0.91	7.156e-01	9.706e-01		LOC120018287,LOC120032586,LOC120035048,LOC120035147,LOC120035934,LOC120036180,LOC120040412,LOC120040917,LOC120042248,LOC120044006,LOC120044712,LOC120048423,LOC120049289,LOC120049662,LOC120050049,LOC120059492,LOC120060834,LOC120061462,LOC120064033,LOC120064703,arhgap44a,fmnl2b,palm3,plxnb2a.3,vash1
GO:0006906	vesicle fusion	biological_process	9	2593	125	31285	0.87	7.174e-01	9.706e-01		LOC120022111,LOC120023396,LOC120032572,LOC120048162,LOC120048677,LOC120048708,LOC120060502,cracr2b,rab38b
GO:0022839	monoatomic ion-gated channel activity	molecular_function	3	2593	44	31285	0.82	7.180e-01	9.706e-01		LOC120040198,LOC120043570,tmem63c
GO:0007215	glutamate receptor signaling pathway	biological_process	3	2593	44	31285	0.82	7.180e-01	9.706e-01		LOC120021676,LOC120026501,grm6b
GO:0006635	fatty acid beta-oxidation	biological_process	3	2593	44	31285	0.82	7.180e-01	9.706e-01	Y	LOC120033335,LOC120046331,LOC120049318
GO:0098609	cell-cell adhesion	biological_process	38	2593	496	31285	0.92	7.184e-01	9.706e-01		LOC120021739,LOC120022308,LOC120022801,LOC120024841,LOC120025359,LOC120025537,LOC120025932,LOC120027654,LOC120028229,LOC120032973,LOC120033570,LOC120035641,LOC120042309,LOC120047040,LOC120047140,LOC120047143,LOC120048086,LOC120049991,LOC120050074,LOC120050097,LOC120051549,LOC120052362,LOC120052410,LOC120053649,LOC120053807
GO:0045104	intermediate filament cytoskeleton organization	biological_process	4	2593	58	31285	0.83	7.189e-01	9.706e-01		LOC120017751,LOC120032669,LOC120044125,LOC120049991
GO:0045103	intermediate filament-based process	biological_process	4	2593	58	31285	0.83	7.189e-01	9.706e-01		LOC120017751,LOC120032669,LOC120044125,LOC120049991
GO:0015804	neutral amino acid transport	biological_process	4	2593	58	31285	0.83	7.189e-01	9.706e-01		LOC120028937,LOC120045684,LOC120046343,slc7a8b
GO:0048589	developmental growth	biological_process	4	2593	58	31285	0.83	7.189e-01	9.706e-01	Y	LOC120022634,LOC120031042,LOC120031944,LOC120065092
GO:0040007	growth	biological_process	4	2593	58	31285	0.83	7.189e-01	9.706e-01	Y	LOC120022634,LOC120031042,LOC120031944,LOC120065092
GO:0050779	RNA destabilization	biological_process	4	2593	58	31285	0.83	7.189e-01	9.706e-01		LOC120019548,LOC120022442,LOC120026950,exosc8
GO:0061157	mRNA destabilization	biological_process	4	2593	58	31285	0.83	7.189e-01	9.706e-01		LOC120019548,LOC120022442,LOC120026950,exosc8
GO:0033627	cell adhesion mediated by integrin	biological_process	4	2593	58	31285	0.83	7.189e-01	9.706e-01		LOC120028082,LOC120032973,LOC120033570,LOC120058536
GO:0005215	transporter activity	molecular_function	158	2593	1985	31285	0.96	7.204e-01	9.720e-01		LOC120017401,LOC120017775,LOC120018572,LOC120018632,LOC120018777,LOC120019901,LOC120019936,LOC120020076,LOC120021676,LOC120021832,LOC120021849,LOC120022305,LOC120023241,LOC120023372,LOC120023380,LOC120024080,LOC120024696,LOC120024918,LOC120024960,LOC120025077,LOC120026501,LOC120026774,LOC120028812,LOC120028853,LOC120028855
GO:0044325	transmembrane transporter binding	molecular_function	5	2593	72	31285	0.84	7.224e-01	9.736e-01		LOC120044048,LOC120064703,LOC120064749,rims1b,rims2a
GO:0031123	RNA 3'-end processing	biological_process	5	2593	72	31285	0.84	7.224e-01	9.736e-01		LOC120046600,LOC120062433,elac2,exosc8,ints8
GO:0045184	establishment of protein localization	biological_process	73	2593	935	31285	0.94	7.229e-01	9.738e-01		LOC120018066,LOC120020088,LOC120021737,LOC120023396,LOC120024345,LOC120025169,LOC120025972,LOC120028225,LOC120029114,LOC120031975,LOC120032359,LOC120032528,LOC120032572,LOC120032593,LOC120032888,LOC120033566,LOC120033919,LOC120034246,LOC120034949,LOC120036195,LOC120036379,LOC120039755,LOC120040838,LOC120041350,LOC120042547
GO:0051336	regulation of hydrolase activity	biological_process	30	2593	396	31285	0.91	7.236e-01	9.741e-01		LOC120021788,LOC120024931,LOC120025545,LOC120028901,LOC120031347,LOC120031616,LOC120037053,LOC120040412,LOC120041011,LOC120041558,LOC120045786,LOC120046317,LOC120049289,LOC120049327,LOC120050049,LOC120050364,LOC120050602,LOC120053664,LOC120055680,LOC120058295,LOC120060204,LOC120064691,LOC120066476,apoc2,arap3
GO:0007389	pattern specification process	biological_process	10	2593	139	31285	0.87	7.245e-01	9.748e-01		LOC120027807,LOC120031239,LOC120032924,LOC120033014,LOC120033541,LOC120034371,LOC120060158,LOC120065817,hoxa2b,nog2
GO:0050790	regulation of catalytic activity	biological_process	57	2593	736	31285	0.93	7.250e-01	9.749e-01		LOC120020583,LOC120021788,LOC120023181,LOC120024896,LOC120024931,LOC120025545,LOC120028901,LOC120031347,LOC120031616,LOC120031671,LOC120032502,LOC120032526,LOC120032527,LOC120032684,LOC120033559,LOC120033703,LOC120034531,LOC120037053,LOC120040412,LOC120041011,LOC120041558,LOC120045786,LOC120046317,LOC120048399,LOC120048766
GO:0030546	signaling receptor activator activity	molecular_function	45	2593	586	31285	0.93	7.267e-01	9.755e-01		LOC120020628,LOC120023224,LOC120024769,LOC120024931,LOC120028377,LOC120032526,LOC120032527,LOC120032607,LOC120032924,LOC120032998,LOC120033262,LOC120034797,LOC120035048,LOC120036431,LOC120037605,LOC120044078,LOC120044239,LOC120044421,LOC120044850,LOC120046565,LOC120047302,LOC120047538,LOC120048423,LOC120048704,LOC120049093
GO:0061640	cytoskeleton-dependent cytokinesis	biological_process	6	2593	86	31285	0.84	7.270e-01	9.755e-01		LOC120022971,LOC120031062,LOC120050356,LOC120055773,LOC120066534,rock2a
GO:0016853	isomerase activity	molecular_function	38	2593	498	31285	0.92	7.274e-01	9.755e-01		LOC120019678,LOC120019826,LOC120019939,LOC120023192,LOC120023431,LOC120023871,LOC120024699,LOC120026988,LOC120030140,LOC120031210,LOC120032210,LOC120032627,LOC120033534,LOC120045246,LOC120047270,LOC120049846,LOC120051402,LOC120051407,LOC120052979,LOC120052988,LOC120054602,LOC120055699,LOC120055741,LOC120058927,LOC120064850
GO:0051648	vesicle localization	biological_process	8	2593	113	31285	0.85	7.286e-01	9.755e-01		LOC120019826,LOC120024699,LOC120041882,LOC120047270,myo1ha,myo5aa,ndel1b,si:ch211-243a20.3
GO:0046486	glycerolipid metabolic process	biological_process	25	2593	334	31285	0.9	7.319e-01	9.755e-01	Y	LOC120022261,LOC120023754,LOC120028030,LOC120028326,LOC120030466,LOC120031120,LOC120032022,LOC120032516,LOC120032634,LOC120032876,LOC120033304,LOC120034061,LOC120034531,LOC120041464,LOC120045774,LOC120045843,LOC120047943,LOC120048367,LOC120048800,LOC120050047,LOC120057283,LOC120062432,apoc2,gdpd1,impa2
GO:0030018	Z disc	cellular_component	7	2593	100	31285	0.84	7.322e-01	9.755e-01		LOC120022803,LOC120031392,LOC120048197,LOC120049962,LOC120062569,csrp2,csrp3
GO:0031674	I band	cellular_component	7	2593	100	31285	0.84	7.322e-01	9.755e-01		LOC120022803,LOC120031392,LOC120048197,LOC120049962,LOC120062569,csrp2,csrp3
GO:0015914	phospholipid transport	biological_process	7	2593	100	31285	0.84	7.322e-01	9.755e-01	Y	LOC120027255,LOC120028853,LOC120032611,LOC120050518,LOC120050578,LOC120065574,apoc2
GO:0051016	barbed-end actin filament capping	biological_process	3	2593	45	31285	0.8	7.322e-01	9.755e-01		LOC120020510,LOC120052616,LOC120053522
GO:0015172	acidic amino acid transmembrane transporter activity	molecular_function	3	2593	45	31285	0.8	7.322e-01	9.755e-01		LOC120033247,LOC120056477,slc1a2a
GO:0006081	aldehyde metabolic process	biological_process	3	2593	45	31285	0.8	7.322e-01	9.755e-01		LOC120052646,aldh3b2,bco2a
GO:0034243	regulation of transcription elongation by RNA polymerase II	biological_process	3	2593	45	31285	0.8	7.322e-01	9.755e-01		LOC120049782,LOC120055750,eaf1
GO:0008094	ATP-dependent activity, acting on DNA	molecular_function	10	2593	140	31285	0.86	7.327e-01	9.755e-01		LOC120026988,LOC120032598,LOC120043830,LOC120047331,LOC120048327,LOC120048713,LOC120064850,atad5a,ruvbl2,vps72a
GO:0098978	glutamatergic synapse	cellular_component	5	2593	73	31285	0.83	7.336e-01	9.755e-01		LOC120041950,LOC120050074,LOC120050097,LOC120055543,drd2a
GO:0001727	lipid kinase activity	molecular_function	5	2593	73	31285	0.83	7.336e-01	9.755e-01	Y	LOC120032022,LOC120032634,LOC120045774,LOC120048367,LOC120048800
GO:0090174	organelle membrane fusion	biological_process	9	2593	127	31285	0.86	7.347e-01	9.755e-01		LOC120022111,LOC120023396,LOC120032572,LOC120048162,LOC120048677,LOC120048708,LOC120060502,cracr2b,rab38b
GO:0099081	supramolecular polymer	cellular_component	43	2593	563	31285	0.92	7.356e-01	9.755e-01		LOC120017751,LOC120022803,LOC120023518,LOC120025642,LOC120026473,LOC120027373,LOC120031392,LOC120031943,LOC120032669,LOC120033621,LOC120034014,LOC120035145,LOC120036138,LOC120040756,LOC120042376,LOC120042708,LOC120044125,LOC120046978,LOC120047537,LOC120048197,LOC120048421,LOC120049116,LOC120049962,LOC120049991,LOC120050266
GO:0099512	supramolecular fiber	cellular_component	43	2593	563	31285	0.92	7.356e-01	9.755e-01		LOC120017751,LOC120022803,LOC120023518,LOC120025642,LOC120026473,LOC120027373,LOC120031392,LOC120031943,LOC120032669,LOC120033621,LOC120034014,LOC120035145,LOC120036138,LOC120040756,LOC120042376,LOC120042708,LOC120044125,LOC120046978,LOC120047537,LOC120048197,LOC120048421,LOC120049116,LOC120049962,LOC120049991,LOC120050266
GO:0008047	enzyme activator activity	molecular_function	35	2593	462	31285	0.91	7.360e-01	9.755e-01		LOC120018283,LOC120018288,LOC120020088,LOC120021788,LOC120024033,LOC120025046,LOC120027734,LOC120028632,LOC120028901,LOC120032359,LOC120032998,LOC120034795,LOC120036166,LOC120041011,LOC120046317,LOC120046598,LOC120050364,LOC120050602,LOC120051399,LOC120052979,LOC120052988,LOC120053171,LOC120056015,LOC120064691,LOC120066476
GO:0031974	membrane-enclosed lumen	cellular_component	98	2593	1250	31285	0.95	7.360e-01	9.755e-01		LOC120017437,LOC120017459,LOC120019183,LOC120020140,LOC120021140,LOC120022349,LOC120024164,LOC120024786,LOC120026924,LOC120028225,LOC120028545,LOC120028892,LOC120029767,LOC120029935,LOC120030220,LOC120030466,LOC120030672,LOC120031419,LOC120031752,LOC120031944,LOC120032213,LOC120032798,LOC120032932,LOC120033139,LOC120034085
GO:0043233	organelle lumen	cellular_component	98	2593	1250	31285	0.95	7.360e-01	9.755e-01		LOC120017437,LOC120017459,LOC120019183,LOC120020140,LOC120021140,LOC120022349,LOC120024164,LOC120024786,LOC120026924,LOC120028225,LOC120028545,LOC120028892,LOC120029767,LOC120029935,LOC120030220,LOC120030466,LOC120030672,LOC120031419,LOC120031752,LOC120031944,LOC120032213,LOC120032798,LOC120032932,LOC120033139,LOC120034085
GO:0070013	intracellular organelle lumen	cellular_component	98	2593	1250	31285	0.95	7.360e-01	9.755e-01		LOC120017437,LOC120017459,LOC120019183,LOC120020140,LOC120021140,LOC120022349,LOC120024164,LOC120024786,LOC120026924,LOC120028225,LOC120028545,LOC120028892,LOC120029767,LOC120029935,LOC120030220,LOC120030466,LOC120030672,LOC120031419,LOC120031752,LOC120031944,LOC120032213,LOC120032798,LOC120032932,LOC120033139,LOC120034085
GO:0031461	cullin-RING ubiquitin ligase complex	cellular_component	13	2593	180	31285	0.87	7.370e-01	9.755e-01		LOC120017447,LOC120017880,LOC120032610,LOC120032839,LOC120036660,LOC120051198,LOC120051919,LOC120052569,LOC120063176,dcaf11,dda1,fzr1b,kctd10
GO:0048786	presynaptic active zone	cellular_component	6	2593	87	31285	0.83	7.372e-01	9.755e-01		LOC120044650,LOC120049964,LOC120060579,arhgap44a,rims1b,rims2a
GO:0003002	regionalization	biological_process	8	2593	114	31285	0.85	7.376e-01	9.755e-01		LOC120027807,LOC120031239,LOC120032924,LOC120033541,LOC120060158,LOC120065817,hoxa2b,nog2
GO:0044092	negative regulation of molecular function	biological_process	12	2593	167	31285	0.87	7.378e-01	9.755e-01		LOC120031347,LOC120032517,LOC120033703,LOC120041558,LOC120048766,LOC120049289,LOC120049327,LOC120051405,LOC120053664,apoc2,ptprc,sh3bp5lb
GO:0160108	animal gross anatomical part developmental process	biological_process	148	2593	1870	31285	0.95	7.395e-01	9.755e-01		LOC120018062,LOC120021872,LOC120022308,LOC120022415,LOC120022634,LOC120023137,LOC120023181,LOC120023487,LOC120023518,LOC120024841,LOC120024859,LOC120024896,LOC120025342,LOC120025359,LOC120025537,LOC120025932,LOC120027135,LOC120027158,LOC120027902,LOC120028089,LOC120028632,LOC120029532,LOC120030952,LOC120031042,LOC120031239
GO:0045165	cell fate commitment	biological_process	10	2593	141	31285	0.86	7.407e-01	9.755e-01		LOC120023046,LOC120025342,LOC120031239,LOC120031486,LOC120031977,LOC120038521,LOC120053521,LOC120054999,LOC120063716,tbx19
GO:0097435	supramolecular fiber organization	biological_process	41	2593	539	31285	0.92	7.408e-01	9.755e-01		LOC120017751,LOC120019826,LOC120020510,LOC120023518,LOC120024699,LOC120027158,LOC120029532,LOC120030234,LOC120030952,LOC120032491,LOC120032585,LOC120032669,LOC120032889,LOC120033956,LOC120034014,LOC120036138,LOC120041882,LOC120044712,LOC120045303,LOC120046349,LOC120047270,LOC120048421,LOC120048461,LOC120049116,LOC120049991
GO:0016462	pyrophosphatase activity	molecular_function	89	2593	1140	31285	0.94	7.412e-01	9.755e-01		LOC120017775,LOC120017858,LOC120018460,LOC120019678,LOC120020727,LOC120021611,LOC120021626,LOC120023431,LOC120025430,LOC120027423,LOC120028852,LOC120029169,LOC120029969,LOC120031975,LOC120032568,LOC120032822,LOC120032897,LOC120032946,LOC120032951,LOC120033297,LOC120033547,LOC120033549,LOC120034051,LOC120034057,LOC120034246
GO:0030864	cortical actin cytoskeleton	cellular_component	7	2593	101	31285	0.84	7.416e-01	9.755e-01		LOC120029154,LOC120031943,LOC120032585,LOC120050356,LOC120050815,LOC120053522,shroom1
GO:0043933	protein-containing complex organization	biological_process	73	2593	941	31285	0.94	7.423e-01	9.755e-01		LOC120017900,LOC120018359,LOC120020690,LOC120021140,LOC120021739,LOC120021779,LOC120021806,LOC120023372,LOC120024345,LOC120024696,LOC120024865,LOC120029006,LOC120029014,LOC120029935,LOC120031968,LOC120032222,LOC120033012,LOC120034014,LOC120034242,LOC120036138,LOC120036660,LOC120037149,LOC120039049,LOC120040161,LOC120041882
GO:0140352	export from cell	biological_process	25	2593	336	31285	0.9	7.425e-01	9.755e-01		LOC120020198,LOC120029114,LOC120031497,LOC120034026,LOC120034246,LOC120036379,LOC120042547,LOC120044157,LOC120046321,LOC120048677,LOC120049117,LOC120049326,LOC120049373,LOC120049375,LOC120052904,LOC120056443,LOC120058959,LOC120059165,LOC120062699,LOC120066509,cplx4a,cracr2b,exoc3l2b,rims1b,rims2a
GO:0031090	organelle membrane	cellular_component	133	2593	1686	31285	0.95	7.425e-01	9.755e-01		LOC120017770,LOC120018287,LOC120018326,LOC120019901,LOC120020198,LOC120020727,LOC120021626,LOC120021832,LOC120021970,LOC120022261,LOC120022305,LOC120022351,LOC120022528,LOC120022971,LOC120023754,LOC120024073,LOC120024345,LOC120024592,LOC120024700,LOC120025214,LOC120025345,LOC120027423,LOC120028030,LOC120028564,LOC120028889
GO:0060284	regulation of cell development	biological_process	16	2593	220	31285	0.88	7.429e-01	9.755e-01		LOC120032389,LOC120032586,LOC120035048,LOC120040412,LOC120048423,LOC120050049,LOC120053888,LOC120059043,LOC120059492,LOC120060158,LOC120060834,LOC120061462,plxnb2a.3,si:ch211-243a20.4,si:dkey-11p23.7,siglec15l
GO:0032101	regulation of response to external stimulus	biological_process	17	2593	233	31285	0.88	7.429e-01	9.755e-01		LOC120022634,LOC120024201,LOC120024769,LOC120026236,LOC120031042,LOC120035048,LOC120040917,LOC120042248,LOC120048423,LOC120049289,LOC120049292,LOC120051325,LOC120051698,LOC120057064,LOC120062720,LOC120062766,LOC120062892
GO:0005249	voltage-gated potassium channel activity	molecular_function	15	2593	207	31285	0.87	7.430e-01	9.755e-01		LOC120023372,LOC120029350,LOC120030936,LOC120031838,LOC120032764,LOC120040195,LOC120043863,LOC120044062,LOC120044680,LOC120050102,LOC120056459,LOC120059740,LOC120060854,kcnj19b,si:dkey-43k4.5
GO:0030863	cortical cytoskeleton	cellular_component	9	2593	128	31285	0.85	7.431e-01	9.755e-01		LOC120029154,LOC120031943,LOC120032585,LOC120050356,LOC120050815,LOC120053522,rims1b,rims2a,shroom1
GO:0040008	regulation of growth	biological_process	9	2593	128	31285	0.85	7.431e-01	9.755e-01	Y	LOC120019677,LOC120023320,LOC120032502,LOC120032586,LOC120035048,LOC120048082,LOC120048423,LOC120056015,LOC120061462
GO:0030510	regulation of BMP signaling pathway	biological_process	4	2593	60	31285	0.8	7.435e-01	9.755e-01		LOC120018249,LOC120027807,LOC120047586,nog2
GO:0032153	cell division site	cellular_component	4	2593	60	31285	0.8	7.435e-01	9.755e-01		LOC120050356,LOC120051397,LOC120055773,LOC120066534
GO:0097120	receptor localization to synapse	biological_process	4	2593	60	31285	0.8	7.435e-01	9.755e-01		LOC120044647,LOC120047712,arhgap44a,cracr2b
GO:0099072	regulation of postsynaptic membrane neurotransmitter receptor levels	biological_process	4	2593	60	31285	0.8	7.435e-01	9.755e-01		LOC120044647,LOC120047712,arhgap44a,cracr2b
GO:0098636	protein complex involved in cell adhesion	cellular_component	4	2593	60	31285	0.8	7.435e-01	9.755e-01		LOC120028082,LOC120032973,LOC120033570,LOC120058536
GO:0019005	SCF ubiquitin ligase complex	cellular_component	5	2593	74	31285	0.82	7.445e-01	9.755e-01		LOC120017447,LOC120017880,LOC120032839,LOC120051198,LOC120052569
GO:0006066	alcohol metabolic process	biological_process	12	2593	168	31285	0.86	7.451e-01	9.755e-01		LOC120029796,LOC120033534,LOC120035602,LOC120050825,LOC120054062,LOC120065968,apoc2,dhdds,gdpd1,impa2,thtpa,zgc:92275
GO:0015485	cholesterol binding	molecular_function	3	2593	46	31285	0.79	7.459e-01	9.755e-01	Y	LOC120049172,LOC120059442,apoc2
GO:0019903	protein phosphatase binding	molecular_function	3	2593	46	31285	0.79	7.459e-01	9.755e-01		LOC120029981,LOC120032589,LOC120045648
GO:0051480	regulation of cytosolic calcium ion concentration	biological_process	3	2593	46	31285	0.79	7.459e-01	9.755e-01		LOC120051696,LOC120053451,LOC120064860
GO:0035567	non-canonical Wnt signaling pathway	biological_process	3	2593	46	31285	0.79	7.459e-01	9.755e-01		LOC120018062,LOC120031410,LOC120044536
GO:0043409	negative regulation of MAPK cascade	biological_process	3	2593	46	31285	0.79	7.459e-01	9.755e-01		LOC120032913,LOC120033703,dusp27
GO:0055080	monoatomic cation homeostasis	biological_process	24	2593	324	31285	0.89	7.468e-01	9.756e-01		LOC120019936,LOC120020649,LOC120024696,LOC120024960,LOC120026150,LOC120031263,LOC120031811,LOC120032769,LOC120032870,LOC120033462,LOC120033782,LOC120034039,LOC120034052,LOC120051648,LOC120051696,LOC120052219,LOC120052310,LOC120052569,LOC120053451,LOC120064860,cln3,slc24a5,slc39a13,slc9a1a
GO:0005834	heterotrimeric G-protein complex	cellular_component	6	2593	88	31285	0.82	7.472e-01	9.756e-01		LOC120024702,LOC120033549,LOC120034227,LOC120034244,LOC120051882,LOC120061057
GO:0004867	serine-type endopeptidase inhibitor activity	molecular_function	6	2593	88	31285	0.82	7.472e-01	9.756e-01		LOC120019682,LOC120032492,LOC120042161,LOC120049289,LOC120053664,LOC120065090
GO:0051668	localization within membrane	biological_process	31	2593	414	31285	0.9	7.490e-01	9.766e-01		LOC120018066,LOC120032528,LOC120032586,LOC120032593,LOC120032946,LOC120033137,LOC120034193,LOC120044647,LOC120046321,LOC120046594,LOC120047712,LOC120048677,LOC120049117,LOC120049991,LOC120050074,LOC120050097,LOC120051049,LOC120052681,LOC120052896,LOC120053945,LOC120058289,LOC120058290,LOC120060868,LOC120060929,LOC120062346
GO:0030133	transport vesicle	cellular_component	21	2593	286	31285	0.89	7.501e-01	9.766e-01		LOC120017770,LOC120020198,LOC120032050,LOC120032359,LOC120032511,LOC120032946,LOC120045713,LOC120045871,LOC120046321,LOC120048677,LOC120049326,LOC120049373,LOC120052902,LOC120055773,LOC120056477,LOC120062271,LOC120066509,ap1s1,bin1b,cracr2b,sar1aa
GO:0060395	SMAD protein signal transduction	biological_process	7	2593	102	31285	0.83	7.508e-01	9.766e-01		LOC120023224,LOC120036431,LOC120044850,LOC120047538,LOC120060385,mstnb,ndr2
GO:0070851	growth factor receptor binding	molecular_function	7	2593	102	31285	0.83	7.508e-01	9.766e-01	Y	LOC120028377,LOC120032526,LOC120032527,LOC120032924,LOC120033262,LOC120049360,fgf7
GO:0006813	potassium ion transport	biological_process	23	2593	312	31285	0.89	7.513e-01	9.766e-01	Y	LOC120023241,LOC120023372,LOC120024960,LOC120028855,LOC120029350,LOC120030936,LOC120031838,LOC120032764,LOC120035038,LOC120040195,LOC120043570,LOC120043863,LOC120044062,LOC120044680,LOC120044885,LOC120045870,LOC120050102,LOC120056459,LOC120059740,LOC120060854,kcnj19b,si:dkey-43k4.5,slc24a5
GO:0033554	cellular response to stress	biological_process	58	2593	756	31285	0.93	7.516e-01	9.766e-01		LOC120022294,LOC120022305,LOC120022971,LOC120024073,LOC120025046,LOC120025161,LOC120026428,LOC120028892,LOC120030864,LOC120030879,LOC120030881,LOC120031083,LOC120031096,LOC120031328,LOC120032502,LOC120032627,LOC120032639,LOC120033188,LOC120034051,LOC120034057,LOC120034167,LOC120034187,LOC120034479,LOC120035390,LOC120036331
GO:0000287	magnesium ion binding	molecular_function	12	2593	169	31285	0.86	7.522e-01	9.766e-01		LOC120021459,LOC120023827,LOC120024980,LOC120031422,LOC120045793,LOC120050518,LOC120055741,LOC120058290,LOC120059771,pklr,ppa1a,thtpa
GO:0050801	monoatomic ion homeostasis	biological_process	25	2593	338	31285	0.89	7.527e-01	9.766e-01		LOC120019936,LOC120020649,LOC120024696,LOC120024960,LOC120026150,LOC120031263,LOC120031811,LOC120032769,LOC120032870,LOC120033462,LOC120033782,LOC120034039,LOC120034052,LOC120051648,LOC120051696,LOC120052219,LOC120052310,LOC120052569,LOC120053451,LOC120064860,LOC120066365,cln3,slc24a5,slc39a13,slc9a1a
GO:0031984	organelle subcompartment	cellular_component	58	2593	757	31285	0.92	7.551e-01	9.766e-01		LOC120017770,LOC120021626,LOC120022111,LOC120022261,LOC120024073,LOC120024592,LOC120024700,LOC120025046,LOC120028030,LOC120028889,LOC120028920,LOC120029114,LOC120029738,LOC120030879,LOC120030881,LOC120031830,LOC120032387,LOC120032511,LOC120032528,LOC120032586,LOC120032593,LOC120034415,LOC120034574,LOC120034949,LOC120036379
GO:0001653	peptide receptor activity	molecular_function	17	2593	235	31285	0.87	7.551e-01	9.766e-01		LOC120017433,LOC120020067,LOC120020538,LOC120020649,LOC120023737,LOC120024881,LOC120026236,LOC120030016,LOC120031803,LOC120032432,LOC120038986,LOC120049071,LOC120049205,LOC120049759,LOC120051141,LOC120053053,LOC120055298
GO:0043039	tRNA aminoacylation	biological_process	4	2593	61	31285	0.79	7.552e-01	9.766e-01		LOC120024894,LOC120046332,LOC120053043,LOC120064423
GO:0042445	hormone metabolic process	biological_process	4	2593	61	31285	0.79	7.552e-01	9.766e-01		LOC120035602,LOC120037855,LOC120047639,pcsk6
GO:0032200	telomere organization	biological_process	4	2593	61	31285	0.79	7.552e-01	9.766e-01		LOC120028892,dclre1a,terf1,terfa
GO:0000723	telomere maintenance	biological_process	4	2593	61	31285	0.79	7.552e-01	9.766e-01		LOC120028892,dclre1a,terf1,terfa
GO:0006469	negative regulation of protein kinase activity	biological_process	4	2593	61	31285	0.79	7.552e-01	9.766e-01		LOC120033703,LOC120048766,ptprc,sh3bp5lb
GO:0008375	acetylglucosaminyltransferase activity	molecular_function	4	2593	61	31285	0.79	7.552e-01	9.766e-01		LOC120034371,LOC120048047,LOC120053529,mfng
GO:0071277	cellular response to calcium ion	biological_process	4	2593	61	31285	0.79	7.552e-01	9.766e-01		LOC120034026,LOC120049373,LOC120049375,LOC120056443
GO:0071248	cellular response to metal ion	biological_process	4	2593	61	31285	0.79	7.552e-01	9.766e-01		LOC120034026,LOC120049373,LOC120049375,LOC120056443
GO:0019904	protein domain specific binding	molecular_function	10	2593	143	31285	0.84	7.562e-01	9.770e-01		LOC120029193,LOC120029194,LOC120032191,LOC120048766,LOC120049117,LOC120050048,LOC120051696,LOC120063839,LOC120064860,arfip1
GO:0060429	epithelium development	biological_process	10	2593	143	31285	0.84	7.562e-01	9.770e-01		LOC120025359,LOC120028089,LOC120031239,LOC120032924,LOC120051050,LOC120054927,LOC120057544,LOC120065817,pck1,tjp1a
GO:0006887	exocytosis	biological_process	14	2593	196	31285	0.86	7.567e-01	9.770e-01		LOC120031497,LOC120034026,LOC120044157,LOC120049373,LOC120049375,LOC120052904,LOC120056443,LOC120059165,LOC120062699,LOC120066509,cplx4a,exoc3l2b,rims1b,rims2a
GO:0036477	somatodendritic compartment	cellular_component	26	2593	352	31285	0.89	7.585e-01	9.775e-01		LOC120020067,LOC120020322,LOC120023380,LOC120029532,LOC120029673,LOC120031838,LOC120032514,LOC120033207,LOC120033956,LOC120034271,LOC120035097,LOC120037100,LOC120044423,LOC120044552,LOC120049662,LOC120053451,LOC120054611,LOC120056459,LOC120060854,LOC120061595,LOC120061883,LOC120066718,apba2b,arhgap44a,cracr2b
GO:0043648	dicarboxylic acid metabolic process	biological_process	3	2593	47	31285	0.77	7.590e-01	9.775e-01		LOC120017969,LOC120032824,LOC120053922
GO:1902115	regulation of organelle assembly	biological_process	3	2593	47	31285	0.77	7.590e-01	9.775e-01		LOC120035147,LOC120051453,LOC120055337
GO:0016922	nuclear receptor binding	molecular_function	3	2593	47	31285	0.77	7.590e-01	9.775e-01		LOC120027037,LOC120032499,LOC120033116
GO:0009790	embryo development	biological_process	11	2593	157	31285	0.85	7.612e-01	9.775e-01		LOC120031239,LOC120032924,LOC120032977,LOC120033014,LOC120049142,LOC120053527,LOC120054283,LOC120065817,hoxa2b,rock2a,tbx19
GO:0016818	hydrolase activity, acting on acid anhydrides, in phosphorus-containing anhydrides	molecular_function	89	2593	1148	31285	0.94	7.638e-01	9.775e-01		LOC120017775,LOC120017858,LOC120018460,LOC120019678,LOC120020727,LOC120021611,LOC120021626,LOC120023431,LOC120025430,LOC120027423,LOC120028852,LOC120029169,LOC120029969,LOC120031975,LOC120032568,LOC120032822,LOC120032897,LOC120032946,LOC120032951,LOC120033297,LOC120033547,LOC120033549,LOC120034051,LOC120034057,LOC120034246
GO:0032934	sterol binding	molecular_function	5	2593	76	31285	0.79	7.653e-01	9.775e-01	Y	LOC120048357,LOC120049172,LOC120059442,apoc2,si:dkey-6n21.13
GO:0009187	cyclic nucleotide metabolic process	biological_process	5	2593	76	31285	0.79	7.653e-01	9.775e-01		LOC120032464,LOC120035753,LOC120048037,LOC120050824,LOC120061001
GO:0000910	cytokinesis	biological_process	6	2593	90	31285	0.8	7.663e-01	9.775e-01		LOC120022971,LOC120031062,LOC120050356,LOC120055773,LOC120066534,rock2a
GO:0099023	vesicle tethering complex	cellular_component	6	2593	90	31285	0.8	7.663e-01	9.775e-01		LOC120031497,LOC120044157,LOC120046336,LOC120049039,exoc3l2b,vps52
GO:0005925	focal adhesion	cellular_component	6	2593	90	31285	0.8	7.663e-01	9.775e-01		LOC120028082,LOC120044381,LOC120048831,LOC120051549,LOC120053907,LOC120054371
GO:0055037	recycling endosome	cellular_component	6	2593	90	31285	0.8	7.663e-01	9.775e-01		LOC120033238,LOC120050518,LOC120052417,LOC120063507,scamp2l,vps50
GO:0034703	cation channel complex	cellular_component	20	2593	276	31285	0.87	7.663e-01	9.775e-01		LOC120021849,LOC120023372,LOC120023380,LOC120026774,LOC120031313,LOC120031587,LOC120031838,LOC120033462,LOC120034271,LOC120034351,LOC120040195,LOC120041637,LOC120043570,LOC120043934,LOC120044062,LOC120056459,LOC120059740,LOC120060854,LOC120061553,si:dkey-43k4.5
GO:0043038	amino acid activation	biological_process	4	2593	62	31285	0.78	7.664e-01	9.775e-01		LOC120024894,LOC120046332,LOC120053043,LOC120064423
GO:0044344	cellular response to fibroblast growth factor stimulus	biological_process	4	2593	62	31285	0.78	7.664e-01	9.775e-01	Y	LOC120032924,LOC120033262,LOC120049360,fgf7
GO:0008543	fibroblast growth factor receptor signaling pathway	biological_process	4	2593	62	31285	0.78	7.664e-01	9.775e-01	Y	LOC120032924,LOC120033262,LOC120049360,fgf7
GO:0071774	response to fibroblast growth factor	biological_process	4	2593	62	31285	0.78	7.664e-01	9.775e-01	Y	LOC120032924,LOC120033262,LOC120049360,fgf7
GO:0098960	postsynaptic neurotransmitter receptor activity	molecular_function	4	2593	62	31285	0.78	7.664e-01	9.775e-01		LOC120055812,LOC120065438,chrnd,drd2a
GO:0002252	immune effector process	biological_process	4	2593	62	31285	0.78	7.664e-01	9.775e-01	Y	LOC120032458,LOC120036493,LOC120043750,LOC120044547
GO:0032784	regulation of DNA-templated transcription elongation	biological_process	4	2593	62	31285	0.78	7.664e-01	9.775e-01		LOC120028545,LOC120049782,LOC120055750,eaf1
GO:0033673	negative regulation of kinase activity	biological_process	4	2593	62	31285	0.78	7.664e-01	9.775e-01		LOC120033703,LOC120048766,ptprc,sh3bp5lb
GO:0046982	protein heterodimerization activity	molecular_function	9	2593	131	31285	0.83	7.671e-01	9.775e-01		LOC120017900,LOC120022305,LOC120034479,LOC120037149,LOC120048085,LOC120049351,LOC120052620,mcl1b,taf12
GO:0035023	regulation of Rho protein signal transduction	biological_process	7	2593	104	31285	0.81	7.684e-01	9.775e-01		LOC120026236,LOC120048461,LOC120049917,LOC120050823,LOC120052137,kctd10,p2ry10
GO:0006259	DNA metabolic process	biological_process	37	2593	495	31285	0.9	7.685e-01	9.775e-01		LOC120021537,LOC120022971,LOC120023084,LOC120023350,LOC120026428,LOC120026988,LOC120028892,LOC120030864,LOC120032639,LOC120032951,LOC120033188,LOC120034051,LOC120034167,LOC120034293,LOC120035894,LOC120036166,LOC120036331,LOC120042583,LOC120043847,LOC120044542,LOC120045784,LOC120047331,LOC120051461,LOC120051748,LOC120051989
GO:0051254	positive regulation of RNA metabolic process	biological_process	53	2593	698	31285	0.92	7.688e-01	9.775e-01		LOC120019548,LOC120022442,LOC120022634,LOC120023046,LOC120023754,LOC120024201,LOC120026950,LOC120027231,LOC120028030,LOC120029193,LOC120030220,LOC120031042,LOC120031239,LOC120032589,LOC120032598,LOC120033014,LOC120033139,LOC120033551,LOC120034476,LOC120040917,LOC120042248,LOC120043933,LOC120044165,LOC120046083,LOC120046489
GO:0016817	hydrolase activity, acting on acid anhydrides	molecular_function	89	2593	1150	31285	0.93	7.693e-01	9.775e-01		LOC120017775,LOC120017858,LOC120018460,LOC120019678,LOC120020727,LOC120021611,LOC120021626,LOC120023431,LOC120025430,LOC120027423,LOC120028852,LOC120029169,LOC120029969,LOC120031975,LOC120032568,LOC120032822,LOC120032897,LOC120032946,LOC120032951,LOC120033297,LOC120033547,LOC120033549,LOC120034051,LOC120034057,LOC120034246
GO:0005768	endosome	cellular_component	38	2593	508	31285	0.9	7.696e-01	9.775e-01		LOC120017480,LOC120021737,LOC120022351,LOC120032946,LOC120033238,LOC120034246,LOC120034576,LOC120036681,LOC120041350,LOC120042932,LOC120043732,LOC120044555,LOC120044655,LOC120045843,LOC120045939,LOC120046321,LOC120046336,LOC120046752,LOC120048265,LOC120048677,LOC120048691,LOC120049039,LOC120050518,LOC120052417,LOC120052819
GO:0098655	monoatomic cation transmembrane transport	biological_process	51	2593	673	31285	0.91	7.697e-01	9.775e-01		LOC120017401,LOC120023241,LOC120023372,LOC120023380,LOC120024696,LOC120024960,LOC120028812,LOC120028855,LOC120029350,LOC120031387,LOC120031556,LOC120031811,LOC120031838,LOC120032764,LOC120032827,LOC120034052,LOC120034271,LOC120034351,LOC120035038,LOC120036205,LOC120039049,LOC120040198,LOC120041637,LOC120041835,LOC120043863
GO:0005319	lipid carrier activity	molecular_function	8	2593	118	31285	0.82	7.714e-01	9.775e-01	Y	LOC120028853,LOC120032611,LOC120048357,LOC120050518,LOC120050578,LOC120052694,LOC120052909,LOC120065574
GO:0050660	flavin adenine dinucleotide binding	molecular_function	8	2593	118	31285	0.82	7.714e-01	9.775e-01		LOC120024955,LOC120032387,LOC120033335,LOC120042990,LOC120046331,LOC120049966,coq6,txnrd2.2
GO:0006898	receptor-mediated endocytosis	biological_process	8	2593	118	31285	0.82	7.714e-01	9.775e-01		LOC120026877,LOC120041950,LOC120044647,LOC120044681,LOC120047712,LOC120047812,LOC120052902,LOC120062438
GO:0043296	apical junction complex	cellular_component	8	2593	118	31285	0.82	7.714e-01	9.775e-01		LOC120020663,LOC120021513,LOC120025359,LOC120028538,LOC120035933,LOC120037245,shroom1,tjp1a
GO:0018208	peptidyl-proline modification	biological_process	3	2593	48	31285	0.75	7.715e-01	9.775e-01		ppie,ppih,ppil4
GO:0052742	phosphatidylinositol kinase activity	molecular_function	3	2593	48	31285	0.75	7.715e-01	9.775e-01		LOC120032022,LOC120032634,LOC120048800
GO:0006959	humoral immune response	biological_process	3	2593	48	31285	0.75	7.715e-01	9.775e-01	Y	LOC120037605,LOC120039311,LOC120063433
GO:0019395	fatty acid oxidation	biological_process	3	2593	48	31285	0.75	7.715e-01	9.775e-01	Y	LOC120033335,LOC120046331,LOC120049318
GO:0016705	oxidoreductase activity, acting on paired donors, with incorporation or reduction of molecular oxygen	molecular_function	17	2593	238	31285	0.86	7.727e-01	9.778e-01	Y	LOC120024164,LOC120029796,LOC120032885,LOC120035602,LOC120036526,LOC120039236,LOC120040610,LOC120044841,LOC120048793,LOC120048801,LOC120052641,LOC120053661,LOC120055983,LOC120056044,LOC120056450,coq6,zgc:92275
GO:0035725	sodium ion transmembrane transport	biological_process	9	2593	132	31285	0.82	7.747e-01	9.778e-01		LOC120028812,LOC120031387,LOC120036205,LOC120041637,LOC120041835,LOC120050593,slc24a5,slc6a22.2,slc8a2b
GO:0009141	nucleoside triphosphate metabolic process	biological_process	9	2593	132	31285	0.82	7.747e-01	9.778e-01		LOC120024980,LOC120027373,LOC120028781,LOC120034173,LOC120044533,LOC120053044,gpia,pfkpa,pklr
GO:0009925	basal plasma membrane	cellular_component	5	2593	77	31285	0.78	7.752e-01	9.778e-01		LOC120019936,LOC120031421,LOC120034039,LOC120049117,aqp7
GO:0035296	regulation of tube diameter	biological_process	6	2593	91	31285	0.8	7.754e-01	9.778e-01		LOC120023737,LOC120024881,LOC120029673,LOC120049071,LOC120053053,LOC120054611
GO:0097746	blood vessel diameter maintenance	biological_process	6	2593	91	31285	0.8	7.754e-01	9.778e-01		LOC120023737,LOC120024881,LOC120029673,LOC120049071,LOC120053053,LOC120054611
GO:0035150	regulation of tube size	biological_process	6	2593	91	31285	0.8	7.754e-01	9.778e-01		LOC120023737,LOC120024881,LOC120029673,LOC120049071,LOC120053053,LOC120054611
GO:1902936	phosphatidylinositol bisphosphate binding	molecular_function	6	2593	91	31285	0.8	7.754e-01	9.778e-01		LOC120020510,LOC120031969,LOC120044048,LOC120044157,LOC120052616,LOC120066476
GO:0071013	catalytic step 2 spliceosome	cellular_component	6	2593	91	31285	0.8	7.754e-01	9.778e-01		LOC120035145,LOC120048196,LOC120051898,LOC120051978,LOC120058340,snrnp40
GO:0032993	protein-DNA complex	cellular_component	7	2593	105	31285	0.8	7.769e-01	9.781e-01		LOC120017900,LOC120021779,LOC120021806,LOC120028892,LOC120037149,LOC120059566,terfa
GO:0051130	positive regulation of cellular component organization	biological_process	20	2593	278	31285	0.87	7.770e-01	9.781e-01		LOC120018287,LOC120021099,LOC120022634,LOC120031042,LOC120031836,LOC120032586,LOC120032610,LOC120033111,LOC120033210,LOC120033233,LOC120034162,LOC120040412,LOC120050049,LOC120059492,LOC120060834,LOC120061462,LOC120062569,LOC120063176,baiap2l1b,plxnb2a.3
GO:1902414	protein localization to cell junction	biological_process	4	2593	63	31285	0.77	7.772e-01	9.781e-01		LOC120025359,arhgap44a,cracr2b,tjp1a
GO:0006650	glycerophospholipid metabolic process	biological_process	19	2593	265	31285	0.87	7.773e-01	9.781e-01	Y	LOC120028326,LOC120030466,LOC120031120,LOC120032022,LOC120032516,LOC120032634,LOC120032876,LOC120033304,LOC120034061,LOC120034531,LOC120041464,LOC120045843,LOC120047943,LOC120048800,LOC120050047,LOC120057283,LOC120062432,gdpd1,impa2
GO:0007043	cell-cell junction assembly	biological_process	10	2593	146	31285	0.83	7.783e-01	9.790e-01		LOC120021513,LOC120027654,LOC120028538,LOC120035933,LOC120037245,LOC120048086,LOC120049991,LOC120052362,LOC120055959,LOC120058746
GO:0022804	active transmembrane transporter activity	molecular_function	35	2593	472	31285	0.89	7.789e-01	9.791e-01		LOC120017775,LOC120018572,LOC120019936,LOC120020076,LOC120024080,LOC120024960,LOC120028812,LOC120031811,LOC120032568,LOC120033247,LOC120034039,LOC120034052,LOC120035172,LOC120037234,LOC120041002,LOC120041070,LOC120045871,LOC120046115,LOC120047322,LOC120047927,LOC120049318,LOC120049363,LOC120050102,LOC120050593,LOC120050825
GO:0015297	antiporter activity	molecular_function	8	2593	119	31285	0.81	7.793e-01	9.791e-01		LOC120019936,LOC120031811,LOC120034039,LOC120037234,LOC120052219,slc24a5,slc8a2b,slc9a1a
GO:0065008	regulation of biological quality	biological_process	109	2593	1404	31285	0.94	7.807e-01	9.794e-01		LOC120018300,LOC120019548,LOC120019936,LOC120020067,LOC120020140,LOC120020510,LOC120021676,LOC120021739,LOC120022442,LOC120022770,LOC120023241,LOC120023737,LOC120024033,LOC120024099,LOC120024881,LOC120024960,LOC120025042,LOC120025359,LOC120026236,LOC120026501,LOC120026950,LOC120027255,LOC120028855,LOC120029007,LOC120029673
GO:0140657	ATP-dependent activity	molecular_function	63	2593	828	31285	0.92	7.812e-01	9.794e-01		LOC120017775,LOC120017858,LOC120018460,LOC120019678,LOC120019826,LOC120020727,LOC120023431,LOC120024699,LOC120026988,LOC120030140,LOC120031210,LOC120032162,LOC120032210,LOC120032568,LOC120032598,LOC120032951,LOC120033547,LOC120034052,LOC120034057,LOC120034531,LOC120035172,LOC120041848,LOC120041865,LOC120043830,LOC120045246
GO:0070382	exocytic vesicle	cellular_component	14	2593	200	31285	0.84	7.819e-01	9.794e-01		LOC120020198,LOC120032050,LOC120032946,LOC120045871,LOC120046321,LOC120048677,LOC120049326,LOC120049373,LOC120052902,LOC120055773,LOC120056477,LOC120066509,bin1b,cracr2b
GO:0010876	lipid localization	biological_process	20	2593	279	31285	0.86	7.822e-01	9.794e-01	Y	LOC120022117,LOC120024080,LOC120027255,LOC120028853,LOC120028919,LOC120031198,LOC120032611,LOC120032954,LOC120034531,LOC120046036,LOC120048357,LOC120048724,LOC120049318,LOC120050518,LOC120050578,LOC120052694,LOC120052909,LOC120065574,apoc2,esyt3
GO:0006869	lipid transport	biological_process	20	2593	279	31285	0.86	7.822e-01	9.794e-01	Y	LOC120022117,LOC120024080,LOC120027255,LOC120028853,LOC120028919,LOC120031198,LOC120032611,LOC120032954,LOC120034531,LOC120046036,LOC120048357,LOC120048724,LOC120049318,LOC120050518,LOC120050578,LOC120052694,LOC120052909,LOC120065574,apoc2,esyt3
GO:0008173	RNA methyltransferase activity	molecular_function	3	2593	49	31285	0.74	7.835e-01	9.794e-01		LOC120034407,LOC120036321,LOC120037503
GO:0030686	90S preribosome	cellular_component	3	2593	49	31285	0.74	7.835e-01	9.794e-01		LOC120048439,LOC120049493,tbl3
GO:0048870	cell motility	biological_process	36	2593	486	31285	0.89	7.837e-01	9.794e-01		LOC120019196,LOC120022634,LOC120023181,LOC120023642,LOC120023737,LOC120024223,LOC120024769,LOC120024896,LOC120024931,LOC120025537,LOC120025545,LOC120027135,LOC120028082,LOC120031042,LOC120032022,LOC120033304,LOC120033438,LOC120035048,LOC120036180,LOC120037605,LOC120041882,LOC120048423,LOC120048618,LOC120048877,LOC120049072
GO:0008021	synaptic vesicle	cellular_component	13	2593	187	31285	0.84	7.837e-01	9.794e-01		LOC120020198,LOC120032050,LOC120032946,LOC120045871,LOC120046321,LOC120048677,LOC120049326,LOC120049373,LOC120052902,LOC120055773,LOC120056477,bin1b,cracr2b
GO:1901879	regulation of protein depolymerization	biological_process	6	2593	92	31285	0.79	7.842e-01	9.794e-01		LOC120020510,LOC120023518,LOC120048421,LOC120052616,LOC120052905,LOC120053522
GO:0010817	regulation of hormone levels	biological_process	6	2593	92	31285	0.79	7.842e-01	9.794e-01		LOC120030016,LOC120035602,LOC120037855,LOC120047639,nmbb,pcsk6
GO:0000070	mitotic sister chromatid segregation	biological_process	5	2593	78	31285	0.77	7.847e-01	9.794e-01		LOC120036138,LOC120050044,LOC120065935,kif20bb,mzt1
GO:1905037	autophagosome organization	biological_process	5	2593	78	31285	0.77	7.847e-01	9.794e-01		LOC120031083,LOC120031328,LOC120046083,LOC120051331,map1lc3a
GO:0007051	spindle organization	biological_process	8	2593	120	31285	0.8	7.870e-01	9.806e-01		LOC120032210,LOC120036138,LOC120042708,LOC120049846,LOC120051397,LOC120065935,kif20bb,mzt1
GO:0009117	nucleotide metabolic process	biological_process	27	2593	371	31285	0.88	7.870e-01	9.806e-01		LOC120020563,LOC120023827,LOC120024980,LOC120027373,LOC120028781,LOC120032167,LOC120032464,LOC120033373,LOC120034173,LOC120034662,LOC120034669,LOC120035753,LOC120044533,LOC120046375,LOC120048037,LOC120050824,LOC120051214,LOC120051245,LOC120051398,LOC120054062,LOC120061001,LOC120061070,LOC120062887,gpia,pfkpa
GO:0003730	mRNA 3'-UTR binding	molecular_function	4	2593	64	31285	0.75	7.877e-01	9.806e-01		LOC120031968,LOC120049316,LOC120049662,angel2
GO:0009190	cyclic nucleotide biosynthetic process	biological_process	4	2593	64	31285	0.75	7.877e-01	9.806e-01		LOC120032464,LOC120048037,LOC120050824,LOC120061001
GO:1902652	secondary alcohol metabolic process	biological_process	4	2593	64	31285	0.75	7.877e-01	9.806e-01		LOC120029796,LOC120035602,apoc2,zgc:92275
GO:1902680	positive regulation of RNA biosynthetic process	biological_process	46	2593	616	31285	0.9	7.921e-01	9.851e-01		LOC120022634,LOC120023046,LOC120023754,LOC120024201,LOC120027231,LOC120028030,LOC120029193,LOC120030220,LOC120031042,LOC120031239,LOC120032589,LOC120032598,LOC120033014,LOC120033139,LOC120034476,LOC120040917,LOC120042248,LOC120043933,LOC120046083,LOC120046489,LOC120047221,LOC120047587,LOC120048863,LOC120049782,LOC120050036
GO:0045893	positive regulation of DNA-templated transcription	biological_process	46	2593	616	31285	0.9	7.921e-01	9.851e-01		LOC120022634,LOC120023046,LOC120023754,LOC120024201,LOC120027231,LOC120028030,LOC120029193,LOC120030220,LOC120031042,LOC120031239,LOC120032589,LOC120032598,LOC120033014,LOC120033139,LOC120034476,LOC120040917,LOC120042248,LOC120043933,LOC120046083,LOC120046489,LOC120047221,LOC120047587,LOC120048863,LOC120049782,LOC120050036
GO:0045944	positive regulation of transcription by RNA polymerase II	biological_process	31	2593	424	31285	0.88	7.927e-01	9.853e-01		LOC120022634,LOC120023754,LOC120024201,LOC120027231,LOC120028030,LOC120029193,LOC120031042,LOC120032589,LOC120032598,LOC120033014,LOC120033139,LOC120040917,LOC120042248,LOC120043933,LOC120046489,LOC120047587,LOC120049782,LOC120050036,LOC120050082,LOC120052620,LOC120052835,LOC120053527,LOC120055750,LOC120055891,LOC120059492
GO:0009259	ribonucleotide metabolic process	biological_process	18	2593	255	31285	0.85	7.938e-01	9.856e-01		LOC120020563,LOC120024980,LOC120027373,LOC120028781,LOC120034173,LOC120034662,LOC120034669,LOC120044533,LOC120046375,LOC120048037,LOC120050824,LOC120051214,LOC120054062,LOC120061001,LOC120061070,gpia,pfkpa,pklr
GO:0000307	cyclin-dependent protein kinase holoenzyme complex	cellular_component	5	2593	79	31285	0.76	7.940e-01	9.856e-01		LOC120049937,LOC120055905,ccna1,gtf2h3,gtf2h4
GO:0016236	macroautophagy	biological_process	8	2593	121	31285	0.8	7.945e-01	9.856e-01		LOC120031083,LOC120031328,LOC120036147,LOC120046083,LOC120046316,LOC120051331,LOC120063270,map1lc3a
GO:0006282	regulation of DNA repair	biological_process	3	2593	50	31285	0.72	7.950e-01	9.856e-01		LOC120026854,LOC120044542,LOC120049359
GO:0016073	snRNA metabolic process	biological_process	3	2593	50	31285	0.72	7.950e-01	9.856e-01		LOC120062433,exosc8,ints8
GO:0022402	cell cycle process	biological_process	43	2593	579	31285	0.9	7.965e-01	9.860e-01		LOC120019248,LOC120019313,LOC120019677,LOC120020950,LOC120022294,LOC120022971,LOC120024463,LOC120026064,LOC120026988,LOC120031062,LOC120032210,LOC120032951,LOC120035100,LOC120036138,LOC120036166,LOC120041882,LOC120042708,LOC120044003,LOC120047331,LOC120047536,LOC120049846,LOC120049937,LOC120050044,LOC120050356,LOC120051397
GO:0045786	negative regulation of cell cycle	biological_process	9	2593	135	31285	0.8	7.965e-01	9.860e-01		LOC120022294,LOC120024463,LOC120032951,LOC120037027,LOC120047536,LOC120051461,LOC120055871,eme1,fancd2
GO:0000278	mitotic cell cycle	biological_process	31	2593	425	31285	0.88	7.968e-01	9.860e-01		LOC120019677,LOC120020950,LOC120021292,LOC120022294,LOC120022971,LOC120024463,LOC120032210,LOC120032951,LOC120033621,LOC120036138,LOC120041882,LOC120047536,LOC120049846,LOC120049937,LOC120050044,LOC120050356,LOC120051397,LOC120051461,LOC120055571,LOC120055871,LOC120055905,LOC120059142,LOC120062708,LOC120065935,ccna1
GO:0070830	bicellular tight junction assembly	biological_process	4	2593	65	31285	0.74	7.977e-01	9.860e-01		LOC120021513,LOC120028538,LOC120035933,LOC120037245
GO:0043297	apical junction assembly	biological_process	4	2593	65	31285	0.74	7.977e-01	9.860e-01		LOC120021513,LOC120028538,LOC120035933,LOC120037245
GO:0000245	spliceosomal complex assembly	biological_process	4	2593	65	31285	0.74	7.977e-01	9.860e-01		LOC120020690,LOC120031968,LOC120058340,LOC120062436
GO:0098588	bounding membrane of organelle	cellular_component	69	2593	910	31285	0.91	7.997e-01	9.879e-01		LOC120017770,LOC120018287,LOC120019901,LOC120020198,LOC120021970,LOC120022305,LOC120022351,LOC120022971,LOC120023754,LOC120024345,LOC120024700,LOC120025214,LOC120025345,LOC120027423,LOC120028889,LOC120028920,LOC120029323,LOC120029738,LOC120031328,LOC120032050,LOC120032359,LOC120032389,LOC120032511,LOC120032888,LOC120033397
GO:0016311	dephosphorylation	biological_process	28	2593	387	31285	0.87	8.002e-01	9.880e-01		LOC120020950,LOC120021292,LOC120025225,LOC120025825,LOC120028326,LOC120029007,LOC120031120,LOC120031800,LOC120032535,LOC120033188,LOC120033554,LOC120033582,LOC120034922,LOC120038717,LOC120040861,LOC120045843,LOC120046598,LOC120048714,LOC120048855,LOC120050811,LOC120056288,LOC120062708,dusp27,phpt1,plppr2b
GO:0000724	double-strand break repair via homologous recombination	biological_process	7	2593	108	31285	0.78	8.010e-01	9.880e-01		LOC120022971,LOC120028892,LOC120033188,LOC120045784,LOC120047331,LOC120051461,LOC120065158
GO:0016747	acyltransferase activity, transferring groups other than amino-acyl groups	molecular_function	21	2593	296	31285	0.86	8.015e-01	9.880e-01		LOC120021369,LOC120022261,LOC120024592,LOC120024893,LOC120032985,LOC120033402,LOC120041311,LOC120044556,LOC120045579,LOC120045988,LOC120049796,LOC120049828,LOC120050597,LOC120053968,LOC120056583,LOC120057794,LOC120058959,elovl6,lipt2,nat9,zdhhc22
GO:0031267	small GTPase binding	molecular_function	13	2593	190	31285	0.83	8.018e-01	9.880e-01		LOC120033919,LOC120034491,LOC120034542,LOC120036180,LOC120048230,LOC120050815,LOC120051048,LOC120052282,fmnl2b,gga3b,rims1b,rims2a,rock2a
GO:0006873	intracellular monoatomic ion homeostasis	biological_process	19	2593	270	31285	0.85	8.030e-01	9.880e-01		LOC120019936,LOC120020649,LOC120026150,LOC120031263,LOC120031811,LOC120032769,LOC120033782,LOC120034039,LOC120034052,LOC120051648,LOC120051696,LOC120052219,LOC120052310,LOC120052569,LOC120053451,LOC120064860,cln3,slc24a5,slc39a13
GO:0030003	intracellular monoatomic cation homeostasis	biological_process	19	2593	270	31285	0.85	8.030e-01	9.880e-01		LOC120019936,LOC120020649,LOC120026150,LOC120031263,LOC120031811,LOC120032769,LOC120033782,LOC120034039,LOC120034052,LOC120051648,LOC120051696,LOC120052219,LOC120052310,LOC120052569,LOC120053451,LOC120064860,cln3,slc24a5,slc39a13
GO:0090575	RNA polymerase II transcription regulator complex	cellular_component	12	2593	177	31285	0.82	8.046e-01	9.880e-01		LOC120017437,LOC120019183,LOC120025338,LOC120029193,LOC120046309,LOC120048085,LOC120049351,e2f7,gtf2h3,gtf2h4,taf10,taf12
GO:0046390	ribose phosphate biosynthetic process	biological_process	12	2593	177	31285	0.82	8.046e-01	9.880e-01		LOC120020563,LOC120027373,LOC120034173,LOC120034662,LOC120034669,LOC120044533,LOC120046375,LOC120048037,LOC120050824,LOC120051214,LOC120061001,LOC120061070
GO:0010648	negative regulation of cell communication	biological_process	33	2593	453	31285	0.88	8.053e-01	9.880e-01		LOC120017648,LOC120018249,LOC120018300,LOC120022070,LOC120023137,LOC120025722,LOC120026854,LOC120027807,LOC120028326,LOC120032913,LOC120033560,LOC120033703,LOC120033907,LOC120036447,LOC120037027,LOC120044555,LOC120047586,LOC120048267,LOC120048766,LOC120051698,LOC120052219,LOC120055472,LOC120056549,LOC120062348,LOC120064119
GO:0023057	negative regulation of signaling	biological_process	33	2593	453	31285	0.88	8.053e-01	9.880e-01		LOC120017648,LOC120018249,LOC120018300,LOC120022070,LOC120023137,LOC120025722,LOC120026854,LOC120027807,LOC120028326,LOC120032913,LOC120033560,LOC120033703,LOC120033907,LOC120036447,LOC120037027,LOC120044555,LOC120047586,LOC120048267,LOC120048766,LOC120051698,LOC120052219,LOC120055472,LOC120056549,LOC120062348,LOC120064119
GO:0005546	phosphatidylinositol-4,5-bisphosphate binding	molecular_function	3	2593	51	31285	0.71	8.060e-01	9.880e-01		LOC120020510,LOC120044157,LOC120052616
GO:0036452	ESCRT complex	cellular_component	3	2593	51	31285	0.71	8.060e-01	9.880e-01		LOC120043732,LOC120052896,tsg101a
GO:0006793	phosphorus metabolic process	biological_process	73	2593	963	31285	0.91	8.065e-01	9.880e-01		LOC120020563,LOC120021611,LOC120023192,LOC120023827,LOC120024269,LOC120024698,LOC120024980,LOC120025430,LOC120027373,LOC120028326,LOC120028781,LOC120029829,LOC120030466,LOC120031120,LOC120032022,LOC120032167,LOC120032464,LOC120032516,LOC120032634,LOC120032822,LOC120032876,LOC120032954,LOC120033304,LOC120033373,LOC120033534
GO:0009888	tissue development	biological_process	20	2593	284	31285	0.85	8.070e-01	9.880e-01		LOC120025359,LOC120027135,LOC120028089,LOC120030952,LOC120031239,LOC120032924,LOC120035048,LOC120040389,LOC120048423,LOC120049192,LOC120051050,LOC120054927,LOC120057544,LOC120065092,LOC120065817,csrp2,csrp3,pck1,tbx19,tjp1a
GO:1901136	carbohydrate derivative catabolic process	biological_process	11	2593	164	31285	0.81	8.079e-01	9.880e-01		LOC120018827,LOC120024980,LOC120028781,LOC120046335,LOC120048861,LOC120054062,ada2b,ctbs,gpia,pfkpa,pklr
GO:0006812	monoatomic cation transport	biological_process	67	2593	888	31285	0.91	8.087e-01	9.880e-01	Y	LOC120017401,LOC120018777,LOC120023241,LOC120023372,LOC120023380,LOC120024696,LOC120024960,LOC120028812,LOC120028855,LOC120029350,LOC120030936,LOC120031387,LOC120031556,LOC120031811,LOC120031838,LOC120032191,LOC120032256,LOC120032764,LOC120032769,LOC120032827,LOC120033238,LOC120033782,LOC120034052,LOC120034271,LOC120034351
GO:0004197	cysteine-type endopeptidase activity	molecular_function	8	2593	123	31285	0.78	8.090e-01	9.880e-01		LOC120024924,LOC120026428,LOC120029034,LOC120048441,LOC120049358,LOC120051406,usp25,usp40
GO:0007010	cytoskeleton organization	biological_process	97	2593	1266	31285	0.92	8.090e-01	9.880e-01		LOC120017751,LOC120019248,LOC120019313,LOC120019678,LOC120019718,LOC120019826,LOC120020510,LOC120021099,LOC120022803,LOC120023518,LOC120024223,LOC120024699,LOC120025642,LOC120026064,LOC120026473,LOC120027135,LOC120027158,LOC120029007,LOC120029135,LOC120029154,LOC120029532,LOC120030952,LOC120031251,LOC120031392,LOC120031791
GO:0015748	organophosphate ester transport	biological_process	9	2593	137	31285	0.79	8.102e-01	9.880e-01		LOC120019901,LOC120027255,LOC120028853,LOC120032611,LOC120050518,LOC120050578,LOC120065574,apoc2,slc25a19
GO:0007229	integrin-mediated signaling pathway	biological_process	5	2593	81	31285	0.74	8.116e-01	9.880e-01		LOC120021739,LOC120028082,LOC120032973,LOC120033570,LOC120058536
GO:0030545	signaling receptor regulator activity	molecular_function	45	2593	610	31285	0.89	8.146e-01	9.880e-01		LOC120020628,LOC120023224,LOC120024769,LOC120024931,LOC120028377,LOC120032526,LOC120032527,LOC120032607,LOC120032924,LOC120032998,LOC120033262,LOC120034797,LOC120035048,LOC120036431,LOC120037605,LOC120044078,LOC120044239,LOC120044421,LOC120044850,LOC120046565,LOC120047302,LOC120047538,LOC120048423,LOC120048704,LOC120049093
GO:0098827	endoplasmic reticulum subcompartment	cellular_component	40	2593	546	31285	0.88	8.153e-01	9.880e-01		LOC120021626,LOC120022261,LOC120024073,LOC120024592,LOC120024700,LOC120025046,LOC120028030,LOC120028889,LOC120029114,LOC120029738,LOC120030879,LOC120030881,LOC120031830,LOC120032387,LOC120032528,LOC120032586,LOC120032593,LOC120034415,LOC120034574,LOC120034949,LOC120036379,LOC120036772,LOC120041248,LOC120042547,LOC120044673
GO:0044089	positive regulation of cellular component biogenesis	biological_process	8	2593	124	31285	0.78	8.159e-01	9.880e-01		LOC120022634,LOC120031042,LOC120033111,LOC120033210,LOC120033233,LOC120034162,LOC120062569,baiap2l1b
GO:0005739	mitochondrion	cellular_component	95	2593	1244	31285	0.92	8.162e-01	9.880e-01		LOC120017969,LOC120018219,LOC120018287,LOC120018326,LOC120020140,LOC120020727,LOC120021140,LOC120021227,LOC120021832,LOC120022305,LOC120023576,LOC120023754,LOC120024165,LOC120024893,LOC120028089,LOC120028564,LOC120029323,LOC120029935,LOC120030854,LOC120031959,LOC120031980,LOC120032222,LOC120032257,LOC120032522,LOC120032827
GO:0016887	ATP hydrolysis activity	molecular_function	30	2593	417	31285	0.87	8.163e-01	9.880e-01		LOC120017775,LOC120017858,LOC120018460,LOC120019678,LOC120020727,LOC120023431,LOC120032568,LOC120032951,LOC120033547,LOC120034057,LOC120035172,LOC120043830,LOC120046306,LOC120047322,LOC120048713,LOC120049318,LOC120050102,LOC120050518,LOC120050817,LOC120051696,LOC120052909,LOC120064850,atad5a,dnah2,get3
GO:0015399	primary active transmembrane transporter activity	molecular_function	12	2593	179	31285	0.81	8.163e-01	9.880e-01		LOC120017775,LOC120032568,LOC120034052,LOC120035172,LOC120046115,LOC120047322,LOC120049318,LOC120049363,LOC120050102,LOC120051696,LOC120052909,LOC120064860
GO:0061631	ubiquitin conjugating enzyme activity	molecular_function	3	2593	52	31285	0.7	8.164e-01	9.880e-01		LOC120031219,LOC120032342,LOC120063782
GO:0005231	excitatory extracellular ligand-gated monoatomic ion channel activity	molecular_function	3	2593	52	31285	0.7	8.164e-01	9.880e-01		LOC120054008,LOC120065438,chrnd
GO:0042398	modified amino acid biosynthetic process	biological_process	3	2593	52	31285	0.7	8.164e-01	9.880e-01		LOC120034531,mthfs,sephs1
GO:0048871	multicellular organismal-level homeostasis	biological_process	4	2593	67	31285	0.72	8.166e-01	9.880e-01		LOC120025359,LOC120034793,LOC120057544,tjp1a
GO:0120193	tight junction organization	biological_process	4	2593	67	31285	0.72	8.166e-01	9.880e-01		LOC120021513,LOC120028538,LOC120035933,LOC120037245
GO:0120192	tight junction assembly	biological_process	4	2593	67	31285	0.72	8.166e-01	9.880e-01		LOC120021513,LOC120028538,LOC120035933,LOC120037245
GO:1901342	regulation of vasculature development	biological_process	4	2593	67	31285	0.72	8.166e-01	9.880e-01		LOC120040917,LOC120042248,LOC120049289,vash1
GO:0045765	regulation of angiogenesis	biological_process	4	2593	67	31285	0.72	8.166e-01	9.880e-01		LOC120040917,LOC120042248,LOC120049289,vash1
GO:0015934	large ribosomal subunit	cellular_component	9	2593	138	31285	0.79	8.168e-01	9.880e-01		LOC120034438,LOC120040891,LOC120042831,LOC120045668,LOC120047749,LOC120050159,LOC120055534,LOC120061384,LOC120063133
GO:0006874	intracellular calcium ion homeostasis	biological_process	10	2593	152	31285	0.79	8.181e-01	9.880e-01		LOC120020649,LOC120026150,LOC120031811,LOC120051648,LOC120051696,LOC120052219,LOC120052310,LOC120053451,LOC120064860,slc24a5
GO:0043177	organic acid binding	molecular_function	10	2593	152	31285	0.79	8.181e-01	9.880e-01		LOC120022117,LOC120031198,LOC120034738,LOC120036826,LOC120045704,LOC120048724,LOC120050431,LOC120062348,LOC120064467,apoc2
GO:0010008	endosome membrane	cellular_component	10	2593	152	31285	0.79	8.181e-01	9.880e-01		LOC120041350,LOC120043732,LOC120052417,LOC120052819,LOC120052896,LOC120062346,appl2,scamp2l,snx1a,tsg101a
GO:0019637	organophosphate metabolic process	biological_process	72	2593	955	31285	0.91	8.186e-01	9.880e-01		LOC120020563,LOC120021611,LOC120023192,LOC120023827,LOC120024269,LOC120024698,LOC120024980,LOC120025430,LOC120027373,LOC120028326,LOC120028781,LOC120029829,LOC120030466,LOC120031120,LOC120032022,LOC120032167,LOC120032464,LOC120032516,LOC120032634,LOC120032822,LOC120032876,LOC120032954,LOC120033304,LOC120033373,LOC120033534
GO:1990904	ribonucleoprotein complex	cellular_component	60	2593	803	31285	0.9	8.192e-01	9.880e-01		LOC120017459,LOC120018251,LOC120021648,LOC120022349,LOC120022431,LOC120023118,LOC120024099,LOC120024786,LOC120024866,LOC120029767,LOC120029858,LOC120031968,LOC120032524,LOC120032907,LOC120032915,LOC120033550,LOC120033551,LOC120033695,LOC120034312,LOC120034438,LOC120035145,LOC120038194,LOC120040891,LOC120042831,LOC120044554
GO:0048568	embryonic organ development	biological_process	5	2593	82	31285	0.74	8.199e-01	9.880e-01		LOC120031239,LOC120032924,LOC120053527,LOC120054283,hoxa2b
GO:0072659	protein localization to plasma membrane	biological_process	11	2593	166	31285	0.8	8.199e-01	9.880e-01		LOC120032586,LOC120032946,LOC120034193,LOC120046321,LOC120046594,LOC120048677,LOC120049991,LOC120053945,LOC120065434,arhgap44a,cracr2b
GO:0051345	positive regulation of hydrolase activity	biological_process	17	2593	247	31285	0.83	8.203e-01	9.880e-01		LOC120021788,LOC120024931,LOC120028901,LOC120037053,LOC120041011,LOC120045786,LOC120046317,LOC120050364,LOC120050602,LOC120055680,LOC120064691,LOC120066476,arap3,arhgap44a,asap1a,rap1gap2a,rgl3a
GO:0032956	regulation of actin cytoskeleton organization	biological_process	19	2593	274	31285	0.84	8.220e-01	9.880e-01		LOC120020510,LOC120021099,LOC120024033,LOC120029007,LOC120031943,LOC120037027,LOC120041011,LOC120044712,LOC120048421,LOC120052616,LOC120052905,LOC120053522,LOC120062569,arfip1,arhgap44a,baiap2l1b,rock2a,si:dkey-11p23.7,siglec15l
GO:0031347	regulation of defense response	biological_process	8	2593	125	31285	0.77	8.226e-01	9.880e-01		LOC120024201,LOC120040917,LOC120042248,LOC120049292,LOC120051325,LOC120051698,LOC120057064,LOC120062720
GO:0003333	amino acid transmembrane transport	biological_process	7	2593	111	31285	0.76	8.230e-01	9.880e-01		LOC120033247,LOC120045684,LOC120046343,LOC120055761,LOC120060024,slc1a2a,slc7a8b
GO:0009451	RNA modification	biological_process	9	2593	139	31285	0.78	8.231e-01	9.880e-01		LOC120030201,LOC120034407,LOC120036321,LOC120037503,LOC120046250,LOC120049645,LOC120061987,dtwd1,sepsecs
GO:0044283	small molecule biosynthetic process	biological_process	21	2593	301	31285	0.84	8.242e-01	9.880e-01		LOC120018326,LOC120023534,LOC120024592,LOC120028089,LOC120028564,LOC120032824,LOC120033534,LOC120033928,LOC120051050,LOC120051463,LOC120058341,LOC120065968,ada2b,apoc2,coq6,dhdds,elovl6,gpia,pck1,pdss2,sephs1
GO:0004722	protein serine/threonine phosphatase activity	molecular_function	6	2593	97	31285	0.75	8.245e-01	9.880e-01		LOC120020950,LOC120021292,LOC120033188,LOC120034214,LOC120034922,LOC120062708
GO:0030097	hemopoiesis	biological_process	6	2593	97	31285	0.75	8.245e-01	9.880e-01		LOC120027902,LOC120033014,LOC120046320,LOC120053918,LOC120055743,cebp1
GO:0051129	negative regulation of cellular component organization	biological_process	17	2593	248	31285	0.83	8.251e-01	9.880e-01		LOC120020510,LOC120023518,LOC120024463,LOC120029007,LOC120032487,LOC120035048,LOC120037027,LOC120047536,LOC120048421,LOC120048423,LOC120051453,LOC120052616,LOC120052905,LOC120053128,LOC120053522,LOC120055337,terfa
GO:0034220	monoatomic ion transmembrane transport	biological_process	61	2593	818	31285	0.9	8.254e-01	9.880e-01		LOC120017401,LOC120023241,LOC120023372,LOC120023380,LOC120024696,LOC120024960,LOC120025077,LOC120028812,LOC120028855,LOC120029323,LOC120029350,LOC120031387,LOC120031556,LOC120031811,LOC120031838,LOC120032764,LOC120032827,LOC120033207,LOC120034052,LOC120034271,LOC120034351,LOC120034738,LOC120035038,LOC120036205,LOC120039049
GO:0022627	cytosolic small ribosomal subunit	cellular_component	4	2593	68	31285	0.71	8.255e-01	9.880e-01		LOC120018251,LOC120042831,LOC120048678,LOC120049967
GO:0016592	mediator complex	cellular_component	4	2593	68	31285	0.71	8.255e-01	9.880e-01		LOC120021226,LOC120029770,thrap3a,zgc:114119
GO:0007049	cell cycle	biological_process	48	2593	652	31285	0.89	8.256e-01	9.880e-01		LOC120019248,LOC120019313,LOC120019677,LOC120020950,LOC120021292,LOC120022294,LOC120022971,LOC120024463,LOC120026064,LOC120026988,LOC120028892,LOC120031062,LOC120032210,LOC120032951,LOC120033621,LOC120035100,LOC120036138,LOC120036166,LOC120041882,LOC120042708,LOC120044003,LOC120047331,LOC120047536,LOC120049846,LOC120049937
GO:0042626	ATPase-coupled transmembrane transporter activity	molecular_function	11	2593	167	31285	0.79	8.257e-01	9.880e-01		LOC120017775,LOC120032568,LOC120034052,LOC120035172,LOC120047322,LOC120049318,LOC120049363,LOC120050102,LOC120051696,LOC120052909,LOC120064860
GO:0006493	protein O-linked glycosylation	biological_process	3	2593	53	31285	0.68	8.264e-01	9.880e-01		LOC120032297,LOC120034165,LOC120055734
GO:0009124	nucleoside monophosphate biosynthetic process	biological_process	3	2593	53	31285	0.68	8.264e-01	9.880e-01		LOC120051214,LOC120051398,LOC120061070
GO:0005343	organic acid:sodium symporter activity	molecular_function	3	2593	53	31285	0.68	8.264e-01	9.880e-01		LOC120024080,LOC120033247,slc1a2a
GO:0005604	basement membrane	cellular_component	3	2593	53	31285	0.68	8.264e-01	9.880e-01		LOC120039460,LOC120049072,lamb4
GO:0046915	transition metal ion transmembrane transporter activity	molecular_function	3	2593	53	31285	0.68	8.264e-01	9.880e-01		LOC120032827,slc30a4,slc39a13
GO:0032970	regulation of actin filament-based process	biological_process	19	2593	275	31285	0.83	8.266e-01	9.880e-01		LOC120020510,LOC120021099,LOC120024033,LOC120029007,LOC120031943,LOC120037027,LOC120041011,LOC120044712,LOC120048421,LOC120052616,LOC120052905,LOC120053522,LOC120062569,arfip1,arhgap44a,baiap2l1b,rock2a,si:dkey-11p23.7,siglec15l
GO:0009968	negative regulation of signal transduction	biological_process	32	2593	446	31285	0.87	8.273e-01	9.880e-01		LOC120017648,LOC120018249,LOC120018300,LOC120022070,LOC120023137,LOC120025722,LOC120026854,LOC120027807,LOC120028326,LOC120032913,LOC120033560,LOC120033703,LOC120033907,LOC120036447,LOC120037027,LOC120044555,LOC120047586,LOC120048267,LOC120048766,LOC120051698,LOC120055472,LOC120056549,LOC120062348,LOC120064119,LOC120065673
GO:0008188	neuropeptide receptor activity	molecular_function	5	2593	83	31285	0.73	8.279e-01	9.880e-01		LOC120020538,LOC120030016,LOC120032432,LOC120049205,LOC120051141
GO:0005975	carbohydrate metabolic process	biological_process	27	2593	381	31285	0.86	8.284e-01	9.880e-01		LOC120018089,LOC120021197,LOC120023192,LOC120024698,LOC120024793,LOC120024980,LOC120025509,LOC120028089,LOC120028781,LOC120031813,LOC120041097,LOC120046032,LOC120046182,LOC120051050,LOC120051463,LOC120052222,LOC120052860,LOC120052901,LOC120055741,LOC120062434,LOC120062522,ctbs,gpia,idua,pck1
GO:0015078	proton transmembrane transporter activity	molecular_function	8	2593	126	31285	0.77	8.292e-01	9.880e-01		LOC120031811,LOC120034052,LOC120044088,LOC120044533,LOC120046115,LOC120049363,LOC120064722,slc9a1a
GO:0051020	GTPase binding	molecular_function	13	2593	195	31285	0.8	8.296e-01	9.880e-01		LOC120033919,LOC120034491,LOC120034542,LOC120036180,LOC120048230,LOC120050815,LOC120051048,LOC120052282,fmnl2b,gga3b,rims1b,rims2a,rock2a
GO:0019887	protein kinase regulator activity	molecular_function	13	2593	195	31285	0.8	8.296e-01	9.880e-01		LOC120025046,LOC120028988,LOC120032250,LOC120048268,LOC120049937,LOC120051399,LOC120055905,LOC120056015,ccna1,cdk5r2a,cdkn2a/b,cdkn2d,sh3bp5lb
GO:0005102	signaling receptor binding	molecular_function	78	2593	1036	31285	0.91	8.309e-01	9.880e-01		LOC120019104,LOC120019203,LOC120019724,LOC120021739,LOC120021774,LOC120022070,LOC120022415,LOC120023224,LOC120023487,LOC120024214,LOC120024359,LOC120024769,LOC120024931,LOC120025932,LOC120028082,LOC120028229,LOC120028377,LOC120031328,LOC120032514,LOC120032517,LOC120032526,LOC120032527,LOC120032924,LOC120032973,LOC120033051
GO:0003714	transcription corepressor activity	molecular_function	11	2593	168	31285	0.79	8.314e-01	9.880e-01		LOC120021680,LOC120025161,LOC120032655,LOC120032932,LOC120033560,LOC120043670,LOC120046050,LOC120046301,LOC120049627,LOC120057199,LOC120065442
GO:0005765	lysosomal membrane	cellular_component	6	2593	98	31285	0.74	8.318e-01	9.880e-01		LOC120022971,LOC120024700,LOC120025345,LOC120032389,LOC120060166,mcoln1b
GO:0098852	lytic vacuole membrane	cellular_component	6	2593	98	31285	0.74	8.318e-01	9.880e-01		LOC120022971,LOC120024700,LOC120025345,LOC120032389,LOC120060166,mcoln1b
GO:0030234	enzyme regulator activity	molecular_function	101	2593	1327	31285	0.92	8.326e-01	9.880e-01		LOC120018265,LOC120018283,LOC120018288,LOC120018364,LOC120019682,LOC120020088,LOC120021788,LOC120023315,LOC120024033,LOC120025046,LOC120025121,LOC120025545,LOC120027734,LOC120028632,LOC120028901,LOC120028988,LOC120029927,LOC120031250,LOC120031835,LOC120032250,LOC120032359,LOC120032492,LOC120032520,LOC120032521,LOC120032563
GO:0007166	cell surface receptor signaling pathway	biological_process	120	2593	1566	31285	0.92	8.334e-01	9.880e-01		LOC120018062,LOC120019104,LOC120020067,LOC120020322,LOC120020649,LOC120021676,LOC120021739,LOC120021774,LOC120022070,LOC120022305,LOC120022415,LOC120022426,LOC120023181,LOC120023224,LOC120024214,LOC120024896,LOC120024931,LOC120025042,LOC120026501,LOC120027678,LOC120028082,LOC120031410,LOC120031671,LOC120031752,LOC120032458
GO:0006413	translational initiation	biological_process	4	2593	69	31285	0.7	8.341e-01	9.880e-01		LOC120030140,LOC120061880,eif3m,eif4a2
GO:0000776	kinetochore	cellular_component	4	2593	69	31285	0.7	8.341e-01	9.880e-01		LOC120033767,LOC120041882,LOC120047536,ndel1b
GO:0005643	nuclear pore	cellular_component	4	2593	69	31285	0.7	8.341e-01	9.880e-01		LOC120019683,LOC120020088,nup85,tpra
GO:1901137	carbohydrate derivative biosynthetic process	biological_process	33	2593	461	31285	0.86	8.342e-01	9.880e-01		LOC120020563,LOC120021197,LOC120021626,LOC120023576,LOC120024793,LOC120025509,LOC120027373,LOC120031813,LOC120032297,LOC120034165,LOC120034173,LOC120034662,LOC120034669,LOC120037083,LOC120044533,LOC120046375,LOC120048037,LOC120048047,LOC120049548,LOC120050824,LOC120051214,LOC120051398,LOC120052222,LOC120053529,LOC120053998
GO:0006605	protein targeting	biological_process	9	2593	141	31285	0.77	8.354e-01	9.880e-01		LOC120018066,LOC120032888,LOC120034949,LOC120046754,LOC120052896,LOC120060182,get3,gid4,spcs2
GO:0051213	dioxygenase activity	molecular_function	8	2593	127	31285	0.76	8.355e-01	9.880e-01	Y	LOC120024164,LOC120031483,LOC120035040,LOC120035180,LOC120036526,LOC120039236,LOC120054458,bco2a
GO:0000118	histone deacetylase complex	cellular_component	5	2593	84	31285	0.72	8.356e-01	9.880e-01		LOC120032932,LOC120034085,LOC120048713,LOC120057199,ruvbl2
GO:0000932	P-body	cellular_component	5	2593	84	31285	0.72	8.356e-01	9.880e-01		LOC120022442,LOC120024859,LOC120026950,LOC120044165,LOC120066515
GO:0045178	basal part of cell	cellular_component	5	2593	84	31285	0.72	8.356e-01	9.880e-01		LOC120019936,LOC120031421,LOC120034039,LOC120049117,aqp7
GO:0030833	regulation of actin filament polymerization	biological_process	10	2593	155	31285	0.78	8.359e-01	9.880e-01		LOC120020510,LOC120024033,LOC120029007,LOC120031943,LOC120037027,LOC120048421,LOC120052616,LOC120052905,LOC120053522,baiap2l1b
GO:0180051	translation factor activity	molecular_function	10	2593	155	31285	0.78	8.359e-01	9.880e-01		LOC120025151,LOC120030140,LOC120033297,LOC120034532,LOC120046468,LOC120049316,LOC120051114,LOC120061880,eif3m,eif4a2
GO:0055074	calcium ion homeostasis	biological_process	10	2593	155	31285	0.78	8.359e-01	9.880e-01		LOC120020649,LOC120026150,LOC120031811,LOC120051648,LOC120051696,LOC120052219,LOC120052310,LOC120053451,LOC120064860,slc24a5
GO:0016903	oxidoreductase activity, acting on the aldehyde or oxo group of donors	molecular_function	3	2593	54	31285	0.67	8.359e-01	9.880e-01		LOC120048535,LOC120050321,aldh3b2
GO:0004536	DNA nuclease activity	molecular_function	3	2593	54	31285	0.67	8.359e-01	9.880e-01		LOC120032639,LOC120064863,dclre1a
GO:0009201	ribonucleoside triphosphate biosynthetic process	biological_process	3	2593	54	31285	0.67	8.359e-01	9.880e-01		LOC120027373,LOC120034173,LOC120044533
GO:0016758	hexosyltransferase activity	molecular_function	18	2593	264	31285	0.82	8.370e-01	9.888e-01		LOC120019384,LOC120022528,LOC120024210,LOC120031113,LOC120032297,LOC120032466,LOC120033520,LOC120034371,LOC120042352,LOC120048047,LOC120052222,LOC120053529,LOC120055734,LOC120056216,LOC120062522,LOC120066694,mfng,zgc:92907
GO:0007009	plasma membrane organization	biological_process	6	2593	99	31285	0.73	8.389e-01	9.896e-01		LOC120027255,LOC120033985,LOC120044655,LOC120050578,LOC120064749,baiap2l1b
GO:0016050	vesicle organization	biological_process	17	2593	251	31285	0.82	8.389e-01	9.896e-01		LOC120022111,LOC120023396,LOC120032359,LOC120032572,LOC120043732,LOC120048162,LOC120048677,LOC120048708,LOC120058476,LOC120058839,LOC120060502,LOC120062271,LOC120062523,LOC120063507,cracr2b,rab38b,sar1aa
GO:0009725	response to hormone	biological_process	17	2593	251	31285	0.82	8.389e-01	9.896e-01		LOC120022070,LOC120023754,LOC120027037,LOC120028030,LOC120028089,LOC120030016,LOC120031421,LOC120033116,LOC120033139,LOC120034058,LOC120034531,LOC120035602,LOC120048677,LOC120049205,LOC120051050,cracr2b,pck1
GO:0015698	inorganic anion transport	biological_process	9	2593	142	31285	0.76	8.413e-01	9.919e-01	Y	LOC120024960,LOC120025077,LOC120033207,LOC120034738,LOC120037234,LOC120045785,LOC120061883,ano9b,slc24a5
GO:0004721	phosphoprotein phosphatase activity	molecular_function	20	2593	292	31285	0.83	8.423e-01	9.926e-01		LOC120020950,LOC120021292,LOC120025041,LOC120025825,LOC120026854,LOC120029007,LOC120031800,LOC120032535,LOC120033188,LOC120034214,LOC120034922,LOC120046458,LOC120048714,LOC120048855,LOC120062708,dusp27,phpt1,ptprc,timm50,zgc:77752
GO:0043244	regulation of protein-containing complex disassembly	biological_process	7	2593	114	31285	0.74	8.431e-01	9.926e-01		LOC120020510,LOC120023518,LOC120048421,LOC120051453,LOC120052616,LOC120052905,LOC120053522
GO:1990778	protein localization to cell periphery	biological_process	12	2593	184	31285	0.79	8.433e-01	9.926e-01		LOC120032586,LOC120032946,LOC120034193,LOC120046321,LOC120046594,LOC120048677,LOC120049117,LOC120049991,LOC120053945,LOC120065434,arhgap44a,cracr2b
GO:0003723	RNA binding	molecular_function	114	2593	1496	31285	0.92	8.435e-01	9.926e-01		LOC120017459,LOC120018251,LOC120018286,LOC120019548,LOC120020140,LOC120022143,LOC120022168,LOC120022349,LOC120022431,LOC120023118,LOC120024099,LOC120024786,LOC120024866,LOC120025200,LOC120027918,LOC120027929,LOC120028308,LOC120028545,LOC120028755,LOC120029476,LOC120029767,LOC120030201,LOC120031391,LOC120031944,LOC120031968
GO:0043539	protein serine/threonine kinase activator activity	molecular_function	3	2593	55	31285	0.66	8.450e-01	9.938e-01		LOC120025046,LOC120051399,cdk5r2a
GO:0030148	sphingolipid biosynthetic process	biological_process	6	2593	100	31285	0.72	8.457e-01	9.938e-01	Y	LOC120021197,LOC120024592,LOC120029738,LOC120053998,LOC120065968,elovl6
GO:0051128	regulation of cellular component organization	biological_process	67	2593	903	31285	0.9	8.469e-01	9.938e-01		LOC120018287,LOC120020510,LOC120021099,LOC120022634,LOC120023320,LOC120023518,LOC120024033,LOC120024345,LOC120024463,LOC120029007,LOC120031042,LOC120031836,LOC120031943,LOC120032487,LOC120032502,LOC120032586,LOC120032610,LOC120033111,LOC120033210,LOC120033233,LOC120033304,LOC120033559,LOC120034162,LOC120035048,LOC120035147
GO:0005789	endoplasmic reticulum membrane	cellular_component	38	2593	530	31285	0.87	8.469e-01	9.938e-01		LOC120021626,LOC120022261,LOC120024073,LOC120024592,LOC120024700,LOC120028030,LOC120028889,LOC120029114,LOC120029738,LOC120030879,LOC120030881,LOC120031830,LOC120032387,LOC120032528,LOC120032593,LOC120034415,LOC120034574,LOC120034949,LOC120036379,LOC120036772,LOC120041248,LOC120042547,LOC120044673,LOC120048225,LOC120048357
GO:0004879	nuclear receptor activity	molecular_function	9	2593	143	31285	0.76	8.470e-01	9.938e-01		LOC120027037,LOC120029153,LOC120033116,LOC120033754,LOC120036690,LOC120052835,LOC120053938,LOC120057896,LOC120066682
GO:0098531	ligand-modulated transcription factor activity	molecular_function	9	2593	143	31285	0.76	8.470e-01	9.938e-01		LOC120027037,LOC120029153,LOC120033116,LOC120033754,LOC120036690,LOC120052835,LOC120053938,LOC120057896,LOC120066682
GO:0032870	cellular response to hormone stimulus	biological_process	15	2593	226	31285	0.8	8.481e-01	9.945e-01		LOC120022070,LOC120023754,LOC120027037,LOC120028030,LOC120028089,LOC120030016,LOC120033116,LOC120034058,LOC120034531,LOC120035602,LOC120048677,LOC120049205,LOC120051050,cracr2b,pck1
GO:0009887	animal organ morphogenesis	biological_process	12	2593	185	31285	0.78	8.484e-01	9.945e-01		LOC120031239,LOC120032708,LOC120032924,LOC120033014,LOC120033262,LOC120049360,LOC120053527,LOC120054283,LOC120065817,fgf7,hoxa2b,tbx19
GO:0016409	palmitoyltransferase activity	molecular_function	4	2593	71	31285	0.68	8.501e-01	9.946e-01		LOC120024893,LOC120045579,LOC120053968,zdhhc22
GO:0000779	condensed chromosome, centromeric region	cellular_component	4	2593	71	31285	0.68	8.501e-01	9.946e-01		LOC120033767,LOC120041882,LOC120047536,ndel1b
GO:0042255	ribosome assembly	biological_process	4	2593	71	31285	0.68	8.501e-01	9.946e-01		LOC120042831,LOC120048678,LOC120064971,mrps7
GO:0019751	polyol metabolic process	biological_process	5	2593	86	31285	0.7	8.502e-01	9.946e-01		LOC120033534,LOC120050825,LOC120054062,LOC120065968,impa2
GO:0030509	BMP signaling pathway	biological_process	6	2593	101	31285	0.72	8.523e-01	9.946e-01		LOC120023224,LOC120033541,LOC120044850,LOC120047538,LOC120060385,ndr2
GO:0051087	protein-folding chaperone binding	molecular_function	6	2593	101	31285	0.72	8.523e-01	9.946e-01		LOC120031979,LOC120046455,LOC120050349,LOC120058342,LOC120058343,LOC120064703
GO:0022626	cytosolic ribosome	cellular_component	10	2593	158	31285	0.76	8.523e-01	9.946e-01		LOC120018251,LOC120034438,LOC120040891,LOC120042831,LOC120048678,LOC120049967,LOC120050159,LOC120055534,LOC120061384,LOC120063133
GO:0006164	purine nucleotide biosynthetic process	biological_process	12	2593	186	31285	0.78	8.533e-01	9.946e-01		LOC120032167,LOC120033373,LOC120034173,LOC120034662,LOC120034669,LOC120044533,LOC120048037,LOC120050824,LOC120051214,LOC120051245,LOC120061001,LOC120061070
GO:0051656	establishment of organelle localization	biological_process	12	2593	186	31285	0.78	8.533e-01	9.946e-01		LOC120019826,LOC120024699,LOC120032514,LOC120041882,LOC120047270,LOC120047537,LOC120064971,myo1ha,myo5aa,ndel1b,si:ch211-243a20.3,trak1a
GO:0043025	neuronal cell body	cellular_component	7	2593	116	31285	0.73	8.554e-01	9.946e-01		LOC120023380,LOC120031838,LOC120034271,LOC120035097,LOC120049662,LOC120056459,LOC120060854
GO:0044297	cell body	cellular_component	7	2593	116	31285	0.73	8.554e-01	9.946e-01		LOC120023380,LOC120031838,LOC120034271,LOC120035097,LOC120049662,LOC120056459,LOC120060854
GO:0006811	monoatomic ion transport	biological_process	88	2593	1174	31285	0.9	8.554e-01	9.946e-01	Y	LOC120017401,LOC120018777,LOC120019936,LOC120021676,LOC120023241,LOC120023372,LOC120023380,LOC120024696,LOC120024960,LOC120025077,LOC120026501,LOC120026774,LOC120028812,LOC120028855,LOC120029323,LOC120029350,LOC120030936,LOC120031313,LOC120031387,LOC120031556,LOC120031587,LOC120031811,LOC120031838,LOC120032191,LOC120032256
GO:0140677	molecular function activator activity	molecular_function	80	2593	1073	31285	0.9	8.566e-01	9.946e-01		LOC120018283,LOC120018288,LOC120020088,LOC120020628,LOC120021788,LOC120023224,LOC120024033,LOC120024769,LOC120024931,LOC120025046,LOC120027734,LOC120028377,LOC120028632,LOC120028901,LOC120032359,LOC120032526,LOC120032527,LOC120032607,LOC120032924,LOC120032998,LOC120033262,LOC120034795,LOC120034797,LOC120035048,LOC120036166
GO:0005874	microtubule	cellular_component	15	2593	228	31285	0.79	8.569e-01	9.946e-01		LOC120023518,LOC120025642,LOC120026473,LOC120033621,LOC120036138,LOC120040756,LOC120042376,LOC120042708,LOC120047537,LOC120055571,LOC120058008,LOC120059142,gtse1,kif20bb,kif28
GO:0090092	regulation of transmembrane receptor protein serine/threonine kinase signaling pathway	biological_process	4	2593	72	31285	0.67	8.576e-01	9.946e-01		LOC120018249,LOC120027807,LOC120047586,nog2
GO:0043254	regulation of protein-containing complex assembly	biological_process	12	2593	187	31285	0.77	8.580e-01	9.946e-01		LOC120020510,LOC120024033,LOC120024345,LOC120029007,LOC120031943,LOC120037027,LOC120048421,LOC120052616,LOC120052905,LOC120053128,LOC120053522,baiap2l1b
GO:0005496	steroid binding	molecular_function	6	2593	102	31285	0.71	8.586e-01	9.946e-01		LOC120029153,LOC120048357,LOC120049172,LOC120059442,apoc2,si:dkey-6n21.13
GO:0045596	negative regulation of cell differentiation	biological_process	6	2593	102	31285	0.71	8.586e-01	9.946e-01		LOC120027807,LOC120032389,LOC120035048,LOC120048423,LOC120049334,nog2
GO:0046034	ATP metabolic process	biological_process	6	2593	102	31285	0.71	8.586e-01	9.946e-01		LOC120024980,LOC120028781,LOC120044533,gpia,pfkpa,pklr
GO:0005096	GTPase activator activity	molecular_function	19	2593	283	31285	0.81	8.599e-01	9.946e-01		LOC120018283,LOC120018288,LOC120020088,LOC120021788,LOC120024033,LOC120028632,LOC120028901,LOC120032359,LOC120032998,LOC120041011,LOC120050602,LOC120052979,LOC120052988,LOC120064691,LOC120066476,arap3,arhgap44a,asap1a,rap1gap2a
GO:0031248	protein acetyltransferase complex	cellular_component	7	2593	117	31285	0.72	8.613e-01	9.946e-01		LOC120022743,LOC120033348,LOC120034476,LOC120051307,ruvbl2,taf10,taf12
GO:0004812	aminoacyl-tRNA ligase activity	molecular_function	3	2593	57	31285	0.64	8.618e-01	9.946e-01		LOC120024894,LOC120046332,LOC120064423
GO:0006418	tRNA aminoacylation for protein translation	biological_process	3	2593	57	31285	0.64	8.618e-01	9.946e-01		LOC120024894,LOC120046332,LOC120064423
GO:0016875	ligase activity, forming carbon-oxygen bonds	molecular_function	3	2593	57	31285	0.64	8.618e-01	9.946e-01	Y	LOC120024894,LOC120046332,LOC120064423
GO:0009123	nucleoside monophosphate metabolic process	biological_process	3	2593	57	31285	0.64	8.618e-01	9.946e-01		LOC120051214,LOC120051398,LOC120061070
GO:0097708	intracellular vesicle	cellular_component	79	2593	1063	31285	0.9	8.622e-01	9.946e-01		LOC120017480,LOC120017770,LOC120020198,LOC120021737,LOC120021970,LOC120022351,LOC120024700,LOC120028889,LOC120032050,LOC120032359,LOC120032511,LOC120032946,LOC120033238,LOC120033716,LOC120034246,LOC120034576,LOC120036681,LOC120040838,LOC120041350,LOC120042932,LOC120043732,LOC120044555,LOC120044655,LOC120044681,LOC120044712
GO:0030198	extracellular matrix organization	biological_process	9	2593	146	31285	0.74	8.632e-01	9.946e-01		LOC120017348,LOC120024764,LOC120029094,LOC120030234,LOC120049072,LOC120052766,adamts18,lamb4,ndnfl
GO:0045229	external encapsulating structure organization	biological_process	9	2593	146	31285	0.74	8.632e-01	9.946e-01		LOC120017348,LOC120024764,LOC120029094,LOC120030234,LOC120049072,LOC120052766,adamts18,lamb4,ndnfl
GO:0006865	amino acid transport	biological_process	9	2593	146	31285	0.74	8.632e-01	9.946e-01		LOC120028937,LOC120033247,LOC120045684,LOC120046343,LOC120055761,LOC120060024,LOC120062344,slc1a2a,slc7a8b
GO:0032886	regulation of microtubule-based process	biological_process	9	2593	146	31285	0.74	8.632e-01	9.946e-01		LOC120022770,LOC120023518,LOC120024223,LOC120031836,LOC120056015,bora,cep131,cfap20,rock2a
GO:0006091	generation of precursor metabolites and energy	biological_process	19	2593	284	31285	0.81	8.637e-01	9.946e-01		LOC120017969,LOC120024980,LOC120028781,LOC120031281,LOC120031959,LOC120033928,LOC120046032,LOC120046115,LOC120046182,LOC120050321,LOC120053661,LOC120058265,LOC120058284,LOC120058341,fdx2,gpia,pfkpa,pgd,pklr
GO:0009063	amino acid catabolic process	biological_process	5	2593	88	31285	0.69	8.638e-01	9.946e-01		LOC120023534,LOC120028813,LOC120048269,LOC120053922,LOC120054458
GO:0006672	ceramide metabolic process	biological_process	5	2593	88	31285	0.69	8.638e-01	9.946e-01		LOC120021197,LOC120029738,LOC120048861,LOC120053998,LOC120058208
GO:0042175	nuclear outer membrane-endoplasmic reticulum membrane network	cellular_component	38	2593	536	31285	0.86	8.643e-01	9.946e-01		LOC120021626,LOC120022261,LOC120024073,LOC120024592,LOC120024700,LOC120028030,LOC120028889,LOC120029114,LOC120029738,LOC120030879,LOC120030881,LOC120031830,LOC120032387,LOC120032528,LOC120032593,LOC120034415,LOC120034574,LOC120034949,LOC120036379,LOC120036772,LOC120041248,LOC120042547,LOC120044673,LOC120048225,LOC120048357
GO:0005777	peroxisome	cellular_component	6	2593	103	31285	0.7	8.647e-01	9.946e-01		LOC120018287,LOC120020725,LOC120025214,LOC120046857,LOC120047124,LOC120049318
GO:0042579	microbody	cellular_component	6	2593	103	31285	0.7	8.647e-01	9.946e-01		LOC120018287,LOC120020725,LOC120025214,LOC120046857,LOC120047124,LOC120049318
GO:0060341	regulation of cellular localization	biological_process	4	2593	73	31285	0.66	8.648e-01	9.946e-01		LOC120033963,LOC120035147,LOC120045843,LOC120056015
GO:0019897	extrinsic component of plasma membrane	cellular_component	15	2593	230	31285	0.79	8.653e-01	9.946e-01		LOC120019724,LOC120024214,LOC120024702,LOC120027654,LOC120032589,LOC120033549,LOC120033963,LOC120034227,LOC120034244,LOC120051882,LOC120052362,LOC120055959,LOC120058746,LOC120060862,LOC120061057
GO:0061024	membrane organization	biological_process	33	2593	471	31285	0.85	8.659e-01	9.946e-01		LOC120022111,LOC120023396,LOC120025932,LOC120027255,LOC120032359,LOC120032528,LOC120032572,LOC120032593,LOC120033985,LOC120034492,LOC120034543,LOC120043732,LOC120044655,LOC120048162,LOC120048677,LOC120048708,LOC120050074,LOC120050097,LOC120050518,LOC120050578,LOC120053361,LOC120058476,LOC120058961,LOC120060502,LOC120060929
GO:0043087	regulation of GTPase activity	biological_process	22	2593	325	31285	0.82	8.659e-01	9.946e-01		LOC120021788,LOC120024931,LOC120025545,LOC120028901,LOC120031616,LOC120037053,LOC120040412,LOC120041011,LOC120045786,LOC120050049,LOC120050602,LOC120055680,LOC120058295,LOC120060204,LOC120064691,LOC120066476,arap3,arhgap44a,asap1a,plxnb2a.3,rap1gap2a,rgl3a
GO:0140535	intracellular protein-containing complex	cellular_component	75	2593	1014	31285	0.89	8.663e-01	9.946e-01		LOC120017437,LOC120017447,LOC120017880,LOC120019183,LOC120020583,LOC120021373,LOC120022272,LOC120022442,LOC120022743,LOC120023431,LOC120024099,LOC120026463,LOC120026950,LOC120028660,LOC120029767,LOC120030053,LOC120030879,LOC120030881,LOC120032224,LOC120032250,LOC120032502,LOC120032610,LOC120032635,LOC120032805,LOC120032819
GO:0005543	phospholipid binding	molecular_function	24	2593	352	31285	0.82	8.667e-01	9.946e-01	Y	LOC120020510,LOC120022351,LOC120022971,LOC120028853,LOC120029154,LOC120030466,LOC120031969,LOC120034026,LOC120044157,LOC120044655,LOC120048691,LOC120049373,LOC120049375,LOC120049425,LOC120052616,LOC120052681,LOC120056443,LOC120057283,LOC120062346,apoc2,arap3,arfip1,bin1b,snx1a
GO:0061695	transferase complex, transferring phosphorus-containing groups	cellular_component	27	2593	392	31285	0.83	8.668e-01	9.946e-01		LOC120017437,LOC120019183,LOC120026463,LOC120032022,LOC120032250,LOC120032684,LOC120032819,LOC120032876,LOC120034061,LOC120036753,LOC120041464,LOC120046182,LOC120048085,LOC120048860,LOC120049937,LOC120050047,LOC120054763,LOC120055750,LOC120055905,ccna1,cdk5r2a,gtf2h3,gtf2h4,pfkpa,polr2h
GO:0008064	regulation of actin polymerization or depolymerization	biological_process	10	2593	161	31285	0.75	8.674e-01	9.946e-01		LOC120020510,LOC120024033,LOC120029007,LOC120031943,LOC120037027,LOC120048421,LOC120052616,LOC120052905,LOC120053522,baiap2l1b
GO:0030832	regulation of actin filament length	biological_process	10	2593	161	31285	0.75	8.674e-01	9.946e-01		LOC120020510,LOC120024033,LOC120029007,LOC120031943,LOC120037027,LOC120048421,LOC120052616,LOC120052905,LOC120053522,baiap2l1b
GO:0043062	extracellular structure organization	biological_process	9	2593	147	31285	0.74	8.682e-01	9.946e-01		LOC120017348,LOC120024764,LOC120029094,LOC120030234,LOC120049072,LOC120052766,adamts18,lamb4,ndnfl
GO:0003924	GTPase activity	molecular_function	46	2593	642	31285	0.86	8.689e-01	9.946e-01		LOC120027423,LOC120028852,LOC120029969,LOC120031975,LOC120032897,LOC120032946,LOC120033297,LOC120033549,LOC120034246,LOC120034532,LOC120034576,LOC120035061,LOC120040756,LOC120044120,LOC120044712,LOC120045525,LOC120045939,LOC120046321,LOC120048439,LOC120048677,LOC120049166,LOC120049278,LOC120050139,LOC120055571,LOC120055773
GO:0046513	ceramide biosynthetic process	biological_process	3	2593	58	31285	0.62	8.696e-01	9.946e-01		LOC120021197,LOC120029738,LOC120053998
GO:0140303	intramembrane lipid carrier activity	molecular_function	3	2593	58	31285	0.62	8.696e-01	9.946e-01	Y	LOC120028853,LOC120050518,LOC120050578
GO:0005539	glycosaminoglycan binding	molecular_function	3	2593	58	31285	0.62	8.696e-01	9.946e-01		LOC120023487,LOC120046335,col11a2
GO:0009142	nucleoside triphosphate biosynthetic process	biological_process	3	2593	58	31285	0.62	8.696e-01	9.946e-01		LOC120027373,LOC120034173,LOC120044533
GO:0071880	adenylate cyclase-activating adrenergic receptor signaling pathway	biological_process	5	2593	89	31285	0.68	8.701e-01	9.946e-01		LOC120024226,LOC120029877,LOC120048215,LOC120055812,drd2a
GO:0051052	regulation of DNA metabolic process	biological_process	6	2593	104	31285	0.7	8.706e-01	9.946e-01		LOC120026854,LOC120040917,LOC120042248,LOC120044542,LOC120049359,terfa
GO:0032880	regulation of protein localization	biological_process	6	2593	104	31285	0.7	8.706e-01	9.946e-01		LOC120030016,LOC120033963,LOC120034415,LOC120035147,LOC120036772,LOC120053128
GO:0008194	UDP-glycosyltransferase activity	molecular_function	11	2593	176	31285	0.75	8.716e-01	9.946e-01		LOC120025254,LOC120032466,LOC120033520,LOC120034165,LOC120034371,LOC120048047,LOC120052222,LOC120053529,LOC120055734,LOC120062522,mfng
GO:0003735	structural constituent of ribosome	molecular_function	18	2593	273	31285	0.8	8.731e-01	9.946e-01		LOC120018251,LOC120022431,LOC120029767,LOC120031371,LOC120034438,LOC120040891,LOC120042831,LOC120045668,LOC120047749,LOC120048678,LOC120049967,LOC120050159,LOC120055534,LOC120061384,LOC120063133,LOC120065131,mrps7,rps24
GO:0005764	lysosome	cellular_component	15	2593	232	31285	0.78	8.733e-01	9.946e-01		LOC120018089,LOC120022971,LOC120024700,LOC120024924,LOC120025225,LOC120025345,LOC120026877,LOC120032389,LOC120035101,LOC120060166,LOC120060502,cln3,mcoln1b,rab38b,rragca
GO:0006974	DNA damage response	biological_process	32	2593	461	31285	0.84	8.750e-01	9.946e-01		LOC120022294,LOC120022305,LOC120022971,LOC120026428,LOC120028892,LOC120030864,LOC120032639,LOC120033188,LOC120034167,LOC120034187,LOC120034479,LOC120035390,LOC120044542,LOC120045784,LOC120046598,LOC120047331,LOC120049662,LOC120051461,LOC120051989,LOC120055871,LOC120056015,LOC120059167,LOC120065158,dclre1a,eme1
GO:0098562	cytoplasmic side of membrane	cellular_component	12	2593	191	31285	0.76	8.759e-01	9.946e-01		LOC120021774,LOC120024214,LOC120024700,LOC120024702,LOC120033549,LOC120033963,LOC120034227,LOC120034244,LOC120037504,LOC120048855,LOC120051882,LOC120061057
GO:0070279	vitamin B6 binding	molecular_function	5	2593	90	31285	0.67	8.762e-01	9.946e-01		LOC120032824,LOC120033373,LOC120034530,LOC120051245,LOC120053922
GO:0030170	pyridoxal phosphate binding	molecular_function	5	2593	90	31285	0.67	8.762e-01	9.946e-01		LOC120032824,LOC120033373,LOC120034530,LOC120051245,LOC120053922
GO:0019209	kinase activator activity	molecular_function	5	2593	90	31285	0.67	8.762e-01	9.946e-01		LOC120025046,LOC120034795,LOC120051399,LOC120056015,cdk5r2a
GO:0022900	electron transport chain	biological_process	6	2593	105	31285	0.69	8.763e-01	9.946e-01		LOC120031959,LOC120046115,LOC120053661,LOC120058265,LOC120058284,fdx2
GO:0000793	condensed chromosome	cellular_component	6	2593	105	31285	0.69	8.763e-01	9.946e-01		LOC120033767,LOC120036166,LOC120041882,LOC120047536,fancd2,ndel1b
GO:0019693	ribose phosphate metabolic process	biological_process	18	2593	274	31285	0.79	8.767e-01	9.946e-01		LOC120020563,LOC120024980,LOC120027373,LOC120028781,LOC120034173,LOC120034662,LOC120034669,LOC120044533,LOC120046375,LOC120048037,LOC120050824,LOC120051214,LOC120054062,LOC120061001,LOC120061070,gpia,pfkpa,pklr
GO:0061650	ubiquitin-like protein conjugating enzyme activity	molecular_function	3	2593	59	31285	0.61	8.770e-01	9.946e-01		LOC120031219,LOC120032342,LOC120063782
GO:2001234	negative regulation of apoptotic signaling pathway	biological_process	3	2593	59	31285	0.61	8.770e-01	9.946e-01		LOC120026854,LOC120064119,rnf34a
GO:0009205	purine ribonucleoside triphosphate metabolic process	biological_process	7	2593	120	31285	0.7	8.777e-01	9.946e-01		LOC120024980,LOC120028781,LOC120034173,LOC120044533,gpia,pfkpa,pklr
GO:0051276	chromosome organization	biological_process	16	2593	247	31285	0.78	8.781e-01	9.946e-01		LOC120024463,LOC120026988,LOC120028892,LOC120036138,LOC120036166,LOC120044542,LOC120050044,LOC120051989,LOC120052647,LOC120065935,dclre1a,fancd2,kif20bb,mzt1,terf1,terfa
GO:0008287	protein serine/threonine phosphatase complex	cellular_component	4	2593	75	31285	0.64	8.783e-01	9.946e-01		LOC120029981,LOC120033582,LOC120045648,LOC120046598
GO:1903293	phosphatase complex	cellular_component	4	2593	75	31285	0.64	8.783e-01	9.946e-01		LOC120029981,LOC120033582,LOC120045648,LOC120046598
GO:0000381	regulation of alternative mRNA splicing, via spliceosome	biological_process	4	2593	75	31285	0.64	8.783e-01	9.946e-01		LOC120029476,LOC120031968,LOC120049662,rbm15
GO:0072521	purine-containing compound metabolic process	biological_process	30	2593	436	31285	0.83	8.792e-01	9.946e-01		LOC120023827,LOC120024269,LOC120024980,LOC120028781,LOC120029829,LOC120031887,LOC120032167,LOC120033373,LOC120033928,LOC120034173,LOC120034662,LOC120034669,LOC120044533,LOC120046331,LOC120048037,LOC120050321,LOC120050824,LOC120051214,LOC120051245,LOC120051743,LOC120052759,LOC120054062,LOC120061001,LOC120061070,acsl1a
GO:0005938	cell cortex	cellular_component	18	2593	275	31285	0.79	8.802e-01	9.946e-01		LOC120029154,LOC120031497,LOC120031943,LOC120032585,LOC120044157,LOC120044712,LOC120047171,LOC120047327,LOC120050356,LOC120050815,LOC120052902,LOC120053522,LOC120055773,LOC120066534,exoc3l2b,rims1b,rims2a,shroom1
GO:1901135	carbohydrate derivative metabolic process	biological_process	54	2593	751	31285	0.87	8.808e-01	9.946e-01		LOC120018827,LOC120020563,LOC120021197,LOC120021626,LOC120023192,LOC120023576,LOC120023827,LOC120024698,LOC120024793,LOC120024980,LOC120025509,LOC120027373,LOC120028781,LOC120031813,LOC120031887,LOC120032297,LOC120034165,LOC120034173,LOC120034662,LOC120034669,LOC120034901,LOC120037083,LOC120044533,LOC120046032,LOC120046335
GO:0000323	lytic vacuole	cellular_component	15	2593	234	31285	0.77	8.810e-01	9.946e-01		LOC120018089,LOC120022971,LOC120024700,LOC120024924,LOC120025225,LOC120025345,LOC120026877,LOC120032389,LOC120035101,LOC120060166,LOC120060502,cln3,mcoln1b,rab38b,rragca
GO:0031410	cytoplasmic vesicle	cellular_component	78	2593	1060	31285	0.89	8.810e-01	9.946e-01		LOC120017480,LOC120017770,LOC120020198,LOC120021737,LOC120021970,LOC120022351,LOC120024700,LOC120028889,LOC120032050,LOC120032359,LOC120032511,LOC120032946,LOC120033238,LOC120033716,LOC120034246,LOC120034576,LOC120036681,LOC120040838,LOC120041350,LOC120042932,LOC120043732,LOC120044555,LOC120044655,LOC120044681,LOC120044712
GO:0005774	vacuolar membrane	cellular_component	10	2593	164	31285	0.74	8.812e-01	9.946e-01		LOC120022971,LOC120024345,LOC120024700,LOC120025345,LOC120031328,LOC120032389,LOC120034052,LOC120060166,map1lc3a,mcoln1b
GO:0007275	multicellular organism development	biological_process	147	2593	1935	31285	0.92	8.822e-01	9.946e-01		LOC120018062,LOC120021872,LOC120022308,LOC120022415,LOC120023137,LOC120023181,LOC120023487,LOC120023518,LOC120024841,LOC120024859,LOC120024896,LOC120025342,LOC120025537,LOC120025932,LOC120026854,LOC120027158,LOC120027654,LOC120027807,LOC120027902,LOC120028089,LOC120028632,LOC120029532,LOC120030952,LOC120031239,LOC120031671
GO:0009152	purine ribonucleotide biosynthetic process	biological_process	9	2593	150	31285	0.72	8.825e-01	9.946e-01		LOC120034173,LOC120034662,LOC120034669,LOC120044533,LOC120048037,LOC120050824,LOC120051214,LOC120061001,LOC120061070
GO:1902493	acetyltransferase complex	cellular_component	7	2593	121	31285	0.7	8.828e-01	9.946e-01		LOC120022743,LOC120033348,LOC120034476,LOC120051307,ruvbl2,taf10,taf12
GO:0098771	inorganic ion homeostasis	biological_process	18	2593	276	31285	0.79	8.837e-01	9.946e-01		LOC120020649,LOC120024960,LOC120026150,LOC120031263,LOC120031811,LOC120032769,LOC120032870,LOC120033782,LOC120047625,LOC120051648,LOC120051696,LOC120052219,LOC120052310,LOC120052569,LOC120053451,LOC120064860,slc24a5,slc39a13
GO:0009247	glycolipid biosynthetic process	biological_process	3	2593	60	31285	0.6	8.840e-01	9.946e-01	Y	LOC120021197,LOC120023576,LOC120053998
GO:0019722	calcium-mediated signaling	biological_process	3	2593	60	31285	0.6	8.840e-01	9.946e-01		LOC120029532,LOC120030672,LOC120033956
GO:0003724	RNA helicase activity	molecular_function	4	2593	76	31285	0.64	8.845e-01	9.946e-01		LOC120030140,LOC120051407,ddx39ab,eif4a2
GO:0031234	extrinsic component of cytoplasmic side of plasma membrane	cellular_component	8	2593	136	31285	0.71	8.846e-01	9.946e-01		LOC120024214,LOC120024702,LOC120033549,LOC120033963,LOC120034227,LOC120034244,LOC120051882,LOC120061057
GO:0001944	vasculature development	biological_process	8	2593	136	31285	0.71	8.846e-01	9.946e-01		LOC120018062,LOC120031239,LOC120033014,LOC120033173,LOC120050008,LOC120050449,rnf213a,rnf213b
GO:0043484	regulation of RNA splicing	biological_process	10	2593	165	31285	0.73	8.855e-01	9.946e-01		LOC120021973,LOC120024786,LOC120029476,LOC120031968,LOC120033551,LOC120047333,LOC120049662,LOC120062136,LOC120062138,rbm15
GO:0007399	nervous system development	biological_process	87	2593	1178	31285	0.89	8.862e-01	9.946e-01		LOC120021872,LOC120022308,LOC120022415,LOC120023137,LOC120023181,LOC120023487,LOC120023518,LOC120024841,LOC120024859,LOC120024896,LOC120025342,LOC120025537,LOC120025932,LOC120027158,LOC120028632,LOC120029532,LOC120031944,LOC120032388,LOC120032514,LOC120032586,LOC120032632,LOC120032924,LOC120033014,LOC120033111,LOC120033116
GO:0071772	response to BMP	biological_process	6	2593	107	31285	0.68	8.870e-01	9.946e-01		LOC120023224,LOC120033541,LOC120044850,LOC120047538,LOC120060385,ndr2
GO:0071773	cellular response to BMP stimulus	biological_process	6	2593	107	31285	0.68	8.870e-01	9.946e-01		LOC120023224,LOC120033541,LOC120044850,LOC120047538,LOC120060385,ndr2
GO:0005769	early endosome	cellular_component	6	2593	107	31285	0.68	8.870e-01	9.946e-01		LOC120033238,LOC120044555,LOC120045843,LOC120062346,LOC120063507,si:ch211-243a20.3
GO:0005544	calcium-dependent phospholipid binding	molecular_function	5	2593	92	31285	0.66	8.877e-01	9.946e-01	Y	LOC120030466,LOC120034026,LOC120049373,LOC120049375,LOC120056443
GO:1902600	proton transmembrane transport	biological_process	5	2593	92	31285	0.66	8.877e-01	9.946e-01		LOC120034052,LOC120044088,LOC120044533,LOC120049363,slc9a1a
GO:0045017	glycerolipid biosynthetic process	biological_process	12	2593	194	31285	0.75	8.881e-01	9.946e-01	Y	LOC120022261,LOC120023754,LOC120028030,LOC120032022,LOC120032876,LOC120033304,LOC120034061,LOC120034531,LOC120041464,LOC120050047,LOC120057283,impa2
GO:0003729	mRNA binding	molecular_function	30	2593	440	31285	0.82	8.900e-01	9.946e-01		LOC120019548,LOC120024099,LOC120024786,LOC120027918,LOC120027929,LOC120028308,LOC120028545,LOC120028755,LOC120029476,LOC120031391,LOC120031968,LOC120032609,LOC120043834,LOC120046454,LOC120046502,LOC120047333,LOC120049316,LOC120049334,LOC120049662,LOC120049663,LOC120051114,LOC120058340,LOC120060539,LOC120061992,LOC120062272
GO:0006664	glycolipid metabolic process	biological_process	4	2593	77	31285	0.63	8.905e-01	9.946e-01	Y	LOC120021197,LOC120023576,LOC120048861,LOC120053998
GO:1903509	liposaccharide metabolic process	biological_process	4	2593	77	31285	0.63	8.905e-01	9.946e-01	Y	LOC120021197,LOC120023576,LOC120048861,LOC120053998
GO:0008186	ATP-dependent activity, acting on RNA	molecular_function	4	2593	77	31285	0.63	8.905e-01	9.946e-01		LOC120030140,LOC120051407,ddx39ab,eif4a2
GO:0016684	oxidoreductase activity, acting on peroxide as acceptor	molecular_function	3	2593	61	31285	0.59	8.907e-01	9.946e-01		LOC120036826,LOC120045704,LOC120062348
GO:0098687	chromosomal region	cellular_component	7	2593	123	31285	0.69	8.925e-01	9.946e-01		LOC120033767,LOC120041882,LOC120047536,ndel1b,terf1,terfa,zgc:153846
GO:0044057	regulation of system process	biological_process	7	2593	123	31285	0.69	8.925e-01	9.946e-01		LOC120024881,LOC120030672,LOC120049071,LOC120049116,LOC120056805,LOC120064703,tnnt2c
GO:0009144	purine nucleoside triphosphate metabolic process	biological_process	7	2593	123	31285	0.69	8.925e-01	9.946e-01		LOC120024980,LOC120028781,LOC120034173,LOC120044533,gpia,pfkpa,pklr
GO:0009898	cytoplasmic side of plasma membrane	cellular_component	11	2593	181	31285	0.73	8.926e-01	9.946e-01		LOC120021774,LOC120024214,LOC120024702,LOC120033549,LOC120033963,LOC120034227,LOC120034244,LOC120037504,LOC120048855,LOC120051882,LOC120061057
GO:0000775	chromosome, centromeric region	cellular_component	5	2593	93	31285	0.65	8.931e-01	9.946e-01		LOC120033767,LOC120041882,LOC120047536,ndel1b,zgc:153846
GO:0071705	nitrogen compound transport	biological_process	21	2593	320	31285	0.79	8.934e-01	9.946e-01		LOC120019901,LOC120027915,LOC120028812,LOC120032609,LOC120032888,LOC120033247,LOC120045684,LOC120045871,LOC120046330,LOC120046343,LOC120047625,LOC120050593,LOC120059570,LOC120059580,LOC120062272,ddx39ab,nup85,slc1a2a,slc25a19,slc44a2,tpra
GO:0045333	cellular respiration	biological_process	14	2593	224	31285	0.75	8.951e-01	9.946e-01		LOC120017969,LOC120024980,LOC120028781,LOC120031959,LOC120033928,LOC120046115,LOC120050321,LOC120053661,LOC120058265,LOC120058284,LOC120058341,gpia,pfkpa,pklr
GO:0070848	response to growth factor	biological_process	16	2593	252	31285	0.77	8.955e-01	9.946e-01	Y	LOC120023224,LOC120032514,LOC120032586,LOC120032924,LOC120033173,LOC120033262,LOC120033541,LOC120044850,LOC120047538,LOC120049360,LOC120053194,LOC120060385,LOC120061462,LOC120065968,fgf7,ndr2
GO:0071363	cellular response to growth factor stimulus	biological_process	16	2593	252	31285	0.77	8.955e-01	9.946e-01	Y	LOC120023224,LOC120032514,LOC120032586,LOC120032924,LOC120033173,LOC120033262,LOC120033541,LOC120044850,LOC120047538,LOC120049360,LOC120053194,LOC120060385,LOC120061462,LOC120065968,fgf7,ndr2
GO:0046165	alcohol biosynthetic process	biological_process	4	2593	78	31285	0.62	8.963e-01	9.946e-01		LOC120033534,LOC120065968,apoc2,dhdds
GO:0018345	protein palmitoylation	biological_process	3	2593	62	31285	0.58	8.970e-01	9.946e-01		LOC120045579,LOC120058959,zdhhc22
GO:0001725	stress fiber	cellular_component	3	2593	62	31285	0.58	8.970e-01	9.946e-01		LOC120022803,LOC120031392,LOC120054371
GO:0097517	contractile actin filament bundle	cellular_component	3	2593	62	31285	0.58	8.970e-01	9.946e-01		LOC120022803,LOC120031392,LOC120054371
GO:0031514	motile cilium	cellular_component	3	2593	62	31285	0.58	8.970e-01	9.946e-01		LOC120022770,cfap20,iqub
GO:0051960	regulation of nervous system development	biological_process	14	2593	225	31285	0.75	8.985e-01	9.946e-01		LOC120032586,LOC120033111,LOC120033210,LOC120033233,LOC120035048,LOC120040412,LOC120048423,LOC120050049,LOC120059043,LOC120059492,LOC120060158,LOC120060834,LOC120061462,plxnb2a.3
GO:0043547	positive regulation of GTPase activity	biological_process	15	2593	239	31285	0.76	8.985e-01	9.946e-01		LOC120021788,LOC120024931,LOC120028901,LOC120037053,LOC120041011,LOC120045786,LOC120050602,LOC120055680,LOC120064691,LOC120066476,arap3,arhgap44a,asap1a,rap1gap2a,rgl3a
GO:0016197	endosomal transport	biological_process	16	2593	253	31285	0.76	8.987e-01	9.946e-01		LOC120021737,LOC120033978,LOC120041350,LOC120043732,LOC120044007,LOC120052681,LOC120055472,LOC120058289,LOC120058290,LOC120062346,LOC120062438,LOC120063507,arhgap44a,snx1a,vps50,vps52
GO:0051536	iron-sulfur cluster binding	molecular_function	4	2593	79	31285	0.61	9.017e-01	9.946e-01		LOC120046115,fdx2,zgc:92242,zgc:92275
GO:0051540	metal cluster binding	molecular_function	4	2593	79	31285	0.61	9.017e-01	9.946e-01		LOC120046115,fdx2,zgc:92242,zgc:92275
GO:0030141	secretory granule	cellular_component	4	2593	79	31285	0.61	9.017e-01	9.946e-01		LOC120048270,LOC120049373,LOC120056443,iqub
GO:0099503	secretory vesicle	cellular_component	17	2593	268	31285	0.77	9.022e-01	9.946e-01		LOC120020198,LOC120032050,LOC120032946,LOC120045871,LOC120046321,LOC120048270,LOC120048677,LOC120049326,LOC120049373,LOC120052902,LOC120055773,LOC120056443,LOC120056477,LOC120066509,bin1b,cracr2b,iqub
GO:0000922	spindle pole	cellular_component	3	2593	63	31285	0.57	9.030e-01	9.946e-01		LOC120034783,LOC120051397,LOC120055871
GO:0048029	monosaccharide binding	molecular_function	3	2593	63	31285	0.57	9.030e-01	9.946e-01		gpia,lman1,pfkpa
GO:0015932	nucleobase-containing compound transmembrane transporter activity	molecular_function	3	2593	63	31285	0.57	9.030e-01	9.946e-01		LOC120019901,LOC120021832,LOC120034533
GO:0048729	tissue morphogenesis	biological_process	3	2593	63	31285	0.57	9.030e-01	9.946e-01		LOC120031239,LOC120065817,tbx19
GO:0009952	anterior/posterior pattern specification	biological_process	3	2593	63	31285	0.57	9.030e-01	9.946e-01		LOC120060158,LOC120065817,hoxa2b
GO:1901505	carbohydrate derivative transmembrane transporter activity	molecular_function	3	2593	63	31285	0.57	9.030e-01	9.946e-01		LOC120019901,LOC120021832,LOC120034533
GO:0090630	activation of GTPase activity	biological_process	5	2593	95	31285	0.64	9.032e-01	9.946e-01		LOC120021788,LOC120028901,LOC120050602,LOC120064691,rap1gap2a
GO:0031982	vesicle	cellular_component	87	2593	1189	31285	0.88	9.036e-01	9.946e-01		LOC120017480,LOC120017770,LOC120019826,LOC120020198,LOC120021737,LOC120021970,LOC120022351,LOC120024699,LOC120024700,LOC120028889,LOC120032050,LOC120032359,LOC120032511,LOC120032946,LOC120033238,LOC120033716,LOC120034057,LOC120034246,LOC120034576,LOC120036681,LOC120040838,LOC120041350,LOC120042932,LOC120043732,LOC120044555
GO:0015980	energy derivation by oxidation of organic compounds	biological_process	16	2593	255	31285	0.76	9.050e-01	9.946e-01		LOC120017969,LOC120024980,LOC120028781,LOC120031959,LOC120033928,LOC120046032,LOC120046115,LOC120046182,LOC120050321,LOC120053661,LOC120058265,LOC120058284,LOC120058341,gpia,pfkpa,pklr
GO:0032271	regulation of protein polymerization	biological_process	10	2593	170	31285	0.71	9.053e-01	9.946e-01		LOC120020510,LOC120024033,LOC120029007,LOC120031943,LOC120037027,LOC120048421,LOC120052616,LOC120052905,LOC120053522,baiap2l1b
GO:0070603	SWI/SNF superfamily-type complex	cellular_component	6	2593	111	31285	0.65	9.062e-01	9.946e-01		LOC120032499,LOC120048713,LOC120049800,LOC120065564,dpf1,ruvbl2
GO:0051093	negative regulation of developmental process	biological_process	8	2593	141	31285	0.68	9.062e-01	9.946e-01		LOC120027807,LOC120032389,LOC120032487,LOC120035048,LOC120048423,LOC120049289,LOC120049334,nog2
GO:0043178	alcohol binding	molecular_function	4	2593	80	31285	0.6	9.069e-01	9.946e-01		LOC120049172,LOC120059442,LOC120060148,apoc2
GO:0042158	lipoprotein biosynthetic process	biological_process	4	2593	80	31285	0.6	9.069e-01	9.946e-01	Y	LOC120031083,LOC120045579,LOC120058959,zdhhc22
GO:0006497	protein lipidation	biological_process	4	2593	80	31285	0.6	9.069e-01	9.946e-01	Y	LOC120031083,LOC120045579,LOC120058959,zdhhc22
GO:0032006	regulation of TOR signaling	biological_process	4	2593	80	31285	0.6	9.069e-01	9.946e-01		LOC120025722,LOC120032389,LOC120062348,rragca
GO:0035295	tube development	biological_process	9	2593	156	31285	0.7	9.073e-01	9.946e-01		LOC120031239,LOC120032924,LOC120033014,LOC120033173,LOC120050008,LOC120050449,fgf7,rnf213a,rnf213b
GO:0022904	respiratory electron transport chain	biological_process	5	2593	96	31285	0.63	9.080e-01	9.946e-01		LOC120031959,LOC120046115,LOC120053661,LOC120058265,LOC120058284
GO:0009150	purine ribonucleotide metabolic process	biological_process	15	2593	242	31285	0.75	9.080e-01	9.946e-01		LOC120024980,LOC120028781,LOC120034173,LOC120034662,LOC120034669,LOC120044533,LOC120048037,LOC120050824,LOC120051214,LOC120054062,LOC120061001,LOC120061070,gpia,pfkpa,pklr
GO:0072359	circulatory system development	biological_process	17	2593	270	31285	0.76	9.081e-01	9.946e-01		LOC120018062,LOC120030952,LOC120031239,LOC120032924,LOC120033014,LOC120033173,LOC120033541,LOC120040389,LOC120049192,LOC120049991,LOC120050008,LOC120050449,LOC120054611,LOC120065817,rnf213a,rnf213b,tbx19
GO:0042641	actomyosin	cellular_component	3	2593	64	31285	0.57	9.087e-01	9.946e-01		LOC120022803,LOC120031392,LOC120054371
GO:0160215	deacylase activity	molecular_function	3	2593	64	31285	0.57	9.087e-01	9.946e-01		LOC120024269,LOC120034085,LOC120051743
GO:0060828	regulation of canonical Wnt signaling pathway	biological_process	8	2593	142	31285	0.68	9.101e-01	9.946e-01		LOC120017648,LOC120033560,LOC120033716,LOC120033907,LOC120036447,LOC120042708,LOC120048267,LOC120065673
GO:0120545	nucleic acid conformation isomerase activity	molecular_function	8	2593	142	31285	0.68	9.101e-01	9.946e-01		LOC120026988,LOC120030140,LOC120051407,LOC120064850,LOC120065617,ddx39ab,eif4a2,ruvbl2
GO:0120114	Sm-like protein family complex	cellular_component	6	2593	112	31285	0.65	9.105e-01	9.946e-01		LOC120018359,LOC120029014,LOC120029858,LOC120058340,LOC120062436,snrpa1
GO:0001525	angiogenesis	biological_process	6	2593	112	31285	0.65	9.105e-01	9.946e-01		LOC120033014,LOC120033173,LOC120050008,LOC120050449,rnf213a,rnf213b
GO:0015935	small ribosomal subunit	cellular_component	5	2593	97	31285	0.62	9.125e-01	9.946e-01		LOC120018251,LOC120022431,LOC120042831,LOC120048678,LOC120049967
GO:0071875	adrenergic receptor signaling pathway	biological_process	5	2593	97	31285	0.62	9.125e-01	9.946e-01		LOC120024226,LOC120029877,LOC120048215,LOC120055812,drd2a
GO:0022853	active monoatomic ion transmembrane transporter activity	molecular_function	5	2593	97	31285	0.62	9.125e-01	9.946e-01		LOC120034052,LOC120046115,LOC120049363,LOC120051696,LOC120064860
GO:0140513	nuclear protein-containing complex	cellular_component	103	2593	1401	31285	0.89	9.133e-01	9.946e-01		LOC120017437,LOC120017459,LOC120019183,LOC120019683,LOC120020088,LOC120020565,LOC120021226,LOC120022272,LOC120022349,LOC120024866,LOC120025338,LOC120028545,LOC120028892,LOC120029158,LOC120029193,LOC120029767,LOC120029770,LOC120029858,LOC120029953,LOC120030053,LOC120032213,LOC120032499,LOC120032524,LOC120032610,LOC120032805
GO:0015605	organophosphate ester transmembrane transporter activity	molecular_function	3	2593	65	31285	0.56	9.141e-01	9.946e-01		LOC120019901,LOC120021832,LOC120034533
GO:1902554	serine/threonine protein kinase complex	cellular_component	9	2593	158	31285	0.69	9.145e-01	9.946e-01		LOC120026463,LOC120032250,LOC120046182,LOC120049937,LOC120055905,ccna1,cdk5r2a,gtf2h3,gtf2h4
GO:0007030	Golgi organization	biological_process	6	2593	113	31285	0.64	9.146e-01	9.946e-01		LOC120021205,LOC120022111,LOC120040838,LOC120055871,LOC120062523,lman1
GO:0004674	protein serine/threonine kinase activity	molecular_function	48	2593	690	31285	0.84	9.147e-01	9.946e-01		LOC120017495,LOC120019677,LOC120021459,LOC120022294,LOC120022653,LOC120024257,LOC120024696,LOC120026463,LOC120028051,LOC120029135,LOC120031096,LOC120032632,LOC120032664,LOC120032847,LOC120033541,LOC120038206,LOC120040389,LOC120040404,LOC120041248,LOC120042479,LOC120042708,LOC120043213,LOC120044548,LOC120044673,LOC120045201
GO:0006814	sodium ion transport	biological_process	10	2593	173	31285	0.7	9.157e-01	9.946e-01	Y	LOC120028812,LOC120031387,LOC120036205,LOC120041637,LOC120041835,LOC120050593,slc24a5,slc6a22.2,slc8a2b,slc9a1a
GO:1990234	transferase complex	cellular_component	72	2593	1004	31285	0.87	9.158e-01	9.946e-01		LOC120017437,LOC120017447,LOC120017880,LOC120019183,LOC120020583,LOC120022272,LOC120022743,LOC120026463,LOC120030053,LOC120030879,LOC120030881,LOC120031083,LOC120032022,LOC120032213,LOC120032250,LOC120032610,LOC120032684,LOC120032805,LOC120032819,LOC120032839,LOC120032876,LOC120033348,LOC120034061,LOC120034476,LOC120036660
GO:0017111	ribonucleoside triphosphate phosphatase activity	molecular_function	76	2593	1056	31285	0.87	9.161e-01	9.946e-01		LOC120017775,LOC120017858,LOC120018460,LOC120019678,LOC120020727,LOC120023431,LOC120027423,LOC120028852,LOC120029969,LOC120031975,LOC120032568,LOC120032897,LOC120032946,LOC120032951,LOC120033297,LOC120033547,LOC120033549,LOC120034057,LOC120034246,LOC120034532,LOC120034576,LOC120035061,LOC120035172,LOC120040756,LOC120043830
GO:0031345	negative regulation of cell projection organization	biological_process	4	2593	82	31285	0.59	9.166e-01	9.946e-01		LOC120032487,LOC120035048,LOC120048423,LOC120055337
GO:0071526	semaphorin-plexin signaling pathway	biological_process	5	2593	98	31285	0.62	9.168e-01	9.946e-01		LOC120035048,LOC120040412,LOC120048423,LOC120050049,plxnb2a.3
GO:0007218	neuropeptide signaling pathway	biological_process	5	2593	98	31285	0.62	9.168e-01	9.946e-01		LOC120030016,LOC120032432,LOC120049205,LOC120049759,nmbb
GO:0050767	regulation of neurogenesis	biological_process	11	2593	188	31285	0.71	9.172e-01	9.946e-01		LOC120032586,LOC120035048,LOC120040412,LOC120048423,LOC120050049,LOC120059043,LOC120059492,LOC120060158,LOC120060834,LOC120061462,plxnb2a.3
GO:0006665	sphingolipid metabolic process	biological_process	8	2593	144	31285	0.67	9.174e-01	9.946e-01	Y	LOC120021197,LOC120024592,LOC120029738,LOC120048861,LOC120053998,LOC120058208,LOC120065968,elovl6
GO:0022613	ribonucleoprotein complex biogenesis	biological_process	28	2593	425	31285	0.79	9.182e-01	9.946e-01		LOC120017459,LOC120018286,LOC120018359,LOC120020690,LOC120021648,LOC120029014,LOC120031968,LOC120042831,LOC120048439,LOC120048502,LOC120048678,LOC120049493,LOC120049967,LOC120049995,LOC120055032,LOC120058340,LOC120061987,LOC120062436,LOC120063133,LOC120064971,exosc8,mphosph6,mrps7,ngdn,riok1
GO:0010959	regulation of metal ion transport	biological_process	6	2593	114	31285	0.64	9.186e-01	9.946e-01	Y	LOC120024458,LOC120030672,LOC120034574,LOC120051405,LOC120066365,nkain1
GO:0005178	integrin binding	molecular_function	6	2593	114	31285	0.64	9.186e-01	9.946e-01		LOC120021739,LOC120028082,LOC120032973,LOC120033570,LOC120049072,LOC120058536
GO:1902532	negative regulation of intracellular signal transduction	biological_process	10	2593	174	31285	0.69	9.189e-01	9.946e-01		LOC120025722,LOC120028326,LOC120032913,LOC120033703,LOC120037027,LOC120051698,LOC120062348,arhgap44a,dusp27,kctd10
GO:0005635	nuclear envelope	cellular_component	10	2593	174	31285	0.69	9.189e-01	9.946e-01		LOC120019683,LOC120020088,LOC120022528,LOC120025046,LOC120029158,LOC120030466,LOC120053361,LOC120054008,nup85,tpra
GO:0005840	ribosome	cellular_component	18	2593	288	31285	0.75	9.191e-01	9.946e-01		LOC120018251,LOC120022431,LOC120029767,LOC120031371,LOC120034438,LOC120040891,LOC120042831,LOC120045668,LOC120047749,LOC120048678,LOC120049967,LOC120050159,LOC120055534,LOC120061384,LOC120063133,LOC120065131,mrps7,rps24
GO:0031593	polyubiquitin modification-dependent protein binding	molecular_function	3	2593	66	31285	0.55	9.191e-01	9.946e-01		LOC120025220,LOC120048364,LOC120048802
GO:0140030	modification-dependent protein binding	molecular_function	3	2593	66	31285	0.55	9.191e-01	9.946e-01		LOC120025220,LOC120048364,LOC120048802
GO:0050919	negative chemotaxis	biological_process	3	2593	66	31285	0.55	9.191e-01	9.946e-01		LOC120023487,LOC120035048,LOC120048423
GO:0007188	adenylate cyclase-modulating G protein-coupled receptor signaling pathway	biological_process	20	2593	316	31285	0.76	9.195e-01	9.946e-01		LOC120020067,LOC120020649,LOC120024226,LOC120029877,LOC120031803,LOC120032464,LOC120033549,LOC120034275,LOC120038986,LOC120045788,LOC120047435,LOC120048037,LOC120048215,LOC120055298,LOC120055812,LOC120061001,LOC120061057,adgrl1a,adgrl4,drd2a
GO:0048514	blood vessel morphogenesis	biological_process	7	2593	130	31285	0.65	9.212e-01	9.946e-01		LOC120031239,LOC120033014,LOC120033173,LOC120050008,LOC120050449,rnf213a,rnf213b
GO:0001568	blood vessel development	biological_process	7	2593	130	31285	0.65	9.212e-01	9.946e-01		LOC120031239,LOC120033014,LOC120033173,LOC120050008,LOC120050449,rnf213a,rnf213b
GO:0044877	protein-containing complex binding	molecular_function	62	2593	878	31285	0.85	9.217e-01	9.946e-01		LOC120017463,LOC120018338,LOC120019531,LOC120019826,LOC120020510,LOC120020691,LOC120021099,LOC120021739,LOC120023518,LOC120023746,LOC120024699,LOC120027158,LOC120028082,LOC120029154,LOC120029532,LOC120030952,LOC120031671,LOC120031836,LOC120031943,LOC120031979,LOC120032010,LOC120032499,LOC120032585,LOC120032606,LOC120032678
GO:0060070	canonical Wnt signaling pathway	biological_process	6	2593	115	31285	0.63	9.224e-01	9.946e-01		LOC120018062,LOC120031410,LOC120044536,LOC120046309,LOC120053521,LOC120058959
GO:0008217	regulation of blood pressure	biological_process	3	2593	67	31285	0.54	9.239e-01	9.946e-01		LOC120024881,LOC120049071,LOC120053053
GO:0005819	spindle	cellular_component	9	2593	161	31285	0.67	9.245e-01	9.946e-01		LOC120034783,LOC120036138,LOC120042708,LOC120047536,LOC120051397,LOC120055871,LOC120065935,kif20bb,mzt1
GO:0030036	actin cytoskeleton organization	biological_process	44	2593	643	31285	0.83	9.247e-01	9.946e-01		LOC120019826,LOC120020510,LOC120021099,LOC120022803,LOC120024699,LOC120027135,LOC120027158,LOC120029007,LOC120029154,LOC120029532,LOC120030952,LOC120031392,LOC120032010,LOC120032585,LOC120033956,LOC120034014,LOC120036180,LOC120036644,LOC120044712,LOC120046322,LOC120046978,LOC120047270,LOC120048421,LOC120048461,LOC120049116
GO:0005882	intermediate filament	cellular_component	4	2593	84	31285	0.57	9.253e-01	9.946e-01		LOC120017751,LOC120032669,LOC120044125,LOC120049991
GO:0019646	aerobic electron transport chain	biological_process	4	2593	84	31285	0.57	9.253e-01	9.946e-01		LOC120046115,LOC120053661,LOC120058265,LOC120058284
GO:0002181	cytoplasmic translation	biological_process	4	2593	84	31285	0.57	9.253e-01	9.946e-01		LOC120030140,LOC120065131,eif3m,eif4a2
GO:0008361	regulation of cell size	biological_process	6	2593	116	31285	0.62	9.261e-01	9.946e-01		LOC120024960,LOC120032586,LOC120035048,LOC120048423,LOC120061462,slc24a5
GO:0031406	carboxylic acid binding	molecular_function	8	2593	147	31285	0.66	9.275e-01	9.946e-01		LOC120022117,LOC120031198,LOC120034738,LOC120048724,LOC120050431,LOC120062348,LOC120064467,apoc2
GO:0050684	regulation of mRNA processing	biological_process	7	2593	132	31285	0.64	9.281e-01	9.946e-01		LOC120020690,LOC120029476,LOC120031968,LOC120033551,LOC120049662,LOC120062272,rbm15
GO:0004386	helicase activity	molecular_function	7	2593	132	31285	0.64	9.281e-01	9.946e-01		LOC120030140,LOC120051407,LOC120064850,LOC120065617,ddx39ab,eif4a2,ruvbl2
GO:0006694	steroid biosynthetic process	biological_process	3	2593	68	31285	0.53	9.285e-01	9.946e-01		LOC120029796,LOC120035602,apoc2
GO:0048638	regulation of developmental growth	biological_process	5	2593	101	31285	0.6	9.287e-01	9.946e-01	Y	LOC120019677,LOC120032586,LOC120035048,LOC120048423,LOC120061462
GO:0005773	vacuole	cellular_component	21	2593	334	31285	0.76	9.289e-01	9.946e-01		LOC120018089,LOC120022971,LOC120024345,LOC120024700,LOC120024924,LOC120025225,LOC120025345,LOC120026877,LOC120031328,LOC120032389,LOC120034052,LOC120035101,LOC120046083,LOC120051331,LOC120060166,LOC120060502,cln3,map1lc3a,mcoln1b,rab38b,rragca
GO:0007155	cell adhesion	biological_process	54	2593	778	31285	0.84	9.289e-01	9.946e-01		LOC120021513,LOC120021739,LOC120022308,LOC120022801,LOC120024359,LOC120024841,LOC120025359,LOC120025537,LOC120025932,LOC120027654,LOC120028082,LOC120028229,LOC120028538,LOC120032589,LOC120032973,LOC120032978,LOC120033570,LOC120035641,LOC120035933,LOC120037245,LOC120039460,LOC120042309,LOC120046740,LOC120047040,LOC120047140
GO:0005484	SNAP receptor activity	molecular_function	4	2593	85	31285	0.57	9.294e-01	9.946e-01		LOC120022111,LOC120032572,LOC120048162,LOC120048708
GO:0140522	fusogenic activity	molecular_function	4	2593	85	31285	0.57	9.294e-01	9.946e-01		LOC120022111,LOC120032572,LOC120048162,LOC120048708
GO:0019829	ATPase-coupled monoatomic cation transmembrane transporter activity	molecular_function	4	2593	85	31285	0.57	9.294e-01	9.946e-01		LOC120034052,LOC120049363,LOC120051696,LOC120064860
GO:0141108	transporter regulator activity	molecular_function	6	2593	117	31285	0.62	9.296e-01	9.946e-01		LOC120043570,LOC120044647,LOC120047712,LOC120051648,LOC120052310,LOC120066365
GO:0016247	channel regulator activity	molecular_function	6	2593	117	31285	0.62	9.296e-01	9.946e-01		LOC120043570,LOC120044647,LOC120047712,LOC120051648,LOC120052310,LOC120066365
GO:0000041	transition metal ion transport	biological_process	6	2593	117	31285	0.62	9.296e-01	9.946e-01	Y	LOC120032769,LOC120032827,LOC120033238,LOC120033782,slc30a4,slc39a13
GO:0007189	adenylate cyclase-activating G protein-coupled receptor signaling pathway	biological_process	14	2593	236	31285	0.72	9.304e-01	9.946e-01		LOC120020649,LOC120024226,LOC120029877,LOC120032464,LOC120034275,LOC120045788,LOC120047435,LOC120048037,LOC120048215,LOC120055812,LOC120061001,adgrl1a,adgrl4,drd2a
GO:0008289	lipid binding	molecular_function	40	2593	594	31285	0.81	9.317e-01	9.946e-01	Y	LOC120020510,LOC120020725,LOC120022117,LOC120022351,LOC120022971,LOC120024927,LOC120028853,LOC120028919,LOC120029153,LOC120029154,LOC120030466,LOC120031198,LOC120031969,LOC120034026,LOC120044132,LOC120044157,LOC120044655,LOC120046331,LOC120048357,LOC120048691,LOC120048724,LOC120049172,LOC120049373,LOC120049375,LOC120049425
GO:0018205	peptidyl-lysine modification	biological_process	5	2593	102	31285	0.59	9.323e-01	9.946e-01		LOC120033402,LOC120033533,LOC120033563,LOC120052428,lipt2
GO:0016209	antioxidant activity	molecular_function	3	2593	69	31285	0.52	9.328e-01	9.946e-01		LOC120036826,LOC120045704,txnrd2.2
GO:0008138	protein tyrosine/serine/threonine phosphatase activity	molecular_function	3	2593	69	31285	0.52	9.328e-01	9.946e-01		LOC120029007,dusp27,zgc:77752
GO:0052652	cyclic purine nucleotide metabolic process	biological_process	3	2593	69	31285	0.52	9.328e-01	9.946e-01		LOC120048037,LOC120050824,LOC120061001
GO:0045332	phospholipid translocation	biological_process	3	2593	69	31285	0.52	9.328e-01	9.946e-01	Y	LOC120027255,LOC120050518,LOC120050578
GO:0045111	intermediate filament cytoskeleton	cellular_component	4	2593	86	31285	0.56	9.333e-01	9.946e-01		LOC120017751,LOC120032669,LOC120044125,LOC120049991
GO:0042775	mitochondrial ATP synthesis coupled electron transport	biological_process	4	2593	86	31285	0.56	9.333e-01	9.946e-01		LOC120046115,LOC120053661,LOC120058265,LOC120058284
GO:0030295	protein kinase activator activity	molecular_function	4	2593	86	31285	0.56	9.333e-01	9.946e-01		LOC120025046,LOC120051399,LOC120056015,cdk5r2a
GO:0009719	response to endogenous stimulus	biological_process	33	2593	501	31285	0.79	9.337e-01	9.946e-01		LOC120022070,LOC120023224,LOC120023754,LOC120027037,LOC120028030,LOC120028089,LOC120030016,LOC120031421,LOC120032514,LOC120032586,LOC120032924,LOC120033116,LOC120033139,LOC120033173,LOC120033262,LOC120033541,LOC120034058,LOC120034531,LOC120035602,LOC120044850,LOC120047538,LOC120048677,LOC120049205,LOC120049360,LOC120051050
GO:0048585	negative regulation of response to stimulus	biological_process	38	2593	570	31285	0.8	9.361e-01	9.946e-01		LOC120017648,LOC120018249,LOC120018300,LOC120022070,LOC120023137,LOC120025722,LOC120026854,LOC120027807,LOC120028326,LOC120032913,LOC120033560,LOC120033703,LOC120033907,LOC120035048,LOC120036447,LOC120037027,LOC120044542,LOC120044555,LOC120047586,LOC120048267,LOC120048423,LOC120048704,LOC120048766,LOC120049289,LOC120051698
GO:0005884	actin filament	cellular_component	6	2593	119	31285	0.61	9.361e-01	9.946e-01		LOC120031943,LOC120034014,LOC120046978,LOC120052724,LOC120053944,LOC120065986
GO:0046474	glycerophospholipid biosynthetic process	biological_process	9	2593	165	31285	0.66	9.361e-01	9.946e-01	Y	LOC120032022,LOC120032876,LOC120033304,LOC120034061,LOC120034531,LOC120041464,LOC120050047,LOC120057283,impa2
GO:0051241	negative regulation of multicellular organismal process	biological_process	11	2593	195	31285	0.68	9.368e-01	9.946e-01		LOC120022426,LOC120027678,LOC120032389,LOC120035048,LOC120035113,LOC120036644,LOC120048423,LOC120049289,LOC120059053,LOC120059075,apoc2
GO:0071011	precatalytic spliceosome	cellular_component	3	2593	70	31285	0.52	9.368e-01	9.946e-01		LOC120029858,LOC120051978,ilf3b
GO:0034204	lipid translocation	biological_process	3	2593	70	31285	0.52	9.368e-01	9.946e-01	Y	LOC120027255,LOC120050518,LOC120050578
GO:0043543	protein acylation	biological_process	4	2593	87	31285	0.55	9.369e-01	9.946e-01		LOC120045579,LOC120058959,nat9,zdhhc22
GO:0061387	regulation of extent of cell growth	biological_process	4	2593	87	31285	0.55	9.369e-01	9.946e-01	Y	LOC120032586,LOC120035048,LOC120048423,LOC120061462
GO:0071495	cellular response to endogenous stimulus	biological_process	31	2593	476	31285	0.79	9.373e-01	9.946e-01		LOC120022070,LOC120023224,LOC120023754,LOC120027037,LOC120028030,LOC120028089,LOC120030016,LOC120032514,LOC120032586,LOC120032924,LOC120033116,LOC120033173,LOC120033262,LOC120033541,LOC120034058,LOC120034531,LOC120035602,LOC120044850,LOC120047538,LOC120048677,LOC120049205,LOC120049360,LOC120051050,LOC120053194,LOC120060385
GO:0110053	regulation of actin filament organization	biological_process	13	2593	225	31285	0.7	9.386e-01	9.954e-01		LOC120020510,LOC120021099,LOC120024033,LOC120029007,LOC120031943,LOC120037027,LOC120048421,LOC120052616,LOC120052905,LOC120053522,LOC120062569,arfip1,baiap2l1b
GO:0000139	Golgi membrane	cellular_component	10	2593	181	31285	0.67	9.389e-01	9.954e-01		LOC120019901,LOC120027423,LOC120028889,LOC120028920,LOC120029738,LOC120033397,LOC120034371,LOC120047639,LOC120054458,lman1
GO:0042773	ATP synthesis coupled electron transport	biological_process	4	2593	88	31285	0.55	9.404e-01	9.959e-01		LOC120046115,LOC120053661,LOC120058265,LOC120058284
GO:0170040	proteinogenic amino acid catabolic process	biological_process	3	2593	71	31285	0.51	9.407e-01	9.959e-01		LOC120023534,LOC120053922,LOC120054458
GO:0170039	proteinogenic amino acid metabolic process	biological_process	6	2593	121	31285	0.6	9.421e-01	9.959e-01		LOC120023534,LOC120031887,LOC120032824,LOC120053922,LOC120054458,sephs1
GO:0004725	protein tyrosine phosphatase activity	molecular_function	6	2593	121	31285	0.6	9.421e-01	9.959e-01		LOC120026854,LOC120031800,LOC120032535,LOC120048714,LOC120048855,ptprc
GO:0140097	catalytic activity, acting on DNA	molecular_function	15	2593	256	31285	0.71	9.430e-01	9.959e-01		LOC120021537,LOC120026988,LOC120032598,LOC120032639,LOC120043830,LOC120047331,LOC120048327,LOC120048713,LOC120064850,LOC120064863,atad5a,dclre1a,ruvbl2,terfa,vps72a
GO:0006470	protein dephosphorylation	biological_process	17	2593	285	31285	0.72	9.436e-01	9.959e-01		LOC120020950,LOC120021292,LOC120025825,LOC120029007,LOC120031800,LOC120032535,LOC120033188,LOC120033582,LOC120034922,LOC120046598,LOC120048714,LOC120048855,LOC120062708,dusp27,phpt1,ptprc,zgc:77752
GO:0022618	protein-RNA complex assembly	biological_process	11	2593	198	31285	0.67	9.439e-01	9.959e-01		LOC120018359,LOC120020690,LOC120029014,LOC120031968,LOC120042831,LOC120048678,LOC120058340,LOC120062436,LOC120064971,mrps7,ruvbl2
GO:0009060	aerobic respiration	biological_process	12	2593	213	31285	0.68	9.444e-01	9.959e-01		LOC120017969,LOC120024980,LOC120028781,LOC120033928,LOC120046115,LOC120050321,LOC120053661,LOC120058265,LOC120058284,gpia,pfkpa,pklr
GO:0001667	ameboidal-type cell migration	biological_process	4	2593	90	31285	0.54	9.469e-01	9.959e-01		LOC120027135,LOC120035048,LOC120048423,LOC120051451
GO:0050770	regulation of axonogenesis	biological_process	8	2593	154	31285	0.63	9.469e-01	9.959e-01		LOC120032586,LOC120035048,LOC120040412,LOC120048423,LOC120050049,LOC120060834,LOC120061462,plxnb2a.3
GO:0007265	Ras protein signal transduction	biological_process	3	2593	73	31285	0.5	9.477e-01	9.959e-01		LOC120045786,LOC120064830,rgl3a
GO:0006281	DNA repair	biological_process	19	2593	316	31285	0.73	9.482e-01	9.959e-01		LOC120022971,LOC120028892,LOC120030864,LOC120032639,LOC120033188,LOC120034167,LOC120044542,LOC120045784,LOC120047331,LOC120051461,LOC120051989,LOC120065158,dclre1a,eme1,ercc1,fancd2,gtf2h3,gtf2h4,rnf169
GO:1902911	protein kinase complex	cellular_component	9	2593	170	31285	0.64	9.485e-01	9.959e-01		LOC120026463,LOC120032250,LOC120046182,LOC120049937,LOC120055905,ccna1,cdk5r2a,gtf2h3,gtf2h4
GO:0030029	actin filament-based process	biological_process	44	2593	660	31285	0.8	9.487e-01	9.959e-01		LOC120019826,LOC120020510,LOC120021099,LOC120022803,LOC120024699,LOC120027135,LOC120027158,LOC120029007,LOC120029154,LOC120029532,LOC120030952,LOC120031392,LOC120032010,LOC120032585,LOC120033956,LOC120034014,LOC120036180,LOC120036644,LOC120044712,LOC120046322,LOC120046978,LOC120047270,LOC120048421,LOC120048461,LOC120049116
GO:0032535	regulation of cellular component size	biological_process	16	2593	274	31285	0.7	9.498e-01	9.959e-01		LOC120020510,LOC120024033,LOC120024960,LOC120029007,LOC120031943,LOC120032586,LOC120035048,LOC120037027,LOC120048421,LOC120048423,LOC120052616,LOC120052905,LOC120053522,LOC120061462,baiap2l1b,slc24a5
GO:0008154	actin polymerization or depolymerization	biological_process	4	2593	91	31285	0.53	9.498e-01	9.959e-01		LOC120020510,LOC120034014,LOC120052616,LOC120053944
GO:0055085	transmembrane transport	biological_process	120	2593	1656	31285	0.87	9.501e-01	9.959e-01		LOC120017401,LOC120017775,LOC120018572,LOC120018632,LOC120019901,LOC120019936,LOC120020076,LOC120021832,LOC120023241,LOC120023372,LOC120023380,LOC120024696,LOC120024960,LOC120025077,LOC120028812,LOC120028855,LOC120028937,LOC120029323,LOC120029350,LOC120029672,LOC120030936,LOC120031387,LOC120031421,LOC120031556,LOC120031811
GO:0007163	establishment or maintenance of cell polarity	biological_process	6	2593	124	31285	0.58	9.502e-01	9.959e-01		LOC120020663,LOC120041882,LOC120044712,LOC120049117,LOC120056015,ndel1b
GO:0035239	tube morphogenesis	biological_process	7	2593	140	31285	0.6	9.506e-01	9.959e-01		LOC120031239,LOC120033014,LOC120033173,LOC120050008,LOC120050449,rnf213a,rnf213b
GO:0000785	chromatin	cellular_component	25	2593	402	31285	0.75	9.507e-01	9.959e-01		LOC120017900,LOC120021779,LOC120021806,LOC120022634,LOC120022743,LOC120024201,LOC120025769,LOC120031042,LOC120032499,LOC120033348,LOC120034476,LOC120037149,LOC120048713,LOC120049782,LOC120049800,LOC120050135,LOC120051307,LOC120057199,LOC120059566,LOC120060383,LOC120065564,dpf1,ruvbl2,taf10,taf12
GO:0016627	oxidoreductase activity, acting on the CH-CH group of donors	molecular_function	3	2593	74	31285	0.49	9.509e-01	9.959e-01		LOC120033335,LOC120046331,LOC120046375
GO:0005085	guanyl-nucleotide exchange factor activity	molecular_function	23	2593	375	31285	0.74	9.521e-01	9.959e-01		LOC120018364,LOC120025545,LOC120031835,LOC120033431,LOC120034034,LOC120034784,LOC120037053,LOC120041481,LOC120045786,LOC120048230,LOC120048461,LOC120048618,LOC120049917,LOC120050823,LOC120052137,LOC120052282,LOC120052681,LOC120061154,LOC120063117,LOC120066509,fgd1,rgl3a,sh2d3a
GO:0032432	actin filament bundle	cellular_component	3	2593	75	31285	0.48	9.539e-01	9.959e-01		LOC120022803,LOC120031392,LOC120054371
GO:0010977	negative regulation of neuron projection development	biological_process	3	2593	75	31285	0.48	9.539e-01	9.959e-01		LOC120032487,LOC120035048,LOC120048423
GO:0097035	regulation of membrane lipid distribution	biological_process	3	2593	75	31285	0.48	9.539e-01	9.959e-01	Y	LOC120027255,LOC120050518,LOC120050578
GO:0033043	regulation of organelle organization	biological_process	35	2593	543	31285	0.78	9.546e-01	9.959e-01		LOC120018287,LOC120020510,LOC120021099,LOC120023518,LOC120024033,LOC120024463,LOC120029007,LOC120031836,LOC120031943,LOC120032610,LOC120033559,LOC120035147,LOC120037027,LOC120041011,LOC120044542,LOC120044712,LOC120047536,LOC120048421,LOC120051453,LOC120052616,LOC120052905,LOC120053522,LOC120055337,LOC120062569,LOC120063176
GO:0044391	ribosomal subunit	cellular_component	13	2593	233	31285	0.67	9.546e-01	9.959e-01		LOC120018251,LOC120022431,LOC120034438,LOC120040891,LOC120042831,LOC120045668,LOC120047749,LOC120048678,LOC120049967,LOC120050159,LOC120055534,LOC120061384,LOC120063133
GO:0097525	spliceosomal snRNP complex	cellular_component	4	2593	93	31285	0.52	9.553e-01	9.959e-01		LOC120029858,LOC120058340,LOC120062436,snrpa1
GO:0032984	protein-containing complex disassembly	biological_process	4	2593	93	31285	0.52	9.553e-01	9.959e-01		LOC120024345,LOC120041950,LOC120045303,LOC120059248
GO:0007411	axon guidance	biological_process	15	2593	263	31285	0.69	9.557e-01	9.959e-01		LOC120022308,LOC120022415,LOC120023487,LOC120024841,LOC120033173,LOC120035048,LOC120040412,LOC120044712,LOC120048423,LOC120050049,LOC120052410,LOC120053807,LOC120053918,emb,plxnb2a.3
GO:0097485	neuron projection guidance	biological_process	15	2593	263	31285	0.69	9.557e-01	9.959e-01		LOC120022308,LOC120022415,LOC120023487,LOC120024841,LOC120033173,LOC120035048,LOC120040412,LOC120044712,LOC120048423,LOC120050049,LOC120052410,LOC120053807,LOC120053918,emb,plxnb2a.3
GO:0007178	cell surface receptor protein serine/threonine kinase signaling pathway	biological_process	8	2593	158	31285	0.61	9.558e-01	9.959e-01		LOC120023224,LOC120033541,LOC120036431,LOC120044850,LOC120047538,LOC120060385,mstnb,ndr2
GO:0006163	purine nucleotide metabolic process	biological_process	19	2593	321	31285	0.71	9.561e-01	9.959e-01		LOC120024980,LOC120028781,LOC120032167,LOC120033373,LOC120034173,LOC120034662,LOC120034669,LOC120044533,LOC120048037,LOC120050824,LOC120051214,LOC120051245,LOC120054062,LOC120061001,LOC120061070,gpia,pfkpa,pgd,pklr
GO:0043022	ribosome binding	molecular_function	3	2593	76	31285	0.48	9.568e-01	9.959e-01		LOC120031979,LOC120049316,LOC120064971
GO:0060589	nucleoside-triphosphatase regulator activity	molecular_function	45	2593	681	31285	0.8	9.570e-01	9.959e-01		LOC120018283,LOC120018288,LOC120018364,LOC120020088,LOC120021788,LOC120024033,LOC120025545,LOC120028632,LOC120028901,LOC120031835,LOC120032359,LOC120032563,LOC120032998,LOC120033431,LOC120034034,LOC120034784,LOC120037053,LOC120041011,LOC120041481,LOC120045786,LOC120046455,LOC120048230,LOC120048461,LOC120048618,LOC120049917
GO:0048468	cell development	biological_process	58	2593	856	31285	0.82	9.577e-01	9.959e-01		LOC120022308,LOC120022415,LOC120023487,LOC120023518,LOC120024223,LOC120024841,LOC120025359,LOC120027135,LOC120027902,LOC120027918,LOC120027929,LOC120029532,LOC120030952,LOC120031944,LOC120032388,LOC120032586,LOC120032632,LOC120032709,LOC120033014,LOC120033111,LOC120033173,LOC120033210,LOC120033233,LOC120033956,LOC120034014
GO:0043021	ribonucleoprotein complex binding	molecular_function	4	2593	94	31285	0.51	9.579e-01	9.959e-01		LOC120031979,LOC120049316,LOC120064971,pqbp1
GO:0030532	small nuclear ribonucleoprotein complex	cellular_component	4	2593	94	31285	0.51	9.579e-01	9.959e-01		LOC120029858,LOC120058340,LOC120062436,snrpa1
GO:0090066	regulation of anatomical structure size	biological_process	22	2593	365	31285	0.73	9.579e-01	9.959e-01		LOC120020510,LOC120023737,LOC120024033,LOC120024881,LOC120024960,LOC120029007,LOC120029673,LOC120031943,LOC120032586,LOC120035048,LOC120037027,LOC120048421,LOC120048423,LOC120049071,LOC120052616,LOC120052905,LOC120053053,LOC120053522,LOC120054611,LOC120061462,baiap2l1b,slc24a5
GO:0008202	steroid metabolic process	biological_process	5	2593	111	31285	0.54	9.581e-01	9.959e-01		LOC120029796,LOC120035602,LOC120051402,apoc2,zgc:92275
GO:0048024	regulation of mRNA splicing, via spliceosome	biological_process	5	2593	111	31285	0.54	9.581e-01	9.959e-01		LOC120029476,LOC120031968,LOC120033551,LOC120049662,rbm15
GO:0022411	cellular component disassembly	biological_process	5	2593	111	31285	0.54	9.581e-01	9.959e-01		LOC120024345,LOC120041950,LOC120045303,LOC120055871,LOC120059248
GO:0006520	amino acid metabolic process	biological_process	14	2593	250	31285	0.68	9.584e-01	9.959e-01		LOC120023534,LOC120024894,LOC120028813,LOC120031887,LOC120032824,LOC120046332,LOC120048269,LOC120053043,LOC120053922,LOC120054458,LOC120056450,LOC120060323,LOC120064423,sephs1
GO:0030695	GTPase regulator activity	molecular_function	44	2593	669	31285	0.79	9.585e-01	9.959e-01		LOC120018283,LOC120018288,LOC120018364,LOC120020088,LOC120021788,LOC120024033,LOC120025545,LOC120028632,LOC120028901,LOC120031835,LOC120032359,LOC120032563,LOC120032998,LOC120033431,LOC120034034,LOC120034784,LOC120037053,LOC120041011,LOC120041481,LOC120045786,LOC120048230,LOC120048461,LOC120048618,LOC120049917,LOC120050602
GO:0005667	transcription regulator complex	cellular_component	26	2593	422	31285	0.74	9.588e-01	9.959e-01		LOC120017437,LOC120019183,LOC120020565,LOC120025338,LOC120027037,LOC120029193,LOC120032224,LOC120032932,LOC120033116,LOC120033560,LOC120034884,LOC120039779,LOC120046309,LOC120046350,LOC120048085,LOC120048713,LOC120049351,LOC120052620,LOC120052968,e2f7,gtf2h3,gtf2h4,insm1b,six4a,taf10
GO:0160307	protein biosynthetic process	biological_process	28	2593	450	31285	0.75	9.589e-01	9.959e-01		LOC120018251,LOC120022431,LOC120024894,LOC120029767,LOC120030140,LOC120030201,LOC120031371,LOC120034438,LOC120034532,LOC120042831,LOC120045668,LOC120046332,LOC120047749,LOC120048678,LOC120049967,LOC120050159,LOC120053043,LOC120055534,LOC120061384,LOC120061880,LOC120063133,LOC120064423,LOC120065131,eif3m,eif4a2
GO:0006412	translation	biological_process	28	2593	450	31285	0.75	9.589e-01	9.959e-01		LOC120018251,LOC120022431,LOC120024894,LOC120029767,LOC120030140,LOC120030201,LOC120031371,LOC120034438,LOC120034532,LOC120042831,LOC120045668,LOC120046332,LOC120047749,LOC120048678,LOC120049967,LOC120050159,LOC120053043,LOC120055534,LOC120061384,LOC120061880,LOC120063133,LOC120064423,LOC120065131,eif3m,eif4a2
GO:0016706	2-oxoglutarate-dependent dioxygenase activity	molecular_function	3	2593	77	31285	0.47	9.594e-01	9.959e-01	Y	LOC120024164,LOC120036526,LOC120039236
GO:0008654	phospholipid biosynthetic process	biological_process	10	2593	191	31285	0.63	9.599e-01	9.959e-01	Y	LOC120032022,LOC120032876,LOC120033304,LOC120033534,LOC120034061,LOC120034531,LOC120041464,LOC120050047,LOC120057283,impa2
GO:0006119	oxidative phosphorylation	biological_process	4	2593	95	31285	0.51	9.603e-01	9.959e-01		LOC120046115,LOC120053661,LOC120058265,LOC120058284
GO:1901681	sulfur compound binding	molecular_function	4	2593	95	31285	0.51	9.603e-01	9.959e-01		LOC120020725,LOC120023487,LOC120046331,col11a2
GO:0071826	protein-RNA complex organization	biological_process	11	2593	207	31285	0.64	9.612e-01	9.963e-01		LOC120018359,LOC120020690,LOC120029014,LOC120031968,LOC120042831,LOC120048678,LOC120058340,LOC120062436,LOC120064971,mrps7,ruvbl2
GO:0010638	positive regulation of organelle organization	biological_process	6	2593	129	31285	0.56	9.615e-01	9.963e-01		LOC120018287,LOC120021099,LOC120032610,LOC120062569,LOC120063176,baiap2l1b
GO:0006892	post-Golgi vesicle-mediated transport	biological_process	3	2593	78	31285	0.46	9.620e-01	9.963e-01		LOC120048265,LOC120065434,vps52
GO:0008610	lipid biosynthetic process	biological_process	30	2593	481	31285	0.75	9.624e-01	9.963e-01	Y	LOC120021197,LOC120021626,LOC120022261,LOC120023534,LOC120023576,LOC120023754,LOC120024592,LOC120028030,LOC120029738,LOC120029796,LOC120032022,LOC120032876,LOC120033304,LOC120033534,LOC120033928,LOC120034061,LOC120034531,LOC120035602,LOC120041464,LOC120046331,LOC120050047,LOC120053998,LOC120057283,LOC120065968,acsl1a
GO:0005912	adherens junction	cellular_component	11	2593	208	31285	0.64	9.628e-01	9.963e-01		LOC120020663,LOC120027654,LOC120032589,LOC120035147,LOC120048086,LOC120049117,LOC120049991,LOC120052362,LOC120055959,LOC120058746,shroom1
GO:1902494	catalytic complex	cellular_component	134	2593	1856	31285	0.87	9.632e-01	9.963e-01		LOC120017437,LOC120017447,LOC120017880,LOC120017969,LOC120019183,LOC120020583,LOC120021373,LOC120022272,LOC120022743,LOC120023431,LOC120024702,LOC120026463,LOC120028660,LOC120029767,LOC120029981,LOC120030053,LOC120030854,LOC120030879,LOC120030881,LOC120031083,LOC120032022,LOC120032213,LOC120032222,LOC120032250,LOC120032499
GO:0031175	neuron projection development	biological_process	31	2593	496	31285	0.75	9.636e-01	9.963e-01		LOC120022308,LOC120022415,LOC120023487,LOC120023518,LOC120024841,LOC120029532,LOC120031944,LOC120032388,LOC120032586,LOC120032632,LOC120033111,LOC120033173,LOC120033210,LOC120033233,LOC120033956,LOC120034014,LOC120035048,LOC120035097,LOC120039491,LOC120040412,LOC120044712,LOC120048423,LOC120050049,LOC120052410,LOC120053807
GO:0090497	mesenchymal cell migration	biological_process	3	2593	79	31285	0.46	9.643e-01	9.963e-01		LOC120027135,LOC120035048,LOC120048423
GO:0001755	neural crest cell migration	biological_process	3	2593	79	31285	0.46	9.643e-01	9.963e-01		LOC120027135,LOC120035048,LOC120048423
GO:0005794	Golgi apparatus	cellular_component	59	2593	880	31285	0.81	9.664e-01	9.965e-01		LOC120017770,LOC120019624,LOC120019901,LOC120022111,LOC120025347,LOC120027423,LOC120028889,LOC120028920,LOC120029738,LOC120031836,LOC120031975,LOC120032191,LOC120032511,LOC120033397,LOC120033559,LOC120034246,LOC120034371,LOC120034491,LOC120034542,LOC120034576,LOC120040838,LOC120041435,LOC120043213,LOC120043494,LOC120043819
GO:0030516	regulation of axon extension	biological_process	3	2593	81	31285	0.45	9.687e-01	9.965e-01		LOC120032586,LOC120035048,LOC120048423
GO:0141091	transforming growth factor beta receptor superfamily signaling pathway	biological_process	6	2593	133	31285	0.54	9.687e-01	9.965e-01	Y	LOC120023224,LOC120033541,LOC120044850,LOC120047538,LOC120060385,ndr2
GO:0010256	endomembrane system organization	biological_process	19	2593	331	31285	0.69	9.688e-01	9.965e-01		LOC120021205,LOC120022111,LOC120027255,LOC120032528,LOC120032586,LOC120032593,LOC120033985,LOC120040838,LOC120044655,LOC120050578,LOC120051492,LOC120053361,LOC120055871,LOC120057981,LOC120062523,LOC120063507,LOC120064749,baiap2l1b,lman1
GO:0120039	plasma membrane bounded cell projection morphogenesis	biological_process	23	2593	389	31285	0.71	9.693e-01	9.965e-01		LOC120022308,LOC120022415,LOC120023487,LOC120024841,LOC120031944,LOC120032388,LOC120032632,LOC120033111,LOC120033173,LOC120033210,LOC120033233,LOC120034014,LOC120035048,LOC120040412,LOC120044712,LOC120048423,LOC120050049,LOC120052410,LOC120053807,LOC120053918,LOC120061462,emb,plxnb2a.3
GO:0048812	neuron projection morphogenesis	biological_process	23	2593	389	31285	0.71	9.693e-01	9.965e-01		LOC120022308,LOC120022415,LOC120023487,LOC120024841,LOC120031944,LOC120032388,LOC120032632,LOC120033111,LOC120033173,LOC120033210,LOC120033233,LOC120034014,LOC120035048,LOC120040412,LOC120044712,LOC120048423,LOC120050049,LOC120052410,LOC120053807,LOC120053918,LOC120061462,emb,plxnb2a.3
GO:0048858	cell projection morphogenesis	biological_process	23	2593	389	31285	0.71	9.693e-01	9.965e-01		LOC120022308,LOC120022415,LOC120023487,LOC120024841,LOC120031944,LOC120032388,LOC120032632,LOC120033111,LOC120033173,LOC120033210,LOC120033233,LOC120034014,LOC120035048,LOC120040412,LOC120044712,LOC120048423,LOC120050049,LOC120052410,LOC120053807,LOC120053918,LOC120061462,emb,plxnb2a.3
GO:0005509	calcium ion binding	molecular_function	72	2593	1058	31285	0.82	9.696e-01	9.965e-01		LOC120018285,LOC120020046,LOC120021832,LOC120022855,LOC120023029,LOC120023175,LOC120023487,LOC120023642,LOC120025009,LOC120025509,LOC120026064,LOC120027654,LOC120028571,LOC120030466,LOC120030672,LOC120031504,LOC120032954,LOC120032978,LOC120032996,LOC120033184,LOC120033295,LOC120033582,LOC120034026,LOC120034529,LOC120034533
GO:1902903	regulation of supramolecular fiber organization	biological_process	14	2593	259	31285	0.65	9.706e-01	9.965e-01		LOC120020510,LOC120021099,LOC120023518,LOC120024033,LOC120029007,LOC120031943,LOC120037027,LOC120048421,LOC120052616,LOC120052905,LOC120053522,LOC120062569,arfip1,baiap2l1b
GO:1902905	positive regulation of supramolecular fiber organization	biological_process	3	2593	82	31285	0.44	9.707e-01	9.965e-01		LOC120021099,LOC120062569,baiap2l1b
GO:0006633	fatty acid biosynthetic process	biological_process	3	2593	82	31285	0.44	9.707e-01	9.965e-01	Y	LOC120024592,LOC120033928,elovl6
GO:0042383	sarcolemma	cellular_component	3	2593	82	31285	0.44	9.707e-01	9.965e-01		LOC120049192,popdc3,slc8a2b
GO:0016055	Wnt signaling pathway	biological_process	6	2593	135	31285	0.54	9.719e-01	9.965e-01		LOC120018062,LOC120031410,LOC120044536,LOC120046309,LOC120053521,LOC120058959
GO:0048863	stem cell differentiation	biological_process	3	2593	83	31285	0.44	9.725e-01	9.965e-01		LOC120027135,LOC120035048,LOC120048423
GO:0048864	stem cell development	biological_process	3	2593	83	31285	0.44	9.725e-01	9.965e-01		LOC120027135,LOC120035048,LOC120048423
GO:0014033	neural crest cell differentiation	biological_process	3	2593	83	31285	0.44	9.725e-01	9.965e-01		LOC120027135,LOC120035048,LOC120048423
GO:0014032	neural crest cell development	biological_process	3	2593	83	31285	0.44	9.725e-01	9.965e-01		LOC120027135,LOC120035048,LOC120048423
GO:0007409	axonogenesis	biological_process	18	2593	320	31285	0.68	9.725e-01	9.965e-01		LOC120022308,LOC120022415,LOC120023487,LOC120024841,LOC120033111,LOC120033173,LOC120033210,LOC120033233,LOC120035048,LOC120040412,LOC120044712,LOC120048423,LOC120050049,LOC120052410,LOC120053807,LOC120053918,emb,plxnb2a.3
GO:0061564	axon development	biological_process	19	2593	335	31285	0.68	9.729e-01	9.965e-01		LOC120022308,LOC120022415,LOC120023487,LOC120024841,LOC120033111,LOC120033173,LOC120033210,LOC120033233,LOC120035048,LOC120040412,LOC120044712,LOC120048423,LOC120050049,LOC120052410,LOC120053807,LOC120053918,emb,plp1b,plxnb2a.3
GO:0008134	transcription factor binding	molecular_function	10	2593	200	31285	0.6	9.730e-01	9.965e-01		LOC120027037,LOC120032499,LOC120032598,LOC120033116,LOC120034795,LOC120036303,LOC120046350,LOC120052620,crtc3,taf12
GO:0010721	negative regulation of cell development	biological_process	3	2593	84	31285	0.43	9.743e-01	9.965e-01		LOC120032389,LOC120035048,LOC120048423
GO:0048762	mesenchymal cell differentiation	biological_process	3	2593	84	31285	0.43	9.743e-01	9.965e-01		LOC120027135,LOC120035048,LOC120048423
GO:0060485	mesenchyme development	biological_process	3	2593	84	31285	0.43	9.743e-01	9.965e-01		LOC120027135,LOC120035048,LOC120048423
GO:0000902	cell morphogenesis	biological_process	29	2593	480	31285	0.73	9.744e-01	9.965e-01		LOC120022308,LOC120022415,LOC120023487,LOC120024841,LOC120027654,LOC120031944,LOC120032388,LOC120032632,LOC120033111,LOC120033173,LOC120033210,LOC120033233,LOC120034014,LOC120035048,LOC120040412,LOC120044712,LOC120048423,LOC120048461,LOC120050049,LOC120052362,LOC120052410,LOC120053807,LOC120053918,LOC120055959,LOC120057544
GO:0090407	organophosphate biosynthetic process	biological_process	32	2593	524	31285	0.74	9.757e-01	9.965e-01		LOC120020563,LOC120027373,LOC120029829,LOC120032022,LOC120032167,LOC120032464,LOC120032876,LOC120033304,LOC120033373,LOC120033534,LOC120033928,LOC120034061,LOC120034173,LOC120034531,LOC120034662,LOC120034669,LOC120041464,LOC120044533,LOC120046331,LOC120046375,LOC120048037,LOC120050047,LOC120050321,LOC120050824,LOC120051214
GO:0051495	positive regulation of cytoskeleton organization	biological_process	3	2593	85	31285	0.43	9.759e-01	9.965e-01		LOC120021099,LOC120062569,baiap2l1b
GO:1903522	regulation of blood circulation	biological_process	3	2593	85	31285	0.43	9.759e-01	9.965e-01		LOC120024881,LOC120049071,LOC120064703
GO:0016616	oxidoreductase activity, acting on the CH-OH group of donors, NAD or NADP as acceptor	molecular_function	7	2593	155	31285	0.54	9.765e-01	9.965e-01		LOC120032046,LOC120034574,LOC120036220,LOC120042495,LOC120052646,ldha,pgd
GO:0099513	polymeric cytoskeletal fiber	cellular_component	25	2593	427	31285	0.71	9.773e-01	9.965e-01	Y	LOC120017751,LOC120023518,LOC120025642,LOC120026473,LOC120031943,LOC120032669,LOC120033621,LOC120034014,LOC120036138,LOC120040756,LOC120042376,LOC120042708,LOC120044125,LOC120046978,LOC120047537,LOC120049991,LOC120052724,LOC120053944,LOC120055571,LOC120058008,LOC120059142,LOC120065986,gtse1,kif20bb,kif28
GO:0035556	intracellular signal transduction	biological_process	99	2593	1433	31285	0.83	9.787e-01	9.965e-01		LOC120017495,LOC120018584,LOC120019677,LOC120021459,LOC120022294,LOC120022305,LOC120023224,LOC120024257,LOC120024463,LOC120025046,LOC120027037,LOC120027423,LOC120029135,LOC120029532,LOC120030672,LOC120030879,LOC120030881,LOC120031096,LOC120032022,LOC120032464,LOC120032502,LOC120032563,LOC120032632,LOC120032847,LOC120032876
GO:0042060	wound healing	biological_process	3	2593	87	31285	0.42	9.789e-01	9.965e-01		LOC120021739,LOC120026236,LOC120044125
GO:0007169	cell surface receptor protein tyrosine kinase signaling pathway	biological_process	24	2593	415	31285	0.7	9.791e-01	9.965e-01		LOC120022070,LOC120022415,LOC120023181,LOC120024214,LOC120024896,LOC120031671,LOC120032514,LOC120032526,LOC120032527,LOC120032586,LOC120032924,LOC120033173,LOC120033262,LOC120034058,LOC120035187,LOC120049360,LOC120050008,LOC120053194,LOC120053907,LOC120053918,LOC120054283,LOC120055620,LOC120061462,fgf7
GO:0141124	intracellular signaling cassette	biological_process	35	2593	572	31285	0.74	9.796e-01	9.965e-01		LOC120017495,LOC120023224,LOC120027423,LOC120029532,LOC120030672,LOC120031096,LOC120032022,LOC120032563,LOC120032632,LOC120033956,LOC120034212,LOC120034288,LOC120034795,LOC120036431,LOC120037053,LOC120042766,LOC120044712,LOC120044850,LOC120045786,LOC120047538,LOC120048618,LOC120049665,LOC120050139,LOC120059771,LOC120060385
GO:0048667	cell morphogenesis involved in neuron differentiation	biological_process	19	2593	343	31285	0.67	9.797e-01	9.965e-01		LOC120022308,LOC120022415,LOC120023487,LOC120024841,LOC120032388,LOC120033111,LOC120033173,LOC120033210,LOC120033233,LOC120035048,LOC120040412,LOC120044712,LOC120048423,LOC120050049,LOC120052410,LOC120053807,LOC120053918,emb,plxnb2a.3
GO:0051493	regulation of cytoskeleton organization	biological_process	22	2593	387	31285	0.69	9.797e-01	9.965e-01		LOC120020510,LOC120021099,LOC120023518,LOC120024033,LOC120029007,LOC120031836,LOC120031943,LOC120037027,LOC120041011,LOC120044712,LOC120048421,LOC120052616,LOC120052905,LOC120053522,LOC120062569,arfip1,arhgap44a,baiap2l1b,bora,rock2a,si:dkey-11p23.7,siglec15l
GO:1904949	ATPase complex	cellular_component	7	2593	158	31285	0.53	9.799e-01	9.965e-01		LOC120032499,LOC120034052,LOC120048713,LOC120049800,LOC120065564,dpf1,ruvbl2
GO:0007015	actin filament organization	biological_process	20	2593	358	31285	0.67	9.799e-01	9.965e-01		LOC120019826,LOC120020510,LOC120024699,LOC120027158,LOC120029532,LOC120030952,LOC120032585,LOC120033956,LOC120034014,LOC120044712,LOC120047270,LOC120048461,LOC120052616,LOC120052724,LOC120053944,LOC120065986,baiap2l1b,myo1ha,myo5aa,shroom1
GO:0090150	establishment of protein localization to membrane	biological_process	8	2593	175	31285	0.55	9.805e-01	9.965e-01		LOC120018066,LOC120032528,LOC120032593,LOC120052896,LOC120065434,arhgap44a,cracr2b,get3
GO:0016614	oxidoreductase activity, acting on CH-OH group of donors	molecular_function	7	2593	159	31285	0.53	9.809e-01	9.965e-01		LOC120032046,LOC120034574,LOC120036220,LOC120042495,LOC120052646,ldha,pgd
GO:0051640	organelle localization	biological_process	12	2593	239	31285	0.61	9.809e-01	9.965e-01		LOC120019826,LOC120024699,LOC120032514,LOC120041882,LOC120047270,LOC120047537,LOC120064971,myo1ha,myo5aa,ndel1b,si:ch211-243a20.3,trak1a
GO:0099106	ion channel regulator activity	molecular_function	4	2593	109	31285	0.44	9.830e-01	9.982e-01		LOC120043570,LOC120051648,LOC120052310,LOC120066365
GO:0009611	response to wounding	biological_process	3	2593	91	31285	0.4	9.839e-01	9.985e-01		LOC120021739,LOC120026236,LOC120044125
GO:0007264	small GTPase-mediated signal transduction	biological_process	16	2593	305	31285	0.63	9.844e-01	9.985e-01		LOC120027423,LOC120032563,LOC120034288,LOC120037053,LOC120042766,LOC120044712,LOC120045786,LOC120048618,LOC120050139,LOC120062350,LOC120063117,LOC120064830,LOC120066484,rgl3a,rock2a,sh2d3a
GO:0046394	carboxylic acid biosynthetic process	biological_process	6	2593	146	31285	0.5	9.845e-01	9.985e-01		LOC120024592,LOC120032824,LOC120033928,LOC120051463,elovl6,sephs1
GO:0072330	monocarboxylic acid biosynthetic process	biological_process	3	2593	92	31285	0.39	9.849e-01	9.985e-01		LOC120024592,LOC120033928,elovl6
GO:0004713	protein tyrosine kinase activity	molecular_function	12	2593	247	31285	0.59	9.866e-01	9.996e-01		LOC120021973,LOC120023181,LOC120024214,LOC120024896,LOC120031671,LOC120033173,LOC120048143,LOC120048831,LOC120053194,LOC120054283,LOC120055743,LOC120059167
GO:0006612	protein targeting to membrane	biological_process	3	2593	94	31285	0.39	9.868e-01	9.996e-01		LOC120018066,LOC120052896,get3
GO:0004714	transmembrane receptor protein tyrosine kinase activity	molecular_function	6	2593	151	31285	0.48	9.883e-01	9.997e-01		LOC120023181,LOC120024896,LOC120031671,LOC120033173,LOC120053194,LOC120054283
GO:0005770	late endosome	cellular_component	3	2593	96	31285	0.38	9.885e-01	9.997e-01		LOC120043732,LOC120060502,rab38b
GO:0019842	vitamin binding	molecular_function	6	2593	153	31285	0.47	9.895e-01	9.997e-01		LOC120032824,LOC120033373,LOC120034530,LOC120051245,LOC120053922,LOC120064467
GO:0032102	negative regulation of response to external stimulus	biological_process	3	2593	99	31285	0.37	9.906e-01	9.997e-01		LOC120035048,LOC120048423,LOC120049289
GO:0048666	neuron development	biological_process	31	2593	542	31285	0.69	9.911e-01	9.997e-01		LOC120022308,LOC120022415,LOC120023487,LOC120023518,LOC120024841,LOC120029532,LOC120031944,LOC120032388,LOC120032586,LOC120032632,LOC120033111,LOC120033173,LOC120033210,LOC120033233,LOC120033956,LOC120034014,LOC120035048,LOC120035097,LOC120039491,LOC120040412,LOC120044712,LOC120048423,LOC120050049,LOC120052410,LOC120053807
GO:0007156	homophilic cell-cell adhesion	biological_process	9	2593	209	31285	0.52	9.919e-01	9.997e-01		LOC120027654,LOC120028229,LOC120047040,LOC120052362,LOC120053807,LOC120055959,LOC120058746,LOC120060862,emb
GO:0009653	anatomical structure morphogenesis	biological_process	61	2593	967	31285	0.76	9.919e-01	9.997e-01		LOC120018062,LOC120022308,LOC120022415,LOC120023487,LOC120024841,LOC120027654,LOC120030659,LOC120030952,LOC120031239,LOC120031944,LOC120032388,LOC120032471,LOC120032632,LOC120032708,LOC120032924,LOC120032977,LOC120033014,LOC120033111,LOC120033173,LOC120033210,LOC120033233,LOC120033262,LOC120034014,LOC120035048,LOC120040412
GO:0000228	nuclear chromosome	cellular_component	4	2593	121	31285	0.4	9.920e-01	9.997e-01		LOC120028892,LOC120036166,LOC120057199,ruvbl2
GO:0005759	mitochondrial matrix	cellular_component	6	2593	158	31285	0.46	9.921e-01	9.997e-01		LOC120020140,LOC120045668,LOC120047749,LOC120058342,LOC120058343,tefm
GO:0040013	negative regulation of locomotion	biological_process	3	2593	102	31285	0.35	9.924e-01	9.997e-01		LOC120035048,LOC120048423,LOC120062350
GO:0003682	chromatin binding	molecular_function	14	2593	293	31285	0.58	9.930e-01	9.997e-01		LOC120022272,LOC120032499,LOC120032721,LOC120032805,LOC120048713,LOC120049782,LOC120050044,LOC120050135,LOC120051525,LOC120059566,LOC120066437,npm2a,rnf169,taf10
GO:0006260	DNA replication	biological_process	5	2593	143	31285	0.42	9.935e-01	9.997e-01		LOC120021537,LOC120026428,LOC120028892,LOC120032951,eme1
GO:0005694	chromosome	cellular_component	39	2593	667	31285	0.71	9.935e-01	9.997e-01		LOC120017900,LOC120021779,LOC120021806,LOC120022634,LOC120022743,LOC120024201,LOC120025769,LOC120028892,LOC120031042,LOC120032499,LOC120032639,LOC120033348,LOC120033767,LOC120034476,LOC120036166,LOC120037149,LOC120041882,LOC120047536,LOC120048713,LOC120049782,LOC120049800,LOC120050044,LOC120050135,LOC120051307,LOC120057199
GO:0070507	regulation of microtubule cytoskeleton organization	biological_process	3	2593	105	31285	0.34	9.938e-01	9.997e-01		LOC120023518,LOC120031836,bora
GO:0019199	transmembrane receptor protein kinase activity	molecular_function	7	2593	185	31285	0.46	9.954e-01	9.997e-01		LOC120023181,LOC120024896,LOC120031671,LOC120033173,LOC120033541,LOC120053194,LOC120054283
GO:0030154	cell differentiation	biological_process	109	2593	1647	31285	0.8	9.959e-01	9.997e-01		LOC120022308,LOC120022415,LOC120023046,LOC120023487,LOC120023518,LOC120024214,LOC120024223,LOC120024841,LOC120024859,LOC120025342,LOC120025359,LOC120025537,LOC120026854,LOC120027135,LOC120027807,LOC120027902,LOC120027918,LOC120027929,LOC120028089,LOC120029532,LOC120030659,LOC120030952,LOC120031239,LOC120031486,LOC120031944
GO:0048869	cellular developmental process	biological_process	109	2593	1648	31285	0.8	9.960e-01	9.997e-01		LOC120022308,LOC120022415,LOC120023046,LOC120023487,LOC120023518,LOC120024214,LOC120024223,LOC120024841,LOC120024859,LOC120025342,LOC120025359,LOC120025537,LOC120026854,LOC120027135,LOC120027807,LOC120027902,LOC120027918,LOC120027929,LOC120028089,LOC120029532,LOC120030659,LOC120030952,LOC120031239,LOC120031486,LOC120031944
GO:0016772	transferase activity, transferring phosphorus-containing groups	molecular_function	108	2593	1637	31285	0.8	9.962e-01	9.997e-01		LOC120017495,LOC120018326,LOC120018584,LOC120019677,LOC120020563,LOC120020690,LOC120021459,LOC120021537,LOC120021973,LOC120022294,LOC120022653,LOC120023181,LOC120024214,LOC120024257,LOC120024463,LOC120024696,LOC120024698,LOC120024896,LOC120024980,LOC120026463,LOC120027658,LOC120028051,LOC120028564,LOC120029135,LOC120029738
GO:0005516	calmodulin binding	molecular_function	5	2593	153	31285	0.39	9.965e-01	9.997e-01		LOC120023518,LOC120027158,LOC120046182,LOC120058913,si:ch73-60h1.1
GO:0006796	phosphate-containing compound metabolic process	biological_process	102	2593	1567	31285	0.79	9.970e-01	9.997e-01		LOC120017495,LOC120018584,LOC120019677,LOC120020690,LOC120020950,LOC120021292,LOC120021459,LOC120021973,LOC120022294,LOC120022653,LOC120023181,LOC120024214,LOC120024257,LOC120024463,LOC120024696,LOC120024896,LOC120025225,LOC120025825,LOC120026463,LOC120027658,LOC120028051,LOC120028326,LOC120029007,LOC120029135,LOC120030811
GO:0004672	protein kinase activity	molecular_function	73	2593	1174	31285	0.75	9.972e-01	9.997e-01		LOC120017495,LOC120018584,LOC120019677,LOC120020690,LOC120021459,LOC120021973,LOC120022294,LOC120022653,LOC120023181,LOC120024214,LOC120024257,LOC120024463,LOC120024696,LOC120024896,LOC120026463,LOC120027658,LOC120028051,LOC120029135,LOC120030811,LOC120031096,LOC120031671,LOC120032632,LOC120032664,LOC120032847,LOC120033173
GO:0001664	G protein-coupled receptor binding	molecular_function	11	2593	265	31285	0.5	9.974e-01	9.997e-01		LOC120019203,LOC120024931,LOC120032517,LOC120033549,LOC120037605,LOC120044698,LOC120053521,LOC120055680,LOC120061057,LOC120063433,nmbb
GO:0016310	phosphorylation	biological_process	73	2593	1177	31285	0.75	9.974e-01	9.997e-01		LOC120017495,LOC120018584,LOC120019677,LOC120020690,LOC120021459,LOC120021973,LOC120022294,LOC120022653,LOC120023181,LOC120024214,LOC120024257,LOC120024463,LOC120024696,LOC120024896,LOC120026463,LOC120027658,LOC120028051,LOC120029135,LOC120030811,LOC120031096,LOC120031671,LOC120032632,LOC120032664,LOC120032847,LOC120033541
GO:0007167	enzyme-linked receptor protein signaling pathway	biological_process	32	2593	602	31285	0.64	9.982e-01	9.997e-01		LOC120022070,LOC120022415,LOC120023181,LOC120023224,LOC120024214,LOC120024896,LOC120031671,LOC120032514,LOC120032526,LOC120032527,LOC120032586,LOC120032924,LOC120033173,LOC120033262,LOC120033541,LOC120034058,LOC120035187,LOC120036431,LOC120044850,LOC120047538,LOC120049360,LOC120050008,LOC120053194,LOC120053907,LOC120053918
GO:0006468	protein phosphorylation	biological_process	70	2593	1149	31285	0.74	9.982e-01	9.997e-01		LOC120017495,LOC120018584,LOC120019677,LOC120020690,LOC120021459,LOC120021973,LOC120022294,LOC120022653,LOC120023181,LOC120024214,LOC120024257,LOC120024463,LOC120024696,LOC120024896,LOC120026463,LOC120027658,LOC120028051,LOC120029135,LOC120030811,LOC120031096,LOC120031671,LOC120032632,LOC120032664,LOC120032847,LOC120033541
GO:0022008	neurogenesis	biological_process	44	2593	784	31285	0.68	9.985e-01	9.997e-01		LOC120022308,LOC120022415,LOC120023487,LOC120023518,LOC120024841,LOC120024859,LOC120025537,LOC120029532,LOC120031944,LOC120032388,LOC120032514,LOC120032586,LOC120032632,LOC120032924,LOC120033111,LOC120033116,LOC120033173,LOC120033210,LOC120033233,LOC120033956,LOC120034014,LOC120035048,LOC120035097,LOC120039491,LOC120040412
GO:0016773	phosphotransferase activity, alcohol group as acceptor	molecular_function	85	2593	1367	31285	0.75	9.986e-01	9.997e-01		LOC120017495,LOC120018584,LOC120019677,LOC120020690,LOC120021459,LOC120021973,LOC120022294,LOC120022653,LOC120023181,LOC120024214,LOC120024257,LOC120024463,LOC120024696,LOC120024698,LOC120024896,LOC120024980,LOC120026463,LOC120027658,LOC120028051,LOC120029135,LOC120029829,LOC120030811,LOC120031096,LOC120031671,LOC120032022
GO:0016301	kinase activity	molecular_function	90	2593	1456	31285	0.75	9.992e-01	9.997e-01		LOC120017495,LOC120018326,LOC120018584,LOC120019677,LOC120020563,LOC120020690,LOC120021459,LOC120021973,LOC120022294,LOC120022653,LOC120023181,LOC120024214,LOC120024257,LOC120024463,LOC120024696,LOC120024698,LOC120024896,LOC120026463,LOC120027658,LOC120028051,LOC120028564,LOC120029135,LOC120029829,LOC120030811,LOC120031096
GO:0048699	generation of neurons	biological_process	39	2593	737	31285	0.64	9.994e-01	9.997e-01		LOC120022308,LOC120022415,LOC120023487,LOC120023518,LOC120024841,LOC120025537,LOC120029532,LOC120031944,LOC120032388,LOC120032586,LOC120032632,LOC120032924,LOC120033111,LOC120033116,LOC120033173,LOC120033210,LOC120033233,LOC120033956,LOC120034014,LOC120035048,LOC120035097,LOC120039491,LOC120040412,LOC120044712,LOC120048423
GO:0016491	oxidoreductase activity	molecular_function	51	2593	925	31285	0.67	9.996e-01	9.997e-01		LOC120019463,LOC120022572,LOC120024164,LOC120029796,LOC120031281,LOC120031483,LOC120032046,LOC120032387,LOC120032885,LOC120033335,LOC120034574,LOC120035040,LOC120035180,LOC120035602,LOC120036220,LOC120036526,LOC120036826,LOC120039236,LOC120040610,LOC120041167,LOC120042495,LOC120044841,LOC120045537,LOC120045704,LOC120046115
GO:0030182	neuron differentiation	biological_process	36	2593	707	31285	0.61	9.997e-01	9.997e-01		LOC120022308,LOC120022415,LOC120023487,LOC120023518,LOC120024841,LOC120029532,LOC120031944,LOC120032388,LOC120032586,LOC120032632,LOC120032924,LOC120033111,LOC120033116,LOC120033173,LOC120033210,LOC120033233,LOC120033956,LOC120034014,LOC120035048,LOC120035097,LOC120039491,LOC120040412,LOC120044712,LOC120048423,LOC120050049
