gene_id	symbol	product	biotype	chrom	start	end	n_go	tier	n_lines_refined	lines_refined	reciprocal_pav	ecotype_only_corroborated	cnv	dmr	ref_divergence	reciprocal_present_in	ecotype_only_tier	ecotype_only_side	copies_lean	copies_siscowet	sv	ref_pav	n_lines_23_6	cluster_rep	cluster_size	caution	phase18_convergent	phase18_rank_score
gene-LOC120022070	LOC120022070	growth factor receptor-bound protein 10-like	protein_coding	NC_052333.1	16833673	16882967	4	A	3	reciprocal_pav,cnv,ref_divergence	1	0	1	0	1	lean	liftoff_only	lean	2	1	0	0	2	gene-LOC120022070	1		0	
gene-LOC120024897	LOC120024897	cGMP-inhibited 3',5'-cyclic phosphodiesterase B-like	protein_coding	NC_052336.1	8438588	8525036	5	A	3	reciprocal_pav,ecotype_only_corroborated,ref_divergence	1	1	0	0	1	siscowet	corroborated	siscowet			1	0	3	gene-LOC120024897	1		0	
gene-LOC120034415	LOC120034415	inactive rhomboid protein 1-like	protein_coding	NC_052347.1	9394402	9447694	4	A	3	reciprocal_pav,ecotype_only_corroborated,ref_divergence	1	1	0	0	1	lean	corroborated	lean			1	0	3	gene-LOC120034415	1		0	
gene-LOC120050135	LOC120050135	nucleosome assembly protein 1-like 1-A	protein_coding	NC_052312.1	49788487	49815671	5	A	3	reciprocal_pav,ecotype_only_corroborated,ref_divergence	1	1	0	0	1	siscowet	corroborated	siscowet			1	0	3	gene-LOC120050135	1		0	
gene-gpia	gpia	glucose-6-phosphate isomerase a	protein_coding	NC_052327.1	35875447	35906282	7	A	3	reciprocal_pav,cnv,ref_divergence	1	0	1	0	1	siscowet	liftoff_only	siscowet	1	2	0	0	2	gene-gpia	1		0	
gene-ttll9	ttll9	tubulin tyrosine ligase-like family, member 9	protein_coding	NC_052320.1	25838097	25848989	5	A	3	reciprocal_pav,cnv,ref_divergence	1	0	1	0	1	siscowet	liftoff_only	siscowet	1	2	0	0	2	gene-ttll9	1		0	
gene-LOC120034744	LOC120034744	uncharacterized LOC120034744	protein_coding	NC_052348.1	13077347	13079334	0	A	3	reciprocal_pav,cnv,ref_divergence	1	0	1	0	1	lean	liftoff_only	siscowet	22	24	0	0	1	gene-LOC120034660	5	repeat_or_tandem_family;tandem_cluster_n5	0	
gene-LOC120039613	LOC120039613	uncharacterized LOC120039613	lncRNA	NW_024059730.1	119706	123048	0	A	3	reciprocal_pav,cnv,ref_divergence	1	0	1	0	1	siscowet	liftoff_only	lean	8	6	0	0	1	gene-LOC120039614	3	noncoding;repeat_or_tandem_family	0	
gene-LOC120041427	LOC120041427	uncharacterized LOC120041427	lncRNA	NW_024061160.1	61601	62236	0	A	3	reciprocal_pav,cnv,ref_divergence	1	0	1	0	1	siscowet	liftoff_only	siscowet	31	35	0	0	1	gene-LOC120041430	3	noncoding;repeat_or_tandem_family	0	
gene-LOC120044851	LOC120044851	uncharacterized LOC120044851	lncRNA	NC_052309.1	2871302	2885986	0	A	3	reciprocal_pav,cnv,ref_divergence	1	0	1	0	1	siscowet	liftoff_only	siscowet	1	2	0	0	1	gene-LOC120044851	1	noncoding;repeat_or_tandem_family	0	
gene-LOC120051748	LOC120051748	uncharacterized protein K02A2.6-like	protein_coding	NC_052314.1	10124832	10126741	2	A	3	reciprocal_pav,cnv,ref_divergence	1	0	1	0	1	siscowet	liftoff_only	lean	50	49	0	0	1	gene-LOC120051748	1	repeat_or_tandem_family	0	
gene-LOC120063770	LOC120063770	uncharacterized LOC120063770	lncRNA	NC_052325.1	25736042	25737008	0	A	3	reciprocal_pav,cnv,ref_divergence	1	0	1	0	1	lean	liftoff_only	lean	37	30	0	0	1	gene-LOC120063770	2	noncoding;repeat_or_tandem_family	0	
gene-LOC120020198	LOC120020198	synapsin-2-like	protein_coding	NC_052308.1	4912697	5107606	4	A	2	reciprocal_pav,ref_divergence	1	0	0	0	1	lean					1	0	2	gene-LOC120020198	1		0	
gene-LOC120021129	LOC120021129	CMP-N-acetylneuraminate-beta-galactosamide-alpha-2,3-sialyltransferase 1-like	protein_coding	NC_052332.1	36656364	36669703	2	A	2	reciprocal_pav,ref_divergence	1	0	0	0	1	lean					1	0	2	gene-LOC120021129	1		0	
gene-LOC120024458	LOC120024458	sodium/potassium-transporting ATPase subunit beta-1-interacting protein 2	protein_coding	NC_052335.1	21768706	21937603	1	A	2	reciprocal_pav,ref_divergence	1	0	0	0	1	siscowet					1	0	2	gene-LOC120024458	1		0	
gene-LOC120024920	LOC120024920	major histocompatibility complex class I-related gene protein-like	protein_coding	NC_052336.1	3204217	3207588	3	A	2	reciprocal_pav,ref_divergence	1	0	0	0	1	siscowet					1	0	2	gene-LOC120024920	1		0	
gene-LOC120025009	LOC120025009	protein kinase C-binding protein NELL1-like	protein_coding	NC_052336.1	30461230	30917964	2	A	2	reciprocal_pav,ref_divergence	1	0	0	0	1	lean					1	1	3	gene-LOC120025009	1		0	0
gene-LOC120025522	LOC120025522	ankyrin-1-like	protein_coding	NC_052337.1	24375852	24462546	2	A	2	reciprocal_pav,ref_divergence	1	0	0	0	1	lean					1	0	2	gene-LOC120025522	1		0	
gene-LOC120025537	LOC120025537	astrotactin-2-like	protein_coding	NC_052337.1	26806655	27257815	3	A	2	reciprocal_pav,ref_divergence	1	0	0	0	1	siscowet					1	0	2	gene-LOC120025537	1		0	
gene-LOC120025549	LOC120025549	leucine-rich repeat transmembrane neuronal protein 4-like	protein_coding	NC_052337.1	31362896	31537376	1	A	2	reciprocal_pav,ref_divergence	1	0	0	0	1	lean					1	0	2	gene-LOC120025549	1		0	
gene-LOC120027905	LOC120027905	band 4.1-like protein 3	protein_coding	NC_052339.1	29614276	29636570	3	A	2	reciprocal_pav,ref_divergence	1	0	0	0	1	lean					1	0	2	gene-LOC120027905	1		0	
gene-LOC120028089	LOC120028089	phosphoenolpyruvate carboxykinase [GTP], mitochondrial-like	protein_coding	NC_052339.1	32615388	32645779	13	A	2	reciprocal_pav,ref_divergence	1	0	0	0	1	siscowet					1	0	2	gene-LOC120028089	1		0	
gene-LOC120029476	LOC120029476	KH domain-containing, RNA-binding, signal transduction-associated protein 2-like	protein_coding	NC_052341.1	9845013	9962143	4	A	2	reciprocal_pav,ref_divergence	1	0	0	0	1	siscowet					1	1	3	gene-LOC120029476	1		0	0
gene-LOC120030672	LOC120030672	calsequestrin-1-like	protein_coding	NC_052342.1	23367790	23404658	3	A	2	reciprocal_pav,ref_divergence	1	0	0	0	1	siscowet					1	0	2	gene-LOC120030672	1		0	
gene-LOC120031305	LOC120031305	opioid-binding protein/cell adhesion molecule-like	protein_coding	NC_052309.1	40359677	40588871	1	A	2	reciprocal_pav,ref_divergence	1	0	0	0	1	siscowet					1	0	2	gene-LOC120043873	2		0	
gene-LOC120031768	LOC120031768	myotubularin-related protein 5-like	protein_coding	NC_052344.1	19899515	19967528	0	A	2	reciprocal_pav,ref_divergence	1	0	0	0	1	siscowet					1	0	2	gene-LOC120031768	1		0	
gene-LOC120032210	LOC120032210	kinesin-like protein KIF21A	protein_coding	NC_052344.1	2823139	2864380	5	A	2	reciprocal_pav,ref_divergence	1	0	0	0	1	siscowet					1	0	2	gene-LOC120032210	1		0	
gene-LOC120032728	LOC120032728	E3 ubiquitin-protein ligase TRIM39-like	protein_coding	NC_052345.1	15756331	15855646	2	A	2	reciprocal_pav,ref_divergence	1	0	0	0	1	siscowet					1	0	2	gene-LOC120032728	1		0	
gene-LOC120038650	LOC120038650	prickle-like protein 1	protein_coding	NW_024059108.1	55398	130237	1	A	2	reciprocal_pav,ref_divergence	1	0	0	0	1	siscowet					0	1	2	gene-LOC120038650	1		0	0
gene-LOC120040161	LOC120040161	sperm-associated antigen 1A-like	protein_coding	NW_024060231.1	725	36108	3	A	2	reciprocal_pav,ref_divergence	1	0	0	0	1	siscowet					0	1	2	gene-LOC120040161	1		0	1
gene-LOC120040412	LOC120040412	plexin-B2-like	protein_coding	NW_024060452.1	175988	244333	9	A	2	reciprocal_pav,ref_divergence	1	0	0	0	1	lean					0	1	2	gene-LOC120040412	1		0	1
gene-LOC120042766	LOC120042766	tumor necrosis factor receptor superfamily member 16-like	protein_coding	NW_024061499.1	13591	67968	6	A	2	reciprocal_pav,ref_divergence	1	0	0	0	1	siscowet					0	1	2	gene-LOC120042766	1		0	0
gene-LOC120043213	LOC120043213	extracellular serine/threonine protein kinase FAM20C-like	protein_coding	NC_052309.1	93593471	93665728	3	A	2	reciprocal_pav,ref_divergence	1	0	0	0	1	lean					1	1	3	gene-LOC120043213	1		0	0
gene-LOC120048047	LOC120048047	alpha-1,3-mannosyl-glycoprotein 4-beta-N-acetylglucosaminyltransferase B	protein_coding	NC_052311.1	21658600	21841079	5	A	2	reciprocal_pav,ref_divergence	1	0	0	0	1	siscowet					1	1	3	gene-LOC120048047	1		0	0
gene-LOC120048669	LOC120048669	carcinoembryonic antigen-related cell adhesion molecule 5-like	protein_coding	NC_052311.1	62434325	62505668	0	A	2	reciprocal_pav,ref_divergence	1	0	0	0	1	siscowet					1	0	2	gene-LOC120048669	3		0	
gene-LOC120049548	LOC120049548	glucosidase 2 subunit beta-like	protein_coding	NC_052312.1	1514837	1830881	5	A	2	reciprocal_pav,ref_divergence	1	0	0	0	1	lean					1	0	2	gene-LOC120049548	1		0	
gene-LOC120053194	LOC120053194	NT-3 growth factor receptor-like	protein_coding	NC_052315.1	21629211	21787146	13	A	2	reciprocal_pav,ref_divergence	1	0	0	0	1	lean					1	0	2	gene-LOC120053194	1		0	
gene-LOC120053598	LOC120053598	lisH domain-containing protein ARMC9	protein_coding	NC_052315.1	3917735	4026576	4	A	2	reciprocal_pav,ref_divergence	1	0	0	0	1	siscowet					1	0	2	gene-LOC120053598	1		0	
gene-LOC120053718	LOC120053718	cAMP-specific 3',5'-cyclic phosphodiesterase 4D-like	protein_coding	NC_052315.1	14954754	14997295	5	A	2	reciprocal_pav,ref_divergence	1	0	0	0	1	lean					1	0	2	gene-LOC120053718	1		0	
gene-LOC120053938	LOC120053938	nuclear receptor ROR-alpha A-like	protein_coding	NC_052315.1	29746918	30023852	5	A	2	reciprocal_pav,ref_divergence	1	0	0	0	1	siscowet					1	0	2	gene-LOC120053938	1		0	
gene-LOC120054371	LOC120054371	lipoma-preferred partner homolog	protein_coding	NC_052316.1	47017289	47126904	3	A	2	reciprocal_pav,ref_divergence	1	0	0	0	1	siscowet					1	1	3	gene-LOC120054371	1		0	0
gene-LOC120054763	LOC120054763	DNA-directed RNA polymerase, mitochondrial-like	protein_coding	NC_052316.1	16453251	16547181	5	A	2	reciprocal_pav,ref_divergence	1	0	0	0	1	lean					1	0	2	gene-LOC120054763	1		0	
gene-LOC120055734	LOC120055734	LARGE xylosyl- and glucuronyltransferase 2-like	protein_coding	NC_052307.1	51708014	51739042	3	A	2	reciprocal_pav,ref_divergence	1	0	0	0	1	lean					1	0	2	gene-LOC120055734	1		0	
gene-LOC120056781	LOC120056781	kin of IRRE-like protein 3	protein_coding	NC_052318.1	16317215	16480473	4	A	2	reciprocal_pav,ref_divergence	1	0	0	0	1	lean					1	0	2	gene-LOC120056781	1		0	
gene-LOC120056805	LOC120056805	troponin T, fast skeletal muscle isoforms-like	protein_coding	NC_052307.1	72961100	72989441	7	A	2	reciprocal_pav,ref_divergence	1	0	0	0	1	siscowet					1	0	2	gene-LOC120056805	1		0	
gene-LOC120060868	LOC120060868	agrin-like	protein_coding	NC_052322.1	7092001	7468729	6	A	2	reciprocal_pav,ref_divergence	1	0	0	0	1	siscowet					1	0	2	gene-LOC120060868	1		0	
gene-LOC120063528	LOC120063528		C_region	NC_052324.1	9668041	9675961	0	A	2	reciprocal_pav,ref_divergence	1	0	0	0	1	siscowet					1	0	2	gene-LOC120063528	1		0	
gene-LOC120063782	LOC120063782	ubiquitin-conjugating enzyme E2 E3	protein_coding	NC_052325.1	27425198	27492663	3	A	2	reciprocal_pav,ref_divergence	1	0	0	0	1	lean					1	0	2	gene-LOC120063782	1		0	
gene-LOC120065442	LOC120065442	protein CBFA2T2-like	protein_coding	NC_052326.1	47644243	48215905	4	A	2	reciprocal_pav,ref_divergence	1	0	0	0	1	siscowet					1	0	2	gene-LOC120065442	1		0	0
gene-LOC120065642	LOC120065642	protein kinase C alpha type	protein_coding	NC_052308.1	62474175	62692842	4	A	2	reciprocal_pav,ref_divergence	1	0	0	0	1	siscowet					1	0	2	gene-LOC120065642	1		0	
gene-LOC120066463	LOC120066463	contactin-1a-like	protein_coding	NC_052327.1	51237491	51422102	3	A	2	reciprocal_pav,ref_divergence	1	0	0	0	1	siscowet					1	0	2	gene-LOC120066463	1		0	
gene-LOC120066682	LOC120066682	nuclear receptor ROR-alpha A	protein_coding	NC_052327.1	28716140	29001043	5	A	2	reciprocal_pav,ref_divergence	1	0	0	0	1	lean					1	0	2	gene-LOC120066682	1		0	
gene-LOC120066718	LOC120066718	SH3 and multiple ankyrin repeat domains protein 2-like	protein_coding	NC_052327.1	36925670	37085577	5	A	2	reciprocal_pav,ref_divergence	1	0	0	0	1	siscowet					1	0	2	gene-LOC120066718	1		0	
gene-ap2b1	ap2b1	adaptor related protein complex 2 subunit beta 1	protein_coding	NC_052318.1	23895713	24022869	5	A	2	reciprocal_pav,ref_divergence	1	0	0	0	1	lean					1	0	2	gene-ap2b1	1		0	
gene-asap1a	asap1a	ArfGAP with SH3 domain, ankyrin repeat and PH domain 1a	protein_coding	NC_052317.1	5073615	5234339	4	A	2	reciprocal_pav,ref_divergence	1	0	0	0	1	lean					1	1	3	gene-asap1a	1		0	0
gene-bco2a	bco2a	beta-carotene oxygenase 2a	protein_coding	NC_052318.1	48737808	48839870	5	A	2	reciprocal_pav,ref_divergence	1	0	0	0	1	siscowet					1	0	2	gene-bco2a	1		0	
gene-cpn1	cpn1	carboxypeptidase N, polypeptide 1	protein_coding	NC_052310.1	29101617	29256810	3	A	2	reciprocal_pav,ref_divergence	1	0	0	0	1	siscowet					1	0	2	gene-cpn1	1		0	
gene-cracr2b	cracr2b	calcium release activated channel regulator 2B	protein_coding	NC_052314.1	2098663	2157745	15	A	2	reciprocal_pav,ref_divergence	1	0	0	0	1	siscowet					1	0	2	gene-cracr2b	1		0	
gene-crtc3	crtc3	CREB regulated transcription coactivator 3	protein_coding	NC_052307.1	73797980	73867923	6	A	2	reciprocal_pav,ref_divergence	1	0	0	0	1	siscowet					1	1	3	gene-crtc3	1		0	0
gene-dnah2	dnah2	dynein, axonemal, heavy chain 2	protein_coding	NC_052312.1	18294530	18523089	7	A	2	reciprocal_pav,ref_divergence	1	0	0	0	1	siscowet					1	0	2	gene-dnah2	1		0	
gene-gde1	gde1	glycerophosphodiester phosphodiesterase 1	protein_coding	NC_052308.1	71435763	71443024	2	A	2	reciprocal_pav,ref_divergence	1	0	0	0	1	siscowet					1	0	2	gene-gde1	1		0	
gene-mpp6b	mpp6b	membrane protein, palmitoylated 6b (MAGUK p55 subfamily member 6)	protein_coding	NC_052333.1	13545300	13626404	3	A	2	reciprocal_pav,ref_divergence	1	0	0	0	1	siscowet					1	1	3	gene-mpp6b	1		0	1
gene-nek7	nek7	NIMA-related kinase 7	protein_coding	NC_052314.1	42073311	42239918	3	A	2	reciprocal_pav,ref_divergence	1	0	0	0	1	lean					1	0	2	gene-nek7	1		0	
gene-pphln1	pphln1	periphilin 1	protein_coding	NW_024059108.1	23296	53282	4	A	2	reciprocal_pav,ref_divergence	1	0	0	0	1	siscowet					0	1	2	gene-pphln1	1		0	1
gene-ptprc	ptprc	protein tyrosine phosphatase receptor type C	protein_coding	NC_052316.1	43844726	43870075	5	A	2	reciprocal_pav,ref_divergence	1	0	0	0	1	lean					1	0	2	gene-ptprc	1		0	
gene-sh2d3a	sh2d3a	SH2 domain containing 3A	protein_coding	NC_052308.1	80268812	80286037	4	A	2	reciprocal_pav,ref_divergence	1	0	0	0	1	lean					1	0	2	gene-sh2d3a	1		0	
gene-sh3yl1	sh3yl1	SH3 and SYLF domain containing 1	protein_coding	NC_052321.1	4800030	4852837	3	A	2	reciprocal_pav,ref_divergence	1	0	0	0	1	siscowet					1	0	2	gene-sh3yl1	1		0	
gene-sugct	sugct	succinyl-CoA:glutarate-CoA transferase	protein_coding	NC_052313.1	30156952	30329578	1	A	2	reciprocal_pav,ref_divergence	1	0	0	0	1	lean					1	0	2	gene-sugct	1		0	
gene-tmc6b	tmc6b	transmembrane channel-like 6b	protein_coding	NW_024061147.1	59976	115888	2	A	2	reciprocal_pav,ref_divergence	1	0	0	0	1	siscowet					0	1	2	gene-tmc6b	3		0	0
gene-tmeff2a	tmeff2a	transmembrane protein with EGF-like and two follistatin-like domains 2a	protein_coding	NC_052319.1	5189924	5368281	1	A	2	reciprocal_pav,ref_divergence	1	0	0	0	1	lean					1	0	2	gene-tmeff2a	1		0	
gene-unc5c	unc5c	unc-5 netrin receptor C	protein_coding	NC_052337.1	34545564	34732092	4	A	2	reciprocal_pav,ref_divergence	1	0	0	0	1	lean					1	0	2	gene-unc5c	1		0	
gene-vps50	vps50	VPS50 EARP/GARPII complex subunit	protein_coding	NC_052338.1	25118660	25340181	4	A	2	reciprocal_pav,ref_divergence	1	0	0	0	1	siscowet					1	1	3	gene-vps50	1		0	0
gene-LOC120019149	LOC120019149	histone chaperone asf1b-B-like	protein_coding	NC_052308.1	78637925	78647849	3	A	2	reciprocal_pav,ecotype_only_corroborated	1	1	0	0	0	siscowet	corroborated	siscowet			0	0	2	gene-LOC120019149	1	repeat_or_tandem_family	0	
gene-LOC120038491	LOC120038491	28S ribosomal RNA	rRNA	NW_024059030.1	36848	40779	0	A	2	reciprocal_pav,dmr	1	0	0	1	0	siscowet					0	0	2	gene-LOC120038488	5	noncoding;tandem_cluster_n5	0	0
gene-LOC120055730	LOC120055730	uncharacterized LOC120055730	lncRNA	NC_052307.1	51512532	51640249	0	A	2	reciprocal_pav,ref_divergence	1	0	0	0	1	lean					1	0	2	gene-LOC120055730	1	noncoding;repeat_or_tandem_family	0	
gene-LOC120056879	LOC120056879	uncharacterized LOC120056879	lncRNA	NC_052318.1	10246878	10255364	0	A	2	reciprocal_pav,ref_divergence	1	0	0	0	1	siscowet					1	0	2	gene-LOC120056879	1	noncoding;repeat_or_tandem_family	0	
gene-LOC120061515	LOC120061515	uncharacterized LOC120061515	lncRNA	NC_052322.1	46826479	46844287	0	A	2	reciprocal_pav,ref_divergence	1	0	0	0	1	siscowet					1	0	2	gene-LOC120061512	2	noncoding;repeat_or_tandem_family	0	
gene-LOC120033896	LOC120033896	small G protein signaling modulator 3-like	protein_coding	NC_052347.1	18116502	18152099	1	B	3	ecotype_only_corroborated,dmr,ref_divergence	0	1	0	1	1		corroborated	lean			1	0	3	gene-LOC120033896	1		0	3
gene-LOC120037712	LOC120037712	zona pellucida sperm-binding protein 4-like	protein_coding	NW_024058595.1	38592	47208	0	B	3	cnv,dmr,ref_divergence	0	0	1	1	1		liftoff_only	siscowet	3	6	0	0	1	gene-LOC120037712	1		0	0
gene-LOC120051056	LOC120051056	myosin-7-like	protein_coding	NC_052313.1	18531061	18545925	4	B	3	cnv,dmr,ref_divergence	0	0	1	1	1		liftoff_only	siscowet	1	2	0	0	1	gene-LOC120051056	3		0	0
gene-LOC120017932	LOC120017932	histone H1	protein_coding	NC_052308.1	72357167	72357879	4	B	3	cnv,dmr,ref_divergence	0	0	1	1	1		liftoff_only	siscowet	2	7	0	0	1	gene-LOC120017900	19	repeat_or_tandem_family;tandem_cluster_n19	0	0
gene-LOC120017972	LOC120017972	histone H3	protein_coding	NC_052308.1	72365337	72365974	4	B	3	cnv,dmr,ref_divergence	0	0	1	1	1		liftoff_only	siscowet	3	8	0	0	1	gene-LOC120017900	19	repeat_or_tandem_family;tandem_cluster_n19	0	0
gene-LOC120018007	LOC120018007	histone H2A	protein_coding	NC_052308.1	72366313	72366832	4	B	3	cnv,dmr,ref_divergence	0	0	1	1	1		liftoff_only	siscowet	1	8	0	0	1	gene-LOC120017900	19	repeat_or_tandem_family;tandem_cluster_n19	0	0
gene-LOC120018068	LOC120018068	histone H4	protein_coding	NC_052308.1	72360091	72360446	5	B	3	cnv,dmr,ref_divergence	0	0	1	1	1		liftoff_only	siscowet	3	10	0	0	1	gene-LOC120017900	19	repeat_or_tandem_family;tandem_cluster_n19	0	0
gene-LOC120036685	LOC120036685	U1 spliceosomal RNA	snRNA	NW_024058159.1	16604	16767	0	B	3	cnv,dmr,ref_divergence	0	0	1	1	1		liftoff_only	siscowet	1	3	0	0	1	gene-LOC120036685	2	noncoding	0	1
gene-LOC120036686	LOC120036686	U1 spliceosomal RNA	snRNA	NW_024058159.1	22250	22413	0	B	3	cnv,dmr,ref_divergence	0	0	1	1	1		liftoff_only	siscowet	1	9	0	0	1	gene-LOC120036685	2	noncoding	0	4
gene-LOC120036801	LOC120036801	5S ribosomal RNA	rRNA	NW_024058207.1	20669	20787	0	B	3	cnv,dmr,ref_divergence	0	0	1	1	1		liftoff_only	lean	2	1	0	0	1	gene-LOC120036819	26	noncoding;tandem_cluster_n26	0	0
gene-LOC120037713	LOC120037713	U1 spliceosomal RNA	snRNA	NW_024058595.1	35853	36016	0	B	3	cnv,dmr,ref_divergence	0	0	1	1	1		liftoff_only	siscowet	1	3	0	0	1	gene-LOC120037713	1	noncoding	0	3
gene-LOC120040411	LOC120040411	gastrula zinc finger protein XlCGF57.1-like	protein_coding	NW_024060452.1	381695	402809	3	B	3	cnv,dmr,ref_divergence	0	0	1	1	1		liftoff_only	lean	2	1	0	1	1	gene-LOC120040411	4	repeat_or_tandem_family	1	4
gene-LOC120042042	LOC120042042	uncharacterized LOC120042042	lncRNA	NW_024061316.1	28589	31862	0	B	3	cnv,dmr,ref_divergence	0	0	1	1	1		liftoff_only	siscowet	1	4	0	0	1	gene-LOC120042042	1	noncoding;repeat_or_tandem_family	0	3
gene-LOC120017348	LOC120017348	A disintegrin and metalloproteinase with thrombospondin motifs 14-like	protein_coding	NC_052328.1	2265496	2372099	4	B	2	ecotype_only_corroborated,ref_divergence	0	1	0	0	1		corroborated	lean			1	1	3	gene-LOC120017348	2		0	0
gene-LOC120017365	LOC120017365	high choriolytic enzyme 1-like	protein_coding	NC_052328.1	5933174	5935245	3	B	2	ecotype_only_corroborated,ref_divergence	0	1	0	0	1		corroborated	siscowet			1	0	2	gene-LOC120017364	2		0	
gene-LOC120017401	LOC120017401	transient receptor potential cation channel subfamily V member 5	protein_coding	NC_052328.1	13649097	13673736	4	B	2	cnv,ref_divergence	0	0	1	0	1		liftoff_only	siscowet	1	2	0	0	1	gene-LOC120017401	1		0	
gene-LOC120017433	LOC120017433	opioid growth factor receptor-like protein 1	protein_coding	NC_052328.1	20026880	20031760	2	B	2	ecotype_only_corroborated,ref_divergence	0	1	0	0	1		corroborated	siscowet			1	0	2	gene-LOC120017433	1		0	
gene-LOC120017437	LOC120017437	transcription initiation factor TFIID subunit 5-like	protein_coding	NC_052308.1	70583063	70589922	4	B	2	ecotype_only_corroborated,ref_divergence	0	1	0	0	1		corroborated	siscowet			1	0	2	gene-LOC120017437	1		0	
gene-LOC120017445	LOC120017445	ATP synthase membrane subunit DAPIT, mitochondrial-like	protein_coding	NC_052308.1	70589911	70591241	1	B	2	ecotype_only_corroborated,ref_divergence	0	1	0	0	1		corroborated	siscowet			1	0	2	gene-LOC120017445	1		0	
gene-LOC120017447	LOC120017447	F-box/LRR-repeat protein 15-like	protein_coding	NC_052328.1	1500325	1522935	3	B	2	ecotype_only_corroborated,ref_divergence	0	1	0	0	1		corroborated	siscowet			1	0	2	gene-LOC120017447	1		0	
gene-LOC120017459	LOC120017459	protein RRP5 homolog	protein_coding	NC_052308.1	70591415	70611210	6	B	2	ecotype_only_corroborated,ref_divergence	0	1	0	0	1		corroborated	siscowet			1	0	2	gene-LOC120017459	1		0	
gene-LOC120017465	LOC120017465	myosin heavy chain, fast skeletal muscle-like	protein_coding	NC_052328.1	2678765	2699363	4	B	2	ecotype_only_corroborated,ref_divergence	0	1	0	0	1		corroborated	lean			1	0	2	gene-LOC120017463	3		0	
gene-LOC120017478	LOC120017478	trichohyalin-like	protein_coding	NC_052328.1	5741007	5743570	0	B	2	cnv,ref_divergence	0	0	1	0	1		liftoff_only	siscowet	1	2	0	0	1	gene-LOC120017478	1		0	
gene-LOC120017480	LOC120017480	target of Myb protein 1-like	protein_coding	NC_052308.1	71049863	71057097	6	B	2	cnv,ref_divergence	0	0	1	0	1		liftoff_only	lean	2	1	0	0	1	gene-LOC120017480	1		0	
gene-LOC120017495	LOC120017495	mitogen-activated protein kinase 8-like	protein_coding	NC_052328.1	6788025	6799005	6	B	2	cnv,ref_divergence	0	0	1	0	1		liftoff_only	siscowet	1	3	0	0	1	gene-LOC120017495	2		0	
gene-LOC120017647	LOC120017647	isoaspartyl peptidase/L-asparaginase-like	protein_coding	NC_052328.1	20050855	20066348	1	B	2	cnv,ref_divergence	0	0	1	0	1		liftoff_only	siscowet	1	3	0	0	1	gene-LOC120017647	2		0	
gene-LOC120017648	LOC120017648	axin-1-like	protein_coding	NC_052308.1	71663964	71669181	1	B	2	cnv,ref_divergence	0	0	1	0	1		liftoff_only	lean	2	1	0	0	1	gene-LOC120017648	1		0	
gene-LOC120017721	LOC120017721	CREB3 regulatory factor-like	protein_coding	NC_052328.1	28485328	28499153	5	B	2	ecotype_only_corroborated,ref_divergence	0	1	0	0	1		corroborated	lean			1	0	2	gene-LOC120017721	1		0	
gene-LOC120017769	LOC120017769	galectin-related protein-like	protein_coding	NC_052328.1	34442578	34455322	1	B	2	ecotype_only_corroborated,ref_divergence	0	1	0	0	1		corroborated	siscowet			1	0	2	gene-LOC120017769	1		0	
gene-LOC120017770	LOC120017770	aftiphilin-like	protein_coding	NC_052328.1	34477002	34484754	4	B	2	cnv,ref_divergence	0	0	1	0	1		liftoff_only	siscowet	1	2	0	0	1	gene-LOC120017770	1		0	
gene-LOC120017775	LOC120017775	ABC transporter G family member 23-like	protein_coding	NC_052328.1	35177723	35221927	6	B	2	ecotype_only_corroborated,ref_divergence	0	1	0	0	1		corroborated	siscowet			1	1	3	gene-LOC120017775	1		0	0
gene-LOC120017815	LOC120017815	alpha-2-macroglobulin-like	protein_coding	NC_052308.1	72271728	72284431	3	B	2	cnv,ref_divergence	0	0	1	0	1		liftoff_only	siscowet	5	20	0	0	1	gene-LOC120023315	2		0	1
gene-LOC120017858	LOC120017858	ABC transporter G family member 23-like	protein_coding	NC_052328.1	34408063	34421328	2	B	2	ecotype_only_corroborated,ref_divergence	0	1	0	0	1		corroborated	lean			1	0	2	gene-LOC120017858	1		0	
gene-LOC120017867	LOC120017867	protein FAM135A-like	protein_coding	NC_052328.1	36461867	36503739	1	B	2	ecotype_only_corroborated,ref_divergence	0	1	0	0	1		corroborated	lean			1	0	2	gene-LOC120017867	1		0	
gene-LOC120017870	LOC120017870	NLR family CARD domain-containing protein 3-like	protein_coding	NC_052328.1	3426686	3428422	0	B	2	cnv,ref_divergence	0	0	1	0	1		liftoff_only	lean	13	12	0	0	1	gene-LOC120017870	3		0	
gene-LOC120017880	LOC120017880	F-box/LRR-repeat protein 15	protein_coding	NC_052328.1	1671213	1676958	3	B	2	ecotype_only_corroborated,ref_divergence	0	1	0	0	1		corroborated	lean			1	0	2	gene-LOC120017880	1		0	
gene-LOC120017967	LOC120017967	NLR family CARD domain-containing protein 3-like	protein_coding	NC_052328.1	3502092	3503828	0	B	2	cnv,ref_divergence	0	0	1	0	1		liftoff_only	siscowet	7	10	0	0	1	gene-LOC120017870	3		0	
gene-LOC120017969	LOC120017969	fumarate hydratase, mitochondrial-like	protein_coding	NC_052328.1	34379777	34395869	6	B	2	ecotype_only_corroborated,ref_divergence	0	1	0	0	1		corroborated	lean			1	0	2	gene-LOC120017969	1		0	
gene-LOC120017974	LOC120017974	galectin-related protein-like	protein_coding	NC_052328.1	35147217	35162907	1	B	2	ecotype_only_corroborated,ref_divergence	0	1	0	0	1		corroborated	lean			1	1	3	gene-LOC120017974	1		0	0
gene-LOC120018062	LOC120018062	frizzled-4-like	protein_coding	NC_052329.1	9599810	9606121	6	B	2	ecotype_only_corroborated,ref_divergence	0	1	0	0	1		corroborated	siscowet			1	0	2	gene-LOC120018062	1		0	
gene-LOC120018066	LOC120018066	translocon-associated protein subunit gamma	protein_coding	NC_052329.1	10271354	10273902	3	B	2	cnv,ref_divergence	0	0	1	0	1		liftoff_only	siscowet	1	2	0	0	1	gene-LOC120018066	1		0	
gene-LOC120018085	LOC120018085	syntaxin-10-like	protein_coding	NC_052308.1	72609076	72622713	2	B	2	ecotype_only_corroborated,ref_divergence	0	1	0	0	1		corroborated	siscowet			1	0	2	gene-LOC120018085	1		0	
gene-LOC120018089	LOC120018089	lysosomal alpha-mannosidase-like	protein_coding	NC_052308.1	72663108	72678761	4	B	2	ecotype_only_corroborated,ref_divergence	0	1	0	0	1		corroborated	siscowet			1	0	2	gene-LOC120018089	1		0	
gene-LOC120018151	LOC120018151	syntaxin-10-like	protein_coding	NC_052308.1	72846729	72860359	2	B	2	ecotype_only_corroborated,ref_divergence	0	1	0	0	1		corroborated	lean			0	1	2	gene-LOC120018151	1		0	1
gene-LOC120018219	LOC120018219	protein NipSnap homolog 2-like	protein_coding	NC_052329.1	24158934	24167600	1	B	2	cnv,ref_divergence	0	0	1	0	1		liftoff_only	siscowet	1	2	0	0	1	gene-LOC120018219	1		0	
gene-LOC120018249	LOC120018249	spartin-like	protein_coding	NC_052329.1	26999891	27009295	3	B	2	ecotype_only_corroborated,ref_divergence	0	1	0	0	1		corroborated	siscowet			1	0	2	gene-LOC120018249	1		0	
gene-LOC120018251	LOC120018251	40S ribosomal protein S3-like	protein_coding	NC_052329.1	27043545	27048997	6	B	2	ecotype_only_corroborated,ref_divergence	0	1	0	0	1		corroborated	siscowet			1	0	2	gene-LOC120018251	1		0	
gene-LOC120018265	LOC120018265	alpha-2-macroglobulin-like	protein_coding	NC_052329.1	29267677	29293187	3	B	2	cnv,ref_divergence	0	0	1	0	1		liftoff_only	lean	3	1	0	0	1	gene-LOC120018265	2		0	
gene-LOC120018266	LOC120018266	alpha-2-macroglobulin-like	protein_coding	NC_052329.1	29304541	29332448	3	B	2	cnv,ref_divergence	0	0	1	0	1		liftoff_only	siscowet	1	2	0	0	1	gene-LOC120018265	2		0	
gene-LOC120018283	LOC120018283	rho GTPase-activating protein 19-like	protein_coding	NC_052308.1	75011582	75025637	4	B	2	ecotype_only_corroborated,ref_divergence	0	1	0	0	1		corroborated	siscowet			1	0	2	gene-LOC120018283	1		0	
gene-LOC120018285	LOC120018285	multiple epidermal growth factor-like domains protein 6	protein_coding	NC_052329.1	30390842	30480530	3	B	2	ecotype_only_corroborated,ref_divergence	0	1	0	0	1		corroborated	siscowet			1	0	2	gene-LOC120018285	1		0	
gene-LOC120018286	LOC120018286	39S ribosomal protein L44, mitochondrial-like	protein_coding	NC_052329.1	30490384	30492315	6	B	2	ecotype_only_corroborated,ref_divergence	0	1	0	0	1		corroborated	siscowet			1	0	2	gene-LOC120018286	1		0	
gene-LOC120018287	LOC120018287	mitochondrial fission factor homolog B-like	protein_coding	NC_052329.1	30484853	30489928	4	B	2	ecotype_only_corroborated,ref_divergence	0	1	0	0	1		corroborated	siscowet			1	0	2	gene-LOC120018287	1		0	
gene-LOC120018288	LOC120018288	arf-GAP domain and FG repeat-containing protein 1-like	protein_coding	NC_052329.1	30494587	30530779	1	B	2	ecotype_only_corroborated,ref_divergence	0	1	0	0	1		corroborated	siscowet			1	0	2	gene-LOC120018288	1		0	
gene-LOC120018289	LOC120018289	ladderlectin-like	protein_coding	NC_052329.1	30545482	30546522	1	B	2	ecotype_only_corroborated,ref_divergence	0	1	0	0	1		corroborated	siscowet			1	0	2	gene-LOC120018289	1		0	
gene-LOC120018300	LOC120018300	PTB-containing, cubilin and LRP1-interacting protein-like	protein_coding	NC_052329.1	30829481	30872841	6	B	2	cnv,ref_divergence	0	0	1	0	1		liftoff_only	siscowet	1	2	0	0	1	gene-LOC120018300	1		0	
gene-LOC120018326	LOC120018326	atypical kinase COQ8B, mitochondrial-like	protein_coding	NC_052329.1	32193470	32209253	3	B	2	ecotype_only_corroborated,ref_divergence	0	1	0	0	1		corroborated	siscowet			1	0	2	gene-LOC120018326	1		0	
gene-LOC120018338	LOC120018338	myosin heavy chain, fast skeletal muscle-like	protein_coding	NC_052308.1	78795155	78815949	4	B	2	ecotype_only_corroborated,ref_divergence	0	1	0	0	1		corroborated	lean			1	0	2	gene-LOC120018338	1		0	
gene-LOC120018358	LOC120018358	tapasin-related protein-like	protein_coding	NC_052329.1	34830690	34837261	0	B	2	ecotype_only_corroborated,ref_divergence	0	1	0	0	1		corroborated	lean			1	0	2	gene-LOC120018358	1		0	
gene-LOC120018359	LOC120018359	gem-associated protein 4-like	protein_coding	NC_052329.1	34837561	34843780	3	B	2	ecotype_only_corroborated,ref_divergence	0	1	0	0	1		corroborated	lean			1	0	2	gene-LOC120018359	1		0	
gene-LOC120018360	LOC120018360	TLC domain-containing protein 3A-like	protein_coding	NC_052329.1	34843825	34848138	3	B	2	ecotype_only_corroborated,ref_divergence	0	1	0	0	1		corroborated	lean			1	0	2	gene-LOC120018360	1		0	
gene-LOC120018364	LOC120018364	serine/arginine repetitive matrix protein 2-like	protein_coding	NC_052329.1	35036407	35098498	1	B	2	ecotype_only_corroborated,ref_divergence	0	1	0	0	1		corroborated	lean			1	0	2	gene-LOC120018364	1		0	
gene-LOC120018460	LOC120018460	ATP-binding cassette sub-family F member 3-like	protein_coding	NC_052329.1	43262887	43287329	2	B	2	cnv,ref_divergence	0	0	1	0	1		liftoff_only	siscowet	1	2	0	0	1	gene-LOC120018460	1		0	
gene-LOC120018572	LOC120018572	sodium-independent sulfate anion transporter-like	protein_coding	NC_052308.1	78120747	78136030	4	B	2	ecotype_only_corroborated,ref_divergence	0	1	0	0	1		corroborated	lean			1	0	2	gene-LOC120018572	1		0	
gene-LOC120018584	LOC120018584	serine/threonine-protein kinase DCLK1-like	protein_coding	NC_052329.1	26965739	26983224	4	B	2	ecotype_only_corroborated,ref_divergence	0	1	0	0	1		corroborated	siscowet			1	0	2	gene-LOC120018584	1		0	
gene-LOC120018595	LOC120018595	olfactory receptor 6N1-like	protein_coding	NC_052329.1	27476297	27477235	4	B	2	ecotype_only_corroborated,ref_divergence	0	1	0	0	1		corroborated	siscowet			1	0	2	gene-LOC120018595	2		0	
gene-LOC120018609	LOC120018609	olfactory receptor 6N1-like	protein_coding	NC_052329.1	28259619	28262211	4	B	2	cnv,ref_divergence	0	0	1	0	1		liftoff_only	siscowet	1	2	0	0	1	gene-LOC120018605	2		0	
gene-LOC120018624	LOC120018624	murinoglobulin-2-like	protein_coding	NC_052329.1	29377486	29382451	2	B	2	cnv,ref_divergence	0	0	1	0	1		liftoff_only	lean	3	1	0	0	1	gene-LOC120018624	1		0	
gene-LOC120018632	LOC120018632	thiamine transporter 2-like	protein_coding	NC_052329.1	30555107	30556684	4	B	2	ecotype_only_corroborated,ref_divergence	0	1	0	0	1		corroborated	siscowet			1	0	2	gene-LOC120018632	1		0	
gene-LOC120018634	LOC120018634	A-kinase anchor protein SPHKAP-like	protein_coding	NC_052329.1	30593743	30643017	2	B	2	ecotype_only_corroborated,ref_divergence	0	1	0	0	1		corroborated	siscowet			1	0	2	gene-LOC120018634	1		0	
gene-LOC120018653	LOC120018653	F-box only protein 39-like	protein_coding	NC_052329.1	34546370	34548745	1	B	2	ecotype_only_corroborated,ref_divergence	0	1	0	0	1		corroborated	siscowet			1	0	2	gene-LOC120018653	1		0	
gene-LOC120018776	LOC120018776	putative nucleotidyltransferase MAB21L1	protein_coding	NC_052329.1	26838238	26840565	0	B	2	ecotype_only_corroborated,ref_divergence	0	1	0	0	1		corroborated	siscowet			1	0	2	gene-LOC120018776	1		0	
gene-LOC120018777	LOC120018777	pannexin-1-like	protein_coding	NC_052329.1	27016842	27030020	3	B	2	ecotype_only_corroborated,ref_divergence	0	1	0	0	1		corroborated	siscowet			1	0	2	gene-LOC120018777	1		0	
gene-LOC120018802	LOC120018802	XIAP-associated factor 1-like	protein_coding	NC_052329.1	34543605	34546148	1	B	2	ecotype_only_corroborated,ref_divergence	0	1	0	0	1		corroborated	siscowet			1	0	2	gene-LOC120018802	1		0	
gene-LOC120018827	LOC120018827	N-sulphoglucosamine sulphohydrolase-like	protein_coding	NC_052308.1	78112450	78120677	3	B	2	ecotype_only_corroborated,ref_divergence	0	1	0	0	1		corroborated	lean			1	0	2	gene-LOC120018827	1		0	
gene-LOC120018845	LOC120018845	high mobility group-T protein-like	protein_coding	NC_052329.1	43338456	43341160	2	B	2	cnv,ref_divergence	0	0	1	0	1		liftoff_only	siscowet	1	2	0	0	1	gene-LOC120018845	1		0	
gene-LOC120019133	LOC120019133	WD repeat-containing protein 20-like	protein_coding	NC_052330.1	27293842	27303568	1	B	2	cnv,ref_divergence	0	0	1	0	1		liftoff_only	lean	2	1	0	0	1	gene-LOC120019133	1		0	
gene-LOC120019154	LOC120019154	transcription factor MafG-like	protein_coding	NC_052308.1	77209641	77231424	5	B	2	ecotype_only_corroborated,ref_divergence	0	1	0	0	1		corroborated	siscowet			1	0	2	gene-LOC120019154	1		0	
gene-LOC120019183	LOC120019183	transcription initiation factor IIA subunit 1-like	protein_coding	NC_052330.1	31874033	31895307	3	B	2	cnv,ref_divergence	0	0	1	0	1		liftoff_only	siscowet	1	2	0	0	1	gene-LOC120019183	1		0	
gene-LOC120019186	LOC120019186	pancreatic secretory granule membrane major glycoprotein GP2-like	protein_coding	NC_052308.1	77316635	77320085	4	B	2	cnv,ref_divergence	0	0	1	0	1		liftoff_only	siscowet	1	4	0	0	1	gene-LOC120019196	2		0	
gene-LOC120019203	LOC120019203	neuropeptide B-like	protein_coding	NC_052308.1	78108948	78110780	3	B	2	ecotype_only_corroborated,ref_divergence	0	1	0	0	1		corroborated	lean			1	0	2	gene-LOC120019203	1		0	
gene-LOC120019250	LOC120019250	grainyhead-like protein 1 homolog	protein_coding	NC_052330.1	5579364	5597512	4	B	2	cnv,ref_divergence	0	0	1	0	1		liftoff_only	siscowet	1	2	0	0	1	gene-LOC120019250	1		0	
gene-LOC120019291	LOC120019291	protein unc-93 homolog A-like	protein_coding	NC_052330.1	12859595	12861385	0	B	2	ecotype_only_corroborated,ref_divergence	0	1	0	0	1		corroborated	siscowet			1	0	2	gene-LOC120019719	2		0	
gene-LOC120019384	LOC120019384	4-galactosyl-N-acetylglucosaminide 3-alpha-L-fucosyltransferase 9-like	protein_coding	NC_052330.1	29872839	29873942	4	B	2	cnv,ref_divergence	0	0	1	0	1		liftoff_only	siscowet	1	2	0	1	1	gene-LOC120019384	4		0	0
gene-LOC120019463	LOC120019463	ribonucleoside-diphosphate reductase subunit M2	protein_coding	NC_052330.1	5630294	5635525	3	B	2	cnv,ref_divergence	0	0	1	0	1		liftoff_only	siscowet	1	2	0	0	1	gene-LOC120019463	1		0	
gene-LOC120019531	LOC120019531	myosin heavy chain, fast skeletal muscle-like	protein_coding	NC_052308.1	79465688	79485562	4	B	2	ecotype_only_corroborated,ref_divergence	0	1	0	0	1		corroborated	siscowet			1	0	2	gene-LOC120019531	3		0	
gene-LOC120019548	LOC120019548	probable ribonuclease ZC3H12D	protein_coding	NC_052330.1	9814140	9819474	7	B	2	cnv,ref_divergence	0	0	1	0	1		liftoff_only	siscowet	1	2	0	0	1	gene-LOC120019548	1		0	
gene-LOC120019624	LOC120019624	protein GPR108-like	protein_coding	NC_052308.1	80009702	80027812	3	B	2	ecotype_only_corroborated,ref_divergence	0	1	0	0	1		corroborated	lean			0	1	2	gene-LOC120019624	1		0	1
gene-LOC120019674	LOC120019674	lysophosphatidic acid receptor 2-like	protein_coding	NC_052308.1	80098226	80133576	3	B	2	ecotype_only_corroborated,ref_divergence	0	1	0	0	1		corroborated	siscowet			1	0	2	gene-LOC120019674	1		0	
gene-LOC120019677	LOC120019677	serine/threonine-protein kinase LATS1-like	protein_coding	NC_052330.1	9870037	9884908	8	B	2	cnv,ref_divergence	0	0	1	0	1		liftoff_only	siscowet	1	2	0	0	1	gene-LOC120019677	1		0	
gene-LOC120019678	LOC120019678	katanin p60 ATPase-containing subunit A1	protein_coding	NC_052330.1	9861027	9867491	6	B	2	cnv,ref_divergence	0	0	1	0	1		liftoff_only	siscowet	1	2	0	0	1	gene-LOC120019678	1		0	
gene-LOC120019681	LOC120019681	glycoprotein integral membrane protein 1-like	protein_coding	NC_052330.1	9856840	9861028	0	B	2	cnv,ref_divergence	0	0	1	0	1		liftoff_only	siscowet	1	2	0	0	1	gene-LOC120019681	1		0	
gene-LOC120019682	LOC120019682	low-density lipoprotein receptor-related protein 11-like	protein_coding	NC_052330.1	9899221	9907174	2	B	2	cnv,ref_divergence	0	0	1	0	1		liftoff_only	siscowet	1	2	0	0	1	gene-LOC120019682	1		0	
gene-LOC120019683	LOC120019683	nucleoporin Nup43-like	protein_coding	NC_052330.1	9885181	9891867	2	B	2	cnv,ref_divergence	0	0	1	0	1		liftoff_only	siscowet	1	2	0	0	1	gene-LOC120019683	1		0	
gene-LOC120019684	LOC120019684	protein-L-isoaspartate(D-aspartate) O-methyltransferase-like	protein_coding	NC_052330.1	9891665	9899321	3	B	2	cnv,ref_divergence	0	0	1	0	1		liftoff_only	siscowet	1	2	0	0	1	gene-LOC120019684	1		0	
gene-LOC120019717	LOC120019717	probable tubulin polyglutamylase TTLL2	protein_coding	NC_052330.1	12867547	12872858	5	B	2	cnv,ref_divergence	0	0	1	0	1		liftoff_only	siscowet	1	3	0	0	1	gene-LOC120019718	2		0	
gene-LOC120019718	LOC120019718	probable tubulin polyglutamylase TTLL2	protein_coding	NC_052330.1	12839910	12844820	5	B	2	ecotype_only_corroborated,ref_divergence	0	1	0	0	1		corroborated	siscowet			1	0	2	gene-LOC120019718	2		0	
gene-LOC120019719	LOC120019719	protein unc-93 homolog A-like	protein_coding	NC_052330.1	12824356	12833791	0	B	2	cnv,ref_divergence	0	0	1	0	1		liftoff_only	siscowet	1	2	0	0	1	gene-LOC120019719	2		0	
gene-LOC120019724	LOC120019724	plasminogen-like	protein_coding	NC_052330.1	12907791	12920065	5	B	2	cnv,ref_divergence	0	0	1	0	1		liftoff_only	siscowet	1	2	0	0	1	gene-LOC120019724	1		0	
gene-LOC120019900	LOC120019900	ubiquitin-like protein 5	protein_coding	NC_052308.1	80347101	80350718	6	B	2	ecotype_only_corroborated,ref_divergence	0	1	0	0	1		corroborated	siscowet			1	0	2	gene-LOC120019900	1		0	
gene-LOC120019901	LOC120019901	UDP-N-acetylglucosamine transporter-like	protein_coding	NC_052331.1	33309447	33331519	3	B	2	cnv,ref_divergence	0	0	1	0	1		liftoff_only	siscowet	1	2	0	0	1	gene-LOC120019901	1		0	
gene-LOC120019936	LOC120019936	anion exchange protein 2-like	protein_coding	NC_052331.1	38882496	38921283	9	B	2	cnv,ref_divergence	0	0	1	0	1		liftoff_only	siscowet	1	2	0	0	1	gene-LOC120019936	1		0	
gene-LOC120019939	LOC120019939	peptidyl-prolyl cis-trans isomerase NIMA-interacting 1-like	protein_coding	NC_052308.1	80447539	80457631	4	B	2	ecotype_only_corroborated,ref_divergence	0	1	0	0	1		corroborated	siscowet			1	0	2	gene-LOC120019939	1		0	
gene-LOC120020046	LOC120020046	myosin light chain 1, cardiac muscle-like	protein_coding	NC_052331.1	12757067	12761844	2	B	2	cnv,ref_divergence	0	0	1	0	1		liftoff_only	siscowet	1	2	0	0	1	gene-LOC120020046	1		0	
gene-LOC120020067	LOC120020067	corticotropin-releasing factor receptor 2	protein_coding	NC_052331.1	12659779	12746336	10	B	2	cnv,ref_divergence	0	0	1	0	1		liftoff_only	siscowet	1	2	0	1	1	gene-LOC120020067	1		0	0
gene-LOC120020088	LOC120020088	ran-binding protein 3-like	protein_coding	NC_052331.1	22722	37558	4	B	2	cnv,ref_divergence	0	0	1	0	1		liftoff_only	siscowet	1	2	0	0	1	gene-LOC120020088	1		0	
gene-LOC120020322	LOC120020322	adenosine receptor A3-like	protein_coding	NC_052308.1	8819421	8822295	5	B	2	cnv,ref_divergence	0	0	1	0	1		liftoff_only	lean	2	1	0	0	1	gene-LOC120020322	2		0	
gene-LOC120020323	LOC120020323	myosin-6	protein_coding	NC_052331.1	18974788	18988722	4	B	2	cnv,ref_divergence	0	0	1	0	1		liftoff_only	siscowet	1	2	0	0	1	gene-LOC120019826	2		0	
gene-LOC120020340	LOC120020340	proline-rich protein 36-like	protein_coding	NC_052331.1	40989268	40991619	0	B	2	ecotype_only_corroborated,ref_divergence	0	1	0	0	1		corroborated	siscowet			1	0	2	gene-LOC120020340	1		0	
gene-LOC120020450	LOC120020450	proteoglycan 4-like	protein_coding	NC_052331.1	29817355	29822249	2	B	2	ecotype_only_corroborated,ref_divergence	0	1	0	0	1		corroborated	lean			1	0	2	gene-LOC120020450	2		0	
gene-LOC120020510	LOC120020510	supervillin-like	protein_coding	NC_052331.1	1621719	1656334	8	B	2	cnv,ref_divergence	0	0	1	0	1		liftoff_only	siscowet	1	2	0	0	1	gene-LOC120020510	1		0	
gene-LOC120020538	LOC120020538	neuromedin-U receptor 2-like	protein_coding	NC_052308.1	16943489	16946174	3	B	2	cnv,ref_divergence	0	0	1	0	1		liftoff_only	siscowet	1	2	0	0	1	gene-LOC120020538	1		0	
gene-LOC120020560	LOC120020560	solute carrier family 26 member 6-like	protein_coding	NC_052331.1	5955693	5997117	7	B	2	cnv,ref_divergence	0	0	1	0	1		liftoff_only	siscowet	1	2	0	0	1	gene-LOC120020076	3		0	
gene-LOC120020561	LOC120020561	B-cell lymphoma 6 protein-like	protein_coding	NC_052331.1	33288489	33294106	7	B	2	cnv,ref_divergence	0	0	1	0	1		liftoff_only	siscowet	1	2	0	0	1	gene-LOC120020561	1		0	
gene-LOC120020562	LOC120020562	protein FAM78B-like	protein_coding	NC_052331.1	33302643	33306590	0	B	2	cnv,ref_divergence	0	0	1	0	1		liftoff_only	siscowet	1	2	0	0	1	gene-LOC120020562	1		0	
gene-LOC120020563	LOC120020563	UMP-CMP kinase-like	protein_coding	NC_052331.1	33295304	33302839	8	B	2	cnv,ref_divergence	0	0	1	0	1		liftoff_only	siscowet	1	2	0	0	1	gene-LOC120020563	1		0	
gene-LOC120020566	LOC120020566	specifically androgen-regulated gene protein-like	protein_coding	NC_052308.1	17253835	17255586	0	B	2	cnv,ref_divergence	0	0	1	0	1		liftoff_only	siscowet	1	2	0	0	1	gene-LOC120020566	1		0	
gene-LOC120020583	LOC120020583	DCN1-like protein 1	protein_coding	NC_052331.1	33561859	33565281	6	B	2	cnv,ref_divergence	0	0	1	0	1		liftoff_only	siscowet	1	2	0	0	1	gene-LOC120020583	1		0	
gene-LOC120020625	LOC120020625	regulator of G-protein signaling 5-like	protein_coding	NC_052331.1	34428828	34435234	0	B	2	cnv,ref_divergence	0	0	1	0	1		liftoff_only	siscowet	1	2	0	0	1	gene-LOC120020035	2		0	
gene-LOC120020628	LOC120020628	relaxin-3-like	protein_coding	NC_052331.1	34597812	34599007	2	B	2	cnv,ref_divergence	0	0	1	0	1		liftoff_only	lean	2	1	0	0	1	gene-LOC120020628	1		0	
gene-LOC120020649	LOC120020649	parathyroid hormone/parathyroid hormone-related peptide receptor-like	protein_coding	NC_052331.1	12802131	12880694	7	B	2	cnv,ref_divergence	0	0	1	0	1		liftoff_only	siscowet	1	2	0	0	1	gene-LOC120020649	1		0	
gene-LOC120020663	LOC120020663	FERM domain-containing protein 4B-like	protein_coding	NC_052308.1	21865776	21916896	5	B	2	cnv,ref_divergence	0	0	1	0	1		liftoff_only	siscowet	1	2	0	0	1	gene-LOC120020663	1		0	
gene-LOC120020690	LOC120020690	SRSF protein kinase 3-like	protein_coding	NC_052308.1	22923222	22928371	5	B	2	cnv,ref_divergence	0	0	1	0	1		liftoff_only	siscowet	1	2	0	0	1	gene-LOC120020690	1		0	
gene-LOC120020693	LOC120020693	myosin heavy chain, fast skeletal muscle-like	protein_coding	NC_052331.1	37340723	37360961	4	B	2	cnv,ref_divergence	0	0	1	0	1		liftoff_only	siscowet	1	2	0	0	1	gene-LOC120020691	3		0	
gene-LOC120020708	LOC120020708	nucleolar transcription factor 1-A-like	protein_coding	NC_052331.1	38862520	38881058	0	B	2	cnv,ref_divergence	0	0	1	0	1		liftoff_only	siscowet	1	2	0	0	1	gene-LOC120020708	1		0	
gene-LOC120020711	LOC120020711	dnaJ homolog subfamily C member 1-like	protein_coding	NC_052331.1	39001906	39013581	1	B	2	cnv,ref_divergence	0	0	1	0	1		liftoff_only	siscowet	1	2	0	0	1	gene-LOC120020711	1		0	
gene-LOC120020725	LOC120020725	acyl-CoA-binding domain-containing protein 5-like	protein_coding	NC_052331.1	40050233	40062666	4	B	2	cnv,ref_divergence	0	0	1	0	1		liftoff_only	siscowet	1	2	0	0	1	gene-LOC120020725	1		0	
gene-LOC120020726	LOC120020726	serine/arginine repetitive matrix protein 2-like	protein_coding	NC_052331.1	40070174	40078461	1	B	2	cnv,ref_divergence	0	0	1	0	1		liftoff_only	siscowet	1	2	0	0	1	gene-LOC120020726	1		0	
gene-LOC120020727	LOC120020727	ATP-dependent zinc metalloprotease YME1L1-like	protein_coding	NC_052331.1	40067564	40096995	7	B	2	cnv,ref_divergence	0	0	1	0	1		liftoff_only	siscowet	1	2	0	0	1	gene-LOC120020727	1		0	
gene-LOC120020733	LOC120020733	presenilins-associated rhomboid-like protein, mitochondrial	protein_coding	NC_052331.1	40606054	40621995	2	B	2	cnv,ref_divergence	0	0	1	0	1		liftoff_only	siscowet	1	2	0	0	1	gene-LOC120020733	1		0	
gene-LOC120020950	LOC120020950	serine/threonine-protein phosphatase 6 catalytic subunit	protein_coding	NC_052332.1	1693936	1715056	4	B	2	cnv,ref_divergence	0	0	1	0	1		liftoff_only	siscowet	1	2	0	0	1	gene-LOC120020950	1		0	
gene-LOC120021069	LOC120021069	guanine nucleotide-binding protein G(t) subunit alpha-2-like	protein_coding	NC_052308.1	29241592	29255672	9	B	2	cnv,ref_divergence	0	0	1	0	1		liftoff_only	siscowet	1	2	0	0	1	gene-LOC120061057	2		0	
gene-LOC120021099	LOC120021099	wiskott-Aldrich syndrome protein family member 3-like	protein_coding	NC_052332.1	33510670	33517970	6	B	2	cnv,ref_divergence	0	0	1	0	1		liftoff_only	siscowet	1	2	0	0	1	gene-LOC120021099	1		0	
gene-LOC120021140	LOC120021140	cytochrome c oxidase assembly factor 4 homolog, mitochondrial-like	protein_coding	NC_052332.1	37892900	37893175	2	B	2	cnv,ref_divergence	0	0	1	0	1		liftoff_only	lean	3	2	0	0	1	gene-LOC120021140	1		0	
gene-LOC120021170	LOC120021170	C-type mannose receptor 2-like	protein_coding	NC_052332.1	41155767	41159433	0	B	2	ecotype_only_corroborated,ref_divergence	0	1	0	0	1		corroborated	siscowet			1	0	2	gene-LOC120021170	1		0	
gene-LOC120021197	LOC120021197	alpha-N-acetylgalactosaminide alpha-2,6-sialyltransferase 6-like	protein_coding	NC_052332.1	171571	185249	4	B	2	cnv,ref_divergence	0	0	1	0	1		liftoff_only	siscowet	1	2	0	0	1	gene-LOC120021197	1		0	
gene-LOC120021205	LOC120021205	surfeit locus protein 2-like	protein_coding	NC_052332.1	16604408	16610324	0	B	2	cnv,ref_divergence	0	0	1	0	1		liftoff_only	siscowet	1	2	0	0	1	gene-LOC120021205	2		0	
gene-LOC120021208	LOC120021208	surfeit locus protein 4	protein_coding	NC_052332.1	16610666	16618549	4	B	2	cnv,ref_divergence	0	0	1	0	1		liftoff_only	siscowet	1	2	0	0	1	gene-LOC120021205	2		0	
gene-LOC120021224	LOC120021224	complement component C6-like	protein_coding	NC_052332.1	19263625	19282346	3	B	2	cnv,ref_divergence	0	0	1	0	1		liftoff_only	siscowet	1	2	0	0	1	gene-LOC120021224	1		0	
gene-LOC120021226	LOC120021226	mediator of RNA polymerase II transcription subunit 22	protein_coding	NC_052332.1	138338	141526	3	B	2	cnv,ref_divergence	0	0	1	0	1		liftoff_only	siscowet	1	2	0	0	1	gene-LOC120021226	1		0	
gene-LOC120021227	LOC120021227	succinyl-CoA:3-ketoacid coenzyme A transferase 1, mitochondrial-like	protein_coding	NC_052332.1	19295690	19304707	3	B	2	cnv,ref_divergence	0	0	1	0	1		liftoff_only	siscowet	1	2	0	0	1	gene-LOC120021227	1		0	
gene-LOC120021292	LOC120021292	serine/threonine-protein phosphatase 2A catalytic subunit beta isoform	protein_coding	NC_052332.1	3214719	3236989	4	B	2	cnv,ref_divergence	0	0	1	0	1		liftoff_only	siscowet	1	2	0	0	1	gene-LOC120021292	1		0	
gene-LOC120021322	LOC120021322	protein phosphatase PTC7 homolog	protein_coding	NC_052332.1	26672841	26683886	0	B	2	cnv,ref_divergence	0	0	1	0	1		liftoff_only	siscowet	1	2	0	0	1	gene-LOC120021322	1		0	
gene-LOC120021367	LOC120021367	stress-induced-phosphoprotein 1-like	protein_coding	NC_052332.1	29360730	29368738	1	B	2	cnv,ref_divergence	0	0	1	0	1		liftoff_only	siscowet	1	2	0	0	1	gene-LOC120021367	1		0	
gene-LOC120021373	LOC120021373	proteasome subunit beta type-7-like	protein_coding	NC_052332.1	3021442	3041680	3	B	2	cnv,ref_divergence	0	0	1	0	1		liftoff_only	siscowet	1	2	0	0	1	gene-LOC120021373	1		0	
gene-LOC120021394	LOC120021394	ubiquitin carboxyl-terminal hydrolase 20-like	protein_coding	NC_052332.1	78591	118257	3	B	2	cnv,ref_divergence	0	0	1	0	1		liftoff_only	siscowet	1	2	0	0	1	gene-LOC120021394	1		0	
gene-LOC120021459	LOC120021459	ribosomal protein S6 kinase alpha-3	protein_coding	NC_052332.1	33361767	33379637	5	B	2	cnv,ref_divergence	0	0	1	0	1		liftoff_only	siscowet	1	2	0	0	1	gene-LOC120021459	1		0	
gene-LOC120021519	LOC120021519	cAMP-specific 3',5'-cyclic phosphodiesterase 4D-like	protein_coding	NC_052332.1	3116662	3191911	5	B	2	cnv,ref_divergence	0	0	1	0	1		liftoff_only	siscowet	1	2	0	0	1	gene-LOC120021519	1		0	
gene-LOC120021611	LOC120021611	ectonucleoside triphosphate diphosphohydrolase 2-like	protein_coding	NC_052332.1	23289350	23325141	4	B	2	cnv,ref_divergence	0	0	1	0	1		liftoff_only	siscowet	1	2	0	0	1	gene-LOC120021611	1		0	
gene-LOC120021626	LOC120021626	dolichyldiphosphatase 1-like	protein_coding	NC_052332.1	217901	224814	5	B	2	cnv,ref_divergence	0	0	1	0	1		liftoff_only	siscowet	1	2	0	0	1	gene-LOC120021626	1		0	
gene-LOC120021647	LOC120021647	regulatory factor X-associated protein	protein_coding	NC_052332.1	39197983	39200437	2	B	2	cnv,ref_divergence	0	0	1	0	1		liftoff_only	siscowet	1	2	0	0	1	gene-LOC120021647	1		0	
gene-LOC120021648	LOC120021648	60S ribosomal protein L7a	protein_coding	NC_052332.1	141553	145168	2	B	2	cnv,ref_divergence	0	0	1	0	1		liftoff_only	siscowet	1	2	0	0	1	gene-LOC120021648	1		0	
gene-LOC120021676	LOC120021676	glutamate receptor ionotropic, NMDA 1	protein_coding	NC_052332.1	23363228	23391818	9	B	2	cnv,ref_divergence	0	0	1	0	1		liftoff_only	siscowet	1	2	0	0	1	gene-LOC120021676	1		0	
gene-LOC120021697	LOC120021697	TBC1 domain family member 10A-like	protein_coding	NC_052332.1	26643616	26663032	0	B	2	cnv,ref_divergence	0	0	1	0	1		liftoff_only	siscowet	1	2	0	0	1	gene-LOC120021697	1		0	
gene-LOC120021716	LOC120021716	general transcription factor II-I repeat domain-containing protein 2-like	protein_coding	NC_052307.1	27172992	27175093	0	B	2	cnv,ref_divergence	0	0	1	0	1		liftoff_only	siscowet	13	19	0	0	1	gene-gtf2h3	2		0	
gene-LOC120021737	LOC120021737	vacuolar protein sorting-associated protein 29	protein_coding	NC_052332.1	17421922	17428023	4	B	2	cnv,ref_divergence	0	0	1	0	1		liftoff_only	lean	2	1	0	0	1	gene-LOC120021737	1		0	
gene-LOC120021739	LOC120021739	fermitin family homolog 3-like	protein_coding	NC_052332.1	29369357	29376511	8	B	2	cnv,ref_divergence	0	0	1	0	1		liftoff_only	siscowet	1	2	0	0	1	gene-LOC120021739	1		0	
gene-LOC120021774	LOC120021774	TNF receptor-associated factor 2-like	protein_coding	NC_052332.1	12720247	12736008	13	B	2	cnv,ref_divergence	0	0	1	0	1		liftoff_only	siscowet	1	2	0	0	1	gene-LOC120021774	1		0	
gene-LOC120021779	LOC120021779	protein B4-like	protein_coding	NC_052308.1	43062104	43065625	3	B	2	cnv,ref_divergence	0	0	1	0	1		liftoff_only	siscowet	1	2	0	0	1	gene-LOC120021779	1		0	0
gene-LOC120021788	LOC120021788	GTPase-activating Rap/Ran-GAP domain-like protein 3	protein_coding	NC_052332.1	4028318	4084279	4	B	2	cnv,ref_divergence	0	0	1	0	1		liftoff_only	siscowet	1	2	0	0	1	gene-LOC120021788	1		0	
gene-LOC120021832	LOC120021832	calcium-binding mitochondrial carrier protein SCaMC-2-B-like	protein_coding	NC_052332.1	1066351	1079180	4	B	2	cnv,ref_divergence	0	0	1	0	1		liftoff_only	siscowet	1	2	0	0	1	gene-LOC120021832	1		0	
gene-LOC120021841	LOC120021841	purine-rich element-binding protein gamma-like	protein_coding	NC_052332.1	3254479	3255441	5	B	2	cnv,ref_divergence	0	0	1	0	1		liftoff_only	siscowet	1	2	0	0	1	gene-LOC120021841	1		0	
gene-LOC120021859	LOC120021859	voltage-dependent calcium channel subunit alpha-2/delta-2-like	protein_coding	NC_052308.1	44829747	44870533	2	B	2	ecotype_only_corroborated,ref_divergence	0	1	0	0	1		corroborated	siscowet			1	0	2	gene-LOC120021849	2		0	
gene-LOC120021870	LOC120021870	interferon-induced protein 44-like	protein_coding	NC_052308.1	44901899	44903021	0	B	2	cnv,ref_divergence	0	0	1	0	1		liftoff_only	siscowet	1	2	0	0	1	gene-LOC120021870	1		0	
gene-LOC120021872	LOC120021872	GDNF family receptor alpha-2-like	protein_coding	NC_052332.1	11077424	11172128	4	B	2	cnv,ref_divergence	0	0	1	0	1		liftoff_only	siscowet	1	2	0	0	1	gene-LOC120021872	1		0	
gene-LOC120021902	LOC120021902	CLOCK-interacting pacemaker-like	protein_coding	NC_052332.1	36008069	36017715	3	B	2	ecotype_only_corroborated,ref_divergence	0	1	0	0	1		corroborated	siscowet			1	0	2	gene-LOC120021902	1		0	
gene-LOC120021970	LOC120021970	adaptin ear-binding coat-associated protein 1-like	protein_coding	NC_052333.1	31937806	31942939	3	B	2	cnv,ref_divergence	0	0	1	0	1		liftoff_only	siscowet	1	2	0	0	1	gene-LOC120021970	1		0	
gene-LOC120021973	LOC120021973	dual specificity protein kinase CLK2-like	protein_coding	NC_052333.1	38568483	38581787	5	B	2	cnv,ref_divergence	0	0	1	0	1		liftoff_only	siscowet	1	2	0	0	1	gene-LOC120021973	1		0	
gene-LOC120022006	LOC120022006	cell surface glycoprotein 1-like	protein_coding	NC_052333.1	4931745	4935959	0	B	2	ecotype_only_corroborated,ref_divergence	0	1	0	0	1		corroborated	siscowet			1	0	2	gene-LOC120022006	1		0	
gene-LOC120022007	LOC120022007	gap junction alpha-9 protein-like	protein_coding	NC_052333.1	5150920	5152470	2	B	2	cnv,ref_divergence	0	0	1	0	1		liftoff_only	siscowet	1	2	0	0	1	gene-LOC120022007	1		0	
gene-LOC120022079	LOC120022079	translocon-associated protein subunit beta-like	protein_coding	NC_052333.1	26013273	26021350	2	B	2	ecotype_only_corroborated,ref_divergence	0	1	0	0	1		corroborated	siscowet			1	0	2	gene-LOC120022079	1		0	
gene-LOC120022111	LOC120022111	BET1 homolog	protein_coding	NC_052333.1	10293811	10297227	5	B	2	cnv,ref_divergence	0	0	1	0	1		liftoff_only	lean	2	1	0	0	1	gene-LOC120022111	1		0	
gene-LOC120022117	LOC120022117	fatty acid-binding protein, heart	protein_coding	NC_052333.1	16101105	16104952	4	B	2	ecotype_only_corroborated,ref_divergence	0	1	0	0	1		corroborated	siscowet			1	0	2	gene-LOC120022117	1		0	
gene-LOC120022143	LOC120022143	serine/arginine-rich splicing factor 10-like	protein_coding	NC_052333.1	5169149	5177655	1	B	2	cnv,ref_divergence	0	0	1	0	1		liftoff_only	siscowet	1	2	0	0	1	gene-LOC120022143	1		0	
gene-LOC120022168	LOC120022168	splicing factor, proline- and glutamine-rich-like	protein_coding	NC_052333.1	32725968	32755517	3	B	2	cnv,ref_divergence	0	0	1	0	1		liftoff_only	siscowet	1	2	0	0	1	gene-LOC120022168	1		0	
gene-LOC120022192	LOC120022192		V_segment	NC_052333.1	27395375	27402189	0	B	2	cnv,ref_divergence	0	0	1	0	1		liftoff_only	siscowet	1	2	0	0	1	gene-LOC120022192	1		0	
gene-LOC120022196	LOC120022196		V_segment	NC_052333.1	27448645	27449209	0	B	2	cnv,ref_divergence	0	0	1	0	1		liftoff_only	siscowet	1	2	0	0	1	gene-LOC120022196	1		0	
gene-LOC120022197	LOC120022197		V_segment	NC_052333.1	27494326	27494901	0	B	2	cnv,ref_divergence	0	0	1	0	1		liftoff_only	siscowet	1	2	0	0	1	gene-LOC120022197	1		0	
gene-LOC120022201	LOC120022201		C_region	NC_052333.1	27484530	27486615	0	B	2	cnv,ref_divergence	0	0	1	0	1		liftoff_only	siscowet	1	2	0	0	1	gene-LOC120022201	1		0	
gene-LOC120022261	LOC120022261	diacylglycerol O-acyltransferase 1-like	protein_coding	NC_052333.1	7869697	7891866	3	B	2	cnv,ref_divergence	0	0	1	0	1		liftoff_only	lean	2	1	0	0	1	gene-LOC120022261	1		0	
gene-LOC120022272	LOC120022272	E3 ubiquitin-protein ligase RING2-A-like	protein_coding	NC_052333.1	30193581	30197090	6	B	2	cnv,ref_divergence	0	0	1	0	1		liftoff_only	siscowet	1	2	0	0	1	gene-LOC120022272	1		0	
gene-LOC120022294	LOC120022294	serine/threonine-protein kinase pef1-like	protein_coding	NC_052308.1	56760499	56761449	5	B	2	cnv,ref_divergence	0	0	1	0	1		liftoff_only	siscowet	27	32	0	0	1	gene-LOC120022294	1		0	
gene-LOC120022305	LOC120022305	induced myeloid leukemia cell differentiation protein Mcl-1 homolog	protein_coding	NC_052308.1	56768612	56769368	9	B	2	cnv,ref_divergence	0	0	1	0	1		liftoff_only	siscowet	26	32	0	0	1	gene-LOC120022305	1		0	
gene-LOC120022334	LOC120022334	flocculation protein FLO11-like	protein_coding	NC_052308.1	57009784	57013433	0	B	2	cnv,ref_divergence	0	0	1	0	1		liftoff_only	siscowet	16	21	0	0	1	gene-LOC120022334	1		0	
gene-LOC120022349	LOC120022349	splicing factor U2AF 65 kDa subunit-like	protein_coding	NC_052333.1	31872922	31885414	8	B	2	cnv,ref_divergence	0	0	1	0	1		liftoff_only	siscowet	1	2	0	0	1	gene-LOC120022349	1		0	
gene-LOC120022350	LOC120022350	germ cell-specific gene 1-like protein	protein_coding	NC_052333.1	31910169	31916866	1	B	2	cnv,ref_divergence	0	0	1	0	1		liftoff_only	siscowet	1	2	0	0	1	gene-LOC120022350	1		0	
gene-LOC120022351	LOC120022351	epsin-1-like	protein_coding	NC_052333.1	31924745	31936161	6	B	2	cnv,ref_divergence	0	0	1	0	1		liftoff_only	siscowet	1	2	0	0	1	gene-LOC120022351	1		0	
gene-LOC120022415	LOC120022415	ephrin-A3-like	protein_coding	NC_052333.1	39093493	39103849	4	B	2	cnv,ref_divergence	0	0	1	0	1		liftoff_only	siscowet	1	2	0	0	1	gene-LOC120022415	1		0	
gene-LOC120022431	LOC120022431	40S ribosomal protein S18	protein_coding	NC_052333.1	30185186	30188195	6	B	2	cnv,ref_divergence	0	0	1	0	1		liftoff_only	siscowet	1	2	0	0	1	gene-LOC120022431	1		0	
gene-LOC120022442	LOC120022442	CCR4-NOT transcription complex subunit 3-like	protein_coding	NC_052333.1	31852921	31869083	6	B	2	cnv,ref_divergence	0	0	1	0	1		liftoff_only	siscowet	1	2	0	0	1	gene-LOC120022442	1		0	
gene-LOC120022528	LOC120022528	probable C-mannosyltransferase DPY19L4	protein_coding	NC_052333.1	36494381	36501688	3	B	2	cnv,ref_divergence	0	0	1	0	1		liftoff_only	siscowet	1	2	0	0	1	gene-LOC120022528	1		0	
gene-LOC120022571	LOC120022571	tapasin-like	protein_coding	NC_052333.1	30479765	30484516	2	B	2	cnv,ref_divergence	0	0	1	0	1		liftoff_only	lean	2	1	0	0	1	gene-LOC120022571	1		0	
gene-LOC120022581	LOC120022581	c-Myc-binding protein-like	protein_coding	NC_052333.1	5146205	5149343	3	B	2	cnv,ref_divergence	0	0	1	0	1		liftoff_only	siscowet	1	2	0	0	1	gene-LOC120022581	1		0	
gene-LOC120022634	LOC120022634	akirin-1A-like	protein_coding	NC_052333.1	5156795	5164750	9	B	2	cnv,ref_divergence	0	0	1	0	1		liftoff_only	siscowet	1	2	0	0	1	gene-LOC120022634	1		0	
gene-LOC120022653	LOC120022653	serine/threonine-protein kinase SBK1-like	protein_coding	NC_052333.1	31958460	31965051	4	B	2	cnv,ref_divergence	0	0	1	0	1		liftoff_only	siscowet	1	2	0	0	1	gene-LOC120022653	1		0	
gene-LOC120022690	LOC120022690	dnaJ homolog subfamily C member 8-like	protein_coding	NC_052333.1	38558501	38563282	1	B	2	cnv,ref_divergence	0	0	1	0	1		liftoff_only	siscowet	1	2	0	0	1	gene-LOC120022690	1		0	
gene-LOC120022726	LOC120022726	(E3-independent) E2 ubiquitin-conjugating enzyme UBE2O-like	protein_coding	NC_052308.1	63784826	63829222	0	B	2	cnv,ref_divergence	0	0	1	0	1		liftoff_only	lean	2	1	0	0	1	gene-LOC120022726	1		0	
gene-LOC120022743	LOC120022743	chromatin modification-related protein MEAF6	protein_coding	NC_052333.1	5084522	5089892	2	B	2	cnv,ref_divergence	0	0	1	0	1		liftoff_only	siscowet	1	2	0	0	1	gene-LOC120022743	1		0	
gene-LOC120022770	LOC120022770	cilia- and flagella-associated protein 20-like	protein_coding	NC_052333.1	7863054	7868350	5	B	2	cnv,ref_divergence	0	0	1	0	1		liftoff_only	lean	2	1	0	0	1	gene-LOC120022770	1		0	
gene-LOC120022801	LOC120022801	sialoadhesin-like	protein_coding	NC_052333.1	31981261	31986178	2	B	2	cnv,ref_divergence	0	0	1	0	1		liftoff_only	siscowet	1	2	0	0	1	gene-LOC120022801	1		0	
gene-LOC120022803	LOC120022803	four and a half LIM domains protein 3-like	protein_coding	NC_052333.1	5096364	5130792	6	B	2	cnv,ref_divergence	0	0	1	0	1		liftoff_only	siscowet	1	2	0	0	1	gene-LOC120022803	1		0	
gene-LOC120022855	LOC120022855	visinin-like	protein_coding	NC_052333.1	31898473	31903822	1	B	2	cnv,ref_divergence	0	0	1	0	1		liftoff_only	siscowet	1	2	0	0	1	gene-LOC120022855	1		0	
gene-LOC120022857	LOC120022857	thyrotroph embryonic factor-like	protein_coding	NC_052333.1	31782120	31793764	4	B	2	cnv,ref_divergence	0	0	1	0	1		liftoff_only	siscowet	1	2	0	0	1	gene-LOC120022857	1		0	
gene-LOC120022965	LOC120022965	eukaryotic translation initiation factor 2-alpha kinase 3-like	protein_coding	NC_052334.1	285848	290415	3	B	2	ecotype_only_corroborated,ref_divergence	0	1	0	0	1		corroborated	siscowet			1	0	2	gene-eif2ak3	2		0	
gene-LOC120022969	LOC120022969	vam6/Vps39-like protein	protein_coding	NC_052334.1	1277805	1287210	6	B	2	ecotype_only_corroborated,ref_divergence	0	1	0	0	1		corroborated	siscowet			1	1	3	gene-LOC120023396	3		0	0
gene-LOC120022977	LOC120022977		V_segment	NC_052334.1	2292218	2292817	0	B	2	cnv,ref_divergence	0	0	1	0	1		liftoff_only	siscowet	3	6	0	0	1	gene-LOC120022977	1		0	
gene-LOC120022979	LOC120022979		V_segment	NC_052334.1	2323725	2324324	0	B	2	cnv,ref_divergence	0	0	1	0	1		liftoff_only	siscowet	1	5	0	0	1	gene-LOC120022979	1		0	
gene-LOC120022980	LOC120022980		V_segment	NC_052334.1	2329498	2339992	0	B	2	cnv,ref_divergence	0	0	1	0	1		liftoff_only	siscowet	1	2	0	0	1	gene-LOC120022980	1		0	
gene-LOC120022981	LOC120022981		V_segment	NC_052334.1	2386054	2386650	0	B	2	cnv,ref_divergence	0	0	1	0	1		liftoff_only	siscowet	1	5	0	0	1	gene-LOC120022981	1		0	
gene-LOC120022984	LOC120022984		V_segment	NC_052334.1	2605721	2620099	0	B	2	ecotype_only_corroborated,ref_divergence	0	1	0	0	1		corroborated	lean			1	0	2	gene-LOC120022984	1		0	
gene-LOC120023029	LOC120023029	rhomboid-related protein 3-like	protein_coding	NC_052308.1	66465352	66517512	3	B	2	ecotype_only_corroborated,ref_divergence	0	1	0	0	1		corroborated	siscowet			1	0	2	gene-LOC120023029	1		0	
gene-LOC120023046	LOC120023046	MAX gene-associated protein-like	protein_coding	NC_052334.1	12917381	12938845	7	B	2	cnv,ref_divergence	0	0	1	0	1		liftoff_only	siscowet	1	2	0	0	1	gene-LOC120023046	1		0	
gene-LOC120023066	LOC120023066	TLD domain-containing protein 2-like	protein_coding	NC_052334.1	38166959	38169735	4	B	2	cnv,ref_divergence	0	0	1	0	1		liftoff_only	siscowet	1	2	0	0	1	gene-LOC120023066	1		0	
gene-LOC120023118	LOC120023118	polyadenylate-binding protein 4-like	protein_coding	NC_052334.1	30168991	30177704	2	B	2	cnv,ref_divergence	0	0	1	0	1		liftoff_only	siscowet	1	2	0	0	1	gene-LOC120023118	1		0	
gene-LOC120023137	LOC120023137	E3 ubiquitin-protein ligase NEURL1-like	protein_coding	NC_052308.1	69425107	69525023	5	B	2	ecotype_only_corroborated,ref_divergence	0	1	0	0	1		corroborated	lean			1	0	2	gene-LOC120023137	1		0	
gene-LOC120023146	LOC120023146	vacuolar protein sorting-associated protein 4B-like	protein_coding	NC_052334.1	34871778	34877373	0	B	2	cnv,ref_divergence	0	0	1	0	1		liftoff_only	siscowet	1	2	0	0	1	gene-LOC120023146	1		0	
gene-LOC120023147	LOC120023147	protein ELYS-like	protein_coding	NC_052334.1	34842542	34869500	0	B	2	cnv,ref_divergence	0	0	1	0	1		liftoff_only	siscowet	1	2	0	0	1	gene-LOC120023147	1		0	
gene-LOC120023175	LOC120023175	calmodulin-1	protein_coding	NC_052334.1	17101229	17115986	1	B	2	ecotype_only_corroborated,ref_divergence	0	1	0	0	1		corroborated	lean			1	0	2	gene-LOC120023175	1		0	
gene-LOC120023181	LOC120023181	tyrosine-protein kinase receptor TYRO3-like	protein_coding	NC_052334.1	12946498	12980487	11	B	2	cnv,ref_divergence	0	0	1	0	1		liftoff_only	siscowet	1	2	0	0	1	gene-LOC120023181	1		0	
gene-LOC120023188	LOC120023188	synapse differentiation-inducing gene protein 1-like	protein_coding	NC_052334.1	26226021	26232434	2	B	2	cnv,ref_divergence	0	0	1	0	1		liftoff_only	siscowet	1	2	0	0	1	gene-LOC120023188	1		0	
gene-LOC120023192	LOC120023192	UDP-glucose 4-epimerase-like	protein_coding	NC_052334.1	30242852	30248452	3	B	2	cnv,ref_divergence	0	0	1	0	1		liftoff_only	siscowet	1	2	0	0	1	gene-LOC120023192	1		0	
gene-LOC120023224	LOC120023224	transforming growth factor beta-3 proprotein-like	protein_coding	NC_052334.1	25715565	25730276	10	B	2	cnv,ref_divergence	0	0	1	0	1		liftoff_only	siscowet	1	2	0	0	1	gene-LOC120023224	1		0	
gene-LOC120023231	LOC120023231	HHIP-like protein 1	protein_coding	NC_052334.1	12998995	13015977	1	B	2	cnv,ref_divergence	0	0	1	0	1		liftoff_only	siscowet	1	2	0	0	1	gene-LOC120023231	1		0	
gene-LOC120023241	LOC120023241	potassium channel subfamily K member 10-like	protein_coding	NC_052334.1	18350472	18375942	4	B	2	cnv,ref_divergence	0	0	1	0	1		liftoff_only	siscowet	1	2	0	0	1	gene-LOC120023241	1		0	
gene-LOC120023271	LOC120023271	nanos homolog 3-like	protein_coding	NC_052308.1	71911591	71912265	5	B	2	cnv,ref_divergence	0	0	1	0	1		liftoff_only	siscowet	1	3	0	0	1	gene-LOC120027929	3		0	
gene-LOC120023320	LOC120023320	kazal-type serine protease inhibitor domain-containing protein 1-like	protein_coding	NC_052334.1	30250109	30251531	6	B	2	cnv,ref_divergence	0	0	1	0	1		liftoff_only	siscowet	1	2	0	0	1	gene-LOC120023320	1		0	
gene-LOC120023372	LOC120023372	potassium voltage-gated channel subfamily S member 3-like	protein_coding	NC_052334.1	44951340	44952842	6	B	2	cnv,ref_divergence	0	0	1	0	1		liftoff_only	siscowet	1	2	0	0	1	gene-LOC120023372	1		0	
gene-LOC120023380	LOC120023380	voltage-dependent P/Q-type calcium channel subunit alpha-1A-like	protein_coding	NC_052308.1	72455630	72590362	6	B	2	ecotype_only_corroborated,ref_divergence	0	1	0	0	1		corroborated	lean			1	0	2	gene-LOC120023380	1		0	
gene-LOC120023408	LOC120023408	G patch domain-containing protein 2-like	protein_coding	NC_052334.1	25795416	25823503	0	B	2	cnv,ref_divergence	0	0	1	0	1		liftoff_only	siscowet	1	2	0	0	1	gene-LOC120023408	1		0	
gene-LOC120023431	LOC120023431	26S proteasome regulatory subunit 4-like	protein_coding	NC_052334.1	17152954	17158109	5	B	2	ecotype_only_corroborated,ref_divergence	0	1	0	0	1		corroborated	lean			1	0	2	gene-LOC120023431	1		0	
gene-LOC120023455	LOC120023455	piggyBac transposable element-derived protein 4-like	protein_coding	NC_052334.1	40969091	40969905	0	B	2	cnv,ref_divergence	0	0	1	0	1		liftoff_only	siscowet	1	2	0	0	1	gene-LOC120023455	2		0	
gene-LOC120023487	LOC120023487	slit homolog 1 protein-like	protein_coding	NC_052308.1	75038144	75168020	6	B	2	ecotype_only_corroborated,ref_divergence	0	1	0	0	1		corroborated	lean			1	1	3	gene-LOC120023487	1		0	0
gene-LOC120023504	LOC120023504	gap junction beta-4 protein-like	protein_coding	NC_052334.1	30185095	30188376	2	B	2	cnv,ref_divergence	0	0	1	0	1		liftoff_only	siscowet	1	2	0	0	1	gene-LOC120023504	2		0	
gene-LOC120023518	LOC120023518	calmodulin-regulated spectrin-associated protein 3-like	protein_coding	NC_052308.1	76021714	76047090	7	B	2	ecotype_only_corroborated,ref_divergence	0	1	0	0	1		corroborated	siscowet			0	1	2	gene-LOC120023518	1		0	0
gene-LOC120023534	LOC120023534	hydroxymethylglutaryl-CoA lyase, mitochondrial-like	protein_coding	NC_052334.1	30211410	30222037	3	B	2	cnv,ref_divergence	0	0	1	0	1		liftoff_only	siscowet	1	2	0	0	1	gene-LOC120023534	1		0	
gene-LOC120023576	LOC120023576	saccharopine dehydrogenase-like oxidoreductase	protein_coding	NC_052334.1	34903785	34921350	4	B	2	cnv,ref_divergence	0	0	1	0	1		liftoff_only	siscowet	1	2	0	0	1	gene-LOC120023576	1		0	
gene-LOC120023585	LOC120023585	gap junction beta-3 protein-like	protein_coding	NC_052334.1	30204311	30207835	2	B	2	cnv,ref_divergence	0	0	1	0	1		liftoff_only	siscowet	1	2	0	0	1	gene-LOC120023504	2		0	
gene-LOC120023601	LOC120023601	leucine-rich repeat-containing protein 57-like	protein_coding	NC_052334.1	12981841	12986777	1	B	2	cnv,ref_divergence	0	0	1	0	1		liftoff_only	siscowet	1	2	0	0	1	gene-LOC120023601	1		0	
gene-LOC120023616	LOC120023616	intraflagellar transport protein 43 homolog A	protein_coding	NC_052334.1	25740615	25772906	3	B	2	cnv,ref_divergence	0	0	1	0	1		liftoff_only	siscowet	1	2	0	0	1	gene-LOC120023616	1		0	
gene-LOC120023677	LOC120023677	piggyBac transposable element-derived protein 4-like	protein_coding	NC_052334.1	40969970	40970452	0	B	2	cnv,ref_divergence	0	0	1	0	1		liftoff_only	siscowet	31	32	0	0	1	gene-LOC120023455	2		0	
gene-LOC120023737	LOC120023737	B2 bradykinin receptor	protein_coding	NC_052334.1	18296123	18298777	7	B	2	cnv,ref_divergence	0	0	1	0	1		liftoff_only	siscowet	1	2	0	0	1	gene-LOC120023737	2		0	
gene-LOC120023746	LOC120023746	myosin heavy chain, fast skeletal muscle-like	protein_coding	NC_052308.1	79319899	79341711	4	B	2	ecotype_only_corroborated,ref_divergence	0	1	0	0	1		corroborated	siscowet			1	0	2	gene-LOC120023746	2		0	
gene-LOC120023754	LOC120023754	phosphatidate phosphatase LPIN1-like	protein_coding	NC_052334.1	34770223	34804674	8	B	2	cnv,ref_divergence	0	0	1	0	1		liftoff_only	siscowet	1	2	0	0	1	gene-LOC120023754	1		0	
gene-LOC120023827	LOC120023827	cytosolic 5'-nucleotidase 1A-like	protein_coding	NC_052334.1	29163787	29165044	7	B	2	cnv,ref_divergence	0	0	1	0	1		liftoff_only	siscowet	3	4	0	0	1	gene-LOC120023827	1		0	
gene-LOC120023871	LOC120023871	dermatan-sulfate epimerase-like	protein_coding	NC_052335.1	24547816	24575529	3	B	2	cnv,ref_divergence	0	0	1	0	1		liftoff_only	siscowet	1	2	0	0	1	gene-LOC120023871	1		0	
gene-LOC120023889	LOC120023889	cannabinoid receptor type 1A-like	protein_coding	NC_052335.1	25953999	25955405	3	B	2	cnv,ref_divergence	0	0	1	0	1		liftoff_only	siscowet	1	2	0	0	1	gene-LOC120023889	1		0	
gene-LOC120024026	LOC120024026	lactoylglutathione lyase-like	protein_coding	NC_052335.1	9250294	9252436	2	B	2	cnv,ref_divergence	0	0	1	0	1		liftoff_only	siscowet	1	2	0	0	1	gene-LOC120024026	1		0	
gene-LOC120024033	LOC120024033	rho GTPase-activating protein 18-like	protein_coding	NC_052335.1	22581113	22624566	5	B	2	cnv,ref_divergence	0	0	1	0	1		liftoff_only	siscowet	1	2	0	0	1	gene-LOC120024033	1		0	
gene-LOC120024042	LOC120024042	exostosin-like 3	protein_coding	NC_052335.1	10386333	10430883	3	B	2	cnv,ref_divergence	0	0	1	0	1		liftoff_only	siscowet	1	2	0	0	1	gene-LOC120024042	1		0	
gene-LOC120024073	LOC120024073	E3 UFM1-protein ligase 1-like	protein_coding	NC_052335.1	24599062	24615293	5	B	2	cnv,ref_divergence	0	0	1	0	1		liftoff_only	siscowet	1	2	0	0	1	gene-LOC120024073	1		0	
gene-LOC120024080	LOC120024080	sodium/bile acid cotransporter-like	protein_coding	NC_052335.1	35235238	35248936	3	B	2	cnv,ref_divergence	0	0	1	0	1		liftoff_only	siscowet	1	2	0	0	1	gene-LOC120024080	1		0	
gene-LOC120024099	LOC120024099	heterogeneous nuclear ribonucleoprotein Q-like	protein_coding	NC_052335.1	26166235	26176686	5	B	2	cnv,ref_divergence	0	0	1	0	1		liftoff_only	siscowet	1	2	0	0	1	gene-LOC120024099	1		0	
gene-LOC120024131	LOC120024131	RING finger protein 224-like	protein_coding	NC_052308.1	4809696	4811144	2	B	2	cnv,ref_divergence	0	0	1	0	1		liftoff_only	siscowet	1	2	0	0	1	gene-LOC120024093	3		0	
gene-LOC120024150	LOC120024150	RING finger protein 224-like	protein_coding	NC_052308.1	4822512	4824306	2	B	2	ecotype_only_corroborated,ref_divergence	0	1	0	0	1		corroborated	siscowet			0	1	2	gene-LOC120024093	3		0	0
gene-LOC120024164	LOC120024164	ribosomal oxygenase 1-like	protein_coding	NC_052335.1	10434745	10439290	5	B	2	cnv,ref_divergence	0	0	1	0	1		liftoff_only	siscowet	1	2	0	0	1	gene-LOC120024164	1		0	
gene-LOC120024165	LOC120024165	NADH dehydrogenase [ubiquinone] 1 beta subcomplex subunit 1-like	protein_coding	NC_052335.1	10439029	10444160	2	B	2	cnv,ref_divergence	0	0	1	0	1		liftoff_only	siscowet	1	2	0	0	1	gene-LOC120024165	1		0	
gene-LOC120024201	LOC120024201	akirin-2-like	protein_coding	NC_052335.1	25975422	25978303	5	B	2	cnv,ref_divergence	0	0	1	0	1		liftoff_only	siscowet	1	2	0	0	1	gene-LOC120024201	1		0	
gene-LOC120024210	LOC120024210	4-galactosyl-N-acetylglucosaminide 3-alpha-L-fucosyltransferase 9-like	protein_coding	NC_052335.1	9279793	9282208	4	B	2	cnv,ref_divergence	0	0	1	0	1		liftoff_only	siscowet	1	2	0	0	1	gene-LOC120024210	1		0	
gene-LOC120024212	LOC120024212	transmembrane protein 121	protein_coding	NC_052335.1	10594784	10595749	0	B	2	cnv,ref_divergence	0	0	1	0	1		liftoff_only	siscowet	1	2	0	0	1	gene-LOC120024212	1		0	
gene-LOC120024214	LOC120024214	tyrosine-protein kinase SRK2-like	protein_coding	NC_052335.1	24432805	24451137	8	B	2	cnv,ref_divergence	0	0	1	0	1		liftoff_only	siscowet	1	2	0	0	1	gene-LOC120024214	1		0	
gene-LOC120024223	LOC120024223	cilia- and flagella-associated protein 206-like	protein_coding	NC_052335.1	25999444	26003681	5	B	2	cnv,ref_divergence	0	0	1	0	1		liftoff_only	siscowet	1	2	0	0	1	gene-LOC120024223	1		0	
gene-LOC120024224	LOC120024224	gap junction beta-7 protein-like	protein_coding	NC_052335.1	26022853	26026585	2	B	2	cnv,ref_divergence	0	0	1	0	1		liftoff_only	siscowet	1	2	0	0	1	gene-LOC120024224	1		0	
gene-LOC120024226	LOC120024226	5-hydroxytryptamine receptor 1E-like	protein_coding	NC_052335.1	26056448	26057593	3	B	2	cnv,ref_divergence	0	0	1	0	1		liftoff_only	siscowet	1	2	0	0	1	gene-LOC120024226	1		0	
gene-LOC120024257	LOC120024257	serine/threonine-protein kinase PAK 6-like	protein_coding	NC_052335.1	33326233	33340153	6	B	2	cnv,ref_divergence	0	0	1	0	1		liftoff_only	siscowet	1	2	0	0	1	gene-LOC120024257	1		0	
gene-LOC120024269	LOC120024269	acyl-coenzyme A thioesterase 1-like	protein_coding	NC_052335.1	35144731	35150524	3	B	2	cnv,ref_divergence	0	0	1	0	1		liftoff_only	lean	2	1	0	0	1	gene-LOC120024269	1		0	
gene-LOC120024300	LOC120024300	adenosine receptor A3-like	protein_coding	NC_052308.1	8838035	8839299	5	B	2	cnv,ref_divergence	0	0	1	0	1		liftoff_only	lean	3	2	0	0	1	gene-LOC120020322	2		0	
gene-LOC120024332	LOC120024332	collagen alpha-1(X) chain-like	protein_coding	NC_052335.1	24466315	24472771	1	B	2	cnv,ref_divergence	0	0	1	0	1		liftoff_only	siscowet	1	2	0	0	1	gene-LOC120024332	1		0	
gene-LOC120024345	LOC120024345	beta-soluble NSF attachment protein	protein_coding	NC_052335.1	5003130	5011876	9	B	2	ecotype_only_corroborated,ref_divergence	0	1	0	0	1		corroborated	lean			1	0	2	gene-LOC120024345	1		0	
gene-LOC120024349	LOC120024349	probable G-protein coupled receptor 63	protein_coding	NC_052335.1	24585063	24594753	3	B	2	cnv,ref_divergence	0	0	1	0	1		liftoff_only	siscowet	1	2	0	0	1	gene-LOC120024349	1		0	
gene-LOC120024359	LOC120024359	laminin subunit alpha-4-like	protein_coding	NC_052335.1	23926526	23964357	5	B	2	cnv,ref_divergence	0	0	1	0	1		liftoff_only	siscowet	1	2	0	0	1	gene-LOC120024359	1		0	
gene-LOC120024382	LOC120024382	transmembrane protein 200A-like	protein_coding	NC_052335.1	22496177	22507871	0	B	2	cnv,ref_divergence	0	0	1	0	1		liftoff_only	siscowet	1	2	0	0	1	gene-LOC120024382	1		0	
gene-LOC120024447	LOC120024447	C-type lectin domain family 11 member A-like	protein_coding	NC_052335.1	20061725	20063693	0	B	2	cnv,ref_divergence	0	0	1	0	1		liftoff_only	lean	2	1	0	0	1	gene-LOC120024447	1		0	
gene-LOC120024463	LOC120024463	mitotic checkpoint serine/threonine-protein kinase BUB1-like	protein_coding	NC_052335.1	26134077	26142526	5	B	2	cnv,ref_divergence	0	0	1	0	1		liftoff_only	siscowet	1	2	0	0	1	gene-LOC120024463	1		0	
gene-LOC120024536	LOC120024536	small integral membrane protein 8-like	protein_coding	NC_052335.1	26020130	26021030	0	B	2	cnv,ref_divergence	0	0	1	0	1		liftoff_only	siscowet	1	2	0	0	1	gene-LOC120024536	1		0	
gene-LOC120024561	LOC120024561	actin-85C-like	protein_coding	NC_052335.1	26005739	26007786	0	B	2	cnv,ref_divergence	0	0	1	0	1		liftoff_only	siscowet	1	2	0	0	1	gene-LOC120024561	1		0	
gene-LOC120024592	LOC120024592	elongation of very long chain fatty acids protein 4-like	protein_coding	NC_052335.1	15136532	15148629	8	B	2	cnv,ref_divergence	0	0	1	0	1		liftoff_only	siscowet	1	2	0	0	1	gene-LOC120024592	1		0	
gene-LOC120024696	LOC120024696	transient receptor potential cation channel subfamily M member 7-like	protein_coding	NC_052336.1	7623993	7704721	9	B	2	ecotype_only_corroborated,ref_divergence	0	1	0	0	1		corroborated	siscowet			1	0	2	gene-LOC120024696	1		0	
gene-LOC120024698	LOC120024698	6-phosphofructo-2-kinase/fructose-2,6-bisphosphatase 2-like	protein_coding	NC_052308.1	17272728	17284828	6	B	2	cnv,ref_divergence	0	0	1	0	1		liftoff_only	siscowet	1	2	0	0	1	gene-LOC120024698	1		0	
gene-LOC120024699	LOC120024699	unconventional myosin-Va-like	protein_coding	NC_052336.1	7540881	7580830	9	B	2	ecotype_only_corroborated,ref_divergence	0	1	0	0	1		corroborated	lean			1	0	2	gene-LOC120024699	1		0	
gene-LOC120024700	LOC120024700	signal peptide peptidase-like 2A	protein_coding	NC_052336.1	7609586	7623112	6	B	2	ecotype_only_corroborated,ref_divergence	0	1	0	0	1		corroborated	siscowet			1	0	2	gene-LOC120024700	1		0	
gene-LOC120024702	LOC120024702	guanine nucleotide-binding protein subunit beta-5b	protein_coding	NC_052336.1	7720033	7730325	6	B	2	ecotype_only_corroborated,ref_divergence	0	1	0	0	1		corroborated	siscowet			1	0	2	gene-LOC120024702	1		0	
gene-LOC120024703	LOC120024703	olfactory receptor class A-like protein 1	protein_coding	NC_052308.1	17295620	17296576	3	B	2	cnv,ref_divergence	0	0	1	0	1		liftoff_only	siscowet	1	2	0	0	1	gene-LOC120024703	2		0	
gene-LOC120024711	LOC120024711	olfactory receptor class A-like protein 1	protein_coding	NC_052308.1	17300463	17301419	3	B	2	cnv,ref_divergence	0	0	1	0	1		liftoff_only	siscowet	1	2	0	0	1	gene-LOC120024703	2		0	
gene-LOC120024764	LOC120024764	ADAMTS-like protein 1	protein_coding	NC_052336.1	2672476	2760497	3	B	2	ecotype_only_corroborated,ref_divergence	0	1	0	0	1		corroborated	lean			1	1	3	gene-LOC120024764	1		0	0
gene-LOC120024769	LOC120024769	pro-interleukin-16-like	protein_coding	NC_052336.1	3002398	3078326	4	B	2	ecotype_only_corroborated,ref_divergence	0	1	0	0	1		corroborated	lean			1	1	3	gene-LOC120024769	1		0	0
gene-LOC120024777	LOC120024777	E3 ubiquitin-protein ligase MARCHF3-like	protein_coding	NC_052336.1	4258647	4266040	3	B	2	ecotype_only_corroborated,ref_divergence	0	1	0	0	1		corroborated	siscowet			1	0	2	gene-LOC120024777	1		0	
gene-LOC120024786	LOC120024786	epithelial splicing regulatory protein 2-like	protein_coding	NC_052336.1	5919002	5942156	4	B	2	ecotype_only_corroborated,ref_divergence	0	1	0	0	1		corroborated	siscowet			1	0	2	gene-LOC120024786	1		0	
gene-LOC120024793	LOC120024793	carbohydrate sulfotransferase 8-like	protein_coding	NC_052336.1	10837282	10840592	4	B	2	ecotype_only_corroborated,ref_divergence	0	1	0	0	1		corroborated	lean			1	0	2	gene-LOC120024793	1		0	
gene-LOC120024827	LOC120024827	plectin	protein_coding	NC_052336.1	16814917	16861680	2	B	2	ecotype_only_corroborated,ref_divergence	0	1	0	0	1		corroborated	siscowet			1	0	2	gene-LOC120024827	1		0	
gene-LOC120024840	LOC120024840	protein FAM189A1-like	protein_coding	NC_052336.1	19092987	19120073	0	B	2	ecotype_only_corroborated,ref_divergence	0	1	0	0	1		corroborated	siscowet			1	0	2	gene-LOC120024840	1		0	
gene-LOC120024854	LOC120024854	ubiquitin-conjugating enzyme E2 Q2-like	protein_coding	NC_052336.1	20142895	20159204	0	B	2	ecotype_only_corroborated,ref_divergence	0	1	0	0	1		corroborated	lean			1	0	2	gene-LOC120024854	1		0	
gene-LOC120024859	LOC120024859	BTB/POZ domain-containing protein 1-like	protein_coding	NC_052336.1	4476534	4484648	4	B	2	cnv,ref_divergence	0	0	1	0	1		liftoff_only	siscowet	1	2	0	0	1	gene-LOC120024859	1		0	
gene-LOC120024861	LOC120024861	PRA1 family protein 3-like	protein_coding	NC_052308.1	21935756	21939925	2	B	2	cnv,ref_divergence	0	0	1	0	1		liftoff_only	siscowet	1	2	0	0	1	gene-LOC120024861	1		0	
gene-LOC120024865	LOC120024865	BTB/POZ domain-containing protein kctd15	protein_coding	NC_052336.1	10790105	10814510	2	B	2	ecotype_only_corroborated,ref_divergence	0	1	0	0	1		corroborated	lean			1	0	2	gene-LOC120024865	1		0	
gene-LOC120024866	LOC120024866	pre-mRNA-splicing factor ATP-dependent RNA helicase PRP16-like	protein_coding	NC_052336.1	16877902	16895151	5	B	2	ecotype_only_corroborated,ref_divergence	0	1	0	0	1		corroborated	siscowet			1	0	2	gene-LOC120024866	1		0	
gene-LOC120024881	LOC120024881	oxytocin receptor-like	protein_coding	NC_052308.1	21945752	21947023	6	B	2	cnv,ref_divergence	0	0	1	0	1		liftoff_only	siscowet	1	2	0	0	1	gene-LOC120024881	1		0	
gene-LOC120024893	LOC120024893	carnitine O-palmitoyltransferase 1, liver isoform-like	protein_coding	NC_052336.1	1025738	1041930	4	B	2	ecotype_only_corroborated,ref_divergence	0	1	0	0	1		corroborated	lean			1	0	2	gene-LOC120024893	1		0	
gene-LOC120024896	LOC120024896	macrophage-stimulating protein receptor-like	protein_coding	NC_052308.1	22844183	22862772	12	B	2	cnv,ref_divergence	0	0	1	0	1		liftoff_only	siscowet	1	2	0	0	1	gene-LOC120024896	1		0	
gene-LOC120024918	LOC120024918	transmembrane channel-like protein 3	protein_coding	NC_052336.1	3093691	3153711	2	B	2	ecotype_only_corroborated,ref_divergence	0	1	0	0	1		corroborated	lean			1	1	3	gene-LOC120024918	1		0	0
gene-LOC120024924	LOC120024924	pro-cathepsin H-like	protein_coding	NC_052336.1	3715286	3721818	5	B	2	cnv,ref_divergence	0	0	1	0	1		liftoff_only	siscowet	1	2	0	0	1	gene-LOC120024924	1		0	
gene-LOC120024927	LOC120024927	stAR-related lipid transfer protein 5-like	protein_coding	NC_052336.1	3078736	3091015	1	B	2	ecotype_only_corroborated,ref_divergence	0	1	0	0	1		corroborated	lean			1	1	3	gene-LOC120024927	1		0	0
gene-LOC120024929	LOC120024929	protein GOLM2-like	protein_coding	NC_052336.1	19133497	19152748	0	B	2	ecotype_only_corroborated,ref_divergence	0	1	0	0	1		corroborated	siscowet			1	0	2	gene-LOC120024929	1		0	
gene-LOC120024938	LOC120024938	cytochrome b5-like	protein_coding	NC_052336.1	16900376	16903228	3	B	2	ecotype_only_corroborated,ref_divergence	0	1	0	0	1		corroborated	siscowet			1	0	2	gene-LOC120024938	1		0	
gene-LOC120024952	LOC120024952	SH2 domain-containing adapter protein F-like	protein_coding	NC_052336.1	19988734	20103330	1	B	2	ecotype_only_corroborated,ref_divergence	0	1	0	0	1		corroborated	lean			1	0	2	gene-LOC120024952	1		0	
gene-LOC120024955	LOC120024955	F-actin-monooxygenase MICAL2-like	protein_coding	NC_052336.1	17307488	17357486	2	B	2	ecotype_only_corroborated,ref_divergence	0	1	0	0	1		corroborated	siscowet			1	0	2	gene-LOC120024955	1		0	
gene-LOC120024960	LOC120024960	solute carrier family 12 member 4-like	protein_coding	NC_052336.1	5989082	6064346	8	B	2	ecotype_only_corroborated,ref_divergence	0	1	0	0	1		corroborated	siscowet			1	0	2	gene-LOC120024960	1		0	
gene-LOC120024980	LOC120024980	pyruvate kinase PKM-like	protein_coding	NC_052336.1	20580300	20603637	5	B	2	ecotype_only_corroborated,ref_divergence	0	1	0	0	1		corroborated	siscowet			1	0	2	gene-LOC120024980	1		0	
gene-LOC120025027	LOC120025027	AKT-interacting protein-like	protein_coding	NC_052336.1	9186486	9195056	0	B	2	ecotype_only_corroborated,ref_divergence	0	1	0	0	1		corroborated	siscowet			1	0	2	gene-LOC120025027	1		0	
gene-LOC120025030	LOC120025030	FAS-associated death domain protein-like	protein_coding	NC_052336.1	26666249	26667675	3	B	2	cnv,ref_divergence	0	0	1	0	1		liftoff_only	siscowet	1	2	0	0	1	gene-LOC120025030	1		0	
gene-LOC120025041	LOC120025041	CTD small phosphatase-like protein 2-B	protein_coding	NC_052336.1	19154120	19174995	1	B	2	ecotype_only_corroborated,ref_divergence	0	1	0	0	1		corroborated	siscowet			1	0	2	gene-LOC120025041	1		0	
gene-LOC120025042	LOC120025042	inhibitory synaptic factor 1-like	protein_coding	NC_052336.1	19672647	19718395	2	B	2	ecotype_only_corroborated,ref_divergence	0	1	0	0	1		corroborated	siscowet			1	0	2	gene-LOC120025042	1		0	
gene-LOC120025046	LOC120025046	protein mono-ADP-ribosyltransferase PARP6	protein_coding	NC_052336.1	20609989	20626591	8	B	2	ecotype_only_corroborated,ref_divergence	0	1	0	0	1		corroborated	siscowet			1	0	2	gene-LOC120025046	1		0	
gene-LOC120025071	LOC120025071	gastricsin-like	protein_coding	NC_052308.1	26546302	26551439	2	B	2	cnv,ref_divergence	0	0	1	0	1		liftoff_only	siscowet	1	2	0	0	1	gene-LOC120025049	3		0	
gene-LOC120025077	LOC120025077	anoctamin-1-like	protein_coding	NC_052336.1	26631797	26662479	4	B	2	cnv,ref_divergence	0	0	1	0	1		liftoff_only	siscowet	1	2	0	0	1	gene-LOC120025077	1		0	
gene-LOC120025078	LOC120025078	high choriolytic enzyme 1-like	protein_coding	NC_052336.1	26668973	26676423	3	B	2	cnv,ref_divergence	0	0	1	0	1		liftoff_only	siscowet	1	2	0	0	1	gene-LOC120025078	2		0	
gene-LOC120025084	LOC120025084	leucine zipper protein 2-like	protein_coding	NC_052336.1	27626100	27686509	0	B	2	cnv,ref_divergence	0	0	1	0	1		liftoff_only	siscowet	1	2	0	0	1	gene-LOC120025084	1		0	
gene-LOC120025104	LOC120025104	photoreceptor cilium actin regulator-like	protein_coding	NC_052336.1	35509692	35515984	0	B	2	cnv,ref_divergence	0	0	1	0	1		liftoff_only	siscowet	1	2	0	0	1	gene-LOC120025104	1		0	
gene-LOC120025121	LOC120025121	cAMP-regulated phosphoprotein 19-A-like	protein_coding	NC_052336.1	7842328	7846532	3	B	2	cnv,ref_divergence	0	0	1	0	1		liftoff_only	lean	2	1	0	1	1	gene-LOC120025121	1		0	1
gene-LOC120025151	LOC120025151	eukaryotic translation initiation factor 3 subunit J-A-like	protein_coding	NC_052336.1	19201867	19208039	3	B	2	ecotype_only_corroborated,ref_divergence	0	1	0	0	1		corroborated	siscowet			1	0	2	gene-LOC120025151	1		0	
gene-LOC120025161	LOC120025161	heat shock factor-binding protein 1-like	protein_coding	NC_052336.1	817654	821786	4	B	2	cnv,ref_divergence	0	0	1	0	1		liftoff_only	lean	2	1	0	0	1	gene-LOC120025161	1		0	
gene-LOC120025169	LOC120025169	AP-1 complex subunit beta-1-like	protein_coding	NC_052307.1	28311982	28365626	5	B	2	cnv,ref_divergence	0	0	1	0	1		liftoff_only	siscowet	1	2	0	0	1	gene-LOC120025169	1		0	
gene-LOC120025200	LOC120025200	RNA-binding protein MEX3B-like	protein_coding	NC_052336.1	2254798	2259136	1	B	2	ecotype_only_corroborated,ref_divergence	0	1	0	0	1		corroborated	lean			1	1	3	gene-LOC120025200	1		0	0
gene-LOC120025207	LOC120025207	lamin-L(III)-like	protein_coding	NC_052336.1	4238803	4257035	0	B	2	ecotype_only_corroborated,ref_divergence	0	1	0	0	1		corroborated	siscowet			1	1	3	gene-LOC120025207	1		0	0
gene-LOC120025214	LOC120025214	peroxisomal membrane protein PEX16-like	protein_coding	NC_052336.1	1090707	1103249	2	B	2	ecotype_only_corroborated,ref_divergence	0	1	0	0	1		corroborated	lean			1	0	2	gene-LOC120025214	1		0	
gene-LOC120025220	LOC120025220	ubiquitin-like protein 7	protein_coding	NC_052336.1	19976067	19981692	3	B	2	ecotype_only_corroborated,ref_divergence	0	1	0	0	1		corroborated	lean			1	0	2	gene-LOC120025220	1		0	
gene-LOC120025225	LOC120025225	lysosomal acid phosphatase-like	protein_coding	NC_052336.1	27317837	27346013	4	B	2	cnv,ref_divergence	0	0	1	0	1		liftoff_only	siscowet	1	2	0	0	1	gene-LOC120025225	1		0	
gene-LOC120025251	LOC120025251	UDP-glucuronosyltransferase 2A1-like	protein_coding	NC_052336.1	20317637	20346964	1	B	2	ecotype_only_corroborated,ref_divergence	0	1	0	0	1		corroborated	siscowet			1	0	2	gene-LOC120025254	4		0	
gene-LOC120025281	LOC120025281	C2 calcium-dependent domain-containing protein 4C-like	protein_coding	NC_052336.1	1913719	1916036	0	B	2	cnv,ref_divergence	0	0	1	0	1		liftoff_only	siscowet	1	2	0	0	1	gene-LOC120025281	1		0	
gene-LOC120025317	LOC120025317	cartilage intermediate layer protein 1-like	protein_coding	NC_052336.1	19208489	19214275	0	B	2	ecotype_only_corroborated,ref_divergence	0	1	0	0	1		corroborated	siscowet			1	0	2	gene-LOC120025317	1		0	
gene-LOC120025338	LOC120025338	transcription factor E2F8-like	protein_coding	NC_052336.1	28433708	28445122	4	B	2	cnv,ref_divergence	0	0	1	0	1		liftoff_only	siscowet	1	2	0	0	1	gene-LOC120025338	1		0	
gene-LOC120025342	LOC120025342	transcription factor SOX-6-like	protein_coding	NC_052336.1	8812208	9015016	7	B	2	ecotype_only_corroborated,ref_divergence	0	1	0	0	1		corroborated	lean			1	1	3	gene-LOC120025342	1		0	0
gene-LOC120025345	LOC120025345	transmembrane 6 superfamily member 1-like	protein_coding	NC_052336.1	4461296	4472619	1	B	2	cnv,ref_divergence	0	0	1	0	1		liftoff_only	siscowet	1	2	0	0	1	gene-LOC120025345	1		0	
gene-LOC120025347	LOC120025347	polypeptide N-acetylgalactosaminyltransferase 18-like	protein_coding	NC_052336.1	17600370	17681644	1	B	2	ecotype_only_corroborated,ref_divergence	0	1	0	0	1		corroborated	siscowet			1	0	2	gene-LOC120025347	1		0	
gene-LOC120025359	LOC120025359	tight junction protein ZO-1-like	protein_coding	NC_052336.1	20779462	20863045	8	B	2	ecotype_only_corroborated,ref_divergence	0	1	0	0	1		corroborated	siscowet			1	0	2	gene-LOC120025359	1		0	
gene-LOC120025363	LOC120025363	AT-rich interactive domain-containing protein 3B-like	protein_coding	NC_052336.1	18098902	18158070	3	B	2	ecotype_only_corroborated,ref_divergence	0	1	0	0	1		corroborated	siscowet			1	1	3	gene-LOC120025363	1		0	0
gene-LOC120025366	LOC120025366	trans-1,2-dihydrobenzene-1,2-diol dehydrogenase-like	protein_coding	NC_052336.1	20569127	20572197	1	B	2	ecotype_only_corroborated,ref_divergence	0	1	0	0	1		corroborated	siscowet			1	0	2	gene-LOC120025366	1		0	
gene-LOC120025430	LOC120025430	ectonucleoside triphosphate diphosphohydrolase 2-like	protein_coding	NC_052337.1	29192589	29209804	4	B	2	cnv,ref_divergence	0	0	1	0	1		liftoff_only	siscowet	1	2	0	0	1	gene-LOC120025430	1		0	
gene-LOC120025448	LOC120025448	myosin-IIIb-like	protein_coding	NC_052337.1	29027810	29076039	4	B	2	cnv,ref_divergence	0	0	1	0	1		liftoff_only	siscowet	1	2	0	0	1	gene-LOC120025448	1		0	
gene-LOC120025509	LOC120025509	endoplasmic reticulum mannosyl-oligosaccharide 1,2-alpha-mannosidase-like	protein_coding	NC_052337.1	21849550	21859129	7	B	2	cnv,ref_divergence	0	0	1	0	1		liftoff_only	siscowet	1	2	0	0	1	gene-LOC120025509	1		0	
gene-LOC120025542	LOC120025542	glutamine synthetase-like	protein_coding	NC_052337.1	29135330	29154724	3	B	2	cnv,ref_divergence	0	0	1	0	1		liftoff_only	siscowet	1	2	0	0	1	gene-LOC120025542	1		0	
gene-LOC120025545	LOC120025545	guanine nucleotide exchange factor VAV2-like	protein_coding	NC_052337.1	30015281	30102637	5	B	2	cnv,ref_divergence	0	0	1	0	1		liftoff_only	siscowet	1	2	0	0	1	gene-LOC120025545	1		0	
gene-LOC120025609	LOC120025609	tetratricopeptide repeat protein 28-like	protein_coding	NC_052337.1	38839797	38843446	1	B	2	ecotype_only_corroborated,ref_divergence	0	1	0	0	1		corroborated	siscowet			1	0	2	gene-LOC120025609	1		0	
gene-LOC120025642	LOC120025642	TOG array regulator of axonemal microtubules protein 2-like	protein_coding	NC_052337.1	45703707	45730118	4	B	2	ecotype_only_corroborated,ref_divergence	0	1	0	0	1		corroborated	siscowet			1	0	2	gene-LOC120025642	3		0	0
gene-LOC120025643	LOC120025643	TOG array regulator of axonemal microtubules protein 1-like	protein_coding	NC_052337.1	45764043	45765409	4	B	2	cnv,ref_divergence	0	0	1	0	1		liftoff_only	lean	2	1	0	0	1	gene-LOC120025642	3		0	
gene-LOC120025722	LOC120025722	hamartin-like	protein_coding	NC_052337.1	29345741	29373993	4	B	2	cnv,ref_divergence	0	0	1	0	1		liftoff_only	siscowet	1	2	0	0	1	gene-LOC120025722	1		0	
gene-LOC120025769	LOC120025769	bromodomain-containing protein 3-like	protein_coding	NC_052337.1	29995987	30011497	5	B	2	cnv,ref_divergence	0	0	1	0	1		liftoff_only	siscowet	1	2	0	0	1	gene-LOC120025769	1		0	
gene-LOC120025771	LOC120025771	WD repeat-containing protein 5-like	protein_coding	NC_052337.1	29957936	29996838	1	B	2	cnv,ref_divergence	0	0	1	0	1		liftoff_only	siscowet	1	2	0	0	1	gene-LOC120025771	1		0	
gene-LOC120025825	LOC120025825	14 kDa phosphohistidine phosphatase-like	protein_coding	NC_052337.1	29190343	29192101	3	B	2	cnv,ref_divergence	0	0	1	0	1		liftoff_only	siscowet	1	2	0	0	1	gene-LOC120025825	1		0	
gene-LOC120025932	LOC120025932	bile salt-activated lipase-like	protein_coding	NC_052337.1	29276518	29283128	13	B	2	cnv,ref_divergence	0	0	1	0	1		liftoff_only	siscowet	1	2	0	0	1	gene-LOC120025932	1		0	
gene-LOC120025972	LOC120025972	arrestin domain-containing protein 1-like	protein_coding	NC_052337.1	29088511	29128402	4	B	2	cnv,ref_divergence	0	0	1	0	1		liftoff_only	siscowet	1	2	0	0	1	gene-LOC120025972	1		0	
gene-LOC120026064	LOC120026064	centrin-3-like	protein_coding	NC_052337.1	8652061	8654709	4	B	2	ecotype_only_corroborated,ref_divergence	0	1	0	0	1		corroborated	lean			1	0	2	gene-LOC120026064	1		0	
gene-LOC120026067	LOC120026067	heat shock protein 30-like	protein_coding	NC_052337.1	34507047	34507903	3	B	2	cnv,ref_divergence	0	0	1	0	1		liftoff_only	siscowet	3	4	0	0	1	gene-LOC120026056	4		0	
gene-LOC120026096	LOC120026096	lysozyme C II	protein_coding	NC_052337.1	4924444	4927649	3	B	2	ecotype_only_corroborated,ref_divergence	0	1	0	0	1		corroborated	lean			1	0	2	gene-LOC120026096	4		0	
gene-LOC120026150	LOC120026150	transmembrane protein 203-like	protein_coding	NC_052337.1	25216775	25218655	2	B	2	cnv,ref_divergence	0	0	1	0	1		liftoff_only	siscowet	1	2	0	0	1	gene-LOC120026150	1		0	
gene-LOC120026151	LOC120026151	delta-aminolevulinic acid dehydratase-like	protein_coding	NC_052337.1	25218681	25236479	4	B	2	cnv,ref_divergence	0	0	1	0	1		liftoff_only	siscowet	1	2	0	0	1	gene-LOC120026151	1		0	
gene-LOC120026196	LOC120026196	interferon-induced protein 44-like	protein_coding	NC_052308.1	44736378	44743427	0	B	2	cnv,ref_divergence	0	0	1	0	1		liftoff_only	siscowet	1	2	0	0	1	gene-LOC120026196	1		0	
gene-LOC120026206	LOC120026206	interferon-induced protein 44-like	protein_coding	NC_052308.1	44960524	44992224	0	B	2	cnv,ref_divergence	0	0	1	0	1		liftoff_only	siscowet	1	2	0	0	1	gene-LOC120026206	1		0	
gene-LOC120026216	LOC120026216	interferon-induced protein 44-like	protein_coding	NC_052308.1	45049086	45061957	0	B	2	cnv,ref_divergence	0	0	1	0	1		liftoff_only	siscowet	1	2	0	0	1	gene-LOC120026216	1		0	
gene-LOC120026238	LOC120026238	proteinase-activated receptor 2-like	protein_coding	NC_052337.1	16371779	16374531	6	B	2	cnv,ref_divergence	0	0	1	0	1		liftoff_only	siscowet	1	2	0	0	1	gene-LOC120026236	4		0	
gene-LOC120026418	LOC120026418	heat shock protein 30-like	protein_coding	NC_052337.1	38204530	38205391	3	B	2	cnv,ref_divergence	0	0	1	0	1		liftoff_only	siscowet	1	2	0	0	1	gene-LOC120026418	4		0	
gene-LOC120026428	LOC120026428	ubiquitin carboxyl-terminal hydrolase 37-like	protein_coding	NC_052308.1	49595271	49597931	5	B	2	cnv,ref_divergence	0	0	1	0	1		liftoff_only	siscowet	1	2	0	0	1	gene-LOC120026428	2		0	
gene-LOC120026442	LOC120026442	transcriptional repressor scratch 1-like	protein_coding	NC_052308.1	49640559	49643468	3	B	2	cnv,ref_divergence	0	0	1	0	1		liftoff_only	siscowet	1	2	0	0	1	gene-LOC120026442	1		0	
gene-LOC120026454	LOC120026454	transcription factor 15-like	protein_coding	NC_052308.1	49663723	49667152	5	B	2	cnv,ref_divergence	0	0	1	0	1		liftoff_only	siscowet	1	2	0	0	1	gene-LOC120026454	1		0	
gene-LOC120026463	LOC120026463	casein kinase II subunit alpha-like	protein_coding	NC_052308.1	49681749	49693429	6	B	2	cnv,ref_divergence	0	0	1	0	1		liftoff_only	siscowet	1	2	0	0	1	gene-LOC120026463	1		0	
gene-LOC120026473	LOC120026473	TOG array regulator of axonemal microtubules protein 1-like	protein_coding	NC_052337.1	46067220	46070398	4	B	2	cnv,ref_divergence	0	0	1	0	1		liftoff_only	siscowet	2	3	0	0	1	gene-LOC120026473	1		0	
gene-LOC120026501	LOC120026501	glutamate receptor ionotropic, NMDA 1-like	protein_coding	NC_052337.1	29217401	29252185	9	B	2	cnv,ref_divergence	0	0	1	0	1		liftoff_only	siscowet	1	2	0	0	1	gene-LOC120026501	1		0	
gene-LOC120026774	LOC120026774	glutamate receptor ionotropic, kainate 5-like	protein_coding	NC_052338.1	6927199	6955651	9	B	2	ecotype_only_corroborated,ref_divergence	0	1	0	0	1		corroborated	lean			1	0	2	gene-LOC120026774	1		0	
gene-LOC120026808	LOC120026808	probable E3 ubiquitin-protein ligase makorin-1	protein_coding	NC_052308.1	56861256	56862094	3	B	2	cnv,ref_divergence	0	0	1	0	1		liftoff_only	siscowet	5	8	0	0	1	gene-LOC120026808	1		0	
gene-LOC120026822	LOC120026822		V_segment	NC_052338.1	11643568	11650743	0	B	2	ecotype_only_corroborated,ref_divergence	0	1	0	0	1		corroborated	lean			1	0	2	gene-LOC120026822	1		0	
gene-LOC120026824	LOC120026824	NLR family CARD domain-containing protein 3-like	protein_coding	NC_052308.1	57123944	57133737	1	B	2	cnv,ref_divergence	0	0	1	0	1		liftoff_only	siscowet	1	2	0	0	1	gene-LOC120026824	1		0	
gene-LOC120026830	LOC120026830		V_segment	NC_052338.1	11736085	11736621	0	B	2	cnv,ref_divergence	0	0	1	0	1		liftoff_only	siscowet	1	2	0	0	1	gene-LOC120026830	1		0	
gene-LOC120026854	LOC120026854	eyes absent homolog 3-like	protein_coding	NC_052338.1	20206499	20235604	6	B	2	cnv,ref_divergence	0	0	1	0	1		liftoff_only	siscowet	1	2	0	0	1	gene-LOC120026854	1		0	
gene-LOC120026877	LOC120026877	palmitoyl-protein thioesterase 1-like	protein_coding	NC_052338.1	6477583	6483218	4	B	2	cnv,ref_divergence	0	0	1	0	1		liftoff_only	siscowet	1	2	0	0	1	gene-LOC120026877	1		0	
gene-LOC120026925	LOC120026925	coiled-coil domain-containing protein 106-like	protein_coding	NC_052338.1	7758188	7761607	1	B	2	cnv,ref_divergence	0	0	1	0	1		liftoff_only	lean	3	1	0	0	1	gene-LOC120026924	2		0	
gene-LOC120026950	LOC120026950	CCR4-NOT transcription complex subunit 3-like	protein_coding	NC_052338.1	7698022	7716684	6	B	2	ecotype_only_corroborated,ref_divergence	0	1	0	0	1		corroborated	siscowet			1	0	2	gene-LOC120026950	1		0	
gene-LOC120026966	LOC120026966	heme-binding protein 1-like	protein_coding	NC_052308.1	59479605	59482793	0	B	2	cnv,ref_divergence	0	0	1	0	1		liftoff_only	siscowet	1	2	0	0	1	gene-LOC120026966	1		0	
gene-LOC120027038	LOC120027038	retinoic acid receptor beta-like	protein_coding	NC_052338.1	17505901	17511278	8	B	2	ecotype_only_corroborated,ref_divergence	0	1	0	0	1		corroborated	siscowet			1	0	2	gene-LOC120027037	3		0	
gene-LOC120027039	LOC120027039	DNA topoisomerase 2-beta-like	protein_coding	NC_052338.1	17519979	17521528	0	B	2	cnv,ref_divergence	0	0	1	0	1		liftoff_only	lean	2	1	0	0	1	gene-LOC120026988	4		0	
gene-LOC120027040	LOC120027040	DNA topoisomerase 2-beta-like	protein_coding	NC_052338.1	17521543	17526571	7	B	2	cnv,ref_divergence	0	0	1	0	1		liftoff_only	lean	2	1	0	0	1	gene-LOC120026988	4		0	
gene-LOC120027095	LOC120027095	transmembrane protein 200A-like	protein_coding	NC_052338.1	32165278	32166630	0	B	2	ecotype_only_corroborated,ref_divergence	0	1	0	0	1		corroborated	siscowet			1	0	2	gene-LOC120027095	1		0	
gene-LOC120027106	LOC120027106	AT-hook DNA-binding motif-containing protein 1-like	protein_coding	NC_052338.1	33583421	33587969	0	B	2	ecotype_only_corroborated,ref_divergence	0	1	0	0	1		corroborated	siscowet			1	0	2	gene-LOC120027106	1		0	
gene-LOC120027135	LOC120027135	phosphatase and actin regulator 4A-like	protein_coding	NC_052338.1	15752942	15796470	3	B	2	ecotype_only_corroborated,ref_divergence	0	1	0	0	1		corroborated	siscowet			1	0	2	gene-LOC120027135	1		0	
gene-LOC120027158	LOC120027158	MARCKS-related protein 1-B-like	protein_coding	NC_052338.1	35876867	35879654	6	B	2	ecotype_only_corroborated,ref_divergence	0	1	0	0	1		corroborated	siscowet			1	0	2	gene-LOC120027158	1		0	
gene-LOC120027231	LOC120027231	glucocorticoid modulatory element-binding protein 1-like	protein_coding	NC_052338.1	16551282	16558618	4	B	2	cnv,ref_divergence	0	0	1	0	1		liftoff_only	siscowet	1	2	0	0	1	gene-LOC120027231	1		0	
gene-LOC120027241	LOC120027241	gonadotropin-releasing hormone II receptor-like	protein_coding	NC_052338.1	13010281	13022809	4	B	2	cnv,ref_divergence	0	0	1	0	1		liftoff_only	siscowet	1	2	0	0	1	gene-LOC120027241	1		0	
gene-LOC120027255	LOC120027255	XK-related protein 8-like	protein_coding	NC_052338.1	20199446	20204068	4	B	2	cnv,ref_divergence	0	0	1	0	1		liftoff_only	siscowet	1	2	0	0	1	gene-LOC120027255	1		0	
gene-LOC120027266	LOC120027266	exostosin-1c	protein_coding	NC_052338.1	5575215	5662985	3	B	2	cnv,ref_divergence	0	0	1	0	1		liftoff_only	siscowet	1	2	0	0	1	gene-LOC120027266	1		0	
gene-LOC120027360	LOC120027360	probable thiopurine S-methyltransferase	protein_coding	NC_052338.1	5555780	5558937	1	B	2	cnv,ref_divergence	0	0	1	0	1		liftoff_only	siscowet	1	2	0	0	1	gene-LOC120027360	1		0	
gene-LOC120027373	LOC120027373	CTP synthase 1	protein_coding	NC_052338.1	16577658	16594857	6	B	2	cnv,ref_divergence	0	0	1	0	1		liftoff_only	siscowet	1	2	0	0	1	gene-LOC120027373	1		0	
gene-LOC120027423	LOC120027423	ras-related protein Rab-39B-like	protein_coding	NC_052338.1	16570150	16572129	4	B	2	cnv,ref_divergence	0	0	1	0	1		liftoff_only	siscowet	1	2	0	0	1	gene-LOC120027423	1		0	
gene-LOC120027483	LOC120027483	carcinoembryonic antigen-related cell adhesion molecule 1-like	protein_coding	NC_052338.1	6961035	6985976	0	B	2	cnv,ref_divergence	0	0	1	0	1		liftoff_only	lean	2	1	0	0	1	gene-LOC120027483	1		0	
gene-LOC120027491	LOC120027491	trichohyalin-like	protein_coding	NC_052338.1	6604017	6605759	0	B	2	cnv,ref_divergence	0	0	1	0	1		liftoff_only	lean	7	5	0	0	1	gene-LOC120027487	4		0	
gene-LOC120027492	LOC120027492	golgin subfamily A member 6-like protein 2	protein_coding	NC_052338.1	6605043	6607097	0	B	2	cnv,ref_divergence	0	0	1	0	1		liftoff_only	lean	8	5	0	0	1	gene-LOC120027492	1		0	
gene-LOC120027537	LOC120027537	ubiquitin-associated protein 2-like	protein_coding	NC_052338.1	1748600	1795792	3	B	2	cnv,ref_divergence	0	0	1	0	1		liftoff_only	siscowet	1	2	0	0	1	gene-LOC120027537	1		0	
gene-LOC120027637	LOC120027637	EMILIN-2-like	protein_coding	NC_052339.1	2972085	2993007	1	B	2	cnv,ref_divergence	0	0	1	0	1		liftoff_only	siscowet	1	2	0	0	1	gene-LOC120027637	1		0	
gene-LOC120027654	LOC120027654	cadherin-6-like	protein_coding	NC_052339.1	7834734	7876776	11	B	2	cnv,ref_divergence	0	0	1	0	1		liftoff_only	siscowet	1	2	0	0	1	gene-LOC120027654	1		0	
gene-LOC120027658	LOC120027658	serine/threonine-protein kinase H1-like	protein_coding	NC_052339.1	10720461	10744560	3	B	2	cnv,ref_divergence	0	0	1	0	1		liftoff_only	siscowet	1	2	0	0	1	gene-LOC120027658	1		0	
gene-LOC120027687	LOC120027687	SKI/DACH domain-containing protein 1-like	protein_coding	NC_052339.1	20878731	20882261	0	B	2	ecotype_only_corroborated,ref_divergence	0	1	0	0	1		corroborated	siscowet			1	0	2	gene-LOC120027687	1		0	
gene-LOC120027734	LOC120027734	SH3 and PX domain-containing protein 2A-like	protein_coding	NC_052308.1	69538344	69659591	4	B	2	ecotype_only_corroborated,ref_divergence	0	1	0	0	1		corroborated	lean			1	0	2	gene-LOC120027734	1		0	
gene-LOC120027807	LOC120027807	noggin-2-like	protein_coding	NC_052308.1	71058664	71059994	5	B	2	cnv,ref_divergence	0	0	1	0	1		liftoff_only	lean	2	1	0	0	1	gene-LOC120027807	1		0	
gene-LOC120027814	LOC120027814	GTPase IMAP family member 4-like	protein_coding	NC_052308.1	71063700	71067079	1	B	2	cnv,ref_divergence	0	0	1	0	1		liftoff_only	lean	2	1	0	0	1	gene-LOC120027814	1		0	
gene-LOC120027902	LOC120027902	tumor necrosis factor receptor superfamily member 11A-like	protein_coding	NC_052339.1	28967089	28977034	10	B	2	cnv,ref_divergence	0	0	1	0	1		liftoff_only	siscowet	1	2	0	0	1	gene-LOC120027902	1		0	
gene-LOC120027929	LOC120027929	nanos homolog 1-like	protein_coding	NC_052308.1	71899379	71900030	5	B	2	cnv,ref_divergence	0	0	1	0	1		liftoff_only	siscowet	1	2	0	0	1	gene-LOC120027929	3		0	
gene-LOC120028030	LOC120028030	phosphatidate phosphatase LPIN2-like	protein_coding	NC_052339.1	2918038	2970434	9	B	2	cnv,ref_divergence	0	0	1	0	1		liftoff_only	siscowet	1	2	0	0	1	gene-LOC120028030	1		0	
gene-LOC120028051	LOC120028051	serine/threonine-protein kinase PRP4 homolog	protein_coding	NC_052339.1	718930	740436	5	B	2	cnv,ref_divergence	0	0	1	0	1		liftoff_only	siscowet	1	2	0	0	1	gene-LOC120028051	1		0	
gene-LOC120028068	LOC120028068	retinol dehydrogenase 12-like	protein_coding	NC_052339.1	28991193	28997673	0	B	2	cnv,ref_divergence	0	0	1	0	1		liftoff_only	siscowet	1	2	0	0	1	gene-LOC120028068	1		0	
gene-LOC120028101	LOC120028101	bucky ball-like	protein_coding	NC_052339.1	33758178	33761141	0	B	2	ecotype_only_corroborated,ref_divergence	0	1	0	0	1		corroborated	siscowet			1	0	2	gene-LOC120028101	1		0	
gene-LOC120028104	LOC120028104	integrin beta-1-like	protein_coding	NC_052339.1	12411629	12465336	12	B	2	ecotype_only_corroborated,ref_divergence	0	1	0	0	1		corroborated	siscowet			1	0	2	gene-LOC120028082	3		0	
gene-LOC120028225	LOC120028225	importin subunit alpha-3	protein_coding	NC_052340.1	16477899	16491351	7	B	2	ecotype_only_corroborated,ref_divergence	0	1	0	0	1		corroborated	siscowet			1	0	2	gene-LOC120028225	1		0	
gene-LOC120028242	LOC120028242	glyoxalase domain-containing protein 4-like	protein_coding	NC_052340.1	17928786	17937135	0	B	2	cnv,ref_divergence	0	0	1	0	1		liftoff_only	siscowet	1	2	0	0	1	gene-LOC120028242	1		0	
gene-LOC120028275	LOC120028275	NLR family CARD domain-containing protein 3-like	protein_coding	NC_052308.1	57191958	57193721	0	B	2	cnv,ref_divergence	0	0	1	0	1		liftoff_only	lean	11	10	0	0	1	gene-LOC120028275	1		0	
gene-LOC120028291	LOC120028291	protein NLRC3-like	protein_coding	NC_052340.1	9721932	9728148	0	B	2	ecotype_only_corroborated,ref_divergence	0	1	0	0	1		corroborated	lean			1	0	2	gene-LOC120028291	1		0	
gene-LOC120028308	LOC120028308	mRNA decay activator protein ZFP36-like	protein_coding	NC_052340.1	7494209	7496796	2	B	2	cnv,ref_divergence	0	0	1	0	1		liftoff_only	siscowet	1	2	0	0	1	gene-LOC120028308	2		0	
gene-LOC120028326	LOC120028326	inositol polyphosphate 5-phosphatase K-like	protein_coding	NC_052340.1	9778849	9791676	12	B	2	ecotype_only_corroborated,ref_divergence	0	1	0	0	1		corroborated	lean			1	0	2	gene-LOC120028326	1		0	
gene-LOC120028333	LOC120028333	centrosomal protein of 164 kDa-like	protein_coding	NC_052340.1	11544626	11560818	1	B	2	ecotype_only_corroborated,ref_divergence	0	1	0	0	1		corroborated	siscowet			1	0	2	gene-LOC120028333	1		0	
gene-LOC120028334	LOC120028334	SID1 transmembrane family member 2-like	protein_coding	NC_052340.1	11510804	11544968	1	B	2	ecotype_only_corroborated,ref_divergence	0	1	0	0	1		corroborated	siscowet			1	0	2	gene-LOC120028334	1		0	
gene-LOC120028367	LOC120028367	flavin reductase (NADPH)-like	protein_coding	NC_052340.1	8551594	8554528	0	B	2	ecotype_only_corroborated,ref_divergence	0	1	0	0	1		corroborated	siscowet			1	0	2	gene-LOC120028367	1		0	
gene-LOC120028397	LOC120028397	protein KIAA0100-like	protein_coding	NC_052340.1	17938777	17944249	0	B	2	cnv,ref_divergence	0	0	1	0	1		liftoff_only	siscowet	1	2	0	0	1	gene-LOC120028397	2		0	
gene-LOC120028398	LOC120028398	protein KIAA0100-like	protein_coding	NC_052340.1	17944476	17972662	0	B	2	cnv,ref_divergence	0	0	1	0	1		liftoff_only	siscowet	1	2	0	0	1	gene-LOC120028397	2		0	
gene-LOC120028538	LOC120028538	claudin-8-like	protein_coding	NC_052340.1	40727233	40729183	5	B	2	cnv,ref_divergence	0	0	1	0	1		liftoff_only	lean	2	1	0	0	1	gene-LOC120028538	1		0	
gene-LOC120028545	LOC120028545	transcription elongation factor SPT5-like	protein_coding	NC_052340.1	9197852	9219172	7	B	2	ecotype_only_corroborated,ref_divergence	0	1	0	0	1		corroborated	lean			1	0	2	gene-LOC120028545	1		0	
gene-LOC120028564	LOC120028564	atypical kinase COQ8B, mitochondrial-like	protein_coding	NC_052340.1	11887069	11899023	3	B	2	ecotype_only_corroborated,ref_divergence	0	1	0	0	1		corroborated	lean			1	0	2	gene-LOC120028564	1		0	
gene-LOC120028571	LOC120028571	calpain small subunit 1-like	protein_coding	NC_052340.1	9043911	9048388	1	B	2	ecotype_only_corroborated,ref_divergence	0	1	0	0	1		corroborated	lean			1	0	2	gene-LOC120028571	1		0	
gene-LOC120028578	LOC120028578	ubiquitin carboxyl-terminal hydrolase 2-like	protein_coding	NC_052340.1	9449424	9482333	3	B	2	ecotype_only_corroborated,ref_divergence	0	1	0	0	1		corroborated	siscowet			1	0	2	gene-LOC120028578	1		0	
gene-LOC120028632	LOC120028632	ARF GTPase-activating protein GIT1-like	protein_coding	NC_052340.1	10094522	10118733	4	B	2	ecotype_only_corroborated,ref_divergence	0	1	0	0	1		corroborated	lean			1	0	2	gene-LOC120028632	1		0	
gene-LOC120028660	LOC120028660	proteasome subunit alpha type-6-like	protein_coding	NC_052340.1	11974557	11981304	5	B	2	ecotype_only_corroborated,ref_divergence	0	1	0	0	1		corroborated	lean			1	0	2	gene-LOC120028660	1		0	
gene-LOC120028755	LOC120028755	mRNA decay activator protein ZFP36L2-like	protein_coding	NC_052340.1	8199704	8202691	2	B	2	cnv,ref_divergence	0	0	1	0	1		liftoff_only	siscowet	1	2	0	0	1	gene-LOC120028755	1		0	
gene-LOC120028781	LOC120028781	fructose-bisphosphate aldolase C-like	protein_coding	NC_052340.1	17985815	17988402	4	B	2	cnv,ref_divergence	0	0	1	0	1		liftoff_only	siscowet	1	2	0	0	1	gene-LOC120028781	1		0	
gene-LOC120028812	LOC120028812	sodium-dependent serotonin transporter-like	protein_coding	NC_052340.1	9959226	9975266	6	B	2	ecotype_only_corroborated,ref_divergence	0	1	0	0	1		corroborated	lean			1	0	2	gene-LOC120028812	1		0	
gene-LOC120028813	LOC120028813	bleomycin hydrolase-like	protein_coding	NC_052340.1	9933911	9949498	5	B	2	ecotype_only_corroborated,ref_divergence	0	1	0	0	1		corroborated	lean			1	0	2	gene-LOC120028813	1		0	
gene-LOC120028831	LOC120028831	XIAP-associated factor 1-like	protein_coding	NC_052340.1	9803301	9807032	2	B	2	ecotype_only_corroborated,ref_divergence	0	1	0	0	1		corroborated	lean			1	0	2	gene-LOC120028831	1		0	
gene-LOC120028852	LOC120028852	ras-related protein Rab-1A-like	protein_coding	NC_052340.1	9089871	9091663	2	B	2	ecotype_only_corroborated,ref_divergence	0	1	0	0	1		corroborated	lean			1	0	2	gene-LOC120028852	1		0	
gene-LOC120028853	LOC120028853	phosphatidylinositol transfer protein alpha isoform-like	protein_coding	NC_052340.1	9758652	9775310	6	B	2	ecotype_only_corroborated,ref_divergence	0	1	0	0	1		corroborated	lean			1	0	2	gene-LOC120028853	1		0	
gene-LOC120028855	LOC120028855	potassium channel subfamily K member 6-like	protein_coding	NC_052340.1	8563627	8573272	4	B	2	ecotype_only_corroborated,ref_divergence	0	1	0	0	1		corroborated	siscowet			1	0	2	gene-LOC120028855	1		0	
gene-LOC120028882	LOC120028882	cell division cycle-associated protein 4-like	protein_coding	NC_052340.1	8555625	8557456	2	B	2	ecotype_only_corroborated,ref_divergence	0	1	0	0	1		corroborated	siscowet			1	0	2	gene-LOC120028882	1		0	
gene-LOC120028889	LOC120028889	protein YIF1B-like	protein_coding	NC_052340.1	8270282	8282760	5	B	2	cnv,ref_divergence	0	0	1	0	1		liftoff_only	siscowet	1	2	0	0	1	gene-LOC120028889	1		0	
gene-LOC120028892	LOC120028892	replication protein A 70 kDa DNA-binding subunit-like	protein_coding	NC_052340.1	17515916	17574315	10	B	2	ecotype_only_corroborated,ref_divergence	0	1	0	0	1		corroborated	siscowet			1	0	2	gene-LOC120028892	1		0	
gene-LOC120028901	LOC120028901	rap1 GTPase-activating protein 2-like	protein_coding	NC_052340.1	9841890	9923577	5	B	2	ecotype_only_corroborated,ref_divergence	0	1	0	0	1		corroborated	lean			1	0	2	gene-LOC120028901	1		0	
gene-LOC120028909	LOC120028909	tapasin-related protein-like	protein_coding	NC_052340.1	9521139	9531286	0	B	2	ecotype_only_corroborated,ref_divergence	0	1	0	0	1		corroborated	siscowet			1	0	2	gene-LOC120028909	1		0	
gene-LOC120028919	LOC120028919	apolipoprotein A-I	protein_coding	NC_052340.1	11569920	11571314	4	B	2	ecotype_only_corroborated,ref_divergence	0	1	0	0	1		corroborated	siscowet			1	0	2	gene-LOC120028919	1		0	
gene-LOC120028920	LOC120028920	proprotein convertase subtilisin/kexin type 7-like	protein_coding	NC_052340.1	11597245	11623408	4	B	2	ecotype_only_corroborated,ref_divergence	0	1	0	0	1		corroborated	siscowet			1	0	2	gene-LOC120028920	1		0	
gene-LOC120028932	LOC120028932	myb-related transcription factor, partner of profilin-like	protein_coding	NC_052340.1	9085843	9089587	1	B	2	ecotype_only_corroborated,ref_divergence	0	1	0	0	1		corroborated	lean			1	0	2	gene-LOC120028932	1		0	
gene-LOC120028937	LOC120028937	large neutral amino acids transporter small subunit 4-like	protein_coding	NC_052340.1	9728373	9757196	4	B	2	ecotype_only_corroborated,ref_divergence	0	1	0	0	1		corroborated	lean			1	0	2	gene-LOC120028937	1		0	
gene-LOC120028988	LOC120028988	cyclin-L1-like	protein_coding	NC_052340.1	37736959	37750597	3	B	2	ecotype_only_corroborated,ref_divergence	0	1	0	0	1		corroborated	siscowet			1	0	2	gene-LOC120028988	1		0	
gene-LOC120029006	LOC120029006	SH3KBP1-binding protein 1-like	protein_coding	NC_052340.1	8473919	8483854	2	B	2	ecotype_only_corroborated,ref_divergence	0	1	0	0	1		corroborated	siscowet			1	0	2	gene-LOC120029006	1		0	
gene-LOC120029007	LOC120029007	protein phosphatase Slingshot homolog 2-like	protein_coding	NC_052340.1	10001276	10040343	6	B	2	ecotype_only_corroborated,ref_divergence	0	1	0	0	1		corroborated	lean			1	0	2	gene-LOC120029007	1		0	
gene-LOC120029013	LOC120029013	TLC domain-containing protein 3A-like	protein_coding	NC_052340.1	9510933	9514324	3	B	2	ecotype_only_corroborated,ref_divergence	0	1	0	0	1		corroborated	siscowet			1	0	2	gene-LOC120029013	1		0	
gene-LOC120029014	LOC120029014	gem-associated protein 4-like	protein_coding	NC_052340.1	9514348	9521061	3	B	2	ecotype_only_corroborated,ref_divergence	0	1	0	0	1		corroborated	siscowet			1	0	2	gene-LOC120029014	1		0	
gene-LOC120029026	LOC120029026	glutamine amidotransferase-like class 1 domain-containing protein 3A, mitochondrial	protein_coding	NC_052340.1	29741087	29745682	0	B	2	ecotype_only_corroborated,ref_divergence	0	1	0	0	1		corroborated	lean			1	0	2	gene-LOC120029026	1		0	
gene-LOC120029034	LOC120029034	caspase-13-like	protein_coding	NC_052340.1	16327015	16329549	2	B	2	ecotype_only_corroborated,ref_divergence	0	1	0	0	1		corroborated	siscowet			1	0	2	gene-LOC120029034	2		0	
gene-LOC120029046	LOC120029046	kelch-like protein 12	protein_coding	NC_052340.1	11930079	11935749	1	B	2	ecotype_only_corroborated,ref_divergence	0	1	0	0	1		corroborated	lean			1	0	2	gene-LOC120029046	1		0	
gene-LOC120029062	LOC120029062	tubulin-specific chaperone cofactor E-like protein	protein_coding	NC_052340.1	9437409	9445990	2	B	2	ecotype_only_corroborated,ref_divergence	0	1	0	0	1		corroborated	siscowet			1	0	2	gene-LOC120029062	1		0	
gene-LOC120029083	LOC120029083	protein FAM133-like	protein_coding	NC_052340.1	10136612	10143700	0	B	2	ecotype_only_corroborated,ref_divergence	0	1	0	0	1		corroborated	lean			1	0	2	gene-LOC120029083	1		0	
gene-LOC120029094	LOC120029094	A disintegrin and metalloproteinase with thrombospondin motifs 8-like	protein_coding	NC_052340.1	14125266	14133817	5	B	2	cnv,ref_divergence	0	0	1	0	1		liftoff_only	siscowet	1	2	0	0	1	gene-LOC120029094	2		0	
gene-LOC120029101	LOC120029101	ankyrin repeat domain-containing protein 13B-like	protein_coding	NC_052340.1	10051552	10093440	2	B	2	ecotype_only_corroborated,ref_divergence	0	1	0	0	1		corroborated	lean			1	0	2	gene-LOC120029101	1		0	
gene-LOC120029114	LOC120029114	transport and Golgi organization protein 1 homolog	protein_coding	NC_052340.1	7624	17584	6	B	2	ecotype_only_corroborated,ref_divergence	0	1	0	0	1		corroborated	siscowet			1	0	2	gene-LOC120029114	1		0	
gene-LOC120029135	LOC120029135	serine/threonine-protein kinase SIK3 homolog	protein_coding	NC_052340.1	11459970	11502172	7	B	2	ecotype_only_corroborated,ref_divergence	0	1	0	0	1		corroborated	siscowet			1	0	2	gene-LOC120029135	1		0	
gene-LOC120029153	LOC120029153	estrogen-related receptor gamma-like	protein_coding	NC_052340.1	8461548	8467327	7	B	2	ecotype_only_corroborated,ref_divergence	0	1	0	0	1		corroborated	siscowet			1	0	2	gene-LOC120029153	1		0	
gene-LOC120029154	LOC120029154	spectrin beta chain, non-erythrocytic 4-like	protein_coding	NC_052340.1	8489310	8542732	9	B	2	ecotype_only_corroborated,ref_divergence	0	1	0	0	1		corroborated	siscowet			1	0	2	gene-LOC120029154	1		0	
gene-LOC120029162	LOC120029162	F-box only protein 39-like	protein_coding	NC_052340.1	9799847	9802709	1	B	2	ecotype_only_corroborated,ref_divergence	0	1	0	0	1		corroborated	lean			1	0	2	gene-LOC120029162	1		0	
gene-LOC120029164	LOC120029164	nucleolar protein 58-like	protein_coding	NC_052340.1	10142610	10147410	0	B	2	ecotype_only_corroborated,ref_divergence	0	1	0	0	1		corroborated	lean			1	0	2	gene-LOC120029164	1		0	
gene-LOC120029170	LOC120029170	membrane frizzled-related protein-like	protein_coding	NC_052340.1	11674990	11680054	1	B	2	ecotype_only_corroborated,ref_divergence	0	1	0	0	1		corroborated	siscowet			1	0	2	gene-LOC120029170	1		0	
gene-LOC120029193	LOC120029193	POU domain class 2-associating factor 1	protein_coding	NC_052340.1	14030245	14035911	5	B	2	cnv,ref_divergence	0	0	1	0	1		liftoff_only	siscowet	1	2	0	0	1	gene-LOC120029193	1		0	
gene-LOC120029195	LOC120029195	A disintegrin and metalloproteinase with thrombospondin motifs 15-like	protein_coding	NC_052340.1	14135581	14156438	4	B	2	cnv,ref_divergence	0	0	1	0	1		liftoff_only	siscowet	1	2	0	0	1	gene-LOC120029094	2		0	
gene-LOC120029323	LOC120029323	voltage-dependent anion-selective channel protein 2	protein_coding	NC_052341.1	3577029	3581262	3	B	2	cnv,ref_divergence	0	0	1	0	1		liftoff_only	siscowet	1	2	0	0	1	gene-LOC120029323	1		0	
gene-LOC120029324	LOC120029324	catechol O-methyltransferase domain-containing protein 1-like	protein_coding	NC_052341.1	3581321	3592567	2	B	2	cnv,ref_divergence	0	0	1	0	1		liftoff_only	siscowet	1	2	0	0	1	gene-LOC120029324	1		0	
gene-LOC120029350	LOC120029350	inward rectifier potassium channel 16-like	protein_coding	NC_052341.1	2043917	2045215	4	B	2	ecotype_only_corroborated,ref_divergence	0	1	0	0	1		corroborated	lean			1	0	2	gene-LOC120029350	2		0	
gene-LOC120029362	LOC120029362	epoxide hydrolase 1-like	protein_coding	NC_052341.1	4549835	4566603	3	B	2	cnv,ref_divergence	0	0	1	0	1		liftoff_only	siscowet	1	2	0	0	1	gene-LOC120029925	4		0	
gene-LOC120029363	LOC120029363	epoxide hydrolase 1-like	protein_coding	NC_052341.1	4589870	4598316	3	B	2	cnv,ref_divergence	0	0	1	0	1		liftoff_only	lean	2	1	0	0	1	gene-LOC120029925	4		0	
gene-LOC120029395	LOC120029395	tripartite motif-containing protein 35-like	protein_coding	NC_052341.1	10197609	10199816	2	B	2	ecotype_only_corroborated,ref_divergence	0	1	0	0	1		corroborated	siscowet			1	1	3	gene-LOC120029395	2		0	0
gene-LOC120029457	LOC120029457	actin, aortic smooth muscle	protein_coding	NC_052341.1	27787214	27792564	0	B	2	cnv,ref_divergence	0	0	1	0	1		liftoff_only	siscowet	1	2	0	0	1	gene-LOC120029457	1		0	
gene-LOC120029532	LOC120029532	neurabin-2-like	protein_coding	NC_052341.1	15670234	15694439	8	B	2	cnv,ref_divergence	0	0	1	0	1		liftoff_only	siscowet	1	2	0	0	1	gene-LOC120029532	1		0	
gene-LOC120029602	LOC120029602	somatostatin receptor type 2-like	protein_coding	NC_052341.1	30794447	30798494	7	B	2	cnv,ref_divergence	0	0	1	0	1		liftoff_only	siscowet	1	2	0	0	1	gene-LOC120030016	2		0	
gene-LOC120029672	LOC120029672	monocarboxylate transporter 12-B-like	protein_coding	NC_052341.1	27914669	27944119	3	B	2	cnv,ref_divergence	0	0	1	0	1		liftoff_only	siscowet	1	2	0	0	1	gene-LOC120029672	1		0	
gene-LOC120029673	LOC120029673	5-hydroxytryptamine receptor 7-like	protein_coding	NC_052341.1	27967494	27969183	9	B	2	cnv,ref_divergence	0	0	1	0	1		liftoff_only	siscowet	1	2	0	0	1	gene-LOC120029673	1		0	
gene-LOC120029674	LOC120029674	ankyrin repeat domain-containing protein 1-like	protein_coding	NC_052341.1	28032328	28035988	1	B	2	cnv,ref_divergence	0	0	1	0	1		liftoff_only	siscowet	1	2	0	0	1	gene-LOC120029674	1		0	
gene-LOC120029730	LOC120029730	cholesterol 25-hydroxylase-like protein	protein_coding	NC_052341.1	27824392	27825656	5	B	2	cnv,ref_divergence	0	0	1	0	1		liftoff_only	siscowet	1	2	0	0	1	gene-LOC120029796	4		0	
gene-LOC120029738	LOC120029738	sphingomyelin synthase-related protein 1-like	protein_coding	NC_052341.1	3565010	3572653	6	B	2	cnv,ref_divergence	0	0	1	0	1		liftoff_only	siscowet	1	2	0	0	1	gene-LOC120029738	1		0	
gene-LOC120029767	LOC120029767	ribonuclease P protein subunit p30-like	protein_coding	NC_052341.1	28025772	28028356	6	B	2	cnv,ref_divergence	0	0	1	0	1		liftoff_only	siscowet	1	2	0	0	1	gene-LOC120029767	2		0	
gene-LOC120029770	LOC120029770	mediator of RNA polymerase II transcription subunit 9-like	protein_coding	NC_052341.1	30961457	30962615	3	B	2	cnv,ref_divergence	0	0	1	0	1		liftoff_only	siscowet	1	2	0	0	1	gene-LOC120029770	1		0	
gene-LOC120029796	LOC120029796	cholesterol 25-hydroxylase-like protein	protein_coding	NC_052341.1	27802994	27804276	5	B	2	cnv,ref_divergence	0	0	1	0	1		liftoff_only	siscowet	1	2	0	0	1	gene-LOC120029796	4		0	
gene-LOC120029815	LOC120029815	tripartite motif-containing protein 35-like	protein_coding	NC_052341.1	10222757	10225275	2	B	2	ecotype_only_corroborated,ref_divergence	0	1	0	0	1		corroborated	siscowet			1	1	3	gene-LOC120029395	2		0	0
gene-LOC120029829	LOC120029829	pantothenate kinase 3-like	protein_coding	NC_052341.1	27955528	27965378	5	B	2	cnv,ref_divergence	0	0	1	0	1		liftoff_only	siscowet	1	2	0	0	1	gene-LOC120029829	1		0	
gene-LOC120029855	LOC120029855	tumor necrosis factor receptor superfamily member 13B-like	protein_coding	NC_052341.1	30814041	30826936	1	B	2	cnv,ref_divergence	0	0	1	0	1		liftoff_only	siscowet	1	2	0	0	1	gene-LOC120029855	1		0	
gene-LOC120029858	LOC120029858	splicing factor 3B subunit 5	protein_coding	NC_052341.1	16914522	16917224	3	B	2	cnv,ref_divergence	0	0	1	0	1		liftoff_only	siscowet	1	2	0	0	1	gene-LOC120029858	1		0	
gene-LOC120029877	LOC120029877	D(5)-like dopamine receptor	protein_coding	NC_052341.1	28197663	28200903	3	B	2	cnv,ref_divergence	0	0	1	0	1		liftoff_only	siscowet	1	2	0	0	1	gene-LOC120029877	1		0	
gene-LOC120029915	LOC120029915	inward rectifier potassium channel 2-like	protein_coding	NC_052341.1	2068062	2069356	4	B	2	ecotype_only_corroborated,ref_divergence	0	1	0	0	1		corroborated	lean			1	0	2	gene-LOC120029350	2		0	
gene-LOC120029935	LOC120029935	cytochrome c oxidase assembly protein COX19	protein_coding	NC_052341.1	31374403	31375869	2	B	2	cnv,ref_divergence	0	0	1	0	1		liftoff_only	siscowet	1	2	0	0	1	gene-LOC120029935	1		0	
gene-LOC120029953	LOC120029953	COP9 signalosome complex subunit 3-like	protein_coding	NC_052341.1	30899603	30907098	2	B	2	cnv,ref_divergence	0	0	1	0	1		liftoff_only	siscowet	1	2	0	0	1	gene-LOC120029953	1		0	
gene-LOC120029958	LOC120029958	probable E3 ubiquitin-protein ligase HECTD2	protein_coding	NC_052341.1	28087756	28122422	2	B	2	cnv,ref_divergence	0	0	1	0	1		liftoff_only	siscowet	1	2	0	0	1	gene-LOC120029958	1		0	
gene-LOC120029969	LOC120029969	dexamethasone-induced Ras-related protein 1-like	protein_coding	NC_052341.1	30964886	30966485	2	B	2	cnv,ref_divergence	0	0	1	0	1		liftoff_only	siscowet	1	2	0	0	1	gene-LOC120029969	1		0	
gene-LOC120029973	LOC120029973	ribonuclease P protein subunit p30-like	protein_coding	NC_052341.1	28028486	28033298	6	B	2	cnv,ref_divergence	0	0	1	0	1		liftoff_only	siscowet	1	2	0	0	1	gene-LOC120029767	2		0	
gene-LOC120029979	LOC120029979	ubiquitin carboxyl-terminal hydrolase 22-like	protein_coding	NC_052341.1	30827831	30873170	3	B	2	cnv,ref_divergence	0	0	1	0	1		liftoff_only	siscowet	1	2	0	0	1	gene-LOC120029979	1		0	
gene-LOC120029981	LOC120029981	protein phosphatase 1 regulatory subunit 3C-B-like	protein_coding	NC_052341.1	28162505	28166205	4	B	2	cnv,ref_divergence	0	0	1	0	1		liftoff_only	siscowet	1	2	0	0	1	gene-LOC120029981	1		0	
gene-LOC120030016	LOC120030016	somatostatin receptor type 2-like	protein_coding	NC_052341.1	30783826	30786694	7	B	2	cnv,ref_divergence	0	0	1	0	1		liftoff_only	siscowet	1	2	0	0	1	gene-LOC120030016	2		0	
gene-LOC120030031	LOC120030031	poly [ADP-ribose] polymerase tankyrase-2-like	protein_coding	NC_052341.1	28179154	28193971	4	B	2	cnv,ref_divergence	0	0	1	0	1		liftoff_only	siscowet	1	2	0	0	1	gene-LOC120030031	1		0	
gene-LOC120030053	LOC120030053	polycomb group RING finger protein 5-B	protein_coding	NC_052341.1	28046048	28063564	3	B	2	cnv,ref_divergence	0	0	1	0	1		liftoff_only	siscowet	1	2	0	0	1	gene-LOC120030053	1		0	
gene-LOC120030058	LOC120030058	tripartite motif-containing protein 35-like	protein_coding	NC_052341.1	10141882	10145427	2	B	2	ecotype_only_corroborated,ref_divergence	0	1	0	0	1		corroborated	siscowet			1	1	3	gene-LOC120030057	3		0	1
gene-LOC120030140	LOC120030140	eukaryotic initiation factor 4A-I-like	protein_coding	NC_052342.1	19672820	19686786	5	B	2	cnv,ref_divergence	0	0	1	0	1		liftoff_only	siscowet	1	2	0	0	1	gene-LOC120030140	1		0	
gene-LOC120030147	LOC120030147	SH3 domain and tetratricopeptide repeat-containing protein 1-like	protein_coding	NC_052342.1	19570418	19590870	1	B	2	cnv,ref_divergence	0	0	1	0	1		liftoff_only	siscowet	1	2	0	0	1	gene-LOC120030147	1		0	
gene-LOC120030186	LOC120030186	zonadhesin-like	protein_coding	NC_052342.1	19794474	19796730	2	B	2	cnv,ref_divergence	0	0	1	0	1		liftoff_only	lean	10	7	0	0	1	gene-LOC120030186	1		0	
gene-LOC120030220	LOC120030220	myb/SANT-like DNA-binding domain-containing protein 1	protein_coding	NC_052342.1	8899342	8907421	2	B	2	ecotype_only_corroborated,ref_divergence	0	1	0	0	1		corroborated	siscowet			1	0	2	gene-LOC120030220	1		0	
gene-LOC120030234	LOC120030234	techylectin-5A-like	protein_coding	NC_052342.1	12375703	12378804	3	B	2	cnv,ref_divergence	0	0	1	0	1		liftoff_only	siscowet	1	2	0	0	1	gene-LOC120030234	1		0	
gene-LOC120030291	LOC120030291	E3 ubiquitin/ISG15 ligase TRIM25-like	protein_coding	NC_052342.1	18479964	18490259	1	B	2	ecotype_only_corroborated,ref_divergence	0	1	0	0	1		corroborated	siscowet			1	0	2	gene-LOC120030291	2		0	
gene-LOC120030292	LOC120030292	E3 ubiquitin/ISG15 ligase TRIM25-like	protein_coding	NC_052342.1	18534492	18542672	1	B	2	ecotype_only_corroborated,ref_divergence	0	1	0	0	1		corroborated	siscowet			1	0	2	gene-LOC120030291	2		0	
gene-LOC120030431	LOC120030431	odorant receptor 131-2-like	protein_coding	NC_052342.1	13741820	13744592	3	B	2	cnv,ref_divergence	0	0	1	0	1		liftoff_only	siscowet	1	2	0	0	1	gene-LOC120030431	1		0	
gene-LOC120030435	LOC120030435	placenta-specific gene 8 protein-like	protein_coding	NC_052342.1	13770456	13777704	0	B	2	cnv,ref_divergence	0	0	1	0	1		liftoff_only	siscowet	1	2	0	0	1	gene-LOC120030435	4		0	
gene-LOC120030437	LOC120030437	placenta-specific gene 8 protein-like	protein_coding	NC_052342.1	13819970	13826329	0	B	2	cnv,ref_divergence	0	0	1	0	1		liftoff_only	siscowet	1	2	0	0	1	gene-LOC120030435	4		0	
gene-LOC120030466	LOC120030466	cytosolic phospholipase A2 gamma-like	protein_coding	NC_052342.1	20105149	20126246	7	B	2	cnv,ref_divergence	0	0	1	0	1		liftoff_only	lean	2	1	0	0	1	gene-LOC120030466	1		0	
gene-LOC120030476	LOC120030476	asialoglycoprotein receptor 1-like	protein_coding	NC_052342.1	21548701	21584888	0	B	2	ecotype_only_corroborated,ref_divergence	0	1	0	0	1		corroborated	siscowet			1	0	2	gene-LOC120030476	2		0	
gene-LOC120030496	LOC120030496	butyrophilin-like protein 2	protein_coding	NC_052342.1	23275587	23277748	0	B	2	ecotype_only_corroborated,ref_divergence	0	1	0	0	1		corroborated	siscowet			1	0	2	gene-LOC120030496	4		0	
gene-LOC120030534	LOC120030534	galactose-specific lectin nattectin-like	protein_coding	NC_052342.1	26967127	26970535	1	B	2	cnv,ref_divergence	0	0	1	0	1		liftoff_only	lean	2	1	0	0	1	gene-LOC120030534	3		0	1
gene-LOC120030595	LOC120030595	general transcription factor II-I repeat domain-containing protein 2B-like	protein_coding	NC_052342.1	10844065	10845418	0	B	2	cnv,ref_divergence	0	0	1	0	1		liftoff_only	lean	3	2	0	0	1	gene-LOC120030595	1		0	
gene-LOC120030659	LOC120030659	transcription factor Sox-19b-like	protein_coding	NC_052342.1	19710526	19713441	5	B	2	cnv,ref_divergence	0	0	1	0	1		liftoff_only	siscowet	1	2	0	0	1	gene-LOC120030659	1		0	
gene-LOC120030664	LOC120030664	serine protease HTRA3-like	protein_coding	NC_052342.1	19597166	19607544	4	B	2	cnv,ref_divergence	0	0	1	0	1		liftoff_only	siscowet	1	2	0	0	1	gene-LOC120030664	1		0	
gene-LOC120030668	LOC120030668	basic proline-rich protein-like	protein_coding	NC_052342.1	17513509	17515001	0	B	2	ecotype_only_corroborated,ref_divergence	0	1	0	0	1		corroborated	siscowet			1	0	2	gene-LOC120030668	2		0	
gene-LOC120030703	LOC120030703	equistatin-like	protein_coding	NC_052342.1	26351004	26352023	1	B	2	cnv,ref_divergence	0	0	1	0	1		liftoff_only	siscowet	1	4	0	0	1	gene-LOC120030703	2		0	
gene-LOC120030757	LOC120030757	poliovirus receptor-like	protein_coding	NC_052343.1	18342878	18396212	0	B	2	ecotype_only_corroborated,ref_divergence	0	1	0	0	1		corroborated	siscowet			1	0	2	gene-LOC120030757	1		0	
gene-LOC120030792	LOC120030792	R-spondin-2-like	protein_coding	NC_052343.1	5205024	5279865	0	B	2	ecotype_only_corroborated,ref_divergence	0	1	0	0	1		corroborated	siscowet			1	0	2	gene-LOC120030792	1		0	
gene-LOC120030811	LOC120030811	serine/threonine-protein kinase 40	protein_coding	NC_052343.1	7445188	7471678	3	B	2	ecotype_only_corroborated,ref_divergence	0	1	0	0	1		corroborated	siscowet			1	0	2	gene-LOC120030811	1		0	
gene-LOC120030837	LOC120030837	lens fiber membrane intrinsic protein-like	protein_coding	NC_052343.1	9598563	9602073	2	B	2	ecotype_only_corroborated,ref_divergence	0	1	0	0	1		corroborated	siscowet			1	0	2	gene-LOC120030837	1		0	
gene-LOC120030854	LOC120030854	cytochrome c oxidase subunit 6B1-like	protein_coding	NC_052343.1	24189380	24194554	2	B	2	ecotype_only_corroborated,ref_divergence	0	1	0	0	1		corroborated	siscowet			1	0	2	gene-LOC120030854	1		0	
gene-LOC120030864	LOC120030864	DNA repair protein XRCC1-like	protein_coding	NC_052343.1	9651069	9677499	5	B	2	ecotype_only_corroborated,ref_divergence	0	1	0	0	1		corroborated	siscowet			1	0	2	gene-LOC120030864	1		0	
gene-LOC120030879	LOC120030879	derlin-1-like	protein_coding	NC_052343.1	16282933	16302155	6	B	2	ecotype_only_corroborated,ref_divergence	0	1	0	0	1		corroborated	lean			1	0	2	gene-LOC120030879	1		0	
gene-LOC120030881	LOC120030881	derlin-1-like	protein_coding	NC_052343.1	16503414	16517318	6	B	2	ecotype_only_corroborated,ref_divergence	0	1	0	0	1		corroborated	siscowet			1	0	2	gene-LOC120030881	1		0	
gene-LOC120030906	LOC120030906	taste receptor type 1 member 1-like	protein_coding	NC_052343.1	22432791	22436083	3	B	2	cnv,ref_divergence	0	0	1	0	1		liftoff_only	siscowet	1	2	0	0	1	gene-LOC120030906	1		0	
gene-LOC120030928	LOC120030928	carcinoembryonic antigen-related cell adhesion molecule 5-like	protein_coding	NC_052343.1	25485234	25493494	0	B	2	cnv,ref_divergence	0	0	1	0	1		liftoff_only	siscowet	1	2	0	0	1	gene-LOC120030928	2		0	
gene-LOC120030929	LOC120030929	carcinoembryonic antigen-related cell adhesion molecule 1-like	protein_coding	NC_052343.1	25506652	25508149	0	B	2	cnv,ref_divergence	0	0	1	0	1		liftoff_only	siscowet	1	2	0	0	1	gene-LOC120030928	2		0	
gene-LOC120030936	LOC120030936	potassium/sodium hyperpolarization-activated cyclic nucleotide-gated channel 3-like	protein_coding	NC_052343.1	26582807	26592442	4	B	2	ecotype_only_corroborated,ref_divergence	0	1	0	0	1		corroborated	lean			1	0	2	gene-LOC120030936	1		0	
gene-LOC120030952	LOC120030952	FH1/FH2 domain-containing protein 3-like	protein_coding	NC_052343.1	28150429	28240967	7	B	2	ecotype_only_corroborated,ref_divergence	0	1	0	0	1		corroborated	siscowet			1	0	2	gene-LOC120030952	1		0	
gene-LOC120030965	LOC120030965	zymogen granule membrane protein 16-like	protein_coding	NC_052343.1	29381231	29382425	0	B	2	cnv,ref_divergence	0	0	1	0	1		liftoff_only	lean	4	3	0	0	1	gene-LOC120030965	1		0	
gene-LOC120031013	LOC120031013	gasdermin-E-like	protein_coding	NC_052343.1	27440476	27460404	2	B	2	cnv,ref_divergence	0	0	1	0	1		liftoff_only	siscowet	1	2	0	0	1	gene-LOC120031014	3		0	
gene-LOC120031014	LOC120031014	gasdermin-E-like	protein_coding	NC_052343.1	27414187	27426631	2	B	2	cnv,ref_divergence	0	0	1	0	1		liftoff_only	siscowet	1	2	0	0	1	gene-LOC120031014	3		0	
gene-LOC120031042	LOC120031042	akirin-1-like	protein_coding	NC_052343.1	8542588	8563525	9	B	2	ecotype_only_corroborated,ref_divergence	0	1	0	0	1		corroborated	siscowet			1	0	2	gene-LOC120031042	1		0	
gene-LOC120031062	LOC120031062	dynactin subunit 3-like	protein_coding	NC_052343.1	14077944	14080075	2	B	2	ecotype_only_corroborated,ref_divergence	0	1	0	0	1		corroborated	siscowet			1	0	2	gene-LOC120031062	1		0	
gene-LOC120031081	LOC120031081	SH3 domain-containing kinase-binding protein 1-like	protein_coding	NC_052343.1	7549065	7567067	1	B	2	ecotype_only_corroborated,ref_divergence	0	1	0	0	1		corroborated	siscowet			1	0	2	gene-LOC120031081	1		0	
gene-LOC120031083	LOC120031083	autophagy protein 5-like	protein_coding	NC_052343.1	14057568	14077649	8	B	2	ecotype_only_corroborated,ref_divergence	0	1	0	0	1		corroborated	siscowet			1	0	2	gene-LOC120031083	1		0	
gene-LOC120031085	LOC120031085	C-type lectin domain family 10 member A-like	protein_coding	NC_052343.1	24404631	24412318	0	B	2	cnv,ref_divergence	0	0	1	0	1		liftoff_only	siscowet	1	2	0	0	1	gene-LOC120031085	1		0	
gene-LOC120031086	LOC120031086	gasdermin-E-like	protein_coding	NC_052343.1	27471302	27490994	2	B	2	cnv,ref_divergence	0	0	1	0	1		liftoff_only	siscowet	1	2	0	0	1	gene-LOC120031014	3		0	1
gene-LOC120031096	LOC120031096	mitogen-activated protein kinase kinase kinase 5-like	protein_coding	NC_052343.1	7772486	7802111	5	B	2	ecotype_only_corroborated,ref_divergence	0	1	0	0	1		corroborated	siscowet			1	0	2	gene-LOC120031096	1		0	
gene-LOC120031100	LOC120031100	pleckstrin homology-like domain family B member 3	protein_coding	NC_052343.1	9716352	9739018	0	B	2	ecotype_only_corroborated,ref_divergence	0	1	0	0	1		corroborated	siscowet			1	0	2	gene-LOC120031100	1		0	
gene-LOC120031113	LOC120031113	alpha-1,3/1,6-mannosyltransferase ALG2-like	protein_coding	NC_052343.1	31936865	31939905	4	B	2	ecotype_only_corroborated,ref_divergence	0	1	0	0	1		corroborated	lean			1	0	2	gene-LOC120031113	1		0	
gene-LOC120031120	LOC120031120	phosphatidylinositol-3-phosphatase SAC1-B	protein_coding	NC_052343.1	20082165	20095829	3	B	2	ecotype_only_corroborated,ref_divergence	0	1	0	0	1		corroborated	lean			1	0	2	gene-LOC120031120	1		0	
gene-LOC120031127	LOC120031127	protein eva-1 homolog B-like	protein_coding	NC_052343.1	7528420	7542523	0	B	2	ecotype_only_corroborated,ref_divergence	0	1	0	0	1		corroborated	siscowet			1	0	2	gene-LOC120031127	1		0	
gene-LOC120031141	LOC120031141	gamma-glutamylcyclotransferase-like	protein_coding	NC_052343.1	20162235	20163999	1	B	2	ecotype_only_corroborated,ref_divergence	0	1	0	0	1		corroborated	lean			1	0	2	gene-LOC120031141	1		0	
gene-LOC120031153	LOC120031153	upstream stimulatory factor 2-like	protein_coding	NC_052343.1	9557299	9574765	4	B	2	ecotype_only_corroborated,ref_divergence	0	1	0	0	1		corroborated	siscowet			1	0	2	gene-LOC120031153	1		0	
gene-LOC120031198	LOC120031198	fatty acid-binding protein, adipocyte-like	protein_coding	NC_052343.1	17191617	17194380	4	B	2	ecotype_only_corroborated,ref_divergence	0	1	0	0	1		corroborated	siscowet			1	0	2	gene-LOC120031198	1		0	
gene-LOC120031209	LOC120031209	kinesin-like protein KIFC2	protein_coding	NC_052343.1	30482382	30504373	0	B	2	ecotype_only_corroborated,ref_divergence	0	1	0	0	1		corroborated	siscowet			1	0	2	gene-LOC120031210	2		0	
gene-LOC120031210	LOC120031210	kinesin-like protein KIFC3	protein_coding	NC_052343.1	30477736	30482132	4	B	2	ecotype_only_corroborated,ref_divergence	0	1	0	0	1		corroborated	lean			1	0	2	gene-LOC120031210	2		0	
gene-LOC120031217	LOC120031217	electron transfer flavoprotein subunit beta-like	protein_coding	NC_052343.1	9582324	9586507	2	B	2	ecotype_only_corroborated,ref_divergence	0	1	0	0	1		corroborated	siscowet			1	0	2	gene-LOC120031217	1		0	
gene-LOC120031239	LOC120031239	T-box transcription factor TBX20-like	protein_coding	NC_052343.1	13901130	13914852	8	B	2	ecotype_only_corroborated,ref_divergence	0	1	0	0	1		corroborated	siscowet			1	0	2	gene-LOC120031239	1		0	
gene-LOC120031250	LOC120031250	complement C3-like	protein_coding	NC_052343.1	7647216	7652418	4	B	2	ecotype_only_corroborated,ref_divergence	0	1	0	0	1		corroborated	siscowet			1	0	2	gene-LOC120031250	1		0	
gene-LOC120031251	LOC120031251	MAP7 domain-containing protein 1-like	protein_coding	NC_052343.1	7668811	7734046	2	B	2	ecotype_only_corroborated,ref_divergence	0	1	0	0	1		corroborated	siscowet			1	0	2	gene-LOC120031251	1		0	
gene-LOC120031263	LOC120031263	hepcidin-like	protein_coding	NC_052343.1	9531408	9532333	3	B	2	ecotype_only_corroborated,ref_divergence	0	1	0	0	1		corroborated	siscowet			1	1	3	gene-LOC120031263	2		0	1
gene-LOC120031269	LOC120031269	myelin basic protein-like	protein_coding	NC_052343.1	526951	573594	1	B	2	ecotype_only_corroborated,ref_divergence	0	1	0	0	1		corroborated	siscowet			1	0	2	gene-LOC120031565	2		0	
gene-LOC120031281	LOC120031281	cytochrome b5 reductase 4	protein_coding	NC_052343.1	21335613	21364134	5	B	2	ecotype_only_corroborated,ref_divergence	0	1	0	0	1		corroborated	lean			1	1	3	gene-LOC120031281	1		0	0
gene-LOC120031313	LOC120031313	glutamate receptor ionotropic, kainate 2	protein_coding	NC_052343.1	21705816	21990557	9	B	2	ecotype_only_corroborated,ref_divergence	0	1	0	0	1		corroborated	siscowet			1	0	2	gene-LOC120031313	1		0	
gene-LOC120031325	LOC120031325	nucleotide-binding oligomerization domain-containing protein 1-like	protein_coding	NC_052343.1	20167564	20175108	2	B	2	ecotype_only_corroborated,ref_divergence	0	1	0	0	1		corroborated	lean			1	0	2	gene-LOC120031325	2		0	
gene-LOC120031328	LOC120031328	gamma-aminobutyric acid receptor-associated protein-like 1	protein_coding	NC_052343.1	24414264	24417155	9	B	2	cnv,ref_divergence	0	0	1	0	1		liftoff_only	siscowet	1	2	0	0	1	gene-LOC120031328	1		0	
gene-LOC120031347	LOC120031347	protein phosphatase 1 regulatory subunit 35-like	protein_coding	NC_052343.1	25729718	25732525	2	B	2	ecotype_only_corroborated,ref_divergence	0	1	0	0	1		corroborated	siscowet			1	0	2	gene-LOC120031347	1		0	
gene-LOC120031371	LOC120031371	28S ribosomal protein S15, mitochondrial-like	protein_coding	NC_052343.1	7425561	7430134	3	B	2	ecotype_only_corroborated,ref_divergence	0	1	0	0	1		corroborated	siscowet			1	0	2	gene-LOC120031371	1		0	
gene-LOC120031372	LOC120031372	PLAC8-like protein 1	protein_coding	NC_052343.1	7430229	7432175	1	B	2	ecotype_only_corroborated,ref_divergence	0	1	0	0	1		corroborated	siscowet			1	0	2	gene-LOC120031372	1		0	
gene-LOC120031387	LOC120031387	sodium- and chloride-dependent transporter XTRP3-like	protein_coding	NC_052343.1	20116518	20142882	3	B	2	ecotype_only_corroborated,ref_divergence	0	1	0	0	1		corroborated	lean			1	0	2	gene-LOC120031387	1		0	
gene-LOC120031391	LOC120031391	smad nuclear-interacting protein 1-like	protein_coding	NC_052343.1	7805542	7811901	4	B	2	ecotype_only_corroborated,ref_divergence	0	1	0	0	1		corroborated	siscowet			1	0	2	gene-LOC120031391	1		0	
gene-LOC120031392	LOC120031392	four and a half LIM domains protein 3-like	protein_coding	NC_052343.1	8023600	8067116	6	B	2	ecotype_only_corroborated,ref_divergence	0	1	0	0	1		corroborated	siscowet			1	0	2	gene-LOC120031392	1		0	
gene-LOC120031406	LOC120031406	kelch-like protein 32	protein_coding	NC_052343.1	3521821	3561477	1	B	2	ecotype_only_corroborated,ref_divergence	0	1	0	0	1		corroborated	lean			1	0	2	gene-LOC120031406	1		0	
gene-LOC120031410	LOC120031410	frizzled-1-like	protein_coding	NC_052343.1	20401702	20405536	5	B	2	ecotype_only_corroborated,ref_divergence	0	1	0	0	1		corroborated	siscowet			1	0	2	gene-LOC120031410	1		0	
gene-LOC120031419	LOC120031419	nucleolar GTP-binding protein 2-like	protein_coding	NC_052343.1	7820108	7858182	2	B	2	ecotype_only_corroborated,ref_divergence	0	1	0	0	1		corroborated	siscowet			1	1	3	gene-LOC120031419	1		0	0
gene-LOC120031421	LOC120031421	solute carrier family 2, facilitated glucose transporter member 3-like	protein_coding	NC_052343.1	24254469	24280211	5	B	2	ecotype_only_corroborated,ref_divergence	0	1	0	0	1		corroborated	siscowet			1	0	2	gene-LOC120031421	1		0	
gene-LOC120031422	LOC120031422	cytosolic 5'-nucleotidase 3	protein_coding	NC_052343.1	14081873	14104046	3	B	2	ecotype_only_corroborated,ref_divergence	0	1	0	0	1		corroborated	siscowet			1	0	2	gene-LOC120031422	1		0	
gene-LOC120031437	LOC120031437	polycomb protein SCMH1-like	protein_coding	NC_052343.1	2800013	2841250	3	B	2	cnv,ref_divergence	0	0	1	0	1		liftoff_only	siscowet	1	2	0	0	1	gene-LOC120031437	1		0	
gene-LOC120031442	LOC120031442	DNA-binding protein SATB1-like	protein_coding	NC_052343.1	11371503	11411245	4	B	2	ecotype_only_corroborated,ref_divergence	0	1	0	0	1		corroborated	siscowet			1	0	2	gene-LOC120031442	1		0	
gene-LOC120031449	LOC120031449	protein asteroid homolog 1-like	protein_coding	NC_052343.1	28529967	28532568	1	B	2	cnv,ref_divergence	0	0	1	0	1		liftoff_only	lean	2	1	0	0	1	gene-LOC120031449	2		0	
gene-LOC120031483	LOC120031483	persulfide dioxygenase ETHE1, mitochondrial-like	protein_coding	NC_052343.1	9710054	9714637	3	B	2	ecotype_only_corroborated,ref_divergence	0	1	0	0	1		corroborated	siscowet			1	0	2	gene-LOC120031483	1		0	
gene-LOC120031497	LOC120031497	exocyst complex component 3-like	protein_coding	NC_052309.1	41787352	41821015	4	B	2	cnv,ref_divergence	0	0	1	0	1		liftoff_only	siscowet	1	2	0	0	1	gene-LOC120031497	1		0	
gene-LOC120031504	LOC120031504	ictacalcin-like	protein_coding	NC_052343.1	25721491	25725153	2	B	2	ecotype_only_corroborated,ref_divergence	0	1	0	0	1		corroborated	lean			1	0	2	gene-LOC120031504	1		0	
gene-LOC120031510	LOC120031510	inactive serine protease 35-like	protein_coding	NC_052343.1	4253397	4259104	2	B	2	ecotype_only_corroborated,ref_divergence	0	1	0	0	1		corroborated	lean			1	0	2	gene-LOC120031510	1		0	
gene-LOC120031533	LOC120031533	TBC1 domain family member 31-like	protein_coding	NC_052343.1	16519793	16542230	2	B	2	ecotype_only_corroborated,ref_divergence	0	1	0	0	1		corroborated	siscowet			1	0	2	gene-LOC120031533	1		0	
gene-LOC120031552	LOC120031552	transient receptor potential cation channel subfamily V member 6-like	protein_coding	NC_052343.1	24396341	24400575	4	B	2	cnv,ref_divergence	0	0	1	0	1		liftoff_only	siscowet	1	2	0	0	1	gene-LOC120031556	2		0	
gene-LOC120031556	LOC120031556	transient receptor potential cation channel subfamily V member 6-like	protein_coding	NC_052343.1	24375390	24381355	4	B	2	cnv,ref_divergence	0	0	1	0	1		liftoff_only	siscowet	1	2	0	0	1	gene-LOC120031556	2		0	
gene-LOC120031587	LOC120031587	glutamate receptor ionotropic, kainate 3-like	protein_coding	NC_052343.1	6971707	7115047	9	B	2	ecotype_only_corroborated,ref_divergence	0	1	0	0	1		corroborated	siscowet			1	0	2	gene-LOC120031587	1		0	
gene-LOC120031590	LOC120031590	cannabinoid receptor 2-like	protein_coding	NC_052343.1	8569481	8570861	3	B	2	ecotype_only_corroborated,ref_divergence	0	1	0	0	1		corroborated	siscowet			1	0	2	gene-LOC120031590	1		0	
gene-LOC120031595	LOC120031595	free fatty acid receptor 2-like	protein_coding	NC_052343.1	9603505	9604942	4	B	2	ecotype_only_corroborated,ref_divergence	0	1	0	0	1		corroborated	siscowet			1	0	2	gene-LOC120031595	1		0	
gene-LOC120031600	LOC120031600	sialic acid-binding Ig-like lectin 5	protein_coding	NC_052343.1	9816938	9820909	0	B	2	ecotype_only_corroborated,ref_divergence	0	1	0	0	1		corroborated	lean			1	1	3	gene-LOC120031600	2		0	0
gene-LOC120031616	LOC120031616	ras/Rap GTPase-activating protein SynGAP-like	protein_coding	NC_052343.1	11873145	11951283	1	B	2	ecotype_only_corroborated,ref_divergence	0	1	0	0	1		corroborated	siscowet			1	0	2	gene-LOC120031616	1		0	
gene-LOC120031671	LOC120031671	epithelial discoidin domain-containing receptor 1-like	protein_coding	NC_052343.1	18564131	18577635	9	B	2	ecotype_only_corroborated,ref_divergence	0	1	0	0	1		corroborated	siscowet			1	0	2	gene-LOC120031671	1		0	
gene-LOC120031739	LOC120031739	probable G protein-coupled receptor 85	protein_coding	NC_052344.1	4426273	4427406	3	B	2	ecotype_only_corroborated,ref_divergence	0	1	0	0	1		corroborated	lean			1	0	2	gene-LOC120031739	1		0	
gene-LOC120031752	LOC120031752	probable E3 ubiquitin-protein ligase DTX2	protein_coding	NC_052309.1	45108451	45134690	5	B	2	cnv,ref_divergence	0	0	1	0	1		liftoff_only	siscowet	1	2	0	0	1	gene-LOC120031752	1		0	
gene-LOC120031764	LOC120031764	general transcription factor II-I repeat domain-containing protein 1-like	protein_coding	NC_052309.1	45139033	45180506	2	B	2	cnv,ref_divergence	0	0	1	0	1		liftoff_only	siscowet	1	2	0	0	1	gene-LOC120031764	1		0	
gene-LOC120031773	LOC120031773	N-acylneuraminate cytidylyltransferase-like	protein_coding	NC_052344.1	23351584	23361327	1	B	2	ecotype_only_corroborated,ref_divergence	0	1	0	0	1		corroborated	siscowet			1	1	3	gene-LOC120031774	2		0	1
gene-LOC120031776	LOC120031776	transforming growth factor beta activator LRRC32-like	protein_coding	NC_052309.1	45335022	45345835	4	B	2	cnv,ref_divergence	0	0	1	0	1		liftoff_only	siscowet	1	2	0	0	1	gene-LOC120031776	1		0	
gene-LOC120031791	LOC120031791	striatin-interacting protein 1 homolog	protein_coding	NC_052344.1	4983009	5016571	2	B	2	ecotype_only_corroborated,ref_divergence	0	1	0	0	1		corroborated	siscowet			1	0	2	gene-LOC120031791	1		0	
gene-LOC120031793	LOC120031793	achaete-scute homolog 4-like	protein_coding	NC_052344.1	5087868	5088410	5	B	2	cnv,ref_divergence	0	0	1	0	1		liftoff_only	siscowet	1	2	0	0	1	gene-LOC120031793	1		0	
gene-LOC120031794	LOC120031794	suppressor APC domain-containing protein 1-like	protein_coding	NC_052344.1	5089950	5094003	0	B	2	ecotype_only_corroborated,ref_divergence	0	1	0	0	1		corroborated	siscowet			1	0	2	gene-LOC120031794	1		0	
gene-LOC120031800	LOC120031800	receptor-type tyrosine-protein phosphatase zeta-like	protein_coding	NC_052344.1	5994925	6028595	3	B	2	ecotype_only_corroborated,ref_divergence	0	1	0	0	1		corroborated	siscowet			1	0	2	gene-LOC120031800	1		0	
gene-LOC120031801	LOC120031801	ataxin-7-like protein 1	protein_coding	NC_052344.1	6111880	6119429	0	B	2	ecotype_only_corroborated,ref_divergence	0	1	0	0	1		corroborated	siscowet			1	0	2	gene-LOC120031801	2		0	
gene-LOC120031802	LOC120031802	ataxin-7-like protein 1	protein_coding	NC_052344.1	6119423	6141203	0	B	2	ecotype_only_corroborated,ref_divergence	0	1	0	0	1		corroborated	siscowet			1	0	2	gene-LOC120031801	2		0	
gene-LOC120031803	LOC120031803	prosaposin receptor GPR37-like	protein_coding	NC_052344.1	6845114	6853877	6	B	2	ecotype_only_corroborated,ref_divergence	0	1	0	0	1		corroborated	siscowet			1	0	2	gene-LOC120031803	1		0	
gene-LOC120031811	LOC120031811	low affinity vacuolar monovalent cation/H(+) antiporter-like	protein_coding	NC_052344.1	8108256	8123596	5	B	2	ecotype_only_corroborated,ref_divergence	0	1	0	0	1		corroborated	siscowet			1	0	2	gene-LOC120031811	1		0	
gene-LOC120031813	LOC120031813	carbohydrate sulfotransferase 11-like	protein_coding	NC_052344.1	8526340	8533819	4	B	2	ecotype_only_corroborated,ref_divergence	0	1	0	0	1		corroborated	siscowet			1	0	2	gene-LOC120031813	1		0	
gene-LOC120031830	LOC120031830	inositol 1,4,5-triphosphate receptor associated 2-like	protein_coding	NC_052344.1	11914587	11939099	1	B	2	ecotype_only_corroborated,ref_divergence	0	1	0	0	1		corroborated	siscowet			1	0	2	gene-LOC120031830	1		0	
gene-LOC120031835	LOC120031835	FYVE, RhoGEF and PH domain-containing protein 4-like	protein_coding	NC_052344.1	12000855	12005563	5	B	2	ecotype_only_corroborated,ref_divergence	0	1	0	0	1		corroborated	siscowet			1	0	2	gene-LOC120031835	1		0	
gene-LOC120031836	LOC120031836	protein bicaudal D homolog 1-like	protein_coding	NC_052344.1	12011823	12046518	10	B	2	ecotype_only_corroborated,ref_divergence	0	1	0	0	1		corroborated	siscowet			1	0	2	gene-LOC120031836	1		0	
gene-LOC120031838	LOC120031838	potassium voltage-gated channel subfamily C member 2-like	protein_coding	NC_052344.1	12433341	12476374	6	B	2	ecotype_only_corroborated,ref_divergence	0	1	0	0	1		corroborated	siscowet			1	0	2	gene-LOC120031838	1		0	
gene-LOC120031841	LOC120031841	pyrin-like	protein_coding	NC_052344.1	12949217	12951924	1	B	2	cnv,ref_divergence	0	0	1	0	1		liftoff_only	siscowet	1	2	0	0	1	gene-LOC120031841	1		0	
gene-LOC120031874	LOC120031874		C_region	NC_052344.1	18132685	18134418	0	B	2	cnv,ref_divergence	0	0	1	0	1		liftoff_only	siscowet	1	4	0	0	1	gene-LOC120031874	1		0	
gene-LOC120031876	LOC120031876		C_region	NC_052344.1	18152543	18158928	0	B	2	cnv,ref_divergence	0	0	1	0	1		liftoff_only	siscowet	1	2	0	0	1	gene-LOC120031876	1		0	
gene-LOC120031887	LOC120031887	putative adenosylhomocysteinase 3	protein_coding	NC_052344.1	5023342	5066983	2	B	2	ecotype_only_corroborated,ref_divergence	0	1	0	0	1		corroborated	siscowet			1	0	2	gene-LOC120031887	1		0	
gene-LOC120031912	LOC120031912	red-sensitive opsin-like	protein_coding	NC_052344.1	24532870	24540410	6	B	2	cnv,ref_divergence	0	0	1	0	1		liftoff_only	siscowet	1	2	0	0	1	gene-LOC120031912	1		0	
gene-LOC120031920	LOC120031920	USP6 N-terminal-like protein	protein_coding	NC_052344.1	8571975	8651167	0	B	2	ecotype_only_corroborated,ref_divergence	0	1	0	0	1		corroborated	siscowet			1	0	2	gene-LOC120031920	1		0	
gene-LOC120031943	LOC120031943	hematopoietic lineage cell-specific protein-like	protein_coding	NC_052344.1	16836817	16843818	6	B	2	ecotype_only_corroborated,ref_divergence	0	1	0	0	1		corroborated	siscowet			1	0	2	gene-LOC120031943	1		0	
gene-LOC120031944	LOC120031944	protein LLP homolog	protein_coding	NC_052344.1	16843801	16845743	4	B	2	ecotype_only_corroborated,ref_divergence	0	1	0	0	1		corroborated	siscowet			1	0	2	gene-LOC120031944	1		0	
gene-LOC120031959	LOC120031959	electron transfer flavoprotein regulatory factor 1-like	protein_coding	NC_052344.1	11954584	11955922	2	B	2	ecotype_only_corroborated,ref_divergence	0	1	0	0	1		corroborated	siscowet			1	0	2	gene-LOC120031959	2		0	
gene-LOC120031968	LOC120031968	CUGBP Elav-like family member 2	protein_coding	NC_052344.1	8683857	8801980	6	B	2	ecotype_only_corroborated,ref_divergence	0	1	0	0	1		corroborated	siscowet			1	0	2	gene-LOC120031968	1		0	
gene-LOC120031969	LOC120031969	pleckstrin homology domain-containing family A member 5-like	protein_coding	NC_052344.1	7054005	7236643	6	B	2	ecotype_only_corroborated,ref_divergence	0	1	0	0	1		corroborated	siscowet			1	0	2	gene-LOC120031969	1		0	
gene-LOC120031975	LOC120031975	ADP-ribosylation factor-like protein 1	protein_coding	NC_052344.1	11979969	11986413	6	B	2	ecotype_only_corroborated,ref_divergence	0	1	0	0	1		corroborated	siscowet			1	0	2	gene-LOC120031975	1		0	
gene-LOC120031978	LOC120031978	transmembrane protein 209-like	protein_coding	NC_052344.1	5067948	5073203	1	B	2	ecotype_only_corroborated,ref_divergence	0	1	0	0	1		corroborated	siscowet			1	0	2	gene-LOC120031978	1		0	
gene-LOC120031979	LOC120031979	dnaJ homolog subfamily C member 2-like	protein_coding	NC_052344.1	12303876	12310052	5	B	2	ecotype_only_corroborated,ref_divergence	0	1	0	0	1		corroborated	siscowet			1	0	2	gene-LOC120031979	1		0	
gene-LOC120031980	LOC120031980	mitochondrial-processing peptidase subunit beta-like	protein_coding	NC_052344.1	12309414	12313658	4	B	2	ecotype_only_corroborated,ref_divergence	0	1	0	0	1		corroborated	siscowet			1	0	2	gene-LOC120031980	1		0	
gene-LOC120031990	LOC120031990	electron transfer flavoprotein regulatory factor 1-like	protein_coding	NC_052344.1	11957170	11958610	2	B	2	ecotype_only_corroborated,ref_divergence	0	1	0	0	1		corroborated	siscowet			1	0	2	gene-LOC120031959	2		0	
gene-LOC120032005	LOC120032005	kelch domain-containing protein 10-like	protein_coding	NC_052344.1	8125461	8138598	2	B	2	ecotype_only_corroborated,ref_divergence	0	1	0	0	1		corroborated	siscowet			1	0	2	gene-LOC120032005	1		0	
gene-LOC120032010	LOC120032010	filamin-A-like	protein_coding	NC_052344.1	10289685	10333504	2	B	2	ecotype_only_corroborated,ref_divergence	0	1	0	0	1		corroborated	lean			1	0	2	gene-LOC120032010	1		0	
gene-LOC120032022	LOC120032022	phosphatidylinositol 4,5-bisphosphate 3-kinase catalytic subunit gamma isoform-like	protein_coding	NC_052344.1	6047283	6055161	10	B	2	ecotype_only_corroborated,ref_divergence	0	1	0	0	1		corroborated	siscowet			1	0	2	gene-LOC120032022	1		0	
gene-LOC120032028	LOC120032028	short transmembrane mitochondrial protein 1	protein_coding	NC_052344.1	4976898	4978652	1	B	2	ecotype_only_corroborated,ref_divergence	0	1	0	0	1		corroborated	siscowet			1	0	2	gene-LOC120032028	1		0	
gene-LOC120032037	LOC120032037	E3 ubiquitin-protein ligase TRIM21-like	protein_coding	NC_052344.1	8509246	8511539	2	B	2	ecotype_only_corroborated,ref_divergence	0	1	0	0	1		corroborated	siscowet			1	0	2	gene-LOC120032037	2		0	
gene-LOC120032043	LOC120032043	transcription factor EC-like	protein_coding	NC_052344.1	4887626	4949849	5	B	2	ecotype_only_corroborated,ref_divergence	0	1	0	0	1		corroborated	siscowet			1	0	2	gene-LOC120032043	1		0	
gene-LOC120032046	LOC120032046	aldo-keto reductase family 1 member B1-like	protein_coding	NC_052344.1	4961496	4966090	2	B	2	ecotype_only_corroborated,ref_divergence	0	1	0	0	1		corroborated	siscowet			1	0	2	gene-LOC120032046	1		0	
gene-LOC120032048	LOC120032048	calcium-independent phospholipase A2-gamma-like	protein_coding	NC_052344.1	21206604	21218127	3	B	2	cnv,ref_divergence	0	0	1	0	1		liftoff_only	lean	2	1	0	0	1	gene-LOC120032048	1		0	
gene-LOC120032049	LOC120032049	nuclear respiratory factor 1	protein_coding	NC_052344.1	12095414	12127432	4	B	2	ecotype_only_corroborated,ref_divergence	0	1	0	0	1		corroborated	siscowet			1	0	2	gene-LOC120032049	1		0	
gene-LOC120032050	LOC120032050	synaptophysin-like protein 1	protein_coding	NC_052344.1	6101554	6111048	2	B	2	ecotype_only_corroborated,ref_divergence	0	1	0	0	1		corroborated	siscowet			1	0	2	gene-LOC120032050	1		0	
gene-LOC120032113	LOC120032113	thyrotropin-releasing hormone-degrading ectoenzyme-like	protein_coding	NC_052344.1	24025480	24138505	6	B	2	ecotype_only_corroborated,ref_divergence	0	1	0	0	1		corroborated	lean			1	0	2	gene-LOC120032113	1		0	
gene-LOC120032116	LOC120032116	mucin-21-like	protein_coding	NC_052344.1	24557926	24559343	0	B	2	ecotype_only_corroborated,ref_divergence	0	1	0	0	1		corroborated	siscowet			1	0	2	gene-LOC120032116	1		0	
gene-LOC120032124	LOC120032124	HMG box-containing protein 1-like	protein_coding	NC_052344.1	6030289	6035600	6	B	2	ecotype_only_corroborated,ref_divergence	0	1	0	0	1		corroborated	siscowet			1	0	2	gene-LOC120032124	1		0	
gene-LOC120032145	LOC120032145	myoD family inhibitor domain-containing protein-like	protein_coding	NC_052344.1	4646441	4671303	0	B	2	ecotype_only_corroborated,ref_divergence	0	1	0	0	1		corroborated	siscowet			1	0	2	gene-LOC120032145	1		0	
gene-LOC120032162	LOC120032162	heat shock 70 kDa protein 4-like	protein_coding	NC_052309.1	50278811	50294559	5	B	2	cnv,ref_divergence	0	0	1	0	1		liftoff_only	siscowet	1	2	0	0	1	gene-LOC120032162	1		0	
gene-LOC120032167	LOC120032167	nicotinamide phosphoribosyltransferase	protein_coding	NC_052344.1	6057792	6077004	2	B	2	ecotype_only_corroborated,ref_divergence	0	1	0	0	1		corroborated	siscowet			1	0	2	gene-LOC120032167	1		0	
gene-LOC120032191	LOC120032191	NEDD4 family-interacting protein 1-like	protein_coding	NC_052309.1	50313634	50327876	8	B	2	cnv,ref_divergence	0	0	1	0	1		liftoff_only	siscowet	1	2	0	0	1	gene-LOC120032191	4		0	
gene-LOC120032211	LOC120032211	NEDD4 family-interacting protein 1-like	protein_coding	NC_052309.1	50327940	50330117	8	B	2	cnv,ref_divergence	0	0	1	0	1		liftoff_only	siscowet	1	2	0	0	1	gene-LOC120032191	4		0	
gene-LOC120032222	LOC120032222	cytochrome c oxidase assembly factor 6 homolog	protein_coding	NC_052344.1	5962119	5967554	3	B	2	ecotype_only_corroborated,ref_divergence	0	1	0	0	1		corroborated	siscowet			1	0	2	gene-LOC120032222	1		0	
gene-LOC120032224	LOC120032224	aryl hydrocarbon receptor nuclear translocator-like protein 2	protein_coding	NC_052344.1	15489187	15509650	8	B	2	ecotype_only_corroborated,ref_divergence	0	1	0	0	1		corroborated	lean			1	0	2	gene-LOC120032224	1		0	
gene-LOC120032250	LOC120032250	cAMP-dependent protein kinase type II-beta regulatory subunit-like	protein_coding	NC_052344.1	6035974	6042621	3	B	2	ecotype_only_corroborated,ref_divergence	0	1	0	0	1		corroborated	siscowet			1	0	2	gene-LOC120032250	1		0	
gene-LOC120032251	LOC120032251	nuclear-interacting partner of ALK-like	protein_coding	NC_052344.1	12188338	12197119	2	B	2	ecotype_only_corroborated,ref_divergence	0	1	0	0	1		corroborated	siscowet			1	0	2	gene-LOC120032251	1		0	
gene-LOC120032256	LOC120032256	solute carrier family 41 member 2-like	protein_coding	NC_052344.1	8538917	8566683	3	B	2	ecotype_only_corroborated,ref_divergence	0	1	0	0	1		corroborated	siscowet			1	1	3	gene-LOC120032256	1		0	1
gene-LOC120032257	LOC120032257	enoyl-CoA hydratase domain-containing protein 3, mitochondrial-like	protein_coding	NC_052344.1	8566949	8569661	2	B	2	ecotype_only_corroborated,ref_divergence	0	1	0	0	1		corroborated	siscowet			1	0	2	gene-LOC120032257	1		0	
gene-LOC120032297	LOC120032297	protein O-mannosyl-transferase TMTC1-like	protein_coding	NC_052344.1	10971239	11065067	4	B	2	ecotype_only_corroborated,ref_divergence	0	1	0	0	1		corroborated	lean			1	1	3	gene-LOC120032297	1		0	0
gene-LOC120032333	LOC120032333	DENN domain-containing protein 11-like	protein_coding	NC_052344.1	11986713	11996628	1	B	2	ecotype_only_corroborated,ref_divergence	0	1	0	0	1		corroborated	siscowet			1	0	2	gene-LOC120032333	1		0	
gene-LOC120032342	LOC120032342	ubiquitin-conjugating enzyme E2 H	protein_coding	NC_052344.1	8161686	8192964	4	B	2	ecotype_only_corroborated,ref_divergence	0	1	0	0	1		corroborated	siscowet			1	0	2	gene-LOC120032342	1		0	
gene-LOC120032347	LOC120032347	small Cajal body-specific RNA 14	guide_RNA	NC_052344.1	7257598	7257727	0	B	2	ecotype_only_corroborated,ref_divergence	0	1	0	0	1		corroborated	siscowet			1	0	2	gene-LOC120032347	1		0	
gene-LOC120032359	LOC120032359	protein transport protein Sec23A	protein_coding	NC_052345.1	8875147	8888408	8	B	2	ecotype_only_corroborated,ref_divergence	0	1	0	0	1		corroborated	siscowet			1	0	2	gene-LOC120032359	1		0	
gene-LOC120032382	LOC120032382	cell death-inducing p53-target protein 1 homolog	protein_coding	NC_052345.1	1913621	1926884	1	B	2	cnv,ref_divergence	0	0	1	0	1		liftoff_only	siscowet	1	2	0	0	1	gene-LOC120032383	2		0	
gene-LOC120032387	LOC120032387	ERO1-like protein beta	protein_coding	NC_052345.1	18406226	18441769	6	B	2	ecotype_only_corroborated,ref_divergence	0	1	0	0	1		corroborated	lean			1	0	2	gene-LOC120032387	1		0	
gene-LOC120032388	LOC120032388	BTB/POZ domain-containing protein 3	protein_coding	NC_052345.1	18396966	18407382	5	B	2	ecotype_only_corroborated,ref_divergence	0	1	0	0	1		corroborated	lean			1	0	2	gene-LOC120032388	1		0	
gene-LOC120032389	LOC120032389	G protein-coupled receptor 137Ba-like	protein_coding	NC_052345.1	18442180	18449402	5	B	2	ecotype_only_corroborated,ref_divergence	0	1	0	0	1		corroborated	lean			1	0	2	gene-LOC120032389	1		0	
gene-LOC120032428	LOC120032428	CMRF35-like molecule 6	protein_coding	NC_052345.1	113827	119975	0	B	2	cnv,ref_divergence	0	0	1	0	1		liftoff_only	siscowet	1	2	0	0	1	gene-LOC120033050	2		0	
gene-LOC120032432	LOC120032432	somatostatin receptor type 5-like	protein_coding	NC_052345.1	477558	483280	5	B	2	cnv,ref_divergence	0	0	1	0	1		liftoff_only	siscowet	1	2	0	0	1	gene-LOC120032432	1		0	
gene-LOC120032435	LOC120032435	snake venom serine protease PTLE1-like	protein_coding	NC_052345.1	527735	528592	2	B	2	ecotype_only_corroborated,ref_divergence	0	1	0	0	1		corroborated	lean			1	0	2	gene-LOC120032435	1		0	
gene-LOC120032454	LOC120032454	B-cell receptor CD22-like	protein_coding	NC_052345.1	2437886	2441006	0	B	2	cnv,ref_divergence	0	0	1	0	1		liftoff_only	lean	2	1	0	0	1	gene-LOC120033031	2		0	
gene-LOC120032456	LOC120032456	sialoadhesin-like	protein_coding	NC_052345.1	2596857	2599967	0	B	2	cnv,ref_divergence	0	0	1	0	1		liftoff_only	lean	5	1	0	0	1	gene-LOC120032456	1		0	
gene-LOC120032458	LOC120032458	interleukin-2 receptor subunit beta-like	protein_coding	NC_052345.1	3533664	3558311	6	B	2	ecotype_only_corroborated,ref_divergence	0	1	0	0	1		corroborated	lean			1	0	2	gene-LOC120032458	2		0	
gene-LOC120032459	LOC120032459	complement C1q tumor necrosis factor-related protein 1-like	protein_coding	NC_052345.1	3583536	3585665	1	B	2	ecotype_only_corroborated,ref_divergence	0	1	0	0	1		corroborated	siscowet			1	0	2	gene-LOC120032459	1		0	
gene-LOC120032462	LOC120032462	sialoadhesin-like	protein_coding	NC_052345.1	3948160	3950113	0	B	2	cnv,ref_divergence	0	0	1	0	1		liftoff_only	siscowet	1	2	0	0	1	gene-LOC120032462	1		0	
gene-LOC120032464	LOC120032464	adenylate cyclase type 9-like	protein_coding	NC_052345.1	4150835	4161775	4	B	2	cnv,ref_divergence	0	0	1	0	1		liftoff_only	lean	2	1	0	0	1	gene-LOC120032464	1		0	
gene-LOC120032471	LOC120032471	forkhead box protein D3-B-like	protein_coding	NC_052345.1	5029798	5030802	5	B	2	cnv,ref_divergence	0	0	1	0	1		liftoff_only	siscowet	1	2	0	0	1	gene-LOC120032471	1		0	
gene-LOC120032483	LOC120032483	bestrophin-2-like	protein_coding	NC_052345.1	6817107	6823648	1	B	2	ecotype_only_corroborated,ref_divergence	0	1	0	0	1		corroborated	siscowet			1	0	2	gene-LOC120032483	1		0	
gene-LOC120032487	LOC120032487	B-cell lymphoma/leukemia 11A-like	protein_coding	NC_052345.1	7767536	7853286	5	B	2	ecotype_only_corroborated,ref_divergence	0	1	0	0	1		corroborated	lean			1	0	2	gene-LOC120032487	1		0	
gene-LOC120032489	LOC120032489	inactive phospholipase D5-like	protein_coding	NC_052345.1	8019681	8036909	1	B	2	ecotype_only_corroborated,ref_divergence	0	1	0	0	1		corroborated	siscowet			1	0	2	gene-LOC120032489	1		0	
gene-LOC120032491	LOC120032491	girdin-like	protein_coding	NC_052345.1	8039739	8067183	6	B	2	ecotype_only_corroborated,ref_divergence	0	1	0	0	1		corroborated	siscowet			1	0	2	gene-LOC120032491	1		0	
gene-LOC120032493	LOC120032493	inositol 1,4,5-trisphosphate receptor-interacting protein-like	protein_coding	NC_052345.1	8105697	8108534	1	B	2	ecotype_only_corroborated,ref_divergence	0	1	0	0	1		corroborated	siscowet			1	0	2	gene-LOC120032493	1		0	
gene-LOC120032497	LOC120032497	germ cell-specific gene 1-like protein	protein_coding	NC_052345.1	8856649	8869852	1	B	2	ecotype_only_corroborated,ref_divergence	0	1	0	0	1		corroborated	siscowet			1	0	2	gene-LOC120032497	1		0	
gene-LOC120032499	LOC120032499	SWI/SNF-related matrix-associated actin-dependent regulator of chromatin subfamily E member 1-like	protein_coding	NC_052345.1	14685352	14694318	4	B	2	ecotype_only_corroborated,ref_divergence	0	1	0	0	1		corroborated	siscowet			1	0	2	gene-LOC120032499	1		0	
gene-LOC120032502	LOC120032502	regulatory-associated protein of mTOR-like	protein_coding	NC_052345.1	15094173	15272486	10	B	2	ecotype_only_corroborated,ref_divergence	0	1	0	0	1		corroborated	siscowet			1	0	2	gene-LOC120032502	1		0	
gene-LOC120032506	LOC120032506	puromycin-sensitive aminopeptidase-like	protein_coding	NC_052345.1	14258961	14277663	6	B	2	ecotype_only_corroborated,ref_divergence	0	1	0	0	1		corroborated	siscowet			1	0	2	gene-LOC120032506	1		0	
gene-LOC120032507	LOC120032507	cytosolic purine 5'-nucleotidase-like	protein_coding	NC_052345.1	8371407	8404644	1	B	2	ecotype_only_corroborated,ref_divergence	0	1	0	0	1		corroborated	siscowet			1	0	2	gene-LOC120032507	1		0	
gene-LOC120032511	LOC120032511	aftiphilin-like	protein_coding	NC_052345.1	18051973	18066827	4	B	2	ecotype_only_corroborated,ref_divergence	0	1	0	0	1		corroborated	lean			1	0	2	gene-LOC120032511	1		0	
gene-LOC120032514	LOC120032514	trafficking kinesin-binding protein 1-like	protein_coding	NC_052345.1	14349974	14390239	5	B	2	ecotype_only_corroborated,ref_divergence	0	1	0	0	1		corroborated	siscowet			1	0	2	gene-LOC120032514	1		0	
gene-LOC120032516	LOC120032516	patatin-like phospholipase domain-containing protein 6	protein_coding	NC_052345.1	11792293	11823143	3	B	2	ecotype_only_corroborated,ref_divergence	0	1	0	0	1		corroborated	siscowet			1	0	2	gene-LOC120032516	1		0	
gene-LOC120032517	LOC120032517	CB1 cannabinoid receptor-interacting protein 1-like	protein_coding	NC_052345.1	18264281	18265633	3	B	2	ecotype_only_corroborated,ref_divergence	0	1	0	0	1		corroborated	lean			1	0	2	gene-LOC120032517	1		0	
gene-LOC120032520	LOC120032520	venom factor-like	protein_coding	NC_052345.1	4574292	4605307	4	B	2	ecotype_only_corroborated,ref_divergence	0	1	0	0	1		corroborated	lean			1	0	2	gene-LOC120032520	1		0	
gene-LOC120032521	LOC120032521	complement C3-like	protein_coding	NC_052345.1	4801550	4830557	4	B	2	ecotype_only_corroborated,ref_divergence	0	1	0	0	1		corroborated	siscowet			1	0	2	gene-LOC120032521	1		0	
gene-LOC120032522	LOC120032522	dnaJ homolog subfamily A member 3, mitochondrial-like	protein_coding	NC_052345.1	4722242	4730771	9	B	2	ecotype_only_corroborated,ref_divergence	0	1	0	0	1		corroborated	siscowet			1	0	2	gene-LOC120032522	1		0	
gene-LOC120032524	LOC120032524	coiled-coil domain-containing protein 130 homolog	protein_coding	NC_052345.1	4605651	4610846	3	B	2	ecotype_only_corroborated,ref_divergence	0	1	0	0	1		corroborated	lean			1	0	2	gene-LOC120032524	1		0	
gene-LOC120032526	LOC120032526	platelet-derived growth factor subunit A-like	protein_coding	NC_052345.1	4550884	4560319	11	B	2	ecotype_only_corroborated,ref_divergence	0	1	0	0	1		corroborated	lean			1	0	2	gene-LOC120032526	1		0	
gene-LOC120032527	LOC120032527	platelet-derived growth factor subunit A-like	protein_coding	NC_052345.1	4776752	4786048	11	B	2	ecotype_only_corroborated,ref_divergence	0	1	0	0	1		corroborated	siscowet			1	0	2	gene-LOC120032527	1		0	
gene-LOC120032528	LOC120032528	protein Asterix	protein_coding	NC_052345.1	4622181	4624932	3	B	2	ecotype_only_corroborated,ref_divergence	0	1	0	0	1		corroborated	siscowet			1	0	2	gene-LOC120032528	1		0	
gene-LOC120032535	LOC120032535	protein tyrosine phosphatase type IVA 1	protein_coding	NC_052345.1	14100999	14104975	3	B	2	ecotype_only_corroborated,ref_divergence	0	1	0	0	1		corroborated	siscowet			1	0	2	gene-LOC120032535	1		0	
gene-LOC120032539	LOC120032539	transcription factor AP-4-like	protein_coding	NC_052345.1	4193528	4202904	5	B	2	cnv,ref_divergence	0	0	1	0	1		liftoff_only	lean	2	1	0	0	1	gene-LOC120032539	1		0	
gene-LOC120032554	LOC120032554	piggyBac transposable element-derived protein 4-like	protein_coding	NC_052345.1	20550894	20551610	0	B	2	cnv,ref_divergence	0	0	1	0	1		liftoff_only	lean	2	1	0	0	1	gene-LOC120032554	1		0	
gene-LOC120032563	LOC120032563	rho GDP-dissociation inhibitor 1-like	protein_coding	NC_052345.1	15020894	15040309	6	B	2	ecotype_only_corroborated,ref_divergence	0	1	0	0	1		corroborated	siscowet			1	0	2	gene-LOC120032563	1		0	
gene-LOC120032568	LOC120032568	multidrug resistance-associated protein 7-like	protein_coding	NC_052345.1	14178551	14194097	5	B	2	ecotype_only_corroborated,ref_divergence	0	1	0	0	1		corroborated	siscowet			1	0	2	gene-LOC120032568	1		0	
gene-LOC120032570	LOC120032570	methyltransferase-like 26	protein_coding	NC_052345.1	8079659	8082029	0	B	2	ecotype_only_corroborated,ref_divergence	0	1	0	0	1		corroborated	siscowet			1	0	2	gene-LOC120032570	1		0	
gene-LOC120032572	LOC120032572	syntaxin-8-like	protein_coding	NC_052345.1	12357059	12403335	7	B	2	ecotype_only_corroborated,ref_divergence	0	1	0	0	1		corroborated	siscowet			1	0	2	gene-LOC120032572	1		0	
gene-LOC120032585	LOC120032585	actin-related protein 2-A-like	protein_coding	NC_052345.1	18098860	18116620	4	B	2	ecotype_only_corroborated,ref_divergence	0	1	0	0	1		corroborated	lean			1	0	2	gene-LOC120032585	1		0	
gene-LOC120032586	LOC120032586	protrudin-like	protein_coding	NC_052345.1	657940	669367	10	B	2	ecotype_only_corroborated,ref_divergence	0	1	0	0	1		corroborated	lean			1	0	2	gene-LOC120032586	1		0	
gene-LOC120032589	LOC120032589	junction plakoglobin-like	protein_coding	NC_052345.1	14316217	14343609	8	B	2	ecotype_only_corroborated,ref_divergence	0	1	0	0	1		corroborated	siscowet			1	0	2	gene-LOC120032589	1		0	
gene-LOC120032593	LOC120032593	protein Asterix	protein_coding	NC_052345.1	4849309	4852342	3	B	2	ecotype_only_corroborated,ref_divergence	0	1	0	0	1		corroborated	lean			1	0	2	gene-LOC120032593	1		0	
gene-LOC120032596	LOC120032596	WW domain binding protein 1-like	protein_coding	NC_052345.1	8262395	8280178	0	B	2	ecotype_only_corroborated,ref_divergence	0	1	0	0	1		corroborated	siscowet			1	0	2	gene-LOC120032596	1		0	
gene-LOC120032597	LOC120032597	WAS/WASL-interacting protein family member 2-like	protein_coding	NC_052345.1	14283603	14298852	1	B	2	ecotype_only_corroborated,ref_divergence	0	1	0	0	1		corroborated	siscowet			1	0	2	gene-LOC120032597	1		0	
gene-LOC120032598	LOC120032598	transcription activator BRG1	protein_coding	NC_052345.1	5214371	5242116	7	B	2	cnv,ref_divergence	0	0	1	0	1		liftoff_only	siscowet	1	2	0	0	1	gene-LOC120032598	1		0	
gene-LOC120032604	LOC120032604	neuronal pentraxin-1-like	protein_coding	NC_052345.1	15291320	15296197	0	B	2	ecotype_only_corroborated,ref_divergence	0	1	0	0	1		corroborated	siscowet			1	0	2	gene-LOC120032604	1		0	
gene-LOC120032606	LOC120032606	myosin-9-like	protein_coding	NC_052345.1	11828743	11855419	4	B	2	ecotype_only_corroborated,ref_divergence	0	1	0	0	1		corroborated	siscowet			1	0	2	gene-LOC120032606	1		0	
gene-LOC120032607	LOC120032607	cholecystokinin-like	protein_coding	NC_052345.1	14390523	14391015	5	B	2	ecotype_only_corroborated,ref_divergence	0	1	0	0	1		corroborated	siscowet			1	0	2	gene-LOC120032607	1		0	
gene-LOC120032609	LOC120032609	THO complex subunit 4-like	protein_coding	NC_052345.1	15041298	15044140	3	B	2	ecotype_only_corroborated,ref_divergence	0	1	0	0	1		corroborated	siscowet			1	0	2	gene-LOC120032609	1		0	
gene-LOC120032610	LOC120032610	anaphase-promoting complex subunit 11	protein_coding	NC_052345.1	15043439	15046978	8	B	2	ecotype_only_corroborated,ref_divergence	0	1	0	0	1		corroborated	siscowet			1	0	2	gene-LOC120032610	1		0	
gene-LOC120032611	LOC120032611	cytoplasmic phosphatidylinositol transfer protein 1-like	protein_coding	NC_052345.1	17392766	17471557	4	B	2	ecotype_only_corroborated,ref_divergence	0	1	0	0	1		corroborated	lean			1	0	2	gene-LOC120032611	1		0	
gene-LOC120032617	LOC120032617	complement C3-like	protein_coding	NC_052345.1	18564258	18608932	4	B	2	ecotype_only_corroborated,ref_divergence	0	1	0	0	1		corroborated	siscowet			1	0	2	gene-LOC120032617	1		0	
gene-LOC120032623	LOC120032623	protein CutA homolog	protein_coding	NC_052345.1	470852	473466	2	B	2	cnv,ref_divergence	0	0	1	0	1		liftoff_only	siscowet	1	2	0	0	1	gene-LOC120032623	1		0	
gene-LOC120032625	LOC120032625	ubinuclein-2-like	protein_coding	NC_052345.1	11942190	11950927	1	B	2	ecotype_only_corroborated,ref_divergence	0	1	0	0	1		corroborated	siscowet			1	0	2	gene-LOC120032641	2		0	
gene-LOC120032627	LOC120032627	protein disulfide-isomerase-like	protein_coding	NC_052345.1	15051381	15066988	4	B	2	ecotype_only_corroborated,ref_divergence	0	1	0	0	1		corroborated	siscowet			1	0	2	gene-LOC120032627	1		0	
gene-LOC120032632	LOC120032632	YLP motif-containing protein 1-like	protein_coding	NC_052345.1	14837422	14844485	6	B	2	ecotype_only_corroborated,ref_divergence	0	1	0	0	1		corroborated	siscowet			1	0	2	gene-LOC120032632	1		0	
gene-LOC120032634	LOC120032634	phosphatidylinositol 5-phosphate 4-kinase type-2 beta-like	protein_coding	NC_052345.1	14785670	14796924	2	B	2	ecotype_only_corroborated,ref_divergence	0	1	0	0	1		corroborated	siscowet			1	0	2	gene-LOC120032634	1		0	
gene-LOC120032635	LOC120032635	proteasome subunit beta type-3	protein_coding	NC_052345.1	14797270	14799215	3	B	2	ecotype_only_corroborated,ref_divergence	0	1	0	0	1		corroborated	siscowet			1	0	2	gene-LOC120032635	1		0	
gene-LOC120032639	LOC120032639	aprataxin and PNK-like factor	protein_coding	NC_052345.1	18270315	18284199	5	B	2	ecotype_only_corroborated,ref_divergence	0	1	0	0	1		corroborated	lean			1	0	2	gene-LOC120032639	1		0	
gene-LOC120032641	LOC120032641	ubinuclein-2-like	protein_coding	NC_052345.1	11887288	11903119	1	B	2	ecotype_only_corroborated,ref_divergence	0	1	0	0	1		corroborated	siscowet			1	0	2	gene-LOC120032641	2		0	
gene-LOC120032652	LOC120032652	ewing's tumor-associated antigen 1-like	protein_coding	NC_052345.1	18237804	18241617	0	B	2	ecotype_only_corroborated,ref_divergence	0	1	0	0	1		corroborated	lean			1	0	2	gene-LOC120032652	1		0	
gene-LOC120032655	LOC120032655	interferon regulatory factor 2-binding protein 2-B-like	protein_coding	NC_052345.1	18750279	18752891	3	B	2	ecotype_only_corroborated,ref_divergence	0	1	0	0	1		corroborated	siscowet			1	0	2	gene-LOC120032655	1		0	
gene-LOC120032664	LOC120032664	protein kinase C alpha type-like	protein_coding	NC_052345.1	16979022	17210871	4	B	2	ecotype_only_corroborated,ref_divergence	0	1	0	0	1		corroborated	lean			1	0	2	gene-LOC120032664	1		0	
gene-LOC120032669	LOC120032669	alpha-internexin-like	protein_coding	NC_052345.1	8407773	8414007	5	B	2	ecotype_only_corroborated,ref_divergence	0	1	0	0	1		corroborated	siscowet			1	0	2	gene-LOC120032669	1		0	
gene-LOC120032670	LOC120032670	heat shock protein beta-1-like	protein_coding	NC_052309.1	54877668	54883479	3	B	2	cnv,ref_divergence	0	0	1	0	1		liftoff_only	siscowet	1	2	0	0	1	gene-LOC120032670	1		0	
gene-LOC120032678	LOC120032678	myosin-10-like	protein_coding	NC_052345.1	11906133	11942190	4	B	2	ecotype_only_corroborated,ref_divergence	0	1	0	0	1		corroborated	siscowet			1	0	2	gene-LOC120032678	4		0	
gene-LOC120032682	LOC120032682	myosin-10-like	protein_coding	NC_052345.1	12003246	12034900	4	B	2	ecotype_only_corroborated,ref_divergence	0	1	0	0	1		corroborated	siscowet			1	0	2	gene-LOC120032678	4		0	
gene-LOC120032686	LOC120032686	TBC1 domain family member 24-like	protein_coding	NC_052345.1	12404883	12409380	0	B	2	ecotype_only_corroborated,ref_divergence	0	1	0	0	1		corroborated	siscowet			1	0	2	gene-LOC120032686	1		0	
gene-LOC120032687	LOC120032687	cilia- and flagella-associated protein 52-like	protein_coding	NC_052345.1	12414752	12427704	2	B	2	ecotype_only_corroborated,ref_divergence	0	1	0	0	1		corroborated	siscowet			1	0	2	gene-LOC120032687	1		0	
gene-LOC120032699	LOC120032699	small integral membrane protein 28-like	protein_coding	NC_052345.1	13869899	13871471	0	B	2	ecotype_only_corroborated,ref_divergence	0	1	0	0	1		corroborated	siscowet			1	0	2	gene-LOC120032699	1		0	
gene-LOC120032708	LOC120032708	lengsin-like	protein_coding	NC_052345.1	14081424	14083752	5	B	2	ecotype_only_corroborated,ref_divergence	0	1	0	0	1		corroborated	siscowet			1	0	2	gene-LOC120032708	1		0	
gene-LOC120032709	LOC120032709	zona pellucida sperm-binding protein 3-like	protein_coding	NC_052345.1	14090956	14096344	5	B	2	ecotype_only_corroborated,ref_divergence	0	1	0	0	1		corroborated	siscowet			1	0	2	gene-LOC120032709	1		0	
gene-LOC120032716	LOC120032716	tensin-4-like	protein_coding	NC_052345.1	14490727	14492096	0	B	2	ecotype_only_corroborated,ref_divergence	0	1	0	0	1		corroborated	siscowet			1	0	2	gene-LOC120032716	1		0	
gene-LOC120032721	LOC120032721	protein AF-17-like	protein_coding	NC_052345.1	14738641	14759820	4	B	2	ecotype_only_corroborated,ref_divergence	0	1	0	0	1		corroborated	siscowet			1	0	2	gene-LOC120032721	1		0	
gene-LOC120032722	LOC120032722	protein AF-17-like	protein_coding	NC_052345.1	14760010	14762471	0	B	2	ecotype_only_corroborated,ref_divergence	0	1	0	0	1		corroborated	siscowet			1	0	2	gene-LOC120032722	1		0	
gene-LOC120032723	LOC120032723	transcription factor Sp6-like	protein_coding	NC_052345.1	14809939	14810856	3	B	2	ecotype_only_corroborated,ref_divergence	0	1	0	0	1		corroborated	siscowet			1	0	2	gene-LOC120032723	1		0	
gene-LOC120032724	LOC120032724	gamma-crystallin M2-like	protein_coding	NC_052345.1	14827027	14827962	3	B	2	ecotype_only_corroborated,ref_divergence	0	1	0	0	1		corroborated	siscowet			1	0	2	gene-LOC120032724	1		0	
gene-LOC120032764	LOC120032764	potassium voltage-gated channel subfamily H member 1-like	protein_coding	NC_052345.1	22344786	22393701	4	B	2	cnv,ref_divergence	0	0	1	0	1		liftoff_only	siscowet	1	2	0	0	1	gene-LOC120032764	1		0	
gene-LOC120032768	LOC120032768	apoptosis-stimulating of p53 protein 2-like	protein_coding	NC_052345.1	23249175	23270031	4	B	2	cnv,ref_divergence	0	0	1	0	1		liftoff_only	siscowet	1	2	0	0	1	gene-LOC120032768	1		0	
gene-LOC120032779	LOC120032779	ferritin, middle subunit-like	protein_coding	NC_052309.1	55992810	55994680	6	B	2	cnv,ref_divergence	0	0	1	0	1		liftoff_only	siscowet	1	2	0	0	1	gene-LOC120032769	4		0	
gene-LOC120032786	LOC120032786	high choriolytic enzyme 1-like	protein_coding	NC_052345.1	6005019	6005828	3	B	2	cnv,ref_divergence	0	0	1	0	1		liftoff_only	lean	2	1	0	0	1	gene-LOC120032786	1		0	
gene-LOC120032794	LOC120032794	hydrolethalus syndrome protein 1 homolog	protein_coding	NC_052345.1	14122653	14129871	3	B	2	ecotype_only_corroborated,ref_divergence	0	1	0	0	1		corroborated	siscowet			1	0	2	gene-LOC120032794	1		0	
gene-LOC120032797	LOC120032797	SERTA domain-containing protein 2-like	protein_coding	NC_052345.1	18070780	18081043	2	B	2	ecotype_only_corroborated,ref_divergence	0	1	0	0	1		corroborated	lean			1	0	2	gene-LOC120032797	1		0	
gene-LOC120032798	LOC120032798	serine/arginine-rich splicing factor 7-like	protein_coding	NC_052345.1	22852387	22865661	4	B	2	cnv,ref_divergence	0	0	1	0	1		liftoff_only	siscowet	1	2	0	0	1	gene-LOC120032798	1		0	
gene-LOC120032805	LOC120032805	polycomb complex protein BMI-1-like	protein_coding	NC_052345.1	14779444	14785068	4	B	2	ecotype_only_corroborated,ref_divergence	0	1	0	0	1		corroborated	siscowet			1	0	2	gene-LOC120032805	1		0	
gene-LOC120032819	LOC120032819	DNA-directed RNA polymerase III subunit RPC6	protein_coding	NC_052345.1	23300882	23309706	2	B	2	cnv,ref_divergence	0	0	1	0	1		liftoff_only	siscowet	1	2	0	0	1	gene-LOC120032819	1		0	
gene-LOC120032822	LOC120032822	ectonucleoside triphosphate diphosphohydrolase 7-like	protein_coding	NC_052345.1	3122367	3137947	3	B	2	ecotype_only_corroborated,ref_divergence	0	1	0	0	1		corroborated	siscowet			1	0	2	gene-LOC120032822	1		0	
gene-LOC120032824	LOC120032824	aspartate aminotransferase, cytoplasmic-like	protein_coding	NC_052345.1	3027466	3038925	4	B	2	ecotype_only_corroborated,ref_divergence	0	1	0	0	1		corroborated	siscowet			1	0	2	gene-LOC120032824	1		0	
gene-LOC120032827	LOC120032827	mitoferrin-2-like	protein_coding	NC_052345.1	2955976	3207154	3	B	2	ecotype_only_corroborated,ref_divergence	0	1	0	0	1		corroborated	siscowet			1	1	3	gene-LOC120032827	2		0	0
gene-LOC120032835	LOC120032835	protein DPCD-like	protein_coding	NC_052345.1	8250964	8253230	0	B	2	ecotype_only_corroborated,ref_divergence	0	1	0	0	1		corroborated	siscowet			1	0	2	gene-LOC120032835	1		0	
gene-LOC120032839	LOC120032839	F-box only protein 48-like	protein_coding	NC_052345.1	18268515	18270084	3	B	2	ecotype_only_corroborated,ref_divergence	0	1	0	0	1		corroborated	lean			1	0	2	gene-LOC120032839	1		0	
gene-LOC120032847	LOC120032847	serine/threonine-protein kinase TAO2-like	protein_coding	NC_052309.1	56205099	56242221	3	B	2	ecotype_only_corroborated,ref_divergence	0	1	0	0	1		corroborated	siscowet			1	0	2	gene-LOC120032847	2		0	
gene-LOC120032855	LOC120032855	beta-1,3-galactosyltransferase 2-like	protein_coding	NC_052345.1	4274224	4277399	3	B	2	cnv,ref_divergence	0	0	1	0	1		liftoff_only	siscowet	1	3	0	0	1	gene-LOC120032466	2		0	
gene-LOC120032856	LOC120032856	nuclear factor 1-like	protein_coding	NC_052345.1	6170303	6230266	4	B	2	ecotype_only_corroborated,ref_divergence	0	1	0	0	1		corroborated	siscowet			1	0	2	gene-LOC120032856	1		0	
gene-LOC120032866	LOC120032866	insulin-like growth factor-binding protein 4	protein_coding	NC_052345.1	14699641	14716028	5	B	2	ecotype_only_corroborated,ref_divergence	0	1	0	0	1		corroborated	siscowet			1	0	2	gene-LOC120032866	1		0	
gene-LOC120032870	LOC120032870	metal transporter CNNM2-like	protein_coding	NC_052345.1	8295257	8365874	4	B	2	ecotype_only_corroborated,ref_divergence	0	1	0	0	1		corroborated	siscowet			1	0	2	gene-LOC120032870	1		0	
gene-LOC120032876	LOC120032876	suppressor of cytokine signaling 7-like	protein_coding	NC_052345.1	14222119	14229176	4	B	2	ecotype_only_corroborated,ref_divergence	0	1	0	0	1		corroborated	siscowet			1	0	2	gene-LOC120032876	1		0	
gene-LOC120032883	LOC120032883	netrin-1	protein_coding	NC_052345.1	12269716	12356609	1	B	2	ecotype_only_corroborated,ref_divergence	0	1	0	0	1		corroborated	siscowet			1	0	2	gene-LOC120032883	1		0	
gene-LOC120032885	LOC120032885	vitamin D(3) 25-hydroxylase-like	protein_coding	NC_052345.1	18477874	18483609	7	B	2	cnv,ref_divergence	0	0	1	0	1		liftoff_only	siscowet	1	2	0	0	1	gene-LOC120032885	1		0	
gene-LOC120032886	LOC120032886	secernin-2-like	protein_coding	NC_052345.1	14829538	14835867	3	B	2	ecotype_only_corroborated,ref_divergence	0	1	0	0	1		corroborated	siscowet			1	0	2	gene-LOC120032886	1		0	
gene-LOC120032888	LOC120032888	mitochondrial import receptor subunit TOM20 homolog	protein_coding	NC_052345.1	18641403	18647064	7	B	2	ecotype_only_corroborated,ref_divergence	0	1	0	0	1		corroborated	siscowet			1	0	2	gene-LOC120032888	1		0	
gene-LOC120032889	LOC120032889	protein Hook homolog 2-like	protein_coding	NC_052345.1	6815538	6816658	2	B	2	ecotype_only_corroborated,ref_divergence	0	1	0	0	1		corroborated	siscowet			1	0	2	gene-LOC120032889	1		0	
gene-LOC120032897	LOC120032897	ras-related protein ORAB-1-like	protein_coding	NC_052345.1	18090675	18093550	2	B	2	ecotype_only_corroborated,ref_divergence	0	1	0	0	1		corroborated	lean			1	0	2	gene-LOC120032897	1		0	
gene-LOC120032906	LOC120032906	protein phosphatase 1 regulatory subunit 27-like	protein_coding	NC_052345.1	15048271	15050535	1	B	2	ecotype_only_corroborated,ref_divergence	0	1	0	0	1		corroborated	siscowet			1	0	2	gene-LOC120032941	2		0	
gene-LOC120032907	LOC120032907	pre-mRNA-splicing factor CWC25 homolog	protein_coding	NC_052345.1	14799419	14803537	2	B	2	ecotype_only_corroborated,ref_divergence	0	1	0	0	1		corroborated	siscowet			1	0	2	gene-LOC120032907	1		0	
gene-LOC120032913	LOC120032913	sprouty-related, EVH1 domain-containing protein 2-like	protein_coding	NC_052345.1	18132358	18160431	4	B	2	ecotype_only_corroborated,ref_divergence	0	1	0	0	1		corroborated	lean			1	0	2	gene-LOC120032913	1		0	
gene-LOC120032915	LOC120032915	coiled-coil domain-containing protein 130 homolog	protein_coding	NC_052345.1	4832470	4837735	3	B	2	ecotype_only_corroborated,ref_divergence	0	1	0	0	1		corroborated	siscowet			1	0	2	gene-LOC120032915	1		0	
gene-LOC120032924	LOC120032924	fibroblast growth factor 8b-like	protein_coding	NC_052345.1	8243327	8248497	15	B	2	ecotype_only_corroborated,ref_divergence	0	1	0	0	1		corroborated	siscowet			1	0	2	gene-LOC120032924	1		0	
gene-LOC120032926	LOC120032926	transmembrane protease serine 6-like	protein_coding	NC_052345.1	3511233	3529201	3	B	2	ecotype_only_corroborated,ref_divergence	0	1	0	0	1		corroborated	lean			1	0	2	gene-LOC120032926	1		0	
gene-LOC120032927	LOC120032927	transmembrane protease serine 6-like	protein_coding	NC_052345.1	3593533	3612388	3	B	2	ecotype_only_corroborated,ref_divergence	0	1	0	0	1		corroborated	siscowet			1	0	2	gene-LOC120032927	1		0	
gene-LOC120032932	LOC120032932	REST corepressor 3-like	protein_coding	NC_052345.1	22323516	22342232	6	B	2	cnv,ref_divergence	0	0	1	0	1		liftoff_only	siscowet	1	2	0	0	1	gene-LOC120032932	1		0	
gene-LOC120032941	LOC120032941	protein phosphatase 1 regulatory subunit 12C-like	protein_coding	NC_052345.1	15003752	15015907	5	B	2	ecotype_only_corroborated,ref_divergence	0	1	0	0	1		corroborated	siscowet			1	0	2	gene-LOC120032941	2		0	
gene-LOC120032946	LOC120032946	ras-related protein Rab-40C-like	protein_coding	NC_052345.1	8088064	8096241	7	B	2	ecotype_only_corroborated,ref_divergence	0	1	0	0	1		corroborated	siscowet			1	0	2	gene-LOC120032946	1		0	
gene-LOC120032951	LOC120032951	cell division control protein 6 homolog	protein_coding	NC_052345.1	14299424	14306972	7	B	2	ecotype_only_corroborated,ref_divergence	0	1	0	0	1		corroborated	siscowet			1	0	2	gene-LOC120032951	1		0	
gene-LOC120032954	LOC120032954	group XIIB secretory phospholipase A2-like protein	protein_coding	NC_052345.1	14886406	14889510	8	B	2	ecotype_only_corroborated,ref_divergence	0	1	0	0	1		corroborated	siscowet			1	0	2	gene-LOC120032954	1		0	
gene-LOC120032973	LOC120032973	integrin alpha-X-like	protein_coding	NC_052345.1	14901679	14933340	7	B	2	ecotype_only_corroborated,ref_divergence	0	1	0	0	1		corroborated	siscowet			1	0	2	gene-LOC120032973	1		0	
gene-LOC120032974	LOC120032974	phosphoinositide 3-kinase regulatory subunit 5-like	protein_coding	NC_052345.1	12238445	12263861	4	B	2	ecotype_only_corroborated,ref_divergence	0	1	0	0	1		corroborated	siscowet			1	0	2	gene-LOC120032684	2		0	
gene-LOC120032977	LOC120032977	homeobox protein MSH-C-like	protein_coding	NC_052345.1	11782594	11785023	5	B	2	ecotype_only_corroborated,ref_divergence	0	1	0	0	1		corroborated	siscowet			1	0	2	gene-LOC120032977	1		0	
gene-LOC120032978	LOC120032978	nidogen-1-like	protein_coding	NC_052345.1	18491731	18561273	2	B	2	ecotype_only_corroborated,ref_divergence	0	1	0	0	1		corroborated	siscowet			1	0	2	gene-LOC120032978	1		0	
gene-LOC120032980	LOC120032980	C-C chemokine receptor type 7-like	protein_coding	NC_052345.1	14674720	14679382	8	B	2	ecotype_only_corroborated,ref_divergence	0	1	0	0	1		corroborated	siscowet			1	0	2	gene-LOC120032980	1		0	
gene-LOC120032985	LOC120032985	cysteine-rich protein 2-binding protein-like	protein_coding	NC_052345.1	23318947	23326495	1	B	2	cnv,ref_divergence	0	0	1	0	1		liftoff_only	siscowet	1	2	0	0	1	gene-LOC120032985	1		0	
gene-LOC120032991	LOC120032991	transcription factor Sp2-like	protein_coding	NC_052345.1	14204365	14218216	3	B	2	ecotype_only_corroborated,ref_divergence	0	1	0	0	1		corroborated	siscowet			1	0	2	gene-LOC120032991	1		0	
gene-LOC120032996	LOC120032996	calcineurin subunit B type 1	protein_coding	NC_052345.1	18247849	18262909	2	B	2	ecotype_only_corroborated,ref_divergence	0	1	0	0	1		corroborated	lean			1	0	2	gene-LOC120032996	1		0	
gene-LOC120032998	LOC120032998	rab GTPase-binding effector protein 2-like	protein_coding	NC_052309.1	56654280	56665204	4	B	2	ecotype_only_corroborated,ref_divergence	0	1	0	0	1		corroborated	siscowet			1	0	2	gene-LOC120032998	1		0	
gene-LOC120033012	LOC120033012	arginine-hydroxylase NDUFAF5, mitochondrial-like	protein_coding	NC_052345.1	18369709	18380965	3	B	2	ecotype_only_corroborated,ref_divergence	0	1	0	0	1		corroborated	lean			1	0	2	gene-LOC120033012	1		0	
gene-LOC120033013	LOC120033013	interferon gamma receptor 1-like	protein_coding	NC_052345.1	13899597	13909033	1	B	2	ecotype_only_corroborated,ref_divergence	0	1	0	0	1		corroborated	siscowet			0	1	2	gene-LOC120033013	1		0	0
gene-LOC120033014	LOC120033014	homeobox protein Meis1	protein_coding	NC_052345.1	18183757	18220373	10	B	2	ecotype_only_corroborated,ref_divergence	0	1	0	0	1		corroborated	lean			1	0	2	gene-LOC120033014	1		0	
gene-LOC120033023	LOC120033023	coiled-coil domain-containing protein 85A-like	protein_coding	NC_052345.1	8889142	8892102	0	B	2	ecotype_only_corroborated,ref_divergence	0	1	0	0	1		corroborated	siscowet			1	0	2	gene-LOC120033023	1		0	
gene-LOC120033033	LOC120033033	B-cell receptor CD22-like	protein_coding	NC_052345.1	2491017	2493636	0	B	2	cnv,ref_divergence	0	0	1	0	1		liftoff_only	siscowet	1	3	0	0	1	gene-LOC120033033	1		0	
gene-LOC120033048	LOC120033048	GTPase IMAP family member 7	protein_coding	NC_052345.1	4986443	4990703	1	B	2	cnv,ref_divergence	0	0	1	0	1		liftoff_only	siscowet	1	2	0	0	1	gene-LOC120032470	2		0	
gene-LOC120033051	LOC120033051	TNF receptor-associated factor 5-like	protein_coding	NC_052345.1	22311981	22323077	10	B	2	cnv,ref_divergence	0	0	1	0	1		liftoff_only	siscowet	1	2	0	0	1	gene-LOC120033051	1		0	
gene-LOC120033055	LOC120033055	transmembrane channel-like protein 5	protein_coding	NC_052345.1	8831697	8855501	2	B	2	ecotype_only_corroborated,ref_divergence	0	1	0	0	1		corroborated	siscowet			1	0	2	gene-LOC120033055	1		0	
gene-LOC120033111	LOC120033111	SLIT and NTRK-like protein 6	protein_coding	NC_052346.1	10218077	10220656	5	B	2	ecotype_only_corroborated,ref_divergence	0	1	0	0	1		corroborated	siscowet			1	0	2	gene-LOC120033111	1		0	
gene-LOC120033112	LOC120033112	transmembrane 9 superfamily member 2-like	protein_coding	NC_052346.1	19672801	19697558	2	B	2	ecotype_only_corroborated,ref_divergence	0	1	0	0	1		corroborated	siscowet			1	0	2	gene-LOC120033137	2		0	
gene-LOC120033116	LOC120033116	nuclear receptor subfamily 4 group A member 2-like	protein_coding	NC_052346.1	18138579	18141346	10	B	2	ecotype_only_corroborated,ref_divergence	0	1	0	0	1		corroborated	lean			1	0	2	gene-LOC120033116	1		0	
gene-LOC120033137	LOC120033137	transmembrane 9 superfamily member 2-like	protein_coding	NC_052346.1	19622615	19658029	2	B	2	ecotype_only_corroborated,ref_divergence	0	1	0	0	1		corroborated	lean			1	0	2	gene-LOC120033137	2		0	
gene-LOC120033162	LOC120033162	protein phosphatase 1 regulatory subunit 1C-like	protein_coding	NC_052346.1	703251	733648	3	B	2	cnv,ref_divergence	0	0	1	0	1		liftoff_only	siscowet	1	2	0	0	1	gene-LOC120033162	1		0	
gene-LOC120033164	LOC120033164	integrin alpha-4-like	protein_coding	NC_052346.1	820493	841432	7	B	2	cnv,ref_divergence	0	0	1	0	1		liftoff_only	siscowet	1	2	0	0	1	gene-LOC120033570	2		0	
gene-LOC120033173	LOC120033173	neuropilin-2-like	protein_coding	NC_052346.1	3786533	3858655	6	B	2	ecotype_only_corroborated,ref_divergence	0	1	0	0	1		corroborated	siscowet			1	1	3	gene-LOC120033173	1		0	1
gene-LOC120033176	LOC120033176	ras-associated and pleckstrin homology domains-containing protein 1-like	protein_coding	NC_052346.1	4020693	4104567	3	B	2	ecotype_only_corroborated,ref_divergence	0	1	0	0	1		corroborated	siscowet			1	0	2	gene-LOC120033176	1		0	
gene-LOC120033184	LOC120033184	1-phosphatidylinositol 4,5-bisphosphate phosphodiesterase delta-4-like	protein_coding	NC_052346.1	6658401	6671357	4	B	2	ecotype_only_corroborated,ref_divergence	0	1	0	0	1		corroborated	siscowet			1	0	2	gene-LOC120033184	1		0	
gene-LOC120033188	LOC120033188	serine/threonine-protein phosphatase 4 catalytic subunit B	protein_coding	NC_052309.1	57386789	57400903	5	B	2	cnv,ref_divergence	0	0	1	0	1		liftoff_only	siscowet	1	2	0	0	1	gene-LOC120033188	1		0	
gene-LOC120033198	LOC120033198	opsin-3-like	protein_coding	NC_052346.1	8647313	8664269	5	B	2	cnv,ref_divergence	0	0	1	0	1		liftoff_only	siscowet	1	2	0	0	1	gene-LOC120033198	1		0	
gene-LOC120033199	LOC120033199	beta-galactoside alpha-2,6-sialyltransferase 2-like	protein_coding	NC_052346.1	8666312	8676767	2	B	2	cnv,ref_divergence	0	0	1	0	1		liftoff_only	siscowet	1	2	0	0	1	gene-LOC120033199	1		0	
gene-LOC120033210	LOC120033210	SLIT and NTRK-like protein 5	protein_coding	NC_052346.1	10358216	10360759	5	B	2	ecotype_only_corroborated,ref_divergence	0	1	0	0	1		corroborated	siscowet			1	0	2	gene-LOC120033210	1		0	
gene-LOC120033233	LOC120033233	SLIT and NTRK-like protein 3	protein_coding	NC_052346.1	12752693	12759460	6	B	2	ecotype_only_corroborated,ref_divergence	0	1	0	0	1		corroborated	siscowet			1	0	2	gene-LOC120033233	1		0	
gene-LOC120033237	LOC120033237	pericentrin-like	protein_coding	NC_052346.1	13084482	13116570	3	B	2	ecotype_only_corroborated,ref_divergence	0	1	0	0	1		corroborated	siscowet			1	0	2	gene-LOC120033237	1		0	
gene-LOC120033238	LOC120033238	otolith matrix protein 1-like	protein_coding	NC_052346.1	13415257	13421160	5	B	2	ecotype_only_corroborated,ref_divergence	0	1	0	0	1		corroborated	siscowet			1	0	2	gene-LOC120033238	1		0	
gene-LOC120033247	LOC120033247	excitatory amino acid transporter 5-like	protein_coding	NC_052346.1	13955217	13993034	5	B	2	ecotype_only_corroborated,ref_divergence	0	1	0	0	1		corroborated	lean			1	0	2	gene-LOC120033247	1		0	
gene-LOC120033248	LOC120033248	serine/threonine-protein phosphatase 2A regulatory subunit B'' subunit alpha-like	protein_coding	NC_052346.1	14236699	14238420	0	B	2	cnv,ref_divergence	0	0	1	0	1		liftoff_only	siscowet	1	2	0	0	1	gene-LOC120033582	2		0	
gene-LOC120033262	LOC120033262	fibroblast growth factor 14-like	protein_coding	NC_052346.1	15846691	15866485	11	B	2	cnv,ref_divergence	0	0	1	0	1		liftoff_only	lean	2	1	0	0	1	gene-LOC120033262	1		0	
gene-LOC120033295	LOC120033295	low-density lipoprotein receptor-related protein 1B-like	protein_coding	NC_052346.1	5697478	5864938	2	B	2	ecotype_only_corroborated,ref_divergence	0	1	0	0	1		corroborated	siscowet			1	0	2	gene-LOC120033295	1		0	
gene-LOC120033297	LOC120033297	eukaryotic translation initiation factor 5B-like	protein_coding	NC_052346.1	15087910	15107413	3	B	2	ecotype_only_corroborated,ref_divergence	0	1	0	0	1		corroborated	siscowet			1	0	2	gene-LOC120033297	1		0	
gene-LOC120033304	LOC120033304	phospholipase D1-like	protein_coding	NC_052346.1	14011950	14034882	6	B	2	ecotype_only_corroborated,ref_divergence	0	1	0	0	1		corroborated	siscowet			1	0	2	gene-LOC120033304	1		0	
gene-LOC120033335	LOC120033335	long-chain specific acyl-CoA dehydrogenase, mitochondrial-like	protein_coding	NC_052346.1	19483655	19490542	7	B	2	ecotype_only_corroborated,ref_divergence	0	1	0	0	1		corroborated	lean			1	0	2	gene-LOC120033335	1		0	
gene-LOC120033345	LOC120033345	vang-like protein 1	protein_coding	NC_052346.1	12338843	12404905	2	B	2	ecotype_only_corroborated,ref_divergence	0	1	0	0	1		corroborated	lean			1	0	2	gene-LOC120033345	1		0	
gene-LOC120033348	LOC120033348	male-specific lethal 3 homolog	protein_coding	NC_052346.1	11088880	11099530	8	B	2	ecotype_only_corroborated,ref_divergence	0	1	0	0	1		corroborated	siscowet			1	0	2	gene-LOC120033348	1		0	
gene-LOC120033373	LOC120033373	kynureninase-like	protein_coding	NC_052346.1	5639582	5650341	6	B	2	ecotype_only_corroborated,ref_divergence	0	1	0	0	1		corroborated	siscowet			1	0	2	gene-LOC120033373	1		0	
gene-LOC120033396	LOC120033396	inosine-uridine preferring nucleoside hydrolase-like	protein_coding	NC_052346.1	15144232	15149149	1	B	2	ecotype_only_corroborated,ref_divergence	0	1	0	0	1		corroborated	siscowet			1	0	2	gene-LOC120033396	1		0	
gene-LOC120033397	LOC120033397	protein unc-50 homolog	protein_coding	NC_052346.1	15139945	15144324	1	B	2	ecotype_only_corroborated,ref_divergence	0	1	0	0	1		corroborated	siscowet			1	0	2	gene-LOC120033397	1		0	
gene-LOC120033402	LOC120033402	lipoyltransferase 1, mitochondrial-like	protein_coding	NC_052346.1	15108609	15109915	4	B	2	ecotype_only_corroborated,ref_divergence	0	1	0	0	1		corroborated	siscowet			1	0	2	gene-LOC120033402	1		0	
gene-LOC120033431	LOC120033431	rho guanine nucleotide exchange factor 7-like	protein_coding	NC_052346.1	15058827	15086861	2	B	2	ecotype_only_corroborated,ref_divergence	0	1	0	0	1		corroborated	siscowet			1	0	2	gene-LOC120033431	1		0	
gene-LOC120033436	LOC120033436	aryl hydrocarbon receptor-like	protein_coding	NC_052346.1	6285783	6367457	6	B	2	ecotype_only_corroborated,ref_divergence	0	1	0	0	1		corroborated	siscowet			1	1	3	gene-LOC120033754	2		0	0
gene-LOC120033438	LOC120033438	C-X-C chemokine receptor type 1-like	protein_coding	NC_052346.1	19147619	19153235	5	B	2	ecotype_only_corroborated,ref_divergence	0	1	0	0	1		corroborated	lean			1	0	2	gene-LOC120033438	1		0	
gene-LOC120033440	LOC120033440	rho GTPase-activating protein 6-like	protein_coding	NC_052346.1	10991304	11085665	1	B	2	ecotype_only_corroborated,ref_divergence	0	1	0	0	1		corroborated	siscowet			1	0	2	gene-LOC120033440	1		0	
gene-LOC120033446	LOC120033446	E3 ubiquitin-protein ligase Midline-1-like	protein_coding	NC_052346.1	10884205	10909299	2	B	2	ecotype_only_corroborated,ref_divergence	0	1	0	0	1		corroborated	siscowet			1	0	2	gene-LOC120033446	1		0	
gene-LOC120033450	LOC120033450	mid1-interacting protein 1-B-like	protein_coding	NC_052346.1	19028904	19030691	2	B	2	ecotype_only_corroborated,ref_divergence	0	1	0	0	1		corroborated	siscowet			1	0	2	gene-LOC120033450	1		0	
gene-LOC120033453	LOC120033453	collagen alpha-1(XVIII) chain-like	protein_coding	NC_052346.1	15596690	15665759	0	B	2	ecotype_only_corroborated,ref_divergence	0	1	0	0	1		corroborated	siscowet			1	0	2	gene-LOC120033453	1		0	
gene-LOC120033459	LOC120033459	prolactin receptor-like	protein_coding	NC_052346.1	18889943	18899779	4	B	2	cnv,ref_divergence	0	0	1	0	1		liftoff_only	siscowet	1	2	0	0	1	gene-LOC120033459	1		0	
gene-LOC120033462	LOC120033462	protein unc-80 homolog	protein_coding	NC_052346.1	19266006	19365455	4	B	2	ecotype_only_corroborated,ref_divergence	0	1	0	0	1		corroborated	siscowet			1	0	2	gene-LOC120033462	1		0	
gene-LOC120033506	LOC120033506	testis-specific gene 10 protein-like	protein_coding	NC_052346.1	15111633	15119515	0	B	2	ecotype_only_corroborated,ref_divergence	0	1	0	0	1		corroborated	siscowet			1	0	2	gene-LOC120033506	1		0	
gene-LOC120033514	LOC120033514	mitochondrial pyruvate carrier 2-like	protein_coding	NC_052346.1	17521396	17526523	3	B	2	cnv,ref_divergence	0	0	1	0	1		liftoff_only	siscowet	1	2	0	0	1	gene-LOC120033623	2		0	
gene-LOC120033520	LOC120033520	UDP-glucose:glycoprotein glucosyltransferase 1-like	protein_coding	NC_052346.1	13299746	13312778	5	B	2	ecotype_only_corroborated,ref_divergence	0	1	0	0	1		corroborated	siscowet			1	0	2	gene-LOC120033520	1		0	
gene-LOC120033530	LOC120033530	transcription factor Sp3-like	protein_coding	NC_052346.1	13164394	13172254	3	B	2	ecotype_only_corroborated,ref_divergence	0	1	0	0	1		corroborated	siscowet			1	0	2	gene-LOC120033530	1		0	
gene-LOC120033533	LOC120033533	sentrin-specific protease 2-like	protein_coding	NC_052346.1	13120439	13126847	3	B	2	ecotype_only_corroborated,ref_divergence	0	1	0	0	1		corroborated	siscowet			1	0	2	gene-LOC120033533	1		0	
gene-LOC120033534	LOC120033534	inositol-3-phosphate synthase 1-A-like	protein_coding	NC_052346.1	12823235	12832515	4	B	2	ecotype_only_corroborated,ref_divergence	0	1	0	0	1		corroborated	siscowet			1	0	2	gene-LOC120033534	1		0	
gene-LOC120033541	LOC120033541	activin receptor type-1-like	protein_coding	NC_052346.1	13429592	13437989	11	B	2	ecotype_only_corroborated,ref_divergence	0	1	0	0	1		corroborated	siscowet			1	0	2	gene-LOC120033541	1		0	
gene-LOC120033543	LOC120033543	SH2 domain-containing adapter protein F-like	protein_coding	NC_052346.1	12938756	12943488	1	B	2	ecotype_only_corroborated,ref_divergence	0	1	0	0	1		corroborated	siscowet			1	0	2	gene-LOC120033543	1		0	
gene-LOC120033544	LOC120033544	heparan-sulfate 6-O-sulfotransferase 1-A-like	protein_coding	NC_052346.1	13317147	13361497	3	B	2	ecotype_only_corroborated,ref_divergence	0	1	0	0	1		corroborated	siscowet			1	0	2	gene-LOC120033544	1		0	
gene-LOC120033547	LOC120033547	obg-like ATPase 1	protein_coding	NC_052346.1	13172909	13183183	4	B	2	ecotype_only_corroborated,ref_divergence	0	1	0	0	1		corroborated	siscowet			1	0	2	gene-LOC120033547	1		0	
gene-LOC120033549	LOC120033549	guanine nucleotide-binding protein subunit alpha-11-like	protein_coding	NC_052346.1	12858548	12891559	8	B	2	ecotype_only_corroborated,ref_divergence	0	1	0	0	1		corroborated	siscowet			1	0	2	gene-LOC120033549	1		0	
gene-LOC120033550	LOC120033550	splicing factor YJU2-like	protein_coding	NC_052346.1	12947362	12952060	2	B	2	ecotype_only_corroborated,ref_divergence	0	1	0	0	1		corroborated	siscowet			1	0	2	gene-LOC120033550	1		0	
gene-LOC120033551	LOC120033551	transformer-2 protein homolog beta-like	protein_coding	NC_052346.1	13143562	13151508	3	B	2	ecotype_only_corroborated,ref_divergence	0	1	0	0	1		corroborated	siscowet			1	0	2	gene-LOC120033551	1		0	
gene-LOC120033554	LOC120033554	phospholipid phosphatase 2-like	protein_coding	NC_052346.1	12915470	12933242	4	B	2	ecotype_only_corroborated,ref_divergence	0	1	0	0	1		corroborated	siscowet			1	0	2	gene-LOC120033554	1		0	
gene-LOC120033559	LOC120033559	programmed cell death protein 10-B-like	protein_coding	NC_052346.1	12797658	12807360	5	B	2	ecotype_only_corroborated,ref_divergence	0	1	0	0	1		corroborated	siscowet			1	0	2	gene-LOC120033559	1		0	
gene-LOC120033560	LOC120033560	TLE family member 5-like	protein_coding	NC_052346.1	12896866	12910705	6	B	2	ecotype_only_corroborated,ref_divergence	0	1	0	0	1		corroborated	siscowet			1	0	2	gene-LOC120033560	1		0	
gene-LOC120033563	LOC120033563	small ubiquitin-related modifier 3	protein_coding	NC_052346.1	12643854	12646745	4	B	2	ecotype_only_corroborated,ref_divergence	0	1	0	0	1		corroborated	siscowet			1	0	2	gene-LOC120033563	1		0	
gene-LOC120033566	LOC120033566	pituitary tumor-transforming gene 1 protein-interacting protein-like	protein_coding	NC_052346.1	12649644	12655037	3	B	2	ecotype_only_corroborated,ref_divergence	0	1	0	0	1		corroborated	siscowet			1	0	2	gene-LOC120033566	1		0	
gene-LOC120033570	LOC120033570	integrin alpha-4-like	protein_coding	NC_052346.1	805920	820189	7	B	2	cnv,ref_divergence	0	0	1	0	1		liftoff_only	siscowet	1	2	0	0	1	gene-LOC120033570	2		0	
gene-LOC120033586	LOC120033586	POU domain, class 2, transcription factor 1-like	protein_coding	NC_052346.1	18843245	18857180	3	B	2	cnv,ref_divergence	0	0	1	0	1		liftoff_only	siscowet	1	2	0	1	1	gene-LOC120033586	1		0	0
gene-LOC120033621	LOC120033621	tubulin alpha chain-like	protein_coding	NC_052346.1	18260883	18268161	6	B	2	cnv,ref_divergence	0	0	1	0	1		liftoff_only	lean	2	1	0	0	1	gene-LOC120033621	1		0	
gene-LOC120033625	LOC120033625	gamma-aminobutyric acid receptor subunit beta-3-like	protein_coding	NC_052346.1	9507638	9532459	12	B	2	ecotype_only_corroborated,ref_divergence	0	1	0	0	1		corroborated	lean			0	1	2	gene-LOC120033207	3		0	0
gene-LOC120033695	LOC120033695	polyadenylate-binding protein 1-like	protein_coding	NC_052346.1	6345526	6347798	2	B	2	ecotype_only_corroborated,ref_divergence	0	1	0	0	1		corroborated	siscowet			0	1	2	gene-LOC120033695	1		0	0
gene-LOC120033703	LOC120033703	protein sprouty homolog 2-like	protein_coding	NC_052346.1	9602946	9606794	7	B	2	ecotype_only_corroborated,ref_divergence	0	1	0	0	1		corroborated	siscowet			1	0	2	gene-LOC120033703	1		0	
gene-LOC120033705	LOC120033705	tetraspanin-7-like	protein_coding	NC_052346.1	18995680	19026250	1	B	2	ecotype_only_corroborated,ref_divergence	0	1	0	0	1		corroborated	siscowet			1	0	2	gene-LOC120033705	1		0	
gene-LOC120033706	LOC120033706	capping protein inhibiting regulator of actin dynamics-like	protein_coding	NC_052346.1	15124218	15137539	0	B	2	ecotype_only_corroborated,ref_divergence	0	1	0	0	1		corroborated	siscowet			1	0	2	gene-LOC120033706	1		0	
gene-LOC120033716	LOC120033716	transmembrane protein 198-B-like	protein_coding	NC_052346.1	8104826	8110274	3	B	2	ecotype_only_corroborated,ref_divergence	0	1	0	0	1		corroborated	siscowet			1	0	2	gene-LOC120033716	1		0	
gene-LOC120033765	LOC120033765	X-linked retinitis pigmentosa GTPase regulator-like	protein_coding	NC_052346.1	18980263	18994271	5	B	2	ecotype_only_corroborated,ref_divergence	0	1	0	0	1		corroborated	siscowet			1	0	2	gene-LOC120033765	1		0	
gene-LOC120033767	LOC120033767	dynein light chain Tctex-type 3-like	protein_coding	NC_052346.1	18977142	18980070	5	B	2	ecotype_only_corroborated,ref_divergence	0	1	0	0	1		corroborated	siscowet			1	0	2	gene-LOC120033767	1		0	
gene-LOC120033907	LOC120033907	axin-1-like	protein_coding	NC_052347.1	8054794	8097733	1	B	2	ecotype_only_corroborated,ref_divergence	0	1	0	0	1		corroborated	lean			0	1	2	gene-LOC120033907	1		0	0
gene-LOC120033908	LOC120033908	protein tweety homolog 3-like	protein_coding	NC_052347.1	7456920	7521022	3	B	2	ecotype_only_corroborated,ref_divergence	0	1	0	0	1		corroborated	siscowet			1	0	2	gene-LOC120033908	1		0	
gene-LOC120033919	LOC120033919	importin subunit beta-1	protein_coding	NC_052347.1	4694715	4714751	6	B	2	ecotype_only_corroborated,ref_divergence	0	1	0	0	1		corroborated	siscowet			1	0	2	gene-LOC120033919	1		0	
gene-LOC120033924	LOC120033924	protein phosphatase 1 regulatory subunit 1B-like	protein_coding	NC_052347.1	5909151	5938865	3	B	2	ecotype_only_corroborated,ref_divergence	0	1	0	0	1		corroborated	lean			1	0	2	gene-LOC120033924	1		0	
gene-LOC120033926	LOC120033926	inactive phospholipase C-like protein 2	protein_coding	NC_052347.1	6216785	6312438	3	B	2	ecotype_only_corroborated,ref_divergence	0	1	0	0	1		corroborated	siscowet			1	0	2	gene-LOC120033926	1		0	
gene-LOC120033928	LOC120033928	ATP-citrate synthase	protein_coding	NC_052309.1	60689298	60719519	6	B	2	ecotype_only_corroborated,ref_divergence	0	1	0	0	1		corroborated	lean			1	0	2	gene-LOC120033928	1		0	
gene-LOC120033956	LOC120033956	sterile alpha motif domain-containing protein 14-like	protein_coding	NC_052347.1	4743829	4768341	8	B	2	ecotype_only_corroborated,ref_divergence	0	1	0	0	1		corroborated	siscowet			1	0	2	gene-LOC120033956	1		0	
gene-LOC120033963	LOC120033963	SH3 and cysteine-rich domain-containing protein 2-like	protein_coding	NC_052347.1	6055605	6068377	5	B	2	ecotype_only_corroborated,ref_divergence	0	1	0	0	1		corroborated	lean			1	0	2	gene-LOC120033963	1		0	
gene-LOC120033964	LOC120033964	P43 5S RNA-binding protein-like	protein_coding	NC_052347.1	6102814	6107465	1	B	2	ecotype_only_corroborated,ref_divergence	0	1	0	0	1		corroborated	lean			1	0	2	gene-LOC120033964	1		0	
gene-LOC120033966	LOC120033966	caveolae-associated protein 1-like	protein_coding	NC_052347.1	6439971	6470569	5	B	2	ecotype_only_corroborated,ref_divergence	0	1	0	0	1		corroborated	siscowet			1	0	2	gene-LOC120033966	1		0	
gene-LOC120033978	LOC120033978	sorting nexin-8-like	protein_coding	NC_052347.1	7520968	7536505	2	B	2	ecotype_only_corroborated,ref_divergence	0	1	0	0	1		corroborated	siscowet			1	0	2	gene-LOC120033978	1		0	
gene-LOC120033979	LOC120033979	protein ELFN1-like	protein_coding	NC_052347.1	7671034	7673421	2	B	2	ecotype_only_corroborated,ref_divergence	0	1	0	0	1		corroborated	siscowet			1	0	2	gene-LOC120033979	1		0	
gene-LOC120033985	LOC120033985	myoferlin-like	protein_coding	NC_052347.1	8938193	9005880	3	B	2	ecotype_only_corroborated,ref_divergence	0	1	0	0	1		corroborated	lean			1	0	2	gene-LOC120033985	1		0	
gene-LOC120034014	LOC120034014	growth arrest-specific protein 7-like	protein_coding	NC_052347.1	16790439	16826273	6	B	2	ecotype_only_corroborated,ref_divergence	0	1	0	0	1		corroborated	siscowet			1	0	2	gene-LOC120034014	1		0	
gene-LOC120034015	LOC120034015	germ cell-specific gene 1-like protein	protein_coding	NC_052347.1	16838135	16843896	1	B	2	ecotype_only_corroborated,ref_divergence	0	1	0	0	1		corroborated	siscowet			1	0	2	gene-LOC120034015	1		0	
gene-LOC120034016	LOC120034016	heparan sulfate glucosamine 3-O-sulfotransferase 6-like	protein_coding	NC_052347.1	16845058	16848705	1	B	2	ecotype_only_corroborated,ref_divergence	0	1	0	0	1		corroborated	siscowet			1	0	2	gene-LOC120034016	1		0	
gene-LOC120034026	LOC120034026	synaptotagmin-C-like	protein_coding	NC_052347.1	17736894	17775913	10	B	2	ecotype_only_corroborated,ref_divergence	0	1	0	0	1		corroborated	siscowet			1	0	2	gene-LOC120034026	1		0	
gene-LOC120034029	LOC120034029	protein phosphatase 1 regulatory subunit 29-like	protein_coding	NC_052347.1	18251749	18254857	2	B	2	ecotype_only_corroborated,ref_divergence	0	1	0	0	1		corroborated	siscowet			1	0	2	gene-LOC120034029	1		0	
gene-LOC120034030	LOC120034030	protein phosphatase 1 regulatory subunit 29-like	protein_coding	NC_052347.1	18380827	18383919	2	B	2	ecotype_only_corroborated,ref_divergence	0	1	0	0	1		corroborated	lean			1	0	2	gene-LOC120034030	1		0	
gene-LOC120034034	LOC120034034	cytohesin-3	protein_coding	NC_052347.1	11882643	11928093	2	B	2	ecotype_only_corroborated,ref_divergence	0	1	0	0	1		corroborated	siscowet			1	0	2	gene-LOC120034034	1		0	
gene-LOC120034039	LOC120034039	band 3 anion exchange protein	protein_coding	NC_052347.1	21099506	21111089	9	B	2	ecotype_only_corroborated,ref_divergence	0	1	0	0	1		corroborated	lean			1	0	2	gene-LOC120034039	1		0	
gene-LOC120034051	LOC120034051	7,8-dihydro-8-oxoguanine triphosphatase-like	protein_coding	NC_052347.1	7539443	7540380	2	B	2	ecotype_only_corroborated,ref_divergence	0	1	0	0	1		corroborated	siscowet			1	0	2	gene-LOC120034051	1		0	
gene-LOC120034052	LOC120034052	V-type proton ATPase 116 kDa subunit a1-like	protein_coding	NC_052347.1	6476150	6498049	7	B	2	ecotype_only_corroborated,ref_divergence	0	1	0	0	1		corroborated	siscowet			1	0	2	gene-LOC120034052	1		0	
gene-LOC120034058	LOC120034058	signal transducer and activator of transcription 5B-like	protein_coding	NC_052347.1	6317712	6405974	9	B	2	ecotype_only_corroborated,ref_divergence	0	1	0	0	1		corroborated	siscowet			1	0	2	gene-LOC120034058	2		0	
gene-LOC120034061	LOC120034061	suppressor of cytokine signaling 7-like	protein_coding	NC_052347.1	4716737	4731596	4	B	2	ecotype_only_corroborated,ref_divergence	0	1	0	0	1		corroborated	siscowet			1	0	2	gene-LOC120034061	1		0	
gene-LOC120034074	LOC120034074	nucleolar transcription factor 1-like	protein_coding	NC_052347.1	21079064	21099246	0	B	2	ecotype_only_corroborated,ref_divergence	0	1	0	0	1		corroborated	lean			1	0	2	gene-LOC120034074	1		0	
gene-LOC120034162	LOC120034162	migration and invasion enhancer 1-like	protein_coding	NC_052347.1	21116832	21119797	2	B	2	cnv,ref_divergence	0	0	1	0	1		liftoff_only	lean	2	1	0	0	1	gene-LOC120034162	1		0	
gene-LOC120034165	LOC120034165	xylosyltransferase 2-like	protein_coding	NC_052347.1	12834073	12847810	4	B	2	ecotype_only_corroborated,ref_divergence	0	1	0	0	1		corroborated	siscowet			1	0	2	gene-LOC120034165	1		0	
gene-LOC120034167	LOC120034167	homologous recombination OB-fold protein-like	protein_coding	NC_052347.1	21055118	21060883	1	B	2	ecotype_only_corroborated,ref_divergence	0	1	0	0	1		corroborated	lean			1	0	2	gene-LOC120034167	1		0	
gene-LOC120034172	LOC120034172	MBT domain-containing protein 1-like	protein_coding	NC_052347.1	4578296	4590038	4	B	2	ecotype_only_corroborated,ref_divergence	0	1	0	0	1		corroborated	siscowet			1	0	2	gene-LOC120034172	1		0	
gene-LOC120034173	LOC120034173	nucleoside diphosphate kinase A-like	protein_coding	NC_052347.1	4591186	4593827	5	B	2	ecotype_only_corroborated,ref_divergence	0	1	0	0	1		corroborated	siscowet			1	0	2	gene-LOC120034173	1		0	
gene-LOC120034187	LOC120034187	cell death-inducing p53-target protein 1-like	protein_coding	NC_052347.1	9324675	9337551	3	B	2	ecotype_only_corroborated,ref_divergence	0	1	0	0	1		corroborated	lean			1	0	2	gene-LOC120034187	1		0	
gene-LOC120034193	LOC120034193	Na(+)/H(+) exchange regulatory cofactor NHE-RF1-like	protein_coding	NC_052347.1	12772718	12806865	4	B	2	ecotype_only_corroborated,ref_divergence	0	1	0	0	1		corroborated	siscowet			1	0	2	gene-LOC120034193	1		0	
gene-LOC120034212	LOC120034212	dual specificity mitogen-activated protein kinase kinase 4-like	protein_coding	NC_052347.1	16742974	16762602	4	B	2	ecotype_only_corroborated,ref_divergence	0	1	0	0	1		corroborated	siscowet			1	0	2	gene-LOC120034212	1		0	
gene-LOC120034214	LOC120034214	serine/threonine-protein phosphatase alpha-2 isoform-like	protein_coding	NC_052347.1	21985545	22003912	3	B	2	ecotype_only_corroborated,ref_divergence	0	1	0	0	1		corroborated	siscowet			1	0	2	gene-LOC120034214	1		0	
gene-LOC120034227	LOC120034227	guanine nucleotide-binding protein G(I)/G(S)/G(O) subunit gamma-5-like	protein_coding	NC_052347.1	19264535	19268314	3	B	2	ecotype_only_corroborated,ref_divergence	0	1	0	0	1		corroborated	siscowet			1	0	2	gene-LOC120034227	1		0	
gene-LOC120034238	LOC120034238	speckle-type POZ protein-like	protein_coding	NC_052347.1	21355942	21463043	5	B	2	ecotype_only_corroborated,ref_divergence	0	1	0	0	1		corroborated	siscowet			1	0	2	gene-LOC120034238	1		0	
gene-LOC120034242	LOC120034242	protein SCO1 homolog, mitochondrial-like	protein_coding	NC_052347.1	16766221	16769019	1	B	2	ecotype_only_corroborated,ref_divergence	0	1	0	0	1		corroborated	siscowet			1	0	2	gene-LOC120034242	1		0	
gene-LOC120034244	LOC120034244	guanine nucleotide-binding protein G(I)/G(S)/G(O) subunit gamma-5-like	protein_coding	NC_052347.1	14556463	14560181	3	B	2	ecotype_only_corroborated,ref_divergence	0	1	0	0	1		corroborated	lean			1	0	2	gene-LOC120034244	1		0	
gene-LOC120034246	LOC120034246	ras-related protein Rab-37-like	protein_coding	NC_052347.1	12813410	12833704	7	B	2	ecotype_only_corroborated,ref_divergence	0	1	0	0	1		corroborated	siscowet			1	0	2	gene-LOC120034246	1		0	
gene-LOC120034268	LOC120034268		V_segment	NC_052347.1	19076250	19076799	0	B	2	ecotype_only_corroborated,ref_divergence	0	1	0	0	1		corroborated	siscowet			0	1	2	gene-LOC120034268	1		0	0
gene-LOC120034270	LOC120034270		V_segment	NC_052347.1	19234197	19235483	0	B	2	cnv,ref_divergence	0	0	1	0	1		liftoff_only	siscowet	1	2	0	0	1	gene-LOC120034270	1		0	
gene-LOC120034271	LOC120034271	voltage-dependent P/Q-type calcium channel subunit alpha-1A-like	protein_coding	NC_052347.1	19386906	19501159	6	B	2	ecotype_only_corroborated,ref_divergence	0	1	0	0	1		corroborated	lean			1	0	2	gene-LOC120034271	1		0	
gene-LOC120034275	LOC120034275	prostaglandin E2 receptor EP1 subtype-like	protein_coding	NC_052347.1	19782058	19783492	6	B	2	ecotype_only_corroborated,ref_divergence	0	1	0	0	1		corroborated	lean			1	0	2	gene-LOC120034275	1		0	
gene-LOC120034277	LOC120034277	zinc-binding protein A33-like	protein_coding	NC_052347.1	19796863	19802168	2	B	2	ecotype_only_corroborated,ref_divergence	0	1	0	0	1		corroborated	lean			1	0	2	gene-LOC120034277	1		0	
gene-LOC120034278	LOC120034278	phosphoinositide-interacting protein-like	protein_coding	NC_052347.1	19820382	19820774	0	B	2	cnv,ref_divergence	0	0	1	0	1		liftoff_only	lean	2	1	0	0	1	gene-LOC120034278	1		0	
gene-LOC120034286	LOC120034286	ankyrin repeat and SOCS box protein 16-like	protein_coding	NC_052347.1	21061652	21063760	4	B	2	ecotype_only_corroborated,ref_divergence	0	1	0	0	1		corroborated	lean			1	0	2	gene-LOC120034286	1		0	
gene-LOC120034288	LOC120034288	tumor necrosis factor receptor superfamily member 16-like	protein_coding	NC_052347.1	21147734	21184165	6	B	2	ecotype_only_corroborated,ref_divergence	0	1	0	0	1		corroborated	siscowet			1	0	2	gene-LOC120034288	1		0	
gene-LOC120034312	LOC120034312	splicing factor U2AF 65 kDa subunit-like	protein_coding	NC_052347.1	16864459	16871945	8	B	2	ecotype_only_corroborated,ref_divergence	0	1	0	0	1		corroborated	siscowet			1	0	2	gene-LOC120034312	1		0	
gene-LOC120034339	LOC120034339	nucleus accumbens-associated protein 1-like	protein_coding	NC_052347.1	18694552	18716394	4	B	2	ecotype_only_corroborated,ref_divergence	0	1	0	0	1		corroborated	siscowet			0	1	2	gene-LOC120034339	1		0	0
gene-LOC120034351	LOC120034351	voltage-dependent L-type calcium channel subunit beta-1-like	protein_coding	NC_052347.1	5304208	5343824	7	B	2	ecotype_only_corroborated,ref_divergence	0	1	0	0	1		corroborated	lean			1	0	2	gene-LOC120034351	1		0	
gene-LOC120034352	LOC120034352	ectonucleotide pyrophosphatase/phosphodiesterase family member 7-like	protein_coding	NC_052347.1	16290591	16296241	0	B	2	cnv,ref_divergence	0	0	1	0	1		liftoff_only	siscowet	1	2	0	0	1	gene-LOC120034352	1		0	
gene-LOC120034362	LOC120034362	signal transducer and activator of transcription 3-like	protein_coding	NC_052347.1	6410702	6435888	9	B	2	ecotype_only_corroborated,ref_divergence	0	1	0	0	1		corroborated	siscowet			1	0	2	gene-LOC120034058	2		0	
gene-LOC120034371	LOC120034371	beta-1,3-N-acetylglucosaminyltransferase lunatic fringe-like	protein_coding	NC_052347.1	7440814	7448914	4	B	2	ecotype_only_corroborated,ref_divergence	0	1	0	0	1		corroborated	siscowet			1	0	2	gene-LOC120034371	1		0	
gene-LOC120034378	LOC120034378	gap junction gamma-1 protein-like	protein_coding	NC_052347.1	5413629	5415765	2	B	2	ecotype_only_corroborated,ref_divergence	0	1	0	0	1		corroborated	lean			1	0	2	gene-LOC120034378	1		0	
gene-LOC120034407	LOC120034407	rRNA methyltransferase 2, mitochondrial-like	protein_coding	NC_052347.1	7541284	7548035	3	B	2	ecotype_only_corroborated,ref_divergence	0	1	0	0	1		corroborated	siscowet			1	0	2	gene-LOC120034407	1		0	
gene-LOC120034417	LOC120034417	mitogen-activated protein kinase kinase kinase 14-like	protein_coding	NC_052347.1	7342523	7361474	4	B	2	ecotype_only_corroborated,ref_divergence	0	1	0	0	1		corroborated	siscowet			1	0	2	gene-LOC120034417	1		0	
gene-LOC120034438	LOC120034438	60S ribosomal protein L19-like	protein_coding	NC_052347.1	5352131	5354775	5	B	2	ecotype_only_corroborated,ref_divergence	0	1	0	0	1		corroborated	lean			1	0	2	gene-LOC120034438	1		0	
gene-LOC120034455	LOC120034455	NEDD8-conjugating enzyme Ubc12	protein_coding	NC_052347.1	4637335	4647758	0	B	2	ecotype_only_corroborated,ref_divergence	0	1	0	0	1		corroborated	siscowet			1	0	2	gene-LOC120034455	1		0	
gene-LOC120034457	LOC120034457	membrane-spanning 4-domains subfamily A member 4A-like	protein_coding	NC_052309.1	61961822	61980687	1	B	2	cnv,ref_divergence	0	0	1	0	1		liftoff_only	siscowet	1	2	0	0	1	gene-LOC120034457	1		0	
gene-LOC120034466	LOC120034466	beta-galactoside-binding lectin-like	protein_coding	NC_052347.1	18091464	18096322	5	B	2	ecotype_only_corroborated,ref_divergence	0	1	0	0	1		corroborated	siscowet			1	0	2	gene-LOC120034466	1		0	
gene-LOC120034476	LOC120034476	ataxin-7-like protein 3	protein_coding	NC_052347.1	21068818	21078608	6	B	2	ecotype_only_corroborated,ref_divergence	0	1	0	0	1		corroborated	lean			1	0	2	gene-LOC120034476	1		0	
gene-LOC120034477	LOC120034477	transmembrane and ubiquitin-like domain-containing protein 1	protein_coding	NC_052347.1	21064175	21070371	2	B	2	ecotype_only_corroborated,ref_divergence	0	1	0	0	1		corroborated	lean			1	0	2	gene-LOC120034477	1		0	
gene-LOC120034478	LOC120034478	apoptosis regulator BAX-like	protein_coding	NC_052347.1	7371883	7386736	9	B	2	ecotype_only_corroborated,ref_divergence	0	1	0	0	1		corroborated	siscowet			1	0	2	gene-LOC120034479	2		0	
gene-LOC120034479	LOC120034479	apoptosis regulator BAX-like	protein_coding	NC_052347.1	7362505	7368528	9	B	2	ecotype_only_corroborated,ref_divergence	0	1	0	0	1		corroborated	siscowet			1	0	2	gene-LOC120034479	2		0	
gene-LOC120034491	LOC120034491	protein YIPF1-like	protein_coding	NC_052347.1	19283215	19287478	4	B	2	ecotype_only_corroborated,ref_divergence	0	1	0	0	1		corroborated	siscowet			1	0	2	gene-LOC120034491	1		0	
gene-LOC120034492	LOC120034492	mitochondrial import inner membrane translocase subunit Tim29-like	protein_coding	NC_052347.1	19287659	19290116	2	B	2	ecotype_only_corroborated,ref_divergence	0	1	0	0	1		corroborated	siscowet			1	0	2	gene-LOC120034492	1		0	
gene-LOC120034494	LOC120034494	F-box/LRR-repeat protein 19-like	protein_coding	NC_052347.1	4666050	4690539	7	B	2	ecotype_only_corroborated,ref_divergence	0	1	0	0	1		corroborated	siscowet			1	0	2	gene-LOC120034494	1		0	
gene-LOC120034514	LOC120034514	MAGUK p55 subfamily member 3-like	protein_coding	NC_052347.1	4771024	4793943	3	B	2	ecotype_only_corroborated,ref_divergence	0	1	0	0	1		corroborated	siscowet			1	0	2	gene-LOC120034514	1		0	
gene-LOC120034529	LOC120034529	adhesion G protein-coupled receptor E1-like	protein_coding	NC_052347.1	20014126	20073567	3	B	2	ecotype_only_corroborated,ref_divergence	0	1	0	0	1		corroborated	lean			1	0	2	gene-LOC120034529	1		0	
gene-LOC120034530	LOC120034530	pyridoxal-dependent decarboxylase domain-containing protein 1-like	protein_coding	NC_052347.1	19843180	19856843	4	B	2	ecotype_only_corroborated,ref_divergence	0	1	0	0	1		corroborated	lean			1	0	2	gene-LOC120034530	1		0	
gene-LOC120034531	LOC120034531	long-chain fatty acid transport protein 1-like	protein_coding	NC_052347.1	19784616	19796033	19	B	2	ecotype_only_corroborated,ref_divergence	0	1	0	0	1		corroborated	lean			1	0	2	gene-LOC120034531	1		0	
gene-LOC120034532	LOC120034532	eukaryotic peptide chain release factor GTP-binding subunit ERF3A-like	protein_coding	NC_052347.1	19821979	19842022	5	B	2	ecotype_only_corroborated,ref_divergence	0	1	0	0	1		corroborated	lean			1	0	2	gene-LOC120034532	1		0	
gene-LOC120034533	LOC120034533	calcium-binding mitochondrial carrier protein SCaMC-3-like	protein_coding	NC_052347.1	19869175	19892368	3	B	2	ecotype_only_corroborated,ref_divergence	0	1	0	0	1		corroborated	lean			1	0	2	gene-LOC120034533	1		0	
gene-LOC120034534	LOC120034534	transmembrane protein 238-like	protein_coding	NC_052347.1	19816887	19818729	0	B	2	ecotype_only_corroborated,ref_divergence	0	1	0	0	1		corroborated	lean			1	0	2	gene-LOC120034534	1		0	
gene-LOC120034542	LOC120034542	protein YIPF1-like	protein_coding	NC_052347.1	14537498	14541728	4	B	2	ecotype_only_corroborated,ref_divergence	0	1	0	0	1		corroborated	lean			1	0	2	gene-LOC120034542	1		0	
gene-LOC120034543	LOC120034543	mitochondrial import inner membrane translocase subunit Tim29-like	protein_coding	NC_052347.1	14534860	14537297	2	B	2	ecotype_only_corroborated,ref_divergence	0	1	0	0	1		corroborated	lean			1	0	2	gene-LOC120034543	1		0	
gene-LOC120034554	LOC120034554		V_segment	NC_052347.1	19241594	19242356	0	B	2	cnv,ref_divergence	0	0	1	0	1		liftoff_only	siscowet	1	2	0	0	1	gene-LOC120034554	1		0	
gene-LOC120034557	LOC120034557	protein NATD1-like	protein_coding	NC_052347.1	16856541	16859433	0	B	2	ecotype_only_corroborated,ref_divergence	0	1	0	0	1		corroborated	siscowet			1	0	2	gene-LOC120034557	1		0	
gene-LOC120034572	LOC120034572	recoverin-like	protein_coding	NC_052347.1	16829580	16831573	1	B	2	ecotype_only_corroborated,ref_divergence	0	1	0	0	1		corroborated	siscowet			1	0	2	gene-LOC120034572	1		0	
gene-LOC120034574	LOC120034574	dehydrogenase/reductase SDR family member 7C-B-like	protein_coding	NC_052347.1	16859632	16861953	3	B	2	cnv,ref_divergence	0	0	1	0	1		liftoff_only	siscowet	1	2	0	0	1	gene-LOC120034574	1		0	
gene-LOC120034576	LOC120034576	ras-related protein Rab-26-like	protein_coding	NC_052347.1	14352501	14467422	4	B	2	ecotype_only_corroborated,ref_divergence	0	1	0	0	1		corroborated	lean			1	0	2	gene-LOC120034576	1		0	
gene-LOC120034653	LOC120034653	acidic leucine-rich nuclear phosphoprotein 32 family member B-like	protein_coding	NC_052348.1	15446074	15480006	3	B	2	ecotype_only_corroborated,ref_divergence	0	1	0	0	1		corroborated	siscowet			1	0	2	gene-LOC120034657	3		0	
gene-LOC120034654	LOC120034654	acidic leucine-rich nuclear phosphoprotein 32 family member B-like	protein_coding	NC_052348.1	15491616	15502749	3	B	2	ecotype_only_corroborated,ref_divergence	0	1	0	0	1		corroborated	siscowet			1	0	2	gene-LOC120034657	3		0	
gene-LOC120034657	LOC120034657	acidic leucine-rich nuclear phosphoprotein 32 family member B-like	protein_coding	NC_052348.1	15424617	15429427	3	B	2	ecotype_only_corroborated,ref_divergence	0	1	0	0	1		corroborated	siscowet			1	0	2	gene-LOC120034657	3		0	
gene-LOC120034662	LOC120034662	bifunctional 3'-phosphoadenosine 5'-phosphosulfate synthase 1	protein_coding	NC_052348.1	17329605	17353625	5	B	2	ecotype_only_corroborated,ref_divergence	0	1	0	0	1		corroborated	lean			1	0	2	gene-LOC120034662	1		0	
gene-LOC120034669	LOC120034669	bifunctional 3'-phosphoadenosine 5'-phosphosulfate synthase 1	protein_coding	NC_052348.1	17006977	17028758	5	B	2	ecotype_only_corroborated,ref_divergence	0	1	0	0	1		corroborated	siscowet			1	0	2	gene-LOC120034669	1		0	
gene-LOC120034738	LOC120034738	glycine receptor subunit alpha-3-like	protein_coding	NC_052348.1	10559842	10622339	12	B	2	ecotype_only_corroborated,ref_divergence	0	1	0	0	1		corroborated	siscowet			1	0	2	gene-LOC120034738	1		0	
gene-LOC120034740	LOC120034740	lipopolysaccharide-responsive and beige-like anchor protein	protein_coding	NC_052348.1	11866278	11906506	0	B	2	ecotype_only_corroborated,ref_divergence	0	1	0	0	1		corroborated	siscowet			1	0	2	gene-LOC120034740	2		0	
gene-LOC120034753	LOC120034753	probable E3 ubiquitin-protein ligase HERC6	protein_coding	NC_052348.1	15207692	15247341	1	B	2	ecotype_only_corroborated,ref_divergence	0	1	0	0	1		corroborated	siscowet			1	0	2	gene-LOC120034753	2		0	
gene-LOC120034763	LOC120034763	TBC domain-containing protein kinase-like protein	protein_coding	NC_052348.1	17193246	17208077	3	B	2	ecotype_only_corroborated,ref_divergence	0	1	0	0	1		corroborated	siscowet			1	0	2	gene-LOC120034763	1		0	
gene-LOC120034776	LOC120034776	sterile alpha motif domain-containing protein 9	protein_coding	NC_052348.1	20928637	20933160	1	B	2	cnv,ref_divergence	0	0	1	0	1		liftoff_only	siscowet	2	3	0	0	1	gene-LOC120034776	1		0	
gene-LOC120034783	LOC120034783	centrosomal protein of 44 kDa-like	protein_coding	NC_052348.1	10688529	10817247	2	B	2	ecotype_only_corroborated,ref_divergence	0	1	0	0	1		corroborated	siscowet			1	0	2	gene-LOC120034783	1		0	
gene-LOC120034784	LOC120034784	F-box only protein 8-like	protein_coding	NC_052348.1	10700237	10715013	3	B	2	ecotype_only_corroborated,ref_divergence	0	1	0	0	1		corroborated	siscowet			1	0	2	gene-LOC120034784	1		0	
gene-LOC120034788	LOC120034788	TBC1 domain family member 9-like	protein_coding	NC_052348.1	13867240	13897907	1	B	2	ecotype_only_corroborated,ref_divergence	0	1	0	0	1		corroborated	siscowet			1	0	2	gene-LOC120034788	1		0	
gene-LOC120034790	LOC120034790	type II inositol 3,4-bisphosphate 4-phosphatase-like	protein_coding	NC_052348.1	13980707	14125523	2	B	2	ecotype_only_corroborated,ref_divergence	0	1	0	0	1		corroborated	siscowet			1	0	2	gene-LOC120034790	1		0	
gene-LOC120034791	LOC120034791	RING finger protein 150-like	protein_coding	NC_052348.1	13906567	13937835	0	B	2	ecotype_only_corroborated,ref_divergence	0	1	0	0	1		corroborated	siscowet			1	0	2	gene-LOC120034791	1		0	
gene-LOC120034793	LOC120034793	mitochondrial uncoupling protein 2-like	protein_coding	NC_052348.1	13858747	13863198	6	B	2	ecotype_only_corroborated,ref_divergence	0	1	0	0	1		corroborated	siscowet			1	0	2	gene-LOC120034793	1		0	
gene-LOC120034795	LOC120034795	B-cell lymphoma/leukemia 10-like	protein_coding	NC_052348.1	13979484	13980609	11	B	2	ecotype_only_corroborated,ref_divergence	0	1	0	0	1		corroborated	siscowet			1	0	2	gene-LOC120034795	1		0	
gene-LOC120034803	LOC120034803	heat shock protein Hsp-16.1/Hsp-16.11-like	protein_coding	NC_052309.1	64196717	64197709	3	B	2	ecotype_only_corroborated,ref_divergence	0	1	0	0	1		corroborated	lean			1	0	2	gene-LOC120034803	1		0	
gene-LOC120034816	LOC120034816	neurotrophin receptor-interacting factor homolog	protein_coding	NC_052348.1	7680812	7695735	1	B	2	ecotype_only_corroborated,ref_divergence	0	1	0	0	1		corroborated	siscowet			1	0	2	gene-LOC120034816	1		0	
gene-LOC120034862	LOC120034862	protein glass-like	protein_coding	NC_052348.1	7767414	8234966	1	B	2	ecotype_only_corroborated,ref_divergence	0	1	0	0	1		corroborated	siscowet			1	1	3	gene-LOC120034862	1		0	0
gene-LOC120034901	LOC120034901	methylthioadenosine phosphorylase	protein_coding	NC_052348.1	16541015	16557186	4	B	2	cnv,ref_divergence	0	0	1	0	1		liftoff_only	lean	2	1	0	0	1	gene-LOC120034901	1		0	
gene-LOC120034912	LOC120034912	B-cell CLL/lymphoma 6 member B protein-like	protein_coding	NC_052348.1	20292455	20296108	1	B	2	cnv,ref_divergence	0	0	1	0	1		liftoff_only	siscowet	1	2	0	0	1	gene-LOC120034912	1		0	
gene-LOC120034922	LOC120034922	protein phosphatase 1K, mitochondrial-like	protein_coding	NC_052348.1	15259145	15267283	3	B	2	ecotype_only_corroborated,ref_divergence	0	1	0	0	1		corroborated	siscowet			1	0	2	gene-LOC120034922	1		0	
gene-LOC120034941	LOC120034941	hedgehog-interacting protein-like	protein_coding	NC_052348.1	14468421	14512875	0	B	2	ecotype_only_corroborated,ref_divergence	0	1	0	0	1		corroborated	lean			1	0	2	gene-LOC120034941	1		0	
gene-LOC120034947	LOC120034947	probable E3 ubiquitin-protein ligase HERC6	protein_coding	NC_052348.1	15248604	15258807	1	B	2	ecotype_only_corroborated,ref_divergence	0	1	0	0	1		corroborated	siscowet			1	0	2	gene-LOC120034753	2		0	
gene-LOC120034949	LOC120034949	signal peptidase complex subunit 3	protein_coding	NC_052348.1	10202850	10207161	4	B	2	ecotype_only_corroborated,ref_divergence	0	1	0	0	1		corroborated	siscowet			1	0	2	gene-LOC120034949	1		0	
gene-LOC120034958	LOC120034958	C-type lectin domain family 4 member M-like	protein_coding	NC_052348.1	22165338	22175989	1	B	2	cnv,ref_divergence	0	0	1	0	1		liftoff_only	lean	2	1	0	0	1	gene-LOC120034959	2		0	0
gene-LOC120034995	LOC120034995	hydroperoxide isomerase ALOXE3-like	protein_coding	NC_052348.1	15880021	15891359	5	B	2	ecotype_only_corroborated,ref_divergence	0	1	0	0	1		corroborated	siscowet			1	0	2	gene-LOC120035180	3		0	
gene-LOC120035025	LOC120035025	hydroperoxide isomerase ALOXE3-like	protein_coding	NC_052348.1	16002499	16024863	5	B	2	ecotype_only_corroborated,ref_divergence	0	1	0	0	1		corroborated	siscowet			1	0	2	gene-LOC120035040	3		0	
gene-LOC120035038	LOC120035038	polycystin-2-like	protein_coding	NC_052348.1	15297518	15313553	10	B	2	ecotype_only_corroborated,ref_divergence	0	1	0	0	1		corroborated	siscowet			1	0	2	gene-LOC120035038	1		0	
gene-LOC120035040	LOC120035040	hydroperoxide isomerase ALOXE3-like	protein_coding	NC_052348.1	15957530	15974283	5	B	2	ecotype_only_corroborated,ref_divergence	0	1	0	0	1		corroborated	lean			1	0	2	gene-LOC120035040	3		0	
gene-LOC120035048	LOC120035048	semaphorin-4F-like	protein_coding	NC_052348.1	21864107	21878412	9	B	2	ecotype_only_corroborated,ref_divergence	0	1	0	0	1		corroborated	siscowet			1	0	2	gene-LOC120035048	1		0	
gene-LOC120035059	LOC120035059	prostaglandin D2 receptor 2-like	protein_coding	NC_052348.1	22723033	22729366	7	B	2	ecotype_only_corroborated,ref_divergence	0	1	0	0	1		corroborated	siscowet			1	0	2	gene-LOC120035059	1		0	
gene-LOC120035061	LOC120035061	up-regulator of cell proliferation-like	protein_coding	NC_052348.1	22860825	22863410	2	B	2	cnv,ref_divergence	0	0	1	0	1		liftoff_only	siscowet	1	2	0	0	1	gene-LOC120035061	1		0	
gene-LOC120035097	LOC120035097	neuronal membrane glycoprotein M6-a-like	protein_coding	NC_052348.1	10351630	10362413	5	B	2	ecotype_only_corroborated,ref_divergence	0	1	0	0	1		corroborated	siscowet			1	0	2	gene-LOC120035097	1		0	
gene-LOC120035099	LOC120035099	N-acylneuraminate cytidylyltransferase-like	protein_coding	NC_052348.1	6694864	6712470	1	B	2	cnv,ref_divergence	0	0	1	0	1		liftoff_only	siscowet	1	2	0	0	1	gene-LOC120035151	2		0	
gene-LOC120035100	LOC120035100	pericentriolar material 1 protein-like	protein_coding	NC_052348.1	4662623	4702949	9	B	2	ecotype_only_corroborated,ref_divergence	0	1	0	0	1		corroborated	siscowet			1	0	2	gene-LOC120035100	1		0	
gene-LOC120035101	LOC120035101	acid ceramidase-like	protein_coding	NC_052348.1	4702945	4707693	4	B	2	ecotype_only_corroborated,ref_divergence	0	1	0	0	1		corroborated	siscowet			1	0	2	gene-LOC120035101	1		0	
gene-LOC120035109	LOC120035109	sperm-associated antigen 5-like	protein_coding	NC_052348.1	15508179	15519069	2	B	2	ecotype_only_corroborated,ref_divergence	0	1	0	0	1		corroborated	siscowet			1	0	2	gene-LOC120035109	1		0	
gene-LOC120035113	LOC120035113	fibrinogen-like protein 1	protein_coding	NC_052348.1	20166644	20173441	4	B	2	ecotype_only_corroborated,ref_divergence	0	1	0	0	1		corroborated	lean			1	0	2	gene-LOC120035113	1		0	0
gene-LOC120035140	LOC120035140	ankyrin repeat and SOCS box protein 5-like	protein_coding	NC_052348.1	10209775	10216604	4	B	2	ecotype_only_corroborated,ref_divergence	0	1	0	0	1		corroborated	siscowet			1	0	2	gene-LOC120035140	1		0	
gene-LOC120035145	LOC120035145	protein FRG1-like	protein_coding	NC_052348.1	4709472	4728616	4	B	2	ecotype_only_corroborated,ref_divergence	0	1	0	0	1		corroborated	siscowet			1	0	2	gene-LOC120035145	1		0	
gene-LOC120035146	LOC120035146	androgen receptor-like	protein_coding	NC_052348.1	18816790	18856454	5	B	2	cnv,ref_divergence	0	0	1	0	1		liftoff_only	siscowet	1	2	0	0	1	gene-LOC120035146	1		0	
gene-LOC120035147	LOC120035147	moesin-like	protein_coding	NC_052348.1	18796357	18813920	12	B	2	cnv,ref_divergence	0	0	1	0	1		liftoff_only	siscowet	1	2	0	0	1	gene-LOC120035147	1		0	
gene-LOC120035157	LOC120035157	transcriptional regulator CRZ1-like	protein_coding	NC_052348.1	20355845	20360970	1	B	2	cnv,ref_divergence	0	0	1	0	1		liftoff_only	siscowet	1	2	0	0	1	gene-LOC120035157	1		0	
gene-LOC120035159	LOC120035159	neurotrophin receptor-interacting factor homolog	protein_coding	NC_052348.1	20363297	20369208	3	B	2	cnv,ref_divergence	0	0	1	0	1		liftoff_only	siscowet	1	2	0	0	1	gene-LOC120035159	1		0	
gene-LOC120035172	LOC120035172	broad substrate specificity ATP-binding cassette transporter ABCG2-like	protein_coding	NC_052348.1	15275596	15297032	4	B	2	ecotype_only_corroborated,ref_divergence	0	1	0	0	1		corroborated	siscowet			1	0	2	gene-LOC120035172	1		0	
gene-LOC120035173	LOC120035173	WD repeat-containing protein 17-like	protein_coding	NC_052348.1	10219999	10235258	1	B	2	ecotype_only_corroborated,ref_divergence	0	1	0	0	1		corroborated	siscowet			1	0	2	gene-LOC120035173	1		0	
gene-LOC120035180	LOC120035180	hydroperoxide isomerase ALOXE3-like	protein_coding	NC_052348.1	15797965	15808529	5	B	2	ecotype_only_corroborated,ref_divergence	0	1	0	0	1		corroborated	lean			1	0	2	gene-LOC120035180	3		0	
gene-LOC120035187	LOC120035187	docking protein 1-like	protein_coding	NC_052348.1	21737227	21739267	3	B	2	cnv,ref_divergence	0	0	1	0	1		liftoff_only	siscowet	1	2	0	0	1	gene-LOC120035187	1		0	
gene-LOC120035269	LOC120035269	stonustoxin subunit beta-like	protein_coding	NW_024057676.1	37994	38664	1	B	2	cnv,ref_divergence	0	0	1	0	1		liftoff_only	lean	3	1	0	0	1	gene-LOC120035269	2		0	
gene-LOC120035270	LOC120035270	stonustoxin subunit beta-like	protein_coding	NW_024057676.1	48925	49446	1	B	2	cnv,ref_divergence	0	0	1	0	1		liftoff_only	lean	2	1	0	0	1	gene-LOC120035269	2		0	
gene-LOC120035319	LOC120035319	olfactory receptor 52E4-like	protein_coding	NW_024057705.1	3356	4288	4	B	2	cnv,ref_divergence	0	0	1	0	1		liftoff_only	lean	2	1	0	0	1	gene-LOC120035319	3		0	
gene-LOC120035322	LOC120035322	olfactory receptor 4S1-like	protein_coding	NW_024057705.1	47285	48226	4	B	2	ecotype_only_corroborated,dmr	0	1	0	1	0		corroborated	lean			0	0	2	gene-LOC120035319	3		0	0
gene-LOC120035324	LOC120035324	olfactory receptor 11A1-like	protein_coding	NW_024057705.1	24942	25781	4	B	2	cnv,ref_divergence	0	0	1	0	1		liftoff_only	lean	2	1	0	0	1	gene-LOC120035319	3		0	
gene-LOC120035390	LOC120035390	BRCA1-associated ATM activator 1-like	protein_coding	NW_024057731.1	408331	412212	4	B	2	cnv,ref_divergence	0	0	1	0	1		liftoff_only	siscowet	1	2	0	0	1	gene-LOC120035390	1		0	
gene-LOC120035602	LOC120035602	cytochrome P450 27C1	protein_coding	NW_024057749.1	4405	32704	10	B	2	ecotype_only_corroborated,ref_divergence	0	1	0	0	1		corroborated	lean			0	1	2	gene-LOC120035602	1		0	2
gene-LOC120035641	LOC120035641	neogenin-like	protein_coding	NW_024057760.1	59872	86178	3	B	2	cnv,ref_divergence	0	0	1	0	1		liftoff_only	siscowet	1	2	0	1	1	gene-LOC120035641	1		0	0
gene-LOC120035698	LOC120035698	E3 ubiquitin/ISG15 ligase TRIM25-like	protein_coding	NW_024057786.1	69984	71041	1	B	2	cnv,ref_divergence	0	0	1	0	1		liftoff_only	lean	2	1	0	0	1	gene-LOC120035698	2		0	
gene-LOC120035706	LOC120035706	tripartite motif-containing protein 16-like	protein_coding	NW_024057786.1	837607	844411	2	B	2	cnv,ref_divergence	0	0	1	0	1		liftoff_only	siscowet	1	2	0	0	1	gene-LOC120035706	1		0	
gene-LOC120035708	LOC120035708	tripartite motif-containing protein 16-like	protein_coding	NW_024057786.1	726206	733535	1	B	2	cnv,ref_divergence	0	0	1	0	1		liftoff_only	siscowet	1	2	0	0	1	gene-LOC120035716	4		0	
gene-LOC120035716	LOC120035716	tripartite motif-containing protein 16-like	protein_coding	NW_024057786.1	563479	777442	2	B	2	ecotype_only_corroborated,ref_divergence	0	1	0	0	1		corroborated	lean			0	1	2	gene-LOC120035716	4		0	0
gene-LOC120035753	LOC120035753	titin-like	protein_coding	NC_052309.1	67940930	67947236	4	B	2	ecotype_only_corroborated,ref_divergence	0	1	0	0	1		corroborated	siscowet			1	0	2	gene-LOC120035753	1		0	
gene-LOC120035873	LOC120035873	NLR family CARD domain-containing protein 3-like	protein_coding	NW_024057815.1	31905	38095	0	B	2	ecotype_only_corroborated,ref_divergence	0	1	0	0	1		corroborated	siscowet			0	1	2	gene-LOC120035873	1		0	0
gene-LOC120035881	LOC120035881	piggyBac transposable element-derived protein 4-like	protein_coding	NW_024057820.1	146848	152124	0	B	2	cnv,ref_divergence	0	0	1	0	1		liftoff_only	siscowet	1	8	0	0	1	gene-LOC120035881	1		0	
gene-LOC120035933	LOC120035933	claudin-11-like	protein_coding	NW_024057850.1	7311	10703	5	B	2	ecotype_only_corroborated,ref_divergence	0	1	0	0	1		corroborated	siscowet			0	1	2	gene-LOC120035933	1		0	0
gene-LOC120035934	LOC120035934	E3 ubiquitin-protein ligase HECW2-like	protein_coding	NW_024057851.1	56616	81946	5	B	2	ecotype_only_corroborated,ref_divergence	0	1	0	0	1		corroborated	lean			0	1	2	gene-LOC120035934	1		0	0
gene-LOC120036021	LOC120036021	trichohyalin-like	protein_coding	NW_024057882.1	75448	78276	0	B	2	cnv,ref_divergence	0	0	1	0	1		liftoff_only	siscowet	4	7	0	0	1	gene-LOC120036021	1		0	
gene-LOC120036067	LOC120036067	coiled-coil domain-containing protein 43-like	protein_coding	NC_052309.1	68709300	68715672	0	B	2	cnv,ref_divergence	0	0	1	0	1		liftoff_only	siscowet	1	2	0	0	1	gene-LOC120036067	1		0	
gene-LOC120036084	LOC120036084	NLR family CARD domain-containing protein 3-like	protein_coding	NW_024057898.1	7936	10170	0	B	2	cnv,ref_divergence	0	0	1	0	1		liftoff_only	siscowet	5	6	0	0	1	gene-LOC120036084	1		0	
gene-LOC120036120	LOC120036120	disintegrin and metalloproteinase domain-containing protein 10-like	protein_coding	NW_024057912.1	34589	61974	5	B	2	cnv,ref_divergence	0	0	1	0	1		liftoff_only	siscowet	1	2	0	0	1	gene-LOC120036120	1		0	
gene-LOC120036126	LOC120036126	unconventional myosin-X-like	protein_coding	NC_052309.1	68993924	69043944	2	B	2	ecotype_only_corroborated,ref_divergence	0	1	0	0	1		corroborated	siscowet			1	1	3	gene-LOC120036126	1		0	1
gene-LOC120036138	LOC120036138	tubulin gamma-1 chain	protein_coding	NC_052309.1	69044854	69063298	14	B	2	ecotype_only_corroborated,ref_divergence	0	1	0	0	1		corroborated	siscowet			1	1	3	gene-LOC120036138	1		0	0
gene-LOC120036147	LOC120036147	reticulophagy regulator 3-like	protein_coding	NC_052309.1	69068677	69081255	1	B	2	ecotype_only_corroborated,ref_divergence	0	1	0	0	1		corroborated	siscowet			1	0	2	gene-LOC120036147	1		0	
gene-LOC120036158	LOC120036158	max-like protein X	protein_coding	NC_052309.1	69085810	69094411	5	B	2	ecotype_only_corroborated,ref_divergence	0	1	0	0	1		corroborated	siscowet			1	0	2	gene-LOC120036158	1		0	
gene-LOC120036166	LOC120036166	homologous-pairing protein 2 homolog	protein_coding	NC_052309.1	69081337	69085860	7	B	2	ecotype_only_corroborated,ref_divergence	0	1	0	0	1		corroborated	siscowet			1	0	2	gene-LOC120036166	1		0	
gene-LOC120036180	LOC120036180	formin-like protein 1	protein_coding	NC_052309.1	69095621	69114554	6	B	2	ecotype_only_corroborated,ref_divergence	0	1	0	0	1		corroborated	siscowet			1	0	2	gene-LOC120036180	1		0	
gene-LOC120036195	LOC120036195	mitochondrial import inner membrane translocase subunit Tim21-like	protein_coding	NW_024057941.1	43131	45731	2	B	2	cnv,ref_divergence	0	0	1	0	1		liftoff_only	siscowet	1	2	0	0	1	gene-LOC120036195	1		0	
gene-LOC120036220	LOC120036220	glyoxylate reductase/hydroxypyruvate reductase-like	protein_coding	NW_024057958.1	3158	8868	5	B	2	cnv,ref_divergence	0	0	1	0	1		liftoff_only	siscowet	1	4	0	0	1	gene-LOC120036220	1		0	
gene-LOC120036303	LOC120036303	ankyrin repeat domain-containing protein 1-like	protein_coding	NW_024058003.1	6086	9982	3	B	2	cnv,ref_divergence	0	0	1	0	1		liftoff_only	lean	2	1	0	0	1	gene-LOC120036303	1		0	
gene-LOC120036315	LOC120036315	protein tweety homolog 3-like	protein_coding	NC_052309.1	69462422	69521317	3	B	2	cnv,ref_divergence	0	0	1	0	1		liftoff_only	siscowet	1	2	0	0	1	gene-LOC120036315	1		0	
gene-LOC120036321	LOC120036321	rRNA methyltransferase 2, mitochondrial-like	protein_coding	NC_052309.1	69542827	69550721	3	B	2	cnv,ref_divergence	0	0	1	0	1		liftoff_only	siscowet	1	2	0	0	1	gene-LOC120036321	1		0	
gene-LOC120036331	LOC120036331	7,8-dihydro-8-oxoguanine triphosphatase-like	protein_coding	NC_052309.1	69540533	69543140	2	B	2	cnv,ref_divergence	0	0	1	0	1		liftoff_only	siscowet	1	2	0	0	1	gene-LOC120036331	1		0	
gene-LOC120036379	LOC120036379	transport and Golgi organization protein 1 homolog	protein_coding	NW_024058032.1	62366	65220	5	B	2	cnv,ref_divergence	0	0	1	0	1		liftoff_only	siscowet	2	3	0	0	1	gene-LOC120036379	1		0	
gene-LOC120036431	LOC120036431	bone morphogenetic protein 8A-like	protein_coding	NW_024058040.1	46184	61806	5	B	2	cnv,ref_divergence	0	0	1	0	1		liftoff_only	siscowet	1	2	0	0	1	gene-LOC120036431	1		0	1
gene-LOC120036447	LOC120036447	axin-1-like	protein_coding	NC_052309.1	70097122	70120567	1	B	2	ecotype_only_corroborated,ref_divergence	0	1	0	0	1		corroborated	siscowet			1	0	2	gene-LOC120036447	1		0	
gene-LOC120036469	LOC120036469	zona pellucida sperm-binding protein 4-like	protein_coding	NW_024058055.1	3476	12575	0	B	2	cnv,ref_divergence	0	0	1	0	1		liftoff_only	siscowet	1	2	0	0	1	gene-LOC120036469	1		0	
gene-LOC120036515	LOC120036515	UNC93-like protein MFSD11	protein_coding	NC_052309.1	70232340	70241636	0	B	2	ecotype_only_corroborated,ref_divergence	0	1	0	0	1		corroborated	siscowet			1	0	2	gene-LOC120036515	2		0	
gene-LOC120036518	LOC120036518	ubiquitin domain-containing protein UBFD1-like	protein_coding	NC_052309.1	70229037	70232325	2	B	2	ecotype_only_corroborated,ref_divergence	0	1	0	0	1		corroborated	siscowet			1	0	2	gene-LOC120036518	1		0	
gene-LOC120036526	LOC120036526	lysine-specific demethylase 8-like	protein_coding	NC_052309.1	70268138	70274385	3	B	2	ecotype_only_corroborated,ref_divergence	0	1	0	0	1		corroborated	siscowet			1	0	2	gene-LOC120036526	1		0	
gene-LOC120036650	LOC120036650	ubiquitin carboxyl-terminal hydrolase 31-like	protein_coding	NC_052309.1	70747482	70767379	2	B	2	ecotype_only_corroborated,ref_divergence	0	1	0	0	1		corroborated	siscowet			1	0	2	gene-LOC120036650	1		0	
gene-LOC120036660	LOC120036660	BTB/POZ domain-containing protein KCTD5-like	protein_coding	NC_052309.1	70826361	70832334	5	B	2	ecotype_only_corroborated,ref_divergence	0	1	0	0	1		corroborated	siscowet			1	0	2	gene-LOC120036660	1		0	
gene-LOC120036681	LOC120036681	OCIA domain-containing protein 1-like	protein_coding	NW_024058159.1	23685	31013	1	B	2	ecotype_only_corroborated,dmr	0	1	0	1	0		corroborated	lean			0	0	2	gene-LOC120036681	1		0	4
gene-LOC120036690	LOC120036690	probable G-protein coupled receptor 146	protein_coding	NC_052309.1	70948919	70963599	3	B	2	ecotype_only_corroborated,ref_divergence	0	1	0	0	1		corroborated	siscowet			1	0	2	gene-LOC120036690	2		0	
gene-LOC120036700	LOC120036700	putative E3 ubiquitin-protein ligase UNKL	protein_coding	NC_052309.1	71083277	71098387	1	B	2	ecotype_only_corroborated,ref_divergence	0	1	0	0	1		corroborated	siscowet			1	0	2	gene-LOC120036700	1		0	
gene-LOC120036724	LOC120036724	insulin-like growth factor-binding protein complex acid labile subunit	protein_coding	NC_052309.1	71109766	71112421	2	B	2	ecotype_only_corroborated,ref_divergence	0	1	0	0	1		corroborated	siscowet			1	0	2	gene-LOC120036724	1		0	
gene-LOC120036733	LOC120036733	myocardin-related transcription factor B-like	protein_coding	NC_052309.1	71340967	71360600	1	B	2	ecotype_only_corroborated,ref_divergence	0	1	0	0	1		corroborated	siscowet			1	0	2	gene-LOC120036733	1		0	
gene-LOC120036753	LOC120036753	DNA-directed RNA polymerase III subunit RPC10	protein_coding	NC_052309.1	71366935	71370266	6	B	2	ecotype_only_corroborated,ref_divergence	0	1	0	0	1		corroborated	siscowet			1	0	2	gene-LOC120036753	1		0	
gene-LOC120036765	LOC120036765	UBA-like domain-containing protein 1	protein_coding	NC_052309.1	71393923	71399796	1	B	2	ecotype_only_corroborated,ref_divergence	0	1	0	0	1		corroborated	siscowet			1	0	2	gene-LOC120036765	1		0	
gene-LOC120036772	LOC120036772	inactive rhomboid protein 1	protein_coding	NC_052309.1	71446341	71462766	4	B	2	ecotype_only_corroborated,ref_divergence	0	1	0	0	1		corroborated	siscowet			1	0	2	gene-LOC120036772	1		0	
gene-LOC120036859	LOC120036859	stonustoxin subunit beta-like	protein_coding	NW_024058219.1	232534	238883	1	B	2	cnv,ref_divergence	0	0	1	0	1		liftoff_only	lean	2	1	0	0	1	gene-LOC120036859	2		0	
gene-LOC120036994	LOC120036994	TSC22 domain family protein 1-like	protein_coding	NW_024058275.1	258346	300594	1	B	2	cnv,ref_divergence	0	0	1	0	1		liftoff_only	siscowet	1	2	0	0	1	gene-LOC120036994	1		0	
gene-LOC120037027	LOC120037027	KN motif and ankyrin repeat domain-containing protein 2-like	protein_coding	NC_052309.1	71665204	71689451	8	B	2	ecotype_only_corroborated,ref_divergence	0	1	0	0	1		corroborated	siscowet			1	0	2	gene-LOC120037027	1		0	
gene-LOC120037053	LOC120037053	dedicator of cytokinesis protein 7-like	protein_coding	NC_052309.1	71693960	71740798	4	B	2	ecotype_only_corroborated,ref_divergence	0	1	0	0	1		corroborated	siscowet			1	0	2	gene-LOC120037053	1		0	
gene-LOC120037083	LOC120037083	glucosidase 2 subunit beta-like	protein_coding	NC_052309.1	71775285	71783162	4	B	2	ecotype_only_corroborated,ref_divergence	0	1	0	0	1		corroborated	siscowet			1	0	2	gene-LOC120037083	1		0	
gene-LOC120037100	LOC120037100	SH3 and multiple ankyrin repeat domains protein 3-like	protein_coding	NW_024058298.1	2686	40302	5	B	2	cnv,ref_divergence	0	0	1	0	1		liftoff_only	siscowet	1	2	0	1	1	gene-LOC120037100	1		0	0
gene-LOC120037218	LOC120037218	rRNA 2'-O-methyltransferase fibrillarin-like	protein_coding	NW_024058383.1	33215	33643	0	B	2	cnv,ref_divergence	0	0	1	0	1		liftoff_only	siscowet	1	4	0	0	1	gene-LOC120037218	1		0	
gene-LOC120037234	LOC120037234	mitochondrial dicarboxylate carrier-like	protein_coding	NW_024058397.1	321283	343180	14	B	2	ecotype_only_corroborated,ref_divergence	0	1	0	0	1		corroborated	siscowet			0	1	2	gene-LOC120037234	1		0	1
gene-LOC120037243	LOC120037243	GTPase IMAP family member 7-like	protein_coding	NW_024058397.1	256144	257257	1	B	2	cnv,ref_divergence	0	0	1	0	1		liftoff_only	siscowet	1	2	0	0	1	gene-LOC120037243	2		0	
gene-LOC120037245	LOC120037245	claudin-9-like	protein_coding	NW_024058397.1	313157	313810	5	B	2	ecotype_only_corroborated,ref_divergence	0	1	0	0	1		corroborated	siscowet			0	1	2	gene-LOC120037245	1		0	0
gene-LOC120037503	LOC120037503	probable methyltransferase TARBP1	protein_coding	NW_024058486.1	86006	135193	3	B	2	ecotype_only_corroborated,ref_divergence	0	1	0	0	1		corroborated	lean			0	1	2	gene-LOC120037503	1		0	0
gene-LOC120037504	LOC120037504	FERM domain-containing protein 6-like	protein_coding	NW_024058486.1	38569	80959	3	B	2	ecotype_only_corroborated,ref_divergence	0	1	0	0	1		corroborated	lean			0	1	2	gene-LOC120037504	1		0	0
gene-LOC120037516	LOC120037516	cortexin domain containing 2-like	protein_coding	NW_024058497.1	135586	135777	0	B	2	cnv,ref_divergence	0	0	1	0	1		liftoff_only	siscowet	1	2	0	0	1	gene-LOC120037516	1		0	
gene-LOC120037604	LOC120037604	trichohyalin-like	protein_coding	NW_024058530.1	18284	76965	1	B	2	ecotype_only_corroborated,ref_divergence	0	1	0	0	1		corroborated	siscowet			0	1	2	gene-LOC120037604	2		0	0
gene-LOC120037605	LOC120037605	C-X-C motif chemokine 13-like	protein_coding	NW_024058530.1	284995	288831	9	B	2	cnv,ref_divergence	0	0	1	0	1		liftoff_only	siscowet	1	2	0	0	1	gene-LOC120037605	1		0	
gene-LOC120037615	LOC120037615	probable E3 ubiquitin-protein ligase HERC4	protein_coding	NW_024058537.1	50421	52040	2	B	2	cnv,ref_divergence	0	0	1	0	1		liftoff_only	siscowet	1	2	0	0	1	gene-LOC120037614	2		0	
gene-LOC120037633	LOC120037633	LHFPL tetraspan subfamily member 6 protein-like	protein_coding	NW_024058552.1	37272	48618	1	B	2	cnv,ref_divergence	0	0	1	0	1		liftoff_only	siscowet	1	2	0	0	1	gene-LOC120037633	1		0	
gene-LOC120037643	LOC120037643	NLR family CARD domain-containing protein 3-like	protein_coding	NW_024058563.1	431396	435356	0	B	2	cnv,ref_divergence	0	0	1	0	1		liftoff_only	lean	2	1	0	0	1	gene-LOC120037643	2		0	
gene-LOC120037644	LOC120037644	NLR family CARD domain-containing protein 3-like	protein_coding	NW_024058563.1	465045	467882	1	B	2	cnv,ref_divergence	0	0	1	0	1		liftoff_only	lean	31	20	0	0	1	gene-LOC120037643	2		0	
gene-LOC120037648	LOC120037648	NLR family CARD domain-containing protein 3-like	protein_coding	NW_024058563.1	228013	247528	1	B	2	cnv,ref_divergence	0	0	1	0	1		liftoff_only	siscowet	1	2	0	1	1	gene-LOC120037648	1		0	0
gene-LOC120037779	LOC120037779	bri3 binding protein	protein_coding	NC_052307.1	6335936	6343752	1	B	2	cnv,ref_divergence	0	0	1	0	1		liftoff_only	siscowet	1	2	0	0	1	gene-LOC120037779	1		0	
gene-LOC120037787	LOC120037787	ovochymase-2-like	protein_coding	NW_024058641.1	28617	72851	2	B	2	ecotype_only_corroborated,dmr	0	1	0	1	0		corroborated	siscowet			0	0	2	gene-LOC120037787	1		0	0
gene-LOC120037797	LOC120037797	Fc receptor-like protein 5	protein_coding	NW_024058652.1	78388	80493	2	B	2	cnv,ref_divergence	0	0	1	0	1		liftoff_only	siscowet	2	3	0	0	1	gene-LOC120037797	1		0	
gene-LOC120037855	LOC120037855	proprotein convertase subtilisin/kexin type 6-like	protein_coding	NW_024058709.1	5684	15829	6	B	2	cnv,ref_divergence	0	0	1	0	1		liftoff_only	siscowet	1	2	0	0	1	gene-LOC120037855	1		0	
gene-LOC120037910	LOC120037910	26S proteasome non-ATPase regulatory subunit 13-like	protein_coding	NW_024058763.1	11635	19409	5	B	2	ecotype_only_corroborated,ref_divergence	0	1	0	0	1		corroborated	lean			0	1	2	gene-LOC120037910	1		0	1
gene-LOC120038018	LOC120038018	chymotrypsin A-like	protein_coding	NW_024058829.1	16786	19091	2	B	2	cnv,ref_divergence	0	0	1	0	1		liftoff_only	siscowet	1	3	0	0	1	gene-LOC120038018	3		0	
gene-LOC120038020	LOC120038020	chymotrypsin A-like	protein_coding	NW_024058829.1	24809	27360	2	B	2	cnv,ref_divergence	0	0	1	0	1		liftoff_only	siscowet	1	2	0	0	1	gene-LOC120038018	3		0	
gene-LOC120038043	LOC120038043	probable rRNA-processing protein ebp2	protein_coding	NW_024058842.1	125402	127178	0	B	2	cnv,ref_divergence	0	0	1	0	1		liftoff_only	lean	2	1	0	0	1	gene-LOC120038043	1		0	
gene-LOC120038047	LOC120038047	cell wall protein RBR3	protein_coding	NW_024058847.1	16173	45058	4	B	2	cnv,ref_divergence	0	0	1	0	1		liftoff_only	siscowet	1	2	0	0	1	gene-LOC120038047	1		0	
gene-LOC120038056	LOC120038056	glutathione S-transferase Mu 3-like	protein_coding	NW_024058861.1	1768	2818	2	B	2	cnv,ref_divergence	0	0	1	0	1		liftoff_only	lean	3	1	0	0	1	gene-LOC120038056	2		0	
gene-LOC120038194	LOC120038194	WW domain-binding protein 11-like	protein_coding	NC_052309.1	74421732	74428262	2	B	2	ecotype_only_corroborated,ref_divergence	0	1	0	0	1		corroborated	siscowet			1	0	2	gene-LOC120038194	1		0	
gene-LOC120038195	LOC120038195	GTPase IMAP family member 7-like	protein_coding	NW_024058897.1	532392	534596	1	B	2	cnv,ref_divergence	0	0	1	0	1		liftoff_only	siscowet	1	2	0	1	1	gene-LOC120038203	4		0	0
gene-LOC120038198	LOC120038198	mycbp associated protein	protein_coding	NW_024058897.1	654752	702403	0	B	2	cnv,ref_divergence	0	0	1	0	1		liftoff_only	siscowet	1	2	0	1	1	gene-LOC120038198	1		0	0
gene-LOC120038206	LOC120038206	ankyrin repeat and protein kinase domain-containing protein 1-like	protein_coding	NW_024058897.1	196380	207320	3	B	2	cnv,ref_divergence	0	0	1	0	1		liftoff_only	siscowet	1	2	0	0	1	gene-LOC120038206	1		0	
gene-LOC120038274	LOC120038274	RING finger protein 224-like	protein_coding	NW_024058920.1	47876	49490	2	B	2	ecotype_only_corroborated,ref_divergence	0	1	0	0	1		corroborated	siscowet			0	1	2	gene-LOC120038271	2		0	0
gene-LOC120038353	LOC120038353	gap junction beta-4 protein-like	protein_coding	NW_024058952.1	446	7136	2	B	2	cnv,ref_divergence	0	0	1	0	1		liftoff_only	siscowet	1	4	0	0	1	gene-LOC120038353	1		0	
gene-LOC120038355	LOC120038355	general transcription factor II-I repeat domain-containing protein 2B-like	protein_coding	NW_024058956.1	21884	23662	0	B	2	cnv,ref_divergence	0	0	1	0	1		liftoff_only	siscowet	2	3	0	0	1	gene-LOC120038355	1		0	
gene-LOC120038717	LOC120038717	phospholipid phosphatase 3-like	protein_coding	NW_024059191.1	5936	9158	4	B	2	cnv,ref_divergence	0	0	1	0	1		liftoff_only	siscowet	1	2	0	0	1	gene-LOC120038717	1		0	
gene-LOC120038986	LOC120038986	vasoactive intestinal polypeptide receptor 2-like	protein_coding	NW_024059297.1	230043	253153	6	B	2	cnv,ref_divergence	0	0	1	0	1		liftoff_only	siscowet	1	2	0	0	1	gene-LOC120038986	1		0	
gene-LOC120039049	LOC120039049	transient receptor potential cation channel subfamily M member 1	protein_coding	NW_024059332.1	3450	8086	3	B	2	cnv,ref_divergence	0	0	1	0	1		liftoff_only	siscowet	1	2	0	0	1	gene-LOC120039049	1		0	
gene-LOC120039068	LOC120039068	elongin-C	protein_coding	NW_024059342.1	155716	158435	3	B	2	cnv,ref_divergence	0	0	1	0	1		liftoff_only	siscowet	1	2	0	0	1	gene-LOC120039068	1		0	
gene-LOC120039150	LOC120039150	solute carrier family 22 member 18-like	protein_coding	NW_024059419.1	184421	194109	2	B	2	ecotype_only_corroborated,ref_divergence	0	1	0	0	1		corroborated	lean			0	1	2	gene-LOC120039150	1		0	1
gene-LOC120039158	LOC120039158	vicilin-like seed storage protein At2g18540	protein_coding	NW_024059434.1	15517	17646	0	B	2	cnv,ref_divergence	0	0	1	0	1		liftoff_only	siscowet	1	5	0	0	1	gene-LOC120039158	1		0	
gene-LOC120039200	LOC120039200	UBA-like domain-containing protein 2	protein_coding	NC_052309.1	77160877	77177613	1	B	2	ecotype_only_corroborated,ref_divergence	0	1	0	0	1		corroborated	siscowet			1	0	2	gene-LOC120039200	1		0	
gene-LOC120039235	LOC120039235	golgin subfamily A member 6-like protein 6	protein_coding	NW_024059454.1	27768	34666	0	B	2	cnv,ref_divergence	0	0	1	0	1		liftoff_only	siscowet	1	3	0	0	1	gene-LOC120039235	1		0	
gene-LOC120039236	LOC120039236	bifunctional arginine demethylase and lysyl-hydroxylase JMJD6-like	protein_coding	NC_052309.1	77205327	77213633	5	B	2	ecotype_only_corroborated,ref_divergence	0	1	0	0	1		corroborated	siscowet			1	0	2	gene-LOC120039236	1		0	
gene-LOC120039250	LOC120039250	serine/arginine-rich splicing factor 2-like	protein_coding	NC_052309.1	77200561	77203706	1	B	2	ecotype_only_corroborated,ref_divergence	0	1	0	0	1		corroborated	siscowet			1	0	2	gene-LOC120039250	1		0	
gene-LOC120039292	LOC120039292	methyltransferase-like protein 23	protein_coding	NC_052309.1	77203705	77205898	2	B	2	ecotype_only_corroborated,ref_divergence	0	1	0	0	1		corroborated	siscowet			1	0	2	gene-LOC120039292	1		0	
gene-LOC120039293	LOC120039293	KH homology domain-containing protein 4-like	protein_coding	NW_024059475.1	184176	196853	2	B	2	ecotype_only_corroborated,ref_divergence	0	1	0	0	1		corroborated	siscowet			0	1	2	gene-LOC120039293	1		0	0
gene-LOC120039298	LOC120039298	aminopeptidase Ey-like	protein_coding	NW_024059483.1	15457	34618	6	B	2	cnv,ref_divergence	0	0	1	0	1		liftoff_only	siscowet	1	2	0	0	1	gene-LOC120039298	1		0	
gene-LOC120039311	LOC120039311	WAP four-disulfide core domain protein 18-like	protein_coding	NW_024059494.1	16533	24360	4	B	2	cnv,ref_divergence	0	0	1	0	1		liftoff_only	siscowet	9	12	0	0	1	gene-LOC120039311	2		0	
gene-LOC120039460	LOC120039460	saxiphilin-like	protein_coding	NW_024059597.1	175077	176308	3	B	2	cnv,ref_divergence	0	0	1	0	1		liftoff_only	lean	7	4	0	0	1	gene-LOC120039460	3		0	
gene-LOC120039491	LOC120039491	microtubule-associated protein tau-like	protein_coding	NW_024059619.1	77034	188605	4	B	2	ecotype_only_corroborated,ref_divergence	0	1	0	0	1		corroborated	siscowet			0	1	2	gene-LOC120039491	1		0	0
gene-LOC120039526	LOC120039526	forkhead box protein K2-like	protein_coding	NC_052309.1	78251931	78279197	4	B	2	ecotype_only_corroborated,ref_divergence	0	1	0	0	1		corroborated	siscowet			0	1	2	gene-LOC120039526	1		0	0
gene-LOC120039582	LOC120039582	stonustoxin subunit beta-like	protein_coding	NW_024059686.1	195939	196665	1	B	2	cnv,ref_divergence	0	0	1	0	1		liftoff_only	lean	3	1	0	0	1	gene-LOC120039582	1		0	
gene-LOC120039755	LOC120039755	WD repeat containing planar cell polarity effector	protein_coding	NW_024059872.1	13322	27723	5	B	2	cnv,ref_divergence	0	0	1	0	1		liftoff_only	lean	2	1	0	0	1	gene-LOC120039755	1		0	
gene-LOC120039807	LOC120039807	lipopolysaccharide-induced tumor necrosis factor-alpha factor homolog	protein_coding	NW_024059899.1	5572	7971	1	B	2	ecotype_only_corroborated,ref_divergence	0	1	0	0	1		corroborated	siscowet			0	1	2	gene-LOC120039807	1		0	0
gene-LOC120039840	LOC120039840	chymotrypsin A-like	protein_coding	NW_024059935.1	12148	14711	2	B	2	cnv,ref_divergence	0	0	1	0	1		liftoff_only	siscowet	1	2	0	0	1	gene-LOC120039840	1		0	
gene-LOC120039932	LOC120039932	probable E3 ubiquitin-protein ligase makorin-1	protein_coding	NW_024060014.1	5409	6722	3	B	2	cnv,ref_divergence	0	0	1	0	1		liftoff_only	siscowet	2	4	0	0	1	gene-LOC120039932	1		0	
gene-LOC120039976	LOC120039976	calcium-independent phospholipase A2-gamma-like	protein_coding	NW_024060066.1	25578	27880	3	B	2	ecotype_only_corroborated,ref_divergence	0	1	0	0	1		corroborated	siscowet			0	1	2	gene-LOC120039976	1		0	1
gene-LOC120040105	LOC120040105	NLR family CARD domain-containing protein 3-like	protein_coding	NW_024060152.1	7732	9570	0	B	2	cnv,ref_divergence	0	0	1	0	1		liftoff_only	lean	23	18	0	0	1	gene-LOC120040105	1		0	
gene-LOC120040124	LOC120040124	1-phosphatidylinositol phosphodiesterase-like	protein_coding	NW_024060181.1	24530	25402	2	B	2	cnv,ref_divergence	0	0	1	0	1		liftoff_only	siscowet	1	2	0	0	1	gene-LOC120040125	2		0	
gene-LOC120040195	LOC120040195	potassium voltage-gated channel subfamily KQT member 1-like	protein_coding	NW_024060286.1	80777	116149	5	B	2	ecotype_only_corroborated,ref_divergence	0	1	0	0	1		corroborated	siscowet			0	1	2	gene-LOC120040195	2		0	0
gene-LOC120040197	LOC120040197	potassium voltage-gated channel subfamily KQT member 1-like	protein_coding	NW_024060286.1	134321	166908	5	B	2	ecotype_only_corroborated,ref_divergence	0	1	0	0	1		corroborated	lean			0	1	2	gene-LOC120040195	2		0	0
gene-LOC120040198	LOC120040198	transient receptor potential cation channel subfamily M member 5-like	protein_coding	NW_024060286.1	179783	227414	4	B	2	ecotype_only_corroborated,ref_divergence	0	1	0	0	1		corroborated	lean			0	1	2	gene-LOC120040198	1		0	0
gene-LOC120040389	LOC120040389	alpha-protein kinase 3-like	protein_coding	NW_024060430.1	82657	94088	5	B	2	cnv,ref_divergence	0	0	1	0	1		liftoff_only	siscowet	1	2	0	0	1	gene-LOC120040389	1		0	
gene-LOC120040390	LOC120040390	ubiquitin-conjugating enzyme E2 J2-like	protein_coding	NW_024060433.1	16802	18533	0	B	2	cnv,ref_divergence	0	0	1	0	1		liftoff_only	siscowet	1	2	0	0	1	gene-LOC120040390	1		0	
gene-LOC120040402	LOC120040402	probable E3 ubiquitin-protein ligase makorin-1	protein_coding	NW_024060447.1	21288	22374	3	B	2	cnv,ref_divergence	0	0	1	0	1		liftoff_only	siscowet	13	19	0	0	1	gene-LOC120040402	1		0	
gene-LOC120040404	LOC120040404	NUAK family SNF1-like kinase 1	protein_coding	NW_024060452.1	355648	381056	7	B	2	cnv,ref_divergence	0	0	1	0	1		liftoff_only	lean	2	1	0	0	1	gene-LOC120040404	1		0	
gene-LOC120040405	LOC120040405	general transcription factor II-I repeat domain-containing protein 2-like	protein_coding	NW_024060452.1	461113	463181	0	B	2	cnv,ref_divergence	0	0	1	0	1		liftoff_only	lean	2	1	0	0	1	gene-LOC120040405	1		0	
gene-LOC120040414	LOC120040414	protein NEL-like	protein_coding	NW_024060452.1	564280	638516	2	B	2	ecotype_only_corroborated,ref_divergence	0	1	0	0	1		corroborated	siscowet			0	1	2	gene-LOC120040414	1		0	0
gene-LOC120040507	LOC120040507	NLR family CARD domain-containing protein 3-like	protein_coding	NW_024060538.1	5916	8019	0	B	2	cnv,ref_divergence	0	0	1	0	1		liftoff_only	lean	2	1	0	0	1	gene-LOC120040507	1		0	
gene-LOC120040519	LOC120040519	complement C1q-like protein 2	protein_coding	NW_024060559.1	5029	6165	1	B	2	cnv,ref_divergence	0	0	1	0	1		liftoff_only	siscowet	1	2	0	0	1	gene-LOC120040520	2		0	
gene-LOC120040520	LOC120040520	complement C1q-like protein 2	protein_coding	NW_024060559.1	2811	6173	1	B	2	cnv,ref_divergence	0	0	1	0	1		liftoff_only	siscowet	1	2	0	0	1	gene-LOC120040520	2		0	
gene-LOC120040524	LOC120040524	putative nuclease HARBI1	protein_coding	NW_024060563.1	212606	214179	0	B	2	cnv,ref_divergence	0	0	1	0	1		liftoff_only	siscowet	3	4	0	0	1	gene-LOC120040524	1		0	
gene-LOC120040608	LOC120040608	cytochrome P450 2K1-like	protein_coding	NW_024060652.1	34363	44225	7	B	2	cnv,ref_divergence	0	0	1	0	1		liftoff_only	siscowet	1	2	0	0	1	gene-LOC120040610	3		0	
gene-LOC120040756	LOC120040756	dynamin-2-like	protein_coding	NC_052309.1	81631013	81672281	6	B	2	ecotype_only_corroborated,ref_divergence	0	1	0	0	1		corroborated	siscowet			1	0	2	gene-LOC120040756	1		0	
gene-LOC120040806	LOC120040806	NLR family CARD domain-containing protein 3-like	protein_coding	NW_024060786.1	138210	139973	0	B	2	cnv,ref_divergence	0	0	1	0	1		liftoff_only	lean	28	23	0	0	1	gene-LOC120040806	2		0	
gene-LOC120040808	LOC120040808	NLR family CARD domain-containing protein 3-like	protein_coding	NW_024060786.1	176771	192890	1	B	2	cnv,ref_divergence	0	0	1	0	1		liftoff_only	siscowet	1	2	0	0	1	gene-LOC120040806	2		0	
gene-LOC120040823	LOC120040823	tumor necrosis factor ligand superfamily member 14-like	protein_coding	NC_052309.1	81681611	81687623	3	B	2	ecotype_only_corroborated,ref_divergence	0	1	0	0	1		corroborated	siscowet			1	0	2	gene-LOC120040823	1		0	
gene-LOC120040838	LOC120040838	transmembrane emp24 domain-containing protein 1-like	protein_coding	NC_052309.1	81674073	81679501	7	B	2	ecotype_only_corroborated,ref_divergence	0	1	0	0	1		corroborated	siscowet			1	0	2	gene-LOC120040838	1		0	
gene-LOC120040859	LOC120040859	myelin-associated glycoprotein-like	protein_coding	NW_024060863.1	186309	188281	0	B	2	cnv,ref_divergence	0	0	1	0	1		liftoff_only	siscowet	2	6	0	0	1	gene-LOC120040859	1		0	
gene-LOC120040861	LOC120040861	phospholipid phosphatase 3-like	protein_coding	NC_052309.1	81730032	81760946	4	B	2	ecotype_only_corroborated,ref_divergence	0	1	0	0	1		corroborated	siscowet			1	0	2	gene-LOC120040861	1		0	
gene-LOC120040891	LOC120040891	60S ribosomal protein L30-like	protein_coding	NW_024060896.1	59649	65301	3	B	2	cnv,ref_divergence	0	0	1	0	1		liftoff_only	siscowet	1	2	0	0	1	gene-LOC120040891	1		0	
gene-LOC120040975	LOC120040975	E3 ubiquitin/ISG15 ligase TRIM25-like	protein_coding	NW_024060988.1	11835	15308	1	B	2	cnv,ref_divergence	0	0	1	0	1		liftoff_only	siscowet	1	2	0	1	1	gene-LOC120040975	1		0	2
gene-LOC120040988	LOC120040988	E3 ubiquitin/ISG15 ligase TRIM25-like	protein_coding	NW_024061007.1	1353425	1355646	1	B	2	cnv,ref_divergence	0	0	1	0	1		liftoff_only	siscowet	3	5	0	0	1	gene-LOC120040988	1		0	
gene-LOC120041002	LOC120041002	sodium/myo-inositol cotransporter 2-like	protein_coding	NC_052309.1	82248819	82274188	3	B	2	ecotype_only_corroborated,ref_divergence	0	1	0	0	1		corroborated	lean			0	1	2	gene-LOC120041002	1		0	0
gene-LOC120041012	LOC120041012	tripartite motif-containing protein 16-like	protein_coding	NW_024061007.1	116894	123088	2	B	2	cnv,ref_divergence	0	0	1	0	1		liftoff_only	siscowet	1	4	0	0	1	gene-LOC120041003	4		0	
gene-LOC120041036	LOC120041036	rho GTPase-activating protein 17-like	protein_coding	NC_052309.1	82305190	82323839	9	B	2	ecotype_only_corroborated,ref_divergence	0	1	0	0	1		corroborated	siscowet			1	0	2	gene-LOC120041011	2		0	
gene-LOC120041070	LOC120041070	sodium/myo-inositol cotransporter 2-like	protein_coding	NC_052309.1	82324298	82347210	3	B	2	ecotype_only_corroborated,ref_divergence	0	1	0	0	1		corroborated	siscowet			1	0	2	gene-LOC120041070	1		0	
gene-LOC120041079	LOC120041079	transcription factor E4F1-like	protein_coding	NC_052309.1	82407244	82424484	1	B	2	ecotype_only_corroborated,ref_divergence	0	1	0	0	1		corroborated	siscowet			1	0	2	gene-LOC120041079	1		0	
gene-LOC120041097	LOC120041097	hexosaminidase D-like	protein_coding	NC_052309.1	82425259	82439557	2	B	2	ecotype_only_corroborated,ref_divergence	0	1	0	0	1		corroborated	siscowet			1	0	2	gene-LOC120041097	1		0	
gene-LOC120041167	LOC120041167	methionine-R-sulfoxide reductase B1-A-like	protein_coding	NC_052309.1	82545849	82549784	1	B	2	ecotype_only_corroborated,ref_divergence	0	1	0	0	1		corroborated	lean			1	0	2	gene-LOC120041167	1		0	
gene-LOC120041184	LOC120041184	butyrophilin subfamily 1 member A1-like	protein_coding	NW_024061099.1	129292	132509	0	B	2	cnv,ref_divergence	0	0	1	0	1		liftoff_only	siscowet	2	3	0	1	1	gene-LOC120041184	1		0	0
gene-LOC120041191	LOC120041191	beta-microseminoprotein	protein_coding	NW_024061101.1	116043	122551	0	B	2	cnv,ref_divergence	0	0	1	0	1		liftoff_only	lean	2	1	0	0	1	gene-LOC120041191	1		0	
gene-LOC120041221	LOC120041221	endonuclease domain-containing 1 protein-like	protein_coding	NW_024061108.1	29451	30745	3	B	2	cnv,ref_divergence	0	0	1	0	1		liftoff_only	siscowet	1	2	0	0	1	gene-LOC120041221	2		0	
gene-LOC120041265	LOC120041265	putative nuclease HARBI1	protein_coding	NW_024061118.1	37946	39519	0	B	2	cnv,ref_divergence	0	0	1	0	1		liftoff_only	siscowet	1	2	0	0	1	gene-LOC120041265	1		0	
gene-LOC120041311	LOC120041311	1-acyl-sn-glycerol-3-phosphate acyltransferase delta-like	protein_coding	NW_024061126.1	143291	166529	3	B	2	cnv,ref_divergence	0	0	1	0	1		liftoff_only	siscowet	1	2	0	0	1	gene-LOC120041311	1		0	
gene-LOC120041320	LOC120041320	stonustoxin subunit beta-like	protein_coding	NW_024061131.1	53266	53739	1	B	2	cnv,ref_divergence	0	0	1	0	1		liftoff_only	lean	2	1	0	1	1	gene-LOC120041320	1		0	0
gene-LOC120041324	LOC120041324	transcription factor AP-4-like	protein_coding	NC_052309.1	83966430	83982495	5	B	2	ecotype_only_corroborated,ref_divergence	0	1	0	0	1		corroborated	lean			1	0	2	gene-LOC120041324	1		0	
gene-LOC120041339	LOC120041339	E3 ubiquitin-protein ligase TRIM47-like	protein_coding	NW_024061136.1	10187	14725	1	B	2	cnv,ref_divergence	0	0	1	0	1		liftoff_only	siscowet	1	3	0	0	1	gene-LOC120041339	1		0	
gene-LOC120041350	LOC120041350	sorting nexin-1-like	protein_coding	NW_024061141.1	52534	62237	5	B	2	ecotype_only_corroborated,ref_divergence	0	1	0	0	1		corroborated	siscowet			0	1	2	gene-LOC120041350	1		0	0
gene-LOC120041370	LOC120041370	transmembrane channel-like protein 7	protein_coding	NW_024061147.1	115663	130970	2	B	2	ecotype_only_corroborated,ref_divergence	0	1	0	0	1		corroborated	siscowet			0	1	2	gene-tmc6b	3		0	0
gene-LOC120041373	LOC120041373	MAPK regulated corepressor interacting protein 2-like	protein_coding	NC_052309.1	84231094	84236841	0	B	2	cnv,ref_divergence	0	0	1	0	1		liftoff_only	siscowet	1	2	0	0	1	gene-LOC120041373	1		0	
gene-LOC120041379	LOC120041379	interferon a3-like	protein_coding	NW_024061149.1	161686	163425	3	B	2	cnv,ref_divergence	0	0	1	0	1		liftoff_only	siscowet	1	2	0	0	1	gene-LOC120041379	3		0	
gene-LOC120041425	LOC120041425	tripartite motif-containing protein 16-like protein	protein_coding	NC_052309.1	84904438	84911468	2	B	2	ecotype_only_corroborated,ref_divergence	0	1	0	0	1		corroborated	lean			1	0	2	gene-LOC120041425	1		0	
gene-LOC120041435	LOC120041435	protein HID1-like	protein_coding	NC_052309.1	84992021	85040590	3	B	2	ecotype_only_corroborated,ref_divergence	0	1	0	0	1		corroborated	siscowet			1	0	2	gene-LOC120041435	1		0	
gene-LOC120041464	LOC120041464	suppressor of cytokine signaling 3-like	protein_coding	NC_052309.1	85463707	85467140	4	B	2	ecotype_only_corroborated,ref_divergence	0	1	0	0	1		corroborated	lean			1	0	2	gene-LOC120041464	1		0	
gene-LOC120041481	LOC120041481	cytohesin-1	protein_coding	NC_052309.1	85519920	85586213	2	B	2	ecotype_only_corroborated,ref_divergence	0	1	0	0	1		corroborated	siscowet			1	1	3	gene-LOC120041481	1		0	0
gene-LOC120041589	LOC120041589	galectin-3-binding protein A-like	protein_coding	NC_052309.1	85866693	85874762	2	B	2	ecotype_only_corroborated,ref_divergence	0	1	0	0	1		corroborated	siscowet			1	0	2	gene-LOC120041589	1		0	
gene-LOC120041593	LOC120041593	zona pellucida sperm-binding protein 3-like	protein_coding	NW_024061180.1	138206	141609	5	B	2	cnv,ref_divergence	0	0	1	0	1		liftoff_only	siscowet	1	2	0	0	1	gene-LOC120041593	1		0	
gene-LOC120041637	LOC120041637	voltage-dependent T-type calcium channel subunit alpha-1I-like	protein_coding	NW_024061194.1	30831	166944	12	B	2	ecotype_only_corroborated,ref_divergence	0	1	0	0	1		corroborated	lean			0	1	2	gene-LOC120041637	1		0	0
gene-LOC120041732	LOC120041732	C-type lectin domain family 4 member M-like	protein_coding	NW_024061219.1	119949	124821	0	B	2	cnv,ref_divergence	0	0	1	0	1		liftoff_only	lean	2	1	0	1	1	gene-LOC120041732	1		0	0
gene-LOC120041752	LOC120041752	endonuclease domain-containing 1 protein-like	protein_coding	NW_024061227.1	10844	12319	3	B	2	cnv,ref_divergence	0	0	1	0	1		liftoff_only	siscowet	1	2	0	0	1	gene-LOC120041752	3		0	
gene-LOC120041762	LOC120041762	piggyBac transposable element-derived protein 4-like	protein_coding	NW_024061230.1	10179	14836	0	B	2	cnv,ref_divergence	0	0	1	0	1		liftoff_only	siscowet	1	2	0	0	1	gene-LOC120041762	1		0	
gene-LOC120041815	LOC120041815	CMRF35-like molecule 6	protein_coding	NW_024061249.1	147370	148862	0	B	2	cnv,ref_divergence	0	0	1	0	1		liftoff_only	lean	2	1	0	0	1	gene-LOC120041815	1		0	
gene-LOC120041835	LOC120041835	acid-sensing ion channel 2-like	protein_coding	NW_024061255.1	91522	92208	3	B	2	cnv,ref_divergence	0	0	1	0	1		liftoff_only	lean	2	1	0	0	1	gene-LOC120041835	1		0	
gene-LOC120041848	LOC120041848	medium-chain acyl-CoA ligase ACSF2, mitochondrial-like	protein_coding	NC_052309.1	88496172	88513285	2	B	2	ecotype_only_corroborated,ref_divergence	0	1	0	0	1		corroborated	lean			1	0	2	gene-LOC120041848	1		0	
gene-LOC120041865	LOC120041865	medium-chain acyl-CoA ligase ACSF2, mitochondrial-like	protein_coding	NC_052309.1	88323717	88341236	2	B	2	ecotype_only_corroborated,ref_divergence	0	1	0	0	1		corroborated	siscowet			1	0	2	gene-LOC120041865	1		0	
gene-LOC120041882	LOC120041882	nuclear distribution protein nudE-like 1-B	protein_coding	NC_052309.1	88343379	88364058	13	B	2	ecotype_only_corroborated,ref_divergence	0	1	0	0	1		corroborated	siscowet			1	0	2	gene-LOC120041882	1		0	
gene-LOC120041950	LOC120041950	endophilin-A3-like	protein_coding	NW_024061300.1	21816	39584	5	B	2	ecotype_only_corroborated,ref_divergence	0	1	0	0	1		corroborated	siscowet			0	1	2	gene-LOC120041950	1		0	0
gene-LOC120041968	LOC120041968	chemokine XC receptor 1-like	protein_coding	NW_024061305.1	124454	142063	5	B	2	cnv,ref_divergence	0	0	1	0	1		liftoff_only	lean	2	1	0	0	1	gene-LOC120041968	1		0	
gene-LOC120041975	LOC120041975	N-acetylaspartate synthetase-like	protein_coding	NW_024061306.1	142922	143473	2	B	2	cnv,ref_divergence	0	0	1	0	1		liftoff_only	lean	2	1	0	0	1	gene-LOC120041975	1		0	
gene-LOC120042161	LOC120042161	kunitz-type serine protease inhibitor bitisilin-3-like	protein_coding	NW_024061337.1	2453	10738	2	B	2	cnv,ref_divergence	0	0	1	0	1		liftoff_only	siscowet	1	2	0	0	1	gene-LOC120042161	1		0	
gene-LOC120042165	LOC120042165	stonustoxin subunit beta-like	protein_coding	NW_024061338.1	14075	16711	1	B	2	ecotype_only_corroborated,ref_divergence	0	1	0	0	1		corroborated	lean			0	1	2	gene-LOC120042165	1		0	0
gene-LOC120042312	LOC120042312	sialic acid-binding Ig-like lectin 11	protein_coding	NW_024061365.1	57185	59607	3	B	2	cnv,ref_divergence	0	0	1	0	1		liftoff_only	siscowet	1	2	0	0	1	gene-LOC120042309	2		0	
gene-LOC120042341	LOC120042341	chitobiosyldiphosphodolichol beta-mannosyltransferase-like	protein_coding	NC_052309.1	91326315	91346827	3	B	2	ecotype_only_corroborated,ref_divergence	0	1	0	0	1		corroborated	siscowet			1	0	2	gene-LOC120042352	2		0	
gene-LOC120042371	LOC120042371	NLR family CARD domain-containing protein 3-like	protein_coding	NW_024061377.1	15701	26649	1	B	2	cnv,ref_divergence	0	0	1	0	1		liftoff_only	lean	3	1	0	0	1	gene-LOC120042371	2		0	
gene-LOC120042376	LOC120042376	tetratricopeptide repeat protein 30A-like	protein_coding	NC_052309.1	91307149	91316211	5	B	2	ecotype_only_corroborated,ref_divergence	0	1	0	0	1		corroborated	siscowet			1	0	2	gene-LOC120042376	1		0	
gene-LOC120042416	LOC120042416	stonustoxin subunit beta-like	protein_coding	NW_024061397.1	412219	412707	1	B	2	cnv,ref_divergence	0	0	1	0	1		liftoff_only	siscowet	6	10	0	0	1	gene-LOC120042416	1		0	
gene-LOC120042425	LOC120042425	OX-2 membrane glycoprotein-like	protein_coding	NW_024061398.1	75673	79778	1	B	2	cnv,ref_divergence	0	0	1	0	1		liftoff_only	siscowet	2	3	0	0	1	gene-LOC120042420	4		0	
gene-LOC120042444	LOC120042444		V_segment	NW_024061408.1	312976	314167	0	B	2	cnv,ref_divergence	0	0	1	0	1		liftoff_only	siscowet	3	28	0	0	1	gene-LOC120042444	1		0	
gene-LOC120042448	LOC120042448		V_segment	NW_024061408.1	369061	369625	0	B	2	cnv,ref_divergence	0	0	1	0	1		liftoff_only	siscowet	3	5	0	0	1	gene-LOC120042448	1		0	
gene-LOC120042455	LOC120042455	ADP-ribosylation factor-like protein 6-interacting protein 1	protein_coding	NC_052309.1	91564389	91590820	0	B	2	ecotype_only_corroborated,ref_divergence	0	1	0	0	1		corroborated	siscowet			1	0	2	gene-LOC120042455	1		0	
gene-LOC120042479	LOC120042479	serine/threonine-protein kinase SMG1-like	protein_coding	NC_052309.1	91592002	91685872	5	B	2	ecotype_only_corroborated,ref_divergence	0	1	0	0	1		corroborated	lean			1	0	2	gene-LOC120042479	1		0	
gene-LOC120042495	LOC120042495	putative oxidoreductase GLYR1	protein_coding	NC_052309.1	91770936	91799596	3	B	2	ecotype_only_corroborated,ref_divergence	0	1	0	0	1		corroborated	siscowet			1	0	2	gene-LOC120042495	1		0	
gene-LOC120042522	LOC120042522	RNA-binding protein 39-like	protein_coding	NW_024061424.1	19638	54487	3	B	2	cnv,ref_divergence	0	0	1	0	1		liftoff_only	siscowet	1	2	0	0	1	gene-LOC120042522	1		0	
gene-LOC120042542	LOC120042542	basic proline-rich protein-like	protein_coding	NW_024061431.1	278226	279738	0	B	2	cnv,ref_divergence	0	0	1	0	1		liftoff_only	siscowet	2	5	0	0	1	gene-LOC120042542	1		0	
gene-LOC120042547	LOC120042547	transport and Golgi organization protein 1 homolog	protein_coding	NW_024061431.1	279749	299900	5	B	2	ecotype_only_corroborated,ref_divergence	0	1	0	0	1		corroborated	siscowet			0	1	2	gene-LOC120042547	1		0	0
gene-LOC120042567	LOC120042567	small integral membrane protein 22-like	protein_coding	NC_052309.1	91815943	91820116	1	B	2	ecotype_only_corroborated,ref_divergence	0	1	0	0	1		corroborated	siscowet			1	0	2	gene-LOC120045234	2		0	
gene-LOC120042708	LOC120042708	casein kinase I	protein_coding	NC_052309.1	92183776	92263277	13	B	2	ecotype_only_corroborated,ref_divergence	0	1	0	0	1		corroborated	siscowet			1	0	2	gene-LOC120042708	1		0	
gene-LOC120042791	LOC120042791	COP9 signalosome complex subunit 1-like	protein_coding	NW_024061508.1	33781	56996	1	B	2	ecotype_only_corroborated,ref_divergence	0	1	0	0	1		corroborated	lean			0	1	2	gene-LOC120042791	1		0	1
gene-LOC120042872	LOC120042872	RING finger protein 151-like	protein_coding	NC_052309.1	92626185	92630628	6	B	2	cnv,ref_divergence	0	0	1	0	1		liftoff_only	siscowet	1	2	0	0	1	gene-LOC120042872	1		0	
gene-LOC120042903	LOC120042903	stonustoxin subunit beta-like	protein_coding	NW_024061530.1	235932	239343	1	B	2	cnv,ref_divergence	0	0	1	0	1		liftoff_only	lean	2	1	0	0	1	gene-LOC120042903	1		0	
gene-LOC120042907	LOC120042907	stonustoxin subunit beta-like	protein_coding	NW_024061530.1	396101	397300	1	B	2	cnv,ref_divergence	0	0	1	0	1		liftoff_only	lean	3	1	0	0	1	gene-LOC120042907	1		0	
gene-LOC120042932	LOC120042932	TOM1-like protein 2	protein_coding	NC_052309.1	92710506	92748860	6	B	2	cnv,ref_divergence	0	0	1	0	1		liftoff_only	siscowet	1	2	0	0	1	gene-LOC120042932	1		0	
gene-LOC120042988	LOC120042988	protein NEL-like	protein_coding	NW_024061558.1	5804	91389	2	B	2	ecotype_only_corroborated,ref_divergence	0	1	0	0	1		corroborated	lean			0	1	2	gene-LOC120042988	1		0	0
gene-LOC120042990	LOC120042990	cryptochrome-2-like	protein_coding	NW_024061559.1	98450	114124	7	B	2	cnv,ref_divergence	0	0	1	0	1		liftoff_only	siscowet	1	2	0	0	1	gene-LOC120042990	1		0	
gene-LOC120043214	LOC120043214	lipopolysaccharide-induced tumor necrosis factor-alpha factor homolog	protein_coding	NW_024061619.1	102781	105046	1	B	2	cnv,ref_divergence	0	0	1	0	1		liftoff_only	lean	2	1	0	0	1	gene-LOC120043214	1		0	
gene-LOC120043448	LOC120043448	myelin-associated glycoprotein-like	protein_coding	NW_024061666.1	55098	57237	0	B	2	cnv,ref_divergence	0	0	1	0	1		liftoff_only	siscowet	1	2	0	0	1	gene-LOC120043448	1		0	
gene-LOC120043451	LOC120043451	lipid droplet assembly factor 1-like	protein_coding	NC_052309.1	93977001	93981126	0	B	2	ecotype_only_corroborated,ref_divergence	0	1	0	0	1		corroborated	siscowet			1	0	2	gene-LOC120043451	1		0	
gene-LOC120043459	LOC120043459	high choriolytic enzyme 1-like	protein_coding	NW_024061672.1	21849	23458	3	B	2	cnv,ref_divergence	0	0	1	0	1		liftoff_only	lean	3	2	0	0	1	gene-LOC120043459	1		0	
gene-LOC120043469	LOC120043469	transmembrane protein 180-like	protein_coding	NC_052309.1	93987668	93994124	0	B	2	ecotype_only_corroborated,ref_divergence	0	1	0	0	1		corroborated	siscowet			1	1	3	gene-LOC120043469	1		0	1
gene-LOC120043494	LOC120043494	ER lumen protein-retaining receptor 2-like	protein_coding	NC_052309.1	93981198	93985315	6	B	2	ecotype_only_corroborated,ref_divergence	0	1	0	0	1		corroborated	siscowet			1	1	3	gene-LOC120043494	1		0	1
gene-LOC120043570	LOC120043570	calcium-activated potassium channel subunit beta-4-like	protein_coding	NW_024061709.1	49613	68212	6	B	2	cnv,ref_divergence	0	0	1	0	1		liftoff_only	siscowet	1	2	0	0	1	gene-LOC120043570	1		0	
gene-LOC120043579	LOC120043579	multiple epidermal growth factor-like domains protein 11	protein_coding	NW_024061715.1	64220	93968	1	B	2	ecotype_only_corroborated,ref_divergence	0	1	0	0	1		corroborated	siscowet			0	1	2	gene-LOC120043579	1		0	0
gene-LOC120043621	LOC120043621	zona pellucida sperm-binding protein 2-like	protein_coding	NW_024061727.1	7	6022	0	B	2	cnv,ref_divergence	0	0	1	0	1		liftoff_only	siscowet	1	3	0	0	1	gene-LOC120043621	1		0	
gene-LOC120043670	LOC120043670	protein Tob1-like	protein_coding	NC_052309.1	94218339	94222323	4	B	2	cnv,ref_divergence	0	0	1	0	1		liftoff_only	siscowet	1	2	0	0	1	gene-LOC120043670	1		0	
gene-LOC120043732	LOC120043732	charged multivesicular body protein 6-like	protein_coding	NC_052309.1	95095155	95106732	4	B	2	ecotype_only_corroborated,ref_divergence	0	1	0	0	1		corroborated	siscowet			1	0	2	gene-LOC120043732	1		0	
gene-LOC120043753	LOC120043753	ladderlectin-like	protein_coding	NC_052309.1	96070250	96071278	1	B	2	ecotype_only_corroborated,ref_divergence	0	1	0	0	1		corroborated	siscowet			1	0	2	gene-LOC120043752	2		0	
gene-LOC120043784	LOC120043784	stonustoxin subunit beta-like	protein_coding	NC_052309.1	96389360	96390621	1	B	2	cnv,ref_divergence	0	0	1	0	1		liftoff_only	lean	2	1	0	0	1	gene-LOC120043784	1		0	0
gene-LOC120043819	LOC120043819	protein HID1-like	protein_coding	NC_052309.1	97281524	97308467	3	B	2	ecotype_only_corroborated,ref_divergence	0	1	0	0	1		corroborated	lean			1	0	2	gene-LOC120043819	1		0	
gene-LOC120043827	LOC120043827	protein Njmu-R1-like	protein_coding	NC_052309.1	97485153	97495507	2	B	2	ecotype_only_corroborated,ref_divergence	0	1	0	0	1		corroborated	siscowet			1	0	2	gene-LOC120043827	1		0	
gene-LOC120043830	LOC120043830	ATPase family AAA domain-containing protein 5-like	protein_coding	NC_052309.1	97539790	97562347	5	B	2	ecotype_only_corroborated,ref_divergence	0	1	0	0	1		corroborated	siscowet			1	0	2	gene-LOC120043830	1		0	
gene-LOC120043834	LOC120043834	far upstream element-binding protein 2-like	protein_coding	NC_052309.1	97647334	97656848	4	B	2	ecotype_only_corroborated,ref_divergence	0	1	0	0	1		corroborated	siscowet			1	0	2	gene-LOC120043834	1		0	
gene-LOC120043852	LOC120043852	jupiter microtubule associated homolog 1-like	protein_coding	NC_052309.1	98122188	98134152	1	B	2	cnv,ref_divergence	0	0	1	0	1		liftoff_only	siscowet	1	2	0	0	1	gene-LOC120043852	1		0	
gene-LOC120043863	LOC120043863	G protein-activated inward rectifier potassium channel 4-like	protein_coding	NC_052309.1	36815204	36817875	4	B	2	ecotype_only_corroborated,ref_divergence	0	1	0	0	1		corroborated	siscowet			1	0	2	gene-LOC120043863	1		0	
gene-LOC120043873	LOC120043873	opioid-binding protein/cell adhesion molecule-like	protein_coding	NC_052309.1	40062094	40327450	1	B	2	cnv,ref_divergence	0	0	1	0	1		liftoff_only	siscowet	1	2	0	0	1	gene-LOC120043873	2		0	
gene-LOC120043875	LOC120043875	delta-like protein B	protein_coding	NC_052309.1	41838801	41844575	5	B	2	cnv,ref_divergence	0	0	1	0	1		liftoff_only	siscowet	1	2	0	0	1	gene-LOC120043875	1		0	
gene-LOC120043933	LOC120043933	ankyrin repeat domain-containing protein 6-like	protein_coding	NC_052309.1	57050443	57058520	4	B	2	cnv,ref_divergence	0	0	1	0	1		liftoff_only	lean	3	1	0	0	1	gene-LOC120043933	1		0	
gene-LOC120043934	LOC120043934	cation channel sperm-associated protein subunit beta-like	protein_coding	NC_052309.1	57061646	57068697	2	B	2	cnv,ref_divergence	0	0	1	0	1		liftoff_only	lean	3	2	0	0	1	gene-LOC120043934	1		0	
gene-LOC120043941	LOC120043941	tryptase-2-like	protein_coding	NC_052309.1	57338669	57341283	2	B	2	cnv,ref_divergence	0	0	1	0	1		liftoff_only	siscowet	1	2	0	0	1	gene-LOC120043941	1		0	
gene-LOC120044003	LOC120044003	meiosis-specific coiled-coil domain-containing protein MEIOC-like	protein_coding	NC_052309.1	68696586	68708056	6	B	2	cnv,ref_divergence	0	0	1	0	1		liftoff_only	siscowet	1	2	0	0	1	gene-LOC120044003	1		0	
gene-LOC120044005	LOC120044005	contactin-associated protein 1-like	protein_coding	NC_052309.1	68944617	68965961	0	B	2	ecotype_only_corroborated,ref_divergence	0	1	0	0	1		corroborated	siscowet			1	0	2	gene-LOC120044005	1		0	
gene-LOC120044006	LOC120044006	SRC kinase signaling inhibitor 1-like	protein_coding	NC_052309.1	69120580	69233183	4	B	2	ecotype_only_corroborated,ref_divergence	0	1	0	0	1		corroborated	siscowet			1	0	2	gene-LOC120044006	1		0	
gene-LOC120044007	LOC120044007	sorting nexin-8-like	protein_coding	NC_052309.1	69522710	69540305	2	B	2	cnv,ref_divergence	0	0	1	0	1		liftoff_only	siscowet	1	2	0	0	1	gene-LOC120044007	1		0	
gene-LOC120044013	LOC120044013	UNC93-like protein MFSD11	protein_coding	NC_052309.1	70286411	70295686	0	B	2	ecotype_only_corroborated,ref_divergence	0	1	0	0	1		corroborated	siscowet			1	0	2	gene-LOC120036515	2		0	
gene-LOC120044048	LOC120044048	phosphoinositide-interacting protein-like	protein_coding	NC_052309.1	78293874	78294278	4	B	2	cnv,ref_divergence	0	0	1	0	1		liftoff_only	siscowet	1	2	0	0	1	gene-LOC120044048	1		0	
gene-LOC120044062	LOC120044062	potassium voltage-gated channel subfamily A member 1-like	protein_coding	NC_052309.1	80394488	80399359	6	B	2	ecotype_only_corroborated,ref_divergence	0	1	0	0	1		corroborated	siscowet			1	0	2	gene-LOC120044062	1		0	
gene-LOC120044075	LOC120044075	delphilin-like	protein_coding	NC_052309.1	82350337	82375703	1	B	2	ecotype_only_corroborated,ref_divergence	0	1	0	0	1		corroborated	siscowet			1	0	2	gene-LOC120044075	1		0	
gene-LOC120044076	LOC120044076	heparan sulfate glucosamine 3-O-sulfotransferase 6-like	protein_coding	NC_052309.1	82464943	82488650	1	B	2	ecotype_only_corroborated,ref_divergence	0	1	0	0	1		corroborated	siscowet			1	0	2	gene-LOC120044076	1		0	
gene-LOC120044077	LOC120044077	serine/threonine-protein kinase/endoribonuclease IRE1-like	protein_coding	NC_052309.1	83221861	83233341	9	B	2	ecotype_only_corroborated,ref_divergence	0	1	0	0	1		corroborated	lean			1	0	2	gene-LOC120041248	2		0	
gene-LOC120044079	LOC120044079	aquaporin-8-like	protein_coding	NC_052309.1	83555947	83563465	4	B	2	cnv,ref_divergence	0	0	1	0	1		liftoff_only	lean	2	1	0	0	1	gene-LOC120044677	3		0	
gene-LOC120044080	LOC120044080	meteorin-like protein	protein_coding	NC_052309.1	83565393	83577034	2	B	2	ecotype_only_corroborated,ref_divergence	0	1	0	0	1		corroborated	lean			1	0	2	gene-LOC120044078	2		0	
gene-LOC120044085	LOC120044085	dynein assembly factor 5, axonemal-like	protein_coding	NC_052309.1	84246374	84367061	5	B	2	ecotype_only_corroborated,ref_divergence	0	1	0	0	1		corroborated	siscowet			1	1	3	gene-LOC120044085	1		0	0
gene-LOC120044089	LOC120044089	proton channel OTOP2-like	protein_coding	NC_052309.1	84975291	84979528	3	B	2	ecotype_only_corroborated,ref_divergence	0	1	0	0	1		corroborated	lean			1	0	2	gene-LOC120044088	2		0	
gene-LOC120044103	LOC120044103	monocarboxylate transporter 6-like	protein_coding	NC_052309.1	88463890	88479236	3	B	2	ecotype_only_corroborated,ref_divergence	0	1	0	0	1		corroborated	lean			1	0	2	gene-LOC120044103	1		0	
gene-LOC120044113	LOC120044113	transmembrane protein 114-like	protein_coding	NC_052309.1	89527610	89580084	1	B	2	ecotype_only_corroborated,ref_divergence	0	1	0	0	1		corroborated	lean			1	0	2	gene-LOC120044113	1		0	
gene-LOC120044120	LOC120044120	GTP-binding protein Rhes-like	protein_coding	NC_052309.1	90906573	90908029	2	B	2	ecotype_only_corroborated,ref_divergence	0	1	0	0	1		corroborated	siscowet			1	0	2	gene-LOC120044120	1		0	
gene-LOC120044125	LOC120044125	periplakin-like	protein_coding	NC_052309.1	91735930	91758144	8	B	2	ecotype_only_corroborated,ref_divergence	0	1	0	0	1		corroborated	siscowet			1	0	2	gene-LOC120044125	1		0	
gene-LOC120044126	LOC120044126	regulator of G-protein signaling 9-like	protein_coding	NC_052309.1	91842957	91864309	3	B	2	cnv,ref_divergence	0	0	1	0	1		liftoff_only	siscowet	1	2	0	0	1	gene-LOC120044126	1		0	1
gene-LOC120044130	LOC120044130	interferon-induced protein 44-like	protein_coding	NC_052309.1	92398210	92399788	0	B	2	cnv,ref_divergence	0	0	1	0	1		liftoff_only	siscowet	1	2	0	0	1	gene-LOC120044129	2		0	
gene-LOC120044132	LOC120044132	testis-expressed protein 2-like	protein_coding	NC_052309.1	92581354	92603863	2	B	2	cnv,ref_divergence	0	0	1	0	1		liftoff_only	siscowet	1	2	0	0	1	gene-LOC120044132	1		0	
gene-LOC120044136	LOC120044136	NLR family CARD domain-containing protein 3-like	protein_coding	NC_052309.1	94393465	94399363	1	B	2	cnv,ref_divergence	0	0	1	0	1		liftoff_only	siscowet	1	3	0	0	1	gene-LOC120044136	1		0	
gene-LOC120044138	LOC120044138		C_region	NC_052309.1	95907092	95912358	0	B	2	ecotype_only_corroborated,ref_divergence	0	1	0	0	1		corroborated	lean			1	0	2	gene-LOC120044138	1		0	
gene-LOC120044141	LOC120044141	tetraspanin-10-like	protein_coding	NC_052309.1	96105715	96108276	1	B	2	ecotype_only_corroborated,ref_divergence	0	1	0	0	1		corroborated	siscowet			1	0	2	gene-LOC120044141	1		0	
gene-LOC120044143	LOC120044143		C_region	NC_052309.1	96234474	96235697	0	B	2	cnv,ref_divergence	0	0	1	0	1		liftoff_only	siscowet	1	4	0	0	1	gene-LOC120044143	1		0	
gene-LOC120044146	LOC120044146		C_region	NC_052309.1	96271716	96293187	0	B	2	ecotype_only_corroborated,ref_divergence	0	1	0	0	1		corroborated	lean			1	0	2	gene-LOC120044146	1		0	
gene-LOC120044159	LOC120044159	exocyst complex component 7-like	protein_coding	NC_052309.1	97189846	97195327	0	B	2	ecotype_only_corroborated,ref_divergence	0	1	0	0	1		corroborated	lean			1	0	2	gene-LOC120044157	2		0	
gene-LOC120044165	LOC120044165	trinucleotide repeat-containing gene 6C protein-like	protein_coding	NC_052309.1	97756753	97827148	6	B	2	ecotype_only_corroborated,ref_divergence	0	1	0	0	1		corroborated	lean			1	0	2	gene-LOC120044165	1		0	
gene-LOC120044238	LOC120044238	calcineurin B homologous protein 3-like	protein_coding	NC_052309.1	16982751	17005655	1	B	2	cnv,ref_divergence	0	0	1	0	1		liftoff_only	siscowet	1	2	0	0	1	gene-LOC120044238	1		0	
gene-LOC120044362	LOC120044362	protein phosphatase 1 regulatory subunit 14A-like	protein_coding	NC_052309.1	41825780	41836202	3	B	2	cnv,ref_divergence	0	0	1	0	1		liftoff_only	siscowet	1	2	0	0	1	gene-LOC120044362	1		0	
gene-LOC120044381	LOC120044381	myelin protein zero-like protein 1	protein_coding	NC_052309.1	45282727	45301250	3	B	2	cnv,ref_divergence	0	0	1	0	1		liftoff_only	siscowet	1	2	0	0	1	gene-LOC120044381	1		0	
gene-LOC120044396	LOC120044396	NEDD4 family-interacting protein 1-like	protein_coding	NC_052309.1	50333213	50336242	8	B	2	cnv,ref_divergence	0	0	1	0	1		liftoff_only	siscowet	1	3	0	0	1	gene-LOC120032191	4		0	
gene-LOC120044397	LOC120044397	NEDD4 family-interacting protein 1-like	protein_coding	NC_052309.1	50340242	50343520	8	B	2	cnv,ref_divergence	0	0	1	0	1		liftoff_only	siscowet	1	2	0	0	1	gene-LOC120032191	4		0	
gene-LOC120044421	LOC120044421	insulin	protein_coding	NC_052309.1	53725898	53727127	3	B	2	cnv,ref_divergence	0	0	1	0	1		liftoff_only	siscowet	1	2	0	0	1	gene-LOC120044421	1		0	
gene-LOC120044422	LOC120044422	magnesium transporter NIPA2-like	protein_coding	NC_052309.1	53732669	53747933	3	B	2	cnv,ref_divergence	0	0	1	0	1		liftoff_only	siscowet	1	2	0	0	1	gene-LOC120044422	1		0	
gene-LOC120044423	LOC120044423	glutamate receptor 1-like	protein_coding	NC_052309.1	53763164	53844463	10	B	2	cnv,ref_divergence	0	0	1	0	1		liftoff_only	siscowet	1	2	0	0	1	gene-LOC120044423	1		0	
gene-LOC120044461	LOC120044461	dynein light chain 4, axonemal-like	protein_coding	NC_052309.1	62010422	62013716	4	B	2	cnv,ref_divergence	0	0	1	0	1		liftoff_only	siscowet	1	2	0	0	1	gene-LOC120044461	1		0	
gene-LOC120044533	LOC120044533	ATP synthase subunit alpha, mitochondrial-like	protein_coding	NC_052307.1	44637688	44650002	7	B	2	cnv,ref_divergence	0	0	1	0	1		liftoff_only	siscowet	1	2	0	0	1	gene-LOC120044533	1		0	
gene-LOC120044536	LOC120044536	frizzled-2-like	protein_coding	NC_052309.1	68692363	68695422	5	B	2	cnv,ref_divergence	0	0	1	0	1		liftoff_only	siscowet	1	2	0	0	1	gene-LOC120044536	1		0	
gene-LOC120044541	LOC120044541	stannin-like	protein_coding	NC_052309.1	70197447	70198682	1	B	2	ecotype_only_corroborated,ref_divergence	0	1	0	0	1		corroborated	siscowet			1	0	2	gene-LOC120044541	1		0	
gene-LOC120044542	LOC120044542	recQ-mediated genome instability protein 2-like	protein_coding	NC_052309.1	70200399	70201482	6	B	2	ecotype_only_corroborated,ref_divergence	0	1	0	0	1		corroborated	siscowet			1	0	2	gene-LOC120044542	1		0	
gene-LOC120044543	LOC120044543	E3 ubiquitin-protein ligase RNF165-like	protein_coding	NC_052307.1	44650219	44660984	2	B	2	cnv,ref_divergence	0	0	1	0	1		liftoff_only	siscowet	1	2	0	0	1	gene-LOC120044543	1		0	
gene-LOC120044545	LOC120044545	heparan sulfate glucosamine 3-O-sulfotransferase 4-like	protein_coding	NC_052309.1	70510082	70601669	1	B	2	ecotype_only_corroborated,ref_divergence	0	1	0	0	1		corroborated	siscowet			1	0	2	gene-LOC120044545	1		0	
gene-LOC120044546	LOC120044546	heparan sulfate glucosamine 3-O-sulfotransferase 2-like	protein_coding	NC_052309.1	70670523	70687188	1	B	2	ecotype_only_corroborated,ref_divergence	0	1	0	0	1		corroborated	siscowet			1	0	2	gene-LOC120044546	1		0	
gene-LOC120044547	LOC120044547	interleukin-21 receptor-like	protein_coding	NC_052309.1	70790044	70808599	5	B	2	ecotype_only_corroborated,ref_divergence	0	1	0	0	1		corroborated	siscowet			1	0	2	gene-LOC120044547	1		0	
gene-LOC120044548	LOC120044548	3-phosphoinositide-dependent protein kinase 1-like	protein_coding	NC_052309.1	70819827	70825961	4	B	2	ecotype_only_corroborated,ref_divergence	0	1	0	0	1		corroborated	siscowet			1	0	2	gene-LOC120044548	1		0	
gene-LOC120044549	LOC120044549	G-protein coupled estrogen receptor 1	protein_coding	NC_052309.1	70993491	70994657	5	B	2	ecotype_only_corroborated,ref_divergence	0	1	0	0	1		corroborated	siscowet			1	0	2	gene-LOC120036690	2		0	
gene-LOC120044552	LOC120044552	protein shisa-9B-like	protein_coding	NC_052309.1	71205518	71237469	6	B	2	ecotype_only_corroborated,ref_divergence	0	1	0	0	1		corroborated	siscowet			1	0	2	gene-LOC120044552	1		0	
gene-LOC120044554	LOC120044554	U11/U12 small nuclear ribonucleoprotein 25 kDa protein-like	protein_coding	NC_052309.1	71364368	71366711	3	B	2	ecotype_only_corroborated,ref_divergence	0	1	0	0	1		corroborated	siscowet			1	0	2	gene-LOC120044554	1		0	
gene-LOC120044555	LOC120044555	E3 ubiquitin-protein ligase MGRN1-like	protein_coding	NC_052309.1	71399924	71408335	9	B	2	ecotype_only_corroborated,ref_divergence	0	1	0	0	1		corroborated	siscowet			1	0	2	gene-LOC120044555	1		0	
gene-LOC120044556	LOC120044556	serotonin N-acetyltransferase-like	protein_coding	NC_052309.1	71443387	71444562	4	B	2	ecotype_only_corroborated,ref_divergence	0	1	0	0	1		corroborated	siscowet			1	0	2	gene-LOC120044556	1		0	
gene-LOC120044559	LOC120044559	ELAV-like protein 3	protein_coding	NC_052309.1	71757613	71770280	2	B	2	ecotype_only_corroborated,ref_divergence	0	1	0	0	1		corroborated	siscowet			1	0	2	gene-LOC120044559	1		0	
gene-LOC120044586	LOC120044586	myosin-10-like	protein_coding	NC_052309.1	74434867	74500592	4	B	2	ecotype_only_corroborated,ref_divergence	0	1	0	0	1		corroborated	siscowet			1	0	2	gene-LOC120044586	1		0	
gene-LOC120044604	LOC120044604	GTPase IMAP family member 7-like	protein_coding	NC_052309.1	75870463	75873072	1	B	2	ecotype_only_corroborated,ref_divergence	0	1	0	0	1		corroborated	lean			1	0	2	gene-LOC120044604	1		0	
gene-LOC120044623	LOC120044623	forkhead box protein J1-A-like	protein_coding	NC_052309.1	77147401	77153202	3	B	2	ecotype_only_corroborated,ref_divergence	0	1	0	0	1		corroborated	siscowet			1	0	2	gene-LOC120044623	1		0	
gene-LOC120044624	LOC120044624	E3 ubiquitin-protein ligase RNF12-B-like	protein_coding	NC_052309.1	77220925	77236421	0	B	2	ecotype_only_corroborated,ref_divergence	0	1	0	0	1		corroborated	siscowet			1	0	2	gene-LOC120044624	1		0	
gene-LOC120044631	LOC120044631	NLR family CARD domain-containing protein 3-like	protein_coding	NC_052309.1	78379173	78381113	0	B	2	cnv,ref_divergence	0	0	1	0	1		liftoff_only	lean	2	1	0	0	1	gene-LOC120044791	2		0	
gene-LOC120044647	LOC120044647	voltage-dependent calcium channel gamma-2 subunit-like	protein_coding	NC_052309.1	80224372	80294054	11	B	2	ecotype_only_corroborated,ref_divergence	0	1	0	0	1		corroborated	siscowet			1	0	2	gene-LOC120044647	1		0	
gene-LOC120044650	LOC120044650	liprin-alpha-3-like	protein_coding	NC_052309.1	80491373	80518388	3	B	2	ecotype_only_corroborated,ref_divergence	0	1	0	0	1		corroborated	siscowet			1	0	2	gene-LOC120044650	1		0	
gene-LOC120044655	LOC120044655	protein kinase C and casein kinase substrate in neurons protein 3-like	protein_coding	NC_052309.1	80805237	80814316	8	B	2	ecotype_only_corroborated,ref_divergence	0	1	0	0	1		corroborated	siscowet			1	0	2	gene-LOC120044655	1		0	
gene-LOC120044673	LOC120044673	serine/threonine-protein kinase/endoribonuclease IRE1-like	protein_coding	NC_052309.1	83332524	83341996	9	B	2	cnv,ref_divergence	0	0	1	0	1		liftoff_only	lean	2	1	0	1	1	gene-LOC120044673	1		0	1
gene-LOC120044677	LOC120044677	aquaporin-8-like	protein_coding	NC_052309.1	83549114	83554333	4	B	2	ecotype_only_corroborated,ref_divergence	0	1	0	0	1		corroborated	lean			1	0	2	gene-LOC120044677	3		0	
gene-LOC120044678	LOC120044678	glycerophosphodiester phosphodiesterase 1-like	protein_coding	NC_052309.1	84237250	84242911	2	B	2	cnv,ref_divergence	0	0	1	0	1		liftoff_only	siscowet	1	2	0	0	1	gene-LOC120044678	1		0	
gene-LOC120044680	LOC120044680	inward rectifier potassium channel 2-like	protein_coding	NC_052309.1	84761764	84763422	4	B	2	ecotype_only_corroborated,ref_divergence	0	1	0	0	1		corroborated	siscowet			1	0	2	gene-LOC120044680	2		0	
gene-LOC120044681	LOC120044681	protein amnionless-like	protein_coding	NC_052309.1	84902128	84903777	4	B	2	ecotype_only_corroborated,ref_divergence	0	1	0	0	1		corroborated	lean			1	0	2	gene-LOC120044681	1		0	
gene-LOC120044696	LOC120044696	transcription factor MafG-like	protein_coding	NC_052309.1	86569211	86570028	5	B	2	cnv,ref_divergence	0	0	1	0	1		liftoff_only	lean	2	1	0	0	1	gene-LOC120044696	1		0	
gene-LOC120044698	LOC120044698	neuropeptide B-like	protein_coding	NC_052309.1	86670554	86671597	3	B	2	cnv,ref_divergence	0	0	1	0	1		liftoff_only	siscowet	1	2	0	0	1	gene-LOC120044698	1		0	
gene-LOC120044712	LOC120044712	ras-related C3 botulinum toxin substrate 3-like	protein_coding	NC_052309.1	92082327	92092195	15	B	2	ecotype_only_corroborated,ref_divergence	0	1	0	0	1		corroborated	lean			1	0	2	gene-LOC120044712	1		0	
gene-LOC120044721	LOC120044721	cerebellar degeneration-related protein 2-like	protein_coding	NC_052309.1	93994316	94006194	0	B	2	ecotype_only_corroborated,ref_divergence	0	1	0	0	1		corroborated	siscowet			1	1	3	gene-LOC120044721	1		0	0
gene-LOC120044727	LOC120044727	Usher syndrome type-1G protein homolog	protein_coding	NC_052309.1	97225184	97246560	4	B	2	ecotype_only_corroborated,ref_divergence	0	1	0	0	1		corroborated	lean			1	0	2	gene-LOC120044727	1		0	
gene-LOC120044734	LOC120044734	UPF0764 protein C16orf89 homolog	protein_coding	NC_052309.1	91320520	91324837	2	B	2	ecotype_only_corroborated,ref_divergence	0	1	0	0	1		corroborated	siscowet			1	0	2	gene-LOC120044734	1		0	
gene-LOC120044756	LOC120044756	forkhead box protein J1-B-like	protein_coding	NC_052309.1	71417731	71419743	3	B	2	ecotype_only_corroborated,ref_divergence	0	1	0	0	1		corroborated	siscowet			1	0	2	gene-LOC120044756	1		0	
gene-LOC120044787	LOC120044787	ribonuclease inhibitor	protein_coding	NC_052309.1	94300773	94305182	1	B	2	cnv,ref_divergence	0	0	1	0	1		liftoff_only	siscowet	1	2	0	0	1	gene-LOC120044787	1		0	
gene-LOC120044791	LOC120044791	NLR family CARD domain-containing protein 3-like	protein_coding	NC_052309.1	78327863	78329596	0	B	2	cnv,ref_divergence	0	0	1	0	1		liftoff_only	lean	31	29	0	0	1	gene-LOC120044791	2		0	
gene-LOC120044796	LOC120044796	soluble lamin-associated protein of 75 kDa-like	protein_coding	NC_052309.1	12437112	12450417	0	B	2	cnv,ref_divergence	0	0	1	0	1		liftoff_only	siscowet	1	2	0	0	1	gene-LOC120044796	1		0	
gene-LOC120044850	LOC120044850	bone morphogenetic protein 7-like	protein_coding	NC_052309.1	2869313	2874085	6	B	2	cnv,ref_divergence	0	0	1	0	1		liftoff_only	siscowet	1	2	0	0	1	gene-LOC120044850	1		0	
gene-LOC120044885	LOC120044885	trimeric intracellular cation channel type B-like	protein_coding	NC_052309.1	7024292	7057046	4	B	2	ecotype_only_corroborated,ref_divergence	0	1	0	0	1		corroborated	siscowet			1	0	2	gene-LOC120044885	1		0	
gene-LOC120045018	LOC120045018	polypeptide N-acetylgalactosaminyltransferase 9-like	protein_coding	NC_052309.1	17097100	17117799	1	B	2	cnv,ref_divergence	0	0	1	0	1		liftoff_only	siscowet	1	2	0	0	1	gene-LOC120045018	1		0	
gene-LOC120045028	LOC120045028	serine/threonine-protein kinase TAO3-like	protein_coding	NC_052309.1	17024364	17028062	1	B	2	cnv,ref_divergence	0	0	1	0	1		liftoff_only	siscowet	1	2	0	0	1	gene-LOC120045028	1		0	
gene-LOC120045029	LOC120045029	heat shock protein beta-1-like	protein_coding	NC_052309.1	17046604	17049186	3	B	2	cnv,ref_divergence	0	0	1	0	1		liftoff_only	siscowet	1	2	0	0	1	gene-LOC120045029	1		0	
gene-LOC120045201	LOC120045201	ribosomal protein S6 kinase beta-1-like	protein_coding	NC_052309.1	30951632	30962087	4	B	2	cnv,ref_divergence	0	0	1	0	1		liftoff_only	siscowet	1	2	0	0	1	gene-LOC120045201	1		0	
gene-LOC120045246	LOC120045246	kinesin-like protein KIFC3	protein_coding	NC_052307.1	52177212	52242666	4	B	2	ecotype_only_corroborated,ref_divergence	0	1	0	0	1		corroborated	siscowet			1	0	2	gene-LOC120045246	1		0	
gene-LOC120045303	LOC120045303	katanin p80 WD40 repeat-containing subunit B1-like	protein_coding	NC_052307.1	52243846	52253267	4	B	2	ecotype_only_corroborated,ref_divergence	0	1	0	0	1		corroborated	siscowet			1	0	2	gene-LOC120045303	1		0	
gene-LOC120045335	LOC120045335	oxidoreductase HTATIP2-like	protein_coding	NC_052307.1	52270137	52276745	2	B	2	ecotype_only_corroborated,ref_divergence	0	1	0	0	1		corroborated	siscowet			1	0	2	gene-LOC120045335	1		0	
gene-LOC120045355	LOC120045355	interferon-induced protein with tetratricopeptide repeats 5-like	protein_coding	NC_052310.1	11070797	11076957	3	B	2	cnv,ref_divergence	0	0	1	0	1		liftoff_only	siscowet	2	3	0	0	1	gene-LOC120045355	3		0	0
gene-LOC120045384	LOC120045384	gap junction delta-3 protein-like	protein_coding	NC_052310.1	16767106	16768613	2	B	2	cnv,ref_divergence	0	0	1	0	1		liftoff_only	siscowet	1	2	0	0	1	gene-LOC120045384	1		0	
gene-LOC120045412	LOC120045412	recoverin-like	protein_coding	NC_052310.1	4775418	4776521	1	B	2	cnv,ref_divergence	0	0	1	0	1		liftoff_only	siscowet	2	4	0	0	1	gene-LOC120045411	3		0	
gene-LOC120045425	LOC120045425	pepsin A-like	protein_coding	NC_052310.1	7137098	7141424	2	B	2	cnv,ref_divergence	0	0	1	0	1		liftoff_only	siscowet	1	3	0	0	1	gene-LOC120045425	4		0	
gene-LOC120045426	LOC120045426	pepsin A-like	protein_coding	NC_052310.1	7155136	7158768	2	B	2	ecotype_only_corroborated,ref_divergence	0	1	0	0	1		corroborated	siscowet			1	0	2	gene-LOC120045425	4		0	
gene-LOC120045525	LOC120045525	ADP-ribosylation factor-like protein 4D	protein_coding	NC_052310.1	22025783	22028176	5	B	2	cnv,ref_divergence	0	0	1	0	1		liftoff_only	siscowet	1	2	0	0	1	gene-LOC120045525	1		0	
gene-LOC120045530	LOC120045530	growth arrest and DNA damage-inducible proteins-interacting protein 1-like	protein_coding	NC_052310.1	22416438	22417671	1	B	2	ecotype_only_corroborated,ref_divergence	0	1	0	0	1		corroborated	siscowet			1	0	2	gene-LOC120045530	1		0	
gene-LOC120045531	LOC120045531	tetratricopeptide repeat protein 39A-like	protein_coding	NC_052310.1	22421999	22434125	1	B	2	ecotype_only_corroborated,ref_divergence	0	1	0	0	1		corroborated	siscowet			1	0	2	gene-LOC120045531	1		0	
gene-LOC120045532	LOC120045532	tetraspanin-16-like	protein_coding	NC_052310.1	22436685	22443448	1	B	2	ecotype_only_corroborated,ref_divergence	0	1	0	0	1		corroborated	siscowet			1	0	2	gene-LOC120045532	2		0	
gene-LOC120045533	LOC120045533	tetraspanin-1-like	protein_coding	NC_052310.1	22445146	22451126	1	B	2	ecotype_only_corroborated,ref_divergence	0	1	0	0	1		corroborated	siscowet			1	0	2	gene-LOC120045532	2		0	
gene-LOC120045534	LOC120045534	transmembrane protein 205-like	protein_coding	NC_052310.1	22481884	22483981	0	B	2	ecotype_only_corroborated,ref_divergence	0	1	0	0	1		corroborated	siscowet			1	0	2	gene-LOC120045534	1		0	
gene-LOC120045537	LOC120045537	thioredoxin, mitochondrial-like	protein_coding	NC_052310.1	23195382	23201661	3	B	2	ecotype_only_corroborated,ref_divergence	0	1	0	0	1		corroborated	siscowet			1	0	2	gene-LOC120045537	1		0	
gene-LOC120045539	LOC120045539	riboflavin-binding protein-like	protein_coding	NC_052310.1	23368116	23376759	4	B	2	ecotype_only_corroborated,ref_divergence	0	1	0	0	1		corroborated	siscowet			1	0	2	gene-LOC120045539	1		0	
gene-LOC120045555	LOC120045555	myosin heavy chain, embryonic smooth muscle isoform-like	protein_coding	NC_052310.1	26808199	26808823	1	B	2	ecotype_only_corroborated,ref_divergence	0	1	0	0	1		corroborated	lean			1	0	2	gene-LOC120045555	2		0	
gene-LOC120045579	LOC120045579	palmitoyltransferase ZDHHC16A-like	protein_coding	NC_052310.1	32811835	32837335	3	B	2	cnv,ref_divergence	0	0	1	0	1		liftoff_only	siscowet	1	2	0	0	1	gene-LOC120045579	1		0	
gene-LOC120045580	LOC120045580	histidine protein methyltransferase 1 homolog	protein_coding	NC_052310.1	32837419	32849619	2	B	2	cnv,ref_divergence	0	0	1	0	1		liftoff_only	siscowet	1	2	0	0	1	gene-LOC120045580	1		0	
gene-LOC120045648	LOC120045648	protein phosphatase 1 regulatory subunit 3C-B-like	protein_coding	NC_052310.1	50043543	50044583	4	B	2	cnv,ref_divergence	0	0	1	0	1		liftoff_only	siscowet	1	2	0	0	1	gene-LOC120045648	1		0	
gene-LOC120045659	LOC120045659	solute carrier family 22 member 7-like	protein_coding	NC_052310.1	54908828	54920760	2	B	2	cnv,ref_divergence	0	0	1	0	1		liftoff_only	lean	2	1	0	0	1	gene-LOC120046627	2		0	
gene-LOC120045668	LOC120045668	39S ribosomal protein L27, mitochondrial-like	protein_coding	NC_052310.1	58742083	58756131	4	B	2	cnv,ref_divergence	0	0	1	0	1		liftoff_only	siscowet	1	2	0	0	1	gene-LOC120045668	1		0	
gene-LOC120045684	LOC120045684	sideroflexin-1-like	protein_coding	NC_052310.1	62860259	62867292	5	B	2	cnv,ref_divergence	0	0	1	0	1		liftoff_only	siscowet	1	2	0	0	1	gene-LOC120045684	1		0	
gene-LOC120045700	LOC120045700	forkhead box protein L3-like	protein_coding	NC_052310.1	68479362	68481268	5	B	2	cnv,ref_divergence	0	0	1	0	1		liftoff_only	siscowet	1	2	0	0	1	gene-LOC120045700	1		0	
gene-LOC120045713	LOC120045713	probable vesicular acetylcholine transporter-B	protein_coding	NC_052310.1	70785094	70786689	9	B	2	ecotype_only_corroborated,ref_divergence	0	1	0	0	1		corroborated	siscowet			1	0	2	gene-LOC120045713	1		0	
gene-LOC120045740	LOC120045740	peripheral myelin protein 22-like	protein_coding	NC_052310.1	77125245	77137130	1	B	2	cnv,ref_divergence	0	0	1	0	1		liftoff_only	siscowet	1	2	0	0	1	gene-LOC120045740	1		0	
gene-LOC120045774	LOC120045774	diacylglycerol kinase zeta-like	protein_coding	NC_052307.1	54061523	54181243	8	B	2	ecotype_only_corroborated,ref_divergence	0	1	0	0	1		corroborated	siscowet			1	0	2	gene-LOC120045774	1		0	
gene-LOC120045785	LOC120045785	anoctamin-10-like	protein_coding	NC_052310.1	22660622	22662667	3	B	2	ecotype_only_corroborated,ref_divergence	0	1	0	0	1		corroborated	siscowet			1	0	2	gene-LOC120045785	1		0	
gene-LOC120045786	LOC120045786	ral guanine nucleotide dissociation stimulator-like 1	protein_coding	NC_052310.1	22753043	22763316	4	B	2	ecotype_only_corroborated,ref_divergence	0	1	0	0	1		corroborated	siscowet			1	0	2	gene-LOC120045786	1		0	
gene-LOC120045788	LOC120045788	prostaglandin E2 receptor EP1 subtype-like	protein_coding	NC_052310.1	22885761	22895981	6	B	2	ecotype_only_corroborated,ref_divergence	0	1	0	0	1		corroborated	siscowet			1	1	3	gene-LOC120045788	1		0	0
gene-LOC120045793	LOC120045793	microtubule-associated serine/threonine-protein kinase 1-like	protein_coding	NC_052310.1	23417353	23445626	6	B	2	ecotype_only_corroborated,ref_divergence	0	1	0	0	1		corroborated	siscowet			1	0	2	gene-LOC120045793	1		0	
gene-LOC120045822	LOC120045822	gamma-crystallin S-1-like	protein_coding	NC_052310.1	29531350	29532802	3	B	2	cnv,ref_divergence	0	0	1	0	1		liftoff_only	siscowet	1	2	0	0	1	gene-LOC120045822	1		0	
gene-LOC120045837	LOC120045837	ubiquitin domain-containing protein 1-like	protein_coding	NC_052310.1	32775712	32792574	1	B	2	cnv,ref_divergence	0	0	1	0	1		liftoff_only	siscowet	1	2	0	0	1	gene-LOC120045837	1		0	
gene-LOC120045843	LOC120045843	phosphatidylinositide phosphatase SAC2-like	protein_coding	NC_052310.1	34028593	34047674	5	B	2	cnv,ref_divergence	0	0	1	0	1		liftoff_only	siscowet	1	2	0	0	1	gene-LOC120045843	2		0	
gene-LOC120045870	LOC120045870	potassium channel subfamily K member 18-like	protein_coding	NC_052310.1	42080636	42095795	4	B	2	cnv,ref_divergence	0	0	1	0	1		liftoff_only	siscowet	1	2	0	0	1	gene-LOC120045870	1		0	0
gene-LOC120045871	LOC120045871	synaptic vesicular amine transporter-like	protein_coding	NC_052310.1	42106286	42128445	7	B	2	cnv,ref_divergence	0	0	1	0	1		liftoff_only	siscowet	1	2	0	0	1	gene-LOC120045871	1		0	
gene-LOC120045894	LOC120045894	inhibitory synaptic factor 2A-like	protein_coding	NC_052310.1	46411609	46438396	2	B	2	cnv,ref_divergence	0	0	1	0	1		liftoff_only	siscowet	1	2	0	0	1	gene-LOC120045894	1		0	
gene-LOC120045939	LOC120045939	ras-related protein Rab-37-like	protein_coding	NC_052310.1	58798273	58803887	4	B	2	cnv,ref_divergence	0	0	1	0	1		liftoff_only	siscowet	1	2	0	0	1	gene-LOC120045939	1		0	
gene-LOC120045988	LOC120045988	choline O-acetyltransferase-like	protein_coding	NC_052310.1	70789266	70808293	5	B	2	ecotype_only_corroborated,ref_divergence	0	1	0	0	1		corroborated	siscowet			1	0	2	gene-LOC120045988	1		0	
gene-LOC120046032	LOC120046032	UTP--glucose-1-phosphate uridylyltransferase-like	protein_coding	NC_052310.1	83787819	83808768	4	B	2	ecotype_only_corroborated,ref_divergence	0	1	0	0	1		corroborated	siscowet			1	0	2	gene-LOC120046032	1		0	
gene-LOC120046050	LOC120046050	interferon regulatory factor 2-binding protein 2-A-like	protein_coding	NC_052310.1	667834	671041	3	B	2	cnv,ref_divergence	0	0	1	0	1		liftoff_only	lean	2	1	0	0	1	gene-LOC120046050	1		0	
gene-LOC120046083	LOC120046083	tumor protein p53-inducible nuclear protein 2-like	protein_coding	NC_052307.1	56227807	56230899	4	B	2	ecotype_only_corroborated,ref_divergence	0	1	0	0	1		corroborated	siscowet			1	0	2	gene-LOC120046083	1		0	
gene-LOC120046092	LOC120046092	protein C19orf12 homolog	protein_coding	NC_052307.1	56231043	56239244	0	B	2	ecotype_only_corroborated,ref_divergence	0	1	0	0	1		corroborated	siscowet			1	0	2	gene-LOC120046092	1		0	
gene-LOC120046115	LOC120046115	cytochrome b-c1 complex subunit Rieske, mitochondrial-like	protein_coding	NC_052307.1	56556883	56560420	5	B	2	ecotype_only_corroborated,ref_divergence	0	1	0	0	1		corroborated	lean			1	0	2	gene-LOC120046115	1		0	
gene-LOC120046182	LOC120046182	phosphorylase b kinase regulatory subunit beta-like	protein_coding	NC_052307.1	57075526	57149919	3	B	2	ecotype_only_corroborated,ref_divergence	0	1	0	0	1		corroborated	siscowet			1	0	2	gene-LOC120046182	1		0	
gene-LOC120046258	LOC120046258	E3 ubiquitin-protein ligase RNF166	protein_coding	NC_052307.1	58735139	58753575	3	B	2	ecotype_only_corroborated,ref_divergence	0	1	0	0	1		corroborated	lean			1	0	2	gene-LOC120046258	1		0	
gene-LOC120046293	LOC120046293	general transcription factor II-I repeat domain-containing protein 2-like	protein_coding	NC_052310.1	20289145	20291181	0	B	2	cnv,ref_divergence	0	0	1	0	1		liftoff_only	siscowet	1	2	0	0	1	gene-LOC120046293	1		0	
gene-LOC120046301	LOC120046301	protein CBFA2T3-like	protein_coding	NC_052307.1	58877066	58931793	4	B	2	ecotype_only_corroborated,ref_divergence	0	1	0	0	1		corroborated	lean			1	0	2	gene-LOC120046301	1		0	
gene-LOC120046306	LOC120046306	paraplegin-like	protein_coding	NC_052307.1	59104270	59110355	9	B	2	ecotype_only_corroborated,ref_divergence	0	1	0	0	1		corroborated	lean			1	0	2	gene-LOC120046306	1		0	
gene-LOC120046309	LOC120046309	transcription factor 7-like 2	protein_coding	NC_052310.1	21534503	21642014	6	B	2	ecotype_only_corroborated,ref_divergence	0	1	0	0	1		corroborated	siscowet			1	0	2	gene-LOC120046309	1		0	
gene-LOC120046316	LOC120046316	next to BRCA1 gene 1 protein-like	protein_coding	NC_052310.1	22006551	22015606	3	B	2	cnv,ref_divergence	0	0	1	0	1		liftoff_only	siscowet	1	2	0	0	1	gene-LOC120046316	1		0	
gene-LOC120046317	LOC120046317	proteasome activator complex subunit 3-like	protein_coding	NC_052310.1	22001515	22006630	7	B	2	cnv,ref_divergence	0	0	1	0	1		liftoff_only	siscowet	1	2	0	0	1	gene-LOC120046317	1		0	
gene-LOC120046318	LOC120046318	transmembrane protein 106B-like	protein_coding	NC_052310.1	22017775	22023424	0	B	2	cnv,ref_divergence	0	0	1	0	1		liftoff_only	siscowet	1	2	0	0	1	gene-LOC120046318	1		0	
gene-LOC120046320	LOC120046320	erythropoietin receptor-like	protein_coding	NC_052310.1	22463522	22468828	7	B	2	ecotype_only_corroborated,ref_divergence	0	1	0	0	1		corroborated	siscowet			1	0	2	gene-LOC120046320	1		0	
gene-LOC120046321	LOC120046321	ras-related protein Rab-3D-like	protein_coding	NC_052310.1	22469797	22479863	9	B	2	ecotype_only_corroborated,ref_divergence	0	1	0	0	1		corroborated	siscowet			1	0	2	gene-LOC120046321	1		0	
gene-LOC120046322	LOC120046322	calponin-1-like	protein_coding	NC_052310.1	22491156	22498859	2	B	2	ecotype_only_corroborated,ref_divergence	0	1	0	0	1		corroborated	siscowet			1	0	2	gene-LOC120046322	1		0	
gene-LOC120046324	LOC120046324	transcription elongation factor 1 homolog	protein_coding	NC_052310.1	22486865	22489567	3	B	2	ecotype_only_corroborated,ref_divergence	0	1	0	0	1		corroborated	siscowet			1	0	2	gene-LOC120046324	1		0	
gene-LOC120046325	LOC120046325	ankyrin repeat domain-containing protein 11-like	protein_coding	NC_052307.1	59112668	59249977	3	B	2	ecotype_only_corroborated,ref_divergence	0	1	0	0	1		corroborated	lean			1	0	2	gene-LOC120046325	1		0	
gene-LOC120046326	LOC120046326	TLC domain-containing protein 4-B-like	protein_coding	NC_052310.1	22503843	22519069	3	B	2	ecotype_only_corroborated,ref_divergence	0	1	0	0	1		corroborated	siscowet			1	0	2	gene-LOC120046326	1		0	
gene-LOC120046327	LOC120046327	paralemmin-1-like	protein_coding	NC_052310.1	22618333	22649425	0	B	2	ecotype_only_corroborated,ref_divergence	0	1	0	0	1		corroborated	siscowet			1	0	2	gene-LOC120046327	1		0	
gene-LOC120046330	LOC120046330	choline transporter-like protein 2	protein_coding	NC_052310.1	22780755	22791149	4	B	2	ecotype_only_corroborated,ref_divergence	0	1	0	0	1		corroborated	siscowet			1	0	2	gene-LOC120046330	1		0	
gene-LOC120046331	LOC120046331	glutaryl-CoA dehydrogenase, mitochondrial-like	protein_coding	NC_052310.1	22808791	22822063	6	B	2	ecotype_only_corroborated,ref_divergence	0	1	0	0	1		corroborated	siscowet			1	0	2	gene-LOC120046331	1		0	
gene-LOC120046335	LOC120046335	N-acetylmuramoyl-L-alanine amidase-like	protein_coding	NC_052310.1	22980942	22985948	7	B	2	ecotype_only_corroborated,ref_divergence	0	1	0	0	1		corroborated	siscowet			1	0	2	gene-LOC120046335	1		0	
gene-LOC120046336	LOC120046336	trafficking protein particle complex subunit 5-like	protein_coding	NC_052310.1	22986430	22988528	4	B	2	ecotype_only_corroborated,ref_divergence	0	1	0	0	1		corroborated	siscowet			1	0	2	gene-LOC120046336	1		0	
gene-LOC120046342	LOC120046342	myosin-9-like	protein_coding	NC_052310.1	23210203	23241808	4	B	2	ecotype_only_corroborated,ref_divergence	0	1	0	0	1		corroborated	siscowet			1	0	2	gene-LOC120046342	1		0	
gene-LOC120046343	LOC120046343	mitochondrial glycine transporter B-like	protein_coding	NC_052310.1	23242232	23248399	4	B	2	ecotype_only_corroborated,ref_divergence	0	1	0	0	1		corroborated	siscowet			1	0	2	gene-LOC120046343	1		0	
gene-LOC120046346	LOC120046346	ubinuclein-2-like	protein_coding	NC_052310.1	23270968	23281075	1	B	2	ecotype_only_corroborated,ref_divergence	0	1	0	0	1		corroborated	siscowet			1	0	2	gene-LOC120046346	1		0	
gene-LOC120046347	LOC120046347	putative solute carrier family 22 member 31	protein_coding	NC_052307.1	59259119	59265817	1	B	2	ecotype_only_corroborated,ref_divergence	0	1	0	0	1		corroborated	lean			1	0	2	gene-LOC120046347	1		0	
gene-LOC120046348	LOC120046348	telomerase RNA component interacting RNase-like	protein_coding	NC_052310.1	23281307	23283297	2	B	2	ecotype_only_corroborated,ref_divergence	0	1	0	0	1		corroborated	siscowet			1	0	2	gene-LOC120046348	1		0	
gene-LOC120046349	LOC120046349	protein Hook homolog 2-like	protein_coding	NC_052310.1	23295410	23309476	6	B	2	ecotype_only_corroborated,ref_divergence	0	1	0	0	1		corroborated	siscowet			1	0	2	gene-LOC120046349	1		0	
gene-LOC120046350	LOC120046350	transcription factor jun-B-like	protein_coding	NC_052310.1	23351664	23353540	7	B	2	ecotype_only_corroborated,ref_divergence	0	1	0	0	1		corroborated	siscowet			1	0	2	gene-LOC120046350	1		0	
gene-LOC120046351	LOC120046351	cysteine protease ATG4D-like	protein_coding	NC_052310.1	23448009	23459309	1	B	2	ecotype_only_corroborated,ref_divergence	0	1	0	0	1		corroborated	siscowet			1	0	2	gene-LOC120046351	1		0	
gene-LOC120046358	LOC120046358	haptoglobin-like	protein_coding	NC_052307.1	59305533	59308869	3	B	2	ecotype_only_corroborated,ref_divergence	0	1	0	0	1		corroborated	lean			1	0	2	gene-LOC120046358	1		0	
gene-LOC120046375	LOC120046375	dihydroorotate dehydrogenase (quinone), mitochondrial-like	protein_coding	NC_052307.1	59354118	59362866	5	B	2	ecotype_only_corroborated,ref_divergence	0	1	0	0	1		corroborated	lean			1	0	2	gene-LOC120046375	1		0	
gene-LOC120046411	LOC120046411	heme-binding protein 1-like	protein_coding	NC_052310.1	27241798	27246784	0	B	2	ecotype_only_corroborated,ref_divergence	0	1	0	0	1		corroborated	lean			1	0	2	gene-LOC120046411	1		0	
gene-LOC120046454	LOC120046454	nucleolysin TIAR-like	protein_coding	NC_052310.1	33981444	34005516	6	B	2	cnv,ref_divergence	0	0	1	0	1		liftoff_only	siscowet	1	2	0	0	1	gene-LOC120046454	1		0	
gene-LOC120046455	LOC120046455	BAG family molecular chaperone regulator 3-like	protein_coding	NC_052310.1	34010283	34018186	9	B	2	cnv,ref_divergence	0	0	1	0	1		liftoff_only	siscowet	1	2	0	0	1	gene-LOC120046455	1		0	
gene-LOC120046456	LOC120046456	phosphatidylinositide phosphatase SAC2-like	protein_coding	NC_052310.1	34049008	34060078	5	B	2	cnv,ref_divergence	0	0	1	0	1		liftoff_only	siscowet	1	2	0	0	1	gene-LOC120045843	2		0	
gene-LOC120046457	LOC120046457	SEC23-interacting protein-like	protein_coding	NC_052310.1	34083613	34097588	3	B	2	cnv,ref_divergence	0	0	1	0	1		liftoff_only	siscowet	1	2	0	0	1	gene-LOC120046457	1		0	
gene-LOC120046458	LOC120046458	CTD small phosphatase-like protein 2-B	protein_coding	NC_052307.1	59865321	59888198	1	B	2	ecotype_only_corroborated,ref_divergence	0	1	0	0	1		corroborated	lean			1	0	2	gene-LOC120046458	1		0	
gene-LOC120046468	LOC120046468	eukaryotic translation initiation factor 3 subunit J-A-like	protein_coding	NC_052307.1	59916912	59921617	3	B	2	ecotype_only_corroborated,ref_divergence	0	1	0	0	1		corroborated	lean			1	0	2	gene-LOC120046468	1		0	
gene-LOC120046502	LOC120046502	mRNA decay activator protein ZFP36L2-A-like	protein_coding	NC_052310.1	38026849	38030215	2	B	2	ecotype_only_corroborated,ref_divergence	0	1	0	0	1		corroborated	siscowet			1	0	2	gene-LOC120046502	1		0	
gene-LOC120046565	LOC120046565	progonadoliberin-3	protein_coding	NC_052310.1	46165589	46166651	3	B	2	cnv,ref_divergence	0	0	1	0	1		liftoff_only	siscowet	1	2	0	0	1	gene-LOC120046565	1		0	
gene-LOC120046594	LOC120046594	tetraspanin-14-like	protein_coding	NC_052310.1	50107808	50123456	4	B	2	cnv,ref_divergence	0	0	1	0	1		liftoff_only	siscowet	1	2	0	0	1	gene-LOC120046594	1		0	
gene-LOC120046598	LOC120046598	serine/threonine-protein phosphatase 4 regulatory subunit 3-like	protein_coding	NC_052310.1	51911462	51934038	5	B	2	cnv,ref_divergence	0	0	1	0	1		liftoff_only	siscowet	1	2	0	0	1	gene-LOC120046598	1		0	
gene-LOC120046600	LOC120046600	polyribonucleotide nucleotidyltransferase 1, mitochondrial-like	protein_coding	NC_052310.1	51934418	51943009	7	B	2	cnv,ref_divergence	0	0	1	0	1		liftoff_only	siscowet	1	2	0	0	1	gene-LOC120046600	1		0	
gene-LOC120046627	LOC120046627	solute carrier family 22 member 7-like	protein_coding	NC_052310.1	54900024	54907776	3	B	2	cnv,ref_divergence	0	0	1	0	1		liftoff_only	lean	2	1	0	0	1	gene-LOC120046627	2		0	
gene-LOC120046680	LOC120046680	leucine-rich repeat-containing protein 59-like	protein_coding	NC_052310.1	58699244	58705086	1	B	2	cnv,ref_divergence	0	0	1	0	1		liftoff_only	siscowet	1	2	0	0	1	gene-LOC120046680	1		0	
gene-LOC120046707	LOC120046707	peroxiredoxin-like 2A	protein_coding	NC_052310.1	62886028	62917850	0	B	2	cnv,ref_divergence	0	0	1	0	1		liftoff_only	siscowet	1	2	0	0	1	gene-LOC120046707	1		0	
gene-LOC120046708	LOC120046708	S-adenosylmethionine synthase-like	protein_coding	NC_052310.1	62942101	62961484	4	B	2	cnv,ref_divergence	0	0	1	0	1		liftoff_only	siscowet	1	2	0	0	1	gene-LOC120046708	1		0	
gene-LOC120046740	LOC120046740	vinculin	protein_coding	NC_052310.1	66055909	66118039	4	B	2	cnv,ref_divergence	0	0	1	0	1		liftoff_only	siscowet	1	2	0	0	1	gene-LOC120046740	1		0	
gene-LOC120046748	LOC120046748	serine protease 27-like	protein_coding	NC_052310.1	67118501	67123020	2	B	2	cnv,ref_divergence	0	0	1	0	1		liftoff_only	siscowet	1	2	0	0	1	gene-LOC120046748	1		0	
gene-LOC120046752	LOC120046752	TOM1-like protein 2	protein_coding	NC_052310.1	68489073	68504303	6	B	2	cnv,ref_divergence	0	0	1	0	1		liftoff_only	siscowet	1	2	0	0	1	gene-LOC120046752	1		0	
gene-LOC120046753	LOC120046753	ATP synthase mitochondrial F1 complex assembly factor 2-like	protein_coding	NC_052310.1	68505252	68508835	2	B	2	cnv,ref_divergence	0	0	1	0	1		liftoff_only	siscowet	1	2	0	0	1	gene-LOC120046753	1		0	
gene-LOC120046754	LOC120046754	glucose-induced degradation protein 4 homolog	protein_coding	NC_052310.1	68508350	68517039	6	B	2	cnv,ref_divergence	0	0	1	0	1		liftoff_only	siscowet	1	2	0	0	1	gene-LOC120046754	1		0	
gene-LOC120046789	LOC120046789	rhotekin-like	protein_coding	NC_052307.1	9926899	10064369	5	B	2	ecotype_only_corroborated,ref_divergence	0	1	0	0	1		corroborated	siscowet			1	0	2	gene-LOC120050356	3		0	
gene-LOC120046857	LOC120046857	peroxisomal membrane protein PEX13-like	protein_coding	NC_052310.1	81761916	81771350	5	B	2	ecotype_only_corroborated,ref_divergence	0	1	0	0	1		corroborated	siscowet			1	0	2	gene-LOC120046857	1		0	
gene-LOC120046934	LOC120046934	ribonuclease-like 3	protein_coding	NC_052311.1	12474365	12475062	1	B	2	cnv,ref_divergence	0	0	1	0	1		liftoff_only	siscowet	1	4	0	0	1	gene-LOC120046934	1		0	
gene-LOC120046977	LOC120046977	beta-crystallin A1-2-like	protein_coding	NC_052311.1	24247609	24248871	3	B	2	cnv,ref_divergence	0	0	1	0	1		liftoff_only	siscowet	1	2	0	0	1	gene-LOC120047441	2		0	
gene-LOC120046978	LOC120046978	smoothelin-like protein 2	protein_coding	NC_052311.1	24326528	24327319	4	B	2	cnv,ref_divergence	0	0	1	0	1		liftoff_only	siscowet	1	2	0	0	1	gene-LOC120046978	1		0	
gene-LOC120046979	LOC120046979	solute carrier family 43 member 3-like	protein_coding	NC_052311.1	24346679	24354946	2	B	2	cnv,ref_divergence	0	0	1	0	1		liftoff_only	siscowet	1	2	0	0	1	gene-LOC120046979	1		0	
gene-LOC120047112	LOC120047112	E3 ubiquitin-protein ligase E3D-like	protein_coding	NC_052311.1	40231639	40251521	10	B	2	ecotype_only_corroborated,ref_divergence	0	1	0	0	1		corroborated	siscowet			1	0	2	gene-LOC120047112	1		0	
gene-LOC120047114	LOC120047114	terminal nucleotidyltransferase 5A-like	protein_coding	NC_052311.1	40347102	40348926	3	B	2	ecotype_only_corroborated,ref_divergence	0	1	0	0	1		corroborated	siscowet			1	0	2	gene-LOC120047114	1		0	
gene-LOC120047124	LOC120047124	peroxisomal targeting signal 1 receptor-like	protein_coding	NC_052311.1	43137127	43155360	5	B	2	cnv,ref_divergence	0	0	1	0	1		liftoff_only	siscowet	1	2	0	0	1	gene-LOC120047124	1		0	
gene-LOC120047142	LOC120047142	sialic acid-binding Ig-like lectin 12	protein_coding	NC_052311.1	46991852	46993087	0	B	2	cnv,ref_divergence	0	0	1	0	1		liftoff_only	lean	4	2	0	0	1	gene-LOC120047140	3		0	
gene-LOC120047171	LOC120047171	polysialoglycoprotein-like	protein_coding	NC_052311.1	50904918	50907039	0	B	2	ecotype_only_corroborated,ref_divergence	0	1	0	0	1		corroborated	lean			0	1	2	gene-LOC120047171	3		0	0
gene-LOC120047173	LOC120047173	polysialoglycoprotein-like	protein_coding	NC_052311.1	50938708	50940883	2	B	2	ecotype_only_corroborated,ref_divergence	0	1	0	0	1		corroborated	lean			0	1	2	gene-LOC120047171	3		0	2
gene-LOC120047177	LOC120047177	collagen alpha-3(IX) chain-like	protein_coding	NC_052311.1	51305368	51308627	0	B	2	ecotype_only_corroborated,ref_divergence	0	1	0	0	1		corroborated	lean			1	0	2	gene-LOC120047176	2		0	
gene-LOC120047235	LOC120047235	carcinoembryonic antigen-related cell adhesion molecule 5-like	protein_coding	NC_052311.1	62174369	62179932	0	B	2	cnv,ref_divergence	0	0	1	0	1		liftoff_only	lean	2	1	0	0	1	gene-LOC120047235	3		0	
gene-LOC120047238	LOC120047238	carcinoembryonic antigen-related cell adhesion molecule 20-like	protein_coding	NC_052311.1	62227123	62232982	0	B	2	cnv,ref_divergence	0	0	1	0	1		liftoff_only	lean	2	1	0	0	1	gene-LOC120047235	3		0	
gene-LOC120047239	LOC120047239	carcinoembryonic antigen-related cell adhesion molecule 5-like	protein_coding	NC_052311.1	62233066	62239137	0	B	2	cnv,ref_divergence	0	0	1	0	1		liftoff_only	lean	2	1	0	0	1	gene-LOC120047235	3		0	
gene-LOC120047240	LOC120047240	platelet-activating factor acetylhydrolase IB subunit alpha1-like	protein_coding	NC_052311.1	62279983	62284084	0	B	2	ecotype_only_corroborated,ref_divergence	0	1	0	0	1		corroborated	lean			1	0	2	gene-LOC120047240	1		0	
gene-LOC120047242	LOC120047242	glutamate receptor ionotropic, kainate 5-like	protein_coding	NC_052311.1	62834228	62859483	0	B	2	ecotype_only_corroborated,ref_divergence	0	1	0	0	1		corroborated	lean			1	0	2	gene-LOC120047242	1		0	
gene-LOC120047258	LOC120047258	melanopsin-B-like	protein_coding	NC_052311.1	64142487	64151012	3	B	2	ecotype_only_corroborated,ref_divergence	0	1	0	0	1		corroborated	siscowet			1	0	2	gene-LOC120047258	1		0	
gene-LOC120047270	LOC120047270	myosin-10-like	protein_coding	NC_052311.1	65087448	65109220	9	B	2	ecotype_only_corroborated,ref_divergence	0	1	0	0	1		corroborated	siscowet			1	0	2	gene-LOC120047270	1		0	
gene-LOC120047282	LOC120047282	basal cell adhesion molecule-like	protein_coding	NC_052311.1	65934897	65974125	1	B	2	ecotype_only_corroborated,ref_divergence	0	1	0	0	1		corroborated	siscowet			1	0	2	gene-LOC120047282	1		0	
gene-LOC120047283	LOC120047283	trypsin-like	protein_coding	NC_052311.1	66175776	66177596	3	B	2	ecotype_only_corroborated,ref_divergence	0	1	0	0	1		corroborated	siscowet			1	0	2	gene-LOC120047283	4		0	
gene-LOC120047285	LOC120047285	trypsin-2-like	protein_coding	NC_052311.1	66212808	66213452	3	B	2	ecotype_only_corroborated,ref_divergence	0	1	0	0	1		corroborated	siscowet			1	0	2	gene-LOC120047283	4		0	
gene-LOC120047286	LOC120047286	transmembrane protein 145-like	protein_coding	NC_052311.1	66252570	66274320	2	B	2	ecotype_only_corroborated,ref_divergence	0	1	0	0	1		corroborated	siscowet			1	0	2	gene-LOC120047286	1		0	
gene-LOC120047296	LOC120047296	oxidative stress-induced growth inhibitor 2-like	protein_coding	NC_052311.1	67347358	67349905	0	B	2	ecotype_only_corroborated,ref_divergence	0	1	0	0	1		corroborated	siscowet			1	0	2	gene-LOC120047296	1		0	
gene-LOC120047297	LOC120047297	otoancorin-like	protein_coding	NC_052311.1	67524608	67530002	2	B	2	ecotype_only_corroborated,ref_divergence	0	1	0	0	1		corroborated	siscowet			1	0	2	gene-LOC120047297	1		0	
gene-LOC120047302	LOC120047302	interleukin-11-like	protein_coding	NC_052311.1	68185348	68190908	5	B	2	ecotype_only_corroborated,ref_divergence	0	1	0	0	1		corroborated	siscowet			1	0	2	gene-LOC120047302	1		0	
gene-LOC120047309	LOC120047309	transcriptional repressor scratch 1-like	protein_coding	NC_052311.1	68620747	68622407	3	B	2	cnv,ref_divergence	0	0	1	0	1		liftoff_only	siscowet	1	2	0	0	1	gene-LOC120047309	1		0	
gene-LOC120047312	LOC120047312	cleft lip and palate transmembrane protein 1-like protein	protein_coding	NC_052311.1	69279860	69284656	2	B	2	ecotype_only_corroborated,ref_divergence	0	1	0	0	1		corroborated	siscowet			1	0	2	gene-LOC120047312	1		0	
gene-LOC120047322	LOC120047322	ATP-dependent translocase ABCB1-like	protein_coding	NC_052311.1	70058990	70088178	5	B	2	cnv,ref_divergence	0	0	1	0	1		liftoff_only	siscowet	1	2	0	0	1	gene-LOC120047322	2		0	0
gene-LOC120047323	LOC120047323	ATP-dependent translocase ABCB1-like	protein_coding	NC_052311.1	70094020	70115805	5	B	2	cnv,ref_divergence	0	0	1	0	1		liftoff_only	siscowet	1	2	0	0	1	gene-LOC120047322	2		0	
gene-LOC120047327	LOC120047327	cell surface glycoprotein 1-like	protein_coding	NC_052311.1	70648213	70666685	2	B	2	ecotype_only_corroborated,ref_divergence	0	1	0	0	1		corroborated	lean			1	0	2	gene-LOC120047327	1		0	
gene-LOC120047331	LOC120047331	DNA repair and recombination protein RAD54B-like	protein_coding	NC_052311.1	70886070	70908345	6	B	2	ecotype_only_corroborated,ref_divergence	0	1	0	0	1		corroborated	siscowet			1	0	2	gene-LOC120047331	1		0	
gene-LOC120047333	LOC120047333	epithelial splicing regulatory protein 1-like	protein_coding	NC_052311.1	70944479	70950585	4	B	2	ecotype_only_corroborated,ref_divergence	0	1	0	0	1		corroborated	siscowet			1	0	2	gene-LOC120047333	1		0	
gene-LOC120047339	LOC120047339	angiopoietin-1-like	protein_coding	NC_052311.1	72022269	72032705	0	B	2	cnv,ref_divergence	0	0	1	0	1		liftoff_only	siscowet	1	2	0	0	1	gene-LOC120047339	1		0	
gene-LOC120047357	LOC120047357	gap junction beta-1 protein-like	protein_coding	NC_052311.1	236670	238226	2	B	2	cnv,ref_divergence	0	0	1	0	1		liftoff_only	lean	2	1	0	0	1	gene-LOC120047357	2		0	
gene-LOC120047436	LOC120047436	adhesion G protein-coupled receptor E3-like	protein_coding	NC_052311.1	23862348	23866920	2	B	2	cnv,ref_divergence	0	0	1	0	1		liftoff_only	siscowet	1	2	0	0	1	gene-LOC120047435	2		0	
gene-LOC120047438	LOC120047438	endonuclease domain-containing 1 protein-like	protein_coding	NC_052311.1	24184982	24187882	3	B	2	cnv,ref_divergence	0	0	1	0	1		liftoff_only	siscowet	1	2	0	0	1	gene-LOC120047438	1		0	
gene-LOC120047439	LOC120047439	zinc-binding protein A33-like	protein_coding	NC_052311.1	24189950	24202555	2	B	2	cnv,ref_divergence	0	0	1	0	1		liftoff_only	siscowet	1	2	0	0	1	gene-LOC120048083	3		0	
gene-LOC120047440	LOC120047440	calcium-binding protein 2-like	protein_coding	NC_052311.1	24217890	24224239	1	B	2	cnv,ref_divergence	0	0	1	0	1		liftoff_only	siscowet	1	2	0	0	1	gene-LOC120047440	1		0	
gene-LOC120047441	LOC120047441	beta-crystallin B1-like	protein_coding	NC_052311.1	24242956	24245332	3	B	2	cnv,ref_divergence	0	0	1	0	1		liftoff_only	siscowet	1	2	0	0	1	gene-LOC120047441	2		0	
gene-LOC120047536	LOC120047536	dual specificity protein kinase Ttk-like	protein_coding	NC_052311.1	40594500	40607726	12	B	2	ecotype_only_corroborated,ref_divergence	0	1	0	0	1		corroborated	siscowet			1	0	2	gene-LOC120047536	1		0	
gene-LOC120047537	LOC120047537	syntabulin-like	protein_coding	NC_052311.1	40627442	40640220	4	B	2	ecotype_only_corroborated,ref_divergence	0	1	0	0	1		corroborated	siscowet			1	0	2	gene-LOC120047537	1		0	
gene-LOC120047538	LOC120047538	growth/differentiation factor 6-A-like	protein_coding	NC_052311.1	40649501	40655523	6	B	2	ecotype_only_corroborated,ref_divergence	0	1	0	0	1		corroborated	siscowet			1	0	2	gene-LOC120047538	1		0	
gene-LOC120047563	LOC120047563	protein FAM110B-like	protein_coding	NC_052311.1	46138466	46155050	0	B	2	ecotype_only_corroborated,ref_divergence	0	1	0	0	1		corroborated	siscowet			1	0	2	gene-LOC120047563	1		0	
gene-LOC120047564	LOC120047564	free fatty acid receptor 2-like	protein_coding	NC_052311.1	46351542	46356246	4	B	2	ecotype_only_corroborated,ref_divergence	0	1	0	0	1		corroborated	siscowet			1	0	2	gene-LOC120047564	2		0	
gene-LOC120047565	LOC120047565	free fatty acid receptor 2-like	protein_coding	NC_052311.1	46358811	46364197	4	B	2	ecotype_only_corroborated,ref_divergence	0	1	0	0	1		corroborated	siscowet			1	0	2	gene-LOC120047564	2		0	
gene-LOC120047572	LOC120047572	myelin-associated glycoprotein-like	protein_coding	NC_052311.1	47166349	47178614	0	B	2	ecotype_only_corroborated,ref_divergence	0	1	0	0	1		corroborated	lean			1	0	2	gene-LOC120047143	2		0	
gene-LOC120047581	LOC120047581	gamma-aminobutyric acid type B receptor subunit 1-like	protein_coding	NC_052311.1	47544695	47575735	5	B	2	ecotype_only_corroborated,ref_divergence	0	1	0	0	1		corroborated	siscowet			1	0	2	gene-LOC120047581	1		0	
gene-LOC120047582	LOC120047582	tumor necrosis factor-like	protein_coding	NC_052311.1	47583358	47585121	3	B	2	ecotype_only_corroborated,ref_divergence	0	1	0	0	1		corroborated	siscowet			1	0	2	gene-LOC120047582	1		0	
gene-LOC120047585	LOC120047585	tetraspanin-13-like	protein_coding	NC_052311.1	47649360	47653657	1	B	2	ecotype_only_corroborated,ref_divergence	0	1	0	0	1		corroborated	siscowet			1	0	2	gene-LOC120047585	1		0	
gene-LOC120047586	LOC120047586	sclerostin domain-containing protein 1-like	protein_coding	NC_052311.1	47666456	47668864	4	B	2	ecotype_only_corroborated,ref_divergence	0	1	0	0	1		corroborated	siscowet			1	0	2	gene-LOC120047586	1		0	
gene-LOC120047587	LOC120047587	homeobox protein MOX-2-like	protein_coding	NC_052311.1	47727704	47737353	4	B	2	ecotype_only_corroborated,ref_divergence	0	1	0	0	1		corroborated	siscowet			1	0	2	gene-LOC120047587	1		0	
gene-LOC120047620	LOC120047620	1-phosphatidylinositol phosphodiesterase-like	protein_coding	NC_052311.1	49717122	49718956	2	B	2	ecotype_only_corroborated,ref_divergence	0	1	0	0	1		corroborated	lean			1	0	2	gene-LOC120047620	3		0	
gene-LOC120047622	LOC120047622	1-phosphatidylinositol phosphodiesterase-like	protein_coding	NC_052311.1	49730701	49732542	2	B	2	ecotype_only_corroborated,ref_divergence	0	1	0	0	1		corroborated	lean			1	0	2	gene-LOC120047620	3		0	
gene-LOC120047625	LOC120047625	ammonium transporter Rh type B-like	protein_coding	NC_052311.1	50101379	50111063	4	B	2	ecotype_only_corroborated,ref_divergence	0	1	0	0	1		corroborated	lean			1	0	2	gene-LOC120047625	1		0	
gene-LOC120047639	LOC120047639	furin-1-like	protein_coding	NC_052307.1	65556985	65653338	4	B	2	ecotype_only_corroborated,ref_divergence	0	1	0	0	1		corroborated	siscowet			1	1	3	gene-LOC120047639	1		0	1
gene-LOC120047670	LOC120047670	Krueppel-like factor 10	protein_coding	NC_052311.1	55434217	55443087	3	B	2	ecotype_only_corroborated,ref_divergence	0	1	0	0	1		corroborated	siscowet			1	0	2	gene-LOC120047670	1		0	
gene-LOC120047700	LOC120047700	zinc-binding protein A33-like	protein_coding	NC_052311.1	61977061	61982501	4	B	2	cnv,ref_divergence	0	0	1	0	1		liftoff_only	siscowet	1	2	0	0	1	gene-LOC120047700	1		0	
gene-LOC120047707	LOC120047707	protein FAM189B-like	protein_coding	NC_052311.1	62897114	62899149	0	B	2	ecotype_only_corroborated,ref_divergence	0	1	0	0	1		corroborated	lean			1	0	2	gene-LOC120047707	1		0	
gene-LOC120047712	LOC120047712	voltage-dependent calcium channel gamma-4 subunit-like	protein_coding	NC_052311.1	63279788	63292581	11	B	2	ecotype_only_corroborated,ref_divergence	0	1	0	0	1		corroborated	lean			1	0	2	gene-LOC120047712	1		0	
gene-LOC120047717	LOC120047717	adaptin ear-binding coat-associated protein 1-like	protein_coding	NC_052311.1	63506998	63514872	3	B	2	ecotype_only_corroborated,ref_divergence	0	1	0	0	1		corroborated	siscowet			1	0	2	gene-LOC120047717	1		0	
gene-LOC120047732	LOC120047732	lymphocyte activation gene 3 protein-like	protein_coding	NC_052311.1	64254616	64257965	7	B	2	ecotype_only_corroborated,ref_divergence	0	1	0	0	1		corroborated	lean			1	0	2	gene-LOC120047732	1		0	
gene-LOC120047746	LOC120047746	transmembrane protein 107-like	protein_coding	NC_052311.1	65906810	65910025	3	B	2	ecotype_only_corroborated,ref_divergence	0	1	0	0	1		corroborated	lean			1	0	2	gene-LOC120047746	1		0	
gene-LOC120047749	LOC120047749	39S ribosomal protein L17, mitochondrial-like	protein_coding	NC_052311.1	66246776	66248827	4	B	2	ecotype_only_corroborated,ref_divergence	0	1	0	0	1		corroborated	siscowet			1	0	2	gene-LOC120047749	1		0	
gene-LOC120047780	LOC120047780	sugar transporter SWEET1-like	protein_coding	NC_052311.1	71054286	71062522	3	B	2	cnv,ref_divergence	0	0	1	0	1		liftoff_only	lean	2	1	0	0	1	gene-LOC120047780	1		0	
gene-LOC120047784	LOC120047784	galectin-1-like	protein_coding	NC_052311.1	71579156	71584514	1	B	2	cnv,ref_divergence	0	0	1	0	1		liftoff_only	siscowet	1	2	0	0	1	gene-LOC120047784	1		0	
gene-LOC120047785	LOC120047785	ribonuclease P protein subunit p38-like	protein_coding	NC_052311.1	71750250	71751427	6	B	2	ecotype_only_corroborated,ref_divergence	0	1	0	0	1		corroborated	siscowet			1	0	2	gene-LOC120047785	1		0	
gene-LOC120047812	LOC120047812	AP-2 complex subunit alpha-2	protein_coding	NC_052307.1	67926087	67946023	5	B	2	ecotype_only_corroborated,ref_divergence	0	1	0	0	1		corroborated	lean			1	0	2	gene-LOC120047812	1		0	
gene-LOC120047821	LOC120047821	kelch repeat and BTB domain-containing protein 13	protein_coding	NC_052311.1	24936374	24937804	1	B	2	cnv,ref_divergence	0	0	1	0	1		liftoff_only	lean	2	1	0	0	1	gene-LOC120047821	1		0	
gene-LOC120047831	LOC120047831	CD81 antigen-like	protein_coding	NC_052307.1	68037228	68057667	1	B	2	ecotype_only_corroborated,ref_divergence	0	1	0	0	1		corroborated	lean			1	0	2	gene-LOC120047831	1		0	
gene-LOC120047841	LOC120047841	anoctamin-5-like	protein_coding	NC_052307.1	68109730	68134199	4	B	2	ecotype_only_corroborated,ref_divergence	0	1	0	0	1		corroborated	lean			1	0	2	gene-ano9b	2		0	
gene-LOC120047849	LOC120047849	protein TSSC4-like	protein_coding	NC_052307.1	68101681	68113705	0	B	2	ecotype_only_corroborated,ref_divergence	0	1	0	0	1		corroborated	lean			1	0	2	gene-LOC120047849	1		0	
gene-LOC120047881	LOC120047881	matrin-3-like	protein_coding	NC_052311.1	5985014	5996164	3	B	2	ecotype_only_corroborated,ref_divergence	0	1	0	0	1		corroborated	siscowet			1	0	2	gene-LOC120047884	3		0	
gene-LOC120047882	LOC120047882	leucine-rich repeat-containing G-protein coupled receptor 4-like	protein_coding	NC_052307.1	68303297	68308810	5	B	2	ecotype_only_corroborated,ref_divergence	0	1	0	0	1		corroborated	lean			1	0	2	gene-LOC120047882	1		0	
gene-LOC120047883	LOC120047883	matrin-3-like	protein_coding	NC_052311.1	6013076	6024024	3	B	2	ecotype_only_corroborated,ref_divergence	0	1	0	0	1		corroborated	siscowet			1	0	2	gene-LOC120047884	3		0	
gene-LOC120047884	LOC120047884	matrin-3-like	protein_coding	NC_052311.1	5964800	5982539	3	B	2	ecotype_only_corroborated,ref_divergence	0	1	0	0	1		corroborated	siscowet			1	0	2	gene-LOC120047884	3		0	
gene-LOC120047885	LOC120047885	polyadenylate-binding protein-interacting protein 2-like	protein_coding	NC_052311.1	5982547	6012980	3	B	2	ecotype_only_corroborated,ref_divergence	0	1	0	0	1		corroborated	siscowet			1	0	2	gene-LOC120047885	1		0	
gene-LOC120047888	LOC120047888	transcription factor PU.1-like	protein_coding	NC_052307.1	68247167	68256462	5	B	2	ecotype_only_corroborated,ref_divergence	0	1	0	0	1		corroborated	lean			1	0	2	gene-LOC120047888	1		0	
gene-LOC120047921	LOC120047921	E3 ubiquitin-protein transferase RMND5B-like	protein_coding	NC_052311.1	8446647	8469007	6	B	2	ecotype_only_corroborated,ref_divergence	0	1	0	0	1		corroborated	siscowet			1	0	2	gene-LOC120047921	1		0	
gene-LOC120047927	LOC120047927	monocarboxylate transporter 8-like	protein_coding	NC_052311.1	9675729	9710349	3	B	2	cnv,ref_divergence	0	0	1	0	1		liftoff_only	siscowet	1	2	0	0	1	gene-LOC120047927	1		0	
gene-LOC120047928	LOC120047928	LRRN4 C-terminal-like protein	protein_coding	NC_052311.1	9721823	9722623	1	B	2	cnv,ref_divergence	0	0	1	0	1		liftoff_only	siscowet	1	2	0	0	1	gene-LOC120047928	1		0	
gene-LOC120047943	LOC120047943	phospholipase A and acyltransferase 4-like	protein_coding	NC_052311.1	10040330	10042809	5	B	2	cnv,ref_divergence	0	0	1	0	1		liftoff_only	siscowet	1	2	0	0	1	gene-LOC120047943	3		0	
gene-LOC120047954	LOC120047954	ubiquitin carboxyl-terminal hydrolase CYLD-like	protein_coding	NC_052307.1	69606264	69638591	9	B	2	ecotype_only_corroborated,ref_divergence	0	1	0	0	1		corroborated	siscowet			1	0	2	gene-LOC120047954	1		0	
gene-LOC120048037	LOC120048037	adenylate cyclase type 2-like	protein_coding	NC_052307.1	69885198	69919250	6	B	2	ecotype_only_corroborated,ref_divergence	0	1	0	0	1		corroborated	siscowet			1	1	3	gene-LOC120048037	1		0	0
gene-LOC120048082	LOC120048082	insulin-like growth factor-binding protein 7	protein_coding	NC_052311.1	23802324	23811981	6	B	2	cnv,ref_divergence	0	0	1	0	1		liftoff_only	siscowet	1	2	0	0	1	gene-LOC120048082	1		0	
gene-LOC120048085	LOC120048085	transcription initiation factor TFIID subunit 4-like	protein_coding	NC_052307.1	70176956	70264756	6	B	2	ecotype_only_corroborated,ref_divergence	0	1	0	0	1		corroborated	siscowet			1	1	3	gene-LOC120048085	1		0	0
gene-LOC120048086	LOC120048086	catenin delta-1-like	protein_coding	NC_052311.1	24260959	24303243	7	B	2	cnv,ref_divergence	0	0	1	0	1		liftoff_only	siscowet	1	2	0	0	1	gene-LOC120048086	1		0	
gene-LOC120048092	LOC120048092	xaa-Pro dipeptidase-like	protein_coding	NC_052307.1	70679181	70690137	2	B	2	ecotype_only_corroborated,ref_divergence	0	1	0	0	1		corroborated	siscowet			0	1	2	gene-LOC120048092	1		0	1
gene-LOC120048143	LOC120048143	tyrosine-protein kinase CSK	protein_coding	NC_052307.1	70909573	70954689	6	B	2	ecotype_only_corroborated,ref_divergence	0	1	0	0	1		corroborated	siscowet			1	0	2	gene-LOC120048143	1		0	
gene-LOC120048162	LOC120048162	vesicle-associated membrane protein 1-like	protein_coding	NC_052311.1	60507272	60512278	7	B	2	ecotype_only_corroborated,ref_divergence	0	1	0	0	1		corroborated	siscowet			1	0	2	gene-LOC120048162	1		0	
gene-LOC120048196	LOC120048196	pre-mRNA-splicing factor RBM22-like	protein_coding	NC_052311.1	31332362	31347976	6	B	2	cnv,ref_divergence	0	0	1	0	1		liftoff_only	siscowet	1	2	0	0	1	gene-LOC120048196	1		0	
gene-LOC120048197	LOC120048197	myozenin-2-like	protein_coding	NC_052311.1	31347905	31353684	5	B	2	cnv,ref_divergence	0	0	1	0	1		liftoff_only	siscowet	1	2	0	0	1	gene-LOC120048197	1		0	
gene-LOC120048215	LOC120048215	alpha-1A adrenergic receptor-like	protein_coding	NC_052311.1	33001133	33038374	6	B	2	cnv,ref_divergence	0	0	1	0	1		liftoff_only	lean	2	1	0	0	1	gene-LOC120048215	1		0	
gene-LOC120048222	LOC120048222	kelch-like protein 3	protein_coding	NC_052311.1	33967680	33995290	1	B	2	cnv,ref_divergence	0	0	1	0	1		liftoff_only	siscowet	1	2	0	0	1	gene-LOC120048222	1		0	
gene-LOC120048223	LOC120048223	heterogeneous nuclear ribonucleoprotein A0-like	protein_coding	NC_052311.1	33999306	34000923	1	B	2	cnv,ref_divergence	0	0	1	0	1		liftoff_only	siscowet	1	2	0	0	1	gene-LOC120048223	2		0	
gene-LOC120048224	LOC120048224	heterogeneous nuclear ribonucleoprotein A0-like	protein_coding	NC_052311.1	34002812	34005802	1	B	2	cnv,ref_divergence	0	0	1	0	1		liftoff_only	siscowet	1	2	0	0	1	gene-LOC120048223	2		0	
gene-LOC120048225	LOC120048225	transmembrane protein 41B-like	protein_coding	NC_052307.1	71122688	71131904	1	B	2	ecotype_only_corroborated,ref_divergence	0	1	0	0	1		corroborated	siscowet			1	0	2	gene-LOC120048225	1		0	
gene-LOC120048238	LOC120048238	DENN domain-containing protein 2B-like	protein_coding	NC_052307.1	71218521	71295169	1	B	2	ecotype_only_corroborated,ref_divergence	0	1	0	0	1		corroborated	siscowet			0	1	2	gene-LOC120048230	2		0	0
gene-LOC120048240	LOC120048240	piggyBac transposable element-derived protein 4-like	protein_coding	NC_052311.1	35940774	35941610	0	B	2	cnv,ref_divergence	0	0	1	0	1		liftoff_only	siscowet	2	3	0	0	1	gene-LOC120048240	1		0	
gene-LOC120048265	LOC120048265	protein dopey-1-like	protein_coding	NC_052311.1	40196295	40231547	3	B	2	ecotype_only_corroborated,ref_divergence	0	1	0	0	1		corroborated	siscowet			1	0	2	gene-LOC120048265	1		0	
gene-LOC120048267	LOC120048267	trophoblast glycoprotein-like	protein_coding	NC_052311.1	40287835	40291673	3	B	2	ecotype_only_corroborated,ref_divergence	0	1	0	0	1		corroborated	siscowet			1	0	2	gene-LOC120048267	1		0	
gene-LOC120048268	LOC120048268	inhibitor of Bruton tyrosine kinase-like	protein_coding	NC_052311.1	40296073	40328305	5	B	2	ecotype_only_corroborated,ref_divergence	0	1	0	0	1		corroborated	siscowet			1	0	2	gene-LOC120048268	1		0	
gene-LOC120048269	LOC120048269	2-oxoisovalerate dehydrogenase subunit beta, mitochondrial-like	protein_coding	NC_052311.1	40500782	40584849	4	B	2	ecotype_only_corroborated,ref_divergence	0	1	0	0	1		corroborated	siscowet			1	0	2	gene-LOC120048269	1		0	
gene-LOC120048270	LOC120048270	receptor-binding cancer antigen expressed on SiSo cells-like	protein_coding	NC_052311.1	40608220	40624159	1	B	2	ecotype_only_corroborated,ref_divergence	0	1	0	0	1		corroborated	siscowet			1	0	2	gene-LOC120048270	1		0	
gene-LOC120048307	LOC120048307	cell division cycle-associated protein 3-like	protein_coding	NC_052311.1	43108248	43125869	0	B	2	cnv,ref_divergence	0	0	1	0	1		liftoff_only	siscowet	1	2	0	0	1	gene-LOC120048307	1		0	
gene-LOC120048327	LOC120048327	chromodomain-helicase-DNA-binding protein 9-like	protein_coding	NC_052307.1	72017216	72136211	3	B	2	ecotype_only_corroborated,ref_divergence	0	1	0	0	1		corroborated	siscowet			1	1	3	gene-LOC120048327	1		0	0
gene-LOC120048342	LOC120048342	E3 ubiquitin-protein ligase arih1	protein_coding	NC_052307.1	72430581	72451102	9	B	2	ecotype_only_corroborated,ref_divergence	0	1	0	0	1		corroborated	lean			1	0	2	gene-LOC120048342	1		0	
gene-LOC120048344	LOC120048344	protein argonaute-1	protein_coding	NC_052311.1	46247458	46267047	2	B	2	ecotype_only_corroborated,ref_divergence	0	1	0	0	1		corroborated	siscowet			1	0	2	gene-LOC120048344	2		0	
gene-LOC120048346	LOC120048346	protein argonaute-3	protein_coding	NC_052311.1	46267844	46298400	4	B	2	ecotype_only_corroborated,ref_divergence	0	1	0	0	1		corroborated	siscowet			1	0	2	gene-LOC120048344	2		0	
gene-LOC120048357	LOC120048357	protein Aster-A-like	protein_coding	NC_052311.1	47353224	47387408	6	B	2	ecotype_only_corroborated,ref_divergence	0	1	0	0	1		corroborated	lean			1	0	2	gene-LOC120048357	1		0	
gene-LOC120048364	LOC120048364	large proline-rich protein BAG6-like	protein_coding	NC_052311.1	47634151	47648040	4	B	2	ecotype_only_corroborated,ref_divergence	0	1	0	0	1		corroborated	siscowet			1	0	2	gene-LOC120048364	1		0	
gene-LOC120048365	LOC120048365	ankyrin repeat and MYND domain-containing protein 2-like	protein_coding	NC_052311.1	47654806	47661695	1	B	2	ecotype_only_corroborated,ref_divergence	0	1	0	0	1		corroborated	siscowet			1	0	2	gene-LOC120048365	1		0	
gene-LOC120048367	LOC120048367	diacylglycerol kinase beta-like	protein_coding	NC_052311.1	47795462	47847670	7	B	2	ecotype_only_corroborated,ref_divergence	0	1	0	0	1		corroborated	siscowet			1	0	2	gene-LOC120048367	1		0	
gene-LOC120048399	LOC120048399	gamma-secretase subunit Aph-1b	protein_coding	NC_052307.1	72734377	72747863	8	B	2	ecotype_only_corroborated,ref_divergence	0	1	0	0	1		corroborated	siscowet			1	0	2	gene-LOC120048399	1		0	
gene-LOC120048421	LOC120048421	tropomodulin-4-like	protein_coding	NC_052311.1	50386423	50401419	6	B	2	ecotype_only_corroborated,ref_divergence	0	1	0	0	1		corroborated	siscowet			1	0	2	gene-LOC120048421	1		0	
gene-LOC120048423	LOC120048423	semaphorin-6D-like	protein_coding	NC_052311.1	50635658	50706520	9	B	2	ecotype_only_corroborated,ref_divergence	0	1	0	0	1		corroborated	siscowet			1	0	2	gene-LOC120048423	1		0	
gene-LOC120048439	LOC120048439	ribosome biogenesis protein BMS1 homolog	protein_coding	NC_052311.1	51389392	51434325	8	B	2	ecotype_only_corroborated,ref_divergence	0	1	0	0	1		corroborated	lean			1	0	2	gene-LOC120048439	1		0	
gene-LOC120048441	LOC120048441	calpain-7-like	protein_coding	NC_052311.1	51436097	51452506	2	B	2	ecotype_only_corroborated,ref_divergence	0	1	0	0	1		corroborated	lean			1	0	2	gene-LOC120048441	1		0	
gene-LOC120048445	LOC120048445	BMP-binding endothelial regulator protein-like	protein_coding	NC_052311.1	51495176	51514794	1	B	2	ecotype_only_corroborated,ref_divergence	0	1	0	0	1		corroborated	lean			1	0	2	gene-LOC120048445	1		0	
gene-LOC120048461	LOC120048461	rho guanine nucleotide exchange factor 2-like	protein_coding	NC_052311.1	52369722	52415455	8	B	2	ecotype_only_corroborated,ref_divergence	0	1	0	0	1		corroborated	siscowet			1	0	2	gene-LOC120048461	1		0	
gene-LOC120048502	LOC120048502	DDB1- and CUL4-associated factor 13-like	protein_coding	NC_052311.1	54578649	54591641	4	B	2	ecotype_only_corroborated,ref_divergence	0	1	0	0	1		corroborated	siscowet			1	0	2	gene-LOC120048502	1		0	
gene-LOC120048535	LOC120048535	aldehyde dehydrogenase, mitochondrial-like	protein_coding	NC_052311.1	58297316	58312544	1	B	2	ecotype_only_corroborated,ref_divergence	0	1	0	0	1		corroborated	siscowet			1	0	2	gene-LOC120048535	1		0	
gene-LOC120048594	LOC120048594	lymphocyte activation gene 3 protein-like	protein_coding	NC_052311.1	60489396	60492807	7	B	2	ecotype_only_corroborated,ref_divergence	0	1	0	0	1		corroborated	siscowet			1	0	2	gene-LOC120048594	1		0	
gene-LOC120048604	LOC120048604	DNA-binding death effector domain-containing protein 2-like	protein_coding	NC_052311.1	60802820	60816186	6	B	2	ecotype_only_corroborated,ref_divergence	0	1	0	0	1		corroborated	siscowet			1	0	2	gene-LOC120048604	1		0	
gene-LOC120048640	LOC120048640	CDKN2A interacting protein	protein_coding	NC_052307.1	73654121	73659496	2	B	2	cnv,ref_divergence	0	0	1	0	1		liftoff_only	siscowet	1	2	0	0	1	gene-LOC120048640	1		0	1
gene-LOC120048677	LOC120048677	ras-related protein Rab-13	protein_coding	NC_052311.1	62920828	62931499	12	B	2	ecotype_only_corroborated,ref_divergence	0	1	0	0	1		corroborated	lean			1	0	2	gene-LOC120048677	1		0	
gene-LOC120048678	LOC120048678	40S ribosomal protein S27-like	protein_coding	NC_052311.1	62932607	62936697	6	B	2	ecotype_only_corroborated,ref_divergence	0	1	0	0	1		corroborated	lean			1	0	2	gene-LOC120048678	1		0	
gene-LOC120048691	LOC120048691	epsin-1-like	protein_coding	NC_052311.1	63410957	63441685	6	B	2	ecotype_only_corroborated,ref_divergence	0	1	0	0	1		corroborated	lean			1	0	2	gene-LOC120048691	1		0	
gene-LOC120048704	LOC120048704	cocaine- and amphetamine-regulated transcript protein	protein_coding	NC_052307.1	73665411	73666492	7	B	2	cnv,ref_divergence	0	0	1	0	1		liftoff_only	siscowet	1	2	0	0	1	gene-LOC120048704	1		0	0
gene-LOC120048708	LOC120048708	vesicle-associated membrane protein 1-like	protein_coding	NC_052311.1	64266757	64279246	7	B	2	ecotype_only_corroborated,ref_divergence	0	1	0	0	1		corroborated	lean			1	0	2	gene-LOC120048708	1		0	
gene-LOC120048713	LOC120048713	chromodomain-helicase-DNA-binding protein 4-like	protein_coding	NC_052311.1	64393777	64431837	11	B	2	ecotype_only_corroborated,ref_divergence	0	1	0	0	1		corroborated	lean			1	0	2	gene-LOC120048713	1		0	
gene-LOC120048714	LOC120048714	tyrosine-protein phosphatase non-receptor type 6-like	protein_coding	NC_052311.1	64359642	64392815	2	B	2	ecotype_only_corroborated,ref_divergence	0	1	0	0	1		corroborated	lean			1	0	2	gene-LOC120048714	1		0	
gene-LOC120048722	LOC120048722	myeloid leukemia factor 2-like	protein_coding	NC_052311.1	64456628	64461043	3	B	2	ecotype_only_corroborated,ref_divergence	0	1	0	0	1		corroborated	lean			1	0	2	gene-LOC120048722	1		0	
gene-LOC120048724	LOC120048724	retinol-binding protein 1-like	protein_coding	NC_052311.1	64355730	64358971	4	B	2	ecotype_only_corroborated,ref_divergence	0	1	0	0	1		corroborated	lean			1	0	2	gene-LOC120048724	1		0	
gene-LOC120048764	LOC120048764	B-cell lymphoma 3 protein homolog	protein_coding	NC_052311.1	66110108	66131617	1	B	2	ecotype_only_corroborated,ref_divergence	0	1	0	0	1		corroborated	siscowet			1	0	2	gene-LOC120048764	1		0	
gene-LOC120048765	LOC120048765	mitochondrial import receptor subunit TOM40 homolog	protein_coding	NC_052311.1	66105940	66110063	4	B	2	ecotype_only_corroborated,ref_divergence	0	1	0	0	1		corroborated	siscowet			1	0	2	gene-LOC120048765	1		0	
gene-LOC120048766	LOC120048766	E3 ubiquitin-protein ligase CBL-like	protein_coding	NC_052311.1	66139093	66175604	9	B	2	ecotype_only_corroborated,ref_divergence	0	1	0	0	1		corroborated	siscowet			1	0	2	gene-LOC120048766	1		0	
gene-LOC120048768	LOC120048768	trypsin-2-like	protein_coding	NC_052311.1	66229313	66231231	3	B	2	ecotype_only_corroborated,ref_divergence	0	1	0	0	1		corroborated	siscowet			1	0	2	gene-LOC120047283	4		0	
gene-LOC120048788	LOC120048788	solute carrier family 25 member 40-like	protein_coding	NC_052311.1	67175588	67193129	1	B	2	ecotype_only_corroborated,ref_divergence	0	1	0	0	1		corroborated	siscowet			1	0	2	gene-LOC120047757	2		0	
gene-LOC120048791	LOC120048791	claudin-12-like	protein_coding	NC_052311.1	67302558	67306503	1	B	2	ecotype_only_corroborated,ref_divergence	0	1	0	0	1		corroborated	lean			1	0	2	gene-LOC120048791	1		0	
gene-LOC120048793	LOC120048793	aromatase-like	protein_coding	NC_052307.1	74766562	74772403	4	B	2	ecotype_only_corroborated,ref_divergence	0	1	0	0	1		corroborated	siscowet			1	0	2	gene-LOC120048793	1		0	
gene-LOC120048799	LOC120048799	extracellular matrix protein 1-like	protein_coding	NC_052311.1	67465443	67479526	5	B	2	ecotype_only_corroborated,ref_divergence	0	1	0	0	1		corroborated	siscowet			1	0	2	gene-LOC120048799	1		0	
gene-LOC120048800	LOC120048800	phosphatidylinositol 4-phosphate 5-kinase type-1 alpha-like	protein_coding	NC_052311.1	67482207	67504914	2	B	2	ecotype_only_corroborated,ref_divergence	0	1	0	0	1		corroborated	siscowet			1	0	2	gene-LOC120048800	1		0	
gene-LOC120048801	LOC120048801	aromatase-like	protein_coding	NC_052307.1	74881664	74890213	4	B	2	ecotype_only_corroborated,ref_divergence	0	1	0	0	1		corroborated	lean			1	0	2	gene-LOC120048801	1		0	
gene-LOC120048802	LOC120048802	26S proteasome non-ATPase regulatory subunit 4-like	protein_coding	NC_052311.1	67505554	67509623	5	B	2	ecotype_only_corroborated,ref_divergence	0	1	0	0	1		corroborated	siscowet			1	0	2	gene-LOC120048802	1		0	
gene-LOC120048808	LOC120048808	E3 ubiquitin-protein ligase TRIM39-like	protein_coding	NC_052307.1	75021175	75031218	1	B	2	ecotype_only_corroborated,ref_divergence	0	1	0	0	1		corroborated	lean			1	0	2	gene-LOC120048808	1		0	
gene-LOC120048834	LOC120048834	focal adhesion kinase 1-like	protein_coding	NC_052311.1	69119131	69264114	6	B	2	ecotype_only_corroborated,ref_divergence	0	1	0	0	1		corroborated	siscowet			1	0	2	gene-LOC120048831	2		0	
gene-LOC120048837	LOC120048837	magnesium transporter MRS2 homolog, mitochondrial-like	protein_coding	NC_052311.1	69285291	69292330	3	B	2	ecotype_only_corroborated,ref_divergence	0	1	0	0	1		corroborated	siscowet			1	0	2	gene-LOC120048837	1		0	
gene-LOC120048855	LOC120048855	tyrosine-protein phosphatase non-receptor type 3-like	protein_coding	NC_052311.1	70810629	70827621	6	B	2	ecotype_only_corroborated,ref_divergence	0	1	0	0	1		corroborated	siscowet			1	0	2	gene-LOC120048855	1		0	
gene-LOC120048858	LOC120048858	fibrinogen silencer-binding protein-like	protein_coding	NC_052311.1	70896067	70901212	0	B	2	ecotype_only_corroborated,ref_divergence	0	1	0	0	1		corroborated	siscowet			1	0	2	gene-LOC120048858	1		0	
gene-LOC120048859	LOC120048859	protein virilizer homolog	protein_coding	NC_052311.1	70913922	70943540	3	B	2	ecotype_only_corroborated,ref_divergence	0	1	0	0	1		corroborated	siscowet			1	0	2	gene-LOC120048859	1		0	
gene-LOC120048860	LOC120048860	DNA-directed RNA polymerase III subunit RPC3-like	protein_coding	NC_052311.1	71221858	71237987	3	B	2	ecotype_only_corroborated,ref_divergence	0	1	0	0	1		corroborated	lean			1	0	2	gene-LOC120048860	1		0	
gene-LOC120048861	LOC120048861	lysosomal acid glucosylceramidase-like	protein_coding	NC_052311.1	71246758	71253022	2	B	2	ecotype_only_corroborated,ref_divergence	0	1	0	0	1		corroborated	lean			1	1	3	gene-LOC120048861	1		0	1
gene-LOC120048863	LOC120048863	E3 ubiquitin-protein ligase RNF115-like	protein_coding	NC_052311.1	71238087	71246709	6	B	2	ecotype_only_corroborated,ref_divergence	0	1	0	0	1		corroborated	lean			1	1	3	gene-LOC120048863	1		0	1
gene-LOC120048865	LOC120048865	Bardet-Biedl syndrome 4 protein-like	protein_coding	NC_052307.1	75675554	75695833	4	B	2	cnv,ref_divergence	0	0	1	0	1		liftoff_only	siscowet	1	2	0	0	1	gene-LOC120048865	1		0	
gene-LOC120048877	LOC120048877	syndecan-2-like	protein_coding	NC_052311.1	72106125	72122373	3	B	2	ecotype_only_corroborated,ref_divergence	0	1	0	0	1		corroborated	siscowet			1	0	2	gene-LOC120048877	1		0	
gene-LOC120049009	LOC120049009	sialoadhesin-like	protein_coding	NC_052312.1	20620341	20650875	2	B	2	ecotype_only_corroborated,ref_divergence	0	1	0	0	1		corroborated	siscowet			1	0	2	gene-LOC120049006	2		0	
gene-LOC120049016	LOC120049016	general transcription factor II-I repeat domain-containing protein 2-like	protein_coding	NC_052312.1	20836510	20838447	1	B	2	cnv,ref_divergence	0	0	1	0	1		liftoff_only	lean	4	2	0	0	1	gene-LOC120049016	1		0	
gene-LOC120049017	LOC120049017	carcinoembryonic antigen-related cell adhesion molecule 5-like	protein_coding	NC_052312.1	20849702	20859169	2	B	2	ecotype_only_corroborated,ref_divergence	0	1	0	0	1		corroborated	siscowet			1	0	2	gene-LOC120049017	1		0	0
gene-LOC120049019	LOC120049019	serine/threonine-protein kinase D3-like	protein_coding	NC_052312.1	21116699	21127060	4	B	2	cnv,ref_divergence	0	0	1	0	1		liftoff_only	siscowet	1	2	0	0	1	gene-LOC120049019	1		0	
gene-LOC120049039	LOC120049039	microtubule-associated protein 11-like	protein_coding	NC_052312.1	22803600	22833245	3	B	2	cnv,ref_divergence	0	0	1	0	1		liftoff_only	siscowet	1	2	0	0	1	gene-LOC120049039	1		0	
gene-LOC120049071	LOC120049071	arg8-vasotocin receptor-like	protein_coding	NC_052312.1	30946696	30948997	6	B	2	ecotype_only_corroborated,ref_divergence	0	1	0	0	1		corroborated	siscowet			1	0	2	gene-LOC120049071	1		0	
gene-LOC120049072	LOC120049072	laminin subunit beta-1-like	protein_coding	NC_052312.1	30978173	31008287	6	B	2	ecotype_only_corroborated,ref_divergence	0	1	0	0	1		corroborated	siscowet			1	0	2	gene-LOC120049072	1		0	
gene-LOC120049076	LOC120049076	solute carrier family 13 member 4-like	protein_coding	NC_052312.1	32893734	32911403	3	B	2	ecotype_only_corroborated,ref_divergence	0	1	0	0	1		corroborated	siscowet			1	0	2	gene-LOC120049076	1		0	
gene-LOC120049093	LOC120049093	chemokine-like protein TAFA-2	protein_coding	NC_052312.1	36312158	36326547	2	B	2	ecotype_only_corroborated,ref_divergence	0	1	0	0	1		corroborated	siscowet			1	0	2	gene-LOC120049093	1		0	
gene-LOC120049094	LOC120049094	fibroblast growth factor 23-like	protein_coding	NC_052312.1	36480636	36481853	11	B	2	ecotype_only_corroborated,ref_divergence	0	1	0	0	1		corroborated	siscowet			1	0	2	gene-LOC120049360	3		0	
gene-LOC120049095	LOC120049095	fibroblast growth factor 4B-like	protein_coding	NC_052312.1	36487650	36491657	11	B	2	ecotype_only_corroborated,ref_divergence	0	1	0	0	1		corroborated	siscowet			1	0	2	gene-LOC120049360	3		0	
gene-LOC120049096	LOC120049096	dual specificity tyrosine-phosphorylation-regulated kinase 4-like	protein_coding	NC_052312.1	36528339	36535146	6	B	2	ecotype_only_corroborated,ref_divergence	0	1	0	0	1		corroborated	siscowet			1	0	2	gene-LOC120049096	1		0	
gene-LOC120049112	LOC120049112	transmembrane and coiled-coil domain protein 3-like	protein_coding	NC_052312.1	37278392	37287893	1	B	2	ecotype_only_corroborated,ref_divergence	0	1	0	0	1		corroborated	siscowet			1	0	2	gene-LOC120049112	1		0	0
gene-LOC120049113	LOC120049113		C_region	NC_052312.1	37434858	37436388	0	B	2	ecotype_only_corroborated,ref_divergence	0	1	0	0	1		corroborated	siscowet			1	0	2	gene-LOC120049113	1		0	
gene-LOC120049115	LOC120049115	putative ferric-chelate reductase 1	protein_coding	NC_052312.1	37600494	37623411	1	B	2	ecotype_only_corroborated,ref_divergence	0	1	0	0	1		corroborated	siscowet			1	0	2	gene-LOC120049115	1		0	
gene-LOC120049116	LOC120049116	troponin T, cardiac muscle isoforms-like	protein_coding	NC_052312.1	38178120	38178962	7	B	2	ecotype_only_corroborated,ref_divergence	0	1	0	0	1		corroborated	siscowet			1	0	2	gene-LOC120049116	1		0	
gene-LOC120049117	LOC120049117	protein lin-7 homolog A-like	protein_coding	NC_052312.1	38230872	38261879	8	B	2	ecotype_only_corroborated,ref_divergence	0	1	0	0	1		corroborated	siscowet			1	0	2	gene-LOC120049117	1		0	
gene-LOC120049132	LOC120049132		C_region	NC_052312.1	40319270	40321777	0	B	2	ecotype_only_corroborated,ref_divergence	0	1	0	0	1		corroborated	siscowet			0	1	2	gene-LOC120049132	1		0	1
gene-LOC120049142	LOC120049142	unique cartilage matrix-associated protein-like	protein_coding	NC_052312.1	43045477	43048291	4	B	2	ecotype_only_corroborated,ref_divergence	0	1	0	0	1		corroborated	siscowet			1	0	2	gene-LOC120049142	1		0	
gene-LOC120049166	LOC120049166	ras and EF-hand domain-containing protein homolog	protein_coding	NC_052312.1	48532004	48543266	3	B	2	ecotype_only_corroborated,ref_divergence	0	1	0	0	1		corroborated	lean			1	0	2	gene-LOC120049166	1		0	
gene-LOC120049172	LOC120049172	oxysterol-binding protein-related protein 8-like	protein_coding	NC_052312.1	49335113	49366307	5	B	2	ecotype_only_corroborated,ref_divergence	0	1	0	0	1		corroborated	siscowet			1	0	2	gene-LOC120049172	1		0	
gene-LOC120049182	LOC120049182	50 kDa spicule matrix protein-like	protein_coding	NC_052312.1	50413215	50414375	0	B	2	ecotype_only_corroborated,ref_divergence	0	1	0	0	1		corroborated	lean			1	0	2	gene-LOC120049182	1		0	
gene-LOC120049192	LOC120049192	zeta-sarcoglycan-like	protein_coding	NC_052312.1	1893547	1923746	4	B	2	cnv,ref_divergence	0	0	1	0	1		liftoff_only	siscowet	1	3	0	0	1	gene-LOC120049192	1		0	
gene-LOC120049205	LOC120049205	somatostatin receptor type 1-like	protein_coding	NC_052312.1	7779135	7780250	6	B	2	ecotype_only_corroborated,ref_divergence	0	1	0	0	1		corroborated	siscowet			1	0	2	gene-LOC120049205	1		0	
gene-LOC120049206	LOC120049206	protein lava lamp-like	protein_coding	NC_052307.1	2151191	2157844	1	B	2	ecotype_only_corroborated,ref_divergence	0	1	0	0	1		corroborated	lean			1	0	2	gene-LOC120049206	1		0	
gene-LOC120049249	LOC120049249	coatomer subunit beta-like	protein_coding	NC_052307.1	77110329	77117573	6	B	2	cnv,ref_divergence	0	0	1	0	1		liftoff_only	siscowet	1	2	0	0	1	gene-LOC120049249	1		0	
gene-LOC120049269	LOC120049269	SLAM family member 8-like	protein_coding	NC_052312.1	20456578	20460720	0	B	2	cnv,ref_divergence	0	0	1	0	1		liftoff_only	siscowet	1	2	0	0	1	gene-LOC120049269	1		0	
gene-LOC120049278	LOC120049278	ras-related protein R-Ras2	protein_coding	NC_052307.1	77120849	77159456	5	B	2	cnv,ref_divergence	0	0	1	0	1		liftoff_only	siscowet	1	2	0	0	1	gene-LOC120049278	1		0	
gene-LOC120049289	LOC120049289	plasminogen activator inhibitor 1-like	protein_coding	NC_052312.1	22917920	22925592	5	B	2	cnv,ref_divergence	0	0	1	0	1		liftoff_only	siscowet	1	2	0	0	1	gene-LOC120049289	1		0	
gene-LOC120049316	LOC120049316	cytoplasmic polyadenylation element-binding protein 1-like	protein_coding	NC_052307.1	77606777	77617999	10	B	2	ecotype_only_corroborated,ref_divergence	0	1	0	0	1		corroborated	siscowet			1	0	2	gene-LOC120049316	2		0	
gene-LOC120049318	LOC120049318	ATP-binding cassette sub-family D member 2-like	protein_coding	NC_052312.1	30101287	30123858	9	B	2	ecotype_only_corroborated,ref_divergence	0	1	0	0	1		corroborated	siscowet			1	0	2	gene-LOC120049318	1		0	
gene-LOC120049326	LOC120049326	synapsin-3-like	protein_coding	NC_052312.1	31022271	31132631	4	B	2	ecotype_only_corroborated,ref_divergence	0	1	0	0	1		corroborated	siscowet			1	0	2	gene-LOC120049326	1		0	
gene-LOC120049327	LOC120049327	metalloproteinase inhibitor 3-like	protein_coding	NC_052312.1	31067262	31088467	7	B	2	ecotype_only_corroborated,ref_divergence	0	1	0	0	1		corroborated	siscowet			1	0	2	gene-LOC120049327	1		0	
gene-LOC120049334	LOC120049334	RNA-binding protein with multiple splicing 2-like	protein_coding	NC_052307.1	77587880	77609645	3	B	2	ecotype_only_corroborated,ref_divergence	0	1	0	0	1		corroborated	siscowet			1	0	2	gene-LOC120049334	1		0	1
gene-LOC120049351	LOC120049351	nuclear transcription factor Y subunit beta-like	protein_coding	NC_052312.1	35380633	35383874	6	B	2	ecotype_only_corroborated,ref_divergence	0	1	0	0	1		corroborated	siscowet			1	0	2	gene-LOC120049351	1		0	
gene-LOC120049357	LOC120049357	monocarboxylate transporter 2-like	protein_coding	NC_052312.1	36222472	36240587	4	B	2	ecotype_only_corroborated,ref_divergence	0	1	0	0	1		corroborated	siscowet			1	0	2	gene-LOC120049357	1		0	
gene-LOC120049358	LOC120049358	ubl carboxyl-terminal hydrolase 18-like	protein_coding	NC_052312.1	36425172	36428559	5	B	2	ecotype_only_corroborated,ref_divergence	0	1	0	0	1		corroborated	siscowet			1	0	2	gene-LOC120049358	1		0	
gene-LOC120049359	LOC120049359	fructose-2,6-bisphosphatase TIGAR B-like	protein_coding	NC_052312.1	36463339	36467122	8	B	2	ecotype_only_corroborated,ref_divergence	0	1	0	0	1		corroborated	siscowet			1	0	2	gene-LOC120049359	1		0	
gene-LOC120049360	LOC120049360	fibroblast growth factor 23-like	protein_coding	NC_052312.1	36469115	36470431	11	B	2	ecotype_only_corroborated,ref_divergence	0	1	0	0	1		corroborated	siscowet			1	0	2	gene-LOC120049360	3		0	
gene-LOC120049363	LOC120049363	V-type proton ATPase subunit E 1-like	protein_coding	NC_052312.1	36712193	36716310	3	B	2	ecotype_only_corroborated,ref_divergence	0	1	0	0	1		corroborated	siscowet			1	0	2	gene-LOC120049363	1		0	
gene-LOC120049373	LOC120049373	synaptotagmin-1-like	protein_coding	NC_052312.1	37923716	37975752	13	B	2	ecotype_only_corroborated,ref_divergence	0	1	0	0	1		corroborated	siscowet			1	0	2	gene-LOC120049373	1		0	
gene-LOC120049375	LOC120049375	synaptotagmin-10-like	protein_coding	NC_052312.1	38134377	38154574	10	B	2	ecotype_only_corroborated,ref_divergence	0	1	0	0	1		corroborated	siscowet			1	0	2	gene-LOC120049375	1		0	
gene-LOC120049376	LOC120049376	myogenic factor 6-like	protein_coding	NC_052312.1	38217610	38218858	6	B	2	ecotype_only_corroborated,ref_divergence	0	1	0	0	1		corroborated	siscowet			1	0	2	gene-LOC120049376	2		0	
gene-LOC120049377	LOC120049377	myogenic factor 5-like	protein_coding	NC_052312.1	38224370	38226671	6	B	2	ecotype_only_corroborated,ref_divergence	0	1	0	0	1		corroborated	siscowet			1	0	2	gene-LOC120049376	2		0	
gene-LOC120049409	LOC120049409	endoplasmic reticulum-Golgi intermediate compartment protein 2-like	protein_coding	NC_052312.1	45220433	45230685	5	B	2	ecotype_only_corroborated,ref_divergence	0	1	0	0	1		corroborated	siscowet			1	0	2	gene-LOC120049409	1		0	
gene-LOC120049425	LOC120049425	pleckstrin homology-like domain family A member 1	protein_coding	NC_052312.1	49775601	49778107	2	B	2	ecotype_only_corroborated,ref_divergence	0	1	0	0	1		corroborated	siscowet			1	0	2	gene-LOC120049425	1		0	
gene-LOC120049493	LOC120049493	pescadillo homolog	protein_coding	NC_052307.1	15421986	15444279	5	B	2	cnv,ref_divergence	0	0	1	0	1		liftoff_only	siscowet	1	2	0	0	1	gene-LOC120049493	1		0	
gene-LOC120049497	LOC120049497	prostaglandin D2 receptor 2-like	protein_coding	NC_052312.1	14093591	14094671	7	B	2	cnv,ref_divergence	0	0	1	0	1		liftoff_only	siscowet	1	2	0	0	1	gene-LOC120049497	1		0	
gene-LOC120049627	LOC120049627	protein mono-ADP-ribosyltransferase PARP14-like	protein_coding	NC_052307.1	79324908	79365855	6	B	2	ecotype_only_corroborated,ref_divergence	0	1	0	0	1		corroborated	siscowet			1	0	2	gene-LOC120049627	1		0	
gene-LOC120049644	LOC120049644	tapasin-related protein-like	protein_coding	NC_052312.1	10908108	10914192	0	B	2	cnv,ref_divergence	0	0	1	0	1		liftoff_only	siscowet	1	2	0	0	1	gene-LOC120049644	1		0	
gene-LOC120049662	LOC120049662	fragile X mental retardation syndrome-related protein 1-like	protein_coding	NC_052312.1	14105623	14133404	28	B	2	cnv,ref_divergence	0	0	1	0	1		liftoff_only	siscowet	1	2	0	0	1	gene-LOC120049662	1		0	
gene-LOC120049663	LOC120049663	RNA-binding protein 4B-like	protein_coding	NC_052312.1	14145950	14148880	3	B	2	cnv,ref_divergence	0	0	1	0	1		liftoff_only	siscowet	1	2	0	0	1	gene-LOC120049663	1		0	
gene-LOC120049665	LOC120049665	TRAF-interacting protein with FHA domain-containing protein A-like	protein_coding	NC_052312.1	14155752	14158969	2	B	2	cnv,ref_divergence	0	0	1	0	1		liftoff_only	siscowet	1	2	0	0	1	gene-LOC120049665	1		0	
gene-LOC120049707	LOC120049707	ubiquitin-protein ligase E3B-like	protein_coding	NC_052307.1	15593021	15606716	4	B	2	cnv,ref_divergence	0	0	1	0	1		liftoff_only	siscowet	1	2	0	0	1	gene-LOC120049707	1		0	
gene-LOC120049758	LOC120049758	complement C1q-like protein 2	protein_coding	NC_052312.1	20931516	20933866	1	B	2	cnv,ref_divergence	0	0	1	0	1		liftoff_only	siscowet	1	2	0	0	1	gene-LOC120049758	1		0	
gene-LOC120049767	LOC120049767	kinesin light chain 2-like	protein_coding	NC_052312.1	21130012	21148620	5	B	2	cnv,ref_divergence	0	0	1	0	1		liftoff_only	siscowet	1	2	0	0	1	gene-LOC120049767	1		0	
gene-LOC120049781	LOC120049781	E3 ubiquitin/ISG15 ligase TRIM25-like	protein_coding	NC_052312.1	22076551	22098283	1	B	2	cnv,ref_divergence	0	0	1	0	1		liftoff_only	siscowet	1	2	0	0	1	gene-LOC120049781	1		0	
gene-LOC120049782	LOC120049782	FACT complex subunit SPT16	protein_coding	NC_052312.1	22108357	22129380	4	B	2	cnv,ref_divergence	0	0	1	0	1		liftoff_only	siscowet	1	2	0	0	1	gene-LOC120049782	1		0	
gene-LOC120049796	LOC120049796	probable N-acetyltransferase 16	protein_coding	NC_052312.1	23051183	23065648	1	B	2	ecotype_only_corroborated,ref_divergence	0	1	0	0	1		corroborated	lean			1	0	2	gene-LOC120049796	2		0	
gene-LOC120049800	LOC120049800	chromatin complexes subunit BAP18-like	protein_coding	NC_052312.1	23334075	23351354	2	B	2	cnv,ref_divergence	0	0	1	0	1		liftoff_only	siscowet	1	2	0	0	1	gene-LOC120049800	1		0	
gene-LOC120049828	LOC120049828	N-alpha-acetyltransferase 40	protein_coding	NC_052312.1	26244803	26273603	6	B	2	cnv,ref_divergence	0	0	1	0	1		liftoff_only	siscowet	1	2	0	0	1	gene-LOC120049828	1		0	
gene-LOC120049846	LOC120049846	kinesin-like protein KIF21A	protein_coding	NC_052312.1	30062666	30100536	5	B	2	ecotype_only_corroborated,ref_divergence	0	1	0	0	1		corroborated	siscowet			1	0	2	gene-LOC120049846	1		0	
gene-LOC120049915	LOC120049915	podocalyxin-like	protein_coding	NC_052312.1	35409702	35425776	6	B	2	ecotype_only_corroborated,ref_divergence	0	1	0	0	1		corroborated	siscowet			1	0	2	gene-LOC120049915	1		0	
gene-LOC120049916	LOC120049916	muskelin	protein_coding	NC_052312.1	35426670	35450816	2	B	2	ecotype_only_corroborated,ref_divergence	0	1	0	0	1		corroborated	siscowet			1	0	2	gene-LOC120049916	1		0	
gene-LOC120049917	LOC120049917	neuroepithelial cell-transforming gene 1 protein-like	protein_coding	NC_052312.1	35507403	35539651	3	B	2	ecotype_only_corroborated,ref_divergence	0	1	0	0	1		corroborated	siscowet			1	0	2	gene-LOC120049917	1		0	
gene-LOC120049930	LOC120049930	mitogen-activated protein kinase 12-like	protein_coding	NC_052312.1	36078977	36085085	6	B	2	ecotype_only_corroborated,ref_divergence	0	1	0	0	1		corroborated	siscowet			1	0	2	gene-LOC120049931	2		0	
gene-LOC120049932	LOC120049932	RNA polymerase II-associated protein 3-like	protein_coding	NC_052312.1	36115370	36128927	1	B	2	ecotype_only_corroborated,ref_divergence	0	1	0	0	1		corroborated	siscowet			1	0	2	gene-LOC120049932	1		0	
gene-LOC120049933	LOC120049933	mitochondrial inner membrane protease ATP23 homolog	protein_coding	NC_052312.1	36121967	36125752	4	B	2	ecotype_only_corroborated,ref_divergence	0	1	0	0	1		corroborated	siscowet			1	0	2	gene-LOC120049933	1		0	
gene-LOC120049935	LOC120049935	transcription factor ETV6-like	protein_coding	NC_052312.1	36366143	36387079	5	B	2	ecotype_only_corroborated,ref_divergence	0	1	0	0	1		corroborated	siscowet			1	0	2	gene-LOC120049935	1		0	
gene-LOC120049936	LOC120049936	protein mono-ADP-ribosyltransferase PARP12-like	protein_coding	NC_052312.1	36388862	36421029	2	B	2	ecotype_only_corroborated,ref_divergence	0	1	0	0	1		corroborated	siscowet			1	0	2	gene-LOC120049936	1		0	
gene-LOC120049937	LOC120049937	G1/S-specific cyclin-D2-like	protein_coding	NC_052312.1	36449014	36461709	7	B	2	ecotype_only_corroborated,ref_divergence	0	1	0	0	1		corroborated	siscowet			1	0	2	gene-LOC120049937	1		0	
gene-LOC120049938	LOC120049938	general transcription factor II-I repeat domain-containing protein 2B-like	protein_coding	NC_052312.1	36571945	36574625	0	B	2	cnv,ref_divergence	0	0	1	0	1		liftoff_only	lean	2	1	0	0	1	gene-LOC120049938	1		0	0
gene-LOC120049956	LOC120049956	protein mono-ADP-ribosyltransferase PARP12-like	protein_coding	NC_052312.1	37304834	37311630	2	B	2	ecotype_only_corroborated,ref_divergence	0	1	0	0	1		corroborated	siscowet			1	0	2	gene-LOC120049956	1		0	
gene-LOC120049957	LOC120049957	mucin-2-like	protein_coding	NC_052312.1	37311940	37325128	2	B	2	ecotype_only_corroborated,ref_divergence	0	1	0	0	1		corroborated	siscowet			1	0	2	gene-LOC120049957	1		0	
gene-LOC120049962	LOC120049962	protein phosphatase 1 regulatory subunit 12A-like	protein_coding	NC_052312.1	37502736	37569743	7	B	2	ecotype_only_corroborated,ref_divergence	0	1	0	0	1		corroborated	siscowet			1	0	2	gene-LOC120049962	1		0	
gene-LOC120049963	LOC120049963	PRKC apoptosis WT1 regulator protein-like	protein_coding	NC_052312.1	37637440	37714313	3	B	2	ecotype_only_corroborated,ref_divergence	0	1	0	0	1		corroborated	siscowet			1	0	2	gene-LOC120049963	1		0	
gene-LOC120049964	LOC120049964	liprin-beta-1-like	protein_coding	NC_052312.1	37996601	38029260	3	B	2	ecotype_only_corroborated,ref_divergence	0	1	0	0	1		corroborated	siscowet			1	0	2	gene-LOC120049964	1		0	
gene-LOC120049966	LOC120049966	NADH-cytochrome b5 reductase 3-like	protein_coding	NC_052312.1	37991177	37996133	3	B	2	ecotype_only_corroborated,ref_divergence	0	1	0	0	1		corroborated	siscowet			1	0	2	gene-LOC120049966	1		0	
gene-LOC120049967	LOC120049967	40S ribosomal protein S16-like	protein_coding	NC_052312.1	38187966	38192396	6	B	2	ecotype_only_corroborated,ref_divergence	0	1	0	0	1		corroborated	siscowet			1	0	2	gene-LOC120049967	1		0	
gene-LOC120049991	LOC120049991	plakophilin-2-like	protein_coding	NC_052312.1	39985860	39997602	17	B	2	ecotype_only_corroborated,ref_divergence	0	1	0	0	1		corroborated	siscowet			1	0	2	gene-LOC120049991	1		0	
gene-LOC120049995	LOC120049995	periodic tryptophan protein 1 homolog	protein_coding	NC_052312.1	40040211	40047959	3	B	2	ecotype_only_corroborated,ref_divergence	0	1	0	0	1		corroborated	siscowet			1	0	2	gene-LOC120049995	1		0	
gene-LOC120050008	LOC120050008	angiopoietin-related protein 5-like	protein_coding	NC_052312.1	40401331	40404252	5	B	2	ecotype_only_corroborated,ref_divergence	0	1	0	0	1		corroborated	siscowet			0	1	2	gene-LOC120050008	1		0	3
gene-LOC120050017	LOC120050017	UHRF1-binding protein 1-like	protein_coding	NC_052312.1	40543077	40597619	0	B	2	ecotype_only_corroborated,ref_divergence	0	1	0	0	1		corroborated	siscowet			1	0	2	gene-LOC120050017	1		0	
gene-LOC120050024	LOC120050024	terminal uridylyltransferase 7-like	protein_coding	NC_052307.1	265811	273478	1	B	2	ecotype_only_corroborated,ref_divergence	0	1	0	0	1		corroborated	lean			1	0	2	gene-LOC120050024	2		0	
gene-LOC120050044	LOC120050044	condensin-2 complex subunit H2-like	protein_coding	NC_052312.1	42837261	42850490	5	B	2	ecotype_only_corroborated,ref_divergence	0	1	0	0	1		corroborated	siscowet			1	0	2	gene-LOC120050044	1		0	
gene-LOC120050045	LOC120050045	protein SCO2 homolog, mitochondrial-like	protein_coding	NC_052312.1	42835459	42837570	1	B	2	ecotype_only_corroborated,ref_divergence	0	1	0	0	1		corroborated	siscowet			1	0	2	gene-LOC120050045	1		0	
gene-LOC120050047	LOC120050047	suppressor of cytokine signaling 2-like	protein_coding	NC_052312.1	42852575	42860118	4	B	2	ecotype_only_corroborated,ref_divergence	0	1	0	0	1		corroborated	siscowet			1	0	2	gene-LOC120050047	1		0	
gene-LOC120050048	LOC120050048	death domain-containing protein CRADD-like	protein_coding	NC_052312.1	42871554	42894627	4	B	2	ecotype_only_corroborated,ref_divergence	0	1	0	0	1		corroborated	siscowet			1	0	2	gene-LOC120050048	1		0	
gene-LOC120050049	LOC120050049	plexin-C1-like	protein_coding	NC_052312.1	42929254	42953573	9	B	2	ecotype_only_corroborated,ref_divergence	0	1	0	0	1		corroborated	siscowet			1	0	2	gene-LOC120050049	1		0	
gene-LOC120050052	LOC120050052	host cell factor 2-like	protein_coding	NC_052312.1	42963180	42969559	5	B	2	ecotype_only_corroborated,ref_divergence	0	1	0	0	1		corroborated	siscowet			1	0	2	gene-LOC120050052	1		0	
gene-LOC120050053	LOC120050053	cyclin-dependent kinase 17	protein_coding	NC_052312.1	42988290	43032677	6	B	2	ecotype_only_corroborated,ref_divergence	0	1	0	0	1		corroborated	siscowet			1	0	2	gene-LOC120050053	1		0	
gene-LOC120050054	LOC120050054	ETS domain-containing protein Elk-3-like	protein_coding	NC_052312.1	42978727	42988010	5	B	2	ecotype_only_corroborated,ref_divergence	0	1	0	0	1		corroborated	siscowet			1	0	2	gene-LOC120050054	1		0	
gene-LOC120050074	LOC120050074	leucine-rich repeat-containing protein 4-like	protein_coding	NC_052312.1	44485309	44488158	8	B	2	ecotype_only_corroborated,ref_divergence	0	1	0	0	1		corroborated	lean			1	0	2	gene-LOC120050074	1		0	
gene-LOC120050078	LOC120050078	E3 ubiquitin-protein ligase TRIM39-like	protein_coding	NC_052312.1	44807931	44814547	2	B	2	cnv,ref_divergence	0	0	1	0	1		liftoff_only	siscowet	1	2	0	0	1	gene-LOC120050078	2		0	
gene-LOC120050080	LOC120050080	lysine-specific demethylase 7B-like	protein_coding	NC_052312.1	45232362	45254970	4	B	2	ecotype_only_corroborated,ref_divergence	0	1	0	0	1		corroborated	siscowet			1	0	2	gene-LOC120050080	1		0	
gene-LOC120050081	LOC120050081	NADH dehydrogenase [ubiquinone] 1 beta subcomplex subunit 2, mitochondrial-like	protein_coding	NC_052312.1	45257808	45259192	2	B	2	ecotype_only_corroborated,ref_divergence	0	1	0	0	1		corroborated	siscowet			1	0	2	gene-LOC120050081	1		0	
gene-LOC120050089	LOC120050089	decorin-like	protein_coding	NC_052312.1	45646270	45695307	2	B	2	ecotype_only_corroborated,ref_divergence	0	1	0	0	1		corroborated	lean			1	0	2	gene-LOC120050089	1		0	
gene-LOC120050096	LOC120050096	hepatocyte growth factor-like	protein_coding	NC_052312.1	46154511	46157649	3	B	2	ecotype_only_corroborated,ref_divergence	0	1	0	0	1		corroborated	siscowet			1	0	2	gene-LOC120050096	1		0	
gene-LOC120050097	LOC120050097	leucine-rich repeat-containing protein 4-like	protein_coding	NC_052312.1	46326538	46329877	8	B	2	ecotype_only_corroborated,ref_divergence	0	1	0	0	1		corroborated	siscowet			1	0	2	gene-LOC120050097	1		0	
gene-LOC120050102	LOC120050102	ATP-binding cassette sub-family C member 9-like	protein_coding	NC_052312.1	46930531	46990245	7	B	2	ecotype_only_corroborated,ref_divergence	0	1	0	0	1		corroborated	siscowet			1	1	3	gene-LOC120050102	2		0	0
gene-LOC120050120	LOC120050120	chymotrypsin B-like	protein_coding	NC_052312.1	47591967	47593498	2	B	2	ecotype_only_corroborated,ref_divergence	0	1	0	0	1		corroborated	siscowet			1	0	2	gene-LOC120050120	1		0	
gene-LOC120050124	LOC120050124	methyltransferase-like protein 25	protein_coding	NC_052312.1	48547767	48562047	0	B	2	ecotype_only_corroborated,ref_divergence	0	1	0	0	1		corroborated	lean			1	0	2	gene-LOC120050124	1		0	
gene-LOC120050139	LOC120050139	ras-related protein Rap-1b	protein_coding	NC_052312.1	51518812	51551108	7	B	2	ecotype_only_corroborated,ref_divergence	0	1	0	0	1		corroborated	siscowet			1	1	3	gene-LOC120050139	1		0	1
gene-LOC120050159	LOC120050159	60S ribosomal protein L18a	protein_coding	NC_052312.1	53184417	53189243	4	B	2	ecotype_only_corroborated,ref_divergence	0	1	0	0	1		corroborated	lean			1	0	2	gene-LOC120050159	2		0	
gene-LOC120050266	LOC120050266	small muscular protein-like	protein_coding	NC_052313.1	85277	89054	3	B	2	cnv,ref_divergence	0	0	1	0	1		liftoff_only	lean	2	1	0	0	1	gene-LOC120050266	2		0	
gene-LOC120050276	LOC120050276	pollen-specific leucine-rich repeat extensin-like protein 3	protein_coding	NC_052313.1	2458903	2459697	0	B	2	cnv,ref_divergence	0	0	1	0	1		liftoff_only	lean	2	1	0	0	1	gene-LOC120050276	1		0	
gene-LOC120050295	LOC120050295	protein atonal homolog 1-like	protein_coding	NC_052307.1	7972580	7973473	1	B	2	cnv,ref_divergence	0	0	1	0	1		liftoff_only	lean	2	1	0	0	1	gene-LOC120050295	1		0	
gene-LOC120050298	LOC120050298	extensin-like	protein_coding	NC_052313.1	3662896	3663883	0	B	2	ecotype_only_corroborated,ref_divergence	0	1	0	0	1		corroborated	lean			1	0	2	gene-LOC120050298	1		0	
gene-LOC120050321	LOC120050321	pyruvate dehydrogenase E1 component subunit alpha, mitochondrial-like	protein_coding	NC_052313.1	11162886	11166528	3	B	2	cnv,ref_divergence	0	0	1	0	1		liftoff_only	siscowet	1	2	0	0	1	gene-LOC120050321	1		0	
gene-LOC120050322	LOC120050322	diamine acetyltransferase 1-like	protein_coding	NC_052313.1	11275355	11292735	1	B	2	ecotype_only_corroborated,ref_divergence	0	1	0	0	1		corroborated	lean			1	0	2	gene-LOC120050597	4		0	
gene-LOC120050349	LOC120050349	tripartite motif-containing protein 16-like	protein_coding	NC_052313.1	15060031	15064696	2	B	2	ecotype_only_corroborated,ref_divergence	0	1	0	0	1		corroborated	lean			1	0	2	gene-LOC120050349	2		0	
gene-LOC120050350	LOC120050350	E3 ubiquitin/ISG15 ligase TRIM25-like	protein_coding	NC_052313.1	15117988	15121643	2	B	2	ecotype_only_corroborated,ref_divergence	0	1	0	0	1		corroborated	lean			1	0	2	gene-LOC120050621	4		0	
gene-LOC120050364	LOC120050364	proteasome activator complex subunit 1-like	protein_coding	NC_052313.1	18379768	18383718	7	B	2	cnv,ref_divergence	0	0	1	0	1		liftoff_only	siscowet	1	2	0	0	1	gene-LOC120050364	1		0	
gene-LOC120050368	LOC120050368	pistil-specific extensin-like protein	protein_coding	NC_052313.1	18476739	18478781	0	B	2	cnv,ref_divergence	0	0	1	0	1		liftoff_only	siscowet	1	2	0	0	1	gene-LOC120050368	1		0	
gene-LOC120050407	LOC120050407	acyl-protein thioesterase 1-like	protein_coding	NC_052313.1	25705183	25707760	4	B	2	cnv,ref_divergence	0	0	1	0	1		liftoff_only	siscowet	1	2	0	0	1	gene-LOC120050407	1		0	
gene-LOC120050408	LOC120050408	regulator of G-protein signaling 20-like	protein_coding	NC_052313.1	25708404	25710920	0	B	2	cnv,ref_divergence	0	0	1	0	1		liftoff_only	siscowet	1	2	0	0	1	gene-LOC120050408	1		0	
gene-LOC120050431	LOC120050431	hyaluronan and proteoglycan link protein 1-like	protein_coding	NC_052307.1	11496032	11505771	2	B	2	cnv,ref_divergence	0	0	1	0	1		liftoff_only	siscowet	1	2	0	1	1	gene-LOC120050431	1		0	0
gene-LOC120050449	LOC120050449	homeobox protein PKNOX1-like	protein_coding	NC_052313.1	40579800	40592322	4	B	2	ecotype_only_corroborated,ref_divergence	0	1	0	0	1		corroborated	siscowet			1	0	2	gene-LOC120050449	1		0	
gene-LOC120050486	LOC120050486	E3 ubiquitin-protein ligase Midline-1-like	protein_coding	NC_052313.1	46749795	46780478	2	B	2	ecotype_only_corroborated,ref_divergence	0	1	0	0	1		corroborated	lean			1	0	2	gene-LOC120050486	1		0	
gene-LOC120050510	LOC120050510	E3 ubiquitin-protein ligase TRIM63-like	protein_coding	NC_052313.1	50783090	50784910	1	B	2	ecotype_only_corroborated,ref_divergence	0	1	0	0	1		corroborated	siscowet			1	0	2	gene-LOC120050510	1		0	
gene-LOC120050518	LOC120050518	probable phospholipid-transporting ATPase IH	protein_coding	NC_052313.1	51853745	51918244	9	B	2	ecotype_only_corroborated,ref_divergence	0	1	0	0	1		corroborated	siscowet			1	0	2	gene-LOC120050518	1		0	
gene-LOC120050519	LOC120050519	integral membrane protein GPR180-like	protein_coding	NC_052313.1	52163896	52169462	2	B	2	ecotype_only_corroborated,ref_divergence	0	1	0	0	1		corroborated	siscowet			1	0	2	gene-LOC120050519	1		0	
gene-LOC120050536	LOC120050536	mitochondrial pyruvate carrier 2-like	protein_coding	NC_052313.1	54517742	54524309	2	B	2	ecotype_only_corroborated,ref_divergence	0	1	0	0	1		corroborated	siscowet			1	0	2	gene-LOC120050536	1		0	
gene-LOC120050538	LOC120050538	pyridoxal phosphate phosphatase PHOSPHO2-like	protein_coding	NC_052313.1	55239915	55242878	1	B	2	ecotype_only_corroborated,ref_divergence	0	1	0	0	1		corroborated	lean			1	0	2	gene-LOC120050538	1		0	
gene-LOC120050541	LOC120050541	UPF0524 protein C3orf70 homolog A-like	protein_coding	NC_052313.1	55404552	55441730	0	B	2	ecotype_only_corroborated,ref_divergence	0	1	0	0	1		corroborated	lean			1	0	2	gene-LOC120050541	2		0	
gene-LOC120050542	LOC120050542	UPF0524 protein C3orf70 homolog A-like	protein_coding	NC_052313.1	55483153	55517734	0	B	2	ecotype_only_corroborated,ref_divergence	0	1	0	0	1		corroborated	siscowet			1	0	2	gene-LOC120050541	2		0	
gene-LOC120050578	LOC120050578	phospholipid scramblase 1-like	protein_coding	NC_052313.1	58658909	58659604	3	B	2	ecotype_only_corroborated,ref_divergence	0	1	0	0	1		corroborated	lean			1	0	2	gene-LOC120050578	1		0	
gene-LOC120050580	LOC120050580	alpha-crystallin A chain-like	protein_coding	NC_052313.1	58677620	58681508	5	B	2	ecotype_only_corroborated,ref_divergence	0	1	0	0	1		corroborated	lean			1	0	2	gene-LOC120050580	1		0	
gene-LOC120050582	LOC120050582	pleckstrin homology-like domain family A member 1	protein_coding	NC_052313.1	59106314	59107888	3	B	2	ecotype_only_corroborated,ref_divergence	0	1	0	0	1		corroborated	siscowet			1	0	2	gene-LOC120050582	1		0	
gene-LOC120050584	LOC120050584	alpha-crystallin A chain	protein_coding	NC_052313.1	59173783	59177930	5	B	2	ecotype_only_corroborated,ref_divergence	0	1	0	0	1		corroborated	siscowet			1	1	3	gene-LOC120050584	1		0	0
gene-LOC120050593	LOC120050593	sodium-dependent serotonin transporter-like	protein_coding	NC_052307.1	15958731	15975017	6	B	2	cnv,ref_divergence	0	0	1	0	1		liftoff_only	siscowet	1	2	0	0	1	gene-LOC120050593	1		0	
gene-LOC120050602	LOC120050602	small G protein signaling modulator 1-like	protein_coding	NC_052307.1	15987453	16068563	2	B	2	cnv,ref_divergence	0	0	1	0	1		liftoff_only	siscowet	1	2	0	0	1	gene-LOC120050602	1		0	
gene-LOC120050622	LOC120050622	E3 ubiquitin/ISG15 ligase TRIM25-like	protein_coding	NC_052313.1	15075847	15078548	1	B	2	ecotype_only_corroborated,ref_divergence	0	1	0	0	1		corroborated	siscowet			1	0	2	gene-LOC120050621	4		0	
gene-LOC120050644	LOC120050644	vascular cell adhesion protein 1-like	protein_coding	NC_052313.1	18293580	18304220	0	B	2	cnv,ref_divergence	0	0	1	0	1		liftoff_only	siscowet	1	2	0	0	1	gene-LOC120050644	1		0	
gene-LOC120050647	LOC120050647	solute carrier family 22 member 17-like	protein_coding	NC_052313.1	18479030	18487538	3	B	2	cnv,ref_divergence	0	0	1	0	1		liftoff_only	siscowet	1	2	0	0	1	gene-LOC120050647	1		0	
gene-LOC120050711	LOC120050711	neural cell adhesion molecule 2-like	protein_coding	NC_052313.1	38345095	38476414	4	B	2	ecotype_only_corroborated,ref_divergence	0	1	0	0	1		corroborated	siscowet			1	0	2	gene-LOC120050711	1		0	
gene-LOC120050756	LOC120050756	cysteine/serine-rich nuclear protein 3-like	protein_coding	NC_052313.1	47562802	47574694	4	B	2	ecotype_only_corroborated,ref_divergence	0	1	0	0	1		corroborated	siscowet			1	0	2	gene-LOC120050756	1		0	
gene-LOC120050786	LOC120050786	natterin-3-like	protein_coding	NC_052307.1	18894804	18897072	0	B	2	cnv,ref_divergence	0	0	1	0	1		liftoff_only	lean	2	1	0	0	1	gene-LOC120050786	1		0	
gene-LOC120050789	LOC120050789		C_region	NC_052313.1	49480039	49480779	0	B	2	cnv,ref_divergence	0	0	1	0	1		liftoff_only	siscowet	4	5	0	0	1	gene-LOC120050789	1		0	
gene-LOC120050795	LOC120050795		C_region	NC_052313.1	49542331	49543456	0	B	2	cnv,ref_divergence	0	0	1	0	1		liftoff_only	lean	4	3	0	0	1	gene-LOC120050795	1		0	
gene-LOC120050796	LOC120050796		V_segment	NC_052313.1	49543873	49544441	0	B	2	cnv,ref_divergence	0	0	1	0	1		liftoff_only	siscowet	1	2	0	0	1	gene-LOC120050796	1		0	
gene-LOC120050798	LOC120050798		C_region	NC_052313.1	49545562	49546301	0	B	2	cnv,ref_divergence	0	0	1	0	1		liftoff_only	siscowet	2	3	0	0	1	gene-LOC120050798	1		0	
gene-LOC120050799	LOC120050799		V_segment	NC_052313.1	49559301	49559870	0	B	2	cnv,ref_divergence	0	0	1	0	1		liftoff_only	siscowet	1	2	0	0	1	gene-LOC120050799	1		0	
gene-LOC120050812	LOC120050812	phospholipid phosphatase-related protein type 3-like	protein_coding	NC_052313.1	50203940	50208801	4	B	2	cnv,ref_divergence	0	0	1	0	1		liftoff_only	lean	6	4	0	0	1	gene-LOC120050811	2		0	
gene-LOC120050814	LOC120050814	filamin A-interacting protein 1-like	protein_coding	NC_052313.1	50693886	50697420	0	B	2	ecotype_only_corroborated,ref_divergence	0	1	0	0	1		corroborated	siscowet			1	1	3	gene-LOC120051382	2		0	0
gene-LOC120050815	LOC120050815	melanophilin-like	protein_coding	NC_052313.1	50790855	50807354	5	B	2	ecotype_only_corroborated,ref_divergence	0	1	0	0	1		corroborated	siscowet			1	0	2	gene-LOC120050815	1		0	
gene-LOC120050817	LOC120050817	dynein regulatory complex protein 11-like	protein_coding	NC_052313.1	51084524	51132462	3	B	2	ecotype_only_corroborated,ref_divergence	0	1	0	0	1		corroborated	siscowet			1	0	2	gene-LOC120050817	1		0	
gene-LOC120050823	LOC120050823	guanine nucleotide exchange factor DBS-like	protein_coding	NC_052313.1	51974550	52004757	6	B	2	ecotype_only_corroborated,ref_divergence	0	1	0	0	1		corroborated	siscowet			1	0	2	gene-LOC120050823	1		0	
gene-LOC120050824	LOC120050824	guanylate cyclase soluble subunit beta-2-like	protein_coding	NC_052313.1	52089806	52106655	6	B	2	ecotype_only_corroborated,ref_divergence	0	1	0	0	1		corroborated	siscowet			1	0	2	gene-LOC120050824	1		0	
gene-LOC120050825	LOC120050825	sodium/myo-inositol cotransporter-like	protein_coding	NC_052313.1	52174557	52176659	5	B	2	ecotype_only_corroborated,ref_divergence	0	1	0	0	1		corroborated	siscowet			1	0	2	gene-LOC120050825	1		0	
gene-LOC120050834	LOC120050834	protein FAM171B-like	protein_coding	NC_052313.1	53276470	53285452	0	B	2	ecotype_only_corroborated,ref_divergence	0	1	0	0	1		corroborated	lean			1	0	2	gene-LOC120050834	1		0	
gene-LOC120050856	LOC120050856	filamin A-interacting protein 1-like	protein_coding	NC_052313.1	57079423	57083237	0	B	2	ecotype_only_corroborated,ref_divergence	0	1	0	0	1		corroborated	lean			1	0	2	gene-LOC120051499	2		0	
gene-LOC120050872	LOC120050872	heat shock factor 2-binding protein-like	protein_coding	NC_052313.1	58647615	58658829	1	B	2	ecotype_only_corroborated,ref_divergence	0	1	0	0	1		corroborated	lean			1	0	2	gene-LOC120050872	1		0	
gene-LOC120050877	LOC120050877	serine/threonine-protein kinase SIK2-like	protein_coding	NC_052313.1	59184658	59193433	7	B	2	ecotype_only_corroborated,ref_divergence	0	1	0	0	1		corroborated	lean			1	0	2	gene-LOC120050877	1		0	
gene-LOC120050880	LOC120050880	dystrophin-like	protein_coding	NC_052313.1	59288570	59371694	3	B	2	ecotype_only_corroborated,ref_divergence	0	1	0	0	1		corroborated	lean			1	0	2	gene-LOC120050880	1		0	
gene-LOC120050901	LOC120050901	cysteine/serine-rich nuclear protein 1-like	protein_coding	NC_052313.1	906632	927173	4	B	2	ecotype_only_corroborated,ref_divergence	0	1	0	0	1		corroborated	siscowet			1	0	2	gene-LOC120050901	1		0	
gene-LOC120051048	LOC120051048	importin-4-like	protein_coding	NC_052313.1	18259812	18271769	6	B	2	cnv,ref_divergence	0	0	1	0	1		liftoff_only	siscowet	1	2	0	0	1	gene-LOC120051048	1		0	
gene-LOC120051049	LOC120051049	transmembrane 9 superfamily member 1-like	protein_coding	NC_052313.1	18277922	18283671	2	B	2	cnv,ref_divergence	0	0	1	0	1		liftoff_only	siscowet	1	2	0	0	1	gene-LOC120051049	1		0	
gene-LOC120051050	LOC120051050	phosphoenolpyruvate carboxykinase, cytosolic [GTP]-like	protein_coding	NC_052313.1	18346170	18365966	13	B	2	cnv,ref_divergence	0	0	1	0	1		liftoff_only	siscowet	1	2	0	0	1	gene-LOC120051050	1		0	
gene-LOC120051055	LOC120051055	polyadenylate-binding protein 2-B-like	protein_coding	NC_052313.1	18434239	18449938	1	B	2	cnv,ref_divergence	0	0	1	0	1		liftoff_only	siscowet	1	2	0	0	1	gene-LOC120051055	1		0	
gene-LOC120051059	LOC120051059	myosin-7-like	protein_coding	NC_052313.1	18592193	18611212	4	B	2	cnv,ref_divergence	0	0	1	0	1		liftoff_only	siscowet	1	2	0	0	1	gene-LOC120051056	3		0	
gene-LOC120051060	LOC120051060	myosin-7-like	protein_coding	NC_052313.1	18627335	18642478	4	B	2	cnv,ref_divergence	0	0	1	0	1		liftoff_only	siscowet	2	3	0	0	1	gene-LOC120051056	3		0	
gene-LOC120051111	LOC120051111	tripartite motif-containing protein 29-like	protein_coding	NC_052313.1	23421067	23427284	3	B	2	cnv,ref_divergence	0	0	1	0	1		liftoff_only	siscowet	1	2	0	0	1	gene-LOC120051111	1		0	
gene-LOC120051113	LOC120051113	ADP-ribosyl cyclase/cyclic ADP-ribose hydrolase 1	protein_coding	NC_052313.1	23399263	23421041	4	B	2	cnv,ref_divergence	0	0	1	0	1		liftoff_only	siscowet	1	2	0	0	1	gene-LOC120051110	2		0	
gene-LOC120051114	LOC120051114	cingulin-like protein 1	protein_coding	NC_052313.1	23439447	23458092	4	B	2	cnv,ref_divergence	0	0	1	0	1		liftoff_only	siscowet	1	2	0	0	1	gene-LOC120051114	1		0	
gene-LOC120051141	LOC120051141	neuropeptide Y receptor type 1-like	protein_coding	NC_052307.1	24589262	24590374	5	B	2	cnv,ref_divergence	0	0	1	0	1		liftoff_only	siscowet	1	2	0	0	1	gene-LOC120051141	1		0	
gene-LOC120051197	LOC120051197	Krueppel-like factor 6	protein_coding	NC_052313.1	34883373	34893296	3	B	2	cnv,ref_divergence	0	0	1	0	1		liftoff_only	lean	2	1	0	0	1	gene-LOC120051197	1		0	
gene-LOC120051198	LOC120051198	cullin-2	protein_coding	NC_052313.1	34976234	35028716	5	B	2	cnv,ref_divergence	0	0	1	0	1		liftoff_only	lean	2	1	0	0	1	gene-LOC120051198	1		0	
gene-LOC120051214	LOC120051214	trifunctional purine biosynthetic protein adenosine-3-like	protein_coding	NC_052313.1	38627791	38667153	8	B	2	ecotype_only_corroborated,ref_divergence	0	1	0	0	1		corroborated	siscowet			1	0	2	gene-LOC120051214	1		0	
gene-LOC120051245	LOC120051245	kynureninase-like	protein_coding	NC_052313.1	41757104	41771133	6	B	2	ecotype_only_corroborated,ref_divergence	0	1	0	0	1		corroborated	lean			1	0	2	gene-LOC120051245	1		0	
gene-LOC120051306	LOC120051306	rho GTPase-activating protein 6-like	protein_coding	NC_052313.1	46839687	46932770	1	B	2	ecotype_only_corroborated,ref_divergence	0	1	0	0	1		corroborated	lean			1	0	2	gene-LOC120051306	1		0	
gene-LOC120051307	LOC120051307	male-specific lethal 3 homolog	protein_coding	NC_052313.1	46935755	46946186	8	B	2	ecotype_only_corroborated,ref_divergence	0	1	0	0	1		corroborated	lean			1	0	2	gene-LOC120051307	1		0	
gene-LOC120051331	LOC120051331	autophagy-related protein 9A-like	protein_coding	NC_052313.1	48406912	48418992	5	B	2	ecotype_only_corroborated,ref_divergence	0	1	0	0	1		corroborated	lean			1	0	2	gene-LOC120051331	1		0	
gene-LOC120051382	LOC120051382	filamin A-interacting protein 1-like	protein_coding	NC_052313.1	50664549	50672333	0	B	2	ecotype_only_corroborated,ref_divergence	0	1	0	0	1		corroborated	siscowet			1	0	2	gene-LOC120051382	2		0	
gene-LOC120051397	LOC120051397	gamma-tubulin complex component 3 homolog	protein_coding	NC_052313.1	51921083	51945672	11	B	2	ecotype_only_corroborated,ref_divergence	0	1	0	0	1		corroborated	siscowet			1	0	2	gene-LOC120051397	1		0	
gene-LOC120051398	LOC120051398	cytidine and dCMP deaminase domain-containing protein 1-like	protein_coding	NC_052313.1	52030617	52039602	5	B	2	ecotype_only_corroborated,ref_divergence	0	1	0	0	1		corroborated	siscowet			1	0	2	gene-LOC120051398	1		0	
gene-LOC120051399	LOC120051399	calcium-binding protein 39-like	protein_coding	NC_052313.1	52007306	52030675	2	B	2	ecotype_only_corroborated,ref_divergence	0	1	0	0	1		corroborated	siscowet			1	0	2	gene-LOC120051399	1		0	
gene-LOC120051402	LOC120051402	emopamil-binding protein-like	protein_coding	NC_052313.1	52050896	52054595	4	B	2	ecotype_only_corroborated,ref_divergence	0	1	0	0	1		corroborated	siscowet			1	0	2	gene-LOC120051402	1		0	
gene-LOC120051404	LOC120051404	importin subunit alpha-4-like	protein_coding	NC_052313.1	52055920	52070350	7	B	2	ecotype_only_corroborated,ref_divergence	0	1	0	0	1		corroborated	siscowet			1	0	2	gene-LOC120051404	1		0	
gene-LOC120051405	LOC120051405	putative potassium channel regulatory protein	protein_coding	NC_052313.1	52057889	52073428	4	B	2	ecotype_only_corroborated,ref_divergence	0	1	0	0	1		corroborated	siscowet			1	0	2	gene-LOC120051405	1		0	
gene-LOC120051406	LOC120051406	probable ubiquitin carboxyl-terminal hydrolase FAF-X	protein_coding	NC_052313.1	52107541	52131780	6	B	2	ecotype_only_corroborated,ref_divergence	0	1	0	0	1		corroborated	siscowet			1	0	2	gene-LOC120051406	1		0	
gene-LOC120051407	LOC120051407	ATP-dependent RNA helicase DDX3X-like	protein_coding	NC_052313.1	52134780	52153697	7	B	2	ecotype_only_corroborated,ref_divergence	0	1	0	0	1		corroborated	siscowet			1	0	2	gene-LOC120051407	1		0	
gene-LOC120051409	LOC120051409	dTDP-D-glucose 4,6-dehydratase-like	protein_coding	NC_052313.1	52153750	52163718	2	B	2	ecotype_only_corroborated,ref_divergence	0	1	0	0	1		corroborated	siscowet			1	0	2	gene-LOC120051409	1		0	
gene-LOC120051410	LOC120051410	prostaglandin F2 receptor negative regulator-like	protein_coding	NC_052313.1	52189160	52254072	0	B	2	ecotype_only_corroborated,ref_divergence	0	1	0	0	1		corroborated	siscowet			1	1	3	gene-LOC120051410	1		0	0
gene-LOC120051446	LOC120051446	collagen alpha-1(XVIII) chain-like	protein_coding	NC_052313.1	53386323	53461438	0	B	2	ecotype_only_corroborated,ref_divergence	0	1	0	0	1		corroborated	lean			1	0	2	gene-LOC120051446	1		0	
gene-LOC120051448	LOC120051448	serine/threonine-protein kinase 11-interacting protein-like	protein_coding	NC_052313.1	53598245	53639847	3	B	2	ecotype_only_corroborated,ref_divergence	0	1	0	0	1		corroborated	lean			1	0	2	gene-LOC120051448	1		0	
gene-LOC120051451	LOC120051451	tensin-like	protein_coding	NC_052313.1	53737908	53797819	2	B	2	ecotype_only_corroborated,ref_divergence	0	1	0	0	1		corroborated	lean			1	0	2	gene-LOC120051451	1		0	
gene-LOC120051453	LOC120051453	transmembrane protein 39A-like	protein_coding	NC_052313.1	54101473	54127456	3	B	2	ecotype_only_corroborated,ref_divergence	0	1	0	0	1		corroborated	siscowet			1	0	2	gene-LOC120051453	1		0	
gene-LOC120051461	LOC120051461	SOSS complex subunit B2-like	protein_coding	NC_052313.1	54531100	54534195	5	B	2	ecotype_only_corroborated,ref_divergence	0	1	0	0	1		corroborated	siscowet			1	0	2	gene-LOC120051461	1		0	
gene-LOC120051463	LOC120051463	regucalcin-like	protein_coding	NC_052313.1	54546992	54552176	4	B	2	ecotype_only_corroborated,ref_divergence	0	1	0	0	1		corroborated	siscowet			1	0	2	gene-LOC120051463	1		0	
gene-LOC120051466	LOC120051466	caveolae-associated protein 2-like	protein_coding	NC_052313.1	54574350	54590623	3	B	2	ecotype_only_corroborated,ref_divergence	0	1	0	0	1		corroborated	lean			1	0	2	gene-LOC120051466	1		0	
gene-LOC120051473	LOC120051473	synapse-associated protein 1-like	protein_coding	NC_052313.1	55232878	55238527	2	B	2	ecotype_only_corroborated,ref_divergence	0	1	0	0	1		corroborated	lean			1	0	2	gene-LOC120051473	1		0	
gene-LOC120051488	LOC120051488	collagen alpha-1(VIII) chain-like	protein_coding	NC_052313.1	56567178	56572402	1	B	2	cnv,ref_divergence	0	0	1	0	1		liftoff_only	siscowet	1	2	0	0	1	gene-LOC120051488	1		0	
gene-LOC120051492	LOC120051492	protein jagunal homolog 1-B	protein_coding	NC_052313.1	56562384	56565397	4	B	2	cnv,ref_divergence	0	0	1	0	1		liftoff_only	siscowet	1	2	0	0	1	gene-LOC120051492	1		0	
gene-LOC120051499	LOC120051499	filamin A-interacting protein 1-like	protein_coding	NC_052313.1	57051799	57059576	0	B	2	ecotype_only_corroborated,ref_divergence	0	1	0	0	1		corroborated	lean			1	0	2	gene-LOC120051499	2		0	
gene-LOC120051520	LOC120051520	R3H domain-containing protein 1-like	protein_coding	NC_052313.1	58296390	58348237	1	B	2	cnv,ref_divergence	0	0	1	0	1		liftoff_only	siscowet	1	2	0	0	1	gene-LOC120051520	1		0	
gene-LOC120051525	LOC120051525	methyl-CpG-binding domain protein 5-like	protein_coding	NC_052313.1	58620370	58640580	4	B	2	ecotype_only_corroborated,ref_divergence	0	1	0	0	1		corroborated	lean			0	1	2	gene-LOC120051525	1		0	0
gene-LOC120051527	LOC120051527	cystathionine beta-synthase-like	protein_coding	NC_052313.1	58695451	58715267	5	B	2	ecotype_only_corroborated,ref_divergence	0	1	0	0	1		corroborated	lean			1	0	2	gene-LOC120051527	1		0	
gene-LOC120051529	LOC120051529	OX-2 membrane glycoprotein-like	protein_coding	NC_052313.1	58758709	58787051	1	B	2	ecotype_only_corroborated,ref_divergence	0	1	0	0	1		corroborated	lean			1	0	2	gene-LOC120051529	3		0	
gene-LOC120051533	LOC120051533	OX-2 membrane glycoprotein-like	protein_coding	NC_052313.1	59060461	59088795	1	B	2	ecotype_only_corroborated,ref_divergence	0	1	0	0	1		corroborated	siscowet			1	1	3	gene-LOC120051533	1		0	2
gene-LOC120051539	LOC120051539	splicing factor U2AF 35 kDa subunit-like	protein_coding	NC_052313.1	59116378	59128049	5	B	2	ecotype_only_corroborated,ref_divergence	0	1	0	0	1		corroborated	siscowet			1	0	2	gene-LOC120051539	1		0	
gene-LOC120051543	LOC120051543	BTB/POZ domain-containing protein KCTD12-like	protein_coding	NC_052313.1	59482401	59483734	4	B	2	cnv,ref_divergence	0	0	1	0	1		liftoff_only	siscowet	1	2	0	0	1	gene-LOC120051543	1		0	
gene-LOC120051549	LOC120051549	LIM and senescent cell antigen-like-containing domain protein 1	protein_coding	NC_052313.1	59918109	59928214	7	B	2	ecotype_only_corroborated,ref_divergence	0	1	0	0	1		corroborated	siscowet			1	0	2	gene-LOC120051549	1		0	
gene-LOC120051623	LOC120051623	protein NLRC3-like	protein_coding	NC_052314.1	258156	260003	0	B	2	cnv,ref_divergence	0	0	1	0	1		liftoff_only	siscowet	1	5	0	0	1	gene-LOC120051623	2		0	
gene-LOC120051648	LOC120051648	stromal interaction molecule 2-like	protein_coding	NC_052314.1	3892021	3906092	8	B	2	ecotype_only_corroborated,ref_divergence	0	1	0	0	1		corroborated	lean			1	0	2	gene-LOC120051648	1		0	
gene-LOC120051656	LOC120051656	mucin-2-like	protein_coding	NC_052314.1	4367332	4394980	3	B	2	ecotype_only_corroborated,ref_divergence	0	1	0	0	1		corroborated	lean			1	0	2	gene-LOC120051656	2		0	
gene-LOC120051696	LOC120051696	plasma membrane calcium-transporting ATPase 1-like	protein_coding	NC_052314.1	9036606	9069152	8	B	2	cnv,ref_divergence	0	0	1	0	1		liftoff_only	siscowet	1	2	0	0	1	gene-LOC120051696	1		0	
gene-LOC120051698	LOC120051698	GRAM domain-containing protein 4-like	protein_coding	NC_052314.1	9087793	9136377	3	B	2	cnv,ref_divergence	0	0	1	0	1		liftoff_only	siscowet	1	2	0	0	1	gene-LOC120051698	1		0	
gene-LOC120051719	LOC120051719	heparan-alpha-glucosaminide N-acetyltransferase-like	protein_coding	NC_052314.1	4006378	4016466	0	B	2	ecotype_only_corroborated,ref_divergence	0	1	0	0	1		corroborated	siscowet			1	0	2	gene-LOC120052312	2		0	
gene-LOC120051752	LOC120051752	acyl-coenzyme A thioesterase 1-like	protein_coding	NC_052314.1	10128670	10132585	3	B	2	cnv,ref_divergence	0	0	1	0	1		liftoff_only	siscowet	1	2	0	0	1	gene-LOC120051743	2		0	
gene-LOC120051753	LOC120051753	gamma-crystallin M2-like	protein_coding	NC_052314.1	9609273	9612210	3	B	2	cnv,ref_divergence	0	0	1	0	1		liftoff_only	siscowet	1	2	0	0	1	gene-LOC120051753	1		0	
gene-LOC120051788	LOC120051788	mast cell protease 2-like	protein_coding	NC_052314.1	15102287	15103684	2	B	2	cnv,ref_divergence	0	0	1	0	1		liftoff_only	siscowet	1	2	0	0	1	gene-LOC120051788	1		0	
gene-LOC120051789	LOC120051789	complement factor D-like	protein_coding	NC_052314.1	15104119	15105984	2	B	2	cnv,ref_divergence	0	0	1	0	1		liftoff_only	siscowet	1	2	0	0	1	gene-LOC120051789	1		0	
gene-LOC120051821	LOC120051821	lipoxygenase homology domain-containing protein 1-like	protein_coding	NC_052307.1	44662277	44705199	1	B	2	cnv,ref_divergence	0	0	1	0	1		liftoff_only	siscowet	1	2	0	0	1	gene-LOC120051821	1		0	
gene-LOC120051882	LOC120051882	guanine nucleotide-binding protein G(I)/G(S)/G(O) subunit gamma-12-like	protein_coding	NC_052314.1	31708700	31709127	3	B	2	cnv,ref_divergence	0	0	1	0	1		liftoff_only	siscowet	1	2	0	0	1	gene-LOC120051882	1		0	
gene-LOC120051883	LOC120051883	growth arrest and DNA damage-inducible protein GADD45 alpha-like	protein_coding	NC_052314.1	31720203	31724525	3	B	2	cnv,ref_divergence	0	0	1	0	1		liftoff_only	siscowet	1	2	0	0	1	gene-LOC120051883	1		0	
gene-LOC120051898	LOC120051898	protein mago nashi homolog	protein_coding	NC_052314.1	36445841	36449641	4	B	2	cnv,ref_divergence	0	0	1	0	1		liftoff_only	lean	2	1	0	0	1	gene-LOC120051898	1		0	
gene-LOC120051899	LOC120051899	G-protein-signaling modulator 2-like	protein_coding	NC_052314.1	36586145	36614656	2	B	2	cnv,ref_divergence	0	0	1	0	1		liftoff_only	lean	2	1	0	0	1	gene-LOC120051899	1		0	
gene-LOC120051919	LOC120051919	DET1- and DDB1-associated protein 1-like	protein_coding	NC_052314.1	41758823	41762396	2	B	2	cnv,ref_divergence	0	0	1	0	1		liftoff_only	siscowet	1	2	0	0	1	gene-LOC120051919	1		0	
gene-LOC120051978	LOC120051978	pleiotropic regulator 1	protein_coding	NC_052314.1	56541040	56544708	5	B	2	ecotype_only_corroborated,ref_divergence	0	1	0	0	1		corroborated	lean			1	0	2	gene-LOC120051978	1		0	
gene-LOC120051989	LOC120051989	DNA repair protein complementing XP-A cells homolog	protein_coding	NC_052314.1	57467750	57474300	6	B	2	ecotype_only_corroborated,ref_divergence	0	1	0	0	1		corroborated	siscowet			1	0	2	gene-LOC120051989	1		0	
gene-LOC120052033	LOC120052033	granzyme B(G,H)-like	protein_coding	NC_052314.1	15079920	15088493	2	B	2	cnv,ref_divergence	0	0	1	0	1		liftoff_only	siscowet	1	2	0	0	1	gene-LOC120052033	1		0	
gene-LOC120052097	LOC120052097	epoxide hydrolase 4-like	protein_coding	NC_052314.1	31264341	31280062	1	B	2	cnv,ref_divergence	0	0	1	0	1		liftoff_only	siscowet	1	2	0	0	1	gene-LOC120052097	1		0	
gene-LOC120052110	LOC120052110	podocan-like	protein_coding	NC_052314.1	36384445	36402923	2	B	2	cnv,ref_divergence	0	0	1	0	1		liftoff_only	siscowet	1	2	0	0	1	gene-LOC120052110	1		0	
gene-LOC120052111	LOC120052111	fibronectin type III domain-containing protein 7-like	protein_coding	NC_052314.1	36544872	36550386	1	B	2	cnv,ref_divergence	0	0	1	0	1		liftoff_only	lean	2	1	0	0	1	gene-LOC120052111	1		0	
gene-LOC120052129	LOC120052129	protein ABHD8-like	protein_coding	NC_052314.1	41798688	41832854	1	B	2	cnv,ref_divergence	0	0	1	0	1		liftoff_only	siscowet	1	2	0	0	1	gene-LOC120052129	1		0	
gene-LOC120052137	LOC120052137	rho guanine nucleotide exchange factor 18-like	protein_coding	NC_052314.1	43804276	43835027	3	B	2	cnv,ref_divergence	0	0	1	0	1		liftoff_only	siscowet	1	2	0	0	1	gene-LOC120052137	1		0	
gene-LOC120052143	LOC120052143	SH2B adapter protein 1-like	protein_coding	NC_052314.1	44867065	44874368	3	B	2	ecotype_only_corroborated,ref_divergence	0	1	0	0	1		corroborated	siscowet			1	0	2	gene-LOC120052143	1		0	
gene-LOC120052183	LOC120052183	T-cell surface antigen CD2-like	protein_coding	NC_052314.1	52734438	52735426	0	B	2	cnv,ref_divergence	0	0	1	0	1		liftoff_only	lean	3	1	0	0	1	gene-LOC120052183	1		0	
gene-LOC120052218	LOC120052218	T-cell surface glycoprotein CD5	protein_coding	NC_052314.1	57438588	57442420	0	B	2	ecotype_only_corroborated,ref_divergence	0	1	0	0	1		corroborated	siscowet			1	0	2	gene-LOC120052218	1		0	
gene-LOC120052219	LOC120052219	sodium/potassium/calcium exchanger 2-like	protein_coding	NC_052314.1	57481992	57497240	7	B	2	ecotype_only_corroborated,ref_divergence	0	1	0	0	1		corroborated	siscowet			1	0	2	gene-LOC120052219	1		0	
gene-LOC120052221	LOC120052221	tudor domain-containing protein 7A-like	protein_coding	NC_052314.1	57611619	57625849	1	B	2	ecotype_only_corroborated,ref_divergence	0	1	0	0	1		corroborated	siscowet			1	0	2	gene-LOC120052221	1		0	
gene-LOC120052222	LOC120052222	beta-1,4-galactosyltransferase 1-like	protein_coding	NC_052314.1	57643384	57653711	4	B	2	ecotype_only_corroborated,ref_divergence	0	1	0	0	1		corroborated	siscowet			1	0	2	gene-LOC120052222	2		0	
gene-LOC120052249	LOC120052249	tenascin-like	protein_coding	NC_052314.1	65622132	65649623	1	B	2	ecotype_only_corroborated,ref_divergence	0	1	0	0	1		corroborated	siscowet			1	0	2	gene-LOC120052249	1		0	
gene-LOC120052282	LOC120052282	DENN domain-containing protein 5B-like	protein_coding	NC_052314.1	2463212	2509171	2	B	2	ecotype_only_corroborated,ref_divergence	0	1	0	0	1		corroborated	lean			1	0	2	gene-LOC120052282	1		0	
gene-LOC120052289	LOC120052289	tripartite motif-containing protein 16-like	protein_coding	NC_052314.1	2777947	2788479	2	B	2	ecotype_only_corroborated,ref_divergence	0	1	0	0	1		corroborated	siscowet			1	0	2	gene-LOC120052289	4		0	
gene-LOC120052310	LOC120052310	stromal interaction molecule 2-like	protein_coding	NC_052314.1	3401757	3418445	8	B	2	ecotype_only_corroborated,ref_divergence	0	1	0	0	1		corroborated	siscowet			1	0	2	gene-LOC120052310	1		0	
gene-LOC120052315	LOC120052315	small integral membrane protein 18-like	protein_coding	NC_052314.1	3969461	3983366	0	B	2	ecotype_only_corroborated,ref_divergence	0	1	0	0	1		corroborated	lean			1	0	2	gene-LOC120052315	2		0	
gene-LOC120052327	LOC120052327	piezo-type mechanosensitive ion channel component 1-like	protein_coding	NC_052307.1	58761021	58798371	0	B	2	ecotype_only_corroborated,ref_divergence	0	1	0	0	1		corroborated	lean			1	0	2	gene-LOC120052327	1		0	
gene-LOC120052353	LOC120052353	malonate--CoA ligase ACSF3, mitochondrial-like	protein_coding	NC_052307.1	59016354	59016859	0	B	2	ecotype_only_corroborated,ref_divergence	0	1	0	0	1		corroborated	lean			1	0	2	gene-LOC120052353	1		0	
gene-LOC120052362	LOC120052362	cadherin-15-like	protein_coding	NC_052307.1	59057255	59102955	11	B	2	ecotype_only_corroborated,ref_divergence	0	1	0	0	1		corroborated	lean			1	0	2	gene-LOC120052362	1		0	
gene-LOC120052371	LOC120052371	sulfotransferase 2B1-like	protein_coding	NC_052307.1	59278638	59286163	3	B	2	ecotype_only_corroborated,ref_divergence	0	1	0	0	1		corroborated	lean			1	0	2	gene-LOC120052371	1		0	
gene-LOC120052373	LOC120052373	ceramide kinase-like	protein_coding	NC_052314.1	9203711	9233614	1	B	2	cnv,ref_divergence	0	0	1	0	1		liftoff_only	siscowet	1	2	0	0	1	gene-LOC120052373	1		0	
gene-LOC120052400	LOC120052400	cartilage intermediate layer protein 1-like	protein_coding	NC_052307.1	59923375	59990481	0	B	2	ecotype_only_corroborated,ref_divergence	0	1	0	0	1		corroborated	lean			1	0	2	gene-LOC120052400	1		0	
gene-LOC120052417	LOC120052417	secretory carrier-associated membrane protein 5-like	protein_coding	NC_052307.1	60168695	60172446	3	B	2	ecotype_only_corroborated,ref_divergence	0	1	0	0	1		corroborated	lean			1	0	2	gene-LOC120052417	1		0	
gene-LOC120052428	LOC120052428	lysyl oxidase homolog 1-like	protein_coding	NC_052307.1	60188932	60220223	4	B	2	ecotype_only_corroborated,ref_divergence	0	1	0	0	1		corroborated	lean			1	0	2	gene-LOC120052428	1		0	
gene-LOC120052512	LOC120052512	BEN domain-containing protein 5-like	protein_coding	NC_052314.1	21705318	21713704	2	B	2	cnv,ref_divergence	0	0	1	0	1		liftoff_only	siscowet	1	2	0	0	1	gene-LOC120052512	1		0	
gene-LOC120052544	LOC120052544	E3 ubiquitin-protein ligase RNF170-like	protein_coding	NC_052314.1	25105020	25132445	1	B	2	ecotype_only_corroborated,ref_divergence	0	1	0	0	1		corroborated	lean			1	0	2	gene-LOC120052544	1		0	
gene-LOC120052569	LOC120052569	F-box/LRR-repeat protein 5-like	protein_coding	NC_052314.1	26944068	26960910	4	B	2	ecotype_only_corroborated,ref_divergence	0	1	0	0	1		corroborated	siscowet			1	0	2	gene-LOC120052569	1		0	
gene-LOC120052612	LOC120052612	AP2-interacting clathrin-endocytosis protein-like	protein_coding	NC_052314.1	31281915	31326847	1	B	2	cnv,ref_divergence	0	0	1	0	1		liftoff_only	siscowet	1	2	0	0	1	gene-LOC120052612	1		0	
gene-LOC120052616	LOC120052616	gelsolin-like	protein_coding	NC_052314.1	31625613	31636678	8	B	2	cnv,ref_divergence	0	0	1	0	1		liftoff_only	siscowet	1	2	0	0	1	gene-LOC120052616	1		0	
gene-LOC120052620	LOC120052620	protein Dr1	protein_coding	NC_052314.1	31645137	31648690	9	B	2	cnv,ref_divergence	0	0	1	0	1		liftoff_only	siscowet	1	2	0	0	1	gene-LOC120052620	1		0	
gene-LOC120052641	LOC120052641	cytochrome P450 2J2-like	protein_coding	NC_052314.1	36286953	36309047	7	B	2	cnv,ref_divergence	0	0	1	0	1		liftoff_only	siscowet	1	2	0	0	1	gene-LOC120052641	1		0	
gene-LOC120052642	LOC120052642	terminal uridylyltransferase 4-like	protein_coding	NC_052314.1	36326452	36349730	4	B	2	cnv,ref_divergence	0	0	1	0	1		liftoff_only	siscowet	1	2	0	0	1	gene-LOC120052642	1		0	
gene-LOC120052645	LOC120052645	uridine-cytidine kinase 2-A	protein_coding	NC_052314.1	36454599	36469745	4	B	2	cnv,ref_divergence	0	0	1	0	1		liftoff_only	lean	2	1	0	0	1	gene-LOC120052645	1		0	
gene-LOC120052646	LOC120052646	aldo-keto reductase family 1 member A1-B	protein_coding	NC_052314.1	36481495	36493941	3	B	2	cnv,ref_divergence	0	0	1	0	1		liftoff_only	lean	2	1	0	0	1	gene-LOC120052646	1		0	
gene-LOC120052675	LOC120052675	influenza virus NS1A-binding protein homolog A-like	protein_coding	NC_052314.1	41227493	41263931	1	B	2	cnv,ref_divergence	0	0	1	0	1		liftoff_only	siscowet	1	2	0	0	1	gene-LOC120052675	1		0	
gene-LOC120052681	LOC120052681	translation initiation factor IF-2-like	protein_coding	NC_052314.1	41837118	41855234	7	B	2	cnv,ref_divergence	0	0	1	0	1		liftoff_only	siscowet	1	2	0	0	1	gene-LOC120052681	1		0	
gene-LOC120052703	LOC120052703	intestinal mucin-like protein	protein_coding	NC_052307.1	67855327	67861252	3	B	2	ecotype_only_corroborated,ref_divergence	0	1	0	0	1		corroborated	lean			0	1	2	gene-LOC120052703	1		0	0
gene-LOC120052724	LOC120052724	growth arrest-specific protein 2-like	protein_coding	NC_052307.1	68184845	68198269	5	B	2	cnv,ref_divergence	0	0	1	0	1		liftoff_only	lean	2	1	0	0	1	gene-LOC120052724	1		0	
gene-LOC120052732	LOC120052732	myosin-binding protein C, cardiac-type-like	protein_coding	NC_052307.1	68261637	68302213	1	B	2	ecotype_only_corroborated,ref_divergence	0	1	0	0	1		corroborated	lean			1	0	2	gene-LOC120052732	1		0	
gene-LOC120052759	LOC120052759	guanine deaminase-like	protein_coding	NC_052307.1	17330911	17348990	4	B	2	cnv,ref_divergence	0	0	1	0	1		liftoff_only	siscowet	1	2	0	0	1	gene-LOC120052759	1		0	
gene-LOC120052766	LOC120052766	thrombospondin type-1 domain-containing protein 4-like	protein_coding	NC_052307.1	70693967	70743596	3	B	2	ecotype_only_corroborated,ref_divergence	0	1	0	0	1		corroborated	siscowet			0	1	2	gene-LOC120052766	1		0	0
gene-LOC120052800	LOC120052800	SLAM family member 8-like	protein_coding	NC_052314.1	52827640	52832067	0	B	2	cnv,ref_divergence	0	0	1	0	1		liftoff_only	siscowet	2	3	0	0	1	gene-LOC120052799	3		0	
gene-LOC120052819	LOC120052819	alpha/beta hydrolase domain-containing protein 17B	protein_coding	NC_052307.1	17366976	17386516	4	B	2	cnv,ref_divergence	0	0	1	0	1		liftoff_only	siscowet	1	2	0	0	1	gene-LOC120052819	1		0	
gene-LOC120052829	LOC120052829	C-myc promoter-binding protein-like	protein_coding	NC_052307.1	72533604	72562897	2	B	2	cnv,ref_divergence	0	0	1	0	1		liftoff_only	lean	2	1	0	0	1	gene-LOC120052829	1		0	
gene-LOC120052835	LOC120052835	photoreceptor-specific nuclear receptor-like	protein_coding	NC_052307.1	72612590	72618022	7	B	2	cnv,ref_divergence	0	0	1	0	1		liftoff_only	lean	2	1	0	0	1	gene-LOC120052835	1		0	
gene-LOC120052837	LOC120052837	T-cell ecto-ADP-ribosyltransferase 1-like	protein_coding	NC_052314.1	54651436	54661425	2	B	2	cnv,ref_divergence	0	0	1	0	1		liftoff_only	siscowet	1	2	0	0	1	gene-LOC120052834	2		0	
gene-LOC120052860	LOC120052860	otogelin-like	protein_coding	NC_052307.1	72754121	72885569	5	B	2	ecotype_only_corroborated,ref_divergence	0	1	0	0	1		corroborated	siscowet			1	0	2	gene-LOC120052860	1		0	
gene-LOC120052896	LOC120052896	vacuolar protein sorting-associated protein 37C-like	protein_coding	NC_052314.1	57425142	57432002	4	B	2	ecotype_only_corroborated,ref_divergence	0	1	0	0	1		corroborated	siscowet			1	0	2	gene-LOC120052896	1		0	
gene-LOC120052897	LOC120052897	membrane-spanning 4-domains subfamily A member 12-like	protein_coding	NC_052314.1	57402735	57412502	1	B	2	ecotype_only_corroborated,ref_divergence	0	1	0	0	1		corroborated	lean			1	0	2	gene-LOC120052898	2		0	
gene-LOC120052901	LOC120052901	sialic acid synthase-like	protein_coding	NC_052314.1	57504133	57508198	3	B	2	ecotype_only_corroborated,ref_divergence	0	1	0	0	1		corroborated	siscowet			1	0	2	gene-LOC120052901	2		0	
gene-LOC120052902	LOC120052902	clathrin light chain A-like	protein_coding	NC_052314.1	57521298	57528988	10	B	2	ecotype_only_corroborated,ref_divergence	0	1	0	0	1		corroborated	siscowet			1	0	2	gene-LOC120052902	1		0	
gene-LOC120052904	LOC120052904	complexin-1-like	protein_coding	NC_052314.1	57555179	57591449	6	B	2	ecotype_only_corroborated,ref_divergence	0	1	0	0	1		corroborated	siscowet			1	0	2	gene-LOC120052904	1		0	
gene-LOC120052905	LOC120052905	tropomodulin-1-like	protein_coding	NC_052314.1	57592988	57611091	6	B	2	ecotype_only_corroborated,ref_divergence	0	1	0	0	1		corroborated	siscowet			1	0	2	gene-LOC120052905	1		0	
gene-LOC120052908	LOC120052908	beta-1,4-galactosyltransferase 1-like	protein_coding	NC_052314.1	57667613	57676470	4	B	2	ecotype_only_corroborated,ref_divergence	0	1	0	0	1		corroborated	siscowet			1	0	2	gene-LOC120052222	2		0	
gene-LOC120052909	LOC120052909	phospholipid-transporting ATPase ABCA1-like	protein_coding	NC_052314.1	57678080	57717866	8	B	2	ecotype_only_corroborated,ref_divergence	0	1	0	0	1		corroborated	siscowet			1	0	2	gene-LOC120052909	1		0	
gene-LOC120052941	LOC120052941	gliomedin-like	protein_coding	NC_052307.1	74782927	74789917	3	B	2	ecotype_only_corroborated,ref_divergence	0	1	0	0	1		corroborated	siscowet			1	0	2	gene-LOC120052941	1		0	
gene-LOC120052979	LOC120052979	unconventional myosin-IXAb-like	protein_coding	NC_052307.1	75477345	75515684	5	B	2	cnv,ref_divergence	0	0	1	0	1		liftoff_only	siscowet	1	2	0	0	1	gene-LOC120052979	1		0	
gene-LOC120052988	LOC120052988	unconventional myosin-IXAa-like	protein_coding	NC_052307.1	75584842	75650455	6	B	2	cnv,ref_divergence	0	0	1	0	1		liftoff_only	siscowet	1	2	0	0	1	gene-LOC120052988	1		0	
gene-LOC120053040	LOC120053040	N-acetylgalactosaminyltransferase 7-like	protein_coding	NC_052314.1	61821114	61848914	1	B	2	ecotype_only_corroborated,ref_divergence	0	1	0	0	1		corroborated	siscowet			1	0	2	gene-LOC120053040	1		0	
gene-LOC120053041	LOC120053041	F-box/WD repeat-containing protein 7	protein_coding	NC_052314.1	62371068	62551376	5	B	2	ecotype_only_corroborated,ref_divergence	0	1	0	0	1		corroborated	siscowet			1	0	2	gene-LOC120053041	1		0	
gene-LOC120053044	LOC120053044	dCTP pyrophosphatase 1-like	protein_coding	NC_052314.1	62722255	62723375	2	B	2	ecotype_only_corroborated,ref_divergence	0	1	0	0	1		corroborated	lean			1	0	2	gene-LOC120053044	1		0	
gene-LOC120053049	LOC120053049	mineralocorticoid receptor-like	protein_coding	NC_052314.1	63287959	63394022	4	B	2	ecotype_only_corroborated,ref_divergence	0	1	0	0	1		corroborated	siscowet			1	0	2	gene-LOC120053049	1		0	
gene-LOC120053053	LOC120053053	endothelin receptor type B-like	protein_coding	NC_052314.1	63494208	63507489	6	B	2	ecotype_only_corroborated,ref_divergence	0	1	0	0	1		corroborated	siscowet			1	0	2	gene-LOC120053053	1		0	
gene-LOC120053056	LOC120053056	ecto-ADP-ribosyltransferase 5-like	protein_coding	NC_052314.1	64126633	64130968	2	B	2	cnv,ref_divergence	0	0	1	0	1		liftoff_only	siscowet	2	3	0	0	1	gene-LOC120053056	1		0	
gene-LOC120053063	LOC120053063	GTPase IMAP family member 9-like	protein_coding	NC_052314.1	64916397	64918299	1	B	2	ecotype_only_corroborated,ref_divergence	0	1	0	0	1		corroborated	siscowet			1	0	2	gene-LOC120053063	1		0	
gene-LOC120053064	LOC120053064	CD209 antigen-like protein E	protein_coding	NC_052314.1	64632635	64790286	1	B	2	ecotype_only_corroborated,ref_divergence	0	1	0	0	1		corroborated	siscowet			1	1	3	gene-LOC120053064	1		0	0
gene-LOC120053069	LOC120053069	fibronectin-like	protein_coding	NC_052314.1	65269994	65300152	1	B	2	ecotype_only_corroborated,ref_divergence	0	1	0	0	1		corroborated	lean			1	0	2	gene-LOC120053069	1		0	
gene-LOC120053070	LOC120053070	fibronectin-like	protein_coding	NC_052314.1	65403740	65435821	1	B	2	ecotype_only_corroborated,ref_divergence	0	1	0	0	1		corroborated	lean			1	0	2	gene-LOC120053070	1		0	
gene-LOC120053140	LOC120053140	golgin subfamily A member 6-like protein 6	protein_coding	NC_052307.1	79214069	79229776	1	B	2	cnv,ref_divergence	0	0	1	0	1		liftoff_only	siscowet	1	2	0	0	1	gene-LOC120053124	2		0	
gene-LOC120053171	LOC120053171	guanylyl cyclase-activating protein 2-like	protein_coding	NC_052307.1	79245357	79249534	6	B	2	cnv,ref_divergence	0	0	1	0	1		liftoff_only	siscowet	1	3	0	0	1	gene-LOC120053171	3		0	
gene-LOC120053182	LOC120053182	guanylyl cyclase-activating protein 2-like	protein_coding	NC_052307.1	79261749	79265515	6	B	2	cnv,ref_divergence	0	0	1	0	1		liftoff_only	siscowet	1	3	0	0	1	gene-LOC120053171	3		0	
gene-LOC120053328	LOC120053328	reelin-like	protein_coding	NC_052315.1	55448015	55450354	3	B	2	cnv,ref_divergence	0	0	1	0	1		liftoff_only	siscowet	1	2	0	0	1	gene-LOC120053328	2		0	
gene-LOC120053329	LOC120053329	reelin-like	protein_coding	NC_052315.1	55458031	55513719	3	B	2	cnv,ref_divergence	0	0	1	0	1		liftoff_only	siscowet	1	2	0	0	1	gene-LOC120053328	2		0	
gene-LOC120053360	LOC120053360	diencephalon/mesencephalon homeobox protein 1-B-like	protein_coding	NC_052315.1	10493559	10495721	3	B	2	cnv,ref_divergence	0	0	1	0	1		liftoff_only	siscowet	1	2	0	0	1	gene-LOC120053360	1		0	
gene-LOC120053361	LOC120053361	SUN domain-containing protein 2-like	protein_coding	NC_052315.1	10596726	10613320	4	B	2	cnv,ref_divergence	0	0	1	0	1		liftoff_only	siscowet	1	2	0	0	1	gene-LOC120053361	1		0	
gene-LOC120053387	LOC120053387	cartilage oligomeric matrix protein	protein_coding	NC_052315.1	15164895	15178763	3	B	2	cnv,ref_divergence	0	0	1	0	1		liftoff_only	siscowet	1	2	0	0	1	gene-LOC120053387	1		0	
gene-LOC120053412	LOC120053412	testis-specific serine/threonine-protein kinase 6-like	protein_coding	NC_052315.1	19156237	19157270	7	B	2	cnv,ref_divergence	0	0	1	0	1		liftoff_only	siscowet	1	2	0	0	1	gene-LOC120053412	1		0	
gene-LOC120053450	LOC120053450	purine nucleoside phosphorylase-like	protein_coding	NC_052315.1	27613367	27618351	3	B	2	cnv,ref_divergence	0	0	1	0	1		liftoff_only	siscowet	1	2	0	0	1	gene-LOC120053450	1		0	
gene-LOC120053451	LOC120053451	calretinin-like	protein_coding	NC_052315.1	27630538	27642013	8	B	2	cnv,ref_divergence	0	0	1	0	1		liftoff_only	siscowet	1	2	0	0	1	gene-LOC120053451	1		0	
gene-LOC120053521	LOC120053521	protein Wnt-2-like	protein_coding	NC_052315.1	48173437	48180067	8	B	2	cnv,ref_divergence	0	0	1	0	1		liftoff_only	siscowet	1	2	0	0	1	gene-LOC120053521	1		0	
gene-LOC120053522	LOC120053522	F-actin-capping protein subunit alpha-2-like	protein_coding	NC_052315.1	48272333	48324937	5	B	2	cnv,ref_divergence	0	0	1	0	1		liftoff_only	siscowet	1	2	0	0	1	gene-LOC120053522	1		0	
gene-LOC120053527	LOC120053527	ALX homeobox protein 1-like	protein_coding	NC_052315.1	49951070	49956840	5	B	2	cnv,ref_divergence	0	0	1	0	1		liftoff_only	siscowet	1	2	0	0	1	gene-LOC120053527	1		0	
gene-LOC120053529	LOC120053529	alpha-1,3-mannosyl-glycoprotein 4-beta-N-acetylglucosaminyltransferase C-like	protein_coding	NC_052315.1	50278349	50279967	2	B	2	ecotype_only_corroborated,ref_divergence	0	1	0	0	1		corroborated	siscowet			1	0	2	gene-LOC120053529	1		0	
gene-LOC120053649	LOC120053649	transmembrane gamma-carboxyglutamic acid protein 1-like	protein_coding	NC_052315.1	9175090	9181136	3	B	2	cnv,ref_divergence	0	0	1	0	1		liftoff_only	siscowet	1	2	0	0	1	gene-LOC120053649	2		0	
gene-LOC120053650	LOC120053650	TGF-beta-activated kinase 1 and MAP3K7-binding protein 3-like	protein_coding	NC_052315.1	9198383	9214741	2	B	2	cnv,ref_divergence	0	0	1	0	1		liftoff_only	siscowet	1	2	0	0	1	gene-LOC120053650	1		0	
gene-LOC120053652	LOC120053652	transmembrane protein 47-like	protein_coding	NC_052315.1	9186044	9196704	3	B	2	cnv,ref_divergence	0	0	1	0	1		liftoff_only	siscowet	1	2	0	0	1	gene-LOC120053649	2		0	
gene-LOC120053661	LOC120053661	cytochrome b-c1 complex subunit 6, mitochondrial-like	protein_coding	NC_052315.1	10536000	10541440	2	B	2	cnv,ref_divergence	0	0	1	0	1		liftoff_only	siscowet	1	2	0	0	1	gene-LOC120053661	3		0	
gene-LOC120053662	LOC120053662	cytochrome P450 2J5-like	protein_coding	NC_052315.1	10569092	10585459	7	B	2	cnv,ref_divergence	0	0	1	0	1		liftoff_only	siscowet	1	2	0	0	1	gene-LOC120053661	3		0	1
gene-LOC120053663	LOC120053663	cytochrome P450 2J5-like	protein_coding	NC_052315.1	10558608	10568966	7	B	2	cnv,ref_divergence	0	0	1	0	1		liftoff_only	siscowet	1	2	0	0	1	gene-LOC120053661	3		0	
gene-LOC120053664	LOC120053664	leukocyte elastase inhibitor-like	protein_coding	NC_052315.1	10585575	10590876	3	B	2	cnv,ref_divergence	0	0	1	0	1		liftoff_only	siscowet	1	2	0	0	1	gene-LOC120053664	1		0	
gene-LOC120053751	LOC120053751	putative ferric-chelate reductase 1	protein_coding	NC_052315.1	16407990	16413817	0	B	2	cnv,ref_divergence	0	0	1	0	1		liftoff_only	siscowet	1	2	0	0	1	gene-LOC120053751	1		0	
gene-LOC120053807	LOC120053807	nexilin-like	protein_coding	NC_052315.1	9246276	9268050	6	B	2	cnv,ref_divergence	0	0	1	0	1		liftoff_only	siscowet	1	2	0	0	1	gene-LOC120053807	1		0	
gene-LOC120053813	LOC120053813	kelch-like protein 25	protein_coding	NC_052315.1	21073783	21128129	1	B	2	cnv,ref_divergence	0	0	1	0	1		liftoff_only	siscowet	1	2	0	0	1	gene-LOC120053813	1		0	
gene-LOC120053880	LOC120053880	fatty-acid amide hydrolase 1-like	protein_coding	NC_052315.1	10508532	10531149	3	B	2	cnv,ref_divergence	0	0	1	0	1		liftoff_only	siscowet	1	2	0	0	1	gene-LOC120053880	1		0	
gene-LOC120053888	LOC120053888	interleukin-34-like	protein_coding	NC_052315.1	25920942	25928653	7	B	2	cnv,ref_divergence	0	0	1	0	1		liftoff_only	lean	2	1	0	0	1	gene-LOC120053888	1		0	
gene-LOC120053907	LOC120053907	breast cancer anti-estrogen resistance protein 1-like	protein_coding	NC_052315.1	26708895	26825035	6	B	2	ecotype_only_corroborated,ref_divergence	0	1	0	0	1		corroborated	siscowet			1	1	3	gene-LOC120053907	1		0	0
gene-LOC120053918	LOC120053918	ephrin-A2-like	protein_coding	NC_052315.1	11685566	11710935	5	B	2	ecotype_only_corroborated,ref_divergence	0	1	0	0	1		corroborated	lean			1	1	3	gene-LOC120053918	1		0	0
gene-LOC120053922	LOC120053922	aspartate aminotransferase, mitochondrial-like	protein_coding	NC_052315.1	27648877	27657585	5	B	2	cnv,ref_divergence	0	0	1	0	1		liftoff_only	siscowet	1	2	0	0	1	gene-LOC120053922	1		0	
gene-LOC120053944	LOC120053944	proline-serine-threonine phosphatase-interacting protein 1-like	protein_coding	NC_052315.1	30608667	30621455	5	B	2	cnv,ref_divergence	0	0	1	0	1		liftoff_only	siscowet	1	2	0	0	1	gene-LOC120053944	1		0	
gene-LOC120053945	LOC120053945	tetraspanin-3-like	protein_coding	NC_052315.1	30624666	30638965	4	B	2	cnv,ref_divergence	0	0	1	0	1		liftoff_only	siscowet	1	2	0	0	1	gene-LOC120053945	1		0	
gene-LOC120053968	LOC120053968	carnitine O-palmitoyltransferase 1, liver isoform-like	protein_coding	NC_052315.1	32222936	32246222	4	B	2	cnv,ref_divergence	0	0	1	0	1		liftoff_only	siscowet	1	2	0	0	1	gene-LOC120053968	1		0	
gene-LOC120053969	LOC120053969	kelch-like protein 42	protein_coding	NC_052315.1	32247977	32256063	1	B	2	cnv,ref_divergence	0	0	1	0	1		liftoff_only	siscowet	1	2	0	0	1	gene-LOC120053969	1		0	
gene-LOC120053973	LOC120053973	zona pellucida sperm-binding protein 4-like	protein_coding	NC_052315.1	32283272	32287597	6	B	2	cnv,ref_divergence	0	0	1	0	1		liftoff_only	siscowet	1	2	0	0	1	gene-LOC120053973	1		0	
gene-LOC120053998	LOC120053998	galactosylceramide sulfotransferase-like	protein_coding	NC_052307.1	15410092	15412907	4	B	2	cnv,ref_divergence	0	0	1	0	1		liftoff_only	siscowet	1	2	0	0	1	gene-LOC120053998	1		0	
gene-LOC120054008	LOC120054008	P2X purinoceptor 2-like	protein_coding	NC_052307.1	15445105	15451161	7	B	2	cnv,ref_divergence	0	0	1	0	1		liftoff_only	siscowet	1	2	0	0	1	gene-LOC120054008	1		0	
gene-LOC120054062	LOC120054062	diphosphoinositol polyphosphate phosphohydrolase 3-beta-like	protein_coding	NC_052315.1	40424281	40459394	10	B	2	cnv,ref_divergence	0	0	1	0	1		liftoff_only	siscowet	1	2	0	0	1	gene-LOC120054062	1		0	
gene-LOC120054120	LOC120054120	BTB/POZ domain-containing protein 10-like	protein_coding	NC_052315.1	44777178	44795222	3	B	2	cnv,ref_divergence	0	0	1	0	1		liftoff_only	siscowet	1	2	0	0	1	gene-LOC120054120	1		0	
gene-LOC120054154	LOC120054154	suppressor of tumorigenicity 7 protein homolog	protein_coding	NC_052315.1	48180773	48254655	0	B	2	cnv,ref_divergence	0	0	1	0	1		liftoff_only	siscowet	1	2	0	0	1	gene-LOC120054154	1		0	
gene-LOC120054283	LOC120054283	platelet-derived growth factor receptor alpha-like	protein_coding	NC_052316.1	28102509	28126014	9	B	2	cnv,ref_divergence	0	0	1	0	1		liftoff_only	siscowet	1	2	0	0	1	gene-LOC120054283	1		0	
gene-LOC120054381	LOC120054381	E3 ubiquitin-protein ligase HERC2-like	protein_coding	NC_052316.1	49037574	49066639	0	B	2	ecotype_only_corroborated,ref_divergence	0	1	0	0	1		corroborated	siscowet			1	0	2	gene-LOC120054381	1		0	
gene-LOC120054436	LOC120054436	calcium release-activated calcium channel protein 1-like	protein_coding	NC_052307.1	21276046	21279563	3	B	2	cnv,ref_divergence	0	0	1	0	1		liftoff_only	siscowet	1	2	0	0	1	gene-LOC120054436	1		0	
gene-LOC120054458	LOC120054458	4-hydroxyphenylpyruvate dioxygenase-like	protein_coding	NC_052307.1	21302962	21308149	4	B	2	cnv,ref_divergence	0	0	1	0	1		liftoff_only	siscowet	1	2	0	0	1	gene-LOC120054458	1		0	
gene-LOC120054602	LOC120054602	kinesin-like protein KIF14	protein_coding	NC_052316.1	4985344	5029942	4	B	2	cnv,ref_divergence	0	0	1	0	1		liftoff_only	siscowet	1	2	0	0	1	gene-LOC120054602	1		0	
gene-LOC120054611	LOC120054611	5-hydroxytryptamine receptor 2B-like	protein_coding	NC_052316.1	5691871	5704547	10	B	2	cnv,ref_divergence	0	0	1	0	1		liftoff_only	siscowet	1	2	0	0	1	gene-LOC120054611	1		0	
gene-LOC120054926	LOC120054926	GS homeobox 2-like	protein_coding	NC_052316.1	28090820	28091848	4	B	2	cnv,ref_divergence	0	0	1	0	1		liftoff_only	siscowet	1	2	0	0	1	gene-LOC120054926	1		0	
gene-LOC120054927	LOC120054927	pancreas/duodenum homeobox protein 1-like	protein_coding	NC_052316.1	28096163	28097019	5	B	2	cnv,ref_divergence	0	0	1	0	1		liftoff_only	siscowet	1	2	0	0	1	gene-LOC120054927	1		0	
gene-LOC120054999	LOC120054999	T-box transcription factor TBX1	protein_coding	NC_052307.1	33338967	33347038	6	B	2	cnv,ref_divergence	0	0	1	0	1		liftoff_only	siscowet	1	2	0	0	1	gene-LOC120054999	1		0	
gene-LOC120055018	LOC120055018	complement factor H-related protein 4-like	protein_coding	NC_052316.1	40065230	40066358	0	B	2	cnv,ref_divergence	0	0	1	0	1		liftoff_only	lean	2	1	0	0	1	gene-LOC120055018	1		0	
gene-LOC120055032	LOC120055032	probable rRNA-processing protein EBP2	protein_coding	NC_052316.1	41714635	41721694	5	B	2	cnv,ref_divergence	0	0	1	0	1		liftoff_only	lean	2	1	0	0	1	gene-LOC120055032	1		0	
gene-LOC120055128	LOC120055128	ubiquitin carboxyl-terminal hydrolase 13-like	protein_coding	NC_052316.1	6017153	6070859	4	B	2	cnv,ref_divergence	0	0	1	0	1		liftoff_only	siscowet	1	2	0	1	1	gene-LOC120055128	1		0	0
gene-LOC120055155	LOC120055155	protein FAM163A-like	protein_coding	NC_052316.1	9838978	9839578	0	B	2	cnv,ref_divergence	0	0	1	0	1		liftoff_only	siscowet	1	2	0	0	1	gene-LOC120055155	1		0	
gene-LOC120055206	LOC120055206	major facilitator superfamily domain-containing protein 12-like	protein_coding	NC_052316.1	20163908	20170171	3	B	2	cnv,ref_divergence	0	0	1	0	1		liftoff_only	lean	2	1	0	0	1	gene-LOC120055206	1		0	
gene-LOC120055285	LOC120055285		V_segment	NC_052317.1	21548400	21549026	0	B	2	cnv,ref_divergence	0	0	1	0	1		liftoff_only	siscowet	1	2	0	0	1	gene-LOC120055285	1		0	
gene-LOC120055298	LOC120055298	vasoactive intestinal polypeptide receptor 2-like	protein_coding	NC_052317.1	22643327	22669381	6	B	2	cnv,ref_divergence	0	0	1	0	1		liftoff_only	siscowet	1	2	0	0	1	gene-LOC120055298	1		0	
gene-LOC120055335	LOC120055335	lymphocyte expansion molecule-like	protein_coding	NC_052317.1	30616901	30621773	0	B	2	cnv,ref_divergence	0	0	1	0	1		liftoff_only	siscowet	1	2	0	0	1	gene-LOC120055335	1		0	
gene-LOC120055336	LOC120055336	leucine rich adaptor protein 1-like	protein_coding	NC_052317.1	30622522	30623587	2	B	2	cnv,ref_divergence	0	0	1	0	1		liftoff_only	siscowet	1	2	0	0	1	gene-LOC120055336	1		0	
gene-LOC120055337	LOC120055337	outer dense fiber protein 2-like	protein_coding	NC_052317.1	30637528	30641472	3	B	2	cnv,ref_divergence	0	0	1	0	1		liftoff_only	siscowet	1	2	0	0	1	gene-LOC120055337	2		0	
gene-LOC120055383	LOC120055383	SH2 domain-containing protein 1A-like	protein_coding	NC_052317.1	35099499	35102338	0	B	2	cnv,ref_divergence	0	0	1	0	1		liftoff_only	lean	2	1	0	0	1	gene-LOC120055383	1		0	
gene-LOC120055472	LOC120055472	leptin receptor gene-related protein-like	protein_coding	NC_052317.1	7046913	7050016	3	B	2	cnv,ref_divergence	0	0	1	0	1		liftoff_only	siscowet	1	2	0	0	1	gene-LOC120055472	1		0	
gene-LOC120055533	LOC120055533	tctex1 domain-containing protein 1	protein_coding	NC_052317.1	17470974	17472878	4	B	2	cnv,ref_divergence	0	0	1	0	1		liftoff_only	siscowet	1	2	0	0	1	gene-LOC120055533	1		0	
gene-LOC120055534	LOC120055534	60S ribosomal protein L37	protein_coding	NC_052307.1	44705744	44708034	5	B	2	cnv,ref_divergence	0	0	1	0	1		liftoff_only	siscowet	1	2	0	0	1	gene-LOC120055534	2		0	
gene-LOC120055543	LOC120055543	disks large-associated protein 1-like	protein_coding	NC_052317.1	19459238	19496576	5	B	2	cnv,ref_divergence	0	0	1	0	1		liftoff_only	siscowet	1	2	0	0	1	gene-LOC120055543	1		0	
gene-LOC120055571	LOC120055571	tubulin beta chain-like	protein_coding	NC_052317.1	25977948	25988491	7	B	2	cnv,ref_divergence	0	0	1	0	1		liftoff_only	siscowet	1	2	0	0	1	gene-LOC120055571	1		0	
gene-LOC120055596	LOC120055596	atypical chemokine receptor 2	protein_coding	NC_052317.1	29320471	29322107	5	B	2	cnv,ref_divergence	0	0	1	0	1		liftoff_only	siscowet	1	2	0	0	1	gene-LOC120055596	1		0	
gene-LOC120055599	LOC120055599	probable E3 ubiquitin-protein ligase TRIM8	protein_coding	NC_052317.1	30624413	30631524	1	B	2	cnv,ref_divergence	0	0	1	0	1		liftoff_only	siscowet	1	2	0	0	1	gene-LOC120055599	1		0	
gene-LOC120055620	LOC120055620	angiopoietin-related protein 1-like	protein_coding	NC_052317.1	33105984	33113246	3	B	2	ecotype_only_corroborated,ref_divergence	0	1	0	0	1		corroborated	siscowet			1	0	2	gene-LOC120055620	1		0	
gene-LOC120055645	LOC120055645	carbonic anhydrase 4-like	protein_coding	NC_052317.1	35918476	35940864	3	B	2	cnv,ref_divergence	0	0	1	0	1		liftoff_only	siscowet	1	2	0	0	1	gene-LOC120055645	1		0	
gene-LOC120055699	LOC120055699	protein disulfide-isomerase TMX3-like	protein_coding	NC_052317.1	1211937	1250308	3	B	2	cnv,ref_divergence	0	0	1	0	1		liftoff_only	siscowet	1	2	0	0	1	gene-LOC120055699	1		0	
gene-LOC120055700	LOC120055700	serine/threonine-protein kinase PRP4 homolog	protein_coding	NC_052317.1	1292593	1322969	5	B	2	cnv,ref_divergence	0	0	1	0	1		liftoff_only	siscowet	1	2	0	0	1	gene-LOC120055700	1		0	
gene-LOC120055741	LOC120055741	phosphoglucomutase-1-like	protein_coding	NC_052317.1	6988269	6998977	4	B	2	cnv,ref_divergence	0	0	1	0	1		liftoff_only	siscowet	1	2	0	0	1	gene-LOC120055741	1		0	
gene-LOC120055743	LOC120055743	tyrosine-protein kinase JAK1-like	protein_coding	NC_052317.1	7019868	7046389	12	B	2	cnv,ref_divergence	0	0	1	0	1		liftoff_only	siscowet	1	2	0	0	1	gene-LOC120055743	1		0	
gene-LOC120055744	LOC120055744	transmembrane protein 208-like	protein_coding	NC_052307.1	52265310	52267661	2	B	2	ecotype_only_corroborated,ref_divergence	0	1	0	0	1		corroborated	siscowet			1	0	2	gene-LOC120055744	1		0	
gene-LOC120055752	LOC120055752	homeobox protein DBX1-A-like	protein_coding	NC_052307.1	52365447	52368424	4	B	2	ecotype_only_corroborated,ref_divergence	0	1	0	0	1		corroborated	siscowet			1	0	2	gene-LOC120055752	1		0	
gene-LOC120055754	LOC120055754	parafibromin-like	protein_coding	NC_052317.1	7712959	7716414	6	B	2	cnv,ref_divergence	0	0	1	0	1		liftoff_only	lean	2	1	0	0	1	gene-LOC120055750	4		0	
gene-LOC120055761	LOC120055761	Y+L amino acid transporter 2-like	protein_coding	NC_052317.1	8505643	8515854	3	B	2	cnv,ref_divergence	0	0	1	0	1		liftoff_only	siscowet	1	2	0	0	1	gene-LOC120055761	1		0	
gene-LOC120055773	LOC120055773	septin-2B	protein_coding	NC_052317.1	9218698	9235124	12	B	2	ecotype_only_corroborated,ref_divergence	0	1	0	0	1		corroborated	siscowet			1	0	2	gene-LOC120055773	1		0	
gene-LOC120055774	LOC120055774	selenoprotein F-like	protein_coding	NC_052317.1	9283136	9302911	2	B	2	cnv,ref_divergence	0	0	1	0	1		liftoff_only	siscowet	1	2	0	0	1	gene-LOC120055774	1		0	
gene-LOC120055775	LOC120055775	heparan sulfate 2-O-sulfotransferase 1-like	protein_coding	NC_052317.1	9303341	9332835	4	B	2	cnv,ref_divergence	0	0	1	0	1		liftoff_only	siscowet	1	2	0	0	1	gene-LOC120055775	1		0	
gene-LOC120055812	LOC120055812	muscarinic acetylcholine receptor M4-like	protein_coding	NC_052307.1	54039247	54040689	4	B	2	ecotype_only_corroborated,ref_divergence	0	1	0	0	1		corroborated	siscowet			1	0	2	gene-LOC120055812	1		0	
gene-LOC120055820	LOC120055820	midkine-B-like	protein_coding	NC_052307.1	54044084	54054617	1	B	2	ecotype_only_corroborated,ref_divergence	0	1	0	0	1		corroborated	siscowet			1	0	2	gene-LOC120055820	1		0	
gene-LOC120055826	LOC120055826	phosducin-like	protein_coding	NC_052317.1	12041079	12042391	1	B	2	cnv,ref_divergence	0	0	1	0	1		liftoff_only	siscowet	1	2	0	0	1	gene-LOC120055826	1		0	
gene-LOC120055827	LOC120055827	protein odr-4 homolog	protein_coding	NC_052317.1	12042893	12053591	2	B	2	cnv,ref_divergence	0	0	1	0	1		liftoff_only	siscowet	1	2	0	0	1	gene-LOC120055827	1		0	
gene-LOC120055848	LOC120055848	carbonic anhydrase-related protein-like	protein_coding	NC_052317.1	13881889	13906711	2	B	2	cnv,ref_divergence	0	0	1	0	1		liftoff_only	siscowet	1	2	0	0	1	gene-LOC120055848	1		0	
gene-LOC120055850	LOC120055850	5'-3' exoribonuclease 1-like	protein_coding	NC_052317.1	14021866	14049296	5	B	2	cnv,ref_divergence	0	0	1	0	1		liftoff_only	siscowet	1	2	0	0	1	gene-LOC120055850	1		0	
gene-LOC120055871	LOC120055871	serine/threonine-protein kinase PLK3-like	protein_coding	NC_052317.1	17460400	17468210	13	B	2	cnv,ref_divergence	0	0	1	0	1		liftoff_only	siscowet	1	2	0	0	1	gene-LOC120055871	1		0	
gene-LOC120055891	LOC120055891	PAX-interacting protein 1-like	protein_coding	NC_052317.1	19638517	19658595	2	B	2	cnv,ref_divergence	0	0	1	0	1		liftoff_only	siscowet	1	2	0	0	1	gene-LOC120055891	1		0	
gene-LOC120055905	LOC120055905	G1/S-specific cyclin-E1-like	protein_coding	NC_052307.1	56219652	56224436	7	B	2	ecotype_only_corroborated,ref_divergence	0	1	0	0	1		corroborated	siscowet			1	0	2	gene-LOC120055905	1		0	
gene-LOC120055959	LOC120055959	cadherin-8-like	protein_coding	NC_052307.1	57635366	57713993	14	B	2	ecotype_only_corroborated,ref_divergence	0	1	0	0	1		corroborated	siscowet			1	0	2	gene-LOC120055959	1		0	
gene-LOC120055983	LOC120055983	5-beta-cholestane-3-alpha,7-alpha-diol 12-alpha-hydroxylase-like	protein_coding	NC_052317.1	29306290	29308695	3	B	2	cnv,ref_divergence	0	0	1	0	1		liftoff_only	siscowet	1	2	0	0	1	gene-LOC120055983	1		0	
gene-LOC120055984	LOC120055984	HIG1 domain family member 1A, mitochondrial-like	protein_coding	NC_052317.1	29323120	29327268	2	B	2	cnv,ref_divergence	0	0	1	0	1		liftoff_only	siscowet	1	2	0	0	1	gene-LOC120055984	1		0	
gene-LOC120056015	LOC120056015	serine/threonine-protein kinase STK11-like	protein_coding	NC_052317.1	31530735	31570563	12	B	2	cnv,ref_divergence	0	0	1	0	1		liftoff_only	siscowet	1	2	0	1	1	gene-LOC120056015	1		0	0
gene-LOC120056016	LOC120056016	SURP and G-patch domain-containing protein 1-like	protein_coding	NC_052317.1	31578617	31584870	3	B	2	cnv,ref_divergence	0	0	1	0	1		liftoff_only	siscowet	1	2	0	0	1	gene-LOC120056016	1		0	
gene-LOC120056018	LOC120056018	E3 ubiquitin-protein ligase RNF126-like	protein_coding	NC_052317.1	31584115	31589279	6	B	2	cnv,ref_divergence	0	0	1	0	1		liftoff_only	siscowet	1	2	0	0	1	gene-LOC120056018	1		0	
gene-LOC120056034	LOC120056034	protein fem-1 homolog A-like	protein_coding	NC_052317.1	32815647	32819152	1	B	2	cnv,ref_divergence	0	0	1	0	1		liftoff_only	siscowet	1	2	0	0	1	gene-LOC120056034	1		0	
gene-LOC120056044	LOC120056044	cytochrome P450 2J2-like	protein_coding	NC_052317.1	33239703	33250087	7	B	2	ecotype_only_corroborated,ref_divergence	0	1	0	0	1		corroborated	siscowet			1	0	2	gene-LOC120056044	1		0	
gene-LOC120056092	LOC120056092	homeobox and leucine zipper protein Homez-like	protein_coding	NC_052317.1	34352454	34358663	4	B	2	cnv,ref_divergence	0	0	1	0	1		liftoff_only	siscowet	1	2	0	0	1	gene-LOC120056092	1		0	
gene-LOC120056142	LOC120056142	PH domain leucine-rich repeat-containing protein phosphatase 2-like	protein_coding	NC_052307.1	64128424	64178494	1	B	2	ecotype_only_corroborated,ref_divergence	0	1	0	0	1		corroborated	siscowet			1	0	2	gene-LOC120056142	1		0	
gene-LOC120056161	LOC120056161	SLAM family member 9-like	protein_coding	NC_052317.1	39081206	39092272	0	B	2	ecotype_only_corroborated,ref_divergence	0	1	0	0	1		corroborated	siscowet			1	0	2	gene-LOC120056161	2		0	
gene-LOC120056216	LOC120056216	dol-P-Man:Man(5)GlcNAc(2)-PP-Dol alpha-1,3-mannosyltransferase-like	protein_coding	NC_052317.1	43829181	43835154	3	B	2	cnv,ref_divergence	0	0	1	0	1		liftoff_only	siscowet	1	2	0	0	1	gene-LOC120056216	1		0	
gene-LOC120056217	LOC120056217	mitochondrial ubiquitin ligase activator of nfkb 1-A-like	protein_coding	NC_052317.1	43835173	43838265	3	B	2	cnv,ref_divergence	0	0	1	0	1		liftoff_only	siscowet	1	2	0	0	1	gene-LOC120056217	1		0	
gene-LOC120056288	LOC120056288	phospholipid phosphatase-related protein type 5-like	protein_coding	NC_052317.1	12465014	12531317	4	B	2	cnv,ref_divergence	0	0	1	0	1		liftoff_only	siscowet	1	2	0	0	1	gene-LOC120056288	1		0	
gene-LOC120056308	LOC120056308	ladderlectin-like	protein_coding	NC_052317.1	16295301	16298048	1	B	2	cnv,ref_divergence	0	0	1	0	1		liftoff_only	siscowet	7	10	0	0	1	gene-LOC120056308	1		0	
gene-LOC120056402	LOC120056402	exocyst complex component 3-like	protein_coding	NC_052318.1	1695265	1696268	0	B	2	cnv,ref_divergence	0	0	1	0	1		liftoff_only	siscowet	1	2	0	0	1	gene-LOC120056402	1		0	
gene-LOC120056443	LOC120056443	synaptotagmin-9-like	protein_coding	NC_052307.1	67263673	67306979	11	B	2	ecotype_only_corroborated,ref_divergence	0	1	0	0	1		corroborated	siscowet			1	0	2	gene-LOC120056443	1		0	
gene-LOC120056450	LOC120056450	tryptophan 5-hydroxylase 1-like	protein_coding	NC_052307.1	67957603	67972669	5	B	2	ecotype_only_corroborated,ref_divergence	0	1	0	0	1		corroborated	lean			1	0	2	gene-LOC120056450	1		0	
gene-LOC120056459	LOC120056459	potassium voltage-gated channel subfamily C member 1-like	protein_coding	NC_052307.1	68000750	68024676	8	B	2	ecotype_only_corroborated,ref_divergence	0	1	0	0	1		corroborated	lean			1	0	2	gene-LOC120056459	1		0	
gene-LOC120056477	LOC120056477	vesicular glutamate transporter 2.1-like	protein_coding	NC_052307.1	68138182	68155702	9	B	2	ecotype_only_corroborated,ref_divergence	0	1	0	0	1		corroborated	lean			1	0	2	gene-LOC120056477	1		0	
gene-LOC120056485	LOC120056485	transmembrane protein 178B-like	protein_coding	NC_052307.1	68203064	68208601	1	B	2	ecotype_only_corroborated,ref_divergence	0	1	0	0	1		corroborated	lean			1	0	2	gene-LOC120056485	1		0	
gene-LOC120056549	LOC120056549	protein naked cuticle homolog 1-like	protein_coding	NC_052307.1	69724186	69762383	3	B	2	ecotype_only_corroborated,ref_divergence	0	1	0	0	1		corroborated	siscowet			1	1	3	gene-LOC120056549	1		0	0
gene-LOC120056576	LOC120056576	dehydrogenase/reductase SDR family member 13-like	protein_coding	NC_052318.1	37952271	37954588	0	B	2	cnv,ref_divergence	0	0	1	0	1		liftoff_only	siscowet	1	2	0	0	1	gene-LOC120056576	1		0	
gene-LOC120056583	LOC120056583	arylamine N-acetyltransferase, pineal gland isozyme NAT-10-like	protein_coding	NC_052307.1	70023772	70025421	1	B	2	cnv,ref_divergence	0	0	1	0	1		liftoff_only	siscowet	1	2	0	0	1	gene-LOC120056583	1		0	
gene-LOC120056591	LOC120056591	putative nuclease HARBI1	protein_coding	NC_052318.1	41318647	41320318	0	B	2	cnv,ref_divergence	0	0	1	0	1		liftoff_only	siscowet	2	3	0	0	1	gene-LOC120056591	1		0	
gene-LOC120056626	LOC120056626	BTB/POZ domain-containing protein kctd15	protein_coding	NC_052307.1	70272201	70298065	2	B	2	ecotype_only_corroborated,ref_divergence	0	1	0	0	1		corroborated	siscowet			0	1	2	gene-LOC120056626	1		0	0
gene-LOC120056736	LOC120056736	macrophage mannose receptor 1-like	protein_coding	NC_052318.1	2811426	2812096	0	B	2	cnv,ref_divergence	0	0	1	0	1		liftoff_only	siscowet	1	3	0	0	1	gene-LOC120056736	2		0	
gene-LOC120056797	LOC120056797	protein ABHD15	protein_coding	NC_052318.1	549655	556806	3	B	2	cnv,ref_divergence	0	0	1	0	1		liftoff_only	siscowet	1	2	0	0	1	gene-LOC120056797	1		0	
gene-LOC120056819	LOC120056819	regulatory factor X-associated protein-like	protein_coding	NC_052318.1	2822283	2824921	2	B	2	cnv,ref_divergence	0	0	1	0	1		liftoff_only	lean	2	1	0	0	1	gene-LOC120056819	1		0	
gene-LOC120056826	LOC120056826	major histocompatibility complex class I-related gene protein-like	protein_coding	NC_052307.1	73030625	73032145	3	B	2	cnv,ref_divergence	0	0	1	0	1		liftoff_only	siscowet	1	2	0	0	1	gene-LOC120056826	1		0	1
gene-LOC120056841	LOC120056841	tumor necrosis factor alpha-induced protein 8-like protein 3	protein_coding	NC_052307.1	74567390	74568696	2	B	2	cnv,ref_divergence	0	0	1	0	1		liftoff_only	lean	2	1	0	0	1	gene-LOC120056841	1		0	
gene-LOC120056907	LOC120056907	proteasome subunit alpha type-1-like	protein_coding	NC_052307.1	77105664	77109837	4	B	2	cnv,ref_divergence	0	0	1	0	1		liftoff_only	siscowet	1	2	0	0	1	gene-LOC120056907	1		0	
gene-LOC120056966	LOC120056966	mitochondrial inner membrane protease subunit 1-like	protein_coding	NC_052307.1	78392429	78414995	5	B	2	ecotype_only_corroborated,ref_divergence	0	1	0	0	1		corroborated	lean			1	0	2	gene-LOC120056966	2		0	
gene-LOC120056970	LOC120056970	mitochondrial inner membrane protease subunit 1-like	protein_coding	NC_052307.1	78442615	78464185	5	B	2	ecotype_only_corroborated,ref_divergence	0	1	0	0	1		corroborated	siscowet			1	0	2	gene-LOC120056966	2		0	
gene-LOC120057055	LOC120057055	guanylyl cyclase-activating protein 2-like	protein_coding	NC_052307.1	79299360	79300967	6	B	2	cnv,ref_divergence	0	0	1	0	1		liftoff_only	siscowet	1	3	0	0	1	gene-LOC120053171	3		0	
gene-LOC120057064	LOC120057064	toll-like receptor 13	protein_coding	NC_052307.1	79642200	79645100	6	B	2	cnv,ref_divergence	0	0	1	0	1		liftoff_only	siscowet	1	2	0	1	1	gene-LOC120057064	1		0	0
gene-LOC120057066	LOC120057066	ribosomal protein S6 kinase beta-1-like	protein_coding	NC_052318.1	28245042	28261837	4	B	2	cnv,ref_divergence	0	0	1	0	1		liftoff_only	lean	2	1	0	0	1	gene-LOC120057066	1		0	
gene-LOC120057199	LOC120057199	PHD finger protein 12-like	protein_coding	NC_052318.1	37919942	37933659	5	B	2	cnv,ref_divergence	0	0	1	0	1		liftoff_only	siscowet	1	2	0	0	1	gene-LOC120057199	1		0	
gene-LOC120057201	LOC120057201	cortexin domain-containing 1-like	protein_coding	NC_052307.1	73081054	73081257	0	B	2	cnv,ref_divergence	0	0	1	0	1		liftoff_only	siscowet	1	2	0	1	1	gene-LOC120057201	1		0	0
gene-LOC120057222	LOC120057222	55 kDa erythrocyte membrane protein-like	protein_coding	NC_052318.1	40718207	40738814	3	B	2	cnv,ref_divergence	0	0	1	0	1		liftoff_only	siscowet	1	2	0	0	1	gene-LOC120057222	1		0	
gene-LOC120057282	LOC120057282	pyruvate dehydrogenase (acetyl-transferring) kinase isozyme 3, mitochondrial-like	protein_coding	NC_052318.1	43785322	43794852	4	B	2	cnv,ref_divergence	0	0	1	0	1		liftoff_only	siscowet	1	2	0	0	1	gene-LOC120057282	1		0	
gene-LOC120057283	LOC120057283	choline-phosphate cytidylyltransferase B-like	protein_coding	NC_052318.1	43794691	43798887	3	B	2	cnv,ref_divergence	0	0	1	0	1		liftoff_only	siscowet	1	2	0	0	1	gene-LOC120057283	1		0	
gene-LOC120057397	LOC120057397	transmembrane protein 272-like	protein_coding	NC_052318.1	50871949	50891957	0	B	2	cnv,ref_divergence	0	0	1	0	1		liftoff_only	siscowet	1	2	0	0	1	gene-LOC120057397	1		0	
gene-LOC120057543	LOC120057543	probable G-protein coupled receptor 34	protein_coding	NC_052318.1	40754519	40755514	3	B	2	cnv,ref_divergence	0	0	1	0	1		liftoff_only	siscowet	1	2	0	0	1	gene-LOC120057543	1		0	
gene-LOC120057574	LOC120057574	organic solute transporter subunit alpha-like	protein_coding	NC_052318.1	43776346	43783344	2	B	2	cnv,ref_divergence	0	0	1	0	1		liftoff_only	siscowet	1	2	0	0	1	gene-LOC120057574	1		0	
gene-LOC120057794	LOC120057794	1-acyl-sn-glycerol-3-phosphate acyltransferase gamma-like	protein_coding	NC_052319.1	15298679	15303989	3	B	2	ecotype_only_corroborated,ref_divergence	0	1	0	0	1		corroborated	lean			1	0	2	gene-LOC120057794	1		0	
gene-LOC120057826	LOC120057826	solute carrier organic anion transporter family member 1B2-like	protein_coding	NC_052319.1	3340374	3342381	2	B	2	cnv,ref_divergence	0	0	1	0	1		liftoff_only	siscowet	1	2	0	0	1	gene-LOC120057826	1		0	
gene-LOC120057978	LOC120057978	tetraspanin-7-like	protein_coding	NC_052319.1	34689409	34707509	1	B	2	ecotype_only_corroborated,ref_divergence	0	1	0	0	1		corroborated	lean			1	0	2	gene-LOC120057978	1		0	
gene-LOC120057981	LOC120057981	protein jagunal homolog 1-A-like	protein_coding	NC_052319.1	35303934	35306504	4	B	2	cnv,ref_divergence	0	0	1	0	1		liftoff_only	siscowet	1	2	0	0	1	gene-LOC120057981	1		0	
gene-LOC120058008	LOC120058008	interferon-induced GTP-binding protein Mx-like	protein_coding	NC_052319.1	45380152	45396154	8	B	2	cnv,ref_divergence	0	0	1	0	1		liftoff_only	siscowet	1	2	0	1	1	gene-LOC120058008	4		0	0
gene-LOC120058090	LOC120058090	zona pellucida sperm-binding protein 3-like	protein_coding	NC_052319.1	31677386	31680410	5	B	2	cnv,ref_divergence	0	0	1	0	1		liftoff_only	siscowet	1	2	0	0	1	gene-LOC120058090	1		0	
gene-LOC120058091	LOC120058091	helix-loop-helix protein 2-like	protein_coding	NC_052319.1	31698324	31698683	4	B	2	cnv,ref_divergence	0	0	1	0	1		liftoff_only	siscowet	1	2	0	0	1	gene-LOC120058091	1		0	
gene-LOC120058173	LOC120058173	interferon regulatory factor 2-like	protein_coding	NC_052319.1	2407442	2416817	5	B	2	cnv,ref_divergence	0	0	1	0	1		liftoff_only	siscowet	1	2	0	0	1	gene-LOC120058173	1		0	
gene-LOC120058181	LOC120058181	cell division cycle protein 16 homolog	protein_coding	NC_052319.1	3366803	3392136	2	B	2	cnv,ref_divergence	0	0	1	0	1		liftoff_only	siscowet	1	2	0	0	1	gene-LOC120058181	1		0	
gene-LOC120058182	LOC120058182	regulator of nonsense transcripts 3A-like	protein_coding	NC_052319.1	3404434	3426030	5	B	2	cnv,ref_divergence	0	0	1	0	1		liftoff_only	siscowet	1	2	0	0	1	gene-LOC120058182	1		0	
gene-LOC120058208	LOC120058208	ORM1-like protein 1	protein_coding	NC_052319.1	8920676	8927690	5	B	2	cnv,ref_divergence	0	0	1	0	1		liftoff_only	siscowet	1	2	0	0	1	gene-LOC120058208	1		0	
gene-LOC120058265	LOC120058265	cytochrome c-like	protein_coding	NC_052319.1	14126088	14128170	6	B	2	cnv,ref_divergence	0	0	1	0	1		liftoff_only	siscowet	1	2	0	0	1	gene-LOC120058265	1		0	
gene-LOC120058283	LOC120058283	aryl hydrocarbon receptor-like	protein_coding	NC_052319.1	15448984	15497345	6	B	2	cnv,ref_divergence	0	0	1	0	1		liftoff_only	siscowet	1	2	0	0	1	gene-LOC120057896	2		0	
gene-LOC120058284	LOC120058284	NADH dehydrogenase [ubiquinone] 1 alpha subcomplex subunit 10, mitochondrial-like	protein_coding	NC_052319.1	15524934	15532835	3	B	2	cnv,ref_divergence	0	0	1	0	1		liftoff_only	siscowet	1	2	0	0	1	gene-LOC120058284	1		0	
gene-LOC120058288	LOC120058288	SH3 domain-binding protein 4-like	protein_coding	NC_052319.1	16363858	16425064	2	B	2	cnv,ref_divergence	0	0	1	0	1		liftoff_only	siscowet	1	2	0	0	1	gene-LOC120058288	1		0	
gene-LOC120058289	LOC120058289	ADP-ribosylation factor-like protein 4C	protein_coding	NC_052319.1	16449724	16451743	5	B	2	cnv,ref_divergence	0	0	1	0	1		liftoff_only	siscowet	1	3	0	0	1	gene-LOC120058289	1		0	
gene-LOC120058290	LOC120058290	protein ADP-ribosylarginine hydrolase-like	protein_coding	NC_052319.1	16587866	16591691	3	B	2	cnv,ref_divergence	0	0	1	0	1		liftoff_only	lean	2	1	0	0	1	gene-LOC120058290	3		0	
gene-LOC120058291	LOC120058291	ADP-ribosylation factor-like protein 4C	protein_coding	NC_052319.1	16611252	16612931	5	B	2	cnv,ref_divergence	0	0	1	0	1		liftoff_only	lean	2	1	0	0	1	gene-LOC120058290	3		0	
gene-LOC120058293	LOC120058293	protein ADP-ribosylarginine hydrolase-like	protein_coding	NC_052319.1	16630483	16634268	3	B	2	cnv,ref_divergence	0	0	1	0	1		liftoff_only	siscowet	1	2	0	0	1	gene-LOC120058290	3		0	
gene-LOC120058295	LOC120058295	rho GTPase-activating protein 15-like	protein_coding	NC_052319.1	16638013	16683844	3	B	2	cnv,ref_divergence	0	0	1	0	1		liftoff_only	siscowet	1	2	0	0	1	gene-LOC120058295	1		0	
gene-LOC120058340	LOC120058340	splicing factor 3B subunit 1-like	protein_coding	NC_052319.1	23205028	23225108	6	B	2	cnv,ref_divergence	0	0	1	0	1		liftoff_only	siscowet	1	2	0	0	1	gene-LOC120058340	1		0	
gene-LOC120058341	LOC120058341	coenzyme Q-binding protein COQ10 homolog B, mitochondrial-like	protein_coding	NC_052319.1	23233968	23248459	4	B	2	cnv,ref_divergence	0	0	1	0	1		liftoff_only	siscowet	1	2	0	0	1	gene-LOC120058341	1		0	
gene-LOC120058342	LOC120058342	60 kDa heat shock protein, mitochondrial	protein_coding	NC_052319.1	23251086	23258763	14	B	2	cnv,ref_divergence	0	0	1	0	1		liftoff_only	siscowet	1	2	0	0	1	gene-LOC120058342	1		0	
gene-LOC120058343	LOC120058343	MOB-like protein phocein	protein_coding	NC_052319.1	23259030	23272483	8	B	2	cnv,ref_divergence	0	0	1	0	1		liftoff_only	siscowet	1	2	0	0	1	gene-LOC120058343	1		0	
gene-LOC120058344	LOC120058344	raftlin-2-like	protein_coding	NC_052319.1	23272731	23299478	0	B	2	cnv,ref_divergence	0	0	1	0	1		liftoff_only	siscowet	1	2	0	0	1	gene-LOC120058344	1		0	
gene-LOC120058476	LOC120058476	protein TFG-like	protein_coding	NC_052319.1	35269637	35303075	4	B	2	cnv,ref_divergence	0	0	1	0	1		liftoff_only	siscowet	1	2	0	0	1	gene-LOC120058476	1		0	
gene-LOC120058484	LOC120058484	tripartite motif-containing 13-like	protein_coding	NC_052319.1	36573768	36578277	6	B	2	cnv,ref_divergence	0	0	1	0	1		liftoff_only	lean	2	1	0	0	1	gene-LOC120058484	1		0	
gene-LOC120058485	LOC120058485	SPRY domain-containing protein 7	protein_coding	NC_052319.1	36577225	36587259	1	B	2	cnv,ref_divergence	0	0	1	0	1		liftoff_only	lean	2	1	0	0	1	gene-LOC120058485	1		0	
gene-LOC120058536	LOC120058536	integrin alpha-4-like	protein_coding	NC_052319.1	41985662	42016269	7	B	2	ecotype_only_corroborated,ref_divergence	0	1	0	0	1		corroborated	siscowet			1	0	2	gene-LOC120058536	1		0	
gene-LOC120058626	LOC120058626	chemokine-like protein TAFA-1	protein_coding	NC_052320.1	17044222	17086049	4	B	2	cnv,ref_divergence	0	0	1	0	1		liftoff_only	siscowet	1	2	0	0	1	gene-LOC120058626	1		0	
gene-LOC120058698	LOC120058698	putative nuclease HARBI1	protein_coding	NC_052320.1	30774832	30776240	0	B	2	cnv,ref_divergence	0	0	1	0	1		liftoff_only	lean	4	2	0	0	1	gene-LOC120058698	1		0	
gene-LOC120058709	LOC120058709	coiled-coil domain-containing protein 63-like	protein_coding	NC_052320.1	33303010	33310444	3	B	2	cnv,ref_divergence	0	0	1	0	1		liftoff_only	siscowet	1	2	0	0	1	gene-LOC120058709	1		0	
gene-LOC120058746	LOC120058746	cadherin-2	protein_coding	NC_052320.1	38672425	38678998	11	B	2	cnv,ref_divergence	0	0	1	0	1		liftoff_only	siscowet	1	2	0	0	1	gene-LOC120058746	2		0	
gene-LOC120058747	LOC120058747	cadherin-like protein 26	protein_coding	NC_052320.1	38712113	38742154	11	B	2	cnv,ref_divergence	0	0	1	0	1		liftoff_only	siscowet	1	2	0	0	1	gene-LOC120058746	2		0	
gene-LOC120058780	LOC120058780	pepsin A-like	protein_coding	NC_052320.1	3677419	3682215	2	B	2	cnv,ref_divergence	0	0	1	0	1		liftoff_only	siscowet	1	3	0	0	1	gene-LOC120058779	3		0	
gene-LOC120058790	LOC120058790	tumor necrosis factor receptor superfamily member 14-like	protein_coding	NC_052320.1	5740118	5743490	13	B	2	cnv,ref_divergence	0	0	1	0	1		liftoff_only	siscowet	1	2	0	0	1	gene-LOC120059053	2		0	
gene-LOC120058839	LOC120058839	melanocyte protein PMEL-like	protein_coding	NC_052320.1	11533015	11536803	2	B	2	cnv,ref_divergence	0	0	1	0	1		liftoff_only	lean	3	2	0	0	1	gene-LOC120058839	1		0	
gene-LOC120058852	LOC120058852	adipolin-like	protein_coding	NC_052320.1	13366718	13391081	2	B	2	cnv,ref_divergence	0	0	1	0	1		liftoff_only	siscowet	1	2	0	0	1	gene-LOC120058852	1		0	
gene-LOC120058913	LOC120058913	calcium/calmodulin-dependent protein kinase type 1B-like	protein_coding	NC_052320.1	25872244	25880081	5	B	2	cnv,ref_divergence	0	0	1	0	1		liftoff_only	siscowet	1	2	0	0	1	gene-LOC120058913	1		0	
gene-LOC120058927	LOC120058927	peptidyl-prolyl cis-trans isomerase FKBP1A-like	protein_coding	NC_052320.1	28041365	28049523	1	B	2	cnv,ref_divergence	0	0	1	0	1		liftoff_only	lean	2	1	0	0	1	gene-LOC120058927	1		0	
gene-LOC120058955	LOC120058955	forkhead box protein P1-B-like	protein_coding	NC_052320.1	33893200	33907574	4	B	2	cnv,ref_divergence	0	0	1	0	1		liftoff_only	siscowet	1	2	0	0	1	gene-LOC120058955	1		0	
gene-LOC120058959	LOC120058959	protein-serine O-palmitoleoyltransferase porcupine-like	protein_coding	NC_052320.1	33957821	33966217	8	B	2	cnv,ref_divergence	0	0	1	0	1		liftoff_only	siscowet	1	2	0	0	1	gene-LOC120058959	1		0	
gene-LOC120058961	LOC120058961	endophilin-B2-like	protein_coding	NC_052307.1	19992154	20012461	4	B	2	cnv,ref_divergence	0	0	1	0	1		liftoff_only	lean	2	1	0	0	1	gene-LOC120058961	1		0	
gene-LOC120059000	LOC120059000	transcription factor Sp5-like	protein_coding	NC_052320.1	7273748	7275555	3	B	2	ecotype_only_corroborated,ref_divergence	0	1	0	0	1		corroborated	siscowet			1	0	2	gene-LOC120059000	1		0	
gene-LOC120059053	LOC120059053	tumor necrosis factor receptor superfamily member 14-like	protein_coding	NC_052320.1	5732302	5739042	8	B	2	cnv,ref_divergence	0	0	1	0	1		liftoff_only	siscowet	1	2	0	0	1	gene-LOC120059053	2		0	
gene-LOC120059142	LOC120059142	tubulin alpha chain-like	protein_coding	NC_052320.1	11481237	11483633	6	B	2	cnv,ref_divergence	0	0	1	0	1		liftoff_only	lean	2	1	0	0	1	gene-LOC120059142	1		0	
gene-LOC120059165	LOC120059165	45 kDa calcium-binding protein	protein_coding	NC_052320.1	13395220	13402701	3	B	2	cnv,ref_divergence	0	0	1	0	1		liftoff_only	siscowet	1	2	0	0	1	gene-LOC120059165	1		0	
gene-LOC120059167	LOC120059167	homeodomain-interacting protein kinase 1-like	protein_coding	NC_052320.1	13412822	13427947	10	B	2	cnv,ref_divergence	0	0	1	0	1		liftoff_only	siscowet	1	2	0	0	1	gene-LOC120059167	1		0	
gene-LOC120059247	LOC120059247	spermatogenesis-associated serine-rich protein 2-like	protein_coding	NC_052320.1	19613374	19691685	2	B	2	cnv,ref_divergence	0	0	1	0	1		liftoff_only	siscowet	1	2	0	0	1	gene-LOC120059247	1		0	
gene-LOC120059248	LOC120059248	partner of Y14 and mago A	protein_coding	NC_052320.1	19600904	19613590	4	B	2	cnv,ref_divergence	0	0	1	0	1		liftoff_only	siscowet	1	2	0	0	1	gene-LOC120059248	1		0	
gene-LOC120059282	LOC120059282	putative nuclease HARBI1	protein_coding	NC_052320.1	23178053	23179626	0	B	2	cnv,ref_divergence	0	0	1	0	1		liftoff_only	lean	2	1	0	0	1	gene-LOC120059282	1		0	
gene-LOC120059442	LOC120059442	oxysterol-binding protein-related protein 2-like	protein_coding	NC_052320.1	35153454	35182697	5	B	2	ecotype_only_corroborated,ref_divergence	0	1	0	0	1		corroborated	siscowet			1	0	2	gene-LOC120059442	1		0	
gene-LOC120059492	LOC120059492	calcium-responsive transactivator-like	protein_coding	NC_052320.1	38647563	38660253	4	B	2	cnv,ref_divergence	0	0	1	0	1		liftoff_only	siscowet	1	2	0	0	1	gene-LOC120059492	1		0	
gene-LOC120059566	LOC120059566	heterochromatin protein 1-binding protein 3-like	protein_coding	NC_052308.1	17225786	17232134	8	B	2	cnv,ref_divergence	0	0	1	0	1		liftoff_only	siscowet	1	2	0	0	1	gene-LOC120059566	1		0	
gene-LOC120059571	LOC120059571	SAP domain-containing ribonucleoprotein-like	protein_coding	NC_052320.1	5785805	5786814	2	B	2	cnv,ref_divergence	0	0	1	0	1		liftoff_only	siscowet	1	2	0	0	1	gene-LOC120059570	2		0	
gene-LOC120059577	LOC120059577	SH2 domain-containing protein 5-like	protein_coding	NC_052308.1	17236850	17241215	1	B	2	cnv,ref_divergence	0	0	1	0	1		liftoff_only	siscowet	1	2	0	0	1	gene-LOC120059577	1		0	
gene-LOC120059580	LOC120059580	SAP domain-containing ribonucleoprotein-like	protein_coding	NC_052320.1	7034414	7035431	0	B	2	cnv,ref_divergence	0	0	1	0	1		liftoff_only	siscowet	1	3	0	0	1	gene-LOC120059580	2		0	
gene-LOC120059581	LOC120059581	SAP domain-containing ribonucleoprotein-like	protein_coding	NC_052320.1	7053375	7054804	2	B	2	cnv,ref_divergence	0	0	1	0	1		liftoff_only	siscowet	2	3	0	0	1	gene-LOC120059580	2		0	
gene-LOC120059594	LOC120059594	ubiquitin thioesterase OTU1	protein_coding	NC_052308.1	17265910	17272234	7	B	2	cnv,ref_divergence	0	0	1	0	1		liftoff_only	siscowet	1	2	0	0	1	gene-LOC120059594	1		0	
gene-LOC120059604	LOC120059604	protein PHTF2-like	protein_coding	NC_052308.1	17287703	17295070	1	B	2	cnv,ref_divergence	0	0	1	0	1		liftoff_only	siscowet	1	2	0	0	1	gene-LOC120059604	1		0	
gene-LOC120059738	LOC120059738	G-protein coupled receptor family C group 6 member A-like	protein_coding	NC_052321.1	5659712	5671077	3	B	2	cnv,ref_divergence	0	0	1	0	1		liftoff_only	siscowet	1	2	0	0	1	gene-LOC120059738	1		0	
gene-LOC120059739	LOC120059739	matrilin-3-like	protein_coding	NC_052321.1	5687940	5694950	0	B	2	cnv,ref_divergence	0	0	1	0	1		liftoff_only	siscowet	1	2	0	0	1	gene-LOC120059739	1		0	
gene-LOC120059740	LOC120059740	potassium voltage-gated channel subfamily S member 3-like	protein_coding	NC_052321.1	5763271	5764776	6	B	2	cnv,ref_divergence	0	0	1	0	1		liftoff_only	siscowet	1	2	0	0	1	gene-LOC120059740	1		0	
gene-LOC120059769	LOC120059769	gap junction alpha-10 protein-like	protein_coding	NC_052321.1	12926678	12928228	2	B	2	cnv,ref_divergence	0	0	1	0	1		liftoff_only	siscowet	1	2	0	0	1	gene-LOC120059769	1		0	
gene-LOC120059770	LOC120059770	transcription regulator protein BACH2-like	protein_coding	NC_052321.1	12932603	12944889	4	B	2	cnv,ref_divergence	0	0	1	0	1		liftoff_only	siscowet	1	2	0	0	1	gene-LOC120059770	1		0	
gene-LOC120059771	LOC120059771	mitogen-activated protein kinase kinase kinase 7-like	protein_coding	NC_052321.1	12998154	13019654	6	B	2	cnv,ref_divergence	0	0	1	0	1		liftoff_only	siscowet	1	2	0	0	1	gene-LOC120059771	1		0	
gene-LOC120059772	LOC120059772	rab3 GTPase-activating protein non-catalytic subunit-like	protein_coding	NC_052321.1	13043549	13061950	1	B	2	cnv,ref_divergence	0	0	1	0	1		liftoff_only	lean	2	1	0	0	1	gene-LOC120060204	2		0	
gene-LOC120059824	LOC120059824	antimicrobial peptide NK-lysin-like	protein_coding	NC_052321.1	9565321	9566730	2	B	2	cnv,ref_divergence	0	0	1	0	1		liftoff_only	lean	2	1	0	0	1	gene-LOC120059824	3		0	
gene-LOC120059827	LOC120059827	antimicrobial peptide NK-lysin-like	protein_coding	NC_052321.1	9612089	9613497	2	B	2	cnv,ref_divergence	0	0	1	0	1		liftoff_only	siscowet	2	3	0	0	1	gene-LOC120059824	3		0	
gene-LOC120060024	LOC120060024	b(0,+)-type amino acid transporter 1-like	protein_coding	NC_052321.1	26998353	27001958	3	B	2	cnv,ref_divergence	0	0	1	0	1		liftoff_only	siscowet	1	2	0	0	1	gene-LOC120060024	1		0	
gene-LOC120060040	LOC120060040	leucine-rich repeat and fibronectin type-III domain-containing protein 5-like	protein_coding	NC_052321.1	30528737	30579081	1	B	2	cnv,ref_divergence	0	0	1	0	1		liftoff_only	siscowet	1	2	0	0	1	gene-LOC120060040	1		0	
gene-LOC120060148	LOC120060148	inositol 1,4,5-trisphosphate receptor type 1-like	protein_coding	NC_052308.1	22192121	22338160	5	B	2	cnv,ref_divergence	0	0	1	0	1		liftoff_only	siscowet	1	2	0	0	1	gene-LOC120060148	1		0	
gene-LOC120060158	LOC120060158	class E basic helix-loop-helix protein 40-like	protein_coding	NC_052308.1	22345990	22349726	8	B	2	cnv,ref_divergence	0	0	1	0	1		liftoff_only	siscowet	1	2	0	0	1	gene-LOC120060158	1		0	
gene-LOC120060165	LOC120060165	DNA-binding protein inhibitor ID-3-A-like	protein_coding	NC_052321.1	8175099	8176855	7	B	2	cnv,ref_divergence	0	0	1	0	1		liftoff_only	lean	2	1	0	0	1	gene-LOC120060165	1		0	
gene-LOC120060166	LOC120060166	ADP-ribosylation factor-like protein 8B-A	protein_coding	NC_052308.1	22351916	22362884	5	B	2	cnv,ref_divergence	0	0	1	0	1		liftoff_only	siscowet	1	2	0	0	1	gene-LOC120060166	1		0	
gene-LOC120060182	LOC120060182	protein SAND-like	protein_coding	NC_052308.1	22868002	22874190	2	B	2	cnv,ref_divergence	0	0	1	0	1		liftoff_only	siscowet	1	2	0	0	1	gene-LOC120060182	1		0	
gene-LOC120060323	LOC120060323	60 kDa lysophospholipase-like	protein_coding	NC_052321.1	23305914	23330889	3	B	2	cnv,ref_divergence	0	0	1	0	1		liftoff_only	siscowet	1	2	0	0	1	gene-LOC120060323	1		0	
gene-LOC120060379	LOC120060379	ornithine decarboxylase 1-like	protein_coding	NC_052321.1	26568153	26574949	3	B	2	cnv,ref_divergence	0	0	1	0	1		liftoff_only	siscowet	1	2	0	0	1	gene-LOC120060379	1		0	
gene-LOC120060383	LOC120060383	BEN domain-containing protein 3-like	protein_coding	NC_052321.1	26856567	26861800	3	B	2	cnv,ref_divergence	0	0	1	0	1		liftoff_only	siscowet	1	2	0	0	1	gene-LOC120060383	1		0	
gene-LOC120060385	LOC120060385	growth/differentiation factor 6-A-like	protein_coding	NC_052321.1	26871885	26876423	6	B	2	cnv,ref_divergence	0	0	1	0	1		liftoff_only	siscowet	1	2	0	0	1	gene-LOC120060385	1		0	
gene-LOC120060502	LOC120060502	ras-related protein rab7	protein_coding	NC_052308.1	25243820	25254627	7	B	2	cnv,ref_divergence	0	0	1	0	1		liftoff_only	siscowet	1	2	0	0	1	gene-LOC120060502	1		0	
gene-LOC120060520	LOC120060520	dolichyl-diphosphooligosaccharide--protein glycosyltransferase subunit 1-like	protein_coding	NC_052308.1	25264671	25270552	3	B	2	cnv,ref_divergence	0	0	1	0	1		liftoff_only	siscowet	1	2	0	0	1	gene-LOC120060520	1		0	
gene-LOC120060539	LOC120060539	mRNA decay activator protein ZFP36L1-like	protein_coding	NC_052321.1	41697948	41702886	2	B	2	ecotype_only_corroborated,ref_divergence	0	1	0	0	1		corroborated	siscowet			1	0	2	gene-LOC120060539	1		0	
gene-LOC120060579	LOC120060579	liprin-alpha-3-like	protein_coding	NC_052322.1	2832110	2886625	3	B	2	cnv,ref_divergence	0	0	1	0	1		liftoff_only	siscowet	1	2	0	0	1	gene-LOC120060579	1		0	
gene-LOC120060593	LOC120060593	tumor necrosis factor receptor superfamily member 6B-like	protein_coding	NC_052322.1	7795251	7797067	1	B	2	cnv,ref_divergence	0	0	1	0	1		liftoff_only	siscowet	1	2	0	0	1	gene-LOC120060593	1		0	
gene-LOC120060688	LOC120060688	G-patch domain and KOW motifs-containing protein-like	protein_coding	NC_052322.1	20255998	20266918	3	B	2	cnv,ref_divergence	0	0	1	0	1		liftoff_only	siscowet	1	2	0	0	1	gene-LOC120060688	1		0	
gene-LOC120060708	LOC120060708	twist-related protein 2-like	protein_coding	NC_052322.1	23734873	23735487	5	B	2	cnv,ref_divergence	0	0	1	0	1		liftoff_only	siscowet	1	2	0	0	1	gene-LOC120060708	1		0	
gene-LOC120060716	LOC120060716	OTU domain-containing protein 3-like	protein_coding	NC_052322.1	26011428	26015434	2	B	2	cnv,ref_divergence	0	0	1	0	1		liftoff_only	siscowet	1	2	0	0	1	gene-LOC120060716	1		0	
gene-LOC120060717	LOC120060717	MICOS complex subunit MIC10-like	protein_coding	NC_052322.1	26087028	26089119	3	B	2	cnv,ref_divergence	0	0	1	0	1		liftoff_only	siscowet	1	2	0	0	1	gene-LOC120060717	1		0	
gene-LOC120060769	LOC120060769	calmodulin-binding transcription activator 1-like	protein_coding	NC_052322.1	32560316	32573867	5	B	2	ecotype_only_corroborated,ref_divergence	0	1	0	0	1		corroborated	siscowet			1	0	2	gene-LOC120060769	1		0	
gene-LOC120060792	LOC120060792	aerolysin-like protein	protein_coding	NC_052322.1	42593289	42594533	0	B	2	cnv,ref_divergence	0	0	1	0	1		liftoff_only	siscowet	1	2	0	0	1	gene-LOC120061688	2		0	
gene-LOC120060834	LOC120060834	meteorin-like	protein_coding	NC_052322.1	267763	297526	4	B	2	cnv,ref_divergence	0	0	1	0	1		liftoff_only	siscowet	1	2	0	0	1	gene-LOC120060834	1		0	
gene-LOC120060854	LOC120060854	potassium voltage-gated channel subfamily C member 1-like	protein_coding	NC_052322.1	2780203	2803575	8	B	2	cnv,ref_divergence	0	0	1	0	1		liftoff_only	siscowet	1	2	0	0	1	gene-LOC120060854	1		0	
gene-LOC120060862	LOC120060862	cadherin-related family member 1-like	protein_coding	NC_052322.1	5603819	5699046	5	B	2	cnv,ref_divergence	0	0	1	0	1		liftoff_only	siscowet	1	2	0	0	1	gene-LOC120060862	1		0	
gene-LOC120060897	LOC120060897	adaptin ear-binding coat-associated protein 2-like	protein_coding	NC_052308.1	28404192	28415041	3	B	2	cnv,ref_divergence	0	0	1	0	1		liftoff_only	lean	2	1	0	0	1	gene-LOC120060897	1		0	
gene-LOC120060929	LOC120060929	LHFPL tetraspan subfamily member 4 protein-like	protein_coding	NC_052322.1	11372954	11395626	6	B	2	ecotype_only_corroborated,ref_divergence	0	1	0	0	1		corroborated	lean			1	0	2	gene-LOC120060929	3		0	
gene-LOC120060940	LOC120060940	glucocorticoid modulatory element-binding protein 2-like	protein_coding	NC_052322.1	7857616	7876911	4	B	2	cnv,ref_divergence	0	0	1	0	1		liftoff_only	siscowet	1	2	0	0	1	gene-LOC120060940	1		0	
gene-LOC120061001	LOC120061001	adenylate cyclase type 6-like	protein_coding	NC_052322.1	12643399	12727038	6	B	2	cnv,ref_divergence	0	0	1	0	1		liftoff_only	siscowet	1	2	0	0	1	gene-LOC120061001	1		0	
gene-LOC120061057	LOC120061057	guanine nucleotide-binding protein G(i) subunit alpha-like	protein_coding	NC_052308.1	29217796	29237897	6	B	2	cnv,ref_divergence	0	0	1	0	1		liftoff_only	lean	2	1	0	0	1	gene-LOC120061057	2		0	
gene-LOC120061070	LOC120061070	AMP deaminase 2-like	protein_coding	NC_052308.1	29259661	29355602	4	B	2	cnv,ref_divergence	0	0	1	0	1		liftoff_only	siscowet	1	2	0	0	1	gene-LOC120061070	1		0	
gene-LOC120061152	LOC120061152	mitochondrial import inner membrane translocase subunit Tim17-B	protein_coding	NC_052322.1	20242764	20247738	4	B	2	cnv,ref_divergence	0	0	1	0	1		liftoff_only	siscowet	1	2	0	0	1	gene-LOC120061152	1		0	
gene-LOC120061154	LOC120061154	IQ motif and SEC7 domain-containing protein 2-like	protein_coding	NC_052322.1	20356360	20367981	4	B	2	cnv,ref_divergence	0	0	1	0	1		liftoff_only	siscowet	1	2	0	0	1	gene-LOC120061154	1		0	
gene-LOC120061230	LOC120061230	von Willebrand factor A domain-containing protein 1-like	protein_coding	NC_052322.1	26032113	26041739	1	B	2	cnv,ref_divergence	0	0	1	0	1		liftoff_only	siscowet	1	2	0	0	1	gene-LOC120061230	1		0	
gene-LOC120061232	LOC120061232	cold shock domain-containing protein E1-like	protein_coding	NC_052322.1	26122338	26168298	1	B	2	cnv,ref_divergence	0	0	1	0	1		liftoff_only	siscowet	1	2	0	0	1	gene-LOC120061232	1		0	
gene-LOC120061296	LOC120061296	SPRY domain-containing protein 4-like	protein_coding	NC_052322.1	29959329	29961380	1	B	2	cnv,ref_divergence	0	0	1	0	1		liftoff_only	siscowet	1	2	0	0	1	gene-LOC120061296	1		0	
gene-LOC120061384	LOC120061384	60S ribosomal protein L32	protein_coding	NC_052322.1	35550581	35559401	4	B	2	cnv,ref_divergence	0	0	1	0	1		liftoff_only	lean	2	1	0	0	1	gene-LOC120061384	1		0	
gene-LOC120061462	LOC120061462	nerve growth factor-like	protein_coding	NC_052322.1	43155171	43156016	11	B	2	ecotype_only_corroborated,ref_divergence	0	1	0	0	1		corroborated	siscowet			1	0	2	gene-LOC120061462	1		0	
gene-LOC120061476	LOC120061476	ER membrane protein complex subunit 3-like	protein_coding	NC_052308.1	31630654	31638102	3	B	2	cnv,ref_divergence	0	0	1	0	1		liftoff_only	siscowet	1	2	0	0	1	gene-LOC120061476	1		0	
gene-LOC120061494	LOC120061494	ubiquitin carboxyl-terminal hydrolase 4-like	protein_coding	NC_052308.1	31650000	31675629	2	B	2	cnv,ref_divergence	0	0	1	0	1		liftoff_only	siscowet	1	2	0	0	1	gene-LOC120061494	1		0	
gene-LOC120061553	LOC120061553	voltage-dependent L-type calcium channel subunit alpha-1D-like	protein_coding	NC_052322.1	20204537	20235736	4	B	2	cnv,ref_divergence	0	0	1	0	1		liftoff_only	siscowet	1	2	0	0	1	gene-LOC120061553	1		0	
gene-LOC120061576	LOC120061576	E3 ubiquitin/ISG15 ligase TRIM25-like	protein_coding	NC_052322.1	23743146	23744771	2	B	2	cnv,ref_divergence	0	0	1	0	1		liftoff_only	siscowet	1	2	0	0	1	gene-LOC120061576	1		0	
gene-LOC120061595	LOC120061595	5-hydroxytryptamine receptor 6-like	protein_coding	NC_052322.1	26073379	26080710	6	B	2	cnv,ref_divergence	0	0	1	0	1		liftoff_only	siscowet	1	2	0	0	1	gene-LOC120061595	1		0	
gene-LOC120061687	LOC120061687	aerolysin-like protein	protein_coding	NC_052322.1	42482889	42483428	0	B	2	ecotype_only_corroborated,ref_divergence	0	1	0	0	1		corroborated	siscowet			1	0	2	gene-LOC120061686	3		0	
gene-LOC120061694	LOC120061694	FYVE, RhoGEF and PH domain-containing protein 1-like	protein_coding	NC_052322.1	43333006	43343301	4	B	2	ecotype_only_corroborated,ref_divergence	0	1	0	0	1		corroborated	siscowet			1	0	2	gene-LOC120061694	1		0	
gene-LOC120061880	LOC120061880	eukaryotic translation initiation factor 4E-1A-like	protein_coding	NC_052323.1	6464659	6475226	5	B	2	cnv,ref_divergence	0	0	1	0	1		liftoff_only	siscowet	1	2	0	0	1	gene-LOC120061880	1		0	
gene-LOC120061883	LOC120061883	gamma-aminobutyric acid receptor subunit alpha-2-like	protein_coding	NC_052323.1	8165454	8221269	17	B	2	cnv,ref_divergence	0	0	1	0	1		liftoff_only	lean	2	1	0	0	1	gene-LOC120061883	2		0	
gene-LOC120061987	LOC120061987	H/ACA ribonucleoprotein complex subunit 1-like	protein_coding	NC_052323.1	6443885	6447082	4	B	2	cnv,ref_divergence	0	0	1	0	1		liftoff_only	siscowet	1	2	0	0	1	gene-LOC120061987	1		0	
gene-LOC120061992	LOC120061992	nanos homolog 1-like	protein_coding	NC_052323.1	8483905	8484663	5	B	2	cnv,ref_divergence	0	0	1	0	1		liftoff_only	siscowet	1	2	0	0	1	gene-LOC120061992	1		0	
gene-LOC120062001	LOC120062001	transcription factor COE1-like	protein_coding	NC_052323.1	10635258	10724915	3	B	2	ecotype_only_corroborated,ref_divergence	0	1	0	0	1		corroborated	siscowet			1	0	2	gene-LOC120062001	1		0	
gene-LOC120062098	LOC120062098	syncytin-A-like	protein_coding	NC_052323.1	36301654	36303096	0	B	2	cnv,ref_divergence	0	0	1	0	1		liftoff_only	siscowet	16	26	0	0	1	gene-LOC120062098	1		0	
gene-LOC120062135	LOC120062135	neuroligin-3-like	protein_coding	NC_052323.1	19705458	19708534	11	B	2	cnv,ref_divergence	0	0	1	0	1		liftoff_only	siscowet	1	2	0	0	1	gene-LOC120062135	1		0	
gene-LOC120062136	LOC120062136	neuroblast differentiation-associated protein AHNAK-like	protein_coding	NC_052323.1	19713114	19734102	5	B	2	ecotype_only_corroborated,ref_divergence	0	1	0	0	1		corroborated	siscowet			1	0	2	gene-LOC120062136	1		0	
gene-LOC120062138	LOC120062138	neuroblast differentiation-associated protein AHNAK-like	protein_coding	NC_052323.1	20012772	20033069	5	B	2	ecotype_only_corroborated,ref_divergence	0	1	0	0	1		corroborated	lean			1	0	2	gene-LOC120062138	1		0	
gene-LOC120062145	LOC120062145	RDS/peripherin-like protein xRDS35	protein_coding	NC_052323.1	21453650	21457676	2	B	2	cnv,ref_divergence	0	0	1	0	1		liftoff_only	siscowet	1	2	0	0	1	gene-LOC120062145	1		0	
gene-LOC120062233	LOC120062233	glutathione S-transferase P-like	protein_coding	NC_052323.1	3164466	3168005	3	B	2	cnv,ref_divergence	0	0	1	0	1		liftoff_only	siscowet	1	2	0	0	1	gene-LOC120061980	2		0	
gene-LOC120062271	LOC120062271	protein transport protein Sec24B-like	protein_coding	NC_052323.1	9839237	9854619	7	B	2	cnv,ref_divergence	0	0	1	0	1		liftoff_only	siscowet	1	2	0	0	1	gene-LOC120062271	1		0	
gene-LOC120062272	LOC120062272	nuclear cap-binding protein subunit 1-like	protein_coding	NC_052323.1	9861037	9868284	9	B	2	cnv,ref_divergence	0	0	1	0	1		liftoff_only	siscowet	1	2	0	0	1	gene-LOC120062272	1		0	
gene-LOC120062344	LOC120062344	cationic amino acid transporter 3-like	protein_coding	NC_052323.1	15966622	15981043	4	B	2	cnv,ref_divergence	0	0	1	0	1		liftoff_only	siscowet	1	2	0	0	1	gene-LOC120062344	1		0	
gene-LOC120062346	LOC120062346	sorting nexin-12-like	protein_coding	NC_052323.1	15981498	15988747	5	B	2	cnv,ref_divergence	0	0	1	0	1		liftoff_only	siscowet	1	2	0	0	1	gene-LOC120062346	1		0	
gene-LOC120062347	LOC120062347	forkhead box protein O4-like	protein_coding	NC_052323.1	15990079	15999028	4	B	2	cnv,ref_divergence	0	0	1	0	1		liftoff_only	siscowet	1	2	0	0	1	gene-LOC120062347	1		0	
gene-LOC120062348	LOC120062348	sestrin-3-like	protein_coding	NC_052323.1	16002832	16013587	8	B	2	cnv,ref_divergence	0	0	1	0	1		liftoff_only	siscowet	1	2	0	0	1	gene-LOC120062348	1		0	
gene-LOC120062350	LOC120062350	ras-related protein Rap-2c	protein_coding	NC_052323.1	16040106	16043365	6	B	2	cnv,ref_divergence	0	0	1	0	1		liftoff_only	siscowet	1	2	0	0	1	gene-LOC120062350	1		0	
gene-LOC120062432	LOC120062432	phospholipase A and acyltransferase 4-like	protein_coding	NC_052323.1	21513100	21528868	5	B	2	cnv,ref_divergence	0	0	1	0	1		liftoff_only	siscowet	1	2	0	0	1	gene-LOC120062432	1		0	
gene-LOC120062433	LOC120062433	integrator complex subunit 5-like	protein_coding	NC_052323.1	21528944	21532937	2	B	2	cnv,ref_divergence	0	0	1	0	1		liftoff_only	siscowet	1	2	0	0	1	gene-LOC120062433	1		0	
gene-LOC120062434	LOC120062434	neutral alpha-glucosidase AB-like	protein_coding	NC_052323.1	21533327	21549637	5	B	2	cnv,ref_divergence	0	0	1	0	1		liftoff_only	siscowet	1	2	0	0	1	gene-LOC120062434	1		0	
gene-LOC120062436	LOC120062436	pre-mRNA-processing factor 39-like	protein_coding	NC_052323.1	21550795	21557202	6	B	2	cnv,ref_divergence	0	0	1	0	1		liftoff_only	siscowet	1	2	0	0	1	gene-LOC120062436	1		0	
gene-LOC120062437	LOC120062437	UBX domain-containing protein 1-like	protein_coding	NC_052323.1	21557351	21561056	1	B	2	cnv,ref_divergence	0	0	1	0	1		liftoff_only	siscowet	1	2	0	0	1	gene-LOC120062437	1		0	
gene-LOC120062438	LOC120062438	EH domain-containing protein 1-like	protein_coding	NC_052323.1	21566166	21575732	11	B	2	cnv,ref_divergence	0	0	1	0	1		liftoff_only	siscowet	1	2	0	0	1	gene-LOC120062438	1		0	
gene-LOC120062522	LOC120062522	beta-1,4-galactosyltransferase 7-like	protein_coding	NC_052323.1	30744036	30751867	3	B	2	cnv,ref_divergence	0	0	1	0	1		liftoff_only	lean	2	1	0	0	1	gene-LOC120062522	1		0	
gene-LOC120062523	LOC120062523	transmembrane emp24 domain-containing protein 9-like	protein_coding	NC_052323.1	30752101	30756204	8	B	2	cnv,ref_divergence	0	0	1	0	1		liftoff_only	lean	2	1	0	0	1	gene-LOC120062523	1		0	
gene-LOC120062569	LOC120062569	synaptopodin-like	protein_coding	NC_052323.1	34680582	34729926	5	B	2	ecotype_only_corroborated,ref_divergence	0	1	0	0	1		corroborated	lean			1	0	2	gene-LOC120062569	1		0	
gene-LOC120062594	LOC120062594	basic proline-rich protein-like	protein_coding	NC_052323.1	34599169	34601875	0	B	2	ecotype_only_corroborated,ref_divergence	0	1	0	0	1		corroborated	siscowet			1	0	2	gene-LOC120062594	1		0	
gene-LOC120062699	LOC120062699	complexin-4-like	protein_coding	NC_052324.1	14121528	14124270	6	B	2	cnv,ref_divergence	0	0	1	0	1		liftoff_only	siscowet	1	2	0	0	1	gene-LOC120062699	1		0	
gene-LOC120062708	LOC120062708	serine/threonine-protein phosphatase 6 catalytic subunit-like	protein_coding	NC_052324.1	15869843	15876065	4	B	2	cnv,ref_divergence	0	0	1	0	1		liftoff_only	siscowet	1	2	0	0	1	gene-LOC120062708	1		0	
gene-LOC120062709	LOC120062709	tumor necrosis factor ligand superfamily member 6-like	protein_coding	NC_052324.1	15914337	15916876	3	B	2	cnv,ref_divergence	0	0	1	0	1		liftoff_only	siscowet	1	2	0	0	1	gene-LOC120062709	1		0	
gene-LOC120062711	LOC120062711	proline rich transmembrane protein 1B	protein_coding	NC_052324.1	15920781	15925818	1	B	2	cnv,ref_divergence	0	0	1	0	1		liftoff_only	siscowet	1	2	0	0	1	gene-LOC120062711	1		0	
gene-LOC120062758	LOC120062758	regulator of G-protein signaling 7-binding protein A-like	protein_coding	NC_052324.1	25919138	25924231	4	B	2	cnv,ref_divergence	0	0	1	0	1		liftoff_only	siscowet	1	2	0	0	1	gene-LOC120062758	1		0	
gene-LOC120062766	LOC120062766	C3a anaphylatoxin chemotactic receptor-like	protein_coding	NC_052324.1	27301721	27304415	10	B	2	cnv,ref_divergence	0	0	1	0	1		liftoff_only	siscowet	1	2	0	0	1	gene-LOC120062766	1		0	
gene-LOC120062814	LOC120062814	C-X-C motif chemokine 11-1-like	protein_coding	NC_052324.1	40454933	40475101	9	B	2	cnv,ref_divergence	0	0	1	0	1		liftoff_only	siscowet	1	2	0	0	1	gene-LOC120063433	4		0	
gene-LOC120062815	LOC120062815	C-X-C motif chemokine 11-1-like	protein_coding	NC_052324.1	40486386	40488470	9	B	2	cnv,ref_divergence	0	0	1	0	1		liftoff_only	siscowet	1	2	0	0	1	gene-LOC120063433	4		0	
gene-LOC120062841	LOC120062841	PI-PLC X domain-containing protein 3-like	protein_coding	NC_052324.1	25999716	26063359	3	B	2	cnv,ref_divergence	0	0	1	0	1		liftoff_only	siscowet	1	2	0	0	1	gene-LOC120062841	1		0	
gene-LOC120062861	LOC120062861	leucine-rich repeat transmembrane neuronal protein 4-like	protein_coding	NC_052324.1	20150435	20151958	1	B	2	cnv,ref_divergence	0	0	1	0	1		liftoff_only	siscowet	1	2	0	0	1	gene-LOC120062861	2		0	
gene-LOC120062887	LOC120062887	trifunctional nucleotide phosphoesterase protein YfkN-like	protein_coding	NC_052324.1	25914227	25917367	2	B	2	cnv,ref_divergence	0	0	1	0	1		liftoff_only	siscowet	1	2	0	0	1	gene-LOC120062887	1		0	
gene-LOC120062892	LOC120062892	chemokine-like receptor 1	protein_coding	NC_052324.1	27387588	27388846	10	B	2	cnv,ref_divergence	0	0	1	0	1		liftoff_only	siscowet	1	2	0	0	1	gene-LOC120062892	1		0	
gene-LOC120063028	LOC120063028	SH2B adapter protein 3-like	protein_coding	NC_052324.1	3876163	3944254	3	B	2	cnv,ref_divergence	0	0	1	0	1		liftoff_only	siscowet	1	2	0	0	1	gene-LOC120063028	1		0	
gene-LOC120063109	LOC120063109	long-chain-fatty-acid--CoA ligase ACSBG2-like	protein_coding	NC_052324.1	14081665	14098196	3	B	2	cnv,ref_divergence	0	0	1	0	1		liftoff_only	siscowet	1	2	0	0	1	gene-LOC120063560	2		0	
gene-LOC120063117	LOC120063117	SH2 domain-containing protein 3C-like	protein_coding	NC_052324.1	14389659	14400996	4	B	2	cnv,ref_divergence	0	0	1	0	1		liftoff_only	siscowet	1	2	0	0	1	gene-LOC120063117	1		0	
gene-LOC120063133	LOC120063133	60S ribosomal protein L35-like	protein_coding	NC_052324.1	15851943	15855023	6	B	2	cnv,ref_divergence	0	0	1	0	1		liftoff_only	siscowet	1	2	0	0	1	gene-LOC120063133	1		0	
gene-LOC120063134	LOC120063134	golgin subfamily A member 1-like	protein_coding	NC_052324.1	15855216	15868992	1	B	2	cnv,ref_divergence	0	0	1	0	1		liftoff_only	siscowet	1	2	0	0	1	gene-LOC120063134	1		0	
gene-LOC120063176	LOC120063176	anaphase-promoting complex subunit 5-like	protein_coding	NC_052324.1	17172224	17174501	5	B	2	cnv,ref_divergence	0	0	1	0	1		liftoff_only	siscowet	1	3	0	0	1	gene-LOC120063176	2		0	
gene-LOC120063177	LOC120063177	glutathione hydrolase 1 proenzyme-like	protein_coding	NC_052324.1	17186794	17193687	6	B	2	cnv,ref_divergence	0	0	1	0	1		liftoff_only	siscowet	1	3	0	0	1	gene-LOC120062720	2		0	
gene-LOC120063180	LOC120063180	lysine-specific demethylase 2B-like	protein_coding	NC_052324.1	17224750	17245149	7	B	2	cnv,ref_divergence	0	0	1	0	1		liftoff_only	siscowet	1	2	0	0	1	gene-LOC120063180	1		0	
gene-LOC120063196	LOC120063196	piggyBac transposable element-derived protein 4-like	protein_coding	NC_052324.1	19257370	19258087	0	B	2	cnv,ref_divergence	0	0	1	0	1		liftoff_only	siscowet	7	8	0	0	1	gene-LOC120063196	1		0	
gene-LOC120063209	LOC120063209	leucine-rich repeat transmembrane neuronal protein 4-like	protein_coding	NC_052324.1	20188610	20192614	1	B	2	cnv,ref_divergence	0	0	1	0	1		liftoff_only	siscowet	1	2	0	0	1	gene-LOC120062861	2		0	
gene-LOC120063251	LOC120063251	purpurin-like	protein_coding	NC_052324.1	23578738	23580787	2	B	2	cnv,ref_divergence	0	0	1	0	1		liftoff_only	siscowet	1	2	0	0	1	gene-LOC120063251	1		0	
gene-LOC120063270	LOC120063270	UPF0600 protein C5orf51 homolog	protein_coding	NC_052324.1	26200178	26204382	1	B	2	cnv,ref_divergence	0	0	1	0	1		liftoff_only	siscowet	1	2	0	0	1	gene-LOC120063270	1		0	
gene-LOC120063416	LOC120063416	tripartite motif-containing protein 35-like	protein_coding	NC_052324.1	37566292	37568916	2	B	2	cnv,ref_divergence	0	0	1	0	1		liftoff_only	siscowet	1	2	0	0	1	gene-LOC120063416	1		0	
gene-LOC120063452	LOC120063452	cytosolic phospholipase A2-like	protein_coding	NC_052324.1	41543473	41546884	0	B	2	ecotype_only_corroborated,ref_divergence	0	1	0	0	1		corroborated	lean			1	0	2	gene-LOC120063452	2		0	
gene-LOC120063453	LOC120063453	cytosolic phospholipase A2-like	protein_coding	NC_052324.1	41553535	41555860	0	B	2	ecotype_only_corroborated,ref_divergence	0	1	0	0	1		corroborated	lean			1	0	2	gene-LOC120063452	2		0	
gene-LOC120063507	LOC120063507	sesquipedalian-1-like	protein_coding	NC_052324.1	3957310	3958074	6	B	2	cnv,ref_divergence	0	0	1	0	1		liftoff_only	siscowet	1	2	0	0	1	gene-LOC120063507	1		0	
gene-LOC120063560	LOC120063560	long-chain-fatty-acid--CoA ligase ACSBG2-like	protein_coding	NC_052324.1	14069571	14074739	3	B	2	cnv,ref_divergence	0	0	1	0	1		liftoff_only	siscowet	1	2	0	0	1	gene-LOC120063560	2		0	
gene-LOC120063656	LOC120063656	trace amine-associated receptor 13c-like	protein_coding	NC_052325.1	6582861	6584608	3	B	2	ecotype_only_corroborated,ref_divergence	0	1	0	0	1		corroborated	siscowet			1	0	2	gene-LOC120063656	2		0	
gene-LOC120063674	LOC120063674	trace amine-associated receptor 13c-like	protein_coding	NC_052325.1	8622317	8624960	3	B	2	ecotype_only_corroborated,ref_divergence	0	1	0	0	1		corroborated	siscowet			1	0	2	gene-LOC120063674	1		0	
gene-LOC120063687	LOC120063687	piggyBac transposable element-derived protein 3-like	protein_coding	NC_052325.1	11049024	11050847	1	B	2	cnv,ref_divergence	0	0	1	0	1		liftoff_only	siscowet	2	3	0	0	1	gene-LOC120063687	1		0	
gene-LOC120063716	LOC120063716	T-box transcription factor TBX15-like	protein_coding	NC_052325.1	4737413	4761951	6	B	2	cnv,ref_divergence	0	0	1	0	1		liftoff_only	siscowet	1	2	0	0	1	gene-LOC120063716	1		0	
gene-LOC120063786	LOC120063786	lysine-specific demethylase 2B-like	protein_coding	NC_052307.1	21237054	21273423	7	B	2	cnv,ref_divergence	0	0	1	0	1		liftoff_only	siscowet	1	2	0	0	1	gene-LOC120063786	1		0	
gene-LOC120063835	LOC120063835	retinol dehydrogenase 12-like	protein_coding	NC_052308.1	45116740	45134676	0	B	2	cnv,ref_divergence	0	0	1	0	1		liftoff_only	siscowet	1	2	0	0	1	gene-LOC120063835	1		0	
gene-LOC120063839	LOC120063839	death-associated protein-like 1-A	protein_coding	NC_052325.1	39825798	39833334	4	B	2	ecotype_only_corroborated,ref_divergence	0	1	0	0	1		corroborated	siscowet			1	0	2	gene-LOC120063839	1		0	
gene-LOC120063844	LOC120063844	ubiquitin-associated protein 2-like	protein_coding	NC_052308.1	45170288	45204594	3	B	2	cnv,ref_divergence	0	0	1	0	1		liftoff_only	siscowet	1	2	0	0	1	gene-LOC120063844	1		0	
gene-LOC120063847	LOC120063847	C-X-C chemokine receptor type 4-like	protein_coding	NC_052325.1	40977064	40979036	7	B	2	cnv,ref_divergence	0	0	1	0	1		liftoff_only	siscowet	1	2	0	0	1	gene-LOC120063847	1		0	
gene-LOC120063861	LOC120063861	nucleolar protein 56-like	protein_coding	NC_052308.1	45164197	45169514	3	B	2	cnv,ref_divergence	0	0	1	0	1		liftoff_only	siscowet	1	2	0	0	1	gene-LOC120063861	1		0	
gene-LOC120063903	LOC120063903	OX-2 membrane glycoprotein-like	protein_coding	NC_052325.1	13979874	14005237	1	B	2	cnv,ref_divergence	0	0	1	0	1		liftoff_only	siscowet	1	2	0	0	1	gene-LOC120063903	1		0	
gene-LOC120063919	LOC120063919	coiled-coil domain-containing protein 141-like	protein_coding	NC_052325.1	17640532	17684919	0	B	2	cnv,ref_divergence	0	0	1	0	1		liftoff_only	siscowet	1	2	0	0	1	gene-LOC120063919	1		0	
gene-LOC120063991	LOC120063991	protein ZBED8-like	protein_coding	NC_052325.1	33260323	33261822	1	B	2	cnv,ref_divergence	0	0	1	0	1		liftoff_only	siscowet	31	37	0	0	1	gene-LOC120063991	1		0	
gene-LOC120064033	LOC120064033	E3 ubiquitin-protein ligase HECW2-like	protein_coding	NC_052325.1	44900717	44937219	4	B	2	cnv,ref_divergence	0	0	1	0	1		liftoff_only	siscowet	1	2	0	0	1	gene-LOC120064033	1		0	
gene-LOC120064044	LOC120064044	ras-related protein Rab-17-like	protein_coding	NC_052325.1	49516213	49536336	2	B	2	cnv,ref_divergence	0	0	1	0	1		liftoff_only	siscowet	1	2	0	0	1	gene-LOC120064044	1		0	
gene-LOC120064119	LOC120064119	E3 ubiquitin-protein ligase RNF34-like	protein_coding	NC_052307.1	21229889	21249351	7	B	2	cnv,ref_divergence	0	0	1	0	1		liftoff_only	siscowet	1	2	0	0	1	gene-LOC120064119	1		0	
gene-LOC120064205	LOC120064205	SEC14 domain and spectrin repeat-containing protein 1-like	protein_coding	NC_052325.1	17539870	17622216	0	B	2	cnv,ref_divergence	0	0	1	0	1		liftoff_only	siscowet	1	2	0	0	1	gene-LOC120064205	1		0	
gene-LOC120064331	LOC120064331	ubiquitin-conjugating enzyme E2 variant 1-like	protein_coding	NC_052308.1	49616668	49623769	3	B	2	cnv,ref_divergence	0	0	1	0	1		liftoff_only	siscowet	1	2	0	0	1	gene-LOC120026428	2		0	
gene-LOC120064467	LOC120064467	formimidoyltransferase-cyclodeaminase-like	protein_coding	NC_052325.1	44851628	44858279	2	B	2	cnv,ref_divergence	0	0	1	0	1		liftoff_only	siscowet	1	2	0	0	1	gene-LOC120064467	1		0	
gene-LOC120064653	LOC120064653	ladderlectin-like	protein_coding	NC_052326.1	48756962	48760032	1	B	2	ecotype_only_corroborated,ref_divergence	0	1	0	0	1		corroborated	lean			1	0	2	gene-LOC120064653	1		0	
gene-LOC120064683	LOC120064683	protein-arginine deiminase type-2-like	protein_coding	NC_052326.1	20997872	21012389	3	B	2	cnv,ref_divergence	0	0	1	0	1		liftoff_only	siscowet	1	2	0	0	1	gene-LOC120064683	1		0	
gene-LOC120064691	LOC120064691	rap1 GTPase-activating protein 1-like	protein_coding	NC_052326.1	20976590	20994808	4	B	2	cnv,ref_divergence	0	0	1	0	1		liftoff_only	siscowet	1	2	0	0	1	gene-LOC120064691	1		0	
gene-LOC120064703	LOC120064703	RING finger protein 207-like	protein_coding	NC_052326.1	23172504	23194617	8	B	2	cnv,ref_divergence	0	0	1	0	1		liftoff_only	siscowet	1	2	0	0	1	gene-LOC120064703	1		0	
gene-LOC120064722	LOC120064722	solute carrier family 45 member 3-like	protein_coding	NC_052326.1	26047704	26056274	3	B	2	cnv,ref_divergence	0	0	1	0	1		liftoff_only	siscowet	1	2	0	0	1	gene-LOC120064722	1		0	
gene-LOC120064750	LOC120064750	caveolin-3-like	protein_coding	NC_052326.1	30109194	30109789	6	B	2	cnv,ref_divergence	0	0	1	0	1		liftoff_only	lean	2	1	0	0	1	gene-LOC120064749	4		0	
gene-LOC120064830	LOC120064830	ras association domain-containing protein 1-like	protein_coding	NC_052326.1	41768261	41771234	3	B	2	cnv,ref_divergence	0	0	1	0	1		liftoff_only	siscowet	1	2	0	0	1	gene-LOC120064830	1		0	
gene-LOC120064863	LOC120064863	deoxyribonuclease gamma-like	protein_coding	NC_052326.1	51284595	51286604	3	B	2	cnv,ref_divergence	0	0	1	0	1		liftoff_only	lean	6	1	0	0	1	gene-LOC120064863	2		0	
gene-LOC120064865	LOC120064865	protein SSUH2 homolog	protein_coding	NC_052326.1	52146107	52151489	0	B	2	cnv,ref_divergence	0	0	1	0	1		liftoff_only	siscowet	1	2	0	0	1	gene-LOC120064666	3		0	
gene-LOC120064929	LOC120064929	V-set and transmembrane domain-containing protein 2-like protein	protein_coding	NC_052326.1	44947283	44950071	0	B	2	cnv,ref_divergence	0	0	1	0	1		liftoff_only	siscowet	1	2	0	0	1	gene-LOC120064929	1		0	
gene-LOC120064959	LOC120064959	neural cell adhesion molecule L1-like protein	protein_coding	NC_052326.1	2013925	2045544	2	B	2	cnv,ref_divergence	0	0	1	0	1		liftoff_only	siscowet	1	2	0	0	1	gene-LOC120064959	1		0	
gene-LOC120064970	LOC120064970	ubiquinol-cytochrome-c reductase complex assembly factor 1	protein_coding	NC_052326.1	3736382	3771794	2	B	2	cnv,ref_divergence	0	0	1	0	1		liftoff_only	siscowet	1	2	0	0	1	gene-LOC120064970	1		0	
gene-LOC120064971	LOC120064971	eukaryotic translation initiation factor 6-like	protein_coding	NC_052326.1	3827157	3840434	9	B	2	cnv,ref_divergence	0	0	1	0	1		liftoff_only	siscowet	1	2	0	0	1	gene-LOC120064971	1		0	
gene-LOC120064975	LOC120064975	CMP-N-acetylneuraminate-beta-galactosamide-alpha-2,3-sialyltransferase 2-like	protein_coding	NC_052326.1	3900940	3930926	2	B	2	cnv,ref_divergence	0	0	1	0	1		liftoff_only	siscowet	1	2	0	0	1	gene-LOC120064975	1		0	
gene-LOC120065090	LOC120065090	inter-alpha-trypsin inhibitor heavy chain H3-like	protein_coding	NC_052326.1	16784514	16797097	2	B	2	cnv,ref_divergence	0	0	1	0	1		liftoff_only	siscowet	1	2	0	0	1	gene-LOC120065090	1		0	
gene-LOC120065092	LOC120065092	musculoskeletal embryonic nuclear protein 1-like	protein_coding	NC_052326.1	16800975	16804348	4	B	2	cnv,ref_divergence	0	0	1	0	1		liftoff_only	siscowet	1	2	0	0	1	gene-LOC120065092	1		0	
gene-LOC120065131	LOC120065131	60S ribosomal protein L22-like	protein_coding	NC_052326.1	23162175	23171323	4	B	2	cnv,ref_divergence	0	0	1	0	1		liftoff_only	siscowet	1	2	0	0	1	gene-LOC120065131	1		0	
gene-LOC120065157	LOC120065157	ETS domain-containing protein Elk-4-like	protein_coding	NC_052326.1	25975767	25991185	5	B	2	cnv,ref_divergence	0	0	1	0	1		liftoff_only	siscowet	1	2	0	0	1	gene-LOC120065157	1		0	
gene-LOC120065158	LOC120065158	nuclear ubiquitous casein and cyclin-dependent kinase substrate 1-like	protein_coding	NC_052326.1	26058353	26068359	5	B	2	cnv,ref_divergence	0	0	1	0	1		liftoff_only	siscowet	1	2	0	0	1	gene-LOC120065158	1		0	
gene-LOC120065207	LOC120065207	kinesin light chain 1-like	protein_coding	NC_052308.1	59500540	59532100	5	B	2	cnv,ref_divergence	0	0	1	0	1		liftoff_only	siscowet	1	2	0	0	1	gene-LOC120065207	1		0	
gene-LOC120065315	LOC120065315	serine/arginine-rich splicing factor 3-like	protein_coding	NC_052326.1	37014313	37024223	3	B	2	cnv,ref_divergence	0	0	1	0	1		liftoff_only	siscowet	1	2	0	0	1	gene-LOC120065315	1		0	
gene-LOC120065371	LOC120065371	tumor suppressor candidate 2-like	protein_coding	NC_052326.1	41772503	41778274	3	B	2	cnv,ref_divergence	0	0	1	0	1		liftoff_only	siscowet	1	2	0	0	1	gene-LOC120065371	1		0	
gene-LOC120065434	LOC120065434	ADP-ribosylation factor-related protein 1-like	protein_coding	NC_052326.1	46960003	46965004	6	B	2	cnv,ref_divergence	0	0	1	0	1		liftoff_only	siscowet	1	2	0	0	1	gene-LOC120065434	1		0	
gene-LOC120065438	LOC120065438	neuronal acetylcholine receptor subunit alpha-4-like	protein_coding	NC_052326.1	46988240	46996482	10	B	2	cnv,ref_divergence	0	0	1	0	1		liftoff_only	siscowet	1	2	0	0	1	gene-LOC120065438	1		0	
gene-LOC120065500	LOC120065500	protein SSUH2 homolog	protein_coding	NC_052326.1	52166477	52203960	2	B	2	ecotype_only_corroborated,ref_divergence	0	1	0	0	1		corroborated	siscowet			1	0	2	gene-LOC120064666	3		0	
gene-LOC120065552	LOC120065552	odorant receptor 131-2-like	protein_coding	NC_052326.1	3196039	3196959	3	B	2	cnv,ref_divergence	0	0	1	0	1		liftoff_only	siscowet	1	2	0	0	1	gene-LOC120065552	2		0	
gene-LOC120065564	LOC120065564	nucleosome-remodeling factor subunit BPTF-like	protein_coding	NC_052308.1	62116927	62170504	4	B	2	ecotype_only_corroborated,ref_divergence	0	1	0	0	1		corroborated	siscowet			1	0	2	gene-LOC120065564	1		0	
gene-LOC120065574	LOC120065574	cytoplasmic phosphatidylinositol transfer protein 1-like	protein_coding	NC_052308.1	62193324	62278201	4	B	2	ecotype_only_corroborated,ref_divergence	0	1	0	0	1		corroborated	siscowet			1	0	2	gene-LOC120065574	1		0	
gene-LOC120065638	LOC120065638	contactin-3-like	protein_coding	NC_052326.1	2195489	2244996	3	B	2	cnv,ref_divergence	0	0	1	0	1		liftoff_only	siscowet	1	2	0	0	1	gene-LOC120065638	1		0	
gene-LOC120065673	LOC120065673	axin-2-like	protein_coding	NC_052308.1	62899897	62917402	1	B	2	ecotype_only_corroborated,ref_divergence	0	1	0	0	1		corroborated	lean			1	0	2	gene-LOC120065673	1		0	
gene-LOC120065725	LOC120065725	E3 ubiquitin/ISG15 ligase TRIM25-like	protein_coding	NC_052308.1	63249796	63263193	2	B	2	ecotype_only_corroborated,ref_divergence	0	1	0	0	1		corroborated	lean			1	0	2	gene-LOC120065725	1		0	
gene-LOC120065727	LOC120065727	Krueppel-like factor 15	protein_coding	NC_052326.1	26025136	26029091	3	B	2	cnv,ref_divergence	0	0	1	0	1		liftoff_only	siscowet	1	2	0	0	1	gene-LOC120065727	1		0	
gene-LOC120065817	LOC120065817	mesogenin-1-like	protein_coding	NC_052327.1	20555468	20573466	8	B	2	cnv,ref_divergence	0	0	1	0	1		liftoff_only	siscowet	1	2	0	0	1	gene-LOC120065817	1		0	
gene-LOC120065840	LOC120065840	arrestin domain-containing protein 4-like	protein_coding	NC_052327.1	27954443	27959998	4	B	2	cnv,ref_divergence	0	0	1	0	1		liftoff_only	siscowet	1	2	0	0	1	gene-LOC120065840	1		0	
gene-LOC120065935	LOC120065935	protein regulator of cytokinesis 1-like	protein_coding	NC_052327.1	48091268	48104752	6	B	2	ecotype_only_corroborated,ref_divergence	0	1	0	0	1		corroborated	siscowet			1	0	2	gene-LOC120065935	1		0	
gene-LOC120065949	LOC120065949	circumsporozoite protein-like	protein_coding	NC_052327.1	48996267	49004230	0	B	2	ecotype_only_corroborated,ref_divergence	0	1	0	0	1		corroborated	siscowet			1	0	2	gene-LOC120065949	1		0	
gene-LOC120065968	LOC120065968	sphingosine kinase 1-like	protein_coding	NC_052308.1	63829110	63847119	7	B	2	cnv,ref_divergence	0	0	1	0	1		liftoff_only	lean	2	1	0	0	1	gene-LOC120065968	1		0	
gene-LOC120066336	LOC120066336	beta-centractin-like	protein_coding	NC_052307.1	24596290	24606917	0	B	2	cnv,ref_divergence	0	0	1	0	1		liftoff_only	siscowet	1	2	0	0	1	gene-LOC120066336	1		0	
gene-LOC120066365	LOC120066365	serine/threonine-protein kinase WNK1-like	protein_coding	NC_052327.1	39495846	39558947	12	B	2	cnv,ref_divergence	0	0	1	0	1		liftoff_only	siscowet	1	2	0	0	1	gene-LOC120066365	1		0	
gene-LOC120066437	LOC120066437	polycomb protein suz12-B-like	protein_coding	NC_052308.1	66393530	66407740	3	B	2	ecotype_only_corroborated,ref_divergence	0	1	0	0	1		corroborated	siscowet			1	0	2	gene-LOC120066437	1		0	
gene-LOC120066476	LOC120066476	arf-GAP with dual PH domain-containing protein 2-like	protein_coding	NC_052308.1	66417281	66424557	5	B	2	ecotype_only_corroborated,ref_divergence	0	1	0	0	1		corroborated	siscowet			1	0	2	gene-LOC120066476	1		0	
gene-LOC120066484	LOC120066484	mitochondrial Rho GTPase 1-A-like	protein_coding	NC_052308.1	66434906	66460408	6	B	2	ecotype_only_corroborated,ref_divergence	0	1	0	0	1		corroborated	siscowet			1	0	2	gene-LOC120066484	1		0	
gene-LOC120066492	LOC120066492	tripartite motif-containing protein 65-like	protein_coding	NC_052308.1	66432030	66434861	1	B	2	ecotype_only_corroborated,ref_divergence	0	1	0	0	1		corroborated	siscowet			1	0	2	gene-LOC120066492	1		0	
gene-LOC120066508	LOC120066508	BUB3-interacting and GLEBS motif-containing protein ZNF207-like	protein_coding	NC_052308.1	66530286	66536623	1	B	2	ecotype_only_corroborated,ref_divergence	0	1	0	0	1		corroborated	siscowet			1	0	2	gene-LOC120066508	1		0	
gene-LOC120066509	LOC120066509	guanine nucleotide exchange factor for Rab-3A-like	protein_coding	NC_052327.1	54945408	54970831	3	B	2	ecotype_only_corroborated,ref_divergence	0	1	0	0	1		corroborated	siscowet			1	0	2	gene-LOC120066509	1		0	
gene-LOC120066515	LOC120066515	trinucleotide repeat-containing gene 6C protein-like	protein_coding	NC_052308.1	66546165	66618343	6	B	2	ecotype_only_corroborated,ref_divergence	0	1	0	0	1		corroborated	siscowet			1	0	2	gene-LOC120066515	1		0	
gene-LOC120066534	LOC120066534	septin-9-like	protein_coding	NC_052308.1	66747244	66832919	8	B	2	ecotype_only_corroborated,ref_divergence	0	1	0	0	1		corroborated	siscowet			1	0	2	gene-LOC120066534	1		0	
gene-LOC120066542	LOC120066542	ankyrin repeat domain-containing protein 7-like	protein_coding	NC_052327.1	2927611	2939605	1	B	2	cnv,ref_divergence	0	0	1	0	1		liftoff_only	siscowet	1	2	0	0	1	gene-si:ch211-272n13.3	2		0	
gene-LOC120066569	LOC120066569	BTB/POZ domain-containing protein KCTD9	protein_coding	NC_052307.1	24608003	24613119	3	B	2	cnv,ref_divergence	0	0	1	0	1		liftoff_only	siscowet	1	2	0	0	1	gene-LOC120066569	1		0	
gene-LOC120066645	LOC120066645	aminopeptidase N	protein_coding	NC_052327.1	20538916	20550432	6	B	2	cnv,ref_divergence	0	0	1	0	1		liftoff_only	siscowet	1	2	0	0	1	gene-LOC120066645	1		0	
gene-LOC120066646	LOC120066646	synaptic vesicle glycoprotein 2B-like	protein_coding	NC_052327.1	20577951	20587536	4	B	2	cnv,ref_divergence	0	0	1	0	1		liftoff_only	siscowet	1	2	0	0	1	gene-LOC120066646	1		0	
gene-LOC120066694	LOC120066694	UDP-GlcNAc:betaGal beta-1,3-N-acetylglucosaminyltransferase 7-like	protein_coding	NC_052327.1	1963926	1966094	3	B	2	cnv,ref_divergence	0	0	1	0	1		liftoff_only	siscowet	1	2	0	0	1	gene-LOC120066694	1		0	
gene-LOC120066716	LOC120066716	high choriolytic enzyme 2-like	protein_coding	NC_052327.1	36373961	36378995	3	B	2	ecotype_only_corroborated,ref_divergence	0	1	0	0	1		corroborated	lean			1	0	2	gene-LOC120066715	2		0	
gene-LOC120066949	LOC120066949	peripherin-2-like	protein_coding	NC_052328.1	13585013	13589412	2	B	2	cnv,ref_divergence	0	0	1	0	1		liftoff_only	siscowet	1	2	0	0	1	gene-LOC120066949	1		0	
gene-abhd5a	abhd5a	abhydrolase domain containing 5a	protein_coding	NC_052343.1	28946959	28959371	3	B	2	cnv,ref_divergence	0	0	1	0	1		liftoff_only	siscowet	1	2	0	0	1	gene-abhd5a	1		0	
gene-ache	ache	acetylcholinesterase	protein_coding	NC_052312.1	23258359	23274135	5	B	2	cnv,ref_divergence	0	0	1	0	1		liftoff_only	siscowet	1	2	0	0	1	gene-ache	1		0	
gene-acsl1a	acsl1a	acyl-CoA synthetase long chain family member 1a	protein_coding	NC_052314.1	47755280	47807444	6	B	2	ecotype_only_corroborated,ref_divergence	0	1	0	0	1		corroborated	siscowet			1	0	2	gene-acsl1a	1		0	
gene-acte1	acte1	actin, epsilon 1	protein_coding	NC_052315.1	50765482	50770374	0	B	2	cnv,ref_divergence	0	0	1	0	1		liftoff_only	siscowet	1	2	0	0	1	gene-acte1	1		0	
gene-ada2b	ada2b	adenosine deaminase 2b	protein_coding	NC_052312.1	36708104	36711035	4	B	2	ecotype_only_corroborated,ref_divergence	0	1	0	0	1		corroborated	siscowet			1	1	3	gene-ada2b	1		0	0
gene-adamts18	adamts18	ADAM metallopeptidase with thrombospondin type 1 motif, 18	protein_coding	NC_052307.1	57179209	57255199	4	B	2	ecotype_only_corroborated,ref_divergence	0	1	0	0	1		corroborated	siscowet			1	0	2	gene-adamts18	1		0	
gene-adgrl1a	adgrl1a	adhesion G protein-coupled receptor L1a	protein_coding	NC_052309.1	81857548	81957839	9	B	2	ecotype_only_corroborated,ref_divergence	0	1	0	0	1		corroborated	siscowet			1	1	3	gene-adgrl1a	1		0	0
gene-adgrl4	adgrl4	adhesion G protein-coupled receptor L4	protein_coding	NC_052314.1	43918766	43943932	5	B	2	cnv,ref_divergence	0	0	1	0	1		liftoff_only	siscowet	1	2	0	0	1	gene-adgrl4	1		0	
gene-aldh3b2	aldh3b2	aldehyde dehydrogenase 3 family, member B2	protein_coding	NC_052307.1	15615812	15618833	3	B	2	cnv,ref_divergence	0	0	1	0	1		liftoff_only	siscowet	1	2	0	0	1	gene-aldh3b2	1		0	
gene-alx3	alx3	ALX homeobox 3	protein_coding	NC_052320.1	3860410	3861979	3	B	2	cnv,ref_divergence	0	0	1	0	1		liftoff_only	siscowet	1	2	0	0	1	gene-alx3	1		0	
gene-anapc5	anapc5	anaphase promoting complex subunit 5	protein_coding	NC_052324.1	17196571	17206410	5	B	2	cnv,ref_divergence	0	0	1	0	1		liftoff_only	siscowet	1	2	0	0	1	gene-LOC120063176	2		0	
gene-angel1	angel1	angel homolog 1 (Drosophila)	protein_coding	NC_052334.1	26571970	26579574	1	B	2	cnv,ref_divergence	0	0	1	0	1		liftoff_only	siscowet	1	2	0	0	1	gene-angel1	1		0	
gene-angel2	angel2	angel homolog 2 (Drosophila)	protein_coding	NC_052335.1	18508084	18513251	3	B	2	cnv,ref_divergence	0	0	1	0	1		liftoff_only	siscowet	1	2	0	0	1	gene-angel2	1		0	
gene-ankk1	ankk1	ankyrin repeat and kinase domain containing 1	protein_coding	NC_052329.1	40748405	40761180	6	B	2	cnv,ref_divergence	0	0	1	0	1		liftoff_only	siscowet	1	2	0	0	1	gene-ankk1	1		0	
gene-ano9b	ano9b	anoctamin 9b	protein_coding	NC_052307.1	68088878	68101270	4	B	2	ecotype_only_corroborated,ref_divergence	0	1	0	0	1		corroborated	lean			1	0	2	gene-ano9b	2		0	
gene-anpepb	anpepb	alanyl (membrane) aminopeptidase b	protein_coding	NC_052327.1	20525894	20534207	6	B	2	cnv,ref_divergence	0	0	1	0	1		liftoff_only	siscowet	1	2	0	0	1	gene-anpepb	1		0	
gene-ap1m2	ap1m2	adaptor related protein complex 1 subunit mu 2	protein_coding	NC_052345.1	5155031	5163167	5	B	2	cnv,ref_divergence	0	0	1	0	1		liftoff_only	siscowet	1	2	0	0	1	gene-ap1m2	1		0	
gene-ap1s1	ap1s1	adaptor related protein complex 1 subunit sigma 1	protein_coding	NC_052312.1	22926294	22945178	6	B	2	cnv,ref_divergence	0	0	1	0	1		liftoff_only	siscowet	1	2	0	0	1	gene-ap1s1	1		0	
gene-apba2b	apba2b	amyloid beta (A4) precursor protein-binding, family A, member 2b	protein_coding	NC_052307.1	59476935	59499186	6	B	2	ecotype_only_corroborated,ref_divergence	0	1	0	0	1		corroborated	lean			1	0	2	gene-apba2b	1		0	
gene-appl2	appl2	adaptor protein, phosphotyrosine interaction, PH domain and leucine zipper containing 2	protein_coding	NC_052327.1	19684588	19693956	4	B	2	cnv,ref_divergence	0	0	1	0	1		liftoff_only	siscowet	1	2	0	0	1	gene-appl2	1		0	
gene-aqp7	aqp7	aquaporin 7	protein_coding	NC_052308.1	45074432	45090609	7	B	2	cnv,ref_divergence	0	0	1	0	1		liftoff_only	siscowet	1	2	0	0	1	gene-aqp7	1		0	
gene-arap3	arap3	ArfGAP with RhoGAP domain, ankyrin repeat and PH domain 3	protein_coding	NC_052311.1	5859275	5911506	5	B	2	ecotype_only_corroborated,ref_divergence	0	1	0	0	1		corroborated	siscowet			1	0	2	gene-arap3	1		0	
gene-arfip1	arfip1	ADP-ribosylation factor interacting protein 1 (arfaptin 1)	protein_coding	NC_052314.1	48708298	48747751	5	B	2	cnv,ref_divergence	0	0	1	0	1		liftoff_only	siscowet	1	2	0	0	1	gene-arfip1	1		0	
gene-arhgap35a	arhgap35a	Rho GTPase activating protein 35a	protein_coding	NC_052329.1	38259815	38347792	3	B	2	ecotype_only_corroborated,ref_divergence	0	1	0	0	1		corroborated	siscowet			1	0	2	gene-arhgap35a	1		0	
gene-arhgap44a	arhgap44a	Rho GTPase activating protein 44a	protein_coding	NC_052309.1	88622345	88670248	15	B	2	ecotype_only_corroborated,ref_divergence	0	1	0	0	1		corroborated	lean			1	0	2	gene-arhgap44a	1		0	
gene-arih1	arih1	ariadne ubiquitin-conjugating enzyme E2 binding protein homolog 1 (Drosophila)	protein_coding	NW_024059075.1	60970	68611	0	B	2	cnv,ref_divergence	0	0	1	0	1		liftoff_only	siscowet	1	2	0	0	1	gene-arih1	1		0	
gene-arrdc1b	arrdc1b	arrestin domain containing 1b	protein_coding	NC_052332.1	23203684	23254199	4	B	2	cnv,ref_divergence	0	0	1	0	1		liftoff_only	siscowet	1	2	0	0	1	gene-arrdc1b	1		0	
gene-asmtl	asmtl	acetylserotonin O-methyltransferase-like	protein_coding	NC_052319.1	3426481	3436846	2	B	2	cnv,ref_divergence	0	0	1	0	1		liftoff_only	siscowet	1	2	0	0	1	gene-asmtl	1		0	
gene-atad5a	atad5a	ATPase family AAA domain containing 5a	protein_coding	NC_052309.1	97657136	97679712	5	B	2	ecotype_only_corroborated,ref_divergence	0	1	0	0	1		corroborated	lean			1	0	2	gene-atad5a	1		0	
gene-atg4da	atg4da	autophagy related 4D, cysteine peptidase a	protein_coding	NC_052345.1	5245953	5255506	1	B	2	cnv,ref_divergence	0	0	1	0	1		liftoff_only	siscowet	1	2	0	0	1	gene-atg4da	1		0	
gene-azin1b	azin1b	antizyme inhibitor 1b	protein_coding	NC_052338.1	37198203	37227266	6	B	2	cnv,ref_divergence	0	0	1	0	1		liftoff_only	lean	2	1	0	0	1	gene-azin1b	1		0	
gene-baiap2l1b	baiap2l1b	BAR/IMD domain containing adaptor protein 2 like 1b	protein_coding	NC_052309.1	93073354	93162840	7	B	2	cnv,ref_divergence	0	0	1	0	1		liftoff_only	siscowet	1	2	0	0	1	gene-baiap2l1b	1		0	
gene-baiap3	baiap3	BAI1 associated protein 3	protein_coding	NC_052309.1	70862720	70893880	0	B	2	ecotype_only_corroborated,ref_divergence	0	1	0	0	1		corroborated	siscowet			1	0	2	gene-baiap3	1		0	
gene-bbln	bbln	bublin coiled coil protein	protein_coding	NC_052332.1	16601880	16604757	0	B	2	cnv,ref_divergence	0	0	1	0	1		liftoff_only	siscowet	1	2	0	0	1	gene-bbln	1		0	
gene-bdkrb1	bdkrb1	bradykinin receptor B1	protein_coding	NC_052334.1	18306821	18309057	5	B	2	cnv,ref_divergence	0	0	1	0	1		liftoff_only	siscowet	1	2	0	0	1	gene-LOC120023737	2		0	
gene-bend5	bend5	BEN domain containing 5	protein_coding	NC_052316.1	22088245	22117657	2	B	2	cnv,ref_divergence	0	0	1	0	1		liftoff_only	siscowet	1	2	0	0	1	gene-bend5	1		0	
gene-bend7	bend7	BEN domain containing 7	protein_coding	NC_052315.1	32198487	32201259	1	B	2	cnv,ref_divergence	0	0	1	0	1		liftoff_only	siscowet	1	2	0	0	1	gene-bend7	1		0	
gene-bglapl	bglapl	bone gamma-carboxyglutamate (gla) protein, like	protein_coding	NC_052308.1	71045938	71048545	8	B	2	cnv,ref_divergence	0	0	1	0	1		liftoff_only	lean	2	1	0	0	1	gene-bglapl	1		0	
gene-bin1b	bin1b	bridging integrator 1b	protein_coding	NC_052313.1	57982503	58036418	5	B	2	ecotype_only_corroborated,ref_divergence	0	1	0	0	1		corroborated	siscowet			1	1	3	gene-bin1b	1		0	0
gene-bnc1	bnc1	basonuclin 1	protein_coding	NC_052336.1	4410416	4435982	2	B	2	cnv,ref_divergence	0	0	1	0	1		liftoff_only	siscowet	1	2	0	1	1	gene-bnc1	1		0	0
gene-bnc2	bnc2	basonuclin 2	protein_coding	NC_052348.1	17795580	17944314	2	B	2	ecotype_only_corroborated,ref_divergence	0	1	0	0	1		corroborated	lean			1	0	2	gene-bnc2	1		0	
gene-bora	bora	bora aurora kinase A activator	protein_coding	NW_024061122.1	158867	167448	6	B	2	cnv,ref_divergence	0	0	1	0	1		liftoff_only	siscowet	1	2	0	0	1	gene-bora	1		0	
gene-bri3	bri3	brain protein I3	protein_coding	NC_052309.1	93064667	93071756	0	B	2	cnv,ref_divergence	0	0	1	0	1		liftoff_only	siscowet	1	2	0	0	1	gene-bri3	1		0	
gene-btr01	btr01	bloodthirsty-related gene family, member 1	protein_coding	NC_052348.1	20952209	20962489	2	B	2	cnv,ref_divergence	0	0	1	0	1		liftoff_only	siscowet	1	2	0	0	1	gene-btr01	1		0	
gene-c15h2orf50	c15h2orf50	chromosome 15 C2orf50 homolog	protein_coding	NC_052321.1	26684683	26686891	0	B	2	cnv,ref_divergence	0	0	1	0	1		liftoff_only	siscowet	1	2	0	0	1	gene-c15h2orf50	1		0	
gene-c19h2orf69	c19h2orf69	chromosome 19 C2orf69 homolog	protein_coding	NC_052325.1	44858513	44863943	1	B	2	cnv,ref_divergence	0	0	1	0	1		liftoff_only	siscowet	1	2	0	0	1	gene-c19h2orf69	1		0	
gene-c1qtnf1	c1qtnf1	C1q and TNF related 1	protein_coding	NC_052310.1	59763084	59765214	2	B	2	cnv,ref_divergence	0	0	1	0	1		liftoff_only	siscowet	1	2	0	0	1	gene-c1qtnf1	1		0	
gene-c3h17orf75	c3h17orf75	chromosome 3 C17orf75 homolog	protein_coding	NC_052309.1	97725486	97736192	2	B	2	ecotype_only_corroborated,ref_divergence	0	1	0	0	1		corroborated	lean			1	0	2	gene-c3h17orf75	1		0	
gene-c6ast1	c6ast1	six-cysteine containing astacin protease 1	protein_coding	NC_052307.1	54461378	54463467	3	B	2	cnv,ref_divergence	0	0	1	0	1		liftoff_only	lean	5	3	0	0	1	gene-c6ast1	1		0	1
gene-cartl	cartl	cocaine- and amphetamine-regulated transcript-like	protein_coding	NC_052307.1	73717914	73720000	7	B	2	cnv,ref_divergence	0	0	1	0	1		liftoff_only	siscowet	1	2	0	0	1	gene-cartl	1		0	
gene-ccdc12	ccdc12	coiled-coil domain containing 12	protein_coding	NC_052343.1	30455846	30474150	2	B	2	ecotype_only_corroborated,ref_divergence	0	1	0	0	1		corroborated	lean			1	0	2	gene-ccdc12	1		0	
gene-ccdc14	ccdc14	coiled-coil domain containing 14	protein_coding	NC_052346.1	17945178	17952689	2	B	2	cnv,ref_divergence	0	0	1	0	1		liftoff_only	siscowet	1	2	0	0	1	gene-ccdc14	1		0	
gene-ccdc39	ccdc39	coiled-coil domain containing 39	protein_coding	NC_052331.1	33545969	33561177	4	B	2	cnv,ref_divergence	0	0	1	0	1		liftoff_only	siscowet	1	2	0	0	1	gene-ccdc39	1		0	
gene-ccka	ccka	cholecystokinin a	protein_coding	NC_052343.1	29126122	29129370	5	B	2	cnv,ref_divergence	0	0	1	0	1		liftoff_only	lean	2	1	0	0	1	gene-ccka	1		0	
gene-ccna1	ccna1	cyclin A1	protein_coding	NC_052332.1	39208230	39213109	6	B	2	cnv,ref_divergence	0	0	1	0	1		liftoff_only	siscowet	1	2	0	0	1	gene-ccna1	1		0	
gene-ccr9a	ccr9a	chemokine (C-C motif) receptor 9a	protein_coding	NC_052317.1	1329759	1332766	5	B	2	cnv,ref_divergence	0	0	1	0	1		liftoff_only	siscowet	1	2	0	0	1	gene-ccr9a	1		0	
gene-cd180	cd180	CD180 molecule	protein_coding	NC_052337.1	23723071	23797793	1	B	2	cnv,ref_divergence	0	0	1	0	1		liftoff_only	siscowet	1	2	0	0	1	gene-cd180	1		0	
gene-cd247	cd247	CD247 molecule	protein_coding	NC_052346.1	18828007	18843176	3	B	2	cnv,ref_divergence	0	0	1	0	1		liftoff_only	siscowet	1	2	0	0	1	gene-cd247	1		0	
gene-cd44a	cd44a	CD44 molecule (Indian blood group) a	protein_coding	NC_052307.1	82089641	82096601	0	B	2	cnv,ref_divergence	0	0	1	0	1		liftoff_only	lean	2	1	0	0	1	gene-cd44a	1		0	
gene-cd74a	cd74a	CD74 molecule, major histocompatibility complex, class II invariant chain a	protein_coding	NC_052311.1	31231730	31236310	8	B	2	cnv,ref_divergence	0	0	1	0	1		liftoff_only	lean	2	1	0	1	1	gene-cd74a	1		0	1
gene-cdhr5b	cdhr5b	cadherin-related family member 5b	protein_coding	NC_052314.1	11312520	11314232	0	B	2	cnv,ref_divergence	0	0	1	0	1		liftoff_only	siscowet	1	2	0	0	1	gene-cdhr5b	1		0	
gene-cdk18	cdk18	cyclin dependent kinase 18	protein_coding	NC_052326.1	25900908	25958570	6	B	2	cnv,ref_divergence	0	0	1	0	1		liftoff_only	siscowet	1	2	0	0	1	gene-cdk18	1		0	
gene-cdk5r2a	cdk5r2a	cyclin-dependent kinase 5, regulatory subunit 2a (p39)	protein_coding	NC_052346.1	17908299	17909335	7	B	2	cnv,ref_divergence	0	0	1	0	1		liftoff_only	siscowet	1	2	0	0	1	gene-cdk5r2a	1		0	
gene-cdkn2a/b	cdkn2a/b	cyclin-dependent kinase inhibitor 2A/B (p15, inhibits CDK4)	protein_coding	NC_052348.1	16536021	16538752	5	B	2	cnv,ref_divergence	0	0	1	0	1		liftoff_only	lean	2	1	0	0	1	gene-cdkn2a/b	1		0	
gene-cdkn2d	cdkn2d	cyclin-dependent kinase inhibitor 2D (p19, inhibits CDK4)	protein_coding	NC_052345.1	5152357	5154559	5	B	2	cnv,ref_divergence	0	0	1	0	1		liftoff_only	siscowet	1	2	0	0	1	gene-cdkn2d	1		0	
gene-cebp1	cebp1	CCAAT/enhancer binding protein (C/EBP) 1	protein_coding	NC_052313.1	18467507	18469076	5	B	2	cnv,ref_divergence	0	0	1	0	1		liftoff_only	siscowet	1	2	0	0	1	gene-cebp1	1		0	
gene-cep112	cep112	centrosomal protein 112	protein_coding	NC_052309.1	82786853	82964120	0	B	2	ecotype_only_corroborated,ref_divergence	0	1	0	0	1		corroborated	lean			1	0	2	gene-cep112	1		0	
gene-cep131	cep131	centrosomal protein 131	protein_coding	NC_052310.1	67151604	67188216	5	B	2	cnv,ref_divergence	0	0	1	0	1		liftoff_only	siscowet	1	2	0	0	1	gene-cep131	1		0	
gene-cep83	cep83	centrosomal protein 83	protein_coding	NC_052312.1	42953723	42962974	1	B	2	ecotype_only_corroborated,ref_divergence	0	1	0	0	1		corroborated	siscowet			1	0	2	gene-cep83	1		0	
gene-cfap20	cfap20	cilia and flagella associated protein 20	protein_coding	NC_052338.1	23198020	23202848	5	B	2	cnv,ref_divergence	0	0	1	0	1		liftoff_only	siscowet	1	2	0	0	1	gene-cfap20	1		0	
gene-chrnd	chrnd	cholinergic receptor, nicotinic, delta (muscle)	protein_coding	NC_052339.1	21368302	21375419	10	B	2	cnv,ref_divergence	0	0	1	0	1		liftoff_only	lean	2	1	0	0	1	gene-chrnd	1		0	
gene-cited4b	cited4b	Cbp/p300-interacting transactivator, with Glu/Asp-rich carboxy-terminal domain, 4b	protein_coding	NC_052343.1	2783195	2785921	2	B	2	cnv,ref_divergence	0	0	1	0	1		liftoff_only	siscowet	1	2	0	0	1	gene-cited4b	1		0	
gene-cln3	cln3	CLN3 lysosomal/endosomal transmembrane protein, battenin	protein_coding	NC_052309.1	57354000	57379609	4	B	2	cnv,ref_divergence	0	0	1	0	1		liftoff_only	siscowet	1	2	0	0	1	gene-cln3	1		0	
gene-cmbl	cmbl	carboxymethylenebutenolidase homolog (Pseudomonas)	protein_coding	NC_052313.1	7626803	7630418	1	B	2	ecotype_only_corroborated,ref_divergence	0	1	0	0	1		corroborated	lean			1	0	2	gene-cmbl	1		0	
gene-cmtm6	cmtm6	CKLF-like MARVEL transmembrane domain containing 6	protein_coding	NC_052343.1	31234251	31242031	1	B	2	cnv,ref_divergence	0	0	1	0	1		liftoff_only	siscowet	1	2	0	0	1	gene-cmtm6	1		0	2
gene-cntln	cntln	centlein, centrosomal protein	protein_coding	NC_052314.1	1573540	1717007	4	B	2	ecotype_only_corroborated,ref_divergence	0	1	0	0	1		corroborated	lean			1	0	2	gene-cntln	1		0	
gene-col11a2	col11a2	collagen, type XI, alpha 2	protein_coding	NC_052338.1	8990386	9028097	2	B	2	ecotype_only_corroborated,ref_divergence	0	1	0	0	1		corroborated	siscowet			1	0	2	gene-col11a2	1		0	
gene-col5a2b	col5a2b	collagen, type V, alpha 2b	protein_coding	NC_052346.1	17620988	17665353	3	B	2	cnv,ref_divergence	0	0	1	0	1		liftoff_only	siscowet	1	2	0	0	1	gene-col5a2b	1		0	
gene-commd4	commd4	COMM domain containing 4	protein_coding	NW_024061337.1	22248	26130	0	B	2	cnv,ref_divergence	0	0	1	0	1		liftoff_only	siscowet	1	2	0	0	1	gene-commd4	1		0	
gene-comtb	comtb	catechol-O-methyltransferase b	protein_coding	NC_052308.1	22916118	22919407	4	B	2	cnv,ref_divergence	0	0	1	0	1		liftoff_only	siscowet	1	2	0	0	1	gene-comtb	1		0	
gene-coq6	coq6	coenzyme Q6 monooxygenase	protein_coding	NC_052334.1	25275466	25285655	5	B	2	cnv,ref_divergence	0	0	1	0	1		liftoff_only	siscowet	1	2	0	0	1	gene-coq6	1		0	
gene-cplx4a	cplx4a	complexin 4a	protein_coding	NC_052309.1	5206774	5220624	6	B	2	cnv,ref_divergence	0	0	1	0	1		liftoff_only	siscowet	1	2	0	0	1	gene-cplx4a	1		0	
gene-cpo	cpo	carboxypeptidase O	protein_coding	NC_052346.1	18404221	18406361	4	B	2	ecotype_only_corroborated,ref_divergence	0	1	0	0	1		corroborated	siscowet			1	0	2	gene-cpo	2		0	
gene-csrp2	csrp2	cysteine and glycine-rich protein 2	protein_coding	NC_052312.1	49152925	49161924	7	B	2	cnv,ref_divergence	0	0	1	0	1		liftoff_only	siscowet	1	2	0	0	1	gene-csrp2	1		0	
gene-csrp3	csrp3	cysteine and glycine-rich protein 3 (cardiac LIM protein)	protein_coding	NC_052336.1	28427602	28433191	8	B	2	cnv,ref_divergence	0	0	1	0	1		liftoff_only	siscowet	1	2	0	0	1	gene-csrp3	1		0	
gene-ctbs	ctbs	chitobiase, di-N-acetyl-	protein_coding	NC_052316.1	1697476	1710369	5	B	2	cnv,ref_divergence	0	0	1	0	1		liftoff_only	siscowet	1	3	0	0	1	gene-ctbs	1		0	
gene-dachc	dachc	dachshund c	protein_coding	NW_024061122.1	182524	193582	0	B	2	cnv,ref_divergence	0	0	1	0	1		liftoff_only	siscowet	1	2	0	0	1	gene-dachc	1		0	
gene-dbpa	dbpa	D site albumin promoter binding protein a	protein_coding	NC_052338.1	7640910	7654642	4	B	2	ecotype_only_corroborated,ref_divergence	0	1	0	0	1		corroborated	siscowet			1	0	2	gene-dbpa	1		0	
gene-dcaf11	dcaf11	ddb1 and cul4 associated factor 11	protein_coding	NC_052313.1	18386480	18403848	3	B	2	cnv,ref_divergence	0	0	1	0	1		liftoff_only	siscowet	1	2	0	0	1	gene-dcaf11	1		0	
gene-dclre1a	dclre1a	DNA cross-link repair 1A (PSO2 homolog, S. cerevisiae)	protein_coding	NC_052322.1	4943328	4975518	5	B	2	cnv,ref_divergence	0	0	1	0	1		liftoff_only	siscowet	1	2	0	0	1	gene-dclre1a	1		0	
gene-dctn5	dctn5	dynactin 5	protein_coding	NW_024059572.1	10814	23164	0	B	2	cnv,ref_divergence	0	0	1	0	1		liftoff_only	siscowet	1	2	0	0	1	gene-dctn5	1		0	
gene-dcun1d1	dcun1d1	DCN1, defective in cullin neddylation 1, domain containing 1 (S. cerevisiae)	protein_coding	NC_052317.1	8446064	8449408	6	B	2	cnv,ref_divergence	0	0	1	0	1		liftoff_only	siscowet	1	2	0	0	1	gene-dcun1d1	1		0	
gene-dda1	dda1	DET1 and DDB1 associated 1	protein_coding	NC_052316.1	43819139	43822853	2	B	2	ecotype_only_corroborated,ref_divergence	0	1	0	0	1		corroborated	siscowet			1	0	2	gene-dda1	1		0	
gene-ddx39ab	ddx39ab	DEAD (Asp-Glu-Ala-Asp) box polypeptide 39Ab	protein_coding	NC_052310.1	23165727	23171563	5	B	2	ecotype_only_corroborated,ref_divergence	0	1	0	0	1		corroborated	siscowet			1	0	2	gene-ddx39ab	1		0	
gene-ddx51	ddx51	DEAD (Asp-Glu-Ala-Asp) box polypeptide 51	protein_coding	NC_052324.1	20183259	20187594	3	B	2	cnv,ref_divergence	0	0	1	0	1		liftoff_only	siscowet	1	2	0	0	1	gene-ddx51	1		0	
gene-dhdds	dhdds	dehydrodolichyl diphosphate synthase	protein_coding	NC_052311.1	46235924	46247587	5	B	2	ecotype_only_corroborated,ref_divergence	0	1	0	0	1		corroborated	siscowet			1	0	2	gene-dhdds	1		0	
gene-dpep1	dpep1	dipeptidase 1	protein_coding	NC_052307.1	59265885	59272987	2	B	2	ecotype_only_corroborated,ref_divergence	0	1	0	0	1		corroborated	lean			1	0	2	gene-dpep1	1		0	
gene-drc3	drc3	dynein regulatory complex subunit 3	protein_coding	NC_052309.1	92698915	92725219	1	B	2	cnv,ref_divergence	0	0	1	0	1		liftoff_only	siscowet	1	2	0	0	1	gene-drc3	1		0	
gene-drd2a	drd2a	dopamine receptor D2a	protein_coding	NC_052329.1	40703304	40717084	6	B	2	cnv,ref_divergence	0	0	1	0	1		liftoff_only	siscowet	1	2	0	0	1	gene-drd2a	1		0	
gene-dtwd1	dtwd1	DTW domain containing 1	protein_coding	NC_052336.1	7297587	7303210	3	B	2	cnv,ref_divergence	0	0	1	0	1		liftoff_only	siscowet	1	2	0	0	1	gene-dtwd1	1		0	
gene-dusp27	dusp27	dual specificity phosphatase 27	protein_coding	NC_052346.1	18857913	18868286	5	B	2	cnv,ref_divergence	0	0	1	0	1		liftoff_only	siscowet	1	2	0	1	1	gene-dusp27	1		0	0
gene-dynll2a	dynll2a	dynein, light chain, LC8-type 2a	protein_coding	NC_052340.1	18005418	18011775	5	B	2	cnv,ref_divergence	0	0	1	0	1		liftoff_only	siscowet	1	2	0	0	1	gene-dynll2a	1		0	
gene-dynlt5	dynlt5	dynein light chain Tctex-type family member 5	protein_coding	NC_052331.1	34599103	34602071	4	B	2	cnv,ref_divergence	0	0	1	0	1		liftoff_only	lean	2	1	0	0	1	gene-dynlt5	1		0	
gene-e2f7	e2f7	E2F transcription factor 7	protein_coding	NC_052312.1	49125232	49139462	4	B	2	ecotype_only_corroborated,ref_divergence	0	1	0	0	1		corroborated	siscowet			1	0	2	gene-e2f7	1		0	
gene-eaf1	eaf1	ELL associated factor 1	protein_coding	NC_052311.1	51489746	51492548	4	B	2	ecotype_only_corroborated,ref_divergence	0	1	0	0	1		corroborated	lean			1	0	2	gene-eaf1	1		0	
gene-egf	egf	epidermal growth factor	protein_coding	NC_052311.1	20374220	20383684	0	B	2	cnv,ref_divergence	0	0	1	0	1		liftoff_only	siscowet	1	2	0	0	1	gene-egf	1		0	
gene-eif3m	eif3m	eukaryotic translation initiation factor 3, subunit M	protein_coding	NC_052307.1	78796042	78807903	4	B	2	cnv,ref_divergence	0	0	1	0	1		liftoff_only	siscowet	1	2	0	0	1	gene-eif3m	1		0	1
gene-eif4a2	eif4a2	eukaryotic translation initiation factor 4A, isoform 2	protein_coding	NC_052317.1	8430179	8437875	5	B	2	cnv,ref_divergence	0	0	1	0	1		liftoff_only	siscowet	1	2	0	0	1	gene-eif4a2	1		0	
gene-elac2	elac2	elaC ribonuclease Z 2	protein_coding	NC_052347.1	16731923	16740244	3	B	2	ecotype_only_corroborated,ref_divergence	0	1	0	0	1		corroborated	siscowet			1	0	2	gene-elac2	1		0	
gene-elovl6	elovl6	ELOVL fatty acid elongase 6	protein_coding	NC_052311.1	20398077	20422818	8	B	2	cnv,ref_divergence	0	0	1	0	1		liftoff_only	siscowet	1	2	0	0	1	gene-elovl6	1		0	
gene-emb	emb	embigin	protein_coding	NC_052324.1	14112995	14120500	6	B	2	cnv,ref_divergence	0	0	1	0	1		liftoff_only	siscowet	1	2	0	0	1	gene-emb	1		0	
gene-eme1	eme1	essential meiotic structure-specific endonuclease 1	protein_coding	NC_052310.1	58714794	58741833	8	B	2	cnv,ref_divergence	0	0	1	0	1		liftoff_only	siscowet	1	2	0	0	1	gene-eme1	1		0	
gene-emp1	emp1	epithelial membrane protein 1	protein_coding	NC_052345.1	7260428	7264285	1	B	2	cnv,ref_divergence	0	0	1	0	1		liftoff_only	siscowet	1	2	0	0	1	gene-emp1	1		0	
gene-endou2	endou2	endonuclease, polyU-specific 2	protein_coding	NC_052309.1	50305330	50313291	1	B	2	cnv,ref_divergence	0	0	1	0	1		liftoff_only	siscowet	1	2	0	0	1	gene-endou2	1		0	
gene-ensab	ensab	endosulfine alpha b	protein_coding	NC_052311.1	50321680	50337348	3	B	2	ecotype_only_corroborated,ref_divergence	0	1	0	0	1		corroborated	siscowet			1	0	2	gene-ensab	1		0	
gene-entpd5a	entpd5a	ectonucleoside triphosphate diphosphohydrolase 5a	protein_coding	NC_052334.1	25288050	25297708	4	B	2	cnv,ref_divergence	0	0	1	0	1		liftoff_only	siscowet	1	2	0	0	1	gene-entpd5a	1		0	
gene-ercc1	ercc1	excision repair cross-complementation group 1	protein_coding	NC_052325.1	5801543	5808817	9	B	2	cnv,ref_divergence	0	0	1	0	1		liftoff_only	siscowet	1	2	0	0	1	gene-ercc1	1		0	
gene-esyt3	esyt3	extended synaptotagmin-like protein 3	protein_coding	NC_052325.1	44958487	44989875	3	B	2	cnv,ref_divergence	0	0	1	0	1		liftoff_only	siscowet	1	2	0	0	1	gene-esyt3	1		0	
gene-exoc3l2b	exoc3l2b	exocyst complex component 3-like 2b	protein_coding	NC_052340.1	9399029	9431911	4	B	2	ecotype_only_corroborated,ref_divergence	0	1	0	0	1		corroborated	siscowet			1	0	2	gene-exoc3l2b	1		0	
gene-exosc8	exosc8	exosome component 8	protein_coding	NC_052332.1	39115601	39130289	12	B	2	ecotype_only_corroborated,ref_divergence	0	1	0	0	1		corroborated	siscowet			1	0	2	gene-exosc8	1		0	
gene-extl2	extl2	exostosin-like glycosyltransferase 2	protein_coding	NC_052331.1	40658646	40664621	3	B	2	cnv,ref_divergence	0	0	1	0	1		liftoff_only	siscowet	1	2	0	0	1	gene-extl2	1		0	
gene-fam161b	fam161b	FAM161 centrosomal protein B	protein_coding	NC_052334.1	25271488	25274562	2	B	2	cnv,ref_divergence	0	0	1	0	1		liftoff_only	siscowet	1	2	0	0	1	gene-fam161b	1		0	
gene-fam214a	fam214a	family with sequence similarity 214 member A	protein_coding	NC_052336.1	7847291	7874885	0	B	2	cnv,ref_divergence	0	0	1	0	1		liftoff_only	lean	2	1	0	1	1	gene-fam214a	1		0	1
gene-fam89a	fam89a	family with sequence similarity 89 member A	protein_coding	NC_052335.1	20006153	20009371	0	B	2	cnv,ref_divergence	0	0	1	0	1		liftoff_only	lean	2	1	0	0	1	gene-fam89a	1		0	
gene-fam8a1b	fam8a1b	family with sequence similarity 8 member A1b	protein_coding	NC_052343.1	17181023	17186756	0	B	2	ecotype_only_corroborated,ref_divergence	0	1	0	0	1		corroborated	lean			1	0	2	gene-fam8a1b	1		0	
gene-fancd2	fancd2	FA complementation group D2	protein_coding	NC_052308.1	31678245	31706190	7	B	2	cnv,ref_divergence	0	0	1	0	1		liftoff_only	siscowet	1	2	0	0	1	gene-fancd2	1		0	
gene-fbxo46	fbxo46	F-box protein 46	protein_coding	NC_052340.1	11907532	11917741	1	B	2	ecotype_only_corroborated,ref_divergence	0	1	0	0	1		corroborated	lean			1	0	2	gene-fbxo46	1		0	
gene-fbxo7	fbxo7	F-box protein 7	protein_coding	NW_024058246.1	30177	52004	3	B	2	ecotype_only_corroborated,ref_divergence	0	1	0	0	1		corroborated	lean			0	1	2	gene-fbxo7	1		0	1
gene-fbxw10	fbxw10	F-box and WD repeat domain containing 10	protein_coding	NC_052341.1	15643992	15663986	1	B	2	cnv,ref_divergence	0	0	1	0	1		liftoff_only	siscowet	1	2	0	0	1	gene-fbxw10	1		0	
gene-fdx2	fdx2	ferredoxin 2	protein_coding	NC_052345.1	5041061	5044395	4	B	2	cnv,ref_divergence	0	0	1	0	1		liftoff_only	siscowet	1	2	0	0	1	gene-fdx2	1		0	
gene-fem1b	fem1b	fem-1 homolog b	protein_coding	NC_052327.1	10443293	10447678	1	B	2	cnv,ref_divergence	0	0	1	0	1		liftoff_only	lean	2	1	0	0	1	gene-fem1b	1		0	
gene-fgd1	fgd1	FYVE, RhoGEF and PH domain containing 1	protein_coding	NC_052320.1	4640607	4696750	5	B	2	ecotype_only_corroborated,ref_divergence	0	1	0	0	1		corroborated	siscowet			1	0	2	gene-fgd1	1		0	
gene-fgf7	fgf7	fibroblast growth factor 7	protein_coding	NC_052336.1	7243955	7274030	14	B	2	ecotype_only_corroborated,ref_divergence	0	1	0	0	1		corroborated	siscowet			1	0	2	gene-fgf7	1		0	
gene-fgl2a	fgl2a	fibrinogen-like 2a	protein_coding	NC_052344.1	20931641	20937785	2	B	2	cnv,ref_divergence	0	0	1	0	1		liftoff_only	siscowet	1	2	0	0	1	gene-fgl2a	1		0	
gene-fhdc1	fhdc1	FH2 domain containing 1	protein_coding	NC_052314.1	48788317	48824729	0	B	2	cnv,ref_divergence	0	0	1	0	1		liftoff_only	siscowet	1	2	0	0	1	gene-fhdc1	1		0	
gene-fmnl2b	fmnl2b	formin-like 2b	protein_coding	NC_052346.1	17912687	17943087	6	B	2	cnv,ref_divergence	0	0	1	0	1		liftoff_only	siscowet	1	2	0	0	1	gene-fmnl2b	1		0	
gene-foxn4	foxn4	forkhead box N4	protein_coding	NC_052307.1	15540584	15547101	3	B	2	cnv,ref_divergence	0	0	1	0	1		liftoff_only	siscowet	1	2	0	0	1	gene-foxn4	1		0	
gene-foxr1	foxr1	forkhead box R1	protein_coding	NC_052309.1	43716157	43717953	4	B	2	cnv,ref_divergence	0	0	1	0	1		liftoff_only	siscowet	1	2	0	0	1	gene-foxr1	1		0	
gene-fzr1b	fzr1b	fizzy/cell division cycle 20 related 1b	protein_coding	NC_052317.1	33214041	33220578	7	B	2	ecotype_only_corroborated,ref_divergence	0	1	0	0	1		corroborated	siscowet			1	0	2	gene-fzr1b	1		0	
gene-gdpd1	gdpd1	glycerophosphodiester phosphodiesterase domain containing 1	protein_coding	NC_052329.1	41993313	42006033	5	B	2	cnv,ref_divergence	0	0	1	0	1		liftoff_only	siscowet	1	2	0	0	1	gene-gdpd1	1		0	
gene-get3	get3	guided entry of tail-anchored proteins factor 3, ATPase	protein_coding	NC_052345.1	6825744	6832543	4	B	2	ecotype_only_corroborated,ref_divergence	0	1	0	0	1		corroborated	siscowet			1	0	2	gene-get3	1		0	
gene-gga3b	gga3b	golgi associated, gamma adaptin ear containing, ARF binding protein 3b	protein_coding	NC_052309.1	92527819	92537647	6	B	2	cnv,ref_divergence	0	0	1	0	1		liftoff_only	siscowet	1	2	0	0	1	gene-gga3b	1		0	
gene-gid4	gid4	GID complex subunit 4 homolog	protein_coding	NC_052309.1	92691023	92698542	6	B	2	cnv,ref_divergence	0	0	1	0	1		liftoff_only	siscowet	1	2	0	0	1	gene-gid4	1		0	
gene-gja9a	gja9a	gap junction protein alpha 9a	protein_coding	NC_052343.1	8515767	8517215	2	B	2	ecotype_only_corroborated,ref_divergence	0	1	0	0	1		corroborated	siscowet			1	0	2	gene-gja9a	1		0	
gene-gjc2	gjc2	gap junction protein gamma 2	protein_coding	NC_052317.1	29270038	29271303	2	B	2	cnv,ref_divergence	0	0	1	0	1		liftoff_only	siscowet	1	2	0	0	1	gene-gjc2	1		0	
gene-gnb1l	gnb1l	guanine nucleotide binding protein (G protein), beta polypeptide 1-like	protein_coding	NC_052307.1	33303222	33332564	1	B	2	cnv,ref_divergence	0	0	1	0	1		liftoff_only	siscowet	1	2	0	0	1	gene-gnb1l	1		0	
gene-gnl1	gnl1	guanine nucleotide binding protein-like 1	protein_coding	NC_052311.1	54563755	54572092	2	B	2	ecotype_only_corroborated,ref_divergence	0	1	0	0	1		corroborated	siscowet			1	0	2	gene-gnl1	1		0	
gene-golm2	golm2	golgi membrane protein 2	protein_coding	NC_052307.1	59848228	59862089	0	B	2	ecotype_only_corroborated,ref_divergence	0	1	0	0	1		corroborated	lean			1	0	2	gene-golm2	1		0	
gene-grin2da	grin2da	glutamate receptor, ionotropic, N-methyl D-aspartate 2D, a	protein_coding	NC_052338.1	7555820	7598374	10	B	2	ecotype_only_corroborated,ref_divergence	0	1	0	0	1		corroborated	siscowet			1	0	2	gene-grin2da	1		0	
gene-grm6b	grm6b	glutamate receptor, metabotropic 6b	protein_coding	NC_052308.1	22888816	22912675	4	B	2	cnv,ref_divergence	0	0	1	0	1		liftoff_only	siscowet	1	2	0	0	1	gene-grm6b	1		0	
gene-gtf2h4	gtf2h4	general transcription factor IIH, polypeptide 4	protein_coding	NC_052338.1	32645668	32657074	5	B	2	cnv,ref_divergence	0	0	1	0	1		liftoff_only	siscowet	1	2	0	0	1	gene-gtf2h4	1		0	
gene-gtse1	gtse1	G-2 and S-phase expressed 1	protein_coding	NC_052314.1	9027632	9032706	3	B	2	cnv,ref_divergence	0	0	1	0	1		liftoff_only	siscowet	1	2	0	0	1	gene-gtse1	1		0	
gene-hemgn	hemgn	hemogen	protein_coding	NC_052348.1	15433096	15436044	0	B	2	ecotype_only_corroborated,ref_divergence	0	1	0	0	1		corroborated	siscowet			1	0	2	gene-hemgn	1		0	
gene-herpud2	herpud2	HERPUD family member 2	protein_coding	NC_052311.1	51366869	51378858	2	B	2	ecotype_only_corroborated,ref_divergence	0	1	0	0	1		corroborated	lean			1	0	2	gene-herpud2	1		0	
gene-hgfa	hgfa	hepatocyte growth factor a	protein_coding	NC_052312.1	44656477	44696453	2	B	2	cnv,ref_divergence	0	0	1	0	1		liftoff_only	siscowet	1	2	0	0	1	gene-hgfa	1		0	
gene-hoatz	hoatz	HOATZ cilia and flagella associated protein	protein_coding	NW_024058915.1	21929	22734	1	B	2	cnv,ref_divergence	0	0	1	0	1		liftoff_only	siscowet	1	2	0	0	1	gene-hoatz	1		0	
gene-hopx	hopx	HOP homeobox	protein_coding	NC_052323.1	9828361	9831624	4	B	2	cnv,ref_divergence	0	0	1	0	1		liftoff_only	siscowet	1	2	0	0	1	gene-hopx	1		0	
gene-hsd17b2	hsd17b2	hydroxysteroid (17-beta) dehydrogenase 2	protein_coding	NC_052327.1	35870778	35874698	1	B	2	cnv,ref_divergence	0	0	1	0	1		liftoff_only	siscowet	1	2	0	0	1	gene-hsd17b2	1		0	
gene-hydin	hydin	HYDIN axonemal central pair apparatus protein	protein_coding	NC_052315.1	27541657	27608813	3	B	2	cnv,ref_divergence	0	0	1	0	1		liftoff_only	siscowet	1	2	0	0	1	gene-hydin	1		0	
gene-idua	idua	alpha-L-iduronidase	protein_coding	NC_052324.1	23581101	23591518	3	B	2	cnv,ref_divergence	0	0	1	0	1		liftoff_only	siscowet	1	2	0	0	1	gene-idua	1		0	
gene-iglon5	iglon5	IgLON family member 5	protein_coding	NC_052311.1	46375989	46421757	1	B	2	ecotype_only_corroborated,ref_divergence	0	1	0	0	1		corroborated	siscowet			1	0	2	gene-iglon5	1		0	
gene-ilf3b	ilf3b	interleukin enhancer binding factor 3b	protein_coding	NC_052310.1	22849382	22872834	3	B	2	ecotype_only_corroborated,ref_divergence	0	1	0	0	1		corroborated	siscowet			1	0	2	gene-ilf3b	1		0	
gene-illr4	illr4	immune-related, lectin-like receptor 4	protein_coding	NC_052333.1	32639234	32649353	0	B	2	cnv,ref_divergence	0	0	1	0	1		liftoff_only	siscowet	1	2	0	0	1	gene-illr4	1		0	
gene-impa2	impa2	inositol monophosphatase 2	protein_coding	NC_052313.1	17406440	17413185	4	B	2	cnv,ref_divergence	0	0	1	0	1		liftoff_only	siscowet	1	2	0	0	1	gene-impa2	1		0	
gene-insm1b	insm1b	insulinoma-associated 1b	protein_coding	NC_052334.1	30278466	30279884	7	B	2	cnv,ref_divergence	0	0	1	0	1		liftoff_only	siscowet	1	2	0	0	1	gene-insm1b	1		0	
gene-ints8	ints8	integrator complex subunit 8	protein_coding	NC_052333.1	36464228	36489403	2	B	2	cnv,ref_divergence	0	0	1	0	1		liftoff_only	siscowet	1	2	0	0	1	gene-ints8	1		0	
gene-invs	invs	inversin	protein_coding	NC_052343.1	31458154	31500747	3	B	2	ecotype_only_corroborated,ref_divergence	0	1	0	0	1		corroborated	siscowet			1	1	3	gene-invs	1		0	0
gene-iqub	iqub	IQ motif and ubiquitin domain containing	protein_coding	NC_052327.1	16132298	16138533	4	B	2	cnv,ref_divergence	0	0	1	0	1		liftoff_only	siscowet	1	2	0	0	1	gene-iqub	1		0	
gene-kcnj19b	kcnj19b	potassium inwardly rectifying channel subfamily J member 19b	protein_coding	NC_052310.1	24878036	24908417	4	B	2	cnv,ref_divergence	0	0	1	0	1		liftoff_only	siscowet	1	2	0	0	1	gene-kcnj19b	1		0	
gene-kctd10	kctd10	potassium channel tetramerization domain containing 10	protein_coding	NC_052307.1	15582493	15589125	7	B	2	cnv,ref_divergence	0	0	1	0	1		liftoff_only	siscowet	1	2	0	0	1	gene-kctd10	1		0	
gene-kdelr2b	kdelr2b	KDEL endoplasmic reticulum protein retention receptor 2b	protein_coding	NC_052341.1	21571785	21578436	6	B	2	cnv,ref_divergence	0	0	1	0	1		liftoff_only	lean	2	1	0	0	1	gene-kdelr2b	1		0	
gene-keap1b	keap1b	kelch-like ECH-associated protein 1b	protein_coding	NC_052345.1	5114571	5134976	1	B	2	cnv,ref_divergence	0	0	1	0	1		liftoff_only	siscowet	1	2	0	0	1	gene-keap1b	1		0	
gene-kiaa1549lb	kiaa1549lb	KIAA1549-like b	protein_coding	NC_052307.1	79057507	79157762	0	B	2	ecotype_only_corroborated,ref_divergence	0	1	0	0	1		corroborated	lean			1	1	3	gene-kiaa1549lb	1		0	0
gene-kif20bb	kif20bb	kinesin family member 20Bb	protein_coding	NC_052341.1	28001985	28025672	7	B	2	cnv,ref_divergence	0	0	1	0	1		liftoff_only	siscowet	1	2	0	0	1	gene-kif20bb	1		0	
gene-kif28	kif28	kinesin family member 28	protein_coding	NC_052334.1	34818590	34839101	8	B	2	cnv,ref_divergence	0	0	1	0	1		liftoff_only	siscowet	1	2	0	0	1	gene-kif28	1		0	
gene-klf11a	klf11a	Kruppel-like factor 11a	protein_coding	NC_052330.1	5610500	5622874	3	B	2	cnv,ref_divergence	0	0	1	0	1		liftoff_only	siscowet	1	2	0	0	1	gene-klf11a	1		0	
gene-kmt2e	kmt2e	lysine (K)-specific methyltransferase 2E	protein_coding	NC_052344.1	16675633	16715463	1	B	2	ecotype_only_corroborated,ref_divergence	0	1	0	0	1		corroborated	siscowet			1	0	2	gene-LOC120031903	2		0	
gene-kpnb3	kpnb3	karyopherin (importin) beta 3	protein_coding	NC_052346.1	18414221	18428261	6	B	2	cnv,ref_divergence	0	0	1	0	1		liftoff_only	siscowet	1	2	0	0	1	gene-kpnb3	1		0	
gene-lamb4	lamb4	laminin, beta 4	protein_coding	NC_052315.1	46692679	46708547	0	B	2	cnv,ref_divergence	0	0	1	0	1		liftoff_only	siscowet	1	2	0	0	1	gene-lamb4	2		0	
gene-ldha	ldha	lactate dehydrogenase A4	protein_coding	NC_052327.1	2993706	3013525	3	B	2	cnv,ref_divergence	0	0	1	0	1		liftoff_only	siscowet	1	2	0	0	1	gene-ldha	1		0	
gene-ldlrb	ldlrb	low density lipoprotein receptor b	protein_coding	NC_052345.1	5177611	5198136	2	B	2	cnv,ref_divergence	0	0	1	0	1		liftoff_only	siscowet	1	2	0	0	1	gene-ldlrb	1		0	
gene-lgals8a	lgals8a	galectin 8a	protein_coding	NC_052330.1	5637220	5645696	1	B	2	cnv,ref_divergence	0	0	1	0	1		liftoff_only	siscowet	1	2	0	0	1	gene-lgals8a	1		0	
gene-lgi2a	lgi2a	leucine-rich repeat LGI family, member 2a	protein_coding	NC_052312.1	26301153	26334047	3	B	2	cnv,ref_divergence	0	0	1	0	1		liftoff_only	siscowet	1	2	0	0	1	gene-lgi2a	1		0	
gene-lhcgr	lhcgr	luteinizing hormone/choriogonadotropin receptor	protein_coding	NC_052341.1	13627843	13651140	7	B	2	ecotype_only_corroborated,ref_divergence	0	1	0	0	1		corroborated	lean			1	0	2	gene-lhcgr	1		0	
gene-lifra	lifra	LIF receptor subunit alpha a	protein_coding	NC_052307.1	6286863	6317717	1	B	2	cnv,ref_divergence	0	0	1	0	1		liftoff_only	siscowet	1	2	0	0	1	gene-lifra	1		0	
gene-lins1	lins1	lines homolog 1	protein_coding	NC_052307.1	79954437	79959908	0	B	2	cnv,ref_divergence	0	0	1	0	1		liftoff_only	siscowet	1	2	0	0	1	gene-lins1	1		0	
gene-lipt2	lipt2	lipoyl(octanoyl) transferase 2	protein_coding	NC_052329.1	42014275	42015454	3	B	2	cnv,ref_divergence	0	0	1	0	1		liftoff_only	siscowet	1	2	0	0	1	gene-lipt2	1		0	
gene-lman1	lman1	lectin, mannose-binding, 1	protein_coding	NC_052309.1	5173876	5199442	8	B	2	cnv,ref_divergence	0	0	1	0	1		liftoff_only	siscowet	1	2	0	0	1	gene-lman1	1		0	
gene-lrrc20	lrrc20	leucine rich repeat containing 20	protein_coding	NC_052328.1	2046947	2051750	1	B	2	cnv,ref_divergence	0	0	1	0	1		liftoff_only	siscowet	1	2	0	0	1	gene-lrrc20	1		0	
gene-lyl1	lyl1	LYL1 basic helix-loop-helix family member	protein_coding	NC_052345.1	4996404	5004898	4	B	2	cnv,ref_divergence	0	0	1	0	1		liftoff_only	siscowet	1	2	0	0	1	gene-lyl1	1		0	
gene-lysmd1	lysmd1	LysM, putative peptidoglycan-binding, domain containing 1	protein_coding	NC_052311.1	50405032	50407588	0	B	2	ecotype_only_corroborated,ref_divergence	0	1	0	0	1		corroborated	siscowet			1	0	2	gene-lysmd1	1		0	
gene-mamdc4	mamdc4	MAM domain containing 4	protein_coding	NC_052332.1	23269001	23277357	1	B	2	cnv,ref_divergence	0	0	1	0	1		liftoff_only	siscowet	1	2	0	0	1	gene-mamdc4	1		0	
gene-map1lc3a	map1lc3a	microtubule-associated protein 1 light chain 3 alpha	protein_coding	NC_052326.1	3854888	3884941	8	B	2	cnv,ref_divergence	0	0	1	0	1		liftoff_only	siscowet	1	2	0	0	1	gene-map1lc3a	1		0	
gene-map3k12	map3k12	mitogen-activated protein kinase kinase kinase 12	protein_coding	NC_052320.1	36845556	36856193	4	B	2	cnv,ref_divergence	0	0	1	0	1		liftoff_only	siscowet	1	2	0	0	1	gene-map3k12	1		0	
gene-map4l	map4l	microtubule associated protein 4 like	protein_coding	NC_052331.1	19003046	19019983	4	B	2	cnv,ref_divergence	0	0	1	0	1		liftoff_only	siscowet	1	2	0	0	1	gene-map4l	1		0	
gene-mcl1b	mcl1b	MCL1 apoptosis regulator, BCL2 family member b	protein_coding	NC_052311.1	50340191	50342771	9	B	2	ecotype_only_corroborated,ref_divergence	0	1	0	0	1		corroborated	siscowet			1	0	2	gene-mcl1b	1		0	
gene-mcoln1b	mcoln1b	mucolipin TRP cation channel 1b	protein_coding	NC_052310.1	22989179	23008404	3	B	2	ecotype_only_corroborated,ref_divergence	0	1	0	0	1		corroborated	siscowet			1	0	2	gene-mcoln1b	1		0	
gene-mdm2	mdm2	MDM2 proto-oncogene	protein_coding	NC_052312.1	51602391	51616311	5	B	2	cnv,ref_divergence	0	0	1	0	1		liftoff_only	siscowet	2	3	0	0	1	gene-mdm2	1		0	
gene-mfng	mfng	MFNG O-fucosylpeptide 3-beta-N-acetylglucosaminyltransferase	protein_coding	NC_052308.1	72702556	72719302	3	B	2	ecotype_only_corroborated,ref_divergence	0	1	0	0	1		corroborated	lean			1	0	2	gene-mfng	1		0	
gene-mfsd11	mfsd11	major facilitator superfamily domain containing 11	protein_coding	NC_052309.1	77194229	77203229	0	B	2	ecotype_only_corroborated,ref_divergence	0	1	0	0	1		corroborated	siscowet			1	0	2	gene-mfsd11	1		0	
gene-mif4gdb	mif4gdb	MIF4G domain containing b	protein_coding	NC_052309.1	92539732	92545759	5	B	2	cnv,ref_divergence	0	0	1	0	1		liftoff_only	siscowet	1	2	0	0	1	gene-mif4gdb	1		0	
gene-mindy4	mindy4	MINDY lysine 48 deubiquitinase 4	protein_coding	NC_052315.1	9285973	9297724	3	B	2	cnv,ref_divergence	0	0	1	0	1		liftoff_only	siscowet	1	2	0	0	1	gene-mindy4	1		0	
gene-mki67	mki67	marker of proliferation Ki-67	protein_coding	NC_052310.1	16503741	16521888	5	B	2	cnv,ref_divergence	0	0	1	0	1		liftoff_only	siscowet	1	2	0	0	1	gene-mki67	1		0	
gene-mphosph6	mphosph6	M-phase phosphoprotein 6	protein_coding	NC_052327.1	35869363	35871141	1	B	2	cnv,ref_divergence	0	0	1	0	1		liftoff_only	siscowet	1	2	0	0	1	gene-mphosph6	1		0	
gene-mrps7	mrps7	mitochondrial ribosomal protein S7	protein_coding	NC_052309.1	92537869	92539657	6	B	2	cnv,ref_divergence	0	0	1	0	1		liftoff_only	siscowet	1	2	0	0	1	gene-mrps7	1		0	
gene-mstnb	mstnb	myostatin b	protein_coding	NC_052325.1	41418420	41422998	5	B	2	ecotype_only_corroborated,ref_divergence	0	1	0	0	1		corroborated	lean			1	0	2	gene-mstnb	1		0	
gene-mthfs	mthfs	5,10-methenyltetrahydrofolate synthetase (5-formyltetrahydrofolate cyclo-ligase)	protein_coding	NC_052307.1	79539362	79551936	4	B	2	cnv,ref_divergence	0	0	1	0	1		liftoff_only	siscowet	1	2	0	0	1	gene-mthfs	1		0	
gene-mtres1	mtres1	mitochondrial transcription rescue factor 1	protein_coding	NC_052321.1	26861447	26865045	0	B	2	cnv,ref_divergence	0	0	1	0	1		liftoff_only	siscowet	1	2	0	0	1	gene-mtres1	1		0	
gene-mycb	mycb	MYC proto-oncogene, bHLH transcription factor b	protein_coding	NC_052317.1	4665266	4667892	5	B	2	cnv,ref_divergence	0	0	1	0	1		liftoff_only	siscowet	1	2	0	0	1	gene-mycb	1		0	
gene-myh6	myh6	myosin, heavy chain 6, cardiac muscle, alpha	protein_coding	NC_052335.1	33313120	33319987	4	B	2	cnv,ref_divergence	0	0	1	0	1		liftoff_only	siscowet	1	2	0	0	1	gene-myh6	1		0	
gene-myo1ha	myo1ha	myosin IHa	protein_coding	NC_052307.1	15564395	15581852	11	B	2	cnv,ref_divergence	0	0	1	0	1		liftoff_only	siscowet	1	2	0	0	1	gene-myo1ha	1		0	
gene-myo5aa	myo5aa	myosin VAa	protein_coding	NC_052336.1	7740394	7819824	9	B	2	ecotype_only_corroborated,ref_divergence	0	1	0	0	1		corroborated	siscowet			1	0	2	gene-myo5aa	1		0	
gene-mzt1	mzt1	mitotic spindle organizing protein 1	protein_coding	NW_024061122.1	167530	171238	7	B	2	cnv,ref_divergence	0	0	1	0	1		liftoff_only	siscowet	1	2	0	0	1	gene-mzt1	1		0	
gene-nanog	nanog	nanog homeobox	protein_coding	NC_052313.1	18274473	18276582	5	B	2	cnv,ref_divergence	0	0	1	0	1		liftoff_only	siscowet	1	2	0	0	1	gene-nanog	1		0	
gene-nat9	nat9	N-acetyltransferase 9 (GCN5-related, putative)	protein_coding	NC_052310.1	58705177	58708254	2	B	2	cnv,ref_divergence	0	0	1	0	1		liftoff_only	siscowet	1	2	0	0	1	gene-nat9	1		0	
gene-ndel1b	ndel1b	nudE neurodevelopment protein 1-like 1b	protein_coding	NC_052309.1	88515423	88544686	13	B	2	ecotype_only_corroborated,ref_divergence	0	1	0	0	1		corroborated	lean			1	0	2	gene-ndel1b	1		0	
gene-ndnfl	ndnfl	neuron-derived neurotrophic factor, like	protein_coding	NC_052310.1	48459371	48465323	3	B	2	cnv,ref_divergence	0	0	1	0	1		liftoff_only	siscowet	1	2	0	0	1	gene-ndnfl	1		0	
gene-ndr2	ndr2	nodal-related 2	protein_coding	NC_052328.1	2053348	2056646	7	B	2	cnv,ref_divergence	0	0	1	0	1		liftoff_only	siscowet	1	2	0	0	1	gene-ndr2	1		0	
gene-ndufb10	ndufb10	NADH:ubiquinone oxidoreductase subunit B10	protein_coding	NC_052309.1	92616145	92620980	1	B	2	cnv,ref_divergence	0	0	1	0	1		liftoff_only	siscowet	1	2	0	0	1	gene-ndufb10	1		0	
gene-nek11	nek11	NIMA-related kinase 11	protein_coding	NC_052343.1	29717967	29750606	3	B	2	cnv,ref_divergence	0	0	1	0	1		liftoff_only	siscowet	1	2	0	0	1	gene-nek11	1		0	
gene-neurog1	neurog1	neurogenin 1	protein_coding	NC_052311.1	5919052	5919708	1	B	2	ecotype_only_corroborated,ref_divergence	0	1	0	0	1		corroborated	siscowet			1	0	2	gene-neurog1	1		0	
gene-nfil3-2	nfil3-2	nuclear factor, interleukin 3 regulated, member 2	protein_coding	NC_052310.1	22690696	22702713	5	B	2	ecotype_only_corroborated,ref_divergence	0	1	0	0	1		corroborated	siscowet			1	0	2	gene-nfil3-6	2		0	
gene-nfil3-3	nfil3-3	nuclear factor, interleukin 3 regulated, member 3	protein_coding	NC_052345.1	6536320	6540038	5	B	2	cnv,ref_divergence	0	0	1	0	1		liftoff_only	siscowet	1	2	0	0	1	gene-nfil3-3	2		0	
gene-nfil3-5	nfil3-5	nuclear factor, interleukin 3 regulated, member 5	protein_coding	NC_052345.1	6548261	6558630	5	B	2	cnv,ref_divergence	0	0	1	0	1		liftoff_only	siscowet	1	2	0	0	1	gene-nfil3-3	2		0	
gene-nfil3-6	nfil3-6	nuclear factor, interleukin 3 regulated, member 6	protein_coding	NC_052310.1	22679292	22683618	5	B	2	ecotype_only_corroborated,ref_divergence	0	1	0	0	1		corroborated	siscowet			1	0	2	gene-nfil3-6	2		0	
gene-ngdn	ngdn	neuroguidin, EIF4E binding protein	protein_coding	NC_052313.1	18455932	18461789	3	B	2	cnv,ref_divergence	0	0	1	0	1		liftoff_only	siscowet	1	2	0	0	1	gene-ngdn	1		0	
gene-nhlrc2	nhlrc2	NHL repeat containing 2	protein_coding	NC_052322.1	4975903	5025377	1	B	2	cnv,ref_divergence	0	0	1	0	1		liftoff_only	siscowet	1	2	0	0	1	gene-nhlrc2	1		0	
gene-nitr7b	nitr7b	novel immune-type receptor 7b	protein_coding	NC_052342.1	14630851	14632441	0	B	2	cnv,ref_divergence	0	0	1	0	1		liftoff_only	lean	2	1	0	0	1	gene-nitr7b	1		0	
gene-nkain1	nkain1	sodium/potassium transporting ATPase interacting 1	protein_coding	NC_052333.1	16121774	16126433	1	B	2	ecotype_only_corroborated,ref_divergence	0	1	0	0	1		corroborated	siscowet			1	0	2	gene-nkain1	1		0	
gene-nmbb	nmbb	neuromedin Bb	protein_coding	NW_024059741.1	210744	211623	5	B	2	cnv,ref_divergence	0	0	1	0	1		liftoff_only	siscowet	1	2	0	0	1	gene-nmbb	1		0	
gene-nog2	nog2	noggin 2	protein_coding	NC_052310.1	18763050	18763722	5	B	2	cnv,ref_divergence	0	0	1	0	1		liftoff_only	siscowet	1	2	0	0	1	gene-nog2	1		0	
gene-noxo1a	noxo1a	NADPH oxidase organizer 1a	protein_coding	NC_052309.1	92659958	92664914	4	B	2	cnv,ref_divergence	0	0	1	0	1		liftoff_only	siscowet	1	2	0	0	1	gene-noxo1a	1		0	1
gene-npas1	npas1	neuronal PAS domain protein 1	protein_coding	NC_052329.1	38189274	38211187	4	B	2	ecotype_only_corroborated,ref_divergence	0	1	0	0	1		corroborated	siscowet			1	0	2	gene-npas1	1		0	
gene-nploc4	nploc4	NPL4 homolog, ubiquitin recognition factor	protein_coding	NC_052310.1	67011615	67063491	4	B	2	cnv,ref_divergence	0	0	1	0	1		liftoff_only	siscowet	1	2	0	0	1	gene-nploc4	1		0	
gene-npm2a	npm2a	nucleophosmin/nucleoplasmin, 2a	protein_coding	NC_052347.1	12871654	12873575	7	B	2	ecotype_only_corroborated,ref_divergence	0	1	0	0	1		corroborated	siscowet			1	0	2	gene-npm2a	1		0	
gene-nrbf2b	nrbf2b	nuclear receptor binding factor 2b	protein_coding	NW_024058857.1	15392	22844	1	B	2	cnv,ref_divergence	0	0	1	0	1		liftoff_only	siscowet	1	2	0	0	1	gene-nrbf2b	1		0	
gene-nup85	nup85	nucleoporin 85	protein_coding	NC_052309.1	92515472	92527604	5	B	2	cnv,ref_divergence	0	0	1	0	1		liftoff_only	siscowet	1	2	0	0	1	gene-nup85	1		0	
gene-odad3	odad3	outer dynein arm docking complex subunit 3	protein_coding	NC_052345.1	6607922	6617530	3	B	2	cnv,ref_divergence	0	0	1	0	1		liftoff_only	siscowet	1	2	0	0	1	gene-odad3	1		0	
gene-odf3l2a	odf3l2a	outer dense fiber of sperm tails 3-like 2a	protein_coding	NC_052346.1	12954660	12956534	1	B	2	ecotype_only_corroborated,ref_divergence	0	1	0	0	1		corroborated	siscowet			1	0	2	gene-odf3l2a	1		0	
gene-or134-1	or134-1	odorant receptor, family H, subfamily 134, member 1	protein_coding	NC_052326.1	3231470	3232396	3	B	2	cnv,ref_divergence	0	0	1	0	1		liftoff_only	siscowet	1	2	0	0	1	gene-LOC120065552	2		0	
gene-oxld1	oxld1	oxidoreductase-like domain containing 1	protein_coding	NC_052310.1	66977443	66986692	1	B	2	cnv,ref_divergence	0	0	1	0	1		liftoff_only	siscowet	1	2	0	0	1	gene-oxld1	1		0	
gene-p2ry10	p2ry10	P2Y receptor family member 10	protein_coding	NW_024061177.1	9134	13052	4	B	2	cnv,ref_divergence	0	0	1	0	1		liftoff_only	siscowet	1	2	0	0	1	gene-p2ry10	1		0	
gene-paip2b	paip2b	poly(A) binding protein interacting protein 2B	protein_coding	NC_052348.1	21720188	21725684	3	B	2	cnv,ref_divergence	0	0	1	0	1		liftoff_only	siscowet	1	2	0	0	1	gene-paip2b	1		0	
gene-palm3	palm3	paralemmin 3	protein_coding	NC_052345.1	6387289	6425070	2	B	2	ecotype_only_corroborated,ref_divergence	0	1	0	0	1		corroborated	siscowet			1	0	2	gene-palm3	1		0	
gene-paqr6	paqr6	progestin and adipoQ receptor family member VI	protein_coding	NC_052343.1	12002359	12009835	2	B	2	ecotype_only_corroborated,ref_divergence	0	1	0	0	1		corroborated	siscowet			0	1	2	gene-paqr6	1		0	0
gene-paqr9	paqr9	progestin and adipoQ receptor family member 9	protein_coding	NC_052312.1	2932031	2936211	2	B	2	ecotype_only_corroborated,ref_divergence	0	1	0	0	1		corroborated	lean			1	0	2	gene-paqr9	1		0	
gene-pax4	pax4	paired box 4	protein_coding	NC_052312.1	44649580	44654455	4	B	2	cnv,ref_divergence	0	0	1	0	1		liftoff_only	siscowet	1	3	0	0	1	gene-pax4	1		0	
gene-pck1	pck1	phosphoenolpyruvate carboxykinase 1 (soluble)	protein_coding	NC_052308.1	53108152	53112650	13	B	2	cnv,ref_divergence	0	0	1	0	1		liftoff_only	siscowet	1	2	0	0	1	gene-pck1	1		0	
gene-pcsk6	pcsk6	proprotein convertase subtilisin/kexin type 6	protein_coding	NC_052336.1	4512163	4604790	6	B	2	ecotype_only_corroborated,ref_divergence	0	1	0	0	1		corroborated	siscowet			1	0	2	gene-pcsk6	1		0	
gene-pde6gb	pde6gb	phosphodiesterase 6G, cGMP-specific, rod, gamma, paralog b	protein_coding	NC_052310.1	66994089	66999637	6	B	2	cnv,ref_divergence	0	0	1	0	1		liftoff_only	siscowet	1	2	0	0	1	gene-pde6gb	1		0	
gene-pdss2	pdss2	prenyl (decaprenyl) diphosphate synthase, subunit 2	protein_coding	NC_052321.1	26782148	26827940	5	B	2	cnv,ref_divergence	0	0	1	0	1		liftoff_only	siscowet	1	2	0	0	1	gene-pdss2	1		0	
gene-pfkpa	pfkpa	phosphofructokinase, platelet a	protein_coding	NC_052339.1	14079101	14106698	12	B	2	cnv,ref_divergence	0	0	1	0	1		liftoff_only	siscowet	1	2	0	0	1	gene-pfkpa	1		0	
gene-pgd	pgd	phosphogluconate dehydrogenase	protein_coding	NC_052320.1	24545667	24557687	6	B	2	cnv,ref_divergence	0	0	1	0	1		liftoff_only	siscowet	1	2	0	0	1	gene-pgd	1		0	
gene-phactr2	phactr2	phosphatase and actin regulator 2	protein_coding	NC_052341.1	16841890	16901140	2	B	2	cnv,ref_divergence	0	0	1	0	1		liftoff_only	siscowet	1	2	0	0	1	gene-phactr2	1		0	
gene-phpt1	phpt1	phosphohistidine phosphatase 1	protein_coding	NC_052332.1	23284704	23289282	3	B	2	cnv,ref_divergence	0	0	1	0	1		liftoff_only	siscowet	1	2	0	0	1	gene-phpt1	1		0	
gene-pitx2	pitx2	paired-like homeodomain 2	protein_coding	NC_052311.1	20463793	20474086	5	B	2	cnv,ref_divergence	0	0	1	0	1		liftoff_only	siscowet	1	2	0	0	1	gene-pitx2	1		0	
gene-pklr	pklr	pyruvate kinase L/R	protein_coding	NC_052311.1	65263700	65286690	5	B	2	ecotype_only_corroborated,ref_divergence	0	1	0	0	1		corroborated	siscowet			1	0	2	gene-pklr	1		0	
gene-plekho2	plekho2	pleckstrin homology domain containing, family O member 2	protein_coding	NC_052336.1	4652709	4677869	1	B	2	cnv,ref_divergence	0	0	1	0	1		liftoff_only	siscowet	1	2	0	0	1	gene-plekho2	1		0	
gene-plp1b	plp1b	proteolipid protein 1b	protein_coding	NC_052309.1	25953527	25956416	5	B	2	cnv,ref_divergence	0	0	1	0	1		liftoff_only	lean	2	1	0	0	1	gene-plp1b	1		0	
gene-plppr2b	plppr2b	phospholipid phosphatase related 2b	protein_coding	NC_052345.1	6335757	6387244	4	B	2	ecotype_only_corroborated,ref_divergence	0	1	0	0	1		corroborated	siscowet			1	0	2	gene-plppr2b	1		0	
gene-plxnb2a.3	plxnb2a.3	plexin b2a, tandem duplicate 3	protein_coding	NC_052312.1	46897814	46918626	9	B	2	ecotype_only_corroborated,ref_divergence	0	1	0	0	1		corroborated	lean			1	0	2	gene-plxnb2a.3	1		0	
gene-polr2h	polr2h	RNA polymerase II, I and III subunit H	protein_coding	NC_052315.1	3913804	3916099	5	B	2	cnv,ref_divergence	0	0	1	0	1		liftoff_only	lean	2	1	0	0	1	gene-polr2h	1		0	
gene-popdc3	popdc3	popeye domain containing 3	protein_coding	NC_052311.1	58222507	58224073	2	B	2	cnv,ref_divergence	0	0	1	0	1		liftoff_only	siscowet	1	2	0	0	1	gene-popdc3	1		0	
gene-pou3f1	pou3f1	POU class 3 homeobox 1	protein_coding	NC_052343.1	8126099	8127229	5	B	2	ecotype_only_corroborated,ref_divergence	0	1	0	0	1		corroborated	siscowet			1	0	2	gene-pou3f1	1		0	
gene-pou4f2	pou4f2	POU class 4 homeobox 2	protein_coding	NC_052348.1	12664272	12667370	3	B	2	ecotype_only_corroborated,ref_divergence	0	1	0	0	1		corroborated	siscowet			1	0	2	gene-pou4f2	1		0	
gene-ppa1a	ppa1a	inorganic pyrophosphatase 1a	protein_coding	NC_052328.1	2039026	2045408	4	B	2	cnv,ref_divergence	0	0	1	0	1		liftoff_only	siscowet	1	2	0	0	1	gene-ppa1a	1		0	
gene-ppie	ppie	peptidylprolyl isomerase E (cyclophilin E)	protein_coding	NC_052334.1	30177796	30182640	5	B	2	cnv,ref_divergence	0	0	1	0	1		liftoff_only	siscowet	1	2	0	0	1	gene-ppie	1		0	
gene-ppih	ppih	peptidylprolyl isomerase H (cyclophilin H)	protein_coding	NC_052320.1	33252886	33289623	4	B	2	cnv,ref_divergence	0	0	1	0	1		liftoff_only	siscowet	1	2	0	0	1	gene-ppih	1		0	
gene-ppil4	ppil4	peptidylprolyl isomerase (cyclophilin)-like 4	protein_coding	NC_052330.1	9849189	9856625	4	B	2	cnv,ref_divergence	0	0	1	0	1		liftoff_only	siscowet	1	2	0	0	1	gene-ppil4	1		0	
gene-ppp1r7	ppp1r7	protein phosphatase 1, regulatory (inhibitor) subunit 7	protein_coding	NC_052317.1	14079912	14094692	1	B	2	cnv,ref_divergence	0	0	1	0	1		liftoff_only	siscowet	1	2	0	0	1	gene-ppp1r7	1		0	
gene-pqbp1	pqbp1	polyglutamine binding protein 1	protein_coding	NC_052322.1	20247763	20254300	5	B	2	cnv,ref_divergence	0	0	1	0	1		liftoff_only	siscowet	1	2	0	0	1	gene-pqbp1	1		0	
gene-praf2	praf2	PRA1 domain family, member 2	protein_coding	NC_052322.1	20240694	20242668	1	B	2	cnv,ref_divergence	0	0	1	0	1		liftoff_only	siscowet	1	2	0	0	1	gene-praf2	1		0	
gene-prkn	prkn	parkin RBR E3 ubiquitin protein ligase	protein_coding	NC_052328.1	13674906	13765890	17	B	2	cnv,ref_divergence	0	0	1	0	1		liftoff_only	siscowet	1	2	0	0	1	gene-prkn	1		0	
gene-prmt5	prmt5	protein arginine methyltransferase 5	protein_coding	NC_052331.1	10081736	10090335	6	B	2	cnv,ref_divergence	0	0	1	0	1		liftoff_only	siscowet	1	2	0	0	1	gene-prmt5	1		0	
gene-prrg4	prrg4	proline rich Gla (G-carboxyglutamic acid) 4 (transmembrane)	protein_coding	NC_052307.1	78812525	78817264	3	B	2	cnv,ref_divergence	0	0	1	0	1		liftoff_only	siscowet	1	2	0	0	1	gene-prrg4	1		0	1
gene-psip1a	psip1a	PC4 and SFRS1 interacting protein 1a	protein_coding	NC_052348.1	17644256	17661039	4	B	2	cnv,ref_divergence	0	0	1	0	1		liftoff_only	lean	2	1	0	0	1	gene-psip1a	1		0	
gene-qser1	qser1	glutamine and serine rich 1	protein_coding	NC_052307.1	78818848	78836210	0	B	2	cnv,ref_divergence	0	0	1	0	1		liftoff_only	siscowet	1	2	0	0	1	gene-qser1	1		0	0
gene-rab38b	rab38b	RAB38b, member of RAS oncogene family	protein_coding	NC_052318.1	136215	154176	9	B	2	ecotype_only_corroborated,ref_divergence	0	1	0	0	1		corroborated	siscowet			1	0	2	gene-rab38b	1		0	
gene-rab42b	rab42b	RAB42, member RAS oncogene family	protein_coding	NC_052343.1	2675245	2694751	2	B	2	cnv,ref_divergence	0	0	1	0	1		liftoff_only	siscowet	1	2	0	0	1	gene-rab42b	1		0	
gene-rap1gap2a	rap1gap2a	RAP1 GTPase activating protein 2a	protein_coding	NC_052329.1	34426501	34461001	5	B	2	ecotype_only_corroborated,ref_divergence	0	1	0	0	1		corroborated	siscowet			1	0	2	gene-rap1gap2a	1		0	
gene-rassf11	rassf11	Ras association domain family member 11	protein_coding	NC_052322.1	26168573	26171474	1	B	2	cnv,ref_divergence	0	0	1	0	1		liftoff_only	siscowet	1	2	0	1	1	gene-rassf11	1		0	0
gene-rbm15	rbm15	RNA binding motif protein 15	protein_coding	NC_052320.1	3828121	3831817	3	B	2	cnv,ref_divergence	0	0	1	0	1		liftoff_only	siscowet	1	2	0	0	1	gene-rbm15	1		0	
gene-rcn2	rcn2	reticulocalbin 2	protein_coding	NC_052315.1	30604902	30607369	2	B	2	cnv,ref_divergence	0	0	1	0	1		liftoff_only	siscowet	1	2	0	0	1	gene-rcn2	1		0	
gene-rdh14a	rdh14a	retinol dehydrogenase 14a	protein_coding	NC_052321.1	5878805	5883882	0	B	2	cnv,ref_divergence	0	0	1	0	1		liftoff_only	siscowet	1	2	0	0	1	gene-rdh14a	1		0	
gene-rergla	rergla	RERG/RAS-like a	protein_coding	NW_024059660.1	13163	27774	2	B	2	cnv,ref_divergence	0	0	1	0	1		liftoff_only	siscowet	1	2	0	0	1	gene-rergla	1		0	
gene-rfx1a	rfx1a	regulatory factor X, 1a (influences HLA class II expression)	protein_coding	NC_052309.1	97622529	97642589	4	B	2	cnv,ref_divergence	0	0	1	0	1		liftoff_only	siscowet	1	2	0	0	1	gene-rfx1a	1		0	
gene-rgl3a	rgl3a	ral guanine nucleotide dissociation stimulator-like 3a	protein_coding	NC_052345.1	6577708	6594632	4	B	2	cnv,ref_divergence	0	0	1	0	1		liftoff_only	siscowet	1	2	0	0	1	gene-rgl3a	1		0	
gene-rhbdl2	rhbdl2	rhomboid, veinlet-like 2 (Drosophila)	protein_coding	NC_052343.1	8523884	8539746	2	B	2	ecotype_only_corroborated,ref_divergence	0	1	0	0	1		corroborated	siscowet			1	0	2	gene-rhbdl2	1		0	
gene-rims1b	rims1b	regulating synaptic membrane exocytosis 1b	protein_coding	NC_052308.1	70069612	70180811	9	B	2	ecotype_only_corroborated,ref_divergence	0	1	0	0	1		corroborated	lean			1	0	2	gene-rims1b	1		0	
gene-rims2a	rims2a	regulating synaptic membrane exocytosis 2a	protein_coding	NC_052343.1	18693710	18921089	9	B	2	ecotype_only_corroborated,ref_divergence	0	1	0	0	1		corroborated	lean			1	0	2	gene-rims2a	1		0	
gene-riok1	riok1	RIO kinase 1 (yeast)	protein_coding	NC_052331.1	39016725	39026198	5	B	2	cnv,ref_divergence	0	0	1	0	1		liftoff_only	siscowet	1	2	0	0	1	gene-riok1	1		0	
gene-rln3a	rln3a	relaxin 3a	protein_coding	NC_052309.1	97617077	97618387	2	B	2	cnv,ref_divergence	0	0	1	0	1		liftoff_only	siscowet	1	2	0	0	1	gene-rln3a	1		0	
gene-rnaset2l	rnaset2l	ribonuclease T2, like	protein_coding	NC_052340.1	9192767	9197683	4	B	2	ecotype_only_corroborated,ref_divergence	0	1	0	0	1		corroborated	lean			1	0	2	gene-rnaset2l	1		0	
gene-rnf14	rnf14	ring finger protein 14	protein_coding	NC_052309.1	50299267	50304577	8	B	2	cnv,ref_divergence	0	0	1	0	1		liftoff_only	siscowet	1	2	0	0	1	gene-rnf14	1		0	
gene-rnf169	rnf169	ring finger protein 169	protein_coding	NC_052329.1	42032485	42044691	6	B	2	cnv,ref_divergence	0	0	1	0	1		liftoff_only	siscowet	1	2	0	0	1	gene-rnf169	1		0	
gene-rnf213a	rnf213a	ring finger protein 213a	protein_coding	NC_052309.1	86684217	86748148	9	B	2	cnv,ref_divergence	0	0	1	0	1		liftoff_only	siscowet	1	2	0	0	1	gene-rnf213a	1		0	0
gene-rnf213b	rnf213b	ring finger protein 213b	protein_coding	NC_052310.1	67068953	67151342	9	B	2	cnv,ref_divergence	0	0	1	0	1		liftoff_only	siscowet	1	2	0	0	1	gene-rnf213b	1		0	
gene-rnf34a	rnf34a	ring finger protein 34a	protein_coding	NC_052324.1	17213591	17224351	7	B	2	cnv,ref_divergence	0	0	1	0	1		liftoff_only	siscowet	1	2	0	0	1	gene-rnf34a	1		0	
gene-rock2a	rock2a	rho-associated, coiled-coil containing protein kinase 2a	protein_coding	NC_052321.1	26690282	26735541	16	B	2	cnv,ref_divergence	0	0	1	0	1		liftoff_only	siscowet	1	2	0	0	1	gene-rock2a	1		0	
gene-rps2	rps2	ribosomal protein S2	protein_coding	NC_052309.1	92623159	92625385	5	B	2	cnv,ref_divergence	0	0	1	0	1		liftoff_only	siscowet	1	2	0	0	1	gene-LOC120042831	3		0	
gene-rps24	rps24	ribosomal protein S24	protein_coding	NC_052328.1	29635691	29639966	3	B	2	cnv,ref_divergence	0	0	1	0	1		liftoff_only	lean	2	1	0	0	1	gene-rps24	1		0	
gene-rragca	rragca	Ras-related GTP binding Ca	protein_coding	NC_052343.1	8499272	8511471	9	B	2	ecotype_only_corroborated,ref_divergence	0	1	0	0	1		corroborated	siscowet			1	0	2	gene-rragca	1		0	
gene-rrh	rrh	retinal pigment epithelium-derived rhodopsin homolog	protein_coding	NC_052334.1	20515101	20519487	5	B	2	cnv,ref_divergence	0	0	1	0	1		liftoff_only	lean	2	1	0	0	1	gene-rrh	1		0	
gene-rrp15	rrp15	ribosomal RNA processing 15 homolog	protein_coding	NC_052343.1	3206364	3215750	3	B	2	cnv,ref_divergence	0	0	1	0	1		liftoff_only	siscowet	1	2	0	0	1	gene-rrp15	1		0	
gene-rspo1	rspo1	R-spondin 1	protein_coding	NC_052343.1	7955631	7966284	0	B	2	ecotype_only_corroborated,ref_divergence	0	1	0	0	1		corroborated	siscowet			1	0	2	gene-rspo1	1		0	
gene-rtraf	rtraf	RNA transcription, translation and transport factor	protein_coding	NC_052334.1	44834517	44844491	3	B	2	cnv,ref_divergence	0	0	1	0	1		liftoff_only	siscowet	1	2	0	0	1	gene-rtraf	1		0	
gene-ruvbl2	ruvbl2	RuvB-like AAA ATPase 2	protein_coding	NC_052318.1	50274607	50284161	11	B	2	cnv,ref_divergence	0	0	1	0	1		liftoff_only	siscowet	1	2	0	0	1	gene-ruvbl2	1		0	
gene-rx3	rx3	retinal homeobox gene 3	protein_coding	NC_052309.1	5225043	5227770	3	B	2	cnv,ref_divergence	0	0	1	0	1		liftoff_only	siscowet	1	2	0	0	1	gene-rx3	1		0	
gene-s100s	s100s	S100 calcium binding protein S	protein_coding	NC_052333.1	39392468	39392917	1	B	2	cnv,ref_divergence	0	0	1	0	1		liftoff_only	siscowet	1	2	0	0	1	gene-s100s	1		0	
gene-s100w	s100w	S100 calcium binding protein W	protein_coding	NC_052343.1	25695105	25696033	2	B	2	cnv,ref_divergence	0	0	1	0	1		liftoff_only	siscowet	1	2	0	0	1	gene-s100w	1		0	
gene-sar1aa	sar1aa	secretion associated, Ras related GTPase 1Aa	protein_coding	NC_052328.1	2031259	2038331	10	B	2	cnv,ref_divergence	0	0	1	0	1		liftoff_only	siscowet	1	2	0	0	1	gene-sar1aa	1		0	
gene-scamp2l	scamp2l	secretory carrier membrane protein 2, like	protein_coding	NC_052307.1	75654069	75663064	3	B	2	cnv,ref_divergence	0	0	1	0	1		liftoff_only	siscowet	1	2	0	0	1	gene-scamp2l	1		0	
gene-senp8	senp8	SUMO peptidase family member, NEDD8 specific	protein_coding	NC_052307.1	75474920	75477158	3	B	2	cnv,ref_divergence	0	0	1	0	1		liftoff_only	siscowet	1	2	0	0	1	gene-senp8	1		0	
gene-sephs1	sephs1	selenophosphate synthetase 1	protein_coding	NC_052315.1	32208439	32222526	4	B	2	cnv,ref_divergence	0	0	1	0	1		liftoff_only	siscowet	1	2	0	0	1	gene-sephs1	1		0	
gene-sft2d2b	sft2d2b	SFT2 domain containing 2b	protein_coding	NC_052346.1	17977610	17982020	2	B	2	cnv,ref_divergence	0	0	1	0	1		liftoff_only	siscowet	1	2	0	0	1	gene-sft2d2b	1		0	
gene-sh2d1ab	sh2d1ab	SH2 domain containing 1A duplicate b	protein_coding	NC_052312.1	27077755	27084265	0	B	2	cnv,ref_divergence	0	0	1	0	1		liftoff_only	siscowet	1	2	0	0	1	gene-sh2d1ab	1		0	
gene-sh3bp5lb	sh3bp5lb	SH3-binding domain protein 5-like, b	protein_coding	NC_052338.1	32657085	32672119	4	B	2	cnv,ref_divergence	0	0	1	0	1		liftoff_only	siscowet	1	2	0	0	1	gene-sh3bp5lb	1		0	
gene-shroom1	shroom1	shroom family member 1	protein_coding	NC_052309.1	50164181	50201330	6	B	2	cnv,ref_divergence	0	0	1	0	1		liftoff_only	siscowet	1	2	0	0	1	gene-shroom1	1		0	
gene-si:ch211-102l7.3	si:ch211-102l7.3	inactive serine protease PAMR1	protein_coding	NC_052307.1	82127901	82150314	3	B	2	cnv,ref_divergence	0	0	1	0	1		liftoff_only	siscowet	1	2	0	0	1	gene-si:ch211-102l7.3	1		0	
gene-si:ch211-106h11.1	si:ch211-106h11.1	volume-regulated anion channel subunit LRRC8D	protein_coding	NC_052310.1	23160446	23164073	1	B	2	ecotype_only_corroborated,ref_divergence	0	1	0	0	1		corroborated	siscowet			1	0	2	gene-si:ch211-106h11.1	1		0	
gene-si:ch211-106h11.3	si:ch211-106h11.3	CCN family member 1	protein_coding	NC_052310.1	23180152	23190280	3	B	2	ecotype_only_corroborated,ref_divergence	0	1	0	0	1		corroborated	siscowet			1	0	2	gene-si:ch211-106h11.3	1		0	
gene-si:ch211-136m16.8	si:ch211-136m16.8	myosin-14	protein_coding	NC_052319.1	8952775	8959614	0	B	2	cnv,ref_divergence	0	0	1	0	1		liftoff_only	siscowet	1	2	0	0	1	gene-si:ch211-136m16.8	1		0	
gene-si:ch211-140l13.3	si:ch211-140l13.3	centromere protein J	protein_coding	NC_052330.1	12871803	12907100	6	B	2	cnv,ref_divergence	0	0	1	0	1		liftoff_only	siscowet	1	3	0	0	1	gene-si:ch211-140l13.3	1		0	
gene-si:ch211-156l18.8	si:ch211-156l18.8	probable G-protein coupled receptor 158	protein_coding	NC_052345.1	14233149	14249566	3	B	2	ecotype_only_corroborated,ref_divergence	0	1	0	0	1		corroborated	siscowet			1	0	2	gene-si:ch211-156l18.8	1		0	
gene-si:ch211-194b1.1	si:ch211-194b1.1	protein Wiz	protein_coding	NC_052310.1	22959192	22980046	4	B	2	ecotype_only_corroborated,ref_divergence	0	1	0	0	1		corroborated	siscowet			1	0	2	gene-si:ch211-194b1.1	1		0	
gene-si:ch73-60h1.1	si:ch73-60h1.1	calcium/calmodulin-dependent protein kinase type IV	protein_coding	NC_052315.1	11843201	11867925	4	B	2	cnv,ref_divergence	0	0	1	0	1		liftoff_only	siscowet	1	2	0	0	1	gene-si:ch73-60h1.1	1		0	
gene-si:dkey-11p23.7	si:dkey-11p23.7	V-set and Ig domain-containing protein	protein_coding	NC_052343.1	31199748	31204964	4	B	2	cnv,ref_divergence	0	0	1	0	1		liftoff_only	siscowet	1	2	0	0	1	gene-si:dkey-11p23.7	1		0	
gene-si:dkey-22i16.7	si:dkey-22i16.7	skin secretory protein xP2	protein_coding	NC_052307.1	68290470	68291107	0	B	2	ecotype_only_corroborated,ref_divergence	0	1	0	0	1		corroborated	lean			1	0	2	gene-si:dkey-22i16.7	1		0	
gene-si:dkey-237i9.8	si:dkey-237i9.8	platelet endothelial cell adhesion molecule	protein_coding	NC_052345.1	15076690	15090384	3	B	2	ecotype_only_corroborated,ref_divergence	0	1	0	0	1		corroborated	siscowet			1	0	2	gene-si:dkey-237i9.8	1		0	
gene-si:dkey-243k1.3	si:dkey-243k1.3	endonuclease domain-containing 1 protein-like	protein_coding	NC_052340.1	11710619	11712377	3	B	2	cnv,ref_divergence	0	0	1	0	1		liftoff_only	siscowet	1	2	0	0	1	gene-si:dkey-243k1.3	1		0	
gene-si:dkey-34d22.1	si:dkey-34d22.1	discoidin, CUB and LCCL domain-containing protein 1	protein_coding	NC_052343.1	2639615	2669765	0	B	2	cnv,ref_divergence	0	0	1	0	1		liftoff_only	siscowet	1	2	0	0	1	gene-si:dkey-34d22.1	1		0	
gene-si:dkey-43k4.5	si:dkey-43k4.5	potassium voltage-gated channel subfamily S member 1	protein_coding	NC_052326.1	3158721	3164834	7	B	2	cnv,ref_divergence	0	0	1	0	1		liftoff_only	siscowet	1	2	0	0	1	gene-si:dkey-43k4.5	1		0	
gene-si:dkey-6n21.12	si:dkey-6n21.12	schwannomin-interacting protein 1	protein_coding	NC_052312.1	23296509	23314595	3	B	2	cnv,ref_divergence	0	0	1	0	1		liftoff_only	siscowet	1	2	0	0	1	gene-si:dkey-6n21.12	1		0	
gene-si:dkey-6n21.13	si:dkey-6n21.13	P2Y purinoceptor 3	protein_coding	NC_052312.1	23320011	23321562	4	B	2	cnv,ref_divergence	0	0	1	0	1		liftoff_only	siscowet	1	2	0	0	1	gene-si:dkey-6n21.13	1		0	
gene-si:dkey-8e10.3	si:dkey-8e10.3	serine/threonine-protein kinase SBK1	protein_coding	NC_052320.1	26294657	26302004	4	B	2	cnv,ref_divergence	0	0	1	0	1		liftoff_only	lean	2	1	0	0	1	gene-si:dkey-8e10.3	1		0	
gene-siglec15l	siglec15l	sialic acid binding Ig-like lectin 15, like	protein_coding	NC_052343.1	31208671	31213900	4	B	2	cnv,ref_divergence	0	0	1	0	1		liftoff_only	siscowet	1	2	0	0	1	gene-siglec15l	1		0	
gene-six1a	six1a	SIX homeobox 1a	protein_coding	NC_052334.1	23224055	23226105	5	B	2	cnv,ref_divergence	0	0	1	0	1		liftoff_only	siscowet	1	2	0	0	1	gene-six4a	3		0	
gene-slc1a2a	slc1a2a	solute carrier family 1 member 2a	protein_coding	NC_052307.1	82102549	82111785	5	B	2	cnv,ref_divergence	0	0	1	0	1		liftoff_only	lean	2	1	0	0	1	gene-slc1a2a	1		0	
gene-slc24a5	slc24a5	solute carrier family 24 member 5	protein_coding	NW_024060120.1	118930	138941	6	B	2	ecotype_only_corroborated,ref_divergence	0	1	0	0	1		corroborated	lean			0	1	2	gene-slc24a5	2		0	0
gene-slc25a19	slc25a19	solute carrier family 25 member 19	protein_coding	NC_052309.1	92545923	92554807	3	B	2	cnv,ref_divergence	0	0	1	0	1		liftoff_only	siscowet	1	2	0	0	1	gene-slc25a19	1		0	
gene-slc30a4	slc30a4	solute carrier family 30 member 4	protein_coding	NC_052336.1	7351305	7367904	4	B	2	cnv,ref_divergence	0	0	1	0	1		liftoff_only	siscowet	1	2	0	0	1	gene-slc30a4	1		0	
gene-slc39a13	slc39a13	solute carrier family 39 member 13	protein_coding	NC_052307.1	68213732	68224397	4	B	2	ecotype_only_corroborated,ref_divergence	0	1	0	0	1		corroborated	lean			1	0	2	gene-slc39a13	1		0	
gene-slc44a2	slc44a2	solute carrier family 44 member 2	protein_coding	NC_052345.1	6617769	6639705	4	B	2	cnv,ref_divergence	0	0	1	0	1		liftoff_only	siscowet	1	2	0	0	1	gene-slc44a2	1		0	
gene-slc6a22.2	slc6a22.2	solute carrier family 6 member 22, tandem duplicate 2	protein_coding	NC_052326.1	37108607	37132355	2	B	2	cnv,ref_divergence	0	0	1	0	1		liftoff_only	siscowet	1	2	0	0	1	gene-slc6a22.2	1		0	
gene-slc7a8b	slc7a8b	solute carrier family 7 member 8b	protein_coding	NC_052331.1	10094071	10099693	4	B	2	cnv,ref_divergence	0	0	1	0	1		liftoff_only	siscowet	1	2	0	0	1	gene-slc7a8b	1		0	
gene-slc8a2b	slc8a2b	solute carrier family 8 member 2b	protein_coding	NC_052340.1	12186748	12216406	7	B	2	ecotype_only_corroborated,ref_divergence	0	1	0	0	1		corroborated	lean			1	0	2	gene-slc8a2b	1		0	
gene-slc9a1a	slc9a1a	solute carrier family 9 member A1a	protein_coding	NC_052311.1	46042737	46101229	5	B	2	ecotype_only_corroborated,ref_divergence	0	1	0	0	1		corroborated	siscowet			1	0	2	gene-slc9a1a	1		0	
gene-smim18	smim18	small integral membrane protein 18	protein_coding	NC_052314.1	4021172	4024284	0	B	2	ecotype_only_corroborated,ref_divergence	0	1	0	0	1		corroborated	siscowet			1	0	2	gene-LOC120052315	2		0	
gene-snd1	snd1	staphylococcal nuclease and tudor domain containing 1	protein_coding	NC_052312.1	44312107	44624458	7	B	2	ecotype_only_corroborated,ref_divergence	0	1	0	0	1		corroborated	siscowet			1	1	3	gene-snd1	1		0	1
gene-snrnp40	snrnp40	small nuclear ribonucleoprotein 40 (U5)	protein_coding	NC_052333.1	16113611	16120173	3	B	2	ecotype_only_corroborated,ref_divergence	0	1	0	0	1		corroborated	siscowet			1	0	2	gene-snrnp40	1		0	
gene-snrpa1	snrpa1	small nuclear ribonucleoprotein polypeptide A'	protein_coding	NC_052307.1	79317212	79320660	4	B	2	cnv,ref_divergence	0	0	1	0	1		liftoff_only	siscowet	1	3	0	0	1	gene-snrpa1	1		0	
gene-snx1a	snx1a	sorting nexin 1a	protein_coding	NC_052327.1	9773007	9787002	5	B	2	cnv,ref_divergence	0	0	1	0	1		liftoff_only	siscowet	1	2	0	0	1	gene-snx1a	2		0	
gene-sobpa	sobpa	sine oculis binding protein homolog (Drosophila) a	protein_coding	NC_052321.1	26743007	26778348	2	B	2	cnv,ref_divergence	0	0	1	0	1		liftoff_only	siscowet	1	2	0	0	1	gene-sobpa	1		0	
gene-sp7	sp7	Sp7 transcription factor	protein_coding	NC_052308.1	1614325	1617628	3	B	2	ecotype_only_corroborated,ref_divergence	0	1	0	0	1		corroborated	lean			1	0	2	gene-sp7	1		0	
gene-sp8b	sp8b	sp8 transcription factor b	protein_coding	NC_052311.1	70053143	70055035	3	B	2	cnv,ref_divergence	0	0	1	0	1		liftoff_only	siscowet	1	2	0	0	1	gene-sp8b	1		0	
gene-spag9a	spag9a	sperm associated antigen 9a	protein_coding	NC_052309.1	92420717	92470069	6	B	2	ecotype_only_corroborated,ref_divergence	0	1	0	0	1		corroborated	siscowet			1	0	2	gene-spag9a	1		0	
gene-spata1	spata1	spermatogenesis associated 1	protein_coding	NC_052316.1	1710369	1723504	0	B	2	cnv,ref_divergence	0	0	1	0	1		liftoff_only	siscowet	1	3	0	0	1	gene-spata1	1		0	
gene-spata6l	spata6l	spermatogenesis associated 6-like	protein_coding	NC_052312.1	10895055	10901822	3	B	2	cnv,ref_divergence	0	0	1	0	1		liftoff_only	siscowet	1	2	0	0	1	gene-spata6l	1		0	
gene-spcs2	spcs2	signal peptidase complex subunit 2	protein_coding	NC_052329.1	42051845	42057998	4	B	2	cnv,ref_divergence	0	0	1	0	1		liftoff_only	siscowet	1	2	0	0	1	gene-spcs2	1		0	
gene-srebf1	srebf1	sterol regulatory element binding transcription factor 1	protein_coding	NC_052309.1	92754526	92784215	5	B	2	cnv,ref_divergence	0	0	1	0	1		liftoff_only	siscowet	1	2	0	1	1	gene-srebf1	1		0	1
gene-srl	srl	sarcalumenin	protein_coding	NW_024060042.1	58771	87941	1	B	2	ecotype_only_corroborated,ref_divergence	0	1	0	0	1		corroborated	lean			0	1	2	gene-srl	1		0	0
gene-srsf1a	srsf1a	serine and arginine rich splicing factor 1a	protein_coding	NC_052340.1	17992371	18004773	4	B	2	cnv,ref_divergence	0	0	1	0	1		liftoff_only	siscowet	1	2	0	0	1	gene-srsf1a	1		0	
gene-sst6	sst6	somatostatin 6	protein_coding	NC_052320.1	24560144	24561151	4	B	2	cnv,ref_divergence	0	0	1	0	1		liftoff_only	siscowet	1	2	0	0	1	gene-sst6	1		0	
gene-st6galnac	st6galnac	ST6 (alpha-N-acetyl-neuraminyl-2,3-beta-galactosyl-1,3)-N-acetylgalactosaminide alpha-2,6-sialyltransferase	protein_coding	NC_052310.1	67189295	67210359	2	B	2	cnv,ref_divergence	0	0	1	0	1		liftoff_only	siscowet	1	2	0	0	1	gene-st6galnac	1		0	
gene-stk16	stk16	serine/threonine kinase 16	protein_coding	NC_052346.1	18268573	18281221	5	B	2	cnv,ref_divergence	0	0	1	0	1		liftoff_only	lean	2	1	0	0	1	gene-stk16	1		0	
gene-sumf2	sumf2	sulfatase modifying factor 2	protein_coding	NC_052332.1	36022264	36030687	1	B	2	ecotype_only_corroborated,ref_divergence	0	1	0	0	1		corroborated	siscowet			1	0	2	gene-sumf2	1		0	
gene-taf10	taf10	TAF10 RNA polymerase II, TATA box binding protein (TBP)-associated factor	protein_coding	NC_052320.1	33289760	33291691	7	B	2	cnv,ref_divergence	0	0	1	0	1		liftoff_only	siscowet	1	2	0	0	1	gene-taf10	1		0	
gene-taf12	taf12	TAF12 RNA polymerase II, TATA box binding protein (TBP)-associated factor	protein_coding	NC_052343.1	2670009	2675248	8	B	2	cnv,ref_divergence	0	0	1	0	1		liftoff_only	siscowet	1	2	0	0	1	gene-taf12	1		0	
gene-tardbpa	tardbpa	TAR DNA binding protein a	protein_coding	NC_052320.1	24569511	24574006	3	B	2	cnv,ref_divergence	0	0	1	0	1		liftoff_only	siscowet	1	2	0	0	1	gene-tardbpa	1		0	
gene-tax1bp1b	tax1bp1b	Tax1 (human T-cell leukemia virus type I) binding protein 1b	protein_coding	NC_052343.1	28002981	28044467	0	B	2	ecotype_only_corroborated,ref_divergence	0	1	0	0	1		corroborated	lean			1	0	2	gene-tax1bp1b	1		0	
gene-tbl3	tbl3	transducin beta like 3	protein_coding	NC_052309.1	92630967	92658538	7	B	2	cnv,ref_divergence	0	0	1	0	1		liftoff_only	siscowet	1	2	0	0	1	gene-tbl3	1		0	1
gene-tbx19	tbx19	T-box transcription factor 19	protein_coding	NC_052346.1	17967322	17973158	8	B	2	cnv,ref_divergence	0	0	1	0	1		liftoff_only	siscowet	1	2	0	0	1	gene-tbx19	1		0	
gene-tefm	tefm	transcription elongation factor, mitochondrial	protein_coding	NC_052308.1	66414488	66416893	5	B	2	ecotype_only_corroborated,ref_divergence	0	1	0	0	1		corroborated	siscowet			1	0	2	gene-tefm	1		0	
gene-terf1	terf1	telomeric repeat binding factor (NIMA-interacting) 1	protein_coding	NC_052339.1	34782492	34799497	5	B	2	ecotype_only_corroborated,ref_divergence	0	1	0	0	1		corroborated	siscowet			1	0	2	gene-terf1	1		0	
gene-terfa	terfa	telomeric repeat binding factor a	protein_coding	NC_052307.1	83747361	83751674	14	B	2	cnv,ref_divergence	0	0	1	0	1		liftoff_only	siscowet	1	2	0	0	1	gene-terfa	1		0	
gene-tex10	tex10	testis expressed 10	protein_coding	NC_052343.1	31437146	31458149	2	B	2	ecotype_only_corroborated,ref_divergence	0	1	0	0	1		corroborated	lean			0	1	2	gene-tex10	1		0	2
gene-thrap3a	thrap3a	thyroid hormone receptor associated protein 3a	protein_coding	NC_052343.1	7573924	7600537	4	B	2	ecotype_only_corroborated,ref_divergence	0	1	0	0	1		corroborated	siscowet			1	0	2	gene-thrap3a	1		0	
gene-thtpa	thtpa	thiamine triphosphatase	protein_coding	NC_052313.1	18411330	18413519	5	B	2	cnv,ref_divergence	0	0	1	0	1		liftoff_only	siscowet	1	2	0	0	1	gene-thtpa	1		0	
gene-timm50	timm50	translocase of inner mitochondrial membrane 50 homolog (S. cerevisiae)	protein_coding	NC_052340.1	9092978	9122849	1	B	2	ecotype_only_corroborated,ref_divergence	0	1	0	0	1		corroborated	lean			1	0	2	gene-timm50	1		0	
gene-tjp1a	tjp1a	tight junction protein 1a	protein_coding	NC_052307.1	59612405	59696301	8	B	2	ecotype_only_corroborated,ref_divergence	0	1	0	0	1		corroborated	lean			1	0	2	gene-tjp1a	1		0	
gene-tmeff1a	tmeff1a	transmembrane protein with EGF-like and two follistatin-like domains 1a	protein_coding	NC_052317.1	2454094	2566060	1	B	2	cnv,ref_divergence	0	0	1	0	1		liftoff_only	siscowet	1	2	0	0	1	gene-tmeff1a	1		0	
gene-tmem121aa	tmem121aa	transmembrane protein 121Aa	protein_coding	NC_052334.1	9875106	9877215	0	B	2	ecotype_only_corroborated,ref_divergence	0	1	0	0	1		corroborated	lean			1	0	2	gene-tmem121aa	1		0	
gene-tmem138	tmem138	transmembrane protein 138	protein_coding	NC_052327.1	48996982	49000141	1	B	2	ecotype_only_corroborated,ref_divergence	0	1	0	0	1		corroborated	siscowet			1	0	2	gene-tmem258	2		0	
gene-tmem220	tmem220	transmembrane protein 220	protein_coding	NC_052347.1	16762843	16764910	0	B	2	ecotype_only_corroborated,ref_divergence	0	1	0	0	1		corroborated	siscowet			1	0	2	gene-tmem220	1		0	
gene-tmem240a	tmem240a	transmembrane protein 240a	protein_coding	NC_052322.1	25977963	25997856	0	B	2	cnv,ref_divergence	0	0	1	0	1		liftoff_only	siscowet	1	2	0	0	1	gene-tmem240a	1		0	
gene-tmem244	tmem244	transmembrane protein 244	protein_coding	NC_052335.1	22575722	22578000	0	B	2	cnv,ref_divergence	0	0	1	0	1		liftoff_only	siscowet	1	2	0	0	1	gene-tmem244	1		0	
gene-tmem63c	tmem63c	transmembrane protein 63C	protein_coding	NC_052334.1	25227838	25245010	2	B	2	cnv,ref_divergence	0	0	1	0	1		liftoff_only	siscowet	1	2	0	0	1	gene-tmem63c	1		0	
gene-tmub1	tmub1	transmembrane and ubiquitin-like domain containing 1	protein_coding	NC_052317.1	5261096	5275833	2	B	2	cnv,ref_divergence	0	0	1	0	1		liftoff_only	siscowet	1	2	0	0	1	gene-tmub1	1		0	
gene-tnfaip8l2b	tnfaip8l2b	tumor necrosis factor, alpha-induced protein 8-like 2b	protein_coding	NC_052311.1	50411071	50417074	2	B	2	ecotype_only_corroborated,ref_divergence	0	1	0	0	1		corroborated	siscowet			1	0	2	gene-tnfaip8l2b	1		0	
gene-tnnt2c	tnnt2c	troponin T2c, cardiac	protein_coding	NC_052344.1	17370151	17370990	7	B	2	ecotype_only_corroborated,ref_divergence	0	1	0	0	1		corroborated	siscowet			1	0	2	gene-tnnt2c	1		0	
gene-tpgs2	tpgs2	tubulin polyglutamylase complex subunit 2	protein_coding	NC_052308.1	45089466	45097825	1	B	2	cnv,ref_divergence	0	0	1	0	1		liftoff_only	siscowet	1	2	0	0	1	gene-tpgs2	1		0	
gene-tpra	tpra	translocated promoter region a, nuclear basket protein	protein_coding	NC_052331.1	29821634	29847326	4	B	2	ecotype_only_corroborated,ref_divergence	0	1	0	0	1		corroborated	lean			1	0	2	gene-tpra	1		0	
gene-traf6	traf6	TNF receptor-associated factor 6	protein_coding	NC_052307.1	81691836	81695072	10	B	2	cnv,ref_divergence	0	0	1	0	1		liftoff_only	siscowet	1	2	0	0	1	gene-traf6	1		0	
gene-trak1a	trak1a	trafficking protein, kinesin binding 1a	protein_coding	NC_052343.1	29134236	29159236	5	B	2	cnv,ref_divergence	0	0	1	0	1		liftoff_only	lean	2	1	0	0	1	gene-trak1a	1		0	
gene-trap1	trap1	TNF receptor-associated protein 1	protein_coding	NC_052309.1	84212087	84227821	7	B	2	cnv,ref_divergence	0	0	1	0	1		liftoff_only	siscowet	1	2	0	0	1	gene-trap1	1		0	
gene-tsg101a	tsg101a	tumor susceptibility 101a	protein_coding	NC_052327.1	2968537	2993280	5	B	2	cnv,ref_divergence	0	0	1	0	1		liftoff_only	siscowet	1	2	0	0	1	gene-tsg101a	1		0	
gene-ttc12	ttc12	tetratricopeptide repeat domain 12	protein_coding	NC_052329.1	40783305	40825282	1	B	2	cnv,ref_divergence	0	0	1	0	1		liftoff_only	siscowet	1	2	0	0	1	gene-ttc12	1		0	
gene-ttc13	ttc13	tetratricopeptide repeat domain 13	protein_coding	NC_052335.1	20021195	20044829	1	B	2	cnv,ref_divergence	0	0	1	0	1		liftoff_only	lean	2	1	0	0	1	gene-ttc13	1		0	
gene-tusc3	tusc3	tumor suppressor candidate 3	protein_coding	NC_052348.1	19785674	19850394	2	B	2	ecotype_only_corroborated,ref_divergence	0	1	0	0	1		corroborated	lean			1	0	2	gene-tusc3	1		0	
gene-tut1	tut1	terminal uridylyl transferase 1, U6 snRNA-specific	protein_coding	NC_052310.1	16493823	16499947	4	B	2	cnv,ref_divergence	0	0	1	0	1		liftoff_only	siscowet	1	2	0	0	1	gene-tut1	1		0	
gene-twist1b	twist1b	twist family bHLH transcription factor 1b	protein_coding	NC_052311.1	70176932	70178621	5	B	2	cnv,ref_divergence	0	0	1	0	1		liftoff_only	lean	2	1	0	0	1	gene-twist1b	1		0	1
gene-txnrd2.2	txnrd2.2	thioredoxin reductase 2, tandem duplicate 2	protein_coding	NC_052307.1	33258823	33286681	8	B	2	cnv,ref_divergence	0	0	1	0	1		liftoff_only	siscowet	1	2	0	0	1	gene-txnrd2.2	1		0	
gene-ube2e2	ube2e2	ubiquitin-conjugating enzyme E2E 2	protein_coding	NC_052343.1	11130378	11177179	3	B	2	ecotype_only_corroborated,ref_divergence	0	1	0	0	1		corroborated	siscowet			1	0	2	gene-LOC120031219	2		0	
gene-usp25	usp25	ubiquitin specific peptidase 25	protein_coding	NC_052318.1	30781721	30868726	7	B	2	ecotype_only_corroborated,ref_divergence	0	1	0	0	1		corroborated	siscowet			1	0	2	gene-usp25	1		0	
gene-usp40	usp40	ubiquitin specific peptidase 40	protein_coding	NC_052313.1	48514473	48545109	5	B	2	ecotype_only_corroborated,ref_divergence	0	1	0	0	1		corroborated	siscowet			1	0	2	gene-usp40	1		0	
gene-vash1	vash1	vasohibin 1	protein_coding	NC_052334.1	26557478	26566021	2	B	2	cnv,ref_divergence	0	0	1	0	1		liftoff_only	siscowet	1	2	0	0	1	gene-vash1	1		0	
gene-vax1	vax1	ventral anterior homeobox 1	protein_coding	NC_052328.1	16475782	16482713	6	B	2	cnv,ref_divergence	0	0	1	0	1		liftoff_only	siscowet	1	2	0	0	1	gene-vax1	1		0	
gene-vgf	vgf	VGF nerve growth factor inducible	protein_coding	NC_052312.1	22957990	22985991	1	B	2	cnv,ref_divergence	0	0	1	0	1		liftoff_only	siscowet	1	2	0	1	1	gene-vgf	1		0	0
gene-vps52	vps52	VPS52 subunit of GARP complex	protein_coding	NC_052333.1	30172470	30183896	6	B	2	cnv,ref_divergence	0	0	1	0	1		liftoff_only	siscowet	1	2	0	0	1	gene-vps52	1		0	
gene-vps72a	vps72a	vacuolar protein sorting 72 homolog a	protein_coding	NC_052333.1	36728745	36756731	4	B	2	cnv,ref_divergence	0	0	1	0	1		liftoff_only	siscowet	1	2	0	0	1	gene-vps72a	1		0	
gene-vwa11	vwa11	von Willebrand factor A domain containing 11	protein_coding	NC_052348.1	22660379	22672073	0	B	2	cnv,ref_divergence	0	0	1	0	1		liftoff_only	siscowet	1	2	0	0	1	gene-vwa11	1		0	
gene-wdr35	wdr35	WD repeat domain 35	protein_coding	NC_052321.1	5696284	5755428	6	B	2	cnv,ref_divergence	0	0	1	0	1		liftoff_only	siscowet	1	2	0	0	1	gene-wdr35	1		0	
gene-wdr76	wdr76	WD repeat domain 76	protein_coding	NC_052336.1	3702845	3713638	4	B	2	cnv,ref_divergence	0	0	1	0	1		liftoff_only	siscowet	1	2	0	0	1	gene-wdr76	1		0	
gene-wdr93	wdr93	WD repeat domain 93	protein_coding	NW_024058633.1	18491	20344	0	B	2	cnv,ref_divergence	0	0	1	0	1		liftoff_only	lean	2	1	0	0	1	gene-wdr93	1		0	
gene-wu:fb95e10	wu:fb95e10	mucin-19	protein_coding	NC_052310.1	23011949	23041577	0	B	2	ecotype_only_corroborated,ref_divergence	0	1	0	0	1		corroborated	siscowet			1	0	2	gene-wu:fb95e10	1		0	
gene-zmp:0000001174	zmp:0000001174	retinoic acid-induced protein 2	protein_coding	NC_052346.1	20580130	20602420	2	B	2	cnv,ref_divergence	0	0	1	0	1		liftoff_only	siscowet	1	2	0	0	1	gene-zmp:0000001174	1		0	
gene-LOC120017443	LOC120017443	polymeric immunoglobulin receptor-like	protein_coding	NC_052328.1	28728514	28739775	0	B	2	ecotype_only_corroborated,ref_divergence	0	1	0	0	1		corroborated	siscowet			0	1	2	gene-LOC120017824	3	repeat_or_tandem_family	0	0
gene-LOC120017450	LOC120017450	uncharacterized LOC120017450	lncRNA	NC_052328.1	1567170	1570140	0	B	2	ecotype_only_corroborated,ref_divergence	0	1	0	0	1		corroborated	lean			1	0	2	gene-LOC120017450	10	noncoding;repeat_or_tandem_family;tandem_cluster_n10	0	
gene-LOC120017640	LOC120017640	uncharacterized LOC120017640	protein_coding	NC_052308.1	71669158	71669940	0	B	2	cnv,ref_divergence	0	0	1	0	1		liftoff_only	lean	2	1	0	0	1	gene-LOC120017640	1	repeat_or_tandem_family	0	
gene-LOC120017684	LOC120017684	histone-arginine methyltransferase CARM1-like	protein_coding	NC_052308.1	71860540	71874353	2	B	2	cnv,ref_divergence	0	0	1	0	1		liftoff_only	siscowet	1	2	0	0	1	gene-LOC120017684	1	repeat_or_tandem_family	0	
gene-LOC120017751	LOC120017751	neurofilament heavy polypeptide-like	protein_coding	NC_052328.1	30265790	30273538	6	B	2	ecotype_only_corroborated,ref_divergence	0	1	0	0	1		corroborated	lean			1	0	2	gene-LOC120017751	6	tandem_cluster_n6	0	
gene-LOC120017755	LOC120017755	catechol O-methyltransferase domain-containing protein 1-like	protein_coding	NC_052328.1	30329466	30340442	2	B	2	ecotype_only_corroborated,ref_divergence	0	1	0	0	1		corroborated	lean			1	0	2	gene-LOC120017754	5	tandem_cluster_n5	0	
gene-LOC120017787	LOC120017787	uncharacterized LOC120017787	lncRNA	NC_052328.1	1469515	1470462	0	B	2	cnv,ref_divergence	0	0	1	0	1		liftoff_only	lean	6	1	0	0	1	gene-LOC120017787	3	noncoding;repeat_or_tandem_family	0	
gene-LOC120017807	LOC120017807	uncharacterized LOC120017807	lncRNA	NC_052308.1	72237090	72240582	0	B	2	cnv,ref_divergence	0	0	1	0	1		liftoff_only	siscowet	1	7	0	0	1	gene-LOC120017807	1	noncoding;repeat_or_tandem_family	0	
gene-LOC120017821	LOC120017821	polymeric immunoglobulin receptor-like	protein_coding	NC_052328.1	28535819	28551690	2	B	2	ecotype_only_corroborated,ref_divergence	0	1	0	0	1		corroborated	siscowet			1	0	2	gene-LOC120017784	3	repeat_or_tandem_family	0	
gene-LOC120017826	LOC120017826	polymeric immunoglobulin receptor-like	protein_coding	NC_052328.1	28782801	28790438	0	B	2	cnv,ref_divergence	0	0	1	0	1		liftoff_only	siscowet	1	2	0	0	1	gene-LOC120017824	3	repeat_or_tandem_family	0	
gene-LOC120017841	LOC120017841	neurofilament medium polypeptide-like	protein_coding	NC_052328.1	30352522	30353433	6	B	2	ecotype_only_corroborated,ref_divergence	0	1	0	0	1		corroborated	lean			1	0	2	gene-LOC120017751	6	tandem_cluster_n6	0	
gene-LOC120017851	LOC120017851	histone H1-like	protein_coding	NC_052308.1	72301338	72302027	4	B	2	cnv,ref_divergence	0	0	1	0	1		liftoff_only	siscowet	1	3	0	0	1	gene-LOC120017900	19	repeat_or_tandem_family;tandem_cluster_n19	0	
gene-LOC120017871	LOC120017871	uncharacterized LOC120017871	lncRNA	NC_052328.1	1662141	1663506	0	B	2	ecotype_only_corroborated,ref_divergence	0	1	0	0	1		corroborated	lean			1	0	2	gene-LOC120017450	10	noncoding;repeat_or_tandem_family;tandem_cluster_n10	0	
gene-LOC120017876	LOC120017876	uncharacterized LOC120017876	lncRNA	NC_052328.1	1605270	1607184	0	B	2	cnv,ref_divergence	0	0	1	0	1		liftoff_only	lean	2	1	0	0	1	gene-LOC120017450	10	noncoding;repeat_or_tandem_family;tandem_cluster_n10	0	
gene-LOC120017877	LOC120017877	uncharacterized LOC120017877	lncRNA	NC_052328.1	1594048	1595413	0	B	2	ecotype_only_corroborated,ref_divergence	0	1	0	0	1		corroborated	lean			1	0	2	gene-LOC120017450	10	noncoding;repeat_or_tandem_family;tandem_cluster_n10	0	
gene-LOC120017878	LOC120017878	uncharacterized LOC120017878	lncRNA	NC_052328.1	1608851	1610054	0	B	2	cnv,ref_divergence	0	0	1	0	1		liftoff_only	lean	4	1	0	0	1	gene-LOC120017450	10	noncoding;repeat_or_tandem_family;tandem_cluster_n10	0	
gene-LOC120017881	LOC120017881	histone H2A	protein_coding	NC_052308.1	72302622	72303026	4	B	2	cnv,ref_divergence	0	0	1	0	1		liftoff_only	siscowet	1	3	0	0	1	gene-LOC120017900	19	repeat_or_tandem_family;tandem_cluster_n19	0	
gene-LOC120017885	LOC120017885	uncharacterized LOC120017885	lncRNA	NC_052328.1	4394593	4395660	0	B	2	cnv,ref_divergence	0	0	1	0	1		liftoff_only	siscowet	1	2	0	0	1	gene-LOC120017886	2	noncoding;repeat_or_tandem_family	0	
gene-LOC120017900	LOC120017900	histone H2B	protein_coding	NC_052308.1	72299678	72300231	4	B	2	cnv,ref_divergence	0	0	1	0	1		liftoff_only	siscowet	1	2	0	0	1	gene-LOC120017900	19	repeat_or_tandem_family;tandem_cluster_n19	0	
gene-LOC120017908	LOC120017908	uncharacterized LOC120017908	protein_coding	NC_052328.1	13766124	13787927	1	B	2	cnv,ref_divergence	0	0	1	0	1		liftoff_only	siscowet	1	2	0	0	1	gene-LOC120017908	1	repeat_or_tandem_family	0	
gene-LOC120017911	LOC120017911	histone H2B	protein_coding	NC_052308.1	72316950	72317324	4	B	2	cnv,ref_divergence	0	0	1	0	1		liftoff_only	siscowet	4	8	0	0	1	gene-LOC120017900	19	repeat_or_tandem_family;tandem_cluster_n19	0	
gene-LOC120017951	LOC120017951	histone H1-like	protein_coding	NC_052308.1	72419108	72419788	4	B	2	cnv,ref_divergence	0	0	1	0	1		liftoff_only	siscowet	4	6	0	0	1	gene-LOC120017900	19	repeat_or_tandem_family;tandem_cluster_n19	0	
gene-LOC120017989	LOC120017989	uncharacterized LOC120017989	lncRNA	NC_052328.1	1585428	1587341	0	B	2	ecotype_only_corroborated,ref_divergence	0	1	0	0	1		corroborated	lean			1	0	2	gene-LOC120017450	10	noncoding;repeat_or_tandem_family;tandem_cluster_n10	0	
gene-LOC120017990	LOC120017990	uncharacterized LOC120017990	lncRNA	NC_052328.1	1654068	1655981	0	B	2	ecotype_only_corroborated,ref_divergence	0	1	0	0	1		corroborated	lean			1	0	2	gene-LOC120017450	10	noncoding;repeat_or_tandem_family;tandem_cluster_n10	0	
gene-LOC120017992	LOC120017992	histone H2A	protein_coding	NC_052308.1	72418069	72418455	4	B	2	ecotype_only_corroborated,ref_divergence	0	1	0	0	1		corroborated	siscowet			1	0	2	gene-LOC120017900	19	repeat_or_tandem_family;tandem_cluster_n19	0	
gene-LOC120018041	LOC120018041	histone H2B	protein_coding	NC_052308.1	72375271	72375689	4	B	2	cnv,ref_divergence	0	0	1	0	1		liftoff_only	siscowet	2	10	0	0	1	gene-LOC120017900	19	repeat_or_tandem_family;tandem_cluster_n19	0	
gene-LOC120018058	LOC120018058	histone H4	protein_coding	NC_052308.1	72422120	72422441	5	B	2	cnv,ref_divergence	0	0	1	0	1		liftoff_only	siscowet	6	11	0	0	1	gene-LOC120017900	19	repeat_or_tandem_family;tandem_cluster_n19	0	
gene-LOC120018242	LOC120018242	uncharacterized LOC120018242	lncRNA	NC_052308.1	73775404	73776118	0	B	2	cnv,ref_divergence	0	0	1	0	1		liftoff_only	siscowet	1	9	0	0	1	gene-LOC120018242	1	noncoding;repeat_or_tandem_family	0	
gene-LOC120018277	LOC120018277	uncharacterized LOC120018277	lncRNA	NC_052308.1	74368805	74371076	0	B	2	cnv,ref_divergence	0	0	1	0	1		liftoff_only	lean	2	1	0	1	1	gene-LOC120018277	1	noncoding;repeat_or_tandem_family	0	2
gene-LOC120018306	LOC120018306	uncharacterized LOC120018306	lncRNA	NC_052308.1	75212088	75215275	0	B	2	cnv,ref_divergence	0	0	1	0	1		liftoff_only	siscowet	1	2	0	0	1	gene-LOC120018306	1	noncoding;repeat_or_tandem_family	0	
gene-LOC120018348	LOC120018348	uncharacterized LOC120018348	protein_coding	NC_052308.1	77185281	77204841	4	B	2	ecotype_only_corroborated,ref_divergence	0	1	0	0	1		corroborated	lean			1	0	2	gene-LOC120019248	3	repeat_or_tandem_family	0	
gene-LOC120018473	LOC120018473	uncharacterized LOC120018473	lncRNA	NC_052329.1	44234266	44244292	0	B	2	cnv,ref_divergence	0	0	1	0	1		liftoff_only	siscowet	1	2	0	0	1	gene-LOC120018473	1	noncoding;repeat_or_tandem_family	0	
gene-LOC120018521	LOC120018521	uromodulin-like	protein_coding	NC_052308.1	77477637	77490600	5	B	2	cnv,ref_divergence	0	0	1	0	1		liftoff_only	siscowet	1	2	0	0	1	gene-LOC120023642	9	tandem_cluster_n9	0	
gene-LOC120018585	LOC120018585	olfactory receptor 5F1-like	protein_coding	NC_052329.1	27101621	27102556	4	B	2	cnv,ref_divergence	0	0	1	0	1		liftoff_only	siscowet	1	3	0	0	1	gene-LOC120018585	6	tandem_cluster_n6	0	
gene-LOC120018586	LOC120018586	olfactory receptor 6N1-like	protein_coding	NC_052329.1	27120617	27121555	4	B	2	cnv,ref_divergence	0	0	1	0	1		liftoff_only	siscowet	1	2	0	0	1	gene-LOC120018585	6	tandem_cluster_n6	0	
gene-LOC120018587	LOC120018587	olfactory receptor 6N1-like	protein_coding	NC_052329.1	27129959	27138641	4	B	2	cnv,ref_divergence	0	0	1	0	1		liftoff_only	siscowet	1	2	0	0	1	gene-LOC120018585	6	tandem_cluster_n6	0	
gene-LOC120018589	LOC120018589	olfactory receptor 1D2-like	protein_coding	NC_052329.1	27160065	27161000	4	B	2	cnv,ref_divergence	0	0	1	0	1		liftoff_only	siscowet	1	2	0	0	1	gene-LOC120018585	6	tandem_cluster_n6	0	
gene-LOC120018783	LOC120018783	histone-lysine N-methyltransferase MECOM-like	protein_coding	NC_052329.1	30278276	30384298	5	B	2	ecotype_only_corroborated,ref_divergence	0	1	0	0	1		corroborated	siscowet			1	0	2	gene-LOC120018783	1	repeat_or_tandem_family	0	
gene-LOC120018900	LOC120018900	zinc finger protein 180-like	protein_coding	NC_052308.1	78019854	78025089	0	B	2	ecotype_only_corroborated,ref_divergence	0	1	0	0	1		corroborated	siscowet			0	1	2	gene-LOC120018900	1	repeat_or_tandem_family	0	0
gene-LOC120018979	LOC120018979	small nucleolar RNA SNORD15	snoRNA	NC_052329.1	27047696	27047843	0	B	2	ecotype_only_corroborated,ref_divergence	0	1	0	0	1		corroborated	siscowet			1	0	2	gene-LOC120018995	4	noncoding	0	
gene-LOC120018980	LOC120018980	small nucleolar RNA SNORD15	snoRNA	NC_052329.1	27046978	27047124	0	B	2	ecotype_only_corroborated,ref_divergence	0	1	0	0	1		corroborated	siscowet			1	0	2	gene-LOC120018995	4	noncoding	0	
gene-LOC120018994	LOC120018994	small nucleolar RNA SNORD15	snoRNA	NC_052329.1	27048517	27048663	0	B	2	ecotype_only_corroborated,ref_divergence	0	1	0	0	1		corroborated	siscowet			1	0	2	gene-LOC120018995	4	noncoding	0	
gene-LOC120018995	LOC120018995	small nucleolar RNA SNORD15	snoRNA	NC_052329.1	27045601	27045748	0	B	2	ecotype_only_corroborated,ref_divergence	0	1	0	0	1		corroborated	siscowet			1	0	2	gene-LOC120018995	4	noncoding	0	
gene-LOC120019052	LOC120019052	oocyte zinc finger protein XlCOF6-like	protein_coding	NC_052330.1	19059938	19103416	3	B	2	ecotype_only_corroborated,ref_divergence	0	1	0	0	1		corroborated	lean			1	0	2	gene-LOC120019052	1	repeat_or_tandem_family	0	0
gene-LOC120019104	LOC120019104	uncharacterized LOC120019104	protein_coding	NC_052330.1	24251541	24255058	7	B	2	ecotype_only_corroborated,ref_divergence	0	1	0	0	1		corroborated	siscowet			1	0	2	gene-LOC120019104	2	repeat_or_tandem_family	0	
gene-LOC120019132	LOC120019132	uncharacterized LOC120019132	protein_coding	NC_052308.1	76404503	76417770	0	B	2	ecotype_only_corroborated,ref_divergence	0	1	0	0	1		corroborated	siscowet			1	0	2	gene-LOC120019132	1	repeat_or_tandem_family	0	
gene-LOC120019140	LOC120019140	histone chaperone asf1b-B-like	protein_coding	NC_052308.1	78719443	78728152	3	B	2	ecotype_only_corroborated,ref_divergence	0	1	0	0	1		corroborated	lean			1	0	2	gene-LOC120019140	1	repeat_or_tandem_family	0	
gene-LOC120019226	LOC120019226	uncharacterized LOC120019226	lncRNA	NC_052330.1	17852147	17853043	0	B	2	cnv,ref_divergence	0	0	1	0	1		liftoff_only	lean	4	2	0	0	1	gene-LOC120019226	1	noncoding;repeat_or_tandem_family	0	
gene-LOC120019263	LOC120019263	uncharacterized LOC120019263	lncRNA	NC_052308.1	78021987	78022538	0	B	2	ecotype_only_corroborated,ref_divergence	0	1	0	0	1		corroborated	siscowet			0	1	2	gene-LOC120019313	6	noncoding;repeat_or_tandem_family;tandem_cluster_n6	0	0
gene-LOC120019306	LOC120019306	uncharacterized LOC120019306	lncRNA	NC_052308.1	77760873	77761255	0	B	2	cnv,ref_divergence	0	0	1	0	1		liftoff_only	siscowet	1	6	0	0	1	gene-LOC120019240	2	noncoding;repeat_or_tandem_family	0	
gene-LOC120019320	LOC120019320	uncharacterized LOC120019320	lncRNA	NC_052308.1	78027022	78034646	0	B	2	ecotype_only_corroborated,ref_divergence	0	1	0	0	1		corroborated	siscowet			0	1	2	gene-LOC120019313	6	noncoding;repeat_or_tandem_family;tandem_cluster_n6	0	0
gene-LOC120019452	LOC120019452	zinc finger BED domain-containing protein 4-like	protein_coding	NC_052308.1	79242881	79252295	2	B	2	cnv,ref_divergence	0	0	1	0	1		liftoff_only	lean	2	1	0	0	1	gene-LOC120019486	5	repeat_or_tandem_family;tandem_cluster_n5	0	
gene-LOC120019465	LOC120019465	zinc finger protein OZF-like	protein_coding	NC_052308.1	79231304	79233712	3	B	2	cnv,ref_divergence	0	0	1	0	1		liftoff_only	lean	2	1	0	0	1	gene-LOC120019486	5	repeat_or_tandem_family;tandem_cluster_n5	0	
gene-LOC120019469	LOC120019469	uncharacterized LOC120019469	lncRNA	NC_052330.1	14218270	14224540	0	B	2	cnv,ref_divergence	0	0	1	0	1		liftoff_only	siscowet	1	2	0	0	1	gene-LOC120019469	3	noncoding;repeat_or_tandem_family	0	
gene-LOC120019477	LOC120019477	zinc finger protein 501-like	protein_coding	NC_052308.1	79196847	79199028	0	B	2	cnv,ref_divergence	0	0	1	0	1		liftoff_only	lean	2	1	0	0	1	gene-LOC120019486	5	repeat_or_tandem_family;tandem_cluster_n5	0	
gene-LOC120019509	LOC120019509	zinc finger protein 239-like	protein_coding	NC_052308.1	79577640	79586466	3	B	2	ecotype_only_corroborated,ref_divergence	0	1	0	0	1		corroborated	siscowet			1	0	2	gene-LOC120019509	3	repeat_or_tandem_family	0	
gene-LOC120019547	LOC120019547	uncharacterized LOC120019547	lncRNA	NC_052330.1	14256631	14258834	0	B	2	cnv,ref_divergence	0	0	1	0	1		liftoff_only	siscowet	1	2	0	0	1	gene-LOC120019469	3	noncoding;repeat_or_tandem_family	0	
gene-LOC120019721	LOC120019721	uncharacterized LOC120019721	lncRNA	NC_052330.1	12837697	12841821	0	B	2	ecotype_only_corroborated,ref_divergence	0	1	0	0	1		corroborated	siscowet			1	0	2	gene-LOC120019723	3	noncoding;repeat_or_tandem_family	0	
gene-LOC120019722	LOC120019722	uncharacterized LOC120019722	lncRNA	NC_052330.1	12865334	12869459	0	B	2	cnv,ref_divergence	0	0	1	0	1		liftoff_only	siscowet	1	4	0	0	1	gene-LOC120019723	3	noncoding;repeat_or_tandem_family	0	
gene-LOC120019783	LOC120019783	small nucleolar RNA SNORD94	snoRNA	NC_052330.1	5634770	5634908	0	B	2	cnv,ref_divergence	0	0	1	0	1		liftoff_only	siscowet	1	2	0	0	1	gene-LOC120019784	2	noncoding	0	
gene-LOC120019784	LOC120019784	small nucleolar RNA SNORD94	snoRNA	NC_052330.1	5632089	5632229	0	B	2	cnv,ref_divergence	0	0	1	0	1		liftoff_only	siscowet	1	2	0	0	1	gene-LOC120019784	2	noncoding	0	
gene-LOC120020050	LOC120020050	zinc finger protein SNAI2	protein_coding	NC_052331.1	14315755	14318343	3	B	2	cnv,ref_divergence	0	0	1	0	1		liftoff_only	siscowet	1	2	0	0	1	gene-LOC120020050	1	repeat_or_tandem_family	0	
gene-LOC120020075	LOC120020075	uncharacterized LOC120020075	lncRNA	NC_052331.1	4591516	4592309	0	B	2	cnv,ref_divergence	0	0	1	0	1		liftoff_only	lean	10	8	0	0	1	gene-LOC120020075	1	noncoding;repeat_or_tandem_family	0	
gene-LOC120020106	LOC120020106	uncharacterized LOC120020106	protein_coding	NC_052331.1	16739780	16740883	0	B	2	cnv,ref_divergence	0	0	1	0	1		liftoff_only	siscowet	47	48	0	0	1	gene-LOC120020106	1	repeat_or_tandem_family	0	
gene-LOC120020358	LOC120020358	uncharacterized LOC120020358	protein_coding	NC_052331.1	5493126	5494229	0	B	2	cnv,ref_divergence	0	0	1	0	1		liftoff_only	siscowet	33	39	0	0	1	gene-LOC120020358	1	repeat_or_tandem_family	0	
gene-LOC120020497	LOC120020497	uncharacterized LOC120020497	lncRNA	NC_052331.1	33277251	33281083	0	B	2	cnv,ref_divergence	0	0	1	0	1		liftoff_only	siscowet	1	2	0	0	1	gene-LOC120020497	1	noncoding;repeat_or_tandem_family	0	
gene-LOC120020564	LOC120020564	zinc finger protein 180-like	protein_coding	NC_052331.1	6097139	6108264	3	B	2	cnv,ref_divergence	0	0	1	0	1		liftoff_only	siscowet	1	2	0	0	1	gene-LOC120020564	3	repeat_or_tandem_family	0	
gene-LOC120020565	LOC120020565	gastrula zinc finger protein XlCGF17.1-like	protein_coding	NC_052331.1	6112777	6123696	5	B	2	cnv,ref_divergence	0	0	1	0	1		liftoff_only	siscowet	1	2	0	0	1	gene-LOC120020565	1	repeat_or_tandem_family	0	
gene-LOC120020567	LOC120020567	zinc finger protein 2-like	protein_coding	NC_052331.1	6135444	6136251	0	B	2	cnv,ref_divergence	0	0	1	0	1		liftoff_only	siscowet	1	2	0	0	1	gene-LOC120020564	3	repeat_or_tandem_family	0	
gene-LOC120020706	LOC120020706	uncharacterized LOC120020706	lncRNA	NC_052331.1	38775579	38778643	0	B	2	cnv,ref_divergence	0	0	1	0	1		liftoff_only	lean	3	2	0	0	1	gene-LOC120020140	4	noncoding;repeat_or_tandem_family	0	
gene-LOC120020707	LOC120020707	uncharacterized LOC120020707	protein_coding	NC_052331.1	38839891	38862085	5	B	2	cnv,ref_divergence	0	0	1	0	1		liftoff_only	siscowet	1	2	0	0	1	gene-LOC120020140	4	repeat_or_tandem_family	0	
gene-LOC120020710	LOC120020710	zinc finger protein 2-like	protein_coding	NC_052331.1	38992086	38999908	3	B	2	cnv,ref_divergence	0	0	1	0	1		liftoff_only	siscowet	1	2	0	0	1	gene-LOC120020710	1	repeat_or_tandem_family	0	
gene-LOC120020776	LOC120020776	small nucleolar RNA SNORA81	snoRNA	NC_052331.1	33570626	33570806	0	B	2	cnv,ref_divergence	0	0	1	0	1		liftoff_only	siscowet	1	2	0	0	1	gene-LOC120020779	5	noncoding;tandem_cluster_n5	0	
gene-LOC120020777	LOC120020777	small nucleolar RNA SNORA81	snoRNA	NC_052331.1	33571181	33571360	0	B	2	cnv,ref_divergence	0	0	1	0	1		liftoff_only	siscowet	1	2	0	0	1	gene-LOC120020779	5	noncoding;tandem_cluster_n5	0	
gene-LOC120020779	LOC120020779	small nucleolar RNA SNORD2	snoRNA	NC_052331.1	33568406	33568474	0	B	2	cnv,ref_divergence	0	0	1	0	1		liftoff_only	siscowet	1	2	0	0	1	gene-LOC120020779	5	noncoding;tandem_cluster_n5	0	
gene-LOC120020780	LOC120020780	small nucleolar RNA SNORD2	snoRNA	NC_052331.1	33569834	33569904	0	B	2	cnv,ref_divergence	0	0	1	0	1		liftoff_only	siscowet	1	2	0	0	1	gene-LOC120020779	5	noncoding;tandem_cluster_n5	0	
gene-LOC120020781	LOC120020781	small nucleolar RNA SNORD2	snoRNA	NC_052331.1	33569362	33569437	0	B	2	cnv,ref_divergence	0	0	1	0	1		liftoff_only	siscowet	1	2	0	0	1	gene-LOC120020779	5	noncoding;tandem_cluster_n5	0	
gene-LOC120020951	LOC120020951	uncharacterized LOC120020951	lncRNA	NC_052332.1	33530842	33534760	0	B	2	cnv,ref_divergence	0	0	1	0	1		liftoff_only	siscowet	1	2	0	0	1	gene-LOC120020951	1	noncoding;repeat_or_tandem_family	0	
gene-LOC120021126	LOC120021126	claudin-4-like	protein_coding	NC_052332.1	36344489	36345445	5	B	2	cnv,ref_divergence	0	0	1	0	1		liftoff_only	lean	2	1	0	0	1	gene-LOC120021513	13	tandem_cluster_n13	0	
gene-LOC120021204	LOC120021204	cip1-interacting zinc finger protein-like	protein_coding	NC_052332.1	16589813	16602270	3	B	2	cnv,ref_divergence	0	0	1	0	1		liftoff_only	siscowet	1	2	0	0	1	gene-LOC120021204	1	repeat_or_tandem_family	0	
gene-LOC120021270	LOC120021270	uncharacterized LOC120021270	lncRNA	NC_052332.1	26689199	26692784	0	B	2	cnv,ref_divergence	0	0	1	0	1		liftoff_only	siscowet	1	2	0	0	1	gene-LOC120021270	1	noncoding;repeat_or_tandem_family	0	
gene-LOC120021300	LOC120021300	uncharacterized LOC120021300	lncRNA	NC_052332.1	36020414	36022223	0	B	2	ecotype_only_corroborated,ref_divergence	0	1	0	0	1		corroborated	siscowet			1	0	2	gene-LOC120021537	3	noncoding;repeat_or_tandem_family	0	
gene-LOC120021321	LOC120021321	uncharacterized LOC120021321	lncRNA	NC_052332.1	21324110	21326050	0	B	2	cnv,ref_divergence	0	0	1	0	1		liftoff_only	siscowet	1	2	0	0	1	gene-LOC120021321	1	noncoding;repeat_or_tandem_family	0	
gene-LOC120021369	LOC120021369	histone acetyltransferase KAT5-like	protein_coding	NC_052332.1	29379389	29387348	3	B	2	cnv,ref_divergence	0	0	1	0	1		liftoff_only	siscowet	1	2	0	0	1	gene-LOC120021369	1	repeat_or_tandem_family	0	
gene-LOC120021411	LOC120021411	uncharacterized LOC120021411	lncRNA	NC_052332.1	28367205	28370325	0	B	2	cnv,ref_divergence	0	0	1	0	1		liftoff_only	siscowet	13	16	0	0	1	gene-LOC120021411	1	noncoding;repeat_or_tandem_family	0	
gene-LOC120021513	LOC120021513	claudin-3-like	protein_coding	NC_052332.1	36130272	36130928	5	B	2	ecotype_only_corroborated,ref_divergence	0	1	0	0	1		corroborated	siscowet			1	0	2	gene-LOC120021513	13	tandem_cluster_n13	0	
gene-LOC120021614	LOC120021614	uncharacterized LOC120021614	lncRNA	NC_052332.1	123182	125716	0	B	2	cnv,ref_divergence	0	0	1	0	1		liftoff_only	siscowet	1	2	0	0	1	gene-LOC120021614	1	noncoding;repeat_or_tandem_family	0	
gene-LOC120021749	LOC120021749	uncharacterized LOC120021749	lncRNA	NC_052332.1	2909050	2909434	0	B	2	cnv,ref_divergence	0	0	1	0	1		liftoff_only	lean	2	1	0	0	1	gene-LOC120021749	3	noncoding;repeat_or_tandem_family	0	
gene-LOC120021750	LOC120021750	uncharacterized LOC120021750	lncRNA	NC_052332.1	2909433	2909823	0	B	2	cnv,ref_divergence	0	0	1	0	1		liftoff_only	lean	3	2	0	0	1	gene-LOC120021749	3	noncoding;repeat_or_tandem_family	0	
gene-LOC120021787	LOC120021787	uncharacterized LOC120021787	protein_coding	NC_052332.1	37212942	37223208	2	B	2	cnv,ref_divergence	0	0	1	0	1		liftoff_only	lean	2	1	0	0	1	gene-LOC120021787	1	repeat_or_tandem_family	0	
gene-LOC120021795	LOC120021795	zinc finger and BTB domain-containing protein 43-like	protein_coding	NC_052332.1	3077240	3080323	4	B	2	cnv,ref_divergence	0	0	1	0	1		liftoff_only	siscowet	1	2	0	0	1	gene-LOC120021795	1	repeat_or_tandem_family	0	
gene-LOC120021806	LOC120021806	histone H1-beta, late embryonic-like	protein_coding	NC_052308.1	43325643	43338935	3	B	2	cnv,ref_divergence	0	0	1	0	1		liftoff_only	siscowet	1	2	0	0	1	gene-LOC120021806	1	repeat_or_tandem_family	0	
gene-LOC120021809	LOC120021809	NEDD4-binding protein 2-like 1	protein_coding	NC_052332.1	38960912	38963614	0	B	2	ecotype_only_corroborated,ref_divergence	0	1	0	0	1		corroborated	siscowet			1	0	2	gene-LOC120021680	5	tandem_cluster_n5	0	
gene-LOC120021812	LOC120021812	NEDD4-binding protein 2-like 1	protein_coding	NC_052332.1	38934307	38937013	0	B	2	ecotype_only_corroborated,ref_divergence	0	1	0	0	1		corroborated	lean			1	0	2	gene-LOC120021680	5	tandem_cluster_n5	0	
gene-LOC120021916	LOC120021916	small nucleolar RNA SNORD36	snoRNA	NC_052332.1	143402	143469	0	B	2	cnv,ref_divergence	0	0	1	0	1		liftoff_only	siscowet	1	2	0	0	1	gene-LOC120021948	6	noncoding;tandem_cluster_n6	0	
gene-LOC120021917	LOC120021917	small nucleolar RNA SNORD36	snoRNA	NC_052332.1	144126	144191	0	B	2	cnv,ref_divergence	0	0	1	0	1		liftoff_only	siscowet	1	2	0	0	1	gene-LOC120021948	6	noncoding;tandem_cluster_n6	0	
gene-LOC120021918	LOC120021918	U7 small nuclear RNA	snRNA	NC_052332.1	10975587	10975641	0	B	2	cnv,ref_divergence	0	0	1	0	1		liftoff_only	siscowet	1	2	0	0	1	gene-LOC120021918	1	noncoding	0	
gene-LOC120021920	LOC120021920	small nucleolar RNA SNORD24	snoRNA	NC_052332.1	143015	143083	0	B	2	cnv,ref_divergence	0	0	1	0	1		liftoff_only	siscowet	1	2	0	0	1	gene-LOC120021948	6	noncoding;tandem_cluster_n6	0	
gene-LOC120021921	LOC120021921	small nucleolar RNA SNORD24	snoRNA	NC_052332.1	142615	142683	0	B	2	cnv,ref_divergence	0	0	1	0	1		liftoff_only	siscowet	1	2	0	0	1	gene-LOC120021948	6	noncoding;tandem_cluster_n6	0	
gene-LOC120021940	LOC120021940	small nucleolar RNA SNORD65	snoRNA	NC_052332.1	36626420	36626494	0	B	2	ecotype_only_corroborated,ref_divergence	0	1	0	0	1		corroborated	siscowet			1	0	2	gene-LOC120021928	8	noncoding;tandem_cluster_n8	0	
gene-LOC120021942	LOC120021942	small nucleolar RNA SNORD65	snoRNA	NC_052332.1	36626139	36626213	0	B	2	ecotype_only_corroborated,ref_divergence	0	1	0	0	1		corroborated	siscowet			1	0	2	gene-LOC120021928	8	noncoding;tandem_cluster_n8	0	
gene-LOC120021948	LOC120021948	small nucleolar RNA SNORD36	snoRNA	NC_052332.1	142268	142344	0	B	2	cnv,ref_divergence	0	0	1	0	1		liftoff_only	siscowet	1	2	0	0	1	gene-LOC120021948	6	noncoding;tandem_cluster_n6	0	
gene-LOC120021949	LOC120021949	small nucleolar RNA SNORD36	snoRNA	NC_052332.1	143723	143799	0	B	2	cnv,ref_divergence	0	0	1	0	1		liftoff_only	siscowet	1	2	0	0	1	gene-LOC120021948	6	noncoding;tandem_cluster_n6	0	
gene-LOC120022160	LOC120022160	zinc finger MYM-type protein 4-like	protein_coding	NC_052333.1	32684111	32712635	1	B	2	cnv,ref_divergence	0	0	1	0	1		liftoff_only	siscowet	1	2	0	0	1	gene-LOC120022160	1	repeat_or_tandem_family	0	
gene-LOC120022238	LOC120022238	uncharacterized LOC120022238	lncRNA	NC_052333.1	32224114	32224863	0	B	2	cnv,ref_divergence	0	0	1	0	1		liftoff_only	siscowet	10	11	0	0	1	gene-LOC120022368	3	noncoding;repeat_or_tandem_family	0	
gene-LOC120022255	LOC120022255	NACHT, LRR and PYD domains-containing protein 3-like	protein_coding	NC_052308.1	56429531	56445246	1	B	2	cnv,ref_divergence	0	0	1	0	1		liftoff_only	siscowet	1	2	0	1	1	gene-LOC120022255	1	repeat_or_tandem_family	0	0
gene-LOC120022308	LOC120022308	immunoglobulin superfamily DCC subclass member 3-like	protein_coding	NC_052333.1	26063294	26086383	5	B	2	ecotype_only_corroborated,ref_divergence	0	1	0	0	1		corroborated	siscowet			1	0	2	gene-LOC120022308	1	repeat_or_tandem_family	0	
gene-LOC120022320	LOC120022320	immunoglobulin lambda-like polypeptide 5	protein_coding	NC_052333.1	27450671	27459714	0	B	2	cnv,ref_divergence	0	0	1	0	1		liftoff_only	siscowet	1	2	0	0	1	gene-LOC120022320	1	repeat_or_tandem_family	0	
gene-LOC120022356	LOC120022356	NACHT, LRR and PYD domains-containing protein 3-like	protein_coding	NC_052308.1	57239243	57248068	1	B	2	cnv,ref_divergence	0	0	1	0	1		liftoff_only	siscowet	1	3	0	0	1	gene-LOC120022356	1	repeat_or_tandem_family	0	
gene-LOC120022426	LOC120022426	uncharacterized LOC120022426	protein_coding	NC_052333.1	30154096	30169084	0	B	2	cnv,ref_divergence	0	0	1	0	1		liftoff_only	siscowet	1	2	0	0	1	gene-LOC120022426	2	repeat_or_tandem_family	0	
gene-LOC120022429	LOC120022429	uncharacterized LOC120022429	protein_coding	NC_052333.1	30169120	30173150	7	B	2	cnv,ref_divergence	0	0	1	0	1		liftoff_only	siscowet	1	2	0	0	1	gene-LOC120022426	2	repeat_or_tandem_family	0	
gene-LOC120022441	LOC120022441	histone-lysine N-methyltransferase SETDB1-B-like	protein_coding	NC_052333.1	38582112	38599808	9	B	2	cnv,ref_divergence	0	0	1	0	1		liftoff_only	siscowet	1	2	0	0	1	gene-LOC120022441	1	repeat_or_tandem_family	0	
gene-LOC120022572	LOC120022572	lysine-specific histone demethylase 1B	protein_coding	NC_052333.1	5204852	5222214	3	B	2	cnv,ref_divergence	0	0	1	0	1		liftoff_only	siscowet	1	2	0	0	1	gene-LOC120022572	1	repeat_or_tandem_family	0	
gene-LOC120022672	LOC120022672	zinc finger protein 782-like	protein_coding	NC_052333.1	35100009	35109413	0	B	2	cnv,ref_divergence	0	0	1	0	1		liftoff_only	siscowet	1	2	0	0	1	gene-LOC120022672	1	repeat_or_tandem_family	0	
gene-LOC120022707	LOC120022707	uncharacterized LOC120022707	protein_coding	NC_052308.1	63385277	63386988	0	B	2	ecotype_only_corroborated,ref_divergence	0	1	0	0	1		corroborated	lean			1	0	2	gene-LOC120022641	4	repeat_or_tandem_family	0	
gene-LOC120022727	LOC120022727	zinc finger protein 91-like	protein_coding	NC_052333.1	31796249	31817333	3	B	2	cnv,ref_divergence	0	0	1	0	1		liftoff_only	siscowet	1	2	0	0	1	gene-LOC120022727	1	repeat_or_tandem_family	0	
gene-LOC120022811	LOC120022811	keratin, type I cytoskeletal 13-like	protein_coding	NC_052308.1	65260193	65274209	1	B	2	cnv,ref_divergence	0	0	1	0	1		liftoff_only	siscowet	1	2	0	0	1	gene-LOC120027504	15	tandem_cluster_n15	0	
gene-LOC120022820	LOC120022820	keratin, type I cytoskeletal 13-like	protein_coding	NC_052308.1	65319586	65327934	1	B	2	cnv,ref_divergence	0	0	1	0	1		liftoff_only	siscowet	1	3	0	0	1	gene-LOC120027504	15	tandem_cluster_n15	0	
gene-LOC120022826	LOC120022826	keratin, type I cytoskeletal 13-like	protein_coding	NC_052308.1	65330209	65331806	1	B	2	cnv,ref_divergence	0	0	1	0	1		liftoff_only	siscowet	2	4	0	0	1	gene-LOC120027504	15	tandem_cluster_n15	0	
gene-LOC120022831	LOC120022831	keratin, type I cytoskeletal 13-like	protein_coding	NC_052308.1	65380314	65382633	1	B	2	cnv,ref_divergence	0	0	1	0	1		liftoff_only	siscowet	1	2	0	0	1	gene-LOC120027504	15	tandem_cluster_n15	0	
gene-LOC120022877	LOC120022877	small nucleolar RNA SNORD53/SNORD92	snoRNA	NC_052333.1	3580611	3580690	0	B	2	ecotype_only_corroborated,ref_divergence	0	1	0	0	1		corroborated	lean			1	0	2	gene-LOC120022870	5	noncoding;tandem_cluster_n5	0	
gene-LOC120022971	LOC120022971	zinc finger FYVE domain-containing protein 26-like	protein_coding	NC_052334.1	1466923	1492291	7	B	2	ecotype_only_corroborated,ref_divergence	0	1	0	0	1		corroborated	siscowet			1	0	2	gene-LOC120022971	1	repeat_or_tandem_family	0	
gene-LOC120023084	LOC120023084	uncharacterized LOC120023084	protein_coding	NC_052334.1	46082646	46087233	2	B	2	cnv,ref_divergence	0	0	1	0	1		liftoff_only	lean	2	1	0	0	1	gene-LOC120023084	1	repeat_or_tandem_family	0	
gene-LOC120023130	LOC120023130	uncharacterized LOC120023130	lncRNA	NC_052334.1	46670670	46672187	0	B	2	cnv,ref_divergence	0	0	1	0	1		liftoff_only	lean	6	3	0	0	1	gene-LOC120023130	4	noncoding;repeat_or_tandem_family	0	
gene-LOC120023140	LOC120023140	uncharacterized LOC120023140	lncRNA	NC_052334.1	46703221	46703636	0	B	2	cnv,ref_divergence	0	0	1	0	1		liftoff_only	siscowet	2	3	0	0	1	gene-LOC120023130	4	noncoding;repeat_or_tandem_family	0	
gene-LOC120023213	LOC120023213	uncharacterized LOC120023213	protein_coding	NC_052334.1	776229	780091	0	B	2	cnv,ref_divergence	0	0	1	0	1		liftoff_only	lean	2	1	0	0	1	gene-LOC120023213	1	repeat_or_tandem_family	0	
gene-LOC120023350	LOC120023350	uncharacterized LOC120023350	protein_coding	NC_052334.1	38441365	38445458	2	B	2	cnv,ref_divergence	0	0	1	0	1		liftoff_only	siscowet	8	9	0	0	1	gene-LOC120023350	1	repeat_or_tandem_family	0	
gene-LOC120023423	LOC120023423	zinc finger protein 239-like	protein_coding	NC_052308.1	73193906	73280031	3	B	2	ecotype_only_corroborated,ref_divergence	0	1	0	0	1		corroborated	siscowet			1	1	3	gene-LOC120023423	1	repeat_or_tandem_family	0	0
gene-LOC120023474	LOC120023474	uncharacterized LOC120023474	lncRNA	NC_052334.1	18016987	18021300	0	B	2	cnv,ref_divergence	0	0	1	0	1		liftoff_only	siscowet	16	17	0	0	1	gene-LOC120023755	2	noncoding;repeat_or_tandem_family	0	
gene-LOC120023552	LOC120023552	uncharacterized LOC120023552	lncRNA	NC_052334.1	41660033	41661065	0	B	2	cnv,ref_divergence	0	0	1	0	1		liftoff_only	lean	3	1	0	0	1	gene-LOC120023552	1	noncoding;repeat_or_tandem_family	0	
gene-LOC120023594	LOC120023594	uncharacterized LOC120023594	lncRNA	NC_052334.1	46683362	46683750	0	B	2	cnv,ref_divergence	0	0	1	0	1		liftoff_only	lean	5	4	0	0	1	gene-LOC120023130	4	noncoding;repeat_or_tandem_family	0	
gene-LOC120023596	LOC120023596	uncharacterized LOC120023596	lncRNA	NC_052334.1	46697638	46699565	0	B	2	cnv,ref_divergence	0	0	1	0	1		liftoff_only	siscowet	3	4	0	0	1	gene-LOC120023130	4	noncoding;repeat_or_tandem_family	0	
gene-LOC120023649	LOC120023649	uromodulin-like	protein_coding	NC_052308.1	77346053	77350492	4	B	2	cnv,ref_divergence	0	0	1	0	1		liftoff_only	siscowet	1	3	0	0	1	gene-LOC120023642	9	tandem_cluster_n9	0	
gene-LOC120023678	LOC120023678	zinc finger protein 501-like	protein_coding	NC_052308.1	77785861	77787603	3	B	2	cnv,ref_divergence	0	0	1	0	1		liftoff_only	lean	2	1	0	0	1	gene-LOC120018853	3	repeat_or_tandem_family	0	
gene-LOC120023751	LOC120023751	uncharacterized LOC120023751	lncRNA	NC_052334.1	41587698	41588194	0	B	2	cnv,ref_divergence	0	0	1	0	1		liftoff_only	siscowet	1	2	0	0	1	gene-LOC120023752	4	noncoding;repeat_or_tandem_family	0	
gene-LOC120023896	LOC120023896	uncharacterized LOC120023896	lncRNA	NC_052335.1	22294277	22294900	0	B	2	cnv,ref_divergence	0	0	1	0	1		liftoff_only	siscowet	3	4	0	0	1	gene-LOC120023896	1	noncoding;repeat_or_tandem_family	0	1
gene-LOC120024004	LOC120024004	uncharacterized LOC120024004	protein_coding	NC_052335.1	22095057	22096431	0	B	2	cnv,ref_divergence	0	0	1	0	1		liftoff_only	siscowet	1	2	0	0	1	gene-LOC120024004	3	repeat_or_tandem_family	0	
gene-LOC120024020	LOC120024020	E3 ubiquitin-protein ligase rnf168-like	protein_coding	NC_052308.1	4763228	4765015	2	B	2	ecotype_only_corroborated,ref_divergence	0	1	0	0	1		corroborated	siscowet			1	0	2	gene-LOC120024020	5	tandem_cluster_n5	0	
gene-LOC120024038	LOC120024038	uncharacterized LOC120024038	lncRNA	NC_052335.1	37315272	37315591	0	B	2	cnv,ref_divergence	0	0	1	0	1		liftoff_only	lean	6	4	0	0	1	gene-LOC120024038	1	noncoding;repeat_or_tandem_family	0	
gene-LOC120024072	LOC120024072	uncharacterized LOC120024072	lncRNA	NC_052335.1	26896867	26901968	0	B	2	cnv,ref_divergence	0	0	1	0	1		liftoff_only	siscowet	1	2	0	0	1	gene-LOC120024072	1	noncoding;repeat_or_tandem_family	0	
gene-LOC120024097	LOC120024097	uncharacterized protein C1orf198 homolog	protein_coding	NC_052335.1	20064436	20066822	0	B	2	cnv,ref_divergence	0	0	1	0	1		liftoff_only	lean	2	1	0	0	1	gene-LOC120024097	1	repeat_or_tandem_family	0	
gene-LOC120024102	LOC120024102	uncharacterized LOC120024102	lncRNA	NC_052335.1	17933852	17967423	0	B	2	ecotype_only_corroborated,ref_divergence	0	1	0	0	1		corroborated	siscowet			1	0	2	gene-LOC120024102	5	noncoding;repeat_or_tandem_family;tandem_cluster_n5	0	
gene-LOC120024202	LOC120024202	uncharacterized LOC120024202	lncRNA	NC_052335.1	25985902	25989191	0	B	2	cnv,ref_divergence	0	0	1	0	1		liftoff_only	siscowet	1	2	0	0	1	gene-LOC120024202	1	noncoding;repeat_or_tandem_family	0	
gene-LOC120024225	LOC120024225	zinc finger protein 292-like	protein_coding	NC_052335.1	26028962	26055634	4	B	2	cnv,ref_divergence	0	0	1	0	1		liftoff_only	siscowet	1	2	0	0	1	gene-LOC120024225	1	repeat_or_tandem_family	0	
gene-LOC120024258	LOC120024258	uncharacterized LOC120024258	protein_coding	NC_052335.1	33641356	33643169	0	B	2	cnv,ref_divergence	0	0	1	0	1		liftoff_only	lean	2	1	0	0	1	gene-LOC120024258	1	repeat_or_tandem_family	0	
gene-LOC120024450	LOC120024450	uncharacterized LOC120024450	protein_coding	NC_052335.1	26142724	26157122	0	B	2	cnv,ref_divergence	0	0	1	0	1		liftoff_only	siscowet	1	2	0	0	1	gene-LOC120024450	2	repeat_or_tandem_family	0	
gene-LOC120024479	LOC120024479	uncharacterized protein KIAA0408-like	protein_coding	NC_052335.1	15119010	15122595	0	B	2	cnv,ref_divergence	0	0	1	0	1		liftoff_only	siscowet	1	2	0	0	1	gene-LOC120024479	1	repeat_or_tandem_family	0	
gene-LOC120024495	LOC120024495	uncharacterized protein C6orf163-like	protein_coding	NC_052335.1	26017375	26020067	0	B	2	cnv,ref_divergence	0	0	1	0	1		liftoff_only	siscowet	1	2	0	0	1	gene-LOC120024495	1	repeat_or_tandem_family	0	
gene-LOC120024630	LOC120024630	small nucleolar RNA SNORD50	snoRNA	NC_052335.1	26147236	26147307	0	B	2	cnv,ref_divergence	0	0	1	0	1		liftoff_only	siscowet	15	42	0	0	1	gene-LOC120024630	36	noncoding;tandem_cluster_n36	0	
gene-LOC120024631	LOC120024631	small nucleolar RNA SNORD50	snoRNA	NC_052335.1	26147486	26147557	0	B	2	cnv,ref_divergence	0	0	1	0	1		liftoff_only	siscowet	1	14	0	0	1	gene-LOC120024630	36	noncoding;tandem_cluster_n36	0	
gene-LOC120024632	LOC120024632	small nucleolar RNA SNORD50	snoRNA	NC_052335.1	26147977	26148048	0	B	2	cnv,ref_divergence	0	0	1	0	1		liftoff_only	siscowet	1	6	0	0	1	gene-LOC120024630	36	noncoding;tandem_cluster_n36	0	
gene-LOC120024633	LOC120024633	small nucleolar RNA SNORD50	snoRNA	NC_052335.1	26149670	26149741	0	B	2	cnv,ref_divergence	0	0	1	0	1		liftoff_only	siscowet	1	3	0	0	1	gene-LOC120024630	36	noncoding;tandem_cluster_n36	0	
gene-LOC120024634	LOC120024634	small nucleolar RNA SNORD50	snoRNA	NC_052335.1	26150413	26150484	0	B	2	cnv,ref_divergence	0	0	1	0	1		liftoff_only	siscowet	1	3	0	0	1	gene-LOC120024630	36	noncoding;tandem_cluster_n36	0	
gene-LOC120024651	LOC120024651	small nucleolar RNA SNORD50	snoRNA	NC_052335.1	26147729	26147800	0	B	2	cnv,ref_divergence	0	0	1	0	1		liftoff_only	siscowet	10	41	0	0	1	gene-LOC120024630	36	noncoding;tandem_cluster_n36	0	
gene-LOC120024652	LOC120024652	small nucleolar RNA SNORD50	snoRNA	NC_052335.1	26148722	26148793	0	B	2	cnv,ref_divergence	0	0	1	0	1		liftoff_only	siscowet	1	19	0	0	1	gene-LOC120024630	36	noncoding;tandem_cluster_n36	0	
gene-LOC120024653	LOC120024653	small nucleolar RNA SNORD50	snoRNA	NC_052335.1	26148970	26149041	0	B	2	cnv,ref_divergence	0	0	1	0	1		liftoff_only	siscowet	1	5	0	0	1	gene-LOC120024630	36	noncoding;tandem_cluster_n36	0	
gene-LOC120024654	LOC120024654	small nucleolar RNA SNORD50	snoRNA	NC_052335.1	26149213	26149284	0	B	2	cnv,ref_divergence	0	0	1	0	1		liftoff_only	siscowet	1	4	0	0	1	gene-LOC120024630	36	noncoding;tandem_cluster_n36	0	
gene-LOC120024656	LOC120024656	small nucleolar RNA SNORD50	snoRNA	NC_052335.1	26149913	26149984	0	B	2	cnv,ref_divergence	0	0	1	0	1		liftoff_only	siscowet	1	2	0	0	1	gene-LOC120024630	36	noncoding;tandem_cluster_n36	0	
gene-LOC120024667	LOC120024667	small nucleolar RNA SNORD50	snoRNA	NC_052335.1	26148479	26148550	0	B	2	cnv,ref_divergence	0	0	1	0	1		liftoff_only	siscowet	8	13	0	0	1	gene-LOC120024630	36	noncoding;tandem_cluster_n36	0	
gene-LOC120024670	LOC120024670	small nucleolar RNA SNORD50	snoRNA	NC_052335.1	26148228	26148299	0	B	2	cnv,ref_divergence	0	0	1	0	1		liftoff_only	siscowet	7	10	0	0	1	gene-LOC120024630	36	noncoding;tandem_cluster_n36	0	
gene-LOC120024710	LOC120024710	uncharacterized LOC120024710	lncRNA	NC_052336.1	7593463	7608674	0	B	2	ecotype_only_corroborated,ref_divergence	0	1	0	0	1		corroborated	siscowet			1	0	2	gene-LOC120024710	1	noncoding;repeat_or_tandem_family	0	
gene-LOC120024745	LOC120024745	C-C motif chemokine 13-like	protein_coding	NC_052336.1	487639	488487	16	B	2	cnv,ref_divergence	0	0	1	0	1		liftoff_only	lean	3	2	0	0	1	gene-LOC120024931	5	tandem_cluster_n5	0	0
gene-LOC120024841	LOC120024841	immunoglobulin superfamily DCC subclass member 3-like	protein_coding	NC_052336.1	19267578	19374255	5	B	2	ecotype_only_corroborated,ref_divergence	0	1	0	0	1		corroborated	siscowet			1	0	2	gene-LOC120024841	2	repeat_or_tandem_family	0	
gene-LOC120024894	LOC120024894	cysteine--tRNA ligase, cytoplasmic-like	protein_coding	NC_052336.1	1041419	1073142	4	B	2	ecotype_only_corroborated,ref_divergence	0	1	0	0	1		corroborated	lean			1	1	3	gene-LOC120024894	1	repeat_or_tandem_family	0	0
gene-LOC120024908	LOC120024908	uncharacterized LOC120024908	lncRNA	NC_052308.1	22884796	22886437	0	B	2	cnv,ref_divergence	0	0	1	0	1		liftoff_only	siscowet	1	2	0	0	1	gene-LOC120024908	1	noncoding;repeat_or_tandem_family	0	
gene-LOC120025019	LOC120025019	C-C motif chemokine 13-like	protein_coding	NC_052336.1	504539	505609	16	B	2	cnv,ref_divergence	0	0	1	0	1		liftoff_only	lean	3	2	0	0	1	gene-LOC120024931	5	tandem_cluster_n5	0	
gene-LOC120025020	LOC120025020	uncharacterized LOC120025020	lncRNA	NC_052336.1	481021	481883	0	B	2	cnv,ref_divergence	0	0	1	0	1		liftoff_only	lean	5	4	0	0	1	gene-LOC120025020	1	noncoding;repeat_or_tandem_family	0	0
gene-LOC120025227	LOC120025227	uncharacterized LOC120025227	lncRNA	NC_052336.1	548844	549705	0	B	2	cnv,ref_divergence	0	0	1	0	1		liftoff_only	lean	5	3	0	0	1	gene-LOC120025227	1	noncoding;repeat_or_tandem_family	0	
gene-LOC120025324	LOC120025324	uncharacterized protein KIAA0895-like	protein_coding	NC_052336.1	443428	454917	0	B	2	ecotype_only_corroborated,ref_divergence	0	1	0	0	1		corroborated	lean			1	0	2	gene-LOC120025324	1	repeat_or_tandem_family	0	
gene-LOC120025370	LOC120025370	uncharacterized LOC120025370	lncRNA	NC_052308.1	32227019	32227409	0	B	2	cnv,ref_divergence	0	0	1	0	1		liftoff_only	siscowet	5	6	0	0	1	gene-LOC120025370	1	noncoding;repeat_or_tandem_family	0	
gene-LOC120025372	LOC120025372	C-C motif chemokine 13-like	protein_coding	NC_052336.1	536753	537975	16	B	2	cnv,ref_divergence	0	0	1	0	1		liftoff_only	lean	4	3	0	0	1	gene-LOC120024931	5	tandem_cluster_n5	0	
gene-LOC120025450	LOC120025450	uncharacterized LOC120025450	lncRNA	NC_052337.1	45991809	45993825	0	B	2	cnv,ref_divergence	0	0	1	0	1		liftoff_only	siscowet	1	2	0	0	1	gene-LOC120025658	5	noncoding;repeat_or_tandem_family;tandem_cluster_n5	0	
gene-LOC120025454	LOC120025454	uncharacterized LOC120025454	lncRNA	NC_052337.1	7626315	7627842	0	B	2	cnv,ref_divergence	0	0	1	0	1		liftoff_only	lean	2	1	0	0	1	gene-LOC120026255	4	noncoding;repeat_or_tandem_family	0	
gene-LOC120025703	LOC120025703	uncharacterized LOC120025703	lncRNA	NC_052337.1	2549253	2549393	0	B	2	cnv,ref_divergence	0	0	1	0	1		liftoff_only	siscowet	1	2	0	0	1	gene-LOC120025703	1	noncoding;repeat_or_tandem_family	0	
gene-LOC120025813	LOC120025813	uncharacterized LOC120025813	lncRNA	NC_052337.1	46092394	46092820	0	B	2	cnv,ref_divergence	0	0	1	0	1		liftoff_only	siscowet	2	7	0	0	1	gene-LOC120025658	5	noncoding;repeat_or_tandem_family;tandem_cluster_n5	0	
gene-LOC120025929	LOC120025929	zinc finger protein Gfi-1b-like	protein_coding	NC_052337.1	29306600	29312926	4	B	2	cnv,ref_divergence	0	0	1	0	1		liftoff_only	siscowet	1	2	0	0	1	gene-LOC120025929	1	repeat_or_tandem_family	0	
gene-LOC120026316	LOC120026316	uncharacterized LOC120026316	lncRNA	NC_052337.1	45734135	45736632	0	B	2	cnv,ref_divergence	0	0	1	0	1		liftoff_only	siscowet	1	3	0	0	1	gene-LOC120025641	3	noncoding;repeat_or_tandem_family	0	0
gene-LOC120026345	LOC120026345	uncharacterized LOC120026345	lncRNA	NC_052337.1	36515322	36517336	0	B	2	cnv,ref_divergence	0	0	1	0	1		liftoff_only	siscowet	8	9	0	0	1	gene-LOC120026345	1	noncoding;repeat_or_tandem_family	0	
gene-LOC120026437	LOC120026437	uncharacterized LOC120026437	lncRNA	NC_052308.1	49607007	49609081	0	B	2	cnv,ref_divergence	0	0	1	0	1		liftoff_only	siscowet	1	2	0	0	1	gene-LOC120026437	1	noncoding;repeat_or_tandem_family	0	
gene-LOC120026514	LOC120026514	U2 spliceosomal RNA	snRNA	NC_052337.1	46267458	46267646	0	B	2	ecotype_only_corroborated,ref_divergence	0	1	0	0	1		corroborated	siscowet			1	0	2	gene-LOC120026576	83	noncoding;tandem_cluster_n83	0	
gene-LOC120026519	LOC120026519	U2 spliceosomal RNA	snRNA	NC_052337.1	46299444	46299634	0	B	2	ecotype_only_corroborated,ref_divergence	0	1	0	0	1		corroborated	siscowet			1	0	2	gene-LOC120026576	83	noncoding;tandem_cluster_n83	0	
gene-LOC120026531	LOC120026531	U2 spliceosomal RNA	snRNA	NC_052337.1	46300512	46300702	0	B	2	ecotype_only_corroborated,ref_divergence	0	1	0	0	1		corroborated	siscowet			1	0	2	gene-LOC120026576	83	noncoding;tandem_cluster_n83	0	
gene-LOC120026538	LOC120026538	U5 spliceosomal RNA	snRNA	NC_052337.1	46240959	46241075	0	B	2	ecotype_only_corroborated,ref_divergence	0	1	0	0	1		corroborated	siscowet			1	0	2	gene-LOC120026576	83	noncoding;tandem_cluster_n83	0	
gene-LOC120026539	LOC120026539	U5 spliceosomal RNA	snRNA	NC_052337.1	46243004	46243120	0	B	2	ecotype_only_corroborated,ref_divergence	0	1	0	0	1		corroborated	siscowet			1	0	2	gene-LOC120026576	83	noncoding;tandem_cluster_n83	0	
gene-LOC120026540	LOC120026540	polyubiquitin-like	protein_coding	NC_052307.1	29159552	29160848	6	B	2	ecotype_only_corroborated,ref_divergence	0	1	0	0	1		corroborated	siscowet			1	0	2	gene-LOC120026446	5	tandem_cluster_n5	0	
gene-LOC120026543	LOC120026543	U5 spliceosomal RNA	snRNA	NC_052337.1	46252495	46252611	0	B	2	ecotype_only_corroborated,ref_divergence	0	1	0	0	1		corroborated	siscowet			1	0	2	gene-LOC120026576	83	noncoding;tandem_cluster_n83	0	
gene-LOC120026544	LOC120026544	U2 spliceosomal RNA	snRNA	NC_052337.1	46301585	46301775	0	B	2	ecotype_only_corroborated,ref_divergence	0	1	0	0	1		corroborated	lean			1	0	2	gene-LOC120026576	83	noncoding;tandem_cluster_n83	0	
gene-LOC120026545	LOC120026545	U5 spliceosomal RNA	snRNA	NC_052337.1	46256098	46256214	0	B	2	ecotype_only_corroborated,ref_divergence	0	1	0	0	1		corroborated	siscowet			1	0	2	gene-LOC120026576	83	noncoding;tandem_cluster_n83	0	
gene-LOC120026549	LOC120026549	U5 spliceosomal RNA	snRNA	NC_052337.1	46270604	46270720	0	B	2	ecotype_only_corroborated,ref_divergence	0	1	0	0	1		corroborated	siscowet			1	0	2	gene-LOC120026576	83	noncoding;tandem_cluster_n83	0	
gene-LOC120026560	LOC120026560	U5 spliceosomal RNA	snRNA	NC_052337.1	46298956	46299072	0	B	2	ecotype_only_corroborated,ref_divergence	0	1	0	0	1		corroborated	siscowet			1	0	2	gene-LOC120026576	83	noncoding;tandem_cluster_n83	0	
gene-LOC120026561	LOC120026561	U5 spliceosomal RNA	snRNA	NC_052337.1	46300033	46300149	0	B	2	ecotype_only_corroborated,ref_divergence	0	1	0	0	1		corroborated	siscowet			1	0	2	gene-LOC120026576	83	noncoding;tandem_cluster_n83	0	
gene-LOC120026562	LOC120026562	U5 spliceosomal RNA	snRNA	NC_052337.1	46302139	46302255	0	B	2	ecotype_only_corroborated,ref_divergence	0	1	0	0	1		corroborated	siscowet			1	0	2	gene-LOC120026576	83	noncoding;tandem_cluster_n83	0	
gene-LOC120026563	LOC120026563	U5 spliceosomal RNA	snRNA	NC_052337.1	46303191	46303307	0	B	2	ecotype_only_corroborated,ref_divergence	0	1	0	0	1		corroborated	siscowet			1	0	2	gene-LOC120026576	83	noncoding;tandem_cluster_n83	0	
gene-LOC120026564	LOC120026564	U5 spliceosomal RNA	snRNA	NC_052337.1	46304242	46304358	0	B	2	ecotype_only_corroborated,ref_divergence	0	1	0	0	1		corroborated	siscowet			1	0	2	gene-LOC120026576	83	noncoding;tandem_cluster_n83	0	
gene-LOC120026565	LOC120026565	U5 spliceosomal RNA	snRNA	NC_052337.1	46305290	46305406	0	B	2	ecotype_only_corroborated,ref_divergence	0	1	0	0	1		corroborated	siscowet			1	0	2	gene-LOC120026576	83	noncoding;tandem_cluster_n83	0	
gene-LOC120026569	LOC120026569	U5 spliceosomal RNA	snRNA	NC_052337.1	46307375	46307491	0	B	2	ecotype_only_corroborated,ref_divergence	0	1	0	0	1		corroborated	siscowet			1	0	2	gene-LOC120026576	83	noncoding;tandem_cluster_n83	0	
gene-LOC120026570	LOC120026570	U5 spliceosomal RNA	snRNA	NC_052337.1	46308414	46308530	0	B	2	ecotype_only_corroborated,ref_divergence	0	1	0	0	1		corroborated	siscowet			1	0	2	gene-LOC120026576	83	noncoding;tandem_cluster_n83	0	
gene-LOC120026571	LOC120026571	U5 spliceosomal RNA	snRNA	NC_052337.1	46314736	46314852	0	B	2	ecotype_only_corroborated,ref_divergence	0	1	0	0	1		corroborated	siscowet			1	0	2	gene-LOC120026576	83	noncoding;tandem_cluster_n83	0	
gene-LOC120026580	LOC120026580	U5 spliceosomal RNA	snRNA	NC_052337.1	46239935	46240049	0	B	2	ecotype_only_corroborated,ref_divergence	0	1	0	0	1		corroborated	siscowet			1	0	2	gene-LOC120026576	83	noncoding;tandem_cluster_n83	0	
gene-LOC120026582	LOC120026582	U5 spliceosomal RNA	snRNA	NC_052337.1	46241986	46242100	0	B	2	ecotype_only_corroborated,ref_divergence	0	1	0	0	1		corroborated	siscowet			1	0	2	gene-LOC120026576	83	noncoding;tandem_cluster_n83	0	
gene-LOC120026628	LOC120026628	U2 spliceosomal RNA	snRNA	NC_052337.1	46302602	46302792	0	B	2	ecotype_only_corroborated,ref_divergence	0	1	0	0	1		corroborated	siscowet			1	0	2	gene-LOC120026576	83	noncoding;tandem_cluster_n83	0	
gene-LOC120026629	LOC120026629	U2 spliceosomal RNA	snRNA	NC_052337.1	46303653	46303843	0	B	2	ecotype_only_corroborated,ref_divergence	0	1	0	0	1		corroborated	siscowet			1	0	2	gene-LOC120026576	83	noncoding;tandem_cluster_n83	0	
gene-LOC120026630	LOC120026630	U2 spliceosomal RNA	snRNA	NC_052337.1	46304701	46304891	0	B	2	ecotype_only_corroborated,ref_divergence	0	1	0	0	1		corroborated	siscowet			1	0	2	gene-LOC120026576	83	noncoding;tandem_cluster_n83	0	
gene-LOC120026633	LOC120026633	U2 spliceosomal RNA	snRNA	NC_052337.1	46307825	46308015	0	B	2	ecotype_only_corroborated,ref_divergence	0	1	0	0	1		corroborated	siscowet			1	0	2	gene-LOC120026576	83	noncoding;tandem_cluster_n83	0	
gene-LOC120026638	LOC120026638	U2 spliceosomal RNA	snRNA	NC_052337.1	46242428	46242616	0	B	2	ecotype_only_corroborated,ref_divergence	0	1	0	0	1		corroborated	siscowet			1	0	2	gene-LOC120026576	83	noncoding;tandem_cluster_n83	0	
gene-LOC120026640	LOC120026640	U2 spliceosomal RNA	snRNA	NC_052337.1	45906321	45906504	0	B	2	cnv,ref_divergence	0	0	1	0	1		liftoff_only	siscowet	1	3	0	0	1	gene-LOC120026572	10	noncoding;tandem_cluster_n10	0	
gene-LOC120026642	LOC120026642	U2 spliceosomal RNA	snRNA	NC_052337.1	46283140	46283332	0	B	2	ecotype_only_corroborated,ref_divergence	0	1	0	0	1		corroborated	siscowet			1	0	2	gene-LOC120026576	83	noncoding;tandem_cluster_n83	0	
gene-LOC120026660	LOC120026660	U2 spliceosomal RNA	snRNA	NC_052337.1	46252951	46253139	0	B	2	ecotype_only_corroborated,ref_divergence	0	1	0	0	1		corroborated	siscowet			1	0	2	gene-LOC120026576	83	noncoding;tandem_cluster_n83	0	
gene-LOC120026661	LOC120026661	U2 spliceosomal RNA	snRNA	NC_052337.1	46260158	46260346	0	B	2	ecotype_only_corroborated,ref_divergence	0	1	0	0	1		corroborated	siscowet			1	0	2	gene-LOC120026576	83	noncoding;tandem_cluster_n83	0	
gene-LOC120026859	LOC120026859	zinc finger protein 865-like	protein_coding	NC_052338.1	7660206	7677181	3	B	2	ecotype_only_corroborated,ref_divergence	0	1	0	0	1		corroborated	siscowet			1	0	2	gene-LOC120026859	1	repeat_or_tandem_family	0	
gene-LOC120026882	LOC120026882	uncharacterized LOC120026882	lncRNA	NC_052338.1	19628545	19629052	0	B	2	cnv,ref_divergence	0	0	1	0	1		liftoff_only	siscowet	1	2	0	0	1	gene-LOC120027427	2	noncoding;repeat_or_tandem_family	0	
gene-LOC120026906	LOC120026906	uncharacterized LOC120026906	lncRNA	NC_052338.1	32972157	32976355	0	B	2	cnv,ref_divergence	0	0	1	0	1		liftoff_only	lean	2	1	0	0	1	gene-LOC120026906	1	noncoding;repeat_or_tandem_family	0	
gene-LOC120026910	LOC120026910	uncharacterized LOC120026910	lncRNA	NC_052338.1	19978922	19997477	0	B	2	ecotype_only_corroborated,ref_divergence	0	1	0	0	1		corroborated	siscowet			1	0	2	gene-LOC120027201	9	noncoding;repeat_or_tandem_family;tandem_cluster_n9	0	
gene-LOC120026978	LOC120026978	uncharacterized LOC120026978	protein_coding	NC_052338.1	20043224	20045443	0	B	2	ecotype_only_corroborated,ref_divergence	0	1	0	0	1		corroborated	siscowet			1	0	2	gene-LOC120027201	9	repeat_or_tandem_family;tandem_cluster_n9	0	
gene-LOC120026984	LOC120026984	uncharacterized LOC120026984	lncRNA	NC_052308.1	59822911	59824297	0	B	2	cnv,ref_divergence	0	0	1	0	1		liftoff_only	siscowet	2	3	0	0	1	gene-LOC120026968	3	noncoding;repeat_or_tandem_family	0	
gene-LOC120027007	LOC120027007	uncharacterized LOC120027007	lncRNA	NC_052308.1	59940328	59941731	0	B	2	cnv,ref_divergence	0	0	1	0	1		liftoff_only	siscowet	2	4	0	1	1	gene-LOC120027007	2	noncoding;repeat_or_tandem_family	0	0
gene-LOC120027011	LOC120027011	uncharacterized LOC120027011	lncRNA	NC_052338.1	16573361	16576081	0	B	2	cnv,ref_divergence	0	0	1	0	1		liftoff_only	siscowet	1	2	0	0	1	gene-LOC120027011	1	noncoding;repeat_or_tandem_family	0	
gene-LOC120027050	LOC120027050	uncharacterized LOC120027050	protein_coding	NC_052338.1	20053938	20057626	0	B	2	ecotype_only_corroborated,ref_divergence	0	1	0	0	1		corroborated	siscowet			1	0	2	gene-LOC120027201	9	repeat_or_tandem_family;tandem_cluster_n9	0	
gene-LOC120027057	LOC120027057	zinc finger transcription factor Trps1-like	protein_coding	NC_052338.1	21794585	21816154	5	B	2	cnv,ref_divergence	0	0	1	0	1		liftoff_only	siscowet	1	2	0	0	1	gene-LOC120027057	1	repeat_or_tandem_family	0	
gene-LOC120027074	LOC120027074	uncharacterized LOC120027074	lncRNA	NC_052308.1	60608333	60609618	0	B	2	cnv,ref_divergence	0	0	1	0	1		liftoff_only	siscowet	3	4	0	0	1	gene-LOC120027074	1	noncoding;repeat_or_tandem_family	0	
gene-LOC120027130	LOC120027130	uncharacterized LOC120027130	protein_coding	NC_052308.1	61192252	61193878	0	B	2	cnv,ref_divergence	0	0	1	0	1		liftoff_only	siscowet	2	3	0	0	1	gene-LOC120027103	4	repeat_or_tandem_family	0	
gene-LOC120027150	LOC120027150	uncharacterized LOC120027150	protein_coding	NC_052338.1	20154385	20156603	0	B	2	ecotype_only_corroborated,ref_divergence	0	1	0	0	1		corroborated	siscowet			1	0	2	gene-LOC120027201	9	repeat_or_tandem_family;tandem_cluster_n9	0	
gene-LOC120027201	LOC120027201	uncharacterized LOC120027201	protein_coding	NC_052338.1	19960407	19969454	0	B	2	cnv,ref_divergence	0	0	1	0	1		liftoff_only	siscowet	1	2	0	0	1	gene-LOC120027201	9	repeat_or_tandem_family;tandem_cluster_n9	0	
gene-LOC120027220	LOC120027220	uncharacterized LOC120027220	lncRNA	NC_052338.1	17517326	17518792	0	B	2	cnv,ref_divergence	0	0	1	0	1		liftoff_only	lean	2	1	0	0	1	gene-LOC120027220	1	noncoding;repeat_or_tandem_family	0	
gene-LOC120027316	LOC120027316	uncharacterized LOC120027316	lncRNA	NC_052338.1	6767547	6767948	0	B	2	cnv,ref_divergence	0	0	1	0	1		liftoff_only	lean	4	3	0	0	1	gene-LOC120027345	7	noncoding;repeat_or_tandem_family;tandem_cluster_n7	0	
gene-LOC120027323	LOC120027323	uncharacterized LOC120027323	lncRNA	NC_052338.1	27226674	27227096	0	B	2	cnv,ref_divergence	0	0	1	0	1		liftoff_only	siscowet	23	24	0	0	1	gene-LOC120027323	1	noncoding;repeat_or_tandem_family	0	
gene-LOC120027345	LOC120027345	uncharacterized LOC120027345	lncRNA	NC_052338.1	6733726	6734123	0	B	2	cnv,ref_divergence	0	0	1	0	1		liftoff_only	siscowet	3	7	0	0	1	gene-LOC120027345	7	noncoding;repeat_or_tandem_family;tandem_cluster_n7	0	
gene-LOC120027346	LOC120027346	uncharacterized LOC120027346	lncRNA	NC_052338.1	5712165	5716217	0	B	2	cnv,ref_divergence	0	0	1	0	1		liftoff_only	siscowet	1	2	0	0	1	gene-zgc:114119	2	noncoding;repeat_or_tandem_family	0	
gene-LOC120027377	LOC120027377	uncharacterized LOC120027377	lncRNA	NC_052338.1	10002282	10002680	0	B	2	cnv,ref_divergence	0	0	1	0	1		liftoff_only	lean	5	4	0	0	1	gene-LOC120027376	3	noncoding;repeat_or_tandem_family	0	
gene-LOC120027407	LOC120027407	uncharacterized LOC120027407	protein_coding	NC_052338.1	20007167	20009698	0	B	2	ecotype_only_corroborated,ref_divergence	0	1	0	0	1		corroborated	siscowet			1	0	2	gene-LOC120027201	9	repeat_or_tandem_family;tandem_cluster_n9	0	
gene-LOC120027458	LOC120027458	uncharacterized LOC120027458	protein_coding	NC_052338.1	20529461	20530564	0	B	2	cnv,ref_divergence	0	0	1	0	1		liftoff_only	siscowet	49	50	0	0	1	gene-LOC120027458	1	repeat_or_tandem_family	0	
gene-LOC120027495	LOC120027495	histone-lysine N-methyltransferase, H3 lysine-79 specific-like	protein_coding	NC_052338.1	6606866	6609189	0	B	2	cnv,ref_divergence	0	0	1	0	1		liftoff_only	lean	2	1	0	0	1	gene-LOC120027495	1	repeat_or_tandem_family	0	
gene-LOC120027508	LOC120027508	keratin, type I cytoskeletal 13-like	protein_coding	NC_052308.1	65274940	65278130	1	B	2	cnv,ref_divergence	0	0	1	0	1		liftoff_only	siscowet	1	2	0	0	1	gene-LOC120027504	15	tandem_cluster_n15	0	
gene-LOC120027517	LOC120027517	zinc finger protein 687b-like	protein_coding	NC_052338.1	1701406	1711219	0	B	2	cnv,ref_divergence	0	0	1	0	1		liftoff_only	siscowet	1	2	0	0	1	gene-LOC120027517	1	repeat_or_tandem_family	0	
gene-LOC120027518	LOC120027518	keratin, type I cytoskeletal 13-like	protein_coding	NC_052308.1	65307017	65310366	1	B	2	ecotype_only_corroborated,ref_divergence	0	1	0	0	1		corroborated	siscowet			1	0	2	gene-LOC120027504	15	tandem_cluster_n15	0	
gene-LOC120027553	LOC120027553	U11 spliceosomal RNA	snRNA	NC_052338.1	16558773	16558908	0	B	2	cnv,ref_divergence	0	0	1	0	1		liftoff_only	siscowet	1	2	0	0	1	gene-LOC120027553	1	noncoding	0	
gene-LOC120027556	LOC120027556	small nucleolar RNA SNORD99	snoRNA	NC_052338.1	16575726	16575798	0	B	2	cnv,ref_divergence	0	0	1	0	1		liftoff_only	siscowet	1	2	0	0	1	gene-LOC120027561	3	noncoding	0	
gene-LOC120027560	LOC120027560	small nucleolar RNA SNORD103/SNORD85	snoRNA	NC_052338.1	16574437	16574514	0	B	2	cnv,ref_divergence	0	0	1	0	1		liftoff_only	siscowet	1	2	0	0	1	gene-LOC120027561	3	noncoding	0	
gene-LOC120027561	LOC120027561	small nucleolar RNA SNORA16B/SNORA16A family	snoRNA	NC_052338.1	16574118	16574253	0	B	2	cnv,ref_divergence	0	0	1	0	1		liftoff_only	siscowet	1	2	0	0	1	gene-LOC120027561	3	noncoding	0	
gene-LOC120027816	LOC120027816	uncharacterized LOC120027816	lncRNA	NC_052339.1	12082590	12087797	0	B	2	ecotype_only_corroborated,ref_divergence	0	1	0	0	1		corroborated	lean			1	0	2	gene-LOC120027816	1	noncoding;repeat_or_tandem_family	0	
gene-LOC120027915	LOC120027915	uncharacterized protein DDB_G0284459-like	protein_coding	NC_052339.1	32241947	32401405	2	B	2	ecotype_only_corroborated,ref_divergence	0	1	0	0	1		corroborated	lean			1	0	2	gene-LOC120027915	1	repeat_or_tandem_family	0	
gene-LOC120027918	LOC120027918	uncharacterized LOC120027918	protein_coding	NC_052308.1	71894054	71894732	5	B	2	cnv,ref_divergence	0	0	1	0	1		liftoff_only	siscowet	1	2	0	0	1	gene-LOC120027918	1	repeat_or_tandem_family	0	
gene-LOC120027956	LOC120027956	uncharacterized LOC120027956	lncRNA	NC_052339.1	10767247	10774636	0	B	2	cnv,ref_divergence	0	0	1	0	1		liftoff_only	siscowet	1	2	0	0	1	gene-LOC120027957	2	noncoding;repeat_or_tandem_family	0	
gene-LOC120027957	LOC120027957	uncharacterized LOC120027957	lncRNA	NC_052339.1	10762581	10768103	0	B	2	cnv,ref_divergence	0	0	1	0	1		liftoff_only	siscowet	1	2	0	0	1	gene-LOC120027957	2	noncoding;repeat_or_tandem_family	0	
gene-LOC120028050	LOC120028050	uncharacterized LOC120028050	protein_coding	NC_052339.1	84622	94967	0	B	2	cnv,ref_divergence	0	0	1	0	1		liftoff_only	siscowet	1	4	0	0	1	gene-LOC120027761	3	repeat_or_tandem_family	0	
gene-LOC120028053	LOC120028053	uncharacterized LOC120028053	lncRNA	NC_052308.1	74227447	74229134	0	B	2	cnv,ref_divergence	0	0	1	0	1		liftoff_only	lean	5	3	0	0	1	gene-LOC120028046	3	noncoding;repeat_or_tandem_family	0	
gene-LOC120028073	LOC120028073	zinc finger protein 239-like	protein_coding	NC_052308.1	79632212	79640249	0	B	2	ecotype_only_corroborated,ref_divergence	0	1	0	0	1		corroborated	siscowet			1	0	2	gene-LOC120019509	3	repeat_or_tandem_family	0	
gene-LOC120028151	LOC120028151	uncharacterized LOC120028151	lncRNA	NC_052339.1	32392548	32394451	0	B	2	cnv,ref_divergence	0	0	1	0	1		liftoff_only	lean	11	1	0	0	1	gene-LOC120028151	1	noncoding;repeat_or_tandem_family	0	
gene-LOC120028229	LOC120028229	immunoglobulin superfamily member 11-like	protein_coding	NC_052340.1	10164455	10270411	3	B	2	ecotype_only_corroborated,ref_divergence	0	1	0	0	1		corroborated	lean			1	0	2	gene-LOC120028229	1	repeat_or_tandem_family	0	
gene-LOC120028231	LOC120028231	uncharacterized LOC120028231	lncRNA	NC_052308.1	75638146	75638584	0	B	2	cnv,ref_divergence	0	0	1	0	1		liftoff_only	siscowet	4	13	0	0	1	gene-LOC120018312	2	noncoding;repeat_or_tandem_family	0	
gene-LOC120028286	LOC120028286	U4 spliceosomal RNA	snRNA	NC_052308.1	33044323	33044459	0	B	2	cnv,ref_divergence	0	0	1	0	1		liftoff_only	siscowet	2	21	0	0	1	gene-LOC120028765	46	noncoding;tandem_cluster_n46	0	
gene-LOC120028289	LOC120028289	U4 spliceosomal RNA	snRNA	NC_052308.1	33049758	33049894	0	B	2	cnv,ref_divergence	0	0	1	0	1		liftoff_only	siscowet	1	11	0	0	1	gene-LOC120028765	46	noncoding;tandem_cluster_n46	0	
gene-LOC120028294	LOC120028294	U4 spliceosomal RNA	snRNA	NC_052308.1	33051011	33051147	0	B	2	cnv,ref_divergence	0	0	1	0	1		liftoff_only	siscowet	1	11	0	0	1	gene-LOC120028765	46	noncoding;tandem_cluster_n46	0	
gene-LOC120028297	LOC120028297	U4 spliceosomal RNA	snRNA	NC_052308.1	33059887	33060023	0	B	2	cnv,ref_divergence	0	0	1	0	1		liftoff_only	siscowet	1	9	0	0	1	gene-LOC120028765	46	noncoding;tandem_cluster_n46	0	
gene-LOC120028303	LOC120028303	U4 spliceosomal RNA	snRNA	NC_052308.1	33081464	33081600	0	B	2	cnv,ref_divergence	0	0	1	0	1		liftoff_only	siscowet	1	5	0	0	1	gene-LOC120028765	46	noncoding;tandem_cluster_n46	0	
gene-LOC120028312	LOC120028312	U4 spliceosomal RNA	snRNA	NC_052308.1	33082717	33082853	0	B	2	cnv,ref_divergence	0	0	1	0	1		liftoff_only	siscowet	1	3	0	0	1	gene-LOC120028765	46	noncoding;tandem_cluster_n46	0	
gene-LOC120028315	LOC120028315	zinc finger FYVE domain-containing protein 1-like	protein_coding	NC_052340.1	11772420	11797550	1	B	2	cnv,ref_divergence	0	0	1	0	1		liftoff_only	siscowet	1	2	0	0	1	gene-dpf1	2	repeat_or_tandem_family	0	
gene-LOC120028320	LOC120028320	U4 spliceosomal RNA	snRNA	NC_052308.1	33083971	33084107	0	B	2	cnv,ref_divergence	0	0	1	0	1		liftoff_only	siscowet	1	5	0	0	1	gene-LOC120028765	46	noncoding;tandem_cluster_n46	0	
gene-LOC120028377	LOC120028377	uncharacterized LOC120028377	protein_coding	NC_052340.1	16656541	16658170	4	B	2	ecotype_only_corroborated,ref_divergence	0	1	0	0	1		corroborated	siscowet			1	0	2	gene-LOC120028377	1	repeat_or_tandem_family	0	
gene-LOC120028379	LOC120028379	uncharacterized LOC120028379	protein_coding	NC_052340.1	2251285	2267323	0	B	2	ecotype_only_corroborated,ref_divergence	0	1	0	0	1		corroborated	siscowet			1	0	2	gene-LOC120028614	7	repeat_or_tandem_family;tandem_cluster_n7	0	
gene-LOC120028410	LOC120028410	small nucleolar RNA SNORA57	snoRNA	NC_052308.1	49686108	49686239	0	B	2	cnv,ref_divergence	0	0	1	0	1		liftoff_only	siscowet	1	2	0	0	1	gene-LOC120028410	1	noncoding	0	
gene-LOC120028418	LOC120028418	small nucleolar RNA SNORD57	snoRNA	NC_052308.1	45168464	45168530	0	B	2	cnv,ref_divergence	0	0	1	0	1		liftoff_only	siscowet	1	2	0	0	1	gene-LOC120028503	2	noncoding	0	
gene-LOC120028441	LOC120028441	U4 spliceosomal RNA	snRNA	NC_052308.1	33027919	33028060	0	B	2	cnv,ref_divergence	0	0	1	0	1		liftoff_only	siscowet	1	3	0	0	1	gene-LOC120028765	46	noncoding;tandem_cluster_n46	0	
gene-LOC120028480	LOC120028480	small nucleolar RNA SNORA49	snoRNA	NC_052308.1	66532270	66532403	0	B	2	ecotype_only_corroborated,ref_divergence	0	1	0	0	1		corroborated	siscowet			1	0	2	gene-LOC120028480	1	noncoding	0	
gene-LOC120028503	LOC120028503	small nucleolar RNA SNORA26	snoRNA	NC_052308.1	45166839	45166963	0	B	2	cnv,ref_divergence	0	0	1	0	1		liftoff_only	siscowet	1	2	0	0	1	gene-LOC120028503	2	noncoding	0	
gene-LOC120028526	LOC120028526	U4 spliceosomal RNA	snRNA	NC_052308.1	33026666	33026807	0	B	2	cnv,ref_divergence	0	0	1	0	1		liftoff_only	siscowet	3	11	0	0	1	gene-LOC120028765	46	noncoding;tandem_cluster_n46	0	
gene-LOC120028546	LOC120028546	uncharacterized LOC120028546	protein_coding	NC_052340.1	9925778	9928488	0	B	2	ecotype_only_corroborated,ref_divergence	0	1	0	0	1		corroborated	lean			1	0	2	gene-LOC120028546	1	repeat_or_tandem_family	0	
gene-LOC120028552	LOC120028552	U4 spliceosomal RNA	snRNA	NC_052308.1	33030425	33030566	0	B	2	cnv,ref_divergence	0	0	1	0	1		liftoff_only	siscowet	1	5	0	0	1	gene-LOC120028765	46	noncoding;tandem_cluster_n46	0	
gene-LOC120028556	LOC120028556	U4 spliceosomal RNA	snRNA	NC_052308.1	33071268	33071409	0	B	2	cnv,ref_divergence	0	0	1	0	1		liftoff_only	siscowet	1	3	0	0	1	gene-LOC120028765	46	noncoding;tandem_cluster_n46	0	
gene-LOC120028563	LOC120028563	U4 spliceosomal RNA	snRNA	NC_052308.1	33085958	33086099	0	B	2	cnv,ref_divergence	0	0	1	0	1		liftoff_only	siscowet	18	45	0	0	1	gene-LOC120028765	46	noncoding;tandem_cluster_n46	0	
gene-LOC120028568	LOC120028568	U4 spliceosomal RNA	snRNA	NC_052308.1	33039618	33039759	0	B	2	cnv,ref_divergence	0	0	1	0	1		liftoff_only	siscowet	1	2	0	0	1	gene-LOC120028765	46	noncoding;tandem_cluster_n46	0	
gene-LOC120028575	LOC120028575	U4 spliceosomal RNA	snRNA	NC_052308.1	33087212	33087353	0	B	2	cnv,ref_divergence	0	0	1	0	1		liftoff_only	siscowet	1	5	0	0	1	gene-LOC120028765	46	noncoding;tandem_cluster_n46	0	
gene-LOC120028580	LOC120028580	U4 spliceosomal RNA	snRNA	NC_052308.1	33070021	33070162	0	B	2	cnv,ref_divergence	0	0	1	0	1		liftoff_only	siscowet	2	13	0	0	1	gene-LOC120028765	46	noncoding;tandem_cluster_n46	0	
gene-LOC120028589	LOC120028589	U4 spliceosomal RNA	snRNA	NC_052308.1	33031678	33031819	0	B	2	cnv,ref_divergence	0	0	1	0	1		liftoff_only	siscowet	1	4	0	0	1	gene-LOC120028765	46	noncoding;tandem_cluster_n46	0	
gene-LOC120028593	LOC120028593	U4 spliceosomal RNA	snRNA	NC_052308.1	33032931	33033072	0	B	2	cnv,ref_divergence	0	0	1	0	1		liftoff_only	siscowet	1	2	0	0	1	gene-LOC120028765	46	noncoding;tandem_cluster_n46	0	
gene-LOC120028616	LOC120028616	U4 spliceosomal RNA	snRNA	NC_052308.1	33029172	33029313	0	B	2	cnv,ref_divergence	0	0	1	0	1		liftoff_only	siscowet	17	29	0	0	1	gene-LOC120028765	46	noncoding;tandem_cluster_n46	0	
gene-LOC120028617	LOC120028617	zinc finger and BTB domain-containing protein 44-like	protein_coding	NC_052340.1	14098319	14116111	5	B	2	cnv,ref_divergence	0	0	1	0	1		liftoff_only	siscowet	1	2	0	0	1	gene-LOC120028617	1	repeat_or_tandem_family	0	
gene-LOC120028623	LOC120028623	U4 spliceosomal RNA	snRNA	NC_052308.1	33068774	33068915	0	B	2	cnv,ref_divergence	0	0	1	0	1		liftoff_only	siscowet	2	4	0	0	1	gene-LOC120028765	46	noncoding;tandem_cluster_n46	0	
gene-LOC120028644	LOC120028644	U4 spliceosomal RNA	snRNA	NC_052308.1	33045053	33045194	0	B	2	cnv,ref_divergence	0	0	1	0	1		liftoff_only	siscowet	1	2	0	0	1	gene-LOC120028765	46	noncoding;tandem_cluster_n46	0	
gene-LOC120028671	LOC120028671	U4 spliceosomal RNA	snRNA	NC_052308.1	33060402	33060541	0	B	2	cnv,ref_divergence	0	0	1	0	1		liftoff_only	siscowet	1	2	0	0	1	gene-LOC120028765	46	noncoding;tandem_cluster_n46	0	
gene-LOC120028677	LOC120028677	U4 spliceosomal RNA	snRNA	NC_052308.1	33025411	33025552	0	B	2	cnv,ref_divergence	0	0	1	0	1		liftoff_only	siscowet	2	14	0	0	1	gene-LOC120028765	46	noncoding;tandem_cluster_n46	0	
gene-LOC120028680	LOC120028680	U4 spliceosomal RNA	snRNA	NC_052308.1	33057921	33058059	0	B	2	cnv,ref_divergence	0	0	1	0	1		liftoff_only	siscowet	1	2	0	0	1	gene-LOC120028765	46	noncoding;tandem_cluster_n46	0	
gene-LOC120028727	LOC120028727	U4 spliceosomal RNA	snRNA	NC_052308.1	33025934	33026070	0	B	2	cnv,ref_divergence	0	0	1	0	1		liftoff_only	siscowet	19	29	0	0	1	gene-LOC120028765	46	noncoding;tandem_cluster_n46	0	
gene-LOC120028732	LOC120028732	U4 spliceosomal RNA	snRNA	NC_052308.1	33033457	33033593	0	B	2	cnv,ref_divergence	0	0	1	0	1		liftoff_only	siscowet	1	6	0	0	1	gene-LOC120028765	46	noncoding;tandem_cluster_n46	0	
gene-LOC120028737	LOC120028737	U4 spliceosomal RNA	snRNA	NC_052308.1	33027189	33027325	0	B	2	cnv,ref_divergence	0	0	1	0	1		liftoff_only	siscowet	7	13	0	0	1	gene-LOC120028765	46	noncoding;tandem_cluster_n46	0	
gene-LOC120028743	LOC120028743	U4 spliceosomal RNA	snRNA	NC_052308.1	33028442	33028578	0	B	2	cnv,ref_divergence	0	0	1	0	1		liftoff_only	siscowet	2	10	0	0	1	gene-LOC120028765	46	noncoding;tandem_cluster_n46	0	
gene-LOC120028748	LOC120028748	U4 spliceosomal RNA	snRNA	NC_052308.1	33029695	33029831	0	B	2	cnv,ref_divergence	0	0	1	0	1		liftoff_only	siscowet	2	12	0	0	1	gene-LOC120028765	46	noncoding;tandem_cluster_n46	0	
gene-LOC120028753	LOC120028753	U4 spliceosomal RNA	snRNA	NC_052308.1	33030948	33031084	0	B	2	cnv,ref_divergence	0	0	1	0	1		liftoff_only	siscowet	1	9	0	0	1	gene-LOC120028765	46	noncoding;tandem_cluster_n46	0	
gene-LOC120028759	LOC120028759	U4 spliceosomal RNA	snRNA	NC_052308.1	33032201	33032337	0	B	2	cnv,ref_divergence	0	0	1	0	1		liftoff_only	siscowet	1	8	0	0	1	gene-LOC120028765	46	noncoding;tandem_cluster_n46	0	
gene-LOC120028761	LOC120028761	uncharacterized LOC120028761	protein_coding	NC_052340.1	11671373	11674720	1	B	2	ecotype_only_corroborated,ref_divergence	0	1	0	0	1		corroborated	siscowet			1	0	2	gene-LOC120029169	2	repeat_or_tandem_family	0	
gene-LOC120028765	LOC120028765	U4 spliceosomal RNA	snRNA	NC_052308.1	33025163	33025299	0	B	2	cnv,ref_divergence	0	0	1	0	1		liftoff_only	lean	24	14	0	0	1	gene-LOC120028765	46	noncoding;tandem_cluster_n46	0	
gene-LOC120028776	LOC120028776	U4 spliceosomal RNA	snRNA	NC_052308.1	33058645	33058780	0	B	2	cnv,ref_divergence	0	0	1	0	1		liftoff_only	siscowet	1	8	0	0	1	gene-LOC120028765	46	noncoding;tandem_cluster_n46	0	
gene-LOC120028804	LOC120028804	U4 spliceosomal RNA	snRNA	NC_052308.1	33038887	33039023	0	B	2	cnv,ref_divergence	0	0	1	0	1		liftoff_only	siscowet	5	18	0	0	1	gene-LOC120028765	46	noncoding;tandem_cluster_n46	0	
gene-LOC120028849	LOC120028849	uncharacterized LOC120028849	protein_coding	NC_052340.1	2296270	2312385	0	B	2	ecotype_only_corroborated,ref_divergence	0	1	0	0	1		corroborated	siscowet			1	0	2	gene-LOC120028614	7	repeat_or_tandem_family;tandem_cluster_n7	0	
gene-LOC120028990	LOC120028990	uncharacterized LOC120028990	lncRNA	NC_052340.1	37745324	37748206	0	B	2	ecotype_only_corroborated,ref_divergence	0	1	0	0	1		corroborated	siscowet			1	0	2	gene-LOC120028990	2	noncoding;repeat_or_tandem_family	0	
gene-LOC120029100	LOC120029100	uncharacterized LOC120029100	protein_coding	NC_052340.1	10120322	10127653	1	B	2	ecotype_only_corroborated,ref_divergence	0	1	0	0	1		corroborated	lean			1	0	2	gene-LOC120029100	1	repeat_or_tandem_family	0	
gene-LOC120029133	LOC120029133	uncharacterized LOC120029133	protein_coding	NC_052340.1	8574835	8580881	0	B	2	ecotype_only_corroborated,ref_divergence	0	1	0	0	1		corroborated	siscowet			1	0	2	gene-LOC120029133	1	repeat_or_tandem_family	0	
gene-LOC120029158	LOC120029158	uncharacterized LOC120029158	protein_coding	NC_052340.1	9004598	9010644	3	B	2	ecotype_only_corroborated,ref_divergence	0	1	0	0	1		corroborated	lean			1	0	2	gene-LOC120029158	1	repeat_or_tandem_family	0	
gene-LOC120029194	LOC120029194	uncharacterized protein C11orf53 homolog	protein_coding	NC_052340.1	14054426	14067541	2	B	2	cnv,ref_divergence	0	0	1	0	1		liftoff_only	siscowet	1	2	0	0	1	gene-LOC120029194	1	repeat_or_tandem_family	0	
gene-LOC120029219	LOC120029219	olfactory receptor 1D2-like	protein_coding	NC_052340.1	16047512	16048450	4	B	2	cnv,ref_divergence	0	0	1	0	1		liftoff_only	lean	3	2	0	0	1	gene-LOC120029213	15	tandem_cluster_n15	0	
gene-LOC120029226	LOC120029226	olfactory receptor 2A25-like	protein_coding	NC_052340.1	16186213	16187500	4	B	2	cnv,ref_divergence	0	0	1	0	1		liftoff_only	siscowet	2	3	0	0	1	gene-LOC120029213	15	tandem_cluster_n15	0	1
gene-LOC120029229	LOC120029229	olfactory receptor 11A1-like	protein_coding	NC_052340.1	16282999	16283931	4	B	2	cnv,ref_divergence	0	0	1	0	1		liftoff_only	siscowet	1	2	0	0	1	gene-LOC120029213	15	tandem_cluster_n15	0	
gene-LOC120029247	LOC120029247	small nucleolar RNA SNORD66	snoRNA	NC_052340.1	30157018	30157071	0	B	2	cnv,ref_divergence	0	0	1	0	1		liftoff_only	lean	2	1	0	0	1	gene-LOC120029247	2	noncoding	0	
gene-LOC120029306	LOC120029306	zinc finger protein 841-like	protein_coding	NC_052341.1	21578472	21591735	0	B	2	cnv,ref_divergence	0	0	1	0	1		liftoff_only	lean	2	1	0	0	1	gene-LOC120029494	3	repeat_or_tandem_family	0	
gene-LOC120029530	LOC120029530	histone-lysine N-methyltransferase PRDM9-like	protein_coding	NC_052341.1	15665461	15670233	7	B	2	cnv,ref_divergence	0	0	1	0	1		liftoff_only	siscowet	1	2	0	0	1	gene-LOC120029530	1	repeat_or_tandem_family	0	
gene-LOC120029562	LOC120029562	cystatin-like	protein_coding	NC_052341.1	4581264	4583781	2	B	2	cnv,ref_divergence	0	0	1	0	1		liftoff_only	lean	2	1	0	0	1	gene-LOC120029927	10	tandem_cluster_n10	0	
gene-LOC120029563	LOC120029563	cystatin-like	protein_coding	NC_052341.1	4542961	4545590	2	B	2	cnv,ref_divergence	0	0	1	0	1		liftoff_only	lean	3	1	0	0	1	gene-LOC120029927	10	tandem_cluster_n10	0	
gene-LOC120029595	LOC120029595	zinc finger protein 420-like	protein_coding	NC_052341.1	21600351	21613516	0	B	2	cnv,ref_divergence	0	0	1	0	1		liftoff_only	lean	2	1	0	0	1	gene-LOC120029494	3	repeat_or_tandem_family	0	
gene-LOC120029928	LOC120029928	cystatin-like	protein_coding	NC_052341.1	4470900	4474405	2	B	2	ecotype_only_corroborated,ref_divergence	0	1	0	0	1		corroborated	siscowet			1	0	2	gene-LOC120029927	10	tandem_cluster_n10	0	
gene-LOC120029933	LOC120029933	cystatin-like	protein_coding	NC_052341.1	4511806	4514303	2	B	2	cnv,ref_divergence	0	0	1	0	1		liftoff_only	siscowet	1	2	0	0	1	gene-LOC120029927	10	tandem_cluster_n10	0	
gene-LOC120029934	LOC120029934	cystatin-like	protein_coding	NC_052341.1	4494614	4497523	2	B	2	cnv,ref_divergence	0	0	1	0	1		liftoff_only	siscowet	2	4	0	0	1	gene-LOC120029927	10	tandem_cluster_n10	0	
gene-LOC120030043	LOC120030043	uncharacterized LOC120030043	lncRNA	NC_052341.1	2737091	2777427	0	B	2	cnv,ref_divergence	0	0	1	0	1		liftoff_only	siscowet	1	2	0	0	1	gene-LOC120030043	1	noncoding;repeat_or_tandem_family	0	
gene-LOC120030045	LOC120030045	uncharacterized LOC120030045	lncRNA	NC_052341.1	30912672	30914888	0	B	2	cnv,ref_divergence	0	0	1	0	1		liftoff_only	siscowet	1	2	0	0	1	gene-LOC120030045	1	noncoding;repeat_or_tandem_family	0	
gene-LOC120030201	LOC120030201	O-phosphoseryl-tRNA(Sec) selenium transferase-like	protein_coding	NC_052342.1	951874	960116	4	B	2	cnv,ref_divergence	0	0	1	0	1		liftoff_only	lean	2	1	0	0	1	gene-LOC120030201	1	repeat_or_tandem_family	0	
gene-LOC120030262	LOC120030262	uncharacterized LOC120030262	protein_coding	NC_052342.1	15437716	15439568	1	B	2	cnv,ref_divergence	0	0	1	0	1		liftoff_only	siscowet	1	2	0	0	1	gene-LOC120030258	7	repeat_or_tandem_family;tandem_cluster_n7	0	
gene-LOC120030281	LOC120030281	uncharacterized LOC120030281	protein_coding	NC_052342.1	16824312	16827813	1	B	2	cnv,ref_divergence	0	0	1	0	1		liftoff_only	siscowet	1	2	0	0	1	gene-LOC120030281	1	repeat_or_tandem_family	0	
gene-LOC120030340	LOC120030340	uncharacterized LOC120030340	lncRNA	NC_052342.1	23279532	23280916	0	B	2	ecotype_only_corroborated,ref_divergence	0	1	0	0	1		corroborated	siscowet			1	0	2	gene-LOC120030340	1	noncoding;repeat_or_tandem_family	0	
gene-LOC120030375	LOC120030375	uncharacterized LOC120030375	lncRNA	NC_052342.1	2018160	2019457	0	B	2	cnv,ref_divergence	0	0	1	0	1		liftoff_only	siscowet	1	5	0	0	1	gene-LOC120030375	1	noncoding;repeat_or_tandem_family	0	
gene-LOC120030438	LOC120030438	uncharacterized LOC120030438	lncRNA	NC_052342.1	13754642	13756234	0	B	2	cnv,ref_divergence	0	0	1	0	1		liftoff_only	siscowet	1	2	0	0	1	gene-LOC120030438	1	noncoding;repeat_or_tandem_family	0	
gene-LOC120030685	LOC120030685	uncharacterized LOC120030685	lncRNA	NC_052342.1	20815422	20816050	0	B	2	cnv,ref_divergence	0	0	1	0	1		liftoff_only	lean	4	2	0	0	1	gene-LOC120030685	1	noncoding;repeat_or_tandem_family	0	
gene-LOC120030706	LOC120030706	uncharacterized LOC120030706	lncRNA	NC_052342.1	19353435	19360290	0	B	2	cnv,ref_divergence	0	0	1	0	1		liftoff_only	siscowet	1	2	0	0	1	gene-LOC120030689	2	noncoding;repeat_or_tandem_family	0	
gene-LOC120030715	LOC120030715	uncharacterized LOC120030715	protein_coding	NC_052342.1	26878707	26882004	0	B	2	ecotype_only_corroborated,ref_divergence	0	1	0	0	1		corroborated	siscowet			1	0	2	gene-LOC120030715	1	repeat_or_tandem_family	0	
gene-LOC120030721	LOC120030721	small nucleolar RNA SNORD10	snoRNA	NC_052342.1	19676587	19676729	0	B	2	cnv,ref_divergence	0	0	1	0	1		liftoff_only	siscowet	1	3	0	0	1	gene-LOC120030721	2	noncoding	0	
gene-LOC120030803	LOC120030803	uncharacterized LOC120030803	lncRNA	NC_052343.1	13770001	13773064	0	B	2	cnv,ref_divergence	0	0	1	0	1		liftoff_only	siscowet	1	2	0	0	1	gene-LOC120030803	2	noncoding;repeat_or_tandem_family	0	
gene-LOC120030830	LOC120030830	uncharacterized LOC120030830	lncRNA	NC_052343.1	18578714	18580333	0	B	2	ecotype_only_corroborated,ref_divergence	0	1	0	0	1		corroborated	siscowet			1	0	2	gene-LOC120030830	2	noncoding;repeat_or_tandem_family	0	
gene-LOC120030835	LOC120030835	uncharacterized LOC120030835	lncRNA	NC_052343.1	9896843	9897649	0	B	2	ecotype_only_corroborated,ref_divergence	0	1	0	0	1		corroborated	lean			1	0	2	gene-LOC120030835	1	noncoding;repeat_or_tandem_family	0	
gene-LOC120030852	LOC120030852	zinc fingers and homeoboxes protein 2-like	protein_coding	NC_052343.1	16459414	16500935	4	B	2	ecotype_only_corroborated,ref_divergence	0	1	0	0	1		corroborated	siscowet			1	0	2	gene-LOC120030852	1	repeat_or_tandem_family	0	
gene-LOC120030880	LOC120030880	uncharacterized protein DKFZp434B061-like	protein_coding	NC_052343.1	16513242	16516180	0	B	2	ecotype_only_corroborated,ref_divergence	0	1	0	0	1		corroborated	siscowet			1	0	2	gene-LOC120030880	1	repeat_or_tandem_family	0	
gene-LOC120030948	LOC120030948	uncharacterized LOC120030948	protein_coding	NC_052343.1	27545620	27551821	2	B	2	ecotype_only_corroborated,ref_divergence	0	1	0	0	1		corroborated	siscowet			1	0	2	gene-LOC120030948	1	repeat_or_tandem_family	0	
gene-LOC120031016	LOC120031016	uncharacterized LOC120031016	lncRNA	NC_052343.1	27412399	27414383	0	B	2	cnv,ref_divergence	0	0	1	0	1		liftoff_only	siscowet	1	2	0	0	1	gene-LOC120031190	2	noncoding;repeat_or_tandem_family	0	
gene-LOC120031149	LOC120031149	uncharacterized LOC120031149	lncRNA	NC_052343.1	30474340	30476711	0	B	2	ecotype_only_corroborated,ref_divergence	0	1	0	0	1		corroborated	lean			1	0	2	gene-LOC120031149	2	noncoding;repeat_or_tandem_family	0	
gene-LOC120031189	LOC120031189	uncharacterized LOC120031189	lncRNA	NC_052343.1	25494174	25495050	0	B	2	cnv,ref_divergence	0	0	1	0	1		liftoff_only	siscowet	1	2	0	0	1	gene-LOC120031189	1	noncoding;repeat_or_tandem_family	0	
gene-LOC120031190	LOC120031190	uncharacterized LOC120031190	lncRNA	NC_052343.1	27411767	27412251	0	B	2	cnv,ref_divergence	0	0	1	0	1		liftoff_only	siscowet	1	2	0	0	1	gene-LOC120031190	2	noncoding;repeat_or_tandem_family	0	
gene-LOC120031223	LOC120031223	uncharacterized LOC120031223	lncRNA	NC_052343.1	20452661	20454634	0	B	2	cnv,ref_divergence	0	0	1	0	1		liftoff_only	siscowet	1	12	0	0	1	gene-LOC120031270	2	noncoding;repeat_or_tandem_family	0	
gene-LOC120031486	LOC120031486	PR domain zinc finger protein 1-like	protein_coding	NC_052343.1	14036510	14048281	7	B	2	ecotype_only_corroborated,ref_divergence	0	1	0	0	1		corroborated	siscowet			1	0	2	gene-LOC120031486	1	repeat_or_tandem_family	0	
gene-LOC120031548	LOC120031548	uncharacterized protein C8orf76-like	protein_coding	NC_052343.1	16546914	16550973	1	B	2	ecotype_only_corroborated,ref_divergence	0	1	0	0	1		corroborated	siscowet			1	0	2	gene-LOC120031548	1	repeat_or_tandem_family	0	
gene-LOC120031564	LOC120031564	zinc finger protein 236-like	protein_coding	NC_052343.1	426536	510014	4	B	2	ecotype_only_corroborated,ref_divergence	0	1	0	0	1		corroborated	siscowet			1	0	2	gene-LOC120031564	1	repeat_or_tandem_family	0	
gene-LOC120031958	LOC120031958	uncharacterized LOC120031958	lncRNA	NC_052344.1	24766593	24768342	0	B	2	ecotype_only_corroborated,ref_divergence	0	1	0	0	1		corroborated	siscowet			1	0	2	gene-LOC120031958	1	noncoding;repeat_or_tandem_family	0	
gene-LOC120031977	LOC120031977	PR domain zinc finger protein 4-like	protein_coding	NC_052344.1	5072220	5088271	7	B	2	ecotype_only_corroborated,ref_divergence	0	1	0	0	1		corroborated	siscowet			1	0	2	gene-LOC120031977	1	repeat_or_tandem_family	0	
gene-LOC120032071	LOC120032071	zinc finger protein 800-like	protein_coding	NC_052344.1	6144979	6169019	0	B	2	ecotype_only_corroborated,ref_divergence	0	1	0	0	1		corroborated	siscowet			1	1	3	gene-LOC120032071	1	repeat_or_tandem_family	0	0
gene-LOC120032213	LOC120032213	zinc finger protein AEBP2-like	protein_coding	NC_052344.1	7239503	7256101	2	B	2	ecotype_only_corroborated,ref_divergence	0	1	0	0	1		corroborated	siscowet			1	0	2	gene-LOC120032213	1	repeat_or_tandem_family	0	
gene-LOC120032232	LOC120032232	uncharacterized LOC120032232	protein_coding	NC_052344.1	11219380	11229624	0	B	2	cnv,ref_divergence	0	0	1	0	1		liftoff_only	siscowet	1	2	0	0	1	gene-LOC120032232	1	repeat_or_tandem_family	0	
gene-LOC120032348	LOC120032348	small nucleolar RNA ACA64	snoRNA	NC_052344.1	11977437	11977564	0	B	2	ecotype_only_corroborated,ref_divergence	0	1	0	0	1		corroborated	siscowet			1	0	2	gene-LOC120032348	1	noncoding	0	
gene-LOC120032358	LOC120032358	uncharacterized LOC120032358	protein_coding	NC_052345.1	23279226	23289258	0	B	2	cnv,ref_divergence	0	0	1	0	1		liftoff_only	siscowet	1	2	0	0	1	gene-LOC120032358	2	repeat_or_tandem_family	0	
gene-LOC120032377	LOC120032377	uncharacterized LOC120032377	lncRNA	NC_052345.1	13518466	13518861	0	B	2	cnv,ref_divergence	0	0	1	0	1		liftoff_only	siscowet	1	3	0	0	1	gene-LOC120032692	4	noncoding;repeat_or_tandem_family	0	
gene-LOC120032379	LOC120032379	uncharacterized LOC120032379	protein_coding	NC_052345.1	1878031	1935109	0	B	2	ecotype_only_corroborated,ref_divergence	0	1	0	0	1		corroborated	siscowet			1	0	2	gene-LOC120032386	5	repeat_or_tandem_family;tandem_cluster_n5	0	
gene-LOC120032385	LOC120032385	uncharacterized LOC120032385	lncRNA	NC_052345.1	1876497	1878772	0	B	2	cnv,ref_divergence	0	0	1	0	1		liftoff_only	lean	2	1	0	0	1	gene-LOC120032386	5	noncoding;repeat_or_tandem_family;tandem_cluster_n5	0	
gene-LOC120032397	LOC120032397	keratin, type I cytoskeletal 13-like	protein_coding	NC_052345.1	14537891	14543011	1	B	2	ecotype_only_corroborated,ref_divergence	0	1	0	0	1		corroborated	siscowet			1	0	2	gene-LOC120032712	11	tandem_cluster_n11	0	
gene-LOC120032398	LOC120032398	keratin, type I cytoskeletal 13-like	protein_coding	NC_052345.1	14575386	14578754	1	B	2	ecotype_only_corroborated,ref_divergence	0	1	0	0	1		corroborated	siscowet			1	0	2	gene-LOC120032712	11	tandem_cluster_n11	0	
gene-LOC120032413	LOC120032413	zinc finger protein 271-like	protein_coding	NC_052345.1	3814551	3821078	2	B	2	cnv,ref_divergence	0	0	1	0	1		liftoff_only	siscowet	1	2	0	0	1	gene-LOC120032414	7	repeat_or_tandem_family;tandem_cluster_n7	0	
gene-LOC120032418	LOC120032418	zinc finger protein 3-like	protein_coding	NC_052345.1	4007042	4015073	4	B	2	ecotype_only_corroborated,ref_divergence	0	1	0	0	1		corroborated	siscowet			1	0	2	gene-LOC120032414	7	repeat_or_tandem_family;tandem_cluster_n7	0	
gene-LOC120032419	LOC120032419	uncharacterized LOC120032419	lncRNA	NC_052345.1	3975300	3978395	0	B	2	cnv,ref_divergence	0	0	1	0	1		liftoff_only	siscowet	1	2	0	0	1	gene-LOC120032420	3	noncoding;repeat_or_tandem_family	0	0
gene-LOC120032441	LOC120032441	uncharacterized LOC120032441	protein_coding	NC_052345.1	892470	893495	0	B	2	cnv,ref_divergence	0	0	1	0	1		liftoff_only	siscowet	3	4	0	0	1	gene-LOC120032508	21	repeat_or_tandem_family;tandem_cluster_n21	0	
gene-LOC120032442	LOC120032442	uncharacterized LOC120032442	protein_coding	NC_052345.1	911780	912607	0	B	2	ecotype_only_corroborated,ref_divergence	0	1	0	0	1		corroborated	lean			1	0	2	gene-LOC120032508	21	repeat_or_tandem_family;tandem_cluster_n21	0	
gene-LOC120032449	LOC120032449	uncharacterized LOC120032449	protein_coding	NC_052345.1	1627114	1628684	0	B	2	cnv,ref_divergence	0	0	1	0	1		liftoff_only	siscowet	2	5	0	0	1	gene-LOC120032995	7	repeat_or_tandem_family;tandem_cluster_n7	0	
gene-LOC120032492	LOC120032492	WAP, Kazal, immunoglobulin, Kunitz and NTR domain-containing protein-like	protein_coding	NC_052345.1	8082199	8084518	3	B	2	ecotype_only_corroborated,ref_divergence	0	1	0	0	1		corroborated	siscowet			1	0	2	gene-LOC120032492	1	repeat_or_tandem_family	0	
gene-LOC120032529	LOC120032529	uncharacterized LOC120032529	lncRNA	NC_052345.1	2756638	2760463	0	B	2	cnv,ref_divergence	0	0	1	0	1		liftoff_only	siscowet	1	2	0	0	1	gene-LOC120032529	1	noncoding;repeat_or_tandem_family	0	
gene-LOC120032540	LOC120032540	uncharacterized LOC120032540	lncRNA	NC_052345.1	18627721	18628796	0	B	2	ecotype_only_corroborated,ref_divergence	0	1	0	0	1		corroborated	siscowet			1	0	2	gene-LOC120032541	2	noncoding;repeat_or_tandem_family	0	
gene-LOC120032584	LOC120032584	uncharacterized LOC120032584	lncRNA	NC_052345.1	851105	851668	0	B	2	cnv,ref_divergence	0	0	1	0	1		liftoff_only	siscowet	2	5	0	0	1	gene-LOC120032508	21	noncoding;repeat_or_tandem_family;tandem_cluster_n21	0	
gene-LOC120032614	LOC120032614	keratin, type I cytoskeletal 13-like	protein_coding	NC_052345.1	14504785	14508028	1	B	2	ecotype_only_corroborated,ref_divergence	0	1	0	0	1		corroborated	siscowet			1	0	2	gene-LOC120032712	11	tandem_cluster_n11	0	
gene-LOC120032622	LOC120032622	keratin, type I cytoskeletal 13-like	protein_coding	NC_052345.1	14600813	14605867	1	B	2	ecotype_only_corroborated,ref_divergence	0	1	0	0	1		corroborated	siscowet			1	0	2	gene-LOC120032712	11	tandem_cluster_n11	0	
gene-LOC120032656	LOC120032656	uncharacterized LOC120032656	lncRNA	NC_052345.1	15458546	15462964	0	B	2	ecotype_only_corroborated,ref_divergence	0	1	0	0	1		corroborated	siscowet			1	0	2	gene-LOC120032656	1	noncoding;repeat_or_tandem_family	0	
gene-LOC120032657	LOC120032657	uncharacterized LOC120032657	protein_coding	NC_052345.1	14864437	14874292	0	B	2	ecotype_only_corroborated,ref_divergence	0	1	0	0	1		corroborated	siscowet			1	0	2	gene-LOC120032657	3	repeat_or_tandem_family	0	
gene-LOC120032718	LOC120032718	keratin, type I cytoskeletal 13-like	protein_coding	NC_052345.1	14547613	14550161	1	B	2	cnv,ref_divergence	0	0	1	0	1		liftoff_only	siscowet	1	4	0	0	1	gene-LOC120032712	11	tandem_cluster_n11	0	
gene-LOC120032719	LOC120032719	keratin, type I cytoskeletal 18-A-like	protein_coding	NC_052345.1	14624127	14654621	0	B	2	ecotype_only_corroborated,ref_divergence	0	1	0	0	1		corroborated	siscowet			1	0	2	gene-LOC120032712	11	tandem_cluster_n11	0	
gene-LOC120032782	LOC120032782	uncharacterized LOC120032782	protein_coding	NC_052345.1	2861411	2891570	3	B	2	cnv,ref_divergence	0	0	1	0	1		liftoff_only	siscowet	1	2	0	0	1	gene-LOC120032782	1	repeat_or_tandem_family	0	
gene-LOC120032862	LOC120032862	uncharacterized LOC120032862	lncRNA	NC_052345.1	14492173	14493586	0	B	2	ecotype_only_corroborated,ref_divergence	0	1	0	0	1		corroborated	siscowet			1	0	2	gene-LOC120032922	2	noncoding;repeat_or_tandem_family	0	
gene-LOC120032882	LOC120032882	zinc finger protein Aiolos-like	protein_coding	NC_052345.1	14719470	14731323	3	B	2	ecotype_only_corroborated,ref_divergence	0	1	0	0	1		corroborated	siscowet			1	0	2	gene-LOC120032882	1	repeat_or_tandem_family	0	
gene-LOC120032919	LOC120032919	keratin, type I cytoskeletal 13	protein_coding	NC_052345.1	14460335	14469039	1	B	2	ecotype_only_corroborated,ref_divergence	0	1	0	0	1		corroborated	siscowet			1	0	2	gene-LOC120032712	11	tandem_cluster_n11	0	
gene-LOC120032920	LOC120032920	keratin, type I cytoskeletal 13-like	protein_coding	NC_052345.1	14471591	14483179	1	B	2	ecotype_only_corroborated,ref_divergence	0	1	0	0	1		corroborated	siscowet			1	0	2	gene-LOC120032712	11	tandem_cluster_n11	0	
gene-LOC120032953	LOC120032953	uncharacterized LOC120032953	protein_coding	NC_052345.1	14890030	14897470	4	B	2	ecotype_only_corroborated,ref_divergence	0	1	0	0	1		corroborated	siscowet			1	0	2	gene-LOC120032657	3	repeat_or_tandem_family	0	
gene-LOC120032971	LOC120032971	uncharacterized LOC120032971	protein_coding	NC_052345.1	363225	375226	1	B	2	ecotype_only_corroborated,ref_divergence	0	1	0	0	1		corroborated	siscowet			1	0	2	gene-LOC120032971	1	repeat_or_tandem_family	0	0
gene-LOC120032988	LOC120032988	uncharacterized LOC120032988	protein_coding	NC_052345.1	6473964	6485805	0	B	2	ecotype_only_corroborated,ref_divergence	0	1	0	0	1		corroborated	siscowet			1	0	2	gene-LOC120032791	3	repeat_or_tandem_family	0	
gene-LOC120033005	LOC120033005	uncharacterized LOC120033005	lncRNA	NC_052345.1	23333599	23349210	0	B	2	cnv,ref_divergence	0	0	1	0	1		liftoff_only	siscowet	1	2	0	1	1	gene-LOC120032358	2	noncoding;repeat_or_tandem_family	0	0
gene-LOC120033040	LOC120033040	uncharacterized LOC120033040	lncRNA	NC_052345.1	2654459	2655667	0	B	2	cnv,ref_divergence	0	0	1	0	1		liftoff_only	siscowet	1	2	0	1	1	gene-LOC120033040	2	noncoding;repeat_or_tandem_family	0	0
gene-LOC120033069	LOC120033069	U7 small nuclear RNA	snRNA	NC_052345.1	9059252	9059306	0	B	2	ecotype_only_corroborated,ref_divergence	0	1	0	0	1		corroborated	siscowet			1	0	2	gene-LOC120033069	1	noncoding	0	
gene-LOC120033071	LOC120033071	U7 small nuclear RNA	snRNA	NC_052345.1	5078498	5078550	0	B	2	cnv,ref_divergence	0	0	1	0	1		liftoff_only	siscowet	1	2	0	0	1	gene-LOC120033071	1	noncoding	0	
gene-LOC120033073	LOC120033073	small nucleolar RNA SNORD58	snoRNA	NC_052345.1	14305156	14305226	0	B	2	ecotype_only_corroborated,ref_divergence	0	1	0	0	1		corroborated	siscowet			1	0	2	gene-LOC120033073	1	noncoding	0	
gene-LOC120033141	LOC120033141	uncharacterized LOC120033141	protein_coding	NC_052346.1	18807474	18811444	0	B	2	cnv,ref_divergence	0	0	1	0	1		liftoff_only	lean	2	1	0	0	1	gene-LOC120033141	3	repeat_or_tandem_family	0	
gene-LOC120033158	LOC120033158	gastrula zinc finger protein XlCGF7.1-like	protein_coding	NC_052346.1	21762460	21764473	5	B	2	cnv,ref_divergence	0	0	1	0	1		liftoff_only	lean	2	1	0	0	1	gene-LOC120033158	1	repeat_or_tandem_family	0	0
gene-LOC120033234	LOC120033234	uncharacterized LOC120033234	protein_coding	NC_052346.1	12768407	12786433	0	B	2	ecotype_only_corroborated,ref_divergence	0	1	0	0	1		corroborated	siscowet			1	0	2	gene-LOC120033234	1	repeat_or_tandem_family	0	
gene-LOC120033287	LOC120033287	uncharacterized LOC120033287	protein_coding	NC_052346.1	18561332	18568848	0	B	2	ecotype_only_corroborated,ref_divergence	0	1	0	0	1		corroborated	siscowet			1	0	2	gene-LOC120033307	6	repeat_or_tandem_family;tandem_cluster_n6	0	
gene-LOC120033339	LOC120033339	uncharacterized LOC120033339	lncRNA	NC_052346.1	20379983	20380826	0	B	2	cnv,ref_divergence	0	0	1	0	1		liftoff_only	siscowet	1	7	0	0	1	gene-LOC120033340	4	noncoding;repeat_or_tandem_family	0	
gene-LOC120033365	LOC120033365	uncharacterized LOC120033365	lncRNA	NC_052346.1	18511659	18512764	0	B	2	cnv,ref_divergence	0	0	1	0	1		liftoff_only	siscowet	1	2	0	0	1	gene-LOC120033307	6	noncoding;repeat_or_tandem_family;tandem_cluster_n6	0	
gene-LOC120033376	LOC120033376	uncharacterized LOC120033376	lncRNA	NC_052309.1	57180132	57180547	0	B	2	cnv,ref_divergence	0	0	1	0	1		liftoff_only	siscowet	2	5	0	0	1	gene-LOC120033376	1	noncoding;repeat_or_tandem_family	0	
gene-LOC120033423	LOC120033423	uncharacterized LOC120033423	lncRNA	NC_052346.1	18821190	18822085	0	B	2	cnv,ref_divergence	0	0	1	0	1		liftoff_only	siscowet	1	2	0	0	1	gene-LOC120033141	3	noncoding;repeat_or_tandem_family	0	
gene-LOC120033471	LOC120033471	zinc finger protein 135-like	protein_coding	NC_052346.1	20808123	20817337	4	B	2	ecotype_only_corroborated,ref_divergence	0	1	0	0	1		corroborated	lean			0	1	2	gene-LOC120033471	1	repeat_or_tandem_family	0	0
gene-LOC120033475	LOC120033475	gastrula zinc finger protein XlCGF17.1-like	protein_coding	NC_052346.1	21074155	21084154	4	B	2	cnv,ref_divergence	0	0	1	0	1		liftoff_only	siscowet	1	2	0	0	1	gene-LOC120033679	3	repeat_or_tandem_family	0	
gene-LOC120033477	LOC120033477	gastrula zinc finger protein XlCGF17.1-like	protein_coding	NC_052346.1	21232530	21248988	4	B	2	ecotype_only_corroborated,ref_divergence	0	1	0	0	1		corroborated	siscowet			1	0	2	gene-LOC120033519	4	repeat_or_tandem_family	0	
gene-LOC120033486	LOC120033486	zinc finger protein 658B-like	protein_coding	NC_052346.1	21969831	21990672	5	B	2	ecotype_only_corroborated,ref_divergence	0	1	0	0	1		corroborated	lean			1	0	2	gene-LOC120033484	3	repeat_or_tandem_family	0	0
gene-LOC120033489	LOC120033489	gastrula zinc finger protein XlCGF17.1-like	protein_coding	NC_052346.1	22140684	22151676	3	B	2	cnv,ref_divergence	0	0	1	0	1		liftoff_only	siscowet	1	2	0	0	1	gene-LOC120033654	4	repeat_or_tandem_family	0	
gene-LOC120033493	LOC120033493	gastrula zinc finger protein XlCGF17.1-like	protein_coding	NC_052346.1	22405316	22406961	3	B	2	cnv,ref_divergence	0	0	1	0	1		liftoff_only	siscowet	1	2	0	0	1	gene-LOC120033652	2	repeat_or_tandem_family	0	
gene-LOC120033498	LOC120033498	gastrula zinc finger protein XlCGF17.1-like	protein_coding	NC_052346.1	23131859	23138836	5	B	2	ecotype_only_corroborated,ref_divergence	0	1	0	0	1		corroborated	siscowet			1	0	2	gene-LOC120033498	1	repeat_or_tandem_family	0	
gene-LOC120033505	LOC120033505	uncharacterized LOC120033505	protein_coding	NC_052346.1	6564611	6572706	4	B	2	ecotype_only_corroborated,ref_divergence	0	1	0	0	1		corroborated	siscowet			1	0	2	gene-LOC120033139	2	repeat_or_tandem_family	0	
gene-LOC120033522	LOC120033522	uncharacterized LOC120033522	protein_coding	NC_052346.1	13127088	13132780	0	B	2	ecotype_only_corroborated,ref_divergence	0	1	0	0	1		corroborated	siscowet			1	0	2	gene-LOC120033522	1	repeat_or_tandem_family	0	
gene-LOC120033525	LOC120033525	zinc finger protein 585B-like	protein_coding	NC_052346.1	13275882	13295383	0	B	2	ecotype_only_corroborated,ref_divergence	0	1	0	0	1		corroborated	siscowet			1	0	2	gene-LOC120033528	4	repeat_or_tandem_family	0	
gene-LOC120033528	LOC120033528	zinc finger protein 260-like	protein_coding	NC_052346.1	13221589	13249118	0	B	2	ecotype_only_corroborated,ref_divergence	0	1	0	0	1		corroborated	siscowet			1	0	2	gene-LOC120033528	4	repeat_or_tandem_family	0	
gene-LOC120033638	LOC120033638	zinc finger protein 585A-like	protein_coding	NC_052346.1	22932121	22934281	3	B	2	ecotype_only_corroborated,ref_divergence	0	1	0	0	1		corroborated	lean			1	0	2	gene-LOC120033638	2	repeat_or_tandem_family	0	
gene-LOC120033639	LOC120033639	zinc finger protein 239-like	protein_coding	NC_052346.1	22132759	22134155	3	B	2	cnv,ref_divergence	0	0	1	0	1		liftoff_only	siscowet	1	2	0	0	1	gene-LOC120033487	2	repeat_or_tandem_family	0	
gene-LOC120033646	LOC120033646	zinc finger protein 583-like	protein_coding	NC_052346.1	21733325	21734971	3	B	2	cnv,ref_divergence	0	0	1	0	1		liftoff_only	lean	2	1	0	0	1	gene-LOC120033482	2	repeat_or_tandem_family	0	
gene-LOC120033647	LOC120033647	gastrula zinc finger protein XlCGF17.1-like	protein_coding	NC_052346.1	22610995	22612476	3	B	2	cnv,ref_divergence	0	0	1	0	1		liftoff_only	lean	2	1	0	0	1	gene-LOC120033647	1	repeat_or_tandem_family	0	
gene-LOC120033665	LOC120033665	uncharacterized LOC120033665	lncRNA	NC_052346.1	22413957	22419121	0	B	2	cnv,ref_divergence	0	0	1	0	1		liftoff_only	siscowet	1	2	0	0	1	gene-LOC120033661	2	noncoding;repeat_or_tandem_family	0	
gene-LOC120033678	LOC120033678	gastrula zinc finger protein XlCGF17.1-like	protein_coding	NC_052346.1	21025247	21026704	4	B	2	cnv,ref_divergence	0	0	1	0	1		liftoff_only	siscowet	1	2	0	0	1	gene-LOC120033679	3	repeat_or_tandem_family	0	
gene-LOC120033694	LOC120033694	uncharacterized LOC120033694	lncRNA	NC_052346.1	18819231	18819669	0	B	2	cnv,ref_divergence	0	0	1	0	1		liftoff_only	siscowet	7	9	0	0	1	gene-LOC120033141	3	noncoding;repeat_or_tandem_family	0	
gene-LOC120033742	LOC120033742	uncharacterized LOC120033742	lncRNA	NC_052346.1	20421654	20422508	0	B	2	cnv,ref_divergence	0	0	1	0	1		liftoff_only	siscowet	1	2	0	0	1	gene-LOC120033340	4	noncoding;repeat_or_tandem_family	0	
gene-LOC120033753	LOC120033753	ferritin, middle subunit-like	protein_coding	NC_052309.1	60010146	60013445	6	B	2	cnv,ref_divergence	0	0	1	0	1		liftoff_only	lean	2	1	0	0	1	gene-LOC120033782	11	tandem_cluster_n11	0	
gene-LOC120033771	LOC120033771	ferritin, middle subunit-like	protein_coding	NC_052309.1	60021436	60023474	6	B	2	cnv,ref_divergence	0	0	1	0	1		liftoff_only	lean	2	1	0	0	1	gene-LOC120033782	11	tandem_cluster_n11	0	
gene-LOC120033776	LOC120033776	zinc finger and SCAN domain-containing protein 21-like	protein_coding	NC_052346.1	16033863	16039930	1	B	2	ecotype_only_corroborated,ref_divergence	0	1	0	0	1		corroborated	lean			1	0	2	gene-LOC120033770	5	repeat_or_tandem_family;tandem_cluster_n5	0	
gene-LOC120033778	LOC120033778	U2 spliceosomal RNA	snRNA	NC_052346.1	22512073	22512265	0	B	2	cnv,ref_divergence	0	0	1	0	1		liftoff_only	siscowet	1	2	0	0	1	gene-LOC120033778	1	noncoding	0	
gene-LOC120033779	LOC120033779	U2 spliceosomal RNA	snRNA	NC_052346.1	20426199	20426388	0	B	2	cnv,ref_divergence	0	0	1	0	1		liftoff_only	lean	2	1	0	0	1	gene-LOC120033779	1	noncoding	0	
gene-LOC120033798	LOC120033798	ferritin, middle subunit-like	protein_coding	NC_052309.1	59991536	59998694	6	B	2	cnv,ref_divergence	0	0	1	0	1		liftoff_only	lean	3	2	0	0	1	gene-LOC120033782	11	tandem_cluster_n11	0	
gene-LOC120033830	LOC120033830	ferritin, middle subunit-like	protein_coding	NC_052309.1	60069292	60071339	6	B	2	cnv,ref_divergence	0	0	1	0	1		liftoff_only	siscowet	1	2	0	0	1	gene-LOC120033782	11	tandem_cluster_n11	0	
gene-LOC120034057	LOC120034057	heat shock 70 kDa protein-like	protein_coding	NC_052309.1	60575721	60580052	13	B	2	ecotype_only_corroborated,ref_divergence	0	1	0	0	1		corroborated	siscowet			1	0	2	gene-LOC120034057	10	tandem_cluster_n10	0	
gene-LOC120034085	LOC120034085	histone deacetylase 5-like	protein_coding	NC_052347.1	10865443	10979652	5	B	2	ecotype_only_corroborated,ref_divergence	0	1	0	0	1		corroborated	siscowet			1	0	2	gene-LOC120034085	1	repeat_or_tandem_family	0	
gene-LOC120034180	LOC120034180	gastrula zinc finger protein XlCGF57.1-like	protein_coding	NC_052347.1	4389904	4393306	3	B	2	ecotype_only_corroborated,ref_divergence	0	1	0	0	1		corroborated	siscowet			1	0	2	gene-LOC120034180	1	repeat_or_tandem_family	0	
gene-LOC120034293	LOC120034293	uncharacterized LOC120034293	protein_coding	NC_052347.1	21793648	21809141	0	B	2	ecotype_only_corroborated,ref_divergence	0	1	0	0	1		corroborated	siscowet			1	0	2	gene-LOC120034293	3	repeat_or_tandem_family	0	
gene-LOC120034328	LOC120034328	uncharacterized LOC120034328	protein_coding	NC_052347.1	4412751	4422318	2	B	2	ecotype_only_corroborated,ref_divergence	0	1	0	0	1		corroborated	siscowet			1	0	2	gene-LOC120034328	1	repeat_or_tandem_family	0	
gene-LOC120034440	LOC120034440	zinc finger protein 646-like	protein_coding	NC_052347.1	4548751	4569574	4	B	2	ecotype_only_corroborated,ref_divergence	0	1	0	0	1		corroborated	siscowet			1	0	2	gene-LOC120034440	1	repeat_or_tandem_family	0	
gene-LOC120034490	LOC120034490	histone-arginine methyltransferase CARM1	protein_coding	NC_052347.1	19268980	19282507	2	B	2	ecotype_only_corroborated,ref_divergence	0	1	0	0	1		corroborated	siscowet			1	0	2	gene-LOC120034490	1	repeat_or_tandem_family	0	
gene-LOC120034541	LOC120034541	histone-arginine methyltransferase CARM1	protein_coding	NC_052347.1	14542555	14555812	2	B	2	ecotype_only_corroborated,ref_divergence	0	1	0	0	1		corroborated	lean			1	0	2	gene-LOC120034541	1	repeat_or_tandem_family	0	
gene-LOC120034548	LOC120034548	uncharacterized LOC120034548	protein_coding	NC_052347.1	21125335	21127304	0	B	2	cnv,ref_divergence	0	0	1	0	1		liftoff_only	lean	2	1	0	0	1	gene-LOC120034548	1	repeat_or_tandem_family	0	
gene-LOC120034575	LOC120034575	interferon alpha-6-like	protein_coding	NC_052347.1	2221489	2222807	3	B	2	cnv,ref_divergence	0	0	1	0	1		liftoff_only	lean	2	1	0	0	1	gene-LOC120033879	13	tandem_cluster_n13	0	
gene-LOC120034592	LOC120034592	interferon alpha-6-like	protein_coding	NC_052347.1	2197174	2201357	3	B	2	ecotype_only_corroborated,ref_divergence	0	1	0	0	1		corroborated	siscowet			1	0	2	gene-LOC120033879	13	tandem_cluster_n13	0	
gene-LOC120034608	LOC120034608	small nucleolar RNA SNORD35	snoRNA	NC_052347.1	7371172	7371254	0	B	2	ecotype_only_corroborated,ref_divergence	0	1	0	0	1		corroborated	siscowet			1	0	2	gene-LOC120034608	6	noncoding;tandem_cluster_n6	0	
gene-LOC120034613	LOC120034613	small nucleolar RNA SNORD35	snoRNA	NC_052347.1	7371665	7371748	0	B	2	ecotype_only_corroborated,ref_divergence	0	1	0	0	1		corroborated	siscowet			1	0	2	gene-LOC120034608	6	noncoding;tandem_cluster_n6	0	
gene-LOC120034619	LOC120034619	small nucleolar RNA SNORD53/SNORD92	snoRNA	NC_052347.1	5352979	5353058	0	B	2	ecotype_only_corroborated,ref_divergence	0	1	0	0	1		corroborated	lean			1	0	2	gene-LOC120034619	2	noncoding	0	
gene-LOC120034620	LOC120034620	small nucleolar RNA SNORD53/SNORD92	snoRNA	NC_052347.1	5354035	5354116	0	B	2	ecotype_only_corroborated,ref_divergence	0	1	0	0	1		corroborated	lean			1	0	2	gene-LOC120034619	2	noncoding	0	
gene-LOC120034625	LOC120034625	small nucleolar RNA SNORA79	snoRNA	NC_052347.1	4711147	4711290	0	B	2	ecotype_only_corroborated,ref_divergence	0	1	0	0	1		corroborated	siscowet			1	0	2	gene-LOC120034626	3	noncoding	0	
gene-LOC120034626	LOC120034626	small nucleolar RNA SNORA79	snoRNA	NC_052347.1	4710274	4710417	0	B	2	ecotype_only_corroborated,ref_divergence	0	1	0	0	1		corroborated	siscowet			1	0	2	gene-LOC120034626	3	noncoding	0	
gene-LOC120034627	LOC120034627	small nucleolar RNA SNORA79	snoRNA	NC_052347.1	4711712	4711855	0	B	2	ecotype_only_corroborated,ref_divergence	0	1	0	0	1		corroborated	siscowet			1	0	2	gene-LOC120034626	3	noncoding	0	
gene-LOC120034689	LOC120034689	uncharacterized LOC120034689	protein_coding	NC_052348.1	16575808	16577368	2	B	2	cnv,ref_divergence	0	0	1	0	1		liftoff_only	lean	2	1	0	0	1	gene-LOC120034690	4	repeat_or_tandem_family	0	
gene-LOC120034690	LOC120034690	uncharacterized LOC120034690	protein_coding	NC_052348.1	16571316	16573264	2	B	2	cnv,ref_divergence	0	0	1	0	1		liftoff_only	lean	2	1	0	0	1	gene-LOC120034690	4	repeat_or_tandem_family	0	
gene-LOC120034727	LOC120034727	zinc finger protein 420-like	protein_coding	NC_052348.1	7564972	7566554	3	B	2	ecotype_only_corroborated,ref_divergence	0	1	0	0	1		corroborated	siscowet			1	0	2	gene-LOC120034814	25	repeat_or_tandem_family;tandem_cluster_n25	0	
gene-LOC120034728	LOC120034728	zinc finger protein 205-like	protein_coding	NC_052348.1	7584145	7587308	1	B	2	ecotype_only_corroborated,ref_divergence	0	1	0	0	1		corroborated	siscowet			1	0	2	gene-LOC120034814	25	repeat_or_tandem_family;tandem_cluster_n25	0	
gene-LOC120034745	LOC120034745	uncharacterized LOC120034745	protein_coding	NC_052348.1	13111862	13113713	0	B	2	cnv,ref_divergence	0	0	1	0	1		liftoff_only	siscowet	2	3	0	0	1	gene-LOC120034660	5	repeat_or_tandem_family;tandem_cluster_n5	0	
gene-LOC120034746	LOC120034746	probable E3 ubiquitin-protein ligase HERC3	protein_coding	NC_052348.1	13195863	13208255	3	B	2	ecotype_only_corroborated,ref_divergence	0	1	0	0	1		corroborated	lean			1	0	2	gene-LOC120034787	5	tandem_cluster_n5	0	
gene-LOC120034785	LOC120034785	probable E3 ubiquitin-protein ligase HERC6	protein_coding	NC_052348.1	13213245	13223679	1	B	2	ecotype_only_corroborated,ref_divergence	0	1	0	0	1		corroborated	lean			1	0	2	gene-LOC120034787	5	tandem_cluster_n5	0	
gene-LOC120034786	LOC120034786	probable E3 ubiquitin-protein ligase HERC3	protein_coding	NC_052348.1	13225141	13237306	3	B	2	ecotype_only_corroborated,ref_divergence	0	1	0	0	1		corroborated	lean			1	0	2	gene-LOC120034787	5	tandem_cluster_n5	0	
gene-LOC120034787	LOC120034787	probable E3 ubiquitin-protein ligase HERC6	protein_coding	NC_052348.1	13183667	13192190	0	B	2	ecotype_only_corroborated,ref_divergence	0	1	0	0	1		corroborated	lean			1	0	2	gene-LOC120034787	5	tandem_cluster_n5	0	
gene-LOC120034792	LOC120034792	zinc finger protein 330-like	protein_coding	NC_052348.1	13942842	13949658	2	B	2	ecotype_only_corroborated,ref_divergence	0	1	0	0	1		corroborated	siscowet			1	0	2	gene-LOC120034792	1	repeat_or_tandem_family	0	
gene-LOC120034797	LOC120034797	uncharacterized LOC120034797	protein_coding	NC_052348.1	13973645	13979225	10	B	2	ecotype_only_corroborated,ref_divergence	0	1	0	0	1		corroborated	siscowet			1	0	2	gene-LOC120034797	1	repeat_or_tandem_family	0	
gene-LOC120034804	LOC120034804	zinc finger protein 69 homolog	protein_coding	NC_052348.1	8334231	8473289	4	B	2	ecotype_only_corroborated,ref_divergence	0	1	0	0	1		corroborated	siscowet			1	0	2	gene-LOC120034884	12	repeat_or_tandem_family;tandem_cluster_n12	0	
gene-LOC120034806	LOC120034806	uncharacterized LOC120034806	protein_coding	NC_052348.1	7838674	7855201	1	B	2	ecotype_only_corroborated,ref_divergence	0	1	0	0	1		corroborated	siscowet			1	0	2	gene-LOC120034806	3	repeat_or_tandem_family	0	
gene-LOC120034808	LOC120034808	zinc finger protein 624-like	protein_coding	NC_052348.1	7996357	8103329	4	B	2	ecotype_only_corroborated,ref_divergence	0	1	0	0	1		corroborated	siscowet			1	0	2	gene-LOC120034814	25	repeat_or_tandem_family;tandem_cluster_n25	0	
gene-LOC120034811	LOC120034811	uncharacterized LOC120034811	protein_coding	NC_052348.1	8538032	8544546	1	B	2	ecotype_only_corroborated,ref_divergence	0	1	0	0	1		corroborated	siscowet			1	0	2	gene-LOC120034811	3	repeat_or_tandem_family	0	
gene-LOC120034817	LOC120034817	uncharacterized LOC120034817	protein_coding	NC_052348.1	7895799	7927811	1	B	2	ecotype_only_corroborated,ref_divergence	0	1	0	0	1		corroborated	siscowet			1	0	2	gene-LOC120034806	3	repeat_or_tandem_family	0	
gene-LOC120034822	LOC120034822	zinc finger and BTB domain-containing protein 18.3-like	protein_coding	NC_052348.1	7290528	7293317	3	B	2	ecotype_only_corroborated,ref_divergence	0	1	0	0	1		corroborated	siscowet			1	0	2	gene-LOC120034814	25	repeat_or_tandem_family;tandem_cluster_n25	0	
gene-LOC120034828	LOC120034828	zinc finger protein with KRAB and SCAN domains 8-like	protein_coding	NC_052348.1	7883351	7886205	3	B	2	ecotype_only_corroborated,ref_divergence	0	1	0	0	1		corroborated	siscowet			1	0	2	gene-LOC120034814	25	repeat_or_tandem_family;tandem_cluster_n25	0	
gene-LOC120034830	LOC120034830	zinc finger protein 507-like	protein_coding	NC_052348.1	7733706	7753398	3	B	2	ecotype_only_corroborated,ref_divergence	0	1	0	0	1		corroborated	siscowet			1	0	2	gene-LOC120034814	25	repeat_or_tandem_family;tandem_cluster_n25	0	
gene-LOC120034831	LOC120034831	zinc finger protein with KRAB and SCAN domains 1-like	protein_coding	NC_052348.1	7300330	7307481	3	B	2	ecotype_only_corroborated,ref_divergence	0	1	0	0	1		corroborated	siscowet			1	0	2	gene-LOC120034814	25	repeat_or_tandem_family;tandem_cluster_n25	0	
gene-LOC120034832	LOC120034832	gastrula zinc finger protein XlCGF48.2-like	protein_coding	NC_052348.1	8175800	8203363	3	B	2	ecotype_only_corroborated,ref_divergence	0	1	0	0	1		corroborated	siscowet			1	0	2	gene-LOC120034832	1	repeat_or_tandem_family	0	
gene-LOC120034836	LOC120034836	zinc finger protein 777-like	protein_coding	NC_052348.1	7604005	7611478	1	B	2	ecotype_only_corroborated,ref_divergence	0	1	0	0	1		corroborated	siscowet			1	0	2	gene-LOC120034814	25	repeat_or_tandem_family;tandem_cluster_n25	0	
gene-LOC120034837	LOC120034837	zinc finger protein 69 homolog	protein_coding	NC_052348.1	8261062	8265384	1	B	2	ecotype_only_corroborated,ref_divergence	0	1	0	0	1		corroborated	siscowet			1	0	2	gene-LOC120034884	12	repeat_or_tandem_family;tandem_cluster_n12	0	
gene-LOC120034840	LOC120034840	zinc finger protein 806-like	protein_coding	NC_052348.1	7465153	7468535	3	B	2	ecotype_only_corroborated,ref_divergence	0	1	0	0	1		corroborated	siscowet			1	0	2	gene-LOC120034814	25	repeat_or_tandem_family;tandem_cluster_n25	0	
gene-LOC120034841	LOC120034841	zinc finger protein 235-like	protein_coding	NC_052348.1	8501405	8504136	1	B	2	ecotype_only_corroborated,ref_divergence	0	1	0	0	1		corroborated	siscowet			1	0	2	gene-LOC120034884	12	repeat_or_tandem_family;tandem_cluster_n12	0	
gene-LOC120034842	LOC120034842	zinc finger and SCAN domain-containing protein 22-like	protein_coding	NC_052348.1	7336828	7340159	3	B	2	ecotype_only_corroborated,ref_divergence	0	1	0	0	1		corroborated	siscowet			1	0	2	gene-LOC120034814	25	repeat_or_tandem_family;tandem_cluster_n25	0	
gene-LOC120034845	LOC120034845	zinc finger protein 121-like	protein_coding	NC_052348.1	7458380	7461385	3	B	2	ecotype_only_corroborated,ref_divergence	0	1	0	0	1		corroborated	siscowet			1	0	2	gene-LOC120034814	25	repeat_or_tandem_family;tandem_cluster_n25	0	
gene-LOC120034848	LOC120034848	zinc finger protein 329-like	protein_coding	NC_052348.1	7481340	7488650	0	B	2	ecotype_only_corroborated,ref_divergence	0	1	0	0	1		corroborated	siscowet			1	0	2	gene-LOC120034814	25	repeat_or_tandem_family;tandem_cluster_n25	0	
gene-LOC120034852	LOC120034852	zinc finger protein with KRAB and SCAN domains 8-like	protein_coding	NC_052348.1	7812631	7821795	3	B	2	ecotype_only_corroborated,ref_divergence	0	1	0	0	1		corroborated	siscowet			1	0	2	gene-LOC120034814	25	repeat_or_tandem_family;tandem_cluster_n25	0	
gene-LOC120034856	LOC120034856	zinc finger protein with KRAB and SCAN domains 8-like	protein_coding	NC_052348.1	8003309	8008504	1	B	2	ecotype_only_corroborated,ref_divergence	0	1	0	0	1		corroborated	siscowet			1	0	2	gene-LOC120034814	25	repeat_or_tandem_family;tandem_cluster_n25	0	
gene-LOC120034858	LOC120034858	zinc finger and SCAN domain-containing protein 32-like	protein_coding	NC_052348.1	7706374	7713704	1	B	2	ecotype_only_corroborated,ref_divergence	0	1	0	0	1		corroborated	siscowet			1	0	2	gene-LOC120034814	25	repeat_or_tandem_family;tandem_cluster_n25	0	
gene-LOC120034863	LOC120034863	zinc finger protein 271-like	protein_coding	NC_052348.1	7832158	7834368	4	B	2	ecotype_only_corroborated,ref_divergence	0	1	0	0	1		corroborated	siscowet			1	0	2	gene-LOC120034814	25	repeat_or_tandem_family;tandem_cluster_n25	0	
gene-LOC120034864	LOC120034864	zinc finger protein 184-like	protein_coding	NC_052348.1	8431067	8435701	1	B	2	ecotype_only_corroborated,ref_divergence	0	1	0	0	1		corroborated	siscowet			1	0	2	gene-LOC120034884	12	repeat_or_tandem_family;tandem_cluster_n12	0	
gene-LOC120034867	LOC120034867	zinc finger protein 33B-like	protein_coding	NC_052348.1	7979747	7986776	3	B	2	ecotype_only_corroborated,ref_divergence	0	1	0	0	1		corroborated	siscowet			1	0	2	gene-LOC120034814	25	repeat_or_tandem_family;tandem_cluster_n25	0	
gene-LOC120034868	LOC120034868	zinc finger protein 709-like	protein_coding	NC_052348.1	8394663	8396633	3	B	2	ecotype_only_corroborated,ref_divergence	0	1	0	0	1		corroborated	siscowet			1	0	2	gene-LOC120034884	12	repeat_or_tandem_family;tandem_cluster_n12	0	
gene-LOC120034870	LOC120034870	zinc finger and SCAN domain-containing protein 22-like	protein_coding	NC_052348.1	7327651	7331592	1	B	2	ecotype_only_corroborated,ref_divergence	0	1	0	0	1		corroborated	siscowet			1	0	2	gene-LOC120034814	25	repeat_or_tandem_family;tandem_cluster_n25	0	
gene-LOC120034872	LOC120034872	zinc finger protein 25-like	protein_coding	NC_052348.1	7573978	7578726	3	B	2	ecotype_only_corroborated,ref_divergence	0	1	0	0	1		corroborated	siscowet			1	0	2	gene-LOC120034814	25	repeat_or_tandem_family;tandem_cluster_n25	0	
gene-LOC120034877	LOC120034877	zinc finger protein with KRAB and SCAN domains 1-like	protein_coding	NC_052348.1	7865032	7867093	1	B	2	ecotype_only_corroborated,ref_divergence	0	1	0	0	1		corroborated	siscowet			1	1	3	gene-LOC120034814	25	repeat_or_tandem_family;tandem_cluster_n25	0	0
gene-LOC120034879	LOC120034879	oocyte zinc finger protein XlCOF8.4-like	protein_coding	NC_052348.1	8545783	8553895	1	B	2	ecotype_only_corroborated,ref_divergence	0	1	0	0	1		corroborated	siscowet			1	0	2	gene-LOC120034879	1	repeat_or_tandem_family	0	
gene-LOC120034882	LOC120034882	gastrula zinc finger protein XlCGF7.1-like	protein_coding	NC_052348.1	7669074	7670852	3	B	2	ecotype_only_corroborated,ref_divergence	0	1	0	0	1		corroborated	siscowet			1	0	2	gene-LOC120034882	1	repeat_or_tandem_family	0	
gene-LOC120034888	LOC120034888	uncharacterized LOC120034888	protein_coding	NC_052348.1	7627134	7633250	1	B	2	ecotype_only_corroborated,ref_divergence	0	1	0	0	1		corroborated	siscowet			1	0	2	gene-LOC120034888	1	repeat_or_tandem_family	0	
gene-LOC120034892	LOC120034892	uncharacterized LOC120034892	lncRNA	NC_052348.1	8435857	8440919	0	B	2	ecotype_only_corroborated,ref_divergence	0	1	0	0	1		corroborated	siscowet			1	0	2	gene-LOC120034892	1	noncoding;repeat_or_tandem_family	0	
gene-LOC120034905	LOC120034905	uncharacterized LOC120034905	protein_coding	NC_052348.1	20226158	20238247	0	B	2	cnv,ref_divergence	0	0	1	0	1		liftoff_only	siscowet	1	2	0	0	1	gene-LOC120035068	4	repeat_or_tandem_family	0	
gene-LOC120034911	LOC120034911	putative zinc finger and SCAN domain-containing protein 5D	protein_coding	NC_052348.1	20297183	20334339	4	B	2	cnv,ref_divergence	0	0	1	0	1		liftoff_only	siscowet	1	2	0	0	1	gene-LOC120035003	6	repeat_or_tandem_family;tandem_cluster_n6	0	0
gene-LOC120034917	LOC120034917	zinc finger protein 224-like	protein_coding	NC_052348.1	20194107	20197683	3	B	2	cnv,ref_divergence	0	0	1	0	1		liftoff_only	siscowet	1	2	0	0	1	gene-LOC120034919	5	repeat_or_tandem_family;tandem_cluster_n5	0	
gene-LOC120034918	LOC120034918	zinc finger protein 708-like	protein_coding	NC_052348.1	20197892	20205463	4	B	2	cnv,ref_divergence	0	0	1	0	1		liftoff_only	siscowet	1	2	0	0	1	gene-LOC120034919	5	repeat_or_tandem_family;tandem_cluster_n5	0	
gene-LOC120034919	LOC120034919	zinc finger protein 629-like	protein_coding	NC_052348.1	20187668	20193770	1	B	2	cnv,ref_divergence	0	0	1	0	1		liftoff_only	siscowet	1	2	0	0	1	gene-LOC120034919	5	repeat_or_tandem_family;tandem_cluster_n5	0	
gene-LOC120034944	LOC120034944	uncharacterized LOC120034944	protein_coding	NC_052348.1	14748539	14750680	0	B	2	ecotype_only_corroborated,ref_divergence	0	1	0	0	1		corroborated	siscowet			1	0	2	gene-LOC120034944	1	repeat_or_tandem_family	0	
gene-LOC120034985	LOC120034985	uncharacterized LOC120034985	protein_coding	NC_052348.1	1349128	1352482	0	B	2	cnv,ref_divergence	0	0	1	0	1		liftoff_only	siscowet	1	2	0	0	1	gene-LOC120034985	2	repeat_or_tandem_family	0	
gene-LOC120034988	LOC120034988	uncharacterized LOC120034988	lncRNA	NC_052348.1	1290138	1290566	0	B	2	cnv,ref_divergence	0	0	1	0	1		liftoff_only	lean	7	4	0	0	1	gene-LOC120034988	1	noncoding;repeat_or_tandem_family	0	
gene-LOC120034990	LOC120034990	probable E3 ubiquitin-protein ligase HERC3	protein_coding	NC_052348.1	13237601	13276702	4	B	2	ecotype_only_corroborated,ref_divergence	0	1	0	0	1		corroborated	lean			1	0	2	gene-LOC120034787	5	tandem_cluster_n5	0	
gene-LOC120035003	LOC120035003	zinc finger protein 394-like	protein_coding	NC_052348.1	20280555	20291528	3	B	2	cnv,ref_divergence	0	0	1	0	1		liftoff_only	siscowet	1	2	0	0	1	gene-LOC120035003	6	repeat_or_tandem_family;tandem_cluster_n6	0	
gene-LOC120035019	LOC120035019	uncharacterized LOC120035019	lncRNA	NC_052348.1	16815767	16817079	0	B	2	cnv,ref_divergence	0	0	1	0	1		liftoff_only	lean	6	5	0	0	1	gene-LOC120035019	1	noncoding;repeat_or_tandem_family	0	
gene-LOC120035034	LOC120035034	uncharacterized LOC120035034	protein_coding	NC_052348.1	20238402	20278213	3	B	2	cnv,ref_divergence	0	0	1	0	1		liftoff_only	siscowet	1	2	0	0	1	gene-LOC120035068	4	repeat_or_tandem_family	0	
gene-LOC120035035	LOC120035035	uncharacterized LOC120035035	protein_coding	NC_052348.1	20243609	20248757	0	B	2	cnv,ref_divergence	0	0	1	0	1		liftoff_only	siscowet	1	2	0	0	1	gene-LOC120035068	4	repeat_or_tandem_family	0	
gene-LOC120035037	LOC120035037	zinc finger protein 84-like	protein_coding	NC_052348.1	20216147	20224456	3	B	2	cnv,ref_divergence	0	0	1	0	1		liftoff_only	siscowet	1	2	0	0	1	gene-LOC120034919	5	repeat_or_tandem_family;tandem_cluster_n5	0	
gene-LOC120035068	LOC120035068	uncharacterized LOC120035068	lncRNA	NC_052348.1	20178665	20185146	0	B	2	cnv,ref_divergence	0	0	1	0	1		liftoff_only	siscowet	1	2	0	0	1	gene-LOC120035068	4	noncoding;repeat_or_tandem_family	0	0
gene-LOC120035081	LOC120035081	uncharacterized LOC120035081	protein_coding	NC_052348.1	13080917	13082275	0	B	2	cnv,ref_divergence	0	0	1	0	1		liftoff_only	siscowet	1	2	0	0	1	gene-LOC120034660	5	repeat_or_tandem_family;tandem_cluster_n5	0	
gene-LOC120035162	LOC120035162	zinc finger protein 184-like	protein_coding	NC_052348.1	20340070	20343862	1	B	2	cnv,ref_divergence	0	0	1	0	1		liftoff_only	siscowet	1	2	0	0	1	gene-LOC120035003	6	repeat_or_tandem_family;tandem_cluster_n6	0	0
gene-LOC120035167	LOC120035167	zinc finger protein 665-like	protein_coding	NC_052348.1	20212309	20216019	3	B	2	cnv,ref_divergence	0	0	1	0	1		liftoff_only	siscowet	1	2	0	0	1	gene-LOC120034919	5	repeat_or_tandem_family;tandem_cluster_n5	0	
gene-LOC120035196	LOC120035196	small nucleolar RNA U3	snoRNA	NC_052348.1	20044269	20044484	0	B	2	cnv,ref_divergence	0	0	1	0	1		liftoff_only	siscowet	1	3	0	0	1	gene-LOC120035206	11	noncoding;tandem_cluster_n11	0	2
gene-LOC120035200	LOC120035200	small nucleolar RNA U3	snoRNA	NC_052348.1	20037628	20037841	0	B	2	cnv,ref_divergence	0	0	1	0	1		liftoff_only	siscowet	2	4	0	0	1	gene-LOC120035206	11	noncoding;tandem_cluster_n11	0	
gene-LOC120035205	LOC120035205	small nucleolar RNA U3	snoRNA	NC_052348.1	20036896	20037111	0	B	2	cnv,ref_divergence	0	0	1	0	1		liftoff_only	lean	8	2	0	0	1	gene-LOC120035206	11	noncoding;tandem_cluster_n11	0	
gene-LOC120035207	LOC120035207	small nucleolar RNA U3	snoRNA	NC_052348.1	20043532	20043747	0	B	2	cnv,ref_divergence	0	0	1	0	1		liftoff_only	siscowet	1	3	0	0	1	gene-LOC120035206	11	noncoding;tandem_cluster_n11	0	2
gene-LOC120035231	LOC120035231	uncharacterized LOC120035231	lncRNA	NW_024057674.1	430604	431682	0	B	2	cnv,ref_divergence	0	0	1	0	1		liftoff_only	lean	39	28	0	0	1	gene-LOC120035231	1	noncoding;repeat_or_tandem_family	0	
gene-LOC120035243	LOC120035243	zinc finger protein 135-like	protein_coding	NW_024057675.1	638129	643564	4	B	2	ecotype_only_corroborated,ref_divergence	0	1	0	0	1		corroborated	lean			0	1	2	gene-LOC120035241	17	repeat_or_tandem_family;tandem_cluster_n17	0	0
gene-LOC120035259	LOC120035259	zinc finger protein 345-like	protein_coding	NW_024057675.1	800399	816394	0	B	2	cnv,ref_divergence	0	0	1	0	1		liftoff_only	lean	2	1	0	0	1	gene-LOC120035241	17	repeat_or_tandem_family;tandem_cluster_n17	0	
gene-LOC120035284	LOC120035284	U6 spliceosomal RNA	snRNA	NW_024057689.1	34151	34257	0	B	2	cnv,ref_divergence	0	0	1	0	1		liftoff_only	lean	5	1	0	0	1	gene-LOC120035284	1	noncoding	0	
gene-LOC120035388	LOC120035388	zinc finger protein 135-like	protein_coding	NW_024057731.1	249952	255670	3	B	2	cnv,ref_divergence	0	0	1	0	1		liftoff_only	lean	2	1	0	0	1	gene-LOC120035388	2	repeat_or_tandem_family	0	
gene-LOC120035389	LOC120035389	zinc finger protein OZF-like	protein_coding	NW_024057731.1	258831	261391	4	B	2	cnv,ref_divergence	0	0	1	0	1		liftoff_only	siscowet	1	2	0	0	1	gene-LOC120035388	2	repeat_or_tandem_family	0	
gene-LOC120035392	LOC120035392	zinc finger protein 180-like	protein_coding	NW_024057731.1	340917	354486	3	B	2	cnv,ref_divergence	0	0	1	0	1		liftoff_only	lean	2	1	0	0	1	gene-LOC120035392	1	repeat_or_tandem_family	0	
gene-LOC120035548	LOC120035548	U1 spliceosomal RNA	snRNA	NW_024057745.1	87540	87701	0	B	2	cnv,ref_divergence	0	0	1	0	1		liftoff_only	siscowet	6	17	0	0	1	gene-LOC120035585	15	noncoding;tandem_cluster_n15	0	
gene-LOC120035549	LOC120035549	U1 spliceosomal RNA	snRNA	NW_024057745.1	60841	60996	0	B	2	cnv,ref_divergence	0	0	1	0	1		liftoff_only	siscowet	1	2	0	0	1	gene-LOC120035585	15	noncoding;tandem_cluster_n15	0	
gene-LOC120035558	LOC120035558	5S ribosomal RNA	rRNA	NW_024057745.1	28695	28813	0	B	2	cnv,ref_divergence	0	0	1	0	1		liftoff_only	siscowet	1	3	0	0	1	gene-LOC120035576	26	noncoding;tandem_cluster_n26	0	
gene-LOC120035561	LOC120035561	5S ribosomal RNA	rRNA	NW_024057745.1	14863	14981	0	B	2	cnv,ref_divergence	0	0	1	0	1		liftoff_only	siscowet	1	2	0	0	1	gene-LOC120035576	26	noncoding;tandem_cluster_n26	0	
gene-LOC120035573	LOC120035573	5S ribosomal RNA	rRNA	NW_024057745.1	35360	35478	0	B	2	cnv,ref_divergence	0	0	1	0	1		liftoff_only	siscowet	2	3	0	0	1	gene-LOC120035576	26	noncoding;tandem_cluster_n26	0	
gene-LOC120035574	LOC120035574	5S ribosomal RNA	rRNA	NW_024057745.1	42903	43022	0	B	2	cnv,ref_divergence	0	0	1	0	1		liftoff_only	lean	6	1	0	0	1	gene-LOC120035576	26	noncoding;tandem_cluster_n26	0	
gene-LOC120035575	LOC120035575	5S ribosomal RNA	rRNA	NW_024057745.1	27032	27151	0	B	2	cnv,ref_divergence	0	0	1	0	1		liftoff_only	lean	2	1	0	0	1	gene-LOC120035576	26	noncoding;tandem_cluster_n26	0	
gene-LOC120035576	LOC120035576	5S ribosomal RNA	rRNA	NW_024057745.1	1055	1174	0	B	2	cnv,ref_divergence	0	0	1	0	1		liftoff_only	lean	3	1	0	0	1	gene-LOC120035576	26	noncoding;tandem_cluster_n26	0	1
gene-LOC120035580	LOC120035580	U1 spliceosomal RNA	snRNA	NW_024057745.1	59177	59340	0	B	2	cnv,ref_divergence	0	0	1	0	1		liftoff_only	siscowet	5	45	0	0	1	gene-LOC120035585	15	noncoding;tandem_cluster_n15	0	
gene-LOC120035582	LOC120035582	U1 spliceosomal RNA	snRNA	NW_024057745.1	78525	78688	0	B	2	cnv,ref_divergence	0	0	1	0	1		liftoff_only	siscowet	2	13	0	0	1	gene-LOC120035585	15	noncoding;tandem_cluster_n15	0	
gene-LOC120035583	LOC120035583	U1 spliceosomal RNA	snRNA	NW_024057745.1	27808	27972	0	B	2	cnv,ref_divergence	0	0	1	0	1		liftoff_only	siscowet	1	3	0	0	1	gene-LOC120035585	15	noncoding;tandem_cluster_n15	0	
gene-LOC120035591	LOC120035591	U1 spliceosomal RNA	snRNA	NW_024057745.1	32813	32977	0	B	2	cnv,ref_divergence	0	0	1	0	1		liftoff_only	lean	10	7	0	0	1	gene-LOC120035585	15	noncoding;tandem_cluster_n15	0	
gene-LOC120035592	LOC120035592	U1 spliceosomal RNA	snRNA	NW_024057745.1	57502	57666	0	B	2	cnv,ref_divergence	0	0	1	0	1		liftoff_only	lean	8	2	0	0	1	gene-LOC120035585	15	noncoding;tandem_cluster_n15	0	
gene-LOC120035594	LOC120035594	U1 spliceosomal RNA	snRNA	NW_024057745.1	38711	38873	0	B	2	cnv,ref_divergence	0	0	1	0	1		liftoff_only	lean	5	1	0	0	1	gene-LOC120035585	15	noncoding;tandem_cluster_n15	0	
gene-LOC120035595	LOC120035595	U1 spliceosomal RNA	snRNA	NW_024057745.1	37031	37193	0	B	2	cnv,ref_divergence	0	0	1	0	1		liftoff_only	lean	3	1	0	0	1	gene-LOC120035585	15	noncoding;tandem_cluster_n15	0	
gene-LOC120035603	LOC120035603	uncharacterized LOC120035603	lncRNA	NW_024057749.1	47763	48668	0	B	2	cnv,ref_divergence	0	0	1	0	1		liftoff_only	siscowet	2	4	0	0	1	gene-LOC120035603	2	noncoding;repeat_or_tandem_family	0	
gene-LOC120035682	LOC120035682	uncharacterized LOC120035682	lncRNA	NW_024057775.1	174002	182268	0	B	2	cnv,ref_divergence	0	0	1	0	1		liftoff_only	siscowet	1	2	0	1	1	gene-LOC120035682	1	noncoding;repeat_or_tandem_family	0	0
gene-LOC120035697	LOC120035697	uncharacterized LOC120035697	lncRNA	NW_024057785.1	3163	3689	0	B	2	cnv,ref_divergence	0	0	1	0	1		liftoff_only	siscowet	1	2	0	0	1	gene-LOC120035697	2	noncoding;repeat_or_tandem_family	0	
gene-LOC120035730	LOC120035730	uncharacterized LOC120035730	lncRNA	NW_024057786.1	404726	405289	0	B	2	cnv,ref_divergence	0	0	1	0	1		liftoff_only	siscowet	17	27	0	0	1	gene-LOC120035734	2	noncoding;repeat_or_tandem_family	0	
gene-LOC120035747	LOC120035747	18S ribosomal RNA	rRNA	NW_024057793.1	79163	80998	0	B	2	ecotype_only_corroborated,dmr	0	1	0	1	0		corroborated	siscowet			0	0	2	gene-LOC120035743	15	noncoding;tandem_cluster_n15	0	3
gene-LOC120035757	LOC120035757	5.8S ribosomal RNA	rRNA	NW_024057793.1	81566	81719	0	B	2	ecotype_only_corroborated,dmr	0	1	0	1	0		corroborated	siscowet			0	0	2	gene-LOC120035743	15	noncoding;tandem_cluster_n15	0	0
gene-LOC120035848	LOC120035848	uncharacterized LOC120035848	lncRNA	NW_024057804.1	32336	32793	0	B	2	cnv,ref_divergence	0	0	1	0	1		liftoff_only	siscowet	1	4	0	0	1	gene-LOC120035851	5	noncoding;repeat_or_tandem_family;tandem_cluster_n5	0	
gene-LOC120035850	LOC120035850	uncharacterized LOC120035850	lncRNA	NW_024057804.1	13382	13872	0	B	2	cnv,ref_divergence	0	0	1	0	1		liftoff_only	siscowet	7	9	0	0	1	gene-LOC120035851	5	noncoding;repeat_or_tandem_family;tandem_cluster_n5	0	
gene-LOC120035852	LOC120035852	5S ribosomal RNA	rRNA	NW_024057805.1	82596	82714	0	B	2	cnv,ref_divergence	0	0	1	0	1		liftoff_only	siscowet	29	51	0	0	1	gene-LOC120035852	1	noncoding	0	0
gene-LOC120035853	LOC120035853	U1 spliceosomal RNA	snRNA	NW_024057805.1	9773	9936	0	B	2	cnv,ref_divergence	0	0	1	0	1		liftoff_only	siscowet	10	40	0	0	1	gene-LOC120035853	10	noncoding;tandem_cluster_n10	0	
gene-LOC120035854	LOC120035854	U1 spliceosomal RNA	snRNA	NW_024057805.1	18732	18895	0	B	2	cnv,ref_divergence	0	0	1	0	1		liftoff_only	siscowet	1	40	0	0	1	gene-LOC120035853	10	noncoding;tandem_cluster_n10	0	
gene-LOC120035855	LOC120035855	U1 spliceosomal RNA	snRNA	NW_024057805.1	25873	26036	0	B	2	cnv,ref_divergence	0	0	1	0	1		liftoff_only	siscowet	1	31	0	0	1	gene-LOC120035853	10	noncoding;tandem_cluster_n10	0	
gene-LOC120035856	LOC120035856	U1 spliceosomal RNA	snRNA	NW_024057805.1	53111	53274	0	B	2	cnv,ref_divergence	0	0	1	0	1		liftoff_only	siscowet	1	21	0	0	1	gene-LOC120035853	10	noncoding;tandem_cluster_n10	0	
gene-LOC120035857	LOC120035857	U1 spliceosomal RNA	snRNA	NW_024057805.1	60294	60457	0	B	2	cnv,ref_divergence	0	0	1	0	1		liftoff_only	siscowet	1	22	0	0	1	gene-LOC120035853	10	noncoding;tandem_cluster_n10	0	
gene-LOC120035858	LOC120035858	U1 spliceosomal RNA	snRNA	NW_024057805.1	67437	67600	0	B	2	cnv,ref_divergence	0	0	1	0	1		liftoff_only	siscowet	1	19	0	0	1	gene-LOC120035853	10	noncoding;tandem_cluster_n10	0	
gene-LOC120035859	LOC120035859	U1 spliceosomal RNA	snRNA	NW_024057805.1	74621	74784	0	B	2	cnv,ref_divergence	0	0	1	0	1		liftoff_only	siscowet	1	16	0	0	1	gene-LOC120035853	10	noncoding;tandem_cluster_n10	0	
gene-LOC120035860	LOC120035860	U1 spliceosomal RNA	snRNA	NW_024057805.1	81766	81929	0	B	2	cnv,ref_divergence	0	0	1	0	1		liftoff_only	siscowet	1	14	0	0	1	gene-LOC120035853	10	noncoding;tandem_cluster_n10	0	0
gene-LOC120035861	LOC120035861	U1 spliceosomal RNA	snRNA	NW_024057805.1	83436	83599	0	B	2	cnv,ref_divergence	0	0	1	0	1		liftoff_only	siscowet	1	12	0	0	1	gene-LOC120035853	10	noncoding;tandem_cluster_n10	0	1
gene-LOC120035862	LOC120035862	U1 spliceosomal RNA	snRNA	NW_024057805.1	45974	46137	0	B	2	cnv,ref_divergence	0	0	1	0	1		liftoff_only	siscowet	1	12	0	0	1	gene-LOC120035853	10	noncoding;tandem_cluster_n10	0	
gene-LOC120035866	LOC120035866	uncharacterized LOC120035866	protein_coding	NW_024057809.1	275604	276652	0	B	2	cnv,ref_divergence	0	0	1	0	1		liftoff_only	lean	17	15	0	0	1	gene-LOC120035866	1	repeat_or_tandem_family	0	
gene-LOC120035884	LOC120035884	uncharacterized LOC120035884	protein_coding	NW_024057820.1	329822	330689	0	B	2	cnv,ref_divergence	0	0	1	0	1		liftoff_only	siscowet	1	2	0	0	1	gene-LOC120035884	1	repeat_or_tandem_family	0	
gene-LOC120035894	LOC120035894	uncharacterized protein K02A2.6-like	protein_coding	NW_024057827.1	66886	71348	5	B	2	cnv,ref_divergence	0	0	1	0	1		liftoff_only	siscowet	7	8	0	0	1	gene-LOC120035894	1	repeat_or_tandem_family	0	
gene-LOC120036018	LOC120036018	uncharacterized LOC120036018	lncRNA	NW_024057880.1	60064	63225	0	B	2	cnv,ref_divergence	0	0	1	0	1		liftoff_only	siscowet	5	8	0	0	1	gene-LOC120036018	1	noncoding;repeat_or_tandem_family	0	
gene-LOC120036020	LOC120036020	uncharacterized LOC120036020	lncRNA	NW_024057881.1	22362	23977	0	B	2	cnv,ref_divergence	0	0	1	0	1		liftoff_only	siscowet	3	4	0	0	1	gene-LOC120036020	1	noncoding;repeat_or_tandem_family	0	
gene-LOC120036038	LOC120036038	U1 spliceosomal RNA	snRNA	NW_024057886.1	380653	380816	0	B	2	cnv,ref_divergence	0	0	1	0	1		liftoff_only	siscowet	1	9	0	0	1	gene-LOC120036038	1	noncoding	0	
gene-LOC120036048	LOC120036048	5.8S ribosomal RNA	rRNA	NW_024057893.1	54378	54531	0	B	2	ecotype_only_corroborated,dmr	0	1	0	1	0		corroborated	siscowet			0	0	2	gene-LOC120036050	6	noncoding;tandem_cluster_n6	0	0
gene-LOC120036051	LOC120036051	18S ribosomal RNA	rRNA	NW_024057893.1	51975	53810	0	B	2	ecotype_only_corroborated,dmr	0	1	0	1	0		corroborated	siscowet			0	0	2	gene-LOC120036050	6	noncoding;tandem_cluster_n6	0	3
gene-LOC120036106	LOC120036106	NACHT, LRR and PYD domains-containing protein 1 homolog	protein_coding	NW_024057909.1	117192	121900	1	B	2	cnv,ref_divergence	0	0	1	0	1		liftoff_only	siscowet	1	2	0	0	1	gene-LOC120036106	8	repeat_or_tandem_family;tandem_cluster_n8	0	0
gene-LOC120036107	LOC120036107	histone-lysine N-methyltransferase EZH1-like	protein_coding	NC_052309.1	68919276	68940236	4	B	2	ecotype_only_corroborated,ref_divergence	0	1	0	0	1		corroborated	siscowet			1	0	2	gene-LOC120036107	1	repeat_or_tandem_family	0	
gene-LOC120036113	LOC120036113	NACHT, LRR and PYD domains-containing protein 1 homolog	protein_coding	NW_024057909.1	184055	193728	1	B	2	cnv,ref_divergence	0	0	1	0	1		liftoff_only	siscowet	1	2	0	0	1	gene-LOC120036106	8	repeat_or_tandem_family;tandem_cluster_n8	0	
gene-LOC120036123	LOC120036123	U2 spliceosomal RNA	snRNA	NW_024057912.1	70562	70743	0	B	2	cnv,ref_divergence	0	0	1	0	1		liftoff_only	siscowet	5	7	0	0	1	gene-LOC120036123	1	noncoding	0	
gene-LOC120036200	LOC120036200	sodium-dependent neutral amino acid transporter B(0)AT1-like	protein_coding	NW_024057942.1	268081	291910	2	B	2	ecotype_only_corroborated,ref_divergence	0	1	0	0	1		corroborated	siscowet			0	1	2	gene-LOC120036205	5	tandem_cluster_n5	0	0
gene-LOC120036205	LOC120036205	sodium-dependent neutral amino acid transporter B(0)AT1-like	protein_coding	NW_024057942.1	246235	267226	2	B	2	cnv,ref_divergence	0	0	1	0	1		liftoff_only	siscowet	1	3	0	0	1	gene-LOC120036205	5	tandem_cluster_n5	0	
gene-LOC120036265	LOC120036265	uncharacterized LOC120036265	lncRNA	NW_024057978.1	18873	24051	0	B	2	cnv,ref_divergence	0	0	1	0	1		liftoff_only	lean	2	1	0	0	1	gene-LOC120036265	1	noncoding;repeat_or_tandem_family	0	
gene-LOC120036298	LOC120036298	small nucleolar RNA SNORD31	snoRNA	NW_024057995.1	63238	63307	0	B	2	cnv,ref_divergence	0	0	1	0	1		liftoff_only	siscowet	2	3	0	0	1	gene-LOC120036292	7	noncoding;tandem_cluster_n7	0	
gene-LOC120036400	LOC120036400	5S ribosomal RNA	rRNA	NW_024058038.1	59054	59172	0	B	2	cnv,ref_divergence	0	0	1	0	1		liftoff_only	lean	2	1	0	0	1	gene-LOC120036401	18	noncoding;tandem_cluster_n18	0	
gene-LOC120036402	LOC120036402	5S ribosomal RNA	rRNA	NW_024058038.1	48515	48633	0	B	2	cnv,ref_divergence	0	0	1	0	1		liftoff_only	lean	3	1	0	0	1	gene-LOC120036401	18	noncoding;tandem_cluster_n18	0	
gene-LOC120036429	LOC120036429	uncharacterized LOC120036429	protein_coding	NW_024058040.1	26537	35376	0	B	2	cnv,ref_divergence	0	0	1	0	1		liftoff_only	siscowet	4	7	0	0	1	gene-LOC120036430	4	repeat_or_tandem_family	0	
gene-LOC120036430	LOC120036430	uncharacterized LOC120036430	lncRNA	NW_024058040.1	18846	23168	0	B	2	cnv,ref_divergence	0	0	1	0	1		liftoff_only	lean	2	1	0	0	1	gene-LOC120036430	4	noncoding;repeat_or_tandem_family	0	1
gene-LOC120036433	LOC120036433	uncharacterized LOC120036433	lncRNA	NW_024058040.1	52440	52867	0	B	2	cnv,ref_divergence	0	0	1	0	1		liftoff_only	siscowet	9	13	0	0	1	gene-LOC120036430	4	noncoding;repeat_or_tandem_family	0	
gene-LOC120036468	LOC120036468	uncharacterized LOC120036468	lncRNA	NW_024058055.1	27389	35944	0	B	2	cnv,ref_divergence	0	0	1	0	1		liftoff_only	siscowet	6	12	0	0	1	gene-LOC120036468	1	noncoding;repeat_or_tandem_family	0	
gene-LOC120036471	LOC120036471	zinc finger CCCH domain-containing protein 7A-like	protein_coding	NC_052309.1	70182908	70193521	4	B	2	ecotype_only_corroborated,ref_divergence	0	1	0	0	1		corroborated	siscowet			1	0	2	gene-LOC120036471	1	repeat_or_tandem_family	0	
gene-LOC120036477	LOC120036477	uncharacterized LOC120036477	lncRNA	NW_024058060.1	66541	70033	0	B	2	cnv,ref_divergence	0	0	1	0	1		liftoff_only	siscowet	1	2	0	0	1	gene-LOC120036477	1	noncoding;repeat_or_tandem_family	0	
gene-LOC120036493	LOC120036493	uncharacterized LOC120036493	protein_coding	NC_052309.1	70246734	70250774	5	B	2	ecotype_only_corroborated,ref_divergence	0	1	0	0	1		corroborated	siscowet			1	0	2	gene-LOC120036493	3	repeat_or_tandem_family	0	
gene-LOC120036524	LOC120036524	uncharacterized LOC120036524	lncRNA	NW_024058097.1	56287	60633	0	B	2	cnv,ref_divergence	0	0	1	0	1		liftoff_only	lean	2	1	0	0	1	gene-LOC120036521	3	noncoding;repeat_or_tandem_family	0	
gene-LOC120036554	LOC120036554	small nucleolar RNA SNORD30	snoRNA	NW_024058097.1	92804	92875	0	B	2	cnv,ref_divergence	0	0	1	0	1		liftoff_only	siscowet	1	2	0	0	1	gene-LOC120036552	45	noncoding;tandem_cluster_n45	0	
gene-LOC120036564	LOC120036564	small nucleolar RNA SNORD31	snoRNA	NW_024058097.1	19695	19764	0	B	2	cnv,ref_divergence	0	0	1	0	1		liftoff_only	siscowet	1	2	0	0	1	gene-LOC120036552	45	noncoding;tandem_cluster_n45	0	
gene-LOC120036568	LOC120036568	small nucleolar RNA SNORD31	snoRNA	NW_024058097.1	93848	93917	0	B	2	cnv,ref_divergence	0	0	1	0	1		liftoff_only	siscowet	1	2	0	0	1	gene-LOC120036552	45	noncoding;tandem_cluster_n45	0	
gene-LOC120036574	LOC120036574	small nucleolar RNA SNORD31	snoRNA	NW_024058097.1	204706	204775	0	B	2	cnv,ref_divergence	0	0	1	0	1		liftoff_only	lean	2	1	0	0	1	gene-LOC120036552	45	noncoding;tandem_cluster_n45	0	
gene-LOC120036648	LOC120036648	uncharacterized LOC120036648	protein_coding	NW_024058131.1	72335	109976	5	B	2	ecotype_only_corroborated,ref_divergence	0	1	0	0	1		corroborated	siscowet			0	1	2	gene-LOC120036644	3	repeat_or_tandem_family	0	0
gene-LOC120036678	LOC120036678	uncharacterized LOC120036678	lncRNA	NW_024058153.1	183786	185274	0	B	2	cnv,ref_divergence	0	0	1	0	1		liftoff_only	siscowet	6	7	0	0	1	gene-LOC120036678	1	noncoding;repeat_or_tandem_family	0	
gene-LOC120036703	LOC120036703	small nucleolar RNA U3	snoRNA	NW_024058168.1	12647	12862	0	B	2	cnv,ref_divergence	0	0	1	0	1		liftoff_only	lean	8	5	0	0	1	gene-LOC120036701	20	noncoding;tandem_cluster_n20	0	
gene-LOC120036704	LOC120036704	small nucleolar RNA U3	snoRNA	NW_024058168.1	10621	10836	0	B	2	cnv,ref_divergence	0	0	1	0	1		liftoff_only	siscowet	15	17	0	0	1	gene-LOC120036701	20	noncoding;tandem_cluster_n20	0	
gene-LOC120036705	LOC120036705	small nucleolar RNA U3	snoRNA	NW_024058168.1	9607	9822	0	B	2	cnv,ref_divergence	0	0	1	0	1		liftoff_only	siscowet	3	9	0	0	1	gene-LOC120036701	20	noncoding;tandem_cluster_n20	0	
gene-LOC120036706	LOC120036706	small nucleolar RNA U3	snoRNA	NW_024058168.1	11633	11848	0	B	2	cnv,ref_divergence	0	0	1	0	1		liftoff_only	siscowet	8	25	0	0	1	gene-LOC120036701	20	noncoding;tandem_cluster_n20	0	
gene-LOC120036707	LOC120036707	small nucleolar RNA U3	snoRNA	NW_024058168.1	15738	15953	0	B	2	cnv,ref_divergence	0	0	1	0	1		liftoff_only	siscowet	2	3	0	0	1	gene-LOC120036701	20	noncoding;tandem_cluster_n20	0	
gene-LOC120036709	LOC120036709	small nucleolar RNA U3	snoRNA	NW_024058168.1	1634	1849	0	B	2	cnv,ref_divergence	0	0	1	0	1		liftoff_only	siscowet	18	34	0	0	1	gene-LOC120036701	20	noncoding;tandem_cluster_n20	0	
gene-LOC120036712	LOC120036712	small nucleolar RNA U3	snoRNA	NW_024058168.1	3634	3840	0	B	2	cnv,ref_divergence	0	0	1	0	1		liftoff_only	siscowet	1	3	0	0	1	gene-LOC120036701	20	noncoding;tandem_cluster_n20	0	
gene-LOC120036713	LOC120036713	small nucleolar RNA U3	snoRNA	NW_024058168.1	4621	4835	0	B	2	cnv,ref_divergence	0	0	1	0	1		liftoff_only	lean	7	1	0	0	1	gene-LOC120036701	20	noncoding;tandem_cluster_n20	0	
gene-LOC120036714	LOC120036714	small nucleolar RNA U3	snoRNA	NW_024058168.1	18794	19009	0	B	2	cnv,ref_divergence	0	0	1	0	1		liftoff_only	lean	2	1	0	0	1	gene-LOC120036701	20	noncoding;tandem_cluster_n20	0	
gene-LOC120036716	LOC120036716	small nucleolar RNA U3	snoRNA	NW_024058168.1	13671	13886	0	B	2	cnv,ref_divergence	0	0	1	0	1		liftoff_only	siscowet	8	20	0	0	1	gene-LOC120036701	20	noncoding;tandem_cluster_n20	0	
gene-LOC120036718	LOC120036718	small nucleolar RNA U3	snoRNA	NW_024058168.1	16758	16973	0	B	2	cnv,ref_divergence	0	0	1	0	1		liftoff_only	siscowet	3	7	0	0	1	gene-LOC120036701	20	noncoding;tandem_cluster_n20	0	
gene-LOC120036755	LOC120036755	zinc finger protein 79-like	protein_coding	NW_024058196.1	46839	47637	4	B	2	ecotype_only_corroborated,ref_divergence	0	1	0	0	1		corroborated	siscowet			0	1	2	gene-LOC120036755	1	repeat_or_tandem_family	0	0
gene-LOC120036761	LOC120036761	uncharacterized LOC120036761	lncRNA	NW_024058197.1	310320	311854	0	B	2	cnv,ref_divergence	0	0	1	0	1		liftoff_only	lean	7	5	0	0	1	gene-LOC120036761	2	noncoding;repeat_or_tandem_family	0	
gene-LOC120036774	LOC120036774	uncharacterized LOC120036774	lncRNA	NW_024058204.1	54865	55398	0	B	2	cnv,ref_divergence	0	0	1	0	1		liftoff_only	lean	4	3	0	0	1	gene-LOC120036774	1	noncoding;repeat_or_tandem_family	0	
gene-LOC120036780	LOC120036780	U1 spliceosomal RNA	snRNA	NW_024058207.1	672	832	0	B	2	cnv,ref_divergence	0	0	1	0	1		liftoff_only	siscowet	2	5	0	0	1	gene-LOC120036780	23	noncoding;tandem_cluster_n23	0	
gene-LOC120036783	LOC120036783	U1 spliceosomal RNA	snRNA	NW_024058207.1	38476	38631	0	B	2	cnv,ref_divergence	0	0	1	0	1		liftoff_only	lean	4	1	0	0	1	gene-LOC120036780	23	noncoding;tandem_cluster_n23	0	
gene-LOC120036786	LOC120036786	5S ribosomal RNA	rRNA	NW_024058207.1	3207	3325	0	B	2	cnv,ref_divergence	0	0	1	0	1		liftoff_only	lean	10	1	0	0	1	gene-LOC120036819	26	noncoding;tandem_cluster_n26	0	
gene-LOC120036789	LOC120036789	5S ribosomal RNA	rRNA	NW_024058207.1	52685	52803	0	B	2	cnv,ref_divergence	0	0	1	0	1		liftoff_only	lean	6	3	0	0	1	gene-LOC120036819	26	noncoding;tandem_cluster_n26	0	
gene-LOC120036790	LOC120036790	5S ribosomal RNA	rRNA	NW_024058207.1	54358	54476	0	B	2	cnv,ref_divergence	0	0	1	0	1		liftoff_only	lean	3	1	0	0	1	gene-LOC120036819	26	noncoding;tandem_cluster_n26	0	
gene-LOC120036791	LOC120036791	5S ribosomal RNA	rRNA	NW_024058207.1	56031	56149	0	B	2	cnv,ref_divergence	0	0	1	0	1		liftoff_only	lean	5	1	0	0	1	gene-LOC120036819	26	noncoding;tandem_cluster_n26	0	
gene-LOC120036799	LOC120036799	5S ribosomal RNA	rRNA	NW_024058207.1	4884	5002	0	B	2	cnv,ref_divergence	0	0	1	0	1		liftoff_only	lean	2	1	0	0	1	gene-LOC120036819	26	noncoding;tandem_cluster_n26	0	
gene-LOC120036800	LOC120036800	5S ribosomal RNA	rRNA	NW_024058207.1	45990	46108	0	B	2	cnv,ref_divergence	0	0	1	0	1		liftoff_only	lean	2	1	0	0	1	gene-LOC120036819	26	noncoding;tandem_cluster_n26	0	
gene-LOC120036805	LOC120036805	5S ribosomal RNA	rRNA	NW_024058207.1	42633	42751	0	B	2	cnv,ref_divergence	0	0	1	0	1		liftoff_only	siscowet	3	4	0	0	1	gene-LOC120036819	26	noncoding;tandem_cluster_n26	0	
gene-LOC120036811	LOC120036811	5S ribosomal RNA	rRNA	NW_024058207.1	51013	51130	0	B	2	cnv,ref_divergence	0	0	1	0	1		liftoff_only	lean	5	2	0	0	1	gene-LOC120036819	26	noncoding;tandem_cluster_n26	0	
gene-LOC120036889	LOC120036889	uncharacterized LOC120036889	lncRNA	NW_024058231.1	129347	130973	0	B	2	cnv,ref_divergence	0	0	1	0	1		liftoff_only	siscowet	1	2	0	0	1	gene-LOC120036887	3	noncoding;repeat_or_tandem_family	0	
gene-LOC120036891	LOC120036891	uncharacterized LOC120036891	protein_coding	NW_024058231.1	149596	150728	2	B	2	cnv,ref_divergence	0	0	1	0	1		liftoff_only	siscowet	7	8	0	0	1	gene-LOC120036887	3	repeat_or_tandem_family	0	
gene-LOC120036897	LOC120036897	18S ribosomal RNA	rRNA	NW_024058234.1	9637	11472	0	B	2	ecotype_only_corroborated,dmr	0	1	0	1	0		corroborated	siscowet			0	0	2	gene-LOC120036897	4	noncoding	0	3
gene-LOC120036936	LOC120036936	U1 spliceosomal RNA	snRNA	NW_024058263.1	15304	15467	0	B	2	cnv,ref_divergence	0	0	1	0	1		liftoff_only	siscowet	1	3	0	0	1	gene-LOC120036936	2	noncoding	0	
gene-LOC120036948	LOC120036948	U1 spliceosomal RNA	snRNA	NW_024058263.1	60432	60592	0	B	2	cnv,ref_divergence	0	0	1	0	1		liftoff_only	lean	23	21	0	0	1	gene-LOC120036936	2	noncoding	0	1
gene-LOC120036968	LOC120036968	5S ribosomal RNA	rRNA	NW_024058273.1	32138	32256	0	B	2	cnv,ref_divergence	0	0	1	0	1		liftoff_only	siscowet	1	16	0	0	1	gene-LOC120036967	7	noncoding;tandem_cluster_n7	0	
gene-LOC120036972	LOC120036972	U1 spliceosomal RNA	snRNA	NW_024058273.1	31251	31414	0	B	2	cnv,ref_divergence	0	0	1	0	1		liftoff_only	siscowet	1	12	0	0	1	gene-LOC120036981	6	noncoding;tandem_cluster_n6	0	
gene-LOC120036973	LOC120036973	hemoglobin subunit beta-like	protein_coding	NC_052309.1	71651371	71652244	11	B	2	ecotype_only_corroborated,ref_divergence	0	1	0	0	1		corroborated	siscowet			1	0	2	gene-LOC120036826	17	repeat_or_tandem_family;tandem_cluster_n17	0	
gene-LOC120036974	LOC120036974	U1 spliceosomal RNA	snRNA	NW_024058273.1	34598	34761	0	B	2	cnv,ref_divergence	0	0	1	0	1		liftoff_only	siscowet	1	8	0	0	1	gene-LOC120036981	6	noncoding;tandem_cluster_n6	0	
gene-LOC120036975	LOC120036975	U1 spliceosomal RNA	snRNA	NW_024058273.1	36273	36436	0	B	2	cnv,ref_divergence	0	0	1	0	1		liftoff_only	siscowet	1	8	0	0	1	gene-LOC120036981	6	noncoding;tandem_cluster_n6	0	0
gene-LOC120036978	LOC120036978	U1 spliceosomal RNA	snRNA	NW_024058273.1	24101	24261	0	B	2	cnv,ref_divergence	0	0	1	0	1		liftoff_only	lean	40	25	0	0	1	gene-LOC120036981	6	noncoding;tandem_cluster_n6	0	
gene-LOC120036990	LOC120036990	hemoglobin subunit alpha-1-like	protein_coding	NC_052309.1	71649320	71650089	12	B	2	ecotype_only_corroborated,ref_divergence	0	1	0	0	1		corroborated	siscowet			1	0	2	gene-LOC120036826	17	repeat_or_tandem_family;tandem_cluster_n17	0	
gene-LOC120036991	LOC120036991	5S ribosomal RNA	rRNA	NW_024058273.1	3822	3940	0	B	2	cnv,ref_divergence	0	0	1	0	1		liftoff_only	lean	11	5	0	0	1	gene-LOC120036967	7	noncoding;tandem_cluster_n7	0	
gene-LOC120037004	LOC120037004	U2 spliceosomal RNA	snRNA	NW_024058275.1	81179	81369	0	B	2	cnv,ref_divergence	0	0	1	0	1		liftoff_only	siscowet	4	10	0	0	1	gene-LOC120037004	1	noncoding	0	
gene-LOC120037007	LOC120037007	U2 spliceosomal RNA	snRNA	NW_024058275.1	223901	224094	0	B	2	cnv,ref_divergence	0	0	1	0	1		liftoff_only	siscowet	3	4	0	0	1	gene-LOC120037007	2	noncoding	0	
gene-LOC120037013	LOC120037013	hemoglobin embryonic subunit alpha-like	protein_coding	NC_052309.1	71661514	71662229	11	B	2	ecotype_only_corroborated,ref_divergence	0	1	0	0	1		corroborated	siscowet			1	0	2	gene-LOC120036826	17	repeat_or_tandem_family;tandem_cluster_n17	0	
gene-LOC120037031	LOC120037031	NACHT, LRR and PYD domains-containing protein 1 homolog	protein_coding	NW_024058286.1	14642	20141	1	B	2	cnv,ref_divergence	0	0	1	0	1		liftoff_only	lean	2	1	0	0	1	gene-LOC120037031	1	repeat_or_tandem_family	0	
gene-LOC120037032	LOC120037032	uncharacterized LOC120037032	lncRNA	NW_024058286.1	20149	23856	0	B	2	cnv,ref_divergence	0	0	1	0	1		liftoff_only	lean	2	1	0	0	1	gene-LOC120037032	2	noncoding;repeat_or_tandem_family	0	
gene-LOC120037036	LOC120037036	U1 spliceosomal RNA	snRNA	NW_024058286.1	60917	61080	0	B	2	cnv,ref_divergence	0	0	1	0	1		liftoff_only	siscowet	1	9	0	0	1	gene-LOC120037036	1	noncoding	0	
gene-LOC120037037	LOC120037037	U1 spliceosomal RNA	snRNA	NW_024058286.1	172458	172621	0	B	2	cnv,ref_divergence	0	0	1	0	1		liftoff_only	siscowet	1	5	0	0	1	gene-LOC120037038	8	noncoding;tandem_cluster_n8	0	
gene-LOC120037038	LOC120037038	U1 spliceosomal RNA	snRNA	NW_024058286.1	142629	142792	0	B	2	cnv,ref_divergence	0	0	1	0	1		liftoff_only	siscowet	1	2	0	0	1	gene-LOC120037038	8	noncoding;tandem_cluster_n8	0	
gene-LOC120037039	LOC120037039	U1 spliceosomal RNA	snRNA	NW_024058286.1	147821	147984	0	B	2	cnv,ref_divergence	0	0	1	0	1		liftoff_only	siscowet	1	3	0	0	1	gene-LOC120037038	8	noncoding;tandem_cluster_n8	0	
gene-LOC120037041	LOC120037041	U1 spliceosomal RNA	snRNA	NW_024058286.1	150869	151032	0	B	2	cnv,ref_divergence	0	0	1	0	1		liftoff_only	siscowet	1	5	0	0	1	gene-LOC120037038	8	noncoding;tandem_cluster_n8	0	
gene-LOC120037042	LOC120037042	U1 spliceosomal RNA	snRNA	NW_024058286.1	156446	156609	0	B	2	cnv,ref_divergence	0	0	1	0	1		liftoff_only	siscowet	1	3	0	0	1	gene-LOC120037038	8	noncoding;tandem_cluster_n8	0	
gene-LOC120037043	LOC120037043	U1 spliceosomal RNA	snRNA	NW_024058286.1	160452	160615	0	B	2	cnv,ref_divergence	0	0	1	0	1		liftoff_only	siscowet	1	6	0	0	1	gene-LOC120037038	8	noncoding;tandem_cluster_n8	0	
gene-LOC120037044	LOC120037044	U1 spliceosomal RNA	snRNA	NW_024058286.1	164458	164621	0	B	2	cnv,ref_divergence	0	0	1	0	1		liftoff_only	siscowet	1	5	0	0	1	gene-LOC120037038	8	noncoding;tandem_cluster_n8	0	
gene-LOC120037054	LOC120037054	uncharacterized LOC120037054	lncRNA	NW_024058294.1	43272	44172	0	B	2	cnv,ref_divergence	0	0	1	0	1		liftoff_only	lean	13	6	0	1	1	gene-LOC120037052	2	noncoding;repeat_or_tandem_family	0	0
gene-LOC120037069	LOC120037069	5S ribosomal RNA	rRNA	NW_024058296.1	2895	3013	0	B	2	cnv,ref_divergence	0	0	1	0	1		liftoff_only	siscowet	1	2	0	0	1	gene-LOC120037069	15	noncoding;tandem_cluster_n15	0	
gene-LOC120037092	LOC120037092	U1 spliceosomal RNA	snRNA	NW_024058296.1	55333	55488	0	B	2	cnv,ref_divergence	0	0	1	0	1		liftoff_only	lean	7	6	0	0	1	gene-LOC120037092	1	noncoding	0	0
gene-LOC120037151	LOC120037151	histone H3-like	protein_coding	NW_024058331.1	34923	35339	4	B	2	cnv,ref_divergence	0	0	1	0	1		liftoff_only	siscowet	5	10	0	0	1	gene-LOC120037149	3	repeat_or_tandem_family	0	
gene-LOC120037169	LOC120037169	uncharacterized LOC120037169	lncRNA	NW_024058341.1	787470	791535	0	B	2	cnv,ref_divergence	0	0	1	0	1		liftoff_only	lean	2	1	0	0	1	gene-LOC120037172	2	noncoding;repeat_or_tandem_family	0	
gene-LOC120037172	LOC120037172	uncharacterized LOC120037172	lncRNA	NW_024058341.1	779231	780004	0	B	2	cnv,ref_divergence	0	0	1	0	1		liftoff_only	siscowet	2	3	0	0	1	gene-LOC120037172	2	noncoding;repeat_or_tandem_family	0	
gene-LOC120037202	LOC120037202	uncharacterized LOC120037202	lncRNA	NW_024058370.1	51845	53769	0	B	2	cnv,ref_divergence	0	0	1	0	1		liftoff_only	lean	2	1	0	0	1	gene-LOC120037202	1	noncoding;repeat_or_tandem_family	0	
gene-LOC120037220	LOC120037220	uncharacterized LOC120037220	lncRNA	NW_024058385.1	37176	37878	0	B	2	cnv,ref_divergence	0	0	1	0	1		liftoff_only	siscowet	9	12	0	0	1	gene-LOC120037220	1	noncoding;repeat_or_tandem_family	0	
gene-LOC120037236	LOC120037236	uncharacterized LOC120037236	lncRNA	NW_024058397.1	15209	15843	0	B	2	cnv,ref_divergence	0	0	1	0	1		liftoff_only	siscowet	1	2	0	0	1	gene-LOC120037236	2	noncoding;repeat_or_tandem_family	0	
gene-LOC120037237	LOC120037237	uncharacterized LOC120037237	lncRNA	NW_024058397.1	15852	16480	0	B	2	cnv,ref_divergence	0	0	1	0	1		liftoff_only	siscowet	2	4	0	0	1	gene-LOC120037236	2	noncoding;repeat_or_tandem_family	0	
gene-LOC120037301	LOC120037301	zinc finger protein 135-like	protein_coding	NW_024058441.1	149697	151170	4	B	2	cnv,ref_divergence	0	0	1	0	1		liftoff_only	lean	2	1	0	0	1	gene-LOC120037301	5	repeat_or_tandem_family;tandem_cluster_n5	0	
gene-LOC120037323	LOC120037323	uncharacterized LOC120037323	lncRNA	NW_024058452.1	461823	463764	0	B	2	cnv,ref_divergence	0	0	1	0	1		liftoff_only	lean	19	16	0	0	1	gene-LOC120037322	2	noncoding;repeat_or_tandem_family	0	
gene-LOC120037454	LOC120037454	U1 spliceosomal RNA	snRNA	NW_024058470.1	14166	14329	0	B	2	cnv,ref_divergence	0	0	1	0	1		liftoff_only	siscowet	1	2	0	0	1	gene-LOC120037455	4	noncoding	0	
gene-LOC120037456	LOC120037456	U1 spliceosomal RNA	snRNA	NW_024058470.1	5205	5365	0	B	2	cnv,ref_divergence	0	0	1	0	1		liftoff_only	lean	5	4	0	0	1	gene-LOC120037455	4	noncoding	0	
gene-LOC120037513	LOC120037513	zinc finger and BTB domain-containing protein 7B-like	protein_coding	NW_024058497.1	24928	44947	5	B	2	ecotype_only_corroborated,ref_divergence	0	1	0	0	1		corroborated	siscowet			0	1	2	gene-LOC120037513	1	repeat_or_tandem_family	0	0
gene-LOC120037613	LOC120037613	uncharacterized LOC120037613	lncRNA	NW_024058537.1	8	764	0	B	2	cnv,ref_divergence	0	0	1	0	1		liftoff_only	siscowet	1	2	0	0	1	gene-LOC120037613	1	noncoding;repeat_or_tandem_family	0	
gene-LOC120037641	LOC120037641	uncharacterized LOC120037641	protein_coding	NW_024058563.1	112851	114761	0	B	2	cnv,ref_divergence	0	0	1	0	1		liftoff_only	lean	11	5	0	0	1	gene-LOC120037641	1	repeat_or_tandem_family	0	
gene-LOC120037694	LOC120037694	5S ribosomal RNA	rRNA	NW_024058582.1	172	290	0	B	2	cnv,ref_divergence	0	0	1	0	1		liftoff_only	siscowet	2	3	0	0	1	gene-LOC120037694	5	noncoding;tandem_cluster_n5	0	
gene-LOC120037744	LOC120037744	U1 spliceosomal RNA	snRNA	NW_024058611.1	24857	25018	0	B	2	cnv,ref_divergence	0	0	1	0	1		liftoff_only	lean	15	1	0	0	1	gene-LOC120037750	2	noncoding	0	
gene-LOC120037750	LOC120037750	U1 spliceosomal RNA	snRNA	NW_024058611.1	17708	17863	0	B	2	cnv,ref_divergence	0	0	1	0	1		liftoff_only	siscowet	5	6	0	0	1	gene-LOC120037750	2	noncoding	0	
gene-LOC120037782	LOC120037782	uncharacterized LOC120037782	lncRNA	NW_024058641.1	272392	273765	0	B	2	cnv,ref_divergence	0	0	1	0	1		liftoff_only	siscowet	5	8	0	0	1	gene-LOC120037782	1	noncoding;repeat_or_tandem_family	0	
gene-LOC120037791	LOC120037791	U1 spliceosomal RNA	snRNA	NW_024058643.1	40248	40411	0	B	2	cnv,ref_divergence	0	0	1	0	1		liftoff_only	siscowet	1	6	0	0	1	gene-LOC120037791	1	noncoding	0	
gene-LOC120037812	LOC120037812	uncharacterized LOC120037812	lncRNA	NW_024058662.1	33921	36398	0	B	2	cnv,ref_divergence	0	0	1	0	1		liftoff_only	siscowet	2	3	0	0	1	gene-LOC120037812	1	noncoding;repeat_or_tandem_family	0	
gene-LOC120037843	LOC120037843	uncharacterized LOC120037843	lncRNA	NW_024058695.1	30861	35008	0	B	2	cnv,ref_divergence	0	0	1	0	1		liftoff_only	siscowet	2	3	0	0	1	gene-LOC120037843	1	noncoding;repeat_or_tandem_family	0	0
gene-LOC120037848	LOC120037848	uncharacterized LOC120037848	lncRNA	NW_024058700.1	37095	38002	0	B	2	cnv,ref_divergence	0	0	1	0	1		liftoff_only	siscowet	4	5	0	0	1	gene-LOC120037848	1	noncoding;repeat_or_tandem_family	0	
gene-LOC120037900	LOC120037900	uncharacterized LOC120037900	lncRNA	NW_024058761.1	43144	43742	0	B	2	cnv,ref_divergence	0	0	1	0	1		liftoff_only	siscowet	23	32	0	0	1	gene-LOC120037900	3	noncoding;repeat_or_tandem_family	0	
gene-LOC120037963	LOC120037963	18S ribosomal RNA	rRNA	NW_024058782.1	44534	46369	0	B	2	ecotype_only_corroborated,dmr	0	1	0	1	0		corroborated	siscowet			0	0	2	gene-LOC120037964	3	noncoding	0	0
gene-LOC120038050	LOC120038050	uncharacterized LOC120038050	lncRNA	NW_024058853.1	284261	286572	0	B	2	cnv,ref_divergence	0	0	1	0	1		liftoff_only	lean	2	1	0	0	1	gene-LOC120038050	1	noncoding;repeat_or_tandem_family	0	
gene-LOC120038137	LOC120038137	uncharacterized LOC120038137	lncRNA	NW_024058890.1	23776	26403	0	B	2	cnv,ref_divergence	0	0	1	0	1		liftoff_only	siscowet	1	2	0	0	1	gene-LOC120038137	1	noncoding;repeat_or_tandem_family	0	
gene-LOC120038185	LOC120038185	GTPase IMAP family member 7-like	protein_coding	NW_024058897.1	276308	278721	1	B	2	cnv,ref_divergence	0	0	1	0	1		liftoff_only	siscowet	1	2	0	0	1	gene-LOC120038210	9	tandem_cluster_n9	0	
gene-LOC120038186	LOC120038186	GTPase IMAP family member 9-like	protein_coding	NW_024058897.1	299905	304648	1	B	2	cnv,ref_divergence	0	0	1	0	1		liftoff_only	lean	2	1	0	0	1	gene-LOC120038210	9	tandem_cluster_n9	0	
gene-LOC120038201	LOC120038201	GTPase IMAP family member 7-like	protein_coding	NW_024058897.1	227802	229068	1	B	2	cnv,ref_divergence	0	0	1	0	1		liftoff_only	siscowet	1	2	0	0	1	gene-LOC120038210	9	tandem_cluster_n9	0	
gene-LOC120038204	LOC120038204	GTPase IMAP family member 7-like	protein_coding	NW_024058897.1	234566	237541	1	B	2	cnv,ref_divergence	0	0	1	0	1		liftoff_only	siscowet	1	3	0	0	1	gene-LOC120038210	9	tandem_cluster_n9	0	
gene-LOC120038292	LOC120038292	5S ribosomal RNA	rRNA	NW_024058929.1	43649	43766	0	B	2	cnv,ref_divergence	0	0	1	0	1		liftoff_only	lean	19	3	0	0	1	gene-LOC120038279	17	noncoding;tandem_cluster_n17	0	
gene-LOC120038319	LOC120038319	zinc finger protein 420-like	protein_coding	NW_024058931.1	150684	152755	3	B	2	ecotype_only_corroborated,ref_divergence	0	1	0	0	1		corroborated	siscowet			0	1	2	gene-LOC120038321	5	repeat_or_tandem_family;tandem_cluster_n5	0	2
gene-LOC120038324	LOC120038324	uncharacterized LOC120038324	lncRNA	NW_024058934.1	32565	35116	0	B	2	cnv,ref_divergence	0	0	1	0	1		liftoff_only	siscowet	2	3	0	0	1	gene-LOC120038326	3	noncoding;repeat_or_tandem_family	0	1
gene-LOC120038325	LOC120038325	uncharacterized LOC120038325	lncRNA	NW_024058934.1	17585	33064	0	B	2	cnv,ref_divergence	0	0	1	0	1		liftoff_only	siscowet	3	4	0	0	1	gene-LOC120038326	3	noncoding;repeat_or_tandem_family	0	1
gene-LOC120038357	LOC120038357	5S ribosomal RNA	rRNA	NW_024058959.1	2607	2725	0	B	2	cnv,ref_divergence	0	0	1	0	1		liftoff_only	lean	30	1	0	0	1	gene-LOC120038357	3	noncoding	0	
gene-LOC120038363	LOC120038363	5S ribosomal RNA	rRNA	NW_024058959.1	7684	7802	0	B	2	cnv,ref_divergence	0	0	1	0	1		liftoff_only	lean	5	1	0	0	1	gene-LOC120038357	3	noncoding	0	
gene-LOC120038364	LOC120038364	5S ribosomal RNA	rRNA	NW_024058959.1	6060	6178	0	B	2	cnv,ref_divergence	0	0	1	0	1		liftoff_only	lean	4	1	0	0	1	gene-LOC120038357	3	noncoding	0	
gene-LOC120038371	LOC120038371	uncharacterized LOC120038371	lncRNA	NW_024058972.1	20376	21640	0	B	2	cnv,ref_divergence	0	0	1	0	1		liftoff_only	siscowet	1	3	0	0	1	gene-LOC120038371	1	noncoding;repeat_or_tandem_family	0	
gene-LOC120038388	LOC120038388	5.8S ribosomal RNA	rRNA	NW_024058979.1	17218	17371	0	B	2	ecotype_only_corroborated,dmr	0	1	0	1	0		corroborated	siscowet			0	0	2	gene-LOC120038388	5	noncoding;tandem_cluster_n5	0	0
gene-LOC120038443	LOC120038443	5S ribosomal RNA	rRNA	NW_024059011.1	35531	35649	0	B	2	cnv,ref_divergence	0	0	1	0	1		liftoff_only	siscowet	2	3	0	0	1	gene-LOC120038435	15	noncoding;tandem_cluster_n15	0	
gene-LOC120038445	LOC120038445	5S ribosomal RNA	rRNA	NW_024059011.1	40455	40573	0	B	2	cnv,ref_divergence	0	0	1	0	1		liftoff_only	lean	2	1	0	0	1	gene-LOC120038435	15	noncoding;tandem_cluster_n15	0	
gene-LOC120038487	LOC120038487	5.8S ribosomal RNA	rRNA	NW_024059030.1	36325	36478	0	B	2	ecotype_only_corroborated,dmr	0	1	0	1	0		corroborated	siscowet			0	0	2	gene-LOC120038488	5	noncoding;tandem_cluster_n5	0	0
gene-LOC120038521	LOC120038521	uncharacterized LOC120038521	protein_coding	NW_024059053.1	77875	91003	8	B	2	cnv,ref_divergence	0	0	1	0	1		liftoff_only	lean	2	1	0	0	1	gene-LOC120038521	1	repeat_or_tandem_family	0	
gene-LOC120038741	LOC120038741	5.8S ribosomal RNA	rRNA	NW_024059200.1	1315	1468	0	B	2	ecotype_only_corroborated,dmr	0	1	0	1	0		corroborated	lean			0	0	2	gene-LOC120038741	2	noncoding	0	3
gene-LOC120038785	LOC120038785	5S ribosomal RNA	rRNA	NW_024059224.1	27623	27741	0	B	2	cnv,ref_divergence	0	0	1	0	1		liftoff_only	siscowet	2	35	0	0	1	gene-LOC120038786	12	noncoding;tandem_cluster_n12	0	
gene-LOC120038788	LOC120038788	5S ribosomal RNA	rRNA	NW_024059224.1	29293	29413	0	B	2	cnv,ref_divergence	0	0	1	0	1		liftoff_only	siscowet	1	12	0	0	1	gene-LOC120038786	12	noncoding;tandem_cluster_n12	0	
gene-LOC120038793	LOC120038793	U1 spliceosomal RNA	snRNA	NW_024059224.1	23422	23585	0	B	2	cnv,ref_divergence	0	0	1	0	1		liftoff_only	siscowet	1	5	0	0	1	gene-LOC120038793	4	noncoding	0	
gene-LOC120038794	LOC120038794	U1 spliceosomal RNA	snRNA	NW_024059224.1	25097	25260	0	B	2	cnv,ref_divergence	0	0	1	0	1		liftoff_only	siscowet	1	5	0	0	1	gene-LOC120038793	4	noncoding	0	
gene-LOC120038795	LOC120038795	U1 spliceosomal RNA	snRNA	NW_024059224.1	26783	26946	0	B	2	cnv,ref_divergence	0	0	1	0	1		liftoff_only	siscowet	1	4	0	0	1	gene-LOC120038793	4	noncoding	0	
gene-LOC120038796	LOC120038796	U1 spliceosomal RNA	snRNA	NW_024059224.1	30135	30298	0	B	2	cnv,ref_divergence	0	0	1	0	1		liftoff_only	siscowet	1	3	0	0	1	gene-LOC120038793	4	noncoding	0	
gene-LOC120038825	LOC120038825	U1 spliceosomal RNA	snRNA	NW_024059225.1	1562	1724	0	B	2	cnv,ref_divergence	0	0	1	0	1		liftoff_only	siscowet	5	10	0	0	1	gene-LOC120038825	11	noncoding;tandem_cluster_n11	0	
gene-LOC120038831	LOC120038831	U1 spliceosomal RNA	snRNA	NW_024059225.1	24953	25110	0	B	2	cnv,ref_divergence	0	0	1	0	1		liftoff_only	lean	7	1	0	0	1	gene-LOC120038825	11	noncoding;tandem_cluster_n11	0	
gene-LOC120038879	LOC120038879	uncharacterized LOC120038879	lncRNA	NW_024059253.1	4125	4536	0	B	2	cnv,ref_divergence	0	0	1	0	1		liftoff_only	siscowet	1	8	0	0	1	gene-LOC120038879	3	noncoding;repeat_or_tandem_family	0	
gene-LOC120039032	LOC120039032	U1 spliceosomal RNA	snRNA	NW_024059329.1	27712	27876	0	B	2	cnv,ref_divergence	0	0	1	0	1		liftoff_only	siscowet	7	13	0	0	1	gene-LOC120039034	9	noncoding;tandem_cluster_n9	0	
gene-LOC120039042	LOC120039042	U1 spliceosomal RNA	snRNA	NW_024059329.1	36572	36737	0	B	2	cnv,ref_divergence	0	0	1	0	1		liftoff_only	lean	5	1	0	0	1	gene-LOC120039034	9	noncoding;tandem_cluster_n9	0	
gene-LOC120039044	LOC120039044	5S ribosomal RNA	rRNA	NW_024059329.1	28595	28714	0	B	2	cnv,ref_divergence	0	0	1	0	1		liftoff_only	lean	8	5	0	0	1	gene-LOC120039031	4	noncoding	0	
gene-LOC120039080	LOC120039080	uncharacterized LOC120039080	lncRNA	NW_024059358.1	7008	9743	0	B	2	cnv,ref_divergence	0	0	1	0	1		liftoff_only	siscowet	4	7	0	0	1	gene-LOC120039080	1	noncoding;repeat_or_tandem_family	0	
gene-LOC120039129	LOC120039129	18S ribosomal RNA	rRNA	NW_024059406.1	23779	25614	0	B	2	ecotype_only_corroborated,dmr	0	1	0	1	0		corroborated	siscowet			0	0	2	gene-LOC120039128	2	noncoding	0	3
gene-LOC120039156	LOC120039156	uncharacterized LOC120039156	lncRNA	NW_024059433.1	3113	9167	0	B	2	cnv,ref_divergence	0	0	1	0	1		liftoff_only	siscowet	1	2	0	0	1	gene-LOC120039156	1	noncoding;repeat_or_tandem_family	0	
gene-LOC120039181	LOC120039181	U1 spliceosomal RNA	snRNA	NW_024059447.1	14989	15152	0	B	2	cnv,ref_divergence	0	0	1	0	1		liftoff_only	siscowet	2	7	0	0	1	gene-LOC120039181	1	noncoding	0	
gene-LOC120039201	LOC120039201	uncharacterized LOC120039201	lncRNA	NW_024059452.1	408885	412313	0	B	2	cnv,ref_divergence	0	0	1	0	1		liftoff_only	siscowet	3	5	0	0	1	gene-LOC120039201	1	noncoding;repeat_or_tandem_family	0	
gene-LOC120039219	LOC120039219	uncharacterized LOC120039219	lncRNA	NW_024059453.1	187740	194348	0	B	2	cnv,ref_divergence	0	0	1	0	1		liftoff_only	siscowet	1	3	0	0	1	gene-LOC120039232	6	noncoding;repeat_or_tandem_family;tandem_cluster_n6	0	
gene-LOC120039232	LOC120039232	uncharacterized LOC120039232	lncRNA	NW_024059453.1	126927	128372	0	B	2	cnv,ref_divergence	0	0	1	0	1		liftoff_only	siscowet	1	2	0	0	1	gene-LOC120039232	6	noncoding;repeat_or_tandem_family;tandem_cluster_n6	0	
gene-LOC120039233	LOC120039233	uncharacterized LOC120039233	lncRNA	NW_024059453.1	142098	142507	0	B	2	cnv,ref_divergence	0	0	1	0	1		liftoff_only	siscowet	2	4	0	0	1	gene-LOC120039232	6	noncoding;repeat_or_tandem_family;tandem_cluster_n6	0	
gene-LOC120039249	LOC120039249	U1 spliceosomal RNA	snRNA	NW_024059456.1	4503	4663	0	B	2	cnv,ref_divergence	0	0	1	0	1		liftoff_only	lean	12	8	0	0	1	gene-LOC120039248	5	noncoding;tandem_cluster_n5	0	
gene-LOC120039428	LOC120039428	5.8S ribosomal RNA	rRNA	NW_024059570.1	117	270	0	B	2	ecotype_only_corroborated,dmr	0	1	0	1	0		corroborated	lean			0	0	2	gene-LOC120039428	4	noncoding	0	0
gene-LOC120039430	LOC120039430	18S ribosomal RNA	rRNA	NW_024059570.1	838	2673	0	B	2	ecotype_only_corroborated,dmr	0	1	0	1	0		corroborated	lean			0	0	2	gene-LOC120039428	4	noncoding	0	3
gene-LOC120039445	LOC120039445	uncharacterized LOC120039445	lncRNA	NW_024059576.1	31950	33622	0	B	2	cnv,ref_divergence	0	0	1	0	1		liftoff_only	siscowet	1	6	0	0	1	gene-LOC120039445	1	noncoding;repeat_or_tandem_family	0	
gene-LOC120039509	LOC120039509	5.8S ribosomal RNA	rRNA	NW_024059636.1	8779	8932	0	B	2	ecotype_only_corroborated,dmr	0	1	0	1	0		corroborated	siscowet			0	0	2	gene-LOC120039509	5	noncoding;tandem_cluster_n5	0	0
gene-LOC120039512	LOC120039512	18S ribosomal RNA	rRNA	NW_024059636.1	9500	11335	0	B	2	ecotype_only_corroborated,dmr	0	1	0	1	0		corroborated	siscowet			0	0	2	gene-LOC120039509	5	noncoding;tandem_cluster_n5	0	3
gene-LOC120039519	LOC120039519	zinc finger protein 239-like	protein_coding	NW_024059641.1	9671	12705	5	B	2	ecotype_only_corroborated,ref_divergence	0	1	0	0	1		corroborated	siscowet			0	1	2	gene-LOC120039521	8	repeat_or_tandem_family;tandem_cluster_n8	0	0
gene-LOC120039541	LOC120039541	uncharacterized LOC120039541	protein_coding	NW_024059663.1	220033	220764	3	B	2	cnv,ref_divergence	0	0	1	0	1		liftoff_only	siscowet	1	2	0	0	1	gene-LOC120039541	1	repeat_or_tandem_family	0	
gene-LOC120039592	LOC120039592	18S ribosomal RNA	rRNA	NW_024059704.1	10479	12314	0	B	2	ecotype_only_corroborated,ref_divergence	0	1	0	0	1		corroborated	lean			0	1	2	gene-LOC120039592	2	noncoding	0	0
gene-LOC120039614	LOC120039614	uncharacterized LOC120039614	lncRNA	NW_024059730.1	80523	82014	0	B	2	cnv,ref_divergence	0	0	1	0	1		liftoff_only	siscowet	1	2	0	0	1	gene-LOC120039614	3	noncoding;repeat_or_tandem_family	0	
gene-LOC120039749	LOC120039749	5S ribosomal RNA	rRNA	NW_024059866.1	11507	11625	0	B	2	cnv,ref_divergence	0	0	1	0	1		liftoff_only	lean	6	2	0	0	1	gene-LOC120039748	4	noncoding	0	
gene-LOC120039774	LOC120039774	zinc finger protein 32-like	protein_coding	NW_024059896.1	132878	140278	3	B	2	cnv,ref_divergence	0	0	1	0	1		liftoff_only	siscowet	1	2	0	0	1	gene-LOC120039779	2	repeat_or_tandem_family	0	
gene-LOC120039776	LOC120039776	zinc finger protein 135-like	protein_coding	NW_024059896.1	737256	738392	0	B	2	cnv,ref_divergence	0	0	1	0	1		liftoff_only	siscowet	1	2	0	0	1	gene-LOC120039776	3	repeat_or_tandem_family	0	
gene-LOC120039792	LOC120039792	zinc finger protein 79-like	protein_coding	NW_024059896.1	1159586	1160113	4	B	2	cnv,ref_divergence	0	0	1	0	1		liftoff_only	siscowet	1	4	0	0	1	gene-LOC120039788	5	repeat_or_tandem_family;tandem_cluster_n5	0	
gene-LOC120039810	LOC120039810	18S ribosomal RNA	rRNA	NW_024059900.1	26980	28815	0	B	2	ecotype_only_corroborated,dmr	0	1	0	1	0		corroborated	siscowet			0	0	2	gene-LOC120039810	2	noncoding	0	3
gene-LOC120039903	LOC120039903	18S ribosomal RNA	rRNA	NW_024059973.1	15184	17019	0	B	2	ecotype_only_corroborated,dmr	0	1	0	1	0		corroborated	siscowet			0	0	2	gene-LOC120039903	2	noncoding	0	0
gene-LOC120039928	LOC120039928	uncharacterized LOC120039928	lncRNA	NW_024060008.1	300448	301798	0	B	2	cnv,ref_divergence	0	0	1	0	1		liftoff_only	siscowet	4	8	0	0	1	gene-LOC120039928	1	noncoding;repeat_or_tandem_family	0	
gene-LOC120039952	LOC120039952	5S ribosomal RNA	rRNA	NW_024060043.1	2357	2475	0	B	2	cnv,ref_divergence	0	0	1	0	1		liftoff_only	siscowet	6	7	0	0	1	gene-LOC120039952	1	noncoding	0	
gene-LOC120040099	LOC120040099	U1 spliceosomal RNA	snRNA	NW_024060150.1	1547	1708	0	B	2	cnv,ref_divergence	0	0	1	0	1		liftoff_only	siscowet	1	3	0	0	1	gene-LOC120040099	1	noncoding	0	
gene-LOC120040176	LOC120040176	uncharacterized LOC120040176	protein_coding	NW_024060246.1	22098	23839	0	B	2	cnv,ref_divergence	0	0	1	0	1		liftoff_only	lean	2	1	0	0	1	gene-LOC120040176	1	repeat_or_tandem_family	0	
gene-LOC120040206	LOC120040206	uncharacterized LOC120040206	lncRNA	NW_024060297.1	22039	23081	0	B	2	cnv,ref_divergence	0	0	1	0	1		liftoff_only	siscowet	1	2	0	1	1	gene-LOC120040206	1	noncoding;repeat_or_tandem_family	0	1
gene-LOC120040310	LOC120040310	5.8S ribosomal RNA	rRNA	NW_024060346.1	16124	16277	0	B	2	ecotype_only_corroborated,dmr	0	1	0	1	0		corroborated	siscowet			0	0	2	gene-LOC120040311	2	noncoding	0	0
gene-LOC120040328	LOC120040328	L-rhamnose-binding lectin CSL3	protein_coding	NW_024060364.1	219509	222269	1	B	2	cnv,ref_divergence	0	0	1	0	1		liftoff_only	siscowet	1	2	0	0	1	gene-LOC120040337	11	tandem_cluster_n11	0	
gene-LOC120040334	LOC120040334	L-rhamnose-binding lectin CSL3-like	protein_coding	NW_024060364.1	167003	169769	1	B	2	cnv,ref_divergence	0	0	1	0	1		liftoff_only	lean	4	2	0	0	1	gene-LOC120040337	11	tandem_cluster_n11	0	
gene-LOC120040337	LOC120040337	L-rhamnose-binding lectin CSL3	protein_coding	NW_024060364.1	81680	84471	1	B	2	cnv,ref_divergence	0	0	1	0	1		liftoff_only	lean	5	1	0	0	1	gene-LOC120040337	11	tandem_cluster_n11	0	
gene-LOC120040364	LOC120040364	uncharacterized LOC120040364	protein_coding	NC_052309.1	80920900	80937942	5	B	2	ecotype_only_corroborated,ref_divergence	0	1	0	0	1		corroborated	lean			1	0	2	gene-LOC120040364	2	repeat_or_tandem_family	0	
gene-LOC120040407	LOC120040407	gastrula zinc finger protein XlCGF57.1-like	protein_coding	NW_024060452.1	470097	475923	3	B	2	cnv,ref_divergence	0	0	1	0	1		liftoff_only	lean	2	1	0	1	1	gene-LOC120040411	4	repeat_or_tandem_family	0	0
gene-LOC120040408	LOC120040408	gastrula zinc finger protein XlCGF57.1-like	protein_coding	NW_024060452.1	427652	434214	3	B	2	cnv,ref_divergence	0	0	1	0	1		liftoff_only	lean	2	1	0	1	1	gene-LOC120040411	4	repeat_or_tandem_family	0	0
gene-LOC120040409	LOC120040409	zinc finger protein OZF-like	protein_coding	NW_024060452.1	454081	458322	3	B	2	cnv,ref_divergence	0	0	1	0	1		liftoff_only	lean	2	1	0	1	1	gene-LOC120040409	2	repeat_or_tandem_family	0	0
gene-LOC120040410	LOC120040410	gastrula zinc finger protein XlCGF57.1-like	protein_coding	NW_024060452.1	418079	421432	3	B	2	cnv,ref_divergence	0	0	1	0	1		liftoff_only	lean	2	1	0	1	1	gene-LOC120040411	4	repeat_or_tandem_family	0	0
gene-LOC120040413	LOC120040413	uncharacterized LOC120040413	protein_coding	NW_024060452.1	403821	412373	0	B	2	cnv,ref_divergence	0	0	1	0	1		liftoff_only	lean	2	1	0	1	1	gene-LOC120040413	1	repeat_or_tandem_family	0	0
gene-LOC120040432	LOC120040432	5S ribosomal RNA	rRNA	NW_024060479.1	12543	12661	0	B	2	cnv,ref_divergence	0	0	1	0	1		liftoff_only	lean	5	2	0	0	1	gene-LOC120040448	9	noncoding;tandem_cluster_n9	0	
gene-LOC120040433	LOC120040433	5S ribosomal RNA	rRNA	NW_024060479.1	19188	19306	0	B	2	cnv,ref_divergence	0	0	1	0	1		liftoff_only	lean	19	2	0	0	1	gene-LOC120040448	9	noncoding;tandem_cluster_n9	0	
gene-LOC120040445	LOC120040445	U1 spliceosomal RNA	snRNA	NW_024060479.1	893	1055	0	B	2	cnv,ref_divergence	0	0	1	0	1		liftoff_only	lean	3	2	0	0	1	gene-LOC120040445	3	noncoding	0	
gene-LOC120040467	LOC120040467	uncharacterized LOC120040467	lncRNA	NW_024060497.1	198158	198809	0	B	2	cnv,ref_divergence	0	0	1	0	1		liftoff_only	siscowet	3	4	0	0	1	gene-LOC120040467	1	noncoding;repeat_or_tandem_family	0	
gene-LOC120040483	LOC120040483	5S ribosomal RNA	rRNA	NW_024060534.1	4520	4638	0	B	2	cnv,ref_divergence	0	0	1	0	1		liftoff_only	lean	2	1	0	0	1	gene-LOC120040484	10	noncoding;tandem_cluster_n10	0	
gene-LOC120040484	LOC120040484	5S ribosomal RNA	rRNA	NW_024060534.1	1238	1356	0	B	2	cnv,ref_divergence	0	0	1	0	1		liftoff_only	siscowet	3	43	0	0	1	gene-LOC120040484	10	noncoding;tandem_cluster_n10	0	
gene-LOC120040485	LOC120040485	5S ribosomal RNA	rRNA	NW_024060534.1	6161	6279	0	B	2	cnv,ref_divergence	0	0	1	0	1		liftoff_only	siscowet	1	2	0	0	1	gene-LOC120040484	10	noncoding;tandem_cluster_n10	0	
gene-LOC120040486	LOC120040486	5S ribosomal RNA	rRNA	NW_024060534.1	9443	9561	0	B	2	cnv,ref_divergence	0	0	1	0	1		liftoff_only	lean	3	1	0	0	1	gene-LOC120040484	10	noncoding;tandem_cluster_n10	0	
gene-LOC120040523	LOC120040523	uncharacterized LOC120040523	lncRNA	NW_024060563.1	147564	148986	0	B	2	cnv,ref_divergence	0	0	1	0	1		liftoff_only	siscowet	4	7	0	0	1	gene-LOC120040523	1	noncoding;repeat_or_tandem_family	0	
gene-LOC120040525	LOC120040525	uncharacterized LOC120040525	lncRNA	NW_024060563.1	265555	267407	0	B	2	cnv,ref_divergence	0	0	1	0	1		liftoff_only	lean	3	1	0	0	1	gene-LOC120040525	1	noncoding;repeat_or_tandem_family	0	
gene-LOC120040526	LOC120040526	uncharacterized LOC120040526	lncRNA	NW_024060563.1	341763	343081	0	B	2	cnv,ref_divergence	0	0	1	0	1		liftoff_only	lean	2	1	0	0	1	gene-LOC120040526	1	noncoding;repeat_or_tandem_family	0	
gene-LOC120040534	LOC120040534	5S ribosomal RNA	rRNA	NW_024060572.1	21949	22068	0	B	2	cnv,ref_divergence	0	0	1	0	1		liftoff_only	lean	3	1	0	0	1	gene-LOC120040531	8	noncoding;tandem_cluster_n8	0	
gene-LOC120040535	LOC120040535	U1 spliceosomal RNA	snRNA	NW_024060572.1	22795	22959	0	B	2	cnv,ref_divergence	0	0	1	0	1		liftoff_only	lean	5	1	0	0	1	gene-LOC120040542	2	noncoding	0	
gene-LOC120040542	LOC120040542	U1 spliceosomal RNA	snRNA	NW_024060572.1	11294	11455	0	B	2	cnv,ref_divergence	0	0	1	0	1		liftoff_only	lean	7	1	0	0	1	gene-LOC120040542	2	noncoding	0	
gene-LOC120040573	LOC120040573	zinc finger protein 239-like	protein_coding	NW_024060608.1	140107	142077	0	B	2	cnv,ref_divergence	0	0	1	0	1		liftoff_only	siscowet	1	2	0	0	1	gene-LOC120040579	4	repeat_or_tandem_family	0	
gene-LOC120040583	LOC120040583	5S ribosomal RNA	rRNA	NW_024060614.1	21131	21249	0	B	2	cnv,ref_divergence	0	0	1	0	1		liftoff_only	lean	16	1	0	0	1	gene-LOC120040591	4	noncoding	0	
gene-LOC120040658	LOC120040658	uncharacterized LOC120040658	lncRNA	NW_024060675.1	152608	153987	0	B	2	cnv,ref_divergence	0	0	1	0	1		liftoff_only	lean	12	7	0	0	1	gene-LOC120040658	2	noncoding;repeat_or_tandem_family	0	
gene-LOC120040744	LOC120040744	queuine tRNA-ribosyltransferase catalytic subunit 1-like	protein_coding	NC_052309.1	81625750	81630714	3	B	2	ecotype_only_corroborated,ref_divergence	0	1	0	0	1		corroborated	siscowet			1	0	2	gene-LOC120040744	1	repeat_or_tandem_family	0	
gene-LOC120040753	LOC120040753	U4 spliceosomal RNA	snRNA	NW_024060776.1	345	486	0	B	2	cnv,ref_divergence	0	0	1	0	1		liftoff_only	siscowet	2	21	0	0	1	gene-LOC120040753	9	noncoding;tandem_cluster_n9	0	
gene-LOC120040758	LOC120040758	U4 spliceosomal RNA	snRNA	NW_024060776.1	18749	18891	0	B	2	cnv,ref_divergence	0	0	1	0	1		liftoff_only	siscowet	1	4	0	0	1	gene-LOC120040753	9	noncoding;tandem_cluster_n9	0	
gene-LOC120040765	LOC120040765	U4 spliceosomal RNA	snRNA	NW_024060776.1	1592	1733	0	B	2	cnv,ref_divergence	0	0	1	0	1		liftoff_only	siscowet	1	15	0	0	1	gene-LOC120040753	9	noncoding;tandem_cluster_n9	0	
gene-LOC120040769	LOC120040769	U4 spliceosomal RNA	snRNA	NW_024060776.1	2839	2980	0	B	2	cnv,ref_divergence	0	0	1	0	1		liftoff_only	siscowet	2	5	0	0	1	gene-LOC120040753	9	noncoding;tandem_cluster_n9	0	
gene-LOC120040770	LOC120040770	U4 spliceosomal RNA	snRNA	NW_024060776.1	4086	4227	0	B	2	cnv,ref_divergence	0	0	1	0	1		liftoff_only	siscowet	2	3	0	0	1	gene-LOC120040753	9	noncoding;tandem_cluster_n9	0	
gene-LOC120040805	LOC120040805	uncharacterized LOC120040805	lncRNA	NW_024060785.1	245846	249095	0	B	2	cnv,ref_divergence	0	0	1	0	1		liftoff_only	lean	6	4	0	0	1	gene-LOC120040805	1	noncoding;repeat_or_tandem_family	0	
gene-LOC120040902	LOC120040902	5S ribosomal RNA	rRNA	NW_024060903.1	16792	16910	0	B	2	cnv,ref_divergence	0	0	1	0	1		liftoff_only	lean	3	1	0	0	1	gene-LOC120040900	7	noncoding;tandem_cluster_n7	0	
gene-LOC120040913	LOC120040913	5S ribosomal RNA	rRNA	NW_024060903.1	6309	6427	0	B	2	cnv,ref_divergence	0	0	1	0	1		liftoff_only	lean	14	1	0	0	1	gene-LOC120040900	7	noncoding;tandem_cluster_n7	0	
gene-LOC120040915	LOC120040915	5S ribosomal RNA	rRNA	NW_024060903.1	14967	15085	0	B	2	cnv,ref_divergence	0	0	1	0	1		liftoff_only	lean	2	1	0	0	1	gene-LOC120040900	7	noncoding;tandem_cluster_n7	0	
gene-LOC120040917	LOC120040917	uncharacterized LOC120040917	protein_coding	NW_024060904.1	15995	17700	24	B	2	cnv,ref_divergence	0	0	1	0	1		liftoff_only	siscowet	14	17	0	0	1	gene-LOC120040917	1	repeat_or_tandem_family	0	
gene-LOC120040961	LOC120040961	zinc finger protein 609-like	protein_coding	NW_024060952.1	108307	195861	2	B	2	ecotype_only_corroborated,ref_divergence	0	1	0	0	1		corroborated	lean			0	1	2	gene-LOC120040961	1	repeat_or_tandem_family	0	0
gene-LOC120040993	LOC120040993	tripartite motif-containing protein 16-like	protein_coding	NW_024061007.1	287402	299240	2	B	2	ecotype_only_corroborated,ref_divergence	0	1	0	0	1		corroborated	siscowet			0	1	2	gene-LOC120040999	12	tandem_cluster_n12	0	0
gene-LOC120041015	LOC120041015	tripartite motif-containing protein 16-like	protein_coding	NW_024061007.1	965689	973371	2	B	2	cnv,ref_divergence	0	0	1	0	1		liftoff_only	siscowet	1	2	0	0	1	gene-LOC120040997	7	tandem_cluster_n7	0	
gene-LOC120041126	LOC120041126	U1 spliceosomal RNA	snRNA	NW_024061094.1	6554	6715	0	B	2	cnv,ref_divergence	0	0	1	0	1		liftoff_only	siscowet	13	14	0	0	1	gene-LOC120041126	1	noncoding	0	
gene-LOC120041185	LOC120041185	uncharacterized LOC120041185	lncRNA	NW_024061099.1	150385	152116	0	B	2	cnv,ref_divergence	0	0	1	0	1		liftoff_only	siscowet	1	2	0	0	1	gene-LOC120041185	1	noncoding;repeat_or_tandem_family	0	
gene-LOC120041203	LOC120041203	uncharacterized LOC120041203	lncRNA	NW_024061104.1	14185	14607	0	B	2	cnv,ref_divergence	0	0	1	0	1		liftoff_only	siscowet	1	2	0	0	1	gene-LOC120041205	2	noncoding;repeat_or_tandem_family	0	
gene-LOC120041204	LOC120041204	uncharacterized LOC120041204	lncRNA	NW_024061104.1	159418	161289	0	B	2	cnv,ref_divergence	0	0	1	0	1		liftoff_only	siscowet	1	4	0	0	1	gene-LOC120041211	2	noncoding;repeat_or_tandem_family	0	1
gene-LOC120041205	LOC120041205	uncharacterized LOC120041205	lncRNA	NW_024061104.1	126	599	0	B	2	cnv,ref_divergence	0	0	1	0	1		liftoff_only	siscowet	1	2	0	0	1	gene-LOC120041205	2	noncoding;repeat_or_tandem_family	0	
gene-LOC120041211	LOC120041211	uncharacterized LOC120041211	lncRNA	NW_024061104.1	117444	118752	0	B	2	cnv,ref_divergence	0	0	1	0	1		liftoff_only	siscowet	1	2	0	0	1	gene-LOC120041211	2	noncoding;repeat_or_tandem_family	0	
gene-LOC120041266	LOC120041266	uncharacterized LOC120041266	lncRNA	NW_024061119.1	185911	187136	0	B	2	cnv,ref_divergence	0	0	1	0	1		liftoff_only	siscowet	1	2	0	0	1	gene-LOC120041271	4	noncoding;repeat_or_tandem_family	0	
gene-LOC120041270	LOC120041270	uncharacterized LOC120041270	lncRNA	NW_024061119.1	133619	134764	0	B	2	cnv,ref_divergence	0	0	1	0	1		liftoff_only	siscowet	1	3	0	0	1	gene-LOC120041271	4	noncoding;repeat_or_tandem_family	0	
gene-LOC120041356	LOC120041356	zinc finger protein 180-like	protein_coding	NW_024061142.1	140146	141252	3	B	2	cnv,ref_divergence	0	0	1	0	1		liftoff_only	lean	3	2	0	0	1	gene-LOC120041356	2	repeat_or_tandem_family	0	
gene-LOC120041363	LOC120041363	zinc finger protein 2 homolog	protein_coding	NW_024061142.1	492879	495358	1	B	2	cnv,ref_divergence	0	0	1	0	1		liftoff_only	lean	2	1	0	0	1	gene-LOC120041363	2	repeat_or_tandem_family	0	
gene-LOC120041384	LOC120041384	interferon a3	protein_coding	NW_024061149.1	93860	96449	4	B	2	cnv,ref_divergence	0	0	1	0	1		liftoff_only	siscowet	1	3	0	0	1	gene-LOC120041381	7	tandem_cluster_n7	0	0
gene-LOC120041406	LOC120041406	zinc finger protein 2-like	protein_coding	NW_024061153.1	336590	340840	1	B	2	cnv,ref_divergence	0	0	1	0	1		liftoff_only	siscowet	1	5	0	0	1	gene-LOC120041406	1	repeat_or_tandem_family	0	
gene-LOC120041410	LOC120041410	uncharacterized LOC120041410	lncRNA	NW_024061154.1	71069	71654	0	B	2	cnv,ref_divergence	0	0	1	0	1		liftoff_only	lean	3	1	0	0	1	gene-LOC120041410	2	noncoding;repeat_or_tandem_family	0	
gene-LOC120041413	LOC120041413	uncharacterized LOC120041413	lncRNA	NW_024061154.1	5004	6811	0	B	2	cnv,ref_divergence	0	0	1	0	1		liftoff_only	lean	5	1	0	0	1	gene-LOC120041413	2	noncoding;repeat_or_tandem_family	0	
gene-LOC120041417	LOC120041417	gastrula zinc finger protein XlCGF17.1-like	protein_coding	NW_024061157.1	140245	143043	5	B	2	cnv,ref_divergence	0	0	1	0	1		liftoff_only	lean	2	1	0	0	1	gene-LOC120041417	1	repeat_or_tandem_family	0	
gene-LOC120041601	LOC120041601	metalloproteinase inhibitor 2-like	protein_coding	NC_052309.1	85884285	85887944	7	B	2	ecotype_only_corroborated,ref_divergence	0	1	0	0	1		corroborated	siscowet			1	0	2	gene-LOC120041558	10	tandem_cluster_n10	0	
gene-LOC120041610	LOC120041610	metalloproteinase inhibitor 2-like	protein_coding	NC_052309.1	85981871	85985528	7	B	2	ecotype_only_corroborated,ref_divergence	0	1	0	0	1		corroborated	siscowet			1	0	2	gene-LOC120041558	10	tandem_cluster_n10	0	
gene-LOC120041617	LOC120041617	uncharacterized LOC120041617	lncRNA	NW_024061184.1	127793	128380	0	B	2	cnv,ref_divergence	0	0	1	0	1		liftoff_only	siscowet	2	3	0	0	1	gene-LOC120041617	1	noncoding;repeat_or_tandem_family	0	
gene-LOC120041632	LOC120041632	metalloproteinase inhibitor 2-like	protein_coding	NC_052309.1	85963631	85985818	7	B	2	ecotype_only_corroborated,ref_divergence	0	1	0	0	1		corroborated	siscowet			1	0	2	gene-LOC120041558	10	tandem_cluster_n10	0	
gene-LOC120041662	LOC120041662	uncharacterized LOC120041662	lncRNA	NW_024061197.1	700947	701585	0	B	2	cnv,ref_divergence	0	0	1	0	1		liftoff_only	siscowet	16	17	0	0	1	gene-LOC120041662	1	noncoding;repeat_or_tandem_family	0	
gene-LOC120041666	LOC120041666	uncharacterized LOC120041666	lncRNA	NW_024061197.1	168497	169025	0	B	2	cnv,ref_divergence	0	0	1	0	1		liftoff_only	lean	4	1	0	0	1	gene-LOC120041666	1	noncoding;repeat_or_tandem_family	0	
gene-LOC120041684	LOC120041684	NACHT, LRR and PYD domains-containing protein 12-like	protein_coding	NW_024061204.1	87132	102469	1	B	2	cnv,ref_divergence	0	0	1	0	1		liftoff_only	lean	2	1	0	0	1	gene-LOC120041684	1	repeat_or_tandem_family	0	
gene-LOC120041694	LOC120041694	uncharacterized LOC120041694	lncRNA	NW_024061208.1	105556	111055	0	B	2	cnv,ref_divergence	0	0	1	0	1		liftoff_only	siscowet	1	2	0	0	1	gene-LOC120041694	1	noncoding;repeat_or_tandem_family	0	
gene-LOC120041717	LOC120041717	uncharacterized LOC120041717	lncRNA	NW_024061216.1	112707	113188	0	B	2	cnv,ref_divergence	0	0	1	0	1		liftoff_only	siscowet	4	8	0	0	1	gene-LOC120041718	6	noncoding;repeat_or_tandem_family;tandem_cluster_n6	0	
gene-LOC120041726	LOC120041726	uncharacterized LOC120041726	lncRNA	NW_024061217.1	13580	14348	0	B	2	cnv,ref_divergence	0	0	1	0	1		liftoff_only	siscowet	2	5	0	0	1	gene-LOC120041726	1	noncoding;repeat_or_tandem_family	0	
gene-LOC120041749	LOC120041749	uncharacterized LOC120041749	lncRNA	NW_024061227.1	55516	57385	0	B	2	cnv,ref_divergence	0	0	1	0	1		liftoff_only	siscowet	1	2	0	0	1	gene-LOC120041749	1	noncoding;repeat_or_tandem_family	0	
gene-LOC120041806	LOC120041806	U1 spliceosomal RNA	snRNA	NW_024061248.1	96921	97084	0	B	2	cnv,ref_divergence	0	0	1	0	1		liftoff_only	siscowet	1	3	0	0	1	gene-LOC120041808	6	noncoding;tandem_cluster_n6	0	
gene-LOC120041807	LOC120041807	U1 spliceosomal RNA	snRNA	NW_024061248.1	23423	23586	0	B	2	cnv,ref_divergence	0	0	1	0	1		liftoff_only	siscowet	1	3	0	0	1	gene-LOC120041810	3	noncoding	0	
gene-LOC120041809	LOC120041809	U1 spliceosomal RNA	snRNA	NW_024061248.1	37189	37352	0	B	2	cnv,ref_divergence	0	0	1	0	1		liftoff_only	siscowet	1	2	0	0	1	gene-LOC120041810	3	noncoding	0	
gene-LOC120041810	LOC120041810	U1 spliceosomal RNA	snRNA	NW_024061248.1	20521	20684	0	B	2	cnv,ref_divergence	0	0	1	0	1		liftoff_only	siscowet	1	5	0	0	1	gene-LOC120041810	3	noncoding	0	
gene-LOC120041811	LOC120041811	U1 spliceosomal RNA	snRNA	NW_024061248.1	100089	100252	0	B	2	cnv,ref_divergence	0	0	1	0	1		liftoff_only	siscowet	1	5	0	0	1	gene-LOC120041808	6	noncoding;tandem_cluster_n6	0	
gene-LOC120041812	LOC120041812	U1 spliceosomal RNA	snRNA	NW_024061248.1	103350	103513	0	B	2	cnv,ref_divergence	0	0	1	0	1		liftoff_only	siscowet	1	4	0	0	1	gene-LOC120041808	6	noncoding;tandem_cluster_n6	0	
gene-LOC120041813	LOC120041813	U1 spliceosomal RNA	snRNA	NW_024061248.1	106611	106774	0	B	2	cnv,ref_divergence	0	0	1	0	1		liftoff_only	siscowet	1	2	0	0	1	gene-LOC120041808	6	noncoding;tandem_cluster_n6	0	
gene-LOC120041814	LOC120041814	U1 spliceosomal RNA	snRNA	NW_024061248.1	109872	110035	0	B	2	cnv,ref_divergence	0	0	1	0	1		liftoff_only	siscowet	1	3	0	0	1	gene-LOC120041808	6	noncoding;tandem_cluster_n6	0	
gene-LOC120041868	LOC120041868	uncharacterized LOC120041868	protein_coding	NW_024061271.1	281	2885	0	B	2	cnv,ref_divergence	0	0	1	0	1		liftoff_only	siscowet	1	7	0	0	1	gene-LOC120041868	2	repeat_or_tandem_family	0	
gene-LOC120041875	LOC120041875	uncharacterized LOC120041875	lncRNA	NW_024061275.1	472373	472852	0	B	2	cnv,ref_divergence	0	0	1	0	1		liftoff_only	lean	13	7	0	0	1	gene-LOC120041875	1	noncoding;repeat_or_tandem_family	0	
gene-LOC120041921	LOC120041921	5S ribosomal RNA	rRNA	NW_024061286.1	4984	5102	0	B	2	cnv,ref_divergence	0	0	1	0	1		liftoff_only	siscowet	1	2	0	0	1	gene-LOC120041932	4	noncoding	0	
gene-LOC120042079	LOC120042079	5S ribosomal RNA	rRNA	NW_024061321.1	23600	23718	0	B	2	cnv,ref_divergence	0	0	1	0	1		liftoff_only	lean	3	2	0	0	1	gene-LOC120042073	10	noncoding;tandem_cluster_n10	0	0
gene-LOC120042086	LOC120042086	U1 spliceosomal RNA	snRNA	NW_024061321.1	116260	116424	0	B	2	cnv,ref_divergence	0	0	1	0	1		liftoff_only	lean	3	2	0	0	1	gene-LOC120042089	6	noncoding;tandem_cluster_n6	0	
gene-LOC120042087	LOC120042087	U1 spliceosomal RNA	snRNA	NW_024061321.1	110312	110476	0	B	2	cnv,ref_divergence	0	0	1	0	1		liftoff_only	lean	15	5	0	0	1	gene-LOC120042089	6	noncoding;tandem_cluster_n6	0	
gene-LOC120042088	LOC120042088	U1 spliceosomal RNA	snRNA	NW_024061321.1	95893	96057	0	B	2	cnv,ref_divergence	0	0	1	0	1		liftoff_only	siscowet	1	7	0	0	1	gene-LOC120042089	6	noncoding;tandem_cluster_n6	0	
gene-LOC120042089	LOC120042089	U1 spliceosomal RNA	snRNA	NW_024061321.1	94232	94396	0	B	2	cnv,ref_divergence	0	0	1	0	1		liftoff_only	siscowet	1	2	0	0	1	gene-LOC120042089	6	noncoding;tandem_cluster_n6	0	
gene-LOC120042117	LOC120042117	uncharacterized LOC120042117	protein_coding	NW_024061326.1	92756	103718	0	B	2	cnv,ref_divergence	0	0	1	0	1		liftoff_only	lean	4	2	0	0	1	gene-LOC120042117	1	repeat_or_tandem_family	0	
gene-LOC120042155	LOC120042155	uncharacterized LOC120042155	protein_coding	NW_024061335.1	126281	129089	0	B	2	cnv,ref_divergence	0	0	1	0	1		liftoff_only	lean	3	2	0	0	1	gene-LOC120042155	1	repeat_or_tandem_family	0	
gene-LOC120042158	LOC120042158	immunoglobulin superfamily containing leucine-rich repeat protein 2-like	protein_coding	NW_024061337.1	36394	43002	1	B	2	cnv,ref_divergence	0	0	1	0	1		liftoff_only	siscowet	1	2	0	0	1	gene-LOC120042158	1	repeat_or_tandem_family	0	
gene-LOC120042163	LOC120042163	uncharacterized LOC120042163	lncRNA	NW_024061338.1	52015	54366	0	B	2	cnv,ref_divergence	0	0	1	0	1		liftoff_only	lean	2	1	0	0	1	gene-LOC120042164	2	noncoding;repeat_or_tandem_family	0	
gene-LOC120042222	LOC120042222	uncharacterized LOC120042222	lncRNA	NW_024061353.1	123798	124153	0	B	2	cnv,ref_divergence	0	0	1	0	1		liftoff_only	lean	6	2	0	0	1	gene-LOC120042222	1	noncoding;repeat_or_tandem_family	0	
gene-LOC120042249	LOC120042249	uncharacterized LOC120042249	lncRNA	NW_024061363.1	59395	60176	0	B	2	cnv,ref_divergence	0	0	1	0	1		liftoff_only	siscowet	1	3	0	1	1	gene-LOC120042248	7	noncoding;repeat_or_tandem_family;tandem_cluster_n7	0	0
gene-LOC120042254	LOC120042254	uncharacterized LOC120042254	protein_coding	NW_024061363.1	127459	129098	24	B	2	cnv,ref_divergence	0	0	1	0	1		liftoff_only	siscowet	16	24	0	0	1	gene-LOC120042248	7	repeat_or_tandem_family;tandem_cluster_n7	0	
gene-LOC120042306	LOC120042306	uncharacterized LOC120042306	lncRNA	NW_024061364.1	409121	410646	0	B	2	cnv,ref_divergence	0	0	1	0	1		liftoff_only	siscowet	1	2	0	0	1	gene-LOC120042306	1	noncoding;repeat_or_tandem_family	0	
gene-LOC120042319	LOC120042319	uncharacterized LOC120042319	lncRNA	NW_024061368.1	125545	126179	0	B	2	cnv,ref_divergence	0	0	1	0	1		liftoff_only	lean	44	38	0	0	1	gene-LOC120042318	3	noncoding;repeat_or_tandem_family	0	
gene-LOC120042321	LOC120042321	uncharacterized LOC120042321	lncRNA	NW_024061368.1	132073	132469	0	B	2	cnv,ref_divergence	0	0	1	0	1		liftoff_only	siscowet	42	44	0	0	1	gene-LOC120042318	3	noncoding;repeat_or_tandem_family	0	
gene-LOC120042337	LOC120042337	NACHT, LRR and PYD domains-containing protein 1 homolog	protein_coding	NW_024061372.1	74593	79372	3	B	2	cnv,ref_divergence	0	0	1	0	1		liftoff_only	siscowet	1	2	0	0	1	gene-LOC120042337	1	repeat_or_tandem_family	0	0
gene-LOC120042343	LOC120042343	uncharacterized LOC120042343	lncRNA	NW_024061375.1	162849	163595	0	B	2	cnv,ref_divergence	0	0	1	0	1		liftoff_only	siscowet	1	2	0	0	1	gene-LOC120042343	1	noncoding;repeat_or_tandem_family	0	
gene-LOC120042390	LOC120042390	uncharacterized LOC120042390	lncRNA	NW_024061386.1	219300	220599	0	B	2	cnv,ref_divergence	0	0	1	0	1		liftoff_only	siscowet	1	2	0	0	1	gene-LOC120042392	3	noncoding;repeat_or_tandem_family	0	
gene-LOC120042436	LOC120042436	uncharacterized LOC120042436	lncRNA	NW_024061405.1	71545	71858	0	B	2	cnv,ref_divergence	0	0	1	0	1		liftoff_only	lean	49	48	0	0	1	gene-LOC120042436	1	noncoding;repeat_or_tandem_family	0	
gene-LOC120042486	LOC120042486	zinc finger protein 239-like	protein_coding	NW_024061419.1	502013	519056	1	B	2	ecotype_only_corroborated,ref_divergence	0	1	0	0	1		corroborated	lean			0	1	2	gene-LOC120042486	1	repeat_or_tandem_family	0	0
gene-LOC120042491	LOC120042491	zinc finger protein 135-like	protein_coding	NW_024061419.1	938819	940458	3	B	2	ecotype_only_corroborated,ref_divergence	0	1	0	0	1		corroborated	siscowet			0	1	2	gene-LOC120042491	6	repeat_or_tandem_family;tandem_cluster_n6	0	0
gene-LOC120042514	LOC120042514	uncharacterized LOC120042514	lncRNA	NW_024061419.1	28399	29467	0	B	2	cnv,ref_divergence	0	0	1	0	1		liftoff_only	siscowet	1	6	0	0	1	gene-LOC120042514	1	noncoding;repeat_or_tandem_family	0	
gene-LOC120042540	LOC120042540	uncharacterized LOC120042540	lncRNA	NW_024061431.1	160770	163535	0	B	2	cnv,ref_divergence	0	0	1	0	1		liftoff_only	lean	2	1	0	0	1	gene-LOC120042540	3	noncoding;repeat_or_tandem_family	0	
gene-LOC120042555	LOC120042555	uncharacterized LOC120042555	lncRNA	NW_024061431.1	493279	493721	0	B	2	cnv,ref_divergence	0	0	1	0	1		liftoff_only	lean	3	2	0	0	1	gene-LOC120042555	1	noncoding;repeat_or_tandem_family	0	
gene-LOC120042559	LOC120042559	uncharacterized LOC120042559	lncRNA	NW_024061431.1	244800	245229	0	B	2	cnv,ref_divergence	0	0	1	0	1		liftoff_only	siscowet	2	3	0	0	1	gene-LOC120042559	6	noncoding;repeat_or_tandem_family;tandem_cluster_n6	0	
gene-LOC120042576	LOC120042576	uncharacterized LOC120042576	lncRNA	NW_024061438.1	10992	12781	0	B	2	cnv,ref_divergence	0	0	1	0	1		liftoff_only	lean	2	1	0	0	1	gene-LOC120042576	1	noncoding;repeat_or_tandem_family	0	
gene-LOC120042583	LOC120042583	uncharacterized protein K02A2.6-like	protein_coding	NW_024061443.1	58949	60010	2	B	2	cnv,ref_divergence	0	0	1	0	1		liftoff_only	siscowet	26	29	0	0	1	gene-LOC120042583	1	repeat_or_tandem_family	0	
gene-LOC120042661	LOC120042661	uncharacterized LOC120042661	protein_coding	NW_024061465.1	8774	106023	1	B	2	ecotype_only_corroborated,ref_divergence	0	1	0	0	1		corroborated	siscowet			0	1	2	gene-LOC120042661	1	repeat_or_tandem_family	0	2
gene-LOC120042668	LOC120042668	5S ribosomal RNA	rRNA	NW_024061467.1	22480	22599	0	B	2	cnv,ref_divergence	0	0	1	0	1		liftoff_only	lean	6	1	0	0	1	gene-LOC120042673	12	noncoding;tandem_cluster_n12	0	
gene-LOC120042740	LOC120042740	uncharacterized LOC120042740	protein_coding	NW_024061491.1	15994	19098	0	B	2	cnv,ref_divergence	0	0	1	0	1		liftoff_only	lean	7	2	0	0	1	gene-LOC120042740	2	repeat_or_tandem_family	0	
gene-LOC120042742	LOC120042742	histone-lysine N-methyltransferase set-1-like	protein_coding	NW_024061491.1	13034	14391	1	B	2	cnv,ref_divergence	0	0	1	0	1		liftoff_only	lean	3	2	0	0	1	gene-LOC120042742	1	repeat_or_tandem_family	0	
gene-LOC120042771	LOC120042771	zinc finger protein OZF-like	protein_coding	NW_024061504.1	6117	10282	0	B	2	cnv,ref_divergence	0	0	1	0	1		liftoff_only	lean	2	1	0	0	1	gene-LOC120042771	1	repeat_or_tandem_family	0	
gene-LOC120042792	LOC120042792	uncharacterized LOC120042792	lncRNA	NW_024061508.1	43317	50211	0	B	2	ecotype_only_corroborated,ref_divergence	0	1	0	0	1		corroborated	lean			0	1	2	gene-LOC120042792	1	noncoding;repeat_or_tandem_family	0	2
gene-LOC120042810	LOC120042810	uncharacterized LOC120042810	lncRNA	NW_024061515.1	5973	8634	0	B	2	cnv,ref_divergence	0	0	1	0	1		liftoff_only	siscowet	3	5	0	0	1	gene-LOC120042810	1	noncoding;repeat_or_tandem_family	0	
gene-LOC120042812	LOC120042812	uncharacterized LOC120042812	protein_coding	NW_024061515.1	82070	90593	0	B	2	cnv,ref_divergence	0	0	1	0	1		liftoff_only	siscowet	1	3	0	0	1	gene-LOC120042813	2	repeat_or_tandem_family	0	
gene-LOC120042813	LOC120042813	uncharacterized LOC120042813	lncRNA	NW_024061515.1	77079	78568	0	B	2	cnv,ref_divergence	0	0	1	0	1		liftoff_only	siscowet	1	2	0	0	1	gene-LOC120042813	2	noncoding;repeat_or_tandem_family	0	
gene-LOC120042885	LOC120042885	U1 spliceosomal RNA	snRNA	NW_024061526.1	75796	75957	0	B	2	cnv,ref_divergence	0	0	1	0	1		liftoff_only	siscowet	1	5	0	0	1	gene-LOC120042885	1	noncoding	0	
gene-LOC120042888	LOC120042888	5S ribosomal RNA	rRNA	NW_024061526.1	55739	55857	0	B	2	cnv,ref_divergence	0	0	1	0	1		liftoff_only	siscowet	1	3	0	0	1	gene-LOC120042890	9	noncoding;tandem_cluster_n9	0	
gene-LOC120042891	LOC120042891	5S ribosomal RNA	rRNA	NW_024061526.1	42981	43099	0	B	2	cnv,ref_divergence	0	0	1	0	1		liftoff_only	lean	2	1	0	0	1	gene-LOC120042890	9	noncoding;tandem_cluster_n9	0	
gene-LOC120042904	LOC120042904	uncharacterized LOC120042904	protein_coding	NW_024061530.1	984016	985715	0	B	2	cnv,ref_divergence	0	0	1	0	1		liftoff_only	siscowet	3	8	0	0	1	gene-LOC120042905	2	repeat_or_tandem_family	0	
gene-LOC120042906	LOC120042906	uncharacterized LOC120042906	lncRNA	NW_024061530.1	674149	675909	0	B	2	cnv,ref_divergence	0	0	1	0	1		liftoff_only	lean	3	1	0	1	1	gene-LOC120042906	1	noncoding;repeat_or_tandem_family	0	1
gene-LOC120042925	LOC120042925	uncharacterized LOC120042925	lncRNA	NW_024061543.1	32717	36516	0	B	2	cnv,ref_divergence	0	0	1	0	1		liftoff_only	siscowet	1	4	0	0	1	gene-LOC120042925	1	noncoding;repeat_or_tandem_family	0	
gene-LOC120042963	LOC120042963	5S ribosomal RNA	rRNA	NW_024061552.1	96309	96427	0	B	2	cnv,ref_divergence	0	0	1	0	1		liftoff_only	lean	4	1	0	0	1	gene-LOC120042936	29	noncoding;tandem_cluster_n29	0	
gene-LOC120042965	LOC120042965	U1 spliceosomal RNA	snRNA	NW_024061552.1	9226	9390	0	B	2	cnv,ref_divergence	0	0	1	0	1		liftoff_only	siscowet	8	9	0	0	1	gene-LOC120042965	1	noncoding	0	
gene-LOC120042982	LOC120042982	U1 spliceosomal RNA	snRNA	NW_024061556.1	76766	76929	0	B	2	cnv,ref_divergence	0	0	1	0	1		liftoff_only	siscowet	1	2	0	0	1	gene-LOC120042983	4	noncoding	0	
gene-LOC120042983	LOC120042983	U1 spliceosomal RNA	snRNA	NW_024061556.1	68502	68665	0	B	2	cnv,ref_divergence	0	0	1	0	1		liftoff_only	siscowet	1	2	0	0	1	gene-LOC120042983	4	noncoding	0	
gene-LOC120043016	LOC120043016	uncharacterized LOC120043016	lncRNA	NW_024061572.1	56264	57386	0	B	2	cnv,ref_divergence	0	0	1	0	1		liftoff_only	siscowet	1	2	0	0	1	gene-LOC120043016	1	noncoding;repeat_or_tandem_family	0	
gene-LOC120043024	LOC120043024	zinc finger protein 271-like	protein_coding	NW_024061575.1	159638	180157	0	B	2	cnv,ref_divergence	0	0	1	0	1		liftoff_only	lean	2	1	0	0	1	gene-LOC120043026	3	repeat_or_tandem_family	0	1
gene-LOC120043025	LOC120043025	gastrula zinc finger protein XlCGF17.1-like	protein_coding	NW_024061575.1	37562	41482	0	B	2	cnv,ref_divergence	0	0	1	0	1		liftoff_only	siscowet	1	2	0	0	1	gene-LOC120043027	3	repeat_or_tandem_family	0	
gene-LOC120043027	LOC120043027	gastrula zinc finger protein XlCGF49.1-like	protein_coding	NW_024061575.1	22026	27241	3	B	2	cnv,ref_divergence	0	0	1	0	1		liftoff_only	lean	3	2	0	0	1	gene-LOC120043027	3	repeat_or_tandem_family	0	
gene-LOC120043100	LOC120043100	uncharacterized LOC120043100	lncRNA	NW_024061608.1	204479	205263	0	B	2	cnv,ref_divergence	0	0	1	0	1		liftoff_only	lean	2	1	0	0	1	gene-LOC120043100	3	noncoding;repeat_or_tandem_family	0	
gene-LOC120043101	LOC120043101	uncharacterized LOC120043101	protein_coding	NW_024061608.1	205952	207870	0	B	2	cnv,ref_divergence	0	0	1	0	1		liftoff_only	lean	5	1	0	0	1	gene-LOC120043100	3	repeat_or_tandem_family	0	
gene-LOC120043129	LOC120043129	U1 spliceosomal RNA	snRNA	NW_024061616.1	6936	7091	0	B	2	cnv,ref_divergence	0	0	1	0	1		liftoff_only	lean	14	6	0	0	1	gene-LOC120043129	2	noncoding	0	
gene-LOC120043164	LOC120043164	5S ribosomal RNA	rRNA	NW_024061616.1	75838	75956	0	B	2	cnv,ref_divergence	0	0	1	0	1		liftoff_only	lean	8	1	0	0	1	gene-LOC120043127	27	noncoding;tandem_cluster_n27	0	0
gene-LOC120043165	LOC120043165	5S ribosomal RNA	rRNA	NW_024061616.1	98254	98372	0	B	2	cnv,ref_divergence	0	0	1	0	1		liftoff_only	lean	3	1	0	0	1	gene-LOC120043127	27	noncoding;tandem_cluster_n27	0	
gene-LOC120043169	LOC120043169	5S ribosomal RNA	rRNA	NW_024061616.1	49816	49934	0	B	2	cnv,ref_divergence	0	0	1	0	1		liftoff_only	lean	8	1	0	0	1	gene-LOC120043127	27	noncoding;tandem_cluster_n27	0	0
gene-LOC120043172	LOC120043172	5S ribosomal RNA	rRNA	NW_024061616.1	103262	103381	0	B	2	cnv,ref_divergence	0	0	1	0	1		liftoff_only	siscowet	5	9	0	0	1	gene-LOC120043127	27	noncoding;tandem_cluster_n27	0	
gene-LOC120043181	LOC120043181	U1 spliceosomal RNA	snRNA	NW_024061616.1	19086	19249	0	B	2	cnv,ref_divergence	0	0	1	0	1		liftoff_only	siscowet	1	8	0	0	1	gene-LOC120043129	2	noncoding	0	
gene-LOC120043194	LOC120043194	5S ribosomal RNA	rRNA	NW_024061618.1	29560	29678	0	B	2	cnv,ref_divergence	0	0	1	0	1		liftoff_only	siscowet	1	35	0	0	1	gene-LOC120043194	2	noncoding	0	
gene-LOC120043196	LOC120043196	U1 spliceosomal RNA	snRNA	NW_024061618.1	30345	30508	0	B	2	cnv,ref_divergence	0	0	1	0	1		liftoff_only	siscowet	1	4	0	0	1	gene-LOC120043200	9	noncoding;tandem_cluster_n9	0	
gene-LOC120043198	LOC120043198	U1 spliceosomal RNA	snRNA	NW_024061618.1	44680	44844	0	B	2	cnv,ref_divergence	0	0	1	0	1		liftoff_only	siscowet	4	7	0	0	1	gene-LOC120043200	9	noncoding;tandem_cluster_n9	0	1
gene-LOC120043200	LOC120043200	U1 spliceosomal RNA	snRNA	NW_024061618.1	20152	20311	0	B	2	cnv,ref_divergence	0	0	1	0	1		liftoff_only	siscowet	1	4	0	0	1	gene-LOC120043200	9	noncoding;tandem_cluster_n9	0	
gene-LOC120043201	LOC120043201	U1 spliceosomal RNA	snRNA	NW_024061618.1	21485	21649	0	B	2	cnv,ref_divergence	0	0	1	0	1		liftoff_only	lean	10	3	0	0	1	gene-LOC120043200	9	noncoding;tandem_cluster_n9	0	
gene-LOC120043202	LOC120043202	U1 spliceosomal RNA	snRNA	NW_024061618.1	50635	50799	0	B	2	cnv,ref_divergence	0	0	1	0	1		liftoff_only	lean	2	1	0	0	1	gene-LOC120043200	9	noncoding;tandem_cluster_n9	0	
gene-LOC120043203	LOC120043203	U1 spliceosomal RNA	snRNA	NW_024061618.1	59238	59402	0	B	2	cnv,ref_divergence	0	0	1	0	1		liftoff_only	lean	3	1	0	0	1	gene-LOC120043200	9	noncoding;tandem_cluster_n9	0	
gene-LOC120043205	LOC120043205	U1 spliceosomal RNA	snRNA	NW_024061618.1	60911	61075	0	B	2	cnv,ref_divergence	0	0	1	0	1		liftoff_only	siscowet	1	2	0	0	1	gene-LOC120043200	9	noncoding;tandem_cluster_n9	0	
gene-LOC120043235	LOC120043235	5S ribosomal RNA	rRNA	NW_024061620.1	38056	38174	0	B	2	cnv,ref_divergence	0	0	1	0	1		liftoff_only	lean	4	1	0	0	1	gene-LOC120043269	18	noncoding;tandem_cluster_n18	0	
gene-LOC120043246	LOC120043246	5S ribosomal RNA	rRNA	NW_024061620.1	82257	82375	0	B	2	cnv,ref_divergence	0	0	1	0	1		liftoff_only	lean	2	1	0	0	1	gene-LOC120043269	18	noncoding;tandem_cluster_n18	0	
gene-LOC120043300	LOC120043300	uncharacterized LOC120043300	lncRNA	NW_024061634.1	41365	46342	0	B	2	cnv,ref_divergence	0	0	1	0	1		liftoff_only	siscowet	1	2	0	0	1	gene-LOC120043300	1	noncoding;repeat_or_tandem_family	0	
gene-LOC120043306	LOC120043306	uncharacterized LOC120043306	protein_coding	NW_024061637.1	94987	99713	0	B	2	cnv,ref_divergence	0	0	1	0	1		liftoff_only	siscowet	4	5	0	0	1	gene-LOC120043306	1	repeat_or_tandem_family	0	
gene-LOC120043357	LOC120043357	uncharacterized LOC120043357	lncRNA	NC_052309.1	93945087	93948922	0	B	2	ecotype_only_corroborated,ref_divergence	0	1	0	0	1		corroborated	siscowet			1	1	3	gene-LOC120043357	1	noncoding;repeat_or_tandem_family	0	2
gene-LOC120043376	LOC120043376	5S ribosomal RNA	rRNA	NW_024061644.1	95917	96036	0	B	2	cnv,ref_divergence	0	0	1	0	1		liftoff_only	siscowet	2	3	0	0	1	gene-LOC120043379	8	noncoding;tandem_cluster_n8	0	
gene-LOC120043378	LOC120043378	5S ribosomal RNA	rRNA	NW_024061644.1	92639	92757	0	B	2	cnv,ref_divergence	0	0	1	0	1		liftoff_only	lean	2	1	0	0	1	gene-LOC120043379	8	noncoding;tandem_cluster_n8	0	
gene-LOC120043477	LOC120043477	uncharacterized LOC120043477	lncRNA	NW_024061685.1	51908	53215	0	B	2	cnv,ref_divergence	0	0	1	0	1		liftoff_only	siscowet	1	3	0	0	1	gene-LOC120043478	4	noncoding;repeat_or_tandem_family	0	
gene-LOC120043478	LOC120043478	uncharacterized LOC120043478	lncRNA	NW_024061685.1	5540	5948	0	B	2	cnv,ref_divergence	0	0	1	0	1		liftoff_only	siscowet	2	3	0	0	1	gene-LOC120043478	4	noncoding;repeat_or_tandem_family	0	
gene-LOC120043479	LOC120043479	immunoglobulin superfamily member 6-like	protein_coding	NC_052309.1	93984327	93988024	0	B	2	ecotype_only_corroborated,ref_divergence	0	1	0	0	1		corroborated	siscowet			1	1	3	gene-LOC120043479	1	repeat_or_tandem_family	0	0
gene-LOC120043492	LOC120043492	uncharacterized LOC120043492	protein_coding	NW_024061686.1	354111	358417	0	B	2	cnv,ref_divergence	0	0	1	0	1		liftoff_only	siscowet	1	2	0	0	1	gene-LOC120043492	3	repeat_or_tandem_family	0	
gene-LOC120043503	LOC120043503	5S ribosomal RNA	rRNA	NW_024061696.1	96113	96231	0	B	2	cnv,ref_divergence	0	0	1	0	1		liftoff_only	lean	3	1	0	0	1	gene-LOC120043535	16	noncoding;tandem_cluster_n16	0	
gene-LOC120043575	LOC120043575	uncharacterized LOC120043575	lncRNA	NW_024061713.1	76916	78308	0	B	2	cnv,ref_divergence	0	0	1	0	1		liftoff_only	lean	8	5	0	0	1	gene-LOC120043575	1	noncoding;repeat_or_tandem_family	0	
gene-LOC120043599	LOC120043599	uncharacterized LOC120043599	lncRNA	NW_024061723.1	64420	83379	0	B	2	cnv,ref_divergence	0	0	1	0	1		liftoff_only	siscowet	1	4	0	0	1	gene-LOC120043599	1	noncoding;repeat_or_tandem_family	0	
gene-LOC120043617	LOC120043617	uncharacterized LOC120043617	protein_coding	NW_024061727.1	44851	54510	0	B	2	cnv,ref_divergence	0	0	1	0	1		liftoff_only	lean	2	1	0	0	1	gene-LOC120043622	5	repeat_or_tandem_family;tandem_cluster_n5	0	
gene-LOC120043620	LOC120043620	uncharacterized LOC120043620	lncRNA	NW_024061727.1	78577	78932	0	B	2	cnv,ref_divergence	0	0	1	0	1		liftoff_only	siscowet	6	8	0	0	1	gene-LOC120043622	5	noncoding;repeat_or_tandem_family;tandem_cluster_n5	0	
gene-LOC120043622	LOC120043622	uncharacterized LOC120043622	protein_coding	NW_024061727.1	19493	21977	1	B	2	cnv,ref_divergence	0	0	1	0	1		liftoff_only	lean	2	1	0	0	1	gene-LOC120043622	5	repeat_or_tandem_family;tandem_cluster_n5	0	
gene-LOC120043681	LOC120043681	uncharacterized LOC120043681	lncRNA	NW_024061751.1	1455	2897	0	B	2	cnv,ref_divergence	0	0	1	0	1		liftoff_only	lean	2	1	0	0	1	gene-LOC120043681	1	noncoding;repeat_or_tandem_family	0	
gene-LOC120043709	LOC120043709	zinc finger protein 345-like	protein_coding	NC_052309.1	95289168	95321595	3	B	2	ecotype_only_corroborated,ref_divergence	0	1	0	0	1		corroborated	lean			1	0	2	gene-LOC120043723	4	repeat_or_tandem_family	0	
gene-LOC120043710	LOC120043710	zinc finger protein 2 homolog	protein_coding	NC_052309.1	95244407	95280364	5	B	2	ecotype_only_corroborated,ref_divergence	0	1	0	0	1		corroborated	lean			1	0	2	gene-LOC120043723	4	repeat_or_tandem_family	0	
gene-LOC120043713	LOC120043713	zinc finger protein 883-like	protein_coding	NC_052309.1	95468810	95504989	0	B	2	ecotype_only_corroborated,ref_divergence	0	1	0	0	1		corroborated	siscowet			1	0	2	gene-LOC120043712	14	repeat_or_tandem_family;tandem_cluster_n14	0	
gene-LOC120043714	LOC120043714	zinc finger protein 260-like	protein_coding	NC_052309.1	95492265	95524780	4	B	2	ecotype_only_corroborated,ref_divergence	0	1	0	0	1		corroborated	lean			1	0	2	gene-LOC120043712	14	repeat_or_tandem_family;tandem_cluster_n14	0	
gene-LOC120043731	LOC120043731	zinc finger protein 239-like	protein_coding	NC_052309.1	94875722	94890404	3	B	2	ecotype_only_corroborated,ref_divergence	0	1	0	0	1		corroborated	lean			1	0	2	gene-LOC120043731	2	repeat_or_tandem_family	0	
gene-LOC120043759	LOC120043759	immunoglobulin lambda-1 light chain-like	protein_coding	NC_052309.1	96092872	96098999	0	B	2	ecotype_only_corroborated,ref_divergence	0	1	0	0	1		corroborated	siscowet			1	0	2	gene-LOC120043759	1	repeat_or_tandem_family	0	
gene-LOC120043761	LOC120043761	uncharacterized LOC120043761	lncRNA	NC_052309.1	96072633	96080904	0	B	2	cnv,ref_divergence	0	0	1	0	1		liftoff_only	siscowet	1	2	0	0	1	gene-LOC120043761	2	noncoding;repeat_or_tandem_family	0	
gene-LOC120043788	LOC120043788	uncharacterized LOC120043788	lncRNA	NC_052309.1	96463190	96463840	0	B	2	cnv,ref_divergence	0	0	1	0	1		liftoff_only	lean	20	15	0	0	1	gene-LOC120043788	1	noncoding;repeat_or_tandem_family	0	
gene-LOC120043844	LOC120043844	uncharacterized LOC120043844	protein_coding	NC_052309.1	98044236	98069984	0	B	2	cnv,ref_divergence	0	0	1	0	1		liftoff_only	siscowet	1	2	0	0	1	gene-LOC120043845	3	repeat_or_tandem_family	0	
gene-LOC120043845	LOC120043845	uncharacterized LOC120043845	protein_coding	NC_052309.1	98033163	98038796	3	B	2	cnv,ref_divergence	0	0	1	0	1		liftoff_only	siscowet	1	2	0	0	1	gene-LOC120043845	3	repeat_or_tandem_family	0	
gene-LOC120043847	LOC120043847	uncharacterized protein K02A2.6-like	protein_coding	NC_052309.1	33218827	33223042	5	B	2	cnv,ref_divergence	0	0	1	0	1		liftoff_only	siscowet	13	17	0	0	1	gene-LOC120043847	1	repeat_or_tandem_family	0	
gene-LOC120044016	LOC120044016	hemoglobin embryonic subunit alpha-like	protein_coding	NC_052309.1	71654310	71655286	11	B	2	ecotype_only_corroborated,ref_divergence	0	1	0	0	1		corroborated	siscowet			1	0	2	gene-LOC120036826	17	repeat_or_tandem_family;tandem_cluster_n17	0	
gene-LOC120044049	LOC120044049	NACHT, LRR and PYD domains-containing protein 12	protein_coding	NC_052309.1	78421717	78428523	1	B	2	cnv,ref_divergence	0	0	1	0	1		liftoff_only	siscowet	1	2	0	0	1	gene-LOC120044049	1	repeat_or_tandem_family	0	
gene-LOC120044111	LOC120044111	NACHT, LRR and PYD domains-containing protein 12-like	protein_coding	NC_052309.1	89335931	89358462	1	B	2	ecotype_only_corroborated,ref_divergence	0	1	0	0	1		corroborated	lean			1	1	3	gene-LOC120044111	1	repeat_or_tandem_family	0	0
gene-LOC120044239	LOC120044239	uncharacterized LOC120044239	protein_coding	NC_052309.1	17008262	17010076	6	B	2	cnv,ref_divergence	0	0	1	0	1		liftoff_only	siscowet	1	2	0	0	1	gene-LOC120044239	1	repeat_or_tandem_family	0	
gene-LOC120044439	LOC120044439	uncharacterized LOC120044439	lncRNA	NC_052309.1	59681903	59683053	0	B	2	cnv,ref_divergence	0	0	1	0	1		liftoff_only	lean	2	1	0	0	1	gene-LOC120044439	1	noncoding;repeat_or_tandem_family	0	
gene-LOC120044476	LOC120044476	interferon a3-like	protein_coding	NC_052309.1	63626136	63627906	3	B	2	cnv,ref_divergence	0	0	1	0	1		liftoff_only	siscowet	1	4	0	0	1	gene-LOC120044472	22	tandem_cluster_n22	0	
gene-LOC120044479	LOC120044479	interferon a3-like	protein_coding	NC_052309.1	63657045	63658781	3	B	2	cnv,ref_divergence	0	0	1	0	1		liftoff_only	lean	2	1	0	0	1	gene-LOC120044472	22	tandem_cluster_n22	0	
gene-LOC120044489	LOC120044489	interferon a3-like	protein_coding	NC_052309.1	63835212	63836656	3	B	2	cnv,ref_divergence	0	0	1	0	1		liftoff_only	lean	2	1	0	0	1	gene-LOC120044472	22	tandem_cluster_n22	0	
gene-LOC120044490	LOC120044490	interferon a3-like	protein_coding	NC_052309.1	63843722	63847736	4	B	2	cnv,ref_divergence	0	0	1	0	1		liftoff_only	lean	3	2	0	0	1	gene-LOC120044472	22	tandem_cluster_n22	0	
gene-LOC120044491	LOC120044491	interferon a3-like	protein_coding	NC_052309.1	63853774	63855229	3	B	2	cnv,ref_divergence	0	0	1	0	1		liftoff_only	siscowet	1	3	0	0	1	gene-LOC120044472	22	tandem_cluster_n22	0	
gene-LOC120044544	LOC120044544	uncharacterized LOC120044544	lncRNA	NC_052309.1	70296237	70296744	0	B	2	ecotype_only_corroborated,ref_divergence	0	1	0	0	1		corroborated	siscowet			1	0	2	gene-LOC120036493	3	noncoding;repeat_or_tandem_family	0	
gene-LOC120044553	LOC120044553	uncharacterized LOC120044553	protein_coding	NC_052309.1	71361805	71364315	1	B	2	ecotype_only_corroborated,ref_divergence	0	1	0	0	1		corroborated	siscowet			1	0	2	gene-LOC120044553	1	repeat_or_tandem_family	0	
gene-LOC120044622	LOC120044622	tRNA-splicing endonuclease subunit Sen54-like	protein_coding	NC_052309.1	77124774	77130533	2	B	2	ecotype_only_corroborated,ref_divergence	0	1	0	0	1		corroborated	siscowet			1	0	2	gene-LOC120044622	1	repeat_or_tandem_family	0	
gene-LOC120044630	LOC120044630	uncharacterized LOC120044630	lncRNA	NC_052309.1	78368112	78372328	0	B	2	cnv,ref_divergence	0	0	1	0	1		liftoff_only	siscowet	2	6	0	0	1	gene-LOC120044630	2	noncoding;repeat_or_tandem_family	0	
gene-LOC120044632	LOC120044632	uncharacterized LOC120044632	lncRNA	NC_052309.1	78414763	78418897	0	B	2	cnv,ref_divergence	0	0	1	0	1		liftoff_only	siscowet	2	6	0	0	1	gene-LOC120044630	2	noncoding;repeat_or_tandem_family	0	
gene-LOC120044656	LOC120044656	uncharacterized LOC120044656	lncRNA	NC_052309.1	80815661	80817129	0	B	2	ecotype_only_corroborated,ref_divergence	0	1	0	0	1		corroborated	siscowet			1	0	2	gene-LOC120044656	1	noncoding;repeat_or_tandem_family	0	
gene-LOC120044722	LOC120044722	uncharacterized LOC120044722	lncRNA	NC_052309.1	94210812	94214352	0	B	2	cnv,ref_divergence	0	0	1	0	1		liftoff_only	siscowet	1	2	0	0	1	gene-LOC120044722	1	noncoding;repeat_or_tandem_family	0	
gene-LOC120044723	LOC120044723	immunoglobulin lambda-1 light chain-like	protein_coding	NC_052309.1	96224128	96231112	0	B	2	ecotype_only_corroborated,ref_divergence	0	1	0	0	1		corroborated	siscowet			1	0	2	gene-LOC120043750	5	repeat_or_tandem_family;tandem_cluster_n5	0	
gene-LOC120044731	LOC120044731	uncharacterized LOC120044731	protein_coding	NC_052309.1	98087199	98096562	3	B	2	cnv,ref_divergence	0	0	1	0	1		liftoff_only	siscowet	1	2	0	0	1	gene-LOC120043845	3	repeat_or_tandem_family	0	
gene-LOC120044738	LOC120044738	zinc finger protein 501-like	protein_coding	NC_052309.1	95419182	95423326	3	B	2	cnv,ref_divergence	0	0	1	0	1		liftoff_only	lean	2	1	0	0	1	gene-LOC120043712	14	repeat_or_tandem_family;tandem_cluster_n14	0	
gene-LOC120044843	LOC120044843	cytochrome P450 2K1-like	protein_coding	NC_052309.1	1577725	1595913	7	B	2	ecotype_only_corroborated,ref_divergence	0	1	0	0	1		corroborated	siscowet			1	0	2	gene-LOC120044841	5	tandem_cluster_n5	0	
gene-LOC120044844	LOC120044844	cytochrome P450 2K1-like	protein_coding	NC_052309.1	1623919	1636789	7	B	2	ecotype_only_corroborated,ref_divergence	0	1	0	0	1		corroborated	lean			1	0	2	gene-LOC120044841	5	tandem_cluster_n5	0	
gene-LOC120045184	LOC120045184	uncharacterized LOC120045184	lncRNA	NC_052307.1	51235526	51239509	0	B	2	cnv,ref_divergence	0	0	1	0	1		liftoff_only	lean	3	2	0	0	1	gene-LOC120045177	2	noncoding;repeat_or_tandem_family	0	
gene-LOC120045234	LOC120045234	small nucleolar RNA SNORD35	snoRNA	NC_052309.1	91788405	91788488	0	B	2	ecotype_only_corroborated,ref_divergence	0	1	0	0	1		corroborated	siscowet			1	0	2	gene-LOC120045234	2	noncoding	0	
gene-LOC120045243	LOC120045243	small nucleolar RNA SNORA9	snoRNA	NC_052309.1	92624882	92625018	0	B	2	cnv,ref_divergence	0	0	1	0	1		liftoff_only	siscowet	1	2	0	0	1	gene-LOC120045210	2	noncoding	0	
gene-LOC120045244	LOC120045244	5S ribosomal RNA	rRNA	NC_052309.1	94126062	94126180	0	B	2	ecotype_only_corroborated,ref_divergence	0	1	0	0	1		corroborated	lean			1	0	2	gene-LOC120045221	6	noncoding;tandem_cluster_n6	0	0
gene-LOC120045256	LOC120045256	small nucleolar RNA SNORD88	snoRNA	NC_052309.1	80816581	80816668	0	B	2	ecotype_only_corroborated,ref_divergence	0	1	0	0	1		corroborated	siscowet			1	0	2	gene-LOC120045258	3	noncoding	0	
gene-LOC120045257	LOC120045257	small nucleolar RNA SNORD88	snoRNA	NC_052309.1	80816341	80816429	0	B	2	ecotype_only_corroborated,ref_divergence	0	1	0	0	1		corroborated	siscowet			1	0	2	gene-LOC120045258	3	noncoding	0	
gene-LOC120045258	LOC120045258	small nucleolar RNA SNORD88	snoRNA	NC_052309.1	80816112	80816200	0	B	2	ecotype_only_corroborated,ref_divergence	0	1	0	0	1		corroborated	siscowet			1	0	2	gene-LOC120045258	3	noncoding	0	
gene-LOC120045260	LOC120045260	5S ribosomal RNA	rRNA	NC_052309.1	94122790	94122908	0	B	2	ecotype_only_corroborated,ref_divergence	0	1	0	0	1		corroborated	lean			1	0	2	gene-LOC120045221	6	noncoding;tandem_cluster_n6	0	1
gene-LOC120045261	LOC120045261	5S ribosomal RNA	rRNA	NC_052309.1	92278103	92278221	0	B	2	cnv,ref_divergence	0	0	1	0	1		liftoff_only	siscowet	2	7	0	0	1	gene-LOC120045261	7	noncoding;tandem_cluster_n7	0	
gene-LOC120045262	LOC120045262	5S ribosomal RNA	rRNA	NC_052309.1	94129305	94129425	0	B	2	cnv,ref_divergence	0	0	1	0	1		liftoff_only	lean	31	23	0	0	1	gene-LOC120045221	6	noncoding;tandem_cluster_n6	0	
gene-LOC120045276	LOC120045276	5.8S ribosomal RNA	rRNA	NC_052309.1	92672353	92672505	0	B	2	cnv,ref_divergence	0	0	1	0	1		liftoff_only	siscowet	1	2	0	0	1	gene-LOC120042831	3	noncoding	0	
gene-LOC120045451	LOC120045451	uncharacterized LOC120045451	lncRNA	NC_052310.1	14085051	14088173	0	B	2	cnv,ref_divergence	0	0	1	0	1		liftoff_only	siscowet	18	20	0	0	1	gene-LOC120045451	1	noncoding;repeat_or_tandem_family	0	
gene-LOC120045523	LOC120045523	uncharacterized LOC120045523	lncRNA	NC_052310.1	21801234	21819045	0	B	2	ecotype_only_corroborated,ref_divergence	0	1	0	0	1		corroborated	siscowet			1	0	2	gene-LOC120045523	2	noncoding;repeat_or_tandem_family	0	
gene-LOC120045524	LOC120045524	uncharacterized LOC120045524	lncRNA	NC_052310.1	21828407	21829252	0	B	2	cnv,ref_divergence	0	0	1	0	1		liftoff_only	lean	2	1	0	0	1	gene-LOC120045523	2	noncoding;repeat_or_tandem_family	0	
gene-LOC120045609	LOC120045609	uncharacterized LOC120045609	protein_coding	NC_052310.1	39225871	39242388	1	B	2	cnv,ref_divergence	0	0	1	0	1		liftoff_only	siscowet	1	2	0	0	1	gene-LOC120045609	1	repeat_or_tandem_family	0	
gene-LOC120045638	LOC120045638	uncharacterized LOC120045638	lncRNA	NC_052310.1	47148108	47150310	0	B	2	cnv,ref_divergence	0	0	1	0	1		liftoff_only	siscowet	35	39	0	0	1	gene-LOC120045638	1	noncoding;repeat_or_tandem_family	0	
gene-LOC120045704	LOC120045704	hemoglobin subunit beta-2-like	protein_coding	NC_052310.1	68910205	68910979	11	B	2	cnv,ref_divergence	0	0	1	0	1		liftoff_only	siscowet	1	2	0	0	1	gene-LOC120045704	1	repeat_or_tandem_family	0	
gene-LOC120045721	LOC120045721	uncharacterized LOC120045721	lncRNA	NC_052310.1	73852672	73854397	0	B	2	cnv,ref_divergence	0	0	1	0	1		liftoff_only	siscowet	1	2	0	0	1	gene-LOC120045721	1	noncoding;repeat_or_tandem_family	0	
gene-LOC120045784	LOC120045784	uncharacterized LOC120045784	protein_coding	NC_052310.1	22461603	22463569	3	B	2	ecotype_only_corroborated,ref_divergence	0	1	0	0	1		corroborated	siscowet			1	0	2	gene-LOC120045784	2	repeat_or_tandem_family	0	
gene-LOC120045789	LOC120045789	zinc finger protein Gfi-1b-like	protein_coding	NC_052310.1	23135482	23137568	4	B	2	ecotype_only_corroborated,ref_divergence	0	1	0	0	1		corroborated	siscowet			1	0	2	gene-LOC120045789	1	repeat_or_tandem_family	0	
gene-LOC120045816	LOC120045816	uncharacterized LOC120045816	lncRNA	NC_052307.1	54134181	54139304	0	B	2	ecotype_only_corroborated,ref_divergence	0	1	0	0	1		corroborated	siscowet			1	0	2	gene-LOC120045816	1	noncoding;repeat_or_tandem_family	0	
gene-LOC120046036	LOC120046036	uncharacterized LOC120046036	lncRNA	NC_052310.1	3115518	3118222	0	B	2	cnv,ref_divergence	0	0	1	0	1		liftoff_only	lean	2	1	0	0	1	gene-LOC120046036	2	noncoding;repeat_or_tandem_family	0	
gene-LOC120046105	LOC120046105	uncharacterized LOC120046105	lncRNA	NC_052307.1	56224735	56227939	0	B	2	ecotype_only_corroborated,ref_divergence	0	1	0	0	1		corroborated	siscowet			1	0	2	gene-LOC120046105	1	noncoding;repeat_or_tandem_family	0	
gene-LOC120046250	LOC120046250	cytoplasmic tRNA 2-thiolation protein 2-like	protein_coding	NC_052307.1	58753470	58761079	4	B	2	ecotype_only_corroborated,ref_divergence	0	1	0	0	1		corroborated	lean			1	0	2	gene-LOC120046250	1	repeat_or_tandem_family	0	
gene-LOC120046319	LOC120046319	zinc finger protein 653-like	protein_coding	NC_052310.1	22455580	22461439	3	B	2	ecotype_only_corroborated,ref_divergence	0	1	0	0	1		corroborated	siscowet			1	0	2	gene-LOC120046319	1	repeat_or_tandem_family	0	
gene-LOC120046323	LOC120046323	uncharacterized LOC120046323	protein_coding	NC_052310.1	22484316	22486479	0	B	2	cnv,ref_divergence	0	0	1	0	1		liftoff_only	siscowet	1	2	0	0	1	gene-LOC120045784	2	repeat_or_tandem_family	0	
gene-LOC120046332	LOC120046332	phenylalanine--tRNA ligase alpha subunit-like	protein_coding	NC_052310.1	22829693	22841934	7	B	2	ecotype_only_corroborated,ref_divergence	0	1	0	0	1		corroborated	siscowet			1	0	2	gene-LOC120046332	1	repeat_or_tandem_family	0	
gene-LOC120046489	LOC120046489	uncharacterized LOC120046489	protein_coding	NC_052310.1	36422625	36430797	4	B	2	ecotype_only_corroborated,ref_divergence	0	1	0	0	1		corroborated	siscowet			1	0	2	gene-LOC120046489	2	repeat_or_tandem_family	0	
gene-LOC120046818	LOC120046818	uncharacterized LOC120046818	lncRNA	NC_052310.1	74776292	74780057	0	B	2	cnv,ref_divergence	0	0	1	0	1		liftoff_only	siscowet	6	7	0	0	1	gene-LOC120046818	1	noncoding;repeat_or_tandem_family	0	
gene-LOC120046970	LOC120046970	zinc finger protein 507-like	protein_coding	NC_052307.1	63220875	63232086	2	B	2	ecotype_only_corroborated,ref_divergence	0	1	0	0	1		corroborated	lean			1	0	2	gene-LOC120052516	2	repeat_or_tandem_family	0	
gene-LOC120047055	LOC120047055	protocadherin gamma-A11-like	protein_coding	NC_052311.1	29851437	29853857	3	B	2	cnv,ref_divergence	0	0	1	0	1		liftoff_only	siscowet	1	3	0	0	1	gene-LOC120047040	46	tandem_cluster_n46	0	
gene-LOC120047056	LOC120047056	protocadherin gamma-A11-like	protein_coding	NC_052311.1	29860569	29862980	3	B	2	cnv,ref_divergence	0	0	1	0	1		liftoff_only	siscowet	1	2	0	0	1	gene-LOC120047040	46	tandem_cluster_n46	0	
gene-LOC120047057	LOC120047057	protocadherin beta-15	protein_coding	NC_052311.1	29866253	29869055	3	B	2	cnv,ref_divergence	0	0	1	0	1		liftoff_only	siscowet	1	2	0	0	1	gene-LOC120047040	46	tandem_cluster_n46	0	
gene-LOC120047058	LOC120047058	protocadherin gamma-A8-like	protein_coding	NC_052311.1	29878456	29881208	3	B	2	cnv,ref_divergence	0	0	1	0	1		liftoff_only	siscowet	1	2	0	0	1	gene-LOC120047040	46	tandem_cluster_n46	0	
gene-LOC120047059	LOC120047059	protocadherin beta-16-like	protein_coding	NC_052311.1	29882114	29884540	3	B	2	cnv,ref_divergence	0	0	1	0	1		liftoff_only	siscowet	1	2	0	0	1	gene-LOC120047040	46	tandem_cluster_n46	0	
gene-LOC120047060	LOC120047060	protocadherin gamma-A2-like	protein_coding	NC_052311.1	29884993	29887581	3	B	2	cnv,ref_divergence	0	0	1	0	1		liftoff_only	siscowet	1	2	0	0	1	gene-LOC120047040	46	tandem_cluster_n46	0	
gene-LOC120047061	LOC120047061	protocadherin gamma-A8-like	protein_coding	NC_052311.1	29888612	29891065	3	B	2	cnv,ref_divergence	0	0	1	0	1		liftoff_only	siscowet	1	2	0	0	1	gene-LOC120047040	46	tandem_cluster_n46	0	
gene-LOC120047062	LOC120047062	protocadherin gamma-C3-like	protein_coding	NC_052311.1	29892132	29894538	3	B	2	cnv,ref_divergence	0	0	1	0	1		liftoff_only	siscowet	1	2	0	0	1	gene-LOC120047040	46	tandem_cluster_n46	0	
gene-LOC120047067	LOC120047067	protocadherin beta-16-like	protein_coding	NC_052311.1	29905190	29908681	3	B	2	cnv,ref_divergence	0	0	1	0	1		liftoff_only	siscowet	1	3	0	0	1	gene-LOC120047040	46	tandem_cluster_n46	0	
gene-LOC120047068	LOC120047068	protocadherin gamma-A8-like	protein_coding	NC_052311.1	29908990	29912448	3	B	2	cnv,ref_divergence	0	0	1	0	1		liftoff_only	siscowet	1	2	0	0	1	gene-LOC120047040	46	tandem_cluster_n46	0	
gene-LOC120047069	LOC120047069	protocadherin beta-16-like	protein_coding	NC_052311.1	29913785	29916194	3	B	2	cnv,ref_divergence	0	0	1	0	1		liftoff_only	siscowet	1	2	0	0	1	gene-LOC120047040	46	tandem_cluster_n46	0	
gene-LOC120047222	LOC120047222	histone-lysine N-methyltransferase 2B-like	protein_coding	NC_052311.1	59591076	59630655	8	B	2	ecotype_only_corroborated,ref_divergence	0	1	0	0	1		corroborated	siscowet			1	0	2	gene-LOC120047221	2	repeat_or_tandem_family	0	
gene-LOC120047256	LOC120047256	uncharacterized LOC120047256	protein_coding	NC_052311.1	63980783	63994844	0	B	2	ecotype_only_corroborated,ref_divergence	0	1	0	0	1		corroborated	lean			1	0	2	gene-LOC120047256	1	repeat_or_tandem_family	0	
gene-LOC120047301	LOC120047301	zinc finger protein 628-like	protein_coding	NC_052311.1	68175595	68184904	3	B	2	ecotype_only_corroborated,ref_divergence	0	1	0	0	1		corroborated	siscowet			1	0	2	gene-LOC120047301	1	repeat_or_tandem_family	0	
gene-LOC120047367	LOC120047367	uncharacterized LOC120047367	lncRNA	NC_052311.1	3748737	3749197	0	B	2	cnv,ref_divergence	0	0	1	0	1		liftoff_only	lean	2	1	0	0	1	gene-LOC120047367	2	noncoding;repeat_or_tandem_family	0	
gene-LOC120047442	LOC120047442	zinc finger protein 436-like	protein_coding	NC_052311.1	24307364	24310148	3	B	2	cnv,ref_divergence	0	0	1	0	1		liftoff_only	siscowet	1	2	0	0	1	gene-LOC120047442	1	repeat_or_tandem_family	0	
gene-LOC120047571	LOC120047571	uncharacterized LOC120047571	lncRNA	NC_052311.1	47140204	47141335	0	B	2	cnv,ref_divergence	0	0	1	0	1		liftoff_only	lean	3	2	0	0	1	gene-LOC120047571	1	noncoding;repeat_or_tandem_family	0	
gene-LOC120047583	LOC120047583	uncharacterized LOC120047583	protein_coding	NC_052311.1	47593165	47598036	3	B	2	ecotype_only_corroborated,ref_divergence	0	1	0	0	1		corroborated	siscowet			1	0	2	gene-LOC120047583	2	repeat_or_tandem_family	0	
gene-LOC120047584	LOC120047584	uncharacterized LOC120047584	lncRNA	NC_052311.1	47605675	47617123	0	B	2	ecotype_only_corroborated,ref_divergence	0	1	0	0	1		corroborated	siscowet			1	0	2	gene-LOC120047583	2	noncoding;repeat_or_tandem_family	0	
gene-LOC120047612	LOC120047612	transmembrane protein 176A-like	protein_coding	NC_052311.1	49657158	49660774	1	B	2	ecotype_only_corroborated,ref_divergence	0	1	0	0	1		corroborated	lean			1	0	2	gene-LOC120047610	8	tandem_cluster_n8	0	
gene-LOC120047614	LOC120047614	transmembrane protein 176A-like	protein_coding	NC_052311.1	49670770	49674353	1	B	2	ecotype_only_corroborated,ref_divergence	0	1	0	0	1		corroborated	siscowet			1	0	2	gene-LOC120047610	8	tandem_cluster_n8	0	
gene-LOC120047616	LOC120047616	transmembrane protein 176A-like	protein_coding	NC_052311.1	49684281	49687892	1	B	2	ecotype_only_corroborated,ref_divergence	0	1	0	0	1		corroborated	lean			1	0	2	gene-LOC120047610	8	tandem_cluster_n8	0	
gene-LOC120047619	LOC120047619	transmembrane protein 176A-like	protein_coding	NC_052311.1	49713136	49716745	1	B	2	ecotype_only_corroborated,ref_divergence	0	1	0	0	1		corroborated	lean			1	0	2	gene-LOC120047610	8	tandem_cluster_n8	0	
gene-LOC120047631	LOC120047631	uncharacterized LOC120047631	lncRNA	NC_052311.1	50959973	50960469	0	B	2	ecotype_only_corroborated,ref_divergence	0	1	0	0	1		corroborated	lean			0	1	2	gene-LOC120047807	3	noncoding;repeat_or_tandem_family	0	0
gene-LOC120047635	LOC120047635	CD83 antigen-like	protein_coding	NC_052311.1	51274809	51277114	0	B	2	ecotype_only_corroborated,ref_divergence	0	1	0	0	1		corroborated	lean			1	0	2	gene-LOC120047634	5	tandem_cluster_n5	0	
gene-LOC120047682	LOC120047682	uncharacterized LOC120047682	lncRNA	NC_052311.1	56945966	56946598	0	B	2	cnv,ref_divergence	0	0	1	0	1		liftoff_only	lean	6	2	0	0	1	gene-LOC120047682	1	noncoding;repeat_or_tandem_family	0	
gene-LOC120047708	LOC120047708	uncharacterized LOC120047708	lncRNA	NC_052311.1	62917433	62918462	0	B	2	ecotype_only_corroborated,ref_divergence	0	1	0	0	1		corroborated	lean			1	0	2	gene-LOC120047708	1	noncoding;repeat_or_tandem_family	0	
gene-LOC120047747	LOC120047747	uncharacterized LOC120047747	lncRNA	NC_052311.1	65984084	65985538	0	B	2	ecotype_only_corroborated,ref_divergence	0	1	0	0	1		corroborated	siscowet			1	0	2	gene-LOC120047747	1	noncoding;repeat_or_tandem_family	0	
gene-LOC120047777	LOC120047777	uncharacterized LOC120047777	lncRNA	NC_052311.1	70675781	70678859	0	B	2	cnv,ref_divergence	0	0	1	0	1		liftoff_only	lean	4	3	0	0	1	gene-LOC120048846	8	noncoding;repeat_or_tandem_family;tandem_cluster_n8	0	
gene-LOC120047794	LOC120047794	uncharacterized LOC120047794	lncRNA	NC_052307.1	11533821	11539074	0	B	2	cnv,ref_divergence	0	0	1	0	1		liftoff_only	siscowet	1	2	0	0	1	gene-LOC120047794	1	noncoding;repeat_or_tandem_family	0	
gene-LOC120047810	LOC120047810	uncharacterized LOC120047810	lncRNA	NC_052311.1	67531616	67532059	0	B	2	ecotype_only_corroborated,ref_divergence	0	1	0	0	1		corroborated	siscowet			1	0	2	gene-LOC120047810	1	noncoding;repeat_or_tandem_family	0	
gene-LOC120047823	LOC120047823	protocadherin gamma-A10-like	protein_coding	NC_052311.1	29924574	29927024	3	B	2	cnv,ref_divergence	0	0	1	0	1		liftoff_only	siscowet	1	2	0	0	1	gene-LOC120047040	46	tandem_cluster_n46	0	
gene-LOC120047824	LOC120047824	protocadherin gamma-A2-like	protein_coding	NC_052311.1	29927688	29930836	3	B	2	cnv,ref_divergence	0	0	1	0	1		liftoff_only	siscowet	1	2	0	0	1	gene-LOC120047040	46	tandem_cluster_n46	0	
gene-LOC120047825	LOC120047825	protocadherin beta-16-like	protein_coding	NC_052311.1	29930905	29933319	3	B	2	cnv,ref_divergence	0	0	1	0	1		liftoff_only	siscowet	1	2	0	0	1	gene-LOC120047040	46	tandem_cluster_n46	0	
gene-LOC120047826	LOC120047826	protocadherin beta-16-like	protein_coding	NC_052311.1	29934176	29936590	3	B	2	cnv,ref_divergence	0	0	1	0	1		liftoff_only	siscowet	1	4	0	0	1	gene-LOC120047040	46	tandem_cluster_n46	0	
gene-LOC120047827	LOC120047827	protocadherin gamma-A2-like	protein_coding	NC_052311.1	29938154	29940568	3	B	2	cnv,ref_divergence	0	0	1	0	1		liftoff_only	siscowet	1	2	0	0	1	gene-LOC120047040	46	tandem_cluster_n46	0	
gene-LOC120047828	LOC120047828	protocadherin beta-16-like	protein_coding	NC_052311.1	29941251	29943662	3	B	2	cnv,ref_divergence	0	0	1	0	1		liftoff_only	siscowet	1	2	0	0	1	gene-LOC120047040	46	tandem_cluster_n46	0	
gene-LOC120047829	LOC120047829	protocadherin beta-16-like	protein_coding	NC_052311.1	29944383	29946926	3	B	2	cnv,ref_divergence	0	0	1	0	1		liftoff_only	siscowet	1	2	0	0	1	gene-LOC120047040	46	tandem_cluster_n46	0	
gene-LOC120047838	LOC120047838	protocadherin beta-16-like	protein_coding	NC_052311.1	29947768	29950781	3	B	2	cnv,ref_divergence	0	0	1	0	1		liftoff_only	siscowet	1	2	0	0	1	gene-LOC120047040	46	tandem_cluster_n46	0	
gene-LOC120047894	LOC120047894	protocadherin beta-16-like	protein_coding	NC_052311.1	29961146	29963560	3	B	2	cnv,ref_divergence	0	0	1	0	1		liftoff_only	siscowet	1	2	0	0	1	gene-LOC120047040	46	tandem_cluster_n46	0	
gene-LOC120047960	LOC120047960	putative protocadherin beta-18	protein_coding	NC_052311.1	29967759	29973278	3	B	2	cnv,ref_divergence	0	0	1	0	1		liftoff_only	siscowet	1	2	0	0	1	gene-LOC120047040	46	tandem_cluster_n46	0	
gene-LOC120047970	LOC120047970	protocadherin gamma-C5-like	protein_coding	NC_052311.1	29981872	29984331	3	B	2	cnv,ref_divergence	0	0	1	0	1		liftoff_only	siscowet	1	2	0	0	1	gene-LOC120047040	46	tandem_cluster_n46	0	
gene-LOC120047986	LOC120047986	uncharacterized LOC120047986	protein_coding	NC_052311.1	14397465	14399360	0	B	2	cnv,ref_divergence	0	0	1	0	1		liftoff_only	siscowet	3	8	0	0	1	gene-LOC120047986	1	repeat_or_tandem_family	0	
gene-LOC120047987	LOC120047987	protocadherin gamma-C5-like	protein_coding	NC_052311.1	29987187	29989670	3	B	2	cnv,ref_divergence	0	0	1	0	1		liftoff_only	siscowet	1	3	0	0	1	gene-LOC120047040	46	tandem_cluster_n46	0	
gene-LOC120048016	LOC120048016	protocadherin gamma-C5-like	protein_coding	NC_052311.1	29992527	29995016	3	B	2	cnv,ref_divergence	0	0	1	0	1		liftoff_only	siscowet	1	2	0	0	1	gene-LOC120047040	46	tandem_cluster_n46	0	
gene-LOC120048041	LOC120048041	protocadherin gamma-C5-like	protein_coding	NC_052311.1	29997777	30000275	3	B	2	cnv,ref_divergence	0	0	1	0	1		liftoff_only	siscowet	1	2	0	0	1	gene-LOC120047040	46	tandem_cluster_n46	0	
gene-LOC120048061	LOC120048061	uncharacterized LOC120048061	lncRNA	NC_052307.1	70153696	70162348	0	B	2	cnv,ref_divergence	0	0	1	0	1		liftoff_only	siscowet	1	2	0	1	1	gene-LOC120048061	2	noncoding;repeat_or_tandem_family	0	0
gene-LOC120048066	LOC120048066	protocadherin gamma-C5-like	protein_coding	NC_052311.1	30004253	30006736	3	B	2	cnv,ref_divergence	0	0	1	0	1		liftoff_only	siscowet	1	2	0	0	1	gene-LOC120047040	46	tandem_cluster_n46	0	
gene-LOC120048071	LOC120048071	uncharacterized LOC120048071	lncRNA	NC_052307.1	70161974	70163434	0	B	2	cnv,ref_divergence	0	0	1	0	1		liftoff_only	siscowet	1	2	0	1	1	gene-LOC120048061	2	noncoding;repeat_or_tandem_family	0	0
gene-LOC120048083	LOC120048083	zinc finger protein 232-like	protein_coding	NC_052311.1	24163062	24169630	3	B	2	cnv,ref_divergence	0	0	1	0	1		liftoff_only	siscowet	1	2	0	0	1	gene-LOC120048083	3	repeat_or_tandem_family	0	
gene-LOC120048084	LOC120048084	zinc finger and SCAN domain-containing protein 21-like	protein_coding	NC_052311.1	24230218	24236220	1	B	2	cnv,ref_divergence	0	0	1	0	1		liftoff_only	siscowet	1	2	0	0	1	gene-LOC120048083	3	repeat_or_tandem_family	0	
gene-LOC120048087	LOC120048087	zinc finger protein 37-like	protein_coding	NC_052311.1	24372401	24377611	4	B	2	cnv,ref_divergence	0	0	1	0	1		liftoff_only	siscowet	1	2	0	0	1	gene-LOC120048087	1	repeat_or_tandem_family	0	
gene-LOC120048099	LOC120048099	protocadherin gamma-C5-like	protein_coding	NC_052311.1	30007968	30010475	3	B	2	cnv,ref_divergence	0	0	1	0	1		liftoff_only	siscowet	1	2	0	0	1	gene-LOC120047040	46	tandem_cluster_n46	0	
gene-LOC120048208	LOC120048208	uncharacterized LOC120048208	lncRNA	NC_052311.1	32633663	32638792	0	B	2	cnv,ref_divergence	0	0	1	0	1		liftoff_only	lean	2	1	0	0	1	gene-LOC120047503	3	noncoding;repeat_or_tandem_family	0	
gene-LOC120048343	LOC120048343	uncharacterized LOC120048343	lncRNA	NC_052311.1	46228952	46232655	0	B	2	ecotype_only_corroborated,ref_divergence	0	1	0	0	1		corroborated	siscowet			1	0	2	gene-LOC120048343	1	noncoding;repeat_or_tandem_family	0	
gene-LOC120048395	LOC120048395	immunoglobulin superfamily containing leucine-rich repeat protein 2-like	protein_coding	NC_052307.1	72725361	72735409	1	B	2	ecotype_only_corroborated,ref_divergence	0	1	0	0	1		corroborated	siscowet			1	0	2	gene-LOC120048395	1	repeat_or_tandem_family	0	
gene-LOC120048435	LOC120048435	CD83 antigen-like	protein_coding	NC_052311.1	51252342	51254599	0	B	2	ecotype_only_corroborated,ref_divergence	0	1	0	0	1		corroborated	lean			1	0	2	gene-LOC120047634	5	tandem_cluster_n5	0	
gene-LOC120048443	LOC120048443	tRNA N(3)-methylcytidine methyltransferase METTL6-like	protein_coding	NC_052311.1	51487152	51489545	0	B	2	ecotype_only_corroborated,ref_divergence	0	1	0	0	1		corroborated	lean			1	0	2	gene-LOC120048443	1	repeat_or_tandem_family	0	
gene-LOC120048501	LOC120048501	zinc finger protein 384-like	protein_coding	NC_052311.1	54572799	54578591	4	B	2	ecotype_only_corroborated,ref_divergence	0	1	0	0	1		corroborated	siscowet			1	0	2	gene-LOC120048501	1	repeat_or_tandem_family	0	
gene-LOC120048589	LOC120048589	zinc finger protein 62-like	protein_coding	NC_052311.1	60296052	60322990	3	B	2	ecotype_only_corroborated,ref_divergence	0	1	0	0	1		corroborated	siscowet			1	0	2	gene-LOC120048589	2	repeat_or_tandem_family	0	
gene-LOC120048590	LOC120048590	uncharacterized LOC120048590	protein_coding	NC_052311.1	60481933	60489343	6	B	2	ecotype_only_corroborated,ref_divergence	0	1	0	0	1		corroborated	siscowet			1	0	2	gene-LOC120048618	3	repeat_or_tandem_family	0	
gene-LOC120048593	LOC120048593	zinc finger protein 2 homolog	protein_coding	NC_052311.1	60355018	60357830	0	B	2	ecotype_only_corroborated,ref_divergence	0	1	0	0	1		corroborated	siscowet			1	0	2	gene-LOC120048589	2	repeat_or_tandem_family	0	
gene-LOC120048595	LOC120048595	zinc finger protein with KRAB and SCAN domains 8-like	protein_coding	NC_052311.1	60780425	60782509	3	B	2	ecotype_only_corroborated,ref_divergence	0	1	0	0	1		corroborated	siscowet			1	0	2	gene-LOC120048595	4	repeat_or_tandem_family	0	
gene-LOC120048599	LOC120048599	zinc finger protein OZF-like	protein_coding	NC_052311.1	60794578	60796795	4	B	2	ecotype_only_corroborated,ref_divergence	0	1	0	0	1		corroborated	siscowet			1	0	2	gene-LOC120048595	4	repeat_or_tandem_family	0	
gene-LOC120048600	LOC120048600	zinc finger protein 45-like	protein_coding	NC_052311.1	60791670	60794068	3	B	2	ecotype_only_corroborated,ref_divergence	0	1	0	0	1		corroborated	siscowet			1	0	2	gene-LOC120048595	4	repeat_or_tandem_family	0	
gene-LOC120048602	LOC120048602	zinc finger protein 37 homolog	protein_coding	NC_052311.1	60786892	60791463	3	B	2	ecotype_only_corroborated,ref_divergence	0	1	0	0	1		corroborated	siscowet			1	0	2	gene-LOC120048595	4	repeat_or_tandem_family	0	
gene-LOC120048664	LOC120048664	C-X-C chemokine receptor type 3-like	protein_coding	NC_052311.1	62007535	62012598	5	B	2	ecotype_only_corroborated,ref_divergence	0	1	0	0	1		corroborated	siscowet			1	0	2	gene-LOC120048664	5	tandem_cluster_n5	0	
gene-LOC120048710	LOC120048710	uncharacterized LOC120048710	lncRNA	NC_052311.1	64291862	64293537	0	B	2	ecotype_only_corroborated,ref_divergence	0	1	0	0	1		corroborated	lean			1	0	2	gene-LOC120048710	1	noncoding;repeat_or_tandem_family	0	
gene-LOC120048760	LOC120048760	apolipoprotein Eb-like	protein_coding	NC_052311.1	66017155	66020826	9	B	2	ecotype_only_corroborated,ref_divergence	0	1	0	0	1		corroborated	siscowet			1	0	2	gene-apoc2	5	tandem_cluster_n5	0	
gene-LOC120048761	LOC120048761	apolipoprotein A-I-like	protein_coding	NC_052311.1	66042839	66044500	17	B	2	ecotype_only_corroborated,ref_divergence	0	1	0	0	1		corroborated	siscowet			1	0	2	gene-apoc2	5	tandem_cluster_n5	0	
gene-LOC120048762	LOC120048762	apolipoprotein C-I-like	protein_coding	NC_052311.1	66008420	66010275	12	B	2	ecotype_only_corroborated,ref_divergence	0	1	0	0	1		corroborated	siscowet			1	0	2	gene-apoc2	5	tandem_cluster_n5	0	
gene-LOC120048781	LOC120048781	uncharacterized LOC120048781	lncRNA	NC_052311.1	66649621	66650920	0	B	2	cnv,ref_divergence	0	0	1	0	1		liftoff_only	siscowet	1	4	0	0	1	gene-LOC120048781	1	noncoding;repeat_or_tandem_family	0	
gene-LOC120048803	LOC120048803	zinc finger protein 687a-like	protein_coding	NC_052311.1	67509945	67524087	0	B	2	ecotype_only_corroborated,ref_divergence	0	1	0	0	1		corroborated	siscowet			1	0	2	gene-LOC120048803	1	repeat_or_tandem_family	0	
gene-LOC120048805	LOC120048805	uncharacterized LOC120048805	protein_coding	NC_052311.1	67620793	67631585	4	B	2	ecotype_only_corroborated,ref_divergence	0	1	0	0	1		corroborated	siscowet			1	0	2	gene-LOC120048804	2	repeat_or_tandem_family	0	
gene-LOC120048849	LOC120048849	uncharacterized LOC120048849	protein_coding	NC_052307.1	75663701	75673898	0	B	2	cnv,ref_divergence	0	0	1	0	1		liftoff_only	siscowet	1	2	0	0	1	gene-LOC120048849	1	repeat_or_tandem_family	0	
gene-LOC120048887	LOC120048887	uncharacterized LOC120048887	lncRNA	NC_052311.1	72527870	72529290	0	B	2	cnv,ref_divergence	0	0	1	0	1		liftoff_only	lean	2	1	0	0	1	gene-LOC120048886	4	noncoding;repeat_or_tandem_family	0	
gene-LOC120048908	LOC120048908	5S ribosomal RNA	rRNA	NC_052311.1	53697611	53697729	0	B	2	cnv,ref_divergence	0	0	1	0	1		liftoff_only	siscowet	7	9	0	0	1	gene-LOC120048919	4	noncoding	0	
gene-LOC120048909	LOC120048909	U1 spliceosomal RNA	snRNA	NC_052311.1	53695139	53695300	0	B	2	cnv,ref_divergence	0	0	1	0	1		liftoff_only	siscowet	14	29	0	0	1	gene-LOC120048912	4	noncoding	0	
gene-LOC120048919	LOC120048919	5S ribosomal RNA	rRNA	NC_052311.1	53692722	53692839	0	B	2	cnv,ref_divergence	0	0	1	0	1		liftoff_only	siscowet	2	9	0	0	1	gene-LOC120048919	4	noncoding	0	
gene-LOC120048921	LOC120048921	small nucleolar RNA SNORA13	snoRNA	NC_052311.1	62933215	62933355	0	B	2	ecotype_only_corroborated,ref_divergence	0	1	0	0	1		corroborated	lean			1	0	2	gene-LOC120048921	2	noncoding	0	
gene-LOC120048923	LOC120048923	small nucleolar RNA SNORA13	snoRNA	NC_052311.1	62933649	62933785	0	B	2	ecotype_only_corroborated,ref_divergence	0	1	0	0	1		corroborated	lean			1	0	2	gene-LOC120048921	2	noncoding	0	
gene-LOC120048932	LOC120048932	5S ribosomal RNA	rRNA	NC_052311.1	53694352	53694469	0	B	2	cnv,ref_divergence	0	0	1	0	1		liftoff_only	lean	2	1	0	0	1	gene-LOC120048919	4	noncoding	0	
gene-LOC120049003	LOC120049003	natural killer cell receptor 2B4-like	protein_coding	NC_052312.1	20480144	20485657	0	B	2	ecotype_only_corroborated,ref_divergence	0	1	0	0	1		corroborated	lean			1	0	2	gene-LOC120049003	7	tandem_cluster_n7	0	
gene-LOC120049005	LOC120049005	natural killer cell receptor 2B4-like	protein_coding	NC_052312.1	20514850	20518480	0	B	2	cnv,ref_divergence	0	0	1	0	1		liftoff_only	siscowet	1	2	0	0	1	gene-LOC120049003	7	tandem_cluster_n7	0	
gene-LOC120049007	LOC120049007	natural killer cell receptor 2B4-like	protein_coding	NC_052312.1	20608128	20612007	0	B	2	cnv,ref_divergence	0	0	1	0	1		liftoff_only	siscowet	1	3	0	0	1	gene-LOC120049003	7	tandem_cluster_n7	0	
gene-LOC120049018	LOC120049018	leukotriene B4 receptor 1-like	protein_coding	NC_052312.1	21087323	21097607	4	B	2	cnv,ref_divergence	0	0	1	0	1		liftoff_only	siscowet	1	2	0	0	1	gene-LOC120049759	9	tandem_cluster_n9	0	
gene-LOC120049098	LOC120049098	probable polypeptide N-acetylgalactosaminyltransferase 8	protein_coding	NC_052312.1	36586116	36594648	1	B	2	ecotype_only_corroborated,ref_divergence	0	1	0	0	1		corroborated	siscowet			1	0	2	gene-LOC120049097	7	tandem_cluster_n7	0	
gene-LOC120049099	LOC120049099	probable polypeptide N-acetylgalactosaminyltransferase 8	protein_coding	NC_052312.1	36606754	36614811	1	B	2	ecotype_only_corroborated,ref_divergence	0	1	0	0	1		corroborated	siscowet			1	0	2	gene-LOC120049097	7	tandem_cluster_n7	0	
gene-LOC120049100	LOC120049100	probable polypeptide N-acetylgalactosaminyltransferase 8	protein_coding	NC_052312.1	36641636	36649787	1	B	2	ecotype_only_corroborated,ref_divergence	0	1	0	0	1		corroborated	siscowet			1	0	2	gene-LOC120049097	7	tandem_cluster_n7	0	
gene-LOC120049170	LOC120049170	fish-egg lectin-like	protein_coding	NC_052312.1	49044875	49050377	0	B	2	cnv,ref_divergence	0	0	1	0	1		liftoff_only	lean	2	1	0	0	1	gene-LOC120049419	5	tandem_cluster_n5	0	
gene-LOC120049272	LOC120049272	zinc finger protein 135-like	protein_coding	NC_052312.1	20896834	20906021	3	B	2	cnv,ref_divergence	0	0	1	0	1		liftoff_only	siscowet	1	2	0	0	1	gene-LOC120049272	1	repeat_or_tandem_family	0	
gene-LOC120049274	LOC120049274	leukotriene B4 receptor 1-like	protein_coding	NC_052312.1	21081519	21084736	3	B	2	cnv,ref_divergence	0	0	1	0	1		liftoff_only	siscowet	1	2	0	0	1	gene-LOC120049759	9	tandem_cluster_n9	0	
gene-LOC120049292	LOC120049292	uncharacterized LOC120049292	protein_coding	NC_052312.1	23118183	23122928	9	B	2	ecotype_only_corroborated,ref_divergence	0	1	0	0	1		corroborated	lean			1	0	2	gene-LOC120049292	1	repeat_or_tandem_family	0	
gene-LOC120049415	LOC120049415	uncharacterized LOC120049415	lncRNA	NC_052312.1	20462742	20464617	0	B	2	cnv,ref_divergence	0	0	1	0	1		liftoff_only	siscowet	1	2	0	0	1	gene-LOC120049751	3	noncoding;repeat_or_tandem_family	0	
gene-LOC120049420	LOC120049420	fish-egg lectin-like	protein_coding	NC_052312.1	49015014	49020014	0	B	2	cnv,ref_divergence	0	0	1	0	1		liftoff_only	lean	2	1	0	0	1	gene-LOC120049419	5	tandem_cluster_n5	0	
gene-LOC120049433	LOC120049433	uncharacterized LOC120049433	lncRNA	NC_052312.1	42916334	42917340	0	B	2	ecotype_only_corroborated,ref_divergence	0	1	0	0	1		corroborated	siscowet			1	0	2	gene-LOC120049433	1	noncoding;repeat_or_tandem_family	0	
gene-LOC120049517	LOC120049517	uncharacterized LOC120049517	protein_coding	NC_052312.1	14647017	14648698	1	B	2	cnv,ref_divergence	0	0	1	0	1		liftoff_only	lean	5	3	0	0	1	gene-LOC120049511	12	repeat_or_tandem_family;tandem_cluster_n12	0	
gene-LOC120049523	LOC120049523	uncharacterized LOC120049523	protein_coding	NC_052312.1	15092657	15097895	0	B	2	cnv,ref_divergence	0	0	1	0	1		liftoff_only	lean	2	1	0	0	1	gene-LOC120049521	5	repeat_or_tandem_family;tandem_cluster_n5	0	
gene-LOC120049525	LOC120049525	uncharacterized LOC120049525	protein_coding	NC_052312.1	15105059	15118674	0	B	2	cnv,ref_divergence	0	0	1	0	1		liftoff_only	lean	2	1	0	0	1	gene-LOC120049521	5	repeat_or_tandem_family;tandem_cluster_n5	0	
gene-LOC120049642	LOC120049642	zinc finger protein OZF-like	protein_coding	NC_052312.1	10917137	10928981	5	B	2	cnv,ref_divergence	0	0	1	0	1		liftoff_only	siscowet	1	2	0	0	1	gene-LOC120049642	1	repeat_or_tandem_family	0	
gene-LOC120049645	LOC120049645	tRNA methyltransferase 10 homolog A-like	protein_coding	NC_052312.1	10901869	10908395	6	B	2	cnv,ref_divergence	0	0	1	0	1		liftoff_only	siscowet	1	2	0	0	1	gene-LOC120049645	1	repeat_or_tandem_family	0	
gene-LOC120049754	LOC120049754	uncharacterized LOC120049754	lncRNA	NC_052312.1	20655879	20656698	0	B	2	cnv,ref_divergence	0	0	1	0	1		liftoff_only	siscowet	1	5	0	0	1	gene-LOC120049755	2	noncoding;repeat_or_tandem_family	0	
gene-LOC120049756	LOC120049756	uncharacterized LOC120049756	lncRNA	NC_052312.1	20849099	20849578	0	B	2	cnv,ref_divergence	0	0	1	0	1		liftoff_only	siscowet	1	7	0	0	1	gene-LOC120049756	1	noncoding;repeat_or_tandem_family	0	0
gene-LOC120049757	LOC120049757	uncharacterized LOC120049757	lncRNA	NC_052312.1	20749904	20750363	0	B	2	cnv,ref_divergence	0	0	1	0	1		liftoff_only	siscowet	2	6	0	0	1	gene-LOC120049757	1	noncoding;repeat_or_tandem_family	0	
gene-LOC120049759	LOC120049759	leukotriene B4 receptor 1-like	protein_coding	NC_052312.1	20954301	20962957	7	B	2	cnv,ref_divergence	0	0	1	0	1		liftoff_only	siscowet	1	6	0	0	1	gene-LOC120049759	9	tandem_cluster_n9	0	
gene-LOC120049761	LOC120049761	leukotriene B4 receptor 1-like	protein_coding	NC_052312.1	20967878	20978462	7	B	2	ecotype_only_corroborated,ref_divergence	0	1	0	0	1		corroborated	siscowet			1	0	2	gene-LOC120049759	9	tandem_cluster_n9	0	
gene-LOC120049762	LOC120049762	leukotriene B4 receptor 1-like	protein_coding	NC_052312.1	21030438	21039093	7	B	2	ecotype_only_corroborated,ref_divergence	0	1	0	0	1		corroborated	siscowet			1	0	2	gene-LOC120049759	9	tandem_cluster_n9	0	
gene-LOC120049763	LOC120049763	leukotriene B4 receptor 1-like	protein_coding	NC_052312.1	20997502	21008065	7	B	2	ecotype_only_corroborated,ref_divergence	0	1	0	0	1		corroborated	siscowet			1	0	2	gene-LOC120049759	9	tandem_cluster_n9	0	
gene-LOC120049765	LOC120049765	leukotriene B4 receptor 1-like	protein_coding	NC_052312.1	21069144	21077823	4	B	2	ecotype_only_corroborated,ref_divergence	0	1	0	0	1		corroborated	siscowet			1	0	2	gene-LOC120049759	9	tandem_cluster_n9	0	
gene-LOC120049773	LOC120049773	zinc finger protein 219-like	protein_coding	NC_052312.1	21756859	21780844	4	B	2	ecotype_only_corroborated,ref_divergence	0	1	0	0	1		corroborated	siscowet			1	0	2	gene-LOC120049773	1	repeat_or_tandem_family	0	
gene-LOC120049780	LOC120049780	NACHT, LRR and PYD domains-containing protein 1 homolog	protein_coding	NC_052312.1	22056505	22060773	3	B	2	cnv,ref_divergence	0	0	1	0	1		liftoff_only	siscowet	1	2	0	0	1	gene-LOC120049780	1	repeat_or_tandem_family	0	
gene-LOC120049850	LOC120049850	uncharacterized LOC120049850	protein_coding	NC_052307.1	81695196	81701632	1	B	2	cnv,ref_divergence	0	0	1	0	1		liftoff_only	siscowet	1	2	0	0	1	gene-LOC120049861	2	repeat_or_tandem_family	0	
gene-LOC120049934	LOC120049934	leucine-rich repeats and immunoglobulin-like domains protein 3	protein_coding	NC_052312.1	36173088	36195067	1	B	2	ecotype_only_corroborated,ref_divergence	0	1	0	0	1		corroborated	siscowet			1	0	2	gene-LOC120049934	1	repeat_or_tandem_family	0	
gene-LOC120049959	LOC120049959	zinc finger and SCAN domain-containing protein 10-like	protein_coding	NC_052312.1	37460623	37466559	4	B	2	ecotype_only_corroborated,ref_divergence	0	1	0	0	1		corroborated	siscowet			1	0	2	gene-LOC120049959	2	repeat_or_tandem_family	0	
gene-LOC120049961	LOC120049961	zinc finger protein 17-like	protein_coding	NC_052312.1	37466895	37471467	1	B	2	ecotype_only_corroborated,ref_divergence	0	1	0	0	1		corroborated	siscowet			1	0	2	gene-LOC120049959	2	repeat_or_tandem_family	0	
gene-LOC120050036	LOC120050036	uncharacterized LOC120050036	protein_coding	NC_052312.1	41966768	41974863	4	B	2	ecotype_only_corroborated,ref_divergence	0	1	0	0	1		corroborated	siscowet			1	0	2	gene-LOC120050036	1	repeat_or_tandem_family	0	
gene-LOC120050082	LOC120050082	uncharacterized LOC120050082	protein_coding	NC_052312.1	45366267	45374362	4	B	2	ecotype_only_corroborated,ref_divergence	0	1	0	0	1		corroborated	siscowet			1	0	2	gene-LOC120050082	2	repeat_or_tandem_family	0	
gene-LOC120050128	LOC120050128	uncharacterized LOC120050128	lncRNA	NC_052312.1	49219477	49304013	0	B	2	ecotype_only_corroborated,ref_divergence	0	1	0	0	1		corroborated	siscowet			1	0	2	gene-LOC120050128	1	noncoding;repeat_or_tandem_family	0	
gene-LOC120050149	LOC120050149	uncharacterized LOC120050149	protein_coding	NC_052312.1	51815753	51817268	0	B	2	cnv,ref_divergence	0	0	1	0	1		liftoff_only	siscowet	2	4	0	0	1	gene-LOC120050151	2	repeat_or_tandem_family	0	
gene-LOC120050168	LOC120050168	small nucleolar RNA SNORA57	snoRNA	NC_052312.1	49802010	49802146	0	B	2	ecotype_only_corroborated,ref_divergence	0	1	0	0	1		corroborated	siscowet			1	0	2	gene-LOC120050168	1	noncoding	0	
gene-LOC120050170	LOC120050170	small nucleolar RNA SNORA68	snoRNA	NC_052312.1	53185247	53185381	0	B	2	ecotype_only_corroborated,ref_divergence	0	1	0	0	1		corroborated	lean			1	0	2	gene-LOC120050170	2	noncoding	0	
gene-LOC120050509	LOC120050509	uncharacterized LOC120050509	protein_coding	NC_052313.1	50646942	50653199	3	B	2	ecotype_only_corroborated,ref_divergence	0	1	0	0	1		corroborated	siscowet			1	0	2	gene-LOC120050509	1	repeat_or_tandem_family	0	
gene-LOC120050552	LOC120050552	gamma-crystallin S-1-like	protein_coding	NC_052313.1	57329748	57331057	3	B	2	ecotype_only_corroborated,ref_divergence	0	1	0	0	1		corroborated	siscowet			1	0	2	gene-LOC120050551	11	tandem_cluster_n11	0	
gene-LOC120050554	LOC120050554	gamma-crystallin M3-like	protein_coding	NC_052313.1	57354437	57355392	3	B	2	ecotype_only_corroborated,ref_divergence	0	1	0	0	1		corroborated	siscowet			1	0	2	gene-LOC120050551	11	tandem_cluster_n11	0	
gene-LOC120050558	LOC120050558	gamma-crystallin M2-like	protein_coding	NC_052313.1	57384269	57385217	3	B	2	ecotype_only_corroborated,ref_divergence	0	1	0	0	1		corroborated	siscowet			1	0	2	gene-LOC120050551	11	tandem_cluster_n11	0	
gene-LOC120050576	LOC120050576	uncharacterized LOC120050576	protein_coding	NC_052313.1	58350002	58353233	1	B	2	cnv,ref_divergence	0	0	1	0	1		liftoff_only	siscowet	1	2	0	0	1	gene-LOC120050576	1	repeat_or_tandem_family	0	
gene-LOC120050733	LOC120050733	zinc finger protein GLI2-like	protein_coding	NC_052313.1	43685824	43754497	5	B	2	ecotype_only_corroborated,ref_divergence	0	1	0	0	1		corroborated	siscowet			1	0	2	gene-LOC120050733	1	repeat_or_tandem_family	0	
gene-LOC120050776	LOC120050776	uncharacterized LOC120050776	protein_coding	NC_052313.1	48963273	48976562	0	B	2	cnv,ref_divergence	0	0	1	0	1		liftoff_only	lean	3	1	0	0	1	gene-LOC120050776	1	repeat_or_tandem_family	0	
gene-LOC120050857	LOC120050857	gamma-crystallin S-1-like	protein_coding	NC_052313.1	57341458	57343444	3	B	2	ecotype_only_corroborated,ref_divergence	0	1	0	0	1		corroborated	siscowet			1	0	2	gene-LOC120050551	11	tandem_cluster_n11	0	
gene-LOC120050858	LOC120050858	gamma-crystallin M3-like	protein_coding	NC_052313.1	57350179	57351353	3	B	2	ecotype_only_corroborated,ref_divergence	0	1	0	0	1		corroborated	siscowet			1	0	2	gene-LOC120050551	11	tandem_cluster_n11	0	
gene-LOC120050859	LOC120050859	gamma-crystallin M3-like	protein_coding	NC_052313.1	57366562	57367808	3	B	2	ecotype_only_corroborated,ref_divergence	0	1	0	0	1		corroborated	siscowet			1	0	2	gene-LOC120050551	11	tandem_cluster_n11	0	
gene-LOC120050881	LOC120050881	gastrula zinc finger protein XlCGF17.1-like	protein_coding	NC_052313.1	59587130	59592260	3	B	2	ecotype_only_corroborated,ref_divergence	0	1	0	0	1		corroborated	lean			1	0	2	gene-LOC120050881	1	repeat_or_tandem_family	0	
gene-LOC120050889	LOC120050889	gastrula zinc finger protein XlCGF17.1-like	protein_coding	NC_052313.1	60112273	60114129	0	B	2	cnv,ref_divergence	0	0	1	0	1		liftoff_only	lean	2	1	0	0	1	gene-LOC120051566	2	repeat_or_tandem_family	0	
gene-LOC120050980	LOC120050980	histone-lysine N-methyltransferase SETD1B-like	protein_coding	NC_052307.1	21288791	21300485	5	B	2	cnv,ref_divergence	0	0	1	0	1		liftoff_only	siscowet	1	2	0	0	1	gene-LOC120050980	1	repeat_or_tandem_family	0	
gene-LOC120051051	LOC120051051	uncharacterized LOC120051051	lncRNA	NC_052313.1	18344329	18346234	0	B	2	cnv,ref_divergence	0	0	1	0	1		liftoff_only	siscowet	1	2	0	0	1	gene-LOC120051051	1	noncoding;repeat_or_tandem_family	0	
gene-LOC120051190	LOC120051190	uncharacterized LOC120051190	lncRNA	NC_052313.1	31931629	31932876	0	B	2	cnv,ref_divergence	0	0	1	0	1		liftoff_only	siscowet	9	10	0	0	1	gene-LOC120051190	1	noncoding;repeat_or_tandem_family	0	
gene-LOC120051244	LOC120051244	zinc finger E-box-binding homeobox 2-like	protein_coding	NC_052313.1	41448109	41526746	4	B	2	ecotype_only_corroborated,ref_divergence	0	1	0	0	1		corroborated	siscowet			1	0	2	gene-LOC120051244	1	repeat_or_tandem_family	0	
gene-LOC120051248	LOC120051248	uncharacterized LOC120051248	lncRNA	NC_052313.1	41734743	41739760	0	B	2	ecotype_only_corroborated,ref_divergence	0	1	0	0	1		corroborated	lean			1	0	2	gene-LOC120051248	2	noncoding;repeat_or_tandem_family	0	
gene-LOC120051327	LOC120051327	toll-like receptor 13	protein_coding	NC_052313.1	48272891	48276725	6	B	2	cnv,ref_divergence	0	0	1	0	1		liftoff_only	siscowet	1	2	0	0	1	gene-LOC120051325	5	tandem_cluster_n5	0	
gene-LOC120051411	LOC120051411	uncharacterized LOC120051411	protein_coding	NC_052313.1	52263395	52268011	0	B	2	ecotype_only_corroborated,ref_divergence	0	1	0	0	1		corroborated	siscowet			1	0	2	gene-LOC120051411	1	repeat_or_tandem_family	0	
gene-LOC120051418	LOC120051418	uncharacterized LOC120051418	protein_coding	NC_052313.1	52432869	52446399	0	B	2	ecotype_only_corroborated,ref_divergence	0	1	0	0	1		corroborated	lean			1	0	2	gene-LOC120051418	2	repeat_or_tandem_family	0	
gene-LOC120051494	LOC120051494	uncharacterized LOC120051494	lncRNA	NC_052313.1	56437931	56438795	0	B	2	cnv,ref_divergence	0	0	1	0	1		liftoff_only	lean	2	1	0	0	1	gene-LOC120051494	1	noncoding;repeat_or_tandem_family	0	
gene-LOC120051495	LOC120051495	uncharacterized LOC120051495	lncRNA	NC_052313.1	56155182	56156599	0	B	2	ecotype_only_corroborated,ref_divergence	0	1	0	0	1		corroborated	siscowet			1	0	2	gene-LOC120051495	4	noncoding;repeat_or_tandem_family	0	
gene-LOC120051497	LOC120051497	uncharacterized LOC120051497	lncRNA	NC_052313.1	56220281	56242183	0	B	2	ecotype_only_corroborated,ref_divergence	0	1	0	0	1		corroborated	siscowet			1	0	2	gene-LOC120051495	4	noncoding;repeat_or_tandem_family	0	
gene-LOC120051547	LOC120051547	uncharacterized LOC120051547	lncRNA	NC_052313.1	59605583	59622701	0	B	2	ecotype_only_corroborated,ref_divergence	0	1	0	0	1		corroborated	lean			1	0	2	gene-LOC120051547	2	noncoding;repeat_or_tandem_family	0	
gene-LOC120051592	LOC120051592	small nucleolar SNORD12/SNORD106	snoRNA	NC_052313.1	2768434	2768525	0	B	2	ecotype_only_corroborated,ref_divergence	0	1	0	0	1		corroborated	lean			1	0	2	gene-LOC120051594	16	noncoding;tandem_cluster_n16	0	
gene-LOC120051595	LOC120051595	small nucleolar SNORD12/SNORD106	snoRNA	NC_052313.1	2777951	2778042	0	B	2	ecotype_only_corroborated,ref_divergence	0	1	0	0	1		corroborated	siscowet			1	0	2	gene-LOC120051594	16	noncoding;tandem_cluster_n16	0	
gene-LOC120051619	LOC120051619	NACHT, LRR and PYD domains-containing protein 3-like	protein_coding	NC_052314.1	159152	170727	1	B	2	ecotype_only_corroborated,ref_divergence	0	1	0	0	1		corroborated	siscowet			1	0	2	gene-LOC120052261	6	repeat_or_tandem_family;tandem_cluster_n6	0	
gene-LOC120051625	LOC120051625	NACHT, LRR and PYD domains-containing protein 1 homolog	protein_coding	NC_052314.1	327191	330931	2	B	2	cnv,ref_divergence	0	0	1	0	1		liftoff_only	siscowet	1	3	0	0	1	gene-LOC120051625	3	repeat_or_tandem_family	0	
gene-LOC120051627	LOC120051627	NACHT, LRR and PYD domains-containing protein 3-like	protein_coding	NC_052314.1	380221	390964	1	B	2	ecotype_only_corroborated,ref_divergence	0	1	0	0	1		corroborated	siscowet			1	0	2	gene-LOC120051625	3	repeat_or_tandem_family	0	
gene-LOC120051632	LOC120051632	NACHT, LRR and PYD domains-containing protein 1 homolog	protein_coding	NC_052314.1	630728	632498	2	B	2	cnv,ref_divergence	0	0	1	0	1		liftoff_only	siscowet	1	5	0	0	1	gene-LOC120051632	2	repeat_or_tandem_family	0	
gene-LOC120051715	LOC120051715	uncharacterized LOC120051715	lncRNA	NC_052314.1	3588105	3604715	0	B	2	ecotype_only_corroborated,ref_divergence	0	1	0	0	1		corroborated	lean			1	0	2	gene-LOC120051715	1	noncoding;repeat_or_tandem_family	0	
gene-LOC120051718	LOC120051718	uncharacterized LOC120051718	lncRNA	NC_052314.1	4000621	4001386	0	B	2	cnv,ref_divergence	0	0	1	0	1		liftoff_only	siscowet	1	2	0	0	1	gene-LOC120051718	1	noncoding;repeat_or_tandem_family	0	
gene-LOC120051730	LOC120051730	uncharacterized LOC120051730	lncRNA	NC_052314.1	5035269	5037443	0	B	2	ecotype_only_corroborated,ref_divergence	0	1	0	0	1		corroborated	siscowet			1	0	2	gene-LOC120051729	2	noncoding;repeat_or_tandem_family	0	
gene-LOC120051804	LOC120051804	troponin I, fast skeletal muscle-like	protein_coding	NC_052314.1	11388543	11397551	2	B	2	cnv,ref_divergence	0	0	1	0	1		liftoff_only	siscowet	1	2	0	0	1	gene-LOC120051762	5	tandem_cluster_n5	0	
gene-LOC120051857	LOC120051857	uncharacterized LOC120051857	lncRNA	NC_052314.1	26963261	26965413	0	B	2	ecotype_only_corroborated,ref_divergence	0	1	0	0	1		corroborated	siscowet			1	0	2	gene-LOC120051857	1	noncoding;repeat_or_tandem_family	0	
gene-LOC120051924	LOC120051924	uncharacterized LOC120051924	lncRNA	NC_052314.1	43259955	43265423	0	B	2	cnv,ref_divergence	0	0	1	0	1		liftoff_only	lean	4	3	0	0	1	gene-LOC120052017	3	noncoding;repeat_or_tandem_family	0	
gene-LOC120051925	LOC120051925	uncharacterized LOC120051925	lncRNA	NC_052314.1	43309311	43316500	0	B	2	cnv,ref_divergence	0	0	1	0	1		liftoff_only	siscowet	2	5	0	0	1	gene-LOC120052017	3	noncoding;repeat_or_tandem_family	0	
gene-LOC120051977	LOC120051977	E3 ubiquitin-protein ligase TRIM39-like	protein_coding	NC_052314.1	56512678	56514308	2	B	2	ecotype_only_corroborated,ref_divergence	0	1	0	0	1		corroborated	lean			1	0	2	gene-LOC120051976	9	tandem_cluster_n9	0	
gene-LOC120052000	LOC120052000	uncharacterized LOC120052000	lncRNA	NC_052314.1	63923563	63924252	0	B	2	cnv,ref_divergence	0	0	1	0	1		liftoff_only	siscowet	3	6	0	0	1	gene-LOC120052000	2	noncoding;repeat_or_tandem_family	0	1
gene-LOC120052015	LOC120052015	uncharacterized LOC120052015	lncRNA	NC_052314.1	66180857	66181496	0	B	2	cnv,ref_divergence	0	0	1	0	1		liftoff_only	lean	3	1	0	0	1	gene-LOC120052008	2	noncoding;repeat_or_tandem_family	0	
gene-LOC120052016	LOC120052016	uncharacterized LOC120052016	lncRNA	NC_052314.1	3754550	3755219	0	B	2	cnv,ref_divergence	0	0	1	0	1		liftoff_only	siscowet	1	2	0	0	1	gene-LOC120052016	1	noncoding;repeat_or_tandem_family	0	
gene-LOC120052017	LOC120052017	uncharacterized LOC120052017	lncRNA	NC_052314.1	43259447	43259895	0	B	2	cnv,ref_divergence	0	0	1	0	1		liftoff_only	siscowet	9	10	0	0	1	gene-LOC120052017	3	noncoding;repeat_or_tandem_family	0	
gene-LOC120052098	LOC120052098	zinc finger protein 648-like	protein_coding	NC_052314.1	31745669	31747192	3	B	2	cnv,ref_divergence	0	0	1	0	1		liftoff_only	siscowet	1	2	0	0	1	gene-LOC120052098	1	repeat_or_tandem_family	0	
gene-LOC120052139	LOC120052139	vitellogenin-like	protein_coding	NC_052314.1	44067290	44075830	2	B	2	ecotype_only_corroborated,ref_divergence	0	1	0	0	1		corroborated	siscowet			1	0	2	gene-LOC120052694	8	tandem_cluster_n8	0	
gene-LOC120052140	LOC120052140	vitellogenin-like	protein_coding	NC_052314.1	44091640	44093130	1	B	2	ecotype_only_corroborated,ref_divergence	0	1	0	0	1		corroborated	siscowet			1	0	2	gene-LOC120052694	8	tandem_cluster_n8	0	
gene-LOC120052141	LOC120052141	vitellogenin-like	protein_coding	NC_052314.1	44094903	44103443	2	B	2	ecotype_only_corroborated,ref_divergence	0	1	0	0	1		corroborated	siscowet			1	0	2	gene-LOC120052694	8	tandem_cluster_n8	0	
gene-LOC120052261	LOC120052261	NACHT, LRR and PYD domains-containing protein 1 homolog	protein_coding	NC_052314.1	120395	129867	1	B	2	ecotype_only_corroborated,ref_divergence	0	1	0	0	1		corroborated	siscowet			1	0	2	gene-LOC120052261	6	repeat_or_tandem_family;tandem_cluster_n6	0	
gene-LOC120052262	LOC120052262	uncharacterized LOC120052262	lncRNA	NC_052314.1	304773	306246	0	B	2	cnv,ref_divergence	0	0	1	0	1		liftoff_only	siscowet	1	5	0	0	1	gene-LOC120052264	2	noncoding;repeat_or_tandem_family	0	
gene-LOC120052276	LOC120052276	zinc finger protein basonuclin-2-like	protein_coding	NC_052314.1	1823133	1982821	2	B	2	ecotype_only_corroborated,ref_divergence	0	1	0	0	1		corroborated	siscowet			1	0	2	gene-LOC120052276	1	repeat_or_tandem_family	0	
gene-LOC120052300	LOC120052300	uncharacterized LOC120052300	lncRNA	NC_052314.1	2610484	2611061	0	B	2	cnv,ref_divergence	0	0	1	0	1		liftoff_only	siscowet	2	5	0	0	1	gene-LOC120052300	1	noncoding;repeat_or_tandem_family	0	
gene-LOC120052320	LOC120052320	zinc finger protein SNAI2-like	protein_coding	NC_052307.1	58726669	58727966	3	B	2	ecotype_only_corroborated,ref_divergence	0	1	0	0	1		corroborated	lean			1	0	2	gene-LOC120052320	1	repeat_or_tandem_family	0	
gene-LOC120052377	LOC120052377	uncharacterized LOC120052377	lncRNA	NC_052314.1	10122720	10124447	0	B	2	cnv,ref_divergence	0	0	1	0	1		liftoff_only	siscowet	1	2	0	0	1	gene-LOC120052377	1	noncoding;repeat_or_tandem_family	0	
gene-LOC120052388	LOC120052388	troponin I, fast skeletal muscle-like	protein_coding	NC_052314.1	11401602	11406755	2	B	2	cnv,ref_divergence	0	0	1	0	1		liftoff_only	siscowet	1	2	0	0	1	gene-LOC120051762	5	tandem_cluster_n5	0	
gene-LOC120052389	LOC120052389	troponin I, fast skeletal muscle-like	protein_coding	NC_052314.1	11415784	11417908	2	B	2	cnv,ref_divergence	0	0	1	0	1		liftoff_only	siscowet	1	2	0	0	1	gene-LOC120051762	5	tandem_cluster_n5	0	
gene-LOC120052410	LOC120052410	immunoglobulin superfamily DCC subclass member 3-like	protein_coding	NC_052307.1	59991980	60085326	5	B	2	ecotype_only_corroborated,ref_divergence	0	1	0	0	1		corroborated	lean			1	0	2	gene-LOC120052410	2	repeat_or_tandem_family	0	
gene-LOC120052519	LOC120052519	uncharacterized LOC120052519	lncRNA	NC_052314.1	22533600	22536226	0	B	2	cnv,ref_divergence	0	0	1	0	1		liftoff_only	siscowet	1	2	0	0	1	gene-LOC120052519	3	noncoding;repeat_or_tandem_family	0	
gene-LOC120052520	LOC120052520	uncharacterized LOC120052520	lncRNA	NC_052314.1	22541407	22545610	0	B	2	cnv,ref_divergence	0	0	1	0	1		liftoff_only	siscowet	1	2	0	0	1	gene-LOC120052519	3	noncoding;repeat_or_tandem_family	0	
gene-LOC120052617	LOC120052617	zinc finger protein Gfi-1-like	protein_coding	NC_052314.1	31388900	31392103	1	B	2	cnv,ref_divergence	0	0	1	0	1		liftoff_only	siscowet	1	2	0	0	1	gene-LOC120052617	1	repeat_or_tandem_family	0	
gene-LOC120052647	LOC120052647	histone-binding protein N1/N2-like	protein_coding	NC_052314.1	36498909	36508479	4	B	2	cnv,ref_divergence	0	0	1	0	1		liftoff_only	lean	2	1	0	0	1	gene-LOC120052647	1	repeat_or_tandem_family	0	
gene-LOC120052684	LOC120052684	AN1-type zinc finger protein 5-like	protein_coding	NC_052307.1	17316267	17327003	2	B	2	cnv,ref_divergence	0	0	1	0	1		liftoff_only	siscowet	1	2	0	0	1	gene-LOC120052684	1	repeat_or_tandem_family	0	
gene-LOC120052695	LOC120052695	uncharacterized LOC120052695	protein_coding	NC_052307.1	67767395	67807639	3	B	2	ecotype_only_corroborated,ref_divergence	0	1	0	0	1		corroborated	lean			1	0	2	gene-LOC120052695	1	repeat_or_tandem_family	0	
gene-LOC120052696	LOC120052696	vitellogenin-like	protein_coding	NC_052314.1	44039225	44049627	2	B	2	cnv,ref_divergence	0	0	1	0	1		liftoff_only	siscowet	1	2	0	0	1	gene-LOC120052694	8	tandem_cluster_n8	0	
gene-LOC120052697	LOC120052697	vitellogenin-like	protein_coding	NC_052314.1	44055343	44065652	2	B	2	cnv,ref_divergence	0	0	1	0	1		liftoff_only	siscowet	1	2	0	0	1	gene-LOC120052694	8	tandem_cluster_n8	0	
gene-LOC120052801	LOC120052801	uncharacterized LOC120052801	protein_coding	NC_052314.1	52817171	52822600	0	B	2	cnv,ref_divergence	0	0	1	0	1		liftoff_only	lean	2	1	0	0	1	gene-LOC120052184	6	repeat_or_tandem_family;tandem_cluster_n6	0	
gene-LOC120052802	LOC120052802	uncharacterized LOC120052802	lncRNA	NC_052314.1	52807613	52808783	0	B	2	cnv,ref_divergence	0	0	1	0	1		liftoff_only	lean	5	1	0	0	1	gene-LOC120052184	6	noncoding;repeat_or_tandem_family;tandem_cluster_n6	0	
gene-LOC120052804	LOC120052804	uncharacterized LOC120052804	lncRNA	NC_052314.1	52791934	52792776	0	B	2	cnv,ref_divergence	0	0	1	0	1		liftoff_only	lean	2	1	0	0	1	gene-LOC120052184	6	noncoding;repeat_or_tandem_family;tandem_cluster_n6	0	
gene-LOC120052870	LOC120052870	NACHT, LRR and PYD domains-containing protein 3-like	protein_coding	NC_052314.1	56189988	56201603	1	B	2	cnv,ref_divergence	0	0	1	0	1		liftoff_only	siscowet	1	2	0	0	1	gene-LOC120052870	1	repeat_or_tandem_family	0	
gene-LOC120052876	LOC120052876	E3 ubiquitin-protein ligase TRIM21-like	protein_coding	NC_052314.1	56569096	56570727	2	B	2	ecotype_only_corroborated,ref_divergence	0	1	0	0	1		corroborated	lean			1	0	2	gene-LOC120051976	9	tandem_cluster_n9	0	
gene-LOC120052899	LOC120052899	uncharacterized LOC120052899	protein_coding	NC_052314.1	57412196	57424593	0	B	2	cnv,ref_divergence	0	0	1	0	1		liftoff_only	lean	2	1	0	0	1	gene-LOC120052899	1	repeat_or_tandem_family	0	
gene-LOC120052910	LOC120052910	zinc finger protein 777-like	protein_coding	NC_052314.1	57770711	57876629	4	B	2	ecotype_only_corroborated,ref_divergence	0	1	0	0	1		corroborated	siscowet			1	0	2	gene-LOC120052990	4	repeat_or_tandem_family	0	
gene-LOC120052944	LOC120052944	uncharacterized protein C9orf85 homolog	protein_coding	NC_052307.1	17353485	17367499	0	B	2	cnv,ref_divergence	0	0	1	0	1		liftoff_only	siscowet	1	2	0	0	1	gene-LOC120052944	1	repeat_or_tandem_family	0	
gene-LOC120052945	LOC120052945	oocyte zinc finger protein XlCOF7.1-like	protein_coding	NC_052314.1	57819045	57824464	3	B	2	ecotype_only_corroborated,ref_divergence	0	1	0	0	1		corroborated	siscowet			1	0	2	gene-LOC120052945	1	repeat_or_tandem_family	0	
gene-LOC120052950	LOC120052950	myeloid zinc finger 1-like	protein_coding	NC_052314.1	57737558	57749837	3	B	2	ecotype_only_corroborated,ref_divergence	0	1	0	0	1		corroborated	siscowet			1	0	2	gene-LOC120052950	1	repeat_or_tandem_family	0	
gene-LOC120053007	LOC120053007	zinc finger protein 585A-like	protein_coding	NC_052314.1	59026652	59031356	3	B	2	cnv,ref_divergence	0	0	1	0	1		liftoff_only	lean	2	1	0	0	1	gene-LOC120052968	10	repeat_or_tandem_family;tandem_cluster_n10	0	
gene-LOC120053043	LOC120053043	glutamyl-tRNA(Gln) amidotransferase subunit B, mitochondrial-like	protein_coding	NC_052314.1	62723564	62741379	3	B	2	ecotype_only_corroborated,ref_divergence	0	1	0	0	1		corroborated	lean			1	0	2	gene-LOC120053043	1	repeat_or_tandem_family	0	
gene-LOC120053059	LOC120053059	uncharacterized LOC120053059	lncRNA	NC_052314.1	64077204	64085776	0	B	2	cnv,ref_divergence	0	0	1	0	1		liftoff_only	siscowet	1	2	0	0	1	gene-LOC120053057	3	noncoding;repeat_or_tandem_family	0	
gene-LOC120053081	LOC120053081	small nucleolar RNA U3	snoRNA	NC_052314.1	2413918	2414133	0	B	2	cnv,ref_divergence	0	0	1	0	1		liftoff_only	lean	3	1	0	0	1	gene-LOC120053100	18	noncoding;tandem_cluster_n18	0	
gene-LOC120053086	LOC120053086	small nucleolar RNA U3	snoRNA	NC_052314.1	2411887	2412103	0	B	2	cnv,ref_divergence	0	0	1	0	1		liftoff_only	lean	2	1	0	0	1	gene-LOC120053100	18	noncoding;tandem_cluster_n18	0	
gene-LOC120053087	LOC120053087	small nucleolar RNA U3	snoRNA	NC_052314.1	2410872	2411087	0	B	2	cnv,ref_divergence	0	0	1	0	1		liftoff_only	siscowet	1	2	0	0	1	gene-LOC120053100	18	noncoding;tandem_cluster_n18	0	
gene-LOC120053088	LOC120053088	small nucleolar RNA U3	snoRNA	NC_052314.1	2415948	2416163	0	B	2	cnv,ref_divergence	0	0	1	0	1		liftoff_only	lean	2	1	0	0	1	gene-LOC120053100	18	noncoding;tandem_cluster_n18	0	
gene-LOC120053090	LOC120053090	small nucleolar RNA U3	snoRNA	NC_052314.1	2412903	2413118	0	B	2	cnv,ref_divergence	0	0	1	0	1		liftoff_only	lean	34	13	0	0	1	gene-LOC120053100	18	noncoding;tandem_cluster_n18	0	
gene-LOC120053092	LOC120053092	small nucleolar RNA U3	snoRNA	NC_052314.1	2414933	2415148	0	B	2	cnv,ref_divergence	0	0	1	0	1		liftoff_only	lean	2	1	0	0	1	gene-LOC120053100	18	noncoding;tandem_cluster_n18	0	
gene-LOC120053093	LOC120053093	small nucleolar RNA U3	snoRNA	NC_052314.1	2417978	2418193	0	B	2	cnv,ref_divergence	0	0	1	0	1		liftoff_only	lean	2	1	0	0	1	gene-LOC120053100	18	noncoding;tandem_cluster_n18	0	
gene-LOC120053099	LOC120053099	small nucleolar RNA U3	snoRNA	NC_052314.1	2400402	2400613	0	B	2	cnv,ref_divergence	0	0	1	0	1		liftoff_only	lean	2	1	0	0	1	gene-LOC120053100	18	noncoding;tandem_cluster_n18	0	
gene-LOC120053100	LOC120053100	small nucleolar RNA U3	snoRNA	NC_052314.1	2399403	2399615	0	B	2	cnv,ref_divergence	0	0	1	0	1		liftoff_only	lean	8	7	0	0	1	gene-LOC120053100	18	noncoding;tandem_cluster_n18	0	
gene-LOC120053101	LOC120053101	small nucleolar RNA U3	snoRNA	NC_052314.1	2401404	2401615	0	B	2	cnv,ref_divergence	0	0	1	0	1		liftoff_only	lean	3	1	0	0	1	gene-LOC120053100	18	noncoding;tandem_cluster_n18	0	
gene-LOC120053102	LOC120053102	small nucleolar RNA U3	snoRNA	NC_052314.1	2403390	2403599	0	B	2	cnv,ref_divergence	0	0	1	0	1		liftoff_only	lean	2	1	0	0	1	gene-LOC120053100	18	noncoding;tandem_cluster_n18	0	
gene-LOC120053106	LOC120053106	U1 spliceosomal RNA	snRNA	NC_052314.1	5649487	5649650	0	B	2	cnv,ref_divergence	0	0	1	0	1		liftoff_only	siscowet	1	2	0	0	1	gene-LOC120053106	2	noncoding	0	
gene-LOC120053108	LOC120053108	U7 small nuclear RNA	snRNA	NC_052314.1	55452164	55452220	0	B	2	ecotype_only_corroborated,ref_divergence	0	1	0	0	1		corroborated	siscowet			1	0	2	gene-LOC120053108	1	noncoding	0	
gene-LOC120053109	LOC120053109	U7 small nuclear RNA	snRNA	NC_052314.1	57839028	57839080	0	B	2	ecotype_only_corroborated,ref_divergence	0	1	0	0	1		corroborated	siscowet			1	0	2	gene-LOC120053109	1	noncoding	0	
gene-LOC120053114	LOC120053114	U7 small nuclear RNA	snRNA	NC_052314.1	45086313	45086367	0	B	2	cnv,ref_divergence	0	0	1	0	1		liftoff_only	siscowet	3	4	0	0	1	gene-LOC120053114	1	noncoding	0	
gene-LOC120053117	LOC120053117	small nucleolar RNA SNORD79	snoRNA	NC_052314.1	22535102	22535183	0	B	2	ecotype_only_corroborated,ref_divergence	0	1	0	0	1		corroborated	siscowet			1	0	2	gene-LOC120053132	10	noncoding;tandem_cluster_n10	0	
gene-LOC120053118	LOC120053118	U1 spliceosomal RNA	snRNA	NC_052314.1	5652847	5653010	0	B	2	cnv,ref_divergence	0	0	1	0	1		liftoff_only	siscowet	1	4	0	0	1	gene-LOC120053106	2	noncoding	0	
gene-LOC120053120	LOC120053120	small nucleolar RNA SNORA16B/SNORA16A family	snoRNA	NC_052314.1	36505429	36505564	0	B	2	cnv,ref_divergence	0	0	1	0	1		liftoff_only	lean	2	1	0	0	1	gene-LOC120053120	1	noncoding	0	
gene-LOC120053129	LOC120053129	small nucleolar RNA SNORD60	snoRNA	NC_052314.1	5036581	5036669	0	B	2	ecotype_only_corroborated,ref_divergence	0	1	0	0	1		corroborated	siscowet			1	0	2	gene-LOC120053128	8	noncoding;tandem_cluster_n8	0	
gene-LOC120053132	LOC120053132	small nucleolar RNA SNORD47	snoRNA	NC_052314.1	22533780	22533851	0	B	2	cnv,ref_divergence	0	0	1	0	1		liftoff_only	siscowet	1	2	0	0	1	gene-LOC120053132	10	noncoding;tandem_cluster_n10	0	
gene-LOC120053136	LOC120053136	small nucleolar RNA snR60/Z15/Z230/Z193/J17	snoRNA	NC_052314.1	22534657	22534740	0	B	2	cnv,ref_divergence	0	0	1	0	1		liftoff_only	siscowet	1	2	0	0	1	gene-LOC120053132	10	noncoding;tandem_cluster_n10	0	
gene-LOC120053355	LOC120053355	zinc finger protein RFP-like	protein_coding	NC_052315.1	9389468	9391102	4	B	2	cnv,ref_divergence	0	0	1	0	1		liftoff_only	siscowet	1	2	0	0	1	gene-LOC120053355	1	repeat_or_tandem_family	0	
gene-LOC120053385	LOC120053385	uncharacterized LOC120053385	lncRNA	NC_052315.1	14271642	14273089	0	B	2	cnv,ref_divergence	0	0	1	0	1		liftoff_only	siscowet	15	18	0	0	1	gene-LOC120053711	2	noncoding;repeat_or_tandem_family	0	
gene-LOC120053467	LOC120053467	uncharacterized LOC120053467	lncRNA	NC_052315.1	32193681	32195674	0	B	2	cnv,ref_divergence	0	0	1	0	1		liftoff_only	siscowet	1	2	0	0	1	gene-zgc:77752	2	noncoding;repeat_or_tandem_family	0	
gene-LOC120053665	LOC120053665	uncharacterized LOC120053665	lncRNA	NC_052315.1	10569743	10574932	0	B	2	cnv,ref_divergence	0	0	1	0	1		liftoff_only	siscowet	2	3	0	0	1	gene-LOC120053665	1	noncoding;repeat_or_tandem_family	0	1
gene-LOC120053974	LOC120053974	uncharacterized LOC120053974	lncRNA	NC_052315.1	32295691	32307176	0	B	2	cnv,ref_divergence	0	0	1	0	1		liftoff_only	siscowet	1	2	0	0	1	gene-LOC120053974	1	noncoding;repeat_or_tandem_family	0	
gene-LOC120054193	LOC120054193	probable peptidyl-tRNA hydrolase	protein_coding	NC_052307.1	18897594	18903232	1	B	2	cnv,ref_divergence	0	0	1	0	1		liftoff_only	lean	2	1	0	0	1	gene-LOC120054193	1	repeat_or_tandem_family	0	
gene-LOC120054212	LOC120054212	5S ribosomal RNA	rRNA	NC_052315.1	451945	452063	0	B	2	cnv,ref_divergence	0	0	1	0	1		liftoff_only	siscowet	1	4	0	0	1	gene-LOC120054212	1	noncoding	0	
gene-LOC120054985	LOC120054985	uncharacterized LOC120054985	lncRNA	NC_052316.1	35688517	35695369	0	B	2	cnv,ref_divergence	0	0	1	0	1		liftoff_only	lean	2	1	0	0	1	gene-LOC120054985	1	noncoding;repeat_or_tandem_family	0	
gene-LOC120055019	LOC120055019	uncharacterized LOC120055019	lncRNA	NC_052316.1	40011591	40011908	0	B	2	cnv,ref_divergence	0	0	1	0	1		liftoff_only	siscowet	3	4	0	0	1	gene-LOC120055019	1	noncoding;repeat_or_tandem_family	0	
gene-LOC120055371	LOC120055371	uncharacterized LOC120055371	protein_coding	NC_052317.1	34366577	34374340	5	B	2	cnv,ref_divergence	0	0	1	0	1		liftoff_only	siscowet	2	3	0	0	1	gene-LOC120055371	6	repeat_or_tandem_family;tandem_cluster_n6	0	
gene-LOC120055374	LOC120055374	uncharacterized LOC120055374	protein_coding	NC_052317.1	34409609	34417336	5	B	2	cnv,ref_divergence	0	0	1	0	1		liftoff_only	lean	2	1	0	0	1	gene-LOC120055371	6	repeat_or_tandem_family;tandem_cluster_n6	0	
gene-LOC120055377	LOC120055377	uncharacterized LOC120055377	protein_coding	NC_052317.1	34431256	34433653	5	B	2	cnv,ref_divergence	0	0	1	0	1		liftoff_only	siscowet	1	2	0	0	1	gene-LOC120055371	6	repeat_or_tandem_family;tandem_cluster_n6	0	
gene-LOC120055464	LOC120055464	uncharacterized LOC120055464	lncRNA	NC_052317.1	5635604	5638726	0	B	2	cnv,ref_divergence	0	0	1	0	1		liftoff_only	lean	6	5	0	0	1	gene-LOC120055464	1	noncoding;repeat_or_tandem_family	0	
gene-LOC120055532	LOC120055532	uncharacterized LOC120055532	lncRNA	NC_052317.1	17437170	17450586	0	B	2	cnv,ref_divergence	0	0	1	0	1		liftoff_only	siscowet	1	2	0	0	1	gene-LOC120055532	1	noncoding;repeat_or_tandem_family	0	
gene-LOC120055680	LOC120055680	C-C motif chemokine 20-like	protein_coding	NC_052317.1	43636808	43638310	16	B	2	cnv,ref_divergence	0	0	1	0	1		liftoff_only	lean	2	1	0	0	1	gene-LOC120055680	6	tandem_cluster_n6	0	
gene-LOC120055682	LOC120055682	C-C motif chemokine 4-like	protein_coding	NC_052317.1	43698608	43699494	16	B	2	cnv,ref_divergence	0	0	1	0	1		liftoff_only	siscowet	2	3	0	0	1	gene-LOC120055680	6	tandem_cluster_n6	0	
gene-LOC120055852	LOC120055852	uncharacterized LOC120055852	protein_coding	NC_052317.1	14052527	14061978	0	B	2	cnv,ref_divergence	0	0	1	0	1		liftoff_only	siscowet	1	2	0	0	1	gene-LOC120055852	1	repeat_or_tandem_family	0	
gene-LOC120056336	LOC120056336	small nucleolar RNA SNORA81	snoRNA	NC_052317.1	8431813	8431988	0	B	2	cnv,ref_divergence	0	0	1	0	1		liftoff_only	siscowet	1	2	0	0	1	gene-LOC120056336	5	noncoding;tandem_cluster_n5	0	
gene-LOC120056337	LOC120056337	small nucleolar RNA SNORD2	snoRNA	NC_052317.1	8435665	8435735	0	B	2	cnv,ref_divergence	0	0	1	0	1		liftoff_only	siscowet	1	2	0	0	1	gene-LOC120056336	5	noncoding;tandem_cluster_n5	0	
gene-LOC120056338	LOC120056338	small nucleolar RNA SNORD2	snoRNA	NC_052317.1	8436554	8436624	0	B	2	cnv,ref_divergence	0	0	1	0	1		liftoff_only	siscowet	1	2	0	0	1	gene-LOC120056336	5	noncoding;tandem_cluster_n5	0	
gene-LOC120056340	LOC120056340	small nucleolar RNA SNORD2	snoRNA	NC_052317.1	8436194	8436263	0	B	2	cnv,ref_divergence	0	0	1	0	1		liftoff_only	siscowet	1	2	0	0	1	gene-LOC120056336	5	noncoding;tandem_cluster_n5	0	
gene-LOC120056680	LOC120056680	uncharacterized LOC120056680	lncRNA	NC_052318.1	50562717	50566188	0	B	2	cnv,ref_divergence	0	0	1	0	1		liftoff_only	siscowet	2	3	0	1	1	gene-LOC120056680	2	noncoding;repeat_or_tandem_family	0	2
gene-LOC120056682	LOC120056682	uncharacterized LOC120056682	protein_coding	NC_052318.1	50846289	50849340	0	B	2	cnv,ref_divergence	0	0	1	0	1		liftoff_only	siscowet	1	3	0	0	1	gene-LOC120057395	2	repeat_or_tandem_family	0	
gene-LOC120056766	LOC120056766	uncharacterized LOC120056766	protein_coding	NC_052318.1	10045836	10047896	2	B	2	cnv,ref_divergence	0	0	1	0	1		liftoff_only	siscowet	31	36	0	0	1	gene-LOC120056766	1	repeat_or_tandem_family	0	
gene-LOC120056787	LOC120056787	uncharacterized LOC120056787	lncRNA	NC_052307.1	72565718	72566685	0	B	2	cnv,ref_divergence	0	0	1	0	1		liftoff_only	lean	12	9	0	0	1	gene-LOC120056787	1	noncoding;repeat_or_tandem_family	0	
gene-LOC120056987	LOC120056987	uncharacterized LOC120056987	lncRNA	NC_052318.1	20267673	20271951	0	B	2	cnv,ref_divergence	0	0	1	0	1		liftoff_only	lean	2	1	0	0	1	gene-LOC120056987	1	noncoding;repeat_or_tandem_family	0	
gene-LOC120057317	LOC120057317	U7 small nuclear RNA	snRNA	NC_052307.1	68296382	68296436	0	B	2	ecotype_only_corroborated,ref_divergence	0	1	0	0	1		corroborated	lean			1	0	2	gene-LOC120057317	1	noncoding	0	
gene-LOC120057395	LOC120057395	uncharacterized LOC120057395	protein_coding	NC_052318.1	50841226	50845514	0	B	2	cnv,ref_divergence	0	0	1	0	1		liftoff_only	siscowet	1	2	0	0	1	gene-LOC120057395	2	repeat_or_tandem_family	0	
gene-LOC120057544	LOC120057544	V-set and immunoglobulin domain-containing protein 1-like	protein_coding	NC_052318.1	40765243	40769387	3	B	2	cnv,ref_divergence	0	0	1	0	1		liftoff_only	siscowet	1	2	0	0	1	gene-LOC120057544	1	repeat_or_tandem_family	0	
gene-LOC120057641	LOC120057641	U2 spliceosomal RNA	snRNA	NC_052318.1	50743820	50744006	0	B	2	cnv,ref_divergence	0	0	1	0	1		liftoff_only	siscowet	1	2	0	0	1	gene-LOC120057645	3	noncoding	0	
gene-LOC120057644	LOC120057644	U5 spliceosomal RNA	snRNA	NC_052318.1	50743415	50743531	0	B	2	cnv,ref_divergence	0	0	1	0	1		liftoff_only	siscowet	1	2	0	0	1	gene-LOC120057645	3	noncoding	0	
gene-LOC120057652	LOC120057652	U7 small nuclear RNA	snRNA	NC_052318.1	538531	538584	0	B	2	cnv,ref_divergence	0	0	1	0	1		liftoff_only	siscowet	1	2	0	0	1	gene-LOC120057652	1	noncoding	0	
gene-LOC120057660	LOC120057660	small nucleolar RNA SNORD83	snoRNA	NC_052318.1	40715198	40715275	0	B	2	cnv,ref_divergence	0	0	1	0	1		liftoff_only	siscowet	1	2	0	0	1	gene-LOC120057659	5	noncoding;tandem_cluster_n5	0	
gene-LOC120057822	LOC120057822	uncharacterized LOC120057822	lncRNA	NC_052319.1	2400807	2402370	0	B	2	cnv,ref_divergence	0	0	1	0	1		liftoff_only	siscowet	1	2	0	0	1	gene-LOC120057822	1	noncoding;repeat_or_tandem_family	0	
gene-LOC120057894	LOC120057894	interleukin-1 receptor-like 1	protein_coding	NC_052319.1	15359001	15363217	1	B	2	cnv,ref_divergence	0	0	1	0	1		liftoff_only	siscowet	1	3	0	0	1	gene-LOC120058278	6	tandem_cluster_n6	0	
gene-LOC120057918	LOC120057918	gamma-crystallin M3-like	protein_coding	NC_052319.1	23077138	23078003	3	B	2	cnv,ref_divergence	0	0	1	0	1		liftoff_only	siscowet	1	2	0	0	1	gene-LOC120057916	18	tandem_cluster_n18	0	
gene-LOC120057919	LOC120057919	gamma-crystallin M3-like	protein_coding	NC_052319.1	23082739	23085011	3	B	2	cnv,ref_divergence	0	0	1	0	1		liftoff_only	siscowet	1	2	0	0	1	gene-LOC120057916	18	tandem_cluster_n18	0	
gene-LOC120057920	LOC120057920	gamma-crystallin M3-like	protein_coding	NC_052319.1	23091980	23092795	3	B	2	cnv,ref_divergence	0	0	1	0	1		liftoff_only	siscowet	1	2	0	0	1	gene-LOC120057916	18	tandem_cluster_n18	0	
gene-LOC120057921	LOC120057921	gamma-crystallin M2-like	protein_coding	NC_052319.1	23106081	23107017	3	B	2	cnv,ref_divergence	0	0	1	0	1		liftoff_only	siscowet	1	2	0	0	1	gene-LOC120057916	18	tandem_cluster_n18	0	
gene-LOC120057922	LOC120057922	gamma-crystallin M2-like	protein_coding	NC_052319.1	23110074	23111160	3	B	2	cnv,ref_divergence	0	0	1	0	1		liftoff_only	siscowet	1	2	0	0	1	gene-LOC120057916	18	tandem_cluster_n18	0	
gene-LOC120057923	LOC120057923	gamma-crystallin S-1-like	protein_coding	NC_052319.1	23116150	23117195	3	B	2	cnv,ref_divergence	0	0	1	0	1		liftoff_only	siscowet	1	2	0	0	1	gene-LOC120057916	18	tandem_cluster_n18	0	
gene-LOC120057924	LOC120057924	gamma-crystallin M2-like	protein_coding	NC_052319.1	23118700	23120998	3	B	2	cnv,ref_divergence	0	0	1	0	1		liftoff_only	siscowet	1	2	0	0	1	gene-LOC120057916	18	tandem_cluster_n18	0	
gene-LOC120058026	LOC120058026	gamma-crystallin M2-like	protein_coding	NC_052319.1	23112603	23113912	3	B	2	cnv,ref_divergence	0	0	1	0	1		liftoff_only	siscowet	1	2	0	0	1	gene-LOC120057916	18	tandem_cluster_n18	0	
gene-LOC120058034	LOC120058034	gamma-crystallin M3-like	protein_coding	NC_052319.1	23017071	23018018	3	B	2	cnv,ref_divergence	0	0	1	0	1		liftoff_only	siscowet	1	2	0	0	1	gene-LOC120057916	18	tandem_cluster_n18	0	
gene-LOC120058036	LOC120058036	gamma-crystallin M3-like	protein_coding	NC_052319.1	23065268	23066215	3	B	2	cnv,ref_divergence	0	0	1	0	1		liftoff_only	siscowet	1	2	0	0	1	gene-LOC120057916	18	tandem_cluster_n18	0	
gene-LOC120058037	LOC120058037	gamma-crystallin S-1-like	protein_coding	NC_052319.1	23095151	23096014	3	B	2	cnv,ref_divergence	0	0	1	0	1		liftoff_only	siscowet	1	2	0	0	1	gene-LOC120057916	18	tandem_cluster_n18	0	
gene-LOC120058163	LOC120058163	uncharacterized LOC120058163	lncRNA	NC_052319.1	31703909	31718564	0	B	2	cnv,ref_divergence	0	0	1	0	1		liftoff_only	siscowet	1	2	0	0	1	gene-LOC120058163	1	noncoding;repeat_or_tandem_family	0	
gene-LOC120058179	LOC120058179	uncharacterized LOC120058179	lncRNA	NC_052319.1	3315864	3316626	0	B	2	cnv,ref_divergence	0	0	1	0	1		liftoff_only	siscowet	1	2	0	0	1	gene-LOC120058180	5	noncoding;repeat_or_tandem_family;tandem_cluster_n5	0	
gene-LOC120058206	LOC120058206	probable inactive tRNA-specific adenosine deaminase-like protein 3	protein_coding	NC_052319.1	8927776	8929364	3	B	2	cnv,ref_divergence	0	0	1	0	1		liftoff_only	siscowet	1	2	0	0	1	gene-LOC120058206	1	repeat_or_tandem_family	0	
gene-LOC120058292	LOC120058292	uncharacterized LOC120058292	lncRNA	NC_052319.1	16591787	16594787	0	B	2	cnv,ref_divergence	0	0	1	0	1		liftoff_only	lean	2	1	0	0	1	gene-LOC120058292	1	noncoding;repeat_or_tandem_family	0	
gene-LOC120058607	LOC120058607	U1 spliceosomal RNA	snRNA	NC_052319.1	38181719	38181882	0	B	2	cnv,ref_divergence	0	0	1	0	1		liftoff_only	siscowet	1	2	0	0	1	gene-LOC120058607	1	noncoding	0	
gene-LOC120058608	LOC120058608	U1 spliceosomal RNA	snRNA	NC_052319.1	28863983	28864146	0	B	2	cnv,ref_divergence	0	0	1	0	1		liftoff_only	siscowet	1	26	0	0	1	gene-LOC120058608	1	noncoding	0	
gene-LOC120058791	LOC120058791	uncharacterized LOC120058791	lncRNA	NC_052320.1	5768240	5769590	0	B	2	cnv,ref_divergence	0	0	1	0	1		liftoff_only	siscowet	1	2	0	0	1	gene-LOC120059054	5	noncoding;repeat_or_tandem_family;tandem_cluster_n5	0	
gene-LOC120058792	LOC120058792	uncharacterized LOC120058792	lncRNA	NC_052320.1	5771328	5772374	0	B	2	cnv,ref_divergence	0	0	1	0	1		liftoff_only	siscowet	1	3	0	0	1	gene-LOC120059054	5	noncoding;repeat_or_tandem_family;tandem_cluster_n5	0	
gene-LOC120058800	LOC120058800	uncharacterized LOC120058800	lncRNA	NC_052320.1	7036105	7037498	0	B	2	cnv,ref_divergence	0	0	1	0	1		liftoff_only	siscowet	2	3	0	0	1	gene-LOC120058800	3	noncoding;repeat_or_tandem_family	0	
gene-LOC120058853	LOC120058853	uncharacterized LOC120058853	lncRNA	NC_052320.1	13475880	13476216	0	B	2	cnv,ref_divergence	0	0	1	0	1		liftoff_only	siscowet	19	29	0	0	1	gene-LOC120058853	1	noncoding;repeat_or_tandem_family	0	
gene-LOC120059043	LOC120059043	zinc finger protein 335-like	protein_coding	NC_052320.1	3597305	3639251	7	B	2	ecotype_only_corroborated,ref_divergence	0	1	0	0	1		corroborated	siscowet			1	1	3	gene-LOC120059043	1	repeat_or_tandem_family	0	0
gene-LOC120059076	LOC120059076	tumor necrosis factor receptor superfamily member 14-like	protein_coding	NC_052320.1	6874433	6878410	13	B	2	cnv,ref_divergence	0	0	1	0	1		liftoff_only	siscowet	1	2	0	0	1	gene-LOC120059075	8	tandem_cluster_n8	0	
gene-LOC120059635	LOC120059635	U7 small nuclear RNA	snRNA	NC_052320.1	6064428	6064484	0	B	2	cnv,ref_divergence	0	0	1	0	1		liftoff_only	lean	3	2	0	0	1	gene-LOC120059635	1	noncoding	0	
gene-LOC120059644	LOC120059644	U5 spliceosomal RNA	snRNA	NC_052320.1	36750857	36750972	0	B	2	cnv,ref_divergence	0	0	1	0	1		liftoff_only	siscowet	4	5	0	0	1	gene-LOC120059646	4	noncoding	0	0
gene-LOC120059647	LOC120059647	U5 spliceosomal RNA	snRNA	NC_052320.1	36742055	36742169	0	B	2	cnv,ref_divergence	0	0	1	0	1		liftoff_only	lean	10	2	0	0	1	gene-LOC120059646	4	noncoding	0	
gene-LOC120059834	LOC120059834	uncharacterized LOC120059834	lncRNA	NC_052321.1	10591095	10592000	0	B	2	cnv,ref_divergence	0	0	1	0	1		liftoff_only	siscowet	25	28	0	0	1	gene-LOC120059834	1	noncoding;repeat_or_tandem_family	0	
gene-LOC120060087	LOC120060087	uncharacterized LOC120060087	lncRNA	NC_052321.1	23299691	23300366	0	B	2	cnv,ref_divergence	0	0	1	0	1		liftoff_only	siscowet	1	2	0	0	1	gene-LOC120060087	1	noncoding;repeat_or_tandem_family	0	
gene-LOC120060142	LOC120060142	histone-lysine N-methyltransferase SETMAR-like	protein_coding	NC_052308.1	22154775	22158481	5	B	2	cnv,ref_divergence	0	0	1	0	1		liftoff_only	siscowet	1	2	0	0	1	gene-LOC120060142	1	repeat_or_tandem_family	0	
gene-LOC120060145	LOC120060145	NACHT, LRR and PYD domains-containing protein 12-like	protein_coding	NC_052321.1	5632822	5657589	1	B	2	cnv,ref_divergence	0	0	1	0	1		liftoff_only	siscowet	1	2	0	0	1	gene-LOC120060145	1	repeat_or_tandem_family	0	
gene-LOC120060397	LOC120060397	zinc finger protein 770-like	protein_coding	NC_052321.1	27777141	27781358	4	B	2	cnv,ref_divergence	0	0	1	0	1		liftoff_only	siscowet	1	2	0	0	1	gene-LOC120060397	1	repeat_or_tandem_family	0	
gene-LOC120060543	LOC120060543	uncharacterized LOC120060543	lncRNA	NC_052321.1	35729839	35730342	0	B	2	cnv,ref_divergence	0	0	1	0	1		liftoff_only	lean	2	1	0	1	1	gene-LOC120060543	1	noncoding;repeat_or_tandem_family	0	0
gene-LOC120060601	LOC120060601	uncharacterized LOC120060601	lncRNA	NC_052322.1	9240641	9241712	0	B	2	cnv,ref_divergence	0	0	1	0	1		liftoff_only	lean	4	2	0	0	1	gene-LOC120060601	1	noncoding;repeat_or_tandem_family	0	
gene-LOC120061008	LOC120061008	histone lysine demethylase PHF8-like	protein_coding	NC_052322.1	13083994	13102606	4	B	2	cnv,ref_divergence	0	0	1	0	1		liftoff_only	siscowet	1	2	0	0	1	gene-LOC120061008	1	repeat_or_tandem_family	0	
gene-LOC120061392	LOC120061392	uncharacterized LOC120061392	lncRNA	NC_052322.1	35910874	35912212	0	B	2	cnv,ref_divergence	0	0	1	0	1		liftoff_only	siscowet	2	3	0	0	1	gene-LOC120061392	1	noncoding;repeat_or_tandem_family	0	
gene-LOC120061449	LOC120061449	uncharacterized LOC120061449	protein_coding	NC_052322.1	42000448	42008563	4	B	2	ecotype_only_corroborated,ref_divergence	0	1	0	0	1		corroborated	siscowet			1	0	2	gene-LOC120061449	1	repeat_or_tandem_family	0	
gene-LOC120061724	LOC120061724	5S ribosomal RNA	rRNA	NC_052322.1	2766943	2767061	0	B	2	cnv,ref_divergence	0	0	1	0	1		liftoff_only	lean	36	25	0	0	1	gene-LOC120061753	5	noncoding;tandem_cluster_n5	0	
gene-LOC120061733	LOC120061733	5S ribosomal RNA	rRNA	NC_052322.1	2768616	2768734	0	B	2	cnv,ref_divergence	0	0	1	0	1		liftoff_only	lean	21	13	0	0	1	gene-LOC120061753	5	noncoding;tandem_cluster_n5	0	
gene-LOC120061735	LOC120061735	U1 spliceosomal RNA	snRNA	NC_052322.1	2774461	2774625	0	B	2	cnv,ref_divergence	0	0	1	0	1		liftoff_only	lean	12	4	0	0	1	gene-LOC120061739	6	noncoding;tandem_cluster_n6	0	
gene-LOC120061737	LOC120061737	5S ribosomal RNA	rRNA	NC_052322.1	2770289	2770407	0	B	2	cnv,ref_divergence	0	0	1	0	1		liftoff_only	lean	16	7	0	0	1	gene-LOC120061753	5	noncoding;tandem_cluster_n5	0	
gene-LOC120061739	LOC120061739	U1 spliceosomal RNA	snRNA	NC_052322.1	2766054	2766218	0	B	2	cnv,ref_divergence	0	0	1	0	1		liftoff_only	siscowet	8	10	0	0	1	gene-LOC120061739	6	noncoding;tandem_cluster_n6	0	
gene-LOC120061740	LOC120061740	U1 spliceosomal RNA	snRNA	NC_052322.1	2772791	2772955	0	B	2	cnv,ref_divergence	0	0	1	0	1		liftoff_only	lean	9	3	0	0	1	gene-LOC120061739	6	noncoding;tandem_cluster_n6	0	
gene-LOC120061748	LOC120061748	5S ribosomal RNA	rRNA	NC_052322.1	2771978	2772096	0	B	2	cnv,ref_divergence	0	0	1	0	1		liftoff_only	lean	16	3	0	0	1	gene-LOC120061753	5	noncoding;tandem_cluster_n5	0	
gene-LOC120061753	LOC120061753	5S ribosomal RNA	rRNA	NC_052322.1	2765268	2765386	0	B	2	cnv,ref_divergence	0	0	1	0	1		liftoff_only	lean	2	1	0	0	1	gene-LOC120061753	5	noncoding;tandem_cluster_n5	0	
gene-LOC120062429	LOC120062429	uncharacterized LOC120062429	lncRNA	NC_052323.1	21447671	21449367	0	B	2	cnv,ref_divergence	0	0	1	0	1		liftoff_only	siscowet	1	2	0	0	1	gene-LOC120062429	2	noncoding;repeat_or_tandem_family	0	
gene-LOC120062430	LOC120062430	uncharacterized LOC120062430	lncRNA	NC_052323.1	21471121	21475024	0	B	2	cnv,ref_divergence	0	0	1	0	1		liftoff_only	siscowet	1	2	0	0	1	gene-LOC120062429	2	noncoding;repeat_or_tandem_family	0	
gene-LOC120062697	LOC120062697	uncharacterized LOC120062697	lncRNA	NC_052324.1	14103043	14103843	0	B	2	cnv,ref_divergence	0	0	1	0	1		liftoff_only	siscowet	1	2	0	0	1	gene-LOC120062697	1	noncoding;repeat_or_tandem_family	0	
gene-LOC120062759	LOC120062759	uncharacterized LOC120062759	lncRNA	NC_052324.1	26208625	26211454	0	B	2	cnv,ref_divergence	0	0	1	0	1		liftoff_only	siscowet	1	2	0	0	1	gene-LOC120062759	1	noncoding;repeat_or_tandem_family	0	
gene-LOC120062967	LOC120062967	uncharacterized LOC120062967	lncRNA	NC_052324.1	27397520	27398134	0	B	2	cnv,ref_divergence	0	0	1	0	1		liftoff_only	siscowet	1	2	0	0	1	gene-LOC120062967	1	noncoding;repeat_or_tandem_family	0	
gene-LOC120063132	LOC120063132	uncharacterized LOC120063132	protein_coding	NC_052324.1	15807992	15850921	0	B	2	cnv,ref_divergence	0	0	1	0	1		liftoff_only	siscowet	1	2	0	0	1	gene-LOC120063132	1	repeat_or_tandem_family	0	
gene-LOC120063178	LOC120063178	uncharacterized LOC120063178	lncRNA	NC_052324.1	17177071	17186212	0	B	2	cnv,ref_divergence	0	0	1	0	1		liftoff_only	siscowet	1	3	0	0	1	gene-LOC120063178	1	noncoding;repeat_or_tandem_family	0	
gene-LOC120063252	LOC120063252	uncharacterized LOC120063252	lncRNA	NC_052324.1	23575941	23577733	0	B	2	cnv,ref_divergence	0	0	1	0	1		liftoff_only	siscowet	1	2	0	0	1	gene-LOC120063252	1	noncoding;repeat_or_tandem_family	0	
gene-LOC120063415	LOC120063415	uncharacterized LOC120063415	lncRNA	NC_052324.1	37559546	37566070	0	B	2	cnv,ref_divergence	0	0	1	0	1		liftoff_only	siscowet	1	2	0	0	1	gene-LOC120063415	1	noncoding;repeat_or_tandem_family	0	
gene-LOC120063458	LOC120063458	uncharacterized LOC120063458	lncRNA	NC_052308.1	43349707	43364271	0	B	2	cnv,ref_divergence	0	0	1	0	1		liftoff_only	siscowet	1	5	0	0	1	gene-LOC120063534	10	noncoding;repeat_or_tandem_family;tandem_cluster_n10	0	
gene-LOC120063461	LOC120063461	uncharacterized LOC120063461	lncRNA	NC_052308.1	43077867	43078418	0	B	2	cnv,ref_divergence	0	0	1	0	1		liftoff_only	siscowet	1	2	0	0	1	gene-LOC120063518	10	noncoding;repeat_or_tandem_family;tandem_cluster_n10	0	
gene-LOC120063466	LOC120063466	uncharacterized LOC120063466	lncRNA	NC_052308.1	43048793	43049848	0	B	2	cnv,ref_divergence	0	0	1	0	1		liftoff_only	siscowet	1	6	0	0	1	gene-LOC120063518	10	noncoding;repeat_or_tandem_family;tandem_cluster_n10	0	
gene-LOC120063473	LOC120063473	uncharacterized LOC120063473	lncRNA	NC_052308.1	43278521	43289358	0	B	2	ecotype_only_corroborated,ref_divergence	0	1	0	0	1		corroborated	siscowet			1	0	2	gene-LOC120063534	10	noncoding;repeat_or_tandem_family;tandem_cluster_n10	0	
gene-LOC120063478	LOC120063478	uncharacterized LOC120063478	lncRNA	NC_052308.1	43348111	43349510	0	B	2	cnv,ref_divergence	0	0	1	0	1		liftoff_only	siscowet	1	3	0	0	1	gene-LOC120063534	10	noncoding;repeat_or_tandem_family;tandem_cluster_n10	0	
gene-LOC120063488	LOC120063488	uncharacterized LOC120063488	protein_coding	NC_052324.1	9880671	9881774	0	B	2	cnv,ref_divergence	0	0	1	0	1		liftoff_only	lean	26	18	0	0	1	gene-LOC120063488	1	repeat_or_tandem_family	0	
gene-LOC120063490	LOC120063490	uncharacterized LOC120063490	lncRNA	NC_052308.1	43311667	43312181	0	B	2	cnv,ref_divergence	0	0	1	0	1		liftoff_only	siscowet	1	6	0	0	1	gene-LOC120063534	10	noncoding;repeat_or_tandem_family;tandem_cluster_n10	0	
gene-LOC120063503	LOC120063503	uncharacterized LOC120063503	lncRNA	NC_052308.1	43006226	43006825	0	B	2	cnv,ref_divergence	0	0	1	0	1		liftoff_only	siscowet	1	8	0	0	1	gene-LOC120063518	10	noncoding;repeat_or_tandem_family;tandem_cluster_n10	0	
gene-LOC120063518	LOC120063518	uncharacterized LOC120063518	lncRNA	NC_052308.1	42960918	42962648	0	B	2	cnv,ref_divergence	0	0	1	0	1		liftoff_only	siscowet	2	11	0	0	1	gene-LOC120063518	10	noncoding;repeat_or_tandem_family;tandem_cluster_n10	0	1
gene-LOC120063526	LOC120063526	uncharacterized LOC120063526	lncRNA	NC_052308.1	43046292	43047229	0	B	2	cnv,ref_divergence	0	0	1	0	1		liftoff_only	siscowet	1	3	0	0	1	gene-LOC120063518	10	noncoding;repeat_or_tandem_family;tandem_cluster_n10	0	
gene-LOC120063541	LOC120063541	uncharacterized LOC120063541	lncRNA	NC_052308.1	43091748	43092890	0	B	2	cnv,ref_divergence	0	0	1	0	1		liftoff_only	siscowet	1	18	0	0	1	gene-LOC120063518	10	noncoding;repeat_or_tandem_family;tandem_cluster_n10	0	
gene-LOC120063549	LOC120063549	uncharacterized LOC120063549	lncRNA	NC_052308.1	43310382	43311282	0	B	2	cnv,ref_divergence	0	0	1	0	1		liftoff_only	siscowet	4	6	0	0	1	gene-LOC120063534	10	noncoding;repeat_or_tandem_family;tandem_cluster_n10	0	
gene-LOC120063557	LOC120063557	uncharacterized LOC120063557	lncRNA	NC_052308.1	43239244	43240585	0	B	2	cnv,ref_divergence	0	0	1	0	1		liftoff_only	siscowet	1	9	0	0	1	gene-LOC120063534	10	noncoding;repeat_or_tandem_family;tandem_cluster_n10	0	
gene-LOC120063564	LOC120063564	uncharacterized LOC120063564	lncRNA	NC_052308.1	43246004	43246631	0	B	2	cnv,ref_divergence	0	0	1	0	1		liftoff_only	siscowet	1	11	0	0	1	gene-LOC120063534	10	noncoding;repeat_or_tandem_family;tandem_cluster_n10	0	
gene-LOC120063572	LOC120063572	uncharacterized LOC120063572	lncRNA	NC_052308.1	43121637	43122065	0	B	2	cnv,ref_divergence	0	0	1	0	1		liftoff_only	siscowet	1	3	0	0	1	gene-LOC120063518	10	noncoding;repeat_or_tandem_family;tandem_cluster_n10	0	
gene-LOC120063595	LOC120063595	uncharacterized LOC120063595	lncRNA	NC_052308.1	43048272	43048676	0	B	2	cnv,ref_divergence	0	0	1	0	1		liftoff_only	siscowet	1	2	0	0	1	gene-LOC120063518	10	noncoding;repeat_or_tandem_family;tandem_cluster_n10	0	
gene-LOC120063653	LOC120063653	trace amine-associated receptor 13c-like	protein_coding	NC_052325.1	6438076	6439038	3	B	2	ecotype_only_corroborated,ref_divergence	0	1	0	0	1		corroborated	siscowet			1	0	2	gene-LOC120063885	9	tandem_cluster_n9	0	
gene-LOC120063720	LOC120063720	guanylate-binding protein 1-like	protein_coding	NC_052325.1	5819550	5843509	2	B	2	cnv,ref_divergence	0	0	1	0	1		liftoff_only	lean	2	1	0	0	1	gene-LOC120063720	5	tandem_cluster_n5	0	
gene-LOC120063750	LOC120063750	uncharacterized LOC120063750	lncRNA	NC_052325.1	14032462	14034719	0	B	2	cnv,ref_divergence	0	0	1	0	1		liftoff_only	siscowet	1	2	0	0	1	gene-LOC120063750	1	noncoding;repeat_or_tandem_family	0	
gene-LOC120063787	LOC120063787	guanylate-binding protein 1-like	protein_coding	NC_052325.1	28715334	28721001	2	B	2	ecotype_only_corroborated,ref_divergence	0	1	0	0	1		corroborated	lean			1	0	2	gene-LOC120064285	11	tandem_cluster_n11	0	
gene-LOC120063898	LOC120063898	uncharacterized LOC120063898	lncRNA	NC_052325.1	45148871	45150070	0	B	2	cnv,ref_divergence	0	0	1	0	1		liftoff_only	siscowet	1	2	0	0	1	gene-wu:fc50b12	2	noncoding;repeat_or_tandem_family	0	
gene-LOC120064054	LOC120064054	uncharacterized LOC120064054	lncRNA	NC_052325.1	902998	904290	0	B	2	ecotype_only_corroborated,ref_divergence	0	1	0	0	1		corroborated	siscowet			1	0	2	gene-LOC120064054	1	noncoding;repeat_or_tandem_family	0	
gene-LOC120064105	LOC120064105	uncharacterized LOC120064105	lncRNA	NC_052325.1	6073663	6092449	0	B	2	ecotype_only_corroborated,ref_divergence	0	1	0	0	1		corroborated	lean			1	0	2	gene-LOC120064105	2	noncoding;repeat_or_tandem_family	0	
gene-LOC120064285	LOC120064285	guanylate-binding protein 1-like	protein_coding	NC_052325.1	28692901	28703397	2	B	2	cnv,ref_divergence	0	0	1	0	1		liftoff_only	lean	2	1	0	0	1	gene-LOC120064285	11	tandem_cluster_n11	0	
gene-LOC120064291	LOC120064291	guanylate-binding protein 1-like	protein_coding	NC_052325.1	28870911	28880946	2	B	2	cnv,ref_divergence	0	0	1	0	1		liftoff_only	lean	2	1	0	0	1	gene-LOC120064285	11	tandem_cluster_n11	0	
gene-LOC120064292	LOC120064292	guanylate-binding protein 1-like	protein_coding	NC_052325.1	28880881	28886711	2	B	2	cnv,ref_divergence	0	0	1	0	1		liftoff_only	lean	2	1	0	0	1	gene-LOC120064285	11	tandem_cluster_n11	0	
gene-LOC120064423	LOC120064423	aspartate--tRNA ligase, cytoplasmic-like	protein_coding	NC_052325.1	40937936	40965770	7	B	2	cnv,ref_divergence	0	0	1	0	1		liftoff_only	siscowet	1	2	0	0	1	gene-LOC120064423	1	repeat_or_tandem_family	0	
gene-LOC120064667	LOC120064667	L-rhamnose-binding lectin CSL3-like	protein_coding	NC_052326.1	53431945	53434728	1	B	2	cnv,ref_divergence	0	0	1	0	1		liftoff_only	lean	4	2	0	0	1	gene-LOC120064916	12	tandem_cluster_n12	0	
gene-LOC120064682	LOC120064682	uncharacterized LOC120064682	lncRNA	NC_052326.1	57264617	57268213	0	B	2	ecotype_only_corroborated,ref_divergence	0	1	0	0	1		corroborated	siscowet			1	0	2	gene-LOC120064681	3	noncoding;repeat_or_tandem_family	0	
gene-LOC120064770	LOC120064770	uncharacterized LOC120064770	protein_coding	NC_052308.1	56754361	56760459	0	B	2	cnv,ref_divergence	0	0	1	0	1		liftoff_only	siscowet	25	32	0	0	1	gene-LOC120064770	1	repeat_or_tandem_family	0	
gene-LOC120064850	LOC120064850	helicase with zinc finger domain 2-like	protein_coding	NC_052326.1	46928983	46951893	5	B	2	cnv,ref_divergence	0	0	1	0	1		liftoff_only	siscowet	1	2	0	0	1	gene-LOC120064850	1	repeat_or_tandem_family	0	
gene-LOC120064867	LOC120064867	L-rhamnose-binding lectin CSL3-like	protein_coding	NC_052326.1	53471054	53473876	1	B	2	cnv,ref_divergence	0	0	1	0	1		liftoff_only	lean	2	1	0	0	1	gene-LOC120064916	12	tandem_cluster_n12	0	
gene-LOC120064916	LOC120064916	L-rhamnose-binding lectin CSL3-like	protein_coding	NC_052326.1	53368425	53371212	1	B	2	cnv,ref_divergence	0	0	1	0	1		liftoff_only	lean	2	1	0	0	1	gene-LOC120064916	12	tandem_cluster_n12	0	
gene-LOC120064974	LOC120064974	uncharacterized LOC120064974	lncRNA	NC_052326.1	3879155	3882399	0	B	2	cnv,ref_divergence	0	0	1	0	1		liftoff_only	siscowet	1	2	0	0	1	gene-LOC120064974	1	noncoding;repeat_or_tandem_family	0	
gene-LOC120065003	LOC120065003	uncharacterized LOC120065003	lncRNA	NC_052326.1	8357908	8382038	0	B	2	cnv,ref_divergence	0	0	1	0	1		liftoff_only	siscowet	1	2	0	0	1	gene-LOC120065003	1	noncoding;repeat_or_tandem_family	0	
gene-LOC120065009	LOC120065009	zinc finger and SCAN domain-containing protein 21-like	protein_coding	NC_052326.1	9133238	9136539	3	B	2	cnv,ref_divergence	0	0	1	0	1		liftoff_only	siscowet	1	2	0	0	1	gene-LOC120065009	1	repeat_or_tandem_family	0	
gene-LOC120065317	LOC120065317	green-sensitive opsin-like	protein_coding	NC_052326.1	37183416	37194599	6	B	2	cnv,ref_divergence	0	0	1	0	1		liftoff_only	siscowet	1	2	0	0	1	gene-LOC120065317	5	tandem_cluster_n5	0	
gene-LOC120065318	LOC120065318	green-sensitive opsin-like	protein_coding	NC_052326.1	37200894	37205160	6	B	2	cnv,ref_divergence	0	0	1	0	1		liftoff_only	siscowet	1	2	0	0	1	gene-LOC120065317	5	tandem_cluster_n5	0	
gene-LOC120065319	LOC120065319	green-sensitive opsin-3-like	protein_coding	NC_052326.1	37211815	37217444	6	B	2	cnv,ref_divergence	0	0	1	0	1		liftoff_only	siscowet	1	2	0	0	1	gene-LOC120065317	5	tandem_cluster_n5	0	
gene-LOC120065320	LOC120065320	green-sensitive opsin-2-like	protein_coding	NC_052326.1	37224401	37225988	6	B	2	cnv,ref_divergence	0	0	1	0	1		liftoff_only	siscowet	1	2	0	0	1	gene-LOC120065317	5	tandem_cluster_n5	0	
gene-LOC120065321	LOC120065321	green-sensitive opsin-like	protein_coding	NC_052326.1	37248170	37253971	6	B	2	cnv,ref_divergence	0	0	1	0	1		liftoff_only	siscowet	1	2	0	0	1	gene-LOC120065317	5	tandem_cluster_n5	0	
gene-LOC120065435	LOC120065435	NACHT, LRR and PYD domains-containing protein 12-like	protein_coding	NC_052326.1	46977845	46988038	1	B	2	cnv,ref_divergence	0	0	1	0	1		liftoff_only	siscowet	1	2	0	0	1	gene-LOC120065435	1	repeat_or_tandem_family	0	
gene-LOC120065476	LOC120065476	basic proline-rich protein-like	protein_coding	NC_052326.1	50729735	50732638	0	B	2	ecotype_only_corroborated,ref_divergence	0	1	0	0	1		corroborated	siscowet			1	0	2	gene-LOC120064860	8	tandem_cluster_n8	0	
gene-LOC120065499	LOC120065499	uncharacterized LOC120065499	lncRNA	NC_052326.1	52128942	52144549	0	B	2	cnv,ref_divergence	0	0	1	0	1		liftoff_only	siscowet	1	2	0	0	1	gene-LOC120065499	1	noncoding;repeat_or_tandem_family	0	
gene-LOC120065617	LOC120065617	probable helicase with zinc finger domain	protein_coding	NC_052308.1	62290659	62350790	5	B	2	ecotype_only_corroborated,ref_divergence	0	1	0	0	1		corroborated	siscowet			1	0	2	gene-LOC120065617	1	repeat_or_tandem_family	0	
gene-LOC120065645	LOC120065645	uncharacterized LOC120065645	lncRNA	NC_052326.1	6594349	6603233	0	B	2	cnv,ref_divergence	0	0	1	0	1		liftoff_only	siscowet	3	5	0	0	1	gene-LOC120065645	1	noncoding;repeat_or_tandem_family	0	
gene-LOC120065713	LOC120065713	uncharacterized LOC120065713	lncRNA	NC_052326.1	20994852	20997716	0	B	2	cnv,ref_divergence	0	0	1	0	1		liftoff_only	siscowet	1	2	0	0	1	gene-LOC120065713	1	noncoding;repeat_or_tandem_family	0	
gene-LOC120065784	LOC120065784	leucine-rich repeat and immunoglobulin-like domain-containing nogo receptor-interacting protein 1	protein_coding	NC_052327.1	689672	691525	3	B	2	cnv,ref_divergence	0	0	1	0	1		liftoff_only	siscowet	1	2	0	0	1	gene-LOC120065784	1	repeat_or_tandem_family	0	
gene-LOC120066191	LOC120066191	keratin, type I cytoskeletal 13-like	protein_coding	NC_052308.1	65240799	65244748	1	B	2	cnv,ref_divergence	0	0	1	0	1		liftoff_only	siscowet	1	2	0	0	1	gene-LOC120027504	15	tandem_cluster_n15	0	
gene-LOC120066198	LOC120066198	keratin, type I cytoskeletal 13-like	protein_coding	NC_052308.1	65209522	65214630	1	B	2	cnv,ref_divergence	0	0	1	0	1		liftoff_only	siscowet	1	2	0	0	1	gene-LOC120027504	15	tandem_cluster_n15	0	
gene-LOC120066206	LOC120066206	uncharacterized LOC120066206	lncRNA	NC_052308.1	65245649	65258438	0	B	2	cnv,ref_divergence	0	0	1	0	1		liftoff_only	siscowet	1	2	0	0	1	gene-LOC120066206	1	noncoding;repeat_or_tandem_family	0	
gene-LOC120066519	LOC120066519	uncharacterized LOC120066519	lncRNA	NC_052327.1	56501858	56503919	0	B	2	cnv,ref_divergence	0	0	1	0	1		liftoff_only	lean	2	1	0	0	1	gene-LOC120066519	1	noncoding;repeat_or_tandem_family	0	
gene-LOC120066529	LOC120066529	uncharacterized LOC120066529	lncRNA	NC_052327.1	2922772	2923288	0	B	2	cnv,ref_divergence	0	0	1	0	1		liftoff_only	siscowet	1	2	0	0	1	gene-LOC120066529	1	noncoding;repeat_or_tandem_family	0	
gene-LOC120066548	LOC120066548	uncharacterized LOC120066548	protein_coding	NC_052327.1	7056291	7058643	0	B	2	cnv,ref_divergence	0	0	1	0	1		liftoff_only	siscowet	1	2	0	0	1	gene-LOC120066548	1	repeat_or_tandem_family	0	
gene-LOC120066580	LOC120066580	uncharacterized LOC120066580	protein_coding	NC_052308.1	66842450	66846673	3	B	2	ecotype_only_corroborated,ref_divergence	0	1	0	0	1		corroborated	siscowet			1	0	2	gene-LOC120027678	5	repeat_or_tandem_family;tandem_cluster_n5	0	
gene-LOC120066594	LOC120066594	uncharacterized LOC120066594	protein_coding	NC_052327.1	34726323	34727426	0	B	2	cnv,ref_divergence	0	0	1	0	1		liftoff_only	lean	50	47	0	0	1	gene-LOC120066594	1	repeat_or_tandem_family	0	
gene-LOC120066639	LOC120066639	uncharacterized LOC120066639	protein_coding	NC_052327.1	17679122	17682631	0	B	2	cnv,ref_divergence	0	0	1	0	1		liftoff_only	siscowet	5	15	0	0	1	gene-LOC120066639	1	repeat_or_tandem_family	0	
gene-LOC120066761	LOC120066761	uncharacterized LOC120066761	lncRNA	NC_052327.1	48077888	48080264	0	B	2	ecotype_only_corroborated,ref_divergence	0	1	0	0	1		corroborated	siscowet			1	0	2	gene-LOC120066761	1	noncoding;repeat_or_tandem_family	0	
gene-LOC120066791	LOC120066791	growth arrest-specific protein 2-like	protein_coding	NC_052327.1	55325044	55332942	5	B	2	ecotype_only_corroborated,ref_divergence	0	1	0	0	1		corroborated	lean			1	0	2	gene-LOC120065986	5	tandem_cluster_n5	0	
gene-LOC120066815	LOC120066815	U4 spliceosomal RNA	snRNA	NC_052327.1	19459898	19460038	0	B	2	cnv,ref_divergence	0	0	1	0	1		liftoff_only	siscowet	1	2	0	0	1	gene-LOC120066815	1	noncoding	0	
gene-LOC120066818	LOC120066818	U5 spliceosomal RNA	snRNA	NC_052327.1	6182	6298	0	B	2	ecotype_only_corroborated,ref_divergence	0	1	0	0	1		corroborated	lean			1	0	2	gene-LOC120066816	36	noncoding;tandem_cluster_n36	0	
gene-LOC120066824	LOC120066824	U5 spliceosomal RNA	snRNA	NC_052327.1	12776	12892	0	B	2	ecotype_only_corroborated,ref_divergence	0	1	0	0	1		corroborated	lean			1	0	2	gene-LOC120066816	36	noncoding;tandem_cluster_n36	0	
gene-LOC120066825	LOC120066825	U5 spliceosomal RNA	snRNA	NC_052327.1	18968	19084	0	B	2	ecotype_only_corroborated,ref_divergence	0	1	0	0	1		corroborated	siscowet			1	0	2	gene-LOC120066816	36	noncoding;tandem_cluster_n36	0	
gene-LOC120066830	LOC120066830	U5 spliceosomal RNA	snRNA	NC_052327.1	47438	47554	0	B	2	ecotype_only_corroborated,ref_divergence	0	1	0	0	1		corroborated	siscowet			1	0	2	gene-LOC120066816	36	noncoding;tandem_cluster_n36	0	
gene-LOC120066834	LOC120066834	U5 spliceosomal RNA	snRNA	NC_052327.1	72145	72261	0	B	2	ecotype_only_corroborated,ref_divergence	0	1	0	0	1		corroborated	lean			1	0	2	gene-LOC120066816	36	noncoding;tandem_cluster_n36	0	
gene-LOC120066835	LOC120066835	U5 spliceosomal RNA	snRNA	NC_052327.1	78237	78353	0	B	2	ecotype_only_corroborated,ref_divergence	0	1	0	0	1		corroborated	lean			1	0	2	gene-LOC120066816	36	noncoding;tandem_cluster_n36	0	
gene-LOC120066841	LOC120066841	U5 spliceosomal RNA	snRNA	NC_052327.1	91883	91999	0	B	2	ecotype_only_corroborated,ref_divergence	0	1	0	0	1		corroborated	siscowet			1	0	2	gene-LOC120066816	36	noncoding;tandem_cluster_n36	0	
gene-LOC120066842	LOC120066842	U5 spliceosomal RNA	snRNA	NC_052327.1	95099	95215	0	B	2	ecotype_only_corroborated,ref_divergence	0	1	0	0	1		corroborated	siscowet			1	0	2	gene-LOC120066816	36	noncoding;tandem_cluster_n36	0	
gene-LOC120066843	LOC120066843	U5 spliceosomal RNA	snRNA	NC_052327.1	103314	103430	0	B	2	ecotype_only_corroborated,ref_divergence	0	1	0	0	1		corroborated	siscowet			1	0	2	gene-LOC120066816	36	noncoding;tandem_cluster_n36	0	
gene-LOC120066846	LOC120066846	U5 spliceosomal RNA	snRNA	NC_052327.1	131017	131133	0	B	2	ecotype_only_corroborated,ref_divergence	0	1	0	0	1		corroborated	lean			1	0	2	gene-LOC120066816	36	noncoding;tandem_cluster_n36	0	
gene-LOC120066848	LOC120066848	U5 spliceosomal RNA	snRNA	NC_052327.1	8718620	8718737	0	B	2	ecotype_only_corroborated,ref_divergence	0	1	0	0	1		corroborated	siscowet			1	0	2	gene-LOC120066836	22	noncoding;tandem_cluster_n22	0	
gene-LOC120066849	LOC120066849	U5 spliceosomal RNA	snRNA	NC_052327.1	127054	127168	0	B	2	ecotype_only_corroborated,ref_divergence	0	1	0	0	1		corroborated	lean			1	0	2	gene-LOC120066816	36	noncoding;tandem_cluster_n36	0	
gene-LOC120066857	LOC120066857	uncharacterized LOC120066857	protein_coding	NC_052308.1	68003008	68009567	0	B	2	cnv,ref_divergence	0	0	1	0	1		liftoff_only	lean	2	1	0	0	1	gene-LOC120066857	1	repeat_or_tandem_family	0	
gene-LOC120066864	LOC120066864	U7 small nuclear RNA	snRNA	NC_052327.1	19360351	19360403	0	B	2	cnv,ref_divergence	0	0	1	0	1		liftoff_only	siscowet	1	2	0	0	1	gene-LOC120066864	1	noncoding	0	
gene-LOC120066882	LOC120066882	small nucleolar RNA SNORD67	snoRNA	NC_052327.1	17527632	17527745	0	B	2	cnv,ref_divergence	0	0	1	0	1		liftoff_only	siscowet	1	2	0	0	1	gene-LOC120066882	1	noncoding	0	
gene-LOC120066885	LOC120066885	U2 spliceosomal RNA	snRNA	NC_052327.1	6703	6893	0	B	2	ecotype_only_corroborated,ref_divergence	0	1	0	0	1		corroborated	lean			1	0	2	gene-LOC120066816	36	noncoding;tandem_cluster_n36	0	
gene-LOC120066886	LOC120066886	U2 spliceosomal RNA	snRNA	NC_052327.1	7802	7992	0	B	2	ecotype_only_corroborated,ref_divergence	0	1	0	0	1		corroborated	lean			1	0	2	gene-LOC120066816	36	noncoding;tandem_cluster_n36	0	
gene-LOC120066897	LOC120066897	U2 spliceosomal RNA	snRNA	NC_052327.1	8719131	8719322	0	B	2	ecotype_only_corroborated,ref_divergence	0	1	0	0	1		corroborated	lean			1	0	2	gene-LOC120066836	22	noncoding;tandem_cluster_n22	0	
gene-LOC120066901	LOC120066901	U2 spliceosomal RNA	snRNA	NC_052327.1	55308124	55308308	0	B	2	cnv,ref_divergence	0	0	1	0	1		liftoff_only	siscowet	1	3	0	0	1	gene-LOC120066901	8	noncoding;tandem_cluster_n8	0	
gene-LOC120066904	LOC120066904	U2 spliceosomal RNA	snRNA	NC_052327.1	55442016	55442201	0	B	2	cnv,ref_divergence	0	0	1	0	1		liftoff_only	siscowet	1	2	0	0	1	gene-LOC120066901	8	noncoding;tandem_cluster_n8	0	
gene-LOC120066912	LOC120066912	U2 spliceosomal RNA	snRNA	NC_052327.1	40447	40643	0	B	2	ecotype_only_corroborated,ref_divergence	0	1	0	0	1		corroborated	siscowet			1	0	2	gene-LOC120066816	36	noncoding;tandem_cluster_n36	0	
gene-LOC120066922	LOC120066922	U2 spliceosomal RNA	snRNA	NC_052327.1	24646	24838	0	B	2	ecotype_only_corroborated,ref_divergence	0	1	0	0	1		corroborated	siscowet			1	0	2	gene-LOC120066816	36	noncoding;tandem_cluster_n36	0	
gene-LOC120066923	LOC120066923	U2 spliceosomal RNA	snRNA	NC_052327.1	30877	31069	0	B	2	ecotype_only_corroborated,ref_divergence	0	1	0	0	1		corroborated	siscowet			1	0	2	gene-LOC120066816	36	noncoding;tandem_cluster_n36	0	
gene-apoc2	apoc2	apolipoprotein C-II	protein_coding	NC_052311.1	65991514	65993829	4	B	2	ecotype_only_corroborated,ref_divergence	0	1	0	0	1		corroborated	siscowet			1	0	2	gene-apoc2	5	tandem_cluster_n5	0	
gene-hoxa11b	hoxa11b	homeobox A11b	protein_coding	NC_052343.1	27954357	27956583	5	B	2	ecotype_only_corroborated,ref_divergence	0	1	0	0	1		corroborated	siscowet			1	0	2	gene-hoxa2b	5	tandem_cluster_n5	0	
gene-hoxa9b	hoxa9b	homeobox A9b	protein_coding	NC_052343.1	27942822	27944181	8	B	2	ecotype_only_corroborated,ref_divergence	0	1	0	0	1		corroborated	siscowet			0	1	2	gene-hoxa2b	5	tandem_cluster_n5	0	0
gene-krt98	krt98	keratin 98	protein_coding	NC_052345.1	14551170	14555733	1	B	2	ecotype_only_corroborated,ref_divergence	0	1	0	0	1		corroborated	siscowet			1	0	2	gene-LOC120032712	11	tandem_cluster_n11	0	
gene-l3mbtl3	l3mbtl3	L3MBTL histone methyl-lysine binding protein 3	protein_coding	NC_052335.1	22537233	22571359	4	B	2	cnv,ref_divergence	0	0	1	0	1		liftoff_only	siscowet	1	2	0	0	1	gene-l3mbtl3	1	repeat_or_tandem_family	0	
gene-lrit3a	lrit3a	info leucine-rich repeat, immunoglobulin-like and transmembrane domains 3a	protein_coding	NC_052311.1	20343289	20350496	1	B	2	cnv,ref_divergence	0	0	1	0	1		liftoff_only	siscowet	1	2	0	0	1	gene-lrit3a	1	repeat_or_tandem_family	0	
gene-sepsecs	sepsecs	Sep (O-phosphoserine) tRNA:Sec (selenocysteine) tRNA synthase	protein_coding	NC_052312.1	26344623	26380974	4	B	2	cnv,ref_divergence	0	0	1	0	1		liftoff_only	siscowet	1	2	0	0	1	gene-sepsecs	1	repeat_or_tandem_family	0	
gene-si:ch211-158d24.4	si:ch211-158d24.4	uncharacterized protein LOC560966 homolog	protein_coding	NC_052307.1	19980604	19983293	3	B	2	cnv,ref_divergence	0	0	1	0	1		liftoff_only	lean	2	1	0	0	1	gene-si:ch211-158d24.4	1	repeat_or_tandem_family	0	
gene-si:ch211-243a20.3	si:ch211-243a20.3	uncharacterized protein LOC100151507 homolog	protein_coding	NC_052345.1	7242931	7256843	0	B	2	cnv,ref_divergence	0	0	1	0	1		liftoff_only	siscowet	1	2	0	0	1	gene-si:ch211-243a20.3	2	repeat_or_tandem_family	0	
gene-si:ch211-243a20.4	si:ch211-243a20.4	uncharacterized si:ch211-243a20.4	protein_coding	NC_052345.1	7252830	7255262	6	B	2	cnv,ref_divergence	0	0	1	0	1		liftoff_only	siscowet	1	2	0	0	1	gene-si:ch211-243a20.4	1	repeat_or_tandem_family	0	
gene-si:dkey-154p10.3	si:dkey-154p10.3	zinc finger protein 70	protein_coding	NC_052317.1	1279414	1292329	4	B	2	cnv,ref_divergence	0	0	1	0	1		liftoff_only	siscowet	1	2	0	0	1	gene-si:dkey-154p10.3	1	repeat_or_tandem_family	0	
gene-si:dkey-38n4.2	si:dkey-38n4.2	uncharacterized si:dkey-38n4.2	protein_coding	NC_052316.1	10198708	10206804	4	B	2	ecotype_only_corroborated,ref_divergence	0	1	0	0	1		corroborated	siscowet			1	0	2	gene-si:dkey-38n4.2	1	repeat_or_tandem_family	0	
gene-si:dkey-57a22.11	si:dkey-57a22.11	uncharacterized protein LOC569865 homolog	protein_coding	NC_052319.1	23129007	23135040	3	B	2	cnv,ref_divergence	0	0	1	0	1		liftoff_only	siscowet	1	2	0	0	1	gene-zgc:153846	2	repeat_or_tandem_family	0	
gene-si:dkey-73n8.3	si:dkey-73n8.3	uncharacterized protein LOC100150965 homolog	protein_coding	NC_052339.1	28977903	28982569	0	B	2	cnv,ref_divergence	0	0	1	0	1		liftoff_only	siscowet	1	2	0	0	1	gene-si:dkey-73n8.3	1	repeat_or_tandem_family	0	
gene-trmo	trmo	tRNA methyltransferase O	protein_coding	NC_052348.1	15436361	15440897	1	B	2	ecotype_only_corroborated,ref_divergence	0	1	0	0	1		corroborated	siscowet			1	0	2	gene-trmo	1	repeat_or_tandem_family	0	
gene-trnaa-ugc-31	trnaa-ugc	tRNA-Ala	tRNA	NC_052333.1	30427748	30427823	0	B	2	ecotype_only_corroborated,ref_divergence	0	1	0	0	1		corroborated	siscowet			1	0	2	gene-trnaa-ugc-31	1	noncoding;repeat_or_tandem_family	0	
gene-trnad-guc	trnad-guc	tRNA-Asp	tRNA	NC_052312.1	19646604	19646675	0	B	2	cnv,ref_divergence	0	0	1	0	1		liftoff_only	siscowet	264	252	0	0	1	gene-trnav-aac	24	noncoding;repeat_or_tandem_family;tandem_cluster_n24	0	
gene-trnae-cuc	trnae-cuc	tRNA-Glu	tRNA	NC_052311.1	51202777	51202848	0	B	2	cnv,ref_divergence	0	0	1	0	1		liftoff_only	lean	248	171	0	0	1	gene-trnas-aga-3	3	noncoding;repeat_or_tandem_family	0	
gene-trnae-uuc	trnae-uuc	tRNA-Glu	tRNA	NC_052308.1	7545102	7545173	0	B	2	cnv,ref_divergence	0	0	1	0	1		liftoff_only	lean	363	97	0	0	1	gene-trnar-acg-4	34	noncoding;repeat_or_tandem_family;tandem_cluster_n34	0	
gene-trnae-uuc-14	trnae-uuc	tRNA-Glu	tRNA	NC_052308.1	7570446	7570517	0	B	2	ecotype_only_corroborated,ref_divergence	0	1	0	0	1		corroborated	lean			1	0	2	gene-trnar-acg-4	34	noncoding;repeat_or_tandem_family;tandem_cluster_n34	0	
gene-trnaf-gaa	trnaf-gaa	tRNA-Phe	tRNA	NC_052307.1	58608533	58608605	0	B	2	cnv,ref_divergence	0	0	1	0	1		liftoff_only	siscowet	341	507	0	0	1	gene-trnaf-gaa	12	noncoding;repeat_or_tandem_family;tandem_cluster_n12	0	
gene-trnag-gcc	trnag-gcc	tRNA-Gly	tRNA	NC_052309.1	50287809	50287879	0	B	2	cnv,ref_divergence	0	0	1	0	1		liftoff_only	lean	358	512	0	0	1	gene-trnag-gcc	1	noncoding;repeat_or_tandem_family	0	
gene-trnag-ucc	trnag-ucc	tRNA-Gly	tRNA	NC_052307.1	80470775	80470846	0	B	2	cnv,ref_divergence	0	0	1	0	1		liftoff_only	siscowet	304	281	0	0	1	gene-trnag-ucc	1	noncoding;repeat_or_tandem_family	0	
gene-trnag-ucc-4	trnag-ucc	tRNA-Gly	tRNA	NC_052314.1	61355759	61355835	0	B	2	ecotype_only_corroborated,ref_divergence	0	1	0	0	1		corroborated	lean			1	0	2	gene-trnag-ucc-4	1	noncoding;repeat_or_tandem_family	0	
gene-trnah-gug	trnah-gug	tRNA-His	tRNA	NC_052315.1	30751052	30751123	0	B	2	cnv,ref_divergence	0	0	1	0	1		liftoff_only	siscowet	306	391	0	0	1	gene-trnah-gug	1	noncoding;repeat_or_tandem_family	0	
gene-trnai-aau-4	trnai-aau	tRNA-Ile	tRNA	NC_052331.1	27525410	27525483	0	B	2	ecotype_only_corroborated,ref_divergence	0	1	0	0	1		corroborated	siscowet			1	0	2	gene-trnam-cau-13	15	noncoding;repeat_or_tandem_family;tandem_cluster_n15	0	
gene-trnai-uau	trnai-uau	tRNA-Ile	tRNA	NC_052308.1	9950211	9950304	0	B	2	cnv,ref_divergence	0	0	1	0	1		liftoff_only	siscowet	126	136	0	0	1	gene-trnak-cuu	24	noncoding;repeat_or_tandem_family;tandem_cluster_n24	0	
gene-trnak-uuu	trnak-uuu	tRNA-Lys	tRNA	NC_052308.1	11697468	11697540	0	B	2	cnv,ref_divergence	0	0	1	0	1				377	571	1	0	2	gene-trnak-cuu-2	24	noncoding;repeat_or_tandem_family;tandem_cluster_n24	0	
gene-trnal-aag	trnal-aag	tRNA-Leu	tRNA	NC_052310.1	70523175	70523256	0	B	2	cnv,ref_divergence	0	0	1	0	1				156	178	1	0	2	gene-trnal-uag-3	2	noncoding;repeat_or_tandem_family	0	
gene-trnal-uaa	trnal-uaa	tRNA-Leu	tRNA	NC_052321.1	37798959	37799041	0	B	2	cnv,ref_divergence	0	0	1	0	1		liftoff_only	lean	166	183	0	0	1	gene-trnal-uaa	1	noncoding;repeat_or_tandem_family	0	
gene-trnam-cau	trnam-cau	tRNA-Met	tRNA	NC_052307.1	58609180	58609251	0	B	2	cnv,ref_divergence	0	0	1	0	1		liftoff_only	lean	1065	907	0	0	1	gene-trnaf-gaa	12	noncoding;repeat_or_tandem_family;tandem_cluster_n12	0	
gene-trnan-guu	trnan-guu	tRNA-Asn	tRNA	NC_052312.1	18517408	18517481	0	B	2	cnv,ref_divergence	0	0	1	0	1		liftoff_only	siscowet	244	414	0	0	1	gene-trnan-guu	1	noncoding;repeat_or_tandem_family	0	
gene-trnap-cgg	trnap-cgg	tRNA-Pro	tRNA	NC_052315.1	1139882	1139953	0	B	2	cnv,ref_divergence	0	0	1	0	1		liftoff_only	lean	246	187	0	0	1	gene-trnap-ugg-3	2	noncoding;repeat_or_tandem_family	0	
gene-trnap-ugg	trnap-ugg	tRNA-Pro	tRNA	NC_052307.1	73626917	73626990	0	B	2	cnv,ref_divergence	0	0	1	0	1				297	355	1	0	2	gene-trnap-ugg	1	noncoding;repeat_or_tandem_family	0	
gene-trnaq-cug	trnaq-cug	tRNA-Gln	tRNA	NC_052310.1	6386489	6386560	0	B	2	cnv,ref_divergence	0	0	1	0	1		liftoff_only	lean	183	211	0	0	1	gene-trnaq-cug	3	noncoding;repeat_or_tandem_family	0	
gene-trnar-ccg	trnar-ccg	tRNA-Arg	tRNA	NC_052308.1	40433825	40433896	0	B	2	cnv,ref_divergence	0	0	1	0	1		liftoff_only	lean	24	29	0	1	1	gene-trnak-uuu-17	87	noncoding;repeat_or_tandem_family;tandem_cluster_n87	0	0
gene-trnas-acu	trnas-acu	tRNA-Ser	tRNA	NW_024061098.1	1353	1426	0	B	2	cnv,ref_divergence	0	0	1	0	1		liftoff_only	lean	38	76	0	0	1	gene-trnai-aau-46	24	noncoding;repeat_or_tandem_family;tandem_cluster_n24	0	1
gene-trnas-aga	trnas-aga	tRNA-Ser	tRNA	NC_052308.1	62171569	62171650	0	B	2	cnv,ref_divergence	0	0	1	0	1		liftoff_only	lean	234	125	0	0	1	gene-trnas-aga	1	noncoding;repeat_or_tandem_family	0	
gene-trnas-cga	trnas-cga	tRNA-Ser	tRNA	NC_052313.1	54532153	54532234	0	B	2	ecotype_only_corroborated,ref_divergence	0	1	0	0	1		corroborated	siscowet			1	0	2	gene-trnas-cga	1	noncoding;repeat_or_tandem_family	0	
gene-trnas-gcu	trnas-gcu	tRNA-Ser	tRNA	NC_052312.1	20148662	20148743	0	B	2	cnv,ref_divergence	0	0	1	0	1		liftoff_only	lean	465	119	0	0	1	gene-trnas-gcu	1	noncoding;repeat_or_tandem_family	0	
gene-trnat-agu	trnat-agu	tRNA-Thr	tRNA	NC_052313.1	7630404	7630477	0	B	2	cnv,ref_divergence	0	0	1	0	1		liftoff_only	lean	383	461	0	0	1	gene-trnat-agu	1	noncoding;repeat_or_tandem_family	0	
gene-trnat-cgu	trnat-cgu	tRNA-Thr	tRNA	NC_052309.1	70144400	70144471	0	B	2	ecotype_only_corroborated,ref_divergence	0	1	0	0	1		corroborated	lean			1	0	2	gene-trnat-cgu	1	noncoding;repeat_or_tandem_family	0	
gene-trnat-cgu-10	trnat-cgu	tRNA-Thr	tRNA	NC_052343.1	31461754	31461826	0	B	2	ecotype_only_corroborated,ref_divergence	0	1	0	0	1		corroborated	siscowet			0	1	2	gene-trnat-cgu-10	1	noncoding;repeat_or_tandem_family	0	0
gene-trnat-ugu-18	trnat-ugu	tRNA-Thr	tRNA	NC_052311.1	72776119	72776192	0	B	2	ecotype_only_corroborated,ref_divergence	0	1	0	0	1		corroborated	siscowet			1	0	2	gene-trnat-ugu-18	1	noncoding;repeat_or_tandem_family	0	
gene-trnat-ugu-82	trnat-ugu	tRNA-Thr	tRNA	NW_024059730.1	53424	53493	0	B	2	ecotype_only_corroborated,ref_divergence	0	1	0	0	1		corroborated	lean			0	1	2	gene-trnat-ugu-82	1	noncoding;repeat_or_tandem_family	0	0
gene-trnat-ugu-92	trnat-ugu	tRNA-Thr	tRNA	NW_024061363.1	51493	51564	0	B	2	ecotype_only_corroborated,ref_divergence	0	1	0	0	1		corroborated	siscowet			0	1	2	gene-trnay-gua-66	40	noncoding;repeat_or_tandem_family;tandem_cluster_n40	0	0
gene-trnav-aac	trnav-aac	tRNA-Val	tRNA	NC_052312.1	19645074	19645146	0	B	2	cnv,ref_divergence	0	0	1	0	1		liftoff_only	siscowet	112	135	0	0	1	gene-trnav-aac	24	noncoding;repeat_or_tandem_family;tandem_cluster_n24	0	
gene-trnav-cac	trnav-cac	tRNA-Val	tRNA	NC_052307.1	66180934	66181006	0	B	2	cnv,ref_divergence	0	0	1	0	1		liftoff_only	siscowet	317	377	0	0	1	gene-trnav-cac	1	noncoding;repeat_or_tandem_family	0	
gene-trnav-uac	trnav-uac	tRNA-Val	tRNA	NC_052307.1	7538198	7538270	0	B	2	cnv,ref_divergence	0	0	1	0	1				235	266	1	0	2	gene-trnav-uac	1	noncoding;repeat_or_tandem_family	0	
gene-trnaw-cca	trnaw-cca	tRNA-Trp	tRNA	NC_052307.1	41087969	41088040	0	B	2	cnv,ref_divergence	0	0	1	0	1		liftoff_only	siscowet	568	719	0	0	1	gene-trnaw-cca	1	noncoding;repeat_or_tandem_family	0	
gene-trnay-gua	trnay-gua	tRNA-Tyr	tRNA	NC_052312.1	637298	637384	0	B	2	cnv,ref_divergence	0	0	1	0	1		liftoff_only	siscowet	366	422	0	0	1	gene-trnar-ucu-2	7	noncoding;repeat_or_tandem_family;tandem_cluster_n7	0	
gene-trnt1	trnt1	tRNA nucleotidyl transferase, CCA-adding, 1	protein_coding	NC_052308.1	21940397	21944682	3	B	2	cnv,ref_divergence	0	0	1	0	1		liftoff_only	siscowet	1	2	0	0	1	gene-trnt1	1	repeat_or_tandem_family	0	
gene-wu:fa25f02	wu:fa25f02	uncharacterized protein C11orf24	protein_coding	NC_052327.1	20494360	20506252	0	B	2	cnv,ref_divergence	0	0	1	0	1		liftoff_only	siscowet	1	2	0	0	1	gene-wu:fa25f02	1	repeat_or_tandem_family	0	
gene-wu:fc50b12	wu:fc50b12	uncharacterized protein LOC103911624 homolog	protein_coding	NC_052325.1	45132909	45135916	2	B	2	cnv,ref_divergence	0	0	1	0	1		liftoff_only	siscowet	1	2	0	0	1	gene-wu:fc50b12	2	repeat_or_tandem_family	0	
gene-zcchc17	zcchc17	zinc finger, CCHC domain containing 17	protein_coding	NC_052333.1	16107393	16113551	3	B	2	ecotype_only_corroborated,ref_divergence	0	1	0	0	1		corroborated	siscowet			1	0	2	gene-zcchc17	1	repeat_or_tandem_family	0	
gene-zdhhc22	zdhhc22	zinc finger DHHC-type palmitoyltransferase 22	protein_coding	NC_052334.1	25191182	25192107	3	B	2	cnv,ref_divergence	0	0	1	0	1		liftoff_only	siscowet	1	2	0	0	1	gene-zdhhc22	1	repeat_or_tandem_family	0	
gene-zfhx2	zfhx2	zinc finger homeobox 2	protein_coding	NC_052313.1	18414401	18427288	6	B	2	cnv,ref_divergence	0	0	1	0	1		liftoff_only	siscowet	1	2	0	0	1	gene-zfhx2	1	repeat_or_tandem_family	0	
gene-zgc:114119	zgc:114119	uncharacterized protein LOC619273 homolog	protein_coding	NC_052338.1	5663731	5687673	3	B	2	cnv,ref_divergence	0	0	1	0	1		liftoff_only	siscowet	1	2	0	0	1	gene-zgc:114119	2	repeat_or_tandem_family	0	
gene-zgc:153846	zgc:153846	uncharacterized protein LOC767711 homolog	protein_coding	NC_052319.1	23098489	23099413	3	B	2	cnv,ref_divergence	0	0	1	0	1		liftoff_only	siscowet	1	2	0	0	1	gene-zgc:153846	2	repeat_or_tandem_family	0	
gene-zgc:154075	zgc:154075	uncharacterized protein LOC556929 homolog	protein_coding	NC_052320.1	33291647	33301976	1	B	2	cnv,ref_divergence	0	0	1	0	1		liftoff_only	siscowet	1	2	0	0	1	gene-zgc:154075	1	repeat_or_tandem_family	0	
gene-zgc:194655	zgc:194655	uncharacterized protein LOC794380 homolog	protein_coding	NC_052312.1	18940658	18941311	1	B	2	cnv,ref_divergence	0	0	1	0	1		liftoff_only	siscowet	1	2	0	0	1	gene-zgc:194655	1	repeat_or_tandem_family	0	
gene-zgc:194908	zgc:194908	uncharacterized protein LOC797835 homolog	protein_coding	NC_052324.1	7211807	7214210	0	B	2	cnv,ref_divergence	0	0	1	0	1		liftoff_only	siscowet	1	2	0	0	1	gene-zgc:194908	1	repeat_or_tandem_family	0	
gene-zgc:92242	zgc:92242	uncharacterized protein LOC436899 homolog	protein_coding	NC_052311.1	10506556	10514049	1	B	2	ecotype_only_corroborated,ref_divergence	0	1	0	0	1		corroborated	lean			1	0	2	gene-zgc:92242	2	repeat_or_tandem_family	0	
gene-zgc:92275	zgc:92275	uncharacterized protein LOC436885 homolog	protein_coding	NC_052337.1	29260977	29274401	5	B	2	cnv,ref_divergence	0	0	1	0	1		liftoff_only	siscowet	1	2	0	0	1	gene-zgc:92275	1	repeat_or_tandem_family	0	
gene-zgc:92907	zgc:92907	uncharacterized protein LOC436733 homolog	protein_coding	NC_052323.1	16035264	16037965	2	B	2	cnv,ref_divergence	0	0	1	0	1		liftoff_only	siscowet	1	2	0	0	1	gene-zgc:92907	1	repeat_or_tandem_family	0	
gene-zglp1	zglp1	zinc finger GATA like protein 1	protein_coding	NC_052345.1	5032280	5042331	6	B	2	cnv,ref_divergence	0	0	1	0	1		liftoff_only	siscowet	1	2	0	0	1	gene-zglp1	1	repeat_or_tandem_family	0	
gene-zgpat	zgpat	zinc finger, CCCH-type with G patch domain	protein_coding	NC_052322.1	7823609	7835363	6	B	2	cnv,ref_divergence	0	0	1	0	1		liftoff_only	siscowet	1	2	0	0	1	gene-zgpat	1	repeat_or_tandem_family	0	
gene-znf407	znf407	zinc finger protein 407	protein_coding	NC_052311.1	42650835	42811697	4	B	2	ecotype_only_corroborated,ref_divergence	0	1	0	0	1		corroborated	siscowet			1	0	2	gene-znf407	1	repeat_or_tandem_family	0	
gene-zranb2	zranb2	zinc finger, RAN-binding domain containing 2	protein_coding	NC_052314.1	43889065	43906023	3	B	2	cnv,ref_divergence	0	0	1	0	1		liftoff_only	siscowet	1	2	0	0	1	gene-zranb2	1	repeat_or_tandem_family	0	
