go_id	name	namespace	study_k	study_n	bg_K	bg_N	fold_enrichment	p_value	fdr	phenotype	genes
GO:0005344	oxygen carrier activity	molecular_function	18	924	41	34268	16.28	5.443e-18	1.660e-15	Y	LOC120034040,LOC120034041,LOC120034042,LOC120034130,LOC120034143,LOC120034207,LOC120034211,LOC120034256,LOC120034257,LOC120034258,LOC120034259,LOC120034260,LOC120034368,LOC120034390,LOC120034464,LOC120034563,LOC120034564,LOC120034565
GO:0005833	hemoglobin complex	cellular_component	18	924	41	34268	16.28	5.443e-18	1.660e-15		LOC120034040,LOC120034041,LOC120034042,LOC120034130,LOC120034143,LOC120034207,LOC120034211,LOC120034256,LOC120034257,LOC120034258,LOC120034259,LOC120034260,LOC120034368,LOC120034390,LOC120034464,LOC120034563,LOC120034564,LOC120034565
GO:0031720	haptoglobin binding	molecular_function	18	924	41	34268	16.28	5.443e-18	1.660e-15		LOC120034040,LOC120034041,LOC120034042,LOC120034130,LOC120034143,LOC120034207,LOC120034211,LOC120034256,LOC120034257,LOC120034258,LOC120034259,LOC120034260,LOC120034368,LOC120034390,LOC120034464,LOC120034563,LOC120034564,LOC120034565
GO:0031838	haptoglobin-hemoglobin complex	cellular_component	18	924	41	34268	16.28	5.443e-18	1.660e-15		LOC120034040,LOC120034041,LOC120034042,LOC120034130,LOC120034143,LOC120034207,LOC120034211,LOC120034256,LOC120034257,LOC120034258,LOC120034259,LOC120034260,LOC120034368,LOC120034390,LOC120034464,LOC120034563,LOC120034564,LOC120034565
GO:0015671	oxygen transport	biological_process	18	924	46	34268	14.51	6.688e-17	1.632e-14	Y	LOC120034040,LOC120034041,LOC120034042,LOC120034130,LOC120034143,LOC120034207,LOC120034211,LOC120034256,LOC120034257,LOC120034258,LOC120034259,LOC120034260,LOC120034368,LOC120034390,LOC120034464,LOC120034563,LOC120034564,LOC120034565
GO:0019825	oxygen binding	molecular_function	18	924	51	34268	13.09	5.832e-16	1.186e-13	Y	LOC120034040,LOC120034041,LOC120034042,LOC120034130,LOC120034143,LOC120034207,LOC120034211,LOC120034256,LOC120034257,LOC120034258,LOC120034259,LOC120034260,LOC120034368,LOC120034390,LOC120034464,LOC120034563,LOC120034564,LOC120034565
GO:0015669	gas transport	biological_process	18	924	52	34268	12.84	8.696e-16	1.516e-13		LOC120034040,LOC120034041,LOC120034042,LOC120034130,LOC120034143,LOC120034207,LOC120034211,LOC120034256,LOC120034257,LOC120034258,LOC120034259,LOC120034260,LOC120034368,LOC120034390,LOC120034464,LOC120034563,LOC120034564,LOC120034565
GO:0042743	hydrogen peroxide metabolic process	biological_process	18	924	53	34268	12.6	1.284e-15	1.740e-13		LOC120034040,LOC120034041,LOC120034042,LOC120034130,LOC120034143,LOC120034207,LOC120034211,LOC120034256,LOC120034257,LOC120034258,LOC120034259,LOC120034260,LOC120034368,LOC120034390,LOC120034464,LOC120034563,LOC120034564,LOC120034565
GO:0042744	hydrogen peroxide catabolic process	biological_process	18	924	53	34268	12.6	1.284e-15	1.740e-13		LOC120034040,LOC120034041,LOC120034042,LOC120034130,LOC120034143,LOC120034207,LOC120034211,LOC120034256,LOC120034257,LOC120034258,LOC120034259,LOC120034260,LOC120034368,LOC120034390,LOC120034464,LOC120034563,LOC120034564,LOC120034565
GO:0072593	reactive oxygen species metabolic process	biological_process	20	924	86	34268	8.62	1.152e-13	1.406e-11	Y	LOC120027734,LOC120031281,LOC120034040,LOC120034041,LOC120034042,LOC120034130,LOC120034143,LOC120034207,LOC120034211,LOC120034256,LOC120034257,LOC120034258,LOC120034259,LOC120034260,LOC120034368,LOC120034390,LOC120034464,LOC120034563,LOC120034564,LOC120034565
GO:0072562	blood microparticle	cellular_component	18	924	67	34268	9.96	1.305e-13	1.448e-11		LOC120034040,LOC120034041,LOC120034042,LOC120034130,LOC120034143,LOC120034207,LOC120034211,LOC120034256,LOC120034257,LOC120034258,LOC120034259,LOC120034260,LOC120034368,LOC120034390,LOC120034464,LOC120034563,LOC120034564,LOC120034565
GO:0004601	peroxidase activity	molecular_function	18	924	90	34268	7.42	2.951e-11	2.944e-09		LOC120034040,LOC120034041,LOC120034042,LOC120034130,LOC120034143,LOC120034207,LOC120034211,LOC120034256,LOC120034257,LOC120034258,LOC120034259,LOC120034260,LOC120034368,LOC120034390,LOC120034464,LOC120034563,LOC120034564,LOC120034565
GO:0045179	apical cortex	cellular_component	9	924	15	34268	22.25	3.137e-11	2.944e-09		LOC120035949,LOC120036775,LOC120038021,LOC120038024,LOC120043108,LOC120043109,LOC120043110,LOC120047173,LOC120047327
GO:0016684	oxidoreductase activity, acting on peroxide as acceptor	molecular_function	18	924	97	34268	6.88	1.096e-10	9.549e-09		LOC120034040,LOC120034041,LOC120034042,LOC120034130,LOC120034143,LOC120034207,LOC120034211,LOC120034256,LOC120034257,LOC120034258,LOC120034259,LOC120034260,LOC120034368,LOC120034390,LOC120034464,LOC120034563,LOC120034564,LOC120034565
GO:0016209	antioxidant activity	molecular_function	18	924	105	34268	6.36	4.272e-10	3.474e-08		LOC120034040,LOC120034041,LOC120034042,LOC120034130,LOC120034143,LOC120034207,LOC120034211,LOC120034256,LOC120034257,LOC120034258,LOC120034259,LOC120034260,LOC120034368,LOC120034390,LOC120034464,LOC120034563,LOC120034564,LOC120034565
GO:0140104	molecular carrier activity	molecular_function	25	924	225	34268	4.12	2.670e-09	2.036e-07		LOC120028853,LOC120032565,LOC120032611,LOC120032787,LOC120034040,LOC120034041,LOC120034042,LOC120034130,LOC120034143,LOC120034207,LOC120034211,LOC120034256,LOC120034257,LOC120034258,LOC120034259,LOC120034260,LOC120034368,LOC120034390,LOC120034464,LOC120034563,LOC120034564,LOC120034565,LOC120038029,LOC120048357,LOC120050578
GO:0020037	heme binding	molecular_function	25	924	239	34268	3.88	9.195e-09	6.599e-07		LOC120031281,LOC120034040,LOC120034041,LOC120034042,LOC120034130,LOC120034143,LOC120034207,LOC120034211,LOC120034256,LOC120034257,LOC120034258,LOC120034259,LOC120034260,LOC120034368,LOC120034390,LOC120034464,LOC120034563,LOC120034564,LOC120034565,LOC120035602,LOC120039609,LOC120042124,LOC120042131,LOC120044844,LOC120048801
GO:0046906	tetrapyrrole binding	molecular_function	25	924	243	34268	3.82	1.286e-08	8.715e-07		LOC120031281,LOC120034040,LOC120034041,LOC120034042,LOC120034130,LOC120034143,LOC120034207,LOC120034211,LOC120034256,LOC120034257,LOC120034258,LOC120034259,LOC120034260,LOC120034368,LOC120034390,LOC120034464,LOC120034563,LOC120034564,LOC120034565,LOC120035602,LOC120039609,LOC120042124,LOC120042131,LOC120044844,LOC120048801
GO:0043177	organic acid binding	molecular_function	21	924	197	34268	3.95	1.006e-07	6.459e-06		LOC120034040,LOC120034041,LOC120034042,LOC120034130,LOC120034143,LOC120034207,LOC120034211,LOC120034256,LOC120034257,LOC120034258,LOC120034259,LOC120034260,LOC120034368,LOC120034390,LOC120034464,LOC120034563,LOC120034564,LOC120034565,LOC120042862,LOC120048724,LOC120051445
GO:0099568	cytoplasmic region	cellular_component	11	924	60	34268	6.8	5.296e-07	3.077e-05		LOC120035949,LOC120036775,LOC120038021,LOC120038024,LOC120043108,LOC120043109,LOC120043110,LOC120047173,LOC120047327,rims1b,rims2a
GO:0099738	cell cortex region	cellular_component	11	924	60	34268	6.8	5.296e-07	3.077e-05		LOC120035949,LOC120036775,LOC120038021,LOC120038024,LOC120043108,LOC120043109,LOC120043110,LOC120047173,LOC120047327,rims1b,rims2a
GO:0005245	voltage-gated calcium channel activity	molecular_function	11	924	84	34268	4.86	1.595e-05	8.846e-04		LOC120023380,LOC120032361,LOC120032372,LOC120032395,LOC120034271,LOC120034351,LOC120035028,LOC120036666,LOC120040628,LOC120041637,LOC120047712
GO:0005576	extracellular region	cellular_component	55	924	1220	34268	1.67	1.617e-04	8.578e-03		LOC120017348,LOC120024764,LOC120029189,LOC120031138,LOC120031295,LOC120032118,LOC120032520,LOC120034040,LOC120034041,LOC120034042,LOC120034130,LOC120034143,LOC120034207,LOC120034211,LOC120034256,LOC120034257,LOC120034258,LOC120034259,LOC120034260,LOC120034368,LOC120034390,LOC120034464,LOC120034563,LOC120034564,LOC120034565
GO:0006816	calcium ion transport	biological_process	17	924	230	34268	2.74	1.863e-04	9.471e-03	Y	LOC120023380,LOC120024697,LOC120032125,LOC120032361,LOC120032372,LOC120032395,LOC120034271,LOC120034351,LOC120035028,LOC120036666,LOC120040198,LOC120040628,LOC120041637,LOC120047712,LOC120051648,slc24a5,slc8a2b
GO:0009056	catabolic process	biological_process	66	924	1594	34268	1.54	4.055e-04	1.948e-02		LOC120017705,LOC120017880,LOC120018827,LOC120019732,LOC120023431,LOC120025220,LOC120026446,LOC120028660,LOC120028813,LOC120028888,LOC120031228,LOC120031308,LOC120031369,LOC120031382,LOC120031389,LOC120031496,LOC120032113,LOC120032839,LOC120033335,LOC120034040,LOC120034041,LOC120034042,LOC120034075,LOC120034130,LOC120034143
GO:0048880	sensory system development	biological_process	13	924	161	34268	2.99	4.472e-04	1.948e-02		LOC120030692,LOC120033014,LOC120034426,LOC120041978,LOC120043662,LOC120050560,LOC120050565,LOC120050566,LOC120050580,LOC120050862,LOC120050864,LOC120050865,crybgx
GO:0150063	visual system development	biological_process	13	924	161	34268	2.99	4.472e-04	1.948e-02		LOC120030692,LOC120033014,LOC120034426,LOC120041978,LOC120043662,LOC120050560,LOC120050565,LOC120050566,LOC120050580,LOC120050862,LOC120050864,LOC120050865,crybgx
GO:0001654	eye development	biological_process	13	924	161	34268	2.99	4.472e-04	1.948e-02		LOC120030692,LOC120033014,LOC120034426,LOC120041978,LOC120043662,LOC120050560,LOC120050565,LOC120050566,LOC120050580,LOC120050862,LOC120050864,LOC120050865,crybgx
GO:0019724	B cell mediated immunity	biological_process	6	924	39	34268	5.71	5.768e-04	2.270e-02		LOC120018157,LOC120032458,LOC120034230,LOC120036770,LOC120036924,LOC120037498
GO:0002449	lymphocyte mediated immunity	biological_process	6	924	39	34268	5.71	5.768e-04	2.270e-02		LOC120018157,LOC120032458,LOC120034230,LOC120036770,LOC120036924,LOC120037498
GO:0016064	immunoglobulin mediated immune response	biological_process	6	924	39	34268	5.71	5.768e-04	2.270e-02	Y	LOC120018157,LOC120032458,LOC120034230,LOC120036770,LOC120036924,LOC120037498
GO:0005262	calcium channel activity	molecular_function	14	924	191	34268	2.72	7.243e-04	2.754e-02		LOC120023380,LOC120024697,LOC120032361,LOC120032372,LOC120032395,LOC120034271,LOC120034351,LOC120035028,LOC120036666,LOC120040198,LOC120040628,LOC120041637,LOC120047712,slc24a5
GO:0002460	adaptive immune response based on somatic recombination of immune receptors built from immunoglobulin superfamily domains	biological_process	6	924	41	34268	5.43	7.595e-04	2.754e-02	Y	LOC120018157,LOC120032458,LOC120034230,LOC120036770,LOC120036924,LOC120037498
GO:0015085	calcium ion transmembrane transporter activity	molecular_function	16	924	237	34268	2.5	7.674e-04	2.754e-02		LOC120023380,LOC120024697,LOC120032125,LOC120032361,LOC120032372,LOC120032395,LOC120034271,LOC120034351,LOC120035028,LOC120036666,LOC120040198,LOC120040628,LOC120041637,LOC120047712,slc24a5,slc8a2b
GO:0005938	cell cortex	cellular_component	18	924	285	34268	2.34	8.101e-04	2.824e-02		LOC120031673,LOC120032585,LOC120035949,LOC120036232,LOC120036510,LOC120036775,LOC120038021,LOC120038024,LOC120043099,LOC120043108,LOC120043109,LOC120043110,LOC120044712,LOC120047173,LOC120047327,LOC120050816,rims1b,rims2a
GO:0002088	lens development in camera-type eye	biological_process	10	924	113	34268	3.28	9.855e-04	3.340e-02		LOC120034426,LOC120041978,LOC120050560,LOC120050565,LOC120050566,LOC120050580,LOC120050862,LOC120050864,LOC120050865,crybgx
GO:0002443	leukocyte mediated immunity	biological_process	6	924	44	34268	5.06	1.113e-03	3.671e-02		LOC120018157,LOC120032458,LOC120034230,LOC120036770,LOC120036924,LOC120037498
GO:0099590	neurotransmitter receptor internalization	biological_process	4	924	18	34268	8.24	1.188e-03	3.717e-02		LOC120032361,LOC120032372,LOC120040628,LOC120047712
GO:0051968	positive regulation of synaptic transmission, glutamatergic	biological_process	4	924	18	34268	8.24	1.188e-03	3.717e-02		LOC120032361,LOC120032372,LOC120040628,LOC120047712
GO:0005666	RNA polymerase III complex	cellular_component	5	924	31	34268	5.98	1.338e-03	3.744e-02		LOC120022234,LOC120031161,LOC120034192,LOC120048860,LOC120049121
GO:0005212	structural constituent of eye lens	molecular_function	10	924	118	34268	3.14	1.372e-03	3.744e-02		LOC120034426,LOC120041978,LOC120050560,LOC120050565,LOC120050566,LOC120050580,LOC120050862,LOC120050864,LOC120050865,crybgx
GO:0002399	MHC class II protein complex assembly	biological_process	4	924	19	34268	7.81	1.473e-03	3.744e-02		LOC120018157,LOC120036770,LOC120036924,LOC120037498
GO:0023023	MHC protein complex binding	molecular_function	4	924	19	34268	7.81	1.473e-03	3.744e-02		LOC120018157,LOC120036770,LOC120036924,LOC120037498
GO:0002501	peptide antigen assembly with MHC protein complex	biological_process	4	924	19	34268	7.81	1.473e-03	3.744e-02		LOC120018157,LOC120036770,LOC120036924,LOC120037498
GO:0019886	antigen processing and presentation of exogenous peptide antigen via MHC class II	biological_process	4	924	19	34268	7.81	1.473e-03	3.744e-02		LOC120018157,LOC120036770,LOC120036924,LOC120037498
GO:0002503	peptide antigen assembly with MHC class II protein complex	biological_process	4	924	19	34268	7.81	1.473e-03	3.744e-02		LOC120018157,LOC120036770,LOC120036924,LOC120037498
GO:0002396	MHC protein complex assembly	biological_process	4	924	19	34268	7.81	1.473e-03	3.744e-02		LOC120018157,LOC120036770,LOC120036924,LOC120037498
GO:0023026	MHC class II protein complex binding	molecular_function	4	924	19	34268	7.81	1.473e-03	3.744e-02		LOC120018157,LOC120036770,LOC120036924,LOC120037498
GO:0019941	modification-dependent protein catabolic process	biological_process	28	924	566	34268	1.83	1.717e-03	3.858e-02		LOC120017705,LOC120017880,LOC120023431,LOC120025220,LOC120026446,LOC120028660,LOC120031228,LOC120031382,LOC120031496,LOC120032839,LOC120034075,LOC120034357,LOC120034746,LOC120034786,LOC120034990,LOC120035934,LOC120036222,LOC120037120,LOC120037910,LOC120038696,LOC120040511,LOC120042770,LOC120046258,LOC120047790,LOC120048342
GO:0043632	modification-dependent macromolecule catabolic process	biological_process	28	924	566	34268	1.83	1.717e-03	3.858e-02		LOC120017705,LOC120017880,LOC120023431,LOC120025220,LOC120026446,LOC120028660,LOC120031228,LOC120031382,LOC120031496,LOC120032839,LOC120034075,LOC120034357,LOC120034746,LOC120034786,LOC120034990,LOC120035934,LOC120036222,LOC120037120,LOC120037910,LOC120038696,LOC120040511,LOC120042770,LOC120046258,LOC120047790,LOC120048342
GO:0008333	endosome to lysosome transport	biological_process	6	924	48	34268	4.64	1.767e-03	3.858e-02		LOC120019732,LOC120032361,LOC120032372,LOC120034098,LOC120040628,LOC120047712
GO:0099601	regulation of neurotransmitter receptor activity	biological_process	5	924	33	34268	5.62	1.788e-03	3.858e-02		LOC120032361,LOC120032372,LOC120034033,LOC120040628,LOC120047712
GO:2000311	regulation of AMPA receptor activity	biological_process	5	924	33	34268	5.62	1.788e-03	3.858e-02		LOC120032361,LOC120032372,LOC120034033,LOC120040628,LOC120047712
GO:0042613	MHC class II protein complex	cellular_component	4	924	20	34268	7.42	1.802e-03	3.858e-02		LOC120018157,LOC120036770,LOC120036924,LOC120037498
GO:0042611	MHC protein complex	cellular_component	4	924	20	34268	7.42	1.802e-03	3.858e-02		LOC120018157,LOC120036770,LOC120036924,LOC120037498
GO:0002381	immunoglobulin production involved in immunoglobulin-mediated immune response	biological_process	4	924	20	34268	7.42	1.802e-03	3.858e-02	Y	LOC120018157,LOC120036770,LOC120036924,LOC120037498
GO:0098943	neurotransmitter receptor transport, postsynaptic endosome to lysosome	biological_process	4	924	20	34268	7.42	1.802e-03	3.858e-02		LOC120032361,LOC120032372,LOC120040628,LOC120047712
GO:0034762	regulation of transmembrane transport	biological_process	14	924	212	34268	2.45	1.959e-03	4.121e-02		LOC120029350,LOC120029915,LOC120031037,LOC120031470,LOC120032361,LOC120032372,LOC120032395,LOC120033736,LOC120033963,LOC120034033,LOC120034351,LOC120040628,LOC120047712,LOC120051648
GO:0007423	sensory organ development	biological_process	13	924	190	34268	2.54	2.050e-03	4.238e-02		LOC120030692,LOC120033014,LOC120034426,LOC120041978,LOC120043662,LOC120050560,LOC120050565,LOC120050566,LOC120050580,LOC120050862,LOC120050864,LOC120050865,crybgx
GO:0002504	antigen processing and presentation of peptide or polysaccharide antigen via MHC class II	biological_process	4	924	21	34268	7.06	2.179e-03	4.359e-02		LOC120018157,LOC120036770,LOC120036924,LOC120037498
GO:0002495	antigen processing and presentation of peptide antigen via MHC class II	biological_process	4	924	21	34268	7.06	2.179e-03	4.359e-02		LOC120018157,LOC120036770,LOC120036924,LOC120037498
GO:0010469	regulation of signaling receptor activity	biological_process	6	924	51	34268	4.36	2.423e-03	4.767e-02		LOC120032361,LOC120032372,LOC120032517,LOC120034033,LOC120040628,LOC120047712
GO:0043010	camera-type eye development	biological_process	10	924	129	34268	2.87	2.662e-03	5.154e-02		LOC120034426,LOC120041978,LOC120050560,LOC120050565,LOC120050566,LOC120050580,LOC120050862,LOC120050864,LOC120050865,crybgx
GO:0005891	voltage-gated calcium channel complex	cellular_component	7	924	71	34268	3.66	3.014e-03	5.463e-02		LOC120023380,LOC120032361,LOC120032395,LOC120034271,LOC120034351,LOC120036666,LOC120041637
GO:0019884	antigen processing and presentation of exogenous antigen	biological_process	4	924	23	34268	6.45	3.090e-03	5.463e-02		LOC120018157,LOC120036770,LOC120036924,LOC120037498
GO:0002478	antigen processing and presentation of exogenous peptide antigen	biological_process	4	924	23	34268	6.45	3.090e-03	5.463e-02		LOC120018157,LOC120036770,LOC120036924,LOC120037498
GO:0098953	receptor diffusion trapping	biological_process	4	924	23	34268	6.45	3.090e-03	5.463e-02		LOC120032361,LOC120032372,LOC120040628,LOC120047712
GO:0098970	postsynaptic neurotransmitter receptor diffusion trapping	biological_process	4	924	23	34268	6.45	3.090e-03	5.463e-02		LOC120032361,LOC120032372,LOC120040628,LOC120047712
GO:0099628	neurotransmitter receptor diffusion trapping	biological_process	4	924	23	34268	6.45	3.090e-03	5.463e-02		LOC120032361,LOC120032372,LOC120040628,LOC120047712
GO:0005506	iron ion binding	molecular_function	15	924	251	34268	2.22	3.591e-03	6.201e-02		LOC120034042,LOC120034258,LOC120034259,LOC120034390,LOC120034565,LOC120035040,LOC120035180,LOC120035602,LOC120036150,LOC120039609,LOC120042124,LOC120042131,LOC120044844,LOC120048801,LOC120056450
GO:0006511	ubiquitin-dependent protein catabolic process	biological_process	26	924	541	34268	1.78	3.608e-03	6.201e-02		LOC120017880,LOC120023431,LOC120025220,LOC120028660,LOC120031228,LOC120031382,LOC120031496,LOC120032839,LOC120034075,LOC120034357,LOC120034746,LOC120034786,LOC120034990,LOC120035934,LOC120036222,LOC120037120,LOC120037910,LOC120038696,LOC120040511,LOC120042770,LOC120046258,LOC120047790,LOC120048342,LOC120048863,psmc4
GO:0050806	positive regulation of synaptic transmission	biological_process	6	924	56	34268	3.97	3.900e-03	6.608e-02		LOC120032361,LOC120032372,LOC120040628,LOC120047712,rims1b,rims2a
GO:0022843	voltage-gated monoatomic cation channel activity	molecular_function	17	924	304	34268	2.07	3.970e-03	6.634e-02		LOC120023380,LOC120029350,LOC120029915,LOC120030936,LOC120032361,LOC120032372,LOC120032395,LOC120034271,LOC120034351,LOC120035028,LOC120036666,LOC120039924,LOC120040197,LOC120040628,LOC120041637,LOC120047712,LOC120056459
GO:0030163	protein catabolic process	biological_process	29	924	632	34268	1.7	4.217e-03	6.905e-02		LOC120017705,LOC120017880,LOC120018827,LOC120023431,LOC120025220,LOC120026446,LOC120028660,LOC120031228,LOC120031382,LOC120031496,LOC120032839,LOC120034075,LOC120034357,LOC120034746,LOC120034786,LOC120034990,LOC120035934,LOC120036222,LOC120037120,LOC120037910,LOC120038696,LOC120040511,LOC120042770,LOC120046258,LOC120047790
GO:0019226	transmission of nerve impulse	biological_process	5	924	40	34268	4.64	4.245e-03	6.905e-02		LOC120032361,LOC120032372,LOC120040628,LOC120041637,LOC120047712
GO:0070588	calcium ion transmembrane transport	biological_process	12	924	184	34268	2.42	4.403e-03	7.069e-02		LOC120023380,LOC120032125,LOC120032361,LOC120032395,LOC120034271,LOC120034351,LOC120035028,LOC120036666,LOC120040198,LOC120041637,slc24a5,slc8a2b
GO:0022898	regulation of transmembrane transporter activity	biological_process	9	924	117	34268	2.85	4.490e-03	7.115e-02		LOC120031470,LOC120032361,LOC120032372,LOC120033963,LOC120034033,LOC120034351,LOC120040628,LOC120047712,LOC120051648
GO:0031624	ubiquitin conjugating enzyme binding	molecular_function	5	924	41	34268	4.52	4.729e-03	7.397e-02		LOC120031228,LOC120041291,LOC120047790,LOC120048342,ube3d
GO:0048002	antigen processing and presentation of peptide antigen	biological_process	4	924	27	34268	5.49	5.623e-03	8.684e-02		LOC120018157,LOC120036770,LOC120036924,LOC120037498
GO:0002440	production of molecular mediator of immune response	biological_process	4	924	28	34268	5.3	6.423e-03	9.593e-02	Y	LOC120018157,LOC120036770,LOC120036924,LOC120037498
GO:0002377	immunoglobulin production	biological_process	4	924	28	34268	5.3	6.423e-03	9.593e-02	Y	LOC120018157,LOC120036770,LOC120036924,LOC120037498
GO:0002250	adaptive immune response	biological_process	6	924	62	34268	3.59	6.448e-03	9.593e-02	Y	LOC120018157,LOC120032458,LOC120034230,LOC120036770,LOC120036924,LOC120037498
GO:0038179	neurotrophin signaling pathway	biological_process	3	924	15	34268	7.42	6.977e-03	1.025e-01		LOC120032586,LOC120036154,LOC120039573
GO:0044390	ubiquitin-like protein conjugating enzyme binding	molecular_function	5	924	45	34268	4.12	7.060e-03	1.025e-01		LOC120031228,LOC120041291,LOC120047790,LOC120048342,ube3d
GO:0071692	protein localization to extracellular region	biological_process	7	924	86	34268	3.02	8.627e-03	1.221e-01		LOC120031222,LOC120031991,LOC120039387,LOC120039669,LOC120041723,LOC120043641,LOC120048677
GO:0009306	protein secretion	biological_process	7	924	86	34268	3.02	8.627e-03	1.221e-01		LOC120031222,LOC120031991,LOC120039387,LOC120039669,LOC120041723,LOC120043641,LOC120048677
GO:0007041	lysosomal transport	biological_process	6	924	66	34268	3.37	8.709e-03	1.221e-01		LOC120019732,LOC120032361,LOC120032372,LOC120034098,LOC120040628,LOC120047712
GO:0035592	establishment of protein localization to extracellular region	biological_process	7	924	87	34268	2.98	9.169e-03	1.270e-01		LOC120031222,LOC120031991,LOC120039387,LOC120039669,LOC120041723,LOC120043641,LOC120048677
GO:0019882	antigen processing and presentation	biological_process	4	924	31	34268	4.79	9.262e-03	1.270e-01		LOC120018157,LOC120036770,LOC120036924,LOC120037498
GO:0098878	neurotransmitter receptor complex	cellular_component	7	924	88	34268	2.95	9.736e-03	1.305e-01		LOC120026774,LOC120032361,LOC120032372,LOC120034033,LOC120040628,LOC120043461,LOC120047712
GO:0008328	ionotropic glutamate receptor complex	cellular_component	7	924	88	34268	2.95	9.736e-03	1.305e-01		LOC120026774,LOC120032361,LOC120032372,LOC120034033,LOC120040628,LOC120043461,LOC120047712
GO:0099571	postsynaptic cytoskeleton	cellular_component	3	924	17	34268	6.54	1.002e-02	1.314e-01		LOC120017751,LOC120017841,LOC120027795
GO:0099160	postsynaptic intermediate filament cytoskeleton	cellular_component	3	924	17	34268	6.54	1.002e-02	1.314e-01		LOC120017751,LOC120017841,LOC120027795
GO:0046914	transition metal ion binding	molecular_function	61	924	1670	34268	1.35	1.055e-02	1.370e-01		LOC120026242,LOC120028831,LOC120031034,LOC120031117,LOC120031228,LOC120031303,LOC120031334,LOC120031459,LOC120031504,LOC120032113,LOC120032664,LOC120033116,LOC120034042,LOC120034075,LOC120034187,LOC120034189,LOC120034192,LOC120034258,LOC120034259,LOC120034277,LOC120034390,LOC120034565,LOC120034978,LOC120035040,LOC120035180
GO:0033135	regulation of peptidyl-serine phosphorylation	biological_process	3	924	18	34268	6.18	1.178e-02	1.513e-01		LOC120028326,LOC120036154,LOC120039573
GO:0009057	macromolecule catabolic process	biological_process	34	924	838	34268	1.5	1.274e-02	1.611e-01		LOC120017705,LOC120017880,LOC120018827,LOC120019732,LOC120023431,LOC120025220,LOC120026446,LOC120028660,LOC120031228,LOC120031382,LOC120031496,LOC120032839,LOC120034075,LOC120034357,LOC120034746,LOC120034786,LOC120034990,LOC120035934,LOC120036222,LOC120037120,LOC120037910,LOC120038696,LOC120039718,LOC120040511,LOC120042479
GO:0006383	transcription by RNA polymerase III	biological_process	4	924	34	34268	4.36	1.281e-02	1.611e-01		LOC120022234,LOC120031161,LOC120034192,LOC120049121
GO:0002252	immune effector process	biological_process	6	924	72	34268	3.09	1.309e-02	1.629e-01	Y	LOC120018157,LOC120032458,LOC120034230,LOC120036770,LOC120036924,LOC120037498
GO:0042274	ribosomal small subunit biogenesis	biological_process	7	924	94	34268	2.76	1.369e-02	1.641e-01		LOC120020490,LOC120022514,LOC120032603,LOC120038866,LOC120048439,LOC120048678,LOC120053876
GO:0006833	water transport	biological_process	3	924	19	34268	5.86	1.372e-02	1.641e-01		LOC120035364,LOC120044677,LOC120048806
GO:0042044	fluid transport	biological_process	3	924	19	34268	5.86	1.372e-02	1.641e-01		LOC120035364,LOC120044677,LOC120048806
GO:0002573	myeloid leukocyte differentiation	biological_process	3	924	19	34268	5.86	1.372e-02	1.641e-01		LOC120033253,LOC120036900,LOC120053918
GO:0008331	high voltage-gated calcium channel activity	molecular_function	4	924	35	34268	4.24	1.416e-02	1.678e-01		LOC120023380,LOC120034271,LOC120034351,LOC120036666
GO:0034704	calcium channel complex	cellular_component	7	924	95	34268	2.73	1.444e-02	1.694e-01		LOC120023380,LOC120032361,LOC120032395,LOC120034271,LOC120034351,LOC120036666,LOC120041637
GO:0035459	vesicle cargo loading	biological_process	5	924	54	34268	3.43	1.501e-02	1.743e-01		LOC120039387,LOC120039669,LOC120041723,LOC120043641,LOC120056951
GO:0061462	protein localization to lysosome	biological_process	4	924	36	34268	4.12	1.560e-02	1.781e-01		LOC120032361,LOC120032372,LOC120040628,LOC120047712
GO:0005829	cytosol	cellular_component	59	924	1640	34268	1.33	1.562e-02	1.781e-01		LOC120017408,LOC120019732,LOC120020490,LOC120022514,LOC120025220,LOC120028660,LOC120031284,LOC120031338,LOC120031369,LOC120031389,LOC120032388,LOC120032422,LOC120032877,LOC120033009,LOC120033928,LOC120034040,LOC120034041,LOC120034042,LOC120034065,LOC120034130,LOC120034143,LOC120034207,LOC120034211,LOC120034256,LOC120034257
GO:0045236	CXCR chemokine receptor binding	molecular_function	3	924	20	34268	5.56	1.582e-02	1.787e-01		LOC120037603,LOC120044602,LOC120044603
GO:0031146	SCF-dependent proteasomal ubiquitin-dependent protein catabolic process	biological_process	5	924	56	34268	3.31	1.735e-02	1.926e-01		LOC120017880,LOC120031496,LOC120032839,LOC120038696,LOC120040511
GO:0005244	voltage-gated monoatomic ion channel activity	molecular_function	17	924	356	34268	1.77	1.737e-02	1.926e-01		LOC120023380,LOC120029350,LOC120029915,LOC120030936,LOC120032361,LOC120032372,LOC120032395,LOC120034271,LOC120034351,LOC120035028,LOC120036666,LOC120039924,LOC120040197,LOC120040628,LOC120041637,LOC120047712,LOC120056459
GO:0050877	nervous system process	biological_process	21	924	472	34268	1.65	1.833e-02	2.008e-01		LOC120032361,LOC120032372,LOC120033625,LOC120033963,LOC120034426,LOC120036154,LOC120039573,LOC120040628,LOC120041637,LOC120041978,LOC120044727,LOC120047712,LOC120050560,LOC120050565,LOC120050566,LOC120050862,LOC120050864,LOC120050865,LOC120060929,LOC120060933,crybgx
GO:0032281	AMPA glutamate receptor complex	cellular_component	5	924	57	34268	3.25	1.861e-02	2.008e-01		LOC120032361,LOC120032372,LOC120034033,LOC120040628,LOC120047712
GO:0031623	receptor internalization	biological_process	4	924	38	34268	3.9	1.875e-02	2.008e-01		LOC120032361,LOC120032372,LOC120040628,LOC120047712
GO:0016491	oxidoreductase activity	molecular_function	39	924	1018	34268	1.42	1.876e-02	2.008e-01		LOC120031281,LOC120031445,LOC120032387,LOC120033335,LOC120034040,LOC120034041,LOC120034042,LOC120034130,LOC120034143,LOC120034207,LOC120034211,LOC120034256,LOC120034257,LOC120034258,LOC120034259,LOC120034260,LOC120034368,LOC120034390,LOC120034464,LOC120034563,LOC120034564,LOC120034565,LOC120035040,LOC120035180,LOC120035602
GO:0007417	central nervous system development	biological_process	16	924	332	34268	1.79	1.907e-02	2.023e-01		LOC120025342,LOC120028632,LOC120032388,LOC120033014,LOC120033116,LOC120033336,LOC120033406,LOC120033486,LOC120033773,LOC120035245,LOC120037661,LOC120039206,LOC120043662,LOC120043710,LOC120058480,pou3f2b
GO:0051049	regulation of transport	biological_process	23	924	535	34268	1.59	2.012e-02	2.116e-01		LOC120029350,LOC120029915,LOC120031037,LOC120031470,LOC120031527,LOC120032361,LOC120032372,LOC120032395,LOC120033099,LOC120033736,LOC120033963,LOC120034033,LOC120034351,LOC120034415,LOC120040628,LOC120041637,LOC120042628,LOC120042700,LOC120043074,LOC120047712,LOC120048677,LOC120051648,LOC120066511
GO:0048639	positive regulation of developmental growth	biological_process	3	924	22	34268	5.06	2.054e-02	2.124e-01	Y	LOC120032586,LOC120036154,LOC120039573
GO:0034702	monoatomic ion channel complex	cellular_component	17	924	363	34268	1.74	2.054e-02	2.124e-01		LOC120023380,LOC120026774,LOC120032361,LOC120032372,LOC120032395,LOC120034033,LOC120034271,LOC120034351,LOC120036666,LOC120039924,LOC120040197,LOC120040628,LOC120041637,LOC120043461,LOC120047712,LOC120056459,scn1ba
GO:0022832	voltage-gated channel activity	molecular_function	17	924	364	34268	1.73	2.103e-02	2.130e-01		LOC120023380,LOC120029350,LOC120029915,LOC120030936,LOC120032361,LOC120032372,LOC120032395,LOC120034271,LOC120034351,LOC120035028,LOC120036666,LOC120039924,LOC120040197,LOC120040628,LOC120041637,LOC120047712,LOC120056459
GO:0097553	calcium ion transmembrane import into cytosol	biological_process	5	924	59	34268	3.14	2.130e-02	2.130e-01		LOC120023380,LOC120034271,LOC120035028,LOC120036666,slc8a2b
GO:0070509	calcium ion import	biological_process	5	924	59	34268	3.14	2.130e-02	2.130e-01		LOC120023380,LOC120034271,LOC120036666,LOC120041637,slc8a2b
GO:0099637	neurotransmitter receptor transport	biological_process	5	924	59	34268	3.14	2.130e-02	2.130e-01		LOC120032361,LOC120032372,LOC120040628,LOC120047712,arhgap44a
GO:0030595	leukocyte chemotaxis	biological_process	6	924	81	34268	2.75	2.224e-02	2.206e-01		LOC120024769,LOC120033438,LOC120037603,LOC120044602,LOC120044603,LOC120047299
GO:0030307	positive regulation of cell growth	biological_process	3	924	23	34268	4.84	2.316e-02	2.276e-01	Y	LOC120032586,LOC120036154,LOC120039573
GO:0098590	plasma membrane region	cellular_component	26	924	633	34268	1.52	2.350e-02	2.276e-01		LOC120026774,LOC120031126,LOC120032361,LOC120032372,LOC120034033,LOC120034039,LOC120036151,LOC120037504,LOC120038426,LOC120040628,LOC120042780,LOC120043461,LOC120044113,LOC120044681,LOC120047712,LOC120048806,LOC120050074,LOC120051445,LOC120051466,LOC120056459,LOC120056868,LOC120060929,LOC120060933,rims1b,rims2a
GO:0010975	regulation of neuron projection development	biological_process	12	924	231	34268	1.93	2.360e-02	2.276e-01		LOC120032487,LOC120032586,LOC120035934,LOC120036154,LOC120039573,LOC120041392,LOC120041415,LOC120041450,LOC120065853,arhgap44a,ndel1b,plxnb2a.3
GO:0016247	channel regulator activity	molecular_function	8	924	129	34268	2.3	2.388e-02	2.276e-01		LOC120031470,LOC120032361,LOC120032372,LOC120032395,LOC120040628,LOC120047712,LOC120051648,scn1ba
GO:0141108	transporter regulator activity	molecular_function	8	924	129	34268	2.3	2.388e-02	2.276e-01		LOC120031470,LOC120032361,LOC120032372,LOC120032395,LOC120040628,LOC120047712,LOC120051648,scn1ba
GO:0072384	organelle transport along microtubule	biological_process	4	924	41	34268	3.62	2.415e-02	2.284e-01		LOC120031577,LOC120031991,LOC120036343,ndel1b
GO:0051668	localization within membrane	biological_process	19	924	429	34268	1.64	2.497e-02	2.343e-01		LOC120032001,LOC120032361,LOC120032372,LOC120032448,LOC120032586,LOC120032593,LOC120033137,LOC120036151,LOC120036232,LOC120040628,LOC120042238,LOC120042240,LOC120042780,LOC120047712,LOC120048677,LOC120050074,LOC120060929,LOC120060933,arhgap44a
GO:0046873	metal ion transmembrane transporter activity	molecular_function	31	924	792	34268	1.45	2.597e-02	2.390e-01		LOC120023189,LOC120023380,LOC120024697,LOC120026774,LOC120028812,LOC120029350,LOC120029915,LOC120030936,LOC120032125,LOC120032361,LOC120032372,LOC120032395,LOC120033247,LOC120034271,LOC120034351,LOC120035028,LOC120036666,LOC120037346,LOC120039924,LOC120040197,LOC120040198,LOC120040628,LOC120041002,LOC120041637,LOC120043461
GO:1905368	peptidase complex	cellular_component	9	924	156	34268	2.14	2.601e-02	2.390e-01		LOC120023431,LOC120026894,LOC120028660,LOC120032916,LOC120034476,LOC120037910,LOC120046306,LOC120056966,psmc4
GO:0090090	negative regulation of canonical Wnt signaling pathway	biological_process	6	924	84	34268	2.65	2.605e-02	2.390e-01		LOC120031395,LOC120033907,LOC120035184,LOC120040475,LOC120041392,LOC120065673
GO:0070971	endoplasmic reticulum exit site	cellular_component	5	924	63	34268	2.94	2.742e-02	2.478e-01		LOC120039387,LOC120039669,LOC120041723,LOC120043641,LOC120056951
GO:0030490	maturation of SSU-rRNA	biological_process	5	924	63	34268	2.94	2.742e-02	2.478e-01		LOC120020490,LOC120032603,LOC120038866,LOC120048439,LOC120053876
GO:0005838	proteasome regulatory particle	cellular_component	4	924	43	34268	3.45	2.822e-02	2.483e-01		LOC120023431,LOC120032916,LOC120037910,psmc4
GO:1990351	transporter complex	cellular_component	19	924	435	34268	1.62	2.823e-02	2.483e-01		LOC120023380,LOC120026774,LOC120030876,LOC120032361,LOC120032372,LOC120032395,LOC120034033,LOC120034271,LOC120034351,LOC120036666,LOC120039924,LOC120040197,LOC120040628,LOC120041637,LOC120042735,LOC120043461,LOC120047712,LOC120056459,scn1ba
GO:0016581	NuRD complex	cellular_component	3	924	25	34268	4.45	2.891e-02	2.483e-01		LOC120022769,LOC120031200,LOC120048713
GO:0090545	CHD-type complex	cellular_component	3	924	25	34268	4.45	2.891e-02	2.483e-01		LOC120022769,LOC120031200,LOC120048713
GO:1901385	regulation of voltage-gated calcium channel activity	biological_process	3	924	25	34268	4.45	2.891e-02	2.483e-01		LOC120031470,LOC120033963,LOC120034351
GO:0016323	basolateral plasma membrane	cellular_component	5	924	64	34268	2.9	2.911e-02	2.483e-01		LOC120034039,LOC120036151,LOC120038426,LOC120048806,LOC120051445
GO:0099072	regulation of postsynaptic membrane neurotransmitter receptor levels	biological_process	5	924	64	34268	2.9	2.911e-02	2.483e-01		LOC120032361,LOC120032372,LOC120040628,LOC120047712,arhgap44a
GO:0097120	receptor localization to synapse	biological_process	5	924	64	34268	2.9	2.911e-02	2.483e-01		LOC120032361,LOC120032372,LOC120040628,LOC120047712,arhgap44a
GO:0060326	cell chemotaxis	biological_process	6	924	88	34268	2.53	3.179e-02	2.693e-01		LOC120024769,LOC120033438,LOC120037603,LOC120044602,LOC120044603,LOC120047299
GO:0050953	sensory perception of light stimulus	biological_process	10	924	191	34268	1.94	3.506e-02	2.913e-01		LOC120034426,LOC120041978,LOC120044727,LOC120050560,LOC120050565,LOC120050566,LOC120050862,LOC120050864,LOC120050865,crybgx
GO:0005272	sodium channel activity	molecular_function	4	924	46	34268	3.22	3.506e-02	2.913e-01		LOC120026774,LOC120035028,LOC120041637,LOC120043461
GO:0005372	water transmembrane transporter activity	molecular_function	3	924	27	34268	4.12	3.534e-02	2.913e-01		LOC120035364,LOC120044677,LOC120048806
GO:0015250	water channel activity	molecular_function	3	924	27	34268	4.12	3.534e-02	2.913e-01		LOC120035364,LOC120044677,LOC120048806
GO:0031023	microtubule organizing center organization	biological_process	5	924	68	34268	2.73	3.650e-02	2.949e-01		LOC120018348,LOC120026064,LOC120036343,cntln,ndel1b
GO:0022627	cytosolic small ribosomal subunit	cellular_component	5	924	68	34268	2.73	3.650e-02	2.949e-01		LOC120020490,LOC120022514,LOC120036279,LOC120048678,LOC120049196
GO:0098839	postsynaptic density membrane	cellular_component	5	924	68	34268	2.73	3.650e-02	2.949e-01		LOC120032361,LOC120032372,LOC120040628,LOC120047712,LOC120050074
GO:0061844	antimicrobial humoral immune response mediated by antimicrobial peptide	biological_process	3	924	28	34268	3.97	3.881e-02	3.072e-01	Y	LOC120037603,LOC120044602,LOC120044603
GO:0045927	positive regulation of growth	biological_process	3	924	28	34268	3.97	3.881e-02	3.072e-01	Y	LOC120032586,LOC120036154,LOC120039573
GO:1903169	regulation of calcium ion transmembrane transport	biological_process	3	924	28	34268	3.97	3.881e-02	3.072e-01		LOC120031470,LOC120032395,LOC120033736
GO:0016459	myosin complex	cellular_component	9	924	168	34268	1.99	3.904e-02	3.072e-01		LOC120017465,LOC120018338,LOC120024699,LOC120030983,LOC120037336,LOC120037871,LOC120038593,LOC120038744,LOC120045555
GO:0000028	ribosomal small subunit assembly	biological_process	3	924	29	34268	3.84	4.245e-02	3.320e-01		LOC120020490,LOC120022514,LOC120048678
GO:0050772	positive regulation of axonogenesis	biological_process	5	924	71	34268	2.61	4.274e-02	3.321e-01		LOC120032586,LOC120036154,LOC120039573,LOC120041415,plxnb2a.3
GO:0030001	metal ion transport	biological_process	31	924	831	34268	1.38	4.475e-02	3.456e-01	Y	LOC120023380,LOC120024697,LOC120028812,LOC120029350,LOC120029915,LOC120030936,LOC120031387,LOC120032125,LOC120032361,LOC120032372,LOC120032395,LOC120034271,LOC120034351,LOC120035028,LOC120036150,LOC120036666,LOC120039924,LOC120040197,LOC120040198,LOC120040628,LOC120041637,LOC120041861,LOC120041863,LOC120047712,LOC120051648
GO:0034706	sodium channel complex	cellular_component	4	924	50	34268	2.97	4.553e-02	3.483e-01		LOC120026774,LOC120041637,LOC120043461,scn1ba
GO:0015081	sodium ion transmembrane transporter activity	molecular_function	11	924	228	34268	1.79	4.608e-02	3.483e-01		LOC120026774,LOC120028812,LOC120033247,LOC120035028,LOC120037346,LOC120041002,LOC120041637,LOC120043461,LOC120061633,slc24a5,slc8a2b
GO:1902495	transmembrane transporter complex	cellular_component	18	924	431	34268	1.55	4.614e-02	3.483e-01		LOC120023380,LOC120026774,LOC120030876,LOC120032361,LOC120032372,LOC120032395,LOC120034033,LOC120034271,LOC120034351,LOC120036666,LOC120039924,LOC120040197,LOC120040628,LOC120041637,LOC120043461,LOC120047712,LOC120056459,scn1ba
GO:0051764	actin crosslink formation	biological_process	3	924	30	34268	3.71	4.625e-02	3.483e-01		LOC120060841,LOC120065794,LOC120066791
GO:0006898	receptor-mediated endocytosis	biological_process	7	924	122	34268	2.13	4.755e-02	3.559e-01		LOC120032361,LOC120032372,LOC120040628,LOC120044681,LOC120047712,LOC120047812,snap91a
GO:0001676	long-chain fatty acid metabolic process	biological_process	4	924	51	34268	2.91	4.839e-02	3.578e-01	Y	LOC120033335,LOC120035040,LOC120035180,LOC120039518
GO:0022624	proteasome accessory complex	cellular_component	4	924	51	34268	2.91	4.839e-02	3.578e-01		LOC120023431,LOC120032916,LOC120037910,psmc4
GO:0008104	intracellular protein localization	biological_process	43	924	1226	34268	1.3	4.918e-02	3.614e-01		LOC120024345,LOC120031076,LOC120031222,LOC120031420,LOC120031991,LOC120032001,LOC120032148,LOC120032361,LOC120032372,LOC120032565,LOC120032586,LOC120032593,LOC120032787,LOC120033137,LOC120036151,LOC120036232,LOC120039387,LOC120039669,LOC120040628,LOC120041723,LOC120042238,LOC120042240,LOC120042735,LOC120043641,LOC120044681
GO:0031256	leading edge membrane	cellular_component	5	924	74	34268	2.51	4.958e-02	3.622e-01		LOC120031126,LOC120034033,LOC120056459,LOC120056868,arhgap44a
GO:0008093	cytoskeletal adaptor activity	molecular_function	3	924	31	34268	3.59	5.021e-02	3.646e-01	Y	LOC120060841,LOC120065794,LOC120066791
GO:0098703	calcium ion import across plasma membrane	biological_process	4	924	52	34268	2.85	5.135e-02	3.685e-01		LOC120023380,LOC120034271,LOC120036666,slc8a2b
GO:1902656	calcium ion import into cytosol	biological_process	4	924	52	34268	2.85	5.135e-02	3.685e-01		LOC120023380,LOC120034271,LOC120036666,slc8a2b
GO:0032588	trans-Golgi network membrane	cellular_component	3	924	32	34268	3.48	5.433e-02	3.832e-01		LOC120031319,LOC120032511,LOC120052417
GO:0005246	calcium channel regulator activity	molecular_function	3	924	32	34268	3.48	5.433e-02	3.832e-01		LOC120031470,LOC120032395,LOC120051648
GO:0016500	protein-hormone receptor activity	molecular_function	3	924	32	34268	3.48	5.433e-02	3.832e-01		LOC120031256,LOC120047882,lhcgr
GO:1905369	endopeptidase complex	cellular_component	7	924	126	34268	2.06	5.480e-02	3.842e-01		LOC120023431,LOC120026894,LOC120028660,LOC120032916,LOC120037910,LOC120056966,psmc4
GO:0032879	regulation of localization	biological_process	23	924	595	34268	1.43	5.545e-02	3.865e-01		LOC120029350,LOC120029915,LOC120031037,LOC120031470,LOC120031527,LOC120032361,LOC120032372,LOC120032395,LOC120033099,LOC120033736,LOC120033963,LOC120034033,LOC120034351,LOC120034415,LOC120040628,LOC120041637,LOC120042628,LOC120042700,LOC120043074,LOC120047712,LOC120048677,LOC120051648,LOC120066511
GO:0016829	lyase activity	molecular_function	12	924	265	34268	1.68	5.691e-02	3.886e-01		LOC120017969,LOC120031037,LOC120031141,LOC120031336,LOC120034530,LOC120039145,LOC120039906,LOC120039945,LOC120041644,LOC120048719,LOC120051527,rnaset2l
GO:0031503	protein-containing complex localization	biological_process	5	924	77	34268	2.41	5.703e-02	3.886e-01		LOC120032361,LOC120032372,LOC120040628,LOC120047712,arhgap44a
GO:0009925	basal plasma membrane	cellular_component	5	924	77	34268	2.41	5.703e-02	3.886e-01		LOC120034039,LOC120036151,LOC120038426,LOC120048806,LOC120051445
GO:0031346	positive regulation of cell projection organization	biological_process	6	924	102	34268	2.18	5.801e-02	3.886e-01		LOC120032586,LOC120036154,LOC120039573,LOC120041415,LOC120041450,plxnb2a.3
GO:0034703	cation channel complex	cellular_component	13	924	295	34268	1.63	5.823e-02	3.886e-01		LOC120023380,LOC120026774,LOC120032361,LOC120032395,LOC120034271,LOC120034351,LOC120036666,LOC120039924,LOC120040197,LOC120041637,LOC120043461,LOC120056459,scn1ba
GO:0032506	cytokinetic process	biological_process	3	924	33	34268	3.37	5.861e-02	3.886e-01		LOC120031673,LOC120036510,LOC120043099
GO:0051205	protein insertion into membrane	biological_process	3	924	33	34268	3.37	5.861e-02	3.886e-01		LOC120032593,LOC120042238,LOC120042240
GO:0001941	postsynaptic membrane organization	biological_process	3	924	33	34268	3.37	5.861e-02	3.886e-01		LOC120050074,LOC120060929,LOC120060933
GO:0000030	mannosyltransferase activity	molecular_function	3	924	33	34268	3.37	5.861e-02	3.886e-01		LOC120031113,LOC120032297,LOC120042352
GO:0061024	membrane organization	biological_process	20	924	508	34268	1.46	6.076e-02	3.989e-01		LOC120031527,LOC120031673,LOC120032593,LOC120033985,LOC120034543,LOC120038029,LOC120039074,LOC120042238,LOC120042240,LOC120042700,LOC120043705,LOC120048677,LOC120048708,LOC120050074,LOC120050578,LOC120056951,LOC120060841,LOC120060929,LOC120060933,snap91a
GO:0120013	lipid transfer activity	molecular_function	4	924	55	34268	2.7	6.081e-02	3.989e-01	Y	LOC120028853,LOC120032611,LOC120038029,LOC120048357
GO:0005261	monoatomic cation channel activity	molecular_function	24	924	634	34268	1.4	6.195e-02	4.038e-01		LOC120023380,LOC120024697,LOC120026774,LOC120029350,LOC120029915,LOC120030936,LOC120032361,LOC120032372,LOC120032395,LOC120034271,LOC120034351,LOC120035028,LOC120036666,LOC120039924,LOC120040197,LOC120040198,LOC120040628,LOC120041637,LOC120043461,LOC120044088,LOC120044089,LOC120047712,LOC120056459,slc24a5
GO:0007600	sensory perception	biological_process	12	924	269	34268	1.65	6.223e-02	4.038e-01		LOC120034426,LOC120041978,LOC120044727,LOC120050560,LOC120050565,LOC120050566,LOC120050862,LOC120050864,LOC120050865,LOC120060929,LOC120060933,crybgx
GO:0016702	oxidoreductase activity, acting on single donors with incorporation of molecular oxygen, incorporation of two atoms of oxygen	molecular_function	4	924	56	34268	2.65	6.415e-02	4.141e-01	Y	LOC120035040,LOC120035180,LOC120036900,LOC120043422
GO:0006812	monoatomic cation transport	biological_process	34	924	958	34268	1.32	6.482e-02	4.162e-01	Y	LOC120023380,LOC120024697,LOC120028812,LOC120029350,LOC120029915,LOC120030876,LOC120030936,LOC120031387,LOC120032125,LOC120032361,LOC120032372,LOC120032395,LOC120034271,LOC120034351,LOC120035028,LOC120036150,LOC120036666,LOC120039924,LOC120040197,LOC120040198,LOC120040628,LOC120041637,LOC120041861,LOC120041863,LOC120044088
GO:0007601	visual perception	biological_process	9	924	186	34268	1.79	6.588e-02	4.188e-01		LOC120034426,LOC120041978,LOC120050560,LOC120050565,LOC120050566,LOC120050862,LOC120050864,LOC120050865,crybgx
GO:0098797	plasma membrane protein complex	cellular_component	30	924	831	34268	1.34	6.673e-02	4.188e-01		LOC120018157,LOC120023380,LOC120024704,LOC120026774,LOC120032361,LOC120032372,LOC120032395,LOC120033263,LOC120033737,LOC120034033,LOC120034244,LOC120034271,LOC120034351,LOC120034378,LOC120036151,LOC120036666,LOC120036770,LOC120036924,LOC120037498,LOC120039924,LOC120040197,LOC120040628,LOC120041637,LOC120043461,LOC120047712
GO:0016701	oxidoreductase activity, acting on single donors with incorporation of molecular oxygen	molecular_function	4	924	57	34268	2.6	6.759e-02	4.188e-01	Y	LOC120035040,LOC120035180,LOC120036900,LOC120043422
GO:0072527	pyrimidine-containing compound metabolic process	biological_process	4	924	57	34268	2.6	6.759e-02	4.188e-01		LOC120031369,LOC120034978,LOC120037165,LOC120046375
GO:0051293	establishment of spindle localization	biological_process	3	924	35	34268	3.18	6.763e-02	4.188e-01		LOC120031673,LOC120036343,ndel1b
GO:0051653	spindle localization	biological_process	3	924	35	34268	3.18	6.763e-02	4.188e-01		LOC120031673,LOC120036343,ndel1b
GO:0019730	antimicrobial humoral response	biological_process	3	924	35	34268	3.18	6.763e-02	4.188e-01		LOC120037603,LOC120044602,LOC120044603
GO:0051656	establishment of organelle localization	biological_process	9	924	188	34268	1.78	6.944e-02	4.278e-01		LOC120024699,LOC120031577,LOC120031673,LOC120031991,LOC120032565,LOC120036343,LOC120037336,ndel1b,snap91a
GO:0000502	proteasome complex	cellular_component	6	924	107	34268	2.08	6.978e-02	4.278e-01		LOC120023431,LOC120026894,LOC120028660,LOC120032916,LOC120037910,psmc4
GO:0050769	positive regulation of neurogenesis	biological_process	5	924	82	34268	2.26	7.079e-02	4.285e-01		LOC120032586,LOC120036154,LOC120039573,LOC120041415,plxnb2a.3
GO:0120035	regulation of plasma membrane bounded cell projection organization	biological_process	12	924	275	34268	1.62	7.082e-02	4.285e-01		LOC120032487,LOC120032586,LOC120035934,LOC120036154,LOC120039573,LOC120041392,LOC120041415,LOC120041450,LOC120065853,arhgap44a,ndel1b,plxnb2a.3
GO:0051966	regulation of synaptic transmission, glutamatergic	biological_process	4	924	58	34268	2.56	7.112e-02	4.285e-01		LOC120032361,LOC120032372,LOC120040628,LOC120047712
GO:0098794	postsynapse	cellular_component	19	924	488	34268	1.44	7.209e-02	4.285e-01		LOC120017751,LOC120017841,LOC120023137,LOC120026774,LOC120027795,LOC120032361,LOC120032372,LOC120034033,LOC120040628,LOC120043461,LOC120047712,LOC120048723,LOC120050074,LOC120056868,LOC120060929,LOC120060933,apba2b,arhgap44a,slc8a2b
GO:0098655	monoatomic cation transmembrane transport	biological_process	26	924	709	34268	1.36	7.224e-02	4.285e-01		LOC120023380,LOC120024697,LOC120028812,LOC120029350,LOC120029915,LOC120030876,LOC120031387,LOC120032125,LOC120032361,LOC120032395,LOC120034271,LOC120034351,LOC120035028,LOC120036666,LOC120039924,LOC120040198,LOC120041637,LOC120041861,LOC120041863,LOC120044088,LOC120044089,LOC120056459,LOC120061633,slc24a5,slc39a13
GO:0031344	regulation of cell projection organization	biological_process	12	924	276	34268	1.61	7.232e-02	4.285e-01		LOC120032487,LOC120032586,LOC120035934,LOC120036154,LOC120039573,LOC120041392,LOC120041415,LOC120041450,LOC120065853,arhgap44a,ndel1b,plxnb2a.3
GO:0007031	peroxisome organization	biological_process	3	924	36	34268	3.09	7.236e-02	4.285e-01		LOC120025214,LOC120032001,LOC120042735
GO:0022626	cytosolic ribosome	cellular_component	8	924	163	34268	1.82	7.496e-02	4.418e-01		LOC120020490,LOC120022514,LOC120034438,LOC120036149,LOC120036279,LOC120048678,LOC120049196,LOC120050159
GO:0097060	synaptic membrane	cellular_component	14	924	338	34268	1.54	7.591e-02	4.453e-01		LOC120026774,LOC120032361,LOC120032372,LOC120034033,LOC120040628,LOC120043461,LOC120047712,LOC120050074,LOC120056868,LOC120060929,LOC120060933,rims1b,rims2a,snap91a
GO:0045785	positive regulation of cell adhesion	biological_process	5	924	84	34268	2.21	7.676e-02	4.459e-01		LOC120018157,LOC120036770,LOC120036924,LOC120037498,LOC120043471
GO:0045178	basal part of cell	cellular_component	5	924	84	34268	2.21	7.676e-02	4.459e-01		LOC120034039,LOC120036151,LOC120038426,LOC120048806,LOC120051445
GO:0007020	microtubule nucleation	biological_process	3	924	37	34268	3.01	7.723e-02	4.465e-01		LOC120033735,LOC120036343,ndel1b
GO:0033036	macromolecule localization	biological_process	53	924	1609	34268	1.22	7.839e-02	4.511e-01		LOC120024345,LOC120027915,LOC120028853,LOC120031076,LOC120031222,LOC120031420,LOC120031991,LOC120032001,LOC120032148,LOC120032361,LOC120032372,LOC120032565,LOC120032586,LOC120032593,LOC120032611,LOC120032787,LOC120033137,LOC120034531,LOC120036151,LOC120036232,LOC120038029,LOC120038576,LOC120039387,LOC120039669,LOC120040628
GO:0090482	vitamin transmembrane transporter activity	molecular_function	3	924	38	34268	2.93	8.224e-02	4.687e-01		LOC120039598,LOC120044599,LOC120051445
GO:0034764	positive regulation of transmembrane transport	biological_process	3	924	38	34268	2.93	8.224e-02	4.687e-01		LOC120031037,LOC120033963,LOC120051648
GO:0050867	positive regulation of cell activation	biological_process	5	924	86	34268	2.16	8.299e-02	4.687e-01		LOC120018157,LOC120036770,LOC120036924,LOC120037498,LOC120049292
GO:0002696	positive regulation of leukocyte activation	biological_process	5	924	86	34268	2.16	8.299e-02	4.687e-01		LOC120018157,LOC120036770,LOC120036924,LOC120037498,LOC120049292
GO:0008324	monoatomic cation transmembrane transporter activity	molecular_function	35	924	1017	34268	1.28	8.567e-02	4.798e-01		LOC120023189,LOC120023380,LOC120024697,LOC120026774,LOC120028812,LOC120029350,LOC120029915,LOC120030876,LOC120030936,LOC120032125,LOC120032361,LOC120032372,LOC120032395,LOC120033247,LOC120034271,LOC120034351,LOC120035028,LOC120036666,LOC120037346,LOC120039924,LOC120040197,LOC120040198,LOC120040628,LOC120041002,LOC120041637
GO:0004497	monooxygenase activity	molecular_function	8	924	168	34268	1.77	8.573e-02	4.798e-01	Y	LOC120031445,LOC120035602,LOC120039609,LOC120042124,LOC120042131,LOC120044844,LOC120048801,LOC120056450
GO:0032446	protein modification by small protein conjugation	biological_process	21	924	565	34268	1.38	8.846e-02	4.909e-01		LOC120017705,LOC120026446,LOC120031034,LOC120031228,LOC120034098,LOC120034437,LOC120034746,LOC120034786,LOC120034990,LOC120036222,LOC120037590,LOC120038269,LOC120041291,LOC120041949,LOC120042770,LOC120046258,LOC120047579,LOC120048342,LOC120048863,ube3d,ufc1
GO:0007399	nervous system development	biological_process	41	924	1220	34268	1.25	8.868e-02	4.909e-01		LOC120023137,LOC120023180,LOC120023487,LOC120025342,LOC120028632,LOC120031026,LOC120031577,LOC120032388,LOC120032586,LOC120032645,LOC120033014,LOC120033116,LOC120033253,LOC120033336,LOC120033406,LOC120033486,LOC120033773,LOC120035245,LOC120036154,LOC120037273,LOC120037661,LOC120039074,LOC120039206,LOC120039569,LOC120039573
GO:0032940	secretion by cell	biological_process	13	924	317	34268	1.52	8.993e-02	4.909e-01		LOC120031222,LOC120031319,LOC120031527,LOC120031991,LOC120036151,LOC120036232,LOC120039387,LOC120039669,LOC120041723,LOC120043641,LOC120048677,rims1b,rims2a
GO:0007098	centrosome cycle	biological_process	4	924	63	34268	2.35	9.014e-02	4.909e-01		LOC120018348,LOC120036343,cntln,ndel1b
GO:0050870	positive regulation of T cell activation	biological_process	4	924	63	34268	2.35	9.014e-02	4.909e-01		LOC120018157,LOC120036770,LOC120036924,LOC120037498
GO:1903039	positive regulation of leukocyte cell-cell adhesion	biological_process	4	924	63	34268	2.35	9.014e-02	4.909e-01		LOC120018157,LOC120036770,LOC120036924,LOC120037498
GO:0010508	positive regulation of autophagy	biological_process	3	924	40	34268	2.78	9.267e-02	5.016e-01		LOC120034316,LOC120066511,fbxo7
GO:0035725	sodium ion transmembrane transport	biological_process	7	924	143	34268	1.82	9.293e-02	5.016e-01		LOC120028812,LOC120031387,LOC120041637,LOC120041861,LOC120041863,LOC120061633,slc8a2b
GO:0005604	basement membrane	cellular_component	4	924	64	34268	2.32	9.421e-02	5.063e-01		LOC120036003,LOC120036502,LOC120039464,LOC120043675
GO:0098796	membrane protein complex	cellular_component	49	924	1498	34268	1.21	9.555e-02	5.110e-01		LOC120018157,LOC120019732,LOC120023380,LOC120024345,LOC120024704,LOC120026774,LOC120029158,LOC120030876,LOC120030879,LOC120031991,LOC120032361,LOC120032372,LOC120032395,LOC120032511,LOC120033263,LOC120033737,LOC120034033,LOC120034244,LOC120034271,LOC120034351,LOC120034378,LOC120034543,LOC120036151,LOC120036666,LOC120036770
GO:0030705	cytoskeleton-dependent intracellular transport	biological_process	8	924	173	34268	1.71	9.737e-02	5.110e-01		LOC120024699,LOC120031577,LOC120031991,LOC120036343,LOC120037336,LOC120038700,flr,ndel1b
GO:0045109	intermediate filament organization	biological_process	3	924	41	34268	2.71	9.808e-02	5.110e-01		LOC120017751,LOC120017841,LOC120027795
GO:0030099	myeloid cell differentiation	biological_process	3	924	41	34268	2.71	9.808e-02	5.110e-01		LOC120033253,LOC120036900,LOC120053918
GO:0060828	regulation of canonical Wnt signaling pathway	biological_process	7	924	145	34268	1.79	9.819e-02	5.110e-01		LOC120031395,LOC120033907,LOC120035184,LOC120040475,LOC120041392,LOC120042781,LOC120065673
GO:0034440	lipid oxidation	biological_process	4	924	65	34268	2.28	9.836e-02	5.110e-01	Y	LOC120033335,LOC120035040,LOC120035180,LOC120041644
GO:0019787	ubiquitin-like protein transferase activity	molecular_function	21	924	573	34268	1.36	9.839e-02	5.110e-01		LOC120023137,LOC120031034,LOC120031228,LOC120031303,LOC120034098,LOC120034437,LOC120034746,LOC120034785,LOC120034786,LOC120034990,LOC120035934,LOC120037590,LOC120041949,LOC120042770,LOC120046258,LOC120047579,LOC120048342,LOC120048863,LOC120052544,ube3d,ufc1
GO:0043161	proteasome-mediated ubiquitin-dependent protein catabolic process	biological_process	11	924	262	34268	1.56	9.941e-02	5.110e-01		LOC120017880,LOC120023431,LOC120031382,LOC120031496,LOC120032839,LOC120034075,LOC120034357,LOC120038696,LOC120040511,psmc4,ube3d
GO:0045211	postsynaptic membrane	cellular_component	11	924	262	34268	1.56	9.941e-02	5.110e-01		LOC120026774,LOC120032361,LOC120032372,LOC120034033,LOC120040628,LOC120043461,LOC120047712,LOC120050074,LOC120056868,LOC120060929,LOC120060933
GO:0099634	postsynaptic specialization membrane	cellular_component	5	924	91	34268	2.04	9.969e-02	5.110e-01		LOC120032361,LOC120032372,LOC120040628,LOC120047712,LOC120050074
GO:0044183	protein folding chaperone	molecular_function	5	924	91	34268	2.04	9.969e-02	5.110e-01		LOC120031284,LOC120032593,LOC120033009,LOC120034803,LOC120050580
GO:0051240	positive regulation of multicellular organismal process	biological_process	13	924	323	34268	1.49	1.001e-01	5.111e-01		LOC120018157,LOC120025342,LOC120031035,LOC120032586,LOC120034531,LOC120036154,LOC120036770,LOC120036924,LOC120037498,LOC120039573,LOC120041415,LOC120049292,plxnb2a.3
GO:0019221	cytokine-mediated signaling pathway	biological_process	9	924	204	34268	1.64	1.022e-01	5.160e-01		LOC120032458,LOC120034187,LOC120034230,LOC120034531,LOC120036053,LOC120037603,LOC120044602,LOC120044603,LOC120047732
GO:0099518	vesicle cytoskeletal trafficking	biological_process	4	924	66	34268	2.25	1.026e-01	5.160e-01	Y	LOC120024699,LOC120036343,LOC120037336,ndel1b
GO:0030865	cortical cytoskeleton organization	biological_process	4	924	66	34268	2.25	1.026e-01	5.160e-01		LOC120036510,LOC120039599,LOC120043099,LOC120044712
GO:0003774	cytoskeletal motor activity	molecular_function	10	924	234	34268	1.58	1.032e-01	5.160e-01	Y	LOC120017465,LOC120018338,LOC120024699,LOC120030983,LOC120031210,LOC120036153,LOC120037336,LOC120037871,LOC120038593,LOC120038744
GO:0030178	negative regulation of Wnt signaling pathway	biological_process	6	924	119	34268	1.87	1.032e-01	5.160e-01		LOC120031395,LOC120033907,LOC120035184,LOC120040475,LOC120041392,LOC120065673
GO:0000462	maturation of SSU-rRNA from tricistronic rRNA transcript (SSU-rRNA, 5.8S rRNA, LSU-rRNA)	biological_process	3	924	42	34268	2.65	1.036e-01	5.160e-01		LOC120038866,LOC120048439,LOC120053876
GO:0046943	carboxylic acid transmembrane transporter activity	molecular_function	12	924	296	34268	1.5	1.067e-01	5.255e-01		LOC120026774,LOC120028937,LOC120031387,LOC120032000,LOC120033247,LOC120034531,LOC120038619,LOC120043461,LOC120044103,LOC120051445,LOC120056477,LOC120061633
GO:0070279	vitamin B6 binding	molecular_function	5	924	93	34268	1.99	1.068e-01	5.255e-01		LOC120034530,LOC120039145,LOC120039166,LOC120039906,LOC120051245
GO:0030170	pyridoxal phosphate binding	molecular_function	5	924	93	34268	1.99	1.068e-01	5.255e-01		LOC120034530,LOC120039145,LOC120039166,LOC120039906,LOC120051245
GO:0008270	zinc ion binding	molecular_function	43	924	1311	34268	1.22	1.091e-01	5.267e-01		LOC120026242,LOC120028831,LOC120031034,LOC120031117,LOC120031228,LOC120031303,LOC120031334,LOC120031459,LOC120032113,LOC120032664,LOC120033116,LOC120034075,LOC120034187,LOC120034189,LOC120034192,LOC120034277,LOC120034978,LOC120035716,LOC120036098,LOC120037722,LOC120038192,LOC120039710,LOC120039944,LOC120041425,LOC120041602
GO:0046785	microtubule polymerization	biological_process	3	924	43	34268	2.59	1.093e-01	5.267e-01		LOC120033735,LOC120036343,ndel1b
GO:0006029	proteoglycan metabolic process	biological_process	3	924	43	34268	2.59	1.093e-01	5.267e-01		LOC120018827,LOC120024793,LOC120035658
GO:0050900	leukocyte migration	biological_process	6	924	121	34268	1.84	1.095e-01	5.267e-01		LOC120024769,LOC120033438,LOC120037603,LOC120044602,LOC120044603,LOC120047299
GO:0034097	response to cytokine	biological_process	10	924	237	34268	1.56	1.097e-01	5.267e-01		LOC120032458,LOC120034187,LOC120034230,LOC120034531,LOC120036053,LOC120037603,LOC120042734,LOC120044602,LOC120044603,LOC120047732
GO:1901652	response to peptide	biological_process	10	924	237	34268	1.56	1.097e-01	5.267e-01		LOC120032458,LOC120034187,LOC120034230,LOC120034531,LOC120036053,LOC120037603,LOC120042734,LOC120044602,LOC120044603,LOC120047732
GO:0048731	system development	biological_process	54	924	1688	34268	1.19	1.111e-01	5.267e-01		LOC120023137,LOC120023180,LOC120023487,LOC120025342,LOC120028632,LOC120030692,LOC120031026,LOC120031577,LOC120032388,LOC120032586,LOC120032645,LOC120033014,LOC120033116,LOC120033253,LOC120033336,LOC120033406,LOC120033486,LOC120033773,LOC120034426,LOC120035245,LOC120036154,LOC120037273,LOC120037661,LOC120039074,LOC120039206
GO:0022409	positive regulation of cell-cell adhesion	biological_process	4	924	68	34268	2.18	1.113e-01	5.267e-01		LOC120018157,LOC120036770,LOC120036924,LOC120037498
GO:0015267	channel activity	molecular_function	32	924	944	34268	1.26	1.114e-01	5.267e-01		LOC120023380,LOC120024697,LOC120024918,LOC120026774,LOC120029350,LOC120029915,LOC120030936,LOC120032361,LOC120032372,LOC120032395,LOC120033625,LOC120034271,LOC120034351,LOC120035028,LOC120035364,LOC120036666,LOC120039924,LOC120040197,LOC120040198,LOC120040628,LOC120041637,LOC120043461,LOC120044088,LOC120044089,LOC120044677
GO:0022803	passive transmembrane transporter activity	molecular_function	32	924	944	34268	1.26	1.114e-01	5.267e-01		LOC120023380,LOC120024697,LOC120024918,LOC120026774,LOC120029350,LOC120029915,LOC120030936,LOC120032361,LOC120032372,LOC120032395,LOC120033625,LOC120034271,LOC120034351,LOC120035028,LOC120035364,LOC120036666,LOC120039924,LOC120040197,LOC120040198,LOC120040628,LOC120041637,LOC120043461,LOC120044088,LOC120044089,LOC120044677
GO:0016831	carboxy-lyase activity	molecular_function	3	924	44	34268	2.53	1.150e-01	5.357e-01		LOC120031037,LOC120039145,LOC120039906
GO:0045664	regulation of neuron differentiation	biological_process	3	924	44	34268	2.53	1.150e-01	5.357e-01		LOC120031126,LOC120036154,LOC120039573
GO:0031903	microbody membrane	cellular_component	3	924	44	34268	2.53	1.150e-01	5.357e-01		LOC120025214,LOC120032001,LOC120042735
GO:0005778	peroxisomal membrane	cellular_component	3	924	44	34268	2.53	1.150e-01	5.357e-01		LOC120025214,LOC120032001,LOC120042735
GO:0030593	neutrophil chemotaxis	biological_process	4	924	69	34268	2.15	1.158e-01	5.372e-01		LOC120033438,LOC120037603,LOC120044602,LOC120044603
GO:1903037	regulation of leukocyte cell-cell adhesion	biological_process	5	924	96	34268	1.93	1.179e-01	5.451e-01		LOC120018157,LOC120035113,LOC120036770,LOC120036924,LOC120037498
GO:0005125	cytokine activity	molecular_function	10	924	241	34268	1.54	1.188e-01	5.468e-01		LOC120024769,LOC120031138,LOC120037603,LOC120043283,LOC120044602,LOC120044603,LOC120047299,LOC120048721,LOC120050520,mstnb
GO:0016712	oxidoreductase activity, acting on paired donors, with incorporation or reduction of molecular oxygen, reduced flavin or flavoprotein as one donor, and incorporation of one atom of oxygen	molecular_function	4	924	70	34268	2.12	1.204e-01	5.500e-01	Y	LOC120031445,LOC120042124,LOC120042131,LOC120044844
GO:0016830	carbon-carbon lyase activity	molecular_function	4	924	70	34268	2.12	1.204e-01	5.500e-01		LOC120031037,LOC120034530,LOC120039145,LOC120039906
GO:0008201	heparin binding	molecular_function	3	924	45	34268	2.47	1.209e-01	5.502e-01		LOC120023487,LOC120031295,LOC120042628
GO:0071345	cellular response to cytokine stimulus	biological_process	9	924	212	34268	1.57	1.213e-01	5.502e-01		LOC120032458,LOC120034187,LOC120034230,LOC120034531,LOC120036053,LOC120037603,LOC120044602,LOC120044603,LOC120047732
GO:0015935	small ribosomal subunit	cellular_component	5	924	97	34268	1.91	1.218e-01	5.502e-01		LOC120020490,LOC120022514,LOC120036279,LOC120048678,LOC120049196
GO:0046903	secretion	biological_process	13	924	335	34268	1.44	1.226e-01	5.515e-01		LOC120031222,LOC120031319,LOC120031527,LOC120031991,LOC120036151,LOC120036232,LOC120039387,LOC120039669,LOC120041723,LOC120043641,LOC120048677,rims1b,rims2a
GO:0010496	intercellular transport	biological_process	26	924	755	34268	1.28	1.232e-01	5.515e-01		LOC120019732,LOC120027915,LOC120031063,LOC120031097,LOC120031991,LOC120032001,LOC120032361,LOC120032372,LOC120032565,LOC120032787,LOC120034098,LOC120035028,LOC120038576,LOC120038619,LOC120039387,LOC120039669,LOC120040628,LOC120041723,LOC120042735,LOC120043641,LOC120043705,LOC120047712,LOC120056477,LOC120056951,arhgap44a
GO:0051640	organelle localization	biological_process	10	924	243	34268	1.53	1.234e-01	5.515e-01		LOC120024699,LOC120031577,LOC120031673,LOC120031991,LOC120032565,LOC120036343,LOC120037336,LOC120052297,ndel1b,snap91a
GO:0061630	ubiquitin protein ligase activity	molecular_function	14	924	367	34268	1.41	1.239e-01	5.515e-01		LOC120023137,LOC120031228,LOC120034098,LOC120034746,LOC120034786,LOC120034990,LOC120035934,LOC120042770,LOC120046258,LOC120047579,LOC120048342,LOC120048863,LOC120052544,ube3d
GO:0042734	presynaptic membrane	cellular_component	5	924	98	34268	1.89	1.257e-01	5.530e-01		LOC120026774,LOC120043461,rims1b,rims2a,snap91a
GO:0010720	positive regulation of cell development	biological_process	5	924	98	34268	1.89	1.257e-01	5.530e-01		LOC120032586,LOC120036154,LOC120039573,LOC120041415,plxnb2a.3
GO:0097190	apoptotic signaling pathway	biological_process	6	924	126	34268	1.77	1.260e-01	5.530e-01		LOC120034187,LOC120039710,LOC120039944,LOC120041392,LOC120044077,LOC120048718
GO:0007605	sensory perception of sound	biological_process	3	924	46	34268	2.42	1.269e-01	5.530e-01		LOC120044727,LOC120060929,LOC120060933
GO:0050954	sensory perception of mechanical stimulus	biological_process	3	924	46	34268	2.42	1.269e-01	5.530e-01		LOC120044727,LOC120060929,LOC120060933
GO:0051924	regulation of calcium ion transport	biological_process	3	924	46	34268	2.42	1.269e-01	5.530e-01	Y	LOC120031470,LOC120032395,LOC120033736
GO:0051128	regulation of cellular component organization	biological_process	31	924	926	34268	1.24	1.290e-01	5.548e-01		LOC120024345,LOC120029007,LOC120031076,LOC120031890,LOC120032487,LOC120032586,LOC120033099,LOC120033735,LOC120034065,LOC120034600,LOC120035303,LOC120035934,LOC120036154,LOC120039573,LOC120041011,LOC120041392,LOC120041415,LOC120041450,LOC120042628,LOC120042700,LOC120043074,LOC120043218,LOC120044712,LOC120056646,LOC120060841
GO:0016755	aminoacyltransferase activity	molecular_function	21	924	595	34268	1.31	1.292e-01	5.548e-01		LOC120023137,LOC120031034,LOC120031228,LOC120031303,LOC120034098,LOC120034437,LOC120034746,LOC120034785,LOC120034786,LOC120034990,LOC120035934,LOC120037590,LOC120041949,LOC120042770,LOC120046258,LOC120047579,LOC120048342,LOC120048863,LOC120052544,ube3d,ufc1
GO:0050865	regulation of cell activation	biological_process	6	924	127	34268	1.75	1.294e-01	5.548e-01		LOC120018157,LOC120035113,LOC120036770,LOC120036924,LOC120037498,LOC120049292
GO:0002694	regulation of leukocyte activation	biological_process	6	924	127	34268	1.75	1.294e-01	5.548e-01		LOC120018157,LOC120035113,LOC120036770,LOC120036924,LOC120037498,LOC120049292
GO:0030097	hemopoiesis	biological_process	5	924	99	34268	1.87	1.296e-01	5.548e-01		LOC120033014,LOC120033253,LOC120036900,LOC120042747,LOC120053918
GO:0022603	regulation of anatomical structure morphogenesis	biological_process	13	924	340	34268	1.42	1.327e-01	5.600e-01		LOC120030901,LOC120031035,LOC120032586,LOC120033099,LOC120035934,LOC120036154,LOC120038680,LOC120039573,LOC120041415,LOC120044712,LOC120065853,arhgap44a,plxnb2a.3
GO:0042393	histone binding	molecular_function	6	924	128	34268	1.74	1.329e-01	5.600e-01		LOC120019140,LOC120038749,LOC120048713,LOC120052268,LOC120052269,LOC120052272
GO:0007610	behavior	biological_process	3	924	47	34268	2.37	1.330e-01	5.600e-01		LOC120019203,LOC120036154,LOC120039573
GO:0120254	olefinic compound metabolic process	biological_process	4	924	73	34268	2.03	1.345e-01	5.600e-01		LOC120035040,LOC120035180,LOC120035602,LOC120039518
GO:0015175	neutral L-amino acid transmembrane transporter activity	molecular_function	4	924	73	34268	2.03	1.345e-01	5.600e-01		LOC120028937,LOC120031387,LOC120033247,LOC120038619
GO:0005814	centriole	cellular_component	4	924	73	34268	2.03	1.345e-01	5.600e-01		LOC120018348,LOC120024763,LOC120039074,cntln
GO:0097193	intrinsic apoptotic signaling pathway	biological_process	4	924	73	34268	2.03	1.345e-01	5.600e-01		LOC120034187,LOC120039710,LOC120039944,LOC120044077
GO:0071621	granulocyte chemotaxis	biological_process	4	924	73	34268	2.03	1.345e-01	5.600e-01		LOC120033438,LOC120037603,LOC120044602,LOC120044603
GO:0043436	oxoacid metabolic process	biological_process	21	924	599	34268	1.3	1.354e-01	5.619e-01		LOC120017408,LOC120017969,LOC120024893,LOC120028813,LOC120031308,LOC120033335,LOC120033928,LOC120034530,LOC120034662,LOC120035040,LOC120035180,LOC120036192,LOC120036917,LOC120039145,LOC120039518,LOC120039906,LOC120041644,LOC120041848,LOC120043422,LOC120048719,LOC120056450
GO:0000428	DNA-directed RNA polymerase complex	cellular_component	6	924	129	34268	1.72	1.364e-01	5.622e-01		LOC120022234,LOC120031161,LOC120034192,LOC120042594,LOC120048860,LOC120049121
GO:0016782	transferase activity, transferring sulphur-containing groups	molecular_function	6	924	129	34268	1.72	1.364e-01	5.622e-01		LOC120024793,LOC120034560,LOC120044073,LOC120044600,LOC120046250,LOC120052371
GO:0006814	sodium ion transport	biological_process	8	924	188	34268	1.58	1.373e-01	5.635e-01	Y	LOC120028812,LOC120031387,LOC120041637,LOC120041861,LOC120041863,LOC120061633,scn1ba,slc8a2b
GO:0005200	structural constituent of cytoskeleton	molecular_function	5	924	101	34268	1.84	1.376e-01	5.635e-01		LOC120017751,LOC120017841,LOC120027795,LOC120034119,LOC120039569
GO:0034765	regulation of monoatomic ion transmembrane transport	biological_process	7	924	159	34268	1.63	1.394e-01	5.659e-01		LOC120029350,LOC120029915,LOC120031470,LOC120032395,LOC120033736,LOC120033963,LOC120051648
GO:0045597	positive regulation of cell differentiation	biological_process	7	924	159	34268	1.63	1.394e-01	5.659e-01		LOC120025342,LOC120031126,LOC120032586,LOC120036154,LOC120039573,LOC120041415,plxnb2a.3
GO:0006836	neurotransmitter transport	biological_process	6	924	130	34268	1.71	1.400e-01	5.659e-01		LOC120028812,LOC120036151,LOC120056477,LOC120061633,rims1b,rims2a
GO:0015171	amino acid transmembrane transporter activity	molecular_function	9	924	220	34268	1.52	1.423e-01	5.659e-01		LOC120026774,LOC120028937,LOC120031387,LOC120032000,LOC120033247,LOC120038619,LOC120043461,LOC120056477,LOC120061633
GO:0030880	RNA polymerase complex	cellular_component	6	924	131	34268	1.7	1.436e-01	5.659e-01		LOC120022234,LOC120031161,LOC120034192,LOC120042594,LOC120048860,LOC120049121
GO:0019005	SCF ubiquitin ligase complex	cellular_component	4	924	75	34268	1.98	1.443e-01	5.659e-01		LOC120017880,LOC120031496,LOC120032839,LOC120038696
GO:0072666	establishment of protein localization to vacuole	biological_process	4	924	75	34268	1.98	1.443e-01	5.659e-01		LOC120032361,LOC120032372,LOC120040628,LOC120047712
GO:0006811	monoatomic ion transport	biological_process	41	924	1279	34268	1.19	1.455e-01	5.659e-01	Y	LOC120023380,LOC120024697,LOC120026774,LOC120028812,LOC120029350,LOC120029915,LOC120030876,LOC120030936,LOC120031387,LOC120032125,LOC120032361,LOC120032372,LOC120032395,LOC120033625,LOC120034039,LOC120034271,LOC120034351,LOC120035028,LOC120036150,LOC120036666,LOC120039924,LOC120040197,LOC120040198,LOC120040628,LOC120041637
GO:0002521	leukocyte differentiation	biological_process	3	924	49	34268	2.27	1.455e-01	5.659e-01		LOC120033253,LOC120036900,LOC120053918
GO:0032436	positive regulation of proteasomal ubiquitin-dependent protein catabolic process	biological_process	3	924	49	34268	2.27	1.455e-01	5.659e-01		LOC120031228,LOC120042781,LOC120048342
GO:0032590	dendrite membrane	cellular_component	3	924	49	34268	2.27	1.455e-01	5.659e-01		LOC120034033,LOC120056459,LOC120056868
GO:0032589	neuron projection membrane	cellular_component	3	924	49	34268	2.27	1.455e-01	5.659e-01		LOC120034033,LOC120056459,LOC120056868
GO:0050804	modulation of chemical synaptic transmission	biological_process	10	924	252	34268	1.47	1.457e-01	5.659e-01		LOC120026774,LOC120032361,LOC120032372,LOC120034033,LOC120040628,LOC120043461,LOC120047712,LOC120050074,rims1b,rims2a
GO:0099177	regulation of trans-synaptic signaling	biological_process	10	924	252	34268	1.47	1.457e-01	5.659e-01		LOC120026774,LOC120032361,LOC120032372,LOC120034033,LOC120040628,LOC120043461,LOC120047712,LOC120050074,rims1b,rims2a
GO:0050863	regulation of T cell activation	biological_process	5	924	103	34268	1.8	1.459e-01	5.659e-01		LOC120018157,LOC120035113,LOC120036770,LOC120036924,LOC120037498
GO:0010506	regulation of autophagy	biological_process	5	924	103	34268	1.8	1.459e-01	5.659e-01		LOC120032389,LOC120034316,LOC120035303,LOC120066511,fbxo7
GO:0030155	regulation of cell adhesion	biological_process	8	924	191	34268	1.55	1.461e-01	5.659e-01		LOC120018157,LOC120035113,LOC120036770,LOC120036924,LOC120037498,LOC120041415,LOC120043471,plxnb2a.3
GO:0030863	cortical cytoskeleton	cellular_component	6	924	132	34268	1.69	1.472e-01	5.684e-01		LOC120032585,LOC120036510,LOC120043099,LOC120050816,rims1b,rims2a
GO:0008236	serine-type peptidase activity	molecular_function	10	924	253	34268	1.47	1.482e-01	5.684e-01		LOC120031510,LOC120032435,LOC120032926,LOC120034415,LOC120035301,LOC120037762,LOC120042779,LOC120046358,LOC120048637,LOC120056966
GO:0043254	regulation of protein-containing complex assembly	biological_process	8	924	192	34268	1.55	1.491e-01	5.684e-01		LOC120024345,LOC120029007,LOC120031890,LOC120033735,LOC120034600,LOC120041450,LOC120060841,LOC120066511
GO:0030111	regulation of Wnt signaling pathway	biological_process	8	924	192	34268	1.55	1.491e-01	5.684e-01		LOC120031395,LOC120033907,LOC120035184,LOC120037120,LOC120040475,LOC120041392,LOC120042781,LOC120065673
GO:0000151	ubiquitin ligase complex	cellular_component	12	924	316	34268	1.41	1.492e-01	5.684e-01		LOC120017880,LOC120030879,LOC120031228,LOC120031382,LOC120031496,LOC120032839,LOC120034357,LOC120035718,LOC120038696,LOC120041291,LOC120048342,ube3d
GO:0051641	cellular localization	biological_process	57	924	1836	34268	1.15	1.503e-01	5.684e-01		LOC120019732,LOC120024345,LOC120024699,LOC120027915,LOC120028812,LOC120031063,LOC120031097,LOC120031577,LOC120031673,LOC120031991,LOC120032001,LOC120032361,LOC120032372,LOC120032448,LOC120032511,LOC120032565,LOC120032586,LOC120032593,LOC120032787,LOC120033137,LOC120034098,LOC120034543,LOC120036151,LOC120036232,LOC120036343
GO:0004252	serine-type endopeptidase activity	molecular_function	9	924	223	34268	1.5	1.506e-01	5.684e-01		LOC120031510,LOC120032435,LOC120032926,LOC120034415,LOC120035301,LOC120037762,LOC120046358,LOC120048637,LOC120056966
GO:0004842	ubiquitin-protein transferase activity	molecular_function	19	924	543	34268	1.3	1.514e-01	5.684e-01		LOC120023137,LOC120031034,LOC120031228,LOC120031303,LOC120034098,LOC120034746,LOC120034785,LOC120034786,LOC120034990,LOC120035934,LOC120037590,LOC120041949,LOC120042770,LOC120046258,LOC120047579,LOC120048342,LOC120048863,LOC120052544,ube3d
GO:0033559	unsaturated fatty acid metabolic process	biological_process	3	924	50	34268	2.23	1.519e-01	5.684e-01	Y	LOC120035040,LOC120035180,LOC120039518
GO:0030686	90S preribosome	cellular_component	3	924	50	34268	2.23	1.519e-01	5.684e-01		LOC120038866,LOC120048439,LOC120053876
GO:0099173	postsynapse organization	biological_process	3	924	50	34268	2.23	1.519e-01	5.684e-01		LOC120050074,LOC120060929,LOC120060933
GO:0005743	mitochondrial inner membrane	cellular_component	9	924	224	34268	1.49	1.534e-01	5.724e-01		LOC120028564,LOC120034531,LOC120034543,LOC120035602,LOC120035676,LOC120038619,LOC120046306,LOC120046375,LOC120056966
GO:0007034	vacuolar transport	biological_process	7	924	164	34268	1.58	1.559e-01	5.767e-01		LOC120019732,LOC120032361,LOC120032372,LOC120034098,LOC120040628,LOC120043705,LOC120047712
GO:0098657	import into cell	biological_process	18	924	513	34268	1.3	1.564e-01	5.767e-01		LOC120023380,LOC120028812,LOC120029350,LOC120029915,LOC120032361,LOC120032372,LOC120034271,LOC120034531,LOC120036666,LOC120040628,LOC120042781,LOC120044681,LOC120047712,LOC120047812,LOC120048691,LOC120048809,slc8a2b,snap91a
GO:0030866	cortical actin cytoskeleton organization	biological_process	3	924	51	34268	2.18	1.583e-01	5.767e-01		LOC120036510,LOC120039599,LOC120043099
GO:2000060	positive regulation of ubiquitin-dependent protein catabolic process	biological_process	3	924	51	34268	2.18	1.583e-01	5.767e-01		LOC120031228,LOC120042781,LOC120048342
GO:0043434	response to peptide hormone	biological_process	6	924	135	34268	1.65	1.584e-01	5.767e-01		LOC120033116,LOC120034531,LOC120035602,LOC120036098,LOC120041392,LOC120048677
GO:0017171	serine hydrolase activity	molecular_function	10	924	257	34268	1.44	1.588e-01	5.767e-01		LOC120031510,LOC120032435,LOC120032926,LOC120034415,LOC120035301,LOC120037762,LOC120042779,LOC120046358,LOC120048637,LOC120056966
GO:0051239	regulation of multicellular organismal process	biological_process	26	924	781	34268	1.23	1.600e-01	5.767e-01		LOC120018157,LOC120019052,LOC120019167,LOC120025342,LOC120030901,LOC120031035,LOC120032389,LOC120032586,LOC120033736,LOC120034531,LOC120035113,LOC120035244,LOC120035959,LOC120036154,LOC120036770,LOC120036924,LOC120037498,LOC120038680,LOC120039573,LOC120041415,LOC120042628,LOC120043709,LOC120049292,LOC120065853,plxnb2a.3
GO:0140352	export from cell	biological_process	13	924	353	34268	1.37	1.611e-01	5.767e-01		LOC120031222,LOC120031319,LOC120031527,LOC120031991,LOC120036151,LOC120036232,LOC120039387,LOC120039669,LOC120041723,LOC120043641,LOC120048677,rims1b,rims2a
GO:0015075	monoatomic ion transmembrane transporter activity	molecular_function	41	924	1293	34268	1.18	1.616e-01	5.767e-01		LOC120023189,LOC120023380,LOC120024697,LOC120024918,LOC120026774,LOC120028812,LOC120029350,LOC120029915,LOC120030876,LOC120030936,LOC120032125,LOC120032361,LOC120032372,LOC120032395,LOC120033247,LOC120033625,LOC120034039,LOC120034271,LOC120034351,LOC120035028,LOC120036666,LOC120037346,LOC120039924,LOC120040197,LOC120040198
GO:0016779	nucleotidyltransferase activity	molecular_function	6	924	136	34268	1.64	1.623e-01	5.767e-01		LOC120020464,LOC120031686,LOC120034192,LOC120034662,LOC120049121,LOC120050024
GO:0031252	cell leading edge	cellular_component	6	924	136	34268	1.64	1.623e-01	5.767e-01		LOC120028326,LOC120031126,LOC120034033,LOC120056459,LOC120056868,arhgap44a
GO:0010498	proteasomal protein catabolic process	biological_process	11	924	290	34268	1.41	1.629e-01	5.767e-01		LOC120017880,LOC120023431,LOC120031382,LOC120031496,LOC120032839,LOC120034075,LOC120034357,LOC120038696,LOC120040511,psmc4,ube3d
GO:0008146	sulfotransferase activity	molecular_function	5	924	107	34268	1.73	1.630e-01	5.767e-01		LOC120024793,LOC120034560,LOC120044073,LOC120044600,LOC120052371
GO:0009187	cyclic nucleotide metabolic process	biological_process	4	924	79	34268	1.88	1.646e-01	5.767e-01		LOC120028888,LOC120031336,LOC120039945,LOC120053338
GO:0072665	protein localization to vacuole	biological_process	4	924	79	34268	1.88	1.646e-01	5.767e-01		LOC120032361,LOC120032372,LOC120040628,LOC120047712
GO:0051251	positive regulation of lymphocyte activation	biological_process	4	924	79	34268	1.88	1.646e-01	5.767e-01		LOC120018157,LOC120036770,LOC120036924,LOC120037498
GO:0052866	phosphatidylinositol phosphate phosphatase activity	molecular_function	3	924	52	34268	2.14	1.649e-01	5.767e-01		LOC120028326,LOC120031120,LOC120040983
GO:0005881	cytoplasmic microtubule	cellular_component	3	924	52	34268	2.14	1.649e-01	5.767e-01		LOC120024763,LOC120031577,flr
GO:0031047	regulatory ncRNA-mediated gene silencing	biological_process	3	924	52	34268	2.14	1.649e-01	5.767e-01		LOC120032877,LOC120034240,LOC120044165
GO:0050808	synapse organization	biological_process	7	924	167	34268	1.55	1.662e-01	5.767e-01		LOC120031577,LOC120034351,LOC120048723,LOC120050074,LOC120060929,LOC120060933,arhgap44a
GO:0034220	monoatomic ion transmembrane transport	biological_process	29	924	887	34268	1.21	1.670e-01	5.767e-01		LOC120023380,LOC120024697,LOC120028812,LOC120029350,LOC120029915,LOC120030876,LOC120031387,LOC120032125,LOC120032361,LOC120032395,LOC120033625,LOC120034271,LOC120034351,LOC120035028,LOC120036666,LOC120039924,LOC120040198,LOC120041637,LOC120041861,LOC120041863,LOC120044088,LOC120044089,LOC120047841,LOC120056459,LOC120061633
GO:0061659	ubiquitin-like protein ligase activity	molecular_function	14	924	388	34268	1.34	1.674e-01	5.767e-01		LOC120023137,LOC120031228,LOC120034098,LOC120034746,LOC120034786,LOC120034990,LOC120035934,LOC120042770,LOC120046258,LOC120047579,LOC120048342,LOC120048863,LOC120052544,ube3d
GO:0051962	positive regulation of nervous system development	biological_process	5	924	108	34268	1.72	1.675e-01	5.767e-01		LOC120032586,LOC120036154,LOC120039573,LOC120041415,plxnb2a.3
GO:1904062	regulation of monoatomic cation transmembrane transport	biological_process	5	924	108	34268	1.72	1.675e-01	5.767e-01		LOC120031470,LOC120032395,LOC120033736,LOC120033963,LOC120051648
GO:0046907	intracellular transport	biological_process	43	924	1367	34268	1.17	1.676e-01	5.767e-01		LOC120019732,LOC120024345,LOC120024699,LOC120027915,LOC120031063,LOC120031097,LOC120031577,LOC120031673,LOC120031991,LOC120032001,LOC120032361,LOC120032372,LOC120032511,LOC120032565,LOC120032787,LOC120034098,LOC120034543,LOC120036232,LOC120036343,LOC120037336,LOC120038576,LOC120038619,LOC120038700,LOC120039387,LOC120039669
GO:0032279	asymmetric synapse	cellular_component	8	924	198	34268	1.5	1.678e-01	5.767e-01		LOC120023137,LOC120032361,LOC120032372,LOC120034033,LOC120040628,LOC120047712,LOC120050074,arhgap44a
GO:0014069	postsynaptic density	cellular_component	8	924	198	34268	1.5	1.678e-01	5.767e-01		LOC120023137,LOC120032361,LOC120032372,LOC120034033,LOC120040628,LOC120047712,LOC120050074,arhgap44a
GO:0098984	neuron to neuron synapse	cellular_component	8	924	198	34268	1.5	1.678e-01	5.767e-01		LOC120023137,LOC120032361,LOC120032372,LOC120034033,LOC120040628,LOC120047712,LOC120050074,arhgap44a
GO:0030424	axon	cellular_component	12	924	325	34268	1.37	1.708e-01	5.826e-01		LOC120017751,LOC120017841,LOC120024345,LOC120030794,LOC120031026,LOC120031527,LOC120032586,LOC120041392,LOC120052410,LOC120056459,LOC120061633,slc8a2b
GO:0030100	regulation of endocytosis	biological_process	3	924	53	34268	2.1	1.715e-01	5.826e-01		LOC120042628,LOC120042700,LOC120043074
GO:0006493	protein O-linked glycosylation	biological_process	3	924	53	34268	2.1	1.715e-01	5.826e-01		LOC120032297,LOC120035316,LOC120035658
GO:0010970	transport along microtubule	biological_process	5	924	109	34268	1.7	1.719e-01	5.826e-01		LOC120031577,LOC120031991,LOC120036343,flr,ndel1b
GO:0051050	positive regulation of transport	biological_process	5	924	109	34268	1.7	1.719e-01	5.826e-01		LOC120031037,LOC120033099,LOC120033963,LOC120041637,LOC120051648
GO:0009896	positive regulation of catabolic process	biological_process	8	924	200	34268	1.48	1.743e-01	5.889e-01		LOC120031228,LOC120034316,LOC120042781,LOC120043430,LOC120044165,LOC120048342,LOC120066511,fbxo7
GO:0045202	synapse	cellular_component	32	924	995	34268	1.19	1.755e-01	5.914e-01		LOC120017751,LOC120017841,LOC120023137,LOC120024345,LOC120026774,LOC120027795,LOC120031527,LOC120032361,LOC120032372,LOC120033625,LOC120034033,LOC120036151,LOC120040628,LOC120043461,LOC120047712,LOC120048677,LOC120048723,LOC120049361,LOC120050074,LOC120051473,LOC120056477,LOC120056868,LOC120060929,LOC120060933,apba2b
GO:0072657	protein localization to membrane	biological_process	9	924	232	34268	1.44	1.769e-01	5.925e-01		LOC120032001,LOC120032586,LOC120033137,LOC120036151,LOC120048677,LOC120050074,LOC120060929,LOC120060933,arhgap44a
GO:0042180	ketone metabolic process	biological_process	3	924	54	34268	2.06	1.782e-01	5.925e-01		LOC120028564,LOC120035602,coq3
GO:1901682	sulfur compound transmembrane transporter activity	molecular_function	3	924	54	34268	2.06	1.782e-01	5.925e-01		LOC120018572,LOC120038426,LOC120039598
GO:0009266	response to temperature stimulus	biological_process	3	924	54	34268	2.06	1.782e-01	5.925e-01	Y	LOC120034531,LOC120034803,LOC120050580
GO:1901800	positive regulation of proteasomal protein catabolic process	biological_process	3	924	54	34268	2.06	1.782e-01	5.925e-01		LOC120031228,LOC120042781,LOC120048342
GO:0030120	vesicle coat	cellular_component	5	924	111	34268	1.67	1.809e-01	5.982e-01		LOC120031991,LOC120032511,LOC120047812,LOC120048691,LOC120056951
GO:0030136	clathrin-coated vesicle	cellular_component	5	924	111	34268	1.67	1.809e-01	5.982e-01		LOC120032511,LOC120047812,LOC120048677,LOC120048691,snap91a
GO:0016746	acyltransferase activity	molecular_function	30	924	931	34268	1.2	1.818e-01	5.994e-01		LOC120023137,LOC120024893,LOC120031034,LOC120031228,LOC120031303,LOC120033928,LOC120034098,LOC120034437,LOC120034461,LOC120034746,LOC120034785,LOC120034786,LOC120034990,LOC120035934,LOC120037590,LOC120041949,LOC120042770,LOC120043088,LOC120043465,LOC120046258,LOC120047579,LOC120048342,LOC120048863,LOC120049796,LOC120050322
GO:0019752	carboxylic acid metabolic process	biological_process	20	924	593	34268	1.25	1.823e-01	5.994e-01		LOC120017408,LOC120017969,LOC120024893,LOC120028813,LOC120031308,LOC120033335,LOC120033928,LOC120034530,LOC120035040,LOC120035180,LOC120036192,LOC120036917,LOC120039145,LOC120039518,LOC120039906,LOC120041644,LOC120041848,LOC120043422,LOC120048719,LOC120056450
GO:0140535	intracellular protein-containing complex	cellular_component	33	924	1035	34268	1.18	1.837e-01	6.024e-01		LOC120017880,LOC120022234,LOC120023431,LOC120026894,LOC120028660,LOC120030879,LOC120031161,LOC120031228,LOC120031284,LOC120031382,LOC120031496,LOC120032224,LOC120032839,LOC120032916,LOC120033009,LOC120034192,LOC120034357,LOC120034476,LOC120035718,LOC120037910,LOC120038696,LOC120039604,LOC120039671,LOC120041291,LOC120042553
GO:0006099	tricarboxylic acid cycle	biological_process	3	924	55	34268	2.02	1.850e-01	6.051e-01		LOC120017969,LOC120033928,LOC120049092
GO:0045184	establishment of protein localization	biological_process	31	924	968	34268	1.19	1.860e-01	6.063e-01		LOC120024345,LOC120031222,LOC120031420,LOC120031991,LOC120032001,LOC120032361,LOC120032372,LOC120032448,LOC120032565,LOC120032593,LOC120032787,LOC120034075,LOC120036232,LOC120039387,LOC120039669,LOC120040628,LOC120041723,LOC120042238,LOC120042240,LOC120042735,LOC120043641,LOC120047712,LOC120047812,LOC120048677,LOC120050816
GO:0022836	gated channel activity	molecular_function	22	924	664	34268	1.23	1.894e-01	6.063e-01		LOC120023380,LOC120024918,LOC120026774,LOC120029350,LOC120029915,LOC120030936,LOC120032361,LOC120032372,LOC120032395,LOC120033625,LOC120034271,LOC120034351,LOC120035028,LOC120036666,LOC120039924,LOC120040197,LOC120040198,LOC120040628,LOC120041637,LOC120043461,LOC120047712,LOC120056459
GO:0030117	membrane coat	cellular_component	6	924	143	34268	1.56	1.900e-01	6.063e-01		LOC120031991,LOC120032511,LOC120040874,LOC120047812,LOC120048691,LOC120056951
GO:0048475	coated membrane	cellular_component	6	924	143	34268	1.56	1.900e-01	6.063e-01		LOC120031991,LOC120032511,LOC120040874,LOC120047812,LOC120048691,LOC120056951
GO:0051650	establishment of vesicle localization	biological_process	5	924	113	34268	1.64	1.902e-01	6.063e-01		LOC120024699,LOC120036343,LOC120037336,ndel1b,snap91a
GO:0071375	cellular response to peptide hormone stimulus	biological_process	5	924	113	34268	1.64	1.902e-01	6.063e-01		LOC120033116,LOC120035602,LOC120036098,LOC120041392,LOC120048677
GO:0071705	nitrogen compound transport	biological_process	12	924	333	34268	1.34	1.913e-01	6.063e-01		LOC120027915,LOC120028812,LOC120033247,LOC120037346,LOC120038029,LOC120038426,LOC120038576,LOC120038619,LOC120039598,LOC120047625,LOC120051445,tpra
GO:1902905	positive regulation of supramolecular fiber organization	biological_process	4	924	84	34268	1.77	1.913e-01	6.063e-01		LOC120033735,LOC120056646,LOC120060841,LOC120062569
GO:0000118	histone deacetylase complex	cellular_component	4	924	84	34268	1.77	1.913e-01	6.063e-01		LOC120022769,LOC120031200,LOC120036498,LOC120048713
GO:0030258	lipid modification	biological_process	7	924	174	34268	1.49	1.914e-01	6.063e-01	Y	LOC120028326,LOC120031120,LOC120033335,LOC120035040,LOC120035180,LOC120041644,LOC120043465
GO:0030048	actin filament-based movement	biological_process	3	924	56	34268	1.99	1.918e-01	6.063e-01		LOC120024699,LOC120037336,scn1ba
GO:0030968	endoplasmic reticulum unfolded protein response	biological_process	3	924	56	34268	1.99	1.918e-01	6.063e-01		LOC120030879,LOC120044077,herpud2
GO:0008630	intrinsic apoptotic signaling pathway in response to DNA damage	biological_process	3	924	56	34268	1.99	1.918e-01	6.063e-01		LOC120034187,LOC120039710,LOC120039944
GO:0008238	exopeptidase activity	molecular_function	6	924	144	34268	1.55	1.941e-01	6.094e-01		LOC120028813,LOC120032113,LOC120042338,LOC120042779,LOC120043413,dpep1
GO:0016567	protein ubiquitination	biological_process	17	924	499	34268	1.26	1.946e-01	6.094e-01		LOC120017705,LOC120026446,LOC120031034,LOC120031228,LOC120034098,LOC120034746,LOC120034786,LOC120034990,LOC120036222,LOC120037590,LOC120041949,LOC120042770,LOC120046258,LOC120047579,LOC120048342,LOC120048863,ube3d
GO:0015179	L-amino acid transmembrane transporter activity	molecular_function	5	924	114	34268	1.63	1.948e-01	6.094e-01		LOC120028937,LOC120031387,LOC120032000,LOC120033247,LOC120056477
GO:0022407	regulation of cell-cell adhesion	biological_process	5	924	114	34268	1.63	1.948e-01	6.094e-01		LOC120018157,LOC120035113,LOC120036770,LOC120036924,LOC120037498
GO:0005216	monoatomic ion channel activity	molecular_function	28	924	872	34268	1.19	1.965e-01	6.107e-01		LOC120023380,LOC120024697,LOC120024918,LOC120026774,LOC120029350,LOC120029915,LOC120030936,LOC120032361,LOC120032372,LOC120032395,LOC120033625,LOC120034271,LOC120034351,LOC120035028,LOC120036666,LOC120039924,LOC120040197,LOC120040198,LOC120040628,LOC120041637,LOC120043461,LOC120044088,LOC120044089,LOC120047712,LOC120047841
GO:0016836	hydro-lyase activity	molecular_function	4	924	85	34268	1.75	1.968e-01	6.107e-01		LOC120017969,LOC120041644,LOC120048719,LOC120051527
GO:0006195	purine nucleotide catabolic process	biological_process	4	924	85	34268	1.75	1.968e-01	6.107e-01		LOC120028888,LOC120031389,LOC120036192,LOC120048719
GO:0016667	oxidoreductase activity, acting on a sulfur group of donors	molecular_function	3	924	57	34268	1.95	1.987e-01	6.107e-01		LOC120032387,LOC120038582,LOC120041167
GO:0070098	chemokine-mediated signaling pathway	biological_process	3	924	57	34268	1.95	1.987e-01	6.107e-01		LOC120037603,LOC120044602,LOC120044603
GO:1990868	response to chemokine	biological_process	3	924	57	34268	1.95	1.987e-01	6.107e-01		LOC120037603,LOC120044602,LOC120044603
GO:1990869	cellular response to chemokine	biological_process	3	924	57	34268	1.95	1.987e-01	6.107e-01		LOC120037603,LOC120044602,LOC120044603
GO:0051648	vesicle localization	biological_process	5	924	115	34268	1.61	1.995e-01	6.108e-01		LOC120024699,LOC120036343,LOC120037336,ndel1b,snap91a
GO:0055085	transmembrane transport	biological_process	54	924	1778	34268	1.13	1.998e-01	6.108e-01		LOC120017970,LOC120018572,LOC120023380,LOC120024697,LOC120028812,LOC120028937,LOC120029350,LOC120029915,LOC120030876,LOC120030936,LOC120031387,LOC120032000,LOC120032001,LOC120032125,LOC120032361,LOC120032395,LOC120033247,LOC120033625,LOC120034039,LOC120034271,LOC120034351,LOC120034533,LOC120035028,LOC120035364,LOC120036666
GO:0031333	negative regulation of protein-containing complex assembly	biological_process	4	924	86	34268	1.72	2.024e-01	6.158e-01		LOC120029007,LOC120034600,LOC120041450,LOC120066511
GO:1990266	neutrophil migration	biological_process	4	924	86	34268	1.72	2.024e-01	6.158e-01		LOC120033438,LOC120037603,LOC120044602,LOC120044603
GO:0051015	actin filament binding	molecular_function	14	924	404	34268	1.29	2.051e-01	6.212e-01		LOC120017465,LOC120018338,LOC120024699,LOC120030983,LOC120032010,LOC120032585,LOC120037336,LOC120037871,LOC120038593,LOC120038744,LOC120041450,LOC120045821,LOC120065794,LOC120066791
GO:0030119	AP-type membrane coat adaptor complex	cellular_component	3	924	58	34268	1.92	2.057e-01	6.212e-01		LOC120032511,LOC120040874,LOC120047812
GO:0032434	regulation of proteasomal ubiquitin-dependent protein catabolic process	biological_process	3	924	58	34268	1.92	2.057e-01	6.212e-01		LOC120031228,LOC120042781,LOC120048342
GO:0051093	negative regulation of developmental process	biological_process	6	924	147	34268	1.51	2.066e-01	6.222e-01		LOC120030901,LOC120032389,LOC120032487,LOC120038680,LOC120049390,LOC120065853
GO:0051495	positive regulation of cytoskeleton organization	biological_process	4	924	87	34268	1.71	2.080e-01	6.222e-01		LOC120033735,LOC120056646,LOC120060841,LOC120062569
GO:0035249	synaptic transmission, glutamatergic	biological_process	4	924	87	34268	1.71	2.080e-01	6.222e-01		LOC120024345,LOC120026774,LOC120043461,LOC120056477
GO:0006954	inflammatory response	biological_process	8	924	210	34268	1.41	2.081e-01	6.222e-01	Y	LOC120022365,LOC120022366,LOC120034275,LOC120037603,LOC120042734,LOC120044602,LOC120044603,LOC120047575
GO:0099111	microtubule-based transport	biological_process	5	924	117	34268	1.58	2.091e-01	6.228e-01		LOC120031577,LOC120031991,LOC120036343,flr,ndel1b
GO:0003008	system process	biological_process	23	924	709	34268	1.2	2.100e-01	6.228e-01		LOC120032361,LOC120032372,LOC120033625,LOC120033963,LOC120034426,LOC120036154,LOC120039573,LOC120040628,LOC120041637,LOC120041978,LOC120044727,LOC120047712,LOC120050560,LOC120050565,LOC120050566,LOC120050862,LOC120050864,LOC120050865,LOC120060929,LOC120060933,crybgx,scn1ba,tjp1a
GO:1901136	carbohydrate derivative catabolic process	biological_process	7	924	179	34268	1.45	2.102e-01	6.228e-01		LOC120018827,LOC120028888,LOC120031369,LOC120036192,LOC120039718,LOC120048719,LOC120048861
GO:0045595	regulation of cell differentiation	biological_process	13	924	373	34268	1.29	2.103e-01	6.228e-01		LOC120019167,LOC120025342,LOC120031126,LOC120032389,LOC120032586,LOC120033308,LOC120036154,LOC120039573,LOC120041415,LOC120042747,LOC120049390,LOC120065853,plxnb2a.3
GO:0006959	humoral immune response	biological_process	3	924	59	34268	1.89	2.127e-01	6.268e-01	Y	LOC120037603,LOC120044602,LOC120044603
GO:0005539	glycosaminoglycan binding	molecular_function	3	924	59	34268	1.89	2.127e-01	6.268e-01		LOC120023487,LOC120031295,LOC120042628
GO:0048786	presynaptic active zone	cellular_component	4	924	88	34268	1.69	2.136e-01	6.272e-01		arhgap44a,pnisr,rims1b,rims2a
GO:0051249	regulation of lymphocyte activation	biological_process	5	924	118	34268	1.57	2.139e-01	6.272e-01		LOC120018157,LOC120035113,LOC120036770,LOC120036924,LOC120037498
GO:0032956	regulation of actin cytoskeleton organization	biological_process	10	924	277	34268	1.34	2.169e-01	6.347e-01		LOC120029007,LOC120031890,LOC120034600,LOC120041011,LOC120041450,LOC120044712,LOC120056646,LOC120060841,LOC120062569,arhgap44a
GO:0006351	DNA-templated transcription	biological_process	9	924	245	34268	1.36	2.182e-01	6.361e-01		LOC120022234,LOC120028545,LOC120031161,LOC120034192,LOC120040282,LOC120042594,LOC120046301,LOC120048860,LOC120049121
GO:0016835	carbon-oxygen lyase activity	molecular_function	4	924	89	34268	1.67	2.193e-01	6.361e-01	Y	LOC120017969,LOC120041644,LOC120048719,LOC120051527
GO:0140658	ATP-dependent chromatin remodeler activity	molecular_function	3	924	60	34268	1.85	2.198e-01	6.361e-01		LOC120038749,LOC120048713,rad54b
GO:0019364	pyridine nucleotide catabolic process	biological_process	3	924	60	34268	1.85	2.198e-01	6.361e-01		LOC120031389,LOC120036192,LOC120048719
GO:0032970	regulation of actin filament-based process	biological_process	10	924	278	34268	1.33	2.200e-01	6.361e-01		LOC120029007,LOC120031890,LOC120034600,LOC120041011,LOC120041450,LOC120044712,LOC120056646,LOC120060841,LOC120062569,arhgap44a
GO:0061387	regulation of extent of cell growth	biological_process	4	924	90	34268	1.65	2.250e-01	6.437e-01	Y	LOC120032586,LOC120036154,LOC120039573,LOC120065853
GO:0097530	granulocyte migration	biological_process	4	924	90	34268	1.65	2.250e-01	6.437e-01		LOC120033438,LOC120037603,LOC120044602,LOC120044603
GO:0009895	negative regulation of catabolic process	biological_process	4	924	90	34268	1.65	2.250e-01	6.437e-01		LOC120031037,LOC120031686,LOC120035303,LOC120044693
GO:0030312	external encapsulating structure	cellular_component	11	924	313	34268	1.3	2.269e-01	6.437e-01		LOC120017348,LOC120024764,LOC120036003,LOC120036502,LOC120039464,LOC120043675,LOC120044693,LOC120050835,LOC120051656,LOC120052695,LOC120052703
GO:0031012	extracellular matrix	cellular_component	11	924	313	34268	1.3	2.269e-01	6.437e-01		LOC120017348,LOC120024764,LOC120036003,LOC120036502,LOC120039464,LOC120043675,LOC120044693,LOC120050835,LOC120051656,LOC120052695,LOC120052703
GO:0032813	tumor necrosis factor receptor superfamily binding	molecular_function	3	924	61	34268	1.82	2.269e-01	6.437e-01		LOC120033129,LOC120036154,LOC120039573
GO:0036126	sperm flagellum	cellular_component	3	924	61	34268	1.82	2.269e-01	6.437e-01		LOC120024763,LOC120042401,LOC120043638
GO:0097729	9+2 motile cilium	cellular_component	3	924	61	34268	1.82	2.269e-01	6.437e-01		LOC120024763,LOC120042401,LOC120043638
GO:0015370	solute:sodium symporter activity	molecular_function	5	924	121	34268	1.53	2.285e-01	6.469e-01		LOC120028812,LOC120033247,LOC120037346,LOC120041002,LOC120061633
GO:0003779	actin binding	molecular_function	21	924	651	34268	1.2	2.302e-01	6.502e-01		LOC120017465,LOC120018338,LOC120024699,LOC120029007,LOC120030983,LOC120031673,LOC120032010,LOC120032585,LOC120033099,LOC120037336,LOC120037871,LOC120038593,LOC120038744,LOC120039599,LOC120041450,LOC120045821,LOC120050816,LOC120056646,LOC120062569,LOC120065794,LOC120066791
GO:0030665	clathrin-coated vesicle membrane	cellular_component	3	924	62	34268	1.79	2.341e-01	6.564e-01		LOC120032511,LOC120047812,LOC120048691
GO:0030125	clathrin vesicle coat	cellular_component	3	924	62	34268	1.79	2.341e-01	6.564e-01		LOC120032511,LOC120047812,LOC120048691
GO:0072526	pyridine-containing compound catabolic process	biological_process	3	924	62	34268	1.79	2.341e-01	6.564e-01		LOC120031389,LOC120036192,LOC120048719
GO:0008360	regulation of cell shape	biological_process	4	924	92	34268	1.61	2.366e-01	6.597e-01		LOC120033099,LOC120041415,LOC120044712,plxnb2a.3
GO:0042330	taxis	biological_process	8	924	218	34268	1.36	2.368e-01	6.597e-01		LOC120023487,LOC120024769,LOC120033438,LOC120037603,LOC120044602,LOC120044603,LOC120047299,LOC120065853
GO:0006935	chemotaxis	biological_process	8	924	218	34268	1.36	2.368e-01	6.597e-01		LOC120023487,LOC120024769,LOC120033438,LOC120037603,LOC120044602,LOC120044603,LOC120047299,LOC120065853
GO:0051649	establishment of localization in cell	biological_process	47	924	1562	34268	1.12	2.381e-01	6.604e-01		LOC120019732,LOC120024345,LOC120024699,LOC120027915,LOC120028812,LOC120031063,LOC120031097,LOC120031577,LOC120031673,LOC120031991,LOC120032001,LOC120032361,LOC120032372,LOC120032511,LOC120032565,LOC120032787,LOC120034098,LOC120034543,LOC120036151,LOC120036232,LOC120036343,LOC120037336,LOC120038576,LOC120038619,LOC120038700
GO:0030662	coated vesicle membrane	cellular_component	5	924	123	34268	1.51	2.385e-01	6.604e-01		LOC120031991,LOC120032511,LOC120047812,LOC120048691,LOC120056951
GO:0033044	regulation of chromosome organization	biological_process	3	924	63	34268	1.77	2.412e-01	6.604e-01		LOC120031076,LOC120034065,LOC120043218
GO:0098800	inner mitochondrial membrane protein complex	cellular_component	3	924	63	34268	1.77	2.412e-01	6.604e-01		LOC120034543,LOC120046306,LOC120056966
GO:0051258	protein polymerization	biological_process	4	924	93	34268	1.6	2.424e-01	6.604e-01		LOC120031673,LOC120033735,LOC120036343,ndel1b
GO:0040011	locomotion	biological_process	8	924	220	34268	1.35	2.442e-01	6.604e-01		LOC120023487,LOC120024769,LOC120033438,LOC120037603,LOC120044602,LOC120044603,LOC120047299,LOC120065853
GO:0050793	regulation of developmental process	biological_process	21	924	658	34268	1.18	2.449e-01	6.604e-01		LOC120019167,LOC120025342,LOC120030901,LOC120031035,LOC120031126,LOC120032389,LOC120032487,LOC120032586,LOC120033099,LOC120033308,LOC120035934,LOC120036154,LOC120038680,LOC120039573,LOC120041415,LOC120042747,LOC120044712,LOC120049390,LOC120065853,arhgap44a,plxnb2a.3
GO:0051130	positive regulation of cellular component organization	biological_process	10	924	286	34268	1.3	2.455e-01	6.604e-01		LOC120032586,LOC120033735,LOC120036154,LOC120039573,LOC120041415,LOC120041450,LOC120056646,LOC120060841,LOC120062569,plxnb2a.3
GO:0032774	RNA biosynthetic process	biological_process	32	924	1040	34268	1.14	2.457e-01	6.604e-01		LOC120018359,LOC120020490,LOC120022234,LOC120028545,LOC120031161,LOC120032297,LOC120032524,LOC120032603,LOC120033011,LOC120033308,LOC120034190,LOC120034192,LOC120034240,LOC120036183,LOC120037503,LOC120038576,LOC120038866,LOC120040282,LOC120041602,LOC120042594,LOC120042770,LOC120044077,LOC120046250,LOC120046301,LOC120048439
GO:0099587	inorganic ion import across plasma membrane	biological_process	6	924	156	34268	1.43	2.458e-01	6.604e-01		LOC120023380,LOC120029350,LOC120029915,LOC120034271,LOC120036666,slc8a2b
GO:0098659	inorganic cation import across plasma membrane	biological_process	6	924	156	34268	1.43	2.458e-01	6.604e-01		LOC120023380,LOC120029350,LOC120029915,LOC120034271,LOC120036666,slc8a2b
GO:0006986	response to unfolded protein	biological_process	4	924	94	34268	1.58	2.483e-01	6.604e-01		LOC120017721,LOC120030879,LOC120044077,herpud2
GO:0097529	myeloid leukocyte migration	biological_process	4	924	94	34268	1.58	2.483e-01	6.604e-01		LOC120033438,LOC120037603,LOC120044602,LOC120044603
GO:0031109	microtubule polymerization or depolymerization	biological_process	3	924	64	34268	1.74	2.485e-01	6.604e-01		LOC120033735,LOC120036343,ndel1b
GO:0046488	phosphatidylinositol metabolic process	biological_process	3	924	64	34268	1.74	2.485e-01	6.604e-01		LOC120028326,LOC120031120,LOC120034531
GO:0008408	3'-5' exonuclease activity	molecular_function	3	924	64	34268	1.74	2.485e-01	6.604e-01		LOC120032639,LOC120038688,LOC120041602
GO:0032496	response to lipopolysaccharide	biological_process	3	924	64	34268	1.74	2.485e-01	6.604e-01	Y	LOC120037603,LOC120044602,LOC120044603
GO:0071219	cellular response to molecule of bacterial origin	biological_process	3	924	64	34268	1.74	2.485e-01	6.604e-01		LOC120037603,LOC120044602,LOC120044603
GO:0002237	response to molecule of bacterial origin	biological_process	3	924	64	34268	1.74	2.485e-01	6.604e-01		LOC120037603,LOC120044602,LOC120044603
GO:0071222	cellular response to lipopolysaccharide	biological_process	3	924	64	34268	1.74	2.485e-01	6.604e-01	Y	LOC120037603,LOC120044602,LOC120044603
GO:2000058	regulation of ubiquitin-dependent protein catabolic process	biological_process	3	924	64	34268	1.74	2.485e-01	6.604e-01		LOC120031228,LOC120042781,LOC120048342
GO:0030135	coated vesicle	cellular_component	8	924	222	34268	1.34	2.517e-01	6.660e-01		LOC120031097,LOC120031991,LOC120032511,LOC120047812,LOC120048677,LOC120048691,LOC120056951,snap91a
GO:0033365	protein localization to organelle	biological_process	13	924	389	34268	1.24	2.538e-01	6.660e-01		LOC120031076,LOC120032001,LOC120032148,LOC120032361,LOC120032372,LOC120032593,LOC120032787,LOC120040628,LOC120042735,LOC120047712,LOC120047746,cntln,tpra
GO:0043269	regulation of monoatomic ion transport	biological_process	7	924	190	34268	1.37	2.538e-01	6.660e-01	Y	LOC120029350,LOC120029915,LOC120031470,LOC120032395,LOC120033736,LOC120033963,LOC120051648
GO:0019842	vitamin binding	molecular_function	6	924	158	34268	1.41	2.548e-01	6.660e-01		LOC120034530,LOC120039145,LOC120039166,LOC120039906,LOC120051245,LOC120051445
GO:0016849	phosphorus-oxygen lyase activity	molecular_function	3	924	65	34268	1.71	2.557e-01	6.660e-01	Y	LOC120031336,LOC120039945,rnaset2l
GO:0006900	vesicle budding from membrane	biological_process	3	924	65	34268	1.71	2.557e-01	6.660e-01		LOC120043705,LOC120056951,snap91a
GO:0032784	regulation of DNA-templated transcription elongation	biological_process	3	924	65	34268	1.71	2.557e-01	6.660e-01		LOC120019680,LOC120028545,eaf1
GO:0032153	cell division site	cellular_component	3	924	65	34268	1.71	2.557e-01	6.660e-01		LOC120036510,LOC120042780,LOC120043099
GO:0019866	organelle inner membrane	cellular_component	9	924	256	34268	1.3	2.558e-01	6.660e-01		LOC120028564,LOC120034531,LOC120034543,LOC120035602,LOC120035676,LOC120038619,LOC120046306,LOC120046375,LOC120056966
GO:0097435	supramolecular fiber organization	biological_process	18	924	560	34268	1.19	2.560e-01	6.660e-01		LOC120017751,LOC120017841,LOC120024699,LOC120027795,LOC120031126,LOC120031673,LOC120032585,LOC120033735,LOC120036129,LOC120036343,LOC120037336,LOC120038700,LOC120041450,LOC120044712,LOC120060841,LOC120065794,LOC120066791,ndel1b
GO:0050770	regulation of axonogenesis	biological_process	6	924	159	34268	1.4	2.593e-01	6.724e-01		LOC120032586,LOC120036154,LOC120039573,LOC120041415,LOC120065853,plxnb2a.3
GO:0030545	signaling receptor regulator activity	molecular_function	21	924	665	34268	1.17	2.599e-01	6.724e-01		LOC120023180,LOC120024769,LOC120031138,LOC120032118,LOC120032526,LOC120035184,LOC120035363,LOC120036154,LOC120037603,LOC120039573,LOC120042628,LOC120043283,LOC120044080,LOC120044602,LOC120044603,LOC120047299,LOC120048721,LOC120050520,LOC120053338,LOC120065853,mstnb
GO:0031253	cell projection membrane	cellular_component	4	924	96	34268	1.55	2.601e-01	6.724e-01		LOC120031126,LOC120034033,LOC120056459,LOC120056868
GO:0098827	endoplasmic reticulum subcompartment	cellular_component	18	924	562	34268	1.19	2.607e-01	6.725e-01		LOC120030879,LOC120031097,LOC120031222,LOC120032387,LOC120032586,LOC120032593,LOC120034415,LOC120035303,LOC120037627,LOC120039387,LOC120039669,LOC120040358,LOC120041723,LOC120043641,LOC120044077,LOC120048357,LOC120066511,tusc3
GO:0051129	negative regulation of cellular component organization	biological_process	9	924	258	34268	1.29	2.629e-01	6.766e-01		LOC120029007,LOC120031076,LOC120032487,LOC120034600,LOC120035303,LOC120041450,LOC120042628,LOC120065853,LOC120066511
GO:0005319	lipid carrier activity	molecular_function	5	924	128	34268	1.45	2.638e-01	6.767e-01	Y	LOC120028853,LOC120032611,LOC120038029,LOC120048357,LOC120050578
GO:0070647	protein modification by small protein conjugation or removal	biological_process	24	924	771	34268	1.15	2.640e-01	6.767e-01		LOC120017705,LOC120026446,LOC120031034,LOC120031117,LOC120031228,LOC120032422,LOC120034098,LOC120034437,LOC120034746,LOC120034786,LOC120034990,LOC120036222,LOC120037120,LOC120037590,LOC120038269,LOC120041291,LOC120041949,LOC120042770,LOC120046258,LOC120047579,LOC120048342,LOC120048863,ube3d,ufc1
GO:0009166	nucleotide catabolic process	biological_process	4	924	97	34268	1.53	2.661e-01	6.805e-01		LOC120028888,LOC120031389,LOC120036192,LOC120048719
GO:0009894	regulation of catabolic process	biological_process	13	924	394	34268	1.22	2.681e-01	6.809e-01		LOC120031037,LOC120031228,LOC120031686,LOC120032389,LOC120034316,LOC120035303,LOC120042781,LOC120043430,LOC120044165,LOC120044693,LOC120048342,LOC120066511,fbxo7
GO:1901292	nucleoside phosphate catabolic process	biological_process	5	924	129	34268	1.44	2.689e-01	6.809e-01		LOC120028888,LOC120031389,LOC120036192,LOC120048719,LOC120053044
GO:0031984	organelle subcompartment	cellular_component	24	924	774	34268	1.15	2.702e-01	6.809e-01		LOC120030879,LOC120031063,LOC120031097,LOC120031222,LOC120031319,LOC120032387,LOC120032511,LOC120032586,LOC120032593,LOC120034415,LOC120035303,LOC120037627,LOC120039387,LOC120039669,LOC120040358,LOC120041723,LOC120043641,LOC120043819,LOC120044077,LOC120048357,LOC120052417,LOC120066511,c3h17orf75,tusc3
GO:0009190	cyclic nucleotide biosynthetic process	biological_process	3	924	67	34268	1.66	2.704e-01	6.809e-01		LOC120031336,LOC120039945,LOC120053338
GO:0017156	calcium-ion regulated exocytosis	biological_process	3	924	67	34268	1.66	2.704e-01	6.809e-01		LOC120031527,rims1b,rims2a
GO:0006406	mRNA export from nucleus	biological_process	3	924	67	34268	1.66	2.704e-01	6.809e-01		LOC120027915,LOC120038576,tpra
GO:0048193	Golgi vesicle transport	biological_process	12	924	361	34268	1.23	2.707e-01	6.809e-01		LOC120018151,LOC120031063,LOC120031097,LOC120031673,LOC120031991,LOC120036232,LOC120039387,LOC120039669,LOC120041723,LOC120043641,LOC120048677,LOC120056951
GO:0044782	cilium organization	biological_process	10	924	294	34268	1.26	2.720e-01	6.809e-01		LOC120030986,LOC120032733,LOC120039074,LOC120040457,LOC120042401,LOC120042781,LOC120043638,LOC120045821,LOC120047746,flr
GO:0072523	purine-containing compound catabolic process	biological_process	4	924	98	34268	1.51	2.721e-01	6.809e-01		LOC120028888,LOC120031389,LOC120036192,LOC120048719
GO:0140101	catalytic activity, acting on a tRNA	molecular_function	5	924	130	34268	1.43	2.741e-01	6.809e-01		LOC120017954,LOC120024894,LOC120037503,LOC120048755,LOC120053043
GO:0016070	RNA metabolic process	biological_process	37	924	1233	34268	1.11	2.743e-01	6.809e-01		LOC120018359,LOC120020490,LOC120022234,LOC120024894,LOC120028545,LOC120031161,LOC120032297,LOC120032524,LOC120032603,LOC120033011,LOC120033308,LOC120034190,LOC120034192,LOC120034240,LOC120036183,LOC120037503,LOC120038576,LOC120038866,LOC120040282,LOC120041602,LOC120042479,LOC120042594,LOC120042770,LOC120043430,LOC120044077
GO:0042254	ribosome biogenesis	biological_process	10	924	295	34268	1.26	2.754e-01	6.809e-01		LOC120018359,LOC120020490,LOC120022514,LOC120032565,LOC120032603,LOC120038866,LOC120041602,LOC120048439,LOC120048678,LOC120053876
GO:0140546	defense response to symbiont	biological_process	6	924	163	34268	1.37	2.776e-01	6.809e-01		LOC120037603,LOC120042734,LOC120044602,LOC120044603,LOC120047575,adam15
GO:0098542	defense response to other organism	biological_process	6	924	163	34268	1.37	2.776e-01	6.809e-01		LOC120037603,LOC120042734,LOC120044602,LOC120044603,LOC120047575,adam15
GO:0008009	chemokine activity	molecular_function	3	924	68	34268	1.64	2.777e-01	6.809e-01		LOC120037603,LOC120044602,LOC120044603
GO:0071216	cellular response to biotic stimulus	biological_process	3	924	68	34268	1.64	2.777e-01	6.809e-01		LOC120037603,LOC120044602,LOC120044603
GO:0016877	ligase activity, forming carbon-sulfur bonds	molecular_function	3	924	68	34268	1.64	2.777e-01	6.809e-01		LOC120034531,LOC120038269,LOC120041848
GO:0045765	regulation of angiogenesis	biological_process	3	924	68	34268	1.64	2.777e-01	6.809e-01		LOC120030901,LOC120031035,LOC120038680
GO:1901342	regulation of vasculature development	biological_process	3	924	68	34268	1.64	2.777e-01	6.809e-01		LOC120030901,LOC120031035,LOC120038680
GO:0005684	U2-type spliceosomal complex	cellular_component	3	924	68	34268	1.64	2.777e-01	6.809e-01		LOC120032524,LOC120036183,ccdc12
GO:0005198	structural molecule activity	molecular_function	29	924	953	34268	1.13	2.779e-01	6.809e-01		LOC120017705,LOC120017751,LOC120017841,LOC120020490,LOC120022514,LOC120027795,LOC120031991,LOC120034119,LOC120034426,LOC120034438,LOC120036149,LOC120036279,LOC120037910,LOC120039569,LOC120039599,LOC120041978,LOC120048678,LOC120049196,LOC120050159,LOC120050560,LOC120050565,LOC120050566,LOC120050580,LOC120050862,LOC120050864
GO:0032787	monocarboxylic acid metabolic process	biological_process	11	924	330	34268	1.24	2.796e-01	6.835e-01		LOC120024893,LOC120033335,LOC120033928,LOC120035040,LOC120035180,LOC120036192,LOC120036917,LOC120039518,LOC120041644,LOC120041848,LOC120048719
GO:0009897	external side of plasma membrane	cellular_component	9	924	263	34268	1.27	2.808e-01	6.851e-01		LOC120026887,LOC120026889,LOC120032458,LOC120034230,LOC120036053,LOC120038648,LOC120044599,LOC120047732,LOC120049292
GO:0030276	clathrin binding	molecular_function	4	924	100	34268	1.48	2.841e-01	6.886e-01		LOC120031527,LOC120032511,LOC120048691,snap91a
GO:0098852	lytic vacuole membrane	cellular_component	4	924	100	34268	1.48	2.841e-01	6.886e-01		LOC120030876,LOC120031319,LOC120031696,LOC120032389
GO:0005765	lysosomal membrane	cellular_component	4	924	100	34268	1.48	2.841e-01	6.886e-01		LOC120030876,LOC120031319,LOC120031696,LOC120032389
GO:0015850	organic hydroxy compound transport	biological_process	3	924	69	34268	1.61	2.851e-01	6.886e-01		LOC120028812,LOC120048357,LOC120048806
GO:1990782	protein tyrosine kinase binding	molecular_function	3	924	69	34268	1.61	2.851e-01	6.886e-01		LOC120036053,LOC120047732,LOC120048816
GO:0099572	postsynaptic specialization	cellular_component	8	924	231	34268	1.28	2.861e-01	6.899e-01		LOC120023137,LOC120032361,LOC120032372,LOC120034033,LOC120040628,LOC120047712,LOC120050074,arhgap44a
GO:0006364	rRNA processing	biological_process	7	924	198	34268	1.31	2.871e-01	6.909e-01		LOC120018359,LOC120020490,LOC120032603,LOC120038866,LOC120041602,LOC120048439,LOC120053876
GO:0010467	gene expression	biological_process	57	924	1957	34268	1.08	2.910e-01	6.954e-01		LOC120017705,LOC120018157,LOC120018359,LOC120020490,LOC120022234,LOC120022514,LOC120024894,LOC120027915,LOC120028545,LOC120031161,LOC120031284,LOC120032297,LOC120032387,LOC120032524,LOC120032603,LOC120033009,LOC120033011,LOC120033308,LOC120034190,LOC120034192,LOC120034240,LOC120034438,LOC120034532,LOC120034803,LOC120036149
GO:0098739	import across plasma membrane	biological_process	6	924	166	34268	1.34	2.915e-01	6.954e-01		LOC120023380,LOC120029350,LOC120029915,LOC120034271,LOC120036666,slc8a2b
GO:0042379	chemokine receptor binding	molecular_function	3	924	70	34268	1.59	2.924e-01	6.954e-01		LOC120037603,LOC120044602,LOC120044603
GO:0045104	intermediate filament cytoskeleton organization	biological_process	3	924	70	34268	1.59	2.924e-01	6.954e-01		LOC120017751,LOC120017841,LOC120027795
GO:0045103	intermediate filament-based process	biological_process	3	924	70	34268	1.59	2.924e-01	6.954e-01		LOC120017751,LOC120017841,LOC120027795
GO:0071011	precatalytic spliceosome	cellular_component	3	924	70	34268	1.59	2.924e-01	6.954e-01		LOC120051978,si:ch211-197h24.6,wbp4
GO:0007420	brain development	biological_process	6	924	167	34268	1.33	2.962e-01	7.008e-01		LOC120028632,LOC120032388,LOC120033014,LOC120037661,LOC120043662,pou3f2b
GO:0060322	head development	biological_process	6	924	167	34268	1.33	2.962e-01	7.008e-01		LOC120028632,LOC120032388,LOC120033014,LOC120037661,LOC120043662,pou3f2b
GO:0043687	post-translational protein modification	biological_process	24	924	787	34268	1.13	2.973e-01	7.008e-01		LOC120017705,LOC120026446,LOC120031034,LOC120031117,LOC120031228,LOC120032422,LOC120034098,LOC120034437,LOC120034746,LOC120034786,LOC120034990,LOC120036222,LOC120037120,LOC120037590,LOC120038269,LOC120041291,LOC120041949,LOC120042770,LOC120046258,LOC120047579,LOC120048342,LOC120048863,ube3d,ufc1
GO:0000776	kinetochore	cellular_component	3	924	71	34268	1.57	2.998e-01	7.008e-01		LOC120031076,LOC120036343,ndel1b
GO:0048167	regulation of synaptic plasticity	biological_process	3	924	71	34268	1.57	2.998e-01	7.008e-01		LOC120034033,rims1b,rims2a
GO:0042255	ribosome assembly	biological_process	3	924	71	34268	1.57	2.998e-01	7.008e-01		LOC120020490,LOC120022514,LOC120048678
GO:0051028	mRNA transport	biological_process	3	924	71	34268	1.57	2.998e-01	7.008e-01		LOC120027915,LOC120038576,tpra
GO:0005793	endoplasmic reticulum-Golgi intermediate compartment	cellular_component	3	924	71	34268	1.57	2.998e-01	7.008e-01		LOC120031991,LOC120042628,LOC120049179
GO:0006888	endoplasmic reticulum to Golgi vesicle-mediated transport	biological_process	7	924	201	34268	1.29	2.999e-01	7.008e-01		LOC120031097,LOC120031991,LOC120039387,LOC120039669,LOC120041723,LOC120043641,LOC120056951
GO:0022604	regulation of cell morphogenesis	biological_process	4	924	103	34268	1.44	3.022e-01	7.049e-01		LOC120033099,LOC120041415,LOC120044712,plxnb2a.3
GO:0015291	secondary active transmembrane transporter activity	molecular_function	10	924	303	34268	1.22	3.027e-01	7.049e-01		LOC120018572,LOC120028812,LOC120033247,LOC120034039,LOC120037346,LOC120041002,LOC120051445,LOC120061633,slc24a5,slc8a2b
GO:0015031	protein transport	biological_process	26	924	861	34268	1.12	3.047e-01	7.080e-01		LOC120024345,LOC120031222,LOC120031420,LOC120031991,LOC120032001,LOC120032361,LOC120032372,LOC120032565,LOC120032787,LOC120036232,LOC120039387,LOC120039669,LOC120040628,LOC120041723,LOC120042735,LOC120043641,LOC120047712,LOC120047812,LOC120048677,LOC120050816,LOC120052417,LOC120056951,arhgap44a,rims1b,rims2a
GO:0051259	protein complex oligomerization	biological_process	6	924	169	34268	1.32	3.056e-01	7.084e-01		LOC120024697,LOC120024865,LOC120030836,LOC120034357,LOC120039924,LOC120056459
GO:0005789	endoplasmic reticulum membrane	cellular_component	17	924	546	34268	1.15	3.068e-01	7.084e-01		LOC120030879,LOC120031097,LOC120031222,LOC120032387,LOC120032593,LOC120034415,LOC120035303,LOC120037627,LOC120039387,LOC120039669,LOC120040358,LOC120041723,LOC120043641,LOC120044077,LOC120048357,LOC120066511,tusc3
GO:0052652	cyclic purine nucleotide metabolic process	biological_process	3	924	72	34268	1.55	3.072e-01	7.084e-01		LOC120028888,LOC120031336,LOC120053338
GO:0007010	cytoskeleton organization	biological_process	39	924	1324	34268	1.09	3.073e-01	7.084e-01		LOC120017751,LOC120017841,LOC120018348,LOC120024699,LOC120024763,LOC120025446,LOC120026064,LOC120027795,LOC120029007,LOC120031126,LOC120031673,LOC120032010,LOC120032585,LOC120033735,LOC120034119,LOC120036153,LOC120036343,LOC120036510,LOC120037120,LOC120037336,LOC120038700,LOC120039569,LOC120039599,LOC120041450,LOC120042401
GO:0060395	SMAD protein signal transduction	biological_process	4	924	104	34268	1.43	3.083e-01	7.084e-01		LOC120031138,LOC120031528,LOC120050520,mstnb
GO:0048638	regulation of developmental growth	biological_process	4	924	104	34268	1.43	3.083e-01	7.084e-01	Y	LOC120032586,LOC120036154,LOC120039573,LOC120065853
GO:0141187	nucleic acid biosynthetic process	biological_process	32	924	1076	34268	1.1	3.095e-01	7.090e-01		LOC120018359,LOC120020490,LOC120022234,LOC120028545,LOC120031161,LOC120032297,LOC120032524,LOC120032603,LOC120033011,LOC120033308,LOC120034190,LOC120034192,LOC120034240,LOC120036183,LOC120037503,LOC120038576,LOC120038866,LOC120040282,LOC120041602,LOC120042594,LOC120042770,LOC120044077,LOC120046250,LOC120046301,LOC120048439
GO:0051094	positive regulation of developmental process	biological_process	8	924	237	34268	1.25	3.097e-01	7.090e-01		LOC120025342,LOC120031035,LOC120031126,LOC120032586,LOC120036154,LOC120039573,LOC120041415,plxnb2a.3
GO:0016763	pentosyltransferase activity	molecular_function	5	924	137	34268	1.35	3.107e-01	7.091e-01		LOC120031369,LOC120035316,LOC120035658,LOC120037165,LOC120041860
GO:0048699	generation of neurons	biological_process	23	924	759	34268	1.12	3.129e-01	7.091e-01		LOC120023180,LOC120023487,LOC120031026,LOC120032388,LOC120032586,LOC120032645,LOC120033116,LOC120033253,LOC120036154,LOC120037273,LOC120039074,LOC120039569,LOC120039573,LOC120041415,LOC120042747,LOC120043283,LOC120043662,LOC120044712,LOC120048721,LOC120052410,LOC120053918,LOC120065853,plxnb2a.3
GO:0006631	fatty acid metabolic process	biological_process	8	924	238	34268	1.25	3.137e-01	7.091e-01	Y	LOC120024893,LOC120033335,LOC120033928,LOC120035040,LOC120035180,LOC120039518,LOC120041644,LOC120041848
GO:0030864	cortical actin cytoskeleton	cellular_component	4	924	105	34268	1.41	3.144e-01	7.091e-01		LOC120032585,LOC120036510,LOC120043099,LOC120050816
GO:0000779	condensed chromosome, centromeric region	cellular_component	3	924	73	34268	1.52	3.146e-01	7.091e-01		LOC120031076,LOC120036343,ndel1b
GO:0061136	regulation of proteasomal protein catabolic process	biological_process	3	924	73	34268	1.52	3.146e-01	7.091e-01		LOC120031228,LOC120042781,LOC120048342
GO:0031514	motile cilium	cellular_component	3	924	73	34268	1.52	3.146e-01	7.091e-01		LOC120024763,LOC120042401,LOC120043638
GO:0005783	endoplasmic reticulum	cellular_component	34	924	1150	34268	1.1	3.146e-01	7.091e-01		LOC120018360,LOC120020464,LOC120028326,LOC120030879,LOC120031097,LOC120031120,LOC120031222,LOC120031281,LOC120031445,LOC120031991,LOC120032387,LOC120032586,LOC120032593,LOC120033736,LOC120034075,LOC120034086,LOC120034415,LOC120035303,LOC120037627,LOC120039387,LOC120039669,LOC120040358,LOC120041723,LOC120042352,LOC120042628
GO:0034705	potassium channel complex	cellular_component	5	924	138	34268	1.34	3.160e-01	7.091e-01		LOC120026774,LOC120039924,LOC120040197,LOC120043461,LOC120056459
GO:0007411	axon guidance	biological_process	9	924	273	34268	1.22	3.175e-01	7.091e-01		LOC120023487,LOC120031026,LOC120033253,LOC120041415,LOC120044712,LOC120052410,LOC120053918,LOC120065853,plxnb2a.3
GO:0097485	neuron projection guidance	biological_process	9	924	273	34268	1.22	3.175e-01	7.091e-01		LOC120023487,LOC120031026,LOC120033253,LOC120041415,LOC120044712,LOC120052410,LOC120053918,LOC120065853,plxnb2a.3
GO:0044391	ribosomal subunit	cellular_component	8	924	239	34268	1.24	3.177e-01	7.091e-01		LOC120020490,LOC120022514,LOC120034438,LOC120036149,LOC120036279,LOC120048678,LOC120049196,LOC120050159
GO:0032870	cellular response to hormone stimulus	biological_process	8	924	239	34268	1.24	3.177e-01	7.091e-01		LOC120032118,LOC120033116,LOC120034531,LOC120035602,LOC120036098,LOC120041392,LOC120048677,rxrbb
GO:0030182	neuron differentiation	biological_process	22	924	726	34268	1.12	3.179e-01	7.091e-01		LOC120023180,LOC120023487,LOC120031026,LOC120032388,LOC120032586,LOC120032645,LOC120033116,LOC120033253,LOC120036154,LOC120037273,LOC120039074,LOC120039573,LOC120041415,LOC120042747,LOC120043283,LOC120043662,LOC120044712,LOC120048721,LOC120052410,LOC120053918,LOC120065853,plxnb2a.3
GO:0032271	regulation of protein polymerization	biological_process	6	924	172	34268	1.29	3.197e-01	7.110e-01		LOC120029007,LOC120031890,LOC120033735,LOC120034600,LOC120041450,LOC120060841
GO:0001664	G protein-coupled receptor binding	molecular_function	10	924	308	34268	1.2	3.202e-01	7.110e-01		LOC120019203,LOC120032118,LOC120032517,LOC120037603,LOC120042238,LOC120042240,LOC120043283,LOC120044602,LOC120044603,LOC120048721
GO:0051052	regulation of DNA metabolic process	biological_process	4	924	106	34268	1.4	3.205e-01	7.110e-01		LOC120031034,LOC120034065,LOC120037590,LOC120043218
GO:0006400	tRNA modification	biological_process	3	924	74	34268	1.5	3.220e-01	7.119e-01		LOC120033011,LOC120037503,LOC120046250
GO:0042175	nuclear outer membrane-endoplasmic reticulum membrane network	cellular_component	17	924	552	34268	1.14	3.224e-01	7.119e-01		LOC120030879,LOC120031097,LOC120031222,LOC120032387,LOC120032593,LOC120034415,LOC120035303,LOC120037627,LOC120039387,LOC120039669,LOC120040358,LOC120041723,LOC120043641,LOC120044077,LOC120048357,LOC120066511,tusc3
GO:0034654	nucleobase-containing compound biosynthetic process	biological_process	40	924	1369	34268	1.08	3.227e-01	7.119e-01		LOC120018359,LOC120020490,LOC120022234,LOC120028545,LOC120031161,LOC120031336,LOC120032297,LOC120032524,LOC120032603,LOC120033011,LOC120033308,LOC120033928,LOC120034190,LOC120034192,LOC120034240,LOC120034662,LOC120034978,LOC120036183,LOC120037503,LOC120038576,LOC120038866,LOC120039945,LOC120040282,LOC120041602,LOC120042594
GO:0045177	apical part of cell	cellular_component	5	924	140	34268	1.32	3.266e-01	7.138e-01		LOC120033099,LOC120037504,LOC120044113,LOC120044681,LOC120051445
GO:0001558	regulation of cell growth	biological_process	4	924	107	34268	1.39	3.266e-01	7.138e-01	Y	LOC120032586,LOC120036154,LOC120039573,LOC120065853
GO:1901700	response to oxygen-containing compound	biological_process	12	924	379	34268	1.17	3.266e-01	7.138e-01	Y	LOC120024704,LOC120033116,LOC120033892,LOC120034531,LOC120035602,LOC120036098,LOC120037603,LOC120041392,LOC120044602,LOC120044603,LOC120048677,rxrbb
GO:1901701	cellular response to oxygen-containing compound	biological_process	10	924	310	34268	1.2	3.272e-01	7.138e-01	Y	LOC120024704,LOC120033116,LOC120033892,LOC120035602,LOC120036098,LOC120037603,LOC120041392,LOC120044602,LOC120044603,LOC120048677
GO:0006694	steroid biosynthetic process	biological_process	3	924	75	34268	1.48	3.294e-01	7.138e-01		LOC120031445,LOC120035602,LOC120040629
GO:0005798	Golgi-associated vesicle	cellular_component	3	924	75	34268	1.48	3.294e-01	7.138e-01		LOC120031991,LOC120032511,LOC120048677
GO:0044325	transmembrane transporter binding	molecular_function	3	924	75	34268	1.48	3.294e-01	7.138e-01		LOC120052651,rims1b,rims2a
GO:0007204	positive regulation of cytosolic calcium ion concentration	biological_process	3	924	75	34268	1.48	3.294e-01	7.138e-01		LOC120022365,LOC120022366,LOC120034275
GO:0006090	pyruvate metabolic process	biological_process	3	924	75	34268	1.48	3.294e-01	7.138e-01		LOC120036192,LOC120036917,LOC120048719
GO:0032868	response to insulin	biological_process	3	924	75	34268	1.48	3.294e-01	7.138e-01		LOC120034531,LOC120041392,LOC120048677
GO:0008083	growth factor activity	molecular_function	7	924	208	34268	1.25	3.300e-01	7.139e-01	Y	LOC120023180,LOC120031138,LOC120032526,LOC120036154,LOC120039573,LOC120050520,mstnb
GO:0044309	neuron spine	cellular_component	4	924	108	34268	1.37	3.328e-01	7.173e-01		LOC120034033,LOC120048723,apba2b,arhgap44a
GO:0043197	dendritic spine	cellular_component	4	924	108	34268	1.37	3.328e-01	7.173e-01		LOC120034033,LOC120048723,apba2b,arhgap44a
GO:0006955	immune response	biological_process	17	924	557	34268	1.13	3.356e-01	7.221e-01	Y	LOC120018157,LOC120026887,LOC120026889,LOC120032458,LOC120033129,LOC120033438,LOC120034230,LOC120036770,LOC120036924,LOC120037498,LOC120037603,LOC120038648,LOC120042734,LOC120044602,LOC120044603,LOC120047575,adam15
GO:0016072	rRNA metabolic process	biological_process	7	924	210	34268	1.24	3.387e-01	7.253e-01		LOC120018359,LOC120020490,LOC120032603,LOC120038866,LOC120041602,LOC120048439,LOC120053876
GO:0120544	polypeptide conformation or assembly isomerase activity	molecular_function	6	924	176	34268	1.26	3.388e-01	7.253e-01		LOC120023431,LOC120024699,LOC120031210,LOC120036153,LOC120037336,psmc4
GO:0035966	response to topologically incorrect protein	biological_process	4	924	109	34268	1.36	3.389e-01	7.253e-01		LOC120017721,LOC120030879,LOC120044077,herpud2
GO:0032535	regulation of cellular component size	biological_process	9	924	279	34268	1.2	3.400e-01	7.264e-01		LOC120029007,LOC120031890,LOC120032586,LOC120034600,LOC120036154,LOC120039573,LOC120041450,LOC120060841,LOC120065853
GO:0070887	cellular response to chemical stimulus	biological_process	19	924	630	34268	1.12	3.417e-01	7.284e-01		LOC120017408,LOC120024704,LOC120024769,LOC120031527,LOC120032118,LOC120033116,LOC120033438,LOC120033892,LOC120034531,LOC120035602,LOC120036098,LOC120037603,LOC120041392,LOC120044602,LOC120044603,LOC120044844,LOC120047299,LOC120048677,rxrbb
GO:0022804	active transmembrane transporter activity	molecular_function	15	924	489	34268	1.14	3.421e-01	7.284e-01		LOC120018572,LOC120028812,LOC120030876,LOC120032125,LOC120033247,LOC120034039,LOC120035155,LOC120037346,LOC120038426,LOC120041002,LOC120046115,LOC120051445,LOC120061633,slc24a5,slc8a2b
GO:1902532	negative regulation of intracellular signal transduction	biological_process	6	924	177	34268	1.26	3.435e-01	7.302e-01		LOC120028326,LOC120032913,LOC120034316,LOC120034600,LOC120041392,arhgap44a
GO:0032880	regulation of protein localization	biological_process	4	924	110	34268	1.35	3.450e-01	7.317e-01		LOC120033099,LOC120033963,LOC120034415,LOC120066511
GO:0003735	structural constituent of ribosome	molecular_function	9	924	281	34268	1.19	3.475e-01	7.317e-01		LOC120017705,LOC120020490,LOC120022514,LOC120034438,LOC120036149,LOC120036279,LOC120048678,LOC120049196,LOC120050159
GO:0070603	SWI/SNF superfamily-type complex	cellular_component	4	924	111	34268	1.34	3.512e-01	7.317e-01		LOC120022769,LOC120031200,LOC120032373,LOC120048713
GO:0099106	ion channel regulator activity	molecular_function	4	924	111	34268	1.34	3.512e-01	7.317e-01		LOC120031470,LOC120032395,LOC120051648,scn1ba
GO:0007160	cell-matrix adhesion	biological_process	4	924	111	34268	1.34	3.512e-01	7.317e-01		LOC120036003,LOC120036502,LOC120039464,LOC120043675
GO:0009966	regulation of signal transduction	biological_process	40	924	1386	34268	1.07	3.514e-01	7.317e-01		LOC120019732,LOC120023137,LOC120028326,LOC120028632,LOC120028901,LOC120031008,LOC120031035,LOC120031126,LOC120031395,LOC120032361,LOC120032372,LOC120032389,LOC120032517,LOC120032526,LOC120032913,LOC120033907,LOC120034033,LOC120034098,LOC120034316,LOC120034415,LOC120034600,LOC120035184,LOC120036053,LOC120037120,LOC120037504
GO:0045121	membrane raft	cellular_component	3	924	78	34268	1.43	3.516e-01	7.317e-01		LOC120036053,LOC120047732,LOC120051466
GO:0098857	membrane microdomain	cellular_component	3	924	78	34268	1.43	3.516e-01	7.317e-01		LOC120036053,LOC120047732,LOC120051466
GO:0043022	ribosome binding	molecular_function	3	924	78	34268	1.43	3.516e-01	7.317e-01		LOC120039671,LOC120042553,LOC120049361
GO:0005310	dicarboxylic acid transmembrane transporter activity	molecular_function	5	924	145	34268	1.28	3.532e-01	7.317e-01		LOC120026774,LOC120033247,LOC120043461,LOC120051445,LOC120056477
GO:0072594	establishment of protein localization to organelle	biological_process	9	924	283	34268	1.18	3.551e-01	7.317e-01		LOC120032001,LOC120032361,LOC120032372,LOC120032787,LOC120034075,LOC120040628,LOC120042735,LOC120047712,tpra
GO:2000026	regulation of multicellular organismal development	biological_process	12	924	388	34268	1.15	3.555e-01	7.317e-01		LOC120019167,LOC120025342,LOC120030901,LOC120031035,LOC120032389,LOC120032586,LOC120036154,LOC120038680,LOC120039573,LOC120041415,LOC120065853,plxnb2a.3
GO:0048018	receptor ligand activity	molecular_function	19	924	636	34268	1.11	3.568e-01	7.317e-01		LOC120023180,LOC120024769,LOC120031138,LOC120032118,LOC120032526,LOC120035363,LOC120036154,LOC120037603,LOC120039573,LOC120043283,LOC120044080,LOC120044602,LOC120044603,LOC120047299,LOC120048721,LOC120050520,LOC120053338,LOC120065853,mstnb
GO:0007009	plasma membrane organization	biological_process	4	924	112	34268	1.32	3.573e-01	7.317e-01		LOC120033985,LOC120042700,LOC120050578,LOC120060841
GO:0090150	establishment of protein localization to membrane	biological_process	6	924	180	34268	1.24	3.579e-01	7.317e-01		LOC120032001,LOC120032448,LOC120032593,LOC120042238,LOC120042240,arhgap44a
GO:0140375	immune receptor activity	molecular_function	5	924	146	34268	1.27	3.586e-01	7.317e-01	Y	LOC120022365,LOC120022366,LOC120032458,LOC120033438,LOC120034230
GO:0030837	negative regulation of actin filament polymerization	biological_process	3	924	79	34268	1.41	3.590e-01	7.317e-01		LOC120029007,LOC120034600,LOC120041450
GO:0032272	negative regulation of protein polymerization	biological_process	3	924	79	34268	1.41	3.590e-01	7.317e-01		LOC120029007,LOC120034600,LOC120041450
GO:0005921	gap junction	cellular_component	3	924	79	34268	1.41	3.590e-01	7.317e-01		LOC120033263,LOC120033737,LOC120034378
GO:0005922	connexin complex	cellular_component	3	924	79	34268	1.41	3.590e-01	7.317e-01		LOC120033263,LOC120033737,LOC120034378
GO:0001933	negative regulation of protein phosphorylation	biological_process	3	924	79	34268	1.41	3.590e-01	7.317e-01		LOC120028326,LOC120030768,LOC120048363
GO:0009154	purine ribonucleotide catabolic process	biological_process	3	924	79	34268	1.41	3.590e-01	7.317e-01		LOC120028888,LOC120036192,LOC120048719
GO:0009261	ribonucleotide catabolic process	biological_process	3	924	79	34268	1.41	3.590e-01	7.317e-01		LOC120028888,LOC120036192,LOC120048719
GO:0044087	regulation of cellular component biogenesis	biological_process	11	924	354	34268	1.15	3.592e-01	7.317e-01		LOC120024345,LOC120029007,LOC120031890,LOC120033099,LOC120033735,LOC120034600,LOC120035303,LOC120041450,LOC120060841,LOC120062569,LOC120066511
GO:0000902	cell morphogenesis	biological_process	15	924	495	34268	1.12	3.593e-01	7.317e-01		LOC120023487,LOC120031026,LOC120031126,LOC120032388,LOC120033253,LOC120036154,LOC120039573,LOC120041415,LOC120044712,LOC120052362,LOC120052410,LOC120053918,LOC120065853,cdh17,plxnb2a.3
GO:0099513	polymeric cytoskeletal fiber	cellular_component	14	924	461	34268	1.13	3.633e-01	7.377e-01	Y	LOC120017751,LOC120017841,LOC120024763,LOC120025446,LOC120027795,LOC120031577,LOC120033735,LOC120034119,LOC120039569,LOC120041450,LOC120042781,LOC120065794,LOC120066791,flr
GO:0140534	endoplasmic reticulum protein-containing complex	cellular_component	4	924	113	34268	1.31	3.634e-01	7.377e-01		LOC120030879,LOC120040358,LOC120044077,tusc3
GO:0002682	regulation of immune system process	biological_process	13	924	426	34268	1.13	3.643e-01	7.384e-01	Y	LOC120018157,LOC120019052,LOC120022365,LOC120022366,LOC120032389,LOC120035113,LOC120035244,LOC120035959,LOC120036770,LOC120036924,LOC120037498,LOC120043709,LOC120049292
GO:0065003	protein-containing complex assembly	biological_process	25	924	854	34268	1.09	3.655e-01	7.387e-01		LOC120018157,LOC120018359,LOC120020490,LOC120022514,LOC120024697,LOC120024865,LOC120030836,LOC120031673,LOC120033012,LOC120033735,LOC120034357,LOC120036183,LOC120036343,LOC120036770,LOC120036924,LOC120036997,LOC120037498,LOC120039924,LOC120046306,LOC120048678,LOC120048708,LOC120049092,LOC120056459,ndel1b,snap91a
GO:0019901	protein kinase binding	molecular_function	8	924	251	34268	1.18	3.661e-01	7.387e-01		LOC120030768,LOC120032913,LOC120036053,LOC120044712,LOC120047732,LOC120048816,LOC120051466,fbxo7
GO:0032006	regulation of TOR signaling	biological_process	3	924	80	34268	1.39	3.664e-01	7.387e-01		LOC120032389,LOC120034316,LOC120041392
GO:0030546	signaling receptor activator activity	molecular_function	19	924	640	34268	1.1	3.669e-01	7.387e-01		LOC120023180,LOC120024769,LOC120031138,LOC120032118,LOC120032526,LOC120035363,LOC120036154,LOC120037603,LOC120039573,LOC120043283,LOC120044080,LOC120044602,LOC120044603,LOC120047299,LOC120048721,LOC120050520,LOC120053338,LOC120065853,mstnb
GO:0031461	cullin-RING ubiquitin ligase complex	cellular_component	6	924	182	34268	1.22	3.675e-01	7.387e-01		LOC120017880,LOC120031496,LOC120032839,LOC120034357,LOC120035718,LOC120038696
GO:0002376	immune system process	biological_process	23	924	784	34268	1.09	3.693e-01	7.398e-01	Y	LOC120018157,LOC120022365,LOC120022366,LOC120024769,LOC120026887,LOC120026889,LOC120032458,LOC120033129,LOC120033438,LOC120034230,LOC120036053,LOC120036770,LOC120036924,LOC120037498,LOC120037603,LOC120038648,LOC120042734,LOC120044602,LOC120044603,LOC120047299,LOC120047575,LOC120047732,adam15
GO:0010639	negative regulation of organelle organization	biological_process	5	924	148	34268	1.25	3.693e-01	7.398e-01		LOC120029007,LOC120031076,LOC120034600,LOC120035303,LOC120041450
GO:0005681	spliceosomal complex	cellular_component	8	924	252	34268	1.18	3.702e-01	7.404e-01		LOC120032524,LOC120034190,LOC120036183,LOC120048362,LOC120051978,ccdc12,si:ch211-197h24.6,wbp4
GO:0098552	side of membrane	cellular_component	14	924	464	34268	1.12	3.723e-01	7.416e-01		LOC120024704,LOC120026887,LOC120026889,LOC120031456,LOC120032458,LOC120033963,LOC120034230,LOC120034244,LOC120036053,LOC120037504,LOC120038648,LOC120044599,LOC120047732,LOC120049292
GO:0006399	tRNA metabolic process	biological_process	6	924	183	34268	1.22	3.723e-01	7.416e-01		LOC120024894,LOC120033011,LOC120037503,LOC120046250,LOC120049121,LOC120053043
GO:0015629	actin cytoskeleton	cellular_component	20	924	678	34268	1.09	3.726e-01	7.416e-01		LOC120017465,LOC120018338,LOC120024699,LOC120025446,LOC120030983,LOC120032585,LOC120033099,LOC120036510,LOC120037336,LOC120037871,LOC120038593,LOC120038744,LOC120041450,LOC120043099,LOC120045555,LOC120045821,LOC120050816,LOC120062569,LOC120065794,LOC120066791
GO:0016324	apical plasma membrane	cellular_component	4	924	115	34268	1.29	3.757e-01	7.463e-01		LOC120037504,LOC120044113,LOC120044681,LOC120051445
GO:0005815	microtubule organizing center	cellular_component	11	924	359	34268	1.14	3.762e-01	7.463e-01		LOC120018348,LOC120024763,LOC120025446,LOC120026064,LOC120031656,LOC120036343,LOC120038700,LOC120039074,LOC120040457,cntln,ndel1b
GO:0008237	metallopeptidase activity	molecular_function	10	924	324	34268	1.14	3.772e-01	7.471e-01		LOC120017348,LOC120024764,LOC120026242,LOC120032113,LOC120042338,LOC120043413,LOC120046306,LOC120066716,adam15,dpep1
GO:0120036	plasma membrane bounded cell projection organization	biological_process	24	924	824	34268	1.08	3.786e-01	7.472e-01		LOC120023487,LOC120030986,LOC120031026,LOC120032388,LOC120032586,LOC120032645,LOC120032733,LOC120033253,LOC120036154,LOC120039074,LOC120039573,LOC120040457,LOC120041415,LOC120042401,LOC120042781,LOC120043638,LOC120044712,LOC120045821,LOC120047746,LOC120052410,LOC120053918,LOC120065853,flr,plxnb2a.3
GO:0033993	response to lipid	biological_process	5	924	150	34268	1.24	3.800e-01	7.472e-01	Y	LOC120033892,LOC120037603,LOC120044602,LOC120044603,rxrbb
GO:0042176	regulation of protein catabolic process	biological_process	5	924	150	34268	1.24	3.800e-01	7.472e-01		LOC120031037,LOC120031228,LOC120042781,LOC120044693,LOC120048342
GO:0030118	clathrin coat	cellular_component	3	924	82	34268	1.36	3.811e-01	7.472e-01		LOC120032511,LOC120047812,LOC120048691
GO:0042383	sarcolemma	cellular_component	3	924	82	34268	1.36	3.811e-01	7.472e-01		LOC120031574,LOC120032395,slc8a2b
GO:0140297	DNA-binding transcription factor binding	molecular_function	3	924	82	34268	1.36	3.811e-01	7.472e-01		LOC120030836,LOC120033116,LOC120036098
GO:0048583	regulation of response to stimulus	biological_process	49	924	1733	34268	1.05	3.861e-01	7.472e-01		LOC120019732,LOC120022365,LOC120022366,LOC120023137,LOC120024769,LOC120028326,LOC120028632,LOC120028901,LOC120031008,LOC120031034,LOC120031035,LOC120031126,LOC120031395,LOC120032361,LOC120032372,LOC120032389,LOC120032517,LOC120032526,LOC120032913,LOC120033907,LOC120034033,LOC120034065,LOC120034098,LOC120034316,LOC120034415
GO:0060627	regulation of vesicle-mediated transport	biological_process	7	924	221	34268	1.17	3.870e-01	7.472e-01		LOC120031527,LOC120033099,LOC120041637,LOC120042628,LOC120042700,LOC120043074,LOC120048677
GO:0009165	nucleotide biosynthetic process	biological_process	7	924	221	34268	1.17	3.870e-01	7.472e-01		LOC120031336,LOC120034662,LOC120034978,LOC120039945,LOC120046375,LOC120051245,LOC120053338
GO:0030659	cytoplasmic vesicle membrane	cellular_component	12	924	398	34268	1.12	3.881e-01	7.472e-01		LOC120019732,LOC120031673,LOC120031991,LOC120032511,LOC120042780,LOC120043705,LOC120047812,LOC120048691,LOC120052417,LOC120056477,LOC120056951,syngr3a
GO:0012506	vesicle membrane	cellular_component	12	924	398	34268	1.12	3.881e-01	7.472e-01		LOC120019732,LOC120031673,LOC120031991,LOC120032511,LOC120042780,LOC120043705,LOC120047812,LOC120048691,LOC120052417,LOC120056477,LOC120056951,syngr3a
GO:0045732	positive regulation of protein catabolic process	biological_process	3	924	83	34268	1.34	3.884e-01	7.472e-01		LOC120031228,LOC120042781,LOC120048342
GO:0044877	protein-containing complex binding	molecular_function	27	924	937	34268	1.07	3.894e-01	7.472e-01		LOC120017465,LOC120018157,LOC120018338,LOC120024699,LOC120030983,LOC120032001,LOC120032010,LOC120032585,LOC120034086,LOC120035264,LOC120036770,LOC120036924,LOC120037336,LOC120037498,LOC120037871,LOC120038593,LOC120038744,LOC120039671,LOC120041450,LOC120042553,LOC120045821,LOC120049361,LOC120056646,LOC120065794,LOC120066791
GO:0034655	nucleobase-containing compound catabolic process	biological_process	9	924	292	34268	1.14	3.895e-01	7.472e-01		LOC120028888,LOC120031369,LOC120031389,LOC120036192,LOC120042479,LOC120043430,LOC120048719,LOC120053044,rnaset2l
GO:0006396	RNA processing	biological_process	23	924	793	34268	1.08	3.901e-01	7.472e-01		LOC120018359,LOC120020490,LOC120032297,LOC120032524,LOC120032603,LOC120033011,LOC120033308,LOC120034190,LOC120034240,LOC120036183,LOC120037503,LOC120038576,LOC120038866,LOC120041602,LOC120042770,LOC120044077,LOC120046250,LOC120048439,LOC120048755,LOC120049103,LOC120051978,LOC120053876,wbp4
GO:0015294	solute:monoatomic cation symporter activity	molecular_function	5	924	152	34268	1.22	3.907e-01	7.472e-01		LOC120028812,LOC120033247,LOC120037346,LOC120041002,LOC120061633
GO:0051260	protein homooligomerization	biological_process	5	924	152	34268	1.22	3.907e-01	7.472e-01		LOC120024865,LOC120030836,LOC120034357,LOC120039924,LOC120056459
GO:0001817	regulation of cytokine production	biological_process	5	924	152	34268	1.22	3.907e-01	7.472e-01		LOC120019052,LOC120035244,LOC120035959,LOC120043709,LOC120049292
GO:0071495	cellular response to endogenous stimulus	biological_process	15	924	506	34268	1.1	3.910e-01	7.472e-01		LOC120023180,LOC120031138,LOC120031528,LOC120031652,LOC120032118,LOC120032586,LOC120033116,LOC120034531,LOC120035602,LOC120036098,LOC120036154,LOC120039573,LOC120041392,LOC120048677,rxrbb
GO:0048812	neuron projection morphogenesis	biological_process	12	924	399	34268	1.12	3.913e-01	7.472e-01		LOC120023487,LOC120031026,LOC120032388,LOC120033253,LOC120036154,LOC120039573,LOC120041415,LOC120044712,LOC120052410,LOC120053918,LOC120065853,plxnb2a.3
GO:0120039	plasma membrane bounded cell projection morphogenesis	biological_process	12	924	399	34268	1.12	3.913e-01	7.472e-01		LOC120023487,LOC120031026,LOC120032388,LOC120033253,LOC120036154,LOC120039573,LOC120041415,LOC120044712,LOC120052410,LOC120053918,LOC120065853,plxnb2a.3
GO:0048858	cell projection morphogenesis	biological_process	12	924	399	34268	1.12	3.913e-01	7.472e-01		LOC120023487,LOC120031026,LOC120032388,LOC120033253,LOC120036154,LOC120039573,LOC120041415,LOC120044712,LOC120052410,LOC120053918,LOC120065853,plxnb2a.3
GO:0098802	plasma membrane signaling receptor complex	cellular_component	7	924	222	34268	1.17	3.914e-01	7.472e-01		LOC120026774,LOC120032361,LOC120032372,LOC120034033,LOC120040628,LOC120043461,LOC120047712
GO:0030030	cell projection organization	biological_process	24	924	831	34268	1.07	3.945e-01	7.519e-01		LOC120023487,LOC120030986,LOC120031026,LOC120032388,LOC120032586,LOC120032645,LOC120032733,LOC120033253,LOC120036154,LOC120039074,LOC120039573,LOC120040457,LOC120041415,LOC120042401,LOC120042781,LOC120043638,LOC120044712,LOC120045821,LOC120047746,LOC120052410,LOC120053918,LOC120065853,flr,plxnb2a.3
GO:0042326	negative regulation of phosphorylation	biological_process	3	924	84	34268	1.32	3.957e-01	7.519e-01		LOC120028326,LOC120030768,LOC120048363
GO:0015908	fatty acid transport	biological_process	3	924	84	34268	1.32	3.957e-01	7.519e-01	Y	LOC120034531,LOC120042862,LOC120048724
GO:0005856	cytoskeleton	cellular_component	49	924	1741	34268	1.04	3.988e-01	7.556e-01		LOC120017465,LOC120017751,LOC120017841,LOC120018338,LOC120018348,LOC120024699,LOC120024763,LOC120025446,LOC120026064,LOC120027795,LOC120030983,LOC120031076,LOC120031126,LOC120031456,LOC120031462,LOC120031577,LOC120031656,LOC120032585,LOC120033099,LOC120033735,LOC120034119,LOC120036343,LOC120036510,LOC120037336,LOC120037504
GO:0044297	cell body	cellular_component	4	924	119	34268	1.25	4.001e-01	7.556e-01		LOC120023380,LOC120034271,LOC120036666,LOC120056459
GO:0043025	neuronal cell body	cellular_component	4	924	119	34268	1.25	4.001e-01	7.556e-01		LOC120023380,LOC120034271,LOC120036666,LOC120056459
GO:0008361	regulation of cell size	biological_process	4	924	119	34268	1.25	4.001e-01	7.556e-01		LOC120032586,LOC120036154,LOC120039573,LOC120065853
GO:0006405	RNA export from nucleus	biological_process	3	924	85	34268	1.31	4.030e-01	7.598e-01		LOC120027915,LOC120038576,tpra
GO:0005840	ribosome	cellular_component	9	924	296	34268	1.13	4.048e-01	7.606e-01		LOC120017705,LOC120020490,LOC120022514,LOC120034438,LOC120036149,LOC120036279,LOC120048678,LOC120049196,LOC120050159
GO:0000226	microtubule cytoskeleton organization	biological_process	16	924	547	34268	1.08	4.057e-01	7.606e-01		LOC120018348,LOC120024763,LOC120026064,LOC120031673,LOC120033735,LOC120034119,LOC120036153,LOC120036343,LOC120038700,LOC120039569,LOC120042401,LOC120042781,LOC120043638,LOC120050877,cntln,ndel1b
GO:0031267	small GTPase binding	molecular_function	6	924	190	34268	1.17	4.060e-01	7.606e-01		LOC120032565,LOC120034542,LOC120050816,LOC120052282,rims1b,rims2a
GO:0006897	endocytosis	biological_process	10	924	332	34268	1.12	4.061e-01	7.606e-01		LOC120032361,LOC120032372,LOC120040628,LOC120042781,LOC120044681,LOC120047712,LOC120047812,LOC120048691,LOC120048809,snap91a
GO:1902903	regulation of supramolecular fiber organization	biological_process	8	924	261	34268	1.14	4.070e-01	7.606e-01		LOC120029007,LOC120031890,LOC120033735,LOC120034600,LOC120041450,LOC120056646,LOC120060841,LOC120062569
GO:0019899	enzyme binding	molecular_function	26	924	909	34268	1.06	4.071e-01	7.606e-01		LOC120017705,LOC120026446,LOC120030768,LOC120030879,LOC120031228,LOC120031420,LOC120032001,LOC120032565,LOC120032913,LOC120034542,LOC120036053,LOC120041291,LOC120042628,LOC120044693,LOC120044712,LOC120047732,LOC120047790,LOC120048342,LOC120048816,LOC120050816,LOC120051466,LOC120052282,fbxo7,rims1b,rims2a
GO:0051051	negative regulation of transport	biological_process	3	924	86	34268	1.29	4.102e-01	7.621e-01		LOC120031470,LOC120042628,LOC120066511
GO:0034620	cellular response to unfolded protein	biological_process	3	924	86	34268	1.29	4.102e-01	7.621e-01		LOC120030879,LOC120044077,herpud2
GO:0016192	vesicle-mediated transport	biological_process	36	924	1274	34268	1.05	4.102e-01	7.621e-01		LOC120018151,LOC120019732,LOC120024345,LOC120031063,LOC120031097,LOC120031319,LOC120031527,LOC120031673,LOC120031991,LOC120032361,LOC120032372,LOC120032586,LOC120034098,LOC120034542,LOC120036232,LOC120039387,LOC120039669,LOC120040628,LOC120041723,LOC120042780,LOC120042781,LOC120043641,LOC120043705,LOC120044681,LOC120047712
GO:0098793	presynapse	cellular_component	11	924	369	34268	1.11	4.105e-01	7.621e-01		LOC120024345,LOC120026774,LOC120043461,LOC120048677,LOC120056477,arhgap44a,pnisr,rims1b,rims2a,snap91a,syngr3a
GO:0001216	DNA-binding transcription activator activity	molecular_function	5	924	156	34268	1.19	4.120e-01	7.621e-01		LOC120033014,LOC120035243,LOC120041396,LOC120041598,LOC120056877
GO:0001228	DNA-binding transcription activator activity, RNA polymerase II-specific	molecular_function	5	924	156	34268	1.19	4.120e-01	7.621e-01		LOC120033014,LOC120035243,LOC120041396,LOC120041598,LOC120056877
GO:0046496	nicotinamide nucleotide metabolic process	biological_process	4	924	121	34268	1.23	4.123e-01	7.621e-01		LOC120031389,LOC120036192,LOC120048719,LOC120051245
GO:0110053	regulation of actin filament organization	biological_process	7	924	227	34268	1.14	4.134e-01	7.630e-01		LOC120029007,LOC120031890,LOC120034600,LOC120041450,LOC120056646,LOC120060841,LOC120062569
GO:0030833	regulation of actin filament polymerization	biological_process	5	924	157	34268	1.18	4.174e-01	7.691e-01		LOC120029007,LOC120031890,LOC120034600,LOC120041450,LOC120060841
GO:0015297	antiporter activity	molecular_function	4	924	122	34268	1.22	4.183e-01	7.698e-01		LOC120034039,LOC120051445,slc24a5,slc8a2b
GO:1904949	ATPase complex	cellular_component	5	924	158	34268	1.17	4.227e-01	7.766e-01		LOC120022769,LOC120030876,LOC120031200,LOC120032373,LOC120048713
GO:0060271	cilium assembly	biological_process	8	924	265	34268	1.12	4.233e-01	7.766e-01		LOC120030986,LOC120039074,LOC120040457,LOC120042401,LOC120042781,LOC120043638,LOC120045821,LOC120047746
GO:1901699	cellular response to nitrogen compound	biological_process	6	924	194	34268	1.15	4.251e-01	7.781e-01		LOC120024704,LOC120033116,LOC120035602,LOC120036098,LOC120041392,LOC120048677
GO:0033043	regulation of organelle organization	biological_process	16	924	554	34268	1.07	4.254e-01	7.781e-01		LOC120029007,LOC120031076,LOC120031890,LOC120033099,LOC120033735,LOC120034065,LOC120034600,LOC120035303,LOC120041011,LOC120041450,LOC120043218,LOC120044712,LOC120056646,LOC120060841,LOC120062569,arhgap44a
GO:0006508	proteolysis	biological_process	18	924	627	34268	1.06	4.267e-01	7.783e-01		LOC120017348,LOC120026242,LOC120028813,LOC120031510,LOC120032113,LOC120032435,LOC120032926,LOC120035301,LOC120042338,LOC120042779,LOC120043413,LOC120046306,LOC120046358,LOC120048441,LOC120048637,LOC120066716,adam15,dpep1
GO:0009725	response to hormone	biological_process	8	924	266	34268	1.12	4.274e-01	7.783e-01		LOC120032118,LOC120033116,LOC120034531,LOC120035602,LOC120036098,LOC120041392,LOC120048677,rxrbb
GO:0022008	neurogenesis	biological_process	23	924	809	34268	1.05	4.274e-01	7.783e-01		LOC120023180,LOC120023487,LOC120031026,LOC120032388,LOC120032586,LOC120032645,LOC120033116,LOC120033253,LOC120036154,LOC120037273,LOC120039074,LOC120039569,LOC120039573,LOC120041415,LOC120042747,LOC120043283,LOC120043662,LOC120044712,LOC120048721,LOC120052410,LOC120053918,LOC120065853,plxnb2a.3
GO:0048666	neuron development	biological_process	16	924	555	34268	1.07	4.282e-01	7.783e-01		LOC120023487,LOC120031026,LOC120032388,LOC120032586,LOC120032645,LOC120033253,LOC120036154,LOC120039074,LOC120039573,LOC120041415,LOC120043662,LOC120044712,LOC120052410,LOC120053918,LOC120065853,plxnb2a.3
GO:0051020	GTPase binding	molecular_function	6	924	195	34268	1.14	4.299e-01	7.783e-01		LOC120032565,LOC120034542,LOC120050816,LOC120052282,rims1b,rims2a
GO:0005884	actin filament	cellular_component	4	924	124	34268	1.2	4.304e-01	7.783e-01		LOC120025446,LOC120041450,LOC120065794,LOC120066791
GO:0008235	metalloexopeptidase activity	molecular_function	3	924	89	34268	1.25	4.318e-01	7.783e-01		LOC120032113,LOC120043413,dpep1
GO:0099536	synaptic signaling	biological_process	15	924	520	34268	1.07	4.318e-01	7.783e-01		LOC120023380,LOC120024345,LOC120026774,LOC120033625,LOC120034271,LOC120034351,LOC120035935,LOC120036151,LOC120036666,LOC120043461,LOC120050880,LOC120056477,apba2b,rims1b,rims2a
GO:0180051	translation factor activity	molecular_function	5	924	160	34268	1.16	4.333e-01	7.783e-01		LOC120034532,LOC120039671,LOC120042553,LOC120046468,LOC120049361
GO:0031090	organelle membrane	cellular_component	48	924	1726	34268	1.03	4.335e-01	7.783e-01		LOC120019732,LOC120024345,LOC120025214,LOC120028564,LOC120030876,LOC120030879,LOC120031097,LOC120031222,LOC120031228,LOC120031319,LOC120031673,LOC120031696,LOC120031991,LOC120032001,LOC120032387,LOC120032389,LOC120032511,LOC120032593,LOC120034066,LOC120034415,LOC120034531,LOC120034543,LOC120035303,LOC120035602,LOC120035676
GO:0023056	positive regulation of signaling	biological_process	16	924	557	34268	1.07	4.339e-01	7.783e-01		LOC120031035,LOC120032361,LOC120032372,LOC120032389,LOC120032526,LOC120036053,LOC120037120,LOC120037504,LOC120040628,LOC120042781,LOC120043471,LOC120047712,LOC120047732,LOC120049292,rims1b,rims2a
GO:0010647	positive regulation of cell communication	biological_process	16	924	557	34268	1.07	4.339e-01	7.783e-01		LOC120031035,LOC120032361,LOC120032372,LOC120032389,LOC120032526,LOC120036053,LOC120037120,LOC120037504,LOC120040628,LOC120042781,LOC120043471,LOC120047712,LOC120047732,LOC120049292,rims1b,rims2a
GO:0004175	endopeptidase activity	molecular_function	18	924	630	34268	1.06	4.347e-01	7.783e-01		LOC120017348,LOC120024764,LOC120026242,LOC120026894,LOC120031510,LOC120032422,LOC120032435,LOC120032926,LOC120034415,LOC120035301,LOC120037762,LOC120046306,LOC120046358,LOC120048441,LOC120048637,LOC120056966,LOC120066716,adam15
GO:0008757	S-adenosylmethionine-dependent methyltransferase activity	molecular_function	6	924	196	34268	1.14	4.347e-01	7.783e-01		LOC120017408,LOC120017755,LOC120033012,LOC120034541,LOC120037503,LOC120040364
GO:0005267	potassium channel activity	molecular_function	9	924	304	34268	1.1	4.354e-01	7.783e-01		LOC120026774,LOC120029350,LOC120029915,LOC120030936,LOC120035028,LOC120039924,LOC120040197,LOC120043461,LOC120056459
GO:0051168	nuclear export	biological_process	4	924	125	34268	1.19	4.364e-01	7.783e-01		LOC120027915,LOC120032565,LOC120038576,tpra
GO:0006397	mRNA processing	biological_process	11	924	377	34268	1.08	4.380e-01	7.783e-01		LOC120018359,LOC120032524,LOC120033308,LOC120034190,LOC120036183,LOC120038576,LOC120042770,LOC120044077,LOC120049103,LOC120051978,wbp4
GO:0005802	trans-Golgi network	cellular_component	5	924	161	34268	1.15	4.385e-01	7.783e-01		LOC120031063,LOC120031319,LOC120032511,LOC120052417,c3h17orf75
GO:0004527	exonuclease activity	molecular_function	3	924	90	34268	1.24	4.389e-01	7.783e-01		LOC120032639,LOC120038688,LOC120041602
GO:0045936	negative regulation of phosphate metabolic process	biological_process	3	924	90	34268	1.24	4.389e-01	7.783e-01		LOC120028326,LOC120030768,LOC120048363
GO:0061640	cytoskeleton-dependent cytokinesis	biological_process	3	924	90	34268	1.24	4.389e-01	7.783e-01		LOC120031673,LOC120036510,LOC120043099
GO:0016705	oxidoreductase activity, acting on paired donors, with incorporation or reduction of molecular oxygen	molecular_function	8	924	269	34268	1.1	4.396e-01	7.784e-01	Y	LOC120031445,LOC120035602,LOC120039609,LOC120042124,LOC120042131,LOC120044844,LOC120048801,LOC120056450
GO:0098687	chromosomal region	cellular_component	4	924	126	34268	1.18	4.424e-01	7.800e-01		LOC120031076,LOC120036343,LOC120043218,ndel1b
GO:0007163	establishment or maintenance of cell polarity	biological_process	4	924	126	34268	1.18	4.424e-01	7.800e-01		LOC120036151,LOC120036343,LOC120044712,ndel1b
GO:0051301	cell division	biological_process	4	924	126	34268	1.18	4.424e-01	7.800e-01		LOC120031673,LOC120036510,LOC120043099,LOC120052274
GO:0009617	response to bacterium	biological_process	5	924	162	34268	1.14	4.438e-01	7.813e-01		LOC120026096,LOC120037603,LOC120039718,LOC120044602,LOC120044603
GO:1903046	meiotic cell cycle process	biological_process	3	924	91	34268	1.22	4.460e-01	7.818e-01		LOC120031076,LOC120031673,rad54b
GO:0072524	pyridine-containing compound metabolic process	biological_process	4	924	127	34268	1.17	4.484e-01	7.818e-01		LOC120031389,LOC120036192,LOC120048719,LOC120051245
GO:0022618	protein-RNA complex assembly	biological_process	6	924	199	34268	1.12	4.490e-01	7.818e-01		LOC120018359,LOC120020490,LOC120022514,LOC120036183,LOC120036997,LOC120048678
GO:0008064	regulation of actin polymerization or depolymerization	biological_process	5	924	163	34268	1.14	4.491e-01	7.818e-01		LOC120029007,LOC120031890,LOC120034600,LOC120041450,LOC120060841
GO:0030832	regulation of actin filament length	biological_process	5	924	163	34268	1.14	4.491e-01	7.818e-01		LOC120029007,LOC120031890,LOC120034600,LOC120041450,LOC120060841
GO:0008081	phosphoric diester hydrolase activity	molecular_function	5	924	163	34268	1.14	4.491e-01	7.818e-01		LOC120028888,LOC120040125,LOC120047620,LOC120047622,LOC120052651
GO:0034330	cell junction organization	biological_process	11	924	381	34268	1.07	4.517e-01	7.818e-01		LOC120031577,LOC120034351,LOC120043471,LOC120048723,LOC120050074,LOC120052362,LOC120060929,LOC120060933,arhgap44a,cdh17,tjp1a
GO:0009968	negative regulation of signal transduction	biological_process	13	924	454	34268	1.06	4.522e-01	7.818e-01		LOC120023137,LOC120028326,LOC120031395,LOC120032913,LOC120033907,LOC120034098,LOC120034316,LOC120034600,LOC120035184,LOC120040475,LOC120041392,LOC120065673,arhgap44a
GO:0016477	cell migration	biological_process	13	924	454	34268	1.06	4.522e-01	7.818e-01		LOC120024769,LOC120033438,LOC120036343,LOC120037120,LOC120037603,LOC120039569,LOC120044602,LOC120044603,LOC120047299,LOC120049200,LOC120051451,LOC120065853,ndel1b
GO:0070374	positive regulation of ERK1 and ERK2 cascade	biological_process	3	924	92	34268	1.21	4.531e-01	7.818e-01		LOC120032526,LOC120036053,LOC120047732
GO:0031400	negative regulation of protein modification process	biological_process	3	924	92	34268	1.21	4.531e-01	7.818e-01		LOC120028326,LOC120030768,LOC120048363
GO:0009755	hormone-mediated signaling pathway	biological_process	3	924	92	34268	1.21	4.531e-01	7.818e-01		LOC120032118,LOC120034531,rxrbb
GO:0061564	axon development	biological_process	10	924	345	34268	1.07	4.531e-01	7.818e-01		LOC120023487,LOC120031026,LOC120032645,LOC120033253,LOC120041415,LOC120044712,LOC120052410,LOC120053918,LOC120065853,plxnb2a.3
GO:0007178	cell surface receptor protein serine/threonine kinase signaling pathway	biological_process	5	924	164	34268	1.13	4.543e-01	7.818e-01		LOC120031138,LOC120031528,LOC120031652,LOC120050520,mstnb
GO:0015293	symporter activity	molecular_function	5	924	164	34268	1.13	4.543e-01	7.818e-01		LOC120028812,LOC120033247,LOC120037346,LOC120041002,LOC120061633
GO:0071396	cellular response to lipid	biological_process	4	924	128	34268	1.16	4.544e-01	7.818e-01	Y	LOC120033892,LOC120037603,LOC120044602,LOC120044603
GO:0010646	regulation of cell communication	biological_process	45	924	1629	34268	1.02	4.552e-01	7.822e-01		LOC120019732,LOC120023137,LOC120026774,LOC120028326,LOC120028632,LOC120028901,LOC120031008,LOC120031035,LOC120031126,LOC120031395,LOC120032361,LOC120032372,LOC120032389,LOC120032517,LOC120032526,LOC120032913,LOC120033907,LOC120034033,LOC120034098,LOC120034316,LOC120034415,LOC120034600,LOC120035184,LOC120036053,LOC120037120
GO:0043933	protein-containing complex organization	biological_process	27	924	968	34268	1.03	4.562e-01	7.827e-01		LOC120018157,LOC120018359,LOC120020490,LOC120022514,LOC120024345,LOC120024697,LOC120024865,LOC120030836,LOC120031673,LOC120033012,LOC120033735,LOC120034357,LOC120036183,LOC120036343,LOC120036770,LOC120036924,LOC120036997,LOC120037498,LOC120039924,LOC120041450,LOC120046306,LOC120048678,LOC120048708,LOC120049092,LOC120056459
GO:0030139	endocytic vesicle	cellular_component	3	924	93	34268	1.2	4.601e-01	7.851e-01		LOC120042780,LOC120044681,LOC120047812
GO:0050657	nucleic acid transport	biological_process	3	924	93	34268	1.2	4.601e-01	7.851e-01		LOC120027915,LOC120038576,tpra
GO:0050658	RNA transport	biological_process	3	924	93	34268	1.2	4.601e-01	7.851e-01		LOC120027915,LOC120038576,tpra
GO:0051236	establishment of RNA localization	biological_process	3	924	93	34268	1.2	4.601e-01	7.851e-01		LOC120027915,LOC120038576,tpra
GO:0004222	metalloendopeptidase activity	molecular_function	6	924	202	34268	1.1	4.632e-01	7.855e-01		LOC120017348,LOC120024764,LOC120026242,LOC120046306,LOC120066716,adam15
GO:0042221	response to chemical	biological_process	29	924	1045	34268	1.03	4.636e-01	7.855e-01		LOC120017408,LOC120023487,LOC120024704,LOC120024769,LOC120028813,LOC120031308,LOC120031527,LOC120032118,LOC120032458,LOC120033116,LOC120033438,LOC120033892,LOC120034187,LOC120034230,LOC120034531,LOC120035602,LOC120036053,LOC120036098,LOC120037603,LOC120041392,LOC120042734,LOC120044602,LOC120044603,LOC120044844,LOC120047299
GO:0023051	regulation of signaling	biological_process	45	924	1634	34268	1.02	4.636e-01	7.855e-01		LOC120019732,LOC120023137,LOC120026774,LOC120028326,LOC120028632,LOC120028901,LOC120031008,LOC120031035,LOC120031126,LOC120031395,LOC120032361,LOC120032372,LOC120032389,LOC120032517,LOC120032526,LOC120032913,LOC120033907,LOC120034033,LOC120034098,LOC120034316,LOC120034415,LOC120034600,LOC120035184,LOC120036053,LOC120037120
GO:0030029	actin filament-based process	biological_process	19	924	678	34268	1.04	4.647e-01	7.855e-01		LOC120024699,LOC120025446,LOC120029007,LOC120031126,LOC120031673,LOC120032010,LOC120032585,LOC120036510,LOC120037336,LOC120039599,LOC120041450,LOC120043099,LOC120044712,LOC120056646,LOC120060841,LOC120065794,LOC120066791,plek2,scn1ba
GO:0005774	vacuolar membrane	cellular_component	5	924	166	34268	1.12	4.648e-01	7.855e-01		LOC120024345,LOC120030876,LOC120031319,LOC120031696,LOC120032389
GO:0015078	proton transmembrane transporter activity	molecular_function	4	924	130	34268	1.14	4.662e-01	7.855e-01		LOC120030876,LOC120044088,LOC120044089,LOC120046115
GO:0048568	embryonic organ development	biological_process	3	924	94	34268	1.18	4.671e-01	7.855e-01		LOC120023180,LOC120040282,LOC120043662
GO:0000910	cytokinesis	biological_process	3	924	94	34268	1.18	4.671e-01	7.855e-01		LOC120031673,LOC120036510,LOC120043099
GO:0140657	ATP-dependent activity	molecular_function	24	924	863	34268	1.03	4.678e-01	7.855e-01		LOC120017858,LOC120023431,LOC120024699,LOC120030876,LOC120031210,LOC120031284,LOC120032125,LOC120032877,LOC120033009,LOC120034531,LOC120035155,LOC120036153,LOC120037336,LOC120038269,LOC120038426,LOC120038576,LOC120038749,LOC120041848,LOC120046306,LOC120048713,LOC120050577,atad5a,psmc4,rad54b
GO:0008509	monoatomic anion transmembrane transporter activity	molecular_function	6	924	203	34268	1.1	4.679e-01	7.855e-01		LOC120028812,LOC120034039,LOC120047841,LOC120051445,LOC120061633,ano9b
GO:0019900	kinase binding	molecular_function	8	924	276	34268	1.07	4.680e-01	7.855e-01		LOC120030768,LOC120032913,LOC120036053,LOC120044712,LOC120047732,LOC120048816,LOC120051466,fbxo7
GO:0009719	response to endogenous stimulus	biological_process	15	924	533	34268	1.04	4.697e-01	7.855e-01		LOC120023180,LOC120031138,LOC120031528,LOC120031652,LOC120032118,LOC120032586,LOC120033116,LOC120034531,LOC120035602,LOC120036098,LOC120036154,LOC120039573,LOC120041392,LOC120048677,rxrbb
GO:0008017	microtubule binding	molecular_function	10	924	350	34268	1.06	4.711e-01	7.855e-01		LOC120024763,LOC120026064,LOC120031126,LOC120031210,LOC120036153,LOC120036343,LOC120038700,LOC120065794,LOC120066791,ndel1b
GO:0006886	intracellular protein transport	biological_process	18	924	644	34268	1.04	4.718e-01	7.855e-01		LOC120024345,LOC120031991,LOC120032001,LOC120032361,LOC120032372,LOC120032565,LOC120032787,LOC120036232,LOC120040628,LOC120042735,LOC120047712,LOC120047812,LOC120050816,LOC120056951,arhgap44a,rims1b,rims2a,tpra
GO:0045055	regulated exocytosis	biological_process	4	924	131	34268	1.13	4.721e-01	7.855e-01		LOC120031319,LOC120031527,rims1b,rims2a
GO:0008134	transcription factor binding	molecular_function	6	924	204	34268	1.09	4.726e-01	7.855e-01		LOC120030836,LOC120033116,LOC120033412,LOC120036098,LOC120038749,LOC120044598
GO:0000775	chromosome, centromeric region	cellular_component	3	924	95	34268	1.17	4.740e-01	7.855e-01		LOC120031076,LOC120036343,ndel1b
GO:1902600	proton transmembrane transport	biological_process	3	924	95	34268	1.17	4.740e-01	7.855e-01		LOC120030876,LOC120044088,LOC120044089
GO:0022625	cytosolic large ribosomal subunit	cellular_component	3	924	95	34268	1.17	4.740e-01	7.855e-01		LOC120034438,LOC120036149,LOC120050159
GO:0010648	negative regulation of cell communication	biological_process	13	924	461	34268	1.05	4.741e-01	7.855e-01		LOC120023137,LOC120028326,LOC120031395,LOC120032913,LOC120033907,LOC120034098,LOC120034316,LOC120034600,LOC120035184,LOC120040475,LOC120041392,LOC120065673,arhgap44a
GO:0023057	negative regulation of signaling	biological_process	13	924	461	34268	1.05	4.741e-01	7.855e-01		LOC120023137,LOC120028326,LOC120031395,LOC120032913,LOC120033907,LOC120034098,LOC120034316,LOC120034600,LOC120035184,LOC120040475,LOC120041392,LOC120065673,arhgap44a
GO:1901698	response to nitrogen compound	biological_process	7	924	241	34268	1.08	4.745e-01	7.855e-01		LOC120024704,LOC120033116,LOC120034531,LOC120035602,LOC120036098,LOC120041392,LOC120048677
GO:0099080	supramolecular complex	cellular_component	25	924	904	34268	1.03	4.772e-01	7.869e-01		LOC120017751,LOC120017841,LOC120024763,LOC120025446,LOC120027795,LOC120031076,LOC120031574,LOC120031577,LOC120032877,LOC120033735,LOC120034065,LOC120034119,LOC120036343,LOC120039569,LOC120041450,LOC120042781,LOC120043430,LOC120044165,LOC120062138,LOC120062569,LOC120065794,LOC120066791,flr,ndel1b,pnisr
GO:0042578	phosphoric ester hydrolase activity	molecular_function	19	924	683	34268	1.03	4.776e-01	7.869e-01		LOC120017426,LOC120028326,LOC120028888,LOC120029007,LOC120031120,LOC120031456,LOC120031461,LOC120034099,LOC120034927,LOC120040125,LOC120040983,LOC120046458,LOC120047620,LOC120047622,LOC120048714,LOC120050538,LOC120051447,LOC120052651,timm50
GO:0046942	carboxylic acid transport	biological_process	7	924	242	34268	1.07	4.789e-01	7.869e-01		LOC120033247,LOC120034531,LOC120038619,LOC120042862,LOC120044103,LOC120048724,LOC120051445
GO:0009117	nucleotide metabolic process	biological_process	11	924	389	34268	1.05	4.791e-01	7.869e-01		LOC120028888,LOC120031336,LOC120031389,LOC120034662,LOC120034978,LOC120036192,LOC120039945,LOC120046375,LOC120048719,LOC120051245,LOC120053338
GO:0005882	intermediate filament	cellular_component	3	924	96	34268	1.16	4.809e-01	7.869e-01		LOC120017751,LOC120017841,LOC120027795
GO:1901681	sulfur compound binding	molecular_function	3	924	96	34268	1.16	4.809e-01	7.869e-01		LOC120023487,LOC120031295,LOC120042628
GO:0099081	supramolecular polymer	cellular_component	17	924	611	34268	1.03	4.821e-01	7.869e-01		LOC120017751,LOC120017841,LOC120024763,LOC120025446,LOC120027795,LOC120031574,LOC120031577,LOC120033735,LOC120034119,LOC120039569,LOC120041450,LOC120042781,LOC120062138,LOC120062569,LOC120065794,LOC120066791,flr
GO:0099512	supramolecular fiber	cellular_component	17	924	611	34268	1.03	4.821e-01	7.869e-01		LOC120017751,LOC120017841,LOC120024763,LOC120025446,LOC120027795,LOC120031574,LOC120031577,LOC120033735,LOC120034119,LOC120039569,LOC120041450,LOC120042781,LOC120062138,LOC120062569,LOC120065794,LOC120066791,flr
GO:0031966	mitochondrial membrane	cellular_component	11	924	390	34268	1.05	4.825e-01	7.869e-01		LOC120028564,LOC120031228,LOC120034066,LOC120034531,LOC120034543,LOC120035602,LOC120035676,LOC120038619,LOC120046306,LOC120046375,LOC120056966
GO:0040008	regulation of growth	biological_process	4	924	133	34268	1.12	4.838e-01	7.869e-01	Y	LOC120032586,LOC120036154,LOC120039573,LOC120065853
GO:0046434	organophosphate catabolic process	biological_process	5	924	170	34268	1.09	4.855e-01	7.869e-01		LOC120028888,LOC120031389,LOC120036192,LOC120048719,LOC120053044
GO:0051493	regulation of cytoskeleton organization	biological_process	11	924	391	34268	1.04	4.858e-01	7.869e-01		LOC120029007,LOC120031890,LOC120033735,LOC120034600,LOC120041011,LOC120041450,LOC120044712,LOC120056646,LOC120060841,LOC120062569,arhgap44a
GO:0051056	regulation of small GTPase mediated signal transduction	biological_process	7	924	244	34268	1.06	4.875e-01	7.869e-01		LOC120028632,LOC120028901,LOC120031008,LOC120031126,LOC120041011,LOC120042993,arhgap44a
GO:0043021	ribonucleoprotein complex binding	molecular_function	3	924	97	34268	1.15	4.878e-01	7.869e-01		LOC120039671,LOC120042553,LOC120049361
GO:0004722	protein serine/threonine phosphatase activity	molecular_function	3	924	97	34268	1.15	4.878e-01	7.869e-01		LOC120031461,LOC120034927,LOC120051447
GO:0048667	cell morphogenesis involved in neuron differentiation	biological_process	10	924	355	34268	1.04	4.889e-01	7.869e-01		LOC120023487,LOC120031026,LOC120032388,LOC120033253,LOC120041415,LOC120044712,LOC120052410,LOC120053918,LOC120065853,plxnb2a.3
GO:0010638	positive regulation of organelle organization	biological_process	4	924	134	34268	1.11	4.896e-01	7.869e-01		LOC120033735,LOC120056646,LOC120060841,LOC120062569
GO:0016798	hydrolase activity, acting on glycosyl bonds	molecular_function	5	924	171	34268	1.08	4.906e-01	7.869e-01		LOC120026096,LOC120039718,LOC120040973,LOC120041299,LOC120048861
GO:0000287	magnesium ion binding	molecular_function	5	924	171	34268	1.08	4.906e-01	7.869e-01		LOC120034099,LOC120036192,LOC120041299,LOC120044041,LOC120048719
GO:0005874	microtubule	cellular_component	7	924	245	34268	1.06	4.917e-01	7.869e-01		LOC120024763,LOC120031577,LOC120033735,LOC120034119,LOC120039569,LOC120042781,flr
GO:0060284	regulation of cell development	biological_process	7	924	245	34268	1.06	4.917e-01	7.869e-01		LOC120032389,LOC120032586,LOC120036154,LOC120039573,LOC120041415,LOC120065853,plxnb2a.3
GO:0005102	signaling receptor binding	molecular_function	32	924	1170	34268	1.01	4.927e-01	7.869e-01		LOC120019203,LOC120023180,LOC120023487,LOC120024769,LOC120028229,LOC120032118,LOC120032517,LOC120032526,LOC120033129,LOC120033253,LOC120035028,LOC120035264,LOC120036053,LOC120036154,LOC120037603,LOC120039573,LOC120042238,LOC120042240,LOC120042628,LOC120043283,LOC120044602,LOC120044603,LOC120047299,LOC120047732,LOC120048721
GO:0022613	ribonucleoprotein complex biogenesis	biological_process	12	924	430	34268	1.03	4.927e-01	7.869e-01		LOC120018359,LOC120020490,LOC120022514,LOC120032565,LOC120032603,LOC120036183,LOC120036997,LOC120038866,LOC120041602,LOC120048439,LOC120048678,LOC120053876
GO:0070372	regulation of ERK1 and ERK2 cascade	biological_process	3	924	98	34268	1.14	4.946e-01	7.869e-01		LOC120032526,LOC120036053,LOC120047732
GO:0045111	intermediate filament cytoskeleton	cellular_component	3	924	98	34268	1.14	4.946e-01	7.869e-01		LOC120017751,LOC120017841,LOC120027795
GO:0004519	endonuclease activity	molecular_function	3	924	98	34268	1.14	4.946e-01	7.869e-01		LOC120032639,LOC120044077,rnaset2l
GO:0006403	RNA localization	biological_process	3	924	98	34268	1.14	4.946e-01	7.869e-01		LOC120027915,LOC120038576,tpra
GO:0022853	active monoatomic ion transmembrane transporter activity	molecular_function	3	924	98	34268	1.14	4.946e-01	7.869e-01		LOC120030876,LOC120032125,LOC120046115
GO:0004553	hydrolase activity, hydrolyzing O-glycosyl compounds	molecular_function	4	924	135	34268	1.1	4.954e-01	7.869e-01		LOC120026096,LOC120039718,LOC120040973,LOC120048861
GO:0071826	protein-RNA complex organization	biological_process	6	924	209	34268	1.06	4.959e-01	7.869e-01		LOC120018359,LOC120020490,LOC120022514,LOC120036183,LOC120036997,LOC120048678
GO:0140098	catalytic activity, acting on RNA	molecular_function	11	924	394	34268	1.04	4.960e-01	7.869e-01		LOC120017954,LOC120024894,LOC120034192,LOC120037503,LOC120038576,LOC120041602,LOC120044077,LOC120048755,LOC120049121,LOC120053043,rnaset2l
GO:0015849	organic acid transport	biological_process	7	924	246	34268	1.06	4.960e-01	7.869e-01		LOC120033247,LOC120034531,LOC120038619,LOC120042862,LOC120044103,LOC120048724,LOC120051445
GO:0008233	peptidase activity	molecular_function	26	924	950	34268	1.02	4.972e-01	7.878e-01		LOC120017348,LOC120024764,LOC120026242,LOC120026894,LOC120028813,LOC120031117,LOC120031510,LOC120032113,LOC120032422,LOC120032435,LOC120032926,LOC120034415,LOC120035301,LOC120037120,LOC120037762,LOC120042338,LOC120042779,LOC120043413,LOC120046306,LOC120046358,LOC120048441,LOC120048637,LOC120056966,LOC120066716,adam15
GO:0015079	potassium ion transmembrane transporter activity	molecular_function	10	924	358	34268	1.04	4.996e-01	7.892e-01		LOC120026774,LOC120029350,LOC120029915,LOC120030936,LOC120035028,LOC120039924,LOC120040197,LOC120043461,LOC120056459,slc24a5
GO:0007018	microtubule-based movement	biological_process	9	924	321	34268	1.04	4.998e-01	7.892e-01		LOC120031210,LOC120031577,LOC120031991,LOC120036153,LOC120036343,LOC120042401,LOC120043638,flr,ndel1b
GO:0051213	dioxygenase activity	molecular_function	4	924	136	34268	1.09	5.011e-01	7.892e-01	Y	LOC120035040,LOC120035180,LOC120036900,LOC120043422
GO:0050920	regulation of chemotaxis	biological_process	3	924	99	34268	1.12	5.013e-01	7.892e-01		LOC120024769,LOC120047299,LOC120065853
GO:0006612	protein targeting to membrane	biological_process	3	924	99	34268	1.12	5.013e-01	7.892e-01		LOC120032448,LOC120042238,LOC120042240
GO:0008168	methyltransferase activity	molecular_function	7	924	248	34268	1.05	5.045e-01	7.911e-01		LOC120017408,LOC120017755,LOC120033012,LOC120034541,LOC120037503,LOC120040364,coq3
GO:0005525	GTP binding	molecular_function	23	924	842	34268	1.01	5.045e-01	7.911e-01		LOC120028852,LOC120031470,LOC120032897,LOC120033299,LOC120034119,LOC120034532,LOC120034576,LOC120036840,LOC120037601,LOC120038069,LOC120039569,LOC120042569,LOC120044604,LOC120044701,LOC120044712,LOC120048439,LOC120048677,LOC120048723,LOC120049159,LOC120049166,LOC120049206,LOC120063787,srl
GO:0050767	regulation of neurogenesis	biological_process	6	924	211	34268	1.05	5.052e-01	7.911e-01		LOC120032586,LOC120036154,LOC120039573,LOC120041415,LOC120065853,plxnb2a.3
GO:0006457	protein folding	biological_process	6	924	211	34268	1.05	5.052e-01	7.911e-01		LOC120031284,LOC120032387,LOC120033009,LOC120034803,LOC120037627,LOC120050580
GO:0015718	monocarboxylic acid transport	biological_process	4	924	137	34268	1.08	5.069e-01	7.924e-01		LOC120034531,LOC120042862,LOC120044103,LOC120048724
GO:0031175	neuron projection development	biological_process	14	924	509	34268	1.02	5.077e-01	7.924e-01		LOC120023487,LOC120031026,LOC120032388,LOC120032586,LOC120032645,LOC120033253,LOC120036154,LOC120039573,LOC120041415,LOC120044712,LOC120052410,LOC120053918,LOC120065853,plxnb2a.3
GO:1901293	nucleoside phosphate biosynthetic process	biological_process	8	924	286	34268	1.04	5.079e-01	7.924e-01		LOC120031336,LOC120033928,LOC120034662,LOC120034978,LOC120039945,LOC120046375,LOC120051245,LOC120053338
GO:0098791	Golgi apparatus subcompartment	cellular_component	6	924	212	34268	1.05	5.098e-01	7.936e-01		LOC120031063,LOC120031319,LOC120032511,LOC120043819,LOC120052417,c3h17orf75
GO:0048870	cell motility	biological_process	15	924	547	34268	1.02	5.101e-01	7.936e-01		LOC120024769,LOC120033438,LOC120036343,LOC120037120,LOC120037603,LOC120039569,LOC120042401,LOC120043638,LOC120044602,LOC120044603,LOC120047299,LOC120049200,LOC120051451,LOC120065853,ndel1b
GO:0035091	phosphatidylinositol binding	molecular_function	4	924	138	34268	1.07	5.126e-01	7.936e-01		LOC120027734,LOC120028853,LOC120032611,aida
GO:0006915	apoptotic process	biological_process	7	924	250	34268	1.04	5.130e-01	7.936e-01		LOC120028831,LOC120034187,LOC120039710,LOC120039944,LOC120041392,LOC120044077,LOC120048718
GO:0044281	small molecule metabolic process	biological_process	36	924	1329	34268	1.0	5.130e-01	7.936e-01		LOC120017408,LOC120017969,LOC120024893,LOC120028564,LOC120028813,LOC120028888,LOC120031308,LOC120031336,LOC120031369,LOC120031389,LOC120031445,LOC120033335,LOC120033928,LOC120034530,LOC120034662,LOC120034978,LOC120035040,LOC120035180,LOC120035602,LOC120036192,LOC120036917,LOC120037165,LOC120039145,LOC120039518,LOC120039906
GO:0030036	actin cytoskeleton organization	biological_process	18	924	660	34268	1.01	5.139e-01	7.936e-01		LOC120024699,LOC120025446,LOC120029007,LOC120031126,LOC120031673,LOC120032010,LOC120032585,LOC120036510,LOC120037336,LOC120039599,LOC120041450,LOC120043099,LOC120044712,LOC120056646,LOC120060841,LOC120065794,LOC120066791,plek2
GO:0009100	glycoprotein metabolic process	biological_process	6	924	213	34268	1.04	5.143e-01	7.936e-01		LOC120018827,LOC120024793,LOC120032297,LOC120035316,LOC120035658,LOC120047580
GO:0051241	negative regulation of multicellular organismal process	biological_process	6	924	213	34268	1.04	5.143e-01	7.936e-01		LOC120030901,LOC120032389,LOC120035113,LOC120038680,LOC120042628,LOC120065853
GO:0035967	cellular response to topologically incorrect protein	biological_process	3	924	101	34268	1.1	5.147e-01	7.936e-01		LOC120030879,LOC120044077,herpud2
GO:0016887	ATP hydrolysis activity	molecular_function	12	924	437	34268	1.02	5.152e-01	7.936e-01		LOC120017858,LOC120023431,LOC120031284,LOC120032125,LOC120033009,LOC120035155,LOC120038426,LOC120046306,LOC120048713,LOC120050577,atad5a,psmc4
GO:0061025	membrane fusion	biological_process	4	924	139	34268	1.07	5.182e-01	7.966e-01		LOC120031527,LOC120033985,LOC120048677,LOC120048708
GO:0005667	transcription regulator complex	cellular_component	12	924	438	34268	1.02	5.184e-01	7.966e-01		LOC120022769,LOC120030692,LOC120031200,LOC120031528,LOC120032224,LOC120033116,LOC120036098,LOC120042434,LOC120042594,LOC120044598,LOC120048713,rxrbb
GO:0034976	response to endoplasmic reticulum stress	biological_process	3	924	102	34268	1.09	5.214e-01	7.975e-01		LOC120030879,LOC120044077,herpud2
GO:0031667	response to nutrient levels	biological_process	3	924	102	34268	1.09	5.214e-01	7.975e-01		LOC120031308,LOC120032118,LOC120034316
GO:0009060	aerobic respiration	biological_process	6	924	215	34268	1.03	5.234e-01	7.975e-01		LOC120017969,LOC120033928,LOC120036192,LOC120046115,LOC120048719,LOC120049092
GO:0009628	response to abiotic stimulus	biological_process	6	924	215	34268	1.03	5.234e-01	7.975e-01		LOC120034461,LOC120034531,LOC120034803,LOC120035028,LOC120035718,LOC120050580
GO:0120031	plasma membrane bounded cell projection assembly	biological_process	8	924	290	34268	1.02	5.237e-01	7.975e-01		LOC120030986,LOC120039074,LOC120040457,LOC120042401,LOC120042781,LOC120043638,LOC120045821,LOC120047746
GO:0009451	RNA modification	biological_process	4	924	140	34268	1.06	5.239e-01	7.975e-01		LOC120033011,LOC120037503,LOC120046250,LOC120048755
GO:0030509	BMP signaling pathway	biological_process	3	924	103	34268	1.08	5.279e-01	7.975e-01		LOC120031138,LOC120031528,LOC120031652
GO:0003743	translation initiation factor activity	molecular_function	3	924	103	34268	1.08	5.279e-01	7.975e-01		LOC120039671,LOC120042553,LOC120046468
GO:0042579	microbody	cellular_component	3	924	103	34268	1.08	5.279e-01	7.975e-01		LOC120025214,LOC120032001,LOC120042735
GO:0005777	peroxisome	cellular_component	3	924	103	34268	1.08	5.279e-01	7.975e-01		LOC120025214,LOC120032001,LOC120042735
GO:0071526	semaphorin-plexin signaling pathway	biological_process	3	924	103	34268	1.08	5.279e-01	7.975e-01		LOC120041415,LOC120065853,plxnb2a.3
GO:0099643	signal release from synapse	biological_process	3	924	103	34268	1.08	5.279e-01	7.975e-01		LOC120036151,rims1b,rims2a
GO:0007269	neurotransmitter secretion	biological_process	3	924	103	34268	1.08	5.279e-01	7.975e-01		LOC120036151,rims1b,rims2a
GO:0016791	phosphatase activity	molecular_function	14	924	516	34268	1.01	5.284e-01	7.975e-01		LOC120017426,LOC120028326,LOC120029007,LOC120031120,LOC120031456,LOC120031461,LOC120034099,LOC120034927,LOC120040983,LOC120046458,LOC120048714,LOC120050538,LOC120051447,timm50
GO:0031589	cell-substrate adhesion	biological_process	4	924	141	34268	1.05	5.295e-01	7.975e-01		LOC120036003,LOC120036502,LOC120039464,LOC120043675
GO:0015748	organophosphate ester transport	biological_process	4	924	141	34268	1.05	5.295e-01	7.975e-01		LOC120028853,LOC120032611,LOC120039598,LOC120050578
GO:0005249	voltage-gated potassium channel activity	molecular_function	6	924	217	34268	1.03	5.325e-01	7.983e-01		LOC120029350,LOC120029915,LOC120030936,LOC120039924,LOC120040197,LOC120056459
GO:0007409	axonogenesis	biological_process	9	924	330	34268	1.01	5.331e-01	7.983e-01		LOC120023487,LOC120031026,LOC120033253,LOC120041415,LOC120044712,LOC120052410,LOC120053918,LOC120065853,plxnb2a.3
GO:1990904	ribonucleoprotein complex	cellular_component	22	924	817	34268	1.0	5.331e-01	7.983e-01		LOC120020490,LOC120022514,LOC120030979,LOC120032524,LOC120034190,LOC120034438,LOC120036149,LOC120036183,LOC120036279,LOC120038866,LOC120039671,LOC120042553,LOC120048362,LOC120048439,LOC120048678,LOC120049196,LOC120050159,LOC120051978,LOC120053876,ccdc12,si:ch211-197h24.6,wbp4
GO:1902850	microtubule cytoskeleton organization involved in mitosis	biological_process	3	924	104	34268	1.07	5.345e-01	7.983e-01		LOC120036153,LOC120036343,ndel1b
GO:0018205	peptidyl-lysine modification	biological_process	3	924	104	34268	1.07	5.345e-01	7.983e-01		LOC120034086,LOC120034437,LOC120052428
GO:0015914	phospholipid transport	biological_process	3	924	104	34268	1.07	5.345e-01	7.983e-01	Y	LOC120028853,LOC120032611,LOC120050578
GO:0007015	actin filament organization	biological_process	10	924	368	34268	1.01	5.346e-01	7.983e-01		LOC120024699,LOC120031126,LOC120031673,LOC120032585,LOC120037336,LOC120041450,LOC120044712,LOC120060841,LOC120065794,LOC120066791
GO:0003723	RNA binding	molecular_function	41	924	1528	34268	1.0	5.359e-01	7.993e-01		LOC120022514,LOC120025200,LOC120028545,LOC120030979,LOC120031034,LOC120031452,LOC120031686,LOC120032603,LOC120033011,LOC120033130,LOC120033308,LOC120034093,LOC120034240,LOC120034438,LOC120034910,LOC120036183,LOC120036997,LOC120037503,LOC120038576,LOC120039291,LOC120039671,LOC120042553,LOC120042861,LOC120043430,LOC120044165
GO:0009101	glycoprotein biosynthetic process	biological_process	5	924	181	34268	1.02	5.409e-01	8.057e-01		LOC120024793,LOC120032297,LOC120035316,LOC120035658,LOC120047580
GO:0016741	transferase activity, transferring one-carbon groups	molecular_function	7	924	258	34268	1.01	5.463e-01	8.104e-01		LOC120017408,LOC120017755,LOC120033012,LOC120034541,LOC120037503,LOC120040364,coq3
GO:0005096	GTPase activator activity	molecular_function	8	924	296	34268	1.0	5.469e-01	8.104e-01		LOC120028632,LOC120028901,LOC120031222,LOC120036844,LOC120041011,LOC120043074,LOC120063956,arhgap44a
GO:0004721	phosphoprotein phosphatase activity	molecular_function	8	924	296	34268	1.0	5.469e-01	8.104e-01		LOC120029007,LOC120031456,LOC120031461,LOC120034927,LOC120046458,LOC120048714,LOC120051447,timm50
GO:0019888	protein phosphatase regulator activity	molecular_function	3	924	106	34268	1.05	5.474e-01	8.104e-01		LOC120032996,LOC120033924,LOC120039738
GO:1902904	negative regulation of supramolecular fiber organization	biological_process	3	924	106	34268	1.05	5.474e-01	8.104e-01		LOC120029007,LOC120034600,LOC120041450
GO:0032561	guanyl ribonucleotide binding	molecular_function	23	924	862	34268	0.99	5.504e-01	8.140e-01		LOC120028852,LOC120031470,LOC120032897,LOC120033299,LOC120034119,LOC120034532,LOC120034576,LOC120036840,LOC120037601,LOC120038069,LOC120039569,LOC120042569,LOC120044604,LOC120044701,LOC120044712,LOC120048439,LOC120048677,LOC120048723,LOC120049159,LOC120049166,LOC120049206,LOC120063787,srl
GO:0008094	ATP-dependent activity, acting on DNA	molecular_function	4	924	145	34268	1.02	5.516e-01	8.147e-01		LOC120038749,LOC120048713,atad5a,rad54b
GO:0045596	negative regulation of cell differentiation	biological_process	3	924	107	34268	1.04	5.537e-01	8.159e-01		LOC120032389,LOC120049390,LOC120065853
GO:0051321	meiotic cell cycle	biological_process	3	924	107	34268	1.04	5.537e-01	8.159e-01		LOC120031076,LOC120031673,rad54b
GO:0045934	negative regulation of nucleobase-containing compound metabolic process	biological_process	15	924	563	34268	0.99	5.554e-01	8.173e-01		LOC120019052,LOC120022769,LOC120031200,LOC120031686,LOC120033412,LOC120034065,LOC120034600,LOC120035244,LOC120035959,LOC120039205,LOC120042861,LOC120043709,LOC120046301,LOC120048713,cbx4
GO:0007268	chemical synaptic transmission	biological_process	13	924	488	34268	0.99	5.568e-01	8.175e-01		LOC120023380,LOC120024345,LOC120026774,LOC120033625,LOC120034271,LOC120034351,LOC120036151,LOC120036666,LOC120043461,LOC120056477,apba2b,rims1b,rims2a
GO:0098916	anterograde trans-synaptic signaling	biological_process	13	924	488	34268	0.99	5.568e-01	8.175e-01		LOC120023380,LOC120024345,LOC120026774,LOC120033625,LOC120034271,LOC120034351,LOC120036151,LOC120036666,LOC120043461,LOC120056477,apba2b,rims1b,rims2a
GO:0000793	condensed chromosome	cellular_component	3	924	108	34268	1.03	5.600e-01	8.195e-01		LOC120031076,LOC120036343,ndel1b
GO:0006605	protein targeting	biological_process	4	924	147	34268	1.01	5.624e-01	8.195e-01		LOC120032448,LOC120034075,LOC120042238,LOC120042240
GO:0009259	ribonucleotide metabolic process	biological_process	7	924	262	34268	0.99	5.626e-01	8.195e-01		LOC120028888,LOC120031336,LOC120034662,LOC120036192,LOC120046375,LOC120048719,LOC120053338
GO:0015399	primary active transmembrane transporter activity	molecular_function	5	924	186	34268	1.0	5.651e-01	8.195e-01		LOC120030876,LOC120032125,LOC120035155,LOC120038426,LOC120046115
GO:0016071	mRNA metabolic process	biological_process	13	924	491	34268	0.98	5.657e-01	8.195e-01		LOC120018359,LOC120032524,LOC120033308,LOC120034190,LOC120036183,LOC120038576,LOC120042479,LOC120042770,LOC120043430,LOC120044077,LOC120049103,LOC120051978,wbp4
GO:0071772	response to BMP	biological_process	3	924	109	34268	1.02	5.663e-01	8.195e-01		LOC120031138,LOC120031528,LOC120031652
GO:0071773	cellular response to BMP stimulus	biological_process	3	924	109	34268	1.02	5.663e-01	8.195e-01		LOC120031138,LOC120031528,LOC120031652
GO:0051494	negative regulation of cytoskeleton organization	biological_process	3	924	109	34268	1.02	5.663e-01	8.195e-01		LOC120029007,LOC120034600,LOC120041450
GO:0031625	ubiquitin protein ligase binding	molecular_function	3	924	109	34268	1.02	5.663e-01	8.195e-01		LOC120017705,LOC120026446,LOC120031420
GO:1905039	carboxylic acid transmembrane transport	biological_process	3	924	109	34268	1.02	5.663e-01	8.195e-01		LOC120033247,LOC120038619,LOC120051445
GO:0007200	phospholipase C-activating G protein-coupled receptor signaling pathway	biological_process	3	924	109	34268	1.02	5.663e-01	8.195e-01		LOC120022365,LOC120022366,lhcgr
GO:0007162	negative regulation of cell adhesion	biological_process	3	924	109	34268	1.02	5.663e-01	8.195e-01		LOC120035113,LOC120041415,plxnb2a.3
GO:0042981	regulation of apoptotic process	biological_process	12	924	454	34268	0.98	5.686e-01	8.219e-01		LOC120031035,LOC120031325,LOC120031644,LOC120036154,LOC120036222,LOC120037790,LOC120039573,LOC120047575,LOC120048718,LOC120052268,LOC120052269,LOC120052272
GO:0008092	cytoskeletal protein binding	molecular_function	31	924	1172	34268	0.98	5.699e-01	8.228e-01	Y	LOC120017465,LOC120018338,LOC120024699,LOC120024763,LOC120026064,LOC120029007,LOC120030983,LOC120031126,LOC120031210,LOC120031462,LOC120031673,LOC120032010,LOC120032585,LOC120033099,LOC120035028,LOC120036153,LOC120036343,LOC120037336,LOC120037871,LOC120038593,LOC120038700,LOC120038744,LOC120039599,LOC120041450,LOC120045821
GO:1990234	transferase complex	cellular_component	27	924	1022	34268	0.98	5.711e-01	8.235e-01		LOC120017880,LOC120022234,LOC120030879,LOC120031161,LOC120031228,LOC120031382,LOC120031452,LOC120031496,LOC120032448,LOC120032839,LOC120034192,LOC120034357,LOC120034476,LOC120035718,LOC120038696,LOC120039604,LOC120040358,LOC120041291,LOC120041464,LOC120042594,LOC120048342,LOC120048860,LOC120049121,LOC120051307,tex10
GO:0030031	cell projection assembly	biological_process	8	924	303	34268	0.98	5.734e-01	8.259e-01		LOC120030986,LOC120039074,LOC120040457,LOC120042401,LOC120042781,LOC120043638,LOC120045821,LOC120047746
GO:0140640	catalytic activity, acting on a nucleic acid	molecular_function	18	924	684	34268	0.98	5.754e-01	8.278e-01		LOC120017954,LOC120024894,LOC120032639,LOC120032877,LOC120034192,LOC120037503,LOC120038576,LOC120038688,LOC120038749,LOC120041602,LOC120044077,LOC120048713,LOC120048755,LOC120049121,LOC120053043,atad5a,rad54b,rnaset2l
GO:0099537	trans-synaptic signaling	biological_process	13	924	495	34268	0.97	5.775e-01	8.286e-01		LOC120023380,LOC120024345,LOC120026774,LOC120033625,LOC120034271,LOC120034351,LOC120036151,LOC120036666,LOC120043461,LOC120056477,apba2b,rims1b,rims2a
GO:0004879	nuclear receptor activity	molecular_function	4	924	150	34268	0.99	5.784e-01	8.286e-01		LOC120033116,LOC120033892,LOC120036098,rxrbb
GO:0098531	ligand-modulated transcription factor activity	molecular_function	4	924	150	34268	0.99	5.784e-01	8.286e-01		LOC120033116,LOC120033892,LOC120036098,rxrbb
GO:0032103	positive regulation of response to external stimulus	biological_process	3	924	111	34268	1.0	5.786e-01	8.286e-01		LOC120024769,LOC120047299,LOC120049292
GO:0045333	cellular respiration	biological_process	6	924	228	34268	0.98	5.808e-01	8.307e-01		LOC120017969,LOC120033928,LOC120036192,LOC120046115,LOC120048719,LOC120049092
GO:0009605	response to external stimulus	biological_process	14	924	535	34268	0.97	5.830e-01	8.324e-01		LOC120023487,LOC120024769,LOC120026096,LOC120033438,LOC120035028,LOC120037603,LOC120039718,LOC120042734,LOC120044602,LOC120044603,LOC120047299,LOC120047575,LOC120065853,adam15
GO:0043067	regulation of programmed cell death	biological_process	12	924	459	34268	0.97	5.838e-01	8.324e-01		LOC120031035,LOC120031325,LOC120031644,LOC120036154,LOC120036222,LOC120037790,LOC120039573,LOC120047575,LOC120048718,LOC120052268,LOC120052269,LOC120052272
GO:0008033	tRNA processing	biological_process	3	924	112	34268	0.99	5.847e-01	8.324e-01		LOC120033011,LOC120037503,LOC120046250
GO:0004896	cytokine receptor activity	molecular_function	3	924	112	34268	0.99	5.847e-01	8.324e-01		LOC120032458,LOC120033438,LOC120034230
GO:0048513	animal organ development	biological_process	22	924	840	34268	0.97	5.860e-01	8.330e-01		LOC120023180,LOC120028632,LOC120030692,LOC120031574,LOC120032388,LOC120033014,LOC120034426,LOC120037661,LOC120040282,LOC120041978,LOC120043662,LOC120050560,LOC120050565,LOC120050566,LOC120050580,LOC120050862,LOC120050864,LOC120050865,LOC120065853,crybgx,lhcgr,pou3f2b
GO:0009898	cytoplasmic side of plasma membrane	cellular_component	5	924	191	34268	0.97	5.887e-01	8.330e-01		LOC120024704,LOC120031456,LOC120033963,LOC120034244,LOC120037504
GO:0051253	negative regulation of RNA metabolic process	biological_process	14	924	538	34268	0.97	5.914e-01	8.330e-01		LOC120019052,LOC120022769,LOC120031200,LOC120031686,LOC120033412,LOC120034600,LOC120035244,LOC120035959,LOC120039205,LOC120042861,LOC120043709,LOC120046301,LOC120048713,cbx4
GO:0045229	external encapsulating structure organization	biological_process	4	924	153	34268	0.97	5.940e-01	8.330e-01		LOC120017348,LOC120024764,LOC120034086,LOC120036129
GO:0030198	extracellular matrix organization	biological_process	4	924	153	34268	0.97	5.940e-01	8.330e-01		LOC120017348,LOC120024764,LOC120034086,LOC120036129
GO:0012501	programmed cell death	biological_process	7	924	270	34268	0.96	5.944e-01	8.330e-01		LOC120028831,LOC120034187,LOC120039710,LOC120039944,LOC120041392,LOC120044077,LOC120048718
GO:0008219	cell death	biological_process	7	924	270	34268	0.96	5.944e-01	8.330e-01		LOC120028831,LOC120034187,LOC120039710,LOC120039944,LOC120041392,LOC120044077,LOC120048718
GO:0005654	nucleoplasm	cellular_component	18	924	692	34268	0.96	5.952e-01	8.330e-01		LOC120022769,LOC120028545,LOC120030768,LOC120030979,LOC120031200,LOC120031303,LOC120034065,LOC120036498,LOC120040019,LOC120042594,LOC120044165,LOC120048713,LOC120048863,LOC120049121,LOC120060841,eaf1,pnisr,tex10
GO:0006869	lipid transport	biological_process	8	924	309	34268	0.96	5.956e-01	8.330e-01	Y	LOC120028853,LOC120032611,LOC120034531,LOC120038029,LOC120042862,LOC120048357,LOC120048724,LOC120050578
GO:0010876	lipid localization	biological_process	8	924	309	34268	0.96	5.956e-01	8.330e-01	Y	LOC120028853,LOC120032611,LOC120034531,LOC120038029,LOC120042862,LOC120048357,LOC120048724,LOC120050578
GO:0006412	translation	biological_process	12	924	463	34268	0.96	5.958e-01	8.330e-01		LOC120017705,LOC120020490,LOC120022514,LOC120024894,LOC120034438,LOC120034532,LOC120036149,LOC120036279,LOC120048678,LOC120049196,LOC120050159,LOC120053043
GO:0160307	protein biosynthetic process	biological_process	12	924	463	34268	0.96	5.958e-01	8.330e-01		LOC120017705,LOC120020490,LOC120022514,LOC120024894,LOC120034438,LOC120034532,LOC120036149,LOC120036279,LOC120048678,LOC120049196,LOC120050159,LOC120053043
GO:0043244	regulation of protein-containing complex disassembly	biological_process	3	924	114	34268	0.98	5.968e-01	8.330e-01		LOC120031890,LOC120035303,LOC120041450
GO:0016874	ligase activity	molecular_function	6	924	232	34268	0.96	5.977e-01	8.330e-01		LOC120024894,LOC120034531,LOC120036917,LOC120038269,LOC120041848,LOC120053043
GO:0071363	cellular response to growth factor stimulus	biological_process	7	924	271	34268	0.96	5.983e-01	8.330e-01	Y	LOC120023180,LOC120031138,LOC120031528,LOC120031652,LOC120032586,LOC120036154,LOC120039573
GO:0070848	response to growth factor	biological_process	7	924	271	34268	0.96	5.983e-01	8.330e-01	Y	LOC120023180,LOC120031138,LOC120031528,LOC120031652,LOC120032586,LOC120036154,LOC120039573
GO:0043062	extracellular structure organization	biological_process	4	924	154	34268	0.96	5.992e-01	8.330e-01		LOC120017348,LOC120024764,LOC120034086,LOC120036129
GO:0006865	amino acid transport	biological_process	4	924	154	34268	0.96	5.992e-01	8.330e-01		LOC120028937,LOC120032000,LOC120033247,LOC120038619
GO:0031982	vesicle	cellular_component	32	924	1226	34268	0.97	6.007e-01	8.330e-01		LOC120019732,LOC120024699,LOC120031008,LOC120031063,LOC120031097,LOC120031186,LOC120031577,LOC120031673,LOC120031991,LOC120032511,LOC120034098,LOC120034576,LOC120036681,LOC120037336,LOC120040174,LOC120042628,LOC120042700,LOC120042780,LOC120043705,LOC120044681,LOC120044712,LOC120047812,LOC120048677,LOC120048691,LOC120049179
GO:0019001	guanyl nucleotide binding	molecular_function	23	924	885	34268	0.96	6.015e-01	8.330e-01		LOC120028852,LOC120031470,LOC120032897,LOC120033299,LOC120034119,LOC120034532,LOC120034576,LOC120036840,LOC120037601,LOC120038069,LOC120039569,LOC120042569,LOC120044604,LOC120044701,LOC120044712,LOC120048439,LOC120048677,LOC120048723,LOC120049159,LOC120049166,LOC120049206,LOC120063787,srl
GO:0007267	cell-cell signaling	biological_process	15	924	580	34268	0.96	6.017e-01	8.330e-01		LOC120023380,LOC120024345,LOC120026774,LOC120033625,LOC120034271,LOC120034351,LOC120035935,LOC120036151,LOC120036666,LOC120043461,LOC120050880,LOC120056477,apba2b,rims1b,rims2a
GO:0140678	molecular function inhibitor activity	molecular_function	10	924	388	34268	0.96	6.017e-01	8.330e-01		LOC120029189,LOC120029190,LOC120030768,LOC120032520,LOC120033924,LOC120035184,LOC120042195,LOC120042628,LOC120044693,LOC120048363
GO:0005813	centrosome	cellular_component	6	924	233	34268	0.96	6.019e-01	8.330e-01		LOC120031656,LOC120036343,LOC120038700,LOC120040457,cntln,ndel1b
GO:0004866	endopeptidase inhibitor activity	molecular_function	5	924	194	34268	0.96	6.025e-01	8.330e-01		LOC120029189,LOC120029190,LOC120032520,LOC120042195,LOC120044693
GO:0030684	preribosome	cellular_component	3	924	115	34268	0.97	6.027e-01	8.330e-01		LOC120038866,LOC120048439,LOC120053876
GO:0140677	molecular function activator activity	molecular_function	30	924	1152	34268	0.97	6.040e-01	8.330e-01		LOC120023180,LOC120024769,LOC120027734,LOC120028632,LOC120028901,LOC120031037,LOC120031138,LOC120031222,LOC120032118,LOC120032526,LOC120035363,LOC120036154,LOC120036844,LOC120037603,LOC120039573,LOC120041011,LOC120043074,LOC120043283,LOC120043430,LOC120044080,LOC120044602,LOC120044603,LOC120047299,LOC120048721,LOC120050520
GO:0099003	vesicle-mediated transport in synapse	biological_process	4	924	155	34268	0.96	6.043e-01	8.330e-01		LOC120056477,rims1b,rims2a,snap91a
GO:0099504	synaptic vesicle cycle	biological_process	4	924	155	34268	0.96	6.043e-01	8.330e-01		LOC120056477,rims1b,rims2a,snap91a
GO:0004540	RNA nuclease activity	molecular_function	3	924	116	34268	0.96	6.085e-01	8.357e-01		LOC120041602,LOC120044077,rnaset2l
GO:0010959	regulation of metal ion transport	biological_process	3	924	116	34268	0.96	6.085e-01	8.357e-01	Y	LOC120031470,LOC120032395,LOC120033736
GO:0010008	endosome membrane	cellular_component	4	924	156	34268	0.95	6.093e-01	8.357e-01		LOC120019732,LOC120042780,LOC120043705,LOC120052417
GO:0005740	mitochondrial envelope	cellular_component	11	924	429	34268	0.95	6.094e-01	8.357e-01		LOC120028564,LOC120031228,LOC120034066,LOC120034531,LOC120034543,LOC120035602,LOC120035676,LOC120038619,LOC120046306,LOC120046375,LOC120056966
GO:0048585	negative regulation of response to stimulus	biological_process	15	924	583	34268	0.95	6.097e-01	8.357e-01		LOC120023137,LOC120028326,LOC120031395,LOC120032913,LOC120033907,LOC120034065,LOC120034098,LOC120034316,LOC120034600,LOC120035184,LOC120040475,LOC120041392,LOC120065673,LOC120065853,arhgap44a
GO:0002684	positive regulation of immune system process	biological_process	7	924	275	34268	0.94	6.136e-01	8.402e-01	Y	LOC120018157,LOC120022365,LOC120022366,LOC120036770,LOC120036924,LOC120037498,LOC120049292
GO:0048468	cell development	biological_process	23	924	892	34268	0.96	6.166e-01	8.429e-01		LOC120023487,LOC120031026,LOC120032388,LOC120032586,LOC120032645,LOC120033014,LOC120033253,LOC120036154,LOC120036900,LOC120037273,LOC120039074,LOC120039573,LOC120041415,LOC120042401,LOC120042747,LOC120043638,LOC120043662,LOC120044712,LOC120052410,LOC120053918,LOC120065853,plxnb2a.3,tjp1a
GO:0009892	negative regulation of metabolic process	biological_process	28	924	1083	34268	0.96	6.175e-01	8.429e-01		LOC120019052,LOC120022769,LOC120028326,LOC120030768,LOC120031037,LOC120031200,LOC120031686,LOC120032877,LOC120033412,LOC120034065,LOC120034240,LOC120034531,LOC120034600,LOC120035244,LOC120035303,LOC120035959,LOC120039205,LOC120042479,LOC120042861,LOC120043430,LOC120043709,LOC120044165,LOC120044693,LOC120046301,LOC120048363
GO:0017111	ribonucleoside triphosphate phosphatase activity	molecular_function	29	924	1122	34268	0.96	6.193e-01	8.429e-01		LOC120017858,LOC120023431,LOC120028852,LOC120031284,LOC120031470,LOC120032125,LOC120032897,LOC120033009,LOC120033299,LOC120034119,LOC120034532,LOC120034576,LOC120035155,LOC120036840,LOC120038069,LOC120038426,LOC120039569,LOC120044701,LOC120044712,LOC120046306,LOC120048439,LOC120048677,LOC120048713,LOC120048723,LOC120049166
GO:0044085	cellular component biogenesis	biological_process	52	924	1994	34268	0.97	6.198e-01	8.429e-01		LOC120017751,LOC120017841,LOC120018157,LOC120018348,LOC120018359,LOC120020490,LOC120022514,LOC120024697,LOC120024865,LOC120026064,LOC120030836,LOC120030986,LOC120031673,LOC120032565,LOC120032586,LOC120032603,LOC120033012,LOC120033735,LOC120034357,LOC120036129,LOC120036183,LOC120036343,LOC120036510,LOC120036770,LOC120036924
GO:0030054	cell junction	cellular_component	42	924	1616	34268	0.96	6.202e-01	8.429e-01		LOC120017751,LOC120017841,LOC120023137,LOC120024345,LOC120026774,LOC120027795,LOC120028229,LOC120031527,LOC120031574,LOC120032361,LOC120032372,LOC120033099,LOC120033263,LOC120033625,LOC120033737,LOC120034033,LOC120034378,LOC120036151,LOC120040628,LOC120043461,LOC120043471,LOC120047712,LOC120048677,LOC120048723,LOC120049361
GO:0045892	negative regulation of DNA-templated transcription	biological_process	13	924	510	34268	0.95	6.204e-01	8.429e-01		LOC120019052,LOC120022769,LOC120031200,LOC120033412,LOC120034600,LOC120035244,LOC120035959,LOC120039205,LOC120042861,LOC120043709,LOC120046301,LOC120048713,cbx4
GO:1902679	negative regulation of RNA biosynthetic process	biological_process	13	924	510	34268	0.95	6.204e-01	8.429e-01		LOC120019052,LOC120022769,LOC120031200,LOC120033412,LOC120034600,LOC120035244,LOC120035959,LOC120039205,LOC120042861,LOC120043709,LOC120046301,LOC120048713,cbx4
GO:0007017	microtubule-based process	biological_process	20	924	780	34268	0.95	6.226e-01	8.449e-01		LOC120018348,LOC120024763,LOC120026064,LOC120031210,LOC120031577,LOC120031673,LOC120031991,LOC120033735,LOC120034119,LOC120036153,LOC120036343,LOC120038700,LOC120039569,LOC120042401,LOC120042781,LOC120043638,LOC120050877,cntln,flr,ndel1b
GO:0032182	ubiquitin-like protein binding	molecular_function	3	924	119	34268	0.93	6.258e-01	8.455e-01		LOC120031034,LOC120041291,LOC120047790
GO:0044389	ubiquitin-like protein ligase binding	molecular_function	3	924	119	34268	0.93	6.258e-01	8.455e-01		LOC120017705,LOC120026446,LOC120031420
GO:0003333	amino acid transmembrane transport	biological_process	3	924	119	34268	0.93	6.258e-01	8.455e-01		LOC120032000,LOC120033247,LOC120038619
GO:0023061	signal release	biological_process	3	924	119	34268	0.93	6.258e-01	8.455e-01		LOC120036151,rims1b,rims2a
GO:0043207	response to external biotic stimulus	biological_process	8	924	318	34268	0.93	6.277e-01	8.461e-01		LOC120026096,LOC120037603,LOC120039718,LOC120042734,LOC120044602,LOC120044603,LOC120047575,adam15
GO:0051707	response to other organism	biological_process	8	924	318	34268	0.93	6.277e-01	8.461e-01		LOC120026096,LOC120037603,LOC120039718,LOC120042734,LOC120044602,LOC120044603,LOC120047575,adam15
GO:0050660	flavin adenine dinucleotide binding	molecular_function	3	924	120	34268	0.93	6.314e-01	8.485e-01		LOC120031445,LOC120032387,LOC120033335
GO:0098876	vesicle-mediated transport to the plasma membrane	biological_process	3	924	120	34268	0.93	6.314e-01	8.485e-01		LOC120036232,LOC120042780,arhgap44a
GO:0022607	cellular component assembly	biological_process	46	924	1775	34268	0.96	6.318e-01	8.485e-01		LOC120017751,LOC120017841,LOC120018157,LOC120018348,LOC120018359,LOC120020490,LOC120022514,LOC120024697,LOC120024865,LOC120026064,LOC120030836,LOC120030986,LOC120031673,LOC120032586,LOC120033012,LOC120033735,LOC120034357,LOC120036129,LOC120036183,LOC120036343,LOC120036510,LOC120036770,LOC120036924,LOC120036997,LOC120037498
GO:0000122	negative regulation of transcription by RNA polymerase II	biological_process	10	924	398	34268	0.93	6.335e-01	8.485e-01		LOC120019052,LOC120022769,LOC120031200,LOC120034600,LOC120035244,LOC120035959,LOC120039205,LOC120042861,LOC120043709,LOC120048713
GO:0004518	nuclease activity	molecular_function	5	924	201	34268	0.92	6.336e-01	8.485e-01		LOC120032639,LOC120038688,LOC120041602,LOC120044077,rnaset2l
GO:0098562	cytoplasmic side of membrane	cellular_component	5	924	201	34268	0.92	6.336e-01	8.485e-01		LOC120024704,LOC120031456,LOC120033963,LOC120034244,LOC120037504
GO:0016462	pyrophosphatase activity	molecular_function	31	924	1207	34268	0.95	6.356e-01	8.492e-01		LOC120017858,LOC120023431,LOC120028852,LOC120031284,LOC120031389,LOC120031470,LOC120032125,LOC120032897,LOC120033009,LOC120033299,LOC120034119,LOC120034532,LOC120034576,LOC120035155,LOC120036840,LOC120038069,LOC120038426,LOC120039569,LOC120044701,LOC120044712,LOC120046306,LOC120048439,LOC120048677,LOC120048713,LOC120048723
GO:0019693	ribose phosphate metabolic process	biological_process	7	924	281	34268	0.92	6.360e-01	8.492e-01		LOC120028888,LOC120031336,LOC120034662,LOC120036192,LOC120046375,LOC120048719,LOC120053338
GO:0006887	exocytosis	biological_process	5	924	202	34268	0.92	6.379e-01	8.492e-01		LOC120031319,LOC120031527,LOC120036232,rims1b,rims2a
GO:0006913	nucleocytoplasmic transport	biological_process	5	924	202	34268	0.92	6.379e-01	8.492e-01		LOC120027915,LOC120032565,LOC120032787,LOC120038576,tpra
GO:0051169	nuclear transport	biological_process	5	924	202	34268	0.92	6.379e-01	8.492e-01		LOC120027915,LOC120032565,LOC120032787,LOC120038576,tpra
GO:0000398	mRNA splicing, via spliceosome	biological_process	7	924	282	34268	0.92	6.397e-01	8.492e-01		LOC120018359,LOC120032524,LOC120034190,LOC120036183,LOC120038576,LOC120051978,wbp4
GO:0000375	RNA splicing, via transesterification reactions	biological_process	7	924	282	34268	0.92	6.397e-01	8.492e-01		LOC120018359,LOC120032524,LOC120034190,LOC120036183,LOC120038576,LOC120051978,wbp4
GO:0000377	RNA splicing, via transesterification reactions with bulged adenosine as nucleophile	biological_process	7	924	282	34268	0.92	6.397e-01	8.492e-01		LOC120018359,LOC120032524,LOC120034190,LOC120036183,LOC120038576,LOC120051978,wbp4
GO:0008076	voltage-gated potassium channel complex	cellular_component	3	924	122	34268	0.91	6.425e-01	8.496e-01		LOC120039924,LOC120040197,LOC120056459
GO:0030674	protein-macromolecule adaptor activity	molecular_function	7	924	283	34268	0.92	6.434e-01	8.496e-01		LOC120024345,LOC120024704,LOC120047812,LOC120048708,LOC120060841,LOC120065794,LOC120066791
GO:0000280	nuclear division	biological_process	4	924	163	34268	0.91	6.436e-01	8.496e-01		LOC120031673,LOC120036343,ndel1b,rad54b
GO:0018105	peptidyl-serine phosphorylation	biological_process	4	924	163	34268	0.91	6.436e-01	8.496e-01		LOC120031076,LOC120034442,LOC120042781,LOC120044041
GO:0055086	nucleobase-containing small molecule metabolic process	biological_process	15	924	597	34268	0.93	6.458e-01	8.496e-01		LOC120028888,LOC120031336,LOC120031369,LOC120031389,LOC120033928,LOC120034662,LOC120034978,LOC120036192,LOC120037165,LOC120039945,LOC120046375,LOC120048719,LOC120051245,LOC120053044,LOC120053338
GO:0061135	endopeptidase regulator activity	molecular_function	5	924	204	34268	0.91	6.465e-01	8.496e-01		LOC120029189,LOC120029190,LOC120032520,LOC120042195,LOC120044693
GO:0005768	endosome	cellular_component	13	924	520	34268	0.93	6.479e-01	8.496e-01		LOC120019732,LOC120031063,LOC120034098,LOC120034576,LOC120036681,LOC120042628,LOC120042700,LOC120042780,LOC120043705,LOC120048677,LOC120048691,LOC120052417,LOC120059541
GO:0006952	defense response	biological_process	11	924	442	34268	0.92	6.482e-01	8.496e-01		LOC120022365,LOC120022366,LOC120026096,LOC120034275,LOC120037603,LOC120039718,LOC120042734,LOC120044602,LOC120044603,LOC120047575,adam15
GO:0009607	response to biotic stimulus	biological_process	8	924	324	34268	0.92	6.483e-01	8.496e-01		LOC120026096,LOC120037603,LOC120039718,LOC120042734,LOC120044602,LOC120044603,LOC120047575,adam15
GO:0120543	macromolecular conformation isomerase activity	molecular_function	8	924	324	34268	0.92	6.483e-01	8.496e-01		LOC120023431,LOC120024699,LOC120031210,LOC120032877,LOC120036153,LOC120037336,LOC120038576,psmc4
GO:0030658	transport vesicle membrane	cellular_component	4	924	164	34268	0.9	6.483e-01	8.496e-01		LOC120032511,LOC120056477,LOC120056951,syngr3a
GO:0018209	peptidyl-serine modification	biological_process	4	924	164	34268	0.9	6.483e-01	8.496e-01		LOC120031076,LOC120034442,LOC120042781,LOC120044041
GO:0016818	hydrolase activity, acting on acid anhydrides, in phosphorus-containing anhydrides	molecular_function	31	924	1215	34268	0.95	6.500e-01	8.501e-01		LOC120017858,LOC120023431,LOC120028852,LOC120031284,LOC120031389,LOC120031470,LOC120032125,LOC120032897,LOC120033009,LOC120033299,LOC120034119,LOC120034532,LOC120034576,LOC120035155,LOC120036840,LOC120038069,LOC120038426,LOC120039569,LOC120044701,LOC120044712,LOC120046306,LOC120048439,LOC120048677,LOC120048713,LOC120048723
GO:0019897	extrinsic component of plasma membrane	cellular_component	6	924	245	34268	0.91	6.501e-01	8.501e-01		LOC120024704,LOC120033963,LOC120034244,LOC120052362,cdh17,snap91a
GO:0090304	nucleic acid metabolic process	biological_process	44	924	1713	34268	0.95	6.529e-01	8.508e-01		LOC120018359,LOC120020490,LOC120022234,LOC120024894,LOC120028545,LOC120031161,LOC120032297,LOC120032524,LOC120032603,LOC120032639,LOC120033011,LOC120033308,LOC120034065,LOC120034167,LOC120034190,LOC120034192,LOC120034240,LOC120035718,LOC120036183,LOC120037503,LOC120038576,LOC120038866,LOC120040282,LOC120041602,LOC120042479
GO:0008202	steroid metabolic process	biological_process	3	924	124	34268	0.9	6.533e-01	8.508e-01		LOC120031445,LOC120035602,LOC120040629
GO:0006366	transcription by RNA polymerase II	biological_process	3	924	124	34268	0.9	6.533e-01	8.508e-01		LOC120028545,LOC120042594,LOC120049121
GO:0016817	hydrolase activity, acting on acid anhydrides	molecular_function	31	924	1217	34268	0.94	6.536e-01	8.508e-01		LOC120017858,LOC120023431,LOC120028852,LOC120031284,LOC120031389,LOC120031470,LOC120032125,LOC120032897,LOC120033009,LOC120033299,LOC120034119,LOC120034532,LOC120034576,LOC120035155,LOC120036840,LOC120038069,LOC120038426,LOC120039569,LOC120044701,LOC120044712,LOC120046306,LOC120048439,LOC120048677,LOC120048713,LOC120048723
GO:0005730	nucleolus	cellular_component	7	924	286	34268	0.91	6.542e-01	8.508e-01		LOC120032603,LOC120038866,LOC120048718,LOC120048755,LOC120049121,LOC120049196,LOC120053876
GO:0036477	somatodendritic compartment	cellular_component	9	924	366	34268	0.91	6.563e-01	8.527e-01		LOC120023380,LOC120034033,LOC120034271,LOC120036666,LOC120048723,LOC120056459,LOC120056868,apba2b,arhgap44a
GO:0048609	multicellular organismal reproductive process	biological_process	4	924	166	34268	0.89	6.577e-01	8.536e-01		LOC120031673,LOC120042401,LOC120043638,lhcgr
GO:0051960	regulation of nervous system development	biological_process	6	924	248	34268	0.9	6.616e-01	8.568e-01		LOC120032586,LOC120036154,LOC120039573,LOC120041415,LOC120065853,plxnb2a.3
GO:0015108	chloride transmembrane transporter activity	molecular_function	4	924	167	34268	0.89	6.623e-01	8.568e-01		LOC120028812,LOC120047841,LOC120061633,ano9b
GO:0009260	ribonucleotide biosynthetic process	biological_process	4	924	167	34268	0.89	6.623e-01	8.568e-01		LOC120031336,LOC120034662,LOC120046375,LOC120053338
GO:0044089	positive regulation of cellular component biogenesis	biological_process	3	924	126	34268	0.88	6.640e-01	8.572e-01		LOC120033735,LOC120060841,LOC120062569
GO:0061013	regulation of mRNA catabolic process	biological_process	3	924	126	34268	0.88	6.640e-01	8.572e-01		LOC120031686,LOC120043430,LOC120044165
GO:0006091	generation of precursor metabolites and energy	biological_process	7	924	289	34268	0.9	6.648e-01	8.572e-01		LOC120017969,LOC120031281,LOC120033928,LOC120036192,LOC120046115,LOC120048719,LOC120049092
GO:0009150	purine ribonucleotide metabolic process	biological_process	6	924	249	34268	0.89	6.654e-01	8.572e-01		LOC120028888,LOC120031336,LOC120034662,LOC120036192,LOC120048719,LOC120053338
GO:0006820	monoatomic anion transport	biological_process	4	924	168	34268	0.88	6.668e-01	8.582e-01	Y	LOC120034039,LOC120047841,LOC120056477,ano9b
GO:0010605	negative regulation of macromolecule metabolic process	biological_process	26	924	1033	34268	0.93	6.685e-01	8.584e-01		LOC120019052,LOC120022769,LOC120028326,LOC120030768,LOC120031037,LOC120031200,LOC120031686,LOC120032877,LOC120033412,LOC120034065,LOC120034240,LOC120034600,LOC120035244,LOC120035959,LOC120039205,LOC120042479,LOC120042861,LOC120043430,LOC120043709,LOC120044165,LOC120044693,LOC120046301,LOC120048363,LOC120048713,LOC120049361
GO:0090066	regulation of anatomical structure size	biological_process	9	924	370	34268	0.9	6.688e-01	8.584e-01		LOC120029007,LOC120031890,LOC120032586,LOC120034600,LOC120036154,LOC120039573,LOC120041450,LOC120060841,LOC120065853
GO:0051248	negative regulation of protein metabolic process	biological_process	6	924	250	34268	0.89	6.691e-01	8.584e-01		LOC120028326,LOC120030768,LOC120031037,LOC120044693,LOC120048363,LOC120049361
GO:0009890	negative regulation of biosynthetic process	biological_process	21	924	842	34268	0.92	6.734e-01	8.623e-01		LOC120019052,LOC120022769,LOC120028326,LOC120031200,LOC120032877,LOC120033412,LOC120034240,LOC120034531,LOC120034600,LOC120035244,LOC120035959,LOC120039205,LOC120042479,LOC120042861,LOC120043430,LOC120043709,LOC120044165,LOC120046301,LOC120048713,LOC120049361,cbx4
GO:0019208	phosphatase regulator activity	molecular_function	3	924	128	34268	0.87	6.743e-01	8.623e-01		LOC120032996,LOC120033924,LOC120039738
GO:0017157	regulation of exocytosis	biological_process	3	924	128	34268	0.87	6.743e-01	8.623e-01		LOC120031527,LOC120041637,LOC120048677
GO:0003924	GTPase activity	molecular_function	17	924	688	34268	0.92	6.771e-01	8.650e-01		LOC120028852,LOC120031470,LOC120032897,LOC120033299,LOC120034119,LOC120034532,LOC120034576,LOC120036840,LOC120038069,LOC120039569,LOC120044701,LOC120044712,LOC120048439,LOC120048677,LOC120048723,LOC120049166,LOC120063787
GO:0044419	biological process involved in interspecies interaction between organisms	biological_process	8	924	333	34268	0.89	6.780e-01	8.652e-01		LOC120026096,LOC120037603,LOC120039718,LOC120042734,LOC120044602,LOC120044603,LOC120047575,adam15
GO:0140513	nuclear protein-containing complex	cellular_component	36	924	1424	34268	0.94	6.791e-01	8.658e-01		LOC120022234,LOC120022769,LOC120028545,LOC120029158,LOC120031161,LOC120031200,LOC120031528,LOC120032373,LOC120032524,LOC120032916,LOC120034190,LOC120034192,LOC120034476,LOC120036183,LOC120036498,LOC120042434,LOC120042594,LOC120042791,LOC120043218,LOC120044699,LOC120048362,LOC120048713,LOC120048860,LOC120049103,LOC120049121
GO:0046395	carboxylic acid catabolic process	biological_process	4	924	171	34268	0.87	6.803e-01	8.663e-01		LOC120028813,LOC120031308,LOC120033335,LOC120041644
GO:0015631	tubulin binding	molecular_function	10	924	414	34268	0.9	6.814e-01	8.669e-01		LOC120024763,LOC120026064,LOC120031126,LOC120031210,LOC120036153,LOC120036343,LOC120038700,LOC120065794,LOC120066791,ndel1b
GO:0006906	vesicle fusion	biological_process	3	924	130	34268	0.86	6.845e-01	8.676e-01		LOC120031527,LOC120048677,LOC120048708
GO:0045296	cadherin binding	molecular_function	3	924	130	34268	0.86	6.845e-01	8.676e-01		LOC120034093,LOC120052362,cdh17
GO:0031981	nuclear lumen	cellular_component	26	924	1042	34268	0.93	6.853e-01	8.676e-01		LOC120022769,LOC120028545,LOC120030768,LOC120030979,LOC120031200,LOC120031303,LOC120032603,LOC120032916,LOC120034065,LOC120036498,LOC120038866,LOC120040019,LOC120042594,LOC120044165,LOC120048713,LOC120048718,LOC120048755,LOC120048863,LOC120049121,LOC120049196,LOC120050577,LOC120053876,LOC120060841,eaf1,pnisr
GO:0065009	regulation of molecular function	biological_process	23	924	926	34268	0.92	6.860e-01	8.676e-01		LOC120028901,LOC120031470,LOC120032361,LOC120032372,LOC120032517,LOC120032526,LOC120033963,LOC120034033,LOC120034351,LOC120034506,LOC120034531,LOC120036844,LOC120040628,LOC120041011,LOC120041291,LOC120041415,LOC120043430,LOC120044693,LOC120047712,LOC120048363,LOC120051648,arhgap44a,plxnb2a.3
GO:0000209	protein polyubiquitination	biological_process	5	924	214	34268	0.87	6.873e-01	8.676e-01		LOC120031034,LOC120031228,LOC120046258,LOC120048342,ube3d
GO:0006163	purine nucleotide metabolic process	biological_process	8	924	336	34268	0.88	6.875e-01	8.676e-01		LOC120028888,LOC120031336,LOC120031389,LOC120034662,LOC120036192,LOC120048719,LOC120051245,LOC120053338
GO:0098771	inorganic ion homeostasis	biological_process	7	924	296	34268	0.88	6.887e-01	8.676e-01		LOC120023189,LOC120032125,LOC120036150,LOC120047625,LOC120051648,slc24a5,slc39a13
GO:0015931	nucleobase-containing compound transport	biological_process	3	924	131	34268	0.85	6.894e-01	8.676e-01		LOC120027915,LOC120038576,tpra
GO:0004857	enzyme inhibitor activity	molecular_function	8	924	337	34268	0.88	6.906e-01	8.676e-01		LOC120029189,LOC120029190,LOC120030768,LOC120032520,LOC120033924,LOC120042195,LOC120044693,LOC120048363
GO:0043235	signaling receptor complex	cellular_component	12	924	497	34268	0.9	6.910e-01	8.676e-01		LOC120026774,LOC120032224,LOC120032361,LOC120032372,LOC120033625,LOC120034033,LOC120040628,LOC120041415,LOC120043461,LOC120047712,LOC120059541,plxnb2a.3
GO:0031410	cytoplasmic vesicle	cellular_component	27	924	1084	34268	0.92	6.912e-01	8.676e-01		LOC120019732,LOC120031008,LOC120031063,LOC120031097,LOC120031186,LOC120031673,LOC120031991,LOC120032511,LOC120034098,LOC120034576,LOC120036681,LOC120040174,LOC120042628,LOC120042700,LOC120042780,LOC120043705,LOC120044681,LOC120044712,LOC120047812,LOC120048677,LOC120048691,LOC120052417,LOC120056477,LOC120056951,LOC120059541
GO:0030414	peptidase inhibitor activity	molecular_function	5	924	215	34268	0.86	6.912e-01	8.676e-01		LOC120029189,LOC120029190,LOC120032520,LOC120042195,LOC120044693
GO:0000149	SNARE binding	molecular_function	5	924	215	34268	0.86	6.912e-01	8.676e-01		LOC120024345,LOC120031527,LOC120048708,LOC120056951,snap91a
GO:0042626	ATPase-coupled transmembrane transporter activity	molecular_function	4	924	174	34268	0.85	6.933e-01	8.693e-01		LOC120030876,LOC120032125,LOC120035155,LOC120038426
GO:0090174	organelle membrane fusion	biological_process	3	924	132	34268	0.84	6.943e-01	8.697e-01		LOC120031527,LOC120048677,LOC120048708
GO:0097708	intracellular vesicle	cellular_component	27	924	1087	34268	0.92	6.965e-01	8.715e-01		LOC120019732,LOC120031008,LOC120031063,LOC120031097,LOC120031186,LOC120031673,LOC120031991,LOC120032511,LOC120034098,LOC120034576,LOC120036681,LOC120040174,LOC120042628,LOC120042700,LOC120042780,LOC120043705,LOC120044681,LOC120044712,LOC120047812,LOC120048677,LOC120048691,LOC120052417,LOC120056477,LOC120056951,LOC120059541
GO:0009986	cell surface	cellular_component	11	924	460	34268	0.89	6.984e-01	8.727e-01		LOC120026887,LOC120026889,LOC120032458,LOC120034230,LOC120036053,LOC120038648,LOC120044599,LOC120047732,LOC120049292,LOC120052961,LOC120061633
GO:0044282	small molecule catabolic process	biological_process	5	924	217	34268	0.85	6.989e-01	8.727e-01		LOC120028813,LOC120031308,LOC120031369,LOC120033335,LOC120041644
GO:1902494	catalytic complex	cellular_component	48	924	1900	34268	0.94	7.017e-01	8.737e-01		LOC120017880,LOC120017969,LOC120022234,LOC120022769,LOC120023431,LOC120024704,LOC120026894,LOC120028660,LOC120030876,LOC120030879,LOC120031161,LOC120031200,LOC120031228,LOC120031382,LOC120031452,LOC120031496,LOC120032373,LOC120032448,LOC120032839,LOC120032916,LOC120034192,LOC120034244,LOC120034357,LOC120034476,LOC120035718
GO:0030016	myofibril	cellular_component	4	924	176	34268	0.84	7.018e-01	8.737e-01		LOC120031574,LOC120041450,LOC120062138,LOC120062569
GO:0006753	nucleoside phosphate metabolic process	biological_process	13	924	541	34268	0.89	7.018e-01	8.737e-01		LOC120028888,LOC120031336,LOC120031389,LOC120033928,LOC120034662,LOC120034978,LOC120036192,LOC120039945,LOC120046375,LOC120048719,LOC120051245,LOC120053044,LOC120053338
GO:0006401	RNA catabolic process	biological_process	3	924	134	34268	0.83	7.040e-01	8.742e-01		LOC120042479,LOC120043430,rnaset2l
GO:0045087	innate immune response	biological_process	3	924	134	34268	0.83	7.040e-01	8.742e-01	Y	LOC120042734,LOC120047575,adam15
GO:0006520	amino acid metabolic process	biological_process	6	924	260	34268	0.86	7.051e-01	8.742e-01		LOC120024894,LOC120028813,LOC120031308,LOC120043422,LOC120053043,LOC120056450
GO:0015980	energy derivation by oxidation of organic compounds	biological_process	6	924	260	34268	0.86	7.051e-01	8.742e-01		LOC120017969,LOC120033928,LOC120036192,LOC120046115,LOC120048719,LOC120049092
GO:0009790	embryo development	biological_process	4	924	177	34268	0.84	7.060e-01	8.744e-01		LOC120023180,LOC120033014,LOC120040282,LOC120043662
GO:0005126	cytokine receptor binding	molecular_function	6	924	261	34268	0.85	7.086e-01	8.758e-01		LOC120033129,LOC120036154,LOC120037603,LOC120039573,LOC120044602,LOC120044603
GO:0010564	regulation of cell cycle process	biological_process	6	924	261	34268	0.85	7.086e-01	8.758e-01		LOC120018348,LOC120031076,LOC120034065,LOC120034600,LOC120042780,LOC120052274
GO:0016050	vesicle organization	biological_process	6	924	262	34268	0.85	7.120e-01	8.790e-01		LOC120031527,LOC120043705,LOC120048677,LOC120048708,LOC120056951,snap91a
GO:0007167	enzyme-linked receptor protein signaling pathway	biological_process	15	924	625	34268	0.89	7.126e-01	8.790e-01		LOC120023180,LOC120031138,LOC120031528,LOC120031652,LOC120032526,LOC120032586,LOC120033253,LOC120036154,LOC120039573,LOC120041392,LOC120048816,LOC120050520,LOC120053338,LOC120053918,mstnb
GO:0090575	RNA polymerase II transcription regulator complex	cellular_component	4	924	179	34268	0.83	7.142e-01	8.793e-01		LOC120031528,LOC120042434,LOC120042594,rxrbb
GO:0008380	RNA splicing	biological_process	7	924	304	34268	0.85	7.147e-01	8.793e-01		LOC120018359,LOC120032524,LOC120034190,LOC120036183,LOC120038576,LOC120051978,wbp4
GO:0055080	monoatomic cation homeostasis	biological_process	8	924	345	34268	0.86	7.150e-01	8.793e-01		LOC120023189,LOC120024697,LOC120032125,LOC120034039,LOC120036150,LOC120051648,slc24a5,slc39a13
GO:0010558	negative regulation of macromolecule biosynthetic process	biological_process	20	924	824	34268	0.9	7.157e-01	8.793e-01		LOC120019052,LOC120022769,LOC120028326,LOC120031200,LOC120032877,LOC120033412,LOC120034240,LOC120034600,LOC120035244,LOC120035959,LOC120039205,LOC120042479,LOC120042861,LOC120043430,LOC120043709,LOC120044165,LOC120046301,LOC120048713,LOC120049361,cbx4
GO:0004674	protein serine/threonine kinase activity	molecular_function	17	924	709	34268	0.89	7.227e-01	8.857e-01		LOC120024697,LOC120030978,LOC120031076,LOC120031644,LOC120032664,LOC120033010,LOC120034442,LOC120036171,LOC120038374,LOC120041392,LOC120042479,LOC120042773,LOC120042781,LOC120044041,LOC120044077,LOC120050877,LOC120052706
GO:0035770	ribonucleoprotein granule	cellular_component	5	924	224	34268	0.83	7.248e-01	8.857e-01		LOC120032877,LOC120034065,LOC120043430,LOC120044165,pnisr
GO:0048285	organelle fission	biological_process	4	924	182	34268	0.82	7.263e-01	8.857e-01		LOC120031673,LOC120036343,ndel1b,rad54b
GO:0043292	contractile muscle fiber	cellular_component	4	924	182	34268	0.82	7.263e-01	8.857e-01	Y	LOC120031574,LOC120041450,LOC120062138,LOC120062569
GO:0040017	positive regulation of locomotion	biological_process	4	924	182	34268	0.82	7.263e-01	8.857e-01		LOC120024769,LOC120032526,LOC120047299,LOC120065853
GO:0046390	ribose phosphate biosynthetic process	biological_process	4	924	182	34268	0.82	7.263e-01	8.857e-01		LOC120031336,LOC120034662,LOC120046375,LOC120053338
GO:0141091	transforming growth factor beta receptor superfamily signaling pathway	biological_process	3	924	139	34268	0.8	7.271e-01	8.857e-01	Y	LOC120031138,LOC120031528,LOC120031652
GO:0001934	positive regulation of protein phosphorylation	biological_process	5	924	225	34268	0.82	7.284e-01	8.857e-01		LOC120023180,LOC120032526,LOC120034531,LOC120036154,LOC120039573
GO:0005179	hormone activity	molecular_function	4	924	183	34268	0.81	7.302e-01	8.857e-01		LOC120032118,LOC120035363,LOC120044080,LOC120053338
GO:0016747	acyltransferase activity, transferring groups other than amino-acyl groups	molecular_function	7	924	309	34268	0.84	7.302e-01	8.857e-01		LOC120024893,LOC120034461,LOC120043088,LOC120049796,LOC120050322,LOC120052142,LOC120057794
GO:1901135	carbohydrate derivative metabolic process	biological_process	19	924	792	34268	0.89	7.302e-01	8.857e-01		LOC120018827,LOC120024793,LOC120028888,LOC120031336,LOC120031369,LOC120032297,LOC120034662,LOC120034978,LOC120035316,LOC120035658,LOC120036192,LOC120037165,LOC120039718,LOC120044600,LOC120046375,LOC120047580,LOC120048719,LOC120048861,LOC120053338
GO:0042277	peptide binding	molecular_function	3	924	140	34268	0.79	7.316e-01	8.857e-01		LOC120031256,LOC120032113,apba2b
GO:0099094	ligand-gated monoatomic cation channel activity	molecular_function	5	924	226	34268	0.82	7.319e-01	8.857e-01		LOC120026774,LOC120029350,LOC120029915,LOC120040198,LOC120043461
GO:0031401	positive regulation of protein modification process	biological_process	6	924	268	34268	0.83	7.319e-01	8.857e-01		LOC120023180,LOC120032526,LOC120034531,LOC120036154,LOC120039573,LOC120041291
GO:0019898	extrinsic component of membrane	cellular_component	8	924	351	34268	0.85	7.325e-01	8.857e-01		LOC120024704,LOC120028564,LOC120033963,LOC120034244,LOC120041464,LOC120052362,cdh17,snap91a
GO:0050839	cell adhesion molecule binding	molecular_function	9	924	392	34268	0.85	7.325e-01	8.857e-01		LOC120033099,LOC120034093,LOC120035264,LOC120037661,LOC120051529,LOC120052362,adam15,cdh17,tjp1a
GO:1990778	protein localization to cell periphery	biological_process	4	924	184	34268	0.81	7.341e-01	8.860e-01		LOC120032586,LOC120036151,LOC120048677,arhgap44a
GO:1901137	carbohydrate derivative biosynthetic process	biological_process	11	924	474	34268	0.86	7.342e-01	8.860e-01		LOC120024793,LOC120031336,LOC120032297,LOC120034662,LOC120034978,LOC120035316,LOC120035658,LOC120044600,LOC120046375,LOC120047580,LOC120053338
GO:0040012	regulation of locomotion	biological_process	8	924	352	34268	0.84	7.353e-01	8.864e-01		LOC120023180,LOC120024769,LOC120032526,LOC120041415,LOC120047299,LOC120052295,LOC120065853,plxnb2a.3
GO:1903530	regulation of secretion by cell	biological_process	4	924	185	34268	0.8	7.379e-01	8.884e-01		LOC120031527,LOC120034415,LOC120041637,LOC120048677
GO:0006325	chromatin organization	biological_process	6	924	270	34268	0.82	7.384e-01	8.884e-01		LOC120019140,LOC120019680,LOC120028545,LOC120036498,LOC120048713,LOC120051307
GO:0015934	large ribosomal subunit	cellular_component	3	924	142	34268	0.78	7.403e-01	8.898e-01		LOC120034438,LOC120036149,LOC120050159
GO:0051046	regulation of secretion	biological_process	4	924	186	34268	0.8	7.417e-01	8.905e-01		LOC120031527,LOC120034415,LOC120041637,LOC120048677
GO:0061134	peptidase regulator activity	molecular_function	5	924	229	34268	0.81	7.423e-01	8.905e-01		LOC120029189,LOC120029190,LOC120032520,LOC120042195,LOC120044693
GO:0009141	nucleoside triphosphate metabolic process	biological_process	3	924	143	34268	0.78	7.446e-01	8.923e-01		LOC120036192,LOC120048719,LOC120053044
GO:0008021	synaptic vesicle	cellular_component	4	924	189	34268	0.78	7.529e-01	9.005e-01		LOC120048677,LOC120056477,snap91a,syngr3a
GO:0007389	pattern specification process	biological_process	4	924	189	34268	0.78	7.529e-01	9.005e-01		LOC120023180,LOC120033014,LOC120040282,aida
GO:0050801	monoatomic ion homeostasis	biological_process	8	924	359	34268	0.83	7.546e-01	9.016e-01		LOC120023189,LOC120024697,LOC120032125,LOC120034039,LOC120036150,LOC120051648,slc24a5,slc39a13
GO:0031234	extrinsic component of cytoplasmic side of plasma membrane	cellular_component	3	924	146	34268	0.76	7.571e-01	9.038e-01		LOC120024704,LOC120033963,LOC120034244
GO:0007059	chromosome segregation	biological_process	4	924	191	34268	0.78	7.601e-01	9.041e-01		LOC120031076,LOC120036343,LOC120042781,ndel1b
GO:0006164	purine nucleotide biosynthetic process	biological_process	4	924	191	34268	0.78	7.601e-01	9.041e-01		LOC120031336,LOC120034662,LOC120051245,LOC120053338
GO:0015630	microtubule cytoskeleton	cellular_component	18	924	768	34268	0.87	7.601e-01	9.041e-01		LOC120018348,LOC120024763,LOC120025446,LOC120026064,LOC120031076,LOC120031577,LOC120031656,LOC120033735,LOC120034119,LOC120036343,LOC120038700,LOC120039074,LOC120039569,LOC120040457,LOC120042781,cntln,flr,ndel1b
GO:0048878	chemical homeostasis	biological_process	11	924	485	34268	0.84	7.603e-01	9.041e-01		LOC120018360,LOC120023189,LOC120024697,LOC120032125,LOC120034039,LOC120036150,LOC120047625,LOC120051648,LOC120052142,slc24a5,slc39a13
GO:0031967	organelle envelope	cellular_component	14	924	608	34268	0.85	7.621e-01	9.045e-01		LOC120028564,LOC120029158,LOC120031228,LOC120034066,LOC120034531,LOC120034543,LOC120035602,LOC120035676,LOC120038619,LOC120046306,LOC120046375,LOC120056966,LOC120063956,tpra
GO:0008047	enzyme activator activity	molecular_function	11	924	486	34268	0.84	7.626e-01	9.045e-01		LOC120027734,LOC120028632,LOC120028901,LOC120031037,LOC120031222,LOC120036844,LOC120041011,LOC120043074,LOC120043430,LOC120063956,arhgap44a
GO:0008194	UDP-glycosyltransferase activity	molecular_function	4	924	192	34268	0.77	7.636e-01	9.045e-01		LOC120035316,LOC120035658,LOC120047580,mfng
GO:0044092	negative regulation of molecular function	biological_process	4	924	192	34268	0.77	7.636e-01	9.045e-01		LOC120031470,LOC120032517,LOC120044693,LOC120048363
GO:0043066	negative regulation of apoptotic process	biological_process	3	924	149	34268	0.75	7.691e-01	9.101e-01		LOC120031035,LOC120036154,LOC120039573
GO:0006790	sulfur compound metabolic process	biological_process	4	924	194	34268	0.76	7.706e-01	9.110e-01		LOC120028813,LOC120033928,LOC120034662,LOC120052371
GO:0003006	developmental process involved in reproduction	biological_process	3	924	150	34268	0.74	7.730e-01	9.120e-01		LOC120042401,LOC120043638,lhcgr
GO:0045165	cell fate commitment	biological_process	3	924	150	34268	0.74	7.730e-01	9.120e-01		LOC120025342,LOC120043283,LOC120048721
GO:0051247	positive regulation of protein metabolic process	biological_process	9	924	409	34268	0.82	7.758e-01	9.144e-01		LOC120023180,LOC120031228,LOC120032526,LOC120034531,LOC120036154,LOC120039573,LOC120041291,LOC120042781,LOC120048342
GO:0043069	negative regulation of programmed cell death	biological_process	3	924	152	34268	0.73	7.806e-01	9.193e-01		LOC120031035,LOC120036154,LOC120039573
GO:0035556	intracellular signal transduction	biological_process	35	924	1456	34268	0.89	7.817e-01	9.197e-01		LOC120030879,LOC120031076,LOC120031138,LOC120031336,LOC120031528,LOC120031644,LOC120033736,LOC120033924,LOC120034187,LOC120034286,LOC120034316,LOC120034442,LOC120034506,LOC120036171,LOC120036840,LOC120039710,LOC120039944,LOC120039945,LOC120041464,LOC120042035,LOC120042734,LOC120044041,LOC120044077,LOC120044712,LOC120048363
GO:0006813	potassium ion transport	biological_process	7	924	328	34268	0.79	7.837e-01	9.205e-01	Y	LOC120029350,LOC120029915,LOC120030936,LOC120035028,LOC120039924,LOC120040197,LOC120056459
GO:0072522	purine-containing compound biosynthetic process	biological_process	5	924	242	34268	0.77	7.839e-01	9.205e-01		LOC120031336,LOC120033928,LOC120034662,LOC120051245,LOC120053338
GO:1902531	regulation of intracellular signal transduction	biological_process	18	924	783	34268	0.85	7.867e-01	9.222e-01		LOC120028326,LOC120028632,LOC120028901,LOC120031008,LOC120031035,LOC120031126,LOC120032389,LOC120032526,LOC120032913,LOC120034316,LOC120034600,LOC120036053,LOC120037504,LOC120041011,LOC120041392,LOC120042993,LOC120047732,arhgap44a
GO:0006874	intracellular calcium ion homeostasis	biological_process	3	924	154	34268	0.72	7.880e-01	9.222e-01		LOC120032125,LOC120051648,slc24a5
GO:0036464	cytoplasmic ribonucleoprotein granule	cellular_component	3	924	154	34268	0.72	7.880e-01	9.222e-01		LOC120032877,LOC120043430,LOC120044165
GO:0016758	hexosyltransferase activity	molecular_function	6	924	287	34268	0.78	7.886e-01	9.222e-01		LOC120031113,LOC120032297,LOC120037165,LOC120042352,LOC120047580,mfng
GO:0007189	adenylate cyclase-activating G protein-coupled receptor signaling pathway	biological_process	5	924	244	34268	0.76	7.899e-01	9.222e-01		LOC120031336,LOC120032118,LOC120034275,LOC120039945,LOC120042369
GO:0007276	gamete generation	biological_process	3	924	155	34268	0.72	7.916e-01	9.222e-01		LOC120031673,LOC120042401,LOC120043638
GO:0009152	purine ribonucleotide biosynthetic process	biological_process	3	924	155	34268	0.72	7.916e-01	9.222e-01		LOC120031336,LOC120034662,LOC120053338
GO:0006470	protein dephosphorylation	biological_process	6	924	289	34268	0.77	7.939e-01	9.222e-01		LOC120029007,LOC120031456,LOC120031461,LOC120034927,LOC120039738,LOC120048714
GO:0022414	reproductive process	biological_process	6	924	289	34268	0.77	7.939e-01	9.222e-01		LOC120031076,LOC120031673,LOC120042401,LOC120043638,lhcgr,rad54b
GO:0006873	intracellular monoatomic ion homeostasis	biological_process	6	924	289	34268	0.77	7.939e-01	9.222e-01		LOC120032125,LOC120034039,LOC120036150,LOC120051648,slc24a5,slc39a13
GO:0030003	intracellular monoatomic cation homeostasis	biological_process	6	924	289	34268	0.77	7.939e-01	9.222e-01		LOC120032125,LOC120034039,LOC120036150,LOC120051648,slc24a5,slc39a13
GO:0031406	carboxylic acid binding	molecular_function	3	924	156	34268	0.71	7.952e-01	9.222e-01		LOC120042862,LOC120048724,LOC120051445
GO:0141188	nucleic acid catabolic process	biological_process	3	924	156	34268	0.71	7.952e-01	9.222e-01		LOC120042479,LOC120043430,rnaset2l
GO:0070382	exocytic vesicle	cellular_component	4	924	202	34268	0.73	7.969e-01	9.233e-01		LOC120048677,LOC120056477,snap91a,syngr3a
GO:0055074	calcium ion homeostasis	biological_process	3	924	157	34268	0.71	7.987e-01	9.245e-01		LOC120032125,LOC120051648,slc24a5
GO:0001932	regulation of protein phosphorylation	biological_process	8	924	377	34268	0.79	7.995e-01	9.245e-01		LOC120023180,LOC120028326,LOC120030768,LOC120032526,LOC120034531,LOC120036154,LOC120039573,LOC120048363
GO:0030133	transport vesicle	cellular_component	6	924	292	34268	0.76	8.018e-01	9.264e-01		LOC120032511,LOC120048677,LOC120056477,LOC120056951,snap91a,syngr3a
GO:0042592	homeostatic process	biological_process	13	924	588	34268	0.82	8.030e-01	9.268e-01		LOC120018360,LOC120023189,LOC120024697,LOC120032125,LOC120034039,LOC120036150,LOC120038582,LOC120047625,LOC120051648,LOC120052142,slc24a5,slc39a13,tjp1a
GO:0070925	organelle assembly	biological_process	13	924	589	34268	0.82	8.048e-01	9.281e-01		LOC120018348,LOC120020490,LOC120022514,LOC120030986,LOC120039074,LOC120040457,LOC120042401,LOC120042781,LOC120043638,LOC120045821,LOC120047746,LOC120048678,LOC120051331
GO:1903047	mitotic cell cycle process	biological_process	7	924	338	34268	0.77	8.085e-01	9.291e-01		LOC120031076,LOC120031999,LOC120036153,LOC120036343,LOC120036510,LOC120043099,ndel1b
GO:0022402	cell cycle process	biological_process	13	924	591	34268	0.82	8.085e-01	9.291e-01		LOC120018348,LOC120026064,LOC120031076,LOC120031673,LOC120031999,LOC120036153,LOC120036343,LOC120036510,LOC120042781,LOC120043099,cntln,ndel1b,rad54b
GO:0005929	cilium	cellular_component	8	924	381	34268	0.78	8.086e-01	9.291e-01		LOC120024763,LOC120030986,LOC120032148,LOC120032733,LOC120042401,LOC120043638,LOC120047746,flr
GO:0140694	membraneless organelle assembly	biological_process	5	924	251	34268	0.74	8.096e-01	9.291e-01		LOC120018348,LOC120020490,LOC120022514,LOC120042781,LOC120048678
GO:0097447	dendritic tree	cellular_component	6	924	296	34268	0.75	8.120e-01	9.291e-01		LOC120034033,LOC120048723,LOC120056459,LOC120056868,apba2b,arhgap44a
GO:0030425	dendrite	cellular_component	6	924	296	34268	0.75	8.120e-01	9.291e-01		LOC120034033,LOC120048723,LOC120056459,LOC120056868,apba2b,arhgap44a
GO:0098798	mitochondrial protein-containing complex	cellular_component	3	924	161	34268	0.69	8.123e-01	9.291e-01		LOC120034543,LOC120046306,LOC120056966
GO:0016853	isomerase activity	molecular_function	11	924	510	34268	0.8	8.129e-01	9.291e-01		LOC120023431,LOC120024699,LOC120031210,LOC120032877,LOC120033011,LOC120034064,LOC120036153,LOC120037336,LOC120038576,LOC120063956,psmc4
GO:0007049	cell cycle	biological_process	15	924	677	34268	0.82	8.143e-01	9.291e-01		LOC120018348,LOC120026064,LOC120031076,LOC120031673,LOC120031999,LOC120034119,LOC120036153,LOC120036343,LOC120036510,LOC120039569,LOC120042781,LOC120043099,cntln,ndel1b,rad54b
GO:0044093	positive regulation of molecular function	biological_process	11	924	511	34268	0.8	8.148e-01	9.291e-01		LOC120028901,LOC120032526,LOC120033963,LOC120034506,LOC120034531,LOC120036844,LOC120041011,LOC120041291,LOC120043430,LOC120051648,arhgap44a
GO:0032101	regulation of response to external stimulus	biological_process	5	924	253	34268	0.73	8.149e-01	9.291e-01		LOC120024769,LOC120047299,LOC120049292,LOC120050571,LOC120065853
GO:0009887	animal organ morphogenesis	biological_process	4	924	208	34268	0.71	8.150e-01	9.291e-01		LOC120023180,LOC120033014,LOC120040282,LOC120043662
GO:0006575	modified amino acid metabolic process	biological_process	3	924	162	34268	0.69	8.156e-01	9.291e-01		LOC120024893,LOC120033335,LOC120034531
GO:0004843	cysteine-type deubiquitinase activity	molecular_function	3	924	163	34268	0.68	8.188e-01	9.310e-01		LOC120031117,LOC120032422,LOC120037120
GO:0003002	regionalization	biological_process	3	924	163	34268	0.68	8.188e-01	9.310e-01		LOC120023180,LOC120040282,aida
GO:0016788	hydrolase activity, acting on ester bonds	molecular_function	23	924	1007	34268	0.85	8.199e-01	9.314e-01		LOC120017426,LOC120017954,LOC120028326,LOC120028888,LOC120029007,LOC120031120,LOC120031456,LOC120031461,LOC120032639,LOC120034099,LOC120034927,LOC120038688,LOC120040125,LOC120040983,LOC120041602,LOC120046458,LOC120047620,LOC120047622,LOC120048714,LOC120050538,LOC120051447,LOC120052651,timm50
GO:0010608	post-transcriptional regulation of gene expression	biological_process	5	924	256	34268	0.72	8.227e-01	9.324e-01		LOC120031686,LOC120032877,LOC120043430,LOC120044165,LOC120049361
GO:0019953	sexual reproduction	biological_process	5	924	256	34268	0.72	8.227e-01	9.324e-01		LOC120031076,LOC120031673,LOC120042401,LOC120043638,rad54b
GO:0050776	regulation of immune response	biological_process	4	924	211	34268	0.7	8.235e-01	9.324e-01	Y	LOC120022365,LOC120022366,LOC120035113,LOC120049292
GO:0007169	cell surface receptor protein tyrosine kinase signaling pathway	biological_process	9	924	431	34268	0.77	8.239e-01	9.324e-01		LOC120023180,LOC120032526,LOC120032586,LOC120033253,LOC120036154,LOC120039573,LOC120041392,LOC120048816,LOC120053918
GO:0046474	glycerophospholipid biosynthetic process	biological_process	3	924	165	34268	0.67	8.251e-01	9.330e-01	Y	LOC120020464,LOC120034531,LOC120041464
GO:0072659	protein localization to plasma membrane	biological_process	3	924	166	34268	0.67	8.282e-01	9.344e-01		LOC120032586,LOC120048677,arhgap44a
GO:0050778	positive regulation of immune response	biological_process	3	924	166	34268	0.67	8.282e-01	9.344e-01	Y	LOC120022365,LOC120022366,LOC120049292
GO:0010629	negative regulation of gene expression	biological_process	6	924	303	34268	0.73	8.288e-01	9.344e-01		LOC120032877,LOC120034240,LOC120042479,LOC120043430,LOC120044165,LOC120049361
GO:0043484	regulation of RNA splicing	biological_process	3	924	167	34268	0.67	8.313e-01	9.344e-01		LOC120030979,LOC120033308,LOC120062138
GO:0016757	glycosyltransferase activity	molecular_function	11	924	520	34268	0.78	8.313e-01	9.344e-01		LOC120031113,LOC120031369,LOC120032297,LOC120035316,LOC120035658,LOC120037165,LOC120041860,LOC120042352,LOC120047580,mfng,si:dkey-199f5.8
GO:0005912	adherens junction	cellular_component	4	924	214	34268	0.69	8.317e-01	9.344e-01		LOC120033099,LOC120036151,LOC120052362,cdh17
GO:0031399	regulation of protein modification process	biological_process	9	924	435	34268	0.77	8.318e-01	9.344e-01		LOC120023180,LOC120028326,LOC120030768,LOC120032526,LOC120034531,LOC120036154,LOC120039573,LOC120041291,LOC120048363
GO:0043547	positive regulation of GTPase activity	biological_process	5	924	260	34268	0.71	8.327e-01	9.345e-01		LOC120028901,LOC120034506,LOC120036844,LOC120041011,arhgap44a
GO:0045216	cell-cell junction organization	biological_process	4	924	215	34268	0.69	8.344e-01	9.345e-01		LOC120043471,LOC120052362,cdh17,tjp1a
GO:0005911	cell-cell junction	cellular_component	11	924	522	34268	0.78	8.349e-01	9.345e-01		LOC120028229,LOC120031574,LOC120033099,LOC120033263,LOC120033737,LOC120034378,LOC120036151,LOC120043471,LOC120052362,cdh17,tjp1a
GO:0006629	lipid metabolic process	biological_process	24	924	1059	34268	0.84	8.349e-01	9.345e-01	Y	LOC120020464,LOC120024893,LOC120028326,LOC120031120,LOC120031445,LOC120033335,LOC120033928,LOC120034531,LOC120035040,LOC120035180,LOC120035602,LOC120039518,LOC120040125,LOC120040629,LOC120041464,LOC120041644,LOC120041848,LOC120043465,LOC120044600,LOC120047620,LOC120047622,LOC120048861,LOC120052142,LOC120056868
GO:0043087	regulation of GTPase activity	biological_process	7	924	351	34268	0.74	8.373e-01	9.363e-01		LOC120028901,LOC120034506,LOC120036844,LOC120041011,LOC120041415,arhgap44a,plxnb2a.3
GO:0101005	deubiquitinase activity	molecular_function	3	924	170	34268	0.65	8.401e-01	9.379e-01		LOC120031117,LOC120032422,LOC120037120
GO:0042995	cell projection	cellular_component	34	924	1467	34268	0.86	8.410e-01	9.379e-01		LOC120017751,LOC120017841,LOC120024345,LOC120024763,LOC120028326,LOC120028812,LOC120030794,LOC120030986,LOC120031026,LOC120031126,LOC120031527,LOC120032148,LOC120032586,LOC120032733,LOC120033099,LOC120033625,LOC120034033,LOC120041392,LOC120041637,LOC120042401,LOC120043638,LOC120044712,LOC120047746,LOC120048723,LOC120049361
GO:0120025	plasma membrane bounded cell projection	cellular_component	33	924	1427	34268	0.86	8.410e-01	9.379e-01		LOC120017751,LOC120017841,LOC120024345,LOC120024763,LOC120028326,LOC120028812,LOC120030794,LOC120030986,LOC120031026,LOC120031126,LOC120031527,LOC120032148,LOC120032586,LOC120032733,LOC120033099,LOC120033625,LOC120034033,LOC120041392,LOC120041637,LOC120042401,LOC120043638,LOC120047746,LOC120048723,LOC120049361,LOC120052410
GO:0016311	dephosphorylation	biological_process	8	924	398	34268	0.75	8.438e-01	9.385e-01		LOC120028326,LOC120029007,LOC120031120,LOC120031456,LOC120031461,LOC120034927,LOC120039738,LOC120048714
GO:0140097	catalytic activity, acting on DNA	molecular_function	5	924	265	34268	0.7	8.446e-01	9.385e-01		LOC120032639,LOC120038749,LOC120048713,atad5a,rad54b
GO:0071805	potassium ion transmembrane transport	biological_process	5	924	265	34268	0.7	8.446e-01	9.385e-01		LOC120029350,LOC120029915,LOC120035028,LOC120039924,LOC120056459
GO:0018193	peptidyl-amino acid modification	biological_process	10	924	485	34268	0.76	8.447e-01	9.385e-01		LOC120031076,LOC120032448,LOC120034086,LOC120034437,LOC120034442,LOC120034541,LOC120042781,LOC120044041,LOC120052428,LOC120063956
GO:0051345	positive regulation of hydrolase activity	biological_process	5	924	268	34268	0.69	8.513e-01	9.440e-01		LOC120028901,LOC120034506,LOC120036844,LOC120041011,arhgap44a
GO:0005543	phospholipid binding	molecular_function	7	924	358	34268	0.73	8.514e-01	9.440e-01	Y	LOC120020464,LOC120028853,LOC120031527,LOC120038029,LOC120042700,LOC120048691,snap91a
GO:0000278	mitotic cell cycle	biological_process	9	924	446	34268	0.75	8.519e-01	9.440e-01		LOC120031076,LOC120031999,LOC120034119,LOC120036153,LOC120036343,LOC120036510,LOC120039569,LOC120043099,ndel1b
GO:0055082	intracellular chemical homeostasis	biological_process	6	924	315	34268	0.71	8.547e-01	9.456e-01		LOC120032125,LOC120034039,LOC120036150,LOC120051648,slc24a5,slc39a13
GO:0061695	transferase complex, transferring phosphorus-containing groups	cellular_component	8	924	404	34268	0.73	8.549e-01	9.456e-01		LOC120022234,LOC120031161,LOC120034192,LOC120039604,LOC120041464,LOC120042594,LOC120048860,LOC120049121
GO:0099503	secretory vesicle	cellular_component	5	924	271	34268	0.68	8.579e-01	9.464e-01		LOC120031186,LOC120048677,LOC120056477,snap91a,syngr3a
GO:0006650	glycerophospholipid metabolic process	biological_process	5	924	271	34268	0.68	8.579e-01	9.464e-01	Y	LOC120020464,LOC120028326,LOC120031120,LOC120034531,LOC120041464
GO:0003729	mRNA binding	molecular_function	9	924	450	34268	0.74	8.588e-01	9.464e-01		LOC120028545,LOC120030979,LOC120033308,LOC120036183,LOC120043430,LOC120049103,LOC120049361,LOC120049390,LOC120051433
GO:0016579	protein deubiquitination	biological_process	3	924	177	34268	0.63	8.592e-01	9.464e-01		LOC120031117,LOC120032422,LOC120037120
GO:0090407	organophosphate biosynthetic process	biological_process	11	924	537	34268	0.76	8.595e-01	9.464e-01		LOC120020464,LOC120031336,LOC120033928,LOC120034531,LOC120034662,LOC120034978,LOC120039945,LOC120041464,LOC120046375,LOC120051245,LOC120053338
GO:0009967	positive regulation of signal transduction	biological_process	10	924	495	34268	0.75	8.613e-01	9.465e-01		LOC120031035,LOC120032389,LOC120032526,LOC120036053,LOC120037120,LOC120037504,LOC120042781,LOC120043471,LOC120047732,LOC120049292
GO:0016042	lipid catabolic process	biological_process	3	924	178	34268	0.63	8.617e-01	9.465e-01	Y	LOC120033335,LOC120041644,LOC120048861
GO:0065008	regulation of biological quality	biological_process	34	924	1488	34268	0.85	8.619e-01	9.465e-01		LOC120022365,LOC120022366,LOC120029007,LOC120031686,LOC120031890,LOC120032361,LOC120032372,LOC120032586,LOC120033099,LOC120033625,LOC120034033,LOC120034039,LOC120034275,LOC120034600,LOC120035602,LOC120036154,LOC120039573,LOC120040628,LOC120041415,LOC120041450,LOC120041637,LOC120043430,LOC120044712,LOC120047712,LOC120050578
GO:0005635	nuclear envelope	cellular_component	3	924	179	34268	0.62	8.642e-01	9.482e-01		LOC120029158,LOC120063956,tpra
GO:0098588	bounding membrane of organelle	cellular_component	20	924	921	34268	0.81	8.662e-01	9.494e-01		LOC120019732,LOC120024345,LOC120025214,LOC120030876,LOC120031319,LOC120031696,LOC120031991,LOC120032001,LOC120032389,LOC120032511,LOC120034066,LOC120042735,LOC120042780,LOC120043705,LOC120047812,LOC120048691,LOC120052417,LOC120056477,LOC120056951,syngr3a
GO:0072521	purine-containing compound metabolic process	biological_process	9	924	455	34268	0.73	8.670e-01	9.494e-01		LOC120028888,LOC120031336,LOC120031389,LOC120033928,LOC120034662,LOC120036192,LOC120048719,LOC120051245,LOC120053338
GO:0048284	organelle fusion	biological_process	3	924	182	34268	0.61	8.715e-01	9.532e-01		LOC120031527,LOC120048677,LOC120048708
GO:0030334	regulation of cell migration	biological_process	6	924	324	34268	0.69	8.720e-01	9.532e-01		LOC120023180,LOC120032526,LOC120041415,LOC120052295,LOC120065853,plxnb2a.3
GO:0019725	cellular homeostasis	biological_process	7	924	371	34268	0.7	8.749e-01	9.555e-01		LOC120032125,LOC120034039,LOC120036150,LOC120038582,LOC120051648,slc24a5,slc39a13
GO:0043005	neuron projection	cellular_component	22	924	1015	34268	0.8	8.783e-01	9.585e-01		LOC120017751,LOC120017841,LOC120024345,LOC120028812,LOC120030794,LOC120031026,LOC120031527,LOC120032586,LOC120033625,LOC120034033,LOC120041392,LOC120041637,LOC120048723,LOC120049361,LOC120052410,LOC120056450,LOC120056459,LOC120056868,LOC120061633,apba2b,arhgap44a,slc8a2b
GO:0060090	molecular adaptor activity	molecular_function	7	924	375	34268	0.69	8.814e-01	9.610e-01		LOC120024345,LOC120024704,LOC120047812,LOC120048708,LOC120060841,LOC120065794,LOC120066791
GO:0008234	cysteine-type peptidase activity	molecular_function	5	924	284	34268	0.65	8.834e-01	9.621e-01		LOC120028813,LOC120031117,LOC120032422,LOC120037120,LOC120048441
GO:0070013	intracellular organelle lumen	cellular_component	28	924	1270	34268	0.82	8.856e-01	9.621e-01		LOC120022769,LOC120028545,LOC120030768,LOC120030979,LOC120031200,LOC120031303,LOC120032603,LOC120032916,LOC120033736,LOC120034065,LOC120036498,LOC120038866,LOC120040019,LOC120042594,LOC120042628,LOC120044165,LOC120048713,LOC120048718,LOC120048755,LOC120048863,LOC120049121,LOC120049196,LOC120050577,LOC120053876,LOC120060841
GO:0031974	membrane-enclosed lumen	cellular_component	28	924	1270	34268	0.82	8.856e-01	9.621e-01		LOC120022769,LOC120028545,LOC120030768,LOC120030979,LOC120031200,LOC120031303,LOC120032603,LOC120032916,LOC120033736,LOC120034065,LOC120036498,LOC120038866,LOC120040019,LOC120042594,LOC120042628,LOC120044165,LOC120048713,LOC120048718,LOC120048755,LOC120048863,LOC120049121,LOC120049196,LOC120050577,LOC120053876,LOC120060841
GO:0043233	organelle lumen	cellular_component	28	924	1270	34268	0.82	8.856e-01	9.621e-01		LOC120022769,LOC120028545,LOC120030768,LOC120030979,LOC120031200,LOC120031303,LOC120032603,LOC120032916,LOC120033736,LOC120034065,LOC120036498,LOC120038866,LOC120040019,LOC120042594,LOC120042628,LOC120044165,LOC120048713,LOC120048718,LOC120048755,LOC120048863,LOC120049121,LOC120049196,LOC120050577,LOC120053876,LOC120060841
GO:0006974	DNA damage response	biological_process	9	924	468	34268	0.71	8.865e-01	9.621e-01		LOC120031034,LOC120032639,LOC120034065,LOC120034167,LOC120034187,LOC120035718,LOC120039710,LOC120039944,rad54b
GO:0019783	ubiquitin-like protein peptidase activity	molecular_function	3	924	189	34268	0.59	8.872e-01	9.621e-01		LOC120031117,LOC120032422,LOC120037120
GO:0051604	protein maturation	biological_process	7	924	381	34268	0.68	8.908e-01	9.649e-01		LOC120031284,LOC120032387,LOC120033009,LOC120034803,LOC120037627,LOC120046306,LOC120050580
GO:0008654	phospholipid biosynthetic process	biological_process	3	924	191	34268	0.58	8.914e-01	9.649e-01	Y	LOC120020464,LOC120034531,LOC120041464
GO:0048584	positive regulation of response to stimulus	biological_process	14	924	694	34268	0.75	8.958e-01	9.676e-01		LOC120022365,LOC120022366,LOC120024769,LOC120031035,LOC120032389,LOC120032526,LOC120036053,LOC120037120,LOC120037504,LOC120042781,LOC120043471,LOC120047299,LOC120047732,LOC120049292
GO:0045017	glycerolipid biosynthetic process	biological_process	3	924	194	34268	0.57	8.974e-01	9.676e-01	Y	LOC120020464,LOC120034531,LOC120041464
GO:0005764	lysosome	cellular_component	4	924	244	34268	0.61	8.975e-01	9.676e-01		LOC120030876,LOC120031319,LOC120031696,LOC120032389
GO:0000785	chromatin	cellular_component	8	924	432	34268	0.69	8.986e-01	9.676e-01		LOC120019680,LOC120022769,LOC120031200,LOC120031303,LOC120032373,LOC120034476,LOC120048713,LOC120051307
GO:0042391	regulation of membrane potential	biological_process	5	924	293	34268	0.63	8.987e-01	9.676e-01		LOC120033625,LOC120041637,rims1b,rims2a,scn1ba
GO:0005230	extracellular ligand-gated monoatomic ion channel activity	molecular_function	3	924	195	34268	0.57	8.993e-01	9.676e-01		LOC120026774,LOC120033625,LOC120043461
GO:0043085	positive regulation of catalytic activity	biological_process	9	924	478	34268	0.7	8.998e-01	9.676e-01		LOC120028901,LOC120032526,LOC120034506,LOC120034531,LOC120036844,LOC120041011,LOC120041291,LOC120043430,arhgap44a
GO:0080134	regulation of response to stress	biological_process	4	924	246	34268	0.6	9.010e-01	9.676e-01		LOC120031034,LOC120034065,LOC120049292,LOC120050571
GO:0000323	lytic vacuole	cellular_component	4	924	246	34268	0.6	9.010e-01	9.676e-01		LOC120030876,LOC120031319,LOC120031696,LOC120032389
GO:0043410	positive regulation of MAPK cascade	biological_process	3	924	197	34268	0.56	9.031e-01	9.689e-01		LOC120032526,LOC120036053,LOC120047732
GO:2000145	regulation of cell motility	biological_process	6	924	344	34268	0.65	9.043e-01	9.689e-01		LOC120023180,LOC120032526,LOC120041415,LOC120052295,LOC120065853,plxnb2a.3
GO:0045859	regulation of protein kinase activity	biological_process	3	924	198	34268	0.56	9.049e-01	9.689e-01		LOC120032526,LOC120034531,LOC120048363
GO:0005694	chromosome	cellular_component	14	924	703	34268	0.74	9.053e-01	9.689e-01		LOC120019680,LOC120022769,LOC120031076,LOC120031200,LOC120031303,LOC120032373,LOC120032639,LOC120034476,LOC120036343,LOC120043218,LOC120048713,LOC120050577,LOC120051307,ndel1b
GO:0005773	vacuole	cellular_component	6	924	346	34268	0.64	9.071e-01	9.695e-01		LOC120024345,LOC120030876,LOC120031319,LOC120031696,LOC120032389,LOC120051331
GO:0019207	kinase regulator activity	molecular_function	4	924	250	34268	0.59	9.076e-01	9.695e-01		LOC120030768,LOC120039604,LOC120041464,LOC120048363
GO:0019887	protein kinase regulator activity	molecular_function	3	924	201	34268	0.55	9.102e-01	9.715e-01		LOC120030768,LOC120039604,LOC120048363
GO:0051336	regulation of hydrolase activity	biological_process	8	924	444	34268	0.67	9.136e-01	9.735e-01		LOC120028901,LOC120034506,LOC120036844,LOC120041011,LOC120041415,LOC120044693,arhgap44a,plxnb2a.3
GO:0010256	endomembrane system organization	biological_process	6	924	351	34268	0.63	9.138e-01	9.735e-01		LOC120032586,LOC120032593,LOC120033985,LOC120042700,LOC120050578,LOC120060841
GO:0141124	intracellular signaling cassette	biological_process	11	924	581	34268	0.7	9.153e-01	9.735e-01		LOC120031138,LOC120031528,LOC120033736,LOC120034506,LOC120036840,LOC120042035,LOC120042734,LOC120044712,LOC120048723,LOC120050520,mstnb
GO:0008610	lipid biosynthetic process	biological_process	9	924	492	34268	0.68	9.163e-01	9.735e-01	Y	LOC120020464,LOC120031445,LOC120033928,LOC120034531,LOC120035602,LOC120040629,LOC120041464,LOC120044600,LOC120052142
GO:0016197	endosomal transport	biological_process	4	924	256	34268	0.58	9.167e-01	9.735e-01		LOC120019732,LOC120042780,LOC120043705,arhgap44a
GO:0006338	chromatin remodeling	biological_process	3	924	205	34268	0.54	9.168e-01	9.735e-01		LOC120019680,LOC120028545,LOC120048713
GO:0009653	anatomical structure morphogenesis	biological_process	21	924	1017	34268	0.77	9.178e-01	9.736e-01		LOC120023180,LOC120023487,LOC120031026,LOC120031126,LOC120031528,LOC120032388,LOC120033014,LOC120033253,LOC120036154,LOC120039573,LOC120040282,LOC120041415,LOC120043662,LOC120044712,LOC120046325,LOC120052362,LOC120052410,LOC120053918,LOC120065853,cdh17,plxnb2a.3
GO:0070646	protein modification by small protein removal	biological_process	3	924	208	34268	0.53	9.215e-01	9.765e-01		LOC120031117,LOC120032422,LOC120037120
GO:0008284	positive regulation of cell population proliferation	biological_process	3	924	209	34268	0.53	9.230e-01	9.765e-01		LOC120023180,LOC120032526,LOC120033014
GO:0022834	ligand-gated channel activity	molecular_function	6	924	359	34268	0.62	9.237e-01	9.765e-01		LOC120026774,LOC120029350,LOC120029915,LOC120033625,LOC120040198,LOC120043461
GO:0015276	ligand-gated monoatomic ion channel activity	molecular_function	6	924	359	34268	0.62	9.237e-01	9.765e-01		LOC120026774,LOC120029350,LOC120029915,LOC120033625,LOC120040198,LOC120043461
GO:0051246	regulation of protein metabolic process	biological_process	15	924	773	34268	0.72	9.289e-01	9.812e-01		LOC120023180,LOC120028326,LOC120030768,LOC120031037,LOC120031228,LOC120032526,LOC120034531,LOC120036154,LOC120039573,LOC120041291,LOC120042781,LOC120044693,LOC120048342,LOC120048363,LOC120049361
GO:0030695	GTPase regulator activity	molecular_function	13	924	687	34268	0.7	9.307e-01	9.822e-01		LOC120018364,LOC120028632,LOC120028901,LOC120031126,LOC120031222,LOC120034506,LOC120036844,LOC120041011,LOC120042993,LOC120043074,LOC120052282,LOC120063956,arhgap44a
GO:0051726	regulation of cell cycle	biological_process	7	924	417	34268	0.62	9.346e-01	9.850e-01		LOC120018348,LOC120031076,LOC120034065,LOC120034600,LOC120042780,LOC120044598,LOC120052274
GO:0007166	cell surface receptor signaling pathway	biological_process	36	924	1672	34268	0.8	9.350e-01	9.850e-01		LOC120022365,LOC120022366,LOC120023180,LOC120030901,LOC120031138,LOC120031528,LOC120031652,LOC120032458,LOC120032526,LOC120032586,LOC120033253,LOC120034187,LOC120034230,LOC120034531,LOC120036053,LOC120036154,LOC120036171,LOC120037603,LOC120039573,LOC120041392,LOC120041415,LOC120042369,LOC120043283,LOC120044602,LOC120044603
GO:0006281	DNA repair	biological_process	5	924	322	34268	0.58	9.367e-01	9.860e-01		LOC120032639,LOC120034065,LOC120034167,LOC120035718,rad54b
GO:0043408	regulation of MAPK cascade	biological_process	4	924	273	34268	0.54	9.384e-01	9.866e-01		LOC120032526,LOC120032913,LOC120036053,LOC120047732
GO:0008528	G protein-coupled peptide receptor activity	molecular_function	3	924	221	34268	0.5	9.392e-01	9.866e-01		LOC120017351,LOC120037229,LOC120042369
GO:0060589	nucleoside-triphosphatase regulator activity	molecular_function	13	924	699	34268	0.69	9.398e-01	9.866e-01		LOC120018364,LOC120028632,LOC120028901,LOC120031126,LOC120031222,LOC120034506,LOC120036844,LOC120041011,LOC120042993,LOC120043074,LOC120052282,LOC120063956,arhgap44a
GO:0030154	cell differentiation	biological_process	37	924	1730	34268	0.79	9.430e-01	9.866e-01		LOC120023180,LOC120023487,LOC120025342,LOC120031026,LOC120031528,LOC120032388,LOC120032586,LOC120032645,LOC120033014,LOC120033116,LOC120033253,LOC120034392,LOC120036154,LOC120036900,LOC120037273,LOC120039074,LOC120039569,LOC120039573,LOC120041415,LOC120042401,LOC120042747,LOC120043283,LOC120043638,LOC120043662,LOC120044712
GO:0048869	cellular developmental process	biological_process	37	924	1731	34268	0.79	9.434e-01	9.866e-01		LOC120023180,LOC120023487,LOC120025342,LOC120031026,LOC120031528,LOC120032388,LOC120032586,LOC120032645,LOC120033014,LOC120033116,LOC120033253,LOC120034392,LOC120036154,LOC120036900,LOC120037273,LOC120039074,LOC120039569,LOC120039573,LOC120041415,LOC120042401,LOC120042747,LOC120043283,LOC120043638,LOC120043662,LOC120044712
GO:0008289	lipid binding	molecular_function	11	924	614	34268	0.66	9.437e-01	9.866e-01	Y	LOC120020464,LOC120024927,LOC120028853,LOC120031527,LOC120038029,LOC120042700,LOC120042862,LOC120048357,LOC120048691,LOC120048724,snap91a
GO:0045937	positive regulation of phosphate metabolic process	biological_process	5	924	329	34268	0.56	9.437e-01	9.866e-01		LOC120023180,LOC120032526,LOC120034531,LOC120036154,LOC120039573
GO:0042327	positive regulation of phosphorylation	biological_process	5	924	329	34268	0.56	9.437e-01	9.866e-01		LOC120023180,LOC120032526,LOC120034531,LOC120036154,LOC120039573
GO:0005085	guanyl-nucleotide exchange factor activity	molecular_function	6	924	380	34268	0.59	9.450e-01	9.871e-01		LOC120018364,LOC120031126,LOC120031222,LOC120034506,LOC120042993,LOC120052282
GO:0070161	anchoring junction	cellular_component	11	924	619	34268	0.66	9.472e-01	9.879e-01		LOC120028229,LOC120031574,LOC120033099,LOC120033263,LOC120033737,LOC120034378,LOC120036151,LOC120043471,LOC120052362,cdh17,tjp1a
GO:0007188	adenylate cyclase-modulating G protein-coupled receptor signaling pathway	biological_process	5	924	333	34268	0.56	9.474e-01	9.879e-01		LOC120031336,LOC120032118,LOC120034275,LOC120039945,LOC120042369
GO:0034329	cell junction assembly	biological_process	3	924	231	34268	0.48	9.502e-01	9.900e-01		LOC120050074,LOC120052362,cdh17
GO:0030594	neurotransmitter receptor activity	molecular_function	3	924	232	34268	0.48	9.512e-01	9.901e-01		LOC120026774,LOC120033625,LOC120043461
GO:0007005	mitochondrion organization	biological_process	3	924	234	34268	0.48	9.531e-01	9.913e-01		LOC120033012,LOC120034543,LOC120049092
GO:1902533	positive regulation of intracellular signal transduction	biological_process	6	924	394	34268	0.56	9.561e-01	9.927e-01		LOC120031035,LOC120032389,LOC120032526,LOC120036053,LOC120037504,LOC120047732
GO:0005509	calcium ion binding	molecular_function	25	924	1254	34268	0.74	9.561e-01	9.927e-01		LOC120023175,LOC120023487,LOC120026064,LOC120028571,LOC120031295,LOC120031504,LOC120031527,LOC120032645,LOC120032996,LOC120033736,LOC120034064,LOC120034529,LOC120034533,LOC120035028,LOC120037627,LOC120038853,LOC120040395,LOC120042780,LOC120042988,LOC120049166,LOC120049179,LOC120049200,LOC120051648,LOC120052362,cdh17
GO:0042325	regulation of phosphorylation	biological_process	8	924	497	34268	0.6	9.593e-01	9.944e-01		LOC120023180,LOC120028326,LOC120030768,LOC120032526,LOC120034531,LOC120036154,LOC120039573,LOC120048363
GO:0046486	glycerolipid metabolic process	biological_process	5	924	348	34268	0.53	9.594e-01	9.944e-01	Y	LOC120020464,LOC120028326,LOC120031120,LOC120034531,LOC120041464
GO:0033554	cellular response to stress	biological_process	14	924	783	34268	0.66	9.623e-01	9.951e-01		LOC120030879,LOC120031034,LOC120032639,LOC120034065,LOC120034167,LOC120034187,LOC120034316,LOC120035718,LOC120039710,LOC120039944,LOC120042734,LOC120044077,herpud2,rad54b
GO:0005975	carbohydrate metabolic process	biological_process	6	924	405	34268	0.55	9.633e-01	9.951e-01		LOC120024793,LOC120036192,LOC120036917,LOC120040973,LOC120048719,si:dkey-199f5.8
GO:0001653	peptide receptor activity	molecular_function	3	924	249	34268	0.45	9.655e-01	9.951e-01		LOC120017351,LOC120037229,LOC120042369
GO:1903311	regulation of mRNA metabolic process	biological_process	3	924	251	34268	0.44	9.669e-01	9.951e-01		LOC120031686,LOC120043430,LOC120044165
GO:0006950	response to stress	biological_process	29	924	1457	34268	0.74	9.674e-01	9.951e-01		LOC120017721,LOC120022365,LOC120022366,LOC120026096,LOC120030879,LOC120031034,LOC120031444,LOC120032639,LOC120034065,LOC120034167,LOC120034187,LOC120034275,LOC120034316,LOC120034531,LOC120034803,LOC120035718,LOC120037603,LOC120039710,LOC120039718,LOC120039944,LOC120042734,LOC120044077,LOC120044602,LOC120044603,LOC120047575
GO:0007264	small GTPase-mediated signal transduction	biological_process	4	924	308	34268	0.48	9.678e-01	9.951e-01		LOC120034506,LOC120036840,LOC120044712,LOC120048723
GO:0030234	enzyme regulator activity	molecular_function	28	924	1416	34268	0.73	9.680e-01	9.951e-01		LOC120018364,LOC120027734,LOC120028632,LOC120028901,LOC120029189,LOC120029190,LOC120030768,LOC120031037,LOC120031126,LOC120031222,LOC120032520,LOC120032996,LOC120033924,LOC120034506,LOC120036844,LOC120039604,LOC120039738,LOC120041011,LOC120041464,LOC120042195,LOC120042993,LOC120043074,LOC120043430,LOC120044693,LOC120048363
GO:0044283	small molecule biosynthetic process	biological_process	4	924	309	34268	0.48	9.684e-01	9.951e-01		LOC120028564,LOC120033928,LOC120036917,coq3
GO:0010628	positive regulation of gene expression	biological_process	3	924	254	34268	0.44	9.688e-01	9.951e-01		LOC120023180,LOC120031686,LOC120049292
GO:0006644	phospholipid metabolic process	biological_process	5	924	364	34268	0.51	9.693e-01	9.951e-01	Y	LOC120020464,LOC120028326,LOC120031120,LOC120034531,LOC120041464
GO:0051254	positive regulation of RNA metabolic process	biological_process	12	924	709	34268	0.63	9.702e-01	9.951e-01		LOC120019680,LOC120030836,LOC120031303,LOC120033014,LOC120034476,LOC120038749,LOC120043430,LOC120044165,LOC120045528,LOC120048863,eaf1,rxrbb
GO:0051338	regulation of transferase activity	biological_process	4	924	314	34268	0.47	9.713e-01	9.951e-01		LOC120032526,LOC120034531,LOC120041291,LOC120048363
GO:0010604	positive regulation of macromolecule metabolic process	biological_process	23	924	1217	34268	0.7	9.736e-01	9.951e-01		LOC120019680,LOC120023180,LOC120030836,LOC120031228,LOC120031303,LOC120031686,LOC120032526,LOC120033014,LOC120034476,LOC120034531,LOC120036154,LOC120038749,LOC120039573,LOC120041291,LOC120042781,LOC120043430,LOC120044165,LOC120045528,LOC120048342,LOC120048863,LOC120049292,eaf1,rxrbb
GO:0042127	regulation of cell population proliferation	biological_process	5	924	373	34268	0.5	9.739e-01	9.951e-01		LOC120023180,LOC120032526,LOC120033014,LOC120034600,LOC120044598
GO:1902680	positive regulation of RNA biosynthetic process	biological_process	10	924	625	34268	0.59	9.743e-01	9.951e-01		LOC120019680,LOC120030836,LOC120031303,LOC120033014,LOC120034476,LOC120038749,LOC120045528,LOC120048863,eaf1,rxrbb
GO:0045893	positive regulation of DNA-templated transcription	biological_process	10	924	625	34268	0.59	9.743e-01	9.951e-01		LOC120019680,LOC120030836,LOC120031303,LOC120033014,LOC120034476,LOC120038749,LOC120045528,LOC120048863,eaf1,rxrbb
GO:0006793	phosphorus metabolic process	biological_process	18	924	1000	34268	0.67	9.753e-01	9.951e-01		LOC120020464,LOC120028326,LOC120028888,LOC120031120,LOC120031336,LOC120031389,LOC120033928,LOC120034531,LOC120034662,LOC120034978,LOC120036192,LOC120039945,LOC120041464,LOC120046375,LOC120048719,LOC120051245,LOC120053044,LOC120053338
GO:0019637	organophosphate metabolic process	biological_process	18	924	1000	34268	0.67	9.753e-01	9.951e-01		LOC120020464,LOC120028326,LOC120028888,LOC120031120,LOC120031336,LOC120031389,LOC120033928,LOC120034531,LOC120034662,LOC120034978,LOC120036192,LOC120039945,LOC120041464,LOC120046375,LOC120048719,LOC120051245,LOC120053044,LOC120053338
GO:0045944	positive regulation of transcription by RNA polymerase II	biological_process	6	924	429	34268	0.52	9.755e-01	9.951e-01		LOC120019680,LOC120030836,LOC120033014,LOC120038749,LOC120045528,rxrbb
GO:0007186	G protein-coupled receptor signaling pathway	biological_process	28	924	1471	34268	0.71	9.815e-01	9.999e-01		LOC120017351,LOC120019203,LOC120019608,LOC120022365,LOC120022366,LOC120024704,LOC120030901,LOC120031256,LOC120031336,LOC120031739,LOC120032118,LOC120033438,LOC120033892,LOC120033983,LOC120034095,LOC120034244,LOC120034275,LOC120035322,LOC120037229,LOC120037603,LOC120038875,LOC120039945,LOC120042369,LOC120044602,LOC120044603
GO:0009893	positive regulation of metabolic process	biological_process	26	924	1385	34268	0.7	9.819e-01	9.999e-01		LOC120019680,LOC120023180,LOC120030836,LOC120031228,LOC120031303,LOC120031686,LOC120032526,LOC120033014,LOC120034316,LOC120034476,LOC120034531,LOC120036154,LOC120038749,LOC120039573,LOC120041291,LOC120042781,LOC120043430,LOC120044165,LOC120045528,LOC120048342,LOC120048863,LOC120049292,LOC120066511,eaf1,fbxo7
GO:0050790	regulation of catalytic activity	biological_process	13	924	797	34268	0.6	9.828e-01	9.999e-01		LOC120028901,LOC120032526,LOC120034506,LOC120034531,LOC120036844,LOC120041011,LOC120041291,LOC120041415,LOC120043430,LOC120044693,LOC120048363,arhgap44a,plxnb2a.3
GO:0006259	DNA metabolic process	biological_process	7	924	506	34268	0.51	9.840e-01	9.999e-01		LOC120032639,LOC120034065,LOC120034167,LOC120035718,LOC120043218,LOC120050577,rad54b
GO:0004930	G protein-coupled receptor activity	molecular_function	20	924	1143	34268	0.65	9.867e-01	9.999e-01		LOC120017351,LOC120019608,LOC120022365,LOC120022366,LOC120030901,LOC120031256,LOC120031739,LOC120033438,LOC120033892,LOC120033983,LOC120034095,LOC120034275,LOC120034529,LOC120035322,LOC120037229,LOC120038875,LOC120042369,LOC120047882,LOC120059541,lhcgr
GO:0009888	tissue development	biological_process	3	924	297	34268	0.37	9.875e-01	9.999e-01		LOC120023180,LOC120065853,tjp1a
GO:0043549	regulation of kinase activity	biological_process	3	924	298	34268	0.37	9.877e-01	9.999e-01		LOC120032526,LOC120034531,LOC120048363
GO:0010557	positive regulation of macromolecule biosynthetic process	biological_process	13	924	864	34268	0.56	9.933e-01	9.999e-01		LOC120019680,LOC120023180,LOC120030836,LOC120031303,LOC120031686,LOC120033014,LOC120034476,LOC120038749,LOC120045528,LOC120048863,LOC120049292,eaf1,rxrbb
GO:0098609	cell-cell adhesion	biological_process	9	924	663	34268	0.5	9.934e-01	9.999e-01		LOC120028229,LOC120031026,LOC120037661,LOC120043471,LOC120050074,LOC120052362,LOC120052410,cdh17,tjp1a
GO:0004672	protein kinase activity	molecular_function	20	924	1201	34268	0.62	9.935e-01	9.999e-01		LOC120024697,LOC120030978,LOC120031076,LOC120031644,LOC120032664,LOC120033010,LOC120033521,LOC120034442,LOC120034761,LOC120036171,LOC120038374,LOC120041392,LOC120042479,LOC120042773,LOC120042781,LOC120044041,LOC120044077,LOC120050837,LOC120050877,LOC120052706
GO:0003712	transcription coregulator activity	molecular_function	5	924	451	34268	0.41	9.940e-01	9.999e-01		LOC120031035,LOC120033412,LOC120034476,LOC120044699,LOC120046301
GO:0009891	positive regulation of biosynthetic process	biological_process	13	924	880	34268	0.55	9.947e-01	9.999e-01		LOC120019680,LOC120023180,LOC120030836,LOC120031303,LOC120031686,LOC120033014,LOC120034476,LOC120038749,LOC120045528,LOC120048863,LOC120049292,eaf1,rxrbb
GO:0007155	cell adhesion	biological_process	15	924	996	34268	0.56	9.959e-01	9.999e-01		LOC120028229,LOC120031026,LOC120031295,LOC120035264,LOC120036003,LOC120036502,LOC120037661,LOC120039464,LOC120043471,LOC120043675,LOC120050074,LOC120052362,LOC120052410,cdh17,tjp1a
GO:0016310	phosphorylation	biological_process	19	924	1202	34268	0.59	9.966e-01	9.999e-01		LOC120024697,LOC120030978,LOC120031076,LOC120031644,LOC120032664,LOC120033010,LOC120033521,LOC120034442,LOC120034761,LOC120036171,LOC120041392,LOC120042479,LOC120042773,LOC120042781,LOC120044041,LOC120044077,LOC120050837,LOC120050877,LOC120052706
GO:0006468	protein phosphorylation	biological_process	18	924	1174	34268	0.57	9.974e-01	9.999e-01		LOC120024697,LOC120030978,LOC120031076,LOC120031644,LOC120032664,LOC120033010,LOC120033521,LOC120034442,LOC120034761,LOC120036171,LOC120041392,LOC120042773,LOC120042781,LOC120044041,LOC120044077,LOC120050837,LOC120050877,LOC120052706
GO:0007156	homophilic cell-cell adhesion	biological_process	3	924	368	34268	0.3	9.974e-01	9.999e-01		LOC120028229,LOC120052362,cdh17
GO:0006796	phosphate-containing compound metabolic process	biological_process	27	924	1604	34268	0.62	9.975e-01	9.999e-01		LOC120024697,LOC120028326,LOC120029007,LOC120030978,LOC120031076,LOC120031120,LOC120031456,LOC120031461,LOC120031644,LOC120032664,LOC120033010,LOC120033521,LOC120034442,LOC120034761,LOC120034927,LOC120036171,LOC120039738,LOC120041392,LOC120042479,LOC120042773,LOC120042781,LOC120044041,LOC120044077,LOC120048714,LOC120050837
GO:0016772	transferase activity, transferring phosphorus-containing groups	molecular_function	28	924	1673	34268	0.62	9.981e-01	9.999e-01		LOC120020464,LOC120024697,LOC120028564,LOC120030978,LOC120031076,LOC120031644,LOC120031686,LOC120032664,LOC120033010,LOC120033521,LOC120034192,LOC120034442,LOC120034662,LOC120034761,LOC120036171,LOC120036192,LOC120038374,LOC120041392,LOC120042479,LOC120042773,LOC120042781,LOC120044041,LOC120044077,LOC120049121,LOC120050024
GO:0016773	phosphotransferase activity, alcohol group as acceptor	molecular_function	22	924	1396	34268	0.58	9.983e-01	9.999e-01		LOC120024697,LOC120030978,LOC120031076,LOC120031644,LOC120032664,LOC120033010,LOC120033521,LOC120034442,LOC120034662,LOC120034761,LOC120036171,LOC120036192,LOC120038374,LOC120041392,LOC120042479,LOC120042773,LOC120042781,LOC120044041,LOC120044077,LOC120050837,LOC120050877,LOC120052706
GO:0046983	protein dimerization activity	molecular_function	6	924	573	34268	0.39	9.983e-01	9.999e-01		LOC120032224,LOC120033414,LOC120041324,LOC120047841,LOC120049390,ano9b
GO:0005794	Golgi apparatus	cellular_component	12	924	905	34268	0.49	9.984e-01	9.999e-01		LOC120019624,LOC120031063,LOC120031319,LOC120031991,LOC120032511,LOC120034542,LOC120034576,LOC120042628,LOC120043819,LOC120047580,LOC120052417,c3h17orf75
GO:0005739	mitochondrion	cellular_component	18	924	1277	34268	0.52	9.994e-01	9.999e-01		LOC120017969,LOC120024893,LOC120028564,LOC120031228,LOC120033012,LOC120033335,LOC120034066,LOC120034531,LOC120034543,LOC120035602,LOC120035676,LOC120038582,LOC120038619,LOC120041644,LOC120046306,LOC120046375,LOC120049092,LOC120056966
GO:0016301	kinase activity	molecular_function	22	924	1488	34268	0.55	9.995e-01	9.999e-01		LOC120024697,LOC120028564,LOC120030978,LOC120031076,LOC120031644,LOC120032664,LOC120033010,LOC120033521,LOC120034442,LOC120034662,LOC120034761,LOC120036171,LOC120038374,LOC120041392,LOC120042479,LOC120042773,LOC120042781,LOC120044041,LOC120044077,LOC120050837,LOC120050877,LOC120052706
GO:0004888	transmembrane signaling receptor activity	molecular_function	27	924	1817	34268	0.55	9.999e-01	9.999e-01		LOC120017351,LOC120019608,LOC120022365,LOC120022366,LOC120026774,LOC120030901,LOC120031256,LOC120031739,LOC120032458,LOC120033438,LOC120033625,LOC120033892,LOC120033983,LOC120034095,LOC120034230,LOC120034275,LOC120034529,LOC120035322,LOC120037229,LOC120038875,LOC120041415,LOC120042369,LOC120043461,LOC120047882,LOC120059541
