gene_id	symbol	product	biotype	n_go	n_lines	has_phase2_line	reciprocal_pav	ecotype_only	cnv	sv	dmr	ref_pav
gene-LOC120017348	LOC120017348	A disintegrin and metalloproteinase with thrombospondin motifs 14-like	protein_coding	4	3	1	0	1	0	1	0	1
gene-LOC120017775	LOC120017775	ABC transporter G family member 23-like	protein_coding	6	3	1	0	1	0	1	0	1
gene-LOC120017932	LOC120017932	histone H1	protein_coding	4	3	1	0	0	1	1	1	0
gene-LOC120017972	LOC120017972	histone H3	protein_coding	4	3	1	0	0	1	1	1	0
gene-LOC120017974	LOC120017974	galectin-related protein-like	protein_coding	1	3	1	0	1	0	1	0	1
gene-LOC120018007	LOC120018007	histone H2A	protein_coding	4	3	1	0	0	1	1	1	0
gene-LOC120018068	LOC120018068	histone H4	protein_coding	5	3	1	0	0	1	1	1	0
gene-LOC120018277	LOC120018277	uncharacterized LOC120018277	lncRNA	0	3	1	0	0	1	1	0	1
gene-LOC120020067	LOC120020067	corticotropin-releasing factor receptor 2	protein_coding	10	3	1	0	0	1	1	0	1
gene-LOC120022255	LOC120022255	NACHT, LRR and PYD domains-containing protein 3-like	protein_coding	1	3	1	0	0	1	1	0	1
gene-LOC120022969	LOC120022969	vam6/Vps39-like protein	protein_coding	6	3	1	0	1	0	1	0	1
gene-LOC120022978	LOC120022978		V_segment	0	3	1	0	1	0	1	0	1
gene-LOC120023423	LOC120023423	zinc finger protein 239-like	protein_coding	3	3	1	0	1	0	1	0	1
gene-LOC120023487	LOC120023487	slit homolog 1 protein-like	protein_coding	6	3	1	0	1	0	1	0	1
gene-LOC120024764	LOC120024764	ADAMTS-like protein 1	protein_coding	3	3	1	0	1	0	1	0	1
gene-LOC120024769	LOC120024769	pro-interleukin-16-like	protein_coding	4	3	1	0	1	0	1	0	1
gene-LOC120024894	LOC120024894	cysteine--tRNA ligase, cytoplasmic-like	protein_coding	4	3	1	0	1	0	1	0	1
gene-LOC120024897	LOC120024897	cGMP-inhibited 3',5'-cyclic phosphodiesterase B-like	protein_coding	5	3	1	1	1	0	1	0	0
gene-LOC120024918	LOC120024918	transmembrane channel-like protein 3	protein_coding	2	3	1	0	1	0	1	0	1
gene-LOC120024927	LOC120024927	stAR-related lipid transfer protein 5-like	protein_coding	1	3	1	0	1	0	1	0	1
gene-LOC120025009	LOC120025009	protein kinase C-binding protein NELL1-like	protein_coding	2	3	1	1	0	0	1	0	1
gene-LOC120025200	LOC120025200	RNA-binding protein MEX3B-like	protein_coding	1	3	1	0	1	0	1	0	1
gene-LOC120025207	LOC120025207	lamin-L(III)-like	protein_coding	0	3	1	0	1	0	1	0	1
gene-LOC120025342	LOC120025342	transcription factor SOX-6-like	protein_coding	7	3	1	0	1	0	1	0	1
gene-LOC120025363	LOC120025363	AT-rich interactive domain-containing protein 3B-like	protein_coding	3	3	1	0	1	0	1	0	1
gene-LOC120029395	LOC120029395	tripartite motif-containing protein 35-like	protein_coding	2	3	1	0	1	0	1	0	1
gene-LOC120029476	LOC120029476	KH domain-containing, RNA-binding, signal transduction-associated protein 2-like	protein_coding	4	3	1	1	0	0	1	0	1
gene-LOC120029815	LOC120029815	tripartite motif-containing protein 35-like	protein_coding	2	3	1	0	1	0	1	0	1
gene-LOC120030058	LOC120030058	tripartite motif-containing protein 35-like	protein_coding	2	3	1	0	1	0	1	0	1
gene-LOC120031262	LOC120031262	hepcidin	protein_coding	3	3	1	0	1	0	1	0	1
gene-LOC120031263	LOC120031263	hepcidin-like	protein_coding	3	3	1	0	1	0	1	0	1
gene-LOC120031281	LOC120031281	cytochrome b5 reductase 4	protein_coding	5	3	1	0	1	0	1	0	1
gene-LOC120031419	LOC120031419	nucleolar GTP-binding protein 2-like	protein_coding	2	3	1	0	1	0	1	0	1
gene-LOC120031600	LOC120031600	sialic acid-binding Ig-like lectin 5	protein_coding	0	3	1	0	1	0	1	0	1
gene-LOC120031773	LOC120031773	N-acylneuraminate cytidylyltransferase-like	protein_coding	1	3	1	0	1	0	1	0	1
gene-LOC120032071	LOC120032071	zinc finger protein 800-like	protein_coding	0	3	1	0	1	0	1	0	1
gene-LOC120032256	LOC120032256	solute carrier family 41 member 2-like	protein_coding	3	3	1	0	1	0	1	0	1
gene-LOC120032297	LOC120032297	protein O-mannosyl-transferase TMTC1-like	protein_coding	4	3	1	0	1	0	1	0	1
gene-LOC120032827	LOC120032827	mitoferrin-2-like	protein_coding	3	3	1	0	1	0	1	0	1
gene-LOC120033005	LOC120033005	uncharacterized LOC120033005	lncRNA	0	3	1	0	0	1	1	0	1
gene-LOC120033173	LOC120033173	neuropilin-2-like	protein_coding	6	3	1	0	1	0	1	0	1
gene-LOC120033436	LOC120033436	aryl hydrocarbon receptor-like	protein_coding	6	3	1	0	1	0	1	0	1
gene-LOC120033586	LOC120033586	POU domain, class 2, transcription factor 1-like	protein_coding	3	3	1	0	0	1	1	0	1
gene-LOC120033896	LOC120033896	small G protein signaling modulator 3-like	protein_coding	1	3	1	0	1	0	1	1	0
gene-LOC120034415	LOC120034415	inactive rhomboid protein 1-like	protein_coding	4	3	1	1	1	0	1	0	0
gene-LOC120034862	LOC120034862	protein glass-like	protein_coding	1	3	1	0	1	0	1	0	1
gene-LOC120034877	LOC120034877	zinc finger protein with KRAB and SCAN domains 1-like	protein_coding	1	3	1	0	1	0	1	0	1
gene-LOC120036126	LOC120036126	unconventional myosin-X-like	protein_coding	2	3	1	0	1	0	1	0	1
gene-LOC120036138	LOC120036138	tubulin gamma-1 chain	protein_coding	14	3	1	0	1	0	1	0	1
gene-LOC120040411	LOC120040411	gastrula zinc finger protein XlCGF57.1-like	protein_coding	3	3	1	0	0	1	0	1	1
gene-LOC120041481	LOC120041481	cytohesin-1	protein_coding	2	3	1	0	1	0	1	0	1
gene-LOC120043213	LOC120043213	extracellular serine/threonine protein kinase FAM20C-like	protein_coding	3	3	1	1	0	0	1	0	1
gene-LOC120043347	LOC120043347	interferon-induced protein 44-like	protein_coding	0	3	1	0	1	0	1	0	1
gene-LOC120043357	LOC120043357	uncharacterized LOC120043357	lncRNA	0	3	1	0	1	0	1	0	1
gene-LOC120043469	LOC120043469	transmembrane protein 180-like	protein_coding	0	3	1	0	1	0	1	0	1
gene-LOC120043479	LOC120043479	immunoglobulin superfamily member 6-like	protein_coding	0	3	1	0	1	0	1	0	1
gene-LOC120043494	LOC120043494	ER lumen protein-retaining receptor 2-like	protein_coding	6	3	1	0	1	0	1	0	1
gene-LOC120044085	LOC120044085	dynein assembly factor 5, axonemal-like	protein_coding	5	3	1	0	1	0	1	0	1
gene-LOC120044111	LOC120044111	NACHT, LRR and PYD domains-containing protein 12-like	protein_coding	1	3	1	0	1	0	1	0	1
gene-LOC120044673	LOC120044673	serine/threonine-protein kinase/endoribonuclease IRE1-like	protein_coding	9	3	1	0	0	1	1	0	1
gene-LOC120044721	LOC120044721	cerebellar degeneration-related protein 2-like	protein_coding	0	3	1	0	1	0	1	0	1
gene-LOC120044851	LOC120044851	uncharacterized LOC120044851	lncRNA	0	3	1	1	0	1	1	0	0
gene-LOC120045788	LOC120045788	prostaglandin E2 receptor EP1 subtype-like	protein_coding	6	3	1	0	1	0	1	0	1
gene-LOC120047639	LOC120047639	furin-1-like	protein_coding	4	3	1	0	1	0	1	0	1
gene-LOC120048037	LOC120048037	adenylate cyclase type 2-like	protein_coding	6	3	1	0	1	0	1	0	1
gene-LOC120048047	LOC120048047	alpha-1,3-mannosyl-glycoprotein 4-beta-N-acetylglucosaminyltransferase B	protein_coding	5	3	1	1	0	0	1	0	1
gene-LOC120048052	LOC120048052	granule associated Rac and RHOG effector protein 1-like	protein_coding	2	3	1	0	1	0	1	0	1
gene-LOC120048061	LOC120048061	uncharacterized LOC120048061	lncRNA	0	3	1	0	0	1	1	0	1
gene-LOC120048071	LOC120048071	uncharacterized LOC120048071	lncRNA	0	3	1	0	0	1	1	0	1
gene-LOC120048078	LOC120048078	protein LSM14 homolog A-like	protein_coding	5	3	1	0	1	0	1	0	1
gene-LOC120048085	LOC120048085	transcription initiation factor TFIID subunit 4-like	protein_coding	6	3	1	0	1	0	1	0	1
gene-LOC120048327	LOC120048327	chromodomain-helicase-DNA-binding protein 9-like	protein_coding	3	3	1	0	1	0	1	0	1
gene-LOC120048861	LOC120048861	lysosomal acid glucosylceramidase-like	protein_coding	2	3	1	0	1	0	1	0	1
gene-LOC120048863	LOC120048863	E3 ubiquitin-protein ligase RNF115-like	protein_coding	6	3	1	0	1	0	1	0	1
gene-LOC120050102	LOC120050102	ATP-binding cassette sub-family C member 9-like	protein_coding	7	3	1	0	1	0	1	0	1
gene-LOC120050135	LOC120050135	nucleosome assembly protein 1-like 1-A	protein_coding	5	3	1	1	1	0	1	0	0
gene-LOC120050139	LOC120050139	ras-related protein Rap-1b	protein_coding	7	3	1	0	1	0	1	0	1
gene-LOC120050584	LOC120050584	alpha-crystallin A chain	protein_coding	5	3	1	0	1	0	1	0	1
gene-LOC120050814	LOC120050814	filamin A-interacting protein 1-like	protein_coding	0	3	1	0	1	0	1	0	1
gene-LOC120051056	LOC120051056	myosin-7-like	protein_coding	4	3	1	0	0	1	1	1	0
gene-LOC120051410	LOC120051410	prostaglandin F2 receptor negative regulator-like	protein_coding	0	3	1	0	1	0	1	0	1
gene-LOC120051533	LOC120051533	OX-2 membrane glycoprotein-like	protein_coding	1	3	1	0	1	0	1	0	1
gene-LOC120053064	LOC120053064	CD209 antigen-like protein E	protein_coding	1	3	1	0	1	0	1	0	1
gene-LOC120053907	LOC120053907	breast cancer anti-estrogen resistance protein 1-like	protein_coding	6	3	1	0	1	0	1	0	1
gene-LOC120053918	LOC120053918	ephrin-A2-like	protein_coding	5	3	1	0	1	0	1	0	1
gene-LOC120054371	LOC120054371	lipoma-preferred partner homolog	protein_coding	3	3	1	1	0	0	1	0	1
gene-LOC120056015	LOC120056015	serine/threonine-protein kinase STK11-like	protein_coding	12	3	1	0	0	1	1	0	1
gene-LOC120056549	LOC120056549	protein naked cuticle homolog 1-like	protein_coding	3	3	1	0	1	0	1	0	1
gene-LOC120057064	LOC120057064	toll-like receptor 13	protein_coding	6	3	1	0	0	1	1	0	1
gene-LOC120057201	LOC120057201	cortexin domain-containing 1-like	protein_coding	0	3	1	0	0	1	1	0	1
gene-LOC120058008	LOC120058008	interferon-induced GTP-binding protein Mx-like	protein_coding	8	3	1	0	0	1	1	0	1
gene-LOC120059043	LOC120059043	zinc finger protein 335-like	protein_coding	7	3	1	0	1	0	1	0	1
gene-LOC120060543	LOC120060543	uncharacterized LOC120060543	lncRNA	0	3	1	0	0	1	1	0	1
gene-ada2b	ada2b	adenosine deaminase 2b	protein_coding	4	3	1	0	1	0	1	0	1
gene-adgrl1a	adgrl1a	adhesion G protein-coupled receptor L1a	protein_coding	9	3	1	0	1	0	1	0	1
gene-asap1a	asap1a	ArfGAP with SH3 domain, ankyrin repeat and PH domain 1a	protein_coding	4	3	1	1	0	0	1	0	1
gene-bin1b	bin1b	bridging integrator 1b	protein_coding	5	3	1	0	1	0	1	0	1
gene-bnc1	bnc1	basonuclin 1	protein_coding	2	3	1	0	0	1	1	0	1
gene-cd74a	cd74a	CD74 molecule, major histocompatibility complex, class II invariant chain a	protein_coding	8	3	1	0	0	1	1	0	1
gene-crtc3	crtc3	CREB regulated transcription coactivator 3	protein_coding	6	3	1	1	0	0	1	0	1
gene-dusp27	dusp27	dual specificity phosphatase 27	protein_coding	5	3	1	0	0	1	1	0	1
gene-fam214a	fam214a	family with sequence similarity 214 member A	protein_coding	0	3	1	0	0	1	1	0	1
gene-invs	invs	inversin	protein_coding	3	3	1	0	1	0	1	0	1
gene-kiaa1549lb	kiaa1549lb	KIAA1549-like b	protein_coding	0	3	1	0	1	0	1	0	1
gene-mpp6b	mpp6b	membrane protein, palmitoylated 6b (MAGUK p55 subfamily member 6)	protein_coding	3	3	1	1	0	0	1	0	1
gene-snd1	snd1	staphylococcal nuclease and tudor domain containing 1	protein_coding	7	3	1	0	1	0	1	0	1
gene-srebf1	srebf1	sterol regulatory element binding transcription factor 1	protein_coding	5	3	1	0	0	1	1	0	1
gene-vgf	vgf	VGF nerve growth factor inducible	protein_coding	1	3	1	0	0	1	1	0	1
gene-vps50	vps50	VPS50 EARP/GARPII complex subunit	protein_coding	4	3	1	1	0	0	1	0	1
gene-LOC120017365	LOC120017365	high choriolytic enzyme 1-like	protein_coding	3	2	1	0	1	0	1	0	0
gene-LOC120017401	LOC120017401	transient receptor potential cation channel subfamily V member 5	protein_coding	4	2	1	0	0	1	1	0	0
gene-LOC120017433	LOC120017433	opioid growth factor receptor-like protein 1	protein_coding	2	2	1	0	1	0	1	0	0
gene-LOC120017437	LOC120017437	transcription initiation factor TFIID subunit 5-like	protein_coding	4	2	1	0	1	0	1	0	0
gene-LOC120017443	LOC120017443	polymeric immunoglobulin receptor-like	protein_coding	0	2	1	0	1	0	0	0	1
gene-LOC120017445	LOC120017445	ATP synthase membrane subunit DAPIT, mitochondrial-like	protein_coding	1	2	1	0	1	0	1	0	0
gene-LOC120017447	LOC120017447	F-box/LRR-repeat protein 15-like	protein_coding	3	2	1	0	1	0	1	0	0
gene-LOC120017450	LOC120017450	uncharacterized LOC120017450	lncRNA	0	2	1	0	1	0	1	0	0
gene-LOC120017459	LOC120017459	protein RRP5 homolog	protein_coding	6	2	1	0	1	0	1	0	0
gene-LOC120017465	LOC120017465	myosin heavy chain, fast skeletal muscle-like	protein_coding	4	2	1	0	1	0	1	0	0
gene-LOC120017480	LOC120017480	target of Myb protein 1-like	protein_coding	6	2	1	0	0	1	1	0	0
gene-LOC120017495	LOC120017495	mitogen-activated protein kinase 8-like	protein_coding	6	2	1	0	0	1	1	0	0
gene-LOC120017647	LOC120017647	isoaspartyl peptidase/L-asparaginase-like	protein_coding	1	2	1	0	0	1	1	0	0
gene-LOC120017684	LOC120017684	histone-arginine methyltransferase CARM1-like	protein_coding	2	2	1	0	0	1	1	0	0
gene-LOC120017721	LOC120017721	CREB3 regulatory factor-like	protein_coding	5	2	1	0	1	0	1	0	0
gene-LOC120017751	LOC120017751	neurofilament heavy polypeptide-like	protein_coding	6	2	1	0	1	0	1	0	0
gene-LOC120017755	LOC120017755	catechol O-methyltransferase domain-containing protein 1-like	protein_coding	2	2	1	0	1	0	1	0	0
gene-LOC120017769	LOC120017769	galectin-related protein-like	protein_coding	1	2	1	0	1	0	1	0	0
gene-LOC120017770	LOC120017770	aftiphilin-like	protein_coding	4	2	1	0	0	1	1	0	0
gene-LOC120017787	LOC120017787	uncharacterized LOC120017787	lncRNA	0	2	1	0	0	1	1	0	0
gene-LOC120017807	LOC120017807	uncharacterized LOC120017807	lncRNA	0	2	1	0	0	1	1	0	0
gene-LOC120017815	LOC120017815	alpha-2-macroglobulin-like	protein_coding	3	2	1	0	0	1	1	0	0
gene-LOC120017821	LOC120017821	polymeric immunoglobulin receptor-like	protein_coding	2	2	1	0	1	0	1	0	0
gene-LOC120017841	LOC120017841	neurofilament medium polypeptide-like	protein_coding	6	2	1	0	1	0	1	0	0
gene-LOC120017851	LOC120017851	histone H1-like	protein_coding	4	2	1	0	0	1	1	0	0
gene-LOC120017858	LOC120017858	ABC transporter G family member 23-like	protein_coding	2	2	1	0	1	0	1	0	0
gene-LOC120017867	LOC120017867	protein FAM135A-like	protein_coding	1	2	1	0	1	0	1	0	0
gene-LOC120017871	LOC120017871	uncharacterized LOC120017871	lncRNA	0	2	1	0	1	0	1	0	0
gene-LOC120017876	LOC120017876	uncharacterized LOC120017876	lncRNA	0	2	1	0	0	1	1	0	0
gene-LOC120017877	LOC120017877	uncharacterized LOC120017877	lncRNA	0	2	1	0	1	0	1	0	0
gene-LOC120017878	LOC120017878	uncharacterized LOC120017878	lncRNA	0	2	1	0	0	1	1	0	0
gene-LOC120017880	LOC120017880	F-box/LRR-repeat protein 15	protein_coding	3	2	1	0	1	0	1	0	0
gene-LOC120017881	LOC120017881	histone H2A	protein_coding	4	2	1	0	0	1	1	0	0
gene-LOC120017885	LOC120017885	uncharacterized LOC120017885	lncRNA	0	2	1	0	0	1	1	0	0
gene-LOC120017900	LOC120017900	histone H2B	protein_coding	4	2	1	0	0	1	1	0	0
gene-LOC120017908	LOC120017908	uncharacterized LOC120017908	protein_coding	1	2	1	0	0	1	1	0	0
gene-LOC120017911	LOC120017911	histone H2B	protein_coding	4	2	1	0	0	1	1	0	0
gene-LOC120017951	LOC120017951	histone H1-like	protein_coding	4	2	1	0	0	1	1	0	0
gene-LOC120017967	LOC120017967	NLR family CARD domain-containing protein 3-like	protein_coding	0	2	1	0	0	1	1	0	0
gene-LOC120017969	LOC120017969	fumarate hydratase, mitochondrial-like	protein_coding	6	2	1	0	1	0	1	0	0
gene-LOC120017989	LOC120017989	uncharacterized LOC120017989	lncRNA	0	2	1	0	1	0	1	0	0
gene-LOC120017990	LOC120017990	uncharacterized LOC120017990	lncRNA	0	2	1	0	1	0	1	0	0
gene-LOC120017992	LOC120017992	histone H2A	protein_coding	4	2	1	0	1	0	1	0	0
gene-LOC120018058	LOC120018058	histone H4	protein_coding	5	2	1	0	0	1	1	0	0
gene-LOC120018062	LOC120018062	frizzled-4-like	protein_coding	6	2	1	0	1	0	1	0	0
gene-LOC120018085	LOC120018085	syntaxin-10-like	protein_coding	2	2	1	0	1	0	1	0	0
gene-LOC120018089	LOC120018089	lysosomal alpha-mannosidase-like	protein_coding	4	2	1	0	1	0	1	0	0
gene-LOC120018151	LOC120018151	syntaxin-10-like	protein_coding	2	2	1	0	1	0	0	0	1
gene-LOC120018242	LOC120018242	uncharacterized LOC120018242	lncRNA	0	2	1	0	0	1	1	0	0
gene-LOC120018249	LOC120018249	spartin-like	protein_coding	3	2	1	0	1	0	1	0	0
gene-LOC120018251	LOC120018251	40S ribosomal protein S3-like	protein_coding	6	2	1	0	1	0	1	0	0
gene-LOC120018265	LOC120018265	alpha-2-macroglobulin-like	protein_coding	3	2	1	0	0	1	1	0	0
gene-LOC120018266	LOC120018266	alpha-2-macroglobulin-like	protein_coding	3	2	1	0	0	1	1	0	0
gene-LOC120018283	LOC120018283	rho GTPase-activating protein 19-like	protein_coding	4	2	1	0	1	0	1	0	0
gene-LOC120018285	LOC120018285	multiple epidermal growth factor-like domains protein 6	protein_coding	3	2	1	0	1	0	1	0	0
gene-LOC120018286	LOC120018286	39S ribosomal protein L44, mitochondrial-like	protein_coding	6	2	1	0	1	0	1	0	0
gene-LOC120018287	LOC120018287	mitochondrial fission factor homolog B-like	protein_coding	4	2	1	0	1	0	1	0	0
gene-LOC120018288	LOC120018288	arf-GAP domain and FG repeat-containing protein 1-like	protein_coding	1	2	1	0	1	0	1	0	0
gene-LOC120018289	LOC120018289	ladderlectin-like	protein_coding	1	2	1	0	1	0	1	0	0
gene-LOC120018326	LOC120018326	atypical kinase COQ8B, mitochondrial-like	protein_coding	3	2	1	0	1	0	1	0	0
gene-LOC120018338	LOC120018338	myosin heavy chain, fast skeletal muscle-like	protein_coding	4	2	1	0	1	0	1	0	0
gene-LOC120018348	LOC120018348	uncharacterized LOC120018348	protein_coding	4	2	1	0	1	0	1	0	0
gene-LOC120018358	LOC120018358	tapasin-related protein-like	protein_coding	0	2	1	0	1	0	1	0	0
gene-LOC120018359	LOC120018359	gem-associated protein 4-like	protein_coding	3	2	1	0	1	0	1	0	0
gene-LOC120018360	LOC120018360	TLC domain-containing protein 3A-like	protein_coding	3	2	1	0	1	0	1	0	0
gene-LOC120018364	LOC120018364	serine/arginine repetitive matrix protein 2-like	protein_coding	1	2	1	0	1	0	1	0	0
gene-LOC120018496	LOC120018496	cis-aconitate decarboxylase-like	protein_coding	1	2	1	0	1	0	1	0	0
gene-LOC120018521	LOC120018521	uromodulin-like	protein_coding	5	2	1	0	0	1	1	0	0
gene-LOC120018572	LOC120018572	sodium-independent sulfate anion transporter-like	protein_coding	4	2	1	0	1	0	1	0	0
gene-LOC120018584	LOC120018584	serine/threonine-protein kinase DCLK1-like	protein_coding	4	2	1	0	1	0	1	0	0
gene-LOC120018587	LOC120018587	olfactory receptor 6N1-like	protein_coding	4	2	1	0	0	1	1	0	0
gene-LOC120018589	LOC120018589	olfactory receptor 1D2-like	protein_coding	4	2	1	0	0	1	1	0	0
gene-LOC120018595	LOC120018595	olfactory receptor 6N1-like	protein_coding	4	2	1	0	1	0	1	0	0
gene-LOC120018624	LOC120018624	murinoglobulin-2-like	protein_coding	2	2	1	0	0	1	1	0	0
gene-LOC120018632	LOC120018632	thiamine transporter 2-like	protein_coding	4	2	1	0	1	0	1	0	0
gene-LOC120018634	LOC120018634	A-kinase anchor protein SPHKAP-like	protein_coding	2	2	1	0	1	0	1	0	0
gene-LOC120018653	LOC120018653	F-box only protein 39-like	protein_coding	1	2	1	0	1	0	1	0	0
gene-LOC120018776	LOC120018776	putative nucleotidyltransferase MAB21L1	protein_coding	0	2	1	0	1	0	1	0	0
gene-LOC120018777	LOC120018777	pannexin-1-like	protein_coding	3	2	1	0	1	0	1	0	0
gene-LOC120018783	LOC120018783	histone-lysine N-methyltransferase MECOM-like	protein_coding	5	2	1	0	1	0	1	0	0
gene-LOC120018802	LOC120018802	XIAP-associated factor 1-like	protein_coding	1	2	1	0	1	0	1	0	0
gene-LOC120018827	LOC120018827	N-sulphoglucosamine sulphohydrolase-like	protein_coding	3	2	1	0	1	0	1	0	0
gene-LOC120018900	LOC120018900	zinc finger protein 180-like	protein_coding	0	2	1	0	1	0	0	0	1
gene-LOC120018979	LOC120018979	small nucleolar RNA SNORD15	snoRNA	0	2	1	0	1	0	1	0	0
gene-LOC120018980	LOC120018980	small nucleolar RNA SNORD15	snoRNA	0	2	1	0	1	0	1	0	0
gene-LOC120018994	LOC120018994	small nucleolar RNA SNORD15	snoRNA	0	2	1	0	1	0	1	0	0
gene-LOC120018995	LOC120018995	small nucleolar RNA SNORD15	snoRNA	0	2	1	0	1	0	1	0	0
gene-LOC120019052	LOC120019052	oocyte zinc finger protein XlCOF6-like	protein_coding	3	2	1	0	1	0	1	0	0
gene-LOC120019104	LOC120019104	uncharacterized LOC120019104	protein_coding	7	2	1	0	1	0	1	0	0
gene-LOC120019132	LOC120019132	uncharacterized LOC120019132	protein_coding	0	2	1	0	1	0	1	0	0
gene-LOC120019133	LOC120019133	WD repeat-containing protein 20-like	protein_coding	1	2	1	0	0	1	1	0	0
gene-LOC120019140	LOC120019140	histone chaperone asf1b-B-like	protein_coding	3	2	1	0	1	0	1	0	0
gene-LOC120019149	LOC120019149	histone chaperone asf1b-B-like	protein_coding	3	2	1	1	1	0	0	0	0
gene-LOC120019154	LOC120019154	transcription factor MafG-like	protein_coding	5	2	1	0	1	0	1	0	0
gene-LOC120019183	LOC120019183	transcription initiation factor IIA subunit 1-like	protein_coding	3	2	1	0	0	1	1	0	0
gene-LOC120019203	LOC120019203	neuropeptide B-like	protein_coding	3	2	1	0	1	0	1	0	0
gene-LOC120019250	LOC120019250	grainyhead-like protein 1 homolog	protein_coding	4	2	1	0	0	1	1	0	0
gene-LOC120019263	LOC120019263	uncharacterized LOC120019263	lncRNA	0	2	1	0	1	0	0	0	1
gene-LOC120019291	LOC120019291	protein unc-93 homolog A-like	protein_coding	0	2	1	0	1	0	1	0	0
gene-LOC120019320	LOC120019320	uncharacterized LOC120019320	lncRNA	0	2	1	0	1	0	0	0	1
gene-LOC120019384	LOC120019384	4-galactosyl-N-acetylglucosaminide 3-alpha-L-fucosyltransferase 9-like	protein_coding	4	2	1	0	0	1	0	0	1
gene-LOC120019410	LOC120019410	myosin heavy chain, fast skeletal muscle-like	protein_coding	4	2	1	0	1	0	1	0	0
gene-LOC120019452	LOC120019452	zinc finger BED domain-containing protein 4-like	protein_coding	2	2	1	0	0	1	1	0	0
gene-LOC120019463	LOC120019463	ribonucleoside-diphosphate reductase subunit M2	protein_coding	3	2	1	0	0	1	1	0	0
gene-LOC120019465	LOC120019465	zinc finger protein OZF-like	protein_coding	3	2	1	0	0	1	1	0	0
gene-LOC120019469	LOC120019469	uncharacterized LOC120019469	lncRNA	0	2	1	0	0	1	1	0	0
gene-LOC120019477	LOC120019477	zinc finger protein 501-like	protein_coding	0	2	1	0	0	1	1	0	0
gene-LOC120019509	LOC120019509	zinc finger protein 239-like	protein_coding	3	2	1	0	1	0	1	0	0
gene-LOC120019531	LOC120019531	myosin heavy chain, fast skeletal muscle-like	protein_coding	4	2	1	0	1	0	1	0	0
gene-LOC120019547	LOC120019547	uncharacterized LOC120019547	lncRNA	0	2	1	0	0	1	1	0	0
gene-LOC120019624	LOC120019624	protein GPR108-like	protein_coding	3	2	1	0	1	0	0	0	1
gene-LOC120019674	LOC120019674	lysophosphatidic acid receptor 2-like	protein_coding	3	2	1	0	1	0	1	0	0
gene-LOC120019717	LOC120019717	probable tubulin polyglutamylase TTLL2	protein_coding	5	2	1	0	0	1	1	0	0
gene-LOC120019718	LOC120019718	probable tubulin polyglutamylase TTLL2	protein_coding	5	2	1	0	1	0	1	0	0
gene-LOC120019719	LOC120019719	protein unc-93 homolog A-like	protein_coding	0	2	1	0	0	1	1	0	0
gene-LOC120019721	LOC120019721	uncharacterized LOC120019721	lncRNA	0	2	1	0	1	0	1	0	0
gene-LOC120019722	LOC120019722	uncharacterized LOC120019722	lncRNA	0	2	1	0	0	1	1	0	0
gene-LOC120019724	LOC120019724	plasminogen-like	protein_coding	5	2	1	0	0	1	1	0	0
gene-LOC120019783	LOC120019783	small nucleolar RNA SNORD94	snoRNA	0	2	1	0	0	1	1	0	0
gene-LOC120019784	LOC120019784	small nucleolar RNA SNORD94	snoRNA	0	2	1	0	0	1	1	0	0
gene-LOC120019900	LOC120019900	ubiquitin-like protein 5	protein_coding	6	2	1	0	1	0	1	0	0
gene-LOC120019936	LOC120019936	anion exchange protein 2-like	protein_coding	9	2	1	0	0	1	1	0	0
gene-LOC120019939	LOC120019939	peptidyl-prolyl cis-trans isomerase NIMA-interacting 1-like	protein_coding	4	2	1	0	1	0	1	0	0
gene-LOC120020046	LOC120020046	myosin light chain 1, cardiac muscle-like	protein_coding	2	2	1	0	0	1	1	0	0
gene-LOC120020075	LOC120020075	uncharacterized LOC120020075	lncRNA	0	2	1	0	0	1	1	0	0
gene-LOC120020198	LOC120020198	synapsin-2-like	protein_coding	4	2	1	1	0	0	1	0	0
gene-LOC120020340	LOC120020340	proline-rich protein 36-like	protein_coding	0	2	1	0	1	0	1	0	0
gene-LOC120020450	LOC120020450	proteoglycan 4-like	protein_coding	2	2	1	0	1	0	1	0	0
gene-LOC120020510	LOC120020510	supervillin-like	protein_coding	8	2	1	0	0	1	1	0	0
gene-LOC120020625	LOC120020625	regulator of G-protein signaling 5-like	protein_coding	0	2	1	0	0	1	1	0	0
gene-LOC120020628	LOC120020628	relaxin-3-like	protein_coding	2	2	1	0	0	1	1	0	0
gene-LOC120020649	LOC120020649	parathyroid hormone/parathyroid hormone-related peptide receptor-like	protein_coding	7	2	1	0	0	1	1	0	0
gene-LOC120020693	LOC120020693	myosin heavy chain, fast skeletal muscle-like	protein_coding	4	2	1	0	0	1	1	0	0
gene-LOC120020706	LOC120020706	uncharacterized LOC120020706	lncRNA	0	2	1	0	0	1	1	0	0
gene-LOC120020707	LOC120020707	uncharacterized LOC120020707	protein_coding	5	2	1	0	0	1	1	0	0
gene-LOC120020708	LOC120020708	nucleolar transcription factor 1-A-like	protein_coding	0	2	1	0	0	1	1	0	0
gene-LOC120020710	LOC120020710	zinc finger protein 2-like	protein_coding	3	2	1	0	0	1	1	0	0
gene-LOC120020711	LOC120020711	dnaJ homolog subfamily C member 1-like	protein_coding	1	2	1	0	0	1	1	0	0
gene-LOC120020726	LOC120020726	serine/arginine repetitive matrix protein 2-like	protein_coding	1	2	1	0	0	1	1	0	0
gene-LOC120020727	LOC120020727	ATP-dependent zinc metalloprotease YME1L1-like	protein_coding	7	2	1	0	0	1	1	0	0
gene-LOC120020950	LOC120020950	serine/threonine-protein phosphatase 6 catalytic subunit	protein_coding	4	2	1	0	0	1	1	0	0
gene-LOC120021126	LOC120021126	claudin-4-like	protein_coding	5	2	1	0	0	1	1	0	0
gene-LOC120021129	LOC120021129	CMP-N-acetylneuraminate-beta-galactosamide-alpha-2,3-sialyltransferase 1-like	protein_coding	2	2	1	1	0	0	1	0	0
gene-LOC120021170	LOC120021170	C-type mannose receptor 2-like	protein_coding	0	2	1	0	1	0	1	0	0
gene-LOC120021197	LOC120021197	alpha-N-acetylgalactosaminide alpha-2,6-sialyltransferase 6-like	protein_coding	4	2	1	0	0	1	1	0	0
gene-LOC120021204	LOC120021204	cip1-interacting zinc finger protein-like	protein_coding	3	2	1	0	0	1	1	0	0
gene-LOC120021205	LOC120021205	surfeit locus protein 2-like	protein_coding	0	2	1	0	0	1	1	0	0
gene-LOC120021208	LOC120021208	surfeit locus protein 4	protein_coding	4	2	1	0	0	1	1	0	0
gene-LOC120021226	LOC120021226	mediator of RNA polymerase II transcription subunit 22	protein_coding	3	2	1	0	0	1	1	0	0
gene-LOC120021270	LOC120021270	uncharacterized LOC120021270	lncRNA	0	2	1	0	0	1	1	0	0
gene-LOC120021300	LOC120021300	uncharacterized LOC120021300	lncRNA	0	2	1	0	1	0	1	0	0
gene-LOC120021321	LOC120021321	uncharacterized LOC120021321	lncRNA	0	2	1	0	0	1	1	0	0
gene-LOC120021322	LOC120021322	protein phosphatase PTC7 homolog	protein_coding	0	2	1	0	0	1	1	0	0
gene-LOC120021367	LOC120021367	stress-induced-phosphoprotein 1-like	protein_coding	1	2	1	0	0	1	1	0	0
gene-LOC120021369	LOC120021369	histone acetyltransferase KAT5-like	protein_coding	3	2	1	0	0	1	1	0	0
gene-LOC120021394	LOC120021394	ubiquitin carboxyl-terminal hydrolase 20-like	protein_coding	3	2	1	0	0	1	1	0	0
gene-LOC120021513	LOC120021513	claudin-3-like	protein_coding	5	2	1	0	1	0	1	0	0
gene-LOC120021519	LOC120021519	cAMP-specific 3',5'-cyclic phosphodiesterase 4D-like	protein_coding	5	2	1	0	0	1	1	0	0
gene-LOC120021611	LOC120021611	ectonucleoside triphosphate diphosphohydrolase 2-like	protein_coding	4	2	1	0	0	1	1	0	0
gene-LOC120021614	LOC120021614	uncharacterized LOC120021614	lncRNA	0	2	1	0	0	1	1	0	0
gene-LOC120021626	LOC120021626	dolichyldiphosphatase 1-like	protein_coding	5	2	1	0	0	1	1	0	0
gene-LOC120021648	LOC120021648	60S ribosomal protein L7a	protein_coding	2	2	1	0	0	1	1	0	0
gene-LOC120021676	LOC120021676	glutamate receptor ionotropic, NMDA 1	protein_coding	9	2	1	0	0	1	1	0	0
gene-LOC120021739	LOC120021739	fermitin family homolog 3-like	protein_coding	8	2	1	0	0	1	1	0	0
gene-LOC120021749	LOC120021749	uncharacterized LOC120021749	lncRNA	0	2	1	0	0	1	1	0	0
gene-LOC120021750	LOC120021750	uncharacterized LOC120021750	lncRNA	0	2	1	0	0	1	1	0	0
gene-LOC120021779	LOC120021779	protein B4-like	protein_coding	3	2	1	0	0	1	1	0	0
gene-LOC120021787	LOC120021787	uncharacterized LOC120021787	protein_coding	2	2	1	0	0	1	1	0	0
gene-LOC120021795	LOC120021795	zinc finger and BTB domain-containing protein 43-like	protein_coding	4	2	1	0	0	1	1	0	0
gene-LOC120021806	LOC120021806	histone H1-beta, late embryonic-like	protein_coding	3	2	1	0	0	1	1	0	0
gene-LOC120021809	LOC120021809	NEDD4-binding protein 2-like 1	protein_coding	0	2	1	0	1	0	1	0	0
gene-LOC120021812	LOC120021812	NEDD4-binding protein 2-like 1	protein_coding	0	2	1	0	1	0	1	0	0
gene-LOC120021859	LOC120021859	voltage-dependent calcium channel subunit alpha-2/delta-2-like	protein_coding	2	2	1	0	1	0	1	0	0
gene-LOC120021870	LOC120021870	interferon-induced protein 44-like	protein_coding	0	2	1	0	0	1	1	0	0
gene-LOC120021872	LOC120021872	GDNF family receptor alpha-2-like	protein_coding	4	2	1	0	0	1	1	0	0
gene-LOC120021902	LOC120021902	CLOCK-interacting pacemaker-like	protein_coding	3	2	1	0	1	0	1	0	0
gene-LOC120021916	LOC120021916	small nucleolar RNA SNORD36	snoRNA	0	2	1	0	0	1	1	0	0
gene-LOC120021917	LOC120021917	small nucleolar RNA SNORD36	snoRNA	0	2	1	0	0	1	1	0	0
gene-LOC120021918	LOC120021918	U7 small nuclear RNA	snRNA	0	2	1	0	0	1	1	0	0
gene-LOC120021920	LOC120021920	small nucleolar RNA SNORD24	snoRNA	0	2	1	0	0	1	1	0	0
gene-LOC120021921	LOC120021921	small nucleolar RNA SNORD24	snoRNA	0	2	1	0	0	1	1	0	0
gene-LOC120021940	LOC120021940	small nucleolar RNA SNORD65	snoRNA	0	2	1	0	1	0	1	0	0
gene-LOC120021942	LOC120021942	small nucleolar RNA SNORD65	snoRNA	0	2	1	0	1	0	1	0	0
gene-LOC120021948	LOC120021948	small nucleolar RNA SNORD36	snoRNA	0	2	1	0	0	1	1	0	0
gene-LOC120021949	LOC120021949	small nucleolar RNA SNORD36	snoRNA	0	2	1	0	0	1	1	0	0
gene-LOC120022006	LOC120022006	cell surface glycoprotein 1-like	protein_coding	0	2	1	0	1	0	1	0	0
gene-LOC120022007	LOC120022007	gap junction alpha-9 protein-like	protein_coding	2	2	1	0	0	1	1	0	0
gene-LOC120022070	LOC120022070	growth factor receptor-bound protein 10-like	protein_coding	4	2	1	0	0	1	1	0	0
gene-LOC120022070_1				0	2	1	1	1	0	0	0	0
gene-LOC120022079	LOC120022079	translocon-associated protein subunit beta-like	protein_coding	2	2	1	0	1	0	1	0	0
gene-LOC120022117	LOC120022117	fatty acid-binding protein, heart	protein_coding	4	2	1	0	1	0	1	0	0
gene-LOC120022143	LOC120022143	serine/arginine-rich splicing factor 10-like	protein_coding	1	2	1	0	0	1	1	0	0
gene-LOC120022192	LOC120022192		V_segment	0	2	1	0	0	1	1	0	0
gene-LOC120022197	LOC120022197		V_segment	0	2	1	0	0	1	1	0	0
gene-LOC120022261	LOC120022261	diacylglycerol O-acyltransferase 1-like	protein_coding	3	2	1	0	0	1	1	0	0
gene-LOC120022294	LOC120022294	serine/threonine-protein kinase pef1-like	protein_coding	5	2	1	0	0	1	1	0	0
gene-LOC120022305	LOC120022305	induced myeloid leukemia cell differentiation protein Mcl-1 homolog	protein_coding	9	2	1	0	0	1	1	0	0
gene-LOC120022308	LOC120022308	immunoglobulin superfamily DCC subclass member 3-like	protein_coding	5	2	1	0	1	0	1	0	0
gene-LOC120022320	LOC120022320	immunoglobulin lambda-like polypeptide 5	protein_coding	0	2	1	0	0	1	1	0	0
gene-LOC120022334	LOC120022334	flocculation protein FLO11-like	protein_coding	0	2	1	0	0	1	1	0	0
gene-LOC120022356	LOC120022356	NACHT, LRR and PYD domains-containing protein 3-like	protein_coding	1	2	1	0	0	1	1	0	0
gene-LOC120022415	LOC120022415	ephrin-A3-like	protein_coding	4	2	1	0	0	1	1	0	0
gene-LOC120022528	LOC120022528	probable C-mannosyltransferase DPY19L4	protein_coding	3	2	1	0	0	1	1	0	0
gene-LOC120022571	LOC120022571	tapasin-like	protein_coding	2	2	1	0	0	1	1	0	0
gene-LOC120022572	LOC120022572	lysine-specific histone demethylase 1B	protein_coding	3	2	1	0	0	1	1	0	0
gene-LOC120022581	LOC120022581	c-Myc-binding protein-like	protein_coding	3	2	1	0	0	1	1	0	0
gene-LOC120022634	LOC120022634	akirin-1A-like	protein_coding	9	2	1	0	0	1	1	0	0
gene-LOC120022707	LOC120022707	uncharacterized LOC120022707	protein_coding	0	2	1	0	1	0	1	0	0
gene-LOC120022743	LOC120022743	chromatin modification-related protein MEAF6	protein_coding	2	2	1	0	0	1	1	0	0
gene-LOC120022770	LOC120022770	cilia- and flagella-associated protein 20-like	protein_coding	5	2	1	0	0	1	1	0	0
gene-LOC120022803	LOC120022803	four and a half LIM domains protein 3-like	protein_coding	6	2	1	0	0	1	1	0	0
gene-LOC120022811	LOC120022811	keratin, type I cytoskeletal 13-like	protein_coding	1	2	1	0	0	1	1	0	0
gene-LOC120022820	LOC120022820	keratin, type I cytoskeletal 13-like	protein_coding	1	2	1	0	0	1	1	0	0
gene-LOC120022826	LOC120022826	keratin, type I cytoskeletal 13-like	protein_coding	1	2	1	0	0	1	1	0	0
gene-LOC120022877	LOC120022877	small nucleolar RNA SNORD53/SNORD92	snoRNA	0	2	1	0	1	0	1	0	0
gene-LOC120022965	LOC120022965	eukaryotic translation initiation factor 2-alpha kinase 3-like	protein_coding	3	2	1	0	1	0	1	0	0
gene-LOC120022971	LOC120022971	zinc finger FYVE domain-containing protein 26-like	protein_coding	7	2	1	0	1	0	1	0	0
gene-LOC120022977	LOC120022977		V_segment	0	2	1	0	0	1	1	0	0
gene-LOC120022979	LOC120022979		V_segment	0	2	1	0	0	1	1	0	0
gene-LOC120022980	LOC120022980		V_segment	0	2	1	0	0	1	1	0	0
gene-LOC120022981	LOC120022981		V_segment	0	2	1	0	0	1	1	0	0
gene-LOC120022984	LOC120022984		V_segment	0	2	1	0	1	0	1	0	0
gene-LOC120023029	LOC120023029	rhomboid-related protein 3-like	protein_coding	3	2	1	0	1	0	1	0	0
gene-LOC120023046	LOC120023046	MAX gene-associated protein-like	protein_coding	7	2	1	0	0	1	1	0	0
gene-LOC120023084	LOC120023084	uncharacterized LOC120023084	protein_coding	2	2	1	0	0	1	1	0	0
gene-LOC120023137	LOC120023137	E3 ubiquitin-protein ligase NEURL1-like	protein_coding	5	2	1	0	1	0	1	0	0
gene-LOC120023175	LOC120023175	calmodulin-1	protein_coding	1	2	1	0	1	0	1	0	0
gene-LOC120023181	LOC120023181	tyrosine-protein kinase receptor TYRO3-like	protein_coding	11	2	1	0	0	1	1	0	0
gene-LOC120023231	LOC120023231	HHIP-like protein 1	protein_coding	1	2	1	0	0	1	1	0	0
gene-LOC120023241	LOC120023241	potassium channel subfamily K member 10-like	protein_coding	4	2	1	0	0	1	1	0	0
gene-LOC120023271	LOC120023271	nanos homolog 3-like	protein_coding	5	2	1	0	0	1	1	0	0
gene-LOC120023380	LOC120023380	voltage-dependent P/Q-type calcium channel subunit alpha-1A-like	protein_coding	6	2	1	0	1	0	1	0	0
gene-LOC120023431	LOC120023431	26S proteasome regulatory subunit 4-like	protein_coding	5	2	1	0	1	0	1	0	0
gene-LOC120023455	LOC120023455	piggyBac transposable element-derived protein 4-like	protein_coding	0	2	1	0	0	1	1	0	0
gene-LOC120023518	LOC120023518	calmodulin-regulated spectrin-associated protein 3-like	protein_coding	7	2	1	0	1	0	0	0	1
gene-LOC120023576	LOC120023576	saccharopine dehydrogenase-like oxidoreductase	protein_coding	4	2	1	0	0	1	1	0	0
gene-LOC120023601	LOC120023601	leucine-rich repeat-containing protein 57-like	protein_coding	1	2	1	0	0	1	1	0	0
gene-LOC120023642	LOC120023642	uromodulin-like	protein_coding	0	2	1	0	1	0	1	0	0
gene-LOC120023649	LOC120023649	uromodulin-like	protein_coding	4	2	1	0	0	1	1	0	0
gene-LOC120023677	LOC120023677	piggyBac transposable element-derived protein 4-like	protein_coding	0	2	1	0	0	1	1	0	0
gene-LOC120023746	LOC120023746	myosin heavy chain, fast skeletal muscle-like	protein_coding	4	2	1	0	1	0	1	0	0
gene-LOC120023751	LOC120023751	uncharacterized LOC120023751	lncRNA	0	2	1	0	0	1	1	0	0
gene-LOC120023827	LOC120023827	cytosolic 5'-nucleotidase 1A-like	protein_coding	7	2	1	0	0	1	1	0	0
gene-LOC120023896	LOC120023896	uncharacterized LOC120023896	lncRNA	0	2	1	0	0	1	1	0	0
gene-LOC120024004	LOC120024004	uncharacterized LOC120024004	protein_coding	0	2	1	0	0	1	1	0	0
gene-LOC120024020	LOC120024020	E3 ubiquitin-protein ligase rnf168-like	protein_coding	2	2	1	0	1	0	1	0	0
gene-LOC120024026	LOC120024026	lactoylglutathione lyase-like	protein_coding	2	2	1	0	0	1	1	0	0
gene-LOC120024042	LOC120024042	exostosin-like 3	protein_coding	3	2	1	0	0	1	1	0	0
gene-LOC120024072	LOC120024072	uncharacterized LOC120024072	lncRNA	0	2	1	0	0	1	1	0	0
gene-LOC120024080	LOC120024080	sodium/bile acid cotransporter-like	protein_coding	3	2	1	0	0	1	1	0	0
gene-LOC120024102	LOC120024102	uncharacterized LOC120024102	lncRNA	0	2	1	0	1	0	1	0	0
gene-LOC120024150	LOC120024150	RING finger protein 224-like	protein_coding	2	2	1	0	1	0	0	0	1
gene-LOC120024164	LOC120024164	ribosomal oxygenase 1-like	protein_coding	5	2	1	0	0	1	1	0	0
gene-LOC120024165	LOC120024165	NADH dehydrogenase [ubiquinone] 1 beta subcomplex subunit 1-like	protein_coding	2	2	1	0	0	1	1	0	0
gene-LOC120024210	LOC120024210	4-galactosyl-N-acetylglucosaminide 3-alpha-L-fucosyltransferase 9-like	protein_coding	4	2	1	0	0	1	1	0	0
gene-LOC120024212	LOC120024212	transmembrane protein 121	protein_coding	0	2	1	0	0	1	1	0	0
gene-LOC120024258	LOC120024258	uncharacterized LOC120024258	protein_coding	0	2	1	0	0	1	1	0	0
gene-LOC120024332	LOC120024332	collagen alpha-1(X) chain-like	protein_coding	1	2	1	0	0	1	1	0	0
gene-LOC120024345	LOC120024345	beta-soluble NSF attachment protein	protein_coding	9	2	1	0	1	0	1	0	0
gene-LOC120024458	LOC120024458	sodium/potassium-transporting ATPase subunit beta-1-interacting protein 2	protein_coding	1	2	1	1	0	0	1	0	0
gene-LOC120024696	LOC120024696	transient receptor potential cation channel subfamily M member 7-like	protein_coding	9	2	1	0	1	0	1	0	0
gene-LOC120024699	LOC120024699	unconventional myosin-Va-like	protein_coding	9	2	1	0	1	0	1	0	0
gene-LOC120024700	LOC120024700	signal peptide peptidase-like 2A	protein_coding	6	2	1	0	1	0	1	0	0
gene-LOC120024702	LOC120024702	guanine nucleotide-binding protein subunit beta-5b	protein_coding	6	2	1	0	1	0	1	0	0
gene-LOC120024710	LOC120024710	uncharacterized LOC120024710	lncRNA	0	2	1	0	1	0	1	0	0
gene-LOC120024777	LOC120024777	E3 ubiquitin-protein ligase MARCHF3-like	protein_coding	3	2	1	0	1	0	1	0	0
gene-LOC120024786	LOC120024786	epithelial splicing regulatory protein 2-like	protein_coding	4	2	1	0	1	0	1	0	0
gene-LOC120024793	LOC120024793	carbohydrate sulfotransferase 8-like	protein_coding	4	2	1	0	1	0	1	0	0
gene-LOC120024827	LOC120024827	plectin	protein_coding	2	2	1	0	1	0	1	0	0
gene-LOC120024840	LOC120024840	protein FAM189A1-like	protein_coding	0	2	1	0	1	0	1	0	0
gene-LOC120024841	LOC120024841	immunoglobulin superfamily DCC subclass member 3-like	protein_coding	5	2	1	0	1	0	1	0	0
gene-LOC120024854	LOC120024854	ubiquitin-conjugating enzyme E2 Q2-like	protein_coding	0	2	1	0	1	0	1	0	0
gene-LOC120024865	LOC120024865	BTB/POZ domain-containing protein kctd15	protein_coding	2	2	1	0	1	0	1	0	0
gene-LOC120024866	LOC120024866	pre-mRNA-splicing factor ATP-dependent RNA helicase PRP16-like	protein_coding	5	2	1	0	1	0	1	0	0
gene-LOC120024893	LOC120024893	carnitine O-palmitoyltransferase 1, liver isoform-like	protein_coding	4	2	1	0	1	0	1	0	0
gene-LOC120024896	LOC120024896	macrophage-stimulating protein receptor-like	protein_coding	12	2	1	0	0	1	1	0	0
gene-LOC120024908	LOC120024908	uncharacterized LOC120024908	lncRNA	0	2	1	0	0	1	1	0	0
gene-LOC120024920	LOC120024920	major histocompatibility complex class I-related gene protein-like	protein_coding	3	2	1	1	0	0	1	0	0
gene-LOC120024924	LOC120024924	pro-cathepsin H-like	protein_coding	5	2	1	0	0	1	1	0	0
gene-LOC120024929	LOC120024929	protein GOLM2-like	protein_coding	0	2	1	0	1	0	1	0	0
gene-LOC120024938	LOC120024938	cytochrome b5-like	protein_coding	3	2	1	0	1	0	1	0	0
gene-LOC120024952	LOC120024952	SH2 domain-containing adapter protein F-like	protein_coding	1	2	1	0	1	0	1	0	0
gene-LOC120024955	LOC120024955	F-actin-monooxygenase MICAL2-like	protein_coding	2	2	1	0	1	0	1	0	0
gene-LOC120024960	LOC120024960	solute carrier family 12 member 4-like	protein_coding	8	2	1	0	1	0	1	0	0
gene-LOC120024980	LOC120024980	pyruvate kinase PKM-like	protein_coding	5	2	1	0	1	0	1	0	0
gene-LOC120025027	LOC120025027	AKT-interacting protein-like	protein_coding	0	2	1	0	1	0	1	0	0
gene-LOC120025030	LOC120025030	FAS-associated death domain protein-like	protein_coding	3	2	1	0	0	1	1	0	0
gene-LOC120025041	LOC120025041	CTD small phosphatase-like protein 2-B	protein_coding	1	2	1	0	1	0	1	0	0
gene-LOC120025042	LOC120025042	inhibitory synaptic factor 1-like	protein_coding	2	2	1	0	1	0	1	0	0
gene-LOC120025046	LOC120025046	protein mono-ADP-ribosyltransferase PARP6	protein_coding	8	2	1	0	1	0	1	0	0
gene-LOC120025077	LOC120025077	anoctamin-1-like	protein_coding	4	2	1	0	0	1	1	0	0
gene-LOC120025078	LOC120025078	high choriolytic enzyme 1-like	protein_coding	3	2	1	0	0	1	1	0	0
gene-LOC120025084	LOC120025084	leucine zipper protein 2-like	protein_coding	0	2	1	0	0	1	1	0	0
gene-LOC120025121	LOC120025121	cAMP-regulated phosphoprotein 19-A-like	protein_coding	3	2	1	0	0	1	0	0	1
gene-LOC120025151	LOC120025151	eukaryotic translation initiation factor 3 subunit J-A-like	protein_coding	3	2	1	0	1	0	1	0	0
gene-LOC120025169	LOC120025169	AP-1 complex subunit beta-1-like	protein_coding	5	2	1	0	0	1	1	0	0
gene-LOC120025214	LOC120025214	peroxisomal membrane protein PEX16-like	protein_coding	2	2	1	0	1	0	1	0	0
gene-LOC120025220	LOC120025220	ubiquitin-like protein 7	protein_coding	3	2	1	0	1	0	1	0	0
gene-LOC120025225	LOC120025225	lysosomal acid phosphatase-like	protein_coding	4	2	1	0	0	1	1	0	0
gene-LOC120025227	LOC120025227	uncharacterized LOC120025227	lncRNA	0	2	1	0	0	1	1	0	0
gene-LOC120025251	LOC120025251	UDP-glucuronosyltransferase 2A1-like	protein_coding	1	2	1	0	1	0	1	0	0
gene-LOC120025281	LOC120025281	C2 calcium-dependent domain-containing protein 4C-like	protein_coding	0	2	1	0	0	1	1	0	0
gene-LOC120025317	LOC120025317	cartilage intermediate layer protein 1-like	protein_coding	0	2	1	0	1	0	1	0	0
gene-LOC120025324	LOC120025324	uncharacterized protein KIAA0895-like	protein_coding	0	2	1	0	1	0	1	0	0
gene-LOC120025338	LOC120025338	transcription factor E2F8-like	protein_coding	4	2	1	0	0	1	1	0	0
gene-LOC120025345	LOC120025345	transmembrane 6 superfamily member 1-like	protein_coding	1	2	1	0	0	1	1	0	0
gene-LOC120025347	LOC120025347	polypeptide N-acetylgalactosaminyltransferase 18-like	protein_coding	1	2	1	0	1	0	1	0	0
gene-LOC120025359	LOC120025359	tight junction protein ZO-1-like	protein_coding	8	2	1	0	1	0	1	0	0
gene-LOC120025366	LOC120025366	trans-1,2-dihydrobenzene-1,2-diol dehydrogenase-like	protein_coding	1	2	1	0	1	0	1	0	0
gene-LOC120025372	LOC120025372	C-C motif chemokine 13-like	protein_coding	16	2	1	0	0	1	1	0	0
gene-LOC120025430	LOC120025430	ectonucleoside triphosphate diphosphohydrolase 2-like	protein_coding	4	2	1	0	0	1	1	0	0
gene-LOC120025448	LOC120025448	myosin-IIIb-like	protein_coding	4	2	1	0	0	1	1	0	0
gene-LOC120025450	LOC120025450	uncharacterized LOC120025450	lncRNA	0	2	1	0	0	1	1	0	0
gene-LOC120025454	LOC120025454	uncharacterized LOC120025454	lncRNA	0	2	1	0	0	1	1	0	0
gene-LOC120025509	LOC120025509	endoplasmic reticulum mannosyl-oligosaccharide 1,2-alpha-mannosidase-like	protein_coding	7	2	1	0	0	1	1	0	0
gene-LOC120025522	LOC120025522	ankyrin-1-like	protein_coding	2	2	1	1	0	0	1	0	0
gene-LOC120025537	LOC120025537	astrotactin-2-like	protein_coding	3	2	1	1	0	0	1	0	0
gene-LOC120025542	LOC120025542	glutamine synthetase-like	protein_coding	3	2	1	0	0	1	1	0	0
gene-LOC120025549	LOC120025549	leucine-rich repeat transmembrane neuronal protein 4-like	protein_coding	1	2	1	1	0	0	1	0	0
gene-LOC120025609	LOC120025609	tetratricopeptide repeat protein 28-like	protein_coding	1	2	1	0	1	0	1	0	0
gene-LOC120025642	LOC120025642	TOG array regulator of axonemal microtubules protein 2-like	protein_coding	4	2	1	0	1	0	1	0	0
gene-LOC120025643	LOC120025643	TOG array regulator of axonemal microtubules protein 1-like	protein_coding	4	2	1	0	0	1	1	0	0
gene-LOC120025703	LOC120025703	uncharacterized LOC120025703	lncRNA	0	2	1	0	0	1	1	0	0
gene-LOC120025722	LOC120025722	hamartin-like	protein_coding	4	2	1	0	0	1	1	0	0
gene-LOC120025825	LOC120025825	14 kDa phosphohistidine phosphatase-like	protein_coding	3	2	1	0	0	1	1	0	0
gene-LOC120025929	LOC120025929	zinc finger protein Gfi-1b-like	protein_coding	4	2	1	0	0	1	1	0	0
gene-LOC120025932	LOC120025932	bile salt-activated lipase-like	protein_coding	13	2	1	0	0	1	1	0	0
gene-LOC120025972	LOC120025972	arrestin domain-containing protein 1-like	protein_coding	4	2	1	0	0	1	1	0	0
gene-LOC120026064	LOC120026064	centrin-3-like	protein_coding	4	2	1	0	1	0	1	0	0
gene-LOC120026067	LOC120026067	heat shock protein 30-like	protein_coding	3	2	1	0	0	1	1	0	0
gene-LOC120026096	LOC120026096	lysozyme C II	protein_coding	3	2	1	0	1	0	1	0	0
gene-LOC120026206	LOC120026206	interferon-induced protein 44-like	protein_coding	0	2	1	0	0	1	1	0	0
gene-LOC120026216	LOC120026216	interferon-induced protein 44-like	protein_coding	0	2	1	0	0	1	1	0	0
gene-LOC120026238	LOC120026238	proteinase-activated receptor 2-like	protein_coding	6	2	1	0	0	1	1	0	0
gene-LOC120026316	LOC120026316	uncharacterized LOC120026316	lncRNA	0	2	1	0	0	1	1	0	0
gene-LOC120026418	LOC120026418	heat shock protein 30-like	protein_coding	3	2	1	0	0	1	1	0	0
gene-LOC120026428	LOC120026428	ubiquitin carboxyl-terminal hydrolase 37-like	protein_coding	5	2	1	0	0	1	1	0	0
gene-LOC120026437	LOC120026437	uncharacterized LOC120026437	lncRNA	0	2	1	0	0	1	1	0	0
gene-LOC120026442	LOC120026442	transcriptional repressor scratch 1-like	protein_coding	3	2	1	0	0	1	1	0	0
gene-LOC120026454	LOC120026454	transcription factor 15-like	protein_coding	5	2	1	0	0	1	1	0	0
gene-LOC120026463	LOC120026463	casein kinase II subunit alpha-like	protein_coding	6	2	1	0	0	1	1	0	0
gene-LOC120026501	LOC120026501	glutamate receptor ionotropic, NMDA 1-like	protein_coding	9	2	1	0	0	1	1	0	0
gene-LOC120026514	LOC120026514	U2 spliceosomal RNA	snRNA	0	2	1	0	1	0	1	0	0
gene-LOC120026519	LOC120026519	U2 spliceosomal RNA	snRNA	0	2	1	0	1	0	1	0	0
gene-LOC120026531	LOC120026531	U2 spliceosomal RNA	snRNA	0	2	1	0	1	0	1	0	0
gene-LOC120026538	LOC120026538	U5 spliceosomal RNA	snRNA	0	2	1	0	1	0	1	0	0
gene-LOC120026539	LOC120026539	U5 spliceosomal RNA	snRNA	0	2	1	0	1	0	1	0	0
gene-LOC120026540	LOC120026540	polyubiquitin-like	protein_coding	6	2	1	0	1	0	1	0	0
gene-LOC120026543	LOC120026543	U5 spliceosomal RNA	snRNA	0	2	1	0	1	0	1	0	0
gene-LOC120026544	LOC120026544	U2 spliceosomal RNA	snRNA	0	2	1	0	1	0	1	0	0
gene-LOC120026545	LOC120026545	U5 spliceosomal RNA	snRNA	0	2	1	0	1	0	1	0	0
gene-LOC120026549	LOC120026549	U5 spliceosomal RNA	snRNA	0	2	1	0	1	0	1	0	0
gene-LOC120026560	LOC120026560	U5 spliceosomal RNA	snRNA	0	2	1	0	1	0	1	0	0
gene-LOC120026561	LOC120026561	U5 spliceosomal RNA	snRNA	0	2	1	0	1	0	1	0	0
gene-LOC120026562	LOC120026562	U5 spliceosomal RNA	snRNA	0	2	1	0	1	0	1	0	0
gene-LOC120026563	LOC120026563	U5 spliceosomal RNA	snRNA	0	2	1	0	1	0	1	0	0
gene-LOC120026564	LOC120026564	U5 spliceosomal RNA	snRNA	0	2	1	0	1	0	1	0	0
gene-LOC120026565	LOC120026565	U5 spliceosomal RNA	snRNA	0	2	1	0	1	0	1	0	0
gene-LOC120026569	LOC120026569	U5 spliceosomal RNA	snRNA	0	2	1	0	1	0	1	0	0
gene-LOC120026570	LOC120026570	U5 spliceosomal RNA	snRNA	0	2	1	0	1	0	1	0	0
gene-LOC120026571	LOC120026571	U5 spliceosomal RNA	snRNA	0	2	1	0	1	0	1	0	0
gene-LOC120026580	LOC120026580	U5 spliceosomal RNA	snRNA	0	2	1	0	1	0	1	0	0
gene-LOC120026582	LOC120026582	U5 spliceosomal RNA	snRNA	0	2	1	0	1	0	1	0	0
gene-LOC120026628	LOC120026628	U2 spliceosomal RNA	snRNA	0	2	1	0	1	0	1	0	0
gene-LOC120026629	LOC120026629	U2 spliceosomal RNA	snRNA	0	2	1	0	1	0	1	0	0
gene-LOC120026630	LOC120026630	U2 spliceosomal RNA	snRNA	0	2	1	0	1	0	1	0	0
gene-LOC120026633	LOC120026633	U2 spliceosomal RNA	snRNA	0	2	1	0	1	0	1	0	0
gene-LOC120026635	LOC120026635	U2 spliceosomal RNA	snRNA	0	2	1	0	1	0	1	0	0
gene-LOC120026638	LOC120026638	U2 spliceosomal RNA	snRNA	0	2	1	0	1	0	1	0	0
gene-LOC120026642	LOC120026642	U2 spliceosomal RNA	snRNA	0	2	1	0	1	0	1	0	0
gene-LOC120026660	LOC120026660	U2 spliceosomal RNA	snRNA	0	2	1	0	1	0	1	0	0
gene-LOC120026661	LOC120026661	U2 spliceosomal RNA	snRNA	0	2	1	0	1	0	1	0	0
gene-LOC120026774	LOC120026774	glutamate receptor ionotropic, kainate 5-like	protein_coding	9	2	1	0	1	0	1	0	0
gene-LOC120026808	LOC120026808	probable E3 ubiquitin-protein ligase makorin-1	protein_coding	3	2	1	0	0	1	1	0	0
gene-LOC120026822	LOC120026822		V_segment	0	2	1	0	1	0	1	0	0
gene-LOC120026824	LOC120026824	NLR family CARD domain-containing protein 3-like	protein_coding	1	2	1	0	0	1	1	0	0
gene-LOC120026830	LOC120026830		V_segment	0	2	1	0	0	1	1	0	0
gene-LOC120026854	LOC120026854	eyes absent homolog 3-like	protein_coding	6	2	1	0	0	1	1	0	0
gene-LOC120026859	LOC120026859	zinc finger protein 865-like	protein_coding	3	2	1	0	1	0	1	0	0
gene-LOC120026906	LOC120026906	uncharacterized LOC120026906	lncRNA	0	2	1	0	0	1	1	0	0
gene-LOC120026910	LOC120026910	uncharacterized LOC120026910	lncRNA	0	2	1	0	1	0	1	0	0
gene-LOC120026925	LOC120026925	coiled-coil domain-containing protein 106-like	protein_coding	1	2	1	0	0	1	1	0	0
gene-LOC120026950	LOC120026950	CCR4-NOT transcription complex subunit 3-like	protein_coding	6	2	1	0	1	0	1	0	0
gene-LOC120026978	LOC120026978	uncharacterized LOC120026978	protein_coding	0	2	1	0	1	0	1	0	0
gene-LOC120026984	LOC120026984	uncharacterized LOC120026984	lncRNA	0	2	1	0	0	1	1	0	0
gene-LOC120027007	LOC120027007	uncharacterized LOC120027007	lncRNA	0	2	1	0	0	1	0	0	1
gene-LOC120027038	LOC120027038	retinoic acid receptor beta-like	protein_coding	8	2	1	0	1	0	1	0	0
gene-LOC120027039	LOC120027039	DNA topoisomerase 2-beta-like	protein_coding	0	2	1	0	0	1	1	0	0
gene-LOC120027040	LOC120027040	DNA topoisomerase 2-beta-like	protein_coding	7	2	1	0	0	1	1	0	0
gene-LOC120027050	LOC120027050	uncharacterized LOC120027050	protein_coding	0	2	1	0	1	0	1	0	0
gene-LOC120027095	LOC120027095	transmembrane protein 200A-like	protein_coding	0	2	1	0	1	0	1	0	0
gene-LOC120027106	LOC120027106	AT-hook DNA-binding motif-containing protein 1-like	protein_coding	0	2	1	0	1	0	1	0	0
gene-LOC120027135	LOC120027135	phosphatase and actin regulator 4A-like	protein_coding	3	2	1	0	1	0	1	0	0
gene-LOC120027150	LOC120027150	uncharacterized LOC120027150	protein_coding	0	2	1	0	1	0	1	0	0
gene-LOC120027158	LOC120027158	MARCKS-related protein 1-B-like	protein_coding	6	2	1	0	1	0	1	0	0
gene-LOC120027201	LOC120027201	uncharacterized LOC120027201	protein_coding	0	2	1	0	0	1	1	0	0
gene-LOC120027220	LOC120027220	uncharacterized LOC120027220	lncRNA	0	2	1	0	0	1	1	0	0
gene-LOC120027407	LOC120027407	uncharacterized LOC120027407	protein_coding	0	2	1	0	1	0	1	0	0
gene-LOC120027483	LOC120027483	carcinoembryonic antigen-related cell adhesion molecule 1-like	protein_coding	0	2	1	0	0	1	1	0	0
gene-LOC120027508	LOC120027508	keratin, type I cytoskeletal 13-like	protein_coding	1	2	1	0	0	1	1	0	0
gene-LOC120027517	LOC120027517	zinc finger protein 687b-like	protein_coding	0	2	1	0	0	1	1	0	0
gene-LOC120027518	LOC120027518	keratin, type I cytoskeletal 13-like	protein_coding	1	2	1	0	1	0	1	0	0
gene-LOC120027537	LOC120027537	ubiquitin-associated protein 2-like	protein_coding	3	2	1	0	0	1	1	0	0
gene-LOC120027637	LOC120027637	EMILIN-2-like	protein_coding	1	2	1	0	0	1	1	0	0
gene-LOC120027654	LOC120027654	cadherin-6-like	protein_coding	11	2	1	0	0	1	1	0	0
gene-LOC120027658	LOC120027658	serine/threonine-protein kinase H1-like	protein_coding	3	2	1	0	0	1	1	0	0
gene-LOC120027687	LOC120027687	SKI/DACH domain-containing protein 1-like	protein_coding	0	2	1	0	1	0	1	0	0
gene-LOC120027734	LOC120027734	SH3 and PX domain-containing protein 2A-like	protein_coding	4	2	1	0	1	0	1	0	0
gene-LOC120027807	LOC120027807	noggin-2-like	protein_coding	5	2	1	0	0	1	1	0	0
gene-LOC120027814	LOC120027814	GTPase IMAP family member 4-like	protein_coding	1	2	1	0	0	1	1	0	0
gene-LOC120027816	LOC120027816	uncharacterized LOC120027816	lncRNA	0	2	1	0	1	0	1	0	0
gene-LOC120027822	LOC120027822	carbohydrate sulfotransferase 2-like	protein_coding	5	2	1	0	1	0	1	0	0
gene-LOC120027905	LOC120027905	band 4.1-like protein 3	protein_coding	3	2	1	1	0	0	1	0	0
gene-LOC120027915	LOC120027915	uncharacterized protein DDB_G0284459-like	protein_coding	2	2	1	0	1	0	1	0	0
gene-LOC120027918	LOC120027918	uncharacterized LOC120027918	protein_coding	5	2	1	0	0	1	1	0	0
gene-LOC120027929	LOC120027929	nanos homolog 1-like	protein_coding	5	2	1	0	0	1	1	0	0
gene-LOC120027956	LOC120027956	uncharacterized LOC120027956	lncRNA	0	2	1	0	0	1	1	0	0
gene-LOC120027957	LOC120027957	uncharacterized LOC120027957	lncRNA	0	2	1	0	0	1	1	0	0
gene-LOC120028030	LOC120028030	phosphatidate phosphatase LPIN2-like	protein_coding	9	2	1	0	0	1	1	0	0
gene-LOC120028050	LOC120028050	uncharacterized LOC120028050	protein_coding	0	2	1	0	0	1	1	0	0
gene-LOC120028073	LOC120028073	zinc finger protein 239-like	protein_coding	0	2	1	0	1	0	1	0	0
gene-LOC120028089	LOC120028089	phosphoenolpyruvate carboxykinase [GTP], mitochondrial-like	protein_coding	13	2	1	1	0	0	1	0	0
gene-LOC120028101	LOC120028101	bucky ball-like	protein_coding	0	2	1	0	1	0	1	0	0
gene-LOC120028104	LOC120028104	integrin beta-1-like	protein_coding	12	2	1	0	1	0	1	0	0
gene-LOC120028225	LOC120028225	importin subunit alpha-3	protein_coding	7	2	1	0	1	0	1	0	0
gene-LOC120028229	LOC120028229	immunoglobulin superfamily member 11-like	protein_coding	3	2	1	0	1	0	1	0	0
gene-LOC120028286	LOC120028286	U4 spliceosomal RNA	snRNA	0	2	1	0	0	1	1	0	0
gene-LOC120028289	LOC120028289	U4 spliceosomal RNA	snRNA	0	2	1	0	0	1	1	0	0
gene-LOC120028291	LOC120028291	protein NLRC3-like	protein_coding	0	2	1	0	1	0	1	0	0
gene-LOC120028294	LOC120028294	U4 spliceosomal RNA	snRNA	0	2	1	0	0	1	1	0	0
gene-LOC120028297	LOC120028297	U4 spliceosomal RNA	snRNA	0	2	1	0	0	1	1	0	0
gene-LOC120028303	LOC120028303	U4 spliceosomal RNA	snRNA	0	2	1	0	0	1	1	0	0
gene-LOC120028312	LOC120028312	U4 spliceosomal RNA	snRNA	0	2	1	0	0	1	1	0	0
gene-LOC120028315	LOC120028315	zinc finger FYVE domain-containing protein 1-like	protein_coding	1	2	1	0	0	1	1	0	0
gene-LOC120028320	LOC120028320	U4 spliceosomal RNA	snRNA	0	2	1	0	0	1	1	0	0
gene-LOC120028326	LOC120028326	inositol polyphosphate 5-phosphatase K-like	protein_coding	12	2	1	0	1	0	1	0	0
gene-LOC120028333	LOC120028333	centrosomal protein of 164 kDa-like	protein_coding	1	2	1	0	1	0	1	0	0
gene-LOC120028334	LOC120028334	SID1 transmembrane family member 2-like	protein_coding	1	2	1	0	1	0	1	0	0
gene-LOC120028367	LOC120028367	flavin reductase (NADPH)-like	protein_coding	0	2	1	0	1	0	1	0	0
gene-LOC120028377	LOC120028377	uncharacterized LOC120028377	protein_coding	4	2	1	0	1	0	1	0	0
gene-LOC120028379	LOC120028379	uncharacterized LOC120028379	protein_coding	0	2	1	0	1	0	1	0	0
gene-LOC120028410	LOC120028410	small nucleolar RNA SNORA57	snoRNA	0	2	1	0	0	1	1	0	0
gene-LOC120028418	LOC120028418	small nucleolar RNA SNORD57	snoRNA	0	2	1	0	0	1	1	0	0
gene-LOC120028480	LOC120028480	small nucleolar RNA SNORA49	snoRNA	0	2	1	0	1	0	1	0	0
gene-LOC120028503	LOC120028503	small nucleolar RNA SNORA26	snoRNA	0	2	1	0	0	1	1	0	0
gene-LOC120028545	LOC120028545	transcription elongation factor SPT5-like	protein_coding	7	2	1	0	1	0	1	0	0
gene-LOC120028546	LOC120028546	uncharacterized LOC120028546	protein_coding	0	2	1	0	1	0	1	0	0
gene-LOC120028563	LOC120028563	U4 spliceosomal RNA	snRNA	0	2	1	0	0	1	1	0	0
gene-LOC120028564	LOC120028564	atypical kinase COQ8B, mitochondrial-like	protein_coding	3	2	1	0	1	0	1	0	0
gene-LOC120028568	LOC120028568	U4 spliceosomal RNA	snRNA	0	2	1	0	0	1	1	0	0
gene-LOC120028571	LOC120028571	calpain small subunit 1-like	protein_coding	1	2	1	0	1	0	1	0	0
gene-LOC120028575	LOC120028575	U4 spliceosomal RNA	snRNA	0	2	1	0	0	1	1	0	0
gene-LOC120028578	LOC120028578	ubiquitin carboxyl-terminal hydrolase 2-like	protein_coding	3	2	1	0	1	0	1	0	0
gene-LOC120028617	LOC120028617	zinc finger and BTB domain-containing protein 44-like	protein_coding	5	2	1	0	0	1	1	0	0
gene-LOC120028632	LOC120028632	ARF GTPase-activating protein GIT1-like	protein_coding	4	2	1	0	1	0	1	0	0
gene-LOC120028644	LOC120028644	U4 spliceosomal RNA	snRNA	0	2	1	0	0	1	1	0	0
gene-LOC120028660	LOC120028660	proteasome subunit alpha type-6-like	protein_coding	5	2	1	0	1	0	1	0	0
gene-LOC120028671	LOC120028671	U4 spliceosomal RNA	snRNA	0	2	1	0	0	1	1	0	0
gene-LOC120028680	LOC120028680	U4 spliceosomal RNA	snRNA	0	2	1	0	0	1	1	0	0
gene-LOC120028761	LOC120028761	uncharacterized LOC120028761	protein_coding	1	2	1	0	1	0	1	0	0
gene-LOC120028776	LOC120028776	U4 spliceosomal RNA	snRNA	0	2	1	0	0	1	1	0	0
gene-LOC120028804	LOC120028804	U4 spliceosomal RNA	snRNA	0	2	1	0	0	1	1	0	0
gene-LOC120028812	LOC120028812	sodium-dependent serotonin transporter-like	protein_coding	6	2	1	0	1	0	1	0	0
gene-LOC120028813	LOC120028813	bleomycin hydrolase-like	protein_coding	5	2	1	0	1	0	1	0	0
gene-LOC120028831	LOC120028831	XIAP-associated factor 1-like	protein_coding	2	2	1	0	1	0	1	0	0
gene-LOC120028849	LOC120028849	uncharacterized LOC120028849	protein_coding	0	2	1	0	1	0	1	0	0
gene-LOC120028852	LOC120028852	ras-related protein Rab-1A-like	protein_coding	2	2	1	0	1	0	1	0	0
gene-LOC120028853	LOC120028853	phosphatidylinositol transfer protein alpha isoform-like	protein_coding	6	2	1	0	1	0	1	0	0
gene-LOC120028855	LOC120028855	potassium channel subfamily K member 6-like	protein_coding	4	2	1	0	1	0	1	0	0
gene-LOC120028882	LOC120028882	cell division cycle-associated protein 4-like	protein_coding	2	2	1	0	1	0	1	0	0
gene-LOC120028892	LOC120028892	replication protein A 70 kDa DNA-binding subunit-like	protein_coding	10	2	1	0	1	0	1	0	0
gene-LOC120028901	LOC120028901	rap1 GTPase-activating protein 2-like	protein_coding	5	2	1	0	1	0	1	0	0
gene-LOC120028909	LOC120028909	tapasin-related protein-like	protein_coding	0	2	1	0	1	0	1	0	0
gene-LOC120028919	LOC120028919	apolipoprotein A-I	protein_coding	4	2	1	0	1	0	1	0	0
gene-LOC120028920	LOC120028920	proprotein convertase subtilisin/kexin type 7-like	protein_coding	4	2	1	0	1	0	1	0	0
gene-LOC120028932	LOC120028932	myb-related transcription factor, partner of profilin-like	protein_coding	1	2	1	0	1	0	1	0	0
gene-LOC120028937	LOC120028937	large neutral amino acids transporter small subunit 4-like	protein_coding	4	2	1	0	1	0	1	0	0
gene-LOC120028988	LOC120028988	cyclin-L1-like	protein_coding	3	2	1	0	1	0	1	0	0
gene-LOC120028990	LOC120028990	uncharacterized LOC120028990	lncRNA	0	2	1	0	1	0	1	0	0
gene-LOC120029006	LOC120029006	SH3KBP1-binding protein 1-like	protein_coding	2	2	1	0	1	0	1	0	0
gene-LOC120029007	LOC120029007	protein phosphatase Slingshot homolog 2-like	protein_coding	6	2	1	0	1	0	1	0	0
gene-LOC120029013	LOC120029013	TLC domain-containing protein 3A-like	protein_coding	3	2	1	0	1	0	1	0	0
gene-LOC120029014	LOC120029014	gem-associated protein 4-like	protein_coding	3	2	1	0	1	0	1	0	0
gene-LOC120029026	LOC120029026	glutamine amidotransferase-like class 1 domain-containing protein 3A, mitochondrial	protein_coding	0	2	1	0	1	0	1	0	0
gene-LOC120029034	LOC120029034	caspase-13-like	protein_coding	2	2	1	0	1	0	1	0	0
gene-LOC120029046	LOC120029046	kelch-like protein 12	protein_coding	1	2	1	0	1	0	1	0	0
gene-LOC120029062	LOC120029062	tubulin-specific chaperone cofactor E-like protein	protein_coding	2	2	1	0	1	0	1	0	0
gene-LOC120029083	LOC120029083	protein FAM133-like	protein_coding	0	2	1	0	1	0	1	0	0
gene-LOC120029094	LOC120029094	A disintegrin and metalloproteinase with thrombospondin motifs 8-like	protein_coding	5	2	1	0	0	1	1	0	0
gene-LOC120029100	LOC120029100	uncharacterized LOC120029100	protein_coding	1	2	1	0	1	0	1	0	0
gene-LOC120029101	LOC120029101	ankyrin repeat domain-containing protein 13B-like	protein_coding	2	2	1	0	1	0	1	0	0
gene-LOC120029114	LOC120029114	transport and Golgi organization protein 1 homolog	protein_coding	6	2	1	0	1	0	1	0	0
gene-LOC120029133	LOC120029133	uncharacterized LOC120029133	protein_coding	0	2	1	0	1	0	1	0	0
gene-LOC120029135	LOC120029135	serine/threonine-protein kinase SIK3 homolog	protein_coding	7	2	1	0	1	0	1	0	0
gene-LOC120029153	LOC120029153	estrogen-related receptor gamma-like	protein_coding	7	2	1	0	1	0	1	0	0
gene-LOC120029154	LOC120029154	spectrin beta chain, non-erythrocytic 4-like	protein_coding	9	2	1	0	1	0	1	0	0
gene-LOC120029158	LOC120029158	uncharacterized LOC120029158	protein_coding	3	2	1	0	1	0	1	0	0
gene-LOC120029162	LOC120029162	F-box only protein 39-like	protein_coding	1	2	1	0	1	0	1	0	0
gene-LOC120029164	LOC120029164	nucleolar protein 58-like	protein_coding	0	2	1	0	1	0	1	0	0
gene-LOC120029170	LOC120029170	membrane frizzled-related protein-like	protein_coding	1	2	1	0	1	0	1	0	0
gene-LOC120029193	LOC120029193	POU domain class 2-associating factor 1	protein_coding	5	2	1	0	0	1	1	0	0
gene-LOC120029194	LOC120029194	uncharacterized protein C11orf53 homolog	protein_coding	2	2	1	0	0	1	1	0	0
gene-LOC120029195	LOC120029195	A disintegrin and metalloproteinase with thrombospondin motifs 15-like	protein_coding	4	2	1	0	0	1	1	0	0
gene-LOC120029219	LOC120029219	olfactory receptor 1D2-like	protein_coding	4	2	1	0	0	1	1	0	0
gene-LOC120029226	LOC120029226	olfactory receptor 2A25-like	protein_coding	4	2	1	0	0	1	1	0	0
gene-LOC120029229	LOC120029229	olfactory receptor 11A1-like	protein_coding	4	2	1	0	0	1	1	0	0
gene-LOC120029247	LOC120029247	small nucleolar RNA SNORD66	snoRNA	0	2	1	0	0	1	1	0	0
gene-LOC120029323	LOC120029323	voltage-dependent anion-selective channel protein 2	protein_coding	3	2	1	0	0	1	1	0	0
gene-LOC120029324	LOC120029324	catechol O-methyltransferase domain-containing protein 1-like	protein_coding	2	2	1	0	0	1	1	0	0
gene-LOC120029350	LOC120029350	inward rectifier potassium channel 16-like	protein_coding	4	2	1	0	1	0	1	0	0
gene-LOC120029362	LOC120029362	epoxide hydrolase 1-like	protein_coding	3	2	1	0	0	1	1	0	0
gene-LOC120029562	LOC120029562	cystatin-like	protein_coding	2	2	1	0	0	1	1	0	0
gene-LOC120029602	LOC120029602	somatostatin receptor type 2-like	protein_coding	7	2	1	0	0	1	1	0	0
gene-LOC120029672	LOC120029672	monocarboxylate transporter 12-B-like	protein_coding	3	2	1	0	0	1	1	0	0
gene-LOC120029673	LOC120029673	5-hydroxytryptamine receptor 7-like	protein_coding	9	2	1	0	0	1	1	0	0
gene-LOC120029674	LOC120029674	ankyrin repeat domain-containing protein 1-like	protein_coding	1	2	1	0	0	1	1	0	0
gene-LOC120029738	LOC120029738	sphingomyelin synthase-related protein 1-like	protein_coding	6	2	1	0	0	1	1	0	0
gene-LOC120029767	LOC120029767	ribonuclease P protein subunit p30-like	protein_coding	6	2	1	0	0	1	1	0	0
gene-LOC120029770	LOC120029770	mediator of RNA polymerase II transcription subunit 9-like	protein_coding	3	2	1	0	0	1	1	0	0
gene-LOC120029829	LOC120029829	pantothenate kinase 3-like	protein_coding	5	2	1	0	0	1	1	0	0
gene-LOC120029855	LOC120029855	tumor necrosis factor receptor superfamily member 13B-like	protein_coding	1	2	1	0	0	1	1	0	0
gene-LOC120029858	LOC120029858	splicing factor 3B subunit 5	protein_coding	3	2	1	0	0	1	1	0	0
gene-LOC120029877	LOC120029877	D(5)-like dopamine receptor	protein_coding	3	2	1	0	0	1	1	0	0
gene-LOC120029915	LOC120029915	inward rectifier potassium channel 2-like	protein_coding	4	2	1	0	1	0	1	0	0
gene-LOC120029928	LOC120029928	cystatin-like	protein_coding	2	2	1	0	1	0	1	0	0
gene-LOC120029933	LOC120029933	cystatin-like	protein_coding	2	2	1	0	0	1	1	0	0
gene-LOC120029934	LOC120029934	cystatin-like	protein_coding	2	2	1	0	0	1	1	0	0
gene-LOC120029953	LOC120029953	COP9 signalosome complex subunit 3-like	protein_coding	2	2	1	0	0	1	1	0	0
gene-LOC120029958	LOC120029958	probable E3 ubiquitin-protein ligase HECTD2	protein_coding	2	2	1	0	0	1	1	0	0
gene-LOC120029969	LOC120029969	dexamethasone-induced Ras-related protein 1-like	protein_coding	2	2	1	0	0	1	1	0	0
gene-LOC120029973	LOC120029973	ribonuclease P protein subunit p30-like	protein_coding	6	2	1	0	0	1	1	0	0
gene-LOC120029979	LOC120029979	ubiquitin carboxyl-terminal hydrolase 22-like	protein_coding	3	2	1	0	0	1	1	0	0
gene-LOC120029981	LOC120029981	protein phosphatase 1 regulatory subunit 3C-B-like	protein_coding	4	2	1	0	0	1	1	0	0
gene-LOC120030016	LOC120030016	somatostatin receptor type 2-like	protein_coding	7	2	1	0	0	1	1	0	0
gene-LOC120030031	LOC120030031	poly [ADP-ribose] polymerase tankyrase-2-like	protein_coding	4	2	1	0	0	1	1	0	0
gene-LOC120030045	LOC120030045	uncharacterized LOC120030045	lncRNA	0	2	1	0	0	1	1	0	0
gene-LOC120030053	LOC120030053	polycomb group RING finger protein 5-B	protein_coding	3	2	1	0	0	1	1	0	0
gene-LOC120030140	LOC120030140	eukaryotic initiation factor 4A-I-like	protein_coding	5	2	1	0	0	1	1	0	0
gene-LOC120030147	LOC120030147	SH3 domain and tetratricopeptide repeat-containing protein 1-like	protein_coding	1	2	1	0	0	1	1	0	0
gene-LOC120030165	LOC120030165	uncharacterized LOC120030165	lncRNA	0	2	1	0	1	0	1	0	0
gene-LOC120030186	LOC120030186	zonadhesin-like	protein_coding	2	2	1	0	0	1	1	0	0
gene-LOC120030201	LOC120030201	O-phosphoseryl-tRNA(Sec) selenium transferase-like	protein_coding	4	2	1	0	0	1	1	0	0
gene-LOC120030220	LOC120030220	myb/SANT-like DNA-binding domain-containing protein 1	protein_coding	2	2	1	0	1	0	1	0	0
gene-LOC120030234	LOC120030234	techylectin-5A-like	protein_coding	3	2	1	0	0	1	1	0	0
gene-LOC120030262	LOC120030262	uncharacterized LOC120030262	protein_coding	1	2	1	0	0	1	1	0	0
gene-LOC120030281	LOC120030281	uncharacterized LOC120030281	protein_coding	1	2	1	0	0	1	1	0	0
gene-LOC120030291	LOC120030291	E3 ubiquitin/ISG15 ligase TRIM25-like	protein_coding	1	2	1	0	1	0	1	0	0
gene-LOC120030292	LOC120030292	E3 ubiquitin/ISG15 ligase TRIM25-like	protein_coding	1	2	1	0	1	0	1	0	0
gene-LOC120030340	LOC120030340	uncharacterized LOC120030340	lncRNA	0	2	1	0	1	0	1	0	0
gene-LOC120030476	LOC120030476	asialoglycoprotein receptor 1-like	protein_coding	0	2	1	0	1	0	1	0	0
gene-LOC120030496	LOC120030496	butyrophilin-like protein 2	protein_coding	0	2	1	0	1	0	1	0	0
gene-LOC120030534	LOC120030534	galactose-specific lectin nattectin-like	protein_coding	1	2	1	0	0	1	1	0	0
gene-LOC120030659	LOC120030659	transcription factor Sox-19b-like	protein_coding	5	2	1	0	0	1	1	0	0
gene-LOC120030664	LOC120030664	serine protease HTRA3-like	protein_coding	4	2	1	0	0	1	1	0	0
gene-LOC120030668	LOC120030668	basic proline-rich protein-like	protein_coding	0	2	1	0	1	0	1	0	0
gene-LOC120030672	LOC120030672	calsequestrin-1-like	protein_coding	3	2	1	1	0	0	1	0	0
gene-LOC120030703	LOC120030703	equistatin-like	protein_coding	1	2	1	0	0	1	1	0	0
gene-LOC120030706	LOC120030706	uncharacterized LOC120030706	lncRNA	0	2	1	0	0	1	1	0	0
gene-LOC120030715	LOC120030715	uncharacterized LOC120030715	protein_coding	0	2	1	0	1	0	1	0	0
gene-LOC120030721	LOC120030721	small nucleolar RNA SNORD10	snoRNA	0	2	1	0	0	1	1	0	0
gene-LOC120030757	LOC120030757	poliovirus receptor-like	protein_coding	0	2	1	0	1	0	1	0	0
gene-LOC120030792	LOC120030792	R-spondin-2-like	protein_coding	0	2	1	0	1	0	1	0	0
gene-LOC120030811	LOC120030811	serine/threonine-protein kinase 40	protein_coding	3	2	1	0	1	0	1	0	0
gene-LOC120030830	LOC120030830	uncharacterized LOC120030830	lncRNA	0	2	1	0	1	0	1	0	0
gene-LOC120030835	LOC120030835	uncharacterized LOC120030835	lncRNA	0	2	1	0	1	0	1	0	0
gene-LOC120030837	LOC120030837	lens fiber membrane intrinsic protein-like	protein_coding	2	2	1	0	1	0	1	0	0
gene-LOC120030852	LOC120030852	zinc fingers and homeoboxes protein 2-like	protein_coding	4	2	1	0	1	0	1	0	0
gene-LOC120030854	LOC120030854	cytochrome c oxidase subunit 6B1-like	protein_coding	2	2	1	0	1	0	1	0	0
gene-LOC120030864	LOC120030864	DNA repair protein XRCC1-like	protein_coding	5	2	1	0	1	0	1	0	0
gene-LOC120030879	LOC120030879	derlin-1-like	protein_coding	6	2	1	0	1	0	1	0	0
gene-LOC120030880	LOC120030880	uncharacterized protein DKFZp434B061-like	protein_coding	0	2	1	0	1	0	1	0	0
gene-LOC120030881	LOC120030881	derlin-1-like	protein_coding	6	2	1	0	1	0	1	0	0
gene-LOC120030936	LOC120030936	potassium/sodium hyperpolarization-activated cyclic nucleotide-gated channel 3-like	protein_coding	4	2	1	0	1	0	1	0	0
gene-LOC120030948	LOC120030948	uncharacterized LOC120030948	protein_coding	2	2	1	0	1	0	1	0	0
gene-LOC120030952	LOC120030952	FH1/FH2 domain-containing protein 3-like	protein_coding	7	2	1	0	1	0	1	0	0
gene-LOC120030965	LOC120030965	zymogen granule membrane protein 16-like	protein_coding	0	2	1	0	0	1	1	0	0
gene-LOC120031013	LOC120031013	gasdermin-E-like	protein_coding	2	2	1	0	0	1	1	0	0
gene-LOC120031014	LOC120031014	gasdermin-E-like	protein_coding	2	2	1	0	0	1	1	0	0
gene-LOC120031016	LOC120031016	uncharacterized LOC120031016	lncRNA	0	2	1	0	0	1	1	0	0
gene-LOC120031042	LOC120031042	akirin-1-like	protein_coding	9	2	1	0	1	0	1	0	0
gene-LOC120031062	LOC120031062	dynactin subunit 3-like	protein_coding	2	2	1	0	1	0	1	0	0
gene-LOC120031081	LOC120031081	SH3 domain-containing kinase-binding protein 1-like	protein_coding	1	2	1	0	1	0	1	0	0
gene-LOC120031083	LOC120031083	autophagy protein 5-like	protein_coding	8	2	1	0	1	0	1	0	0
gene-LOC120031085	LOC120031085	C-type lectin domain family 10 member A-like	protein_coding	0	2	1	0	0	1	1	0	0
gene-LOC120031086	LOC120031086	gasdermin-E-like	protein_coding	2	2	1	0	0	1	1	0	0
gene-LOC120031096	LOC120031096	mitogen-activated protein kinase kinase kinase 5-like	protein_coding	5	2	1	0	1	0	1	0	0
gene-LOC120031100	LOC120031100	pleckstrin homology-like domain family B member 3	protein_coding	0	2	1	0	1	0	1	0	0
gene-LOC120031113	LOC120031113	alpha-1,3/1,6-mannosyltransferase ALG2-like	protein_coding	4	2	1	0	1	0	1	0	0
gene-LOC120031120	LOC120031120	phosphatidylinositol-3-phosphatase SAC1-B	protein_coding	3	2	1	0	1	0	1	0	0
gene-LOC120031127	LOC120031127	protein eva-1 homolog B-like	protein_coding	0	2	1	0	1	0	1	0	0
gene-LOC120031141	LOC120031141	gamma-glutamylcyclotransferase-like	protein_coding	1	2	1	0	1	0	1	0	0
gene-LOC120031149	LOC120031149	uncharacterized LOC120031149	lncRNA	0	2	1	0	1	0	1	0	0
gene-LOC120031153	LOC120031153	upstream stimulatory factor 2-like	protein_coding	4	2	1	0	1	0	1	0	0
gene-LOC120031190	LOC120031190	uncharacterized LOC120031190	lncRNA	0	2	1	0	0	1	1	0	0
gene-LOC120031198	LOC120031198	fatty acid-binding protein, adipocyte-like	protein_coding	4	2	1	0	1	0	1	0	0
gene-LOC120031209	LOC120031209	kinesin-like protein KIFC2	protein_coding	0	2	1	0	1	0	1	0	0
gene-LOC120031210	LOC120031210	kinesin-like protein KIFC3	protein_coding	4	2	1	0	1	0	1	0	0
gene-LOC120031217	LOC120031217	electron transfer flavoprotein subunit beta-like	protein_coding	2	2	1	0	1	0	1	0	0
gene-LOC120031223	LOC120031223	uncharacterized LOC120031223	lncRNA	0	2	1	0	0	1	1	0	0
gene-LOC120031239	LOC120031239	T-box transcription factor TBX20-like	protein_coding	8	2	1	0	1	0	1	0	0
gene-LOC120031250	LOC120031250	complement C3-like	protein_coding	4	2	1	0	1	0	1	0	0
gene-LOC120031251	LOC120031251	MAP7 domain-containing protein 1-like	protein_coding	2	2	1	0	1	0	1	0	0
gene-LOC120031269	LOC120031269	myelin basic protein-like	protein_coding	1	2	1	0	1	0	1	0	0
gene-LOC120031305	LOC120031305	opioid-binding protein/cell adhesion molecule-like	protein_coding	1	2	1	1	0	0	1	0	0
gene-LOC120031313	LOC120031313	glutamate receptor ionotropic, kainate 2	protein_coding	9	2	1	0	1	0	1	0	0
gene-LOC120031325	LOC120031325	nucleotide-binding oligomerization domain-containing protein 1-like	protein_coding	2	2	1	0	1	0	1	0	0
gene-LOC120031328	LOC120031328	gamma-aminobutyric acid receptor-associated protein-like 1	protein_coding	9	2	1	0	0	1	1	0	0
gene-LOC120031347	LOC120031347	protein phosphatase 1 regulatory subunit 35-like	protein_coding	2	2	1	0	1	0	1	0	0
gene-LOC120031369	LOC120031369	uridine phosphorylase 1-like	protein_coding	3	2	1	0	1	0	1	0	0
gene-LOC120031371	LOC120031371	28S ribosomal protein S15, mitochondrial-like	protein_coding	3	2	1	0	1	0	1	0	0
gene-LOC120031372	LOC120031372	PLAC8-like protein 1	protein_coding	1	2	1	0	1	0	1	0	0
gene-LOC120031387	LOC120031387	sodium- and chloride-dependent transporter XTRP3-like	protein_coding	3	2	1	0	1	0	1	0	0
gene-LOC120031391	LOC120031391	smad nuclear-interacting protein 1-like	protein_coding	4	2	1	0	1	0	1	0	0
gene-LOC120031392	LOC120031392	four and a half LIM domains protein 3-like	protein_coding	6	2	1	0	1	0	1	0	0
gene-LOC120031406	LOC120031406	kelch-like protein 32	protein_coding	1	2	1	0	1	0	1	0	0
gene-LOC120031410	LOC120031410	frizzled-1-like	protein_coding	5	2	1	0	1	0	1	0	0
gene-LOC120031421	LOC120031421	solute carrier family 2, facilitated glucose transporter member 3-like	protein_coding	5	2	1	0	1	0	1	0	0
gene-LOC120031422	LOC120031422	cytosolic 5'-nucleotidase 3	protein_coding	3	2	1	0	1	0	1	0	0
gene-LOC120031442	LOC120031442	DNA-binding protein SATB1-like	protein_coding	4	2	1	0	1	0	1	0	0
gene-LOC120031449	LOC120031449	protein asteroid homolog 1-like	protein_coding	1	2	1	0	0	1	1	0	0
gene-LOC120031483	LOC120031483	persulfide dioxygenase ETHE1, mitochondrial-like	protein_coding	3	2	1	0	1	0	1	0	0
gene-LOC120031486	LOC120031486	PR domain zinc finger protein 1-like	protein_coding	7	2	1	0	1	0	1	0	0
gene-LOC120031504	LOC120031504	ictacalcin-like	protein_coding	2	2	1	0	1	0	1	0	0
gene-LOC120031510	LOC120031510	inactive serine protease 35-like	protein_coding	2	2	1	0	1	0	1	0	0
gene-LOC120031533	LOC120031533	TBC1 domain family member 31-like	protein_coding	2	2	1	0	1	0	1	0	0
gene-LOC120031548	LOC120031548	uncharacterized protein C8orf76-like	protein_coding	1	2	1	0	1	0	1	0	0
gene-LOC120031552	LOC120031552	transient receptor potential cation channel subfamily V member 6-like	protein_coding	4	2	1	0	0	1	1	0	0
gene-LOC120031556	LOC120031556	transient receptor potential cation channel subfamily V member 6-like	protein_coding	4	2	1	0	0	1	1	0	0
gene-LOC120031564	LOC120031564	zinc finger protein 236-like	protein_coding	4	2	1	0	1	0	1	0	0
gene-LOC120031587	LOC120031587	glutamate receptor ionotropic, kainate 3-like	protein_coding	9	2	1	0	1	0	1	0	0
gene-LOC120031590	LOC120031590	cannabinoid receptor 2-like	protein_coding	3	2	1	0	1	0	1	0	0
gene-LOC120031595	LOC120031595	free fatty acid receptor 2-like	protein_coding	4	2	1	0	1	0	1	0	0
gene-LOC120031616	LOC120031616	ras/Rap GTPase-activating protein SynGAP-like	protein_coding	1	2	1	0	1	0	1	0	0
gene-LOC120031671	LOC120031671	epithelial discoidin domain-containing receptor 1-like	protein_coding	9	2	1	0	1	0	1	0	0
gene-LOC120031739	LOC120031739	probable G protein-coupled receptor 85	protein_coding	3	2	1	0	1	0	1	0	0
gene-LOC120031768	LOC120031768	myotubularin-related protein 5-like	protein_coding	0	2	1	1	0	0	1	0	0
gene-LOC120031776	LOC120031776	transforming growth factor beta activator LRRC32-like	protein_coding	4	2	1	0	0	1	1	0	0
gene-LOC120031791	LOC120031791	striatin-interacting protein 1 homolog	protein_coding	2	2	1	0	1	0	1	0	0
gene-LOC120031793	LOC120031793	achaete-scute homolog 4-like	protein_coding	5	2	1	0	0	1	1	0	0
gene-LOC120031794	LOC120031794	suppressor APC domain-containing protein 1-like	protein_coding	0	2	1	0	1	0	1	0	0
gene-LOC120031800	LOC120031800	receptor-type tyrosine-protein phosphatase zeta-like	protein_coding	3	2	1	0	1	0	1	0	0
gene-LOC120031801	LOC120031801	ataxin-7-like protein 1	protein_coding	0	2	1	0	1	0	1	0	0
gene-LOC120031802	LOC120031802	ataxin-7-like protein 1	protein_coding	0	2	1	0	1	0	1	0	0
gene-LOC120031803	LOC120031803	prosaposin receptor GPR37-like	protein_coding	6	2	1	0	1	0	1	0	0
gene-LOC120031811	LOC120031811	low affinity vacuolar monovalent cation/H(+) antiporter-like	protein_coding	5	2	1	0	1	0	1	0	0
gene-LOC120031813	LOC120031813	carbohydrate sulfotransferase 11-like	protein_coding	4	2	1	0	1	0	1	0	0
gene-LOC120031830	LOC120031830	inositol 1,4,5-triphosphate receptor associated 2-like	protein_coding	1	2	1	0	1	0	1	0	0
gene-LOC120031835	LOC120031835	FYVE, RhoGEF and PH domain-containing protein 4-like	protein_coding	5	2	1	0	1	0	1	0	0
gene-LOC120031836	LOC120031836	protein bicaudal D homolog 1-like	protein_coding	10	2	1	0	1	0	1	0	0
gene-LOC120031838	LOC120031838	potassium voltage-gated channel subfamily C member 2-like	protein_coding	6	2	1	0	1	0	1	0	0
gene-LOC120031874	LOC120031874		C_region	0	2	1	0	0	1	1	0	0
gene-LOC120031876	LOC120031876		C_region	0	2	1	0	0	1	1	0	0
gene-LOC120031887	LOC120031887	putative adenosylhomocysteinase 3	protein_coding	2	2	1	0	1	0	1	0	0
gene-LOC120031912	LOC120031912	red-sensitive opsin-like	protein_coding	6	2	1	0	0	1	1	0	0
gene-LOC120031920	LOC120031920	USP6 N-terminal-like protein	protein_coding	0	2	1	0	1	0	1	0	0
gene-LOC120031943	LOC120031943	hematopoietic lineage cell-specific protein-like	protein_coding	6	2	1	0	1	0	1	0	0
gene-LOC120031944	LOC120031944	protein LLP homolog	protein_coding	4	2	1	0	1	0	1	0	0
gene-LOC120031958	LOC120031958	uncharacterized LOC120031958	lncRNA	0	2	1	0	1	0	1	0	0
gene-LOC120031959	LOC120031959	electron transfer flavoprotein regulatory factor 1-like	protein_coding	2	2	1	0	1	0	1	0	0
gene-LOC120031968	LOC120031968	CUGBP Elav-like family member 2	protein_coding	6	2	1	0	1	0	1	0	0
gene-LOC120031969	LOC120031969	pleckstrin homology domain-containing family A member 5-like	protein_coding	6	2	1	0	1	0	1	0	0
gene-LOC120031975	LOC120031975	ADP-ribosylation factor-like protein 1	protein_coding	6	2	1	0	1	0	1	0	0
gene-LOC120031977	LOC120031977	PR domain zinc finger protein 4-like	protein_coding	7	2	1	0	1	0	1	0	0
gene-LOC120031978	LOC120031978	transmembrane protein 209-like	protein_coding	1	2	1	0	1	0	1	0	0
gene-LOC120031979	LOC120031979	dnaJ homolog subfamily C member 2-like	protein_coding	5	2	1	0	1	0	1	0	0
gene-LOC120031980	LOC120031980	mitochondrial-processing peptidase subunit beta-like	protein_coding	4	2	1	0	1	0	1	0	0
gene-LOC120031990	LOC120031990	electron transfer flavoprotein regulatory factor 1-like	protein_coding	2	2	1	0	1	0	1	0	0
gene-LOC120032005	LOC120032005	kelch domain-containing protein 10-like	protein_coding	2	2	1	0	1	0	1	0	0
gene-LOC120032010	LOC120032010	filamin-A-like	protein_coding	2	2	1	0	1	0	1	0	0
gene-LOC120032022	LOC120032022	phosphatidylinositol 4,5-bisphosphate 3-kinase catalytic subunit gamma isoform-like	protein_coding	10	2	1	0	1	0	1	0	0
gene-LOC120032028	LOC120032028	short transmembrane mitochondrial protein 1	protein_coding	1	2	1	0	1	0	1	0	0
gene-LOC120032037	LOC120032037	E3 ubiquitin-protein ligase TRIM21-like	protein_coding	2	2	1	0	1	0	1	0	0
gene-LOC120032043	LOC120032043	transcription factor EC-like	protein_coding	5	2	1	0	1	0	1	0	0
gene-LOC120032046	LOC120032046	aldo-keto reductase family 1 member B1-like	protein_coding	2	2	1	0	1	0	1	0	0
gene-LOC120032049	LOC120032049	nuclear respiratory factor 1	protein_coding	4	2	1	0	1	0	1	0	0
gene-LOC120032050	LOC120032050	synaptophysin-like protein 1	protein_coding	2	2	1	0	1	0	1	0	0
gene-LOC120032113	LOC120032113	thyrotropin-releasing hormone-degrading ectoenzyme-like	protein_coding	6	2	1	0	1	0	1	0	0
gene-LOC120032116	LOC120032116	mucin-21-like	protein_coding	0	2	1	0	1	0	1	0	0
gene-LOC120032124	LOC120032124	HMG box-containing protein 1-like	protein_coding	6	2	1	0	1	0	1	0	0
gene-LOC120032145	LOC120032145	myoD family inhibitor domain-containing protein-like	protein_coding	0	2	1	0	1	0	1	0	0
gene-LOC120032167	LOC120032167	nicotinamide phosphoribosyltransferase	protein_coding	2	2	1	0	1	0	1	0	0
gene-LOC120032210	LOC120032210	kinesin-like protein KIF21A	protein_coding	5	2	1	1	0	0	1	0	0
gene-LOC120032213	LOC120032213	zinc finger protein AEBP2-like	protein_coding	2	2	1	0	1	0	1	0	0
gene-LOC120032222	LOC120032222	cytochrome c oxidase assembly factor 6 homolog	protein_coding	3	2	1	0	1	0	1	0	0
gene-LOC120032224	LOC120032224	aryl hydrocarbon receptor nuclear translocator-like protein 2	protein_coding	8	2	1	0	1	0	1	0	0
gene-LOC120032250	LOC120032250	cAMP-dependent protein kinase type II-beta regulatory subunit-like	protein_coding	3	2	1	0	1	0	1	0	0
gene-LOC120032251	LOC120032251	nuclear-interacting partner of ALK-like	protein_coding	2	2	1	0	1	0	1	0	0
gene-LOC120032257	LOC120032257	enoyl-CoA hydratase domain-containing protein 3, mitochondrial-like	protein_coding	2	2	1	0	1	0	1	0	0
gene-LOC120032333	LOC120032333	DENN domain-containing protein 11-like	protein_coding	1	2	1	0	1	0	1	0	0
gene-LOC120032342	LOC120032342	ubiquitin-conjugating enzyme E2 H	protein_coding	4	2	1	0	1	0	1	0	0
gene-LOC120032347	LOC120032347	small Cajal body-specific RNA 14	guide_RNA	0	2	1	0	1	0	1	0	0
gene-LOC120032348	LOC120032348	small nucleolar RNA ACA64	snoRNA	0	2	1	0	1	0	1	0	0
gene-LOC120032358	LOC120032358	uncharacterized LOC120032358	protein_coding	0	2	1	0	0	1	1	0	0
gene-LOC120032359	LOC120032359	protein transport protein Sec23A	protein_coding	8	2	1	0	1	0	1	0	0
gene-LOC120032379	LOC120032379	uncharacterized LOC120032379	protein_coding	0	2	1	0	1	0	1	0	0
gene-LOC120032385	LOC120032385	uncharacterized LOC120032385	lncRNA	0	2	1	0	0	1	1	0	0
gene-LOC120032387	LOC120032387	ERO1-like protein beta	protein_coding	6	2	1	0	1	0	1	0	0
gene-LOC120032388	LOC120032388	BTB/POZ domain-containing protein 3	protein_coding	5	2	1	0	1	0	1	0	0
gene-LOC120032389	LOC120032389	G protein-coupled receptor 137Ba-like	protein_coding	5	2	1	0	1	0	1	0	0
gene-LOC120032397	LOC120032397	keratin, type I cytoskeletal 13-like	protein_coding	1	2	1	0	1	0	1	0	0
gene-LOC120032398	LOC120032398	keratin, type I cytoskeletal 13-like	protein_coding	1	2	1	0	1	0	1	0	0
gene-LOC120032413	LOC120032413	zinc finger protein 271-like	protein_coding	2	2	1	0	0	1	1	0	0
gene-LOC120032418	LOC120032418	zinc finger protein 3-like	protein_coding	4	2	1	0	1	0	1	0	0
gene-LOC120032428	LOC120032428	CMRF35-like molecule 6	protein_coding	0	2	1	0	0	1	1	0	0
gene-LOC120032432	LOC120032432	somatostatin receptor type 5-like	protein_coding	5	2	1	0	0	1	1	0	0
gene-LOC120032435	LOC120032435	snake venom serine protease PTLE1-like	protein_coding	2	2	1	0	1	0	1	0	0
gene-LOC120032442	LOC120032442	uncharacterized LOC120032442	protein_coding	0	2	1	0	1	0	1	0	0
gene-LOC120032454	LOC120032454	B-cell receptor CD22-like	protein_coding	0	2	1	0	0	1	1	0	0
gene-LOC120032458	LOC120032458	interleukin-2 receptor subunit beta-like	protein_coding	6	2	1	0	1	0	1	0	0
gene-LOC120032459	LOC120032459	complement C1q tumor necrosis factor-related protein 1-like	protein_coding	1	2	1	0	1	0	1	0	0
gene-LOC120032462	LOC120032462	sialoadhesin-like	protein_coding	0	2	1	0	0	1	1	0	0
gene-LOC120032464	LOC120032464	adenylate cyclase type 9-like	protein_coding	4	2	1	0	0	1	1	0	0
gene-LOC120032483	LOC120032483	bestrophin-2-like	protein_coding	1	2	1	0	1	0	1	0	0
gene-LOC120032487	LOC120032487	B-cell lymphoma/leukemia 11A-like	protein_coding	5	2	1	0	1	0	1	0	0
gene-LOC120032489	LOC120032489	inactive phospholipase D5-like	protein_coding	1	2	1	0	1	0	1	0	0
gene-LOC120032491	LOC120032491	girdin-like	protein_coding	6	2	1	0	1	0	1	0	0
gene-LOC120032492	LOC120032492	WAP, Kazal, immunoglobulin, Kunitz and NTR domain-containing protein-like	protein_coding	3	2	1	0	1	0	1	0	0
gene-LOC120032493	LOC120032493	inositol 1,4,5-trisphosphate receptor-interacting protein-like	protein_coding	1	2	1	0	1	0	1	0	0
gene-LOC120032497	LOC120032497	germ cell-specific gene 1-like protein	protein_coding	1	2	1	0	1	0	1	0	0
gene-LOC120032499	LOC120032499	SWI/SNF-related matrix-associated actin-dependent regulator of chromatin subfamily E member 1-like	protein_coding	4	2	1	0	1	0	1	0	0
gene-LOC120032502	LOC120032502	regulatory-associated protein of mTOR-like	protein_coding	10	2	1	0	1	0	1	0	0
gene-LOC120032506	LOC120032506	puromycin-sensitive aminopeptidase-like	protein_coding	6	2	1	0	1	0	1	0	0
gene-LOC120032507	LOC120032507	cytosolic purine 5'-nucleotidase-like	protein_coding	1	2	1	0	1	0	1	0	0
gene-LOC120032511	LOC120032511	aftiphilin-like	protein_coding	4	2	1	0	1	0	1	0	0
gene-LOC120032514	LOC120032514	trafficking kinesin-binding protein 1-like	protein_coding	5	2	1	0	1	0	1	0	0
gene-LOC120032516	LOC120032516	patatin-like phospholipase domain-containing protein 6	protein_coding	3	2	1	0	1	0	1	0	0
gene-LOC120032517	LOC120032517	CB1 cannabinoid receptor-interacting protein 1-like	protein_coding	3	2	1	0	1	0	1	0	0
gene-LOC120032520	LOC120032520	venom factor-like	protein_coding	4	2	1	0	1	0	1	0	0
gene-LOC120032521	LOC120032521	complement C3-like	protein_coding	4	2	1	0	1	0	1	0	0
gene-LOC120032522	LOC120032522	dnaJ homolog subfamily A member 3, mitochondrial-like	protein_coding	9	2	1	0	1	0	1	0	0
gene-LOC120032524	LOC120032524	coiled-coil domain-containing protein 130 homolog	protein_coding	3	2	1	0	1	0	1	0	0
gene-LOC120032526	LOC120032526	platelet-derived growth factor subunit A-like	protein_coding	11	2	1	0	1	0	1	0	0
gene-LOC120032527	LOC120032527	platelet-derived growth factor subunit A-like	protein_coding	11	2	1	0	1	0	1	0	0
gene-LOC120032528	LOC120032528	protein Asterix	protein_coding	3	2	1	0	1	0	1	0	0
gene-LOC120032529	LOC120032529	uncharacterized LOC120032529	lncRNA	0	2	1	0	0	1	1	0	0
gene-LOC120032535	LOC120032535	protein tyrosine phosphatase type IVA 1	protein_coding	3	2	1	0	1	0	1	0	0
gene-LOC120032540	LOC120032540	uncharacterized LOC120032540	lncRNA	0	2	1	0	1	0	1	0	0
gene-LOC120032563	LOC120032563	rho GDP-dissociation inhibitor 1-like	protein_coding	6	2	1	0	1	0	1	0	0
gene-LOC120032568	LOC120032568	multidrug resistance-associated protein 7-like	protein_coding	5	2	1	0	1	0	1	0	0
gene-LOC120032570	LOC120032570	methyltransferase-like 26	protein_coding	0	2	1	0	1	0	1	0	0
gene-LOC120032572	LOC120032572	syntaxin-8-like	protein_coding	7	2	1	0	1	0	1	0	0
gene-LOC120032585	LOC120032585	actin-related protein 2-A-like	protein_coding	4	2	1	0	1	0	1	0	0
gene-LOC120032586	LOC120032586	protrudin-like	protein_coding	10	2	1	0	1	0	1	0	0
gene-LOC120032589	LOC120032589	junction plakoglobin-like	protein_coding	8	2	1	0	1	0	1	0	0
gene-LOC120032593	LOC120032593	protein Asterix	protein_coding	3	2	1	0	1	0	1	0	0
gene-LOC120032596	LOC120032596	WW domain binding protein 1-like	protein_coding	0	2	1	0	1	0	1	0	0
gene-LOC120032597	LOC120032597	WAS/WASL-interacting protein family member 2-like	protein_coding	1	2	1	0	1	0	1	0	0
gene-LOC120032598	LOC120032598	transcription activator BRG1	protein_coding	7	2	1	0	0	1	1	0	0
gene-LOC120032604	LOC120032604	neuronal pentraxin-1-like	protein_coding	0	2	1	0	1	0	1	0	0
gene-LOC120032606	LOC120032606	myosin-9-like	protein_coding	4	2	1	0	1	0	1	0	0
gene-LOC120032607	LOC120032607	cholecystokinin-like	protein_coding	5	2	1	0	1	0	1	0	0
gene-LOC120032609	LOC120032609	THO complex subunit 4-like	protein_coding	3	2	1	0	1	0	1	0	0
gene-LOC120032610	LOC120032610	anaphase-promoting complex subunit 11	protein_coding	8	2	1	0	1	0	1	0	0
gene-LOC120032611	LOC120032611	cytoplasmic phosphatidylinositol transfer protein 1-like	protein_coding	4	2	1	0	1	0	1	0	0
gene-LOC120032614	LOC120032614	keratin, type I cytoskeletal 13-like	protein_coding	1	2	1	0	1	0	1	0	0
gene-LOC120032617	LOC120032617	complement C3-like	protein_coding	4	2	1	0	1	0	1	0	0
gene-LOC120032622	LOC120032622	keratin, type I cytoskeletal 13-like	protein_coding	1	2	1	0	1	0	1	0	0
gene-LOC120032623	LOC120032623	protein CutA homolog	protein_coding	2	2	1	0	0	1	1	0	0
gene-LOC120032625	LOC120032625	ubinuclein-2-like	protein_coding	1	2	1	0	1	0	1	0	0
gene-LOC120032627	LOC120032627	protein disulfide-isomerase-like	protein_coding	4	2	1	0	1	0	1	0	0
gene-LOC120032632	LOC120032632	YLP motif-containing protein 1-like	protein_coding	6	2	1	0	1	0	1	0	0
gene-LOC120032634	LOC120032634	phosphatidylinositol 5-phosphate 4-kinase type-2 beta-like	protein_coding	2	2	1	0	1	0	1	0	0
gene-LOC120032635	LOC120032635	proteasome subunit beta type-3	protein_coding	3	2	1	0	1	0	1	0	0
gene-LOC120032639	LOC120032639	aprataxin and PNK-like factor	protein_coding	5	2	1	0	1	0	1	0	0
gene-LOC120032641	LOC120032641	ubinuclein-2-like	protein_coding	1	2	1	0	1	0	1	0	0
gene-LOC120032652	LOC120032652	ewing's tumor-associated antigen 1-like	protein_coding	0	2	1	0	1	0	1	0	0
gene-LOC120032655	LOC120032655	interferon regulatory factor 2-binding protein 2-B-like	protein_coding	3	2	1	0	1	0	1	0	0
gene-LOC120032656	LOC120032656	uncharacterized LOC120032656	lncRNA	0	2	1	0	1	0	1	0	0
gene-LOC120032657	LOC120032657	uncharacterized LOC120032657	protein_coding	0	2	1	0	1	0	1	0	0
gene-LOC120032664	LOC120032664	protein kinase C alpha type-like	protein_coding	4	2	1	0	1	0	1	0	0
gene-LOC120032669	LOC120032669	alpha-internexin-like	protein_coding	5	2	1	0	1	0	1	0	0
gene-LOC120032678	LOC120032678	myosin-10-like	protein_coding	4	2	1	0	1	0	1	0	0
gene-LOC120032682	LOC120032682	myosin-10-like	protein_coding	4	2	1	0	1	0	1	0	0
gene-LOC120032686	LOC120032686	TBC1 domain family member 24-like	protein_coding	0	2	1	0	1	0	1	0	0
gene-LOC120032687	LOC120032687	cilia- and flagella-associated protein 52-like	protein_coding	2	2	1	0	1	0	1	0	0
gene-LOC120032699	LOC120032699	small integral membrane protein 28-like	protein_coding	0	2	1	0	1	0	1	0	0
gene-LOC120032708	LOC120032708	lengsin-like	protein_coding	5	2	1	0	1	0	1	0	0
gene-LOC120032709	LOC120032709	zona pellucida sperm-binding protein 3-like	protein_coding	5	2	1	0	1	0	1	0	0
gene-LOC120032716	LOC120032716	tensin-4-like	protein_coding	0	2	1	0	1	0	1	0	0
gene-LOC120032718	LOC120032718	keratin, type I cytoskeletal 13-like	protein_coding	1	2	1	0	0	1	1	0	0
gene-LOC120032719	LOC120032719	keratin, type I cytoskeletal 18-A-like	protein_coding	0	2	1	0	1	0	1	0	0
gene-LOC120032721	LOC120032721	protein AF-17-like	protein_coding	4	2	1	0	1	0	1	0	0
gene-LOC120032722	LOC120032722	protein AF-17-like	protein_coding	0	2	1	0	1	0	1	0	0
gene-LOC120032723	LOC120032723	transcription factor Sp6-like	protein_coding	3	2	1	0	1	0	1	0	0
gene-LOC120032724	LOC120032724	gamma-crystallin M2-like	protein_coding	3	2	1	0	1	0	1	0	0
gene-LOC120032728	LOC120032728	E3 ubiquitin-protein ligase TRIM39-like	protein_coding	2	2	1	1	0	0	1	0	0
gene-LOC120032764	LOC120032764	potassium voltage-gated channel subfamily H member 1-like	protein_coding	4	2	1	0	0	1	1	0	0
gene-LOC120032768	LOC120032768	apoptosis-stimulating of p53 protein 2-like	protein_coding	4	2	1	0	0	1	1	0	0
gene-LOC120032779	LOC120032779	ferritin, middle subunit-like	protein_coding	6	2	1	0	0	1	1	0	0
gene-LOC120032782	LOC120032782	uncharacterized LOC120032782	protein_coding	3	2	1	0	0	1	1	0	0
gene-LOC120032794	LOC120032794	hydrolethalus syndrome protein 1 homolog	protein_coding	3	2	1	0	1	0	1	0	0
gene-LOC120032797	LOC120032797	SERTA domain-containing protein 2-like	protein_coding	2	2	1	0	1	0	1	0	0
gene-LOC120032798	LOC120032798	serine/arginine-rich splicing factor 7-like	protein_coding	4	2	1	0	0	1	1	0	0
gene-LOC120032805	LOC120032805	polycomb complex protein BMI-1-like	protein_coding	4	2	1	0	1	0	1	0	0
gene-LOC120032819	LOC120032819	DNA-directed RNA polymerase III subunit RPC6	protein_coding	2	2	1	0	0	1	1	0	0
gene-LOC120032822	LOC120032822	ectonucleoside triphosphate diphosphohydrolase 7-like	protein_coding	3	2	1	0	1	0	1	0	0
gene-LOC120032824	LOC120032824	aspartate aminotransferase, cytoplasmic-like	protein_coding	4	2	1	0	1	0	1	0	0
gene-LOC120032835	LOC120032835	protein DPCD-like	protein_coding	0	2	1	0	1	0	1	0	0
gene-LOC120032839	LOC120032839	F-box only protein 48-like	protein_coding	3	2	1	0	1	0	1	0	0
gene-LOC120032847	LOC120032847	serine/threonine-protein kinase TAO2-like	protein_coding	3	2	1	0	1	0	1	0	0
gene-LOC120032855	LOC120032855	beta-1,3-galactosyltransferase 2-like	protein_coding	3	2	1	0	0	1	1	0	0
gene-LOC120032856	LOC120032856	nuclear factor 1-like	protein_coding	4	2	1	0	1	0	1	0	0
gene-LOC120032862	LOC120032862	uncharacterized LOC120032862	lncRNA	0	2	1	0	1	0	1	0	0
gene-LOC120032866	LOC120032866	insulin-like growth factor-binding protein 4	protein_coding	5	2	1	0	1	0	1	0	0
gene-LOC120032869	LOC120032869	mitochondrial glycine transporter B-like	protein_coding	4	2	1	0	1	0	1	0	0
gene-LOC120032870	LOC120032870	metal transporter CNNM2-like	protein_coding	4	2	1	0	1	0	1	0	0
gene-LOC120032876	LOC120032876	suppressor of cytokine signaling 7-like	protein_coding	4	2	1	0	1	0	1	0	0
gene-LOC120032882	LOC120032882	zinc finger protein Aiolos-like	protein_coding	3	2	1	0	1	0	1	0	0
gene-LOC120032883	LOC120032883	netrin-1	protein_coding	1	2	1	0	1	0	1	0	0
gene-LOC120032885	LOC120032885	vitamin D(3) 25-hydroxylase-like	protein_coding	7	2	1	0	0	1	1	0	0
gene-LOC120032886	LOC120032886	secernin-2-like	protein_coding	3	2	1	0	1	0	1	0	0
gene-LOC120032888	LOC120032888	mitochondrial import receptor subunit TOM20 homolog	protein_coding	7	2	1	0	1	0	1	0	0
gene-LOC120032889	LOC120032889	protein Hook homolog 2-like	protein_coding	2	2	1	0	1	0	1	0	0
gene-LOC120032897	LOC120032897	ras-related protein ORAB-1-like	protein_coding	2	2	1	0	1	0	1	0	0
gene-LOC120032906	LOC120032906	protein phosphatase 1 regulatory subunit 27-like	protein_coding	1	2	1	0	1	0	1	0	0
gene-LOC120032907	LOC120032907	pre-mRNA-splicing factor CWC25 homolog	protein_coding	2	2	1	0	1	0	1	0	0
gene-LOC120032913	LOC120032913	sprouty-related, EVH1 domain-containing protein 2-like	protein_coding	4	2	1	0	1	0	1	0	0
gene-LOC120032915	LOC120032915	coiled-coil domain-containing protein 130 homolog	protein_coding	3	2	1	0	1	0	1	0	0
gene-LOC120032919	LOC120032919	keratin, type I cytoskeletal 13	protein_coding	1	2	1	0	1	0	1	0	0
gene-LOC120032920	LOC120032920	keratin, type I cytoskeletal 13-like	protein_coding	1	2	1	0	1	0	1	0	0
gene-LOC120032924	LOC120032924	fibroblast growth factor 8b-like	protein_coding	15	2	1	0	1	0	1	0	0
gene-LOC120032926	LOC120032926	transmembrane protease serine 6-like	protein_coding	3	2	1	0	1	0	1	0	0
gene-LOC120032927	LOC120032927	transmembrane protease serine 6-like	protein_coding	3	2	1	0	1	0	1	0	0
gene-LOC120032932	LOC120032932	REST corepressor 3-like	protein_coding	6	2	1	0	0	1	1	0	0
gene-LOC120032941	LOC120032941	protein phosphatase 1 regulatory subunit 12C-like	protein_coding	5	2	1	0	1	0	1	0	0
gene-LOC120032946	LOC120032946	ras-related protein Rab-40C-like	protein_coding	7	2	1	0	1	0	1	0	0
gene-LOC120032951	LOC120032951	cell division control protein 6 homolog	protein_coding	7	2	1	0	1	0	1	0	0
gene-LOC120032953	LOC120032953	uncharacterized LOC120032953	protein_coding	4	2	1	0	1	0	1	0	0
gene-LOC120032954	LOC120032954	group XIIB secretory phospholipase A2-like protein	protein_coding	8	2	1	0	1	0	1	0	0
gene-LOC120032971	LOC120032971	uncharacterized LOC120032971	protein_coding	1	2	1	0	1	0	1	0	0
gene-LOC120032973	LOC120032973	integrin alpha-X-like	protein_coding	7	2	1	0	1	0	1	0	0
gene-LOC120032974	LOC120032974	phosphoinositide 3-kinase regulatory subunit 5-like	protein_coding	4	2	1	0	1	0	1	0	0
gene-LOC120032977	LOC120032977	homeobox protein MSH-C-like	protein_coding	5	2	1	0	1	0	1	0	0
gene-LOC120032978	LOC120032978	nidogen-1-like	protein_coding	2	2	1	0	1	0	1	0	0
gene-LOC120032980	LOC120032980	C-C chemokine receptor type 7-like	protein_coding	8	2	1	0	1	0	1	0	0
gene-LOC120032985	LOC120032985	cysteine-rich protein 2-binding protein-like	protein_coding	1	2	1	0	0	1	1	0	0
gene-LOC120032988	LOC120032988	uncharacterized LOC120032988	protein_coding	0	2	1	0	1	0	1	0	0
gene-LOC120032991	LOC120032991	transcription factor Sp2-like	protein_coding	3	2	1	0	1	0	1	0	0
gene-LOC120032996	LOC120032996	calcineurin subunit B type 1	protein_coding	2	2	1	0	1	0	1	0	0
gene-LOC120032998	LOC120032998	rab GTPase-binding effector protein 2-like	protein_coding	4	2	1	0	1	0	1	0	0
gene-LOC120033003	LOC120033003	intraflagellar transport protein 56	protein_coding	7	2	1	0	1	0	1	0	0
gene-LOC120033012	LOC120033012	arginine-hydroxylase NDUFAF5, mitochondrial-like	protein_coding	3	2	1	0	1	0	1	0	0
gene-LOC120033013	LOC120033013	interferon gamma receptor 1-like	protein_coding	1	2	1	0	1	0	0	0	1
gene-LOC120033014	LOC120033014	homeobox protein Meis1	protein_coding	10	2	1	0	1	0	1	0	0
gene-LOC120033023	LOC120033023	coiled-coil domain-containing protein 85A-like	protein_coding	0	2	1	0	1	0	1	0	0
gene-LOC120033033	LOC120033033	B-cell receptor CD22-like	protein_coding	0	2	1	0	0	1	1	0	0
gene-LOC120033040	LOC120033040	uncharacterized LOC120033040	lncRNA	0	2	1	0	0	1	0	0	1
gene-LOC120033048	LOC120033048	GTPase IMAP family member 7	protein_coding	1	2	1	0	0	1	1	0	0
gene-LOC120033051	LOC120033051	TNF receptor-associated factor 5-like	protein_coding	10	2	1	0	0	1	1	0	0
gene-LOC120033055	LOC120033055	transmembrane channel-like protein 5	protein_coding	2	2	1	0	1	0	1	0	0
gene-LOC120033069	LOC120033069	U7 small nuclear RNA	snRNA	0	2	1	0	1	0	1	0	0
gene-LOC120033072	LOC120033072	small nucleolar RNA SNORA62/SNORA6 family	snoRNA	0	2	1	0	1	0	1	0	0
gene-LOC120033073	LOC120033073	small nucleolar RNA SNORD58	snoRNA	0	2	1	0	1	0	1	0	0
gene-LOC120033086	LOC120033086	small nucleolar RNA SNORA26	snoRNA	0	2	1	0	1	0	1	0	0
gene-LOC120033111	LOC120033111	SLIT and NTRK-like protein 6	protein_coding	5	2	1	0	1	0	1	0	0
gene-LOC120033112	LOC120033112	transmembrane 9 superfamily member 2-like	protein_coding	2	2	1	0	1	0	1	0	0
gene-LOC120033116	LOC120033116	nuclear receptor subfamily 4 group A member 2-like	protein_coding	10	2	1	0	1	0	1	0	0
gene-LOC120033137	LOC120033137	transmembrane 9 superfamily member 2-like	protein_coding	2	2	1	0	1	0	1	0	0
gene-LOC120033141	LOC120033141	uncharacterized LOC120033141	protein_coding	0	2	1	0	0	1	1	0	0
gene-LOC120033158	LOC120033158	gastrula zinc finger protein XlCGF7.1-like	protein_coding	5	2	1	0	0	1	1	0	0
gene-LOC120033162	LOC120033162	protein phosphatase 1 regulatory subunit 1C-like	protein_coding	3	2	1	0	0	1	1	0	0
gene-LOC120033164	LOC120033164	integrin alpha-4-like	protein_coding	7	2	1	0	0	1	1	0	0
gene-LOC120033176	LOC120033176	ras-associated and pleckstrin homology domains-containing protein 1-like	protein_coding	3	2	1	0	1	0	1	0	0
gene-LOC120033184	LOC120033184	1-phosphatidylinositol 4,5-bisphosphate phosphodiesterase delta-4-like	protein_coding	4	2	1	0	1	0	1	0	0
gene-LOC120033188	LOC120033188	serine/threonine-protein phosphatase 4 catalytic subunit B	protein_coding	5	2	1	0	0	1	1	0	0
gene-LOC120033210	LOC120033210	SLIT and NTRK-like protein 5	protein_coding	5	2	1	0	1	0	1	0	0
gene-LOC120033233	LOC120033233	SLIT and NTRK-like protein 3	protein_coding	6	2	1	0	1	0	1	0	0
gene-LOC120033234	LOC120033234	uncharacterized LOC120033234	protein_coding	0	2	1	0	1	0	1	0	0
gene-LOC120033237	LOC120033237	pericentrin-like	protein_coding	3	2	1	0	1	0	1	0	0
gene-LOC120033238	LOC120033238	otolith matrix protein 1-like	protein_coding	5	2	1	0	1	0	1	0	0
gene-LOC120033247	LOC120033247	excitatory amino acid transporter 5-like	protein_coding	5	2	1	0	1	0	1	0	0
gene-LOC120033286	LOC120033286	carboxypeptidase O-like	protein_coding	4	2	1	0	1	0	1	0	0
gene-LOC120033287	LOC120033287	uncharacterized LOC120033287	protein_coding	0	2	1	0	1	0	1	0	0
gene-LOC120033295	LOC120033295	low-density lipoprotein receptor-related protein 1B-like	protein_coding	2	2	1	0	1	0	1	0	0
gene-LOC120033297	LOC120033297	eukaryotic translation initiation factor 5B-like	protein_coding	3	2	1	0	1	0	1	0	0
gene-LOC120033304	LOC120033304	phospholipase D1-like	protein_coding	6	2	1	0	1	0	1	0	0
gene-LOC120033335	LOC120033335	long-chain specific acyl-CoA dehydrogenase, mitochondrial-like	protein_coding	7	2	1	0	1	0	1	0	0
gene-LOC120033339	LOC120033339	uncharacterized LOC120033339	lncRNA	0	2	1	0	0	1	1	0	0
gene-LOC120033345	LOC120033345	vang-like protein 1	protein_coding	2	2	1	0	1	0	1	0	0
gene-LOC120033348	LOC120033348	male-specific lethal 3 homolog	protein_coding	8	2	1	0	1	0	1	0	0
gene-LOC120033365	LOC120033365	uncharacterized LOC120033365	lncRNA	0	2	1	0	0	1	1	0	0
gene-LOC120033373	LOC120033373	kynureninase-like	protein_coding	6	2	1	0	1	0	1	0	0
gene-LOC120033396	LOC120033396	inosine-uridine preferring nucleoside hydrolase-like	protein_coding	1	2	1	0	1	0	1	0	0
gene-LOC120033397	LOC120033397	protein unc-50 homolog	protein_coding	1	2	1	0	1	0	1	0	0
gene-LOC120033402	LOC120033402	lipoyltransferase 1, mitochondrial-like	protein_coding	4	2	1	0	1	0	1	0	0
gene-LOC120033423	LOC120033423	uncharacterized LOC120033423	lncRNA	0	2	1	0	0	1	1	0	0
gene-LOC120033431	LOC120033431	rho guanine nucleotide exchange factor 7-like	protein_coding	2	2	1	0	1	0	1	0	0
gene-LOC120033438	LOC120033438	C-X-C chemokine receptor type 1-like	protein_coding	5	2	1	0	1	0	1	0	0
gene-LOC120033440	LOC120033440	rho GTPase-activating protein 6-like	protein_coding	1	2	1	0	1	0	1	0	0
gene-LOC120033446	LOC120033446	E3 ubiquitin-protein ligase Midline-1-like	protein_coding	2	2	1	0	1	0	1	0	0
gene-LOC120033450	LOC120033450	mid1-interacting protein 1-B-like	protein_coding	2	2	1	0	1	0	1	0	0
gene-LOC120033453	LOC120033453	collagen alpha-1(XVIII) chain-like	protein_coding	0	2	1	0	1	0	1	0	0
gene-LOC120033459	LOC120033459	prolactin receptor-like	protein_coding	4	2	1	0	0	1	1	0	0
gene-LOC120033462	LOC120033462	protein unc-80 homolog	protein_coding	4	2	1	0	1	0	1	0	0
gene-LOC120033471	LOC120033471	zinc finger protein 135-like	protein_coding	4	2	1	0	1	0	0	0	1
gene-LOC120033477	LOC120033477	gastrula zinc finger protein XlCGF17.1-like	protein_coding	4	2	1	0	1	0	1	0	0
gene-LOC120033486	LOC120033486	zinc finger protein 658B-like	protein_coding	5	2	1	0	1	0	1	0	0
gene-LOC120033489	LOC120033489	gastrula zinc finger protein XlCGF17.1-like	protein_coding	3	2	1	0	0	1	1	0	0
gene-LOC120033498	LOC120033498	gastrula zinc finger protein XlCGF17.1-like	protein_coding	5	2	1	0	1	0	1	0	0
gene-LOC120033505	LOC120033505	uncharacterized LOC120033505	protein_coding	4	2	1	0	1	0	1	0	0
gene-LOC120033506	LOC120033506	testis-specific gene 10 protein-like	protein_coding	0	2	1	0	1	0	1	0	0
gene-LOC120033520	LOC120033520	UDP-glucose:glycoprotein glucosyltransferase 1-like	protein_coding	5	2	1	0	1	0	1	0	0
gene-LOC120033522	LOC120033522	uncharacterized LOC120033522	protein_coding	0	2	1	0	1	0	1	0	0
gene-LOC120033525	LOC120033525	zinc finger protein 585B-like	protein_coding	0	2	1	0	1	0	1	0	0
gene-LOC120033528	LOC120033528	zinc finger protein 260-like	protein_coding	0	2	1	0	1	0	1	0	0
gene-LOC120033530	LOC120033530	transcription factor Sp3-like	protein_coding	3	2	1	0	1	0	1	0	0
gene-LOC120033533	LOC120033533	sentrin-specific protease 2-like	protein_coding	3	2	1	0	1	0	1	0	0
gene-LOC120033534	LOC120033534	inositol-3-phosphate synthase 1-A-like	protein_coding	4	2	1	0	1	0	1	0	0
gene-LOC120033541	LOC120033541	activin receptor type-1-like	protein_coding	11	2	1	0	1	0	1	0	0
gene-LOC120033543	LOC120033543	SH2 domain-containing adapter protein F-like	protein_coding	1	2	1	0	1	0	1	0	0
gene-LOC120033544	LOC120033544	heparan-sulfate 6-O-sulfotransferase 1-A-like	protein_coding	3	2	1	0	1	0	1	0	0
gene-LOC120033547	LOC120033547	obg-like ATPase 1	protein_coding	4	2	1	0	1	0	1	0	0
gene-LOC120033549	LOC120033549	guanine nucleotide-binding protein subunit alpha-11-like	protein_coding	8	2	1	0	1	0	1	0	0
gene-LOC120033550	LOC120033550	splicing factor YJU2-like	protein_coding	2	2	1	0	1	0	1	0	0
gene-LOC120033551	LOC120033551	transformer-2 protein homolog beta-like	protein_coding	3	2	1	0	1	0	1	0	0
gene-LOC120033554	LOC120033554	phospholipid phosphatase 2-like	protein_coding	4	2	1	0	1	0	1	0	0
gene-LOC120033559	LOC120033559	programmed cell death protein 10-B-like	protein_coding	5	2	1	0	1	0	1	0	0
gene-LOC120033560	LOC120033560	TLE family member 5-like	protein_coding	6	2	1	0	1	0	1	0	0
gene-LOC120033563	LOC120033563	small ubiquitin-related modifier 3	protein_coding	4	2	1	0	1	0	1	0	0
gene-LOC120033566	LOC120033566	pituitary tumor-transforming gene 1 protein-interacting protein-like	protein_coding	3	2	1	0	1	0	1	0	0
gene-LOC120033570	LOC120033570	integrin alpha-4-like	protein_coding	7	2	1	0	0	1	1	0	0
gene-LOC120033621	LOC120033621	tubulin alpha chain-like	protein_coding	6	2	1	0	0	1	1	0	0
gene-LOC120033625	LOC120033625	gamma-aminobutyric acid receptor subunit beta-3-like	protein_coding	12	2	1	0	1	0	0	0	1
gene-LOC120033638	LOC120033638	zinc finger protein 585A-like	protein_coding	3	2	1	0	1	0	1	0	0
gene-LOC120033639	LOC120033639	zinc finger protein 239-like	protein_coding	3	2	1	0	0	1	1	0	0
gene-LOC120033646	LOC120033646	zinc finger protein 583-like	protein_coding	3	2	1	0	0	1	1	0	0
gene-LOC120033694	LOC120033694	uncharacterized LOC120033694	lncRNA	0	2	1	0	0	1	1	0	0
gene-LOC120033695	LOC120033695	polyadenylate-binding protein 1-like	protein_coding	2	2	1	0	1	0	0	0	1
gene-LOC120033703	LOC120033703	protein sprouty homolog 2-like	protein_coding	7	2	1	0	1	0	1	0	0
gene-LOC120033705	LOC120033705	tetraspanin-7-like	protein_coding	1	2	1	0	1	0	1	0	0
gene-LOC120033706	LOC120033706	capping protein inhibiting regulator of actin dynamics-like	protein_coding	0	2	1	0	1	0	1	0	0
gene-LOC120033716	LOC120033716	transmembrane protein 198-B-like	protein_coding	3	2	1	0	1	0	1	0	0
gene-LOC120033765	LOC120033765	X-linked retinitis pigmentosa GTPase regulator-like	protein_coding	5	2	1	0	1	0	1	0	0
gene-LOC120033767	LOC120033767	dynein light chain Tctex-type 3-like	protein_coding	5	2	1	0	1	0	1	0	0
gene-LOC120033776	LOC120033776	zinc finger and SCAN domain-containing protein 21-like	protein_coding	1	2	1	0	1	0	1	0	0
gene-LOC120033779	LOC120033779	U2 spliceosomal RNA	snRNA	0	2	1	0	0	1	1	0	0
gene-LOC120033830	LOC120033830	ferritin, middle subunit-like	protein_coding	6	2	1	0	0	1	1	0	0
gene-LOC120033907	LOC120033907	axin-1-like	protein_coding	1	2	1	0	1	0	0	0	1
gene-LOC120033908	LOC120033908	protein tweety homolog 3-like	protein_coding	3	2	1	0	1	0	1	0	0
gene-LOC120033919	LOC120033919	importin subunit beta-1	protein_coding	6	2	1	0	1	0	1	0	0
gene-LOC120033924	LOC120033924	protein phosphatase 1 regulatory subunit 1B-like	protein_coding	3	2	1	0	1	0	1	0	0
gene-LOC120033926	LOC120033926	inactive phospholipase C-like protein 2	protein_coding	3	2	1	0	1	0	1	0	0
gene-LOC120033928	LOC120033928	ATP-citrate synthase	protein_coding	6	2	1	0	1	0	1	0	0
gene-LOC120033956	LOC120033956	sterile alpha motif domain-containing protein 14-like	protein_coding	8	2	1	0	1	0	1	0	0
gene-LOC120033963	LOC120033963	SH3 and cysteine-rich domain-containing protein 2-like	protein_coding	5	2	1	0	1	0	1	0	0
gene-LOC120033964	LOC120033964	P43 5S RNA-binding protein-like	protein_coding	1	2	1	0	1	0	1	0	0
gene-LOC120033966	LOC120033966	caveolae-associated protein 1-like	protein_coding	5	2	1	0	1	0	1	0	0
gene-LOC120033978	LOC120033978	sorting nexin-8-like	protein_coding	2	2	1	0	1	0	1	0	0
gene-LOC120033979	LOC120033979	protein ELFN1-like	protein_coding	2	2	1	0	1	0	1	0	0
gene-LOC120033985	LOC120033985	myoferlin-like	protein_coding	3	2	1	0	1	0	1	0	0
gene-LOC120034014	LOC120034014	growth arrest-specific protein 7-like	protein_coding	6	2	1	0	1	0	1	0	0
gene-LOC120034015	LOC120034015	germ cell-specific gene 1-like protein	protein_coding	1	2	1	0	1	0	1	0	0
gene-LOC120034016	LOC120034016	heparan sulfate glucosamine 3-O-sulfotransferase 6-like	protein_coding	1	2	1	0	1	0	1	0	0
gene-LOC120034026	LOC120034026	synaptotagmin-C-like	protein_coding	10	2	1	0	1	0	1	0	0
gene-LOC120034029	LOC120034029	protein phosphatase 1 regulatory subunit 29-like	protein_coding	2	2	1	0	1	0	1	0	0
gene-LOC120034030	LOC120034030	protein phosphatase 1 regulatory subunit 29-like	protein_coding	2	2	1	0	1	0	1	0	0
gene-LOC120034034	LOC120034034	cytohesin-3	protein_coding	2	2	1	0	1	0	1	0	0
gene-LOC120034038	LOC120034038	heat shock 70 kDa protein	protein_coding	13	2	1	0	1	0	1	0	0
gene-LOC120034039	LOC120034039	band 3 anion exchange protein	protein_coding	9	2	1	0	1	0	1	0	0
gene-LOC120034051	LOC120034051	7,8-dihydro-8-oxoguanine triphosphatase-like	protein_coding	2	2	1	0	1	0	1	0	0
gene-LOC120034052	LOC120034052	V-type proton ATPase 116 kDa subunit a1-like	protein_coding	7	2	1	0	1	0	1	0	0
gene-LOC120034057	LOC120034057	heat shock 70 kDa protein-like	protein_coding	13	2	1	0	1	0	1	0	0
gene-LOC120034058	LOC120034058	signal transducer and activator of transcription 5B-like	protein_coding	9	2	1	0	1	0	1	0	0
gene-LOC120034061	LOC120034061	suppressor of cytokine signaling 7-like	protein_coding	4	2	1	0	1	0	1	0	0
gene-LOC120034074	LOC120034074	nucleolar transcription factor 1-like	protein_coding	0	2	1	0	1	0	1	0	0
gene-LOC120034085	LOC120034085	histone deacetylase 5-like	protein_coding	5	2	1	0	1	0	1	0	0
gene-LOC120034162	LOC120034162	migration and invasion enhancer 1-like	protein_coding	2	2	1	0	0	1	1	0	0
gene-LOC120034165	LOC120034165	xylosyltransferase 2-like	protein_coding	4	2	1	0	1	0	1	0	0
gene-LOC120034167	LOC120034167	homologous recombination OB-fold protein-like	protein_coding	1	2	1	0	1	0	1	0	0
gene-LOC120034172	LOC120034172	MBT domain-containing protein 1-like	protein_coding	4	2	1	0	1	0	1	0	0
gene-LOC120034173	LOC120034173	nucleoside diphosphate kinase A-like	protein_coding	5	2	1	0	1	0	1	0	0
gene-LOC120034180	LOC120034180	gastrula zinc finger protein XlCGF57.1-like	protein_coding	3	2	1	0	1	0	1	0	0
gene-LOC120034187	LOC120034187	cell death-inducing p53-target protein 1-like	protein_coding	3	2	1	0	1	0	1	0	0
gene-LOC120034193	LOC120034193	Na(+)/H(+) exchange regulatory cofactor NHE-RF1-like	protein_coding	4	2	1	0	1	0	1	0	0
gene-LOC120034212	LOC120034212	dual specificity mitogen-activated protein kinase kinase 4-like	protein_coding	4	2	1	0	1	0	1	0	0
gene-LOC120034214	LOC120034214	serine/threonine-protein phosphatase alpha-2 isoform-like	protein_coding	3	2	1	0	1	0	1	0	0
gene-LOC120034227	LOC120034227	guanine nucleotide-binding protein G(I)/G(S)/G(O) subunit gamma-5-like	protein_coding	3	2	1	0	1	0	1	0	0
gene-LOC120034238	LOC120034238	speckle-type POZ protein-like	protein_coding	5	2	1	0	1	0	1	0	0
gene-LOC120034242	LOC120034242	protein SCO1 homolog, mitochondrial-like	protein_coding	1	2	1	0	1	0	1	0	0
gene-LOC120034244	LOC120034244	guanine nucleotide-binding protein G(I)/G(S)/G(O) subunit gamma-5-like	protein_coding	3	2	1	0	1	0	1	0	0
gene-LOC120034246	LOC120034246	ras-related protein Rab-37-like	protein_coding	7	2	1	0	1	0	1	0	0
gene-LOC120034268	LOC120034268		V_segment	0	2	1	0	1	0	0	0	1
gene-LOC120034270	LOC120034270		V_segment	0	2	1	0	0	1	1	0	0
gene-LOC120034271	LOC120034271	voltage-dependent P/Q-type calcium channel subunit alpha-1A-like	protein_coding	6	2	1	0	1	0	1	0	0
gene-LOC120034275	LOC120034275	prostaglandin E2 receptor EP1 subtype-like	protein_coding	6	2	1	0	1	0	1	0	0
gene-LOC120034277	LOC120034277	zinc-binding protein A33-like	protein_coding	2	2	1	0	1	0	1	0	0
gene-LOC120034278	LOC120034278	phosphoinositide-interacting protein-like	protein_coding	0	2	1	0	0	1	1	0	0
gene-LOC120034286	LOC120034286	ankyrin repeat and SOCS box protein 16-like	protein_coding	4	2	1	0	1	0	1	0	0
gene-LOC120034288	LOC120034288	tumor necrosis factor receptor superfamily member 16-like	protein_coding	6	2	1	0	1	0	1	0	0
gene-LOC120034293	LOC120034293	uncharacterized LOC120034293	protein_coding	0	2	1	0	1	0	1	0	0
gene-LOC120034312	LOC120034312	splicing factor U2AF 65 kDa subunit-like	protein_coding	8	2	1	0	1	0	1	0	0
gene-LOC120034328	LOC120034328	uncharacterized LOC120034328	protein_coding	2	2	1	0	1	0	1	0	0
gene-LOC120034339	LOC120034339	nucleus accumbens-associated protein 1-like	protein_coding	4	2	1	0	1	0	0	0	1
gene-LOC120034351	LOC120034351	voltage-dependent L-type calcium channel subunit beta-1-like	protein_coding	7	2	1	0	1	0	1	0	0
gene-LOC120034352	LOC120034352	ectonucleotide pyrophosphatase/phosphodiesterase family member 7-like	protein_coding	0	2	1	0	0	1	1	0	0
gene-LOC120034362	LOC120034362	signal transducer and activator of transcription 3-like	protein_coding	9	2	1	0	1	0	1	0	0
gene-LOC120034371	LOC120034371	beta-1,3-N-acetylglucosaminyltransferase lunatic fringe-like	protein_coding	4	2	1	0	1	0	1	0	0
gene-LOC120034378	LOC120034378	gap junction gamma-1 protein-like	protein_coding	2	2	1	0	1	0	1	0	0
gene-LOC120034407	LOC120034407	rRNA methyltransferase 2, mitochondrial-like	protein_coding	3	2	1	0	1	0	1	0	0
gene-LOC120034417	LOC120034417	mitogen-activated protein kinase kinase kinase 14-like	protein_coding	4	2	1	0	1	0	1	0	0
gene-LOC120034438	LOC120034438	60S ribosomal protein L19-like	protein_coding	5	2	1	0	1	0	1	0	0
gene-LOC120034440	LOC120034440	zinc finger protein 646-like	protein_coding	4	2	1	0	1	0	1	0	0
gene-LOC120034455	LOC120034455	NEDD8-conjugating enzyme Ubc12	protein_coding	0	2	1	0	1	0	1	0	0
gene-LOC120034457	LOC120034457	membrane-spanning 4-domains subfamily A member 4A-like	protein_coding	1	2	1	0	0	1	1	0	0
gene-LOC120034466	LOC120034466	beta-galactoside-binding lectin-like	protein_coding	5	2	1	0	1	0	1	0	0
gene-LOC120034476	LOC120034476	ataxin-7-like protein 3	protein_coding	6	2	1	0	1	0	1	0	0
gene-LOC120034477	LOC120034477	transmembrane and ubiquitin-like domain-containing protein 1	protein_coding	2	2	1	0	1	0	1	0	0
gene-LOC120034478	LOC120034478	apoptosis regulator BAX-like	protein_coding	9	2	1	0	1	0	1	0	0
gene-LOC120034479	LOC120034479	apoptosis regulator BAX-like	protein_coding	9	2	1	0	1	0	1	0	0
gene-LOC120034480	LOC120034480	40S ribosomal protein S11	protein_coding	4	2	1	0	1	0	1	0	0
gene-LOC120034490	LOC120034490	histone-arginine methyltransferase CARM1	protein_coding	2	2	1	0	1	0	1	0	0
gene-LOC120034491	LOC120034491	protein YIPF1-like	protein_coding	4	2	1	0	1	0	1	0	0
gene-LOC120034492	LOC120034492	mitochondrial import inner membrane translocase subunit Tim29-like	protein_coding	2	2	1	0	1	0	1	0	0
gene-LOC120034494	LOC120034494	F-box/LRR-repeat protein 19-like	protein_coding	7	2	1	0	1	0	1	0	0
gene-LOC120034514	LOC120034514	MAGUK p55 subfamily member 3-like	protein_coding	3	2	1	0	1	0	1	0	0
gene-LOC120034529	LOC120034529	adhesion G protein-coupled receptor E1-like	protein_coding	3	2	1	0	1	0	1	0	0
gene-LOC120034530	LOC120034530	pyridoxal-dependent decarboxylase domain-containing protein 1-like	protein_coding	4	2	1	0	1	0	1	0	0
gene-LOC120034531	LOC120034531	long-chain fatty acid transport protein 1-like	protein_coding	19	2	1	0	1	0	1	0	0
gene-LOC120034532	LOC120034532	eukaryotic peptide chain release factor GTP-binding subunit ERF3A-like	protein_coding	5	2	1	0	1	0	1	0	0
gene-LOC120034533	LOC120034533	calcium-binding mitochondrial carrier protein SCaMC-3-like	protein_coding	3	2	1	0	1	0	1	0	0
gene-LOC120034534	LOC120034534	transmembrane protein 238-like	protein_coding	0	2	1	0	1	0	1	0	0
gene-LOC120034541	LOC120034541	histone-arginine methyltransferase CARM1	protein_coding	2	2	1	0	1	0	1	0	0
gene-LOC120034542	LOC120034542	protein YIPF1-like	protein_coding	4	2	1	0	1	0	1	0	0
gene-LOC120034543	LOC120034543	mitochondrial import inner membrane translocase subunit Tim29-like	protein_coding	2	2	1	0	1	0	1	0	0
gene-LOC120034548	LOC120034548	uncharacterized LOC120034548	protein_coding	0	2	1	0	0	1	1	0	0
gene-LOC120034554	LOC120034554		V_segment	0	2	1	0	0	1	1	0	0
gene-LOC120034557	LOC120034557	protein NATD1-like	protein_coding	0	2	1	0	1	0	1	0	0
gene-LOC120034572	LOC120034572	recoverin-like	protein_coding	1	2	1	0	1	0	1	0	0
gene-LOC120034574	LOC120034574	dehydrogenase/reductase SDR family member 7C-B-like	protein_coding	3	2	1	0	0	1	1	0	0
gene-LOC120034575	LOC120034575	interferon alpha-6-like	protein_coding	3	2	1	0	0	1	1	0	0
gene-LOC120034576	LOC120034576	ras-related protein Rab-26-like	protein_coding	4	2	1	0	1	0	1	0	0
gene-LOC120034592	LOC120034592	interferon alpha-6-like	protein_coding	3	2	1	0	1	0	1	0	0
gene-LOC120034607	LOC120034607	small nucleolar RNA SNORD35	snoRNA	0	2	1	0	1	0	1	0	0
gene-LOC120034608	LOC120034608	small nucleolar RNA SNORD35	snoRNA	0	2	1	0	1	0	1	0	0
gene-LOC120034610	LOC120034610	small nucleolar RNA SNORD35	snoRNA	0	2	1	0	1	0	1	0	0
gene-LOC120034611	LOC120034611	small nucleolar RNA SNORD35	snoRNA	0	2	1	0	1	0	1	0	0
gene-LOC120034612	LOC120034612	small nucleolar RNA SNORD35	snoRNA	0	2	1	0	1	0	1	0	0
gene-LOC120034613	LOC120034613	small nucleolar RNA SNORD35	snoRNA	0	2	1	0	1	0	1	0	0
gene-LOC120034619	LOC120034619	small nucleolar RNA SNORD53/SNORD92	snoRNA	0	2	1	0	1	0	1	0	0
gene-LOC120034620	LOC120034620	small nucleolar RNA SNORD53/SNORD92	snoRNA	0	2	1	0	1	0	1	0	0
gene-LOC120034625	LOC120034625	small nucleolar RNA SNORA79	snoRNA	0	2	1	0	1	0	1	0	0
gene-LOC120034626	LOC120034626	small nucleolar RNA SNORA79	snoRNA	0	2	1	0	1	0	1	0	0
gene-LOC120034627	LOC120034627	small nucleolar RNA SNORA79	snoRNA	0	2	1	0	1	0	1	0	0
gene-LOC120034653	LOC120034653	acidic leucine-rich nuclear phosphoprotein 32 family member B-like	protein_coding	3	2	1	0	1	0	1	0	0
gene-LOC120034654	LOC120034654	acidic leucine-rich nuclear phosphoprotein 32 family member B-like	protein_coding	3	2	1	0	1	0	1	0	0
gene-LOC120034657	LOC120034657	acidic leucine-rich nuclear phosphoprotein 32 family member B-like	protein_coding	3	2	1	0	1	0	1	0	0
gene-LOC120034662	LOC120034662	bifunctional 3'-phosphoadenosine 5'-phosphosulfate synthase 1	protein_coding	5	2	1	0	1	0	1	0	0
gene-LOC120034669	LOC120034669	bifunctional 3'-phosphoadenosine 5'-phosphosulfate synthase 1	protein_coding	5	2	1	0	1	0	1	0	0
gene-LOC120034689	LOC120034689	uncharacterized LOC120034689	protein_coding	2	2	1	0	0	1	1	0	0
gene-LOC120034690	LOC120034690	uncharacterized LOC120034690	protein_coding	2	2	1	0	0	1	1	0	0
gene-LOC120034727	LOC120034727	zinc finger protein 420-like	protein_coding	3	2	1	0	1	0	1	0	0
gene-LOC120034728	LOC120034728	zinc finger protein 205-like	protein_coding	1	2	1	0	1	0	1	0	0
gene-LOC120034738	LOC120034738	glycine receptor subunit alpha-3-like	protein_coding	12	2	1	0	1	0	1	0	0
gene-LOC120034740	LOC120034740	lipopolysaccharide-responsive and beige-like anchor protein	protein_coding	0	2	1	0	1	0	1	0	0
gene-LOC120034744	LOC120034744	uncharacterized LOC120034744	protein_coding	0	2	1	0	0	1	1	0	0
gene-LOC120034745	LOC120034745	uncharacterized LOC120034745	protein_coding	0	2	1	0	0	1	1	0	0
gene-LOC120034746	LOC120034746	probable E3 ubiquitin-protein ligase HERC3	protein_coding	3	2	1	0	1	0	1	0	0
gene-LOC120034753	LOC120034753	probable E3 ubiquitin-protein ligase HERC6	protein_coding	1	2	1	0	1	0	1	0	0
gene-LOC120034763	LOC120034763	TBC domain-containing protein kinase-like protein	protein_coding	3	2	1	0	1	0	1	0	0
gene-LOC120034776	LOC120034776	sterile alpha motif domain-containing protein 9	protein_coding	1	2	1	0	0	1	1	0	0
gene-LOC120034783	LOC120034783	centrosomal protein of 44 kDa-like	protein_coding	2	2	1	0	1	0	1	0	0
gene-LOC120034784	LOC120034784	F-box only protein 8-like	protein_coding	3	2	1	0	1	0	1	0	0
gene-LOC120034785	LOC120034785	probable E3 ubiquitin-protein ligase HERC6	protein_coding	1	2	1	0	1	0	1	0	0
gene-LOC120034786	LOC120034786	probable E3 ubiquitin-protein ligase HERC3	protein_coding	3	2	1	0	1	0	1	0	0
gene-LOC120034787	LOC120034787	probable E3 ubiquitin-protein ligase HERC6	protein_coding	0	2	1	0	1	0	1	0	0
gene-LOC120034788	LOC120034788	TBC1 domain family member 9-like	protein_coding	1	2	1	0	1	0	1	0	0
gene-LOC120034790	LOC120034790	type II inositol 3,4-bisphosphate 4-phosphatase-like	protein_coding	2	2	1	0	1	0	1	0	0
gene-LOC120034791	LOC120034791	RING finger protein 150-like	protein_coding	0	2	1	0	1	0	1	0	0
gene-LOC120034792	LOC120034792	zinc finger protein 330-like	protein_coding	2	2	1	0	1	0	1	0	0
gene-LOC120034793	LOC120034793	mitochondrial uncoupling protein 2-like	protein_coding	6	2	1	0	1	0	1	0	0
gene-LOC120034795	LOC120034795	B-cell lymphoma/leukemia 10-like	protein_coding	11	2	1	0	1	0	1	0	0
gene-LOC120034797	LOC120034797	uncharacterized LOC120034797	protein_coding	10	2	1	0	1	0	1	0	0
gene-LOC120034803	LOC120034803	heat shock protein Hsp-16.1/Hsp-16.11-like	protein_coding	3	2	1	0	1	0	1	0	0
gene-LOC120034804	LOC120034804	zinc finger protein 69 homolog	protein_coding	4	2	1	0	1	0	1	0	0
gene-LOC120034806	LOC120034806	uncharacterized LOC120034806	protein_coding	1	2	1	0	1	0	1	0	0
gene-LOC120034808	LOC120034808	zinc finger protein 624-like	protein_coding	4	2	1	0	1	0	1	0	0
gene-LOC120034811	LOC120034811	uncharacterized LOC120034811	protein_coding	1	2	1	0	1	0	1	0	0
gene-LOC120034816	LOC120034816	neurotrophin receptor-interacting factor homolog	protein_coding	1	2	1	0	1	0	1	0	0
gene-LOC120034817	LOC120034817	uncharacterized LOC120034817	protein_coding	1	2	1	0	1	0	1	0	0
gene-LOC120034822	LOC120034822	zinc finger and BTB domain-containing protein 18.3-like	protein_coding	3	2	1	0	1	0	1	0	0
gene-LOC120034828	LOC120034828	zinc finger protein with KRAB and SCAN domains 8-like	protein_coding	3	2	1	0	1	0	1	0	0
gene-LOC120034830	LOC120034830	zinc finger protein 507-like	protein_coding	3	2	1	0	1	0	1	0	0
gene-LOC120034831	LOC120034831	zinc finger protein with KRAB and SCAN domains 1-like	protein_coding	3	2	1	0	1	0	1	0	0
gene-LOC120034832	LOC120034832	gastrula zinc finger protein XlCGF48.2-like	protein_coding	3	2	1	0	1	0	1	0	0
gene-LOC120034836	LOC120034836	zinc finger protein 777-like	protein_coding	1	2	1	0	1	0	1	0	0
gene-LOC120034837	LOC120034837	zinc finger protein 69 homolog	protein_coding	1	2	1	0	1	0	1	0	0
gene-LOC120034840	LOC120034840	zinc finger protein 806-like	protein_coding	3	2	1	0	1	0	1	0	0
gene-LOC120034841	LOC120034841	zinc finger protein 235-like	protein_coding	1	2	1	0	1	0	1	0	0
gene-LOC120034842	LOC120034842	zinc finger and SCAN domain-containing protein 22-like	protein_coding	3	2	1	0	1	0	1	0	0
gene-LOC120034845	LOC120034845	zinc finger protein 121-like	protein_coding	3	2	1	0	1	0	1	0	0
gene-LOC120034848	LOC120034848	zinc finger protein 329-like	protein_coding	0	2	1	0	1	0	1	0	0
gene-LOC120034852	LOC120034852	zinc finger protein with KRAB and SCAN domains 8-like	protein_coding	3	2	1	0	1	0	1	0	0
gene-LOC120034856	LOC120034856	zinc finger protein with KRAB and SCAN domains 8-like	protein_coding	1	2	1	0	1	0	1	0	0
gene-LOC120034858	LOC120034858	zinc finger and SCAN domain-containing protein 32-like	protein_coding	1	2	1	0	1	0	1	0	0
gene-LOC120034863	LOC120034863	zinc finger protein 271-like	protein_coding	4	2	1	0	1	0	1	0	0
gene-LOC120034864	LOC120034864	zinc finger protein 184-like	protein_coding	1	2	1	0	1	0	1	0	0
gene-LOC120034867	LOC120034867	zinc finger protein 33B-like	protein_coding	3	2	1	0	1	0	1	0	0
gene-LOC120034868	LOC120034868	zinc finger protein 709-like	protein_coding	3	2	1	0	1	0	1	0	0
gene-LOC120034870	LOC120034870	zinc finger and SCAN domain-containing protein 22-like	protein_coding	1	2	1	0	1	0	1	0	0
gene-LOC120034872	LOC120034872	zinc finger protein 25-like	protein_coding	3	2	1	0	1	0	1	0	0
gene-LOC120034879	LOC120034879	oocyte zinc finger protein XlCOF8.4-like	protein_coding	1	2	1	0	1	0	1	0	0
gene-LOC120034881	LOC120034881	zinc finger protein 583-like	protein_coding	3	2	1	0	1	0	1	0	0
gene-LOC120034882	LOC120034882	gastrula zinc finger protein XlCGF7.1-like	protein_coding	3	2	1	0	1	0	1	0	0
gene-LOC120034888	LOC120034888	uncharacterized LOC120034888	protein_coding	1	2	1	0	1	0	1	0	0
gene-LOC120034892	LOC120034892	uncharacterized LOC120034892	lncRNA	0	2	1	0	1	0	1	0	0
gene-LOC120034901	LOC120034901	methylthioadenosine phosphorylase	protein_coding	4	2	1	0	0	1	1	0	0
gene-LOC120034905	LOC120034905	uncharacterized LOC120034905	protein_coding	0	2	1	0	0	1	1	0	0
gene-LOC120034911	LOC120034911	putative zinc finger and SCAN domain-containing protein 5D	protein_coding	4	2	1	0	0	1	1	0	0
gene-LOC120034912	LOC120034912	B-cell CLL/lymphoma 6 member B protein-like	protein_coding	1	2	1	0	0	1	1	0	0
gene-LOC120034917	LOC120034917	zinc finger protein 224-like	protein_coding	3	2	1	0	0	1	1	0	0
gene-LOC120034918	LOC120034918	zinc finger protein 708-like	protein_coding	4	2	1	0	0	1	1	0	0
gene-LOC120034919	LOC120034919	zinc finger protein 629-like	protein_coding	1	2	1	0	0	1	1	0	0
gene-LOC120034922	LOC120034922	protein phosphatase 1K, mitochondrial-like	protein_coding	3	2	1	0	1	0	1	0	0
gene-LOC120034941	LOC120034941	hedgehog-interacting protein-like	protein_coding	0	2	1	0	1	0	1	0	0
gene-LOC120034944	LOC120034944	uncharacterized LOC120034944	protein_coding	0	2	1	0	1	0	1	0	0
gene-LOC120034947	LOC120034947	probable E3 ubiquitin-protein ligase HERC6	protein_coding	1	2	1	0	1	0	1	0	0
gene-LOC120034949	LOC120034949	signal peptidase complex subunit 3	protein_coding	4	2	1	0	1	0	1	0	0
gene-LOC120034958	LOC120034958	C-type lectin domain family 4 member M-like	protein_coding	1	2	1	0	0	1	1	0	0
gene-LOC120034985	LOC120034985	uncharacterized LOC120034985	protein_coding	0	2	1	0	0	1	1	0	0
gene-LOC120034988	LOC120034988	uncharacterized LOC120034988	lncRNA	0	2	1	0	0	1	1	0	0
gene-LOC120034990	LOC120034990	probable E3 ubiquitin-protein ligase HERC3	protein_coding	4	2	1	0	1	0	1	0	0
gene-LOC120034995	LOC120034995	hydroperoxide isomerase ALOXE3-like	protein_coding	5	2	1	0	1	0	1	0	0
gene-LOC120035003	LOC120035003	zinc finger protein 394-like	protein_coding	3	2	1	0	0	1	1	0	0
gene-LOC120035019	LOC120035019	uncharacterized LOC120035019	lncRNA	0	2	1	0	0	1	1	0	0
gene-LOC120035025	LOC120035025	hydroperoxide isomerase ALOXE3-like	protein_coding	5	2	1	0	1	0	1	0	0
gene-LOC120035034	LOC120035034	uncharacterized LOC120035034	protein_coding	3	2	1	0	0	1	1	0	0
gene-LOC120035035	LOC120035035	uncharacterized LOC120035035	protein_coding	0	2	1	0	0	1	1	0	0
gene-LOC120035037	LOC120035037	zinc finger protein 84-like	protein_coding	3	2	1	0	0	1	1	0	0
gene-LOC120035038	LOC120035038	polycystin-2-like	protein_coding	10	2	1	0	1	0	1	0	0
gene-LOC120035040	LOC120035040	hydroperoxide isomerase ALOXE3-like	protein_coding	5	2	1	0	1	0	1	0	0
gene-LOC120035048	LOC120035048	semaphorin-4F-like	protein_coding	9	2	1	0	1	0	1	0	0
gene-LOC120035059	LOC120035059	prostaglandin D2 receptor 2-like	protein_coding	7	2	1	0	1	0	1	0	0
gene-LOC120035068	LOC120035068	uncharacterized LOC120035068	lncRNA	0	2	1	0	0	1	1	0	0
gene-LOC120035081	LOC120035081	uncharacterized LOC120035081	protein_coding	0	2	1	0	0	1	1	0	0
gene-LOC120035097	LOC120035097	neuronal membrane glycoprotein M6-a-like	protein_coding	5	2	1	0	1	0	1	0	0
gene-LOC120035100	LOC120035100	pericentriolar material 1 protein-like	protein_coding	9	2	1	0	1	0	1	0	0
gene-LOC120035101	LOC120035101	acid ceramidase-like	protein_coding	4	2	1	0	1	0	1	0	0
gene-LOC120035109	LOC120035109	sperm-associated antigen 5-like	protein_coding	2	2	1	0	1	0	1	0	0
gene-LOC120035113	LOC120035113	fibrinogen-like protein 1	protein_coding	4	2	1	0	1	0	1	0	0
gene-LOC120035140	LOC120035140	ankyrin repeat and SOCS box protein 5-like	protein_coding	4	2	1	0	1	0	1	0	0
gene-LOC120035145	LOC120035145	protein FRG1-like	protein_coding	4	2	1	0	1	0	1	0	0
gene-LOC120035167	LOC120035167	zinc finger protein 665-like	protein_coding	3	2	1	0	0	1	1	0	0
gene-LOC120035172	LOC120035172	broad substrate specificity ATP-binding cassette transporter ABCG2-like	protein_coding	4	2	1	0	1	0	1	0	0
gene-LOC120035173	LOC120035173	WD repeat-containing protein 17-like	protein_coding	1	2	1	0	1	0	1	0	0
gene-LOC120035180	LOC120035180	hydroperoxide isomerase ALOXE3-like	protein_coding	5	2	1	0	1	0	1	0	0
gene-LOC120035196	LOC120035196	small nucleolar RNA U3	snoRNA	0	2	1	0	0	1	1	0	0
gene-LOC120035200	LOC120035200	small nucleolar RNA U3	snoRNA	0	2	1	0	0	1	1	0	0
gene-LOC120035205	LOC120035205	small nucleolar RNA U3	snoRNA	0	2	1	0	0	1	1	0	0
gene-LOC120035207	LOC120035207	small nucleolar RNA U3	snoRNA	0	2	1	0	0	1	1	0	0
gene-LOC120035243	LOC120035243	zinc finger protein 135-like	protein_coding	4	2	1	0	1	0	0	0	1
gene-LOC120035322	LOC120035322	olfactory receptor 4S1-like	protein_coding	4	2	1	0	1	0	0	1	0
gene-LOC120035602	LOC120035602	cytochrome P450 27C1	protein_coding	10	2	1	0	1	0	0	0	1
gene-LOC120035641	LOC120035641	neogenin-like	protein_coding	3	2	1	0	0	1	0	0	1
gene-LOC120035682	LOC120035682	uncharacterized LOC120035682	lncRNA	0	2	1	0	0	1	0	0	1
gene-LOC120035716	LOC120035716	tripartite motif-containing protein 16-like	protein_coding	2	2	1	0	1	0	0	0	1
gene-LOC120035747	LOC120035747	18S ribosomal RNA	rRNA	0	2	1	0	1	0	0	1	0
gene-LOC120035753	LOC120035753	titin-like	protein_coding	4	2	1	0	1	0	1	0	0
gene-LOC120035757	LOC120035757	5.8S ribosomal RNA	rRNA	0	2	1	0	1	0	0	1	0
gene-LOC120035873	LOC120035873	NLR family CARD domain-containing protein 3-like	protein_coding	0	2	1	0	1	0	0	0	1
gene-LOC120035933	LOC120035933	claudin-11-like	protein_coding	5	2	1	0	1	0	0	0	1
gene-LOC120035934	LOC120035934	E3 ubiquitin-protein ligase HECW2-like	protein_coding	5	2	1	0	1	0	0	0	1
gene-LOC120036048	LOC120036048	5.8S ribosomal RNA	rRNA	0	2	1	0	1	0	0	1	0
gene-LOC120036051	LOC120036051	18S ribosomal RNA	rRNA	0	2	1	0	1	0	0	1	0
gene-LOC120036067	LOC120036067	coiled-coil domain-containing protein 43-like	protein_coding	0	2	1	0	0	1	1	0	0
gene-LOC120036107	LOC120036107	histone-lysine N-methyltransferase EZH1-like	protein_coding	4	2	1	0	1	0	1	0	0
gene-LOC120036147	LOC120036147	reticulophagy regulator 3-like	protein_coding	1	2	1	0	1	0	1	0	0
gene-LOC120036158	LOC120036158	max-like protein X	protein_coding	5	2	1	0	1	0	1	0	0
gene-LOC120036166	LOC120036166	homologous-pairing protein 2 homolog	protein_coding	7	2	1	0	1	0	1	0	0
gene-LOC120036180	LOC120036180	formin-like protein 1	protein_coding	6	2	1	0	1	0	1	0	0
gene-LOC120036200	LOC120036200	sodium-dependent neutral amino acid transporter B(0)AT1-like	protein_coding	2	2	1	0	1	0	0	0	1
gene-LOC120036315	LOC120036315	protein tweety homolog 3-like	protein_coding	3	2	1	0	0	1	1	0	0
gene-LOC120036321	LOC120036321	rRNA methyltransferase 2, mitochondrial-like	protein_coding	3	2	1	0	0	1	1	0	0
gene-LOC120036331	LOC120036331	7,8-dihydro-8-oxoguanine triphosphatase-like	protein_coding	2	2	1	0	0	1	1	0	0
gene-LOC120036447	LOC120036447	axin-1-like	protein_coding	1	2	1	0	1	0	1	0	0
gene-LOC120036471	LOC120036471	zinc finger CCCH domain-containing protein 7A-like	protein_coding	4	2	1	0	1	0	1	0	0
gene-LOC120036493	LOC120036493	uncharacterized LOC120036493	protein_coding	5	2	1	0	1	0	1	0	0
gene-LOC120036515	LOC120036515	UNC93-like protein MFSD11	protein_coding	0	2	1	0	1	0	1	0	0
gene-LOC120036518	LOC120036518	ubiquitin domain-containing protein UBFD1-like	protein_coding	2	2	1	0	1	0	1	0	0
gene-LOC120036526	LOC120036526	lysine-specific demethylase 8-like	protein_coding	3	2	1	0	1	0	1	0	0
gene-LOC120036648	LOC120036648	uncharacterized LOC120036648	protein_coding	5	2	1	0	1	0	0	0	1
gene-LOC120036650	LOC120036650	ubiquitin carboxyl-terminal hydrolase 31-like	protein_coding	2	2	1	0	1	0	1	0	0
gene-LOC120036660	LOC120036660	BTB/POZ domain-containing protein KCTD5-like	protein_coding	5	2	1	0	1	0	1	0	0
gene-LOC120036681	LOC120036681	OCIA domain-containing protein 1-like	protein_coding	1	2	1	0	1	0	0	1	0
gene-LOC120036685	LOC120036685	U1 spliceosomal RNA	snRNA	0	2	1	0	0	1	0	1	0
gene-LOC120036686	LOC120036686	U1 spliceosomal RNA	snRNA	0	2	1	0	0	1	0	1	0
gene-LOC120036690	LOC120036690	probable G-protein coupled receptor 146	protein_coding	3	2	1	0	1	0	1	0	0
gene-LOC120036700	LOC120036700	putative E3 ubiquitin-protein ligase UNKL	protein_coding	1	2	1	0	1	0	1	0	0
gene-LOC120036724	LOC120036724	insulin-like growth factor-binding protein complex acid labile subunit	protein_coding	2	2	1	0	1	0	1	0	0
gene-LOC120036733	LOC120036733	myocardin-related transcription factor B-like	protein_coding	1	2	1	0	1	0	1	0	0
gene-LOC120036753	LOC120036753	DNA-directed RNA polymerase III subunit RPC10	protein_coding	6	2	1	0	1	0	1	0	0
gene-LOC120036755	LOC120036755	zinc finger protein 79-like	protein_coding	4	2	1	0	1	0	0	0	1
gene-LOC120036765	LOC120036765	UBA-like domain-containing protein 1	protein_coding	1	2	1	0	1	0	1	0	0
gene-LOC120036772	LOC120036772	inactive rhomboid protein 1	protein_coding	4	2	1	0	1	0	1	0	0
gene-LOC120036801	LOC120036801	5S ribosomal RNA	rRNA	0	2	1	0	0	1	0	1	0
gene-LOC120036897	LOC120036897	18S ribosomal RNA	rRNA	0	2	1	0	1	0	0	1	0
gene-LOC120036973	LOC120036973	hemoglobin subunit beta-like	protein_coding	11	2	1	0	1	0	1	0	0
gene-LOC120036990	LOC120036990	hemoglobin subunit alpha-1-like	protein_coding	12	2	1	0	1	0	1	0	0
gene-LOC120037013	LOC120037013	hemoglobin embryonic subunit alpha-like	protein_coding	11	2	1	0	1	0	1	0	0
gene-LOC120037027	LOC120037027	KN motif and ankyrin repeat domain-containing protein 2-like	protein_coding	8	2	1	0	1	0	1	0	0
gene-LOC120037053	LOC120037053	dedicator of cytokinesis protein 7-like	protein_coding	4	2	1	0	1	0	1	0	0
gene-LOC120037054	LOC120037054	uncharacterized LOC120037054	lncRNA	0	2	1	0	0	1	0	0	1
gene-LOC120037083	LOC120037083	glucosidase 2 subunit beta-like	protein_coding	4	2	1	0	1	0	1	0	0
gene-LOC120037100	LOC120037100	SH3 and multiple ankyrin repeat domains protein 3-like	protein_coding	5	2	1	0	0	1	0	0	1
gene-LOC120037234	LOC120037234	mitochondrial dicarboxylate carrier-like	protein_coding	14	2	1	0	1	0	0	0	1
gene-LOC120037245	LOC120037245	claudin-9-like	protein_coding	5	2	1	0	1	0	0	0	1
gene-LOC120037503	LOC120037503	probable methyltransferase TARBP1	protein_coding	3	2	1	0	1	0	0	0	1
gene-LOC120037504	LOC120037504	FERM domain-containing protein 6-like	protein_coding	3	2	1	0	1	0	0	0	1
gene-LOC120037513	LOC120037513	zinc finger and BTB domain-containing protein 7B-like	protein_coding	5	2	1	0	1	0	0	0	1
gene-LOC120037604	LOC120037604	trichohyalin-like	protein_coding	1	2	1	0	1	0	0	0	1
gene-LOC120037648	LOC120037648	NLR family CARD domain-containing protein 3-like	protein_coding	1	2	1	0	0	1	0	0	1
gene-LOC120037712	LOC120037712	zona pellucida sperm-binding protein 4-like	protein_coding	0	2	1	0	0	1	0	1	0
gene-LOC120037713	LOC120037713	U1 spliceosomal RNA	snRNA	0	2	1	0	0	1	0	1	0
gene-LOC120037787	LOC120037787	ovochymase-2-like	protein_coding	2	2	1	0	1	0	0	1	0
gene-LOC120037910	LOC120037910	26S proteasome non-ATPase regulatory subunit 13-like	protein_coding	5	2	1	0	1	0	0	0	1
gene-LOC120037963	LOC120037963	18S ribosomal RNA	rRNA	0	2	1	0	1	0	0	1	0
gene-LOC120038032	LOC120038032	metalloproteinase inhibitor 2-like	protein_coding	7	2	1	0	1	0	0	0	1
gene-LOC120038194	LOC120038194	WW domain-binding protein 11-like	protein_coding	2	2	1	0	1	0	1	0	0
gene-LOC120038195	LOC120038195	GTPase IMAP family member 7-like	protein_coding	1	2	1	0	0	1	0	0	1
gene-LOC120038198	LOC120038198	mycbp associated protein	protein_coding	0	2	1	0	0	1	0	0	1
gene-LOC120038274	LOC120038274	RING finger protein 224-like	protein_coding	2	2	1	0	1	0	0	0	1
gene-LOC120038319	LOC120038319	zinc finger protein 420-like	protein_coding	3	2	1	0	1	0	0	0	1
gene-LOC120038388	LOC120038388	5.8S ribosomal RNA	rRNA	0	2	1	0	1	0	0	1	0
gene-LOC120038487	LOC120038487	5.8S ribosomal RNA	rRNA	0	2	1	0	1	0	0	1	0
gene-LOC120038491	LOC120038491	28S ribosomal RNA	rRNA	0	2	1	1	0	0	0	1	0
gene-LOC120038650	LOC120038650	prickle-like protein 1	protein_coding	1	2	1	1	0	0	0	0	1
gene-LOC120038741	LOC120038741	5.8S ribosomal RNA	rRNA	0	2	1	0	1	0	0	1	0
gene-LOC120039129	LOC120039129	18S ribosomal RNA	rRNA	0	2	1	0	1	0	0	1	0
gene-LOC120039150	LOC120039150	solute carrier family 22 member 18-like	protein_coding	2	2	1	0	1	0	0	0	1
gene-LOC120039200	LOC120039200	UBA-like domain-containing protein 2	protein_coding	1	2	1	0	1	0	1	0	0
gene-LOC120039236	LOC120039236	bifunctional arginine demethylase and lysyl-hydroxylase JMJD6-like	protein_coding	5	2	1	0	1	0	1	0	0
gene-LOC120039250	LOC120039250	serine/arginine-rich splicing factor 2-like	protein_coding	1	2	1	0	1	0	1	0	0
gene-LOC120039292	LOC120039292	methyltransferase-like protein 23	protein_coding	2	2	1	0	1	0	1	0	0
gene-LOC120039293	LOC120039293	KH homology domain-containing protein 4-like	protein_coding	2	2	1	0	1	0	0	0	1
gene-LOC120039428	LOC120039428	5.8S ribosomal RNA	rRNA	0	2	1	0	1	0	0	1	0
gene-LOC120039430	LOC120039430	18S ribosomal RNA	rRNA	0	2	1	0	1	0	0	1	0
gene-LOC120039491	LOC120039491	microtubule-associated protein tau-like	protein_coding	4	2	1	0	1	0	0	0	1
gene-LOC120039509	LOC120039509	5.8S ribosomal RNA	rRNA	0	2	1	0	1	0	0	1	0
gene-LOC120039512	LOC120039512	18S ribosomal RNA	rRNA	0	2	1	0	1	0	0	1	0
gene-LOC120039519	LOC120039519	zinc finger protein 239-like	protein_coding	5	2	1	0	1	0	0	0	1
gene-LOC120039526	LOC120039526	forkhead box protein K2-like	protein_coding	4	2	1	0	1	0	0	0	1
gene-LOC120039592	LOC120039592	18S ribosomal RNA	rRNA	0	2	1	0	1	0	0	0	1
gene-LOC120039807	LOC120039807	lipopolysaccharide-induced tumor necrosis factor-alpha factor homolog	protein_coding	1	2	1	0	1	0	0	0	1
gene-LOC120039810	LOC120039810	18S ribosomal RNA	rRNA	0	2	1	0	1	0	0	1	0
gene-LOC120039903	LOC120039903	18S ribosomal RNA	rRNA	0	2	1	0	1	0	0	1	0
gene-LOC120039976	LOC120039976	calcium-independent phospholipase A2-gamma-like	protein_coding	3	2	1	0	1	0	0	0	1
gene-LOC120040161	LOC120040161	sperm-associated antigen 1A-like	protein_coding	3	2	1	1	0	0	0	0	1
gene-LOC120040195	LOC120040195	potassium voltage-gated channel subfamily KQT member 1-like	protein_coding	5	2	1	0	1	0	0	0	1
gene-LOC120040197	LOC120040197	potassium voltage-gated channel subfamily KQT member 1-like	protein_coding	5	2	1	0	1	0	0	0	1
gene-LOC120040198	LOC120040198	transient receptor potential cation channel subfamily M member 5-like	protein_coding	4	2	1	0	1	0	0	0	1
gene-LOC120040206	LOC120040206	uncharacterized LOC120040206	lncRNA	0	2	1	0	0	1	0	0	1
gene-LOC120040310	LOC120040310	5.8S ribosomal RNA	rRNA	0	2	1	0	1	0	0	1	0
gene-LOC120040364	LOC120040364	uncharacterized LOC120040364	protein_coding	5	2	1	0	1	0	1	0	0
gene-LOC120040407	LOC120040407	gastrula zinc finger protein XlCGF57.1-like	protein_coding	3	2	1	0	0	1	0	0	1
gene-LOC120040408	LOC120040408	gastrula zinc finger protein XlCGF57.1-like	protein_coding	3	2	1	0	0	1	0	0	1
gene-LOC120040409	LOC120040409	zinc finger protein OZF-like	protein_coding	3	2	1	0	0	1	0	0	1
gene-LOC120040410	LOC120040410	gastrula zinc finger protein XlCGF57.1-like	protein_coding	3	2	1	0	0	1	0	0	1
gene-LOC120040412	LOC120040412	plexin-B2-like	protein_coding	9	2	1	1	0	0	0	0	1
gene-LOC120040413	LOC120040413	uncharacterized LOC120040413	protein_coding	0	2	1	0	0	1	0	0	1
gene-LOC120040414	LOC120040414	protein NEL-like	protein_coding	2	2	1	0	1	0	0	0	1
gene-LOC120040744	LOC120040744	queuine tRNA-ribosyltransferase catalytic subunit 1-like	protein_coding	3	2	1	0	1	0	1	0	0
gene-LOC120040756	LOC120040756	dynamin-2-like	protein_coding	6	2	1	0	1	0	1	0	0
gene-LOC120040823	LOC120040823	tumor necrosis factor ligand superfamily member 14-like	protein_coding	3	2	1	0	1	0	1	0	0
gene-LOC120040838	LOC120040838	transmembrane emp24 domain-containing protein 1-like	protein_coding	7	2	1	0	1	0	1	0	0
gene-LOC120040861	LOC120040861	phospholipid phosphatase 3-like	protein_coding	4	2	1	0	1	0	1	0	0
gene-LOC120040961	LOC120040961	zinc finger protein 609-like	protein_coding	2	2	1	0	1	0	0	0	1
gene-LOC120040975	LOC120040975	E3 ubiquitin/ISG15 ligase TRIM25-like	protein_coding	1	2	1	0	0	1	0	0	1
gene-LOC120040993	LOC120040993	tripartite motif-containing protein 16-like	protein_coding	2	2	1	0	1	0	0	0	1
gene-LOC120041002	LOC120041002	sodium/myo-inositol cotransporter 2-like	protein_coding	3	2	1	0	1	0	0	0	1
gene-LOC120041036	LOC120041036	rho GTPase-activating protein 17-like	protein_coding	9	2	1	0	1	0	1	0	0
gene-LOC120041070	LOC120041070	sodium/myo-inositol cotransporter 2-like	protein_coding	3	2	1	0	1	0	1	0	0
gene-LOC120041079	LOC120041079	transcription factor E4F1-like	protein_coding	1	2	1	0	1	0	1	0	0
gene-LOC120041097	LOC120041097	hexosaminidase D-like	protein_coding	2	2	1	0	1	0	1	0	0
gene-LOC120041167	LOC120041167	methionine-R-sulfoxide reductase B1-A-like	protein_coding	1	2	1	0	1	0	1	0	0
gene-LOC120041184	LOC120041184	butyrophilin subfamily 1 member A1-like	protein_coding	0	2	1	0	0	1	0	0	1
gene-LOC120041320	LOC120041320	stonustoxin subunit beta-like	protein_coding	1	2	1	0	0	1	0	0	1
gene-LOC120041324	LOC120041324	transcription factor AP-4-like	protein_coding	5	2	1	0	1	0	1	0	0
gene-LOC120041350	LOC120041350	sorting nexin-1-like	protein_coding	5	2	1	0	1	0	0	0	1
gene-LOC120041370	LOC120041370	transmembrane channel-like protein 7	protein_coding	2	2	1	0	1	0	0	0	1
gene-LOC120041373	LOC120041373	MAPK regulated corepressor interacting protein 2-like	protein_coding	0	2	1	0	0	1	1	0	0
gene-LOC120041425	LOC120041425	tripartite motif-containing protein 16-like protein	protein_coding	2	2	1	0	1	0	1	0	0
gene-LOC120041435	LOC120041435	protein HID1-like	protein_coding	3	2	1	0	1	0	1	0	0
gene-LOC120041464	LOC120041464	suppressor of cytokine signaling 3-like	protein_coding	4	2	1	0	1	0	1	0	0
gene-LOC120041589	LOC120041589	galectin-3-binding protein A-like	protein_coding	2	2	1	0	1	0	1	0	0
gene-LOC120041601	LOC120041601	metalloproteinase inhibitor 2-like	protein_coding	7	2	1	0	1	0	1	0	0
gene-LOC120041610	LOC120041610	metalloproteinase inhibitor 2-like	protein_coding	7	2	1	0	1	0	1	0	0
gene-LOC120041632	LOC120041632	metalloproteinase inhibitor 2-like	protein_coding	7	2	1	0	1	0	1	0	0
gene-LOC120041637	LOC120041637	voltage-dependent T-type calcium channel subunit alpha-1I-like	protein_coding	12	2	1	0	1	0	0	0	1
gene-LOC120041732	LOC120041732	C-type lectin domain family 4 member M-like	protein_coding	0	2	1	0	0	1	0	0	1
gene-LOC120041848	LOC120041848	medium-chain acyl-CoA ligase ACSF2, mitochondrial-like	protein_coding	2	2	1	0	1	0	1	0	0
gene-LOC120041865	LOC120041865	medium-chain acyl-CoA ligase ACSF2, mitochondrial-like	protein_coding	2	2	1	0	1	0	1	0	0
gene-LOC120041882	LOC120041882	nuclear distribution protein nudE-like 1-B	protein_coding	13	2	1	0	1	0	1	0	0
gene-LOC120041950	LOC120041950	endophilin-A3-like	protein_coding	5	2	1	0	1	0	0	0	1
gene-LOC120042042	LOC120042042	uncharacterized LOC120042042	lncRNA	0	2	1	0	0	1	0	1	0
gene-LOC120042165	LOC120042165	stonustoxin subunit beta-like	protein_coding	1	2	1	0	1	0	0	0	1
gene-LOC120042248	LOC120042248	uncharacterized LOC120042248	lncRNA	0	2	1	0	1	0	0	0	1
gene-LOC120042249	LOC120042249	uncharacterized LOC120042249	lncRNA	0	2	1	0	0	1	0	0	1
gene-LOC120042341	LOC120042341	chitobiosyldiphosphodolichol beta-mannosyltransferase-like	protein_coding	3	2	1	0	1	0	1	0	0
gene-LOC120042376	LOC120042376	tetratricopeptide repeat protein 30A-like	protein_coding	5	2	1	0	1	0	1	0	0
gene-LOC120042455	LOC120042455	ADP-ribosylation factor-like protein 6-interacting protein 1	protein_coding	0	2	1	0	1	0	1	0	0
gene-LOC120042479	LOC120042479	serine/threonine-protein kinase SMG1-like	protein_coding	5	2	1	0	1	0	1	0	0
gene-LOC120042486	LOC120042486	zinc finger protein 239-like	protein_coding	1	2	1	0	1	0	0	0	1
gene-LOC120042491	LOC120042491	zinc finger protein 135-like	protein_coding	3	2	1	0	1	0	0	0	1
gene-LOC120042495	LOC120042495	putative oxidoreductase GLYR1	protein_coding	3	2	1	0	1	0	1	0	0
gene-LOC120042547	LOC120042547	transport and Golgi organization protein 1 homolog	protein_coding	5	2	1	0	1	0	0	0	1
gene-LOC120042567	LOC120042567	small integral membrane protein 22-like	protein_coding	1	2	1	0	1	0	1	0	0
gene-LOC120042661	LOC120042661	uncharacterized LOC120042661	protein_coding	1	2	1	0	1	0	0	0	1
gene-LOC120042708	LOC120042708	casein kinase I	protein_coding	13	2	1	0	1	0	1	0	0
gene-LOC120042766	LOC120042766	tumor necrosis factor receptor superfamily member 16-like	protein_coding	6	2	1	1	0	0	0	0	1
gene-LOC120042791	LOC120042791	COP9 signalosome complex subunit 1-like	protein_coding	1	2	1	0	1	0	0	0	1
gene-LOC120042792	LOC120042792	uncharacterized LOC120042792	lncRNA	0	2	1	0	1	0	0	0	1
gene-LOC120042872	LOC120042872	RING finger protein 151-like	protein_coding	6	2	1	0	0	1	1	0	0
gene-LOC120042906	LOC120042906	uncharacterized LOC120042906	lncRNA	0	2	1	0	0	1	0	0	1
gene-LOC120042932	LOC120042932	TOM1-like protein 2	protein_coding	6	2	1	0	0	1	1	0	0
gene-LOC120042988	LOC120042988	protein NEL-like	protein_coding	2	2	1	0	1	0	0	0	1
gene-LOC120043451	LOC120043451	lipid droplet assembly factor 1-like	protein_coding	0	2	1	0	1	0	1	0	0
gene-LOC120043579	LOC120043579	multiple epidermal growth factor-like domains protein 11	protein_coding	1	2	1	0	1	0	0	0	1
gene-LOC120043709	LOC120043709	zinc finger protein 345-like	protein_coding	3	2	1	0	1	0	1	0	0
gene-LOC120043710	LOC120043710	zinc finger protein 2 homolog	protein_coding	5	2	1	0	1	0	1	0	0
gene-LOC120043713	LOC120043713	zinc finger protein 883-like	protein_coding	0	2	1	0	1	0	1	0	0
gene-LOC120043714	LOC120043714	zinc finger protein 260-like	protein_coding	4	2	1	0	1	0	1	0	0
gene-LOC120043731	LOC120043731	zinc finger protein 239-like	protein_coding	3	2	1	0	1	0	1	0	0
gene-LOC120043732	LOC120043732	charged multivesicular body protein 6-like	protein_coding	4	2	1	0	1	0	1	0	0
gene-LOC120043753	LOC120043753	ladderlectin-like	protein_coding	1	2	1	0	1	0	1	0	0
gene-LOC120043759	LOC120043759	immunoglobulin lambda-1 light chain-like	protein_coding	0	2	1	0	1	0	1	0	0
gene-LOC120043761	LOC120043761	uncharacterized LOC120043761	lncRNA	0	2	1	0	0	1	1	0	0
gene-LOC120043784	LOC120043784	stonustoxin subunit beta-like	protein_coding	1	2	1	0	0	1	1	0	0
gene-LOC120043819	LOC120043819	protein HID1-like	protein_coding	3	2	1	0	1	0	1	0	0
gene-LOC120043827	LOC120043827	protein Njmu-R1-like	protein_coding	2	2	1	0	1	0	1	0	0
gene-LOC120043830	LOC120043830	ATPase family AAA domain-containing protein 5-like	protein_coding	5	2	1	0	1	0	1	0	0
gene-LOC120043834	LOC120043834	far upstream element-binding protein 2-like	protein_coding	4	2	1	0	1	0	1	0	0
gene-LOC120043844	LOC120043844	uncharacterized LOC120043844	protein_coding	0	2	1	0	0	1	1	0	0
gene-LOC120043845	LOC120043845	uncharacterized LOC120043845	protein_coding	3	2	1	0	0	1	1	0	0
gene-LOC120043847	LOC120043847	uncharacterized protein K02A2.6-like	protein_coding	5	2	1	0	0	1	1	0	0
gene-LOC120043852	LOC120043852	jupiter microtubule associated homolog 1-like	protein_coding	1	2	1	0	0	1	1	0	0
gene-LOC120043863	LOC120043863	G protein-activated inward rectifier potassium channel 4-like	protein_coding	4	2	1	0	1	0	1	0	0
gene-LOC120043873	LOC120043873	opioid-binding protein/cell adhesion molecule-like	protein_coding	1	2	1	0	0	1	1	0	0
gene-LOC120043933	LOC120043933	ankyrin repeat domain-containing protein 6-like	protein_coding	4	2	1	0	0	1	1	0	0
gene-LOC120043934	LOC120043934	cation channel sperm-associated protein subunit beta-like	protein_coding	2	2	1	0	0	1	1	0	0
gene-LOC120044003	LOC120044003	meiosis-specific coiled-coil domain-containing protein MEIOC-like	protein_coding	6	2	1	0	0	1	1	0	0
gene-LOC120044005	LOC120044005	contactin-associated protein 1-like	protein_coding	0	2	1	0	1	0	1	0	0
gene-LOC120044006	LOC120044006	SRC kinase signaling inhibitor 1-like	protein_coding	4	2	1	0	1	0	1	0	0
gene-LOC120044007	LOC120044007	sorting nexin-8-like	protein_coding	2	2	1	0	0	1	1	0	0
gene-LOC120044013	LOC120044013	UNC93-like protein MFSD11	protein_coding	0	2	1	0	1	0	1	0	0
gene-LOC120044016	LOC120044016	hemoglobin embryonic subunit alpha-like	protein_coding	11	2	1	0	1	0	1	0	0
gene-LOC120044049	LOC120044049	NACHT, LRR and PYD domains-containing protein 12	protein_coding	1	2	1	0	0	1	1	0	0
gene-LOC120044062	LOC120044062	potassium voltage-gated channel subfamily A member 1-like	protein_coding	6	2	1	0	1	0	1	0	0
gene-LOC120044075	LOC120044075	delphilin-like	protein_coding	1	2	1	0	1	0	1	0	0
gene-LOC120044076	LOC120044076	heparan sulfate glucosamine 3-O-sulfotransferase 6-like	protein_coding	1	2	1	0	1	0	1	0	0
gene-LOC120044077	LOC120044077	serine/threonine-protein kinase/endoribonuclease IRE1-like	protein_coding	9	2	1	0	1	0	1	0	0
gene-LOC120044079	LOC120044079	aquaporin-8-like	protein_coding	4	2	1	0	0	1	1	0	0
gene-LOC120044080	LOC120044080	meteorin-like protein	protein_coding	2	2	1	0	1	0	1	0	0
gene-LOC120044089	LOC120044089	proton channel OTOP2-like	protein_coding	3	2	1	0	1	0	1	0	0
gene-LOC120044103	LOC120044103	monocarboxylate transporter 6-like	protein_coding	3	2	1	0	1	0	1	0	0
gene-LOC120044113	LOC120044113	transmembrane protein 114-like	protein_coding	1	2	1	0	1	0	1	0	0
gene-LOC120044120	LOC120044120	GTP-binding protein Rhes-like	protein_coding	2	2	1	0	1	0	1	0	0
gene-LOC120044125	LOC120044125	periplakin-like	protein_coding	8	2	1	0	1	0	1	0	0
gene-LOC120044126	LOC120044126	regulator of G-protein signaling 9-like	protein_coding	3	2	1	0	0	1	1	0	0
gene-LOC120044130	LOC120044130	interferon-induced protein 44-like	protein_coding	0	2	1	0	0	1	1	0	0
gene-LOC120044132	LOC120044132	testis-expressed protein 2-like	protein_coding	2	2	1	0	0	1	1	0	0
gene-LOC120044136	LOC120044136	NLR family CARD domain-containing protein 3-like	protein_coding	1	2	1	0	0	1	1	0	0
gene-LOC120044138	LOC120044138		C_region	0	2	1	0	1	0	1	0	0
gene-LOC120044141	LOC120044141	tetraspanin-10-like	protein_coding	1	2	1	0	1	0	1	0	0
gene-LOC120044143	LOC120044143		C_region	0	2	1	0	0	1	1	0	0
gene-LOC120044146	LOC120044146		C_region	0	2	1	0	1	0	1	0	0
gene-LOC120044159	LOC120044159	exocyst complex component 7-like	protein_coding	0	2	1	0	1	0	1	0	0
gene-LOC120044165	LOC120044165	trinucleotide repeat-containing gene 6C protein-like	protein_coding	6	2	1	0	1	0	1	0	0
gene-LOC120044239	LOC120044239	uncharacterized LOC120044239	protein_coding	6	2	1	0	0	1	1	0	0
gene-LOC120044381	LOC120044381	myelin protein zero-like protein 1	protein_coding	3	2	1	0	0	1	1	0	0
gene-LOC120044421	LOC120044421	insulin	protein_coding	3	2	1	0	0	1	1	0	0
gene-LOC120044422	LOC120044422	magnesium transporter NIPA2-like	protein_coding	3	2	1	0	0	1	1	0	0
gene-LOC120044461	LOC120044461	dynein light chain 4, axonemal-like	protein_coding	4	2	1	0	0	1	1	0	0
gene-LOC120044476	LOC120044476	interferon a3-like	protein_coding	3	2	1	0	0	1	1	0	0
gene-LOC120044479	LOC120044479	interferon a3-like	protein_coding	3	2	1	0	0	1	1	0	0
gene-LOC120044490	LOC120044490	interferon a3-like	protein_coding	4	2	1	0	0	1	1	0	0
gene-LOC120044491	LOC120044491	interferon a3-like	protein_coding	3	2	1	0	0	1	1	0	0
gene-LOC120044533	LOC120044533	ATP synthase subunit alpha, mitochondrial-like	protein_coding	7	2	1	0	0	1	1	0	0
gene-LOC120044536	LOC120044536	frizzled-2-like	protein_coding	5	2	1	0	0	1	1	0	0
gene-LOC120044541	LOC120044541	stannin-like	protein_coding	1	2	1	0	1	0	1	0	0
gene-LOC120044542	LOC120044542	recQ-mediated genome instability protein 2-like	protein_coding	6	2	1	0	1	0	1	0	0
gene-LOC120044543	LOC120044543	E3 ubiquitin-protein ligase RNF165-like	protein_coding	2	2	1	0	0	1	1	0	0
gene-LOC120044544	LOC120044544	uncharacterized LOC120044544	lncRNA	0	2	1	0	1	0	1	0	0
gene-LOC120044545	LOC120044545	heparan sulfate glucosamine 3-O-sulfotransferase 4-like	protein_coding	1	2	1	0	1	0	1	0	0
gene-LOC120044546	LOC120044546	heparan sulfate glucosamine 3-O-sulfotransferase 2-like	protein_coding	1	2	1	0	1	0	1	0	0
gene-LOC120044547	LOC120044547	interleukin-21 receptor-like	protein_coding	5	2	1	0	1	0	1	0	0
gene-LOC120044548	LOC120044548	3-phosphoinositide-dependent protein kinase 1-like	protein_coding	4	2	1	0	1	0	1	0	0
gene-LOC120044549	LOC120044549	G-protein coupled estrogen receptor 1	protein_coding	5	2	1	0	1	0	1	0	0
gene-LOC120044552	LOC120044552	protein shisa-9B-like	protein_coding	6	2	1	0	1	0	1	0	0
gene-LOC120044553	LOC120044553	uncharacterized LOC120044553	protein_coding	1	2	1	0	1	0	1	0	0
gene-LOC120044554	LOC120044554	U11/U12 small nuclear ribonucleoprotein 25 kDa protein-like	protein_coding	3	2	1	0	1	0	1	0	0
gene-LOC120044555	LOC120044555	E3 ubiquitin-protein ligase MGRN1-like	protein_coding	9	2	1	0	1	0	1	0	0
gene-LOC120044556	LOC120044556	serotonin N-acetyltransferase-like	protein_coding	4	2	1	0	1	0	1	0	0
gene-LOC120044559	LOC120044559	ELAV-like protein 3	protein_coding	2	2	1	0	1	0	1	0	0
gene-LOC120044586	LOC120044586	myosin-10-like	protein_coding	4	2	1	0	1	0	1	0	0
gene-LOC120044604	LOC120044604	GTPase IMAP family member 7-like	protein_coding	1	2	1	0	1	0	1	0	0
gene-LOC120044622	LOC120044622	tRNA-splicing endonuclease subunit Sen54-like	protein_coding	2	2	1	0	1	0	1	0	0
gene-LOC120044623	LOC120044623	forkhead box protein J1-A-like	protein_coding	3	2	1	0	1	0	1	0	0
gene-LOC120044624	LOC120044624	E3 ubiquitin-protein ligase RNF12-B-like	protein_coding	0	2	1	0	1	0	1	0	0
gene-LOC120044630	LOC120044630	uncharacterized LOC120044630	lncRNA	0	2	1	0	0	1	1	0	0
gene-LOC120044631	LOC120044631	NLR family CARD domain-containing protein 3-like	protein_coding	0	2	1	0	0	1	1	0	0
gene-LOC120044632	LOC120044632	uncharacterized LOC120044632	lncRNA	0	2	1	0	0	1	1	0	0
gene-LOC120044647	LOC120044647	voltage-dependent calcium channel gamma-2 subunit-like	protein_coding	11	2	1	0	1	0	1	0	0
gene-LOC120044650	LOC120044650	liprin-alpha-3-like	protein_coding	3	2	1	0	1	0	1	0	0
gene-LOC120044655	LOC120044655	protein kinase C and casein kinase substrate in neurons protein 3-like	protein_coding	8	2	1	0	1	0	1	0	0
gene-LOC120044656	LOC120044656	uncharacterized LOC120044656	lncRNA	0	2	1	0	1	0	1	0	0
gene-LOC120044677	LOC120044677	aquaporin-8-like	protein_coding	4	2	1	0	1	0	1	0	0
gene-LOC120044678	LOC120044678	glycerophosphodiester phosphodiesterase 1-like	protein_coding	2	2	1	0	0	1	1	0	0
gene-LOC120044680	LOC120044680	inward rectifier potassium channel 2-like	protein_coding	4	2	1	0	1	0	1	0	0
gene-LOC120044681	LOC120044681	protein amnionless-like	protein_coding	4	2	1	0	1	0	1	0	0
gene-LOC120044696	LOC120044696	transcription factor MafG-like	protein_coding	5	2	1	0	0	1	1	0	0
gene-LOC120044698	LOC120044698	neuropeptide B-like	protein_coding	3	2	1	0	0	1	1	0	0
gene-LOC120044712	LOC120044712	ras-related C3 botulinum toxin substrate 3-like	protein_coding	15	2	1	0	1	0	1	0	0
gene-LOC120044723	LOC120044723	immunoglobulin lambda-1 light chain-like	protein_coding	0	2	1	0	1	0	1	0	0
gene-LOC120044727	LOC120044727	Usher syndrome type-1G protein homolog	protein_coding	4	2	1	0	1	0	1	0	0
gene-LOC120044731	LOC120044731	uncharacterized LOC120044731	protein_coding	3	2	1	0	0	1	1	0	0
gene-LOC120044734	LOC120044734	UPF0764 protein C16orf89 homolog	protein_coding	2	2	1	0	1	0	1	0	0
gene-LOC120044738	LOC120044738	zinc finger protein 501-like	protein_coding	3	2	1	0	0	1	1	0	0
gene-LOC120044756	LOC120044756	forkhead box protein J1-B-like	protein_coding	3	2	1	0	1	0	1	0	0
gene-LOC120044787	LOC120044787	ribonuclease inhibitor	protein_coding	1	2	1	0	0	1	1	0	0
gene-LOC120044791	LOC120044791	NLR family CARD domain-containing protein 3-like	protein_coding	0	2	1	0	0	1	1	0	0
gene-LOC120044796	LOC120044796	soluble lamin-associated protein of 75 kDa-like	protein_coding	0	2	1	0	0	1	1	0	0
gene-LOC120044843	LOC120044843	cytochrome P450 2K1-like	protein_coding	7	2	1	0	1	0	1	0	0
gene-LOC120044844	LOC120044844	cytochrome P450 2K1-like	protein_coding	7	2	1	0	1	0	1	0	0
gene-LOC120044850	LOC120044850	bone morphogenetic protein 7-like	protein_coding	6	2	1	0	0	1	1	0	0
gene-LOC120044885	LOC120044885	trimeric intracellular cation channel type B-like	protein_coding	4	2	1	0	1	0	1	0	0
gene-LOC120045018	LOC120045018	polypeptide N-acetylgalactosaminyltransferase 9-like	protein_coding	1	2	1	0	0	1	1	0	0
gene-LOC120045028	LOC120045028	serine/threonine-protein kinase TAO3-like	protein_coding	1	2	1	0	0	1	1	0	0
gene-LOC120045029	LOC120045029	heat shock protein beta-1-like	protein_coding	3	2	1	0	0	1	1	0	0
gene-LOC120045184	LOC120045184	uncharacterized LOC120045184	lncRNA	0	2	1	0	0	1	1	0	0
gene-LOC120045234	LOC120045234	small nucleolar RNA SNORD35	snoRNA	0	2	1	0	1	0	1	0	0
gene-LOC120045243	LOC120045243	small nucleolar RNA SNORA9	snoRNA	0	2	1	0	0	1	1	0	0
gene-LOC120045244	LOC120045244	5S ribosomal RNA	rRNA	0	2	1	0	1	0	1	0	0
gene-LOC120045246	LOC120045246	kinesin-like protein KIFC3	protein_coding	4	2	1	0	1	0	1	0	0
gene-LOC120045256	LOC120045256	small nucleolar RNA SNORD88	snoRNA	0	2	1	0	1	0	1	0	0
gene-LOC120045257	LOC120045257	small nucleolar RNA SNORD88	snoRNA	0	2	1	0	1	0	1	0	0
gene-LOC120045258	LOC120045258	small nucleolar RNA SNORD88	snoRNA	0	2	1	0	1	0	1	0	0
gene-LOC120045260	LOC120045260	5S ribosomal RNA	rRNA	0	2	1	0	1	0	1	0	0
gene-LOC120045276	LOC120045276	5.8S ribosomal RNA	rRNA	0	2	1	0	0	1	1	0	0
gene-LOC120045303	LOC120045303	katanin p80 WD40 repeat-containing subunit B1-like	protein_coding	4	2	1	0	1	0	1	0	0
gene-LOC120045335	LOC120045335	oxidoreductase HTATIP2-like	protein_coding	2	2	1	0	1	0	1	0	0
gene-LOC120045355	LOC120045355	interferon-induced protein with tetratricopeptide repeats 5-like	protein_coding	3	2	1	0	0	1	1	0	0
gene-LOC120045412	LOC120045412	recoverin-like	protein_coding	1	2	1	0	0	1	1	0	0
gene-LOC120045425	LOC120045425	pepsin A-like	protein_coding	2	2	1	0	0	1	1	0	0
gene-LOC120045426	LOC120045426	pepsin A-like	protein_coding	2	2	1	0	1	0	1	0	0
gene-LOC120045523	LOC120045523	uncharacterized LOC120045523	lncRNA	0	2	1	0	1	0	1	0	0
gene-LOC120045524	LOC120045524	uncharacterized LOC120045524	lncRNA	0	2	1	0	0	1	1	0	0
gene-LOC120045525	LOC120045525	ADP-ribosylation factor-like protein 4D	protein_coding	5	2	1	0	0	1	1	0	0
gene-LOC120045530	LOC120045530	growth arrest and DNA damage-inducible proteins-interacting protein 1-like	protein_coding	1	2	1	0	1	0	1	0	0
gene-LOC120045531	LOC120045531	tetratricopeptide repeat protein 39A-like	protein_coding	1	2	1	0	1	0	1	0	0
gene-LOC120045532	LOC120045532	tetraspanin-16-like	protein_coding	1	2	1	0	1	0	1	0	0
gene-LOC120045533	LOC120045533	tetraspanin-1-like	protein_coding	1	2	1	0	1	0	1	0	0
gene-LOC120045534	LOC120045534	transmembrane protein 205-like	protein_coding	0	2	1	0	1	0	1	0	0
gene-LOC120045537	LOC120045537	thioredoxin, mitochondrial-like	protein_coding	3	2	1	0	1	0	1	0	0
gene-LOC120045539	LOC120045539	riboflavin-binding protein-like	protein_coding	4	2	1	0	1	0	1	0	0
gene-LOC120045555	LOC120045555	myosin heavy chain, embryonic smooth muscle isoform-like	protein_coding	1	2	1	0	1	0	1	0	0
gene-LOC120045579	LOC120045579	palmitoyltransferase ZDHHC16A-like	protein_coding	3	2	1	0	0	1	1	0	0
gene-LOC120045580	LOC120045580	histidine protein methyltransferase 1 homolog	protein_coding	2	2	1	0	0	1	1	0	0
gene-LOC120045638	LOC120045638	uncharacterized LOC120045638	lncRNA	0	2	1	0	0	1	1	0	0
gene-LOC120045713	LOC120045713	probable vesicular acetylcholine transporter-B	protein_coding	9	2	1	0	1	0	1	0	0
gene-LOC120045721	LOC120045721	uncharacterized LOC120045721	lncRNA	0	2	1	0	0	1	1	0	0
gene-LOC120045774	LOC120045774	diacylglycerol kinase zeta-like	protein_coding	8	2	1	0	1	0	1	0	0
gene-LOC120045784	LOC120045784	uncharacterized LOC120045784	protein_coding	3	2	1	0	1	0	1	0	0
gene-LOC120045785	LOC120045785	anoctamin-10-like	protein_coding	3	2	1	0	1	0	1	0	0
gene-LOC120045786	LOC120045786	ral guanine nucleotide dissociation stimulator-like 1	protein_coding	4	2	1	0	1	0	1	0	0
gene-LOC120045789	LOC120045789	zinc finger protein Gfi-1b-like	protein_coding	4	2	1	0	1	0	1	0	0
gene-LOC120045793	LOC120045793	microtubule-associated serine/threonine-protein kinase 1-like	protein_coding	6	2	1	0	1	0	1	0	0
gene-LOC120045816	LOC120045816	uncharacterized LOC120045816	lncRNA	0	2	1	0	1	0	1	0	0
gene-LOC120045837	LOC120045837	ubiquitin domain-containing protein 1-like	protein_coding	1	2	1	0	0	1	1	0	0
gene-LOC120045988	LOC120045988	choline O-acetyltransferase-like	protein_coding	5	2	1	0	1	0	1	0	0
gene-LOC120046032	LOC120046032	UTP--glucose-1-phosphate uridylyltransferase-like	protein_coding	4	2	1	0	1	0	1	0	0
gene-LOC120046036	LOC120046036	uncharacterized LOC120046036	lncRNA	0	2	1	0	0	1	1	0	0
gene-LOC120046050	LOC120046050	interferon regulatory factor 2-binding protein 2-A-like	protein_coding	3	2	1	0	0	1	1	0	0
gene-LOC120046083	LOC120046083	tumor protein p53-inducible nuclear protein 2-like	protein_coding	4	2	1	0	1	0	1	0	0
gene-LOC120046092	LOC120046092	protein C19orf12 homolog	protein_coding	0	2	1	0	1	0	1	0	0
gene-LOC120046105	LOC120046105	uncharacterized LOC120046105	lncRNA	0	2	1	0	1	0	1	0	0
gene-LOC120046115	LOC120046115	cytochrome b-c1 complex subunit Rieske, mitochondrial-like	protein_coding	5	2	1	0	1	0	1	0	0
gene-LOC120046182	LOC120046182	phosphorylase b kinase regulatory subunit beta-like	protein_coding	3	2	1	0	1	0	1	0	0
gene-LOC120046250	LOC120046250	cytoplasmic tRNA 2-thiolation protein 2-like	protein_coding	4	2	1	0	1	0	1	0	0
gene-LOC120046258	LOC120046258	E3 ubiquitin-protein ligase RNF166	protein_coding	3	2	1	0	1	0	1	0	0
gene-LOC120046293	LOC120046293	general transcription factor II-I repeat domain-containing protein 2-like	protein_coding	0	2	1	0	0	1	1	0	0
gene-LOC120046301	LOC120046301	protein CBFA2T3-like	protein_coding	4	2	1	0	1	0	1	0	0
gene-LOC120046306	LOC120046306	paraplegin-like	protein_coding	9	2	1	0	1	0	1	0	0
gene-LOC120046309	LOC120046309	transcription factor 7-like 2	protein_coding	6	2	1	0	1	0	1	0	0
gene-LOC120046316	LOC120046316	next to BRCA1 gene 1 protein-like	protein_coding	3	2	1	0	0	1	1	0	0
gene-LOC120046317	LOC120046317	proteasome activator complex subunit 3-like	protein_coding	7	2	1	0	0	1	1	0	0
gene-LOC120046318	LOC120046318	transmembrane protein 106B-like	protein_coding	0	2	1	0	0	1	1	0	0
gene-LOC120046319	LOC120046319	zinc finger protein 653-like	protein_coding	3	2	1	0	1	0	1	0	0
gene-LOC120046320	LOC120046320	erythropoietin receptor-like	protein_coding	7	2	1	0	1	0	1	0	0
gene-LOC120046321	LOC120046321	ras-related protein Rab-3D-like	protein_coding	9	2	1	0	1	0	1	0	0
gene-LOC120046322	LOC120046322	calponin-1-like	protein_coding	2	2	1	0	1	0	1	0	0
gene-LOC120046323	LOC120046323	uncharacterized LOC120046323	protein_coding	0	2	1	0	0	1	1	0	0
gene-LOC120046324	LOC120046324	transcription elongation factor 1 homolog	protein_coding	3	2	1	0	1	0	1	0	0
gene-LOC120046325	LOC120046325	ankyrin repeat domain-containing protein 11-like	protein_coding	3	2	1	0	1	0	1	0	0
gene-LOC120046326	LOC120046326	TLC domain-containing protein 4-B-like	protein_coding	3	2	1	0	1	0	1	0	0
gene-LOC120046327	LOC120046327	paralemmin-1-like	protein_coding	0	2	1	0	1	0	1	0	0
gene-LOC120046330	LOC120046330	choline transporter-like protein 2	protein_coding	4	2	1	0	1	0	1	0	0
gene-LOC120046331	LOC120046331	glutaryl-CoA dehydrogenase, mitochondrial-like	protein_coding	6	2	1	0	1	0	1	0	0
gene-LOC120046332	LOC120046332	phenylalanine--tRNA ligase alpha subunit-like	protein_coding	7	2	1	0	1	0	1	0	0
gene-LOC120046335	LOC120046335	N-acetylmuramoyl-L-alanine amidase-like	protein_coding	7	2	1	0	1	0	1	0	0
gene-LOC120046336	LOC120046336	trafficking protein particle complex subunit 5-like	protein_coding	4	2	1	0	1	0	1	0	0
gene-LOC120046342	LOC120046342	myosin-9-like	protein_coding	4	2	1	0	1	0	1	0	0
gene-LOC120046343	LOC120046343	mitochondrial glycine transporter B-like	protein_coding	4	2	1	0	1	0	1	0	0
gene-LOC120046346	LOC120046346	ubinuclein-2-like	protein_coding	1	2	1	0	1	0	1	0	0
gene-LOC120046347	LOC120046347	putative solute carrier family 22 member 31	protein_coding	1	2	1	0	1	0	1	0	0
gene-LOC120046348	LOC120046348	telomerase RNA component interacting RNase-like	protein_coding	2	2	1	0	1	0	1	0	0
gene-LOC120046349	LOC120046349	protein Hook homolog 2-like	protein_coding	6	2	1	0	1	0	1	0	0
gene-LOC120046350	LOC120046350	transcription factor jun-B-like	protein_coding	7	2	1	0	1	0	1	0	0
gene-LOC120046351	LOC120046351	cysteine protease ATG4D-like	protein_coding	1	2	1	0	1	0	1	0	0
gene-LOC120046358	LOC120046358	haptoglobin-like	protein_coding	3	2	1	0	1	0	1	0	0
gene-LOC120046375	LOC120046375	dihydroorotate dehydrogenase (quinone), mitochondrial-like	protein_coding	5	2	1	0	1	0	1	0	0
gene-LOC120046411	LOC120046411	heme-binding protein 1-like	protein_coding	0	2	1	0	1	0	1	0	0
gene-LOC120046458	LOC120046458	CTD small phosphatase-like protein 2-B	protein_coding	1	2	1	0	1	0	1	0	0
gene-LOC120046468	LOC120046468	eukaryotic translation initiation factor 3 subunit J-A-like	protein_coding	3	2	1	0	1	0	1	0	0
gene-LOC120046489	LOC120046489	uncharacterized LOC120046489	protein_coding	4	2	1	0	1	0	1	0	0
gene-LOC120046502	LOC120046502	mRNA decay activator protein ZFP36L2-A-like	protein_coding	2	2	1	0	1	0	1	0	0
gene-LOC120046565	LOC120046565	progonadoliberin-3	protein_coding	3	2	1	0	0	1	1	0	0
gene-LOC120046708	LOC120046708	S-adenosylmethionine synthase-like	protein_coding	4	2	1	0	0	1	1	0	0
gene-LOC120046789	LOC120046789	rhotekin-like	protein_coding	5	2	1	0	1	0	1	0	0
gene-LOC120046857	LOC120046857	peroxisomal membrane protein PEX13-like	protein_coding	5	2	1	0	1	0	1	0	0
gene-LOC120046934	LOC120046934	ribonuclease-like 3	protein_coding	1	2	1	0	0	1	1	0	0
gene-LOC120046970	LOC120046970	zinc finger protein 507-like	protein_coding	2	2	1	0	1	0	1	0	0
gene-LOC120046977	LOC120046977	beta-crystallin A1-2-like	protein_coding	3	2	1	0	0	1	1	0	0
gene-LOC120046978	LOC120046978	smoothelin-like protein 2	protein_coding	4	2	1	0	0	1	1	0	0
gene-LOC120046979	LOC120046979	solute carrier family 43 member 3-like	protein_coding	2	2	1	0	0	1	1	0	0
gene-LOC120047055	LOC120047055	protocadherin gamma-A11-like	protein_coding	3	2	1	0	0	1	1	0	0
gene-LOC120047056	LOC120047056	protocadherin gamma-A11-like	protein_coding	3	2	1	0	0	1	1	0	0
gene-LOC120047057	LOC120047057	protocadherin beta-15	protein_coding	3	2	1	0	0	1	1	0	0
gene-LOC120047058	LOC120047058	protocadherin gamma-A8-like	protein_coding	3	2	1	0	0	1	1	0	0
gene-LOC120047059	LOC120047059	protocadherin beta-16-like	protein_coding	3	2	1	0	0	1	1	0	0
gene-LOC120047060	LOC120047060	protocadherin gamma-A2-like	protein_coding	3	2	1	0	0	1	1	0	0
gene-LOC120047061	LOC120047061	protocadherin gamma-A8-like	protein_coding	3	2	1	0	0	1	1	0	0
gene-LOC120047062	LOC120047062	protocadherin gamma-C3-like	protein_coding	3	2	1	0	0	1	1	0	0
gene-LOC120047067	LOC120047067	protocadherin beta-16-like	protein_coding	3	2	1	0	0	1	1	0	0
gene-LOC120047068	LOC120047068	protocadherin gamma-A8-like	protein_coding	3	2	1	0	0	1	1	0	0
gene-LOC120047069	LOC120047069	protocadherin beta-16-like	protein_coding	3	2	1	0	0	1	1	0	0
gene-LOC120047112	LOC120047112	E3 ubiquitin-protein ligase E3D-like	protein_coding	10	2	1	0	1	0	1	0	0
gene-LOC120047114	LOC120047114	terminal nucleotidyltransferase 5A-like	protein_coding	3	2	1	0	1	0	1	0	0
gene-LOC120047142	LOC120047142	sialic acid-binding Ig-like lectin 12	protein_coding	0	2	1	0	0	1	1	0	0
gene-LOC120047171	LOC120047171	polysialoglycoprotein-like	protein_coding	0	2	1	0	1	0	0	0	1
gene-LOC120047173	LOC120047173	polysialoglycoprotein-like	protein_coding	2	2	1	0	1	0	0	0	1
gene-LOC120047177	LOC120047177	collagen alpha-3(IX) chain-like	protein_coding	0	2	1	0	1	0	1	0	0
gene-LOC120047222	LOC120047222	histone-lysine N-methyltransferase 2B-like	protein_coding	8	2	1	0	1	0	1	0	0
gene-LOC120047240	LOC120047240	platelet-activating factor acetylhydrolase IB subunit alpha1-like	protein_coding	0	2	1	0	1	0	1	0	0
gene-LOC120047242	LOC120047242	glutamate receptor ionotropic, kainate 5-like	protein_coding	0	2	1	0	1	0	1	0	0
gene-LOC120047256	LOC120047256	uncharacterized LOC120047256	protein_coding	0	2	1	0	1	0	1	0	0
gene-LOC120047258	LOC120047258	melanopsin-B-like	protein_coding	3	2	1	0	1	0	1	0	0
gene-LOC120047270	LOC120047270	myosin-10-like	protein_coding	9	2	1	0	1	0	1	0	0
gene-LOC120047282	LOC120047282	basal cell adhesion molecule-like	protein_coding	1	2	1	0	1	0	1	0	0
gene-LOC120047283	LOC120047283	trypsin-like	protein_coding	3	2	1	0	1	0	1	0	0
gene-LOC120047285	LOC120047285	trypsin-2-like	protein_coding	3	2	1	0	1	0	1	0	0
gene-LOC120047286	LOC120047286	transmembrane protein 145-like	protein_coding	2	2	1	0	1	0	1	0	0
gene-LOC120047296	LOC120047296	oxidative stress-induced growth inhibitor 2-like	protein_coding	0	2	1	0	1	0	1	0	0
gene-LOC120047297	LOC120047297	otoancorin-like	protein_coding	2	2	1	0	1	0	1	0	0
gene-LOC120047301	LOC120047301	zinc finger protein 628-like	protein_coding	3	2	1	0	1	0	1	0	0
gene-LOC120047302	LOC120047302	interleukin-11-like	protein_coding	5	2	1	0	1	0	1	0	0
gene-LOC120047309	LOC120047309	transcriptional repressor scratch 1-like	protein_coding	3	2	1	0	0	1	1	0	0
gene-LOC120047312	LOC120047312	cleft lip and palate transmembrane protein 1-like protein	protein_coding	2	2	1	0	1	0	1	0	0
gene-LOC120047322	LOC120047322	ATP-dependent translocase ABCB1-like	protein_coding	5	2	1	0	0	1	1	0	0
gene-LOC120047323	LOC120047323	ATP-dependent translocase ABCB1-like	protein_coding	5	2	1	0	0	1	1	0	0
gene-LOC120047327	LOC120047327	cell surface glycoprotein 1-like	protein_coding	2	2	1	0	1	0	1	0	0
gene-LOC120047331	LOC120047331	DNA repair and recombination protein RAD54B-like	protein_coding	6	2	1	0	1	0	1	0	0
gene-LOC120047333	LOC120047333	epithelial splicing regulatory protein 1-like	protein_coding	4	2	1	0	1	0	1	0	0
gene-LOC120047339	LOC120047339	angiopoietin-1-like	protein_coding	0	2	1	0	0	1	1	0	0
gene-LOC120047357	LOC120047357	gap junction beta-1 protein-like	protein_coding	2	2	1	0	0	1	1	0	0
gene-LOC120047367	LOC120047367	uncharacterized LOC120047367	lncRNA	0	2	1	0	0	1	1	0	0
gene-LOC120047433	LOC120047433	uncharacterized LOC120047433	lncRNA	0	2	1	0	1	0	1	0	0
gene-LOC120047434	LOC120047434	uncharacterized LOC120047434	lncRNA	0	2	1	0	1	0	1	0	0
gene-LOC120047436	LOC120047436	adhesion G protein-coupled receptor E3-like	protein_coding	2	2	1	0	0	1	1	0	0
gene-LOC120047438	LOC120047438	endonuclease domain-containing 1 protein-like	protein_coding	3	2	1	0	0	1	1	0	0
gene-LOC120047439	LOC120047439	zinc-binding protein A33-like	protein_coding	2	2	1	0	0	1	1	0	0
gene-LOC120047440	LOC120047440	calcium-binding protein 2-like	protein_coding	1	2	1	0	0	1	1	0	0
gene-LOC120047441	LOC120047441	beta-crystallin B1-like	protein_coding	3	2	1	0	0	1	1	0	0
gene-LOC120047442	LOC120047442	zinc finger protein 436-like	protein_coding	3	2	1	0	0	1	1	0	0
gene-LOC120047536	LOC120047536	dual specificity protein kinase Ttk-like	protein_coding	12	2	1	0	1	0	1	0	0
gene-LOC120047537	LOC120047537	syntabulin-like	protein_coding	4	2	1	0	1	0	1	0	0
gene-LOC120047538	LOC120047538	growth/differentiation factor 6-A-like	protein_coding	6	2	1	0	1	0	1	0	0
gene-LOC120047563	LOC120047563	protein FAM110B-like	protein_coding	0	2	1	0	1	0	1	0	0
gene-LOC120047564	LOC120047564	free fatty acid receptor 2-like	protein_coding	4	2	1	0	1	0	1	0	0
gene-LOC120047565	LOC120047565	free fatty acid receptor 2-like	protein_coding	4	2	1	0	1	0	1	0	0
gene-LOC120047571	LOC120047571	uncharacterized LOC120047571	lncRNA	0	2	1	0	0	1	1	0	0
gene-LOC120047572	LOC120047572	myelin-associated glycoprotein-like	protein_coding	0	2	1	0	1	0	1	0	0
gene-LOC120047581	LOC120047581	gamma-aminobutyric acid type B receptor subunit 1-like	protein_coding	5	2	1	0	1	0	1	0	0
gene-LOC120047582	LOC120047582	tumor necrosis factor-like	protein_coding	3	2	1	0	1	0	1	0	0
gene-LOC120047583	LOC120047583	uncharacterized LOC120047583	protein_coding	3	2	1	0	1	0	1	0	0
gene-LOC120047584	LOC120047584	uncharacterized LOC120047584	lncRNA	0	2	1	0	1	0	1	0	0
gene-LOC120047585	LOC120047585	tetraspanin-13-like	protein_coding	1	2	1	0	1	0	1	0	0
gene-LOC120047586	LOC120047586	sclerostin domain-containing protein 1-like	protein_coding	4	2	1	0	1	0	1	0	0
gene-LOC120047587	LOC120047587	homeobox protein MOX-2-like	protein_coding	4	2	1	0	1	0	1	0	0
gene-LOC120047612	LOC120047612	transmembrane protein 176A-like	protein_coding	1	2	1	0	1	0	1	0	0
gene-LOC120047614	LOC120047614	transmembrane protein 176A-like	protein_coding	1	2	1	0	1	0	1	0	0
gene-LOC120047616	LOC120047616	transmembrane protein 176A-like	protein_coding	1	2	1	0	1	0	1	0	0
gene-LOC120047619	LOC120047619	transmembrane protein 176A-like	protein_coding	1	2	1	0	1	0	1	0	0
gene-LOC120047620	LOC120047620	1-phosphatidylinositol phosphodiesterase-like	protein_coding	2	2	1	0	1	0	1	0	0
gene-LOC120047622	LOC120047622	1-phosphatidylinositol phosphodiesterase-like	protein_coding	2	2	1	0	1	0	1	0	0
gene-LOC120047625	LOC120047625	ammonium transporter Rh type B-like	protein_coding	4	2	1	0	1	0	1	0	0
gene-LOC120047631	LOC120047631	uncharacterized LOC120047631	lncRNA	0	2	1	0	1	0	0	0	1
gene-LOC120047635	LOC120047635	CD83 antigen-like	protein_coding	0	2	1	0	1	0	1	0	0
gene-LOC120047670	LOC120047670	Krueppel-like factor 10	protein_coding	3	2	1	0	1	0	1	0	0
gene-LOC120047682	LOC120047682	uncharacterized LOC120047682	lncRNA	0	2	1	0	0	1	1	0	0
gene-LOC120047700	LOC120047700	zinc-binding protein A33-like	protein_coding	4	2	1	0	0	1	1	0	0
gene-LOC120047707	LOC120047707	protein FAM189B-like	protein_coding	0	2	1	0	1	0	1	0	0
gene-LOC120047708	LOC120047708	uncharacterized LOC120047708	lncRNA	0	2	1	0	1	0	1	0	0
gene-LOC120047712	LOC120047712	voltage-dependent calcium channel gamma-4 subunit-like	protein_coding	11	2	1	0	1	0	1	0	0
gene-LOC120047717	LOC120047717	adaptin ear-binding coat-associated protein 1-like	protein_coding	3	2	1	0	1	0	1	0	0
gene-LOC120047732	LOC120047732	lymphocyte activation gene 3 protein-like	protein_coding	7	2	1	0	1	0	1	0	0
gene-LOC120047746	LOC120047746	transmembrane protein 107-like	protein_coding	3	2	1	0	1	0	1	0	0
gene-LOC120047747	LOC120047747	uncharacterized LOC120047747	lncRNA	0	2	1	0	1	0	1	0	0
gene-LOC120047749	LOC120047749	39S ribosomal protein L17, mitochondrial-like	protein_coding	4	2	1	0	1	0	1	0	0
gene-LOC120047757	LOC120047757	solute carrier family 25 member 40-like	protein_coding	1	2	1	0	1	0	1	0	0
gene-LOC120047760	LOC120047760	protein DBF4 homolog A-like	protein_coding	7	2	1	0	1	0	1	0	0
gene-LOC120047777	LOC120047777	uncharacterized LOC120047777	lncRNA	0	2	1	0	0	1	1	0	0
gene-LOC120047784	LOC120047784	galectin-1-like	protein_coding	1	2	1	0	0	1	1	0	0
gene-LOC120047785	LOC120047785	ribonuclease P protein subunit p38-like	protein_coding	6	2	1	0	1	0	1	0	0
gene-LOC120047810	LOC120047810	uncharacterized LOC120047810	lncRNA	0	2	1	0	1	0	1	0	0
gene-LOC120047812	LOC120047812	AP-2 complex subunit alpha-2	protein_coding	5	2	1	0	1	0	1	0	0
gene-LOC120047823	LOC120047823	protocadherin gamma-A10-like	protein_coding	3	2	1	0	0	1	1	0	0
gene-LOC120047824	LOC120047824	protocadherin gamma-A2-like	protein_coding	3	2	1	0	0	1	1	0	0
gene-LOC120047825	LOC120047825	protocadherin beta-16-like	protein_coding	3	2	1	0	0	1	1	0	0
gene-LOC120047826	LOC120047826	protocadherin beta-16-like	protein_coding	3	2	1	0	0	1	1	0	0
gene-LOC120047827	LOC120047827	protocadherin gamma-A2-like	protein_coding	3	2	1	0	0	1	1	0	0
gene-LOC120047828	LOC120047828	protocadherin beta-16-like	protein_coding	3	2	1	0	0	1	1	0	0
gene-LOC120047829	LOC120047829	protocadherin beta-16-like	protein_coding	3	2	1	0	0	1	1	0	0
gene-LOC120047831	LOC120047831	CD81 antigen-like	protein_coding	1	2	1	0	1	0	1	0	0
gene-LOC120047838	LOC120047838	protocadherin beta-16-like	protein_coding	3	2	1	0	0	1	1	0	0
gene-LOC120047841	LOC120047841	anoctamin-5-like	protein_coding	4	2	1	0	1	0	1	0	0
gene-LOC120047849	LOC120047849	protein TSSC4-like	protein_coding	0	2	1	0	1	0	1	0	0
gene-LOC120047881	LOC120047881	matrin-3-like	protein_coding	3	2	1	0	1	0	1	0	0
gene-LOC120047882	LOC120047882	leucine-rich repeat-containing G-protein coupled receptor 4-like	protein_coding	5	2	1	0	1	0	1	0	0
gene-LOC120047883	LOC120047883	matrin-3-like	protein_coding	3	2	1	0	1	0	1	0	0
gene-LOC120047884	LOC120047884	matrin-3-like	protein_coding	3	2	1	0	1	0	1	0	0
gene-LOC120047885	LOC120047885	polyadenylate-binding protein-interacting protein 2-like	protein_coding	3	2	1	0	1	0	1	0	0
gene-LOC120047888	LOC120047888	transcription factor PU.1-like	protein_coding	5	2	1	0	1	0	1	0	0
gene-LOC120047894	LOC120047894	protocadherin beta-16-like	protein_coding	3	2	1	0	0	1	1	0	0
gene-LOC120047921	LOC120047921	E3 ubiquitin-protein transferase RMND5B-like	protein_coding	6	2	1	0	1	0	1	0	0
gene-LOC120047954	LOC120047954	ubiquitin carboxyl-terminal hydrolase CYLD-like	protein_coding	9	2	1	0	1	0	1	0	0
gene-LOC120047960	LOC120047960	putative protocadherin beta-18	protein_coding	3	2	1	0	0	1	1	0	0
gene-LOC120047970	LOC120047970	protocadherin gamma-C5-like	protein_coding	3	2	1	0	0	1	1	0	0
gene-LOC120047986	LOC120047986	uncharacterized LOC120047986	protein_coding	0	2	1	0	0	1	1	0	0
gene-LOC120047987	LOC120047987	protocadherin gamma-C5-like	protein_coding	3	2	1	0	0	1	1	0	0
gene-LOC120048016	LOC120048016	protocadherin gamma-C5-like	protein_coding	3	2	1	0	0	1	1	0	0
gene-LOC120048041	LOC120048041	protocadherin gamma-C5-like	protein_coding	3	2	1	0	0	1	1	0	0
gene-LOC120048066	LOC120048066	protocadherin gamma-C5-like	protein_coding	3	2	1	0	0	1	1	0	0
gene-LOC120048082	LOC120048082	insulin-like growth factor-binding protein 7	protein_coding	6	2	1	0	0	1	1	0	0
gene-LOC120048083	LOC120048083	zinc finger protein 232-like	protein_coding	3	2	1	0	0	1	1	0	0
gene-LOC120048084	LOC120048084	zinc finger and SCAN domain-containing protein 21-like	protein_coding	1	2	1	0	0	1	1	0	0
gene-LOC120048086	LOC120048086	catenin delta-1-like	protein_coding	7	2	1	0	0	1	1	0	0
gene-LOC120048087	LOC120048087	zinc finger protein 37-like	protein_coding	4	2	1	0	0	1	1	0	0
gene-LOC120048092	LOC120048092	xaa-Pro dipeptidase-like	protein_coding	2	2	1	0	1	0	0	0	1
gene-LOC120048099	LOC120048099	protocadherin gamma-C5-like	protein_coding	3	2	1	0	0	1	1	0	0
gene-LOC120048143	LOC120048143	tyrosine-protein kinase CSK	protein_coding	6	2	1	0	1	0	1	0	0
gene-LOC120048162	LOC120048162	vesicle-associated membrane protein 1-like	protein_coding	7	2	1	0	1	0	1	0	0
gene-LOC120048196	LOC120048196	pre-mRNA-splicing factor RBM22-like	protein_coding	6	2	1	0	0	1	1	0	0
gene-LOC120048197	LOC120048197	myozenin-2-like	protein_coding	5	2	1	0	0	1	1	0	0
gene-LOC120048215	LOC120048215	alpha-1A adrenergic receptor-like	protein_coding	6	2	1	0	0	1	1	0	0
gene-LOC120048225	LOC120048225	transmembrane protein 41B-like	protein_coding	1	2	1	0	1	0	1	0	0
gene-LOC120048238	LOC120048238	DENN domain-containing protein 2B-like	protein_coding	1	2	1	0	1	0	0	0	1
gene-LOC120048265	LOC120048265	protein dopey-1-like	protein_coding	3	2	1	0	1	0	1	0	0
gene-LOC120048267	LOC120048267	trophoblast glycoprotein-like	protein_coding	3	2	1	0	1	0	1	0	0
gene-LOC120048268	LOC120048268	inhibitor of Bruton tyrosine kinase-like	protein_coding	5	2	1	0	1	0	1	0	0
gene-LOC120048269	LOC120048269	2-oxoisovalerate dehydrogenase subunit beta, mitochondrial-like	protein_coding	4	2	1	0	1	0	1	0	0
gene-LOC120048270	LOC120048270	receptor-binding cancer antigen expressed on SiSo cells-like	protein_coding	1	2	1	0	1	0	1	0	0
gene-LOC120048342	LOC120048342	E3 ubiquitin-protein ligase arih1	protein_coding	9	2	1	0	1	0	1	0	0
gene-LOC120048343	LOC120048343	uncharacterized LOC120048343	lncRNA	0	2	1	0	1	0	1	0	0
gene-LOC120048344	LOC120048344	protein argonaute-1	protein_coding	2	2	1	0	1	0	1	0	0
gene-LOC120048346	LOC120048346	protein argonaute-3	protein_coding	4	2	1	0	1	0	1	0	0
gene-LOC120048357	LOC120048357	protein Aster-A-like	protein_coding	6	2	1	0	1	0	1	0	0
gene-LOC120048364	LOC120048364	large proline-rich protein BAG6-like	protein_coding	4	2	1	0	1	0	1	0	0
gene-LOC120048365	LOC120048365	ankyrin repeat and MYND domain-containing protein 2-like	protein_coding	1	2	1	0	1	0	1	0	0
gene-LOC120048367	LOC120048367	diacylglycerol kinase beta-like	protein_coding	7	2	1	0	1	0	1	0	0
gene-LOC120048395	LOC120048395	immunoglobulin superfamily containing leucine-rich repeat protein 2-like	protein_coding	1	2	1	0	1	0	1	0	0
gene-LOC120048399	LOC120048399	gamma-secretase subunit Aph-1b	protein_coding	8	2	1	0	1	0	1	0	0
gene-LOC120048421	LOC120048421	tropomodulin-4-like	protein_coding	6	2	1	0	1	0	1	0	0
gene-LOC120048423	LOC120048423	semaphorin-6D-like	protein_coding	9	2	1	0	1	0	1	0	0
gene-LOC120048435	LOC120048435	CD83 antigen-like	protein_coding	0	2	1	0	1	0	1	0	0
gene-LOC120048439	LOC120048439	ribosome biogenesis protein BMS1 homolog	protein_coding	8	2	1	0	1	0	1	0	0
gene-LOC120048441	LOC120048441	calpain-7-like	protein_coding	2	2	1	0	1	0	1	0	0
gene-LOC120048443	LOC120048443	tRNA N(3)-methylcytidine methyltransferase METTL6-like	protein_coding	0	2	1	0	1	0	1	0	0
gene-LOC120048445	LOC120048445	BMP-binding endothelial regulator protein-like	protein_coding	1	2	1	0	1	0	1	0	0
gene-LOC120048461	LOC120048461	rho guanine nucleotide exchange factor 2-like	protein_coding	8	2	1	0	1	0	1	0	0
gene-LOC120048501	LOC120048501	zinc finger protein 384-like	protein_coding	4	2	1	0	1	0	1	0	0
gene-LOC120048502	LOC120048502	DDB1- and CUL4-associated factor 13-like	protein_coding	4	2	1	0	1	0	1	0	0
gene-LOC120048535	LOC120048535	aldehyde dehydrogenase, mitochondrial-like	protein_coding	1	2	1	0	1	0	1	0	0
gene-LOC120048589	LOC120048589	zinc finger protein 62-like	protein_coding	3	2	1	0	1	0	1	0	0
gene-LOC120048590	LOC120048590	uncharacterized LOC120048590	protein_coding	6	2	1	0	1	0	1	0	0
gene-LOC120048593	LOC120048593	zinc finger protein 2 homolog	protein_coding	0	2	1	0	1	0	1	0	0
gene-LOC120048594	LOC120048594	lymphocyte activation gene 3 protein-like	protein_coding	7	2	1	0	1	0	1	0	0
gene-LOC120048595	LOC120048595	zinc finger protein with KRAB and SCAN domains 8-like	protein_coding	3	2	1	0	1	0	1	0	0
gene-LOC120048599	LOC120048599	zinc finger protein OZF-like	protein_coding	4	2	1	0	1	0	1	0	0
gene-LOC120048600	LOC120048600	zinc finger protein 45-like	protein_coding	3	2	1	0	1	0	1	0	0
gene-LOC120048602	LOC120048602	zinc finger protein 37 homolog	protein_coding	3	2	1	0	1	0	1	0	0
gene-LOC120048604	LOC120048604	DNA-binding death effector domain-containing protein 2-like	protein_coding	6	2	1	0	1	0	1	0	0
gene-LOC120048640	LOC120048640	CDKN2A interacting protein	protein_coding	2	2	1	0	0	1	1	0	0
gene-LOC120048664	LOC120048664	C-X-C chemokine receptor type 3-like	protein_coding	5	2	1	0	1	0	1	0	0
gene-LOC120048669	LOC120048669	carcinoembryonic antigen-related cell adhesion molecule 5-like	protein_coding	0	2	1	1	0	0	1	0	0
gene-LOC120048677	LOC120048677	ras-related protein Rab-13	protein_coding	12	2	1	0	1	0	1	0	0
gene-LOC120048678	LOC120048678	40S ribosomal protein S27-like	protein_coding	6	2	1	0	1	0	1	0	0
gene-LOC120048691	LOC120048691	epsin-1-like	protein_coding	6	2	1	0	1	0	1	0	0
gene-LOC120048704	LOC120048704	cocaine- and amphetamine-regulated transcript protein	protein_coding	7	2	1	0	0	1	1	0	0
gene-LOC120048708	LOC120048708	vesicle-associated membrane protein 1-like	protein_coding	7	2	1	0	1	0	1	0	0
gene-LOC120048710	LOC120048710	uncharacterized LOC120048710	lncRNA	0	2	1	0	1	0	1	0	0
gene-LOC120048713	LOC120048713	chromodomain-helicase-DNA-binding protein 4-like	protein_coding	11	2	1	0	1	0	1	0	0
gene-LOC120048714	LOC120048714	tyrosine-protein phosphatase non-receptor type 6-like	protein_coding	2	2	1	0	1	0	1	0	0
gene-LOC120048722	LOC120048722	myeloid leukemia factor 2-like	protein_coding	3	2	1	0	1	0	1	0	0
gene-LOC120048724	LOC120048724	retinol-binding protein 1-like	protein_coding	4	2	1	0	1	0	1	0	0
gene-LOC120048760	LOC120048760	apolipoprotein Eb-like	protein_coding	9	2	1	0	1	0	1	0	0
gene-LOC120048761	LOC120048761	apolipoprotein A-I-like	protein_coding	17	2	1	0	1	0	1	0	0
gene-LOC120048762	LOC120048762	apolipoprotein C-I-like	protein_coding	12	2	1	0	1	0	1	0	0
gene-LOC120048764	LOC120048764	B-cell lymphoma 3 protein homolog	protein_coding	1	2	1	0	1	0	1	0	0
gene-LOC120048765	LOC120048765	mitochondrial import receptor subunit TOM40 homolog	protein_coding	4	2	1	0	1	0	1	0	0
gene-LOC120048766	LOC120048766	E3 ubiquitin-protein ligase CBL-like	protein_coding	9	2	1	0	1	0	1	0	0
gene-LOC120048768	LOC120048768	trypsin-2-like	protein_coding	3	2	1	0	1	0	1	0	0
gene-LOC120048785	LOC120048785	peroxisomal carnitine O-octanoyltransferase-like	protein_coding	2	2	1	0	1	0	1	0	0
gene-LOC120048786	LOC120048786	ATP-dependent translocase ABCB1-like	protein_coding	5	2	1	0	1	0	1	0	0
gene-LOC120048788	LOC120048788	solute carrier family 25 member 40-like	protein_coding	1	2	1	0	1	0	1	0	0
gene-LOC120048791	LOC120048791	claudin-12-like	protein_coding	1	2	1	0	1	0	1	0	0
gene-LOC120048793	LOC120048793	aromatase-like	protein_coding	4	2	1	0	1	0	1	0	0
gene-LOC120048799	LOC120048799	extracellular matrix protein 1-like	protein_coding	5	2	1	0	1	0	1	0	0
gene-LOC120048800	LOC120048800	phosphatidylinositol 4-phosphate 5-kinase type-1 alpha-like	protein_coding	2	2	1	0	1	0	1	0	0
gene-LOC120048801	LOC120048801	aromatase-like	protein_coding	4	2	1	0	1	0	1	0	0
gene-LOC120048802	LOC120048802	26S proteasome non-ATPase regulatory subunit 4-like	protein_coding	5	2	1	0	1	0	1	0	0
gene-LOC120048803	LOC120048803	zinc finger protein 687a-like	protein_coding	0	2	1	0	1	0	1	0	0
gene-LOC120048805	LOC120048805	uncharacterized LOC120048805	protein_coding	4	2	1	0	1	0	1	0	0
gene-LOC120048808	LOC120048808	E3 ubiquitin-protein ligase TRIM39-like	protein_coding	1	2	1	0	1	0	1	0	0
gene-LOC120048834	LOC120048834	focal adhesion kinase 1-like	protein_coding	6	2	1	0	1	0	1	0	0
gene-LOC120048837	LOC120048837	magnesium transporter MRS2 homolog, mitochondrial-like	protein_coding	3	2	1	0	1	0	1	0	0
gene-LOC120048849	LOC120048849	uncharacterized LOC120048849	protein_coding	0	2	1	0	0	1	1	0	0
gene-LOC120048855	LOC120048855	tyrosine-protein phosphatase non-receptor type 3-like	protein_coding	6	2	1	0	1	0	1	0	0
gene-LOC120048858	LOC120048858	fibrinogen silencer-binding protein-like	protein_coding	0	2	1	0	1	0	1	0	0
gene-LOC120048859	LOC120048859	protein virilizer homolog	protein_coding	3	2	1	0	1	0	1	0	0
gene-LOC120048860	LOC120048860	DNA-directed RNA polymerase III subunit RPC3-like	protein_coding	3	2	1	0	1	0	1	0	0
gene-LOC120048865	LOC120048865	Bardet-Biedl syndrome 4 protein-like	protein_coding	4	2	1	0	0	1	1	0	0
gene-LOC120048877	LOC120048877	syndecan-2-like	protein_coding	3	2	1	0	1	0	1	0	0
gene-LOC120048887	LOC120048887	uncharacterized LOC120048887	lncRNA	0	2	1	0	0	1	1	0	0
gene-LOC120048908	LOC120048908	5S ribosomal RNA	rRNA	0	2	1	0	0	1	1	0	0
gene-LOC120048909	LOC120048909	U1 spliceosomal RNA	snRNA	0	2	1	0	0	1	1	0	0
gene-LOC120048919	LOC120048919	5S ribosomal RNA	rRNA	0	2	1	0	0	1	1	0	0
gene-LOC120048921	LOC120048921	small nucleolar RNA SNORA13	snoRNA	0	2	1	0	1	0	1	0	0
gene-LOC120048923	LOC120048923	small nucleolar RNA SNORA13	snoRNA	0	2	1	0	1	0	1	0	0
gene-LOC120048932	LOC120048932	5S ribosomal RNA	rRNA	0	2	1	0	0	1	1	0	0
gene-LOC120049003	LOC120049003	natural killer cell receptor 2B4-like	protein_coding	0	2	1	0	1	0	1	0	0
gene-LOC120049005	LOC120049005	natural killer cell receptor 2B4-like	protein_coding	0	2	1	0	0	1	1	0	0
gene-LOC120049009	LOC120049009	sialoadhesin-like	protein_coding	2	2	1	0	1	0	1	0	0
gene-LOC120049016	LOC120049016	general transcription factor II-I repeat domain-containing protein 2-like	protein_coding	1	2	1	0	0	1	1	0	0
gene-LOC120049017	LOC120049017	carcinoembryonic antigen-related cell adhesion molecule 5-like	protein_coding	2	2	1	0	1	0	1	0	0
gene-LOC120049018	LOC120049018	leukotriene B4 receptor 1-like	protein_coding	4	2	1	0	0	1	1	0	0
gene-LOC120049019	LOC120049019	serine/threonine-protein kinase D3-like	protein_coding	4	2	1	0	0	1	1	0	0
gene-LOC120049071	LOC120049071	arg8-vasotocin receptor-like	protein_coding	6	2	1	0	1	0	1	0	0
gene-LOC120049072	LOC120049072	laminin subunit beta-1-like	protein_coding	6	2	1	0	1	0	1	0	0
gene-LOC120049076	LOC120049076	solute carrier family 13 member 4-like	protein_coding	3	2	1	0	1	0	1	0	0
gene-LOC120049093	LOC120049093	chemokine-like protein TAFA-2	protein_coding	2	2	1	0	1	0	1	0	0
gene-LOC120049094	LOC120049094	fibroblast growth factor 23-like	protein_coding	11	2	1	0	1	0	1	0	0
gene-LOC120049095	LOC120049095	fibroblast growth factor 4B-like	protein_coding	11	2	1	0	1	0	1	0	0
gene-LOC120049096	LOC120049096	dual specificity tyrosine-phosphorylation-regulated kinase 4-like	protein_coding	6	2	1	0	1	0	1	0	0
gene-LOC120049098	LOC120049098	probable polypeptide N-acetylgalactosaminyltransferase 8	protein_coding	1	2	1	0	1	0	1	0	0
gene-LOC120049099	LOC120049099	probable polypeptide N-acetylgalactosaminyltransferase 8	protein_coding	1	2	1	0	1	0	1	0	0
gene-LOC120049100	LOC120049100	probable polypeptide N-acetylgalactosaminyltransferase 8	protein_coding	1	2	1	0	1	0	1	0	0
gene-LOC120049102	LOC120049102	probable polypeptide N-acetylgalactosaminyltransferase 8	protein_coding	1	2	1	0	1	0	1	0	0
gene-LOC120049112	LOC120049112	transmembrane and coiled-coil domain protein 3-like	protein_coding	1	2	1	0	1	0	1	0	0
gene-LOC120049113	LOC120049113		C_region	0	2	1	0	1	0	1	0	0
gene-LOC120049115	LOC120049115	putative ferric-chelate reductase 1	protein_coding	1	2	1	0	1	0	1	0	0
gene-LOC120049116	LOC120049116	troponin T, cardiac muscle isoforms-like	protein_coding	7	2	1	0	1	0	1	0	0
gene-LOC120049117	LOC120049117	protein lin-7 homolog A-like	protein_coding	8	2	1	0	1	0	1	0	0
gene-LOC120049132	LOC120049132		C_region	0	2	1	0	1	0	0	0	1
gene-LOC120049142	LOC120049142	unique cartilage matrix-associated protein-like	protein_coding	4	2	1	0	1	0	1	0	0
gene-LOC120049166	LOC120049166	ras and EF-hand domain-containing protein homolog	protein_coding	3	2	1	0	1	0	1	0	0
gene-LOC120049172	LOC120049172	oxysterol-binding protein-related protein 8-like	protein_coding	5	2	1	0	1	0	1	0	0
gene-LOC120049182	LOC120049182	50 kDa spicule matrix protein-like	protein_coding	0	2	1	0	1	0	1	0	0
gene-LOC120049192	LOC120049192	zeta-sarcoglycan-like	protein_coding	4	2	1	0	0	1	1	0	0
gene-LOC120049205	LOC120049205	somatostatin receptor type 1-like	protein_coding	6	2	1	0	1	0	1	0	0
gene-LOC120049206	LOC120049206	protein lava lamp-like	protein_coding	1	2	1	0	1	0	1	0	0
gene-LOC120049249	LOC120049249	coatomer subunit beta-like	protein_coding	6	2	1	0	0	1	1	0	0
gene-LOC120049269	LOC120049269	SLAM family member 8-like	protein_coding	0	2	1	0	0	1	1	0	0
gene-LOC120049272	LOC120049272	zinc finger protein 135-like	protein_coding	3	2	1	0	0	1	1	0	0
gene-LOC120049274	LOC120049274	leukotriene B4 receptor 1-like	protein_coding	3	2	1	0	0	1	1	0	0
gene-LOC120049278	LOC120049278	ras-related protein R-Ras2	protein_coding	5	2	1	0	0	1	1	0	0
gene-LOC120049292	LOC120049292	uncharacterized LOC120049292	protein_coding	9	2	1	0	1	0	1	0	0
gene-LOC120049316	LOC120049316	cytoplasmic polyadenylation element-binding protein 1-like	protein_coding	10	2	1	0	1	0	1	0	0
gene-LOC120049318	LOC120049318	ATP-binding cassette sub-family D member 2-like	protein_coding	9	2	1	0	1	0	1	0	0
gene-LOC120049326	LOC120049326	synapsin-3-like	protein_coding	4	2	1	0	1	0	1	0	0
gene-LOC120049327	LOC120049327	metalloproteinase inhibitor 3-like	protein_coding	7	2	1	0	1	0	1	0	0
gene-LOC120049334	LOC120049334	RNA-binding protein with multiple splicing 2-like	protein_coding	3	2	1	0	1	0	1	0	0
gene-LOC120049351	LOC120049351	nuclear transcription factor Y subunit beta-like	protein_coding	6	2	1	0	1	0	1	0	0
gene-LOC120049357	LOC120049357	monocarboxylate transporter 2-like	protein_coding	4	2	1	0	1	0	1	0	0
gene-LOC120049358	LOC120049358	ubl carboxyl-terminal hydrolase 18-like	protein_coding	5	2	1	0	1	0	1	0	0
gene-LOC120049359	LOC120049359	fructose-2,6-bisphosphatase TIGAR B-like	protein_coding	8	2	1	0	1	0	1	0	0
gene-LOC120049360	LOC120049360	fibroblast growth factor 23-like	protein_coding	11	2	1	0	1	0	1	0	0
gene-LOC120049363	LOC120049363	V-type proton ATPase subunit E 1-like	protein_coding	3	2	1	0	1	0	1	0	0
gene-LOC120049373	LOC120049373	synaptotagmin-1-like	protein_coding	13	2	1	0	1	0	1	0	0
gene-LOC120049375	LOC120049375	synaptotagmin-10-like	protein_coding	10	2	1	0	1	0	1	0	0
gene-LOC120049376	LOC120049376	myogenic factor 6-like	protein_coding	6	2	1	0	1	0	1	0	0
gene-LOC120049377	LOC120049377	myogenic factor 5-like	protein_coding	6	2	1	0	1	0	1	0	0
gene-LOC120049409	LOC120049409	endoplasmic reticulum-Golgi intermediate compartment protein 2-like	protein_coding	5	2	1	0	1	0	1	0	0
gene-LOC120049415	LOC120049415	uncharacterized LOC120049415	lncRNA	0	2	1	0	0	1	1	0	0
gene-LOC120049420	LOC120049420	fish-egg lectin-like	protein_coding	0	2	1	0	0	1	1	0	0
gene-LOC120049425	LOC120049425	pleckstrin homology-like domain family A member 1	protein_coding	2	2	1	0	1	0	1	0	0
gene-LOC120049433	LOC120049433	uncharacterized LOC120049433	lncRNA	0	2	1	0	1	0	1	0	0
gene-LOC120049493	LOC120049493	pescadillo homolog	protein_coding	5	2	1	0	0	1	1	0	0
gene-LOC120049497	LOC120049497	prostaglandin D2 receptor 2-like	protein_coding	7	2	1	0	0	1	1	0	0
gene-LOC120049548	LOC120049548	glucosidase 2 subunit beta-like	protein_coding	5	2	1	1	0	0	1	0	0
gene-LOC120049627	LOC120049627	protein mono-ADP-ribosyltransferase PARP14-like	protein_coding	6	2	1	0	1	0	1	0	0
gene-LOC120049662	LOC120049662	fragile X mental retardation syndrome-related protein 1-like	protein_coding	28	2	1	0	0	1	1	0	0
gene-LOC120049663	LOC120049663	RNA-binding protein 4B-like	protein_coding	3	2	1	0	0	1	1	0	0
gene-LOC120049665	LOC120049665	TRAF-interacting protein with FHA domain-containing protein A-like	protein_coding	2	2	1	0	0	1	1	0	0
gene-LOC120049754	LOC120049754	uncharacterized LOC120049754	lncRNA	0	2	1	0	0	1	1	0	0
gene-LOC120049755	LOC120049755	uncharacterized LOC120049755	lncRNA	0	2	1	0	1	0	1	0	0
gene-LOC120049756	LOC120049756	uncharacterized LOC120049756	lncRNA	0	2	1	0	0	1	1	0	0
gene-LOC120049757	LOC120049757	uncharacterized LOC120049757	lncRNA	0	2	1	0	0	1	1	0	0
gene-LOC120049758	LOC120049758	complement C1q-like protein 2	protein_coding	1	2	1	0	0	1	1	0	0
gene-LOC120049759	LOC120049759	leukotriene B4 receptor 1-like	protein_coding	7	2	1	0	0	1	1	0	0
gene-LOC120049761	LOC120049761	leukotriene B4 receptor 1-like	protein_coding	7	2	1	0	1	0	1	0	0
gene-LOC120049762	LOC120049762	leukotriene B4 receptor 1-like	protein_coding	7	2	1	0	1	0	1	0	0
gene-LOC120049763	LOC120049763	leukotriene B4 receptor 1-like	protein_coding	7	2	1	0	1	0	1	0	0
gene-LOC120049764	LOC120049764	leukotriene B4 receptor 1-like	protein_coding	7	2	1	0	1	0	1	0	0
gene-LOC120049765	LOC120049765	leukotriene B4 receptor 1-like	protein_coding	4	2	1	0	1	0	1	0	0
gene-LOC120049767	LOC120049767	kinesin light chain 2-like	protein_coding	5	2	1	0	0	1	1	0	0
gene-LOC120049773	LOC120049773	zinc finger protein 219-like	protein_coding	4	2	1	0	1	0	1	0	0
gene-LOC120049796	LOC120049796	probable N-acetyltransferase 16	protein_coding	1	2	1	0	1	0	1	0	0
gene-LOC120049800	LOC120049800	chromatin complexes subunit BAP18-like	protein_coding	2	2	1	0	0	1	1	0	0
gene-LOC120049846	LOC120049846	kinesin-like protein KIF21A	protein_coding	5	2	1	0	1	0	1	0	0
gene-LOC120049915	LOC120049915	podocalyxin-like	protein_coding	6	2	1	0	1	0	1	0	0
gene-LOC120049916	LOC120049916	muskelin	protein_coding	2	2	1	0	1	0	1	0	0
gene-LOC120049917	LOC120049917	neuroepithelial cell-transforming gene 1 protein-like	protein_coding	3	2	1	0	1	0	1	0	0
gene-LOC120049930	LOC120049930	mitogen-activated protein kinase 12-like	protein_coding	6	2	1	0	1	0	1	0	0
gene-LOC120049932	LOC120049932	RNA polymerase II-associated protein 3-like	protein_coding	1	2	1	0	1	0	1	0	0
gene-LOC120049933	LOC120049933	mitochondrial inner membrane protease ATP23 homolog	protein_coding	4	2	1	0	1	0	1	0	0
gene-LOC120049934	LOC120049934	leucine-rich repeats and immunoglobulin-like domains protein 3	protein_coding	1	2	1	0	1	0	1	0	0
gene-LOC120049935	LOC120049935	transcription factor ETV6-like	protein_coding	5	2	1	0	1	0	1	0	0
gene-LOC120049936	LOC120049936	protein mono-ADP-ribosyltransferase PARP12-like	protein_coding	2	2	1	0	1	0	1	0	0
gene-LOC120049937	LOC120049937	G1/S-specific cyclin-D2-like	protein_coding	7	2	1	0	1	0	1	0	0
gene-LOC120049938	LOC120049938	general transcription factor II-I repeat domain-containing protein 2B-like	protein_coding	0	2	1	0	0	1	1	0	0
gene-LOC120049956	LOC120049956	protein mono-ADP-ribosyltransferase PARP12-like	protein_coding	2	2	1	0	1	0	1	0	0
gene-LOC120049957	LOC120049957	mucin-2-like	protein_coding	2	2	1	0	1	0	1	0	0
gene-LOC120049959	LOC120049959	zinc finger and SCAN domain-containing protein 10-like	protein_coding	4	2	1	0	1	0	1	0	0
gene-LOC120049961	LOC120049961	zinc finger protein 17-like	protein_coding	1	2	1	0	1	0	1	0	0
gene-LOC120049962	LOC120049962	protein phosphatase 1 regulatory subunit 12A-like	protein_coding	7	2	1	0	1	0	1	0	0
gene-LOC120049963	LOC120049963	PRKC apoptosis WT1 regulator protein-like	protein_coding	3	2	1	0	1	0	1	0	0
gene-LOC120049964	LOC120049964	liprin-beta-1-like	protein_coding	3	2	1	0	1	0	1	0	0
gene-LOC120049966	LOC120049966	NADH-cytochrome b5 reductase 3-like	protein_coding	3	2	1	0	1	0	1	0	0
gene-LOC120049967	LOC120049967	40S ribosomal protein S16-like	protein_coding	6	2	1	0	1	0	1	0	0
gene-LOC120049991	LOC120049991	plakophilin-2-like	protein_coding	17	2	1	0	1	0	1	0	0
gene-LOC120049995	LOC120049995	periodic tryptophan protein 1 homolog	protein_coding	3	2	1	0	1	0	1	0	0
gene-LOC120050008	LOC120050008	angiopoietin-related protein 5-like	protein_coding	5	2	1	0	1	0	0	0	1
gene-LOC120050017	LOC120050017	UHRF1-binding protein 1-like	protein_coding	0	2	1	0	1	0	1	0	0
gene-LOC120050024	LOC120050024	terminal uridylyltransferase 7-like	protein_coding	1	2	1	0	1	0	1	0	0
gene-LOC120050036	LOC120050036	uncharacterized LOC120050036	protein_coding	4	2	1	0	1	0	1	0	0
gene-LOC120050044	LOC120050044	condensin-2 complex subunit H2-like	protein_coding	5	2	1	0	1	0	1	0	0
gene-LOC120050045	LOC120050045	protein SCO2 homolog, mitochondrial-like	protein_coding	1	2	1	0	1	0	1	0	0
gene-LOC120050047	LOC120050047	suppressor of cytokine signaling 2-like	protein_coding	4	2	1	0	1	0	1	0	0
gene-LOC120050048	LOC120050048	death domain-containing protein CRADD-like	protein_coding	4	2	1	0	1	0	1	0	0
gene-LOC120050049	LOC120050049	plexin-C1-like	protein_coding	9	2	1	0	1	0	1	0	0
gene-LOC120050052	LOC120050052	host cell factor 2-like	protein_coding	5	2	1	0	1	0	1	0	0
gene-LOC120050053	LOC120050053	cyclin-dependent kinase 17	protein_coding	6	2	1	0	1	0	1	0	0
gene-LOC120050054	LOC120050054	ETS domain-containing protein Elk-3-like	protein_coding	5	2	1	0	1	0	1	0	0
gene-LOC120050074	LOC120050074	leucine-rich repeat-containing protein 4-like	protein_coding	8	2	1	0	1	0	1	0	0
gene-LOC120050080	LOC120050080	lysine-specific demethylase 7B-like	protein_coding	4	2	1	0	1	0	1	0	0
gene-LOC120050081	LOC120050081	NADH dehydrogenase [ubiquinone] 1 beta subcomplex subunit 2, mitochondrial-like	protein_coding	2	2	1	0	1	0	1	0	0
gene-LOC120050082	LOC120050082	uncharacterized LOC120050082	protein_coding	4	2	1	0	1	0	1	0	0
gene-LOC120050089	LOC120050089	decorin-like	protein_coding	2	2	1	0	1	0	1	0	0
gene-LOC120050096	LOC120050096	hepatocyte growth factor-like	protein_coding	3	2	1	0	1	0	1	0	0
gene-LOC120050097	LOC120050097	leucine-rich repeat-containing protein 4-like	protein_coding	8	2	1	0	1	0	1	0	0
gene-LOC120050120	LOC120050120	chymotrypsin B-like	protein_coding	2	2	1	0	1	0	1	0	0
gene-LOC120050124	LOC120050124	methyltransferase-like protein 25	protein_coding	0	2	1	0	1	0	1	0	0
gene-LOC120050128	LOC120050128	uncharacterized LOC120050128	lncRNA	0	2	1	0	1	0	1	0	0
gene-LOC120050149	LOC120050149	uncharacterized LOC120050149	protein_coding	0	2	1	0	0	1	1	0	0
gene-LOC120050159	LOC120050159	60S ribosomal protein L18a	protein_coding	4	2	1	0	1	0	1	0	0
gene-LOC120050168	LOC120050168	small nucleolar RNA SNORA57	snoRNA	0	2	1	0	1	0	1	0	0
gene-LOC120050170	LOC120050170	small nucleolar RNA SNORA68	snoRNA	0	2	1	0	1	0	1	0	0
gene-LOC120050276	LOC120050276	pollen-specific leucine-rich repeat extensin-like protein 3	protein_coding	0	2	1	0	0	1	1	0	0
gene-LOC120050298	LOC120050298	extensin-like	protein_coding	0	2	1	0	1	0	1	0	0
gene-LOC120050321	LOC120050321	pyruvate dehydrogenase E1 component subunit alpha, mitochondrial-like	protein_coding	3	2	1	0	0	1	1	0	0
gene-LOC120050322	LOC120050322	diamine acetyltransferase 1-like	protein_coding	1	2	1	0	1	0	1	0	0
gene-LOC120050349	LOC120050349	tripartite motif-containing protein 16-like	protein_coding	2	2	1	0	1	0	1	0	0
gene-LOC120050350	LOC120050350	E3 ubiquitin/ISG15 ligase TRIM25-like	protein_coding	2	2	1	0	1	0	1	0	0
gene-LOC120050364	LOC120050364	proteasome activator complex subunit 1-like	protein_coding	7	2	1	0	0	1	1	0	0
gene-LOC120050368	LOC120050368	pistil-specific extensin-like protein	protein_coding	0	2	1	0	0	1	1	0	0
gene-LOC120050431	LOC120050431	hyaluronan and proteoglycan link protein 1-like	protein_coding	2	2	1	0	0	1	0	0	1
gene-LOC120050449	LOC120050449	homeobox protein PKNOX1-like	protein_coding	4	2	1	0	1	0	1	0	0
gene-LOC120050486	LOC120050486	E3 ubiquitin-protein ligase Midline-1-like	protein_coding	2	2	1	0	1	0	1	0	0
gene-LOC120050509	LOC120050509	uncharacterized LOC120050509	protein_coding	3	2	1	0	1	0	1	0	0
gene-LOC120050510	LOC120050510	E3 ubiquitin-protein ligase TRIM63-like	protein_coding	1	2	1	0	1	0	1	0	0
gene-LOC120050518	LOC120050518	probable phospholipid-transporting ATPase IH	protein_coding	9	2	1	0	1	0	1	0	0
gene-LOC120050519	LOC120050519	integral membrane protein GPR180-like	protein_coding	2	2	1	0	1	0	1	0	0
gene-LOC120050536	LOC120050536	mitochondrial pyruvate carrier 2-like	protein_coding	2	2	1	0	1	0	1	0	0
gene-LOC120050538	LOC120050538	pyridoxal phosphate phosphatase PHOSPHO2-like	protein_coding	1	2	1	0	1	0	1	0	0
gene-LOC120050541	LOC120050541	UPF0524 protein C3orf70 homolog A-like	protein_coding	0	2	1	0	1	0	1	0	0
gene-LOC120050542	LOC120050542	UPF0524 protein C3orf70 homolog A-like	protein_coding	0	2	1	0	1	0	1	0	0
gene-LOC120050552	LOC120050552	gamma-crystallin S-1-like	protein_coding	3	2	1	0	1	0	1	0	0
gene-LOC120050554	LOC120050554	gamma-crystallin M3-like	protein_coding	3	2	1	0	1	0	1	0	0
gene-LOC120050558	LOC120050558	gamma-crystallin M2-like	protein_coding	3	2	1	0	1	0	1	0	0
gene-LOC120050576	LOC120050576	uncharacterized LOC120050576	protein_coding	1	2	1	0	0	1	1	0	0
gene-LOC120050578	LOC120050578	phospholipid scramblase 1-like	protein_coding	3	2	1	0	1	0	1	0	0
gene-LOC120050580	LOC120050580	alpha-crystallin A chain-like	protein_coding	5	2	1	0	1	0	1	0	0
gene-LOC120050582	LOC120050582	pleckstrin homology-like domain family A member 1	protein_coding	3	2	1	0	1	0	1	0	0
gene-LOC120050602	LOC120050602	small G protein signaling modulator 1-like	protein_coding	2	2	1	0	0	1	1	0	0
gene-LOC120050622	LOC120050622	E3 ubiquitin/ISG15 ligase TRIM25-like	protein_coding	1	2	1	0	1	0	1	0	0
gene-LOC120050644	LOC120050644	vascular cell adhesion protein 1-like	protein_coding	0	2	1	0	0	1	1	0	0
gene-LOC120050647	LOC120050647	solute carrier family 22 member 17-like	protein_coding	3	2	1	0	0	1	1	0	0
gene-LOC120050711	LOC120050711	neural cell adhesion molecule 2-like	protein_coding	4	2	1	0	1	0	1	0	0
gene-LOC120050733	LOC120050733	zinc finger protein GLI2-like	protein_coding	5	2	1	0	1	0	1	0	0
gene-LOC120050756	LOC120050756	cysteine/serine-rich nuclear protein 3-like	protein_coding	4	2	1	0	1	0	1	0	0
gene-LOC120050776	LOC120050776	uncharacterized LOC120050776	protein_coding	0	2	1	0	0	1	1	0	0
gene-LOC120050789	LOC120050789		C_region	0	2	1	0	0	1	1	0	0
gene-LOC120050795	LOC120050795		C_region	0	2	1	0	0	1	1	0	0
gene-LOC120050796	LOC120050796		V_segment	0	2	1	0	0	1	1	0	0
gene-LOC120050798	LOC120050798		C_region	0	2	1	0	0	1	1	0	0
gene-LOC120050799	LOC120050799		V_segment	0	2	1	0	0	1	1	0	0
gene-LOC120050815	LOC120050815	melanophilin-like	protein_coding	5	2	1	0	1	0	1	0	0
gene-LOC120050817	LOC120050817	dynein regulatory complex protein 11-like	protein_coding	3	2	1	0	1	0	1	0	0
gene-LOC120050823	LOC120050823	guanine nucleotide exchange factor DBS-like	protein_coding	6	2	1	0	1	0	1	0	0
gene-LOC120050824	LOC120050824	guanylate cyclase soluble subunit beta-2-like	protein_coding	6	2	1	0	1	0	1	0	0
gene-LOC120050825	LOC120050825	sodium/myo-inositol cotransporter-like	protein_coding	5	2	1	0	1	0	1	0	0
gene-LOC120050834	LOC120050834	protein FAM171B-like	protein_coding	0	2	1	0	1	0	1	0	0
gene-LOC120050856	LOC120050856	filamin A-interacting protein 1-like	protein_coding	0	2	1	0	1	0	1	0	0
gene-LOC120050857	LOC120050857	gamma-crystallin S-1-like	protein_coding	3	2	1	0	1	0	1	0	0
gene-LOC120050858	LOC120050858	gamma-crystallin M3-like	protein_coding	3	2	1	0	1	0	1	0	0
gene-LOC120050859	LOC120050859	gamma-crystallin M3-like	protein_coding	3	2	1	0	1	0	1	0	0
gene-LOC120050872	LOC120050872	heat shock factor 2-binding protein-like	protein_coding	1	2	1	0	1	0	1	0	0
gene-LOC120050877	LOC120050877	serine/threonine-protein kinase SIK2-like	protein_coding	7	2	1	0	1	0	1	0	0
gene-LOC120050880	LOC120050880	dystrophin-like	protein_coding	3	2	1	0	1	0	1	0	0
gene-LOC120050881	LOC120050881	gastrula zinc finger protein XlCGF17.1-like	protein_coding	3	2	1	0	1	0	1	0	0
gene-LOC120050889	LOC120050889	gastrula zinc finger protein XlCGF17.1-like	protein_coding	0	2	1	0	0	1	1	0	0
gene-LOC120050901	LOC120050901	cysteine/serine-rich nuclear protein 1-like	protein_coding	4	2	1	0	1	0	1	0	0
gene-LOC120051048	LOC120051048	importin-4-like	protein_coding	6	2	1	0	0	1	1	0	0
gene-LOC120051049	LOC120051049	transmembrane 9 superfamily member 1-like	protein_coding	2	2	1	0	0	1	1	0	0
gene-LOC120051050	LOC120051050	phosphoenolpyruvate carboxykinase, cytosolic [GTP]-like	protein_coding	13	2	1	0	0	1	1	0	0
gene-LOC120051051	LOC120051051	uncharacterized LOC120051051	lncRNA	0	2	1	0	0	1	1	0	0
gene-LOC120051055	LOC120051055	polyadenylate-binding protein 2-B-like	protein_coding	1	2	1	0	0	1	1	0	0
gene-LOC120051059	LOC120051059	myosin-7-like	protein_coding	4	2	1	0	0	1	1	0	0
gene-LOC120051111	LOC120051111	tripartite motif-containing protein 29-like	protein_coding	3	2	1	0	0	1	1	0	0
gene-LOC120051113	LOC120051113	ADP-ribosyl cyclase/cyclic ADP-ribose hydrolase 1	protein_coding	4	2	1	0	0	1	1	0	0
gene-LOC120051114	LOC120051114	cingulin-like protein 1	protein_coding	4	2	1	0	0	1	1	0	0
gene-LOC120051214	LOC120051214	trifunctional purine biosynthetic protein adenosine-3-like	protein_coding	8	2	1	0	1	0	1	0	0
gene-LOC120051244	LOC120051244	zinc finger E-box-binding homeobox 2-like	protein_coding	4	2	1	0	1	0	1	0	0
gene-LOC120051245	LOC120051245	kynureninase-like	protein_coding	6	2	1	0	1	0	1	0	0
gene-LOC120051248	LOC120051248	uncharacterized LOC120051248	lncRNA	0	2	1	0	1	0	1	0	0
gene-LOC120051306	LOC120051306	rho GTPase-activating protein 6-like	protein_coding	1	2	1	0	1	0	1	0	0
gene-LOC120051307	LOC120051307	male-specific lethal 3 homolog	protein_coding	8	2	1	0	1	0	1	0	0
gene-LOC120051331	LOC120051331	autophagy-related protein 9A-like	protein_coding	5	2	1	0	1	0	1	0	0
gene-LOC120051382	LOC120051382	filamin A-interacting protein 1-like	protein_coding	0	2	1	0	1	0	1	0	0
gene-LOC120051397	LOC120051397	gamma-tubulin complex component 3 homolog	protein_coding	11	2	1	0	1	0	1	0	0
gene-LOC120051398	LOC120051398	cytidine and dCMP deaminase domain-containing protein 1-like	protein_coding	5	2	1	0	1	0	1	0	0
gene-LOC120051399	LOC120051399	calcium-binding protein 39-like	protein_coding	2	2	1	0	1	0	1	0	0
gene-LOC120051402	LOC120051402	emopamil-binding protein-like	protein_coding	4	2	1	0	1	0	1	0	0
gene-LOC120051404	LOC120051404	importin subunit alpha-4-like	protein_coding	7	2	1	0	1	0	1	0	0
gene-LOC120051405	LOC120051405	putative potassium channel regulatory protein	protein_coding	4	2	1	0	1	0	1	0	0
gene-LOC120051406	LOC120051406	probable ubiquitin carboxyl-terminal hydrolase FAF-X	protein_coding	6	2	1	0	1	0	1	0	0
gene-LOC120051407	LOC120051407	ATP-dependent RNA helicase DDX3X-like	protein_coding	7	2	1	0	1	0	1	0	0
gene-LOC120051409	LOC120051409	dTDP-D-glucose 4,6-dehydratase-like	protein_coding	2	2	1	0	1	0	1	0	0
gene-LOC120051411	LOC120051411	uncharacterized LOC120051411	protein_coding	0	2	1	0	1	0	1	0	0
gene-LOC120051418	LOC120051418	uncharacterized LOC120051418	protein_coding	0	2	1	0	1	0	1	0	0
gene-LOC120051446	LOC120051446	collagen alpha-1(XVIII) chain-like	protein_coding	0	2	1	0	1	0	1	0	0
gene-LOC120051448	LOC120051448	serine/threonine-protein kinase 11-interacting protein-like	protein_coding	3	2	1	0	1	0	1	0	0
gene-LOC120051451	LOC120051451	tensin-like	protein_coding	2	2	1	0	1	0	1	0	0
gene-LOC120051453	LOC120051453	transmembrane protein 39A-like	protein_coding	3	2	1	0	1	0	1	0	0
gene-LOC120051461	LOC120051461	SOSS complex subunit B2-like	protein_coding	5	2	1	0	1	0	1	0	0
gene-LOC120051463	LOC120051463	regucalcin-like	protein_coding	4	2	1	0	1	0	1	0	0
gene-LOC120051466	LOC120051466	caveolae-associated protein 2-like	protein_coding	3	2	1	0	1	0	1	0	0
gene-LOC120051473	LOC120051473	synapse-associated protein 1-like	protein_coding	2	2	1	0	1	0	1	0	0
gene-LOC120051495	LOC120051495	uncharacterized LOC120051495	lncRNA	0	2	1	0	1	0	1	0	0
gene-LOC120051497	LOC120051497	uncharacterized LOC120051497	lncRNA	0	2	1	0	1	0	1	0	0
gene-LOC120051499	LOC120051499	filamin A-interacting protein 1-like	protein_coding	0	2	1	0	1	0	1	0	0
gene-LOC120051520	LOC120051520	R3H domain-containing protein 1-like	protein_coding	1	2	1	0	0	1	1	0	0
gene-LOC120051525	LOC120051525	methyl-CpG-binding domain protein 5-like	protein_coding	4	2	1	0	1	0	0	0	1
gene-LOC120051527	LOC120051527	cystathionine beta-synthase-like	protein_coding	5	2	1	0	1	0	1	0	0
gene-LOC120051529	LOC120051529	OX-2 membrane glycoprotein-like	protein_coding	1	2	1	0	1	0	1	0	0
gene-LOC120051539	LOC120051539	splicing factor U2AF 35 kDa subunit-like	protein_coding	5	2	1	0	1	0	1	0	0
gene-LOC120051547	LOC120051547	uncharacterized LOC120051547	lncRNA	0	2	1	0	1	0	1	0	0
gene-LOC120051549	LOC120051549	LIM and senescent cell antigen-like-containing domain protein 1	protein_coding	7	2	1	0	1	0	1	0	0
gene-LOC120051592	LOC120051592	small nucleolar SNORD12/SNORD106	snoRNA	0	2	1	0	1	0	1	0	0
gene-LOC120051595	LOC120051595	small nucleolar SNORD12/SNORD106	snoRNA	0	2	1	0	1	0	1	0	0
gene-LOC120051619	LOC120051619	NACHT, LRR and PYD domains-containing protein 3-like	protein_coding	1	2	1	0	1	0	1	0	0
gene-LOC120051623	LOC120051623	protein NLRC3-like	protein_coding	0	2	1	0	0	1	1	0	0
gene-LOC120051625	LOC120051625	NACHT, LRR and PYD domains-containing protein 1 homolog	protein_coding	2	2	1	0	0	1	1	0	0
gene-LOC120051627	LOC120051627	NACHT, LRR and PYD domains-containing protein 3-like	protein_coding	1	2	1	0	1	0	1	0	0
gene-LOC120051632	LOC120051632	NACHT, LRR and PYD domains-containing protein 1 homolog	protein_coding	2	2	1	0	0	1	1	0	0
gene-LOC120051648	LOC120051648	stromal interaction molecule 2-like	protein_coding	8	2	1	0	1	0	1	0	0
gene-LOC120051656	LOC120051656	mucin-2-like	protein_coding	3	2	1	0	1	0	1	0	0
gene-LOC120051715	LOC120051715	uncharacterized LOC120051715	lncRNA	0	2	1	0	1	0	1	0	0
gene-LOC120051718	LOC120051718	uncharacterized LOC120051718	lncRNA	0	2	1	0	0	1	1	0	0
gene-LOC120051719	LOC120051719	heparan-alpha-glucosaminide N-acetyltransferase-like	protein_coding	0	2	1	0	1	0	1	0	0
gene-LOC120051730	LOC120051730	uncharacterized LOC120051730	lncRNA	0	2	1	0	1	0	1	0	0
gene-LOC120051748	LOC120051748	uncharacterized protein K02A2.6-like	protein_coding	2	2	1	0	0	1	1	0	0
gene-LOC120051752	LOC120051752	acyl-coenzyme A thioesterase 1-like	protein_coding	3	2	1	0	0	1	1	0	0
gene-LOC120051753	LOC120051753	gamma-crystallin M2-like	protein_coding	3	2	1	0	0	1	1	0	0
gene-LOC120051821	LOC120051821	lipoxygenase homology domain-containing protein 1-like	protein_coding	1	2	1	0	0	1	1	0	0
gene-LOC120051857	LOC120051857	uncharacterized LOC120051857	lncRNA	0	2	1	0	1	0	1	0	0
gene-LOC120051882	LOC120051882	guanine nucleotide-binding protein G(I)/G(S)/G(O) subunit gamma-12-like	protein_coding	3	2	1	0	0	1	1	0	0
gene-LOC120051883	LOC120051883	growth arrest and DNA damage-inducible protein GADD45 alpha-like	protein_coding	3	2	1	0	0	1	1	0	0
gene-LOC120051919	LOC120051919	DET1- and DDB1-associated protein 1-like	protein_coding	2	2	1	0	0	1	1	0	0
gene-LOC120051977	LOC120051977	E3 ubiquitin-protein ligase TRIM39-like	protein_coding	2	2	1	0	1	0	1	0	0
gene-LOC120051978	LOC120051978	pleiotropic regulator 1	protein_coding	5	2	1	0	1	0	1	0	0
gene-LOC120051989	LOC120051989	DNA repair protein complementing XP-A cells homolog	protein_coding	6	2	1	0	1	0	1	0	0
gene-LOC120052015	LOC120052015	uncharacterized LOC120052015	lncRNA	0	2	1	0	0	1	1	0	0
gene-LOC120052016	LOC120052016	uncharacterized LOC120052016	lncRNA	0	2	1	0	0	1	1	0	0
gene-LOC120052097	LOC120052097	epoxide hydrolase 4-like	protein_coding	1	2	1	0	0	1	1	0	0
gene-LOC120052129	LOC120052129	protein ABHD8-like	protein_coding	1	2	1	0	0	1	1	0	0
gene-LOC120052137	LOC120052137	rho guanine nucleotide exchange factor 18-like	protein_coding	3	2	1	0	0	1	1	0	0
gene-LOC120052139	LOC120052139	vitellogenin-like	protein_coding	2	2	1	0	1	0	1	0	0
gene-LOC120052140	LOC120052140	vitellogenin-like	protein_coding	1	2	1	0	1	0	1	0	0
gene-LOC120052141	LOC120052141	vitellogenin-like	protein_coding	2	2	1	0	1	0	1	0	0
gene-LOC120052143	LOC120052143	SH2B adapter protein 1-like	protein_coding	3	2	1	0	1	0	1	0	0
gene-LOC120052183	LOC120052183	T-cell surface antigen CD2-like	protein_coding	0	2	1	0	0	1	1	0	0
gene-LOC120052208	LOC120052208	tripartite motif-containing protein 29-like	protein_coding	1	2	1	0	1	0	1	0	0
gene-LOC120052218	LOC120052218	T-cell surface glycoprotein CD5	protein_coding	0	2	1	0	1	0	1	0	0
gene-LOC120052219	LOC120052219	sodium/potassium/calcium exchanger 2-like	protein_coding	7	2	1	0	1	0	1	0	0
gene-LOC120052221	LOC120052221	tudor domain-containing protein 7A-like	protein_coding	1	2	1	0	1	0	1	0	0
gene-LOC120052222	LOC120052222	beta-1,4-galactosyltransferase 1-like	protein_coding	4	2	1	0	1	0	1	0	0
gene-LOC120052249	LOC120052249	tenascin-like	protein_coding	1	2	1	0	1	0	1	0	0
gene-LOC120052261	LOC120052261	NACHT, LRR and PYD domains-containing protein 1 homolog	protein_coding	1	2	1	0	1	0	1	0	0
gene-LOC120052262	LOC120052262	uncharacterized LOC120052262	lncRNA	0	2	1	0	0	1	1	0	0
gene-LOC120052276	LOC120052276	zinc finger protein basonuclin-2-like	protein_coding	2	2	1	0	1	0	1	0	0
gene-LOC120052282	LOC120052282	DENN domain-containing protein 5B-like	protein_coding	2	2	1	0	1	0	1	0	0
gene-LOC120052289	LOC120052289	tripartite motif-containing protein 16-like	protein_coding	2	2	1	0	1	0	1	0	0
gene-LOC120052300	LOC120052300	uncharacterized LOC120052300	lncRNA	0	2	1	0	0	1	1	0	0
gene-LOC120052310	LOC120052310	stromal interaction molecule 2-like	protein_coding	8	2	1	0	1	0	1	0	0
gene-LOC120052315	LOC120052315	small integral membrane protein 18-like	protein_coding	0	2	1	0	1	0	1	0	0
gene-LOC120052320	LOC120052320	zinc finger protein SNAI2-like	protein_coding	3	2	1	0	1	0	1	0	0
gene-LOC120052327	LOC120052327	piezo-type mechanosensitive ion channel component 1-like	protein_coding	0	2	1	0	1	0	1	0	0
gene-LOC120052353	LOC120052353	malonate--CoA ligase ACSF3, mitochondrial-like	protein_coding	0	2	1	0	1	0	1	0	0
gene-LOC120052362	LOC120052362	cadherin-15-like	protein_coding	11	2	1	0	1	0	1	0	0
gene-LOC120052371	LOC120052371	sulfotransferase 2B1-like	protein_coding	3	2	1	0	1	0	1	0	0
gene-LOC120052377	LOC120052377	uncharacterized LOC120052377	lncRNA	0	2	1	0	0	1	1	0	0
gene-LOC120052400	LOC120052400	cartilage intermediate layer protein 1-like	protein_coding	0	2	1	0	1	0	1	0	0
gene-LOC120052410	LOC120052410	immunoglobulin superfamily DCC subclass member 3-like	protein_coding	5	2	1	0	1	0	1	0	0
gene-LOC120052417	LOC120052417	secretory carrier-associated membrane protein 5-like	protein_coding	3	2	1	0	1	0	1	0	0
gene-LOC120052428	LOC120052428	lysyl oxidase homolog 1-like	protein_coding	4	2	1	0	1	0	1	0	0
gene-LOC120052512	LOC120052512	BEN domain-containing protein 5-like	protein_coding	2	2	1	0	0	1	1	0	0
gene-LOC120052519	LOC120052519	uncharacterized LOC120052519	lncRNA	0	2	1	0	0	1	1	0	0
gene-LOC120052544	LOC120052544	E3 ubiquitin-protein ligase RNF170-like	protein_coding	1	2	1	0	1	0	1	0	0
gene-LOC120052569	LOC120052569	F-box/LRR-repeat protein 5-like	protein_coding	4	2	1	0	1	0	1	0	0
gene-LOC120052612	LOC120052612	AP2-interacting clathrin-endocytosis protein-like	protein_coding	1	2	1	0	0	1	1	0	0
gene-LOC120052616	LOC120052616	gelsolin-like	protein_coding	8	2	1	0	0	1	1	0	0
gene-LOC120052617	LOC120052617	zinc finger protein Gfi-1-like	protein_coding	1	2	1	0	0	1	1	0	0
gene-LOC120052620	LOC120052620	protein Dr1	protein_coding	9	2	1	0	0	1	1	0	0
gene-LOC120052675	LOC120052675	influenza virus NS1A-binding protein homolog A-like	protein_coding	1	2	1	0	0	1	1	0	0
gene-LOC120052681	LOC120052681	translation initiation factor IF-2-like	protein_coding	7	2	1	0	0	1	1	0	0
gene-LOC120052684	LOC120052684	AN1-type zinc finger protein 5-like	protein_coding	2	2	1	0	0	1	1	0	0
gene-LOC120052695	LOC120052695	uncharacterized LOC120052695	protein_coding	3	2	1	0	1	0	1	0	0
gene-LOC120052696	LOC120052696	vitellogenin-like	protein_coding	2	2	1	0	0	1	1	0	0
gene-LOC120052697	LOC120052697	vitellogenin-like	protein_coding	2	2	1	0	0	1	1	0	0
gene-LOC120052703	LOC120052703	intestinal mucin-like protein	protein_coding	3	2	1	0	1	0	0	0	1
gene-LOC120052724	LOC120052724	growth arrest-specific protein 2-like	protein_coding	5	2	1	0	0	1	1	0	0
gene-LOC120052732	LOC120052732	myosin-binding protein C, cardiac-type-like	protein_coding	1	2	1	0	1	0	1	0	0
gene-LOC120052759	LOC120052759	guanine deaminase-like	protein_coding	4	2	1	0	0	1	1	0	0
gene-LOC120052766	LOC120052766	thrombospondin type-1 domain-containing protein 4-like	protein_coding	3	2	1	0	1	0	0	0	1
gene-LOC120052800	LOC120052800	SLAM family member 8-like	protein_coding	0	2	1	0	0	1	1	0	0
gene-LOC120052801	LOC120052801	uncharacterized LOC120052801	protein_coding	0	2	1	0	0	1	1	0	0
gene-LOC120052802	LOC120052802	uncharacterized LOC120052802	lncRNA	0	2	1	0	0	1	1	0	0
gene-LOC120052819	LOC120052819	alpha/beta hydrolase domain-containing protein 17B	protein_coding	4	2	1	0	0	1	1	0	0
gene-LOC120052829	LOC120052829	C-myc promoter-binding protein-like	protein_coding	2	2	1	0	0	1	1	0	0
gene-LOC120052835	LOC120052835	photoreceptor-specific nuclear receptor-like	protein_coding	7	2	1	0	0	1	1	0	0
gene-LOC120052860	LOC120052860	otogelin-like	protein_coding	5	2	1	0	1	0	1	0	0
gene-LOC120052870	LOC120052870	NACHT, LRR and PYD domains-containing protein 3-like	protein_coding	1	2	1	0	0	1	1	0	0
gene-LOC120052876	LOC120052876	E3 ubiquitin-protein ligase TRIM21-like	protein_coding	2	2	1	0	1	0	1	0	0
gene-LOC120052896	LOC120052896	vacuolar protein sorting-associated protein 37C-like	protein_coding	4	2	1	0	1	0	1	0	0
gene-LOC120052897	LOC120052897	membrane-spanning 4-domains subfamily A member 12-like	protein_coding	1	2	1	0	1	0	1	0	0
gene-LOC120052901	LOC120052901	sialic acid synthase-like	protein_coding	3	2	1	0	1	0	1	0	0
gene-LOC120052902	LOC120052902	clathrin light chain A-like	protein_coding	10	2	1	0	1	0	1	0	0
gene-LOC120052904	LOC120052904	complexin-1-like	protein_coding	6	2	1	0	1	0	1	0	0
gene-LOC120052905	LOC120052905	tropomodulin-1-like	protein_coding	6	2	1	0	1	0	1	0	0
gene-LOC120052908	LOC120052908	beta-1,4-galactosyltransferase 1-like	protein_coding	4	2	1	0	1	0	1	0	0
gene-LOC120052909	LOC120052909	phospholipid-transporting ATPase ABCA1-like	protein_coding	8	2	1	0	1	0	1	0	0
gene-LOC120052910	LOC120052910	zinc finger protein 777-like	protein_coding	4	2	1	0	1	0	1	0	0
gene-LOC120052941	LOC120052941	gliomedin-like	protein_coding	3	2	1	0	1	0	1	0	0
gene-LOC120052944	LOC120052944	uncharacterized protein C9orf85 homolog	protein_coding	0	2	1	0	0	1	1	0	0
gene-LOC120052945	LOC120052945	oocyte zinc finger protein XlCOF7.1-like	protein_coding	3	2	1	0	1	0	1	0	0
gene-LOC120052950	LOC120052950	myeloid zinc finger 1-like	protein_coding	3	2	1	0	1	0	1	0	0
gene-LOC120052979	LOC120052979	unconventional myosin-IXAb-like	protein_coding	5	2	1	0	0	1	1	0	0
gene-LOC120052988	LOC120052988	unconventional myosin-IXAa-like	protein_coding	6	2	1	0	0	1	1	0	0
gene-LOC120053040	LOC120053040	N-acetylgalactosaminyltransferase 7-like	protein_coding	1	2	1	0	1	0	1	0	0
gene-LOC120053041	LOC120053041	F-box/WD repeat-containing protein 7	protein_coding	5	2	1	0	1	0	1	0	0
gene-LOC120053043	LOC120053043	glutamyl-tRNA(Gln) amidotransferase subunit B, mitochondrial-like	protein_coding	3	2	1	0	1	0	1	0	0
gene-LOC120053044	LOC120053044	dCTP pyrophosphatase 1-like	protein_coding	2	2	1	0	1	0	1	0	0
gene-LOC120053049	LOC120053049	mineralocorticoid receptor-like	protein_coding	4	2	1	0	1	0	1	0	0
gene-LOC120053053	LOC120053053	endothelin receptor type B-like	protein_coding	6	2	1	0	1	0	1	0	0
gene-LOC120053056	LOC120053056	ecto-ADP-ribosyltransferase 5-like	protein_coding	2	2	1	0	0	1	1	0	0
gene-LOC120053059	LOC120053059	uncharacterized LOC120053059	lncRNA	0	2	1	0	0	1	1	0	0
gene-LOC120053063	LOC120053063	GTPase IMAP family member 9-like	protein_coding	1	2	1	0	1	0	1	0	0
gene-LOC120053069	LOC120053069	fibronectin-like	protein_coding	1	2	1	0	1	0	1	0	0
gene-LOC120053070	LOC120053070	fibronectin-like	protein_coding	1	2	1	0	1	0	1	0	0
gene-LOC120053081	LOC120053081	small nucleolar RNA U3	snoRNA	0	2	1	0	0	1	1	0	0
gene-LOC120053086	LOC120053086	small nucleolar RNA U3	snoRNA	0	2	1	0	0	1	1	0	0
gene-LOC120053087	LOC120053087	small nucleolar RNA U3	snoRNA	0	2	1	0	0	1	1	0	0
gene-LOC120053088	LOC120053088	small nucleolar RNA U3	snoRNA	0	2	1	0	0	1	1	0	0
gene-LOC120053090	LOC120053090	small nucleolar RNA U3	snoRNA	0	2	1	0	0	1	1	0	0
gene-LOC120053092	LOC120053092	small nucleolar RNA U3	snoRNA	0	2	1	0	0	1	1	0	0
gene-LOC120053093	LOC120053093	small nucleolar RNA U3	snoRNA	0	2	1	0	0	1	1	0	0
gene-LOC120053108	LOC120053108	U7 small nuclear RNA	snRNA	0	2	1	0	1	0	1	0	0
gene-LOC120053109	LOC120053109	U7 small nuclear RNA	snRNA	0	2	1	0	1	0	1	0	0
gene-LOC120053117	LOC120053117	small nucleolar RNA SNORD79	snoRNA	0	2	1	0	1	0	1	0	0
gene-LOC120053129	LOC120053129	small nucleolar RNA SNORD60	snoRNA	0	2	1	0	1	0	1	0	0
gene-LOC120053171	LOC120053171	guanylyl cyclase-activating protein 2-like	protein_coding	6	2	1	0	0	1	1	0	0
gene-LOC120053182	LOC120053182	guanylyl cyclase-activating protein 2-like	protein_coding	6	2	1	0	0	1	1	0	0
gene-LOC120053194	LOC120053194	NT-3 growth factor receptor-like	protein_coding	13	2	1	1	0	0	1	0	0
gene-LOC120053329	LOC120053329	reelin-like	protein_coding	3	2	1	0	0	1	1	0	0
gene-LOC120053355	LOC120053355	zinc finger protein RFP-like	protein_coding	4	2	1	0	0	1	1	0	0
gene-LOC120053360	LOC120053360	diencephalon/mesencephalon homeobox protein 1-B-like	protein_coding	3	2	1	0	0	1	1	0	0
gene-LOC120053361	LOC120053361	SUN domain-containing protein 2-like	protein_coding	4	2	1	0	0	1	1	0	0
gene-LOC120053387	LOC120053387	cartilage oligomeric matrix protein	protein_coding	3	2	1	0	0	1	1	0	0
gene-LOC120053471	LOC120053471	uncharacterized LOC120053471	lncRNA	0	2	1	0	1	0	1	0	0
gene-LOC120053475	LOC120053475	uncharacterized LOC120053475	lncRNA	0	2	1	0	1	0	1	0	0
gene-LOC120053522	LOC120053522	F-actin-capping protein subunit alpha-2-like	protein_coding	5	2	1	0	0	1	1	0	0
gene-LOC120053529	LOC120053529	alpha-1,3-mannosyl-glycoprotein 4-beta-N-acetylglucosaminyltransferase C-like	protein_coding	2	2	1	0	1	0	1	0	0
gene-LOC120053598	LOC120053598	lisH domain-containing protein ARMC9	protein_coding	4	2	1	1	0	0	1	0	0
gene-LOC120053649	LOC120053649	transmembrane gamma-carboxyglutamic acid protein 1-like	protein_coding	3	2	1	0	0	1	1	0	0
gene-LOC120053650	LOC120053650	TGF-beta-activated kinase 1 and MAP3K7-binding protein 3-like	protein_coding	2	2	1	0	0	1	1	0	0
gene-LOC120053652	LOC120053652	transmembrane protein 47-like	protein_coding	3	2	1	0	0	1	1	0	0
gene-LOC120053661	LOC120053661	cytochrome b-c1 complex subunit 6, mitochondrial-like	protein_coding	2	2	1	0	0	1	1	0	0
gene-LOC120053662	LOC120053662	cytochrome P450 2J5-like	protein_coding	7	2	1	0	0	1	1	0	0
gene-LOC120053663	LOC120053663	cytochrome P450 2J5-like	protein_coding	7	2	1	0	0	1	1	0	0
gene-LOC120053664	LOC120053664	leukocyte elastase inhibitor-like	protein_coding	3	2	1	0	0	1	1	0	0
gene-LOC120053665	LOC120053665	uncharacterized LOC120053665	lncRNA	0	2	1	0	0	1	1	0	0
gene-LOC120053718	LOC120053718	cAMP-specific 3',5'-cyclic phosphodiesterase 4D-like	protein_coding	5	2	1	1	0	0	1	0	0
gene-LOC120053751	LOC120053751	putative ferric-chelate reductase 1	protein_coding	0	2	1	0	0	1	1	0	0
gene-LOC120053807	LOC120053807	nexilin-like	protein_coding	6	2	1	0	0	1	1	0	0
gene-LOC120053813	LOC120053813	kelch-like protein 25	protein_coding	1	2	1	0	0	1	1	0	0
gene-LOC120053880	LOC120053880	fatty-acid amide hydrolase 1-like	protein_coding	3	2	1	0	0	1	1	0	0
gene-LOC120053938	LOC120053938	nuclear receptor ROR-alpha A-like	protein_coding	5	2	1	1	0	0	1	0	0
gene-LOC120053968	LOC120053968	carnitine O-palmitoyltransferase 1, liver isoform-like	protein_coding	4	2	1	0	0	1	1	0	0
gene-LOC120053998	LOC120053998	galactosylceramide sulfotransferase-like	protein_coding	4	2	1	0	0	1	1	0	0
gene-LOC120054008	LOC120054008	P2X purinoceptor 2-like	protein_coding	7	2	1	0	0	1	1	0	0
gene-LOC120054062	LOC120054062	diphosphoinositol polyphosphate phosphohydrolase 3-beta-like	protein_coding	10	2	1	0	0	1	1	0	0
gene-LOC120054120	LOC120054120	BTB/POZ domain-containing protein 10-like	protein_coding	3	2	1	0	0	1	1	0	0
gene-LOC120054283	LOC120054283	platelet-derived growth factor receptor alpha-like	protein_coding	9	2	1	0	0	1	1	0	0
gene-LOC120054381	LOC120054381	E3 ubiquitin-protein ligase HERC2-like	protein_coding	0	2	1	0	1	0	1	0	0
gene-LOC120054602	LOC120054602	kinesin-like protein KIF14	protein_coding	4	2	1	0	0	1	1	0	0
gene-LOC120054763	LOC120054763	DNA-directed RNA polymerase, mitochondrial-like	protein_coding	5	2	1	1	0	0	1	0	0
gene-LOC120054926	LOC120054926	GS homeobox 2-like	protein_coding	4	2	1	0	0	1	1	0	0
gene-LOC120054927	LOC120054927	pancreas/duodenum homeobox protein 1-like	protein_coding	5	2	1	0	0	1	1	0	0
gene-LOC120054985	LOC120054985	uncharacterized LOC120054985	lncRNA	0	2	1	0	0	1	1	0	0
gene-LOC120054999	LOC120054999	T-box transcription factor TBX1	protein_coding	6	2	1	0	0	1	1	0	0
gene-LOC120055019	LOC120055019	uncharacterized LOC120055019	lncRNA	0	2	1	0	0	1	1	0	0
gene-LOC120055128	LOC120055128	ubiquitin carboxyl-terminal hydrolase 13-like	protein_coding	4	2	1	0	0	1	0	0	1
gene-LOC120055155	LOC120055155	protein FAM163A-like	protein_coding	0	2	1	0	0	1	1	0	0
gene-LOC120055285	LOC120055285		V_segment	0	2	1	0	0	1	1	0	0
gene-LOC120055298	LOC120055298	vasoactive intestinal polypeptide receptor 2-like	protein_coding	6	2	1	0	0	1	1	0	0
gene-LOC120055335	LOC120055335	lymphocyte expansion molecule-like	protein_coding	0	2	1	0	0	1	1	0	0
gene-LOC120055336	LOC120055336	leucine rich adaptor protein 1-like	protein_coding	2	2	1	0	0	1	1	0	0
gene-LOC120055337	LOC120055337	outer dense fiber protein 2-like	protein_coding	3	2	1	0	0	1	1	0	0
gene-LOC120055383	LOC120055383	SH2 domain-containing protein 1A-like	protein_coding	0	2	1	0	0	1	1	0	0
gene-LOC120055532	LOC120055532	uncharacterized LOC120055532	lncRNA	0	2	1	0	0	1	1	0	0
gene-LOC120055533	LOC120055533	tctex1 domain-containing protein 1	protein_coding	4	2	1	0	0	1	1	0	0
gene-LOC120055534	LOC120055534	60S ribosomal protein L37	protein_coding	5	2	1	0	0	1	1	0	0
gene-LOC120055543	LOC120055543	disks large-associated protein 1-like	protein_coding	5	2	1	0	0	1	1	0	0
gene-LOC120055599	LOC120055599	probable E3 ubiquitin-protein ligase TRIM8	protein_coding	1	2	1	0	0	1	1	0	0
gene-LOC120055620	LOC120055620	angiopoietin-related protein 1-like	protein_coding	3	2	1	0	1	0	1	0	0
gene-LOC120055645	LOC120055645	carbonic anhydrase 4-like	protein_coding	3	2	1	0	0	1	1	0	0
gene-LOC120055730	LOC120055730	uncharacterized LOC120055730	lncRNA	0	2	1	1	0	0	1	0	0
gene-LOC120055734	LOC120055734	LARGE xylosyl- and glucuronyltransferase 2-like	protein_coding	3	2	1	1	0	0	1	0	0
gene-LOC120055744	LOC120055744	transmembrane protein 208-like	protein_coding	2	2	1	0	1	0	1	0	0
gene-LOC120055752	LOC120055752	homeobox protein DBX1-A-like	protein_coding	4	2	1	0	1	0	1	0	0
gene-LOC120055773	LOC120055773	septin-2B	protein_coding	12	2	1	0	1	0	1	0	0
gene-LOC120055812	LOC120055812	muscarinic acetylcholine receptor M4-like	protein_coding	4	2	1	0	1	0	1	0	0
gene-LOC120055820	LOC120055820	midkine-B-like	protein_coding	1	2	1	0	1	0	1	0	0
gene-LOC120055826	LOC120055826	phosducin-like	protein_coding	1	2	1	0	0	1	1	0	0
gene-LOC120055827	LOC120055827	protein odr-4 homolog	protein_coding	2	2	1	0	0	1	1	0	0
gene-LOC120055848	LOC120055848	carbonic anhydrase-related protein-like	protein_coding	2	2	1	0	0	1	1	0	0
gene-LOC120055871	LOC120055871	serine/threonine-protein kinase PLK3-like	protein_coding	13	2	1	0	0	1	1	0	0
gene-LOC120055905	LOC120055905	G1/S-specific cyclin-E1-like	protein_coding	7	2	1	0	1	0	1	0	0
gene-LOC120055959	LOC120055959	cadherin-8-like	protein_coding	14	2	1	0	1	0	1	0	0
gene-LOC120056034	LOC120056034	protein fem-1 homolog A-like	protein_coding	1	2	1	0	0	1	1	0	0
gene-LOC120056044	LOC120056044	cytochrome P450 2J2-like	protein_coding	7	2	1	0	1	0	1	0	0
gene-LOC120056142	LOC120056142	PH domain leucine-rich repeat-containing protein phosphatase 2-like	protein_coding	1	2	1	0	1	0	1	0	0
gene-LOC120056161	LOC120056161	SLAM family member 9-like	protein_coding	0	2	1	0	1	0	1	0	0
gene-LOC120056216	LOC120056216	dol-P-Man:Man(5)GlcNAc(2)-PP-Dol alpha-1,3-mannosyltransferase-like	protein_coding	3	2	1	0	0	1	1	0	0
gene-LOC120056217	LOC120056217	mitochondrial ubiquitin ligase activator of nfkb 1-A-like	protein_coding	3	2	1	0	0	1	1	0	0
gene-LOC120056288	LOC120056288	phospholipid phosphatase-related protein type 5-like	protein_coding	4	2	1	0	0	1	1	0	0
gene-LOC120056402	LOC120056402	exocyst complex component 3-like	protein_coding	0	2	1	0	0	1	1	0	0
gene-LOC120056443	LOC120056443	synaptotagmin-9-like	protein_coding	11	2	1	0	1	0	1	0	0
gene-LOC120056450	LOC120056450	tryptophan 5-hydroxylase 1-like	protein_coding	5	2	1	0	1	0	1	0	0
gene-LOC120056459	LOC120056459	potassium voltage-gated channel subfamily C member 1-like	protein_coding	8	2	1	0	1	0	1	0	0
gene-LOC120056477	LOC120056477	vesicular glutamate transporter 2.1-like	protein_coding	9	2	1	0	1	0	1	0	0
gene-LOC120056485	LOC120056485	transmembrane protein 178B-like	protein_coding	1	2	1	0	1	0	1	0	0
gene-LOC120056576	LOC120056576	dehydrogenase/reductase SDR family member 13-like	protein_coding	0	2	1	0	0	1	1	0	0
gene-LOC120056591	LOC120056591	putative nuclease HARBI1	protein_coding	0	2	1	0	0	1	1	0	0
gene-LOC120056600	LOC120056600	Wilms tumor protein 1-interacting protein homolog	protein_coding	10	2	1	0	1	0	0	0	1
gene-LOC120056609	LOC120056609	glucose-6-phosphate isomerase-like	protein_coding	7	2	1	0	1	0	1	0	0
gene-LOC120056626	LOC120056626	BTB/POZ domain-containing protein kctd15	protein_coding	2	2	1	0	1	0	0	0	1
gene-LOC120056680	LOC120056680	uncharacterized LOC120056680	lncRNA	0	2	1	0	0	1	0	0	1
gene-LOC120056682	LOC120056682	uncharacterized LOC120056682	protein_coding	0	2	1	0	0	1	1	0	0
gene-LOC120056736	LOC120056736	macrophage mannose receptor 1-like	protein_coding	0	2	1	0	0	1	1	0	0
gene-LOC120056766	LOC120056766	uncharacterized LOC120056766	protein_coding	2	2	1	0	0	1	1	0	0
gene-LOC120056781	LOC120056781	kin of IRRE-like protein 3	protein_coding	4	2	1	1	0	0	1	0	0
gene-LOC120056787	LOC120056787	uncharacterized LOC120056787	lncRNA	0	2	1	0	0	1	1	0	0
gene-LOC120056797	LOC120056797	protein ABHD15	protein_coding	3	2	1	0	0	1	1	0	0
gene-LOC120056805	LOC120056805	troponin T, fast skeletal muscle isoforms-like	protein_coding	7	2	1	1	0	0	1	0	0
gene-LOC120056826	LOC120056826	major histocompatibility complex class I-related gene protein-like	protein_coding	3	2	1	0	0	1	1	0	0
gene-LOC120056879	LOC120056879	uncharacterized LOC120056879	lncRNA	0	2	1	1	0	0	1	0	0
gene-LOC120056907	LOC120056907	proteasome subunit alpha type-1-like	protein_coding	4	2	1	0	0	1	1	0	0
gene-LOC120056966	LOC120056966	mitochondrial inner membrane protease subunit 1-like	protein_coding	5	2	1	0	1	0	1	0	0
gene-LOC120056970	LOC120056970	mitochondrial inner membrane protease subunit 1-like	protein_coding	5	2	1	0	1	0	1	0	0
gene-LOC120057055	LOC120057055	guanylyl cyclase-activating protein 2-like	protein_coding	6	2	1	0	0	1	1	0	0
gene-LOC120057066	LOC120057066	ribosomal protein S6 kinase beta-1-like	protein_coding	4	2	1	0	0	1	1	0	0
gene-LOC120057317	LOC120057317	U7 small nuclear RNA	snRNA	0	2	1	0	1	0	1	0	0
gene-LOC120057395	LOC120057395	uncharacterized LOC120057395	protein_coding	0	2	1	0	0	1	1	0	0
gene-LOC120057397	LOC120057397	transmembrane protein 272-like	protein_coding	0	2	1	0	0	1	1	0	0
gene-LOC120057641	LOC120057641	U2 spliceosomal RNA	snRNA	0	2	1	0	0	1	1	0	0
gene-LOC120057644	LOC120057644	U5 spliceosomal RNA	snRNA	0	2	1	0	0	1	1	0	0
gene-LOC120057652	LOC120057652	U7 small nuclear RNA	snRNA	0	2	1	0	0	1	1	0	0
gene-LOC120057794	LOC120057794	1-acyl-sn-glycerol-3-phosphate acyltransferase gamma-like	protein_coding	3	2	1	0	1	0	1	0	0
gene-LOC120057978	LOC120057978	tetraspanin-7-like	protein_coding	1	2	1	0	1	0	1	0	0
gene-LOC120058283	LOC120058283	aryl hydrocarbon receptor-like	protein_coding	6	2	1	0	0	1	1	0	0
gene-LOC120058284	LOC120058284	NADH dehydrogenase [ubiquinone] 1 alpha subcomplex subunit 10, mitochondrial-like	protein_coding	3	2	1	0	0	1	1	0	0
gene-LOC120058288	LOC120058288	SH3 domain-binding protein 4-like	protein_coding	2	2	1	0	0	1	1	0	0
gene-LOC120058289	LOC120058289	ADP-ribosylation factor-like protein 4C	protein_coding	5	2	1	0	0	1	1	0	0
gene-LOC120058295	LOC120058295	rho GTPase-activating protein 15-like	protein_coding	3	2	1	0	0	1	1	0	0
gene-LOC120058536	LOC120058536	integrin alpha-4-like	protein_coding	7	2	1	0	1	0	1	0	0
gene-LOC120058608	LOC120058608	U1 spliceosomal RNA	snRNA	0	2	1	0	0	1	1	0	0
gene-LOC120058626	LOC120058626	chemokine-like protein TAFA-1	protein_coding	4	2	1	0	0	1	1	0	0
gene-LOC120058780	LOC120058780	pepsin A-like	protein_coding	2	2	1	0	0	1	1	0	0
gene-LOC120058790	LOC120058790	tumor necrosis factor receptor superfamily member 14-like	protein_coding	13	2	1	0	0	1	1	0	0
gene-LOC120058791	LOC120058791	uncharacterized LOC120058791	lncRNA	0	2	1	0	0	1	1	0	0
gene-LOC120058792	LOC120058792	uncharacterized LOC120058792	lncRNA	0	2	1	0	0	1	1	0	0
gene-LOC120058853	LOC120058853	uncharacterized LOC120058853	lncRNA	0	2	1	0	0	1	1	0	0
gene-LOC120058913	LOC120058913	calcium/calmodulin-dependent protein kinase type 1B-like	protein_coding	5	2	1	0	0	1	1	0	0
gene-LOC120058955	LOC120058955	forkhead box protein P1-B-like	protein_coding	4	2	1	0	0	1	1	0	0
gene-LOC120058959	LOC120058959	protein-serine O-palmitoleoyltransferase porcupine-like	protein_coding	8	2	1	0	0	1	1	0	0
gene-LOC120058961	LOC120058961	endophilin-B2-like	protein_coding	4	2	1	0	0	1	1	0	0
gene-LOC120059000	LOC120059000	transcription factor Sp5-like	protein_coding	3	2	1	0	1	0	1	0	0
gene-LOC120059053	LOC120059053	tumor necrosis factor receptor superfamily member 14-like	protein_coding	8	2	1	0	0	1	1	0	0
gene-LOC120059142	LOC120059142	tubulin alpha chain-like	protein_coding	6	2	1	0	0	1	1	0	0
gene-LOC120059282	LOC120059282	putative nuclease HARBI1	protein_coding	0	2	1	0	0	1	1	0	0
gene-LOC120059442	LOC120059442	oxysterol-binding protein-related protein 2-like	protein_coding	5	2	1	0	1	0	1	0	0
gene-LOC120059571	LOC120059571	SAP domain-containing ribonucleoprotein-like	protein_coding	2	2	1	0	0	1	1	0	0
gene-LOC120059581	LOC120059581	SAP domain-containing ribonucleoprotein-like	protein_coding	2	2	1	0	0	1	1	0	0
gene-LOC120059738	LOC120059738	G-protein coupled receptor family C group 6 member A-like	protein_coding	3	2	1	0	0	1	1	0	0
gene-LOC120059739	LOC120059739	matrilin-3-like	protein_coding	0	2	1	0	0	1	1	0	0
gene-LOC120059740	LOC120059740	potassium voltage-gated channel subfamily S member 3-like	protein_coding	6	2	1	0	0	1	1	0	0
gene-LOC120059770	LOC120059770	transcription regulator protein BACH2-like	protein_coding	4	2	1	0	0	1	1	0	0
gene-LOC120060024	LOC120060024	b(0,+)-type amino acid transporter 1-like	protein_coding	3	2	1	0	0	1	1	0	0
gene-LOC120060142	LOC120060142	histone-lysine N-methyltransferase SETMAR-like	protein_coding	5	2	1	0	0	1	1	0	0
gene-LOC120060145	LOC120060145	NACHT, LRR and PYD domains-containing protein 12-like	protein_coding	1	2	1	0	0	1	1	0	0
gene-LOC120060148	LOC120060148	inositol 1,4,5-trisphosphate receptor type 1-like	protein_coding	5	2	1	0	0	1	1	0	0
gene-LOC120060158	LOC120060158	class E basic helix-loop-helix protein 40-like	protein_coding	8	2	1	0	0	1	1	0	0
gene-LOC120060166	LOC120060166	ADP-ribosylation factor-like protein 8B-A	protein_coding	5	2	1	0	0	1	1	0	0
gene-LOC120060182	LOC120060182	protein SAND-like	protein_coding	2	2	1	0	0	1	1	0	0
gene-LOC120060379	LOC120060379	ornithine decarboxylase 1-like	protein_coding	3	2	1	0	0	1	1	0	0
gene-LOC120060383	LOC120060383	BEN domain-containing protein 3-like	protein_coding	3	2	1	0	0	1	1	0	0
gene-LOC120060385	LOC120060385	growth/differentiation factor 6-A-like	protein_coding	6	2	1	0	0	1	1	0	0
gene-LOC120060397	LOC120060397	zinc finger protein 770-like	protein_coding	4	2	1	0	0	1	1	0	0
gene-LOC120060502	LOC120060502	ras-related protein rab7	protein_coding	7	2	1	0	0	1	1	0	0
gene-LOC120060520	LOC120060520	dolichyl-diphosphooligosaccharide--protein glycosyltransferase subunit 1-like	protein_coding	3	2	1	0	0	1	1	0	0
gene-LOC120060539	LOC120060539	mRNA decay activator protein ZFP36L1-like	protein_coding	2	2	1	0	1	0	1	0	0
gene-LOC120060579	LOC120060579	liprin-alpha-3-like	protein_coding	3	2	1	0	0	1	1	0	0
gene-LOC120060593	LOC120060593	tumor necrosis factor receptor superfamily member 6B-like	protein_coding	1	2	1	0	0	1	1	0	0
gene-LOC120060708	LOC120060708	twist-related protein 2-like	protein_coding	5	2	1	0	0	1	1	0	0
gene-LOC120060769	LOC120060769	calmodulin-binding transcription activator 1-like	protein_coding	5	2	1	0	1	0	1	0	0
gene-LOC120060792	LOC120060792	aerolysin-like protein	protein_coding	0	2	1	0	0	1	1	0	0
gene-LOC120060834	LOC120060834	meteorin-like	protein_coding	4	2	1	0	0	1	1	0	0
gene-LOC120060854	LOC120060854	potassium voltage-gated channel subfamily C member 1-like	protein_coding	8	2	1	0	0	1	1	0	0
gene-LOC120060868	LOC120060868	agrin-like	protein_coding	6	2	1	1	0	0	1	0	0
gene-LOC120060929	LOC120060929	LHFPL tetraspan subfamily member 4 protein-like	protein_coding	6	2	1	0	1	0	1	0	0
gene-LOC120060940	LOC120060940	glucocorticoid modulatory element-binding protein 2-like	protein_coding	4	2	1	0	0	1	1	0	0
gene-LOC120061001	LOC120061001	adenylate cyclase type 6-like	protein_coding	6	2	1	0	0	1	1	0	0
gene-LOC120061008	LOC120061008	histone lysine demethylase PHF8-like	protein_coding	4	2	1	0	0	1	1	0	0
gene-LOC120061070	LOC120061070	AMP deaminase 2-like	protein_coding	4	2	1	0	0	1	1	0	0
gene-LOC120061392	LOC120061392	uncharacterized LOC120061392	lncRNA	0	2	1	0	0	1	1	0	0
gene-LOC120061449	LOC120061449	uncharacterized LOC120061449	protein_coding	4	2	1	0	1	0	1	0	0
gene-LOC120061462	LOC120061462	nerve growth factor-like	protein_coding	11	2	1	0	1	0	1	0	0
gene-LOC120061515	LOC120061515	uncharacterized LOC120061515	lncRNA	0	2	1	1	0	0	1	0	0
gene-LOC120061553	LOC120061553	voltage-dependent L-type calcium channel subunit alpha-1D-like	protein_coding	4	2	1	0	0	1	1	0	0
gene-LOC120061576	LOC120061576	E3 ubiquitin/ISG15 ligase TRIM25-like	protein_coding	2	2	1	0	0	1	1	0	0
gene-LOC120061687	LOC120061687	aerolysin-like protein	protein_coding	0	2	1	0	1	0	1	0	0
gene-LOC120061694	LOC120061694	FYVE, RhoGEF and PH domain-containing protein 1-like	protein_coding	4	2	1	0	1	0	1	0	0
gene-LOC120061724	LOC120061724	5S ribosomal RNA	rRNA	0	2	1	0	0	1	1	0	0
gene-LOC120061733	LOC120061733	5S ribosomal RNA	rRNA	0	2	1	0	0	1	1	0	0
gene-LOC120061735	LOC120061735	U1 spliceosomal RNA	snRNA	0	2	1	0	0	1	1	0	0
gene-LOC120061736	LOC120061736	U1 spliceosomal RNA	snRNA	0	2	1	0	1	0	1	0	0
gene-LOC120061737	LOC120061737	5S ribosomal RNA	rRNA	0	2	1	0	0	1	1	0	0
gene-LOC120061739	LOC120061739	U1 spliceosomal RNA	snRNA	0	2	1	0	0	1	1	0	0
gene-LOC120061740	LOC120061740	U1 spliceosomal RNA	snRNA	0	2	1	0	0	1	1	0	0
gene-LOC120061748	LOC120061748	5S ribosomal RNA	rRNA	0	2	1	0	0	1	1	0	0
gene-LOC120061753	LOC120061753	5S ribosomal RNA	rRNA	0	2	1	0	0	1	1	0	0
gene-LOC120061880	LOC120061880	eukaryotic translation initiation factor 4E-1A-like	protein_coding	5	2	1	0	0	1	1	0	0
gene-LOC120061883	LOC120061883	gamma-aminobutyric acid receptor subunit alpha-2-like	protein_coding	17	2	1	0	0	1	1	0	0
gene-LOC120061987	LOC120061987	H/ACA ribonucleoprotein complex subunit 1-like	protein_coding	4	2	1	0	0	1	1	0	0
gene-LOC120062001	LOC120062001	transcription factor COE1-like	protein_coding	3	2	1	0	1	0	1	0	0
gene-LOC120062098	LOC120062098	syncytin-A-like	protein_coding	0	2	1	0	0	1	1	0	0
gene-LOC120062135	LOC120062135	neuroligin-3-like	protein_coding	11	2	1	0	0	1	1	0	0
gene-LOC120062136	LOC120062136	neuroblast differentiation-associated protein AHNAK-like	protein_coding	5	2	1	0	1	0	1	0	0
gene-LOC120062138	LOC120062138	neuroblast differentiation-associated protein AHNAK-like	protein_coding	5	2	1	0	1	0	1	0	0
gene-LOC120062145	LOC120062145	RDS/peripherin-like protein xRDS35	protein_coding	2	2	1	0	0	1	1	0	0
gene-LOC120062233	LOC120062233	glutathione S-transferase P-like	protein_coding	3	2	1	0	0	1	1	0	0
gene-LOC120062271	LOC120062271	protein transport protein Sec24B-like	protein_coding	7	2	1	0	0	1	1	0	0
gene-LOC120062272	LOC120062272	nuclear cap-binding protein subunit 1-like	protein_coding	9	2	1	0	0	1	1	0	0
gene-LOC120062344	LOC120062344	cationic amino acid transporter 3-like	protein_coding	4	2	1	0	0	1	1	0	0
gene-LOC120062346	LOC120062346	sorting nexin-12-like	protein_coding	5	2	1	0	0	1	1	0	0
gene-LOC120062347	LOC120062347	forkhead box protein O4-like	protein_coding	4	2	1	0	0	1	1	0	0
gene-LOC120062348	LOC120062348	sestrin-3-like	protein_coding	8	2	1	0	0	1	1	0	0
gene-LOC120062350	LOC120062350	ras-related protein Rap-2c	protein_coding	6	2	1	0	0	1	1	0	0
gene-LOC120062429	LOC120062429	uncharacterized LOC120062429	lncRNA	0	2	1	0	0	1	1	0	0
gene-LOC120062430	LOC120062430	uncharacterized LOC120062430	lncRNA	0	2	1	0	0	1	1	0	0
gene-LOC120062432	LOC120062432	phospholipase A and acyltransferase 4-like	protein_coding	5	2	1	0	0	1	1	0	0
gene-LOC120062433	LOC120062433	integrator complex subunit 5-like	protein_coding	2	2	1	0	0	1	1	0	0
gene-LOC120062434	LOC120062434	neutral alpha-glucosidase AB-like	protein_coding	5	2	1	0	0	1	1	0	0
gene-LOC120062436	LOC120062436	pre-mRNA-processing factor 39-like	protein_coding	6	2	1	0	0	1	1	0	0
gene-LOC120062437	LOC120062437	UBX domain-containing protein 1-like	protein_coding	1	2	1	0	0	1	1	0	0
gene-LOC120062438	LOC120062438	EH domain-containing protein 1-like	protein_coding	11	2	1	0	0	1	1	0	0
gene-LOC120062569	LOC120062569	synaptopodin-like	protein_coding	5	2	1	0	1	0	1	0	0
gene-LOC120062594	LOC120062594	basic proline-rich protein-like	protein_coding	0	2	1	0	1	0	1	0	0
gene-LOC120062708	LOC120062708	serine/threonine-protein phosphatase 6 catalytic subunit-like	protein_coding	4	2	1	0	0	1	1	0	0
gene-LOC120062709	LOC120062709	tumor necrosis factor ligand superfamily member 6-like	protein_coding	3	2	1	0	0	1	1	0	0
gene-LOC120062711	LOC120062711	proline rich transmembrane protein 1B	protein_coding	1	2	1	0	0	1	1	0	0
gene-LOC120062759	LOC120062759	uncharacterized LOC120062759	lncRNA	0	2	1	0	0	1	1	0	0
gene-LOC120062766	LOC120062766	C3a anaphylatoxin chemotactic receptor-like	protein_coding	10	2	1	0	0	1	1	0	0
gene-LOC120062814	LOC120062814	C-X-C motif chemokine 11-1-like	protein_coding	9	2	1	0	0	1	1	0	0
gene-LOC120062815	LOC120062815	C-X-C motif chemokine 11-1-like	protein_coding	9	2	1	0	0	1	1	0	0
gene-LOC120062841	LOC120062841	PI-PLC X domain-containing protein 3-like	protein_coding	3	2	1	0	0	1	1	0	0
gene-LOC120062892	LOC120062892	chemokine-like receptor 1	protein_coding	10	2	1	0	0	1	1	0	0
gene-LOC120062967	LOC120062967	uncharacterized LOC120062967	lncRNA	0	2	1	0	0	1	1	0	0
gene-LOC120063132	LOC120063132	uncharacterized LOC120063132	protein_coding	0	2	1	0	0	1	1	0	0
gene-LOC120063133	LOC120063133	60S ribosomal protein L35-like	protein_coding	6	2	1	0	0	1	1	0	0
gene-LOC120063134	LOC120063134	golgin subfamily A member 1-like	protein_coding	1	2	1	0	0	1	1	0	0
gene-LOC120063176	LOC120063176	anaphase-promoting complex subunit 5-like	protein_coding	5	2	1	0	0	1	1	0	0
gene-LOC120063177	LOC120063177	glutathione hydrolase 1 proenzyme-like	protein_coding	6	2	1	0	0	1	1	0	0
gene-LOC120063178	LOC120063178	uncharacterized LOC120063178	lncRNA	0	2	1	0	0	1	1	0	0
gene-LOC120063180	LOC120063180	lysine-specific demethylase 2B-like	protein_coding	7	2	1	0	0	1	1	0	0
gene-LOC120063196	LOC120063196	piggyBac transposable element-derived protein 4-like	protein_coding	0	2	1	0	0	1	1	0	0
gene-LOC120063270	LOC120063270	UPF0600 protein C5orf51 homolog	protein_coding	1	2	1	0	0	1	1	0	0
gene-LOC120063415	LOC120063415	uncharacterized LOC120063415	lncRNA	0	2	1	0	0	1	1	0	0
gene-LOC120063416	LOC120063416	tripartite motif-containing protein 35-like	protein_coding	2	2	1	0	0	1	1	0	0
gene-LOC120063452	LOC120063452	cytosolic phospholipase A2-like	protein_coding	0	2	1	0	1	0	1	0	0
gene-LOC120063453	LOC120063453	cytosolic phospholipase A2-like	protein_coding	0	2	1	0	1	0	1	0	0
gene-LOC120063458	LOC120063458	uncharacterized LOC120063458	lncRNA	0	2	1	0	0	1	1	0	0
gene-LOC120063466	LOC120063466	uncharacterized LOC120063466	lncRNA	0	2	1	0	0	1	1	0	0
gene-LOC120063473	LOC120063473	uncharacterized LOC120063473	lncRNA	0	2	1	0	1	0	1	0	0
gene-LOC120063478	LOC120063478	uncharacterized LOC120063478	lncRNA	0	2	1	0	0	1	1	0	0
gene-LOC120063488	LOC120063488	uncharacterized LOC120063488	protein_coding	0	2	1	0	0	1	1	0	0
gene-LOC120063490	LOC120063490	uncharacterized LOC120063490	lncRNA	0	2	1	0	0	1	1	0	0
gene-LOC120063503	LOC120063503	uncharacterized LOC120063503	lncRNA	0	2	1	0	0	1	1	0	0
gene-LOC120063518	LOC120063518	uncharacterized LOC120063518	lncRNA	0	2	1	0	0	1	1	0	0
gene-LOC120063526	LOC120063526	uncharacterized LOC120063526	lncRNA	0	2	1	0	0	1	1	0	0
gene-LOC120063528	LOC120063528		C_region	0	2	1	1	0	0	1	0	0
gene-LOC120063549	LOC120063549	uncharacterized LOC120063549	lncRNA	0	2	1	0	0	1	1	0	0
gene-LOC120063557	LOC120063557	uncharacterized LOC120063557	lncRNA	0	2	1	0	0	1	1	0	0
gene-LOC120063572	LOC120063572	uncharacterized LOC120063572	lncRNA	0	2	1	0	0	1	1	0	0
gene-LOC120063595	LOC120063595	uncharacterized LOC120063595	lncRNA	0	2	1	0	0	1	1	0	0
gene-LOC120063653	LOC120063653	trace amine-associated receptor 13c-like	protein_coding	3	2	1	0	1	0	1	0	0
gene-LOC120063656	LOC120063656	trace amine-associated receptor 13c-like	protein_coding	3	2	1	0	1	0	1	0	0
gene-LOC120063674	LOC120063674	trace amine-associated receptor 13c-like	protein_coding	3	2	1	0	1	0	1	0	0
gene-LOC120063687	LOC120063687	piggyBac transposable element-derived protein 3-like	protein_coding	1	2	1	0	0	1	1	0	0
gene-LOC120063720	LOC120063720	guanylate-binding protein 1-like	protein_coding	2	2	1	0	0	1	1	0	0
gene-LOC120063750	LOC120063750	uncharacterized LOC120063750	lncRNA	0	2	1	0	0	1	1	0	0
gene-LOC120063770	LOC120063770	uncharacterized LOC120063770	lncRNA	0	2	1	0	0	1	1	0	0
gene-LOC120063782	LOC120063782	ubiquitin-conjugating enzyme E2 E3	protein_coding	3	2	1	1	0	0	1	0	0
gene-LOC120063787	LOC120063787	guanylate-binding protein 1-like	protein_coding	2	2	1	0	1	0	1	0	0
gene-LOC120063835	LOC120063835	retinol dehydrogenase 12-like	protein_coding	0	2	1	0	0	1	1	0	0
gene-LOC120063839	LOC120063839	death-associated protein-like 1-A	protein_coding	4	2	1	0	1	0	1	0	0
gene-LOC120063844	LOC120063844	ubiquitin-associated protein 2-like	protein_coding	3	2	1	0	0	1	1	0	0
gene-LOC120063847	LOC120063847	C-X-C chemokine receptor type 4-like	protein_coding	7	2	1	0	0	1	1	0	0
gene-LOC120063861	LOC120063861	nucleolar protein 56-like	protein_coding	3	2	1	0	0	1	1	0	0
gene-LOC120063903	LOC120063903	OX-2 membrane glycoprotein-like	protein_coding	1	2	1	0	0	1	1	0	0
gene-LOC120063919	LOC120063919	coiled-coil domain-containing protein 141-like	protein_coding	0	2	1	0	0	1	1	0	0
gene-LOC120064033	LOC120064033	E3 ubiquitin-protein ligase HECW2-like	protein_coding	4	2	1	0	0	1	1	0	0
gene-LOC120064054	LOC120064054	uncharacterized LOC120064054	lncRNA	0	2	1	0	1	0	1	0	0
gene-LOC120064105	LOC120064105	uncharacterized LOC120064105	lncRNA	0	2	1	0	1	0	1	0	0
gene-LOC120064205	LOC120064205	SEC14 domain and spectrin repeat-containing protein 1-like	protein_coding	0	2	1	0	0	1	1	0	0
gene-LOC120064331	LOC120064331	ubiquitin-conjugating enzyme E2 variant 1-like	protein_coding	3	2	1	0	0	1	1	0	0
gene-LOC120064423	LOC120064423	aspartate--tRNA ligase, cytoplasmic-like	protein_coding	7	2	1	0	0	1	1	0	0
gene-LOC120064653	LOC120064653	ladderlectin-like	protein_coding	1	2	1	0	1	0	1	0	0
gene-LOC120064667	LOC120064667	L-rhamnose-binding lectin CSL3-like	protein_coding	1	2	1	0	0	1	1	0	0
gene-LOC120064682	LOC120064682	uncharacterized LOC120064682	lncRNA	0	2	1	0	1	0	1	0	0
gene-LOC120064722	LOC120064722	solute carrier family 45 member 3-like	protein_coding	3	2	1	0	0	1	1	0	0
gene-LOC120064770	LOC120064770	uncharacterized LOC120064770	protein_coding	0	2	1	0	0	1	1	0	0
gene-LOC120064830	LOC120064830	ras association domain-containing protein 1-like	protein_coding	3	2	1	0	0	1	1	0	0
gene-LOC120064850	LOC120064850	helicase with zinc finger domain 2-like	protein_coding	5	2	1	0	0	1	1	0	0
gene-LOC120064865	LOC120064865	protein SSUH2 homolog	protein_coding	0	2	1	0	0	1	1	0	0
gene-LOC120064867	LOC120064867	L-rhamnose-binding lectin CSL3-like	protein_coding	1	2	1	0	0	1	1	0	0
gene-LOC120064959	LOC120064959	neural cell adhesion molecule L1-like protein	protein_coding	2	2	1	0	0	1	1	0	0
gene-LOC120064970	LOC120064970	ubiquinol-cytochrome-c reductase complex assembly factor 1	protein_coding	2	2	1	0	0	1	1	0	0
gene-LOC120065003	LOC120065003	uncharacterized LOC120065003	lncRNA	0	2	1	0	0	1	1	0	0
gene-LOC120065090	LOC120065090	inter-alpha-trypsin inhibitor heavy chain H3-like	protein_coding	2	2	1	0	0	1	1	0	0
gene-LOC120065092	LOC120065092	musculoskeletal embryonic nuclear protein 1-like	protein_coding	4	2	1	0	0	1	1	0	0
gene-LOC120065157	LOC120065157	ETS domain-containing protein Elk-4-like	protein_coding	5	2	1	0	0	1	1	0	0
gene-LOC120065158	LOC120065158	nuclear ubiquitous casein and cyclin-dependent kinase substrate 1-like	protein_coding	5	2	1	0	0	1	1	0	0
gene-LOC120065315	LOC120065315	serine/arginine-rich splicing factor 3-like	protein_coding	3	2	1	0	0	1	1	0	0
gene-LOC120065317	LOC120065317	green-sensitive opsin-like	protein_coding	6	2	1	0	0	1	1	0	0
gene-LOC120065318	LOC120065318	green-sensitive opsin-like	protein_coding	6	2	1	0	0	1	1	0	0
gene-LOC120065319	LOC120065319	green-sensitive opsin-3-like	protein_coding	6	2	1	0	0	1	1	0	0
gene-LOC120065320	LOC120065320	green-sensitive opsin-2-like	protein_coding	6	2	1	0	0	1	1	0	0
gene-LOC120065321	LOC120065321	green-sensitive opsin-like	protein_coding	6	2	1	0	0	1	1	0	0
gene-LOC120065371	LOC120065371	tumor suppressor candidate 2-like	protein_coding	3	2	1	0	0	1	1	0	0
gene-LOC120065434	LOC120065434	ADP-ribosylation factor-related protein 1-like	protein_coding	6	2	1	0	0	1	1	0	0
gene-LOC120065435	LOC120065435	NACHT, LRR and PYD domains-containing protein 12-like	protein_coding	1	2	1	0	0	1	1	0	0
gene-LOC120065438	LOC120065438	neuronal acetylcholine receptor subunit alpha-4-like	protein_coding	10	2	1	0	0	1	1	0	0
gene-LOC120065442	LOC120065442	protein CBFA2T2-like	protein_coding	4	2	1	1	0	0	1	0	0
gene-LOC120065476	LOC120065476	basic proline-rich protein-like	protein_coding	0	2	1	0	1	0	1	0	0
gene-LOC120065499	LOC120065499	uncharacterized LOC120065499	lncRNA	0	2	1	0	0	1	1	0	0
gene-LOC120065500	LOC120065500	protein SSUH2 homolog	protein_coding	2	2	1	0	1	0	1	0	0
gene-LOC120065564	LOC120065564	nucleosome-remodeling factor subunit BPTF-like	protein_coding	4	2	1	0	1	0	1	0	0
gene-LOC120065574	LOC120065574	cytoplasmic phosphatidylinositol transfer protein 1-like	protein_coding	4	2	1	0	1	0	1	0	0
gene-LOC120065617	LOC120065617	probable helicase with zinc finger domain	protein_coding	5	2	1	0	1	0	1	0	0
gene-LOC120065638	LOC120065638	contactin-3-like	protein_coding	3	2	1	0	0	1	1	0	0
gene-LOC120065642	LOC120065642	protein kinase C alpha type	protein_coding	4	2	1	1	0	0	1	0	0
gene-LOC120065673	LOC120065673	axin-2-like	protein_coding	1	2	1	0	1	0	1	0	0
gene-LOC120065725	LOC120065725	E3 ubiquitin/ISG15 ligase TRIM25-like	protein_coding	2	2	1	0	1	0	1	0	0
gene-LOC120065727	LOC120065727	Krueppel-like factor 15	protein_coding	3	2	1	0	0	1	1	0	0
gene-LOC120065784	LOC120065784	leucine-rich repeat and immunoglobulin-like domain-containing nogo receptor-interacting protein 1	protein_coding	3	2	1	0	0	1	1	0	0
gene-LOC120065817	LOC120065817	mesogenin-1-like	protein_coding	8	2	1	0	0	1	1	0	0
gene-LOC120065935	LOC120065935	protein regulator of cytokinesis 1-like	protein_coding	6	2	1	0	1	0	1	0	0
gene-LOC120065949	LOC120065949	circumsporozoite protein-like	protein_coding	0	2	1	0	1	0	1	0	0
gene-LOC120066191	LOC120066191	keratin, type I cytoskeletal 13-like	protein_coding	1	2	1	0	0	1	1	0	0
gene-LOC120066198	LOC120066198	keratin, type I cytoskeletal 13-like	protein_coding	1	2	1	0	0	1	1	0	0
gene-LOC120066206	LOC120066206	uncharacterized LOC120066206	lncRNA	0	2	1	0	0	1	1	0	0
gene-LOC120066437	LOC120066437	polycomb protein suz12-B-like	protein_coding	3	2	1	0	1	0	1	0	0
gene-LOC120066463	LOC120066463	contactin-1a-like	protein_coding	3	2	1	1	0	0	1	0	0
gene-LOC120066476	LOC120066476	arf-GAP with dual PH domain-containing protein 2-like	protein_coding	5	2	1	0	1	0	1	0	0
gene-LOC120066484	LOC120066484	mitochondrial Rho GTPase 1-A-like	protein_coding	6	2	1	0	1	0	1	0	0
gene-LOC120066492	LOC120066492	tripartite motif-containing protein 65-like	protein_coding	1	2	1	0	1	0	1	0	0
gene-LOC120066508	LOC120066508	BUB3-interacting and GLEBS motif-containing protein ZNF207-like	protein_coding	1	2	1	0	1	0	1	0	0
gene-LOC120066509	LOC120066509	guanine nucleotide exchange factor for Rab-3A-like	protein_coding	3	2	1	0	1	0	1	0	0
gene-LOC120066515	LOC120066515	trinucleotide repeat-containing gene 6C protein-like	protein_coding	6	2	1	0	1	0	1	0	0
gene-LOC120066529	LOC120066529	uncharacterized LOC120066529	lncRNA	0	2	1	0	0	1	1	0	0
gene-LOC120066534	LOC120066534	septin-9-like	protein_coding	8	2	1	0	1	0	1	0	0
gene-LOC120066542	LOC120066542	ankyrin repeat domain-containing protein 7-like	protein_coding	1	2	1	0	0	1	1	0	0
gene-LOC120066580	LOC120066580	uncharacterized LOC120066580	protein_coding	3	2	1	0	1	0	1	0	0
gene-LOC120066639	LOC120066639	uncharacterized LOC120066639	protein_coding	0	2	1	0	0	1	1	0	0
gene-LOC120066645	LOC120066645	aminopeptidase N	protein_coding	6	2	1	0	0	1	1	0	0
gene-LOC120066682	LOC120066682	nuclear receptor ROR-alpha A	protein_coding	5	2	1	1	0	0	1	0	0
gene-LOC120066694	LOC120066694	UDP-GlcNAc:betaGal beta-1,3-N-acetylglucosaminyltransferase 7-like	protein_coding	3	2	1	0	0	1	1	0	0
gene-LOC120066716	LOC120066716	high choriolytic enzyme 2-like	protein_coding	3	2	1	0	1	0	1	0	0
gene-LOC120066718	LOC120066718	SH3 and multiple ankyrin repeat domains protein 2-like	protein_coding	5	2	1	1	0	0	1	0	0
gene-LOC120066761	LOC120066761	uncharacterized LOC120066761	lncRNA	0	2	1	0	1	0	1	0	0
gene-LOC120066791	LOC120066791	growth arrest-specific protein 2-like	protein_coding	5	2	1	0	1	0	1	0	0
gene-LOC120066818	LOC120066818	U5 spliceosomal RNA	snRNA	0	2	1	0	1	0	1	0	0
gene-LOC120066824	LOC120066824	U5 spliceosomal RNA	snRNA	0	2	1	0	1	0	1	0	0
gene-LOC120066825	LOC120066825	U5 spliceosomal RNA	snRNA	0	2	1	0	1	0	1	0	0
gene-LOC120066830	LOC120066830	U5 spliceosomal RNA	snRNA	0	2	1	0	1	0	1	0	0
gene-LOC120066834	LOC120066834	U5 spliceosomal RNA	snRNA	0	2	1	0	1	0	1	0	0
gene-LOC120066835	LOC120066835	U5 spliceosomal RNA	snRNA	0	2	1	0	1	0	1	0	0
gene-LOC120066841	LOC120066841	U5 spliceosomal RNA	snRNA	0	2	1	0	1	0	1	0	0
gene-LOC120066842	LOC120066842	U5 spliceosomal RNA	snRNA	0	2	1	0	1	0	1	0	0
gene-LOC120066843	LOC120066843	U5 spliceosomal RNA	snRNA	0	2	1	0	1	0	1	0	0
gene-LOC120066846	LOC120066846	U5 spliceosomal RNA	snRNA	0	2	1	0	1	0	1	0	0
gene-LOC120066848	LOC120066848	U5 spliceosomal RNA	snRNA	0	2	1	0	1	0	1	0	0
gene-LOC120066849	LOC120066849	U5 spliceosomal RNA	snRNA	0	2	1	0	1	0	1	0	0
gene-LOC120066882	LOC120066882	small nucleolar RNA SNORD67	snoRNA	0	2	1	0	0	1	1	0	0
gene-LOC120066885	LOC120066885	U2 spliceosomal RNA	snRNA	0	2	1	0	1	0	1	0	0
gene-LOC120066886	LOC120066886	U2 spliceosomal RNA	snRNA	0	2	1	0	1	0	1	0	0
gene-LOC120066897	LOC120066897	U2 spliceosomal RNA	snRNA	0	2	1	0	1	0	1	0	0
gene-LOC120066901	LOC120066901	U2 spliceosomal RNA	snRNA	0	2	1	0	0	1	1	0	0
gene-LOC120066912	LOC120066912	U2 spliceosomal RNA	snRNA	0	2	1	0	1	0	1	0	0
gene-LOC120066922	LOC120066922	U2 spliceosomal RNA	snRNA	0	2	1	0	1	0	1	0	0
gene-LOC120066923	LOC120066923	U2 spliceosomal RNA	snRNA	0	2	1	0	1	0	1	0	0
gene-LOC120066949	LOC120066949	peripherin-2-like	protein_coding	2	2	1	0	0	1	1	0	0
gene-abhd5a	abhd5a	abhydrolase domain containing 5a	protein_coding	3	2	1	0	0	1	1	0	0
gene-ache	ache	acetylcholinesterase	protein_coding	5	2	1	0	0	1	1	0	0
gene-acsl1a	acsl1a	acyl-CoA synthetase long chain family member 1a	protein_coding	6	2	1	0	1	0	1	0	0
gene-acte1	acte1	actin, epsilon 1	protein_coding	0	2	1	0	0	1	1	0	0
gene-adamts18	adamts18	ADAM metallopeptidase with thrombospondin type 1 motif, 18	protein_coding	4	2	1	0	1	0	1	0	0
gene-adgrl4	adgrl4	adhesion G protein-coupled receptor L4	protein_coding	5	2	1	0	0	1	1	0	0
gene-anapc5	anapc5	anaphase promoting complex subunit 5	protein_coding	5	2	1	0	0	1	1	0	0
gene-ano9b	ano9b	anoctamin 9b	protein_coding	4	2	1	0	1	0	1	0	0
gene-anpepb	anpepb	alanyl (membrane) aminopeptidase b	protein_coding	6	2	1	0	0	1	1	0	0
gene-ap2b1	ap2b1	adaptor related protein complex 2 subunit beta 1	protein_coding	5	2	1	1	0	0	1	0	0
gene-apba2b	apba2b	amyloid beta (A4) precursor protein-binding, family A, member 2b	protein_coding	6	2	1	0	1	0	1	0	0
gene-apoc2	apoc2	apolipoprotein C-II	protein_coding	4	2	1	0	1	0	1	0	0
gene-aqp7	aqp7	aquaporin 7	protein_coding	7	2	1	0	0	1	1	0	0
gene-arap3	arap3	ArfGAP with RhoGAP domain, ankyrin repeat and PH domain 3	protein_coding	5	2	1	0	1	0	1	0	0
gene-arfip1	arfip1	ADP-ribosylation factor interacting protein 1 (arfaptin 1)	protein_coding	5	2	1	0	0	1	1	0	0
gene-arhgap35a	arhgap35a	Rho GTPase activating protein 35a	protein_coding	3	2	1	0	1	0	1	0	0
gene-arhgap44a	arhgap44a	Rho GTPase activating protein 44a	protein_coding	15	2	1	0	1	0	1	0	0
gene-arrdc1b	arrdc1b	arrestin domain containing 1b	protein_coding	4	2	1	0	0	1	1	0	0
gene-atad5a	atad5a	ATPase family AAA domain containing 5a	protein_coding	5	2	1	0	1	0	1	0	0
gene-azin1b	azin1b	antizyme inhibitor 1b	protein_coding	6	2	1	0	0	1	1	0	0
gene-baiap2l1b	baiap2l1b	BAR/IMD domain containing adaptor protein 2 like 1b	protein_coding	7	2	1	0	0	1	1	0	0
gene-baiap3	baiap3	BAI1 associated protein 3	protein_coding	0	2	1	0	1	0	1	0	0
gene-bbln	bbln	bublin coiled coil protein	protein_coding	0	2	1	0	0	1	1	0	0
gene-bco2a	bco2a	beta-carotene oxygenase 2a	protein_coding	5	2	1	1	0	0	1	0	0
gene-bglapl	bglapl	bone gamma-carboxyglutamate (gla) protein, like	protein_coding	8	2	1	0	0	1	1	0	0
gene-bnc2	bnc2	basonuclin 2	protein_coding	2	2	1	0	1	0	1	0	0
gene-btr01	btr01	bloodthirsty-related gene family, member 1	protein_coding	2	2	1	0	0	1	1	0	0
gene-c15h2orf50	c15h2orf50	chromosome 15 C2orf50 homolog	protein_coding	0	2	1	0	0	1	1	0	0
gene-c3h17orf75	c3h17orf75	chromosome 3 C17orf75 homolog	protein_coding	2	2	1	0	1	0	1	0	0
gene-cartl	cartl	cocaine- and amphetamine-regulated transcript-like	protein_coding	7	2	1	0	0	1	1	0	0
gene-ccdc12	ccdc12	coiled-coil domain containing 12	protein_coding	2	2	1	0	1	0	1	0	0
gene-ccdc14	ccdc14	coiled-coil domain containing 14	protein_coding	2	2	1	0	0	1	1	0	0
gene-ccka	ccka	cholecystokinin a	protein_coding	5	2	1	0	0	1	1	0	0
gene-cd247	cd247	CD247 molecule	protein_coding	3	2	1	0	0	1	1	0	0
gene-cd44a	cd44a	CD44 molecule (Indian blood group) a	protein_coding	0	2	1	0	0	1	1	0	0
gene-cdk18	cdk18	cyclin dependent kinase 18	protein_coding	6	2	1	0	0	1	1	0	0
gene-cdk5r2a	cdk5r2a	cyclin-dependent kinase 5, regulatory subunit 2a (p39)	protein_coding	7	2	1	0	0	1	1	0	0
gene-cdkn2a/b	cdkn2a/b	cyclin-dependent kinase inhibitor 2A/B (p15, inhibits CDK4)	protein_coding	5	2	1	0	0	1	1	0	0
gene-cebp1	cebp1	CCAAT/enhancer binding protein (C/EBP) 1	protein_coding	5	2	1	0	0	1	1	0	0
gene-cep112	cep112	centrosomal protein 112	protein_coding	0	2	1	0	1	0	1	0	0
gene-cep83	cep83	centrosomal protein 83	protein_coding	1	2	1	0	1	0	1	0	0
gene-cmbl	cmbl	carboxymethylenebutenolidase homolog (Pseudomonas)	protein_coding	1	2	1	0	1	0	1	0	0
gene-cntln	cntln	centlein, centrosomal protein	protein_coding	4	2	1	0	1	0	1	0	0
gene-col11a2	col11a2	collagen, type XI, alpha 2	protein_coding	2	2	1	0	1	0	1	0	0
gene-coq6	coq6	coenzyme Q6 monooxygenase	protein_coding	5	2	1	0	0	1	1	0	0
gene-cplx4a	cplx4a	complexin 4a	protein_coding	6	2	1	0	0	1	1	0	0
gene-cpn1	cpn1	carboxypeptidase N, polypeptide 1	protein_coding	3	2	1	1	0	0	1	0	0
gene-cpo	cpo	carboxypeptidase O	protein_coding	4	2	1	0	1	0	1	0	0
gene-cracr2b	cracr2b	calcium release activated channel regulator 2B	protein_coding	15	2	1	1	0	0	1	0	0
gene-csrp3	csrp3	cysteine and glycine-rich protein 3 (cardiac LIM protein)	protein_coding	8	2	1	0	0	1	1	0	0
gene-ctbs	ctbs	chitobiase, di-N-acetyl-	protein_coding	5	2	1	0	0	1	1	0	0
gene-dbpa	dbpa	D site albumin promoter binding protein a	protein_coding	4	2	1	0	1	0	1	0	0
gene-dcaf11	dcaf11	ddb1 and cul4 associated factor 11	protein_coding	3	2	1	0	0	1	1	0	0
gene-dclre1a	dclre1a	DNA cross-link repair 1A (PSO2 homolog, S. cerevisiae)	protein_coding	5	2	1	0	0	1	1	0	0
gene-dda1	dda1	DET1 and DDB1 associated 1	protein_coding	2	2	1	0	1	0	1	0	0
gene-ddx39ab	ddx39ab	DEAD (Asp-Glu-Ala-Asp) box polypeptide 39Ab	protein_coding	5	2	1	0	1	0	1	0	0
gene-dhdds	dhdds	dehydrodolichyl diphosphate synthase	protein_coding	5	2	1	0	1	0	1	0	0
gene-dnah2	dnah2	dynein, axonemal, heavy chain 2	protein_coding	7	2	1	1	0	0	1	0	0
gene-dpep1	dpep1	dipeptidase 1	protein_coding	2	2	1	0	1	0	1	0	0
gene-drc3	drc3	dynein regulatory complex subunit 3	protein_coding	1	2	1	0	0	1	1	0	0
gene-drd2a	drd2a	dopamine receptor D2a	protein_coding	6	2	1	0	0	1	1	0	0
gene-dtwd1	dtwd1	DTW domain containing 1	protein_coding	3	2	1	0	0	1	1	0	0
gene-dynlt5	dynlt5	dynein light chain Tctex-type family member 5	protein_coding	4	2	1	0	0	1	1	0	0
gene-e2f7	e2f7	E2F transcription factor 7	protein_coding	4	2	1	0	1	0	1	0	0
gene-eaf1	eaf1	ELL associated factor 1	protein_coding	4	2	1	0	1	0	1	0	0
gene-egf	egf	epidermal growth factor	protein_coding	0	2	1	0	0	1	1	0	0
gene-eif3m	eif3m	eukaryotic translation initiation factor 3, subunit M	protein_coding	4	2	1	0	0	1	1	0	0
gene-elac2	elac2	elaC ribonuclease Z 2	protein_coding	3	2	1	0	1	0	1	0	0
gene-elovl6	elovl6	ELOVL fatty acid elongase 6	protein_coding	8	2	1	0	0	1	1	0	0
gene-eme1	eme1	essential meiotic structure-specific endonuclease 1	protein_coding	8	2	1	0	0	1	1	0	0
gene-ensab	ensab	endosulfine alpha b	protein_coding	3	2	1	0	1	0	1	0	0
gene-entpd5a	entpd5a	ectonucleoside triphosphate diphosphohydrolase 5a	protein_coding	4	2	1	0	0	1	1	0	0
gene-ercc1	ercc1	excision repair cross-complementation group 1	protein_coding	9	2	1	0	0	1	1	0	0
gene-esyt3	esyt3	extended synaptotagmin-like protein 3	protein_coding	3	2	1	0	0	1	1	0	0
gene-exoc3l2b	exoc3l2b	exocyst complex component 3-like 2b	protein_coding	4	2	1	0	1	0	1	0	0
gene-exosc8	exosc8	exosome component 8	protein_coding	12	2	1	0	1	0	1	0	0
gene-fam161b	fam161b	FAM161 centrosomal protein B	protein_coding	2	2	1	0	0	1	1	0	0
gene-fam89a	fam89a	family with sequence similarity 89 member A	protein_coding	0	2	1	0	0	1	1	0	0
gene-fam8a1b	fam8a1b	family with sequence similarity 8 member A1b	protein_coding	0	2	1	0	1	0	1	0	0
gene-fbxo46	fbxo46	F-box protein 46	protein_coding	1	2	1	0	1	0	1	0	0
gene-fbxo7	fbxo7	F-box protein 7	protein_coding	3	2	1	0	1	0	0	0	1
gene-fgd1	fgd1	FYVE, RhoGEF and PH domain containing 1	protein_coding	5	2	1	0	1	0	1	0	0
gene-fgf7	fgf7	fibroblast growth factor 7	protein_coding	14	2	1	0	1	0	1	0	0
gene-fgl2a	fgl2a	fibrinogen-like 2a	protein_coding	2	2	1	0	0	1	1	0	0
gene-fhdc1	fhdc1	FH2 domain containing 1	protein_coding	0	2	1	0	0	1	1	0	0
gene-fmnl2b	fmnl2b	formin-like 2b	protein_coding	6	2	1	0	0	1	1	0	0
gene-fzr1b	fzr1b	fizzy/cell division cycle 20 related 1b	protein_coding	7	2	1	0	1	0	1	0	0
gene-gde1	gde1	glycerophosphodiester phosphodiesterase 1	protein_coding	2	2	1	1	0	0	1	0	0
gene-gdpd1	gdpd1	glycerophosphodiester phosphodiesterase domain containing 1	protein_coding	5	2	1	0	0	1	1	0	0
gene-get3	get3	guided entry of tail-anchored proteins factor 3, ATPase	protein_coding	4	2	1	0	1	0	1	0	0
gene-gga3b	gga3b	golgi associated, gamma adaptin ear containing, ARF binding protein 3b	protein_coding	6	2	1	0	0	1	1	0	0
gene-gid4	gid4	GID complex subunit 4 homolog	protein_coding	6	2	1	0	0	1	1	0	0
gene-gja9a	gja9a	gap junction protein alpha 9a	protein_coding	2	2	1	0	1	0	1	0	0
gene-gjc2	gjc2	gap junction protein gamma 2	protein_coding	2	2	1	0	0	1	1	0	0
gene-gnb1l	gnb1l	guanine nucleotide binding protein (G protein), beta polypeptide 1-like	protein_coding	1	2	1	0	0	1	1	0	0
gene-gnl1	gnl1	guanine nucleotide binding protein-like 1	protein_coding	2	2	1	0	1	0	1	0	0
gene-golm2	golm2	golgi membrane protein 2	protein_coding	0	2	1	0	1	0	1	0	0
gene-gpia	gpia	glucose-6-phosphate isomerase a	protein_coding	7	2	1	0	0	1	1	0	0
gene-gpia_1				0	2	1	1	1	0	0	0	0
gene-grin2da	grin2da	glutamate receptor, ionotropic, N-methyl D-aspartate 2D, a	protein_coding	10	2	1	0	1	0	1	0	0
gene-grm6b	grm6b	glutamate receptor, metabotropic 6b	protein_coding	4	2	1	0	0	1	1	0	0
gene-hemgn	hemgn	hemogen	protein_coding	0	2	1	0	1	0	1	0	0
gene-herpud2	herpud2	HERPUD family member 2	protein_coding	2	2	1	0	1	0	1	0	0
gene-hgfa	hgfa	hepatocyte growth factor a	protein_coding	2	2	1	0	0	1	1	0	0
gene-hopx	hopx	HOP homeobox	protein_coding	4	2	1	0	0	1	1	0	0
gene-hoxa11b	hoxa11b	homeobox A11b	protein_coding	5	2	1	0	1	0	1	0	0
gene-hoxa9b	hoxa9b	homeobox A9b	protein_coding	8	2	1	0	1	0	0	0	1
gene-hsd17b2	hsd17b2	hydroxysteroid (17-beta) dehydrogenase 2	protein_coding	1	2	1	0	0	1	1	0	0
gene-iglon5	iglon5	IgLON family member 5	protein_coding	1	2	1	0	1	0	1	0	0
gene-ilf3b	ilf3b	interleukin enhancer binding factor 3b	protein_coding	3	2	1	0	1	0	1	0	0
gene-impa2	impa2	inositol monophosphatase 2	protein_coding	4	2	1	0	0	1	1	0	0
gene-insm1b	insm1b	insulinoma-associated 1b	protein_coding	7	2	1	0	0	1	1	0	0
gene-ints8	ints8	integrator complex subunit 8	protein_coding	2	2	1	0	0	1	1	0	0
gene-kif20bb	kif20bb	kinesin family member 20Bb	protein_coding	7	2	1	0	0	1	1	0	0
gene-klf11a	klf11a	Kruppel-like factor 11a	protein_coding	3	2	1	0	0	1	1	0	0
gene-kmt2e	kmt2e	lysine (K)-specific methyltransferase 2E	protein_coding	1	2	1	0	1	0	1	0	0
gene-kpnb3	kpnb3	karyopherin (importin) beta 3	protein_coding	6	2	1	0	0	1	1	0	0
gene-krt98	krt98	keratin 98	protein_coding	1	2	1	0	1	0	1	0	0
gene-ldha	ldha	lactate dehydrogenase A4	protein_coding	3	2	1	0	0	1	1	0	0
gene-ldlrb	ldlrb	low density lipoprotein receptor b	protein_coding	2	2	1	0	0	1	1	0	0
gene-lgals8a	lgals8a	galectin 8a	protein_coding	1	2	1	0	0	1	1	0	0
gene-lgi2a	lgi2a	leucine-rich repeat LGI family, member 2a	protein_coding	3	2	1	0	0	1	1	0	0
gene-lhcgr	lhcgr	luteinizing hormone/choriogonadotropin receptor	protein_coding	7	2	1	0	1	0	1	0	0
gene-lins1	lins1	lines homolog 1	protein_coding	0	2	1	0	0	1	1	0	0
gene-lipt2	lipt2	lipoyl(octanoyl) transferase 2	protein_coding	3	2	1	0	0	1	1	0	0
gene-lman1	lman1	lectin, mannose-binding, 1	protein_coding	8	2	1	0	0	1	1	0	0
gene-lrit3a	lrit3a	info leucine-rich repeat, immunoglobulin-like and transmembrane domains 3a	protein_coding	1	2	1	0	0	1	1	0	0
gene-lyl1	lyl1	LYL1 basic helix-loop-helix family member	protein_coding	4	2	1	0	0	1	1	0	0
gene-lysmd1	lysmd1	LysM, putative peptidoglycan-binding, domain containing 1	protein_coding	0	2	1	0	1	0	1	0	0
gene-mamdc4	mamdc4	MAM domain containing 4	protein_coding	1	2	1	0	0	1	1	0	0
gene-mcl1b	mcl1b	MCL1 apoptosis regulator, BCL2 family member b	protein_coding	9	2	1	0	1	0	1	0	0
gene-mcoln1b	mcoln1b	mucolipin TRP cation channel 1b	protein_coding	3	2	1	0	1	0	1	0	0
gene-mdm2	mdm2	MDM2 proto-oncogene	protein_coding	5	2	1	0	0	1	1	0	0
gene-mfng	mfng	MFNG O-fucosylpeptide 3-beta-N-acetylglucosaminyltransferase	protein_coding	3	2	1	0	1	0	1	0	0
gene-mfsd11	mfsd11	major facilitator superfamily domain containing 11	protein_coding	0	2	1	0	1	0	1	0	0
gene-mif4gdb	mif4gdb	MIF4G domain containing b	protein_coding	5	2	1	0	0	1	1	0	0
gene-mindy4	mindy4	MINDY lysine 48 deubiquitinase 4	protein_coding	3	2	1	0	0	1	1	0	0
gene-mphosph6	mphosph6	M-phase phosphoprotein 6	protein_coding	1	2	1	0	0	1	1	0	0
gene-mrps7	mrps7	mitochondrial ribosomal protein S7	protein_coding	6	2	1	0	0	1	1	0	0
gene-mstnb	mstnb	myostatin b	protein_coding	5	2	1	0	1	0	1	0	0
gene-mthfs	mthfs	5,10-methenyltetrahydrofolate synthetase (5-formyltetrahydrofolate cyclo-ligase)	protein_coding	4	2	1	0	0	1	1	0	0
gene-mtres1	mtres1	mitochondrial transcription rescue factor 1	protein_coding	0	2	1	0	0	1	1	0	0
gene-mycb	mycb	MYC proto-oncogene, bHLH transcription factor b	protein_coding	5	2	1	0	0	1	1	0	0
gene-myo5aa	myo5aa	myosin VAa	protein_coding	9	2	1	0	1	0	1	0	0
gene-nanog	nanog	nanog homeobox	protein_coding	5	2	1	0	0	1	1	0	0
gene-ndel1b	ndel1b	nudE neurodevelopment protein 1-like 1b	protein_coding	13	2	1	0	1	0	1	0	0
gene-ndufb10	ndufb10	NADH:ubiquinone oxidoreductase subunit B10	protein_coding	1	2	1	0	0	1	1	0	0
gene-nek11	nek11	NIMA-related kinase 11	protein_coding	3	2	1	0	0	1	1	0	0
gene-nek7	nek7	NIMA-related kinase 7	protein_coding	3	2	1	1	0	0	1	0	0
gene-neurog1	neurog1	neurogenin 1	protein_coding	1	2	1	0	1	0	1	0	0
gene-nfil3-2	nfil3-2	nuclear factor, interleukin 3 regulated, member 2	protein_coding	5	2	1	0	1	0	1	0	0
gene-nfil3-6	nfil3-6	nuclear factor, interleukin 3 regulated, member 6	protein_coding	5	2	1	0	1	0	1	0	0
gene-ngdn	ngdn	neuroguidin, EIF4E binding protein	protein_coding	3	2	1	0	0	1	1	0	0
gene-nhlrc2	nhlrc2	NHL repeat containing 2	protein_coding	1	2	1	0	0	1	1	0	0
gene-nitr7b	nitr7b	novel immune-type receptor 7b	protein_coding	0	2	1	0	0	1	1	0	0
gene-nkain1	nkain1	sodium/potassium transporting ATPase interacting 1	protein_coding	1	2	1	0	1	0	1	0	0
gene-noxo1a	noxo1a	NADPH oxidase organizer 1a	protein_coding	4	2	1	0	0	1	1	0	0
gene-npas1	npas1	neuronal PAS domain protein 1	protein_coding	4	2	1	0	1	0	1	0	0
gene-npm2a	npm2a	nucleophosmin/nucleoplasmin, 2a	protein_coding	7	2	1	0	1	0	1	0	0
gene-nudt15	nudt15	nudix (nucleoside diphosphate linked moiety X)-type motif 15	protein_coding	3	2	1	0	1	0	1	0	0
gene-nup85	nup85	nucleoporin 85	protein_coding	5	2	1	0	0	1	1	0	0
gene-odad3	odad3	outer dynein arm docking complex subunit 3	protein_coding	3	2	1	0	0	1	1	0	0
gene-odf3l2a	odf3l2a	outer dense fiber of sperm tails 3-like 2a	protein_coding	1	2	1	0	1	0	1	0	0
gene-palm3	palm3	paralemmin 3	protein_coding	2	2	1	0	1	0	1	0	0
gene-paqr6	paqr6	progestin and adipoQ receptor family member VI	protein_coding	2	2	1	0	1	0	0	0	1
gene-paqr9	paqr9	progestin and adipoQ receptor family member 9	protein_coding	2	2	1	0	1	0	1	0	0
gene-pcsk6	pcsk6	proprotein convertase subtilisin/kexin type 6	protein_coding	6	2	1	0	1	0	1	0	0
gene-pdss2	pdss2	prenyl (decaprenyl) diphosphate synthase, subunit 2	protein_coding	5	2	1	0	0	1	1	0	0
gene-pgd	pgd	phosphogluconate dehydrogenase	protein_coding	6	2	1	0	0	1	1	0	0
gene-phactr2	phactr2	phosphatase and actin regulator 2	protein_coding	2	2	1	0	0	1	1	0	0
gene-phpt1	phpt1	phosphohistidine phosphatase 1	protein_coding	3	2	1	0	0	1	1	0	0
gene-pitx2	pitx2	paired-like homeodomain 2	protein_coding	5	2	1	0	0	1	1	0	0
gene-pklr	pklr	pyruvate kinase L/R	protein_coding	5	2	1	0	1	0	1	0	0
gene-plekho2	plekho2	pleckstrin homology domain containing, family O member 2	protein_coding	1	2	1	0	0	1	1	0	0
gene-plppr2b	plppr2b	phospholipid phosphatase related 2b	protein_coding	4	2	1	0	1	0	1	0	0
gene-plxnb2a.3	plxnb2a.3	plexin b2a, tandem duplicate 3	protein_coding	9	2	1	0	1	0	1	0	0
gene-pou3f1	pou3f1	POU class 3 homeobox 1	protein_coding	5	2	1	0	1	0	1	0	0
gene-pou4f2	pou4f2	POU class 4 homeobox 2	protein_coding	3	2	1	0	1	0	1	0	0
gene-pphln1	pphln1	periphilin 1	protein_coding	4	2	1	1	0	0	0	0	1
gene-prkn	prkn	parkin RBR E3 ubiquitin protein ligase	protein_coding	17	2	1	0	0	1	1	0	0
gene-prrg4	prrg4	proline rich Gla (G-carboxyglutamic acid) 4 (transmembrane)	protein_coding	3	2	1	0	0	1	1	0	0
gene-psip1a	psip1a	PC4 and SFRS1 interacting protein 1a	protein_coding	4	2	1	0	0	1	1	0	0
gene-ptprc	ptprc	protein tyrosine phosphatase receptor type C	protein_coding	5	2	1	1	0	0	1	0	0
gene-qser1	qser1	glutamine and serine rich 1	protein_coding	0	2	1	0	0	1	1	0	0
gene-rab38b	rab38b	RAB38b, member of RAS oncogene family	protein_coding	9	2	1	0	1	0	1	0	0
gene-rab42b	rab42b	RAB42, member RAS oncogene family	protein_coding	2	2	1	0	0	1	1	0	0
gene-rap1gap2a	rap1gap2a	RAP1 GTPase activating protein 2a	protein_coding	5	2	1	0	1	0	1	0	0
gene-rassf11	rassf11	Ras association domain family member 11	protein_coding	1	2	1	0	0	1	0	0	1
gene-rdh14a	rdh14a	retinol dehydrogenase 14a	protein_coding	0	2	1	0	0	1	1	0	0
gene-rfx1a	rfx1a	regulatory factor X, 1a (influences HLA class II expression)	protein_coding	4	2	1	0	0	1	1	0	0
gene-rgl3a	rgl3a	ral guanine nucleotide dissociation stimulator-like 3a	protein_coding	4	2	1	0	0	1	1	0	0
gene-rhbdl2	rhbdl2	rhomboid, veinlet-like 2 (Drosophila)	protein_coding	2	2	1	0	1	0	1	0	0
gene-rims1b	rims1b	regulating synaptic membrane exocytosis 1b	protein_coding	9	2	1	0	1	0	1	0	0
gene-rims2a	rims2a	regulating synaptic membrane exocytosis 2a	protein_coding	9	2	1	0	1	0	1	0	0
gene-riok1	riok1	RIO kinase 1 (yeast)	protein_coding	5	2	1	0	0	1	1	0	0
gene-rln3a	rln3a	relaxin 3a	protein_coding	2	2	1	0	0	1	1	0	0
gene-rnaset2l	rnaset2l	ribonuclease T2, like	protein_coding	4	2	1	0	1	0	1	0	0
gene-rnf169	rnf169	ring finger protein 169	protein_coding	6	2	1	0	0	1	1	0	0
gene-rnf213a	rnf213a	ring finger protein 213a	protein_coding	9	2	1	0	0	1	1	0	0
gene-rnf34a	rnf34a	ring finger protein 34a	protein_coding	7	2	1	0	0	1	1	0	0
gene-rock2a	rock2a	rho-associated, coiled-coil containing protein kinase 2a	protein_coding	16	2	1	0	0	1	1	0	0
gene-rps2	rps2	ribosomal protein S2	protein_coding	5	2	1	0	0	1	1	0	0
gene-rps24	rps24	ribosomal protein S24	protein_coding	3	2	1	0	0	1	1	0	0
gene-rpsa	rpsa	ribosomal protein SA	protein_coding	7	2	1	0	1	0	1	0	0
gene-rragca	rragca	Ras-related GTP binding Ca	protein_coding	9	2	1	0	1	0	1	0	0
gene-rrp15	rrp15	ribosomal RNA processing 15 homolog	protein_coding	3	2	1	0	0	1	1	0	0
gene-rspo1	rspo1	R-spondin 1	protein_coding	0	2	1	0	1	0	1	0	0
gene-rtraf	rtraf	RNA transcription, translation and transport factor	protein_coding	3	2	1	0	0	1	1	0	0
gene-rx3	rx3	retinal homeobox gene 3	protein_coding	3	2	1	0	0	1	1	0	0
gene-sar1aa	sar1aa	secretion associated, Ras related GTPase 1Aa	protein_coding	10	2	1	0	0	1	1	0	0
gene-scamp2l	scamp2l	secretory carrier membrane protein 2, like	protein_coding	3	2	1	0	0	1	1	0	0
gene-sepsecs	sepsecs	Sep (O-phosphoserine) tRNA:Sec (selenocysteine) tRNA synthase	protein_coding	4	2	1	0	0	1	1	0	0
gene-sft2d2b	sft2d2b	SFT2 domain containing 2b	protein_coding	2	2	1	0	0	1	1	0	0
gene-sh2d3a	sh2d3a	SH2 domain containing 3A	protein_coding	4	2	1	1	0	0	1	0	0
gene-sh3yl1	sh3yl1	SH3 and SYLF domain containing 1	protein_coding	3	2	1	1	0	0	1	0	0
gene-si:ch211-102l7.3	si:ch211-102l7.3	inactive serine protease PAMR1	protein_coding	3	2	1	0	0	1	1	0	0
gene-si:ch211-106h11.1	si:ch211-106h11.1	volume-regulated anion channel subunit LRRC8D	protein_coding	1	2	1	0	1	0	1	0	0
gene-si:ch211-106h11.3	si:ch211-106h11.3	CCN family member 1	protein_coding	3	2	1	0	1	0	1	0	0
gene-si:ch211-140l13.3	si:ch211-140l13.3	centromere protein J	protein_coding	6	2	1	0	0	1	1	0	0
gene-si:ch211-156l18.8	si:ch211-156l18.8	probable G-protein coupled receptor 158	protein_coding	3	2	1	0	1	0	1	0	0
gene-si:ch211-158d24.4	si:ch211-158d24.4	uncharacterized protein LOC560966 homolog	protein_coding	3	2	1	0	0	1	1	0	0
gene-si:ch211-194b1.1	si:ch211-194b1.1	protein Wiz	protein_coding	4	2	1	0	1	0	1	0	0
gene-si:ch73-60h1.1	si:ch73-60h1.1	calcium/calmodulin-dependent protein kinase type IV	protein_coding	4	2	1	0	0	1	1	0	0
gene-si:dkey-22i16.7	si:dkey-22i16.7	skin secretory protein xP2	protein_coding	0	2	1	0	1	0	1	0	0
gene-si:dkey-237i9.8	si:dkey-237i9.8	platelet endothelial cell adhesion molecule	protein_coding	3	2	1	0	1	0	1	0	0
gene-si:dkey-243k1.3	si:dkey-243k1.3	endonuclease domain-containing 1 protein-like	protein_coding	3	2	1	0	0	1	1	0	0
gene-si:dkey-34d22.1	si:dkey-34d22.1	discoidin, CUB and LCCL domain-containing protein 1	protein_coding	0	2	1	0	0	1	1	0	0
gene-si:dkey-38n4.2	si:dkey-38n4.2	uncharacterized si:dkey-38n4.2	protein_coding	4	2	1	0	1	0	1	0	0
gene-si:dkey-6n21.12	si:dkey-6n21.12	schwannomin-interacting protein 1	protein_coding	3	2	1	0	0	1	1	0	0
gene-si:dkey-6n21.13	si:dkey-6n21.13	P2Y purinoceptor 3	protein_coding	4	2	1	0	0	1	1	0	0
gene-slc1a2a	slc1a2a	solute carrier family 1 member 2a	protein_coding	5	2	1	0	0	1	1	0	0
gene-slc24a5	slc24a5	solute carrier family 24 member 5	protein_coding	6	2	1	0	1	0	0	0	1
gene-slc25a19	slc25a19	solute carrier family 25 member 19	protein_coding	3	2	1	0	0	1	1	0	0
gene-slc30a4	slc30a4	solute carrier family 30 member 4	protein_coding	4	2	1	0	0	1	1	0	0
gene-slc39a13	slc39a13	solute carrier family 39 member 13	protein_coding	4	2	1	0	1	0	1	0	0
gene-slc44a2	slc44a2	solute carrier family 44 member 2	protein_coding	4	2	1	0	0	1	1	0	0
gene-slc6a22.2	slc6a22.2	solute carrier family 6 member 22, tandem duplicate 2	protein_coding	2	2	1	0	0	1	1	0	0
gene-slc8a2b	slc8a2b	solute carrier family 8 member 2b	protein_coding	7	2	1	0	1	0	1	0	0
gene-slc9a1a	slc9a1a	solute carrier family 9 member A1a	protein_coding	5	2	1	0	1	0	1	0	0
gene-smim18	smim18	small integral membrane protein 18	protein_coding	0	2	1	0	1	0	1	0	0
gene-snrnp40	snrnp40	small nuclear ribonucleoprotein 40 (U5)	protein_coding	3	2	1	0	1	0	1	0	0
gene-snrpa1	snrpa1	small nuclear ribonucleoprotein polypeptide A'	protein_coding	4	2	1	0	0	1	1	0	0
gene-sobpa	sobpa	sine oculis binding protein homolog (Drosophila) a	protein_coding	2	2	1	0	0	1	1	0	0
gene-sp7	sp7	Sp7 transcription factor	protein_coding	3	2	1	0	1	0	1	0	0
gene-spag9a	spag9a	sperm associated antigen 9a	protein_coding	6	2	1	0	1	0	1	0	0
gene-spata1	spata1	spermatogenesis associated 1	protein_coding	0	2	1	0	0	1	1	0	0
gene-spcs2	spcs2	signal peptidase complex subunit 2	protein_coding	4	2	1	0	0	1	1	0	0
gene-srl	srl	sarcalumenin	protein_coding	1	2	1	0	1	0	0	0	1
gene-sst6	sst6	somatostatin 6	protein_coding	4	2	1	0	0	1	1	0	0
gene-stk16	stk16	serine/threonine kinase 16	protein_coding	5	2	1	0	0	1	1	0	0
gene-sugct	sugct	succinyl-CoA:glutarate-CoA transferase	protein_coding	1	2	1	1	0	0	1	0	0
gene-sumf2	sumf2	sulfatase modifying factor 2	protein_coding	1	2	1	0	1	0	1	0	0
gene-taf12	taf12	TAF12 RNA polymerase II, TATA box binding protein (TBP)-associated factor	protein_coding	8	2	1	0	0	1	1	0	0
gene-tardbpa	tardbpa	TAR DNA binding protein a	protein_coding	3	2	1	0	0	1	1	0	0
gene-tax1bp1b	tax1bp1b	Tax1 (human T-cell leukemia virus type I) binding protein 1b	protein_coding	0	2	1	0	1	0	1	0	0
gene-tbl3	tbl3	transducin beta like 3	protein_coding	7	2	1	0	0	1	1	0	0
gene-tbx19	tbx19	T-box transcription factor 19	protein_coding	8	2	1	0	0	1	1	0	0
gene-tefm	tefm	transcription elongation factor, mitochondrial	protein_coding	5	2	1	0	1	0	1	0	0
gene-terf1	terf1	telomeric repeat binding factor (NIMA-interacting) 1	protein_coding	5	2	1	0	1	0	1	0	0
gene-terfa	terfa	telomeric repeat binding factor a	protein_coding	14	2	1	0	0	1	1	0	0
gene-tex10	tex10	testis expressed 10	protein_coding	2	2	1	0	1	0	0	0	1
gene-thrap3a	thrap3a	thyroid hormone receptor associated protein 3a	protein_coding	4	2	1	0	1	0	1	0	0
gene-thtpa	thtpa	thiamine triphosphatase	protein_coding	5	2	1	0	0	1	1	0	0
gene-timm50	timm50	translocase of inner mitochondrial membrane 50 homolog (S. cerevisiae)	protein_coding	1	2	1	0	1	0	1	0	0
gene-tjp1a	tjp1a	tight junction protein 1a	protein_coding	8	2	1	0	1	0	1	0	0
gene-tmc6b	tmc6b	transmembrane channel-like 6b	protein_coding	2	2	1	1	0	0	0	0	1
gene-tmeff1a	tmeff1a	transmembrane protein with EGF-like and two follistatin-like domains 1a	protein_coding	1	2	1	0	0	1	1	0	0
gene-tmeff2a	tmeff2a	transmembrane protein with EGF-like and two follistatin-like domains 2a	protein_coding	1	2	1	1	0	0	1	0	0
gene-tmem121aa	tmem121aa	transmembrane protein 121Aa	protein_coding	0	2	1	0	1	0	1	0	0
gene-tmem138	tmem138	transmembrane protein 138	protein_coding	1	2	1	0	1	0	1	0	0
gene-tmem220	tmem220	transmembrane protein 220	protein_coding	0	2	1	0	1	0	1	0	0
gene-tmem63c	tmem63c	transmembrane protein 63C	protein_coding	2	2	1	0	0	1	1	0	0
gene-tnfaip8l2b	tnfaip8l2b	tumor necrosis factor, alpha-induced protein 8-like 2b	protein_coding	2	2	1	0	1	0	1	0	0
gene-tnnt2c	tnnt2c	troponin T2c, cardiac	protein_coding	7	2	1	0	1	0	1	0	0
gene-tpgs2	tpgs2	tubulin polyglutamylase complex subunit 2	protein_coding	1	2	1	0	0	1	1	0	0
gene-tpra	tpra	translocated promoter region a, nuclear basket protein	protein_coding	4	2	1	0	1	0	1	0	0
gene-trak1a	trak1a	trafficking protein, kinesin binding 1a	protein_coding	5	2	1	0	0	1	1	0	0
gene-trap1	trap1	TNF receptor-associated protein 1	protein_coding	7	2	1	0	0	1	1	0	0
gene-trmo	trmo	tRNA methyltransferase O	protein_coding	1	2	1	0	1	0	1	0	0
gene-trnaa-agc-31	trnaa-agc	tRNA-Ala	tRNA	0	2	1	0	1	0	1	0	0
gene-trnaa-ugc-31	trnaa-ugc	tRNA-Ala	tRNA	0	2	1	0	1	0	1	0	0
gene-trnad-guc	trnad-guc	tRNA-Asp	tRNA	0	2	1	0	0	1	1	0	0
gene-trnae-uuc-13	trnae-uuc	tRNA-Glu	tRNA	0	2	1	0	1	0	1	0	0
gene-trnae-uuc-14	trnae-uuc	tRNA-Glu	tRNA	0	2	1	0	1	0	1	0	0
gene-trnae-uuc-15	trnae-uuc	tRNA-Glu	tRNA	0	2	1	0	1	0	1	0	0
gene-trnaf-gaa	trnaf-gaa	tRNA-Phe	tRNA	0	2	1	0	0	1	1	0	0
gene-trnag-ucc	trnag-ucc	tRNA-Gly	tRNA	0	2	1	0	0	1	1	0	0
gene-trnag-ucc-4	trnag-ucc	tRNA-Gly	tRNA	0	2	1	0	1	0	1	0	0
gene-trnai-aau-10	trnai-aau	tRNA-Ile	tRNA	0	2	1	0	1	0	1	0	0
gene-trnai-aau-11	trnai-aau	tRNA-Ile	tRNA	0	2	1	0	1	0	1	0	0
gene-trnai-aau-14	trnai-aau	tRNA-Ile	tRNA	0	2	1	0	1	0	1	0	0
gene-trnai-aau-16	trnai-aau	tRNA-Ile	tRNA	0	2	1	0	1	0	1	0	0
gene-trnai-aau-17	trnai-aau	tRNA-Ile	tRNA	0	2	1	0	1	0	1	0	0
gene-trnai-aau-19	trnai-aau	tRNA-Ile	tRNA	0	2	1	0	1	0	1	0	0
gene-trnai-aau-20	trnai-aau	tRNA-Ile	tRNA	0	2	1	0	1	0	1	0	0
gene-trnai-aau-23	trnai-aau	tRNA-Ile	tRNA	0	2	1	0	1	0	1	0	0
gene-trnai-aau-25	trnai-aau	tRNA-Ile	tRNA	0	2	1	0	1	0	1	0	0
gene-trnai-aau-26	trnai-aau	tRNA-Ile	tRNA	0	2	1	0	1	0	1	0	0
gene-trnai-aau-28	trnai-aau	tRNA-Ile	tRNA	0	2	1	0	1	0	1	0	0
gene-trnai-aau-4	trnai-aau	tRNA-Ile	tRNA	0	2	1	0	1	0	1	0	0
gene-trnai-aau-5	trnai-aau	tRNA-Ile	tRNA	0	2	1	0	1	0	1	0	0
gene-trnak-uuu	trnak-uuu	tRNA-Lys	tRNA	0	2	1	0	0	1	1	0	0
gene-trnal-aag	trnal-aag	tRNA-Leu	tRNA	0	2	1	0	0	1	1	0	0
gene-trnam-cau	trnam-cau	tRNA-Met	tRNA	0	2	1	0	0	1	1	0	0
gene-trnap-ugg	trnap-ugg	tRNA-Pro	tRNA	0	2	1	0	0	1	1	0	0
gene-trnar-ccg	trnar-ccg	tRNA-Arg	tRNA	0	2	1	0	0	1	0	0	1
gene-trnas-cga	trnas-cga	tRNA-Ser	tRNA	0	2	1	0	1	0	1	0	0
gene-trnat-agu	trnat-agu	tRNA-Thr	tRNA	0	2	1	0	0	1	1	0	0
gene-trnat-cgu	trnat-cgu	tRNA-Thr	tRNA	0	2	1	0	1	0	1	0	0
gene-trnat-cgu-10	trnat-cgu	tRNA-Thr	tRNA	0	2	1	0	1	0	0	0	1
gene-trnat-ugu-18	trnat-ugu	tRNA-Thr	tRNA	0	2	1	0	1	0	1	0	0
gene-trnat-ugu-82	trnat-ugu	tRNA-Thr	tRNA	0	2	1	0	1	0	0	0	1
gene-trnat-ugu-92	trnat-ugu	tRNA-Thr	tRNA	0	2	1	0	1	0	0	0	1
gene-trnav-aac	trnav-aac	tRNA-Val	tRNA	0	2	1	0	0	1	1	0	0
gene-trnav-uac	trnav-uac	tRNA-Val	tRNA	0	2	1	0	0	1	1	0	0
gene-tsg101a	tsg101a	tumor susceptibility 101a	protein_coding	5	2	1	0	0	1	1	0	0
gene-ttc13	ttc13	tetratricopeptide repeat domain 13	protein_coding	1	2	1	0	0	1	1	0	0
gene-ttll9	ttll9	tubulin tyrosine ligase-like family, member 9	protein_coding	5	2	1	0	0	1	1	0	0
gene-ttll9_1				0	2	1	1	1	0	0	0	0
gene-tusc3	tusc3	tumor suppressor candidate 3	protein_coding	2	2	1	0	1	0	1	0	0
gene-twist1b	twist1b	twist family bHLH transcription factor 1b	protein_coding	5	2	1	0	0	1	1	0	0
gene-txnrd2.2	txnrd2.2	thioredoxin reductase 2, tandem duplicate 2	protein_coding	8	2	1	0	0	1	1	0	0
gene-ube2e2	ube2e2	ubiquitin-conjugating enzyme E2E 2	protein_coding	3	2	1	0	1	0	1	0	0
gene-unc5c	unc5c	unc-5 netrin receptor C	protein_coding	4	2	1	1	0	0	1	0	0
gene-usp25	usp25	ubiquitin specific peptidase 25	protein_coding	7	2	1	0	1	0	1	0	0
gene-usp40	usp40	ubiquitin specific peptidase 40	protein_coding	5	2	1	0	1	0	1	0	0
gene-wdr35	wdr35	WD repeat domain 35	protein_coding	6	2	1	0	0	1	1	0	0
gene-wdr76	wdr76	WD repeat domain 76	protein_coding	4	2	1	0	0	1	1	0	0
gene-wu:fa25f02	wu:fa25f02	uncharacterized protein C11orf24	protein_coding	0	2	1	0	0	1	1	0	0
gene-wu:fb95e10	wu:fb95e10	mucin-19	protein_coding	0	2	1	0	1	0	1	0	0
gene-zcchc17	zcchc17	zinc finger, CCHC domain containing 17	protein_coding	3	2	1	0	1	0	1	0	0
gene-zdhhc22	zdhhc22	zinc finger DHHC-type palmitoyltransferase 22	protein_coding	3	2	1	0	0	1	1	0	0
gene-zfhx2	zfhx2	zinc finger homeobox 2	protein_coding	6	2	1	0	0	1	1	0	0
gene-zgc:162193	zgc:162193	TRPM8 channel-associated factor homolog	protein_coding	0	2	1	0	1	0	1	0	0
gene-zgc:194908	zgc:194908	uncharacterized protein LOC797835 homolog	protein_coding	0	2	1	0	0	1	1	0	0
gene-zgc:92242	zgc:92242	uncharacterized protein LOC436899 homolog	protein_coding	1	2	1	0	1	0	1	0	0
gene-zgc:92275	zgc:92275	uncharacterized protein LOC436885 homolog	protein_coding	5	2	1	0	0	1	1	0	0
gene-zgc:92907	zgc:92907	uncharacterized protein LOC436733 homolog	protein_coding	2	2	1	0	0	1	1	0	0
gene-zgpat	zgpat	zinc finger, CCCH-type with G patch domain	protein_coding	6	2	1	0	0	1	1	0	0
gene-zmp:0000001174	zmp:0000001174	retinoic acid-induced protein 2	protein_coding	2	2	1	0	0	1	1	0	0
gene-znf407	znf407	zinc finger protein 407	protein_coding	4	2	1	0	1	0	1	0	0
gene-zranb2	zranb2	zinc finger, RAN-binding domain containing 2	protein_coding	3	2	1	0	0	1	1	0	0
