comparison	chr_a	chr_b	anchors
reference_vs_lean	lnptg002419l1	rfNC0523081	279
reference_vs_lean	lnptg003529l1	rfNC0523081	198
reference_vs_lean	lnptg010230l1	rfNW0240584641	156
reference_vs_lean	lnptg002267l1	rfNW0240611641	124
reference_vs_lean	lnptg004079l1	rfNW0240601281	112
reference_vs_lean	lnptg004588l1	rfNW0240592601	105
reference_vs_lean	lnptg000907l1	rfNC0523141	104
reference_vs_lean	lnptg000282l1	rfNC0523221	91
reference_vs_lean	lnptg000817l1	rfNC0523371	90
reference_vs_lean	lnptg000136l1	rfNC0523101	88
reference_vs_lean	lnptg000734l1	rfNC0523151	88
reference_vs_lean	lnptg000534l1	rfNC0523221	86
reference_vs_lean	lnptg000502l1	rfNC0523241	83
reference_vs_lean	lnptg001215l1	rfNC0523441	83
reference_vs_lean	lnptg000498l1	rfNC0523081	81
reference_vs_lean	lnptg000357l1	rfNC0523431	78
reference_vs_lean	lnptg000191l1	rfNC0523261	76
reference_vs_lean	lnptg000368l1	rfNC0523151	74
reference_vs_lean	lnptg002247l1	rfNC0523231	73
reference_vs_lean	lnptg002262l1	rfNC0523191	73
reference_vs_lean	lnptg000074l1	rfNC0523191	71
reference_vs_lean	lnptg000219l1	rfNC0523321	70
reference_vs_lean	lnptg000458l1	rfNC0523291	70
reference_vs_lean	lnptg001856l1	rfNC0523361	70
reference_vs_lean	lnptg001916l1	rfNC0523461	69
reference_vs_lean	lnptg002864l1	rfNC0523311	69
reference_vs_lean	lnptg001352l1	rfNC0523111	68
reference_vs_lean	lnptg001018l1	rfNC0523091	66
reference_vs_lean	lnptg001429l1	rfNC0523351	65
reference_vs_lean	lnptg000135l1	rfNC0523081	63
reference_vs_lean	lnptg000397l1	rfNC0523121	60
reference_vs_lean	lnptg001436l1	rfNC0523211	60
reference_vs_lean	lnptg000849l1	rfNC0523201	59
reference_vs_lean	lnptg003377l1	rfNC0523121	59
reference_vs_lean	lnptg000477l1	rfNC0523221	58
reference_vs_lean	lnptg001276l1	rfNC0523221	58
reference_vs_lean	lnptg002125l1	rfNC0523431	58
reference_vs_lean	lnptg000222l1	rfNC0523251	57
reference_vs_lean	lnptg000529l1	rfNC0523181	57
reference_vs_lean	lnptg000547l1	rfNC0523211	57
reference_vs_lean	lnptg000269l1	rfNC0523111	56
reference_vs_lean	lnptg002049l1	rfNC0523321	56
reference_vs_lean	lnptg004710l1	rfNC0523211	56
reference_vs_lean	lnptg000349l1	rfNC0523221	55
reference_vs_lean	lnptg000991l1	rfNC0523381	55
reference_vs_lean	lnptg002493l1	rfNC0523451	55
reference_vs_lean	lnptg002511l1	rfNC0523311	55
reference_vs_lean	lnptg000391l1	rfNC0523171	54
reference_vs_lean	lnptg001049l1	rfNC0523111	54
reference_vs_lean	lnptg001777l1	rfNC0523221	54
reference_vs_lean	lnptg001887l1	rfNC0523071	54
reference_vs_lean	lnptg000260l1	rfNC0523371	52
reference_vs_lean	lnptg000453l1	rfNC0523221	52
reference_vs_lean	lnptg000736l1	rfNC0523141	52
reference_vs_lean	lnptg003048l1	rfNC0523111	52
reference_vs_lean	lnptg004175l1	rfNC0523341	52
reference_vs_lean	lnptg005651l1	rfNC0523231	52
reference_vs_lean	lnptg000016l1	rfNC0523271	51
reference_vs_lean	lnptg000409l1	rfNC0523181	51
reference_vs_lean	lnptg002147l1	rfNC0523351	51
reference_vs_lean	lnptg001022l1	rfNC0523441	50
reference_vs_lean	lnptg000115l1	rfNC0523081	49
reference_vs_lean	lnptg000272l1	rfNC0523321	49
reference_vs_lean	lnptg000610l1	rfNC0523181	49
reference_vs_lean	lnptg004049l1	rfNW0240592601	49
reference_vs_lean	lnptg000413l1	rfNC0523371	48
reference_vs_lean	lnptg001602l1	rfNC0523081	48
reference_vs_lean	lnptg002975l1	rfNC0523111	48
reference_vs_lean	lnptg000321l1	rfNC0523321	47
reference_vs_lean	lnptg000788l1	rfNC0523141	47
reference_vs_lean	lnptg001475l1	rfNC0523341	47
reference_vs_lean	lnptg002202l1	rfNC0523091	47
reference_vs_lean	lnptg012204l1	rfNC0523071	47
reference_vs_lean	lnptg000046l1	rfNC0523261	46
reference_vs_lean	lnptg000119l1	rfNC0523161	46
reference_vs_lean	lnptg000181l1	rfNC0523081	46
reference_vs_lean	lnptg000415l1	rfNC0523161	46
reference_vs_lean	lnptg000663l1	rfNC0523071	46
reference_vs_lean	lnptg001328l1	rfNC0523071	46
reference_vs_lean	lnptg000350l1	rfNC0523311	45
reference_vs_lean	lnptg000533l1	rfNC0523411	45
reference_vs_lean	lnptg000571l1	rfNC0523251	45
reference_vs_lean	lnptg001009l1	rfNC0523471	45
reference_vs_lean	lnptg001246l1	rfNC0523281	45
reference_vs_lean	lnptg001754l1	rfNC0523091	45
reference_vs_lean	lnptg001878l1	rfNC0523321	45
reference_vs_lean	lnptg000023l1	rfNC0523231	44
reference_vs_lean	lnptg000120l1	rfNC0523081	44
reference_vs_lean	lnptg000143l1	rfNC0523091	44
reference_vs_lean	lnptg000183l1	rfNC0523201	44
reference_vs_lean	lnptg000664l1	rfNC0523161	44
reference_vs_lean	lnptg000687l1	rfNC0523171	44
reference_vs_lean	lnptg000901l1	rfNC0523181	44
reference_vs_lean	lnptg000361l1	rfNC0523411	43
reference_vs_lean	lnptg000481l1	rfNC0523301	43
reference_vs_lean	lnptg000546l1	rfNC0523361	43
reference_vs_lean	lnptg001313l1	rfNC0523181	43
reference_vs_lean	lnptg000021l1	rfNC0523101	42
reference_vs_lean	lnptg000173l1	rfNC0523181	42
reference_vs_lean	lnptg000781l1	rfNC0523251	42
reference_vs_lean	lnptg000934l1	rfNC0523221	42
reference_vs_lean	lnptg001092l1	rfNC0523291	42
reference_vs_lean	lnptg001350l1	rfNC0523311	42
reference_vs_lean	lnptg003767l1	rfNC0523201	42
reference_vs_lean	lnptg021190l1	rfNW0240577441	42
reference_vs_lean	lnptg000093l1	rfNC0523271	41
reference_vs_lean	lnptg000100l1	rfNC0523301	41
reference_vs_lean	lnptg000341l1	rfNC0523311	41
reference_vs_lean	lnptg000432l1	rfNC0523471	41
reference_vs_lean	lnptg000971l1	rfNC0523381	41
reference_vs_lean	lnptg001295l1	rfNC0523071	41
reference_vs_lean	lnptg002255l1	rfNC0523311	41
reference_vs_lean	lnptg007864l1	rfNC0523081	41
reference_vs_lean	lnptg000506l1	rfNC0523281	40
reference_vs_lean	lnptg000681l1	rfNC0523081	40
reference_vs_lean	lnptg001585l1	rfNC0523071	40
reference_vs_lean	lnptg002396l1	rfNC0523091	40
reference_vs_lean	lnptg000122l1	rfNC0523121	39
reference_vs_lean	lnptg000293l1	rfNC0523071	39
reference_vs_lean	lnptg000465l1	rfNC0523151	39
reference_vs_lean	lnptg000633l1	rfNC0523091	39
reference_vs_lean	lnptg001376l1	rfNC0523091	39
reference_vs_lean	lnptg001493l1	rfNC0523171	39
reference_vs_lean	lnptg001570l1	rfNC0523191	39
reference_vs_lean	lnptg002254l1	rfNC0523381	39
reference_vs_lean	lnptg003768l1	rfNC0523481	39
reference_vs_lean	lnptg005352l1	rfNC0523331	39
reference_vs_lean	lnptg000246l1	rfNC0523151	38
reference_vs_lean	lnptg000528l1	rfNC0523091	38
reference_vs_lean	lnptg002733l1	rfNC0523101	38
reference_vs_lean	lnptg018907l1	rfNC0523121	38
reference_vs_lean	lnptg000033l1	rfNC0523071	37
reference_vs_lean	lnptg000198l1	rfNC0523071	37
reference_vs_lean	lnptg000482l1	rfNC0523111	37
reference_vs_lean	lnptg000569l1	rfNC0523401	37
reference_vs_lean	lnptg000739l1	rfNC0523131	37
reference_vs_lean	lnptg001342l1	rfNC0523121	37
reference_vs_lean	lnptg001990l1	rfNC0523271	37
reference_vs_lean	lnptg002280l1	rfNC0523301	37
reference_vs_lean	lnptg003010l1	rfNC0523261	37
reference_vs_lean	lnptg003052l1	rfNC0523151	37
reference_vs_lean	lnptg003076l1	rfNC0523441	37
reference_vs_lean	lnptg000076l1	rfNC0523321	36
reference_vs_lean	lnptg000210l1	rfNC0523351	36
reference_vs_lean	lnptg000436l1	rfNC0523331	36
reference_vs_lean	lnptg000612l1	rfNC0523261	36
reference_vs_lean	lnptg000902l1	rfNC0523291	36
reference_vs_lean	lnptg001762l1	rfNC0523241	36
reference_vs_lean	lnptg001933l1	rfNC0523181	36
reference_vs_lean	lnptg003031l1	rfNC0523381	36
reference_vs_lean	lnptg005107l1	rfNC0523461	36
reference_vs_lean	lnptg005385l1	rfNC0523481	36
reference_vs_lean	lnptg000242l1	rfNC0523371	35
reference_vs_lean	lnptg000309l1	rfNC0523311	35
reference_vs_lean	lnptg000385l1	rfNC0523141	35
reference_vs_lean	lnptg000911l1	rfNC0523261	35
reference_vs_lean	lnptg001267l1	rfNC0523261	35
reference_vs_lean	lnptg001335l1	rfNC0523121	35
reference_vs_lean	lnptg001522l1	rfNC0523081	35
reference_vs_lean	lnptg001526l1	rfNC0523301	35
reference_vs_lean	lnptg002522l1	rfNC0523221	35
reference_vs_lean	lnptg002552l1	rfNC0523131	35
reference_vs_lean	lnptg005974l1	rfNC0523471	35
reference_vs_lean	lnptg000108l1	rfNC0523171	34
reference_vs_lean	lnptg000329l1	rfNC0523081	34
reference_vs_lean	lnptg000834l1	rfNC0523081	34
reference_vs_lean	lnptg001011l1	rfNC0523311	34
reference_vs_lean	lnptg001568l1	rfNC0523471	34
reference_vs_lean	lnptg001805l1	rfNC0523111	34
reference_vs_lean	lnptg001819l1	rfNC0523171	34
reference_vs_lean	lnptg002037l1	rfNC0523241	34
reference_vs_lean	lnptg000412l1	rfNC0523201	33
reference_vs_lean	lnptg000501l1	rfNC0523141	33
reference_vs_lean	lnptg000813l1	rfNC0523401	33
reference_vs_lean	lnptg001190l1	rfNC0523371	33
reference_vs_lean	lnptg001507l1	rfNC0523211	33
reference_vs_lean	lnptg001509l1	rfNC0523081	33
reference_vs_lean	lnptg001798l1	rfNC0523441	33
reference_vs_lean	lnptg002468l1	rfNC0523121	33
reference_vs_lean	lnptg002664l1	rfNC0523261	33
reference_vs_lean	lnptg003357l1	rfNC0523201	33
reference_vs_lean	lnptg007729l1	rfNC0523481	33
reference_vs_lean	lnptg026149l1	rfNC0523091	33
reference_vs_lean	lnptg000172l1	rfNC0523091	32
reference_vs_lean	lnptg000336l1	rfNC0523161	32
reference_vs_lean	lnptg000372l1	rfNC0523161	32
reference_vs_lean	lnptg000904l1	rfNC0523101	32
reference_vs_lean	lnptg000988l1	rfNC0523271	32
reference_vs_lean	lnptg001268l1	rfNC0523431	32
reference_vs_lean	lnptg002055l1	rfNC0523371	32
reference_vs_lean	lnptg002071l1	rfNC0523271	32
reference_vs_lean	lnptg002081l1	rfNC0523211	32
reference_vs_lean	lnptg002137l1	rfNC0523121	32
reference_vs_lean	lnptg002358l1	rfNC0523171	32
reference_vs_lean	lnptg008961l1	rfNC0523081	32
reference_vs_lean	lnptg000049l1	rfNC0523291	31
reference_vs_lean	lnptg000314l1	rfNC0523361	31
reference_vs_lean	lnptg000374l1	rfNC0523131	31
reference_vs_lean	lnptg000398l1	rfNC0523421	31
reference_vs_lean	lnptg000538l1	rfNC0523131	31
reference_vs_lean	lnptg000560l1	rfNC0523171	31
reference_vs_lean	lnptg000597l1	rfNC0523201	31
reference_vs_lean	lnptg000684l1	rfNC0523291	31
reference_vs_lean	lnptg000912l1	rfNC0523271	31
reference_vs_lean	lnptg001214l1	rfNC0523171	31
reference_vs_lean	lnptg001273l1	rfNC0523091	31
reference_vs_lean	lnptg001452l1	rfNC0523241	31
reference_vs_lean	lnptg001757l1	rfNC0523101	31
reference_vs_lean	lnptg001948l1	rfNC0523181	31
reference_vs_lean	lnptg002013l1	rfNC0523271	31
reference_vs_lean	lnptg002115l1	rfNC0523431	31
reference_vs_lean	lnptg002320l1	rfNC0523471	31
reference_vs_lean	lnptg002505l1	rfNC0523081	31
reference_vs_lean	lnptg002969l1	rfNC0523181	31
reference_vs_lean	lnptg003419l1	rfNC0523091	31
reference_vs_lean	lnptg003433l1	rfNC0523421	31
reference_vs_lean	lnptg000179l1	rfNC0523251	30
reference_vs_lean	lnptg000317l1	rfNC0523351	30
reference_vs_lean	lnptg000323l1	rfNC0523161	30
reference_vs_lean	lnptg000331l1	rfNC0523151	30
reference_vs_lean	lnptg000403l1	rfNC0523341	30
reference_vs_lean	lnptg000500l1	rfNC0523231	30
reference_vs_lean	lnptg000531l1	rfNC0523181	30
reference_vs_lean	lnptg000631l1	rfNC0523401	30
reference_vs_lean	lnptg000718l1	rfNC0523231	30
reference_vs_lean	lnptg000802l1	rfNC0523341	30
reference_vs_lean	lnptg000807l1	rfNC0523301	30
reference_vs_lean	lnptg000974l1	rfNC0523461	30
reference_vs_lean	lnptg001533l1	rfNC0523111	30
reference_vs_lean	lnptg001712l1	rfNC0523091	30
reference_vs_lean	lnptg001904l1	rfNC0523091	30
reference_vs_lean	lnptg002453l1	rfNC0523451	30
reference_vs_lean	lnptg003434l1	rfNC0523201	30
reference_vs_lean	lnptg004047l1	rfNC0523101	30
reference_vs_lean	lnptg012655l1	rfNC0523301	30
reference_vs_lean	lnptg000247l1	rfNC0523281	29
reference_vs_lean	lnptg000310l1	rfNC0523401	29
reference_vs_lean	lnptg000404l1	rfNC0523271	29
reference_vs_lean	lnptg000459l1	rfNC0523411	29
reference_vs_lean	lnptg000689l1	rfNC0523381	29
reference_vs_lean	lnptg000744l1	rfNC0523461	29
reference_vs_lean	lnptg000762l1	rfNC0523101	29
reference_vs_lean	lnptg001334l1	rfNW0240580971	29
reference_vs_lean	lnptg001656l1	rfNC0523311	29
reference_vs_lean	lnptg002807l1	rfNC0523401	29
reference_vs_lean	lnptg000015l1	rfNC0523331	28
reference_vs_lean	lnptg000077l1	rfNC0523481	28
reference_vs_lean	lnptg000127l1	rfNC0523141	28
reference_vs_lean	lnptg000360l1	rfNC0523091	28
reference_vs_lean	lnptg000440l1	rfNC0523331	28
reference_vs_lean	lnptg000474l1	rfNC0523101	28
reference_vs_lean	lnptg000615l1	rfNC0523101	28
reference_vs_lean	lnptg000632l1	rfNC0523381	28
reference_vs_lean	lnptg000783l1	rfNC0523331	28
reference_vs_lean	lnptg000794l1	rfNC0523241	28
reference_vs_lean	lnptg000806l1	rfNC0523101	28
reference_vs_lean	lnptg000871l1	rfNC0523331	28
reference_vs_lean	lnptg000941l1	rfNC0523221	28
reference_vs_lean	lnptg000986l1	rfNC0523171	28
reference_vs_lean	lnptg001184l1	rfNC0523431	28
reference_vs_lean	lnptg001495l1	rfNC0523251	28
reference_vs_lean	lnptg001687l1	rfNC0523371	28
reference_vs_lean	lnptg001832l1	rfNC0523201	28
reference_vs_lean	lnptg001971l1	rfNC0523161	28
reference_vs_lean	lnptg002208l1	rfNC0523091	28
reference_vs_lean	lnptg004551l1	rfNC0523201	28
reference_vs_lean	lnptg004591l1	rfNC0523331	28
reference_vs_lean	lnptg006003l1	rfNC0523191	28
reference_vs_lean	lnptg006516l1	rfNC0523181	28
reference_vs_lean	lnptg007530l1	rfNC0523161	28
reference_vs_lean	lnptg000045l1	rfNC0523241	27
reference_vs_lean	lnptg000712l1	rfNC0523411	27
reference_vs_lean	lnptg000873l1	rfNC0523221	27
reference_vs_lean	lnptg001460l1	rfNC0523171	27
reference_vs_lean	lnptg001823l1	rfNC0523201	27
reference_vs_lean	lnptg001891l1	rfNC0523091	27
reference_vs_lean	lnptg003377l1	rfNW0240584741	27
reference_vs_lean	lnptg003930l1	rfNC0523231	27
reference_vs_lean	lnptg003987l1	rfNC0523461	27
reference_vs_lean	lnptg000162l1	rfNC0523451	26
reference_vs_lean	lnptg000275l1	rfNC0523131	26
reference_vs_lean	lnptg000444l1	rfNC0523081	26
reference_vs_lean	lnptg000488l1	rfNC0523091	26
reference_vs_lean	lnptg000492l1	rfNC0523321	26
reference_vs_lean	lnptg000699l1	rfNC0523411	26
reference_vs_lean	lnptg001281l1	rfNC0523331	26
reference_vs_lean	lnptg001297l1	rfNC0523201	26
reference_vs_lean	lnptg001389l1	rfNC0523191	26
reference_vs_lean	lnptg001433l1	rfNC0523181	26
reference_vs_lean	lnptg001764l1	rfNC0523451	26
reference_vs_lean	lnptg001794l1	rfNC0523311	26
reference_vs_lean	lnptg001938l1	rfNC0523291	26
reference_vs_lean	lnptg001951l1	rfNC0523181	26
reference_vs_lean	lnptg002017l1	rfNC0523281	26
reference_vs_lean	lnptg002098l1	rfNC0523431	26
reference_vs_lean	lnptg002119l1	rfNC0523091	26
reference_vs_lean	lnptg002518l1	rfNC0523261	26
reference_vs_lean	lnptg002888l1	rfNC0523321	26
reference_vs_lean	lnptg003440l1	rfNC0523371	26
reference_vs_lean	lnptg003467l1	rfNC0523241	26
reference_vs_lean	lnptg003750l1	rfNC0523071	26
reference_vs_lean	lnptg007386l1	rfNC0523131	26
reference_vs_lean	lnptg000109l1	rfNC0523431	25
reference_vs_lean	lnptg000180l1	rfNC0523361	25
reference_vs_lean	lnptg000387l1	rfNC0523111	25
reference_vs_lean	lnptg000629l1	rfNC0523151	25
reference_vs_lean	lnptg000725l1	rfNC0523381	25
reference_vs_lean	lnptg001119l1	rfNC0523201	25
reference_vs_lean	lnptg001175l1	rfNC0523121	25
reference_vs_lean	lnptg001377l1	rfNC0523481	25
reference_vs_lean	lnptg001397l1	rfNC0523281	25
reference_vs_lean	lnptg001645l1	rfNC0523101	25
reference_vs_lean	lnptg001747l1	rfNC0523141	25
reference_vs_lean	lnptg002166l1	rfNC0523221	25
reference_vs_lean	lnptg002213l1	rfNC0523181	25
reference_vs_lean	lnptg002257l1	rfNC0523271	25
reference_vs_lean	lnptg002381l1	rfNC0523261	25
reference_vs_lean	lnptg002399l1	rfNC0523091	25
reference_vs_lean	lnptg002750l1	rfNC0523471	25
reference_vs_lean	lnptg003632l1	rfNC0523091	25
reference_vs_lean	lnptg003835l1	rfNC0523391	25
reference_vs_lean	lnptg003925l1	rfNC0523311	25
reference_vs_lean	lnptg011000l1	rfNC0523111	25
reference_vs_lean	lnptg000028l1	rfNC0523091	24
reference_vs_lean	lnptg000086l1	rfNC0523271	24
reference_vs_lean	lnptg000245l1	rfNC0523281	24
reference_vs_lean	lnptg000250l1	rfNC0523241	24
reference_vs_lean	lnptg000433l1	rfNC0523101	24
reference_vs_lean	lnptg000472l1	rfNC0523091	24
reference_vs_lean	lnptg000551l1	rfNC0523151	24
reference_vs_lean	lnptg000575l1	rfNC0523391	24
reference_vs_lean	lnptg000622l1	rfNC0523171	24
reference_vs_lean	lnptg000635l1	rfNC0523381	24
reference_vs_lean	lnptg000838l1	rfNC0523241	24
reference_vs_lean	lnptg000859l1	rfNC0523201	24
reference_vs_lean	lnptg001012l1	rfNC0523181	24
reference_vs_lean	lnptg001032l1	rfNC0523171	24
reference_vs_lean	lnptg001050l1	rfNC0523101	24
reference_vs_lean	lnptg001074l1	rfNC0523141	24
reference_vs_lean	lnptg001089l1	rfNC0523411	24
reference_vs_lean	lnptg001601l1	rfNC0523091	24
reference_vs_lean	lnptg001780l1	rfNC0523101	24
reference_vs_lean	lnptg001837l1	rfNC0523381	24
reference_vs_lean	lnptg002007l1	rfNC0523421	24
reference_vs_lean	lnptg002281l1	rfNC0523451	24
reference_vs_lean	lnptg002380l1	rfNC0523341	24
reference_vs_lean	lnptg002392l1	rfNC0523351	24
reference_vs_lean	lnptg002622l1	rfNC0523141	24
reference_vs_lean	lnptg002961l1	rfNC0523101	24
reference_vs_lean	lnptg003088l1	rfNC0523081	24
reference_vs_lean	lnptg003429l1	rfNW0240615211	24
reference_vs_lean	lnptg003623l1	rfNC0523331	24
reference_vs_lean	lnptg003802l1	rfNC0523231	24
reference_vs_lean	lnptg004003l1	rfNC0523111	24
reference_vs_lean	lnptg004682l1	rfNC0523181	24
reference_vs_lean	lnptg004925l1	rfNC0523071	24
reference_vs_lean	lnptg006620l1	rfNC0523121	24
reference_vs_lean	lnptg007682l1	rfNC0523091	24
reference_vs_lean	lnptg000376l1	rfNC0523321	23
reference_vs_lean	lnptg000419l1	rfNC0523241	23
reference_vs_lean	lnptg000514l1	rfNC0523311	23
reference_vs_lean	lnptg000550l1	rfNC0523341	23
reference_vs_lean	lnptg000771l1	rfNC0523081	23
reference_vs_lean	lnptg000863l1	rfNC0523271	23
reference_vs_lean	lnptg000931l1	rfNC0523121	23
reference_vs_lean	lnptg001286l1	rfNC0523241	23
reference_vs_lean	lnptg001367l1	rfNC0523141	23
reference_vs_lean	lnptg001499l1	rfNC0523371	23
reference_vs_lean	lnptg001537l1	rfNC0523081	23
reference_vs_lean	lnptg001902l1	rfNC0523411	23
reference_vs_lean	lnptg002295l1	rfNC0523161	23
reference_vs_lean	lnptg002596l1	rfNC0523451	23
reference_vs_lean	lnptg002624l1	rfNC0523241	23
reference_vs_lean	lnptg002688l1	rfNC0523081	23
reference_vs_lean	lnptg002732l1	rfNW0240588971	23
reference_vs_lean	lnptg003879l1	rfNC0523431	23
reference_vs_lean	lnptg007525l1	rfNC0523311	23
reference_vs_lean	lnptg008335l1	rfNC0523311	23
reference_vs_lean	lnptg021632l1	rfNC0523091	23
reference_vs_lean	lnptg000128l1	rfNC0523471	22
reference_vs_lean	lnptg000324l1	rfNC0523261	22
reference_vs_lean	lnptg000416l1	rfNC0523261	22
reference_vs_lean	lnptg000457l1	rfNC0523281	22
reference_vs_lean	lnptg000578l1	rfNC0523341	22
reference_vs_lean	lnptg000617l1	rfNC0523211	22
reference_vs_lean	lnptg000746l1	rfNC0523081	22
reference_vs_lean	lnptg001064l1	rfNC0523431	22
reference_vs_lean	lnptg001116l1	rfNC0523101	22
reference_vs_lean	lnptg001270l1	rfNC0523121	22
reference_vs_lean	lnptg001312l1	rfNC0523111	22
reference_vs_lean	lnptg001368l1	rfNC0523281	22
reference_vs_lean	lnptg002253l1	rfNC0523081	22
reference_vs_lean	lnptg002495l1	rfNC0523421	22
reference_vs_lean	lnptg002614l1	rfNC0523111	22
reference_vs_lean	lnptg002671l1	rfNC0523201	22
reference_vs_lean	lnptg002813l1	rfNC0523261	22
reference_vs_lean	lnptg003517l1	rfNC0523091	22
reference_vs_lean	lnptg003557l1	rfNC0523201	22
reference_vs_lean	lnptg003630l1	rfNC0523141	22
reference_vs_lean	lnptg004471l1	rfNC0523401	22
reference_vs_lean	lnptg004864l1	rfNC0523141	22
reference_vs_lean	lnptg005066l1	rfNC0523471	22
reference_vs_lean	lnptg005768l1	rfNC0523111	22
reference_vs_lean	lnptg006278l1	rfNC0523321	22
reference_vs_lean	lnptg000236l1	rfNC0523291	21
reference_vs_lean	lnptg000344l1	rfNC0523101	21
reference_vs_lean	lnptg000403l1	rfNW0240613631	21
reference_vs_lean	lnptg000451l1	rfNC0523141	21
reference_vs_lean	lnptg000670l1	rfNC0523291	21
reference_vs_lean	lnptg000843l1	rfNC0523081	21
reference_vs_lean	lnptg000899l1	rfNC0523101	21
reference_vs_lean	lnptg000977l1	rfNC0523181	21
reference_vs_lean	lnptg001081l1	rfNC0523261	21
reference_vs_lean	lnptg001097l1	rfNC0523161	21
reference_vs_lean	lnptg001191l1	rfNC0523191	21
reference_vs_lean	lnptg002010l1	rfNC0523111	21
reference_vs_lean	lnptg002095l1	rfNC0523461	21
reference_vs_lean	lnptg002879l1	rfNC0523151	21
reference_vs_lean	lnptg003074l1	rfNC0523221	21
reference_vs_lean	lnptg003723l1	rfNC0523111	21
reference_vs_lean	lnptg004426l1	rfNC0523251	21
reference_vs_lean	lnptg006133l1	rfNC0523331	21
reference_vs_lean	lnptg006435l1	rfNC0523201	21
reference_vs_lean	lnptg000050l1	rfNC0523141	20
reference_vs_lean	lnptg000063l1	rfNC0523261	20
reference_vs_lean	lnptg000147l1	rfNC0523091	20
reference_vs_lean	lnptg000230l1	rfNC0523091	20
reference_vs_lean	lnptg000318l1	rfNC0523161	20
reference_vs_lean	lnptg000410l1	rfNC0523311	20
reference_vs_lean	lnptg000418l1	rfNC0523411	20
reference_vs_lean	lnptg000466l1	rfNC0523331	20
reference_vs_lean	lnptg000496l1	rfNC0523261	20
reference_vs_lean	lnptg000515l1	rfNC0523161	20
reference_vs_lean	lnptg000580l1	rfNC0523071	20
reference_vs_lean	lnptg000582l1	rfNC0523151	20
reference_vs_lean	lnptg000642l1	rfNC0523451	20
reference_vs_lean	lnptg000645l1	rfNC0523331	20
reference_vs_lean	lnptg000650l1	rfNC0523391	20
reference_vs_lean	lnptg000701l1	rfNC0523071	20
reference_vs_lean	lnptg000770l1	rfNC0523291	20
reference_vs_lean	lnptg000890l1	rfNC0523371	20
reference_vs_lean	lnptg000900l1	rfNC0523371	20
reference_vs_lean	lnptg001009l1	rfNC0523101	20
reference_vs_lean	lnptg001060l1	rfNC0523251	20
reference_vs_lean	lnptg001234l1	rfNC0523221	20
reference_vs_lean	lnptg001306l1	rfNC0523231	20
reference_vs_lean	lnptg001479l1	rfNC0523311	20
reference_vs_lean	lnptg001684l1	rfNC0523341	20
reference_vs_lean	lnptg001905l1	rfNC0523421	20
reference_vs_lean	lnptg001959l1	rfNC0523141	20
reference_vs_lean	lnptg002011l1	rfNC0523261	20
reference_vs_lean	lnptg002016l1	rfNC0523081	20
reference_vs_lean	lnptg002094l1	rfNC0523341	20
reference_vs_lean	lnptg002312l1	rfNC0523131	20
reference_vs_lean	lnptg002398l1	rfNC0523111	20
reference_vs_lean	lnptg002629l1	rfNC0523211	20
reference_vs_lean	lnptg002831l1	rfNC0523411	20
reference_vs_lean	lnptg002845l1	rfNC0523381	20
reference_vs_lean	lnptg002896l1	rfNW0240601281	20
reference_vs_lean	lnptg003162l1	rfNC0523321	20
reference_vs_lean	lnptg003181l1	rfNC0523291	20
reference_vs_lean	lnptg003474l1	rfNC0523161	20
reference_vs_lean	lnptg003513l1	rfNC0523071	20
reference_vs_lean	lnptg003645l1	rfNC0523121	20
reference_vs_lean	lnptg003808l1	rfNC0523211	20
reference_vs_lean	lnptg003911l1	rfNC0523081	20
reference_vs_lean	lnptg004060l1	rfNC0523401	20
reference_vs_lean	lnptg004781l1	rfNC0523431	20
reference_vs_lean	lnptg006246l1	rfNC0523241	20
reference_vs_lean	lnptg007732l1	rfNC0523391	20
reference_vs_lean	lnptg000154l1	rfNC0523391	19
reference_vs_lean	lnptg000168l1	rfNC0523081	19
reference_vs_lean	lnptg000283l1	rfNC0523091	19
reference_vs_lean	lnptg000334l1	rfNC0523311	19
reference_vs_lean	lnptg000403l1	rfNW0240585201	19
reference_vs_lean	lnptg000429l1	rfNC0523271	19
reference_vs_lean	lnptg000449l1	rfNC0523261	19
reference_vs_lean	lnptg000461l1	rfNC0523241	19
reference_vs_lean	lnptg000471l1	rfNC0523271	19
reference_vs_lean	lnptg000690l1	rfNC0523151	19
reference_vs_lean	lnptg000731l1	rfNW0240610981	19
reference_vs_lean	lnptg000752l1	rfNC0523141	19
reference_vs_lean	lnptg000795l1	rfNC0523131	19
reference_vs_lean	lnptg000832l1	rfNC0523411	19
reference_vs_lean	lnptg000920l1	rfNW0240613081	19
reference_vs_lean	lnptg001024l1	rfNC0523171	19
reference_vs_lean	lnptg001550l1	rfNC0523311	19
reference_vs_lean	lnptg001683l1	rfNC0523081	19
reference_vs_lean	lnptg001830l1	rfNC0523421	19
reference_vs_lean	lnptg001939l1	rfNC0523151	19
reference_vs_lean	lnptg002183l1	rfNC0523171	19
reference_vs_lean	lnptg002531l1	rfNC0523091	19
reference_vs_lean	lnptg002610l1	rfNC0523131	19
reference_vs_lean	lnptg002997l1	rfNC0523141	19
reference_vs_lean	lnptg003334l1	rfNC0523301	19
reference_vs_lean	lnptg003371l1	rfNC0523401	19
reference_vs_lean	lnptg003413l1	rfNC0523381	19
reference_vs_lean	lnptg003530l1	rfNC0523201	19
reference_vs_lean	lnptg003649l1	rfNC0523271	19
reference_vs_lean	lnptg004386l1	rfNC0523301	19
reference_vs_lean	lnptg004588l1	rfNC0523081	19
reference_vs_lean	lnptg005215l1	rfNC0523371	19
reference_vs_lean	lnptg006459l1	rfNC0523371	19
reference_vs_lean	lnptg008107l1	rfNC0523221	19
reference_vs_lean	lnptg017584l1	rfNC0523301	19
reference_vs_lean	lnptg000007l1	rfNC0523291	18
reference_vs_lean	lnptg000085l1	rfNC0523081	18
reference_vs_lean	lnptg000105l1	rfNC0523291	18
reference_vs_lean	lnptg000110l1	rfNC0523141	18
reference_vs_lean	lnptg000203l1	rfNC0523321	18
reference_vs_lean	lnptg000313l1	rfNC0523471	18
reference_vs_lean	lnptg000675l1	rfNC0523311	18
reference_vs_lean	lnptg000700l1	rfNC0523241	18
reference_vs_lean	lnptg000864l1	rfNC0523091	18
reference_vs_lean	lnptg000875l1	rfNC0523321	18
reference_vs_lean	lnptg000886l1	rfNC0523331	18
reference_vs_lean	lnptg000893l1	rfNC0523271	18
reference_vs_lean	lnptg000930l1	rfNC0523101	18
reference_vs_lean	lnptg000960l1	rfNC0523271	18
reference_vs_lean	lnptg001021l1	rfNC0523091	18
reference_vs_lean	lnptg001150l1	rfNC0523201	18
reference_vs_lean	lnptg001378l1	rfNC0523361	18
reference_vs_lean	lnptg001587l1	rfNC0523071	18
reference_vs_lean	lnptg001654l1	rfNC0523461	18
reference_vs_lean	lnptg001863l1	rfNC0523171	18
reference_vs_lean	lnptg001882l1	rfNC0523211	18
reference_vs_lean	lnptg002057l1	rfNC0523381	18
reference_vs_lean	lnptg002065l1	rfNC0523171	18
reference_vs_lean	lnptg002173l1	rfNC0523181	18
reference_vs_lean	lnptg002228l1	rfNC0523151	18
reference_vs_lean	lnptg002313l1	rfNC0523401	18
reference_vs_lean	lnptg002372l1	rfNC0523451	18
reference_vs_lean	lnptg002591l1	rfNC0523131	18
reference_vs_lean	lnptg002911l1	rfNC0523091	18
reference_vs_lean	lnptg003084l1	rfNC0523171	18
reference_vs_lean	lnptg003358l1	rfNC0523361	18
reference_vs_lean	lnptg003377l1	rfNW0240608341	18
reference_vs_lean	lnptg003635l1	rfNC0523211	18
reference_vs_lean	lnptg003807l1	rfNC0523331	18
reference_vs_lean	lnptg003838l1	rfNC0523101	18
reference_vs_lean	lnptg003875l1	rfNC0523411	18
reference_vs_lean	lnptg004031l1	rfNC0523191	18
reference_vs_lean	lnptg004468l1	rfNC0523341	18
reference_vs_lean	lnptg004619l1	rfNC0523251	18
reference_vs_lean	lnptg005159l1	rfNC0523241	18
reference_vs_lean	lnptg005515l1	rfNC0523351	18
reference_vs_lean	lnptg006374l1	rfNC0523451	18
reference_vs_lean	lnptg006686l1	rfNC0523111	18
reference_vs_lean	lnptg006810l1	rfNC0523311	18
reference_vs_lean	lnptg000081l1	rfNC0523351	17
reference_vs_lean	lnptg000175l1	rfNC0523191	17
reference_vs_lean	lnptg000206l1	rfNC0523351	17
reference_vs_lean	lnptg000238l1	rfNC0523301	17
reference_vs_lean	lnptg000252l1	rfNC0523171	17
reference_vs_lean	lnptg000475l1	rfNC0523161	17
reference_vs_lean	lnptg000489l1	rfNC0523121	17
reference_vs_lean	lnptg000493l1	rfNC0523311	17
reference_vs_lean	lnptg000588l1	rfNC0523361	17
reference_vs_lean	lnptg000626l1	rfNC0523101	17
reference_vs_lean	lnptg000709l1	rfNC0523241	17
reference_vs_lean	lnptg000737l1	rfNC0523291	17
reference_vs_lean	lnptg000758l1	rfNC0523211	17
reference_vs_lean	lnptg000773l1	rfNC0523381	17
reference_vs_lean	lnptg000839l1	rfNC0523181	17
reference_vs_lean	lnptg000860l1	rfNC0523341	17
reference_vs_lean	lnptg000943l1	rfNC0523091	17
reference_vs_lean	lnptg001019l1	rfNC0523101	17
reference_vs_lean	lnptg001150l1	rfNC0523401	17
reference_vs_lean	lnptg001151l1	rfNC0523211	17
reference_vs_lean	lnptg001173l1	rfNC0523321	17
reference_vs_lean	lnptg001231l1	rfNC0523291	17
reference_vs_lean	lnptg001364l1	rfNC0523411	17
reference_vs_lean	lnptg001371l1	rfNC0523091	17
reference_vs_lean	lnptg001438l1	rfNC0523281	17
reference_vs_lean	lnptg001749l1	rfNC0523331	17
reference_vs_lean	lnptg001810l1	rfNC0523131	17
reference_vs_lean	lnptg001840l1	rfNC0523181	17
reference_vs_lean	lnptg002022l1	rfNC0523371	17
reference_vs_lean	lnptg002060l1	rfNC0523201	17
reference_vs_lean	lnptg002117l1	rfNC0523081	17
reference_vs_lean	lnptg002249l1	rfNC0523241	17
reference_vs_lean	lnptg002319l1	rfNC0523391	17
reference_vs_lean	lnptg002537l1	rfNC0523291	17
reference_vs_lean	lnptg002649l1	rfNC0523381	17
reference_vs_lean	lnptg002669l1	rfNC0523291	17
reference_vs_lean	lnptg002872l1	rfNC0523221	17
reference_vs_lean	lnptg003233l1	rfNC0523101	17
reference_vs_lean	lnptg003303l1	rfNC0523351	17
reference_vs_lean	lnptg003426l1	rfNC0523261	17
reference_vs_lean	lnptg003501l1	rfNC0523141	17
reference_vs_lean	lnptg003629l1	rfNC0523371	17
reference_vs_lean	lnptg003834l1	rfNC0523301	17
reference_vs_lean	lnptg003843l1	rfNC0523321	17
reference_vs_lean	lnptg003847l1	rfNC0523261	17
reference_vs_lean	lnptg004055l1	rfNC0523071	17
reference_vs_lean	lnptg004523l1	rfNC0523351	17
reference_vs_lean	lnptg004732l1	rfNC0523261	17
reference_vs_lean	lnptg005364l1	rfNC0523111	17
reference_vs_lean	lnptg008137l1	rfNC0523171	17
reference_vs_lean	lnptg016128l1	rfNC0523091	17
reference_vs_lean	lnptg000103l1	rfNC0523291	16
reference_vs_lean	lnptg000148l1	rfNC0523091	16
reference_vs_lean	lnptg000312l1	rfNC0523261	16
reference_vs_lean	lnptg000357l1	rfNC0523111	16
reference_vs_lean	lnptg000417l1	rfNC0523151	16
reference_vs_lean	lnptg000559l1	rfNC0523411	16
reference_vs_lean	lnptg000600l1	rfNC0523131	16
reference_vs_lean	lnptg000625l1	rfNC0523071	16
reference_vs_lean	lnptg000655l1	rfNC0523401	16
reference_vs_lean	lnptg000673l1	rfNC0523481	16
reference_vs_lean	lnptg000888l1	rfNC0523101	16
reference_vs_lean	lnptg001087l1	rfNC0523221	16
reference_vs_lean	lnptg001088l1	rfNC0523071	16
reference_vs_lean	lnptg001192l1	rfNC0523341	16
reference_vs_lean	lnptg001198l1	rfNC0523151	16
reference_vs_lean	lnptg001259l1	rfNC0523141	16
reference_vs_lean	lnptg001301l1	rfNC0523131	16
reference_vs_lean	lnptg001583l1	rfNC0523401	16
reference_vs_lean	lnptg001605l1	rfNC0523171	16
reference_vs_lean	lnptg001800l1	rfNC0523301	16
reference_vs_lean	lnptg001940l1	rfNC0523071	16
reference_vs_lean	lnptg002030l1	rfNC0523141	16
reference_vs_lean	lnptg002035l1	rfNC0523371	16
reference_vs_lean	lnptg002322l1	rfNC0523291	16
reference_vs_lean	lnptg002360l1	rfNC0523261	16
reference_vs_lean	lnptg002363l1	rfNC0523311	16
reference_vs_lean	lnptg002383l1	rfNC0523101	16
reference_vs_lean	lnptg002870l1	rfNC0523361	16
reference_vs_lean	lnptg002914l1	rfNC0523281	16
reference_vs_lean	lnptg002959l1	rfNC0523331	16
reference_vs_lean	lnptg003383l1	rfNC0523191	16
reference_vs_lean	lnptg003465l1	rfNC0523461	16
reference_vs_lean	lnptg003544l1	rfNC0523191	16
reference_vs_lean	lnptg003617l1	rfNC0523101	16
reference_vs_lean	lnptg003650l1	rfNC0523201	16
reference_vs_lean	lnptg003725l1	rfNC0523361	16
reference_vs_lean	lnptg003956l1	rfNC0523091	16
reference_vs_lean	lnptg004696l1	rfNC0523081	16
reference_vs_lean	lnptg004726l1	rfNC0523291	16
reference_vs_lean	lnptg004864l1	rfNW0240581681	16
reference_vs_lean	lnptg005494l1	rfNC0523131	16
reference_vs_lean	lnptg005892l1	rfNC0523181	16
reference_vs_lean	lnptg006090l1	rfNC0523431	16
reference_vs_lean	lnptg006744l1	rfNC0523401	16
reference_vs_lean	lnptg008961l1	rfNW0240592601	16
reference_vs_lean	lnptg025942l1	rfNW0240577961	16
reference_vs_lean	lnptg000102l1	rfNC0523391	15
reference_vs_lean	lnptg000190l1	rfNC0523251	15
reference_vs_lean	lnptg000258l1	rfNC0523231	15
reference_vs_lean	lnptg000259l1	rfNC0523381	15
reference_vs_lean	lnptg000623l1	rfNC0523241	15
reference_vs_lean	lnptg000821l1	rfNC0523181	15
reference_vs_lean	lnptg000841l1	rfNC0523291	15
reference_vs_lean	lnptg000891l1	rfNC0523091	15
reference_vs_lean	lnptg000907l1	rfNC0523481	15
reference_vs_lean	lnptg000924l1	rfNC0523221	15
reference_vs_lean	lnptg001007l1	rfNC0523141	15
reference_vs_lean	lnptg001068l1	rfNC0523471	15
reference_vs_lean	lnptg001196l1	rfNC0523301	15
reference_vs_lean	lnptg001252l1	rfNC0523371	15
reference_vs_lean	lnptg001304l1	rfNC0523411	15
reference_vs_lean	lnptg001329l1	rfNC0523461	15
reference_vs_lean	lnptg001348l1	rfNC0523411	15
reference_vs_lean	lnptg001425l1	rfNC0523091	15
reference_vs_lean	lnptg001574l1	rfNC0523151	15
reference_vs_lean	lnptg001592l1	rfNC0523071	15
reference_vs_lean	lnptg001681l1	rfNC0523341	15
reference_vs_lean	lnptg001770l1	rfNC0523421	15
reference_vs_lean	lnptg002101l1	rfNC0523311	15
reference_vs_lean	lnptg002242l1	rfNC0523131	15
reference_vs_lean	lnptg002379l1	rfNC0523251	15
reference_vs_lean	lnptg002536l1	rfNC0523081	15
reference_vs_lean	lnptg002629l1	rfNC0523461	15
reference_vs_lean	lnptg002742l1	rfNC0523091	15
reference_vs_lean	lnptg002899l1	rfNC0523151	15
reference_vs_lean	lnptg003033l1	rfNC0523091	15
reference_vs_lean	lnptg003201l1	rfNC0523261	15
reference_vs_lean	lnptg003609l1	rfNC0523381	15
reference_vs_lean	lnptg003638l1	rfNC0523371	15
reference_vs_lean	lnptg003726l1	rfNC0523081	15
reference_vs_lean	lnptg003812l1	rfNC0523251	15
reference_vs_lean	lnptg003849l1	rfNC0523071	15
reference_vs_lean	lnptg003977l1	rfNC0523301	15
reference_vs_lean	lnptg004808l1	rfNC0523101	15
reference_vs_lean	lnptg005154l1	rfNC0523231	15
reference_vs_lean	lnptg005786l1	rfNC0523101	15
reference_vs_lean	lnptg005935l1	rfNC0523171	15
reference_vs_lean	lnptg006199l1	rfNC0523071	15
reference_vs_lean	lnptg006839l1	rfNC0523431	15
reference_vs_lean	lnptg007120l1	rfNC0523111	15
reference_vs_lean	lnptg007384l1	rfNC0523091	15
reference_vs_lean	lnptg012727l1	rfNW0240607361	15
reference_vs_lean	lnptg017063l1	rfNC0523131	15
reference_vs_lean	lnptg000014l1	rfNC0523431	14
reference_vs_lean	lnptg000068l1	rfNC0523261	14
reference_vs_lean	lnptg000070l1	rfNW0240593191	14
reference_vs_lean	lnptg000123l1	rfNC0523101	14
reference_vs_lean	lnptg000150l1	rfNC0523471	14
reference_vs_lean	lnptg000306l1	rfNC0523371	14
reference_vs_lean	lnptg000333l1	rfNC0523091	14
reference_vs_lean	lnptg000345l1	rfNC0523321	14
reference_vs_lean	lnptg000573l1	rfNC0523181	14
reference_vs_lean	lnptg000584l1	rfNC0523261	14
reference_vs_lean	lnptg000646l1	rfNC0523441	14
reference_vs_lean	lnptg000666l1	rfNC0523351	14
reference_vs_lean	lnptg000686l1	rfNC0523391	14
reference_vs_lean	lnptg000733l1	rfNC0523271	14
reference_vs_lean	lnptg000853l1	rfNC0523191	14
reference_vs_lean	lnptg000916l1	rfNC0523391	14
reference_vs_lean	lnptg000961l1	rfNC0523251	14
reference_vs_lean	lnptg000981l1	rfNC0523361	14
reference_vs_lean	lnptg001028l1	rfNC0523131	14
reference_vs_lean	lnptg001039l1	rfNC0523251	14
reference_vs_lean	lnptg001053l1	rfNC0523211	14
reference_vs_lean	lnptg001099l1	rfNC0523221	14
reference_vs_lean	lnptg001111l1	rfNC0523401	14
reference_vs_lean	lnptg001135l1	rfNC0523171	14
reference_vs_lean	lnptg001284l1	rfNC0523401	14
reference_vs_lean	lnptg001288l1	rfNC0523071	14
reference_vs_lean	lnptg001327l1	rfNC0523271	14
reference_vs_lean	lnptg001525l1	rfNC0523111	14
reference_vs_lean	lnptg001545l1	rfNC0523351	14
reference_vs_lean	lnptg001580l1	rfNC0523201	14
reference_vs_lean	lnptg001586l1	rfNC0523401	14
reference_vs_lean	lnptg001610l1	rfNC0523091	14
reference_vs_lean	lnptg001641l1	rfNC0523071	14
reference_vs_lean	lnptg001826l1	rfNC0523421	14
reference_vs_lean	lnptg001864l1	rfNC0523371	14
reference_vs_lean	lnptg001928l1	rfNC0523191	14
reference_vs_lean	lnptg001942l1	rfNC0523361	14
reference_vs_lean	lnptg001979l1	rfNC0523251	14
reference_vs_lean	lnptg002034l1	rfNC0523101	14
reference_vs_lean	lnptg002048l1	rfNC0523151	14
reference_vs_lean	lnptg002073l1	rfNC0523371	14
reference_vs_lean	lnptg002193l1	rfNC0523221	14
reference_vs_lean	lnptg002256l1	rfNC0523431	14
reference_vs_lean	lnptg002484l1	rfNC0523161	14
reference_vs_lean	lnptg002522l1	rfNW0240582071	14
reference_vs_lean	lnptg002549l1	rfNC0523091	14
reference_vs_lean	lnptg002563l1	rfNC0523351	14
reference_vs_lean	lnptg002620l1	rfNC0523131	14
reference_vs_lean	lnptg002674l1	rfNC0523071	14
reference_vs_lean	lnptg002680l1	rfNC0523211	14
reference_vs_lean	lnptg002885l1	rfNC0523081	14
reference_vs_lean	lnptg002910l1	rfNC0523221	14
reference_vs_lean	lnptg003051l1	rfNC0523111	14
reference_vs_lean	lnptg003439l1	rfNC0523221	14
reference_vs_lean	lnptg003584l1	rfNC0523321	14
reference_vs_lean	lnptg003703l1	rfNC0523301	14
reference_vs_lean	lnptg003741l1	rfNC0523281	14
reference_vs_lean	lnptg003770l1	rfNC0523341	14
reference_vs_lean	lnptg003778l1	rfNC0523371	14
reference_vs_lean	lnptg003828l1	rfNC0523101	14
reference_vs_lean	lnptg003951l1	rfNC0523071	14
reference_vs_lean	lnptg003954l1	rfNC0523351	14
reference_vs_lean	lnptg004043l1	rfNC0523321	14
reference_vs_lean	lnptg004351l1	rfNC0523141	14
reference_vs_lean	lnptg004413l1	rfNC0523181	14
reference_vs_lean	lnptg004414l1	rfNC0523111	14
reference_vs_lean	lnptg004603l1	rfNC0523401	14
reference_vs_lean	lnptg004760l1	rfNC0523181	14
reference_vs_lean	lnptg004922l1	rfNC0523141	14
reference_vs_lean	lnptg004950l1	rfNC0523241	14
reference_vs_lean	lnptg006080l1	rfNC0523221	14
reference_vs_lean	lnptg006279l1	rfNW0240616411	14
reference_vs_lean	lnptg006581l1	rfNC0523081	14
reference_vs_lean	lnptg007329l1	rfNC0523271	14
reference_vs_lean	lnptg012727l1	rfNC0523271	14
reference_vs_lean	lnptg012862l1	rfNC0523331	14
reference_vs_lean	lnptg014348l1	rfNC0523161	14
reference_vs_lean	lnptg015061l1	rfNC0523191	14
reference_vs_lean	lnptg000013l1	rfNC0523401	13
reference_vs_lean	lnptg000017l1	rfNC0523161	13
reference_vs_lean	lnptg000051l1	rfNC0523121	13
reference_vs_lean	lnptg000053l1	rfNC0523111	13
reference_vs_lean	lnptg000065l1	rfNC0523131	13
reference_vs_lean	lnptg000073l1	rfNC0523461	13
reference_vs_lean	lnptg000185l1	rfNC0523281	13
reference_vs_lean	lnptg000227l1	rfNC0523161	13
reference_vs_lean	lnptg000240l1	rfNC0523101	13
reference_vs_lean	lnptg000363l1	rfNC0523091	13
reference_vs_lean	lnptg000367l1	rfNC0523101	13
reference_vs_lean	lnptg000380l1	rfNC0523141	13
reference_vs_lean	lnptg000442l1	rfNC0523131	13
reference_vs_lean	lnptg000513l1	rfNC0523311	13
reference_vs_lean	lnptg000518l1	rfNC0523201	13
reference_vs_lean	lnptg000586l1	rfNC0523211	13
reference_vs_lean	lnptg000593l1	rfNC0523261	13
reference_vs_lean	lnptg000620l1	rfNC0523411	13
reference_vs_lean	lnptg000711l1	rfNC0523241	13
reference_vs_lean	lnptg000715l1	rfNC0523201	13
reference_vs_lean	lnptg000721l1	rfNC0523211	13
reference_vs_lean	lnptg000820l1	rfNW0240616411	13
reference_vs_lean	lnptg000827l1	rfNC0523461	13
reference_vs_lean	lnptg000921l1	rfNC0523261	13
reference_vs_lean	lnptg000928l1	rfNC0523111	13
reference_vs_lean	lnptg000975l1	rfNC0523361	13
reference_vs_lean	lnptg001037l1	rfNC0523261	13
reference_vs_lean	lnptg001055l1	rfNC0523411	13
reference_vs_lean	lnptg001114l1	rfNC0523081	13
reference_vs_lean	lnptg001117l1	rfNC0523241	13
reference_vs_lean	lnptg001142l1	rfNC0523181	13
reference_vs_lean	lnptg001167l1	rfNC0523141	13
reference_vs_lean	lnptg001218l1	rfNC0523371	13
reference_vs_lean	lnptg001305l1	rfNC0523151	13
reference_vs_lean	lnptg001333l1	rfNC0523191	13
reference_vs_lean	lnptg001440l1	rfNC0523351	13
reference_vs_lean	lnptg001501l1	rfNC0523311	13
reference_vs_lean	lnptg001562l1	rfNC0523331	13
reference_vs_lean	lnptg001607l1	rfNC0523291	13
reference_vs_lean	lnptg001795l1	rfNC0523071	13
reference_vs_lean	lnptg001802l1	rfNC0523251	13
reference_vs_lean	lnptg001936l1	rfNC0523281	13
reference_vs_lean	lnptg001949l1	rfNC0523431	13
reference_vs_lean	lnptg001978l1	rfNC0523181	13
reference_vs_lean	lnptg002032l1	rfNC0523141	13
reference_vs_lean	lnptg002258l1	rfNC0523401	13
reference_vs_lean	lnptg002273l1	rfNC0523341	13
reference_vs_lean	lnptg002336l1	rfNC0523151	13
reference_vs_lean	lnptg002491l1	rfNC0523251	13
reference_vs_lean	lnptg002557l1	rfNC0523111	13
reference_vs_lean	lnptg002573l1	rfNC0523221	13
reference_vs_lean	lnptg002581l1	rfNC0523391	13
reference_vs_lean	lnptg002709l1	rfNC0523141	13
reference_vs_lean	lnptg002832l1	rfNC0523081	13
reference_vs_lean	lnptg002868l1	rfNC0523321	13
reference_vs_lean	lnptg002937l1	rfNC0523131	13
reference_vs_lean	lnptg003200l1	rfNC0523421	13
reference_vs_lean	lnptg003308l1	rfNC0523181	13
reference_vs_lean	lnptg003336l1	rfNC0523111	13
reference_vs_lean	lnptg003466l1	rfNC0523131	13
reference_vs_lean	lnptg003499l1	rfNC0523351	13
reference_vs_lean	lnptg003656l1	rfNC0523201	13
reference_vs_lean	lnptg003661l1	rfNC0523081	13
reference_vs_lean	lnptg003992l1	rfNC0523311	13
reference_vs_lean	lnptg004051l1	rfNC0523171	13
reference_vs_lean	lnptg004056l1	rfNC0523101	13
reference_vs_lean	lnptg004363l1	rfNC0523481	13
reference_vs_lean	lnptg004372l1	rfNC0523441	13
reference_vs_lean	lnptg004536l1	rfNC0523071	13
reference_vs_lean	lnptg004685l1	rfNC0523271	13
reference_vs_lean	lnptg004929l1	rfNC0523241	13
reference_vs_lean	lnptg005500l1	rfNC0523331	13
reference_vs_lean	lnptg005535l1	rfNC0523081	13
reference_vs_lean	lnptg005781l1	rfNC0523321	13
reference_vs_lean	lnptg005862l1	rfNC0523171	13
reference_vs_lean	lnptg006362l1	rfNC0523091	13
reference_vs_lean	lnptg006516l1	rfNW0240594661	13
reference_vs_lean	lnptg008209l1	rfNC0523111	13
reference_vs_lean	lnptg013830l1	rfNC0523451	13
reference_vs_lean	lnptg015651l1	rfNW0240579951	13
reference_vs_lean	lnptg000003l1	rfNC0523351	12
reference_vs_lean	lnptg000111l1	rfNC0523091	12
reference_vs_lean	lnptg000116l1	rfNC0523421	12
reference_vs_lean	lnptg000199l1	rfNC0523351	12
reference_vs_lean	lnptg000231l1	rfNC0523111	12
reference_vs_lean	lnptg000299l1	rfNC0523161	12
reference_vs_lean	lnptg000343l1	rfNC0523421	12
reference_vs_lean	lnptg000355l1	rfNC0523421	12
reference_vs_lean	lnptg000393l1	rfNC0523071	12
reference_vs_lean	lnptg000467l1	rfNC0523361	12
reference_vs_lean	lnptg000524l1	rfNC0523151	12
reference_vs_lean	lnptg000595l1	rfNC0523431	12
reference_vs_lean	lnptg000657l1	rfNC0523421	12
reference_vs_lean	lnptg000761l1	rfNC0523201	12
reference_vs_lean	lnptg000804l1	rfNC0523371	12
reference_vs_lean	lnptg000946l1	rfNC0523401	12
reference_vs_lean	lnptg000978l1	rfNC0523101	12
reference_vs_lean	lnptg001044l1	rfNC0523191	12
reference_vs_lean	lnptg001162l1	rfNC0523381	12
reference_vs_lean	lnptg001168l1	rfNC0523321	12
reference_vs_lean	lnptg001230l1	rfNC0523341	12
reference_vs_lean	lnptg001263l1	rfNW0240616191	12
reference_vs_lean	lnptg001346l1	rfNC0523201	12
reference_vs_lean	lnptg001457l1	rfNC0523421	12
reference_vs_lean	lnptg001575l1	rfNC0523091	12
reference_vs_lean	lnptg001579l1	rfNC0523321	12
reference_vs_lean	lnptg001620l1	rfNC0523111	12
reference_vs_lean	lnptg001703l1	rfNC0523291	12
reference_vs_lean	lnptg001707l1	rfNC0523091	12
reference_vs_lean	lnptg001781l1	rfNC0523331	12
reference_vs_lean	lnptg001803l1	rfNC0523401	12
reference_vs_lean	lnptg001870l1	rfNC0523371	12
reference_vs_lean	lnptg001882l1	rfNW0240592101	12
reference_vs_lean	lnptg001977l1	rfNC0523091	12
reference_vs_lean	lnptg002066l1	rfNC0523191	12
reference_vs_lean	lnptg002069l1	rfNC0523461	12
reference_vs_lean	lnptg002165l1	rfNC0523171	12
reference_vs_lean	lnptg002355l1	rfNC0523371	12
reference_vs_lean	lnptg002376l1	rfNC0523141	12
reference_vs_lean	lnptg002390l1	rfNC0523101	12
reference_vs_lean	lnptg002455l1	rfNC0523461	12
reference_vs_lean	lnptg002609l1	rfNC0523221	12
reference_vs_lean	lnptg002656l1	rfNC0523121	12
reference_vs_lean	lnptg002792l1	rfNC0523251	12
reference_vs_lean	lnptg002801l1	rfNC0523261	12
reference_vs_lean	lnptg002848l1	rfNC0523241	12
reference_vs_lean	lnptg002881l1	rfNC0523121	12
reference_vs_lean	lnptg002925l1	rfNC0523161	12
reference_vs_lean	lnptg003027l1	rfNC0523251	12
reference_vs_lean	lnptg003178l1	rfNC0523461	12
reference_vs_lean	lnptg003365l1	rfNC0523211	12
reference_vs_lean	lnptg003377l1	rfNW0240592851	12
reference_vs_lean	lnptg003806l1	rfNC0523221	12
reference_vs_lean	lnptg003810l1	rfNC0523371	12
reference_vs_lean	lnptg003825l1	rfNC0523271	12
reference_vs_lean	lnptg003826l1	rfNC0523331	12
reference_vs_lean	lnptg003848l1	rfNC0523331	12
reference_vs_lean	lnptg003870l1	rfNC0523151	12
reference_vs_lean	lnptg003893l1	rfNC0523361	12
reference_vs_lean	lnptg003972l1	rfNC0523141	12
reference_vs_lean	lnptg004073l1	rfNC0523271	12
reference_vs_lean	lnptg004230l1	rfNC0523311	12
reference_vs_lean	lnptg004255l1	rfNC0523351	12
reference_vs_lean	lnptg004435l1	rfNC0523161	12
reference_vs_lean	lnptg004443l1	rfNC0523071	12
reference_vs_lean	lnptg004481l1	rfNC0523431	12
reference_vs_lean	lnptg004639l1	rfNC0523071	12
reference_vs_lean	lnptg004722l1	rfNC0523381	12
reference_vs_lean	lnptg004994l1	rfNC0523201	12
reference_vs_lean	lnptg005074l1	rfNC0523241	12
reference_vs_lean	lnptg005259l1	rfNC0523161	12
reference_vs_lean	lnptg005525l1	rfNC0523101	12
reference_vs_lean	lnptg005701l1	rfNC0523131	12
reference_vs_lean	lnptg006032l1	rfNC0523221	12
reference_vs_lean	lnptg006184l1	rfNC0523481	12
reference_vs_lean	lnptg007115l1	rfNC0523101	12
reference_vs_lean	lnptg007413l1	rfNC0523101	12
reference_vs_lean	lnptg012325l1	rfNC0523291	12
reference_vs_lean	lnptg012467l1	rfNC0523131	12
reference_vs_lean	lnptg013194l1	rfNC0523181	12
reference_vs_lean	lnptg014387l1	rfNC0523261	12
reference_vs_lean	lnptg026102l1	rfNC0523131	12
reference_vs_lean	lnptg000031l1	rfNC0523081	11
reference_vs_lean	lnptg000056l1	rfNC0523101	11
reference_vs_lean	lnptg000100l1	rfNC0523381	11
reference_vs_lean	lnptg000166l1	rfNC0523141	11
reference_vs_lean	lnptg000216l1	rfNC0523251	11
reference_vs_lean	lnptg000263l1	rfNC0523091	11
reference_vs_lean	lnptg000320l1	rfNC0523361	11
reference_vs_lean	lnptg000375l1	rfNC0523191	11
reference_vs_lean	lnptg000426l1	rfNC0523111	11
reference_vs_lean	lnptg000448l1	rfNC0523251	11
reference_vs_lean	lnptg000498l1	rfNC0523451	11
reference_vs_lean	lnptg000521l1	rfNC0523161	11
reference_vs_lean	lnptg000583l1	rfNC0523111	11
reference_vs_lean	lnptg000641l1	rfNC0523201	11
reference_vs_lean	lnptg000734l1	rfNC0523111	11
reference_vs_lean	lnptg000742l1	rfNC0523161	11
reference_vs_lean	lnptg000748l1	rfNC0523321	11
reference_vs_lean	lnptg000892l1	rfNC0523231	11
reference_vs_lean	lnptg000896l1	rfNC0523411	11
reference_vs_lean	lnptg000918l1	rfNC0523161	11
reference_vs_lean	lnptg000925l1	rfNC0523481	11
reference_vs_lean	lnptg000947l1	rfNC0523181	11
reference_vs_lean	lnptg001109l1	rfNC0523121	11
reference_vs_lean	lnptg001126l1	rfNC0523201	11
reference_vs_lean	lnptg001189l1	rfNC0523071	11
reference_vs_lean	lnptg001216l1	rfNC0523131	11
reference_vs_lean	lnptg001222l1	rfNC0523321	11
reference_vs_lean	lnptg001254l1	rfNC0523311	11
reference_vs_lean	lnptg001332l1	rfNC0523211	11
reference_vs_lean	lnptg001332l1	rfNC0523231	11
reference_vs_lean	lnptg001374l1	rfNC0523091	11
reference_vs_lean	lnptg001428l1	rfNC0523121	11
reference_vs_lean	lnptg001432l1	rfNC0523071	11
reference_vs_lean	lnptg001444l1	rfNC0523111	11
reference_vs_lean	lnptg001448l1	rfNC0523411	11
reference_vs_lean	lnptg001666l1	rfNC0523141	11
reference_vs_lean	lnptg001784l1	rfNC0523281	11
reference_vs_lean	lnptg001808l1	rfNC0523141	11
reference_vs_lean	lnptg001856l1	rfNC0523071	11
reference_vs_lean	lnptg001898l1	rfNC0523301	11
reference_vs_lean	lnptg001921l1	rfNC0523221	11
reference_vs_lean	lnptg001983l1	rfNC0523371	11
reference_vs_lean	lnptg002120l1	rfNC0523071	11
reference_vs_lean	lnptg002188l1	rfNC0523141	11
reference_vs_lean	lnptg002197l1	rfNC0523361	11
reference_vs_lean	lnptg002226l1	rfNC0523371	11
reference_vs_lean	lnptg002394l1	rfNC0523151	11
reference_vs_lean	lnptg002544l1	rfNC0523081	11
reference_vs_lean	lnptg002964l1	rfNC0523341	11
reference_vs_lean	lnptg002998l1	rfNC0523331	11
reference_vs_lean	lnptg003003l1	rfNC0523141	11
reference_vs_lean	lnptg003047l1	rfNC0523191	11
reference_vs_lean	lnptg003089l1	rfNC0523141	11
reference_vs_lean	lnptg003452l1	rfNC0523331	11
reference_vs_lean	lnptg003453l1	rfNC0523231	11
reference_vs_lean	lnptg003459l1	rfNC0523101	11
reference_vs_lean	lnptg003465l1	rfNC0523081	11
reference_vs_lean	lnptg003478l1	rfNC0523331	11
reference_vs_lean	lnptg003536l1	rfNC0523071	11
reference_vs_lean	lnptg003605l1	rfNC0523381	11
reference_vs_lean	lnptg003657l1	rfNW0240613631	11
reference_vs_lean	lnptg003758l1	rfNC0523141	11
reference_vs_lean	lnptg003897l1	rfNC0523241	11
reference_vs_lean	lnptg004160l1	rfNC0523091	11
reference_vs_lean	lnptg004371l1	rfNC0523151	11
reference_vs_lean	lnptg004375l1	rfNC0523381	11
reference_vs_lean	lnptg004652l1	rfNW0240577311	11
reference_vs_lean	lnptg004855l1	rfNC0523171	11
reference_vs_lean	lnptg004927l1	rfNC0523081	11
reference_vs_lean	lnptg004969l1	rfNC0523341	11
reference_vs_lean	lnptg005114l1	rfNC0523201	11
reference_vs_lean	lnptg005120l1	rfNC0523301	11
reference_vs_lean	lnptg005123l1	rfNC0523371	11
reference_vs_lean	lnptg005266l1	rfNC0523261	11
reference_vs_lean	lnptg005283l1	rfNC0523191	11
reference_vs_lean	lnptg005472l1	rfNC0523121	11
reference_vs_lean	lnptg005596l1	rfNC0523421	11
reference_vs_lean	lnptg005625l1	rfNC0523371	11
reference_vs_lean	lnptg005710l1	rfNC0523311	11
reference_vs_lean	lnptg005855l1	rfNC0523131	11
reference_vs_lean	lnptg006015l1	rfNC0523071	11
reference_vs_lean	lnptg006275l1	rfNC0523351	11
reference_vs_lean	lnptg006745l1	rfNC0523271	11
reference_vs_lean	lnptg006905l1	rfNC0523071	11
reference_vs_lean	lnptg007122l1	rfNC0523431	11
reference_vs_lean	lnptg007511l1	rfNC0523261	11
reference_vs_lean	lnptg007566l1	rfNC0523341	11
reference_vs_lean	lnptg007657l1	rfNW0240613481	11
reference_vs_lean	lnptg008108l1	rfNC0523091	11
reference_vs_lean	lnptg008602l1	rfNW0240604521	11
reference_vs_lean	lnptg012245l1	rfNC0523411	11
reference_vs_lean	lnptg012459l1	rfNC0523281	11
reference_vs_lean	lnptg012639l1	rfNC0523181	11
reference_vs_lean	lnptg012749l1	rfNC0523231	11
reference_vs_lean	lnptg014028l1	rfNC0523391	11
reference_vs_lean	lnptg014333l1	rfNC0523391	11
reference_vs_lean	lnptg000139l1	rfNC0523111	10
reference_vs_lean	lnptg000294l1	rfNC0523331	10
reference_vs_lean	lnptg000423l1	rfNC0523151	10
reference_vs_lean	lnptg000576l1	rfNC0523451	10
reference_vs_lean	lnptg000581l1	rfNC0523391	10
reference_vs_lean	lnptg000598l1	rfNC0523251	10
reference_vs_lean	lnptg000651l1	rfNC0523341	10
reference_vs_lean	lnptg000668l1	rfNC0523251	10
reference_vs_lean	lnptg000769l1	rfNC0523261	10
reference_vs_lean	lnptg000830l1	rfNC0523071	10
reference_vs_lean	lnptg000845l1	rfNC0523341	10
reference_vs_lean	lnptg000903l1	rfNC0523341	10
reference_vs_lean	lnptg000994l1	rfNC0523091	10
reference_vs_lean	lnptg001090l1	rfNC0523071	10
reference_vs_lean	lnptg001139l1	rfNC0523351	10
reference_vs_lean	lnptg001171l1	rfNC0523151	10
reference_vs_lean	lnptg001182l1	rfNC0523141	10
reference_vs_lean	lnptg001220l1	rfNC0523361	10
reference_vs_lean	lnptg001290l1	rfNC0523211	10
reference_vs_lean	lnptg001320l1	rfNC0523081	10
reference_vs_lean	lnptg001414l1	rfNC0523131	10
reference_vs_lean	lnptg001447l1	rfNC0523301	10
reference_vs_lean	lnptg001483l1	rfNC0523321	10
reference_vs_lean	lnptg001490l1	rfNC0523321	10
reference_vs_lean	lnptg001498l1	rfNC0523201	10
reference_vs_lean	lnptg001510l1	rfNC0523311	10
reference_vs_lean	lnptg001563l1	rfNC0523411	10
reference_vs_lean	lnptg001590l1	rfNC0523251	10
reference_vs_lean	lnptg001693l1	rfNC0523141	10
reference_vs_lean	lnptg001753l1	rfNC0523271	10
reference_vs_lean	lnptg001881l1	rfNC0523291	10
reference_vs_lean	lnptg002023l1	rfNC0523201	10
reference_vs_lean	lnptg002029l1	rfNC0523101	10
reference_vs_lean	lnptg002089l1	rfNC0523451	10
reference_vs_lean	lnptg002125l1	rfNC0523111	10
reference_vs_lean	lnptg002260l1	rfNC0523111	10
reference_vs_lean	lnptg002263l1	rfNC0523071	10
reference_vs_lean	lnptg002269l1	rfNC0523251	10
reference_vs_lean	lnptg002278l1	rfNC0523081	10
reference_vs_lean	lnptg002299l1	rfNC0523111	10
reference_vs_lean	lnptg002315l1	rfNC0523381	10
reference_vs_lean	lnptg002362l1	rfNC0523071	10
reference_vs_lean	lnptg002391l1	rfNC0523141	10
reference_vs_lean	lnptg002401l1	rfNC0523341	10
reference_vs_lean	lnptg002402l1	rfNC0523271	10
reference_vs_lean	lnptg002431l1	rfNC0523111	10
reference_vs_lean	lnptg002567l1	rfNC0523401	10
reference_vs_lean	lnptg002572l1	rfNC0523111	10
reference_vs_lean	lnptg002588l1	rfNC0523071	10
reference_vs_lean	lnptg002847l1	rfNC0523211	10
reference_vs_lean	lnptg002912l1	rfNC0523211	10
reference_vs_lean	lnptg002926l1	rfNC0523281	10
reference_vs_lean	lnptg002966l1	rfNC0523371	10
reference_vs_lean	lnptg002967l1	rfNC0523411	10
reference_vs_lean	lnptg002982l1	rfNC0523221	10
reference_vs_lean	lnptg003004l1	rfNC0523081	10
reference_vs_lean	lnptg003045l1	rfNC0523391	10
reference_vs_lean	lnptg003061l1	rfNC0523261	10
reference_vs_lean	lnptg003080l1	rfNC0523321	10
reference_vs_lean	lnptg003096l1	rfNC0523181	10
reference_vs_lean	lnptg003174l1	rfNC0523191	10
reference_vs_lean	lnptg003323l1	rfNC0523411	10
reference_vs_lean	lnptg003373l1	rfNC0523261	10
reference_vs_lean	lnptg003448l1	rfNC0523371	10
reference_vs_lean	lnptg003461l1	rfNC0523171	10
reference_vs_lean	lnptg003690l1	rfNC0523321	10
reference_vs_lean	lnptg003746l1	rfNC0523071	10
reference_vs_lean	lnptg003747l1	rfNC0523161	10
reference_vs_lean	lnptg003985l1	rfNC0523251	10
reference_vs_lean	lnptg004007l1	rfNC0523221	10
reference_vs_lean	lnptg004245l1	rfNC0523241	10
reference_vs_lean	lnptg004283l1	rfNC0523341	10
reference_vs_lean	lnptg004388l1	rfNC0523101	10
reference_vs_lean	lnptg004401l1	rfNW0240606741	10
reference_vs_lean	lnptg004409l1	rfNC0523131	10
reference_vs_lean	lnptg004423l1	rfNC0523201	10
reference_vs_lean	lnptg004518l1	rfNC0523451	10
reference_vs_lean	lnptg004692l1	rfNC0523291	10
reference_vs_lean	lnptg004771l1	rfNC0523261	10
reference_vs_lean	lnptg004820l1	rfNC0523331	10
reference_vs_lean	lnptg004915l1	rfNW0240615751	10
reference_vs_lean	lnptg004940l1	rfNC0523101	10
reference_vs_lean	lnptg004966l1	rfNC0523241	10
reference_vs_lean	lnptg005088l1	rfNC0523071	10
reference_vs_lean	lnptg005094l1	rfNC0523311	10
reference_vs_lean	lnptg005458l1	rfNC0523291	10
reference_vs_lean	lnptg005976l1	rfNW0240597191	10
reference_vs_lean	lnptg006194l1	rfNC0523391	10
reference_vs_lean	lnptg007314l1	rfNC0523111	10
reference_vs_lean	lnptg007315l1	rfNC0523371	10
reference_vs_lean	lnptg007850l1	rfNC0523321	10
reference_vs_lean	lnptg007968l1	rfNC0523381	10
reference_vs_lean	lnptg008017l1	rfNC0523171	10
reference_vs_lean	lnptg009487l1	rfNC0523111	10
reference_vs_lean	lnptg010952l1	rfNC0523461	10
reference_vs_lean	lnptg011951l1	rfNC0523121	10
reference_vs_lean	lnptg011974l1	rfNC0523191	10
reference_vs_lean	lnptg012035l1	rfNC0523181	10
reference_vs_lean	lnptg012187l1	rfNC0523201	10
reference_vs_lean	lnptg013255l1	rfNC0523301	10
reference_vs_lean	lnptg013531l1	rfNC0523131	10
reference_vs_lean	lnptg016776l1	rfNC0523441	10
reference_vs_lean	lnptg000013l1	rfNC0523481	9
reference_vs_lean	lnptg000106l1	rfNC0523281	9
reference_vs_lean	lnptg000134l1	rfNC0523091	9
reference_vs_lean	lnptg000167l1	rfNC0523371	9
reference_vs_lean	lnptg000182l1	rfNC0523091	9
reference_vs_lean	lnptg000195l1	rfNC0523091	9
reference_vs_lean	lnptg000197l1	rfNC0523471	9
reference_vs_lean	lnptg000281l1	rfNC0523221	9
reference_vs_lean	lnptg000301l1	rfNC0523321	9
reference_vs_lean	lnptg000342l1	rfNC0523391	9
reference_vs_lean	lnptg000405l1	rfNC0523421	9
reference_vs_lean	lnptg000436l1	rfNW0240585201	9
reference_vs_lean	lnptg000587l1	rfNC0523141	9
reference_vs_lean	lnptg000647l1	rfNC0523241	9
reference_vs_lean	lnptg000731l1	rfNC0523331	9
reference_vs_lean	lnptg000747l1	rfNC0523101	9
reference_vs_lean	lnptg000785l1	rfNC0523301	9
reference_vs_lean	lnptg000958l1	rfNC0523101	9
reference_vs_lean	lnptg000980l1	rfNC0523101	9
reference_vs_lean	lnptg001027l1	rfNC0523261	9
reference_vs_lean	lnptg001127l1	rfNC0523091	9
reference_vs_lean	lnptg001132l1	rfNC0523421	9
reference_vs_lean	lnptg001185l1	rfNC0523121	9
reference_vs_lean	lnptg001229l1	rfNC0523271	9
reference_vs_lean	lnptg001303l1	rfNC0523071	9
reference_vs_lean	lnptg001369l1	rfNC0523151	9
reference_vs_lean	lnptg001377l1	rfNC0523141	9
reference_vs_lean	lnptg001407l1	rfNC0523071	9
reference_vs_lean	lnptg001503l1	rfNC0523111	9
reference_vs_lean	lnptg001569l1	rfNC0523401	9
reference_vs_lean	lnptg001591l1	rfNC0523281	9
reference_vs_lean	lnptg001609l1	rfNC0523211	9
reference_vs_lean	lnptg001670l1	rfNC0523101	9
reference_vs_lean	lnptg001711l1	rfNC0523151	9
reference_vs_lean	lnptg001738l1	rfNC0523341	9
reference_vs_lean	lnptg001777l1	rfNC0523201	9
reference_vs_lean	lnptg001778l1	rfNW0240604521	9
reference_vs_lean	lnptg001858l1	rfNC0523411	9
reference_vs_lean	lnptg001862l1	rfNC0523071	9
reference_vs_lean	lnptg001914l1	rfNC0523401	9
reference_vs_lean	lnptg001965l1	rfNC0523111	9
reference_vs_lean	lnptg001996l1	rfNC0523071	9
reference_vs_lean	lnptg002041l1	rfNC0523301	9
reference_vs_lean	lnptg002047l1	rfNC0523391	9
reference_vs_lean	lnptg002134l1	rfNC0523211	9
reference_vs_lean	lnptg002167l1	rfNC0523141	9
reference_vs_lean	lnptg002192l1	rfNC0523391	9
reference_vs_lean	lnptg002194l1	rfNC0523181	9
reference_vs_lean	lnptg002200l1	rfNW0240611221	9
reference_vs_lean	lnptg002365l1	rfNC0523071	9
reference_vs_lean	lnptg002374l1	rfNC0523081	9
reference_vs_lean	lnptg002387l1	rfNC0523481	9
reference_vs_lean	lnptg002452l1	rfNW0240576751	9
reference_vs_lean	lnptg002461l1	rfNC0523231	9
reference_vs_lean	lnptg002466l1	rfNC0523091	9
reference_vs_lean	lnptg002532l1	rfNC0523131	9
reference_vs_lean	lnptg002539l1	rfNC0523271	9
reference_vs_lean	lnptg002606l1	rfNC0523371	9
reference_vs_lean	lnptg002660l1	rfNC0523351	9
reference_vs_lean	lnptg002740l1	rfNC0523281	9
reference_vs_lean	lnptg002751l1	rfNC0523211	9
reference_vs_lean	lnptg002819l1	rfNC0523211	9
reference_vs_lean	lnptg002917l1	rfNC0523151	9
reference_vs_lean	lnptg003075l1	rfNC0523411	9
reference_vs_lean	lnptg003146l1	rfNC0523401	9
reference_vs_lean	lnptg003163l1	rfNC0523261	9
reference_vs_lean	lnptg003289l1	rfNC0523311	9
reference_vs_lean	lnptg003338l1	rfNC0523411	9
reference_vs_lean	lnptg003361l1	rfNC0523341	9
reference_vs_lean	lnptg003429l1	rfNW0240613311	9
reference_vs_lean	lnptg003448l1	rfNC0523161	9
reference_vs_lean	lnptg003450l1	rfNC0523261	9
reference_vs_lean	lnptg003454l1	rfNC0523471	9
reference_vs_lean	lnptg003678l1	rfNC0523161	9
reference_vs_lean	lnptg003729l1	rfNC0523391	9
reference_vs_lean	lnptg003745l1	rfNC0523181	9
reference_vs_lean	lnptg003765l1	rfNC0523171	9
reference_vs_lean	lnptg003768l1	rfNC0523171	9
reference_vs_lean	lnptg003830l1	rfNC0523441	9
reference_vs_lean	lnptg003932l1	rfNC0523231	9
reference_vs_lean	lnptg003938l1	rfNC0523141	9
reference_vs_lean	lnptg003968l1	rfNC0523111	9
reference_vs_lean	lnptg004036l1	rfNC0523131	9
reference_vs_lean	lnptg004048l1	rfNW0240611801	9
reference_vs_lean	lnptg004061l1	rfNC0523421	9
reference_vs_lean	lnptg004151l1	rfNC0523091	9
reference_vs_lean	lnptg004172l1	rfNC0523271	9
reference_vs_lean	lnptg004201l1	rfNC0523461	9
reference_vs_lean	lnptg004361l1	rfNC0523311	9
reference_vs_lean	lnptg004814l1	rfNC0523401	9
reference_vs_lean	lnptg004851l1	rfNW0240614121	9
reference_vs_lean	lnptg004859l1	rfNC0523131	9
reference_vs_lean	lnptg005045l1	rfNW0240613081	9
reference_vs_lean	lnptg005133l1	rfNC0523181	9
reference_vs_lean	lnptg005193l1	rfNC0523351	9
reference_vs_lean	lnptg005342l1	rfNC0523121	9
reference_vs_lean	lnptg005351l1	rfNC0523201	9
reference_vs_lean	lnptg005384l1	rfNC0523111	9
reference_vs_lean	lnptg005457l1	rfNC0523181	9
reference_vs_lean	lnptg005497l1	rfNC0523161	9
reference_vs_lean	lnptg005601l1	rfNC0523401	9
reference_vs_lean	lnptg005978l1	rfNC0523201	9
reference_vs_lean	lnptg006169l1	rfNC0523391	9
reference_vs_lean	lnptg006270l1	rfNC0523131	9
reference_vs_lean	lnptg006545l1	rfNC0523121	9
reference_vs_lean	lnptg006630l1	rfNC0523331	9
reference_vs_lean	lnptg006821l1	rfNC0523331	9
reference_vs_lean	lnptg007117l1	rfNC0523111	9
reference_vs_lean	lnptg007259l1	rfNC0523231	9
reference_vs_lean	lnptg007613l1	rfNC0523391	9
reference_vs_lean	lnptg007787l1	rfNC0523171	9
reference_vs_lean	lnptg007864l1	rfNW0240607761	9
reference_vs_lean	lnptg007937l1	rfNC0523121	9
reference_vs_lean	lnptg008076l1	rfNC0523371	9
reference_vs_lean	lnptg008116l1	rfNC0523471	9
reference_vs_lean	lnptg008147l1	rfNC0523121	9
reference_vs_lean	lnptg008264l1	rfNC0523221	9
reference_vs_lean	lnptg009442l1	rfNC0523071	9
reference_vs_lean	lnptg009737l1	rfNC0523181	9
reference_vs_lean	lnptg011659l1	rfNC0523331	9
reference_vs_lean	lnptg011909l1	rfNC0523461	9
reference_vs_lean	lnptg012553l1	rfNC0523421	9
reference_vs_lean	lnptg012952l1	rfNC0523381	9
reference_vs_lean	lnptg013185l1	rfNC0523371	9
reference_vs_lean	lnptg013575l1	rfNC0523241	9
reference_vs_lean	lnptg000004l1	rfNC0523171	8
reference_vs_lean	lnptg000006l1	rfNC0523401	8
reference_vs_lean	lnptg000020l1	rfNC0523281	8
reference_vs_lean	lnptg000229l1	rfNC0523421	8
reference_vs_lean	lnptg000310l1	rfNC0523141	8
reference_vs_lean	lnptg000369l1	rfNC0523091	8
reference_vs_lean	lnptg000394l1	rfNC0523231	8
reference_vs_lean	lnptg000436l1	rfNW0240613631	8
reference_vs_lean	lnptg000476l1	rfNC0523091	8
reference_vs_lean	lnptg000495l1	rfNC0523081	8
reference_vs_lean	lnptg000525l1	rfNC0523271	8
reference_vs_lean	lnptg000530l1	rfNC0523271	8
reference_vs_lean	lnptg000609l1	rfNC0523251	8
reference_vs_lean	lnptg000654l1	rfNC0523071	8
reference_vs_lean	lnptg000659l1	rfNC0523331	8
reference_vs_lean	lnptg000667l1	rfNC0523181	8
reference_vs_lean	lnptg000729l1	rfNC0523201	8
reference_vs_lean	lnptg000740l1	rfNC0523291	8
reference_vs_lean	lnptg000776l1	rfNC0523151	8
reference_vs_lean	lnptg000778l1	rfNC0523291	8
reference_vs_lean	lnptg000786l1	rfNC0523121	8
reference_vs_lean	lnptg000796l1	rfNC0523371	8
reference_vs_lean	lnptg000803l1	rfNC0523231	8
reference_vs_lean	lnptg000804l1	rfNC0523091	8
reference_vs_lean	lnptg000926l1	rfNC0523331	8
reference_vs_lean	lnptg000964l1	rfNC0523251	8
reference_vs_lean	lnptg000976l1	rfNC0523201	8
reference_vs_lean	lnptg000979l1	rfNC0523091	8
reference_vs_lean	lnptg000993l1	rfNC0523071	8
reference_vs_lean	lnptg001010l1	rfNW0240607521	8
reference_vs_lean	lnptg001031l1	rfNC0523291	8
reference_vs_lean	lnptg001036l1	rfNC0523391	8
reference_vs_lean	lnptg001123l1	rfNC0523281	8
reference_vs_lean	lnptg001197l1	rfNC0523121	8
reference_vs_lean	lnptg001209l1	rfNC0523271	8
reference_vs_lean	lnptg001215l1	rfNC0523121	8
reference_vs_lean	lnptg001243l1	rfNC0523221	8
reference_vs_lean	lnptg001255l1	rfNC0523261	8
reference_vs_lean	lnptg001264l1	rfNC0523351	8
reference_vs_lean	lnptg001408l1	rfNC0523391	8
reference_vs_lean	lnptg001431l1	rfNC0523151	8
reference_vs_lean	lnptg001466l1	rfNC0523211	8
reference_vs_lean	lnptg001480l1	rfNC0523071	8
reference_vs_lean	lnptg001523l1	rfNC0523101	8
reference_vs_lean	lnptg001574l1	rfNC0523471	8
reference_vs_lean	lnptg001751l1	rfNC0523171	8
reference_vs_lean	lnptg001773l1	rfNC0523271	8
reference_vs_lean	lnptg001846l1	rfNC0523231	8
reference_vs_lean	lnptg001872l1	rfNC0523221	8
reference_vs_lean	lnptg001975l1	rfNC0523181	8
reference_vs_lean	lnptg002207l1	rfNC0523261	8
reference_vs_lean	lnptg002234l1	rfNC0523131	8
reference_vs_lean	lnptg002341l1	rfNC0523131	8
reference_vs_lean	lnptg002361l1	rfNC0523181	8
reference_vs_lean	lnptg002366l1	rfNC0523131	8
reference_vs_lean	lnptg002388l1	rfNC0523271	8
reference_vs_lean	lnptg002708l1	rfNC0523101	8
reference_vs_lean	lnptg002713l1	rfNC0523271	8
reference_vs_lean	lnptg002814l1	rfNW0240577581	8
reference_vs_lean	lnptg002981l1	rfNC0523211	8
reference_vs_lean	lnptg002999c1	rfNC0523411	8
reference_vs_lean	lnptg003148l1	rfNC0523351	8
reference_vs_lean	lnptg003234l1	rfNC0523171	8
reference_vs_lean	lnptg003355l1	rfNC0523341	8
reference_vs_lean	lnptg003395l1	rfNC0523131	8
reference_vs_lean	lnptg003401l1	rfNC0523171	8
reference_vs_lean	lnptg003418l1	rfNC0523271	8
reference_vs_lean	lnptg003509l1	rfNC0523151	8
reference_vs_lean	lnptg003532l1	rfNC0523281	8
reference_vs_lean	lnptg003562l1	rfNC0523221	8
reference_vs_lean	lnptg003654l1	rfNC0523111	8
reference_vs_lean	lnptg003687l1	rfNC0523241	8
reference_vs_lean	lnptg003719l1	rfNC0523401	8
reference_vs_lean	lnptg003738l1	rfNC0523191	8
reference_vs_lean	lnptg003774l1	rfNC0523191	8
reference_vs_lean	lnptg003793l1	rfNC0523251	8
reference_vs_lean	lnptg003857l1	rfNC0523071	8
reference_vs_lean	lnptg003909l1	rfNC0523111	8
reference_vs_lean	lnptg003971l1	rfNC0523371	8
reference_vs_lean	lnptg004048l1	rfNC0523081	8
reference_vs_lean	lnptg004063l1	rfNC0523201	8
reference_vs_lean	lnptg004079l1	rfNW0240609501	8
reference_vs_lean	lnptg004095l1	rfNC0523201	8
reference_vs_lean	lnptg004105l1	rfNC0523131	8
reference_vs_lean	lnptg004106l1	rfNC0523341	8
reference_vs_lean	lnptg004237l1	rfNC0523311	8
reference_vs_lean	lnptg004378l1	rfNC0523391	8
reference_vs_lean	lnptg004406l1	rfNC0523081	8
reference_vs_lean	lnptg004431l1	rfNC0523171	8
reference_vs_lean	lnptg004461l1	rfNC0523231	8
reference_vs_lean	lnptg004573l1	rfNC0523161	8
reference_vs_lean	lnptg004736l1	rfNC0523161	8
reference_vs_lean	lnptg004792l1	rfNC0523081	8
reference_vs_lean	lnptg004802l1	rfNC0523091	8
reference_vs_lean	lnptg004886l1	rfNC0523451	8
reference_vs_lean	lnptg004931l1	rfNC0523231	8
reference_vs_lean	lnptg005075l1	rfNC0523371	8
reference_vs_lean	lnptg005291l1	rfNC0523211	8
reference_vs_lean	lnptg005355l1	rfNC0523091	8
reference_vs_lean	lnptg005424l1	rfNC0523461	8
reference_vs_lean	lnptg005443l1	rfNW0240603861	8
reference_vs_lean	lnptg005522l1	rfNC0523401	8
reference_vs_lean	lnptg005565l1	rfNC0523251	8
reference_vs_lean	lnptg005570l1	rfNC0523301	8
reference_vs_lean	lnptg005685l1	rfNC0523081	8
reference_vs_lean	lnptg005912l1	rfNW0240588311	8
reference_vs_lean	lnptg005949l1	rfNC0523231	8
reference_vs_lean	lnptg006120l1	rfNC0523081	8
reference_vs_lean	lnptg006185l1	rfNC0523301	8
reference_vs_lean	lnptg006342l1	rfNC0523201	8
reference_vs_lean	lnptg006373l1	rfNC0523111	8
reference_vs_lean	lnptg007019l1	rfNC0523461	8
reference_vs_lean	lnptg007560l1	rfNC0523171	8
reference_vs_lean	lnptg007721l1	rfNC0523071	8
reference_vs_lean	lnptg007727l1	rfNC0523141	8
reference_vs_lean	lnptg008044l1	rfNC0523211	8
reference_vs_lean	lnptg008195l1	rfNC0523271	8
reference_vs_lean	lnptg008214l1	rfNC0523331	8
reference_vs_lean	lnptg008456l1	rfNC0523431	8
reference_vs_lean	lnptg008546l1	rfNC0523341	8
reference_vs_lean	lnptg008790l1	rfNC0523381	8
reference_vs_lean	lnptg010056l1	rfNC0523341	8
reference_vs_lean	lnptg010309l1	rfNC0523371	8
reference_vs_lean	lnptg011899l1	rfNC0523161	8
reference_vs_lean	lnptg012115l1	rfNC0523321	8
reference_vs_lean	lnptg012478l1	rfNC0523111	8
reference_vs_lean	lnptg012748l1	rfNC0523461	8
reference_vs_lean	lnptg013128l1	rfNC0523221	8
reference_vs_lean	lnptg019327l1	rfNC0523341	8
reference_vs_lean	lnptg020995l1	rfNC0523461	8
reference_vs_lean	lnptg000007l1	rfNC0523401	7
reference_vs_lean	lnptg000036l1	rfNC0523341	7
reference_vs_lean	lnptg000084l1	rfNC0523371	7
reference_vs_lean	lnptg000184l1	rfNC0523361	7
reference_vs_lean	lnptg000194l1	rfNC0523141	7
reference_vs_lean	lnptg000198l1	rfNW0240579201	7
reference_vs_lean	lnptg000200l1	rfNC0523251	7
reference_vs_lean	lnptg000276l1	rfNC0523271	7
reference_vs_lean	lnptg000325l1	rfNC0523141	7
reference_vs_lean	lnptg000389l1	rfNC0523221	7
reference_vs_lean	lnptg000400l1	rfNC0523481	7
reference_vs_lean	lnptg000401l1	rfNW0240603041	7
reference_vs_lean	lnptg000411l1	rfNC0523301	7
reference_vs_lean	lnptg000470l1	rfNC0523351	7
reference_vs_lean	lnptg000491l1	rfNC0523131	7
reference_vs_lean	lnptg000505l1	rfNC0523151	7
reference_vs_lean	lnptg000510l1	rfNC0523341	7
reference_vs_lean	lnptg000523l1	rfNC0523151	7
reference_vs_lean	lnptg000532l1	rfNC0523401	7
reference_vs_lean	lnptg000604l1	rfNC0523441	7
reference_vs_lean	lnptg000656l1	rfNC0523141	7
reference_vs_lean	lnptg000660l1	rfNC0523111	7
reference_vs_lean	lnptg000685l1	rfNC0523071	7
reference_vs_lean	lnptg000695l1	rfNC0523401	7
reference_vs_lean	lnptg000704l1	rfNC0523081	7
reference_vs_lean	lnptg000763l1	rfNC0523191	7
reference_vs_lean	lnptg000774l1	rfNW0240611971	7
reference_vs_lean	lnptg000828l1	rfNC0523271	7
reference_vs_lean	lnptg000835l1	rfNC0523261	7
reference_vs_lean	lnptg000938l1	rfNC0523261	7
reference_vs_lean	lnptg000948l1	rfNC0523081	7
reference_vs_lean	lnptg000994l1	rfNW0240616861	7
reference_vs_lean	lnptg001048l1	rfNC0523151	7
reference_vs_lean	lnptg001059l1	rfNC0523111	7
reference_vs_lean	lnptg001105l1	rfNC0523171	7
reference_vs_lean	lnptg001121l1	rfNC0523071	7
reference_vs_lean	lnptg001145l1	rfNC0523281	7
reference_vs_lean	lnptg001163l1	rfNC0523241	7
reference_vs_lean	lnptg001194l1	rfNC0523151	7
reference_vs_lean	lnptg001227l1	rfNC0523231	7
reference_vs_lean	lnptg001242l1	rfNC0523421	7
reference_vs_lean	lnptg001263l1	rfNW0240611811	7
reference_vs_lean	lnptg001390l1	rfNC0523431	7
reference_vs_lean	lnptg001392l1	rfNC0523171	7
reference_vs_lean	lnptg001402l1	rfNC0523441	7
reference_vs_lean	lnptg001404l1	rfNC0523261	7
reference_vs_lean	lnptg001467l1	rfNC0523091	7
reference_vs_lean	lnptg001469l1	rfNW0240590531	7
reference_vs_lean	lnptg001486l1	rfNC0523101	7
reference_vs_lean	lnptg001491l1	rfNC0523191	7
reference_vs_lean	lnptg001496l1	rfNC0523071	7
reference_vs_lean	lnptg001540l1	rfNC0523131	7
reference_vs_lean	lnptg001618l1	rfNC0523281	7
reference_vs_lean	lnptg001633l1	rfNC0523471	7
reference_vs_lean	lnptg001635l1	rfNC0523461	7
reference_vs_lean	lnptg001636l1	rfNC0523341	7
reference_vs_lean	lnptg001679l1	rfNC0523281	7
reference_vs_lean	lnptg001833l1	rfNC0523211	7
reference_vs_lean	lnptg001931l1	rfNC0523341	7
reference_vs_lean	lnptg001961l1	rfNC0523221	7
reference_vs_lean	lnptg001997l1	rfNC0523371	7
reference_vs_lean	lnptg002021l1	rfNC0523161	7
reference_vs_lean	lnptg002075l1	rfNC0523121	7
reference_vs_lean	lnptg002177l1	rfNC0523191	7
reference_vs_lean	lnptg002178l1	rfNC0523101	7
reference_vs_lean	lnptg002186l1	rfNC0523431	7
reference_vs_lean	lnptg002227l1	rfNC0523481	7
reference_vs_lean	lnptg002237l1	rfNW0240612551	7
reference_vs_lean	lnptg002288l1	rfNC0523191	7
reference_vs_lean	lnptg002316l1	rfNC0523251	7
reference_vs_lean	lnptg002318l1	rfNC0523141	7
reference_vs_lean	lnptg002323l1	rfNC0523091	7
reference_vs_lean	lnptg002326l1	rfNC0523111	7
reference_vs_lean	lnptg002359l1	rfNC0523091	7
reference_vs_lean	lnptg002373l1	rfNC0523091	7
reference_vs_lean	lnptg002403l1	rfNC0523361	7
reference_vs_lean	lnptg002448l1	rfNC0523251	7
reference_vs_lean	lnptg002452l1	rfNW0240578641	7
reference_vs_lean	lnptg002456l1	rfNC0523321	7
reference_vs_lean	lnptg002467l1	rfNW0240617191	7
reference_vs_lean	lnptg002496l1	rfNC0523161	7
reference_vs_lean	lnptg002536l1	rfNC0523121	7
reference_vs_lean	lnptg002579l1	rfNC0523101	7
reference_vs_lean	lnptg002626l1	rfNC0523091	7
reference_vs_lean	lnptg002645l1	rfNC0523351	7
reference_vs_lean	lnptg002666l1	rfNC0523271	7
reference_vs_lean	lnptg002697l1	rfNC0523131	7
reference_vs_lean	lnptg002753l1	rfNC0523441	7
reference_vs_lean	lnptg002764l1	rfNC0523401	7
reference_vs_lean	lnptg002880l1	rfNC0523091	7
reference_vs_lean	lnptg002886l1	rfNC0523381	7
reference_vs_lean	lnptg002887l1	rfNC0523111	7
reference_vs_lean	lnptg002918l1	rfNC0523401	7
reference_vs_lean	lnptg002927l1	rfNC0523151	7
reference_vs_lean	lnptg002929l1	rfNC0523391	7
reference_vs_lean	lnptg003049l1	rfNC0523411	7
reference_vs_lean	lnptg003051l1	rfNC0523351	7
reference_vs_lean	lnptg003109l1	rfNC0523091	7
reference_vs_lean	lnptg003214l1	rfNC0523371	7
reference_vs_lean	lnptg003230l1	rfNC0523481	7
reference_vs_lean	lnptg003364l1	rfNC0523321	7
reference_vs_lean	lnptg003367l1	rfNC0523151	7
reference_vs_lean	lnptg003376l1	rfNC0523201	7
reference_vs_lean	lnptg003377l1	rfNW0240599331	7
reference_vs_lean	lnptg003400l1	rfNC0523261	7
reference_vs_lean	lnptg003416l1	rfNC0523371	7
reference_vs_lean	lnptg003547l1	rfNC0523131	7
reference_vs_lean	lnptg003564l1	rfNC0523261	7
reference_vs_lean	lnptg003601l1	rfNC0523381	7
reference_vs_lean	lnptg003657l1	rfNC0523221	7
reference_vs_lean	lnptg003672l1	rfNC0523271	7
reference_vs_lean	lnptg003680l1	rfNC0523211	7
reference_vs_lean	lnptg003683l1	rfNC0523271	7
reference_vs_lean	lnptg003696l1	rfNC0523371	7
reference_vs_lean	lnptg003755l1	rfNC0523371	7
reference_vs_lean	lnptg003818l1	rfNC0523071	7
reference_vs_lean	lnptg003879l1	rfNC0523111	7
reference_vs_lean	lnptg003969l1	rfNC0523331	7
reference_vs_lean	lnptg003984l1	rfNC0523341	7
reference_vs_lean	lnptg003994l1	rfNC0523271	7
reference_vs_lean	lnptg004020l1	rfNC0523141	7
reference_vs_lean	lnptg004053l1	rfNC0523421	7
reference_vs_lean	lnptg004115l1	rfNC0523331	7
reference_vs_lean	lnptg004117l1	rfNC0523111	7
reference_vs_lean	lnptg004154l1	rfNC0523131	7
reference_vs_lean	lnptg004155l1	rfNC0523471	7
reference_vs_lean	lnptg004401l1	rfNW0240592251	7
reference_vs_lean	lnptg004496l1	rfNC0523401	7
reference_vs_lean	lnptg004497l1	rfNC0523281	7
reference_vs_lean	lnptg004661l1	rfNC0523171	7
reference_vs_lean	lnptg004703l1	rfNC0523291	7
reference_vs_lean	lnptg004739l1	rfNC0523191	7
reference_vs_lean	lnptg004764l1	rfNC0523221	7
reference_vs_lean	lnptg004842l1	rfNC0523171	7
reference_vs_lean	lnptg004956l1	rfNC0523241	7
reference_vs_lean	lnptg004992l1	rfNC0523111	7
reference_vs_lean	lnptg005102l1	rfNC0523101	7
reference_vs_lean	lnptg005201l1	rfNC0523171	7
reference_vs_lean	lnptg005358l1	rfNC0523481	7
reference_vs_lean	lnptg005540l1	rfNC0523201	7
reference_vs_lean	lnptg005602l1	rfNC0523231	7
reference_vs_lean	lnptg005648l1	rfNC0523201	7
reference_vs_lean	lnptg005687l1	rfNC0523291	7
reference_vs_lean	lnptg005814l1	rfNC0523421	7
reference_vs_lean	lnptg005851l1	rfNC0523241	7
reference_vs_lean	lnptg005960l1	rfNC0523401	7
reference_vs_lean	lnptg006060l1	rfNC0523321	7
reference_vs_lean	lnptg006076l1	rfNW0240616201	7
reference_vs_lean	lnptg006079l1	rfNC0523401	7
reference_vs_lean	lnptg006122l1	rfNC0523191	7
reference_vs_lean	lnptg006160l1	rfNC0523121	7
reference_vs_lean	lnptg006252l1	rfNC0523071	7
reference_vs_lean	lnptg006618l1	rfNC0523221	7
reference_vs_lean	lnptg006621l1	rfNC0523171	7
reference_vs_lean	lnptg006661l1	rfNC0523351	7
reference_vs_lean	lnptg006802l1	rfNC0523251	7
reference_vs_lean	lnptg006858l1	rfNC0523431	7
reference_vs_lean	lnptg006866l1	rfNC0523421	7
reference_vs_lean	lnptg006897l1	rfNC0523131	7
reference_vs_lean	lnptg007001l1	rfNC0523231	7
reference_vs_lean	lnptg007018l1	rfNC0523431	7
reference_vs_lean	lnptg007215l1	rfNC0523121	7
reference_vs_lean	lnptg007255l1	rfNC0523141	7
reference_vs_lean	lnptg007258l1	rfNC0523131	7
reference_vs_lean	lnptg007260l1	rfNC0523351	7
reference_vs_lean	lnptg007337l1	rfNC0523081	7
reference_vs_lean	lnptg007386l1	rfNC0523461	7
reference_vs_lean	lnptg007681l1	rfNC0523201	7
reference_vs_lean	lnptg007728l1	rfNC0523291	7
reference_vs_lean	lnptg008103l1	rfNC0523131	7
reference_vs_lean	lnptg008108l1	rfNW0240614701	7
reference_vs_lean	lnptg008133l1	rfNC0523291	7
reference_vs_lean	lnptg008236l1	rfNC0523191	7
reference_vs_lean	lnptg008674l1	rfNW0240591531	7
reference_vs_lean	lnptg009452l1	rfNC0523221	7
reference_vs_lean	lnptg010670l1	rfNC0523231	7
reference_vs_lean	lnptg010994l1	rfNC0523201	7
reference_vs_lean	lnptg011008l1	rfNC0523071	7
reference_vs_lean	lnptg011096l1	rfNC0523441	7
reference_vs_lean	lnptg011492l1	rfNC0523331	7
reference_vs_lean	lnptg012099l1	rfNC0523131	7
reference_vs_lean	lnptg012155l1	rfNC0523291	7
reference_vs_lean	lnptg012201l1	rfNC0523341	7
reference_vs_lean	lnptg012300l1	rfNC0523221	7
reference_vs_lean	lnptg012950l1	rfNC0523091	7
reference_vs_lean	lnptg012965l1	rfNC0523131	7
reference_vs_lean	lnptg013233l1	rfNC0523151	7
reference_vs_lean	lnptg013526l1	rfNC0523421	7
reference_vs_lean	lnptg013602l1	rfNC0523071	7
reference_vs_lean	lnptg014280l1	rfNC0523271	7
reference_vs_lean	lnptg014827l1	rfNC0523391	7
reference_vs_lean	lnptg015736l1	rfNC0523181	7
reference_vs_lean	lnptg020443l1	rfNC0523391	7
reference_vs_lean	lnptg000027l1	rfNC0523321	6
reference_vs_lean	lnptg000058l1	rfNC0523081	6
reference_vs_lean	lnptg000112l1	rfNC0523221	6
reference_vs_lean	lnptg000130l1	rfNC0523161	6
reference_vs_lean	lnptg000184l1	rfNW0240597411	6
reference_vs_lean	lnptg000223l1	rfNC0523281	6
reference_vs_lean	lnptg000251l1	rfNC0523191	6
reference_vs_lean	lnptg000286l1	rfNC0523121	6
reference_vs_lean	lnptg000289l1	rfNC0523121	6
reference_vs_lean	lnptg000335l1	rfNC0523121	6
reference_vs_lean	lnptg000362l1	rfNC0523111	6
reference_vs_lean	lnptg000383l1	rfNC0523151	6
reference_vs_lean	lnptg000445l1	rfNC0523131	6
reference_vs_lean	lnptg000539l1	rfNC0523231	6
reference_vs_lean	lnptg000601l1	rfNC0523201	6
reference_vs_lean	lnptg000614l1	rfNC0523151	6
reference_vs_lean	lnptg000786l1	rfNC0523161	6
reference_vs_lean	lnptg000858l1	rfNC0523171	6
reference_vs_lean	lnptg000876l1	rfNC0523101	6
reference_vs_lean	lnptg000932l1	rfNC0523361	6
reference_vs_lean	lnptg000944l1	rfNC0523101	6
reference_vs_lean	lnptg001054l1	rfNC0523181	6
reference_vs_lean	lnptg001069l1	rfNC0523101	6
reference_vs_lean	lnptg001120l1	rfNC0523241	6
reference_vs_lean	lnptg001134l1	rfNC0523381	6
reference_vs_lean	lnptg001143l1	rfNC0523361	6
reference_vs_lean	lnptg001160l1	rfNC0523251	6
reference_vs_lean	lnptg001208l1	rfNW0240602301	6
reference_vs_lean	lnptg001272l1	rfNC0523111	6
reference_vs_lean	lnptg001315l1	rfNC0523451	6
reference_vs_lean	lnptg001390l1	rfNW0240603411	6
reference_vs_lean	lnptg001497l1	rfNC0523211	6
reference_vs_lean	lnptg001511l1	rfNC0523441	6
reference_vs_lean	lnptg001536l1	rfNC0523231	6
reference_vs_lean	lnptg001559l1	rfNC0523281	6
reference_vs_lean	lnptg001566l1	rfNC0523131	6
reference_vs_lean	lnptg001640l1	rfNC0523291	6
reference_vs_lean	lnptg001646l1	rfNC0523251	6
reference_vs_lean	lnptg001653l1	rfNC0523231	6
reference_vs_lean	lnptg001766l1	rfNW0240609301	6
reference_vs_lean	lnptg001811l1	rfNC0523071	6
reference_vs_lean	lnptg001814l1	rfNC0523321	6
reference_vs_lean	lnptg001818l1	rfNC0523231	6
reference_vs_lean	lnptg001916l1	rfNC0523071	6
reference_vs_lean	lnptg001916l1	rfNW0240576901	6
reference_vs_lean	lnptg001974l1	rfNC0523091	6
reference_vs_lean	lnptg002045l1	rfNC0523321	6
reference_vs_lean	lnptg002061l1	rfNC0523091	6
reference_vs_lean	lnptg002107l1	rfNC0523071	6
reference_vs_lean	lnptg002186l1	rfNC0523111	6
reference_vs_lean	lnptg002334l1	rfNC0523091	6
reference_vs_lean	lnptg002493l1	rfNC0523081	6
reference_vs_lean	lnptg002548l1	rfNW0240596741	6
reference_vs_lean	lnptg002552l1	rfNC0523461	6
reference_vs_lean	lnptg002558l1	rfNC0523071	6
reference_vs_lean	lnptg002662l1	rfNC0523091	6
reference_vs_lean	lnptg002828l1	rfNC0523111	6
reference_vs_lean	lnptg002829l1	rfNC0523161	6
reference_vs_lean	lnptg002894l1	rfNC0523391	6
reference_vs_lean	lnptg003044l1	rfNC0523201	6
reference_vs_lean	lnptg003286l1	rfNC0523361	6
reference_vs_lean	lnptg003335l1	rfNC0523291	6
reference_vs_lean	lnptg003351l1	rfNC0523231	6
reference_vs_lean	lnptg003421l1	rfNC0523451	6
reference_vs_lean	lnptg003429l1	rfNW0240612301	6
reference_vs_lean	lnptg003608l1	rfNC0523221	6
reference_vs_lean	lnptg003698l1	rfNC0523351	6
reference_vs_lean	lnptg004002l1	rfNC0523181	6
reference_vs_lean	lnptg004039l1	rfNC0523411	6
reference_vs_lean	lnptg004232l1	rfNC0523401	6
reference_vs_lean	lnptg004248l1	rfNC0523351	6
reference_vs_lean	lnptg004340l1	rfNC0523431	6
reference_vs_lean	lnptg004590l1	rfNC0523091	6
reference_vs_lean	lnptg004657l1	rfNC0523331	6
reference_vs_lean	lnptg004689l1	rfNC0523091	6
reference_vs_lean	lnptg005019l1	rfNC0523081	6
reference_vs_lean	lnptg005021l1	rfNC0523481	6
reference_vs_lean	lnptg005071l1	rfNW0240613621	6
reference_vs_lean	lnptg005107l1	rfNC0523071	6
reference_vs_lean	lnptg005339l1	rfNC0523351	6
reference_vs_lean	lnptg005470l1	rfNC0523351	6
reference_vs_lean	lnptg005566l1	rfNC0523351	6
reference_vs_lean	lnptg005635l1	rfNC0523091	6
reference_vs_lean	lnptg005797l1	rfNC0523351	6
reference_vs_lean	lnptg005802l1	rfNC0523101	6
reference_vs_lean	lnptg005916l1	rfNC0523391	6
reference_vs_lean	lnptg005972l1	rfNC0523311	6
reference_vs_lean	lnptg005998l1	rfNC0523441	6
reference_vs_lean	lnptg006315l1	rfNC0523301	6
reference_vs_lean	lnptg007137l1	rfNW0240603641	6
reference_vs_lean	lnptg007754l1	rfNC0523101	6
reference_vs_lean	lnptg007866l1	rfNC0523131	6
reference_vs_lean	lnptg008182l1	rfNC0523191	6
reference_vs_lean	lnptg008412l1	rfNW0240587861	6
reference_vs_lean	lnptg009458l1	rfNC0523121	6
reference_vs_lean	lnptg009733l1	rfNC0523351	6
reference_vs_lean	lnptg011884l1	rfNC0523161	6
reference_vs_lean	lnptg011994l1	rfNC0523371	6
reference_vs_lean	lnptg012064l1	rfNC0523231	6
reference_vs_lean	lnptg012186l1	rfNC0523301	6
reference_vs_lean	lnptg013922l1	rfNC0523381	6
reference_vs_lean	lnptg014404l1	rfNC0523071	6
reference_vs_lean	lnptg000295l1	rfNC0523191	5
reference_vs_lean	lnptg000619l1	rfNC0523131	5
reference_vs_lean	lnptg001497l1	rfNC0523391	5
reference_vs_lean	lnptg002574l1	rfNC0523331	5
reference_vs_lean	lnptg003582l1	rfNC0523091	5
reference_vs_lean	lnptg003652l1	rfNC0523221	5
reference_vs_lean	lnptg003816l1	rfNC0523241	5
reference_vs_lean	lnptg004064l1	rfNC0523321	5
reference_vs_lean	lnptg004437l1	rfNC0523111	5
reference_vs_lean	lnptg005631l1	rfNC0523431	5
reference_vs_lean	lnptg006043l1	rfNC0523251	5
reference_vs_lean	lnptg006576l1	rfNC0523191	5
reference_vs_lean	lnptg007318l1	rfNC0523281	5
reference_vs_lean	lnptg012410l1	rfNC0523191	5
reference_vs_lean	lnptg012613l1	rfNC0523141	5
reference_vs_lean	lnptg012648l1	rfNC0523311	5
reference_vs_siscowet	rfNC0523081	siptg000450l1	242
reference_vs_siscowet	rfNC0523161	siptg000146l1	176
reference_vs_siscowet	rfNW0240584641	siptg009375l1	174
reference_vs_siscowet	rfNW0240601281	siptg005495l1	173
reference_vs_siscowet	rfNC0523141	siptg000497l1	147
reference_vs_siscowet	rfNC0523181	siptg000323l1	127
reference_vs_siscowet	rfNC0523181	siptg000727l1	121
reference_vs_siscowet	rfNC0523191	siptg001429l1	110
reference_vs_siscowet	rfNC0523481	siptg000784l1	109
reference_vs_siscowet	rfNC0523301	siptg000216l1	108
reference_vs_siscowet	rfNC0523411	siptg000352l1	106
reference_vs_siscowet	rfNC0523371	siptg004395l1	101
reference_vs_siscowet	rfNC0523321	siptg002058l1	100
reference_vs_siscowet	rfNC0523471	siptg000393l1	100
reference_vs_siscowet	rfNW0240592601	siptg004412l1	99
reference_vs_siscowet	rfNC0523461	siptg003449l1	97
reference_vs_siscowet	rfNC0523361	siptg000180l1	96
reference_vs_siscowet	rfNC0523211	siptg001172l1	87
reference_vs_siscowet	rfNC0523181	siptg001825l1	86
reference_vs_siscowet	rfNC0523461	siptg000524l1	85
reference_vs_siscowet	rfNC0523091	siptg000737l1	84
reference_vs_siscowet	rfNC0523081	siptg000945l1	83
reference_vs_siscowet	rfNC0523291	siptg001070l1	82
reference_vs_siscowet	rfNC0523371	siptg000025l1	82
reference_vs_siscowet	rfNC0523071	siptg003592l1	81
reference_vs_siscowet	rfNC0523081	siptg001393l1	81
reference_vs_siscowet	rfNC0523221	siptg000120l1	80
reference_vs_siscowet	rfNC0523261	siptg000490l1	80
reference_vs_siscowet	rfNC0523291	siptg000229l1	80
reference_vs_siscowet	rfNC0523221	siptg000641l1	79
reference_vs_siscowet	rfNC0523401	siptg000241l1	79
reference_vs_siscowet	rfNC0523431	siptg000055l1	79
reference_vs_siscowet	rfNC0523081	siptg003393l1	78
reference_vs_siscowet	rfNC0523301	siptg000733l1	78
reference_vs_siscowet	rfNW0240577441	siptg000173l1	78
reference_vs_siscowet	rfNC0523221	siptg000392l1	75
reference_vs_siscowet	rfNC0523121	siptg006612l1	74
reference_vs_siscowet	rfNC0523271	siptg000956l1	74
reference_vs_siscowet	rfNC0523071	siptg001596l1	73
reference_vs_siscowet	rfNC0523091	siptg000794l1	73
reference_vs_siscowet	rfNC0523241	siptg000359l1	72
reference_vs_siscowet	rfNC0523261	siptg000262l1	72
reference_vs_siscowet	rfNC0523091	siptg001168l1	71
reference_vs_siscowet	rfNC0523111	siptg004143l1	71
reference_vs_siscowet	rfNC0523171	siptg000842l1	71
reference_vs_siscowet	rfNC0523351	siptg000610l1	71
reference_vs_siscowet	rfNC0523441	siptg001861l1	70
reference_vs_siscowet	rfNC0523261	siptg000635l1	69
reference_vs_siscowet	rfNC0523401	siptg000130l1	68
reference_vs_siscowet	rfNC0523071	siptg000221l1	66
reference_vs_siscowet	rfNC0523381	siptg001776l1	66
reference_vs_siscowet	rfNC0523111	siptg000811l1	65
reference_vs_siscowet	rfNC0523241	siptg002499l1	64
reference_vs_siscowet	rfNC0523281	siptg000917l1	64
reference_vs_siscowet	rfNC0523081	siptg001143l1	63
reference_vs_siscowet	rfNC0523151	siptg001491l1	63
reference_vs_siscowet	rfNC0523261	siptg000084l1	63
reference_vs_siscowet	rfNC0523221	siptg002551l1	62
reference_vs_siscowet	rfNC0523261	siptg001025l1	62
reference_vs_siscowet	rfNC0523291	siptg000912l1	62
reference_vs_siscowet	rfNC0523301	siptg000240l1	62
reference_vs_siscowet	rfNC0523321	siptg000088l1	62
reference_vs_siscowet	rfNC0523431	siptg000412l1	62
reference_vs_siscowet	rfNC0523091	siptg001412l1	61
reference_vs_siscowet	rfNC0523121	siptg001072l1	61
reference_vs_siscowet	rfNC0523121	siptg006021l1	61
reference_vs_siscowet	rfNC0523291	siptg000759l1	61
reference_vs_siscowet	rfNC0523381	siptg000600l1	61
reference_vs_siscowet	rfNC0523111	siptg000062l1	60
reference_vs_siscowet	rfNC0523121	siptg001850l1	60
reference_vs_siscowet	rfNC0523171	siptg001364l1	60
reference_vs_siscowet	rfNC0523181	siptg000179l1	60
reference_vs_siscowet	rfNC0523211	siptg000078l1	60
reference_vs_siscowet	rfNC0523351	siptg001312l1	60
reference_vs_siscowet	rfNC0523071	siptg000924l1	59
reference_vs_siscowet	rfNC0523151	siptg000480l1	59
reference_vs_siscowet	rfNC0523181	siptg001636l1	59
reference_vs_siscowet	rfNC0523201	siptg000425l1	59
reference_vs_siscowet	rfNC0523211	siptg002297l1	59
reference_vs_siscowet	rfNC0523261	siptg000417l1	59
reference_vs_siscowet	rfNC0523091	siptg000464l1	58
reference_vs_siscowet	rfNC0523101	siptg000293l1	58
reference_vs_siscowet	rfNC0523151	siptg000550l1	58
reference_vs_siscowet	rfNC0523241	siptg000519l1	58
reference_vs_siscowet	rfNC0523181	siptg000027l1	57
reference_vs_siscowet	rfNC0523251	siptg000264l1	57
reference_vs_siscowet	rfNC0523311	siptg000657l1	57
reference_vs_siscowet	rfNC0523131	siptg000308l1	56
reference_vs_siscowet	rfNC0523261	siptg000023l1	56
reference_vs_siscowet	rfNC0523071	siptg000413l1	55
reference_vs_siscowet	rfNC0523331	siptg000181l1	55
reference_vs_siscowet	rfNC0523391	siptg000951l1	55
reference_vs_siscowet	rfNC0523071	siptg000387l1	54
reference_vs_siscowet	rfNC0523081	siptg000314l1	54
reference_vs_siscowet	rfNC0523091	siptg000473l1	54
reference_vs_siscowet	rfNC0523221	siptg001286l1	54
reference_vs_siscowet	rfNC0523071	siptg000442l1	53
reference_vs_siscowet	rfNC0523131	siptg000316l1	53
reference_vs_siscowet	rfNC0523141	siptg000341l1	53
reference_vs_siscowet	rfNC0523171	siptg000586l1	53
reference_vs_siscowet	rfNC0523231	siptg003771l1	53
reference_vs_siscowet	rfNC0523371	siptg000599l1	53
reference_vs_siscowet	rfNC0523071	siptg000851l1	52
reference_vs_siscowet	rfNC0523241	siptg001824l1	52
reference_vs_siscowet	rfNW0240611641	siptg003791l1	52
reference_vs_siscowet	rfNC0523181	siptg000440l1	51
reference_vs_siscowet	rfNC0523111	siptg000848l1	50
reference_vs_siscowet	rfNC0523201	siptg000173l1	50
reference_vs_siscowet	rfNC0523231	siptg000111l1	50
reference_vs_siscowet	rfNC0523471	siptg001556l1	50
reference_vs_siscowet	rfNC0523081	siptg000012l1	49
reference_vs_siscowet	rfNC0523101	siptg001610l1	49
reference_vs_siscowet	rfNC0523121	siptg000996l1	49
reference_vs_siscowet	rfNC0523271	siptg000350l1	49
reference_vs_siscowet	rfNC0523091	siptg000537l1	48
reference_vs_siscowet	rfNC0523201	siptg001099l1	48
reference_vs_siscowet	rfNC0523211	siptg000568l1	48
reference_vs_siscowet	rfNC0523321	siptg002301l1	48
reference_vs_siscowet	rfNC0523371	siptg000821l1	48
reference_vs_siscowet	rfNC0523431	siptg000089l1	48
reference_vs_siscowet	rfNC0523121	siptg000334l1	47
reference_vs_siscowet	rfNC0523141	siptg000891l1	47
reference_vs_siscowet	rfNC0523161	siptg000313l1	47
reference_vs_siscowet	rfNC0523371	siptg000967l1	47
reference_vs_siscowet	rfNC0523411	siptg000152l1	47
reference_vs_siscowet	rfNC0523081	siptg000566l1	46
reference_vs_siscowet	rfNC0523101	siptg002216l1	46
reference_vs_siscowet	rfNC0523231	siptg000462l1	46
reference_vs_siscowet	rfNC0523331	siptg002877l1	46
reference_vs_siscowet	rfNC0523441	siptg000609l1	46
reference_vs_siscowet	rfNC0523091	siptg003446l1	45
reference_vs_siscowet	rfNC0523111	siptg000345l1	45
reference_vs_siscowet	rfNC0523231	siptg000707l1	45
reference_vs_siscowet	rfNC0523261	siptg000105l1	45
reference_vs_siscowet	rfNC0523071	siptg005642l1	44
reference_vs_siscowet	rfNC0523081	siptg002411l1	44
reference_vs_siscowet	rfNC0523101	siptg000348l1	44
reference_vs_siscowet	rfNC0523101	siptg000836l1	44
reference_vs_siscowet	rfNC0523121	siptg001068l1	44
reference_vs_siscowet	rfNC0523221	siptg000495l1	44
reference_vs_siscowet	rfNC0523281	siptg001388l1	44
reference_vs_siscowet	rfNC0523311	siptg001488l1	44
reference_vs_siscowet	rfNC0523131	siptg001033l1	43
reference_vs_siscowet	rfNC0523381	siptg005085l1	43
reference_vs_siscowet	rfNC0523071	siptg000180l1	42
reference_vs_siscowet	rfNC0523101	siptg001159l1	42
reference_vs_siscowet	rfNC0523121	siptg001308l1	42
reference_vs_siscowet	rfNC0523161	siptg001433l1	42
reference_vs_siscowet	rfNC0523171	siptg000659l1	42
reference_vs_siscowet	rfNC0523221	siptg000582l1	42
reference_vs_siscowet	rfNC0523251	siptg000166l1	42
reference_vs_siscowet	rfNC0523251	siptg002887l1	42
reference_vs_siscowet	rfNC0523271	siptg001021l1	42
reference_vs_siscowet	rfNC0523311	siptg000596l1	42
reference_vs_siscowet	rfNC0523351	siptg000305l1	42
reference_vs_siscowet	rfNC0523351	siptg000379l1	42
reference_vs_siscowet	rfNC0523371	siptg000142l1	42
reference_vs_siscowet	rfNC0523371	siptg001127l1	42
reference_vs_siscowet	rfNC0523371	siptg002334l1	42
reference_vs_siscowet	rfNW0240580971	siptg009364l1	42
reference_vs_siscowet	rfNC0523081	siptg001228l1	41
reference_vs_siscowet	rfNC0523161	siptg000488l1	41
reference_vs_siscowet	rfNC0523241	siptg001177l1	41
reference_vs_siscowet	rfNC0523351	siptg002512l1	41
reference_vs_siscowet	rfNC0523391	siptg000227l1	41
reference_vs_siscowet	rfNC0523471	siptg000835l1	41
reference_vs_siscowet	rfNC0523091	siptg000183l1	40
reference_vs_siscowet	rfNC0523091	siptg000765l1	40
reference_vs_siscowet	rfNC0523091	siptg001777l1	40
reference_vs_siscowet	rfNC0523161	siptg000644l1	40
reference_vs_siscowet	rfNC0523201	siptg000799l1	40
reference_vs_siscowet	rfNC0523211	siptg001152l1	40
reference_vs_siscowet	rfNC0523271	siptg001293l1	40
reference_vs_siscowet	rfNC0523271	siptg001560l1	40
reference_vs_siscowet	rfNC0523291	siptg000923l1	40
reference_vs_siscowet	rfNC0523321	siptg002143l1	40
reference_vs_siscowet	rfNC0523091	siptg000881l1	39
reference_vs_siscowet	rfNC0523111	siptg001032l1	39
reference_vs_siscowet	rfNC0523151	siptg001896l1	39
reference_vs_siscowet	rfNC0523171	siptg000254l1	39
reference_vs_siscowet	rfNC0523171	siptg000949l1	39
reference_vs_siscowet	rfNC0523231	siptg001265l1	39
reference_vs_siscowet	rfNC0523251	siptg001870l1	39
reference_vs_siscowet	rfNC0523311	siptg000732l1	39
reference_vs_siscowet	rfNC0523321	siptg003256l1	39
reference_vs_siscowet	rfNC0523341	siptg000501l1	39
reference_vs_siscowet	rfNC0523081	siptg000539l1	38
reference_vs_siscowet	rfNC0523121	siptg003034l1	38
reference_vs_siscowet	rfNC0523241	siptg000950l1	38
reference_vs_siscowet	rfNC0523311	siptg001075l1	38
reference_vs_siscowet	rfNC0523341	siptg000809l1	38
reference_vs_siscowet	rfNC0523351	siptg000541l1	38
reference_vs_siscowet	rfNC0523361	siptg000508l1	38
reference_vs_siscowet	rfNC0523391	siptg001614l1	38
reference_vs_siscowet	rfNC0523451	siptg007915l1	38
reference_vs_siscowet	rfNC0523091	siptg000502l1	37
reference_vs_siscowet	rfNC0523111	siptg005338l1	37
reference_vs_siscowet	rfNC0523121	siptg000163l1	37
reference_vs_siscowet	rfNC0523131	siptg002771l1	37
reference_vs_siscowet	rfNC0523191	siptg004166l1	37
reference_vs_siscowet	rfNC0523281	siptg002714l1	37
reference_vs_siscowet	rfNC0523311	siptg002435l1	37
reference_vs_siscowet	rfNC0523361	siptg000888l1	37
reference_vs_siscowet	rfNC0523441	siptg004001l1	37
reference_vs_siscowet	rfNC0523081	siptg004412l1	36
reference_vs_siscowet	rfNC0523091	siptg000061l1	36
reference_vs_siscowet	rfNC0523091	siptg001942l1	36
reference_vs_siscowet	rfNC0523091	siptg002648l1	36
reference_vs_siscowet	rfNC0523111	siptg000639l1	36
reference_vs_siscowet	rfNC0523111	siptg001997l1	36
reference_vs_siscowet	rfNC0523111	siptg002886l1	36
reference_vs_siscowet	rfNC0523111	siptg003312l1	36
reference_vs_siscowet	rfNC0523131	siptg001359l1	36
reference_vs_siscowet	rfNC0523201	siptg000383l1	36
reference_vs_siscowet	rfNC0523241	siptg000011l1	36
reference_vs_siscowet	rfNC0523071	siptg000953l1	35
reference_vs_siscowet	rfNC0523101	siptg000374l1	35
reference_vs_siscowet	rfNC0523111	siptg000807l1	35
reference_vs_siscowet	rfNC0523131	siptg000082l1	35
reference_vs_siscowet	rfNC0523151	siptg000301l1	35
reference_vs_siscowet	rfNC0523151	siptg002986l1	35
reference_vs_siscowet	rfNC0523171	siptg000299l1	35
reference_vs_siscowet	rfNC0523201	siptg000651l1	35
reference_vs_siscowet	rfNC0523331	siptg000092l1	35
reference_vs_siscowet	rfNC0523371	siptg003847l1	35
reference_vs_siscowet	rfNC0523401	siptg001763l1	35
reference_vs_siscowet	rfNC0523081	siptg001169l1	34
reference_vs_siscowet	rfNC0523101	siptg000393l1	34
reference_vs_siscowet	rfNC0523101	siptg003635l1	34
reference_vs_siscowet	rfNC0523181	siptg018203l1	34
reference_vs_siscowet	rfNC0523201	siptg000244l1	34
reference_vs_siscowet	rfNC0523221	siptg000556l1	34
reference_vs_siscowet	rfNC0523411	siptg002288l1	34
reference_vs_siscowet	rfNC0523461	siptg000390l1	34
reference_vs_siscowet	rfNW0240613081	siptg002212l1	34
reference_vs_siscowet	rfNC0523071	siptg000719l1	33
reference_vs_siscowet	rfNC0523081	siptg001425l1	33
reference_vs_siscowet	rfNC0523101	siptg000049l1	33
reference_vs_siscowet	rfNC0523101	siptg001140l1	33
reference_vs_siscowet	rfNC0523121	siptg000343l1	33
reference_vs_siscowet	rfNC0523191	siptg002075l1	33
reference_vs_siscowet	rfNC0523271	siptg000040l1	33
reference_vs_siscowet	rfNC0523281	siptg000998l1	33
reference_vs_siscowet	rfNC0523291	siptg002055l1	33
reference_vs_siscowet	rfNC0523311	siptg003301l1	33
reference_vs_siscowet	rfNC0523321	siptg000720l1	33
reference_vs_siscowet	rfNC0523331	siptg000758l1	33
reference_vs_siscowet	rfNC0523331	siptg002159l1	33
reference_vs_siscowet	rfNC0523351	siptg001956l1	33
reference_vs_siscowet	rfNC0523371	siptg000043l1	33
reference_vs_siscowet	rfNC0523381	siptg000782l1	33
reference_vs_siscowet	rfNC0523071	siptg002200l1	32
reference_vs_siscowet	rfNC0523071	siptg002638l1	32
reference_vs_siscowet	rfNC0523081	siptg000796l1	32
reference_vs_siscowet	rfNC0523081	siptg000817l1	32
reference_vs_siscowet	rfNC0523091	siptg002208l1	32
reference_vs_siscowet	rfNC0523101	siptg003310l1	32
reference_vs_siscowet	rfNC0523111	siptg002129l1	32
reference_vs_siscowet	rfNC0523121	siptg000665l1	32
reference_vs_siscowet	rfNC0523141	siptg001911l1	32
reference_vs_siscowet	rfNC0523151	siptg002533l1	32
reference_vs_siscowet	rfNC0523151	siptg003547l1	32
reference_vs_siscowet	rfNC0523231	siptg002523l1	32
reference_vs_siscowet	rfNC0523261	siptg000930l1	32
reference_vs_siscowet	rfNC0523271	siptg002516l1	32
reference_vs_siscowet	rfNC0523321	siptg002651l1	32
reference_vs_siscowet	rfNC0523331	siptg001838l1	32
reference_vs_siscowet	rfNC0523351	siptg002150l1	32
reference_vs_siscowet	rfNC0523361	siptg007480l1	32
reference_vs_siscowet	rfNC0523381	siptg000788l1	32
reference_vs_siscowet	rfNC0523411	siptg002440l1	32
reference_vs_siscowet	rfNC0523421	siptg000079l1	32
reference_vs_siscowet	rfNC0363921	siptg008245l1	31
reference_vs_siscowet	rfNC0523091	siptg000217l1	31
reference_vs_siscowet	rfNC0523091	siptg002232l1	31
reference_vs_siscowet	rfNC0523111	siptg000405l1	31
reference_vs_siscowet	rfNC0523111	siptg003411l1	31
reference_vs_siscowet	rfNC0523121	siptg001355l1	31
reference_vs_siscowet	rfNC0523191	siptg001459l1	31
reference_vs_siscowet	rfNC0523201	siptg000475l1	31
reference_vs_siscowet	rfNC0523211	siptg000004l1	31
reference_vs_siscowet	rfNC0523221	siptg001447l1	31
reference_vs_siscowet	rfNC0523251	siptg002128l1	31
reference_vs_siscowet	rfNC0523301	siptg001567l1	31
reference_vs_siscowet	rfNC0523341	siptg000054l1	31
reference_vs_siscowet	rfNC0523341	siptg000226l1	31
reference_vs_siscowet	rfNC0523341	siptg001270l1	31
reference_vs_siscowet	rfNC0523451	siptg001409l1	31
reference_vs_siscowet	rfNC0523091	siptg001685l1	30
reference_vs_siscowet	rfNC0523091	siptg001821l1	30
reference_vs_siscowet	rfNC0523111	siptg000598l1	30
reference_vs_siscowet	rfNC0523111	siptg001993l1	30
reference_vs_siscowet	rfNC0523131	siptg001670l1	30
reference_vs_siscowet	rfNC0523191	siptg000306l1	30
reference_vs_siscowet	rfNC0523221	siptg008187l1	30
reference_vs_siscowet	rfNC0523231	siptg000832l1	30
reference_vs_siscowet	rfNC0523251	siptg001893l1	30
reference_vs_siscowet	rfNC0523281	siptg000090l1	30
reference_vs_siscowet	rfNC0523301	siptg000325l1	30
reference_vs_siscowet	rfNC0523071	siptg002119l1	29
reference_vs_siscowet	rfNC0523101	siptg001095l1	29
reference_vs_siscowet	rfNC0523111	siptg003604l1	29
reference_vs_siscowet	rfNC0523141	siptg000075l1	29
reference_vs_siscowet	rfNC0523151	siptg005457l1	29
reference_vs_siscowet	rfNC0523161	siptg000970l1	29
reference_vs_siscowet	rfNC0523171	siptg000278l1	29
reference_vs_siscowet	rfNC0523201	siptg001218l1	29
reference_vs_siscowet	rfNC0523221	siptg001715l1	29
reference_vs_siscowet	rfNC0523271	siptg003967l1	29
reference_vs_siscowet	rfNC0523311	siptg000526l1	29
reference_vs_siscowet	rfNC0523321	siptg001786l1	29
reference_vs_siscowet	rfNC0523341	siptg001130l1	29
reference_vs_siscowet	rfNC0523411	siptg000098l1	29
reference_vs_siscowet	rfNC0523451	siptg000347l1	29
reference_vs_siscowet	rfNW0240615211	siptg000121l1	29
reference_vs_siscowet	rfNC0523081	siptg001844l1	28
reference_vs_siscowet	rfNC0523121	siptg003911l1	28
reference_vs_siscowet	rfNC0523141	siptg001643l1	28
reference_vs_siscowet	rfNC0523231	siptg000999l1	28
reference_vs_siscowet	rfNC0523231	siptg002107l1	28
reference_vs_siscowet	rfNC0523241	siptg000265l1	28
reference_vs_siscowet	rfNC0523261	siptg000715l1	28
reference_vs_siscowet	rfNC0523261	siptg002260l1	28
reference_vs_siscowet	rfNC0523271	siptg000248l1	28
reference_vs_siscowet	rfNC0523311	siptg002673l1	28
reference_vs_siscowet	rfNC0523321	siptg000467l1	28
reference_vs_siscowet	rfNC0523341	siptg001281l1	28
reference_vs_siscowet	rfNC0523361	siptg001951l1	28
reference_vs_siscowet	rfNC0523381	siptg000699l1	28
reference_vs_siscowet	rfNC0523381	siptg001013l1	28
reference_vs_siscowet	rfNC0523411	siptg002123l1	28
reference_vs_siscowet	rfNC0523421	siptg000513l1	28
reference_vs_siscowet	rfNC0523471	siptg001331l1	28
reference_vs_siscowet	rfNC0523471	siptg002289l1	28
reference_vs_siscowet	rfNC0523481	siptg002177l1	28
reference_vs_siscowet	rfNW0240584741	siptg006612l1	28
reference_vs_siscowet	rfNC0523071	siptg001145l1	27
reference_vs_siscowet	rfNC0523071	siptg001190l1	27
reference_vs_siscowet	rfNC0523071	siptg002783l1	27
reference_vs_siscowet	rfNC0523091	siptg000974l1	27
reference_vs_siscowet	rfNC0523101	siptg000112l1	27
reference_vs_siscowet	rfNC0523101	siptg000780l1	27
reference_vs_siscowet	rfNC0523101	siptg002054l1	27
reference_vs_siscowet	rfNC0523121	siptg003040l1	27
reference_vs_siscowet	rfNC0523131	siptg001302l1	27
reference_vs_siscowet	rfNC0523131	siptg007470l1	27
reference_vs_siscowet	rfNC0523151	siptg001954l1	27
reference_vs_siscowet	rfNC0523151	siptg002300l1	27
reference_vs_siscowet	rfNC0523181	siptg000613l1	27
reference_vs_siscowet	rfNC0523191	siptg001571l1	27
reference_vs_siscowet	rfNC0523201	siptg000944l1	27
reference_vs_siscowet	rfNC0523201	siptg003529l1	27
reference_vs_siscowet	rfNC0523301	siptg001977l1	27
reference_vs_siscowet	rfNC0523321	siptg000542l1	27
reference_vs_siscowet	rfNC0523321	siptg000772l1	27
reference_vs_siscowet	rfNC0523331	siptg000920l1	27
reference_vs_siscowet	rfNC0523331	siptg001368l1	27
reference_vs_siscowet	rfNC0523341	siptg001078l1	27
reference_vs_siscowet	rfNC0523371	siptg002826l1	27
reference_vs_siscowet	rfNC0523401	siptg002898l1	27
reference_vs_siscowet	rfNC0523421	siptg002083l1	27
reference_vs_siscowet	rfNC0523451	siptg001613l1	27
reference_vs_siscowet	rfNC0523461	siptg000411l1	27
reference_vs_siscowet	rfNC0523081	siptg000168l1	26
reference_vs_siscowet	rfNC0523081	siptg002430l1	26
reference_vs_siscowet	rfNC0523091	siptg000056l1	26
reference_vs_siscowet	rfNC0523091	siptg002641l1	26
reference_vs_siscowet	rfNC0523101	siptg000085l1	26
reference_vs_siscowet	rfNC0523131	siptg000710l1	26
reference_vs_siscowet	rfNC0523141	siptg002033l1	26
reference_vs_siscowet	rfNC0523141	siptg002366l1	26
reference_vs_siscowet	rfNC0523181	siptg000319l1	26
reference_vs_siscowet	rfNC0523181	siptg001604l1	26
reference_vs_siscowet	rfNC0523181	siptg003881l1	26
reference_vs_siscowet	rfNC0523201	siptg005060l1	26
reference_vs_siscowet	rfNC0523241	siptg002893l1	26
reference_vs_siscowet	rfNC0523251	siptg004047l1	26
reference_vs_siscowet	rfNC0523281	siptg000351l1	26
reference_vs_siscowet	rfNC0523291	siptg004856l1	26
reference_vs_siscowet	rfNC0523301	siptg000174l1	26
reference_vs_siscowet	rfNC0523301	siptg000432l1	26
reference_vs_siscowet	rfNC0523301	siptg003926l1	26
reference_vs_siscowet	rfNC0523311	siptg001891l1	26
reference_vs_siscowet	rfNC0523401	siptg000916l1	26
reference_vs_siscowet	rfNC0523411	siptg000486l1	26
reference_vs_siscowet	rfNC0523421	siptg000666l1	26
reference_vs_siscowet	rfNW0240577961	siptg005817l1	26
reference_vs_siscowet	rfNC0523091	siptg001155l1	25
reference_vs_siscowet	rfNC0523091	siptg003696l1	25
reference_vs_siscowet	rfNC0523091	siptg007505l1	25
reference_vs_siscowet	rfNC0523111	siptg008685l1	25
reference_vs_siscowet	rfNC0523151	siptg001374l1	25
reference_vs_siscowet	rfNC0523171	siptg000978l1	25
reference_vs_siscowet	rfNC0523171	siptg002245l1	25
reference_vs_siscowet	rfNC0523191	siptg001723l1	25
reference_vs_siscowet	rfNC0523201	siptg002698l1	25
reference_vs_siscowet	rfNC0523251	siptg000882l1	25
reference_vs_siscowet	rfNC0523261	siptg001775l1	25
reference_vs_siscowet	rfNC0523261	siptg004063l1	25
reference_vs_siscowet	rfNC0523271	siptg001911l1	25
reference_vs_siscowet	rfNC0523311	siptg000716l1	25
reference_vs_siscowet	rfNC0523311	siptg001673l1	25
reference_vs_siscowet	rfNC0523311	siptg003253l1	25
reference_vs_siscowet	rfNC0523331	siptg000966l1	25
reference_vs_siscowet	rfNC0523341	siptg001762l1	25
reference_vs_siscowet	rfNC0523371	siptg005817l1	25
reference_vs_siscowet	rfNC0523381	siptg003387l1	25
reference_vs_siscowet	rfNC0523401	siptg002543l1	25
reference_vs_siscowet	rfNC0523411	siptg000126l1	25
reference_vs_siscowet	rfNC0523441	siptg001580l1	25
reference_vs_siscowet	rfNC0523471	siptg004321l1	25
reference_vs_siscowet	rfNC0523481	siptg000853l1	25
reference_vs_siscowet	rfNC0523071	siptg003449l1	24
reference_vs_siscowet	rfNC0523091	siptg002187l1	24
reference_vs_siscowet	rfNC0523101	siptg001624l1	24
reference_vs_siscowet	rfNC0523101	siptg003061l1	24
reference_vs_siscowet	rfNC0523131	siptg000377l1	24
reference_vs_siscowet	rfNC0523141	siptg001017l1	24
reference_vs_siscowet	rfNC0523171	siptg001439l1	24
reference_vs_siscowet	rfNC0523171	siptg002302l1	24
reference_vs_siscowet	rfNC0523181	siptg008861l1	24
reference_vs_siscowet	rfNC0523191	siptg000218l1	24
reference_vs_siscowet	rfNC0523191	siptg000342l1	24
reference_vs_siscowet	rfNC0523221	siptg000723l1	24
reference_vs_siscowet	rfNC0523221	siptg000740l1	24
reference_vs_siscowet	rfNC0523221	siptg001195l1	24
reference_vs_siscowet	rfNC0523271	siptg004930l1	24
reference_vs_siscowet	rfNC0523281	siptg001380l1	24
reference_vs_siscowet	rfNC0523281	siptg002528l1	24
reference_vs_siscowet	rfNC0523311	siptg001478l1	24
reference_vs_siscowet	rfNC0523311	siptg001873l1	24
reference_vs_siscowet	rfNC0523341	siptg000357l1	24
reference_vs_siscowet	rfNC0523351	siptg002269l1	24
reference_vs_siscowet	rfNC0523361	siptg000024l1	24
reference_vs_siscowet	rfNC0523371	siptg001045l1	24
reference_vs_siscowet	rfNC0523371	siptg002135l1	24
reference_vs_siscowet	rfNC0523371	siptg003070l1	24
reference_vs_siscowet	rfNC0523421	siptg000934l1	24
reference_vs_siscowet	rfNC0523421	siptg004041l1	24
reference_vs_siscowet	rfNC0523431	siptg000522l1	24
reference_vs_siscowet	rfNC0523071	siptg001464l1	23
reference_vs_siscowet	rfNC0523091	siptg000239l1	23
reference_vs_siscowet	rfNC0523091	siptg000605l1	23
reference_vs_siscowet	rfNC0523101	siptg001257l1	23
reference_vs_siscowet	rfNC0523101	siptg001927l1	23
reference_vs_siscowet	rfNC0523101	siptg003189l1	23
reference_vs_siscowet	rfNC0523111	siptg000061l1	23
reference_vs_siscowet	rfNC0523111	siptg000668l1	23
reference_vs_siscowet	rfNC0523111	siptg000730l1	23
reference_vs_siscowet	rfNC0523121	siptg001175l1	23
reference_vs_siscowet	rfNC0523131	siptg003290l1	23
reference_vs_siscowet	rfNC0523141	siptg000068l1	23
reference_vs_siscowet	rfNC0523161	siptg000773l1	23
reference_vs_siscowet	rfNC0523171	siptg009054l1	23
reference_vs_siscowet	rfNC0523191	siptg002003l1	23
reference_vs_siscowet	rfNC0523191	siptg003443l1	23
reference_vs_siscowet	rfNC0523191	siptg004586l1	23
reference_vs_siscowet	rfNC0523221	siptg002411l1	23
reference_vs_siscowet	rfNC0523241	siptg000331l1	23
reference_vs_siscowet	rfNC0523291	siptg003767l1	23
reference_vs_siscowet	rfNC0523321	siptg000660l1	23
reference_vs_siscowet	rfNC0523321	siptg001250l1	23
reference_vs_siscowet	rfNC0523361	siptg001206l1	23
reference_vs_siscowet	rfNC0523371	siptg000630l1	23
reference_vs_siscowet	rfNC0523411	siptg000629l1	23
reference_vs_siscowet	rfNC0523411	siptg003702l1	23
reference_vs_siscowet	rfNC0523431	siptg000536l1	23
reference_vs_siscowet	rfNC0523461	siptg000358l1	23
reference_vs_siscowet	rfNC0523481	siptg000511l1	23
reference_vs_siscowet	rfNC0523071	siptg001822l1	22
reference_vs_siscowet	rfNC0523081	siptg001060l1	22
reference_vs_siscowet	rfNC0523081	siptg001236l1	22
reference_vs_siscowet	rfNC0523081	siptg008667l1	22
reference_vs_siscowet	rfNC0523091	siptg000236l1	22
reference_vs_siscowet	rfNC0523091	siptg001324l1	22
reference_vs_siscowet	rfNC0523121	siptg000679l1	22
reference_vs_siscowet	rfNC0523131	siptg000269l1	22
reference_vs_siscowet	rfNC0523141	siptg000113l1	22
reference_vs_siscowet	rfNC0523141	siptg002647l1	22
reference_vs_siscowet	rfNC0523151	siptg001955l1	22
reference_vs_siscowet	rfNC0523151	siptg004370l1	22
reference_vs_siscowet	rfNC0523171	siptg001941l1	22
reference_vs_siscowet	rfNC0523181	siptg000874l1	22
reference_vs_siscowet	rfNC0523191	siptg000346l1	22
reference_vs_siscowet	rfNC0523201	siptg001087l1	22
reference_vs_siscowet	rfNC0523201	siptg004326l1	22
reference_vs_siscowet	rfNC0523201	siptg008072l1	22
reference_vs_siscowet	rfNC0523211	siptg001528l1	22
reference_vs_siscowet	rfNC0523221	siptg002331l1	22
reference_vs_siscowet	rfNC0523251	siptg000159l1	22
reference_vs_siscowet	rfNC0523251	siptg000935l1	22
reference_vs_siscowet	rfNC0523271	siptg001667l1	22
reference_vs_siscowet	rfNC0523281	siptg001522l1	22
reference_vs_siscowet	rfNC0523291	siptg001536l1	22
reference_vs_siscowet	rfNC0523291	siptg002631l1	22
reference_vs_siscowet	rfNC0523331	siptg001693l1	22
reference_vs_siscowet	rfNC0523331	siptg002240l1	22
reference_vs_siscowet	rfNC0523351	siptg002448l1	22
reference_vs_siscowet	rfNC0523371	siptg002085l1	22
reference_vs_siscowet	rfNC0523391	siptg002400l1	22
reference_vs_siscowet	rfNC0523401	siptg004919l1	22
reference_vs_siscowet	rfNC0523431	siptg002428l1	22
reference_vs_siscowet	rfNC0523451	siptg004309l1	22
reference_vs_siscowet	rfNC0523461	siptg000144l1	22
reference_vs_siscowet	rfNC0523461	siptg002704l1	22
reference_vs_siscowet	rfNC0523461	siptg003202l1	22
reference_vs_siscowet	rfNC0523471	siptg002397l1	22
reference_vs_siscowet	rfNW0240577311	siptg003728l1	22
reference_vs_siscowet	rfNC0523091	siptg000767l1	21
reference_vs_siscowet	rfNC0523101	siptg004018l1	21
reference_vs_siscowet	rfNC0523111	siptg000203l1	21
reference_vs_siscowet	rfNC0523111	siptg004066l1	21
reference_vs_siscowet	rfNC0523121	siptg005143l1	21
reference_vs_siscowet	rfNC0523131	siptg007846l1	21
reference_vs_siscowet	rfNC0523141	siptg001827l1	21
reference_vs_siscowet	rfNC0523161	siptg001073l1	21
reference_vs_siscowet	rfNC0523171	siptg002689l1	21
reference_vs_siscowet	rfNC0523191	siptg000114l1	21
reference_vs_siscowet	rfNC0523191	siptg006174l1	21
reference_vs_siscowet	rfNC0523221	siptg001245l1	21
reference_vs_siscowet	rfNC0523221	siptg016492l1	21
reference_vs_siscowet	rfNC0523251	siptg000018l1	21
reference_vs_siscowet	rfNC0523261	siptg002540l1	21
reference_vs_siscowet	rfNC0523271	siptg002642l1	21
reference_vs_siscowet	rfNC0523311	siptg001584l1	21
reference_vs_siscowet	rfNC0523341	siptg000792l1	21
reference_vs_siscowet	rfNC0523371	siptg001327l1	21
reference_vs_siscowet	rfNC0523391	siptg000958l1	21
reference_vs_siscowet	rfNC0523401	siptg000047l1	21
reference_vs_siscowet	rfNC0523401	siptg003555l1	21
reference_vs_siscowet	rfNC0523421	siptg002478l1	21
reference_vs_siscowet	rfNC0523441	siptg000080l1	21
reference_vs_siscowet	rfNC0523461	siptg000084l1	21
reference_vs_siscowet	rfNC0523071	siptg000288l1	20
reference_vs_siscowet	rfNC0523071	siptg000942l1	20
reference_vs_siscowet	rfNC0523081	siptg001677l1	20
reference_vs_siscowet	rfNC0523081	siptg001797l1	20
reference_vs_siscowet	rfNC0523091	siptg000309l1	20
reference_vs_siscowet	rfNC0523091	siptg000820l1	20
reference_vs_siscowet	rfNC0523091	siptg001112l1	20
reference_vs_siscowet	rfNC0523091	siptg003296l1	20
reference_vs_siscowet	rfNC0523141	siptg001502l1	20
reference_vs_siscowet	rfNC0523141	siptg006159l1	20
reference_vs_siscowet	rfNC0523151	siptg000576l1	20
reference_vs_siscowet	rfNC0523171	siptg002190l1	20
reference_vs_siscowet	rfNC0523171	siptg008168l1	20
reference_vs_siscowet	rfNC0523211	siptg000184l1	20
reference_vs_siscowet	rfNC0523221	siptg002048l1	20
reference_vs_siscowet	rfNC0523221	siptg002801l1	20
reference_vs_siscowet	rfNC0523221	siptg003015l1	20
reference_vs_siscowet	rfNC0523231	siptg000988l1	20
reference_vs_siscowet	rfNC0523271	siptg000380l1	20
reference_vs_siscowet	rfNC0523271	siptg002212l1	20
reference_vs_siscowet	rfNC0523311	siptg000468l1	20
reference_vs_siscowet	rfNC0523311	siptg001232l1	20
reference_vs_siscowet	rfNC0523311	siptg001816l1	20
reference_vs_siscowet	rfNC0523321	siptg001796l1	20
reference_vs_siscowet	rfNC0523341	siptg002679l1	20
reference_vs_siscowet	rfNC0523381	siptg001605l1	20
reference_vs_siscowet	rfNC0523391	siptg001892l1	20
reference_vs_siscowet	rfNC0523401	siptg000324l1	20
reference_vs_siscowet	rfNC0523401	siptg003542l1	20
reference_vs_siscowet	rfNC0523421	siptg001635l1	20
reference_vs_siscowet	rfNC0523421	siptg012128l1	20
reference_vs_siscowet	rfNC0523431	siptg001729l1	20
reference_vs_siscowet	rfNC0523441	siptg000235l1	20
reference_vs_siscowet	rfNC0523441	siptg003655l1	20
reference_vs_siscowet	rfNC0523451	siptg003032l1	20
reference_vs_siscowet	rfNC0523071	siptg001826l1	19
reference_vs_siscowet	rfNC0523081	siptg000109l1	19
reference_vs_siscowet	rfNC0523081	siptg000827l1	19
reference_vs_siscowet	rfNC0523081	siptg001570l1	19
reference_vs_siscowet	rfNC0523091	siptg001019l1	19
reference_vs_siscowet	rfNC0523091	siptg001752l1	19
reference_vs_siscowet	rfNC0523091	siptg002350l1	19
reference_vs_siscowet	rfNC0523091	siptg002670l1	19
reference_vs_siscowet	rfNC0523101	siptg003185l1	19
reference_vs_siscowet	rfNC0523111	siptg002202l1	19
reference_vs_siscowet	rfNC0523131	siptg000228l1	19
reference_vs_siscowet	rfNC0523141	siptg001122l1	19
reference_vs_siscowet	rfNC0523141	siptg001853l1	19
reference_vs_siscowet	rfNC0523151	siptg000193l1	19
reference_vs_siscowet	rfNC0523211	siptg000251l1	19
reference_vs_siscowet	rfNC0523241	siptg000057l1	19
reference_vs_siscowet	rfNC0523241	siptg000982l1	19
reference_vs_siscowet	rfNC0523291	siptg000955l1	19
reference_vs_siscowet	rfNC0523291	siptg004260l1	19
reference_vs_siscowet	rfNC0523301	siptg000105l1	19
reference_vs_siscowet	rfNC0523311	siptg001742l1	19
reference_vs_siscowet	rfNC0523351	siptg002408l1	19
reference_vs_siscowet	rfNC0523361	siptg001499l1	19
reference_vs_siscowet	rfNC0523371	siptg000615l1	19
reference_vs_siscowet	rfNC0523381	siptg000409l1	19
reference_vs_siscowet	rfNC0523381	siptg001922l1	19
reference_vs_siscowet	rfNC0523381	siptg008171l1	19
reference_vs_siscowet	rfNC0523401	siptg002328l1	19
reference_vs_siscowet	rfNC0523401	siptg004351l1	19
reference_vs_siscowet	rfNC0523411	siptg000575l1	19
reference_vs_siscowet	rfNC0523411	siptg000871l1	19
reference_vs_siscowet	rfNC0523411	siptg001292l1	19
reference_vs_siscowet	rfNC0523431	siptg000262l1	19
reference_vs_siscowet	rfNC0523431	siptg001992l1	19
reference_vs_siscowet	rfNC0523431	siptg002838l1	19
reference_vs_siscowet	rfNC0523431	siptg003562l1	19
reference_vs_siscowet	rfNC0523461	siptg004289l1	19
reference_vs_siscowet	rfNC0523461	siptg008430l1	19
reference_vs_siscowet	rfNC0523481	siptg001440l1	19
reference_vs_siscowet	rfNC0523481	siptg005923l1	19
reference_vs_siscowet	rfNW0240613311	siptg000121l1	19
reference_vs_siscowet	rfNC0523071	siptg000965l1	18
reference_vs_siscowet	rfNC0523071	siptg009365l1	18
reference_vs_siscowet	rfNC0523081	siptg001165l1	18
reference_vs_siscowet	rfNC0523091	siptg000663l1	18
reference_vs_siscowet	rfNC0523091	siptg000673l1	18
reference_vs_siscowet	rfNC0523101	siptg000860l1	18
reference_vs_siscowet	rfNC0523101	siptg004665l1	18
reference_vs_siscowet	rfNC0523111	siptg001515l1	18
reference_vs_siscowet	rfNC0523131	siptg000031l1	18
reference_vs_siscowet	rfNC0523131	siptg003622l1	18
reference_vs_siscowet	rfNC0523141	siptg000028l1	18
reference_vs_siscowet	rfNC0523141	siptg001098l1	18
reference_vs_siscowet	rfNC0523141	siptg001343l1	18
reference_vs_siscowet	rfNC0523151	siptg000466l1	18
reference_vs_siscowet	rfNC0523161	siptg000255l1	18
reference_vs_siscowet	rfNC0523171	siptg000532l1	18
reference_vs_siscowet	rfNC0523171	siptg000959l1	18
reference_vs_siscowet	rfNC0523181	siptg000035l1	18
reference_vs_siscowet	rfNC0523201	siptg003912l1	18
reference_vs_siscowet	rfNC0523201	siptg003913l1	18
reference_vs_siscowet	rfNC0523221	siptg003508l1	18
reference_vs_siscowet	rfNC0523241	siptg000470l1	18
reference_vs_siscowet	rfNC0523241	siptg000844l1	18
reference_vs_siscowet	rfNC0523241	siptg001823l1	18
reference_vs_siscowet	rfNC0523241	siptg002125l1	18
reference_vs_siscowet	rfNC0523251	siptg002421l1	18
reference_vs_siscowet	rfNC0523271	siptg002093l1	18
reference_vs_siscowet	rfNC0523291	siptg001746l1	18
reference_vs_siscowet	rfNC0523291	siptg002655l1	18
reference_vs_siscowet	rfNC0523301	siptg001054l1	18
reference_vs_siscowet	rfNC0523311	siptg003825l1	18
reference_vs_siscowet	rfNC0523321	siptg002239l1	18
reference_vs_siscowet	rfNC0523341	siptg000687l1	18
reference_vs_siscowet	rfNC0523341	siptg016462l1	18
reference_vs_siscowet	rfNC0523371	siptg001320l1	18
reference_vs_siscowet	rfNC0523381	siptg004052l1	18
reference_vs_siscowet	rfNC0523381	siptg007822l1	18
reference_vs_siscowet	rfNC0523391	siptg002610l1	18
reference_vs_siscowet	rfNC0523401	siptg001885l1	18
reference_vs_siscowet	rfNC0523401	siptg002191l1	18
reference_vs_siscowet	rfNC0523421	siptg007780l1	18
reference_vs_siscowet	rfNC0523481	siptg001448l1	18
reference_vs_siscowet	rfNW0240603041	siptg005515l1	18
reference_vs_siscowet	rfNW0240608341	siptg006612l1	18
reference_vs_siscowet	rfNC0363921	siptg018880l1	17
reference_vs_siscowet	rfNC0523071	siptg002259l1	17
reference_vs_siscowet	rfNC0523081	siptg013050l1	17
reference_vs_siscowet	rfNC0523091	siptg001712l1	17
reference_vs_siscowet	rfNC0523091	siptg003214l1	17
reference_vs_siscowet	rfNC0523101	siptg000553l1	17
reference_vs_siscowet	rfNC0523101	siptg001151l1	17
reference_vs_siscowet	rfNC0523101	siptg001868l1	17
reference_vs_siscowet	rfNC0523101	siptg001924l1	17
reference_vs_siscowet	rfNC0523101	siptg007770l1	17
reference_vs_siscowet	rfNC0523111	siptg001462l1	17
reference_vs_siscowet	rfNC0523111	siptg002141l1	17
reference_vs_siscowet	rfNC0523111	siptg002924l1	17
reference_vs_siscowet	rfNC0523111	siptg004912l1	17
reference_vs_siscowet	rfNC0523121	siptg000587l1	17
reference_vs_siscowet	rfNC0523121	siptg007493l1	17
reference_vs_siscowet	rfNC0523131	siptg000036l1	17
reference_vs_siscowet	rfNC0523131	siptg003552l1	17
reference_vs_siscowet	rfNC0523141	siptg002672l1	17
reference_vs_siscowet	rfNC0523171	siptg000748l1	17
reference_vs_siscowet	rfNC0523181	siptg000443l1	17
reference_vs_siscowet	rfNC0523181	siptg004755l1	17
reference_vs_siscowet	rfNC0523201	siptg000937l1	17
reference_vs_siscowet	rfNC0523201	siptg002543l1	17
reference_vs_siscowet	rfNC0523211	siptg000973l1	17
reference_vs_siscowet	rfNC0523241	siptg002112l1	17
reference_vs_siscowet	rfNC0523261	siptg003430l1	17
reference_vs_siscowet	rfNC0523271	siptg000866l1	17
reference_vs_siscowet	rfNC0523291	siptg001837l1	17
reference_vs_siscowet	rfNC0523311	siptg001696l1	17
reference_vs_siscowet	rfNC0523331	siptg002340l1	17
reference_vs_siscowet	rfNC0523341	siptg001740l1	17
reference_vs_siscowet	rfNC0523341	siptg002987l1	17
reference_vs_siscowet	rfNC0523351	siptg000007l1	17
reference_vs_siscowet	rfNC0523361	siptg000375l1	17
reference_vs_siscowet	rfNC0523361	siptg009830l1	17
reference_vs_siscowet	rfNC0523371	siptg004267l1	17
reference_vs_siscowet	rfNC0523381	siptg001146l1	17
reference_vs_siscowet	rfNC0523381	siptg003235l1	17
reference_vs_siscowet	rfNC0523391	siptg004965l1	17
reference_vs_siscowet	rfNC0523401	siptg004127l1	17
reference_vs_siscowet	rfNC0523401	siptg008048l1	17
reference_vs_siscowet	rfNC0523421	siptg007972l1	17
reference_vs_siscowet	rfNC0523451	siptg000771l1	17
reference_vs_siscowet	rfNC0523461	siptg002344l1	17
reference_vs_siscowet	rfNC0523461	siptg004241l1	17
reference_vs_siscowet	rfNC0523471	siptg002053l1	17
reference_vs_siscowet	rfNC0523481	siptg001136l1	17
reference_vs_siscowet	rfNC0523071	siptg000492l1	16
reference_vs_siscowet	rfNC0523091	siptg004137l1	16
reference_vs_siscowet	rfNC0523101	siptg004759l1	16
reference_vs_siscowet	rfNC0523101	siptg008504l1	16
reference_vs_siscowet	rfNC0523111	siptg001298l1	16
reference_vs_siscowet	rfNC0523111	siptg001392l1	16
reference_vs_siscowet	rfNC0523111	siptg002820l1	16
reference_vs_siscowet	rfNC0523111	siptg003984l1	16
reference_vs_siscowet	rfNC0523131	siptg000661l1	16
reference_vs_siscowet	rfNC0523131	siptg002458l1	16
reference_vs_siscowet	rfNC0523131	siptg003657l1	16
reference_vs_siscowet	rfNC0523131	siptg005797l1	16
reference_vs_siscowet	rfNC0523141	siptg001606l1	16
reference_vs_siscowet	rfNC0523141	siptg004531l1	16
reference_vs_siscowet	rfNC0523141	siptg009064l1	16
reference_vs_siscowet	rfNC0523171	siptg003111l1	16
reference_vs_siscowet	rfNC0523181	siptg001450l1	16
reference_vs_siscowet	rfNC0523201	siptg001337l1	16
reference_vs_siscowet	rfNC0523211	siptg000977l1	16
reference_vs_siscowet	rfNC0523211	siptg001242l1	16
reference_vs_siscowet	rfNC0523211	siptg001453l1	16
reference_vs_siscowet	rfNC0523211	siptg003436l1	16
reference_vs_siscowet	rfNC0523231	siptg004615l1	16
reference_vs_siscowet	rfNC0523241	siptg002274l1	16
reference_vs_siscowet	rfNC0523251	siptg000010l1	16
reference_vs_siscowet	rfNC0523251	siptg000172l1	16
reference_vs_siscowet	rfNC0523261	siptg001869l1	16
reference_vs_siscowet	rfNC0523261	siptg002306l1	16
reference_vs_siscowet	rfNC0523261	siptg002586l1	16
reference_vs_siscowet	rfNC0523271	siptg003247l1	16
reference_vs_siscowet	rfNC0523291	siptg001964l1	16
reference_vs_siscowet	rfNC0523291	siptg004130l1	16
reference_vs_siscowet	rfNC0523311	siptg000026l1	16
reference_vs_siscowet	rfNC0523311	siptg000775l1	16
reference_vs_siscowet	rfNC0523311	siptg004596l1	16
reference_vs_siscowet	rfNC0523321	siptg000191l1	16
reference_vs_siscowet	rfNC0523321	siptg000714l1	16
reference_vs_siscowet	rfNC0523331	siptg004148l1	16
reference_vs_siscowet	rfNC0523371	siptg004461l1	16
reference_vs_siscowet	rfNC0523381	siptg000756l1	16
reference_vs_siscowet	rfNC0523391	siptg007477l1	16
reference_vs_siscowet	rfNC0523401	siptg001408l1	16
reference_vs_siscowet	rfNC0523431	siptg000356l1	16
reference_vs_siscowet	rfNC0523431	siptg004322l1	16
reference_vs_siscowet	rfNC0523441	siptg001789l1	16
reference_vs_siscowet	rfNC0523451	siptg000134l1	16
reference_vs_siscowet	rfNC0523471	siptg002508l1	16
reference_vs_siscowet	rfNC0523481	siptg001350l1	16
reference_vs_siscowet	rfNC0523081	siptg000256l1	15
reference_vs_siscowet	rfNC0523091	siptg004240l1	15
reference_vs_siscowet	rfNC0523101	siptg002273l1	15
reference_vs_siscowet	rfNC0523101	siptg002552l1	15
reference_vs_siscowet	rfNC0523101	siptg003660l1	15
reference_vs_siscowet	rfNC0523111	siptg000530l1	15
reference_vs_siscowet	rfNC0523111	siptg002326l1	15
reference_vs_siscowet	rfNC0523141	siptg001246l1	15
reference_vs_siscowet	rfNC0523151	siptg001578l1	15
reference_vs_siscowet	rfNC0523151	siptg001590l1	15
reference_vs_siscowet	rfNC0523151	siptg002843l1	15
reference_vs_siscowet	rfNC0523161	siptg000246l1	15
reference_vs_siscowet	rfNC0523171	siptg000354l1	15
reference_vs_siscowet	rfNC0523181	siptg000463l1	15
reference_vs_siscowet	rfNC0523191	siptg001285l1	15
reference_vs_siscowet	rfNC0523191	siptg002365l1	15
reference_vs_siscowet	rfNC0523201	siptg002634l1	15
reference_vs_siscowet	rfNC0523211	siptg000158l1	15
reference_vs_siscowet	rfNC0523211	siptg002779l1	15
reference_vs_siscowet	rfNC0523241	siptg001356l1	15
reference_vs_siscowet	rfNC0523241	siptg004431l1	15
reference_vs_siscowet	rfNC0523261	siptg000070l1	15
reference_vs_siscowet	rfNC0523261	siptg002469l1	15
reference_vs_siscowet	rfNC0523261	siptg003304l1	15
reference_vs_siscowet	rfNC0523261	siptg010794l1	15
reference_vs_siscowet	rfNC0523271	siptg003144l1	15
reference_vs_siscowet	rfNC0523271	siptg004231l1	15
reference_vs_siscowet	rfNC0523301	siptg006204l1	15
reference_vs_siscowet	rfNC0523321	siptg000465l1	15
reference_vs_siscowet	rfNC0523321	siptg001315l1	15
reference_vs_siscowet	rfNC0523341	siptg000658l1	15
reference_vs_siscowet	rfNC0523351	siptg001592l1	15
reference_vs_siscowet	rfNC0523351	siptg010313l1	15
reference_vs_siscowet	rfNC0523361	siptg000344l1	15
reference_vs_siscowet	rfNC0523361	siptg000445l1	15
reference_vs_siscowet	rfNC0523361	siptg002342l1	15
reference_vs_siscowet	rfNC0523361	siptg003935l1	15
reference_vs_siscowet	rfNC0523381	siptg001709l1	15
reference_vs_siscowet	rfNC0523381	siptg002247l1	15
reference_vs_siscowet	rfNC0523391	siptg000709l1	15
reference_vs_siscowet	rfNC0523391	siptg002716l1	15
reference_vs_siscowet	rfNC0523411	siptg000558l1	15
reference_vs_siscowet	rfNC0523431	siptg000310l1	15
reference_vs_siscowet	rfNC0523441	siptg002819l1	15
reference_vs_siscowet	rfNC0523451	siptg000063l1	15
reference_vs_siscowet	rfNC0523451	siptg000416l1	15
reference_vs_siscowet	rfNC0523451	siptg000718l1	15
reference_vs_siscowet	rfNC0523471	siptg005272l1	15
reference_vs_siscowet	rfNW0240592101	siptg002297l1	15
reference_vs_siscowet	rfNC0523071	siptg000591l1	14
reference_vs_siscowet	rfNC0523071	siptg002341l1	14
reference_vs_siscowet	rfNC0523081	siptg000500l1	14
reference_vs_siscowet	rfNC0523081	siptg003666l1	14
reference_vs_siscowet	rfNC0523081	siptg010248l1	14
reference_vs_siscowet	rfNC0523091	siptg001651l1	14
reference_vs_siscowet	rfNC0523091	siptg002649l1	14
reference_vs_siscowet	rfNC0523091	siptg004867l1	14
reference_vs_siscowet	rfNC0523101	siptg003409l1	14
reference_vs_siscowet	rfNC0523101	siptg003556l1	14
reference_vs_siscowet	rfNC0523111	siptg000197l1	14
reference_vs_siscowet	rfNC0523111	siptg004339l1	14
reference_vs_siscowet	rfNC0523111	siptg007572l1	14
reference_vs_siscowet	rfNC0523121	siptg002370l1	14
reference_vs_siscowet	rfNC0523131	siptg004372l1	14
reference_vs_siscowet	rfNC0523131	siptg007727l1	14
reference_vs_siscowet	rfNC0523141	siptg000606l1	14
reference_vs_siscowet	rfNC0523151	siptg000275l1	14
reference_vs_siscowet	rfNC0523151	siptg001427l1	14
reference_vs_siscowet	rfNC0523151	siptg003361l1	14
reference_vs_siscowet	rfNC0523161	siptg000372l1	14
reference_vs_siscowet	rfNC0523161	siptg003300l1	14
reference_vs_siscowet	rfNC0523161	siptg003350l1	14
reference_vs_siscowet	rfNC0523171	siptg001434l1	14
reference_vs_siscowet	rfNC0523171	siptg004877l1	14
reference_vs_siscowet	rfNC0523181	siptg002926l1	14
reference_vs_siscowet	rfNC0523191	siptg000858l1	14
reference_vs_siscowet	rfNC0523201	siptg000429l1	14
reference_vs_siscowet	rfNC0523201	siptg002225l1	14
reference_vs_siscowet	rfNC0523211	siptg002758l1	14
reference_vs_siscowet	rfNC0523211	siptg005488l1	14
reference_vs_siscowet	rfNC0523241	siptg002405l1	14
reference_vs_siscowet	rfNC0523251	siptg000143l1	14
reference_vs_siscowet	rfNC0523261	siptg000106l1	14
reference_vs_siscowet	rfNC0523261	siptg001338l1	14
reference_vs_siscowet	rfNC0523281	siptg000037l1	14
reference_vs_siscowet	rfNC0523281	siptg007564l1	14
reference_vs_siscowet	rfNC0523291	siptg001188l1	14
reference_vs_siscowet	rfNC0523301	siptg000533l1	14
reference_vs_siscowet	rfNC0523301	siptg003018l1	14
reference_vs_siscowet	rfNC0523321	siptg002103l1	14
reference_vs_siscowet	rfNC0523331	siptg001193l1	14
reference_vs_siscowet	rfNC0523331	siptg001684l1	14
reference_vs_siscowet	rfNC0523331	siptg002813l1	14
reference_vs_siscowet	rfNC0523331	siptg004435l1	14
reference_vs_siscowet	rfNC0523341	siptg001153l1	14
reference_vs_siscowet	rfNC0523351	siptg001046l1	14
reference_vs_siscowet	rfNC0523371	siptg006058l1	14
reference_vs_siscowet	rfNC0523411	siptg000242l1	14
reference_vs_siscowet	rfNC0523411	siptg002805l1	14
reference_vs_siscowet	rfNC0523411	siptg012210l1	14
reference_vs_siscowet	rfNC0523421	siptg001166l1	14
reference_vs_siscowet	rfNC0523431	siptg000430l1	14
reference_vs_siscowet	rfNC0523431	siptg001042l1	14
reference_vs_siscowet	rfNC0523441	siptg001372l1	14
reference_vs_siscowet	rfNC0523471	siptg001669l1	14
reference_vs_siscowet	rfNC0523471	siptg002434l1	14
reference_vs_siscowet	rfNW0240578641	siptg000618l1	14
reference_vs_siscowet	rfNW0240593191	siptg005783l1	14
reference_vs_siscowet	rfNW0240613631	siptg006829l1	14
reference_vs_siscowet	rfNW0240616411	siptg003994l1	14
reference_vs_siscowet	rfNC0523071	siptg000177l1	13
reference_vs_siscowet	rfNC0523071	siptg001043l1	13
reference_vs_siscowet	rfNC0523071	siptg001157l1	13
reference_vs_siscowet	rfNC0523081	siptg001626l1	13
reference_vs_siscowet	rfNC0523081	siptg001780l1	13
reference_vs_siscowet	rfNC0523081	siptg002914l1	13
reference_vs_siscowet	rfNC0523081	siptg004157l1	13
reference_vs_siscowet	rfNC0523081	siptg005810l1	13
reference_vs_siscowet	rfNC0523091	siptg000282l1	13
reference_vs_siscowet	rfNC0523091	siptg000679l1	13
reference_vs_siscowet	rfNC0523091	siptg001272l1	13
reference_vs_siscowet	rfNC0523091	siptg001895l1	13
reference_vs_siscowet	rfNC0523091	siptg004522l1	13
reference_vs_siscowet	rfNC0523091	siptg004716l1	13
reference_vs_siscowet	rfNC0523101	siptg000205l1	13
reference_vs_siscowet	rfNC0523101	siptg002051l1	13
reference_vs_siscowet	rfNC0523101	siptg002954l1	13
reference_vs_siscowet	rfNC0523111	siptg001887l1	13
reference_vs_siscowet	rfNC0523121	siptg001106l1	13
reference_vs_siscowet	rfNC0523131	siptg003784l1	13
reference_vs_siscowet	rfNC0523141	siptg000257l1	13
reference_vs_siscowet	rfNC0523151	siptg001057l1	13
reference_vs_siscowet	rfNC0523151	siptg007910l1	13
reference_vs_siscowet	rfNC0523161	siptg000515l1	13
reference_vs_siscowet	rfNC0523161	siptg001384l1	13
reference_vs_siscowet	rfNC0523161	siptg002179l1	13
reference_vs_siscowet	rfNC0523161	siptg003812l1	13
reference_vs_siscowet	rfNC0523171	siptg003141l1	13
reference_vs_siscowet	rfNC0523181	siptg000538l1	13
reference_vs_siscowet	rfNC0523201	siptg000020l1	13
reference_vs_siscowet	rfNC0523201	siptg007604l1	13
reference_vs_siscowet	rfNC0523211	siptg000785l1	13
reference_vs_siscowet	rfNC0523221	siptg000327l1	13
reference_vs_siscowet	rfNC0523221	siptg000701l1	13
reference_vs_siscowet	rfNC0523231	siptg001197l1	13
reference_vs_siscowet	rfNC0523231	siptg002922l1	13
reference_vs_siscowet	rfNC0523241	siptg002255l1	13
reference_vs_siscowet	rfNC0523241	siptg003715l1	13
reference_vs_siscowet	rfNC0523251	siptg000626l1	13
reference_vs_siscowet	rfNC0523251	siptg000854l1	13
reference_vs_siscowet	rfNC0523271	siptg001981l1	13
reference_vs_siscowet	rfNC0523271	siptg003687l1	13
reference_vs_siscowet	rfNC0523271	siptg005815l1	13
reference_vs_siscowet	rfNC0523281	siptg003609l1	13
reference_vs_siscowet	rfNC0523281	siptg005920l1	13
reference_vs_siscowet	rfNC0523301	siptg003390l1	13
reference_vs_siscowet	rfNC0523311	siptg004678l1	13
reference_vs_siscowet	rfNC0523321	siptg001422l1	13
reference_vs_siscowet	rfNC0523321	siptg001690l1	13
reference_vs_siscowet	rfNC0523321	siptg003370l1	13
reference_vs_siscowet	rfNC0523331	siptg001027l1	13
reference_vs_siscowet	rfNC0523331	siptg002310l1	13
reference_vs_siscowet	rfNC0523371	siptg002633l1	13
reference_vs_siscowet	rfNC0523371	siptg008996l1	13
reference_vs_siscowet	rfNC0523381	siptg004798l1	13
reference_vs_siscowet	rfNC0523401	siptg000230l1	13
reference_vs_siscowet	rfNC0523401	siptg000590l1	13
reference_vs_siscowet	rfNC0523401	siptg000712l1	13
reference_vs_siscowet	rfNC0523401	siptg002675l1	13
reference_vs_siscowet	rfNC0523431	siptg003961l1	13
reference_vs_siscowet	rfNC0523441	siptg007597l1	13
reference_vs_siscowet	rfNC0523451	siptg001111l1	13
reference_vs_siscowet	rfNC0523451	siptg003722l1	13
reference_vs_siscowet	rfNC0523451	siptg009989l1	13
reference_vs_siscowet	rfNC0523471	siptg001311l1	13
reference_vs_siscowet	rfNC0523471	siptg002195l1	13
reference_vs_siscowet	rfNC0523481	siptg001442l1	13
reference_vs_siscowet	rfNW0240579951	siptg008785l1	13
reference_vs_siscowet	rfNW0240582071	siptg017881l1	13
reference_vs_siscowet	rfNW0240585201	siptg006829l1	13
reference_vs_siscowet	rfNW0240604521	siptg003864l1	13
reference_vs_siscowet	rfNW0240610981	siptg001107l1	13
reference_vs_siscowet	rfNC0523071	siptg000237l1	12
reference_vs_siscowet	rfNC0523071	siptg000503l1	12
reference_vs_siscowet	rfNC0523071	siptg000960l1	12
reference_vs_siscowet	rfNC0523071	siptg001237l1	12
reference_vs_siscowet	rfNC0523071	siptg003479l1	12
reference_vs_siscowet	rfNC0523071	siptg005830l1	12
reference_vs_siscowet	rfNC0523081	siptg000437l1	12
reference_vs_siscowet	rfNC0523081	siptg000711l1	12
reference_vs_siscowet	rfNC0523081	siptg002707l1	12
reference_vs_siscowet	rfNC0523081	siptg002925l1	12
reference_vs_siscowet	rfNC0523081	siptg003085l1	12
reference_vs_siscowet	rfNC0523081	siptg007535l1	12
reference_vs_siscowet	rfNC0523091	siptg000435l1	12
reference_vs_siscowet	rfNC0523091	siptg001226l1	12
reference_vs_siscowet	rfNC0523091	siptg001470l1	12
reference_vs_siscowet	rfNC0523091	siptg002593l1	12
reference_vs_siscowet	rfNC0523101	siptg000976l1	12
reference_vs_siscowet	rfNC0523121	siptg002311l1	12
reference_vs_siscowet	rfNC0523121	siptg004576l1	12
reference_vs_siscowet	rfNC0523131	siptg000189l1	12
reference_vs_siscowet	rfNC0523131	siptg000337l1	12
reference_vs_siscowet	rfNC0523131	siptg000562l1	12
reference_vs_siscowet	rfNC0523131	siptg005162l1	12
reference_vs_siscowet	rfNC0523141	siptg000178l1	12
reference_vs_siscowet	rfNC0523141	siptg000607l1	12
reference_vs_siscowet	rfNC0523141	siptg002299l1	12
reference_vs_siscowet	rfNC0523141	siptg004550l1	12
reference_vs_siscowet	rfNC0523151	siptg002234l1	12
reference_vs_siscowet	rfNC0523161	siptg000523l1	12
reference_vs_siscowet	rfNC0523161	siptg002315l1	12
reference_vs_siscowet	rfNC0523181	siptg000083l1	12
reference_vs_siscowet	rfNC0523181	siptg001288l1	12
reference_vs_siscowet	rfNC0523191	siptg000947l1	12
reference_vs_siscowet	rfNC0523191	siptg001293l1	12
reference_vs_siscowet	rfNC0523191	siptg003367l1	12
reference_vs_siscowet	rfNC0523201	siptg000452l1	12
reference_vs_siscowet	rfNC0523201	siptg002627l1	12
reference_vs_siscowet	rfNC0523201	siptg007188l1	12
reference_vs_siscowet	rfNC0523211	siptg001644l1	12
reference_vs_siscowet	rfNC0523211	siptg003175l1	12
reference_vs_siscowet	rfNC0523221	siptg001347l1	12
reference_vs_siscowet	rfNC0523221	siptg001476l1	12
reference_vs_siscowet	rfNC0523221	siptg002133l1	12
reference_vs_siscowet	rfNC0523221	siptg003344l1	12
reference_vs_siscowet	rfNC0523241	siptg000823l1	12
reference_vs_siscowet	rfNC0523241	siptg007463l1	12
reference_vs_siscowet	rfNC0523251	siptg000583l1	12
reference_vs_siscowet	rfNC0523251	siptg001277l1	12
reference_vs_siscowet	rfNC0523251	siptg003341l1	12
reference_vs_siscowet	rfNC0523271	siptg000980l1	12
reference_vs_siscowet	rfNC0523271	siptg002594l1	12
reference_vs_siscowet	rfNC0523281	siptg001482l1	12
reference_vs_siscowet	rfNC0523281	siptg001878l1	12
reference_vs_siscowet	rfNC0523301	siptg004287l1	12
reference_vs_siscowet	rfNC0523311	siptg001612l1	12
reference_vs_siscowet	rfNC0523321	siptg001272l1	12
reference_vs_siscowet	rfNC0523321	siptg005988l1	12
reference_vs_siscowet	rfNC0523331	siptg002368l1	12
reference_vs_siscowet	rfNC0523331	siptg004841l1	12
reference_vs_siscowet	rfNC0523361	siptg013232l1	12
reference_vs_siscowet	rfNC0523381	siptg009239l1	12
reference_vs_siscowet	rfNC0523391	siptg002858l1	12
reference_vs_siscowet	rfNC0523391	siptg004695l1	12
reference_vs_siscowet	rfNC0523401	siptg000101l1	12
reference_vs_siscowet	rfNC0523401	siptg002654l1	12
reference_vs_siscowet	rfNC0523401	siptg002866l1	12
reference_vs_siscowet	rfNC0523401	siptg004705l1	12
reference_vs_siscowet	rfNC0523421	siptg001079l1	12
reference_vs_siscowet	rfNC0523421	siptg002823l1	12
reference_vs_siscowet	rfNC0523421	siptg003465l1	12
reference_vs_siscowet	rfNC0523441	siptg010243l1	12
reference_vs_siscowet	rfNC0523481	siptg005980l1	12
reference_vs_siscowet	rfNW0240580971	siptg005350l1	12
reference_vs_siscowet	rfNW0240606741	siptg000873l1	12
reference_vs_siscowet	rfNW0240614121	siptg013952l1	12
reference_vs_siscowet	rfNW0240616411	siptg002684l1	12
reference_vs_siscowet	rfNC0523071	siptg000508l1	11
reference_vs_siscowet	rfNC0523071	siptg000828l1	11
reference_vs_siscowet	rfNC0523071	siptg002004l1	11
reference_vs_siscowet	rfNC0523071	siptg004779l1	11
reference_vs_siscowet	rfNC0523071	siptg009435l1	11
reference_vs_siscowet	rfNC0523081	siptg000052l1	11
reference_vs_siscowet	rfNC0523081	siptg000123l1	11
reference_vs_siscowet	rfNC0523081	siptg000695l1	11
reference_vs_siscowet	rfNC0523081	siptg000850l1	11
reference_vs_siscowet	rfNC0523081	siptg001139l1	11
reference_vs_siscowet	rfNC0523081	siptg001381l1	11
reference_vs_siscowet	rfNC0523081	siptg001601l1	11
reference_vs_siscowet	rfNC0523081	siptg001888l1	11
reference_vs_siscowet	rfNC0523081	siptg002152l1	11
reference_vs_siscowet	rfNC0523091	siptg000002l1	11
reference_vs_siscowet	rfNC0523091	siptg002257l1	11
reference_vs_siscowet	rfNC0523091	siptg004393l1	11
reference_vs_siscowet	rfNC0523091	siptg008512l1	11
reference_vs_siscowet	rfNC0523101	siptg000225l1	11
reference_vs_siscowet	rfNC0523101	siptg000561l1	11
reference_vs_siscowet	rfNC0523101	siptg004671l1	11
reference_vs_siscowet	rfNC0523101	siptg011358l1	11
reference_vs_siscowet	rfNC0523111	siptg003021l1	11
reference_vs_siscowet	rfNC0523111	siptg003893l1	11
reference_vs_siscowet	rfNC0523111	siptg005939l1	11
reference_vs_siscowet	rfNC0523111	siptg007405l1	11
reference_vs_siscowet	rfNC0523111	siptg007841l1	11
reference_vs_siscowet	rfNC0523121	siptg001191l1	11
reference_vs_siscowet	rfNC0523121	siptg001507l1	11
reference_vs_siscowet	rfNC0523131	siptg000867l1	11
reference_vs_siscowet	rfNC0523131	siptg001668l1	11
reference_vs_siscowet	rfNC0523131	siptg004273l1	11
reference_vs_siscowet	rfNC0523131	siptg006639l1	11
reference_vs_siscowet	rfNC0523141	siptg000091l1	11
reference_vs_siscowet	rfNC0523141	siptg000108l1	11
reference_vs_siscowet	rfNC0523141	siptg000258l1	11
reference_vs_siscowet	rfNC0523141	siptg002313l1	11
reference_vs_siscowet	rfNC0523141	siptg006919l1	11
reference_vs_siscowet	rfNC0523151	siptg000266l1	11
reference_vs_siscowet	rfNC0523161	siptg002270l1	11
reference_vs_siscowet	rfNC0523161	siptg002865l1	11
reference_vs_siscowet	rfNC0523161	siptg003074l1	11
reference_vs_siscowet	rfNC0523171	siptg001398l1	11
reference_vs_siscowet	rfNC0523171	siptg007785l1	11
reference_vs_siscowet	rfNC0523171	siptg007828l1	11
reference_vs_siscowet	rfNC0523181	siptg000117l1	11
reference_vs_siscowet	rfNC0523181	siptg002844l1	11
reference_vs_siscowet	rfNC0523181	siptg003388l1	11
reference_vs_siscowet	rfNC0523191	siptg000071l1	11
reference_vs_siscowet	rfNC0523201	siptg003248l1	11
reference_vs_siscowet	rfNC0523221	siptg000009l1	11
reference_vs_siscowet	rfNC0523221	siptg001011l1	11
reference_vs_siscowet	rfNC0523221	siptg002506l1	11
reference_vs_siscowet	rfNC0523221	siptg002795l1	11
reference_vs_siscowet	rfNC0523241	siptg001688l1	11
reference_vs_siscowet	rfNC0523241	siptg002515l1	11
reference_vs_siscowet	rfNC0523251	siptg000747l1	11
reference_vs_siscowet	rfNC0523251	siptg001176l1	11
reference_vs_siscowet	rfNC0523251	siptg001561l1	11
reference_vs_siscowet	rfNC0523261	siptg000706l1	11
reference_vs_siscowet	rfNC0523261	siptg000845l1	11
reference_vs_siscowet	rfNC0523261	siptg001231l1	11
reference_vs_siscowet	rfNC0523271	siptg000391l1	11
reference_vs_siscowet	rfNC0523271	siptg002100l1	11
reference_vs_siscowet	rfNC0523271	siptg002172l1	11
reference_vs_siscowet	rfNC0523281	siptg001496l1	11
reference_vs_siscowet	rfNC0523281	siptg002566l1	11
reference_vs_siscowet	rfNC0523281	siptg004940l1	11
reference_vs_siscowet	rfNC0523291	siptg004478l1	11
reference_vs_siscowet	rfNC0523301	siptg002773l1	11
reference_vs_siscowet	rfNC0523301	siptg004507l1	11
reference_vs_siscowet	rfNC0523311	siptg001676l1	11
reference_vs_siscowet	rfNC0523321	siptg000735l1	11
reference_vs_siscowet	rfNC0523321	siptg000995l1	11
reference_vs_siscowet	rfNC0523321	siptg006043l1	11
reference_vs_siscowet	rfNC0523331	siptg002046l1	11
reference_vs_siscowet	rfNC0523331	siptg002510l1	11
reference_vs_siscowet	rfNC0523341	siptg000133l1	11
reference_vs_siscowet	rfNC0523341	siptg001403l1	11
reference_vs_siscowet	rfNC0523341	siptg002009l1	11
reference_vs_siscowet	rfNC0523341	siptg003412l1	11
reference_vs_siscowet	rfNC0523351	siptg000378l1	11
reference_vs_siscowet	rfNC0523351	siptg001486l1	11
reference_vs_siscowet	rfNC0523351	siptg004903l1	11
reference_vs_siscowet	rfNC0523361	siptg002192l1	11
reference_vs_siscowet	rfNC0523371	siptg000103l1	11
reference_vs_siscowet	rfNC0523371	siptg003298l1	11
reference_vs_siscowet	rfNC0523411	siptg002396l1	11
reference_vs_siscowet	rfNC0523421	siptg000929l1	11
reference_vs_siscowet	rfNC0523421	siptg005394l1	11
reference_vs_siscowet	rfNC0523431	siptg001014l1	11
reference_vs_siscowet	rfNC0523431	siptg007749l1	11
reference_vs_siscowet	rfNC0523431	siptg011510l1	11
reference_vs_siscowet	rfNC0523451	siptg001267l1	11
reference_vs_siscowet	rfNC0523451	siptg004859l1	11
reference_vs_siscowet	rfNC0523451	siptg006662l1	11
reference_vs_siscowet	rfNC0523461	siptg001210l1	11
reference_vs_siscowet	rfNC0523461	siptg008830l1	11
reference_vs_siscowet	rfNC0523471	siptg006640l1	11
reference_vs_siscowet	rfNC0523481	siptg005411l1	11
reference_vs_siscowet	rfNW0240578421	siptg002669l1	11
reference_vs_siscowet	rfNW0240581311	siptg005031l1	11
reference_vs_siscowet	rfNW0240616191	siptg008436l1	11
reference_vs_siscowet	rfNC0523071	siptg001713l1	10
reference_vs_siscowet	rfNC0523071	siptg010077l1	10
reference_vs_siscowet	rfNC0523081	siptg002381l1	10
reference_vs_siscowet	rfNC0523091	siptg000577l1	10
reference_vs_siscowet	rfNC0523091	siptg000873l1	10
reference_vs_siscowet	rfNC0523101	siptg000682l1	10
reference_vs_siscowet	rfNC0523101	siptg002279l1	10
reference_vs_siscowet	rfNC0523101	siptg002349l1	10
reference_vs_siscowet	rfNC0523101	siptg005253l1	10
reference_vs_siscowet	rfNC0523111	siptg000585l1	10
reference_vs_siscowet	rfNC0523111	siptg000638l1	10
reference_vs_siscowet	rfNC0523111	siptg001665l1	10
reference_vs_siscowet	rfNC0523111	siptg002105l1	10
reference_vs_siscowet	rfNC0523111	siptg002373l1	10
reference_vs_siscowet	rfNC0523121	siptg000052l1	10
reference_vs_siscowet	rfNC0523121	siptg005921l1	10
reference_vs_siscowet	rfNC0523121	siptg009521l1	10
reference_vs_siscowet	rfNC0523131	siptg004005l1	10
reference_vs_siscowet	rfNC0523141	siptg000456l1	10
reference_vs_siscowet	rfNC0523141	siptg001794l1	10
reference_vs_siscowet	rfNC0523141	siptg003724l1	10
reference_vs_siscowet	rfNC0523151	siptg000504l1	10
reference_vs_siscowet	rfNC0523151	siptg000904l1	10
reference_vs_siscowet	rfNC0523151	siptg001728l1	10
reference_vs_siscowet	rfNC0523161	siptg000877l1	10
reference_vs_siscowet	rfNC0523161	siptg003416l1	10
reference_vs_siscowet	rfNC0523171	siptg000201l1	10
reference_vs_siscowet	rfNC0523171	siptg005411l1	10
reference_vs_siscowet	rfNC0523181	siptg004315l1	10
reference_vs_siscowet	rfNC0523201	siptg002878l1	10
reference_vs_siscowet	rfNC0523201	siptg010000l1	10
reference_vs_siscowet	rfNC0523211	siptg001930l1	10
reference_vs_siscowet	rfNC0523211	siptg004025l1	10
reference_vs_siscowet	rfNC0523221	siptg001762l1	10
reference_vs_siscowet	rfNC0523221	siptg004474l1	10
reference_vs_siscowet	rfNC0523221	siptg005754l1	10
reference_vs_siscowet	rfNC0523221	siptg007700l1	10
reference_vs_siscowet	rfNC0523231	siptg000194l1	10
reference_vs_siscowet	rfNC0523231	siptg002797l1	10
reference_vs_siscowet	rfNC0523231	siptg008281l1	10
reference_vs_siscowet	rfNC0523231	siptg016627l1	10
reference_vs_siscowet	rfNC0523251	siptg001321l1	10
reference_vs_siscowet	rfNC0523271	siptg008424l1	10
reference_vs_siscowet	rfNC0523291	siptg002114l1	10
reference_vs_siscowet	rfNC0523291	siptg007698l1	10
reference_vs_siscowet	rfNC0523301	siptg000287l1	10
reference_vs_siscowet	rfNC0523311	siptg000808l1	10
reference_vs_siscowet	rfNC0523311	siptg003098l1	10
reference_vs_siscowet	rfNC0523311	siptg006322l1	10
reference_vs_siscowet	rfNC0523321	siptg001219l1	10
reference_vs_siscowet	rfNC0523321	siptg004288l1	10
reference_vs_siscowet	rfNC0523331	siptg001856l1	10
reference_vs_siscowet	rfNC0523331	siptg002250l1	10
reference_vs_siscowet	rfNC0523331	siptg007705l1	10
reference_vs_siscowet	rfNC0523331	siptg011431l1	10
reference_vs_siscowet	rfNC0523341	siptg001249l1	10
reference_vs_siscowet	rfNC0523341	siptg001444l1	10
reference_vs_siscowet	rfNC0523351	siptg007720l1	10
reference_vs_siscowet	rfNC0523361	siptg002500l1	10
reference_vs_siscowet	rfNC0523361	siptg002688l1	10
reference_vs_siscowet	rfNC0523361	siptg005867l1	10
reference_vs_siscowet	rfNC0523371	siptg000746l1	10
reference_vs_siscowet	rfNC0523371	siptg003241l1	10
reference_vs_siscowet	rfNC0523371	siptg005833l1	10
reference_vs_siscowet	rfNC0523381	siptg003599l1	10
reference_vs_siscowet	rfNC0523391	siptg001101l1	10
reference_vs_siscowet	rfNC0523391	siptg001252l1	10
reference_vs_siscowet	rfNC0523391	siptg001587l1	10
reference_vs_siscowet	rfNC0523391	siptg002227l1	10
reference_vs_siscowet	rfNC0523391	siptg003346l1	10
reference_vs_siscowet	rfNC0523411	siptg001024l1	10
reference_vs_siscowet	rfNC0523421	siptg002218l1	10
reference_vs_siscowet	rfNC0523431	siptg001260l1	10
reference_vs_siscowet	rfNC0523431	siptg007665l1	10
reference_vs_siscowet	rfNC0523431	siptg008276l1	10
reference_vs_siscowet	rfNC0523441	siptg000478l1	10
reference_vs_siscowet	rfNC0523451	siptg002097l1	10
reference_vs_siscowet	rfNC0523451	siptg005975l1	10
reference_vs_siscowet	rfNC0523471	siptg002581l1	10
reference_vs_siscowet	rfNW0240585201	siptg001221l1	10
reference_vs_siscowet	rfNW0240613631	siptg001221l1	10
reference_vs_siscowet	rfNW0240615751	siptg003946l1	10
reference_vs_siscowet	rfNC0523071	siptg003805l1	9
reference_vs_siscowet	rfNC0523071	siptg018034l1	9
reference_vs_siscowet	rfNC0523081	siptg001354l1	9
reference_vs_siscowet	rfNC0523081	siptg002038l1	9
reference_vs_siscowet	rfNC0523081	siptg007516l1	9
reference_vs_siscowet	rfNC0523081	siptg007539l1	9
reference_vs_siscowet	rfNC0523091	siptg000481l1	9
reference_vs_siscowet	rfNC0523091	siptg001121l1	9
reference_vs_siscowet	rfNC0523091	siptg002199l1	9
reference_vs_siscowet	rfNC0523091	siptg002602l1	9
reference_vs_siscowet	rfNC0523091	siptg002683l1	9
reference_vs_siscowet	rfNC0523091	siptg002773l1	9
reference_vs_siscowet	rfNC0523111	siptg000489l1	9
reference_vs_siscowet	rfNC0523111	siptg001020l1	9
reference_vs_siscowet	rfNC0523111	siptg001194l1	9
reference_vs_siscowet	rfNC0523111	siptg001438l1	9
reference_vs_siscowet	rfNC0523111	siptg005581l1	9
reference_vs_siscowet	rfNC0523121	siptg000032l1	9
reference_vs_siscowet	rfNC0523121	siptg003364l1	9
reference_vs_siscowet	rfNC0523131	siptg004633l1	9
reference_vs_siscowet	rfNC0523131	siptg008020l1	9
reference_vs_siscowet	rfNC0523141	siptg001077l1	9
reference_vs_siscowet	rfNC0523141	siptg015705l1	9
reference_vs_siscowet	rfNC0523151	siptg000110l1	9
reference_vs_siscowet	rfNC0523151	siptg000681l1	9
reference_vs_siscowet	rfNC0523151	siptg001214l1	9
reference_vs_siscowet	rfNC0523151	siptg001772l1	9
reference_vs_siscowet	rfNC0523151	siptg001799l1	9
reference_vs_siscowet	rfNC0523151	siptg001992l1	9
reference_vs_siscowet	rfNC0523151	siptg003569l1	9
reference_vs_siscowet	rfNC0523161	siptg001028l1	9
reference_vs_siscowet	rfNC0523161	siptg002199l1	9
reference_vs_siscowet	rfNC0523161	siptg002383l1	9
reference_vs_siscowet	rfNC0523171	siptg002050l1	9
reference_vs_siscowet	rfNC0523181	siptg003691l1	9
reference_vs_siscowet	rfNC0523191	siptg000118l1	9
reference_vs_siscowet	rfNC0523191	siptg001830l1	9
reference_vs_siscowet	rfNC0523201	siptg002049l1	9
reference_vs_siscowet	rfNC0523211	siptg001627l1	9
reference_vs_siscowet	rfNC0523211	siptg003817l1	9
reference_vs_siscowet	rfNC0523221	siptg002171l1	9
reference_vs_siscowet	rfNC0523231	siptg002309l1	9
reference_vs_siscowet	rfNC0523231	siptg005409l1	9
reference_vs_siscowet	rfNC0523231	siptg006223l1	9
reference_vs_siscowet	rfNC0523231	siptg007120l1	9
reference_vs_siscowet	rfNC0523241	siptg002763l1	9
reference_vs_siscowet	rfNC0523251	siptg000231l1	9
reference_vs_siscowet	rfNC0523251	siptg000332l1	9
reference_vs_siscowet	rfNC0523251	siptg003139l1	9
reference_vs_siscowet	rfNC0523261	siptg000107l1	9
reference_vs_siscowet	rfNC0523261	siptg008392l1	9
reference_vs_siscowet	rfNC0523271	siptg000096l1	9
reference_vs_siscowet	rfNC0523271	siptg000814l1	9
reference_vs_siscowet	rfNC0523271	siptg001127l1	9
reference_vs_siscowet	rfNC0523271	siptg001164l1	9
reference_vs_siscowet	rfNC0523281	siptg000363l1	9
reference_vs_siscowet	rfNC0523281	siptg000697l1	9
reference_vs_siscowet	rfNC0523291	siptg000931l1	9
reference_vs_siscowet	rfNC0523291	siptg001987l1	9
reference_vs_siscowet	rfNC0523291	siptg003106l1	9
reference_vs_siscowet	rfNC0523301	siptg000754l1	9
reference_vs_siscowet	rfNC0523301	siptg002382l1	9
reference_vs_siscowet	rfNC0523311	siptg001701l1	9
reference_vs_siscowet	rfNC0523311	siptg002059l1	9
reference_vs_siscowet	rfNC0523321	siptg002770l1	9
reference_vs_siscowet	rfNC0523321	siptg004269l1	9
reference_vs_siscowet	rfNC0523321	siptg007340l1	9
reference_vs_siscowet	rfNC0523331	siptg001144l1	9
reference_vs_siscowet	rfNC0523331	siptg001289l1	9
reference_vs_siscowet	rfNC0523331	siptg005308l1	9
reference_vs_siscowet	rfNC0523331	siptg008119l1	9
reference_vs_siscowet	rfNC0523351	siptg002039l1	9
reference_vs_siscowet	rfNC0523361	siptg001451l1	9
reference_vs_siscowet	rfNC0523361	siptg006756l1	9
reference_vs_siscowet	rfNC0523371	siptg000384l1	9
reference_vs_siscowet	rfNC0523371	siptg000997l1	9
reference_vs_siscowet	rfNC0523371	siptg002874l1	9
reference_vs_siscowet	rfNC0523381	siptg004328l1	9
reference_vs_siscowet	rfNC0523381	siptg005538l1	9
reference_vs_siscowet	rfNC0523391	siptg000787l1	9
reference_vs_siscowet	rfNC0523401	siptg003522l1	9
reference_vs_siscowet	rfNC0523401	siptg007688l1	9
reference_vs_siscowet	rfNC0523411	siptg004878l1	9
reference_vs_siscowet	rfNC0523411	siptg008679l1	9
reference_vs_siscowet	rfNC0523421	siptg001411l1	9
reference_vs_siscowet	rfNC0523421	siptg002719l1	9
reference_vs_siscowet	rfNC0523421	siptg002906l1	9
reference_vs_siscowet	rfNC0523431	siptg001933l1	9
reference_vs_siscowet	rfNC0523431	siptg004605l1	9
reference_vs_siscowet	rfNC0523431	siptg007937l1	9
reference_vs_siscowet	rfNC0523441	siptg000141l1	9
reference_vs_siscowet	rfNC0523441	siptg003917l1	9
reference_vs_siscowet	rfNC0523451	siptg000757l1	9
reference_vs_siscowet	rfNC0523451	siptg001565l1	9
reference_vs_siscowet	rfNC0523451	siptg003151l1	9
reference_vs_siscowet	rfNC0523451	siptg004212l1	9
reference_vs_siscowet	rfNC0523481	siptg000910l1	9
reference_vs_siscowet	rfNW0240576751	siptg000618l1	9
reference_vs_siscowet	rfNW0240581681	siptg001502l1	9
reference_vs_siscowet	rfNW0240586411	siptg000853l1	9
reference_vs_siscowet	rfNW0240592851	siptg006612l1	9
reference_vs_siscowet	rfNW0240593291	siptg017881l1	9
reference_vs_siscowet	rfNW0240611801	siptg004594l1	9
reference_vs_siscowet	rfNW0240611971	siptg002464l1	9
reference_vs_siscowet	rfNC0523071	siptg000059l1	8
reference_vs_siscowet	rfNC0523071	siptg001629l1	8
reference_vs_siscowet	rfNC0523071	siptg002013l1	8
reference_vs_siscowet	rfNC0523071	siptg005153l1	8
reference_vs_siscowet	rfNC0523071	siptg007976l1	8
reference_vs_siscowet	rfNC0523081	siptg000589l1	8
reference_vs_siscowet	rfNC0523081	siptg000991l1	8
reference_vs_siscowet	rfNC0523081	siptg003151l1	8
reference_vs_siscowet	rfNC0523081	siptg003583l1	8
reference_vs_siscowet	rfNC0523081	siptg006212l1	8
reference_vs_siscowet	rfNC0523081	siptg006408l1	8
reference_vs_siscowet	rfNC0523091	siptg000238l1	8
reference_vs_siscowet	rfNC0523091	siptg005717l1	8
reference_vs_siscowet	rfNC0523101	siptg001051l1	8
reference_vs_siscowet	rfNC0523101	siptg001313l1	8
reference_vs_siscowet	rfNC0523101	siptg001699l1	8
reference_vs_siscowet	rfNC0523101	siptg002137l1	8
reference_vs_siscowet	rfNC0523101	siptg004465l1	8
reference_vs_siscowet	rfNC0523101	siptg004630l1	8
reference_vs_siscowet	rfNC0523111	siptg000014l1	8
reference_vs_siscowet	rfNC0523111	siptg001212l1	8
reference_vs_siscowet	rfNC0523111	siptg001819l1	8
reference_vs_siscowet	rfNC0523111	siptg001992l1	8
reference_vs_siscowet	rfNC0523111	siptg003017l1	8
reference_vs_siscowet	rfNC0523111	siptg003951l1	8
reference_vs_siscowet	rfNC0523111	siptg004641l1	8
reference_vs_siscowet	rfNC0523111	siptg006997l1	8
reference_vs_siscowet	rfNC0523111	siptg009098l1	8
reference_vs_siscowet	rfNC0523121	siptg000601l1	8
reference_vs_siscowet	rfNC0523121	siptg002920l1	8
reference_vs_siscowet	rfNC0523121	siptg004163l1	8
reference_vs_siscowet	rfNC0523121	siptg006315l1	8
reference_vs_siscowet	rfNC0523131	siptg000696l1	8
reference_vs_siscowet	rfNC0523131	siptg001104l1	8
reference_vs_siscowet	rfNC0523131	siptg002757l1	8
reference_vs_siscowet	rfNC0523141	siptg001001l1	8
reference_vs_siscowet	rfNC0523141	siptg008116l1	8
reference_vs_siscowet	rfNC0523141	siptg008389l1	8
reference_vs_siscowet	rfNC0523141	siptg009109l1	8
reference_vs_siscowet	rfNC0523151	siptg002875l1	8
reference_vs_siscowet	rfNC0523151	siptg003761l1	8
reference_vs_siscowet	rfNC0523161	siptg002205l1	8
reference_vs_siscowet	rfNC0523161	siptg002693l1	8
reference_vs_siscowet	rfNC0523161	siptg003578l1	8
reference_vs_siscowet	rfNC0523171	siptg001124l1	8
reference_vs_siscowet	rfNC0523171	siptg002446l1	8
reference_vs_siscowet	rfNC0523171	siptg004443l1	8
reference_vs_siscowet	rfNC0523171	siptg005775l1	8
reference_vs_siscowet	rfNC0523171	siptg005839l1	8
reference_vs_siscowet	rfNC0523181	siptg000493l1	8
reference_vs_siscowet	rfNC0523181	siptg000708l1	8
reference_vs_siscowet	rfNC0523181	siptg012146l1	8
reference_vs_siscowet	rfNC0523191	siptg004068l1	8
reference_vs_siscowet	rfNC0523201	siptg000612l1	8
reference_vs_siscowet	rfNC0523201	siptg007413l1	8
reference_vs_siscowet	rfNC0523201	siptg008095l1	8
reference_vs_siscowet	rfNC0523211	siptg000469l1	8
reference_vs_siscowet	rfNC0523211	siptg001094l1	8
reference_vs_siscowet	rfNC0523221	siptg004553l1	8
reference_vs_siscowet	rfNC0523221	siptg011602l1	8
reference_vs_siscowet	rfNC0523221	siptg017881l1	8
reference_vs_siscowet	rfNC0523231	siptg002789l1	8
reference_vs_siscowet	rfNC0523231	siptg008338l1	8
reference_vs_siscowet	rfNC0523241	siptg002465l1	8
reference_vs_siscowet	rfNC0523251	siptg001672l1	8
reference_vs_siscowet	rfNC0523251	siptg001984l1	8
reference_vs_siscowet	rfNC0523251	siptg002006l1	8
reference_vs_siscowet	rfNC0523251	siptg007591l1	8
reference_vs_siscowet	rfNC0523261	siptg001215l1	8
reference_vs_siscowet	rfNC0523261	siptg001904l1	8
reference_vs_siscowet	rfNC0523261	siptg003152l1	8
reference_vs_siscowet	rfNC0523261	siptg003834l1	8
reference_vs_siscowet	rfNC0523271	siptg001958l1	8
reference_vs_siscowet	rfNC0523271	siptg001998l1	8
reference_vs_siscowet	rfNC0523271	siptg002852l1	8
reference_vs_siscowet	rfNC0523271	siptg003965l1	8
reference_vs_siscowet	rfNC0523271	siptg009070l1	8
reference_vs_siscowet	rfNC0523281	siptg002678l1	8
reference_vs_siscowet	rfNC0523291	siptg001600l1	8
reference_vs_siscowet	rfNC0523291	siptg002042l1	8
reference_vs_siscowet	rfNC0523291	siptg008111l1	8
reference_vs_siscowet	rfNC0523291	siptg008374l1	8
reference_vs_siscowet	rfNC0523291	siptg014058l1	8
reference_vs_siscowet	rfNC0523301	siptg001131l1	8
reference_vs_siscowet	rfNC0523311	siptg000073l1	8
reference_vs_siscowet	rfNC0523311	siptg003196l1	8
reference_vs_siscowet	rfNC0523311	siptg004043l1	8
reference_vs_siscowet	rfNC0523311	siptg008803l1	8
reference_vs_siscowet	rfNC0523321	siptg001886l1	8
reference_vs_siscowet	rfNC0523321	siptg003127l1	8
reference_vs_siscowet	rfNC0523331	siptg002318l1	8
reference_vs_siscowet	rfNC0523331	siptg004366l1	8
reference_vs_siscowet	rfNC0523331	siptg008035l1	8
reference_vs_siscowet	rfNC0523341	siptg000750l1	8
reference_vs_siscowet	rfNC0523341	siptg000829l1	8
reference_vs_siscowet	rfNC0523341	siptg005098l1	8
reference_vs_siscowet	rfNC0523341	siptg007936l1	8
reference_vs_siscowet	rfNC0523351	siptg000326l1	8
reference_vs_siscowet	rfNC0523381	siptg000213l1	8
reference_vs_siscowet	rfNC0523381	siptg002759l1	8
reference_vs_siscowet	rfNC0523381	siptg005269l1	8
reference_vs_siscowet	rfNC0523391	siptg001920l1	8
reference_vs_siscowet	rfNC0523391	siptg002162l1	8
reference_vs_siscowet	rfNC0523391	siptg002879l1	8
reference_vs_siscowet	rfNC0523401	siptg001931l1	8
reference_vs_siscowet	rfNC0523401	siptg002742l1	8
reference_vs_siscowet	rfNC0523401	siptg005447l1	8
reference_vs_siscowet	rfNC0523411	siptg000849l1	8
reference_vs_siscowet	rfNC0523411	siptg000918l1	8
reference_vs_siscowet	rfNC0523421	siptg000751l1	8
reference_vs_siscowet	rfNC0523421	siptg003331l1	8
reference_vs_siscowet	rfNC0523441	siptg004203l1	8
reference_vs_siscowet	rfNC0523441	siptg009222l1	8
reference_vs_siscowet	rfNC0523451	siptg003231l1	8
reference_vs_siscowet	rfNC0523451	siptg003466l1	8
reference_vs_siscowet	rfNC0523451	siptg004797l1	8
reference_vs_siscowet	rfNC0523451	siptg008327l1	8
reference_vs_siscowet	rfNC0523451	siptg013861l1	8
reference_vs_siscowet	rfNC0523461	siptg000291l1	8
reference_vs_siscowet	rfNC0523461	siptg002120l1	8
reference_vs_siscowet	rfNC0523461	siptg002458l1	8
reference_vs_siscowet	rfNC0523471	siptg007715l1	8
reference_vs_siscowet	rfNC0523481	siptg000713l1	8
reference_vs_siscowet	rfNC0523481	siptg001273l1	8
reference_vs_siscowet	rfNC0523481	siptg002905l1	8
reference_vs_siscowet	rfNW0240578971	siptg001041l1	8
reference_vs_siscowet	rfNW0240585141	siptg005350l1	8
reference_vs_siscowet	rfNW0240587861	siptg001675l1	8
reference_vs_siscowet	rfNW0240588971	siptg000684l1	8
reference_vs_siscowet	rfNW0240599331	siptg006612l1	8
reference_vs_siscowet	rfNW0240603861	siptg002567l1	8
reference_vs_siscowet	rfNW0240607521	siptg007373l1	8
reference_vs_siscowet	rfNW0240614191	siptg002393l1	8
reference_vs_siscowet	rfNC0523071	siptg001282l1	7
reference_vs_siscowet	rfNC0523071	siptg003426l1	7
reference_vs_siscowet	rfNC0523071	siptg007568l1	7
reference_vs_siscowet	rfNC0523071	siptg008307l1	7
reference_vs_siscowet	rfNC0523071	siptg013544l1	7
reference_vs_siscowet	rfNC0523081	siptg000675l1	7
reference_vs_siscowet	rfNC0523081	siptg000811l1	7
reference_vs_siscowet	rfNC0523081	siptg000813l1	7
reference_vs_siscowet	rfNC0523081	siptg001086l1	7
reference_vs_siscowet	rfNC0523081	siptg001409l1	7
reference_vs_siscowet	rfNC0523081	siptg001687l1	7
reference_vs_siscowet	rfNC0523081	siptg002569l1	7
reference_vs_siscowet	rfNC0523081	siptg002939l1	7
reference_vs_siscowet	rfNC0523081	siptg003267l1	7
reference_vs_siscowet	rfNC0523081	siptg007481l1	7
reference_vs_siscowet	rfNC0523091	siptg000678l1	7
reference_vs_siscowet	rfNC0523091	siptg001005l1	7
reference_vs_siscowet	rfNC0523091	siptg001517l1	7
reference_vs_siscowet	rfNC0523091	siptg001848l1	7
reference_vs_siscowet	rfNC0523091	siptg001932l1	7
reference_vs_siscowet	rfNC0523091	siptg006131l1	7
reference_vs_siscowet	rfNC0523091	siptg007499l1	7
reference_vs_siscowet	rfNC0523101	siptg000549l1	7
reference_vs_siscowet	rfNC0523101	siptg000611l1	7
reference_vs_siscowet	rfNC0523101	siptg001284l1	7
reference_vs_siscowet	rfNC0523111	siptg001460l1	7
reference_vs_siscowet	rfNC0523111	siptg002113l1	7
reference_vs_siscowet	rfNC0523111	siptg002842l1	7
reference_vs_siscowet	rfNC0523111	siptg003338l1	7
reference_vs_siscowet	rfNC0523111	siptg004153l1	7
reference_vs_siscowet	rfNC0523111	siptg004223l1	7
reference_vs_siscowet	rfNC0523111	siptg005322l1	7
reference_vs_siscowet	rfNC0523111	siptg009250l1	7
reference_vs_siscowet	rfNC0523121	siptg001980l1	7
reference_vs_siscowet	rfNC0523121	siptg003033l1	7
reference_vs_siscowet	rfNC0523131	siptg002559l1	7
reference_vs_siscowet	rfNC0523131	siptg002600l1	7
reference_vs_siscowet	rfNC0523131	siptg003749l1	7
reference_vs_siscowet	rfNC0523131	siptg005897l1	7
reference_vs_siscowet	rfNC0523141	siptg000260l1	7
reference_vs_siscowet	rfNC0523141	siptg000798l1	7
reference_vs_siscowet	rfNC0523141	siptg001469l1	7
reference_vs_siscowet	rfNC0523141	siptg001615l1	7
reference_vs_siscowet	rfNC0523141	siptg001774l1	7
reference_vs_siscowet	rfNC0523141	siptg002201l1	7
reference_vs_siscowet	rfNC0523141	siptg002550l1	7
reference_vs_siscowet	rfNC0523141	siptg002624l1	7
reference_vs_siscowet	rfNC0523151	siptg000367l1	7
reference_vs_siscowet	rfNC0523151	siptg002739l1	7
reference_vs_siscowet	rfNC0523151	siptg007514l1	7
reference_vs_siscowet	rfNC0523161	siptg012586l1	7
reference_vs_siscowet	rfNC0523171	siptg001182l1	7
reference_vs_siscowet	rfNC0523171	siptg002177l1	7
reference_vs_siscowet	rfNC0523171	siptg010027l1	7
reference_vs_siscowet	rfNC0523191	siptg000132l1	7
reference_vs_siscowet	rfNC0523191	siptg000652l1	7
reference_vs_siscowet	rfNC0523191	siptg000826l1	7
reference_vs_siscowet	rfNC0523191	siptg001204l1	7
reference_vs_siscowet	rfNC0523191	siptg003211l1	7
reference_vs_siscowet	rfNC0523191	siptg003383l1	7
reference_vs_siscowet	rfNC0523191	siptg010419l1	7
reference_vs_siscowet	rfNC0523201	siptg002442l1	7
reference_vs_siscowet	rfNC0523201	siptg008773l1	7
reference_vs_siscowet	rfNC0523211	siptg004698l1	7
reference_vs_siscowet	rfNC0523211	siptg006328l1	7
reference_vs_siscowet	rfNC0523221	siptg000627l1	7
reference_vs_siscowet	rfNC0523221	siptg002126l1	7
reference_vs_siscowet	rfNC0523221	siptg003598l1	7
reference_vs_siscowet	rfNC0523221	siptg004415l1	7
reference_vs_siscowet	rfNC0523221	siptg007215l1	7
reference_vs_siscowet	rfNC0523221	siptg011552l1	7
reference_vs_siscowet	rfNC0523231	siptg002014l1	7
reference_vs_siscowet	rfNC0523231	siptg003837l1	7
reference_vs_siscowet	rfNC0523231	siptg004857l1	7
reference_vs_siscowet	rfNC0523241	siptg003457l1	7
reference_vs_siscowet	rfNC0523241	siptg005872l1	7
reference_vs_siscowet	rfNC0523251	siptg000547l1	7
reference_vs_siscowet	rfNC0523251	siptg005533l1	7
reference_vs_siscowet	rfNC0523251	siptg011786l1	7
reference_vs_siscowet	rfNC0523261	siptg000371l1	7
reference_vs_siscowet	rfNC0523261	siptg001680l1	7
reference_vs_siscowet	rfNC0523271	siptg000187l1	7
reference_vs_siscowet	rfNC0523271	siptg002466l1	7
reference_vs_siscowet	rfNC0523271	siptg002682l1	7
reference_vs_siscowet	rfNC0523271	siptg003190l1	7
reference_vs_siscowet	rfNC0523271	siptg003619l1	7
reference_vs_siscowet	rfNC0523271	siptg005585l1	7
reference_vs_siscowet	rfNC0523271	siptg008085l1	7
reference_vs_siscowet	rfNC0523281	siptg000017l1	7
reference_vs_siscowet	rfNC0523281	siptg001074l1	7
reference_vs_siscowet	rfNC0523291	siptg000487l1	7
reference_vs_siscowet	rfNC0523291	siptg001082l1	7
reference_vs_siscowet	rfNC0523301	siptg000157l1	7
reference_vs_siscowet	rfNC0523301	siptg001516l1	7
reference_vs_siscowet	rfNC0523301	siptg002774l1	7
reference_vs_siscowet	rfNC0523301	siptg003283l1	7
reference_vs_siscowet	rfNC0523311	siptg000647l1	7
reference_vs_siscowet	rfNC0523311	siptg000889l1	7
reference_vs_siscowet	rfNC0523311	siptg002497l1	7
reference_vs_siscowet	rfNC0523321	siptg000396l1	7
reference_vs_siscowet	rfNC0523331	siptg000855l1	7
reference_vs_siscowet	rfNC0523331	siptg002219l1	7
reference_vs_siscowet	rfNC0523331	siptg002605l1	7
reference_vs_siscowet	rfNC0523331	siptg002612l1	7
reference_vs_siscowet	rfNC0523331	siptg004177l1	7
reference_vs_siscowet	rfNC0523331	siptg006154l1	7
reference_vs_siscowet	rfNC0523331	siptg007782l1	7
reference_vs_siscowet	rfNC0523331	siptg007890l1	7
reference_vs_siscowet	rfNC0523341	siptg002741l1	7
reference_vs_siscowet	rfNC0523341	siptg003504l1	7
reference_vs_siscowet	rfNC0523341	siptg004776l1	7
reference_vs_siscowet	rfNC0523341	siptg007657l1	7
reference_vs_siscowet	rfNC0523341	siptg014391l1	7
reference_vs_siscowet	rfNC0523341	siptg018792l1	7
reference_vs_siscowet	rfNC0523351	siptg001862l1	7
reference_vs_siscowet	rfNC0523351	siptg002276l1	7
reference_vs_siscowet	rfNC0523351	siptg003710l1	7
reference_vs_siscowet	rfNC0523361	siptg000766l1	7
reference_vs_siscowet	rfNC0523361	siptg000810l1	7
reference_vs_siscowet	rfNC0523361	siptg001913l1	7
reference_vs_siscowet	rfNC0523361	siptg009927l1	7
reference_vs_siscowet	rfNC0523381	siptg003717l1	7
reference_vs_siscowet	rfNC0523381	siptg006314l1	7
reference_vs_siscowet	rfNC0523381	siptg011380l1	7
reference_vs_siscowet	rfNC0523391	siptg000646l1	7
reference_vs_siscowet	rfNC0523391	siptg002604l1	7
reference_vs_siscowet	rfNC0523391	siptg002871l1	7
reference_vs_siscowet	rfNC0523391	siptg003305l1	7
reference_vs_siscowet	rfNC0523391	siptg004162l1	7
reference_vs_siscowet	rfNC0523391	siptg014905l1	7
reference_vs_siscowet	rfNC0523401	siptg000022l1	7
reference_vs_siscowet	rfNC0523401	siptg003767l1	7
reference_vs_siscowet	rfNC0523401	siptg004132l1	7
reference_vs_siscowet	rfNC0523401	siptg004449l1	7
reference_vs_siscowet	rfNC0523411	siptg002307l1	7
reference_vs_siscowet	rfNC0523411	siptg002760l1	7
reference_vs_siscowet	rfNC0523421	siptg000790l1	7
reference_vs_siscowet	rfNC0523421	siptg006927l1	7
reference_vs_siscowet	rfNC0523421	siptg009422l1	7
reference_vs_siscowet	rfNC0523421	siptg013979l1	7
reference_vs_siscowet	rfNC0523431	siptg001287l1	7
reference_vs_siscowet	rfNC0523431	siptg002140l1	7
reference_vs_siscowet	rfNC0523451	siptg000247l1	7
reference_vs_siscowet	rfNC0523451	siptg002243l1	7
reference_vs_siscowet	rfNC0523451	siptg007613l1	7
reference_vs_siscowet	rfNC0523461	siptg004586l1	7
reference_vs_siscowet	rfNC0523461	siptg007650l1	7
reference_vs_siscowet	rfNC0523471	siptg003867l1	7
reference_vs_siscowet	rfNC0523481	siptg000232l1	7
reference_vs_siscowet	rfNC0523481	siptg000497l1	7
reference_vs_siscowet	rfNC0523481	siptg001711l1	7
reference_vs_siscowet	rfNC0523481	siptg003332l1	7
reference_vs_siscowet	rfNC0523481	siptg007619l1	7
reference_vs_siscowet	rfNW0240577961	siptg001127l1	7
reference_vs_siscowet	rfNW0240579421	siptg005273l1	7
reference_vs_siscowet	rfNW0240580421	siptg006493l1	7
reference_vs_siscowet	rfNW0240582961	siptg004052l1	7
reference_vs_siscowet	rfNW0240584411	siptg002393l1	7
reference_vs_siscowet	rfNW0240586611	siptg001298l1	7
reference_vs_siscowet	rfNW0240590421	siptg006286l1	7
reference_vs_siscowet	rfNW0240591531	siptg006753l1	7
reference_vs_siscowet	rfNW0240598961	siptg000617l1	7
reference_vs_siscowet	rfNW0240606741	siptg000852l1	7
reference_vs_siscowet	rfNW0240611111	siptg002208l1	7
reference_vs_siscowet	rfNW0240611201	siptg004731l1	7
reference_vs_siscowet	rfNW0240612551	siptg001942l1	7
reference_vs_siscowet	rfNW0240612811	siptg005975l1	7
reference_vs_siscowet	rfNW0240613091	siptg005547l1	7
reference_vs_siscowet	rfNW0240613751	siptg008851l1	7
reference_vs_siscowet	rfNW0240615971	siptg000494l1	7
reference_vs_siscowet	rfNW0240616861	siptg001108l1	7
reference_vs_siscowet	rfNC0523071	siptg000725l1	6
reference_vs_siscowet	rfNC0523071	siptg003273l1	6
reference_vs_siscowet	rfNC0523071	siptg003642l1	6
reference_vs_siscowet	rfNC0523081	siptg000298l1	6
reference_vs_siscowet	rfNC0523081	siptg009684l1	6
reference_vs_siscowet	rfNC0523091	siptg000167l1	6
reference_vs_siscowet	rfNC0523091	siptg000563l1	6
reference_vs_siscowet	rfNC0523091	siptg004210l1	6
reference_vs_siscowet	rfNC0523091	siptg005353l1	6
reference_vs_siscowet	rfNC0523101	siptg003919l1	6
reference_vs_siscowet	rfNC0523101	siptg007556l1	6
reference_vs_siscowet	rfNC0523101	siptg008396l1	6
reference_vs_siscowet	rfNC0523111	siptg000394l1	6
reference_vs_siscowet	rfNC0523111	siptg001066l1	6
reference_vs_siscowet	rfNC0523111	siptg001256l1	6
reference_vs_siscowet	rfNC0523111	siptg002441l1	6
reference_vs_siscowet	rfNC0523111	siptg003259l1	6
reference_vs_siscowet	rfNC0523111	siptg004898l1	6
reference_vs_siscowet	rfNC0523111	siptg006219l1	6
reference_vs_siscowet	rfNC0523121	siptg000102l1	6
reference_vs_siscowet	rfNC0523121	siptg000280l1	6
reference_vs_siscowet	rfNC0523121	siptg002153l1	6
reference_vs_siscowet	rfNC0523121	siptg002481l1	6
reference_vs_siscowet	rfNC0523121	siptg002701l1	6
reference_vs_siscowet	rfNC0523131	siptg000051l1	6
reference_vs_siscowet	rfNC0523131	siptg000677l1	6
reference_vs_siscowet	rfNC0523131	siptg001342l1	6
reference_vs_siscowet	rfNC0523131	siptg002820l1	6
reference_vs_siscowet	rfNC0523141	siptg000303l1	6
reference_vs_siscowet	rfNC0523141	siptg000318l1	6
reference_vs_siscowet	rfNC0523141	siptg000778l1	6
reference_vs_siscowet	rfNC0523141	siptg001383l1	6
reference_vs_siscowet	rfNC0523141	siptg002443l1	6
reference_vs_siscowet	rfNC0523141	siptg008799l1	6
reference_vs_siscowet	rfNC0523151	siptg001408l1	6
reference_vs_siscowet	rfNC0523161	siptg000160l1	6
reference_vs_siscowet	rfNC0523161	siptg001196l1	6
reference_vs_siscowet	rfNC0523161	siptg012900l1	6
reference_vs_siscowet	rfNC0523171	siptg000270l1	6
reference_vs_siscowet	rfNC0523171	siptg001554l1	6
reference_vs_siscowet	rfNC0523171	siptg002850l1	6
reference_vs_siscowet	rfNC0523191	siptg001336l1	6
reference_vs_siscowet	rfNC0523201	siptg002973l1	6
reference_vs_siscowet	rfNC0523201	siptg005046l1	6
reference_vs_siscowet	rfNC0523201	siptg005930l1	6
reference_vs_siscowet	rfNC0523201	siptg008362l1	6
reference_vs_siscowet	rfNC0523211	siptg002498l1	6
reference_vs_siscowet	rfNC0523211	siptg007985l1	6
reference_vs_siscowet	rfNC0523221	siptg000925l1	6
reference_vs_siscowet	rfNC0523221	siptg002251l1	6
reference_vs_siscowet	rfNC0523221	siptg004551l1	6
reference_vs_siscowet	rfNC0523221	siptg011692l1	6
reference_vs_siscowet	rfNC0523231	siptg000294l1	6
reference_vs_siscowet	rfNC0523231	siptg000527l1	6
reference_vs_siscowet	rfNC0523231	siptg013398l1	6
reference_vs_siscowet	rfNC0523241	siptg000573l1	6
reference_vs_siscowet	rfNC0523241	siptg003842l1	6
reference_vs_siscowet	rfNC0523241	siptg004408l1	6
reference_vs_siscowet	rfNC0523251	siptg004051l1	6
reference_vs_siscowet	rfNC0523251	siptg004845l1	6
reference_vs_siscowet	rfNC0523261	siptg001149l1	6
reference_vs_siscowet	rfNC0523261	siptg002530l1	6
reference_vs_siscowet	rfNC0523271	siptg000911l1	6
reference_vs_siscowet	rfNC0523301	siptg001183l1	6
reference_vs_siscowet	rfNC0523301	siptg003027l1	6
reference_vs_siscowet	rfNC0523311	siptg001731l1	6
reference_vs_siscowet	rfNC0523311	siptg002511l1	6
reference_vs_siscowet	rfNC0523311	siptg008697l1	6
reference_vs_siscowet	rfNC0523321	siptg000989l1	6
reference_vs_siscowet	rfNC0523331	siptg000046l1	6
reference_vs_siscowet	rfNC0523331	siptg000869l1	6
reference_vs_siscowet	rfNC0523341	siptg003507l1	6
reference_vs_siscowet	rfNC0523341	siptg005291l1	6
reference_vs_siscowet	rfNC0523341	siptg007701l1	6
reference_vs_siscowet	rfNC0523341	siptg010088l1	6
reference_vs_siscowet	rfNC0523351	siptg001623l1	6
reference_vs_siscowet	rfNC0523351	siptg001995l1	6
reference_vs_siscowet	rfNC0523351	siptg004160l1	6
reference_vs_siscowet	rfNC0523361	siptg002778l1	6
reference_vs_siscowet	rfNC0523361	siptg005600l1	6
reference_vs_siscowet	rfNC0523371	siptg001135l1	6
reference_vs_siscowet	rfNC0523371	siptg002098l1	6
reference_vs_siscowet	rfNC0523391	siptg002537l1	6
reference_vs_siscowet	rfNC0523391	siptg005321l1	6
reference_vs_siscowet	rfNC0523411	siptg003083l1	6
reference_vs_siscowet	rfNC0523411	siptg004343l1	6
reference_vs_siscowet	rfNC0523421	siptg002734l1	6
reference_vs_siscowet	rfNC0523431	siptg002174l1	6
reference_vs_siscowet	rfNC0523431	siptg011239l1	6
reference_vs_siscowet	rfNC0523441	siptg000149l1	6
reference_vs_siscowet	rfNC0523441	siptg002320l1	6
reference_vs_siscowet	rfNC0523441	siptg003278l1	6
reference_vs_siscowet	rfNC0523451	siptg001632l1	6
reference_vs_siscowet	rfNC0523451	siptg003299l1	6
reference_vs_siscowet	rfNC0523451	siptg005498l1	6
reference_vs_siscowet	rfNC0523451	siptg008031l1	6
reference_vs_siscowet	rfNC0523461	siptg002263l1	6
reference_vs_siscowet	rfNC0523461	siptg003585l1	6
reference_vs_siscowet	rfNC0523461	siptg003727l1	6
reference_vs_siscowet	rfNC0523481	siptg001839l1	6
reference_vs_siscowet	rfNC0523481	siptg017723l1	6
reference_vs_siscowet	rfNW0240578051	siptg009424l1	6
reference_vs_siscowet	rfNW0240578971	siptg009094l1	6
reference_vs_siscowet	rfNW0240582081	siptg013297l1	6
reference_vs_siscowet	rfNW0240585861	siptg006935l1	6
reference_vs_siscowet	rfNW0240588971	siptg000075l1	6
reference_vs_siscowet	rfNW0240592861	siptg003855l1	6
reference_vs_siscowet	rfNW0240596741	siptg006254l1	6
reference_vs_siscowet	rfNW0240597411	siptg005107l1	6
reference_vs_siscowet	rfNW0240609301	siptg000174l1	6
reference_vs_siscowet	rfNW0240611811	siptg008436l1	6
reference_vs_siscowet	rfNW0240612761	siptg006254l1	6
reference_vs_siscowet	rfNW0240613411	siptg006229l1	6
reference_vs_siscowet	rfNW0240613421	siptg004935l1	6
reference_vs_siscowet	rfNW0240613631	siptg000272l1	6
reference_vs_siscowet	rfNW0240613631	siptg004343l1	6
reference_vs_siscowet	rfNW0240614311	siptg002543l1	6
reference_vs_siscowet	rfNW0240614481	siptg010037l1	6
reference_vs_siscowet	rfNW0240614581	siptg000645l1	6
reference_vs_siscowet	rfNW0240615521	siptg000873l1	6
reference_vs_siscowet	rfNW0240616411	siptg007504l1	6
reference_vs_siscowet	rfNC0523091	siptg002147l1	5
reference_vs_siscowet	rfNC0523091	siptg002437l1	5
reference_vs_siscowet	rfNC0523111	siptg006484l1	5
reference_vs_siscowet	rfNC0523191	siptg001513l1	5
reference_vs_siscowet	rfNC0523201	siptg010245l1	5
reference_vs_siscowet	rfNC0523251	siptg002189l1	5
reference_vs_siscowet	rfNC0523291	siptg004987l1	5
reference_vs_siscowet	rfNC0523331	siptg014018l1	5
reference_vs_siscowet	rfNC0523391	siptg002384l1	5
reference_vs_siscowet	rfNC0523401	siptg000086l1	5
reference_vs_siscowet	rfNC0523411	siptg000483l1	5
reference_vs_siscowet	rfNC0523431	siptg013001l1	5
reference_vs_siscowet	rfNC0523451	siptg002587l1	5
reference_vs_siscowet	rfNW0240593971	siptg005019l1	5
