chrom	length	bases	mean	min	max
ptg000001l_1	224559	1926289	8.58	0	28
ptg000001l_1_region	224559	1926289	8.58	0	28
ptg000002l_1	466864	3208262	6.87	0	29
ptg000002l_1_region	466864	3208262	6.87	0	29
ptg000003l_1	403059	2834136	7.03	0	33
ptg000003l_1_region	403059	2834136	7.03	0	33
ptg000004l_1	1905946	11933387	6.26	0	26
ptg000004l_1_region	1905946	11933387	6.26	0	26
ptg000007l_1	668351	3748960	5.61	0	22
ptg000007l_1_region	668351	3748960	5.61	0	22
ptg000009l_1	1309717	8583455	6.55	0	31
ptg000009l_1_region	1309717	8583455	6.55	0	31
ptg000010l_1	1379608	9814581	7.11	0	19
ptg000010l_1_region	1379608	9814581	7.11	0	19
ptg000011l_1	1181895	8604436	7.28	0	29
ptg000011l_1_region	1181895	8604436	7.28	0	29
ptg000012l_1	2003601	10561596	5.27	0	37
ptg000012l_1_region	2003601	10561596	5.27	0	37
ptg000014l_1	496174	3320599	6.69	0	24
ptg000014l_1_region	496174	3320599	6.69	0	24
ptg000017l_1	337928	3110566	9.20	0	48
ptg000017l_1_region	337928	3110566	9.20	0	48
ptg000018l_1	1171150	7329778	6.26	0	24
ptg000018l_1_region	1171150	7329778	6.26	0	24
ptg000020l_1	838433	5488461	6.55	0	24
ptg000020l_1_region	838433	5488461	6.55	0	24
ptg000022l_1	763729	3224634	4.22	0	30
ptg000022l_1_region	763729	3224634	4.22	0	30
ptg000023l_1	3419222	24791667	7.25	0	33
ptg000023l_1_region	3419222	24791667	7.25	0	33
ptg000024l_1	3723909	28891302	7.76	0	29
ptg000024l_1_region	3723909	28891302	7.76	0	29
ptg000025l_1	2438521	16992444	6.97	0	23
ptg000025l_1_region	2438521	16992444	6.97	0	23
ptg000026l_1	567458	2659579	4.69	0	34
ptg000026l_1_region	567458	2659579	4.69	0	34
ptg000027l_1	2516055	16370173	6.51	0	23
ptg000027l_1_region	2516055	16370173	6.51	0	23
ptg000028l_1	1739603	9020802	5.19	0	66
ptg000028l_1_region	1739603	9020802	5.19	0	66
ptg000029l_1	378547	5514874	14.57	0	111
ptg000029l_1_region	378547	5514874	14.57	0	111
ptg000031l_1	1937049	14882536	7.68	0	24
ptg000031l_1_region	1937049	14882536	7.68	0	24
ptg000032l_1	787133	4893700	6.22	0	28
ptg000032l_1_region	787133	4893700	6.22	0	28
ptg000034l_1	640064	4752415	7.42	0	23
ptg000034l_1_region	640064	4752415	7.42	0	23
ptg000035l_1	1094022	7425865	6.79	0	22
ptg000035l_1_region	1094022	7425865	6.79	0	22
ptg000036l_1	672284	3768249	5.61	0	26
ptg000036l_1_region	672284	3768249	5.61	0	26
ptg000037l_1	600481	3684023	6.14	0	19
ptg000037l_1_region	600481	3684023	6.14	0	19
ptg000040l_1	1733005	11652296	6.72	0	34
ptg000040l_1_region	1733005	11652296	6.72	0	34
ptg000041l_1	154533	925706	5.99	0	13
ptg000041l_1_region	154533	925706	5.99	0	13
ptg000043l_1	1204965	7945509	6.59	0	30
ptg000043l_1_region	1204965	7945509	6.59	0	30
ptg000044l_1	94748	260706	2.75	0	13
ptg000044l_1_region	94748	260706	2.75	0	13
ptg000045l_1	492275	1954432	3.97	0	120
ptg000045l_1_region	492275	1954432	3.97	0	120
ptg000046l_1	327139	1869866	5.72	0	28
ptg000046l_1_region	327139	1869866	5.72	0	28
ptg000047l_1	872861	5567365	6.38	0	22
ptg000047l_1_region	872861	5567365	6.38	0	22
ptg000048l_1	267187	1707472	6.39	0	14
ptg000048l_1_region	267187	1707472	6.39	0	14
ptg000049l_1	2613172	20045885	7.67	0	30
ptg000049l_1_region	2613172	20045885	7.67	0	30
ptg000050l_1	181505	809200	4.46	0	19
ptg000050l_1_region	181505	809200	4.46	0	19
ptg000051l_1	361702	2049913	5.67	0	15
ptg000051l_1_region	361702	2049913	5.67	0	15
ptg000052l_1	1893344	9723232	5.14	0	26
ptg000052l_1_region	1893344	9723232	5.14	0	26
ptg000053l_1	249816	1777191	7.11	0	22
ptg000053l_1_region	249816	1777191	7.11	0	22
ptg000054l_1	2153890	15564513	7.23	0	39
ptg000054l_1_region	2153890	15564513	7.23	0	39
ptg000055l_1	2483671	17227114	6.94	0	27
ptg000055l_1_region	2483671	17227114	6.94	0	27
ptg000056l_1	872788	5205113	5.96	0	18
ptg000056l_1_region	872788	5205113	5.96	0	18
ptg000057l_1	1766985	13145972	7.44	0	60
ptg000057l_1_region	1766985	13145972	7.44	0	60
ptg000058l_1	370373	2172930	5.87	0	18
ptg000058l_1_region	370373	2172930	5.87	0	18
ptg000059l_1	410718	2684274	6.54	0	22
ptg000059l_1_region	410718	2684274	6.54	0	22
ptg000060l_1	527093	3959115	7.51	0	27
ptg000060l_1_region	527093	3959115	7.51	0	27
ptg000061l_1	3211763	23570679	7.34	0	31
ptg000061l_1_region	3211763	23570679	7.34	0	31
ptg000062l_1	1612754	8909311	5.52	0	39
ptg000062l_1_region	1612754	8909311	5.52	0	39
ptg000063l_1	378872	1971238	5.20	0	18
ptg000063l_1_region	378872	1971238	5.20	0	18
ptg000065l_1	795592	5144111	6.47	0	25
ptg000065l_1_region	795592	5144111	6.47	0	25
ptg000066l_1	113674	557810	4.91	0	22
ptg000066l_1_region	113674	557810	4.91	0	22
ptg000067l_1	567839	3054780	5.38	0	18
ptg000067l_1_region	567839	3054780	5.38	0	18
ptg000068l_1	1200107	6295159	5.25	0	19
ptg000068l_1_region	1200107	6295159	5.25	0	19
ptg000069l_1	440038	2479937	5.64	0	17
ptg000069l_1_region	440038	2479937	5.64	0	17
ptg000070l_1	635141	3421322	5.39	0	18
ptg000070l_1_region	635141	3421322	5.39	0	18
ptg000071l_1	492128	2260086	4.59	0	14
ptg000071l_1_region	492128	2260086	4.59	0	14
ptg000073l_1	596027	2792274	4.68	0	12
ptg000073l_1_region	596027	2792274	4.68	0	12
ptg000075l_1	1362389	7989255	5.86	0	45
ptg000075l_1_region	1362389	7989255	5.86	0	45
ptg000078l_1	1849515	13216049	7.15	0	24
ptg000078l_1_region	1849515	13216049	7.15	0	24
ptg000079l_1	1553048	9776784	6.30	0	19
ptg000079l_1_region	1553048	9776784	6.30	0	19
ptg000080l_1	1248482	8091128	6.48	0	20
ptg000080l_1_region	1248482	8091128	6.48	0	20
ptg000082l_1	1741085	10409693	5.98	0	21
ptg000082l_1_region	1741085	10409693	5.98	0	21
ptg000083l_1	944999	5816590	6.16	0	51
ptg000083l_1_region	944999	5816590	6.16	0	51
ptg000084l_1	3696174	26977301	7.30	0	27
ptg000084l_1_region	3696174	26977301	7.30	0	27
ptg000085l_1	1772517	12841688	7.24	0	22
ptg000085l_1_region	1772517	12841688	7.24	0	22
ptg000086l_1	668477	4629897	6.93	0	20
ptg000086l_1_region	668477	4629897	6.93	0	20
ptg000087l_1	307370	466350	1.52	0	15
ptg000087l_1_region	307370	466350	1.52	0	15
ptg000088l_1	2675700	18518450	6.92	0	40
ptg000088l_1_region	2675700	18518450	6.92	0	40
ptg000089l_1	1527381	11738311	7.69	0	38
ptg000089l_1_region	1527381	11738311	7.69	0	38
ptg000090l_1	1489912	10744103	7.21	0	30
ptg000090l_1_region	1489912	10744103	7.21	0	30
ptg000091l_1	410195	2344147	5.71	0	16
ptg000091l_1_region	410195	2344147	5.71	0	16
ptg000092l_1	2127149	14083474	6.62	0	20
ptg000092l_1_region	2127149	14083474	6.62	0	20
ptg000093l_1	477205	2921019	6.12	0	19
ptg000093l_1_region	477205	2921019	6.12	0	19
ptg000095l_1	443974	3379972	7.61	0	51
ptg000095l_1_region	443974	3379972	7.61	0	51
ptg000096l_1	1811472	14486630	8.00	0	35
ptg000096l_1_region	1811472	14486630	8.00	0	35
ptg000098l_1	1463058	9383355	6.41	0	23
ptg000098l_1_region	1463058	9383355	6.41	0	23
ptg000101l_1	568537	4762349	8.38	0	39
ptg000101l_1_region	568537	4762349	8.38	0	39
ptg000102l_1	306991	2085891	6.79	0	27
ptg000102l_1_region	306991	2085891	6.79	0	27
ptg000103l_1	738690	4733665	6.41	0	17
ptg000103l_1_region	738690	4733665	6.41	0	17
ptg000105l_1	4970350	40353608	8.12	0	82
ptg000105l_1_region	4970350	40353608	8.12	0	82
ptg000106l_1	830955	4012478	4.83	0	18
ptg000106l_1_region	830955	4012478	4.83	0	18
ptg000107l_1	610488	6168998	10.11	0	64
ptg000107l_1_region	610488	6168998	10.11	0	64
ptg000108l_1	524569	3553118	6.77	0	20
ptg000108l_1_region	524569	3553118	6.77	0	20
ptg000109l_1	2434425	18514121	7.61	0	29
ptg000109l_1_region	2434425	18514121	7.61	0	29
ptg000110l_1	694748	4472065	6.44	0	19
ptg000110l_1_region	694748	4472065	6.44	0	19
ptg000111l_1	1886279	14134652	7.49	0	26
ptg000111l_1_region	1886279	14134652	7.49	0	26
ptg000112l_1	1407615	10170409	7.23	0	25
ptg000112l_1_region	1407615	10170409	7.23	0	25
ptg000113l_1	873124	6248893	7.16	0	38
ptg000113l_1_region	873124	6248893	7.16	0	38
ptg000114l_1	2003064	14556809	7.27	0	27
ptg000114l_1_region	2003064	14556809	7.27	0	27
ptg000115l_1	94480	388345	4.11	0	11
ptg000115l_1_region	94480	388345	4.11	0	11
ptg000116l_1	549585	2864535	5.21	0	20
ptg000116l_1_region	549585	2864535	5.21	0	20
ptg000117l_1	999763	6142513	6.14	0	22
ptg000117l_1_region	999763	6142513	6.14	0	22
ptg000118l_1	589492	3821464	6.48	0	22
ptg000118l_1_region	589492	3821464	6.48	0	22
ptg000120l_1	2480957	17620123	7.10	0	20
ptg000120l_1_region	2480957	17620123	7.10	0	20
ptg000121l_1	1320917	9829249	7.44	0	165
ptg000121l_1_region	1320917	9829249	7.44	0	165
ptg000123l_1	915833	8322601	9.09	0	55
ptg000123l_1_region	915833	8322601	9.09	0	55
ptg000124l_1	291375	1396710	4.79	0	19
ptg000124l_1_region	291375	1396710	4.79	0	19
ptg000126l_1	1277451	7951642	6.22	0	24
ptg000126l_1_region	1277451	7951642	6.22	0	24
ptg000127l_1	919908	5716305	6.21	0	123
ptg000127l_1_region	919908	5716305	6.21	0	123
ptg000128l_1	128665	434558	3.38	0	12
ptg000128l_1_region	128665	434558	3.38	0	12
ptg000130l_1	3405925	24169399	7.10	0	23
ptg000130l_1_region	3405925	24169399	7.10	0	23
ptg000132l_1	690063	4286186	6.21	0	23
ptg000132l_1_region	690063	4286186	6.21	0	23
ptg000133l_1	358350	2885121	8.05	0	18
ptg000133l_1_region	358350	2885121	8.05	0	18
ptg000134l_1	524336	4263834	8.13	0	33
ptg000134l_1_region	524336	4263834	8.13	0	33
ptg000135l_1	832229	4182320	5.03	0	115
ptg000135l_1_region	832229	4182320	5.03	0	115
ptg000139l_1	208592	530891	2.55	0	28
ptg000139l_1_region	208592	530891	2.55	0	28
ptg000141l_1	303809	1629001	5.36	0	28
ptg000141l_1_region	303809	1629001	5.36	0	28
ptg000142l_1	2190402	14196185	6.48	0	28
ptg000142l_1_region	2190402	14196185	6.48	0	28
ptg000143l_1	883044	6218555	7.04	0	28
ptg000143l_1_region	883044	6218555	7.04	0	28
ptg000144l_1	2444314	18521014	7.58	0	49
ptg000144l_1_region	2444314	18521014	7.58	0	49
ptg000145l_1	11518	48919	4.25	0	11
ptg000145l_1_region	11518	48919	4.25	0	11
ptg000146l_1	7492590	51060055	6.81	0	33
ptg000146l_1_region	7492590	51060055	6.81	0	33
ptg000149l_1	909849	7273045	7.99	0	108
ptg000149l_1_region	909849	7273045	7.99	0	108
ptg000151l_1	288085	1535843	5.33	0	15
ptg000151l_1_region	288085	1535843	5.33	0	15
ptg000152l_1	1331212	8473969	6.37	0	29
ptg000152l_1_region	1331212	8473969	6.37	0	29
ptg000153l_1	375346	1677160	4.47	0	22
ptg000153l_1_region	375346	1677160	4.47	0	22
ptg000154l_1	452370	1659841	3.67	0	13
ptg000154l_1_region	452370	1659841	3.67	0	13
ptg000156l_1	635326	3631215	5.72	0	19
ptg000156l_1_region	635326	3631215	5.72	0	19
ptg000157l_1	1182189	6316696	5.34	0	45
ptg000157l_1_region	1182189	6316696	5.34	0	45
ptg000158l_1	1623674	12457825	7.67	0	37
ptg000158l_1_region	1623674	12457825	7.67	0	37
ptg000159l_1	1008278	7340789	7.28	0	63
ptg000159l_1_region	1008278	7340789	7.28	0	63
ptg000160l_1	224206	1513664	6.75	0	18
ptg000160l_1_region	224206	1513664	6.75	0	18
ptg000161l_1	160579	579712	3.61	0	18
ptg000161l_1_region	160579	579712	3.61	0	18
ptg000162l_1	321650	2106724	6.55	0	22
ptg000162l_1_region	321650	2106724	6.55	0	22
ptg000163l_1	823142	4907415	5.96	0	30
ptg000163l_1_region	823142	4907415	5.96	0	30
ptg000166l_1	2051859	15254395	7.43	0	27
ptg000166l_1_region	2051859	15254395	7.43	0	27
ptg000167l_1	552886	4207763	7.61	0	29
ptg000167l_1_region	552886	4207763	7.61	0	29
ptg000168l_1	2396652	19092001	7.97	0	25
ptg000168l_1_region	2396652	19092001	7.97	0	25
ptg000170l_1	71920	411989	5.73	0	22
ptg000170l_1_region	71920	411989	5.73	0	22
ptg000172l_1	996812	6624552	6.65	0	34
ptg000172l_1_region	996812	6624552	6.65	0	34
ptg000173l_1	2831687	26065311	9.20	0	300
ptg000173l_1_region	2831687	26065311	9.20	0	300
ptg000174l_1	2837679	29391185	10.36	0	115
ptg000174l_1_region	2837679	29391185	10.36	0	115
ptg000176l_1	734222	4615538	6.29	0	20
ptg000176l_1_region	734222	4615538	6.29	0	20
ptg000177l_1	380365	2461213	6.47	0	17
ptg000177l_1_region	380365	2461213	6.47	0	17
ptg000178l_1	899325	6872180	7.64	0	25
ptg000178l_1_region	899325	6872180	7.64	0	25
ptg000179l_1	1589938	11005892	6.92	0	23
ptg000179l_1_region	1589938	11005892	6.92	0	23
ptg000180l_1	4958610	33669236	6.79	0	423
ptg000180l_1_region	4958610	33669236	6.79	0	423
ptg000181l_1	1076598	9356426	8.69	0	117
ptg000181l_1_region	1076598	9356426	8.69	0	117
ptg000182l_1	726590	4110680	5.66	0	21
ptg000182l_1_region	726590	4110680	5.66	0	21
ptg000183l_1	1486283	10632186	7.15	0	20
ptg000183l_1_region	1486283	10632186	7.15	0	20
ptg000184l_1	1328294	6192014	4.66	0	88
ptg000184l_1_region	1328294	6192014	4.66	0	88
ptg000186l_1	1078385	3264042	3.03	0	69
ptg000186l_1_region	1078385	3264042	3.03	0	69
ptg000187l_1	555860	2929121	5.27	0	51
ptg000187l_1_region	555860	2929121	5.27	0	51
ptg000189l_1	950716	7135966	7.51	0	19
ptg000189l_1_region	950716	7135966	7.51	0	19
ptg000190l_1	695878	4548311	6.54	0	28
ptg000190l_1_region	695878	4548311	6.54	0	28
ptg000191l_1	560346	3330562	5.94	0	16
ptg000191l_1_region	560346	3330562	5.94	0	16
ptg000193l_1	1088742	5316721	4.88	0	221
ptg000193l_1_region	1088742	5316721	4.88	0	221
ptg000194l_1	343069	1690592	4.93	0	16
ptg000194l_1_region	343069	1690592	4.93	0	16
ptg000196l_1	500977	3073868	6.14	0	20
ptg000196l_1_region	500977	3073868	6.14	0	20
ptg000197l_1	2050182	12581138	6.14	0	18
ptg000197l_1_region	2050182	12581138	6.14	0	18
ptg000198l_1	77175	356098	4.61	0	14
ptg000198l_1_region	77175	356098	4.61	0	14
ptg000199l_1	270854	1733918	6.40	0	16
ptg000199l_1_region	270854	1733918	6.40	0	16
ptg000201l_1	1194432	8805844	7.37	0	26
ptg000201l_1_region	1194432	8805844	7.37	0	26
ptg000202l_1	338903	3375977	9.96	0	36
ptg000202l_1_region	338903	3375977	9.96	0	36
ptg000203l_1	1285271	8477674	6.60	0	34
ptg000203l_1_region	1285271	8477674	6.60	0	34
ptg000204l_1	177711	695930	3.92	0	47
ptg000204l_1_region	177711	695930	3.92	0	47
ptg000205l_1	1218044	7804561	6.41	0	20
ptg000205l_1_region	1218044	7804561	6.41	0	20
ptg000210l_1	593359	3717787	6.27	0	26
ptg000210l_1_region	593359	3717787	6.27	0	26
ptg000212l_1	305324	1346504	4.41	0	19
ptg000212l_1_region	305324	1346504	4.41	0	19
ptg000213l_1	242993	1303637	5.36	0	13
ptg000213l_1_region	242993	1303637	5.36	0	13
ptg000216l_1	4834949	31564415	6.53	0	28
ptg000216l_1_region	4834949	31564415	6.53	0	28
ptg000217l_1	1345822	8903760	6.62	0	37
ptg000217l_1_region	1345822	8903760	6.62	0	37
ptg000218l_1	1256994	8401959	6.68	0	23
ptg000218l_1_region	1256994	8401959	6.68	0	23
ptg000219l_1	38657	266130	6.88	0	31
ptg000219l_1_region	38657	266130	6.88	0	31
ptg000220l_1	417906	2385478	5.71	0	16
ptg000220l_1_region	417906	2385478	5.71	0	16
ptg000221l_1	1634945	15349246	9.39	0	134
ptg000221l_1_region	1634945	15349246	9.39	0	134
ptg000224l_1	392325	3337785	8.51	0	52
ptg000224l_1_region	392325	3337785	8.51	0	52
ptg000225l_1	764210	5227164	6.84	0	21
ptg000225l_1_region	764210	5227164	6.84	0	21
ptg000226l_1	3213748	25963703	8.08	0	114
ptg000226l_1_region	3213748	25963703	8.08	0	114
ptg000227l_1	2462771	15512404	6.30	0	21
ptg000227l_1_region	2462771	15512404	6.30	0	21
ptg000228l_1	531801	3557798	6.69	0	17
ptg000228l_1_region	531801	3557798	6.69	0	17
ptg000229l_1	2590128	18260217	7.05	0	28
ptg000229l_1_region	2590128	18260217	7.05	0	28
ptg000230l_1	627622	3736117	5.95	0	18
ptg000230l_1_region	627622	3736117	5.95	0	18
ptg000231l_1	719154	4496139	6.25	0	22
ptg000231l_1_region	719154	4496139	6.25	0	22
ptg000232l_1	993414	9451541	9.51	0	45
ptg000232l_1_region	993414	9451541	9.51	0	45
ptg000233l_1	524192	2616320	4.99	0	19
ptg000233l_1_region	524192	2616320	4.99	0	19
ptg000235l_1	1180006	8039525	6.81	0	25
ptg000235l_1_region	1180006	8039525	6.81	0	25
ptg000236l_1	2007253	14178262	7.06	0	23
ptg000236l_1_region	2007253	14178262	7.06	0	23
ptg000237l_1	1396942	7345967	5.26	0	19
ptg000237l_1_region	1396942	7345967	5.26	0	19
ptg000238l_1	354683	1691655	4.77	0	17
ptg000238l_1_region	354683	1691655	4.77	0	17
ptg000239l_1	963045	8639211	8.97	0	179
ptg000239l_1_region	963045	8639211	8.97	0	179
ptg000240l_1	2143447	14044838	6.55	0	20
ptg000240l_1_region	2143447	14044838	6.55	0	20
ptg000241l_1	3017794	20362453	6.75	0	44
ptg000241l_1_region	3017794	20362453	6.75	0	44
ptg000242l_1	818506	4212897	5.15	0	18
ptg000242l_1_region	818506	4212897	5.15	0	18
ptg000243l_1	263463	1615678	6.13	0	20
ptg000243l_1_region	263463	1615678	6.13	0	20
ptg000244l_1	1152493	7654899	6.64	0	22
ptg000244l_1_region	1152493	7654899	6.64	0	22
ptg000246l_1	823475	4803000	5.83	0	23
ptg000246l_1_region	823475	4803000	5.83	0	23
ptg000247l_1	199791	2375443	11.89	0	33
ptg000247l_1_region	199791	2375443	11.89	0	33
ptg000248l_1	1457400	10673904	7.32	0	21
ptg000248l_1_region	1457400	10673904	7.32	0	21
ptg000250l_1	253398	1293224	5.10	0	21
ptg000250l_1_region	253398	1293224	5.10	0	21
ptg000251l_1	1320901	9346679	7.08	0	21
ptg000251l_1_region	1320901	9346679	7.08	0	21
ptg000252l_1	618470	3526066	5.70	0	20
ptg000252l_1_region	618470	3526066	5.70	0	20
ptg000253l_1	805007	5833647	7.25	0	164
ptg000253l_1_region	805007	5833647	7.25	0	164
ptg000254l_1	1250170	9652122	7.72	0	172
ptg000254l_1_region	1250170	9652122	7.72	0	172
ptg000255l_1	831340	6383520	7.68	0	21
ptg000255l_1_region	831340	6383520	7.68	0	21
ptg000256l_1	1025818	6562474	6.40	0	25
ptg000256l_1_region	1025818	6562474	6.40	0	25
ptg000257l_1	762619	6037356	7.92	0	41
ptg000257l_1_region	762619	6037356	7.92	0	41
ptg000258l_1	1965244	14700334	7.48	0	20
ptg000258l_1_region	1965244	14700334	7.48	0	20
ptg000259l_1	238620	1380268	5.78	0	21
ptg000259l_1_region	238620	1380268	5.78	0	21
ptg000260l_1	415691	1332635	3.21	0	20
ptg000260l_1_region	415691	1332635	3.21	0	20
ptg000261l_1	433214	2921783	6.74	0	21
ptg000261l_1_region	433214	2921783	6.74	0	21
ptg000262l_1	3886901	26271915	6.76	0	25
ptg000262l_1_region	3886901	26271915	6.76	0	25
ptg000264l_1	3169550	21650903	6.83	0	33
ptg000264l_1_region	3169550	21650903	6.83	0	33
ptg000265l_1	1518816	9681759	6.37	0	72
ptg000265l_1_region	1518816	9681759	6.37	0	72
ptg000266l_1	590855	3947025	6.68	0	19
ptg000266l_1_region	590855	3947025	6.68	0	19
ptg000269l_1	969621	7587461	7.83	0	27
ptg000269l_1_region	969621	7587461	7.83	0	27
ptg000270l_1	222292	1199353	5.40	0	15
ptg000270l_1_region	222292	1199353	5.40	0	15
ptg000272l_1	391583	2229935	5.69	0	39
ptg000272l_1_region	391583	2229935	5.69	0	39
ptg000274l_1	159812	924524	5.79	0	39
ptg000274l_1_region	159812	924524	5.79	0	39
ptg000275l_1	950644	4697540	4.94	0	19
ptg000275l_1_region	950644	4697540	4.94	0	19
ptg000277l_1	653682	4425624	6.77	0	25
ptg000277l_1_region	653682	4425624	6.77	0	25
ptg000278l_1	1146462	7356128	6.42	0	27
ptg000278l_1_region	1146462	7356128	6.42	0	27
ptg000280l_1	1112809	6341258	5.70	0	19
ptg000280l_1_region	1112809	6341258	5.70	0	19
ptg000281l_1	204536	1221424	5.97	0	17
ptg000281l_1_region	204536	1221424	5.97	0	17
ptg000282l_1	962993	3832629	3.98	0	25
ptg000282l_1_region	962993	3832629	3.98	0	25
ptg000286l_1	499241	2992291	5.99	0	21
ptg000286l_1_region	499241	2992291	5.99	0	21
ptg000287l_1	486252	2620258	5.39	0	24
ptg000287l_1_region	486252	2620258	5.39	0	24
ptg000288l_1	781569	4813203	6.16	0	21
ptg000288l_1_region	781569	4813203	6.16	0	21
ptg000289l_1	402491	3372662	8.38	0	31
ptg000289l_1_region	402491	3372662	8.38	0	31
ptg000290l_1	230781	1299953	5.63	0	18
ptg000290l_1_region	230781	1299953	5.63	0	18
ptg000291l_1	449828	2992407	6.65	0	32
ptg000291l_1_region	449828	2992407	6.65	0	32
ptg000292l_1	290188	1197532	4.13	0	27
ptg000292l_1_region	290188	1197532	4.13	0	27
ptg000293l_1	3251132	24334985	7.49	0	41
ptg000293l_1_region	3251132	24334985	7.49	0	41
ptg000294l_1	456701	2148385	4.70	0	25
ptg000294l_1_region	456701	2148385	4.70	0	25
ptg000295l_1	390530	1904437	4.88	0	33
ptg000295l_1_region	390530	1904437	4.88	0	33
ptg000298l_1	539519	3255267	6.03	0	16
ptg000298l_1_region	539519	3255267	6.03	0	16
ptg000299l_1	2667197	23279410	8.73	0	30
ptg000299l_1_region	2667197	23279410	8.73	0	30
ptg000300l_1	477177	2478688	5.19	0	21
ptg000300l_1_region	477177	2478688	5.19	0	21
ptg000301l_1	2056047	14232536	6.92	0	29
ptg000301l_1_region	2056047	14232536	6.92	0	29
ptg000302l_1	272914	1084593	3.97	0	19
ptg000302l_1_region	272914	1084593	3.97	0	19
ptg000303l_1	814266	7486635	9.19	0	114
ptg000303l_1_region	814266	7486635	9.19	0	114
ptg000305l_1	2359397	16753255	7.10	0	30
ptg000305l_1_region	2359397	16753255	7.10	0	30
ptg000306l_1	875252	6126931	7.00	0	24
ptg000306l_1_region	875252	6126931	7.00	0	24
ptg000308l_1	3281943	22608703	6.89	0	22
ptg000308l_1_region	3281943	22608703	6.89	0	22
ptg000309l_1	2550652	17623538	6.91	0	24
ptg000309l_1_region	2550652	17623538	6.91	0	24
ptg000310l_1	1232748	9558504	7.75	0	43
ptg000310l_1_region	1232748	9558504	7.75	0	43
ptg000311l_1	361223	2474147	6.85	0	23
ptg000311l_1_region	361223	2474147	6.85	0	23
ptg000312l_1	514372	3406747	6.62	0	24
ptg000312l_1_region	514372	3406747	6.62	0	24
ptg000313l_1	1596209	10355976	6.49	0	19
ptg000313l_1_region	1596209	10355976	6.49	0	19
ptg000314l_1	1727544	12028064	6.96	0	37
ptg000314l_1_region	1727544	12028064	6.96	0	37
ptg000316l_1	2678725	19277506	7.20	0	26
ptg000316l_1_region	2678725	19277506	7.20	0	26
ptg000318l_1	1089565	6029590	5.53	0	20
ptg000318l_1_region	1089565	6029590	5.53	0	20
ptg000319l_1	1884544	12893045	6.84	0	26
ptg000319l_1_region	1884544	12893045	6.84	0	26
ptg000321l_1	310073	2605351	8.40	0	137
ptg000321l_1_region	310073	2605351	8.40	0	137
ptg000323l_1	8967193	65246884	7.28	0	94
ptg000323l_1_region	8967193	65246884	7.28	0	94
ptg000324l_1	1116591	6243664	5.59	0	29
ptg000324l_1_region	1116591	6243664	5.59	0	29
ptg000325l_1	2509470	22575371	9.00	0	127
ptg000325l_1_region	2509470	22575371	9.00	0	127
ptg000326l_1	768526	4783569	6.22	0	19
ptg000326l_1_region	768526	4783569	6.22	0	19
ptg000327l_1	622577	3292910	5.29	0	24
ptg000327l_1_region	622577	3292910	5.29	0	24
ptg000329l_1	294202	1923882	6.54	0	20
ptg000329l_1_region	294202	1923882	6.54	0	20
ptg000330l_1	119827	843466	7.04	0	12
ptg000330l_1_region	119827	843466	7.04	0	12
ptg000331l_1	1232275	8912804	7.23	0	23
ptg000331l_1_region	1232275	8912804	7.23	0	23
ptg000332l_1	634585	4366626	6.88	0	23
ptg000332l_1_region	634585	4366626	6.88	0	23
ptg000333l_1	209017	1049313	5.02	0	16
ptg000333l_1_region	209017	1049313	5.02	0	16
ptg000334l_1	1677475	13134247	7.83	0	33
ptg000334l_1_region	1677475	13134247	7.83	0	33
ptg000337l_1	685269	4782968	6.98	0	18
ptg000337l_1_region	685269	4782968	6.98	0	18
ptg000339l_1	611204	2827421	4.63	0	15
ptg000339l_1_region	611204	2827421	4.63	0	15
ptg000340l_1	540027	3118525	5.77	0	24
ptg000340l_1_region	540027	3118525	5.77	0	24
ptg000341l_1	2294078	14927966	6.51	0	26
ptg000341l_1_region	2294078	14927966	6.51	0	26
ptg000342l_1	3083261	22868122	7.42	0	24
ptg000342l_1_region	3083261	22868122	7.42	0	24
ptg000343l_1	1546982	10639282	6.88	0	28
ptg000343l_1_region	1546982	10639282	6.88	0	28
ptg000344l_1	1883224	15338396	8.14	0	31
ptg000344l_1_region	1883224	15338396	8.14	0	31
ptg000345l_1	1354131	11844004	8.75	0	28
ptg000345l_1_region	1354131	11844004	8.75	0	28
ptg000346l_1	1504801	9129865	6.07	0	29
ptg000346l_1_region	1504801	9129865	6.07	0	29
ptg000347l_1	571508	3801446	6.65	0	27
ptg000347l_1_region	571508	3801446	6.65	0	27
ptg000348l_1	2604201	18372414	7.05	0	43
ptg000348l_1_region	2604201	18372414	7.05	0	43
ptg000350l_1	1458664	10038247	6.88	0	21
ptg000350l_1_region	1458664	10038247	6.88	0	21
ptg000351l_1	2121138	15427193	7.27	0	25
ptg000351l_1_region	2121138	15427193	7.27	0	25
ptg000352l_1	4132784	28360204	6.86	0	24
ptg000352l_1_region	4132784	28360204	6.86	0	24
ptg000353l_1	25168	115614	4.59	0	12
ptg000353l_1_region	25168	115614	4.59	0	12
ptg000354l_1	739641	4093826	5.53	0	19
ptg000354l_1_region	739641	4093826	5.53	0	19
ptg000355l_1	414555	2456299	5.93	0	21
ptg000355l_1_region	414555	2456299	5.93	0	21
ptg000356l_1	1038532	7637254	7.35	0	27
ptg000356l_1_region	1038532	7637254	7.35	0	27
ptg000357l_1	2366393	17327122	7.32	0	31
ptg000357l_1_region	2366393	17327122	7.32	0	31
ptg000358l_1	942933	6792678	7.20	0	24
ptg000358l_1_region	942933	6792678	7.20	0	24
ptg000359l_1	2985143	22039049	7.38	0	21
ptg000359l_1_region	2985143	22039049	7.38	0	21
ptg000360l_1	474348	3790402	7.99	0	24
ptg000360l_1_region	474348	3790402	7.99	0	24
ptg000362l_1	268720	1393252	5.18	0	15
ptg000362l_1_region	268720	1393252	5.18	0	15
ptg000363l_1	694316	4692661	6.76	0	23
ptg000363l_1_region	694316	4692661	6.76	0	23
ptg000365l_1	321059	2019807	6.29	0	33
ptg000365l_1_region	321059	2019807	6.29	0	33
ptg000367l_1	523150	3499960	6.69	0	18
ptg000367l_1_region	523150	3499960	6.69	0	18
ptg000368l_1	562401	3341881	5.94	0	132
ptg000368l_1_region	562401	3341881	5.94	0	132
ptg000369l_1	401180	2335524	5.82	0	26
ptg000369l_1_region	401180	2335524	5.82	0	26
ptg000370l_1	474037	2949470	6.22	0	16
ptg000370l_1_region	474037	2949470	6.22	0	16
ptg000371l_1	600329	3891643	6.48	0	30
ptg000371l_1_region	600329	3891643	6.48	0	30
ptg000372l_1	548139	3407043	6.22	0	18
ptg000372l_1_region	548139	3407043	6.22	0	18
ptg000373l_1	358228	1632527	4.56	0	21
ptg000373l_1_region	358228	1632527	4.56	0	21
ptg000374l_1	1066200	6489865	6.09	0	16
ptg000374l_1_region	1066200	6489865	6.09	0	16
ptg000375l_1	1110066	6524894	5.88	0	25
ptg000375l_1_region	1110066	6524894	5.88	0	25
ptg000376l_1	356606	2497881	7.00	0	55
ptg000376l_1_region	356606	2497881	7.00	0	55
ptg000377l_1	574665	3730859	6.49	0	24
ptg000377l_1_region	574665	3730859	6.49	0	24
ptg000378l_1	591556	2870069	4.85	0	17
ptg000378l_1_region	591556	2870069	4.85	0	17
ptg000379l_1	2152800	13732477	6.38	0	40
ptg000379l_1_region	2152800	13732477	6.38	0	40
ptg000380l_1	2197228	16662706	7.58	0	25
ptg000380l_1_region	2197228	16662706	7.58	0	25
ptg000381l_1	384534	2559230	6.66	0	16
ptg000381l_1_region	384534	2559230	6.66	0	16
ptg000382l_1	500266	4530921	9.06	0	132
ptg000382l_1_region	500266	4530921	9.06	0	132
ptg000383l_1	1446788	10016574	6.92	0	20
ptg000383l_1_region	1446788	10016574	6.92	0	20
ptg000384l_1	1123934	6025617	5.36	0	59
ptg000384l_1_region	1123934	6025617	5.36	0	59
ptg000386l_1	358904	1974219	5.50	0	15
ptg000386l_1_region	358904	1974219	5.50	0	15
ptg000387l_1	1740554	10772046	6.19	0	46
ptg000387l_1_region	1740554	10772046	6.19	0	46
ptg000390l_1	830920	4779696	5.75	0	21
ptg000390l_1_region	830920	4779696	5.75	0	21
ptg000391l_1	970098	6150147	6.34	0	27
ptg000391l_1_region	970098	6150147	6.34	0	27
ptg000392l_1	1613523	10823237	6.71	0	21
ptg000392l_1_region	1613523	10823237	6.71	0	21
ptg000393l_1	4280767	36783432	8.59	0	48
ptg000393l_1_region	4280767	36783432	8.59	0	48
ptg000394l_1	315771	1794695	5.68	0	20
ptg000394l_1_region	315771	1794695	5.68	0	20
ptg000396l_1	434050	2584549	5.95	0	24
ptg000396l_1_region	434050	2584549	5.95	0	24
ptg000400l_1	340659	2197359	6.45	0	20
ptg000400l_1_region	340659	2197359	6.45	0	20
ptg000401l_1	72594	416158	5.73	0	14
ptg000401l_1_region	72594	416158	5.73	0	14
ptg000403l_1	325183	2032427	6.25	0	19
ptg000403l_1_region	325183	2032427	6.25	0	19
ptg000405l_1	843638	5533217	6.56	0	21
ptg000405l_1_region	843638	5533217	6.56	0	21
ptg000407l_1	89024	469043	5.27	0	12
ptg000407l_1_region	89024	469043	5.27	0	12
ptg000408l_1	232480	1538791	6.62	0	23
ptg000408l_1_region	232480	1538791	6.62	0	23
ptg000409l_1	1123295	6780960	6.04	0	29
ptg000409l_1_region	1123295	6780960	6.04	0	29
ptg000411l_1	2151730	15043465	6.99	0	47
ptg000411l_1_region	2151730	15043465	6.99	0	47
ptg000412l_1	1672315	12403213	7.42	0	40
ptg000412l_1_region	1672315	12403213	7.42	0	40
ptg000413l_1	2926011	19658526	6.72	0	24
ptg000413l_1_region	2926011	19658526	6.72	0	24
ptg000414l_1	471117	3036372	6.45	0	31
ptg000414l_1_region	471117	3036372	6.45	0	31
ptg000415l_1	112865	657092	5.82	0	17
ptg000415l_1_region	112865	657092	5.82	0	17
ptg000416l_1	2301216	25877766	11.25	0	577
ptg000416l_1_region	2301216	25877766	11.25	0	577
ptg000417l_1	2170585	15652173	7.21	0	38
ptg000417l_1_region	2170585	15652173	7.21	0	38
ptg000419l_1	185857	788720	4.24	0	19
ptg000419l_1_region	185857	788720	4.24	0	19
ptg000421l_1	1395556	10730244	7.69	0	30
ptg000421l_1_region	1395556	10730244	7.69	0	30
ptg000423l_1	483750	2623572	5.42	0	27
ptg000423l_1_region	483750	2623572	5.42	0	27
ptg000424l_1	837743	5361779	6.40	0	22
ptg000424l_1_region	837743	5361779	6.40	0	22
ptg000425l_1	1412001	9012030	6.38	0	20
ptg000425l_1_region	1412001	9012030	6.38	0	20
ptg000426l_1	975854	5850048	5.99	0	22
ptg000426l_1_region	975854	5850048	5.99	0	22
ptg000427l_1	301169	1362989	4.53	0	15
ptg000427l_1_region	301169	1362989	4.53	0	15
ptg000429l_1	840762	4311512	5.13	0	23
ptg000429l_1_region	840762	4311512	5.13	0	23
ptg000430l_1	1069760	12811095	11.98	0	40
ptg000430l_1_region	1069760	12811095	11.98	0	40
ptg000432l_1	2220086	13889419	6.26	0	27
ptg000432l_1_region	2220086	13889419	6.26	0	27
ptg000435l_1	399665	2869424	7.18	0	152
ptg000435l_1_region	399665	2869424	7.18	0	152
ptg000437l_1	620369	3897555	6.28	0	27
ptg000437l_1_region	620369	3897555	6.28	0	27
ptg000438l_1	309085	1689275	5.47	0	58
ptg000438l_1_region	309085	1689275	5.47	0	58
ptg000440l_1	2188228	15184382	6.94	0	19
ptg000440l_1_region	2188228	15184382	6.94	0	19
ptg000441l_1	377628	4119930	10.91	0	32
ptg000441l_1_region	377628	4119930	10.91	0	32
ptg000442l_1	1396222	10428960	7.47	0	26
ptg000442l_1_region	1396222	10428960	7.47	0	26
ptg000443l_1	1443545	10127133	7.02	0	27
ptg000443l_1_region	1443545	10127133	7.02	0	27
ptg000444l_1	46344	342272	7.39	0	14
ptg000444l_1_region	46344	342272	7.39	0	14
ptg000445l_1	1433481	9467712	6.60	0	41
ptg000445l_1_region	1433481	9467712	6.60	0	41
ptg000447l_1	668667	4401030	6.58	0	37
ptg000447l_1_region	668667	4401030	6.58	0	37
ptg000449l_1	65295	356686	5.46	0	15
ptg000449l_1_region	65295	356686	5.46	0	15
ptg000450l_1	2816483	20657876	7.33	0	37
ptg000450l_1_region	2816483	20657876	7.33	0	37
ptg000451l_1	325896	1764845	5.42	0	23
ptg000451l_1_region	325896	1764845	5.42	0	23
ptg000452l_1	564308	3440767	6.10	0	22
ptg000452l_1_region	564308	3440767	6.10	0	22
ptg000455l_1	251112	1388624	5.53	0	20
ptg000455l_1_region	251112	1388624	5.53	0	20
ptg000456l_1	953355	6112984	6.41	0	22
ptg000456l_1_region	953355	6112984	6.41	0	22
ptg000457l_1	684304	3561007	5.20	0	15
ptg000457l_1_region	684304	3561007	5.20	0	15
ptg000458l_1	771840	5235279	6.78	0	17
ptg000458l_1_region	771840	5235279	6.78	0	17
ptg000460l_1	660259	4315043	6.54	0	23
ptg000460l_1_region	660259	4315043	6.54	0	23
ptg000462l_1	1620949	10732821	6.62	0	21
ptg000462l_1_region	1620949	10732821	6.62	0	21
ptg000463l_1	1882288	15001871	7.97	0	29
ptg000463l_1_region	1882288	15001871	7.97	0	29
ptg000464l_1	2153826	16149610	7.50	0	22
ptg000464l_1_region	2153826	16149610	7.50	0	22
ptg000465l_1	849224	5930745	6.98	0	20
ptg000465l_1_region	849224	5930745	6.98	0	20
ptg000466l_1	2219757	16828351	7.58	0	26
ptg000466l_1_region	2219757	16828351	7.58	0	26
ptg000467l_1	872991	5091375	5.83	0	22
ptg000467l_1_region	872991	5091375	5.83	0	22
ptg000468l_1	1091705	6203176	5.68	0	40
ptg000468l_1_region	1091705	6203176	5.68	0	40
ptg000469l_1	578878	2939978	5.08	0	21
ptg000469l_1_region	578878	2939978	5.08	0	21
ptg000470l_1	1651697	11020309	6.67	0	26
ptg000470l_1_region	1651697	11020309	6.67	0	26
ptg000471l_1	455563	3275645	7.19	0	20
ptg000471l_1_region	455563	3275645	7.19	0	20
ptg000473l_1	1398955	9712088	6.94	0	28
ptg000473l_1_region	1398955	9712088	6.94	0	28
ptg000475l_1	1519663	10711376	7.05	0	28
ptg000475l_1_region	1519663	10711376	7.05	0	28
ptg000476l_1	291869	1430087	4.90	0	17
ptg000476l_1_region	291869	1430087	4.90	0	17
ptg000477l_1	573297	2721545	4.75	0	155
ptg000477l_1_region	573297	2721545	4.75	0	155
ptg000478l_1	768421	4597956	5.98	0	25
ptg000478l_1_region	768421	4597956	5.98	0	25
ptg000479l_1	575720	3323064	5.77	0	47
ptg000479l_1_region	575720	3323064	5.77	0	47
ptg000480l_1	3406111	25491355	7.48	0	33
ptg000480l_1_region	3406111	25491355	7.48	0	33
ptg000481l_1	327147	978004	2.99	0	19
ptg000481l_1_region	327147	978004	2.99	0	19
ptg000482l_1	158386	875940	5.53	0	15
ptg000482l_1_region	158386	875940	5.53	0	15
ptg000483l_1	183520	1009048	5.50	0	15
ptg000483l_1_region	183520	1009048	5.50	0	15
ptg000484l_1	1056104	4532726	4.29	0	25
ptg000484l_1_region	1056104	4532726	4.29	0	25
ptg000486l_1	868723	5440880	6.26	0	21
ptg000486l_1_region	868723	5440880	6.26	0	21
ptg000487l_1	304518	1374039	4.51	0	12
ptg000487l_1_region	304518	1374039	4.51	0	12
ptg000488l_1	1912184	13057366	6.83	0	20
ptg000488l_1_region	1912184	13057366	6.83	0	20
ptg000489l_1	692672	4945865	7.14	0	37
ptg000489l_1_region	692672	4945865	7.14	0	37
ptg000490l_1	2899813	20216870	6.97	0	34
ptg000490l_1_region	2899813	20216870	6.97	0	34
ptg000491l_1	416339	2367862	5.69	0	30
ptg000491l_1_region	416339	2367862	5.69	0	30
ptg000492l_1	1926682	13542492	7.03	0	21
ptg000492l_1_region	1926682	13542492	7.03	0	21
ptg000493l_1	652419	4412548	6.76	0	24
ptg000493l_1_region	652419	4412548	6.76	0	24
ptg000494l_1	608981	2610425	4.29	0	29
ptg000494l_1_region	608981	2610425	4.29	0	29
ptg000495l_1	1679912	11161998	6.64	0	19
ptg000495l_1_region	1679912	11161998	6.64	0	19
ptg000496l_1	399658	3158198	7.90	0	22
ptg000496l_1_region	399658	3158198	7.90	0	22
ptg000497l_1	3468551	30212083	8.71	0	86
ptg000497l_1_region	3468551	30212083	8.71	0	86
ptg000500l_1	327245	1872710	5.72	0	15
ptg000500l_1_region	327245	1872710	5.72	0	15
ptg000501l_1	1549425	10429688	6.73	0	21
ptg000501l_1_region	1549425	10429688	6.73	0	21
ptg000502l_1	1385233	9354381	6.75	0	24
ptg000502l_1_region	1385233	9354381	6.75	0	24
ptg000503l_1	714599	4253984	5.95	0	21
ptg000503l_1_region	714599	4253984	5.95	0	21
ptg000504l_1	733757	4905114	6.68	0	22
ptg000504l_1_region	733757	4905114	6.68	0	22
ptg000508l_1	3011522	27428458	9.11	0	582
ptg000508l_1_region	3011522	27428458	9.11	0	582
ptg000510l_1	163799	450099	2.75	0	11
ptg000510l_1_region	163799	450099	2.75	0	11
ptg000511l_1	373665	3096687	8.29	0	29
ptg000511l_1_region	373665	3096687	8.29	0	29
ptg000512l_1	578902	2736947	4.73	0	21
ptg000512l_1_region	578902	2736947	4.73	0	21
ptg000513l_1	1554242	10446285	6.72	0	18
ptg000513l_1_region	1554242	10446285	6.72	0	18
ptg000514l_1	321176	1401604	4.36	0	13
ptg000514l_1_region	321176	1401604	4.36	0	13
ptg000515l_1	781057	4378526	5.61	0	14
ptg000515l_1_region	781057	4378526	5.61	0	14
ptg000517l_1	1589349	11454410	7.21	0	22
ptg000517l_1_region	1589349	11454410	7.21	0	22
ptg000518l_1	81132	323965	3.99	0	12
ptg000518l_1_region	81132	323965	3.99	0	12
ptg000519l_1	1250110	10823276	8.66	0	40
ptg000519l_1_region	1250110	10823276	8.66	0	40
ptg000522l_1	1026832	7249108	7.06	0	31
ptg000522l_1_region	1026832	7249108	7.06	0	31
ptg000523l_1	1275465	8279084	6.49	0	25
ptg000523l_1_region	1275465	8279084	6.49	0	25
ptg000524l_1	3313725	22443859	6.77	0	26
ptg000524l_1_region	3313725	22443859	6.77	0	26
ptg000525l_1	397977	2019704	5.07	0	13
ptg000525l_1_region	397977	2019704	5.07	0	13
ptg000526l_1	867273	3488623	4.02	0	15
ptg000526l_1_region	867273	3488623	4.02	0	15
ptg000527l_1	1671493	11203977	6.70	0	22
ptg000527l_1_region	1671493	11203977	6.70	0	22
ptg000530l_1	374841	2889757	7.71	0	29
ptg000530l_1_region	374841	2889757	7.71	0	29
ptg000531l_1	462119	4372402	9.46	0	30
ptg000531l_1_region	462119	4372402	9.46	0	30
ptg000532l_1	1318765	8956587	6.79	0	26
ptg000532l_1_region	1318765	8956587	6.79	0	26
ptg000533l_1	764850	5111010	6.68	0	20
ptg000533l_1_region	764850	5111010	6.68	0	20
ptg000535l_1	64390	375018	5.82	0	14
ptg000535l_1_region	64390	375018	5.82	0	14
ptg000536l_1	620088	5956043	9.61	0	69
ptg000536l_1_region	620088	5956043	9.61	0	69
ptg000537l_1	4048955	23282880	5.75	0	44
ptg000537l_1_region	4048955	23282880	5.75	0	44
ptg000538l_1	799690	5895980	7.37	0	20
ptg000538l_1_region	799690	5895980	7.37	0	20
ptg000539l_1	1061014	6511853	6.14	0	25
ptg000539l_1_region	1061014	6511853	6.14	0	25
ptg000541l_1	1972057	12140827	6.16	0	28
ptg000541l_1_region	1972057	12140827	6.16	0	28
ptg000542l_1	1102076	7372581	6.69	0	18
ptg000542l_1_region	1102076	7372581	6.69	0	18
ptg000546l_1	485089	3247330	6.69	0	28
ptg000546l_1_region	485089	3247330	6.69	0	28
ptg000547l_1	548270	3366899	6.14	0	26
ptg000547l_1_region	548270	3366899	6.14	0	26
ptg000549l_1	240800	1168421	4.85	0	22
ptg000549l_1_region	240800	1168421	4.85	0	22
ptg000550l_1	2467494	16876702	6.84	0	24
ptg000550l_1_region	2467494	16876702	6.84	0	24
ptg000552l_1	235000	1582136	6.73	0	25
ptg000552l_1_region	235000	1582136	6.73	0	25
ptg000553l_1	1024301	6379430	6.23	0	23
ptg000553l_1_region	1024301	6379430	6.23	0	23
ptg000555l_1	107715	350650	3.26	0	9
ptg000555l_1_region	107715	350650	3.26	0	9
ptg000556l_1	1307081	7834424	5.99	0	21
ptg000556l_1_region	1307081	7834424	5.99	0	21
ptg000557l_1	361549	2091482	5.78	0	19
ptg000557l_1_region	361549	2091482	5.78	0	19
ptg000558l_1	589764	4061045	6.89	0	24
ptg000558l_1_region	589764	4061045	6.89	0	24
ptg000559l_1	588957	6042885	10.26	0	49
ptg000559l_1_region	588957	6042885	10.26	0	49
ptg000560l_1	267228	1473976	5.52	0	41
ptg000560l_1_region	267228	1473976	5.52	0	41
ptg000561l_1	952395	3988821	4.19	0	16
ptg000561l_1_region	952395	3988821	4.19	0	16
ptg000562l_1	800306	5082617	6.35	0	22
ptg000562l_1_region	800306	5082617	6.35	0	22
ptg000563l_1	294973	1927972	6.54	0	28
ptg000563l_1_region	294973	1927972	6.54	0	28
ptg000565l_1	363321	2059088	5.67	0	47
ptg000565l_1_region	363321	2059088	5.67	0	47
ptg000566l_1	2027837	15121135	7.46	0	22
ptg000566l_1_region	2027837	15121135	7.46	0	22
ptg000567l_1	687027	4613123	6.71	0	20
ptg000567l_1_region	687027	4613123	6.71	0	20
ptg000568l_1	2368250	13184141	5.57	0	28
ptg000568l_1_region	2368250	13184141	5.57	0	28
ptg000570l_1	329243	1533503	4.66	0	24
ptg000570l_1_region	329243	1533503	4.66	0	24
ptg000571l_1	351161	1818738	5.18	0	20
ptg000571l_1_region	351161	1818738	5.18	0	20
ptg000572l_1	1585143	9333589	5.89	0	63
ptg000572l_1_region	1585143	9333589	5.89	0	63
ptg000573l_1	889980	3911548	4.40	0	17
ptg000573l_1_region	889980	3911548	4.40	0	17
ptg000575l_1	746584	4749987	6.36	0	18
ptg000575l_1_region	746584	4749987	6.36	0	18
ptg000576l_1	729281	5926048	8.13	0	37
ptg000576l_1_region	729281	5926048	8.13	0	37
ptg000577l_1	224336	1097921	4.89	0	17
ptg000577l_1_region	224336	1097921	4.89	0	17
ptg000580l_1	753345	6605550	8.77	0	73
ptg000580l_1_region	753345	6605550	8.77	0	73
ptg000582l_1	2369000	27941391	11.79	0	453
ptg000582l_1_region	2369000	27941391	11.79	0	453
ptg000583l_1	753589	5212086	6.92	0	23
ptg000583l_1_region	753589	5212086	6.92	0	23
ptg000585l_1	129123	591474	4.58	0	14
ptg000585l_1_region	129123	591474	4.58	0	14
ptg000586l_1	2478326	18152096	7.32	0	20
ptg000586l_1_region	2478326	18152096	7.32	0	20
ptg000587l_1	1213881	8126697	6.69	0	27
ptg000587l_1_region	1213881	8126697	6.69	0	27
ptg000589l_1	377213	4459655	11.82	0	100
ptg000589l_1_region	377213	4459655	11.82	0	100
ptg000590l_1	1064898	6035359	5.67	0	28
ptg000590l_1_region	1064898	6035359	5.67	0	28
ptg000591l_1	1003195	6586632	6.57	0	31
ptg000591l_1_region	1003195	6586632	6.57	0	31
ptg000593l_1	303530	1721766	5.67	0	17
ptg000593l_1_region	303530	1721766	5.67	0	17
ptg000594l_1	264734	1861387	7.03	0	16
ptg000594l_1_region	264734	1861387	7.03	0	16
ptg000595l_1	176579	1227424	6.95	0	31
ptg000595l_1_region	176579	1227424	6.95	0	31
ptg000596l_1	992602	4020253	4.05	0	23
ptg000596l_1_region	992602	4020253	4.05	0	23
ptg000598l_1	1580660	11406625	7.22	0	66
ptg000598l_1_region	1580660	11406625	7.22	0	66
ptg000599l_1	1251574	8767787	7.01	0	19
ptg000599l_1_region	1251574	8767787	7.01	0	19
ptg000600l_1	3356339	24805618	7.39	0	57
ptg000600l_1_region	3356339	24805618	7.39	0	57
ptg000601l_1	961864	5451783	5.67	0	18
ptg000601l_1_region	961864	5451783	5.67	0	18
ptg000602l_1	694930	2087991	3.00	0	131
ptg000602l_1_region	694930	2087991	3.00	0	131
ptg000603l_1	132727	645330	4.86	0	17
ptg000603l_1_region	132727	645330	4.86	0	17
ptg000605l_1	439078	2781755	6.34	0	17
ptg000605l_1_region	439078	2781755	6.34	0	17
ptg000606l_1	806643	4817422	5.97	0	22
ptg000606l_1_region	806643	4817422	5.97	0	22
ptg000607l_1	749723	5599183	7.47	0	30
ptg000607l_1_region	749723	5599183	7.47	0	30
ptg000609l_1	1199116	7809871	6.51	0	18
ptg000609l_1_region	1199116	7809871	6.51	0	18
ptg000610l_1	2985489	19271086	6.45	0	36
ptg000610l_1_region	2985489	19271086	6.45	0	36
ptg000611l_1	1604871	9268061	5.77	0	33
ptg000611l_1_region	1604871	9268061	5.77	0	33
ptg000612l_1	356378	2262985	6.35	0	15
ptg000612l_1_region	356378	2262985	6.35	0	15
ptg000613l_1	918624	5455570	5.94	0	21
ptg000613l_1_region	918624	5455570	5.94	0	21
ptg000615l_1	1189371	5930844	4.99	0	20
ptg000615l_1_region	1189371	5930844	4.99	0	20
ptg000617l_1	2321995	50828537	21.89	0	87
ptg000617l_1_region	2321995	50828537	21.89	0	87
ptg000618l_1	3188169	23522583	7.38	0	57
ptg000618l_1_region	3188169	23522583	7.38	0	57
ptg000619l_1	436883	4180052	9.57	0	53
ptg000619l_1_region	436883	4180052	9.57	0	53
ptg000621l_1	152067	534534	3.52	0	12
ptg000621l_1_region	152067	534534	3.52	0	12
ptg000624l_1	426888	2751158	6.44	0	30
ptg000624l_1_region	426888	2751158	6.44	0	30
ptg000626l_1	603462	3949461	6.54	0	21
ptg000626l_1_region	603462	3949461	6.54	0	21
ptg000627l_1	319761	1680765	5.26	0	17
ptg000627l_1_region	319761	1680765	5.26	0	17
ptg000628l_1	671813	4864643	7.24	0	36
ptg000628l_1_region	671813	4864643	7.24	0	36
ptg000629l_1	1175554	6754411	5.75	0	22
ptg000629l_1_region	1175554	6754411	5.75	0	22
ptg000630l_1	1002428	6093230	6.08	0	27
ptg000630l_1_region	1002428	6093230	6.08	0	27
ptg000632l_1	421251	2046104	4.86	0	26
ptg000632l_1_region	421251	2046104	4.86	0	26
ptg000633l_1	332334	1749941	5.27	0	15
ptg000633l_1_region	332334	1749941	5.27	0	15
ptg000634l_1	446096	2209226	4.95	0	17
ptg000634l_1_region	446096	2209226	4.95	0	17
ptg000635l_1	3740034	25661652	6.86	0	32
ptg000635l_1_region	3740034	25661652	6.86	0	32
ptg000637l_1	396109	3448847	8.71	0	35
ptg000637l_1_region	396109	3448847	8.71	0	35
ptg000638l_1	377313	2211002	5.86	0	16
ptg000638l_1_region	377313	2211002	5.86	0	16
ptg000639l_1	2344366	17056324	7.28	0	21
ptg000639l_1_region	2344366	17056324	7.28	0	21
ptg000640l_1	125848	359804	2.86	0	16
ptg000640l_1_region	125848	359804	2.86	0	16
ptg000641l_1	1035364	5759909	5.56	0	48
ptg000641l_1_region	1035364	5759909	5.56	0	48
ptg000644l_1	2126718	15885582	7.47	0	82
ptg000644l_1_region	2126718	15885582	7.47	0	82
ptg000645l_1	1045360	10750917	10.28	0	127
ptg000645l_1_region	1045360	10750917	10.28	0	127
ptg000646l_1	439230	2746419	6.25	0	18
ptg000646l_1_region	439230	2746419	6.25	0	18
ptg000647l_1	1193044	4542551	3.81	0	17
ptg000647l_1_region	1193044	4542551	3.81	0	17
ptg000648l_1	148357	639787	4.31	0	11
ptg000648l_1_region	148357	639787	4.31	0	11
ptg000650l_1	34421	218567	6.35	0	15
ptg000650l_1_region	34421	218567	6.35	0	15
ptg000651l_1	829122	6340147	7.65	0	34
ptg000651l_1_region	829122	6340147	7.65	0	34
ptg000652l_1	991866	5507401	5.55	0	16
ptg000652l_1_region	991866	5507401	5.55	0	16
ptg000655l_1	142095	357283	2.51	0	10
ptg000655l_1_region	142095	357283	2.51	0	10
ptg000656l_1	150606	564086	3.75	0	18
ptg000656l_1_region	150606	564086	3.75	0	18
ptg000657l_1	2957484	15157165	5.13	0	20
ptg000657l_1_region	2957484	15157165	5.13	0	20
ptg000658l_1	506851	2850788	5.62	0	21
ptg000658l_1_region	506851	2850788	5.62	0	21
ptg000659l_1	2022867	14459898	7.15	0	25
ptg000659l_1_region	2022867	14459898	7.15	0	25
ptg000660l_1	1271816	7487859	5.89	0	32
ptg000660l_1_region	1271816	7487859	5.89	0	32
ptg000661l_1	738753	6211902	8.41	0	89
ptg000661l_1_region	738753	6211902	8.41	0	89
ptg000663l_1	1415908	9620035	6.79	0	23
ptg000663l_1_region	1415908	9620035	6.79	0	23
ptg000665l_1	1685505	12409424	7.36	0	85
ptg000665l_1_region	1685505	12409424	7.36	0	85
ptg000666l_1	1261670	7719597	6.12	0	30
ptg000666l_1_region	1261670	7719597	6.12	0	30
ptg000667l_1	65612	378000	5.76	0	15
ptg000667l_1_region	65612	378000	5.76	0	15
ptg000668l_1	700432	5340581	7.62	0	21
ptg000668l_1_region	700432	5340581	7.62	0	21
ptg000669l_1	855301	6793315	7.94	0	33
ptg000669l_1_region	855301	6793315	7.94	0	33
ptg000670l_1	996161	6036977	6.06	0	18
ptg000670l_1_region	996161	6036977	6.06	0	18
ptg000671l_1	41821	359915	8.61	0	15
ptg000671l_1_region	41821	359915	8.61	0	15
ptg000673l_1	1124520	7380464	6.56	0	22
ptg000673l_1_region	1124520	7380464	6.56	0	22
ptg000674l_1	1828309	7057479	3.86	0	35
ptg000674l_1_region	1828309	7057479	3.86	0	35
ptg000675l_1	616583	3641534	5.91	0	28
ptg000675l_1_region	616583	3641534	5.91	0	28
ptg000676l_1	372240	1844246	4.95	0	17
ptg000676l_1_region	372240	1844246	4.95	0	17
ptg000677l_1	489347	3044066	6.22	0	25
ptg000677l_1_region	489347	3044066	6.22	0	25
ptg000678l_1	407961	2428611	5.95	0	17
ptg000678l_1_region	407961	2428611	5.95	0	17
ptg000679l_1	2499628	15722431	6.29	0	22
ptg000679l_1_region	2499628	15722431	6.29	0	22
ptg000680l_1	564556	3546361	6.28	0	17
ptg000680l_1_region	564556	3546361	6.28	0	17
ptg000681l_1	575848	3362515	5.84	0	21
ptg000681l_1_region	575848	3362515	5.84	0	21
ptg000682l_1	541758	3720321	6.87	0	18
ptg000682l_1_region	541758	3720321	6.87	0	18
ptg000683l_1	473133	862120	1.82	0	38
ptg000683l_1_region	473133	862120	1.82	0	38
ptg000684l_1	1006819	3006556	2.99	0	29
ptg000684l_1_region	1006819	3006556	2.99	0	29
ptg000685l_1	775898	5638835	7.27	0	27
ptg000685l_1_region	775898	5638835	7.27	0	27
ptg000686l_1	263473	1401502	5.32	0	32
ptg000686l_1_region	263473	1401502	5.32	0	32
ptg000687l_1	1655177	11868605	7.17	0	45
ptg000687l_1_region	1655177	11868605	7.17	0	45
ptg000688l_1	495984	2034881	4.10	0	15
ptg000688l_1_region	495984	2034881	4.10	0	15
ptg000691l_1	272090	1297267	4.77	0	17
ptg000691l_1_region	272090	1297267	4.77	0	17
ptg000695l_1	389121	2747390	7.06	0	16
ptg000695l_1_region	389121	2747390	7.06	0	16
ptg000696l_1	1721825	7869717	4.57	0	25
ptg000696l_1_region	1721825	7869717	4.57	0	25
ptg000697l_1	494414	3423005	6.92	0	23
ptg000697l_1_region	494414	3423005	6.92	0	23
ptg000698l_1	445067	2883113	6.48	0	68
ptg000698l_1_region	445067	2883113	6.48	0	68
ptg000699l_1	1517586	10360375	6.83	0	24
ptg000699l_1_region	1517586	10360375	6.83	0	24
ptg000701l_1	436501	2601287	5.96	0	18
ptg000701l_1_region	436501	2601287	5.96	0	18
ptg000702l_1	601819	8664592	14.40	0	133
ptg000702l_1_region	601819	8664592	14.40	0	133
ptg000703l_1	653072	4768900	7.30	0	86
ptg000703l_1_region	653072	4768900	7.30	0	86
ptg000706l_1	1237124	8349313	6.75	0	42
ptg000706l_1_region	1237124	8349313	6.75	0	42
ptg000707l_1	2012293	14011998	6.96	0	25
ptg000707l_1_region	2012293	14011998	6.96	0	25
ptg000708l_1	579457	3973097	6.86	0	19
ptg000708l_1_region	579457	3973097	6.86	0	19
ptg000709l_1	1296806	8908782	6.87	0	19
ptg000709l_1_region	1296806	8908782	6.87	0	19
ptg000710l_1	818437	4504433	5.50	0	21
ptg000710l_1_region	818437	4504433	5.50	0	21
ptg000711l_1	472635	3286096	6.95	0	26
ptg000711l_1_region	472635	3286096	6.95	0	26
ptg000712l_1	1500394	9784902	6.52	0	30
ptg000712l_1_region	1500394	9784902	6.52	0	30
ptg000713l_1	503285	2317596	4.60	0	14
ptg000713l_1_region	503285	2317596	4.60	0	14
ptg000714l_1	340642	1977366	5.80	0	17
ptg000714l_1_region	340642	1977366	5.80	0	17
ptg000715l_1	1614518	12629703	7.82	0	22
ptg000715l_1_region	1614518	12629703	7.82	0	22
ptg000716l_1	624317	2691031	4.31	0	19
ptg000716l_1_region	624317	2691031	4.31	0	19
ptg000718l_1	742506	4939160	6.65	0	18
ptg000718l_1_region	742506	4939160	6.65	0	18
ptg000719l_1	1248582	8491241	6.80	0	20
ptg000719l_1_region	1248582	8491241	6.80	0	20
ptg000720l_1	2059177	13497623	6.55	0	40
ptg000720l_1_region	2059177	13497623	6.55	0	40
ptg000722l_1	1657256	13864799	8.37	0	52
ptg000722l_1_region	1657256	13864799	8.37	0	52
ptg000723l_1	631303	4248785	6.73	0	20
ptg000723l_1_region	631303	4248785	6.73	0	20
ptg000725l_1	359292	3003222	8.36	0	92
ptg000725l_1_region	359292	3003222	8.36	0	92
ptg000726l_1	454083	2229581	4.91	0	21
ptg000726l_1_region	454083	2229581	4.91	0	21
ptg000727l_1	4623666	34465291	7.45	0	30
ptg000727l_1_region	4623666	34465291	7.45	0	30
ptg000728l_1	285825	1569489	5.49	0	15
ptg000728l_1_region	285825	1569489	5.49	0	15
ptg000730l_1	781664	4425911	5.66	0	38
ptg000730l_1_region	781664	4425911	5.66	0	38
ptg000732l_1	2804955	11719008	4.18	0	25
ptg000732l_1_region	2804955	11719008	4.18	0	25
ptg000733l_1	3908844	29452112	7.53	0	30
ptg000733l_1_region	3908844	29452112	7.53	0	30
ptg000735l_1	1617732	11606935	7.17	0	28
ptg000735l_1_region	1617732	11606935	7.17	0	28
ptg000737l_1	2155547	17913752	8.31	0	290
ptg000737l_1_region	2155547	17913752	8.31	0	290
ptg000738l_1	204241	908482	4.45	0	25
ptg000738l_1_region	204241	908482	4.45	0	25
ptg000740l_1	796659	4317940	5.42	0	18
ptg000740l_1_region	796659	4317940	5.42	0	18
ptg000741l_1	90848	623305	6.86	0	18
ptg000741l_1_region	90848	623305	6.86	0	18
ptg000742l_1	305783	1866606	6.10	0	22
ptg000742l_1_region	305783	1866606	6.10	0	22
ptg000744l_1	309988	1979054	6.38	0	51
ptg000744l_1_region	309988	1979054	6.38	0	51
ptg000745l_1	651448	4056974	6.23	0	20
ptg000745l_1_region	651448	4056974	6.23	0	20
ptg000746l_1	836638	5432345	6.49	0	27
ptg000746l_1_region	836638	5432345	6.49	0	27
ptg000747l_1	679209	4271571	6.29	0	19
ptg000747l_1_region	679209	4271571	6.29	0	19
ptg000748l_1	1074042	6750336	6.28	0	30
ptg000748l_1_region	1074042	6750336	6.28	0	30
ptg000749l_1	239463	1030050	4.30	0	24
ptg000749l_1_region	239463	1030050	4.30	0	24
ptg000750l_1	446350	3450579	7.73	0	23
ptg000750l_1_region	446350	3450579	7.73	0	23
ptg000751l_1	1656899	11339969	6.84	0	22
ptg000751l_1_region	1656899	11339969	6.84	0	22
ptg000752l_1	297751	1451668	4.88	0	17
ptg000752l_1_region	297751	1451668	4.88	0	17
ptg000753l_1	622951	4136611	6.64	0	19
ptg000753l_1_region	622951	4136611	6.64	0	19
ptg000754l_1	1047776	6410913	6.12	0	2050
ptg000754l_1_region	1047776	6410913	6.12	0	2050
ptg000755l_1	437776	1885965	4.31	0	20
ptg000755l_1_region	437776	1885965	4.31	0	20
ptg000756l_1	1397427	7544468	5.40	0	34
ptg000756l_1_region	1397427	7544468	5.40	0	34
ptg000757l_1	667640	3958380	5.93	0	19
ptg000757l_1_region	667640	3958380	5.93	0	19
ptg000758l_1	1217386	8753750	7.19	0	47
ptg000758l_1_region	1217386	8753750	7.19	0	47
ptg000759l_1	2637916	17917620	6.79	0	20
ptg000759l_1_region	2637916	17917620	6.79	0	20
ptg000760l_1	482252	3273377	6.79	0	51
ptg000760l_1_region	482252	3273377	6.79	0	51
ptg000761l_1	190959	1248514	6.54	0	14
ptg000761l_1_region	190959	1248514	6.54	0	14
ptg000762l_1	273535	1804899	6.60	0	55
ptg000762l_1_region	273535	1804899	6.60	0	55
ptg000764l_1	29523	197101	6.68	0	17
ptg000764l_1_region	29523	197101	6.68	0	17
ptg000765l_1	1555626	17694358	11.37	0	110
ptg000765l_1_region	1555626	17694358	11.37	0	110
ptg000766l_1	918196	5466141	5.95	0	20
ptg000766l_1_region	918196	5466141	5.95	0	20
ptg000767l_1	1732150	10710873	6.18	0	22
ptg000767l_1_region	1732150	10710873	6.18	0	22
ptg000769l_1	175466	1148624	6.55	0	22
ptg000769l_1_region	175466	1148624	6.55	0	22
ptg000770l_1	398963	1851710	4.64	0	26
ptg000770l_1_region	398963	1851710	4.64	0	26
ptg000771l_1	1339662	10903418	8.14	0	59
ptg000771l_1_region	1339662	10903418	8.14	0	59
ptg000772l_1	849145	4948469	5.83	0	30
ptg000772l_1_region	849145	4948469	5.83	0	30
ptg000773l_1	620724	4375203	7.05	0	19
ptg000773l_1_region	620724	4375203	7.05	0	19
ptg000774l_1	197997	1003503	5.07	0	16
ptg000774l_1_region	197997	1003503	5.07	0	16
ptg000775l_1	710102	3183397	4.48	0	18
ptg000775l_1_region	710102	3183397	4.48	0	18
ptg000777l_1	135936	865633	6.37	0	22
ptg000777l_1_region	135936	865633	6.37	0	22
ptg000778l_1	299547	1587054	5.30	0	19
ptg000778l_1_region	299547	1587054	5.30	0	19
ptg000779l_1	410690	1941290	4.73	0	32
ptg000779l_1_region	410690	1941290	4.73	0	32
ptg000780l_1	1946121	13435784	6.90	0	31
ptg000780l_1_region	1946121	13435784	6.90	0	31
ptg000782l_1	1234188	8478807	6.87	0	17
ptg000782l_1_region	1234188	8478807	6.87	0	17
ptg000783l_1	319382	1657412	5.19	0	18
ptg000783l_1_region	319382	1657412	5.19	0	18
ptg000784l_1	3073356	21190252	6.89	0	27
ptg000784l_1_region	3073356	21190252	6.89	0	27
ptg000785l_1	731583	4023574	5.50	0	17
ptg000785l_1_region	731583	4023574	5.50	0	17
ptg000786l_1	663719	3101996	4.67	0	15
ptg000786l_1_region	663719	3101996	4.67	0	15
ptg000787l_1	685615	5069973	7.39	0	34
ptg000787l_1_region	685615	5069973	7.39	0	34
ptg000788l_1	1416953	8842798	6.24	0	24
ptg000788l_1_region	1416953	8842798	6.24	0	24
ptg000790l_1	698074	4660246	6.68	0	19
ptg000790l_1_region	698074	4660246	6.68	0	19
ptg000792l_1	1698837	13115034	7.72	0	35
ptg000792l_1_region	1698837	13115034	7.72	0	35
ptg000794l_1	2305966	24279291	10.53	0	40
ptg000794l_1_region	2305966	24279291	10.53	0	40
ptg000795l_1	420627	1853343	4.41	0	22
ptg000795l_1_region	420627	1853343	4.41	0	22
ptg000796l_1	805975	6531180	8.10	0	27
ptg000796l_1_region	805975	6531180	8.10	0	27
ptg000798l_1	637541	4503797	7.06	0	25
ptg000798l_1_region	637541	4503797	7.06	0	25
ptg000799l_1	681131	4454432	6.54	0	22
ptg000799l_1_region	681131	4454432	6.54	0	22
ptg000801l_1	472057	3211490	6.80	0	19
ptg000801l_1_region	472057	3211490	6.80	0	19
ptg000804l_1	481705	3155076	6.55	0	17
ptg000804l_1_region	481705	3155076	6.55	0	17
ptg000805l_1	139679	599795	4.29	0	10
ptg000805l_1_region	139679	599795	4.29	0	10
ptg000806l_1	211082	898618	4.26	0	17
ptg000806l_1_region	211082	898618	4.26	0	17
ptg000807l_1	1494959	13626426	9.11	0	149
ptg000807l_1_region	1494959	13626426	9.11	0	149
ptg000808l_1	939464	3989412	4.25	0	17
ptg000808l_1_region	939464	3989412	4.25	0	17
ptg000809l_1	1358597	10075997	7.42	0	30
ptg000809l_1_region	1358597	10075997	7.42	0	30
ptg000810l_1	1145387	7528347	6.57	0	37
ptg000810l_1_region	1145387	7528347	6.57	0	37
ptg000811l_1	2287881	18194723	7.95	0	77
ptg000811l_1_region	2287881	18194723	7.95	0	77
ptg000813l_1	514422	3487653	6.78	0	27
ptg000813l_1_region	514422	3487653	6.78	0	27
ptg000814l_1	2363643	18420397	7.79	0	26
ptg000814l_1_region	2363643	18420397	7.79	0	26
ptg000815l_1	322425	2619936	8.13	0	28
ptg000815l_1_region	322425	2619936	8.13	0	28
ptg000816l_1	314581	1170809	3.72	0	18
ptg000816l_1_region	314581	1170809	3.72	0	18
ptg000817l_1	1101359	7149683	6.49	0	20
ptg000817l_1_region	1101359	7149683	6.49	0	20
ptg000818l_1	26532	156194	5.89	0	9
ptg000818l_1_region	26532	156194	5.89	0	9
ptg000820l_1	1149327	8324770	7.24	0	21
ptg000820l_1_region	1149327	8324770	7.24	0	21
ptg000821l_1	2771501	19068325	6.88	0	33
ptg000821l_1_region	2771501	19068325	6.88	0	33
ptg000822l_1	2418141	19408352	8.03	0	29
ptg000822l_1_region	2418141	19408352	8.03	0	29
ptg000823l_1	482504	2894504	6.00	0	18
ptg000823l_1_region	482504	2894504	6.00	0	18
ptg000826l_1	246075	903029	3.67	0	50
ptg000826l_1_region	246075	903029	3.67	0	50
ptg000827l_1	918879	6380749	6.94	0	50
ptg000827l_1_region	918879	6380749	6.94	0	50
ptg000828l_1	475335	2577028	5.42	0	23
ptg000828l_1_region	475335	2577028	5.42	0	23
ptg000829l_1	460680	2725969	5.92	0	23
ptg000829l_1_region	460680	2725969	5.92	0	23
ptg000832l_1	1246693	7862836	6.31	0	18
ptg000832l_1_region	1246693	7862836	6.31	0	18
ptg000833l_1	180122	1324319	7.35	0	25
ptg000833l_1_region	180122	1324319	7.35	0	25
ptg000835l_1	1580714	10111418	6.40	0	27
ptg000835l_1_region	1580714	10111418	6.40	0	27
ptg000836l_1	2876372	21881161	7.61	0	44
ptg000836l_1_region	2876372	21881161	7.61	0	44
ptg000837l_1	382453	1879438	4.91	0	20
ptg000837l_1_region	382453	1879438	4.91	0	20
ptg000838l_1	636683	2474788	3.89	0	15
ptg000838l_1_region	636683	2474788	3.89	0	15
ptg000841l_1	891475	4795118	5.38	0	51
ptg000841l_1_region	891475	4795118	5.38	0	51
ptg000842l_1	1309152	8837606	6.75	0	20
ptg000842l_1_region	1309152	8837606	6.75	0	20
ptg000843l_1	354377	1329257	3.75	0	27
ptg000843l_1_region	354377	1329257	3.75	0	27
ptg000844l_1	1408055	11274028	8.01	0	25
ptg000844l_1_region	1408055	11274028	8.01	0	25
ptg000845l_1	684139	3973491	5.81	0	25
ptg000845l_1_region	684139	3973491	5.81	0	25
ptg000846l_1	182704	870245	4.76	0	14
ptg000846l_1_region	182704	870245	4.76	0	14
ptg000847l_1	107236	598351	5.58	0	12
ptg000847l_1_region	107236	598351	5.58	0	12
ptg000848l_1	2916963	19573005	6.71	0	25
ptg000848l_1_region	2916963	19573005	6.71	0	25
ptg000849l_1	1056763	6478328	6.13	0	19
ptg000849l_1_region	1056763	6478328	6.13	0	19
ptg000850l_1	922345	6629028	7.19	0	34
ptg000850l_1_region	922345	6629028	7.19	0	34
ptg000851l_1	1891804	13378626	7.07	0	27
ptg000851l_1_region	1891804	13378626	7.07	0	27
ptg000852l_1	354684	1133355	3.20	0	18
ptg000852l_1_region	354684	1133355	3.20	0	18
ptg000853l_1	1482566	13607075	9.18	0	34
ptg000853l_1_region	1482566	13607075	9.18	0	34
ptg000854l_1	744801	4941117	6.63	0	18
ptg000854l_1_region	744801	4941117	6.63	0	18
ptg000855l_1	366672	2501841	6.82	0	19
ptg000855l_1_region	366672	2501841	6.82	0	19
ptg000856l_1	232482	1687065	7.26	0	21
ptg000856l_1_region	232482	1687065	7.26	0	21
ptg000858l_1	560950	4894135	8.72	0	37
ptg000858l_1_region	560950	4894135	8.72	0	37
ptg000859l_1	386339	2947937	7.63	0	75
ptg000859l_1_region	386339	2947937	7.63	0	75
ptg000860l_1	1238112	8183559	6.61	0	30
ptg000860l_1_region	1238112	8183559	6.61	0	30
ptg000862l_1	42688	166957	3.91	0	11
ptg000862l_1_region	42688	166957	3.91	0	11
ptg000863l_1	145690	720797	4.95	0	18
ptg000863l_1_region	145690	720797	4.95	0	18
ptg000864l_1	107950	478174	4.43	0	12
ptg000864l_1_region	107950	478174	4.43	0	12
ptg000865l_1	265721	1317709	4.96	0	22
ptg000865l_1_region	265721	1317709	4.96	0	22
ptg000866l_1	743316	5318952	7.16	0	22
ptg000866l_1_region	743316	5318952	7.16	0	22
ptg000867l_1	2659632	15811627	5.95	0	216
ptg000867l_1_region	2659632	15811627	5.95	0	216
ptg000869l_1	649678	3352567	5.16	0	17
ptg000869l_1_region	649678	3352567	5.16	0	17
ptg000871l_1	979125	6291739	6.43	0	17
ptg000871l_1_region	979125	6291739	6.43	0	17
ptg000873l_1	936295	13538053	14.46	0	174
ptg000873l_1_region	936295	13538053	14.46	0	174
ptg000874l_1	1874943	14747436	7.87	0	22
ptg000874l_1_region	1874943	14747436	7.87	0	22
ptg000877l_1	741196	3338553	4.50	0	108
ptg000877l_1_region	741196	3338553	4.50	0	108
ptg000878l_1	976583	6947696	7.11	0	73
ptg000878l_1_region	976583	6947696	7.11	0	73
ptg000880l_1	532227	2323968	4.37	0	20
ptg000880l_1_region	532227	2323968	4.37	0	20
ptg000881l_1	1436822	10665701	7.42	0	27
ptg000881l_1_region	1436822	10665701	7.42	0	27
ptg000882l_1	1550378	10470570	6.75	0	528
ptg000882l_1_region	1550378	10470570	6.75	0	528
ptg000883l_1	469998	2838538	6.04	0	20
ptg000883l_1_region	469998	2838538	6.04	0	20
ptg000884l_1	110307	686873	6.23	0	16
ptg000884l_1_region	110307	686873	6.23	0	16
ptg000885l_1	239372	1808346	7.55	0	49
ptg000885l_1_region	239372	1808346	7.55	0	49
ptg000888l_1	1583840	15338588	9.68	0	46
ptg000888l_1_region	1583840	15338588	9.68	0	46
ptg000889l_1	509120	2136751	4.20	0	14
ptg000889l_1_region	509120	2136751	4.20	0	14
ptg000891l_1	3033606	23240098	7.66	0	27
ptg000891l_1_region	3033606	23240098	7.66	0	27
ptg000895l_1	65943	173516	2.63	0	34
ptg000895l_1_region	65943	173516	2.63	0	34
ptg000896l_1	625394	4963837	7.94	0	57
ptg000896l_1_region	625394	4963837	7.94	0	57
ptg000904l_1	887284	4086973	4.61	0	23
ptg000904l_1_region	887284	4086973	4.61	0	23
ptg000906l_1	584304	3984625	6.82	0	110
ptg000906l_1_region	584304	3984625	6.82	0	110
ptg000908l_1	330555	2193195	6.63	0	19
ptg000908l_1_region	330555	2193195	6.63	0	19
ptg000910l_1	420324	4430139	10.54	0	33
ptg000910l_1_region	420324	4430139	10.54	0	33
ptg000911l_1	406947	1312592	3.23	0	15
ptg000911l_1_region	406947	1312592	3.23	0	15
ptg000912l_1	2553606	16800114	6.58	0	25
ptg000912l_1_region	2553606	16800114	6.58	0	25
ptg000914l_1	96915	430970	4.45	0	10
ptg000914l_1_region	96915	430970	4.45	0	10
ptg000916l_1	936128	6071989	6.49	0	30
ptg000916l_1_region	936128	6071989	6.49	0	30
ptg000917l_1	3944385	28751504	7.29	0	31
ptg000917l_1_region	3944385	28751504	7.29	0	31
ptg000918l_1	1558942	8364222	5.37	0	17
ptg000918l_1_region	1558942	8364222	5.37	0	17
ptg000919l_1	288560	3144192	10.90	0	32
ptg000919l_1_region	288560	3144192	10.90	0	32
ptg000920l_1	912628	5971119	6.54	0	32
ptg000920l_1_region	912628	5971119	6.54	0	32
ptg000922l_1	217931	2056295	9.44	0	58
ptg000922l_1_region	217931	2056295	9.44	0	58
ptg000923l_1	3465100	23571341	6.80	0	46
ptg000923l_1_region	3465100	23571341	6.80	0	46
ptg000924l_1	3278430	25882751	7.89	0	63
ptg000924l_1_region	3278430	25882751	7.89	0	63
ptg000925l_1	437075	2404678	5.50	0	33
ptg000925l_1_region	437075	2404678	5.50	0	33
ptg000927l_1	112937	542557	4.80	0	16
ptg000927l_1_region	112937	542557	4.80	0	16
ptg000928l_1	280277	1051895	3.75	0	27
ptg000928l_1_region	280277	1051895	3.75	0	27
ptg000929l_1	324958	2164170	6.66	0	24
ptg000929l_1_region	324958	2164170	6.66	0	24
ptg000930l_1	3227723	22626059	7.01	0	28
ptg000930l_1_region	3227723	22626059	7.01	0	28
ptg000931l_1	689210	3645960	5.29	0	16
ptg000931l_1_region	689210	3645960	5.29	0	16
ptg000932l_1	386469	1913617	4.95	0	33
ptg000932l_1_region	386469	1913617	4.95	0	33
ptg000934l_1	638889	4489721	7.03	0	33
ptg000934l_1_region	638889	4489721	7.03	0	33
ptg000935l_1	834502	5314843	6.37	0	18
ptg000935l_1_region	834502	5314843	6.37	0	18
ptg000936l_1	673886	4788333	7.11	0	29
ptg000936l_1_region	673886	4788333	7.11	0	29
ptg000937l_1	1828049	12954017	7.09	0	24
ptg000937l_1_region	1828049	12954017	7.09	0	24
ptg000939l_1	84595	1151233	13.61	0	37
ptg000939l_1_region	84595	1151233	13.61	0	37
ptg000942l_1	1832541	12529301	6.84	0	30
ptg000942l_1_region	1832541	12529301	6.84	0	30
ptg000944l_1	1662287	7914684	4.76	0	35
ptg000944l_1_region	1662287	7914684	4.76	0	35
ptg000945l_1	3018630	23334467	7.73	0	28
ptg000945l_1_region	3018630	23334467	7.73	0	28
ptg000947l_1	962699	7408020	7.70	0	22
ptg000947l_1_region	962699	7408020	7.70	0	22
ptg000949l_1	1560150	9170538	5.88	0	25
ptg000949l_1_region	1560150	9170538	5.88	0	25
ptg000950l_1	1833770	12942998	7.06	0	22
ptg000950l_1_region	1833770	12942998	7.06	0	22
ptg000951l_1	3311493	23048846	6.96	0	27
ptg000951l_1_region	3311493	23048846	6.96	0	27
ptg000953l_1	955305	6398955	6.70	0	18
ptg000953l_1_region	955305	6398955	6.70	0	18
ptg000955l_1	1178805	7008215	5.95	0	24
ptg000955l_1_region	1178805	7008215	5.95	0	24
ptg000956l_1	3495441	24153508	6.91	0	31
ptg000956l_1_region	3495441	24153508	6.91	0	31
ptg000958l_1	1344893	8164244	6.07	0	19
ptg000958l_1_region	1344893	8164244	6.07	0	19
ptg000959l_1	647237	4085891	6.31	0	21
ptg000959l_1_region	647237	4085891	6.31	0	21
ptg000960l_1	391687	2399497	6.13	0	20
ptg000960l_1_region	391687	2399497	6.13	0	20
ptg000961l_1	170420	798428	4.69	0	14
ptg000961l_1_region	170420	798428	4.69	0	14
ptg000963l_1	520996	2148395	4.12	0	27
ptg000963l_1_region	520996	2148395	4.12	0	27
ptg000965l_1	1684793	12735898	7.56	0	23
ptg000965l_1_region	1684793	12735898	7.56	0	23
ptg000966l_1	366027	2202632	6.02	0	28
ptg000966l_1_region	366027	2202632	6.02	0	28
ptg000967l_1	2561583	16956663	6.62	0	43
ptg000967l_1_region	2561583	16956663	6.62	0	43
ptg000969l_1	71324	270911	3.80	0	13
ptg000969l_1_region	71324	270911	3.80	0	13
ptg000970l_1	2021433	15010648	7.43	0	31
ptg000970l_1_region	2021433	15010648	7.43	0	31
ptg000971l_1	193540	1111513	5.74	0	22
ptg000971l_1_region	193540	1111513	5.74	0	22
ptg000973l_1	1785417	13342976	7.47	0	23
ptg000973l_1_region	1785417	13342976	7.47	0	23
ptg000974l_1	944123	6146915	6.51	0	21
ptg000974l_1_region	944123	6146915	6.51	0	21
ptg000976l_1	941608	6937249	7.37	0	23
ptg000976l_1_region	941608	6937249	7.37	0	23
ptg000977l_1	664677	5245763	7.89	0	24
ptg000977l_1_region	664677	5245763	7.89	0	24
ptg000978l_1	873318	5600003	6.41	0	20
ptg000978l_1_region	873318	5600003	6.41	0	20
ptg000979l_1	929030	6640431	7.15	0	23
ptg000979l_1_region	929030	6640431	7.15	0	23
ptg000980l_1	1000082	7056803	7.06	0	19
ptg000980l_1_region	1000082	7056803	7.06	0	19
ptg000981l_1	222894	1318921	5.92	0	19
ptg000981l_1_region	222894	1318921	5.92	0	19
ptg000982l_1	588681	3829252	6.50	0	16
ptg000982l_1_region	588681	3829252	6.50	0	16
ptg000984l_1	603669	6523136	10.81	0	32
ptg000984l_1_region	603669	6523136	10.81	0	32
ptg000985l_1	1281092	8788314	6.86	0	76
ptg000985l_1_region	1281092	8788314	6.86	0	76
ptg000986l_1	513951	2711557	5.28	0	23
ptg000986l_1_region	513951	2711557	5.28	0	23
ptg000988l_1	1481475	10708612	7.23	0	24
ptg000988l_1_region	1481475	10708612	7.23	0	24
ptg000989l_1	493739	2639743	5.35	0	27
ptg000989l_1_region	493739	2639743	5.35	0	27
ptg000990l_1	474364	2676648	5.64	0	15
ptg000990l_1_region	474364	2676648	5.64	0	15
ptg000991l_1	238639	1414742	5.93	0	15
ptg000991l_1_region	238639	1414742	5.93	0	15
ptg000992l_1	99726	528671	5.30	0	13
ptg000992l_1_region	99726	528671	5.30	0	13
ptg000993l_1	303279	2670997	8.81	0	75
ptg000993l_1_region	303279	2670997	8.81	0	75
ptg000994l_1	994543	5644920	5.68	0	30
ptg000994l_1_region	994543	5644920	5.68	0	30
ptg000995l_1	909988	5795131	6.37	0	29
ptg000995l_1_region	909988	5795131	6.37	0	29
ptg000996l_1	2769437	19581187	7.07	0	25
ptg000996l_1_region	2769437	19581187	7.07	0	25
ptg000997l_1	572045	3245059	5.67	0	42
ptg000997l_1_region	572045	3245059	5.67	0	42
ptg000998l_1	1063209	7854731	7.39	0	21
ptg000998l_1_region	1063209	7854731	7.39	0	21
ptg000999l_1	1619925	9346092	5.77	0	27
ptg000999l_1_region	1619925	9346092	5.77	0	27
ptg001001l_1	561481	3873734	6.90	0	23
ptg001001l_1_region	561481	3873734	6.90	0	23
ptg001002l_1	300224	1588573	5.29	0	15
ptg001002l_1_region	300224	1588573	5.29	0	15
ptg001004l_1	237963	2230902	9.37	0	48
ptg001004l_1_region	237963	2230902	9.37	0	48
ptg001005l_1	231273	1472447	6.37	0	19
ptg001005l_1_region	231273	1472447	6.37	0	19
ptg001010l_1	520005	3372921	6.49	0	25
ptg001010l_1_region	520005	3372921	6.49	0	25
ptg001011l_1	1245596	8525114	6.84	0	28
ptg001011l_1_region	1245596	8525114	6.84	0	28
ptg001013l_1	809277	5951207	7.35	0	18
ptg001013l_1_region	809277	5951207	7.35	0	18
ptg001014l_1	507013	1447672	2.86	0	14
ptg001014l_1_region	507013	1447672	2.86	0	14
ptg001016l_1	1128953	4449648	3.94	0	23
ptg001016l_1_region	1128953	4449648	3.94	0	23
ptg001017l_1	977231	5752152	5.89	0	22
ptg001017l_1_region	977231	5752152	5.89	0	22
ptg001019l_1	763771	4829348	6.32	0	33
ptg001019l_1_region	763771	4829348	6.32	0	33
ptg001020l_1	422113	1969072	4.66	0	20
ptg001020l_1_region	422113	1969072	4.66	0	20
ptg001021l_1	2123338	12474514	5.87	0	38
ptg001021l_1_region	2123338	12474514	5.87	0	38
ptg001022l_1	252552	1057137	4.19	0	14
ptg001022l_1_region	252552	1057137	4.19	0	14
ptg001023l_1	36917	157032	4.25	0	10
ptg001023l_1_region	36917	157032	4.25	0	10
ptg001024l_1	380787	2559032	6.72	0	18
ptg001024l_1_region	380787	2559032	6.72	0	18
ptg001025l_1	2504446	16796950	6.71	0	38
ptg001025l_1_region	2504446	16796950	6.71	0	38
ptg001027l_1	548506	3332965	6.08	0	27
ptg001027l_1_region	548506	3332965	6.08	0	27
ptg001028l_1	427191	2188463	5.12	0	23
ptg001028l_1_region	427191	2188463	5.12	0	23
ptg001032l_1	1318736	7918163	6.00	0	27
ptg001032l_1_region	1318736	7918163	6.00	0	27
ptg001033l_1	2422088	15660984	6.47	0	24
ptg001033l_1_region	2422088	15660984	6.47	0	24
ptg001034l_1	277000	2023197	7.30	0	20
ptg001034l_1_region	277000	2023197	7.30	0	20
ptg001040l_1	322570	1803467	5.59	0	15
ptg001040l_1_region	322570	1803467	5.59	0	15
ptg001041l_1	534339	2376416	4.45	0	22
ptg001041l_1_region	534339	2376416	4.45	0	22
ptg001042l_1	402533	2210060	5.49	0	23
ptg001042l_1_region	402533	2210060	5.49	0	23
ptg001043l_1	727188	4337447	5.96	0	17
ptg001043l_1_region	727188	4337447	5.96	0	17
ptg001045l_1	1417499	9995367	7.05	0	22
ptg001045l_1_region	1417499	9995367	7.05	0	22
ptg001046l_1	782851	5941224	7.59	0	19
ptg001046l_1_region	782851	5941224	7.59	0	19
ptg001048l_1	732692	3212153	4.38	0	15
ptg001048l_1_region	732692	3212153	4.38	0	15
ptg001050l_1	168201	1049184	6.24	0	18
ptg001050l_1_region	168201	1049184	6.24	0	18
ptg001051l_1	837601	5690712	6.79	0	79
ptg001051l_1_region	837601	5690712	6.79	0	79
ptg001054l_1	866908	6165633	7.11	0	63
ptg001054l_1_region	866908	6165633	7.11	0	63
ptg001056l_1	717989	4616136	6.43	0	20
ptg001056l_1_region	717989	4616136	6.43	0	20
ptg001057l_1	685386	4170527	6.08	0	21
ptg001057l_1_region	685386	4170527	6.08	0	21
ptg001058l_1	64626	194013	3.00	0	11
ptg001058l_1_region	64626	194013	3.00	0	11
ptg001060l_1	1808332	11396755	6.30	0	23
ptg001060l_1_region	1808332	11396755	6.30	0	23
ptg001062l_1	959576	5658007	5.90	0	39
ptg001062l_1_region	959576	5658007	5.90	0	39
ptg001065l_1	273270	1307877	4.79	0	15
ptg001065l_1_region	273270	1307877	4.79	0	15
ptg001066l_1	829293	5004786	6.04	0	23
ptg001066l_1_region	829293	5004786	6.04	0	23
ptg001068l_1	1380614	8588058	6.22	0	23
ptg001068l_1_region	1380614	8588058	6.22	0	23
ptg001070l_1	3820129	28045333	7.34	0	36
ptg001070l_1_region	3820129	28045333	7.34	0	36
ptg001071l_1	610137	2213437	3.63	0	16
ptg001071l_1_region	610137	2213437	3.63	0	16
ptg001072l_1	1502756	12407439	8.26	0	155
ptg001072l_1_region	1502756	12407439	8.26	0	155
ptg001073l_1	995760	6815933	6.84	0	21
ptg001073l_1_region	995760	6815933	6.84	0	21
ptg001074l_1	1048068	7069904	6.75	0	19
ptg001074l_1_region	1048068	7069904	6.75	0	19
ptg001075l_1	1554044	6964221	4.48	0	22
ptg001075l_1_region	1554044	6964221	4.48	0	22
ptg001076l_1	191156	1218170	6.37	0	19
ptg001076l_1_region	191156	1218170	6.37	0	19
ptg001077l_1	624834	3964018	6.34	0	23
ptg001077l_1_region	624834	3964018	6.34	0	23
ptg001078l_1	907147	6101971	6.73	0	21
ptg001078l_1_region	907147	6101971	6.73	0	21
ptg001079l_1	481637	3093804	6.42	0	25
ptg001079l_1_region	481637	3093804	6.42	0	25
ptg001081l_1	245899	1505488	6.12	0	20
ptg001081l_1_region	245899	1505488	6.12	0	20
ptg001082l_1	240684	1152322	4.79	0	15
ptg001082l_1_region	240684	1152322	4.79	0	15
ptg001084l_1	179750	1029038	5.72	0	16
ptg001084l_1_region	179750	1029038	5.72	0	16
ptg001086l_1	594291	3730816	6.28	0	19
ptg001086l_1_region	594291	3730816	6.28	0	19
ptg001087l_1	1538239	10657051	6.93	0	25
ptg001087l_1_region	1538239	10657051	6.93	0	25
ptg001088l_1	55010	306944	5.58	0	17
ptg001088l_1_region	55010	306944	5.58	0	17
ptg001091l_1	109890	493376	4.49	0	13
ptg001091l_1_region	109890	493376	4.49	0	13
ptg001094l_1	552831	4073295	7.37	0	17
ptg001094l_1_region	552831	4073295	7.37	0	17
ptg001095l_1	662227	4172491	6.30	0	25
ptg001095l_1_region	662227	4172491	6.30	0	25
ptg001096l_1	948383	9277899	9.78	0	194
ptg001096l_1_region	948383	9277899	9.78	0	194
ptg001097l_1	186196	2077791	11.16	0	163
ptg001097l_1_region	186196	2077791	11.16	0	163
ptg001098l_1	899683	5339266	5.93	0	24
ptg001098l_1_region	899683	5339266	5.93	0	24
ptg001099l_1	1719131	11238656	6.54	0	46
ptg001099l_1_region	1719131	11238656	6.54	0	46
ptg001101l_1	835654	4092809	4.90	0	15
ptg001101l_1_region	835654	4092809	4.90	0	15
ptg001103l_1	226773	1587572	7.00	0	25
ptg001103l_1_region	226773	1587572	7.00	0	25
ptg001104l_1	171675	1111138	6.47	0	31
ptg001104l_1_region	171675	1111138	6.47	0	31
ptg001106l_1	1892412	13412978	7.09	0	27
ptg001106l_1_region	1892412	13412978	7.09	0	27
ptg001107l_1	535505	4383260	8.19	0	37
ptg001107l_1_region	535505	4383260	8.19	0	37
ptg001108l_1	431338	2173197	5.04	0	22
ptg001108l_1_region	431338	2173197	5.04	0	22
ptg001110l_1	169611	1259792	7.43	0	20
ptg001110l_1_region	169611	1259792	7.43	0	20
ptg001111l_1	251818	1617299	6.42	0	23
ptg001111l_1_region	251818	1617299	6.42	0	23
ptg001112l_1	895714	6620459	7.39	0	17
ptg001112l_1_region	895714	6620459	7.39	0	17
ptg001113l_1	435037	2281001	5.24	0	28
ptg001113l_1_region	435037	2281001	5.24	0	28
ptg001114l_1	881083	5120528	5.81	0	23
ptg001114l_1_region	881083	5120528	5.81	0	23
ptg001115l_1	323124	2757735	8.53	0	33
ptg001115l_1_region	323124	2757735	8.53	0	33
ptg001120l_1	492668	3089017	6.27	0	19
ptg001120l_1_region	492668	3089017	6.27	0	19
ptg001121l_1	371469	1883381	5.07	0	27
ptg001121l_1_region	371469	1883381	5.07	0	27
ptg001122l_1	877911	5879676	6.70	0	118
ptg001122l_1_region	877911	5879676	6.70	0	118
ptg001123l_1	334839	1960100	5.85	0	26
ptg001123l_1_region	334839	1960100	5.85	0	26
ptg001124l_1	346769	1894308	5.46	0	28
ptg001124l_1_region	346769	1894308	5.46	0	28
ptg001125l_1	481611	2865243	5.95	0	25
ptg001125l_1_region	481611	2865243	5.95	0	25
ptg001127l_1	2475020	15086999	6.10	0	35
ptg001127l_1_region	2475020	15086999	6.10	0	35
ptg001128l_1	96562	555116	5.75	0	15
ptg001128l_1_region	96562	555116	5.75	0	15
ptg001130l_1	1058287	6299731	5.95	0	46
ptg001130l_1_region	1058287	6299731	5.95	0	46
ptg001131l_1	727807	3959146	5.44	0	41
ptg001131l_1_region	727807	3959146	5.44	0	41
ptg001132l_1	486336	2612283	5.37	0	22
ptg001132l_1_region	486336	2612283	5.37	0	22
ptg001133l_1	73774	343982	4.66	0	10
ptg001133l_1_region	73774	343982	4.66	0	10
ptg001135l_1	350900	2670245	7.61	0	16
ptg001135l_1_region	350900	2670245	7.61	0	16
ptg001136l_1	1206445	7626210	6.32	0	22
ptg001136l_1_region	1206445	7626210	6.32	0	22
ptg001137l_1	570961	3065374	5.37	0	21
ptg001137l_1_region	570961	3065374	5.37	0	21
ptg001139l_1	819888	5209501	6.35	0	22
ptg001139l_1_region	819888	5209501	6.35	0	22
ptg001140l_1	2584891	15570427	6.02	0	25
ptg001140l_1_region	2584891	15570427	6.02	0	25
ptg001141l_1	310528	1502545	4.84	0	23
ptg001141l_1_region	310528	1502545	4.84	0	23
ptg001142l_1	552152	1982489	3.59	0	19
ptg001142l_1_region	552152	1982489	3.59	0	19
ptg001143l_1	2514065	17369705	6.91	0	22
ptg001143l_1_region	2514065	17369705	6.91	0	22
ptg001144l_1	679416	3948897	5.81	0	63
ptg001144l_1_region	679416	3948897	5.81	0	63
ptg001145l_1	1565900	11196136	7.15	0	39
ptg001145l_1_region	1565900	11196136	7.15	0	39
ptg001146l_1	1164635	9195589	7.90	0	35
ptg001146l_1_region	1164635	9195589	7.90	0	35
ptg001147l_1	169053	1315015	7.78	0	23
ptg001147l_1_region	169053	1315015	7.78	0	23
ptg001148l_1	448901	2668268	5.94	0	17
ptg001148l_1_region	448901	2668268	5.94	0	17
ptg001149l_1	427394	2068244	4.84	0	16
ptg001149l_1_region	427394	2068244	4.84	0	16
ptg001150l_1	297677	1634426	5.49	0	54
ptg001150l_1_region	297677	1634426	5.49	0	54
ptg001151l_1	500217	2791247	5.58	0	24
ptg001151l_1_region	500217	2791247	5.58	0	24
ptg001152l_1	1641536	12454203	7.59	0	49
ptg001152l_1_region	1641536	12454203	7.59	0	49
ptg001153l_1	952259	6785045	7.13	0	23
ptg001153l_1_region	952259	6785045	7.13	0	23
ptg001154l_1	208560	1154536	5.54	0	16
ptg001154l_1_region	208560	1154536	5.54	0	16
ptg001155l_1	1482101	9550388	6.44	0	19
ptg001155l_1_region	1482101	9550388	6.44	0	19
ptg001157l_1	617823	4748142	7.69	0	21
ptg001157l_1_region	617823	4748142	7.69	0	21
ptg001159l_1	3212607	21327697	6.64	0	47
ptg001159l_1_region	3212607	21327697	6.64	0	47
ptg001160l_1	350891	1158046	3.30	0	22
ptg001160l_1_region	350891	1158046	3.30	0	22
ptg001163l_1	399258	1456305	3.65	0	25
ptg001163l_1_region	399258	1456305	3.65	0	25
ptg001164l_1	696068	4440469	6.38	0	23
ptg001164l_1_region	696068	4440469	6.38	0	23
ptg001165l_1	788750	5611072	7.11	0	20
ptg001165l_1_region	788750	5611072	7.11	0	20
ptg001166l_1	383184	2159981	5.64	0	22
ptg001166l_1_region	383184	2159981	5.64	0	22
ptg001167l_1	48427	274519	5.67	0	26
ptg001167l_1_region	48427	274519	5.67	0	26
ptg001168l_1	3845446	28977351	7.54	0	25
ptg001168l_1_region	3845446	28977351	7.54	0	25
ptg001169l_1	1519688	9652777	6.35	0	25
ptg001169l_1_region	1519688	9652777	6.35	0	25
ptg001170l_1	91159	663881	7.28	0	14
ptg001170l_1_region	91159	663881	7.28	0	14
ptg001172l_1	3489547	24351649	6.98	0	35
ptg001172l_1_region	3489547	24351649	6.98	0	35
ptg001173l_1	242880	1167374	4.81	0	13
ptg001173l_1_region	242880	1167374	4.81	0	13
ptg001174l_1	902885	5105072	5.65	0	112
ptg001174l_1_region	902885	5105072	5.65	0	112
ptg001175l_1	600337	3581179	5.97	0	21
ptg001175l_1_region	600337	3581179	5.97	0	21
ptg001176l_1	1156841	8724732	7.54	0	20
ptg001176l_1_region	1156841	8724732	7.54	0	20
ptg001177l_1	2257229	15412497	6.83	0	38
ptg001177l_1_region	2257229	15412497	6.83	0	38
ptg001179l_1	281086	1112339	3.96	0	14
ptg001179l_1_region	281086	1112339	3.96	0	14
ptg001180l_1	360012	2065741	5.74	0	54
ptg001180l_1_region	360012	2065741	5.74	0	54
ptg001181l_1	39845	156494	3.93	0	22
ptg001181l_1_region	39845	156494	3.93	0	22
ptg001182l_1	461684	3943649	8.54	0	41
ptg001182l_1_region	461684	3943649	8.54	0	41
ptg001183l_1	739380	4544769	6.15	0	20
ptg001183l_1_region	739380	4544769	6.15	0	20
ptg001186l_1	253518	685671	2.70	0	51
ptg001186l_1_region	253518	685671	2.70	0	51
ptg001187l_1	189771	1556636	8.20	0	37
ptg001187l_1_region	189771	1556636	8.20	0	37
ptg001188l_1	782236	5198704	6.65	0	29
ptg001188l_1_region	782236	5198704	6.65	0	29
ptg001190l_1	984368	6618194	6.72	0	30
ptg001190l_1_region	984368	6618194	6.72	0	30
ptg001191l_1	1678947	7231502	4.31	0	26
ptg001191l_1_region	1678947	7231502	4.31	0	26
ptg001192l_1	286949	1626380	5.67	0	113
ptg001192l_1_region	286949	1626380	5.67	0	113
ptg001193l_1	678490	2779868	4.10	0	16
ptg001193l_1_region	678490	2779868	4.10	0	16
ptg001194l_1	720754	4269385	5.92	0	19
ptg001194l_1_region	720754	4269385	5.92	0	19
ptg001195l_1	2029672	12706808	6.26	0	83
ptg001195l_1_region	2029672	12706808	6.26	0	83
ptg001196l_1	360158	1942760	5.39	0	15
ptg001196l_1_region	360158	1942760	5.39	0	15
ptg001197l_1	653406	4502514	6.89	0	20
ptg001197l_1_region	653406	4502514	6.89	0	20
ptg001198l_1	273592	839276	3.07	0	21
ptg001198l_1_region	273592	839276	3.07	0	21
ptg001199l_1	171367	639343	3.73	0	37
ptg001199l_1_region	171367	639343	3.73	0	37
ptg001201l_1	155932	960201	6.16	0	18
ptg001201l_1_region	155932	960201	6.16	0	18
ptg001204l_1	701553	3485055	4.97	0	16
ptg001204l_1_region	701553	3485055	4.97	0	16
ptg001205l_1	317000	1507071	4.75	0	37
ptg001205l_1_region	317000	1507071	4.75	0	37
ptg001206l_1	1179872	7971575	6.76	0	29
ptg001206l_1_region	1179872	7971575	6.76	0	29
ptg001207l_1	329903	1737498	5.27	0	18
ptg001207l_1_region	329903	1737498	5.27	0	18
ptg001210l_1	343574	7345472	21.38	0	115
ptg001210l_1_region	343574	7345472	21.38	0	115
ptg001212l_1	150081	981383	6.54	0	16
ptg001212l_1_region	150081	981383	6.54	0	16
ptg001214l_1	420699	2070688	4.92	0	18
ptg001214l_1_region	420699	2070688	4.92	0	18
ptg001215l_1	630580	3641940	5.78	0	33
ptg001215l_1_region	630580	3641940	5.78	0	33
ptg001216l_1	264246	1413118	5.35	0	36
ptg001216l_1_region	264246	1413118	5.35	0	36
ptg001217l_1	288048	1279421	4.44	0	15
ptg001217l_1_region	288048	1279421	4.44	0	15
ptg001218l_1	1400496	9706514	6.93	0	24
ptg001218l_1_region	1400496	9706514	6.93	0	24
ptg001219l_1	963657	6867094	7.13	0	20
ptg001219l_1_region	963657	6867094	7.13	0	20
ptg001221l_1	467184	4241187	9.08	0	65
ptg001221l_1_region	467184	4241187	9.08	0	65
ptg001222l_1	158110	741432	4.69	0	14
ptg001222l_1_region	158110	741432	4.69	0	14
ptg001223l_1	198987	1392472	7.00	0	20
ptg001223l_1_region	198987	1392472	7.00	0	20
ptg001226l_1	967684	5507155	5.69	0	18
ptg001226l_1_region	967684	5507155	5.69	0	18
ptg001227l_1	313532	919324	2.93	0	14
ptg001227l_1_region	313532	919324	2.93	0	14
ptg001228l_1	1366534	8858517	6.48	0	23
ptg001228l_1_region	1366534	8858517	6.48	0	23
ptg001229l_1	729300	4197083	5.75	0	23
ptg001229l_1_region	729300	4197083	5.75	0	23
ptg001230l_1	922792	5735025	6.21	0	19
ptg001230l_1_region	922792	5735025	6.21	0	19
ptg001231l_1	1446152	8366671	5.79	0	27
ptg001231l_1_region	1446152	8366671	5.79	0	27
ptg001232l_1	1342366	5668973	4.22	0	18
ptg001232l_1_region	1342366	5668973	4.22	0	18
ptg001233l_1	222792	1856729	8.33	0	28
ptg001233l_1_region	222792	1856729	8.33	0	28
ptg001234l_1	358866	3320295	9.25	0	190
ptg001234l_1_region	358866	3320295	9.25	0	190
ptg001236l_1	1619101	10830506	6.69	0	20
ptg001236l_1_region	1619101	10830506	6.69	0	20
ptg001237l_1	540299	5443780	10.08	0	34
ptg001237l_1_region	540299	5443780	10.08	0	34
ptg001238l_1	820537	3075079	3.75	0	55
ptg001238l_1_region	820537	3075079	3.75	0	55
ptg001241l_1	241423	1132637	4.69	0	15
ptg001241l_1_region	241423	1132637	4.69	0	15
ptg001242l_1	1455621	8919135	6.13	0	22
ptg001242l_1_region	1455621	8919135	6.13	0	22
ptg001243l_1	249698	482057	1.93	0	8
ptg001243l_1_region	249698	482057	1.93	0	8
ptg001244l_1	186068	984755	5.29	0	28
ptg001244l_1_region	186068	984755	5.29	0	28
ptg001245l_1	737059	4903784	6.65	0	19
ptg001245l_1_region	737059	4903784	6.65	0	19
ptg001246l_1	1470651	8931295	6.07	0	40
ptg001246l_1_region	1470651	8931295	6.07	0	40
ptg001248l_1	87461	439307	5.02	0	11
ptg001248l_1_region	87461	439307	5.02	0	11
ptg001249l_1	391567	2298435	5.87	0	21
ptg001249l_1_region	391567	2298435	5.87	0	21
ptg001250l_1	911834	5915112	6.49	0	27
ptg001250l_1_region	911834	5915112	6.49	0	27
ptg001251l_1	329054	1607929	4.89	0	21
ptg001251l_1_region	329054	1607929	4.89	0	21
ptg001252l_1	500022	3520874	7.04	0	32
ptg001252l_1_region	500022	3520874	7.04	0	32
ptg001254l_1	546791	2848046	5.21	0	25
ptg001254l_1_region	546791	2848046	5.21	0	25
ptg001255l_1	646484	4518175	6.99	0	28
ptg001255l_1_region	646484	4518175	6.99	0	28
ptg001256l_1	79024	427567	5.41	0	12
ptg001256l_1_region	79024	427567	5.41	0	12
ptg001257l_1	782368	4957206	6.34	0	18
ptg001257l_1_region	782368	4957206	6.34	0	18
ptg001259l_1	38132	190803	5.00	0	17
ptg001259l_1_region	38132	190803	5.00	0	17
ptg001260l_1	431172	2801479	6.50	0	19
ptg001260l_1_region	431172	2801479	6.50	0	19
ptg001261l_1	131497	983284	7.48	0	16
ptg001261l_1_region	131497	983284	7.48	0	16
ptg001265l_1	1687154	10246370	6.07	0	24
ptg001265l_1_region	1687154	10246370	6.07	0	24
ptg001266l_1	197487	664978	3.37	0	13
ptg001266l_1_region	197487	664978	3.37	0	13
ptg001267l_1	827409	5382652	6.51	0	58
ptg001267l_1_region	827409	5382652	6.51	0	58
ptg001268l_1	1258871	9863701	7.84	0	31
ptg001268l_1_region	1258871	9863701	7.84	0	31
ptg001269l_1	317075	1718829	5.42	0	19
ptg001269l_1_region	317075	1718829	5.42	0	19
ptg001270l_1	2348583	18103358	7.71	0	70
ptg001270l_1_region	2348583	18103358	7.71	0	70
ptg001271l_1	632687	3381649	5.34	0	24
ptg001271l_1_region	632687	3381649	5.34	0	24
ptg001272l_1	732834	4612339	6.29	0	64
ptg001272l_1_region	732834	4612339	6.29	0	64
ptg001273l_1	466055	2779552	5.96	0	18
ptg001273l_1_region	466055	2779552	5.96	0	18
ptg001274l_1	154390	493606	3.20	0	15
ptg001274l_1_region	154390	493606	3.20	0	15
ptg001275l_1	170879	728674	4.26	0	23
ptg001275l_1_region	170879	728674	4.26	0	23
ptg001277l_1	1217146	8677260	7.13	0	22
ptg001277l_1_region	1217146	8677260	7.13	0	22
ptg001278l_1	99350	193205	1.94	0	6
ptg001278l_1_region	99350	193205	1.94	0	6
ptg001280l_1	1379769	11068024	8.02	0	27
ptg001280l_1_region	1379769	11068024	8.02	0	27
ptg001281l_1	675468	3331001	4.93	0	19
ptg001281l_1_region	675468	3331001	4.93	0	19
ptg001282l_1	192470	1298425	6.75	0	25
ptg001282l_1_region	192470	1298425	6.75	0	25
ptg001283l_1	641044	4643028	7.24	0	36
ptg001283l_1_region	641044	4643028	7.24	0	36
ptg001284l_1	434012	2044779	4.71	0	22
ptg001284l_1_region	434012	2044779	4.71	0	22
ptg001285l_1	1004254	6806619	6.78	0	44
ptg001285l_1_region	1004254	6806619	6.78	0	44
ptg001286l_1	2907770	21318708	7.33	0	23
ptg001286l_1_region	2907770	21318708	7.33	0	23
ptg001287l_1	342323	3902290	11.40	0	542
ptg001287l_1_region	342323	3902290	11.40	0	542
ptg001288l_1	651774	4565807	7.01	0	20
ptg001288l_1_region	651774	4565807	7.01	0	20
ptg001289l_1	512027	2677669	5.23	0	21
ptg001289l_1_region	512027	2677669	5.23	0	21
ptg001291l_1	527840	3134248	5.94	0	15
ptg001291l_1_region	527840	3134248	5.94	0	15
ptg001292l_1	588053	4408161	7.50	0	19
ptg001292l_1_region	588053	4408161	7.50	0	19
ptg001293l_1	3392318	24744935	7.29	0	44
ptg001293l_1_region	3392318	24744935	7.29	0	44
ptg001298l_1	664390	5350383	8.05	0	22
ptg001298l_1_region	664390	5350383	8.05	0	22
ptg001302l_1	1445834	11399144	7.88	0	21
ptg001302l_1_region	1445834	11399144	7.88	0	21
ptg001303l_1	244608	1529952	6.25	0	14
ptg001303l_1_region	244608	1529952	6.25	0	14
ptg001305l_1	630819	3868086	6.13	0	20
ptg001305l_1_region	630819	3868086	6.13	0	20
ptg001307l_1	214884	1887670	8.78	0	50
ptg001307l_1_region	214884	1887670	8.78	0	50
ptg001308l_1	1115363	7958873	7.14	0	24
ptg001308l_1_region	1115363	7958873	7.14	0	24
ptg001310l_1	759176	4051394	5.34	0	30
ptg001310l_1_region	759176	4051394	5.34	0	30
ptg001311l_1	480735	2434799	5.06	0	19
ptg001311l_1_region	480735	2434799	5.06	0	19
ptg001312l_1	1018874	6251697	6.14	0	18
ptg001312l_1_region	1018874	6251697	6.14	0	18
ptg001313l_1	582328	2694321	4.63	0	16
ptg001313l_1_region	582328	2694321	4.63	0	16
ptg001315l_1	957669	6126317	6.40	0	27
ptg001315l_1_region	957669	6126317	6.40	0	27
ptg001317l_1	416269	2406915	5.78	0	25
ptg001317l_1_region	416269	2406915	5.78	0	25
ptg001320l_1	376221	2413566	6.42	0	16
ptg001320l_1_region	376221	2413566	6.42	0	16
ptg001321l_1	922695	6542771	7.09	0	21
ptg001321l_1_region	922695	6542771	7.09	0	21
ptg001323l_1	558603	3833907	6.86	0	49
ptg001323l_1_region	558603	3833907	6.86	0	49
ptg001324l_1	804769	7904833	9.82	0	52
ptg001324l_1_region	804769	7904833	9.82	0	52
ptg001325l_1	586416	4091110	6.98	0	19
ptg001325l_1_region	586416	4091110	6.98	0	19
ptg001327l_1	798392	3208684	4.02	0	23
ptg001327l_1_region	798392	3208684	4.02	0	23
ptg001331l_1	1347739	15114373	11.21	0	57
ptg001331l_1_region	1347739	15114373	11.21	0	57
ptg001334l_1	237104	1542130	6.50	0	18
ptg001334l_1_region	237104	1542130	6.50	0	18
ptg001336l_1	486749	3339582	6.86	0	17
ptg001336l_1_region	486749	3339582	6.86	0	17
ptg001337l_1	1247903	7677150	6.15	0	20
ptg001337l_1_region	1247903	7677150	6.15	0	20
ptg001338l_1	1507868	9533220	6.32	0	23
ptg001338l_1_region	1507868	9533220	6.32	0	23
ptg001339l_1	297381	1533914	5.16	0	22
ptg001339l_1_region	297381	1533914	5.16	0	22
ptg001340l_1	1160903	7331937	6.32	0	23
ptg001340l_1_region	1160903	7331937	6.32	0	23
ptg001341l_1	162590	1017315	6.26	0	20
ptg001341l_1_region	162590	1017315	6.26	0	20
ptg001342l_1	478032	2466878	5.16	0	14
ptg001342l_1_region	478032	2466878	5.16	0	14
ptg001343l_1	1956331	13223660	6.76	0	25
ptg001343l_1_region	1956331	13223660	6.76	0	25
ptg001345l_1	481458	3855739	8.01	0	38
ptg001345l_1_region	481458	3855739	8.01	0	38
ptg001346l_1	341711	2198685	6.43	0	23
ptg001346l_1_region	341711	2198685	6.43	0	23
ptg001347l_1	1222919	8560555	7.00	0	31
ptg001347l_1_region	1222919	8560555	7.00	0	31
ptg001350l_1	999220	6534477	6.54	0	49
ptg001350l_1_region	999220	6534477	6.54	0	49
ptg001352l_1	2789431	7921572	2.84	0	70
ptg001352l_1_region	2789431	7921572	2.84	0	70
ptg001353l_1	1043613	8830700	8.46	0	134
ptg001353l_1_region	1043613	8830700	8.46	0	134
ptg001354l_1	544650	4094621	7.52	0	27
ptg001354l_1_region	544650	4094621	7.52	0	27
ptg001355l_1	1517483	10102759	6.66	0	56
ptg001355l_1_region	1517483	10102759	6.66	0	56
ptg001356l_1	1623828	9768190	6.02	0	19
ptg001356l_1_region	1623828	9768190	6.02	0	19
ptg001358l_1	434518	1970398	4.53	0	21
ptg001358l_1_region	434518	1970398	4.53	0	21
ptg001359l_1	1748538	12936847	7.40	0	33
ptg001359l_1_region	1748538	12936847	7.40	0	33
ptg001360l_1	151121	1215014	8.04	0	163
ptg001360l_1_region	151121	1215014	8.04	0	163
ptg001362l_1	493970	2401006	4.86	0	19
ptg001362l_1_region	493970	2401006	4.86	0	19
ptg001363l_1	531448	2068061	3.89	0	17
ptg001363l_1_region	531448	2068061	3.89	0	17
ptg001364l_1	2038070	13343279	6.55	0	24
ptg001364l_1_region	2038070	13343279	6.55	0	24
ptg001365l_1	505968	3042516	6.01	0	28
ptg001365l_1_region	505968	3042516	6.01	0	28
ptg001368l_1	1237472	8669583	7.01	0	20
ptg001368l_1_region	1237472	8669583	7.01	0	20
ptg001369l_1	560903	3288599	5.86	0	27
ptg001369l_1_region	560903	3288599	5.86	0	27
ptg001370l_1	319184	3513948	11.01	0	35
ptg001370l_1_region	319184	3513948	11.01	0	35
ptg001371l_1	408185	1544955	3.78	0	16
ptg001371l_1_region	408185	1544955	3.78	0	16
ptg001372l_1	1124662	6161406	5.48	0	19
ptg001372l_1_region	1124662	6161406	5.48	0	19
ptg001374l_1	1646679	11140894	6.77	0	38
ptg001374l_1_region	1646679	11140894	6.77	0	38
ptg001377l_1	568133	3380637	5.95	0	20
ptg001377l_1_region	568133	3380637	5.95	0	20
ptg001379l_1	46612	124971	2.68	0	6
ptg001379l_1_region	46612	124971	2.68	0	6
ptg001380l_1	1529331	10057479	6.58	0	22
ptg001380l_1_region	1529331	10057479	6.58	0	22
ptg001381l_1	638857	4042182	6.33	0	23
ptg001381l_1_region	638857	4042182	6.33	0	23
ptg001383l_1	1125404	8317527	7.39	0	32
ptg001383l_1_region	1125404	8317527	7.39	0	32
ptg001384l_1	754421	4736302	6.28	0	17
ptg001384l_1_region	754421	4736302	6.28	0	17
ptg001385l_1	322322	3101253	9.62	0	38
ptg001385l_1_region	322322	3101253	9.62	0	38
ptg001387l_1	53084	178917	3.37	0	10
ptg001387l_1_region	53084	178917	3.37	0	10
ptg001388l_1	2224047	15790375	7.10	0	24
ptg001388l_1_region	2224047	15790375	7.10	0	24
ptg001390l_1	1342748	9775163	7.28	0	23
ptg001390l_1_region	1342748	9775163	7.28	0	23
ptg001391l_1	260580	888058	3.41	0	11
ptg001391l_1_region	260580	888058	3.41	0	11
ptg001392l_1	352525	1943722	5.51	0	14
ptg001392l_1_region	352525	1943722	5.51	0	14
ptg001393l_1	1783319	11454399	6.42	0	19
ptg001393l_1_region	1783319	11454399	6.42	0	19
ptg001395l_1	636776	3181643	5.00	0	18
ptg001395l_1_region	636776	3181643	5.00	0	18
ptg001398l_1	606457	4279773	7.06	0	21
ptg001398l_1_region	606457	4279773	7.06	0	21
ptg001402l_1	182714	868424	4.75	0	24
ptg001402l_1_region	182714	868424	4.75	0	24
ptg001403l_1	221544	1488077	6.72	0	16
ptg001403l_1_region	221544	1488077	6.72	0	16
ptg001404c_1	106053	503103	4.74	0	12
ptg001404c_1_region	106053	503103	4.74	0	12
ptg001406l_1	68041	354083	5.20	0	13
ptg001406l_1_region	68041	354083	5.20	0	13
ptg001407l_1	1095834	6996978	6.39	0	20
ptg001407l_1_region	1095834	6996978	6.39	0	20
ptg001408l_1	965460	6863574	7.11	0	19
ptg001408l_1_region	965460	6863574	7.11	0	19
ptg001409l_1	1039416	9024178	8.68	0	83
ptg001409l_1_region	1039416	9024178	8.68	0	83
ptg001411l_1	489626	2638306	5.39	0	49
ptg001411l_1_region	489626	2638306	5.39	0	49
ptg001412l_1	2029285	16090201	7.93	0	39
ptg001412l_1_region	2029285	16090201	7.93	0	39
ptg001414l_1	449830	2659701	5.91	0	42
ptg001414l_1_region	449830	2659701	5.91	0	42
ptg001415l_1	798724	5088187	6.37	0	22
ptg001415l_1_region	798724	5088187	6.37	0	22
ptg001416l_1	290293	1435254	4.94	0	19
ptg001416l_1_region	290293	1435254	4.94	0	19
ptg001417l_1	141728	527136	3.72	0	13
ptg001417l_1_region	141728	527136	3.72	0	13
ptg001418l_1	176600	1021654	5.79	0	21
ptg001418l_1_region	176600	1021654	5.79	0	21
ptg001419l_1	692017	4558652	6.59	0	20
ptg001419l_1_region	692017	4558652	6.59	0	20
ptg001420l_1	413126	2323580	5.62	0	26
ptg001420l_1_region	413126	2323580	5.62	0	26
ptg001422l_1	914960	6231262	6.81	0	20
ptg001422l_1_region	914960	6231262	6.81	0	20
ptg001424l_1	512758	4691289	9.15	0	61
ptg001424l_1_region	512758	4691289	9.15	0	61
ptg001425l_1	1724726	11335491	6.57	0	29
ptg001425l_1_region	1724726	11335491	6.57	0	29
ptg001426l_1	436185	4841505	11.10	0	77
ptg001426l_1_region	436185	4841505	11.10	0	77
ptg001427l_1	1496250	10286528	6.87	0	22
ptg001427l_1_region	1496250	10286528	6.87	0	22
ptg001429l_1	4598107	33861437	7.36	0	35
ptg001429l_1_region	4598107	33861437	7.36	0	35
ptg001430l_1	327501	2184939	6.67	0	67
ptg001430l_1_region	327501	2184939	6.67	0	67
ptg001433l_1	1646667	10857039	6.59	0	21
ptg001433l_1_region	1646667	10857039	6.59	0	21
ptg001434l_1	856961	5617503	6.56	0	21
ptg001434l_1_region	856961	5617503	6.56	0	21
ptg001435l_1	234760	1603836	6.83	0	39
ptg001435l_1_region	234760	1603836	6.83	0	39
ptg001436l_1	367781	2247037	6.11	0	71
ptg001436l_1_region	367781	2247037	6.11	0	71
ptg001437l_1	748502	5377869	7.18	0	45
ptg001437l_1_region	748502	5377869	7.18	0	45
ptg001438l_1	1622442	7301188	4.50	0	48
ptg001438l_1_region	1622442	7301188	4.50	0	48
ptg001439l_1	1197937	7840541	6.55	0	20
ptg001439l_1_region	1197937	7840541	6.55	0	20
ptg001440l_1	1940176	13399432	6.91	0	24
ptg001440l_1_region	1940176	13399432	6.91	0	24
ptg001441l_1	60762	465707	7.66	0	39
ptg001441l_1_region	60762	465707	7.66	0	39
ptg001442l_1	1026435	6582191	6.41	0	208
ptg001442l_1_region	1026435	6582191	6.41	0	208
ptg001444l_1	442356	2212606	5.00	0	17
ptg001444l_1_region	442356	2212606	5.00	0	17
ptg001447l_1	2320605	18731445	8.07	0	309
ptg001447l_1_region	2320605	18731445	8.07	0	309
ptg001448l_1	985573	7581429	7.69	0	53
ptg001448l_1_region	985573	7581429	7.69	0	53
ptg001450l_1	701996	4652366	6.63	0	23
ptg001450l_1_region	701996	4652366	6.63	0	23
ptg001451l_1	648436	6587348	10.16	0	765
ptg001451l_1_region	648436	6587348	10.16	0	765
ptg001453l_1	1160721	7464277	6.43	0	24
ptg001453l_1_region	1160721	7464277	6.43	0	24
ptg001454l_1	368543	1836942	4.98	0	15
ptg001454l_1_region	368543	1836942	4.98	0	15
ptg001457l_1	107966	529564	4.90	0	13
ptg001457l_1_region	107966	529564	4.90	0	13
ptg001458l_1	60423	180060	2.98	0	12
ptg001458l_1_region	60423	180060	2.98	0	12
ptg001459l_1	3214661	22760025	7.08	0	34
ptg001459l_1_region	3214661	22760025	7.08	0	34
ptg001460l_1	1362680	7844981	5.76	0	28
ptg001460l_1_region	1362680	7844981	5.76	0	28
ptg001462l_1	558923	3559027	6.37	0	17
ptg001462l_1_region	558923	3559027	6.37	0	17
ptg001464l_1	882858	7005540	7.94	0	41
ptg001464l_1_region	882858	7005540	7.94	0	41
ptg001465l_1	22738	116564	5.13	0	9
ptg001465l_1_region	22738	116564	5.13	0	9
ptg001467l_1	796456	5837172	7.33	0	26
ptg001467l_1_region	796456	5837172	7.33	0	26
ptg001469l_1	527362	3664629	6.95	0	18
ptg001469l_1_region	527362	3664629	6.95	0	18
ptg001470l_1	759154	4891309	6.44	0	19
ptg001470l_1_region	759154	4891309	6.44	0	19
ptg001471l_1	643284	3112078	4.84	0	22
ptg001471l_1_region	643284	3112078	4.84	0	22
ptg001473l_1	135228	733617	5.43	0	15
ptg001473l_1_region	135228	733617	5.43	0	15
ptg001474l_1	213561	1148460	5.38	0	15
ptg001474l_1_region	213561	1148460	5.38	0	15
ptg001475l_1	236383	758525	3.21	0	16
ptg001475l_1_region	236383	758525	3.21	0	16
ptg001476l_1	966089	7251529	7.51	0	28
ptg001476l_1_region	966089	7251529	7.51	0	28
ptg001478l_1	858523	3277232	3.82	0	20
ptg001478l_1_region	858523	3277232	3.82	0	20
ptg001479l_1	116899	715541	6.12	0	20
ptg001479l_1_region	116899	715541	6.12	0	20
ptg001482l_1	1622160	13156570	8.11	0	93
ptg001482l_1_region	1622160	13156570	8.11	0	93
ptg001483l_1	30469	122689	4.03	0	9
ptg001483l_1_region	30469	122689	4.03	0	9
ptg001486l_1	752891	5895354	7.83	0	21
ptg001486l_1_region	752891	5895354	7.83	0	21
ptg001487l_1	211531	769248	3.64	0	14
ptg001487l_1_region	211531	769248	3.64	0	14
ptg001488l_1	2710740	13391514	4.94	0	27
ptg001488l_1_region	2710740	13391514	4.94	0	27
ptg001489l_1	416204	3170228	7.62	0	19
ptg001489l_1_region	416204	3170228	7.62	0	19
ptg001491l_1	1574858	11307203	7.18	0	40
ptg001491l_1_region	1574858	11307203	7.18	0	40
ptg001492l_1	102984	399025	3.87	0	13
ptg001492l_1_region	102984	399025	3.87	0	13
ptg001493l_1	409818	2584356	6.31	0	15
ptg001493l_1_region	409818	2584356	6.31	0	15
ptg001496l_1	653564	4466498	6.83	0	29
ptg001496l_1_region	653564	4466498	6.83	0	29
ptg001499l_1	751139	5071964	6.75	0	18
ptg001499l_1_region	751139	5071964	6.75	0	18
ptg001502l_1	693715	6706108	9.67	0	78
ptg001502l_1_region	693715	6706108	9.67	0	78
ptg001507l_1	371869	2354114	6.33	0	15
ptg001507l_1_region	371869	2354114	6.33	0	15
ptg001508l_1	279879	1439609	5.14	0	14
ptg001508l_1_region	279879	1439609	5.14	0	14
ptg001511l_1	539014	3828199	7.10	0	17
ptg001511l_1_region	539014	3828199	7.10	0	17
ptg001512l_1	67184	298093	4.44	0	13
ptg001512l_1_region	67184	298093	4.44	0	13
ptg001513l_1	414355	2416546	5.83	0	16
ptg001513l_1_region	414355	2416546	5.83	0	16
ptg001514l_1	219276	2091340	9.54	0	32
ptg001514l_1_region	219276	2091340	9.54	0	32
ptg001515l_1	548911	4535908	8.26	0	44
ptg001515l_1_region	548911	4535908	8.26	0	44
ptg001516l_1	644937	3299465	5.12	0	18
ptg001516l_1_region	644937	3299465	5.12	0	18
ptg001517l_1	558251	5246428	9.40	0	172
ptg001517l_1_region	558251	5246428	9.40	0	172
ptg001519l_1	47479	157382	3.31	0	13
ptg001519l_1_region	47479	157382	3.31	0	13
ptg001520l_1	369240	2095177	5.67	0	18
ptg001520l_1_region	369240	2095177	5.67	0	18
ptg001522l_1	1841874	12806957	6.95	0	21
ptg001522l_1_region	1841874	12806957	6.95	0	21
ptg001524l_1	111691	812155	7.27	0	13
ptg001524l_1_region	111691	812155	7.27	0	13
ptg001527l_1	346799	1894618	5.46	0	16
ptg001527l_1_region	346799	1894618	5.46	0	16
ptg001528l_1	1228660	7756706	6.31	0	20
ptg001528l_1_region	1228660	7756706	6.31	0	20
ptg001529l_1	267300	1570066	5.87	0	26
ptg001529l_1_region	267300	1570066	5.87	0	26
ptg001532l_1	95797	331122	3.46	0	13
ptg001532l_1_region	95797	331122	3.46	0	13
ptg001533l_1	518122	3075600	5.94	0	21
ptg001533l_1_region	518122	3075600	5.94	0	21
ptg001534l_1	892235	7229320	8.10	0	18
ptg001534l_1_region	892235	7229320	8.10	0	18
ptg001536l_1	1189745	8690491	7.30	0	20
ptg001536l_1_region	1189745	8690491	7.30	0	20
ptg001537l_1	387847	1751686	4.52	0	16
ptg001537l_1_region	387847	1751686	4.52	0	16
ptg001540l_1	125576	858885	6.84	0	14
ptg001540l_1_region	125576	858885	6.84	0	14
ptg001542l_1	832962	10351451	12.43	0	120
ptg001542l_1_region	832962	10351451	12.43	0	120
ptg001543l_1	440197	3068377	6.97	0	15
ptg001543l_1_region	440197	3068377	6.97	0	15
ptg001544l_1	256056	1358298	5.30	0	21
ptg001544l_1_region	256056	1358298	5.30	0	21
ptg001547l_1	777420	5201009	6.69	0	36
ptg001547l_1_region	777420	5201009	6.69	0	36
ptg001549l_1	1354344	36789185	27.16	0	472
ptg001549l_1_region	1354344	36789185	27.16	0	472
ptg001554l_1	270566	1454865	5.38	0	16
ptg001554l_1_region	270566	1454865	5.38	0	16
ptg001555l_1	510384	2253455	4.42	0	14
ptg001555l_1_region	510384	2253455	4.42	0	14
ptg001556l_1	1098283	7250072	6.60	0	24
ptg001556l_1_region	1098283	7250072	6.60	0	24
ptg001560l_1	2749342	24503358	8.91	0	271
ptg001560l_1_region	2749342	24503358	8.91	0	271
ptg001561l_1	1779374	10265113	5.77	0	20
ptg001561l_1_region	1779374	10265113	5.77	0	20
ptg001562l_1	396540	1783230	4.50	0	16
ptg001562l_1_region	396540	1783230	4.50	0	16
ptg001563l_1	531613	3066267	5.77	0	20
ptg001563l_1_region	531613	3066267	5.77	0	20
ptg001564l_1	192787	6264731	32.50	0	203
ptg001564l_1_region	192787	6264731	32.50	0	203
ptg001565l_1	999794	7844522	7.85	0	67
ptg001565l_1_region	999794	7844522	7.85	0	67
ptg001566l_1	762508	5304274	6.96	0	21
ptg001566l_1_region	762508	5304274	6.96	0	21
ptg001567l_1	1400132	10115189	7.22	0	21
ptg001567l_1_region	1400132	10115189	7.22	0	21
ptg001568l_1	239422	942673	3.94	0	16
ptg001568l_1_region	239422	942673	3.94	0	16
ptg001569l_1	643925	4075876	6.33	0	23
ptg001569l_1_region	643925	4075876	6.33	0	23
ptg001570l_1	1309741	9331275	7.12	0	22
ptg001570l_1_region	1309741	9331275	7.12	0	22
ptg001571l_1	1597354	11313735	7.08	0	21
ptg001571l_1_region	1597354	11313735	7.08	0	21
ptg001576l_1	31236	111776	3.58	0	18
ptg001576l_1_region	31236	111776	3.58	0	18
ptg001578l_1	1596721	11773350	7.37	0	25
ptg001578l_1_region	1596721	11773350	7.37	0	25
ptg001580l_1	1776888	38073974	21.43	0	433
ptg001580l_1_region	1776888	38073974	21.43	0	433
ptg001581l_1	479866	2824898	5.89	0	21
ptg001581l_1_region	479866	2824898	5.89	0	21
ptg001584l_1	523338	2579739	4.93	0	16
ptg001584l_1_region	523338	2579739	4.93	0	16
ptg001587l_1	692762	4509512	6.51	0	21
ptg001587l_1_region	692762	4509512	6.51	0	21
ptg001588l_1	317422	1677783	5.29	0	19
ptg001588l_1_region	317422	1677783	5.29	0	19
ptg001589l_1	263216	1583445	6.02	0	14
ptg001589l_1_region	263216	1583445	6.02	0	14
ptg001590l_1	1217536	7949949	6.53	0	26
ptg001590l_1_region	1217536	7949949	6.53	0	26
ptg001591l_1	467565	1626771	3.48	0	53
ptg001591l_1_region	467565	1626771	3.48	0	53
ptg001592l_1	577436	3615195	6.26	0	16
ptg001592l_1_region	577436	3615195	6.26	0	16
ptg001593l_1	971216	1425963	1.47	0	25
ptg001593l_1_region	971216	1425963	1.47	0	25
ptg001595l_1	522174	2918327	5.59	0	17
ptg001595l_1_region	522174	2918327	5.59	0	17
ptg001596l_1	3152441	22398507	7.11	0	22
ptg001596l_1_region	3152441	22398507	7.11	0	22
ptg001600l_1	403000	2145539	5.32	0	20
ptg001600l_1_region	403000	2145539	5.32	0	20
ptg001601l_1	380890	3557220	9.34	0	28
ptg001601l_1_region	380890	3557220	9.34	0	28
ptg001603l_1	117141	617878	5.27	0	13
ptg001603l_1_region	117141	617878	5.27	0	13
ptg001604l_1	791545	6201963	7.84	0	57
ptg001604l_1_region	791545	6201963	7.84	0	57
ptg001605l_1	850712	5309782	6.24	0	18
ptg001605l_1_region	850712	5309782	6.24	0	18
ptg001606l_1	1030763	6472435	6.28	0	34
ptg001606l_1_region	1030763	6472435	6.28	0	34
ptg001607l_1	43985	377476	8.58	0	20
ptg001607l_1_region	43985	377476	8.58	0	20
ptg001609l_1	48905	402311	8.23	0	22
ptg001609l_1_region	48905	402311	8.23	0	22
ptg001610l_1	1380176	9518099	6.90	0	34
ptg001610l_1_region	1380176	9518099	6.90	0	34
ptg001612l_1	623878	2806562	4.50	0	80
ptg001612l_1_region	623878	2806562	4.50	0	80
ptg001613l_1	595097	4798102	8.06	0	24
ptg001613l_1_region	595097	4798102	8.06	0	24
ptg001614l_1	973094	6138324	6.31	0	21
ptg001614l_1_region	973094	6138324	6.31	0	21
ptg001615l_1	929119	6877746	7.40	0	26
ptg001615l_1_region	929119	6877746	7.40	0	26
ptg001617l_1	1004410	6856347	6.83	0	40
ptg001617l_1_region	1004410	6856347	6.83	0	40
ptg001619l_1	442734	2006786	4.53	0	16
ptg001619l_1_region	442734	2006786	4.53	0	16
ptg001621l_1	224281	1006673	4.49	0	14
ptg001621l_1_region	224281	1006673	4.49	0	14
ptg001622l_1	63926	398224	6.23	0	15
ptg001622l_1_region	63926	398224	6.23	0	15
ptg001623l_1	378362	2805073	7.41	0	17
ptg001623l_1_region	378362	2805073	7.41	0	17
ptg001624l_1	1833058	12933672	7.06	0	30
ptg001624l_1_region	1833058	12933672	7.06	0	30
ptg001626l_1	632111	3581579	5.67	0	17
ptg001626l_1_region	632111	3581579	5.67	0	17
ptg001627l_1	701373	4643654	6.62	0	28
ptg001627l_1_region	701373	4643654	6.62	0	28
ptg001629l_1	388870	3108636	7.99	0	35
ptg001629l_1_region	388870	3108636	7.99	0	35
ptg001632l_1	197221	1394344	7.07	0	24
ptg001632l_1_region	197221	1394344	7.07	0	24
ptg001633l_1	161334	1234636	7.65	0	22
ptg001633l_1_region	161334	1234636	7.65	0	22
ptg001634l_1	289136	1377974	4.77	0	16
ptg001634l_1_region	289136	1377974	4.77	0	16
ptg001635l_1	1088898	6896221	6.33	0	52
ptg001635l_1_region	1088898	6896221	6.33	0	52
ptg001636l_1	2526851	17537576	6.94	0	24
ptg001636l_1_region	2526851	17537576	6.94	0	24
ptg001639l_1	317685	1438621	4.53	0	17
ptg001639l_1_region	317685	1438621	4.53	0	17
ptg001641l_1	705564	3953332	5.60	0	19
ptg001641l_1_region	705564	3953332	5.60	0	19
ptg001642l_1	217557	962907	4.43	0	13
ptg001642l_1_region	217557	962907	4.43	0	13
ptg001643l_1	1350970	8540179	6.32	0	25
ptg001643l_1_region	1350970	8540179	6.32	0	25
ptg001644l_1	589838	4142656	7.02	0	23
ptg001644l_1_region	589838	4142656	7.02	0	23
ptg001645l_1	1352771	8981072	6.64	0	82
ptg001645l_1_region	1352771	8981072	6.64	0	82
ptg001648l_1	148472	1046845	7.05	0	23
ptg001648l_1_region	148472	1046845	7.05	0	23
ptg001650l_1	1166265	7708319	6.61	0	18
ptg001650l_1_region	1166265	7708319	6.61	0	18
ptg001651l_1	446525	3151211	7.06	0	17
ptg001651l_1_region	446525	3151211	7.06	0	17
ptg001655l_1	958195	8620025	9.00	0	80
ptg001655l_1_region	958195	8620025	9.00	0	80
ptg001656l_1	796257	5197017	6.53	0	63
ptg001656l_1_region	796257	5197017	6.53	0	63
ptg001657l_1	325719	2559772	7.86	0	45
ptg001657l_1_region	325719	2559772	7.86	0	45
ptg001659l_1	352590	2409188	6.83	0	16
ptg001659l_1_region	352590	2409188	6.83	0	16
ptg001660l_1	29712	86933	2.93	0	8
ptg001660l_1_region	29712	86933	2.93	0	8
ptg001662l_1	154027	1139281	7.40	0	79
ptg001662l_1_region	154027	1139281	7.40	0	79
ptg001665l_1	1483974	16982731	11.44	0	364
ptg001665l_1_region	1483974	16982731	11.44	0	364
ptg001666l_1	728199	4561892	6.26	0	24
ptg001666l_1_region	728199	4561892	6.26	0	24
ptg001667l_1	858070	6441112	7.51	0	24
ptg001667l_1_region	858070	6441112	7.51	0	24
ptg001668l_1	1366693	10945460	8.01	0	26
ptg001668l_1_region	1366693	10945460	8.01	0	26
ptg001669l_1	719191	5100649	7.09	0	34
ptg001669l_1_region	719191	5100649	7.09	0	34
ptg001670l_1	886342	6647152	7.50	0	130
ptg001670l_1_region	886342	6647152	7.50	0	130
ptg001671l_1	254626	2175508	8.54	0	52
ptg001671l_1_region	254626	2175508	8.54	0	52
ptg001672l_1	730912	4810637	6.58	0	30
ptg001672l_1_region	730912	4810637	6.58	0	30
ptg001673l_1	1246373	5005682	4.02	0	20
ptg001673l_1_region	1246373	5005682	4.02	0	20
ptg001674l_1	848444	2014672	2.37	0	21
ptg001674l_1_region	848444	2014672	2.37	0	21
ptg001675l_1	583147	2783523	4.77	0	15
ptg001675l_1_region	583147	2783523	4.77	0	15
ptg001676l_1	445796	2255452	5.06	0	52
ptg001676l_1_region	445796	2255452	5.06	0	52
ptg001677l_1	830705	5566727	6.70	0	29
ptg001677l_1_region	830705	5566727	6.70	0	29
ptg001678l_1	346827	2123065	6.12	0	25
ptg001678l_1_region	346827	2123065	6.12	0	25
ptg001679l_1	1311549	9342837	7.12	0	47
ptg001679l_1_region	1311549	9342837	7.12	0	47
ptg001680l_1	909604	4412059	4.85	0	67
ptg001680l_1_region	909604	4412059	4.85	0	67
ptg001683l_1	905971	7285907	8.04	0	19
ptg001683l_1_region	905971	7285907	8.04	0	19
ptg001684l_1	351008	1638469	4.67	0	18
ptg001684l_1_region	351008	1638469	4.67	0	18
ptg001685l_1	1432383	9685838	6.76	0	27
ptg001685l_1_region	1432383	9685838	6.76	0	27
ptg001687l_1	529465	4294689	8.11	0	21
ptg001687l_1_region	529465	4294689	8.11	0	21
ptg001688l_1	451249	3576588	7.93	0	25
ptg001688l_1_region	451249	3576588	7.93	0	25
ptg001690l_1	1111945	6999707	6.30	0	21
ptg001690l_1_region	1111945	6999707	6.30	0	21
ptg001691l_1	657881	3633033	5.52	0	21
ptg001691l_1_region	657881	3633033	5.52	0	21
ptg001693l_1	704577	4563137	6.48	0	25
ptg001693l_1_region	704577	4563137	6.48	0	25
ptg001694l_1	255814	1017090	3.98	0	15
ptg001694l_1_region	255814	1017090	3.98	0	15
ptg001696l_1	663404	3155920	4.76	0	14
ptg001696l_1_region	663404	3155920	4.76	0	14
ptg001697l_1	193272	1154578	5.97	0	24
ptg001697l_1_region	193272	1154578	5.97	0	24
ptg001699l_1	364280	2841218	7.80	0	23
ptg001699l_1_region	364280	2841218	7.80	0	23
ptg001700l_1	326768	1667521	5.10	0	23
ptg001700l_1_region	326768	1667521	5.10	0	23
ptg001701l_1	635211	3024799	4.76	0	22
ptg001701l_1_region	635211	3024799	4.76	0	22
ptg001702l_1	123244	580382	4.71	0	13
ptg001702l_1_region	123244	580382	4.71	0	13
ptg001705l_1	1056978	7004957	6.63	0	22
ptg001705l_1_region	1056978	7004957	6.63	0	22
ptg001707l_1	284547	1909581	6.71	0	19
ptg001707l_1_region	284547	1909581	6.71	0	19
ptg001708l_1	224862	1388853	6.18	0	15
ptg001708l_1_region	224862	1388853	6.18	0	15
ptg001709l_1	597434	4473814	7.49	0	31
ptg001709l_1_region	597434	4473814	7.49	0	31
ptg001710l_1	567049	3309915	5.84	0	19
ptg001710l_1_region	567049	3309915	5.84	0	19
ptg001711l_1	595446	4233751	7.11	0	24
ptg001711l_1_region	595446	4233751	7.11	0	24
ptg001712l_1	598157	3505026	5.86	0	17
ptg001712l_1_region	598157	3505026	5.86	0	17
ptg001713l_1	362251	2235913	6.17	0	18
ptg001713l_1_region	362251	2235913	6.17	0	18
ptg001714l_1	25599	106260	4.15	0	23
ptg001714l_1_region	25599	106260	4.15	0	23
ptg001715l_1	1342135	8891004	6.62	0	20
ptg001715l_1_region	1342135	8891004	6.62	0	20
ptg001718l_1	146689	746562	5.09	0	13
ptg001718l_1_region	146689	746562	5.09	0	13
ptg001721l_1	417516	1862422	4.46	0	48
ptg001721l_1_region	417516	1862422	4.46	0	48
ptg001722l_1	428346	2222720	5.19	0	24
ptg001722l_1_region	428346	2222720	5.19	0	24
ptg001723l_1	832682	5890600	7.07	0	23
ptg001723l_1_region	832682	5890600	7.07	0	23
ptg001725l_1	459037	1456099	3.17	0	19
ptg001725l_1_region	459037	1456099	3.17	0	19
ptg001726l_1	1889285	9706580	5.14	0	108
ptg001726l_1_region	1889285	9706580	5.14	0	108
ptg001728l_1	858913	5077341	5.91	0	28
ptg001728l_1_region	858913	5077341	5.91	0	28
ptg001729l_1	798556	6031335	7.55	0	20
ptg001729l_1_region	798556	6031335	7.55	0	20
ptg001730l_1	206129	1072742	5.20	0	17
ptg001730l_1_region	206129	1072742	5.20	0	17
ptg001731l_1	453823	2166998	4.77	0	24
ptg001731l_1_region	453823	2166998	4.77	0	24
ptg001734l_1	20749	1033027	49.79	0	112
ptg001734l_1_region	20749	1033027	49.79	0	112
ptg001737l_1	169303	1222440	7.22	0	22
ptg001737l_1_region	169303	1222440	7.22	0	22
ptg001738l_1	439401	2499225	5.69	0	34
ptg001738l_1_region	439401	2499225	5.69	0	34
ptg001739l_1	252794	1227048	4.85	0	36
ptg001739l_1_region	252794	1227048	4.85	0	36
ptg001740l_1	1103502	7438751	6.74	0	20
ptg001740l_1_region	1103502	7438751	6.74	0	20
ptg001741l_1	383466	1877391	4.90	0	16
ptg001741l_1_region	383466	1877391	4.90	0	16
ptg001742l_1	1062257	5177608	4.87	0	20
ptg001742l_1_region	1062257	5177608	4.87	0	20
ptg001743l_1	193865	573632	2.96	0	14
ptg001743l_1_region	193865	573632	2.96	0	14
ptg001744l_1	224054	590248	2.63	0	14
ptg001744l_1_region	224054	590248	2.63	0	14
ptg001746l_1	418338	2363775	5.65	0	19
ptg001746l_1_region	418338	2363775	5.65	0	19
ptg001750l_1	397015	1967956	4.96	0	17
ptg001750l_1_region	397015	1967956	4.96	0	17
ptg001752l_1	1215286	8876981	7.30	0	26
ptg001752l_1_region	1215286	8876981	7.30	0	26
ptg001753l_1	505461	2683258	5.31	0	40
ptg001753l_1_region	505461	2683258	5.31	0	40
ptg001761l_1	385797	2671138	6.92	0	20
ptg001761l_1_region	385797	2671138	6.92	0	20
ptg001762l_1	1986964	12897296	6.49	0	26
ptg001762l_1_region	1986964	12897296	6.49	0	26
ptg001763l_1	1760033	12352745	7.02	0	41
ptg001763l_1_region	1760033	12352745	7.02	0	41
ptg001768l_1	434221	2435949	5.61	0	82
ptg001768l_1_region	434221	2435949	5.61	0	82
ptg001771l_1	256923	1388671	5.41	0	15
ptg001771l_1_region	256923	1388671	5.41	0	15
ptg001772l_1	1748488	11523425	6.59	0	62
ptg001772l_1_region	1748488	11523425	6.59	0	62
ptg001774l_1	150164	1043382	6.95	0	23
ptg001774l_1_region	150164	1043382	6.95	0	23
ptg001775l_1	1440977	9334943	6.48	0	26
ptg001775l_1_region	1440977	9334943	6.48	0	26
ptg001776l_1	2064880	12869095	6.23	0	31
ptg001776l_1_region	2064880	12869095	6.23	0	31
ptg001777l_1	1294987	9805288	7.57	0	25
ptg001777l_1_region	1294987	9805288	7.57	0	25
ptg001778l_1	448070	2042510	4.56	0	18
ptg001778l_1_region	448070	2042510	4.56	0	18
ptg001779l_1	207296	1311728	6.33	0	21
ptg001779l_1_region	207296	1311728	6.33	0	21
ptg001780l_1	453561	3084197	6.80	0	20
ptg001780l_1_region	453561	3084197	6.80	0	20
ptg001781l_1	194452	372225	1.91	0	18
ptg001781l_1_region	194452	372225	1.91	0	18
ptg001783l_1	442157	1598105	3.61	0	15
ptg001783l_1_region	442157	1598105	3.61	0	15
ptg001784l_1	138942	836285	6.02	0	18
ptg001784l_1_region	138942	836285	6.02	0	18
ptg001785l_1	102746	349172	3.40	0	15
ptg001785l_1_region	102746	349172	3.40	0	15
ptg001786l_1	584925	3944671	6.74	0	24
ptg001786l_1_region	584925	3944671	6.74	0	24
ptg001789l_1	1674916	12814360	7.65	0	25
ptg001789l_1_region	1674916	12814360	7.65	0	25
ptg001790l_1	108356	588086	5.43	0	14
ptg001790l_1_region	108356	588086	5.43	0	14
ptg001794l_1	574955	15908013	27.67	0	401
ptg001794l_1_region	574955	15908013	27.67	0	401
ptg001795l_1	289727	1842174	6.36	0	16
ptg001795l_1_region	289727	1842174	6.36	0	16
ptg001796l_1	883659	5591886	6.33	0	30
ptg001796l_1_region	883659	5591886	6.33	0	30
ptg001797l_1	1283077	7387338	5.76	0	19
ptg001797l_1_region	1283077	7387338	5.76	0	19
ptg001798l_1	682935	3881496	5.68	0	21
ptg001798l_1_region	682935	3881496	5.68	0	21
ptg001799l_1	396818	2808007	7.08	0	29
ptg001799l_1_region	396818	2808007	7.08	0	29
ptg001801l_1	154119	1396661	9.06	0	59
ptg001801l_1_region	154119	1396661	9.06	0	59
ptg001806l_1	284286	20089947	70.67	0	421
ptg001806l_1_region	284286	20089947	70.67	0	421
ptg001816l_1	1149706	5333050	4.64	0	15
ptg001816l_1_region	1149706	5333050	4.64	0	15
ptg001817l_1	139912	616809	4.41	0	14
ptg001817l_1_region	139912	616809	4.41	0	14
ptg001819l_1	360202	2574823	7.15	0	37
ptg001819l_1_region	360202	2574823	7.15	0	37
ptg001821l_1	1351612	9646770	7.14	0	19
ptg001821l_1_region	1351612	9646770	7.14	0	19
ptg001822l_1	401012	2845203	7.10	0	19
ptg001822l_1_region	401012	2845203	7.10	0	19
ptg001823l_1	648588	4134021	6.37	0	31
ptg001823l_1_region	648588	4134021	6.37	0	31
ptg001824l_1	2780485	19579107	7.04	0	29
ptg001824l_1_region	2780485	19579107	7.04	0	29
ptg001825l_1	2313940	16927090	7.32	0	40
ptg001825l_1_region	2313940	16927090	7.32	0	40
ptg001826l_1	487730	4389543	9.00	0	34
ptg001826l_1_region	487730	4389543	9.00	0	34
ptg001827l_1	961972	6885817	7.16	0	29
ptg001827l_1_region	961972	6885817	7.16	0	29
ptg001828l_1	33564	160051	4.77	0	10
ptg001828l_1_region	33564	160051	4.77	0	10
ptg001830l_1	563063	3944944	7.01	0	31
ptg001830l_1_region	563063	3944944	7.01	0	31
ptg001832l_1	208022	1319553	6.34	0	19
ptg001832l_1_region	208022	1319553	6.34	0	19
ptg001834l_1	66095	552264	8.36	0	40
ptg001834l_1_region	66095	552264	8.36	0	40
ptg001835l_1	331098	1660227	5.01	0	15
ptg001835l_1_region	331098	1660227	5.01	0	15
ptg001837l_1	882386	6476993	7.34	0	23
ptg001837l_1_region	882386	6476993	7.34	0	23
ptg001838l_1	1031182	7959801	7.72	0	22
ptg001838l_1_region	1031182	7959801	7.72	0	22
ptg001839l_1	762619	6393705	8.38	0	64
ptg001839l_1_region	762619	6393705	8.38	0	64
ptg001840l_1	84424	383877	4.55	0	16
ptg001840l_1_region	84424	383877	4.55	0	16
ptg001844l_1	758331	5279577	6.96	0	18
ptg001844l_1_region	758331	5279577	6.96	0	18
ptg001846l_1	62252	176882	2.84	0	7
ptg001846l_1_region	62252	176882	2.84	0	7
ptg001848l_1	630700	4977063	7.89	0	212
ptg001848l_1_region	630700	4977063	7.89	0	212
ptg001849l_1	385274	1984843	5.15	0	24
ptg001849l_1_region	385274	1984843	5.15	0	24
ptg001850l_1	1539190	9702978	6.30	0	20
ptg001850l_1_region	1539190	9702978	6.30	0	20
ptg001851l_1	139130	526759	3.79	0	15
ptg001851l_1_region	139130	526759	3.79	0	15
ptg001852l_1	114306	917350	8.03	0	29
ptg001852l_1_region	114306	917350	8.03	0	29
ptg001853l_1	717196	4330751	6.04	0	31
ptg001853l_1_region	717196	4330751	6.04	0	31
ptg001854l_1	114865	728314	6.34	0	30
ptg001854l_1_region	114865	728314	6.34	0	30
ptg001855l_1	424324	3116967	7.35	0	42
ptg001855l_1_region	424324	3116967	7.35	0	42
ptg001856l_1	327409	1746438	5.33	0	16
ptg001856l_1_region	327409	1746438	5.33	0	16
ptg001857l_1	100240	611936	6.10	0	17
ptg001857l_1_region	100240	611936	6.10	0	17
ptg001859l_1	32250	186018	5.77	0	20
ptg001859l_1_region	32250	186018	5.77	0	20
ptg001861l_1	1923624	14282682	7.42	0	25
ptg001861l_1_region	1923624	14282682	7.42	0	25
ptg001862l_1	652786	4343803	6.65	0	25
ptg001862l_1_region	652786	4343803	6.65	0	25
ptg001863l_1	180081	748549	4.16	0	14
ptg001863l_1_region	180081	748549	4.16	0	14
ptg001866l_1	216788	1733595	8.00	0	28
ptg001866l_1_region	216788	1733595	8.00	0	28
ptg001868l_1	526703	2937299	5.58	0	21
ptg001868l_1_region	526703	2937299	5.58	0	21
ptg001869l_1	766965	5471850	7.13	0	41
ptg001869l_1_region	766965	5471850	7.13	0	41
ptg001870l_1	1758460	12550398	7.14	0	42
ptg001870l_1_region	1758460	12550398	7.14	0	42
ptg001872l_1	174686	939304	5.38	0	23
ptg001872l_1_region	174686	939304	5.38	0	23
ptg001873l_1	925077	3446647	3.73	0	17
ptg001873l_1_region	925077	3446647	3.73	0	17
ptg001874l_1	447705	3502564	7.82	0	56
ptg001874l_1_region	447705	3502564	7.82	0	56
ptg001875l_1	1418564	10576231	7.46	0	31
ptg001875l_1_region	1418564	10576231	7.46	0	31
ptg001878l_1	381444	2708985	7.10	0	21
ptg001878l_1_region	381444	2708985	7.10	0	21
ptg001882l_1	101025	548218	5.43	0	14
ptg001882l_1_region	101025	548218	5.43	0	14
ptg001885l_1	651648	4620421	7.09	0	21
ptg001885l_1_region	651648	4620421	7.09	0	21
ptg001886l_1	142914	649242	4.54	0	13
ptg001886l_1_region	142914	649242	4.54	0	13
ptg001887l_1	897067	6417744	7.15	0	23
ptg001887l_1_region	897067	6417744	7.15	0	23
ptg001888l_1	704622	4432232	6.29	0	16
ptg001888l_1_region	704622	4432232	6.29	0	16
ptg001890l_1	63758	483486	7.58	0	18
ptg001890l_1_region	63758	483486	7.58	0	18
ptg001891l_1	791640	5212344	6.58	0	212
ptg001891l_1_region	791640	5212344	6.58	0	212
ptg001892l_1	1047573	6637214	6.34	0	35
ptg001892l_1_region	1047573	6637214	6.34	0	35
ptg001893l_1	1024891	5905402	5.76	0	21
ptg001893l_1_region	1024891	5905402	5.76	0	21
ptg001895l_1	279501	1837822	6.58	0	17
ptg001895l_1_region	279501	1837822	6.58	0	17
ptg001896l_1	1135642	7710178	6.79	0	18
ptg001896l_1_region	1135642	7710178	6.79	0	18
ptg001899l_1	100961	461082	4.57	0	16
ptg001899l_1_region	100961	461082	4.57	0	16
ptg001900l_1	31132	292904	9.41	0	37
ptg001900l_1_region	31132	292904	9.41	0	37
ptg001901l_1	413222	1665180	4.03	0	14
ptg001901l_1_region	413222	1665180	4.03	0	14
ptg001903l_1	465029	4320787	9.29	0	66
ptg001903l_1_region	465029	4320787	9.29	0	66
ptg001904l_1	307203	62162	0.20	0	3
ptg001904l_1_region	307203	62162	0.20	0	3
ptg001905l_1	188640	1538265	8.15	0	18
ptg001905l_1_region	188640	1538265	8.15	0	18
ptg001906l_1	367694	1485401	4.04	0	31
ptg001906l_1_region	367694	1485401	4.04	0	31
ptg001907l_1	346338	2315785	6.69	0	94
ptg001907l_1_region	346338	2315785	6.69	0	94
ptg001908l_1	290666	1529120	5.26	0	18
ptg001908l_1_region	290666	1529120	5.26	0	18
ptg001909l_1	922109	5200778	5.64	0	19
ptg001909l_1_region	922109	5200778	5.64	0	19
ptg001910l_1	37609	168657	4.48	0	12
ptg001910l_1_region	37609	168657	4.48	0	12
ptg001911l_1	2334142	15075083	6.46	0	25
ptg001911l_1_region	2334142	15075083	6.46	0	25
ptg001913l_1	600171	5304329	8.84	0	27
ptg001913l_1_region	600171	5304329	8.84	0	27
ptg001915l_1	420605	2906187	6.91	0	24
ptg001915l_1_region	420605	2906187	6.91	0	24
ptg001916l_1	197712	699921	3.54	0	18
ptg001916l_1_region	197712	699921	3.54	0	18
ptg001917l_1	122696	557186	4.54	0	12
ptg001917l_1_region	122696	557186	4.54	0	12
ptg001919l_1	245098	1175810	4.80	0	14
ptg001919l_1_region	245098	1175810	4.80	0	14
ptg001920l_1	907892	5449680	6.00	0	18
ptg001920l_1_region	907892	5449680	6.00	0	18
ptg001921l_1	155137	941740	6.07	0	15
ptg001921l_1_region	155137	941740	6.07	0	15
ptg001922l_1	1439639	9791013	6.80	0	27
ptg001922l_1_region	1439639	9791013	6.80	0	27
ptg001923l_1	589323	2115998	3.59	0	21
ptg001923l_1_region	589323	2115998	3.59	0	21
ptg001924l_1	1401712	9926937	7.08	0	26
ptg001924l_1_region	1401712	9926937	7.08	0	26
ptg001925l_1	295625	1847329	6.25	0	20
ptg001925l_1_region	295625	1847329	6.25	0	20
ptg001927l_1	833533	5665044	6.80	0	19
ptg001927l_1_region	833533	5665044	6.80	0	19
ptg001930l_1	320841	1327690	4.14	0	21
ptg001930l_1_region	320841	1327690	4.14	0	21
ptg001931l_1	841496	5795028	6.89	0	42
ptg001931l_1_region	841496	5795028	6.89	0	42
ptg001932l_1	416119	2809681	6.75	0	20
ptg001932l_1_region	416119	2809681	6.75	0	20
ptg001933l_1	237103	2709332	11.43	0	26
ptg001933l_1_region	237103	2709332	11.43	0	26
ptg001939l_1	129625	668054	5.15	0	12
ptg001939l_1_region	129625	668054	5.15	0	12
ptg001940l_1	262964	1855432	7.06	0	24
ptg001940l_1_region	262964	1855432	7.06	0	24
ptg001941l_1	1009494	6539146	6.48	0	18
ptg001941l_1_region	1009494	6539146	6.48	0	18
ptg001942l_1	1582544	11292698	7.14	0	123
ptg001942l_1_region	1582544	11292698	7.14	0	123
ptg001946l_1	233968	1347676	5.76	0	28
ptg001946l_1_region	233968	1347676	5.76	0	28
ptg001949l_1	1519599	6906004	4.54	0	37
ptg001949l_1_region	1519599	6906004	4.54	0	37
ptg001951l_1	812621	5336172	6.57	0	23
ptg001951l_1_region	812621	5336172	6.57	0	23
ptg001953l_1	389413	2535086	6.51	0	19
ptg001953l_1_region	389413	2535086	6.51	0	19
ptg001954l_1	1293151	8089908	6.26	0	20
ptg001954l_1_region	1293151	8089908	6.26	0	20
ptg001955l_1	1142463	6561323	5.74	0	17
ptg001955l_1_region	1142463	6561323	5.74	0	17
ptg001956l_1	2165955	15947081	7.36	0	26
ptg001956l_1_region	2165955	15947081	7.36	0	26
ptg001958l_1	385758	2291418	5.94	0	20
ptg001958l_1_region	385758	2291418	5.94	0	20
ptg001961l_1	195534	1021667	5.23	0	27
ptg001961l_1_region	195534	1021667	5.23	0	27
ptg001964l_1	509101	3048461	5.99	0	20
ptg001964l_1_region	509101	3048461	5.99	0	20
ptg001965l_1	170556	1154301	6.77	0	27
ptg001965l_1_region	170556	1154301	6.77	0	27
ptg001970l_1	177759	1094775	6.16	0	17
ptg001970l_1_region	177759	1094775	6.16	0	17
ptg001971l_1	586535	4408042	7.52	0	75
ptg001971l_1_region	586535	4408042	7.52	0	75
ptg001972l_1	447266	2244390	5.02	0	55
ptg001972l_1_region	447266	2244390	5.02	0	55
ptg001973l_1	444501	2286594	5.14	0	19
ptg001973l_1_region	444501	2286594	5.14	0	19
ptg001976l_1	801640	5508099	6.87	0	21
ptg001976l_1_region	801640	5508099	6.87	0	21
ptg001977l_1	1664363	10655851	6.40	0	32
ptg001977l_1_region	1664363	10655851	6.40	0	32
ptg001978l_1	85964	563311	6.55	0	30
ptg001978l_1_region	85964	563311	6.55	0	30
ptg001979l_1	153963	761142	4.94	0	16
ptg001979l_1_region	153963	761142	4.94	0	16
ptg001980l_1	524199	3282300	6.26	0	85
ptg001980l_1_region	524199	3282300	6.26	0	85
ptg001981l_1	607727	3131038	5.15	0	32
ptg001981l_1_region	607727	3131038	5.15	0	32
ptg001983l_1	407716	1860174	4.56	0	28
ptg001983l_1_region	407716	1860174	4.56	0	28
ptg001984l_1	987526	6223353	6.30	0	24
ptg001984l_1_region	987526	6223353	6.30	0	24
ptg001987l_1	681933	4188689	6.14	0	19
ptg001987l_1_region	681933	4188689	6.14	0	19
ptg001989l_1	390149	2566709	6.58	0	36
ptg001989l_1_region	390149	2566709	6.58	0	36
ptg001990l_1	215358	1242708	5.77	0	13
ptg001990l_1_region	215358	1242708	5.77	0	13
ptg001991l_1	65193	244734	3.75	0	10
ptg001991l_1_region	65193	244734	3.75	0	10
ptg001992l_1	1305552	9324607	7.14	0	57
ptg001992l_1_region	1305552	9324607	7.14	0	57
ptg001993l_1	1690961	12482790	7.38	0	22
ptg001993l_1_region	1690961	12482790	7.38	0	22
ptg001994l_1	222846	2433229	10.92	0	33
ptg001994l_1_region	222846	2433229	10.92	0	33
ptg001995l_1	250881	1336290	5.33	0	18
ptg001995l_1_region	250881	1336290	5.33	0	18
ptg001996l_1	472406	2230706	4.72	0	26
ptg001996l_1_region	472406	2230706	4.72	0	26
ptg001997l_1	1977463	17955806	9.08	0	27
ptg001997l_1_region	1977463	17955806	9.08	0	27
ptg001998l_1	1010199	5965121	5.90	0	28
ptg001998l_1_region	1010199	5965121	5.90	0	28
ptg002001l_1	252921	1507051	5.96	0	32
ptg002001l_1_region	252921	1507051	5.96	0	32
ptg002002l_1	189120	812289	4.30	0	17
ptg002002l_1_region	189120	812289	4.30	0	17
ptg002003l_1	1061969	7141556	6.72	0	156
ptg002003l_1_region	1061969	7141556	6.72	0	156
ptg002004l_1	881989	4383084	4.97	0	32
ptg002004l_1_region	881989	4383084	4.97	0	32
ptg002006l_1	1022909	6951050	6.80	0	46
ptg002006l_1_region	1022909	6951050	6.80	0	46
ptg002007l_1	184108	798407	4.34	0	18
ptg002007l_1_region	184108	798407	4.34	0	18
ptg002009l_1	569444	3978734	6.99	0	17
ptg002009l_1_region	569444	3978734	6.99	0	17
ptg002013l_1	511681	3985442	7.79	0	38
ptg002013l_1_region	511681	3985442	7.79	0	38
ptg002014l_1	390130	2493371	6.39	0	26
ptg002014l_1_region	390130	2493371	6.39	0	26
ptg002017l_1	488173	2892386	5.92	0	23
ptg002017l_1_region	488173	2892386	5.92	0	23
ptg002024l_1	357091	2233347	6.25	0	25
ptg002024l_1_region	357091	2233347	6.25	0	25
ptg002025l_1	195390	906306	4.64	0	14
ptg002025l_1_region	195390	906306	4.64	0	14
ptg002027l_1	72997	543672	7.45	0	20
ptg002027l_1_region	72997	543672	7.45	0	20
ptg002028l_1	165896	786451	4.74	0	13
ptg002028l_1_region	165896	786451	4.74	0	13
ptg002029l_1	634224	2632357	4.15	0	15
ptg002029l_1_region	634224	2632357	4.15	0	15
ptg002032l_1	389372	2191052	5.63	0	23
ptg002032l_1_region	389372	2191052	5.63	0	23
ptg002033l_1	966469	6207358	6.42	0	33
ptg002033l_1_region	966469	6207358	6.42	0	33
ptg002036l_1	1003822	7114299	7.09	0	30
ptg002036l_1_region	1003822	7114299	7.09	0	30
ptg002038l_1	554276	3408884	6.15	0	20
ptg002038l_1_region	554276	3408884	6.15	0	20
ptg002039l_1	555100	2340312	4.22	0	19
ptg002039l_1_region	555100	2340312	4.22	0	19
ptg002042l_1	420370	2374060	5.65	0	20
ptg002042l_1_region	420370	2374060	5.65	0	20
ptg002043l_1	258646	2655939	10.27	0	39
ptg002043l_1_region	258646	2655939	10.27	0	39
ptg002045l_1	603093	3317039	5.50	0	20
ptg002045l_1_region	603093	3317039	5.50	0	20
ptg002046l_1	202437	1296457	6.40	0	17
ptg002046l_1_region	202437	1296457	6.40	0	17
ptg002047l_1	201390	659733	3.28	0	12
ptg002047l_1_region	201390	659733	3.28	0	12
ptg002048l_1	1441196	9917464	6.88	0	18
ptg002048l_1_region	1441196	9917464	6.88	0	18
ptg002049l_1	811416	3609171	4.45	0	23
ptg002049l_1_region	811416	3609171	4.45	0	23
ptg002050l_1	897976	6755275	7.52	0	31
ptg002050l_1_region	897976	6755275	7.52	0	31
ptg002051l_1	980880	5895058	6.01	0	19
ptg002051l_1_region	980880	5895058	6.01	0	19
ptg002052l_1	522217	1848796	3.54	0	33
ptg002052l_1_region	522217	1848796	3.54	0	33
ptg002053l_1	701959	4177152	5.95	0	18
ptg002053l_1_region	701959	4177152	5.95	0	18
ptg002054l_1	1093862	7240641	6.62	0	22
ptg002054l_1_region	1093862	7240641	6.62	0	22
ptg002055l_1	1207495	7657404	6.34	0	26
ptg002055l_1_region	1207495	7657404	6.34	0	26
ptg002057l_1	239120	945317	3.95	0	12
ptg002057l_1_region	239120	945317	3.95	0	12
ptg002058l_1	2980210	20342372	6.83	0	46
ptg002058l_1_region	2980210	20342372	6.83	0	46
ptg002059l_1	462819	1909396	4.13	0	19
ptg002059l_1_region	462819	1909396	4.13	0	19
ptg002060l_1	246847	1352504	5.48	0	17
ptg002060l_1_region	246847	1352504	5.48	0	17
ptg002062l_1	87345	691273	7.91	0	21
ptg002062l_1_region	87345	691273	7.91	0	21
ptg002063l_1	771989	3483642	4.51	0	50
ptg002063l_1_region	771989	3483642	4.51	0	50
ptg002065l_1	358376	3060760	8.54	0	23
ptg002065l_1_region	358376	3060760	8.54	0	23
ptg002067l_1	438166	3115725	7.11	0	19
ptg002067l_1_region	438166	3115725	7.11	0	19
ptg002068l_1	382279	2237027	5.85	0	20
ptg002068l_1_region	382279	2237027	5.85	0	20
ptg002069l_1	34288	180196	5.26	0	10
ptg002069l_1_region	34288	180196	5.26	0	10
ptg002070l_1	754116	7544963	10.01	0	43
ptg002070l_1_region	754116	7544963	10.01	0	43
ptg002073l_1	18440	86381	4.68	0	11
ptg002073l_1_region	18440	86381	4.68	0	11
ptg002075l_1	2322473	16354985	7.04	0	66
ptg002075l_1_region	2322473	16354985	7.04	0	66
ptg002076l_1	242075	1254604	5.18	0	46
ptg002076l_1_region	242075	1254604	5.18	0	46
ptg002082l_1	41227	149935	3.64	0	9
ptg002082l_1_region	41227	149935	3.64	0	9
ptg002083l_1	1046876	5536426	5.29	0	20
ptg002083l_1_region	1046876	5536426	5.29	0	20
ptg002084l_1	99712	688470	6.90	0	15
ptg002084l_1_region	99712	688470	6.90	0	15
ptg002085l_1	996823	7827597	7.85	0	26
ptg002085l_1_region	996823	7827597	7.85	0	26
ptg002087l_1	310924	1321082	4.25	0	20
ptg002087l_1_region	310924	1321082	4.25	0	20
ptg002089l_1	1273834	8933768	7.01	0	122
ptg002089l_1_region	1273834	8933768	7.01	0	122
ptg002090l_1	372616	2252022	6.04	0	18
ptg002090l_1_region	372616	2252022	6.04	0	18
ptg002093l_1	1002756	6188360	6.17	0	23
ptg002093l_1_region	1002756	6188360	6.17	0	23
ptg002094l_1	407412	2316769	5.69	0	17
ptg002094l_1_region	407412	2316769	5.69	0	17
ptg002096l_1	834009	5395067	6.47	0	19
ptg002096l_1_region	834009	5395067	6.47	0	19
ptg002097l_1	437430	4154685	9.50	0	50
ptg002097l_1_region	437430	4154685	9.50	0	50
ptg002098l_1	518151	2630303	5.08	0	24
ptg002098l_1_region	518151	2630303	5.08	0	24
ptg002100l_1	703140	3868890	5.50	0	24
ptg002100l_1_region	703140	3868890	5.50	0	24
ptg002102l_1	82523	582042	7.05	0	16
ptg002102l_1_region	82523	582042	7.05	0	16
ptg002103l_1	651400	5014782	7.70	0	29
ptg002103l_1_region	651400	5014782	7.70	0	29
ptg002105l_1	226392	1457704	6.44	0	17
ptg002105l_1_region	226392	1457704	6.44	0	17
ptg002106l_1	277492	1906995	6.87	0	28
ptg002106l_1_region	277492	1906995	6.87	0	28
ptg002107l_1	1762279	12151076	6.90	0	28
ptg002107l_1_region	1762279	12151076	6.90	0	28
ptg002108l_1	144579	1055789	7.30	0	19
ptg002108l_1_region	144579	1055789	7.30	0	19
ptg002109l_1	804728	4132490	5.14	0	18
ptg002109l_1_region	804728	4132490	5.14	0	18
ptg002111l_1	291358	2224393	7.63	0	27
ptg002111l_1_region	291358	2224393	7.63	0	27
ptg002112l_1	678485	4567114	6.73	0	17
ptg002112l_1_region	678485	4567114	6.73	0	17
ptg002113l_1	563223	5157745	9.16	0	203
ptg002113l_1_region	563223	5157745	9.16	0	203
ptg002114l_1	1155595	10269534	8.89	0	58
ptg002114l_1_region	1155595	10269534	8.89	0	58
ptg002115l_1	199197	1012368	5.08	0	27
ptg002115l_1_region	199197	1012368	5.08	0	27
ptg002116l_1	100558	377896	3.76	0	24
ptg002116l_1_region	100558	377896	3.76	0	24
ptg002117l_1	722058	5064035	7.01	0	23
ptg002117l_1_region	722058	5064035	7.01	0	23
ptg002118l_1	335038	1980168	5.91	0	19
ptg002118l_1_region	335038	1980168	5.91	0	19
ptg002119l_1	778402	4562672	5.86	0	16
ptg002119l_1_region	778402	4562672	5.86	0	16
ptg002120l_1	404942	2444974	6.04	0	15
ptg002120l_1_region	404942	2444974	6.04	0	15
ptg002122l_1	209234	650576	3.11	0	15
ptg002122l_1_region	209234	650576	3.11	0	15
ptg002123l_1	1839336	14574243	7.92	0	69
ptg002123l_1_region	1839336	14574243	7.92	0	69
ptg002125l_1	559331	3460883	6.19	0	17
ptg002125l_1_region	559331	3460883	6.19	0	17
ptg002126l_1	302316	2092450	6.92	0	18
ptg002126l_1_region	302316	2092450	6.92	0	18
ptg002127l_1	327451	1690342	5.16	0	19
ptg002127l_1_region	327451	1690342	5.16	0	19
ptg002128l_1	1676319	10639628	6.35	0	24
ptg002128l_1_region	1676319	10639628	6.35	0	24
ptg002129l_1	786848	5169725	6.57	0	24
ptg002129l_1_region	786848	5169725	6.57	0	24
ptg002130l_1	173261	1786478	10.31	0	167
ptg002130l_1_region	173261	1786478	10.31	0	167
ptg002132l_1	192090	869630	4.53	0	28
ptg002132l_1_region	192090	869630	4.53	0	28
ptg002133l_1	553347	3421770	6.18	0	20
ptg002133l_1_region	553347	3421770	6.18	0	20
ptg002134l_1	402038	2719083	6.76	0	16
ptg002134l_1_region	402038	2719083	6.76	0	16
ptg002135l_1	817787	5391005	6.59	0	30
ptg002135l_1_region	817787	5391005	6.59	0	30
ptg002136l_1	109762	973795	8.87	0	29
ptg002136l_1_region	109762	973795	8.87	0	29
ptg002137l_1	1324800	10805001	8.16	0	23
ptg002137l_1_region	1324800	10805001	8.16	0	23
ptg002140l_1	321742	916566	2.85	0	13
ptg002140l_1_region	321742	916566	2.85	0	13
ptg002141l_1	581418	2757248	4.74	0	21
ptg002141l_1_region	581418	2757248	4.74	0	21
ptg002143l_1	1334480	9652258	7.23	0	29
ptg002143l_1_region	1334480	9652258	7.23	0	29
ptg002144l_1	367063	2115214	5.76	0	20
ptg002144l_1_region	367063	2115214	5.76	0	20
ptg002145l_1	33771	126159	3.74	0	9
ptg002145l_1_region	33771	126159	3.74	0	9
ptg002146l_1	161457	692635	4.29	0	12
ptg002146l_1_region	161457	692635	4.29	0	12
ptg002147l_1	674418	4932992	7.31	0	23
ptg002147l_1_region	674418	4932992	7.31	0	23
ptg002150l_1	1185498	7569934	6.39	0	19
ptg002150l_1_region	1185498	7569934	6.39	0	19
ptg002151l_1	252856	1035404	4.09	0	25
ptg002151l_1_region	252856	1035404	4.09	0	25
ptg002152l_1	276178	1762895	6.38	0	19
ptg002152l_1_region	276178	1762895	6.38	0	19
ptg002153l_1	767386	5003643	6.52	0	23
ptg002153l_1_region	767386	5003643	6.52	0	23
ptg002154l_1	57966	136886	2.36	0	9
ptg002154l_1_region	57966	136886	2.36	0	9
ptg002155l_1	187964	925689	4.92	0	17
ptg002155l_1_region	187964	925689	4.92	0	17
ptg002158l_1	170167	885988	5.21	0	13
ptg002158l_1_region	170167	885988	5.21	0	13
ptg002159l_1	993280	6607078	6.65	0	25
ptg002159l_1_region	993280	6607078	6.65	0	25
ptg002160l_1	445316	3035375	6.82	0	20
ptg002160l_1_region	445316	3035375	6.82	0	20
ptg002162l_1	1171903	6629715	5.66	0	21
ptg002162l_1_region	1171903	6629715	5.66	0	21
ptg002163l_1	23151	77884	3.36	0	14
ptg002163l_1_region	23151	77884	3.36	0	14
ptg002165l_1	278253	1963470	7.06	0	18
ptg002165l_1_region	278253	1963470	7.06	0	18
ptg002166l_1	344945	1974283	5.72	0	16
ptg002166l_1_region	344945	1974283	5.72	0	16
ptg002167l_1	416831	1921455	4.61	0	20
ptg002167l_1_region	416831	1921455	4.61	0	20
ptg002169l_1	57879	205494	3.55	0	17
ptg002169l_1_region	57879	205494	3.55	0	17
ptg002171l_1	1469202	8955196	6.10	0	20
ptg002171l_1_region	1469202	8955196	6.10	0	20
ptg002172l_1	723626	4910134	6.79	0	19
ptg002172l_1_region	723626	4910134	6.79	0	19
ptg002174l_1	489822	5825786	11.89	0	36
ptg002174l_1_region	489822	5825786	11.89	0	36
ptg002175l_1	138050	930004	6.74	0	17
ptg002175l_1_region	138050	930004	6.74	0	17
ptg002177l_1	794112	11237488	14.15	0	270
ptg002177l_1_region	794112	11237488	14.15	0	270
ptg002178l_1	187683	951773	5.07	0	14
ptg002178l_1_region	187683	951773	5.07	0	14
ptg002179l_1	1267357	7679638	6.06	0	21
ptg002179l_1_region	1267357	7679638	6.06	0	21
ptg002180l_1	1095559	6434358	5.87	0	37
ptg002180l_1_region	1095559	6434358	5.87	0	37
ptg002182l_1	314882	2349147	7.46	0	32
ptg002182l_1_region	314882	2349147	7.46	0	32
ptg002183l_1	202440	1022667	5.05	0	24
ptg002183l_1_region	202440	1022667	5.05	0	24
ptg002184l_1	1583132	11412518	7.21	0	22
ptg002184l_1_region	1583132	11412518	7.21	0	22
ptg002187l_1	1261500	8867693	7.03	0	23
ptg002187l_1_region	1261500	8867693	7.03	0	23
ptg002189l_1	1078290	7297765	6.77	0	24
ptg002189l_1_region	1078290	7297765	6.77	0	24
ptg002190l_1	1633389	9873252	6.04	0	21
ptg002190l_1_region	1633389	9873252	6.04	0	21
ptg002191l_1	1385450	9917724	7.16	0	32
ptg002191l_1_region	1385450	9917724	7.16	0	32
ptg002192l_1	1138718	7236083	6.35	0	18
ptg002192l_1_region	1138718	7236083	6.35	0	18
ptg002193l_1	178546	758941	4.25	0	20
ptg002193l_1_region	178546	758941	4.25	0	20
ptg002195l_1	564493	4249518	7.53	0	20
ptg002195l_1_region	564493	4249518	7.53	0	20
ptg002196l_1	395103	2581095	6.53	0	16
ptg002196l_1_region	395103	2581095	6.53	0	16
ptg002197l_1	544310	1083230	1.99	0	24
ptg002197l_1_region	544310	1083230	1.99	0	24
ptg002199l_1	968788	7818018	8.07	0	45
ptg002199l_1_region	968788	7818018	8.07	0	45
ptg002200l_1	1031499	6665780	6.46	0	22
ptg002200l_1_region	1031499	6665780	6.46	0	22
ptg002201l_1	503645	2702303	5.37	0	25
ptg002201l_1_region	503645	2702303	5.37	0	25
ptg002202l_1	727298	4421442	6.08	0	25
ptg002202l_1_region	727298	4421442	6.08	0	25
ptg002203l_1	503590	1481578	2.94	0	93
ptg002203l_1_region	503590	1481578	2.94	0	93
ptg002205l_1	435847	2986536	6.85	0	22
ptg002205l_1_region	435847	2986536	6.85	0	22
ptg002207l_1	227546	1555325	6.84	0	44
ptg002207l_1_region	227546	1555325	6.84	0	44
ptg002208l_1	1339831	12824082	9.57	0	45
ptg002208l_1_region	1339831	12824082	9.57	0	45
ptg002209l_1	115204	700647	6.08	0	12
ptg002209l_1_region	115204	700647	6.08	0	12
ptg002212l_1	3139118	22846492	7.28	0	73
ptg002212l_1_region	3139118	22846492	7.28	0	73
ptg002216l_1	2118298	14598023	6.89	0	25
ptg002216l_1_region	2118298	14598023	6.89	0	25
ptg002218l_1	583826	2873190	4.92	0	39
ptg002218l_1_region	583826	2873190	4.92	0	39
ptg002219l_1	1415541	7945338	5.61	0	26
ptg002219l_1_region	1415541	7945338	5.61	0	26
ptg002221l_1	113257	814671	7.19	0	20
ptg002221l_1_region	113257	814671	7.19	0	20
ptg002222l_1	317670	1653612	5.21	0	17
ptg002222l_1_region	317670	1653612	5.21	0	17
ptg002223l_1	278858	1502551	5.39	0	21
ptg002223l_1_region	278858	1502551	5.39	0	21
ptg002224l_1	522524	3418785	6.54	0	43
ptg002224l_1_region	522524	3418785	6.54	0	43
ptg002225l_1	1359822	9855726	7.25	0	20
ptg002225l_1_region	1359822	9855726	7.25	0	20
ptg002226l_1	528110	3831913	7.26	0	27
ptg002226l_1_region	528110	3831913	7.26	0	27
ptg002227l_1	625106	3458235	5.53	0	19
ptg002227l_1_region	625106	3458235	5.53	0	19
ptg002230l_1	65174	312600	4.80	0	13
ptg002230l_1_region	65174	312600	4.80	0	13
ptg002232l_1	909811	4901829	5.39	0	32
ptg002232l_1_region	909811	4901829	5.39	0	32
ptg002234l_1	996606	4049330	4.06	0	19
ptg002234l_1_region	996606	4049330	4.06	0	19
ptg002235l_1	962819	6151645	6.39	0	20
ptg002235l_1_region	962819	6151645	6.39	0	20
ptg002236l_1	540754	2248543	4.16	0	19
ptg002236l_1_region	540754	2248543	4.16	0	19
ptg002239l_1	1098770	7792219	7.09	0	25
ptg002239l_1_region	1098770	7792219	7.09	0	25
ptg002240l_1	924082	5548391	6.00	0	21
ptg002240l_1_region	924082	5548391	6.00	0	21
ptg002242l_1	280589	1936691	6.90	0	36
ptg002242l_1_region	280589	1936691	6.90	0	36
ptg002243l_1	209307	1299074	6.21	0	16
ptg002243l_1_region	209307	1299074	6.21	0	16
ptg002244l_1	318487	2518610	7.91	0	27
ptg002244l_1_region	318487	2518610	7.91	0	27
ptg002245l_1	1190942	8407217	7.06	0	38
ptg002245l_1_region	1190942	8407217	7.06	0	38
ptg002246l_1	203570	1266141	6.22	0	15
ptg002246l_1_region	203570	1266141	6.22	0	15
ptg002247l_1	448796	2143303	4.78	0	17
ptg002247l_1_region	448796	2143303	4.78	0	17
ptg002250l_1	1535836	10167464	6.62	0	22
ptg002250l_1_region	1535836	10167464	6.62	0	22
ptg002251l_1	825746	3449425	4.18	0	21
ptg002251l_1_region	825746	3449425	4.18	0	21
ptg002253l_1	243023	1498516	6.17	0	19
ptg002253l_1_region	243023	1498516	6.17	0	19
ptg002255l_1	495252	3073867	6.21	0	20
ptg002255l_1_region	495252	3073867	6.21	0	20
ptg002256l_1	105129	192123	1.83	0	9
ptg002256l_1_region	105129	192123	1.83	0	9
ptg002257l_1	399967	4839758	12.10	0	37
ptg002257l_1_region	399967	4839758	12.10	0	37
ptg002259l_1	699846	3437789	4.91	0	32
ptg002259l_1_region	699846	3437789	4.91	0	32
ptg002260l_1	1414582	9510956	6.72	0	23
ptg002260l_1_region	1414582	9510956	6.72	0	23
ptg002263l_1	432538	3235879	7.48	0	294
ptg002263l_1_region	432538	3235879	7.48	0	294
ptg002264l_1	53862	95413	1.77	0	11
ptg002264l_1_region	53862	95413	1.77	0	11
ptg002266l_1	44412	205923	4.64	0	10
ptg002266l_1_region	44412	205923	4.64	0	10
ptg002269l_1	2212663	13117661	5.93	0	31
ptg002269l_1_region	2212663	13117661	5.93	0	31
ptg002270l_1	785896	4753350	6.05	0	24
ptg002270l_1_region	785896	4753350	6.05	0	24
ptg002273l_1	258228	1891931	7.33	0	18
ptg002273l_1_region	258228	1891931	7.33	0	18
ptg002274l_1	420987	2423985	5.76	0	17
ptg002274l_1_region	420987	2423985	5.76	0	17
ptg002275l_1	19781	130591	6.60	0	13
ptg002275l_1_region	19781	130591	6.60	0	13
ptg002276l_1	444483	2600603	5.85	0	18
ptg002276l_1_region	444483	2600603	5.85	0	18
ptg002277l_1	776842	5026524	6.47	0	30
ptg002277l_1_region	776842	5026524	6.47	0	30
ptg002278l_1	148880	777715	5.22	0	18
ptg002278l_1_region	148880	777715	5.22	0	18
ptg002279l_1	1239694	7200858	5.81	0	39
ptg002279l_1_region	1239694	7200858	5.81	0	39
ptg002280l_1	546573	2499508	4.57	0	18
ptg002280l_1_region	546573	2499508	4.57	0	18
ptg002282l_1	820857	3874681	4.72	0	20
ptg002282l_1_region	820857	3874681	4.72	0	20
ptg002284l_1	326613	1938360	5.93	0	45
ptg002284l_1_region	326613	1938360	5.93	0	45
ptg002286l_1	222899	765670	3.44	0	13
ptg002286l_1_region	222899	765670	3.44	0	13
ptg002287l_1	246043	1334484	5.42	0	27
ptg002287l_1_region	246043	1334484	5.42	0	27
ptg002288l_1	1159033	7568653	6.53	0	22
ptg002288l_1_region	1159033	7568653	6.53	0	22
ptg002289l_1	1084247	6564722	6.05	0	22
ptg002289l_1_region	1084247	6564722	6.05	0	22
ptg002290l_1	122304	824602	6.74	0	21
ptg002290l_1_region	122304	824602	6.74	0	21
ptg002295l_1	193341	1005452	5.20	0	11
ptg002295l_1_region	193341	1005452	5.20	0	11
ptg002297l_1	2246223	16836049	7.50	0	45
ptg002297l_1_region	2246223	16836049	7.50	0	45
ptg002299l_1	689035	3555818	5.16	0	32
ptg002299l_1_region	689035	3555818	5.16	0	32
ptg002300l_1	1285662	9456939	7.36	0	37
ptg002300l_1_region	1285662	9456939	7.36	0	37
ptg002301l_1	1206907	7928535	6.57	0	20
ptg002301l_1_region	1206907	7928535	6.57	0	20
ptg002302l_1	1487420	10715886	7.20	0	30
ptg002302l_1_region	1487420	10715886	7.20	0	30
ptg002304l_1	225963	1104139	4.89	0	14
ptg002304l_1_region	225963	1104139	4.89	0	14
ptg002306l_1	620095	4231503	6.82	0	20
ptg002306l_1_region	620095	4231503	6.82	0	20
ptg002307l_1	1195977	6036598	5.05	0	121
ptg002307l_1_region	1195977	6036598	5.05	0	121
ptg002309l_1	1169446	6565490	5.61	0	25
ptg002309l_1_region	1169446	6565490	5.61	0	25
ptg002310l_1	1222123	7885084	6.45	0	19
ptg002310l_1_region	1222123	7885084	6.45	0	19
ptg002311l_1	303256	1852415	6.11	0	26
ptg002311l_1_region	303256	1852415	6.11	0	26
ptg002312l_1	116142	810781	6.98	0	14
ptg002312l_1_region	116142	810781	6.98	0	14
ptg002313l_1	564411	3325590	5.89	0	18
ptg002313l_1_region	564411	3325590	5.89	0	18
ptg002314l_1	230165	1218347	5.29	0	14
ptg002314l_1_region	230165	1218347	5.29	0	14
ptg002315l_1	1133032	8627167	7.61	0	21
ptg002315l_1_region	1133032	8627167	7.61	0	21
ptg002316l_1	703270	7854492	11.17	0	74
ptg002316l_1_region	703270	7854492	11.17	0	74
ptg002317l_1	283710	2325266	8.20	0	26
ptg002317l_1_region	283710	2325266	8.20	0	26
ptg002318l_1	208437	1370131	6.57	0	15
ptg002318l_1_region	208437	1370131	6.57	0	15
ptg002320l_1	355430	3955337	11.13	0	42
ptg002320l_1_region	355430	3955337	11.13	0	42
ptg002321l_1	298864	1954840	6.54	0	22
ptg002321l_1_region	298864	1954840	6.54	0	22
ptg002322l_1	676365	4574735	6.76	0	30
ptg002322l_1_region	676365	4574735	6.76	0	30
ptg002326l_1	197441	1437383	7.28	0	107
ptg002326l_1_region	197441	1437383	7.28	0	107
ptg002327l_1	411886	2192385	5.32	0	20
ptg002327l_1_region	411886	2192385	5.32	0	20
ptg002328l_1	735999	4455660	6.05	0	23
ptg002328l_1_region	735999	4455660	6.05	0	23
ptg002330l_1	516465	2802062	5.43	0	17
ptg002330l_1_region	516465	2802062	5.43	0	17
ptg002331l_1	886097	5939591	6.70	0	51
ptg002331l_1_region	886097	5939591	6.70	0	51
ptg002332l_1	42048	109730	2.61	0	10
ptg002332l_1_region	42048	109730	2.61	0	10
ptg002334l_1	1924100	12308966	6.40	0	61
ptg002334l_1_region	1924100	12308966	6.40	0	61
ptg002335l_1	485293	2485115	5.12	0	29
ptg002335l_1_region	485293	2485115	5.12	0	29
ptg002337l_1	492878	3437576	6.97	0	20
ptg002337l_1_region	492878	3437576	6.97	0	20
ptg002338l_1	325430	999632	3.07	0	15
ptg002338l_1_region	325430	999632	3.07	0	15
ptg002339l_1	624493	2676198	4.29	0	15
ptg002339l_1_region	624493	2676198	4.29	0	15
ptg002340l_1	670279	3865256	5.77	0	318
ptg002340l_1_region	670279	3865256	5.77	0	318
ptg002341l_1	431050	3446260	8.00	0	29
ptg002341l_1_region	431050	3446260	8.00	0	29
ptg002342l_1	1555587	12726192	8.18	0	35
ptg002342l_1_region	1555587	12726192	8.18	0	35
ptg002343l_1	211754	1382281	6.53	0	14
ptg002343l_1_region	211754	1382281	6.53	0	14
ptg002344l_1	368976	2901057	7.86	0	25
ptg002344l_1_region	368976	2901057	7.86	0	25
ptg002345l_1	168146	1012607	6.02	0	17
ptg002345l_1_region	168146	1012607	6.02	0	17
ptg002347l_1	100646	623142	6.19	0	18
ptg002347l_1_region	100646	623142	6.19	0	18
ptg002348l_1	34377	88040	2.56	0	7
ptg002348l_1_region	34377	88040	2.56	0	7
ptg002349l_1	184718	1152053	6.24	0	20
ptg002349l_1_region	184718	1152053	6.24	0	20
ptg002350l_1	1017277	6553620	6.44	0	34
ptg002350l_1_region	1017277	6553620	6.44	0	34
ptg002351l_1	157394	707916	4.50	0	18
ptg002351l_1_region	157394	707916	4.50	0	18
ptg002353l_1	293587	1593040	5.43	0	21
ptg002353l_1_region	293587	1593040	5.43	0	21
ptg002355l_1	110558	655421	5.93	0	14
ptg002355l_1_region	110558	655421	5.93	0	14
ptg002357l_1	249615	1628862	6.53	0	72
ptg002357l_1_region	249615	1628862	6.53	0	72
ptg002359l_1	2351705	18435902	7.84	0	26
ptg002359l_1_region	2351705	18435902	7.84	0	26
ptg002365l_1	1204263	7806289	6.48	0	18
ptg002365l_1_region	1204263	7806289	6.48	0	18
ptg002366l_1	1053124	7408056	7.03	0	21
ptg002366l_1_region	1053124	7408056	7.03	0	21
ptg002368l_1	1056221	6775088	6.41	0	22
ptg002368l_1_region	1056221	6775088	6.41	0	22
ptg002369l_1	384885	2457021	6.38	0	17
ptg002369l_1_region	384885	2457021	6.38	0	17
ptg002370l_1	224807	1782214	7.93	0	22
ptg002370l_1_region	224807	1782214	7.93	0	22
ptg002371l_1	257716	1435157	5.57	0	13
ptg002371l_1_region	257716	1435157	5.57	0	13
ptg002372l_1	292198	2181959	7.47	0	98
ptg002372l_1_region	292198	2181959	7.47	0	98
ptg002373l_1	324793	1916136	5.90	0	20
ptg002373l_1_region	324793	1916136	5.90	0	20
ptg002374l_1	240703	973835	4.05	0	16
ptg002374l_1_region	240703	973835	4.05	0	16
ptg002375l_1	393800	2134863	5.42	0	19
ptg002375l_1_region	393800	2134863	5.42	0	19
ptg002377l_1	84115	309831	3.68	0	16
ptg002377l_1_region	84115	309831	3.68	0	16
ptg002381l_1	801894	5382160	6.71	0	26
ptg002381l_1_region	801894	5382160	6.71	0	26
ptg002382l_1	760228	4020361	5.29	0	21
ptg002382l_1_region	760228	4020361	5.29	0	21
ptg002383l_1	449745	2578955	5.73	0	21
ptg002383l_1_region	449745	2578955	5.73	0	21
ptg002384l_1	632115	4431529	7.01	0	25
ptg002384l_1_region	632115	4431529	7.01	0	25
ptg002385l_1	57557	223104	3.88	0	12
ptg002385l_1_region	57557	223104	3.88	0	12
ptg002386l_1	510055	3600264	7.06	0	36
ptg002386l_1_region	510055	3600264	7.06	0	36
ptg002387l_1	312100	2312988	7.41	0	17
ptg002387l_1_region	312100	2312988	7.41	0	17
ptg002391l_1	319978	1513036	4.73	0	19
ptg002391l_1_region	319978	1513036	4.73	0	19
ptg002393l_1	1357793	13448715	9.90	0	48
ptg002393l_1_region	1357793	13448715	9.90	0	48
ptg002396l_1	361459	2527683	6.99	0	17
ptg002396l_1_region	361459	2527683	6.99	0	17
ptg002397l_1	632751	5010055	7.92	0	22
ptg002397l_1_region	632751	5010055	7.92	0	22
ptg002398l_1	68432	453285	6.62	0	13
ptg002398l_1_region	68432	453285	6.62	0	13
ptg002400l_1	2121513	15300175	7.21	0	26
ptg002400l_1_region	2121513	15300175	7.21	0	26
ptg002401l_1	47742	306418	6.42	0	16
ptg002401l_1_region	47742	306418	6.42	0	16
ptg002402l_1	414387	1828075	4.41	0	22
ptg002402l_1_region	414387	1828075	4.41	0	22
ptg002403l_1	90289	215258	2.38	0	15
ptg002403l_1_region	90289	215258	2.38	0	15
ptg002405l_1	565486	3206673	5.67	0	30
ptg002405l_1_region	565486	3206673	5.67	0	30
ptg002406l_1	528215	3035746	5.75	0	33
ptg002406l_1_region	528215	3035746	5.75	0	33
ptg002407l_1	406838	2421738	5.95	0	16
ptg002407l_1_region	406838	2421738	5.95	0	16
ptg002408l_1	1734447	12296394	7.09	0	22
ptg002408l_1_region	1734447	12296394	7.09	0	22
ptg002409l_1	231184	1468032	6.35	0	18
ptg002409l_1_region	231184	1468032	6.35	0	18
ptg002410l_1	614759	6052902	9.85	0	37
ptg002410l_1_region	614759	6052902	9.85	0	37
ptg002411l_1	1430781	19319273	13.50	0	454
ptg002411l_1_region	1430781	19319273	13.50	0	454
ptg002412l_1	260825	1707685	6.55	0	21
ptg002412l_1_region	260825	1707685	6.55	0	21
ptg002415l_1	394637	302908	0.77	0	43
ptg002415l_1_region	394637	302908	0.77	0	43
ptg002419l_1	93231	520227	5.58	0	19
ptg002419l_1_region	93231	520227	5.58	0	19
ptg002421l_1	1206770	9702413	8.04	0	27
ptg002421l_1_region	1206770	9702413	8.04	0	27
ptg002423l_1	690371	4759001	6.89	0	26
ptg002423l_1_region	690371	4759001	6.89	0	26
ptg002425l_1	389676	3058263	7.85	0	17
ptg002425l_1_region	389676	3058263	7.85	0	17
ptg002427l_1	208080	1185050	5.70	0	23
ptg002427l_1_region	208080	1185050	5.70	0	23
ptg002428l_1	1330395	8217241	6.18	0	22
ptg002428l_1_region	1330395	8217241	6.18	0	22
ptg002429l_1	879174	3518531	4.00	0	18
ptg002429l_1_region	879174	3518531	4.00	0	18
ptg002430l_1	1165081	9548833	8.20	0	76
ptg002430l_1_region	1165081	9548833	8.20	0	76
ptg002431l_1	965398	4594596	4.76	0	17
ptg002431l_1_region	965398	4594596	4.76	0	17
ptg002434l_1	155169	882556	5.69	0	15
ptg002434l_1_region	155169	882556	5.69	0	15
ptg002435l_1	740632	3205326	4.33	0	17
ptg002435l_1_region	740632	3205326	4.33	0	17
ptg002437l_1	699133	4538283	6.49	0	86
ptg002437l_1_region	699133	4538283	6.49	0	86
ptg002440l_1	1328733	7621016	5.74	0	29
ptg002440l_1_region	1328733	7621016	5.74	0	29
ptg002441l_1	847477	7023482	8.29	0	30
ptg002441l_1_region	847477	7023482	8.29	0	30
ptg002442l_1	384852	2265457	5.89	0	18
ptg002442l_1_region	384852	2265457	5.89	0	18
ptg002443l_1	371432	2126528	5.73	0	16
ptg002443l_1_region	371432	2126528	5.73	0	16
ptg002444l_1	489777	2523429	5.15	0	24
ptg002444l_1_region	489777	2523429	5.15	0	24
ptg002445l_1	451474	1678727	3.72	0	36
ptg002445l_1_region	451474	1678727	3.72	0	36
ptg002446l_1	182718	808843	4.43	0	15
ptg002446l_1_region	182718	808843	4.43	0	15
ptg002448l_1	954931	5737980	6.01	0	18
ptg002448l_1_region	954931	5737980	6.01	0	18
ptg002450l_1	135526	1078864	7.96	0	26
ptg002450l_1_region	135526	1078864	7.96	0	26
ptg002451l_1	732915	5509346	7.52	0	21
ptg002451l_1_region	732915	5509346	7.52	0	21
ptg002453l_1	170747	1184480	6.94	0	20
ptg002453l_1_region	170747	1184480	6.94	0	20
ptg002454l_1	282224	1235784	4.38	0	32
ptg002454l_1_region	282224	1235784	4.38	0	32
ptg002456l_1	355964	1634685	4.59	0	38
ptg002456l_1_region	355964	1634685	4.59	0	38
ptg002457l_1	141496	868735	6.14	0	20
ptg002457l_1_region	141496	868735	6.14	0	20
ptg002458l_1	1212867	11503460	9.48	0	74
ptg002458l_1_region	1212867	11503460	9.48	0	74
ptg002459l_1	66848	355398	5.32	0	12
ptg002459l_1_region	66848	355398	5.32	0	12
ptg002463l_1	25573	113022	4.42	0	12
ptg002463l_1_region	25573	113022	4.42	0	12
ptg002464l_1	618798	4795600	7.75	0	65
ptg002464l_1_region	618798	4795600	7.75	0	65
ptg002465l_1	412475	2554771	6.19	0	299
ptg002465l_1_region	412475	2554771	6.19	0	299
ptg002466l_1	1324345	8738760	6.60	0	28
ptg002466l_1_region	1324345	8738760	6.60	0	28
ptg002467l_1	193495	938755	4.85	0	17
ptg002467l_1_region	193495	938755	4.85	0	17
ptg002468l_1	107186	404114	3.77	0	11
ptg002468l_1_region	107186	404114	3.77	0	11
ptg002469l_1	863783	5465153	6.33	0	24
ptg002469l_1_region	863783	5465153	6.33	0	24
ptg002471l_1	245479	1414426	5.76	0	23
ptg002471l_1_region	245479	1414426	5.76	0	23
ptg002474l_1	237547	989669	4.17	0	14
ptg002474l_1_region	237547	989669	4.17	0	14
ptg002477l_1	73373	213528	2.91	0	41
ptg002477l_1_region	73373	213528	2.91	0	41
ptg002478l_1	2551444	21893892	8.58	0	29
ptg002478l_1_region	2551444	21893892	8.58	0	29
ptg002479l_1	191490	1136919	5.94	0	29
ptg002479l_1_region	191490	1136919	5.94	0	29
ptg002481l_1	395760	2767498	6.99	0	35
ptg002481l_1_region	395760	2767498	6.99	0	35
ptg002483l_1	16723	119408	7.14	1	13
ptg002483l_1_region	16723	119408	7.14	1	13
ptg002484l_1	121994	677284	5.55	0	13
ptg002484l_1_region	121994	677284	5.55	0	13
ptg002487l_1	234007	524490	2.24	0	17
ptg002487l_1_region	234007	524490	2.24	0	17
ptg002488l_1	616042	290806	0.47	0	7
ptg002488l_1_region	616042	290806	0.47	0	7
ptg002489l_1	63982	410549	6.42	0	16
ptg002489l_1_region	63982	410549	6.42	0	16
ptg002497l_1	86331	304549	3.53	0	13
ptg002497l_1_region	86331	304549	3.53	0	13
ptg002498l_1	590928	3490496	5.91	0	26
ptg002498l_1_region	590928	3490496	5.91	0	26
ptg002499l_1	1481003	8971038	6.06	0	20
ptg002499l_1_region	1481003	8971038	6.06	0	20
ptg002500l_1	526990	3375518	6.41	0	16
ptg002500l_1_region	526990	3375518	6.41	0	16
ptg002506l_1	517212	2881620	5.57	0	55
ptg002506l_1_region	517212	2881620	5.57	0	55
ptg002508l_1	559891	3609867	6.45	0	18
ptg002508l_1_region	559891	3609867	6.45	0	18
ptg002510l_1	408814	1924363	4.71	0	13
ptg002510l_1_region	408814	1924363	4.71	0	13
ptg002511l_1	958141	3983424	4.16	0	15
ptg002511l_1_region	958141	3983424	4.16	0	15
ptg002512l_1	2226325	13380511	6.01	0	39
ptg002512l_1_region	2226325	13380511	6.01	0	39
ptg002515l_1	536683	2898264	5.40	0	20
ptg002515l_1_region	536683	2898264	5.40	0	20
ptg002516l_1	1207246	8006741	6.63	0	22
ptg002516l_1_region	1207246	8006741	6.63	0	22
ptg002520l_1	566331	2770328	4.89	0	30
ptg002520l_1_region	566331	2770328	4.89	0	30
ptg002521l_1	154109	922153	5.98	0	33
ptg002521l_1_region	154109	922153	5.98	0	33
ptg002523l_1	680828	4007490	5.89	0	27
ptg002523l_1_region	680828	4007490	5.89	0	27
ptg002525l_1	85831	784304	9.14	0	24
ptg002525l_1_region	85831	784304	9.14	0	24
ptg002526l_1	143803	700238	4.87	0	24
ptg002526l_1_region	143803	700238	4.87	0	24
ptg002527l_1	174924	649233	3.71	0	13
ptg002527l_1_region	174924	649233	3.71	0	13
ptg002528l_1	939124	9329864	9.93	0	62
ptg002528l_1_region	939124	9329864	9.93	0	62
ptg002530l_1	466686	1998129	4.28	0	19
ptg002530l_1_region	466686	1998129	4.28	0	19
ptg002531l_1	377026	1624585	4.31	0	51
ptg002531l_1_region	377026	1624585	4.31	0	51
ptg002533l_1	1026681	7844054	7.64	0	30
ptg002533l_1_region	1026681	7844054	7.64	0	30
ptg002535l_1	423168	3998596	9.45	0	55
ptg002535l_1_region	423168	3998596	9.45	0	55
ptg002536l_1	175724	1386670	7.89	0	28
ptg002536l_1_region	175724	1386670	7.89	0	28
ptg002537l_1	765670	4131881	5.40	0	33
ptg002537l_1_region	765670	4131881	5.40	0	33
ptg002540l_1	1220980	8165305	6.69	0	24
ptg002540l_1_region	1220980	8165305	6.69	0	24
ptg002541l_1	146853	1062284	7.23	0	17
ptg002541l_1_region	146853	1062284	7.23	0	17
ptg002542l_1	575281	4331446	7.53	0	266
ptg002542l_1_region	575281	4331446	7.53	0	266
ptg002543l_1	1145629	13918661	12.15	0	88
ptg002543l_1_region	1145629	13918661	12.15	0	88
ptg002544l_1	649184	1370077	2.11	0	23
ptg002544l_1_region	649184	1370077	2.11	0	23
ptg002545l_1	1127199	484844	0.43	0	17
ptg002545l_1_region	1127199	484844	0.43	0	17
ptg002546l_1	270705	1176401	4.35	0	141
ptg002546l_1_region	270705	1176401	4.35	0	141
ptg002550l_1	324682	2252718	6.94	0	18
ptg002550l_1_region	324682	2252718	6.94	0	18
ptg002551l_1	1980121	13166306	6.65	0	23
ptg002551l_1_region	1980121	13166306	6.65	0	23
ptg002552l_1	946866	6608048	6.98	0	21
ptg002552l_1_region	946866	6608048	6.98	0	21
ptg002553l_1	352935	198407	0.56	0	18
ptg002553l_1_region	352935	198407	0.56	0	18
ptg002555l_1	801186	2577095	3.22	0	19
ptg002555l_1_region	801186	2577095	3.22	0	19
ptg002556l_1	73489	388576	5.29	0	13
ptg002556l_1_region	73489	388576	5.29	0	13
ptg002559l_1	241773	942576	3.90	0	15
ptg002559l_1_region	241773	942576	3.90	0	15
ptg002561l_1	281402	2588833	9.20	0	195
ptg002561l_1_region	281402	2588833	9.20	0	195
ptg002563l_1	83255	499051	5.99	0	25
ptg002563l_1_region	83255	499051	5.99	0	25
ptg002565l_1	256029	1599869	6.25	0	31
ptg002565l_1_region	256029	1599869	6.25	0	31
ptg002566l_1	953533	6027461	6.32	0	19
ptg002566l_1_region	953533	6027461	6.32	0	19
ptg002567l_1	792261	4392626	5.54	0	39
ptg002567l_1_region	792261	4392626	5.54	0	39
ptg002568l_1	496165	3541516	7.14	0	46
ptg002568l_1_region	496165	3541516	7.14	0	46
ptg002569l_1	338112	2349384	6.95	0	18
ptg002569l_1_region	338112	2349384	6.95	0	18
ptg002571l_1	117103	664947	5.68	0	14
ptg002571l_1_region	117103	664947	5.68	0	14
ptg002572l_1	39226	102473	2.61	0	8
ptg002572l_1_region	39226	102473	2.61	0	8
ptg002573l_1	67820	187776	2.77	0	8
ptg002573l_1_region	67820	187776	2.77	0	8
ptg002574l_1	343659	1624742	4.73	0	18
ptg002574l_1_region	343659	1624742	4.73	0	18
ptg002575l_1	112598	512098	4.55	0	30
ptg002575l_1_region	112598	512098	4.55	0	30
ptg002576l_1	142102	845261	5.95	0	12
ptg002576l_1_region	142102	845261	5.95	0	12
ptg002580l_1	635441	3744861	5.89	0	42
ptg002580l_1_region	635441	3744861	5.89	0	42
ptg002581l_1	227450	1465043	6.44	0	27
ptg002581l_1_region	227450	1465043	6.44	0	27
ptg002582l_1	611047	3726153	6.10	0	124
ptg002582l_1_region	611047	3726153	6.10	0	124
ptg002585l_1	162216	1379542	8.50	0	20
ptg002585l_1_region	162216	1379542	8.50	0	20
ptg002586l_1	1085077	6906431	6.36	0	18
ptg002586l_1_region	1085077	6906431	6.36	0	18
ptg002587l_1	268729	2041118	7.60	0	26
ptg002587l_1_region	268729	2041118	7.60	0	26
ptg002588l_1	165422	952515	5.76	0	12
ptg002588l_1_region	165422	952515	5.76	0	12
ptg002593l_1	794021	5451908	6.87	0	18
ptg002593l_1_region	794021	5451908	6.87	0	18
ptg002594l_1	1295747	8346815	6.44	0	25
ptg002594l_1_region	1295747	8346815	6.44	0	25
ptg002598l_1	240271	3179771	13.23	0	99
ptg002598l_1_region	240271	3179771	13.23	0	99
ptg002599l_1	195640	880700	4.50	0	16
ptg002599l_1_region	195640	880700	4.50	0	16
ptg002600l_1	507048	3577639	7.06	0	20
ptg002600l_1_region	507048	3577639	7.06	0	20
ptg002601l_1	219901	1004339	4.57	0	60
ptg002601l_1_region	219901	1004339	4.57	0	60
ptg002602l_1	407068	2930165	7.20	0	28
ptg002602l_1_region	407068	2930165	7.20	0	28
ptg002604l_1	642268	3728491	5.81	0	71
ptg002604l_1_region	642268	3728491	5.81	0	71
ptg002605l_1	617573	2490222	4.03	0	20
ptg002605l_1_region	617573	2490222	4.03	0	20
ptg002608l_1	247734	1291216	5.21	0	17
ptg002608l_1_region	247734	1291216	5.21	0	17
ptg002609l_1	213373	1353004	6.34	0	25
ptg002609l_1_region	213373	1353004	6.34	0	25
ptg002610l_1	1117222	8707146	7.79	0	22
ptg002610l_1_region	1117222	8707146	7.79	0	22
ptg002612l_1	428432	2449094	5.72	0	15
ptg002612l_1_region	428432	2449094	5.72	0	15
ptg002613l_1	512839	2183926	4.26	0	64
ptg002613l_1_region	512839	2183926	4.26	0	64
ptg002614l_1	271669	1305843	4.81	0	41
ptg002614l_1_region	271669	1305843	4.81	0	41
ptg002615l_1	441559	8598354	19.47	0	151
ptg002615l_1_region	441559	8598354	19.47	0	151
ptg002616l_1	153670	799289	5.20	0	18
ptg002616l_1_region	153670	799289	5.20	0	18
ptg002622l_1	71555	391953	5.48	0	30
ptg002622l_1_region	71555	391953	5.48	0	30
ptg002623l_1	173644	547559	3.15	0	11
ptg002623l_1_region	173644	547559	3.15	0	11
ptg002624l_1	1221938	9052659	7.41	0	24
ptg002624l_1_region	1221938	9052659	7.41	0	24
ptg002627l_1	572029	3170546	5.54	0	23
ptg002627l_1_region	572029	3170546	5.54	0	23
ptg002630l_1	367260	1631438	4.44	0	17
ptg002630l_1_region	367260	1631438	4.44	0	17
ptg002631l_1	692297	4240738	6.13	0	19
ptg002631l_1_region	692297	4240738	6.13	0	19
ptg002632l_1	151019	992161	6.57	0	19
ptg002632l_1_region	151019	992161	6.57	0	19
ptg002633l_1	953831	9977534	10.46	0	142
ptg002633l_1_region	953831	9977534	10.46	0	142
ptg002634l_1	962194	7010235	7.29	0	21
ptg002634l_1_region	962194	7010235	7.29	0	21
ptg002635l_1	195716	1160667	5.93	0	15
ptg002635l_1_region	195716	1160667	5.93	0	15
ptg002638l_1	1179428	8297709	7.04	0	24
ptg002638l_1_region	1179428	8297709	7.04	0	24
ptg002640l_1	185546	1197686	6.45	0	95
ptg002640l_1_region	185546	1197686	6.45	0	95
ptg002641l_1	1426857	9861618	6.91	0	22
ptg002641l_1_region	1426857	9861618	6.91	0	22
ptg002642l_1	1376369	8840632	6.42	0	28
ptg002642l_1_region	1376369	8840632	6.42	0	28
ptg002643l_1	233358	893845	3.83	0	11
ptg002643l_1_region	233358	893845	3.83	0	11
ptg002644l_1	145717	855813	5.87	0	15
ptg002644l_1_region	145717	855813	5.87	0	15
ptg002645l_1	82621	715049	8.65	0	23
ptg002645l_1_region	82621	715049	8.65	0	23
ptg002646l_1	79690	715654	8.98	0	20
ptg002646l_1_region	79690	715654	8.98	0	20
ptg002647l_1	1030408	6094140	5.91	0	25
ptg002647l_1_region	1030408	6094140	5.91	0	25
ptg002648l_1	960319	8361772	8.71	0	28
ptg002648l_1_region	960319	8361772	8.71	0	28
ptg002649l_1	938563	6590059	7.02	0	21
ptg002649l_1_region	938563	6590059	7.02	0	21
ptg002651l_1	1122763	6967381	6.21	0	29
ptg002651l_1_region	1122763	6967381	6.21	0	29
ptg002654l_1	299240	1990093	6.65	0	16
ptg002654l_1_region	299240	1990093	6.65	0	16
ptg002655l_1	884013	5545251	6.27	0	22
ptg002655l_1_region	884013	5545251	6.27	0	22
ptg002656l_1	405180	4033778	9.96	0	29
ptg002656l_1_region	405180	4033778	9.96	0	29
ptg002658l_1	148443	519367	3.50	0	10
ptg002658l_1_region	148443	519367	3.50	0	10
ptg002659l_1	136332	1165652	8.55	0	26
ptg002659l_1_region	136332	1165652	8.55	0	26
ptg002663l_1	335784	2271111	6.76	0	65
ptg002663l_1_region	335784	2271111	6.76	0	65
ptg002668l_1	722286	3874035	5.36	0	38
ptg002668l_1_region	722286	3874035	5.36	0	38
ptg002669l_1	652330	2948473	4.52	0	24
ptg002669l_1_region	652330	2948473	4.52	0	24
ptg002670l_1	628980	4190537	6.66	0	50
ptg002670l_1_region	628980	4190537	6.66	0	50
ptg002671l_1	1109760	9182657	8.27	0	23
ptg002671l_1_region	1109760	9182657	8.27	0	23
ptg002672l_1	987726	6792168	6.88	0	25
ptg002672l_1_region	987726	6792168	6.88	0	25
ptg002673l_1	836932	3568389	4.26	0	33
ptg002673l_1_region	836932	3568389	4.26	0	33
ptg002675l_1	699574	3847364	5.50	0	19
ptg002675l_1_region	699574	3847364	5.50	0	19
ptg002676l_1	498732	2263126	4.54	0	18
ptg002676l_1_region	498732	2263126	4.54	0	18
ptg002677l_1	372738	1463063	3.93	0	15
ptg002677l_1_region	372738	1463063	3.93	0	15
ptg002678l_1	451813	2686755	5.95	0	24
ptg002678l_1_region	451813	2686755	5.95	0	24
ptg002679l_1	592044	4166883	7.04	0	24
ptg002679l_1_region	592044	4166883	7.04	0	24
ptg002681l_1	229901	1614270	7.02	0	21
ptg002681l_1_region	229901	1614270	7.02	0	21
ptg002682l_1	1080890	8366834	7.74	0	53
ptg002682l_1_region	1080890	8366834	7.74	0	53
ptg002683l_1	738235	4435941	6.01	0	19
ptg002683l_1_region	738235	4435941	6.01	0	19
ptg002684l_1	343220	2120526	6.18	0	29
ptg002684l_1_region	343220	2120526	6.18	0	29
ptg002686l_1	315969	1172936	3.71	0	35
ptg002686l_1_region	315969	1172936	3.71	0	35
ptg002688l_1	336911	2543608	7.55	0	16
ptg002688l_1_region	336911	2543608	7.55	0	16
ptg002689l_1	859099	5955871	6.93	0	24
ptg002689l_1_region	859099	5955871	6.93	0	24
ptg002690l_1	177069	847245	4.78	0	23
ptg002690l_1_region	177069	847245	4.78	0	23
ptg002693l_1	232525	1315213	5.66	0	28
ptg002693l_1_region	232525	1315213	5.66	0	28
ptg002694l_1	120782	608665	5.04	0	11
ptg002694l_1_region	120782	608665	5.04	0	11
ptg002696l_1	555435	1726368	3.11	0	25
ptg002696l_1_region	555435	1726368	3.11	0	25
ptg002697l_1	292618	616005	2.11	0	13
ptg002697l_1_region	292618	616005	2.11	0	13
ptg002698l_1	767691	5515401	7.18	0	19
ptg002698l_1_region	767691	5515401	7.18	0	19
ptg002701l_1	316972	1448041	4.57	0	15
ptg002701l_1_region	316972	1448041	4.57	0	15
ptg002702l_1	108287	679596	6.28	0	12
ptg002702l_1_region	108287	679596	6.28	0	12
ptg002703l_1	246811	1231852	4.99	0	37
ptg002703l_1_region	246811	1231852	4.99	0	37
ptg002704l_1	618001	3738226	6.05	0	18
ptg002704l_1_region	618001	3738226	6.05	0	18
ptg002705l_1	162189	680223	4.19	0	10
ptg002705l_1_region	162189	680223	4.19	0	10
ptg002707l_1	814619	3305290	4.06	0	17
ptg002707l_1_region	814619	3305290	4.06	0	17
ptg002708l_1	683633	2717748	3.98	0	18
ptg002708l_1_region	683633	2717748	3.98	0	18
ptg002711l_1	156119	991453	6.35	0	14
ptg002711l_1_region	156119	991453	6.35	0	14
ptg002712l_1	284954	1196470	4.20	0	13
ptg002712l_1_region	284954	1196470	4.20	0	13
ptg002713l_1	68464	677763	9.90	0	20
ptg002713l_1_region	68464	677763	9.90	0	20
ptg002714l_1	1684408	11917805	7.08	0	39
ptg002714l_1_region	1684408	11917805	7.08	0	39
ptg002716l_1	893166	5684236	6.36	0	99
ptg002716l_1_region	893166	5684236	6.36	0	99
ptg002719l_1	210114	1084993	5.16	0	21
ptg002719l_1_region	210114	1084993	5.16	0	21
ptg002721l_1	199203	1416060	7.11	0	15
ptg002721l_1_region	199203	1416060	7.11	0	15
ptg002723l_1	155574	979445	6.30	0	16
ptg002723l_1_region	155574	979445	6.30	0	16
ptg002725l_1	2343783	24960911	10.65	0	122
ptg002725l_1_region	2343783	24960911	10.65	0	122
ptg002726l_1	278214	595799	2.14	0	24
ptg002726l_1_region	278214	595799	2.14	0	24
ptg002731l_1	851686	2597524	3.05	0	34
ptg002731l_1_region	851686	2597524	3.05	0	34
ptg002733l_1	403810	3913958	9.69	0	53
ptg002733l_1_region	403810	3913958	9.69	0	53
ptg002734l_1	193946	1062302	5.48	0	37
ptg002734l_1_region	193946	1062302	5.48	0	37
ptg002735l_1	156379	331100	2.12	0	8
ptg002735l_1_region	156379	331100	2.12	0	8
ptg002736l_1	71317	367472	5.15	0	10
ptg002736l_1_region	71317	367472	5.15	0	10
ptg002738l_1	245103	1201225	4.90	0	22
ptg002738l_1_region	245103	1201225	4.90	0	22
ptg002739l_1	714492	4987977	6.98	0	18
ptg002739l_1_region	714492	4987977	6.98	0	18
ptg002741l_1	469532	2486134	5.29	0	18
ptg002741l_1_region	469532	2486134	5.29	0	18
ptg002742l_1	356212	2711200	7.61	0	26
ptg002742l_1_region	356212	2711200	7.61	0	26
ptg002743l_1	113807	315575	2.77	0	14
ptg002743l_1_region	113807	315575	2.77	0	14
ptg002744l_1	401524	2286241	5.69	0	18
ptg002744l_1_region	401524	2286241	5.69	0	18
ptg002746l_1	164073	636881	3.88	0	65
ptg002746l_1_region	164073	636881	3.88	0	65
ptg002747l_1	102767	974533	9.48	0	22
ptg002747l_1_region	102767	974533	9.48	0	22
ptg002748l_1	159234	1550435	9.74	0	28
ptg002748l_1_region	159234	1550435	9.74	0	28
ptg002749l_1	1325058	7507303	5.67	0	76
ptg002749l_1_region	1325058	7507303	5.67	0	76
ptg002750l_1	356870	2745360	7.69	0	218
ptg002750l_1_region	356870	2745360	7.69	0	218
ptg002751l_1	438167	4490471	10.25	0	126
ptg002751l_1_region	438167	4490471	10.25	0	126
ptg002753l_1	98594	256220	2.60	0	9
ptg002753l_1_region	98594	256220	2.60	0	9
ptg002754l_1	272433	1719736	6.31	0	43
ptg002754l_1_region	272433	1719736	6.31	0	43
ptg002755l_1	84669	375625	4.44	0	18
ptg002755l_1_region	84669	375625	4.44	0	18
ptg002756l_1	149962	400960	2.67	0	12
ptg002756l_1_region	149962	400960	2.67	0	12
ptg002757l_1	484416	2904748	6.00	0	25
ptg002757l_1_region	484416	2904748	6.00	0	25
ptg002758l_1	760958	4740647	6.23	0	20
ptg002758l_1_region	760958	4740647	6.23	0	20
ptg002759l_1	179324	1009376	5.63	0	12
ptg002759l_1_region	179324	1009376	5.63	0	12
ptg002760l_1	699895	4593273	6.56	0	38
ptg002760l_1_region	699895	4593273	6.56	0	38
ptg002761l_1	494818	1293913	2.61	0	22
ptg002761l_1_region	494818	1293913	2.61	0	22
ptg002763l_1	622110	3939972	6.33	0	16
ptg002763l_1_region	622110	3939972	6.33	0	16
ptg002764l_1	213456	906169	4.25	0	14
ptg002764l_1_region	213456	906169	4.25	0	14
ptg002765l_1	145428	99659	0.69	0	14
ptg002765l_1_region	145428	99659	0.69	0	14
ptg002769l_1	270064	2037831	7.55	0	21
ptg002769l_1_region	270064	2037831	7.55	0	21
ptg002770l_1	672159	4461702	6.64	0	21
ptg002770l_1_region	672159	4461702	6.64	0	21
ptg002771l_1	1024259	7230639	7.06	0	48
ptg002771l_1_region	1024259	7230639	7.06	0	48
ptg002773l_1	1894601	17782185	9.39	0	194
ptg002773l_1_region	1894601	17782185	9.39	0	194
ptg002774l_1	164735	887227	5.39	0	17
ptg002774l_1_region	164735	887227	5.39	0	17
ptg002776l_1	318508	1558209	4.89	0	15
ptg002776l_1_region	318508	1558209	4.89	0	15
ptg002778l_1	465098	3100534	6.67	0	28
ptg002778l_1_region	465098	3100534	6.67	0	28
ptg002779l_1	1238908	8721050	7.04	0	24
ptg002779l_1_region	1238908	8721050	7.04	0	24
ptg002780l_1	531956	3209231	6.03	0	16
ptg002780l_1_region	531956	3209231	6.03	0	16
ptg002783l_1	1237280	9397360	7.60	0	24
ptg002783l_1_region	1237280	9397360	7.60	0	24
ptg002788l_1	654283	4086631	6.25	0	20
ptg002788l_1_region	654283	4086631	6.25	0	20
ptg002789l_1	304856	1639329	5.38	0	18
ptg002789l_1_region	304856	1639329	5.38	0	18
ptg002790l_1	103040	328850	3.19	0	16
ptg002790l_1_region	103040	328850	3.19	0	16
ptg002791l_1	205919	1139696	5.53	0	17
ptg002791l_1_region	205919	1139696	5.53	0	17
ptg002792l_1	168001	897510	5.34	0	15
ptg002792l_1_region	168001	897510	5.34	0	15
ptg002795l_1	865662	4892599	5.65	0	18
ptg002795l_1_region	865662	4892599	5.65	0	18
ptg002796l_1	303923	1905620	6.27	0	213
ptg002796l_1_region	303923	1905620	6.27	0	213
ptg002797l_1	540703	3243701	6.00	0	26
ptg002797l_1_region	540703	3243701	6.00	0	26
ptg002798l_1	597708	3633612	6.08	0	34
ptg002798l_1_region	597708	3633612	6.08	0	34
ptg002799l_1	233389	1306584	5.60	0	21
ptg002799l_1_region	233389	1306584	5.60	0	21
ptg002801l_1	656686	4540991	6.92	0	31
ptg002801l_1_region	656686	4540991	6.92	0	31
ptg002802l_1	768663	3812991	4.96	0	139
ptg002802l_1_region	768663	3812991	4.96	0	139
ptg002803l_1	645832	4842578	7.50	0	26
ptg002803l_1_region	645832	4842578	7.50	0	26
ptg002804l_1	512220	2653722	5.18	0	24
ptg002804l_1_region	512220	2653722	5.18	0	24
ptg002805l_1	1218179	7801229	6.40	0	28
ptg002805l_1_region	1218179	7801229	6.40	0	28
ptg002806l_1	522444	1630055	3.12	0	13
ptg002806l_1_region	522444	1630055	3.12	0	13
ptg002807l_1	656561	4719387	7.19	0	20
ptg002807l_1_region	656561	4719387	7.19	0	20
ptg002808l_1	134712	649512	4.82	0	14
ptg002808l_1_region	134712	649512	4.82	0	14
ptg002811l_1	259953	1690242	6.50	0	40
ptg002811l_1_region	259953	1690242	6.50	0	40
ptg002812l_1	393125	1896357	4.82	0	24
ptg002812l_1_region	393125	1896357	4.82	0	24
ptg002813l_1	1551931	9915965	6.39	0	26
ptg002813l_1_region	1551931	9915965	6.39	0	26
ptg002815l_1	253073	1217693	4.81	0	18
ptg002815l_1_region	253073	1217693	4.81	0	18
ptg002818l_1	633994	3136825	4.95	0	17
ptg002818l_1_region	633994	3136825	4.95	0	17
ptg002819l_1	411220	2048564	4.98	0	43
ptg002819l_1_region	411220	2048564	4.98	0	43
ptg002820l_1	1517412	10210083	6.73	0	28
ptg002820l_1_region	1517412	10210083	6.73	0	28
ptg002821l_1	1227610	5244501	4.27	0	16
ptg002821l_1_region	1227610	5244501	4.27	0	16
ptg002823l_1	349323	2352423	6.73	0	23
ptg002823l_1_region	349323	2352423	6.73	0	23
ptg002825l_1	527350	9211056	17.47	0	1111
ptg002825l_1_region	527350	9211056	17.47	0	1111
ptg002826l_1	1189244	6845883	5.76	0	19
ptg002826l_1_region	1189244	6845883	5.76	0	19
ptg002833l_1	279059	2264801	8.12	0	19
ptg002833l_1_region	279059	2264801	8.12	0	19
ptg002835l_1	259021	1274744	4.92	0	21
ptg002835l_1_region	259021	1274744	4.92	0	21
ptg002837l_1	284762	1902847	6.68	0	18
ptg002837l_1_region	284762	1902847	6.68	0	18
ptg002838l_1	814271	3097875	3.80	0	15
ptg002838l_1_region	814271	3097875	3.80	0	15
ptg002839l_1	141449	603904	4.27	0	26
ptg002839l_1_region	141449	603904	4.27	0	26
ptg002840l_1	96201	324580	3.37	0	10
ptg002840l_1_region	96201	324580	3.37	0	10
ptg002842l_1	255704	1659715	6.49	0	21
ptg002842l_1_region	255704	1659715	6.49	0	21
ptg002843l_1	403317	2583806	6.41	0	24
ptg002843l_1_region	403317	2583806	6.41	0	24
ptg002844l_1	814112	5287040	6.49	0	18
ptg002844l_1_region	814112	5287040	6.49	0	18
ptg002845l_1	828424	7370411	8.90	0	118
ptg002845l_1_region	828424	7370411	8.90	0	118
ptg002848l_1	674272	1895020	2.81	0	693
ptg002848l_1_region	674272	1895020	2.81	0	693
ptg002849l_1	464705	1610337	3.47	0	22
ptg002849l_1_region	464705	1610337	3.47	0	22
ptg002850l_1	315774	1680196	5.32	0	22
ptg002850l_1_region	315774	1680196	5.32	0	22
ptg002851l_1	306831	1874718	6.11	0	17
ptg002851l_1_region	306831	1874718	6.11	0	17
ptg002852l_1	526373	3598266	6.84	0	18
ptg002852l_1_region	526373	3598266	6.84	0	18
ptg002853l_1	310201	1331825	4.29	0	22
ptg002853l_1_region	310201	1331825	4.29	0	22
ptg002854l_1	738992	2974083	4.02	0	22
ptg002854l_1_region	738992	2974083	4.02	0	22
ptg002856l_1	18283	79343	4.34	0	11
ptg002856l_1_region	18283	79343	4.34	0	11
ptg002857l_1	336216	1945224	5.79	0	18
ptg002857l_1_region	336216	1945224	5.79	0	18
ptg002858l_1	706378	3733834	5.29	0	21
ptg002858l_1_region	706378	3733834	5.29	0	21
ptg002860l_1	227090	1603010	7.06	0	31
ptg002860l_1_region	227090	1603010	7.06	0	31
ptg002861l_1	274029	948834	3.46	0	12
ptg002861l_1_region	274029	948834	3.46	0	12
ptg002864l_1	601973	4686875	7.79	0	24
ptg002864l_1_region	601973	4686875	7.79	0	24
ptg002865l_1	1330794	8675979	6.52	0	32
ptg002865l_1_region	1330794	8675979	6.52	0	32
ptg002866l_1	436545	2278125	5.22	0	19
ptg002866l_1_region	436545	2278125	5.22	0	19
ptg002867l_1	287648	1638489	5.70	0	21
ptg002867l_1_region	287648	1638489	5.70	0	21
ptg002868l_1	233639	1295722	5.55	0	14
ptg002868l_1_region	233639	1295722	5.55	0	14
ptg002871l_1	373406	2209198	5.92	0	16
ptg002871l_1_region	373406	2209198	5.92	0	16
ptg002873l_1	172183	1570545	9.12	0	29
ptg002873l_1_region	172183	1570545	9.12	0	29
ptg002874l_1	250820	1445968	5.76	0	17
ptg002874l_1_region	250820	1445968	5.76	0	17
ptg002875l_1	425368	3462154	8.14	0	26
ptg002875l_1_region	425368	3462154	8.14	0	26
ptg002877l_1	1583729	11242507	7.10	0	42
ptg002877l_1_region	1583729	11242507	7.10	0	42
ptg002878l_1	308259	2171293	7.04	0	38
ptg002878l_1_region	308259	2171293	7.04	0	38
ptg002879l_1	205096	1261641	6.15	0	16
ptg002879l_1_region	205096	1261641	6.15	0	16
ptg002881l_1	241903	1357499	5.61	0	14
ptg002881l_1_region	241903	1357499	5.61	0	14
ptg002882l_1	235155	624161	2.65	0	10
ptg002882l_1_region	235155	624161	2.65	0	10
ptg002884l_1	266772	1631757	6.12	0	18
ptg002884l_1_region	266772	1631757	6.12	0	18
ptg002886l_1	638744	3699644	5.79	0	17
ptg002886l_1_region	638744	3699644	5.79	0	17
ptg002887l_1	1966063	14799372	7.53	0	22
ptg002887l_1_region	1966063	14799372	7.53	0	22
ptg002889l_1	316396	1989170	6.29	0	20
ptg002889l_1_region	316396	1989170	6.29	0	20
ptg002890l_1	89558	511487	5.71	0	16
ptg002890l_1_region	89558	511487	5.71	0	16
ptg002892l_1	26322	197902	7.52	0	13
ptg002892l_1_region	26322	197902	7.52	0	13
ptg002893l_1	2477986	17411182	7.03	0	36
ptg002893l_1_region	2477986	17411182	7.03	0	36
ptg002894l_1	73818	588591	7.97	0	34
ptg002894l_1_region	73818	588591	7.97	0	34
ptg002896l_1	497150	2367875	4.76	0	19
ptg002896l_1_region	497150	2367875	4.76	0	19
ptg002897l_1	28825	137150	4.76	0	13
ptg002897l_1_region	28825	137150	4.76	0	13
ptg002898l_1	754678	4884401	6.47	0	16
ptg002898l_1_region	754678	4884401	6.47	0	16
ptg002901l_1	565949	2927097	5.17	0	20
ptg002901l_1_region	565949	2927097	5.17	0	20
ptg002903l_1	500509	2537801	5.07	0	25
ptg002903l_1_region	500509	2537801	5.07	0	25
ptg002905l_1	307342	2952205	9.61	0	43
ptg002905l_1_region	307342	2952205	9.61	0	43
ptg002906l_1	695204	4287531	6.17	0	17
ptg002906l_1_region	695204	4287531	6.17	0	17
ptg002908l_1	253110	1128936	4.46	0	14
ptg002908l_1_region	253110	1128936	4.46	0	14
ptg002909l_1	231814	1799820	7.76	0	19
ptg002909l_1_region	231814	1799820	7.76	0	19
ptg002912l_1	614109	1544561	2.52	0	19
ptg002912l_1_region	614109	1544561	2.52	0	19
ptg002914l_1	475465	2626608	5.52	0	127
ptg002914l_1_region	475465	2626608	5.52	0	127
ptg002915l_1	38520	130415	3.39	0	10
ptg002915l_1_region	38520	130415	3.39	0	10
ptg002916l_1	176151	619153	3.51	0	10
ptg002916l_1_region	176151	619153	3.51	0	10
ptg002917l_1	243026	1215718	5.00	0	17
ptg002917l_1_region	243026	1215718	5.00	0	17
ptg002919l_1	505932	3516201	6.95	0	21
ptg002919l_1_region	505932	3516201	6.95	0	21
ptg002920l_1	725595	3926872	5.41	0	22
ptg002920l_1_region	725595	3926872	5.41	0	22
ptg002921l_1	199894	1149613	5.75	0	19
ptg002921l_1_region	199894	1149613	5.75	0	19
ptg002922l_1	255872	1415119	5.53	0	14
ptg002922l_1_region	255872	1415119	5.53	0	14
ptg002924l_1	379284	3256315	8.59	0	38
ptg002924l_1_region	379284	3256315	8.59	0	38
ptg002925l_1	300487	2322218	7.73	0	24
ptg002925l_1_region	300487	2322218	7.73	0	24
ptg002926l_1	548776	3768725	6.87	0	17
ptg002926l_1_region	548776	3768725	6.87	0	17
ptg002928l_1	698985	2394853	3.43	0	16
ptg002928l_1_region	698985	2394853	3.43	0	16
ptg002929l_1	52721	198405	3.76	0	11
ptg002929l_1_region	52721	198405	3.76	0	11
ptg002930l_1	31254	85426	2.73	0	9
ptg002930l_1_region	31254	85426	2.73	0	9
ptg002933l_1	102805	535805	5.21	0	15
ptg002933l_1_region	102805	535805	5.21	0	15
ptg002934l_1	231185	1436618	6.21	0	15
ptg002934l_1_region	231185	1436618	6.21	0	15
ptg002935l_1	276975	1501856	5.42	0	14
ptg002935l_1_region	276975	1501856	5.42	0	14
ptg002937l_1	119100	423809	3.56	0	13
ptg002937l_1_region	119100	423809	3.56	0	13
ptg002939l_1	234640	1716918	7.32	0	24
ptg002939l_1_region	234640	1716918	7.32	0	24
ptg002942l_1	422856	2353286	5.57	0	27
ptg002942l_1_region	422856	2353286	5.57	0	27
ptg002943l_1	212671	741509	3.49	0	18
ptg002943l_1_region	212671	741509	3.49	0	18
ptg002946l_1	36982	92374	2.50	0	5
ptg002946l_1_region	36982	92374	2.50	0	5
ptg002948l_1	326347	2197534	6.73	0	18
ptg002948l_1_region	326347	2197534	6.73	0	18
ptg002949l_1	201198	771969	3.84	0	12
ptg002949l_1_region	201198	771969	3.84	0	12
ptg002951l_1	84545	321666	3.80	0	10
ptg002951l_1_region	84545	321666	3.80	0	10
ptg002952l_1	51605	298152	5.78	0	16
ptg002952l_1_region	51605	298152	5.78	0	16
ptg002953l_1	260774	1421446	5.45	0	16
ptg002953l_1_region	260774	1421446	5.45	0	16
ptg002954l_1	907567	5547524	6.11	0	21
ptg002954l_1_region	907567	5547524	6.11	0	21
ptg002955l_1	18030	77325	4.29	0	7
ptg002955l_1_region	18030	77325	4.29	0	7
ptg002956l_1	750790	5242654	6.98	0	24
ptg002956l_1_region	750790	5242654	6.98	0	24
ptg002958l_1	284790	1676419	5.89	0	25
ptg002958l_1_region	284790	1676419	5.89	0	25
ptg002965l_1	187430	1154916	6.16	0	19
ptg002965l_1_region	187430	1154916	6.16	0	19
ptg002967l_1	112334	473607	4.22	0	20
ptg002967l_1_region	112334	473607	4.22	0	20
ptg002968l_1	65625	326948	4.98	0	16
ptg002968l_1_region	65625	326948	4.98	0	16
ptg002969l_1	218321	1229759	5.63	0	16
ptg002969l_1_region	218321	1229759	5.63	0	16
ptg002973l_1	343197	1079022	3.14	0	13
ptg002973l_1_region	343197	1079022	3.14	0	13
ptg002975l_1	194381	1325126	6.82	0	18
ptg002975l_1_region	194381	1325126	6.82	0	18
ptg002976l_1	590729	4484631	7.59	0	33
ptg002976l_1_region	590729	4484631	7.59	0	33
ptg002977l_1	550364	3411983	6.20	0	50
ptg002977l_1_region	550364	3411983	6.20	0	50
ptg002979l_1	613528	4032156	6.57	0	20
ptg002979l_1_region	613528	4032156	6.57	0	20
ptg002981l_1	283107	18775044	66.32	0	357
ptg002981l_1_region	283107	18775044	66.32	0	357
ptg002983l_1	302726	1587819	5.25	0	15
ptg002983l_1_region	302726	1587819	5.25	0	15
ptg002985l_1	125926	296343	2.35	0	11
ptg002985l_1_region	125926	296343	2.35	0	11
ptg002986l_1	1482496	9186204	6.20	0	20
ptg002986l_1_region	1482496	9186204	6.20	0	20
ptg002987l_1	831456	4993284	6.01	0	21
ptg002987l_1_region	831456	4993284	6.01	0	21
ptg002992l_1	288771	1958613	6.78	0	19
ptg002992l_1_region	288771	1958613	6.78	0	19
ptg002993l_1	324007	3650560	11.27	0	127
ptg002993l_1_region	324007	3650560	11.27	0	127
ptg002997l_1	100707	408891	4.06	0	11
ptg002997l_1_region	100707	408891	4.06	0	11
ptg002999l_1	714534	3029265	4.24	0	55
ptg002999l_1_region	714534	3029265	4.24	0	55
ptg003000l_1	29891	214528	7.18	0	16
ptg003000l_1_region	29891	214528	7.18	0	16
ptg003003l_1	187478	856610	4.57	0	16
ptg003003l_1_region	187478	856610	4.57	0	16
ptg003006l_1	102077	286537	2.81	0	7
ptg003006l_1_region	102077	286537	2.81	0	7
ptg003008l_1	223466	1627595	7.28	0	16
ptg003008l_1_region	223466	1627595	7.28	0	16
ptg003012l_1	653250	3486900	5.34	0	19
ptg003012l_1_region	653250	3486900	5.34	0	19
ptg003014l_1	196510	1201382	6.11	0	15
ptg003014l_1_region	196510	1201382	6.11	0	15
ptg003015l_1	599431	3863293	6.44	0	29
ptg003015l_1_region	599431	3863293	6.44	0	29
ptg003017l_1	841695	3808905	4.53	0	21
ptg003017l_1_region	841695	3808905	4.53	0	21
ptg003018l_1	927015	5166707	5.57	0	21
ptg003018l_1_region	927015	5166707	5.57	0	21
ptg003019l_1	473356	2880325	6.08	0	19
ptg003019l_1_region	473356	2880325	6.08	0	19
ptg003021l_1	456709	2022058	4.43	0	18
ptg003021l_1_region	456709	2022058	4.43	0	18
ptg003023l_1	199552	893231	4.48	0	15
ptg003023l_1_region	199552	893231	4.48	0	15
ptg003024l_1	58592	184564	3.15	0	13
ptg003024l_1_region	58592	184564	3.15	0	13
ptg003025l_1	88247	413517	4.69	0	17
ptg003025l_1_region	88247	413517	4.69	0	17
ptg003026l_1	37892	92608	2.44	0	7
ptg003026l_1_region	37892	92608	2.44	0	7
ptg003027l_1	421493	2392816	5.68	0	15
ptg003027l_1_region	421493	2392816	5.68	0	15
ptg003028l_1	209323	796546	3.81	0	18
ptg003028l_1_region	209323	796546	3.81	0	18
ptg003029l_1	224105	513893	2.29	0	22
ptg003029l_1_region	224105	513893	2.29	0	22
ptg003031l_1	727919	2971564	4.08	0	35
ptg003031l_1_region	727919	2971564	4.08	0	35
ptg003032l_1	595015	5178968	8.70	0	31
ptg003032l_1_region	595015	5178968	8.70	0	31
ptg003033l_1	256665	2049678	7.99	0	34
ptg003033l_1_region	256665	2049678	7.99	0	34
ptg003034l_1	684286	2824664	4.13	0	19
ptg003034l_1_region	684286	2824664	4.13	0	19
ptg003036l_1	324317	1648741	5.08	0	19
ptg003036l_1_region	324317	1648741	5.08	0	19
ptg003037l_1	634871	3103125	4.89	0	30
ptg003037l_1_region	634871	3103125	4.89	0	30
ptg003039l_1	94392	541147	5.73	0	13
ptg003039l_1_region	94392	541147	5.73	0	13
ptg003040l_1	978893	5945030	6.07	0	39
ptg003040l_1_region	978893	5945030	6.07	0	39
ptg003041l_1	249403	1511837	6.06	0	16
ptg003041l_1_region	249403	1511837	6.06	0	16
ptg003042l_1	188836	662219	3.51	0	15
ptg003042l_1_region	188836	662219	3.51	0	15
ptg003043l_1	185862	1366285	7.35	0	27
ptg003043l_1_region	185862	1366285	7.35	0	27
ptg003045l_1	262074	2284000	8.72	0	52
ptg003045l_1_region	262074	2284000	8.72	0	52
ptg003049l_1	370093	2886937	7.80	0	62
ptg003049l_1_region	370093	2886937	7.80	0	62
ptg003050l_1	90193	413437	4.58	0	12
ptg003050l_1_region	90193	413437	4.58	0	12
ptg003051l_1	235673	1941247	8.24	0	29
ptg003051l_1_region	235673	1941247	8.24	0	29
ptg003052l_1	196788	856956	4.35	0	14
ptg003052l_1_region	196788	856956	4.35	0	14
ptg003056l_1	203542	672714	3.31	0	10
ptg003056l_1_region	203542	672714	3.31	0	10
ptg003057l_1	96341	376942	3.91	0	10
ptg003057l_1_region	96341	376942	3.91	0	10
ptg003058l_1	622946	4292014	6.89	0	89
ptg003058l_1_region	622946	4292014	6.89	0	89
ptg003059l_1	642230	4145688	6.46	0	26
ptg003059l_1_region	642230	4145688	6.46	0	26
ptg003061l_1	1301552	8792186	6.76	0	25
ptg003061l_1_region	1301552	8792186	6.76	0	25
ptg003067l_1	434520	2625369	6.04	0	25
ptg003067l_1_region	434520	2625369	6.04	0	25
ptg003068l_1	167978	1173123	6.98	0	39
ptg003068l_1_region	167978	1173123	6.98	0	39
ptg003069l_1	392164	1739317	4.44	0	18
ptg003069l_1_region	392164	1739317	4.44	0	18
ptg003070l_1	1365275	9189791	6.73	0	19
ptg003070l_1_region	1365275	9189791	6.73	0	19
ptg003071l_1	384953	1811648	4.71	0	47
ptg003071l_1_region	384953	1811648	4.71	0	47
ptg003074l_1	438358	2645358	6.03	0	21
ptg003074l_1_region	438358	2645358	6.03	0	21
ptg003075l_1	254537	1207197	4.74	0	17
ptg003075l_1_region	254537	1207197	4.74	0	17
ptg003076l_1	240206	406419	1.69	0	12
ptg003076l_1_region	240206	406419	1.69	0	12
ptg003077l_1	698027	6080422	8.71	0	58
ptg003077l_1_region	698027	6080422	8.71	0	58
ptg003078l_1	217632	1282205	5.89	0	14
ptg003078l_1_region	217632	1282205	5.89	0	14
ptg003079l_1	695564	3008314	4.32	0	23
ptg003079l_1_region	695564	3008314	4.32	0	23
ptg003080l_1	256801	1402574	5.46	0	20
ptg003080l_1_region	256801	1402574	5.46	0	20
ptg003083l_1	178576	1315236	7.37	0	17
ptg003083l_1_region	178576	1315236	7.37	0	17
ptg003084l_1	91468	613582	6.71	0	14
ptg003084l_1_region	91468	613582	6.71	0	14
ptg003085l_1	827285	3733562	4.51	0	44
ptg003085l_1_region	827285	3733562	4.51	0	44
ptg003086l_1	292176	796454	2.73	0	17
ptg003086l_1_region	292176	796454	2.73	0	17
ptg003087l_1	335056	2781721	8.30	0	53
ptg003087l_1_region	335056	2781721	8.30	0	53
ptg003088l_1	474957	3421025	7.20	0	25
ptg003088l_1_region	474957	3421025	7.20	0	25
ptg003092l_1	459322	1974473	4.30	0	14
ptg003092l_1_region	459322	1974473	4.30	0	14
ptg003093l_1	293622	1154956	3.93	0	53
ptg003093l_1_region	293622	1154956	3.93	0	53
ptg003098l_1	612268	2298814	3.75	0	17
ptg003098l_1_region	612268	2298814	3.75	0	17
ptg003099l_1	89564	263007	2.94	0	14
ptg003099l_1_region	89564	263007	2.94	0	14
ptg003100l_1	42366	210860	4.98	0	32
ptg003100l_1_region	42366	210860	4.98	0	32
ptg003104l_1	189340	586432	3.10	0	15
ptg003104l_1_region	189340	586432	3.10	0	15
ptg003105l_1	350386	2267218	6.47	0	17
ptg003105l_1_region	350386	2267218	6.47	0	17
ptg003106l_1	371156	2418793	6.52	0	18
ptg003106l_1_region	371156	2418793	6.52	0	18
ptg003108l_1	321236	844761	2.63	0	19
ptg003108l_1_region	321236	844761	2.63	0	19
ptg003111l_1	504553	3367644	6.67	0	27
ptg003111l_1_region	504553	3367644	6.67	0	27
ptg003113l_1	455336	2186387	4.80	0	31
ptg003113l_1_region	455336	2186387	4.80	0	31
ptg003114l_1	398642	1715057	4.30	0	16
ptg003114l_1_region	398642	1715057	4.30	0	16
ptg003115l_1	152803	1014900	6.64	0	46
ptg003115l_1_region	152803	1014900	6.64	0	46
ptg003116l_1	107588	492571	4.58	0	17
ptg003116l_1_region	107588	492571	4.58	0	17
ptg003117l_1	63300	455639	7.20	0	28
ptg003117l_1_region	63300	455639	7.20	0	28
ptg003118l_1	28703	54076	1.88	0	17
ptg003118l_1_region	28703	54076	1.88	0	17
ptg003119l_1	840730	3721502	4.43	0	32
ptg003119l_1_region	840730	3721502	4.43	0	32
ptg003121l_1	150766	858426	5.69	0	29
ptg003121l_1_region	150766	858426	5.69	0	29
ptg003123l_1	749735	6605827	8.81	0	26
ptg003123l_1_region	749735	6605827	8.81	0	26
ptg003125l_1	38378	102153	2.66	0	10
ptg003125l_1_region	38378	102153	2.66	0	10
ptg003127l_1	433826	2927723	6.75	0	16
ptg003127l_1_region	433826	2927723	6.75	0	16
ptg003131l_1	527823	2812898	5.33	0	23
ptg003131l_1_region	527823	2812898	5.33	0	23
ptg003132l_1	644629	2740977	4.25	0	19
ptg003132l_1_region	644629	2740977	4.25	0	19
ptg003133l_1	115277	626244	5.43	0	15
ptg003133l_1_region	115277	626244	5.43	0	15
ptg003134l_1	1041659	8092195	7.77	0	26
ptg003134l_1_region	1041659	8092195	7.77	0	26
ptg003136l_1	346314	1995222	5.76	0	25
ptg003136l_1_region	346314	1995222	5.76	0	25
ptg003137l_1	155060	1037692	6.69	0	17
ptg003137l_1_region	155060	1037692	6.69	0	17
ptg003139l_1	890844	6528339	7.33	0	21
ptg003139l_1_region	890844	6528339	7.33	0	21
ptg003141l_1	882401	6293397	7.13	0	30
ptg003141l_1_region	882401	6293397	7.13	0	30
ptg003144l_1	778745	4760170	6.11	0	27
ptg003144l_1_region	778745	4760170	6.11	0	27
ptg003148l_1	79040	247227	3.13	0	9
ptg003148l_1_region	79040	247227	3.13	0	9
ptg003149l_1	167368	553778	3.31	0	10
ptg003149l_1_region	167368	553778	3.31	0	10
ptg003151l_1	714812	6986863	9.77	0	255
ptg003151l_1_region	714812	6986863	9.77	0	255
ptg003152l_1	567416	2786242	4.91	0	23
ptg003152l_1_region	567416	2786242	4.91	0	23
ptg003153l_1	454350	2790178	6.14	0	20
ptg003153l_1_region	454350	2790178	6.14	0	20
ptg003154l_1	127781	717185	5.61	0	16
ptg003154l_1_region	127781	717185	5.61	0	16
ptg003155l_1	243775	1869952	7.67	0	19
ptg003155l_1_region	243775	1869952	7.67	0	19
ptg003156l_1	95108	501514	5.27	0	16
ptg003156l_1_region	95108	501514	5.27	0	16
ptg003157l_1	89940	196663	2.19	0	18
ptg003157l_1_region	89940	196663	2.19	0	18
ptg003158l_1	853556	5331159	6.25	0	26
ptg003158l_1_region	853556	5331159	6.25	0	26
ptg003159l_1	321044	1857749	5.79	0	27
ptg003159l_1_region	321044	1857749	5.79	0	27
ptg003160l_1	260367	1974025	7.58	0	17
ptg003160l_1_region	260367	1974025	7.58	0	17
ptg003163l_1	92950	402925	4.33	0	15
ptg003163l_1_region	92950	402925	4.33	0	15
ptg003167l_1	884459	4482351	5.07	0	30
ptg003167l_1_region	884459	4482351	5.07	0	30
ptg003168l_1	84549	420209	4.97	0	14
ptg003168l_1_region	84549	420209	4.97	0	14
ptg003169l_1	614328	3517622	5.73	0	32
ptg003169l_1_region	614328	3517622	5.73	0	32
ptg003170l_1	381578	2116655	5.55	0	20
ptg003170l_1_region	381578	2116655	5.55	0	20
ptg003171l_1	419340	2514367	6.00	0	25
ptg003171l_1_region	419340	2514367	6.00	0	25
ptg003173l_1	103944	454058	4.37	0	18
ptg003173l_1_region	103944	454058	4.37	0	18
ptg003174l_1	249782	81214	0.33	0	10
ptg003174l_1_region	249782	81214	0.33	0	10
ptg003175l_1	687441	4069736	5.92	0	41
ptg003175l_1_region	687441	4069736	5.92	0	41
ptg003178l_1	215012	839321	3.90	0	13
ptg003178l_1_region	215012	839321	3.90	0	13
ptg003180l_1	389635	2067983	5.31	0	18
ptg003180l_1_region	389635	2067983	5.31	0	18
ptg003181l_1	168452	567542	3.37	0	23
ptg003181l_1_region	168452	567542	3.37	0	23
ptg003183l_1	285805	1365262	4.78	0	145
ptg003183l_1_region	285805	1365262	4.78	0	145
ptg003185l_1	837942	5322350	6.35	0	17
ptg003185l_1_region	837942	5322350	6.35	0	17
ptg003186l_1	411410	1978896	4.81	0	24
ptg003186l_1_region	411410	1978896	4.81	0	24
ptg003189l_1	1516138	10711011	7.06	0	20
ptg003189l_1_region	1516138	10711011	7.06	0	20
ptg003190l_1	401154	2932420	7.31	0	20
ptg003190l_1_region	401154	2932420	7.31	0	20
ptg003193l_1	101281	478392	4.72	0	12
ptg003193l_1_region	101281	478392	4.72	0	12
ptg003194l_1	558000	2104637	3.77	0	21
ptg003194l_1_region	558000	2104637	3.77	0	21
ptg003195l_1	549103	2485291	4.53	0	20
ptg003195l_1_region	549103	2485291	4.53	0	20
ptg003196l_1	373784	1787717	4.78	0	20
ptg003196l_1_region	373784	1787717	4.78	0	20
ptg003197l_1	261764	1711373	6.54	0	23
ptg003197l_1_region	261764	1711373	6.54	0	23
ptg003198l_1	252142	1366158	5.42	0	18
ptg003198l_1_region	252142	1366158	5.42	0	18
ptg003200l_1	1117629	1506241	1.35	0	61
ptg003200l_1_region	1117629	1506241	1.35	0	61
ptg003202l_1	1268443	19379794	15.28	0	117
ptg003202l_1_region	1268443	19379794	15.28	0	117
ptg003203l_1	85324	393623	4.61	0	16
ptg003203l_1_region	85324	393623	4.61	0	16
ptg003204l_1	156915	866158	5.52	0	25
ptg003204l_1_region	156915	866158	5.52	0	25
ptg003206l_1	441080	2695139	6.11	0	18
ptg003206l_1_region	441080	2695139	6.11	0	18
ptg003209l_1	355934	1441798	4.05	0	25
ptg003209l_1_region	355934	1441798	4.05	0	25
ptg003211l_1	145875	1055867	7.24	0	19
ptg003211l_1_region	145875	1055867	7.24	0	19
ptg003212l_1	171258	912652	5.33	0	54
ptg003212l_1_region	171258	912652	5.33	0	54
ptg003213l_1	88161	505801	5.74	0	16
ptg003213l_1_region	88161	505801	5.74	0	16
ptg003214l_1	439839	3353156	7.62	0	24
ptg003214l_1_region	439839	3353156	7.62	0	24
ptg003216l_1	539930	8937815	16.55	0	57
ptg003216l_1_region	539930	8937815	16.55	0	57
ptg003217l_1	267892	1367856	5.11	0	18
ptg003217l_1_region	267892	1367856	5.11	0	18
ptg003219l_1	102167	445634	4.36	0	15
ptg003219l_1_region	102167	445634	4.36	0	15
ptg003220l_1	61835	245863	3.98	0	38
ptg003220l_1_region	61835	245863	3.98	0	38
ptg003222l_1	85235	336491	3.95	0	10
ptg003222l_1_region	85235	336491	3.95	0	10
ptg003226l_1	409248	4049697	9.90	0	119
ptg003226l_1_region	409248	4049697	9.90	0	119
ptg003227l_1	332996	1875594	5.63	0	25
ptg003227l_1_region	332996	1875594	5.63	0	25
ptg003228c_1	67057	793128	11.83	0	37
ptg003228c_1_region	67057	793128	11.83	0	37
ptg003229l_1	171120	809685	4.73	0	18
ptg003229l_1_region	171120	809685	4.73	0	18
ptg003231l_1	346427	3519493	10.16	0	62
ptg003231l_1_region	346427	3519493	10.16	0	62
ptg003232l_1	129529	754195	5.82	0	19
ptg003232l_1_region	129529	754195	5.82	0	19
ptg003234l_1	113108	405166	3.58	0	12
ptg003234l_1_region	113108	405166	3.58	0	12
ptg003235l_1	635648	3755054	5.91	0	19
ptg003235l_1_region	635648	3755054	5.91	0	19
ptg003236l_1	426032	3169438	7.44	0	34
ptg003236l_1_region	426032	3169438	7.44	0	34
ptg003240l_1	345847	1784055	5.16	0	28
ptg003240l_1_region	345847	1784055	5.16	0	28
ptg003241l_1	415916	3214237	7.73	0	30
ptg003241l_1_region	415916	3214237	7.73	0	30
ptg003244l_1	347871	2285002	6.57	0	22
ptg003244l_1_region	347871	2285002	6.57	0	22
ptg003245l_1	143631	594911	4.14	0	15
ptg003245l_1_region	143631	594911	4.14	0	15
ptg003247l_1	502812	3509620	6.98	0	22
ptg003247l_1_region	502812	3509620	6.98	0	22
ptg003248l_1	775814	4036537	5.20	0	29
ptg003248l_1_region	775814	4036537	5.20	0	29
ptg003249l_1	530657	4240830	7.99	0	136
ptg003249l_1_region	530657	4240830	7.99	0	136
ptg003250l_1	385208	1458788	3.79	0	14
ptg003250l_1_region	385208	1458788	3.79	0	14
ptg003252l_1	493296	3916474	7.94	0	295
ptg003252l_1_region	493296	3916474	7.94	0	295
ptg003253l_1	876987	5976307	6.81	0	24
ptg003253l_1_region	876987	5976307	6.81	0	24
ptg003256l_1	832059	5993228	7.20	0	23
ptg003256l_1_region	832059	5993228	7.20	0	23
ptg003257l_1	75011	394820	5.26	0	17
ptg003257l_1_region	75011	394820	5.26	0	17
ptg003259l_1	391903	2580243	6.58	0	17
ptg003259l_1_region	391903	2580243	6.58	0	17
ptg003261l_1	370463	2284398	6.17	0	16
ptg003261l_1_region	370463	2284398	6.17	0	16
ptg003263l_1	391197	1507080	3.85	0	14
ptg003263l_1_region	391197	1507080	3.85	0	14
ptg003266l_1	205766	831996	4.04	0	15
ptg003266l_1_region	205766	831996	4.04	0	15
ptg003267l_1	876139	5490157	6.27	0	32
ptg003267l_1_region	876139	5490157	6.27	0	32
ptg003268l_1	205853	598483	2.91	0	18
ptg003268l_1_region	205853	598483	2.91	0	18
ptg003269l_1	109831	697074	6.35	0	31
ptg003269l_1_region	109831	697074	6.35	0	31
ptg003270l_1	162969	1339753	8.22	0	18
ptg003270l_1_region	162969	1339753	8.22	0	18
ptg003271l_1	185574	1066371	5.75	0	13
ptg003271l_1_region	185574	1066371	5.75	0	13
ptg003272l_1	276816	723655	2.61	0	12
ptg003272l_1_region	276816	723655	2.61	0	12
ptg003273l_1	448700	3956880	8.82	0	52
ptg003273l_1_region	448700	3956880	8.82	0	52
ptg003274l_1	575272	4423444	7.69	0	22
ptg003274l_1_region	575272	4423444	7.69	0	22
ptg003278l_1	883758	2993479	3.39	0	16
ptg003278l_1_region	883758	2993479	3.39	0	16
ptg003279l_1	441730	1728089	3.91	0	16
ptg003279l_1_region	441730	1728089	3.91	0	16
ptg003280l_1	146741	626657	4.27	0	26
ptg003280l_1_region	146741	626657	4.27	0	26
ptg003283l_1	282722	1724124	6.10	0	19
ptg003283l_1_region	282722	1724124	6.10	0	19
ptg003287l_1	138886	768191	5.53	0	17
ptg003287l_1_region	138886	768191	5.53	0	17
ptg003289l_1	861957	4743978	5.50	0	23
ptg003289l_1_region	861957	4743978	5.50	0	23
ptg003290l_1	789386	7510013	9.51	0	66
ptg003290l_1_region	789386	7510013	9.51	0	66
ptg003291l_1	229186	1065560	4.65	0	19
ptg003291l_1_region	229186	1065560	4.65	0	19
ptg003292l_1	337855	1639283	4.85	0	15
ptg003292l_1_region	337855	1639283	4.85	0	15
ptg003296l_1	701752	6710634	9.56	0	90
ptg003296l_1_region	701752	6710634	9.56	0	90
ptg003298l_1	686878	3857362	5.62	0	19
ptg003298l_1_region	686878	3857362	5.62	0	19
ptg003299l_1	316359	2836614	8.97	0	70
ptg003299l_1_region	316359	2836614	8.97	0	70
ptg003300l_1	874271	4242990	4.85	0	33
ptg003300l_1_region	874271	4242990	4.85	0	33
ptg003301l_1	882712	3427350	3.88	0	19
ptg003301l_1_region	882712	3427350	3.88	0	19
ptg003302l_1	663243	3289386	4.96	0	17
ptg003302l_1_region	663243	3289386	4.96	0	17
ptg003303l_1	548745	3668436	6.69	0	22
ptg003303l_1_region	548745	3668436	6.69	0	22
ptg003304l_1	722478	4797472	6.64	0	18
ptg003304l_1_region	722478	4797472	6.64	0	18
ptg003305l_1	365944	2158350	5.90	0	15
ptg003305l_1_region	365944	2158350	5.90	0	15
ptg003306l_1	330750	2041825	6.17	0	71
ptg003306l_1_region	330750	2041825	6.17	0	71
ptg003307l_1	312339	1549956	4.96	0	15
ptg003307l_1_region	312339	1549956	4.96	0	15
ptg003310l_1	1556869	10324745	6.63	0	20
ptg003310l_1_region	1556869	10324745	6.63	0	20
ptg003311l_1	106389	723674	6.80	0	15
ptg003311l_1_region	106389	723674	6.80	0	15
ptg003312l_1	1193264	8462195	7.09	0	23
ptg003312l_1_region	1193264	8462195	7.09	0	23
ptg003313l_1	312260	1161861	3.72	0	16
ptg003313l_1_region	312260	1161861	3.72	0	16
ptg003315l_1	805316	3659557	4.54	0	19
ptg003315l_1_region	805316	3659557	4.54	0	19
ptg003316l_1	81571	391300	4.80	0	11
ptg003316l_1_region	81571	391300	4.80	0	11
ptg003317l_1	452097	2681523	5.93	0	16
ptg003317l_1_region	452097	2681523	5.93	0	16
ptg003318l_1	112902	605835	5.37	0	14
ptg003318l_1_region	112902	605835	5.37	0	14
ptg003319l_1	596436	2870546	4.81	0	151
ptg003319l_1_region	596436	2870546	4.81	0	151
ptg003320l_1	205516	1186105	5.77	0	18
ptg003320l_1_region	205516	1186105	5.77	0	18
ptg003321l_1	857940	4248313	4.95	0	38
ptg003321l_1_region	857940	4248313	4.95	0	38
ptg003323l_1	456410	3473503	7.61	0	26
ptg003323l_1_region	456410	3473503	7.61	0	26
ptg003326l_1	122048	435617	3.57	0	18
ptg003326l_1_region	122048	435617	3.57	0	18
ptg003327l_1	64515	396863	6.15	0	15
ptg003327l_1_region	64515	396863	6.15	0	15
ptg003328l_1	787942	5297024	6.72	0	17
ptg003328l_1_region	787942	5297024	6.72	0	17
ptg003331l_1	775741	5390744	6.95	0	17
ptg003331l_1_region	775741	5390744	6.95	0	17
ptg003332l_1	491238	4222836	8.60	0	29
ptg003332l_1_region	491238	4222836	8.60	0	29
ptg003333l_1	136365	817075	5.99	0	18
ptg003333l_1_region	136365	817075	5.99	0	18
ptg003334l_1	289095	1341565	4.64	0	14
ptg003334l_1_region	289095	1341565	4.64	0	14
ptg003335l_1	571912	2753286	4.81	0	21
ptg003335l_1_region	571912	2753286	4.81	0	21
ptg003336l_1	512715	4135831	8.07	0	24
ptg003336l_1_region	512715	4135831	8.07	0	24
ptg003337l_1	375550	1986025	5.29	0	34
ptg003337l_1_region	375550	1986025	5.29	0	34
ptg003338l_1	836562	5395077	6.45	0	52
ptg003338l_1_region	836562	5395077	6.45	0	52
ptg003339l_1	87239	338454	3.88	0	10
ptg003339l_1_region	87239	338454	3.88	0	10
ptg003340l_1	405603	2030815	5.01	0	22
ptg003340l_1_region	405603	2030815	5.01	0	22
ptg003341l_1	1694996	11354351	6.70	0	20
ptg003341l_1_region	1694996	11354351	6.70	0	20
ptg003343l_1	600274	3009639	5.01	0	55
ptg003343l_1_region	600274	3009639	5.01	0	55
ptg003344l_1	684255	3843767	5.62	0	19
ptg003344l_1_region	684255	3843767	5.62	0	19
ptg003346l_1	511551	2339816	4.57	0	16
ptg003346l_1_region	511551	2339816	4.57	0	16
ptg003348l_1	710928	4559659	6.41	0	22
ptg003348l_1_region	710928	4559659	6.41	0	22
ptg003349l_1	300097	895995	2.99	0	50
ptg003349l_1_region	300097	895995	2.99	0	50
ptg003350l_1	1179248	7396291	6.27	0	27
ptg003350l_1_region	1179248	7396291	6.27	0	27
ptg003352l_1	115056	430792	3.74	0	11
ptg003352l_1_region	115056	430792	3.74	0	11
ptg003354l_1	81134	275592	3.40	0	10
ptg003354l_1_region	81134	275592	3.40	0	10
ptg003357l_1	568955	2086260	3.67	0	43
ptg003357l_1_region	568955	2086260	3.67	0	43
ptg003359l_1	59701	305322	5.11	0	14
ptg003359l_1_region	59701	305322	5.11	0	14
ptg003361l_1	628796	2493927	3.97	0	17
ptg003361l_1_region	628796	2493927	3.97	0	17
ptg003364l_1	825128	8437389	10.23	0	78
ptg003364l_1_region	825128	8437389	10.23	0	78
ptg003367l_1	474507	2758526	5.81	0	16
ptg003367l_1_region	474507	2758526	5.81	0	16
ptg003368l_1	101231	212216	2.10	0	7
ptg003368l_1_region	101231	212216	2.10	0	7
ptg003370l_1	758876	4170084	5.50	0	23
ptg003370l_1_region	758876	4170084	5.50	0	23
ptg003371l_1	645725	2628610	4.07	0	16
ptg003371l_1_region	645725	2628610	4.07	0	16
ptg003380l_1	80070	409755	5.12	0	68
ptg003380l_1_region	80070	409755	5.12	0	68
ptg003381l_1	500556	2867643	5.73	0	25
ptg003381l_1_region	500556	2867643	5.73	0	25
ptg003382l_1	452948	3601267	7.95	0	113
ptg003382l_1_region	452948	3601267	7.95	0	113
ptg003383l_1	305179	1822650	5.97	0	68
ptg003383l_1_region	305179	1822650	5.97	0	68
ptg003384l_1	308926	1714903	5.55	0	18
ptg003384l_1_region	308926	1714903	5.55	0	18
ptg003385l_1	337333	2094817	6.21	0	16
ptg003385l_1_region	337333	2094817	6.21	0	16
ptg003386l_1	205874	1232454	5.99	0	15
ptg003386l_1_region	205874	1232454	5.99	0	15
ptg003387l_1	722832	4953716	6.85	0	33
ptg003387l_1_region	722832	4953716	6.85	0	33
ptg003388l_1	478178	2029603	4.24	0	15
ptg003388l_1_region	478178	2029603	4.24	0	15
ptg003389l_1	211380	5803425	27.45	0	293
ptg003389l_1_region	211380	5803425	27.45	0	293
ptg003390l_1	660118	4249030	6.44	0	27
ptg003390l_1_region	660118	4249030	6.44	0	27
ptg003393l_1	376796	2900645	7.70	0	53
ptg003393l_1_region	376796	2900645	7.70	0	53
ptg003394l_1	77787	477746	6.14	0	12
ptg003394l_1_region	77787	477746	6.14	0	12
ptg003397l_1	253002	1284184	5.08	0	18
ptg003397l_1_region	253002	1284184	5.08	0	18
ptg003403l_1	451471	2034134	4.51	0	15
ptg003403l_1_region	451471	2034134	4.51	0	15
ptg003404l_1	55970	181990	3.25	0	9
ptg003404l_1_region	55970	181990	3.25	0	9
ptg003409l_1	344118	2419615	7.03	0	32
ptg003409l_1_region	344118	2419615	7.03	0	32
ptg003411l_1	905869	4872438	5.38	0	25
ptg003411l_1_region	905869	4872438	5.38	0	25
ptg003412l_1	880588	6456433	7.33	0	31
ptg003412l_1_region	880588	6456433	7.33	0	31
ptg003416l_1	667694	5034536	7.54	0	19
ptg003416l_1_region	667694	5034536	7.54	0	19
ptg003423l_1	476296	2948893	6.19	0	30
ptg003423l_1_region	476296	2948893	6.19	0	30
ptg003426l_1	858051	6951489	8.10	0	36
ptg003426l_1_region	858051	6951489	8.10	0	36
ptg003427l_1	843683	15163878	17.97	0	195
ptg003427l_1_region	843683	15163878	17.97	0	195
ptg003429l_1	337237	1469301	4.36	0	29
ptg003429l_1_region	337237	1469301	4.36	0	29
ptg003430l_1	1096244	8692074	7.93	0	22
ptg003430l_1_region	1096244	8692074	7.93	0	22
ptg003433l_1	168358	844230	5.01	0	21
ptg003433l_1_region	168358	844230	5.01	0	21
ptg003436l_1	1052238	5774722	5.49	0	19
ptg003436l_1_region	1052238	5774722	5.49	0	19
ptg003437l_1	451520	2686366	5.95	0	15
ptg003437l_1_region	451520	2686366	5.95	0	15
ptg003439l_1	565134	2400468	4.25	0	17
ptg003439l_1_region	565134	2400468	4.25	0	17
ptg003440l_1	327419	2850697	8.71	0	40
ptg003440l_1_region	327419	2850697	8.71	0	40
ptg003443l_1	524799	3498721	6.67	0	20
ptg003443l_1_region	524799	3498721	6.67	0	20
ptg003445l_1	36962	129452	3.50	0	8
ptg003445l_1_region	36962	129452	3.50	0	8
ptg003446l_1	1100633	7075567	6.43	0	27
ptg003446l_1_region	1100633	7075567	6.43	0	27
ptg003447l_1	164668	1128056	6.85	0	17
ptg003447l_1_region	164668	1128056	6.85	0	17
ptg003449l_1	882549	9230052	10.46	0	177
ptg003449l_1_region	882549	9230052	10.46	0	177
ptg003450l_1	149472	582505	3.90	0	11
ptg003450l_1_region	149472	582505	3.90	0	11
ptg003451l_1	169362	695693	4.11	0	11
ptg003451l_1_region	169362	695693	4.11	0	11
ptg003453l_1	596620	3275492	5.49	0	20
ptg003453l_1_region	596620	3275492	5.49	0	20
ptg003455l_1	265560	1235518	4.65	0	13
ptg003455l_1_region	265560	1235518	4.65	0	13
ptg003457l_1	323778	1786914	5.52	0	13
ptg003457l_1_region	323778	1786914	5.52	0	13
ptg003459l_1	378412	2872436	7.59	0	33
ptg003459l_1_region	378412	2872436	7.59	0	33
ptg003464l_1	13728	37496	2.73	0	6
ptg003464l_1_region	13728	37496	2.73	0	6
ptg003465l_1	527764	3182271	6.03	0	27
ptg003465l_1_region	527764	3182271	6.03	0	27
ptg003466l_1	367406	2174831	5.92	0	18
ptg003466l_1_region	367406	2174831	5.92	0	18
ptg003467l_1	564835	2442794	4.32	0	16
ptg003467l_1_region	564835	2442794	4.32	0	16
ptg003469l_1	257621	2098686	8.15	0	98
ptg003469l_1_region	257621	2098686	8.15	0	98
ptg003471l_1	292271	2511060	8.59	0	21
ptg003471l_1_region	292271	2511060	8.59	0	21
ptg003472l_1	571449	2722783	4.76	0	19
ptg003472l_1_region	571449	2722783	4.76	0	19
ptg003473l_1	351242	2081200	5.93	0	68
ptg003473l_1_region	351242	2081200	5.93	0	68
ptg003474l_1	187878	830932	4.42	0	15
ptg003474l_1_region	187878	830932	4.42	0	15
ptg003475l_1	93765	410020	4.37	0	11
ptg003475l_1_region	93765	410020	4.37	0	11
ptg003477l_1	84291	417897	4.96	0	12
ptg003477l_1_region	84291	417897	4.96	0	12
ptg003479l_1	2224084	17476885	7.86	0	35
ptg003479l_1_region	2224084	17476885	7.86	0	35
ptg003483l_1	110201	475858	4.32	0	21
ptg003483l_1_region	110201	475858	4.32	0	21
ptg003484l_1	102860	100187	0.97	0	13
ptg003484l_1_region	102860	100187	0.97	0	13
ptg003493l_1	214282	1068841	4.99	0	16
ptg003493l_1_region	214282	1068841	4.99	0	16
ptg003496l_1	448907	1643239	3.66	0	53
ptg003496l_1_region	448907	1643239	3.66	0	53
ptg003498l_1	175254	796367	4.54	0	16
ptg003498l_1_region	175254	796367	4.54	0	16
ptg003500l_1	308283	1212018	3.93	0	14
ptg003500l_1_region	308283	1212018	3.93	0	14
ptg003501l_1	182118	1404713	7.71	0	32
ptg003501l_1_region	182118	1404713	7.71	0	32
ptg003503l_1	359437	2927985	8.15	0	18
ptg003503l_1_region	359437	2927985	8.15	0	18
ptg003504l_1	336911	2373563	7.05	0	31
ptg003504l_1_region	336911	2373563	7.05	0	31
ptg003507l_1	354085	1908966	5.39	0	14
ptg003507l_1_region	354085	1908966	5.39	0	14
ptg003508l_1	1543310	7821743	5.07	0	19
ptg003508l_1_region	1543310	7821743	5.07	0	19
ptg003509l_1	212407	780698	3.68	0	14
ptg003509l_1_region	212407	780698	3.68	0	14
ptg003511l_1	85516	167991	1.96	0	12
ptg003511l_1_region	85516	167991	1.96	0	12
ptg003513l_1	264753	2263643	8.55	0	57
ptg003513l_1_region	264753	2263643	8.55	0	57
ptg003515l_1	143218	1422752	9.93	0	87
ptg003515l_1_region	143218	1422752	9.93	0	87
ptg003519l_1	121207	800154	6.60	0	16
ptg003519l_1_region	121207	800154	6.60	0	16
ptg003520l_1	83698	324926	3.88	0	10
ptg003520l_1_region	83698	324926	3.88	0	10
ptg003521l_1	190189	1167837	6.14	0	26
ptg003521l_1_region	190189	1167837	6.14	0	26
ptg003522l_1	209592	988192	4.71	0	20
ptg003522l_1_region	209592	988192	4.71	0	20
ptg003523l_1	194702	1351658	6.94	0	15
ptg003523l_1_region	194702	1351658	6.94	0	15
ptg003525l_1	132946	689975	5.19	0	13
ptg003525l_1_region	132946	689975	5.19	0	13
ptg003527l_1	300227	2758828	9.19	0	35
ptg003527l_1_region	300227	2758828	9.19	0	35
ptg003529l_1	1440649	5964500	4.14	0	38
ptg003529l_1_region	1440649	5964500	4.14	0	38
ptg003530l_1	157136	1233968	7.85	0	27
ptg003530l_1_region	157136	1233968	7.85	0	27
ptg003532l_1	28952	137941	4.76	0	10
ptg003532l_1_region	28952	137941	4.76	0	10
ptg003535l_1	528018	2833316	5.37	0	18
ptg003535l_1_region	528018	2833316	5.37	0	18
ptg003536l_1	235383	1026237	4.36	0	14
ptg003536l_1_region	235383	1026237	4.36	0	14
ptg003537l_1	312460	1047332	3.35	0	25
ptg003537l_1_region	312460	1047332	3.35	0	25
ptg003542l_1	683984	4788241	7.00	0	19
ptg003542l_1_region	683984	4788241	7.00	0	19
ptg003543l_1	96758	581458	6.01	0	23
ptg003543l_1_region	96758	581458	6.01	0	23
ptg003544l_1	190100	1206628	6.35	0	15
ptg003544l_1_region	190100	1206628	6.35	0	15
ptg003546l_1	14836	32040	2.16	0	7
ptg003546l_1_region	14836	32040	2.16	0	7
ptg003547l_1	1299610	9589111	7.38	0	25
ptg003547l_1_region	1299610	9589111	7.38	0	25
ptg003548l_1	274278	6266788	22.85	0	347
ptg003548l_1_region	274278	6266788	22.85	0	347
ptg003549l_1	301139	1537223	5.10	0	18
ptg003549l_1_region	301139	1537223	5.10	0	18
ptg003551l_1	178659	986562	5.52	0	22
ptg003551l_1_region	178659	986562	5.52	0	22
ptg003552l_1	1025255	18464940	18.01	0	92
ptg003552l_1_region	1025255	18464940	18.01	0	92
ptg003554l_1	53543	313324	5.85	0	15
ptg003554l_1_region	53543	313324	5.85	0	15
ptg003555l_1	557354	4090687	7.34	0	31
ptg003555l_1_region	557354	4090687	7.34	0	31
ptg003556l_1	788755	4865417	6.17	0	16
ptg003556l_1_region	788755	4865417	6.17	0	16
ptg003561l_1	416550	1922047	4.61	0	16
ptg003561l_1_region	416550	1922047	4.61	0	16
ptg003562l_1	629680	6936831	11.02	0	1032
ptg003562l_1_region	629680	6936831	11.02	0	1032
ptg003563l_1	103745	444048	4.28	0	14
ptg003563l_1_region	103745	444048	4.28	0	14
ptg003564l_1	28731	219733	7.65	1	14
ptg003564l_1_region	28731	219733	7.65	1	14
ptg003565l_1	349114	1364509	3.91	0	15
ptg003565l_1_region	349114	1364509	3.91	0	15
ptg003566l_1	182710	713440	3.90	0	12
ptg003566l_1_region	182710	713440	3.90	0	12
ptg003569l_1	503188	2978141	5.92	0	20
ptg003569l_1_region	503188	2978141	5.92	0	20
ptg003574l_1	207320	916791	4.42	0	12
ptg003574l_1_region	207320	916791	4.42	0	12
ptg003575l_1	436484	2344423	5.37	0	33
ptg003575l_1_region	436484	2344423	5.37	0	33
ptg003578l_1	632675	3736840	5.91	0	17
ptg003578l_1_region	632675	3736840	5.91	0	17
ptg003579l_1	225485	922086	4.09	0	71
ptg003579l_1_region	225485	922086	4.09	0	71
ptg003580l_1	145909	914520	6.27	0	22
ptg003580l_1_region	145909	914520	6.27	0	22
ptg003581l_1	25161	67921	2.70	0	5
ptg003581l_1_region	25161	67921	2.70	0	5
ptg003583l_1	451363	935297	2.07	0	19
ptg003583l_1_region	451363	935297	2.07	0	19
ptg003585l_1	998633	7318517	7.33	0	43
ptg003585l_1_region	998633	7318517	7.33	0	43
ptg003586l_1	196999	1297627	6.59	0	20
ptg003586l_1_region	196999	1297627	6.59	0	20
ptg003589l_1	251725	1215130	4.83	0	22
ptg003589l_1_region	251725	1215130	4.83	0	22
ptg003592l_1	2459218	15473342	6.29	0	31
ptg003592l_1_region	2459218	15473342	6.29	0	31
ptg003595l_1	156286	780018	4.99	0	13
ptg003595l_1_region	156286	780018	4.99	0	13
ptg003596l_1	158401	834958	5.27	0	15
ptg003596l_1_region	158401	834958	5.27	0	15
ptg003597l_1	172860	842896	4.88	0	18
ptg003597l_1_region	172860	842896	4.88	0	18
ptg003598l_1	212113	1235578	5.83	0	15
ptg003598l_1_region	212113	1235578	5.83	0	15
ptg003599l_1	512916	3084525	6.01	0	18
ptg003599l_1_region	512916	3084525	6.01	0	18
ptg003601l_1	272255	1453235	5.34	0	28
ptg003601l_1_region	272255	1453235	5.34	0	28
ptg003604l_1	795071	3972998	5.00	0	29
ptg003604l_1_region	795071	3972998	5.00	0	29
ptg003606l_1	132787	950068	7.15	0	18
ptg003606l_1_region	132787	950068	7.15	0	18
ptg003607l_1	268107	1044409	3.90	0	77
ptg003607l_1_region	268107	1044409	3.90	0	77
ptg003609l_1	566778	3690670	6.51	0	21
ptg003609l_1_region	566778	3690670	6.51	0	21
ptg003610l_1	611383	5050226	8.26	0	65
ptg003610l_1_region	611383	5050226	8.26	0	65
ptg003611l_1	97740	812122	8.31	0	18
ptg003611l_1_region	97740	812122	8.31	0	18
ptg003612l_1	343518	1704296	4.96	0	19
ptg003612l_1_region	343518	1704296	4.96	0	19
ptg003615l_1	77617	253409	3.26	0	8
ptg003615l_1_region	77617	253409	3.26	0	8
ptg003618l_1	315228	2938214	9.32	0	50
ptg003618l_1_region	315228	2938214	9.32	0	50
ptg003619l_1	1138831	8169715	7.17	0	27
ptg003619l_1_region	1138831	8169715	7.17	0	27
ptg003620l_1	46431	231618	4.99	0	12
ptg003620l_1_region	46431	231618	4.99	0	12
ptg003621l_1	41801	242515	5.80	0	16
ptg003621l_1_region	41801	242515	5.80	0	16
ptg003622l_1	538730	2645931	4.91	0	22
ptg003622l_1_region	538730	2645931	4.91	0	22
ptg003623l_1	37646	76365	2.03	0	9
ptg003623l_1_region	37646	76365	2.03	0	9
ptg003624l_1	251923	1258868	5.00	0	21
ptg003624l_1_region	251923	1258868	5.00	0	21
ptg003625l_1	1039278	8621995	8.30	0	20
ptg003625l_1_region	1039278	8621995	8.30	0	20
ptg003631l_1	84102	459871	5.47	0	12
ptg003631l_1_region	84102	459871	5.47	0	12
ptg003633l_1	182106	1058362	5.81	0	17
ptg003633l_1_region	182106	1058362	5.81	0	17
ptg003634l_1	488797	3190656	6.53	0	32
ptg003634l_1_region	488797	3190656	6.53	0	32
ptg003635l_1	845338	5511631	6.52	0	21
ptg003635l_1_region	845338	5511631	6.52	0	21
ptg003636l_1	1084496	8272634	7.63	0	24
ptg003636l_1_region	1084496	8272634	7.63	0	24
ptg003638l_1	28988	215895	7.45	0	19
ptg003638l_1_region	28988	215895	7.45	0	19
ptg003640l_1	580850	2841159	4.89	0	56
ptg003640l_1_region	580850	2841159	4.89	0	56
ptg003641l_1	76471	313025	4.09	0	14
ptg003641l_1_region	76471	313025	4.09	0	14
ptg003642l_1	404153	2477889	6.13	0	20
ptg003642l_1_region	404153	2477889	6.13	0	20
ptg003647l_1	52259	432139	8.27	0	22
ptg003647l_1_region	52259	432139	8.27	0	22
ptg003648l_1	777445	4764682	6.13	0	62
ptg003648l_1_region	777445	4764682	6.13	0	62
ptg003649l_1	340310	1268717	3.73	0	25
ptg003649l_1_region	340310	1268717	3.73	0	25
ptg003653l_1	407957	3723040	9.13	0	87
ptg003653l_1_region	407957	3723040	9.13	0	87
ptg003655l_1	1977078	15126229	7.65	0	193
ptg003655l_1_region	1977078	15126229	7.65	0	193
ptg003656l_1	95720	244301	2.55	0	10
ptg003656l_1_region	95720	244301	2.55	0	10
ptg003657l_1	281679	3088943	10.97	0	440
ptg003657l_1_region	281679	3088943	10.97	0	440
ptg003658l_1	349884	2070175	5.92	0	19
ptg003658l_1_region	349884	2070175	5.92	0	19
ptg003659l_1	618312	3391309	5.48	0	23
ptg003659l_1_region	618312	3391309	5.48	0	23
ptg003660l_1	549575	2507308	4.56	0	18
ptg003660l_1_region	549575	2507308	4.56	0	18
ptg003663l_1	207713	753348	3.63	0	15
ptg003663l_1_region	207713	753348	3.63	0	15
ptg003664l_1	143452	638118	4.45	0	10
ptg003664l_1_region	143452	638118	4.45	0	10
ptg003666l_1	415696	2707217	6.51	0	17
ptg003666l_1_region	415696	2707217	6.51	0	17
ptg003667l_1	393387	1495241	3.80	0	19
ptg003667l_1_region	393387	1495241	3.80	0	19
ptg003672l_1	86254	802222	9.30	0	25
ptg003672l_1_region	86254	802222	9.30	0	25
ptg003673l_1	1048233	5328404	5.08	0	29
ptg003673l_1_region	1048233	5328404	5.08	0	29
ptg003674l_1	181257	1243321	6.86	0	17
ptg003674l_1_region	181257	1243321	6.86	0	17
ptg003675l_1	47776	218367	4.57	0	12
ptg003675l_1_region	47776	218367	4.57	0	12
ptg003676l_1	12607	55263	4.38	0	6
ptg003676l_1_region	12607	55263	4.38	0	6
ptg003677l_1	129083	550564	4.27	0	14
ptg003677l_1_region	129083	550564	4.27	0	14
ptg003679l_1	100670	764045	7.59	0	16
ptg003679l_1_region	100670	764045	7.59	0	16
ptg003681l_1	82439	391115	4.74	0	11
ptg003681l_1_region	82439	391115	4.74	0	11
ptg003683l_1	135779	145732	1.07	0	6
ptg003683l_1_region	135779	145732	1.07	0	6
ptg003686l_1	115506	717639	6.21	0	19
ptg003686l_1_region	115506	717639	6.21	0	19
ptg003687l_1	643096	3643254	5.67	0	16
ptg003687l_1_region	643096	3643254	5.67	0	16
ptg003689l_1	176863	1237507	7.00	0	36
ptg003689l_1_region	176863	1237507	7.00	0	36
ptg003690l_1	756547	4182399	5.53	0	21
ptg003690l_1_region	756547	4182399	5.53	0	21
ptg003691l_1	716599	4912900	6.86	0	58
ptg003691l_1_region	716599	4912900	6.86	0	58
ptg003694l_1	144489	835034	5.78	0	21
ptg003694l_1_region	144489	835034	5.78	0	21
ptg003696l_1	514497	3233172	6.28	0	25
ptg003696l_1_region	514497	3233172	6.28	0	25
ptg003700l_1	146548	794022	5.42	0	12
ptg003700l_1_region	146548	794022	5.42	0	12
ptg003702l_1	736679	4739744	6.43	0	26
ptg003702l_1_region	736679	4739744	6.43	0	26
ptg003703l_1	462274	3305209	7.15	0	21
ptg003703l_1_region	462274	3305209	7.15	0	21
ptg003704l_1	158466	502346	3.17	0	13
ptg003704l_1_region	158466	502346	3.17	0	13
ptg003705l_1	159397	728360	4.57	0	13
ptg003705l_1_region	159397	728360	4.57	0	13
ptg003710l_1	527020	3542499	6.72	0	20
ptg003710l_1_region	527020	3542499	6.72	0	20
ptg003712l_1	176911	592425	3.35	0	12
ptg003712l_1_region	176911	592425	3.35	0	12
ptg003715l_1	476492	2344679	4.92	0	17
ptg003715l_1_region	476492	2344679	4.92	0	17
ptg003716l_1	429842	2002243	4.66	0	24
ptg003716l_1_region	429842	2002243	4.66	0	24
ptg003717l_1	252870	1340073	5.30	0	21
ptg003717l_1_region	252870	1340073	5.30	0	21
ptg003722l_1	594662	2768277	4.66	0	23
ptg003722l_1_region	594662	2768277	4.66	0	23
ptg003724l_1	709360	3483489	4.91	0	17
ptg003724l_1_region	709360	3483489	4.91	0	17
ptg003726l_1	326855	1087060	3.33	0	13
ptg003726l_1_region	326855	1087060	3.33	0	13
ptg003727l_1	140383	531672	3.79	0	33
ptg003727l_1_region	140383	531672	3.79	0	33
ptg003728l_1	328327	3673564	11.19	0	43
ptg003728l_1_region	328327	3673564	11.19	0	43
ptg003729l_1	88160	346354	3.93	0	24
ptg003729l_1_region	88160	346354	3.93	0	24
ptg003731l_1	318961	1855439	5.82	0	33
ptg003731l_1_region	318961	1855439	5.82	0	33
ptg003733l_1	299701	8151127	27.20	0	234
ptg003733l_1_region	299701	8151127	27.20	0	234
ptg003734l_1	94198	416681	4.42	0	10
ptg003734l_1_region	94198	416681	4.42	0	10
ptg003737l_1	209650	1084702	5.17	0	20
ptg003737l_1_region	209650	1084702	5.17	0	20
ptg003738l_1	171222	1543700	9.02	0	28
ptg003738l_1_region	171222	1543700	9.02	0	28
ptg003743l_1	298120	1706097	5.72	0	16
ptg003743l_1_region	298120	1706097	5.72	0	16
ptg003747l_1	266632	1152091	4.32	0	15
ptg003747l_1_region	266632	1152091	4.32	0	15
ptg003749l_1	343464	1884174	5.49	0	53
ptg003749l_1_region	343464	1884174	5.49	0	53
ptg003751l_1	533789	2877273	5.39	0	35
ptg003751l_1_region	533789	2877273	5.39	0	35
ptg003752l_1	329699	2553960	7.75	0	21
ptg003752l_1_region	329699	2553960	7.75	0	21
ptg003753l_1	472026	3039085	6.44	0	23
ptg003753l_1_region	472026	3039085	6.44	0	23
ptg003754l_1	534876	2523032	4.72	0	26
ptg003754l_1_region	534876	2523032	4.72	0	26
ptg003755l_1	296937	2006012	6.76	0	19
ptg003755l_1_region	296937	2006012	6.76	0	19
ptg003758l_1	99467	476084	4.79	0	18
ptg003758l_1_region	99467	476084	4.79	0	18
ptg003761l_1	819919	5403236	6.59	0	20
ptg003761l_1_region	819919	5403236	6.59	0	20
ptg003762l_1	18609	26544	1.43	0	5
ptg003762l_1_region	18609	26544	1.43	0	5
ptg003764l_1	108396	609373	5.62	0	27
ptg003764l_1_region	108396	609373	5.62	0	27
ptg003766l_1	251757	2451160	9.74	0	679
ptg003766l_1_region	251757	2451160	9.74	0	679
ptg003767l_1	722130	5604603	7.76	0	24
ptg003767l_1_region	722130	5604603	7.76	0	24
ptg003771l_1	663032	3885529	5.86	0	16
ptg003771l_1_region	663032	3885529	5.86	0	16
ptg003772l_1	508534	2740289	5.39	0	16
ptg003772l_1_region	508534	2740289	5.39	0	16
ptg003774l_1	297619	1278008	4.29	0	20
ptg003774l_1_region	297619	1278008	4.29	0	20
ptg003776l_1	475248	2654218	5.58	0	24
ptg003776l_1_region	475248	2654218	5.58	0	24
ptg003777l_1	341202	1211186	3.55	0	16
ptg003777l_1_region	341202	1211186	3.55	0	16
ptg003778l_1	156051	970530	6.22	0	15
ptg003778l_1_region	156051	970530	6.22	0	15
ptg003779l_1	240332	995068	4.14	0	13
ptg003779l_1_region	240332	995068	4.14	0	13
ptg003780l_1	89168	470719	5.28	0	12
ptg003780l_1_region	89168	470719	5.28	0	12
ptg003782l_1	510103	2165790	4.25	0	71
ptg003782l_1_region	510103	2165790	4.25	0	71
ptg003784l_1	338525	2068395	6.11	0	26
ptg003784l_1_region	338525	2068395	6.11	0	26
ptg003785l_1	135138	724918	5.36	0	16
ptg003785l_1_region	135138	724918	5.36	0	16
ptg003786l_1	228309	1401624	6.14	0	21
ptg003786l_1_region	228309	1401624	6.14	0	21
ptg003788l_1	450659	3417894	7.58	0	34
ptg003788l_1_region	450659	3417894	7.58	0	34
ptg003789l_1	36188	109714	3.03	0	8
ptg003789l_1_region	36188	109714	3.03	0	8
ptg003790l_1	426450	2996111	7.03	0	17
ptg003790l_1_region	426450	2996111	7.03	0	17
ptg003791l_1	906445	19043487	21.01	0	1410
ptg003791l_1_region	906445	19043487	21.01	0	1410
ptg003792l_1	222846	1119931	5.03	0	22
ptg003792l_1_region	222846	1119931	5.03	0	22
ptg003793l_1	213281	960332	4.50	0	15
ptg003793l_1_region	213281	960332	4.50	0	15
ptg003797l_1	61976	387669	6.26	0	20
ptg003797l_1_region	61976	387669	6.26	0	20
ptg003798l_1	196854	1200975	6.10	0	34
ptg003798l_1_region	196854	1200975	6.10	0	34
ptg003799l_1	297705	2293627	7.70	0	27
ptg003799l_1_region	297705	2293627	7.70	0	27
ptg003800l_1	146433	675641	4.61	0	12
ptg003800l_1_region	146433	675641	4.61	0	12
ptg003803l_1	198461	1858508	9.36	0	27
ptg003803l_1_region	198461	1858508	9.36	0	27
ptg003805l_1	467231	2831100	6.06	0	68
ptg003805l_1_region	467231	2831100	6.06	0	68
ptg003808l_1	171916	802325	4.67	0	14
ptg003808l_1_region	171916	802325	4.67	0	14
ptg003811l_1	557493	2353289	4.22	0	18
ptg003811l_1_region	557493	2353289	4.22	0	18
ptg003812l_1	420470	2867650	6.82	0	23
ptg003812l_1_region	420470	2867650	6.82	0	23
ptg003813l_1	99658	430864	4.32	0	20
ptg003813l_1_region	99658	430864	4.32	0	20
ptg003814l_1	85046	415210	4.88	0	15
ptg003814l_1_region	85046	415210	4.88	0	15
ptg003816l_1	210894	1197947	5.68	0	16
ptg003816l_1_region	210894	1197947	5.68	0	16
ptg003817l_1	340001	1997485	5.87	0	17
ptg003817l_1_region	340001	1997485	5.87	0	17
ptg003820l_1	246589	1324561	5.37	0	18
ptg003820l_1_region	246589	1324561	5.37	0	18
ptg003821l_1	602030	3762632	6.25	0	149
ptg003821l_1_region	602030	3762632	6.25	0	149
ptg003825l_1	261614	2879473	11.01	0	37
ptg003825l_1_region	261614	2879473	11.01	0	37
ptg003826l_1	143510	933907	6.51	0	18
ptg003826l_1_region	143510	933907	6.51	0	18
ptg003830l_1	233725	1148469	4.91	0	16
ptg003830l_1_region	233725	1148469	4.91	0	16
ptg003833l_1	282875	2147127	7.59	0	29
ptg003833l_1_region	282875	2147127	7.59	0	29
ptg003834l_1	577152	3916950	6.79	0	23
ptg003834l_1_region	577152	3916950	6.79	0	23
ptg003835l_1	458986	2514543	5.48	0	15
ptg003835l_1_region	458986	2514543	5.48	0	15
ptg003836l_1	499394	2562166	5.13	0	23
ptg003836l_1_region	499394	2562166	5.13	0	23
ptg003837l_1	318432	1367181	4.29	0	18
ptg003837l_1_region	318432	1367181	4.29	0	18
ptg003838l_1	178373	1502144	8.42	0	30
ptg003838l_1_region	178373	1502144	8.42	0	30
ptg003840l_1	86392	511634	5.92	0	40
ptg003840l_1_region	86392	511634	5.92	0	40
ptg003842l_1	588139	2940303	5.00	0	19
ptg003842l_1_region	588139	2940303	5.00	0	19
ptg003844l_1	140525	1002844	7.14	0	23
ptg003844l_1_region	140525	1002844	7.14	0	23
ptg003847l_1	968424	9698571	10.01	0	58
ptg003847l_1_region	968424	9698571	10.01	0	58
ptg003848l_1	337182	1540457	4.57	0	22
ptg003848l_1_region	337182	1540457	4.57	0	22
ptg003849l_1	224527	1669943	7.44	0	20
ptg003849l_1_region	224527	1669943	7.44	0	20
ptg003850l_1	50547	72506	1.43	0	7
ptg003850l_1_region	50547	72506	1.43	0	7
ptg003855l_1	1539831	11942045	7.76	0	894
ptg003855l_1_region	1539831	11942045	7.76	0	894
ptg003863l_1	544879	3130673	5.75	0	54
ptg003863l_1_region	544879	3130673	5.75	0	54
ptg003864l_1	535611	5838140	10.90	0	33
ptg003864l_1_region	535611	5838140	10.90	0	33
ptg003866l_1	1166400	8708020	7.47	0	19
ptg003866l_1_region	1166400	8708020	7.47	0	19
ptg003867l_1	831488	5853010	7.04	0	22
ptg003867l_1_region	831488	5853010	7.04	0	22
ptg003869l_1	100349	515795	5.14	0	16
ptg003869l_1_region	100349	515795	5.14	0	16
ptg003870l_1	135634	819277	6.04	0	18
ptg003870l_1_region	135634	819277	6.04	0	18
ptg003871l_1	125199	472956	3.78	0	13
ptg003871l_1_region	125199	472956	3.78	0	13
ptg003872l_1	477834	2720772	5.69	0	20
ptg003872l_1_region	477834	2720772	5.69	0	20
ptg003877l_1	529681	2977991	5.62	0	18
ptg003877l_1_region	529681	2977991	5.62	0	18
ptg003878l_1	510483	1600663	3.14	0	18
ptg003878l_1_region	510483	1600663	3.14	0	18
ptg003880l_1	365129	1743401	4.77	0	23
ptg003880l_1_region	365129	1743401	4.77	0	23
ptg003881l_1	1130557	8953321	7.92	0	20
ptg003881l_1_region	1130557	8953321	7.92	0	20
ptg003883l_1	235545	926311	3.93	0	16
ptg003883l_1_region	235545	926311	3.93	0	16
ptg003884l_1	294352	1216436	4.13	0	13
ptg003884l_1_region	294352	1216436	4.13	0	13
ptg003891l_1	421178	1764157	4.19	0	17
ptg003891l_1_region	421178	1764157	4.19	0	17
ptg003892l_1	439134	1740464	3.96	0	27
ptg003892l_1_region	439134	1740464	3.96	0	27
ptg003893l_1	356854	2428134	6.80	0	23
ptg003893l_1_region	356854	2428134	6.80	0	23
ptg003895l_1	534703	2967493	5.55	0	26
ptg003895l_1_region	534703	2967493	5.55	0	26
ptg003896l_1	263844	1231853	4.67	0	17
ptg003896l_1_region	263844	1231853	4.67	0	17
ptg003897l_1	287005	1944691	6.78	0	34
ptg003897l_1_region	287005	1944691	6.78	0	34
ptg003899l_1	237585	1300435	5.47	0	14
ptg003899l_1_region	237585	1300435	5.47	0	14
ptg003903l_1	794159	2771979	3.49	0	19
ptg003903l_1_region	794159	2771979	3.49	0	19
ptg003904l_1	59324	201595	3.40	0	9
ptg003904l_1_region	59324	201595	3.40	0	9
ptg003906l_1	121727	466427	3.83	0	27
ptg003906l_1_region	121727	466427	3.83	0	27
ptg003911l_1	831411	8638295	10.39	0	52
ptg003911l_1_region	831411	8638295	10.39	0	52
ptg003912l_1	568330	3408204	6.00	0	14
ptg003912l_1_region	568330	3408204	6.00	0	14
ptg003913l_1	639444	4137803	6.47	0	15
ptg003913l_1_region	639444	4137803	6.47	0	15
ptg003917l_1	350684	2163284	6.17	0	19
ptg003917l_1_region	350684	2163284	6.17	0	19
ptg003918l_1	130145	517924	3.98	0	13
ptg003918l_1_region	130145	517924	3.98	0	13
ptg003919l_1	310957	1872845	6.02	0	18
ptg003919l_1_region	310957	1872845	6.02	0	18
ptg003920l_1	692711	4881705	7.05	0	38
ptg003920l_1_region	692711	4881705	7.05	0	38
ptg003926l_1	1164505	7859723	6.75	0	22
ptg003926l_1_region	1164505	7859723	6.75	0	22
ptg003930l_1	168859	833531	4.94	0	17
ptg003930l_1_region	168859	833531	4.94	0	17
ptg003931l_1	345833	2614591	7.56	0	24
ptg003931l_1_region	345833	2614591	7.56	0	24
ptg003932l_1	509267	2671687	5.25	0	22
ptg003932l_1_region	509267	2671687	5.25	0	22
ptg003933l_1	203187	1160696	5.71	0	23
ptg003933l_1_region	203187	1160696	5.71	0	23
ptg003935l_1	1773541	12976219	7.32	0	28
ptg003935l_1_region	1773541	12976219	7.32	0	28
ptg003942l_1	52523	30961	0.59	0	6
ptg003942l_1_region	52523	30961	0.59	0	6
ptg003946l_1	350248	2852632	8.14	0	46
ptg003946l_1_region	350248	2852632	8.14	0	46
ptg003948l_1	257219	1488969	5.79	0	18
ptg003948l_1_region	257219	1488969	5.79	0	18
ptg003949l_1	405492	577204	1.42	0	18
ptg003949l_1_region	405492	577204	1.42	0	18
ptg003951l_1	800527	5257461	6.57	0	18
ptg003951l_1_region	800527	5257461	6.57	0	18
ptg003952l_1	746343	4946432	6.63	0	16
ptg003952l_1_region	746343	4946432	6.63	0	16
ptg003953l_1	242022	1187138	4.91	0	14
ptg003953l_1_region	242022	1187138	4.91	0	14
ptg003956l_1	298454	1905274	6.38	0	21
ptg003956l_1_region	298454	1905274	6.38	0	21
ptg003957l_1	208830	621064	2.97	0	31
ptg003957l_1_region	208830	621064	2.97	0	31
ptg003959l_1	186830	904973	4.84	0	69
ptg003959l_1_region	186830	904973	4.84	0	69
ptg003961l_1	332778	3022682	9.08	0	33
ptg003961l_1_region	332778	3022682	9.08	0	33
ptg003963l_1	964304	5595713	5.80	0	20
ptg003963l_1_region	964304	5595713	5.80	0	20
ptg003965l_1	203027	1090707	5.37	0	12
ptg003965l_1_region	203027	1090707	5.37	0	12
ptg003967l_1	1840132	11444659	6.22	0	24
ptg003967l_1_region	1840132	11444659	6.22	0	24
ptg003969l_1	180871	1448435	8.01	0	22
ptg003969l_1_region	180871	1448435	8.01	0	22
ptg003974l_1	457252	2496683	5.46	0	17
ptg003974l_1_region	457252	2496683	5.46	0	17
ptg003979l_1	348685	7272107	20.86	0	234
ptg003979l_1_region	348685	7272107	20.86	0	234
ptg003980l_1	1169462	6570215	5.62	0	96
ptg003980l_1_region	1169462	6570215	5.62	0	96
ptg003983l_1	142007	1272775	8.96	0	60
ptg003983l_1_region	142007	1272775	8.96	0	60
ptg003984l_1	728620	5530130	7.59	0	75
ptg003984l_1_region	728620	5530130	7.59	0	75
ptg003985l_1	101803	402104	3.95	0	11
ptg003985l_1_region	101803	402104	3.95	0	11
ptg003986l_1	125730	572584	4.55	0	16
ptg003986l_1_region	125730	572584	4.55	0	16
ptg003990l_1	384304	1893414	4.93	0	15
ptg003990l_1_region	384304	1893414	4.93	0	15
ptg003992l_1	899887	4928563	5.48	0	93
ptg003992l_1_region	899887	4928563	5.48	0	93
ptg003994l_1	596937	4298011	7.20	0	22
ptg003994l_1_region	596937	4298011	7.20	0	22
ptg003996l_1	421053	3266807	7.76	0	73
ptg003996l_1_region	421053	3266807	7.76	0	73
ptg003997l_1	185117	1014936	5.48	0	23
ptg003997l_1_region	185117	1014936	5.48	0	23
ptg003999l_1	223588	1054183	4.71	0	18
ptg003999l_1_region	223588	1054183	4.71	0	18
ptg004000l_1	62322	322087	5.17	0	11
ptg004000l_1_region	62322	322087	5.17	0	11
ptg004001l_1	922532	6225311	6.75	0	25
ptg004001l_1_region	922532	6225311	6.75	0	25
ptg004004l_1	126938	716343	5.64	0	16
ptg004004l_1_region	126938	716343	5.64	0	16
ptg004005l_1	582295	5759507	9.89	0	84
ptg004005l_1_region	582295	5759507	9.89	0	84
ptg004006l_1	228144	1518061	6.65	0	24
ptg004006l_1_region	228144	1518061	6.65	0	24
ptg004008l_1	309067	1854902	6.00	0	21
ptg004008l_1_region	309067	1854902	6.00	0	21
ptg004009l_1	19454	45343	2.33	0	10
ptg004009l_1_region	19454	45343	2.33	0	10
ptg004011l_1	443992	2532021	5.70	0	18
ptg004011l_1_region	443992	2532021	5.70	0	18
ptg004013l_1	35432	382294	10.79	0	22
ptg004013l_1_region	35432	382294	10.79	0	22
ptg004015l_1	291986	2010255	6.88	0	25
ptg004015l_1_region	291986	2010255	6.88	0	25
ptg004018l_1	2040214	11580635	5.68	0	23
ptg004018l_1_region	2040214	11580635	5.68	0	23
ptg004019l_1	327138	747092	2.28	0	17
ptg004019l_1_region	327138	747092	2.28	0	17
ptg004021l_1	148775	668452	4.49	0	15
ptg004021l_1_region	148775	668452	4.49	0	15
ptg004024l_1	205210	1122392	5.47	0	66
ptg004024l_1_region	205210	1122392	5.47	0	66
ptg004025l_1	791473	3904788	4.93	0	21
ptg004025l_1_region	791473	3904788	4.93	0	21
ptg004026l_1	270252	1070371	3.96	0	12
ptg004026l_1_region	270252	1070371	3.96	0	12
ptg004041l_1	1116779	7915065	7.09	0	22
ptg004041l_1_region	1116779	7915065	7.09	0	22
ptg004042l_1	191402	1550485	8.10	0	20
ptg004042l_1_region	191402	1550485	8.10	0	20
ptg004043l_1	313188	1415446	4.52	0	23
ptg004043l_1_region	313188	1415446	4.52	0	23
ptg004046l_1	362993	2316486	6.38	0	24
ptg004046l_1_region	362993	2316486	6.38	0	24
ptg004047l_1	895447	6476563	7.23	0	19
ptg004047l_1_region	895447	6476563	7.23	0	19
ptg004049l_1	87103	272776	3.13	0	31
ptg004049l_1_region	87103	272776	3.13	0	31
ptg004050l_1	49182	325656	6.62	0	13
ptg004050l_1_region	49182	325656	6.62	0	13
ptg004051l_1	391037	1709190	4.37	0	18
ptg004051l_1_region	391037	1709190	4.37	0	18
ptg004052l_1	1406134	30328391	21.57	0	444
ptg004052l_1_region	1406134	30328391	21.57	0	444
ptg004053l_1	149584	595946	3.98	0	15
ptg004053l_1_region	149584	595946	3.98	0	15
ptg004055l_1	326897	1952624	5.97	0	18
ptg004055l_1_region	326897	1952624	5.97	0	18
ptg004060l_1	292287	2225803	7.62	0	17
ptg004060l_1_region	292287	2225803	7.62	0	17
ptg004062l_1	126428	394487	3.12	0	10
ptg004062l_1_region	126428	394487	3.12	0	10
ptg004063l_1	690303	5219128	7.56	0	23
ptg004063l_1_region	690303	5219128	7.56	0	23
ptg004064l_1	191602	922485	4.81	0	16
ptg004064l_1_region	191602	922485	4.81	0	16
ptg004065l_1	290525	1426043	4.91	0	13
ptg004065l_1_region	290525	1426043	4.91	0	13
ptg004066l_1	1180851	7886749	6.68	0	126
ptg004066l_1_region	1180851	7886749	6.68	0	126
ptg004068l_1	1080299	5961902	5.52	0	19
ptg004068l_1_region	1080299	5961902	5.52	0	19
ptg004071l_1	104809	528274	5.04	0	15
ptg004071l_1_region	104809	528274	5.04	0	15
ptg004072l_1	519802	2492273	4.79	0	56
ptg004072l_1_region	519802	2492273	4.79	0	56
ptg004074l_1	232638	1187845	5.11	0	12
ptg004074l_1_region	232638	1187845	5.11	0	12
ptg004075l_1	398849	3695380	9.27	0	171
ptg004075l_1_region	398849	3695380	9.27	0	171
ptg004079l_1	61310	349154	5.69	0	25
ptg004079l_1_region	61310	349154	5.69	0	25
ptg004080l_1	167502	902802	5.39	0	18
ptg004080l_1_region	167502	902802	5.39	0	18
ptg004083l_1	298206	1415445	4.75	0	15
ptg004083l_1_region	298206	1415445	4.75	0	15
ptg004084l_1	39992	257818	6.45	0	13
ptg004084l_1_region	39992	257818	6.45	0	13
ptg004085l_1	262240	1305400	4.98	0	15
ptg004085l_1_region	262240	1305400	4.98	0	15
ptg004088l_1	34145	52242	1.53	0	5
ptg004088l_1_region	34145	52242	1.53	0	5
ptg004091l_1	604718	18023940	29.81	0	219
ptg004091l_1_region	604718	18023940	29.81	0	219
ptg004093l_1	304146	2678991	8.81	0	41
ptg004093l_1_region	304146	2678991	8.81	0	41
ptg004094l_1	93303	466834	5.00	0	19
ptg004094l_1_region	93303	466834	5.00	0	19
ptg004096l_1	299779	1453650	4.85	0	87
ptg004096l_1_region	299779	1453650	4.85	0	87
ptg004097l_1	213447	793610	3.72	0	52
ptg004097l_1_region	213447	793610	3.72	0	52
ptg004099l_1	215040	1403294	6.53	0	15
ptg004099l_1_region	215040	1403294	6.53	0	15
ptg004100l_1	295441	1672741	5.66	0	20
ptg004100l_1_region	295441	1672741	5.66	0	20
ptg004101l_1	237789	2073914	8.72	0	34
ptg004101l_1_region	237789	2073914	8.72	0	34
ptg004102l_1	17378	81501	4.69	0	9
ptg004102l_1_region	17378	81501	4.69	0	9
ptg004104l_1	15797	171723	10.87	0	21
ptg004104l_1_region	15797	171723	10.87	0	21
ptg004107l_1	400850	1898707	4.74	0	22
ptg004107l_1_region	400850	1898707	4.74	0	22
ptg004113l_1	333809	3200422	9.59	0	28
ptg004113l_1_region	333809	3200422	9.59	0	28
ptg004114l_1	154651	431362	2.79	0	12
ptg004114l_1_region	154651	431362	2.79	0	12
ptg004115l_1	363039	1884148	5.19	0	23
ptg004115l_1_region	363039	1884148	5.19	0	23
ptg004120l_1	176749	654490	3.70	0	18
ptg004120l_1_region	176749	654490	3.70	0	18
ptg004121l_1	298748	2245074	7.51	0	122
ptg004121l_1_region	298748	2245074	7.51	0	122
ptg004122l_1	223846	1033403	4.62	0	108
ptg004122l_1_region	223846	1033403	4.62	0	108
ptg004123l_1	181877	739193	4.06	0	13
ptg004123l_1_region	181877	739193	4.06	0	13
ptg004124l_1	609359	3088768	5.07	0	18
ptg004124l_1_region	609359	3088768	5.07	0	18
ptg004125l_1	263060	1101564	4.19	0	168
ptg004125l_1_region	263060	1101564	4.19	0	168
ptg004126l_1	315059	1592042	5.05	0	16
ptg004126l_1_region	315059	1592042	5.05	0	16
ptg004127l_1	577642	3625943	6.28	0	24
ptg004127l_1_region	577642	3625943	6.28	0	24
ptg004128l_1	74308	342740	4.61	0	13
ptg004128l_1_region	74308	342740	4.61	0	13
ptg004130l_1	1873164	11656224	6.22	0	31
ptg004130l_1_region	1873164	11656224	6.22	0	31
ptg004132l_1	482228	4446498	9.22	0	43
ptg004132l_1_region	482228	4446498	9.22	0	43
ptg004136l_1	81594	376891	4.62	0	20
ptg004136l_1_region	81594	376891	4.62	0	20
ptg004137l_1	575435	2853179	4.96	0	19
ptg004137l_1_region	575435	2853179	4.96	0	19
ptg004139l_1	155543	737075	4.74	0	14
ptg004139l_1_region	155543	737075	4.74	0	14
ptg004141l_1	215928	1146307	5.31	0	17
ptg004141l_1_region	215928	1146307	5.31	0	17
ptg004142l_1	132454	575798	4.35	0	11
ptg004142l_1_region	132454	575798	4.35	0	11
ptg004143l_1	676657	3059561	4.52	0	18
ptg004143l_1_region	676657	3059561	4.52	0	18
ptg004145l_1	276678	1640935	5.93	0	31
ptg004145l_1_region	276678	1640935	5.93	0	31
ptg004146l_1	63075	333640	5.29	0	13
ptg004146l_1_region	63075	333640	5.29	0	13
ptg004148l_1	838322	5383102	6.42	0	34
ptg004148l_1_region	838322	5383102	6.42	0	34
ptg004149l_1	220635	1285370	5.83	0	32
ptg004149l_1_region	220635	1285370	5.83	0	32
ptg004151l_1	309002	1677808	5.43	0	23
ptg004151l_1_region	309002	1677808	5.43	0	23
ptg004153l_1	962277	6340478	6.59	0	26
ptg004153l_1_region	962277	6340478	6.59	0	26
ptg004154l_1	159060	704573	4.43	0	11
ptg004154l_1_region	159060	704573	4.43	0	11
ptg004156l_1	835668	5161457	6.18	0	19
ptg004156l_1_region	835668	5161457	6.18	0	19
ptg004157l_1	471025	8534272	18.12	0	89
ptg004157l_1_region	471025	8534272	18.12	0	89
ptg004158l_1	208058	1232563	5.92	0	21
ptg004158l_1_region	208058	1232563	5.92	0	21
ptg004160l_1	340217	1867733	5.49	0	17
ptg004160l_1_region	340217	1867733	5.49	0	17
ptg004161l_1	56909	315460	5.54	0	16
ptg004161l_1_region	56909	315460	5.54	0	16
ptg004162l_1	460889	1810128	3.93	0	18
ptg004162l_1_region	460889	1810128	3.93	0	18
ptg004163l_1	665596	3884571	5.84	0	24
ptg004163l_1_region	665596	3884571	5.84	0	24
ptg004165l_1	320710	2149039	6.70	0	19
ptg004165l_1_region	320710	2149039	6.70	0	19
ptg004166l_1	1282172	8384052	6.54	0	39
ptg004166l_1_region	1282172	8384052	6.54	0	39
ptg004167l_1	633013	3403830	5.38	0	18
ptg004167l_1_region	633013	3403830	5.38	0	18
ptg004168l_1	317878	1019569	3.21	0	18
ptg004168l_1_region	317878	1019569	3.21	0	18
ptg004169l_1	267460	1276909	4.77	0	19
ptg004169l_1_region	267460	1276909	4.77	0	19
ptg004172l_1	38825	161738	4.17	0	13
ptg004172l_1_region	38825	161738	4.17	0	13
ptg004177l_1	259414	1823849	7.03	0	18
ptg004177l_1_region	259414	1823849	7.03	0	18
ptg004179l_1	259210	2132779	8.23	0	36
ptg004179l_1_region	259210	2132779	8.23	0	36
ptg004182l_1	21007	628927	29.94	1	69
ptg004182l_1_region	21007	628927	29.94	1	69
ptg004184l_1	217223	956500	4.40	0	15
ptg004184l_1_region	217223	956500	4.40	0	15
ptg004185l_1	683237	3725184	5.45	0	65
ptg004185l_1_region	683237	3725184	5.45	0	65
ptg004186l_1	49344	189032	3.83	0	9
ptg004186l_1_region	49344	189032	3.83	0	9
ptg004191l_1	129866	463238	3.57	0	13
ptg004191l_1_region	129866	463238	3.57	0	13
ptg004200l_1	24645	125010	5.07	0	10
ptg004200l_1_region	24645	125010	5.07	0	10
ptg004201l_1	572123	3132214	5.47	0	20
ptg004201l_1_region	572123	3132214	5.47	0	20
ptg004203l_1	632518	3703215	5.85	0	21
ptg004203l_1_region	632518	3703215	5.85	0	21
ptg004204l_1	99106	188835	1.91	0	11
ptg004204l_1_region	99106	188835	1.91	0	11
ptg004206l_1	359203	2222503	6.19	0	24
ptg004206l_1_region	359203	2222503	6.19	0	24
ptg004208l_1	381675	1916659	5.02	0	17
ptg004208l_1_region	381675	1916659	5.02	0	17
ptg004209l_1	404413	1873976	4.63	0	29
ptg004209l_1_region	404413	1873976	4.63	0	29
ptg004210l_1	680490	6186362	9.09	0	68
ptg004210l_1_region	680490	6186362	9.09	0	68
ptg004211l_1	378217	2374787	6.28	0	21
ptg004211l_1_region	378217	2374787	6.28	0	21
ptg004212l_1	613671	3311959	5.40	0	43
ptg004212l_1_region	613671	3311959	5.40	0	43
ptg004214l_1	110989	535692	4.83	0	14
ptg004214l_1_region	110989	535692	4.83	0	14
ptg004215l_1	1179939	7010964	5.94	0	18
ptg004215l_1_region	1179939	7010964	5.94	0	18
ptg004217l_1	457255	2077320	4.54	0	23
ptg004217l_1_region	457255	2077320	4.54	0	23
ptg004219l_1	174861	626329	3.58	0	21
ptg004219l_1_region	174861	626329	3.58	0	21
ptg004222l_1	396760	3097419	7.81	0	57
ptg004222l_1_region	396760	3097419	7.81	0	57
ptg004223l_1	527673	2039753	3.87	0	18
ptg004223l_1_region	527673	2039753	3.87	0	18
ptg004224l_1	297796	1689775	5.67	0	16
ptg004224l_1_region	297796	1689775	5.67	0	16
ptg004227l_1	343048	1807484	5.27	0	32
ptg004227l_1_region	343048	1807484	5.27	0	32
ptg004229l_1	250758	1295239	5.17	0	20
ptg004229l_1_region	250758	1295239	5.17	0	20
ptg004231l_1	473630	3194125	6.74	0	20
ptg004231l_1_region	473630	3194125	6.74	0	20
ptg004233l_1	871843	2885955	3.31	0	19
ptg004233l_1_region	871843	2885955	3.31	0	19
ptg004237l_1	251511	1678061	6.67	0	216
ptg004237l_1_region	251511	1678061	6.67	0	216
ptg004238l_1	75845	298870	3.94	0	21
ptg004238l_1_region	75845	298870	3.94	0	21
ptg004239l_1	29077	111973	3.85	0	6
ptg004239l_1_region	29077	111973	3.85	0	6
ptg004240l_1	321375	1938714	6.03	0	14
ptg004240l_1_region	321375	1938714	6.03	0	14
ptg004241l_1	886696	12398064	13.98	0	199
ptg004241l_1_region	886696	12398064	13.98	0	199
ptg004242l_1	84900	615027	7.24	0	26
ptg004242l_1_region	84900	615027	7.24	0	26
ptg004243l_1	755344	3179663	4.21	0	13
ptg004243l_1_region	755344	3179663	4.21	0	13
ptg004245l_1	158588	833863	5.26	0	35
ptg004245l_1_region	158588	833863	5.26	0	35
ptg004248l_1	1936206	3430269	1.77	0	26
ptg004248l_1_region	1936206	3430269	1.77	0	26
ptg004249l_1	235583	1431863	6.08	0	16
ptg004249l_1_region	235583	1431863	6.08	0	16
ptg004251l_1	155707	494486	3.18	0	13
ptg004251l_1_region	155707	494486	3.18	0	13
ptg004253l_1	103522	771601	7.45	0	36
ptg004253l_1_region	103522	771601	7.45	0	36
ptg004260l_1	421884	3187306	7.55	0	26
ptg004260l_1_region	421884	3187306	7.55	0	26
ptg004262l_1	181068	899123	4.97	0	17
ptg004262l_1_region	181068	899123	4.97	0	17
ptg004263l_1	102531	510502	4.98	0	12
ptg004263l_1_region	102531	510502	4.98	0	12
ptg004264l_1	36841	140223	3.81	0	8
ptg004264l_1_region	36841	140223	3.81	0	8
ptg004265l_1	135100	897216	6.64	0	28
ptg004265l_1_region	135100	897216	6.64	0	28
ptg004266l_1	239194	636680	2.66	0	14
ptg004266l_1_region	239194	636680	2.66	0	14
ptg004267l_1	804304	5461662	6.79	0	26
ptg004267l_1_region	804304	5461662	6.79	0	26
ptg004268l_1	142640	538600	3.78	0	42
ptg004268l_1_region	142640	538600	3.78	0	42
ptg004269l_1	310915	1925655	6.19	0	22
ptg004269l_1_region	310915	1925655	6.19	0	22
ptg004271l_1	626025	2680839	4.28	0	28
ptg004271l_1_region	626025	2680839	4.28	0	28
ptg004272l_1	229997	1243840	5.41	0	61
ptg004272l_1_region	229997	1243840	5.41	0	61
ptg004273l_1	184676	1043610	5.65	0	31
ptg004273l_1_region	184676	1043610	5.65	0	31
ptg004274l_1	114401	559256	4.89	0	14
ptg004274l_1_region	114401	559256	4.89	0	14
ptg004277l_1	647128	1919048	2.97	0	18
ptg004277l_1_region	647128	1919048	2.97	0	18
ptg004278l_1	338593	2155123	6.36	0	16
ptg004278l_1_region	338593	2155123	6.36	0	16
ptg004280l_1	328133	1940709	5.91	0	15
ptg004280l_1_region	328133	1940709	5.91	0	15
ptg004281l_1	357748	2031673	5.68	0	23
ptg004281l_1_region	357748	2031673	5.68	0	23
ptg004284l_1	287316	1453637	5.06	0	15
ptg004284l_1_region	287316	1453637	5.06	0	15
ptg004287l_1	428194	2457019	5.74	0	17
ptg004287l_1_region	428194	2457019	5.74	0	17
ptg004288l_1	492363	3105327	6.31	0	26
ptg004288l_1_region	492363	3105327	6.31	0	26
ptg004289l_1	1764965	13814211	7.83	0	41
ptg004289l_1_region	1764965	13814211	7.83	0	41
ptg004290l_1	92128	107664	1.17	0	12
ptg004290l_1_region	92128	107664	1.17	0	12
ptg004292l_1	184486	805348	4.37	0	62
ptg004292l_1_region	184486	805348	4.37	0	62
ptg004296l_1	473350	2930695	6.19	0	27
ptg004296l_1_region	473350	2930695	6.19	0	27
ptg004298l_1	537228	2567871	4.78	0	43
ptg004298l_1_region	537228	2567871	4.78	0	43
ptg004299l_1	314558	1800378	5.72	0	18
ptg004299l_1_region	314558	1800378	5.72	0	18
ptg004302l_1	217272	1057619	4.87	0	25
ptg004302l_1_region	217272	1057619	4.87	0	25
ptg004305l_1	353842	2094253	5.92	0	18
ptg004305l_1_region	353842	2094253	5.92	0	18
ptg004306l_1	146690	633428	4.32	0	12
ptg004306l_1_region	146690	633428	4.32	0	12
ptg004307l_1	156850	855385	5.45	0	15
ptg004307l_1_region	156850	855385	5.45	0	15
ptg004309l_1	925681	5892082	6.37	0	41
ptg004309l_1_region	925681	5892082	6.37	0	41
ptg004311l_1	645936	3886561	6.02	0	16
ptg004311l_1_region	645936	3886561	6.02	0	16
ptg004312l_1	223462	1036351	4.64	0	20
ptg004312l_1_region	223462	1036351	4.64	0	20
ptg004313l_1	279491	2589420	9.26	0	37
ptg004313l_1_region	279491	2589420	9.26	0	37
ptg004314l_1	328444	1956492	5.96	0	19
ptg004314l_1_region	328444	1956492	5.96	0	19
ptg004315l_1	208763	1283470	6.15	0	18
ptg004315l_1_region	208763	1283470	6.15	0	18
ptg004317l_1	266149	1220075	4.58	0	26
ptg004317l_1_region	266149	1220075	4.58	0	26
ptg004319l_1	165601	376817	2.28	0	21
ptg004319l_1_region	165601	376817	2.28	0	21
ptg004321l_1	491634	3259954	6.63	0	17
ptg004321l_1_region	491634	3259954	6.63	0	17
ptg004322l_1	269851	1654214	6.13	0	18
ptg004322l_1_region	269851	1654214	6.13	0	18
ptg004323l_1	35231	137749	3.91	0	17
ptg004323l_1_region	35231	137749	3.91	0	17
ptg004325l_1	67201	260740	3.88	0	9
ptg004325l_1_region	67201	260740	3.88	0	9
ptg004326l_1	1263858	8649956	6.84	0	20
ptg004326l_1_region	1263858	8649956	6.84	0	20
ptg004327l_1	356202	1863064	5.23	0	15
ptg004327l_1_region	356202	1863064	5.23	0	15
ptg004328l_1	499362	2477396	4.96	0	14
ptg004328l_1_region	499362	2477396	4.96	0	14
ptg004329l_1	114543	373205	3.26	0	14
ptg004329l_1_region	114543	373205	3.26	0	14
ptg004330l_1	302681	1724960	5.70	0	20
ptg004330l_1_region	302681	1724960	5.70	0	20
ptg004332l_1	212650	1357179	6.38	0	17
ptg004332l_1_region	212650	1357179	6.38	0	17
ptg004334l_1	324011	1470310	4.54	0	18
ptg004334l_1_region	324011	1470310	4.54	0	18
ptg004336l_1	378447	3651882	9.65	0	39
ptg004336l_1_region	378447	3651882	9.65	0	39
ptg004339l_1	457543	4276582	9.35	0	145
ptg004339l_1_region	457543	4276582	9.35	0	145
ptg004340l_1	61046	404725	6.63	0	14
ptg004340l_1_region	61046	404725	6.63	0	14
ptg004343l_1	588024	4827425	8.21	0	38
ptg004343l_1_region	588024	4827425	8.21	0	38
ptg004349l_1	132680	713639	5.38	0	17
ptg004349l_1_region	132680	713639	5.38	0	17
ptg004351l_1	831153	5629624	6.77	0	23
ptg004351l_1_region	831153	5629624	6.77	0	23
ptg004352l_1	79757	313389	3.93	0	37
ptg004352l_1_region	79757	313389	3.93	0	37
ptg004356l_1	325198	2519869	7.75	0	21
ptg004356l_1_region	325198	2519869	7.75	0	21
ptg004359l_1	41827	126751	3.03	0	7
ptg004359l_1_region	41827	126751	3.03	0	7
ptg004360l_1	32464	188467	5.81	0	14
ptg004360l_1_region	32464	188467	5.81	0	14
ptg004361l_1	648129	3584437	5.53	0	42
ptg004361l_1_region	648129	3584437	5.53	0	42
ptg004362l_1	175017	586386	3.35	0	12
ptg004362l_1_region	175017	586386	3.35	0	12
ptg004363l_1	334308	1368977	4.09	0	14
ptg004363l_1_region	334308	1368977	4.09	0	14
ptg004364l_1	75996	411636	5.42	0	13
ptg004364l_1_region	75996	411636	5.42	0	13
ptg004365l_1	453903	2162921	4.77	0	36
ptg004365l_1_region	453903	2162921	4.77	0	36
ptg004366l_1	463727	2556849	5.51	0	21
ptg004366l_1_region	463727	2556849	5.51	0	21
ptg004369l_1	123659	1094842	8.85	0	30
ptg004369l_1_region	123659	1094842	8.85	0	30
ptg004370l_1	1042306	6585665	6.32	0	22
ptg004370l_1_region	1042306	6585665	6.32	0	22
ptg004371l_1	85171	357701	4.20	0	19
ptg004371l_1_region	85171	357701	4.20	0	19
ptg004372l_1	487747	2347179	4.81	0	30
ptg004372l_1_region	487747	2347179	4.81	0	30
ptg004373l_1	86199	438653	5.09	0	24
ptg004373l_1_region	86199	438653	5.09	0	24
ptg004374l_1	72567	400870	5.52	0	11
ptg004374l_1_region	72567	400870	5.52	0	11
ptg004375l_1	93939	580997	6.18	0	14
ptg004375l_1_region	93939	580997	6.18	0	14
ptg004376l_1	303321	1605224	5.29	0	18
ptg004376l_1_region	303321	1605224	5.29	0	18
ptg004377l_1	254508	1346003	5.29	0	20
ptg004377l_1_region	254508	1346003	5.29	0	20
ptg004379l_1	120092	584358	4.87	0	14
ptg004379l_1_region	120092	584358	4.87	0	14
ptg004381l_1	86764	380807	4.39	0	26
ptg004381l_1_region	86764	380807	4.39	0	26
ptg004382l_1	79026	423414	5.36	0	18
ptg004382l_1_region	79026	423414	5.36	0	18
ptg004385l_1	169906	1072796	6.31	0	28
ptg004385l_1_region	169906	1072796	6.31	0	28
ptg004388l_1	243554	1586358	6.51	0	16
ptg004388l_1_region	243554	1586358	6.51	0	16
ptg004389l_1	104762	201324	1.92	0	6
ptg004389l_1_region	104762	201324	1.92	0	6
ptg004393l_1	612796	4252490	6.94	0	67
ptg004393l_1_region	612796	4252490	6.94	0	67
ptg004394l_1	203333	1226370	6.03	0	15
ptg004394l_1_region	203333	1226370	6.03	0	15
ptg004395l_1	3308299	21413199	6.47	0	31
ptg004395l_1_region	3308299	21413199	6.47	0	31
ptg004398l_1	912667	4000575	4.38	0	22
ptg004398l_1_region	912667	4000575	4.38	0	22
ptg004399l_1	451033	2328007	5.16	0	57
ptg004399l_1_region	451033	2328007	5.16	0	57
ptg004400l_1	734053	3836067	5.23	0	20
ptg004400l_1_region	734053	3836067	5.23	0	20
ptg004402l_1	152775	1042352	6.82	0	32
ptg004402l_1_region	152775	1042352	6.82	0	32
ptg004403l_1	263557	1520888	5.77	0	159
ptg004403l_1_region	263557	1520888	5.77	0	159
ptg004405l_1	240462	771755	3.21	0	86
ptg004405l_1_region	240462	771755	3.21	0	86
ptg004408l_1	633652	4055719	6.40	0	24
ptg004408l_1_region	633652	4055719	6.40	0	24
ptg004411l_1	287417	1465311	5.10	0	18
ptg004411l_1_region	287417	1465311	5.10	0	18
ptg004412l_1	1388505	11151817	8.03	0	42
ptg004412l_1_region	1388505	11151817	8.03	0	42
ptg004415l_1	484969	2477115	5.11	0	17
ptg004415l_1_region	484969	2477115	5.11	0	17
ptg004416l_1	267298	1505361	5.63	0	15
ptg004416l_1_region	267298	1505361	5.63	0	15
ptg004425l_1	28524	103867	3.64	0	8
ptg004425l_1_region	28524	103867	3.64	0	8
ptg004429l_1	801663	3721240	4.64	0	22
ptg004429l_1_region	801663	3721240	4.64	0	22
ptg004431l_1	337027	4038756	11.98	0	39
ptg004431l_1_region	337027	4038756	11.98	0	39
ptg004432l_1	147239	541082	3.67	0	13
ptg004432l_1_region	147239	541082	3.67	0	13
ptg004433l_1	336145	1863406	5.54	0	21
ptg004433l_1_region	336145	1863406	5.54	0	21
ptg004435l_1	420841	2866660	6.81	0	15
ptg004435l_1_region	420841	2866660	6.81	0	15
ptg004436l_1	10216	42400	4.15	0	6
ptg004436l_1_region	10216	42400	4.15	0	6
ptg004439l_1	223069	1298182	5.82	0	96
ptg004439l_1_region	223069	1298182	5.82	0	96
ptg004441l_1	254665	1045000	4.10	0	16
ptg004441l_1_region	254665	1045000	4.10	0	16
ptg004443l_1	573445	4070631	7.10	0	21
ptg004443l_1_region	573445	4070631	7.10	0	21
ptg004444l_1	102062	815942	7.99	0	21
ptg004444l_1_region	102062	815942	7.99	0	21
ptg004446l_1	490737	2606948	5.31	0	16
ptg004446l_1_region	490737	2606948	5.31	0	16
ptg004447l_1	279993	1601494	5.72	0	13
ptg004447l_1_region	279993	1601494	5.72	0	13
ptg004449l_1	453305	3057649	6.75	0	33
ptg004449l_1_region	453305	3057649	6.75	0	33
ptg004451l_1	129563	826351	6.38	0	16
ptg004451l_1_region	129563	826351	6.38	0	16
ptg004452l_1	119771	898668	7.50	0	86
ptg004452l_1_region	119771	898668	7.50	0	86
ptg004454l_1	158857	862214	5.43	0	16
ptg004454l_1_region	158857	862214	5.43	0	16
ptg004460l_1	154760	976806	6.31	0	16
ptg004460l_1_region	154760	976806	6.31	0	16
ptg004461l_1	677479	4196728	6.19	0	18
ptg004461l_1_region	677479	4196728	6.19	0	18
ptg004463l_1	322613	1627109	5.04	0	18
ptg004463l_1_region	322613	1627109	5.04	0	18
ptg004464l_1	228686	1031187	4.51	0	14
ptg004464l_1_region	228686	1031187	4.51	0	14
ptg004465l_1	442510	2426758	5.48	0	33
ptg004465l_1_region	442510	2426758	5.48	0	33
ptg004466l_1	168433	991997	5.89	0	16
ptg004466l_1_region	168433	991997	5.89	0	16
ptg004467l_1	237312	1495533	6.30	0	15
ptg004467l_1_region	237312	1495533	6.30	0	15
ptg004471l_1	80464	699611	8.69	0	37
ptg004471l_1_region	80464	699611	8.69	0	37
ptg004472l_1	330354	2273897	6.88	0	82
ptg004472l_1_region	330354	2273897	6.88	0	82
ptg004473l_1	300599	2457337	8.17	0	57
ptg004473l_1_region	300599	2457337	8.17	0	57
ptg004474l_1	422779	1825603	4.32	0	14
ptg004474l_1_region	422779	1825603	4.32	0	14
ptg004478l_1	332208	1762992	5.31	0	19
ptg004478l_1_region	332208	1762992	5.31	0	19
ptg004481l_1	27207	138113	5.08	0	9
ptg004481l_1_region	27207	138113	5.08	0	9
ptg004482l_1	308511	1641724	5.32	0	15
ptg004482l_1_region	308511	1641724	5.32	0	15
ptg004483l_1	281626	1570165	5.58	0	17
ptg004483l_1_region	281626	1570165	5.58	0	17
ptg004485l_1	436607	3265423	7.48	0	20
ptg004485l_1_region	436607	3265423	7.48	0	20
ptg004486l_1	262221	2177040	8.30	0	22
ptg004486l_1_region	262221	2177040	8.30	0	22
ptg004487l_1	532022	2491901	4.68	0	15
ptg004487l_1_region	532022	2491901	4.68	0	15
ptg004488l_1	368095	1419832	3.86	0	17
ptg004488l_1_region	368095	1419832	3.86	0	17
ptg004489l_1	129413	481228	3.72	0	48
ptg004489l_1_region	129413	481228	3.72	0	48
ptg004496l_1	398224	1827690	4.59	0	13
ptg004496l_1_region	398224	1827690	4.59	0	13
ptg004500l_1	264615	1810079	6.84	0	21
ptg004500l_1_region	264615	1810079	6.84	0	21
ptg004502l_1	177787	1355141	7.62	0	25
ptg004502l_1_region	177787	1355141	7.62	0	25
ptg004503l_1	518378	1450473	2.80	0	19
ptg004503l_1_region	518378	1450473	2.80	0	19
ptg004504l_1	102780	538173	5.24	0	16
ptg004504l_1_region	102780	538173	5.24	0	16
ptg004505l_1	473296	2666206	5.63	0	17
ptg004505l_1_region	473296	2666206	5.63	0	17
ptg004506l_1	47993	263629	5.49	0	13
ptg004506l_1_region	47993	263629	5.49	0	13
ptg004507l_1	680733	3478645	5.11	0	45
ptg004507l_1_region	680733	3478645	5.11	0	45
ptg004514l_1	279457	2491296	8.91	0	58
ptg004514l_1_region	279457	2491296	8.91	0	58
ptg004515l_1	49785	269336	5.41	0	15
ptg004515l_1_region	49785	269336	5.41	0	15
ptg004517l_1	377343	2548978	6.76	0	75
ptg004517l_1_region	377343	2548978	6.76	0	75
ptg004519l_1	335367	1529941	4.56	0	14
ptg004519l_1_region	335367	1529941	4.56	0	14
ptg004520l_1	36862	180008	4.88	0	15
ptg004520l_1_region	36862	180008	4.88	0	15
ptg004521l_1	497734	2110217	4.24	0	105
ptg004521l_1_region	497734	2110217	4.24	0	105
ptg004522l_1	569603	2953096	5.18	0	47
ptg004522l_1_region	569603	2953096	5.18	0	47
ptg004523l_1	429400	2602050	6.06	0	33
ptg004523l_1_region	429400	2602050	6.06	0	33
ptg004525l_1	160809	866059	5.39	0	16
ptg004525l_1_region	160809	866059	5.39	0	16
ptg004526l_1	129206	684537	5.30	0	50
ptg004526l_1_region	129206	684537	5.30	0	50
ptg004528l_1	380649	2178174	5.72	0	28
ptg004528l_1_region	380649	2178174	5.72	0	28
ptg004531l_1	452250	3417373	7.56	0	22
ptg004531l_1_region	452250	3417373	7.56	0	22
ptg004533l_1	567846	3188169	5.61	0	17
ptg004533l_1_region	567846	3188169	5.61	0	17
ptg004534l_1	98490	377226	3.83	0	17
ptg004534l_1_region	98490	377226	3.83	0	17
ptg004535l_1	17401	23997	1.38	0	6
ptg004535l_1_region	17401	23997	1.38	0	6
ptg004536l_1	45534	118114	2.59	0	14
ptg004536l_1_region	45534	118114	2.59	0	14
ptg004540l_1	22467	35666	1.59	0	5
ptg004540l_1_region	22467	35666	1.59	0	5
ptg004541l_1	48774	1362636	27.94	0	81
ptg004541l_1_region	48774	1362636	27.94	0	81
ptg004544l_1	254237	1032906	4.06	0	14
ptg004544l_1_region	254237	1032906	4.06	0	14
ptg004546l_1	132463	501920	3.79	0	11
ptg004546l_1_region	132463	501920	3.79	0	11
ptg004549l_1	284303	867994	3.05	0	18
ptg004549l_1_region	284303	867994	3.05	0	18
ptg004550l_1	523679	3702001	7.07	0	19
ptg004550l_1_region	523679	3702001	7.07	0	19
ptg004551l_1	298883	1902134	6.36	0	23
ptg004551l_1_region	298883	1902134	6.36	0	23
ptg004552l_1	330554	2505319	7.58	0	47
ptg004552l_1_region	330554	2505319	7.58	0	47
ptg004553l_1	195452	1296319	6.63	1	18
ptg004553l_1_region	195452	1296319	6.63	1	18
ptg004554l_1	71159	316443	4.45	0	10
ptg004554l_1_region	71159	316443	4.45	0	10
ptg004556l_1	220188	1169216	5.31	0	14
ptg004556l_1_region	220188	1169216	5.31	0	14
ptg004558l_1	438719	2677186	6.10	0	44
ptg004558l_1_region	438719	2677186	6.10	0	44
ptg004559l_1	19976	62923	3.15	0	8
ptg004559l_1_region	19976	62923	3.15	0	8
ptg004560l_1	77805	446485	5.74	0	12
ptg004560l_1_region	77805	446485	5.74	0	12
ptg004564l_1	150376	888952	5.91	0	40
ptg004564l_1_region	150376	888952	5.91	0	40
ptg004565l_1	262755	1193500	4.54	0	16
ptg004565l_1_region	262755	1193500	4.54	0	16
ptg004569l_1	202512	1776108	8.77	0	35
ptg004569l_1_region	202512	1776108	8.77	0	35
ptg004575l_1	128239	409231	3.19	0	13
ptg004575l_1_region	128239	409231	3.19	0	13
ptg004576l_1	720236	1972186	2.74	0	31
ptg004576l_1_region	720236	1972186	2.74	0	31
ptg004577l_1	544062	2524283	4.64	0	17
ptg004577l_1_region	544062	2524283	4.64	0	17
ptg004578l_1	243844	1509924	6.19	0	67
ptg004578l_1_region	243844	1509924	6.19	0	67
ptg004582l_1	247381	1296336	5.24	0	21
ptg004582l_1_region	247381	1296336	5.24	0	21
ptg004583l_1	129075	377407	2.92	0	10
ptg004583l_1_region	129075	377407	2.92	0	10
ptg004584l_1	140902	605972	4.30	0	14
ptg004584l_1_region	140902	605972	4.30	0	14
ptg004586l_1	988984	5912053	5.98	0	53
ptg004586l_1_region	988984	5912053	5.98	0	53
ptg004587l_1	108417	609871	5.63	0	25
ptg004587l_1_region	108417	609871	5.63	0	25
ptg004588l_1	960150	144542	0.15	0	14
ptg004588l_1_region	960150	144542	0.15	0	14
ptg004589l_1	189961	929396	4.89	0	14
ptg004589l_1_region	189961	929396	4.89	0	14
ptg004590l_1	226003	1963392	8.69	0	316
ptg004590l_1_region	226003	1963392	8.69	0	316
ptg004594l_1	242405	1252443	5.17	0	15
ptg004594l_1_region	242405	1252443	5.17	0	15
ptg004596l_1	355847	1527681	4.29	0	14
ptg004596l_1_region	355847	1527681	4.29	0	14
ptg004597l_1	194330	853734	4.39	0	19
ptg004597l_1_region	194330	853734	4.39	0	19
ptg004598l_1	169206	850540	5.03	0	19
ptg004598l_1_region	169206	850540	5.03	0	19
ptg004600l_1	157158	887786	5.65	0	15
ptg004600l_1_region	157158	887786	5.65	0	15
ptg004605l_1	394987	1472863	3.73	0	18
ptg004605l_1_region	394987	1472863	3.73	0	18
ptg004607l_1	1382642	6929401	5.01	0	19
ptg004607l_1_region	1382642	6929401	5.01	0	19
ptg004609l_1	240562	1226430	5.10	0	18
ptg004609l_1_region	240562	1226430	5.10	0	18
ptg004613l_1	361699	2064672	5.71	0	37
ptg004613l_1_region	361699	2064672	5.71	0	37
ptg004615l_1	534708	3093248	5.78	0	18
ptg004615l_1_region	534708	3093248	5.78	0	18
ptg004616l_1	258814	785877	3.04	0	17
ptg004616l_1_region	258814	785877	3.04	0	17
ptg004618l_1	74100	479061	6.47	0	13
ptg004618l_1_region	74100	479061	6.47	0	13
ptg004619l_1	38187	197205	5.16	0	9
ptg004619l_1_region	38187	197205	5.16	0	9
ptg004620l_1	235676	330582	1.40	0	18
ptg004620l_1_region	235676	330582	1.40	0	18
ptg004621l_1	118035	203972	1.73	0	9
ptg004621l_1_region	118035	203972	1.73	0	9
ptg004622l_1	373800	2034999	5.44	0	16
ptg004622l_1_region	373800	2034999	5.44	0	16
ptg004624l_1	174040	819299	4.71	0	16
ptg004624l_1_region	174040	819299	4.71	0	16
ptg004625l_1	429177	2513556	5.86	0	31
ptg004625l_1_region	429177	2513556	5.86	0	31
ptg004630l_1	633388	3873090	6.11	0	23
ptg004630l_1_region	633388	3873090	6.11	0	23
ptg004632l_1	139147	672378	4.83	0	11
ptg004632l_1_region	139147	672378	4.83	0	11
ptg004633l_1	421191	2456248	5.83	0	16
ptg004633l_1_region	421191	2456248	5.83	0	16
ptg004634l_1	131150	602799	4.60	0	11
ptg004634l_1_region	131150	602799	4.60	0	11
ptg004635l_1	81490	434741	5.33	0	15
ptg004635l_1_region	81490	434741	5.33	0	15
ptg004637l_1	293831	1797466	6.12	0	15
ptg004637l_1_region	293831	1797466	6.12	0	15
ptg004639l_1	152991	681758	4.46	0	37
ptg004639l_1_region	152991	681758	4.46	0	37
ptg004640l_1	226854	1270931	5.60	0	13
ptg004640l_1_region	226854	1270931	5.60	0	13
ptg004641l_1	326843	3340299	10.22	0	40
ptg004641l_1_region	326843	3340299	10.22	0	40
ptg004643l_1	252567	1177307	4.66	0	16
ptg004643l_1_region	252567	1177307	4.66	0	16
ptg004646l_1	415894	2500238	6.01	0	23
ptg004646l_1_region	415894	2500238	6.01	0	23
ptg004647l_1	703958	8475399	12.04	0	94
ptg004647l_1_region	703958	8475399	12.04	0	94
ptg004649l_1	681576	5306082	7.79	0	26
ptg004649l_1_region	681576	5306082	7.79	0	26
ptg004650l_1	597220	2567951	4.30	0	15
ptg004650l_1_region	597220	2567951	4.30	0	15
ptg004651l_1	200883	733471	3.65	0	12
ptg004651l_1_region	200883	733471	3.65	0	12
ptg004653l_1	38434	62472	1.63	0	9
ptg004653l_1_region	38434	62472	1.63	0	9
ptg004654l_1	110856	452410	4.08	0	12
ptg004654l_1_region	110856	452410	4.08	0	12
ptg004657l_1	116183	425698	3.66	0	9
ptg004657l_1_region	116183	425698	3.66	0	9
ptg004658l_1	180920	677049	3.74	0	10
ptg004658l_1_region	180920	677049	3.74	0	10
ptg004659l_1	180577	938413	5.20	0	16
ptg004659l_1_region	180577	938413	5.20	0	16
ptg004660l_1	86679	346358	4.00	0	19
ptg004660l_1_region	86679	346358	4.00	0	19
ptg004661l_1	278649	1432752	5.14	0	17
ptg004661l_1_region	278649	1432752	5.14	0	17
ptg004662l_1	220966	854482	3.87	0	15
ptg004662l_1_region	220966	854482	3.87	0	15
ptg004663l_1	225966	1326539	5.87	0	15
ptg004663l_1_region	225966	1326539	5.87	0	15
ptg004665l_1	883031	5822476	6.59	0	18
ptg004665l_1_region	883031	5822476	6.59	0	18
ptg004666l_1	159455	1009884	6.33	0	14
ptg004666l_1_region	159455	1009884	6.33	0	14
ptg004669l_1	258837	2222826	8.59	0	23
ptg004669l_1_region	258837	2222826	8.59	0	23
ptg004671l_1	1048211	6188117	5.90	0	30
ptg004671l_1_region	1048211	6188117	5.90	0	30
ptg004678l_1	746719	3192558	4.28	0	15
ptg004678l_1_region	746719	3192558	4.28	0	15
ptg004679l_1	859046	6521703	7.59	0	45
ptg004679l_1_region	859046	6521703	7.59	0	45
ptg004681l_1	164721	981535	5.96	0	16
ptg004681l_1_region	164721	981535	5.96	0	16
ptg004682l_1	377631	1285644	3.40	0	26
ptg004682l_1_region	377631	1285644	3.40	0	26
ptg004683l_1	100925	292738	2.90	0	153
ptg004683l_1_region	100925	292738	2.90	0	153
ptg004684l_1	124279	459757	3.70	0	13
ptg004684l_1_region	124279	459757	3.70	0	13
ptg004685l_1	221577	1203292	5.43	0	15
ptg004685l_1_region	221577	1203292	5.43	0	15
ptg004689l_1	312380	1580500	5.06	0	16
ptg004689l_1_region	312380	1580500	5.06	0	16
ptg004692l_1	269467	4665199	17.31	0	133
ptg004692l_1_region	269467	4665199	17.31	0	133
ptg004693l_1	186626	782646	4.19	0	14
ptg004693l_1_region	186626	782646	4.19	0	14
ptg004695l_1	1610242	15610582	9.69	0	54
ptg004695l_1_region	1610242	15610582	9.69	0	54
ptg004696l_1	312643	1184963	3.79	0	38
ptg004696l_1_region	312643	1184963	3.79	0	38
ptg004698l_1	950860	4999841	5.26	0	19
ptg004698l_1_region	950860	4999841	5.26	0	19
ptg004701l_1	252851	974548	3.85	0	46
ptg004701l_1_region	252851	974548	3.85	0	46
ptg004703l_1	203605	1140386	5.60	0	18
ptg004703l_1_region	203605	1140386	5.60	0	18
ptg004704l_1	245343	2626412	10.71	0	31
ptg004704l_1_region	245343	2626412	10.71	0	31
ptg004705l_1	204025	1007799	4.94	0	16
ptg004705l_1_region	204025	1007799	4.94	0	16
ptg004708l_1	842608	6506279	7.72	0	23
ptg004708l_1_region	842608	6506279	7.72	0	23
ptg004709l_1	391584	2083330	5.32	0	57
ptg004709l_1_region	391584	2083330	5.32	0	57
ptg004711l_1	687363	5658562	8.23	0	38
ptg004711l_1_region	687363	5658562	8.23	0	38
ptg004712l_1	847743	3872735	4.57	0	58
ptg004712l_1_region	847743	3872735	4.57	0	58
ptg004713l_1	190329	1275456	6.70	0	29
ptg004713l_1_region	190329	1275456	6.70	0	29
ptg004714l_1	995953	4024327	4.04	0	20
ptg004714l_1_region	995953	4024327	4.04	0	20
ptg004716l_1	611019	2938627	4.81	0	16
ptg004716l_1_region	611019	2938627	4.81	0	16
ptg004719l_1	27428	120011	4.38	0	10
ptg004719l_1_region	27428	120011	4.38	0	10
ptg004723l_1	228001	1685034	7.39	0	53
ptg004723l_1_region	228001	1685034	7.39	0	53
ptg004725l_1	31658	121714	3.84	0	8
ptg004725l_1_region	31658	121714	3.84	0	8
ptg004727l_1	147909	624053	4.22	0	14
ptg004727l_1_region	147909	624053	4.22	0	14
ptg004731l_1	1647395	6779526	4.12	0	29
ptg004731l_1_region	1647395	6779526	4.12	0	29
ptg004732l_1	234063	944684	4.04	0	18
ptg004732l_1_region	234063	944684	4.04	0	18
ptg004736l_1	300149	1151505	3.84	0	16
ptg004736l_1_region	300149	1151505	3.84	0	16
ptg004748l_1	709896	3891622	5.48	0	21
ptg004748l_1_region	709896	3891622	5.48	0	21
ptg004751l_1	603246	3587558	5.95	0	49
ptg004751l_1_region	603246	3587558	5.95	0	49
ptg004752l_1	35238	133885	3.80	0	9
ptg004752l_1_region	35238	133885	3.80	0	9
ptg004755l_1	414694	2305475	5.56	0	19
ptg004755l_1_region	414694	2305475	5.56	0	19
ptg004756l_1	50773	170999	3.37	0	11
ptg004756l_1_region	50773	170999	3.37	0	11
ptg004759l_1	1123265	8172897	7.28	0	24
ptg004759l_1_region	1123265	8172897	7.28	0	24
ptg004761l_1	162900	910838	5.59	0	35
ptg004761l_1_region	162900	910838	5.59	0	35
ptg004762l_1	78133	505653	6.47	0	23
ptg004762l_1_region	78133	505653	6.47	0	23
ptg004764l_1	45689	200235	4.38	0	9
ptg004764l_1_region	45689	200235	4.38	0	9
ptg004765l_1	260541	1814373	6.96	0	32
ptg004765l_1_region	260541	1814373	6.96	0	32
ptg004767l_1	74140	210682	2.84	0	8
ptg004767l_1_region	74140	210682	2.84	0	8
ptg004771l_1	88709	376883	4.25	0	13
ptg004771l_1_region	88709	376883	4.25	0	13
ptg004774l_1	135769	681442	5.02	0	21
ptg004774l_1_region	135769	681442	5.02	0	21
ptg004776l_1	408915	3093169	7.56	0	28
ptg004776l_1_region	408915	3093169	7.56	0	28
ptg004777l_1	115534	543678	4.71	0	12
ptg004777l_1_region	115534	543678	4.71	0	12
ptg004778l_1	141346	767693	5.43	0	17
ptg004778l_1_region	141346	767693	5.43	0	17
ptg004779l_1	602311	3983630	6.61	0	28
ptg004779l_1_region	602311	3983630	6.61	0	28
ptg004782l_1	12850	136236	10.60	0	108
ptg004782l_1_region	12850	136236	10.60	0	108
ptg004783l_1	638638	3698530	5.79	0	30
ptg004783l_1_region	638638	3698530	5.79	0	30
ptg004785l_1	371322	2355434	6.34	0	41
ptg004785l_1_region	371322	2355434	6.34	0	41
ptg004786l_1	27355	70106	2.56	0	7
ptg004786l_1_region	27355	70106	2.56	0	7
ptg004788l_1	597866	3288706	5.50	0	25
ptg004788l_1_region	597866	3288706	5.50	0	25
ptg004792l_1	475211	2200729	4.63	0	20
ptg004792l_1_region	475211	2200729	4.63	0	20
ptg004793l_1	510356	2808039	5.50	0	86
ptg004793l_1_region	510356	2808039	5.50	0	86
ptg004795l_1	927927	5866460	6.32	0	34
ptg004795l_1_region	927927	5866460	6.32	0	34
ptg004797l_1	351014	4614468	13.15	0	81
ptg004797l_1_region	351014	4614468	13.15	0	81
ptg004798l_1	292365	1979399	6.77	0	15
ptg004798l_1_region	292365	1979399	6.77	0	15
ptg004799l_1	428435	3343495	7.80	0	19
ptg004799l_1_region	428435	3343495	7.80	0	19
ptg004800l_1	123495	561003	4.54	0	16
ptg004800l_1_region	123495	561003	4.54	0	16
ptg004802l_1	228199	982323	4.30	0	14
ptg004802l_1_region	228199	982323	4.30	0	14
ptg004807l_1	146097	531109	3.64	0	39
ptg004807l_1_region	146097	531109	3.64	0	39
ptg004813l_1	241558	1271430	5.26	0	27
ptg004813l_1_region	241558	1271430	5.26	0	27
ptg004814l_1	412672	1342274	3.25	0	26
ptg004814l_1_region	412672	1342274	3.25	0	26
ptg004816l_1	531605	3878727	7.30	0	38
ptg004816l_1_region	531605	3878727	7.30	0	38
ptg004817l_1	27778	41551	1.50	0	8
ptg004817l_1_region	27778	41551	1.50	0	8
ptg004820l_1	315997	2606541	8.25	0	28
ptg004820l_1_region	315997	2606541	8.25	0	28
ptg004824l_1	459605	2081971	4.53	0	21
ptg004824l_1_region	459605	2081971	4.53	0	21
ptg004828l_1	22945	36233	1.58	0	6
ptg004828l_1_region	22945	36233	1.58	0	6
ptg004829l_1	155175	1255477	8.09	0	153
ptg004829l_1_region	155175	1255477	8.09	0	153
ptg004833l_1	90320	407291	4.51	0	14
ptg004833l_1_region	90320	407291	4.51	0	14
ptg004834l_1	52647	177849	3.38	0	11
ptg004834l_1_region	52647	177849	3.38	0	11
ptg004835l_1	211810	1378100	6.51	0	22
ptg004835l_1_region	211810	1378100	6.51	0	22
ptg004836l_1	537132	6437379	11.98	0	66
ptg004836l_1_region	537132	6437379	11.98	0	66
ptg004837l_1	434469	2087522	4.80	0	14
ptg004837l_1_region	434469	2087522	4.80	0	14
ptg004838l_1	123653	606291	4.90	0	53
ptg004838l_1_region	123653	606291	4.90	0	53
ptg004841l_1	770746	3712317	4.82	0	21
ptg004841l_1_region	770746	3712317	4.82	0	21
ptg004844l_1	231873	1075881	4.64	0	48
ptg004844l_1_region	231873	1075881	4.64	0	48
ptg004845l_1	316417	1276641	4.03	0	100
ptg004845l_1_region	316417	1276641	4.03	0	100
ptg004846l_1	69212	253812	3.67	0	11
ptg004846l_1_region	69212	253812	3.67	0	11
ptg004847l_1	87883	428340	4.87	0	16
ptg004847l_1_region	87883	428340	4.87	0	16
ptg004848l_1	28424	141125	4.96	0	10
ptg004848l_1_region	28424	141125	4.96	0	10
ptg004850l_1	72438	187300	2.59	0	12
ptg004850l_1_region	72438	187300	2.59	0	12
ptg004852l_1	37321	65220	1.75	0	6
ptg004852l_1_region	37321	65220	1.75	0	6
ptg004854l_1	482220	4173579	8.65	0	83
ptg004854l_1_region	482220	4173579	8.65	0	83
ptg004856l_1	1235753	8701678	7.04	0	22
ptg004856l_1_region	1235753	8701678	7.04	0	22
ptg004857l_1	345385	1818103	5.26	0	28
ptg004857l_1_region	345385	1818103	5.26	0	28
ptg004859l_1	229350	1320614	5.76	0	21
ptg004859l_1_region	229350	1320614	5.76	0	21
ptg004867l_1	308087	2310994	7.50	0	73
ptg004867l_1_region	308087	2310994	7.50	0	73
ptg004869l_1	217604	797354	3.66	0	14
ptg004869l_1_region	217604	797354	3.66	0	14
ptg004870l_1	158579	750048	4.73	0	13
ptg004870l_1_region	158579	750048	4.73	0	13
ptg004871l_1	204774	1176061	5.74	0	24
ptg004871l_1_region	204774	1176061	5.74	0	24
ptg004876l_1	599114	594391	0.99	0	13
ptg004876l_1_region	599114	594391	0.99	0	13
ptg004877l_1	654865	3530618	5.39	0	17
ptg004877l_1_region	654865	3530618	5.39	0	17
ptg004878l_1	299935	2218876	7.40	0	28
ptg004878l_1_region	299935	2218876	7.40	0	28
ptg004879l_1	35453	23581	0.67	0	4
ptg004879l_1_region	35453	23581	0.67	0	4
ptg004880l_1	605395	2472608	4.08	0	16
ptg004880l_1_region	605395	2472608	4.08	0	16
ptg004881l_1	69602	439716	6.32	0	12
ptg004881l_1_region	69602	439716	6.32	0	12
ptg004883l_1	250809	1471265	5.87	0	28
ptg004883l_1_region	250809	1471265	5.87	0	28
ptg004884l_1	119810	557477	4.65	0	22
ptg004884l_1_region	119810	557477	4.65	0	22
ptg004886l_1	143571	658805	4.59	0	17
ptg004886l_1_region	143571	658805	4.59	0	17
ptg004887l_1	600467	5476777	9.12	0	244
ptg004887l_1_region	600467	5476777	9.12	0	244
ptg004889l_1	358752	2280875	6.36	0	26
ptg004889l_1_region	358752	2280875	6.36	0	26
ptg004893l_1	523202	3810319	7.28	0	32
ptg004893l_1_region	523202	3810319	7.28	0	32
ptg004894l_1	35422	70443	1.99	0	16
ptg004894l_1_region	35422	70443	1.99	0	16
ptg004895l_1	394803	1587580	4.02	0	17
ptg004895l_1_region	394803	1587580	4.02	0	17
ptg004896l_1	110484	634719	5.74	0	15
ptg004896l_1_region	110484	634719	5.74	0	15
ptg004898l_1	389511	2073918	5.32	0	18
ptg004898l_1_region	389511	2073918	5.32	0	18
ptg004899l_1	412273	3058116	7.42	0	26
ptg004899l_1_region	412273	3058116	7.42	0	26
ptg004900l_1	324397	1971557	6.08	0	24
ptg004900l_1_region	324397	1971557	6.08	0	24
ptg004903l_1	264053	1746542	6.61	0	15
ptg004903l_1_region	264053	1746542	6.61	0	15
ptg004905l_1	357370	1810368	5.07	0	17
ptg004905l_1_region	357370	1810368	5.07	0	17
ptg004908l_1	149529	798620	5.34	0	13
ptg004908l_1_region	149529	798620	5.34	0	13
ptg004912l_1	1000967	4576088	4.57	0	51
ptg004912l_1_region	1000967	4576088	4.57	0	51
ptg004915l_1	184329	384796	2.09	0	11
ptg004915l_1_region	184329	384796	2.09	0	11
ptg004917l_1	24774	74771	3.02	0	7
ptg004917l_1_region	24774	74771	3.02	0	7
ptg004918l_1	350406	2299284	6.56	0	29
ptg004918l_1_region	350406	2299284	6.56	0	29
ptg004919l_1	608661	4727161	7.77	0	32
ptg004919l_1_region	608661	4727161	7.77	0	32
ptg004920l_1	357176	2577538	7.22	0	70
ptg004920l_1_region	357176	2577538	7.22	0	70
ptg004921l_1	405034	2427231	5.99	0	22
ptg004921l_1_region	405034	2427231	5.99	0	22
ptg004923l_1	195686	547733	2.80	0	8
ptg004923l_1_region	195686	547733	2.80	0	8
ptg004924l_1	22739	5262	0.23	0	4
ptg004924l_1_region	22739	5262	0.23	0	4
ptg004925l_1	622882	2216124	3.56	0	33
ptg004925l_1_region	622882	2216124	3.56	0	33
ptg004927l_1	315170	2138159	6.78	0	18
ptg004927l_1_region	315170	2138159	6.78	0	18
ptg004928l_1	60156	357317	5.94	0	12
ptg004928l_1_region	60156	357317	5.94	0	12
ptg004929l_1	148299	456590	3.08	0	26
ptg004929l_1_region	148299	456590	3.08	0	26
ptg004930l_1	723236	3483092	4.82	0	19
ptg004930l_1_region	723236	3483092	4.82	0	19
ptg004931l_1	75879	338980	4.47	0	12
ptg004931l_1_region	75879	338980	4.47	0	12
ptg004932l_1	106211	45850	0.43	0	6
ptg004932l_1_region	106211	45850	0.43	0	6
ptg004934l_1	165082	745291	4.51	0	17
ptg004934l_1_region	165082	745291	4.51	0	17
ptg004935l_1	381798	2019167	5.29	0	20
ptg004935l_1_region	381798	2019167	5.29	0	20
ptg004937l_1	713093	4000209	5.61	0	25
ptg004937l_1_region	713093	4000209	5.61	0	25
ptg004939l_1	70517	840915	11.92	0	58
ptg004939l_1_region	70517	840915	11.92	0	58
ptg004940l_1	722019	4583625	6.35	0	32
ptg004940l_1_region	722019	4583625	6.35	0	32
ptg004941l_1	68449	633967	9.26	0	49
ptg004941l_1_region	68449	633967	9.26	0	49
ptg004943l_1	378740	1356138	3.58	0	35
ptg004943l_1_region	378740	1356138	3.58	0	35
ptg004944l_1	49399	263911	5.34	0	24
ptg004944l_1_region	49399	263911	5.34	0	24
ptg004945l_1	514031	3066921	5.97	0	17
ptg004945l_1_region	514031	3066921	5.97	0	17
ptg004948l_1	181102	892009	4.93	0	19
ptg004948l_1_region	181102	892009	4.93	0	19
ptg004949l_1	134255	465853	3.47	0	15
ptg004949l_1_region	134255	465853	3.47	0	15
ptg004951l_1	108284	514163	4.75	0	18
ptg004951l_1_region	108284	514163	4.75	0	18
ptg004953l_1	13747	18692	1.36	0	3
ptg004953l_1_region	13747	18692	1.36	0	3
ptg004955l_1	418224	2205935	5.27	0	19
ptg004955l_1_region	418224	2205935	5.27	0	19
ptg004957l_1	65461	214129	3.27	0	8
ptg004957l_1_region	65461	214129	3.27	0	8
ptg004958l_1	166416	704571	4.23	0	11
ptg004958l_1_region	166416	704571	4.23	0	11
ptg004959l_1	69912	226393	3.24	0	16
ptg004959l_1_region	69912	226393	3.24	0	16
ptg004961l_1	101449	552062	5.44	0	12
ptg004961l_1_region	101449	552062	5.44	0	12
ptg004962l_1	322084	1456162	4.52	0	16
ptg004962l_1_region	322084	1456162	4.52	0	16
ptg004963l_1	49824	204600	4.11	0	7
ptg004963l_1_region	49824	204600	4.11	0	7
ptg004964l_1	125800	756142	6.01	0	90
ptg004964l_1_region	125800	756142	6.01	0	90
ptg004965l_1	465750	2607891	5.60	0	21
ptg004965l_1_region	465750	2607891	5.60	0	21
ptg004966l_1	322265	1555422	4.83	0	15
ptg004966l_1_region	322265	1555422	4.83	0	15
ptg004968l_1	59611	182554	3.06	0	8
ptg004968l_1_region	59611	182554	3.06	0	8
ptg004969l_1	13026	35202	2.70	0	5
ptg004969l_1_region	13026	35202	2.70	0	5
ptg004970l_1	53724	159399	2.97	0	11
ptg004970l_1_region	53724	159399	2.97	0	11
ptg004975l_1	319759	1737471	5.43	0	19
ptg004975l_1_region	319759	1737471	5.43	0	19
ptg004976l_1	182186	1077019	5.91	0	16
ptg004976l_1_region	182186	1077019	5.91	0	16
ptg004978l_1	176287	1297636	7.36	0	167
ptg004978l_1_region	176287	1297636	7.36	0	167
ptg004979l_1	247465	1345032	5.44	0	15
ptg004979l_1_region	247465	1345032	5.44	0	15
ptg004980l_1	353105	2118074	6.00	0	84
ptg004980l_1_region	353105	2118074	6.00	0	84
ptg004981l_1	180362	984338	5.46	0	17
ptg004981l_1_region	180362	984338	5.46	0	17
ptg004982l_1	82580	386080	4.68	0	12
ptg004982l_1_region	82580	386080	4.68	0	12
ptg004983l_1	17603	19968	1.13	0	6
ptg004983l_1_region	17603	19968	1.13	0	6
ptg004984l_1	61293	282512	4.61	0	15
ptg004984l_1_region	61293	282512	4.61	0	15
ptg004985l_1	244791	1671981	6.83	0	101
ptg004985l_1_region	244791	1671981	6.83	0	101
ptg004987l_1	179513	971516	5.41	0	13
ptg004987l_1_region	179513	971516	5.41	0	13
ptg004988l_1	280588	2267152	8.08	0	21
ptg004988l_1_region	280588	2267152	8.08	0	21
ptg004990l_1	609520	4175931	6.85	0	20
ptg004990l_1_region	609520	4175931	6.85	0	20
ptg004992l_1	243515	1449892	5.95	0	14
ptg004992l_1_region	243515	1449892	5.95	0	14
ptg004998l_1	251708	1558985	6.19	0	29
ptg004998l_1_region	251708	1558985	6.19	0	29
ptg005000l_1	195412	782185	4.00	0	17
ptg005000l_1_region	195412	782185	4.00	0	17
ptg005004l_1	72528	308301	4.25	0	14
ptg005004l_1_region	72528	308301	4.25	0	14
ptg005005l_1	1235887	5918186	4.79	0	43
ptg005005l_1_region	1235887	5918186	4.79	0	43
ptg005007l_1	132478	771031	5.82	0	25
ptg005007l_1_region	132478	771031	5.82	0	25
ptg005012l_1	197199	949070	4.81	0	11
ptg005012l_1_region	197199	949070	4.81	0	11
ptg005017l_1	140379	708554	5.05	0	24
ptg005017l_1_region	140379	708554	5.05	0	24
ptg005019l_1	192920	1320845	6.85	0	27
ptg005019l_1_region	192920	1320845	6.85	0	27
ptg005026l_1	64340	149327	2.32	0	8
ptg005026l_1_region	64340	149327	2.32	0	8
ptg005030l_1	44821	122350	2.73	0	15
ptg005030l_1_region	44821	122350	2.73	0	15
ptg005031l_1	255269	2503778	9.81	0	25
ptg005031l_1_region	255269	2503778	9.81	0	25
ptg005035l_1	530913	3797115	7.15	0	29
ptg005035l_1_region	530913	3797115	7.15	0	29
ptg005036l_1	603579	4382776	7.26	0	29
ptg005036l_1_region	603579	4382776	7.26	0	29
ptg005037l_1	121344	694045	5.72	0	17
ptg005037l_1_region	121344	694045	5.72	0	17
ptg005038l_1	264048	1354729	5.13	0	46
ptg005038l_1_region	264048	1354729	5.13	0	46
ptg005039l_1	145063	739299	5.10	0	47
ptg005039l_1_region	145063	739299	5.10	0	47
ptg005040l_1	306040	1660387	5.43	0	65
ptg005040l_1_region	306040	1660387	5.43	0	65
ptg005045l_1	198320	1216979	6.14	0	24
ptg005045l_1_region	198320	1216979	6.14	0	24
ptg005046l_1	378770	1728300	4.56	0	19
ptg005046l_1_region	378770	1728300	4.56	0	19
ptg005050l_1	295795	1842181	6.23	0	30
ptg005050l_1_region	295795	1842181	6.23	0	30
ptg005055l_1	1026869	7735078	7.53	0	48
ptg005055l_1_region	1026869	7735078	7.53	0	48
ptg005060l_1	703494	5239332	7.45	0	49
ptg005060l_1_region	703494	5239332	7.45	0	49
ptg005063l_1	653631	4918122	7.52	0	30
ptg005063l_1_region	653631	4918122	7.52	0	30
ptg005065l_1	301502	1952398	6.48	0	175
ptg005065l_1_region	301502	1952398	6.48	0	175
ptg005066l_1	108019	897358	8.31	0	51
ptg005066l_1_region	108019	897358	8.31	0	51
ptg005069l_1	402607	2074956	5.15	0	16
ptg005069l_1_region	402607	2074956	5.15	0	16
ptg005071l_1	299380	1708332	5.71	0	40
ptg005071l_1_region	299380	1708332	5.71	0	40
ptg005072l_1	518599	2600983	5.02	0	20
ptg005072l_1_region	518599	2600983	5.02	0	20
ptg005077l_1	275390	1410198	5.12	0	31
ptg005077l_1_region	275390	1410198	5.12	0	31
ptg005080l_1	241401	1211426	5.02	0	13
ptg005080l_1_region	241401	1211426	5.02	0	13
ptg005081l_1	46277	206880	4.47	0	31
ptg005081l_1_region	46277	206880	4.47	0	31
ptg005082l_1	680995	3854360	5.66	0	18
ptg005082l_1_region	680995	3854360	5.66	0	18
ptg005083l_1	157444	398907	2.53	0	12
ptg005083l_1_region	157444	398907	2.53	0	12
ptg005084l_1	53496	201258	3.76	0	8
ptg005084l_1_region	53496	201258	3.76	0	8
ptg005085l_1	1585071	15282813	9.64	0	140
ptg005085l_1_region	1585071	15282813	9.64	0	140
ptg005091l_1	620772	4392609	7.08	0	22
ptg005091l_1_region	620772	4392609	7.08	0	22
ptg005095l_1	64564	403902	6.26	0	17
ptg005095l_1_region	64564	403902	6.26	0	17
ptg005098l_1	350528	2273221	6.49	0	18
ptg005098l_1_region	350528	2273221	6.49	0	18
ptg005101l_1	1246424	15647337	12.55	0	1235
ptg005101l_1_region	1246424	15647337	12.55	0	1235
ptg005104l_1	303706	1447414	4.77	0	16
ptg005104l_1_region	303706	1447414	4.77	0	16
ptg005105l_1	64384	164711	2.56	0	9
ptg005105l_1_region	64384	164711	2.56	0	9
ptg005106l_1	561191	2531042	4.51	0	17
ptg005106l_1_region	561191	2531042	4.51	0	17
ptg005107l_1	438930	2718730	6.19	0	19
ptg005107l_1_region	438930	2718730	6.19	0	19
ptg005110l_1	179817	1267875	7.05	0	18
ptg005110l_1_region	179817	1267875	7.05	0	18
ptg005113l_1	221872	1533211	6.91	0	133
ptg005113l_1_region	221872	1533211	6.91	0	133
ptg005114l_1	99291	298689	3.01	0	9
ptg005114l_1_region	99291	298689	3.01	0	9
ptg005116l_1	350915	1865016	5.31	0	16
ptg005116l_1_region	350915	1865016	5.31	0	16
ptg005118l_1	275595	728345	2.64	0	12
ptg005118l_1_region	275595	728345	2.64	0	12
ptg005119l_1	321466	1984412	6.17	0	17
ptg005119l_1_region	321466	1984412	6.17	0	17
ptg005120l_1	291305	1323645	4.54	0	113
ptg005120l_1_region	291305	1323645	4.54	0	113
ptg005125l_1	171497	1083584	6.32	0	33
ptg005125l_1_region	171497	1083584	6.32	0	33
ptg005127l_1	69696	248017	3.56	0	18
ptg005127l_1_region	69696	248017	3.56	0	18
ptg005128l_1	173402	855902	4.94	0	18
ptg005128l_1_region	173402	855902	4.94	0	18
ptg005130l_1	175941	754123	4.29	0	14
ptg005130l_1_region	175941	754123	4.29	0	14
ptg005131l_1	140414	457421	3.26	0	11
ptg005131l_1_region	140414	457421	3.26	0	11
ptg005132l_1	167667	990964	5.91	0	18
ptg005132l_1_region	167667	990964	5.91	0	18
ptg005134l_1	156946	975673	6.22	0	18
ptg005134l_1_region	156946	975673	6.22	0	18
ptg005138l_1	29759	96031	3.23	0	8
ptg005138l_1_region	29759	96031	3.23	0	8
ptg005139l_1	236202	1963677	8.31	0	35
ptg005139l_1_region	236202	1963677	8.31	0	35
ptg005142l_1	10745	4677	0.44	0	1
ptg005142l_1_region	10745	4677	0.44	0	1
ptg005143l_1	537708	4914621	9.14	0	411
ptg005143l_1_region	537708	4914621	9.14	0	411
ptg005144l_1	151179	569535	3.77	0	12
ptg005144l_1_region	151179	569535	3.77	0	12
ptg005147l_1	70410	309307	4.39	0	12
ptg005147l_1_region	70410	309307	4.39	0	12
ptg005148l_1	696544	3422104	4.91	0	27
ptg005148l_1_region	696544	3422104	4.91	0	27
ptg005150l_1	313778	1071103	3.41	0	24
ptg005150l_1_region	313778	1071103	3.41	0	24
ptg005151l_1	278490	1811747	6.51	0	36
ptg005151l_1_region	278490	1811747	6.51	0	36
ptg005152l_1	42703	224455	5.26	0	12
ptg005152l_1_region	42703	224455	5.26	0	12
ptg005153l_1	453776	2742468	6.04	0	34
ptg005153l_1_region	453776	2742468	6.04	0	34
ptg005156l_1	112795	555903	4.93	0	19
ptg005156l_1_region	112795	555903	4.93	0	19
ptg005159l_1	157604	1081623	6.86	0	19
ptg005159l_1_region	157604	1081623	6.86	0	19
ptg005160l_1	52075	119457	2.29	0	7
ptg005160l_1_region	52075	119457	2.29	0	7
ptg005161l_1	951102	4674468	4.91	0	19
ptg005161l_1_region	951102	4674468	4.91	0	19
ptg005162l_1	302270	2366760	7.83	0	80
ptg005162l_1_region	302270	2366760	7.83	0	80
ptg005165l_1	123438	599275	4.85	0	21
ptg005165l_1_region	123438	599275	4.85	0	21
ptg005166l_1	30137	42453	1.41	0	4
ptg005166l_1_region	30137	42453	1.41	0	4
ptg005167l_1	188854	1128362	5.97	0	13
ptg005167l_1_region	188854	1128362	5.97	0	13
ptg005171l_1	395313	3186349	8.06	0	88
ptg005171l_1_region	395313	3186349	8.06	0	88
ptg005173l_1	258580	902043	3.49	0	16
ptg005173l_1_region	258580	902043	3.49	0	16
ptg005177l_1	571801	5159684	9.02	0	31
ptg005177l_1_region	571801	5159684	9.02	0	31
ptg005180l_1	475896	2510163	5.27	0	19
ptg005180l_1_region	475896	2510163	5.27	0	19
ptg005183l_1	47064	64693	1.37	0	6
ptg005183l_1_region	47064	64693	1.37	0	6
ptg005187l_1	199133	1531474	7.69	0	26
ptg005187l_1_region	199133	1531474	7.69	0	26
ptg005189l_1	165447	959868	5.80	0	18
ptg005189l_1_region	165447	959868	5.80	0	18
ptg005190l_1	279545	1081691	3.87	0	11
ptg005190l_1_region	279545	1081691	3.87	0	11
ptg005192l_1	478478	2264104	4.73	0	29
ptg005192l_1_region	478478	2264104	4.73	0	29
ptg005193l_1	42706	217934	5.10	0	15
ptg005193l_1_region	42706	217934	5.10	0	15
ptg005194l_1	93564	543365	5.81	0	15
ptg005194l_1_region	93564	543365	5.81	0	15
ptg005198l_1	336532	1629199	4.84	0	13
ptg005198l_1_region	336532	1629199	4.84	0	13
ptg005200l_1	154022	563750	3.66	0	27
ptg005200l_1_region	154022	563750	3.66	0	27
ptg005203l_1	771589	4488324	5.82	0	42
ptg005203l_1_region	771589	4488324	5.82	0	42
ptg005206l_1	126365	434439	3.44	0	12
ptg005206l_1_region	126365	434439	3.44	0	12
ptg005209l_1	19234	100556	5.23	0	10
ptg005209l_1_region	19234	100556	5.23	0	10
ptg005215l_1	46062	130066	2.82	0	12
ptg005215l_1_region	46062	130066	2.82	0	12
ptg005217l_1	164013	812632	4.95	0	15
ptg005217l_1_region	164013	812632	4.95	0	15
ptg005219l_1	563842	2492390	4.42	0	18
ptg005219l_1_region	563842	2492390	4.42	0	18
ptg005220l_1	276380	1818880	6.58	0	21
ptg005220l_1_region	276380	1818880	6.58	0	21
ptg005223l_1	360049	19990057	55.52	0	188
ptg005223l_1_region	360049	19990057	55.52	0	188
ptg005225l_1	923307	3844792	4.16	0	23
ptg005225l_1_region	923307	3844792	4.16	0	23
ptg005226l_1	730471	6817984	9.33	0	54
ptg005226l_1_region	730471	6817984	9.33	0	54
ptg005227l_1	708817	6351579	8.96	0	91
ptg005227l_1_region	708817	6351579	8.96	0	91
ptg005230l_1	1274157	10385658	8.15	0	112
ptg005230l_1_region	1274157	10385658	8.15	0	112
ptg005231l_1	211281	893008	4.23	0	19
ptg005231l_1_region	211281	893008	4.23	0	19
ptg005233l_1	115252	965697	8.38	0	44
ptg005233l_1_region	115252	965697	8.38	0	44
ptg005235l_1	120076	411486	3.43	0	11
ptg005235l_1_region	120076	411486	3.43	0	11
ptg005237l_1	481267	2145881	4.46	0	20
ptg005237l_1_region	481267	2145881	4.46	0	20
ptg005238l_1	207398	909746	4.39	0	12
ptg005238l_1_region	207398	909746	4.39	0	12
ptg005239l_1	129685	564894	4.36	0	16
ptg005239l_1_region	129685	564894	4.36	0	16
ptg005242l_1	225109	1092322	4.85	0	15
ptg005242l_1_region	225109	1092322	4.85	0	15
ptg005244l_1	81023	464560	5.73	0	14
ptg005244l_1_region	81023	464560	5.73	0	14
ptg005246l_1	127861	1259016	9.85	0	28
ptg005246l_1_region	127861	1259016	9.85	0	28
ptg005247l_1	82391	605378	7.35	0	20
ptg005247l_1_region	82391	605378	7.35	0	20
ptg005253l_1	747943	4937295	6.60	0	17
ptg005253l_1_region	747943	4937295	6.60	0	17
ptg005255l_1	113094	517453	4.58	0	16
ptg005255l_1_region	113094	517453	4.58	0	16
ptg005260l_1	169443	1082664	6.39	0	19
ptg005260l_1_region	169443	1082664	6.39	0	19
ptg005263l_1	45090	93495	2.07	0	8
ptg005263l_1_region	45090	93495	2.07	0	8
ptg005269l_1	669997	5053541	7.54	0	23
ptg005269l_1_region	669997	5053541	7.54	0	23
ptg005270l_1	421368	1951010	4.63	0	29
ptg005270l_1_region	421368	1951010	4.63	0	29
ptg005272l_1	417403	2387298	5.72	0	27
ptg005272l_1_region	417403	2387298	5.72	0	27
ptg005273l_1	722794	3479459	4.81	0	18
ptg005273l_1_region	722794	3479459	4.81	0	18
ptg005274l_1	49202	12771	0.26	0	6
ptg005274l_1_region	49202	12771	0.26	0	6
ptg005275l_1	92476	577613	6.25	0	40
ptg005275l_1_region	92476	577613	6.25	0	40
ptg005276l_1	101312	367946	3.63	0	18
ptg005276l_1_region	101312	367946	3.63	0	18
ptg005277l_1	42090	251702	5.98	0	16
ptg005277l_1_region	42090	251702	5.98	0	16
ptg005280l_1	32060	64124	2.00	0	4
ptg005280l_1_region	32060	64124	2.00	0	4
ptg005281l_1	150434	841238	5.59	0	22
ptg005281l_1_region	150434	841238	5.59	0	22
ptg005286l_1	171165	1140133	6.66	0	83
ptg005286l_1_region	171165	1140133	6.66	0	83
ptg005291l_1	290935	2229882	7.66	0	17
ptg005291l_1_region	290935	2229882	7.66	0	17
ptg005294l_1	96892	436287	4.50	0	21
ptg005294l_1_region	96892	436287	4.50	0	21
ptg005295l_1	230127	1250945	5.44	0	18
ptg005295l_1_region	230127	1250945	5.44	0	18
ptg005296l_1	218404	1455315	6.66	0	20
ptg005296l_1_region	218404	1455315	6.66	0	20
ptg005298l_1	19130	67759	3.54	0	10
ptg005298l_1_region	19130	67759	3.54	0	10
ptg005301l_1	341714	1785513	5.23	0	27
ptg005301l_1_region	341714	1785513	5.23	0	27
ptg005303l_1	233754	273443	1.17	0	9
ptg005303l_1_region	233754	273443	1.17	0	9
ptg005304l_1	70468	311222	4.42	0	11
ptg005304l_1_region	70468	311222	4.42	0	11
ptg005308l_1	194675	896572	4.61	0	23
ptg005308l_1_region	194675	896572	4.61	0	23
ptg005309l_1	58534	343214	5.86	0	19
ptg005309l_1_region	58534	343214	5.86	0	19
ptg005310l_1	45256	331931	7.33	0	18
ptg005310l_1_region	45256	331931	7.33	0	18
ptg005311l_1	373995	2386619	6.38	0	45
ptg005311l_1_region	373995	2386619	6.38	0	45
ptg005316l_1	267147	1416594	5.30	0	15
ptg005316l_1_region	267147	1416594	5.30	0	15
ptg005317l_1	240322	550597	2.29	0	18
ptg005317l_1_region	240322	550597	2.29	0	18
ptg005318l_1	322157	2170385	6.74	0	18
ptg005318l_1_region	322157	2170385	6.74	0	18
ptg005319l_1	265795	1691358	6.36	0	46
ptg005319l_1_region	265795	1691358	6.36	0	46
ptg005321l_1	286478	1903752	6.65	0	16
ptg005321l_1_region	286478	1903752	6.65	0	16
ptg005322l_1	608975	8548414	14.04	0	173
ptg005322l_1_region	608975	8548414	14.04	0	173
ptg005323l_1	259532	693206	2.67	0	20
ptg005323l_1_region	259532	693206	2.67	0	20
ptg005324l_1	410812	2708108	6.59	0	23
ptg005324l_1_region	410812	2708108	6.59	0	23
ptg005328l_1	121276	689404	5.68	0	16
ptg005328l_1_region	121276	689404	5.68	0	16
ptg005329l_1	389880	2516449	6.45	0	82
ptg005329l_1_region	389880	2516449	6.45	0	82
ptg005331l_1	208718	903016	4.33	0	14
ptg005331l_1_region	208718	903016	4.33	0	14
ptg005332l_1	112176	287144	2.56	0	15
ptg005332l_1_region	112176	287144	2.56	0	15
ptg005334l_1	63505	187866	2.96	0	11
ptg005334l_1_region	63505	187866	2.96	0	11
ptg005335l_1	89816	505906	5.63	0	70
ptg005335l_1_region	89816	505906	5.63	0	70
ptg005336l_1	415133	1216717	2.93	0	74
ptg005336l_1_region	415133	1216717	2.93	0	74
ptg005337l_1	55407	183818	3.32	0	11
ptg005337l_1_region	55407	183818	3.32	0	11
ptg005338l_1	924541	6358702	6.88	0	44
ptg005338l_1_region	924541	6358702	6.88	0	44
ptg005340l_1	51862	166551	3.21	0	11
ptg005340l_1_region	51862	166551	3.21	0	11
ptg005344l_1	339749	91484	0.27	0	17
ptg005344l_1_region	339749	91484	0.27	0	17
ptg005347l_1	20281	9458	0.47	0	4
ptg005347l_1_region	20281	9458	0.47	0	4
ptg005349l_1	255197	1721412	6.75	0	23
ptg005349l_1_region	255197	1721412	6.75	0	23
ptg005350l_1	172574	1092534	6.33	0	19
ptg005350l_1_region	172574	1092534	6.33	0	19
ptg005351l_1	42536	227641	5.35	0	19
ptg005351l_1_region	42536	227641	5.35	0	19
ptg005352l_1	133866	395786	2.96	0	11
ptg005352l_1_region	133866	395786	2.96	0	11
ptg005353l_1	336929	3459862	10.27	0	99
ptg005353l_1_region	336929	3459862	10.27	0	99
ptg005354l_1	269188	1331680	4.95	0	19
ptg005354l_1_region	269188	1331680	4.95	0	19
ptg005357l_1	197687	392726	1.99	0	16
ptg005357l_1_region	197687	392726	1.99	0	16
ptg005360l_1	275132	1793866	6.52	0	17
ptg005360l_1_region	275132	1793866	6.52	0	17
ptg005361l_1	419445	4195947	10.00	0	51
ptg005361l_1_region	419445	4195947	10.00	0	51
ptg005363l_1	426029	2547839	5.98	0	20
ptg005363l_1_region	426029	2547839	5.98	0	20
ptg005368l_1	200274	950311	4.75	0	16
ptg005368l_1_region	200274	950311	4.75	0	16
ptg005372l_1	182495	969181	5.31	0	17
ptg005372l_1_region	182495	969181	5.31	0	17
ptg005373l_1	42914	186587	4.35	0	19
ptg005373l_1_region	42914	186587	4.35	0	19
ptg005378l_1	84640	790250	9.34	0	23
ptg005378l_1_region	84640	790250	9.34	0	23
ptg005379l_1	223123	1603569	7.19	0	18
ptg005379l_1_region	223123	1603569	7.19	0	18
ptg005382l_1	58650	232577	3.97	0	12
ptg005382l_1_region	58650	232577	3.97	0	12
ptg005384l_1	416699	3220640	7.73	0	93
ptg005384l_1_region	416699	3220640	7.73	0	93
ptg005387l_1	327621	2531801	7.73	0	17
ptg005387l_1_region	327621	2531801	7.73	0	17
ptg005388l_1	189237	967918	5.11	0	14
ptg005388l_1_region	189237	967918	5.11	0	14
ptg005390l_1	207431	992652	4.79	0	12
ptg005390l_1_region	207431	992652	4.79	0	12
ptg005393l_1	237835	1180390	4.96	0	18
ptg005393l_1_region	237835	1180390	4.96	0	18
ptg005394l_1	361125	2984167	8.26	0	27
ptg005394l_1_region	361125	2984167	8.26	0	27
ptg005395l_1	44609	121583	2.73	0	7
ptg005395l_1_region	44609	121583	2.73	0	7
ptg005396l_1	107481	873366	8.13	0	22
ptg005396l_1_region	107481	873366	8.13	0	22
ptg005398l_1	19818	120918	6.10	0	11
ptg005398l_1_region	19818	120918	6.10	0	11
ptg005400l_1	287067	1634273	5.69	0	20
ptg005400l_1_region	287067	1634273	5.69	0	20
ptg005402l_1	244253	773495	3.17	0	15
ptg005402l_1_region	244253	773495	3.17	0	15
ptg005407l_1	25485	74997	2.94	0	8
ptg005407l_1_region	25485	74997	2.94	0	8
ptg005409l_1	245749	1490826	6.07	0	33
ptg005409l_1_region	245749	1490826	6.07	0	33
ptg005410l_1	266304	1434895	5.39	0	25
ptg005410l_1_region	266304	1434895	5.39	0	25
ptg005411l_1	763992	5353483	7.01	0	28
ptg005411l_1_region	763992	5353483	7.01	0	28
ptg005412l_1	139095	1655467	11.90	0	31
ptg005412l_1_region	139095	1655467	11.90	0	31
ptg005414l_1	293161	2205589	7.52	0	51
ptg005414l_1_region	293161	2205589	7.52	0	51
ptg005419l_1	16963	143314	8.45	1	14
ptg005419l_1_region	16963	143314	8.45	1	14
ptg005420l_1	443841	2740224	6.17	0	58
ptg005420l_1_region	443841	2740224	6.17	0	58
ptg005421l_1	126062	912459	7.24	0	17
ptg005421l_1_region	126062	912459	7.24	0	17
ptg005422l_1	177075	990912	5.60	0	28
ptg005422l_1_region	177075	990912	5.60	0	28
ptg005423l_1	292976	1136879	3.88	0	16
ptg005423l_1_region	292976	1136879	3.88	0	16
ptg005425l_1	203271	1391520	6.85	0	17
ptg005425l_1_region	203271	1391520	6.85	0	17
ptg005428l_1	432639	2083519	4.82	0	28
ptg005428l_1_region	432639	2083519	4.82	0	28
ptg005430l_1	195253	486953	2.49	0	10
ptg005430l_1_region	195253	486953	2.49	0	10
ptg005431l_1	241211	1113567	4.62	0	13
ptg005431l_1_region	241211	1113567	4.62	0	13
ptg005434l_1	341869	2054610	6.01	0	30
ptg005434l_1_region	341869	2054610	6.01	0	30
ptg005438l_1	75821	279061	3.68	0	9
ptg005438l_1_region	75821	279061	3.68	0	9
ptg005439l_1	131248	528124	4.02	0	12
ptg005439l_1_region	131248	528124	4.02	0	12
ptg005441l_1	232997	924736	3.97	0	14
ptg005441l_1_region	232997	924736	3.97	0	14
ptg005443l_1	141337	608302	4.30	0	31
ptg005443l_1_region	141337	608302	4.30	0	31
ptg005447l_1	725131	3910926	5.39	0	20
ptg005447l_1_region	725131	3910926	5.39	0	20
ptg005455l_1	36429	69876	1.92	0	7
ptg005455l_1_region	36429	69876	1.92	0	7
ptg005457l_1	1114335	6591258	5.91	0	19
ptg005457l_1_region	1114335	6591258	5.91	0	19
ptg005460l_1	56958	144019	2.53	0	9
ptg005460l_1_region	56958	144019	2.53	0	9
ptg005465l_1	141632	681635	4.81	0	24
ptg005465l_1_region	141632	681635	4.81	0	24
ptg005466l_1	653315	3805703	5.83	0	31
ptg005466l_1_region	653315	3805703	5.83	0	31
ptg005469l_1	133272	379711	2.85	0	10
ptg005469l_1_region	133272	379711	2.85	0	10
ptg005472l_1	327510	2386351	7.29	0	107
ptg005472l_1_region	327510	2386351	7.29	0	107
ptg005475l_1	368614	1586605	4.30	0	20
ptg005475l_1_region	368614	1586605	4.30	0	20
ptg005476l_1	215849	1571318	7.28	0	47
ptg005476l_1_region	215849	1571318	7.28	0	47
ptg005477l_1	1268317	4448905	3.51	0	17
ptg005477l_1_region	1268317	4448905	3.51	0	17
ptg005478l_1	291447	1218653	4.18	0	21
ptg005478l_1_region	291447	1218653	4.18	0	21
ptg005482l_1	86284	358134	4.15	0	9
ptg005482l_1_region	86284	358134	4.15	0	9
ptg005483l_1	45742	147378	3.22	0	8
ptg005483l_1_region	45742	147378	3.22	0	8
ptg005485l_1	104241	433291	4.16	0	15
ptg005485l_1_region	104241	433291	4.16	0	15
ptg005486l_1	170836	1014540	5.94	0	20
ptg005486l_1_region	170836	1014540	5.94	0	20
ptg005488l_1	1010991	6052776	5.99	0	25
ptg005488l_1_region	1010991	6052776	5.99	0	25
ptg005489l_1	251916	1733304	6.88	0	22
ptg005489l_1_region	251916	1733304	6.88	0	22
ptg005490l_1	168378	2061677	12.24	0	35
ptg005490l_1_region	168378	2061677	12.24	0	35
ptg005495l_1	1340258	8101191	6.04	0	62
ptg005495l_1_region	1340258	8101191	6.04	0	62
ptg005498l_1	287007	3377402	11.77	0	27
ptg005498l_1_region	287007	3377402	11.77	0	27
ptg005501l_1	277149	1225841	4.42	0	32
ptg005501l_1_region	277149	1225841	4.42	0	32
ptg005503l_1	46877	159333	3.40	0	13
ptg005503l_1_region	46877	159333	3.40	0	13
ptg005504l_1	229536	1174978	5.12	0	14
ptg005504l_1_region	229536	1174978	5.12	0	14
ptg005505l_1	390948	1404349	3.59	0	44
ptg005505l_1_region	390948	1404349	3.59	0	44
ptg005506l_1	50188	190085	3.79	0	10
ptg005506l_1_region	50188	190085	3.79	0	10
ptg005507l_1	87979	309725	3.52	0	9
ptg005507l_1_region	87979	309725	3.52	0	9
ptg005509l_1	262394	1663152	6.34	0	19
ptg005509l_1_region	262394	1663152	6.34	0	19
ptg005512l_1	137889	601823	4.36	0	12
ptg005512l_1_region	137889	601823	4.36	0	12
ptg005513l_1	221094	805279	3.64	0	21
ptg005513l_1_region	221094	805279	3.64	0	21
ptg005515l_1	850961	6327884	7.44	0	183
ptg005515l_1_region	850961	6327884	7.44	0	183
ptg005519l_1	232610	5271385	22.66	0	410
ptg005519l_1_region	232610	5271385	22.66	0	410
ptg005521l_1	51088	363217	7.11	0	17
ptg005521l_1_region	51088	363217	7.11	0	17
ptg005524l_1	77177	148063	1.92	0	8
ptg005524l_1_region	77177	148063	1.92	0	8
ptg005531l_1	84500	591062	6.99	0	37
ptg005531l_1_region	84500	591062	6.99	0	37
ptg005532l_1	46252	107928	2.33	0	15
ptg005532l_1_region	46252	107928	2.33	0	15
ptg005533l_1	738986	4712791	6.38	0	20
ptg005533l_1_region	738986	4712791	6.38	0	20
ptg005535l_1	174279	788823	4.53	0	15
ptg005535l_1_region	174279	788823	4.53	0	15
ptg005536l_1	437449	2987554	6.83	0	19
ptg005536l_1_region	437449	2987554	6.83	0	19
ptg005538l_1	501903	3239194	6.45	0	22
ptg005538l_1_region	501903	3239194	6.45	0	22
ptg005539l_1	249129	1167003	4.68	0	21
ptg005539l_1_region	249129	1167003	4.68	0	21
ptg005540l_1	301126	1993775	6.62	0	17
ptg005540l_1_region	301126	1993775	6.62	0	17
ptg005545l_1	493004	2214667	4.49	0	34
ptg005545l_1_region	493004	2214667	4.49	0	34
ptg005547l_1	1382391	13559183	9.81	0	132
ptg005547l_1_region	1382391	13559183	9.81	0	132
ptg005549l_1	501424	3369638	6.72	0	20
ptg005549l_1_region	501424	3369638	6.72	0	20
ptg005550l_1	199316	698712	3.51	0	13
ptg005550l_1_region	199316	698712	3.51	0	13
ptg005555l_1	39766	242755	6.10	0	29
ptg005555l_1_region	39766	242755	6.10	0	29
ptg005556l_1	271827	883754	3.25	0	16
ptg005556l_1_region	271827	883754	3.25	0	16
ptg005557l_1	43807	14570	0.33	0	2
ptg005557l_1_region	43807	14570	0.33	0	2
ptg005563l_1	121846	610251	5.01	0	11
ptg005563l_1_region	121846	610251	5.01	0	11
ptg005564l_1	139970	1281468	9.16	0	37
ptg005564l_1_region	139970	1281468	9.16	0	37
ptg005567l_1	247536	1490104	6.02	0	30
ptg005567l_1_region	247536	1490104	6.02	0	30
ptg005574l_1	155204	709791	4.57	0	14
ptg005574l_1_region	155204	709791	4.57	0	14
ptg005575l_1	185642	1233987	6.65	0	23
ptg005575l_1_region	185642	1233987	6.65	0	23
ptg005578l_1	500839	2592584	5.18	0	17
ptg005578l_1_region	500839	2592584	5.18	0	17
ptg005579l_1	34040	150662	4.43	0	49
ptg005579l_1_region	34040	150662	4.43	0	49
ptg005581l_1	449913	2912871	6.47	0	35
ptg005581l_1_region	449913	2912871	6.47	0	35
ptg005583l_1	174020	685865	3.94	0	32
ptg005583l_1_region	174020	685865	3.94	0	32
ptg005584l_1	109236	392396	3.59	0	13
ptg005584l_1_region	109236	392396	3.59	0	13
ptg005585l_1	517957	2995534	5.78	0	19
ptg005585l_1_region	517957	2995534	5.78	0	19
ptg005586l_1	122133	401983	3.29	0	11
ptg005586l_1_region	122133	401983	3.29	0	11
ptg005588l_1	79896	753648	9.43	0	26
ptg005588l_1_region	79896	753648	9.43	0	26
ptg005589l_1	335901	2143767	6.38	0	21
ptg005589l_1_region	335901	2143767	6.38	0	21
ptg005591l_1	114019	675942	5.93	0	20
ptg005591l_1_region	114019	675942	5.93	0	20
ptg005592l_1	116405	788244	6.77	0	24
ptg005592l_1_region	116405	788244	6.77	0	24
ptg005594l_1	538902	1588736	2.95	0	12
ptg005594l_1_region	538902	1588736	2.95	0	12
ptg005595l_1	341802	1259755	3.69	0	11
ptg005595l_1_region	341802	1259755	3.69	0	11
ptg005596l_1	208993	1140342	5.46	0	24
ptg005596l_1_region	208993	1140342	5.46	0	24
ptg005599l_1	164025	791615	4.83	0	11
ptg005599l_1_region	164025	791615	4.83	0	11
ptg005600l_1	286435	1568649	5.48	0	19
ptg005600l_1_region	286435	1568649	5.48	0	19
ptg005601l_1	329467	1319003	4.00	0	17
ptg005601l_1_region	329467	1319003	4.00	0	17
ptg005603l_1	274948	2456561	8.93	0	28
ptg005603l_1_region	274948	2456561	8.93	0	28
ptg005605l_1	61624	379165	6.15	0	12
ptg005605l_1_region	61624	379165	6.15	0	12
ptg005611l_1	246731	1401841	5.68	0	14
ptg005611l_1_region	246731	1401841	5.68	0	14
ptg005617l_1	249792	908187	3.64	0	13
ptg005617l_1_region	249792	908187	3.64	0	13
ptg005618l_1	384512	3185581	8.28	0	38
ptg005618l_1_region	384512	3185581	8.28	0	38
ptg005619l_1	319741	1364044	4.27	0	17
ptg005619l_1_region	319741	1364044	4.27	0	17
ptg005624l_1	25471	100514	3.95	0	11
ptg005624l_1_region	25471	100514	3.95	0	11
ptg005625l_1	236065	882460	3.74	0	9
ptg005625l_1_region	236065	882460	3.74	0	9
ptg005627l_1	246525	986775	4.00	0	19
ptg005627l_1_region	246525	986775	4.00	0	19
ptg005631l_1	178467	885943	4.96	0	32
ptg005631l_1_region	178467	885943	4.96	0	32
ptg005632l_1	155525	604679	3.89	0	10
ptg005632l_1_region	155525	604679	3.89	0	10
ptg005633l_1	71962	297606	4.14	0	11
ptg005633l_1_region	71962	297606	4.14	0	11
ptg005638l_1	210872	650738	3.09	0	20
ptg005638l_1_region	210872	650738	3.09	0	20
ptg005639l_1	101354	306536	3.02	0	11
ptg005639l_1_region	101354	306536	3.02	0	11
ptg005641l_1	409099	3737837	9.14	0	96
ptg005641l_1_region	409099	3737837	9.14	0	96
ptg005642l_1	5055488	35181109	6.96	0	36
ptg005642l_1_region	5055488	35181109	6.96	0	36
ptg005643l_1	364091	3715884	10.21	0	46
ptg005643l_1_region	364091	3715884	10.21	0	46
ptg005644l_1	94082	308142	3.28	0	11
ptg005644l_1_region	94082	308142	3.28	0	11
ptg005645l_1	110905	684825	6.17	0	24
ptg005645l_1_region	110905	684825	6.17	0	24
ptg005646l_1	246936	1315574	5.33	0	74
ptg005646l_1_region	246936	1315574	5.33	0	74
ptg005650l_1	892017	5584664	6.26	0	77
ptg005650l_1_region	892017	5584664	6.26	0	77
ptg005654l_1	413533	2126074	5.14	0	24
ptg005654l_1_region	413533	2126074	5.14	0	24
ptg005660l_1	366747	2253920	6.15	0	31
ptg005660l_1_region	366747	2253920	6.15	0	31
ptg005661l_1	393881	2234766	5.67	0	22
ptg005661l_1_region	393881	2234766	5.67	0	22
ptg005662l_1	201032	575821	2.86	0	12
ptg005662l_1_region	201032	575821	2.86	0	12
ptg005663l_1	794362	5919045	7.45	0	60
ptg005663l_1_region	794362	5919045	7.45	0	60
ptg005666l_1	71238	227451	3.19	0	75
ptg005666l_1_region	71238	227451	3.19	0	75
ptg005667l_1	56529	569898	10.08	0	23
ptg005667l_1_region	56529	569898	10.08	0	23
ptg005668l_1	449040	2409956	5.37	0	74
ptg005668l_1_region	449040	2409956	5.37	0	74
ptg005669l_1	294863	1939047	6.58	0	15
ptg005669l_1_region	294863	1939047	6.58	0	15
ptg005678l_1	476586	1767789	3.71	0	16
ptg005678l_1_region	476586	1767789	3.71	0	16
ptg005680l_1	122815	340443	2.77	0	8
ptg005680l_1_region	122815	340443	2.77	0	8
ptg005683l_1	110040	439316	3.99	0	13
ptg005683l_1_region	110040	439316	3.99	0	13
ptg005686l_1	17787	31637	1.78	0	20
ptg005686l_1_region	17787	31637	1.78	0	20
ptg005687l_1	21820	68573	3.14	0	10
ptg005687l_1_region	21820	68573	3.14	0	10
ptg005691l_1	327701	2515381	7.68	0	274
ptg005691l_1_region	327701	2515381	7.68	0	274
ptg005696l_1	158593	341425	2.15	0	11
ptg005696l_1_region	158593	341425	2.15	0	11
ptg005697l_1	257913	1137885	4.41	0	12
ptg005697l_1_region	257913	1137885	4.41	0	12
ptg005698l_1	885776	2385018	2.69	0	33
ptg005698l_1_region	885776	2385018	2.69	0	33
ptg005701l_1	408977	2818276	6.89	0	22
ptg005701l_1_region	408977	2818276	6.89	0	22
ptg005705l_1	360828	3137903	8.70	0	63
ptg005705l_1_region	360828	3137903	8.70	0	63
ptg005708l_1	700567	2355578	3.36	0	15
ptg005708l_1_region	700567	2355578	3.36	0	15
ptg005712l_1	798314	9625845	12.06	0	157
ptg005712l_1_region	798314	9625845	12.06	0	157
ptg005715l_1	314691	993760	3.16	0	12
ptg005715l_1_region	314691	993760	3.16	0	12
ptg005717l_1	670587	5082849	7.58	0	109
ptg005717l_1_region	670587	5082849	7.58	0	109
ptg005718l_1	95877	532281	5.55	0	16
ptg005718l_1_region	95877	532281	5.55	0	16
ptg005719l_1	23378	68689	2.94	0	9
ptg005719l_1_region	23378	68689	2.94	0	9
ptg005724l_1	40832	221815	5.43	0	22
ptg005724l_1_region	40832	221815	5.43	0	22
ptg005726l_1	624244	4322834	6.92	0	25
ptg005726l_1_region	624244	4322834	6.92	0	25
ptg005729l_1	58042	211031	3.64	0	10
ptg005729l_1_region	58042	211031	3.64	0	10
ptg005736l_1	107586	572977	5.33	0	13
ptg005736l_1_region	107586	572977	5.33	0	13
ptg005738l_1	242254	1088070	4.49	0	13
ptg005738l_1_region	242254	1088070	4.49	0	13
ptg005739l_1	105290	926792	8.80	0	29
ptg005739l_1_region	105290	926792	8.80	0	29
ptg005744l_1	356897	1591535	4.46	0	15
ptg005744l_1_region	356897	1591535	4.46	0	15
ptg005747l_1	95272	402942	4.23	0	11
ptg005747l_1_region	95272	402942	4.23	0	11
ptg005748l_1	214877	1141436	5.31	0	19
ptg005748l_1_region	214877	1141436	5.31	0	19
ptg005749l_1	697346	2710489	3.89	0	20
ptg005749l_1_region	697346	2710489	3.89	0	20
ptg005752l_1	247830	1444476	5.83	0	28
ptg005752l_1_region	247830	1444476	5.83	0	28
ptg005754l_1	476105	2471315	5.19	0	21
ptg005754l_1_region	476105	2471315	5.19	0	21
ptg005755l_1	202223	944120	4.67	0	16
ptg005755l_1_region	202223	944120	4.67	0	16
ptg005757l_1	271678	1464573	5.39	0	27
ptg005757l_1_region	271678	1464573	5.39	0	27
ptg005759l_1	83560	256161	3.07	0	9
ptg005759l_1_region	83560	256161	3.07	0	9
ptg005762l_1	520095	252185	0.48	0	10
ptg005762l_1_region	520095	252185	0.48	0	10
ptg005763l_1	608264	508822	0.84	0	16
ptg005763l_1_region	608264	508822	0.84	0	16
ptg005765l_1	726527	948273	1.31	0	21
ptg005765l_1_region	726527	948273	1.31	0	21
ptg005766l_1	33284	140829	4.23	0	13
ptg005766l_1_region	33284	140829	4.23	0	13
ptg005769l_1	204947	1375441	6.71	0	21
ptg005769l_1_region	204947	1375441	6.71	0	21
ptg005773l_1	260029	1180764	4.54	0	30
ptg005773l_1_region	260029	1180764	4.54	0	30
ptg005775l_1	438850	1987210	4.53	0	13
ptg005775l_1_region	438850	1987210	4.53	0	13
ptg005776l_1	207795	1078902	5.19	0	42
ptg005776l_1_region	207795	1078902	5.19	0	42
ptg005778l_1	101575	371352	3.66	0	12
ptg005778l_1_region	101575	371352	3.66	0	12
ptg005781l_1	296972	1568815	5.28	0	16
ptg005781l_1_region	296972	1568815	5.28	0	16
ptg005783l_1	270837	2231392	8.24	0	21
ptg005783l_1_region	270837	2231392	8.24	0	21
ptg005784l_1	367679	829264	2.26	0	20
ptg005784l_1_region	367679	829264	2.26	0	20
ptg005785l_1	70664	284048	4.02	0	13
ptg005785l_1_region	70664	284048	4.02	0	13
ptg005787l_1	234581	965552	4.12	0	14
ptg005787l_1_region	234581	965552	4.12	0	14
ptg005790l_1	363082	2068947	5.70	0	21
ptg005790l_1_region	363082	2068947	5.70	0	21
ptg005792l_1	114492	648546	5.66	0	16
ptg005792l_1_region	114492	648546	5.66	0	16
ptg005793l_1	359570	1598857	4.45	0	33
ptg005793l_1_region	359570	1598857	4.45	0	33
ptg005794l_1	152758	614359	4.02	0	12
ptg005794l_1_region	152758	614359	4.02	0	12
ptg005796l_1	493264	2105279	4.27	0	15
ptg005796l_1_region	493264	2105279	4.27	0	15
ptg005797l_1	421124	3778077	8.97	0	406
ptg005797l_1_region	421124	3778077	8.97	0	406
ptg005801l_1	242895	1381347	5.69	0	18
ptg005801l_1_region	242895	1381347	5.69	0	18
ptg005802l_1	116477	846159	7.26	0	25
ptg005802l_1_region	116477	846159	7.26	0	25
ptg005803l_1	75207	366069	4.87	0	17
ptg005803l_1_region	75207	366069	4.87	0	17
ptg005805l_1	12910	28970	2.24	0	5
ptg005805l_1_region	12910	28970	2.24	0	5
ptg005807l_1	358623	1869524	5.21	0	43
ptg005807l_1_region	358623	1869524	5.21	0	43
ptg005809l_1	706534	3948118	5.59	0	52
ptg005809l_1_region	706534	3948118	5.59	0	52
ptg005810l_1	394078	4752610	12.06	0	98
ptg005810l_1_region	394078	4752610	12.06	0	98
ptg005811l_1	168462	1617813	9.60	0	41
ptg005811l_1_region	168462	1617813	9.60	0	41
ptg005812l_1	779274	462587	0.59	0	11
ptg005812l_1_region	779274	462587	0.59	0	11
ptg005813l_1	17522	36054	2.06	0	5
ptg005813l_1_region	17522	36054	2.06	0	5
ptg005815l_1	428327	2142660	5.00	0	14
ptg005815l_1_region	428327	2142660	5.00	0	14
ptg005816l_1	162072	469809	2.90	0	20
ptg005816l_1_region	162072	469809	2.90	0	20
ptg005817l_1	424979	4169565	9.81	0	133
ptg005817l_1_region	424979	4169565	9.81	0	133
ptg005820l_1	64835	223312	3.44	0	11
ptg005820l_1_region	64835	223312	3.44	0	11
ptg005822l_1	55374	222741	4.02	0	13
ptg005822l_1_region	55374	222741	4.02	0	13
ptg005823l_1	73509	222095	3.02	0	11
ptg005823l_1_region	73509	222095	3.02	0	11
ptg005825l_1	120701	694343	5.75	0	19
ptg005825l_1_region	120701	694343	5.75	0	19
ptg005828l_1	100790	445119	4.42	0	15
ptg005828l_1_region	100790	445119	4.42	0	15
ptg005829l_1	211590	1245060	5.88	0	18
ptg005829l_1_region	211590	1245060	5.88	0	18
ptg005830l_1	708755	4141572	5.84	0	21
ptg005830l_1_region	708755	4141572	5.84	0	21
ptg005831l_1	50625	197245	3.90	0	12
ptg005831l_1_region	50625	197245	3.90	0	12
ptg005833l_1	195450	1019269	5.21	0	14
ptg005833l_1_region	195450	1019269	5.21	0	14
ptg005834l_1	113123	591144	5.23	0	22
ptg005834l_1_region	113123	591144	5.23	0	22
ptg005835l_1	904618	7701342	8.51	0	89
ptg005835l_1_region	904618	7701342	8.51	0	89
ptg005839l_1	673242	4510660	6.70	0	55
ptg005839l_1_region	673242	4510660	6.70	0	55
ptg005843l_1	214529	1164610	5.43	0	23
ptg005843l_1_region	214529	1164610	5.43	0	23
ptg005844l_1	37540	116251	3.10	0	9
ptg005844l_1_region	37540	116251	3.10	0	9
ptg005847l_1	96130	430239	4.48	0	13
ptg005847l_1_region	96130	430239	4.48	0	13
ptg005851l_1	135160	740783	5.48	0	13
ptg005851l_1_region	135160	740783	5.48	0	13
ptg005852l_1	156581	864077	5.52	0	24
ptg005852l_1_region	156581	864077	5.52	0	24
ptg005853l_1	228024	932821	4.09	0	20
ptg005853l_1_region	228024	932821	4.09	0	20
ptg005856l_1	631045	4268759	6.76	0	39
ptg005856l_1_region	631045	4268759	6.76	0	39
ptg005857l_1	356215	1424237	4.00	0	27
ptg005857l_1_region	356215	1424237	4.00	0	27
ptg005859l_1	124978	654063	5.23	0	18
ptg005859l_1_region	124978	654063	5.23	0	18
ptg005864l_1	56492	288426	5.11	0	23
ptg005864l_1_region	56492	288426	5.11	0	23
ptg005865l_1	103516	285201	2.76	0	14
ptg005865l_1_region	103516	285201	2.76	0	14
ptg005867l_1	341398	3886234	11.38	0	37
ptg005867l_1_region	341398	3886234	11.38	0	37
ptg005869l_1	161720	1200461	7.42	0	18
ptg005869l_1_region	161720	1200461	7.42	0	18
ptg005870l_1	207379	1077607	5.20	0	16
ptg005870l_1_region	207379	1077607	5.20	0	16
ptg005871l_1	34892	103844	2.98	0	7
ptg005871l_1_region	34892	103844	2.98	0	7
ptg005872l_1	293896	1607984	5.47	0	18
ptg005872l_1_region	293896	1607984	5.47	0	18
ptg005874l_1	210182	1785392	8.49	0	113
ptg005874l_1_region	210182	1785392	8.49	0	113
ptg005876l_1	120319	333360	2.77	0	9
ptg005876l_1_region	120319	333360	2.77	0	9
ptg005878l_1	189082	635558	3.36	0	16
ptg005878l_1_region	189082	635558	3.36	0	16
ptg005880l_1	224946	1324017	5.89	0	27
ptg005880l_1_region	224946	1324017	5.89	0	27
ptg005889l_1	43434	163907	3.77	0	9
ptg005889l_1_region	43434	163907	3.77	0	9
ptg005890l_1	108007	456836	4.23	0	21
ptg005890l_1_region	108007	456836	4.23	0	21
ptg005892l_1	118290	867392	7.33	0	31
ptg005892l_1_region	118290	867392	7.33	0	31
ptg005893l_1	248272	1154003	4.65	0	18
ptg005893l_1_region	248272	1154003	4.65	0	18
ptg005895l_1	404814	3247694	8.02	0	73
ptg005895l_1_region	404814	3247694	8.02	0	73
ptg005897l_1	349265	1674719	4.79	0	19
ptg005897l_1_region	349265	1674719	4.79	0	19
ptg005898l_1	76844	368028	4.79	0	12
ptg005898l_1_region	76844	368028	4.79	0	12
ptg005903l_1	259604	1077445	4.15	0	16
ptg005903l_1_region	259604	1077445	4.15	0	16
ptg005905l_1	11722	46135	3.94	0	14
ptg005905l_1_region	11722	46135	3.94	0	14
ptg005907l_1	567382	4109151	7.24	0	55
ptg005907l_1_region	567382	4109151	7.24	0	55
ptg005908l_1	173108	158284	0.91	0	7
ptg005908l_1_region	173108	158284	0.91	0	7
ptg005916l_1	78464	636747	8.12	0	16
ptg005916l_1_region	78464	636747	8.12	0	16
ptg005918l_1	51470	205385	3.99	0	11
ptg005918l_1_region	51470	205385	3.99	0	11
ptg005919l_1	171194	724834	4.23	0	13
ptg005919l_1_region	171194	724834	4.23	0	13
ptg005920l_1	465308	4244777	9.12	0	201
ptg005920l_1_region	465308	4244777	9.12	0	201
ptg005921l_1	335467	1778116	5.30	0	22
ptg005921l_1_region	335467	1778116	5.30	0	22
ptg005923l_1	892950	8673247	9.71	0	48
ptg005923l_1_region	892950	8673247	9.71	0	48
ptg005924l_1	72207	71152	0.99	0	5
ptg005924l_1_region	72207	71152	0.99	0	5
ptg005925l_1	35750	231379	6.47	0	12
ptg005925l_1_region	35750	231379	6.47	0	12
ptg005927l_1	369888	2164521	5.85	0	90
ptg005927l_1_region	369888	2164521	5.85	0	90
ptg005928l_1	523793	5041430	9.62	0	112
ptg005928l_1_region	523793	5041430	9.62	0	112
ptg005929l_1	298712	2271012	7.60	0	19
ptg005929l_1_region	298712	2271012	7.60	0	19
ptg005930l_1	399987	2205787	5.51	0	18
ptg005930l_1_region	399987	2205787	5.51	0	18
ptg005931l_1	277615	1580266	5.69	0	17
ptg005931l_1_region	277615	1580266	5.69	0	17
ptg005935l_1	55163	257090	4.66	0	12
ptg005935l_1_region	55163	257090	4.66	0	12
ptg005939l_1	407580	2279528	5.59	0	24
ptg005939l_1_region	407580	2279528	5.59	0	24
ptg005942l_1	174148	846024	4.86	0	22
ptg005942l_1_region	174148	846024	4.86	0	22
ptg005943l_1	744449	5498586	7.39	0	31
ptg005943l_1_region	744449	5498586	7.39	0	31
ptg005944l_1	215077	1144909	5.32	0	17
ptg005944l_1_region	215077	1144909	5.32	0	17
ptg005945l_1	54444	235676	4.33	0	9
ptg005945l_1_region	54444	235676	4.33	0	9
ptg005956l_1	33373	284972	8.54	0	19
ptg005956l_1_region	33373	284972	8.54	0	19
ptg005958l_1	143040	522133	3.65	0	35
ptg005958l_1_region	143040	522133	3.65	0	35
ptg005961l_1	280958	435068	1.55	0	12
ptg005961l_1_region	280958	435068	1.55	0	12
ptg005962l_1	95497	437420	4.58	0	23
ptg005962l_1_region	95497	437420	4.58	0	23
ptg005963l_1	70854	403685	5.70	0	21
ptg005963l_1_region	70854	403685	5.70	0	21
ptg005966l_1	382869	875475	2.29	0	31
ptg005966l_1_region	382869	875475	2.29	0	31
ptg005972l_1	193099	970760	5.03	0	19
ptg005972l_1_region	193099	970760	5.03	0	19
ptg005974l_1	152377	526274	3.45	0	11
ptg005974l_1_region	152377	526274	3.45	0	11
ptg005975l_1	327706	3992237	12.18	0	61
ptg005975l_1_region	327706	3992237	12.18	0	61
ptg005976l_1	93232	473180	5.08	0	14
ptg005976l_1_region	93232	473180	5.08	0	14
ptg005978l_1	38919	174984	4.50	0	13
ptg005978l_1_region	38919	174984	4.50	0	13
ptg005980l_1	421740	3625009	8.60	0	34
ptg005980l_1_region	421740	3625009	8.60	0	34
ptg005982l_1	538752	3241470	6.02	0	59
ptg005982l_1_region	538752	3241470	6.02	0	59
ptg005984l_1	78115	372483	4.77	0	23
ptg005984l_1_region	78115	372483	4.77	0	23
ptg005987l_1	161348	765225	4.74	0	14
ptg005987l_1_region	161348	765225	4.74	0	14
ptg005988l_1	153487	874101	5.69	0	20
ptg005988l_1_region	153487	874101	5.69	0	20
ptg005994l_1	19572	52859	2.70	0	6
ptg005994l_1_region	19572	52859	2.70	0	6
ptg006000l_1	195280	1130872	5.79	0	17
ptg006000l_1_region	195280	1130872	5.79	0	17
ptg006001l_1	266320	1480296	5.56	0	15
ptg006001l_1_region	266320	1480296	5.56	0	15
ptg006002l_1	16812	99385	5.91	0	11
ptg006002l_1_region	16812	99385	5.91	0	11
ptg006003l_1	341027	2541101	7.45	0	33
ptg006003l_1_region	341027	2541101	7.45	0	33
ptg006005l_1	144740	431048	2.98	0	9
ptg006005l_1_region	144740	431048	2.98	0	9
ptg006006l_1	591261	3937545	6.66	0	53
ptg006006l_1_region	591261	3937545	6.66	0	53
ptg006008l_1	722586	369845	0.51	0	8
ptg006008l_1_region	722586	369845	0.51	0	8
ptg006009l_1	201497	3557017	17.65	0	43
ptg006009l_1_region	201497	3557017	17.65	0	43
ptg006012l_1	308722	1579419	5.12	0	12
ptg006012l_1_region	308722	1579419	5.12	0	12
ptg006017l_1	146781	632121	4.31	0	13
ptg006017l_1_region	146781	632121	4.31	0	13
ptg006018l_1	195481	706657	3.61	0	23
ptg006018l_1_region	195481	706657	3.61	0	23
ptg006020l_1	232129	1830261	7.88	0	56
ptg006020l_1_region	232129	1830261	7.88	0	56
ptg006021l_1	1125180	7249423	6.44	0	24
ptg006021l_1_region	1125180	7249423	6.44	0	24
ptg006022l_1	215644	1539073	7.14	0	85
ptg006022l_1_region	215644	1539073	7.14	0	85
ptg006023l_1	34763	107631	3.10	0	10
ptg006023l_1_region	34763	107631	3.10	0	10
ptg006024l_1	165226	532210	3.22	0	12
ptg006024l_1_region	165226	532210	3.22	0	12
ptg006025l_1	336052	1056046	3.14	0	25
ptg006025l_1_region	336052	1056046	3.14	0	25
ptg006026l_1	510093	2420489	4.75	0	29
ptg006026l_1_region	510093	2420489	4.75	0	29
ptg006027l_1	26212	32583	1.24	0	4
ptg006027l_1_region	26212	32583	1.24	0	4
ptg006028l_1	141273	574419	4.07	0	23
ptg006028l_1_region	141273	574419	4.07	0	23
ptg006029l_1	838244	3572566	4.26	0	23
ptg006029l_1_region	838244	3572566	4.26	0	23
ptg006031l_1	246179	1324109	5.38	0	20
ptg006031l_1_region	246179	1324109	5.38	0	20
ptg006032l_1	17643	1338	0.08	0	2
ptg006032l_1_region	17643	1338	0.08	0	2
ptg006033l_1	436193	1295815	2.97	0	20
ptg006033l_1_region	436193	1295815	2.97	0	20
ptg006035l_1	55115	341851	6.20	0	23
ptg006035l_1_region	55115	341851	6.20	0	23
ptg006040l_1	381951	2209157	5.78	0	21
ptg006040l_1_region	381951	2209157	5.78	0	21
ptg006043l_1	543390	3193032	5.88	0	23
ptg006043l_1_region	543390	3193032	5.88	0	23
ptg006045l_1	424307	5167173	12.18	0	193
ptg006045l_1_region	424307	5167173	12.18	0	193
ptg006046l_1	117903	939747	7.97	0	30
ptg006046l_1_region	117903	939747	7.97	0	30
ptg006047l_1	42039	150209	3.57	0	12
ptg006047l_1_region	42039	150209	3.57	0	12
ptg006048l_1	12098	62177	5.14	0	9
ptg006048l_1_region	12098	62177	5.14	0	9
ptg006050l_1	288088	1452336	5.04	0	29
ptg006050l_1_region	288088	1452336	5.04	0	29
ptg006055l_1	177555	584365	3.29	0	13
ptg006055l_1_region	177555	584365	3.29	0	13
ptg006057l_1	168952	1230101	7.28	0	19
ptg006057l_1_region	168952	1230101	7.28	0	19
ptg006058l_1	544149	3614324	6.64	0	83
ptg006058l_1_region	544149	3614324	6.64	0	83
ptg006059l_1	153390	801811	5.23	0	17
ptg006059l_1_region	153390	801811	5.23	0	17
ptg006060l_1	64497	385632	5.98	0	12
ptg006060l_1_region	64497	385632	5.98	0	12
ptg006063l_1	20560	56358	2.74	0	8
ptg006063l_1_region	20560	56358	2.74	0	8
ptg006064l_1	244504	1046018	4.28	0	13
ptg006064l_1_region	244504	1046018	4.28	0	13
ptg006065l_1	77917	546881	7.02	0	40
ptg006065l_1_region	77917	546881	7.02	0	40
ptg006070l_1	145855	647172	4.44	0	11
ptg006070l_1_region	145855	647172	4.44	0	11
ptg006073l_1	152211	317075	2.08	0	13
ptg006073l_1_region	152211	317075	2.08	0	13
ptg006074l_1	34622	131559	3.80	0	8
ptg006074l_1_region	34622	131559	3.80	0	8
ptg006077l_1	35320	173095	4.90	0	11
ptg006077l_1_region	35320	173095	4.90	0	11
ptg006079l_1	184602	1044511	5.66	0	20
ptg006079l_1_region	184602	1044511	5.66	0	20
ptg006084l_1	843059	3798994	4.51	0	24
ptg006084l_1_region	843059	3798994	4.51	0	24
ptg006088l_1	333432	1796398	5.39	0	57
ptg006088l_1_region	333432	1796398	5.39	0	57
ptg006090l_1	70208	1756722	25.02	0	118
ptg006090l_1_region	70208	1756722	25.02	0	118
ptg006091l_1	348286	3149590	9.04	0	289
ptg006091l_1_region	348286	3149590	9.04	0	289
ptg006092l_1	25551	148668	5.82	0	13
ptg006092l_1_region	25551	148668	5.82	0	13
ptg006093l_1	222618	975788	4.38	0	13
ptg006093l_1_region	222618	975788	4.38	0	13
ptg006095l_1	450016	1682455	3.74	0	27
ptg006095l_1_region	450016	1682455	3.74	0	27
ptg006096l_1	118412	347307	2.93	0	11
ptg006096l_1_region	118412	347307	2.93	0	11
ptg006098l_1	252711	1185295	4.69	0	21
ptg006098l_1_region	252711	1185295	4.69	0	21
ptg006099l_1	291273	1381006	4.74	0	16
ptg006099l_1_region	291273	1381006	4.74	0	16
ptg006100l_1	21925	127320	5.81	0	11
ptg006100l_1_region	21925	127320	5.81	0	11
ptg006101l_1	200242	1847014	9.22	0	59
ptg006101l_1_region	200242	1847014	9.22	0	59
ptg006103l_1	247993	1305848	5.27	0	30
ptg006103l_1_region	247993	1305848	5.27	0	30
ptg006106l_1	908417	5950342	6.55	0	136
ptg006106l_1_region	908417	5950342	6.55	0	136
ptg006108l_1	107639	295121	2.74	0	9
ptg006108l_1_region	107639	295121	2.74	0	9
ptg006109l_1	355488	1944235	5.47	0	16
ptg006109l_1_region	355488	1944235	5.47	0	16
ptg006110l_1	71812	297759	4.15	0	13
ptg006110l_1_region	71812	297759	4.15	0	13
ptg006115l_1	95915	161376	1.68	0	18
ptg006115l_1_region	95915	161376	1.68	0	18
ptg006116l_1	83122	533223	6.41	0	18
ptg006116l_1_region	83122	533223	6.41	0	18
ptg006117l_1	68984	366482	5.31	0	19
ptg006117l_1_region	68984	366482	5.31	0	19
ptg006118l_1	315843	2481331	7.86	0	20
ptg006118l_1_region	315843	2481331	7.86	0	20
ptg006119l_1	204703	646931	3.16	0	13
ptg006119l_1_region	204703	646931	3.16	0	13
ptg006122l_1	106093	635561	5.99	0	13
ptg006122l_1_region	106093	635561	5.99	0	13
ptg006123l_1	156982	380417	2.42	0	11
ptg006123l_1_region	156982	380417	2.42	0	11
ptg006124l_1	258523	1485790	5.75	0	33
ptg006124l_1_region	258523	1485790	5.75	0	33
ptg006126l_1	238232	1296881	5.44	0	16
ptg006126l_1_region	238232	1296881	5.44	0	16
ptg006131l_1	436175	3301714	7.57	0	20
ptg006131l_1_region	436175	3301714	7.57	0	20
ptg006133l_1	175058	848578	4.85	0	15
ptg006133l_1_region	175058	848578	4.85	0	15
ptg006136l_1	141132	654899	4.64	0	15
ptg006136l_1_region	141132	654899	4.64	0	15
ptg006137l_1	68368	542962	7.94	0	31
ptg006137l_1_region	68368	542962	7.94	0	31
ptg006139l_1	209230	816520	3.90	0	12
ptg006139l_1_region	209230	816520	3.90	0	12
ptg006140l_1	813771	4657851	5.72	0	21
ptg006140l_1_region	813771	4657851	5.72	0	21
ptg006141l_1	319843	1580178	4.94	0	19
ptg006141l_1_region	319843	1580178	4.94	0	19
ptg006142l_1	183043	778381	4.25	0	26
ptg006142l_1_region	183043	778381	4.25	0	26
ptg006145l_1	59398	203163	3.42	0	10
ptg006145l_1_region	59398	203163	3.42	0	10
ptg006147l_1	34678	72622	2.09	0	7
ptg006147l_1_region	34678	72622	2.09	0	7
ptg006151l_1	384527	1840471	4.79	0	31
ptg006151l_1_region	384527	1840471	4.79	0	31
ptg006152l_1	32682	22080	0.68	0	3
ptg006152l_1_region	32682	22080	0.68	0	3
ptg006154l_1	425795	2227318	5.23	0	21
ptg006154l_1_region	425795	2227318	5.23	0	21
ptg006155l_1	232070	1349142	5.81	0	16
ptg006155l_1_region	232070	1349142	5.81	0	16
ptg006156l_1	266642	932812	3.50	0	11
ptg006156l_1_region	266642	932812	3.50	0	11
ptg006159l_1	526153	2977905	5.66	0	16
ptg006159l_1_region	526153	2977905	5.66	0	16
ptg006160l_1	251940	1097489	4.36	0	15
ptg006160l_1_region	251940	1097489	4.36	0	15
ptg006163l_1	533366	2123246	3.98	0	22
ptg006163l_1_region	533366	2123246	3.98	0	22
ptg006164l_1	323866	1551606	4.79	0	17
ptg006164l_1_region	323866	1551606	4.79	0	17
ptg006165l_1	405117	1942953	4.80	0	16
ptg006165l_1_region	405117	1942953	4.80	0	16
ptg006166l_1	375431	1536655	4.09	0	11
ptg006166l_1_region	375431	1536655	4.09	0	11
ptg006172l_1	246712	1501887	6.09	0	69
ptg006172l_1_region	246712	1501887	6.09	0	69
ptg006174l_1	645107	3553877	5.51	0	18
ptg006174l_1_region	645107	3553877	5.51	0	18
ptg006175l_1	122618	823519	6.72	0	22
ptg006175l_1_region	122618	823519	6.72	0	22
ptg006179l_1	292284	834737	2.86	0	18
ptg006179l_1_region	292284	834737	2.86	0	18
ptg006180l_1	765978	3445748	4.50	0	37
ptg006180l_1_region	765978	3445748	4.50	0	37
ptg006181l_1	20926	101276	4.84	0	11
ptg006181l_1_region	20926	101276	4.84	0	11
ptg006183l_1	123374	621764	5.04	0	21
ptg006183l_1_region	123374	621764	5.04	0	21
ptg006184l_1	51874	275294	5.31	0	14
ptg006184l_1_region	51874	275294	5.31	0	14
ptg006188l_1	120533	490466	4.07	0	16
ptg006188l_1_region	120533	490466	4.07	0	16
ptg006195l_1	281766	1700416	6.03	0	19
ptg006195l_1_region	281766	1700416	6.03	0	19
ptg006196l_1	30172	152938	5.07	0	17
ptg006196l_1_region	30172	152938	5.07	0	17
ptg006197l_1	100207	442524	4.42	0	16
ptg006197l_1_region	100207	442524	4.42	0	16
ptg006199l_1	15116	15594	1.03	0	6
ptg006199l_1_region	15116	15594	1.03	0	6
ptg006203l_1	169687	746368	4.40	0	13
ptg006203l_1_region	169687	746368	4.40	0	13
ptg006204l_1	435173	3159991	7.26	0	17
ptg006204l_1_region	435173	3159991	7.26	0	17
ptg006205l_1	355774	1467057	4.12	0	16
ptg006205l_1_region	355774	1467057	4.12	0	16
ptg006206l_1	39970	235064	5.88	0	16
ptg006206l_1_region	39970	235064	5.88	0	16
ptg006207l_1	281574	1611002	5.72	0	24
ptg006207l_1_region	281574	1611002	5.72	0	24
ptg006208l_1	146826	866489	5.90	0	15
ptg006208l_1_region	146826	866489	5.90	0	15
ptg006209l_1	105647	393101	3.72	0	12
ptg006209l_1_region	105647	393101	3.72	0	12
ptg006212l_1	174681	456760	2.61	0	12
ptg006212l_1_region	174681	456760	2.61	0	12
ptg006214l_1	66059	295574	4.47	0	16
ptg006214l_1_region	66059	295574	4.47	0	16
ptg006215l_1	161863	712962	4.40	0	48
ptg006215l_1_region	161863	712962	4.40	0	48
ptg006216l_1	374238	1619553	4.33	0	22
ptg006216l_1_region	374238	1619553	4.33	0	22
ptg006219l_1	115178	797268	6.92	0	18
ptg006219l_1_region	115178	797268	6.92	0	18
ptg006221l_1	72517	543236	7.49	0	26
ptg006221l_1_region	72517	543236	7.49	0	26
ptg006222l_1	141441	872062	6.17	0	18
ptg006222l_1_region	141441	872062	6.17	0	18
ptg006223l_1	468044	2290000	4.89	0	29
ptg006223l_1_region	468044	2290000	4.89	0	29
ptg006224l_1	158489	657014	4.15	0	12
ptg006224l_1_region	158489	657014	4.15	0	12
ptg006226l_1	197006	1411518	7.16	0	22
ptg006226l_1_region	197006	1411518	7.16	0	22
ptg006229l_1	201234	1979729	9.84	0	22
ptg006229l_1_region	201234	1979729	9.84	0	22
ptg006231l_1	140861	693434	4.92	0	19
ptg006231l_1_region	140861	693434	4.92	0	19
ptg006232l_1	66193	305190	4.61	0	13
ptg006232l_1_region	66193	305190	4.61	0	13
ptg006234l_1	55638	226524	4.07	0	11
ptg006234l_1_region	55638	226524	4.07	0	11
ptg006235l_1	74299	213560	2.87	0	19
ptg006235l_1_region	74299	213560	2.87	0	19
ptg006236l_1	228177	1105451	4.84	0	21
ptg006236l_1_region	228177	1105451	4.84	0	21
ptg006237l_1	195940	1011858	5.16	0	13
ptg006237l_1_region	195940	1011858	5.16	0	13
ptg006242l_1	16240	56544	3.48	0	6
ptg006242l_1_region	16240	56544	3.48	0	6
ptg006245l_1	75538	362123	4.79	0	15
ptg006245l_1_region	75538	362123	4.79	0	15
ptg006247l_1	302011	1556315	5.15	0	28
ptg006247l_1_region	302011	1556315	5.15	0	28
ptg006248l_1	314087	1456381	4.64	0	17
ptg006248l_1_region	314087	1456381	4.64	0	17
ptg006249l_1	355309	1883229	5.30	0	230
ptg006249l_1_region	355309	1883229	5.30	0	230
ptg006250l_1	140995	906620	6.43	0	35
ptg006250l_1_region	140995	906620	6.43	0	35
ptg006252l_1	38833	118041	3.04	0	15
ptg006252l_1_region	38833	118041	3.04	0	15
ptg006254l_1	281809	2841718	10.08	0	31
ptg006254l_1_region	281809	2841718	10.08	0	31
ptg006255l_1	40939	162939	3.98	0	13
ptg006255l_1_region	40939	162939	3.98	0	13
ptg006258l_1	379464	2753153	7.26	0	41
ptg006258l_1_region	379464	2753153	7.26	0	41
ptg006261l_1	37396	213731	5.72	0	18
ptg006261l_1_region	37396	213731	5.72	0	18
ptg006263l_1	162038	497997	3.07	0	13
ptg006263l_1_region	162038	497997	3.07	0	13
ptg006264l_1	269887	1689432	6.26	0	31
ptg006264l_1_region	269887	1689432	6.26	0	31
ptg006266l_1	120225	740274	6.16	0	24
ptg006266l_1_region	120225	740274	6.16	0	24
ptg006267l_1	96284	355251	3.69	0	15
ptg006267l_1_region	96284	355251	3.69	0	15
ptg006269l_1	108296	635801	5.87	0	17
ptg006269l_1_region	108296	635801	5.87	0	17
ptg006270l_1	173612	1282390	7.39	0	36
ptg006270l_1_region	173612	1282390	7.39	0	36
ptg006271l_1	345924	1411342	4.08	0	13
ptg006271l_1_region	345924	1411342	4.08	0	13
ptg006277l_1	106923	443747	4.15	0	10
ptg006277l_1_region	106923	443747	4.15	0	10
ptg006279l_1	384833	2351083	6.11	0	18
ptg006279l_1_region	384833	2351083	6.11	0	18
ptg006282l_1	128430	374435	2.92	0	11
ptg006282l_1_region	128430	374435	2.92	0	11
ptg006284l_1	85051	53776	0.63	0	5
ptg006284l_1_region	85051	53776	0.63	0	5
ptg006285l_1	28921	123653	4.28	0	9
ptg006285l_1_region	28921	123653	4.28	0	9
ptg006286l_1	377850	2621777	6.94	0	31
ptg006286l_1_region	377850	2621777	6.94	0	31
ptg006287l_1	28628	266053	9.29	0	51
ptg006287l_1_region	28628	266053	9.29	0	51
ptg006289l_1	89601	552129	6.16	0	19
ptg006289l_1_region	89601	552129	6.16	0	19
ptg006290l_1	33810	125452	3.71	0	7
ptg006290l_1_region	33810	125452	3.71	0	7
ptg006295l_1	2090832	3442161	1.65	0	23
ptg006295l_1_region	2090832	3442161	1.65	0	23
ptg006297l_1	296071	2409515	8.14	0	78
ptg006297l_1_region	296071	2409515	8.14	0	78
ptg006301l_1	179350	889651	4.96	0	12
ptg006301l_1_region	179350	889651	4.96	0	12
ptg006303l_1	204256	846248	4.14	0	11
ptg006303l_1_region	204256	846248	4.14	0	11
ptg006304l_1	555955	3134408	5.64	0	36
ptg006304l_1_region	555955	3134408	5.64	0	36
ptg006305l_1	196620	987459	5.02	0	13
ptg006305l_1_region	196620	987459	5.02	0	13
ptg006306l_1	73755	312072	4.23	0	18
ptg006306l_1_region	73755	312072	4.23	0	18
ptg006311l_1	192238	2255421	11.73	0	34
ptg006311l_1_region	192238	2255421	11.73	0	34
ptg006314l_1	328537	1405299	4.28	0	11
ptg006314l_1_region	328537	1405299	4.28	0	11
ptg006315l_1	997025	6685162	6.71	0	26
ptg006315l_1_region	997025	6685162	6.71	0	26
ptg006319l_1	155568	1596922	10.27	0	38
ptg006319l_1_region	155568	1596922	10.27	0	38
ptg006320l_1	141952	1063055	7.49	0	43
ptg006320l_1_region	141952	1063055	7.49	0	43
ptg006322l_1	156216	1418725	9.08	0	87
ptg006322l_1_region	156216	1418725	9.08	0	87
ptg006324l_1	96752	381027	3.94	0	13
ptg006324l_1_region	96752	381027	3.94	0	13
ptg006325l_1	370375	1061453	2.87	0	39
ptg006325l_1_region	370375	1061453	2.87	0	39
ptg006327l_1	518954	2298965	4.43	0	24
ptg006327l_1_region	518954	2298965	4.43	0	24
ptg006328l_1	462586	2359354	5.10	0	16
ptg006328l_1_region	462586	2359354	5.10	0	16
ptg006333l_1	157417	710926	4.52	0	14
ptg006333l_1_region	157417	710926	4.52	0	14
ptg006334l_1	34406	176512	5.13	0	13
ptg006334l_1_region	34406	176512	5.13	0	13
ptg006341l_1	269069	1294174	4.81	0	12
ptg006341l_1_region	269069	1294174	4.81	0	12
ptg006342l_1	226544	852320	3.76	0	29
ptg006342l_1_region	226544	852320	3.76	0	29
ptg006346l_1	351925	2065456	5.87	0	41
ptg006346l_1_region	351925	2065456	5.87	0	41
ptg006348l_1	386164	1862009	4.82	0	23
ptg006348l_1_region	386164	1862009	4.82	0	23
ptg006349l_1	292530	1559950	5.33	0	17
ptg006349l_1_region	292530	1559950	5.33	0	17
ptg006350l_1	831722	1220803	1.47	0	17
ptg006350l_1_region	831722	1220803	1.47	0	17
ptg006351l_1	174590	696978	3.99	0	13
ptg006351l_1_region	174590	696978	3.99	0	13
ptg006352l_1	169306	1487058	8.78	0	36
ptg006352l_1_region	169306	1487058	8.78	0	36
ptg006353l_1	18640	56157	3.01	0	6
ptg006353l_1_region	18640	56157	3.01	0	6
ptg006354l_1	250910	2848486	11.35	0	88
ptg006354l_1_region	250910	2848486	11.35	0	88
ptg006358l_1	52249	176882	3.39	0	14
ptg006358l_1_region	52249	176882	3.39	0	14
ptg006361l_1	109670	428028	3.90	0	34
ptg006361l_1_region	109670	428028	3.90	0	34
ptg006362l_1	188238	1353259	7.19	0	24
ptg006362l_1_region	188238	1353259	7.19	0	24
ptg006364l_1	273750	819279	2.99	0	15
ptg006364l_1_region	273750	819279	2.99	0	15
ptg006365l_1	53797	347771	6.46	0	20
ptg006365l_1_region	53797	347771	6.46	0	20
ptg006366l_1	155118	573131	3.69	0	20
ptg006366l_1_region	155118	573131	3.69	0	20
ptg006367l_1	32919	82669	2.51	0	33
ptg006367l_1_region	32919	82669	2.51	0	33
ptg006369l_1	12445	44410	3.57	0	43
ptg006369l_1_region	12445	44410	3.57	0	43
ptg006370l_1	245968	1160776	4.72	0	27
ptg006370l_1_region	245968	1160776	4.72	0	27
ptg006371l_1	61539	236971	3.85	0	9
ptg006371l_1_region	61539	236971	3.85	0	9
ptg006373l_1	10766	36966	3.43	0	5
ptg006373l_1_region	10766	36966	3.43	0	5
ptg006374l_1	186971	823888	4.41	0	12
ptg006374l_1_region	186971	823888	4.41	0	12
ptg006376l_1	308449	928830	3.01	0	18
ptg006376l_1_region	308449	928830	3.01	0	18
ptg006377l_1	143463	529643	3.69	0	11
ptg006377l_1_region	143463	529643	3.69	0	11
ptg006383l_1	33170	211901	6.39	0	28
ptg006383l_1_region	33170	211901	6.39	0	28
ptg006386l_1	85916	785527	9.14	0	51
ptg006386l_1_region	85916	785527	9.14	0	51
ptg006388l_1	181580	951783	5.24	0	17
ptg006388l_1_region	181580	951783	5.24	0	17
ptg006395l_1	21846	96626	4.42	0	10
ptg006395l_1_region	21846	96626	4.42	0	10
ptg006398l_1	113712	355057	3.12	0	25
ptg006398l_1_region	113712	355057	3.12	0	25
ptg006399l_1	393142	3176110	8.08	0	44
ptg006399l_1_region	393142	3176110	8.08	0	44
ptg006400l_1	100000	327844	3.28	0	9
ptg006400l_1_region	100000	327844	3.28	0	9
ptg006402l_1	123409	656145	5.32	0	34
ptg006402l_1_region	123409	656145	5.32	0	34
ptg006407l_1	484342	2550183	5.27	0	17
ptg006407l_1_region	484342	2550183	5.27	0	17
ptg006408l_1	525837	3729041	7.09	0	21
ptg006408l_1_region	525837	3729041	7.09	0	21
ptg006410l_1	72473	369414	5.10	0	14
ptg006410l_1_region	72473	369414	5.10	0	14
ptg006411l_1	324626	2508726	7.73	0	21
ptg006411l_1_region	324626	2508726	7.73	0	21
ptg006413l_1	29373	69675	2.37	0	11
ptg006413l_1_region	29373	69675	2.37	0	11
ptg006415l_1	35836	141995	3.96	0	36
ptg006415l_1_region	35836	141995	3.96	0	36
ptg006416l_1	106942	334661	3.13	0	15
ptg006416l_1_region	106942	334661	3.13	0	15
ptg006418l_1	83560	557248	6.67	0	16
ptg006418l_1_region	83560	557248	6.67	0	16
ptg006420l_1	99275	486897	4.90	0	12
ptg006420l_1_region	99275	486897	4.90	0	12
ptg006421l_1	385033	2167379	5.63	0	30
ptg006421l_1_region	385033	2167379	5.63	0	30
ptg006422l_1	179200	1157418	6.46	0	174
ptg006422l_1_region	179200	1157418	6.46	0	174
ptg006423l_1	35708	26098	0.73	0	2
ptg006423l_1_region	35708	26098	0.73	0	2
ptg006426l_1	120137	720897	6.00	0	18
ptg006426l_1_region	120137	720897	6.00	0	18
ptg006427l_1	531226	3317953	6.25	0	19
ptg006427l_1_region	531226	3317953	6.25	0	19
ptg006429l_1	116677	607664	5.21	0	20
ptg006429l_1_region	116677	607664	5.21	0	20
ptg006430l_1	152753	369656	2.42	0	8
ptg006430l_1_region	152753	369656	2.42	0	8
ptg006431l_1	401545	2204264	5.49	0	18
ptg006431l_1_region	401545	2204264	5.49	0	18
ptg006435l_1	85208	476686	5.59	0	15
ptg006435l_1_region	85208	476686	5.59	0	15
ptg006439l_1	91470	682608	7.46	0	31
ptg006439l_1_region	91470	682608	7.46	0	31
ptg006440l_1	138316	977335	7.07	0	23
ptg006440l_1_region	138316	977335	7.07	0	23
ptg006443l_1	24729	54665	2.21	0	8
ptg006443l_1_region	24729	54665	2.21	0	8
ptg006444l_1	26533	53408	2.01	0	5
ptg006444l_1_region	26533	53408	2.01	0	5
ptg006448l_1	58758	231292	3.94	0	11
ptg006448l_1_region	58758	231292	3.94	0	11
ptg006450l_1	145890	370155	2.54	0	10
ptg006450l_1_region	145890	370155	2.54	0	10
ptg006453l_1	29895	135923	4.55	0	10
ptg006453l_1_region	29895	135923	4.55	0	10
ptg006454l_1	63340	128189	2.02	0	11
ptg006454l_1_region	63340	128189	2.02	0	11
ptg006455l_1	47320	330361	6.98	0	27
ptg006455l_1_region	47320	330361	6.98	0	27
ptg006461l_1	59102	452186	7.65	0	21
ptg006461l_1_region	59102	452186	7.65	0	21
ptg006471l_1	135593	813946	6.00	0	14
ptg006471l_1_region	135593	813946	6.00	0	14
ptg006472l_1	41938	224735	5.36	0	25
ptg006472l_1_region	41938	224735	5.36	0	25
ptg006475l_1	113823	402070	3.53	0	13
ptg006475l_1_region	113823	402070	3.53	0	13
ptg006478l_1	127554	432510	3.39	0	14
ptg006478l_1_region	127554	432510	3.39	0	14
ptg006480l_1	602932	7888244	13.08	0	207
ptg006480l_1_region	602932	7888244	13.08	0	207
ptg006484l_1	244701	1753751	7.17	0	27
ptg006484l_1_region	244701	1753751	7.17	0	27
ptg006486l_1	306714	2711403	8.84	0	116
ptg006486l_1_region	306714	2711403	8.84	0	116
ptg006488l_1	41080	108976	2.65	0	7
ptg006488l_1_region	41080	108976	2.65	0	7
ptg006489l_1	362708	2170507	5.98	0	37
ptg006489l_1_region	362708	2170507	5.98	0	37
ptg006490l_1	318340	1577983	4.96	0	12
ptg006490l_1_region	318340	1577983	4.96	0	12
ptg006491l_1	75427	207027	2.74	0	14
ptg006491l_1_region	75427	207027	2.74	0	14
ptg006492l_1	37261	105075	2.82	0	8
ptg006492l_1_region	37261	105075	2.82	0	8
ptg006493l_1	672141	3356776	4.99	0	59
ptg006493l_1_region	672141	3356776	4.99	0	59
ptg006496l_1	479622	3861446	8.05	0	66
ptg006496l_1_region	479622	3861446	8.05	0	66
ptg006497l_1	380043	1212816	3.19	0	24
ptg006497l_1_region	380043	1212816	3.19	0	24
ptg006498l_1	47349	278614	5.88	0	21
ptg006498l_1_region	47349	278614	5.88	0	21
ptg006499l_1	646195	3359054	5.20	0	38
ptg006499l_1_region	646195	3359054	5.20	0	38
ptg006500l_1	642762	4211772	6.55	0	205
ptg006500l_1_region	642762	4211772	6.55	0	205
ptg006503l_1	21790	123901	5.69	0	10
ptg006503l_1_region	21790	123901	5.69	0	10
ptg006505l_1	35473	170594	4.81	0	18
ptg006505l_1_region	35473	170594	4.81	0	18
ptg006507l_1	128331	735810	5.73	0	21
ptg006507l_1_region	128331	735810	5.73	0	21
ptg006509l_1	225682	1077034	4.77	0	14
ptg006509l_1_region	225682	1077034	4.77	0	14
ptg006513l_1	450431	2468651	5.48	0	19
ptg006513l_1_region	450431	2468651	5.48	0	19
ptg006514l_1	468079	3751252	8.01	0	181
ptg006514l_1_region	468079	3751252	8.01	0	181
ptg006520l_1	36259	145569	4.01	0	24
ptg006520l_1_region	36259	145569	4.01	0	24
ptg006523l_1	129135	657635	5.09	0	21
ptg006523l_1_region	129135	657635	5.09	0	21
ptg006524l_1	62648	191849	3.06	0	8
ptg006524l_1_region	62648	191849	3.06	0	8
ptg006529l_1	122583	522625	4.26	0	18
ptg006529l_1_region	122583	522625	4.26	0	18
ptg006530l_1	189039	1057111	5.59	0	18
ptg006530l_1_region	189039	1057111	5.59	0	18
ptg006531l_1	397256	1907460	4.80	0	26
ptg006531l_1_region	397256	1907460	4.80	0	26
ptg006532l_1	91049	306853	3.37	0	10
ptg006532l_1_region	91049	306853	3.37	0	10
ptg006533l_1	140239	1350336	9.63	0	23
ptg006533l_1_region	140239	1350336	9.63	0	23
ptg006534l_1	91073	548573	6.02	0	14
ptg006534l_1_region	91073	548573	6.02	0	14
ptg006536l_1	87919	342067	3.89	0	14
ptg006536l_1_region	87919	342067	3.89	0	14
ptg006538l_1	451725	862661	1.91	0	15
ptg006538l_1_region	451725	862661	1.91	0	15
ptg006541l_1	2045007	8934600	4.37	0	39
ptg006541l_1_region	2045007	8934600	4.37	0	39
ptg006544l_1	20956	127892	6.10	0	12
ptg006544l_1_region	20956	127892	6.10	0	12
ptg006549l_1	484455	3373884	6.96	0	46
ptg006549l_1_region	484455	3373884	6.96	0	46
ptg006550l_1	337317	1164312	3.45	0	37
ptg006550l_1_region	337317	1164312	3.45	0	37
ptg006551l_1	549474	1301740	2.37	0	20
ptg006551l_1_region	549474	1301740	2.37	0	20
ptg006552l_1	88419	614445	6.95	0	18
ptg006552l_1_region	88419	614445	6.95	0	18
ptg006554l_1	158233	621072	3.93	0	14
ptg006554l_1_region	158233	621072	3.93	0	14
ptg006558l_1	101340	707991	6.99	0	44
ptg006558l_1_region	101340	707991	6.99	0	44
ptg006559l_1	72854	239564	3.29	0	15
ptg006559l_1_region	72854	239564	3.29	0	15
ptg006561l_1	305085	2238525	7.34	0	23
ptg006561l_1_region	305085	2238525	7.34	0	23
ptg006562l_1	61644	188578	3.06	0	7
ptg006562l_1_region	61644	188578	3.06	0	7
ptg006564l_1	458842	2699179	5.88	0	51
ptg006564l_1_region	458842	2699179	5.88	0	51
ptg006569l_1	62535	409672	6.55	0	22
ptg006569l_1_region	62535	409672	6.55	0	22
ptg006573l_1	116930	791637	6.77	0	20
ptg006573l_1_region	116930	791637	6.77	0	20
ptg006575l_1	60616	322002	5.31	0	20
ptg006575l_1_region	60616	322002	5.31	0	20
ptg006579l_1	52555	285795	5.44	0	15
ptg006579l_1_region	52555	285795	5.44	0	15
ptg006580l_1	19991	119904	6.00	0	13
ptg006580l_1_region	19991	119904	6.00	0	13
ptg006581l_1	93737	328910	3.51	0	9
ptg006581l_1_region	93737	328910	3.51	0	9
ptg006589l_1	72081	287503	3.99	0	16
ptg006589l_1_region	72081	287503	3.99	0	16
ptg006592l_1	83937	509936	6.08	0	14
ptg006592l_1_region	83937	509936	6.08	0	14
ptg006595l_1	1213331	5378285	4.43	0	36
ptg006595l_1_region	1213331	5378285	4.43	0	36
ptg006596l_1	163276	812835	4.98	0	23
ptg006596l_1_region	163276	812835	4.98	0	23
ptg006598l_1	83556	554508	6.64	0	144
ptg006598l_1_region	83556	554508	6.64	0	144
ptg006600l_1	97865	339868	3.47	0	8
ptg006600l_1_region	97865	339868	3.47	0	8
ptg006602l_1	331419	1918146	5.79	0	21
ptg006602l_1_region	331419	1918146	5.79	0	21
ptg006604l_1	1421349	9756781	6.86	0	34
ptg006604l_1_region	1421349	9756781	6.86	0	34
ptg006605l_1	334209	1678729	5.02	0	27
ptg006605l_1_region	334209	1678729	5.02	0	27
ptg006610l_1	23870	124312	5.21	0	20
ptg006610l_1_region	23870	124312	5.21	0	20
ptg006611l_1	34546	165017	4.78	0	12
ptg006611l_1_region	34546	165017	4.78	0	12
ptg006612l_1	758450	4588595	6.05	0	27
ptg006612l_1_region	758450	4588595	6.05	0	27
ptg006614l_1	182335	838441	4.60	0	18
ptg006614l_1_region	182335	838441	4.60	0	18
ptg006615l_1	1871553	4378596	2.34	0	77
ptg006615l_1_region	1871553	4378596	2.34	0	77
ptg006616l_1	32034	130449	4.07	0	9
ptg006616l_1_region	32034	130449	4.07	0	9
ptg006619l_1	1045055	1201124	1.15	0	20
ptg006619l_1_region	1045055	1201124	1.15	0	20
ptg006620l_1	520265	1811128	3.48	0	45
ptg006620l_1_region	520265	1811128	3.48	0	45
ptg006621l_1	108406	489704	4.52	0	19
ptg006621l_1_region	108406	489704	4.52	0	19
ptg006623l_1	26345	134467	5.10	0	18
ptg006623l_1_region	26345	134467	5.10	0	18
ptg006625l_1	385525	2208587	5.73	0	54
ptg006625l_1_region	385525	2208587	5.73	0	54
ptg006627l_1	37680	154353	4.10	0	8
ptg006627l_1_region	37680	154353	4.10	0	8
ptg006629l_1	344489	485695	1.41	0	12
ptg006629l_1_region	344489	485695	1.41	0	12
ptg006630l_1	123098	719728	5.85	0	26
ptg006630l_1_region	123098	719728	5.85	0	26
ptg006632l_1	154732	601953	3.89	0	13
ptg006632l_1_region	154732	601953	3.89	0	13
ptg006634l_1	91228	365660	4.01	0	13
ptg006634l_1_region	91228	365660	4.01	0	13
ptg006636l_1	149837	1162176	7.76	0	26
ptg006636l_1_region	149837	1162176	7.76	0	26
ptg006639l_1	397333	2420371	6.09	0	21
ptg006639l_1_region	397333	2420371	6.09	0	21
ptg006640l_1	287937	1692325	5.88	0	19
ptg006640l_1_region	287937	1692325	5.88	0	19
ptg006641l_1	66479	390584	5.88	0	20
ptg006641l_1_region	66479	390584	5.88	0	20
ptg006642l_1	271686	1901445	7.00	0	34
ptg006642l_1_region	271686	1901445	7.00	0	34
ptg006643l_1	18916	120601	6.38	0	46
ptg006643l_1_region	18916	120601	6.38	0	46
ptg006644l_1	77524	305073	3.94	0	12
ptg006644l_1_region	77524	305073	3.94	0	12
ptg006645l_1	117487	439706	3.74	0	12
ptg006645l_1_region	117487	439706	3.74	0	12
ptg006650l_1	20657	760	0.04	0	1
ptg006650l_1_region	20657	760	0.04	0	1
ptg006651l_1	162864	1164925	7.15	0	21
ptg006651l_1_region	162864	1164925	7.15	0	21
ptg006652l_1	80637	252788	3.13	0	11
ptg006652l_1_region	80637	252788	3.13	0	11
ptg006653l_1	449217	1860077	4.14	0	14
ptg006653l_1_region	449217	1860077	4.14	0	14
ptg006655l_1	34866	124177	3.56	0	14
ptg006655l_1_region	34866	124177	3.56	0	14
ptg006656l_1	372172	2205663	5.93	0	58
ptg006656l_1_region	372172	2205663	5.93	0	58
ptg006657l_1	297178	10480382	35.27	0	143
ptg006657l_1_region	297178	10480382	35.27	0	143
ptg006658l_1	62313	135861	2.18	0	12
ptg006658l_1_region	62313	135861	2.18	0	12
ptg006659l_1	779966	3065858	3.93	0	28
ptg006659l_1_region	779966	3065858	3.93	0	28
ptg006662l_1	498756	4155992	8.33	0	34
ptg006662l_1_region	498756	4155992	8.33	0	34
ptg006665l_1	101250	512906	5.07	0	20
ptg006665l_1_region	101250	512906	5.07	0	20
ptg006666l_1	155722	671995	4.32	0	17
ptg006666l_1_region	155722	671995	4.32	0	17
ptg006667l_1	124642	895785	7.19	0	25
ptg006667l_1_region	124642	895785	7.19	0	25
ptg006668l_1	533089	3215259	6.03	0	25
ptg006668l_1_region	533089	3215259	6.03	0	25
ptg006670l_1	73723	218969	2.97	0	10
ptg006670l_1_region	73723	218969	2.97	0	10
ptg006673l_1	176259	687255	3.90	0	10
ptg006673l_1_region	176259	687255	3.90	0	10
ptg006679l_1	46412	126621	2.73	0	12
ptg006679l_1_region	46412	126621	2.73	0	12
ptg006681l_1	99936	506652	5.07	0	11
ptg006681l_1_region	99936	506652	5.07	0	11
ptg006685l_1	139042	1260352	9.06	0	29
ptg006685l_1_region	139042	1260352	9.06	0	29
ptg006687l_1	40045	32914	0.82	0	3
ptg006687l_1_region	40045	32914	0.82	0	3
ptg006688l_1	531669	3014967	5.67	0	21
ptg006688l_1_region	531669	3014967	5.67	0	21
ptg006690l_1	144680	964175	6.66	0	40
ptg006690l_1_region	144680	964175	6.66	0	40
ptg006691l_1	86914	293450	3.38	0	8
ptg006691l_1_region	86914	293450	3.38	0	8
ptg006700l_1	145331	612340	4.21	0	33
ptg006700l_1_region	145331	612340	4.21	0	33
ptg006701l_1	1503552	9627985	6.40	0	37
ptg006701l_1_region	1503552	9627985	6.40	0	37
ptg006704l_1	84778	311439	3.67	0	12
ptg006704l_1_region	84778	311439	3.67	0	12
ptg006706l_1	559804	2212385	3.95	0	50
ptg006706l_1_region	559804	2212385	3.95	0	50
ptg006708l_1	30865	232681	7.54	0	35
ptg006708l_1_region	30865	232681	7.54	0	35
ptg006709l_1	143971	1052551	7.31	0	25
ptg006709l_1_region	143971	1052551	7.31	0	25
ptg006711l_1	401796	2527264	6.29	0	31
ptg006711l_1_region	401796	2527264	6.29	0	31
ptg006712l_1	129919	898886	6.92	0	16
ptg006712l_1_region	129919	898886	6.92	0	16
ptg006714l_1	232250	638223	2.75	0	14
ptg006714l_1_region	232250	638223	2.75	0	14
ptg006715l_1	650288	6131382	9.43	0	39
ptg006715l_1_region	650288	6131382	9.43	0	39
ptg006717l_1	100755	463722	4.60	0	58
ptg006717l_1_region	100755	463722	4.60	0	58
ptg006718l_1	276208	1584846	5.74	0	25
ptg006718l_1_region	276208	1584846	5.74	0	25
ptg006719l_1	293557	2425192	8.26	0	53
ptg006719l_1_region	293557	2425192	8.26	0	53
ptg006721l_1	48439	169089	3.49	0	9
ptg006721l_1_region	48439	169089	3.49	0	9
ptg006722l_1	1192943	8233439	6.90	0	72
ptg006722l_1_region	1192943	8233439	6.90	0	72
ptg006723l_1	219041	873567	3.99	0	11
ptg006723l_1_region	219041	873567	3.99	0	11
ptg006725l_1	157965	443830	2.81	0	19
ptg006725l_1_region	157965	443830	2.81	0	19
ptg006727l_1	163824	567341	3.46	0	11
ptg006727l_1_region	163824	567341	3.46	0	11
ptg006730l_1	384080	984252	2.56	0	72
ptg006730l_1_region	384080	984252	2.56	0	72
ptg006737l_1	19972	91518	4.58	0	8
ptg006737l_1_region	19972	91518	4.58	0	8
ptg006738l_1	309891	1750623	5.65	0	24
ptg006738l_1_region	309891	1750623	5.65	0	24
ptg006739l_1	222227	705660	3.18	0	23
ptg006739l_1_region	222227	705660	3.18	0	23
ptg006741l_1	20205	79583	3.94	0	9
ptg006741l_1_region	20205	79583	3.94	0	9
ptg006744l_1	175875	571256	3.25	0	14
ptg006744l_1_region	175875	571256	3.25	0	14
ptg006750l_1	304260	1997945	6.57	0	98
ptg006750l_1_region	304260	1997945	6.57	0	98
ptg006752l_1	76689	688187	8.97	0	33
ptg006752l_1_region	76689	688187	8.97	0	33
ptg006753l_1	514945	3606666	7.00	0	36
ptg006753l_1_region	514945	3606666	7.00	0	36
ptg006754l_1	46522	160265	3.44	0	11
ptg006754l_1_region	46522	160265	3.44	0	11
ptg006755l_1	138367	521389	3.77	0	11
ptg006755l_1_region	138367	521389	3.77	0	11
ptg006756l_1	1063487	8366474	7.87	0	103
ptg006756l_1_region	1063487	8366474	7.87	0	103
ptg006757l_1	282107	1471316	5.22	0	22
ptg006757l_1_region	282107	1471316	5.22	0	22
ptg006760l_1	272393	1072893	3.94	0	23
ptg006760l_1_region	272393	1072893	3.94	0	23
ptg006762l_1	67002	207021	3.09	0	90
ptg006762l_1_region	67002	207021	3.09	0	90
ptg006763l_1	163502	728356	4.45	0	14
ptg006763l_1_region	163502	728356	4.45	0	14
ptg006768l_1	317342	2984021	9.40	0	261
ptg006768l_1_region	317342	2984021	9.40	0	261
ptg006770l_1	653117	2979770	4.56	0	18
ptg006770l_1_region	653117	2979770	4.56	0	18
ptg006771l_1	159103	1236132	7.77	0	74
ptg006771l_1_region	159103	1236132	7.77	0	74
ptg006772l_1	123530	1100439	8.91	0	28
ptg006772l_1_region	123530	1100439	8.91	0	28
ptg006773l_1	239496	501586	2.09	0	9
ptg006773l_1_region	239496	501586	2.09	0	9
ptg006774l_1	268610	961730	3.58	0	20
ptg006774l_1_region	268610	961730	3.58	0	20
ptg006775l_1	314151	4197615	13.36	0	35
ptg006775l_1_region	314151	4197615	13.36	0	35
ptg006778l_1	163342	1230469	7.53	0	83
ptg006778l_1_region	163342	1230469	7.53	0	83
ptg006781l_1	158361	1467400	9.27	0	29
ptg006781l_1_region	158361	1467400	9.27	0	29
ptg006782l_1	640738	7478219	11.67	0	71
ptg006782l_1_region	640738	7478219	11.67	0	71
ptg006783l_1	1033099	1838508	1.78	0	15
ptg006783l_1_region	1033099	1838508	1.78	0	15
ptg006786l_1	93218	220743	2.37	0	7
ptg006786l_1_region	93218	220743	2.37	0	7
ptg006787l_1	229506	2050473	8.93	0	174
ptg006787l_1_region	229506	2050473	8.93	0	174
ptg006788l_1	26296	50317	1.91	0	6
ptg006788l_1_region	26296	50317	1.91	0	6
ptg006791l_1	174189	1245909	7.15	0	90
ptg006791l_1_region	174189	1245909	7.15	0	90
ptg006795l_1	80127	308064	3.84	0	13
ptg006795l_1_region	80127	308064	3.84	0	13
ptg006797l_1	447925	2035347	4.54	0	17
ptg006797l_1_region	447925	2035347	4.54	0	17
ptg006798l_1	55015	386082	7.02	0	62
ptg006798l_1_region	55015	386082	7.02	0	62
ptg006799l_1	283786	1408096	4.96	0	15
ptg006799l_1_region	283786	1408096	4.96	0	15
ptg006801l_1	383013	1218000	3.18	0	11
ptg006801l_1_region	383013	1218000	3.18	0	11
ptg006802l_1	347801	196734	0.57	0	7
ptg006802l_1_region	347801	196734	0.57	0	7
ptg006806l_1	227718	1281885	5.63	0	27
ptg006806l_1_region	227718	1281885	5.63	0	27
ptg006810l_1	498692	2493929	5.00	0	291
ptg006810l_1_region	498692	2493929	5.00	0	291
ptg006811l_1	198551	475142	2.39	0	15
ptg006811l_1_region	198551	475142	2.39	0	15
ptg006812l_1	201077	1191572	5.93	0	15
ptg006812l_1_region	201077	1191572	5.93	0	15
ptg006816l_1	1135199	1407305	1.24	0	22
ptg006816l_1_region	1135199	1407305	1.24	0	22
ptg006818l_1	685621	9897554	14.44	0	101
ptg006818l_1_region	685621	9897554	14.44	0	101
ptg006819l_1	1393930	2721429	1.95	0	318
ptg006819l_1_region	1393930	2721429	1.95	0	318
ptg006820l_1	2613856	28275066	10.82	0	1167
ptg006820l_1_region	2613856	28275066	10.82	0	1167
ptg006822l_1	377191	358608	0.95	0	13
ptg006822l_1_region	377191	358608	0.95	0	13
ptg006823l_1	265646	1046919	3.94	0	30
ptg006823l_1_region	265646	1046919	3.94	0	30
ptg006824l_1	40496	3677	0.09	0	1
ptg006824l_1_region	40496	3677	0.09	0	1
ptg006827l_1	1068174	1919623	1.80	0	32
ptg006827l_1_region	1068174	1919623	1.80	0	32
ptg006828l_1	782236	544634	0.70	0	33
ptg006828l_1_region	782236	544634	0.70	0	33
ptg006829l_1	854075	2165807	2.54	0	40
ptg006829l_1_region	854075	2165807	2.54	0	40
ptg006831l_1	468292	177231	0.38	0	7
ptg006831l_1_region	468292	177231	0.38	0	7
ptg006832l_1	770874	1004669	1.30	0	15
ptg006832l_1_region	770874	1004669	1.30	0	15
ptg006833l_1	526780	183746	0.35	0	4
ptg006833l_1_region	526780	183746	0.35	0	4
ptg006834l_1	1358244	1080379	0.80	0	11
ptg006834l_1_region	1358244	1080379	0.80	0	11
ptg006837l_1	76509	142745	1.87	0	6
ptg006837l_1_region	76509	142745	1.87	0	6
ptg006838l_1	382264	2046198	5.35	0	22
ptg006838l_1_region	382264	2046198	5.35	0	22
ptg006841l_1	306333	1361374	4.44	0	30
ptg006841l_1_region	306333	1361374	4.44	0	30
ptg006842l_1	83265	234894	2.82	0	8
ptg006842l_1_region	83265	234894	2.82	0	8
ptg006843l_1	124147	595259	4.79	0	26
ptg006843l_1_region	124147	595259	4.79	0	26
ptg006844l_1	314861	2613680	8.30	0	49
ptg006844l_1_region	314861	2613680	8.30	0	49
ptg006845l_1	190213	634451	3.34	0	11
ptg006845l_1_region	190213	634451	3.34	0	11
ptg006846l_1	126536	623536	4.93	0	11
ptg006846l_1_region	126536	623536	4.93	0	11
ptg006847l_1	187403	1000512	5.34	0	30
ptg006847l_1_region	187403	1000512	5.34	0	30
ptg006848l_1	26734	65971	2.47	0	6
ptg006848l_1_region	26734	65971	2.47	0	6
ptg006849l_1	117841	559242	4.75	0	18
ptg006849l_1_region	117841	559242	4.75	0	18
ptg006850l_1	81684	410707	5.03	0	13
ptg006850l_1_region	81684	410707	5.03	0	13
ptg006851l_1	97128	557118	5.74	0	170
ptg006851l_1_region	97128	557118	5.74	0	170
ptg006852l_1	315285	2508407	7.96	0	147
ptg006852l_1_region	315285	2508407	7.96	0	147
ptg006854l_1	106585	462312	4.34	0	19
ptg006854l_1_region	106585	462312	4.34	0	19
ptg006857l_1	92087	145195	1.58	0	6
ptg006857l_1_region	92087	145195	1.58	0	6
ptg006859l_1	867396	692587	0.80	0	17
ptg006859l_1_region	867396	692587	0.80	0	17
ptg006866l_1	12345	37297	3.02	0	8
ptg006866l_1_region	12345	37297	3.02	0	8
ptg006867l_1	332181	1842867	5.55	0	14
ptg006867l_1_region	332181	1842867	5.55	0	14
ptg006868l_1	57255	332450	5.81	0	14
ptg006868l_1_region	57255	332450	5.81	0	14
ptg006875l_1	41726	185029	4.43	0	10
ptg006875l_1_region	41726	185029	4.43	0	10
ptg006878l_1	416857	1974909	4.74	0	29
ptg006878l_1_region	416857	1974909	4.74	0	29
ptg006880l_1	535786	2734030	5.10	0	59
ptg006880l_1_region	535786	2734030	5.10	0	59
ptg006881l_1	466390	2413649	5.18	0	16
ptg006881l_1_region	466390	2413649	5.18	0	16
ptg006887l_1	513331	3287199	6.40	0	22
ptg006887l_1_region	513331	3287199	6.40	0	22
ptg006890l_1	184848	903309	4.89	0	37
ptg006890l_1_region	184848	903309	4.89	0	37
ptg006891l_1	201682	813139	4.03	0	21
ptg006891l_1_region	201682	813139	4.03	0	21
ptg006894l_1	13450	474358	35.27	0	61
ptg006894l_1_region	13450	474358	35.27	0	61
ptg006897l_1	304114	17556	0.06	0	1
ptg006897l_1_region	304114	17556	0.06	0	1
ptg006903l_1	91924	426983	4.64	0	14
ptg006903l_1_region	91924	426983	4.64	0	14
ptg006910l_1	255301	2830622	11.09	0	35
ptg006910l_1_region	255301	2830622	11.09	0	35
ptg006911l_1	248472	3230395	13.00	0	111
ptg006911l_1_region	248472	3230395	13.00	0	111
ptg006913l_1	13979	24817	1.78	0	4
ptg006913l_1_region	13979	24817	1.78	0	4
ptg006914l_1	162793	295738	1.82	0	11
ptg006914l_1_region	162793	295738	1.82	0	11
ptg006916l_1	132464	364078	2.75	0	26
ptg006916l_1_region	132464	364078	2.75	0	26
ptg006917l_1	361597	1256992	3.48	0	21
ptg006917l_1_region	361597	1256992	3.48	0	21
ptg006919l_1	511246	2704681	5.29	0	17
ptg006919l_1_region	511246	2704681	5.29	0	17
ptg006920l_1	422600	1459988	3.45	0	17
ptg006920l_1_region	422600	1459988	3.45	0	17
ptg006926l_1	60892	255119	4.19	0	10
ptg006926l_1_region	60892	255119	4.19	0	10
ptg006927l_1	404727	2849812	7.04	0	20
ptg006927l_1_region	404727	2849812	7.04	0	20
ptg006928l_1	398397	1936817	4.86	0	105
ptg006928l_1_region	398397	1936817	4.86	0	105
ptg006929l_1	233137	998258	4.28	0	14
ptg006929l_1_region	233137	998258	4.28	0	14
ptg006931l_1	150117	981630	6.54	0	25
ptg006931l_1_region	150117	981630	6.54	0	25
ptg006932l_1	17878	51354	2.87	0	5
ptg006932l_1_region	17878	51354	2.87	0	5
ptg006933l_1	36069	173612	4.81	0	14
ptg006933l_1_region	36069	173612	4.81	0	14
ptg006935l_1	523266	2292899	4.38	0	22
ptg006935l_1_region	523266	2292899	4.38	0	22
ptg006938l_1	141383	377905	2.67	0	10
ptg006938l_1_region	141383	377905	2.67	0	10
ptg006942l_1	248203	1900426	7.66	0	35
ptg006942l_1_region	248203	1900426	7.66	0	35
ptg006945l_1	18937	108264	5.72	0	21
ptg006945l_1_region	18937	108264	5.72	0	21
ptg006946l_1	41890	271274	6.48	0	15
ptg006946l_1_region	41890	271274	6.48	0	15
ptg006951l_1	35210	291165	8.27	0	26
ptg006951l_1_region	35210	291165	8.27	0	26
ptg006953l_1	116650	358922	3.08	0	18
ptg006953l_1_region	116650	358922	3.08	0	18
ptg006954l_1	102972	430937	4.18	0	20
ptg006954l_1_region	102972	430937	4.18	0	20
ptg006957l_1	14218	13338	0.94	0	2
ptg006957l_1_region	14218	13338	0.94	0	2
ptg006958l_1	140064	1445071	10.32	0	56
ptg006958l_1_region	140064	1445071	10.32	0	56
ptg006959l_1	122187	418075	3.42	0	10
ptg006959l_1_region	122187	418075	3.42	0	10
ptg006960l_1	93622	1210181	12.93	0	69
ptg006960l_1_region	93622	1210181	12.93	0	69
ptg006961l_1	62117	48833	0.79	0	10
ptg006961l_1_region	62117	48833	0.79	0	10
ptg006963l_1	45924	253847	5.53	0	16
ptg006963l_1_region	45924	253847	5.53	0	16
ptg006965l_1	64327	28156	0.44	0	2
ptg006965l_1_region	64327	28156	0.44	0	2
ptg006966l_1	106984	165299	1.55	0	6
ptg006966l_1_region	106984	165299	1.55	0	6
ptg006967l_1	21189	36044	1.70	0	4
ptg006967l_1_region	21189	36044	1.70	0	4
ptg006968l_1	334253	1634904	4.89	0	14
ptg006968l_1_region	334253	1634904	4.89	0	14
ptg006969l_1	73983	522211	7.06	0	15
ptg006969l_1_region	73983	522211	7.06	0	15
ptg006973l_1	43743	140047	3.20	0	7
ptg006973l_1_region	43743	140047	3.20	0	7
ptg006976l_1	98192	543165	5.53	0	16
ptg006976l_1_region	98192	543165	5.53	0	16
ptg006977l_1	82403	39642	0.48	0	6
ptg006977l_1_region	82403	39642	0.48	0	6
ptg006978l_1	192728	879140	4.56	0	33
ptg006978l_1_region	192728	879140	4.56	0	33
ptg006979l_1	127076	1075571	8.46	0	31
ptg006979l_1_region	127076	1075571	8.46	0	31
ptg006980l_1	50492	610377	12.09	0	46
ptg006980l_1_region	50492	610377	12.09	0	46
ptg006981l_1	12952	63587	4.91	0	9
ptg006981l_1_region	12952	63587	4.91	0	9
ptg006982l_1	91475	981174	10.73	0	30
ptg006982l_1_region	91475	981174	10.73	0	30
ptg006983l_1	75310	382225	5.08	0	13
ptg006983l_1_region	75310	382225	5.08	0	13
ptg006984l_1	52698	240665	4.57	0	26
ptg006984l_1_region	52698	240665	4.57	0	26
ptg006985l_1	37444	59952	1.60	0	6
ptg006985l_1_region	37444	59952	1.60	0	6
ptg006987l_1	26596	31643	1.19	0	3
ptg006987l_1_region	26596	31643	1.19	0	3
ptg006989l_1	164763	1993203	12.10	0	41
ptg006989l_1_region	164763	1993203	12.10	0	41
ptg006990l_1	15925	72870	4.58	0	10
ptg006990l_1_region	15925	72870	4.58	0	10
ptg006992l_1	75922	263061	3.46	0	8
ptg006992l_1_region	75922	263061	3.46	0	8
ptg006993l_1	312834	1324890	4.24	0	43
ptg006993l_1_region	312834	1324890	4.24	0	43
ptg006994l_1	1013111	4492765	4.43	0	31
ptg006994l_1_region	1013111	4492765	4.43	0	31
ptg006995l_1	487703	2996863	6.14	0	43
ptg006995l_1_region	487703	2996863	6.14	0	43
ptg006996l_1	178835	704055	3.94	0	11
ptg006996l_1_region	178835	704055	3.94	0	11
ptg006997l_1	444323	2227016	5.01	0	50
ptg006997l_1_region	444323	2227016	5.01	0	50
ptg007001l_1	138837	517429	3.73	0	15
ptg007001l_1_region	138837	517429	3.73	0	15
ptg007002l_1	134724	603232	4.48	0	18
ptg007002l_1_region	134724	603232	4.48	0	18
ptg007003l_1	354691	1590414	4.48	0	68
ptg007003l_1_region	354691	1590414	4.48	0	68
ptg007005l_1	97600	841169	8.62	0	21
ptg007005l_1_region	97600	841169	8.62	0	21
ptg007010l_1	270094	1864609	6.90	0	55
ptg007010l_1_region	270094	1864609	6.90	0	55
ptg007013l_1	428241	2749781	6.42	0	14
ptg007013l_1_region	428241	2749781	6.42	0	14
ptg007016l_1	1957996	7123273	3.64	0	44
ptg007016l_1_region	1957996	7123273	3.64	0	44
ptg007017l_1	373008	537867	1.44	0	9
ptg007017l_1_region	373008	537867	1.44	0	9
ptg007018l_1	162243	232540	1.43	0	7
ptg007018l_1_region	162243	232540	1.43	0	7
ptg007019l_1	1734167	1792465	1.03	0	24
ptg007019l_1_region	1734167	1792465	1.03	0	24
ptg007021l_1	589336	779505	1.32	0	19
ptg007021l_1_region	589336	779505	1.32	0	19
ptg007022l_1	851101	1604237	1.88	0	38
ptg007022l_1_region	851101	1604237	1.88	0	38
ptg007024l_1	156800	380016	2.42	0	9
ptg007024l_1_region	156800	380016	2.42	0	9
ptg007025l_1	92779	524432	5.65	0	48
ptg007025l_1_region	92779	524432	5.65	0	48
ptg007026l_1	20649	1363298	66.02	1	149
ptg007026l_1_region	20649	1363298	66.02	1	149
ptg007030l_1	27525	9797	0.36	0	7
ptg007030l_1_region	27525	9797	0.36	0	7
ptg007031l_1	199371	1331101	6.68	0	26
ptg007031l_1_region	199371	1331101	6.68	0	26
ptg007033l_1	206973	1025317	4.95	0	12
ptg007033l_1_region	206973	1025317	4.95	0	12
ptg007034l_1	585364	2330551	3.98	0	39
ptg007034l_1_region	585364	2330551	3.98	0	39
ptg007038l_1	373455	1770132	4.74	0	21
ptg007038l_1_region	373455	1770132	4.74	0	21
ptg007039l_1	402339	2669896	6.64	0	22
ptg007039l_1_region	402339	2669896	6.64	0	22
ptg007040l_1	358997	2564019	7.14	0	38
ptg007040l_1_region	358997	2564019	7.14	0	38
ptg007042l_1	200700	916234	4.57	0	15
ptg007042l_1_region	200700	916234	4.57	0	15
ptg007045l_1	1545671	8846229	5.72	0	68
ptg007045l_1_region	1545671	8846229	5.72	0	68
ptg007046l_1	241210	1084792	4.50	0	190
ptg007046l_1_region	241210	1084792	4.50	0	190
ptg007047l_1	312826	1371041	4.38	0	19
ptg007047l_1_region	312826	1371041	4.38	0	19
ptg007048l_1	110358	864613	7.83	0	30
ptg007048l_1_region	110358	864613	7.83	0	30
ptg007051l_1	590924	6780907	11.48	0	71
ptg007051l_1_region	590924	6780907	11.48	0	71
ptg007057l_1	231518	9445966	40.80	0	217
ptg007057l_1_region	231518	9445966	40.80	0	217
ptg007065l_1	11525	26345	2.29	0	7
ptg007065l_1_region	11525	26345	2.29	0	7
ptg007068l_1	148368	1340791	9.04	0	60
ptg007068l_1_region	148368	1340791	9.04	0	60
ptg007069l_1	85507	296663	3.47	0	11
ptg007069l_1_region	85507	296663	3.47	0	11
ptg007071l_1	212591	731225	3.44	0	13
ptg007071l_1_region	212591	731225	3.44	0	13
ptg007075l_1	1371231	769451	0.56	0	14
ptg007075l_1_region	1371231	769451	0.56	0	14
ptg007077l_1	319682	98231	0.31	0	3
ptg007077l_1_region	319682	98231	0.31	0	3
ptg007078l_1	415387	4490134	10.81	0	48
ptg007078l_1_region	415387	4490134	10.81	0	48
ptg007082l_1	267230	1178433	4.41	0	17
ptg007082l_1_region	267230	1178433	4.41	0	17
ptg007085l_1	484879	1350607	2.79	0	26
ptg007085l_1_region	484879	1350607	2.79	0	26
ptg007090l_1	254035	1125671	4.43	0	17
ptg007090l_1_region	254035	1125671	4.43	0	17
ptg007096l_1	170167	1994663	11.72	0	78
ptg007096l_1_region	170167	1994663	11.72	0	78
ptg007097l_1	321350	2674609	8.32	0	47
ptg007097l_1_region	321350	2674609	8.32	0	47
ptg007099l_1	172301	1463881	8.50	0	55
ptg007099l_1_region	172301	1463881	8.50	0	55
ptg007100l_1	401231	1370473	3.42	0	18
ptg007100l_1_region	401231	1370473	3.42	0	18
ptg007104l_1	184501	1165413	6.32	0	16
ptg007104l_1_region	184501	1165413	6.32	0	16
ptg007105l_1	82606	281664	3.41	0	11
ptg007105l_1_region	82606	281664	3.41	0	11
ptg007106l_1	270081	1079234	4.00	0	10
ptg007106l_1_region	270081	1079234	4.00	0	10
ptg007107l_1	163285	61894	0.38	0	2
ptg007107l_1_region	163285	61894	0.38	0	2
ptg007108l_1	90297	10287	0.11	0	1
ptg007108l_1_region	90297	10287	0.11	0	1
ptg007111l_1	191829	974755	5.08	0	12
ptg007111l_1_region	191829	974755	5.08	0	12
ptg007120l_1	869754	5832364	6.71	0	23
ptg007120l_1_region	869754	5832364	6.71	0	23
ptg007125l_1	36791	201177	5.47	0	9
ptg007125l_1_region	36791	201177	5.47	0	9
ptg007129l_1	267440	2724130	10.19	0	44
ptg007129l_1_region	267440	2724130	10.19	0	44
ptg007130l_1	14596	48820	3.34	0	7
ptg007130l_1_region	14596	48820	3.34	0	7
ptg007131l_1	441921	1687534	3.82	0	22
ptg007131l_1_region	441921	1687534	3.82	0	22
ptg007132l_1	89833	489822	5.45	0	33
ptg007132l_1_region	89833	489822	5.45	0	33
ptg007137l_1	204379	607228	2.97	0	15
ptg007137l_1_region	204379	607228	2.97	0	15
ptg007139l_1	68375	810751	11.86	0	37
ptg007139l_1_region	68375	810751	11.86	0	37
ptg007142l_1	36346	114034	3.14	0	21
ptg007142l_1_region	36346	114034	3.14	0	21
ptg007145l_1	44028	274667	6.24	0	15
ptg007145l_1_region	44028	274667	6.24	0	15
ptg007147l_1	117693	1260434	10.71	0	33
ptg007147l_1_region	117693	1260434	10.71	0	33
ptg007150l_1	72064	220229	3.06	0	12
ptg007150l_1_region	72064	220229	3.06	0	12
ptg007151l_1	79676	34211	0.43	0	2
ptg007151l_1_region	79676	34211	0.43	0	2
ptg007152l_1	314326	3309018	10.53	0	42
ptg007152l_1_region	314326	3309018	10.53	0	42
ptg007153l_1	67201	673600	10.02	0	26
ptg007153l_1_region	67201	673600	10.02	0	26
ptg007155l_1	30328	200986	6.63	0	16
ptg007155l_1_region	30328	200986	6.63	0	16
ptg007156l_1	50066	180985	3.61	0	11
ptg007156l_1_region	50066	180985	3.61	0	11
ptg007159l_1	138755	1953063	14.08	0	37
ptg007159l_1_region	138755	1953063	14.08	0	37
ptg007161l_1	141255	39836	0.28	0	7
ptg007161l_1_region	141255	39836	0.28	0	7
ptg007162l_1	78360	6940997	88.58	0	216
ptg007162l_1_region	78360	6940997	88.58	0	216
ptg007164l_1	85619	420016	4.91	0	20
ptg007164l_1_region	85619	420016	4.91	0	20
ptg007167l_1	30476	118493	3.89	0	7
ptg007167l_1_region	30476	118493	3.89	0	7
ptg007168l_1	28076	5750	0.20	0	1
ptg007168l_1_region	28076	5750	0.20	0	1
ptg007169l_1	35776	182170	5.09	0	9
ptg007169l_1_region	35776	182170	5.09	0	9
ptg007170l_1	66776	164806	2.47	0	8
ptg007170l_1_region	66776	164806	2.47	0	8
ptg007171l_1	228062	1214221	5.32	0	17
ptg007171l_1_region	228062	1214221	5.32	0	17
ptg007172l_1	81782	42773	0.52	0	4
ptg007172l_1_region	81782	42773	0.52	0	4
ptg007173l_1	52431	74136	1.41	0	8
ptg007173l_1_region	52431	74136	1.41	0	8
ptg007174l_1	162560	2087040	12.84	0	51
ptg007174l_1_region	162560	2087040	12.84	0	51
ptg007180l_1	417515	2346834	5.62	0	78
ptg007180l_1_region	417515	2346834	5.62	0	78
ptg007184l_1	501716	2512981	5.01	0	36
ptg007184l_1_region	501716	2512981	5.01	0	36
ptg007185l_1	123710	645829	5.22	0	25
ptg007185l_1_region	123710	645829	5.22	0	25
ptg007187l_1	547784	2563391	4.68	0	34
ptg007187l_1_region	547784	2563391	4.68	0	34
ptg007188l_1	686211	3787943	5.52	0	20
ptg007188l_1_region	686211	3787943	5.52	0	20
ptg007192l_1	206183	1620487	7.86	0	22
ptg007192l_1_region	206183	1620487	7.86	0	22
ptg007194l_1	177761	915820	5.15	0	16
ptg007194l_1_region	177761	915820	5.15	0	16
ptg007195l_1	25428	53370	2.10	0	9
ptg007195l_1_region	25428	53370	2.10	0	9
ptg007198l_1	770518	201954	0.26	0	11
ptg007198l_1_region	770518	201954	0.26	0	11
ptg007201l_1	23191	39139	1.69	0	7
ptg007201l_1_region	23191	39139	1.69	0	7
ptg007202l_1	88505	455641	5.15	0	16
ptg007202l_1_region	88505	455641	5.15	0	16
ptg007204l_1	828700	4302728	5.19	0	22
ptg007204l_1_region	828700	4302728	5.19	0	22
ptg007205l_1	194262	556822	2.87	0	11
ptg007205l_1_region	194262	556822	2.87	0	11
ptg007206l_1	200884	1123401	5.59	0	29
ptg007206l_1_region	200884	1123401	5.59	0	29
ptg007207l_1	295939	1669393	5.64	0	22
ptg007207l_1_region	295939	1669393	5.64	0	22
ptg007210l_1	172805	949752	5.50	0	15
ptg007210l_1_region	172805	949752	5.50	0	15
ptg007212l_1	71307	24311	0.34	0	1
ptg007212l_1_region	71307	24311	0.34	0	1
ptg007215l_1	345370	3105058	8.99	0	79
ptg007215l_1_region	345370	3105058	8.99	0	79
ptg007219l_1	114890	50005	0.44	0	2
ptg007219l_1_region	114890	50005	0.44	0	2
ptg007220l_1	3179358	1648453	0.52	0	23
ptg007220l_1_region	3179358	1648453	0.52	0	23
ptg007221l_1	578176	2658828	4.60	0	25
ptg007221l_1_region	578176	2658828	4.60	0	25
ptg007222l_1	289050	1515250	5.24	0	15
ptg007222l_1_region	289050	1515250	5.24	0	15
ptg007224l_1	368736	2934967	7.96	0	31
ptg007224l_1_region	368736	2934967	7.96	0	31
ptg007230l_1	26726	112909	4.22	0	13
ptg007230l_1_region	26726	112909	4.22	0	13
ptg007237l_1	374184	1920543	5.13	0	23
ptg007237l_1_region	374184	1920543	5.13	0	23
ptg007249l_1	611992	3925763	6.41	0	19
ptg007249l_1_region	611992	3925763	6.41	0	19
ptg007252l_1	315406	2474509	7.85	0	252
ptg007252l_1_region	315406	2474509	7.85	0	252
ptg007256l_1	260605	367133	1.41	0	15
ptg007256l_1_region	260605	367133	1.41	0	15
ptg007257l_1	317352	150755	0.48	0	4
ptg007257l_1_region	317352	150755	0.48	0	4
ptg007258l_1	353395	388019	1.10	0	10
ptg007258l_1_region	353395	388019	1.10	0	10
ptg007260l_1	479927	1873311	3.90	0	15
ptg007260l_1_region	479927	1873311	3.90	0	15
ptg007261l_1	111456	719638	6.46	0	13
ptg007261l_1_region	111456	719638	6.46	0	13
ptg007262l_1	385375	1023053	2.65	0	36
ptg007262l_1_region	385375	1023053	2.65	0	36
ptg007265l_1	487335	3213764	6.59	0	22
ptg007265l_1_region	487335	3213764	6.59	0	22
ptg007266l_1	482367	225422	0.47	0	10
ptg007266l_1_region	482367	225422	0.47	0	10
ptg007268l_1	138596	366791	2.65	0	12
ptg007268l_1_region	138596	366791	2.65	0	12
ptg007269l_1	96313	659004	6.84	0	20
ptg007269l_1_region	96313	659004	6.84	0	20
ptg007270l_1	341863	2412853	7.06	0	17
ptg007270l_1_region	341863	2412853	7.06	0	17
ptg007274l_1	83446	443514	5.31	0	12
ptg007274l_1_region	83446	443514	5.31	0	12
ptg007275l_1	82149	809543	9.85	0	27
ptg007275l_1_region	82149	809543	9.85	0	27
ptg007276l_1	29094	57398	1.97	0	6
ptg007276l_1_region	29094	57398	1.97	0	6
ptg007278l_1	133360	614487	4.61	0	17
ptg007278l_1_region	133360	614487	4.61	0	17
ptg007279l_1	243560	1428801	5.87	0	36
ptg007279l_1_region	243560	1428801	5.87	0	36
ptg007280l_1	62706	375126	5.98	0	28
ptg007280l_1_region	62706	375126	5.98	0	28
ptg007282l_1	311803	1313555	4.21	0	13
ptg007282l_1_region	311803	1313555	4.21	0	13
ptg007283l_1	122602	916498	7.48	0	27
ptg007283l_1_region	122602	916498	7.48	0	27
ptg007285l_1	130184	570043	4.38	0	12
ptg007285l_1_region	130184	570043	4.38	0	12
ptg007286l_1	58728	377598	6.43	0	11
ptg007286l_1_region	58728	377598	6.43	0	11
ptg007287l_1	32240	44139	1.37	0	5
ptg007287l_1_region	32240	44139	1.37	0	5
ptg007291l_1	193093	348164	1.80	0	11
ptg007291l_1_region	193093	348164	1.80	0	11
ptg007292l_1	138689	529357	3.82	0	22
ptg007292l_1_region	138689	529357	3.82	0	22
ptg007297l_1	214914	653137	3.04	0	15
ptg007297l_1_region	214914	653137	3.04	0	15
ptg007298l_1	34053	461871	13.56	0	31
ptg007298l_1_region	34053	461871	13.56	0	31
ptg007303l_1	160011	588578	3.68	0	11
ptg007303l_1_region	160011	588578	3.68	0	11
ptg007305l_1	93053	455213	4.89	0	15
ptg007305l_1_region	93053	455213	4.89	0	15
ptg007306l_1	198325	1677199	8.46	0	136
ptg007306l_1_region	198325	1677199	8.46	0	136
ptg007308l_1	266811	1343068	5.03	0	25
ptg007308l_1_region	266811	1343068	5.03	0	25
ptg007311l_1	65902	353270	5.36	0	25
ptg007311l_1_region	65902	353270	5.36	0	25
ptg007312l_1	693673	2155252	3.11	0	42
ptg007312l_1_region	693673	2155252	3.11	0	42
ptg007313l_1	121395	460896	3.80	0	25
ptg007313l_1_region	121395	460896	3.80	0	25
ptg007314l_1	448969	2779273	6.19	0	18
ptg007314l_1_region	448969	2779273	6.19	0	18
ptg007315l_1	195251	642037	3.29	0	10
ptg007315l_1_region	195251	642037	3.29	0	10
ptg007322l_1	74787	397466	5.31	0	14
ptg007322l_1_region	74787	397466	5.31	0	14
ptg007324l_1	215898	959067	4.44	0	20
ptg007324l_1_region	215898	959067	4.44	0	20
ptg007327l_1	321548	1551700	4.83	0	18
ptg007327l_1_region	321548	1551700	4.83	0	18
ptg007328l_1	377541	2048264	5.43	0	23
ptg007328l_1_region	377541	2048264	5.43	0	23
ptg007330l_1	165991	474930	2.86	0	11
ptg007330l_1_region	165991	474930	2.86	0	11
ptg007334l_1	165505	729883	4.41	0	16
ptg007334l_1_region	165505	729883	4.41	0	16
ptg007337l_1	150874	730901	4.84	0	24
ptg007337l_1_region	150874	730901	4.84	0	24
ptg007339l_1	73873	217426	2.94	0	9
ptg007339l_1_region	73873	217426	2.94	0	9
ptg007340l_1	389404	2463266	6.33	0	28
ptg007340l_1_region	389404	2463266	6.33	0	28
ptg007342l_1	84338	368354	4.37	0	12
ptg007342l_1_region	84338	368354	4.37	0	12
ptg007344l_1	447988	3626476	8.10	0	41
ptg007344l_1_region	447988	3626476	8.10	0	41
ptg007347l_1	98028	992935	10.13	0	41
ptg007347l_1_region	98028	992935	10.13	0	41
ptg007349l_1	111151	342247	3.08	0	11
ptg007349l_1_region	111151	342247	3.08	0	11
ptg007350l_1	110046	501391	4.56	0	17
ptg007350l_1_region	110046	501391	4.56	0	17
ptg007351l_1	285390	1997407	7.00	0	78
ptg007351l_1_region	285390	1997407	7.00	0	78
ptg007354l_1	52868	284227	5.38	0	20
ptg007354l_1_region	52868	284227	5.38	0	20
ptg007355l_1	156595	787227	5.03	0	15
ptg007355l_1_region	156595	787227	5.03	0	15
ptg007356l_1	129484	978787	7.56	0	25
ptg007356l_1_region	129484	978787	7.56	0	25
ptg007357l_1	103351	269614	2.61	0	13
ptg007357l_1_region	103351	269614	2.61	0	13
ptg007359l_1	312516	910353	2.91	0	19
ptg007359l_1_region	312516	910353	2.91	0	19
ptg007364l_1	151218	774181	5.12	0	23
ptg007364l_1_region	151218	774181	5.12	0	23
ptg007365l_1	324310	1325745	4.09	0	38
ptg007365l_1_region	324310	1325745	4.09	0	38
ptg007366l_1	44231	150299	3.40	0	8
ptg007366l_1_region	44231	150299	3.40	0	8
ptg007368l_1	170636	828567	4.86	0	17
ptg007368l_1_region	170636	828567	4.86	0	17
ptg007370l_1	211636	2162832	10.22	0	45
ptg007370l_1_region	211636	2162832	10.22	0	45
ptg007371l_1	144825	509923	3.52	0	16
ptg007371l_1_region	144825	509923	3.52	0	16
ptg007373l_1	768865	3755010	4.88	0	18
ptg007373l_1_region	768865	3755010	4.88	0	18
ptg007374l_1	164537	482362	2.93	0	11
ptg007374l_1_region	164537	482362	2.93	0	11
ptg007375l_1	86671	114911	1.33	0	7
ptg007375l_1_region	86671	114911	1.33	0	7
ptg007379l_1	256298	1929644	7.53	0	34
ptg007379l_1_region	256298	1929644	7.53	0	34
ptg007381l_1	239177	1256572	5.25	0	18
ptg007381l_1_region	239177	1256572	5.25	0	18
ptg007383l_1	29494	184638	6.26	0	13
ptg007383l_1_region	29494	184638	6.26	0	13
ptg007384l_1	179645	269023	1.50	0	10
ptg007384l_1_region	179645	269023	1.50	0	10
ptg007388l_1	260831	1978482	7.59	0	129
ptg007388l_1_region	260831	1978482	7.59	0	129
ptg007390l_1	613180	673233	1.10	0	10
ptg007390l_1_region	613180	673233	1.10	0	10
ptg007394l_1	211037	865638	4.10	0	11
ptg007394l_1_region	211037	865638	4.10	0	11
ptg007396l_1	30884	106586	3.45	0	9
ptg007396l_1_region	30884	106586	3.45	0	9
ptg007399l_1	120744	589875	4.89	0	12
ptg007399l_1_region	120744	589875	4.89	0	12
ptg007400l_1	576427	2989336	5.19	0	24
ptg007400l_1_region	576427	2989336	5.19	0	24
ptg007403l_1	105327	453945	4.31	0	32
ptg007403l_1_region	105327	453945	4.31	0	32
ptg007404l_1	185465	946375	5.10	0	18
ptg007404l_1_region	185465	946375	5.10	0	18
ptg007405l_1	435081	2126417	4.89	0	24
ptg007405l_1_region	435081	2126417	4.89	0	24
ptg007407l_1	361684	1850737	5.12	0	17
ptg007407l_1_region	361684	1850737	5.12	0	17
ptg007410l_1	117282	373599	3.19	0	25
ptg007410l_1_region	117282	373599	3.19	0	25
ptg007411l_1	339346	2251305	6.63	0	28
ptg007411l_1_region	339346	2251305	6.63	0	28
ptg007413l_1	563767	4510070	8.00	0	44
ptg007413l_1_region	563767	4510070	8.00	0	44
ptg007416l_1	189913	550325	2.90	0	9
ptg007416l_1_region	189913	550325	2.90	0	9
ptg007418l_1	53458	304437	5.69	0	19
ptg007418l_1_region	53458	304437	5.69	0	19
ptg007420l_1	73002	324207	4.44	0	13
ptg007420l_1_region	73002	324207	4.44	0	13
ptg007422l_1	90100	395715	4.39	0	35
ptg007422l_1_region	90100	395715	4.39	0	35
ptg007428l_1	248901	1189330	4.78	0	19
ptg007428l_1_region	248901	1189330	4.78	0	19
ptg007430l_1	24316	138571	5.70	1	11
ptg007430l_1_region	24316	138571	5.70	1	11
ptg007433l_1	364304	1440671	3.95	0	29
ptg007433l_1_region	364304	1440671	3.95	0	29
ptg007434l_1	218923	658325	3.01	0	10
ptg007434l_1_region	218923	658325	3.01	0	10
ptg007437l_1	32976	229562	6.96	0	19
ptg007437l_1_region	32976	229562	6.96	0	19
ptg007438l_1	175521	7220	0.04	0	1
ptg007438l_1_region	175521	7220	0.04	0	1
ptg007439l_1	280748	1667665	5.94	0	118
ptg007439l_1_region	280748	1667665	5.94	0	118
ptg007445l_1	70172	417810	5.95	0	17
ptg007445l_1_region	70172	417810	5.95	0	17
ptg007446l_1	479313	2432434	5.07	0	29
ptg007446l_1_region	479313	2432434	5.07	0	29
ptg007447l_1	511479	2710619	5.30	0	23
ptg007447l_1_region	511479	2710619	5.30	0	23
ptg007451l_1	13874	13997	1.01	0	3
ptg007451l_1_region	13874	13997	1.01	0	3
ptg007456l_1	34858	193708	5.56	0	17
ptg007456l_1_region	34858	193708	5.56	0	17
ptg007463l_1	213839	1219641	5.70	0	16
ptg007463l_1_region	213839	1219641	5.70	0	16
ptg007464l_1	182141	751932	4.13	0	11
ptg007464l_1_region	182141	751932	4.13	0	11
ptg007467l_1	98057	515536	5.26	0	24
ptg007467l_1_region	98057	515536	5.26	0	24
ptg007468l_1	234389	3152195	13.45	0	145
ptg007468l_1_region	234389	3152195	13.45	0	145
ptg007469l_1	387922	2630003	6.78	0	16
ptg007469l_1_region	387922	2630003	6.78	0	16
ptg007470l_1	427815	3422112	8.00	0	28
ptg007470l_1_region	427815	3422112	8.00	0	28
ptg007472l_1	152121	806564	5.30	0	20
ptg007472l_1_region	152121	806564	5.30	0	20
ptg007474l_1	18110	11969	0.66	0	3
ptg007474l_1_region	18110	11969	0.66	0	3
ptg007477l_1	392290	2181542	5.56	0	15
ptg007477l_1_region	392290	2181542	5.56	0	15
ptg007478l_1	125537	421147	3.35	0	10
ptg007478l_1_region	125537	421147	3.35	0	10
ptg007480l_1	1165968	7712149	6.61	0	35
ptg007480l_1_region	1165968	7712149	6.61	0	35
ptg007481l_1	272199	1181336	4.34	0	20
ptg007481l_1_region	272199	1181336	4.34	0	20
ptg007482l_1	168729	984465	5.83	0	18
ptg007482l_1_region	168729	984465	5.83	0	18
ptg007485l_1	273403	2302158	8.42	0	24
ptg007485l_1_region	273403	2302158	8.42	0	24
ptg007486l_1	169555	501280	2.96	0	10
ptg007486l_1_region	169555	501280	2.96	0	10
ptg007487l_1	430097	2271933	5.28	0	28
ptg007487l_1_region	430097	2271933	5.28	0	28
ptg007488l_1	96837	488783	5.05	0	16
ptg007488l_1_region	96837	488783	5.05	0	16
ptg007491l_1	163311	775613	4.75	0	12
ptg007491l_1_region	163311	775613	4.75	0	12
ptg007493l_1	594311	4553597	7.66	0	33
ptg007493l_1_region	594311	4553597	7.66	0	33
ptg007495l_1	118275	626556	5.30	0	13
ptg007495l_1_region	118275	626556	5.30	0	13
ptg007496l_1	260981	1635196	6.27	0	17
ptg007496l_1_region	260981	1635196	6.27	0	17
ptg007498l_1	213939	810239	3.79	0	20
ptg007498l_1_region	213939	810239	3.79	0	20
ptg007499l_1	283792	1967991	6.93	0	24
ptg007499l_1_region	283792	1967991	6.93	0	24
ptg007500l_1	288921	1265210	4.38	0	13
ptg007500l_1_region	288921	1265210	4.38	0	13
ptg007504l_1	83581	381560	4.57	0	13
ptg007504l_1_region	83581	381560	4.57	0	13
ptg007505l_1	514186	3963110	7.71	0	25
ptg007505l_1_region	514186	3963110	7.71	0	25
ptg007508l_1	122565	972674	7.94	0	43
ptg007508l_1_region	122565	972674	7.94	0	43
ptg007509l_1	17352	40277	2.32	0	5
ptg007509l_1_region	17352	40277	2.32	0	5
ptg007510l_1	233438	2709516	11.61	0	29
ptg007510l_1_region	233438	2709516	11.61	0	29
ptg007511l_1	10042	61963	6.17	0	13
ptg007511l_1_region	10042	61963	6.17	0	13
ptg007513l_1	138943	783505	5.64	0	19
ptg007513l_1_region	138943	783505	5.64	0	19
ptg007514l_1	784610	5732665	7.31	0	25
ptg007514l_1_region	784610	5732665	7.31	0	25
ptg007516l_1	518305	2440551	4.71	0	15
ptg007516l_1_region	518305	2440551	4.71	0	15
ptg007519l_1	120653	497312	4.12	0	16
ptg007519l_1_region	120653	497312	4.12	0	16
ptg007520l_1	343020	2064570	6.02	0	16
ptg007520l_1_region	343020	2064570	6.02	0	16
ptg007522l_1	84109	469742	5.58	0	13
ptg007522l_1_region	84109	469742	5.58	0	13
ptg007526l_1	13342	84381	6.32	0	28
ptg007526l_1_region	13342	84381	6.32	0	28
ptg007527l_1	157563	788670	5.01	0	16
ptg007527l_1_region	157563	788670	5.01	0	16
ptg007528l_1	144763	453421	3.13	0	16
ptg007528l_1_region	144763	453421	3.13	0	16
ptg007529l_1	362067	571847	1.58	0	11
ptg007529l_1_region	362067	571847	1.58	0	11
ptg007532l_1	268411	1090091	4.06	0	12
ptg007532l_1_region	268411	1090091	4.06	0	12
ptg007535l_1	499685	2140957	4.28	0	14
ptg007535l_1_region	499685	2140957	4.28	0	14
ptg007537l_1	99485	350429	3.52	0	14
ptg007537l_1_region	99485	350429	3.52	0	14
ptg007538l_1	135812	752967	5.54	0	13
ptg007538l_1_region	135812	752967	5.54	0	13
ptg007539l_1	336536	1577340	4.69	0	18
ptg007539l_1_region	336536	1577340	4.69	0	18
ptg007542l_1	71996	467919	6.50	0	36
ptg007542l_1_region	71996	467919	6.50	0	36
ptg007544l_1	61627	185547	3.01	0	16
ptg007544l_1_region	61627	185547	3.01	0	16
ptg007545l_1	258041	2266039	8.78	0	48
ptg007545l_1_region	258041	2266039	8.78	0	48
ptg007546l_1	137567	744564	5.41	0	12
ptg007546l_1_region	137567	744564	5.41	0	12
ptg007549l_1	68492	313515	4.58	0	14
ptg007549l_1_region	68492	313515	4.58	0	14
ptg007552l_1	745662	5337967	7.16	0	37
ptg007552l_1_region	745662	5337967	7.16	0	37
ptg007555l_1	420194	3086051	7.34	0	30
ptg007555l_1_region	420194	3086051	7.34	0	30
ptg007556l_1	349629	2029658	5.81	0	24
ptg007556l_1_region	349629	2029658	5.81	0	24
ptg007561l_1	49897	119786	2.40	0	8
ptg007561l_1_region	49897	119786	2.40	0	8
ptg007562l_1	43029	125932	2.93	0	9
ptg007562l_1_region	43029	125932	2.93	0	9
ptg007564l_1	783232	6157391	7.86	0	26
ptg007564l_1_region	783232	6157391	7.86	0	26
ptg007565l_1	86234	442882	5.14	0	15
ptg007565l_1_region	86234	442882	5.14	0	15
ptg007567l_1	195685	897773	4.59	0	13
ptg007567l_1_region	195685	897773	4.59	0	13
ptg007568l_1	270397	1126163	4.16	0	141
ptg007568l_1_region	270397	1126163	4.16	0	141
ptg007569l_1	108253	722340	6.67	0	29
ptg007569l_1_region	108253	722340	6.67	0	29
ptg007571l_1	344480	1777087	5.16	0	15
ptg007571l_1_region	344480	1777087	5.16	0	15
ptg007572l_1	276020	1753226	6.35	0	67
ptg007572l_1_region	276020	1753226	6.35	0	67
ptg007575l_1	383279	2577707	6.73	0	25
ptg007575l_1_region	383279	2577707	6.73	0	25
ptg007576l_1	225780	989992	4.38	0	16
ptg007576l_1_region	225780	989992	4.38	0	16
ptg007579l_1	14073	96313	6.84	0	10
ptg007579l_1_region	14073	96313	6.84	0	10
ptg007581l_1	204465	3493951	17.09	0	154
ptg007581l_1_region	204465	3493951	17.09	0	154
ptg007582l_1	91398	335758	3.67	0	10
ptg007582l_1_region	91398	335758	3.67	0	10
ptg007583l_1	59827	202222	3.38	0	12
ptg007583l_1_region	59827	202222	3.38	0	12
ptg007590l_1	45103	164302	3.64	0	11
ptg007590l_1_region	45103	164302	3.64	0	11
ptg007591l_1	284611	2169353	7.62	0	47
ptg007591l_1_region	284611	2169353	7.62	0	47
ptg007592l_1	183492	192780	1.05	0	7
ptg007592l_1_region	183492	192780	1.05	0	7
ptg007593l_1	27166	36948	1.36	0	4
ptg007593l_1_region	27166	36948	1.36	0	4
ptg007597l_1	415016	2364562	5.70	0	18
ptg007597l_1_region	415016	2364562	5.70	0	18
ptg007598l_1	232203	2254036	9.71	0	27
ptg007598l_1_region	232203	2254036	9.71	0	27
ptg007604l_1	467268	2732784	5.85	0	17
ptg007604l_1_region	467268	2732784	5.85	0	17
ptg007605l_1	187664	1073797	5.72	0	14
ptg007605l_1_region	187664	1073797	5.72	0	14
ptg007607l_1	268466	2375669	8.85	0	61
ptg007607l_1_region	268466	2375669	8.85	0	61
ptg007608l_1	65645	324508	4.94	0	10
ptg007608l_1_region	65645	324508	4.94	0	10
ptg007613l_1	332953	1721531	5.17	0	15
ptg007613l_1_region	332953	1721531	5.17	0	15
ptg007614l_1	88465	583749	6.60	0	21
ptg007614l_1_region	88465	583749	6.60	0	21
ptg007616l_1	115790	443514	3.83	0	9
ptg007616l_1_region	115790	443514	3.83	0	9
ptg007619l_1	262449	1703382	6.49	0	31
ptg007619l_1_region	262449	1703382	6.49	0	31
ptg007623l_1	176166	977185	5.55	0	21
ptg007623l_1_region	176166	977185	5.55	0	21
ptg007626l_1	205567	1499245	7.29	0	27
ptg007626l_1_region	205567	1499245	7.29	0	27
ptg007628l_1	90086	394195	4.38	0	17
ptg007628l_1_region	90086	394195	4.38	0	17
ptg007629l_1	172537	882862	5.12	0	13
ptg007629l_1_region	172537	882862	5.12	0	13
ptg007630l_1	120965	659557	5.45	0	12
ptg007630l_1_region	120965	659557	5.45	0	12
ptg007632l_1	36566	32652	0.89	0	6
ptg007632l_1_region	36566	32652	0.89	0	6
ptg007634l_1	110711	882136	7.97	0	18
ptg007634l_1_region	110711	882136	7.97	0	18
ptg007638l_1	337716	2305087	6.83	0	37
ptg007638l_1_region	337716	2305087	6.83	0	37
ptg007640l_1	55956	216197	3.86	0	32
ptg007640l_1_region	55956	216197	3.86	0	32
ptg007642l_1	811615	5154567	6.35	0	20
ptg007642l_1_region	811615	5154567	6.35	0	20
ptg007644l_1	230304	958451	4.16	0	14
ptg007644l_1_region	230304	958451	4.16	0	14
ptg007645l_1	79221	28732	0.36	0	4
ptg007645l_1_region	79221	28732	0.36	0	4
ptg007646l_1	136241	1201721	8.82	0	43
ptg007646l_1_region	136241	1201721	8.82	0	43
ptg007648l_1	215522	1556446	7.22	0	49
ptg007648l_1_region	215522	1556446	7.22	0	49
ptg007649l_1	130711	497850	3.81	0	14
ptg007649l_1_region	130711	497850	3.81	0	14
ptg007650l_1	626341	3909179	6.24	0	39
ptg007650l_1_region	626341	3909179	6.24	0	39
ptg007653l_1	72016	239081	3.32	0	12
ptg007653l_1_region	72016	239081	3.32	0	12
ptg007655l_1	177094	900582	5.09	0	16
ptg007655l_1_region	177094	900582	5.09	0	16
ptg007657l_1	264383	661082	2.50	0	12
ptg007657l_1_region	264383	661082	2.50	0	12
ptg007658l_1	158481	662765	4.18	0	28
ptg007658l_1_region	158481	662765	4.18	0	28
ptg007659l_1	276792	1102714	3.98	0	11
ptg007659l_1_region	276792	1102714	3.98	0	11
ptg007662l_1	79368	363711	4.58	0	13
ptg007662l_1_region	79368	363711	4.58	0	13
ptg007665l_1	235273	1355159	5.76	0	17
ptg007665l_1_region	235273	1355159	5.76	0	17
ptg007667l_1	275905	1166073	4.23	0	14
ptg007667l_1_region	275905	1166073	4.23	0	14
ptg007671l_1	367261	1067001	2.91	0	16
ptg007671l_1_region	367261	1067001	2.91	0	16
ptg007678l_1	186092	1198072	6.44	0	14
ptg007678l_1_region	186092	1198072	6.44	0	14
ptg007680l_1	202367	917944	4.54	0	45
ptg007680l_1_region	202367	917944	4.54	0	45
ptg007681l_1	114138	444261	3.89	0	16
ptg007681l_1_region	114138	444261	3.89	0	16
ptg007685l_1	254148	1134984	4.47	0	18
ptg007685l_1_region	254148	1134984	4.47	0	18
ptg007688l_1	213938	1659155	7.76	0	28
ptg007688l_1_region	213938	1659155	7.76	0	28
ptg007690l_1	111310	650042	5.84	0	16
ptg007690l_1_region	111310	650042	5.84	0	16
ptg007693l_1	170159	1163430	6.84	0	23
ptg007693l_1_region	170159	1163430	6.84	0	23
ptg007695l_1	42720	4382037	102.58	0	278
ptg007695l_1_region	42720	4382037	102.58	0	278
ptg007696l_1	14787	93520	6.32	0	11
ptg007696l_1_region	14787	93520	6.32	0	11
ptg007698l_1	457988	2010562	4.39	0	21
ptg007698l_1_region	457988	2010562	4.39	0	21
ptg007700l_1	525613	2649988	5.04	0	18
ptg007700l_1_region	525613	2649988	5.04	0	18
ptg007701l_1	269019	1319813	4.91	0	35
ptg007701l_1_region	269019	1319813	4.91	0	35
ptg007704l_1	165257	983894	5.95	0	17
ptg007704l_1_region	165257	983894	5.95	0	17
ptg007705l_1	292968	1893818	6.46	0	15
ptg007705l_1_region	292968	1893818	6.46	0	15
ptg007707l_1	200486	2085154	10.40	0	80
ptg007707l_1_region	200486	2085154	10.40	0	80
ptg007708l_1	333202	1665876	5.00	0	14
ptg007708l_1_region	333202	1665876	5.00	0	14
ptg007709l_1	140875	636148	4.52	0	13
ptg007709l_1_region	140875	636148	4.52	0	13
ptg007710l_1	303164	1879387	6.20	0	19
ptg007710l_1_region	303164	1879387	6.20	0	19
ptg007714l_1	130100	706881	5.43	0	16
ptg007714l_1_region	130100	706881	5.43	0	16
ptg007715l_1	191780	1169101	6.10	0	26
ptg007715l_1_region	191780	1169101	6.10	0	26
ptg007716l_1	219619	1411435	6.43	0	17
ptg007716l_1_region	219619	1411435	6.43	0	17
ptg007718l_1	741817	4275057	5.76	0	22
ptg007718l_1_region	741817	4275057	5.76	0	22
ptg007720l_1	281151	1685134	5.99	0	18
ptg007720l_1_region	281151	1685134	5.99	0	18
ptg007722l_1	55216	150588	2.73	0	12
ptg007722l_1_region	55216	150588	2.73	0	12
ptg007723l_1	224627	760049	3.38	0	31
ptg007723l_1_region	224627	760049	3.38	0	31
ptg007725l_1	160740	902517	5.61	0	17
ptg007725l_1_region	160740	902517	5.61	0	17
ptg007727l_1	875926	8523323	9.73	0	79
ptg007727l_1_region	875926	8523323	9.73	0	79
ptg007728l_1	125844	357914	2.84	0	37
ptg007728l_1_region	125844	357914	2.84	0	37
ptg007729l_1	185574	952622	5.13	0	17
ptg007729l_1_region	185574	952622	5.13	0	17
ptg007731l_1	260504	1189457	4.57	0	19
ptg007731l_1_region	260504	1189457	4.57	0	19
ptg007732l_1	255820	1597410	6.24	0	20
ptg007732l_1_region	255820	1597410	6.24	0	20
ptg007733l_1	59113	312037	5.28	0	15
ptg007733l_1_region	59113	312037	5.28	0	15
ptg007738l_1	404139	2058766	5.09	0	16
ptg007738l_1_region	404139	2058766	5.09	0	16
ptg007739l_1	72436	329591	4.55	0	9
ptg007739l_1_region	72436	329591	4.55	0	9
ptg007741l_1	426388	2484916	5.83	0	18
ptg007741l_1_region	426388	2484916	5.83	0	18
ptg007743l_1	212416	1339433	6.31	0	34
ptg007743l_1_region	212416	1339433	6.31	0	34
ptg007744l_1	88435	635861	7.19	0	26
ptg007744l_1_region	88435	635861	7.19	0	26
ptg007748l_1	176809	632892	3.58	0	12
ptg007748l_1_region	176809	632892	3.58	0	12
ptg007749l_1	284185	2023852	7.12	0	41
ptg007749l_1_region	284185	2023852	7.12	0	41
ptg007753l_1	10270	32406	3.16	0	6
ptg007753l_1_region	10270	32406	3.16	0	6
ptg007754l_1	81930	350132	4.27	0	13
ptg007754l_1_region	81930	350132	4.27	0	13
ptg007756l_1	59337	420488	7.09	0	16
ptg007756l_1_region	59337	420488	7.09	0	16
ptg007758l_1	323397	1673991	5.18	0	32
ptg007758l_1_region	323397	1673991	5.18	0	32
ptg007759l_1	36337	191407	5.27	1	11
ptg007759l_1_region	36337	191407	5.27	1	11
ptg007760l_1	114390	677375	5.92	0	14
ptg007760l_1_region	114390	677375	5.92	0	14
ptg007761l_1	81339	337015	4.14	0	11
ptg007761l_1_region	81339	337015	4.14	0	11
ptg007764l_1	58462	385134	6.59	0	13
ptg007764l_1_region	58462	385134	6.59	0	13
ptg007770l_1	608945	3432889	5.64	0	21
ptg007770l_1_region	608945	3432889	5.64	0	21
ptg007771l_1	366769	1171012	3.19	0	13
ptg007771l_1_region	366769	1171012	3.19	0	13
ptg007777l_1	81100	369414	4.56	0	13
ptg007777l_1_region	81100	369414	4.56	0	13
ptg007779l_1	25625	53432	2.09	0	7
ptg007779l_1_region	25625	53432	2.09	0	7
ptg007780l_1	377190	2268561	6.01	0	18
ptg007780l_1_region	377190	2268561	6.01	0	18
ptg007781l_1	66758	465666	6.98	0	16
ptg007781l_1_region	66758	465666	6.98	0	16
ptg007782l_1	131909	694629	5.27	0	13
ptg007782l_1_region	131909	694629	5.27	0	13
ptg007784l_1	539047	4330700	8.03	0	22
ptg007784l_1_region	539047	4330700	8.03	0	22
ptg007785l_1	547235	4469197	8.17	0	17
ptg007785l_1_region	547235	4469197	8.17	0	17
ptg007786l_1	330115	647731	1.96	0	11
ptg007786l_1_region	330115	647731	1.96	0	11
ptg007787l_1	461089	3585386	7.78	0	25
ptg007787l_1_region	461089	3585386	7.78	0	25
ptg007788l_1	65236	160426	2.46	0	7
ptg007788l_1_region	65236	160426	2.46	0	7
ptg007790l_1	170614	827716	4.85	0	13
ptg007790l_1_region	170614	827716	4.85	0	13
ptg007792l_1	445992	2945690	6.60	0	18
ptg007792l_1_region	445992	2945690	6.60	0	18
ptg007796l_1	220335	1063258	4.83	0	20
ptg007796l_1_region	220335	1063258	4.83	0	20
ptg007798l_1	104572	519318	4.97	0	15
ptg007798l_1_region	104572	519318	4.97	0	15
ptg007799l_1	167504	1033092	6.17	0	15
ptg007799l_1_region	167504	1033092	6.17	0	15
ptg007801l_1	108531	688239	6.34	0	16
ptg007801l_1_region	108531	688239	6.34	0	16
ptg007802l_1	235517	2004715	8.51	0	17
ptg007802l_1_region	235517	2004715	8.51	0	17
ptg007805l_1	154507	1201756	7.78	0	18
ptg007805l_1_region	154507	1201756	7.78	0	18
ptg007806l_1	101749	473515	4.65	0	20
ptg007806l_1_region	101749	473515	4.65	0	20
ptg007808l_1	75828	218773	2.89	0	17
ptg007808l_1_region	75828	218773	2.89	0	17
ptg007811l_1	442400	2268138	5.13	0	17
ptg007811l_1_region	442400	2268138	5.13	0	17
ptg007815l_1	485510	3811873	7.85	0	21
ptg007815l_1_region	485510	3811873	7.85	0	21
ptg007818l_1	28392	141472	4.98	1	17
ptg007818l_1_region	28392	141472	4.98	1	17
ptg007820l_1	128566	646275	5.03	0	13
ptg007820l_1_region	128566	646275	5.03	0	13
ptg007822l_1	598752	4053328	6.77	0	32
ptg007822l_1_region	598752	4053328	6.77	0	32
ptg007823l_1	141117	742921	5.26	0	11
ptg007823l_1_region	141117	742921	5.26	0	11
ptg007824l_1	26560	36470	1.37	0	6
ptg007824l_1_region	26560	36470	1.37	0	6
ptg007825l_1	194210	877138	4.52	0	13
ptg007825l_1_region	194210	877138	4.52	0	13
ptg007826l_1	307232	1373942	4.47	0	18
ptg007826l_1_region	307232	1373942	4.47	0	18
ptg007828l_1	526965	3773610	7.16	0	27
ptg007828l_1_region	526965	3773610	7.16	0	27
ptg007830l_1	285529	1129715	3.96	0	14
ptg007830l_1_region	285529	1129715	3.96	0	14
ptg007832l_1	136298	596049	4.37	0	12
ptg007832l_1_region	136298	596049	4.37	0	12
ptg007834l_1	72050	414346	5.75	0	13
ptg007834l_1_region	72050	414346	5.75	0	13
ptg007841l_1	228141	1593798	6.99	0	20
ptg007841l_1_region	228141	1593798	6.99	0	20
ptg007846l_1	768577	5997252	7.80	0	35
ptg007846l_1_region	768577	5997252	7.80	0	35
ptg007855l_1	104696	435732	4.16	0	12
ptg007855l_1_region	104696	435732	4.16	0	12
ptg007856l_1	32184	158705	4.93	0	12
ptg007856l_1_region	32184	158705	4.93	0	12
ptg007857l_1	215479	1406602	6.53	0	17
ptg007857l_1_region	215479	1406602	6.53	0	17
ptg007863l_1	201341	978724	4.86	0	15
ptg007863l_1_region	201341	978724	4.86	0	15
ptg007865l_1	101710	519439	5.11	0	22
ptg007865l_1_region	101710	519439	5.11	0	22
ptg007868l_1	254104	1332686	5.24	0	18
ptg007868l_1_region	254104	1332686	5.24	0	18
ptg007871l_1	238797	2065930	8.65	0	337
ptg007871l_1_region	238797	2065930	8.65	0	337
ptg007873l_1	6354	41071	6.46	1	12
ptg007873l_1_region	6354	41071	6.46	1	12
ptg007875l_1	202991	1144849	5.64	0	41
ptg007875l_1_region	202991	1144849	5.64	0	41
ptg007884l_1	361540	1691221	4.68	0	21
ptg007884l_1_region	361540	1691221	4.68	0	21
ptg007886l_1	71493	417061	5.83	0	13
ptg007886l_1_region	71493	417061	5.83	0	13
ptg007887l_1	113060	554391	4.90	0	15
ptg007887l_1_region	113060	554391	4.90	0	15
ptg007889l_1	32690	366244	11.20	0	33
ptg007889l_1_region	32690	366244	11.20	0	33
ptg007890l_1	321719	1801286	5.60	0	14
ptg007890l_1_region	321719	1801286	5.60	0	14
ptg007895l_1	431814	2669283	6.18	0	46
ptg007895l_1_region	431814	2669283	6.18	0	46
ptg007896l_1	395735	1735462	4.39	0	43
ptg007896l_1_region	395735	1735462	4.39	0	43
ptg007898l_1	225543	1022544	4.53	0	16
ptg007898l_1_region	225543	1022544	4.53	0	16
ptg007905l_1	53617	262168	4.89	0	11
ptg007905l_1_region	53617	262168	4.89	0	11
ptg007910l_1	400443	1476029	3.69	0	15
ptg007910l_1_region	400443	1476029	3.69	0	15
ptg007912l_1	280911	1489901	5.30	0	18
ptg007912l_1_region	280911	1489901	5.30	0	18
ptg007913l_1	224857	1640554	7.30	0	14
ptg007913l_1_region	224857	1640554	7.30	0	14
ptg007914l_1	154054	932745	6.05	0	33
ptg007914l_1_region	154054	932745	6.05	0	33
ptg007915l_1	883979	6395564	7.23	0	37
ptg007915l_1_region	883979	6395564	7.23	0	37
ptg007922l_1	147360	1077453	7.31	0	17
ptg007922l_1_region	147360	1077453	7.31	0	17
ptg007925l_1	116625	716686	6.15	0	19
ptg007925l_1_region	116625	716686	6.15	0	19
ptg007926l_1	162096	420127	2.59	0	11
ptg007926l_1_region	162096	420127	2.59	0	11
ptg007927l_1	80375	313915	3.91	0	16
ptg007927l_1_region	80375	313915	3.91	0	16
ptg007928l_1	289777	1860741	6.42	0	27
ptg007928l_1_region	289777	1860741	6.42	0	27
ptg007931l_1	97335	590789	6.07	0	24
ptg007931l_1_region	97335	590789	6.07	0	24
ptg007934l_1	16454	87615	5.32	0	11
ptg007934l_1_region	16454	87615	5.32	0	11
ptg007935l_1	500699	2417949	4.83	0	30
ptg007935l_1_region	500699	2417949	4.83	0	30
ptg007936l_1	468466	3513446	7.50	0	25
ptg007936l_1_region	468466	3513446	7.50	0	25
ptg007937l_1	301950	3106511	10.29	0	33
ptg007937l_1_region	301950	3106511	10.29	0	33
ptg007942l_1	274520	1685239	6.14	0	15
ptg007942l_1_region	274520	1685239	6.14	0	15
ptg007943l_1	45850	304539	6.64	0	14
ptg007943l_1_region	45850	304539	6.64	0	14
ptg007944l_1	105999	510353	4.81	0	11
ptg007944l_1_region	105999	510353	4.81	0	11
ptg007946l_1	108775	43782	0.40	0	5
ptg007946l_1_region	108775	43782	0.40	0	5
ptg007947l_1	2060706	5648339	2.74	0	304
ptg007947l_1_region	2060706	5648339	2.74	0	304
ptg007951l_1	226959	1173064	5.17	0	16
ptg007951l_1_region	226959	1173064	5.17	0	16
ptg007952l_1	22545	135047	5.99	1	11
ptg007952l_1_region	22545	135047	5.99	1	11
ptg007953l_1	151955	589795	3.88	0	17
ptg007953l_1_region	151955	589795	3.88	0	17
ptg007954l_1	102699	725751	7.07	0	23
ptg007954l_1_region	102699	725751	7.07	0	23
ptg007955l_1	38888	192562	4.95	0	16
ptg007955l_1_region	38888	192562	4.95	0	16
ptg007956l_1	25960	18477	0.71	0	13
ptg007956l_1_region	25960	18477	0.71	0	13
ptg007959l_1	55348	267128	4.83	0	16
ptg007959l_1_region	55348	267128	4.83	0	16
ptg007960l_1	51539	226447	4.39	0	12
ptg007960l_1_region	51539	226447	4.39	0	12
ptg007963l_1	121476	251066	2.07	0	8
ptg007963l_1_region	121476	251066	2.07	0	8
ptg007965l_1	84924	564760	6.65	0	15
ptg007965l_1_region	84924	564760	6.65	0	15
ptg007966l_1	126401	857496	6.78	0	45
ptg007966l_1_region	126401	857496	6.78	0	45
ptg007967l_1	264253	1894142	7.17	0	16
ptg007967l_1_region	264253	1894142	7.17	0	16
ptg007972l_1	609060	3062491	5.03	0	20
ptg007972l_1_region	609060	3062491	5.03	0	20
ptg007974l_1	160782	722557	4.49	0	19
ptg007974l_1_region	160782	722557	4.49	0	19
ptg007976l_1	307927	1776197	5.77	0	18
ptg007976l_1_region	307927	1776197	5.77	0	18
ptg007982l_1	128332	920301	7.17	0	19
ptg007982l_1_region	128332	920301	7.17	0	19
ptg007984l_1	7904	6394	0.81	0	4
ptg007984l_1_region	7904	6394	0.81	0	4
ptg007985l_1	187851	1089568	5.80	0	17
ptg007985l_1_region	187851	1089568	5.80	0	17
ptg007990l_1	478137	3426041	7.17	0	21
ptg007990l_1_region	478137	3426041	7.17	0	21
ptg007994l_1	169462	568922	3.36	0	13
ptg007994l_1_region	169462	568922	3.36	0	13
ptg007997l_1	128458	1119543	8.72	0	64
ptg007997l_1_region	128458	1119543	8.72	0	64
ptg008004l_1	337732	639372	1.89	0	12
ptg008004l_1_region	337732	639372	1.89	0	12
ptg008006l_1	206896	811111	3.92	0	15
ptg008006l_1_region	206896	811111	3.92	0	15
ptg008008l_1	36668	79945	2.18	0	5
ptg008008l_1_region	36668	79945	2.18	0	5
ptg008009l_1	76880	251146	3.27	0	10
ptg008009l_1_region	76880	251146	3.27	0	10
ptg008010l_1	236136	1084261	4.59	0	18
ptg008010l_1_region	236136	1084261	4.59	0	18
ptg008011l_1	163580	1010651	6.18	0	17
ptg008011l_1_region	163580	1010651	6.18	0	17
ptg008012l_1	15820	133964	8.47	5	11
ptg008012l_1_region	15820	133964	8.47	5	11
ptg008015l_1	16685	93286	5.59	0	8
ptg008015l_1_region	16685	93286	5.59	0	8
ptg008017l_1	161303	794486	4.93	0	17
ptg008017l_1_region	161303	794486	4.93	0	17
ptg008018l_1	65938	248216	3.76	0	9
ptg008018l_1_region	65938	248216	3.76	0	9
ptg008020l_1	354991	2254314	6.35	0	19
ptg008020l_1_region	354991	2254314	6.35	0	19
ptg008022l_1	53167	216379	4.07	0	14
ptg008022l_1_region	53167	216379	4.07	0	14
ptg008023l_1	238669	1279634	5.36	0	16
ptg008023l_1_region	238669	1279634	5.36	0	16
ptg008024l_1	162585	773569	4.76	0	97
ptg008024l_1_region	162585	773569	4.76	0	97
ptg008028l_1	121314	611138	5.04	0	15
ptg008028l_1_region	121314	611138	5.04	0	15
ptg008031l_1	131713	762349	5.79	0	17
ptg008031l_1_region	131713	762349	5.79	0	17
ptg008033l_1	70858	993316	14.02	1	31
ptg008033l_1_region	70858	993316	14.02	1	31
ptg008035l_1	841062	13190284	15.68	0	166
ptg008035l_1_region	841062	13190284	15.68	0	166
ptg008039l_1	111640	374248	3.35	0	19
ptg008039l_1_region	111640	374248	3.35	0	19
ptg008040l_1	128416	589144	4.59	0	12
ptg008040l_1_region	128416	589144	4.59	0	12
ptg008043l_1	145388	778512	5.35	0	17
ptg008043l_1_region	145388	778512	5.35	0	17
ptg008044l_1	111210	451210	4.06	0	10
ptg008044l_1_region	111210	451210	4.06	0	10
ptg008045l_1	46683	91295	1.96	0	7
ptg008045l_1_region	46683	91295	1.96	0	7
ptg008046l_1	45013	153950	3.42	0	12
ptg008046l_1_region	45013	153950	3.42	0	12
ptg008047l_1	176473	786836	4.46	0	20
ptg008047l_1_region	176473	786836	4.46	0	20
ptg008048l_1	1075474	8527215	7.93	0	90
ptg008048l_1_region	1075474	8527215	7.93	0	90
ptg008049l_1	436907	3358807	7.69	0	982
ptg008049l_1_region	436907	3358807	7.69	0	982
ptg008052l_1	126778	751873	5.93	0	16
ptg008052l_1_region	126778	751873	5.93	0	16
ptg008054l_1	13910	32939	2.37	0	5
ptg008054l_1_region	13910	32939	2.37	0	5
ptg008056l_1	111009	516563	4.65	0	17
ptg008056l_1_region	111009	516563	4.65	0	17
ptg008059l_1	238274	1471426	6.18	0	25
ptg008059l_1_region	238274	1471426	6.18	0	25
ptg008060l_1	189263	856886	4.53	0	28
ptg008060l_1_region	189263	856886	4.53	0	28
ptg008065l_1	79791	733770	9.20	0	20
ptg008065l_1_region	79791	733770	9.20	0	20
ptg008067l_1	52436	29148	0.56	0	5
ptg008067l_1_region	52436	29148	0.56	0	5
ptg008068l_1	245475	1296026	5.28	0	17
ptg008068l_1_region	245475	1296026	5.28	0	17
ptg008072l_1	620790	4144827	6.68	0	19
ptg008072l_1_region	620790	4144827	6.68	0	19
ptg008073l_1	55623	171455	3.08	0	13
ptg008073l_1_region	55623	171455	3.08	0	13
ptg008074l_1	164252	1255306	7.64	0	19
ptg008074l_1_region	164252	1255306	7.64	0	19
ptg008076l_1	21073	24816	1.18	0	4
ptg008076l_1_region	21073	24816	1.18	0	4
ptg008078l_1	69616	215543	3.10	0	15
ptg008078l_1_region	69616	215543	3.10	0	15
ptg008080l_1	382405	2751087	7.19	0	128
ptg008080l_1_region	382405	2751087	7.19	0	128
ptg008081l_1	263139	1388944	5.28	0	16
ptg008081l_1_region	263139	1388944	5.28	0	16
ptg008082l_1	128214	797755	6.22	0	27
ptg008082l_1_region	128214	797755	6.22	0	27
ptg008085l_1	233223	1509351	6.47	0	15
ptg008085l_1_region	233223	1509351	6.47	0	15
ptg008088l_1	357264	1113578	3.12	0	17
ptg008088l_1_region	357264	1113578	3.12	0	17
ptg008090l_1	288132	1982546	6.88	0	18
ptg008090l_1_region	288132	1982546	6.88	0	18
ptg008095l_1	297899	1590978	5.34	0	15
ptg008095l_1_region	297899	1590978	5.34	0	15
ptg008096l_1	304388	1691365	5.56	0	14
ptg008096l_1_region	304388	1691365	5.56	0	14
ptg008098l_1	34633	289643	8.36	0	17
ptg008098l_1_region	34633	289643	8.36	0	17
ptg008102l_1	253002	921396	3.64	0	15
ptg008102l_1_region	253002	921396	3.64	0	15
ptg008104l_1	171794	999245	5.82	0	19
ptg008104l_1_region	171794	999245	5.82	0	19
ptg008106l_1	161268	1072249	6.65	0	17
ptg008106l_1_region	161268	1072249	6.65	0	17
ptg008107l_1	679603	2421674	3.56	0	16
ptg008107l_1_region	679603	2421674	3.56	0	16
ptg008111l_1	529870	3900313	7.36	0	19
ptg008111l_1_region	529870	3900313	7.36	0	19
ptg008112l_1	98692	218296	2.21	0	17
ptg008112l_1_region	98692	218296	2.21	0	17
ptg008114l_1	299962	2250589	7.50	0	18
ptg008114l_1_region	299962	2250589	7.50	0	18
ptg008115l_1	85974	453275	5.27	0	12
ptg008115l_1_region	85974	453275	5.27	0	12
ptg008116l_1	610618	5855999	9.59	0	27
ptg008116l_1_region	610618	5855999	9.59	0	27
ptg008119l_1	305877	1644107	5.38	0	13
ptg008119l_1_region	305877	1644107	5.38	0	13
ptg008121l_1	188570	677680	3.59	0	10
ptg008121l_1_region	188570	677680	3.59	0	10
ptg008125l_1	556185	2004143	3.60	0	20
ptg008125l_1_region	556185	2004143	3.60	0	20
ptg008126l_1	95480	268976	2.82	0	12
ptg008126l_1_region	95480	268976	2.82	0	12
ptg008127l_1	33226	141951	4.27	0	11
ptg008127l_1_region	33226	141951	4.27	0	11
ptg008129l_1	210992	888538	4.21	0	13
ptg008129l_1_region	210992	888538	4.21	0	13
ptg008131l_1	19299	90179	4.67	0	9
ptg008131l_1_region	19299	90179	4.67	0	9
ptg008132l_1	330706	1664101	5.03	0	16
ptg008132l_1_region	330706	1664101	5.03	0	16
ptg008133l_1	80186	193991	2.42	0	10
ptg008133l_1_region	80186	193991	2.42	0	10
ptg008137l_1	266845	891298	3.34	0	15
ptg008137l_1_region	266845	891298	3.34	0	15
ptg008140l_1	292379	1722064	5.89	0	20
ptg008140l_1_region	292379	1722064	5.89	0	20
ptg008142l_1	107805	510892	4.74	0	12
ptg008142l_1_region	107805	510892	4.74	0	12
ptg008143l_1	65865	359270	5.45	0	10
ptg008143l_1_region	65865	359270	5.45	0	10
ptg008144l_1	146554	895738	6.11	0	15
ptg008144l_1_region	146554	895738	6.11	0	15
ptg008148l_1	321784	1748190	5.43	0	31
ptg008148l_1_region	321784	1748190	5.43	0	31
ptg008149l_1	173949	726418	4.18	0	14
ptg008149l_1_region	173949	726418	4.18	0	14
ptg008159l_1	82976	344739	4.15	0	13
ptg008159l_1_region	82976	344739	4.15	0	13
ptg008163l_1	100362	311596	3.10	0	12
ptg008163l_1_region	100362	311596	3.10	0	12
ptg008164l_1	112164	996985	8.89	0	19
ptg008164l_1_region	112164	996985	8.89	0	19
ptg008167l_1	149590	905966	6.06	0	13
ptg008167l_1_region	149590	905966	6.06	0	13
ptg008168l_1	522717	3331983	6.37	0	17
ptg008168l_1_region	522717	3331983	6.37	0	17
ptg008169l_1	124054	676759	5.46	0	15
ptg008169l_1_region	124054	676759	5.46	0	15
ptg008171l_1	920890	5281346	5.74	0	34
ptg008171l_1_region	920890	5281346	5.74	0	34
ptg008179l_1	235845	1323601	5.61	0	15
ptg008179l_1_region	235845	1323601	5.61	0	15
ptg008180l_1	107131	441035	4.12	0	16
ptg008180l_1_region	107131	441035	4.12	0	16
ptg008181l_1	106317	366841	3.45	0	15
ptg008181l_1_region	106317	366841	3.45	0	15
ptg008183l_1	251842	1550920	6.16	0	19
ptg008183l_1_region	251842	1550920	6.16	0	19
ptg008184l_1	270527	1663105	6.15	0	20
ptg008184l_1_region	270527	1663105	6.15	0	20
ptg008187l_1	667985	6063667	9.08	0	42
ptg008187l_1_region	667985	6063667	9.08	0	42
ptg008188l_1	72196	368784	5.11	0	16
ptg008188l_1_region	72196	368784	5.11	0	16
ptg008190l_1	496687	2243405	4.52	0	31
ptg008190l_1_region	496687	2243405	4.52	0	31
ptg008194l_1	62820	394733	6.28	0	22
ptg008194l_1_region	62820	394733	6.28	0	22
ptg008200l_1	116867	433121	3.71	0	23
ptg008200l_1_region	116867	433121	3.71	0	23
ptg008207l_1	112863	574579	5.09	0	26
ptg008207l_1_region	112863	574579	5.09	0	26
ptg008212l_1	89507	965487	10.79	0	26
ptg008212l_1_region	89507	965487	10.79	0	26
ptg008215l_1	117018	447335	3.82	0	11
ptg008215l_1_region	117018	447335	3.82	0	11
ptg008216l_1	235212	786667	3.34	0	11
ptg008216l_1_region	235212	786667	3.34	0	11
ptg008217l_1	107650	756002	7.02	0	20
ptg008217l_1_region	107650	756002	7.02	0	20
ptg008218l_1	77987	594531	7.62	0	30
ptg008218l_1_region	77987	594531	7.62	0	30
ptg008219l_1	81860	441806	5.40	0	17
ptg008219l_1_region	81860	441806	5.40	0	17
ptg008222l_1	74889	374979	5.01	0	42
ptg008222l_1_region	74889	374979	5.01	0	42
ptg008223l_1	276839	852070	3.08	0	17
ptg008223l_1_region	276839	852070	3.08	0	17
ptg008229l_1	155554	644482	4.14	0	24
ptg008229l_1_region	155554	644482	4.14	0	24
ptg008232l_1	259280	1890289	7.29	0	24
ptg008232l_1_region	259280	1890289	7.29	0	24
ptg008234l_1	48076	185244	3.85	0	13
ptg008234l_1_region	48076	185244	3.85	0	13
ptg008237l_1	34981	191254	5.47	0	16
ptg008237l_1_region	34981	191254	5.47	0	16
ptg008238l_1	237895	1160221	4.88	0	19
ptg008238l_1_region	237895	1160221	4.88	0	19
ptg008242l_1	47480	311974	6.57	0	14
ptg008242l_1_region	47480	311974	6.57	0	14
ptg008244l_1	251073	1658850	6.61	0	133
ptg008244l_1_region	251073	1658850	6.61	0	133
ptg008245l_1	15265	7905201	517.86	111	821
ptg008245l_1_region	15265	7905201	517.86	111	821
ptg008246l_1	31297	93076	2.97	0	6
ptg008246l_1_region	31297	93076	2.97	0	6
ptg008247l_1	325427	1919185	5.90	0	93
ptg008247l_1_region	325427	1919185	5.90	0	93
ptg008248l_1	348500	2803695	8.05	0	38
ptg008248l_1_region	348500	2803695	8.05	0	38
ptg008249l_1	277543	1366208	4.92	0	17
ptg008249l_1_region	277543	1366208	4.92	0	17
ptg008259l_1	250261	1500946	6.00	0	29
ptg008259l_1_region	250261	1500946	6.00	0	29
ptg008263l_1	41230	100941	2.45	0	6
ptg008263l_1_region	41230	100941	2.45	0	6
ptg008264l_1	106436	555406	5.22	0	23
ptg008264l_1_region	106436	555406	5.22	0	23
ptg008267l_1	167467	947934	5.66	0	13
ptg008267l_1_region	167467	947934	5.66	0	13
ptg008268l_1	76816	534183	6.95	0	18
ptg008268l_1_region	76816	534183	6.95	0	18
ptg008272l_1	1380433	4130040	2.99	0	41
ptg008272l_1_region	1380433	4130040	2.99	0	41
ptg008274l_1	96917	675697	6.97	0	16
ptg008274l_1_region	96917	675697	6.97	0	16
ptg008275l_1	262440	1297711	4.94	0	51
ptg008275l_1_region	262440	1297711	4.94	0	51
ptg008276l_1	534017	5220244	9.78	0	28
ptg008276l_1_region	534017	5220244	9.78	0	28
ptg008279l_1	50063	293161	5.86	0	16
ptg008279l_1_region	50063	293161	5.86	0	16
ptg008281l_1	279698	1475285	5.27	0	16
ptg008281l_1_region	279698	1475285	5.27	0	16
ptg008283l_1	187596	1282192	6.83	0	20
ptg008283l_1_region	187596	1282192	6.83	0	20
ptg008290l_1	135254	559039	4.13	0	17
ptg008290l_1_region	135254	559039	4.13	0	17
ptg008291l_1	307940	1988960	6.46	0	15
ptg008291l_1_region	307940	1988960	6.46	0	15
ptg008296l_1	105799	624731	5.90	0	16
ptg008296l_1_region	105799	624731	5.90	0	16
ptg008300l_1	70740	1134910	16.04	0	69
ptg008300l_1_region	70740	1134910	16.04	0	69
ptg008301l_1	152990	577734	3.78	0	17
ptg008301l_1_region	152990	577734	3.78	0	17
ptg008304l_1	386870	4254407	11.00	0	44
ptg008304l_1_region	386870	4254407	11.00	0	44
ptg008307l_1	623520	3659303	5.87	0	23
ptg008307l_1_region	623520	3659303	5.87	0	23
ptg008309l_1	79347	249769	3.15	0	16
ptg008309l_1_region	79347	249769	3.15	0	16
ptg008311l_1	210406	1973971	9.38	0	68
ptg008311l_1_region	210406	1973971	9.38	0	68
ptg008312l_1	478471	3082548	6.44	0	40
ptg008312l_1_region	478471	3082548	6.44	0	40
ptg008316l_1	52051	161191	3.10	0	11
ptg008316l_1_region	52051	161191	3.10	0	11
ptg008318l_1	110736	356408	3.22	0	11
ptg008318l_1_region	110736	356408	3.22	0	11
ptg008324l_1	86250	603128	6.99	0	17
ptg008324l_1_region	86250	603128	6.99	0	17
ptg008325l_1	348957	1496065	4.29	0	13
ptg008325l_1_region	348957	1496065	4.29	0	13
ptg008327l_1	570685	3365070	5.90	0	636
ptg008327l_1_region	570685	3365070	5.90	0	636
ptg008330l_1	186240	1154319	6.20	0	24
ptg008330l_1_region	186240	1154319	6.20	0	24
ptg008336c_1	163510	661206	4.04	0	14
ptg008336c_1_region	163510	661206	4.04	0	14
ptg008338l_1	611407	3451278	5.64	0	19
ptg008338l_1_region	611407	3451278	5.64	0	19
ptg008339l_1	49408	187542	3.80	0	9
ptg008339l_1_region	49408	187542	3.80	0	9
ptg008346l_1	204795	2731282	13.34	0	62
ptg008346l_1_region	204795	2731282	13.34	0	62
ptg008347l_1	32615	111090	3.41	0	8
ptg008347l_1_region	32615	111090	3.41	0	8
ptg008348l_1	40764	163996	4.02	0	9
ptg008348l_1_region	40764	163996	4.02	0	9
ptg008351l_1	92496	101191	1.09	0	8
ptg008351l_1_region	92496	101191	1.09	0	8
ptg008352l_1	16851	29149	1.73	0	8
ptg008352l_1_region	16851	29149	1.73	0	8
ptg008354l_1	89771	572664	6.38	0	22
ptg008354l_1_region	89771	572664	6.38	0	22
ptg008356l_1	18452	48969	2.65	0	12
ptg008356l_1_region	18452	48969	2.65	0	12
ptg008357l_1	189496	545600	2.88	0	14
ptg008357l_1_region	189496	545600	2.88	0	14
ptg008358l_1	404798	3129188	7.73	0	31
ptg008358l_1_region	404798	3129188	7.73	0	31
ptg008359l_1	83090	427294	5.14	0	13
ptg008359l_1_region	83090	427294	5.14	0	13
ptg008361l_1	176024	880963	5.00	0	15
ptg008361l_1_region	176024	880963	5.00	0	15
ptg008362l_1	289659	1954873	6.75	0	16
ptg008362l_1_region	289659	1954873	6.75	0	16
ptg008364l_1	181413	885402	4.88	0	21
ptg008364l_1_region	181413	885402	4.88	0	21
ptg008365l_1	296223	1470450	4.96	0	15
ptg008365l_1_region	296223	1470450	4.96	0	15
ptg008366l_1	224137	1215259	5.42	0	44
ptg008366l_1_region	224137	1215259	5.42	0	44
ptg008369l_1	55672	328987	5.91	0	12
ptg008369l_1_region	55672	328987	5.91	0	12
ptg008374l_1	388561	2489092	6.41	0	15
ptg008374l_1_region	388561	2489092	6.41	0	15
ptg008375l_1	107385	745303	6.94	0	16
ptg008375l_1_region	107385	745303	6.94	0	16
ptg008380l_1	410667	1639343	3.99	0	15
ptg008380l_1_region	410667	1639343	3.99	0	15
ptg008385l_1	224308	1492041	6.65	0	46
ptg008385l_1_region	224308	1492041	6.65	0	46
ptg008386l_1	90397	641840	7.10	0	21
ptg008386l_1_region	90397	641840	7.10	0	21
ptg008389l_1	265783	1671978	6.29	0	13
ptg008389l_1_region	265783	1671978	6.29	0	13
ptg008392l_1	656828	4589083	6.99	0	22
ptg008392l_1_region	656828	4589083	6.99	0	22
ptg008396l_1	195423	1457273	7.46	0	14
ptg008396l_1_region	195423	1457273	7.46	0	14
ptg008398l_1	218707	1340266	6.13	0	15
ptg008398l_1_region	218707	1340266	6.13	0	15
ptg008404l_1	76700	585283	7.63	0	18
ptg008404l_1_region	76700	585283	7.63	0	18
ptg008405l_1	155220	832793	5.37	0	14
ptg008405l_1_region	155220	832793	5.37	0	14
ptg008407l_1	163801	848527	5.18	0	14
ptg008407l_1_region	163801	848527	5.18	0	14
ptg008410l_1	194657	1459377	7.50	0	22
ptg008410l_1_region	194657	1459377	7.50	0	22
ptg008418l_1	202587	1016602	5.02	0	17
ptg008418l_1_region	202587	1016602	5.02	0	17
ptg008420l_1	126033	824431	6.54	0	15
ptg008420l_1_region	126033	824431	6.54	0	15
ptg008423l_1	147202	422552	2.87	0	12
ptg008423l_1_region	147202	422552	2.87	0	12
ptg008424l_1	405367	1840573	4.54	0	20
ptg008424l_1_region	405367	1840573	4.54	0	20
ptg008430l_1	334248	2996579	8.97	0	24
ptg008430l_1_region	334248	2996579	8.97	0	24
ptg008431l_1	44958	185217	4.12	0	9
ptg008431l_1_region	44958	185217	4.12	0	9
ptg008435l_1	284958	2129881	7.47	0	71
ptg008435l_1_region	284958	2129881	7.47	0	71
ptg008436l_1	1099191	8784216	7.99	0	79
ptg008436l_1_region	1099191	8784216	7.99	0	79
ptg008441l_1	7184	30057	4.18	0	6
ptg008441l_1_region	7184	30057	4.18	0	6
ptg008442l_1	319956	2227250	6.96	0	15
ptg008442l_1_region	319956	2227250	6.96	0	15
ptg008443l_1	35146	119466	3.40	0	11
ptg008443l_1_region	35146	119466	3.40	0	11
ptg008444l_1	408812	2357879	5.77	0	23
ptg008444l_1_region	408812	2357879	5.77	0	23
ptg008445l_1	31801	141239	4.44	0	10
ptg008445l_1_region	31801	141239	4.44	0	10
ptg008446l_1	125049	518097	4.14	0	13
ptg008446l_1_region	125049	518097	4.14	0	13
ptg008451l_1	85450	458302	5.36	0	15
ptg008451l_1_region	85450	458302	5.36	0	15
ptg008452l_1	40798	87537	2.15	0	5
ptg008452l_1_region	40798	87537	2.15	0	5
ptg008454l_1	52093	100315	1.93	0	9
ptg008454l_1_region	52093	100315	1.93	0	9
ptg008455l_1	142831	594452	4.16	0	21
ptg008455l_1_region	142831	594452	4.16	0	21
ptg008458l_1	350950	1858392	5.30	0	16
ptg008458l_1_region	350950	1858392	5.30	0	16
ptg008464l_1	140814	880033	6.25	0	19
ptg008464l_1_region	140814	880033	6.25	0	19
ptg008465l_1	122599	653069	5.33	0	19
ptg008465l_1_region	122599	653069	5.33	0	19
ptg008466l_1	226535	856702	3.78	0	12
ptg008466l_1_region	226535	856702	3.78	0	12
ptg008467l_1	89105	439245	4.93	0	15
ptg008467l_1_region	89105	439245	4.93	0	15
ptg008475l_1	104461	515408	4.93	0	13
ptg008475l_1_region	104461	515408	4.93	0	13
ptg008477l_1	119567	454404	3.80	0	22
ptg008477l_1_region	119567	454404	3.80	0	22
ptg008478l_1	308681	1721231	5.58	0	14
ptg008478l_1_region	308681	1721231	5.58	0	14
ptg008480l_1	72115	236487	3.28	0	9
ptg008480l_1_region	72115	236487	3.28	0	9
ptg008483l_1	121615	843968	6.94	0	14
ptg008483l_1_region	121615	843968	6.94	0	14
ptg008490l_1	106657	549024	5.15	0	54
ptg008490l_1_region	106657	549024	5.15	0	54
ptg008491l_1	211224	1015533	4.81	0	24
ptg008491l_1_region	211224	1015533	4.81	0	24
ptg008496l_1	96924	502634	5.19	0	13
ptg008496l_1_region	96924	502634	5.19	0	13
ptg008497l_1	163423	684038	4.19	0	44
ptg008497l_1_region	163423	684038	4.19	0	44
ptg008498l_1	74037	360703	4.87	0	42
ptg008498l_1_region	74037	360703	4.87	0	42
ptg008499l_1	72588	480602	6.62	0	18
ptg008499l_1_region	72588	480602	6.62	0	18
ptg008503l_1	391038	2002345	5.12	0	25
ptg008503l_1_region	391038	2002345	5.12	0	25
ptg008504l_1	494641	2713725	5.49	0	20
ptg008504l_1_region	494641	2713725	5.49	0	20
ptg008506l_1	178152	839056	4.71	0	26
ptg008506l_1_region	178152	839056	4.71	0	26
ptg008510l_1	19751	351274	17.79	0	55
ptg008510l_1_region	19751	351274	17.79	0	55
ptg008511l_1	22769	75350	3.31	0	7
ptg008511l_1_region	22769	75350	3.31	0	7
ptg008512l_1	282717	2065032	7.30	0	24
ptg008512l_1_region	282717	2065032	7.30	0	24
ptg008515l_1	180553	1120228	6.20	0	16
ptg008515l_1_region	180553	1120228	6.20	0	16
ptg008516l_1	204755	752775	3.68	0	11
ptg008516l_1_region	204755	752775	3.68	0	11
ptg008520l_1	97553	487854	5.00	0	60
ptg008520l_1_region	97553	487854	5.00	0	60
ptg008522l_1	72639	314000	4.32	0	13
ptg008522l_1_region	72639	314000	4.32	0	13
ptg008525l_1	307250	2334194	7.60	0	69
ptg008525l_1_region	307250	2334194	7.60	0	69
ptg008526l_1	205823	1066343	5.18	0	19
ptg008526l_1_region	205823	1066343	5.18	0	19
ptg008530l_1	157393	630571	4.01	0	19
ptg008530l_1_region	157393	630571	4.01	0	19
ptg008531l_1	150865	984963	6.53	0	23
ptg008531l_1_region	150865	984963	6.53	0	23
ptg008533l_1	226180	14661	0.06	0	11
ptg008533l_1_region	226180	14661	0.06	0	11
ptg008540l_1	396665	2383556	6.01	0	45
ptg008540l_1_region	396665	2383556	6.01	0	45
ptg008541l_1	300354	1668747	5.56	0	17
ptg008541l_1_region	300354	1668747	5.56	0	17
ptg008543l_1	225312	1245988	5.53	0	39
ptg008543l_1_region	225312	1245988	5.53	0	39
ptg008545l_1	165575	962968	5.82	0	38
ptg008545l_1_region	165575	962968	5.82	0	38
ptg008547l_1	262626	826729	3.15	0	26
ptg008547l_1_region	262626	826729	3.15	0	26
ptg008548l_1	100671	210934	2.10	0	16
ptg008548l_1_region	100671	210934	2.10	0	16
ptg008549l_1	40263	271999	6.76	0	11
ptg008549l_1_region	40263	271999	6.76	0	11
ptg008551l_1	113575	655049	5.77	0	12
ptg008551l_1_region	113575	655049	5.77	0	12
ptg008556l_1	164291	814123	4.96	0	13
ptg008556l_1_region	164291	814123	4.96	0	13
ptg008560l_1	39401	154627	3.92	0	10
ptg008560l_1_region	39401	154627	3.92	0	10
ptg008561l_1	99157	303908	3.06	0	12
ptg008561l_1_region	99157	303908	3.06	0	12
ptg008563l_1	63554	273056	4.30	0	11
ptg008563l_1_region	63554	273056	4.30	0	11
ptg008564l_1	50016	184652	3.69	0	12
ptg008564l_1_region	50016	184652	3.69	0	12
ptg008567l_1	325513	1726318	5.30	0	30
ptg008567l_1_region	325513	1726318	5.30	0	30
ptg008569l_1	97893	800324	8.18	0	164
ptg008569l_1_region	97893	800324	8.18	0	164
ptg008571l_1	314170	1528459	4.87	0	18
ptg008571l_1_region	314170	1528459	4.87	0	18
ptg008572l_1	50523	374722	7.42	0	22
ptg008572l_1_region	50523	374722	7.42	0	22
ptg008575l_1	144953	846033	5.84	0	17
ptg008575l_1_region	144953	846033	5.84	0	17
ptg008577l_1	104493	395154	3.78	0	14
ptg008577l_1_region	104493	395154	3.78	0	14
ptg008580l_1	137046	803236	5.86	0	12
ptg008580l_1_region	137046	803236	5.86	0	12
ptg008584l_1	49849	212429	4.26	0	9
ptg008584l_1_region	49849	212429	4.26	0	9
ptg008585l_1	50216	78928	1.57	0	6
ptg008585l_1_region	50216	78928	1.57	0	6
ptg008587c_1	71705	381419	5.32	0	13
ptg008587c_1_region	71705	381419	5.32	0	13
ptg008589l_1	197222	1264095	6.41	0	16
ptg008589l_1_region	197222	1264095	6.41	0	16
ptg008593l_1	111414	542990	4.87	0	16
ptg008593l_1_region	111414	542990	4.87	0	16
ptg008598l_1	108867	526506	4.84	0	15
ptg008598l_1_region	108867	526506	4.84	0	15
ptg008606l_1	287024	2477347	8.63	0	57
ptg008606l_1_region	287024	2477347	8.63	0	57
ptg008608l_1	173360	1341003	7.74	0	17
ptg008608l_1_region	173360	1341003	7.74	0	17
ptg008610l_1	45385	264298	5.82	0	11
ptg008610l_1_region	45385	264298	5.82	0	11
ptg008617l_1	50519	284714	5.64	0	15
ptg008617l_1_region	50519	284714	5.64	0	15
ptg008618l_1	225004	1292258	5.74	0	25
ptg008618l_1_region	225004	1292258	5.74	0	25
ptg008626l_1	49309	97070	1.97	0	7
ptg008626l_1_region	49309	97070	1.97	0	7
ptg008627l_1	260537	1333538	5.12	0	19
ptg008627l_1_region	260537	1333538	5.12	0	19
ptg008628l_1	153448	483569	3.15	0	10
ptg008628l_1_region	153448	483569	3.15	0	10
ptg008629l_1	91692	990772	10.81	0	48
ptg008629l_1_region	91692	990772	10.81	0	48
ptg008631l_1	25139	72414	2.88	0	7
ptg008631l_1_region	25139	72414	2.88	0	7
ptg008646l_1	72795	279700	3.84	0	17
ptg008646l_1_region	72795	279700	3.84	0	17
ptg008647l_1	286379	2202959	7.69	0	24
ptg008647l_1_region	286379	2202959	7.69	0	24
ptg008649l_1	62019	195818	3.16	0	9
ptg008649l_1_region	62019	195818	3.16	0	9
ptg008652l_1	73552	319930	4.35	0	12
ptg008652l_1_region	73552	319930	4.35	0	12
ptg008654l_1	1122243	2593203	2.31	0	35
ptg008654l_1_region	1122243	2593203	2.31	0	35
ptg008655l_1	67773	242758	3.58	0	15
ptg008655l_1_region	67773	242758	3.58	0	15
ptg008660l_1	59989	578057	9.64	0	109
ptg008660l_1_region	59989	578057	9.64	0	109
ptg008665l_1	83510	361949	4.33	0	15
ptg008665l_1_region	83510	361949	4.33	0	15
ptg008667l_1	278430	2065751	7.42	0	45
ptg008667l_1_region	278430	2065751	7.42	0	45
ptg008668l_1	195116	894238	4.58	0	13
ptg008668l_1_region	195116	894238	4.58	0	13
ptg008677l_1	47437	192927	4.07	0	10
ptg008677l_1_region	47437	192927	4.07	0	10
ptg008678l_1	45589	168790	3.70	0	9
ptg008678l_1_region	45589	168790	3.70	0	9
ptg008679l_1	299176	1911428	6.39	0	19
ptg008679l_1_region	299176	1911428	6.39	0	19
ptg008680l_1	256811	1720295	6.70	0	49
ptg008680l_1_region	256811	1720295	6.70	0	49
ptg008685l_1	2496666	19659237	7.87	0	30
ptg008685l_1_region	2496666	19659237	7.87	0	30
ptg008687l_1	200580	774131	3.86	0	14
ptg008687l_1_region	200580	774131	3.86	0	14
ptg008690l_1	14562	78422	5.39	0	10
ptg008690l_1_region	14562	78422	5.39	0	10
ptg008693l_1	24104	170565	7.08	0	16
ptg008693l_1_region	24104	170565	7.08	0	16
ptg008694l_1	117891	644777	5.47	0	19
ptg008694l_1_region	117891	644777	5.47	0	19
ptg008695l_1	182635	1008104	5.52	0	14
ptg008695l_1_region	182635	1008104	5.52	0	14
ptg008696l_1	25811	97746	3.79	0	17
ptg008696l_1_region	25811	97746	3.79	0	17
ptg008697l_1	142624	358693	2.51	0	6
ptg008697l_1_region	142624	358693	2.51	0	6
ptg008702l_1	225560	1633523	7.24	0	30
ptg008702l_1_region	225560	1633523	7.24	0	30
ptg008703l_1	164555	909756	5.53	0	18
ptg008703l_1_region	164555	909756	5.53	0	18
ptg008704l_1	30084	118607	3.94	0	10
ptg008704l_1_region	30084	118607	3.94	0	10
ptg008711l_1	15241	92288	6.06	0	17
ptg008711l_1_region	15241	92288	6.06	0	17
ptg008716l_1	179839	830138	4.62	0	14
ptg008716l_1_region	179839	830138	4.62	0	14
ptg008718l_1	53695	188352	3.51	0	11
ptg008718l_1_region	53695	188352	3.51	0	11
ptg008724l_1	56370	218284	3.87	0	8
ptg008724l_1_region	56370	218284	3.87	0	8
ptg008725l_1	161118	503341	3.12	0	14
ptg008725l_1_region	161118	503341	3.12	0	14
ptg008726l_1	56262	279910	4.98	0	11
ptg008726l_1_region	56262	279910	4.98	0	11
ptg008730l_1	31601	1809425	57.26	0	279
ptg008730l_1_region	31601	1809425	57.26	0	279
ptg008732l_1	94068	320699	3.41	0	10
ptg008732l_1_region	94068	320699	3.41	0	10
ptg008736l_1	98536	416589	4.23	0	13
ptg008736l_1_region	98536	416589	4.23	0	13
ptg008738l_1	35150	113809	3.24	0	9
ptg008738l_1_region	35150	113809	3.24	0	9
ptg008741l_1	19297	60007	3.11	0	11
ptg008741l_1_region	19297	60007	3.11	0	11
ptg008751l_1	23597	804	0.03	0	1
ptg008751l_1_region	23597	804	0.03	0	1
ptg008754l_1	252065	1611973	6.40	0	19
ptg008754l_1_region	252065	1611973	6.40	0	19
ptg008756l_1	353154	2000562	5.66	0	22
ptg008756l_1_region	353154	2000562	5.66	0	22
ptg008757l_1	97145	109399	1.13	0	8
ptg008757l_1_region	97145	109399	1.13	0	8
ptg008759l_1	105590	685812	6.50	0	27
ptg008759l_1_region	105590	685812	6.50	0	27
ptg008760l_1	52655	373289	7.09	0	29
ptg008760l_1_region	52655	373289	7.09	0	29
ptg008763l_1	72052	321400	4.46	0	10
ptg008763l_1_region	72052	321400	4.46	0	10
ptg008764l_1	284455	7551165	26.55	0	186
ptg008764l_1_region	284455	7551165	26.55	0	186
ptg008770l_1	210479	312725	1.49	0	7
ptg008770l_1_region	210479	312725	1.49	0	7
ptg008772l_1	29660	165923	5.59	0	13
ptg008772l_1_region	29660	165923	5.59	0	13
ptg008773l_1	301333	2144483	7.12	0	35
ptg008773l_1_region	301333	2144483	7.12	0	35
ptg008776l_1	202916	1144403	5.64	0	21
ptg008776l_1_region	202916	1144403	5.64	0	21
ptg008778l_1	98054	692425	7.06	0	47
ptg008778l_1_region	98054	692425	7.06	0	47
ptg008784l_1	47156	472959	10.03	0	37
ptg008784l_1_region	47156	472959	10.03	0	37
ptg008785l_1	137940	998662	7.24	0	36
ptg008785l_1_region	137940	998662	7.24	0	36
ptg008786l_1	93345	1082844	11.60	0	31
ptg008786l_1_region	93345	1082844	11.60	0	31
ptg008787l_1	183947	1005348	5.47	0	16
ptg008787l_1_region	183947	1005348	5.47	0	16
ptg008789l_1	200271	640994	3.20	0	13
ptg008789l_1_region	200271	640994	3.20	0	13
ptg008795l_1	63654	316591	4.97	0	16
ptg008795l_1_region	63654	316591	4.97	0	16
ptg008797l_1	260032	898327	3.45	0	19
ptg008797l_1_region	260032	898327	3.45	0	19
ptg008798l_1	114315	483793	4.23	0	16
ptg008798l_1_region	114315	483793	4.23	0	16
ptg008799l_1	593869	3037355	5.11	0	18
ptg008799l_1_region	593869	3037355	5.11	0	18
ptg008801l_1	80910	447976	5.54	0	13
ptg008801l_1_region	80910	447976	5.54	0	13
ptg008803l_1	397760	1307891	3.29	0	14
ptg008803l_1_region	397760	1307891	3.29	0	14
ptg008804l_1	42314	273179	6.46	0	12
ptg008804l_1_region	42314	273179	6.46	0	12
ptg008809l_1	66580	263797	3.96	0	10
ptg008809l_1_region	66580	263797	3.96	0	10
ptg008818l_1	77475	133342	1.72	0	7
ptg008818l_1_region	77475	133342	1.72	0	7
ptg008819l_1	176341	975092	5.53	0	15
ptg008819l_1_region	176341	975092	5.53	0	15
ptg008820l_1	220032	936923	4.26	0	14
ptg008820l_1_region	220032	936923	4.26	0	14
ptg008821l_1	147552	932192	6.32	0	18
ptg008821l_1_region	147552	932192	6.32	0	18
ptg008823l_1	202237	1680312	8.31	0	192
ptg008823l_1_region	202237	1680312	8.31	0	192
ptg008824l_1	87378	388334	4.44	0	14
ptg008824l_1_region	87378	388334	4.44	0	14
ptg008825l_1	312446	1116648	3.57	0	20
ptg008825l_1_region	312446	1116648	3.57	0	20
ptg008826l_1	24200	126936	5.25	0	10
ptg008826l_1_region	24200	126936	5.25	0	10
ptg008828l_1	86379	364635	4.22	0	17
ptg008828l_1_region	86379	364635	4.22	0	17
ptg008829l_1	17713	35341	2.00	0	7
ptg008829l_1_region	17713	35341	2.00	0	7
ptg008830l_1	227937	1823211	8.00	0	21
ptg008830l_1_region	227937	1823211	8.00	0	21
ptg008831l_1	28264	150421	5.32	0	18
ptg008831l_1_region	28264	150421	5.32	0	18
ptg008833l_1	45975	144293	3.14	0	10
ptg008833l_1_region	45975	144293	3.14	0	10
ptg008843l_1	75412	171467	2.27	0	6
ptg008843l_1_region	75412	171467	2.27	0	6
ptg008848l_1	15817	51190	3.24	0	5
ptg008848l_1_region	15817	51190	3.24	0	5
ptg008850l_1	204927	735203	3.59	0	17
ptg008850l_1_region	204927	735203	3.59	0	17
ptg008851l_1	531950	2266111	4.26	0	21
ptg008851l_1_region	531950	2266111	4.26	0	21
ptg008852l_1	97812	414512	4.24	0	13
ptg008852l_1_region	97812	414512	4.24	0	13
ptg008853l_1	303680	1785829	5.88	0	21
ptg008853l_1_region	303680	1785829	5.88	0	21
ptg008855l_1	19830	90899	4.58	0	13
ptg008855l_1_region	19830	90899	4.58	0	13
ptg008856l_1	47854	149627	3.13	0	15
ptg008856l_1_region	47854	149627	3.13	0	15
ptg008860l_1	15982	40270	2.52	0	6
ptg008860l_1_region	15982	40270	2.52	0	6
ptg008861l_1	544657	3623808	6.65	0	19
ptg008861l_1_region	544657	3623808	6.65	0	19
ptg008863l_1	86071	377190	4.38	0	14
ptg008863l_1_region	86071	377190	4.38	0	14
ptg008867l_1	108081	394862	3.65	0	10
ptg008867l_1_region	108081	394862	3.65	0	10
ptg008870l_1	144721	1157764	8.00	0	26
ptg008870l_1_region	144721	1157764	8.00	0	26
ptg008872l_1	190433	1151030	6.04	0	14
ptg008872l_1_region	190433	1151030	6.04	0	14
ptg008873l_1	142530	514279	3.61	0	13
ptg008873l_1_region	142530	514279	3.61	0	13
ptg008875l_1	176824	826201	4.67	0	11
ptg008875l_1_region	176824	826201	4.67	0	11
ptg008878l_1	413308	3596919	8.70	0	139
ptg008878l_1_region	413308	3596919	8.70	0	139
ptg008881l_1	141764	618460	4.36	0	14
ptg008881l_1_region	141764	618460	4.36	0	14
ptg008883l_1	96054	868868	9.05	0	19
ptg008883l_1_region	96054	868868	9.05	0	19
ptg008885l_1	74056	418742	5.65	0	14
ptg008885l_1_region	74056	418742	5.65	0	14
ptg008892l_1	52886	184576	3.49	0	9
ptg008892l_1_region	52886	184576	3.49	0	9
ptg008893l_1	25208	24396	0.97	0	4
ptg008893l_1_region	25208	24396	0.97	0	4
ptg008894l_1	76258	1250	0.02	0	1
ptg008894l_1_region	76258	1250	0.02	0	1
ptg008896l_1	21791	65114	2.99	0	9
ptg008896l_1_region	21791	65114	2.99	0	9
ptg008900l_1	138181	7021433	50.81	0	485
ptg008900l_1_region	138181	7021433	50.81	0	485
ptg008906l_1	146950	1359056	9.25	0	48
ptg008906l_1_region	146950	1359056	9.25	0	48
ptg008909l_1	101685	449085	4.42	0	17
ptg008909l_1_region	101685	449085	4.42	0	17
ptg008910l_1	409233	2446701	5.98	0	17
ptg008910l_1_region	409233	2446701	5.98	0	17
ptg008912l_1	187146	992752	5.30	0	25
ptg008912l_1_region	187146	992752	5.30	0	25
ptg008914l_1	138108	792624	5.74	0	42
ptg008914l_1_region	138108	792624	5.74	0	42
ptg008917l_1	35103	191791	5.46	0	10
ptg008917l_1_region	35103	191791	5.46	0	10
ptg008919l_1	384529	1358080	3.53	0	34
ptg008919l_1_region	384529	1358080	3.53	0	34
ptg008921l_1	390836	2077263	5.31	0	19
ptg008921l_1_region	390836	2077263	5.31	0	19
ptg008924l_1	18382	121636	6.62	1	10
ptg008924l_1_region	18382	121636	6.62	1	10
ptg008933l_1	73972	368786	4.99	0	22
ptg008933l_1_region	73972	368786	4.99	0	22
ptg008934l_1	50321	215787	4.29	0	11
ptg008934l_1_region	50321	215787	4.29	0	11
ptg008938l_1	58185	512157	8.80	0	64
ptg008938l_1_region	58185	512157	8.80	0	64
ptg008944l_1	229302	618151	2.70	0	11
ptg008944l_1_region	229302	618151	2.70	0	11
ptg008945l_1	252490	1974720	7.82	0	26
ptg008945l_1_region	252490	1974720	7.82	0	26
ptg008947l_1	190471	1097669	5.76	0	19
ptg008947l_1_region	190471	1097669	5.76	0	19
ptg008950l_1	227551	1887861	8.30	0	209
ptg008950l_1_region	227551	1887861	8.30	0	209
ptg008952l_1	222782	1191140	5.35	0	21
ptg008952l_1_region	222782	1191140	5.35	0	21
ptg008956l_1	928035	4636149	5.00	0	25
ptg008956l_1_region	928035	4636149	5.00	0	25
ptg008960l_1	44186	270376	6.12	0	12
ptg008960l_1_region	44186	270376	6.12	0	12
ptg008961l_1	67997	351560	5.17	0	12
ptg008961l_1_region	67997	351560	5.17	0	12
ptg008970l_1	29944	159108	5.31	0	14
ptg008970l_1_region	29944	159108	5.31	0	14
ptg008971l_1	241049	1171672	4.86	0	16
ptg008971l_1_region	241049	1171672	4.86	0	16
ptg008973l_1	187846	1327816	7.07	0	23
ptg008973l_1_region	187846	1327816	7.07	0	23
ptg008974l_1	65035	291955	4.49	0	14
ptg008974l_1_region	65035	291955	4.49	0	14
ptg008975l_1	62097	255350	4.11	0	12
ptg008975l_1_region	62097	255350	4.11	0	12
ptg008977l_1	159151	518330	3.26	0	20
ptg008977l_1_region	159151	518330	3.26	0	20
ptg008979l_1	32494	66436	2.04	0	5
ptg008979l_1_region	32494	66436	2.04	0	5
ptg008980l_1	113348	549729	4.85	0	16
ptg008980l_1_region	113348	549729	4.85	0	16
ptg008981l_1	149590	888465	5.94	0	20
ptg008981l_1_region	149590	888465	5.94	0	20
ptg008982l_1	39588	252789	6.39	0	24
ptg008982l_1_region	39588	252789	6.39	0	24
ptg008992l_1	41210	470855	11.43	0	48
ptg008992l_1_region	41210	470855	11.43	0	48
ptg008996l_1	1231744	8231142	6.68	0	23
ptg008996l_1_region	1231744	8231142	6.68	0	23
ptg008998l_1	68512	327074	4.77	0	22
ptg008998l_1_region	68512	327074	4.77	0	22
ptg009000l_1	29847	191453	6.41	1	10
ptg009000l_1_region	29847	191453	6.41	1	10
ptg009001l_1	178564	959831	5.38	0	14
ptg009001l_1_region	178564	959831	5.38	0	14
ptg009003l_1	40218	173630	4.32	0	14
ptg009003l_1_region	40218	173630	4.32	0	14
ptg009005l_1	64689	260308	4.02	0	10
ptg009005l_1_region	64689	260308	4.02	0	10
ptg009007l_1	133880	516076	3.85	0	16
ptg009007l_1_region	133880	516076	3.85	0	16
ptg009009l_1	111239	566675	5.09	0	26
ptg009009l_1_region	111239	566675	5.09	0	26
ptg009011l_1	161374	611008	3.79	0	15
ptg009011l_1_region	161374	611008	3.79	0	15
ptg009012l_1	308483	5954232	19.30	0	78
ptg009012l_1_region	308483	5954232	19.30	0	78
ptg009015l_1	15236	79252	5.20	0	11
ptg009015l_1_region	15236	79252	5.20	0	11
ptg009016l_1	146633	794372	5.42	0	13
ptg009016l_1_region	146633	794372	5.42	0	13
ptg009018l_1	226021	1292194	5.72	0	18
ptg009018l_1_region	226021	1292194	5.72	0	18
ptg009022l_1	251241	2576920	10.26	0	41
ptg009022l_1_region	251241	2576920	10.26	0	41
ptg009023l_1	155760	434277	2.79	0	13
ptg009023l_1_region	155760	434277	2.79	0	13
ptg009027l_1	66536	219747	3.30	0	12
ptg009027l_1_region	66536	219747	3.30	0	12
ptg009032l_1	12024	23086	1.92	0	4
ptg009032l_1_region	12024	23086	1.92	0	4
ptg009033l_1	167108	1025568	6.14	0	49
ptg009033l_1_region	167108	1025568	6.14	0	49
ptg009034l_1	104983	675719	6.44	0	15
ptg009034l_1_region	104983	675719	6.44	0	15
ptg009038l_1	311136	1905656	6.12	0	14
ptg009038l_1_region	311136	1905656	6.12	0	14
ptg009039l_1	227423	1064669	4.68	0	28
ptg009039l_1_region	227423	1064669	4.68	0	28
ptg009040l_1	28347	159283	5.62	0	12
ptg009040l_1_region	28347	159283	5.62	0	12
ptg009041l_1	393199	1553890	3.95	0	19
ptg009041l_1_region	393199	1553890	3.95	0	19
ptg009051l_1	78559	1119089	14.25	0	68
ptg009051l_1_region	78559	1119089	14.25	0	68
ptg009053l_1	124628	223568	1.79	0	10
ptg009053l_1_region	124628	223568	1.79	0	10
ptg009054l_1	1130287	6382226	5.65	0	30
ptg009054l_1_region	1130287	6382226	5.65	0	30
ptg009058l_1	22759	104407	4.59	0	12
ptg009058l_1_region	22759	104407	4.59	0	12
ptg009061l_1	42226	59475	1.41	0	16
ptg009061l_1_region	42226	59475	1.41	0	16
ptg009062l_1	40791	144464	3.54	0	12
ptg009062l_1_region	40791	144464	3.54	0	12
ptg009064l_1	503842	3293695	6.54	0	18
ptg009064l_1_region	503842	3293695	6.54	0	18
ptg009066l_1	150095	560178	3.73	0	14
ptg009066l_1_region	150095	560178	3.73	0	14
ptg009070l_1	321104	1375420	4.28	0	17
ptg009070l_1_region	321104	1375420	4.28	0	17
ptg009073l_1	53104	168728	3.18	0	10
ptg009073l_1_region	53104	168728	3.18	0	10
ptg009076l_1	110472	850931	7.70	0	21
ptg009076l_1_region	110472	850931	7.70	0	21
ptg009080l_1	139944	1120028	8.00	0	18
ptg009080l_1_region	139944	1120028	8.00	0	18
ptg009082l_1	238516	1667949	6.99	0	15
ptg009082l_1_region	238516	1667949	6.99	0	15
ptg009083l_1	78968	324502	4.11	0	13
ptg009083l_1_region	78968	324502	4.11	0	13
ptg009084l_1	40225	215966	5.37	0	12
ptg009084l_1_region	40225	215966	5.37	0	12
ptg009094l_1	175262	753892	4.30	0	13
ptg009094l_1_region	175262	753892	4.30	0	13
ptg009095l_1	513050	4663318	9.09	0	206
ptg009095l_1_region	513050	4663318	9.09	0	206
ptg009097l_1	121150	597824	4.93	0	16
ptg009097l_1_region	121150	597824	4.93	0	16
ptg009098l_1	156643	950155	6.07	0	13
ptg009098l_1_region	156643	950155	6.07	0	13
ptg009100l_1	294109	1734560	5.90	0	18
ptg009100l_1_region	294109	1734560	5.90	0	18
ptg009102l_1	56610	133573	2.36	0	6
ptg009102l_1_region	56610	133573	2.36	0	6
ptg009103l_1	52328	177544	3.39	0	17
ptg009103l_1_region	52328	177544	3.39	0	17
ptg009109l_1	404423	2603713	6.44	0	20
ptg009109l_1_region	404423	2603713	6.44	0	20
ptg009114l_1	103926	451471	4.34	0	17
ptg009114l_1_region	103926	451471	4.34	0	17
ptg009116l_1	69901	328581	4.70	0	9
ptg009116l_1_region	69901	328581	4.70	0	9
ptg009117l_1	25434	36856	1.45	0	4
ptg009117l_1_region	25434	36856	1.45	0	4
ptg009119l_1	237849	1294330	5.44	0	17
ptg009119l_1_region	237849	1294330	5.44	0	17
ptg009126l_1	122262	623988	5.10	0	13
ptg009126l_1_region	122262	623988	5.10	0	13
ptg009128l_1	52531	1419474	27.02	0	117
ptg009128l_1_region	52531	1419474	27.02	0	117
ptg009129l_1	285011	1079759	3.79	0	15
ptg009129l_1_region	285011	1079759	3.79	0	15
ptg009130l_1	165711	1282526	7.74	0	43
ptg009130l_1_region	165711	1282526	7.74	0	43
ptg009131l_1	53696	81946	1.53	0	8
ptg009131l_1_region	53696	81946	1.53	0	8
ptg009135l_1	18422	95745	5.20	0	11
ptg009135l_1_region	18422	95745	5.20	0	11
ptg009137l_1	38893	147443	3.79	0	10
ptg009137l_1_region	38893	147443	3.79	0	10
ptg009139l_1	38633	63781	1.65	0	7
ptg009139l_1_region	38633	63781	1.65	0	7
ptg009140l_1	202087	1596006	7.90	0	44
ptg009140l_1_region	202087	1596006	7.90	0	44
ptg009141l_1	80464	268291	3.33	0	12
ptg009141l_1_region	80464	268291	3.33	0	12
ptg009145l_1	64080	51225	0.80	0	8
ptg009145l_1_region	64080	51225	0.80	0	8
ptg009146l_1	24477	11610	0.47	0	2
ptg009146l_1_region	24477	11610	0.47	0	2
ptg009148l_1	180501	876929	4.86	0	15
ptg009148l_1_region	180501	876929	4.86	0	15
ptg009150l_1	29270	54285	1.85	0	14
ptg009150l_1_region	29270	54285	1.85	0	14
ptg009152l_1	158770	993523	6.26	0	22
ptg009152l_1_region	158770	993523	6.26	0	22
ptg009155l_1	368835	1295339	3.51	0	14
ptg009155l_1_region	368835	1295339	3.51	0	14
ptg009156l_1	37502	408001	10.88	1	33
ptg009156l_1_region	37502	408001	10.88	1	33
ptg009158l_1	34499	249729	7.24	0	14
ptg009158l_1_region	34499	249729	7.24	0	14
ptg009159l_1	18847	106140	5.63	0	69
ptg009159l_1_region	18847	106140	5.63	0	69
ptg009160l_1	98159	538344	5.48	0	15
ptg009160l_1_region	98159	538344	5.48	0	15
ptg009161l_1	255501	1120880	4.39	0	14
ptg009161l_1_region	255501	1120880	4.39	0	14
ptg009164l_1	123798	844778	6.82	0	55
ptg009164l_1_region	123798	844778	6.82	0	55
ptg009165l_1	127483	639193	5.01	0	15
ptg009165l_1_region	127483	639193	5.01	0	15
ptg009166l_1	149917	830786	5.54	0	16
ptg009166l_1_region	149917	830786	5.54	0	16
ptg009167l_1	176100	991490	5.63	0	17
ptg009167l_1_region	176100	991490	5.63	0	17
ptg009171l_1	182400	717320	3.93	0	18
ptg009171l_1_region	182400	717320	3.93	0	18
ptg009175l_1	386544	1337495	3.46	0	23
ptg009175l_1_region	386544	1337495	3.46	0	23
ptg009176l_1	172696	57993	0.34	0	6
ptg009176l_1_region	172696	57993	0.34	0	6
ptg009178l_1	452017	1473935	3.26	0	24
ptg009178l_1_region	452017	1473935	3.26	0	24
ptg009182l_1	145638	514342	3.53	0	30
ptg009182l_1_region	145638	514342	3.53	0	30
ptg009183l_1	43210	359213	8.31	0	28
ptg009183l_1_region	43210	359213	8.31	0	28
ptg009188l_1	301770	704078	2.33	0	10
ptg009188l_1_region	301770	704078	2.33	0	10
ptg009189l_1	23111	142449	6.16	0	17
ptg009189l_1_region	23111	142449	6.16	0	17
ptg009192l_1	59521	213216	3.58	0	10
ptg009192l_1_region	59521	213216	3.58	0	10
ptg009194l_1	37085	118005	3.18	0	9
ptg009194l_1_region	37085	118005	3.18	0	9
ptg009198c_1	25107	88942	3.54	0	9
ptg009198c_1_region	25107	88942	3.54	0	9
ptg009199l_1	64445	212369	3.30	0	13
ptg009199l_1_region	64445	212369	3.30	0	13
ptg009203l_1	49778	205948	4.14	0	15
ptg009203l_1_region	49778	205948	4.14	0	15
ptg009205l_1	41975	135195	3.22	0	7
ptg009205l_1_region	41975	135195	3.22	0	7
ptg009206l_1	41766	86725	2.08	0	5
ptg009206l_1_region	41766	86725	2.08	0	5
ptg009207l_1	100381	617611	6.15	0	13
ptg009207l_1_region	100381	617611	6.15	0	13
ptg009208l_1	128402	550381	4.29	0	17
ptg009208l_1_region	128402	550381	4.29	0	17
ptg009209l_1	81205	400390	4.93	0	17
ptg009209l_1_region	81205	400390	4.93	0	17
ptg009210l_1	157324	751958	4.78	0	16
ptg009210l_1_region	157324	751958	4.78	0	16
ptg009222l_1	212732	1159849	5.45	0	18
ptg009222l_1_region	212732	1159849	5.45	0	18
ptg009226l_1	25218	21143	0.84	0	3
ptg009226l_1_region	25218	21143	0.84	0	3
ptg009227l_1	229470	9024670	39.33	0	274
ptg009227l_1_region	229470	9024670	39.33	0	274
ptg009230l_1	14883	64959	4.36	0	9
ptg009230l_1_region	14883	64959	4.36	0	9
ptg009234l_1	22446	100057	4.46	0	18
ptg009234l_1_region	22446	100057	4.46	0	18
ptg009239l_1	153117	1109313	7.24	0	18
ptg009239l_1_region	153117	1109313	7.24	0	18
ptg009240l_1	90911	482554	5.31	0	12
ptg009240l_1_region	90911	482554	5.31	0	12
ptg009242l_1	106316	729786	6.86	0	43
ptg009242l_1_region	106316	729786	6.86	0	43
ptg009245l_1	407100	2531887	6.22	0	44
ptg009245l_1_region	407100	2531887	6.22	0	44
ptg009248l_1	81578	376415	4.61	0	23
ptg009248l_1_region	81578	376415	4.61	0	23
ptg009250l_1	116899	783387	6.70	0	26
ptg009250l_1_region	116899	783387	6.70	0	26
ptg009251l_1	69654	386987	5.56	0	18
ptg009251l_1_region	69654	386987	5.56	0	18
ptg009253l_1	34449	174004	5.05	0	11
ptg009253l_1_region	34449	174004	5.05	0	11
ptg009255l_1	376248	2646768	7.03	0	18
ptg009255l_1_region	376248	2646768	7.03	0	18
ptg009257l_1	197888	1024120	5.18	0	16
ptg009257l_1_region	197888	1024120	5.18	0	16
ptg009258l_1	83114	325819	3.92	0	12
ptg009258l_1_region	83114	325819	3.92	0	12
ptg009261l_1	130206	896772	6.89	0	19
ptg009261l_1_region	130206	896772	6.89	0	19
ptg009262l_1	97506	655193	6.72	0	29
ptg009262l_1_region	97506	655193	6.72	0	29
ptg009263l_1	263612	1411050	5.35	0	20
ptg009263l_1_region	263612	1411050	5.35	0	20
ptg009271l_1	180621	517187	2.86	0	14
ptg009271l_1_region	180621	517187	2.86	0	14
ptg009276l_1	205205	599515	2.92	0	9
ptg009276l_1_region	205205	599515	2.92	0	9
ptg009279l_1	28848	218604	7.58	0	23
ptg009279l_1_region	28848	218604	7.58	0	23
ptg009281l_1	130297	166260	1.28	0	24
ptg009281l_1_region	130297	166260	1.28	0	24
ptg009284l_1	146764	3169865	21.60	0	92
ptg009284l_1_region	146764	3169865	21.60	0	92
ptg009285l_1	104596	3987168	38.12	0	598
ptg009285l_1_region	104596	3987168	38.12	0	598
ptg009291l_1	67434	290859	4.31	0	12
ptg009291l_1_region	67434	290859	4.31	0	12
ptg009293l_1	27598	208009	7.54	0	14
ptg009293l_1_region	27598	208009	7.54	0	14
ptg009296l_1	212854	682545	3.21	0	27
ptg009296l_1_region	212854	682545	3.21	0	27
ptg009299l_1	9263	61698	6.66	0	14
ptg009299l_1_region	9263	61698	6.66	0	14
ptg009300l_1	488189	3035992	6.22	0	22
ptg009300l_1_region	488189	3035992	6.22	0	22
ptg009303l_1	44775	133410	2.98	0	9
ptg009303l_1_region	44775	133410	2.98	0	9
ptg009305l_1	38494	163518	4.25	0	13
ptg009305l_1_region	38494	163518	4.25	0	13
ptg009308l_1	72968	197832	2.71	0	8
ptg009308l_1_region	72968	197832	2.71	0	8
ptg009310l_1	251578	1117389	4.44	0	27
ptg009310l_1_region	251578	1117389	4.44	0	27
ptg009313l_1	707736	3311942	4.68	0	16
ptg009313l_1_region	707736	3311942	4.68	0	16
ptg009322l_1	52102	260372	5.00	0	26
ptg009322l_1_region	52102	260372	5.00	0	26
ptg009326l_1	737710	4206641	5.70	0	31
ptg009326l_1_region	737710	4206641	5.70	0	31
ptg009328l_1	41896	249402	5.95	0	17
ptg009328l_1_region	41896	249402	5.95	0	17
ptg009331l_1	31659	110667	3.50	0	9
ptg009331l_1_region	31659	110667	3.50	0	9
ptg009333l_1	15360	49578	3.23	0	9
ptg009333l_1_region	15360	49578	3.23	0	9
ptg009341l_1	196887	1847523	9.38	0	48
ptg009341l_1_region	196887	1847523	9.38	0	48
ptg009342l_1	262241	1871825	7.14	0	213
ptg009342l_1_region	262241	1871825	7.14	0	213
ptg009343l_1	36397	165020	4.53	0	20
ptg009343l_1_region	36397	165020	4.53	0	20
ptg009346l_1	202869	1034674	5.10	0	17
ptg009346l_1_region	202869	1034674	5.10	0	17
ptg009348l_1	261559	1170699	4.48	0	13
ptg009348l_1_region	261559	1170699	4.48	0	13
ptg009352l_1	74570	664828	8.92	0	331
ptg009352l_1_region	74570	664828	8.92	0	331
ptg009355l_1	43703	141168	3.23	0	9
ptg009355l_1_region	43703	141168	3.23	0	9
ptg009359l_1	19222	71880	3.74	0	9
ptg009359l_1_region	19222	71880	3.74	0	9
ptg009361l_1	90350	334763	3.71	0	23
ptg009361l_1_region	90350	334763	3.71	0	23
ptg009364l_1	176806	1357189	7.68	0	18
ptg009364l_1_region	176806	1357189	7.68	0	18
ptg009365l_1	926314	6889031	7.44	0	23
ptg009365l_1_region	926314	6889031	7.44	0	23
ptg009367l_1	122633	369098	3.01	0	10
ptg009367l_1_region	122633	369098	3.01	0	10
ptg009369l_1	106508	436127	4.09	0	16
ptg009369l_1_region	106508	436127	4.09	0	16
ptg009371l_1	130292	698252	5.36	0	13
ptg009371l_1_region	130292	698252	5.36	0	13
ptg009374l_1	162648	728697	4.48	0	18
ptg009374l_1_region	162648	728697	4.48	0	18
ptg009375l_1	388864	6400464	16.46	0	148
ptg009375l_1_region	388864	6400464	16.46	0	148
ptg009376l_1	48151	599007	12.44	0	37
ptg009376l_1_region	48151	599007	12.44	0	37
ptg009379l_1	126022	780655	6.19	0	18
ptg009379l_1_region	126022	780655	6.19	0	18
ptg009380l_1	189690	1092818	5.76	0	17
ptg009380l_1_region	189690	1092818	5.76	0	17
ptg009394l_1	281540	639648	2.27	0	26
ptg009394l_1_region	281540	639648	2.27	0	26
ptg009398l_1	232313	1263584	5.44	0	17
ptg009398l_1_region	232313	1263584	5.44	0	17
ptg009406l_1	64441	162494	2.52	0	8
ptg009406l_1_region	64441	162494	2.52	0	8
ptg009407l_1	323501	2477128	7.66	0	21
ptg009407l_1_region	323501	2477128	7.66	0	21
ptg009410l_1	1048599	5222411	4.98	0	25
ptg009410l_1_region	1048599	5222411	4.98	0	25
ptg009412l_1	50593	259965	5.14	0	13
ptg009412l_1_region	50593	259965	5.14	0	13
ptg009413l_1	113297	698930	6.17	0	26
ptg009413l_1_region	113297	698930	6.17	0	26
ptg009414l_1	145339	611093	4.20	0	13
ptg009414l_1_region	145339	611093	4.20	0	13
ptg009416l_1	83736	1688621	20.17	1	76
ptg009416l_1_region	83736	1688621	20.17	1	76
ptg009421l_1	76556	418005	5.46	0	27
ptg009421l_1_region	76556	418005	5.46	0	27
ptg009422l_1	192659	1131224	5.87	0	14
ptg009422l_1_region	192659	1131224	5.87	0	14
ptg009423l_1	21522	339260	15.76	0	32
ptg009423l_1_region	21522	339260	15.76	0	32
ptg009424l_1	256291	1937623	7.56	0	33
ptg009424l_1_region	256291	1937623	7.56	0	33
ptg009425l_1	112716	1056837	9.38	0	20
ptg009425l_1_region	112716	1056837	9.38	0	20
ptg009431l_1	305841	1844735	6.03	0	25
ptg009431l_1_region	305841	1844735	6.03	0	25
ptg009433l_1	28410	213248	7.51	0	12
ptg009433l_1_region	28410	213248	7.51	0	12
ptg009435l_1	510298	2979081	5.84	0	24
ptg009435l_1_region	510298	2979081	5.84	0	24
ptg009436l_1	75032	381057	5.08	0	19
ptg009436l_1_region	75032	381057	5.08	0	19
ptg009437l_1	413677	1609541	3.89	0	17
ptg009437l_1_region	413677	1609541	3.89	0	17
ptg009438l_1	17863	65669	3.68	0	61
ptg009438l_1_region	17863	65669	3.68	0	61
ptg009439l_1	160483	16962271	105.70	0	765
ptg009439l_1_region	160483	16962271	105.70	0	765
ptg009443l_1	74594	555958	7.45	0	17
ptg009443l_1_region	74594	555958	7.45	0	17
ptg009444l_1	77719	350156	4.51	0	11
ptg009444l_1_region	77719	350156	4.51	0	11
ptg009448l_1	186375	1004074	5.39	0	18
ptg009448l_1_region	186375	1004074	5.39	0	18
ptg009453l_1	105590	365038	3.46	0	12
ptg009453l_1_region	105590	365038	3.46	0	12
ptg009454l_1	1092295	6292846	5.76	0	40
ptg009454l_1_region	1092295	6292846	5.76	0	40
ptg009460l_1	40323	181527	4.50	0	10
ptg009460l_1_region	40323	181527	4.50	0	10
ptg009461l_1	17108	34914	2.04	0	5
ptg009461l_1_region	17108	34914	2.04	0	5
ptg009462l_1	179755	719544	4.00	0	15
ptg009462l_1_region	179755	719544	4.00	0	15
ptg009463l_1	34597	102864	2.97	0	8
ptg009463l_1_region	34597	102864	2.97	0	8
ptg009464l_1	171234	855493	5.00	0	21
ptg009464l_1_region	171234	855493	5.00	0	21
ptg009472l_1	91957	397829	4.33	0	11
ptg009472l_1_region	91957	397829	4.33	0	11
ptg009475l_1	61958	284147	4.59	0	12
ptg009475l_1_region	61958	284147	4.59	0	12
ptg009476l_1	19923	22446	1.13	0	6
ptg009476l_1_region	19923	22446	1.13	0	6
ptg009481l_1	49469	237367	4.80	0	25
ptg009481l_1_region	49469	237367	4.80	0	25
ptg009482l_1	79212	427450	5.40	0	11
ptg009482l_1_region	79212	427450	5.40	0	11
ptg009483l_1	203831	1295198	6.35	0	28
ptg009483l_1_region	203831	1295198	6.35	0	28
ptg009484l_1	85834	410583	4.78	0	43
ptg009484l_1_region	85834	410583	4.78	0	43
ptg009485l_1	59482	199962	3.36	0	9
ptg009485l_1_region	59482	199962	3.36	0	9
ptg009491l_1	20402	41102	2.01	0	11
ptg009491l_1_region	20402	41102	2.01	0	11
ptg009493l_1	203040	661399	3.26	0	59
ptg009493l_1_region	203040	661399	3.26	0	59
ptg009494l_1	155732	1007322	6.47	0	19
ptg009494l_1_region	155732	1007322	6.47	0	19
ptg009497l_1	93366	527810	5.65	0	17
ptg009497l_1_region	93366	527810	5.65	0	17
ptg009498l_1	213234	1102464	5.17	0	13
ptg009498l_1_region	213234	1102464	5.17	0	13
ptg009505l_1	580862	4816861	8.29	0	54
ptg009505l_1_region	580862	4816861	8.29	0	54
ptg009506l_1	875717	4836670	5.52	0	24
ptg009506l_1_region	875717	4836670	5.52	0	24
ptg009509l_1	83894	359536	4.29	0	12
ptg009509l_1_region	83894	359536	4.29	0	12
ptg009510l_1	369355	1529867	4.14	0	33
ptg009510l_1_region	369355	1529867	4.14	0	33
ptg009511l_1	258077	2060884	7.99	0	40
ptg009511l_1_region	258077	2060884	7.99	0	40
ptg009512l_1	303620	2764342	9.10	0	37
ptg009512l_1_region	303620	2764342	9.10	0	37
ptg009513l_1	2424299	10067666	4.15	0	23
ptg009513l_1_region	2424299	10067666	4.15	0	23
ptg009515l_1	87665	446205	5.09	0	17
ptg009515l_1_region	87665	446205	5.09	0	17
ptg009521l_1	273526	1576361	5.76	0	16
ptg009521l_1_region	273526	1576361	5.76	0	16
ptg009524l_1	231693	2654092	11.46	0	37
ptg009524l_1_region	231693	2654092	11.46	0	37
ptg009526l_1	161251	1178542	7.31	0	20
ptg009526l_1_region	161251	1178542	7.31	0	20
ptg009527l_1	308312	1862325	6.04	0	35
ptg009527l_1_region	308312	1862325	6.04	0	35
ptg009530l_1	59208	250201	4.23	0	19
ptg009530l_1_region	59208	250201	4.23	0	19
ptg009531l_1	44984	321199	7.14	0	15
ptg009531l_1_region	44984	321199	7.14	0	15
ptg009533l_1	24641	44973	1.83	0	5
ptg009533l_1_region	24641	44973	1.83	0	5
ptg009534l_1	79712	298683	3.75	0	12
ptg009534l_1_region	79712	298683	3.75	0	12
ptg009535l_1	48832	226606	4.64	0	13
ptg009535l_1_region	48832	226606	4.64	0	13
ptg009536l_1	127941	526781	4.12	0	54
ptg009536l_1_region	127941	526781	4.12	0	54
ptg009537l_1	249693	956952	3.83	0	51
ptg009537l_1_region	249693	956952	3.83	0	51
ptg009539l_1	85461	905555	10.60	0	34
ptg009539l_1_region	85461	905555	10.60	0	34
ptg009540l_1	100602	357439	3.55	0	11
ptg009540l_1_region	100602	357439	3.55	0	11
ptg009541l_1	46650	293541	6.29	0	15
ptg009541l_1_region	46650	293541	6.29	0	15
ptg009542l_1	53152	147277	2.77	0	16
ptg009542l_1_region	53152	147277	2.77	0	16
ptg009543l_1	177784	465524	2.62	0	12
ptg009543l_1_region	177784	465524	2.62	0	12
ptg009544l_1	102665	549378	5.35	0	16
ptg009544l_1_region	102665	549378	5.35	0	16
ptg009545l_1	42556	127661	3.00	0	10
ptg009545l_1_region	42556	127661	3.00	0	10
ptg009546l_1	116260	554448	4.77	0	14
ptg009546l_1_region	116260	554448	4.77	0	14
ptg009547l_1	138247	786733	5.69	0	16
ptg009547l_1_region	138247	786733	5.69	0	16
ptg009548l_1	22027	103764	4.71	0	10
ptg009548l_1_region	22027	103764	4.71	0	10
ptg009551l_1	52089	257242	4.94	0	11
ptg009551l_1_region	52089	257242	4.94	0	11
ptg009552l_1	20480	64130	3.13	0	12
ptg009552l_1_region	20480	64130	3.13	0	12
ptg009553l_1	100640	602626	5.99	0	13
ptg009553l_1_region	100640	602626	5.99	0	13
ptg009558l_1	271334	1032890	3.81	0	19
ptg009558l_1_region	271334	1032890	3.81	0	19
ptg009559l_1	110317	571538	5.18	0	12
ptg009559l_1_region	110317	571538	5.18	0	12
ptg009563l_1	114814	637348	5.55	0	11
ptg009563l_1_region	114814	637348	5.55	0	11
ptg009567l_1	6879	4815	0.70	0	1
ptg009567l_1_region	6879	4815	0.70	0	1
ptg009571l_1	300473	17152099	57.08	1	238
ptg009571l_1_region	300473	17152099	57.08	1	238
ptg009574l_1	236709	1240682	5.24	0	58
ptg009574l_1_region	236709	1240682	5.24	0	58
ptg009575l_1	53294	208766	3.92	0	16
ptg009575l_1_region	53294	208766	3.92	0	16
ptg009576l_1	301819	2264544	7.50	0	31
ptg009576l_1_region	301819	2264544	7.50	0	31
ptg009577l_1	56342	261529	4.64	0	19
ptg009577l_1_region	56342	261529	4.64	0	19
ptg009582l_1	28663	120603	4.21	0	8
ptg009582l_1_region	28663	120603	4.21	0	8
ptg009588l_1	68279	325207	4.76	0	12
ptg009588l_1_region	68279	325207	4.76	0	12
ptg009592l_1	112632	667345	5.93	0	33
ptg009592l_1_region	112632	667345	5.93	0	33
ptg009593l_1	225472	1015122	4.50	0	13
ptg009593l_1_region	225472	1015122	4.50	0	13
ptg009598l_1	66062	175797	2.66	0	9
ptg009598l_1_region	66062	175797	2.66	0	9
ptg009602l_1	102028	248926	2.44	0	9
ptg009602l_1_region	102028	248926	2.44	0	9
ptg009603l_1	89814	561346	6.25	0	16
ptg009603l_1_region	89814	561346	6.25	0	16
ptg009605l_1	82989	296443	3.57	0	8
ptg009605l_1_region	82989	296443	3.57	0	8
ptg009606l_1	63999	244518	3.82	0	9
ptg009606l_1_region	63999	244518	3.82	0	9
ptg009609l_1	49370	118637	2.40	0	8
ptg009609l_1_region	49370	118637	2.40	0	8
ptg009610l_1	229700	1225167	5.33	0	26
ptg009610l_1_region	229700	1225167	5.33	0	26
ptg009617l_1	11333	17335	1.53	0	4
ptg009617l_1_region	11333	17335	1.53	0	4
ptg009618l_1	143754	814134	5.66	0	25
ptg009618l_1_region	143754	814134	5.66	0	25
ptg009622l_1	255802	2813583	11.00	0	95
ptg009622l_1_region	255802	2813583	11.00	0	95
ptg009624l_1	11654	76001	6.52	0	15
ptg009624l_1_region	11654	76001	6.52	0	15
ptg009627l_1	83572	373398	4.47	0	13
ptg009627l_1_region	83572	373398	4.47	0	13
ptg009630l_1	82720	675233	8.16	0	18
ptg009630l_1_region	82720	675233	8.16	0	18
ptg009631l_1	302530	2398581	7.93	0	31
ptg009631l_1_region	302530	2398581	7.93	0	31
ptg009635l_1	11442	133371	11.66	7	15
ptg009635l_1_region	11442	133371	11.66	7	15
ptg009636l_1	19501	46609	2.39	0	6
ptg009636l_1_region	19501	46609	2.39	0	6
ptg009638l_1	289453	1535957	5.31	0	15
ptg009638l_1_region	289453	1535957	5.31	0	15
ptg009639l_1	241875	993312	4.11	0	12
ptg009639l_1_region	241875	993312	4.11	0	12
ptg009640l_1	61762	255574	4.14	0	11
ptg009640l_1_region	61762	255574	4.14	0	11
ptg009642l_1	51652	207802	4.02	0	10
ptg009642l_1_region	51652	207802	4.02	0	10
ptg009649l_1	307614	1260768	4.10	0	24
ptg009649l_1_region	307614	1260768	4.10	0	24
ptg009654l_1	252442	2551501	10.11	0	28
ptg009654l_1_region	252442	2551501	10.11	0	28
ptg009659l_1	61820	431547	6.98	0	34
ptg009659l_1_region	61820	431547	6.98	0	34
ptg009668l_1	155371	457072	2.94	0	19
ptg009668l_1_region	155371	457072	2.94	0	19
ptg009672l_1	33215	175186	5.27	0	13
ptg009672l_1_region	33215	175186	5.27	0	13
ptg009680l_1	11534	24489	2.12	0	5
ptg009680l_1_region	11534	24489	2.12	0	5
ptg009681l_1	45367	98711	2.18	0	7
ptg009681l_1_region	45367	98711	2.18	0	7
ptg009684l_1	323758	6352044	19.62	0	356
ptg009684l_1_region	323758	6352044	19.62	0	356
ptg009685l_1	40271	75846	1.88	0	8
ptg009685l_1_region	40271	75846	1.88	0	8
ptg009687l_1	64667	214668	3.32	0	14
ptg009687l_1_region	64667	214668	3.32	0	14
ptg009693l_1	140321	732940	5.22	0	15
ptg009693l_1_region	140321	732940	5.22	0	15
ptg009694l_1	198018	836354	4.22	0	15
ptg009694l_1_region	198018	836354	4.22	0	15
ptg009695l_1	20398	64107	3.14	0	9
ptg009695l_1_region	20398	64107	3.14	0	9
ptg009697l_1	25090	33913	1.35	0	3
ptg009697l_1_region	25090	33913	1.35	0	3
ptg009698l_1	108240	474774	4.39	0	27
ptg009698l_1_region	108240	474774	4.39	0	27
ptg009701l_1	20243	64692	3.20	0	7
ptg009701l_1_region	20243	64692	3.20	0	7
ptg009702l_1	142373	901661	6.33	0	17
ptg009702l_1_region	142373	901661	6.33	0	17
ptg009704l_1	93014	1319540	14.19	0	60
ptg009704l_1_region	93014	1319540	14.19	0	60
ptg009707l_1	62459	248473	3.98	0	10
ptg009707l_1_region	62459	248473	3.98	0	10
ptg009709l_1	326973	2630238	8.04	0	61
ptg009709l_1_region	326973	2630238	8.04	0	61
ptg009713l_1	18504	118775	6.42	0	12
ptg009713l_1_region	18504	118775	6.42	0	12
ptg009714l_1	79714	196144	2.46	0	6
ptg009714l_1_region	79714	196144	2.46	0	6
ptg009715l_1	175791	944231	5.37	0	48
ptg009715l_1_region	175791	944231	5.37	0	48
ptg009718l_1	59726	334963	5.61	0	13
ptg009718l_1_region	59726	334963	5.61	0	13
ptg009720l_1	162463	18718165	115.21	0	2257
ptg009720l_1_region	162463	18718165	115.21	0	2257
ptg009724l_1	230549	2079134	9.02	0	37
ptg009724l_1_region	230549	2079134	9.02	0	37
ptg009726l_1	226585	1071163	4.73	0	17
ptg009726l_1_region	226585	1071163	4.73	0	17
ptg009727l_1	60326	226028	3.75	0	26
ptg009727l_1_region	60326	226028	3.75	0	26
ptg009737l_1	168741	478801	2.84	0	70
ptg009737l_1_region	168741	478801	2.84	0	70
ptg009740l_1	381092	2156376	5.66	0	27
ptg009740l_1_region	381092	2156376	5.66	0	27
ptg009741l_1	390616	148300	0.38	0	17
ptg009741l_1_region	390616	148300	0.38	0	17
ptg009743l_1	87468	345964	3.96	0	14
ptg009743l_1_region	87468	345964	3.96	0	14
ptg009746l_1	72792	364337	5.01	0	12
ptg009746l_1_region	72792	364337	5.01	0	12
ptg009747l_1	114291	1251522	10.95	0	97
ptg009747l_1_region	114291	1251522	10.95	0	97
ptg009751l_1	30386	90984	2.99	0	7
ptg009751l_1_region	30386	90984	2.99	0	7
ptg009753l_1	184476	1253216	6.79	0	25
ptg009753l_1_region	184476	1253216	6.79	0	25
ptg009754l_1	72882	217756	2.99	0	17
ptg009754l_1_region	72882	217756	2.99	0	17
ptg009756l_1	20767	36902	1.78	0	9
ptg009756l_1_region	20767	36902	1.78	0	9
ptg009757l_1	54011	548289	10.15	0	23
ptg009757l_1_region	54011	548289	10.15	0	23
ptg009758l_1	63250	271530	4.29	0	13
ptg009758l_1_region	63250	271530	4.29	0	13
ptg009769l_1	31409	170657	5.43	0	29
ptg009769l_1_region	31409	170657	5.43	0	29
ptg009770l_1	123386	733058	5.94	0	17
ptg009770l_1_region	123386	733058	5.94	0	17
ptg009778l_1	248998	2284204	9.17	0	61
ptg009778l_1_region	248998	2284204	9.17	0	61
ptg009784l_1	49737	200403	4.03	0	13
ptg009784l_1_region	49737	200403	4.03	0	13
ptg009785l_1	230419	1190875	5.17	0	21
ptg009785l_1_region	230419	1190875	5.17	0	21
ptg009790l_1	28774	157521	5.47	0	13
ptg009790l_1_region	28774	157521	5.47	0	13
ptg009792l_1	183740	919351	5.00	0	118
ptg009792l_1_region	183740	919351	5.00	0	118
ptg009793l_1	61873	356721	5.77	0	25
ptg009793l_1_region	61873	356721	5.77	0	25
ptg009796l_1	45747	203590	4.45	0	12
ptg009796l_1_region	45747	203590	4.45	0	12
ptg009798l_1	179509	673522	3.75	0	9
ptg009798l_1_region	179509	673522	3.75	0	9
ptg009801l_1	60651	216660	3.57	0	12
ptg009801l_1_region	60651	216660	3.57	0	12
ptg009802l_1	258707	1851259	7.16	0	17
ptg009802l_1_region	258707	1851259	7.16	0	17
ptg009813l_1	182090	1304923	7.17	0	78
ptg009813l_1_region	182090	1304923	7.17	0	78
ptg009814l_1	275300	1382539	5.02	0	12
ptg009814l_1_region	275300	1382539	5.02	0	12
ptg009816l_1	185621	752848	4.06	0	17
ptg009816l_1_region	185621	752848	4.06	0	17
ptg009819l_1	127024	601868	4.74	0	18
ptg009819l_1_region	127024	601868	4.74	0	18
ptg009820l_1	588076	4410401	7.50	0	127
ptg009820l_1_region	588076	4410401	7.50	0	127
ptg009825l_1	14943	22898	1.53	0	4
ptg009825l_1_region	14943	22898	1.53	0	4
ptg009826l_1	21911	38536	1.76	0	4
ptg009826l_1_region	21911	38536	1.76	0	4
ptg009829l_1	227779	645530	2.83	0	12
ptg009829l_1_region	227779	645530	2.83	0	12
ptg009830l_1	412552	3087862	7.48	0	27
ptg009830l_1_region	412552	3087862	7.48	0	27
ptg009831l_1	16000	147131	9.20	0	58
ptg009831l_1_region	16000	147131	9.20	0	58
ptg009840l_1	158910	861285	5.42	0	21
ptg009840l_1_region	158910	861285	5.42	0	21
ptg009843l_1	142517	534320	3.75	0	11
ptg009843l_1_region	142517	534320	3.75	0	11
ptg009844l_1	261763	1295455	4.95	0	17
ptg009844l_1_region	261763	1295455	4.95	0	17
ptg009847l_1	143409	723496	5.04	0	13
ptg009847l_1_region	143409	723496	5.04	0	13
ptg009848l_1	66667	568699	8.53	0	87
ptg009848l_1_region	66667	568699	8.53	0	87
ptg009853l_1	249179	846778	3.40	0	19
ptg009853l_1_region	249179	846778	3.40	0	19
ptg009854l_1	123254	695295	5.64	0	16
ptg009854l_1_region	123254	695295	5.64	0	16
ptg009856l_1	26117	236555	9.06	0	49
ptg009856l_1_region	26117	236555	9.06	0	49
ptg009858l_1	158678	953863	6.01	0	15
ptg009858l_1_region	158678	953863	6.01	0	15
ptg009859l_1	134107	953571	7.11	0	26
ptg009859l_1_region	134107	953571	7.11	0	26
ptg009861l_1	131045	591463	4.51	0	9
ptg009861l_1_region	131045	591463	4.51	0	9
ptg009863l_1	130942	653609	4.99	0	18
ptg009863l_1_region	130942	653609	4.99	0	18
ptg009867l_1	50728	267098	5.27	0	16
ptg009867l_1_region	50728	267098	5.27	0	16
ptg009868l_1	34789	126199	3.63	0	8
ptg009868l_1_region	34789	126199	3.63	0	8
ptg009869l_1	165139	923922	5.59	0	15
ptg009869l_1_region	165139	923922	5.59	0	15
ptg009870l_1	114703	502594	4.38	0	17
ptg009870l_1_region	114703	502594	4.38	0	17
ptg009871l_1	221186	941838	4.26	0	18
ptg009871l_1_region	221186	941838	4.26	0	18
ptg009872l_1	35443	98723	2.79	0	8
ptg009872l_1_region	35443	98723	2.79	0	8
ptg009873l_1	37550	233234	6.21	0	14
ptg009873l_1_region	37550	233234	6.21	0	14
ptg009874l_1	95095	398761	4.19	0	15
ptg009874l_1_region	95095	398761	4.19	0	15
ptg009875l_1	63827	319236	5.00	0	14
ptg009875l_1_region	63827	319236	5.00	0	14
ptg009878l_1	128083	299058	2.33	0	9
ptg009878l_1_region	128083	299058	2.33	0	9
ptg009879l_1	178844	958386	5.36	0	16
ptg009879l_1_region	178844	958386	5.36	0	16
ptg009880l_1	64711	317066	4.90	0	22
ptg009880l_1_region	64711	317066	4.90	0	22
ptg009881l_1	50977	191907	3.76	0	53
ptg009881l_1_region	50977	191907	3.76	0	53
ptg009884l_1	33314	173382	5.20	0	11
ptg009884l_1_region	33314	173382	5.20	0	11
ptg009886l_1	12033	30830	2.56	0	5
ptg009886l_1_region	12033	30830	2.56	0	5
ptg009890l_1	57841	177270	3.06	0	12
ptg009890l_1_region	57841	177270	3.06	0	12
ptg009901l_1	125872	435324	3.46	0	11
ptg009901l_1_region	125872	435324	3.46	0	11
ptg009902l_1	88898	380776	4.28	0	18
ptg009902l_1_region	88898	380776	4.28	0	18
ptg009903l_1	78902	426473	5.41	0	35
ptg009903l_1_region	78902	426473	5.41	0	35
ptg009904l_1	56593	259764	4.59	0	11
ptg009904l_1_region	56593	259764	4.59	0	11
ptg009908l_1	33148	131929	3.98	0	11
ptg009908l_1_region	33148	131929	3.98	0	11
ptg009909l_1	77713	358902	4.62	0	12
ptg009909l_1_region	77713	358902	4.62	0	12
ptg009913l_1	68822	277601	4.03	0	15
ptg009913l_1_region	68822	277601	4.03	0	15
ptg009914l_1	104946	848404	8.08	0	25
ptg009914l_1_region	104946	848404	8.08	0	25
ptg009919l_1	250294	1034594	4.13	0	12
ptg009919l_1_region	250294	1034594	4.13	0	12
ptg009927l_1	421664	2611716	6.19	0	14
ptg009927l_1_region	421664	2611716	6.19	0	14
ptg009929l_1	98031	482253	4.92	0	38
ptg009929l_1_region	98031	482253	4.92	0	38
ptg009932l_1	26500	102689	3.88	0	11
ptg009932l_1_region	26500	102689	3.88	0	11
ptg009935l_1	175859	835725	4.75	0	16
ptg009935l_1_region	175859	835725	4.75	0	16
ptg009936l_1	37438	92762	2.48	0	8
ptg009936l_1_region	37438	92762	2.48	0	8
ptg009940l_1	146956	668328	4.55	0	27
ptg009940l_1_region	146956	668328	4.55	0	27
ptg009943l_1	50611	292736	5.78	0	15
ptg009943l_1_region	50611	292736	5.78	0	15
ptg009946l_1	145349	1076259	7.40	0	26
ptg009946l_1_region	145349	1076259	7.40	0	26
ptg009948l_1	109943	382321	3.48	0	9
ptg009948l_1_region	109943	382321	3.48	0	9
ptg009949l_1	405522	3068246	7.57	0	19
ptg009949l_1_region	405522	3068246	7.57	0	19
ptg009950l_1	12667	19797	1.56	0	2
ptg009950l_1_region	12667	19797	1.56	0	2
ptg009955l_1	55315	312365	5.65	0	15
ptg009955l_1_region	55315	312365	5.65	0	15
ptg009956l_1	51854	152310	2.94	0	25
ptg009956l_1_region	51854	152310	2.94	0	25
ptg009969l_1	213789	725828	3.40	0	12
ptg009969l_1_region	213789	725828	3.40	0	12
ptg009970l_1	285603	1212716	4.25	0	15
ptg009970l_1_region	285603	1212716	4.25	0	15
ptg009971l_1	69150	445079	6.44	0	20
ptg009971l_1_region	69150	445079	6.44	0	20
ptg009973l_1	58894	171428	2.91	0	12
ptg009973l_1_region	58894	171428	2.91	0	12
ptg009975l_1	47091	394305	8.37	0	19
ptg009975l_1_region	47091	394305	8.37	0	19
ptg009976l_1	82156	169715	2.07	0	6
ptg009976l_1_region	82156	169715	2.07	0	6
ptg009977l_1	52364	185407	3.54	0	11
ptg009977l_1_region	52364	185407	3.54	0	11
ptg009981l_1	11187	47590	4.25	0	8
ptg009981l_1_region	11187	47590	4.25	0	8
ptg009983l_1	50349	373638	7.42	0	44
ptg009983l_1_region	50349	373638	7.42	0	44
ptg009986l_1	95539	382629	4.00	0	12
ptg009986l_1_region	95539	382629	4.00	0	12
ptg009987l_1	94253	340555	3.61	0	9
ptg009987l_1_region	94253	340555	3.61	0	9
ptg009989l_1	995693	7669395	7.70	0	43
ptg009989l_1_region	995693	7669395	7.70	0	43
ptg009993l_1	18000	80471	4.47	0	9
ptg009993l_1_region	18000	80471	4.47	0	9
ptg010000l_1	291700	1810223	6.21	0	19
ptg010000l_1_region	291700	1810223	6.21	0	19
ptg010006l_1	16556	16805	1.02	0	3
ptg010006l_1_region	16556	16805	1.02	0	3
ptg010008l_1	138081	596230	4.32	0	14
ptg010008l_1_region	138081	596230	4.32	0	14
ptg010010l_1	16910	49936	2.95	0	5
ptg010010l_1_region	16910	49936	2.95	0	5
ptg010012l_1	119905	647424	5.40	0	30
ptg010012l_1_region	119905	647424	5.40	0	30
ptg010014l_1	113413	712056	6.28	0	18
ptg010014l_1_region	113413	712056	6.28	0	18
ptg010015l_1	29788	145201	4.87	0	14
ptg010015l_1_region	29788	145201	4.87	0	14
ptg010016l_1	100269	1217313	12.14	0	35
ptg010016l_1_region	100269	1217313	12.14	0	35
ptg010018l_1	72995	526623	7.21	0	19
ptg010018l_1_region	72995	526623	7.21	0	19
ptg010021l_1	234819	1666920	7.10	0	27
ptg010021l_1_region	234819	1666920	7.10	0	27
ptg010022l_1	28767	39445	1.37	0	4
ptg010022l_1_region	28767	39445	1.37	0	4
ptg010025l_1	34421	117023	3.40	0	23
ptg010025l_1_region	34421	117023	3.40	0	23
ptg010026l_1	12942	6568	0.51	0	2
ptg010026l_1_region	12942	6568	0.51	0	2
ptg010027l_1	243340	1582239	6.50	0	17
ptg010027l_1_region	243340	1582239	6.50	0	17
ptg010028l_1	27997	112732	4.03	0	15
ptg010028l_1_region	27997	112732	4.03	0	15
ptg010033l_1	228742	1254151	5.48	0	21
ptg010033l_1_region	228742	1254151	5.48	0	21
ptg010034l_1	347539	1332384	3.83	0	14
ptg010034l_1_region	347539	1332384	3.83	0	14
ptg010036l_1	135824	606119	4.46	0	14
ptg010036l_1_region	135824	606119	4.46	0	14
ptg010037l_1	538184	3089960	5.74	0	41
ptg010037l_1_region	538184	3089960	5.74	0	41
ptg010038l_1	21639	115844	5.35	0	16
ptg010038l_1_region	21639	115844	5.35	0	16
ptg010039l_1	107747	956771	8.88	0	67
ptg010039l_1_region	107747	956771	8.88	0	67
ptg010044l_1	88340	398957	4.52	0	10
ptg010044l_1_region	88340	398957	4.52	0	10
ptg010046l_1	48602	415261	8.54	0	17
ptg010046l_1_region	48602	415261	8.54	0	17
ptg010047l_1	81790	231838	2.83	0	19
ptg010047l_1_region	81790	231838	2.83	0	19
ptg010048l_1	163925	2295679	14.00	0	118
ptg010048l_1_region	163925	2295679	14.00	0	118
ptg010053l_1	11275	14464	1.28	0	3
ptg010053l_1_region	11275	14464	1.28	0	3
ptg010054l_1	145308	432209	2.97	0	11
ptg010054l_1_region	145308	432209	2.97	0	11
ptg010055l_1	34596	155109	4.48	0	10
ptg010055l_1_region	34596	155109	4.48	0	10
ptg010058l_1	16452	74697	4.54	0	10
ptg010058l_1_region	16452	74697	4.54	0	10
ptg010059l_1	35112	213526	6.08	0	22
ptg010059l_1_region	35112	213526	6.08	0	22
ptg010061l_1	37646	118445	3.15	0	16
ptg010061l_1_region	37646	118445	3.15	0	16
ptg010063l_1	106736	547531	5.13	0	34
ptg010063l_1_region	106736	547531	5.13	0	34
ptg010064l_1	13233	196295	14.83	0	22
ptg010064l_1_region	13233	196295	14.83	0	22
ptg010071l_1	20129	94061	4.67	0	11
ptg010071l_1_region	20129	94061	4.67	0	11
ptg010072l_1	119357	402015	3.37	0	11
ptg010072l_1_region	119357	402015	3.37	0	11
ptg010076l_1	103573	668851	6.46	0	28
ptg010076l_1_region	103573	668851	6.46	0	28
ptg010077l_1	631931	6088512	9.63	0	241
ptg010077l_1_region	631931	6088512	9.63	0	241
ptg010081l_1	31339	75305	2.40	0	8
ptg010081l_1_region	31339	75305	2.40	0	8
ptg010087l_1	17806	173	0.01	0	1
ptg010087l_1_region	17806	173	0.01	0	1
ptg010088l_1	392444	1371900	3.50	0	14
ptg010088l_1_region	392444	1371900	3.50	0	14
ptg010091l_1	94446	404652	4.28	0	54
ptg010091l_1_region	94446	404652	4.28	0	54
ptg010096l_1	42032	113952	2.71	0	7
ptg010096l_1_region	42032	113952	2.71	0	7
ptg010099l_1	259158	1593034	6.15	0	27
ptg010099l_1_region	259158	1593034	6.15	0	27
ptg010102l_1	128540	790413	6.15	0	35
ptg010102l_1_region	128540	790413	6.15	0	35
ptg010107l_1	315525	1586324	5.03	0	30
ptg010107l_1_region	315525	1586324	5.03	0	30
ptg010108l_1	57441	276556	4.81	0	11
ptg010108l_1_region	57441	276556	4.81	0	11
ptg010110l_1	214674	1198965	5.59	0	23
ptg010110l_1_region	214674	1198965	5.59	0	23
ptg010111l_1	52806	215477	4.08	0	9
ptg010111l_1_region	52806	215477	4.08	0	9
ptg010113l_1	294221	1324712	4.50	0	30
ptg010113l_1_region	294221	1324712	4.50	0	30
ptg010117l_1	74651	519165	6.95	0	15
ptg010117l_1_region	74651	519165	6.95	0	15
ptg010120l_1	38434	172840	4.50	0	13
ptg010120l_1_region	38434	172840	4.50	0	13
ptg010122l_1	29254	158385	5.41	0	12
ptg010122l_1_region	29254	158385	5.41	0	12
ptg010123l_1	234277	1198192	5.11	0	25
ptg010123l_1_region	234277	1198192	5.11	0	25
ptg010124l_1	27944	69413	2.48	0	5
ptg010124l_1_region	27944	69413	2.48	0	5
ptg010135l_1	78217	287285	3.67	0	14
ptg010135l_1_region	78217	287285	3.67	0	14
ptg010138l_1	84241	370175	4.39	0	15
ptg010138l_1_region	84241	370175	4.39	0	15
ptg010144l_1	185131	501531	2.71	0	11
ptg010144l_1_region	185131	501531	2.71	0	11
ptg010148l_1	27696	126349	4.56	0	9
ptg010148l_1_region	27696	126349	4.56	0	9
ptg010152l_1	25780	213468	8.28	0	18
ptg010152l_1_region	25780	213468	8.28	0	18
ptg010154l_1	84623	341706	4.04	0	15
ptg010154l_1_region	84623	341706	4.04	0	15
ptg010155l_1	565073	2450110	4.34	0	16
ptg010155l_1_region	565073	2450110	4.34	0	16
ptg010157l_1	36138	133585	3.70	0	42
ptg010157l_1_region	36138	133585	3.70	0	42
ptg010158l_1	238013	1157224	4.86	0	16
ptg010158l_1_region	238013	1157224	4.86	0	16
ptg010164l_1	84875	333437	3.93	0	13
ptg010164l_1_region	84875	333437	3.93	0	13
ptg010167l_1	321483	13477356	41.92	0	265
ptg010167l_1_region	321483	13477356	41.92	0	265
ptg010172l_1	139761	479122	3.43	0	9
ptg010172l_1_region	139761	479122	3.43	0	9
ptg010175l_1	60550	293472	4.85	0	14
ptg010175l_1_region	60550	293472	4.85	0	14
ptg010189l_1	9024	4080	0.45	0	1
ptg010189l_1_region	9024	4080	0.45	0	1
ptg010191l_1	1209973	845419	0.70	0	8
ptg010191l_1_region	1209973	845419	0.70	0	8
ptg010192l_1	132455	1463840	11.05	0	50
ptg010192l_1_region	132455	1463840	11.05	0	50
ptg010194l_1	95683	833472	8.71	0	24
ptg010194l_1_region	95683	833472	8.71	0	24
ptg010195l_1	334967	1711416	5.11	0	18
ptg010195l_1_region	334967	1711416	5.11	0	18
ptg010196l_1	185130	332061	1.79	0	9
ptg010196l_1_region	185130	332061	1.79	0	9
ptg010199l_1	125308	511864	4.08	0	12
ptg010199l_1_region	125308	511864	4.08	0	12
ptg010200l_1	235392	1770400	7.52	0	25
ptg010200l_1_region	235392	1770400	7.52	0	25
ptg010201l_1	127848	514655	4.03	0	13
ptg010201l_1_region	127848	514655	4.03	0	13
ptg010214l_1	90997	327478	3.60	0	21
ptg010214l_1_region	90997	327478	3.60	0	21
ptg010216l_1	101975	507658	4.98	0	13
ptg010216l_1_region	101975	507658	4.98	0	13
ptg010217l_1	56986	273383	4.80	0	9
ptg010217l_1_region	56986	273383	4.80	0	9
ptg010218l_1	97347	309109	3.18	0	16
ptg010218l_1_region	97347	309109	3.18	0	16
ptg010223l_1	84042	469296	5.58	0	14
ptg010223l_1_region	84042	469296	5.58	0	14
ptg010227l_1	33497	126365	3.77	0	9
ptg010227l_1_region	33497	126365	3.77	0	9
ptg010230l_1	71513	247641	3.46	0	21
ptg010230l_1_region	71513	247641	3.46	0	21
ptg010239l_1	115203	350804	3.05	0	20
ptg010239l_1_region	115203	350804	3.05	0	20
ptg010241l_1	23249	123059	5.29	0	9
ptg010241l_1_region	23249	123059	5.29	0	9
ptg010243l_1	295613	2235617	7.56	0	38
ptg010243l_1_region	295613	2235617	7.56	0	38
ptg010245l_1	538354	3059183	5.68	0	20
ptg010245l_1_region	538354	3059183	5.68	0	20
ptg010248l_1	378581	1984240	5.24	0	16
ptg010248l_1_region	378581	1984240	5.24	0	16
ptg010249l_1	82515	529791	6.42	0	18
ptg010249l_1_region	82515	529791	6.42	0	18
ptg010250l_1	49428	202366	4.09	0	12
ptg010250l_1_region	49428	202366	4.09	0	12
ptg010251l_1	167981	696845	4.15	0	15
ptg010251l_1_region	167981	696845	4.15	0	15
ptg010252l_1	73322	514092	7.01	0	21
ptg010252l_1_region	73322	514092	7.01	0	21
ptg010253l_1	118381	682662	5.77	0	19
ptg010253l_1_region	118381	682662	5.77	0	19
ptg010254l_1	16237	60431	3.72	0	9
ptg010254l_1_region	16237	60431	3.72	0	9
ptg010255l_1	44924	192604	4.29	0	19
ptg010255l_1_region	44924	192604	4.29	0	19
ptg010260l_1	105276	442377	4.20	0	16
ptg010260l_1_region	105276	442377	4.20	0	16
ptg010265l_1	22103	316288	14.31	0	39
ptg010265l_1_region	22103	316288	14.31	0	39
ptg010266l_1	184750	1097385	5.94	0	28
ptg010266l_1_region	184750	1097385	5.94	0	28
ptg010267l_1	58170	277579	4.77	0	13
ptg010267l_1_region	58170	277579	4.77	0	13
ptg010269l_1	160890	1172366	7.29	0	30
ptg010269l_1_region	160890	1172366	7.29	0	30
ptg010272l_1	35316	257684	7.30	0	28
ptg010272l_1_region	35316	257684	7.30	0	28
ptg010274l_1	97152	473793	4.88	0	21
ptg010274l_1_region	97152	473793	4.88	0	21
ptg010275l_1	84322	370797	4.40	0	42
ptg010275l_1_region	84322	370797	4.40	0	42
ptg010276l_1	41392	190556	4.60	0	8
ptg010276l_1_region	41392	190556	4.60	0	8
ptg010278l_1	72962	364764	5.00	0	14
ptg010278l_1_region	72962	364764	5.00	0	14
ptg010283l_1	70040	578845	8.26	0	18
ptg010283l_1_region	70040	578845	8.26	0	18
ptg010285l_1	161241	1480602	9.18	0	23
ptg010285l_1_region	161241	1480602	9.18	0	23
ptg010287l_1	118798	387595	3.26	0	18
ptg010287l_1_region	118798	387595	3.26	0	18
ptg010289l_1	123634	1059779	8.57	0	106
ptg010289l_1_region	123634	1059779	8.57	0	106
ptg010292l_1	39980	116442	2.91	0	10
ptg010292l_1_region	39980	116442	2.91	0	10
ptg010295l_1	100608	455588	4.53	0	17
ptg010295l_1_region	100608	455588	4.53	0	17
ptg010297l_1	229922	894514	3.89	0	22
ptg010297l_1_region	229922	894514	3.89	0	22
ptg010302l_1	27618	70068	2.54	0	8
ptg010302l_1_region	27618	70068	2.54	0	8
ptg010305l_1	16443	74240	4.51	0	9
ptg010305l_1_region	16443	74240	4.51	0	9
ptg010309l_1	47220	205607	4.35	0	17
ptg010309l_1_region	47220	205607	4.35	0	17
ptg010310l_1	222966	877359	3.93	0	27
ptg010310l_1_region	222966	877359	3.93	0	27
ptg010313l_1	345796	2337950	6.76	0	16
ptg010313l_1_region	345796	2337950	6.76	0	16
ptg010315l_1	16116	18966	1.18	0	3
ptg010315l_1_region	16116	18966	1.18	0	3
ptg010321l_1	79418	435765	5.49	0	14
ptg010321l_1_region	79418	435765	5.49	0	14
ptg010322l_1	95467	297089	3.11	0	12
ptg010322l_1_region	95467	297089	3.11	0	12
ptg010329l_1	28669	95939	3.35	0	8
ptg010329l_1_region	28669	95939	3.35	0	8
ptg010334l_1	30890	178028	5.76	0	29
ptg010334l_1_region	30890	178028	5.76	0	29
ptg010339l_1	39027	75695	1.94	0	5
ptg010339l_1_region	39027	75695	1.94	0	5
ptg010342l_1	35038	238549	6.81	0	24
ptg010342l_1_region	35038	238549	6.81	0	24
ptg010344l_1	75553	340358	4.50	0	22
ptg010344l_1_region	75553	340358	4.50	0	22
ptg010345l_1	44324	66692	1.50	0	80
ptg010345l_1_region	44324	66692	1.50	0	80
ptg010348l_1	39582	237507	6.00	0	12
ptg010348l_1_region	39582	237507	6.00	0	12
ptg010353l_1	206096	836683	4.06	0	15
ptg010353l_1_region	206096	836683	4.06	0	15
ptg010354l_1	79475	356159	4.48	0	18
ptg010354l_1_region	79475	356159	4.48	0	18
ptg010355l_1	96065	351082	3.65	0	9
ptg010355l_1_region	96065	351082	3.65	0	9
ptg010357l_1	35135	241632	6.88	0	14
ptg010357l_1_region	35135	241632	6.88	0	14
ptg010360l_1	125708	593914	4.72	0	20
ptg010360l_1_region	125708	593914	4.72	0	20
ptg010369l_1	32585	31905	0.98	0	4
ptg010369l_1_region	32585	31905	0.98	0	4
ptg010372l_1	31741	139134	4.38	0	9
ptg010372l_1_region	31741	139134	4.38	0	9
ptg010375l_1	62285	401256	6.44	0	16
ptg010375l_1_region	62285	401256	6.44	0	16
ptg010376l_1	279337	1184192	4.24	0	17
ptg010376l_1_region	279337	1184192	4.24	0	17
ptg010380l_1	354850	1658913	4.67	0	24
ptg010380l_1_region	354850	1658913	4.67	0	24
ptg010381l_1	57351	352517	6.15	0	17
ptg010381l_1_region	57351	352517	6.15	0	17
ptg010382l_1	70320	223967	3.18	0	19
ptg010382l_1_region	70320	223967	3.18	0	19
ptg010386l_1	104360	277719	2.66	0	14
ptg010386l_1_region	104360	277719	2.66	0	14
ptg010387l_1	40601	154384	3.80	0	11
ptg010387l_1_region	40601	154384	3.80	0	11
ptg010390l_1	236610	887629	3.75	0	17
ptg010390l_1_region	236610	887629	3.75	0	17
ptg010391l_1	60034	303751	5.06	0	12
ptg010391l_1_region	60034	303751	5.06	0	12
ptg010392l_1	46498	63559	1.37	0	5
ptg010392l_1_region	46498	63559	1.37	0	5
ptg010396l_1	214884	9167641	42.66	0	989
ptg010396l_1_region	214884	9167641	42.66	0	989
ptg010398l_1	52921	282883	5.35	0	12
ptg010398l_1_region	52921	282883	5.35	0	12
ptg010400l_1	62589	140472	2.24	0	8
ptg010400l_1_region	62589	140472	2.24	0	8
ptg010401l_1	271278	755562	2.79	0	15
ptg010401l_1_region	271278	755562	2.79	0	15
ptg010403l_1	70206	332220	4.73	0	14
ptg010403l_1_region	70206	332220	4.73	0	14
ptg010404l_1	23040	149421	6.49	0	25
ptg010404l_1_region	23040	149421	6.49	0	25
ptg010405l_1	134494	531717	3.95	0	13
ptg010405l_1_region	134494	531717	3.95	0	13
ptg010408l_1	148899	765850	5.14	0	13
ptg010408l_1_region	148899	765850	5.14	0	13
ptg010412l_1	161589	817913	5.06	0	13
ptg010412l_1_region	161589	817913	5.06	0	13
ptg010414l_1	56868	248572	4.37	0	13
ptg010414l_1_region	56868	248572	4.37	0	13
ptg010417l_1	300749	1210885	4.03	0	16
ptg010417l_1_region	300749	1210885	4.03	0	16
ptg010419l_1	228035	1119674	4.91	0	22
ptg010419l_1_region	228035	1119674	4.91	0	22
ptg010420l_1	36494	193313	5.30	0	13
ptg010420l_1_region	36494	193313	5.30	0	13
ptg010421l_1	32014	123121	3.85	0	19
ptg010421l_1_region	32014	123121	3.85	0	19
ptg010422l_1	198112	2156141	10.88	0	50
ptg010422l_1_region	198112	2156141	10.88	0	50
ptg010423l_1	228672	885866	3.87	0	18
ptg010423l_1_region	228672	885866	3.87	0	18
ptg010426l_1	83773	382139	4.56	0	46
ptg010426l_1_region	83773	382139	4.56	0	46
ptg010428l_1	50156	156048	3.11	0	15
ptg010428l_1_region	50156	156048	3.11	0	15
ptg010429l_1	150279	224264	1.49	0	10
ptg010429l_1_region	150279	224264	1.49	0	10
ptg010433l_1	15394	106730	6.93	0	15
ptg010433l_1_region	15394	106730	6.93	0	15
ptg010439l_1	55825	113490	2.03	0	6
ptg010439l_1_region	55825	113490	2.03	0	6
ptg010440l_1	89611	274174	3.06	0	14
ptg010440l_1_region	89611	274174	3.06	0	14
ptg010442l_1	155904	1254647	8.05	0	72
ptg010442l_1_region	155904	1254647	8.05	0	72
ptg010444l_1	62470	325589	5.21	0	17
ptg010444l_1_region	62470	325589	5.21	0	17
ptg010452l_1	185354	1067798	5.76	0	16
ptg010452l_1_region	185354	1067798	5.76	0	16
ptg010455l_1	87006	381574	4.39	0	11
ptg010455l_1_region	87006	381574	4.39	0	11
ptg010456l_1	10900	23026	2.11	0	5
ptg010456l_1_region	10900	23026	2.11	0	5
ptg010458l_1	99770	348075	3.49	0	13
ptg010458l_1_region	99770	348075	3.49	0	13
ptg010459l_1	267485	1318960	4.93	0	43
ptg010459l_1_region	267485	1318960	4.93	0	43
ptg010464l_1	34403	125294	3.64	0	9
ptg010464l_1_region	34403	125294	3.64	0	9
ptg010472l_1	29253	80514	2.75	0	9
ptg010472l_1_region	29253	80514	2.75	0	9
ptg010473l_1	123759	673417	5.44	0	16
ptg010473l_1_region	123759	673417	5.44	0	16
ptg010475l_1	175016	538735	3.08	0	10
ptg010475l_1_region	175016	538735	3.08	0	10
ptg010478l_1	48723	184653	3.79	0	18
ptg010478l_1_region	48723	184653	3.79	0	18
ptg010480l_1	16788	88486	5.27	0	11
ptg010480l_1_region	16788	88486	5.27	0	11
ptg010481l_1	69562	294120	4.23	0	29
ptg010481l_1_region	69562	294120	4.23	0	29
ptg010483l_1	48582	159944	3.29	0	8
ptg010483l_1_region	48582	159944	3.29	0	8
ptg010490l_1	34683	186753	5.38	0	11
ptg010490l_1_region	34683	186753	5.38	0	11
ptg010491l_1	62429	472475	7.57	0	19
ptg010491l_1_region	62429	472475	7.57	0	19
ptg010501l_1	20466	11812	0.58	0	3
ptg010501l_1_region	20466	11812	0.58	0	3
ptg010505l_1	126452	453167	3.58	0	19
ptg010505l_1_region	126452	453167	3.58	0	19
ptg010508l_1	43973	228364	5.19	0	10
ptg010508l_1_region	43973	228364	5.19	0	10
ptg010509l_1	282553	2765353	9.79	0	59
ptg010509l_1_region	282553	2765353	9.79	0	59
ptg010512l_1	69722	359689	5.16	0	14
ptg010512l_1_region	69722	359689	5.16	0	14
ptg010513l_1	23987	138454	5.77	0	12
ptg010513l_1_region	23987	138454	5.77	0	12
ptg010516l_1	21666	114760	5.30	0	11
ptg010516l_1_region	21666	114760	5.30	0	11
ptg010517l_1	95866	152956	1.60	0	15
ptg010517l_1_region	95866	152956	1.60	0	15
ptg010521l_1	62546	365872	5.85	0	18
ptg010521l_1_region	62546	365872	5.85	0	18
ptg010524l_1	227439	1451877	6.38	0	23
ptg010524l_1_region	227439	1451877	6.38	0	23
ptg010528l_1	46069	232584	5.05	0	12
ptg010528l_1_region	46069	232584	5.05	0	12
ptg010529l_1	99448	588875	5.92	0	33
ptg010529l_1_region	99448	588875	5.92	0	33
ptg010530l_1	242767	1110837	4.58	0	18
ptg010530l_1_region	242767	1110837	4.58	0	18
ptg010531l_1	73863	400280	5.42	0	12
ptg010531l_1_region	73863	400280	5.42	0	12
ptg010533l_1	82279	442055	5.37	0	11
ptg010533l_1_region	82279	442055	5.37	0	11
ptg010534l_1	39066	202756	5.19	0	13
ptg010534l_1_region	39066	202756	5.19	0	13
ptg010536l_1	55979	191849	3.43	0	9
ptg010536l_1_region	55979	191849	3.43	0	9
ptg010540l_1	22367	68872	3.08	0	9
ptg010540l_1_region	22367	68872	3.08	0	9
ptg010541l_1	80433	232868	2.90	0	18
ptg010541l_1_region	80433	232868	2.90	0	18
ptg010545l_1	406815	2995268	7.36	0	58
ptg010545l_1_region	406815	2995268	7.36	0	58
ptg010547l_1	112464	281651	2.50	0	11
ptg010547l_1_region	112464	281651	2.50	0	11
ptg010549l_1	34266	86187	2.52	0	7
ptg010549l_1_region	34266	86187	2.52	0	7
ptg010550l_1	39092	321968	8.24	0	21
ptg010550l_1_region	39092	321968	8.24	0	21
ptg010551l_1	134151	14571	0.11	0	2
ptg010551l_1_region	134151	14571	0.11	0	2
ptg010552l_1	64872	356754	5.50	0	22
ptg010552l_1_region	64872	356754	5.50	0	22
ptg010554l_1	44154	512268	11.60	2	23
ptg010554l_1_region	44154	512268	11.60	2	23
ptg010556l_1	86806	342215	3.94	0	9
ptg010556l_1_region	86806	342215	3.94	0	9
ptg010557l_1	66345	405531	6.11	0	20
ptg010557l_1_region	66345	405531	6.11	0	20
ptg010558l_1	30508	125809	4.12	0	13
ptg010558l_1_region	30508	125809	4.12	0	13
ptg010559l_1	33942	45734	1.35	0	9
ptg010559l_1_region	33942	45734	1.35	0	9
ptg010560l_1	403603	2882650	7.14	0	55
ptg010560l_1_region	403603	2882650	7.14	0	55
ptg010563l_1	168550	635481	3.77	0	16
ptg010563l_1_region	168550	635481	3.77	0	16
ptg010564l_1	19588	70132	3.58	0	28
ptg010564l_1_region	19588	70132	3.58	0	28
ptg010565l_1	33649	212697	6.32	0	16
ptg010565l_1_region	33649	212697	6.32	0	16
ptg010568l_1	2069624	2752650	1.33	0	32
ptg010568l_1_region	2069624	2752650	1.33	0	32
ptg010577l_1	102216	476858	4.67	0	27
ptg010577l_1_region	102216	476858	4.67	0	27
ptg010580l_1	33495	169482	5.06	0	14
ptg010580l_1_region	33495	169482	5.06	0	14
ptg010582l_1	36643	132891	3.63	0	13
ptg010582l_1_region	36643	132891	3.63	0	13
ptg010586l_1	44577	293129	6.58	0	48
ptg010586l_1_region	44577	293129	6.58	0	48
ptg010591l_1	798716	2094152	2.62	0	26
ptg010591l_1_region	798716	2094152	2.62	0	26
ptg010593l_1	40148	161672	4.03	0	10
ptg010593l_1_region	40148	161672	4.03	0	10
ptg010596l_1	206611	940374	4.55	0	14
ptg010596l_1_region	206611	940374	4.55	0	14
ptg010598l_1	171346	1031175	6.02	0	28
ptg010598l_1_region	171346	1031175	6.02	0	28
ptg010601l_1	75785	371131	4.90	0	15
ptg010601l_1_region	75785	371131	4.90	0	15
ptg010603l_1	77606	280557	3.62	0	15
ptg010603l_1_region	77606	280557	3.62	0	15
ptg010604l_1	35776	82247	2.30	0	8
ptg010604l_1_region	35776	82247	2.30	0	8
ptg010606l_1	78973	253609	3.21	0	9
ptg010606l_1_region	78973	253609	3.21	0	9
ptg010607l_1	51772	246205	4.76	0	12
ptg010607l_1_region	51772	246205	4.76	0	12
ptg010608l_1	48197	1387694	28.79	0	122
ptg010608l_1_region	48197	1387694	28.79	0	122
ptg010612l_1	72096	801538	11.12	0	36
ptg010612l_1_region	72096	801538	11.12	0	36
ptg010615l_1	49950	57295	1.15	0	7
ptg010615l_1_region	49950	57295	1.15	0	7
ptg010616l_1	137879	589354	4.27	0	16
ptg010616l_1_region	137879	589354	4.27	0	16
ptg010618l_1	46506	231102	4.97	0	10
ptg010618l_1_region	46506	231102	4.97	0	10
ptg010619l_1	148953	1486639	9.98	0	26
ptg010619l_1_region	148953	1486639	9.98	0	26
ptg010624l_1	67567	266814	3.95	0	13
ptg010624l_1_region	67567	266814	3.95	0	13
ptg010627l_1	150889	426244	2.82	0	16
ptg010627l_1_region	150889	426244	2.82	0	16
ptg010629l_1	33417	99307	2.97	0	7
ptg010629l_1_region	33417	99307	2.97	0	7
ptg010632l_1	52326	116942	2.23	0	5
ptg010632l_1_region	52326	116942	2.23	0	5
ptg010633l_1	77342	449895	5.82	0	23
ptg010633l_1_region	77342	449895	5.82	0	23
ptg010636l_1	109832	405279	3.69	0	11
ptg010636l_1_region	109832	405279	3.69	0	11
ptg010637l_1	95493	37828	0.40	0	4
ptg010637l_1_region	95493	37828	0.40	0	4
ptg010638l_1	57438	220892	3.85	0	16
ptg010638l_1_region	57438	220892	3.85	0	16
ptg010639l_1	60156	273479	4.55	0	10
ptg010639l_1_region	60156	273479	4.55	0	10
ptg010641l_1	20445	137610	6.73	0	14
ptg010641l_1_region	20445	137610	6.73	0	14
ptg010647l_1	36932	127390	3.45	0	10
ptg010647l_1_region	36932	127390	3.45	0	10
ptg010651l_1	433686	27122	0.06	0	5
ptg010651l_1_region	433686	27122	0.06	0	5
ptg010653l_1	17311	11826	0.68	0	9
ptg010653l_1_region	17311	11826	0.68	0	9
ptg010654l_1	19811	62918	3.18	0	6
ptg010654l_1_region	19811	62918	3.18	0	6
ptg010656l_1	39997	194954	4.87	0	15
ptg010656l_1_region	39997	194954	4.87	0	15
ptg010661l_1	387931	3202025	8.25	0	114
ptg010661l_1_region	387931	3202025	8.25	0	114
ptg010663l_1	114429	480033	4.20	0	19
ptg010663l_1_region	114429	480033	4.20	0	19
ptg010672l_1	227798	1317095	5.78	0	17
ptg010672l_1_region	227798	1317095	5.78	0	17
ptg010675l_1	141866	572314	4.03	0	27
ptg010675l_1_region	141866	572314	4.03	0	27
ptg010676l_1	11793	49233	4.17	0	13
ptg010676l_1_region	11793	49233	4.17	0	13
ptg010677l_1	88972	362296	4.07	0	11
ptg010677l_1_region	88972	362296	4.07	0	11
ptg010683l_1	142501	804854	5.65	0	18
ptg010683l_1_region	142501	804854	5.65	0	18
ptg010692l_1	9672	19064	1.97	0	4
ptg010692l_1_region	9672	19064	1.97	0	4
ptg010700l_1	71036	579753	8.16	0	29
ptg010700l_1_region	71036	579753	8.16	0	29
ptg010703l_1	50138	279318	5.57	0	13
ptg010703l_1_region	50138	279318	5.57	0	13
ptg010706l_1	102456	591421	5.77	0	13
ptg010706l_1_region	102456	591421	5.77	0	13
ptg010708l_1	38087	87508	2.30	0	7
ptg010708l_1_region	38087	87508	2.30	0	7
ptg010709l_1	50922	282161	5.54	0	29
ptg010709l_1_region	50922	282161	5.54	0	29
ptg010711l_1	42383	73885	1.74	0	5
ptg010711l_1_region	42383	73885	1.74	0	5
ptg010714l_1	8489	25425	3.00	0	6
ptg010714l_1_region	8489	25425	3.00	0	6
ptg010723l_1	73191	372987	5.10	0	14
ptg010723l_1_region	73191	372987	5.10	0	14
ptg010725l_1	179583	887253	4.94	0	17
ptg010725l_1_region	179583	887253	4.94	0	17
ptg010731l_1	220988	275474	1.25	0	9
ptg010731l_1_region	220988	275474	1.25	0	9
ptg010732l_1	92895	681663	7.34	0	17
ptg010732l_1_region	92895	681663	7.34	0	17
ptg010737l_1	349302	61141	0.18	0	3
ptg010737l_1_region	349302	61141	0.18	0	3
ptg010740l_1	356252	1113415	3.13	0	31
ptg010740l_1_region	356252	1113415	3.13	0	31
ptg010742l_1	1219480	2434750	2.00	0	30
ptg010742l_1_region	1219480	2434750	2.00	0	30
ptg010744l_1	355674	374976	1.05	0	7
ptg010744l_1_region	355674	374976	1.05	0	7
ptg010745l_1	2023939	2798849	1.38	0	40
ptg010745l_1_region	2023939	2798849	1.38	0	40
ptg010746l_1	288374	331004	1.15	0	14
ptg010746l_1_region	288374	331004	1.15	0	14
ptg010747l_1	579404	191745	0.33	0	5
ptg010747l_1_region	579404	191745	0.33	0	5
ptg010749l_1	39437	205849	5.22	0	19
ptg010749l_1_region	39437	205849	5.22	0	19
ptg010756l_1	34959	9283	0.27	0	1
ptg010756l_1_region	34959	9283	0.27	0	1
ptg010757l_1	21892	18385	0.84	0	2
ptg010757l_1_region	21892	18385	0.84	0	2
ptg010758l_1	411372	264675	0.64	0	6
ptg010758l_1_region	411372	264675	0.64	0	6
ptg010764l_1	521154	3490974	6.70	0	58
ptg010764l_1_region	521154	3490974	6.70	0	58
ptg010766l_1	30096	41024	1.36	0	3
ptg010766l_1_region	30096	41024	1.36	0	3
ptg010767l_1	77436	146804	1.90	0	8
ptg010767l_1_region	77436	146804	1.90	0	8
ptg010770l_1	219525	1159600	5.28	0	14
ptg010770l_1_region	219525	1159600	5.28	0	14
ptg010773l_1	27178	84159	3.10	0	6
ptg010773l_1_region	27178	84159	3.10	0	6
ptg010774l_1	294864	1789849	6.07	0	31
ptg010774l_1_region	294864	1789849	6.07	0	31
ptg010775l_1	429191	2182189	5.08	0	39
ptg010775l_1_region	429191	2182189	5.08	0	39
ptg010777l_1	123344	299786	2.43	0	11
ptg010777l_1_region	123344	299786	2.43	0	11
ptg010782l_1	174324	746493	4.28	0	17
ptg010782l_1_region	174324	746493	4.28	0	17
ptg010784l_1	117376	488471	4.16	0	17
ptg010784l_1_region	117376	488471	4.16	0	17
ptg010790l_1	66236	418223	6.31	0	21
ptg010790l_1_region	66236	418223	6.31	0	21
ptg010791l_1	240046	799416	3.33	0	13
ptg010791l_1_region	240046	799416	3.33	0	13
ptg010792l_1	61690	76733	1.24	0	6
ptg010792l_1_region	61690	76733	1.24	0	6
ptg010793l_1	76139	319590	4.20	0	11
ptg010793l_1_region	76139	319590	4.20	0	11
ptg010794l_1	834394	4661496	5.59	0	37
ptg010794l_1_region	834394	4661496	5.59	0	37
ptg010799l_1	175433	713773	4.07	0	16
ptg010799l_1_region	175433	713773	4.07	0	16
ptg010801l_1	292183	1098387	3.76	0	20
ptg010801l_1_region	292183	1098387	3.76	0	20
ptg010802l_1	28426	53061	1.87	0	7
ptg010802l_1_region	28426	53061	1.87	0	7
ptg010803l_1	237678	920953	3.87	0	21
ptg010803l_1_region	237678	920953	3.87	0	21
ptg010805l_1	118407	485282	4.10	0	17
ptg010805l_1_region	118407	485282	4.10	0	17
ptg010806l_1	62059	103362	1.67	0	5
ptg010806l_1_region	62059	103362	1.67	0	5
ptg010808l_1	55889	378234	6.77	0	22
ptg010808l_1_region	55889	378234	6.77	0	22
ptg010809l_1	410817	2766293	6.73	0	35
ptg010809l_1_region	410817	2766293	6.73	0	35
ptg010811l_1	400710	1737805	4.34	0	26
ptg010811l_1_region	400710	1737805	4.34	0	26
ptg010812l_1	155307	1536857	9.90	0	39
ptg010812l_1_region	155307	1536857	9.90	0	39
ptg010814l_1	199951	427830	2.14	0	14
ptg010814l_1_region	199951	427830	2.14	0	14
ptg010822l_1	88275	739289	8.37	0	19
ptg010822l_1_region	88275	739289	8.37	0	19
ptg010824l_1	43854	135044	3.08	0	8
ptg010824l_1_region	43854	135044	3.08	0	8
ptg010825l_1	28901	14636	0.51	0	1
ptg010825l_1_region	28901	14636	0.51	0	1
ptg010828l_1	21248	139446	6.56	0	16
ptg010828l_1_region	21248	139446	6.56	0	16
ptg010829l_1	120947	638175	5.28	0	17
ptg010829l_1_region	120947	638175	5.28	0	17
ptg010830l_1	68249	549340	8.05	0	21
ptg010830l_1_region	68249	549340	8.05	0	21
ptg010831l_1	29202	331660	11.36	0	25
ptg010831l_1_region	29202	331660	11.36	0	25
ptg010832l_1	227809	1089640	4.78	0	28
ptg010832l_1_region	227809	1089640	4.78	0	28
ptg010836l_1	132820	407839	3.07	0	16
ptg010836l_1_region	132820	407839	3.07	0	16
ptg010838l_1	45839	125303	2.73	0	10
ptg010838l_1_region	45839	125303	2.73	0	10
ptg010839l_1	63315	9707	0.15	0	2
ptg010839l_1_region	63315	9707	0.15	0	2
ptg010840l_1	190115	517455	2.72	0	14
ptg010840l_1_region	190115	517455	2.72	0	14
ptg010842l_1	155201	1416248	9.13	0	44
ptg010842l_1_region	155201	1416248	9.13	0	44
ptg010844l_1	29948	129527	4.33	0	12
ptg010844l_1_region	29948	129527	4.33	0	12
ptg010846l_1	76816	94722	1.23	0	5
ptg010846l_1_region	76816	94722	1.23	0	5
ptg010847l_1	143356	757618	5.28	0	18
ptg010847l_1_region	143356	757618	5.28	0	18
ptg010848l_1	273466	2056931	7.52	0	31
ptg010848l_1_region	273466	2056931	7.52	0	31
ptg010849l_1	187909	954819	5.08	0	27
ptg010849l_1_region	187909	954819	5.08	0	27
ptg010850l_1	11074	19330	1.75	0	3
ptg010850l_1_region	11074	19330	1.75	0	3
ptg010851l_1	56744	404975	7.14	1	15
ptg010851l_1_region	56744	404975	7.14	1	15
ptg010852l_1	33112	4954	0.15	0	1
ptg010852l_1_region	33112	4954	0.15	0	1
ptg010853l_1	83439	274925	3.29	0	9
ptg010853l_1_region	83439	274925	3.29	0	9
ptg010855l_1	28822	48284	1.68	0	4
ptg010855l_1_region	28822	48284	1.68	0	4
ptg010858l_1	35628	70943	1.99	0	5
ptg010858l_1_region	35628	70943	1.99	0	5
ptg010859l_1	51764	194168	3.75	0	17
ptg010859l_1_region	51764	194168	3.75	0	17
ptg010860l_1	41084	165724	4.03	0	14
ptg010860l_1_region	41084	165724	4.03	0	14
ptg010862l_1	67479	312761	4.63	0	13
ptg010862l_1_region	67479	312761	4.63	0	13
ptg010863l_1	165094	1280848	7.76	0	25
ptg010863l_1_region	165094	1280848	7.76	0	25
ptg010864l_1	48156	133238	2.77	0	11
ptg010864l_1_region	48156	133238	2.77	0	11
ptg010866l_1	117335	298844	2.55	0	16
ptg010866l_1_region	117335	298844	2.55	0	16
ptg010868l_1	49036	92369	1.88	0	8
ptg010868l_1_region	49036	92369	1.88	0	8
ptg010871l_1	42033	602	0.01	0	1
ptg010871l_1_region	42033	602	0.01	0	1
ptg010873l_1	122528	792606	6.47	0	31
ptg010873l_1_region	122528	792606	6.47	0	31
ptg010874l_1	57750	177734	3.08	0	16
ptg010874l_1_region	57750	177734	3.08	0	16
ptg010875l_1	41691	131164	3.15	0	13
ptg010875l_1_region	41691	131164	3.15	0	13
ptg010877l_1	54305	248959	4.58	0	25
ptg010877l_1_region	54305	248959	4.58	0	25
ptg010881l_1	18782	194803	10.37	0	20
ptg010881l_1_region	18782	194803	10.37	0	20
ptg010882l_1	61082	264742	4.33	0	14
ptg010882l_1_region	61082	264742	4.33	0	14
ptg010884l_1	201701	1040385	5.16	0	23
ptg010884l_1_region	201701	1040385	5.16	0	23
ptg010886l_1	109284	332403	3.04	0	21
ptg010886l_1_region	109284	332403	3.04	0	21
ptg010888l_1	90029	31494	0.35	0	3
ptg010888l_1_region	90029	31494	0.35	0	3
ptg010890l_1	48667	198199	4.07	0	13
ptg010890l_1_region	48667	198199	4.07	0	13
ptg010891l_1	33190	147673	4.45	0	13
ptg010891l_1_region	33190	147673	4.45	0	13
ptg010892l_1	40596	235739	5.81	0	16
ptg010892l_1_region	40596	235739	5.81	0	16
ptg010893l_1	17245	16521	0.96	0	2
ptg010893l_1_region	17245	16521	0.96	0	2
ptg010894l_1	133404	1399862	10.49	0	46
ptg010894l_1_region	133404	1399862	10.49	0	46
ptg010896l_1	42334	209819	4.96	0	12
ptg010896l_1_region	42334	209819	4.96	0	12
ptg010898l_1	32585	487558	14.96	0	30
ptg010898l_1_region	32585	487558	14.96	0	30
ptg010899l_1	107738	39353	0.37	0	3
ptg010899l_1_region	107738	39353	0.37	0	3
ptg010900l_1	81292	1568207	19.29	0	63
ptg010900l_1_region	81292	1568207	19.29	0	63
ptg010901l_1	88170	970895	11.01	0	24
ptg010901l_1_region	88170	970895	11.01	0	24
ptg010902l_1	261929	1712632	6.54	0	37
ptg010902l_1_region	261929	1712632	6.54	0	37
ptg010903l_1	112343	849107	7.56	0	17
ptg010903l_1_region	112343	849107	7.56	0	17
ptg010904l_1	102899	253683	2.47	0	8
ptg010904l_1_region	102899	253683	2.47	0	8
ptg010905l_1	133941	16317	0.12	0	2
ptg010905l_1_region	133941	16317	0.12	0	2
ptg010907l_1	29139	221321	7.60	0	28
ptg010907l_1_region	29139	221321	7.60	0	28
ptg010908l_1	143187	362656	2.53	0	9
ptg010908l_1_region	143187	362656	2.53	0	9
ptg010910l_1	61226	282886	4.62	0	18
ptg010910l_1_region	61226	282886	4.62	0	18
ptg010911l_1	41565	6126	0.15	0	1
ptg010911l_1_region	41565	6126	0.15	0	1
ptg010912l_1	33986	156564	4.61	0	15
ptg010912l_1_region	33986	156564	4.61	0	15
ptg010918l_1	16366	46371	2.83	0	6
ptg010918l_1_region	16366	46371	2.83	0	6
ptg010921l_1	64770	443701	6.85	0	18
ptg010921l_1_region	64770	443701	6.85	0	18
ptg010924l_1	141596	647551	4.57	0	14
ptg010924l_1_region	141596	647551	4.57	0	14
ptg010926l_1	220057	2014773	9.16	0	68
ptg010926l_1_region	220057	2014773	9.16	0	68
ptg010927l_1	331434	2133790	6.44	0	72
ptg010927l_1_region	331434	2133790	6.44	0	72
ptg010928l_1	253871	1009245	3.98	0	13
ptg010928l_1_region	253871	1009245	3.98	0	13
ptg010929l_1	399229	653356	1.64	0	24
ptg010929l_1_region	399229	653356	1.64	0	24
ptg010930l_1	446209	181119	0.41	0	3
ptg010930l_1_region	446209	181119	0.41	0	3
ptg010940l_1	182409	676833	3.71	0	17
ptg010940l_1_region	182409	676833	3.71	0	17
ptg010943l_1	21142	14520	0.69	0	8
ptg010943l_1_region	21142	14520	0.69	0	8
ptg010953l_1	149554	633660	4.24	0	17
ptg010953l_1_region	149554	633660	4.24	0	17
ptg010963l_1	22005	61125	2.78	0	8
ptg010963l_1_region	22005	61125	2.78	0	8
ptg010965l_1	470545	7529118	16.00	0	781
ptg010965l_1_region	470545	7529118	16.00	0	781
ptg010971l_1	98663	3102589	31.45	0	97
ptg010971l_1_region	98663	3102589	31.45	0	97
ptg010977l_1	55692	249683	4.48	0	11
ptg010977l_1_region	55692	249683	4.48	0	11
ptg010980l_1	14037	369321	26.31	0	47
ptg010980l_1_region	14037	369321	26.31	0	47
ptg010985l_1	632357	315330	0.50	0	9
ptg010985l_1_region	632357	315330	0.50	0	9
ptg010986l_1	62402	109019	1.75	0	4
ptg010986l_1_region	62402	109019	1.75	0	4
ptg010990l_1	37346	121910	3.26	0	38
ptg010990l_1_region	37346	121910	3.26	0	38
ptg010993l_1	564086	564743	1.00	0	15
ptg010993l_1_region	564086	564743	1.00	0	15
ptg010994l_1	11324	58127	5.13	0	8
ptg010994l_1_region	11324	58127	5.13	0	8
ptg010999l_1	66871	398230	5.96	0	33
ptg010999l_1_region	66871	398230	5.96	0	33
ptg011000l_1	22497	125541	5.58	0	11
ptg011000l_1_region	22497	125541	5.58	0	11
ptg011009l_1	76738	251998	3.28	0	13
ptg011009l_1_region	76738	251998	3.28	0	13
ptg011011l_1	108825	377573	3.47	0	15
ptg011011l_1_region	108825	377573	3.47	0	15
ptg011014l_1	111824	269447	2.41	0	24
ptg011014l_1_region	111824	269447	2.41	0	24
ptg011016l_1	54480	68958	1.27	0	4
ptg011016l_1_region	54480	68958	1.27	0	4
ptg011017l_1	543426	269517	0.50	0	10
ptg011017l_1_region	543426	269517	0.50	0	10
ptg011018l_1	142098	310334	2.18	0	17
ptg011018l_1_region	142098	310334	2.18	0	17
ptg011021l_1	49867	319498	6.41	0	18
ptg011021l_1_region	49867	319498	6.41	0	18
ptg011023l_1	350077	760564	2.17	0	22
ptg011023l_1_region	350077	760564	2.17	0	22
ptg011024l_1	131494	886368	6.74	0	40
ptg011024l_1_region	131494	886368	6.74	0	40
ptg011034l_1	275479	1343472	4.88	0	24
ptg011034l_1_region	275479	1343472	4.88	0	24
ptg011035l_1	168608	326985	1.94	0	9
ptg011035l_1_region	168608	326985	1.94	0	9
ptg011038l_1	74061	138749	1.87	0	11
ptg011038l_1_region	74061	138749	1.87	0	11
ptg011040l_1	67010	281849	4.21	0	13
ptg011040l_1_region	67010	281849	4.21	0	13
ptg011041l_1	68431	363850	5.32	0	16
ptg011041l_1_region	68431	363850	5.32	0	16
ptg011045l_1	26152	35855	1.37	0	3
ptg011045l_1_region	26152	35855	1.37	0	3
ptg011046l_1	19197	22174	1.16	0	4
ptg011046l_1_region	19197	22174	1.16	0	4
ptg011047l_1	20508	76821	3.75	0	9
ptg011047l_1_region	20508	76821	3.75	0	9
ptg011050l_1	146270	805558	5.51	0	20
ptg011050l_1_region	146270	805558	5.51	0	20
ptg011052l_1	278188	271523	0.98	0	18
ptg011052l_1_region	278188	271523	0.98	0	18
ptg011053l_1	18681	67918	3.64	0	8
ptg011053l_1_region	18681	67918	3.64	0	8
ptg011056l_1	59875	352976	5.90	0	11
ptg011056l_1_region	59875	352976	5.90	0	11
ptg011059l_1	53562	97030	1.81	0	4
ptg011059l_1_region	53562	97030	1.81	0	4
ptg011060l_1	18920	25282	1.34	0	4
ptg011060l_1_region	18920	25282	1.34	0	4
ptg011064l_1	131178	781868	5.96	0	21
ptg011064l_1_region	131178	781868	5.96	0	21
ptg011065l_1	94243	1706167	18.10	0	60
ptg011065l_1_region	94243	1706167	18.10	0	60
ptg011067l_1	110768	581971	5.25	0	16
ptg011067l_1_region	110768	581971	5.25	0	16
ptg011068l_1	140602	968838	6.89	0	20
ptg011068l_1_region	140602	968838	6.89	0	20
ptg011069l_1	61611	163727	2.66	0	15
ptg011069l_1_region	61611	163727	2.66	0	15
ptg011070l_1	18186	27758	1.53	0	3
ptg011070l_1_region	18186	27758	1.53	0	3
ptg011071l_1	26423	106062	4.01	0	7
ptg011071l_1_region	26423	106062	4.01	0	7
ptg011072l_1	17769	33837	1.90	0	4
ptg011072l_1_region	17769	33837	1.90	0	4
ptg011073l_1	28777	27856	0.97	0	2
ptg011073l_1_region	28777	27856	0.97	0	2
ptg011078l_1	79220	540367	6.82	0	20
ptg011078l_1_region	79220	540367	6.82	0	20
ptg011079l_1	18691	522739	27.97	0	59
ptg011079l_1_region	18691	522739	27.97	0	59
ptg011080l_1	38957	109627	2.81	0	8
ptg011080l_1_region	38957	109627	2.81	0	8
ptg011082l_1	67854	62201	0.92	0	6
ptg011082l_1_region	67854	62201	0.92	0	6
ptg011084l_1	20255	27760	1.37	0	3
ptg011084l_1_region	20255	27760	1.37	0	3
ptg011086l_1	80305	390481	4.86	0	18
ptg011086l_1_region	80305	390481	4.86	0	18
ptg011088l_1	12155	3285	0.27	0	1
ptg011088l_1_region	12155	3285	0.27	0	1
ptg011091l_1	19916	21102	1.06	0	6
ptg011091l_1_region	19916	21102	1.06	0	6
ptg011092l_1	68691	555653	8.09	0	25
ptg011092l_1_region	68691	555653	8.09	0	25
ptg011097l_1	234994	1143993	4.87	0	16
ptg011097l_1_region	234994	1143993	4.87	0	16
ptg011098l_1	62887	374485	5.95	0	27
ptg011098l_1_region	62887	374485	5.95	0	27
ptg011107l_1	41205	126693	3.07	0	11
ptg011107l_1_region	41205	126693	3.07	0	11
ptg011114l_1	250365	172061	0.69	0	9
ptg011114l_1_region	250365	172061	0.69	0	9
ptg011120l_1	67658	51741	0.76	0	7
ptg011120l_1_region	67658	51741	0.76	0	7
ptg011122l_1	125241	437013	3.49	0	14
ptg011122l_1_region	125241	437013	3.49	0	14
ptg011127l_1	258965	1652155	6.38	0	32
ptg011127l_1_region	258965	1652155	6.38	0	32
ptg011132l_1	27306	171510	6.28	0	18
ptg011132l_1_region	27306	171510	6.28	0	18
ptg011133l_1	220477	882429	4.00	0	20
ptg011133l_1_region	220477	882429	4.00	0	20
ptg011135l_1	21582	5157	0.24	0	3
ptg011135l_1_region	21582	5157	0.24	0	3
ptg011137l_1	122427	679647	5.55	0	26
ptg011137l_1_region	122427	679647	5.55	0	26
ptg011138l_1	104359	379979	3.64	0	12
ptg011138l_1_region	104359	379979	3.64	0	12
ptg011139l_1	35701	166056	4.65	0	8
ptg011139l_1_region	35701	166056	4.65	0	8
ptg011140l_1	158256	714504	4.51	0	12
ptg011140l_1_region	158256	714504	4.51	0	12
ptg011147l_1	129216	1052003	8.14	0	19
ptg011147l_1_region	129216	1052003	8.14	0	19
ptg011148l_1	303509	1779277	5.86	0	41
ptg011148l_1_region	303509	1779277	5.86	0	41
ptg011152l_1	11117	3665	0.33	0	1
ptg011152l_1_region	11117	3665	0.33	0	1
ptg011159l_1	107862	514841	4.77	0	19
ptg011159l_1_region	107862	514841	4.77	0	19
ptg011163l_1	213334	979729	4.59	0	15
ptg011163l_1_region	213334	979729	4.59	0	15
ptg011164l_1	72325	124346	1.72	0	6
ptg011164l_1_region	72325	124346	1.72	0	6
ptg011166l_1	64577	265952	4.12	0	14
ptg011166l_1_region	64577	265952	4.12	0	14
ptg011174l_1	108911	638295	5.86	0	112
ptg011174l_1_region	108911	638295	5.86	0	112
ptg011175l_1	10496	24370	2.32	0	5
ptg011175l_1_region	10496	24370	2.32	0	5
ptg011181l_1	43872	793042	18.08	0	56
ptg011181l_1_region	43872	793042	18.08	0	56
ptg011184l_1	22056	3511	0.16	0	2
ptg011184l_1_region	22056	3511	0.16	0	2
ptg011191l_1	286176	1829953	6.39	0	83
ptg011191l_1_region	286176	1829953	6.39	0	83
ptg011194l_1	11145	88524	7.94	1	15
ptg011194l_1_region	11145	88524	7.94	1	15
ptg011195l_1	247509	1597593	6.45	0	29
ptg011195l_1_region	247509	1597593	6.45	0	29
ptg011198l_1	110110	40921	0.37	0	6
ptg011198l_1_region	110110	40921	0.37	0	6
ptg011200l_1	84917	641904	7.56	0	24
ptg011200l_1_region	84917	641904	7.56	0	24
ptg011209l_1	200192	90372	0.45	0	5
ptg011209l_1_region	200192	90372	0.45	0	5
ptg011213l_1	37648	125288	3.33	0	11
ptg011213l_1_region	37648	125288	3.33	0	11
ptg011218l_1	23578	118454	5.02	0	10
ptg011218l_1_region	23578	118454	5.02	0	10
ptg011221l_1	75135	281996	3.75	0	12
ptg011221l_1_region	75135	281996	3.75	0	12
ptg011223l_1	198774	892744	4.49	0	15
ptg011223l_1_region	198774	892744	4.49	0	15
ptg011225l_1	111851	445019	3.98	0	12
ptg011225l_1_region	111851	445019	3.98	0	12
ptg011236l_1	32686	103401	3.16	0	16
ptg011236l_1_region	32686	103401	3.16	0	16
ptg011239l_1	281291	1626985	5.78	0	17
ptg011239l_1_region	281291	1626985	5.78	0	17
ptg011244l_1	58258	3481	0.06	0	3
ptg011244l_1_region	58258	3481	0.06	0	3
ptg011250l_1	200519	454130	2.26	0	11
ptg011250l_1_region	200519	454130	2.26	0	11
ptg011251l_1	16154	50628	3.13	0	7
ptg011251l_1_region	16154	50628	3.13	0	7
ptg011260l_1	145659	610340	4.19	0	13
ptg011260l_1_region	145659	610340	4.19	0	13
ptg011263l_1	68121	211825	3.11	0	10
ptg011263l_1_region	68121	211825	3.11	0	10
ptg011269l_1	85232	440029	5.16	0	24
ptg011269l_1_region	85232	440029	5.16	0	24
ptg011276l_1	117125	555679	4.74	0	25
ptg011276l_1_region	117125	555679	4.74	0	25
ptg011292l_1	83953	429897	5.12	0	17
ptg011292l_1_region	83953	429897	5.12	0	17
ptg011294l_1	73963	242855	3.28	0	8
ptg011294l_1_region	73963	242855	3.28	0	8
ptg011295l_1	73316	424230	5.79	0	17
ptg011295l_1_region	73316	424230	5.79	0	17
ptg011297l_1	79623	386251	4.85	0	15
ptg011297l_1_region	79623	386251	4.85	0	15
ptg011298l_1	19513	31803	1.63	0	13
ptg011298l_1_region	19513	31803	1.63	0	13
ptg011300l_1	579767	5118341	8.83	0	52
ptg011300l_1_region	579767	5118341	8.83	0	52
ptg011307l_1	22128	25046	1.13	0	4
ptg011307l_1_region	22128	25046	1.13	0	4
ptg011309l_1	16405	32375	1.97	0	8
ptg011309l_1_region	16405	32375	1.97	0	8
ptg011312l_1	22682	37453	1.65	0	6
ptg011312l_1_region	22682	37453	1.65	0	6
ptg011314l_1	191434	911253	4.76	0	22
ptg011314l_1_region	191434	911253	4.76	0	22
ptg011320l_1	76797	394156	5.13	0	15
ptg011320l_1_region	76797	394156	5.13	0	15
ptg011325l_1	202936	923323	4.55	0	27
ptg011325l_1_region	202936	923323	4.55	0	27
ptg011328l_1	111196	256354	2.31	0	8
ptg011328l_1_region	111196	256354	2.31	0	8
ptg011335l_1	148774	998065	6.71	0	14
ptg011335l_1_region	148774	998065	6.71	0	14
ptg011342l_1	61814	471588	7.63	0	59
ptg011342l_1_region	61814	471588	7.63	0	59
ptg011345l_1	28375	145212	5.12	0	25
ptg011345l_1_region	28375	145212	5.12	0	25
ptg011350l_1	180015	1051972	5.84	0	18
ptg011350l_1_region	180015	1051972	5.84	0	18
ptg011358l_1	216983	1296514	5.98	0	19
ptg011358l_1_region	216983	1296514	5.98	0	19
ptg011360l_1	71942	245102	3.41	0	10
ptg011360l_1_region	71942	245102	3.41	0	10
ptg011364l_1	230520	1075184	4.66	0	18
ptg011364l_1_region	230520	1075184	4.66	0	18
ptg011374l_1	46906	230593	4.92	0	15
ptg011374l_1_region	46906	230593	4.92	0	15
ptg011375l_1	40974	246458	6.01	0	13
ptg011375l_1_region	40974	246458	6.01	0	13
ptg011380l_1	281303	1612982	5.73	0	17
ptg011380l_1_region	281303	1612982	5.73	0	17
ptg011383l_1	49991	251152	5.02	0	12
ptg011383l_1_region	49991	251152	5.02	0	12
ptg011384l_1	90956	949405	10.44	0	35
ptg011384l_1_region	90956	949405	10.44	0	35
ptg011385l_1	108163	653573	6.04	0	17
ptg011385l_1_region	108163	653573	6.04	0	17
ptg011389l_1	34829	92971	2.67	0	6
ptg011389l_1_region	34829	92971	2.67	0	6
ptg011393l_1	67524	628255	9.30	0	25
ptg011393l_1_region	67524	628255	9.30	0	25
ptg011394l_1	36724	134706	3.67	0	10
ptg011394l_1_region	36724	134706	3.67	0	10
ptg011399l_1	149255	581830	3.90	0	22
ptg011399l_1_region	149255	581830	3.90	0	22
ptg011401l_1	50037	174716	3.49	0	11
ptg011401l_1_region	50037	174716	3.49	0	11
ptg011403l_1	217798	1496369	6.87	0	29
ptg011403l_1_region	217798	1496369	6.87	0	29
ptg011405l_1	38990	163877	4.20	0	9
ptg011405l_1_region	38990	163877	4.20	0	9
ptg011410l_1	8663	21698	2.50	0	4
ptg011410l_1_region	8663	21698	2.50	0	4
ptg011411l_1	65662	270162	4.11	0	11
ptg011411l_1_region	65662	270162	4.11	0	11
ptg011413l_1	8423	19291	2.29	0	3
ptg011413l_1_region	8423	19291	2.29	0	3
ptg011414l_1	19590	145784	7.44	2	12
ptg011414l_1_region	19590	145784	7.44	2	12
ptg011417l_1	142056	766729	5.40	0	18
ptg011417l_1_region	142056	766729	5.40	0	18
ptg011424l_1	101562	384305	3.78	0	14
ptg011424l_1_region	101562	384305	3.78	0	14
ptg011425l_1	36404	88624	2.43	0	6
ptg011425l_1_region	36404	88624	2.43	0	6
ptg011426l_1	45620	317045	6.95	0	13
ptg011426l_1_region	45620	317045	6.95	0	13
ptg011431l_1	225202	1140132	5.06	0	24
ptg011431l_1_region	225202	1140132	5.06	0	24
ptg011432l_1	188845	975069	5.16	0	12
ptg011432l_1_region	188845	975069	5.16	0	12
ptg011433l_1	326514	2457959	7.53	0	28
ptg011433l_1_region	326514	2457959	7.53	0	28
ptg011436l_1	60505	195957	3.24	0	12
ptg011436l_1_region	60505	195957	3.24	0	12
ptg011439l_1	25551	195964	7.67	0	30
ptg011439l_1_region	25551	195964	7.67	0	30
ptg011444l_1	128643	652368	5.07	0	13
ptg011444l_1_region	128643	652368	5.07	0	13
ptg011453l_1	97688	313487	3.21	0	39
ptg011453l_1_region	97688	313487	3.21	0	39
ptg011457l_1	40246	139970	3.48	0	8
ptg011457l_1_region	40246	139970	3.48	0	8
ptg011460l_1	42183	150607	3.57	0	11
ptg011460l_1_region	42183	150607	3.57	0	11
ptg011461l_1	343469	8868957	25.82	0	95
ptg011461l_1_region	343469	8868957	25.82	0	95
ptg011465l_1	130600	928787	7.11	0	30
ptg011465l_1_region	130600	928787	7.11	0	30
ptg011467l_1	50936	221189	4.34	0	19
ptg011467l_1_region	50936	221189	4.34	0	19
ptg011478l_1	28657	93644	3.27	0	8
ptg011478l_1_region	28657	93644	3.27	0	8
ptg011480l_1	67394	312918	4.64	0	22
ptg011480l_1_region	67394	312918	4.64	0	22
ptg011482l_1	97345	441968	4.54	0	12
ptg011482l_1_region	97345	441968	4.54	0	12
ptg011485l_1	103989	236902	2.28	0	11
ptg011485l_1_region	103989	236902	2.28	0	11
ptg011489l_1	49613	248775	5.01	0	13
ptg011489l_1_region	49613	248775	5.01	0	13
ptg011493l_1	47017	221606	4.71	0	17
ptg011493l_1_region	47017	221606	4.71	0	17
ptg011496l_1	35544	101030	2.84	0	6
ptg011496l_1_region	35544	101030	2.84	0	6
ptg011497l_1	27795	157788	5.68	0	12
ptg011497l_1_region	27795	157788	5.68	0	12
ptg011500l_1	102579	720679	7.03	0	21
ptg011500l_1_region	102579	720679	7.03	0	21
ptg011504l_1	170023	1380000	8.12	0	144
ptg011504l_1_region	170023	1380000	8.12	0	144
ptg011506l_1	166701	1181314	7.09	0	21
ptg011506l_1_region	166701	1181314	7.09	0	21
ptg011509l_1	25435	278428	10.95	0	21
ptg011509l_1_region	25435	278428	10.95	0	21
ptg011510l_1	207770	1051576	5.06	0	19
ptg011510l_1_region	207770	1051576	5.06	0	19
ptg011518l_1	337384	1340070	3.97	0	14
ptg011518l_1_region	337384	1340070	3.97	0	14
ptg011520l_1	120747	517683	4.29	0	15
ptg011520l_1_region	120747	517683	4.29	0	15
ptg011522l_1	56240	269949	4.80	0	14
ptg011522l_1_region	56240	269949	4.80	0	14
ptg011524l_1	60007	209582	3.49	0	8
ptg011524l_1_region	60007	209582	3.49	0	8
ptg011525l_1	22684	149894	6.61	0	15
ptg011525l_1_region	22684	149894	6.61	0	15
ptg011526l_1	270312	1598181	5.91	0	67
ptg011526l_1_region	270312	1598181	5.91	0	67
ptg011527l_1	24118	64017	2.65	0	7
ptg011527l_1_region	24118	64017	2.65	0	7
ptg011528l_1	19315	85857	4.45	0	8
ptg011528l_1_region	19315	85857	4.45	0	8
ptg011532l_1	122665	400549	3.27	0	14
ptg011532l_1_region	122665	400549	3.27	0	14
ptg011538l_1	105713	997693	9.44	0	16
ptg011538l_1_region	105713	997693	9.44	0	16
ptg011543l_1	128781	528361	4.10	0	11
ptg011543l_1_region	128781	528361	4.10	0	11
ptg011550l_1	53358	279108	5.23	0	11
ptg011550l_1_region	53358	279108	5.23	0	11
ptg011551l_1	76903	182515	2.37	0	15
ptg011551l_1_region	76903	182515	2.37	0	15
ptg011552l_1	220581	2115698	9.59	0	89
ptg011552l_1_region	220581	2115698	9.59	0	89
ptg011554l_1	40438	140385	3.47	0	12
ptg011554l_1_region	40438	140385	3.47	0	12
ptg011555l_1	216166	1119601	5.18	0	48
ptg011555l_1_region	216166	1119601	5.18	0	48
ptg011556l_1	68907	342052	4.96	0	24
ptg011556l_1_region	68907	342052	4.96	0	24
ptg011558l_1	33388	85253	2.55	0	6
ptg011558l_1_region	33388	85253	2.55	0	6
ptg011559l_1	26328	119151	4.53	0	10
ptg011559l_1_region	26328	119151	4.53	0	10
ptg011562l_1	12063	42133	3.49	0	6
ptg011562l_1_region	12063	42133	3.49	0	6
ptg011563l_1	127270	495400	3.89	0	12
ptg011563l_1_region	127270	495400	3.89	0	12
ptg011566l_1	254471	1141856	4.49	0	18
ptg011566l_1_region	254471	1141856	4.49	0	18
ptg011573l_1	20077	52137	2.60	0	12
ptg011573l_1_region	20077	52137	2.60	0	12
ptg011575l_1	73502	309104	4.21	0	12
ptg011575l_1_region	73502	309104	4.21	0	12
ptg011576l_1	35134	157832	4.49	0	11
ptg011576l_1_region	35134	157832	4.49	0	11
ptg011577l_1	95307	431647	4.53	0	19
ptg011577l_1_region	95307	431647	4.53	0	19
ptg011578l_1	17244	58447	3.39	0	6
ptg011578l_1_region	17244	58447	3.39	0	6
ptg011581l_1	10722	31799	2.97	0	7
ptg011581l_1_region	10722	31799	2.97	0	7
ptg011583l_1	39923	139963	3.51	0	10
ptg011583l_1_region	39923	139963	3.51	0	10
ptg011584l_1	101216	385919	3.81	0	11
ptg011584l_1_region	101216	385919	3.81	0	11
ptg011585l_1	202128	1253784	6.20	0	16
ptg011585l_1_region	202128	1253784	6.20	0	16
ptg011589l_1	318159	1578371	4.96	0	17
ptg011589l_1_region	318159	1578371	4.96	0	17
ptg011591l_1	171652	1182837	6.89	0	29
ptg011591l_1_region	171652	1182837	6.89	0	29
ptg011597l_1	239625	968409	4.04	0	24
ptg011597l_1_region	239625	968409	4.04	0	24
ptg011602l_1	1032630	6366507	6.17	0	19
ptg011602l_1_region	1032630	6366507	6.17	0	19
ptg011603l_1	32911	50854	1.55	0	4
ptg011603l_1_region	32911	50854	1.55	0	4
ptg011604l_1	24720	79901	3.23	0	8
ptg011604l_1_region	24720	79901	3.23	0	8
ptg011607l_1	41801	279574	6.69	0	12
ptg011607l_1_region	41801	279574	6.69	0	12
ptg011609l_1	82680	475679	5.75	0	38
ptg011609l_1_region	82680	475679	5.75	0	38
ptg011610l_1	57974	219912	3.79	0	11
ptg011610l_1_region	57974	219912	3.79	0	11
ptg011611l_1	52284	320277	6.13	0	12
ptg011611l_1_region	52284	320277	6.13	0	12
ptg011613l_1	78273	365657	4.67	0	11
ptg011613l_1_region	78273	365657	4.67	0	11
ptg011623l_1	36497	90596	2.48	0	12
ptg011623l_1_region	36497	90596	2.48	0	12
ptg011628l_1	80277	335569	4.18	0	14
ptg011628l_1_region	80277	335569	4.18	0	14
ptg011630l_1	205460	1139334	5.55	0	17
ptg011630l_1_region	205460	1139334	5.55	0	17
ptg011631l_1	25707	74752	2.91	0	7
ptg011631l_1_region	25707	74752	2.91	0	7
ptg011633l_1	29704	88371	2.98	0	12
ptg011633l_1_region	29704	88371	2.98	0	12
ptg011634l_1	62026	412946	6.66	0	16
ptg011634l_1_region	62026	412946	6.66	0	16
ptg011637l_1	34315	300234	8.75	0	26
ptg011637l_1_region	34315	300234	8.75	0	26
ptg011643l_1	68022	195176	2.87	0	11
ptg011643l_1_region	68022	195176	2.87	0	11
ptg011644l_1	202964	918290	4.52	0	15
ptg011644l_1_region	202964	918290	4.52	0	15
ptg011645l_1	94854	5823976	61.40	0	214
ptg011645l_1_region	94854	5823976	61.40	0	214
ptg011648l_1	74979	385226	5.14	0	12
ptg011648l_1_region	74979	385226	5.14	0	12
ptg011649l_1	103391	623176	6.03	0	19
ptg011649l_1_region	103391	623176	6.03	0	19
ptg011653l_1	126452	586692	4.64	0	16
ptg011653l_1_region	126452	586692	4.64	0	16
ptg011654l_1	38431	266101	6.92	0	11
ptg011654l_1_region	38431	266101	6.92	0	11
ptg011656l_1	50829	257176	5.06	0	11
ptg011656l_1_region	50829	257176	5.06	0	11
ptg011662l_1	89332	669027	7.49	0	15
ptg011662l_1_region	89332	669027	7.49	0	15
ptg011664l_1	108497	363536	3.35	0	12
ptg011664l_1_region	108497	363536	3.35	0	12
ptg011666l_1	34655	82306	2.38	0	11
ptg011666l_1_region	34655	82306	2.38	0	11
ptg011667l_1	253574	1626516	6.41	0	18
ptg011667l_1_region	253574	1626516	6.41	0	18
ptg011673l_1	159671	1958118	12.26	0	120
ptg011673l_1_region	159671	1958118	12.26	0	120
ptg011675l_1	119571	597682	5.00	0	18
ptg011675l_1_region	119571	597682	5.00	0	18
ptg011676l_1	35118	163321	4.65	0	11
ptg011676l_1_region	35118	163321	4.65	0	11
ptg011677l_1	26823	131787	4.91	0	12
ptg011677l_1_region	26823	131787	4.91	0	12
ptg011681l_1	26934	18971	0.70	0	2
ptg011681l_1_region	26934	18971	0.70	0	2
ptg011682l_1	136865	819195	5.99	0	14
ptg011682l_1_region	136865	819195	5.99	0	14
ptg011683l_1	50172	268244	5.35	0	17
ptg011683l_1_region	50172	268244	5.35	0	17
ptg011685l_1	66061	255681	3.87	0	10
ptg011685l_1_region	66061	255681	3.87	0	10
ptg011688l_1	107117	780049	7.28	0	15
ptg011688l_1_region	107117	780049	7.28	0	15
ptg011690l_1	62482	224660	3.60	0	16
ptg011690l_1_region	62482	224660	3.60	0	16
ptg011692l_1	197626	1161575	5.88	0	21
ptg011692l_1_region	197626	1161575	5.88	0	21
ptg011695l_1	116734	743552	6.37	0	27
ptg011695l_1_region	116734	743552	6.37	0	27
ptg011698l_1	19752	68737	3.48	0	24
ptg011698l_1_region	19752	68737	3.48	0	24
ptg011702l_1	44310	138238	3.12	0	12
ptg011702l_1_region	44310	138238	3.12	0	12
ptg011710l_1	177442	698605	3.94	0	18
ptg011710l_1_region	177442	698605	3.94	0	18
ptg011712l_1	134572	894513	6.65	0	16
ptg011712l_1_region	134572	894513	6.65	0	16
ptg011715l_1	20125	66520	3.31	0	7
ptg011715l_1_region	20125	66520	3.31	0	7
ptg011716l_1	351383	2400817	6.83	0	67
ptg011716l_1_region	351383	2400817	6.83	0	67
ptg011717l_1	275028	7487840	27.23	0	246
ptg011717l_1_region	275028	7487840	27.23	0	246
ptg011718l_1	167447	977647	5.84	0	20
ptg011718l_1_region	167447	977647	5.84	0	20
ptg011719l_1	64087	233012	3.64	0	14
ptg011719l_1_region	64087	233012	3.64	0	14
ptg011726l_1	24346	126003	5.18	0	11
ptg011726l_1_region	24346	126003	5.18	0	11
ptg011728l_1	80830	261239	3.23	0	18
ptg011728l_1_region	80830	261239	3.23	0	18
ptg011733l_1	122203	704808	5.77	0	15
ptg011733l_1_region	122203	704808	5.77	0	15
ptg011734l_1	149124	832565	5.58	0	32
ptg011734l_1_region	149124	832565	5.58	0	32
ptg011735l_1	57641	301012	5.22	0	23
ptg011735l_1_region	57641	301012	5.22	0	23
ptg011741l_1	18634	45546	2.44	0	7
ptg011741l_1_region	18634	45546	2.44	0	7
ptg011742l_1	64641	390022	6.03	0	15
ptg011742l_1_region	64641	390022	6.03	0	15
ptg011744l_1	15140	29485	1.95	0	5
ptg011744l_1_region	15140	29485	1.95	0	5
ptg011745l_1	119491	712934	5.97	0	17
ptg011745l_1_region	119491	712934	5.97	0	17
ptg011746l_1	224651	751886	3.35	0	12
ptg011746l_1_region	224651	751886	3.35	0	12
ptg011748l_1	65004	361580	5.56	0	11
ptg011748l_1_region	65004	361580	5.56	0	11
ptg011749l_1	54520	184348	3.38	0	11
ptg011749l_1_region	54520	184348	3.38	0	11
ptg011751l_1	14903	36792	2.47	0	4
ptg011751l_1_region	14903	36792	2.47	0	4
ptg011752l_1	61694	287407	4.66	0	11
ptg011752l_1_region	61694	287407	4.66	0	11
ptg011753l_1	143602	327581	2.28	0	12
ptg011753l_1_region	143602	327581	2.28	0	12
ptg011756l_1	33150	89507	2.70	0	6
ptg011756l_1_region	33150	89507	2.70	0	6
ptg011757l_1	45433	145137	3.19	0	11
ptg011757l_1_region	45433	145137	3.19	0	11
ptg011759l_1	72387	482673	6.67	0	16
ptg011759l_1_region	72387	482673	6.67	0	16
ptg011760l_1	58903	153784	2.61	0	12
ptg011760l_1_region	58903	153784	2.61	0	12
ptg011761l_1	160165	670929	4.19	0	19
ptg011761l_1_region	160165	670929	4.19	0	19
ptg011768l_1	57476	427604	7.44	0	19
ptg011768l_1_region	57476	427604	7.44	0	19
ptg011769l_1	18832	35043	1.86	0	7
ptg011769l_1_region	18832	35043	1.86	0	7
ptg011776l_1	25804	164958	6.39	0	14
ptg011776l_1_region	25804	164958	6.39	0	14
ptg011779l_1	53799	29006	0.54	0	5
ptg011779l_1_region	53799	29006	0.54	0	5
ptg011782l_1	112649	830197	7.37	0	28
ptg011782l_1_region	112649	830197	7.37	0	28
ptg011783l_1	59582	377214	6.33	0	16
ptg011783l_1_region	59582	377214	6.33	0	16
ptg011786l_1	683992	3990043	5.83	0	21
ptg011786l_1_region	683992	3990043	5.83	0	21
ptg011788l_1	35454	189755	5.35	0	24
ptg011788l_1_region	35454	189755	5.35	0	24
ptg011792l_1	46945	345431	7.36	0	1445
ptg011792l_1_region	46945	345431	7.36	0	1445
ptg011795l_1	72929	310682	4.26	0	10
ptg011795l_1_region	72929	310682	4.26	0	10
ptg011796l_1	106566	728995	6.84	0	25
ptg011796l_1_region	106566	728995	6.84	0	25
ptg011797l_1	130626	751181	5.75	0	16
ptg011797l_1_region	130626	751181	5.75	0	16
ptg011801l_1	76623	249233	3.25	0	13
ptg011801l_1_region	76623	249233	3.25	0	13
ptg011812l_1	63236	372548	5.89	0	14
ptg011812l_1_region	63236	372548	5.89	0	14
ptg011813l_1	17149	33657	1.96	0	4
ptg011813l_1_region	17149	33657	1.96	0	4
ptg011821l_1	36258	71563	1.97	0	7
ptg011821l_1_region	36258	71563	1.97	0	7
ptg011822l_1	152252	837142	5.50	0	19
ptg011822l_1_region	152252	837142	5.50	0	19
ptg011824l_1	70531	293334	4.16	0	11
ptg011824l_1_region	70531	293334	4.16	0	11
ptg011827l_1	50739	161340	3.18	0	10
ptg011827l_1_region	50739	161340	3.18	0	10
ptg011831l_1	40529	81286	2.01	0	6
ptg011831l_1_region	40529	81286	2.01	0	6
ptg011836l_1	132368	636458	4.81	0	14
ptg011836l_1_region	132368	636458	4.81	0	14
ptg011839l_1	95184	195427	2.05	0	11
ptg011839l_1_region	95184	195427	2.05	0	11
ptg011841l_1	11759	5032	0.43	0	2
ptg011841l_1_region	11759	5032	0.43	0	2
ptg011847l_1	27320	58643	2.15	0	8
ptg011847l_1_region	27320	58643	2.15	0	8
ptg011848l_1	8519	42807	5.02	0	7
ptg011848l_1_region	8519	42807	5.02	0	7
ptg011849l_1	29436	153458	5.21	0	16
ptg011849l_1_region	29436	153458	5.21	0	16
ptg011851l_1	100655	266012	2.64	0	12
ptg011851l_1_region	100655	266012	2.64	0	12
ptg011853l_1	63863	246648	3.86	0	70
ptg011853l_1_region	63863	246648	3.86	0	70
ptg011856l_1	144837	618989	4.27	0	14
ptg011856l_1_region	144837	618989	4.27	0	14
ptg011858l_1	35102	94028	2.68	0	8
ptg011858l_1_region	35102	94028	2.68	0	8
ptg011866l_1	36102	215803	5.98	0	18
ptg011866l_1_region	36102	215803	5.98	0	18
ptg011870l_1	67827	338971	5.00	0	16
ptg011870l_1_region	67827	338971	5.00	0	16
ptg011871l_1	57317	175499	3.06	0	16
ptg011871l_1_region	57317	175499	3.06	0	16
ptg011875l_1	80820	467005	5.78	0	16
ptg011875l_1_region	80820	467005	5.78	0	16
ptg011880l_1	144438	487238	3.37	0	34
ptg011880l_1_region	144438	487238	3.37	0	34
ptg011881l_1	44402	170608	3.84	0	9
ptg011881l_1_region	44402	170608	3.84	0	9
ptg011882l_1	12193	32180	2.64	0	4
ptg011882l_1_region	12193	32180	2.64	0	4
ptg011883l_1	67581	247226	3.66	0	9
ptg011883l_1_region	67581	247226	3.66	0	9
ptg011884l_1	17236	42426	2.46	0	7
ptg011884l_1_region	17236	42426	2.46	0	7
ptg011885l_1	64424	208691	3.24	0	9
ptg011885l_1_region	64424	208691	3.24	0	9
ptg011886l_1	95513	378767	3.97	0	13
ptg011886l_1_region	95513	378767	3.97	0	13
ptg011891l_1	218208	1067284	4.89	0	201
ptg011891l_1_region	218208	1067284	4.89	0	201
ptg011893l_1	12483	34331	2.75	0	6
ptg011893l_1_region	12483	34331	2.75	0	6
ptg011897l_1	30031	164280	5.47	0	12
ptg011897l_1_region	30031	164280	5.47	0	12
ptg011901l_1	408796	4599379	11.25	0	177
ptg011901l_1_region	408796	4599379	11.25	0	177
ptg011906l_1	192994	1723145	8.93	0	24
ptg011906l_1_region	192994	1723145	8.93	0	24
ptg011908l_1	120461	366699	3.04	0	21
ptg011908l_1_region	120461	366699	3.04	0	21
ptg011909l_1	261080	1740731	6.67	0	25
ptg011909l_1_region	261080	1740731	6.67	0	25
ptg011914l_1	504380	136278	0.27	0	9
ptg011914l_1_region	504380	136278	0.27	0	9
ptg011915l_1	110405	1303448	11.81	0	48
ptg011915l_1_region	110405	1303448	11.81	0	48
ptg011916l_1	190217	1524413	8.01	0	39
ptg011916l_1_region	190217	1524413	8.01	0	39
ptg011918l_1	277889	634638	2.28	0	19
ptg011918l_1_region	277889	634638	2.28	0	19
ptg011919l_1	51942	217349	4.18	0	13
ptg011919l_1_region	51942	217349	4.18	0	13
ptg011920l_1	88959	321090	3.61	0	15
ptg011920l_1_region	88959	321090	3.61	0	15
ptg011923l_1	18494	49113	2.66	0	4
ptg011923l_1_region	18494	49113	2.66	0	4
ptg011927l_1	14269	122201	8.56	0	18
ptg011927l_1_region	14269	122201	8.56	0	18
ptg011928l_1	387057	2916347	7.53	0	23
ptg011928l_1_region	387057	2916347	7.53	0	23
ptg011933l_1	234247	519311	2.22	0	14
ptg011933l_1_region	234247	519311	2.22	0	14
ptg011935l_1	16286	40750	2.50	0	5
ptg011935l_1_region	16286	40750	2.50	0	5
ptg011937l_1	175233	737608	4.21	0	13
ptg011937l_1_region	175233	737608	4.21	0	13
ptg011945l_1	111351	493043	4.43	0	15
ptg011945l_1_region	111351	493043	4.43	0	15
ptg011946l_1	96142	527589	5.49	0	16
ptg011946l_1_region	96142	527589	5.49	0	16
ptg011952l_1	8937	32174	3.60	0	7
ptg011952l_1_region	8937	32174	3.60	0	7
ptg011954l_1	73051	271053	3.71	0	18
ptg011954l_1_region	73051	271053	3.71	0	18
ptg011961l_1	36238	165331	4.56	0	13
ptg011961l_1_region	36238	165331	4.56	0	13
ptg011963l_1	19304	23358	1.21	0	9
ptg011963l_1_region	19304	23358	1.21	0	9
ptg011967l_1	26069	162070	6.22	0	18
ptg011967l_1_region	26069	162070	6.22	0	18
ptg011968l_1	223740	1037492	4.64	0	13
ptg011968l_1_region	223740	1037492	4.64	0	13
ptg011971l_1	315019	1470051	4.67	0	148
ptg011971l_1_region	315019	1470051	4.67	0	148
ptg011975l_1	29230	147632	5.05	0	14
ptg011975l_1_region	29230	147632	5.05	0	14
ptg011977l_1	56500	213500	3.78	0	14
ptg011977l_1_region	56500	213500	3.78	0	14
ptg011979l_1	45606	215230	4.72	0	11
ptg011979l_1_region	45606	215230	4.72	0	11
ptg011980l_1	21197	56444	2.66	0	8
ptg011980l_1_region	21197	56444	2.66	0	8
ptg011983l_1	97758	525494	5.38	0	13
ptg011983l_1_region	97758	525494	5.38	0	13
ptg011985l_1	106933	616087	5.76	0	30
ptg011985l_1_region	106933	616087	5.76	0	30
ptg011986l_1	38976	220947	5.67	0	13
ptg011986l_1_region	38976	220947	5.67	0	13
ptg011987l_1	53612	171340	3.20	0	13
ptg011987l_1_region	53612	171340	3.20	0	13
ptg011990l_1	44118	256210	5.81	0	20
ptg011990l_1_region	44118	256210	5.81	0	20
ptg012000l_1	22371	42417	1.90	0	5
ptg012000l_1_region	22371	42417	1.90	0	5
ptg012001l_1	18589	23775	1.28	0	4
ptg012001l_1_region	18589	23775	1.28	0	4
ptg012004l_1	24586	85564	3.48	0	9
ptg012004l_1_region	24586	85564	3.48	0	9
ptg012005l_1	78871	773557	9.81	0	23
ptg012005l_1_region	78871	773557	9.81	0	23
ptg012006l_1	32426	125701	3.88	0	10
ptg012006l_1_region	32426	125701	3.88	0	10
ptg012009l_1	13995	4348	0.31	0	1
ptg012009l_1_region	13995	4348	0.31	0	1
ptg012010l_1	76685	513918	6.70	0	17
ptg012010l_1_region	76685	513918	6.70	0	17
ptg012011l_1	90383	318520	3.52	0	9
ptg012011l_1_region	90383	318520	3.52	0	9
ptg012012l_1	31239	220469	7.06	0	16
ptg012012l_1_region	31239	220469	7.06	0	16
ptg012013l_1	219067	2463626	11.25	0	51
ptg012013l_1_region	219067	2463626	11.25	0	51
ptg012023l_1	541697	2139070	3.95	0	47
ptg012023l_1_region	541697	2139070	3.95	0	47
ptg012025l_1	99777	652673	6.54	0	20
ptg012025l_1_region	99777	652673	6.54	0	20
ptg012030l_1	283684	2768477	9.76	0	49
ptg012030l_1_region	283684	2768477	9.76	0	49
ptg012037l_1	181064	1812964	10.01	0	48
ptg012037l_1_region	181064	1812964	10.01	0	48
ptg012040l_1	16132	44692	2.77	0	6
ptg012040l_1_region	16132	44692	2.77	0	6
ptg012049l_1	15973	56370	3.53	0	9
ptg012049l_1_region	15973	56370	3.53	0	9
ptg012050l_1	53847	209497	3.89	0	11
ptg012050l_1_region	53847	209497	3.89	0	11
ptg012055l_1	62203	361647	5.81	0	14
ptg012055l_1_region	62203	361647	5.81	0	14
ptg012059l_1	8628	34124	3.96	0	7
ptg012059l_1_region	8628	34124	3.96	0	7
ptg012060l_1	17895	126570	7.07	1	15
ptg012060l_1_region	17895	126570	7.07	1	15
ptg012062l_1	115448	919092	7.96	0	24
ptg012062l_1_region	115448	919092	7.96	0	24
ptg012066l_1	30797	127119	4.13	0	13
ptg012066l_1_region	30797	127119	4.13	0	13
ptg012070l_1	36743	27453	0.75	0	4
ptg012070l_1_region	36743	27453	0.75	0	4
ptg012074l_1	75268	409285	5.44	0	19
ptg012074l_1_region	75268	409285	5.44	0	19
ptg012075l_1	43451	185119	4.26	0	10
ptg012075l_1_region	43451	185119	4.26	0	10
ptg012076l_1	54751	66266	1.21	0	9
ptg012076l_1_region	54751	66266	1.21	0	9
ptg012079l_1	46808	225809	4.82	0	18
ptg012079l_1_region	46808	225809	4.82	0	18
ptg012081l_1	49540	173457	3.50	0	11
ptg012081l_1_region	49540	173457	3.50	0	11
ptg012094l_1	38540	156745	4.07	0	9
ptg012094l_1_region	38540	156745	4.07	0	9
ptg012095l_1	9374	48728	5.20	0	11
ptg012095l_1_region	9374	48728	5.20	0	11
ptg012096l_1	27202	51745	1.90	0	5
ptg012096l_1_region	27202	51745	1.90	0	5
ptg012108l_1	116999	763291	6.52	0	20
ptg012108l_1_region	116999	763291	6.52	0	20
ptg012110l_1	12683	18054	1.42	0	3
ptg012110l_1_region	12683	18054	1.42	0	3
ptg012112l_1	51098	867384	16.97	0	69
ptg012112l_1_region	51098	867384	16.97	0	69
ptg012117l_1	105575	428845	4.06	0	17
ptg012117l_1_region	105575	428845	4.06	0	17
ptg012118l_1	99119	375210	3.79	0	15
ptg012118l_1_region	99119	375210	3.79	0	15
ptg012120l_1	100643	436691	4.34	0	13
ptg012120l_1_region	100643	436691	4.34	0	13
ptg012122l_1	58498	123906	2.12	0	7
ptg012122l_1_region	58498	123906	2.12	0	7
ptg012124l_1	7330	3535	0.48	0	1
ptg012124l_1_region	7330	3535	0.48	0	1
ptg012128l_1	805602	4154120	5.16	0	27
ptg012128l_1_region	805602	4154120	5.16	0	27
ptg012129l_1	48071	240548	5.00	0	13
ptg012129l_1_region	48071	240548	5.00	0	13
ptg012132l_1	181465	2091426	11.53	0	32
ptg012132l_1_region	181465	2091426	11.53	0	32
ptg012134l_1	46277	126986	2.74	0	8
ptg012134l_1_region	46277	126986	2.74	0	8
ptg012137l_1	108759	565026	5.20	0	16
ptg012137l_1_region	108759	565026	5.20	0	16
ptg012141l_1	18873	47430	2.51	0	9
ptg012141l_1_region	18873	47430	2.51	0	9
ptg012142l_1	11593	27397	2.36	1	5
ptg012142l_1_region	11593	27397	2.36	1	5
ptg012143l_1	181874	797803	4.39	0	13
ptg012143l_1_region	181874	797803	4.39	0	13
ptg012146l_1	286383	1642115	5.73	0	18
ptg012146l_1_region	286383	1642115	5.73	0	18
ptg012150l_1	190116	947277	4.98	0	16
ptg012150l_1_region	190116	947277	4.98	0	16
ptg012155l_1	70062	262924	3.75	0	14
ptg012155l_1_region	70062	262924	3.75	0	14
ptg012157l_1	49818	261030	5.24	0	23
ptg012157l_1_region	49818	261030	5.24	0	23
ptg012160l_1	12177	43970	3.61	0	8
ptg012160l_1_region	12177	43970	3.61	0	8
ptg012163l_1	34157	319482	9.35	0	17
ptg012163l_1_region	34157	319482	9.35	0	17
ptg012173l_1	35971	244008	6.78	0	41
ptg012173l_1_region	35971	244008	6.78	0	41
ptg012174l_1	278595	1037397	3.72	0	18
ptg012174l_1_region	278595	1037397	3.72	0	18
ptg012175l_1	123025	825308	6.71	0	57
ptg012175l_1_region	123025	825308	6.71	0	57
ptg012180l_1	10483	50153	4.78	0	8
ptg012180l_1_region	10483	50153	4.78	0	8
ptg012197l_1	75996	364894	4.80	0	27
ptg012197l_1_region	75996	364894	4.80	0	27
ptg012201l_1	206527	1340460	6.49	0	18
ptg012201l_1_region	206527	1340460	6.49	0	18
ptg012207l_1	27505	168999	6.14	0	10
ptg012207l_1_region	27505	168999	6.14	0	10
ptg012210l_1	777744	3958814	5.09	0	22
ptg012210l_1_region	777744	3958814	5.09	0	22
ptg012214l_1	405492	289429	0.71	0	12
ptg012214l_1_region	405492	289429	0.71	0	12
ptg012215l_1	436114	240661	0.55	0	9
ptg012215l_1_region	436114	240661	0.55	0	9
ptg012217l_1	316000	186057	0.59	0	20
ptg012217l_1_region	316000	186057	0.59	0	20
ptg012221l_1	33429	176881	5.29	0	29
ptg012221l_1_region	33429	176881	5.29	0	29
ptg012222l_1	84454	381126	4.51	0	11
ptg012222l_1_region	84454	381126	4.51	0	11
ptg012223l_1	34469	163881	4.75	0	11
ptg012223l_1_region	34469	163881	4.75	0	11
ptg012226l_1	107136	722203	6.74	0	35
ptg012226l_1_region	107136	722203	6.74	0	35
ptg012228l_1	55867	370860	6.64	0	15
ptg012228l_1_region	55867	370860	6.64	0	15
ptg012230l_1	420808	2328266	5.53	0	45
ptg012230l_1_region	420808	2328266	5.53	0	45
ptg012231l_1	81428	316273	3.88	0	9
ptg012231l_1_region	81428	316273	3.88	0	9
ptg012232l_1	211348	620122	2.93	0	12
ptg012232l_1_region	211348	620122	2.93	0	12
ptg012235l_1	20112	147976	7.36	1	15
ptg012235l_1_region	20112	147976	7.36	1	15
ptg012238l_1	908684	388154	0.43	0	10
ptg012238l_1_region	908684	388154	0.43	0	10
ptg012252l_1	110665	515600	4.66	0	25
ptg012252l_1_region	110665	515600	4.66	0	25
ptg012253l_1	96813	579297	5.98	0	13
ptg012253l_1_region	96813	579297	5.98	0	13
ptg012254l_1	152879	1170566	7.66	0	22
ptg012254l_1_region	152879	1170566	7.66	0	22
ptg012255l_1	698799	4537301	6.49	0	22
ptg012255l_1_region	698799	4537301	6.49	0	22
ptg012256l_1	38054	128399	3.37	0	7
ptg012256l_1_region	38054	128399	3.37	0	7
ptg012263l_1	36754	136640	3.72	0	23
ptg012263l_1_region	36754	136640	3.72	0	23
ptg012266l_1	76982	828194	10.76	0	23
ptg012266l_1_region	76982	828194	10.76	0	23
ptg012267l_1	39963	132590	3.32	0	11
ptg012267l_1_region	39963	132590	3.32	0	11
ptg012272l_1	49935	191063	3.83	0	12
ptg012272l_1_region	49935	191063	3.83	0	12
ptg012282l_1	87141	432461	4.96	0	13
ptg012282l_1_region	87141	432461	4.96	0	13
ptg012283l_1	66759	380472	5.70	0	14
ptg012283l_1_region	66759	380472	5.70	0	14
ptg012285l_1	13346	12022	0.90	0	2
ptg012285l_1_region	13346	12022	0.90	0	2
ptg012287l_1	48924	187498	3.83	0	10
ptg012287l_1_region	48924	187498	3.83	0	10
ptg012289l_1	137526	560215	4.07	0	12
ptg012289l_1_region	137526	560215	4.07	0	12
ptg012294l_1	47424	280654	5.92	0	13
ptg012294l_1_region	47424	280654	5.92	0	13
ptg012298l_1	30927	113292	3.66	0	8
ptg012298l_1_region	30927	113292	3.66	0	8
ptg012302l_1	83382	280368	3.36	0	9
ptg012302l_1_region	83382	280368	3.36	0	9
ptg012304l_1	145389	552089	3.80	0	11
ptg012304l_1_region	145389	552089	3.80	0	11
ptg012311l_1	205424	309352	1.51	0	9
ptg012311l_1_region	205424	309352	1.51	0	9
ptg012314l_1	29207	113265	3.88	0	12
ptg012314l_1_region	29207	113265	3.88	0	12
ptg012315l_1	204414	1085271	5.31	0	46
ptg012315l_1_region	204414	1085271	5.31	0	46
ptg012317l_1	98975	345173	3.49	0	18
ptg012317l_1_region	98975	345173	3.49	0	18
ptg012318l_1	130844	1623591	12.41	0	29
ptg012318l_1_region	130844	1623591	12.41	0	29
ptg012320l_1	28496	54427	1.91	0	4
ptg012320l_1_region	28496	54427	1.91	0	4
ptg012321l_1	59289	273143	4.61	0	12
ptg012321l_1_region	59289	273143	4.61	0	12
ptg012322l_1	231850	974071	4.20	0	21
ptg012322l_1_region	231850	974071	4.20	0	21
ptg012323l_1	46397	188257	4.06	0	10
ptg012323l_1_region	46397	188257	4.06	0	10
ptg012328l_1	52976	517885	9.78	0	22
ptg012328l_1_region	52976	517885	9.78	0	22
ptg012329l_1	79508	384066	4.83	0	11
ptg012329l_1_region	79508	384066	4.83	0	11
ptg012330l_1	17428	37332	2.14	0	9
ptg012330l_1_region	17428	37332	2.14	0	9
ptg012333l_1	12535	57096	4.55	0	11
ptg012333l_1_region	12535	57096	4.55	0	11
ptg012334l_1	15777	83502	5.29	2	11
ptg012334l_1_region	15777	83502	5.29	2	11
ptg012335l_1	34070	103838	3.05	0	15
ptg012335l_1_region	34070	103838	3.05	0	15
ptg012348l_1	108297	637376	5.89	0	13
ptg012348l_1_region	108297	637376	5.89	0	13
ptg012349l_1	131023	458424	3.50	0	18
ptg012349l_1_region	131023	458424	3.50	0	18
ptg012350l_1	98098	314838	3.21	0	8
ptg012350l_1_region	98098	314838	3.21	0	8
ptg012354l_1	113907	747336	6.56	0	15
ptg012354l_1_region	113907	747336	6.56	0	15
ptg012358l_1	19844	35896	1.81	0	6
ptg012358l_1_region	19844	35896	1.81	0	6
ptg012361l_1	195548	706435	3.61	0	13
ptg012361l_1_region	195548	706435	3.61	0	13
ptg012364l_1	22023	103573	4.70	0	11
ptg012364l_1_region	22023	103573	4.70	0	11
ptg012365l_1	42611	173440	4.07	0	9
ptg012365l_1_region	42611	173440	4.07	0	9
ptg012366l_1	97746	454646	4.65	0	12
ptg012366l_1_region	97746	454646	4.65	0	12
ptg012367l_1	59878	226515	3.78	0	11
ptg012367l_1_region	59878	226515	3.78	0	11
ptg012370l_1	8512	108731	12.77	1	17
ptg012370l_1_region	8512	108731	12.77	1	17
ptg012384l_1	19402	78954	4.07	0	7
ptg012384l_1_region	19402	78954	4.07	0	7
ptg012386l_1	23314	96576	4.14	0	8
ptg012386l_1_region	23314	96576	4.14	0	8
ptg012388l_1	55151	396076	7.18	0	58
ptg012388l_1_region	55151	396076	7.18	0	58
ptg012389l_1	28460	72770	2.56	0	7
ptg012389l_1_region	28460	72770	2.56	0	7
ptg012397l_1	31221	162909	5.22	0	10
ptg012397l_1_region	31221	162909	5.22	0	10
ptg012398l_1	122402	416534	3.40	0	9
ptg012398l_1_region	122402	416534	3.40	0	9
ptg012399l_1	119167	382175	3.21	0	12
ptg012399l_1_region	119167	382175	3.21	0	12
ptg012400l_1	55402	258297	4.66	0	12
ptg012400l_1_region	55402	258297	4.66	0	12
ptg012402l_1	12399	32303	2.61	0	10
ptg012402l_1_region	12399	32303	2.61	0	10
ptg012403l_1	75475	356889	4.73	0	28
ptg012403l_1_region	75475	356889	4.73	0	28
ptg012408l_1	25778	98695	3.83	0	8
ptg012408l_1_region	25778	98695	3.83	0	8
ptg012411l_1	99348	352508	3.55	0	18
ptg012411l_1_region	99348	352508	3.55	0	18
ptg012412l_1	52517	81621	1.55	0	13
ptg012412l_1_region	52517	81621	1.55	0	13
ptg012413l_1	18792	24918	1.33	0	6
ptg012413l_1_region	18792	24918	1.33	0	6
ptg012417l_1	17910	18177	1.01	0	4
ptg012417l_1_region	17910	18177	1.01	0	4
ptg012418l_1	48721	179465	3.68	0	16
ptg012418l_1_region	48721	179465	3.68	0	16
ptg012421l_1	70972	454321	6.40	0	18
ptg012421l_1_region	70972	454321	6.40	0	18
ptg012427l_1	22063	140877	6.39	0	15
ptg012427l_1_region	22063	140877	6.39	0	15
ptg012429l_1	15061	34318	2.28	0	5
ptg012429l_1_region	15061	34318	2.28	0	5
ptg012430l_1	20983	18958	0.90	0	2
ptg012430l_1_region	20983	18958	0.90	0	2
ptg012431l_1	15991	27092	1.69	0	5
ptg012431l_1_region	15991	27092	1.69	0	5
ptg012432l_1	68630	333117	4.85	0	18
ptg012432l_1_region	68630	333117	4.85	0	18
ptg012433l_1	171632	1364598	7.95	0	43
ptg012433l_1_region	171632	1364598	7.95	0	43
ptg012434l_1	199649	2328370	11.66	0	88
ptg012434l_1_region	199649	2328370	11.66	0	88
ptg012444l_1	36189	85383	2.36	0	6
ptg012444l_1_region	36189	85383	2.36	0	6
ptg012446l_1	1145697	7384795	6.45	0	63
ptg012446l_1_region	1145697	7384795	6.45	0	63
ptg012450l_1	58652	237334	4.05	0	11
ptg012450l_1_region	58652	237334	4.05	0	11
ptg012452l_1	45304	65325	1.44	0	6
ptg012452l_1_region	45304	65325	1.44	0	6
ptg012456l_1	230232	815894	3.54	0	14
ptg012456l_1_region	230232	815894	3.54	0	14
ptg012458l_1	38827	145695	3.75	0	17
ptg012458l_1_region	38827	145695	3.75	0	17
ptg012459l_1	122884	406728	3.31	0	15
ptg012459l_1_region	122884	406728	3.31	0	15
ptg012462l_1	195020	1176339	6.03	0	19
ptg012462l_1_region	195020	1176339	6.03	0	19
ptg012464l_1	33911	76020	2.24	0	7
ptg012464l_1_region	33911	76020	2.24	0	7
ptg012467l_1	16036	314586	19.62	0	36
ptg012467l_1_region	16036	314586	19.62	0	36
ptg012468l_1	33937	195605	5.76	0	12
ptg012468l_1_region	33937	195605	5.76	0	12
ptg012471l_1	27286	41236	1.51	0	9
ptg012471l_1_region	27286	41236	1.51	0	9
ptg012474l_1	390545	1858580	4.76	0	20
ptg012474l_1_region	390545	1858580	4.76	0	20
ptg012477l_1	74232	407290	5.49	0	13
ptg012477l_1_region	74232	407290	5.49	0	13
ptg012483l_1	37847	196613	5.19	0	19
ptg012483l_1_region	37847	196613	5.19	0	19
ptg012489l_1	21104	42080	1.99	0	10
ptg012489l_1_region	21104	42080	1.99	0	10
ptg012490l_1	56969	218027	3.83	0	18
ptg012490l_1_region	56969	218027	3.83	0	18
ptg012493l_1	31542	95257	3.02	0	9
ptg012493l_1_region	31542	95257	3.02	0	9
ptg012495l_1	446595	117300	0.26	0	5
ptg012495l_1_region	446595	117300	0.26	0	5
ptg012496l_1	379933	1208456	3.18	0	13
ptg012496l_1_region	379933	1208456	3.18	0	13
ptg012499l_1	18747	51485	2.75	0	5
ptg012499l_1_region	18747	51485	2.75	0	5
ptg012502l_1	32964	57982	1.76	0	6
ptg012502l_1_region	32964	57982	1.76	0	6
ptg012506l_1	164577	447625	2.72	0	11
ptg012506l_1_region	164577	447625	2.72	0	11
ptg012514l_1	24993	66706	2.67	0	7
ptg012514l_1_region	24993	66706	2.67	0	7
ptg012517l_1	172182	815849	4.74	0	20
ptg012517l_1_region	172182	815849	4.74	0	20
ptg012518l_1	77211	327388	4.24	0	15
ptg012518l_1_region	77211	327388	4.24	0	15
ptg012519l_1	12905	16110	1.25	0	2
ptg012519l_1_region	12905	16110	1.25	0	2
ptg012520l_1	62632	259969	4.15	0	19
ptg012520l_1_region	62632	259969	4.15	0	19
ptg012523l_1	83780	267302	3.19	0	10
ptg012523l_1_region	83780	267302	3.19	0	10
ptg012531l_1	15146	63659	4.20	0	7
ptg012531l_1_region	15146	63659	4.20	0	7
ptg012533l_1	33214	61256	1.84	0	4
ptg012533l_1_region	33214	61256	1.84	0	4
ptg012538l_1	114413	505357	4.42	0	18
ptg012538l_1_region	114413	505357	4.42	0	18
ptg012541l_1	90060	271341	3.01	0	9
ptg012541l_1_region	90060	271341	3.01	0	9
ptg012543l_1	86176	394001	4.57	0	23
ptg012543l_1_region	86176	394001	4.57	0	23
ptg012544l_1	124709	897832	7.20	0	21
ptg012544l_1_region	124709	897832	7.20	0	21
ptg012551l_1	47445	175092	3.69	0	10
ptg012551l_1_region	47445	175092	3.69	0	10
ptg012554l_1	22868	195941	8.57	0	24
ptg012554l_1_region	22868	195941	8.57	0	24
ptg012558l_1	69624	299504	4.30	0	10
ptg012558l_1_region	69624	299504	4.30	0	10
ptg012559l_1	38150	170070	4.46	0	38
ptg012559l_1_region	38150	170070	4.46	0	38
ptg012560l_1	283872	1824461	6.43	0	41
ptg012560l_1_region	283872	1824461	6.43	0	41
ptg012566l_1	41191	74620	1.81	0	7
ptg012566l_1_region	41191	74620	1.81	0	7
ptg012573l_1	46297	295671	6.39	0	14
ptg012573l_1_region	46297	295671	6.39	0	14
ptg012575l_1	155738	674768	4.33	0	12
ptg012575l_1_region	155738	674768	4.33	0	12
ptg012577c_1	120685	150965	1.25	0	10
ptg012577c_1_region	120685	150965	1.25	0	10
ptg012580l_1	175446	807383	4.60	0	22
ptg012580l_1_region	175446	807383	4.60	0	22
ptg012581l_1	58171	381677	6.56	0	13
ptg012581l_1_region	58171	381677	6.56	0	13
ptg012582l_1	7495	21184	2.83	0	4
ptg012582l_1_region	7495	21184	2.83	0	4
ptg012586l_1	793630	4408434	5.55	0	33
ptg012586l_1_region	793630	4408434	5.55	0	33
ptg012587l_1	54927	301523	5.49	0	16
ptg012587l_1_region	54927	301523	5.49	0	16
ptg012590l_1	19626	218967	11.16	0	20
ptg012590l_1_region	19626	218967	11.16	0	20
ptg012592l_1	263311	1016901	3.86	0	42
ptg012592l_1_region	263311	1016901	3.86	0	42
ptg012593l_1	76962	169450	2.20	0	8
ptg012593l_1_region	76962	169450	2.20	0	8
ptg012594l_1	75303	504739	6.70	0	26
ptg012594l_1_region	75303	504739	6.70	0	26
ptg012596l_1	433043	3102718	7.16	0	18
ptg012596l_1_region	433043	3102718	7.16	0	18
ptg012603l_1	20727	72359	3.49	0	9
ptg012603l_1_region	20727	72359	3.49	0	9
ptg012604l_1	25387	88974	3.50	0	9
ptg012604l_1_region	25387	88974	3.50	0	9
ptg012606l_1	57790	206164	3.57	0	10
ptg012606l_1_region	57790	206164	3.57	0	10
ptg012611l_1	699152	663745	0.95	0	25
ptg012611l_1_region	699152	663745	0.95	0	25
ptg012612l_1	27495	117401	4.27	0	16
ptg012612l_1_region	27495	117401	4.27	0	16
ptg012619l_1	16819	90201	5.36	0	11
ptg012619l_1_region	16819	90201	5.36	0	11
ptg012621l_1	66960	325331	4.86	0	15
ptg012621l_1_region	66960	325331	4.86	0	15
ptg012622l_1	241249	1778993	7.37	0	27
ptg012622l_1_region	241249	1778993	7.37	0	27
ptg012623l_1	41270	197124	4.78	0	10
ptg012623l_1_region	41270	197124	4.78	0	10
ptg012627l_1	32098	15843	0.49	0	2
ptg012627l_1_region	32098	15843	0.49	0	2
ptg012628l_1	169856	640146	3.77	0	31
ptg012628l_1_region	169856	640146	3.77	0	31
ptg012629l_1	50439	91429	1.81	0	4
ptg012629l_1_region	50439	91429	1.81	0	4
ptg012630l_1	50093	206436	4.12	0	11
ptg012630l_1_region	50093	206436	4.12	0	11
ptg012631l_1	203275	188767	0.93	0	15
ptg012631l_1_region	203275	188767	0.93	0	15
ptg012635l_1	81294	562606	6.92	0	25
ptg012635l_1_region	81294	562606	6.92	0	25
ptg012638l_1	61696	183143	2.97	0	11
ptg012638l_1_region	61696	183143	2.97	0	11
ptg012642l_1	66134	510666	7.72	0	19
ptg012642l_1_region	66134	510666	7.72	0	19
ptg012645l_1	79376	264029	3.33	0	10
ptg012645l_1_region	79376	264029	3.33	0	10
ptg012647l_1	22677	17943	0.79	0	2
ptg012647l_1_region	22677	17943	0.79	0	2
ptg012649l_1	38994	192789	4.94	0	15
ptg012649l_1_region	38994	192789	4.94	0	15
ptg012650l_1	114269	338298	2.96	0	9
ptg012650l_1_region	114269	338298	2.96	0	9
ptg012652l_1	37319	234842	6.29	0	11
ptg012652l_1_region	37319	234842	6.29	0	11
ptg012654l_1	107424	305644	2.85	0	12
ptg012654l_1_region	107424	305644	2.85	0	12
ptg012655l_1	38783	5309	0.14	0	1
ptg012655l_1_region	38783	5309	0.14	0	1
ptg012656l_1	38953	184596	4.74	0	12
ptg012656l_1_region	38953	184596	4.74	0	12
ptg012657l_1	19367	80926	4.18	0	7
ptg012657l_1_region	19367	80926	4.18	0	7
ptg012659l_1	77196	210037	2.72	0	13
ptg012659l_1_region	77196	210037	2.72	0	13
ptg012661l_1	40137	139026	3.46	0	6
ptg012661l_1_region	40137	139026	3.46	0	6
ptg012663l_1	36221	117137	3.23	0	7
ptg012663l_1_region	36221	117137	3.23	0	7
ptg012664l_1	22399	86164	3.85	0	8
ptg012664l_1_region	22399	86164	3.85	0	8
ptg012665l_1	108424	580044	5.35	0	32
ptg012665l_1_region	108424	580044	5.35	0	32
ptg012667l_1	60044	171616	2.86	0	11
ptg012667l_1_region	60044	171616	2.86	0	11
ptg012668l_1	26706	28764	1.08	0	3
ptg012668l_1_region	26706	28764	1.08	0	3
ptg012669l_1	48621	307587	6.33	0	13
ptg012669l_1_region	48621	307587	6.33	0	13
ptg012670l_1	26864	22526	0.84	0	2
ptg012670l_1_region	26864	22526	0.84	0	2
ptg012671l_1	78744	367604	4.67	0	11
ptg012671l_1_region	78744	367604	4.67	0	11
ptg012673l_1	15440	8889	0.58	0	1
ptg012673l_1_region	15440	8889	0.58	0	1
ptg012675l_1	37852	34828	0.92	0	4
ptg012675l_1_region	37852	34828	0.92	0	4
ptg012676l_1	40477	229646	5.67	0	22
ptg012676l_1_region	40477	229646	5.67	0	22
ptg012677l_1	82203	559338	6.80	0	19
ptg012677l_1_region	82203	559338	6.80	0	19
ptg012679l_1	134118	697471	5.20	0	29
ptg012679l_1_region	134118	697471	5.20	0	29
ptg012680l_1	328873	1428434	4.34	0	22
ptg012680l_1_region	328873	1428434	4.34	0	22
ptg012682l_1	54487	256295	4.70	0	15
ptg012682l_1_region	54487	256295	4.70	0	15
ptg012683l_1	22504	6975	0.31	0	1
ptg012683l_1_region	22504	6975	0.31	0	1
ptg012685l_1	24670	157060	6.37	1	11
ptg012685l_1_region	24670	157060	6.37	1	11
ptg012687l_1	14245	113158	7.94	0	14
ptg012687l_1_region	14245	113158	7.94	0	14
ptg012688l_1	674003	187003	0.28	0	3
ptg012688l_1_region	674003	187003	0.28	0	3
ptg012691l_1	42003	523562	12.46	0	36
ptg012691l_1_region	42003	523562	12.46	0	36
ptg012694l_1	35924	147995	4.12	0	11
ptg012694l_1_region	35924	147995	4.12	0	11
ptg012708l_1	84704	460483	5.44	0	30
ptg012708l_1_region	84704	460483	5.44	0	30
ptg012710l_1	18244	43438	2.38	0	8
ptg012710l_1_region	18244	43438	2.38	0	8
ptg012716l_1	84222	315774	3.75	0	15
ptg012716l_1_region	84222	315774	3.75	0	15
ptg012718l_1	171910	720808	4.19	0	12
ptg012718l_1_region	171910	720808	4.19	0	12
ptg012722l_1	909992	1129520	1.24	0	17
ptg012722l_1_region	909992	1129520	1.24	0	17
ptg012725l_1	880056	522058	0.59	0	10
ptg012725l_1_region	880056	522058	0.59	0	10
ptg012728l_1	21828	52449	2.40	0	6
ptg012728l_1_region	21828	52449	2.40	0	6
ptg012729l_1	62380	213653	3.43	0	10
ptg012729l_1_region	62380	213653	3.43	0	10
ptg012732l_1	91424	213099	2.33	0	9
ptg012732l_1_region	91424	213099	2.33	0	9
ptg012734l_1	122272	476118	3.89	0	11
ptg012734l_1_region	122272	476118	3.89	0	11
ptg012739l_1	130747	777607	5.95	0	15
ptg012739l_1_region	130747	777607	5.95	0	15
ptg012740l_1	36435	75294	2.07	0	10
ptg012740l_1_region	36435	75294	2.07	0	10
ptg012742l_1	19858	68223	3.44	0	7
ptg012742l_1_region	19858	68223	3.44	0	7
ptg012743l_1	20406	390461	19.13	1	54
ptg012743l_1_region	20406	390461	19.13	1	54
ptg012744l_1	31114	7598	0.24	0	1
ptg012744l_1_region	31114	7598	0.24	0	1
ptg012745l_1	40014	8559	0.21	0	2
ptg012745l_1_region	40014	8559	0.21	0	2
ptg012746l_1	43144	39466	0.91	0	3
ptg012746l_1_region	43144	39466	0.91	0	3
ptg012747l_1	48710	23912	0.49	0	2
ptg012747l_1_region	48710	23912	0.49	0	2
ptg012748l_1	82537	348435	4.22	0	14
ptg012748l_1_region	82537	348435	4.22	0	14
ptg012750l_1	85656	173307	2.02	0	9
ptg012750l_1_region	85656	173307	2.02	0	9
ptg012751l_1	121732	1003061	8.24	0	17
ptg012751l_1_region	121732	1003061	8.24	0	17
ptg012755l_1	150062	721632	4.81	0	30
ptg012755l_1_region	150062	721632	4.81	0	30
ptg012757l_1	30043	109286	3.64	0	15
ptg012757l_1_region	30043	109286	3.64	0	15
ptg012761l_1	80876	58122	0.72	0	7
ptg012761l_1_region	80876	58122	0.72	0	7
ptg012763l_1	28944	2502	0.09	0	1
ptg012763l_1_region	28944	2502	0.09	0	1
ptg012764l_1	37613	339427	9.02	1	20
ptg012764l_1_region	37613	339427	9.02	1	20
ptg012765l_1	17936	55541	3.10	0	9
ptg012765l_1_region	17936	55541	3.10	0	9
ptg012766l_1	88047	109310	1.24	0	4
ptg012766l_1_region	88047	109310	1.24	0	4
ptg012767l_1	78406	191428	2.44	0	16
ptg012767l_1_region	78406	191428	2.44	0	16
ptg012773l_1	31565	7187	0.23	0	1
ptg012773l_1_region	31565	7187	0.23	0	1
ptg012774l_1	21590	18567	0.86	0	3
ptg012774l_1_region	21590	18567	0.86	0	3
ptg012776l_1	64165	166339	2.59	0	8
ptg012776l_1_region	64165	166339	2.59	0	8
ptg012777l_1	56266	201792	3.59	0	12
ptg012777l_1_region	56266	201792	3.59	0	12
ptg012781l_1	69111	393591	5.70	0	12
ptg012781l_1_region	69111	393591	5.70	0	12
ptg012792l_1	49635	222204	4.48	0	12
ptg012792l_1_region	49635	222204	4.48	0	12
ptg012798l_1	1434750	1493759	1.04	0	22
ptg012798l_1_region	1434750	1493759	1.04	0	22
ptg012802l_1	33827	59714	1.77	0	4
ptg012802l_1_region	33827	59714	1.77	0	4
ptg012804l_1	256793	1043494	4.06	0	56
ptg012804l_1_region	256793	1043494	4.06	0	56
ptg012806l_1	14309	11007	0.77	0	2
ptg012806l_1_region	14309	11007	0.77	0	2
ptg012809l_1	99581	383767	3.85	0	23
ptg012809l_1_region	99581	383767	3.85	0	23
ptg012812l_1	10754	38172	3.55	0	7
ptg012812l_1_region	10754	38172	3.55	0	7
ptg012814l_1	85484	185852	2.17	0	12
ptg012814l_1_region	85484	185852	2.17	0	12
ptg012823l_1	226314	1518596	6.71	0	36
ptg012823l_1_region	226314	1518596	6.71	0	36
ptg012824l_1	108971	770009	7.07	0	28
ptg012824l_1_region	108971	770009	7.07	0	28
ptg012830l_1	66322	282187	4.25	0	9
ptg012830l_1_region	66322	282187	4.25	0	9
ptg012831l_1	22826	41629	1.82	0	10
ptg012831l_1_region	22826	41629	1.82	0	10
ptg012834l_1	448850	767744	1.71	0	27
ptg012834l_1_region	448850	767744	1.71	0	27
ptg012840l_1	106848	102308	0.96	0	5
ptg012840l_1_region	106848	102308	0.96	0	5
ptg012850l_1	32722	65230	1.99	0	6
ptg012850l_1_region	32722	65230	1.99	0	6
ptg012853l_1	33795	110310	3.26	0	9
ptg012853l_1_region	33795	110310	3.26	0	9
ptg012864l_1	34704	102618	2.96	0	12
ptg012864l_1_region	34704	102618	2.96	0	12
ptg012867l_1	206041	2825800	13.71	0	74
ptg012867l_1_region	206041	2825800	13.71	0	74
ptg012868l_1	28121	31527	1.12	0	5
ptg012868l_1_region	28121	31527	1.12	0	5
ptg012870l_1	19739	49458	2.51	0	6
ptg012870l_1_region	19739	49458	2.51	0	6
ptg012871l_1	122872	635977	5.18	0	14
ptg012871l_1_region	122872	635977	5.18	0	14
ptg012887l_1	12751	39129	3.07	0	9
ptg012887l_1_region	12751	39129	3.07	0	9
ptg012888l_1	31573	52133	1.65	0	8
ptg012888l_1_region	31573	52133	1.65	0	8
ptg012891l_1	154980	706867	4.56	0	15
ptg012891l_1_region	154980	706867	4.56	0	15
ptg012892l_1	43389	245995	5.67	0	24
ptg012892l_1_region	43389	245995	5.67	0	24
ptg012895l_1	25384	237024	9.34	0	17
ptg012895l_1_region	25384	237024	9.34	0	17
ptg012899l_1	20234	98887	4.89	0	10
ptg012899l_1_region	20234	98887	4.89	0	10
ptg012900l_1	206803	1232517	5.96	0	20
ptg012900l_1_region	206803	1232517	5.96	0	20
ptg012904l_1	146686	1030777	7.03	0	18
ptg012904l_1_region	146686	1030777	7.03	0	18
ptg012914l_1	138867	752847	5.42	0	170
ptg012914l_1_region	138867	752847	5.42	0	170
ptg012917l_1	408939	2888779	7.06	0	20
ptg012917l_1_region	408939	2888779	7.06	0	20
ptg012921l_1	55882	346687	6.20	0	12
ptg012921l_1_region	55882	346687	6.20	0	12
ptg012922l_1	63026	251124	3.98	0	10
ptg012922l_1_region	63026	251124	3.98	0	10
ptg012924l_1	104158	692526	6.65	0	18
ptg012924l_1_region	104158	692526	6.65	0	18
ptg012930l_1	43905	133478	3.04	0	12
ptg012930l_1_region	43905	133478	3.04	0	12
ptg012941l_1	21350	115608	5.41	0	14
ptg012941l_1_region	21350	115608	5.41	0	14
ptg012949l_1	38633	101473	2.63	0	7
ptg012949l_1_region	38633	101473	2.63	0	7
ptg012950l_1	20869	153979	7.38	0	47
ptg012950l_1_region	20869	153979	7.38	0	47
ptg012957l_1	212561	8284744	38.98	0	200
ptg012957l_1_region	212561	8284744	38.98	0	200
ptg012959l_1	67084	401160	5.98	0	17
ptg012959l_1_region	67084	401160	5.98	0	17
ptg012971l_1	168850	816082	4.83	0	14
ptg012971l_1_region	168850	816082	4.83	0	14
ptg012976l_1	23112	41704	1.80	0	7
ptg012976l_1_region	23112	41704	1.80	0	7
ptg012981l_1	40767	57223	1.40	0	5
ptg012981l_1_region	40767	57223	1.40	0	5
ptg012990l_1	38201	105671	2.77	0	8
ptg012990l_1_region	38201	105671	2.77	0	8
ptg012994l_1	60211	389141	6.46	0	18
ptg012994l_1_region	60211	389141	6.46	0	18
ptg013001l_1	566693	3954439	6.98	0	24
ptg013001l_1_region	566693	3954439	6.98	0	24
ptg013005l_1	113686	640791	5.64	0	19
ptg013005l_1_region	113686	640791	5.64	0	19
ptg013009l_1	345009	919439	2.66	0	15
ptg013009l_1_region	345009	919439	2.66	0	15
ptg013010l_1	63010	342122	5.43	0	11
ptg013010l_1_region	63010	342122	5.43	0	11
ptg013011l_1	39583	174403	4.41	0	13
ptg013011l_1_region	39583	174403	4.41	0	13
ptg013013l_1	48276	181740	3.76	0	10
ptg013013l_1_region	48276	181740	3.76	0	10
ptg013014l_1	22725	76971	3.39	0	8
ptg013014l_1_region	22725	76971	3.39	0	8
ptg013018l_1	7405	38770	5.24	0	7
ptg013018l_1_region	7405	38770	5.24	0	7
ptg013022l_1	28509	79102	2.77	0	20
ptg013022l_1_region	28509	79102	2.77	0	20
ptg013029l_1	21438	133085	6.21	0	45
ptg013029l_1_region	21438	133085	6.21	0	45
ptg013033l_1	48260	418012	8.66	0	55
ptg013033l_1_region	48260	418012	8.66	0	55
ptg013037l_1	107357	421281	3.92	0	13
ptg013037l_1_region	107357	421281	3.92	0	13
ptg013039l_1	74714	468566	6.27	0	15
ptg013039l_1_region	74714	468566	6.27	0	15
ptg013043l_1	136444	806815	5.91	0	15
ptg013043l_1_region	136444	806815	5.91	0	15
ptg013047l_1	93159	419301	4.50	0	10
ptg013047l_1_region	93159	419301	4.50	0	10
ptg013049l_1	459503	523918	1.14	0	19
ptg013049l_1_region	459503	523918	1.14	0	19
ptg013050l_1	671725	8355165	12.44	0	64
ptg013050l_1_region	671725	8355165	12.44	0	64
ptg013052l_1	14483	37808	2.61	0	6
ptg013052l_1_region	14483	37808	2.61	0	6
ptg013054l_1	20675	36000	1.74	0	5
ptg013054l_1_region	20675	36000	1.74	0	5
ptg013055l_1	80268	355607	4.43	0	18
ptg013055l_1_region	80268	355607	4.43	0	18
ptg013058l_1	105921	92181	0.87	0	5
ptg013058l_1_region	105921	92181	0.87	0	5
ptg013062l_1	32983	115898	3.51	0	9
ptg013062l_1_region	32983	115898	3.51	0	9
ptg013065l_1	31421	86838	2.76	0	9
ptg013065l_1_region	31421	86838	2.76	0	9
ptg013068l_1	50304	353510	7.03	0	15
ptg013068l_1_region	50304	353510	7.03	0	15
ptg013070l_1	80337	511762	6.37	0	14
ptg013070l_1_region	80337	511762	6.37	0	14
ptg013071l_1	68604	269908	3.93	0	8
ptg013071l_1_region	68604	269908	3.93	0	8
ptg013082l_1	41605	215965	5.19	0	38
ptg013082l_1_region	41605	215965	5.19	0	38
ptg013085l_1	53190	257794	4.85	0	28
ptg013085l_1_region	53190	257794	4.85	0	28
ptg013086l_1	51915	204365	3.94	0	18
ptg013086l_1_region	51915	204365	3.94	0	18
ptg013088l_1	77806	19395	0.25	0	5
ptg013088l_1_region	77806	19395	0.25	0	5
ptg013098l_1	75339	376175	4.99	0	48
ptg013098l_1_region	75339	376175	4.99	0	48
ptg013099l_1	103926	493516	4.75	0	15
ptg013099l_1_region	103926	493516	4.75	0	15
ptg013101l_1	229003	1233754	5.39	0	14
ptg013101l_1_region	229003	1233754	5.39	0	14
ptg013108l_1	37976	130882	3.45	0	16
ptg013108l_1_region	37976	130882	3.45	0	16
ptg013110l_1	36317	59656	1.64	0	9
ptg013110l_1_region	36317	59656	1.64	0	9
ptg013111l_1	141406	667427	4.72	0	12
ptg013111l_1_region	141406	667427	4.72	0	12
ptg013117l_1	95255	461277	4.84	0	18
ptg013117l_1_region	95255	461277	4.84	0	18
ptg013123l_1	55350	285646	5.16	0	28
ptg013123l_1_region	55350	285646	5.16	0	28
ptg013127l_1	7331	19075	2.60	1	7
ptg013127l_1_region	7331	19075	2.60	1	7
ptg013128l_1	55801	377401	6.76	0	12
ptg013128l_1_region	55801	377401	6.76	0	12
ptg013129l_1	12932	26816	2.07	0	4
ptg013129l_1_region	12932	26816	2.07	0	4
ptg013139l_1	36125	190983	5.29	0	15
ptg013139l_1_region	36125	190983	5.29	0	15
ptg013142l_1	105411	619767	5.88	0	15
ptg013142l_1_region	105411	619767	5.88	0	15
ptg013146l_1	120790	737939	6.11	0	23
ptg013146l_1_region	120790	737939	6.11	0	23
ptg013148l_1	61767	258700	4.19	0	15
ptg013148l_1_region	61767	258700	4.19	0	15
ptg013157l_1	105576	670596	6.35	0	19
ptg013157l_1_region	105576	670596	6.35	0	19
ptg013160l_1	34564	235673	6.82	0	12
ptg013160l_1_region	34564	235673	6.82	0	12
ptg013172l_1	21010	39691	1.89	0	4
ptg013172l_1_region	21010	39691	1.89	0	4
ptg013173l_1	99559	170846	1.72	0	51
ptg013173l_1_region	99559	170846	1.72	0	51
ptg013174l_1	36356	144273	3.97	0	20
ptg013174l_1_region	36356	144273	3.97	0	20
ptg013184l_1	12644	30135	2.38	0	5
ptg013184l_1_region	12644	30135	2.38	0	5
ptg013186l_1	80196	230125	2.87	0	22
ptg013186l_1_region	80196	230125	2.87	0	22
ptg013192l_1	28198	152202	5.40	0	13
ptg013192l_1_region	28198	152202	5.40	0	13
ptg013193l_1	91718	688121	7.50	0	25
ptg013193l_1_region	91718	688121	7.50	0	25
ptg013194l_1	77710	333065	4.29	0	17
ptg013194l_1_region	77710	333065	4.29	0	17
ptg013197l_1	29653	135185	4.56	0	12
ptg013197l_1_region	29653	135185	4.56	0	12
ptg013200l_1	24025	87797	3.65	0	14
ptg013200l_1_region	24025	87797	3.65	0	14
ptg013203l_1	54227	114841	2.12	0	6
ptg013203l_1_region	54227	114841	2.12	0	6
ptg013206l_1	31064	162609	5.23	0	9
ptg013206l_1_region	31064	162609	5.23	0	9
ptg013211l_1	36843	68921	1.87	0	6
ptg013211l_1_region	36843	68921	1.87	0	6
ptg013216l_1	63509	79176	1.25	0	10
ptg013216l_1_region	63509	79176	1.25	0	10
ptg013219l_1	198296	3297168	16.63	0	122
ptg013219l_1_region	198296	3297168	16.63	0	122
ptg013220l_1	116293	498909	4.29	0	19
ptg013220l_1_region	116293	498909	4.29	0	19
ptg013221l_1	57093	293998	5.15	0	12
ptg013221l_1_region	57093	293998	5.15	0	12
ptg013224l_1	43566	175821	4.04	0	15
ptg013224l_1_region	43566	175821	4.04	0	15
ptg013228l_1	746698	1052688	1.41	0	25
ptg013228l_1_region	746698	1052688	1.41	0	25
ptg013229l_1	16231	85661	5.28	0	11
ptg013229l_1_region	16231	85661	5.28	0	11
ptg013232l_1	428286	3903486	9.11	0	131
ptg013232l_1_region	428286	3903486	9.11	0	131
ptg013235l_1	16083	62191	3.87	0	10
ptg013235l_1_region	16083	62191	3.87	0	10
ptg013236l_1	22240	58581	2.63	0	9
ptg013236l_1_region	22240	58581	2.63	0	9
ptg013241l_1	23229	58237	2.51	0	5
ptg013241l_1_region	23229	58237	2.51	0	5
ptg013248l_1	166956	1129111	6.76	0	21
ptg013248l_1_region	166956	1129111	6.76	0	21
ptg013249l_1	21912	117966	5.38	0	12
ptg013249l_1_region	21912	117966	5.38	0	12
ptg013251l_1	41575	254027	6.11	0	12
ptg013251l_1_region	41575	254027	6.11	0	12
ptg013252l_1	88081	332942	3.78	0	16
ptg013252l_1_region	88081	332942	3.78	0	16
ptg013256l_1	68230	214887	3.15	0	26
ptg013256l_1_region	68230	214887	3.15	0	26
ptg013257l_1	35223	280463	7.96	0	104
ptg013257l_1_region	35223	280463	7.96	0	104
ptg013263l_1	122999	904368	7.35	0	261
ptg013263l_1_region	122999	904368	7.35	0	261
ptg013266l_1	104544	519251	4.97	0	17
ptg013266l_1_region	104544	519251	4.97	0	17
ptg013271l_1	17808	76856	4.32	0	10
ptg013271l_1_region	17808	76856	4.32	0	10
ptg013273l_1	198580	1511816	7.61	0	42
ptg013273l_1_region	198580	1511816	7.61	0	42
ptg013282l_1	34322	193775	5.65	0	22
ptg013282l_1_region	34322	193775	5.65	0	22
ptg013283l_1	20497	123652	6.03	1	11
ptg013283l_1_region	20497	123652	6.03	1	11
ptg013289l_1	22203	66427	2.99	0	8
ptg013289l_1_region	22203	66427	2.99	0	8
ptg013291l_1	38136	205395	5.39	0	12
ptg013291l_1_region	38136	205395	5.39	0	12
ptg013292l_1	129001	155992	1.21	0	6
ptg013292l_1_region	129001	155992	1.21	0	6
ptg013297l_1	448992	2370946	5.28	0	106
ptg013297l_1_region	448992	2370946	5.28	0	106
ptg013298l_1	61003	131415	2.15	0	7
ptg013298l_1_region	61003	131415	2.15	0	7
ptg013300l_1	117422	479450	4.08	0	13
ptg013300l_1_region	117422	479450	4.08	0	13
ptg013302l_1	16638	19677	1.18	0	3
ptg013302l_1_region	16638	19677	1.18	0	3
ptg013303l_1	34264	103956	3.03	0	7
ptg013303l_1_region	34264	103956	3.03	0	7
ptg013304l_1	19297	57901	3.00	0	8
ptg013304l_1_region	19297	57901	3.00	0	8
ptg013307l_1	737061	9879299	13.40	0	66
ptg013307l_1_region	737061	9879299	13.40	0	66
ptg013309l_1	34899	82051	2.35	0	6
ptg013309l_1_region	34899	82051	2.35	0	6
ptg013314l_1	12049	22607	1.88	0	3
ptg013314l_1_region	12049	22607	1.88	0	3
ptg013318l_1	53735	196929	3.66	0	7
ptg013318l_1_region	53735	196929	3.66	0	7
ptg013319l_1	17801	74111	4.16	0	8
ptg013319l_1_region	17801	74111	4.16	0	8
ptg013325l_1	61624	648852	10.53	0	90
ptg013325l_1_region	61624	648852	10.53	0	90
ptg013328l_1	52431	118826	2.27	0	8
ptg013328l_1_region	52431	118826	2.27	0	8
ptg013331l_1	19144	53743	2.81	0	8
ptg013331l_1_region	19144	53743	2.81	0	8
ptg013335l_1	45976	209629	4.56	0	10
ptg013335l_1_region	45976	209629	4.56	0	10
ptg013342l_1	43851	500167	11.41	1	23
ptg013342l_1_region	43851	500167	11.41	1	23
ptg013348l_1	46137	146296	3.17	0	10
ptg013348l_1_region	46137	146296	3.17	0	10
ptg013351l_1	1521956	5287618	3.47	0	588
ptg013351l_1_region	1521956	5287618	3.47	0	588
ptg013352l_1	35747	187055	5.23	0	11
ptg013352l_1_region	35747	187055	5.23	0	11
ptg013358l_1	17013	45414	2.67	0	6
ptg013358l_1_region	17013	45414	2.67	0	6
ptg013359l_1	56155	390724	6.96	0	16
ptg013359l_1_region	56155	390724	6.96	0	16
ptg013362l_1	28947	224520	7.76	1	16
ptg013362l_1_region	28947	224520	7.76	1	16
ptg013366l_1	41976	108456	2.58	0	7
ptg013366l_1_region	41976	108456	2.58	0	7
ptg013371l_1	29411	58533	1.99	0	6
ptg013371l_1_region	29411	58533	1.99	0	6
ptg013372l_1	58346	291538	5.00	0	19
ptg013372l_1_region	58346	291538	5.00	0	19
ptg013375l_1	29904	76954	2.57	0	7
ptg013375l_1_region	29904	76954	2.57	0	7
ptg013380l_1	40308	399844	9.92	0	51
ptg013380l_1_region	40308	399844	9.92	0	51
ptg013382l_1	21802	64140	2.94	0	7
ptg013382l_1_region	21802	64140	2.94	0	7
ptg013384l_1	7055	17632	2.50	0	4
ptg013384l_1_region	7055	17632	2.50	0	4
ptg013386l_1	22181	19442	0.88	0	3
ptg013386l_1_region	22181	19442	0.88	0	3
ptg013389l_1	260985	1669450	6.40	0	24
ptg013389l_1_region	260985	1669450	6.40	0	24
ptg013390l_1	104737	506244	4.83	0	11
ptg013390l_1_region	104737	506244	4.83	0	11
ptg013391l_1	38661	151317	3.91	0	8
ptg013391l_1_region	38661	151317	3.91	0	8
ptg013398l_1	79885	548721	6.87	0	13
ptg013398l_1_region	79885	548721	6.87	0	13
ptg013401l_1	121724	1057800	8.69	0	73
ptg013401l_1_region	121724	1057800	8.69	0	73
ptg013405l_1	217683	147788	0.68	0	7
ptg013405l_1_region	217683	147788	0.68	0	7
ptg013408l_1	21447	586	0.03	0	1
ptg013408l_1_region	21447	586	0.03	0	1
ptg013410l_1	38666	151429	3.92	0	12
ptg013410l_1_region	38666	151429	3.92	0	12
ptg013415l_1	61937	107588	1.74	0	12
ptg013415l_1_region	61937	107588	1.74	0	12
ptg013417l_1	59042	200201	3.39	0	8
ptg013417l_1_region	59042	200201	3.39	0	8
ptg013419l_1	18466	38477	2.08	0	6
ptg013419l_1_region	18466	38477	2.08	0	6
ptg013420l_1	36043	180423	5.01	0	11
ptg013420l_1_region	36043	180423	5.01	0	11
ptg013423l_1	423047	350113	0.83	0	8
ptg013423l_1_region	423047	350113	0.83	0	8
ptg013427l_1	199595	672923	3.37	0	19
ptg013427l_1_region	199595	672923	3.37	0	19
ptg013431l_1	67185	209613	3.12	0	12
ptg013431l_1_region	67185	209613	3.12	0	12
ptg013434l_1	28680	113260	3.95	0	7
ptg013434l_1_region	28680	113260	3.95	0	7
ptg013435l_1	33821	88362	2.61	0	8
ptg013435l_1_region	33821	88362	2.61	0	8
ptg013437l_1	82808	264999	3.20	0	12
ptg013437l_1_region	82808	264999	3.20	0	12
ptg013439l_1	21446	43040	2.01	0	6
ptg013439l_1_region	21446	43040	2.01	0	6
ptg013442l_1	29289	148169	5.06	0	9
ptg013442l_1_region	29289	148169	5.06	0	9
ptg013444l_1	74260	735657	9.91	0	42
ptg013444l_1_region	74260	735657	9.91	0	42
ptg013447l_1	15758	3927837	249.26	6	499
ptg013447l_1_region	15758	3927837	249.26	6	499
ptg013450l_1	262883	1540908	5.86	0	19
ptg013450l_1_region	262883	1540908	5.86	0	19
ptg013453l_1	75506	400404	5.30	0	12
ptg013453l_1_region	75506	400404	5.30	0	12
ptg013454l_1	67748	237695	3.51	0	10
ptg013454l_1_region	67748	237695	3.51	0	10
ptg013459l_1	36830	247452	6.72	0	19
ptg013459l_1_region	36830	247452	6.72	0	19
ptg013460l_1	40022	277546	6.93	0	19
ptg013460l_1_region	40022	277546	6.93	0	19
ptg013464l_1	61407	149011	2.43	0	7
ptg013464l_1_region	61407	149011	2.43	0	7
ptg013471l_1	28871	92456	3.20	0	6
ptg013471l_1_region	28871	92456	3.20	0	6
ptg013475l_1	47572	233986	4.92	0	13
ptg013475l_1_region	47572	233986	4.92	0	13
ptg013480l_1	448076	428441	0.96	0	12
ptg013480l_1_region	448076	428441	0.96	0	12
ptg013484l_1	39180	129034	3.29	0	9
ptg013484l_1_region	39180	129034	3.29	0	9
ptg013488l_1	29210	61564	2.11	0	6
ptg013488l_1_region	29210	61564	2.11	0	6
ptg013490l_1	47112	169837	3.60	0	9
ptg013490l_1_region	47112	169837	3.60	0	9
ptg013492l_1	6662	21977	3.30	0	5
ptg013492l_1_region	6662	21977	3.30	0	5
ptg013500l_1	101565	489470	4.82	0	13
ptg013500l_1_region	101565	489470	4.82	0	13
ptg013501l_1	78074	441076	5.65	0	15
ptg013501l_1_region	78074	441076	5.65	0	15
ptg013505l_1	28187	144242	5.12	0	11
ptg013505l_1_region	28187	144242	5.12	0	11
ptg013508l_1	37336	185959	4.98	0	13
ptg013508l_1_region	37336	185959	4.98	0	13
ptg013512l_1	311643	2038509	6.54	0	29
ptg013512l_1_region	311643	2038509	6.54	0	29
ptg013516l_1	24927	206473	8.28	0	23
ptg013516l_1_region	24927	206473	8.28	0	23
ptg013520l_1	19523	114945	5.89	0	18
ptg013520l_1_region	19523	114945	5.89	0	18
ptg013521l_1	163233	615022	3.77	0	24
ptg013521l_1_region	163233	615022	3.77	0	24
ptg013522l_1	71741	367515	5.12	0	13
ptg013522l_1_region	71741	367515	5.12	0	13
ptg013526l_1	24146	47975	1.99	0	4
ptg013526l_1_region	24146	47975	1.99	0	4
ptg013531l_1	145483	719993	4.95	0	20
ptg013531l_1_region	145483	719993	4.95	0	20
ptg013532l_1	12144	7521	0.62	0	2
ptg013532l_1_region	12144	7521	0.62	0	2
ptg013534l_1	25204	42967	1.70	0	4
ptg013534l_1_region	25204	42967	1.70	0	4
ptg013535l_1	11642	15630	1.34	0	3
ptg013535l_1_region	11642	15630	1.34	0	3
ptg013542l_1	9906	10164	1.03	0	2
ptg013542l_1_region	9906	10164	1.03	0	2
ptg013543l_1	20358	84058	4.13	0	23
ptg013543l_1_region	20358	84058	4.13	0	23
ptg013544l_1	226004	1309445	5.79	0	16
ptg013544l_1_region	226004	1309445	5.79	0	16
ptg013551l_1	82350	367287	4.46	0	17
ptg013551l_1_region	82350	367287	4.46	0	17
ptg013552l_1	30732	63409	2.06	0	6
ptg013552l_1_region	30732	63409	2.06	0	6
ptg013555l_1	66704	32993	0.49	0	4
ptg013555l_1_region	66704	32993	0.49	0	4
ptg013556l_1	33360	162470	4.87	0	12
ptg013556l_1_region	33360	162470	4.87	0	12
ptg013559l_1	153026	300428	1.96	0	10
ptg013559l_1_region	153026	300428	1.96	0	10
ptg013560l_1	86468	629241	7.28	0	18
ptg013560l_1_region	86468	629241	7.28	0	18
ptg013565l_1	6639	42507	6.40	0	25
ptg013565l_1_region	6639	42507	6.40	0	25
ptg013570l_1	204703	844464	4.13	0	21
ptg013570l_1_region	204703	844464	4.13	0	21
ptg013573l_1	33299	42191	1.27	0	5
ptg013573l_1_region	33299	42191	1.27	0	5
ptg013577l_1	12330	23865	1.94	0	4
ptg013577l_1_region	12330	23865	1.94	0	4
ptg013579l_1	127198	610813	4.80	0	43
ptg013579l_1_region	127198	610813	4.80	0	43
ptg013582l_1	20475	21949	1.07	0	3
ptg013582l_1_region	20475	21949	1.07	0	3
ptg013583l_1	299369	1371575	4.58	0	41
ptg013583l_1_region	299369	1371575	4.58	0	41
ptg013589l_1	30076	129520	4.31	0	33
ptg013589l_1_region	30076	129520	4.31	0	33
ptg013590l_1	35810	154068	4.30	0	9
ptg013590l_1_region	35810	154068	4.30	0	9
ptg013592l_1	25351	96624	3.81	0	7
ptg013592l_1_region	25351	96624	3.81	0	7
ptg013593l_1	63910	214810	3.36	0	9
ptg013593l_1_region	63910	214810	3.36	0	9
ptg013595l_1	30560	211268	6.91	0	13
ptg013595l_1_region	30560	211268	6.91	0	13
ptg013596l_1	17358	37896	2.18	0	5
ptg013596l_1_region	17358	37896	2.18	0	5
ptg013598l_1	335330	1644064	4.90	0	14
ptg013598l_1_region	335330	1644064	4.90	0	14
ptg013600l_1	808909	1688714	2.09	0	16
ptg013600l_1_region	808909	1688714	2.09	0	16
ptg013601l_1	137098	207677	1.51	0	7
ptg013601l_1_region	137098	207677	1.51	0	7
ptg013603l_1	662433	566491	0.86	0	19
ptg013603l_1_region	662433	566491	0.86	0	19
ptg013611l_1	23102	97633	4.23	0	10
ptg013611l_1_region	23102	97633	4.23	0	10
ptg013618l_1	59835	60036	1.00	0	9
ptg013618l_1_region	59835	60036	1.00	0	9
ptg013619l_1	39923	103139	2.58	0	12
ptg013619l_1_region	39923	103139	2.58	0	12
ptg013620l_1	20594	83752	4.07	0	7
ptg013620l_1_region	20594	83752	4.07	0	7
ptg013622l_1	55198	142821	2.59	0	8
ptg013622l_1_region	55198	142821	2.59	0	8
ptg013623l_1	81505	1009259	12.38	0	27
ptg013623l_1_region	81505	1009259	12.38	0	27
ptg013624l_1	115737	1237696	10.69	0	35
ptg013624l_1_region	115737	1237696	10.69	0	35
ptg013629l_1	37392	120893	3.23	0	8
ptg013629l_1_region	37392	120893	3.23	0	8
ptg013630l_1	50430	103806	2.06	0	16
ptg013630l_1_region	50430	103806	2.06	0	16
ptg013635l_1	51383	457765	8.91	0	24
ptg013635l_1_region	51383	457765	8.91	0	24
ptg013637l_1	49928	121395	2.43	0	7
ptg013637l_1_region	49928	121395	2.43	0	7
ptg013638l_1	26551	271365	10.22	1	17
ptg013638l_1_region	26551	271365	10.22	1	17
ptg013641l_1	54409	261782	4.81	0	14
ptg013641l_1_region	54409	261782	4.81	0	14
ptg013642l_1	22117	97236	4.40	0	11
ptg013642l_1_region	22117	97236	4.40	0	11
ptg013643l_1	34594	144044	4.16	0	14
ptg013643l_1_region	34594	144044	4.16	0	14
ptg013644l_1	32343	116479	3.60	0	10
ptg013644l_1_region	32343	116479	3.60	0	10
ptg013645l_1	80631	199818	2.48	0	8
ptg013645l_1_region	80631	199818	2.48	0	8
ptg013649l_1	26991	337205	12.49	0	36
ptg013649l_1_region	26991	337205	12.49	0	36
ptg013652l_1	24142	86447	3.58	0	7
ptg013652l_1_region	24142	86447	3.58	0	7
ptg013654l_1	41714	117197	2.81	0	7
ptg013654l_1_region	41714	117197	2.81	0	7
ptg013655l_1	41604	175493	4.22	0	10
ptg013655l_1_region	41604	175493	4.22	0	10
ptg013658l_1	22430	83564	3.73	0	8
ptg013658l_1_region	22430	83564	3.73	0	8
ptg013661l_1	11071	17111	1.55	0	3
ptg013661l_1_region	11071	17111	1.55	0	3
ptg013666l_1	164849	730947	4.43	0	27
ptg013666l_1_region	164849	730947	4.43	0	27
ptg013668l_1	40879	163582	4.00	0	10
ptg013668l_1_region	40879	163582	4.00	0	10
ptg013671l_1	340621	202788	0.60	0	6
ptg013671l_1_region	340621	202788	0.60	0	6
ptg013672l_1	112097	382227	3.41	0	11
ptg013672l_1_region	112097	382227	3.41	0	11
ptg013677l_1	15487	9544	0.62	0	2
ptg013677l_1_region	15487	9544	0.62	0	2
ptg013681l_1	79415	664657	8.37	0	21
ptg013681l_1_region	79415	664657	8.37	0	21
ptg013687l_1	15649	57736	3.69	0	6
ptg013687l_1_region	15649	57736	3.69	0	6
ptg013695l_1	13340	46549	3.49	0	7
ptg013695l_1_region	13340	46549	3.49	0	7
ptg013696l_1	237636	1131766	4.76	0	22
ptg013696l_1_region	237636	1131766	4.76	0	22
ptg013697l_1	62231	241379	3.88	0	9
ptg013697l_1_region	62231	241379	3.88	0	9
ptg013698l_1	32220	12068	0.37	0	1
ptg013698l_1_region	32220	12068	0.37	0	1
ptg013699l_1	77228	706160	9.14	0	21
ptg013699l_1_region	77228	706160	9.14	0	21
ptg013701l_1	73364	841737	11.47	0	29
ptg013701l_1_region	73364	841737	11.47	0	29
ptg013703l_1	37974	266134	7.01	0	14
ptg013703l_1_region	37974	266134	7.01	0	14
ptg013706l_1	16438	114956	6.99	0	16
ptg013706l_1_region	16438	114956	6.99	0	16
ptg013707l_1	37163	24725	0.67	0	4
ptg013707l_1_region	37163	24725	0.67	0	4
ptg013708l_1	33782	2254564	66.74	1	127
ptg013708l_1_region	33782	2254564	66.74	1	127
ptg013710l_1	30420	74505	2.45	0	5
ptg013710l_1_region	30420	74505	2.45	0	5
ptg013713l_1	17607	36933	2.10	0	6
ptg013713l_1_region	17607	36933	2.10	0	6
ptg013715l_1	64666	907341	14.03	0	49
ptg013715l_1_region	64666	907341	14.03	0	49
ptg013723l_1	10931	2949	0.27	0	1
ptg013723l_1_region	10931	2949	0.27	0	1
ptg013725l_1	125952	332409	2.64	0	11
ptg013725l_1_region	125952	332409	2.64	0	11
ptg013734l_1	84395	92787	1.10	0	6
ptg013734l_1_region	84395	92787	1.10	0	6
ptg013736l_1	280369	405836	1.45	0	11
ptg013736l_1_region	280369	405836	1.45	0	11
ptg013737l_1	286934	173821	0.61	0	13
ptg013737l_1_region	286934	173821	0.61	0	13
ptg013738l_1	405276	613182	1.51	0	7
ptg013738l_1_region	405276	613182	1.51	0	7
ptg013741l_1	42310	513443	12.14	0	27
ptg013741l_1_region	42310	513443	12.14	0	27
ptg013751l_1	76137	252222	3.31	0	11
ptg013751l_1_region	76137	252222	3.31	0	11
ptg013760l_1	28241	370467	13.12	0	35
ptg013760l_1_region	28241	370467	13.12	0	35
ptg013761l_1	75408	404746	5.37	0	13
ptg013761l_1_region	75408	404746	5.37	0	13
ptg013775l_1	10614	3398	0.32	0	1
ptg013775l_1_region	10614	3398	0.32	0	1
ptg013779l_1	71876	320304	4.46	0	18
ptg013779l_1_region	71876	320304	4.46	0	18
ptg013794l_1	14698	22211	1.51	0	8
ptg013794l_1_region	14698	22211	1.51	0	8
ptg013796l_1	114705	744142	6.49	0	18
ptg013796l_1_region	114705	744142	6.49	0	18
ptg013798l_1	70996	636780	8.97	0	17
ptg013798l_1_region	70996	636780	8.97	0	17
ptg013799l_1	62051	187052	3.01	0	9
ptg013799l_1_region	62051	187052	3.01	0	9
ptg013802l_1	38018	138333	3.64	0	12
ptg013802l_1_region	38018	138333	3.64	0	12
ptg013805l_1	53888	222085	4.12	0	11
ptg013805l_1_region	53888	222085	4.12	0	11
ptg013817l_1	107339	441833	4.12	0	11
ptg013817l_1_region	107339	441833	4.12	0	11
ptg013821l_1	86539	417633	4.83	0	23
ptg013821l_1_region	86539	417633	4.83	0	23
ptg013823l_1	52560	224713	4.28	0	16
ptg013823l_1_region	52560	224713	4.28	0	16
ptg013824l_1	179257	1182668	6.60	0	17
ptg013824l_1_region	179257	1182668	6.60	0	17
ptg013831l_1	72281	577755	7.99	0	20
ptg013831l_1_region	72281	577755	7.99	0	20
ptg013837l_1	72511	543223	7.49	0	21
ptg013837l_1_region	72511	543223	7.49	0	21
ptg013838l_1	111806	644911	5.77	0	18
ptg013838l_1_region	111806	644911	5.77	0	18
ptg013841l_1	133504	756915	5.67	0	82
ptg013841l_1_region	133504	756915	5.67	0	82
ptg013842l_1	18709	197675	10.57	0	29
ptg013842l_1_region	18709	197675	10.57	0	29
ptg013843l_1	58866	290690	4.94	0	10
ptg013843l_1_region	58866	290690	4.94	0	10
ptg013845l_1	9534	52252	5.48	0	10
ptg013845l_1_region	9534	52252	5.48	0	10
ptg013858l_1	19701	38891	1.97	0	5
ptg013858l_1_region	19701	38891	1.97	0	5
ptg013861l_1	322062	2251651	6.99	0	16
ptg013861l_1_region	322062	2251651	6.99	0	16
ptg013865l_1	16438	40370	2.46	0	4
ptg013865l_1_region	16438	40370	2.46	0	4
ptg013871l_1	36366	131473	3.62	0	10
ptg013871l_1_region	36366	131473	3.62	0	10
ptg013875l_1	15247	38527	2.53	0	6
ptg013875l_1_region	15247	38527	2.53	0	6
ptg013876l_1	139521	794289	5.69	0	12
ptg013876l_1_region	139521	794289	5.69	0	12
ptg013877l_1	90280	500043	5.54	0	14
ptg013877l_1_region	90280	500043	5.54	0	14
ptg013878l_1	51523	384364	7.46	0	15
ptg013878l_1_region	51523	384364	7.46	0	15
ptg013895l_1	73021	367952	5.04	0	12
ptg013895l_1_region	73021	367952	5.04	0	12
ptg013896l_1	144532	410703	2.84	0	8
ptg013896l_1_region	144532	410703	2.84	0	8
ptg013901l_1	84538	437494	5.18	0	12
ptg013901l_1_region	84538	437494	5.18	0	12
ptg013902l_1	73900	319387	4.32	0	20
ptg013902l_1_region	73900	319387	4.32	0	20
ptg013907l_1	9040	44397	4.91	0	7
ptg013907l_1_region	9040	44397	4.91	0	7
ptg013912l_1	168952	973592	5.76	0	31
ptg013912l_1_region	168952	973592	5.76	0	31
ptg013916l_1	24216	34883	1.44	0	3
ptg013916l_1_region	24216	34883	1.44	0	3
ptg013917l_1	107516	415534	3.86	0	11
ptg013917l_1_region	107516	415534	3.86	0	11
ptg013920l_1	227668	4137557	18.17	0	68
ptg013920l_1_region	227668	4137557	18.17	0	68
ptg013921l_1	86790	600901	6.92	0	15
ptg013921l_1_region	86790	600901	6.92	0	15
ptg013927l_1	12628	37827	3.00	0	4
ptg013927l_1_region	12628	37827	3.00	0	4
ptg013928l_1	128316	743240	5.79	0	16
ptg013928l_1_region	128316	743240	5.79	0	16
ptg013929l_1	24411	45410	1.86	0	5
ptg013929l_1_region	24411	45410	1.86	0	5
ptg013939l_1	31997	39747	1.24	0	4
ptg013939l_1_region	31997	39747	1.24	0	4
ptg013943l_1	42450	194532	4.58	0	9
ptg013943l_1_region	42450	194532	4.58	0	9
ptg013945l_1	103661	555071	5.35	0	14
ptg013945l_1_region	103661	555071	5.35	0	14
ptg013949l_1	99800	977467	9.79	0	32
ptg013949l_1_region	99800	977467	9.79	0	32
ptg013952l_1	148876	737497	4.95	0	34
ptg013952l_1_region	148876	737497	4.95	0	34
ptg013954l_1	43959	183836	4.18	0	11
ptg013954l_1_region	43959	183836	4.18	0	11
ptg013962l_1	20796	113971	5.48	0	20
ptg013962l_1_region	20796	113971	5.48	0	20
ptg013966l_1	32581	212506	6.52	0	22
ptg013966l_1_region	32581	212506	6.52	0	22
ptg013970l_1	26602	83272	3.13	0	8
ptg013970l_1_region	26602	83272	3.13	0	8
ptg013979l_1	177227	502369	2.83	0	10
ptg013979l_1_region	177227	502369	2.83	0	10
ptg013982l_1	35471	122085	3.44	0	10
ptg013982l_1_region	35471	122085	3.44	0	10
ptg013984l_1	16379	303369	18.52	0	28
ptg013984l_1_region	16379	303369	18.52	0	28
ptg013986l_1	29944	98369	3.29	0	17
ptg013986l_1_region	29944	98369	3.29	0	17
ptg013989l_1	18243	8044	0.44	0	1
ptg013989l_1_region	18243	8044	0.44	0	1
ptg013991l_1	17667	128990	7.30	2	16
ptg013991l_1_region	17667	128990	7.30	2	16
ptg013992l_1	23572	79229	3.36	0	6
ptg013992l_1_region	23572	79229	3.36	0	6
ptg014001l_1	143010	601998	4.21	0	15
ptg014001l_1_region	143010	601998	4.21	0	15
ptg014006l_1	136908	639064	4.67	0	12
ptg014006l_1_region	136908	639064	4.67	0	12
ptg014011l_1	622574	1629241	2.62	0	132
ptg014011l_1_region	622574	1629241	2.62	0	132
ptg014014l_1	68780	432026	6.28	0	15
ptg014014l_1_region	68780	432026	6.28	0	15
ptg014018l_1	569954	3465296	6.08	0	57
ptg014018l_1_region	569954	3465296	6.08	0	57
ptg014022l_1	18311	51092	2.79	0	8
ptg014022l_1_region	18311	51092	2.79	0	8
ptg014023l_1	31263	86650	2.77	0	7
ptg014023l_1_region	31263	86650	2.77	0	7
ptg014026l_1	28204	172589	6.12	0	16
ptg014026l_1_region	28204	172589	6.12	0	16
ptg014027l_1	17663	34260	1.94	0	6
ptg014027l_1_region	17663	34260	1.94	0	6
ptg014028l_1	50378	167738	3.33	0	10
ptg014028l_1_region	50378	167738	3.33	0	10
ptg014030l_1	32279	121386	3.76	0	9
ptg014030l_1_region	32279	121386	3.76	0	9
ptg014032l_1	13539	89856	6.64	0	12
ptg014032l_1_region	13539	89856	6.64	0	12
ptg014037l_1	201021	1044760	5.20	0	43
ptg014037l_1_region	201021	1044760	5.20	0	43
ptg014038l_1	35909	112498	3.13	0	7
ptg014038l_1_region	35909	112498	3.13	0	7
ptg014039l_1	67336	311925	4.63	0	12
ptg014039l_1_region	67336	311925	4.63	0	12
ptg014044l_1	80945	393568	4.86	0	12
ptg014044l_1_region	80945	393568	4.86	0	12
ptg014045l_1	168548	7050830	41.83	0	198
ptg014045l_1_region	168548	7050830	41.83	0	198
ptg014048l_1	37171	20021	0.54	0	3
ptg014048l_1_region	37171	20021	0.54	0	3
ptg014051l_1	88593	497283	5.61	0	13
ptg014051l_1_region	88593	497283	5.61	0	13
ptg014053l_1	335781	980354	2.92	0	18
ptg014053l_1_region	335781	980354	2.92	0	18
ptg014058l_1	913026	6228418	6.82	0	24
ptg014058l_1_region	913026	6228418	6.82	0	24
ptg014059l_1	91220	296829	3.25	0	50
ptg014059l_1_region	91220	296829	3.25	0	50
ptg014063l_1	60739	142941	2.35	0	8
ptg014063l_1_region	60739	142941	2.35	0	8
ptg014066l_1	48424	250139	5.17	0	14
ptg014066l_1_region	48424	250139	5.17	0	14
ptg014073l_1	30149	130485	4.33	0	10
ptg014073l_1_region	30149	130485	4.33	0	10
ptg014075l_1	14913	97428	6.53	0	12
ptg014075l_1_region	14913	97428	6.53	0	12
ptg014076l_1	20226	121297	6.00	0	11
ptg014076l_1_region	20226	121297	6.00	0	11
ptg014079l_1	29498	91284	3.09	0	7
ptg014079l_1_region	29498	91284	3.09	0	7
ptg014080l_1	25380	117633	4.63	0	11
ptg014080l_1_region	25380	117633	4.63	0	11
ptg014085l_1	35406	133762	3.78	0	9
ptg014085l_1_region	35406	133762	3.78	0	9
ptg014087l_1	78998	421892	5.34	0	16
ptg014087l_1_region	78998	421892	5.34	0	16
ptg014088l_1	19491	25587	1.31	0	4
ptg014088l_1_region	19491	25587	1.31	0	4
ptg014089l_1	60067	298741	4.97	0	17
ptg014089l_1_region	60067	298741	4.97	0	17
ptg014090l_1	15825	41183	2.60	0	11
ptg014090l_1_region	15825	41183	2.60	0	11
ptg014092l_1	71884	314643	4.38	0	11
ptg014092l_1_region	71884	314643	4.38	0	11
ptg014096l_1	82210	679044	8.26	0	113
ptg014096l_1_region	82210	679044	8.26	0	113
ptg014100l_1	18005	76038	4.22	0	7
ptg014100l_1_region	18005	76038	4.22	0	7
ptg014104l_1	30579	295616	9.67	0	27
ptg014104l_1_region	30579	295616	9.67	0	27
ptg014106l_1	14408	44135	3.06	0	6
ptg014106l_1_region	14408	44135	3.06	0	6
ptg014108l_1	16153	63816	3.95	0	14
ptg014108l_1_region	16153	63816	3.95	0	14
ptg014109l_1	50824	190921	3.76	0	9
ptg014109l_1_region	50824	190921	3.76	0	9
ptg014110l_1	18849	76875	4.08	0	9
ptg014110l_1_region	18849	76875	4.08	0	9
ptg014116l_1	16192	71103	4.39	0	11
ptg014116l_1_region	16192	71103	4.39	0	11
ptg014118l_1	31514	103711	3.29	0	9
ptg014118l_1_region	31514	103711	3.29	0	9
ptg014123l_1	228643	635282	2.78	0	37
ptg014123l_1_region	228643	635282	2.78	0	37
ptg014131l_1	12207	56634	4.64	0	8
ptg014131l_1_region	12207	56634	4.64	0	8
ptg014132l_1	114124	720189	6.31	0	34
ptg014132l_1_region	114124	720189	6.31	0	34
ptg014134l_1	101039	638022	6.31	0	52
ptg014134l_1_region	101039	638022	6.31	0	52
ptg014137l_1	86214	426104	4.94	0	11
ptg014137l_1_region	86214	426104	4.94	0	11
ptg014144l_1	15250	31503	2.07	0	5
ptg014144l_1_region	15250	31503	2.07	0	5
ptg014151l_1	549525	6628379	12.06	0	122
ptg014151l_1_region	549525	6628379	12.06	0	122
ptg014152l_1	51976	392538	7.55	0	23
ptg014152l_1_region	51976	392538	7.55	0	23
ptg014154l_1	10691	69483	6.50	0	14
ptg014154l_1_region	10691	69483	6.50	0	14
ptg014160l_1	49473	438218	8.86	0	30
ptg014160l_1_region	49473	438218	8.86	0	30
ptg014162l_1	84965	398371	4.69	0	12
ptg014162l_1_region	84965	398371	4.69	0	12
ptg014163l_1	55041	183061	3.33	0	44
ptg014163l_1_region	55041	183061	3.33	0	44
ptg014166l_1	15342	48323	3.15	0	7
ptg014166l_1_region	15342	48323	3.15	0	7
ptg014167l_1	49426	449087	9.09	0	24
ptg014167l_1_region	49426	449087	9.09	0	24
ptg014169l_1	314630	932815	2.96	0	54
ptg014169l_1_region	314630	932815	2.96	0	54
ptg014170l_1	31261	156192	5.00	0	9
ptg014170l_1_region	31261	156192	5.00	0	9
ptg014172l_1	377518	4535641	12.01	0	57
ptg014172l_1_region	377518	4535641	12.01	0	57
ptg014174l_1	28491	62753	2.20	0	6
ptg014174l_1_region	28491	62753	2.20	0	6
ptg014180l_1	35313	313109	8.87	0	39
ptg014180l_1_region	35313	313109	8.87	0	39
ptg014181l_1	67805	248036	3.66	0	10
ptg014181l_1_region	67805	248036	3.66	0	10
ptg014182l_1	36926	125414	3.40	0	11
ptg014182l_1_region	36926	125414	3.40	0	11
ptg014183l_1	133717	618940	4.63	0	18
ptg014183l_1_region	133717	618940	4.63	0	18
ptg014186l_1	498411	1332860	2.67	0	73
ptg014186l_1_region	498411	1332860	2.67	0	73
ptg014188l_1	21511	76650	3.56	0	10
ptg014188l_1_region	21511	76650	3.56	0	10
ptg014189l_1	59799	387449	6.48	0	13
ptg014189l_1_region	59799	387449	6.48	0	13
ptg014196l_1	49024	171466	3.50	0	32
ptg014196l_1_region	49024	171466	3.50	0	32
ptg014197l_1	121326	443819	3.66	0	17
ptg014197l_1_region	121326	443819	3.66	0	17
ptg014199l_1	14276	2841	0.20	0	1
ptg014199l_1_region	14276	2841	0.20	0	1
ptg014207l_1	370437	3139430	8.47	0	68
ptg014207l_1_region	370437	3139430	8.47	0	68
ptg014208l_1	144049	829174	5.76	0	17
ptg014208l_1_region	144049	829174	5.76	0	17
ptg014215l_1	22173	132693	5.98	1	10
ptg014215l_1_region	22173	132693	5.98	1	10
ptg014219l_1	742346	3982164	5.36	0	43
ptg014219l_1_region	742346	3982164	5.36	0	43
ptg014227l_1	20344	42847	2.11	0	5
ptg014227l_1_region	20344	42847	2.11	0	5
ptg014229l_1	8660	36383	4.20	0	6
ptg014229l_1_region	8660	36383	4.20	0	6
ptg014231l_1	110518	272840	2.47	0	11
ptg014231l_1_region	110518	272840	2.47	0	11
ptg014235l_1	20437	12973	0.63	0	3
ptg014235l_1_region	20437	12973	0.63	0	3
ptg014242l_1	75272	485014	6.44	0	32
ptg014242l_1_region	75272	485014	6.44	0	32
ptg014245l_1	38805	369393	9.52	0	25
ptg014245l_1_region	38805	369393	9.52	0	25
ptg014246l_1	50272	563482	11.21	0	26
ptg014246l_1_region	50272	563482	11.21	0	26
ptg014247l_1	92427	330572	3.58	0	11
ptg014247l_1_region	92427	330572	3.58	0	11
ptg014251l_1	50900	462715	9.09	0	25
ptg014251l_1_region	50900	462715	9.09	0	25
ptg014255l_1	1058199	969786	0.92	0	11
ptg014255l_1_region	1058199	969786	0.92	0	11
ptg014256l_1	39122	7311	0.19	0	1
ptg014256l_1_region	39122	7311	0.19	0	1
ptg014257l_1	16932	96509	5.70	0	11
ptg014257l_1_region	16932	96509	5.70	0	11
ptg014259l_1	42941	452959	10.55	0	23
ptg014259l_1_region	42941	452959	10.55	0	23
ptg014274l_1	24181	133395	5.52	0	15
ptg014274l_1_region	24181	133395	5.52	0	15
ptg014277l_1	93973	1178578	12.54	0	28
ptg014277l_1_region	93973	1178578	12.54	0	28
ptg014278c_1	12355	59789	4.84	1	9
ptg014278c_1_region	12355	59789	4.84	1	9
ptg014279l_1	71508	519665	7.27	0	31
ptg014279l_1_region	71508	519665	7.27	0	31
ptg014280l_1	34442	210603	6.11	0	13
ptg014280l_1_region	34442	210603	6.11	0	13
ptg014282l_1	71664	23162	0.32	0	2
ptg014282l_1_region	71664	23162	0.32	0	2
ptg014283l_1	28897	5202	0.18	0	1
ptg014283l_1_region	28897	5202	0.18	0	1
ptg014285l_1	21860	96793	4.43	0	7
ptg014285l_1_region	21860	96793	4.43	0	7
ptg014286l_1	57199	240980	4.21	0	19
ptg014286l_1_region	57199	240980	4.21	0	19
ptg014287l_1	22451	22897	1.02	0	3
ptg014287l_1_region	22451	22897	1.02	0	3
ptg014289l_1	98695	153265	1.55	0	8
ptg014289l_1_region	98695	153265	1.55	0	8
ptg014292l_1	115885	169858	1.47	0	12
ptg014292l_1_region	115885	169858	1.47	0	12
ptg014295l_1	264832	511	0.00	0	1
ptg014295l_1_region	264832	511	0.00	0	1
ptg014296l_1	31400	80864	2.58	0	10
ptg014296l_1_region	31400	80864	2.58	0	10
ptg014297l_1	96345	32909	0.34	0	2
ptg014297l_1_region	96345	32909	0.34	0	2
ptg014318l_1	11415	130388	11.42	0	23
ptg014318l_1_region	11415	130388	11.42	0	23
ptg014320l_1	18838	146776	7.79	0	17
ptg014320l_1_region	18838	146776	7.79	0	17
ptg014321l_1	36235	154681	4.27	0	12
ptg014321l_1_region	36235	154681	4.27	0	12
ptg014330l_1	37236	147224	3.95	0	9
ptg014330l_1_region	37236	147224	3.95	0	9
ptg014334l_1	13635	42647	3.13	0	5
ptg014334l_1_region	13635	42647	3.13	0	5
ptg014339l_1	13970	152234	10.90	0	22
ptg014339l_1_region	13970	152234	10.90	0	22
ptg014343l_1	7869	9336	1.19	0	3
ptg014343l_1_region	7869	9336	1.19	0	3
ptg014345l_1	76525	361189	4.72	0	13
ptg014345l_1_region	76525	361189	4.72	0	13
ptg014348l_1	34545	163417	4.73	0	12
ptg014348l_1_region	34545	163417	4.73	0	12
ptg014350l_1	26241	73879	2.82	0	9
ptg014350l_1_region	26241	73879	2.82	0	9
ptg014355l_1	429086	334044	0.78	0	8
ptg014355l_1_region	429086	334044	0.78	0	8
ptg014357l_1	29982	92254	3.08	0	8
ptg014357l_1_region	29982	92254	3.08	0	8
ptg014362l_1	33069	148397	4.49	0	9
ptg014362l_1_region	33069	148397	4.49	0	9
ptg014363l_1	146323	870427	5.95	0	28
ptg014363l_1_region	146323	870427	5.95	0	28
ptg014367l_1	31364	122110	3.89	0	10
ptg014367l_1_region	31364	122110	3.89	0	10
ptg014371l_1	14052	22220	1.58	0	4
ptg014371l_1_region	14052	22220	1.58	0	4
ptg014372l_1	40720	259625	6.38	0	12
ptg014372l_1_region	40720	259625	6.38	0	12
ptg014374l_1	37606	132256	3.52	0	12
ptg014374l_1_region	37606	132256	3.52	0	12
ptg014378l_1	296656	2125262	7.16	0	27
ptg014378l_1_region	296656	2125262	7.16	0	27
ptg014381l_1	15460	136074	8.80	0	21
ptg014381l_1_region	15460	136074	8.80	0	21
ptg014382l_1	24938	68905	2.76	0	7
ptg014382l_1_region	24938	68905	2.76	0	7
ptg014390l_1	13481	78429	5.82	1	10
ptg014390l_1_region	13481	78429	5.82	1	10
ptg014391l_1	298752	2181873	7.30	0	16
ptg014391l_1_region	298752	2181873	7.30	0	16
ptg014392l_1	47298	304550	6.44	1	20
ptg014392l_1_region	47298	304550	6.44	1	20
ptg014394l_1	296551	2777651	9.37	0	22
ptg014394l_1_region	296551	2777651	9.37	0	22
ptg014397l_1	50201	238030	4.74	0	12
ptg014397l_1_region	50201	238030	4.74	0	12
ptg014399l_1	209234	461617	2.21	0	15
ptg014399l_1_region	209234	461617	2.21	0	15
ptg014402l_1	27428	30858	1.13	0	4
ptg014402l_1_region	27428	30858	1.13	0	4
ptg014404l_1	51564	395597	7.67	0	18
ptg014404l_1_region	51564	395597	7.67	0	18
ptg014405l_1	63095	274603	4.35	0	15
ptg014405l_1_region	63095	274603	4.35	0	15
ptg014408l_1	43408	151610	3.49	0	10
ptg014408l_1_region	43408	151610	3.49	0	10
ptg014411l_1	52294	150593	2.88	0	7
ptg014411l_1_region	52294	150593	2.88	0	7
ptg014416l_1	53006	279779	5.28	0	15
ptg014416l_1_region	53006	279779	5.28	0	15
ptg014422l_1	37940	151431	3.99	0	7
ptg014422l_1_region	37940	151431	3.99	0	7
ptg014424l_1	36402	109660	3.01	0	10
ptg014424l_1_region	36402	109660	3.01	0	10
ptg014427l_1	22095	74430	3.37	0	8
ptg014427l_1_region	22095	74430	3.37	0	8
ptg014428l_1	325572	4080120	12.53	0	83
ptg014428l_1_region	325572	4080120	12.53	0	83
ptg014430l_1	146327	591741	4.04	0	14
ptg014430l_1_region	146327	591741	4.04	0	14
ptg014437l_1	38708	196476	5.08	0	9
ptg014437l_1_region	38708	196476	5.08	0	9
ptg014438l_1	21273	1770	0.08	0	2
ptg014438l_1_region	21273	1770	0.08	0	2
ptg014439l_1	28968	104115	3.59	0	7
ptg014439l_1_region	28968	104115	3.59	0	7
ptg014442l_1	202134	1135951	5.62	0	22
ptg014442l_1_region	202134	1135951	5.62	0	22
ptg014448l_1	35340	81095	2.29	0	10
ptg014448l_1_region	35340	81095	2.29	0	10
ptg014450l_1	7308	24468	3.35	1	5
ptg014450l_1_region	7308	24468	3.35	1	5
ptg014451l_1	89075	382328	4.29	0	11
ptg014451l_1_region	89075	382328	4.29	0	11
ptg014452l_1	32868	185914	5.66	0	12
ptg014452l_1_region	32868	185914	5.66	0	12
ptg014456l_1	61838	369478	5.97	0	12
ptg014456l_1_region	61838	369478	5.97	0	12
ptg014459l_1	52911	74935	1.42	0	6
ptg014459l_1_region	52911	74935	1.42	0	6
ptg014462l_1	33863	258842	7.64	0	21
ptg014462l_1_region	33863	258842	7.64	0	21
ptg014466l_1	19402	94550	4.87	1	8
ptg014466l_1_region	19402	94550	4.87	1	8
ptg014467l_1	25980	291064	11.20	4	39
ptg014467l_1_region	25980	291064	11.20	4	39
ptg014468l_1	13007	47204	3.63	0	7
ptg014468l_1_region	13007	47204	3.63	0	7
ptg014472l_1	12122	35154	2.90	0	6
ptg014472l_1_region	12122	35154	2.90	0	6
ptg014478l_1	46910	256275	5.46	0	10
ptg014478l_1_region	46910	256275	5.46	0	10
ptg014479l_1	12094	6256	0.52	0	1
ptg014479l_1_region	12094	6256	0.52	0	1
ptg014483l_1	228688	1948486	8.52	0	22
ptg014483l_1_region	228688	1948486	8.52	0	22
ptg014487l_1	16050	14557	0.91	0	3
ptg014487l_1_region	16050	14557	0.91	0	3
ptg014488l_1	21709	31005	1.43	0	6
ptg014488l_1_region	21709	31005	1.43	0	6
ptg014490l_1	32542	183117	5.63	0	17
ptg014490l_1_region	32542	183117	5.63	0	17
ptg014492l_1	28690	116189	4.05	0	10
ptg014492l_1_region	28690	116189	4.05	0	10
ptg014494l_1	72724	339326	4.67	0	13
ptg014494l_1_region	72724	339326	4.67	0	13
ptg014501l_1	63632	412325	6.48	0	42
ptg014501l_1_region	63632	412325	6.48	0	42
ptg014503l_1	19788	117711	5.95	0	17
ptg014503l_1_region	19788	117711	5.95	0	17
ptg014504l_1	37827	129004	3.41	0	12
ptg014504l_1_region	37827	129004	3.41	0	12
ptg014507l_1	11185	14944	1.34	0	3
ptg014507l_1_region	11185	14944	1.34	0	3
ptg014508l_1	63135	228202	3.61	0	11
ptg014508l_1_region	63135	228202	3.61	0	11
ptg014510l_1	29960	99391	3.32	0	7
ptg014510l_1_region	29960	99391	3.32	0	7
ptg014512l_1	49331	212010	4.30	0	10
ptg014512l_1_region	49331	212010	4.30	0	10
ptg014517l_1	77630	209027	2.69	0	13
ptg014517l_1_region	77630	209027	2.69	0	13
ptg014520l_1	84485	1807864	21.40	0	102
ptg014520l_1_region	84485	1807864	21.40	0	102
ptg014523l_1	24059	32406	1.35	0	9
ptg014523l_1_region	24059	32406	1.35	0	9
ptg014526l_1	19799	133390	6.74	0	14
ptg014526l_1_region	19799	133390	6.74	0	14
ptg014535l_1	55543	303062	5.46	0	9
ptg014535l_1_region	55543	303062	5.46	0	9
ptg014541l_1	59128	220461	3.73	0	9
ptg014541l_1_region	59128	220461	3.73	0	9
ptg014542l_1	67135	307963	4.59	0	12
ptg014542l_1_region	67135	307963	4.59	0	12
ptg014544l_1	19542	64150	3.28	0	7
ptg014544l_1_region	19542	64150	3.28	0	7
ptg014554l_1	27594	93026	3.37	0	10
ptg014554l_1_region	27594	93026	3.37	0	10
ptg014555l_1	8918	8892	1.00	0	4
ptg014555l_1_region	8918	8892	1.00	0	4
ptg014556l_1	352086	682066	1.94	0	18
ptg014556l_1_region	352086	682066	1.94	0	18
ptg014560l_1	27679	1558	0.06	0	1
ptg014560l_1_region	27679	1558	0.06	0	1
ptg014562l_1	41708	261518	6.27	0	18
ptg014562l_1_region	41708	261518	6.27	0	18
ptg014563l_1	22661	83083	3.67	0	6
ptg014563l_1_region	22661	83083	3.67	0	6
ptg014566l_1	19065	78453	4.12	0	15
ptg014566l_1_region	19065	78453	4.12	0	15
ptg014573l_1	77670	313431	4.04	0	12
ptg014573l_1_region	77670	313431	4.04	0	12
ptg014576l_1	22657	59328	2.62	0	7
ptg014576l_1_region	22657	59328	2.62	0	7
ptg014582l_1	69991	355551	5.08	0	12
ptg014582l_1_region	69991	355551	5.08	0	12
ptg014588l_1	165454	903344	5.46	0	14
ptg014588l_1_region	165454	903344	5.46	0	14
ptg014590l_1	25057	161406	6.44	0	30
ptg014590l_1_region	25057	161406	6.44	0	30
ptg014594l_1	121164	155926	1.29	0	7
ptg014594l_1_region	121164	155926	1.29	0	7
ptg014595l_1	30092	151860	5.05	0	8
ptg014595l_1_region	30092	151860	5.05	0	8
ptg014596l_1	19838	28511	1.44	0	4
ptg014596l_1_region	19838	28511	1.44	0	4
ptg014598l_1	12086	16025	1.33	0	5
ptg014598l_1_region	12086	16025	1.33	0	5
ptg014599l_1	26382	77115	2.92	0	16
ptg014599l_1_region	26382	77115	2.92	0	16
ptg014604l_1	26517	66096	2.49	0	4
ptg014604l_1_region	26517	66096	2.49	0	4
ptg014607l_1	16131	43282	2.68	0	5
ptg014607l_1_region	16131	43282	2.68	0	5
ptg014609l_1	33263	148789	4.47	0	11
ptg014609l_1_region	33263	148789	4.47	0	11
ptg014610l_1	15217	32991	2.17	0	4
ptg014610l_1_region	15217	32991	2.17	0	4
ptg014614l_1	186701	1751078	9.38	0	32
ptg014614l_1_region	186701	1751078	9.38	0	32
ptg014626l_1	56688	363130	6.41	0	13
ptg014626l_1_region	56688	363130	6.41	0	13
ptg014629l_1	87599	451143	5.15	0	14
ptg014629l_1_region	87599	451143	5.15	0	14
ptg014631l_1	43184	125908	2.92	0	11
ptg014631l_1_region	43184	125908	2.92	0	11
ptg014637l_1	52153	160201	3.07	0	15
ptg014637l_1_region	52153	160201	3.07	0	15
ptg014638l_1	18780	41205	2.19	0	6
ptg014638l_1_region	18780	41205	2.19	0	6
ptg014639l_1	23445	128361	5.47	0	12
ptg014639l_1_region	23445	128361	5.47	0	12
ptg014646l_1	12275	61344	5.00	0	23
ptg014646l_1_region	12275	61344	5.00	0	23
ptg014648l_1	544419	342060	0.63	0	12
ptg014648l_1_region	544419	342060	0.63	0	12
ptg014650l_1	19264	80564	4.18	0	7
ptg014650l_1_region	19264	80564	4.18	0	7
ptg014657l_1	37950	181241	4.78	0	14
ptg014657l_1_region	37950	181241	4.78	0	14
ptg014659l_1	160793	804341	5.00	0	27
ptg014659l_1_region	160793	804341	5.00	0	27
ptg014660l_1	38089	98266	2.58	0	7
ptg014660l_1_region	38089	98266	2.58	0	7
ptg014666l_1	60285	277110	4.60	0	12
ptg014666l_1_region	60285	277110	4.60	0	12
ptg014667l_1	19631	32382	1.65	0	3
ptg014667l_1_region	19631	32382	1.65	0	3
ptg014668l_1	225031	421716	1.87	0	16
ptg014668l_1_region	225031	421716	1.87	0	16
ptg014669l_1	131150	115398	0.88	0	5
ptg014669l_1_region	131150	115398	0.88	0	5
ptg014676l_1	17473	17701	1.01	0	3
ptg014676l_1_region	17473	17701	1.01	0	3
ptg014683l_1	16980	70332	4.14	0	9
ptg014683l_1_region	16980	70332	4.14	0	9
ptg014685l_1	44747	477431	10.67	0	27
ptg014685l_1_region	44747	477431	10.67	0	27
ptg014688l_1	30166	225541	7.48	0	13
ptg014688l_1_region	30166	225541	7.48	0	13
ptg014690l_1	23407	2178	0.09	0	2
ptg014690l_1_region	23407	2178	0.09	0	2
ptg014695l_1	23396	206859	8.84	0	16
ptg014695l_1_region	23396	206859	8.84	0	16
ptg014696l_1	33910	63440	1.87	0	10
ptg014696l_1_region	33910	63440	1.87	0	10
ptg014697l_1	2504026	4190163	1.67	0	35
ptg014697l_1_region	2504026	4190163	1.67	0	35
ptg014704l_1	85995	434019	5.05	0	23
ptg014704l_1_region	85995	434019	5.05	0	23
ptg014706l_1	37350	119389	3.20	0	8
ptg014706l_1_region	37350	119389	3.20	0	8
ptg014708l_1	28745	105767	3.68	0	9
ptg014708l_1_region	28745	105767	3.68	0	9
ptg014710l_1	8442	22831	2.70	0	8
ptg014710l_1_region	8442	22831	2.70	0	8
ptg014712l_1	16129	1524	0.09	0	3
ptg014712l_1_region	16129	1524	0.09	0	3
ptg014718l_1	142784	764708	5.36	0	17
ptg014718l_1_region	142784	764708	5.36	0	17
ptg014719l_1	22009	89707	4.08	0	8
ptg014719l_1_region	22009	89707	4.08	0	8
ptg014726l_1	27257	69481	2.55	0	5
ptg014726l_1_region	27257	69481	2.55	0	5
ptg014730l_1	171898	244112	1.42	0	19
ptg014730l_1_region	171898	244112	1.42	0	19
ptg014736l_1	181696	901089	4.96	0	18
ptg014736l_1_region	181696	901089	4.96	0	18
ptg014741l_1	38921	96436	2.48	0	5
ptg014741l_1_region	38921	96436	2.48	0	5
ptg014748l_1	82341	398117	4.83	0	20
ptg014748l_1_region	82341	398117	4.83	0	20
ptg014751l_1	115848	96776	0.84	0	6
ptg014751l_1_region	115848	96776	0.84	0	6
ptg014752l_1	193117	1034831	5.36	0	70
ptg014752l_1_region	193117	1034831	5.36	0	70
ptg014767l_1	20092	68716	3.42	0	13
ptg014767l_1_region	20092	68716	3.42	0	13
ptg014770l_1	14998	77182	5.15	0	16
ptg014770l_1_region	14998	77182	5.15	0	16
ptg014771l_1	59080	130539	2.21	0	6
ptg014771l_1_region	59080	130539	2.21	0	6
ptg014773l_1	19823	122583	6.18	0	11
ptg014773l_1_region	19823	122583	6.18	0	11
ptg014778l_1	11963	24483	2.05	0	3
ptg014778l_1_region	11963	24483	2.05	0	3
ptg014786l_1	53179	197727	3.72	0	10
ptg014786l_1_region	53179	197727	3.72	0	10
ptg014791l_1	55844	191101	3.42	0	15
ptg014791l_1_region	55844	191101	3.42	0	15
ptg014801l_1	21409	79495	3.71	0	8
ptg014801l_1_region	21409	79495	3.71	0	8
ptg014802l_1	48862	215857	4.42	0	9
ptg014802l_1_region	48862	215857	4.42	0	9
ptg014803l_1	49560	306458	6.18	0	36
ptg014803l_1_region	49560	306458	6.18	0	36
ptg014804l_1	47843	155878	3.26	0	9
ptg014804l_1_region	47843	155878	3.26	0	9
ptg014808l_1	12053	23408	1.94	0	6
ptg014808l_1_region	12053	23408	1.94	0	6
ptg014812l_1	11886	139563	11.74	0	15
ptg014812l_1_region	11886	139563	11.74	0	15
ptg014813l_1	197883	767183	3.88	0	15
ptg014813l_1_region	197883	767183	3.88	0	15
ptg014815l_1	21910	116397	5.31	0	9
ptg014815l_1_region	21910	116397	5.31	0	9
ptg014819l_1	90789	291161	3.21	0	11
ptg014819l_1_region	90789	291161	3.21	0	11
ptg014827l_1	8987	16223	1.81	0	4
ptg014827l_1_region	8987	16223	1.81	0	4
ptg014831l_1	37037	109602	2.96	0	6
ptg014831l_1_region	37037	109602	2.96	0	6
ptg014838l_1	11265	24588	2.18	0	5
ptg014838l_1_region	11265	24588	2.18	0	5
ptg014843l_1	28838	146591	5.08	0	13
ptg014843l_1_region	28838	146591	5.08	0	13
ptg014845l_1	8972	12095	1.35	0	3
ptg014845l_1_region	8972	12095	1.35	0	3
ptg014846l_1	13914	93318	6.71	0	17
ptg014846l_1_region	13914	93318	6.71	0	17
ptg014851l_1	14113	79184	5.61	1	13
ptg014851l_1_region	14113	79184	5.61	1	13
ptg014853l_1	55764	190389	3.41	0	8
ptg014853l_1_region	55764	190389	3.41	0	8
ptg014859l_1	46840	144189	3.08	0	9
ptg014859l_1_region	46840	144189	3.08	0	9
ptg014862l_1	169478	1234867	7.29	0	22
ptg014862l_1_region	169478	1234867	7.29	0	22
ptg014864l_1	19207	101551	5.29	0	10
ptg014864l_1_region	19207	101551	5.29	0	10
ptg014866l_1	124257	890789	7.17	0	62
ptg014866l_1_region	124257	890789	7.17	0	62
ptg014867l_1	40019	177270	4.43	0	18
ptg014867l_1_region	40019	177270	4.43	0	18
ptg014873l_1	9697	24498	2.53	0	4
ptg014873l_1_region	9697	24498	2.53	0	4
ptg014874l_1	52546	276758	5.27	0	11
ptg014874l_1_region	52546	276758	5.27	0	11
ptg014886l_1	62912	628011	9.98	0	41
ptg014886l_1_region	62912	628011	9.98	0	41
ptg014890l_1	25078	85328	3.40	0	9
ptg014890l_1_region	25078	85328	3.40	0	9
ptg014894l_1	63244	226826	3.59	0	17
ptg014894l_1_region	63244	226826	3.59	0	17
ptg014897l_1	12576	28482	2.26	0	4
ptg014897l_1_region	12576	28482	2.26	0	4
ptg014900l_1	25797	369159	14.31	2	36
ptg014900l_1_region	25797	369159	14.31	2	36
ptg014905l_1	242127	1347120	5.56	0	16
ptg014905l_1_region	242127	1347120	5.56	0	16
ptg014908l_1	27033	41689	1.54	0	4
ptg014908l_1_region	27033	41689	1.54	0	4
ptg014909l_1	56476	240405	4.26	0	11
ptg014909l_1_region	56476	240405	4.26	0	11
ptg014911l_1	10966	9816	0.90	0	2
ptg014911l_1_region	10966	9816	0.90	0	2
ptg014914l_1	29715	52178	1.76	0	5
ptg014914l_1_region	29715	52178	1.76	0	5
ptg014921l_1	67436	458951	6.81	0	11
ptg014921l_1_region	67436	458951	6.81	0	11
ptg014925l_1	21874	65892	3.01	0	19
ptg014925l_1_region	21874	65892	3.01	0	19
ptg014931l_1	91318	402758	4.41	0	14
ptg014931l_1_region	91318	402758	4.41	0	14
ptg014933l_1	81198	316625	3.90	0	13
ptg014933l_1_region	81198	316625	3.90	0	13
ptg014935l_1	263708	4186285	15.87	0	49
ptg014935l_1_region	263708	4186285	15.87	0	49
ptg014936l_1	129300	726917	5.62	0	15
ptg014936l_1_region	129300	726917	5.62	0	15
ptg014947l_1	50417	345836	6.86	0	40
ptg014947l_1_region	50417	345836	6.86	0	40
ptg014951l_1	14915	31559	2.12	0	3
ptg014951l_1_region	14915	31559	2.12	0	3
ptg014952l_1	13137	8284	0.63	0	2
ptg014952l_1_region	13137	8284	0.63	0	2
ptg014954l_1	48060	246615	5.13	0	13
ptg014954l_1_region	48060	246615	5.13	0	13
ptg014957l_1	51737	101406	1.96	0	5
ptg014957l_1_region	51737	101406	1.96	0	5
ptg014958l_1	31873	166134	5.21	0	10
ptg014958l_1_region	31873	166134	5.21	0	10
ptg014962l_1	30813	63899	2.07	0	5
ptg014962l_1_region	30813	63899	2.07	0	5
ptg014966l_1	12473	111343	8.93	0	19
ptg014966l_1_region	12473	111343	8.93	0	19
ptg014967l_1	21483	22967	1.07	0	3
ptg014967l_1_region	21483	22967	1.07	0	3
ptg014969l_1	89911	730533	8.13	0	18
ptg014969l_1_region	89911	730533	8.13	0	18
ptg014970l_1	32035	58608	1.83	0	4
ptg014970l_1_region	32035	58608	1.83	0	4
ptg014972l_1	156787	507504	3.24	0	14
ptg014972l_1_region	156787	507504	3.24	0	14
ptg014974l_1	24826	107086	4.31	0	13
ptg014974l_1_region	24826	107086	4.31	0	13
ptg014975l_1	22807	267493	11.73	1	26
ptg014975l_1_region	22807	267493	11.73	1	26
ptg014976l_1	23852	132475	5.55	0	12
ptg014976l_1_region	23852	132475	5.55	0	12
ptg014977l_1	38070	9899	0.26	0	3
ptg014977l_1_region	38070	9899	0.26	0	3
ptg014978l_1	104479	885782	8.48	0	38
ptg014978l_1_region	104479	885782	8.48	0	38
ptg014987l_1	326680	26130	0.08	0	2
ptg014987l_1_region	326680	26130	0.08	0	2
ptg014988l_1	150192	24536	0.16	0	2
ptg014988l_1_region	150192	24536	0.16	0	2
ptg014991l_1	90231	367853	4.08	0	17
ptg014991l_1_region	90231	367853	4.08	0	17
ptg014995l_1	16133	67820	4.20	0	9
ptg014995l_1_region	16133	67820	4.20	0	9
ptg014996l_1	37198	41794	1.12	0	7
ptg014996l_1_region	37198	41794	1.12	0	7
ptg014997l_1	83724	202880	2.42	0	13
ptg014997l_1_region	83724	202880	2.42	0	13
ptg014998l_1	60355	351444	5.82	0	14
ptg014998l_1_region	60355	351444	5.82	0	14
ptg015000l_1	18833	67001	3.56	0	9
ptg015000l_1_region	18833	67001	3.56	0	9
ptg015001l_1	59152	190856	3.23	0	14
ptg015001l_1_region	59152	190856	3.23	0	14
ptg015005l_1	111738	403461	3.61	0	15
ptg015005l_1_region	111738	403461	3.61	0	15
ptg015014l_1	25146	43185	1.72	0	5
ptg015014l_1_region	25146	43185	1.72	0	5
ptg015021l_1	34200	181198	5.30	0	12
ptg015021l_1_region	34200	181198	5.30	0	12
ptg015034l_1	14944	63698	4.26	0	16
ptg015034l_1_region	14944	63698	4.26	0	16
ptg015041l_1	441615	3176970	7.19	0	20
ptg015041l_1_region	441615	3176970	7.19	0	20
ptg015051l_1	478350	2354079	4.92	0	46
ptg015051l_1_region	478350	2354079	4.92	0	46
ptg015060l_1	31498	32453	1.03	0	5
ptg015060l_1_region	31498	32453	1.03	0	5
ptg015069l_1	327846	2302107	7.02	0	63
ptg015069l_1_region	327846	2302107	7.02	0	63
ptg015071l_1	44063	768477	17.44	0	50
ptg015071l_1_region	44063	768477	17.44	0	50
ptg015076l_1	15402	33262	2.16	0	5
ptg015076l_1_region	15402	33262	2.16	0	5
ptg015087l_1	200167	2276675	11.37	0	47
ptg015087l_1_region	200167	2276675	11.37	0	47
ptg015117l_1	25331	152334	6.01	0	13
ptg015117l_1_region	25331	152334	6.01	0	13
ptg015122l_1	164131	824284	5.02	0	20
ptg015122l_1_region	164131	824284	5.02	0	20
ptg015130l_1	66662	172622	2.59	0	13
ptg015130l_1_region	66662	172622	2.59	0	13
ptg015140l_1	163869	1230216	7.51	0	374
ptg015140l_1_region	163869	1230216	7.51	0	374
ptg015143l_1	20989	84389	4.02	0	8
ptg015143l_1_region	20989	84389	4.02	0	8
ptg015144l_1	128243	381961	2.98	0	14
ptg015144l_1_region	128243	381961	2.98	0	14
ptg015175l_1	36126	126315	3.50	0	8
ptg015175l_1_region	36126	126315	3.50	0	8
ptg015176l_1	54353	133854	2.46	0	5
ptg015176l_1_region	54353	133854	2.46	0	5
ptg015178l_1	220013	734826	3.34	0	12
ptg015178l_1_region	220013	734826	3.34	0	12
ptg015191l_1	97877	4734436	48.37	0	256
ptg015191l_1_region	97877	4734436	48.37	0	256
ptg015200l_1	76194	586131	7.69	0	17
ptg015200l_1_region	76194	586131	7.69	0	17
ptg015207l_1	174001	1091392	6.27	0	22
ptg015207l_1_region	174001	1091392	6.27	0	22
ptg015216l_1	245082	714246	2.91	0	11
ptg015216l_1_region	245082	714246	2.91	0	11
ptg015230l_1	42231	124450	2.95	0	10
ptg015230l_1_region	42231	124450	2.95	0	10
ptg015235l_1	16723	105585	6.31	0	15
ptg015235l_1_region	16723	105585	6.31	0	15
ptg015240l_1	37720	148761	3.94	0	11
ptg015240l_1_region	37720	148761	3.94	0	11
ptg015253l_1	62767	27022	0.43	0	4
ptg015253l_1_region	62767	27022	0.43	0	4
ptg015269l_1	30353	168425	5.55	0	20
ptg015269l_1_region	30353	168425	5.55	0	20
ptg015276l_1	31541	32867	1.04	0	4
ptg015276l_1_region	31541	32867	1.04	0	4
ptg015290l_1	30419	126756	4.17	0	31
ptg015290l_1_region	30419	126756	4.17	0	31
ptg015304l_1	23481	417386	17.78	0	64
ptg015304l_1_region	23481	417386	17.78	0	64
ptg015310l_1	36344	53695	1.48	0	5
ptg015310l_1_region	36344	53695	1.48	0	5
ptg015313l_1	31475	114355	3.63	0	15
ptg015313l_1_region	31475	114355	3.63	0	15
ptg015314l_1	47334	106559	2.25	0	8
ptg015314l_1_region	47334	106559	2.25	0	8
ptg015321l_1	158029	870259	5.51	0	15
ptg015321l_1_region	158029	870259	5.51	0	15
ptg015322l_1	35638	183534	5.15	0	11
ptg015322l_1_region	35638	183534	5.15	0	11
ptg015323l_1	189841	996659	5.25	0	19
ptg015323l_1_region	189841	996659	5.25	0	19
ptg015324l_1	1603067	3491809	2.18	0	56
ptg015324l_1_region	1603067	3491809	2.18	0	56
ptg015327l_1	86129	447761	5.20	0	20
ptg015327l_1_region	86129	447761	5.20	0	20
ptg015328l_1	114281	259876	2.27	0	9
ptg015328l_1_region	114281	259876	2.27	0	9
ptg015331l_1	29358	246766	8.41	0	17
ptg015331l_1_region	29358	246766	8.41	0	17
ptg015334l_1	24682	61872	2.51	0	12
ptg015334l_1_region	24682	61872	2.51	0	12
ptg015343l_1	40098	334866	8.35	0	19
ptg015343l_1_region	40098	334866	8.35	0	19
ptg015369l_1	215030	1163766	5.41	0	25
ptg015369l_1_region	215030	1163766	5.41	0	25
ptg015376l_1	175776	852342	4.85	0	16
ptg015376l_1_region	175776	852342	4.85	0	16
ptg015378l_1	10822	9124	0.84	0	2
ptg015378l_1_region	10822	9124	0.84	0	2
ptg015384l_1	167842	2653087	15.81	0	81
ptg015384l_1_region	167842	2653087	15.81	0	81
ptg015393l_1	40793	116633	2.86	0	13
ptg015393l_1_region	40793	116633	2.86	0	13
ptg015398l_1	77568	96276	1.24	0	5
ptg015398l_1_region	77568	96276	1.24	0	5
ptg015408l_1	133896	1007566	7.52	0	37
ptg015408l_1_region	133896	1007566	7.52	0	37
ptg015415l_1	33909	126105	3.72	0	15
ptg015415l_1_region	33909	126105	3.72	0	15
ptg015418l_1	53663	152384	2.84	0	11
ptg015418l_1_region	53663	152384	2.84	0	11
ptg015433l_1	33897	113447	3.35	0	8
ptg015433l_1_region	33897	113447	3.35	0	8
ptg015441l_1	22462	11165	0.50	0	7
ptg015441l_1_region	22462	11165	0.50	0	7
ptg015446l_1	76699	554435	7.23	0	15
ptg015446l_1_region	76699	554435	7.23	0	15
ptg015449l_1	29193	86956	2.98	0	7
ptg015449l_1_region	29193	86956	2.98	0	7
ptg015464l_1	68228	767957	11.26	0	88
ptg015464l_1_region	68228	767957	11.26	0	88
ptg015477l_1	188656	1381536	7.32	0	16
ptg015477l_1_region	188656	1381536	7.32	0	16
ptg015480l_1	12067	304860	25.26	0	78
ptg015480l_1_region	12067	304860	25.26	0	78
ptg015484l_1	15493	57797	3.73	0	8
ptg015484l_1_region	15493	57797	3.73	0	8
ptg015498l_1	22350	103709	4.64	0	12
ptg015498l_1_region	22350	103709	4.64	0	12
ptg015509l_1	157850	736178	4.66	0	15
ptg015509l_1_region	157850	736178	4.66	0	15
ptg015519l_1	23231	49209	2.12	0	6
ptg015519l_1_region	23231	49209	2.12	0	6
ptg015522l_1	34294	12889	0.38	0	7
ptg015522l_1_region	34294	12889	0.38	0	7
ptg015523l_1	59381	396228	6.67	0	16
ptg015523l_1_region	59381	396228	6.67	0	16
ptg015528l_1	70344	246026	3.50	0	14
ptg015528l_1_region	70344	246026	3.50	0	14
ptg015529l_1	37961	127016	3.35	0	9
ptg015529l_1_region	37961	127016	3.35	0	9
ptg015532l_1	58576	190494	3.25	0	8
ptg015532l_1_region	58576	190494	3.25	0	8
ptg015550l_1	14047	42513	3.03	0	10
ptg015550l_1_region	14047	42513	3.03	0	10
ptg015559l_1	77458	195257	2.52	0	10
ptg015559l_1_region	77458	195257	2.52	0	10
ptg015563l_1	17173	67755	3.95	0	9
ptg015563l_1_region	17173	67755	3.95	0	9
ptg015566l_1	46697	204982	4.39	0	15
ptg015566l_1_region	46697	204982	4.39	0	15
ptg015570l_1	61763	59098	0.96	0	8
ptg015570l_1_region	61763	59098	0.96	0	8
ptg015571l_1	19572	91804	4.69	0	10
ptg015571l_1_region	19572	91804	4.69	0	10
ptg015575l_1	46519	215378	4.63	0	14
ptg015575l_1_region	46519	215378	4.63	0	14
ptg015585l_1	40688	67606	1.66	0	14
ptg015585l_1_region	40688	67606	1.66	0	14
ptg015587l_1	101542	662288	6.52	0	18
ptg015587l_1_region	101542	662288	6.52	0	18
ptg015593l_1	544806	1640327	3.01	0	39
ptg015593l_1_region	544806	1640327	3.01	0	39
ptg015595l_1	30178	47904	1.59	0	3
ptg015595l_1_region	30178	47904	1.59	0	3
ptg015596l_1	37656	281089	7.46	0	18
ptg015596l_1_region	37656	281089	7.46	0	18
ptg015597l_1	266309	2011151	7.55	0	25
ptg015597l_1_region	266309	2011151	7.55	0	25
ptg015598l_1	24205	6130	0.25	0	1
ptg015598l_1_region	24205	6130	0.25	0	1
ptg015599l_1	19359	17539	0.91	0	2
ptg015599l_1_region	19359	17539	0.91	0	2
ptg015602l_1	99677	644004	6.46	0	25
ptg015602l_1_region	99677	644004	6.46	0	25
ptg015603l_1	299942	5293971	17.65	0	82
ptg015603l_1_region	299942	5293971	17.65	0	82
ptg015605l_1	64254	258001	4.02	0	26
ptg015605l_1_region	64254	258001	4.02	0	26
ptg015606l_1	54857	453612	8.27	0	20
ptg015606l_1_region	54857	453612	8.27	0	20
ptg015607l_1	45042	110960	2.46	0	9
ptg015607l_1_region	45042	110960	2.46	0	9
ptg015610l_1	34928	109945	3.15	0	9
ptg015610l_1_region	34928	109945	3.15	0	9
ptg015616l_1	486628	207736	0.43	0	7
ptg015616l_1_region	486628	207736	0.43	0	7
ptg015621l_1	596592	11573369	19.40	0	1067
ptg015621l_1_region	596592	11573369	19.40	0	1067
ptg015624l_1	21152	120005	5.67	0	26
ptg015624l_1_region	21152	120005	5.67	0	26
ptg015625l_1	172896	544449	3.15	0	46
ptg015625l_1_region	172896	544449	3.15	0	46
ptg015632l_1	27004	121210	4.49	0	12
ptg015632l_1_region	27004	121210	4.49	0	12
ptg015633l_1	26363	46356	1.76	0	7
ptg015633l_1_region	26363	46356	1.76	0	7
ptg015634l_1	28177	364940	12.95	1	25
ptg015634l_1_region	28177	364940	12.95	1	25
ptg015635l_1	30346	141529	4.66	0	9
ptg015635l_1_region	30346	141529	4.66	0	9
ptg015636l_1	16613	130479	7.85	2	13
ptg015636l_1_region	16613	130479	7.85	2	13
ptg015643l_1	132306	771753	5.83	0	18
ptg015643l_1_region	132306	771753	5.83	0	18
ptg015661l_1	113470	284849	2.51	0	9
ptg015661l_1_region	113470	284849	2.51	0	9
ptg015663l_1	75717	518507	6.85	0	20
ptg015663l_1_region	75717	518507	6.85	0	20
ptg015680l_1	26386	163025	6.18	0	13
ptg015680l_1_region	26386	163025	6.18	0	13
ptg015683l_1	17505	37180	2.12	0	5
ptg015683l_1_region	17505	37180	2.12	0	5
ptg015689l_1	20544	247481	12.05	0	31
ptg015689l_1_region	20544	247481	12.05	0	31
ptg015697l_1	28995	91309	3.15	1	7
ptg015697l_1_region	28995	91309	3.15	1	7
ptg015700l_1	64624	204588	3.17	0	10
ptg015700l_1_region	64624	204588	3.17	0	10
ptg015701l_1	14714	68805	4.68	0	11
ptg015701l_1_region	14714	68805	4.68	0	11
ptg015705l_1	184018	752215	4.09	0	15
ptg015705l_1_region	184018	752215	4.09	0	15
ptg015725l_1	18292	54521	2.98	0	8
ptg015725l_1_region	18292	54521	2.98	0	8
ptg015726l_1	67152	3330	0.05	0	1
ptg015726l_1_region	67152	3330	0.05	0	1
ptg015734l_1	13114	48759	3.72	0	8
ptg015734l_1_region	13114	48759	3.72	0	8
ptg015747l_1	137693	1526378	11.09	0	22
ptg015747l_1_region	137693	1526378	11.09	0	22
ptg015750l_1	91831	518251	5.64	0	22
ptg015750l_1_region	91831	518251	5.64	0	22
ptg015751l_1	19442	42849	2.20	0	10
ptg015751l_1_region	19442	42849	2.20	0	10
ptg015764l_1	113546	1587623	13.98	0	50
ptg015764l_1_region	113546	1587623	13.98	0	50
ptg015770l_1	20296	38972	1.92	0	16
ptg015770l_1_region	20296	38972	1.92	0	16
ptg015784l_1	8289	7812	0.94	0	3
ptg015784l_1_region	8289	7812	0.94	0	3
ptg015800l_1	23149	175550	7.58	0	14
ptg015800l_1_region	23149	175550	7.58	0	14
ptg015824l_1	44424	236225	5.32	0	11
ptg015824l_1_region	44424	236225	5.32	0	11
ptg015834l_1	59221	330288	5.58	0	12
ptg015834l_1_region	59221	330288	5.58	0	12
ptg015835l_1	14215	2691	0.19	0	1
ptg015835l_1_region	14215	2691	0.19	0	1
ptg015847l_1	172708	1336386	7.74	0	19
ptg015847l_1_region	172708	1336386	7.74	0	19
ptg015859l_1	64712	401202	6.20	0	15
ptg015859l_1_region	64712	401202	6.20	0	15
ptg015861l_1	100535	752966	7.49	0	16
ptg015861l_1_region	100535	752966	7.49	0	16
ptg015870l_1	15448	30568	1.98	0	5
ptg015870l_1_region	15448	30568	1.98	0	5
ptg015876l_1	59604	208771	3.50	0	25
ptg015876l_1_region	59604	208771	3.50	0	25
ptg015884l_1	70471	540048	7.66	0	16
ptg015884l_1_region	70471	540048	7.66	0	16
ptg015897l_1	78900	323055	4.09	0	12
ptg015897l_1_region	78900	323055	4.09	0	12
ptg015901l_1	31651	61189	1.93	0	11
ptg015901l_1_region	31651	61189	1.93	0	11
ptg015902l_1	24361	57780	2.37	0	6
ptg015902l_1_region	24361	57780	2.37	0	6
ptg015913l_1	54743	122942	2.25	0	9
ptg015913l_1_region	54743	122942	2.25	0	9
ptg015937l_1	44298	82311	1.86	0	4
ptg015937l_1_region	44298	82311	1.86	0	4
ptg015947l_1	25475	76903	3.02	0	13
ptg015947l_1_region	25475	76903	3.02	0	13
ptg015952l_1	12914	21978	1.70	0	6
ptg015952l_1_region	12914	21978	1.70	0	6
ptg015955l_1	10362	12389	1.20	0	4
ptg015955l_1_region	10362	12389	1.20	0	4
ptg015959l_1	38345	73588	1.92	0	10
ptg015959l_1_region	38345	73588	1.92	0	10
ptg015971l_1	19854	101913	5.13	0	10
ptg015971l_1_region	19854	101913	5.13	0	10
ptg015988l_1	25563	56812	2.22	0	6
ptg015988l_1_region	25563	56812	2.22	0	6
ptg015994l_1	79808	494444	6.20	0	18
ptg015994l_1_region	79808	494444	6.20	0	18
ptg015995l_1	56994	165357	2.90	0	11
ptg015995l_1_region	56994	165357	2.90	0	11
ptg016014l_1	116861	117729	1.01	0	6
ptg016014l_1_region	116861	117729	1.01	0	6
ptg016019l_1	15012	18620	1.24	0	2
ptg016019l_1_region	15012	18620	1.24	0	2
ptg016033l_1	249089	1150705	4.62	0	57
ptg016033l_1_region	249089	1150705	4.62	0	57
ptg016035l_1	17200	69562	4.04	0	8
ptg016035l_1_region	17200	69562	4.04	0	8
ptg016038l_1	13255	126117	9.51	0	14
ptg016038l_1_region	13255	126117	9.51	0	14
ptg016042l_1	34821	475758	13.66	0	22
ptg016042l_1_region	34821	475758	13.66	0	22
ptg016048l_1	99517	653627	6.57	0	19
ptg016048l_1_region	99517	653627	6.57	0	19
ptg016049l_1	97598	247507	2.54	0	9
ptg016049l_1_region	97598	247507	2.54	0	9
ptg016057l_1	27273	115492	4.23	0	11
ptg016057l_1_region	27273	115492	4.23	0	11
ptg016063l_1	13766	51375	3.73	0	7
ptg016063l_1_region	13766	51375	3.73	0	7
ptg016073l_1	45215	73758	1.63	0	8
ptg016073l_1_region	45215	73758	1.63	0	8
ptg016078l_1	25483	69430	2.72	0	9
ptg016078l_1_region	25483	69430	2.72	0	9
ptg016082l_1	39658	200946	5.07	0	26
ptg016082l_1_region	39658	200946	5.07	0	26
ptg016086l_1	50850	315839	6.21	0	25
ptg016086l_1_region	50850	315839	6.21	0	25
ptg016101l_1	57108	196299	3.44	0	10
ptg016101l_1_region	57108	196299	3.44	0	10
ptg016102l_1	33003	70750	2.14	0	6
ptg016102l_1_region	33003	70750	2.14	0	6
ptg016105l_1	637970	3043335	4.77	0	115
ptg016105l_1_region	637970	3043335	4.77	0	115
ptg016115l_1	22879	300312	13.13	1	36
ptg016115l_1_region	22879	300312	13.13	1	36
ptg016118l_1	105536	622470	5.90	0	20
ptg016118l_1_region	105536	622470	5.90	0	20
ptg016132l_1	46797	25955	0.55	0	4
ptg016132l_1_region	46797	25955	0.55	0	4
ptg016133l_1	38899	283718	7.29	0	21
ptg016133l_1_region	38899	283718	7.29	0	21
ptg016145l_1	240745	777845	3.23	0	14
ptg016145l_1_region	240745	777845	3.23	0	14
ptg016147l_1	22268	143457	6.44	0	32
ptg016147l_1_region	22268	143457	6.44	0	32
ptg016150l_1	48660	4153359	85.35	0	189
ptg016150l_1_region	48660	4153359	85.35	0	189
ptg016152l_1	12495	28931	2.32	0	4
ptg016152l_1_region	12495	28931	2.32	0	4
ptg016163l_1	57855	113691	1.97	0	9
ptg016163l_1_region	57855	113691	1.97	0	9
ptg016174l_1	29134	90931	3.12	0	7
ptg016174l_1_region	29134	90931	3.12	0	7
ptg016175l_1	10269	17448	1.70	0	3
ptg016175l_1_region	10269	17448	1.70	0	3
ptg016181l_1	8081	22998	2.85	0	5
ptg016181l_1_region	8081	22998	2.85	0	5
ptg016192l_1	39204	221185	5.64	0	17
ptg016192l_1_region	39204	221185	5.64	0	17
ptg016193l_1	62930	388785	6.18	0	25
ptg016193l_1_region	62930	388785	6.18	0	25
ptg016197l_1	9761	862	0.09	0	1
ptg016197l_1_region	9761	862	0.09	0	1
ptg016204l_1	103770	703262	6.78	0	18
ptg016204l_1_region	103770	703262	6.78	0	18
ptg016207l_1	89993	332863	3.70	0	24
ptg016207l_1_region	89993	332863	3.70	0	24
ptg016214l_1	64467	447203	6.94	0	15
ptg016214l_1_region	64467	447203	6.94	0	15
ptg016223l_1	116900	867263	7.42	0	19
ptg016223l_1_region	116900	867263	7.42	0	19
ptg016224l_1	62966	1126001	17.88	0	86
ptg016224l_1_region	62966	1126001	17.88	0	86
ptg016225l_1	119492	399175	3.34	0	20
ptg016225l_1_region	119492	399175	3.34	0	20
ptg016226l_1	43737	350079	8.00	0	25
ptg016226l_1_region	43737	350079	8.00	0	25
ptg016228l_1	104866	42459	0.40	0	3
ptg016228l_1_region	104866	42459	0.40	0	3
ptg016229l_1	23880	120588	5.05	0	10
ptg016229l_1_region	23880	120588	5.05	0	10
ptg016237l_1	26876	121527	4.52	0	12
ptg016237l_1_region	26876	121527	4.52	0	12
ptg016241l_1	42596	204991	4.81	0	13
ptg016241l_1_region	42596	204991	4.81	0	13
ptg016242l_1	33719	954	0.03	0	1
ptg016242l_1_region	33719	954	0.03	0	1
ptg016244l_1	22768	48915	2.15	0	7
ptg016244l_1_region	22768	48915	2.15	0	7
ptg016245l_1	24906	75038	3.01	0	10
ptg016245l_1_region	24906	75038	3.01	0	10
ptg016246l_1	86756	151239	1.74	0	8
ptg016246l_1_region	86756	151239	1.74	0	8
ptg016248l_1	16338	67912	4.16	0	13
ptg016248l_1_region	16338	67912	4.16	0	13
ptg016250l_1	7492	14065	1.88	0	4
ptg016250l_1_region	7492	14065	1.88	0	4
ptg016251l_1	15556	43174	2.78	0	5
ptg016251l_1_region	15556	43174	2.78	0	5
ptg016255l_1	16475	28552	1.73	0	9
ptg016255l_1_region	16475	28552	1.73	0	9
ptg016264l_1	66260	321092	4.85	0	15
ptg016264l_1_region	66260	321092	4.85	0	15
ptg016275l_1	97068	406058	4.18	0	18
ptg016275l_1_region	97068	406058	4.18	0	18
ptg016279l_1	46711	202928	4.34	0	10
ptg016279l_1_region	46711	202928	4.34	0	10
ptg016280l_1	110923	611491	5.51	0	33
ptg016280l_1_region	110923	611491	5.51	0	33
ptg016281l_1	81049	573699	7.08	0	28
ptg016281l_1_region	81049	573699	7.08	0	28
ptg016282l_1	37674	93516	2.48	0	8
ptg016282l_1_region	37674	93516	2.48	0	8
ptg016283l_1	58438	57172	0.98	0	5
ptg016283l_1_region	58438	57172	0.98	0	5
ptg016285l_1	111128	94475	0.85	0	4
ptg016285l_1_region	111128	94475	0.85	0	4
ptg016287l_1	37887	169494	4.47	1	8
ptg016287l_1_region	37887	169494	4.47	1	8
ptg016288l_1	39924	33110	0.83	0	3
ptg016288l_1_region	39924	33110	0.83	0	3
ptg016291l_1	84011	401811	4.78	0	24
ptg016291l_1_region	84011	401811	4.78	0	24
ptg016292l_1	33423	129006	3.86	0	15
ptg016292l_1_region	33423	129006	3.86	0	15
ptg016293l_1	35972	308185	8.57	0	18
ptg016293l_1_region	35972	308185	8.57	0	18
ptg016294l_1	71549	502076	7.02	0	17
ptg016294l_1_region	71549	502076	7.02	0	17
ptg016295l_1	22510	159476	7.08	0	17
ptg016295l_1_region	22510	159476	7.08	0	17
ptg016296l_1	7390	24210	3.28	0	5
ptg016296l_1_region	7390	24210	3.28	0	5
ptg016297l_1	71146	170835	2.40	0	7
ptg016297l_1_region	71146	170835	2.40	0	7
ptg016302l_1	22825	12945	0.57	0	1
ptg016302l_1_region	22825	12945	0.57	0	1
ptg016307l_1	46709	212279	4.54	0	13
ptg016307l_1_region	46709	212279	4.54	0	13
ptg016309l_1	59338	36102	0.61	0	10
ptg016309l_1_region	59338	36102	0.61	0	10
ptg016312l_1	59909	194837	3.25	0	11
ptg016312l_1_region	59909	194837	3.25	0	11
ptg016318l_1	50415	207505	4.12	0	20
ptg016318l_1_region	50415	207505	4.12	0	20
ptg016321l_1	108606	241044	2.22	0	8
ptg016321l_1_region	108606	241044	2.22	0	8
ptg016327l_1	122693	978284	7.97	0	19
ptg016327l_1_region	122693	978284	7.97	0	19
ptg016333l_1	36639	229904	6.27	0	13
ptg016333l_1_region	36639	229904	6.27	0	13
ptg016335l_1	41807	252262	6.03	0	16
ptg016335l_1_region	41807	252262	6.03	0	16
ptg016336l_1	23765	17106	0.72	0	2
ptg016336l_1_region	23765	17106	0.72	0	2
ptg016337l_1	78913	232058	2.94	0	12
ptg016337l_1_region	78913	232058	2.94	0	12
ptg016339l_1	163011	1166193	7.15	0	18
ptg016339l_1_region	163011	1166193	7.15	0	18
ptg016340l_1	32832	140855	4.29	1	7
ptg016340l_1_region	32832	140855	4.29	1	7
ptg016341l_1	99435	1684919	16.94	0	55
ptg016341l_1_region	99435	1684919	16.94	0	55
ptg016351l_1	102684	593008	5.78	0	46
ptg016351l_1_region	102684	593008	5.78	0	46
ptg016355l_1	102581	491096	4.79	0	12
ptg016355l_1_region	102581	491096	4.79	0	12
ptg016359l_1	138382	725519	5.24	0	27
ptg016359l_1_region	138382	725519	5.24	0	27
ptg016368l_1	19470	30082	1.55	0	4
ptg016368l_1_region	19470	30082	1.55	0	4
ptg016379l_1	77849	311334	4.00	0	18
ptg016379l_1_region	77849	311334	4.00	0	18
ptg016389l_1	51400	359019	6.98	0	17
ptg016389l_1_region	51400	359019	6.98	0	17
ptg016408l_1	34315	45947	1.34	0	5
ptg016408l_1_region	34315	45947	1.34	0	5
ptg016422l_1	20986	99045	4.72	0	10
ptg016422l_1_region	20986	99045	4.72	0	10
ptg016427l_1	21749	48079	2.21	0	8
ptg016427l_1_region	21749	48079	2.21	0	8
ptg016430l_1	26609	8926	0.34	0	2
ptg016430l_1_region	26609	8926	0.34	0	2
ptg016437l_1	113826	97086	0.85	0	13
ptg016437l_1_region	113826	97086	0.85	0	13
ptg016451l_1	8814	16043	1.82	0	3
ptg016451l_1_region	8814	16043	1.82	0	3
ptg016453l_1	49081	197482	4.02	0	20
ptg016453l_1_region	49081	197482	4.02	0	20
ptg016457l_1	104683	959954	9.17	0	52
ptg016457l_1_region	104683	959954	9.17	0	52
ptg016460l_1	99687	539191	5.41	0	11
ptg016460l_1_region	99687	539191	5.41	0	11
ptg016462l_1	922974	5792141	6.28	0	23
ptg016462l_1_region	922974	5792141	6.28	0	23
ptg016467l_1	20414	46682	2.29	0	5
ptg016467l_1_region	20414	46682	2.29	0	5
ptg016473l_1	69400	111388	1.61	0	12
ptg016473l_1_region	69400	111388	1.61	0	12
ptg016484l_1	61046	208218	3.41	0	12
ptg016484l_1_region	61046	208218	3.41	0	12
ptg016491l_1	33726	169135	5.01	0	18
ptg016491l_1_region	33726	169135	5.01	0	18
ptg016492l_1	85089	438536	5.15	0	12
ptg016492l_1_region	85089	438536	5.15	0	12
ptg016493l_1	37819	97423	2.58	0	7
ptg016493l_1_region	37819	97423	2.58	0	7
ptg016494l_1	11974	45206	3.78	0	8
ptg016494l_1_region	11974	45206	3.78	0	8
ptg016496l_1	43283	37943	0.88	0	4
ptg016496l_1_region	43283	37943	0.88	0	4
ptg016498l_1	20932	81116	3.88	0	11
ptg016498l_1_region	20932	81116	3.88	0	11
ptg016500l_1	17123	70066	4.09	0	7
ptg016500l_1_region	17123	70066	4.09	0	7
ptg016504l_1	32902	10245	0.31	0	4
ptg016504l_1_region	32902	10245	0.31	0	4
ptg016509l_1	15040	122030	8.11	0	15
ptg016509l_1_region	15040	122030	8.11	0	15
ptg016510l_1	53819	223440	4.15	0	10
ptg016510l_1_region	53819	223440	4.15	0	10
ptg016515l_1	48132	256206	5.32	0	14
ptg016515l_1_region	48132	256206	5.32	0	14
ptg016520l_1	14224	22702	1.60	0	3
ptg016520l_1_region	14224	22702	1.60	0	3
ptg016529l_1	58429	448643	7.68	0	28
ptg016529l_1_region	58429	448643	7.68	0	28
ptg016533l_1	51506	271032	5.26	0	11
ptg016533l_1_region	51506	271032	5.26	0	11
ptg016540l_1	23707	16510	0.70	0	2
ptg016540l_1_region	23707	16510	0.70	0	2
ptg016547l_1	18686	31106	1.66	0	6
ptg016547l_1_region	18686	31106	1.66	0	6
ptg016549l_1	76820	353156	4.60	0	19
ptg016549l_1_region	76820	353156	4.60	0	19
ptg016550l_1	19407	62052	3.20	0	8
ptg016550l_1_region	19407	62052	3.20	0	8
ptg016562l_1	60371	270557	4.48	0	13
ptg016562l_1_region	60371	270557	4.48	0	13
ptg016572l_1	19082	57487	3.01	0	8
ptg016572l_1_region	19082	57487	3.01	0	8
ptg016573l_1	169678	837612	4.94	0	21
ptg016573l_1_region	169678	837612	4.94	0	21
ptg016576l_1	16822	88820	5.28	0	16
ptg016576l_1_region	16822	88820	5.28	0	16
ptg016585l_1	48910	116398	2.38	0	7
ptg016585l_1_region	48910	116398	2.38	0	7
ptg016612l_1	39789	95061	2.39	0	31
ptg016612l_1_region	39789	95061	2.39	0	31
ptg016615l_1	41572	10015	0.24	0	1
ptg016615l_1_region	41572	10015	0.24	0	1
ptg016623l_1	71669	456529	6.37	0	43
ptg016623l_1_region	71669	456529	6.37	0	43
ptg016627l_1	573522	2006716	3.50	0	75
ptg016627l_1_region	573522	2006716	3.50	0	75
ptg016653l_1	114561	837825	7.31	0	18
ptg016653l_1_region	114561	837825	7.31	0	18
ptg016656l_1	29636	77755	2.62	0	6
ptg016656l_1_region	29636	77755	2.62	0	6
ptg016657l_1	39642	79620	2.01	0	7
ptg016657l_1_region	39642	79620	2.01	0	7
ptg016682l_1	36008	90631	2.52	0	8
ptg016682l_1_region	36008	90631	2.52	0	8
ptg016692l_1	24982	115382	4.62	0	8
ptg016692l_1_region	24982	115382	4.62	0	8
ptg016697l_1	23995	41539	1.73	0	5
ptg016697l_1_region	23995	41539	1.73	0	5
ptg016702l_1	28860	109425	3.79	0	9
ptg016702l_1_region	28860	109425	3.79	0	9
ptg016704l_1	10321	39174	3.80	1	6
ptg016704l_1_region	10321	39174	3.80	1	6
ptg016709l_1	311200	98766	0.32	0	3
ptg016709l_1_region	311200	98766	0.32	0	3
ptg016711l_1	48726	185797	3.81	0	13
ptg016711l_1_region	48726	185797	3.81	0	13
ptg016715l_1	14307	31969	2.23	0	8
ptg016715l_1_region	14307	31969	2.23	0	8
ptg016716l_1	23809	46266	1.94	0	7
ptg016716l_1_region	23809	46266	1.94	0	7
ptg016719l_1	90095	335819	3.73	0	10
ptg016719l_1_region	90095	335819	3.73	0	10
ptg016720l_1	21895	130760	5.97	0	20
ptg016720l_1_region	21895	130760	5.97	0	20
ptg016728l_1	31533	104266	3.31	0	9
ptg016728l_1_region	31533	104266	3.31	0	9
ptg016729l_1	86923	604213	6.95	0	18
ptg016729l_1_region	86923	604213	6.95	0	18
ptg016733l_1	17889	46858	2.62	0	7
ptg016733l_1_region	17889	46858	2.62	0	7
ptg016734l_1	10349	72333	6.99	0	16
ptg016734l_1_region	10349	72333	6.99	0	16
ptg016735l_1	84812	244646	2.88	0	14
ptg016735l_1_region	84812	244646	2.88	0	14
ptg016739l_1	27889	216288	7.76	0	15
ptg016739l_1_region	27889	216288	7.76	0	15
ptg016744l_1	22494	52448	2.33	0	7
ptg016744l_1_region	22494	52448	2.33	0	7
ptg016746l_1	36745	11095	0.30	0	2
ptg016746l_1_region	36745	11095	0.30	0	2
ptg016747l_1	32666	354748	10.86	0	24
ptg016747l_1_region	32666	354748	10.86	0	24
ptg016749l_1	23720	203112	8.56	0	15
ptg016749l_1_region	23720	203112	8.56	0	15
ptg016750l_1	30872	200678	6.50	0	13
ptg016750l_1_region	30872	200678	6.50	0	13
ptg016752l_1	37605	30585	0.81	0	4
ptg016752l_1_region	37605	30585	0.81	0	4
ptg016753l_1	37793	368994	9.76	0	25
ptg016753l_1_region	37793	368994	9.76	0	25
ptg016755l_1	71672	467216	6.52	0	16
ptg016755l_1_region	71672	467216	6.52	0	16
ptg016756l_1	26989	91466	3.39	1	7
ptg016756l_1_region	26989	91466	3.39	1	7
ptg016757l_1	29818	106869	3.58	0	11
ptg016757l_1_region	29818	106869	3.58	0	11
ptg016758l_1	23060	86893	3.77	1	6
ptg016758l_1_region	23060	86893	3.77	1	6
ptg016759l_1	35710	167569	4.69	0	12
ptg016759l_1_region	35710	167569	4.69	0	12
ptg016760l_1	32656	160373	4.91	0	11
ptg016760l_1_region	32656	160373	4.91	0	11
ptg016761l_1	21517	40434	1.88	0	3
ptg016761l_1_region	21517	40434	1.88	0	3
ptg016762l_1	68866	106554	1.55	0	4
ptg016762l_1_region	68866	106554	1.55	0	4
ptg016763l_1	27813	29797	1.07	0	2
ptg016763l_1_region	27813	29797	1.07	0	2
ptg016765l_1	29571	446218	15.09	1	28
ptg016765l_1_region	29571	446218	15.09	1	28
ptg016767l_1	79222	744133	9.39	0	20
ptg016767l_1_region	79222	744133	9.39	0	20
ptg016769l_1	32759	49654	1.52	0	6
ptg016769l_1_region	32759	49654	1.52	0	6
ptg016770l_1	26235	135572	5.17	0	12
ptg016770l_1_region	26235	135572	5.17	0	12
ptg016771l_1	70282	2009780	28.60	0	123
ptg016771l_1_region	70282	2009780	28.60	0	123
ptg016775l_1	55314	203318	3.68	0	12
ptg016775l_1_region	55314	203318	3.68	0	12
ptg016787l_1	22182	50306	2.27	0	7
ptg016787l_1_region	22182	50306	2.27	0	7
ptg016789l_1	56492	357237	6.32	0	15
ptg016789l_1_region	56492	357237	6.32	0	15
ptg016790l_1	33258	156763	4.71	0	15
ptg016790l_1_region	33258	156763	4.71	0	15
ptg016791l_1	71407	335253	4.69	0	15
ptg016791l_1_region	71407	335253	4.69	0	15
ptg016792l_1	108077	73066	0.68	0	5
ptg016792l_1_region	108077	73066	0.68	0	5
ptg016793l_1	76128	317260	4.17	0	14
ptg016793l_1_region	76128	317260	4.17	0	14
ptg016794l_1	19075	127973	6.71	1	12
ptg016794l_1_region	19075	127973	6.71	1	12
ptg016797l_1	76332	408451	5.35	0	12
ptg016797l_1_region	76332	408451	5.35	0	12
ptg016798l_1	29352	37052	1.26	0	2
ptg016798l_1_region	29352	37052	1.26	0	2
ptg016799l_1	84174	196558	2.34	0	14
ptg016799l_1_region	84174	196558	2.34	0	14
ptg016830l_1	14523	71316	4.91	0	11
ptg016830l_1_region	14523	71316	4.91	0	11
ptg016839l_1	14384	69292	4.82	0	9
ptg016839l_1_region	14384	69292	4.82	0	9
ptg016842l_1	24100	133095	5.52	0	13
ptg016842l_1_region	24100	133095	5.52	0	13
ptg016846l_1	31808	119185	3.75	0	11
ptg016846l_1_region	31808	119185	3.75	0	11
ptg016849l_1	74913	234471	3.13	0	8
ptg016849l_1_region	74913	234471	3.13	0	8
ptg016850l_1	35490	98709	2.78	0	6
ptg016850l_1_region	35490	98709	2.78	0	6
ptg016853l_1	10239	40753	3.98	0	6
ptg016853l_1_region	10239	40753	3.98	0	6
ptg016854l_1	66169	79468	1.20	0	7
ptg016854l_1_region	66169	79468	1.20	0	7
ptg016857l_1	37208	108756	2.92	0	8
ptg016857l_1_region	37208	108756	2.92	0	8
ptg016869l_1	33424	177250	5.30	0	9
ptg016869l_1_region	33424	177250	5.30	0	9
ptg016871l_1	23351	64528	2.76	0	5
ptg016871l_1_region	23351	64528	2.76	0	5
ptg016881l_1	16021	22897	1.43	0	5
ptg016881l_1_region	16021	22897	1.43	0	5
ptg016892l_1	40462	5135	0.13	0	3
ptg016892l_1_region	40462	5135	0.13	0	3
ptg016909l_1	23038	96523	4.19	0	8
ptg016909l_1_region	23038	96523	4.19	0	8
ptg016910l_1	38317	202063	5.27	0	27
ptg016910l_1_region	38317	202063	5.27	0	27
ptg016911l_1	22748	126832	5.58	0	9
ptg016911l_1_region	22748	126832	5.58	0	9
ptg016917l_1	90817	950011	10.46	0	43
ptg016917l_1_region	90817	950011	10.46	0	43
ptg016919l_1	22047	50709	2.30	0	8
ptg016919l_1_region	22047	50709	2.30	0	8
ptg016933l_1	36044	64203	1.78	0	10
ptg016933l_1_region	36044	64203	1.78	0	10
ptg016944l_1	23820	145171	6.09	0	14
ptg016944l_1_region	23820	145171	6.09	0	14
ptg016950l_1	35743	389599	10.90	0	56
ptg016950l_1_region	35743	389599	10.90	0	56
ptg016960l_1	44786	23922	0.53	0	9
ptg016960l_1_region	44786	23922	0.53	0	9
ptg016966l_1	177559	262407	1.48	0	20
ptg016966l_1_region	177559	262407	1.48	0	20
ptg016968l_1	15022	82919	5.52	1	8
ptg016968l_1_region	15022	82919	5.52	1	8
ptg016971l_1	39517	322760	8.17	0	17
ptg016971l_1_region	39517	322760	8.17	0	17
ptg016974l_1	13983	80481	5.76	0	10
ptg016974l_1_region	13983	80481	5.76	0	10
ptg016979l_1	19992	98037	4.90	0	8
ptg016979l_1_region	19992	98037	4.90	0	8
ptg016980l_1	312098	387587	1.24	0	12
ptg016980l_1_region	312098	387587	1.24	0	12
ptg016982l_1	24696	115717	4.69	0	16
ptg016982l_1_region	24696	115717	4.69	0	16
ptg016986l_1	25508	65430	2.57	0	10
ptg016986l_1_region	25508	65430	2.57	0	10
ptg017001l_1	16610	31333	1.89	0	4
ptg017001l_1_region	16610	31333	1.89	0	4
ptg017005l_1	68016	210808	3.10	0	9
ptg017005l_1_region	68016	210808	3.10	0	9
ptg017006l_1	19693	21886	1.11	0	8
ptg017006l_1_region	19693	21886	1.11	0	8
ptg017011l_1	18468	68963	3.73	0	9
ptg017011l_1_region	18468	68963	3.73	0	9
ptg017015l_1	67632	209245	3.09	0	13
ptg017015l_1_region	67632	209245	3.09	0	13
ptg017016l_1	82032	315609	3.85	0	15
ptg017016l_1_region	82032	315609	3.85	0	15
ptg017019l_1	27559	250408	9.09	0	43
ptg017019l_1_region	27559	250408	9.09	0	43
ptg017020c_1	12886	86873	6.74	0	12
ptg017020c_1_region	12886	86873	6.74	0	12
ptg017021l_1	32251	282385	8.76	0	18
ptg017021l_1_region	32251	282385	8.76	0	18
ptg017023l_1	122757	634704	5.17	0	26
ptg017023l_1_region	122757	634704	5.17	0	26
ptg017026l_1	40800	188441	4.62	0	11
ptg017026l_1_region	40800	188441	4.62	0	11
ptg017030l_1	29714	312785	10.53	0	27
ptg017030l_1_region	29714	312785	10.53	0	27
ptg017032l_1	112656	257851	2.29	0	15
ptg017032l_1_region	112656	257851	2.29	0	15
ptg017035l_1	12597	43990	3.49	1	6
ptg017035l_1_region	12597	43990	3.49	1	6
ptg017036l_1	31278	31082	0.99	0	3
ptg017036l_1_region	31278	31082	0.99	0	3
ptg017038l_1	25732	30305	1.18	0	3
ptg017038l_1_region	25732	30305	1.18	0	3
ptg017039l_1	40933	236545	5.78	0	17
ptg017039l_1_region	40933	236545	5.78	0	17
ptg017042l_1	66142	167148	2.53	0	10
ptg017042l_1_region	66142	167148	2.53	0	10
ptg017057l_1	23601	40639	1.72	0	4
ptg017057l_1_region	23601	40639	1.72	0	4
ptg017059l_1	79793	292935	3.67	0	13
ptg017059l_1_region	79793	292935	3.67	0	13
ptg017066l_1	54179	1216918	22.46	0	44
ptg017066l_1_region	54179	1216918	22.46	0	44
ptg017071l_1	36480	95874	2.63	0	6
ptg017071l_1_region	36480	95874	2.63	0	6
ptg017076l_1	49402	185009	3.74	0	11
ptg017076l_1_region	49402	185009	3.74	0	11
ptg017091l_1	40149	304834	7.59	0	14
ptg017091l_1_region	40149	304834	7.59	0	14
ptg017095l_1	28892	87277	3.02	0	15
ptg017095l_1_region	28892	87277	3.02	0	15
ptg017102l_1	26258	151669	5.78	0	27
ptg017102l_1_region	26258	151669	5.78	0	27
ptg017103l_1	59049	220006	3.73	0	9
ptg017103l_1_region	59049	220006	3.73	0	9
ptg017117l_1	13097	3529735	269.51	4	437
ptg017117l_1_region	13097	3529735	269.51	4	437
ptg017118l_1	11233	14547	1.30	0	2
ptg017118l_1_region	11233	14547	1.30	0	2
ptg017121l_1	26472	42137	1.59	0	4
ptg017121l_1_region	26472	42137	1.59	0	4
ptg017149l_1	10552	59214	5.61	0	10
ptg017149l_1_region	10552	59214	5.61	0	10
ptg017155l_1	27745	224253	8.08	0	25
ptg017155l_1_region	27745	224253	8.08	0	25
ptg017166l_1	95346	187954	1.97	0	12
ptg017166l_1_region	95346	187954	1.97	0	12
ptg017169l_1	39566	111965	2.83	0	9
ptg017169l_1_region	39566	111965	2.83	0	9
ptg017179l_1	6452	3329	0.52	0	1
ptg017179l_1_region	6452	3329	0.52	0	1
ptg017180l_1	20212	72379	3.58	0	13
ptg017180l_1_region	20212	72379	3.58	0	13
ptg017184l_1	34630	142765	4.12	0	9
ptg017184l_1_region	34630	142765	4.12	0	9
ptg017189l_1	22947	198568	8.65	0	18
ptg017189l_1_region	22947	198568	8.65	0	18
ptg017195l_1	19180	57505	3.00	0	7
ptg017195l_1_region	19180	57505	3.00	0	7
ptg017201l_1	38415	51503	1.34	0	5
ptg017201l_1_region	38415	51503	1.34	0	5
ptg017205l_1	18416	117151	6.36	0	12
ptg017205l_1_region	18416	117151	6.36	0	12
ptg017206l_1	37970	100736	2.65	0	7
ptg017206l_1_region	37970	100736	2.65	0	7
ptg017207l_1	24828	224337	9.04	0	25
ptg017207l_1_region	24828	224337	9.04	0	25
ptg017209l_1	59742	163560	2.74	0	8
ptg017209l_1_region	59742	163560	2.74	0	8
ptg017214l_1	32731	258927	7.91	0	26
ptg017214l_1_region	32731	258927	7.91	0	26
ptg017217l_1	44042	41336	0.94	0	3
ptg017217l_1_region	44042	41336	0.94	0	3
ptg017218l_1	81461	731199	8.98	0	33
ptg017218l_1_region	81461	731199	8.98	0	33
ptg017219l_1	49499	119768	2.42	0	12
ptg017219l_1_region	49499	119768	2.42	0	12
ptg017221l_1	56877	133280	2.34	0	8
ptg017221l_1_region	56877	133280	2.34	0	8
ptg017223l_1	39563	255244	6.45	0	15
ptg017223l_1_region	39563	255244	6.45	0	15
ptg017229l_1	50947	202042	3.97	0	8
ptg017229l_1_region	50947	202042	3.97	0	8
ptg017231l_1	12518	48731	3.89	0	9
ptg017231l_1_region	12518	48731	3.89	0	9
ptg017234l_1	13936	15321	1.10	0	5
ptg017234l_1_region	13936	15321	1.10	0	5
ptg017236l_1	13326	58363	4.38	0	168
ptg017236l_1_region	13326	58363	4.38	0	168
ptg017240l_1	31745	141341	4.45	0	9
ptg017240l_1_region	31745	141341	4.45	0	9
ptg017259l_1	16567	125893	7.60	2	13
ptg017259l_1_region	16567	125893	7.60	2	13
ptg017265l_1	19827	206813	10.43	0	20
ptg017265l_1_region	19827	206813	10.43	0	20
ptg017269l_1	41680	152804	3.67	0	15
ptg017269l_1_region	41680	152804	3.67	0	15
ptg017271l_1	18085	43522	2.41	0	7
ptg017271l_1_region	18085	43522	2.41	0	7
ptg017274l_1	30335	98975	3.26	0	16
ptg017274l_1_region	30335	98975	3.26	0	16
ptg017281l_1	29399	97981	3.33	0	7
ptg017281l_1_region	29399	97981	3.33	0	7
ptg017284l_1	9763	26780	2.74	0	5
ptg017284l_1_region	9763	26780	2.74	0	5
ptg017285l_1	13233	17192	1.30	0	2
ptg017285l_1_region	13233	17192	1.30	0	2
ptg017286l_1	57407	151191	2.63	0	11
ptg017286l_1_region	57407	151191	2.63	0	11
ptg017295l_1	26607	56203	2.11	0	6
ptg017295l_1_region	26607	56203	2.11	0	6
ptg017296l_1	15634	57860	3.70	0	10
ptg017296l_1_region	15634	57860	3.70	0	10
ptg017297l_1	16300	65641	4.03	0	9
ptg017297l_1_region	16300	65641	4.03	0	9
ptg017299l_1	22835	453895	19.88	0	57
ptg017299l_1_region	22835	453895	19.88	0	57
ptg017302l_1	37692	139185	3.69	0	10
ptg017302l_1_region	37692	139185	3.69	0	10
ptg017303l_1	17359	39644	2.28	0	6
ptg017303l_1_region	17359	39644	2.28	0	6
ptg017304l_1	37666	70546	1.87	0	7
ptg017304l_1_region	37666	70546	1.87	0	7
ptg017313l_1	6960	30582	4.39	0	7
ptg017313l_1_region	6960	30582	4.39	0	7
ptg017324l_1	65911	244839	3.71	0	12
ptg017324l_1_region	65911	244839	3.71	0	12
ptg017325l_1	225551	1262553	5.60	0	16
ptg017325l_1_region	225551	1262553	5.60	0	16
ptg017327l_1	29957	113787	3.80	0	8
ptg017327l_1_region	29957	113787	3.80	0	8
ptg017330l_1	37299	980226	26.28	0	60
ptg017330l_1_region	37299	980226	26.28	0	60
ptg017332l_1	27524	1391	0.05	0	1
ptg017332l_1_region	27524	1391	0.05	0	1
ptg017338l_1	48691	230703	4.74	0	9
ptg017338l_1_region	48691	230703	4.74	0	9
ptg017341l_1	28568	381033	13.34	0	49
ptg017341l_1_region	28568	381033	13.34	0	49
ptg017343l_1	16660	22022	1.32	0	3
ptg017343l_1_region	16660	22022	1.32	0	3
ptg017346l_1	69356	92013	1.33	0	4
ptg017346l_1_region	69356	92013	1.33	0	4
ptg017348l_1	24487	119737	4.89	0	12
ptg017348l_1_region	24487	119737	4.89	0	12
ptg017351l_1	35752	35478	0.99	0	4
ptg017351l_1_region	35752	35478	0.99	0	4
ptg017365l_1	31764	93401	2.94	0	6
ptg017365l_1_region	31764	93401	2.94	0	6
ptg017379l_1	16667	59856	3.59	0	10
ptg017379l_1_region	16667	59856	3.59	0	10
ptg017382l_1	18623	74686	4.01	0	8
ptg017382l_1_region	18623	74686	4.01	0	8
ptg017386l_1	24046	128757	5.35	0	12
ptg017386l_1_region	24046	128757	5.35	0	12
ptg017392l_1	55750	324955	5.83	0	15
ptg017392l_1_region	55750	324955	5.83	0	15
ptg017398l_1	59062	1368	0.02	0	1
ptg017398l_1_region	59062	1368	0.02	0	1
ptg017408l_1	7059	11131	1.58	0	3
ptg017408l_1_region	7059	11131	1.58	0	3
ptg017410l_1	34650	162651	4.69	0	11
ptg017410l_1_region	34650	162651	4.69	0	11
ptg017415l_1	11726	7276	0.62	0	1
ptg017415l_1_region	11726	7276	0.62	0	1
ptg017423l_1	17073	18637	1.09	0	3
ptg017423l_1_region	17073	18637	1.09	0	3
ptg017431l_1	50361	147903	2.94	0	7
ptg017431l_1_region	50361	147903	2.94	0	7
ptg017434l_1	27746	103701	3.74	0	10
ptg017434l_1_region	27746	103701	3.74	0	10
ptg017437l_1	24911	104815	4.21	0	8
ptg017437l_1_region	24911	104815	4.21	0	8
ptg017443l_1	23152	61495	2.66	0	6
ptg017443l_1_region	23152	61495	2.66	0	6
ptg017447l_1	98373	1811168	18.41	0	96
ptg017447l_1_region	98373	1811168	18.41	0	96
ptg017448l_1	50769	251730	4.96	0	17
ptg017448l_1_region	50769	251730	4.96	0	17
ptg017449l_1	27010	57761	2.14	0	5
ptg017449l_1_region	27010	57761	2.14	0	5
ptg017450l_1	40934	335340	8.19	0	26
ptg017450l_1_region	40934	335340	8.19	0	26
ptg017454l_1	45645	100350	2.20	0	6
ptg017454l_1_region	45645	100350	2.20	0	6
ptg017488l_1	58083	108358	1.87	0	9
ptg017488l_1_region	58083	108358	1.87	0	9
ptg017498l_1	38654	142112	3.68	0	9
ptg017498l_1_region	38654	142112	3.68	0	9
ptg017520l_1	409113	3979041	9.73	0	227
ptg017520l_1_region	409113	3979041	9.73	0	227
ptg017552l_1	24458	176104	7.20	0	12
ptg017552l_1_region	24458	176104	7.20	0	12
ptg017553l_1	18987	127639	6.72	0	48
ptg017553l_1_region	18987	127639	6.72	0	48
ptg017564l_1	47544	310386	6.53	0	24
ptg017564l_1_region	47544	310386	6.53	0	24
ptg017582l_1	40029	267686	6.69	0	44
ptg017582l_1_region	40029	267686	6.69	0	44
ptg017583l_1	15496	63296	4.08	0	7
ptg017583l_1_region	15496	63296	4.08	0	7
ptg017595l_1	18437	147772	8.01	0	17
ptg017595l_1_region	18437	147772	8.01	0	17
ptg017604l_1	352575	665586	1.89	0	22
ptg017604l_1_region	352575	665586	1.89	0	22
ptg017606l_1	32590	212410	6.52	0	15
ptg017606l_1_region	32590	212410	6.52	0	15
ptg017614l_1	29178	146124	5.01	0	18
ptg017614l_1_region	29178	146124	5.01	0	18
ptg017617l_1	87577	1242198	14.18	1	58
ptg017617l_1_region	87577	1242198	14.18	1	58
ptg017629l_1	401323	1802030	4.49	0	41
ptg017629l_1_region	401323	1802030	4.49	0	41
ptg017638l_1	21678	222295	10.25	0	39
ptg017638l_1_region	21678	222295	10.25	0	39
ptg017650l_1	34680	201944	5.82	0	11
ptg017650l_1_region	34680	201944	5.82	0	11
ptg017660l_1	66246	344270	5.20	0	18
ptg017660l_1_region	66246	344270	5.20	0	18
ptg017669l_1	286913	816059	2.84	0	38
ptg017669l_1_region	286913	816059	2.84	0	38
ptg017670l_1	117909	580415	4.92	0	34
ptg017670l_1_region	117909	580415	4.92	0	34
ptg017681l_1	84139	421050	5.00	0	14
ptg017681l_1_region	84139	421050	5.00	0	14
ptg017723l_1	738916	4067549	5.50	0	35
ptg017723l_1_region	738916	4067549	5.50	0	35
ptg017741l_1	40788	490832	12.03	0	37
ptg017741l_1_region	40788	490832	12.03	0	37
ptg017746l_1	18886	169847	8.99	1	21
ptg017746l_1_region	18886	169847	8.99	1	21
ptg017747c_1	53925	1641614	30.44	0	116
ptg017747c_1_region	53925	1641614	30.44	0	116
ptg017768l_1	40784	199399	4.89	0	13
ptg017768l_1_region	40784	199399	4.89	0	13
ptg017770l_1	165391	386656	2.34	0	12
ptg017770l_1_region	165391	386656	2.34	0	12
ptg017783l_1	13278	35325	2.66	0	5
ptg017783l_1_region	13278	35325	2.66	0	5
ptg017789l_1	23857	69573	2.92	0	18
ptg017789l_1_region	23857	69573	2.92	0	18
ptg017804l_1	110895	219955	1.98	0	16
ptg017804l_1_region	110895	219955	1.98	0	16
ptg017806l_1	418078	6319713	15.12	0	191
ptg017806l_1_region	418078	6319713	15.12	0	191
ptg017845l_1	15541	63135	4.06	0	10
ptg017845l_1_region	15541	63135	4.06	0	10
ptg017857l_1	41585	121	0.00	0	1
ptg017857l_1_region	41585	121	0.00	0	1
ptg017864l_1	103746	643337	6.20	0	19
ptg017864l_1_region	103746	643337	6.20	0	19
ptg017867l_1	210600	1427827	6.78	0	35
ptg017867l_1_region	210600	1427827	6.78	0	35
ptg017874l_1	28479	86449	3.04	0	38
ptg017874l_1_region	28479	86449	3.04	0	38
ptg017876l_1	48408	60348	1.25	0	14
ptg017876l_1_region	48408	60348	1.25	0	14
ptg017881l_1	499837	14923044	29.86	0	641
ptg017881l_1_region	499837	14923044	29.86	0	641
ptg017891l_1	28561	130674	4.58	0	10
ptg017891l_1_region	28561	130674	4.58	0	10
ptg017893l_1	112229	778342	6.94	0	79
ptg017893l_1_region	112229	778342	6.94	0	79
ptg017912l_1	89452	410461	4.59	0	22
ptg017912l_1_region	89452	410461	4.59	0	22
ptg017914l_1	149754	319889	2.14	0	18
ptg017914l_1_region	149754	319889	2.14	0	18
ptg017944l_1	51905	169081	3.26	0	39
ptg017944l_1_region	51905	169081	3.26	0	39
ptg017958l_1	150591	1071453	7.11	0	38
ptg017958l_1_region	150591	1071453	7.11	0	38
ptg017966l_1	18037	94066	5.22	0	8
ptg017966l_1_region	18037	94066	5.22	0	8
ptg017970l_1	26065	673636	25.84	0	101
ptg017970l_1_region	26065	673636	25.84	0	101
ptg017979l_1	508306	114028	0.22	0	13
ptg017979l_1_region	508306	114028	0.22	0	13
ptg017992l_1	251900	1553673	6.17	0	37
ptg017992l_1_region	251900	1553673	6.17	0	37
ptg018010l_1	86469	354503	4.10	0	10
ptg018010l_1_region	86469	354503	4.10	0	10
ptg018034l_1	226342	577819	2.55	0	12
ptg018034l_1_region	226342	577819	2.55	0	12
ptg018037l_1	307679	1389375	4.52	0	22
ptg018037l_1_region	307679	1389375	4.52	0	22
ptg018073l_1	57154	475558	8.32	0	21
ptg018073l_1_region	57154	475558	8.32	0	21
ptg018105l_1	47031	438107	9.32	0	18
ptg018105l_1_region	47031	438107	9.32	0	18
ptg018106l_1	63041	292415	4.64	0	17
ptg018106l_1_region	63041	292415	4.64	0	17
ptg018108l_1	45875	42807	0.93	0	10
ptg018108l_1_region	45875	42807	0.93	0	10
ptg018121l_1	34603	92910	2.69	0	8
ptg018121l_1_region	34603	92910	2.69	0	8
ptg018147l_1	155760	555830	3.57	0	28
ptg018147l_1_region	155760	555830	3.57	0	28
ptg018160l_1	78346	348944	4.45	0	16
ptg018160l_1_region	78346	348944	4.45	0	16
ptg018184l_1	87608	291352	3.33	0	27
ptg018184l_1_region	87608	291352	3.33	0	27
ptg018203l_1	2158817	13429607	6.22	0	29
ptg018203l_1_region	2158817	13429607	6.22	0	29
ptg018213l_1	15835	82263	5.20	0	10
ptg018213l_1_region	15835	82263	5.20	0	10
ptg018215l_1	67060	343041	5.12	0	29
ptg018215l_1_region	67060	343041	5.12	0	29
ptg018218l_1	37019	212082	5.73	0	20
ptg018218l_1_region	37019	212082	5.73	0	20
ptg018232l_1	26376	58709	2.23	0	13
ptg018232l_1_region	26376	58709	2.23	0	13
ptg018277l_1	22967	21727	0.95	0	5
ptg018277l_1_region	22967	21727	0.95	0	5
ptg018290l_1	18247	72052	3.95	0	10
ptg018290l_1_region	18247	72052	3.95	0	10
ptg018294l_1	27798	82849	2.98	0	9
ptg018294l_1_region	27798	82849	2.98	0	9
ptg018296l_1	26293	3209	0.12	0	2
ptg018296l_1_region	26293	3209	0.12	0	2
ptg018311l_1	24333	149450	6.14	0	11
ptg018311l_1_region	24333	149450	6.14	0	11
ptg018314l_1	140686	567705	4.04	0	52
ptg018314l_1_region	140686	567705	4.04	0	52
ptg018333l_1	24095	8368	0.35	0	2
ptg018333l_1_region	24095	8368	0.35	0	2
ptg018349l_1	28903	17945	0.62	0	8
ptg018349l_1_region	28903	17945	0.62	0	8
ptg018353l_1	30606	16386	0.54	0	4
ptg018353l_1_region	30606	16386	0.54	0	4
ptg018357l_1	16662	37933	2.28	0	66
ptg018357l_1_region	16662	37933	2.28	0	66
ptg018360l_1	163863	521502	3.18	0	30
ptg018360l_1_region	163863	521502	3.18	0	30
ptg018380l_1	602480	3784673	6.28	0	19
ptg018380l_1_region	602480	3784673	6.28	0	19
ptg018401l_1	27625	100022	3.62	0	7
ptg018401l_1_region	27625	100022	3.62	0	7
ptg018405l_1	44463	149778	3.37	0	8
ptg018405l_1_region	44463	149778	3.37	0	8
ptg018415l_1	45127	254119	5.63	0	101
ptg018415l_1_region	45127	254119	5.63	0	101
ptg018426l_1	27680	92297	3.33	0	9
ptg018426l_1_region	27680	92297	3.33	0	9
ptg018449l_1	22387	54715	2.44	0	7
ptg018449l_1_region	22387	54715	2.44	0	7
ptg018459l_1	44669	121473	2.72	0	11
ptg018459l_1_region	44669	121473	2.72	0	11
ptg018475l_1	90279	279672	3.10	0	70
ptg018475l_1_region	90279	279672	3.10	0	70
ptg018490l_1	19666	68514	3.48	0	9
ptg018490l_1_region	19666	68514	3.48	0	9
ptg018493l_1	35804	64060	1.79	0	5
ptg018493l_1_region	35804	64060	1.79	0	5
ptg018515l_1	20126	14825	0.74	0	2
ptg018515l_1_region	20126	14825	0.74	0	2
ptg018536l_1	64549	122929	1.90	0	7
ptg018536l_1_region	64549	122929	1.90	0	7
ptg018540l_1	190981	754833	3.95	0	78
ptg018540l_1_region	190981	754833	3.95	0	78
ptg018548l_1	42825	148768	3.47	0	13
ptg018548l_1_region	42825	148768	3.47	0	13
ptg018581l_1	11484	1653	0.14	0	1
ptg018581l_1_region	11484	1653	0.14	0	1
ptg018595l_1	213378	1212408	5.68	0	17
ptg018595l_1_region	213378	1212408	5.68	0	17
ptg018606l_1	64550	257492	3.99	0	11
ptg018606l_1_region	64550	257492	3.99	0	11
ptg018611l_1	52005	391805	7.53	0	19
ptg018611l_1_region	52005	391805	7.53	0	19
ptg018630l_1	39630	377509	9.53	0	41
ptg018630l_1_region	39630	377509	9.53	0	41
ptg018637l_1	15895	77312	4.86	0	11
ptg018637l_1_region	15895	77312	4.86	0	11
ptg018654l_1	56047	308860	5.51	0	18
ptg018654l_1_region	56047	308860	5.51	0	18
ptg018665l_1	24779	130016	5.25	0	9
ptg018665l_1_region	24779	130016	5.25	0	9
ptg018690l_1	16183	75273	4.65	0	10
ptg018690l_1_region	16183	75273	4.65	0	10
ptg018705l_1	25303	22312	0.88	0	2
ptg018705l_1_region	25303	22312	0.88	0	2
ptg018711l_1	19993	128542	6.43	0	23
ptg018711l_1_region	19993	128542	6.43	0	23
ptg018729l_1	29416	237913	8.09	0	28
ptg018729l_1_region	29416	237913	8.09	0	28
ptg018731l_1	30493	115602	3.79	0	7
ptg018731l_1_region	30493	115602	3.79	0	7
ptg018754l_1	267293	1491476	5.58	0	18
ptg018754l_1_region	267293	1491476	5.58	0	18
ptg018757l_1	30255	40037	1.32	0	4
ptg018757l_1_region	30255	40037	1.32	0	4
ptg018792l_1	453607	2707322	5.97	0	28
ptg018792l_1_region	453607	2707322	5.97	0	28
ptg018799l_1	29306	47706	1.63	0	6
ptg018799l_1_region	29306	47706	1.63	0	6
ptg018801l_1	18973	41723	2.20	0	6
ptg018801l_1_region	18973	41723	2.20	0	6
ptg018818l_1	33608	83594	2.49	0	7
ptg018818l_1_region	33608	83594	2.49	0	7
ptg018819l_1	10250	48636	4.74	0	8
ptg018819l_1_region	10250	48636	4.74	0	8
ptg018822l_1	12037	77841	6.47	0	13
ptg018822l_1_region	12037	77841	6.47	0	13
ptg018825l_1	22734	52259	2.30	0	10
ptg018825l_1_region	22734	52259	2.30	0	10
ptg018841l_1	40685	40054	0.98	0	3
ptg018841l_1_region	40685	40054	0.98	0	3
ptg018842l_1	18339	8593	0.47	0	10
ptg018842l_1_region	18339	8593	0.47	0	10
ptg018848l_1	47266	118881	2.52	0	16
ptg018848l_1_region	47266	118881	2.52	0	16
ptg018853l_1	54130	316311	5.84	0	12
ptg018853l_1_region	54130	316311	5.84	0	12
ptg018880l_1	70151	3013691	42.96	0	567
ptg018880l_1_region	70151	3013691	42.96	0	567
ptg018892l_1	35073	218186	6.22	0	36
ptg018892l_1_region	35073	218186	6.22	0	36
ptg018905l_1	184187	1167785	6.34	0	174
ptg018905l_1_region	184187	1167785	6.34	0	174
ptg018910l_1	23145	11414	0.49	0	3
ptg018910l_1_region	23145	11414	0.49	0	3
ptg018913l_1	20279	182275	8.99	1	16
ptg018913l_1_region	20279	182275	8.99	1	16
ptg018921l_1	49761	337267	6.78	0	29
ptg018921l_1_region	49761	337267	6.78	0	29
ptg018929l_1	123319	839282	6.81	0	49
ptg018929l_1_region	123319	839282	6.81	0	49
ptg018974l_1	27019	88903	3.29	0	10
ptg018974l_1_region	27019	88903	3.29	0	10
ptg018989l_1	21989	111140	5.05	0	15
ptg018989l_1_region	21989	111140	5.05	0	15
ptg018999l_1	66332	306502	4.62	0	16
ptg018999l_1_region	66332	306502	4.62	0	16
ptg019003l_1	92005	37272	0.41	0	7
ptg019003l_1_region	92005	37272	0.41	0	7
ptg019011l_1	302421	1394432	4.61	0	21
ptg019011l_1_region	302421	1394432	4.61	0	21
ptg019024l_1	125266	603391	4.82	0	16
ptg019024l_1_region	125266	603391	4.82	0	16
ptg019048l_1	53093	154533	2.91	0	8
ptg019048l_1_region	53093	154533	2.91	0	8
ptg019063l_1	18726	65722	3.51	0	11
ptg019063l_1_region	18726	65722	3.51	0	11
ptg019090l_1	10531	70225	6.67	0	29
ptg019090l_1_region	10531	70225	6.67	0	29
ptg019092l_1	28560	57230	2.00	0	7
ptg019092l_1_region	28560	57230	2.00	0	7
ptg019098l_1	42377	796	0.02	0	1
ptg019098l_1_region	42377	796	0.02	0	1
ptg019100l_1	91225	633418	6.94	0	15
ptg019100l_1_region	91225	633418	6.94	0	15
ptg019116l_1	12408	35312	2.85	0	7
ptg019116l_1_region	12408	35312	2.85	0	7
ptg019118l_1	17421	8929	0.51	0	3
ptg019118l_1_region	17421	8929	0.51	0	3
ptg019126l_1	28480	226714	7.96	0	25
ptg019126l_1_region	28480	226714	7.96	0	25
ptg019129l_1	11252	11437	1.02	0	2
ptg019129l_1_region	11252	11437	1.02	0	2
ptg019135l_1	18087	146478	8.10	0	14
ptg019135l_1_region	18087	146478	8.10	0	14
ptg019152l_1	17912	4598	0.26	0	1
ptg019152l_1_region	17912	4598	0.26	0	1
ptg019164l_1	68587	194977	2.84	0	11
ptg019164l_1_region	68587	194977	2.84	0	11
ptg019168l_1	30529	39729	1.30	0	5
ptg019168l_1_region	30529	39729	1.30	0	5
ptg019171l_1	44028	126266	2.87	0	9
ptg019171l_1_region	44028	126266	2.87	0	9
ptg019177l_1	36435	259068	7.11	0	21
ptg019177l_1_region	36435	259068	7.11	0	21
ptg019179l_1	16784	65931	3.93	0	15
ptg019179l_1_region	16784	65931	3.93	0	15
ptg019186l_1	44098	489670	11.10	0	36
ptg019186l_1_region	44098	489670	11.10	0	36
ptg019200l_1	29417	131835	4.48	0	9
ptg019200l_1_region	29417	131835	4.48	0	9
ptg019219l_1	22930	12219	0.53	0	9
ptg019219l_1_region	22930	12219	0.53	0	9
ptg019234l_1	20285	132568	6.54	0	23
ptg019234l_1_region	20285	132568	6.54	0	23
ptg019246l_1	67533	242595	3.59	0	14
ptg019246l_1_region	67533	242595	3.59	0	14
ptg019254l_1	76586	346566	4.53	0	20
ptg019254l_1_region	76586	346566	4.53	0	20
ptg019262l_1	15030	19487	1.30	0	3
ptg019262l_1_region	15030	19487	1.30	0	3
ptg019265l_1	62709	269250	4.29	0	14
ptg019265l_1_region	62709	269250	4.29	0	14
ptg019276l_1	144282	830581	5.76	0	17
ptg019276l_1_region	144282	830581	5.76	0	17
ptg019280l_1	126826	95067	0.75	0	8
ptg019280l_1_region	126826	95067	0.75	0	8
ptg019281l_1	39198	61862	1.58	0	6
ptg019281l_1_region	39198	61862	1.58	0	6
ptg019284l_1	73112	359254	4.91	0	20
ptg019284l_1_region	73112	359254	4.91	0	20
ptg019311l_1	28989	295076	10.18	0	22
ptg019311l_1_region	28989	295076	10.18	0	22
ptg019317l_1	25513	24938	0.98	0	4
ptg019317l_1_region	25513	24938	0.98	0	4
ptg019322l_1	61528	3548	0.06	0	1
ptg019322l_1_region	61528	3548	0.06	0	1
ptg019347l_1	33861	237684	7.02	0	21
ptg019347l_1_region	33861	237684	7.02	0	21
ptg019355l_1	14191	72072	5.08	0	15
ptg019355l_1_region	14191	72072	5.08	0	15
ptg019378l_1	145704	783347	5.38	0	15
ptg019378l_1_region	145704	783347	5.38	0	15
ptg019379l_1	44396	388378	8.75	0	39
ptg019379l_1_region	44396	388378	8.75	0	39
ptg019399l_1	20522	120177	5.86	0	13
ptg019399l_1_region	20522	120177	5.86	0	13
ptg019405l_1	34849	42986	1.23	0	7
ptg019405l_1_region	34849	42986	1.23	0	7
ptg019428l_1	8077	26297	3.26	0	7
ptg019428l_1_region	8077	26297	3.26	0	7
ptg019441l_1	28104	61849	2.20	0	6
ptg019441l_1_region	28104	61849	2.20	0	6
ptg019449l_1	28192	131086	4.65	0	15
ptg019449l_1_region	28192	131086	4.65	0	15
ptg019459l_1	102486	382367	3.73	0	8
ptg019459l_1_region	102486	382367	3.73	0	8
ptg019489l_1	25553	88309	3.46	0	7
ptg019489l_1_region	25553	88309	3.46	0	7
ptg019504l_1	15136	119920	7.92	0	20
ptg019504l_1_region	15136	119920	7.92	0	20
ptg019557l_1	31245	204547	6.55	0	13
ptg019557l_1_region	31245	204547	6.55	0	13
ptg019585l_1	17713	101061	5.71	0	10
ptg019585l_1_region	17713	101061	5.71	0	10
ptg019586l_1	60194	275600	4.58	0	11
ptg019586l_1_region	60194	275600	4.58	0	11
ptg019588l_1	52512	93437	1.78	0	5
ptg019588l_1_region	52512	93437	1.78	0	5
ptg019589l_1	45675	117168	2.57	0	9
ptg019589l_1_region	45675	117168	2.57	0	9
ptg019591l_1	26717	159526	5.97	0	15
ptg019591l_1_region	26717	159526	5.97	0	15
ptg019592l_1	21462	5945	0.28	0	1
ptg019592l_1_region	21462	5945	0.28	0	1
ptg019595l_1	23721	27057	1.14	0	4
ptg019595l_1_region	23721	27057	1.14	0	4
ptg019596l_1	25068	155042	6.18	0	16
ptg019596l_1_region	25068	155042	6.18	0	16
ptg019597l_1	32179	360417	11.20	0	53
ptg019597l_1_region	32179	360417	11.20	0	53
ptg019599l_1	87082	48806	0.56	0	6
ptg019599l_1_region	87082	48806	0.56	0	6
ptg019600l_1	58059	4617925	79.54	0	228
ptg019600l_1_region	58059	4617925	79.54	0	228
ptg019603l_1	28548	331720	11.62	0	25
ptg019603l_1_region	28548	331720	11.62	0	25
ptg019605l_1	32323	77109	2.39	0	9
ptg019605l_1_region	32323	77109	2.39	0	9
ptg019612l_1	40383	325852	8.07	0	26
ptg019612l_1_region	40383	325852	8.07	0	26
ptg019635l_1	287030	9851177	34.32	0	135
ptg019635l_1_region	287030	9851177	34.32	0	135
ptg019644l_1	209170	114069	0.55	0	3
ptg019644l_1_region	209170	114069	0.55	0	3
ptg019664l_1	44786	654547	14.61	1	30
ptg019664l_1_region	44786	654547	14.61	1	30
ptg019675l_1	16790	50166	2.99	0	7
ptg019675l_1_region	16790	50166	2.99	0	7
ptg019676l_1	46767	508738	10.88	1	19
ptg019676l_1_region	46767	508738	10.88	1	19
ptg019679l_1	16210	5510	0.34	0	1
ptg019679l_1_region	16210	5510	0.34	0	1
ptg019681l_1	22189	67279	3.03	0	8
ptg019681l_1_region	22189	67279	3.03	0	8
ptg019682l_1	34515	198631	5.75	0	14
ptg019682l_1_region	34515	198631	5.75	0	14
ptg019683l_1	46317	325933	7.04	0	24
ptg019683l_1_region	46317	325933	7.04	0	24
ptg019709l_1	67484	314640	4.66	0	12
ptg019709l_1_region	67484	314640	4.66	0	12
ptg019721l_1	49404	837998	16.96	2	37
ptg019721l_1_region	49404	837998	16.96	2	37
ptg019725l_1	38216	115182	3.01	0	7
ptg019725l_1_region	38216	115182	3.01	0	7
ptg019746l_1	31289	528711	16.90	2	47
ptg019746l_1_region	31289	528711	16.90	2	47
ptg019757l_1	9953	70086	7.04	1	13
ptg019757l_1_region	9953	70086	7.04	1	13
ptg019767l_1	27433	110396	4.02	0	7
ptg019767l_1_region	27433	110396	4.02	0	7
ptg019773l_1	19706	48025	2.44	0	6
ptg019773l_1_region	19706	48025	2.44	0	6
ptg019783l_1	43003	31894	0.74	0	4
ptg019783l_1_region	43003	31894	0.74	0	4
ptg019786l_1	18049	110228	6.11	0	14
ptg019786l_1_region	18049	110228	6.11	0	14
ptg019789l_1	22259	123099	5.53	0	11
ptg019789l_1_region	22259	123099	5.53	0	11
ptg019793l_1	51110	1662944	32.54	2	85
ptg019793l_1_region	51110	1662944	32.54	2	85
ptg019800l_1	29390	141390	4.81	0	9
ptg019800l_1_region	29390	141390	4.81	0	9
ptg019829l_1	18556	81762	4.41	1	9
ptg019829l_1_region	18556	81762	4.41	1	9
ptg019851l_1	28332	207121	7.31	0	125
ptg019851l_1_region	28332	207121	7.31	0	125
ptg019880l_1	36552	157082	4.30	0	15
ptg019880l_1_region	36552	157082	4.30	0	15
ptg019939l_1	32281	141664	4.39	0	11
ptg019939l_1_region	32281	141664	4.39	0	11
ptg019941l_1	80866	296586	3.67	0	21
ptg019941l_1_region	80866	296586	3.67	0	21
ptg019965l_1	24829	21812	0.88	0	5
ptg019965l_1_region	24829	21812	0.88	0	5
ptg019973l_1	101392	735182	7.25	0	29
ptg019973l_1_region	101392	735182	7.25	0	29
ptg019983l_1	887361	4737242	5.34	0	32
ptg019983l_1_region	887361	4737242	5.34	0	32
ptg019986l_1	85155	183931	2.16	0	22
ptg019986l_1_region	85155	183931	2.16	0	22
ptg020002l_1	16679	166300	9.97	3	29
ptg020002l_1_region	16679	166300	9.97	3	29
ptg020009l_1	37222	34850	0.94	0	7
ptg020009l_1_region	37222	34850	0.94	0	7
ptg020040l_1	13043	89238	6.84	0	12
ptg020040l_1_region	13043	89238	6.84	0	12
ptg020041l_1	14323	90421	6.31	0	17
ptg020041l_1_region	14323	90421	6.31	0	17
ptg020053l_1	124874	256183	2.05	0	18
ptg020053l_1_region	124874	256183	2.05	0	18
ptg020057l_1	20321	17651	0.87	0	7
ptg020057l_1_region	20321	17651	0.87	0	7
ptg020078l_1	15004	101659	6.78	0	12
ptg020078l_1_region	15004	101659	6.78	0	12
ptg020091l_1	27109	480971	17.74	0	53
ptg020091l_1_region	27109	480971	17.74	0	53
ptg020103l_1	55988	277411	4.95	0	22
ptg020103l_1_region	55988	277411	4.95	0	22
ptg020104l_1	52450	205107	3.91	0	12
ptg020104l_1_region	52450	205107	3.91	0	12
ptg020117l_1	19224	77836	4.05	0	9
ptg020117l_1_region	19224	77836	4.05	0	9
ptg020144l_1	71828	280757	3.91	0	13
ptg020144l_1_region	71828	280757	3.91	0	13
ptg020171l_1	18625	68368	3.67	0	17
ptg020171l_1_region	18625	68368	3.67	0	17
ptg020173l_1	86198	754144	8.75	0	43
ptg020173l_1_region	86198	754144	8.75	0	43
ptg020181l_1	34620	203082	5.87	0	20
ptg020181l_1_region	34620	203082	5.87	0	20
ptg020183l_1	45499	326383	7.17	0	49
ptg020183l_1_region	45499	326383	7.17	0	49
ptg020207l_1	45682	255864	5.60	0	16
ptg020207l_1_region	45682	255864	5.60	0	16
ptg020257l_1	35005	39851	1.14	0	6
ptg020257l_1_region	35005	39851	1.14	0	6
ptg020268l_1	18665	80742	4.33	0	10
ptg020268l_1_region	18665	80742	4.33	0	10
ptg020270l_1	17422	127957	7.34	0	14
ptg020270l_1_region	17422	127957	7.34	0	14
ptg020281l_1	21595	10025	0.46	0	3
ptg020281l_1_region	21595	10025	0.46	0	3
ptg020290l_1	25365	272556	10.75	4	19
ptg020290l_1_region	25365	272556	10.75	4	19
ptg020298l_1	41921	151932	3.62	0	8
ptg020298l_1_region	41921	151932	3.62	0	8
ptg020299l_1	44120	81698	1.85	0	6
ptg020299l_1_region	44120	81698	1.85	0	6
ptg020300l_1	34405	118995	3.46	0	8
ptg020300l_1_region	34405	118995	3.46	0	8
ptg020315l_1	12027	53314	4.43	0	14
ptg020315l_1_region	12027	53314	4.43	0	14
ptg020324l_1	30378	203304	6.69	0	20
ptg020324l_1_region	30378	203304	6.69	0	20
ptg020332l_1	31096	133051	4.28	0	16
ptg020332l_1_region	31096	133051	4.28	0	16
ptg020367l_1	22850	141906	6.21	0	13
ptg020367l_1_region	22850	141906	6.21	0	13
ptg020369l_1	32136	125098	3.89	0	18
ptg020369l_1_region	32136	125098	3.89	0	18
ptg020371l_1	37729	234294	6.21	0	12
ptg020371l_1_region	37729	234294	6.21	0	12
ptg020385l_1	65642	101374	1.54	0	11
ptg020385l_1_region	65642	101374	1.54	0	11
ptg020389l_1	28075	242946	8.65	0	20
ptg020389l_1_region	28075	242946	8.65	0	20
ptg020391l_1	24238	58905	2.43	0	7
ptg020391l_1_region	24238	58905	2.43	0	7
ptg020392l_1	17498	85653	4.90	0	13
ptg020392l_1_region	17498	85653	4.90	0	13
ptg020409l_1	36651	19272	0.53	0	5
ptg020409l_1_region	36651	19272	0.53	0	5
ptg020423l_1	37073	372	0.01	0	1
ptg020423l_1_region	37073	372	0.01	0	1
ptg020426l_1	35513	349439	9.84	0	15
ptg020426l_1_region	35513	349439	9.84	0	15
ptg020436l_1	20992	118505	5.65	0	19
ptg020436l_1_region	20992	118505	5.65	0	19
ptg020463l_1	8586	42907	5.00	0	18
ptg020463l_1_region	8586	42907	5.00	0	18
ptg020488l_1	20308	62248	3.07	0	9
ptg020488l_1_region	20308	62248	3.07	0	9
ptg020497l_1	10682	79323	7.43	0	10
ptg020497l_1_region	10682	79323	7.43	0	10
ptg020515l_1	30946	143135	4.63	0	9
ptg020515l_1_region	30946	143135	4.63	0	9
ptg020516l_1	30640	106135	3.46	0	17
ptg020516l_1_region	30640	106135	3.46	0	17
ptg020531l_1	84619	615540	7.27	0	37
ptg020531l_1_region	84619	615540	7.27	0	37
ptg020540l_1	31609	101577	3.21	0	11
ptg020540l_1_region	31609	101577	3.21	0	11
ptg020557l_1	24533	65891	2.69	0	9
ptg020557l_1_region	24533	65891	2.69	0	9
ptg020562l_1	7780	17740	2.28	0	3
ptg020562l_1_region	7780	17740	2.28	0	3
ptg020591l_1	33010	290320	8.79	0	54
ptg020591l_1_region	33010	290320	8.79	0	54
ptg020602l_1	29179	29122	1.00	0	5
ptg020602l_1_region	29179	29122	1.00	0	5
ptg020628l_1	14691	9835	0.67	0	2
ptg020628l_1_region	14691	9835	0.67	0	2
ptg020637l_1	15921	73892	4.64	0	12
ptg020637l_1_region	15921	73892	4.64	0	12
ptg020654l_1	17091	10864	0.64	0	2
ptg020654l_1_region	17091	10864	0.64	0	2
ptg020658l_1	56601	426189	7.53	0	19
ptg020658l_1_region	56601	426189	7.53	0	19
ptg020690l_1	14739	90947	6.17	2	9
ptg020690l_1_region	14739	90947	6.17	2	9
ptg020694l_1	36825	187457	5.09	0	11
ptg020694l_1_region	36825	187457	5.09	0	11
ptg020705l_1	18367	478750	26.07	0	89
ptg020705l_1_region	18367	478750	26.07	0	89
ptg020708l_1	59863	247463	4.13	0	17
ptg020708l_1_region	59863	247463	4.13	0	17
ptg020712l_1	360084	250724	0.70	0	9
ptg020712l_1_region	360084	250724	0.70	0	9
ptg020722l_1	10363	43622	4.21	0	9
ptg020722l_1_region	10363	43622	4.21	0	9
ptg020755l_1	12929	62135	4.81	0	13
ptg020755l_1_region	12929	62135	4.81	0	13
ptg020762l_1	24698	25758	1.04	0	9
ptg020762l_1_region	24698	25758	1.04	0	9
ptg020769l_1	14130	27775	1.97	0	4
ptg020769l_1_region	14130	27775	1.97	0	4
ptg020770l_1	60855	225654	3.71	0	14
ptg020770l_1_region	60855	225654	3.71	0	14
ptg020773l_1	26695	6180	0.23	0	3
ptg020773l_1_region	26695	6180	0.23	0	3
ptg020774l_1	24580	7773	0.32	0	2
ptg020774l_1_region	24580	7773	0.32	0	2
ptg020775l_1	39004	126603	3.25	0	8
ptg020775l_1_region	39004	126603	3.25	0	8
ptg020784l_1	98917	811982	8.21	0	42
ptg020784l_1_region	98917	811982	8.21	0	42
ptg020793l_1	145601	4992974	34.29	0	97
ptg020793l_1_region	145601	4992974	34.29	0	97
ptg020796l_1	30406	69185	2.28	0	5
ptg020796l_1_region	30406	69185	2.28	0	5
ptg020805l_1	20259	56578	2.79	0	7
ptg020805l_1_region	20259	56578	2.79	0	7
ptg020821l_1	126898	430337	3.39	0	17
ptg020821l_1_region	126898	430337	3.39	0	17
ptg020832l_1	15443	47354	3.07	0	10
ptg020832l_1_region	15443	47354	3.07	0	10
ptg020849l_1	13288	145836	10.98	1	18
ptg020849l_1_region	13288	145836	10.98	1	18
ptg020867l_1	39963	154371	3.86	0	13
ptg020867l_1_region	39963	154371	3.86	0	13
ptg020868l_1	9347	51624	5.52	0	9
ptg020868l_1_region	9347	51624	5.52	0	9
ptg020869l_1	12678	53869	4.25	0	11
ptg020869l_1_region	12678	53869	4.25	0	11
ptg020873l_1	43347	177478	4.09	0	8
ptg020873l_1_region	43347	177478	4.09	0	8
ptg020876l_1	16617	16097	0.97	0	3
ptg020876l_1_region	16617	16097	0.97	0	3
ptg020877l_1	38618	43837	1.14	0	6
ptg020877l_1_region	38618	43837	1.14	0	6
ptg020878l_1	49674	379527	7.64	1	17
ptg020878l_1_region	49674	379527	7.64	1	17
ptg020880l_1	45421	147668	3.25	0	11
ptg020880l_1_region	45421	147668	3.25	0	11
ptg020881l_1	16489	49832	3.02	0	6
ptg020881l_1_region	16489	49832	3.02	0	6
ptg020884l_1	21285	7679	0.36	0	1
ptg020884l_1_region	21285	7679	0.36	0	1
ptg020886l_1	19266	237476	12.33	0	21
ptg020886l_1_region	19266	237476	12.33	0	21
ptg020887l_1	17384	2993	0.17	0	1
ptg020887l_1_region	17384	2993	0.17	0	1
ptg020890l_1	20754	11325	0.55	0	2
ptg020890l_1_region	20754	11325	0.55	0	2
ptg020891l_1	29874	266791	8.93	0	22
ptg020891l_1_region	29874	266791	8.93	0	22
ptg020892l_1	30595	33988	1.11	0	5
ptg020892l_1_region	30595	33988	1.11	0	5
ptg020893l_1	21986	142023	6.46	0	16
ptg020893l_1_region	21986	142023	6.46	0	16
ptg020894l_1	85040	2056818	24.19	0	64
ptg020894l_1_region	85040	2056818	24.19	0	64
ptg020895l_1	26115	15881	0.61	0	3
ptg020895l_1_region	26115	15881	0.61	0	3
ptg020897l_1	64948	371327	5.72	0	17
ptg020897l_1_region	64948	371327	5.72	0	17
ptg020898l_1	16630	28867	1.74	0	4
ptg020898l_1_region	16630	28867	1.74	0	4
ptg020899l_1	51833	308091	5.94	1	13
ptg020899l_1_region	51833	308091	5.94	1	13
ptg020903l_1	30292	332983	10.99	0	44
ptg020903l_1_region	30292	332983	10.99	0	44
ptg020905l_1	18866	21914	1.16	0	2
ptg020905l_1_region	18866	21914	1.16	0	2
ptg020906l_1	66754	409161	6.13	0	32
ptg020906l_1_region	66754	409161	6.13	0	32
ptg020908l_1	13424	39841	2.97	0	5
ptg020908l_1_region	13424	39841	2.97	0	5
ptg020928l_1	8640	26885	3.11	0	5
ptg020928l_1_region	8640	26885	3.11	0	5
ptg020941l_1	63540	26321	0.41	0	12
ptg020941l_1_region	63540	26321	0.41	0	12
ptg020949l_1	24537	31564	1.29	0	4
ptg020949l_1_region	24537	31564	1.29	0	4
ptg020951l_1	30054	45801	1.52	0	4
ptg020951l_1_region	30054	45801	1.52	0	4
ptg020952l_1	18394	64267	3.49	0	8
ptg020952l_1_region	18394	64267	3.49	0	8
ptg020953l_1	24548	16993	0.69	0	2
ptg020953l_1_region	24548	16993	0.69	0	2
ptg020958l_1	22631	42206	1.86	0	6
ptg020958l_1_region	22631	42206	1.86	0	6
ptg020960l_1	28790	148177	5.15	0	13
ptg020960l_1_region	28790	148177	5.15	0	13
ptg020963l_1	115322	589524	5.11	0	45
ptg020963l_1_region	115322	589524	5.11	0	45
ptg020966l_1	28113	28344	1.01	0	3
ptg020966l_1_region	28113	28344	1.01	0	3
ptg020967l_1	19003	32971	1.74	0	4
ptg020967l_1_region	19003	32971	1.74	0	4
ptg020968l_1	19984	136019	6.81	0	13
ptg020968l_1_region	19984	136019	6.81	0	13
ptg020969l_1	20255	148541	7.33	0	29
ptg020969l_1_region	20255	148541	7.33	0	29
ptg020978l_1	11077	229917	20.76	0	35
ptg020978l_1_region	11077	229917	20.76	0	35
ptg020983l_1	48700	338802	6.96	0	30
ptg020983l_1_region	48700	338802	6.96	0	30
ptg020991l_1	26096	126674	4.85	0	66
ptg020991l_1_region	26096	126674	4.85	0	66
ptg021009l_1	15481	67981	4.39	0	10
ptg021009l_1_region	15481	67981	4.39	0	10
ptg021074l_1	28971	72990	2.52	0	11
ptg021074l_1_region	28971	72990	2.52	0	11
ptg021084l_1	10627	40606	3.82	0	14
ptg021084l_1_region	10627	40606	3.82	0	14
ptg021102l_1	14104	68321	4.84	0	10
ptg021102l_1_region	14104	68321	4.84	0	10
ptg021111l_1	29272	201577	6.89	0	17
ptg021111l_1_region	29272	201577	6.89	0	17
ptg021113l_1	12742	5007	0.39	0	4
ptg021113l_1_region	12742	5007	0.39	0	4
ptg021126l_1	9964	13857	1.39	0	2
ptg021126l_1_region	9964	13857	1.39	0	2
ptg021127l_1	20933	6173	0.29	0	2
ptg021127l_1_region	20933	6173	0.29	0	2
ptg021155l_1	19315	59435	3.08	0	6
ptg021155l_1_region	19315	59435	3.08	0	6
ptg021161l_1	30711	169421	5.52	0	9
ptg021161l_1_region	30711	169421	5.52	0	9
ptg021171l_1	116566	467220	4.01	0	15
ptg021171l_1_region	116566	467220	4.01	0	15
ptg021174l_1	17302	46682	2.70	0	5
ptg021174l_1_region	17302	46682	2.70	0	5
ptg021185l_1	18487	22507	1.22	0	4
ptg021185l_1_region	18487	22507	1.22	0	4
ptg021195l_1	15036	17503	1.16	0	3
ptg021195l_1_region	15036	17503	1.16	0	3
ptg021204l_1	20424	31053	1.52	0	3
ptg021204l_1_region	20424	31053	1.52	0	3
ptg021211l_1	14984	100428	6.70	0	13
ptg021211l_1_region	14984	100428	6.70	0	13
ptg021217l_1	29896	151044	5.05	0	12
ptg021217l_1_region	29896	151044	5.05	0	12
ptg021220l_1	82551	343126	4.16	0	30
ptg021220l_1_region	82551	343126	4.16	0	30
ptg021222l_1	18305	134370	7.34	0	18
ptg021222l_1_region	18305	134370	7.34	0	18
ptg021225l_1	28915	32456	1.12	0	4
ptg021225l_1_region	28915	32456	1.12	0	4
ptg021226l_1	34215	2841	0.08	0	3
ptg021226l_1_region	34215	2841	0.08	0	3
ptg021237l_1	19254	95078	4.94	0	10
ptg021237l_1_region	19254	95078	4.94	0	10
ptg021252l_1	25850	44035	1.70	0	5
ptg021252l_1_region	25850	44035	1.70	0	5
ptg021256l_1	16876	80614	4.78	0	10
ptg021256l_1_region	16876	80614	4.78	0	10
ptg021283l_1	18692	83055	4.44	0	10
ptg021283l_1_region	18692	83055	4.44	0	10
ptg021295l_1	28824	186135	6.46	0	16
ptg021295l_1_region	28824	186135	6.46	0	16
ptg021297l_1	11402	18169	1.59	0	5
ptg021297l_1_region	11402	18169	1.59	0	5
ptg021300l_1	173165	610486	3.53	0	54
ptg021300l_1_region	173165	610486	3.53	0	54
ptg021307l_1	24384	76689	3.15	0	5
ptg021307l_1_region	24384	76689	3.15	0	5
ptg021320l_1	20635	41935	2.03	0	6
ptg021320l_1_region	20635	41935	2.03	0	6
ptg021322l_1	35849	160273	4.47	0	24
ptg021322l_1_region	35849	160273	4.47	0	24
ptg021337l_1	23731	89521	3.77	0	19
ptg021337l_1_region	23731	89521	3.77	0	19
ptg021338l_1	25394	133584	5.26	0	14
ptg021338l_1_region	25394	133584	5.26	0	14
ptg021339l_1	15161	19420	1.28	0	6
ptg021339l_1_region	15161	19420	1.28	0	6
ptg021341l_1	24034	90431	3.76	0	12
ptg021341l_1_region	24034	90431	3.76	0	12
ptg021345l_1	16411	18951	1.15	0	5
ptg021345l_1_region	16411	18951	1.15	0	5
ptg021360l_1	9215	41681	4.52	0	8
ptg021360l_1_region	9215	41681	4.52	0	8
ptg021376l_1	4957	7450	1.50	0	5
ptg021376l_1_region	4957	7450	1.50	0	5
ptg021381l_1	21240	78352	3.69	0	12
ptg021381l_1_region	21240	78352	3.69	0	12
ptg021383l_1	32265	46877	1.45	0	4
ptg021383l_1_region	32265	46877	1.45	0	4
ptg021385l_1	17363	43876	2.53	0	6
ptg021385l_1_region	17363	43876	2.53	0	6
ptg021388l_1	12338	10136	0.82	0	2
ptg021388l_1_region	12338	10136	0.82	0	2
ptg021390l_1	56674	100817	1.78	0	8
ptg021390l_1_region	56674	100817	1.78	0	8
ptg021394l_1	32477	168591	5.19	0	11
ptg021394l_1_region	32477	168591	5.19	0	11
ptg021396l_1	21982	185387	8.43	0	26
ptg021396l_1_region	21982	185387	8.43	0	26
ptg021405l_1	152690	23791	0.16	0	2
ptg021405l_1_region	152690	23791	0.16	0	2
ptg021408l_1	38975	204301	5.24	0	10
ptg021408l_1_region	38975	204301	5.24	0	10
ptg021415l_1	29373	211091	7.19	0	14
ptg021415l_1_region	29373	211091	7.19	0	14
ptg021417l_1	23200	121756	5.25	0	12
ptg021417l_1_region	23200	121756	5.25	0	12
ptg021427l_1	16205	97080	5.99	0	14
ptg021427l_1_region	16205	97080	5.99	0	14
ptg021435l_1	38381	229329	5.98	0	18
ptg021435l_1_region	38381	229329	5.98	0	18
ptg021437l_1	124530	137011	1.10	0	8
ptg021437l_1_region	124530	137011	1.10	0	8
ptg021468l_1	28299	137907	4.87	0	9
ptg021468l_1_region	28299	137907	4.87	0	9
ptg021477l_1	34614	53275	1.54	0	10
ptg021477l_1_region	34614	53275	1.54	0	10
ptg021526l_1	30641	141251	4.61	0	9
ptg021526l_1_region	30641	141251	4.61	0	9
ptg021529l_1	16417	34760	2.12	0	6
ptg021529l_1_region	16417	34760	2.12	0	6
ptg021543l_1	13688	6462	0.47	0	4
ptg021543l_1_region	13688	6462	0.47	0	4
ptg021555l_1	9694	20048	2.07	0	11
ptg021555l_1_region	9694	20048	2.07	0	11
ptg021558l_1	18911	33930	1.79	0	4
ptg021558l_1_region	18911	33930	1.79	0	4
ptg021568l_1	37157	85688	2.31	0	7
ptg021568l_1_region	37157	85688	2.31	0	7
ptg021569l_1	36590	4673	0.13	0	3
ptg021569l_1_region	36590	4673	0.13	0	3
ptg021571l_1	40211	6148	0.15	0	1
ptg021571l_1_region	40211	6148	0.15	0	1
ptg021572l_1	21154	151794	7.18	0	17
ptg021572l_1_region	21154	151794	7.18	0	17
ptg021574l_1	30300	48780	1.61	0	5
ptg021574l_1_region	30300	48780	1.61	0	5
ptg021575l_1	19630	51795	2.64	0	4
ptg021575l_1_region	19630	51795	2.64	0	4
ptg021577l_1	17497	50624	2.89	0	8
ptg021577l_1_region	17497	50624	2.89	0	8
ptg021580l_1	17611	93107	5.29	0	10
ptg021580l_1_region	17611	93107	5.29	0	10
ptg021582l_1	28174	63540	2.26	0	6
ptg021582l_1_region	28174	63540	2.26	0	6
ptg021602l_1	49080	419101	8.54	0	19
ptg021602l_1_region	49080	419101	8.54	0	19
ptg021606l_1	25101	188514	7.51	0	18
ptg021606l_1_region	25101	188514	7.51	0	18
ptg021607l_1	19350	102664	5.31	0	11
ptg021607l_1_region	19350	102664	5.31	0	11
ptg021608l_1	24699	65109	2.64	0	7
ptg021608l_1_region	24699	65109	2.64	0	7
ptg021610l_1	87687	679504	7.75	0	40
ptg021610l_1_region	87687	679504	7.75	0	40
ptg021616l_1	14036	15982	1.14	0	8
ptg021616l_1_region	14036	15982	1.14	0	8
ptg021622l_1	87371	306664	3.51	0	14
ptg021622l_1_region	87371	306664	3.51	0	14
ptg021632l_1	230780	288744	1.25	0	10
ptg021632l_1_region	230780	288744	1.25	0	10
ptg021634l_1	65778	383922	5.84	0	14
ptg021634l_1_region	65778	383922	5.84	0	14
ptg021646l_1	7050	54426	7.72	2	12
ptg021646l_1_region	7050	54426	7.72	2	12
ptg021657l_1	32917	16902	0.51	0	4
ptg021657l_1_region	32917	16902	0.51	0	4
ptg021662l_1	35697	35509	0.99	0	4
ptg021662l_1_region	35697	35509	0.99	0	4
ptg021668l_1	27677	193510	6.99	0	16
ptg021668l_1_region	27677	193510	6.99	0	16
ptg021670l_1	28588	9163	0.32	0	1
ptg021670l_1_region	28588	9163	0.32	0	1
ptg021690l_1	37764	23040	0.61	0	9
ptg021690l_1_region	37764	23040	0.61	0	9
ptg021691l_1	369096	1891865	5.13	0	60
ptg021691l_1_region	369096	1891865	5.13	0	60
ptg021694l_1	147659	400081	2.71	0	21
ptg021694l_1_region	147659	400081	2.71	0	21
ptg021697l_1	324581	311184	0.96	0	22
ptg021697l_1_region	324581	311184	0.96	0	22
ptg021710l_1	19011	53688	2.82	0	6
ptg021710l_1_region	19011	53688	2.82	0	6
ptg021722l_1	76073	340231	4.47	0	11
ptg021722l_1_region	76073	340231	4.47	0	11
ptg021727l_1	58075	370078	6.37	0	16
ptg021727l_1_region	58075	370078	6.37	0	16
ptg021737l_1	49959	614121	12.29	0	47
ptg021737l_1_region	49959	614121	12.29	0	47
ptg021741l_1	404927	115831	0.29	0	14
ptg021741l_1_region	404927	115831	0.29	0	14
ptg021750l_1	30673	152021	4.96	0	10
ptg021750l_1_region	30673	152021	4.96	0	10
ptg021762l_1	17596	104142	5.92	0	9
ptg021762l_1_region	17596	104142	5.92	0	9
ptg021772l_1	519053	231355	0.45	0	8
ptg021772l_1_region	519053	231355	0.45	0	8
ptg021781l_1	64780	490659	7.57	0	20
ptg021781l_1_region	64780	490659	7.57	0	20
ptg021789l_1	43997	151729	3.45	0	7
ptg021789l_1_region	43997	151729	3.45	0	7
ptg021793l_1	144734	395049	2.73	0	10
ptg021793l_1_region	144734	395049	2.73	0	10
ptg021795l_1	97057	91441	0.94	0	11
ptg021795l_1_region	97057	91441	0.94	0	11
ptg021799l_1	264263	1311923	4.96	0	22
ptg021799l_1_region	264263	1311923	4.96	0	22
ptg021801l_1	179033	53266	0.30	0	2
ptg021801l_1_region	179033	53266	0.30	0	2
ptg021811l_1	21869	111094	5.08	0	9
ptg021811l_1_region	21869	111094	5.08	0	9
ptg021828l_1	42319	203702	4.81	0	10
ptg021828l_1_region	42319	203702	4.81	0	10
ptg021849l_1	75708	124321	1.64	0	8
ptg021849l_1_region	75708	124321	1.64	0	8
ptg021854l_1	154958	326632	2.11	0	12
ptg021854l_1_region	154958	326632	2.11	0	12
ptg021867l_1	25664	118775	4.63	0	8
ptg021867l_1_region	25664	118775	4.63	0	8
ptg021869l_1	36171	81949	2.27	0	8
ptg021869l_1_region	36171	81949	2.27	0	8
ptg021871l_1	160090	53611	0.33	0	2
ptg021871l_1_region	160090	53611	0.33	0	2
ptg021873l_1	13553	73228	5.40	1	9
ptg021873l_1_region	13553	73228	5.40	1	9
ptg021888l_1	42699	112110	2.63	0	7
ptg021888l_1_region	42699	112110	2.63	0	7
ptg021891l_1	11308	276585	24.46	0	47
ptg021891l_1_region	11308	276585	24.46	0	47
ptg021892l_1	17078	91839	5.38	0	9
ptg021892l_1_region	17078	91839	5.38	0	9
ptg021908l_1	151249	648274	4.29	0	17
ptg021908l_1_region	151249	648274	4.29	0	17
ptg021909l_1	436537	3464606	7.94	0	23
ptg021909l_1_region	436537	3464606	7.94	0	23
ptg021913l_1	23160	76777	3.32	0	10
ptg021913l_1_region	23160	76777	3.32	0	10
ptg021920l_1	14874	16239	1.09	0	7
ptg021920l_1_region	14874	16239	1.09	0	7
ptg021922l_1	681955	315042	0.46	0	5
ptg021922l_1_region	681955	315042	0.46	0	5
ptg021937l_1	25804	55174	2.14	0	7
ptg021937l_1_region	25804	55174	2.14	0	7
ptg021940l_1	58251	216433	3.72	0	43
ptg021940l_1_region	58251	216433	3.72	0	43
ptg021964l_1	22724	56970	2.51	0	7
ptg021964l_1_region	22724	56970	2.51	0	7
ptg021973l_1	23172	245417	10.59	0	26
ptg021973l_1_region	23172	245417	10.59	0	26
ptg021976l_1	162996	149809	0.92	0	23
ptg021976l_1_region	162996	149809	0.92	0	23
ptg021984l_1	441472	101704	0.23	0	3
ptg021984l_1_region	441472	101704	0.23	0	3
ptg021995l_1	24685	70656	2.86	0	10
ptg021995l_1_region	24685	70656	2.86	0	10
ptg022002l_1	32848	114918	3.50	0	21
ptg022002l_1_region	32848	114918	3.50	0	21
ptg022005l_1	16910	30373	1.80	0	4
ptg022005l_1_region	16910	30373	1.80	0	4
ptg022019l_1	54335	472	0.01	0	1
ptg022019l_1_region	54335	472	0.01	0	1
ptg022022l_1	51342	201911	3.93	0	11
ptg022022l_1_region	51342	201911	3.93	0	11
ptg022026l_1	46604	1032815	22.16	0	152
ptg022026l_1_region	46604	1032815	22.16	0	152
ptg022045l_1	45546	34935	0.77	0	11
ptg022045l_1_region	45546	34935	0.77	0	11
ptg022048l_1	33366	53218	1.59	0	14
ptg022048l_1_region	33366	53218	1.59	0	14
ptg022066l_1	23907	12352	0.52	0	12
ptg022066l_1_region	23907	12352	0.52	0	12
ptg022069l_1	350059	216642	0.62	0	8
ptg022069l_1_region	350059	216642	0.62	0	8
ptg022079l_1	147217	33801	0.23	0	2
ptg022079l_1_region	147217	33801	0.23	0	2
ptg022085l_1	47027	537907	11.44	0	49
ptg022085l_1_region	47027	537907	11.44	0	49
ptg022086l_1	83306	257114	3.09	0	24
ptg022086l_1_region	83306	257114	3.09	0	24
ptg022088l_1	38521	248817	6.46	0	20
ptg022088l_1_region	38521	248817	6.46	0	20
ptg022099l_1	43813	245980	5.61	0	13
ptg022099l_1_region	43813	245980	5.61	0	13
ptg022110l_1	9363	34672	3.70	0	7
ptg022110l_1_region	9363	34672	3.70	0	7
ptg022112l_1	17265	182330	10.56	0	20
ptg022112l_1_region	17265	182330	10.56	0	20
ptg022122l_1	252240	67905	0.27	0	2
ptg022122l_1_region	252240	67905	0.27	0	2
ptg022126l_1	83303	191554	2.30	0	16
ptg022126l_1_region	83303	191554	2.30	0	16
ptg022129l_1	24334	35049	1.44	0	6
ptg022129l_1_region	24334	35049	1.44	0	6
ptg022134l_1	236610	136423	0.58	0	13
ptg022134l_1_region	236610	136423	0.58	0	13
ptg022140l_1	7978	831	0.10	0	2
ptg022140l_1_region	7978	831	0.10	0	2
ptg022143l_1	79734	37534	0.47	0	3
ptg022143l_1_region	79734	37534	0.47	0	3
ptg022146l_1	74334	83801	1.13	0	8
ptg022146l_1_region	74334	83801	1.13	0	8
ptg022150l_1	11508	32578	2.83	0	9
ptg022150l_1_region	11508	32578	2.83	0	9
ptg022155l_1	47163	7916	0.17	0	2
ptg022155l_1_region	47163	7916	0.17	0	2
ptg022158l_1	39324	9492	0.24	0	1
ptg022158l_1_region	39324	9492	0.24	0	1
ptg022159l_1	263323	161763	0.61	0	4
ptg022159l_1_region	263323	161763	0.61	0	4
ptg022160l_1	78949	30786	0.39	0	5
ptg022160l_1_region	78949	30786	0.39	0	5
ptg022162l_1	235848	1800777	7.64	0	73
ptg022162l_1_region	235848	1800777	7.64	0	73
ptg022172l_1	23374	93938	4.02	0	8
ptg022172l_1_region	23374	93938	4.02	0	8
ptg022175l_1	17367	12783	0.74	0	3
ptg022175l_1_region	17367	12783	0.74	0	3
ptg022178l_1	831380	920191	1.11	0	25
ptg022178l_1_region	831380	920191	1.11	0	25
ptg022187l_1	349525	44928	0.13	0	2
ptg022187l_1_region	349525	44928	0.13	0	2
ptg022192l_1	57901	30570	0.53	0	2
ptg022192l_1_region	57901	30570	0.53	0	2
ptg022194l_1	688674	588555	0.85	0	18
ptg022194l_1_region	688674	588555	0.85	0	18
ptg022199l_1	185430	26772	0.14	0	3
ptg022199l_1_region	185430	26772	0.14	0	3
ptg022202l_1	145574	59888	0.41	0	2
ptg022202l_1_region	145574	59888	0.41	0	2
ptg022203l_1	100931	19303	0.19	0	1
ptg022203l_1_region	100931	19303	0.19	0	1
ptg022206l_1	223464	77534	0.35	0	4
ptg022206l_1_region	223464	77534	0.35	0	4
ptg022211l_1	138600	62328	0.45	0	2
ptg022211l_1_region	138600	62328	0.45	0	2
ptg022222l_1	6738	41585	6.17	0	9
ptg022222l_1_region	6738	41585	6.17	0	9
ptg022230l_1	23389	218933	9.36	0	22
ptg022230l_1_region	23389	218933	9.36	0	22
ptg022233l_1	43189	120274	2.78	0	7
ptg022233l_1_region	43189	120274	2.78	0	7
ptg022237l_1	193614	105387	0.54	0	5
ptg022237l_1_region	193614	105387	0.54	0	5
ptg022238l_1	12177	60179	4.94	0	11
ptg022238l_1_region	12177	60179	4.94	0	11
ptg022244l_1	48116	52640	1.09	0	4
ptg022244l_1_region	48116	52640	1.09	0	4
ptg022245l_1	27497	71406	2.60	0	6
ptg022245l_1_region	27497	71406	2.60	0	6
ptg022246l_1	94871	64323	0.68	0	5
ptg022246l_1_region	94871	64323	0.68	0	5
ptg022247l_1	60960	175816	2.88	0	10
ptg022247l_1_region	60960	175816	2.88	0	10
ptg022248l_1	30521	93860	3.08	0	8
ptg022248l_1_region	30521	93860	3.08	0	8
ptg022255l_1	20264	177851	8.78	0	20
ptg022255l_1_region	20264	177851	8.78	0	20
ptg022256l_1	21860	63591	2.91	0	7
ptg022256l_1_region	21860	63591	2.91	0	7
ptg022259l_1	23336	61535	2.64	0	8
ptg022259l_1_region	23336	61535	2.64	0	8
ptg022269l_1	68128	62839	0.92	0	4
ptg022269l_1_region	68128	62839	0.92	0	4
ptg022270l_1	83875	161529	1.93	0	11
ptg022270l_1_region	83875	161529	1.93	0	11
ptg022271l_1	194764	201366	1.03	0	18
ptg022271l_1_region	194764	201366	1.03	0	18
ptg022272l_1	66306	1301	0.02	0	1
ptg022272l_1_region	66306	1301	0.02	0	1
ptg022290c_1	253192	535701	2.12	0	8
ptg022290c_1_region	253192	535701	2.12	0	8
ptg022301l_1	149440	1569289	10.50	0	33
ptg022301l_1_region	149440	1569289	10.50	0	33
ptg022304l_1	20019	73348	3.66	0	8
ptg022304l_1_region	20019	73348	3.66	0	8
ptg022305l_1	35499	18606	0.52	0	1
ptg022305l_1_region	35499	18606	0.52	0	1
ptg022312l_1	89890	1657	0.02	0	1
ptg022312l_1_region	89890	1657	0.02	0	1
ptg022317l_1	24347	69679	2.86	0	8
ptg022317l_1_region	24347	69679	2.86	0	8
ptg022319l_1	18098	17873	0.99	0	3
ptg022319l_1_region	18098	17873	0.99	0	3
ptg022320l_1	36368	141519	3.89	0	16
ptg022320l_1_region	36368	141519	3.89	0	16
ptg022321l_1	32545	28180	0.87	0	3
ptg022321l_1_region	32545	28180	0.87	0	3
ptg022323l_1	45239	161521	3.57	0	10
ptg022323l_1_region	45239	161521	3.57	0	10
ptg022324l_1	46084	526015	11.41	0	28
ptg022324l_1_region	46084	526015	11.41	0	28
ptg022325l_1	19512	90409	4.63	0	13
ptg022325l_1_region	19512	90409	4.63	0	13
ptg022328l_1	40327	35282	0.87	0	3
ptg022328l_1_region	40327	35282	0.87	0	3
ptg022330l_1	54918	160247	2.92	0	10
ptg022330l_1_region	54918	160247	2.92	0	10
ptg022332l_1	25956	79516	3.06	0	9
ptg022332l_1_region	25956	79516	3.06	0	9
ptg022338l_1	29391	8001	0.27	0	1
ptg022338l_1_region	29391	8001	0.27	0	1
ptg022340l_1	18364	62694	3.41	0	6
ptg022340l_1_region	18364	62694	3.41	0	6
ptg022349l_1	21716	34636	1.59	0	4
ptg022349l_1_region	21716	34636	1.59	0	4
ptg022356l_1	137981	77353	0.56	0	6
ptg022356l_1_region	137981	77353	0.56	0	6
ptg022374l_1	91881	2060	0.02	0	1
ptg022374l_1_region	91881	2060	0.02	0	1
ptg022380l_1	65228	5907	0.09	0	3
ptg022380l_1_region	65228	5907	0.09	0	3
ptg022389l_1	31221	16645	0.53	0	3
ptg022389l_1_region	31221	16645	0.53	0	3
ptg022414l_1	41142	71638	1.74	0	9
ptg022414l_1_region	41142	71638	1.74	0	9
ptg022429l_1	71912	219374	3.05	0	17
ptg022429l_1_region	71912	219374	3.05	0	17
ptg022430l_1	25326	129562	5.12	0	12
ptg022430l_1_region	25326	129562	5.12	0	12
ptg022439l_1	23686	100025	4.22	0	10
ptg022439l_1_region	23686	100025	4.22	0	10
ptg022458l_1	20862	243948	11.69	0	34
ptg022458l_1_region	20862	243948	11.69	0	34
ptg022461l_1	17912	59960	3.35	0	10
ptg022461l_1_region	17912	59960	3.35	0	10
ptg022517l_1	15817	1657138	104.77	0	302
ptg022517l_1_region	15817	1657138	104.77	0	302
ptg022566l_1	20991	48977	2.33	0	16
ptg022566l_1_region	20991	48977	2.33	0	16
ptg022569l_1	18630	63197	3.39	0	6
ptg022569l_1_region	18630	63197	3.39	0	6
ptg022589l_1	29341	217420	7.41	0	16
ptg022589l_1_region	29341	217420	7.41	0	16
ptg022597l_1	22535	13904	0.62	0	3
ptg022597l_1_region	22535	13904	0.62	0	3
ptg022616l_1	28754	50761	1.77	0	5
ptg022616l_1_region	28754	50761	1.77	0	5
ptg022617l_1	18390	43334	2.36	0	6
ptg022617l_1_region	18390	43334	2.36	0	6
ptg022630l_1	22272	23178	1.04	0	2
ptg022630l_1_region	22272	23178	1.04	0	2
ptg022631l_1	44626	184663	4.14	0	10
ptg022631l_1_region	44626	184663	4.14	0	10
ptg022635l_1	18076	71078	3.93	0	20
ptg022635l_1_region	18076	71078	3.93	0	20
ptg022640l_1	37261	28129	0.75	0	2
ptg022640l_1_region	37261	28129	0.75	0	2
ptg022642l_1	30969	45205	1.46	0	4
ptg022642l_1_region	30969	45205	1.46	0	4
ptg022662l_1	11830	19577	1.65	0	3
ptg022662l_1_region	11830	19577	1.65	0	3
ptg022664l_1	21389	102491	4.79	0	9
ptg022664l_1_region	21389	102491	4.79	0	9
ptg022679l_1	300690	521579	1.73	0	27
ptg022679l_1_region	300690	521579	1.73	0	27
ptg022680l_1	23678	13826	0.58	0	2
ptg022680l_1_region	23678	13826	0.58	0	2
ptg022688l_1	22079	71259	3.23	0	7
ptg022688l_1_region	22079	71259	3.23	0	7
ptg022694l_1	19449	5334	0.27	0	1
ptg022694l_1_region	19449	5334	0.27	0	1
ptg022695l_1	22873	30646	1.34	0	4
ptg022695l_1_region	22873	30646	1.34	0	4
ptg022701l_1	50587	25610	0.51	0	2
ptg022701l_1_region	50587	25610	0.51	0	2
ptg022705l_1	38713	138733	3.58	0	14
ptg022705l_1_region	38713	138733	3.58	0	14
ptg022706l_1	20889	6251	0.30	0	1
ptg022706l_1_region	20889	6251	0.30	0	1
ptg022708l_1	30915	365870	11.83	0	39
ptg022708l_1_region	30915	365870	11.83	0	39
ptg022710l_1	72042	498013	6.91	0	19
ptg022710l_1_region	72042	498013	6.91	0	19
ptg022714l_1	21396	101615	4.75	0	13
ptg022714l_1_region	21396	101615	4.75	0	13
ptg022715l_1	26437	79060	2.99	0	7
ptg022715l_1_region	26437	79060	2.99	0	7
ptg022716l_1	31850	62952	1.98	0	11
ptg022716l_1_region	31850	62952	1.98	0	11
ptg022717l_1	21944	75726	3.45	0	6
ptg022717l_1_region	21944	75726	3.45	0	6
ptg022747l_1	39247	144328	3.68	0	6
ptg022747l_1_region	39247	144328	3.68	0	6
ptg022760l_1	52343	114510	2.19	0	15
ptg022760l_1_region	52343	114510	2.19	0	15
ptg022765l_1	71427	548350	7.68	0	24
ptg022765l_1_region	71427	548350	7.68	0	24
ptg022776l_1	12567	867	0.07	0	1
ptg022776l_1_region	12567	867	0.07	0	1
ptg022786l_1	18305	9590	0.52	0	1
ptg022786l_1_region	18305	9590	0.52	0	1
ptg022790l_1	78824	57449	0.73	0	10
ptg022790l_1_region	78824	57449	0.73	0	10
ptg022802l_1	14738	16183	1.10	0	5
ptg022802l_1_region	14738	16183	1.10	0	5
ptg022807l_1	28213	283009	10.03	0	36
ptg022807l_1_region	28213	283009	10.03	0	36
ptg022813l_1	9186	10776	1.17	0	2
ptg022813l_1_region	9186	10776	1.17	0	2
ptg022865l_1	35334	205398	5.81	0	15
ptg022865l_1_region	35334	205398	5.81	0	15
ptg022868l_1	19221	37836	1.97	0	5
ptg022868l_1_region	19221	37836	1.97	0	5
ptg022869l_1	40117	489141	12.19	0	30
ptg022869l_1_region	40117	489141	12.19	0	30
ptg022871l_1	26370	143701	5.45	1	10
ptg022871l_1_region	26370	143701	5.45	1	10
ptg022878l_1	27078	135484	5.00	0	16
ptg022878l_1_region	27078	135484	5.00	0	16
ptg022879l_1	10991	29142	2.65	0	6
ptg022879l_1_region	10991	29142	2.65	0	6
ptg022880l_1	19614	28760	1.47	0	3
ptg022880l_1_region	19614	28760	1.47	0	3
ptg022881l_1	14452	3467	0.24	0	1
ptg022881l_1_region	14452	3467	0.24	0	1
ptg022890l_1	34956	95191	2.72	0	9
ptg022890l_1_region	34956	95191	2.72	0	9
ptg022891l_1	32633	16886	0.52	0	3
ptg022891l_1_region	32633	16886	0.52	0	3
ptg022929l_1	122694	1828515	14.90	0	110
ptg022929l_1_region	122694	1828515	14.90	0	110
ptg022930l_1	37645	139280	3.70	0	12
ptg022930l_1_region	37645	139280	3.70	0	12
ptg022935l_1	14080	60459	4.29	0	7
ptg022935l_1_region	14080	60459	4.29	0	7
ptg022941l_1	16968	89191	5.26	0	13
ptg022941l_1_region	16968	89191	5.26	0	13
ptg022942l_1	20783	38396	1.85	0	6
ptg022942l_1_region	20783	38396	1.85	0	6
ptg022956l_1	54813	279882	5.11	0	12
ptg022956l_1_region	54813	279882	5.11	0	12
ptg022972l_1	63782	349152	5.47	0	18
ptg022972l_1_region	63782	349152	5.47	0	18
ptg022973l_1	61982	168663	2.72	0	14
ptg022973l_1_region	61982	168663	2.72	0	14
ptg022976l_1	323178	1583369	4.90	0	17
ptg022976l_1_region	323178	1583369	4.90	0	17
ptg022985l_1	82070	390391	4.76	0	13
ptg022985l_1_region	82070	390391	4.76	0	13
ptg022991l_1	67224	289287	4.30	0	12
ptg022991l_1_region	67224	289287	4.30	0	12
ptg023005l_1	29118	627625	21.55	0	42
ptg023005l_1_region	29118	627625	21.55	0	42
ptg023030l_1	104453	413434	3.96	0	13
ptg023030l_1_region	104453	413434	3.96	0	13
ptg023037l_1	46088	1991348	43.21	7	98
ptg023037l_1_region	46088	1991348	43.21	7	98
ptg023042l_1	59947	268105	4.47	0	9
ptg023042l_1_region	59947	268105	4.47	0	9
ptg023045l_1	120196	82418	0.69	0	8
ptg023045l_1_region	120196	82418	0.69	0	8
ptg023048l_1	36711	220269	6.00	0	12
ptg023048l_1_region	36711	220269	6.00	0	12
ptg023052l_1	75362	126171	1.67	0	10
ptg023052l_1_region	75362	126171	1.67	0	10
ptg023058l_1	90168	539274	5.98	0	13
ptg023058l_1_region	90168	539274	5.98	0	13
ptg023059l_1	66450	342810	5.16	0	14
ptg023059l_1_region	66450	342810	5.16	0	14
ptg023072l_1	38215	90204	2.36	0	9
ptg023072l_1_region	38215	90204	2.36	0	9
ptg023085l_1	75966	246206	3.24	0	8
ptg023085l_1_region	75966	246206	3.24	0	8
ptg023088l_1	133173	541803	4.07	0	14
ptg023088l_1_region	133173	541803	4.07	0	14
ptg023110l_1	85107	344204	4.04	0	10
ptg023110l_1_region	85107	344204	4.04	0	10
ptg023112l_1	97765	517725	5.30	0	16
ptg023112l_1_region	97765	517725	5.30	0	16
ptg023116l_1	15106	295710	19.58	5	27
ptg023116l_1_region	15106	295710	19.58	5	27
ptg023123l_1	59183	406367	6.87	0	11
ptg023123l_1_region	59183	406367	6.87	0	11
ptg023128l_1	50007	209033	4.18	0	10
ptg023128l_1_region	50007	209033	4.18	0	10
ptg023135l_1	79687	629529	7.90	0	19
ptg023135l_1_region	79687	629529	7.90	0	19
ptg023185l_1	32582	119311	3.66	0	8
ptg023185l_1_region	32582	119311	3.66	0	8
ptg023187l_1	41412	78319	1.89	0	8
ptg023187l_1_region	41412	78319	1.89	0	8
ptg023195l_1	61342	286253	4.67	0	16
ptg023195l_1_region	61342	286253	4.67	0	16
ptg023196l_1	50846	233058	4.58	0	10
ptg023196l_1_region	50846	233058	4.58	0	10
ptg023211l_1	25387	39537	1.56	0	5
ptg023211l_1_region	25387	39537	1.56	0	5
ptg023219l_1	70352	181852	2.58	0	12
ptg023219l_1_region	70352	181852	2.58	0	12
ptg023224l_1	37345	317668	8.51	1	19
ptg023224l_1_region	37345	317668	8.51	1	19
ptg023260l_1	52586	749692	14.26	0	42
ptg023260l_1_region	52586	749692	14.26	0	42
ptg023269l_1	129941	846063	6.51	0	18
ptg023269l_1_region	129941	846063	6.51	0	18
ptg023279l_1	19260	359	0.02	0	3
ptg023279l_1_region	19260	359	0.02	0	3
ptg023280l_1	97733	182633	1.87	0	8
ptg023280l_1_region	97733	182633	1.87	0	8
ptg023290l_1	79052	335589	4.25	0	12
ptg023290l_1_region	79052	335589	4.25	0	12
ptg023298l_1	44148	119148	2.70	0	8
ptg023298l_1_region	44148	119148	2.70	0	8
ptg023305l_1	27437	226766	8.26	0	13
ptg023305l_1_region	27437	226766	8.26	0	13
ptg023316l_1	43535	371257	8.53	0	17
ptg023316l_1_region	43535	371257	8.53	0	17
ptg023319l_1	46294	105719	2.28	0	5
ptg023319l_1_region	46294	105719	2.28	0	5
ptg023325l_1	22528	263393	11.69	0	20
ptg023325l_1_region	22528	263393	11.69	0	20
ptg023359l_1	44951	28943	0.64	0	5
ptg023359l_1_region	44951	28943	0.64	0	5
ptg023376l_1	32473	109411	3.37	0	8
ptg023376l_1_region	32473	109411	3.37	0	8
ptg023424l_1	27826	245299	8.82	0	19
ptg023424l_1_region	27826	245299	8.82	0	19
ptg023473l_1	38106	869072	22.81	3	34
ptg023473l_1_region	38106	869072	22.81	3	34
ptg023487l_1	19471	122427	6.29	1	10
ptg023487l_1_region	19471	122427	6.29	1	10
ptg023511l_1	25726	398676	15.50	0	25
ptg023511l_1_region	25726	398676	15.50	0	25
ptg023513l_1	21872	24284	1.11	0	3
ptg023513l_1_region	21872	24284	1.11	0	3
ptg023515l_1	29299	304001	10.38	0	23
ptg023515l_1_region	29299	304001	10.38	0	23
ptg023538l_1	53023	490297	9.25	0	18
ptg023538l_1_region	53023	490297	9.25	0	18
ptg023553l_1	16607	257318	15.49	1	26
ptg023553l_1_region	16607	257318	15.49	1	26
ptg023557l_1	49099	24691	0.50	0	2
ptg023557l_1_region	49099	24691	0.50	0	2
ptg023568l_1	76825	485051	6.31	0	19
ptg023568l_1_region	76825	485051	6.31	0	19
ptg023573l_1	64110	237650	3.71	0	13
ptg023573l_1_region	64110	237650	3.71	0	13
ptg023587l_1	17824	141523	7.94	0	17
ptg023587l_1_region	17824	141523	7.94	0	17
ptg023611l_1	21158	140806	6.65	0	21
ptg023611l_1_region	21158	140806	6.65	0	21
ptg023631l_1	15534	293413	18.89	0	33
ptg023631l_1_region	15534	293413	18.89	0	33
ptg023664l_1	21426	47067	2.20	0	7
ptg023664l_1_region	21426	47067	2.20	0	7
ptg023681l_1	20885	83151	3.98	0	7
ptg023681l_1_region	20885	83151	3.98	0	7
ptg023695l_1	12589	69005	5.48	0	9
ptg023695l_1_region	12589	69005	5.48	0	9
ptg023699l_1	42749	288221	6.74	0	15
ptg023699l_1_region	42749	288221	6.74	0	15
ptg023783l_1	31291	106041	3.39	0	9
ptg023783l_1_region	31291	106041	3.39	0	9
ptg023793l_1	33855	303710	8.97	1	16
ptg023793l_1_region	33855	303710	8.97	1	16
ptg023802l_1	13654	112458	8.24	1	14
ptg023802l_1_region	13654	112458	8.24	1	14
ptg023819l_1	6653	66506	10.00	0	20
ptg023819l_1_region	6653	66506	10.00	0	20
ptg023853l_1	29192	175410	6.01	0	10
ptg023853l_1_region	29192	175410	6.01	0	10
ptg023873l_1	42811	398921	9.32	0	15
ptg023873l_1_region	42811	398921	9.32	0	15
ptg023896l_1	21981	296004	13.47	0	25
ptg023896l_1_region	21981	296004	13.47	0	25
ptg023908l_1	21775	118399	5.44	0	10
ptg023908l_1_region	21775	118399	5.44	0	10
ptg023910l_1	21826	216423	9.92	0	20
ptg023910l_1_region	21826	216423	9.92	0	20
ptg023938l_1	18385	53949	2.93	0	7
ptg023938l_1_region	18385	53949	2.93	0	7
ptg023947l_1	25706	61660	2.40	0	8
ptg023947l_1_region	25706	61660	2.40	0	8
ptg023960l_1	12224	88442	7.24	4	10
ptg023960l_1_region	12224	88442	7.24	4	10
ptg023993l_1	33531	4050742	120.81	9	194
ptg023993l_1_region	33531	4050742	120.81	9	194
ptg024002l_1	50623	154010	3.04	0	8
ptg024002l_1_region	50623	154010	3.04	0	8
ptg024008l_1	13396	96835	7.23	2	13
ptg024008l_1_region	13396	96835	7.23	2	13
ptg024017l_1	9895	33633	3.40	0	5
ptg024017l_1_region	9895	33633	3.40	0	5
ptg024033l_1	15370	87608	5.70	0	8
ptg024033l_1_region	15370	87608	5.70	0	8
ptg024081l_1	17051	264977	15.54	1	25
ptg024081l_1_region	17051	264977	15.54	1	25
ptg024114l_1	36210	16338	0.45	0	2
ptg024114l_1_region	36210	16338	0.45	0	2
total	2837658428	18010439279	6.35	0	2257
total_region	2837658428	18010439279	6.35	0	2257
