chrom	length	bases	mean	min	max
ptg000001l_1	224559	2292556	10.21	0	25
ptg000001l_1_region	224559	2292556	10.21	0	25
ptg000002l_1	466864	4468623	9.57	0	35
ptg000002l_1_region	466864	4468623	9.57	0	35
ptg000003l_1	403059	3367529	8.35	0	40
ptg000003l_1_region	403059	3367529	8.35	0	40
ptg000004l_1	1905946	15174010	7.96	0	24
ptg000004l_1_region	1905946	15174010	7.96	0	24
ptg000007l_1	668351	4441872	6.65	0	21
ptg000007l_1_region	668351	4441872	6.65	0	21
ptg000009l_1	1309717	10155476	7.75	0	34
ptg000009l_1_region	1309717	10155476	7.75	0	34
ptg000010l_1	1379608	10993452	7.97	0	28
ptg000010l_1_region	1379608	10993452	7.97	0	28
ptg000011l_1	1181895	9861647	8.34	0	23
ptg000011l_1_region	1181895	9861647	8.34	0	23
ptg000012l_1	2003601	13434965	6.71	0	38
ptg000012l_1_region	2003601	13434965	6.71	0	38
ptg000014l_1	496174	3527969	7.11	0	20
ptg000014l_1_region	496174	3527969	7.11	0	20
ptg000017l_1	337928	3670268	10.86	0	57
ptg000017l_1_region	337928	3670268	10.86	0	57
ptg000018l_1	1171150	8944908	7.64	0	26
ptg000018l_1_region	1171150	8944908	7.64	0	26
ptg000020l_1	838433	7438169	8.87	0	124
ptg000020l_1_region	838433	7438169	8.87	0	124
ptg000022l_1	763729	3884944	5.09	0	20
ptg000022l_1_region	763729	3884944	5.09	0	20
ptg000023l_1	3419222	29550506	8.64	0	35
ptg000023l_1_region	3419222	29550506	8.64	0	35
ptg000024l_1	3723909	34047466	9.14	0	42
ptg000024l_1_region	3723909	34047466	9.14	0	42
ptg000025l_1	2438521	19814471	8.13	0	34
ptg000025l_1_region	2438521	19814471	8.13	0	34
ptg000026l_1	567458	4756301	8.38	0	33
ptg000026l_1_region	567458	4756301	8.38	0	33
ptg000027l_1	2516055	18172994	7.22	0	31
ptg000027l_1_region	2516055	18172994	7.22	0	31
ptg000028l_1	1739603	13754212	7.91	0	82
ptg000028l_1_region	1739603	13754212	7.91	0	82
ptg000029l_1	378547	7741142	20.45	0	116
ptg000029l_1_region	378547	7741142	20.45	0	116
ptg000031l_1	1937049	17249320	8.90	0	34
ptg000031l_1_region	1937049	17249320	8.90	0	34
ptg000032l_1	787133	5760586	7.32	0	28
ptg000032l_1_region	787133	5760586	7.32	0	28
ptg000034l_1	640064	5100628	7.97	0	29
ptg000034l_1_region	640064	5100628	7.97	0	29
ptg000035l_1	1094022	9331085	8.53	0	33
ptg000035l_1_region	1094022	9331085	8.53	0	33
ptg000036l_1	672284	4718302	7.02	0	23
ptg000036l_1_region	672284	4718302	7.02	0	23
ptg000037l_1	600481	3413200	5.68	0	22
ptg000037l_1_region	600481	3413200	5.68	0	22
ptg000040l_1	1733005	14066287	8.12	0	27
ptg000040l_1_region	1733005	14066287	8.12	0	27
ptg000041l_1	154533	752618	4.87	0	13
ptg000041l_1_region	154533	752618	4.87	0	13
ptg000043l_1	1204965	9893154	8.21	0	26
ptg000043l_1_region	1204965	9893154	8.21	0	26
ptg000044l_1	94748	191271	2.02	0	14
ptg000044l_1_region	94748	191271	2.02	0	14
ptg000045l_1	492275	2740045	5.57	0	59
ptg000045l_1_region	492275	2740045	5.57	0	59
ptg000046l_1	327139	2440028	7.46	0	19
ptg000046l_1_region	327139	2440028	7.46	0	19
ptg000047l_1	872861	6804811	7.80	0	26
ptg000047l_1_region	872861	6804811	7.80	0	26
ptg000048l_1	267187	2245275	8.40	0	18
ptg000048l_1_region	267187	2245275	8.40	0	18
ptg000049l_1	2613172	23373320	8.94	0	36
ptg000049l_1_region	2613172	23373320	8.94	0	36
ptg000050l_1	181505	1085233	5.98	0	22
ptg000050l_1_region	181505	1085233	5.98	0	22
ptg000051l_1	361702	2819782	7.80	0	27
ptg000051l_1_region	361702	2819782	7.80	0	27
ptg000052l_1	1893344	12606581	6.66	0	20
ptg000052l_1_region	1893344	12606581	6.66	0	20
ptg000053l_1	249816	1907955	7.64	0	20
ptg000053l_1_region	249816	1907955	7.64	0	20
ptg000054l_1	2153890	18907240	8.78	0	35
ptg000054l_1_region	2153890	18907240	8.78	0	35
ptg000055l_1	2483671	19776489	7.96	0	105
ptg000055l_1_region	2483671	19776489	7.96	0	105
ptg000056l_1	872788	7602248	8.71	0	97
ptg000056l_1_region	872788	7602248	8.71	0	97
ptg000057l_1	1766985	16947395	9.59	0	61
ptg000057l_1_region	1766985	16947395	9.59	0	61
ptg000058l_1	370373	2380848	6.43	0	20
ptg000058l_1_region	370373	2380848	6.43	0	20
ptg000059l_1	410718	2778528	6.77	0	23
ptg000059l_1_region	410718	2778528	6.77	0	23
ptg000060l_1	527093	4678666	8.88	0	23
ptg000060l_1_region	527093	4678666	8.88	0	23
ptg000061l_1	3211763	27303140	8.50	0	30
ptg000061l_1_region	3211763	27303140	8.50	0	30
ptg000062l_1	1612754	10968588	6.80	0	47
ptg000062l_1_region	1612754	10968588	6.80	0	47
ptg000063l_1	378872	2489399	6.57	0	29
ptg000063l_1_region	378872	2489399	6.57	0	29
ptg000065l_1	795592	5578080	7.01	0	21
ptg000065l_1_region	795592	5578080	7.01	0	21
ptg000066l_1	113674	983789	8.65	0	27
ptg000066l_1_region	113674	983789	8.65	0	27
ptg000067l_1	567839	3673927	6.47	0	21
ptg000067l_1_region	567839	3673927	6.47	0	21
ptg000068l_1	1200107	9308774	7.76	0	24
ptg000068l_1_region	1200107	9308774	7.76	0	24
ptg000069l_1	440038	2349897	5.34	0	16
ptg000069l_1_region	440038	2349897	5.34	0	16
ptg000070l_1	635141	4181864	6.58	0	21
ptg000070l_1_region	635141	4181864	6.58	0	21
ptg000071l_1	492128	2676143	5.44	0	16
ptg000071l_1_region	492128	2676143	5.44	0	16
ptg000073l_1	596027	5038791	8.45	0	21
ptg000073l_1_region	596027	5038791	8.45	0	21
ptg000075l_1	1362389	8281418	6.08	0	36
ptg000075l_1_region	1362389	8281418	6.08	0	36
ptg000078l_1	1849515	15726178	8.50	0	25
ptg000078l_1_region	1849515	15726178	8.50	0	25
ptg000079l_1	1553048	11931782	7.68	0	33
ptg000079l_1_region	1553048	11931782	7.68	0	33
ptg000080l_1	1248482	8257175	6.61	0	41
ptg000080l_1_region	1248482	8257175	6.61	0	41
ptg000082l_1	1741085	13189872	7.58	0	26
ptg000082l_1_region	1741085	13189872	7.58	0	26
ptg000083l_1	944999	6996606	7.40	0	22
ptg000083l_1_region	944999	6996606	7.40	0	22
ptg000084l_1	3696174	33183446	8.98	0	37
ptg000084l_1_region	3696174	33183446	8.98	0	37
ptg000085l_1	1772517	14514454	8.19	0	29
ptg000085l_1_region	1772517	14514454	8.19	0	29
ptg000086l_1	668477	5283248	7.90	0	25
ptg000086l_1_region	668477	5283248	7.90	0	25
ptg000087l_1	307370	2075669	6.75	0	25
ptg000087l_1_region	307370	2075669	6.75	0	25
ptg000088l_1	2675700	20577046	7.69	0	46
ptg000088l_1_region	2675700	20577046	7.69	0	46
ptg000089l_1	1527381	14261951	9.34	0	36
ptg000089l_1_region	1527381	14261951	9.34	0	36
ptg000090l_1	1489912	12729399	8.54	0	30
ptg000090l_1_region	1489912	12729399	8.54	0	30
ptg000091l_1	410195	2931993	7.15	0	17
ptg000091l_1_region	410195	2931993	7.15	0	17
ptg000092l_1	2127149	17643286	8.29	0	27
ptg000092l_1_region	2127149	17643286	8.29	0	27
ptg000093l_1	477205	3767458	7.89	0	33
ptg000093l_1_region	477205	3767458	7.89	0	33
ptg000095l_1	443974	3979145	8.96	0	54
ptg000095l_1_region	443974	3979145	8.96	0	54
ptg000096l_1	1811472	15320239	8.46	0	25
ptg000096l_1_region	1811472	15320239	8.46	0	25
ptg000098l_1	1463058	11113893	7.60	0	21
ptg000098l_1_region	1463058	11113893	7.60	0	21
ptg000101l_1	568537	5647874	9.93	0	57
ptg000101l_1_region	568537	5647874	9.93	0	57
ptg000102l_1	306991	2204430	7.18	0	20
ptg000102l_1_region	306991	2204430	7.18	0	20
ptg000103l_1	738690	5424869	7.34	0	21
ptg000103l_1_region	738690	5424869	7.34	0	21
ptg000105l_1	4970350	43461171	8.74	0	98
ptg000105l_1_region	4970350	43461171	8.74	0	98
ptg000106l_1	830955	4573495	5.50	0	24
ptg000106l_1_region	830955	4573495	5.50	0	24
ptg000107l_1	610488	7620432	12.48	0	60
ptg000107l_1_region	610488	7620432	12.48	0	60
ptg000108l_1	524569	4748183	9.05	0	22
ptg000108l_1_region	524569	4748183	9.05	0	22
ptg000109l_1	2434425	22833091	9.38	0	45
ptg000109l_1_region	2434425	22833091	9.38	0	45
ptg000110l_1	694748	6189272	8.91	0	25
ptg000110l_1_region	694748	6189272	8.91	0	25
ptg000111l_1	1886279	17629874	9.35	0	45
ptg000111l_1_region	1886279	17629874	9.35	0	45
ptg000112l_1	1407615	11954119	8.49	0	38
ptg000112l_1_region	1407615	11954119	8.49	0	38
ptg000113l_1	873124	7664527	8.78	0	25
ptg000113l_1_region	873124	7664527	8.78	0	25
ptg000114l_1	2003064	18843762	9.41	0	25
ptg000114l_1_region	2003064	18843762	9.41	0	25
ptg000115l_1	94480	521776	5.52	0	19
ptg000115l_1_region	94480	521776	5.52	0	19
ptg000116l_1	549585	3836436	6.98	0	25
ptg000116l_1_region	549585	3836436	6.98	0	25
ptg000117l_1	999763	6832624	6.83	0	22
ptg000117l_1_region	999763	6832624	6.83	0	22
ptg000118l_1	589492	4295992	7.29	0	20
ptg000118l_1_region	589492	4295992	7.29	0	20
ptg000120l_1	2480957	20946761	8.44	0	26
ptg000120l_1_region	2480957	20946761	8.44	0	26
ptg000121l_1	1320917	15474972	11.72	0	127
ptg000121l_1_region	1320917	15474972	11.72	0	127
ptg000123l_1	915833	9810623	10.71	0	66
ptg000123l_1_region	915833	9810623	10.71	0	66
ptg000124l_1	291375	1856298	6.37	0	39
ptg000124l_1_region	291375	1856298	6.37	0	39
ptg000126l_1	1277451	9936283	7.78	0	24
ptg000126l_1_region	1277451	9936283	7.78	0	24
ptg000127l_1	919908	6800801	7.39	0	82
ptg000127l_1_region	919908	6800801	7.39	0	82
ptg000128l_1	128665	528159	4.10	0	18
ptg000128l_1_region	128665	528159	4.10	0	18
ptg000130l_1	3405925	30326013	8.90	0	44
ptg000130l_1_region	3405925	30326013	8.90	0	44
ptg000132l_1	690063	4625565	6.70	0	24
ptg000132l_1_region	690063	4625565	6.70	0	24
ptg000133l_1	358350	3127651	8.73	0	26
ptg000133l_1_region	358350	3127651	8.73	0	26
ptg000134l_1	524336	5090137	9.71	0	46
ptg000134l_1_region	524336	5090137	9.71	0	46
ptg000135l_1	832229	5129542	6.16	0	47
ptg000135l_1_region	832229	5129542	6.16	0	47
ptg000139l_1	208592	802799	3.85	0	27
ptg000139l_1_region	208592	802799	3.85	0	27
ptg000141l_1	303809	2364812	7.78	0	21
ptg000141l_1_region	303809	2364812	7.78	0	21
ptg000142l_1	2190402	16090266	7.35	0	29
ptg000142l_1_region	2190402	16090266	7.35	0	29
ptg000143l_1	883044	8324344	9.43	0	25
ptg000143l_1_region	883044	8324344	9.43	0	25
ptg000144l_1	2444314	21573506	8.83	0	38
ptg000144l_1_region	2444314	21573506	8.83	0	38
ptg000145l_1	11518	37266	3.24	0	7
ptg000145l_1_region	11518	37266	3.24	0	7
ptg000146l_1	7492590	60912763	8.13	0	31
ptg000146l_1_region	7492590	60912763	8.13	0	31
ptg000149l_1	909849	8026276	8.82	0	49
ptg000149l_1_region	909849	8026276	8.82	0	49
ptg000151l_1	288085	2010264	6.98	0	21
ptg000151l_1_region	288085	2010264	6.98	0	21
ptg000152l_1	1331212	10302609	7.74	0	34
ptg000152l_1_region	1331212	10302609	7.74	0	34
ptg000153l_1	375346	1818389	4.84	0	21
ptg000153l_1_region	375346	1818389	4.84	0	21
ptg000154l_1	452370	2441850	5.40	0	19
ptg000154l_1_region	452370	2441850	5.40	0	19
ptg000156l_1	635326	4110393	6.47	0	26
ptg000156l_1_region	635326	4110393	6.47	0	26
ptg000157l_1	1182189	8319303	7.04	0	83
ptg000157l_1_region	1182189	8319303	7.04	0	83
ptg000158l_1	1623674	12849212	7.91	0	32
ptg000158l_1_region	1623674	12849212	7.91	0	32
ptg000159l_1	1008278	8746526	8.67	0	67
ptg000159l_1_region	1008278	8746526	8.67	0	67
ptg000160l_1	224206	1716660	7.66	0	25
ptg000160l_1_region	224206	1716660	7.66	0	25
ptg000161l_1	160579	928898	5.78	0	23
ptg000161l_1_region	160579	928898	5.78	0	23
ptg000162l_1	321650	2489487	7.74	0	51
ptg000162l_1_region	321650	2489487	7.74	0	51
ptg000163l_1	823142	5725883	6.96	0	67
ptg000163l_1_region	823142	5725883	6.96	0	67
ptg000166l_1	2051859	18827641	9.18	0	24
ptg000166l_1_region	2051859	18827641	9.18	0	24
ptg000167l_1	552886	5043018	9.12	0	33
ptg000167l_1_region	552886	5043018	9.12	0	33
ptg000168l_1	2396652	22331266	9.32	0	39
ptg000168l_1_region	2396652	22331266	9.32	0	39
ptg000170l_1	71920	415384	5.78	0	29
ptg000170l_1_region	71920	415384	5.78	0	29
ptg000172l_1	996812	7604625	7.63	0	35
ptg000172l_1_region	996812	7604625	7.63	0	35
ptg000173l_1	2831687	27219767	9.61	0	204
ptg000173l_1_region	2831687	27219767	9.61	0	204
ptg000174l_1	2837679	30874309	10.88	0	184
ptg000174l_1_region	2837679	30874309	10.88	0	184
ptg000176l_1	734222	5963380	8.12	0	23
ptg000176l_1_region	734222	5963380	8.12	0	23
ptg000177l_1	380365	2947971	7.75	0	27
ptg000177l_1_region	380365	2947971	7.75	0	27
ptg000178l_1	899325	7717497	8.58	0	24
ptg000178l_1_region	899325	7717497	8.58	0	24
ptg000179l_1	1589938	13567659	8.53	0	25
ptg000179l_1_region	1589938	13567659	8.53	0	25
ptg000180l_1	4958610	40901188	8.25	0	287
ptg000180l_1_region	4958610	40901188	8.25	0	287
ptg000181l_1	1076598	13576136	12.61	0	167
ptg000181l_1_region	1076598	13576136	12.61	0	167
ptg000182l_1	726590	4728634	6.51	0	25
ptg000182l_1_region	726590	4728634	6.51	0	25
ptg000183l_1	1486283	12903278	8.68	0	29
ptg000183l_1_region	1486283	12903278	8.68	0	29
ptg000184l_1	1328294	7305416	5.50	0	30
ptg000184l_1_region	1328294	7305416	5.50	0	30
ptg000186l_1	1078385	5382939	4.99	0	69
ptg000186l_1_region	1078385	5382939	4.99	0	69
ptg000187l_1	555860	5690943	10.24	0	147
ptg000187l_1_region	555860	5690943	10.24	0	147
ptg000189l_1	950716	8518217	8.96	0	24
ptg000189l_1_region	950716	8518217	8.96	0	24
ptg000190l_1	695878	5458617	7.84	0	25
ptg000190l_1_region	695878	5458617	7.84	0	25
ptg000191l_1	560346	3543368	6.32	0	20
ptg000191l_1_region	560346	3543368	6.32	0	20
ptg000193l_1	1088742	6335996	5.82	0	124
ptg000193l_1_region	1088742	6335996	5.82	0	124
ptg000194l_1	343069	1678741	4.89	0	15
ptg000194l_1_region	343069	1678741	4.89	0	15
ptg000196l_1	500977	2949576	5.89	0	15
ptg000196l_1_region	500977	2949576	5.89	0	15
ptg000197l_1	2050182	18105693	8.83	0	28
ptg000197l_1_region	2050182	18105693	8.83	0	28
ptg000198l_1	77175	440635	5.71	0	16
ptg000198l_1_region	77175	440635	5.71	0	16
ptg000199l_1	270854	2451007	9.05	0	24
ptg000199l_1_region	270854	2451007	9.05	0	24
ptg000201l_1	1194432	10333449	8.65	0	27
ptg000201l_1_region	1194432	10333449	8.65	0	27
ptg000202l_1	338903	3541587	10.45	0	49
ptg000202l_1_region	338903	3541587	10.45	0	49
ptg000203l_1	1285271	10627369	8.27	0	25
ptg000203l_1_region	1285271	10627369	8.27	0	25
ptg000204l_1	177711	2425247	13.65	0	136
ptg000204l_1_region	177711	2425247	13.65	0	136
ptg000205l_1	1218044	9482107	7.78	0	22
ptg000205l_1_region	1218044	9482107	7.78	0	22
ptg000210l_1	593359	4112933	6.93	0	25
ptg000210l_1_region	593359	4112933	6.93	0	25
ptg000212l_1	305324	1584816	5.19	0	21
ptg000212l_1_region	305324	1584816	5.19	0	21
ptg000213l_1	242993	1946574	8.01	0	26
ptg000213l_1_region	242993	1946574	8.01	0	26
ptg000216l_1	4834949	39077814	8.08	0	32
ptg000216l_1_region	4834949	39077814	8.08	0	32
ptg000217l_1	1345822	11993630	8.91	0	42
ptg000217l_1_region	1345822	11993630	8.91	0	42
ptg000218l_1	1256994	10619817	8.45	0	23
ptg000218l_1_region	1256994	10619817	8.45	0	23
ptg000219l_1	38657	370634	9.59	0	33
ptg000219l_1_region	38657	370634	9.59	0	33
ptg000220l_1	417906	2608880	6.24	0	29
ptg000220l_1_region	417906	2608880	6.24	0	29
ptg000221l_1	1634945	17634870	10.79	0	171
ptg000221l_1_region	1634945	17634870	10.79	0	171
ptg000224l_1	392325	4676862	11.92	0	73
ptg000224l_1_region	392325	4676862	11.92	0	73
ptg000225l_1	764210	6397463	8.37	0	26
ptg000225l_1_region	764210	6397463	8.37	0	26
ptg000226l_1	3213748	32222585	10.03	0	86
ptg000226l_1_region	3213748	32222585	10.03	0	86
ptg000227l_1	2462771	19675888	7.99	0	30
ptg000227l_1_region	2462771	19675888	7.99	0	30
ptg000228l_1	531801	4326838	8.14	0	26
ptg000228l_1_region	531801	4326838	8.14	0	26
ptg000229l_1	2590128	21834132	8.43	0	40
ptg000229l_1_region	2590128	21834132	8.43	0	40
ptg000230l_1	627622	4543818	7.24	0	21
ptg000230l_1_region	627622	4543818	7.24	0	21
ptg000231l_1	719154	4956850	6.89	0	24
ptg000231l_1_region	719154	4956850	6.89	0	24
ptg000232l_1	993414	12219407	12.30	0	47
ptg000232l_1_region	993414	12219407	12.30	0	47
ptg000233l_1	524192	2892384	5.52	0	27
ptg000233l_1_region	524192	2892384	5.52	0	27
ptg000235l_1	1180006	9923111	8.41	0	46
ptg000235l_1_region	1180006	9923111	8.41	0	46
ptg000236l_1	2007253	17063489	8.50	0	26
ptg000236l_1_region	2007253	17063489	8.50	0	26
ptg000237l_1	1396942	10391687	7.44	0	39
ptg000237l_1_region	1396942	10391687	7.44	0	39
ptg000238l_1	354683	2407289	6.79	0	25
ptg000238l_1_region	354683	2407289	6.79	0	25
ptg000239l_1	963045	9853274	10.23	0	130
ptg000239l_1_region	963045	9853274	10.23	0	130
ptg000240l_1	2143447	16194180	7.56	0	31
ptg000240l_1_region	2143447	16194180	7.56	0	31
ptg000241l_1	3017794	25359935	8.40	0	45
ptg000241l_1_region	3017794	25359935	8.40	0	45
ptg000242l_1	818506	4481446	5.48	0	21
ptg000242l_1_region	818506	4481446	5.48	0	21
ptg000243l_1	263463	1891338	7.18	0	32
ptg000243l_1_region	263463	1891338	7.18	0	32
ptg000244l_1	1152493	10399917	9.02	0	106
ptg000244l_1_region	1152493	10399917	9.02	0	106
ptg000246l_1	823475	5769062	7.01	0	24
ptg000246l_1_region	823475	5769062	7.01	0	24
ptg000247l_1	199791	2846501	14.25	0	51
ptg000247l_1_region	199791	2846501	14.25	0	51
ptg000248l_1	1457400	12399500	8.51	0	24
ptg000248l_1_region	1457400	12399500	8.51	0	24
ptg000250l_1	253398	1828007	7.21	0	20
ptg000250l_1_region	253398	1828007	7.21	0	20
ptg000251l_1	1320901	10814645	8.19	0	24
ptg000251l_1_region	1320901	10814645	8.19	0	24
ptg000252l_1	618470	4210772	6.81	0	22
ptg000252l_1_region	618470	4210772	6.81	0	22
ptg000253l_1	805007	6947184	8.63	0	410
ptg000253l_1_region	805007	6947184	8.63	0	410
ptg000254l_1	1250170	12429664	9.94	0	182
ptg000254l_1_region	1250170	12429664	9.94	0	182
ptg000255l_1	831340	7073465	8.51	0	38
ptg000255l_1_region	831340	7073465	8.51	0	38
ptg000256l_1	1025818	7844147	7.65	0	24
ptg000256l_1_region	1025818	7844147	7.65	0	24
ptg000257l_1	762619	5999262	7.87	0	28
ptg000257l_1_region	762619	5999262	7.87	0	28
ptg000258l_1	1965244	16676268	8.49	0	25
ptg000258l_1_region	1965244	16676268	8.49	0	25
ptg000259l_1	238620	1381877	5.79	0	22
ptg000259l_1_region	238620	1381877	5.79	0	22
ptg000260l_1	415691	2903681	6.99	0	23
ptg000260l_1_region	415691	2903681	6.99	0	23
ptg000261l_1	433214	3487410	8.05	0	21
ptg000261l_1_region	433214	3487410	8.05	0	21
ptg000262l_1	3886901	31295284	8.05	0	30
ptg000262l_1_region	3886901	31295284	8.05	0	30
ptg000264l_1	3169550	26046490	8.22	0	27
ptg000264l_1_region	3169550	26046490	8.22	0	27
ptg000265l_1	1518816	10951537	7.21	0	82
ptg000265l_1_region	1518816	10951537	7.21	0	82
ptg000266l_1	590855	4808865	8.14	0	54
ptg000266l_1_region	590855	4808865	8.14	0	54
ptg000269l_1	969621	8817911	9.09	0	34
ptg000269l_1_region	969621	8817911	9.09	0	34
ptg000270l_1	222292	1493238	6.72	0	19
ptg000270l_1_region	222292	1493238	6.72	0	19
ptg000272l_1	391583	4467794	11.41	0	61
ptg000272l_1_region	391583	4467794	11.41	0	61
ptg000274l_1	159812	1036391	6.49	0	48
ptg000274l_1_region	159812	1036391	6.49	0	48
ptg000275l_1	950644	5899478	6.21	0	23
ptg000275l_1_region	950644	5899478	6.21	0	23
ptg000277l_1	653682	4634264	7.09	0	20
ptg000277l_1_region	653682	4634264	7.09	0	20
ptg000278l_1	1146462	7937850	6.92	0	44
ptg000278l_1_region	1146462	7937850	6.92	0	44
ptg000280l_1	1112809	6704353	6.02	0	35
ptg000280l_1_region	1112809	6704353	6.02	0	35
ptg000281l_1	204536	1204521	5.89	0	16
ptg000281l_1_region	204536	1204521	5.89	0	16
ptg000282l_1	962993	11594512	12.04	0	62
ptg000282l_1_region	962993	11594512	12.04	0	62
ptg000286l_1	499241	3303156	6.62	0	24
ptg000286l_1_region	499241	3303156	6.62	0	24
ptg000287l_1	486252	3003649	6.18	0	21
ptg000287l_1_region	486252	3003649	6.18	0	21
ptg000288l_1	781569	5967028	7.63	0	23
ptg000288l_1_region	781569	5967028	7.63	0	23
ptg000289l_1	402491	4027244	10.01	0	29
ptg000289l_1_region	402491	4027244	10.01	0	29
ptg000290l_1	230781	1743895	7.56	0	20
ptg000290l_1_region	230781	1743895	7.56	0	20
ptg000291l_1	449828	3627650	8.06	0	24
ptg000291l_1_region	449828	3627650	8.06	0	24
ptg000292l_1	290188	1914146	6.60	0	23
ptg000292l_1_region	290188	1914146	6.60	0	23
ptg000293l_1	3251132	29294241	9.01	0	46
ptg000293l_1_region	3251132	29294241	9.01	0	46
ptg000294l_1	456701	2491323	5.46	0	29
ptg000294l_1_region	456701	2491323	5.46	0	29
ptg000295l_1	390530	1375686	3.52	0	24
ptg000295l_1_region	390530	1375686	3.52	0	24
ptg000298l_1	539519	4572264	8.47	0	20
ptg000298l_1_region	539519	4572264	8.47	0	20
ptg000299l_1	2667197	24728647	9.27	0	43
ptg000299l_1_region	2667197	24728647	9.27	0	43
ptg000300l_1	477177	4180026	8.76	0	30
ptg000300l_1_region	477177	4180026	8.76	0	30
ptg000301l_1	2056047	16736049	8.14	0	23
ptg000301l_1_region	2056047	16736049	8.14	0	23
ptg000302l_1	272914	1049944	3.85	0	12
ptg000302l_1_region	272914	1049944	3.85	0	12
ptg000303l_1	814266	12044008	14.79	0	140
ptg000303l_1_region	814266	12044008	14.79	0	140
ptg000305l_1	2359397	19563945	8.29	0	30
ptg000305l_1_region	2359397	19563945	8.29	0	30
ptg000306l_1	875252	7174702	8.20	0	27
ptg000306l_1_region	875252	7174702	8.20	0	27
ptg000308l_1	3281943	26465487	8.06	0	24
ptg000308l_1_region	3281943	26465487	8.06	0	24
ptg000309l_1	2550652	20379235	7.99	0	26
ptg000309l_1_region	2550652	20379235	7.99	0	26
ptg000310l_1	1232748	11204591	9.09	0	33
ptg000310l_1_region	1232748	11204591	9.09	0	33
ptg000311l_1	361223	3038183	8.41	0	22
ptg000311l_1_region	361223	3038183	8.41	0	22
ptg000312l_1	514372	3576477	6.95	0	23
ptg000312l_1_region	514372	3576477	6.95	0	23
ptg000313l_1	1596209	12443014	7.80	0	27
ptg000313l_1_region	1596209	12443014	7.80	0	27
ptg000314l_1	1727544	14173082	8.20	0	42
ptg000314l_1_region	1727544	14173082	8.20	0	42
ptg000316l_1	2678725	22993138	8.58	0	24
ptg000316l_1_region	2678725	22993138	8.58	0	24
ptg000318l_1	1089565	9920614	9.11	0	31
ptg000318l_1_region	1089565	9920614	9.11	0	31
ptg000319l_1	1884544	14844530	7.88	0	31
ptg000319l_1_region	1884544	14844530	7.88	0	31
ptg000321l_1	310073	3249405	10.48	0	1245
ptg000321l_1_region	310073	3249405	10.48	0	1245
ptg000323l_1	8967193	81402596	9.08	0	106
ptg000323l_1_region	8967193	81402596	9.08	0	106
ptg000324l_1	1116591	7467758	6.69	0	28
ptg000324l_1_region	1116591	7467758	6.69	0	28
ptg000325l_1	2509470	27011809	10.76	0	183
ptg000325l_1_region	2509470	27011809	10.76	0	183
ptg000326l_1	768526	5604948	7.29	0	22
ptg000326l_1_region	768526	5604948	7.29	0	22
ptg000327l_1	622577	3797465	6.10	0	17
ptg000327l_1_region	622577	3797465	6.10	0	17
ptg000329l_1	294202	2121033	7.21	0	19
ptg000329l_1_region	294202	2121033	7.21	0	19
ptg000330l_1	119827	869422	7.26	0	22
ptg000330l_1_region	119827	869422	7.26	0	22
ptg000331l_1	1232275	9358598	7.59	0	33
ptg000331l_1_region	1232275	9358598	7.59	0	33
ptg000332l_1	634585	5658049	8.92	0	28
ptg000332l_1_region	634585	5658049	8.92	0	28
ptg000333l_1	209017	1408569	6.74	0	19
ptg000333l_1_region	209017	1408569	6.74	0	19
ptg000334l_1	1677475	14733905	8.78	0	38
ptg000334l_1_region	1677475	14733905	8.78	0	38
ptg000337l_1	685269	5864354	8.56	0	22
ptg000337l_1_region	685269	5864354	8.56	0	22
ptg000339l_1	611204	2987662	4.89	0	20
ptg000339l_1_region	611204	2987662	4.89	0	20
ptg000340l_1	540027	3682976	6.82	0	23
ptg000340l_1_region	540027	3682976	6.82	0	23
ptg000341l_1	2294078	17980326	7.84	0	24
ptg000341l_1_region	2294078	17980326	7.84	0	24
ptg000342l_1	3083261	27703669	8.99	0	31
ptg000342l_1_region	3083261	27703669	8.99	0	31
ptg000343l_1	1546982	11862563	7.67	0	29
ptg000343l_1_region	1546982	11862563	7.67	0	29
ptg000344l_1	1883224	19091662	10.14	0	38
ptg000344l_1_region	1883224	19091662	10.14	0	38
ptg000345l_1	1354131	14739340	10.88	0	40
ptg000345l_1_region	1354131	14739340	10.88	0	40
ptg000346l_1	1504801	11180096	7.43	0	32
ptg000346l_1_region	1504801	11180096	7.43	0	32
ptg000347l_1	571508	4396964	7.69	0	27
ptg000347l_1_region	571508	4396964	7.69	0	27
ptg000348l_1	2604201	22808988	8.76	0	59
ptg000348l_1_region	2604201	22808988	8.76	0	59
ptg000350l_1	1458664	12625319	8.66	0	26
ptg000350l_1_region	1458664	12625319	8.66	0	26
ptg000351l_1	2121138	17380234	8.19	0	23
ptg000351l_1_region	2121138	17380234	8.19	0	23
ptg000352l_1	4132784	32601876	7.89	0	42
ptg000352l_1_region	4132784	32601876	7.89	0	42
ptg000353l_1	25168	218125	8.67	0	17
ptg000353l_1_region	25168	218125	8.67	0	17
ptg000354l_1	739641	5145646	6.96	0	18
ptg000354l_1_region	739641	5145646	6.96	0	18
ptg000355l_1	414555	2585418	6.24	0	17
ptg000355l_1_region	414555	2585418	6.24	0	17
ptg000356l_1	1038532	8926110	8.59	0	33
ptg000356l_1_region	1038532	8926110	8.59	0	33
ptg000357l_1	2366393	20031226	8.46	0	28
ptg000357l_1_region	2366393	20031226	8.46	0	28
ptg000358l_1	942933	8016499	8.50	0	26
ptg000358l_1_region	942933	8016499	8.50	0	26
ptg000359l_1	2985143	24516566	8.21	0	23
ptg000359l_1_region	2985143	24516566	8.21	0	23
ptg000360l_1	474348	4071408	8.58	0	27
ptg000360l_1_region	474348	4071408	8.58	0	27
ptg000362l_1	268720	1451358	5.40	0	25
ptg000362l_1_region	268720	1451358	5.40	0	25
ptg000363l_1	694316	5759975	8.30	0	22
ptg000363l_1_region	694316	5759975	8.30	0	22
ptg000365l_1	321059	2772016	8.63	0	50
ptg000365l_1_region	321059	2772016	8.63	0	50
ptg000367l_1	523150	4166748	7.96	0	29
ptg000367l_1_region	523150	4166748	7.96	0	29
ptg000368l_1	562401	6771504	12.04	0	163
ptg000368l_1_region	562401	6771504	12.04	0	163
ptg000369l_1	401180	2719801	6.78	0	21
ptg000369l_1_region	401180	2719801	6.78	0	21
ptg000370l_1	474037	2980442	6.29	0	18
ptg000370l_1_region	474037	2980442	6.29	0	18
ptg000371l_1	600329	4718693	7.86	0	34
ptg000371l_1_region	600329	4718693	7.86	0	34
ptg000372l_1	548139	3806587	6.94	0	20
ptg000372l_1_region	548139	3806587	6.94	0	20
ptg000373l_1	358228	2008311	5.61	0	58
ptg000373l_1_region	358228	2008311	5.61	0	58
ptg000374l_1	1066200	8288655	7.77	0	22
ptg000374l_1_region	1066200	8288655	7.77	0	22
ptg000375l_1	1110066	8684057	7.82	0	25
ptg000375l_1_region	1110066	8684057	7.82	0	25
ptg000376l_1	356606	5023499	14.09	0	111
ptg000376l_1_region	356606	5023499	14.09	0	111
ptg000377l_1	574665	3785905	6.59	0	26
ptg000377l_1_region	574665	3785905	6.59	0	26
ptg000378l_1	591556	2926603	4.95	0	17
ptg000378l_1_region	591556	2926603	4.95	0	17
ptg000379l_1	2152800	18006010	8.36	0	52
ptg000379l_1_region	2152800	18006010	8.36	0	52
ptg000380l_1	2197228	19979427	9.09	0	25
ptg000380l_1_region	2197228	19979427	9.09	0	25
ptg000381l_1	384534	3180081	8.27	0	23
ptg000381l_1_region	384534	3180081	8.27	0	23
ptg000382l_1	500266	5338393	10.67	0	189
ptg000382l_1_region	500266	5338393	10.67	0	189
ptg000383l_1	1446788	11901271	8.23	0	25
ptg000383l_1_region	1446788	11901271	8.23	0	25
ptg000384l_1	1123934	10350001	9.21	0	52
ptg000384l_1_region	1123934	10350001	9.21	0	52
ptg000386l_1	358904	2029100	5.65	0	17
ptg000386l_1_region	358904	2029100	5.65	0	17
ptg000387l_1	1740554	13179829	7.57	0	33
ptg000387l_1_region	1740554	13179829	7.57	0	33
ptg000390l_1	830920	5919202	7.12	0	23
ptg000390l_1_region	830920	5919202	7.12	0	23
ptg000391l_1	970098	7491895	7.72	0	21
ptg000391l_1_region	970098	7491895	7.72	0	21
ptg000392l_1	1613523	12744162	7.90	0	21
ptg000392l_1_region	1613523	12744162	7.90	0	21
ptg000393l_1	4280767	44929058	10.50	0	52
ptg000393l_1_region	4280767	44929058	10.50	0	52
ptg000394l_1	315771	2126112	6.73	0	21
ptg000394l_1_region	315771	2126112	6.73	0	21
ptg000396l_1	434050	4344327	10.01	0	42
ptg000396l_1_region	434050	4344327	10.01	0	42
ptg000400l_1	340659	2804923	8.23	0	26
ptg000400l_1_region	340659	2804923	8.23	0	26
ptg000401l_1	72594	418305	5.76	0	20
ptg000401l_1_region	72594	418305	5.76	0	20
ptg000403l_1	325183	2574275	7.92	0	23
ptg000403l_1_region	325183	2574275	7.92	0	23
ptg000405l_1	843638	7065207	8.37	0	39
ptg000405l_1_region	843638	7065207	8.37	0	39
ptg000407l_1	89024	381580	4.29	0	14
ptg000407l_1_region	89024	381580	4.29	0	14
ptg000408l_1	232480	1539608	6.62	0	30
ptg000408l_1_region	232480	1539608	6.62	0	30
ptg000409l_1	1123295	8166862	7.27	0	26
ptg000409l_1_region	1123295	8166862	7.27	0	26
ptg000411l_1	2151730	17143465	7.97	0	35
ptg000411l_1_region	2151730	17143465	7.97	0	35
ptg000412l_1	1672315	15743711	9.41	0	54
ptg000412l_1_region	1672315	15743711	9.41	0	54
ptg000413l_1	2926011	24132836	8.25	0	27
ptg000413l_1_region	2926011	24132836	8.25	0	27
ptg000414l_1	471117	4030168	8.55	0	60
ptg000414l_1_region	471117	4030168	8.55	0	60
ptg000415l_1	112865	801686	7.10	0	19
ptg000415l_1_region	112865	801686	7.10	0	19
ptg000416l_1	2301216	31804720	13.82	0	219
ptg000416l_1_region	2301216	31804720	13.82	0	219
ptg000417l_1	2170585	19194677	8.84	0	26
ptg000417l_1_region	2170585	19194677	8.84	0	26
ptg000419l_1	185857	770547	4.15	0	20
ptg000419l_1_region	185857	770547	4.15	0	20
ptg000421l_1	1395556	12291443	8.81	0	31
ptg000421l_1_region	1395556	12291443	8.81	0	31
ptg000423l_1	483750	3201501	6.62	0	27
ptg000423l_1_region	483750	3201501	6.62	0	27
ptg000424l_1	837743	6990066	8.34	0	25
ptg000424l_1_region	837743	6990066	8.34	0	25
ptg000425l_1	1412001	11188379	7.92	0	44
ptg000425l_1_region	1412001	11188379	7.92	0	44
ptg000426l_1	975854	8067667	8.27	0	23
ptg000426l_1_region	975854	8067667	8.27	0	23
ptg000427l_1	301169	1686228	5.60	0	17
ptg000427l_1_region	301169	1686228	5.60	0	17
ptg000429l_1	840762	5610083	6.67	0	23
ptg000429l_1_region	840762	5610083	6.67	0	23
ptg000430l_1	1069760	14856102	13.89	0	82
ptg000430l_1_region	1069760	14856102	13.89	0	82
ptg000432l_1	2220086	16769884	7.55	0	30
ptg000432l_1_region	2220086	16769884	7.55	0	30
ptg000435l_1	399665	4059703	10.16	0	1110
ptg000435l_1_region	399665	4059703	10.16	0	1110
ptg000437l_1	620369	4647678	7.49	0	39
ptg000437l_1_region	620369	4647678	7.49	0	39
ptg000438l_1	309085	2910586	9.42	0	45
ptg000438l_1_region	309085	2910586	9.42	0	45
ptg000440l_1	2188228	18412493	8.41	0	28
ptg000440l_1_region	2188228	18412493	8.41	0	28
ptg000441l_1	377628	4448370	11.78	0	28
ptg000441l_1_region	377628	4448370	11.78	0	28
ptg000442l_1	1396222	12269902	8.79	0	27
ptg000442l_1_region	1396222	12269902	8.79	0	27
ptg000443l_1	1443545	11477093	7.95	0	38
ptg000443l_1_region	1443545	11477093	7.95	0	38
ptg000444l_1	46344	287155	6.20	0	15
ptg000444l_1_region	46344	287155	6.20	0	15
ptg000445l_1	1433481	12714772	8.87	0	42
ptg000445l_1_region	1433481	12714772	8.87	0	42
ptg000447l_1	668667	5485252	8.20	0	25
ptg000447l_1_region	668667	5485252	8.20	0	25
ptg000449l_1	65295	554828	8.50	0	17
ptg000449l_1_region	65295	554828	8.50	0	17
ptg000450l_1	2816483	25127207	8.92	0	32
ptg000450l_1_region	2816483	25127207	8.92	0	32
ptg000451l_1	325896	2094347	6.43	0	36
ptg000451l_1_region	325896	2094347	6.43	0	36
ptg000452l_1	564308	4404837	7.81	0	20
ptg000452l_1_region	564308	4404837	7.81	0	20
ptg000455l_1	251112	1441133	5.74	0	17
ptg000455l_1_region	251112	1441133	5.74	0	17
ptg000456l_1	953355	8955789	9.39	0	54
ptg000456l_1_region	953355	8955789	9.39	0	54
ptg000457l_1	684304	3609001	5.27	0	19
ptg000457l_1_region	684304	3609001	5.27	0	19
ptg000458l_1	771840	7256071	9.40	0	27
ptg000458l_1_region	771840	7256071	9.40	0	27
ptg000460l_1	660259	4976392	7.54	0	24
ptg000460l_1_region	660259	4976392	7.54	0	24
ptg000462l_1	1620949	12691982	7.83	0	25
ptg000462l_1_region	1620949	12691982	7.83	0	25
ptg000463l_1	1882288	17066312	9.07	0	27
ptg000463l_1_region	1882288	17066312	9.07	0	27
ptg000464l_1	2153826	19942012	9.26	0	34
ptg000464l_1_region	2153826	19942012	9.26	0	34
ptg000465l_1	849224	6668027	7.85	0	21
ptg000465l_1_region	849224	6668027	7.85	0	21
ptg000466l_1	2219757	20403755	9.19	0	30
ptg000466l_1_region	2219757	20403755	9.19	0	30
ptg000467l_1	872991	6358422	7.28	0	30
ptg000467l_1_region	872991	6358422	7.28	0	30
ptg000468l_1	1091705	6879206	6.30	0	25
ptg000468l_1_region	1091705	6879206	6.30	0	25
ptg000469l_1	578878	3611594	6.24	0	21
ptg000469l_1_region	578878	3611594	6.24	0	21
ptg000470l_1	1651697	14174601	8.58	0	31
ptg000470l_1_region	1651697	14174601	8.58	0	31
ptg000471l_1	455563	3346165	7.35	0	22
ptg000471l_1_region	455563	3346165	7.35	0	22
ptg000473l_1	1398955	11211478	8.01	0	26
ptg000473l_1_region	1398955	11211478	8.01	0	26
ptg000475l_1	1519663	11992380	7.89	0	25
ptg000475l_1_region	1519663	11992380	7.89	0	25
ptg000476l_1	291869	1914228	6.56	0	20
ptg000476l_1_region	291869	1914228	6.56	0	20
ptg000477l_1	573297	5824100	10.16	0	184
ptg000477l_1_region	573297	5824100	10.16	0	184
ptg000478l_1	768421	5903506	7.68	0	26
ptg000478l_1_region	768421	5903506	7.68	0	26
ptg000479l_1	575720	4266511	7.41	0	27
ptg000479l_1_region	575720	4266511	7.41	0	27
ptg000480l_1	3406111	29144876	8.56	0	34
ptg000480l_1_region	3406111	29144876	8.56	0	34
ptg000481l_1	327147	1605057	4.91	0	25
ptg000481l_1_region	327147	1605057	4.91	0	25
ptg000482l_1	158386	940068	5.94	0	15
ptg000482l_1_region	158386	940068	5.94	0	15
ptg000483l_1	183520	1282583	6.99	0	17
ptg000483l_1_region	183520	1282583	6.99	0	17
ptg000484l_1	1056104	6618073	6.27	0	37
ptg000484l_1_region	1056104	6618073	6.27	0	37
ptg000486l_1	868723	5854041	6.74	0	30
ptg000486l_1_region	868723	5854041	6.74	0	30
ptg000487l_1	304518	1553248	5.10	0	13
ptg000487l_1_region	304518	1553248	5.10	0	13
ptg000488l_1	1912184	15399966	8.05	0	62
ptg000488l_1_region	1912184	15399966	8.05	0	62
ptg000489l_1	692672	5411177	7.81	0	27
ptg000489l_1_region	692672	5411177	7.81	0	27
ptg000490l_1	2899813	23120885	7.97	0	25
ptg000490l_1_region	2899813	23120885	7.97	0	25
ptg000491l_1	416339	2658596	6.39	0	34
ptg000491l_1_region	416339	2658596	6.39	0	34
ptg000492l_1	1926682	16080491	8.35	0	30
ptg000492l_1_region	1926682	16080491	8.35	0	30
ptg000493l_1	652419	5092532	7.81	0	22
ptg000493l_1_region	652419	5092532	7.81	0	22
ptg000494l_1	608981	4305357	7.07	0	37
ptg000494l_1_region	608981	4305357	7.07	0	37
ptg000495l_1	1679912	13935191	8.30	0	23
ptg000495l_1_region	1679912	13935191	8.30	0	23
ptg000496l_1	399658	3761427	9.41	0	25
ptg000496l_1_region	399658	3761427	9.41	0	25
ptg000497l_1	3468551	37672192	10.86	0	142
ptg000497l_1_region	3468551	37672192	10.86	0	142
ptg000500l_1	327245	2608710	7.97	0	21
ptg000500l_1_region	327245	2608710	7.97	0	21
ptg000501l_1	1549425	12396715	8.00	0	21
ptg000501l_1_region	1549425	12396715	8.00	0	21
ptg000502l_1	1385233	10588647	7.64	0	21
ptg000502l_1_region	1385233	10588647	7.64	0	21
ptg000503l_1	714599	4691005	6.56	0	29
ptg000503l_1_region	714599	4691005	6.56	0	29
ptg000504l_1	733757	5615676	7.65	0	23
ptg000504l_1_region	733757	5615676	7.65	0	23
ptg000508l_1	3011522	32908789	10.93	0	985
ptg000508l_1_region	3011522	32908789	10.93	0	985
ptg000510l_1	163799	447302	2.73	0	23
ptg000510l_1_region	163799	447302	2.73	0	23
ptg000511l_1	373665	4528684	12.12	0	28
ptg000511l_1_region	373665	4528684	12.12	0	28
ptg000512l_1	578902	3568554	6.16	0	22
ptg000512l_1_region	578902	3568554	6.16	0	22
ptg000513l_1	1554242	11987769	7.71	0	23
ptg000513l_1_region	1554242	11987769	7.71	0	23
ptg000514l_1	321176	2025924	6.31	0	18
ptg000514l_1_region	321176	2025924	6.31	0	18
ptg000515l_1	781057	5001017	6.40	0	23
ptg000515l_1_region	781057	5001017	6.40	0	23
ptg000517l_1	1589349	14070185	8.85	0	25
ptg000517l_1_region	1589349	14070185	8.85	0	25
ptg000518l_1	81132	420111	5.18	0	12
ptg000518l_1_region	81132	420111	5.18	0	12
ptg000519l_1	1250110	10719360	8.57	0	33
ptg000519l_1_region	1250110	10719360	8.57	0	33
ptg000522l_1	1026832	9099266	8.86	0	36
ptg000522l_1_region	1026832	9099266	8.86	0	36
ptg000523l_1	1275465	9073312	7.11	0	21
ptg000523l_1_region	1275465	9073312	7.11	0	21
ptg000524l_1	3313725	26833339	8.10	0	34
ptg000524l_1_region	3313725	26833339	8.10	0	34
ptg000525l_1	397977	2632045	6.61	0	17
ptg000525l_1_region	397977	2632045	6.61	0	17
ptg000526l_1	867273	6746478	7.78	0	23
ptg000526l_1_region	867273	6746478	7.78	0	23
ptg000527l_1	1671493	14605187	8.74	0	29
ptg000527l_1_region	1671493	14605187	8.74	0	29
ptg000530l_1	374841	3648327	9.73	0	37
ptg000530l_1_region	374841	3648327	9.73	0	37
ptg000531l_1	462119	5376959	11.64	0	31
ptg000531l_1_region	462119	5376959	11.64	0	31
ptg000532l_1	1318765	11686564	8.86	0	23
ptg000532l_1_region	1318765	11686564	8.86	0	23
ptg000533l_1	764850	5989730	7.83	0	27
ptg000533l_1_region	764850	5989730	7.83	0	27
ptg000535l_1	64390	378007	5.87	0	16
ptg000535l_1_region	64390	378007	5.87	0	16
ptg000536l_1	620088	7104849	11.46	0	201
ptg000536l_1_region	620088	7104849	11.46	0	201
ptg000537l_1	4048955	40996355	10.13	0	84
ptg000537l_1_region	4048955	40996355	10.13	0	84
ptg000538l_1	799690	6316825	7.90	0	25
ptg000538l_1_region	799690	6316825	7.90	0	25
ptg000539l_1	1061014	8271446	7.80	0	22
ptg000539l_1_region	1061014	8271446	7.80	0	22
ptg000541l_1	1972057	14934169	7.57	0	29
ptg000541l_1_region	1972057	14934169	7.57	0	29
ptg000542l_1	1102076	8959439	8.13	0	22
ptg000542l_1_region	1102076	8959439	8.13	0	22
ptg000546l_1	485089	4041913	8.33	0	28
ptg000546l_1_region	485089	4041913	8.33	0	28
ptg000547l_1	548270	3883512	7.08	0	34
ptg000547l_1_region	548270	3883512	7.08	0	34
ptg000549l_1	240800	1607035	6.67	0	20
ptg000549l_1_region	240800	1607035	6.67	0	20
ptg000550l_1	2467494	20938253	8.49	0	33
ptg000550l_1_region	2467494	20938253	8.49	0	33
ptg000552l_1	235000	1512860	6.44	0	47
ptg000552l_1_region	235000	1512860	6.44	0	47
ptg000553l_1	1024301	7810538	7.63	0	22
ptg000553l_1_region	1024301	7810538	7.63	0	22
ptg000555l_1	107715	311655	2.89	0	13
ptg000555l_1_region	107715	311655	2.89	0	13
ptg000556l_1	1307081	10153323	7.77	0	24
ptg000556l_1_region	1307081	10153323	7.77	0	24
ptg000557l_1	361549	2740768	7.58	0	24
ptg000557l_1_region	361549	2740768	7.58	0	24
ptg000558l_1	589764	4761444	8.07	0	24
ptg000558l_1_region	589764	4761444	8.07	0	24
ptg000559l_1	588957	2137247	3.63	0	38
ptg000559l_1_region	588957	2137247	3.63	0	38
ptg000560l_1	267228	1868095	6.99	0	28
ptg000560l_1_region	267228	1868095	6.99	0	28
ptg000561l_1	952395	5415522	5.69	0	18
ptg000561l_1_region	952395	5415522	5.69	0	18
ptg000562l_1	800306	6645025	8.30	0	28
ptg000562l_1_region	800306	6645025	8.30	0	28
ptg000563l_1	294973	2531311	8.58	0	79
ptg000563l_1_region	294973	2531311	8.58	0	79
ptg000565l_1	363321	2212284	6.09	0	22
ptg000565l_1_region	363321	2212284	6.09	0	22
ptg000566l_1	2027837	17959260	8.86	0	31
ptg000566l_1_region	2027837	17959260	8.86	0	31
ptg000567l_1	687027	5479253	7.98	0	29
ptg000567l_1_region	687027	5479253	7.98	0	29
ptg000568l_1	2368250	16867362	7.12	0	22
ptg000568l_1_region	2368250	16867362	7.12	0	22
ptg000570l_1	329243	1881482	5.71	0	21
ptg000570l_1_region	329243	1881482	5.71	0	21
ptg000571l_1	351161	1599813	4.56	0	23
ptg000571l_1_region	351161	1599813	4.56	0	23
ptg000572l_1	1585143	19525472	12.32	0	62
ptg000572l_1_region	1585143	19525472	12.32	0	62
ptg000573l_1	889980	5039461	5.66	0	22
ptg000573l_1_region	889980	5039461	5.66	0	22
ptg000575l_1	746584	6027750	8.07	0	23
ptg000575l_1_region	746584	6027750	8.07	0	23
ptg000576l_1	729281	6638461	9.10	0	34
ptg000576l_1_region	729281	6638461	9.10	0	34
ptg000577l_1	224336	1006772	4.49	0	13
ptg000577l_1_region	224336	1006772	4.49	0	13
ptg000580l_1	753345	6832448	9.07	0	71
ptg000580l_1_region	753345	6832448	9.07	0	71
ptg000582l_1	2369000	36096742	15.24	0	418
ptg000582l_1_region	2369000	36096742	15.24	0	418
ptg000583l_1	753589	5889267	7.81	0	22
ptg000583l_1_region	753589	5889267	7.81	0	22
ptg000585l_1	129123	825247	6.39	0	14
ptg000585l_1_region	129123	825247	6.39	0	14
ptg000586l_1	2478326	21344646	8.61	0	30
ptg000586l_1_region	2478326	21344646	8.61	0	30
ptg000587l_1	1213881	10343532	8.52	0	40
ptg000587l_1_region	1213881	10343532	8.52	0	40
ptg000589l_1	377213	4600978	12.20	0	93
ptg000589l_1_region	377213	4600978	12.20	0	93
ptg000590l_1	1064898	7750215	7.28	0	31
ptg000590l_1_region	1064898	7750215	7.28	0	31
ptg000591l_1	1003195	7455069	7.43	0	31
ptg000591l_1_region	1003195	7455069	7.43	0	31
ptg000593l_1	303530	2267007	7.47	0	24
ptg000593l_1_region	303530	2267007	7.47	0	24
ptg000594l_1	264734	2210364	8.35	0	21
ptg000594l_1_region	264734	2210364	8.35	0	21
ptg000595l_1	176579	1359949	7.70	0	27
ptg000595l_1_region	176579	1359949	7.70	0	27
ptg000596l_1	992602	7328793	7.38	0	35
ptg000596l_1_region	992602	7328793	7.38	0	35
ptg000598l_1	1580660	12843107	8.13	0	73
ptg000598l_1_region	1580660	12843107	8.13	0	73
ptg000599l_1	1251574	11052058	8.83	0	21
ptg000599l_1_region	1251574	11052058	8.83	0	21
ptg000600l_1	3356339	28221272	8.41	0	38
ptg000600l_1_region	3356339	28221272	8.41	0	38
ptg000601l_1	961864	7168410	7.45	0	21
ptg000601l_1_region	961864	7168410	7.45	0	21
ptg000602l_1	694930	1854350	2.67	0	158
ptg000602l_1_region	694930	1854350	2.67	0	158
ptg000603l_1	132727	886672	6.68	0	24
ptg000603l_1_region	132727	886672	6.68	0	24
ptg000605l_1	439078	3150452	7.18	0	16
ptg000605l_1_region	439078	3150452	7.18	0	16
ptg000606l_1	806643	6646904	8.24	0	156
ptg000606l_1_region	806643	6646904	8.24	0	156
ptg000607l_1	749723	6569199	8.76	0	45
ptg000607l_1_region	749723	6569199	8.76	0	45
ptg000609l_1	1199116	9014036	7.52	0	24
ptg000609l_1_region	1199116	9014036	7.52	0	24
ptg000610l_1	2985489	23574711	7.90	0	44
ptg000610l_1_region	2985489	23574711	7.90	0	44
ptg000611l_1	1604871	13725596	8.55	0	54
ptg000611l_1_region	1604871	13725596	8.55	0	54
ptg000612l_1	356378	2649901	7.44	0	23
ptg000612l_1_region	356378	2649901	7.44	0	23
ptg000613l_1	918624	6517769	7.10	0	24
ptg000613l_1_region	918624	6517769	7.10	0	24
ptg000615l_1	1189371	7103844	5.97	0	24
ptg000615l_1_region	1189371	7103844	5.97	0	24
ptg000617l_1	2321995	41637587	17.93	0	82
ptg000617l_1_region	2321995	41637587	17.93	0	82
ptg000618l_1	3188169	31791094	9.97	0	67
ptg000618l_1_region	3188169	31791094	9.97	0	67
ptg000619l_1	436883	6711011	15.36	0	95
ptg000619l_1_region	436883	6711011	15.36	0	95
ptg000621l_1	152067	723327	4.76	0	19
ptg000621l_1_region	152067	723327	4.76	0	19
ptg000624l_1	426888	3791284	8.88	0	28
ptg000624l_1_region	426888	3791284	8.88	0	28
ptg000626l_1	603462	4975942	8.25	0	39
ptg000626l_1_region	603462	4975942	8.25	0	39
ptg000627l_1	319761	2924927	9.15	0	20
ptg000627l_1_region	319761	2924927	9.15	0	20
ptg000628l_1	671813	5772668	8.59	0	40
ptg000628l_1_region	671813	5772668	8.59	0	40
ptg000629l_1	1175554	9770255	8.31	0	92
ptg000629l_1_region	1175554	9770255	8.31	0	92
ptg000630l_1	1002428	7817851	7.80	0	45
ptg000630l_1_region	1002428	7817851	7.80	0	45
ptg000632l_1	421251	2446128	5.81	0	42
ptg000632l_1_region	421251	2446128	5.81	0	42
ptg000633l_1	332334	2249724	6.77	0	17
ptg000633l_1_region	332334	2249724	6.77	0	17
ptg000634l_1	446096	2763926	6.20	0	18
ptg000634l_1_region	446096	2763926	6.20	0	18
ptg000635l_1	3740034	32313321	8.64	0	30
ptg000635l_1_region	3740034	32313321	8.64	0	30
ptg000637l_1	396109	3294646	8.32	0	27
ptg000637l_1_region	396109	3294646	8.32	0	27
ptg000638l_1	377313	2727220	7.23	0	23
ptg000638l_1_region	377313	2727220	7.23	0	23
ptg000639l_1	2344366	19969207	8.52	0	37
ptg000639l_1_region	2344366	19969207	8.52	0	37
ptg000640l_1	125848	471883	3.75	0	28
ptg000640l_1_region	125848	471883	3.75	0	28
ptg000641l_1	1035364	8398990	8.11	0	68
ptg000641l_1_region	1035364	8398990	8.11	0	68
ptg000644l_1	2126718	17497785	8.23	0	50
ptg000644l_1_region	2126718	17497785	8.23	0	50
ptg000645l_1	1045360	16007657	15.31	0	248
ptg000645l_1_region	1045360	16007657	15.31	0	248
ptg000646l_1	439230	2730511	6.22	0	23
ptg000646l_1_region	439230	2730511	6.22	0	23
ptg000647l_1	1193044	8869900	7.43	0	36
ptg000647l_1_region	1193044	8869900	7.43	0	36
ptg000648l_1	148357	1095848	7.39	0	20
ptg000648l_1_region	148357	1095848	7.39	0	20
ptg000650l_1	34421	205991	5.98	0	11
ptg000650l_1_region	34421	205991	5.98	0	11
ptg000651l_1	829122	6738477	8.13	0	25
ptg000651l_1_region	829122	6738477	8.13	0	25
ptg000652l_1	991866	6654005	6.71	0	20
ptg000652l_1_region	991866	6654005	6.71	0	20
ptg000655l_1	142095	1237759	8.71	0	68
ptg000655l_1_region	142095	1237759	8.71	0	68
ptg000656l_1	150606	661780	4.39	0	19
ptg000656l_1_region	150606	661780	4.39	0	19
ptg000657l_1	2957484	25767336	8.71	0	26
ptg000657l_1_region	2957484	25767336	8.71	0	26
ptg000658l_1	506851	2843914	5.61	0	26
ptg000658l_1_region	506851	2843914	5.61	0	26
ptg000659l_1	2022867	17807352	8.80	0	21
ptg000659l_1_region	2022867	17807352	8.80	0	21
ptg000660l_1	1271816	9614551	7.56	0	59
ptg000660l_1_region	1271816	9614551	7.56	0	59
ptg000661l_1	738753	7166586	9.70	0	60
ptg000661l_1_region	738753	7166586	9.70	0	60
ptg000663l_1	1415908	12361843	8.73	0	25
ptg000663l_1_region	1415908	12361843	8.73	0	25
ptg000665l_1	1685505	14282071	8.47	0	62
ptg000665l_1_region	1685505	14282071	8.47	0	62
ptg000666l_1	1261670	7132814	5.65	0	63
ptg000666l_1_region	1261670	7132814	5.65	0	63
ptg000667l_1	65612	794006	12.10	0	39
ptg000667l_1_region	65612	794006	12.10	0	39
ptg000668l_1	700432	6675008	9.53	0	34
ptg000668l_1_region	700432	6675008	9.53	0	34
ptg000669l_1	855301	7850168	9.18	0	34
ptg000669l_1_region	855301	7850168	9.18	0	34
ptg000670l_1	996161	7099765	7.13	0	23
ptg000670l_1_region	996161	7099765	7.13	0	23
ptg000671l_1	41821	230353	5.51	0	11
ptg000671l_1_region	41821	230353	5.51	0	11
ptg000673l_1	1124520	9690506	8.62	0	21
ptg000673l_1_region	1124520	9690506	8.62	0	21
ptg000674l_1	1828309	12198227	6.67	0	84
ptg000674l_1_region	1828309	12198227	6.67	0	84
ptg000675l_1	616583	4764078	7.73	0	30
ptg000675l_1_region	616583	4764078	7.73	0	30
ptg000676l_1	372240	2035589	5.47	0	25
ptg000676l_1_region	372240	2035589	5.47	0	25
ptg000677l_1	489347	4508221	9.21	0	41
ptg000677l_1_region	489347	4508221	9.21	0	41
ptg000678l_1	407961	3087904	7.57	0	20
ptg000678l_1_region	407961	3087904	7.57	0	20
ptg000679l_1	2499628	18703189	7.48	0	34
ptg000679l_1_region	2499628	18703189	7.48	0	34
ptg000680l_1	564556	4278958	7.58	0	26
ptg000680l_1_region	564556	4278958	7.58	0	26
ptg000681l_1	575848	4714963	8.19	0	34
ptg000681l_1_region	575848	4714963	8.19	0	34
ptg000682l_1	541758	4414324	8.15	0	22
ptg000682l_1_region	541758	4414324	8.15	0	22
ptg000683l_1	473133	7382171	15.60	0	35
ptg000683l_1_region	473133	7382171	15.60	0	35
ptg000684l_1	1006819	3221271	3.20	0	249
ptg000684l_1_region	1006819	3221271	3.20	0	249
ptg000685l_1	775898	5514276	7.11	0	20
ptg000685l_1_region	775898	5514276	7.11	0	20
ptg000686l_1	263473	1471805	5.59	0	27
ptg000686l_1_region	263473	1471805	5.59	0	27
ptg000687l_1	1655177	13758271	8.31	0	32
ptg000687l_1_region	1655177	13758271	8.31	0	32
ptg000688l_1	495984	3283212	6.62	0	25
ptg000688l_1_region	495984	3283212	6.62	0	25
ptg000691l_1	272090	2042984	7.51	0	25
ptg000691l_1_region	272090	2042984	7.51	0	25
ptg000695l_1	389121	2577102	6.62	0	17
ptg000695l_1_region	389121	2577102	6.62	0	17
ptg000696l_1	1721825	13702294	7.96	0	72
ptg000696l_1_region	1721825	13702294	7.96	0	72
ptg000697l_1	494414	4107351	8.31	0	28
ptg000697l_1_region	494414	4107351	8.31	0	28
ptg000698l_1	445067	2682909	6.03	0	70
ptg000698l_1_region	445067	2682909	6.03	0	70
ptg000699l_1	1517586	11831771	7.80	0	25
ptg000699l_1_region	1517586	11831771	7.80	0	25
ptg000701l_1	436501	3045773	6.98	0	22
ptg000701l_1_region	436501	3045773	6.98	0	22
ptg000702l_1	601819	14982406	24.90	0	173
ptg000702l_1_region	601819	14982406	24.90	0	173
ptg000703l_1	653072	5284433	8.09	0	61
ptg000703l_1_region	653072	5284433	8.09	0	61
ptg000706l_1	1237124	10320190	8.34	0	73
ptg000706l_1_region	1237124	10320190	8.34	0	73
ptg000707l_1	2012293	16462310	8.18	0	23
ptg000707l_1_region	2012293	16462310	8.18	0	23
ptg000708l_1	579457	4686063	8.09	0	22
ptg000708l_1_region	579457	4686063	8.09	0	22
ptg000709l_1	1296806	9294899	7.17	0	32
ptg000709l_1_region	1296806	9294899	7.17	0	32
ptg000710l_1	818437	4965964	6.07	0	23
ptg000710l_1_region	818437	4965964	6.07	0	23
ptg000711l_1	472635	3658237	7.74	0	21
ptg000711l_1_region	472635	3658237	7.74	0	21
ptg000712l_1	1500394	11585617	7.72	0	28
ptg000712l_1_region	1500394	11585617	7.72	0	28
ptg000713l_1	503285	3202651	6.36	0	18
ptg000713l_1_region	503285	3202651	6.36	0	18
ptg000714l_1	340642	2558152	7.51	0	18
ptg000714l_1_region	340642	2558152	7.51	0	18
ptg000715l_1	1614518	14096941	8.73	0	28
ptg000715l_1_region	1614518	14096941	8.73	0	28
ptg000716l_1	624317	4311106	6.91	0	19
ptg000716l_1_region	624317	4311106	6.91	0	19
ptg000718l_1	742506	5635546	7.59	0	22
ptg000718l_1_region	742506	5635546	7.59	0	22
ptg000719l_1	1248582	11296066	9.05	0	26
ptg000719l_1_region	1248582	11296066	9.05	0	26
ptg000720l_1	2059177	16545791	8.04	0	26
ptg000720l_1_region	2059177	16545791	8.04	0	26
ptg000722l_1	1657256	16475186	9.94	0	29
ptg000722l_1_region	1657256	16475186	9.94	0	29
ptg000723l_1	631303	4837363	7.66	0	31
ptg000723l_1_region	631303	4837363	7.66	0	31
ptg000725l_1	359292	3487987	9.71	0	45
ptg000725l_1_region	359292	3487987	9.71	0	45
ptg000726l_1	454083	2564379	5.65	0	19
ptg000726l_1_region	454083	2564379	5.65	0	19
ptg000727l_1	4623666	40051540	8.66	0	28
ptg000727l_1_region	4623666	40051540	8.66	0	28
ptg000728l_1	285825	2162342	7.57	0	29
ptg000728l_1_region	285825	2162342	7.57	0	29
ptg000730l_1	781664	5204582	6.66	0	83
ptg000730l_1_region	781664	5204582	6.66	0	83
ptg000732l_1	2804955	21023609	7.50	0	23
ptg000732l_1_region	2804955	21023609	7.50	0	23
ptg000733l_1	3908844	34147788	8.74	0	35
ptg000733l_1_region	3908844	34147788	8.74	0	35
ptg000735l_1	1617732	15138892	9.36	0	35
ptg000735l_1_region	1617732	15138892	9.36	0	35
ptg000737l_1	2155547	19804140	9.19	0	209
ptg000737l_1_region	2155547	19804140	9.19	0	209
ptg000738l_1	204241	1134098	5.55	0	30
ptg000738l_1_region	204241	1134098	5.55	0	30
ptg000740l_1	796659	4913403	6.17	0	21
ptg000740l_1_region	796659	4913403	6.17	0	21
ptg000741l_1	90848	790554	8.70	0	16
ptg000741l_1_region	90848	790554	8.70	0	16
ptg000742l_1	305783	2299440	7.52	0	18
ptg000742l_1_region	305783	2299440	7.52	0	18
ptg000744l_1	309988	2211282	7.13	0	73
ptg000744l_1_region	309988	2211282	7.13	0	73
ptg000745l_1	651448	5249370	8.06	0	99
ptg000745l_1_region	651448	5249370	8.06	0	99
ptg000746l_1	836638	6891888	8.24	0	41
ptg000746l_1_region	836638	6891888	8.24	0	41
ptg000747l_1	679209	5067934	7.46	0	20
ptg000747l_1_region	679209	5067934	7.46	0	20
ptg000748l_1	1074042	7777394	7.24	0	34
ptg000748l_1_region	1074042	7777394	7.24	0	34
ptg000749l_1	239463	790411	3.30	0	24
ptg000749l_1_region	239463	790411	3.30	0	24
ptg000750l_1	446350	3704190	8.30	0	65
ptg000750l_1_region	446350	3704190	8.30	0	65
ptg000751l_1	1656899	13981650	8.44	0	30
ptg000751l_1_region	1656899	13981650	8.44	0	30
ptg000752l_1	297751	1815402	6.10	0	20
ptg000752l_1_region	297751	1815402	6.10	0	20
ptg000753l_1	622951	4610267	7.40	0	49
ptg000753l_1_region	622951	4610267	7.40	0	49
ptg000754l_1	1047776	7365206	7.03	0	83
ptg000754l_1_region	1047776	7365206	7.03	0	83
ptg000755l_1	437776	3046892	6.96	0	40
ptg000755l_1_region	437776	3046892	6.96	0	40
ptg000756l_1	1397427	9651585	6.91	0	50
ptg000756l_1_region	1397427	9651585	6.91	0	50
ptg000757l_1	667640	5275803	7.90	0	27
ptg000757l_1_region	667640	5275803	7.90	0	27
ptg000758l_1	1217386	10027004	8.24	0	40
ptg000758l_1_region	1217386	10027004	8.24	0	40
ptg000759l_1	2637916	22669475	8.59	0	31
ptg000759l_1_region	2637916	22669475	8.59	0	31
ptg000760l_1	482252	3737335	7.75	0	33
ptg000760l_1_region	482252	3737335	7.75	0	33
ptg000761l_1	190959	1435141	7.52	0	16
ptg000761l_1_region	190959	1435141	7.52	0	16
ptg000762l_1	273535	1673067	6.12	0	48
ptg000762l_1_region	273535	1673067	6.12	0	48
ptg000764l_1	29523	157350	5.33	0	13
ptg000764l_1_region	29523	157350	5.33	0	13
ptg000765l_1	1555626	19333668	12.43	0	157
ptg000765l_1_region	1555626	19333668	12.43	0	157
ptg000766l_1	918196	7250031	7.90	0	29
ptg000766l_1_region	918196	7250031	7.90	0	29
ptg000767l_1	1732150	17705990	10.22	0	70
ptg000767l_1_region	1732150	17705990	10.22	0	70
ptg000769l_1	175466	1338091	7.63	0	23
ptg000769l_1_region	175466	1338091	7.63	0	23
ptg000770l_1	398963	2596534	6.51	0	17
ptg000770l_1_region	398963	2596534	6.51	0	17
ptg000771l_1	1339662	13079805	9.76	0	65
ptg000771l_1_region	1339662	13079805	9.76	0	65
ptg000772l_1	849145	7240462	8.53	0	41
ptg000772l_1_region	849145	7240462	8.53	0	41
ptg000773l_1	620724	5121174	8.25	0	23
ptg000773l_1_region	620724	5121174	8.25	0	23
ptg000774l_1	197997	1304078	6.59	0	22
ptg000774l_1_region	197997	1304078	6.59	0	22
ptg000775l_1	710102	5333744	7.51	0	22
ptg000775l_1_region	710102	5333744	7.51	0	22
ptg000777l_1	135936	1083627	7.97	0	25
ptg000777l_1_region	135936	1083627	7.97	0	25
ptg000778l_1	299547	2121471	7.08	0	21
ptg000778l_1_region	299547	2121471	7.08	0	21
ptg000779l_1	410690	2340347	5.70	0	29
ptg000779l_1_region	410690	2340347	5.70	0	29
ptg000780l_1	1946121	16123084	8.28	0	28
ptg000780l_1_region	1946121	16123084	8.28	0	28
ptg000782l_1	1234188	10359108	8.39	0	27
ptg000782l_1_region	1234188	10359108	8.39	0	27
ptg000783l_1	319382	2226080	6.97	0	19
ptg000783l_1_region	319382	2226080	6.97	0	19
ptg000784l_1	3073356	25045157	8.15	0	36
ptg000784l_1_region	3073356	25045157	8.15	0	36
ptg000785l_1	731583	5153283	7.04	0	22
ptg000785l_1_region	731583	5153283	7.04	0	22
ptg000786l_1	663719	3757001	5.66	0	36
ptg000786l_1_region	663719	3757001	5.66	0	36
ptg000787l_1	685615	8518884	12.43	0	49
ptg000787l_1_region	685615	8518884	12.43	0	49
ptg000788l_1	1416953	10036501	7.08	0	20
ptg000788l_1_region	1416953	10036501	7.08	0	20
ptg000790l_1	698074	5162593	7.40	0	21
ptg000790l_1_region	698074	5162593	7.40	0	21
ptg000792l_1	1698837	15300453	9.01	0	29
ptg000792l_1_region	1698837	15300453	9.01	0	29
ptg000794l_1	2305966	27833699	12.07	0	44
ptg000794l_1_region	2305966	27833699	12.07	0	44
ptg000795l_1	420627	3421035	8.13	0	36
ptg000795l_1_region	420627	3421035	8.13	0	36
ptg000796l_1	805975	7641675	9.48	0	24
ptg000796l_1_region	805975	7641675	9.48	0	24
ptg000798l_1	637541	4849109	7.61	0	20
ptg000798l_1_region	637541	4849109	7.61	0	20
ptg000799l_1	681131	4623784	6.79	0	18
ptg000799l_1_region	681131	4623784	6.79	0	18
ptg000801l_1	472057	3250125	6.89	0	19
ptg000801l_1_region	472057	3250125	6.89	0	19
ptg000804l_1	481705	4126350	8.57	0	37
ptg000804l_1_region	481705	4126350	8.57	0	37
ptg000805l_1	139679	745932	5.34	0	19
ptg000805l_1_region	139679	745932	5.34	0	19
ptg000806l_1	211082	217857	1.03	0	7
ptg000806l_1_region	211082	217857	1.03	0	7
ptg000807l_1	1494959	16400715	10.97	0	252
ptg000807l_1_region	1494959	16400715	10.97	0	252
ptg000808l_1	939464	8258442	8.79	0	82
ptg000808l_1_region	939464	8258442	8.79	0	82
ptg000809l_1	1358597	12121383	8.92	0	26
ptg000809l_1_region	1358597	12121383	8.92	0	26
ptg000810l_1	1145387	8182950	7.14	0	29
ptg000810l_1_region	1145387	8182950	7.14	0	29
ptg000811l_1	2287881	22169843	9.69	0	103
ptg000811l_1_region	2287881	22169843	9.69	0	103
ptg000813l_1	514422	4417622	8.59	0	47
ptg000813l_1_region	514422	4417622	8.59	0	47
ptg000814l_1	2363643	18977053	8.03	0	27
ptg000814l_1_region	2363643	18977053	8.03	0	27
ptg000815l_1	322425	3301319	10.24	0	36
ptg000815l_1_region	322425	3301319	10.24	0	36
ptg000816l_1	314581	1255114	3.99	0	17
ptg000816l_1_region	314581	1255114	3.99	0	17
ptg000817l_1	1101359	8323202	7.56	0	24
ptg000817l_1_region	1101359	8323202	7.56	0	24
ptg000818l_1	26532	153857	5.80	0	11
ptg000818l_1_region	26532	153857	5.80	0	11
ptg000820l_1	1149327	9449711	8.22	0	31
ptg000820l_1_region	1149327	9449711	8.22	0	31
ptg000821l_1	2771501	23215026	8.38	0	36
ptg000821l_1_region	2771501	23215026	8.38	0	36
ptg000822l_1	2418141	22717575	9.39	0	27
ptg000822l_1_region	2418141	22717575	9.39	0	27
ptg000823l_1	482504	3234461	6.70	0	19
ptg000823l_1_region	482504	3234461	6.70	0	19
ptg000826l_1	246075	1168144	4.75	0	47
ptg000826l_1_region	246075	1168144	4.75	0	47
ptg000827l_1	918879	6977029	7.59	0	28
ptg000827l_1_region	918879	6977029	7.59	0	28
ptg000828l_1	475335	3628790	7.63	0	23
ptg000828l_1_region	475335	3628790	7.63	0	23
ptg000829l_1	460680	3645501	7.91	0	21
ptg000829l_1_region	460680	3645501	7.91	0	21
ptg000832l_1	1246693	9569052	7.68	0	23
ptg000832l_1_region	1246693	9569052	7.68	0	23
ptg000833l_1	180122	2146345	11.92	0	36
ptg000833l_1_region	180122	2146345	11.92	0	36
ptg000835l_1	1580714	12146980	7.68	0	25
ptg000835l_1_region	1580714	12146980	7.68	0	25
ptg000836l_1	2876372	25077422	8.72	0	45
ptg000836l_1_region	2876372	25077422	8.72	0	45
ptg000837l_1	382453	2189769	5.73	0	20
ptg000837l_1_region	382453	2189769	5.73	0	20
ptg000838l_1	636683	4816441	7.56	0	74
ptg000838l_1_region	636683	4816441	7.56	0	74
ptg000841l_1	891475	8084773	9.07	0	62
ptg000841l_1_region	891475	8084773	9.07	0	62
ptg000842l_1	1309152	9928366	7.58	0	26
ptg000842l_1_region	1309152	9928366	7.58	0	26
ptg000843l_1	354377	1202325	3.39	0	19
ptg000843l_1_region	354377	1202325	3.39	0	19
ptg000844l_1	1408055	13564205	9.63	0	24
ptg000844l_1_region	1408055	13564205	9.63	0	24
ptg000845l_1	684139	5161866	7.55	0	21
ptg000845l_1_region	684139	5161866	7.55	0	21
ptg000846l_1	182704	1181776	6.47	0	17
ptg000846l_1_region	182704	1181776	6.47	0	17
ptg000847l_1	107236	582720	5.43	0	13
ptg000847l_1_region	107236	582720	5.43	0	13
ptg000848l_1	2916963	23396953	8.02	0	27
ptg000848l_1_region	2916963	23396953	8.02	0	27
ptg000849l_1	1056763	7567983	7.16	0	28
ptg000849l_1_region	1056763	7567983	7.16	0	28
ptg000850l_1	922345	7424665	8.05	0	21
ptg000850l_1_region	922345	7424665	8.05	0	21
ptg000851l_1	1891804	14421142	7.62	0	42
ptg000851l_1_region	1891804	14421142	7.62	0	42
ptg000852l_1	354684	2264708	6.39	0	19
ptg000852l_1_region	354684	2264708	6.39	0	19
ptg000853l_1	1482566	17451045	11.77	0	49
ptg000853l_1_region	1482566	17451045	11.77	0	49
ptg000854l_1	744801	5401746	7.25	0	28
ptg000854l_1_region	744801	5401746	7.25	0	28
ptg000855l_1	366672	2783128	7.59	0	20
ptg000855l_1_region	366672	2783128	7.59	0	20
ptg000856l_1	232482	2379183	10.23	0	24
ptg000856l_1_region	232482	2379183	10.23	0	24
ptg000858l_1	560950	2848052	5.08	0	21
ptg000858l_1_region	560950	2848052	5.08	0	21
ptg000859l_1	386339	3572311	9.25	0	40
ptg000859l_1_region	386339	3572311	9.25	0	40
ptg000860l_1	1238112	9947809	8.03	0	27
ptg000860l_1_region	1238112	9947809	8.03	0	27
ptg000862l_1	42688	159830	3.74	0	10
ptg000862l_1_region	42688	159830	3.74	0	10
ptg000863l_1	145690	942976	6.47	0	43
ptg000863l_1_region	145690	942976	6.47	0	43
ptg000864l_1	107950	654557	6.06	0	15
ptg000864l_1_region	107950	654557	6.06	0	15
ptg000865l_1	265721	1479626	5.57	0	19
ptg000865l_1_region	265721	1479626	5.57	0	19
ptg000866l_1	743316	5797807	7.80	0	25
ptg000866l_1_region	743316	5797807	7.80	0	25
ptg000867l_1	2659632	26975886	10.14	0	111
ptg000867l_1_region	2659632	26975886	10.14	0	111
ptg000869l_1	649678	4068230	6.26	0	17
ptg000869l_1_region	649678	4068230	6.26	0	17
ptg000871l_1	979125	7546239	7.71	0	18
ptg000871l_1_region	979125	7546239	7.71	0	18
ptg000873l_1	936295	13036996	13.92	0	93
ptg000873l_1_region	936295	13036996	13.92	0	93
ptg000874l_1	1874943	15770552	8.41	0	22
ptg000874l_1_region	1874943	15770552	8.41	0	22
ptg000877l_1	741196	4550736	6.14	0	161
ptg000877l_1_region	741196	4550736	6.14	0	161
ptg000878l_1	976583	7467490	7.65	0	83
ptg000878l_1_region	976583	7467490	7.65	0	83
ptg000880l_1	532227	2831502	5.32	0	21
ptg000880l_1_region	532227	2831502	5.32	0	21
ptg000881l_1	1436822	12493580	8.70	0	29
ptg000881l_1_region	1436822	12493580	8.70	0	29
ptg000882l_1	1550378	12042613	7.77	0	414
ptg000882l_1_region	1550378	12042613	7.77	0	414
ptg000883l_1	469998	3314057	7.05	0	18
ptg000883l_1_region	469998	3314057	7.05	0	18
ptg000884l_1	110307	573606	5.20	0	12
ptg000884l_1_region	110307	573606	5.20	0	12
ptg000885l_1	239372	2019738	8.44	0	55
ptg000885l_1_region	239372	2019738	8.44	0	55
ptg000888l_1	1583840	17372293	10.97	0	279
ptg000888l_1_region	1583840	17372293	10.97	0	279
ptg000889l_1	509120	3096295	6.08	0	19
ptg000889l_1_region	509120	3096295	6.08	0	19
ptg000891l_1	3033606	26374333	8.69	0	28
ptg000891l_1_region	3033606	26374333	8.69	0	28
ptg000895l_1	65943	264031	4.00	0	30
ptg000895l_1_region	65943	264031	4.00	0	30
ptg000896l_1	625394	9244278	14.78	0	77
ptg000896l_1_region	625394	9244278	14.78	0	77
ptg000904l_1	887284	5590248	6.30	0	23
ptg000904l_1_region	887284	5590248	6.30	0	23
ptg000906l_1	584304	4407508	7.54	0	94
ptg000906l_1_region	584304	4407508	7.54	0	94
ptg000908l_1	330555	3235233	9.79	0	22
ptg000908l_1_region	330555	3235233	9.79	0	22
ptg000910l_1	420324	4793999	11.41	0	29
ptg000910l_1_region	420324	4793999	11.41	0	29
ptg000911l_1	406947	2196920	5.40	0	25
ptg000911l_1_region	406947	2196920	5.40	0	25
ptg000912l_1	2553606	20064646	7.86	0	27
ptg000912l_1_region	2553606	20064646	7.86	0	27
ptg000914l_1	96915	444850	4.59	0	12
ptg000914l_1_region	96915	444850	4.59	0	12
ptg000916l_1	936128	6678549	7.13	0	34
ptg000916l_1_region	936128	6678549	7.13	0	34
ptg000917l_1	3944385	35699505	9.05	0	27
ptg000917l_1_region	3944385	35699505	9.05	0	27
ptg000918l_1	1558942	10033425	6.44	0	26
ptg000918l_1_region	1558942	10033425	6.44	0	26
ptg000919l_1	288560	1748882	6.06	0	27
ptg000919l_1_region	288560	1748882	6.06	0	27
ptg000920l_1	912628	7565490	8.29	0	44
ptg000920l_1_region	912628	7565490	8.29	0	44
ptg000922l_1	217931	2341885	10.75	0	61
ptg000922l_1_region	217931	2341885	10.75	0	61
ptg000923l_1	3465100	26280829	7.58	0	69
ptg000923l_1_region	3465100	26280829	7.58	0	69
ptg000924l_1	3278430	32488670	9.91	0	175
ptg000924l_1_region	3278430	32488670	9.91	0	175
ptg000925l_1	437075	2804498	6.42	0	37
ptg000925l_1_region	437075	2804498	6.42	0	37
ptg000927l_1	112937	642216	5.69	0	20
ptg000927l_1_region	112937	642216	5.69	0	20
ptg000928l_1	280277	2194976	7.83	0	29
ptg000928l_1_region	280277	2194976	7.83	0	29
ptg000929l_1	324958	2403933	7.40	0	18
ptg000929l_1_region	324958	2403933	7.40	0	18
ptg000930l_1	3227723	28634219	8.87	0	55
ptg000930l_1_region	3227723	28634219	8.87	0	55
ptg000931l_1	689210	4334415	6.29	0	23
ptg000931l_1_region	689210	4334415	6.29	0	23
ptg000932l_1	386469	2280110	5.90	0	28
ptg000932l_1_region	386469	2280110	5.90	0	28
ptg000934l_1	638889	5243878	8.21	0	47
ptg000934l_1_region	638889	5243878	8.21	0	47
ptg000935l_1	834502	7285140	8.73	0	21
ptg000935l_1_region	834502	7285140	8.73	0	21
ptg000936l_1	673886	5575471	8.27	0	28
ptg000936l_1_region	673886	5575471	8.27	0	28
ptg000937l_1	1828049	16748890	9.16	0	35
ptg000937l_1_region	1828049	16748890	9.16	0	35
ptg000939l_1	84595	975686	11.53	0	25
ptg000939l_1_region	84595	975686	11.53	0	25
ptg000942l_1	1832541	16203516	8.84	0	31
ptg000942l_1_region	1832541	16203516	8.84	0	31
ptg000944l_1	1662287	15241452	9.17	0	52
ptg000944l_1_region	1662287	15241452	9.17	0	52
ptg000945l_1	3018630	28745804	9.52	0	30
ptg000945l_1_region	3018630	28745804	9.52	0	30
ptg000947l_1	962699	9319367	9.68	0	28
ptg000947l_1_region	962699	9319367	9.68	0	28
ptg000949l_1	1560150	10848430	6.95	0	28
ptg000949l_1_region	1560150	10848430	6.95	0	28
ptg000950l_1	1833770	15915441	8.68	0	31
ptg000950l_1_region	1833770	15915441	8.68	0	31
ptg000951l_1	3311493	27687836	8.36	0	34
ptg000951l_1_region	3311493	27687836	8.36	0	34
ptg000953l_1	955305	8139908	8.52	0	25
ptg000953l_1_region	955305	8139908	8.52	0	25
ptg000955l_1	1178805	8345190	7.08	0	41
ptg000955l_1_region	1178805	8345190	7.08	0	41
ptg000956l_1	3495441	28585361	8.18	0	29
ptg000956l_1_region	3495441	28585361	8.18	0	29
ptg000958l_1	1344893	9527028	7.08	0	25
ptg000958l_1_region	1344893	9527028	7.08	0	25
ptg000959l_1	647237	4833916	7.47	0	18
ptg000959l_1_region	647237	4833916	7.47	0	18
ptg000960l_1	391687	3505069	8.95	0	41
ptg000960l_1_region	391687	3505069	8.95	0	41
ptg000961l_1	170420	818695	4.80	0	19
ptg000961l_1_region	170420	818695	4.80	0	19
ptg000963l_1	520996	4370818	8.39	0	29
ptg000963l_1_region	520996	4370818	8.39	0	29
ptg000965l_1	1684793	15095473	8.96	0	36
ptg000965l_1_region	1684793	15095473	8.96	0	36
ptg000966l_1	366027	2479232	6.77	0	30
ptg000966l_1_region	366027	2479232	6.77	0	30
ptg000967l_1	2561583	21183481	8.27	0	37
ptg000967l_1_region	2561583	21183481	8.27	0	37
ptg000969l_1	71324	216099	3.03	0	8
ptg000969l_1_region	71324	216099	3.03	0	8
ptg000970l_1	2021433	16229705	8.03	0	42
ptg000970l_1_region	2021433	16229705	8.03	0	42
ptg000971l_1	193540	1072640	5.54	0	14
ptg000971l_1_region	193540	1072640	5.54	0	14
ptg000973l_1	1785417	16366094	9.17	0	33
ptg000973l_1_region	1785417	16366094	9.17	0	33
ptg000974l_1	944123	9022389	9.56	0	26
ptg000974l_1_region	944123	9022389	9.56	0	26
ptg000976l_1	941608	7267972	7.72	0	24
ptg000976l_1_region	941608	7267972	7.72	0	24
ptg000977l_1	664677	5051975	7.60	0	33
ptg000977l_1_region	664677	5051975	7.60	0	33
ptg000978l_1	873318	6744466	7.72	0	25
ptg000978l_1_region	873318	6744466	7.72	0	25
ptg000979l_1	929030	8724257	9.39	0	38
ptg000979l_1_region	929030	8724257	9.39	0	38
ptg000980l_1	1000082	8210904	8.21	0	41
ptg000980l_1_region	1000082	8210904	8.21	0	41
ptg000981l_1	222894	1746499	7.84	0	18
ptg000981l_1_region	222894	1746499	7.84	0	18
ptg000982l_1	588681	4741138	8.05	0	22
ptg000982l_1_region	588681	4741138	8.05	0	22
ptg000984l_1	603669	7270702	12.04	0	150
ptg000984l_1_region	603669	7270702	12.04	0	150
ptg000985l_1	1281092	7440654	5.81	0	195
ptg000985l_1_region	1281092	7440654	5.81	0	195
ptg000986l_1	513951	3449379	6.71	0	24
ptg000986l_1_region	513951	3449379	6.71	0	24
ptg000988l_1	1481475	12345510	8.33	0	20
ptg000988l_1_region	1481475	12345510	8.33	0	20
ptg000989l_1	493739	2490134	5.04	0	18
ptg000989l_1_region	493739	2490134	5.04	0	18
ptg000990l_1	474364	3187212	6.72	0	16
ptg000990l_1_region	474364	3187212	6.72	0	16
ptg000991l_1	238639	1761334	7.38	0	18
ptg000991l_1_region	238639	1761334	7.38	0	18
ptg000992l_1	99726	769551	7.72	0	22
ptg000992l_1_region	99726	769551	7.72	0	22
ptg000993l_1	303279	5368007	17.70	0	117
ptg000993l_1_region	303279	5368007	17.70	0	117
ptg000994l_1	994543	7555249	7.60	0	28
ptg000994l_1_region	994543	7555249	7.60	0	28
ptg000995l_1	909988	6354864	6.98	0	32
ptg000995l_1_region	909988	6354864	6.98	0	32
ptg000996l_1	2769437	22229396	8.03	0	25
ptg000996l_1_region	2769437	22229396	8.03	0	25
ptg000997l_1	572045	3974656	6.95	0	36
ptg000997l_1_region	572045	3974656	6.95	0	36
ptg000998l_1	1063209	9308792	8.76	0	21
ptg000998l_1_region	1063209	9308792	8.76	0	21
ptg000999l_1	1619925	12229016	7.55	0	29
ptg000999l_1_region	1619925	12229016	7.55	0	29
ptg001001l_1	561481	3334022	5.94	0	21
ptg001001l_1_region	561481	3334022	5.94	0	21
ptg001002l_1	300224	2473793	8.24	0	19
ptg001002l_1_region	300224	2473793	8.24	0	19
ptg001004l_1	237963	2291918	9.63	0	44
ptg001004l_1_region	237963	2291918	9.63	0	44
ptg001005l_1	231273	1439574	6.22	0	27
ptg001005l_1_region	231273	1439574	6.22	0	27
ptg001010l_1	520005	4093027	7.87	0	18
ptg001010l_1_region	520005	4093027	7.87	0	18
ptg001011l_1	1245596	10463001	8.40	0	28
ptg001011l_1_region	1245596	10463001	8.40	0	28
ptg001013l_1	809277	7101686	8.78	0	24
ptg001013l_1_region	809277	7101686	8.78	0	24
ptg001014l_1	507013	1949209	3.84	0	19
ptg001014l_1_region	507013	1949209	3.84	0	19
ptg001016l_1	1128953	9741722	8.63	0	74
ptg001016l_1_region	1128953	9741722	8.63	0	74
ptg001017l_1	977231	8315679	8.51	0	24
ptg001017l_1_region	977231	8315679	8.51	0	24
ptg001019l_1	763771	5746622	7.52	0	27
ptg001019l_1_region	763771	5746622	7.52	0	27
ptg001020l_1	422113	2032667	4.82	0	33
ptg001020l_1_region	422113	2032667	4.82	0	33
ptg001021l_1	2123338	16944766	7.98	0	24
ptg001021l_1_region	2123338	16944766	7.98	0	24
ptg001022l_1	252552	1455351	5.76	0	16
ptg001022l_1_region	252552	1455351	5.76	0	16
ptg001023l_1	36917	228434	6.19	0	14
ptg001023l_1_region	36917	228434	6.19	0	14
ptg001024l_1	380787	3138616	8.24	0	18
ptg001024l_1_region	380787	3138616	8.24	0	18
ptg001025l_1	2504446	21205992	8.47	0	53
ptg001025l_1_region	2504446	21205992	8.47	0	53
ptg001027l_1	548506	4276613	7.80	0	24
ptg001027l_1_region	548506	4276613	7.80	0	24
ptg001028l_1	427191	2844017	6.66	0	20
ptg001028l_1_region	427191	2844017	6.66	0	20
ptg001032l_1	1318736	9932105	7.53	0	27
ptg001032l_1_region	1318736	9932105	7.53	0	27
ptg001033l_1	2422088	18353451	7.58	0	30
ptg001033l_1_region	2422088	18353451	7.58	0	30
ptg001034l_1	277000	2179818	7.87	0	23
ptg001034l_1_region	277000	2179818	7.87	0	23
ptg001040l_1	322570	1995684	6.19	0	14
ptg001040l_1_region	322570	1995684	6.19	0	14
ptg001041l_1	534339	3050266	5.71	0	25
ptg001041l_1_region	534339	3050266	5.71	0	25
ptg001042l_1	402533	2864455	7.12	0	30
ptg001042l_1_region	402533	2864455	7.12	0	30
ptg001043l_1	727188	5532094	7.61	0	20
ptg001043l_1_region	727188	5532094	7.61	0	20
ptg001045l_1	1417499	12127996	8.56	0	24
ptg001045l_1_region	1417499	12127996	8.56	0	24
ptg001046l_1	782851	7255678	9.27	0	28
ptg001046l_1_region	782851	7255678	9.27	0	28
ptg001048l_1	732692	4058845	5.54	0	19
ptg001048l_1_region	732692	4058845	5.54	0	19
ptg001050l_1	168201	1252527	7.45	0	18
ptg001050l_1_region	168201	1252527	7.45	0	18
ptg001051l_1	837601	5943004	7.10	0	72
ptg001051l_1_region	837601	5943004	7.10	0	72
ptg001054l_1	866908	6074490	7.01	0	21
ptg001054l_1_region	866908	6074490	7.01	0	21
ptg001056l_1	717989	6235171	8.68	0	23
ptg001056l_1_region	717989	6235171	8.68	0	23
ptg001057l_1	685386	5576578	8.14	0	18
ptg001057l_1_region	685386	5576578	8.14	0	18
ptg001058l_1	64626	255979	3.96	0	16
ptg001058l_1_region	64626	255979	3.96	0	16
ptg001060l_1	1808332	13607848	7.53	0	36
ptg001060l_1_region	1808332	13607848	7.53	0	36
ptg001062l_1	959576	8116970	8.46	0	74
ptg001062l_1_region	959576	8116970	8.46	0	74
ptg001065l_1	273270	1275842	4.67	0	14
ptg001065l_1_region	273270	1275842	4.67	0	14
ptg001066l_1	829293	5713158	6.89	0	24
ptg001066l_1_region	829293	5713158	6.89	0	24
ptg001068l_1	1380614	10720242	7.76	0	27
ptg001068l_1_region	1380614	10720242	7.76	0	27
ptg001070l_1	3820129	33237542	8.70	0	70
ptg001070l_1_region	3820129	33237542	8.70	0	70
ptg001071l_1	610137	2748590	4.50	0	16
ptg001071l_1_region	610137	2748590	4.50	0	16
ptg001072l_1	1502756	16841090	11.21	0	160
ptg001072l_1_region	1502756	16841090	11.21	0	160
ptg001073l_1	995760	8820938	8.86	0	28
ptg001073l_1_region	995760	8820938	8.86	0	28
ptg001074l_1	1048068	8327671	7.95	0	32
ptg001074l_1_region	1048068	8327671	7.95	0	32
ptg001075l_1	1554044	12730349	8.19	0	22
ptg001075l_1_region	1554044	12730349	8.19	0	22
ptg001076l_1	191156	1690488	8.84	0	34
ptg001076l_1_region	191156	1690488	8.84	0	34
ptg001077l_1	624834	4267258	6.83	0	31
ptg001077l_1_region	624834	4267258	6.83	0	31
ptg001078l_1	907147	6594526	7.27	0	20
ptg001078l_1_region	907147	6594526	7.27	0	20
ptg001079l_1	481637	4327257	8.98	0	29
ptg001079l_1_region	481637	4327257	8.98	0	29
ptg001081l_1	245899	1553091	6.32	0	28
ptg001081l_1_region	245899	1553091	6.32	0	28
ptg001082l_1	240684	1413296	5.87	0	15
ptg001082l_1_region	240684	1413296	5.87	0	15
ptg001084l_1	179750	1049866	5.84	0	21
ptg001084l_1_region	179750	1049866	5.84	0	21
ptg001086l_1	594291	4581917	7.71	0	22
ptg001086l_1_region	594291	4581917	7.71	0	22
ptg001087l_1	1538239	12351991	8.03	0	28
ptg001087l_1_region	1538239	12351991	8.03	0	28
ptg001088l_1	55010	383580	6.97	0	19
ptg001088l_1_region	55010	383580	6.97	0	19
ptg001091l_1	109890	790984	7.20	0	20
ptg001091l_1_region	109890	790984	7.20	0	20
ptg001094l_1	552831	4632738	8.38	0	27
ptg001094l_1_region	552831	4632738	8.38	0	27
ptg001095l_1	662227	5407333	8.17	0	26
ptg001095l_1_region	662227	5407333	8.17	0	26
ptg001096l_1	948383	9548534	10.07	0	248
ptg001096l_1_region	948383	9548534	10.07	0	248
ptg001097l_1	186196	2138542	11.49	0	96
ptg001097l_1_region	186196	2138542	11.49	0	96
ptg001098l_1	899683	6274994	6.97	0	35
ptg001098l_1_region	899683	6274994	6.97	0	35
ptg001099l_1	1719131	13768789	8.01	0	68
ptg001099l_1_region	1719131	13768789	8.01	0	68
ptg001101l_1	835654	4756080	5.69	0	21
ptg001101l_1_region	835654	4756080	5.69	0	21
ptg001103l_1	226773	1837874	8.10	0	24
ptg001103l_1_region	226773	1837874	8.10	0	24
ptg001104l_1	171675	1355954	7.90	0	37
ptg001104l_1_region	171675	1355954	7.90	0	37
ptg001106l_1	1892412	21226468	11.22	0	368
ptg001106l_1_region	1892412	21226468	11.22	0	368
ptg001107l_1	535505	4266409	7.97	0	26
ptg001107l_1_region	535505	4266409	7.97	0	26
ptg001108l_1	431338	4004900	9.28	0	46
ptg001108l_1_region	431338	4004900	9.28	0	46
ptg001110l_1	169611	1374859	8.11	0	34
ptg001110l_1_region	169611	1374859	8.11	0	34
ptg001111l_1	251818	2225186	8.84	0	22
ptg001111l_1_region	251818	2225186	8.84	0	22
ptg001112l_1	895714	7284371	8.13	0	23
ptg001112l_1_region	895714	7284371	8.13	0	23
ptg001113l_1	435037	3259030	7.49	0	34
ptg001113l_1_region	435037	3259030	7.49	0	34
ptg001114l_1	881083	6295311	7.14	0	35
ptg001114l_1_region	881083	6295311	7.14	0	35
ptg001115l_1	323124	3665889	11.35	0	90
ptg001115l_1_region	323124	3665889	11.35	0	90
ptg001120l_1	492668	3518159	7.14	0	22
ptg001120l_1_region	492668	3518159	7.14	0	22
ptg001121l_1	371469	2313529	6.23	0	24
ptg001121l_1_region	371469	2313529	6.23	0	24
ptg001122l_1	877911	7559682	8.61	0	103
ptg001122l_1_region	877911	7559682	8.61	0	103
ptg001123l_1	334839	2088732	6.24	0	22
ptg001123l_1_region	334839	2088732	6.24	0	22
ptg001124l_1	346769	2037033	5.87	0	17
ptg001124l_1_region	346769	2037033	5.87	0	17
ptg001125l_1	481611	3201822	6.65	0	31
ptg001125l_1_region	481611	3201822	6.65	0	31
ptg001127l_1	2475020	20775871	8.39	0	66
ptg001127l_1_region	2475020	20775871	8.39	0	66
ptg001128l_1	96562	567135	5.87	0	18
ptg001128l_1_region	96562	567135	5.87	0	18
ptg001130l_1	1058287	7528674	7.11	0	35
ptg001130l_1_region	1058287	7528674	7.11	0	35
ptg001131l_1	727807	5390806	7.41	0	37
ptg001131l_1_region	727807	5390806	7.41	0	37
ptg001132l_1	486336	3046733	6.26	0	26
ptg001132l_1_region	486336	3046733	6.26	0	26
ptg001133l_1	73774	504475	6.84	0	17
ptg001133l_1_region	73774	504475	6.84	0	17
ptg001135l_1	350900	3091715	8.81	0	19
ptg001135l_1_region	350900	3091715	8.81	0	19
ptg001136l_1	1206445	9918153	8.22	0	32
ptg001136l_1_region	1206445	9918153	8.22	0	32
ptg001137l_1	570961	3638434	6.37	0	27
ptg001137l_1_region	570961	3638434	6.37	0	27
ptg001139l_1	819888	6529347	7.96	0	22
ptg001139l_1_region	819888	6529347	7.96	0	22
ptg001140l_1	2584891	18674864	7.22	0	29
ptg001140l_1_region	2584891	18674864	7.22	0	29
ptg001141l_1	310528	2027060	6.53	0	19
ptg001141l_1_region	310528	2027060	6.53	0	19
ptg001142l_1	552152	2629433	4.76	0	74
ptg001142l_1_region	552152	2629433	4.76	0	74
ptg001143l_1	2514065	20980697	8.35	0	30
ptg001143l_1_region	2514065	20980697	8.35	0	30
ptg001144l_1	679416	4858396	7.15	0	40
ptg001144l_1_region	679416	4858396	7.15	0	40
ptg001145l_1	1565900	14135115	9.03	0	55
ptg001145l_1_region	1565900	14135115	9.03	0	55
ptg001146l_1	1164635	10233462	8.79	0	27
ptg001146l_1_region	1164635	10233462	8.79	0	27
ptg001147l_1	169053	1695734	10.03	0	33
ptg001147l_1_region	169053	1695734	10.03	0	33
ptg001148l_1	448901	2605380	5.80	0	16
ptg001148l_1_region	448901	2605380	5.80	0	16
ptg001149l_1	427394	2276027	5.33	0	15
ptg001149l_1_region	427394	2276027	5.33	0	15
ptg001150l_1	297677	2150226	7.22	0	52
ptg001150l_1_region	297677	2150226	7.22	0	52
ptg001151l_1	500217	3670725	7.34	0	51
ptg001151l_1_region	500217	3670725	7.34	0	51
ptg001152l_1	1641536	14274259	8.70	0	63
ptg001152l_1_region	1641536	14274259	8.70	0	63
ptg001153l_1	952259	7026787	7.38	0	31
ptg001153l_1_region	952259	7026787	7.38	0	31
ptg001154l_1	208560	1420818	6.81	0	40
ptg001154l_1_region	208560	1420818	6.81	0	40
ptg001155l_1	1482101	12298033	8.30	0	22
ptg001155l_1_region	1482101	12298033	8.30	0	22
ptg001157l_1	617823	6146109	9.95	0	31
ptg001157l_1_region	617823	6146109	9.95	0	31
ptg001159l_1	3212607	25516252	7.94	0	46
ptg001159l_1_region	3212607	25516252	7.94	0	46
ptg001160l_1	350891	800112	2.28	0	28
ptg001160l_1_region	350891	800112	2.28	0	28
ptg001163l_1	399258	2239020	5.61	0	39
ptg001163l_1_region	399258	2239020	5.61	0	39
ptg001164l_1	696068	4798746	6.89	0	33
ptg001164l_1_region	696068	4798746	6.89	0	33
ptg001165l_1	788750	6551997	8.31	0	25
ptg001165l_1_region	788750	6551997	8.31	0	25
ptg001166l_1	383184	2471444	6.45	0	17
ptg001166l_1_region	383184	2471444	6.45	0	17
ptg001167l_1	48427	415320	8.58	0	45
ptg001167l_1_region	48427	415320	8.58	0	45
ptg001168l_1	3845446	34139780	8.88	0	27
ptg001168l_1_region	3845446	34139780	8.88	0	27
ptg001169l_1	1519688	13578961	8.94	0	30
ptg001169l_1_region	1519688	13578961	8.94	0	30
ptg001170l_1	91159	825680	9.06	0	25
ptg001170l_1_region	91159	825680	9.06	0	25
ptg001172l_1	3489547	27343180	7.84	0	27
ptg001172l_1_region	3489547	27343180	7.84	0	27
ptg001173l_1	242880	1678461	6.91	0	17
ptg001173l_1_region	242880	1678461	6.91	0	17
ptg001174l_1	902885	5456257	6.04	0	59
ptg001174l_1_region	902885	5456257	6.04	0	59
ptg001175l_1	600337	3922134	6.53	0	22
ptg001175l_1_region	600337	3922134	6.53	0	22
ptg001176l_1	1156841	10052991	8.69	0	27
ptg001176l_1_region	1156841	10052991	8.69	0	27
ptg001177l_1	2257229	19101435	8.46	0	55
ptg001177l_1_region	2257229	19101435	8.46	0	55
ptg001179l_1	281086	1536589	5.47	0	16
ptg001179l_1_region	281086	1536589	5.47	0	16
ptg001180l_1	360012	3747861	10.41	0	24
ptg001180l_1_region	360012	3747861	10.41	0	24
ptg001181l_1	39845	668913	16.79	1	51
ptg001181l_1_region	39845	668913	16.79	1	51
ptg001182l_1	461684	3938688	8.53	0	26
ptg001182l_1_region	461684	3938688	8.53	0	26
ptg001183l_1	739380	5434469	7.35	0	23
ptg001183l_1_region	739380	5434469	7.35	0	23
ptg001186l_1	253518	690033	2.72	0	21
ptg001186l_1_region	253518	690033	2.72	0	21
ptg001187l_1	189771	2941949	15.50	0	79
ptg001187l_1_region	189771	2941949	15.50	0	79
ptg001188l_1	782236	5895066	7.54	0	23
ptg001188l_1_region	782236	5895066	7.54	0	23
ptg001190l_1	984368	7947391	8.07	0	34
ptg001190l_1_region	984368	7947391	8.07	0	34
ptg001191l_1	1678947	12252222	7.30	0	33
ptg001191l_1_region	1678947	12252222	7.30	0	33
ptg001192l_1	286949	2216103	7.72	0	54
ptg001192l_1_region	286949	2216103	7.72	0	54
ptg001193l_1	678490	5942628	8.76	0	28
ptg001193l_1_region	678490	5942628	8.76	0	28
ptg001194l_1	720754	5325138	7.39	0	37
ptg001194l_1_region	720754	5325138	7.39	0	37
ptg001195l_1	2029672	15489835	7.63	0	100
ptg001195l_1_region	2029672	15489835	7.63	0	100
ptg001196l_1	360158	2372401	6.59	0	18
ptg001196l_1_region	360158	2372401	6.59	0	18
ptg001197l_1	653406	5844684	8.94	0	22
ptg001197l_1_region	653406	5844684	8.94	0	22
ptg001198l_1	273592	1452250	5.31	0	19
ptg001198l_1_region	273592	1452250	5.31	0	19
ptg001199l_1	171367	1019392	5.95	0	62
ptg001199l_1_region	171367	1019392	5.95	0	62
ptg001201l_1	155932	1049323	6.73	0	21
ptg001201l_1_region	155932	1049323	6.73	0	21
ptg001204l_1	701553	4709463	6.71	0	22
ptg001204l_1_region	701553	4709463	6.71	0	22
ptg001205l_1	317000	1741633	5.49	0	26
ptg001205l_1_region	317000	1741633	5.49	0	26
ptg001206l_1	1179872	8719344	7.39	0	20
ptg001206l_1_region	1179872	8719344	7.39	0	20
ptg001207l_1	329903	2021101	6.13	0	18
ptg001207l_1_region	329903	2021101	6.13	0	18
ptg001210l_1	343574	7720979	22.47	0	102
ptg001210l_1_region	343574	7720979	22.47	0	102
ptg001212l_1	150081	777156	5.18	0	20
ptg001212l_1_region	150081	777156	5.18	0	20
ptg001214l_1	420699	3022771	7.19	0	20
ptg001214l_1_region	420699	3022771	7.19	0	20
ptg001215l_1	630580	6543598	10.38	0	110
ptg001215l_1_region	630580	6543598	10.38	0	110
ptg001216l_1	264246	1725657	6.53	0	18
ptg001216l_1_region	264246	1725657	6.53	0	18
ptg001217l_1	288048	2261154	7.85	0	41
ptg001217l_1_region	288048	2261154	7.85	0	41
ptg001218l_1	1400496	11032652	7.88	0	39
ptg001218l_1_region	1400496	11032652	7.88	0	39
ptg001219l_1	963657	8356728	8.67	0	28
ptg001219l_1_region	963657	8356728	8.67	0	28
ptg001221l_1	467184	5295921	11.34	0	57
ptg001221l_1_region	467184	5295921	11.34	0	57
ptg001222l_1	158110	826284	5.23	0	24
ptg001222l_1_region	158110	826284	5.23	0	24
ptg001223l_1	198987	1435040	7.21	0	23
ptg001223l_1_region	198987	1435040	7.21	0	23
ptg001226l_1	967684	7055516	7.29	0	26
ptg001226l_1_region	967684	7055516	7.29	0	26
ptg001227l_1	313532	2122458	6.77	0	25
ptg001227l_1_region	313532	2122458	6.77	0	25
ptg001228l_1	1366534	10481741	7.67	0	27
ptg001228l_1_region	1366534	10481741	7.67	0	27
ptg001229l_1	729300	4956159	6.80	0	17
ptg001229l_1_region	729300	4956159	6.80	0	17
ptg001230l_1	922792	6630773	7.19	0	47
ptg001230l_1_region	922792	6630773	7.19	0	47
ptg001231l_1	1446152	10379815	7.18	0	38
ptg001231l_1_region	1446152	10379815	7.18	0	38
ptg001232l_1	1342366	10884589	8.11	0	27
ptg001232l_1_region	1342366	10884589	8.11	0	27
ptg001233l_1	222792	1921823	8.63	0	40
ptg001233l_1_region	222792	1921823	8.63	0	40
ptg001234l_1	358866	4861803	13.55	0	182
ptg001234l_1_region	358866	4861803	13.55	0	182
ptg001236l_1	1619101	12961014	8.01	0	24
ptg001236l_1_region	1619101	12961014	8.01	0	24
ptg001237l_1	540299	5227578	9.68	0	35
ptg001237l_1_region	540299	5227578	9.68	0	35
ptg001238l_1	820537	6488279	7.91	0	73
ptg001238l_1_region	820537	6488279	7.91	0	73
ptg001241l_1	241423	1353562	5.61	0	18
ptg001241l_1_region	241423	1353562	5.61	0	18
ptg001242l_1	1455621	11439257	7.86	0	25
ptg001242l_1_region	1455621	11439257	7.86	0	25
ptg001243l_1	249698	996495	3.99	0	13
ptg001243l_1_region	249698	996495	3.99	0	13
ptg001244l_1	186068	1473487	7.92	0	28
ptg001244l_1_region	186068	1473487	7.92	0	28
ptg001245l_1	737059	5745505	7.80	0	21
ptg001245l_1_region	737059	5745505	7.80	0	21
ptg001246l_1	1470651	10959686	7.45	0	71
ptg001246l_1_region	1470651	10959686	7.45	0	71
ptg001248l_1	87461	485625	5.55	0	15
ptg001248l_1_region	87461	485625	5.55	0	15
ptg001249l_1	391567	2936003	7.50	0	25
ptg001249l_1_region	391567	2936003	7.50	0	25
ptg001250l_1	911834	6312020	6.92	0	42
ptg001250l_1_region	911834	6312020	6.92	0	42
ptg001251l_1	329054	1555454	4.73	0	20
ptg001251l_1_region	329054	1555454	4.73	0	20
ptg001252l_1	500022	4000753	8.00	0	32
ptg001252l_1_region	500022	4000753	8.00	0	32
ptg001254l_1	546791	3447316	6.30	0	23
ptg001254l_1_region	546791	3447316	6.30	0	23
ptg001255l_1	646484	4627251	7.16	0	23
ptg001255l_1_region	646484	4627251	7.16	0	23
ptg001256l_1	79024	544143	6.89	0	16
ptg001256l_1_region	79024	544143	6.89	0	16
ptg001257l_1	782368	5903621	7.55	0	24
ptg001257l_1_region	782368	5903621	7.55	0	24
ptg001259l_1	38132	126797	3.33	0	7
ptg001259l_1_region	38132	126797	3.33	0	7
ptg001260l_1	431172	3063612	7.11	0	17
ptg001260l_1_region	431172	3063612	7.11	0	17
ptg001261l_1	131497	1163207	8.85	0	21
ptg001261l_1_region	131497	1163207	8.85	0	21
ptg001265l_1	1687154	11859061	7.03	0	26
ptg001265l_1_region	1687154	11859061	7.03	0	26
ptg001266l_1	197487	748184	3.79	0	25
ptg001266l_1_region	197487	748184	3.79	0	25
ptg001267l_1	827409	7760384	9.38	0	60
ptg001267l_1_region	827409	7760384	9.38	0	60
ptg001268l_1	1258871	11557875	9.18	0	29
ptg001268l_1_region	1258871	11557875	9.18	0	29
ptg001269l_1	317075	1559942	4.92	0	21
ptg001269l_1_region	317075	1559942	4.92	0	21
ptg001270l_1	2348583	21663305	9.22	0	43
ptg001270l_1_region	2348583	21663305	9.22	0	43
ptg001271l_1	632687	3920945	6.20	0	21
ptg001271l_1_region	632687	3920945	6.20	0	21
ptg001272l_1	732834	5451469	7.44	0	117
ptg001272l_1_region	732834	5451469	7.44	0	117
ptg001273l_1	466055	3194562	6.85	0	18
ptg001273l_1_region	466055	3194562	6.85	0	18
ptg001274l_1	154390	413466	2.68	0	15
ptg001274l_1_region	154390	413466	2.68	0	15
ptg001275l_1	170879	1243580	7.28	0	29
ptg001275l_1_region	170879	1243580	7.28	0	29
ptg001277l_1	1217146	10395855	8.54	0	24
ptg001277l_1_region	1217146	10395855	8.54	0	24
ptg001278l_1	99350	288450	2.90	0	10
ptg001278l_1_region	99350	288450	2.90	0	10
ptg001280l_1	1379769	12996793	9.42	0	32
ptg001280l_1_region	1379769	12996793	9.42	0	32
ptg001281l_1	675468	4235465	6.27	0	21
ptg001281l_1_region	675468	4235465	6.27	0	21
ptg001282l_1	192470	1503750	7.81	0	26
ptg001282l_1_region	192470	1503750	7.81	0	26
ptg001283l_1	641044	7608017	11.87	0	182
ptg001283l_1_region	641044	7608017	11.87	0	182
ptg001284l_1	434012	2576895	5.94	0	21
ptg001284l_1_region	434012	2576895	5.94	0	21
ptg001285l_1	1004254	7652404	7.62	0	30
ptg001285l_1_region	1004254	7652404	7.62	0	30
ptg001286l_1	2907770	25108478	8.63	0	29
ptg001286l_1_region	2907770	25108478	8.63	0	29
ptg001287l_1	342323	4579599	13.38	0	802
ptg001287l_1_region	342323	4579599	13.38	0	802
ptg001288l_1	651774	5678726	8.71	0	21
ptg001288l_1_region	651774	5678726	8.71	0	21
ptg001289l_1	512027	3685595	7.20	0	21
ptg001289l_1_region	512027	3685595	7.20	0	21
ptg001291l_1	527840	4353496	8.25	0	19
ptg001291l_1_region	527840	4353496	8.25	0	19
ptg001292l_1	588053	5190004	8.83	0	21
ptg001292l_1_region	588053	5190004	8.83	0	21
ptg001293l_1	3392318	28556006	8.42	0	35
ptg001293l_1_region	3392318	28556006	8.42	0	35
ptg001298l_1	664390	6518706	9.81	0	28
ptg001298l_1_region	664390	6518706	9.81	0	28
ptg001302l_1	1445834	13314805	9.21	0	19
ptg001302l_1_region	1445834	13314805	9.21	0	19
ptg001303l_1	244608	1618771	6.62	0	17
ptg001303l_1_region	244608	1618771	6.62	0	17
ptg001305l_1	630819	4696518	7.45	0	24
ptg001305l_1_region	630819	4696518	7.45	0	24
ptg001307l_1	214884	1803571	8.39	0	237
ptg001307l_1_region	214884	1803571	8.39	0	237
ptg001308l_1	1115363	9422872	8.45	0	27
ptg001308l_1_region	1115363	9422872	8.45	0	27
ptg001310l_1	759176	4578574	6.03	0	41
ptg001310l_1_region	759176	4578574	6.03	0	41
ptg001311l_1	480735	3206861	6.67	0	20
ptg001311l_1_region	480735	3206861	6.67	0	20
ptg001312l_1	1018874	7655036	7.51	0	26
ptg001312l_1_region	1018874	7655036	7.51	0	26
ptg001313l_1	582328	4074665	7.00	0	40
ptg001313l_1_region	582328	4074665	7.00	0	40
ptg001315l_1	957669	7137573	7.45	0	26
ptg001315l_1_region	957669	7137573	7.45	0	26
ptg001317l_1	416269	2754111	6.62	0	15
ptg001317l_1_region	416269	2754111	6.62	0	15
ptg001320l_1	376221	2818841	7.49	0	25
ptg001320l_1_region	376221	2818841	7.49	0	25
ptg001321l_1	922695	7464945	8.09	0	22
ptg001321l_1_region	922695	7464945	8.09	0	22
ptg001323l_1	558603	9545454	17.09	0	112
ptg001323l_1_region	558603	9545454	17.09	0	112
ptg001324l_1	804769	9088533	11.29	0	46
ptg001324l_1_region	804769	9088533	11.29	0	46
ptg001325l_1	586416	4589770	7.83	0	23
ptg001325l_1_region	586416	4589770	7.83	0	23
ptg001327l_1	798392	4222424	5.29	0	20
ptg001327l_1_region	798392	4222424	5.29	0	20
ptg001331l_1	1347739	16908226	12.55	0	66
ptg001331l_1_region	1347739	16908226	12.55	0	66
ptg001334l_1	237104	1801869	7.60	0	19
ptg001334l_1_region	237104	1801869	7.60	0	19
ptg001336l_1	486749	3124807	6.42	0	20
ptg001336l_1_region	486749	3124807	6.42	0	20
ptg001337l_1	1247903	8824413	7.07	0	23
ptg001337l_1_region	1247903	8824413	7.07	0	23
ptg001338l_1	1507868	11457761	7.60	0	35
ptg001338l_1_region	1507868	11457761	7.60	0	35
ptg001339l_1	297381	2148479	7.22	0	31
ptg001339l_1_region	297381	2148479	7.22	0	31
ptg001340l_1	1160903	8612871	7.42	0	28
ptg001340l_1_region	1160903	8612871	7.42	0	28
ptg001341l_1	162590	1043987	6.42	0	17
ptg001341l_1_region	162590	1043987	6.42	0	17
ptg001342l_1	478032	2907499	6.08	0	21
ptg001342l_1_region	478032	2907499	6.08	0	21
ptg001343l_1	1956331	15574426	7.96	0	26
ptg001343l_1_region	1956331	15574426	7.96	0	26
ptg001345l_1	481458	4093239	8.50	0	28
ptg001345l_1_region	481458	4093239	8.50	0	28
ptg001346l_1	341711	2171698	6.36	0	29
ptg001346l_1_region	341711	2171698	6.36	0	29
ptg001347l_1	1222919	9504951	7.77	0	39
ptg001347l_1_region	1222919	9504951	7.77	0	39
ptg001350l_1	999220	8003752	8.01	0	69
ptg001350l_1_region	999220	8003752	8.01	0	69
ptg001352l_1	2789431	47156169	16.91	0	115
ptg001352l_1_region	2789431	47156169	16.91	0	115
ptg001353l_1	1043613	9792890	9.38	0	271
ptg001353l_1_region	1043613	9792890	9.38	0	271
ptg001354l_1	544650	4613484	8.47	0	26
ptg001354l_1_region	544650	4613484	8.47	0	26
ptg001355l_1	1517483	13329009	8.78	0	41
ptg001355l_1_region	1517483	13329009	8.78	0	41
ptg001356l_1	1623828	11251865	6.93	0	31
ptg001356l_1_region	1623828	11251865	6.93	0	31
ptg001358l_1	434518	2566565	5.91	0	20
ptg001358l_1_region	434518	2566565	5.91	0	20
ptg001359l_1	1748538	15881790	9.08	0	31
ptg001359l_1_region	1748538	15881790	9.08	0	31
ptg001360l_1	151121	239675	1.59	0	30
ptg001360l_1_region	151121	239675	1.59	0	30
ptg001362l_1	493970	2746699	5.56	0	28
ptg001362l_1_region	493970	2746699	5.56	0	28
ptg001363l_1	531448	2718200	5.11	0	17
ptg001363l_1_region	531448	2718200	5.11	0	17
ptg001364l_1	2038070	16305517	8.00	0	36
ptg001364l_1_region	2038070	16305517	8.00	0	36
ptg001365l_1	505968	3300736	6.52	0	28
ptg001365l_1_region	505968	3300736	6.52	0	28
ptg001368l_1	1237472	11436646	9.24	0	113
ptg001368l_1_region	1237472	11436646	9.24	0	113
ptg001369l_1	560903	4247605	7.57	0	23
ptg001369l_1_region	560903	4247605	7.57	0	23
ptg001370l_1	319184	3626370	11.36	0	38
ptg001370l_1_region	319184	3626370	11.36	0	38
ptg001371l_1	408185	2076765	5.09	0	21
ptg001371l_1_region	408185	2076765	5.09	0	21
ptg001372l_1	1124662	7766394	6.91	0	21
ptg001372l_1_region	1124662	7766394	6.91	0	21
ptg001374l_1	1646679	12431311	7.55	0	23
ptg001374l_1_region	1646679	12431311	7.55	0	23
ptg001377l_1	568133	3756463	6.61	0	23
ptg001377l_1_region	568133	3756463	6.61	0	23
ptg001379l_1	46612	222330	4.77	0	14
ptg001379l_1_region	46612	222330	4.77	0	14
ptg001380l_1	1529331	11321871	7.40	0	26
ptg001380l_1_region	1529331	11321871	7.40	0	26
ptg001381l_1	638857	5302208	8.30	0	19
ptg001381l_1_region	638857	5302208	8.30	0	19
ptg001383l_1	1125404	9417225	8.37	0	25
ptg001383l_1_region	1125404	9417225	8.37	0	25
ptg001384l_1	754421	5646404	7.48	0	18
ptg001384l_1_region	754421	5646404	7.48	0	18
ptg001385l_1	322322	4117435	12.77	0	43
ptg001385l_1_region	322322	4117435	12.77	0	43
ptg001387l_1	53084	291585	5.49	0	13
ptg001387l_1_region	53084	291585	5.49	0	13
ptg001388l_1	2224047	19411242	8.73	0	28
ptg001388l_1_region	2224047	19411242	8.73	0	28
ptg001390l_1	1342748	11162734	8.31	0	26
ptg001390l_1_region	1342748	11162734	8.31	0	26
ptg001391l_1	260580	1362080	5.23	0	14
ptg001391l_1_region	260580	1362080	5.23	0	14
ptg001392l_1	352525	2636321	7.48	0	19
ptg001392l_1_region	352525	2636321	7.48	0	19
ptg001393l_1	1783319	14056958	7.88	0	32
ptg001393l_1_region	1783319	14056958	7.88	0	32
ptg001395l_1	636776	3668523	5.76	0	20
ptg001395l_1_region	636776	3668523	5.76	0	20
ptg001398l_1	606457	4159324	6.86	0	19
ptg001398l_1_region	606457	4159324	6.86	0	19
ptg001402l_1	182714	1215223	6.65	0	18
ptg001402l_1_region	182714	1215223	6.65	0	18
ptg001403l_1	221544	1882050	8.50	0	21
ptg001403l_1_region	221544	1882050	8.50	0	21
ptg001404c_1	106053	561757	5.30	0	17
ptg001404c_1_region	106053	561757	5.30	0	17
ptg001406l_1	68041	529090	7.78	0	17
ptg001406l_1_region	68041	529090	7.78	0	17
ptg001407l_1	1095834	8465132	7.72	0	22
ptg001407l_1_region	1095834	8465132	7.72	0	22
ptg001408l_1	965460	7339961	7.60	0	22
ptg001408l_1_region	965460	7339961	7.60	0	22
ptg001409l_1	1039416	10354952	9.96	0	69
ptg001409l_1_region	1039416	10354952	9.96	0	69
ptg001411l_1	489626	3310012	6.76	0	70
ptg001411l_1_region	489626	3310012	6.76	0	70
ptg001412l_1	2029285	19515851	9.62	0	28
ptg001412l_1_region	2029285	19515851	9.62	0	28
ptg001414l_1	449830	2596520	5.77	0	53
ptg001414l_1_region	449830	2596520	5.77	0	53
ptg001415l_1	798724	5817418	7.28	0	24
ptg001415l_1_region	798724	5817418	7.28	0	24
ptg001416l_1	290293	1756852	6.05	0	66
ptg001416l_1_region	290293	1756852	6.05	0	66
ptg001417l_1	141728	687902	4.85	0	18
ptg001417l_1_region	141728	687902	4.85	0	18
ptg001418l_1	176600	965097	5.46	0	26
ptg001418l_1_region	176600	965097	5.46	0	26
ptg001419l_1	692017	4766764	6.89	0	25
ptg001419l_1_region	692017	4766764	6.89	0	25
ptg001420l_1	413126	2831354	6.85	0	21
ptg001420l_1_region	413126	2831354	6.85	0	21
ptg001422l_1	914960	7284617	7.96	0	20
ptg001422l_1_region	914960	7284617	7.96	0	20
ptg001424l_1	512758	5941773	11.59	0	99
ptg001424l_1_region	512758	5941773	11.59	0	99
ptg001425l_1	1724726	14440301	8.37	0	44
ptg001425l_1_region	1724726	14440301	8.37	0	44
ptg001426l_1	436185	4706271	10.79	0	46
ptg001426l_1_region	436185	4706271	10.79	0	46
ptg001427l_1	1496250	11682566	7.81	0	29
ptg001427l_1_region	1496250	11682566	7.81	0	29
ptg001429l_1	4598107	40551088	8.82	0	34
ptg001429l_1_region	4598107	40551088	8.82	0	34
ptg001430l_1	327501	3884373	11.86	0	107
ptg001430l_1_region	327501	3884373	11.86	0	107
ptg001433l_1	1646667	12605940	7.66	0	23
ptg001433l_1_region	1646667	12605940	7.66	0	23
ptg001434l_1	856961	7190457	8.39	0	19
ptg001434l_1_region	856961	7190457	8.39	0	19
ptg001435l_1	234760	1479105	6.30	0	42
ptg001435l_1_region	234760	1479105	6.30	0	42
ptg001436l_1	367781	3197931	8.70	0	179
ptg001436l_1_region	367781	3197931	8.70	0	179
ptg001437l_1	748502	5906818	7.89	0	24
ptg001437l_1_region	748502	5906818	7.89	0	24
ptg001438l_1	1622442	11343465	6.99	0	82
ptg001438l_1_region	1622442	11343465	6.99	0	82
ptg001439l_1	1197937	9613161	8.02	0	27
ptg001439l_1_region	1197937	9613161	8.02	0	27
ptg001440l_1	1940176	15599890	8.04	0	34
ptg001440l_1_region	1940176	15599890	8.04	0	34
ptg001441l_1	60762	500955	8.24	0	27
ptg001441l_1_region	60762	500955	8.24	0	27
ptg001442l_1	1026435	8610044	8.39	0	76
ptg001442l_1_region	1026435	8610044	8.39	0	76
ptg001444l_1	442356	2639820	5.97	0	25
ptg001444l_1_region	442356	2639820	5.97	0	25
ptg001447l_1	2320605	19710527	8.49	0	79
ptg001447l_1_region	2320605	19710527	8.49	0	79
ptg001448l_1	985573	8479274	8.60	0	29
ptg001448l_1_region	985573	8479274	8.60	0	29
ptg001450l_1	701996	5397444	7.69	0	30
ptg001450l_1_region	701996	5397444	7.69	0	30
ptg001451l_1	648436	9173710	14.15	0	1384
ptg001451l_1_region	648436	9173710	14.15	0	1384
ptg001453l_1	1160721	8233633	7.09	0	31
ptg001453l_1_region	1160721	8233633	7.09	0	31
ptg001454l_1	368543	2548647	6.92	0	21
ptg001454l_1_region	368543	2548647	6.92	0	21
ptg001457l_1	107966	594193	5.50	0	20
ptg001457l_1_region	107966	594193	5.50	0	20
ptg001458l_1	60423	186302	3.08	0	14
ptg001458l_1_region	60423	186302	3.08	0	14
ptg001459l_1	3214661	28156247	8.76	0	23
ptg001459l_1_region	3214661	28156247	8.76	0	23
ptg001460l_1	1362680	9110771	6.69	0	39
ptg001460l_1_region	1362680	9110771	6.69	0	39
ptg001462l_1	558923	4405817	7.88	0	20
ptg001462l_1_region	558923	4405817	7.88	0	20
ptg001464l_1	882858	9483805	10.74	0	34
ptg001464l_1_region	882858	9483805	10.74	0	34
ptg001465l_1	22738	57672	2.54	0	5
ptg001465l_1_region	22738	57672	2.54	0	5
ptg001467l_1	796456	7142262	8.97	0	37
ptg001467l_1_region	796456	7142262	8.97	0	37
ptg001469l_1	527362	4784311	9.07	0	32
ptg001469l_1_region	527362	4784311	9.07	0	32
ptg001470l_1	759154	5204617	6.86	0	23
ptg001470l_1_region	759154	5204617	6.86	0	23
ptg001471l_1	643284	4465624	6.94	0	31
ptg001471l_1_region	643284	4465624	6.94	0	31
ptg001473l_1	135228	733676	5.43	0	14
ptg001473l_1_region	135228	733676	5.43	0	14
ptg001474l_1	213561	1331489	6.23	0	18
ptg001474l_1_region	213561	1331489	6.23	0	18
ptg001475l_1	236383	938195	3.97	0	16
ptg001475l_1_region	236383	938195	3.97	0	16
ptg001476l_1	966089	8803874	9.11	0	41
ptg001476l_1_region	966089	8803874	9.11	0	41
ptg001478l_1	858523	7049458	8.21	0	23
ptg001478l_1_region	858523	7049458	8.21	0	23
ptg001479l_1	116899	840044	7.19	0	24
ptg001479l_1_region	116899	840044	7.19	0	24
ptg001482l_1	1622160	16707831	10.30	0	92
ptg001482l_1_region	1622160	16707831	10.30	0	92
ptg001483l_1	30469	109516	3.59	0	9
ptg001483l_1_region	30469	109516	3.59	0	9
ptg001486l_1	752891	6929311	9.20	0	32
ptg001486l_1_region	752891	6929311	9.20	0	32
ptg001487l_1	211531	935612	4.42	0	14
ptg001487l_1_region	211531	935612	4.42	0	14
ptg001488l_1	2710740	25442299	9.39	0	30
ptg001488l_1_region	2710740	25442299	9.39	0	30
ptg001489l_1	416204	3977710	9.56	0	22
ptg001489l_1_region	416204	3977710	9.56	0	22
ptg001491l_1	1574858	14085682	8.94	0	25
ptg001491l_1_region	1574858	14085682	8.94	0	25
ptg001492l_1	102984	654660	6.36	0	16
ptg001492l_1_region	102984	654660	6.36	0	16
ptg001493l_1	409818	3079461	7.51	0	17
ptg001493l_1_region	409818	3079461	7.51	0	17
ptg001496l_1	653564	5345783	8.18	0	36
ptg001496l_1_region	653564	5345783	8.18	0	36
ptg001499l_1	751139	6035680	8.04	0	20
ptg001499l_1_region	751139	6035680	8.04	0	20
ptg001502l_1	693715	7110462	10.25	0	76
ptg001502l_1_region	693715	7110462	10.25	0	76
ptg001507l_1	371869	3026904	8.14	0	22
ptg001507l_1_region	371869	3026904	8.14	0	22
ptg001508l_1	279879	1922701	6.87	0	14
ptg001508l_1_region	279879	1922701	6.87	0	14
ptg001511l_1	539014	4331681	8.04	0	21
ptg001511l_1_region	539014	4331681	8.04	0	21
ptg001512l_1	67184	375230	5.59	0	13
ptg001512l_1_region	67184	375230	5.59	0	13
ptg001513l_1	414355	3298376	7.96	0	24
ptg001513l_1_region	414355	3298376	7.96	0	24
ptg001514l_1	219276	1224761	5.59	0	22
ptg001514l_1_region	219276	1224761	5.59	0	22
ptg001515l_1	548911	6203541	11.30	0	61
ptg001515l_1_region	548911	6203541	11.30	0	61
ptg001516l_1	644937	4092550	6.35	0	19
ptg001516l_1_region	644937	4092550	6.35	0	19
ptg001517l_1	558251	9516096	17.05	0	271
ptg001517l_1_region	558251	9516096	17.05	0	271
ptg001519l_1	47479	219383	4.62	0	13
ptg001519l_1_region	47479	219383	4.62	0	13
ptg001520l_1	369240	2633603	7.13	0	19
ptg001520l_1_region	369240	2633603	7.13	0	19
ptg001522l_1	1841874	15302941	8.31	0	31
ptg001522l_1_region	1841874	15302941	8.31	0	31
ptg001524l_1	111691	922452	8.26	0	17
ptg001524l_1_region	111691	922452	8.26	0	17
ptg001527l_1	346799	2148026	6.19	0	21
ptg001527l_1_region	346799	2148026	6.19	0	21
ptg001528l_1	1228660	8300057	6.76	0	20
ptg001528l_1_region	1228660	8300057	6.76	0	20
ptg001529l_1	267300	2530888	9.47	0	32
ptg001529l_1_region	267300	2530888	9.47	0	32
ptg001532l_1	95797	231996	2.42	0	8
ptg001532l_1_region	95797	231996	2.42	0	8
ptg001533l_1	518122	3889997	7.51	0	26
ptg001533l_1_region	518122	3889997	7.51	0	26
ptg001534l_1	892235	8231463	9.23	0	22
ptg001534l_1_region	892235	8231463	9.23	0	22
ptg001536l_1	1189745	10464489	8.80	0	28
ptg001536l_1_region	1189745	10464489	8.80	0	28
ptg001537l_1	387847	1976217	5.10	0	17
ptg001537l_1_region	387847	1976217	5.10	0	17
ptg001540l_1	125576	865557	6.89	0	18
ptg001540l_1_region	125576	865557	6.89	0	18
ptg001542l_1	832962	15720989	18.87	0	183
ptg001542l_1_region	832962	15720989	18.87	0	183
ptg001543l_1	440197	3464677	7.87	0	18
ptg001543l_1_region	440197	3464677	7.87	0	18
ptg001544l_1	256056	1921500	7.50	0	18
ptg001544l_1_region	256056	1921500	7.50	0	18
ptg001547l_1	777420	6053675	7.79	0	19
ptg001547l_1_region	777420	6053675	7.79	0	19
ptg001549l_1	1354344	48173070	35.57	0	326
ptg001549l_1_region	1354344	48173070	35.57	0	326
ptg001554l_1	270566	1766426	6.53	0	15
ptg001554l_1_region	270566	1766426	6.53	0	15
ptg001555l_1	510384	2551397	5.00	0	25
ptg001555l_1_region	510384	2551397	5.00	0	25
ptg001556l_1	1098283	8867559	8.07	0	22
ptg001556l_1_region	1098283	8867559	8.07	0	22
ptg001560l_1	2749342	25927934	9.43	0	331
ptg001560l_1_region	2749342	25927934	9.43	0	331
ptg001561l_1	1779374	12700257	7.14	0	22
ptg001561l_1_region	1779374	12700257	7.14	0	22
ptg001562l_1	396540	2708191	6.83	0	16
ptg001562l_1_region	396540	2708191	6.83	0	16
ptg001563l_1	531613	3289469	6.19	0	25
ptg001563l_1_region	531613	3289469	6.19	0	25
ptg001564l_1	192787	6687681	34.69	1	236
ptg001564l_1_region	192787	6687681	34.69	1	236
ptg001565l_1	999794	8886368	8.89	0	54
ptg001565l_1_region	999794	8886368	8.89	0	54
ptg001566l_1	762508	6533076	8.57	0	24
ptg001566l_1_region	762508	6533076	8.57	0	24
ptg001567l_1	1400132	11512652	8.22	0	29
ptg001567l_1_region	1400132	11512652	8.22	0	29
ptg001568l_1	239422	1082534	4.52	0	14
ptg001568l_1_region	239422	1082534	4.52	0	14
ptg001569l_1	643925	4909265	7.62	0	22
ptg001569l_1_region	643925	4909265	7.62	0	22
ptg001570l_1	1309741	11422047	8.72	0	34
ptg001570l_1_region	1309741	11422047	8.72	0	34
ptg001571l_1	1597354	13855299	8.67	0	27
ptg001571l_1_region	1597354	13855299	8.67	0	27
ptg001576l_1	31236	126533	4.05	0	8
ptg001576l_1_region	31236	126533	4.05	0	8
ptg001578l_1	1596721	13517079	8.47	0	26
ptg001578l_1_region	1596721	13517079	8.47	0	26
ptg001580l_1	1776888	47529481	26.75	0	407
ptg001580l_1_region	1776888	47529481	26.75	0	407
ptg001581l_1	479866	3167844	6.60	0	26
ptg001581l_1_region	479866	3167844	6.60	0	26
ptg001584l_1	523338	4701987	8.98	0	30
ptg001584l_1_region	523338	4701987	8.98	0	30
ptg001587l_1	692762	6055574	8.74	0	20
ptg001587l_1_region	692762	6055574	8.74	0	20
ptg001588l_1	317422	2056586	6.48	0	17
ptg001588l_1_region	317422	2056586	6.48	0	17
ptg001589l_1	263216	1701147	6.46	0	16
ptg001589l_1_region	263216	1701147	6.46	0	16
ptg001590l_1	1217536	9336451	7.67	0	42
ptg001590l_1_region	1217536	9336451	7.67	0	42
ptg001591l_1	467565	1654484	3.54	0	129
ptg001591l_1_region	467565	1654484	3.54	0	129
ptg001592l_1	577436	4335849	7.51	0	23
ptg001592l_1_region	577436	4335849	7.51	0	23
ptg001593l_1	971216	33449939	34.44	0	109
ptg001593l_1_region	971216	33449939	34.44	0	109
ptg001595l_1	522174	3547459	6.79	0	33
ptg001595l_1_region	522174	3547459	6.79	0	33
ptg001596l_1	3152441	27331780	8.67	0	29
ptg001596l_1_region	3152441	27331780	8.67	0	29
ptg001600l_1	403000	2923661	7.25	0	30
ptg001600l_1_region	403000	2923661	7.25	0	30
ptg001601l_1	380890	3338885	8.77	0	38
ptg001601l_1_region	380890	3338885	8.77	0	38
ptg001603l_1	117141	558047	4.76	0	11
ptg001603l_1_region	117141	558047	4.76	0	11
ptg001604l_1	791545	7309809	9.23	0	84
ptg001604l_1_region	791545	7309809	9.23	0	84
ptg001605l_1	850712	6214471	7.31	0	33
ptg001605l_1_region	850712	6214471	7.31	0	33
ptg001606l_1	1030763	7616576	7.39	0	24
ptg001606l_1_region	1030763	7616576	7.39	0	24
ptg001607l_1	43985	266220	6.05	0	17
ptg001607l_1_region	43985	266220	6.05	0	17
ptg001609l_1	48905	278919	5.70	0	22
ptg001609l_1_region	48905	278919	5.70	0	22
ptg001610l_1	1380176	10914754	7.91	0	24
ptg001610l_1_region	1380176	10914754	7.91	0	24
ptg001612l_1	623878	4781381	7.66	0	81
ptg001612l_1_region	623878	4781381	7.66	0	81
ptg001613l_1	595097	5917351	9.94	0	28
ptg001613l_1_region	595097	5917351	9.94	0	28
ptg001614l_1	973094	7200313	7.40	0	27
ptg001614l_1_region	973094	7200313	7.40	0	27
ptg001615l_1	929119	8892139	9.57	0	43
ptg001615l_1_region	929119	8892139	9.57	0	43
ptg001617l_1	1004410	8489413	8.45	0	56
ptg001617l_1_region	1004410	8489413	8.45	0	56
ptg001619l_1	442734	2727784	6.16	0	17
ptg001619l_1_region	442734	2727784	6.16	0	17
ptg001621l_1	224281	1359883	6.06	0	13
ptg001621l_1_region	224281	1359883	6.06	0	13
ptg001622l_1	63926	374666	5.86	0	14
ptg001622l_1_region	63926	374666	5.86	0	14
ptg001623l_1	378362	3435594	9.08	0	28
ptg001623l_1_region	378362	3435594	9.08	0	28
ptg001624l_1	1833058	16776909	9.15	0	26
ptg001624l_1_region	1833058	16776909	9.15	0	26
ptg001626l_1	632111	4632456	7.33	0	21
ptg001626l_1_region	632111	4632456	7.33	0	21
ptg001627l_1	701373	5137286	7.32	0	27
ptg001627l_1_region	701373	5137286	7.32	0	27
ptg001629l_1	388870	3342815	8.60	0	130
ptg001629l_1_region	388870	3342815	8.60	0	130
ptg001632l_1	197221	2081801	10.56	0	25
ptg001632l_1_region	197221	2081801	10.56	0	25
ptg001633l_1	161334	1388065	8.60	0	22
ptg001633l_1_region	161334	1388065	8.60	0	22
ptg001634l_1	289136	1471792	5.09	0	23
ptg001634l_1_region	289136	1471792	5.09	0	23
ptg001635l_1	1088898	7966409	7.32	0	66
ptg001635l_1_region	1088898	7966409	7.32	0	66
ptg001636l_1	2526851	21421497	8.48	0	26
ptg001636l_1_region	2526851	21421497	8.48	0	26
ptg001639l_1	317685	2066291	6.50	0	26
ptg001639l_1_region	317685	2066291	6.50	0	26
ptg001641l_1	705564	5066526	7.18	0	27
ptg001641l_1_region	705564	5066526	7.18	0	27
ptg001642l_1	217557	1272453	5.85	0	21
ptg001642l_1_region	217557	1272453	5.85	0	21
ptg001643l_1	1350970	11077768	8.20	0	29
ptg001643l_1_region	1350970	11077768	8.20	0	29
ptg001644l_1	589838	4431473	7.51	0	20
ptg001644l_1_region	589838	4431473	7.51	0	20
ptg001645l_1	1352771	18658326	13.79	0	142
ptg001645l_1_region	1352771	18658326	13.79	0	142
ptg001648l_1	148472	1781467	12.00	0	50
ptg001648l_1_region	148472	1781467	12.00	0	50
ptg001650l_1	1166265	10011226	8.58	0	33
ptg001650l_1_region	1166265	10011226	8.58	0	33
ptg001651l_1	446525	3997028	8.95	0	27
ptg001651l_1_region	446525	3997028	8.95	0	27
ptg001655l_1	958195	10927786	11.40	0	57
ptg001655l_1_region	958195	10927786	11.40	0	57
ptg001656l_1	796257	6005323	7.54	0	80
ptg001656l_1_region	796257	6005323	7.54	0	80
ptg001657l_1	325719	2861391	8.78	0	47
ptg001657l_1_region	325719	2861391	8.78	0	47
ptg001659l_1	352590	2621133	7.43	0	17
ptg001659l_1_region	352590	2621133	7.43	0	17
ptg001660l_1	29712	50288	1.69	0	4
ptg001660l_1_region	29712	50288	1.69	0	4
ptg001662l_1	154027	1102849	7.16	0	54
ptg001662l_1_region	154027	1102849	7.16	0	54
ptg001665l_1	1483974	18845762	12.70	0	351
ptg001665l_1_region	1483974	18845762	12.70	0	351
ptg001666l_1	728199	5064919	6.96	0	25
ptg001666l_1_region	728199	5064919	6.96	0	25
ptg001667l_1	858070	7613225	8.87	0	25
ptg001667l_1_region	858070	7613225	8.87	0	25
ptg001668l_1	1366693	12162018	8.90	0	27
ptg001668l_1_region	1366693	12162018	8.90	0	27
ptg001669l_1	719191	5861312	8.15	0	24
ptg001669l_1_region	719191	5861312	8.15	0	24
ptg001670l_1	886342	7820214	8.82	0	217
ptg001670l_1_region	886342	7820214	8.82	0	217
ptg001671l_1	254626	2500111	9.82	0	50
ptg001671l_1_region	254626	2500111	9.82	0	50
ptg001672l_1	730912	6291935	8.61	0	36
ptg001672l_1_region	730912	6291935	8.61	0	36
ptg001673l_1	1246373	9055521	7.27	0	23
ptg001673l_1_region	1246373	9055521	7.27	0	23
ptg001674l_1	848444	5944690	7.01	0	48
ptg001674l_1_region	848444	5944690	7.01	0	48
ptg001675l_1	583147	3429786	5.88	0	32
ptg001675l_1_region	583147	3429786	5.88	0	32
ptg001676l_1	445796	4004861	8.98	0	35
ptg001676l_1_region	445796	4004861	8.98	0	35
ptg001677l_1	830705	6297192	7.58	0	34
ptg001677l_1_region	830705	6297192	7.58	0	34
ptg001678l_1	346827	2358734	6.80	0	23
ptg001678l_1_region	346827	2358734	6.80	0	23
ptg001679l_1	1311549	10670768	8.14	0	154
ptg001679l_1_region	1311549	10670768	8.14	0	154
ptg001680l_1	909604	5533532	6.08	0	63
ptg001680l_1_region	909604	5533532	6.08	0	63
ptg001683l_1	905971	8569883	9.46	0	23
ptg001683l_1_region	905971	8569883	9.46	0	23
ptg001684l_1	351008	1715671	4.89	0	18
ptg001684l_1_region	351008	1715671	4.89	0	18
ptg001685l_1	1432383	12667176	8.84	0	28
ptg001685l_1_region	1432383	12667176	8.84	0	28
ptg001687l_1	529465	5168114	9.76	0	28
ptg001687l_1_region	529465	5168114	9.76	0	28
ptg001688l_1	451249	4033009	8.94	0	41
ptg001688l_1_region	451249	4033009	8.94	0	41
ptg001690l_1	1111945	7555019	6.79	0	24
ptg001690l_1_region	1111945	7555019	6.79	0	24
ptg001691l_1	657881	4819215	7.33	0	17
ptg001691l_1_region	657881	4819215	7.33	0	17
ptg001693l_1	704577	5553644	7.88	0	30
ptg001693l_1_region	704577	5553644	7.88	0	30
ptg001694l_1	255814	1544758	6.04	0	29
ptg001694l_1_region	255814	1544758	6.04	0	29
ptg001696l_1	663404	5441197	8.20	0	23
ptg001696l_1_region	663404	5441197	8.20	0	23
ptg001697l_1	193272	1692851	8.76	0	32
ptg001697l_1_region	193272	1692851	8.76	0	32
ptg001699l_1	364280	3258490	8.95	0	42
ptg001699l_1_region	364280	3258490	8.95	0	42
ptg001700l_1	326768	1896922	5.81	0	16
ptg001700l_1_region	326768	1896922	5.81	0	16
ptg001701l_1	635211	5662626	8.91	0	27
ptg001701l_1_region	635211	5662626	8.91	0	27
ptg001702l_1	123244	776093	6.30	0	17
ptg001702l_1_region	123244	776093	6.30	0	17
ptg001705l_1	1056978	8293431	7.85	0	20
ptg001705l_1_region	1056978	8293431	7.85	0	20
ptg001707l_1	284547	2560589	9.00	0	26
ptg001707l_1_region	284547	2560589	9.00	0	26
ptg001708l_1	224862	1424023	6.33	0	20
ptg001708l_1_region	224862	1424023	6.33	0	20
ptg001709l_1	597434	3709665	6.21	0	23
ptg001709l_1_region	597434	3709665	6.21	0	23
ptg001710l_1	567049	3975029	7.01	0	19
ptg001710l_1_region	567049	3975029	7.01	0	19
ptg001711l_1	595446	4745802	7.97	0	23
ptg001711l_1_region	595446	4745802	7.97	0	23
ptg001712l_1	598157	4146184	6.93	0	33
ptg001712l_1_region	598157	4146184	6.93	0	33
ptg001713l_1	362251	3017856	8.33	0	19
ptg001713l_1_region	362251	3017856	8.33	0	19
ptg001714l_1	25599	111129	4.34	0	11
ptg001714l_1_region	25599	111129	4.34	0	11
ptg001715l_1	1342135	11011739	8.20	0	21
ptg001715l_1_region	1342135	11011739	8.20	0	21
ptg001718l_1	146689	682840	4.66	0	14
ptg001718l_1_region	146689	682840	4.66	0	14
ptg001721l_1	417516	1636498	3.92	0	49
ptg001721l_1_region	417516	1636498	3.92	0	49
ptg001722l_1	428346	2641880	6.17	0	19
ptg001722l_1_region	428346	2641880	6.17	0	19
ptg001723l_1	832682	7204371	8.65	0	28
ptg001723l_1_region	832682	7204371	8.65	0	28
ptg001725l_1	459037	3787746	8.25	0	30
ptg001725l_1_region	459037	3787746	8.25	0	30
ptg001726l_1	1889285	18341190	9.71	0	77
ptg001726l_1_region	1889285	18341190	9.71	0	77
ptg001728l_1	858913	5964072	6.94	0	41
ptg001728l_1_region	858913	5964072	6.94	0	41
ptg001729l_1	798556	6617859	8.29	0	49
ptg001729l_1_region	798556	6617859	8.29	0	49
ptg001730l_1	206129	1716658	8.33	0	23
ptg001730l_1_region	206129	1716658	8.33	0	23
ptg001731l_1	453823	3614156	7.96	0	27
ptg001731l_1_region	453823	3614156	7.96	0	27
ptg001734l_1	20749	966588	46.58	0	104
ptg001734l_1_region	20749	966588	46.58	0	104
ptg001737l_1	169303	1441534	8.51	0	25
ptg001737l_1_region	169303	1441534	8.51	0	25
ptg001738l_1	439401	4587610	10.44	0	58
ptg001738l_1_region	439401	4587610	10.44	0	58
ptg001739l_1	252794	2552499	10.10	0	38
ptg001739l_1_region	252794	2552499	10.10	0	38
ptg001740l_1	1103502	9032299	8.19	0	22
ptg001740l_1_region	1103502	9032299	8.19	0	22
ptg001741l_1	383466	2636892	6.88	0	20
ptg001741l_1_region	383466	2636892	6.88	0	20
ptg001742l_1	1062257	8380034	7.89	0	23
ptg001742l_1_region	1062257	8380034	7.89	0	23
ptg001743l_1	193865	988472	5.10	0	13
ptg001743l_1_region	193865	988472	5.10	0	13
ptg001744l_1	224054	521904	2.33	0	14
ptg001744l_1_region	224054	521904	2.33	0	14
ptg001746l_1	418338	2989401	7.15	0	25
ptg001746l_1_region	418338	2989401	7.15	0	25
ptg001750l_1	397015	2238781	5.64	0	22
ptg001750l_1_region	397015	2238781	5.64	0	22
ptg001752l_1	1215286	10949734	9.01	0	43
ptg001752l_1_region	1215286	10949734	9.01	0	43
ptg001753l_1	505461	3163912	6.26	0	28
ptg001753l_1_region	505461	3163912	6.26	0	28
ptg001761l_1	385797	3101719	8.04	0	24
ptg001761l_1_region	385797	3101719	8.04	0	24
ptg001762l_1	1986964	15765863	7.93	0	25
ptg001762l_1_region	1986964	15765863	7.93	0	25
ptg001763l_1	1760033	14418464	8.19	0	25
ptg001763l_1_region	1760033	14418464	8.19	0	25
ptg001768l_1	434221	2009328	4.63	0	105
ptg001768l_1_region	434221	2009328	4.63	0	105
ptg001771l_1	256923	1506576	5.86	0	15
ptg001771l_1_region	256923	1506576	5.86	0	15
ptg001772l_1	1748488	11894348	6.80	0	50
ptg001772l_1_region	1748488	11894348	6.80	0	50
ptg001774l_1	150164	1444856	9.62	0	29
ptg001774l_1_region	150164	1444856	9.62	0	29
ptg001775l_1	1440977	11388535	7.90	0	29
ptg001775l_1_region	1440977	11388535	7.90	0	29
ptg001776l_1	2064880	15090550	7.31	0	24
ptg001776l_1_region	2064880	15090550	7.31	0	24
ptg001777l_1	1294987	11431378	8.83	0	28
ptg001777l_1_region	1294987	11431378	8.83	0	28
ptg001778l_1	448070	2545807	5.68	0	21
ptg001778l_1_region	448070	2545807	5.68	0	21
ptg001779l_1	207296	1412436	6.81	0	18
ptg001779l_1_region	207296	1412436	6.81	0	18
ptg001780l_1	453561	4095967	9.03	0	19
ptg001780l_1_region	453561	4095967	9.03	0	19
ptg001781l_1	194452	1034384	5.32	0	22
ptg001781l_1_region	194452	1034384	5.32	0	22
ptg001783l_1	442157	5816953	13.16	0	43
ptg001783l_1_region	442157	5816953	13.16	0	43
ptg001784l_1	138942	1006163	7.24	0	19
ptg001784l_1_region	138942	1006163	7.24	0	19
ptg001785l_1	102746	412672	4.02	0	27
ptg001785l_1_region	102746	412672	4.02	0	27
ptg001786l_1	584925	4455781	7.62	0	25
ptg001786l_1_region	584925	4455781	7.62	0	25
ptg001789l_1	1674916	15306022	9.14	0	25
ptg001789l_1_region	1674916	15306022	9.14	0	25
ptg001790l_1	108356	602593	5.56	0	12
ptg001790l_1_region	108356	602593	5.56	0	12
ptg001794l_1	574955	20734967	36.06	0	464
ptg001794l_1_region	574955	20734967	36.06	0	464
ptg001795l_1	289727	2220231	7.66	0	17
ptg001795l_1_region	289727	2220231	7.66	0	17
ptg001796l_1	883659	6696821	7.58	0	46
ptg001796l_1_region	883659	6696821	7.58	0	46
ptg001797l_1	1283077	9130210	7.12	0	26
ptg001797l_1_region	1283077	9130210	7.12	0	26
ptg001798l_1	682935	3989302	5.84	0	21
ptg001798l_1_region	682935	3989302	5.84	0	21
ptg001799l_1	396818	3558615	8.97	0	71
ptg001799l_1_region	396818	3558615	8.97	0	71
ptg001801l_1	154119	2700310	17.52	0	98
ptg001801l_1_region	154119	2700310	17.52	0	98
ptg001806l_1	284286	24647313	86.70	1	485
ptg001806l_1_region	284286	24647313	86.70	1	485
ptg001816l_1	1149706	9373406	8.15	0	21
ptg001816l_1_region	1149706	9373406	8.15	0	21
ptg001817l_1	139912	1022992	7.31	0	24
ptg001817l_1_region	139912	1022992	7.31	0	24
ptg001819l_1	360202	2926874	8.13	0	43
ptg001819l_1_region	360202	2926874	8.13	0	43
ptg001821l_1	1351612	11451043	8.47	0	26
ptg001821l_1_region	1351612	11451043	8.47	0	26
ptg001822l_1	401012	3687968	9.20	0	20
ptg001822l_1_region	401012	3687968	9.20	0	20
ptg001823l_1	648588	4321569	6.66	0	28
ptg001823l_1_region	648588	4321569	6.66	0	28
ptg001824l_1	2780485	23673741	8.51	0	30
ptg001824l_1_region	2780485	23673741	8.51	0	30
ptg001825l_1	2313940	19370805	8.37	0	31
ptg001825l_1_region	2313940	19370805	8.37	0	31
ptg001826l_1	487730	6052222	12.41	0	111
ptg001826l_1_region	487730	6052222	12.41	0	111
ptg001827l_1	961972	7840183	8.15	0	36
ptg001827l_1_region	961972	7840183	8.15	0	36
ptg001828l_1	33564	230575	6.87	0	17
ptg001828l_1_region	33564	230575	6.87	0	17
ptg001830l_1	563063	5000181	8.88	0	39
ptg001830l_1_region	563063	5000181	8.88	0	39
ptg001832l_1	208022	1405858	6.76	0	18
ptg001832l_1_region	208022	1405858	6.76	0	18
ptg001834l_1	66095	1038725	15.72	0	337
ptg001834l_1_region	66095	1038725	15.72	0	337
ptg001835l_1	331098	1550894	4.68	0	17
ptg001835l_1_region	331098	1550894	4.68	0	17
ptg001837l_1	882386	8609695	9.76	0	30
ptg001837l_1_region	882386	8609695	9.76	0	30
ptg001838l_1	1031182	9971419	9.67	0	29
ptg001838l_1_region	1031182	9971419	9.67	0	29
ptg001839l_1	762619	7385716	9.68	0	57
ptg001839l_1_region	762619	7385716	9.68	0	57
ptg001840l_1	84424	392498	4.65	0	11
ptg001840l_1_region	84424	392498	4.65	0	11
ptg001844l_1	758331	6801876	8.97	0	19
ptg001844l_1_region	758331	6801876	8.97	0	19
ptg001846l_1	62252	234925	3.77	0	13
ptg001846l_1_region	62252	234925	3.77	0	13
ptg001848l_1	630700	6542608	10.37	0	114
ptg001848l_1_region	630700	6542608	10.37	0	114
ptg001849l_1	385274	2195917	5.70	0	24
ptg001849l_1_region	385274	2195917	5.70	0	24
ptg001850l_1	1539190	12501572	8.12	0	29
ptg001850l_1_region	1539190	12501572	8.12	0	29
ptg001851l_1	139130	644655	4.63	0	15
ptg001851l_1_region	139130	644655	4.63	0	15
ptg001852l_1	114306	467251	4.09	0	15
ptg001852l_1_region	114306	467251	4.09	0	15
ptg001853l_1	717196	5513177	7.69	0	35
ptg001853l_1_region	717196	5513177	7.69	0	35
ptg001854l_1	114865	750444	6.53	0	20
ptg001854l_1_region	114865	750444	6.53	0	20
ptg001855l_1	424324	3972250	9.36	0	327
ptg001855l_1_region	424324	3972250	9.36	0	327
ptg001856l_1	327409	2189459	6.69	0	19
ptg001856l_1_region	327409	2189459	6.69	0	19
ptg001857l_1	100240	657868	6.56	0	19
ptg001857l_1_region	100240	657868	6.56	0	19
ptg001859l_1	32250	503467	15.61	0	29
ptg001859l_1_region	32250	503467	15.61	0	29
ptg001861l_1	1923624	17380481	9.04	0	35
ptg001861l_1_region	1923624	17380481	9.04	0	35
ptg001862l_1	652786	5613243	8.60	0	28
ptg001862l_1_region	652786	5613243	8.60	0	28
ptg001863l_1	180081	847804	4.71	0	18
ptg001863l_1_region	180081	847804	4.71	0	18
ptg001866l_1	216788	1585317	7.31	0	23
ptg001866l_1_region	216788	1585317	7.31	0	23
ptg001868l_1	526703	3382173	6.42	0	27
ptg001868l_1_region	526703	3382173	6.42	0	27
ptg001869l_1	766965	6354372	8.29	0	26
ptg001869l_1_region	766965	6354372	8.29	0	26
ptg001870l_1	1758460	15594989	8.87	0	47
ptg001870l_1_region	1758460	15594989	8.87	0	47
ptg001872l_1	174686	680716	3.90	0	16
ptg001872l_1_region	174686	680716	3.90	0	16
ptg001873l_1	925077	7166101	7.75	0	34
ptg001873l_1_region	925077	7166101	7.75	0	34
ptg001874l_1	447705	4041890	9.03	0	56
ptg001874l_1_region	447705	4041890	9.03	0	56
ptg001875l_1	1418564	10109786	7.13	0	41
ptg001875l_1_region	1418564	10109786	7.13	0	41
ptg001878l_1	381444	4382938	11.49	0	137
ptg001878l_1_region	381444	4382938	11.49	0	137
ptg001882l_1	101025	659141	6.52	0	40
ptg001882l_1_region	101025	659141	6.52	0	40
ptg001885l_1	651648	4988905	7.66	0	20
ptg001885l_1_region	651648	4988905	7.66	0	20
ptg001886l_1	142914	929352	6.50	0	15
ptg001886l_1_region	142914	929352	6.50	0	15
ptg001887l_1	897067	7592608	8.46	0	30
ptg001887l_1_region	897067	7592608	8.46	0	30
ptg001888l_1	704622	5268182	7.48	0	22
ptg001888l_1_region	704622	5268182	7.48	0	22
ptg001890l_1	63758	507452	7.96	0	13
ptg001890l_1_region	63758	507452	7.96	0	13
ptg001891l_1	791640	5618833	7.10	0	69
ptg001891l_1_region	791640	5618833	7.10	0	69
ptg001892l_1	1047573	8491106	8.11	0	25
ptg001892l_1_region	1047573	8491106	8.11	0	25
ptg001893l_1	1024891	7213520	7.04	0	22
ptg001893l_1_region	1024891	7213520	7.04	0	22
ptg001895l_1	279501	2469701	8.84	0	18
ptg001895l_1_region	279501	2469701	8.84	0	18
ptg001896l_1	1135642	9593431	8.45	0	25
ptg001896l_1_region	1135642	9593431	8.45	0	25
ptg001899l_1	100961	401301	3.97	0	17
ptg001899l_1_region	100961	401301	3.97	0	17
ptg001900l_1	31132	272333	8.75	2	26
ptg001900l_1_region	31132	272333	8.75	2	26
ptg001901l_1	413222	1850997	4.48	0	15
ptg001901l_1_region	413222	1850997	4.48	0	15
ptg001903l_1	465029	4225155	9.09	0	53
ptg001903l_1_region	465029	4225155	9.09	0	53
ptg001904l_1	307203	55855	0.18	0	3
ptg001904l_1_region	307203	55855	0.18	0	3
ptg001905l_1	188640	1629257	8.64	0	15
ptg001905l_1_region	188640	1629257	8.64	0	15
ptg001906l_1	367694	1651587	4.49	0	20
ptg001906l_1_region	367694	1651587	4.49	0	20
ptg001907l_1	346338	2351256	6.79	0	92
ptg001907l_1_region	346338	2351256	6.79	0	92
ptg001908l_1	290666	2047298	7.04	0	19
ptg001908l_1_region	290666	2047298	7.04	0	19
ptg001909l_1	922109	6447317	6.99	0	27
ptg001909l_1_region	922109	6447317	6.99	0	27
ptg001910l_1	37609	146765	3.90	0	9
ptg001910l_1_region	37609	146765	3.90	0	9
ptg001911l_1	2334142	21241130	9.10	0	82
ptg001911l_1_region	2334142	21241130	9.10	0	82
ptg001913l_1	600171	6327111	10.54	0	33
ptg001913l_1_region	600171	6327111	10.54	0	33
ptg001915l_1	420605	2511925	5.97	0	27
ptg001915l_1_region	420605	2511925	5.97	0	27
ptg001916l_1	197712	3144719	15.91	0	40
ptg001916l_1_region	197712	3144719	15.91	0	40
ptg001917l_1	122696	582586	4.75	0	17
ptg001917l_1_region	122696	582586	4.75	0	17
ptg001919l_1	245098	1140842	4.65	0	18
ptg001919l_1_region	245098	1140842	4.65	0	18
ptg001920l_1	907892	6940927	7.65	0	23
ptg001920l_1_region	907892	6940927	7.65	0	23
ptg001921l_1	155137	1233383	7.95	0	16
ptg001921l_1_region	155137	1233383	7.95	0	16
ptg001922l_1	1439639	11339914	7.88	0	23
ptg001922l_1_region	1439639	11339914	7.88	0	23
ptg001923l_1	589323	3526110	5.98	0	18
ptg001923l_1_region	589323	3526110	5.98	0	18
ptg001924l_1	1401712	12054273	8.60	0	24
ptg001924l_1_region	1401712	12054273	8.60	0	24
ptg001925l_1	295625	1836547	6.21	0	39
ptg001925l_1_region	295625	1836547	6.21	0	39
ptg001927l_1	833533	6613298	7.93	0	22
ptg001927l_1_region	833533	6613298	7.93	0	22
ptg001930l_1	320841	1362795	4.25	0	19
ptg001930l_1_region	320841	1362795	4.25	0	19
ptg001931l_1	841496	6755869	8.03	0	27
ptg001931l_1_region	841496	6755869	8.03	0	27
ptg001932l_1	416119	3329204	8.00	0	20
ptg001932l_1_region	416119	3329204	8.00	0	20
ptg001933l_1	237103	3195369	13.48	0	31
ptg001933l_1_region	237103	3195369	13.48	0	31
ptg001939l_1	129625	766424	5.91	0	21
ptg001939l_1_region	129625	766424	5.91	0	21
ptg001940l_1	262964	2258276	8.59	0	30
ptg001940l_1_region	262964	2258276	8.59	0	30
ptg001941l_1	1009494	7493007	7.42	0	18
ptg001941l_1_region	1009494	7493007	7.42	0	18
ptg001942l_1	1582544	14581530	9.21	0	160
ptg001942l_1_region	1582544	14581530	9.21	0	160
ptg001946l_1	233968	1508476	6.45	0	23
ptg001946l_1_region	233968	1508476	6.45	0	23
ptg001949l_1	1519599	8684778	5.72	0	28
ptg001949l_1_region	1519599	8684778	5.72	0	28
ptg001951l_1	812621	6382836	7.85	0	35
ptg001951l_1_region	812621	6382836	7.85	0	35
ptg001953l_1	389413	2902325	7.45	0	23
ptg001953l_1_region	389413	2902325	7.45	0	23
ptg001954l_1	1293151	10585752	8.19	0	25
ptg001954l_1_region	1293151	10585752	8.19	0	25
ptg001955l_1	1142463	7952683	6.96	0	23
ptg001955l_1_region	1142463	7952683	6.96	0	23
ptg001956l_1	2165955	19283467	8.90	0	29
ptg001956l_1_region	2165955	19283467	8.90	0	29
ptg001958l_1	385758	3246625	8.42	0	24
ptg001958l_1_region	385758	3246625	8.42	0	24
ptg001961l_1	195534	1399741	7.16	0	17
ptg001961l_1_region	195534	1399741	7.16	0	17
ptg001964l_1	509101	3372838	6.63	0	22
ptg001964l_1_region	509101	3372838	6.63	0	22
ptg001965l_1	170556	1331190	7.81	0	26
ptg001965l_1_region	170556	1331190	7.81	0	26
ptg001970l_1	177759	1469879	8.27	0	22
ptg001970l_1_region	177759	1469879	8.27	0	22
ptg001971l_1	586535	5059664	8.63	0	73
ptg001971l_1_region	586535	5059664	8.63	0	73
ptg001972l_1	447266	3310577	7.40	0	109
ptg001972l_1_region	447266	3310577	7.40	0	109
ptg001973l_1	444501	2472068	5.56	0	26
ptg001973l_1_region	444501	2472068	5.56	0	26
ptg001976l_1	801640	7288380	9.09	0	31
ptg001976l_1_region	801640	7288380	9.09	0	31
ptg001977l_1	1664363	12252607	7.36	0	31
ptg001977l_1_region	1664363	12252607	7.36	0	31
ptg001978l_1	85964	511046	5.94	0	21
ptg001978l_1_region	85964	511046	5.94	0	21
ptg001979l_1	153963	948226	6.16	0	15
ptg001979l_1_region	153963	948226	6.16	0	15
ptg001980l_1	524199	5392873	10.29	0	106
ptg001980l_1_region	524199	5392873	10.29	0	106
ptg001981l_1	607727	3677770	6.05	0	34
ptg001981l_1_region	607727	3677770	6.05	0	34
ptg001983l_1	407716	3505777	8.60	0	46
ptg001983l_1_region	407716	3505777	8.60	0	46
ptg001984l_1	987526	7554481	7.65	0	24
ptg001984l_1_region	987526	7554481	7.65	0	24
ptg001987l_1	681933	5239556	7.68	0	21
ptg001987l_1_region	681933	5239556	7.68	0	21
ptg001989l_1	390149	4690459	12.02	0	47
ptg001989l_1_region	390149	4690459	12.02	0	47
ptg001990l_1	215358	1130740	5.25	0	21
ptg001990l_1_region	215358	1130740	5.25	0	21
ptg001991l_1	65193	399585	6.13	0	19
ptg001991l_1_region	65193	399585	6.13	0	19
ptg001992l_1	1305552	12165014	9.32	0	49
ptg001992l_1_region	1305552	12165014	9.32	0	49
ptg001993l_1	1690961	13467159	7.96	0	27
ptg001993l_1_region	1690961	13467159	7.96	0	27
ptg001994l_1	222846	2074715	9.31	0	27
ptg001994l_1_region	222846	2074715	9.31	0	27
ptg001995l_1	250881	1494110	5.96	0	17
ptg001995l_1_region	250881	1494110	5.96	0	17
ptg001996l_1	472406	2473094	5.24	0	30
ptg001996l_1_region	472406	2473094	5.24	0	30
ptg001997l_1	1977463	21940396	11.10	0	31
ptg001997l_1_region	1977463	21940396	11.10	0	31
ptg001998l_1	1010199	9471249	9.38	0	80
ptg001998l_1_region	1010199	9471249	9.38	0	80
ptg002001l_1	252921	1934948	7.65	0	147
ptg002001l_1_region	252921	1934948	7.65	0	147
ptg002002l_1	189120	932375	4.93	0	18
ptg002002l_1_region	189120	932375	4.93	0	18
ptg002003l_1	1061969	7870834	7.41	0	349
ptg002003l_1_region	1061969	7870834	7.41	0	349
ptg002004l_1	881989	6218192	7.05	0	40
ptg002004l_1_region	881989	6218192	7.05	0	40
ptg002006l_1	1022909	8469385	8.28	0	33
ptg002006l_1_region	1022909	8469385	8.28	0	33
ptg002007l_1	184108	841756	4.57	0	21
ptg002007l_1_region	184108	841756	4.57	0	21
ptg002009l_1	569444	4375144	7.68	0	24
ptg002009l_1_region	569444	4375144	7.68	0	24
ptg002013l_1	511681	4298912	8.40	0	31
ptg002013l_1_region	511681	4298912	8.40	0	31
ptg002014l_1	390130	2924763	7.50	0	30
ptg002014l_1_region	390130	2924763	7.50	0	30
ptg002017l_1	488173	3234062	6.62	0	28
ptg002017l_1_region	488173	3234062	6.62	0	28
ptg002024l_1	357091	2289909	6.41	0	17
ptg002024l_1_region	357091	2289909	6.41	0	17
ptg002025l_1	195390	1049716	5.37	0	20
ptg002025l_1_region	195390	1049716	5.37	0	20
ptg002027l_1	72997	699541	9.58	0	18
ptg002027l_1_region	72997	699541	9.58	0	18
ptg002028l_1	165896	859997	5.18	0	23
ptg002028l_1_region	165896	859997	5.18	0	23
ptg002029l_1	634224	2926585	4.61	0	16
ptg002029l_1_region	634224	2926585	4.61	0	16
ptg002032l_1	389372	2989161	7.68	0	30
ptg002032l_1_region	389372	2989161	7.68	0	30
ptg002033l_1	966469	7760097	8.03	0	53
ptg002033l_1_region	966469	7760097	8.03	0	53
ptg002036l_1	1003822	7699062	7.67	0	32
ptg002036l_1_region	1003822	7699062	7.67	0	32
ptg002038l_1	554276	3761153	6.79	0	20
ptg002038l_1_region	554276	3761153	6.79	0	20
ptg002039l_1	555100	3336266	6.01	0	23
ptg002039l_1_region	555100	3336266	6.01	0	23
ptg002042l_1	420370	3007372	7.15	0	18
ptg002042l_1_region	420370	3007372	7.15	0	18
ptg002043l_1	258646	2635260	10.19	0	33
ptg002043l_1_region	258646	2635260	10.19	0	33
ptg002045l_1	603093	3931632	6.52	0	17
ptg002045l_1_region	603093	3931632	6.52	0	17
ptg002046l_1	202437	1813240	8.96	0	24
ptg002046l_1_region	202437	1813240	8.96	0	24
ptg002047l_1	201390	1084240	5.38	0	14
ptg002047l_1_region	201390	1084240	5.38	0	14
ptg002048l_1	1441196	12018002	8.34	0	25
ptg002048l_1_region	1441196	12018002	8.34	0	25
ptg002049l_1	811416	4401629	5.42	0	23
ptg002049l_1_region	811416	4401629	5.42	0	23
ptg002050l_1	897976	8336956	9.28	0	41
ptg002050l_1_region	897976	8336956	9.28	0	41
ptg002051l_1	980880	6548615	6.68	0	27
ptg002051l_1_region	980880	6548615	6.68	0	27
ptg002052l_1	522217	2275506	4.36	0	15
ptg002052l_1_region	522217	2275506	4.36	0	15
ptg002053l_1	701959	5709514	8.13	0	22
ptg002053l_1_region	701959	5709514	8.13	0	22
ptg002054l_1	1093862	8382343	7.66	0	21
ptg002054l_1_region	1093862	8382343	7.66	0	21
ptg002055l_1	1207495	8505525	7.04	0	27
ptg002055l_1_region	1207495	8505525	7.04	0	27
ptg002057l_1	239120	1347698	5.64	0	15
ptg002057l_1_region	239120	1347698	5.64	0	15
ptg002058l_1	2980210	22887362	7.68	0	29
ptg002058l_1_region	2980210	22887362	7.68	0	29
ptg002059l_1	462819	3350965	7.24	0	27
ptg002059l_1_region	462819	3350965	7.24	0	27
ptg002060l_1	246847	1223200	4.96	0	14
ptg002060l_1_region	246847	1223200	4.96	0	14
ptg002062l_1	87345	635805	7.28	0	23
ptg002062l_1_region	87345	635805	7.28	0	23
ptg002063l_1	771989	5280015	6.84	0	72
ptg002063l_1_region	771989	5280015	6.84	0	72
ptg002065l_1	358376	3809313	10.63	0	44
ptg002065l_1_region	358376	3809313	10.63	0	44
ptg002067l_1	438166	3231975	7.38	0	19
ptg002067l_1_region	438166	3231975	7.38	0	19
ptg002068l_1	382279	2765018	7.23	0	17
ptg002068l_1_region	382279	2765018	7.23	0	17
ptg002069l_1	34288	181778	5.30	0	11
ptg002069l_1_region	34288	181778	5.30	0	11
ptg002070l_1	754116	8459681	11.22	0	61
ptg002070l_1_region	754116	8459681	11.22	0	61
ptg002073l_1	18440	72862	3.95	0	7
ptg002073l_1_region	18440	72862	3.95	0	7
ptg002075l_1	2322473	20525748	8.84	0	46
ptg002075l_1_region	2322473	20525748	8.84	0	46
ptg002076l_1	242075	973330	4.02	0	28
ptg002076l_1_region	242075	973330	4.02	0	28
ptg002082l_1	41227	135333	3.28	0	10
ptg002082l_1_region	41227	135333	3.28	0	10
ptg002083l_1	1046876	8327671	7.95	0	28
ptg002083l_1_region	1046876	8327671	7.95	0	28
ptg002084l_1	99712	1013825	10.17	0	19
ptg002084l_1_region	99712	1013825	10.17	0	19
ptg002085l_1	996823	9179337	9.21	0	27
ptg002085l_1_region	996823	9179337	9.21	0	27
ptg002087l_1	310924	1730257	5.56	0	18
ptg002087l_1_region	310924	1730257	5.56	0	18
ptg002089l_1	1273834	9207736	7.23	0	74
ptg002089l_1_region	1273834	9207736	7.23	0	74
ptg002090l_1	372616	3663074	9.83	0	22
ptg002090l_1_region	372616	3663074	9.83	0	22
ptg002093l_1	1002756	6754241	6.74	0	18
ptg002093l_1_region	1002756	6754241	6.74	0	18
ptg002094l_1	407412	2700129	6.63	0	20
ptg002094l_1_region	407412	2700129	6.63	0	20
ptg002096l_1	834009	7671872	9.20	0	24
ptg002096l_1_region	834009	7671872	9.20	0	24
ptg002097l_1	437430	1890245	4.32	0	35
ptg002097l_1_region	437430	1890245	4.32	0	35
ptg002098l_1	518151	2948678	5.69	0	19
ptg002098l_1_region	518151	2948678	5.69	0	19
ptg002100l_1	703140	4510552	6.41	0	22
ptg002100l_1_region	703140	4510552	6.41	0	22
ptg002102l_1	82523	806471	9.77	0	18
ptg002102l_1_region	82523	806471	9.77	0	18
ptg002103l_1	651400	5498257	8.44	0	23
ptg002103l_1_region	651400	5498257	8.44	0	23
ptg002105l_1	226392	1417405	6.26	0	20
ptg002105l_1_region	226392	1417405	6.26	0	20
ptg002106l_1	277492	2338640	8.43	0	29
ptg002106l_1_region	277492	2338640	8.43	0	29
ptg002107l_1	1762279	14447463	8.20	0	26
ptg002107l_1_region	1762279	14447463	8.20	0	26
ptg002108l_1	144579	1229831	8.51	0	24
ptg002108l_1_region	144579	1229831	8.51	0	24
ptg002109l_1	804728	5857567	7.28	0	23
ptg002109l_1_region	804728	5857567	7.28	0	23
ptg002111l_1	291358	2541256	8.72	0	27
ptg002111l_1_region	291358	2541256	8.72	0	27
ptg002112l_1	678485	4994657	7.36	0	20
ptg002112l_1_region	678485	4994657	7.36	0	20
ptg002113l_1	563223	5981315	10.62	0	222
ptg002113l_1_region	563223	5981315	10.62	0	222
ptg002114l_1	1155595	11317496	9.79	0	46
ptg002114l_1_region	1155595	11317496	9.79	0	46
ptg002115l_1	199197	939873	4.72	0	13
ptg002115l_1_region	199197	939873	4.72	0	13
ptg002116l_1	100558	1043839	10.38	0	35
ptg002116l_1_region	100558	1043839	10.38	0	35
ptg002117l_1	722058	6103874	8.45	0	29
ptg002117l_1_region	722058	6103874	8.45	0	29
ptg002118l_1	335038	2431573	7.26	0	26
ptg002118l_1_region	335038	2431573	7.26	0	26
ptg002119l_1	778402	5910896	7.59	0	20
ptg002119l_1_region	778402	5910896	7.59	0	20
ptg002120l_1	404942	3883493	9.59	0	29
ptg002120l_1_region	404942	3883493	9.59	0	29
ptg002122l_1	209234	874794	4.18	0	20
ptg002122l_1_region	209234	874794	4.18	0	20
ptg002123l_1	1839336	17369341	9.44	0	161
ptg002123l_1_region	1839336	17369341	9.44	0	161
ptg002125l_1	559331	4424854	7.91	0	20
ptg002125l_1_region	559331	4424854	7.91	0	20
ptg002126l_1	302316	2125350	7.03	0	15
ptg002126l_1_region	302316	2125350	7.03	0	15
ptg002127l_1	327451	2783633	8.50	0	34
ptg002127l_1_region	327451	2783633	8.50	0	34
ptg002128l_1	1676319	13182800	7.86	0	31
ptg002128l_1_region	1676319	13182800	7.86	0	31
ptg002129l_1	786848	6342759	8.06	0	19
ptg002129l_1_region	786848	6342759	8.06	0	19
ptg002130l_1	173261	2324453	13.42	0	506
ptg002130l_1_region	173261	2324453	13.42	0	506
ptg002132l_1	192090	934498	4.86	0	25
ptg002132l_1_region	192090	934498	4.86	0	25
ptg002133l_1	553347	4219144	7.62	0	22
ptg002133l_1_region	553347	4219144	7.62	0	22
ptg002134l_1	402038	3282173	8.16	0	19
ptg002134l_1_region	402038	3282173	8.16	0	19
ptg002135l_1	817787	6233189	7.62	0	36
ptg002135l_1_region	817787	6233189	7.62	0	36
ptg002136l_1	109762	793063	7.23	0	46
ptg002136l_1_region	109762	793063	7.23	0	46
ptg002137l_1	1324800	12568808	9.49	0	42
ptg002137l_1_region	1324800	12568808	9.49	0	42
ptg002140l_1	321742	1182086	3.67	0	12
ptg002140l_1_region	321742	1182086	3.67	0	12
ptg002141l_1	581418	2991013	5.14	0	30
ptg002141l_1_region	581418	2991013	5.14	0	30
ptg002143l_1	1334480	11635869	8.72	0	25
ptg002143l_1_region	1334480	11635869	8.72	0	25
ptg002144l_1	367063	2689979	7.33	0	26
ptg002144l_1_region	367063	2689979	7.33	0	26
ptg002145l_1	33771	87213	2.58	0	8
ptg002145l_1_region	33771	87213	2.58	0	8
ptg002146l_1	161457	789247	4.89	0	21
ptg002146l_1_region	161457	789247	4.89	0	21
ptg002147l_1	674418	6039463	8.96	0	28
ptg002147l_1_region	674418	6039463	8.96	0	28
ptg002150l_1	1185498	8563933	7.22	0	22
ptg002150l_1_region	1185498	8563933	7.22	0	22
ptg002151l_1	252856	1556696	6.16	0	25
ptg002151l_1_region	252856	1556696	6.16	0	25
ptg002152l_1	276178	2148415	7.78	0	18
ptg002152l_1_region	276178	2148415	7.78	0	18
ptg002153l_1	767386	5615102	7.32	0	23
ptg002153l_1_region	767386	5615102	7.32	0	23
ptg002154l_1	57966	262470	4.53	0	15
ptg002154l_1_region	57966	262470	4.53	0	15
ptg002155l_1	187964	1242494	6.61	0	18
ptg002155l_1_region	187964	1242494	6.61	0	18
ptg002158l_1	170167	961034	5.65	0	13
ptg002158l_1_region	170167	961034	5.65	0	13
ptg002159l_1	993280	7302692	7.35	0	32
ptg002159l_1_region	993280	7302692	7.35	0	32
ptg002160l_1	445316	3460082	7.77	0	19
ptg002160l_1_region	445316	3460082	7.77	0	19
ptg002162l_1	1171903	8173277	6.97	0	25
ptg002162l_1_region	1171903	8173277	6.97	0	25
ptg002163l_1	23151	42994	1.86	0	8
ptg002163l_1_region	23151	42994	1.86	0	8
ptg002165l_1	278253	2167285	7.79	0	23
ptg002165l_1_region	278253	2167285	7.79	0	23
ptg002166l_1	344945	2019842	5.86	0	15
ptg002166l_1_region	344945	2019842	5.86	0	15
ptg002167l_1	416831	2500036	6.00	0	22
ptg002167l_1_region	416831	2500036	6.00	0	22
ptg002169l_1	57879	212174	3.67	0	22
ptg002169l_1_region	57879	212174	3.67	0	22
ptg002171l_1	1469202	10698018	7.28	0	25
ptg002171l_1_region	1469202	10698018	7.28	0	25
ptg002172l_1	723626	5368327	7.42	0	25
ptg002172l_1_region	723626	5368327	7.42	0	25
ptg002174l_1	489822	7423570	15.16	0	54
ptg002174l_1_region	489822	7423570	15.16	0	54
ptg002175l_1	138050	1128620	8.18	0	17
ptg002175l_1_region	138050	1128620	8.18	0	17
ptg002177l_1	794112	11568209	14.57	0	216
ptg002177l_1_region	794112	11568209	14.57	0	216
ptg002178l_1	187683	1155169	6.15	0	25
ptg002178l_1_region	187683	1155169	6.15	0	25
ptg002179l_1	1267357	9022108	7.12	0	31
ptg002179l_1_region	1267357	9022108	7.12	0	31
ptg002180l_1	1095559	8407668	7.67	0	47
ptg002180l_1_region	1095559	8407668	7.67	0	47
ptg002182l_1	314882	2593255	8.24	0	23
ptg002182l_1_region	314882	2593255	8.24	0	23
ptg002183l_1	202440	1391086	6.87	0	28
ptg002183l_1_region	202440	1391086	6.87	0	28
ptg002184l_1	1583132	13366381	8.44	0	35
ptg002184l_1_region	1583132	13366381	8.44	0	35
ptg002187l_1	1261500	10345670	8.20	0	22
ptg002187l_1_region	1261500	10345670	8.20	0	22
ptg002189l_1	1078290	8996619	8.34	0	22
ptg002189l_1_region	1078290	8996619	8.34	0	22
ptg002190l_1	1633389	12204270	7.47	0	39
ptg002190l_1_region	1633389	12204270	7.47	0	39
ptg002191l_1	1385450	11776702	8.50	0	28
ptg002191l_1_region	1385450	11776702	8.50	0	28
ptg002192l_1	1138718	9323901	8.19	0	28
ptg002192l_1_region	1138718	9323901	8.19	0	28
ptg002193l_1	178546	5417000	30.34	0	51
ptg002193l_1_region	178546	5417000	30.34	0	51
ptg002195l_1	564493	5483970	9.71	0	48
ptg002195l_1_region	564493	5483970	9.71	0	48
ptg002196l_1	395103	3719498	9.41	0	27
ptg002196l_1_region	395103	3719498	9.41	0	27
ptg002197l_1	544310	1265252	2.32	0	24
ptg002197l_1_region	544310	1265252	2.32	0	24
ptg002199l_1	968788	9332894	9.63	0	59
ptg002199l_1_region	968788	9332894	9.63	0	59
ptg002200l_1	1031499	8771371	8.50	0	33
ptg002200l_1_region	1031499	8771371	8.50	0	33
ptg002201l_1	503645	2782379	5.52	0	20
ptg002201l_1_region	503645	2782379	5.52	0	20
ptg002202l_1	727298	5161071	7.10	0	21
ptg002202l_1_region	727298	5161071	7.10	0	21
ptg002203l_1	503590	1873041	3.72	0	80
ptg002203l_1_region	503590	1873041	3.72	0	80
ptg002205l_1	435847	3361311	7.71	0	24
ptg002205l_1_region	435847	3361311	7.71	0	24
ptg002207l_1	227546	1683459	7.40	0	30
ptg002207l_1_region	227546	1683459	7.40	0	30
ptg002208l_1	1339831	15162987	11.32	0	85
ptg002208l_1_region	1339831	15162987	11.32	0	85
ptg002209l_1	115204	828308	7.19	0	16
ptg002209l_1_region	115204	828308	7.19	0	16
ptg002212l_1	3139118	26418362	8.42	0	103
ptg002212l_1_region	3139118	26418362	8.42	0	103
ptg002216l_1	2118298	17073674	8.06	0	28
ptg002216l_1_region	2118298	17073674	8.06	0	28
ptg002218l_1	583826	3981362	6.82	0	517
ptg002218l_1_region	583826	3981362	6.82	0	517
ptg002219l_1	1415541	13020165	9.20	0	30
ptg002219l_1_region	1415541	13020165	9.20	0	30
ptg002221l_1	113257	808106	7.14	0	30
ptg002221l_1_region	113257	808106	7.14	0	30
ptg002222l_1	317670	1745185	5.49	0	29
ptg002222l_1_region	317670	1745185	5.49	0	29
ptg002223l_1	278858	1684880	6.04	0	23
ptg002223l_1_region	278858	1684880	6.04	0	23
ptg002224l_1	522524	7394339	14.15	0	63
ptg002224l_1_region	522524	7394339	14.15	0	63
ptg002225l_1	1359822	11328669	8.33	0	26
ptg002225l_1_region	1359822	11328669	8.33	0	26
ptg002226l_1	528110	4513354	8.55	0	26
ptg002226l_1_region	528110	4513354	8.55	0	26
ptg002227l_1	625106	3989780	6.38	0	24
ptg002227l_1_region	625106	3989780	6.38	0	24
ptg002230l_1	65174	638022	9.79	0	20
ptg002230l_1_region	65174	638022	9.79	0	20
ptg002232l_1	909811	5961847	6.55	0	111
ptg002232l_1_region	909811	5961847	6.55	0	111
ptg002234l_1	996606	6631996	6.65	0	27
ptg002234l_1_region	996606	6631996	6.65	0	27
ptg002235l_1	962819	7631625	7.93	0	24
ptg002235l_1_region	962819	7631625	7.93	0	24
ptg002236l_1	540754	2544261	4.71	0	19
ptg002236l_1_region	540754	2544261	4.71	0	19
ptg002239l_1	1098770	8603840	7.83	0	32
ptg002239l_1_region	1098770	8603840	7.83	0	32
ptg002240l_1	924082	6916070	7.48	0	21
ptg002240l_1_region	924082	6916070	7.48	0	21
ptg002242l_1	280589	2463034	8.78	0	54
ptg002242l_1_region	280589	2463034	8.78	0	54
ptg002243l_1	209307	1363636	6.52	0	13
ptg002243l_1_region	209307	1363636	6.52	0	13
ptg002244l_1	318487	2850429	8.95	0	27
ptg002244l_1_region	318487	2850429	8.95	0	27
ptg002245l_1	1190942	9741168	8.18	0	29
ptg002245l_1_region	1190942	9741168	8.18	0	29
ptg002246l_1	203570	1687728	8.29	0	17
ptg002246l_1_region	203570	1687728	8.29	0	17
ptg002247l_1	448796	3828053	8.53	0	24
ptg002247l_1_region	448796	3828053	8.53	0	24
ptg002250l_1	1535836	12246760	7.97	0	28
ptg002250l_1_region	1535836	12246760	7.97	0	28
ptg002251l_1	825746	5058353	6.13	0	35
ptg002251l_1_region	825746	5058353	6.13	0	35
ptg002253l_1	243023	1851478	7.62	0	25
ptg002253l_1_region	243023	1851478	7.62	0	25
ptg002255l_1	495252	4096926	8.27	0	24
ptg002255l_1_region	495252	4096926	8.27	0	24
ptg002256l_1	105129	244282	2.32	0	11
ptg002256l_1_region	105129	244282	2.32	0	11
ptg002257l_1	399967	6100551	15.25	0	71
ptg002257l_1_region	399967	6100551	15.25	0	71
ptg002259l_1	699846	4212471	6.02	0	70
ptg002259l_1_region	699846	4212471	6.02	0	70
ptg002260l_1	1414582	11215440	7.93	0	21
ptg002260l_1_region	1414582	11215440	7.93	0	21
ptg002263l_1	432538	4851763	11.22	0	80
ptg002263l_1_region	432538	4851763	11.22	0	80
ptg002264l_1	53862	59103	1.10	0	12
ptg002264l_1_region	53862	59103	1.10	0	12
ptg002266l_1	44412	167422	3.77	0	13
ptg002266l_1_region	44412	167422	3.77	0	13
ptg002269l_1	2212663	17237013	7.79	0	27
ptg002269l_1_region	2212663	17237013	7.79	0	27
ptg002270l_1	785896	5328602	6.78	0	28
ptg002270l_1_region	785896	5328602	6.78	0	28
ptg002273l_1	258228	1862062	7.21	0	18
ptg002273l_1_region	258228	1862062	7.21	0	18
ptg002274l_1	420987	2885696	6.85	0	17
ptg002274l_1_region	420987	2885696	6.85	0	17
ptg002275l_1	19781	122179	6.18	0	11
ptg002275l_1_region	19781	122179	6.18	0	11
ptg002276l_1	444483	2651205	5.96	0	19
ptg002276l_1_region	444483	2651205	5.96	0	19
ptg002277l_1	776842	6034359	7.77	0	30
ptg002277l_1_region	776842	6034359	7.77	0	30
ptg002278l_1	148880	903912	6.07	0	17
ptg002278l_1_region	148880	903912	6.07	0	17
ptg002279l_1	1239694	10206666	8.23	0	69
ptg002279l_1_region	1239694	10206666	8.23	0	69
ptg002280l_1	546573	3956735	7.24	0	25
ptg002280l_1_region	546573	3956735	7.24	0	25
ptg002282l_1	820857	4192811	5.11	0	23
ptg002282l_1_region	820857	4192811	5.11	0	23
ptg002284l_1	326613	2112474	6.47	0	55
ptg002284l_1_region	326613	2112474	6.47	0	55
ptg002286l_1	222899	945274	4.24	0	24
ptg002286l_1_region	222899	945274	4.24	0	24
ptg002287l_1	246043	1532609	6.23	0	22
ptg002287l_1_region	246043	1532609	6.23	0	22
ptg002288l_1	1159033	9459475	8.16	0	22
ptg002288l_1_region	1159033	9459475	8.16	0	22
ptg002289l_1	1084247	7313910	6.75	0	24
ptg002289l_1_region	1084247	7313910	6.75	0	24
ptg002290l_1	122304	1027756	8.40	0	23
ptg002290l_1_region	122304	1027756	8.40	0	23
ptg002295l_1	193341	1260357	6.52	0	18
ptg002295l_1_region	193341	1260357	6.52	0	18
ptg002297l_1	2246223	21538989	9.59	0	47
ptg002297l_1_region	2246223	21538989	9.59	0	47
ptg002299l_1	689035	4852193	7.04	0	52
ptg002299l_1_region	689035	4852193	7.04	0	52
ptg002300l_1	1285662	10567151	8.22	0	29
ptg002300l_1_region	1285662	10567151	8.22	0	29
ptg002301l_1	1206907	9516215	7.88	0	22
ptg002301l_1_region	1206907	9516215	7.88	0	22
ptg002302l_1	1487420	12215585	8.21	0	37
ptg002302l_1_region	1487420	12215585	8.21	0	37
ptg002304l_1	225963	1520280	6.73	0	29
ptg002304l_1_region	225963	1520280	6.73	0	29
ptg002306l_1	620095	5146403	8.30	0	45
ptg002306l_1_region	620095	5146403	8.30	0	45
ptg002307l_1	1195977	12470999	10.43	0	183
ptg002307l_1_region	1195977	12470999	10.43	0	183
ptg002309l_1	1169446	8089141	6.92	0	40
ptg002309l_1_region	1169446	8089141	6.92	0	40
ptg002310l_1	1222123	9244922	7.56	0	28
ptg002310l_1_region	1222123	9244922	7.56	0	28
ptg002311l_1	303256	2300881	7.59	0	22
ptg002311l_1_region	303256	2300881	7.59	0	22
ptg002312l_1	116142	751628	6.47	0	17
ptg002312l_1_region	116142	751628	6.47	0	17
ptg002313l_1	564411	3041733	5.39	0	18
ptg002313l_1_region	564411	3041733	5.39	0	18
ptg002314l_1	230165	1543767	6.71	0	19
ptg002314l_1_region	230165	1543767	6.71	0	19
ptg002315l_1	1133032	9748319	8.60	0	29
ptg002315l_1_region	1133032	9748319	8.60	0	29
ptg002316l_1	703270	10730861	15.26	0	119
ptg002316l_1_region	703270	10730861	15.26	0	119
ptg002317l_1	283710	2824666	9.96	0	45
ptg002317l_1_region	283710	2824666	9.96	0	45
ptg002318l_1	208437	1752412	8.41	0	21
ptg002318l_1_region	208437	1752412	8.41	0	21
ptg002320l_1	355430	4138816	11.64	0	29
ptg002320l_1_region	355430	4138816	11.64	0	29
ptg002321l_1	298864	2533585	8.48	0	20
ptg002321l_1_region	298864	2533585	8.48	0	20
ptg002322l_1	676365	5292260	7.82	0	23
ptg002322l_1_region	676365	5292260	7.82	0	23
ptg002326l_1	197441	1663045	8.42	0	68
ptg002326l_1_region	197441	1663045	8.42	0	68
ptg002327l_1	411886	2556465	6.21	0	23
ptg002327l_1_region	411886	2556465	6.21	0	23
ptg002328l_1	735999	6161599	8.37	0	19
ptg002328l_1_region	735999	6161599	8.37	0	19
ptg002330l_1	516465	3404186	6.59	0	26
ptg002330l_1_region	516465	3404186	6.59	0	26
ptg002331l_1	886097	6900628	7.79	0	36
ptg002331l_1_region	886097	6900628	7.79	0	36
ptg002332l_1	42048	60306	1.43	0	9
ptg002332l_1_region	42048	60306	1.43	0	9
ptg002334l_1	1924100	14016286	7.28	0	26
ptg002334l_1_region	1924100	14016286	7.28	0	26
ptg002335l_1	485293	2638494	5.44	0	21
ptg002335l_1_region	485293	2638494	5.44	0	21
ptg002337l_1	492878	4031629	8.18	0	21
ptg002337l_1_region	492878	4031629	8.18	0	21
ptg002338l_1	325430	983340	3.02	0	16
ptg002338l_1_region	325430	983340	3.02	0	16
ptg002339l_1	624493	5166131	8.27	0	21
ptg002339l_1_region	624493	5166131	8.27	0	21
ptg002340l_1	670279	4447624	6.64	0	401
ptg002340l_1_region	670279	4447624	6.64	0	401
ptg002341l_1	431050	3614810	8.39	0	30
ptg002341l_1_region	431050	3614810	8.39	0	30
ptg002342l_1	1555587	14730593	9.47	0	32
ptg002342l_1_region	1555587	14730593	9.47	0	32
ptg002343l_1	211754	1506040	7.11	0	15
ptg002343l_1_region	211754	1506040	7.11	0	15
ptg002344l_1	368976	3153545	8.55	0	35
ptg002344l_1_region	368976	3153545	8.55	0	35
ptg002345l_1	168146	1010978	6.01	0	17
ptg002345l_1_region	168146	1010978	6.01	0	17
ptg002347l_1	100646	521121	5.18	0	15
ptg002347l_1_region	100646	521121	5.18	0	15
ptg002348l_1	34377	153681	4.47	0	9
ptg002348l_1_region	34377	153681	4.47	0	9
ptg002349l_1	184718	1557842	8.43	0	28
ptg002349l_1_region	184718	1557842	8.43	0	28
ptg002350l_1	1017277	7693849	7.56	0	34
ptg002350l_1_region	1017277	7693849	7.56	0	34
ptg002351l_1	157394	950089	6.04	0	17
ptg002351l_1_region	157394	950089	6.04	0	17
ptg002353l_1	293587	1721108	5.86	0	14
ptg002353l_1_region	293587	1721108	5.86	0	14
ptg002355l_1	110558	717959	6.49	0	16
ptg002355l_1_region	110558	717959	6.49	0	16
ptg002357l_1	249615	2291941	9.18	0	50
ptg002357l_1_region	249615	2291941	9.18	0	50
ptg002359l_1	2351705	20711713	8.81	0	28
ptg002359l_1_region	2351705	20711713	8.81	0	28
ptg002365l_1	1204263	10451382	8.68	0	24
ptg002365l_1_region	1204263	10451382	8.68	0	24
ptg002366l_1	1053124	8888803	8.44	0	27
ptg002366l_1_region	1053124	8888803	8.44	0	27
ptg002368l_1	1056221	8124331	7.69	0	31
ptg002368l_1_region	1056221	8124331	7.69	0	31
ptg002369l_1	384885	3160503	8.21	0	26
ptg002369l_1_region	384885	3160503	8.21	0	26
ptg002370l_1	224807	1656202	7.37	0	19
ptg002370l_1_region	224807	1656202	7.37	0	19
ptg002371l_1	257716	1788802	6.94	0	21
ptg002371l_1_region	257716	1788802	6.94	0	21
ptg002372l_1	292198	2212561	7.57	0	347
ptg002372l_1_region	292198	2212561	7.57	0	347
ptg002373l_1	324793	2294049	7.06	0	27
ptg002373l_1_region	324793	2294049	7.06	0	27
ptg002374l_1	240703	1676449	6.96	0	23
ptg002374l_1_region	240703	1676449	6.96	0	23
ptg002375l_1	393800	2617554	6.65	0	25
ptg002375l_1_region	393800	2617554	6.65	0	25
ptg002377l_1	84115	359666	4.28	0	20
ptg002377l_1_region	84115	359666	4.28	0	20
ptg002381l_1	801894	7016082	8.75	0	30
ptg002381l_1_region	801894	7016082	8.75	0	30
ptg002382l_1	760228	4636958	6.10	0	36
ptg002382l_1_region	760228	4636958	6.10	0	36
ptg002383l_1	449745	2791419	6.21	0	18
ptg002383l_1_region	449745	2791419	6.21	0	18
ptg002384l_1	632115	5569854	8.81	0	26
ptg002384l_1_region	632115	5569854	8.81	0	26
ptg002385l_1	57557	308673	5.36	0	15
ptg002385l_1_region	57557	308673	5.36	0	15
ptg002386l_1	510055	3924561	7.69	0	28
ptg002386l_1_region	510055	3924561	7.69	0	28
ptg002387l_1	312100	2845284	9.12	0	17
ptg002387l_1_region	312100	2845284	9.12	0	17
ptg002391l_1	319978	1856004	5.80	0	21
ptg002391l_1_region	319978	1856004	5.80	0	21
ptg002393l_1	1357793	27036182	19.91	0	109
ptg002393l_1_region	1357793	27036182	19.91	0	109
ptg002396l_1	361459	2848789	7.88	0	24
ptg002396l_1_region	361459	2848789	7.88	0	24
ptg002397l_1	632751	5280512	8.35	0	21
ptg002397l_1_region	632751	5280512	8.35	0	21
ptg002398l_1	68432	551756	8.06	0	13
ptg002398l_1_region	68432	551756	8.06	0	13
ptg002400l_1	2121513	17315458	8.16	0	33
ptg002400l_1_region	2121513	17315458	8.16	0	33
ptg002401l_1	47742	256535	5.37	0	16
ptg002401l_1_region	47742	256535	5.37	0	16
ptg002402l_1	414387	3174921	7.66	0	24
ptg002402l_1_region	414387	3174921	7.66	0	24
ptg002403l_1	90289	322167	3.57	0	13
ptg002403l_1_region	90289	322167	3.57	0	13
ptg002405l_1	565486	4442242	7.86	0	217
ptg002405l_1_region	565486	4442242	7.86	0	217
ptg002406l_1	528215	4974581	9.42	0	35
ptg002406l_1_region	528215	4974581	9.42	0	35
ptg002407l_1	406838	2619463	6.44	0	16
ptg002407l_1_region	406838	2619463	6.44	0	16
ptg002408l_1	1734447	14274766	8.23	0	33
ptg002408l_1_region	1734447	14274766	8.23	0	33
ptg002409l_1	231184	1784241	7.72	0	19
ptg002409l_1_region	231184	1784241	7.72	0	19
ptg002410l_1	614759	6564760	10.68	0	29
ptg002410l_1_region	614759	6564760	10.68	0	29
ptg002411l_1	1430781	18623010	13.02	0	219
ptg002411l_1_region	1430781	18623010	13.02	0	219
ptg002412l_1	260825	2095771	8.04	0	19
ptg002412l_1_region	260825	2095771	8.04	0	19
ptg002415l_1	394637	1931417	4.89	0	45
ptg002415l_1_region	394637	1931417	4.89	0	45
ptg002419l_1	93231	1981458	21.25	0	98
ptg002419l_1_region	93231	1981458	21.25	0	98
ptg002421l_1	1206770	9401056	7.79	0	35
ptg002421l_1_region	1206770	9401056	7.79	0	35
ptg002423l_1	690371	4988074	7.23	0	36
ptg002423l_1_region	690371	4988074	7.23	0	36
ptg002425l_1	389676	3771349	9.68	0	20
ptg002425l_1_region	389676	3771349	9.68	0	20
ptg002427l_1	208080	1482954	7.13	0	25
ptg002427l_1_region	208080	1482954	7.13	0	25
ptg002428l_1	1330395	9317919	7.00	0	24
ptg002428l_1_region	1330395	9317919	7.00	0	24
ptg002429l_1	879174	4537572	5.16	0	21
ptg002429l_1_region	879174	4537572	5.16	0	21
ptg002430l_1	1165081	12641684	10.85	0	83
ptg002430l_1_region	1165081	12641684	10.85	0	83
ptg002431l_1	965398	5748683	5.95	0	24
ptg002431l_1_region	965398	5748683	5.95	0	24
ptg002434l_1	155169	1007337	6.49	0	14
ptg002434l_1_region	155169	1007337	6.49	0	14
ptg002435l_1	740632	5700799	7.70	0	20
ptg002435l_1_region	740632	5700799	7.70	0	20
ptg002437l_1	699133	5260037	7.52	0	22
ptg002437l_1_region	699133	5260037	7.52	0	22
ptg002440l_1	1328733	10003459	7.53	0	20
ptg002440l_1_region	1328733	10003459	7.53	0	20
ptg002441l_1	847477	8008012	9.45	0	31
ptg002441l_1_region	847477	8008012	9.45	0	31
ptg002442l_1	384852	2932268	7.62	0	20
ptg002442l_1_region	384852	2932268	7.62	0	20
ptg002443l_1	371432	2349751	6.33	0	23
ptg002443l_1_region	371432	2349751	6.33	0	23
ptg002444l_1	489777	3817829	7.80	0	61
ptg002444l_1_region	489777	3817829	7.80	0	61
ptg002445l_1	451474	2718881	6.02	0	44
ptg002445l_1_region	451474	2718881	6.02	0	44
ptg002446l_1	182718	1123596	6.15	0	20
ptg002446l_1_region	182718	1123596	6.15	0	20
ptg002448l_1	954931	7305536	7.65	0	24
ptg002448l_1_region	954931	7305536	7.65	0	24
ptg002450l_1	135526	1163328	8.58	0	27
ptg002450l_1_region	135526	1163328	8.58	0	27
ptg002451l_1	732915	5750036	7.85	0	22
ptg002451l_1_region	732915	5750036	7.85	0	22
ptg002453l_1	170747	733584	4.30	0	17
ptg002453l_1_region	170747	733584	4.30	0	17
ptg002454l_1	282224	1074386	3.81	0	30
ptg002454l_1_region	282224	1074386	3.81	0	30
ptg002456l_1	355964	2102507	5.91	0	64
ptg002456l_1_region	355964	2102507	5.91	0	64
ptg002457l_1	141496	1035205	7.32	0	23
ptg002457l_1_region	141496	1035205	7.32	0	23
ptg002458l_1	1212867	13271625	10.94	0	136
ptg002458l_1_region	1212867	13271625	10.94	0	136
ptg002459l_1	66848	400123	5.99	0	14
ptg002459l_1_region	66848	400123	5.99	0	14
ptg002463l_1	25573	108567	4.25	0	12
ptg002463l_1_region	25573	108567	4.25	0	12
ptg002464l_1	618798	5262132	8.50	0	83
ptg002464l_1_region	618798	5262132	8.50	0	83
ptg002465l_1	412475	2845693	6.90	0	16
ptg002465l_1_region	412475	2845693	6.90	0	16
ptg002466l_1	1324345	10717505	8.09	0	24
ptg002466l_1_region	1324345	10717505	8.09	0	24
ptg002467l_1	193495	1101351	5.69	0	18
ptg002467l_1_region	193495	1101351	5.69	0	18
ptg002468l_1	107186	418950	3.91	0	17
ptg002468l_1_region	107186	418950	3.91	0	17
ptg002469l_1	863783	6961907	8.06	0	24
ptg002469l_1_region	863783	6961907	8.06	0	24
ptg002471l_1	245479	1759825	7.17	0	67
ptg002471l_1_region	245479	1759825	7.17	0	67
ptg002474l_1	237547	998189	4.20	0	15
ptg002474l_1_region	237547	998189	4.20	0	15
ptg002477l_1	73373	127271	1.73	0	45
ptg002477l_1_region	73373	127271	1.73	0	45
ptg002478l_1	2551444	25586656	10.03	0	196
ptg002478l_1_region	2551444	25586656	10.03	0	196
ptg002479l_1	191490	1266108	6.61	0	51
ptg002479l_1_region	191490	1266108	6.61	0	51
ptg002481l_1	395760	2034038	5.14	0	102
ptg002481l_1_region	395760	2034038	5.14	0	102
ptg002483l_1	16723	102214	6.11	0	12
ptg002483l_1_region	16723	102214	6.11	0	12
ptg002484l_1	121994	1081791	8.87	0	19
ptg002484l_1_region	121994	1081791	8.87	0	19
ptg002487l_1	234007	2370093	10.13	0	27
ptg002487l_1_region	234007	2370093	10.13	0	27
ptg002488l_1	616042	13107180	21.28	0	64
ptg002488l_1_region	616042	13107180	21.28	0	64
ptg002489l_1	63982	428455	6.70	0	14
ptg002489l_1_region	63982	428455	6.70	0	14
ptg002497l_1	86331	631608	7.32	0	21
ptg002497l_1_region	86331	631608	7.32	0	21
ptg002498l_1	590928	5542788	9.38	0	34
ptg002498l_1_region	590928	5542788	9.38	0	34
ptg002499l_1	1481003	10773712	7.27	0	19
ptg002499l_1_region	1481003	10773712	7.27	0	19
ptg002500l_1	526990	5021765	9.53	0	20
ptg002500l_1_region	526990	5021765	9.53	0	20
ptg002506l_1	517212	2964856	5.73	0	30
ptg002506l_1_region	517212	2964856	5.73	0	30
ptg002508l_1	559891	4187869	7.48	0	23
ptg002508l_1_region	559891	4187869	7.48	0	23
ptg002510l_1	408814	2267503	5.55	0	24
ptg002510l_1_region	408814	2267503	5.55	0	24
ptg002511l_1	958141	7576640	7.91	0	21
ptg002511l_1_region	958141	7576640	7.91	0	21
ptg002512l_1	2226325	16731807	7.52	0	47
ptg002512l_1_region	2226325	16731807	7.52	0	47
ptg002515l_1	536683	2752874	5.13	0	22
ptg002515l_1_region	536683	2752874	5.13	0	22
ptg002516l_1	1207246	9935247	8.23	0	32
ptg002516l_1_region	1207246	9935247	8.23	0	32
ptg002520l_1	566331	3074587	5.43	0	30
ptg002520l_1_region	566331	3074587	5.43	0	30
ptg002521l_1	154109	1112782	7.22	0	70
ptg002521l_1_region	154109	1112782	7.22	0	70
ptg002523l_1	680828	4484982	6.59	0	23
ptg002523l_1_region	680828	4484982	6.59	0	23
ptg002525l_1	85831	394054	4.59	0	22
ptg002525l_1_region	85831	394054	4.59	0	22
ptg002526l_1	143803	654699	4.55	0	20
ptg002526l_1_region	143803	654699	4.55	0	20
ptg002527l_1	174924	1010436	5.78	0	18
ptg002527l_1_region	174924	1010436	5.78	0	18
ptg002528l_1	939124	9040140	9.63	0	37
ptg002528l_1_region	939124	9040140	9.63	0	37
ptg002530l_1	466686	3277907	7.02	0	32
ptg002530l_1_region	466686	3277907	7.02	0	32
ptg002531l_1	377026	2009375	5.33	0	33
ptg002531l_1_region	377026	2009375	5.33	0	33
ptg002533l_1	1026681	9176817	8.94	0	30
ptg002533l_1_region	1026681	9176817	8.94	0	30
ptg002535l_1	423168	4205870	9.94	0	32
ptg002535l_1_region	423168	4205870	9.94	0	32
ptg002536l_1	175724	1216017	6.92	0	15
ptg002536l_1_region	175724	1216017	6.92	0	15
ptg002537l_1	765670	5322949	6.95	0	42
ptg002537l_1_region	765670	5322949	6.95	0	42
ptg002540l_1	1220980	9671640	7.92	0	27
ptg002540l_1_region	1220980	9671640	7.92	0	27
ptg002541l_1	146853	1110817	7.56	0	17
ptg002541l_1_region	146853	1110817	7.56	0	17
ptg002542l_1	575281	5664975	9.85	0	303
ptg002542l_1_region	575281	5664975	9.85	0	303
ptg002543l_1	1145629	19473900	17.00	0	94
ptg002543l_1_region	1145629	19473900	17.00	0	94
ptg002544l_1	649184	376213	0.58	0	23
ptg002544l_1_region	649184	376213	0.58	0	23
ptg002545l_1	1127199	9823252	8.71	0	66
ptg002545l_1_region	1127199	9823252	8.71	0	66
ptg002546l_1	270705	7964497	29.42	0	154
ptg002546l_1_region	270705	7964497	29.42	0	154
ptg002550l_1	324682	2603180	8.02	0	20
ptg002550l_1_region	324682	2603180	8.02	0	20
ptg002551l_1	1980121	15658628	7.91	0	24
ptg002551l_1_region	1980121	15658628	7.91	0	24
ptg002552l_1	946866	7911123	8.36	0	20
ptg002552l_1_region	946866	7911123	8.36	0	20
ptg002553l_1	352935	325519	0.92	0	16
ptg002553l_1_region	352935	325519	0.92	0	16
ptg002555l_1	801186	8000030	9.99	0	81
ptg002555l_1_region	801186	8000030	9.99	0	81
ptg002556l_1	73489	472047	6.42	0	17
ptg002556l_1_region	73489	472047	6.42	0	17
ptg002559l_1	241773	1273337	5.27	0	15
ptg002559l_1_region	241773	1273337	5.27	0	15
ptg002561l_1	281402	4380732	15.57	0	156
ptg002561l_1_region	281402	4380732	15.57	0	156
ptg002563l_1	83255	665513	7.99	0	49
ptg002563l_1_region	83255	665513	7.99	0	49
ptg002565l_1	256029	1752923	6.85	0	40
ptg002565l_1_region	256029	1752923	6.85	0	40
ptg002566l_1	953533	7317838	7.67	0	22
ptg002566l_1_region	953533	7317838	7.67	0	22
ptg002567l_1	792261	5497655	6.94	0	26
ptg002567l_1_region	792261	5497655	6.94	0	26
ptg002568l_1	496165	3929696	7.92	0	25
ptg002568l_1_region	496165	3929696	7.92	0	25
ptg002569l_1	338112	2997229	8.86	0	24
ptg002569l_1_region	338112	2997229	8.86	0	24
ptg002571l_1	117103	643501	5.50	0	14
ptg002571l_1_region	117103	643501	5.50	0	14
ptg002572l_1	39226	58622	1.49	0	7
ptg002572l_1_region	39226	58622	1.49	0	7
ptg002573l_1	67820	280533	4.14	0	14
ptg002573l_1_region	67820	280533	4.14	0	14
ptg002574l_1	343659	2000184	5.82	0	22
ptg002574l_1_region	343659	2000184	5.82	0	22
ptg002575l_1	112598	444875	3.95	0	20
ptg002575l_1_region	112598	444875	3.95	0	20
ptg002576l_1	142102	1085426	7.64	0	19
ptg002576l_1_region	142102	1085426	7.64	0	19
ptg002580l_1	635441	5229138	8.23	0	33
ptg002580l_1_region	635441	5229138	8.23	0	33
ptg002581l_1	227450	1700421	7.48	0	21
ptg002581l_1_region	227450	1700421	7.48	0	21
ptg002582l_1	611047	4745601	7.77	0	32
ptg002582l_1_region	611047	4745601	7.77	0	32
ptg002585l_1	162216	500033	3.08	0	22
ptg002585l_1_region	162216	500033	3.08	0	22
ptg002586l_1	1085077	8307227	7.66	0	26
ptg002586l_1_region	1085077	8307227	7.66	0	26
ptg002587l_1	268729	2301641	8.56	0	37
ptg002587l_1_region	268729	2301641	8.56	0	37
ptg002588l_1	165422	1032614	6.24	0	14
ptg002588l_1_region	165422	1032614	6.24	0	14
ptg002593l_1	794021	6098184	7.68	0	21
ptg002593l_1_region	794021	6098184	7.68	0	21
ptg002594l_1	1295747	9380558	7.24	0	23
ptg002594l_1_region	1295747	9380558	7.24	0	23
ptg002598l_1	240271	4356260	18.13	0	154
ptg002598l_1_region	240271	4356260	18.13	0	154
ptg002599l_1	195640	908448	4.64	0	16
ptg002599l_1_region	195640	908448	4.64	0	16
ptg002600l_1	507048	4265595	8.41	0	26
ptg002600l_1_region	507048	4265595	8.41	0	26
ptg002601l_1	219901	1131772	5.15	0	27
ptg002601l_1_region	219901	1131772	5.15	0	27
ptg002602l_1	407068	3773050	9.27	0	35
ptg002602l_1_region	407068	3773050	9.27	0	35
ptg002604l_1	642268	5061264	7.88	0	55
ptg002604l_1_region	642268	5061264	7.88	0	55
ptg002605l_1	617573	3410002	5.52	0	20
ptg002605l_1_region	617573	3410002	5.52	0	20
ptg002608l_1	247734	1787813	7.22	0	18
ptg002608l_1_region	247734	1787813	7.22	0	18
ptg002609l_1	213373	1726291	8.09	0	18
ptg002609l_1_region	213373	1726291	8.09	0	18
ptg002610l_1	1117222	8828965	7.90	0	25
ptg002610l_1_region	1117222	8828965	7.90	0	25
ptg002612l_1	428432	2944380	6.87	0	18
ptg002612l_1_region	428432	2944380	6.87	0	18
ptg002613l_1	512839	3859169	7.53	0	41
ptg002613l_1_region	512839	3859169	7.53	0	41
ptg002614l_1	271669	1832944	6.75	0	59
ptg002614l_1_region	271669	1832944	6.75	0	59
ptg002615l_1	441559	9565335	21.66	0	143
ptg002615l_1_region	441559	9565335	21.66	0	143
ptg002616l_1	153670	1133290	7.37	0	22
ptg002616l_1_region	153670	1133290	7.37	0	22
ptg002622l_1	71555	552199	7.72	0	18
ptg002622l_1_region	71555	552199	7.72	0	18
ptg002623l_1	173644	673969	3.88	0	15
ptg002623l_1_region	173644	673969	3.88	0	15
ptg002624l_1	1221938	10504530	8.60	0	26
ptg002624l_1_region	1221938	10504530	8.60	0	26
ptg002627l_1	572029	3744097	6.55	0	21
ptg002627l_1_region	572029	3744097	6.55	0	21
ptg002630l_1	367260	2696598	7.34	0	30
ptg002630l_1_region	367260	2696598	7.34	0	30
ptg002631l_1	692297	5371560	7.76	0	22
ptg002631l_1_region	692297	5371560	7.76	0	22
ptg002632l_1	151019	1411947	9.35	0	23
ptg002632l_1_region	151019	1411947	9.35	0	23
ptg002633l_1	953831	13093751	13.73	0	124
ptg002633l_1_region	953831	13093751	13.73	0	124
ptg002634l_1	962194	7972761	8.29	0	23
ptg002634l_1_region	962194	7972761	8.29	0	23
ptg002635l_1	195716	1173900	6.00	0	13
ptg002635l_1_region	195716	1173900	6.00	0	13
ptg002638l_1	1179428	10061801	8.53	0	33
ptg002638l_1_region	1179428	10061801	8.53	0	33
ptg002640l_1	185546	1276626	6.88	0	106
ptg002640l_1_region	185546	1276626	6.88	0	106
ptg002641l_1	1426857	12488391	8.75	0	40
ptg002641l_1_region	1426857	12488391	8.75	0	40
ptg002642l_1	1376369	10452057	7.59	0	52
ptg002642l_1_region	1376369	10452057	7.59	0	52
ptg002643l_1	233358	1066701	4.57	0	21
ptg002643l_1_region	233358	1066701	4.57	0	21
ptg002644l_1	145717	928939	6.37	0	18
ptg002644l_1_region	145717	928939	6.37	0	18
ptg002645l_1	82621	531047	6.43	0	14
ptg002645l_1_region	82621	531047	6.43	0	14
ptg002646l_1	79690	491799	6.17	0	15
ptg002646l_1_region	79690	491799	6.17	0	15
ptg002647l_1	1030408	12428406	12.06	0	138
ptg002647l_1_region	1030408	12428406	12.06	0	138
ptg002648l_1	960319	9762544	10.17	0	27
ptg002648l_1_region	960319	9762544	10.17	0	27
ptg002649l_1	938563	7504938	8.00	0	24
ptg002649l_1_region	938563	7504938	8.00	0	24
ptg002651l_1	1122763	8649057	7.70	0	30
ptg002651l_1_region	1122763	8649057	7.70	0	30
ptg002654l_1	299240	2461543	8.23	0	22
ptg002654l_1_region	299240	2461543	8.23	0	22
ptg002655l_1	884013	6191529	7.00	0	27
ptg002655l_1_region	884013	6191529	7.00	0	27
ptg002656l_1	405180	5592979	13.80	0	264
ptg002656l_1_region	405180	5592979	13.80	0	264
ptg002658l_1	148443	1069922	7.21	0	17
ptg002658l_1_region	148443	1069922	7.21	0	17
ptg002659l_1	136332	1480396	10.86	0	28
ptg002659l_1_region	136332	1480396	10.86	0	28
ptg002663l_1	335784	2776229	8.27	0	41
ptg002663l_1_region	335784	2776229	8.27	0	41
ptg002668l_1	722286	4199530	5.81	0	23
ptg002668l_1_region	722286	4199530	5.81	0	23
ptg002669l_1	652330	4469195	6.85	0	53
ptg002669l_1_region	652330	4469195	6.85	0	53
ptg002670l_1	628980	5277411	8.39	0	89
ptg002670l_1_region	628980	5277411	8.39	0	89
ptg002671l_1	1109760	9881250	8.90	0	24
ptg002671l_1_region	1109760	9881250	8.90	0	24
ptg002672l_1	987726	7536916	7.63	0	20
ptg002672l_1_region	987726	7536916	7.63	0	20
ptg002673l_1	836932	6989934	8.35	0	32
ptg002673l_1_region	836932	6989934	8.35	0	32
ptg002675l_1	699574	4342254	6.21	0	18
ptg002675l_1_region	699574	4342254	6.21	0	18
ptg002676l_1	498732	2726034	5.47	0	16
ptg002676l_1_region	498732	2726034	5.47	0	16
ptg002677l_1	372738	1705650	4.58	0	19
ptg002677l_1_region	372738	1705650	4.58	0	19
ptg002678l_1	451813	2888496	6.39	0	25
ptg002678l_1_region	451813	2888496	6.39	0	25
ptg002679l_1	592044	4620737	7.80	0	21
ptg002679l_1_region	592044	4620737	7.80	0	21
ptg002681l_1	229901	1914945	8.33	0	21
ptg002681l_1_region	229901	1914945	8.33	0	21
ptg002682l_1	1080890	8751565	8.10	0	64
ptg002682l_1_region	1080890	8751565	8.10	0	64
ptg002683l_1	738235	5466045	7.40	0	28
ptg002683l_1_region	738235	5466045	7.40	0	28
ptg002684l_1	343220	2877578	8.38	0	30
ptg002684l_1_region	343220	2877578	8.38	0	30
ptg002686l_1	315969	1876948	5.94	0	53
ptg002686l_1_region	315969	1876948	5.94	0	53
ptg002688l_1	336911	2786527	8.27	0	23
ptg002688l_1_region	336911	2786527	8.27	0	23
ptg002689l_1	859099	7156972	8.33	0	25
ptg002689l_1_region	859099	7156972	8.33	0	25
ptg002690l_1	177069	903478	5.10	0	28
ptg002690l_1_region	177069	903478	5.10	0	28
ptg002693l_1	232525	1521056	6.54	0	28
ptg002693l_1_region	232525	1521056	6.54	0	28
ptg002694l_1	120782	720139	5.96	0	18
ptg002694l_1_region	120782	720139	5.96	0	18
ptg002696l_1	555435	5020136	9.04	0	66
ptg002696l_1_region	555435	5020136	9.04	0	66
ptg002697l_1	292618	1694837	5.79	0	12
ptg002697l_1_region	292618	1694837	5.79	0	12
ptg002698l_1	767691	6614461	8.62	0	21
ptg002698l_1_region	767691	6614461	8.62	0	21
ptg002701l_1	316972	1858371	5.86	0	15
ptg002701l_1_region	316972	1858371	5.86	0	15
ptg002702l_1	108287	831805	7.68	0	17
ptg002702l_1_region	108287	831805	7.68	0	17
ptg002703l_1	246811	554067	2.24	0	21
ptg002703l_1_region	246811	554067	2.24	0	21
ptg002704l_1	618001	4514757	7.31	0	18
ptg002704l_1_region	618001	4514757	7.31	0	18
ptg002705l_1	162189	698953	4.31	0	11
ptg002705l_1_region	162189	698953	4.31	0	11
ptg002707l_1	814619	3848769	4.72	0	28
ptg002707l_1_region	814619	3848769	4.72	0	28
ptg002708l_1	683633	3860988	5.65	0	28
ptg002708l_1_region	683633	3860988	5.65	0	28
ptg002711l_1	156119	1130616	7.24	0	16
ptg002711l_1_region	156119	1130616	7.24	0	16
ptg002712l_1	284954	1398425	4.91	0	16
ptg002712l_1_region	284954	1398425	4.91	0	16
ptg002713l_1	68464	890679	13.01	0	25
ptg002713l_1_region	68464	890679	13.01	0	25
ptg002714l_1	1684408	14431588	8.57	0	35
ptg002714l_1_region	1684408	14431588	8.57	0	35
ptg002716l_1	893166	6677916	7.48	0	36
ptg002716l_1_region	893166	6677916	7.48	0	36
ptg002719l_1	210114	1451575	6.91	0	18
ptg002719l_1_region	210114	1451575	6.91	0	18
ptg002721l_1	199203	1600294	8.03	1	16
ptg002721l_1_region	199203	1600294	8.03	1	16
ptg002723l_1	155574	1034581	6.65	0	15
ptg002723l_1_region	155574	1034581	6.65	0	15
ptg002725l_1	2343783	38922564	16.61	0	229
ptg002725l_1_region	2343783	38922564	16.61	0	229
ptg002726l_1	278214	2562815	9.21	0	58
ptg002726l_1_region	278214	2562815	9.21	0	58
ptg002731l_1	851686	8292033	9.74	0	101
ptg002731l_1_region	851686	8292033	9.74	0	101
ptg002733l_1	403810	4003190	9.91	0	77
ptg002733l_1_region	403810	4003190	9.91	0	77
ptg002734l_1	193946	1149978	5.93	0	19
ptg002734l_1_region	193946	1149978	5.93	0	19
ptg002735l_1	156379	731265	4.68	0	18
ptg002735l_1_region	156379	731265	4.68	0	18
ptg002736l_1	71317	540091	7.57	0	14
ptg002736l_1_region	71317	540091	7.57	0	14
ptg002738l_1	245103	2628472	10.72	0	25
ptg002738l_1_region	245103	2628472	10.72	0	25
ptg002739l_1	714492	5796493	8.11	0	23
ptg002739l_1_region	714492	5796493	8.11	0	23
ptg002741l_1	469532	3336373	7.11	0	24
ptg002741l_1_region	469532	3336373	7.11	0	24
ptg002742l_1	356212	3249179	9.12	0	20
ptg002742l_1_region	356212	3249179	9.12	0	20
ptg002743l_1	113807	326293	2.87	0	14
ptg002743l_1_region	113807	326293	2.87	0	14
ptg002744l_1	401524	3428477	8.54	0	20
ptg002744l_1_region	401524	3428477	8.54	0	20
ptg002746l_1	164073	839206	5.11	0	13
ptg002746l_1_region	164073	839206	5.11	0	13
ptg002747l_1	102767	1095477	10.66	0	24
ptg002747l_1_region	102767	1095477	10.66	0	24
ptg002748l_1	159234	1645278	10.33	0	27
ptg002748l_1_region	159234	1645278	10.33	0	27
ptg002749l_1	1325058	13211323	9.97	0	78
ptg002749l_1_region	1325058	13211323	9.97	0	78
ptg002750l_1	356870	3796546	10.64	0	101
ptg002750l_1_region	356870	3796546	10.64	0	101
ptg002751l_1	438167	5661193	12.92	0	120
ptg002751l_1_region	438167	5661193	12.92	0	120
ptg002753l_1	98594	1030128	10.45	0	55
ptg002753l_1_region	98594	1030128	10.45	0	55
ptg002754l_1	272433	1677157	6.16	0	18
ptg002754l_1_region	272433	1677157	6.16	0	18
ptg002755l_1	84669	468774	5.54	0	24
ptg002755l_1_region	84669	468774	5.54	0	24
ptg002756l_1	149962	835899	5.57	0	19
ptg002756l_1_region	149962	835899	5.57	0	19
ptg002757l_1	484416	2934858	6.06	0	26
ptg002757l_1_region	484416	2934858	6.06	0	26
ptg002758l_1	760958	5268308	6.92	0	19
ptg002758l_1_region	760958	5268308	6.92	0	19
ptg002759l_1	179324	746260	4.16	0	15
ptg002759l_1_region	179324	746260	4.16	0	15
ptg002760l_1	699895	5347538	7.64	0	48
ptg002760l_1_region	699895	5347538	7.64	0	48
ptg002761l_1	494818	2028499	4.10	0	21
ptg002761l_1_region	494818	2028499	4.10	0	21
ptg002763l_1	622110	4596932	7.39	0	25
ptg002763l_1_region	622110	4596932	7.39	0	25
ptg002764l_1	213456	1025786	4.81	0	16
ptg002764l_1_region	213456	1025786	4.81	0	16
ptg002765l_1	145428	149166	1.03	0	22
ptg002765l_1_region	145428	149166	1.03	0	22
ptg002769l_1	270064	2177169	8.06	0	76
ptg002769l_1_region	270064	2177169	8.06	0	76
ptg002770l_1	672159	5737100	8.54	0	26
ptg002770l_1_region	672159	5737100	8.54	0	26
ptg002771l_1	1024259	8216443	8.02	0	42
ptg002771l_1_region	1024259	8216443	8.02	0	42
ptg002773l_1	1894601	21276425	11.23	0	130
ptg002773l_1_region	1894601	21276425	11.23	0	130
ptg002774l_1	164735	853150	5.18	0	14
ptg002774l_1_region	164735	853150	5.18	0	14
ptg002776l_1	318508	2104386	6.61	0	23
ptg002776l_1_region	318508	2104386	6.61	0	23
ptg002778l_1	465098	3238614	6.96	0	23
ptg002778l_1_region	465098	3238614	6.96	0	23
ptg002779l_1	1238908	10311486	8.32	0	28
ptg002779l_1_region	1238908	10311486	8.32	0	28
ptg002780l_1	531956	3910916	7.35	0	20
ptg002780l_1_region	531956	3910916	7.35	0	20
ptg002783l_1	1237280	11027591	8.91	0	22
ptg002783l_1_region	1237280	11027591	8.91	0	22
ptg002788l_1	654283	5154897	7.88	0	20
ptg002788l_1_region	654283	5154897	7.88	0	20
ptg002789l_1	304856	2096185	6.88	0	24
ptg002789l_1_region	304856	2096185	6.88	0	24
ptg002790l_1	103040	663292	6.44	0	21
ptg002790l_1_region	103040	663292	6.44	0	21
ptg002791l_1	205919	1187701	5.77	0	14
ptg002791l_1_region	205919	1187701	5.77	0	14
ptg002792l_1	168001	1064134	6.33	0	14
ptg002792l_1_region	168001	1064134	6.33	0	14
ptg002795l_1	865662	5973485	6.90	0	18
ptg002795l_1_region	865662	5973485	6.90	0	18
ptg002796l_1	303923	2278745	7.50	0	67
ptg002796l_1_region	303923	2278745	7.50	0	67
ptg002797l_1	540703	3763495	6.96	0	29
ptg002797l_1_region	540703	3763495	6.96	0	29
ptg002798l_1	597708	4382814	7.33	0	27
ptg002798l_1_region	597708	4382814	7.33	0	27
ptg002799l_1	233389	1707796	7.32	0	15
ptg002799l_1_region	233389	1707796	7.32	0	15
ptg002801l_1	656686	5218047	7.95	0	35
ptg002801l_1_region	656686	5218047	7.95	0	35
ptg002802l_1	768663	5128306	6.67	0	172
ptg002802l_1_region	768663	5128306	6.67	0	172
ptg002803l_1	645832	5052615	7.82	0	23
ptg002803l_1_region	645832	5052615	7.82	0	23
ptg002804l_1	512220	3419288	6.68	0	34
ptg002804l_1_region	512220	3419288	6.68	0	34
ptg002805l_1	1218179	10253703	8.42	0	31
ptg002805l_1_region	1218179	10253703	8.42	0	31
ptg002806l_1	522444	1868432	3.58	0	25
ptg002806l_1_region	522444	1868432	3.58	0	25
ptg002807l_1	656561	5577738	8.50	0	18
ptg002807l_1_region	656561	5577738	8.50	0	18
ptg002808l_1	134712	628009	4.66	0	11
ptg002808l_1_region	134712	628009	4.66	0	11
ptg002811l_1	259953	1699035	6.54	0	129
ptg002811l_1_region	259953	1699035	6.54	0	129
ptg002812l_1	393125	2024529	5.15	0	17
ptg002812l_1_region	393125	2024529	5.15	0	17
ptg002813l_1	1551931	12343758	7.95	0	23
ptg002813l_1_region	1551931	12343758	7.95	0	23
ptg002815l_1	253073	1515145	5.99	0	17
ptg002815l_1_region	253073	1515145	5.99	0	17
ptg002818l_1	633994	2908762	4.59	0	17
ptg002818l_1_region	633994	2908762	4.59	0	17
ptg002819l_1	411220	2655135	6.46	0	40
ptg002819l_1_region	411220	2655135	6.46	0	40
ptg002820l_1	1517412	11946383	7.87	0	26
ptg002820l_1_region	1517412	11946383	7.87	0	26
ptg002821l_1	1227610	6544538	5.33	0	45
ptg002821l_1_region	1227610	6544538	5.33	0	45
ptg002823l_1	349323	2282671	6.53	0	22
ptg002823l_1_region	349323	2282671	6.53	0	22
ptg002825l_1	527350	8838258	16.76	0	679
ptg002825l_1_region	527350	8838258	16.76	0	679
ptg002826l_1	1189244	9825586	8.26	0	67
ptg002826l_1_region	1189244	9825586	8.26	0	67
ptg002833l_1	279059	2720642	9.75	0	23
ptg002833l_1_region	279059	2720642	9.75	0	23
ptg002835l_1	259021	1606222	6.20	0	26
ptg002835l_1_region	259021	1606222	6.20	0	26
ptg002837l_1	284762	2320591	8.15	0	22
ptg002837l_1_region	284762	2320591	8.15	0	22
ptg002838l_1	814271	6706192	8.24	0	29
ptg002838l_1_region	814271	6706192	8.24	0	29
ptg002839l_1	141449	683982	4.84	0	18
ptg002839l_1_region	141449	683982	4.84	0	18
ptg002840l_1	96201	325216	3.38	0	11
ptg002840l_1_region	96201	325216	3.38	0	11
ptg002842l_1	255704	2155582	8.43	0	20
ptg002842l_1_region	255704	2155582	8.43	0	20
ptg002843l_1	403317	3673663	9.11	0	26
ptg002843l_1_region	403317	3673663	9.11	0	26
ptg002844l_1	814112	6649152	8.17	0	22
ptg002844l_1_region	814112	6649152	8.17	0	22
ptg002845l_1	828424	8926087	10.77	0	50
ptg002845l_1_region	828424	8926087	10.77	0	50
ptg002848l_1	674272	1657885	2.46	0	1978
ptg002848l_1_region	674272	1657885	2.46	0	1978
ptg002849l_1	464705	1800764	3.88	0	18
ptg002849l_1_region	464705	1800764	3.88	0	18
ptg002850l_1	315774	2094657	6.63	0	18
ptg002850l_1_region	315774	2094657	6.63	0	18
ptg002851l_1	306831	2119461	6.91	0	30
ptg002851l_1_region	306831	2119461	6.91	0	30
ptg002852l_1	526373	4489885	8.53	0	26
ptg002852l_1_region	526373	4489885	8.53	0	26
ptg002853l_1	310201	1623182	5.23	0	21
ptg002853l_1_region	310201	1623182	5.23	0	21
ptg002854l_1	738992	4785848	6.48	0	50
ptg002854l_1_region	738992	4785848	6.48	0	50
ptg002856l_1	18283	52020	2.85	0	5
ptg002856l_1_region	18283	52020	2.85	0	5
ptg002857l_1	336216	2531702	7.53	0	25
ptg002857l_1_region	336216	2531702	7.53	0	25
ptg002858l_1	706378	4442205	6.29	0	18
ptg002858l_1_region	706378	4442205	6.29	0	18
ptg002860l_1	227090	1785196	7.86	0	24
ptg002860l_1_region	227090	1785196	7.86	0	24
ptg002861l_1	274029	1114140	4.07	0	14
ptg002861l_1_region	274029	1114140	4.07	0	14
ptg002864l_1	601973	5267351	8.75	0	26
ptg002864l_1_region	601973	5267351	8.75	0	26
ptg002865l_1	1330794	9455274	7.10	0	28
ptg002865l_1_region	1330794	9455274	7.10	0	28
ptg002866l_1	436545	2306059	5.28	0	19
ptg002866l_1_region	436545	2306059	5.28	0	19
ptg002867l_1	287648	2214273	7.70	0	17
ptg002867l_1_region	287648	2214273	7.70	0	17
ptg002868l_1	233639	1825378	7.81	0	17
ptg002868l_1_region	233639	1825378	7.81	0	17
ptg002871l_1	373406	2634230	7.05	0	19
ptg002871l_1_region	373406	2634230	7.05	0	19
ptg002873l_1	172183	1516330	8.81	0	25
ptg002873l_1_region	172183	1516330	8.81	0	25
ptg002874l_1	250820	1795111	7.16	0	19
ptg002874l_1_region	250820	1795111	7.16	0	19
ptg002875l_1	425368	4178275	9.82	0	48
ptg002875l_1_region	425368	4178275	9.82	0	48
ptg002877l_1	1583729	12868058	8.13	0	29
ptg002877l_1_region	1583729	12868058	8.13	0	29
ptg002878l_1	308259	2441224	7.92	0	24
ptg002878l_1_region	308259	2441224	7.92	0	24
ptg002879l_1	205096	1233967	6.02	0	13
ptg002879l_1_region	205096	1233967	6.02	0	13
ptg002881l_1	241903	1758445	7.27	0	20
ptg002881l_1_region	241903	1758445	7.27	0	20
ptg002882l_1	235155	1449353	6.16	0	18
ptg002882l_1_region	235155	1449353	6.16	0	18
ptg002884l_1	266772	1962713	7.36	0	25
ptg002884l_1_region	266772	1962713	7.36	0	25
ptg002886l_1	638744	4733974	7.41	0	22
ptg002886l_1_region	638744	4733974	7.41	0	22
ptg002887l_1	1966063	17879792	9.09	0	30
ptg002887l_1_region	1966063	17879792	9.09	0	30
ptg002889l_1	316396	2177831	6.88	0	17
ptg002889l_1_region	316396	2177831	6.88	0	17
ptg002890l_1	89558	670180	7.48	0	16
ptg002890l_1_region	89558	670180	7.48	0	16
ptg002892l_1	26322	179411	6.82	0	16
ptg002892l_1_region	26322	179411	6.82	0	16
ptg002893l_1	2477986	20619827	8.32	0	35
ptg002893l_1_region	2477986	20619827	8.32	0	35
ptg002894l_1	73818	397617	5.39	0	29
ptg002894l_1_region	73818	397617	5.39	0	29
ptg002896l_1	497150	2641589	5.31	0	17
ptg002896l_1_region	497150	2641589	5.31	0	17
ptg002897l_1	28825	127641	4.43	0	9
ptg002897l_1_region	28825	127641	4.43	0	9
ptg002898l_1	754678	6068631	8.04	0	18
ptg002898l_1_region	754678	6068631	8.04	0	18
ptg002901l_1	565949	3650831	6.45	0	21
ptg002901l_1_region	565949	3650831	6.45	0	21
ptg002903l_1	500509	3399605	6.79	0	51
ptg002903l_1_region	500509	3399605	6.79	0	51
ptg002905l_1	307342	3313589	10.78	0	37
ptg002905l_1_region	307342	3313589	10.78	0	37
ptg002906l_1	695204	4983743	7.17	0	21
ptg002906l_1_region	695204	4983743	7.17	0	21
ptg002908l_1	253110	1270771	5.02	0	14
ptg002908l_1_region	253110	1270771	5.02	0	14
ptg002909l_1	231814	1883002	8.12	0	15
ptg002909l_1_region	231814	1883002	8.12	0	15
ptg002912l_1	614109	1433113	2.33	0	23
ptg002912l_1_region	614109	1433113	2.33	0	23
ptg002914l_1	475465	2258040	4.75	0	120
ptg002914l_1_region	475465	2258040	4.75	0	120
ptg002915l_1	38520	136137	3.53	0	8
ptg002915l_1_region	38520	136137	3.53	0	8
ptg002916l_1	176151	1374746	7.80	0	678
ptg002916l_1_region	176151	1374746	7.80	0	678
ptg002917l_1	243026	1962144	8.07	0	17
ptg002917l_1_region	243026	1962144	8.07	0	17
ptg002919l_1	505932	3088316	6.10	0	26
ptg002919l_1_region	505932	3088316	6.10	0	26
ptg002920l_1	725595	4529306	6.24	0	16
ptg002920l_1_region	725595	4529306	6.24	0	16
ptg002921l_1	199894	1047179	5.24	0	16
ptg002921l_1_region	199894	1047179	5.24	0	16
ptg002922l_1	255872	1735399	6.78	0	21
ptg002922l_1_region	255872	1735399	6.78	0	21
ptg002924l_1	379284	3702904	9.76	0	69
ptg002924l_1_region	379284	3702904	9.76	0	69
ptg002925l_1	300487	2580511	8.59	0	21
ptg002925l_1_region	300487	2580511	8.59	0	21
ptg002926l_1	548776	4320178	7.87	0	22
ptg002926l_1_region	548776	4320178	7.87	0	22
ptg002928l_1	698985	4110659	5.88	0	14
ptg002928l_1_region	698985	4110659	5.88	0	14
ptg002929l_1	52721	186690	3.54	0	10
ptg002929l_1_region	52721	186690	3.54	0	10
ptg002930l_1	31254	139674	4.47	0	12
ptg002930l_1_region	31254	139674	4.47	0	12
ptg002933l_1	102805	533918	5.19	0	16
ptg002933l_1_region	102805	533918	5.19	0	16
ptg002934l_1	231185	1473116	6.37	0	17
ptg002934l_1_region	231185	1473116	6.37	0	17
ptg002935l_1	276975	1489227	5.38	0	16
ptg002935l_1_region	276975	1489227	5.38	0	16
ptg002937l_1	119100	431469	3.62	0	15
ptg002937l_1_region	119100	431469	3.62	0	15
ptg002939l_1	234640	1695130	7.22	0	19
ptg002939l_1_region	234640	1695130	7.22	0	19
ptg002942l_1	422856	2797040	6.61	0	39
ptg002942l_1_region	422856	2797040	6.61	0	39
ptg002943l_1	212671	1025338	4.82	0	20
ptg002943l_1_region	212671	1025338	4.82	0	20
ptg002946l_1	36982	89390	2.42	0	6
ptg002946l_1_region	36982	89390	2.42	0	6
ptg002948l_1	326347	2771891	8.49	0	31
ptg002948l_1_region	326347	2771891	8.49	0	31
ptg002949l_1	201198	997686	4.96	0	20
ptg002949l_1_region	201198	997686	4.96	0	20
ptg002951l_1	84545	572259	6.77	0	16
ptg002951l_1_region	84545	572259	6.77	0	16
ptg002952l_1	51605	203152	3.94	0	13
ptg002952l_1_region	51605	203152	3.94	0	13
ptg002953l_1	260774	2151340	8.25	0	26
ptg002953l_1_region	260774	2151340	8.25	0	26
ptg002954l_1	907567	7072633	7.79	0	20
ptg002954l_1_region	907567	7072633	7.79	0	20
ptg002955l_1	18030	50032	2.77	0	8
ptg002955l_1_region	18030	50032	2.77	0	8
ptg002956l_1	750790	6448667	8.59	0	29
ptg002956l_1_region	750790	6448667	8.59	0	29
ptg002958l_1	284790	1821515	6.40	0	19
ptg002958l_1_region	284790	1821515	6.40	0	19
ptg002965l_1	187430	1349247	7.20	0	29
ptg002965l_1_region	187430	1349247	7.20	0	29
ptg002967l_1	112334	898392	8.00	0	30
ptg002967l_1_region	112334	898392	8.00	0	30
ptg002968l_1	65625	330302	5.03	0	30
ptg002968l_1_region	65625	330302	5.03	0	30
ptg002969l_1	218321	1832944	8.40	0	30
ptg002969l_1_region	218321	1832944	8.40	0	30
ptg002973l_1	343197	1618891	4.72	0	17
ptg002973l_1_region	343197	1618891	4.72	0	17
ptg002975l_1	194381	1420102	7.31	0	15
ptg002975l_1_region	194381	1420102	7.31	0	15
ptg002976l_1	590729	5639386	9.55	0	34
ptg002976l_1_region	590729	5639386	9.55	0	34
ptg002977l_1	550364	4484281	8.15	0	40
ptg002977l_1_region	550364	4484281	8.15	0	40
ptg002979l_1	613528	4272563	6.96	0	34
ptg002979l_1_region	613528	4272563	6.96	0	34
ptg002981l_1	283107	21318645	75.30	0	322
ptg002981l_1_region	283107	21318645	75.30	0	322
ptg002983l_1	302726	2158066	7.13	0	31
ptg002983l_1_region	302726	2158066	7.13	0	31
ptg002985l_1	125926	565231	4.49	0	12
ptg002985l_1_region	125926	565231	4.49	0	12
ptg002986l_1	1482496	10694047	7.21	0	18
ptg002986l_1_region	1482496	10694047	7.21	0	18
ptg002987l_1	831456	6556688	7.89	0	24
ptg002987l_1_region	831456	6556688	7.89	0	24
ptg002992l_1	288771	1879550	6.51	0	19
ptg002992l_1_region	288771	1879550	6.51	0	19
ptg002993l_1	324007	4577971	14.13	0	209
ptg002993l_1_region	324007	4577971	14.13	0	209
ptg002997l_1	100707	518379	5.15	0	17
ptg002997l_1_region	100707	518379	5.15	0	17
ptg002999l_1	714534	4547707	6.36	0	67
ptg002999l_1_region	714534	4547707	6.36	0	67
ptg003000l_1	29891	261631	8.75	0	14
ptg003000l_1_region	29891	261631	8.75	0	14
ptg003003l_1	187478	995225	5.31	0	15
ptg003003l_1_region	187478	995225	5.31	0	15
ptg003006l_1	102077	514484	5.04	0	16
ptg003006l_1_region	102077	514484	5.04	0	16
ptg003008l_1	223466	1902696	8.51	0	22
ptg003008l_1_region	223466	1902696	8.51	0	22
ptg003012l_1	653250	3861571	5.91	0	23
ptg003012l_1_region	653250	3861571	5.91	0	23
ptg003014l_1	196510	1161303	5.91	0	16
ptg003014l_1_region	196510	1161303	5.91	0	16
ptg003015l_1	599431	4222821	7.04	0	19
ptg003015l_1_region	599431	4222821	7.04	0	19
ptg003017l_1	841695	6140314	7.30	0	29
ptg003017l_1_region	841695	6140314	7.30	0	29
ptg003018l_1	927015	6329736	6.83	0	22
ptg003018l_1_region	927015	6329736	6.83	0	22
ptg003019l_1	473356	2819028	5.96	0	16
ptg003019l_1_region	473356	2819028	5.96	0	16
ptg003021l_1	456709	2610183	5.72	0	17
ptg003021l_1_region	456709	2610183	5.72	0	17
ptg003023l_1	199552	938187	4.70	0	14
ptg003023l_1_region	199552	938187	4.70	0	14
ptg003024l_1	58592	305746	5.22	0	15
ptg003024l_1_region	58592	305746	5.22	0	15
ptg003025l_1	88247	358731	4.07	0	19
ptg003025l_1_region	88247	358731	4.07	0	19
ptg003026l_1	37892	201524	5.32	0	12
ptg003026l_1_region	37892	201524	5.32	0	12
ptg003027l_1	421493	2915405	6.92	0	19
ptg003027l_1_region	421493	2915405	6.92	0	19
ptg003028l_1	209323	768245	3.67	0	14
ptg003028l_1_region	209323	768245	3.67	0	14
ptg003029l_1	224105	739789	3.30	0	17
ptg003029l_1_region	224105	739789	3.30	0	17
ptg003031l_1	727919	4651126	6.39	0	32
ptg003031l_1_region	727919	4651126	6.39	0	32
ptg003032l_1	595015	6209035	10.44	0	39
ptg003032l_1_region	595015	6209035	10.44	0	39
ptg003033l_1	256665	2205499	8.59	0	48
ptg003033l_1_region	256665	2205499	8.59	0	48
ptg003034l_1	684286	3547550	5.18	0	18
ptg003034l_1_region	684286	3547550	5.18	0	18
ptg003036l_1	324317	2135269	6.58	0	26
ptg003036l_1_region	324317	2135269	6.58	0	26
ptg003037l_1	634871	2552033	4.02	0	31
ptg003037l_1_region	634871	2552033	4.02	0	31
ptg003039l_1	94392	664803	7.04	0	24
ptg003039l_1_region	94392	664803	7.04	0	24
ptg003040l_1	978893	6350836	6.49	0	22
ptg003040l_1_region	978893	6350836	6.49	0	22
ptg003041l_1	249403	1703035	6.83	0	15
ptg003041l_1_region	249403	1703035	6.83	0	15
ptg003042l_1	188836	1017606	5.39	0	23
ptg003042l_1_region	188836	1017606	5.39	0	23
ptg003043l_1	185862	1439867	7.75	0	26
ptg003043l_1_region	185862	1439867	7.75	0	26
ptg003045l_1	262074	3774525	14.40	0	63
ptg003045l_1_region	262074	3774525	14.40	0	63
ptg003049l_1	370093	2848596	7.70	0	53
ptg003049l_1_region	370093	2848596	7.70	0	53
ptg003050l_1	90193	555580	6.16	0	15
ptg003050l_1_region	90193	555580	6.16	0	15
ptg003051l_1	235673	2418837	10.26	0	39
ptg003051l_1_region	235673	2418837	10.26	0	39
ptg003052l_1	196788	974536	4.95	0	13
ptg003052l_1_region	196788	974536	4.95	0	13
ptg003056l_1	203542	684417	3.36	0	13
ptg003056l_1_region	203542	684417	3.36	0	13
ptg003057l_1	96341	347462	3.61	0	9
ptg003057l_1_region	96341	347462	3.61	0	9
ptg003058l_1	622946	3428387	5.50	0	96
ptg003058l_1_region	622946	3428387	5.50	0	96
ptg003059l_1	642230	5176752	8.06	0	36
ptg003059l_1_region	642230	5176752	8.06	0	36
ptg003061l_1	1301552	10818647	8.31	0	27
ptg003061l_1_region	1301552	10818647	8.31	0	27
ptg003067l_1	434520	3139952	7.23	0	36
ptg003067l_1_region	434520	3139952	7.23	0	36
ptg003068l_1	167978	1318603	7.85	0	41
ptg003068l_1_region	167978	1318603	7.85	0	41
ptg003069l_1	392164	1760515	4.49	0	22
ptg003069l_1_region	392164	1760515	4.49	0	22
ptg003070l_1	1365275	10793351	7.91	0	28
ptg003070l_1_region	1365275	10793351	7.91	0	28
ptg003071l_1	384953	1998640	5.19	0	37
ptg003071l_1_region	384953	1998640	5.19	0	37
ptg003074l_1	438358	3339296	7.62	0	40
ptg003074l_1_region	438358	3339296	7.62	0	40
ptg003075l_1	254537	1747555	6.87	0	36
ptg003075l_1_region	254537	1747555	6.87	0	36
ptg003076l_1	240206	2006685	8.35	0	33
ptg003076l_1_region	240206	2006685	8.35	0	33
ptg003077l_1	698027	7676580	11.00	0	78
ptg003077l_1_region	698027	7676580	11.00	0	78
ptg003078l_1	217632	1685719	7.75	0	25
ptg003078l_1_region	217632	1685719	7.75	0	25
ptg003079l_1	695564	3751106	5.39	0	27
ptg003079l_1_region	695564	3751106	5.39	0	27
ptg003080l_1	256801	1541691	6.00	0	23
ptg003080l_1_region	256801	1541691	6.00	0	23
ptg003083l_1	178576	1550546	8.68	0	21
ptg003083l_1_region	178576	1550546	8.68	0	21
ptg003084l_1	91468	926501	10.13	0	18
ptg003084l_1_region	91468	926501	10.13	0	18
ptg003085l_1	827285	3725527	4.50	0	17
ptg003085l_1_region	827285	3725527	4.50	0	17
ptg003086l_1	292176	1886089	6.46	0	39
ptg003086l_1_region	292176	1886089	6.46	0	39
ptg003087l_1	335056	3008755	8.98	0	50
ptg003087l_1_region	335056	3008755	8.98	0	50
ptg003088l_1	474957	4003560	8.43	0	23
ptg003088l_1_region	474957	4003560	8.43	0	23
ptg003092l_1	459322	2578910	5.61	0	22
ptg003092l_1_region	459322	2578910	5.61	0	22
ptg003093l_1	293622	1773762	6.04	0	27
ptg003093l_1_region	293622	1773762	6.04	0	27
ptg003098l_1	612268	4129635	6.74	0	16
ptg003098l_1_region	612268	4129635	6.74	0	16
ptg003099l_1	89564	468085	5.23	0	18
ptg003099l_1_region	89564	468085	5.23	0	18
ptg003100l_1	42366	145633	3.44	0	13
ptg003100l_1_region	42366	145633	3.44	0	13
ptg003104l_1	189340	906785	4.79	0	91
ptg003104l_1_region	189340	906785	4.79	0	91
ptg003105l_1	350386	2491194	7.11	0	23
ptg003105l_1_region	350386	2491194	7.11	0	23
ptg003106l_1	371156	2689314	7.25	0	17
ptg003106l_1_region	371156	2689314	7.25	0	17
ptg003108l_1	321236	1735420	5.40	0	16
ptg003108l_1_region	321236	1735420	5.40	0	16
ptg003111l_1	504553	3419931	6.78	0	19
ptg003111l_1_region	504553	3419931	6.78	0	19
ptg003113l_1	455336	2646133	5.81	0	21
ptg003113l_1_region	455336	2646133	5.81	0	21
ptg003114l_1	398642	2313843	5.80	0	21
ptg003114l_1_region	398642	2313843	5.80	0	21
ptg003115l_1	152803	1034312	6.77	0	43
ptg003115l_1_region	152803	1034312	6.77	0	43
ptg003116l_1	107588	382973	3.56	0	17
ptg003116l_1_region	107588	382973	3.56	0	17
ptg003117l_1	63300	534484	8.44	0	56
ptg003117l_1_region	63300	534484	8.44	0	56
ptg003118l_1	28703	81798	2.85	0	22
ptg003118l_1_region	28703	81798	2.85	0	22
ptg003119l_1	840730	4869376	5.79	0	44
ptg003119l_1_region	840730	4869376	5.79	0	44
ptg003121l_1	150766	2509734	16.65	0	51
ptg003121l_1_region	150766	2509734	16.65	0	51
ptg003123l_1	749735	7114933	9.49	0	21
ptg003123l_1_region	749735	7114933	9.49	0	21
ptg003125l_1	38378	229693	5.99	0	15
ptg003125l_1_region	38378	229693	5.99	0	15
ptg003127l_1	433826	3225182	7.43	0	18
ptg003127l_1_region	433826	3225182	7.43	0	18
ptg003131l_1	527823	4178857	7.92	0	20
ptg003131l_1_region	527823	4178857	7.92	0	20
ptg003132l_1	644629	3508302	5.44	0	26
ptg003132l_1_region	644629	3508302	5.44	0	26
ptg003133l_1	115277	739681	6.42	0	14
ptg003133l_1_region	115277	739681	6.42	0	14
ptg003134l_1	1041659	9234901	8.87	0	26
ptg003134l_1_region	1041659	9234901	8.87	0	26
ptg003136l_1	346314	2182807	6.30	0	19
ptg003136l_1_region	346314	2182807	6.30	0	19
ptg003137l_1	155060	1187788	7.66	0	26
ptg003137l_1_region	155060	1187788	7.66	0	26
ptg003139l_1	890844	8316971	9.34	0	23
ptg003139l_1_region	890844	8316971	9.34	0	23
ptg003141l_1	882401	7171510	8.13	0	46
ptg003141l_1_region	882401	7171510	8.13	0	46
ptg003144l_1	778745	5853557	7.52	0	22
ptg003144l_1_region	778745	5853557	7.52	0	22
ptg003148l_1	79040	372909	4.72	0	15
ptg003148l_1_region	79040	372909	4.72	0	15
ptg003149l_1	167368	602349	3.60	0	14
ptg003149l_1_region	167368	602349	3.60	0	14
ptg003151l_1	714812	10060501	14.07	0	422
ptg003151l_1_region	714812	10060501	14.07	0	422
ptg003152l_1	567416	3333446	5.87	0	22
ptg003152l_1_region	567416	3333446	5.87	0	22
ptg003153l_1	454350	3543048	7.80	0	23
ptg003153l_1_region	454350	3543048	7.80	0	23
ptg003154l_1	127781	869245	6.80	0	17
ptg003154l_1_region	127781	869245	6.80	0	17
ptg003155l_1	243775	2195414	9.01	0	21
ptg003155l_1_region	243775	2195414	9.01	0	21
ptg003156l_1	95108	664484	6.99	0	22
ptg003156l_1_region	95108	664484	6.99	0	22
ptg003157l_1	89940	570555	6.34	0	23
ptg003157l_1_region	89940	570555	6.34	0	23
ptg003158l_1	853556	6126731	7.18	0	26
ptg003158l_1_region	853556	6126731	7.18	0	26
ptg003159l_1	321044	1940305	6.04	0	19
ptg003159l_1_region	321044	1940305	6.04	0	19
ptg003160l_1	260367	2277884	8.75	0	18
ptg003160l_1_region	260367	2277884	8.75	0	18
ptg003163l_1	92950	705945	7.59	0	25
ptg003163l_1_region	92950	705945	7.59	0	25
ptg003167l_1	884459	5348306	6.05	0	46
ptg003167l_1_region	884459	5348306	6.05	0	46
ptg003168l_1	84549	607546	7.19	0	16
ptg003168l_1_region	84549	607546	7.19	0	16
ptg003169l_1	614328	3945685	6.42	0	35
ptg003169l_1_region	614328	3945685	6.42	0	35
ptg003170l_1	381578	2744466	7.19	0	21
ptg003170l_1_region	381578	2744466	7.19	0	21
ptg003171l_1	419340	2957889	7.05	0	19
ptg003171l_1_region	419340	2957889	7.05	0	19
ptg003173l_1	103944	508601	4.89	0	22
ptg003173l_1_region	103944	508601	4.89	0	22
ptg003174l_1	249782	1646886	6.59	0	22
ptg003174l_1_region	249782	1646886	6.59	0	22
ptg003175l_1	687441	5082769	7.39	0	30
ptg003175l_1_region	687441	5082769	7.39	0	30
ptg003178l_1	215012	1235542	5.75	0	19
ptg003178l_1_region	215012	1235542	5.75	0	19
ptg003180l_1	389635	2787201	7.15	0	21
ptg003180l_1_region	389635	2787201	7.15	0	21
ptg003181l_1	168452	445292	2.64	0	25
ptg003181l_1_region	168452	445292	2.64	0	25
ptg003183l_1	285805	2529640	8.85	0	37
ptg003183l_1_region	285805	2529640	8.85	0	37
ptg003185l_1	837942	6940740	8.28	0	21
ptg003185l_1_region	837942	6940740	8.28	0	21
ptg003186l_1	411410	2420899	5.88	0	29
ptg003186l_1_region	411410	2420899	5.88	0	29
ptg003189l_1	1516138	12196860	8.04	0	21
ptg003189l_1_region	1516138	12196860	8.04	0	21
ptg003190l_1	401154	3709275	9.25	0	33
ptg003190l_1_region	401154	3709275	9.25	0	33
ptg003193l_1	101281	911248	9.00	0	19
ptg003193l_1_region	101281	911248	9.00	0	19
ptg003194l_1	558000	2887198	5.17	0	26
ptg003194l_1_region	558000	2887198	5.17	0	26
ptg003195l_1	549103	2283541	4.16	0	27
ptg003195l_1_region	549103	2283541	4.16	0	27
ptg003196l_1	373784	3209615	8.59	0	21
ptg003196l_1_region	373784	3209615	8.59	0	21
ptg003197l_1	261764	1770101	6.76	0	33
ptg003197l_1_region	261764	1770101	6.76	0	33
ptg003198l_1	252142	2152260	8.54	0	37
ptg003198l_1_region	252142	2152260	8.54	0	37
ptg003200l_1	1117629	43554672	38.97	0	361
ptg003200l_1_region	1117629	43554672	38.97	0	361
ptg003202l_1	1268443	26112610	20.59	0	150
ptg003202l_1_region	1268443	26112610	20.59	0	150
ptg003203l_1	85324	486360	5.70	0	14
ptg003203l_1_region	85324	486360	5.70	0	14
ptg003204l_1	156915	965185	6.15	0	16
ptg003204l_1_region	156915	965185	6.15	0	16
ptg003206l_1	441080	2526697	5.73	0	23
ptg003206l_1_region	441080	2526697	5.73	0	23
ptg003209l_1	355934	2422153	6.81	0	37
ptg003209l_1_region	355934	2422153	6.81	0	37
ptg003211l_1	145875	959691	6.58	0	15
ptg003211l_1_region	145875	959691	6.58	0	15
ptg003212l_1	171258	1014659	5.92	0	48
ptg003212l_1_region	171258	1014659	5.92	0	48
ptg003213l_1	88161	584116	6.63	0	14
ptg003213l_1_region	88161	584116	6.63	0	14
ptg003214l_1	439839	3979634	9.05	0	26
ptg003214l_1_region	439839	3979634	9.05	0	26
ptg003216l_1	539930	10330918	19.13	0	68
ptg003216l_1_region	539930	10330918	19.13	0	68
ptg003217l_1	267892	1525090	5.69	0	22
ptg003217l_1_region	267892	1525090	5.69	0	22
ptg003219l_1	102167	797854	7.81	0	18
ptg003219l_1_region	102167	797854	7.81	0	18
ptg003220l_1	61835	187665	3.03	0	31
ptg003220l_1_region	61835	187665	3.03	0	31
ptg003222l_1	85235	480839	5.64	0	14
ptg003222l_1_region	85235	480839	5.64	0	14
ptg003226l_1	409248	7393764	18.07	0	141
ptg003226l_1_region	409248	7393764	18.07	0	141
ptg003227l_1	332996	2328832	6.99	0	30
ptg003227l_1_region	332996	2328832	6.99	0	30
ptg003228c_1	67057	598802	8.93	0	27
ptg003228c_1_region	67057	598802	8.93	0	27
ptg003229l_1	171120	938298	5.48	0	19
ptg003229l_1_region	171120	938298	5.48	0	19
ptg003231l_1	346427	3422093	9.88	0	40
ptg003231l_1_region	346427	3422093	9.88	0	40
ptg003232l_1	129529	900801	6.95	0	22
ptg003232l_1_region	129529	900801	6.95	0	22
ptg003234l_1	113108	576374	5.10	0	13
ptg003234l_1_region	113108	576374	5.10	0	13
ptg003235l_1	635648	4947066	7.78	0	21
ptg003235l_1_region	635648	4947066	7.78	0	21
ptg003236l_1	426032	4226639	9.92	0	31
ptg003236l_1_region	426032	4226639	9.92	0	31
ptg003240l_1	345847	2405042	6.95	0	25
ptg003240l_1_region	345847	2405042	6.95	0	25
ptg003241l_1	415916	3418033	8.22	0	26
ptg003241l_1_region	415916	3418033	8.22	0	26
ptg003244l_1	347871	2512805	7.22	0	24
ptg003244l_1_region	347871	2512805	7.22	0	24
ptg003245l_1	143631	686728	4.78	0	14
ptg003245l_1_region	143631	686728	4.78	0	14
ptg003247l_1	502812	4211186	8.38	0	26
ptg003247l_1_region	502812	4211186	8.38	0	26
ptg003248l_1	775814	5217771	6.73	0	25
ptg003248l_1_region	775814	5217771	6.73	0	25
ptg003249l_1	530657	6064680	11.43	0	572
ptg003249l_1_region	530657	6064680	11.43	0	572
ptg003250l_1	385208	1784356	4.63	0	15
ptg003250l_1_region	385208	1784356	4.63	0	15
ptg003252l_1	493296	4642167	9.41	0	144
ptg003252l_1_region	493296	4642167	9.41	0	144
ptg003253l_1	876987	6998678	7.98	0	20
ptg003253l_1_region	876987	6998678	7.98	0	20
ptg003256l_1	832059	6804546	8.18	0	33
ptg003256l_1_region	832059	6804546	8.18	0	33
ptg003257l_1	75011	340735	4.54	0	16
ptg003257l_1_region	75011	340735	4.54	0	16
ptg003259l_1	391903	3238165	8.26	0	19
ptg003259l_1_region	391903	3238165	8.26	0	19
ptg003261l_1	370463	2907920	7.85	0	18
ptg003261l_1_region	370463	2907920	7.85	0	18
ptg003263l_1	391197	2236019	5.72	0	23
ptg003263l_1_region	391197	2236019	5.72	0	23
ptg003266l_1	205766	1209076	5.88	0	16
ptg003266l_1_region	205766	1209076	5.88	0	16
ptg003267l_1	876139	6777094	7.74	0	24
ptg003267l_1_region	876139	6777094	7.74	0	24
ptg003268l_1	205853	1422971	6.91	0	31
ptg003268l_1_region	205853	1422971	6.91	0	31
ptg003269l_1	109831	681924	6.21	0	18
ptg003269l_1_region	109831	681924	6.21	0	18
ptg003270l_1	162969	1534650	9.42	0	20
ptg003270l_1_region	162969	1534650	9.42	0	20
ptg003271l_1	185574	1193129	6.43	0	13
ptg003271l_1_region	185574	1193129	6.43	0	13
ptg003272l_1	276816	1914869	6.92	0	21
ptg003272l_1_region	276816	1914869	6.92	0	21
ptg003273l_1	448700	6167082	13.74	0	67
ptg003273l_1_region	448700	6167082	13.74	0	67
ptg003274l_1	575272	5250493	9.13	0	20
ptg003274l_1_region	575272	5250493	9.13	0	20
ptg003278l_1	883758	17233067	19.50	0	114
ptg003278l_1_region	883758	17233067	19.50	0	114
ptg003279l_1	441730	2008602	4.55	0	25
ptg003279l_1_region	441730	2008602	4.55	0	25
ptg003280l_1	146741	722761	4.93	0	17
ptg003280l_1_region	146741	722761	4.93	0	17
ptg003283l_1	282722	1793928	6.35	0	23
ptg003283l_1_region	282722	1793928	6.35	0	23
ptg003287l_1	138886	749741	5.40	0	29
ptg003287l_1_region	138886	749741	5.40	0	29
ptg003289l_1	861957	5445319	6.32	0	38
ptg003289l_1_region	861957	5445319	6.32	0	38
ptg003290l_1	789386	8319120	10.54	0	57
ptg003290l_1_region	789386	8319120	10.54	0	57
ptg003291l_1	229186	1361897	5.94	0	16
ptg003291l_1_region	229186	1361897	5.94	0	16
ptg003292l_1	337855	2084515	6.17	0	15
ptg003292l_1_region	337855	2084515	6.17	0	15
ptg003296l_1	701752	8701213	12.40	0	190
ptg003296l_1_region	701752	8701213	12.40	0	190
ptg003298l_1	686878	4881315	7.11	0	36
ptg003298l_1_region	686878	4881315	7.11	0	36
ptg003299l_1	316359	3264130	10.32	0	37
ptg003299l_1_region	316359	3264130	10.32	0	37
ptg003300l_1	874271	6426392	7.35	0	58
ptg003300l_1_region	874271	6426392	7.35	0	58
ptg003301l_1	882712	6549641	7.42	0	25
ptg003301l_1_region	882712	6549641	7.42	0	25
ptg003302l_1	663243	3875233	5.84	0	22
ptg003302l_1_region	663243	3875233	5.84	0	22
ptg003303l_1	548745	4407727	8.03	0	21
ptg003303l_1_region	548745	4407727	8.03	0	21
ptg003304l_1	722478	5499056	7.61	0	21
ptg003304l_1_region	722478	5499056	7.61	0	21
ptg003305l_1	365944	2522887	6.89	0	16
ptg003305l_1_region	365944	2522887	6.89	0	16
ptg003306l_1	330750	2626806	7.94	0	29
ptg003306l_1_region	330750	2626806	7.94	0	29
ptg003307l_1	312339	2230156	7.14	0	22
ptg003307l_1_region	312339	2230156	7.14	0	22
ptg003310l_1	1556869	12566652	8.07	0	24
ptg003310l_1_region	1556869	12566652	8.07	0	24
ptg003311l_1	106389	814366	7.65	0	14
ptg003311l_1_region	106389	814366	7.65	0	14
ptg003312l_1	1193264	9296028	7.79	0	25
ptg003312l_1_region	1193264	9296028	7.79	0	25
ptg003313l_1	312260	3576714	11.45	0	38
ptg003313l_1_region	312260	3576714	11.45	0	38
ptg003315l_1	805316	7605916	9.44	0	24
ptg003315l_1_region	805316	7605916	9.44	0	24
ptg003316l_1	81571	459700	5.64	0	11
ptg003316l_1_region	81571	459700	5.64	0	11
ptg003317l_1	452097	3472765	7.68	0	26
ptg003317l_1_region	452097	3472765	7.68	0	26
ptg003318l_1	112902	774541	6.86	0	15
ptg003318l_1_region	112902	774541	6.86	0	15
ptg003319l_1	596436	6374013	10.69	0	135
ptg003319l_1_region	596436	6374013	10.69	0	135
ptg003320l_1	205516	1374442	6.69	0	18
ptg003320l_1_region	205516	1374442	6.69	0	18
ptg003321l_1	857940	5862798	6.83	0	55
ptg003321l_1_region	857940	5862798	6.83	0	55
ptg003323l_1	456410	3962114	8.68	0	20
ptg003323l_1_region	456410	3962114	8.68	0	20
ptg003326l_1	122048	400221	3.28	0	18
ptg003326l_1_region	122048	400221	3.28	0	18
ptg003327l_1	64515	417444	6.47	0	10
ptg003327l_1_region	64515	417444	6.47	0	10
ptg003328l_1	787942	6186518	7.85	0	23
ptg003328l_1_region	787942	6186518	7.85	0	23
ptg003331l_1	775741	6231276	8.03	0	23
ptg003331l_1_region	775741	6231276	8.03	0	23
ptg003332l_1	491238	5042413	10.26	0	40
ptg003332l_1_region	491238	5042413	10.26	0	40
ptg003333l_1	136365	1007106	7.39	0	18
ptg003333l_1_region	136365	1007106	7.39	0	18
ptg003334l_1	289095	1604484	5.55	0	18
ptg003334l_1_region	289095	1604484	5.55	0	18
ptg003335l_1	571912	3722421	6.51	0	16
ptg003335l_1_region	571912	3722421	6.51	0	16
ptg003336l_1	512715	4623292	9.02	0	21
ptg003336l_1_region	512715	4623292	9.02	0	21
ptg003337l_1	375550	2180155	5.81	0	19
ptg003337l_1_region	375550	2180155	5.81	0	19
ptg003338l_1	836562	6539839	7.82	0	90
ptg003338l_1_region	836562	6539839	7.82	0	90
ptg003339l_1	87239	553388	6.34	0	56
ptg003339l_1_region	87239	553388	6.34	0	56
ptg003340l_1	405603	2089301	5.15	0	20
ptg003340l_1_region	405603	2089301	5.15	0	20
ptg003341l_1	1694996	14023530	8.27	0	31
ptg003341l_1_region	1694996	14023530	8.27	0	31
ptg003343l_1	600274	3758353	6.26	0	32
ptg003343l_1_region	600274	3758353	6.26	0	32
ptg003344l_1	684255	4206076	6.15	0	18
ptg003344l_1_region	684255	4206076	6.15	0	18
ptg003346l_1	511551	3239695	6.33	0	20
ptg003346l_1_region	511551	3239695	6.33	0	20
ptg003348l_1	710928	4007933	5.64	0	20
ptg003348l_1_region	710928	4007933	5.64	0	20
ptg003349l_1	300097	1245831	4.15	0	58
ptg003349l_1_region	300097	1245831	4.15	0	58
ptg003350l_1	1179248	8224917	6.97	0	26
ptg003350l_1_region	1179248	8224917	6.97	0	26
ptg003352l_1	115056	484120	4.21	0	20
ptg003352l_1_region	115056	484120	4.21	0	20
ptg003354l_1	81134	456095	5.62	0	18
ptg003354l_1_region	81134	456095	5.62	0	18
ptg003357l_1	568955	2853158	5.01	0	80
ptg003357l_1_region	568955	2853158	5.01	0	80
ptg003359l_1	59701	213194	3.57	0	7
ptg003359l_1_region	59701	213194	3.57	0	7
ptg003361l_1	628796	3453614	5.49	0	20
ptg003361l_1_region	628796	3453614	5.49	0	20
ptg003364l_1	825128	5625359	6.82	0	42
ptg003364l_1_region	825128	5625359	6.82	0	42
ptg003367l_1	474507	3316365	6.99	0	24
ptg003367l_1_region	474507	3316365	6.99	0	24
ptg003368l_1	101231	438489	4.33	0	16
ptg003368l_1_region	101231	438489	4.33	0	16
ptg003370l_1	758876	4790441	6.31	0	16
ptg003370l_1_region	758876	4790441	6.31	0	16
ptg003371l_1	645725	3518175	5.45	0	22
ptg003371l_1_region	645725	3518175	5.45	0	22
ptg003380l_1	80070	499564	6.24	0	22
ptg003380l_1_region	80070	499564	6.24	0	22
ptg003381l_1	500556	3610901	7.21	0	30
ptg003381l_1_region	500556	3610901	7.21	0	30
ptg003382l_1	452948	5211928	11.51	0	116
ptg003382l_1_region	452948	5211928	11.51	0	116
ptg003383l_1	305179	2109908	6.91	0	166
ptg003383l_1_region	305179	2109908	6.91	0	166
ptg003384l_1	308926	1811207	5.86	0	19
ptg003384l_1_region	308926	1811207	5.86	0	19
ptg003385l_1	337333	2646489	7.85	0	20
ptg003385l_1_region	337333	2646489	7.85	0	20
ptg003386l_1	205874	1402128	6.81	0	14
ptg003386l_1_region	205874	1402128	6.81	0	14
ptg003387l_1	722832	5732805	7.93	0	24
ptg003387l_1_region	722832	5732805	7.93	0	24
ptg003388l_1	478178	2921131	6.11	0	21
ptg003388l_1_region	478178	2921131	6.11	0	21
ptg003389l_1	211380	9695734	45.87	0	571
ptg003389l_1_region	211380	9695734	45.87	0	571
ptg003390l_1	660118	5526898	8.37	0	21
ptg003390l_1_region	660118	5526898	8.37	0	21
ptg003393l_1	376796	3137647	8.33	0	52
ptg003393l_1_region	376796	3137647	8.33	0	52
ptg003394l_1	77787	534301	6.87	0	23
ptg003394l_1_region	77787	534301	6.87	0	23
ptg003397l_1	253002	1318098	5.21	0	26
ptg003397l_1_region	253002	1318098	5.21	0	26
ptg003403l_1	451471	2760586	6.11	0	20
ptg003403l_1_region	451471	2760586	6.11	0	20
ptg003404l_1	55970	284197	5.08	0	13
ptg003404l_1_region	55970	284197	5.08	0	13
ptg003409l_1	344118	2499442	7.26	0	42
ptg003409l_1_region	344118	2499442	7.26	0	42
ptg003411l_1	905869	6812802	7.52	0	23
ptg003411l_1_region	905869	6812802	7.52	0	23
ptg003412l_1	880588	7612070	8.64	0	23
ptg003412l_1_region	880588	7612070	8.64	0	23
ptg003416l_1	667694	6074855	9.10	0	28
ptg003416l_1_region	667694	6074855	9.10	0	28
ptg003423l_1	476296	3668867	7.70	0	34
ptg003423l_1_region	476296	3668867	7.70	0	34
ptg003426l_1	858051	8534065	9.95	0	37
ptg003426l_1_region	858051	8534065	9.95	0	37
ptg003427l_1	843683	17430386	20.66	0	182
ptg003427l_1_region	843683	17430386	20.66	0	182
ptg003429l_1	337237	1872465	5.55	0	49
ptg003429l_1_region	337237	1872465	5.55	0	49
ptg003430l_1	1096244	9822461	8.96	0	25
ptg003430l_1_region	1096244	9822461	8.96	0	25
ptg003433l_1	168358	1049567	6.23	0	20
ptg003433l_1_region	168358	1049567	6.23	0	20
ptg003436l_1	1052238	6451185	6.13	0	22
ptg003436l_1_region	1052238	6451185	6.13	0	22
ptg003437l_1	451520	4010588	8.88	0	20
ptg003437l_1_region	451520	4010588	8.88	0	20
ptg003439l_1	565134	3338795	5.91	0	22
ptg003439l_1_region	565134	3338795	5.91	0	22
ptg003440l_1	327419	4221548	12.89	0	143
ptg003440l_1_region	327419	4221548	12.89	0	143
ptg003443l_1	524799	3937393	7.50	0	25
ptg003443l_1_region	524799	3937393	7.50	0	25
ptg003445l_1	36962	140002	3.79	0	11
ptg003445l_1_region	36962	140002	3.79	0	11
ptg003446l_1	1100633	8787630	7.98	0	39
ptg003446l_1_region	1100633	8787630	7.98	0	39
ptg003447l_1	164668	1257823	7.64	0	21
ptg003447l_1_region	164668	1257823	7.64	0	21
ptg003449l_1	882549	10811787	12.25	0	176
ptg003449l_1_region	882549	10811787	12.25	0	176
ptg003450l_1	149472	681828	4.56	0	27
ptg003450l_1_region	149472	681828	4.56	0	27
ptg003451l_1	169362	879535	5.19	0	12
ptg003451l_1_region	169362	879535	5.19	0	12
ptg003453l_1	596620	3791585	6.36	0	38
ptg003453l_1_region	596620	3791585	6.36	0	38
ptg003455l_1	265560	1454388	5.48	0	17
ptg003455l_1_region	265560	1454388	5.48	0	17
ptg003457l_1	323778	2134697	6.59	0	17
ptg003457l_1_region	323778	2134697	6.59	0	17
ptg003459l_1	378412	2610380	6.90	0	28
ptg003459l_1_region	378412	2610380	6.90	0	28
ptg003464l_1	13728	51812	3.77	0	8
ptg003464l_1_region	13728	51812	3.77	0	8
ptg003465l_1	527764	3849292	7.29	0	30
ptg003465l_1_region	527764	3849292	7.29	0	30
ptg003466l_1	367406	2697688	7.34	0	22
ptg003466l_1_region	367406	2697688	7.34	0	22
ptg003467l_1	564835	5172231	9.16	0	22
ptg003467l_1_region	564835	5172231	9.16	0	22
ptg003469l_1	257621	2276335	8.84	0	271
ptg003469l_1_region	257621	2276335	8.84	0	271
ptg003471l_1	292271	6305459	21.57	0	335
ptg003471l_1_region	292271	6305459	21.57	0	335
ptg003472l_1	571449	3912919	6.85	0	33
ptg003472l_1_region	571449	3912919	6.85	0	33
ptg003473l_1	351242	2591608	7.38	0	157
ptg003473l_1_region	351242	2591608	7.38	0	157
ptg003474l_1	187878	1234797	6.57	0	16
ptg003474l_1_region	187878	1234797	6.57	0	16
ptg003475l_1	93765	380307	4.06	0	12
ptg003475l_1_region	93765	380307	4.06	0	12
ptg003477l_1	84291	463127	5.49	0	10
ptg003477l_1_region	84291	463127	5.49	0	10
ptg003479l_1	2224084	20586228	9.26	0	31
ptg003479l_1_region	2224084	20586228	9.26	0	31
ptg003483l_1	110201	558342	5.07	0	33
ptg003483l_1_region	110201	558342	5.07	0	33
ptg003484l_1	102860	91682	0.89	0	12
ptg003484l_1_region	102860	91682	0.89	0	12
ptg003493l_1	214282	1287844	6.01	0	19
ptg003493l_1_region	214282	1287844	6.01	0	19
ptg003496l_1	448907	6325380	14.09	0	93
ptg003496l_1_region	448907	6325380	14.09	0	93
ptg003498l_1	175254	990504	5.65	0	13
ptg003498l_1_region	175254	990504	5.65	0	13
ptg003500l_1	308283	2000618	6.49	0	73
ptg003500l_1_region	308283	2000618	6.49	0	73
ptg003501l_1	182118	1761602	9.67	0	55
ptg003501l_1_region	182118	1761602	9.67	0	55
ptg003503l_1	359437	2915922	8.11	0	22
ptg003503l_1_region	359437	2915922	8.11	0	22
ptg003504l_1	336911	2780427	8.25	0	29
ptg003504l_1_region	336911	2780427	8.25	0	29
ptg003507l_1	354085	2240904	6.33	0	16
ptg003507l_1_region	354085	2240904	6.33	0	16
ptg003508l_1	1543310	13441117	8.71	0	53
ptg003508l_1_region	1543310	13441117	8.71	0	53
ptg003509l_1	212407	1003234	4.72	0	19
ptg003509l_1_region	212407	1003234	4.72	0	19
ptg003511l_1	85516	419352	4.90	0	25
ptg003511l_1_region	85516	419352	4.90	0	25
ptg003513l_1	264753	1592662	6.02	0	58
ptg003513l_1_region	264753	1592662	6.02	0	58
ptg003515l_1	143218	775785	5.42	0	21
ptg003515l_1_region	143218	775785	5.42	0	21
ptg003519l_1	121207	238605	1.97	0	10
ptg003519l_1_region	121207	238605	1.97	0	10
ptg003520l_1	83698	435111	5.20	0	13
ptg003520l_1_region	83698	435111	5.20	0	13
ptg003521l_1	190189	1466828	7.71	0	24
ptg003521l_1_region	190189	1466828	7.71	0	24
ptg003522l_1	209592	1070222	5.11	0	18
ptg003522l_1_region	209592	1070222	5.11	0	18
ptg003523l_1	194702	1240471	6.37	0	16
ptg003523l_1_region	194702	1240471	6.37	0	16
ptg003525l_1	132946	705692	5.31	0	15
ptg003525l_1_region	132946	705692	5.31	0	15
ptg003527l_1	300227	3399149	11.32	0	37
ptg003527l_1_region	300227	3399149	11.32	0	37
ptg003529l_1	1440649	9499322	6.59	0	39
ptg003529l_1_region	1440649	9499322	6.59	0	39
ptg003530l_1	157136	1443141	9.18	0	27
ptg003530l_1_region	157136	1443141	9.18	0	27
ptg003532l_1	28952	195332	6.75	0	13
ptg003532l_1_region	28952	195332	6.75	0	13
ptg003535l_1	528018	1443306	2.73	0	20
ptg003535l_1_region	528018	1443306	2.73	0	20
ptg003536l_1	235383	1463272	6.22	0	18
ptg003536l_1_region	235383	1463272	6.22	0	18
ptg003537l_1	312460	1399316	4.48	0	17
ptg003537l_1_region	312460	1399316	4.48	0	17
ptg003542l_1	683984	5701950	8.34	0	22
ptg003542l_1_region	683984	5701950	8.34	0	22
ptg003543l_1	96758	733342	7.58	0	17
ptg003543l_1_region	96758	733342	7.58	0	17
ptg003544l_1	190100	1474614	7.76	0	19
ptg003544l_1_region	190100	1474614	7.76	0	19
ptg003546l_1	14836	22648	1.53	0	5
ptg003546l_1_region	14836	22648	1.53	0	5
ptg003547l_1	1299610	11303732	8.70	0	31
ptg003547l_1_region	1299610	11303732	8.70	0	31
ptg003548l_1	274278	10443845	38.08	0	447
ptg003548l_1_region	274278	10443845	38.08	0	447
ptg003549l_1	301139	2144705	7.12	0	24
ptg003549l_1_region	301139	2144705	7.12	0	24
ptg003551l_1	178659	1001670	5.61	0	17
ptg003551l_1_region	178659	1001670	5.61	0	17
ptg003552l_1	1025255	22964869	22.40	0	106
ptg003552l_1_region	1025255	22964869	22.40	0	106
ptg003554l_1	53543	212436	3.97	0	10
ptg003554l_1_region	53543	212436	3.97	0	10
ptg003555l_1	557354	4430938	7.95	0	32
ptg003555l_1_region	557354	4430938	7.95	0	32
ptg003556l_1	788755	6274448	7.95	0	25
ptg003556l_1_region	788755	6274448	7.95	0	25
ptg003561l_1	416550	2281275	5.48	0	14
ptg003561l_1_region	416550	2281275	5.48	0	14
ptg003562l_1	629680	8450763	13.42	0	1035
ptg003562l_1_region	629680	8450763	13.42	0	1035
ptg003563l_1	103745	334254	3.22	0	20
ptg003563l_1_region	103745	334254	3.22	0	20
ptg003564l_1	28731	217260	7.56	0	15
ptg003564l_1_region	28731	217260	7.56	0	15
ptg003565l_1	349114	1359090	3.89	0	13
ptg003565l_1_region	349114	1359090	3.89	0	13
ptg003566l_1	182710	918517	5.03	0	12
ptg003566l_1_region	182710	918517	5.03	0	12
ptg003569l_1	503188	3141552	6.24	0	26
ptg003569l_1_region	503188	3141552	6.24	0	26
ptg003574l_1	207320	1134460	5.47	0	13
ptg003574l_1_region	207320	1134460	5.47	0	13
ptg003575l_1	436484	3048892	6.99	0	33
ptg003575l_1_region	436484	3048892	6.99	0	33
ptg003578l_1	632675	4063741	6.42	0	18
ptg003578l_1_region	632675	4063741	6.42	0	18
ptg003579l_1	225485	2083256	9.24	0	205
ptg003579l_1_region	225485	2083256	9.24	0	205
ptg003580l_1	145909	779311	5.34	0	44
ptg003580l_1_region	145909	779311	5.34	0	44
ptg003581l_1	25161	49099	1.95	0	4
ptg003581l_1_region	25161	49099	1.95	0	4
ptg003583l_1	451363	4831667	10.70	0	46
ptg003583l_1_region	451363	4831667	10.70	0	46
ptg003585l_1	998633	13249835	13.27	0	69
ptg003585l_1_region	998633	13249835	13.27	0	69
ptg003586l_1	196999	1418588	7.20	0	22
ptg003586l_1_region	196999	1418588	7.20	0	22
ptg003589l_1	251725	1493518	5.93	0	28
ptg003589l_1_region	251725	1493518	5.93	0	28
ptg003592l_1	2459218	19685280	8.00	0	38
ptg003592l_1_region	2459218	19685280	8.00	0	38
ptg003595l_1	156286	1056952	6.76	0	14
ptg003595l_1_region	156286	1056952	6.76	0	14
ptg003596l_1	158401	933172	5.89	0	22
ptg003596l_1_region	158401	933172	5.89	0	22
ptg003597l_1	172860	1075959	6.22	0	27
ptg003597l_1_region	172860	1075959	6.22	0	27
ptg003598l_1	212113	1623045	7.65	0	17
ptg003598l_1_region	212113	1623045	7.65	0	17
ptg003599l_1	512916	3535029	6.89	0	23
ptg003599l_1_region	512916	3535029	6.89	0	23
ptg003601l_1	272255	1890304	6.94	0	23
ptg003601l_1_region	272255	1890304	6.94	0	23
ptg003604l_1	795071	5425663	6.82	0	35
ptg003604l_1_region	795071	5425663	6.82	0	35
ptg003606l_1	132787	899268	6.77	0	29
ptg003606l_1_region	132787	899268	6.77	0	29
ptg003607l_1	268107	1430827	5.34	0	81
ptg003607l_1_region	268107	1430827	5.34	0	81
ptg003609l_1	566778	4464016	7.88	0	20
ptg003609l_1_region	566778	4464016	7.88	0	20
ptg003610l_1	611383	9287649	15.19	0	79
ptg003610l_1_region	611383	9287649	15.19	0	79
ptg003611l_1	97740	741488	7.59	0	19
ptg003611l_1_region	97740	741488	7.59	0	19
ptg003612l_1	343518	956256	2.78	0	12
ptg003612l_1_region	343518	956256	2.78	0	12
ptg003615l_1	77617	514678	6.63	0	18
ptg003615l_1_region	77617	514678	6.63	0	18
ptg003618l_1	315228	3587507	11.38	0	58
ptg003618l_1_region	315228	3587507	11.38	0	58
ptg003619l_1	1138831	9573385	8.41	0	30
ptg003619l_1_region	1138831	9573385	8.41	0	30
ptg003620l_1	46431	280617	6.04	0	11
ptg003620l_1_region	46431	280617	6.04	0	11
ptg003621l_1	41801	301598	7.22	0	14
ptg003621l_1_region	41801	301598	7.22	0	14
ptg003622l_1	538730	3888437	7.22	0	24
ptg003622l_1_region	538730	3888437	7.22	0	24
ptg003623l_1	37646	93053	2.47	0	12
ptg003623l_1_region	37646	93053	2.47	0	12
ptg003624l_1	251923	1727555	6.86	0	19
ptg003624l_1_region	251923	1727555	6.86	0	19
ptg003625l_1	1039278	9937639	9.56	0	28
ptg003625l_1_region	1039278	9937639	9.56	0	28
ptg003631l_1	84102	427578	5.08	0	14
ptg003631l_1_region	84102	427578	5.08	0	14
ptg003633l_1	182106	1127733	6.19	0	16
ptg003633l_1_region	182106	1127733	6.19	0	16
ptg003634l_1	488797	2825982	5.78	0	33
ptg003634l_1_region	488797	2825982	5.78	0	33
ptg003635l_1	845338	6669771	7.89	0	24
ptg003635l_1_region	845338	6669771	7.89	0	24
ptg003636l_1	1084496	10554928	9.73	0	30
ptg003636l_1_region	1084496	10554928	9.73	0	30
ptg003638l_1	28988	136993	4.73	0	11
ptg003638l_1_region	28988	136993	4.73	0	11
ptg003640l_1	580850	3208844	5.52	0	35
ptg003640l_1_region	580850	3208844	5.52	0	35
ptg003641l_1	76471	249381	3.26	0	11
ptg003641l_1_region	76471	249381	3.26	0	11
ptg003642l_1	404153	2716641	6.72	0	24
ptg003642l_1_region	404153	2716641	6.72	0	24
ptg003647l_1	52259	433936	8.30	0	19
ptg003647l_1_region	52259	433936	8.30	0	19
ptg003648l_1	777445	6263111	8.06	0	81
ptg003648l_1_region	777445	6263111	8.06	0	81
ptg003649l_1	340310	1675653	4.92	0	20
ptg003649l_1_region	340310	1675653	4.92	0	20
ptg003653l_1	407957	4198696	10.29	0	69
ptg003653l_1_region	407957	4198696	10.29	0	69
ptg003655l_1	1977078	18739922	9.48	0	291
ptg003655l_1_region	1977078	18739922	9.48	0	291
ptg003656l_1	95720	211610	2.21	0	12
ptg003656l_1_region	95720	211610	2.21	0	12
ptg003657l_1	281679	3694578	13.12	0	240
ptg003657l_1_region	281679	3694578	13.12	0	240
ptg003658l_1	349884	2412223	6.89	0	21
ptg003658l_1_region	349884	2412223	6.89	0	21
ptg003659l_1	618312	3567773	5.77	0	22
ptg003659l_1_region	618312	3567773	5.77	0	22
ptg003660l_1	549575	3571556	6.50	0	24
ptg003660l_1_region	549575	3571556	6.50	0	24
ptg003663l_1	207713	760217	3.66	0	13
ptg003663l_1_region	207713	760217	3.66	0	13
ptg003664l_1	143452	780200	5.44	0	15
ptg003664l_1_region	143452	780200	5.44	0	15
ptg003666l_1	415696	3616242	8.70	0	22
ptg003666l_1_region	415696	3616242	8.70	0	22
ptg003667l_1	393387	2093073	5.32	0	17
ptg003667l_1_region	393387	2093073	5.32	0	17
ptg003672l_1	86254	916665	10.63	0	22
ptg003672l_1_region	86254	916665	10.63	0	22
ptg003673l_1	1048233	10896140	10.39	0	58
ptg003673l_1_region	1048233	10896140	10.39	0	58
ptg003674l_1	181257	1193646	6.59	0	16
ptg003674l_1_region	181257	1193646	6.59	0	16
ptg003675l_1	47776	241514	5.06	0	10
ptg003675l_1_region	47776	241514	5.06	0	10
ptg003676l_1	12607	71244	5.65	1	11
ptg003676l_1_region	12607	71244	5.65	1	11
ptg003677l_1	129083	633709	4.91	0	48
ptg003677l_1_region	129083	633709	4.91	0	48
ptg003679l_1	100670	974577	9.68	0	22
ptg003679l_1_region	100670	974577	9.68	0	22
ptg003681l_1	82439	575636	6.98	0	23
ptg003681l_1_region	82439	575636	6.98	0	23
ptg003683l_1	135779	229958	1.69	0	9
ptg003683l_1_region	135779	229958	1.69	0	9
ptg003686l_1	115506	702520	6.08	0	21
ptg003686l_1_region	115506	702520	6.08	0	21
ptg003687l_1	643096	3325288	5.17	0	20
ptg003687l_1_region	643096	3325288	5.17	0	20
ptg003689l_1	176863	1086431	6.14	0	20
ptg003689l_1_region	176863	1086431	6.14	0	20
ptg003690l_1	756547	4567557	6.04	0	22
ptg003690l_1_region	756547	4567557	6.04	0	22
ptg003691l_1	716599	5109411	7.13	0	37
ptg003691l_1_region	716599	5109411	7.13	0	37
ptg003694l_1	144489	1027793	7.11	0	23
ptg003694l_1_region	144489	1027793	7.11	0	23
ptg003696l_1	514497	3346631	6.50	0	36
ptg003696l_1_region	514497	3346631	6.50	0	36
ptg003700l_1	146548	525495	3.59	0	18
ptg003700l_1_region	146548	525495	3.59	0	18
ptg003702l_1	736679	5396675	7.33	0	21
ptg003702l_1_region	736679	5396675	7.33	0	21
ptg003703l_1	462274	3485618	7.54	0	21
ptg003703l_1_region	462274	3485618	7.54	0	21
ptg003704l_1	158466	723114	4.56	0	18
ptg003704l_1_region	158466	723114	4.56	0	18
ptg003705l_1	159397	893554	5.61	0	16
ptg003705l_1_region	159397	893554	5.61	0	16
ptg003710l_1	527020	3945839	7.49	0	27
ptg003710l_1_region	527020	3945839	7.49	0	27
ptg003712l_1	176911	251445	1.42	0	8
ptg003712l_1_region	176911	251445	1.42	0	8
ptg003715l_1	476492	2975801	6.25	0	19
ptg003715l_1_region	476492	2975801	6.25	0	19
ptg003716l_1	429842	2046873	4.76	0	23
ptg003716l_1_region	429842	2046873	4.76	0	23
ptg003717l_1	252870	1701540	6.73	0	17
ptg003717l_1_region	252870	1701540	6.73	0	17
ptg003722l_1	594662	3064937	5.15	0	26
ptg003722l_1_region	594662	3064937	5.15	0	26
ptg003724l_1	709360	3311685	4.67	0	20
ptg003724l_1_region	709360	3311685	4.67	0	20
ptg003726l_1	326855	1872912	5.73	0	16
ptg003726l_1_region	326855	1872912	5.73	0	16
ptg003727l_1	140383	963736	6.87	0	41
ptg003727l_1_region	140383	963736	6.87	0	41
ptg003728l_1	328327	5331903	16.24	0	89
ptg003728l_1_region	328327	5331903	16.24	0	89
ptg003729l_1	88160	574374	6.52	0	42
ptg003729l_1_region	88160	574374	6.52	0	42
ptg003731l_1	318961	2124399	6.66	0	33
ptg003731l_1_region	318961	2124399	6.66	0	33
ptg003733l_1	299701	11422110	38.11	0	297
ptg003733l_1_region	299701	11422110	38.11	0	297
ptg003734l_1	94198	484281	5.14	0	14
ptg003734l_1_region	94198	484281	5.14	0	14
ptg003737l_1	209650	1469743	7.01	0	17
ptg003737l_1_region	209650	1469743	7.01	0	17
ptg003738l_1	171222	2094893	12.23	0	32
ptg003738l_1_region	171222	2094893	12.23	0	32
ptg003743l_1	298120	2126311	7.13	0	30
ptg003743l_1_region	298120	2126311	7.13	0	30
ptg003747l_1	266632	1466891	5.50	0	17
ptg003747l_1_region	266632	1466891	5.50	0	17
ptg003749l_1	343464	2213161	6.44	0	52
ptg003749l_1_region	343464	2213161	6.44	0	52
ptg003751l_1	533789	2667150	5.00	0	28
ptg003751l_1_region	533789	2667150	5.00	0	28
ptg003752l_1	329699	2856084	8.66	0	19
ptg003752l_1_region	329699	2856084	8.66	0	19
ptg003753l_1	472026	3146009	6.66	0	23
ptg003753l_1_region	472026	3146009	6.66	0	23
ptg003754l_1	534876	5661877	10.59	0	118
ptg003754l_1_region	534876	5661877	10.59	0	118
ptg003755l_1	296937	2308679	7.77	0	18
ptg003755l_1_region	296937	2308679	7.77	0	18
ptg003758l_1	99467	567794	5.71	0	21
ptg003758l_1_region	99467	567794	5.71	0	21
ptg003761l_1	819919	6536236	7.97	0	28
ptg003761l_1_region	819919	6536236	7.97	0	28
ptg003762l_1	18609	10641	0.57	0	2
ptg003762l_1_region	18609	10641	0.57	0	2
ptg003764l_1	108396	433769	4.00	0	10
ptg003764l_1_region	108396	433769	4.00	0	10
ptg003766l_1	251757	2741409	10.89	0	422
ptg003766l_1_region	251757	2741409	10.89	0	422
ptg003767l_1	722130	7089507	9.82	0	41
ptg003767l_1_region	722130	7089507	9.82	0	41
ptg003771l_1	663032	4801510	7.24	0	23
ptg003771l_1_region	663032	4801510	7.24	0	23
ptg003772l_1	508534	3164278	6.22	0	18
ptg003772l_1_region	508534	3164278	6.22	0	18
ptg003774l_1	297619	1323141	4.45	0	19
ptg003774l_1_region	297619	1323141	4.45	0	19
ptg003776l_1	475248	2828058	5.95	0	38
ptg003776l_1_region	475248	2828058	5.95	0	38
ptg003777l_1	341202	2116326	6.20	0	27
ptg003777l_1_region	341202	2116326	6.20	0	27
ptg003778l_1	156051	1137949	7.29	0	21
ptg003778l_1_region	156051	1137949	7.29	0	21
ptg003779l_1	240332	1276319	5.31	0	21
ptg003779l_1_region	240332	1276319	5.31	0	21
ptg003780l_1	89168	628120	7.04	0	16
ptg003780l_1_region	89168	628120	7.04	0	16
ptg003782l_1	510103	5304519	10.40	0	42
ptg003782l_1_region	510103	5304519	10.40	0	42
ptg003784l_1	338525	2164817	6.39	0	30
ptg003784l_1_region	338525	2164817	6.39	0	30
ptg003785l_1	135138	899074	6.65	0	26
ptg003785l_1_region	135138	899074	6.65	0	26
ptg003786l_1	228309	1572941	6.89	0	19
ptg003786l_1_region	228309	1572941	6.89	0	19
ptg003788l_1	450659	3435801	7.62	0	144
ptg003788l_1_region	450659	3435801	7.62	0	144
ptg003789l_1	36188	109236	3.02	0	9
ptg003789l_1_region	36188	109236	3.02	0	9
ptg003790l_1	426450	3471620	8.14	0	24
ptg003790l_1_region	426450	3471620	8.14	0	24
ptg003791l_1	906445	18900549	20.85	0	687
ptg003791l_1_region	906445	18900549	20.85	0	687
ptg003792l_1	222846	1652020	7.41	0	25
ptg003792l_1_region	222846	1652020	7.41	0	25
ptg003793l_1	213281	1322486	6.20	0	19
ptg003793l_1_region	213281	1322486	6.20	0	19
ptg003797l_1	61976	352404	5.69	0	17
ptg003797l_1_region	61976	352404	5.69	0	17
ptg003798l_1	196854	1265575	6.43	0	23
ptg003798l_1_region	196854	1265575	6.43	0	23
ptg003799l_1	297705	2575594	8.65	0	42
ptg003799l_1_region	297705	2575594	8.65	0	42
ptg003800l_1	146433	802555	5.48	0	16
ptg003800l_1_region	146433	802555	5.48	0	16
ptg003803l_1	198461	1750089	8.82	0	28
ptg003803l_1_region	198461	1750089	8.82	0	28
ptg003805l_1	467231	3180037	6.81	0	21
ptg003805l_1_region	467231	3180037	6.81	0	21
ptg003808l_1	171916	1172553	6.82	0	17
ptg003808l_1_region	171916	1172553	6.82	0	17
ptg003811l_1	557493	2684200	4.81	0	17
ptg003811l_1_region	557493	2684200	4.81	0	17
ptg003812l_1	420470	3731517	8.87	0	21
ptg003812l_1_region	420470	3731517	8.87	0	21
ptg003813l_1	99658	758445	7.61	0	23
ptg003813l_1_region	99658	758445	7.61	0	23
ptg003814l_1	85046	833785	9.80	0	84
ptg003814l_1_region	85046	833785	9.80	0	84
ptg003816l_1	210894	1604465	7.61	0	15
ptg003816l_1_region	210894	1604465	7.61	0	15
ptg003817l_1	340001	2125314	6.25	0	19
ptg003817l_1_region	340001	2125314	6.25	0	19
ptg003820l_1	246589	722813	2.93	0	11
ptg003820l_1_region	246589	722813	2.93	0	11
ptg003821l_1	602030	6366894	10.58	0	88
ptg003821l_1_region	602030	6366894	10.58	0	88
ptg003825l_1	261614	2859514	10.93	0	29
ptg003825l_1_region	261614	2859514	10.93	0	29
ptg003826l_1	143510	987091	6.88	0	21
ptg003826l_1_region	143510	987091	6.88	0	21
ptg003830l_1	233725	1132496	4.85	0	19
ptg003830l_1_region	233725	1132496	4.85	0	19
ptg003833l_1	282875	2989708	10.57	0	76
ptg003833l_1_region	282875	2989708	10.57	0	76
ptg003834l_1	577152	4797396	8.31	0	24
ptg003834l_1_region	577152	4797396	8.31	0	24
ptg003835l_1	458986	2915299	6.35	0	21
ptg003835l_1_region	458986	2915299	6.35	0	21
ptg003836l_1	499394	3256998	6.52	0	40
ptg003836l_1_region	499394	3256998	6.52	0	40
ptg003837l_1	318432	1846407	5.80	0	24
ptg003837l_1_region	318432	1846407	5.80	0	24
ptg003838l_1	178373	1644631	9.22	0	68
ptg003838l_1_region	178373	1644631	9.22	0	68
ptg003840l_1	86392	339508	3.93	0	19
ptg003840l_1_region	86392	339508	3.93	0	19
ptg003842l_1	588139	3402273	5.78	0	16
ptg003842l_1_region	588139	3402273	5.78	0	16
ptg003844l_1	140525	795868	5.66	0	19
ptg003844l_1_region	140525	795868	5.66	0	19
ptg003847l_1	968424	7175291	7.41	0	46
ptg003847l_1_region	968424	7175291	7.41	0	46
ptg003848l_1	337182	1792057	5.31	0	17
ptg003848l_1_region	337182	1792057	5.31	0	17
ptg003849l_1	224527	1785451	7.95	0	19
ptg003849l_1_region	224527	1785451	7.95	0	19
ptg003850l_1	50547	185620	3.67	0	11
ptg003850l_1_region	50547	185620	3.67	0	11
ptg003855l_1	1539831	26630192	17.29	0	864
ptg003855l_1_region	1539831	26630192	17.29	0	864
ptg003863l_1	544879	2788119	5.12	0	40
ptg003863l_1_region	544879	2788119	5.12	0	40
ptg003864l_1	535611	6285276	11.73	0	30
ptg003864l_1_region	535611	6285276	11.73	0	30
ptg003866l_1	1166400	9957902	8.54	0	23
ptg003866l_1_region	1166400	9957902	8.54	0	23
ptg003867l_1	831488	8384656	10.08	0	68
ptg003867l_1_region	831488	8384656	10.08	0	68
ptg003869l_1	100349	759290	7.57	0	16
ptg003869l_1_region	100349	759290	7.57	0	16
ptg003870l_1	135634	958863	7.07	0	18
ptg003870l_1_region	135634	958863	7.07	0	18
ptg003871l_1	125199	846889	6.76	0	30
ptg003871l_1_region	125199	846889	6.76	0	30
ptg003872l_1	477834	3886831	8.13	0	19
ptg003872l_1_region	477834	3886831	8.13	0	19
ptg003877l_1	529681	3360087	6.34	0	16
ptg003877l_1_region	529681	3360087	6.34	0	16
ptg003878l_1	510483	2571337	5.04	0	21
ptg003878l_1_region	510483	2571337	5.04	0	21
ptg003880l_1	365129	2721973	7.45	0	56
ptg003880l_1_region	365129	2721973	7.45	0	56
ptg003881l_1	1130557	10331509	9.14	0	27
ptg003881l_1_region	1130557	10331509	9.14	0	27
ptg003883l_1	235545	1247235	5.30	0	17
ptg003883l_1_region	235545	1247235	5.30	0	17
ptg003884l_1	294352	1776345	6.03	0	17
ptg003884l_1_region	294352	1776345	6.03	0	17
ptg003891l_1	421178	2425790	5.76	0	17
ptg003891l_1_region	421178	2425790	5.76	0	17
ptg003892l_1	439134	2034593	4.63	0	36
ptg003892l_1_region	439134	2034593	4.63	0	36
ptg003893l_1	356854	2810976	7.88	0	24
ptg003893l_1_region	356854	2810976	7.88	0	24
ptg003895l_1	534703	3436556	6.43	0	28
ptg003895l_1_region	534703	3436556	6.43	0	28
ptg003896l_1	263844	1535769	5.82	0	19
ptg003896l_1_region	263844	1535769	5.82	0	19
ptg003897l_1	287005	1983542	6.91	0	34
ptg003897l_1_region	287005	1983542	6.91	0	34
ptg003899l_1	237585	1815611	7.64	0	21
ptg003899l_1_region	237585	1815611	7.64	0	21
ptg003903l_1	794159	6202515	7.81	0	35
ptg003903l_1_region	794159	6202515	7.81	0	35
ptg003904l_1	59324	95550	1.61	0	7
ptg003904l_1_region	59324	95550	1.61	0	7
ptg003906l_1	121727	630069	5.18	0	26
ptg003906l_1_region	121727	630069	5.18	0	26
ptg003911l_1	831411	7971353	9.59	0	59
ptg003911l_1_region	831411	7971353	9.59	0	59
ptg003912l_1	568330	3799424	6.69	0	17
ptg003912l_1_region	568330	3799424	6.69	0	17
ptg003913l_1	639444	4482380	7.01	0	20
ptg003913l_1_region	639444	4482380	7.01	0	20
ptg003917l_1	350684	3205992	9.14	0	30
ptg003917l_1_region	350684	3205992	9.14	0	30
ptg003918l_1	130145	759964	5.84	0	15
ptg003918l_1_region	130145	759964	5.84	0	15
ptg003919l_1	310957	2206163	7.09	0	25
ptg003919l_1_region	310957	2206163	7.09	0	25
ptg003920l_1	692711	7178186	10.36	0	127
ptg003920l_1_region	692711	7178186	10.36	0	127
ptg003926l_1	1164505	10617893	9.12	0	29
ptg003926l_1_region	1164505	10617893	9.12	0	29
ptg003930l_1	168859	1325685	7.85	0	29
ptg003930l_1_region	168859	1325685	7.85	0	29
ptg003931l_1	345833	3120095	9.02	0	22
ptg003931l_1_region	345833	3120095	9.02	0	22
ptg003932l_1	509267	3302811	6.49	0	17
ptg003932l_1_region	509267	3302811	6.49	0	17
ptg003933l_1	203187	1982662	9.76	0	89
ptg003933l_1_region	203187	1982662	9.76	0	89
ptg003935l_1	1773541	15297651	8.63	0	28
ptg003935l_1_region	1773541	15297651	8.63	0	28
ptg003942l_1	52523	79186	1.51	0	10
ptg003942l_1_region	52523	79186	1.51	0	10
ptg003946l_1	350248	4979577	14.22	0	51
ptg003946l_1_region	350248	4979577	14.22	0	51
ptg003948l_1	257219	1998623	7.77	0	22
ptg003948l_1_region	257219	1998623	7.77	0	22
ptg003949l_1	405492	1921497	4.74	0	37
ptg003949l_1_region	405492	1921497	4.74	0	37
ptg003951l_1	800527	6758216	8.44	0	21
ptg003951l_1_region	800527	6758216	8.44	0	21
ptg003952l_1	746343	6075342	8.14	0	25
ptg003952l_1_region	746343	6075342	8.14	0	25
ptg003953l_1	242022	1915394	7.91	0	21
ptg003953l_1_region	242022	1915394	7.91	0	21
ptg003956l_1	298454	2582482	8.65	0	20
ptg003956l_1_region	298454	2582482	8.65	0	20
ptg003957l_1	208830	1222487	5.85	0	39
ptg003957l_1_region	208830	1222487	5.85	0	39
ptg003959l_1	186830	1159146	6.20	0	84
ptg003959l_1_region	186830	1159146	6.20	0	84
ptg003961l_1	332778	3634235	10.92	0	132
ptg003961l_1_region	332778	3634235	10.92	0	132
ptg003963l_1	964304	6570451	6.81	0	24
ptg003963l_1_region	964304	6570451	6.81	0	24
ptg003965l_1	203027	1212842	5.97	0	14
ptg003965l_1_region	203027	1212842	5.97	0	14
ptg003967l_1	1840132	14827167	8.06	0	23
ptg003967l_1_region	1840132	14827167	8.06	0	23
ptg003969l_1	180871	1611635	8.91	0	32
ptg003969l_1_region	180871	1611635	8.91	0	32
ptg003974l_1	457252	2913174	6.37	0	25
ptg003974l_1_region	457252	2913174	6.37	0	25
ptg003979l_1	348685	9852585	28.26	0	411
ptg003979l_1_region	348685	9852585	28.26	0	411
ptg003980l_1	1169462	14648264	12.53	0	191
ptg003980l_1_region	1169462	14648264	12.53	0	191
ptg003983l_1	142007	1059213	7.46	0	51
ptg003983l_1_region	142007	1059213	7.46	0	51
ptg003984l_1	728620	6528918	8.96	0	72
ptg003984l_1_region	728620	6528918	8.96	0	72
ptg003985l_1	101803	493304	4.85	0	10
ptg003985l_1_region	101803	493304	4.85	0	10
ptg003986l_1	125730	1047904	8.33	0	19
ptg003986l_1_region	125730	1047904	8.33	0	19
ptg003990l_1	384304	1796937	4.68	0	15
ptg003990l_1_region	384304	1796937	4.68	0	15
ptg003992l_1	899887	5700221	6.33	0	118
ptg003992l_1_region	899887	5700221	6.33	0	118
ptg003994l_1	596937	4632036	7.76	0	28
ptg003994l_1_region	596937	4632036	7.76	0	28
ptg003996l_1	421053	3620618	8.60	0	82
ptg003996l_1_region	421053	3620618	8.60	0	82
ptg003997l_1	185117	638033	3.45	0	15
ptg003997l_1_region	185117	638033	3.45	0	15
ptg003999l_1	223588	1282095	5.73	0	14
ptg003999l_1_region	223588	1282095	5.73	0	14
ptg004000l_1	62322	444095	7.13	0	18
ptg004000l_1_region	62322	444095	7.13	0	18
ptg004001l_1	922532	7194455	7.80	0	33
ptg004001l_1_region	922532	7194455	7.80	0	33
ptg004004l_1	126938	808328	6.37	0	22
ptg004004l_1_region	126938	808328	6.37	0	22
ptg004005l_1	582295	6450382	11.08	0	34
ptg004005l_1_region	582295	6450382	11.08	0	34
ptg004006l_1	228144	1674639	7.34	0	47
ptg004006l_1_region	228144	1674639	7.34	0	47
ptg004008l_1	309067	2125457	6.88	0	18
ptg004008l_1_region	309067	2125457	6.88	0	18
ptg004009l_1	19454	19750	1.02	0	3
ptg004009l_1_region	19454	19750	1.02	0	3
ptg004011l_1	443992	2327847	5.24	0	16
ptg004011l_1_region	443992	2327847	5.24	0	16
ptg004013l_1	35432	337622	9.53	0	20
ptg004013l_1_region	35432	337622	9.53	0	20
ptg004015l_1	291986	3702918	12.68	0	39
ptg004015l_1_region	291986	3702918	12.68	0	39
ptg004018l_1	2040214	15165254	7.43	0	25
ptg004018l_1_region	2040214	15165254	7.43	0	25
ptg004019l_1	327138	1522151	4.65	0	20
ptg004019l_1_region	327138	1522151	4.65	0	20
ptg004021l_1	148775	987394	6.64	0	16
ptg004021l_1_region	148775	987394	6.64	0	16
ptg004024l_1	205210	2645879	12.89	0	246
ptg004024l_1_region	205210	2645879	12.89	0	246
ptg004025l_1	791473	5655595	7.15	0	21
ptg004025l_1_region	791473	5655595	7.15	0	21
ptg004026l_1	270252	1325859	4.91	0	15
ptg004026l_1_region	270252	1325859	4.91	0	15
ptg004041l_1	1116779	9266942	8.30	0	20
ptg004041l_1_region	1116779	9266942	8.30	0	20
ptg004042l_1	191402	1954649	10.21	0	26
ptg004042l_1_region	191402	1954649	10.21	0	26
ptg004043l_1	313188	2770243	8.85	0	40
ptg004043l_1_region	313188	2770243	8.85	0	40
ptg004046l_1	362993	2818409	7.76	0	23
ptg004046l_1_region	362993	2818409	7.76	0	23
ptg004047l_1	895447	7657457	8.55	0	23
ptg004047l_1_region	895447	7657457	8.55	0	23
ptg004049l_1	87103	615729	7.07	0	43
ptg004049l_1_region	87103	615729	7.07	0	43
ptg004050l_1	49182	362339	7.37	0	17
ptg004050l_1_region	49182	362339	7.37	0	17
ptg004051l_1	391037	2113728	5.41	0	17
ptg004051l_1_region	391037	2113728	5.41	0	17
ptg004052l_1	1406134	28729655	20.43	0	421
ptg004052l_1_region	1406134	28729655	20.43	0	421
ptg004053l_1	149584	788347	5.27	0	15
ptg004053l_1_region	149584	788347	5.27	0	15
ptg004055l_1	326897	2181862	6.67	0	21
ptg004055l_1_region	326897	2181862	6.67	0	21
ptg004060l_1	292287	2268176	7.76	0	18
ptg004060l_1_region	292287	2268176	7.76	0	18
ptg004062l_1	126428	582411	4.61	0	11
ptg004062l_1_region	126428	582411	4.61	0	11
ptg004063l_1	690303	6036296	8.74	0	26
ptg004063l_1_region	690303	6036296	8.74	0	26
ptg004064l_1	191602	1036861	5.41	0	14
ptg004064l_1_region	191602	1036861	5.41	0	14
ptg004065l_1	290525	1806770	6.22	0	17
ptg004065l_1_region	290525	1806770	6.22	0	17
ptg004066l_1	1180851	10106990	8.56	0	160
ptg004066l_1_region	1180851	10106990	8.56	0	160
ptg004068l_1	1080299	6873067	6.36	0	24
ptg004068l_1_region	1080299	6873067	6.36	0	24
ptg004071l_1	104809	964241	9.20	0	21
ptg004071l_1_region	104809	964241	9.20	0	21
ptg004072l_1	519802	3434256	6.61	0	53
ptg004072l_1_region	519802	3434256	6.61	0	53
ptg004074l_1	232638	1793434	7.71	0	21
ptg004074l_1_region	232638	1793434	7.71	0	21
ptg004075l_1	398849	3901174	9.78	0	150
ptg004075l_1_region	398849	3901174	9.78	0	150
ptg004079l_1	61310	400842	6.54	0	18
ptg004079l_1_region	61310	400842	6.54	0	18
ptg004080l_1	167502	999270	5.97	0	16
ptg004080l_1_region	167502	999270	5.97	0	16
ptg004083l_1	298206	1195093	4.01	0	16
ptg004083l_1_region	298206	1195093	4.01	0	16
ptg004084l_1	39992	357724	8.94	0	16
ptg004084l_1_region	39992	357724	8.94	0	16
ptg004085l_1	262240	1407237	5.37	0	16
ptg004085l_1_region	262240	1407237	5.37	0	16
ptg004088l_1	34145	127678	3.74	0	8
ptg004088l_1_region	34145	127678	3.74	0	8
ptg004091l_1	604718	29642997	49.02	0	393
ptg004091l_1_region	604718	29642997	49.02	0	393
ptg004093l_1	304146	3498589	11.50	0	84
ptg004093l_1_region	304146	3498589	11.50	0	84
ptg004094l_1	93303	667634	7.16	0	25
ptg004094l_1_region	93303	667634	7.16	0	25
ptg004096l_1	299779	1637945	5.46	0	126
ptg004096l_1_region	299779	1637945	5.46	0	126
ptg004097l_1	213447	1534846	7.19	0	45
ptg004097l_1_region	213447	1534846	7.19	0	45
ptg004099l_1	215040	1552335	7.22	0	21
ptg004099l_1_region	215040	1552335	7.22	0	21
ptg004100l_1	295441	1611814	5.46	0	28
ptg004100l_1_region	295441	1611814	5.46	0	28
ptg004101l_1	237789	2626026	11.04	0	48
ptg004101l_1_region	237789	2626026	11.04	0	48
ptg004102l_1	17378	37468	2.16	0	5
ptg004102l_1_region	17378	37468	2.16	0	5
ptg004104l_1	15797	66430	4.21	0	13
ptg004104l_1_region	15797	66430	4.21	0	13
ptg004107l_1	400850	2634700	6.57	0	21
ptg004107l_1_region	400850	2634700	6.57	0	21
ptg004113l_1	333809	3712535	11.12	0	32
ptg004113l_1_region	333809	3712535	11.12	0	32
ptg004114l_1	154651	726680	4.70	0	18
ptg004114l_1_region	154651	726680	4.70	0	18
ptg004115l_1	363039	1956376	5.39	0	29
ptg004115l_1_region	363039	1956376	5.39	0	29
ptg004120l_1	176749	984371	5.57	0	15
ptg004120l_1_region	176749	984371	5.57	0	15
ptg004121l_1	298748	2601466	8.71	0	44
ptg004121l_1_region	298748	2601466	8.71	0	44
ptg004122l_1	223846	1210016	5.41	0	19
ptg004122l_1_region	223846	1210016	5.41	0	19
ptg004123l_1	181877	962755	5.29	0	15
ptg004123l_1_region	181877	962755	5.29	0	15
ptg004124l_1	609359	3646406	5.98	0	17
ptg004124l_1_region	609359	3646406	5.98	0	17
ptg004125l_1	263060	1367576	5.20	0	44
ptg004125l_1_region	263060	1367576	5.20	0	44
ptg004126l_1	315059	1648544	5.23	0	21
ptg004126l_1_region	315059	1648544	5.23	0	21
ptg004127l_1	577642	3927676	6.80	0	20
ptg004127l_1_region	577642	3927676	6.80	0	20
ptg004128l_1	74308	424856	5.72	0	15
ptg004128l_1_region	74308	424856	5.72	0	15
ptg004130l_1	1873164	13677186	7.30	0	47
ptg004130l_1_region	1873164	13677186	7.30	0	47
ptg004132l_1	482228	5822367	12.07	0	55
ptg004132l_1_region	482228	5822367	12.07	0	55
ptg004136l_1	81594	932942	11.43	0	47
ptg004136l_1_region	81594	932942	11.43	0	47
ptg004137l_1	575435	2519311	4.38	0	21
ptg004137l_1_region	575435	2519311	4.38	0	21
ptg004139l_1	155543	952008	6.12	0	14
ptg004139l_1_region	155543	952008	6.12	0	14
ptg004141l_1	215928	1104692	5.12	0	12
ptg004141l_1_region	215928	1104692	5.12	0	12
ptg004142l_1	132454	671701	5.07	0	35
ptg004142l_1_region	132454	671701	5.07	0	35
ptg004143l_1	676657	4349720	6.43	0	30
ptg004143l_1_region	676657	4349720	6.43	0	30
ptg004145l_1	276678	2114456	7.64	0	31
ptg004145l_1_region	276678	2114456	7.64	0	31
ptg004146l_1	63075	265985	4.22	0	18
ptg004146l_1_region	63075	265985	4.22	0	18
ptg004148l_1	838322	6346268	7.57	0	36
ptg004148l_1_region	838322	6346268	7.57	0	36
ptg004149l_1	220635	1454317	6.59	0	37
ptg004149l_1_region	220635	1454317	6.59	0	37
ptg004151l_1	309002	2601961	8.42	0	65
ptg004151l_1_region	309002	2601961	8.42	0	65
ptg004153l_1	962277	7673522	7.97	0	24
ptg004153l_1_region	962277	7673522	7.97	0	24
ptg004154l_1	159060	895497	5.63	0	17
ptg004154l_1_region	159060	895497	5.63	0	17
ptg004156l_1	835668	5409074	6.47	0	36
ptg004156l_1_region	835668	5409074	6.47	0	36
ptg004157l_1	471025	10509759	22.31	0	113
ptg004157l_1_region	471025	10509759	22.31	0	113
ptg004158l_1	208058	1259495	6.05	0	21
ptg004158l_1_region	208058	1259495	6.05	0	21
ptg004160l_1	340217	1940631	5.70	0	19
ptg004160l_1_region	340217	1940631	5.70	0	19
ptg004161l_1	56909	305379	5.37	0	11
ptg004161l_1_region	56909	305379	5.37	0	11
ptg004162l_1	460889	2216357	4.81	0	18
ptg004162l_1_region	460889	2216357	4.81	0	18
ptg004163l_1	665596	4624104	6.95	0	36
ptg004163l_1_region	665596	4624104	6.95	0	36
ptg004165l_1	320710	3414105	10.65	1	27
ptg004165l_1_region	320710	3414105	10.65	1	27
ptg004166l_1	1282172	10149071	7.92	0	45
ptg004166l_1_region	1282172	10149071	7.92	0	45
ptg004167l_1	633013	5535481	8.74	0	22
ptg004167l_1_region	633013	5535481	8.74	0	22
ptg004168l_1	317878	1135410	3.57	0	13
ptg004168l_1_region	317878	1135410	3.57	0	13
ptg004169l_1	267460	1214727	4.54	0	17
ptg004169l_1_region	267460	1214727	4.54	0	17
ptg004172l_1	38825	140543	3.62	0	19
ptg004172l_1_region	38825	140543	3.62	0	19
ptg004177l_1	259414	2049844	7.90	0	18
ptg004177l_1_region	259414	2049844	7.90	0	18
ptg004179l_1	259210	2274979	8.78	0	112
ptg004179l_1_region	259210	2274979	8.78	0	112
ptg004182l_1	21007	800936	38.13	0	77
ptg004182l_1_region	21007	800936	38.13	0	77
ptg004184l_1	217223	1123424	5.17	0	17
ptg004184l_1_region	217223	1123424	5.17	0	17
ptg004185l_1	683237	4386006	6.42	0	61
ptg004185l_1_region	683237	4386006	6.42	0	61
ptg004186l_1	49344	266520	5.40	0	13
ptg004186l_1_region	49344	266520	5.40	0	13
ptg004191l_1	129866	919674	7.08	0	45
ptg004191l_1_region	129866	919674	7.08	0	45
ptg004200l_1	24645	128160	5.20	0	13
ptg004200l_1_region	24645	128160	5.20	0	13
ptg004201l_1	572123	3454507	6.04	0	19
ptg004201l_1_region	572123	3454507	6.04	0	19
ptg004203l_1	632518	3721067	5.88	0	25
ptg004203l_1_region	632518	3721067	5.88	0	25
ptg004204l_1	99106	387115	3.91	0	10
ptg004204l_1_region	99106	387115	3.91	0	10
ptg004206l_1	359203	2712132	7.55	0	24
ptg004206l_1_region	359203	2712132	7.55	0	24
ptg004208l_1	381675	2196996	5.76	0	20
ptg004208l_1_region	381675	2196996	5.76	0	20
ptg004209l_1	404413	2556774	6.32	0	20
ptg004209l_1_region	404413	2556774	6.32	0	20
ptg004210l_1	680490	8684706	12.76	0	35
ptg004210l_1_region	680490	8684706	12.76	0	35
ptg004211l_1	378217	2778489	7.35	0	22
ptg004211l_1_region	378217	2778489	7.35	0	22
ptg004212l_1	613671	5362857	8.74	0	40
ptg004212l_1_region	613671	5362857	8.74	0	40
ptg004214l_1	110989	598649	5.39	0	13
ptg004214l_1_region	110989	598649	5.39	0	13
ptg004215l_1	1179939	7850014	6.65	0	19
ptg004215l_1_region	1179939	7850014	6.65	0	19
ptg004217l_1	457255	2815971	6.16	0	27
ptg004217l_1_region	457255	2815971	6.16	0	27
ptg004219l_1	174861	804680	4.60	0	14
ptg004219l_1_region	174861	804680	4.60	0	14
ptg004222l_1	396760	4481869	11.30	0	357
ptg004222l_1_region	396760	4481869	11.30	0	357
ptg004223l_1	527673	2580448	4.89	0	19
ptg004223l_1_region	527673	2580448	4.89	0	19
ptg004224l_1	297796	2148107	7.21	0	27
ptg004224l_1_region	297796	2148107	7.21	0	27
ptg004227l_1	343048	2372933	6.92	0	36
ptg004227l_1_region	343048	2372933	6.92	0	36
ptg004229l_1	250758	1432186	5.71	0	21
ptg004229l_1_region	250758	1432186	5.71	0	21
ptg004231l_1	473630	4219885	8.91	0	26
ptg004231l_1_region	473630	4219885	8.91	0	26
ptg004233l_1	871843	8204090	9.41	0	49
ptg004233l_1_region	871843	8204090	9.41	0	49
ptg004237l_1	251511	2365884	9.41	0	363
ptg004237l_1_region	251511	2365884	9.41	0	363
ptg004238l_1	75845	258052	3.40	0	21
ptg004238l_1_region	75845	258052	3.40	0	21
ptg004239l_1	29077	76992	2.65	0	6
ptg004239l_1_region	29077	76992	2.65	0	6
ptg004240l_1	321375	2187376	6.81	0	18
ptg004240l_1_region	321375	2187376	6.81	0	18
ptg004241l_1	886696	14131188	15.94	0	218
ptg004241l_1_region	886696	14131188	15.94	0	218
ptg004242l_1	84900	528554	6.23	0	32
ptg004242l_1_region	84900	528554	6.23	0	32
ptg004243l_1	755344	4424206	5.86	0	16
ptg004243l_1_region	755344	4424206	5.86	0	16
ptg004245l_1	158588	1313317	8.28	0	30
ptg004245l_1_region	158588	1313317	8.28	0	30
ptg004248l_1	1936206	23699155	12.24	0	54
ptg004248l_1_region	1936206	23699155	12.24	0	54
ptg004249l_1	235583	1664969	7.07	0	16
ptg004249l_1_region	235583	1664969	7.07	0	16
ptg004251l_1	155707	964877	6.20	0	23
ptg004251l_1_region	155707	964877	6.20	0	23
ptg004253l_1	103522	732614	7.08	0	32
ptg004253l_1_region	103522	732614	7.08	0	32
ptg004260l_1	421884	3821460	9.06	0	28
ptg004260l_1_region	421884	3821460	9.06	0	28
ptg004262l_1	181068	1170757	6.47	0	15
ptg004262l_1_region	181068	1170757	6.47	0	15
ptg004263l_1	102531	547706	5.34	0	19
ptg004263l_1_region	102531	547706	5.34	0	19
ptg004264l_1	36841	23183	0.63	0	3
ptg004264l_1_region	36841	23183	0.63	0	3
ptg004265l_1	135100	682325	5.05	0	20
ptg004265l_1_region	135100	682325	5.05	0	20
ptg004266l_1	239194	1079247	4.51	0	17
ptg004266l_1_region	239194	1079247	4.51	0	17
ptg004267l_1	804304	6569035	8.17	0	36
ptg004267l_1_region	804304	6569035	8.17	0	36
ptg004268l_1	142640	658016	4.61	0	14
ptg004268l_1_region	142640	658016	4.61	0	14
ptg004269l_1	310915	2387243	7.68	0	30
ptg004269l_1_region	310915	2387243	7.68	0	30
ptg004271l_1	626025	3997856	6.39	0	26
ptg004271l_1_region	626025	3997856	6.39	0	26
ptg004272l_1	229997	1352161	5.88	0	40
ptg004272l_1_region	229997	1352161	5.88	0	40
ptg004273l_1	184676	1304055	7.06	0	17
ptg004273l_1_region	184676	1304055	7.06	0	17
ptg004274l_1	114401	526893	4.61	0	11
ptg004274l_1_region	114401	526893	4.61	0	11
ptg004277l_1	647128	7215519	11.15	0	40
ptg004277l_1_region	647128	7215519	11.15	0	40
ptg004278l_1	338593	2561284	7.56	0	19
ptg004278l_1_region	338593	2561284	7.56	0	19
ptg004280l_1	328133	1995904	6.08	0	18
ptg004280l_1_region	328133	1995904	6.08	0	18
ptg004281l_1	357748	2463575	6.89	0	21
ptg004281l_1_region	357748	2463575	6.89	0	21
ptg004284l_1	287316	1981758	6.90	0	28
ptg004284l_1_region	287316	1981758	6.90	0	28
ptg004287l_1	428194	3151816	7.36	0	22
ptg004287l_1_region	428194	3151816	7.36	0	22
ptg004288l_1	492363	3084034	6.26	0	22
ptg004288l_1_region	492363	3084034	6.26	0	22
ptg004289l_1	1764965	16787179	9.51	0	63
ptg004289l_1_region	1764965	16787179	9.51	0	63
ptg004290l_1	92128	250076	2.71	0	14
ptg004290l_1_region	92128	250076	2.71	0	14
ptg004292l_1	184486	844446	4.58	0	50
ptg004292l_1_region	184486	844446	4.58	0	50
ptg004296l_1	473350	3321767	7.02	0	71
ptg004296l_1_region	473350	3321767	7.02	0	71
ptg004298l_1	537228	3585245	6.67	0	53
ptg004298l_1_region	537228	3585245	6.67	0	53
ptg004299l_1	314558	2271958	7.22	0	27
ptg004299l_1_region	314558	2271958	7.22	0	27
ptg004302l_1	217272	1613470	7.43	0	27
ptg004302l_1_region	217272	1613470	7.43	0	27
ptg004305l_1	353842	2388645	6.75	0	20
ptg004305l_1_region	353842	2388645	6.75	0	20
ptg004306l_1	146690	666251	4.54	0	28
ptg004306l_1_region	146690	666251	4.54	0	28
ptg004307l_1	156850	926824	5.91	0	15
ptg004307l_1_region	156850	926824	5.91	0	15
ptg004309l_1	925681	7429244	8.03	0	29
ptg004309l_1_region	925681	7429244	8.03	0	29
ptg004311l_1	645936	4287623	6.64	0	17
ptg004311l_1_region	645936	4287623	6.64	0	17
ptg004312l_1	223462	1705333	7.63	0	31
ptg004312l_1_region	223462	1705333	7.63	0	31
ptg004313l_1	279491	4893404	17.51	0	179
ptg004313l_1_region	279491	4893404	17.51	0	179
ptg004314l_1	328444	2402184	7.31	0	20
ptg004314l_1_region	328444	2402184	7.31	0	20
ptg004315l_1	208763	1462362	7.00	0	20
ptg004315l_1_region	208763	1462362	7.00	0	20
ptg004317l_1	266149	2575215	9.68	0	34
ptg004317l_1_region	266149	2575215	9.68	0	34
ptg004319l_1	165601	639968	3.86	0	34
ptg004319l_1_region	165601	639968	3.86	0	34
ptg004321l_1	491634	3817547	7.77	0	24
ptg004321l_1_region	491634	3817547	7.77	0	24
ptg004322l_1	269851	2085267	7.73	0	29
ptg004322l_1_region	269851	2085267	7.73	0	29
ptg004323l_1	35231	215948	6.13	0	30
ptg004323l_1_region	35231	215948	6.13	0	30
ptg004325l_1	67201	417071	6.21	0	21
ptg004325l_1_region	67201	417071	6.21	0	21
ptg004326l_1	1263858	10008501	7.92	0	24
ptg004326l_1_region	1263858	10008501	7.92	0	24
ptg004327l_1	356202	2090241	5.87	0	25
ptg004327l_1_region	356202	2090241	5.87	0	25
ptg004328l_1	499362	2880717	5.77	0	20
ptg004328l_1_region	499362	2880717	5.77	0	20
ptg004329l_1	114543	735208	6.42	0	25
ptg004329l_1_region	114543	735208	6.42	0	25
ptg004330l_1	302681	2280268	7.53	0	32
ptg004330l_1_region	302681	2280268	7.53	0	32
ptg004332l_1	212650	1672641	7.87	0	28
ptg004332l_1_region	212650	1672641	7.87	0	28
ptg004334l_1	324011	2679390	8.27	0	23
ptg004334l_1_region	324011	2679390	8.27	0	23
ptg004336l_1	378447	2210904	5.84	0	24
ptg004336l_1_region	378447	2210904	5.84	0	24
ptg004339l_1	457543	4251120	9.29	0	139
ptg004339l_1_region	457543	4251120	9.29	0	139
ptg004340l_1	61046	250364	4.10	0	10
ptg004340l_1_region	61046	250364	4.10	0	10
ptg004343l_1	588024	6769748	11.51	0	60
ptg004343l_1_region	588024	6769748	11.51	0	60
ptg004349l_1	132680	1040170	7.84	0	18
ptg004349l_1_region	132680	1040170	7.84	0	18
ptg004351l_1	831153	6782823	8.16	0	22
ptg004351l_1_region	831153	6782823	8.16	0	22
ptg004352l_1	79757	702689	8.81	0	43
ptg004352l_1_region	79757	702689	8.81	0	43
ptg004356l_1	325198	2701053	8.31	0	24
ptg004356l_1_region	325198	2701053	8.31	0	24
ptg004359l_1	41827	204247	4.88	0	14
ptg004359l_1_region	41827	204247	4.88	0	14
ptg004360l_1	32464	121786	3.75	0	9
ptg004360l_1_region	32464	121786	3.75	0	9
ptg004361l_1	648129	3986451	6.15	0	47
ptg004361l_1_region	648129	3986451	6.15	0	47
ptg004362l_1	175017	804723	4.60	0	29
ptg004362l_1_region	175017	804723	4.60	0	29
ptg004363l_1	334308	1952522	5.84	0	17
ptg004363l_1_region	334308	1952522	5.84	0	17
ptg004364l_1	75996	409363	5.39	0	12
ptg004364l_1_region	75996	409363	5.39	0	12
ptg004365l_1	453903	2772068	6.11	0	62
ptg004365l_1_region	453903	2772068	6.11	0	62
ptg004366l_1	463727	3362499	7.25	0	26
ptg004366l_1_region	463727	3362499	7.25	0	26
ptg004369l_1	123659	918728	7.43	0	24
ptg004369l_1_region	123659	918728	7.43	0	24
ptg004370l_1	1042306	8679824	8.33	0	28
ptg004370l_1_region	1042306	8679824	8.33	0	28
ptg004371l_1	85171	694731	8.16	0	16
ptg004371l_1_region	85171	694731	8.16	0	16
ptg004372l_1	487747	2891723	5.93	0	41
ptg004372l_1_region	487747	2891723	5.93	0	41
ptg004373l_1	86199	543604	6.31	0	28
ptg004373l_1_region	86199	543604	6.31	0	28
ptg004374l_1	72567	403076	5.55	0	15
ptg004374l_1_region	72567	403076	5.55	0	15
ptg004375l_1	93939	563252	6.00	0	16
ptg004375l_1_region	93939	563252	6.00	0	16
ptg004376l_1	303321	1699556	5.60	0	19
ptg004376l_1_region	303321	1699556	5.60	0	19
ptg004377l_1	254508	3311766	13.01	0	62
ptg004377l_1_region	254508	3311766	13.01	0	62
ptg004379l_1	120092	564438	4.70	0	14
ptg004379l_1_region	120092	564438	4.70	0	14
ptg004381l_1	86764	417174	4.81	0	14
ptg004381l_1_region	86764	417174	4.81	0	14
ptg004382l_1	79026	457566	5.79	0	19
ptg004382l_1_region	79026	457566	5.79	0	19
ptg004385l_1	169906	1480636	8.71	0	33
ptg004385l_1_region	169906	1480636	8.71	0	33
ptg004388l_1	243554	1826621	7.50	0	16
ptg004388l_1_region	243554	1826621	7.50	0	16
ptg004389l_1	104762	322451	3.08	0	47
ptg004389l_1_region	104762	322451	3.08	0	47
ptg004393l_1	612796	5570314	9.09	0	41
ptg004393l_1_region	612796	5570314	9.09	0	41
ptg004394l_1	203333	1486799	7.31	0	19
ptg004394l_1_region	203333	1486799	7.31	0	19
ptg004395l_1	3308299	25411955	7.68	0	41
ptg004395l_1_region	3308299	25411955	7.68	0	41
ptg004398l_1	912667	6128635	6.72	0	40
ptg004398l_1_region	912667	6128635	6.72	0	40
ptg004399l_1	451033	4115595	9.12	0	51
ptg004399l_1_region	451033	4115595	9.12	0	51
ptg004400l_1	734053	4233438	5.77	0	18
ptg004400l_1_region	734053	4233438	5.77	0	18
ptg004402l_1	152775	1042474	6.82	0	31
ptg004402l_1_region	152775	1042474	6.82	0	31
ptg004403l_1	263557	1572647	5.97	0	178
ptg004403l_1_region	263557	1572647	5.97	0	178
ptg004405l_1	240462	1244199	5.17	0	121
ptg004405l_1_region	240462	1244199	5.17	0	121
ptg004408l_1	633652	4888982	7.72	0	37
ptg004408l_1_region	633652	4888982	7.72	0	37
ptg004411l_1	287417	1658569	5.77	0	38
ptg004411l_1_region	287417	1658569	5.77	0	38
ptg004412l_1	1388505	12613155	9.08	0	30
ptg004412l_1_region	1388505	12613155	9.08	0	30
ptg004415l_1	484969	2919193	6.02	0	21
ptg004415l_1_region	484969	2919193	6.02	0	21
ptg004416l_1	267298	1955653	7.32	0	18
ptg004416l_1_region	267298	1955653	7.32	0	18
ptg004425l_1	28524	141235	4.95	0	10
ptg004425l_1_region	28524	141235	4.95	0	10
ptg004429l_1	801663	5306304	6.62	0	50
ptg004429l_1_region	801663	5306304	6.62	0	50
ptg004431l_1	337027	3182401	9.44	0	30
ptg004431l_1_region	337027	3182401	9.44	0	30
ptg004432l_1	147239	549461	3.73	0	23
ptg004432l_1_region	147239	549461	3.73	0	23
ptg004433l_1	336145	2185206	6.50	0	25
ptg004433l_1_region	336145	2185206	6.50	0	25
ptg004435l_1	420841	3572014	8.49	0	24
ptg004435l_1_region	420841	3572014	8.49	0	24
ptg004436l_1	10216	8874	0.87	0	2
ptg004436l_1_region	10216	8874	0.87	0	2
ptg004439l_1	223069	1711850	7.67	0	83
ptg004439l_1_region	223069	1711850	7.67	0	83
ptg004441l_1	254665	1368550	5.37	0	15
ptg004441l_1_region	254665	1368550	5.37	0	15
ptg004443l_1	573445	4903628	8.55	0	27
ptg004443l_1_region	573445	4903628	8.55	0	27
ptg004444l_1	102062	696752	6.83	0	15
ptg004444l_1_region	102062	696752	6.83	0	15
ptg004446l_1	490737	3340264	6.81	0	19
ptg004446l_1_region	490737	3340264	6.81	0	19
ptg004447l_1	279993	1823054	6.51	0	16
ptg004447l_1_region	279993	1823054	6.51	0	16
ptg004449l_1	453305	3354643	7.40	0	39
ptg004449l_1_region	453305	3354643	7.40	0	39
ptg004451l_1	129563	890137	6.87	0	30
ptg004451l_1_region	129563	890137	6.87	0	30
ptg004452l_1	119771	721176	6.02	0	23
ptg004452l_1_region	119771	721176	6.02	0	23
ptg004454l_1	158857	785800	4.95	0	16
ptg004454l_1_region	158857	785800	4.95	0	16
ptg004455l_1	9581	1406	0.15	0	1
ptg004455l_1_region	9581	1406	0.15	0	1
ptg004460l_1	154760	1127544	7.29	0	22
ptg004460l_1_region	154760	1127544	7.29	0	22
ptg004461l_1	677479	4962882	7.33	0	25
ptg004461l_1_region	677479	4962882	7.33	0	25
ptg004463l_1	322613	1894928	5.87	0	18
ptg004463l_1_region	322613	1894928	5.87	0	18
ptg004464l_1	228686	1269581	5.55	0	25
ptg004464l_1_region	228686	1269581	5.55	0	25
ptg004465l_1	442510	2609505	5.90	0	20
ptg004465l_1_region	442510	2609505	5.90	0	20
ptg004466l_1	168433	780236	4.63	0	13
ptg004466l_1_region	168433	780236	4.63	0	13
ptg004467l_1	237312	2069381	8.72	0	16
ptg004467l_1_region	237312	2069381	8.72	0	16
ptg004471l_1	80464	756104	9.40	0	26
ptg004471l_1_region	80464	756104	9.40	0	26
ptg004472l_1	330354	2037922	6.17	0	42
ptg004472l_1_region	330354	2037922	6.17	0	42
ptg004473l_1	300599	3436186	11.43	0	50
ptg004473l_1_region	300599	3436186	11.43	0	50
ptg004474l_1	422779	1783232	4.22	0	15
ptg004474l_1_region	422779	1783232	4.22	0	15
ptg004478l_1	332208	2134846	6.43	0	17
ptg004478l_1_region	332208	2134846	6.43	0	17
ptg004481l_1	27207	128950	4.74	0	9
ptg004481l_1_region	27207	128950	4.74	0	9
ptg004482l_1	308511	2049646	6.64	0	17
ptg004482l_1_region	308511	2049646	6.64	0	17
ptg004483l_1	281626	1951519	6.93	0	17
ptg004483l_1_region	281626	1951519	6.93	0	17
ptg004485l_1	436607	3596859	8.24	0	22
ptg004485l_1_region	436607	3596859	8.24	0	22
ptg004486l_1	262221	2532707	9.66	0	39
ptg004486l_1_region	262221	2532707	9.66	0	39
ptg004487l_1	532022	2821292	5.30	0	27
ptg004487l_1_region	532022	2821292	5.30	0	27
ptg004488l_1	368095	1435333	3.90	0	16
ptg004488l_1_region	368095	1435333	3.90	0	16
ptg004489l_1	129413	892499	6.90	0	249
ptg004489l_1_region	129413	892499	6.90	0	249
ptg004496l_1	398224	2364369	5.94	0	19
ptg004496l_1_region	398224	2364369	5.94	0	19
ptg004500l_1	264615	2534258	9.58	0	542
ptg004500l_1_region	264615	2534258	9.58	0	542
ptg004502l_1	177787	1432176	8.06	0	33
ptg004502l_1_region	177787	1432176	8.06	0	33
ptg004503l_1	518378	4465968	8.62	0	55
ptg004503l_1_region	518378	4465968	8.62	0	55
ptg004504l_1	102780	491084	4.78	0	12
ptg004504l_1_region	102780	491084	4.78	0	12
ptg004505l_1	473296	3474406	7.34	0	18
ptg004505l_1_region	473296	3474406	7.34	0	18
ptg004506l_1	47993	271645	5.66	0	12
ptg004506l_1_region	47993	271645	5.66	0	12
ptg004507l_1	680733	4178246	6.14	0	22
ptg004507l_1_region	680733	4178246	6.14	0	22
ptg004514l_1	279457	2716203	9.72	0	37
ptg004514l_1_region	279457	2716203	9.72	0	37
ptg004515l_1	49785	263784	5.30	0	12
ptg004515l_1_region	49785	263784	5.30	0	12
ptg004517l_1	377343	3120299	8.27	0	39
ptg004517l_1_region	377343	3120299	8.27	0	39
ptg004519l_1	335367	2101371	6.27	0	97
ptg004519l_1_region	335367	2101371	6.27	0	97
ptg004520l_1	36862	248606	6.74	0	22
ptg004520l_1_region	36862	248606	6.74	0	22
ptg004521l_1	497734	2544867	5.11	0	31
ptg004521l_1_region	497734	2544867	5.11	0	31
ptg004522l_1	569603	3809892	6.69	0	100
ptg004522l_1_region	569603	3809892	6.69	0	100
ptg004523l_1	429400	4083873	9.51	0	31
ptg004523l_1_region	429400	4083873	9.51	0	31
ptg004525l_1	160809	1197244	7.45	0	26
ptg004525l_1_region	160809	1197244	7.45	0	26
ptg004526l_1	129206	1006501	7.79	0	125
ptg004526l_1_region	129206	1006501	7.79	0	125
ptg004528l_1	380649	2933447	7.71	0	29
ptg004528l_1_region	380649	2933447	7.71	0	29
ptg004531l_1	452250	4120180	9.11	0	29
ptg004531l_1_region	452250	4120180	9.11	0	29
ptg004533l_1	567846	3272115	5.76	0	16
ptg004533l_1_region	567846	3272115	5.76	0	16
ptg004534l_1	98490	846571	8.60	0	30
ptg004534l_1_region	98490	846571	8.60	0	30
ptg004535l_1	17401	328998	18.91	2	33
ptg004535l_1_region	17401	328998	18.91	2	33
ptg004536l_1	45534	166092	3.65	0	18
ptg004536l_1_region	45534	166092	3.65	0	18
ptg004540l_1	22467	64818	2.89	0	9
ptg004540l_1_region	22467	64818	2.89	0	9
ptg004541l_1	48774	1666384	34.17	0	103
ptg004541l_1_region	48774	1666384	34.17	0	103
ptg004544l_1	254237	1366371	5.37	0	19
ptg004544l_1_region	254237	1366371	5.37	0	19
ptg004546l_1	132463	615522	4.65	0	14
ptg004546l_1_region	132463	615522	4.65	0	14
ptg004549l_1	284303	1865353	6.56	0	50
ptg004549l_1_region	284303	1865353	6.56	0	50
ptg004550l_1	523679	3828695	7.31	0	17
ptg004550l_1_region	523679	3828695	7.31	0	17
ptg004551l_1	298883	2515816	8.42	0	25
ptg004551l_1_region	298883	2515816	8.42	0	25
ptg004552l_1	330554	2981286	9.02	0	129
ptg004552l_1_region	330554	2981286	9.02	0	129
ptg004553l_1	195452	1717482	8.79	1	19
ptg004553l_1_region	195452	1717482	8.79	1	19
ptg004554l_1	71159	313656	4.41	0	16
ptg004554l_1_region	71159	313656	4.41	0	16
ptg004556l_1	220188	1603225	7.28	0	17
ptg004556l_1_region	220188	1603225	7.28	0	17
ptg004558l_1	438719	3111305	7.09	0	107
ptg004558l_1_region	438719	3111305	7.09	0	107
ptg004559l_1	19976	77123	3.86	0	10
ptg004559l_1_region	19976	77123	3.86	0	10
ptg004560l_1	77805	522102	6.71	0	16
ptg004560l_1_region	77805	522102	6.71	0	16
ptg004564l_1	150376	633270	4.21	0	28
ptg004564l_1_region	150376	633270	4.21	0	28
ptg004565l_1	262755	1396086	5.31	0	25
ptg004565l_1_region	262755	1396086	5.31	0	25
ptg004569l_1	202512	1989275	9.82	0	59
ptg004569l_1_region	202512	1989275	9.82	0	59
ptg004575l_1	128239	425016	3.31	0	10
ptg004575l_1_region	128239	425016	3.31	0	10
ptg004576l_1	720236	2658567	3.69	0	38
ptg004576l_1_region	720236	2658567	3.69	0	38
ptg004577l_1	544062	3381480	6.22	0	20
ptg004577l_1_region	544062	3381480	6.22	0	20
ptg004578l_1	243844	1738880	7.13	0	45
ptg004578l_1_region	243844	1738880	7.13	0	45
ptg004582l_1	247381	1950714	7.89	0	30
ptg004582l_1_region	247381	1950714	7.89	0	30
ptg004583l_1	129075	714175	5.53	0	13
ptg004583l_1_region	129075	714175	5.53	0	13
ptg004584l_1	140902	1595994	11.33	0	21
ptg004584l_1_region	140902	1595994	11.33	0	21
ptg004586l_1	988984	7161649	7.24	0	47
ptg004586l_1_region	988984	7161649	7.24	0	47
ptg004587l_1	108417	477046	4.40	0	39
ptg004587l_1_region	108417	477046	4.40	0	39
ptg004588l_1	960150	12530080	13.05	0	69
ptg004588l_1_region	960150	12530080	13.05	0	69
ptg004589l_1	189961	680171	3.58	0	12
ptg004589l_1_region	189961	680171	3.58	0	12
ptg004590l_1	226003	2644420	11.70	0	535
ptg004590l_1_region	226003	2644420	11.70	0	535
ptg004594l_1	242405	1550456	6.40	0	18
ptg004594l_1_region	242405	1550456	6.40	0	18
ptg004596l_1	355847	2570459	7.22	0	18
ptg004596l_1_region	355847	2570459	7.22	0	18
ptg004597l_1	194330	895651	4.61	0	16
ptg004597l_1_region	194330	895651	4.61	0	16
ptg004598l_1	169206	978777	5.78	0	19
ptg004598l_1_region	169206	978777	5.78	0	19
ptg004600l_1	157158	1061525	6.75	0	16
ptg004600l_1_region	157158	1061525	6.75	0	16
ptg004605l_1	394987	2122756	5.37	0	22
ptg004605l_1_region	394987	2122756	5.37	0	22
ptg004607l_1	1382642	6821662	4.93	0	18
ptg004607l_1_region	1382642	6821662	4.93	0	18
ptg004609l_1	240562	1255105	5.22	0	18
ptg004609l_1_region	240562	1255105	5.22	0	18
ptg004613l_1	361699	3449277	9.54	0	37
ptg004613l_1_region	361699	3449277	9.54	0	37
ptg004615l_1	534708	3875357	7.25	0	22
ptg004615l_1_region	534708	3875357	7.25	0	22
ptg004616l_1	258814	1191050	4.60	0	47
ptg004616l_1_region	258814	1191050	4.60	0	47
ptg004618l_1	74100	492261	6.64	0	18
ptg004618l_1_region	74100	492261	6.64	0	18
ptg004619l_1	38187	166426	4.36	0	9
ptg004619l_1_region	38187	166426	4.36	0	9
ptg004620l_1	235676	211621	0.90	0	9
ptg004620l_1_region	235676	211621	0.90	0	9
ptg004621l_1	118035	340764	2.89	0	19
ptg004621l_1_region	118035	340764	2.89	0	19
ptg004622l_1	373800	2474225	6.62	0	17
ptg004622l_1_region	373800	2474225	6.62	0	17
ptg004624l_1	174040	953575	5.48	0	16
ptg004624l_1_region	174040	953575	5.48	0	16
ptg004625l_1	429177	3285108	7.65	0	27
ptg004625l_1_region	429177	3285108	7.65	0	27
ptg004630l_1	633388	5123587	8.09	0	27
ptg004630l_1_region	633388	5123587	8.09	0	27
ptg004632l_1	139147	874650	6.29	0	16
ptg004632l_1_region	139147	874650	6.29	0	16
ptg004633l_1	421191	3549216	8.43	0	19
ptg004633l_1_region	421191	3549216	8.43	0	19
ptg004634l_1	131150	843707	6.43	0	17
ptg004634l_1_region	131150	843707	6.43	0	17
ptg004635l_1	81490	407495	5.00	0	12
ptg004635l_1_region	81490	407495	5.00	0	12
ptg004637l_1	293831	2288786	7.79	0	20
ptg004637l_1_region	293831	2288786	7.79	0	20
ptg004639l_1	152991	508320	3.32	0	45
ptg004639l_1_region	152991	508320	3.32	0	45
ptg004640l_1	226854	1693429	7.46	0	31
ptg004640l_1_region	226854	1693429	7.46	0	31
ptg004641l_1	326843	3090257	9.45	0	29
ptg004641l_1_region	326843	3090257	9.45	0	29
ptg004643l_1	252567	1410150	5.58	0	14
ptg004643l_1_region	252567	1410150	5.58	0	14
ptg004646l_1	415894	2469171	5.94	0	41
ptg004646l_1_region	415894	2469171	5.94	0	41
ptg004647l_1	703958	9172502	13.03	0	65
ptg004647l_1_region	703958	9172502	13.03	0	65
ptg004649l_1	681576	6326007	9.28	0	30
ptg004649l_1_region	681576	6326007	9.28	0	30
ptg004650l_1	597220	3442325	5.76	0	21
ptg004650l_1_region	597220	3442325	5.76	0	21
ptg004651l_1	200883	872721	4.34	0	14
ptg004651l_1_region	200883	872721	4.34	0	14
ptg004653l_1	38434	36270	0.94	0	12
ptg004653l_1_region	38434	36270	0.94	0	12
ptg004654l_1	110856	480041	4.33	0	10
ptg004654l_1_region	110856	480041	4.33	0	10
ptg004657l_1	116183	584616	5.03	0	13
ptg004657l_1_region	116183	584616	5.03	0	13
ptg004658l_1	180920	985011	5.44	0	17
ptg004658l_1_region	180920	985011	5.44	0	17
ptg004659l_1	180577	1902823	10.54	0	45
ptg004659l_1_region	180577	1902823	10.54	0	45
ptg004660l_1	86679	801755	9.25	0	23
ptg004660l_1_region	86679	801755	9.25	0	23
ptg004661l_1	278649	1892727	6.79	0	24
ptg004661l_1_region	278649	1892727	6.79	0	24
ptg004662l_1	220966	1946376	8.81	0	29
ptg004662l_1_region	220966	1946376	8.81	0	29
ptg004663l_1	225966	1437716	6.36	0	19
ptg004663l_1_region	225966	1437716	6.36	0	19
ptg004665l_1	883031	7768410	8.80	0	19
ptg004665l_1_region	883031	7768410	8.80	0	19
ptg004666l_1	159455	1041460	6.53	0	18
ptg004666l_1_region	159455	1041460	6.53	0	18
ptg004669l_1	258837	2495664	9.64	0	23
ptg004669l_1_region	258837	2495664	9.64	0	23
ptg004671l_1	1048211	6743325	6.43	0	37
ptg004671l_1_region	1048211	6743325	6.43	0	37
ptg004678l_1	746719	5342868	7.16	0	22
ptg004678l_1_region	746719	5342868	7.16	0	22
ptg004679l_1	859046	1657246	1.93	0	20
ptg004679l_1_region	859046	1657246	1.93	0	20
ptg004681l_1	164721	1378873	8.37	0	20
ptg004681l_1_region	164721	1378873	8.37	0	20
ptg004682l_1	377631	4194653	11.11	0	27
ptg004682l_1_region	377631	4194653	11.11	0	27
ptg004683l_1	100925	279446	2.77	0	18
ptg004683l_1_region	100925	279446	2.77	0	18
ptg004684l_1	124279	449654	3.62	0	14
ptg004684l_1_region	124279	449654	3.62	0	14
ptg004685l_1	221577	1538963	6.95	0	20
ptg004685l_1_region	221577	1538963	6.95	0	20
ptg004689l_1	312380	1998270	6.40	0	19
ptg004689l_1_region	312380	1998270	6.40	0	19
ptg004692l_1	269467	9414690	34.94	0	360
ptg004692l_1_region	269467	9414690	34.94	0	360
ptg004693l_1	186626	1088010	5.83	0	19
ptg004693l_1_region	186626	1088010	5.83	0	19
ptg004695l_1	1610242	17194739	10.68	0	94
ptg004695l_1_region	1610242	17194739	10.68	0	94
ptg004696l_1	312643	674850	2.16	0	16
ptg004696l_1_region	312643	674850	2.16	0	16
ptg004698l_1	950860	5737325	6.03	0	21
ptg004698l_1_region	950860	5737325	6.03	0	21
ptg004701l_1	252851	889063	3.52	0	22
ptg004701l_1_region	252851	889063	3.52	0	22
ptg004703l_1	203605	1158843	5.69	0	24
ptg004703l_1_region	203605	1158843	5.69	0	24
ptg004704l_1	245343	2377066	9.69	0	59
ptg004704l_1_region	245343	2377066	9.69	0	59
ptg004705l_1	204025	1385137	6.79	0	19
ptg004705l_1_region	204025	1385137	6.79	0	19
ptg004708l_1	842608	7837955	9.30	0	23
ptg004708l_1_region	842608	7837955	9.30	0	23
ptg004709l_1	391584	2351323	6.00	0	54
ptg004709l_1_region	391584	2351323	6.00	0	54
ptg004711l_1	687363	6652056	9.68	0	157
ptg004711l_1_region	687363	6652056	9.68	0	157
ptg004712l_1	847743	6099473	7.19	0	66
ptg004712l_1_region	847743	6099473	7.19	0	66
ptg004713l_1	190329	1242014	6.53	0	29
ptg004713l_1_region	190329	1242014	6.53	0	29
ptg004714l_1	995953	5468397	5.49	0	39
ptg004714l_1_region	995953	5468397	5.49	0	39
ptg004716l_1	611019	4215050	6.90	0	22
ptg004716l_1_region	611019	4215050	6.90	0	22
ptg004719l_1	27428	119619	4.36	0	10
ptg004719l_1_region	27428	119619	4.36	0	10
ptg004723l_1	228001	1838355	8.06	0	59
ptg004723l_1_region	228001	1838355	8.06	0	59
ptg004725l_1	31658	84406	2.67	0	7
ptg004725l_1_region	31658	84406	2.67	0	7
ptg004727l_1	147909	772033	5.22	0	19
ptg004727l_1_region	147909	772033	5.22	0	19
ptg004731l_1	1647395	11073475	6.72	0	22
ptg004731l_1_region	1647395	11073475	6.72	0	22
ptg004732l_1	234063	2355243	10.06	0	100
ptg004732l_1_region	234063	2355243	10.06	0	100
ptg004736l_1	300149	1382282	4.61	0	23
ptg004736l_1_region	300149	1382282	4.61	0	23
ptg004748l_1	709896	5330656	7.51	0	25
ptg004748l_1_region	709896	5330656	7.51	0	25
ptg004751l_1	603246	5008817	8.30	0	64
ptg004751l_1_region	603246	5008817	8.30	0	64
ptg004752l_1	35238	158558	4.50	0	7
ptg004752l_1_region	35238	158558	4.50	0	7
ptg004755l_1	414694	3299450	7.96	0	26
ptg004755l_1_region	414694	3299450	7.96	0	26
ptg004756l_1	50773	251597	4.96	0	12
ptg004756l_1_region	50773	251597	4.96	0	12
ptg004759l_1	1123265	8247830	7.34	0	24
ptg004759l_1_region	1123265	8247830	7.34	0	24
ptg004761l_1	162900	1028463	6.31	0	34
ptg004761l_1_region	162900	1028463	6.31	0	34
ptg004762l_1	78133	639497	8.18	0	21
ptg004762l_1_region	78133	639497	8.18	0	21
ptg004764l_1	45689	205517	4.50	0	9
ptg004764l_1_region	45689	205517	4.50	0	9
ptg004765l_1	260541	2454513	9.42	0	59
ptg004765l_1_region	260541	2454513	9.42	0	59
ptg004767l_1	74140	292894	3.95	0	11
ptg004767l_1_region	74140	292894	3.95	0	11
ptg004771l_1	88709	315632	3.56	0	11
ptg004771l_1_region	88709	315632	3.56	0	11
ptg004774l_1	135769	784203	5.78	0	22
ptg004774l_1_region	135769	784203	5.78	0	22
ptg004776l_1	408915	3291500	8.05	0	22
ptg004776l_1_region	408915	3291500	8.05	0	22
ptg004777l_1	115534	530195	4.59	0	10
ptg004777l_1_region	115534	530195	4.59	0	10
ptg004778l_1	141346	743183	5.26	0	18
ptg004778l_1_region	141346	743183	5.26	0	18
ptg004779l_1	602311	4940988	8.20	0	27
ptg004779l_1_region	602311	4940988	8.20	0	27
ptg004782l_1	12850	131235	10.21	0	108
ptg004782l_1_region	12850	131235	10.21	0	108
ptg004783l_1	638638	5386509	8.43	0	29
ptg004783l_1_region	638638	5386509	8.43	0	29
ptg004785l_1	371322	2740742	7.38	0	45
ptg004785l_1_region	371322	2740742	7.38	0	45
ptg004786l_1	27355	116728	4.27	0	12
ptg004786l_1_region	27355	116728	4.27	0	12
ptg004788l_1	597866	4117078	6.89	0	31
ptg004788l_1_region	597866	4117078	6.89	0	31
ptg004792l_1	475211	2974136	6.26	0	23
ptg004792l_1_region	475211	2974136	6.26	0	23
ptg004793l_1	510356	3536034	6.93	0	99
ptg004793l_1_region	510356	3536034	6.93	0	99
ptg004795l_1	927927	7962794	8.58	0	35
ptg004795l_1_region	927927	7962794	8.58	0	35
ptg004797l_1	351014	3439000	9.80	0	57
ptg004797l_1_region	351014	3439000	9.80	0	57
ptg004798l_1	292365	2336861	7.99	0	19
ptg004798l_1_region	292365	2336861	7.99	0	19
ptg004799l_1	428435	3613941	8.44	0	19
ptg004799l_1_region	428435	3613941	8.44	0	19
ptg004800l_1	123495	602110	4.88	0	11
ptg004800l_1_region	123495	602110	4.88	0	11
ptg004802l_1	228199	1126270	4.94	0	15
ptg004802l_1_region	228199	1126270	4.94	0	15
ptg004807l_1	146097	708544	4.85	0	157
ptg004807l_1_region	146097	708544	4.85	0	157
ptg004813l_1	241558	1657812	6.86	0	16
ptg004813l_1_region	241558	1657812	6.86	0	16
ptg004814l_1	412672	2573006	6.23	0	30
ptg004814l_1_region	412672	2573006	6.23	0	30
ptg004816l_1	531605	5299585	9.97	0	52
ptg004816l_1_region	531605	5299585	9.97	0	52
ptg004817l_1	27778	72686	2.62	0	13
ptg004817l_1_region	27778	72686	2.62	0	13
ptg004820l_1	315997	2640302	8.36	0	34
ptg004820l_1_region	315997	2640302	8.36	0	34
ptg004824l_1	459605	3172316	6.90	0	27
ptg004824l_1_region	459605	3172316	6.90	0	27
ptg004828l_1	22945	84053	3.66	0	11
ptg004828l_1_region	22945	84053	3.66	0	11
ptg004829l_1	155175	1415493	9.12	0	208
ptg004829l_1_region	155175	1415493	9.12	0	208
ptg004833l_1	90320	567038	6.28	0	15
ptg004833l_1_region	90320	567038	6.28	0	15
ptg004834l_1	52647	342986	6.51	0	19
ptg004834l_1_region	52647	342986	6.51	0	19
ptg004835l_1	211810	1687835	7.97	0	36
ptg004835l_1_region	211810	1687835	7.97	0	36
ptg004836l_1	537132	9471466	17.63	0	77
ptg004836l_1_region	537132	9471466	17.63	0	77
ptg004837l_1	434469	2180440	5.02	0	17
ptg004837l_1_region	434469	2180440	5.02	0	17
ptg004838l_1	123653	722012	5.84	0	48
ptg004838l_1_region	123653	722012	5.84	0	48
ptg004841l_1	770746	4722228	6.13	0	20
ptg004841l_1_region	770746	4722228	6.13	0	20
ptg004844l_1	231873	1242703	5.36	0	26
ptg004844l_1_region	231873	1242703	5.36	0	26
ptg004845l_1	316417	2486657	7.86	0	62
ptg004845l_1_region	316417	2486657	7.86	0	62
ptg004846l_1	69212	329214	4.76	0	13
ptg004846l_1_region	69212	329214	4.76	0	13
ptg004847l_1	87883	641469	7.30	0	22
ptg004847l_1_region	87883	641469	7.30	0	22
ptg004848l_1	28424	149908	5.27	0	16
ptg004848l_1_region	28424	149908	5.27	0	16
ptg004850l_1	72438	194787	2.69	0	12
ptg004850l_1_region	72438	194787	2.69	0	12
ptg004852l_1	37321	124073	3.32	0	7
ptg004852l_1_region	37321	124073	3.32	0	7
ptg004854l_1	482220	6057059	12.56	0	125
ptg004854l_1_region	482220	6057059	12.56	0	125
ptg004856l_1	1235753	10378431	8.40	0	21
ptg004856l_1_region	1235753	10378431	8.40	0	21
ptg004857l_1	345385	2295760	6.65	0	25
ptg004857l_1_region	345385	2295760	6.65	0	25
ptg004859l_1	229350	1393150	6.07	0	25
ptg004859l_1_region	229350	1393150	6.07	0	25
ptg004867l_1	308087	2625440	8.52	0	107
ptg004867l_1_region	308087	2625440	8.52	0	107
ptg004869l_1	217604	1332414	6.12	0	25
ptg004869l_1_region	217604	1332414	6.12	0	25
ptg004870l_1	158579	1275197	8.04	0	22
ptg004870l_1_region	158579	1275197	8.04	0	22
ptg004871l_1	204774	1433794	7.00	0	21
ptg004871l_1_region	204774	1433794	7.00	0	21
ptg004876l_1	599114	37056072	61.85	0	250
ptg004876l_1_region	599114	37056072	61.85	0	250
ptg004877l_1	654865	4957947	7.57	0	21
ptg004877l_1_region	654865	4957947	7.57	0	21
ptg004878l_1	299935	2424470	8.08	0	41
ptg004878l_1_region	299935	2424470	8.08	0	41
ptg004879l_1	35453	91187	2.57	0	8
ptg004879l_1_region	35453	91187	2.57	0	8
ptg004880l_1	605395	3324839	5.49	0	22
ptg004880l_1_region	605395	3324839	5.49	0	22
ptg004881l_1	69602	384315	5.52	0	11
ptg004881l_1_region	69602	384315	5.52	0	11
ptg004883l_1	250809	2116495	8.44	0	51
ptg004883l_1_region	250809	2116495	8.44	0	51
ptg004884l_1	119810	383951	3.20	0	14
ptg004884l_1_region	119810	383951	3.20	0	14
ptg004886l_1	143571	705540	4.91	0	10
ptg004886l_1_region	143571	705540	4.91	0	10
ptg004887l_1	600467	5696189	9.49	0	604
ptg004887l_1_region	600467	5696189	9.49	0	604
ptg004889l_1	358752	2193224	6.11	0	15
ptg004889l_1_region	358752	2193224	6.11	0	15
ptg004893l_1	523202	5482647	10.48	0	44
ptg004893l_1_region	523202	5482647	10.48	0	44
ptg004894l_1	35422	167700	4.73	0	27
ptg004894l_1_region	35422	167700	4.73	0	27
ptg004895l_1	394803	2275077	5.76	0	25
ptg004895l_1_region	394803	2275077	5.76	0	25
ptg004896l_1	110484	722790	6.54	0	17
ptg004896l_1_region	110484	722790	6.54	0	17
ptg004898l_1	389511	2305555	5.92	0	15
ptg004898l_1_region	389511	2305555	5.92	0	15
ptg004899l_1	412273	3754018	9.11	0	26
ptg004899l_1_region	412273	3754018	9.11	0	26
ptg004900l_1	324397	2583336	7.96	0	32
ptg004900l_1_region	324397	2583336	7.96	0	32
ptg004903l_1	264053	2268440	8.59	0	32
ptg004903l_1_region	264053	2268440	8.59	0	32
ptg004905l_1	357370	2076932	5.81	0	20
ptg004905l_1_region	357370	2076932	5.81	0	20
ptg004908l_1	149529	1064536	7.12	0	20
ptg004908l_1_region	149529	1064536	7.12	0	20
ptg004912l_1	1000967	6261246	6.26	0	22
ptg004912l_1_region	1000967	6261246	6.26	0	22
ptg004915l_1	184329	799666	4.34	0	14
ptg004915l_1_region	184329	799666	4.34	0	14
ptg004917l_1	24774	73264	2.96	0	7
ptg004917l_1_region	24774	73264	2.96	0	7
ptg004918l_1	350406	2530423	7.22	0	60
ptg004918l_1_region	350406	2530423	7.22	0	60
ptg004919l_1	608661	5376827	8.83	0	31
ptg004919l_1_region	608661	5376827	8.83	0	31
ptg004920l_1	357176	3230954	9.05	0	39
ptg004920l_1_region	357176	3230954	9.05	0	39
ptg004921l_1	405034	3260250	8.05	0	23
ptg004921l_1_region	405034	3260250	8.05	0	23
ptg004923l_1	195686	613373	3.13	0	14
ptg004923l_1_region	195686	613373	3.13	0	14
ptg004924l_1	22739	6154	0.27	0	3
ptg004924l_1_region	22739	6154	0.27	0	3
ptg004925l_1	622882	5627655	9.03	0	36
ptg004925l_1_region	622882	5627655	9.03	0	36
ptg004927l_1	315170	3046541	9.67	0	38
ptg004927l_1_region	315170	3046541	9.67	0	38
ptg004928l_1	60156	248172	4.13	0	9
ptg004928l_1_region	60156	248172	4.13	0	9
ptg004929l_1	148299	1787317	12.05	0	61
ptg004929l_1_region	148299	1787317	12.05	0	61
ptg004930l_1	723236	4140259	5.72	0	24
ptg004930l_1_region	723236	4140259	5.72	0	24
ptg004931l_1	75879	438744	5.78	0	14
ptg004931l_1_region	75879	438744	5.78	0	14
ptg004932l_1	106211	90047	0.85	0	11
ptg004932l_1_region	106211	90047	0.85	0	11
ptg004934l_1	165082	887049	5.37	0	18
ptg004934l_1_region	165082	887049	5.37	0	18
ptg004935l_1	381798	2142670	5.61	0	40
ptg004935l_1_region	381798	2142670	5.61	0	40
ptg004937l_1	713093	4735638	6.64	0	41
ptg004937l_1_region	713093	4735638	6.64	0	41
ptg004939l_1	70517	1136713	16.12	0	43
ptg004939l_1_region	70517	1136713	16.12	0	43
ptg004940l_1	722019	5630006	7.80	0	25
ptg004940l_1_region	722019	5630006	7.80	0	25
ptg004941l_1	68449	545238	7.97	0	46
ptg004941l_1_region	68449	545238	7.97	0	46
ptg004943l_1	378740	4322659	11.41	0	35
ptg004943l_1_region	378740	4322659	11.41	0	35
ptg004944l_1	49399	163082	3.30	0	19
ptg004944l_1_region	49399	163082	3.30	0	19
ptg004945l_1	514031	3872157	7.53	0	26
ptg004945l_1_region	514031	3872157	7.53	0	26
ptg004948l_1	181102	1078155	5.95	0	17
ptg004948l_1_region	181102	1078155	5.95	0	17
ptg004949l_1	134255	717843	5.35	0	13
ptg004949l_1_region	134255	717843	5.35	0	13
ptg004951l_1	108284	442290	4.08	0	18
ptg004951l_1_region	108284	442290	4.08	0	18
ptg004953l_1	13747	25214	1.83	0	3
ptg004953l_1_region	13747	25214	1.83	0	3
ptg004955l_1	418224	2835518	6.78	0	46
ptg004955l_1_region	418224	2835518	6.78	0	46
ptg004957l_1	65461	243556	3.72	0	10
ptg004957l_1_region	65461	243556	3.72	0	10
ptg004958l_1	166416	954772	5.74	0	16
ptg004958l_1_region	166416	954772	5.74	0	16
ptg004959l_1	69912	283343	4.05	0	26
ptg004959l_1_region	69912	283343	4.05	0	26
ptg004961l_1	101449	626367	6.17	0	16
ptg004961l_1_region	101449	626367	6.17	0	16
ptg004962l_1	322084	1893698	5.88	0	27
ptg004962l_1_region	322084	1893698	5.88	0	27
ptg004963l_1	49824	313007	6.28	0	13
ptg004963l_1_region	49824	313007	6.28	0	13
ptg004964l_1	125800	998692	7.94	0	83
ptg004964l_1_region	125800	998692	7.94	0	83
ptg004965l_1	465750	3281834	7.05	0	27
ptg004965l_1_region	465750	3281834	7.05	0	27
ptg004966l_1	322265	1990437	6.18	0	28
ptg004966l_1_region	322265	1990437	6.18	0	28
ptg004968l_1	59611	251482	4.22	0	15
ptg004968l_1_region	59611	251482	4.22	0	15
ptg004969l_1	13026	49543	3.80	0	8
ptg004969l_1_region	13026	49543	3.80	0	8
ptg004970l_1	53724	155966	2.90	0	9
ptg004970l_1_region	53724	155966	2.90	0	9
ptg004975l_1	319759	1770877	5.54	0	21
ptg004975l_1_region	319759	1770877	5.54	0	21
ptg004976l_1	182186	1011252	5.55	0	14
ptg004976l_1_region	182186	1011252	5.55	0	14
ptg004978l_1	176287	1603008	9.09	0	133
ptg004978l_1_region	176287	1603008	9.09	0	133
ptg004979l_1	247465	1406327	5.68	0	28
ptg004979l_1_region	247465	1406327	5.68	0	28
ptg004980l_1	353105	2532502	7.17	0	46
ptg004980l_1_region	353105	2532502	7.17	0	46
ptg004981l_1	180362	1099400	6.10	0	21
ptg004981l_1_region	180362	1099400	6.10	0	21
ptg004982l_1	82580	427782	5.18	0	16
ptg004982l_1_region	82580	427782	5.18	0	16
ptg004983l_1	17603	23279	1.32	0	5
ptg004983l_1_region	17603	23279	1.32	0	5
ptg004984l_1	61293	413437	6.75	0	16
ptg004984l_1_region	61293	413437	6.75	0	16
ptg004985l_1	244791	1727902	7.06	0	128
ptg004985l_1_region	244791	1727902	7.06	0	128
ptg004987l_1	179513	1053478	5.87	0	13
ptg004987l_1_region	179513	1053478	5.87	0	13
ptg004988l_1	280588	2934624	10.46	0	26
ptg004988l_1_region	280588	2934624	10.46	0	26
ptg004990l_1	609520	6188440	10.15	0	23
ptg004990l_1_region	609520	6188440	10.15	0	23
ptg004992l_1	243515	1928281	7.92	0	24
ptg004992l_1_region	243515	1928281	7.92	0	24
ptg004998l_1	251708	2039087	8.10	0	45
ptg004998l_1_region	251708	2039087	8.10	0	45
ptg005000l_1	195412	813678	4.16	0	16
ptg005000l_1_region	195412	813678	4.16	0	16
ptg005004l_1	72528	373100	5.14	0	13
ptg005004l_1_region	72528	373100	5.14	0	13
ptg005005l_1	1235887	8569772	6.93	0	113
ptg005005l_1_region	1235887	8569772	6.93	0	113
ptg005007l_1	132478	952884	7.19	0	29
ptg005007l_1_region	132478	952884	7.19	0	29
ptg005012l_1	197199	876337	4.44	0	13
ptg005012l_1_region	197199	876337	4.44	0	13
ptg005017l_1	140379	967945	6.90	0	58
ptg005017l_1_region	140379	967945	6.90	0	58
ptg005019l_1	192920	1804811	9.36	0	183
ptg005019l_1_region	192920	1804811	9.36	0	183
ptg005026l_1	64340	169656	2.64	0	10
ptg005026l_1_region	64340	169656	2.64	0	10
ptg005030l_1	44821	132289	2.95	0	23
ptg005030l_1_region	44821	132289	2.95	0	23
ptg005031l_1	255269	2611561	10.23	0	52
ptg005031l_1_region	255269	2611561	10.23	0	52
ptg005035l_1	530913	4511676	8.50	0	26
ptg005035l_1_region	530913	4511676	8.50	0	26
ptg005036l_1	603579	6364091	10.54	0	33
ptg005036l_1_region	603579	6364091	10.54	0	33
ptg005037l_1	121344	204903	1.69	0	12
ptg005037l_1_region	121344	204903	1.69	0	12
ptg005038l_1	264048	2010329	7.61	0	31
ptg005038l_1_region	264048	2010329	7.61	0	31
ptg005039l_1	145063	702945	4.85	0	40
ptg005039l_1_region	145063	702945	4.85	0	40
ptg005040l_1	306040	1798394	5.88	0	62
ptg005040l_1_region	306040	1798394	5.88	0	62
ptg005045l_1	198320	1298296	6.55	0	16
ptg005045l_1_region	198320	1298296	6.55	0	16
ptg005046l_1	378770	3136943	8.28	0	22
ptg005046l_1_region	378770	3136943	8.28	0	22
ptg005050l_1	295795	1681432	5.68	0	68
ptg005050l_1_region	295795	1681432	5.68	0	68
ptg005055l_1	1026869	9171108	8.93	0	65
ptg005055l_1_region	1026869	9171108	8.93	0	65
ptg005060l_1	703494	4182220	5.94	0	85
ptg005060l_1_region	703494	4182220	5.94	0	85
ptg005063l_1	653631	5039816	7.71	0	64
ptg005063l_1_region	653631	5039816	7.71	0	64
ptg005065l_1	301502	3260825	10.82	0	98
ptg005065l_1_region	301502	3260825	10.82	0	98
ptg005066l_1	108019	1556308	14.41	0	82
ptg005066l_1_region	108019	1556308	14.41	0	82
ptg005069l_1	402607	2485324	6.17	0	18
ptg005069l_1_region	402607	2485324	6.17	0	18
ptg005071l_1	299380	2364928	7.90	0	60
ptg005071l_1_region	299380	2364928	7.90	0	60
ptg005072l_1	518599	3257098	6.28	0	18
ptg005072l_1_region	518599	3257098	6.28	0	18
ptg005077l_1	275390	2253020	8.18	0	25
ptg005077l_1_region	275390	2253020	8.18	0	25
ptg005080l_1	241401	1235038	5.12	0	14
ptg005080l_1_region	241401	1235038	5.12	0	14
ptg005081l_1	46277	377379	8.15	0	26
ptg005081l_1_region	46277	377379	8.15	0	26
ptg005082l_1	680995	4511613	6.63	0	18
ptg005082l_1_region	680995	4511613	6.63	0	18
ptg005083l_1	157444	646807	4.11	0	18
ptg005083l_1_region	157444	646807	4.11	0	18
ptg005084l_1	53496	216893	4.05	0	11
ptg005084l_1_region	53496	216893	4.05	0	11
ptg005085l_1	1585071	20784108	13.11	0	176
ptg005085l_1_region	1585071	20784108	13.11	0	176
ptg005091l_1	620772	5094756	8.21	0	20
ptg005091l_1_region	620772	5094756	8.21	0	20
ptg005095l_1	64564	493598	7.65	0	15
ptg005095l_1_region	64564	493598	7.65	0	15
ptg005098l_1	350528	3051190	8.70	0	24
ptg005098l_1_region	350528	3051190	8.70	0	24
ptg005101l_1	1246424	15336320	12.30	0	1134
ptg005101l_1_region	1246424	15336320	12.30	0	1134
ptg005104l_1	303706	1948074	6.41	0	20
ptg005104l_1_region	303706	1948074	6.41	0	20
ptg005105l_1	64384	196258	3.05	0	8
ptg005105l_1_region	64384	196258	3.05	0	8
ptg005106l_1	561191	3242272	5.78	0	15
ptg005106l_1_region	561191	3242272	5.78	0	15
ptg005107l_1	438930	3210420	7.31	0	23
ptg005107l_1_region	438930	3210420	7.31	0	23
ptg005110l_1	179817	1475271	8.20	0	32
ptg005110l_1_region	179817	1475271	8.20	0	32
ptg005113l_1	221872	1831537	8.25	0	153
ptg005113l_1_region	221872	1831537	8.25	0	153
ptg005114l_1	99291	619705	6.24	0	16
ptg005114l_1_region	99291	619705	6.24	0	16
ptg005116l_1	350915	2369925	6.75	0	21
ptg005116l_1_region	350915	2369925	6.75	0	21
ptg005118l_1	275595	677172	2.46	0	15
ptg005118l_1_region	275595	677172	2.46	0	15
ptg005119l_1	321466	2233131	6.95	0	18
ptg005119l_1_region	321466	2233131	6.95	0	18
ptg005120l_1	291305	1502988	5.16	0	41
ptg005120l_1_region	291305	1502988	5.16	0	41
ptg005125l_1	171497	1081540	6.31	0	29
ptg005125l_1_region	171497	1081540	6.31	0	29
ptg005127l_1	69696	144454	2.07	0	14
ptg005127l_1_region	69696	144454	2.07	0	14
ptg005128l_1	173402	1224042	7.06	0	42
ptg005128l_1_region	173402	1224042	7.06	0	42
ptg005130l_1	175941	922275	5.24	0	23
ptg005130l_1_region	175941	922275	5.24	0	23
ptg005131l_1	140414	652322	4.65	0	21
ptg005131l_1_region	140414	652322	4.65	0	21
ptg005132l_1	167667	1801175	10.74	0	23
ptg005132l_1_region	167667	1801175	10.74	0	23
ptg005134l_1	156946	1228461	7.83	0	20
ptg005134l_1_region	156946	1228461	7.83	0	20
ptg005138l_1	29759	77973	2.62	0	7
ptg005138l_1_region	29759	77973	2.62	0	7
ptg005139l_1	236202	1918038	8.12	0	23
ptg005139l_1_region	236202	1918038	8.12	0	23
ptg005142l_1	10745	9767	0.91	0	2
ptg005142l_1_region	10745	9767	0.91	0	2
ptg005143l_1	537708	5317214	9.89	0	290
ptg005143l_1_region	537708	5317214	9.89	0	290
ptg005144l_1	151179	862595	5.71	0	15
ptg005144l_1_region	151179	862595	5.71	0	15
ptg005147l_1	70410	393539	5.59	0	16
ptg005147l_1_region	70410	393539	5.59	0	16
ptg005148l_1	696544	3328725	4.78	0	26
ptg005148l_1_region	696544	3328725	4.78	0	26
ptg005150l_1	313778	2055338	6.55	0	40
ptg005150l_1_region	313778	2055338	6.55	0	40
ptg005151l_1	278490	2199924	7.90	0	20
ptg005151l_1_region	278490	2199924	7.90	0	20
ptg005152l_1	42703	254035	5.95	0	11
ptg005152l_1_region	42703	254035	5.95	0	11
ptg005153l_1	453776	3584100	7.90	0	62
ptg005153l_1_region	453776	3584100	7.90	0	62
ptg005156l_1	112795	669276	5.93	0	14
ptg005156l_1_region	112795	669276	5.93	0	14
ptg005159l_1	157604	1156692	7.34	0	21
ptg005159l_1_region	157604	1156692	7.34	0	21
ptg005160l_1	52075	116129	2.23	0	8
ptg005160l_1_region	52075	116129	2.23	0	8
ptg005161l_1	951102	5565474	5.85	0	24
ptg005161l_1_region	951102	5565474	5.85	0	24
ptg005162l_1	302270	2709018	8.96	0	38
ptg005162l_1_region	302270	2709018	8.96	0	38
ptg005165l_1	123438	484668	3.93	0	13
ptg005165l_1_region	123438	484668	3.93	0	13
ptg005166l_1	30137	30502	1.01	0	3
ptg005166l_1_region	30137	30502	1.01	0	3
ptg005167l_1	188854	1279810	6.78	0	17
ptg005167l_1_region	188854	1279810	6.78	0	17
ptg005171l_1	395313	4306082	10.89	0	250
ptg005171l_1_region	395313	4306082	10.89	0	250
ptg005173l_1	258580	1276687	4.94	0	34
ptg005173l_1_region	258580	1276687	4.94	0	34
ptg005177l_1	571801	6041992	10.57	0	32
ptg005177l_1_region	571801	6041992	10.57	0	32
ptg005180l_1	475896	4156698	8.73	0	38
ptg005180l_1_region	475896	4156698	8.73	0	38
ptg005183l_1	47064	93649	1.99	0	8
ptg005183l_1_region	47064	93649	1.99	0	8
ptg005187l_1	199133	1622670	8.15	0	27
ptg005187l_1_region	199133	1622670	8.15	0	27
ptg005189l_1	165447	1058379	6.40	0	17
ptg005189l_1_region	165447	1058379	6.40	0	17
ptg005190l_1	279545	1423129	5.09	0	17
ptg005190l_1_region	279545	1423129	5.09	0	17
ptg005192l_1	478478	2504087	5.23	0	28
ptg005192l_1_region	478478	2504087	5.23	0	28
ptg005193l_1	42706	227739	5.33	0	14
ptg005193l_1_region	42706	227739	5.33	0	14
ptg005194l_1	93564	526527	5.63	0	12
ptg005194l_1_region	93564	526527	5.63	0	12
ptg005198l_1	336532	1868674	5.55	0	20
ptg005198l_1_region	336532	1868674	5.55	0	20
ptg005200l_1	154022	420348	2.73	0	20
ptg005200l_1_region	154022	420348	2.73	0	20
ptg005203l_1	771589	6725931	8.72	0	25
ptg005203l_1_region	771589	6725931	8.72	0	25
ptg005206l_1	126365	738954	5.85	0	20
ptg005206l_1_region	126365	738954	5.85	0	20
ptg005209l_1	19234	89403	4.65	0	11
ptg005209l_1_region	19234	89403	4.65	0	11
ptg005215l_1	46062	208822	4.53	0	14
ptg005215l_1_region	46062	208822	4.53	0	14
ptg005217l_1	164013	1005298	6.13	0	19
ptg005217l_1_region	164013	1005298	6.13	0	19
ptg005219l_1	563842	2058797	3.65	0	19
ptg005219l_1_region	563842	2058797	3.65	0	19
ptg005220l_1	276380	2082737	7.54	0	27
ptg005220l_1_region	276380	2082737	7.54	0	27
ptg005223l_1	360049	25391038	70.52	0	210
ptg005223l_1_region	360049	25391038	70.52	0	210
ptg005225l_1	923307	6243983	6.76	0	61
ptg005225l_1_region	923307	6243983	6.76	0	61
ptg005226l_1	730471	5748132	7.87	0	68
ptg005226l_1_region	730471	5748132	7.87	0	68
ptg005227l_1	708817	9062623	12.79	0	115
ptg005227l_1_region	708817	9062623	12.79	0	115
ptg005230l_1	1274157	15398173	12.08	0	294
ptg005230l_1_region	1274157	15398173	12.08	0	294
ptg005231l_1	211281	1075076	5.09	0	19
ptg005231l_1_region	211281	1075076	5.09	0	19
ptg005233l_1	115252	838996	7.28	0	43
ptg005233l_1_region	115252	838996	7.28	0	43
ptg005235l_1	120076	727193	6.06	0	35
ptg005235l_1_region	120076	727193	6.06	0	35
ptg005237l_1	481267	2737540	5.69	0	33
ptg005237l_1_region	481267	2737540	5.69	0	33
ptg005238l_1	207398	1358695	6.55	0	15
ptg005238l_1_region	207398	1358695	6.55	0	15
ptg005239l_1	129685	603684	4.66	0	14
ptg005239l_1_region	129685	603684	4.66	0	14
ptg005242l_1	225109	1450330	6.44	0	22
ptg005242l_1_region	225109	1450330	6.44	0	22
ptg005244l_1	81023	482155	5.95	0	19
ptg005244l_1_region	81023	482155	5.95	0	19
ptg005246l_1	127861	559847	4.38	0	22
ptg005246l_1_region	127861	559847	4.38	0	22
ptg005247l_1	82391	574052	6.97	0	18
ptg005247l_1_region	82391	574052	6.97	0	18
ptg005253l_1	747943	5287450	7.07	0	18
ptg005253l_1_region	747943	5287450	7.07	0	18
ptg005255l_1	113094	551213	4.87	0	13
ptg005255l_1_region	113094	551213	4.87	0	13
ptg005260l_1	169443	2409126	14.22	0	45
ptg005260l_1_region	169443	2409126	14.22	0	45
ptg005263l_1	45090	108856	2.41	0	8
ptg005263l_1_region	45090	108856	2.41	0	8
ptg005269l_1	669997	5067020	7.56	0	30
ptg005269l_1_region	669997	5067020	7.56	0	30
ptg005270l_1	421368	2367162	5.62	0	35
ptg005270l_1_region	421368	2367162	5.62	0	35
ptg005272l_1	417403	3005631	7.20	0	17
ptg005272l_1_region	417403	3005631	7.20	0	17
ptg005273l_1	722794	4714681	6.52	0	17
ptg005273l_1_region	722794	4714681	6.52	0	17
ptg005274l_1	49202	21668	0.44	0	7
ptg005274l_1_region	49202	21668	0.44	0	7
ptg005275l_1	92476	608936	6.58	0	20
ptg005275l_1_region	92476	608936	6.58	0	20
ptg005276l_1	101312	370950	3.66	0	11
ptg005276l_1_region	101312	370950	3.66	0	11
ptg005277l_1	42090	191397	4.55	0	10
ptg005277l_1_region	42090	191397	4.55	0	10
ptg005280l_1	32060	75864	2.37	0	7
ptg005280l_1_region	32060	75864	2.37	0	7
ptg005281l_1	150434	783887	5.21	0	15
ptg005281l_1_region	150434	783887	5.21	0	15
ptg005286l_1	171165	1242824	7.26	0	80
ptg005286l_1_region	171165	1242824	7.26	0	80
ptg005291l_1	290935	2424892	8.33	0	19
ptg005291l_1_region	290935	2424892	8.33	0	19
ptg005294l_1	96892	807935	8.34	0	20
ptg005294l_1_region	96892	807935	8.34	0	20
ptg005295l_1	230127	1587845	6.90	0	21
ptg005295l_1_region	230127	1587845	6.90	0	21
ptg005296l_1	218404	1207544	5.53	0	21
ptg005296l_1_region	218404	1207544	5.53	0	21
ptg005298l_1	19130	62551	3.27	0	15
ptg005298l_1_region	19130	62551	3.27	0	15
ptg005301l_1	341714	2249176	6.58	0	27
ptg005301l_1_region	341714	2249176	6.58	0	27
ptg005303l_1	233754	5169873	22.12	0	75
ptg005303l_1_region	233754	5169873	22.12	0	75
ptg005304l_1	70468	315496	4.48	0	10
ptg005304l_1_region	70468	315496	4.48	0	10
ptg005308l_1	194675	1083012	5.56	0	13
ptg005308l_1_region	194675	1083012	5.56	0	13
ptg005309l_1	58534	348985	5.96	0	14
ptg005309l_1_region	58534	348985	5.96	0	14
ptg005310l_1	45256	457893	10.12	0	27
ptg005310l_1_region	45256	457893	10.12	0	27
ptg005311l_1	373995	2232979	5.97	0	24
ptg005311l_1_region	373995	2232979	5.97	0	24
ptg005316l_1	267147	1660038	6.21	0	14
ptg005316l_1_region	267147	1660038	6.21	0	14
ptg005317l_1	240322	1261023	5.25	0	194
ptg005317l_1_region	240322	1261023	5.25	0	194
ptg005318l_1	322157	2372176	7.36	0	18
ptg005318l_1_region	322157	2372176	7.36	0	18
ptg005319l_1	265795	2314798	8.71	0	63
ptg005319l_1_region	265795	2314798	8.71	0	63
ptg005321l_1	286478	2644801	9.23	0	28
ptg005321l_1_region	286478	2644801	9.23	0	28
ptg005322l_1	608975	11126313	18.27	0	311
ptg005322l_1_region	608975	11126313	18.27	0	311
ptg005323l_1	259532	1014059	3.91	0	15
ptg005323l_1_region	259532	1014059	3.91	0	15
ptg005324l_1	410812	3951349	9.62	0	30
ptg005324l_1_region	410812	3951349	9.62	0	30
ptg005328l_1	121276	700543	5.78	0	31
ptg005328l_1_region	121276	700543	5.78	0	31
ptg005329l_1	389880	2530286	6.49	0	53
ptg005329l_1_region	389880	2530286	6.49	0	53
ptg005331l_1	208718	1524516	7.30	0	20
ptg005331l_1_region	208718	1524516	7.30	0	20
ptg005332l_1	112176	484424	4.32	0	12
ptg005332l_1_region	112176	484424	4.32	0	12
ptg005334l_1	63505	270130	4.25	0	11
ptg005334l_1_region	63505	270130	4.25	0	11
ptg005335l_1	89816	695085	7.74	0	106
ptg005335l_1_region	89816	695085	7.74	0	106
ptg005336l_1	415133	2691213	6.48	0	100
ptg005336l_1_region	415133	2691213	6.48	0	100
ptg005337l_1	55407	335616	6.06	0	21
ptg005337l_1_region	55407	335616	6.06	0	21
ptg005338l_1	924541	7842114	8.48	0	51
ptg005338l_1_region	924541	7842114	8.48	0	51
ptg005340l_1	51862	204822	3.95	0	12
ptg005340l_1_region	51862	204822	3.95	0	12
ptg005344l_1	339749	4610907	13.57	0	29
ptg005344l_1_region	339749	4610907	13.57	0	29
ptg005347l_1	20281	49476	2.44	0	9
ptg005347l_1_region	20281	49476	2.44	0	9
ptg005349l_1	255197	3218350	12.61	0	45
ptg005349l_1_region	255197	3218350	12.61	0	45
ptg005350l_1	172574	1137068	6.59	0	18
ptg005350l_1_region	172574	1137068	6.59	0	18
ptg005351l_1	42536	558905	13.14	1	30
ptg005351l_1_region	42536	558905	13.14	1	30
ptg005352l_1	133866	694897	5.19	0	14
ptg005352l_1_region	133866	694897	5.19	0	14
ptg005353l_1	336929	4520386	13.42	0	75
ptg005353l_1_region	336929	4520386	13.42	0	75
ptg005354l_1	269188	1530815	5.69	0	20
ptg005354l_1_region	269188	1530815	5.69	0	20
ptg005357l_1	197687	1957306	9.90	0	48
ptg005357l_1_region	197687	1957306	9.90	0	48
ptg005360l_1	275132	1795352	6.53	0	23
ptg005360l_1_region	275132	1795352	6.53	0	23
ptg005361l_1	419445	3879727	9.25	0	75
ptg005361l_1_region	419445	3879727	9.25	0	75
ptg005363l_1	426029	2616557	6.14	0	21
ptg005363l_1_region	426029	2616557	6.14	0	21
ptg005368l_1	200274	846990	4.23	0	16
ptg005368l_1_region	200274	846990	4.23	0	16
ptg005372l_1	182495	1212466	6.64	0	26
ptg005372l_1_region	182495	1212466	6.64	0	26
ptg005373l_1	42914	308773	7.20	0	21
ptg005373l_1_region	42914	308773	7.20	0	21
ptg005378l_1	84640	1167217	13.79	0	27
ptg005378l_1_region	84640	1167217	13.79	0	27
ptg005379l_1	223123	2046269	9.17	0	22
ptg005379l_1_region	223123	2046269	9.17	0	22
ptg005382l_1	58650	211550	3.61	0	10
ptg005382l_1_region	58650	211550	3.61	0	10
ptg005384l_1	416699	4664231	11.19	0	144
ptg005384l_1_region	416699	4664231	11.19	0	144
ptg005387l_1	327621	2790748	8.52	0	26
ptg005387l_1_region	327621	2790748	8.52	0	26
ptg005388l_1	189237	1041090	5.50	0	27
ptg005388l_1_region	189237	1041090	5.50	0	27
ptg005390l_1	207431	1198587	5.78	0	15
ptg005390l_1_region	207431	1198587	5.78	0	15
ptg005393l_1	237835	1569328	6.60	0	43
ptg005393l_1_region	237835	1569328	6.60	0	43
ptg005394l_1	361125	2792137	7.73	0	26
ptg005394l_1_region	361125	2792137	7.73	0	26
ptg005395l_1	44609	59102	1.32	0	5
ptg005395l_1_region	44609	59102	1.32	0	5
ptg005396l_1	107481	1354909	12.61	0	34
ptg005396l_1_region	107481	1354909	12.61	0	34
ptg005398l_1	19818	81103	4.09	0	8
ptg005398l_1_region	19818	81103	4.09	0	8
ptg005400l_1	287067	1957003	6.82	0	18
ptg005400l_1_region	287067	1957003	6.82	0	18
ptg005402l_1	244253	1315168	5.38	0	21
ptg005402l_1_region	244253	1315168	5.38	0	21
ptg005407l_1	25485	100089	3.93	0	11
ptg005407l_1_region	25485	100089	3.93	0	11
ptg005409l_1	245749	1766369	7.19	0	20
ptg005409l_1_region	245749	1766369	7.19	0	20
ptg005410l_1	266304	2023580	7.60	0	30
ptg005410l_1_region	266304	2023580	7.60	0	30
ptg005411l_1	763992	6453746	8.45	0	32
ptg005411l_1_region	763992	6453746	8.45	0	32
ptg005412l_1	139095	1280374	9.21	0	22
ptg005412l_1_region	139095	1280374	9.21	0	22
ptg005414l_1	293161	2268484	7.74	0	70
ptg005414l_1_region	293161	2268484	7.74	0	70
ptg005419l_1	16963	98408	5.80	1	10
ptg005419l_1_region	16963	98408	5.80	1	10
ptg005420l_1	443841	3681470	8.29	0	73
ptg005420l_1_region	443841	3681470	8.29	0	73
ptg005421l_1	126062	831680	6.60	0	16
ptg005421l_1_region	126062	831680	6.60	0	16
ptg005422l_1	177075	894450	5.05	0	29
ptg005422l_1_region	177075	894450	5.05	0	29
ptg005423l_1	292976	1714470	5.85	0	20
ptg005423l_1_region	292976	1714470	5.85	0	20
ptg005425l_1	203271	1317556	6.48	0	19
ptg005425l_1_region	203271	1317556	6.48	0	19
ptg005428l_1	432639	2509398	5.80	0	34
ptg005428l_1_region	432639	2509398	5.80	0	34
ptg005430l_1	195253	800868	4.10	0	13
ptg005430l_1_region	195253	800868	4.10	0	13
ptg005431l_1	241211	2315738	9.60	0	43
ptg005431l_1_region	241211	2315738	9.60	0	43
ptg005434l_1	341869	2076292	6.07	0	51
ptg005434l_1_region	341869	2076292	6.07	0	51
ptg005438l_1	75821	487780	6.43	0	13
ptg005438l_1_region	75821	487780	6.43	0	13
ptg005439l_1	131248	545551	4.16	0	80
ptg005439l_1_region	131248	545551	4.16	0	80
ptg005441l_1	232997	1086629	4.66	0	14
ptg005441l_1_region	232997	1086629	4.66	0	14
ptg005443l_1	141337	814852	5.77	0	19
ptg005443l_1_region	141337	814852	5.77	0	19
ptg005447l_1	725131	4585490	6.32	0	24
ptg005447l_1_region	725131	4585490	6.32	0	24
ptg005455l_1	36429	145597	4.00	0	10
ptg005455l_1_region	36429	145597	4.00	0	10
ptg005457l_1	1114335	6796163	6.10	0	22
ptg005457l_1_region	1114335	6796163	6.10	0	22
ptg005460l_1	56958	99306	1.74	0	7
ptg005460l_1_region	56958	99306	1.74	0	7
ptg005465l_1	141632	1014924	7.17	0	23
ptg005465l_1_region	141632	1014924	7.17	0	23
ptg005466l_1	653315	4495649	6.88	0	46
ptg005466l_1_region	653315	4495649	6.88	0	46
ptg005469l_1	133272	546478	4.10	0	13
ptg005469l_1_region	133272	546478	4.10	0	13
ptg005472l_1	327510	2468907	7.54	0	38
ptg005472l_1_region	327510	2468907	7.54	0	38
ptg005475l_1	368614	2315566	6.28	0	20
ptg005475l_1_region	368614	2315566	6.28	0	20
ptg005476l_1	215849	1840932	8.53	0	69
ptg005476l_1_region	215849	1840932	8.53	0	69
ptg005477l_1	1268317	7219735	5.69	0	22
ptg005477l_1_region	1268317	7219735	5.69	0	22
ptg005478l_1	291447	2158650	7.41	0	26
ptg005478l_1_region	291447	2158650	7.41	0	26
ptg005482l_1	86284	421242	4.88	0	13
ptg005482l_1_region	86284	421242	4.88	0	13
ptg005483l_1	45742	191387	4.18	0	9
ptg005483l_1_region	45742	191387	4.18	0	9
ptg005485l_1	104241	550346	5.28	0	16
ptg005485l_1_region	104241	550346	5.28	0	16
ptg005486l_1	170836	933216	5.46	0	30
ptg005486l_1_region	170836	933216	5.46	0	30
ptg005488l_1	1010991	7071837	6.99	0	37
ptg005488l_1_region	1010991	7071837	6.99	0	37
ptg005489l_1	251916	1944591	7.72	0	31
ptg005489l_1_region	251916	1944591	7.72	0	31
ptg005490l_1	168378	1709748	10.15	0	52
ptg005490l_1_region	168378	1709748	10.15	0	52
ptg005495l_1	1340258	11569193	8.63	0	67
ptg005495l_1_region	1340258	11569193	8.63	0	67
ptg005498l_1	287007	4195528	14.62	0	34
ptg005498l_1_region	287007	4195528	14.62	0	34
ptg005501l_1	277149	1939038	7.00	0	43
ptg005501l_1_region	277149	1939038	7.00	0	43
ptg005503l_1	46877	103387	2.21	0	13
ptg005503l_1_region	46877	103387	2.21	0	13
ptg005504l_1	229536	1950914	8.50	0	26
ptg005504l_1_region	229536	1950914	8.50	0	26
ptg005505l_1	390948	2127781	5.44	0	16
ptg005505l_1_region	390948	2127781	5.44	0	16
ptg005506l_1	50188	233091	4.64	0	9
ptg005506l_1_region	50188	233091	4.64	0	9
ptg005507l_1	87979	617257	7.02	0	18
ptg005507l_1_region	87979	617257	7.02	0	18
ptg005509l_1	262394	2247865	8.57	0	34
ptg005509l_1_region	262394	2247865	8.57	0	34
ptg005512l_1	137889	862986	6.26	0	35
ptg005512l_1_region	137889	862986	6.26	0	35
ptg005513l_1	221094	1041867	4.71	0	24
ptg005513l_1_region	221094	1041867	4.71	0	24
ptg005515l_1	850961	10579350	12.43	0	200
ptg005515l_1_region	850961	10579350	12.43	0	200
ptg005519l_1	232610	5927992	25.48	0	525
ptg005519l_1_region	232610	5927992	25.48	0	525
ptg005521l_1	51088	639122	12.51	0	75
ptg005521l_1_region	51088	639122	12.51	0	75
ptg005524l_1	77177	236816	3.07	0	11
ptg005524l_1_region	77177	236816	3.07	0	11
ptg005531l_1	84500	329071	3.89	0	38
ptg005531l_1_region	84500	329071	3.89	0	38
ptg005532l_1	46252	274997	5.95	0	24
ptg005532l_1_region	46252	274997	5.95	0	24
ptg005533l_1	738986	5573374	7.54	0	21
ptg005533l_1_region	738986	5573374	7.54	0	21
ptg005535l_1	174279	791004	4.54	0	11
ptg005535l_1_region	174279	791004	4.54	0	11
ptg005536l_1	437449	2369981	5.42	0	27
ptg005536l_1_region	437449	2369981	5.42	0	27
ptg005538l_1	501903	3962315	7.89	0	19
ptg005538l_1_region	501903	3962315	7.89	0	19
ptg005539l_1	249129	1601082	6.43	0	32
ptg005539l_1_region	249129	1601082	6.43	0	32
ptg005540l_1	301126	2158495	7.17	0	15
ptg005540l_1_region	301126	2158495	7.17	0	15
ptg005545l_1	493004	2454866	4.98	0	26
ptg005545l_1_region	493004	2454866	4.98	0	26
ptg005547l_1	1382391	15469373	11.19	0	755
ptg005547l_1_region	1382391	15469373	11.19	0	755
ptg005549l_1	501424	4262450	8.50	0	21
ptg005549l_1_region	501424	4262450	8.50	0	21
ptg005550l_1	199316	1157959	5.81	0	12
ptg005550l_1_region	199316	1157959	5.81	0	12
ptg005555l_1	39766	543579	13.67	0	58
ptg005555l_1_region	39766	543579	13.67	0	58
ptg005556l_1	271827	940616	3.46	0	15
ptg005556l_1_region	271827	940616	3.46	0	15
ptg005557l_1	43807	665722	15.20	3	27
ptg005557l_1_region	43807	665722	15.20	3	27
ptg005563l_1	121846	797371	6.54	0	26
ptg005563l_1_region	121846	797371	6.54	0	26
ptg005564l_1	139970	1173362	8.38	0	47
ptg005564l_1_region	139970	1173362	8.38	0	47
ptg005567l_1	247536	1611953	6.51	0	22
ptg005567l_1_region	247536	1611953	6.51	0	22
ptg005574l_1	155204	768822	4.95	0	19
ptg005574l_1_region	155204	768822	4.95	0	19
ptg005575l_1	185642	1349469	7.27	0	19
ptg005575l_1_region	185642	1349469	7.27	0	19
ptg005578l_1	500839	2951557	5.89	0	23
ptg005578l_1_region	500839	2951557	5.89	0	23
ptg005579l_1	34040	66744	1.96	0	26
ptg005579l_1_region	34040	66744	1.96	0	26
ptg005581l_1	449913	3811612	8.47	0	27
ptg005581l_1_region	449913	3811612	8.47	0	27
ptg005583l_1	174020	695096	3.99	0	13
ptg005583l_1_region	174020	695096	3.99	0	13
ptg005584l_1	109236	546550	5.00	0	11
ptg005584l_1_region	109236	546550	5.00	0	11
ptg005585l_1	517957	3864006	7.46	0	24
ptg005585l_1_region	517957	3864006	7.46	0	24
ptg005586l_1	122133	438002	3.59	0	15
ptg005586l_1_region	122133	438002	3.59	0	15
ptg005588l_1	79896	778022	9.74	0	20
ptg005588l_1_region	79896	778022	9.74	0	20
ptg005589l_1	335901	2704653	8.05	0	24
ptg005589l_1_region	335901	2704653	8.05	0	24
ptg005591l_1	114019	781429	6.85	0	19
ptg005591l_1_region	114019	781429	6.85	0	19
ptg005592l_1	116405	1851075	15.90	0	63
ptg005592l_1_region	116405	1851075	15.90	0	63
ptg005594l_1	538902	2391218	4.44	0	18
ptg005594l_1_region	538902	2391218	4.44	0	18
ptg005595l_1	341802	905775	2.65	0	14
ptg005595l_1_region	341802	905775	2.65	0	14
ptg005596l_1	208993	1107760	5.30	0	27
ptg005596l_1_region	208993	1107760	5.30	0	27
ptg005599l_1	164025	909720	5.55	0	17
ptg005599l_1_region	164025	909720	5.55	0	17
ptg005600l_1	286435	2606833	9.10	0	30
ptg005600l_1_region	286435	2606833	9.10	0	30
ptg005601l_1	329467	2876210	8.73	0	76
ptg005601l_1_region	329467	2876210	8.73	0	76
ptg005603l_1	274948	2805976	10.21	0	32
ptg005603l_1_region	274948	2805976	10.21	0	32
ptg005605l_1	61624	379239	6.15	0	16
ptg005605l_1_region	61624	379239	6.15	0	16
ptg005611l_1	246731	1324886	5.37	0	14
ptg005611l_1_region	246731	1324886	5.37	0	14
ptg005617l_1	249792	1348088	5.40	0	18
ptg005617l_1_region	249792	1348088	5.40	0	18
ptg005618l_1	384512	3571403	9.29	0	45
ptg005618l_1_region	384512	3571403	9.29	0	45
ptg005619l_1	319741	1981782	6.20	0	16
ptg005619l_1_region	319741	1981782	6.20	0	16
ptg005624l_1	25471	181973	7.14	0	18
ptg005624l_1_region	25471	181973	7.14	0	18
ptg005625l_1	236065	1124394	4.76	0	13
ptg005625l_1_region	236065	1124394	4.76	0	13
ptg005627l_1	246525	1071260	4.35	0	41
ptg005627l_1_region	246525	1071260	4.35	0	41
ptg005631l_1	178467	1643064	9.21	0	27
ptg005631l_1_region	178467	1643064	9.21	0	27
ptg005632l_1	155525	797458	5.13	0	11
ptg005632l_1_region	155525	797458	5.13	0	11
ptg005633l_1	71962	333358	4.63	0	11
ptg005633l_1_region	71962	333358	4.63	0	11
ptg005638l_1	210872	793962	3.77	0	14
ptg005638l_1_region	210872	793962	3.77	0	14
ptg005639l_1	101354	404423	3.99	0	16
ptg005639l_1_region	101354	404423	3.99	0	16
ptg005641l_1	409099	5269719	12.88	0	498
ptg005641l_1_region	409099	5269719	12.88	0	498
ptg005642l_1	5055488	50198076	9.93	0	144
ptg005642l_1_region	5055488	50198076	9.93	0	144
ptg005643l_1	364091	3976767	10.92	0	118
ptg005643l_1_region	364091	3976767	10.92	0	118
ptg005644l_1	94082	474826	5.05	0	15
ptg005644l_1_region	94082	474826	5.05	0	15
ptg005645l_1	110905	656025	5.92	0	16
ptg005645l_1_region	110905	656025	5.92	0	16
ptg005646l_1	246936	2142229	8.68	0	50
ptg005646l_1_region	246936	2142229	8.68	0	50
ptg005650l_1	892017	6827400	7.65	0	61
ptg005650l_1_region	892017	6827400	7.65	0	61
ptg005654l_1	413533	2621088	6.34	0	49
ptg005654l_1_region	413533	2621088	6.34	0	49
ptg005660l_1	366747	2906909	7.93	0	31
ptg005660l_1_region	366747	2906909	7.93	0	31
ptg005661l_1	393881	2787594	7.08	0	25
ptg005661l_1_region	393881	2787594	7.08	0	25
ptg005662l_1	201032	809148	4.02	0	27
ptg005662l_1_region	201032	809148	4.02	0	27
ptg005663l_1	794362	9272741	11.67	0	179
ptg005663l_1_region	794362	9272741	11.67	0	179
ptg005666l_1	71238	459491	6.45	0	535
ptg005666l_1_region	71238	459491	6.45	0	535
ptg005667l_1	56529	492184	8.71	0	27
ptg005667l_1_region	56529	492184	8.71	0	27
ptg005668l_1	449040	3237945	7.21	0	98
ptg005668l_1_region	449040	3237945	7.21	0	98
ptg005669l_1	294863	1802311	6.11	0	21
ptg005669l_1_region	294863	1802311	6.11	0	21
ptg005678l_1	476586	3061811	6.42	0	27
ptg005678l_1_region	476586	3061811	6.42	0	27
ptg005680l_1	122815	408203	3.32	0	12
ptg005680l_1_region	122815	408203	3.32	0	12
ptg005683l_1	110040	534720	4.86	0	199
ptg005683l_1_region	110040	534720	4.86	0	199
ptg005686l_1	17787	21531	1.21	0	27
ptg005686l_1_region	17787	21531	1.21	0	27
ptg005687l_1	21820	658408	30.17	0	65
ptg005687l_1_region	21820	658408	30.17	0	65
ptg005691l_1	327701	3667995	11.19	0	347
ptg005691l_1_region	327701	3667995	11.19	0	347
ptg005696l_1	158593	339337	2.14	0	11
ptg005696l_1_region	158593	339337	2.14	0	11
ptg005697l_1	257913	1346770	5.22	0	16
ptg005697l_1_region	257913	1346770	5.22	0	16
ptg005698l_1	885776	16525985	18.66	0	86
ptg005698l_1_region	885776	16525985	18.66	0	86
ptg005701l_1	408977	3868739	9.46	0	30
ptg005701l_1_region	408977	3868739	9.46	0	30
ptg005705l_1	360828	5914730	16.39	0	137
ptg005705l_1_region	360828	5914730	16.39	0	137
ptg005708l_1	700567	7461962	10.65	0	88
ptg005708l_1_region	700567	7461962	10.65	0	88
ptg005712l_1	798314	9544985	11.96	0	88
ptg005712l_1_region	798314	9544985	11.96	0	88
ptg005715l_1	314691	1932512	6.14	0	24
ptg005715l_1_region	314691	1932512	6.14	0	24
ptg005717l_1	670587	6459909	9.63	0	126
ptg005717l_1_region	670587	6459909	9.63	0	126
ptg005718l_1	95877	528220	5.51	0	21
ptg005718l_1_region	95877	528220	5.51	0	21
ptg005719l_1	23378	134564	5.76	0	9
ptg005719l_1_region	23378	134564	5.76	0	9
ptg005724l_1	40832	273739	6.70	0	20
ptg005724l_1_region	40832	273739	6.70	0	20
ptg005726l_1	624244	4658496	7.46	0	22
ptg005726l_1_region	624244	4658496	7.46	0	22
ptg005729l_1	58042	192815	3.32	0	9
ptg005729l_1_region	58042	192815	3.32	0	9
ptg005736l_1	107586	745238	6.93	0	17
ptg005736l_1_region	107586	745238	6.93	0	17
ptg005738l_1	242254	1344005	5.55	0	14
ptg005738l_1_region	242254	1344005	5.55	0	14
ptg005739l_1	105290	1082133	10.28	0	28
ptg005739l_1_region	105290	1082133	10.28	0	28
ptg005744l_1	356897	2399906	6.72	0	16
ptg005744l_1_region	356897	2399906	6.72	0	16
ptg005747l_1	95272	479405	5.03	0	13
ptg005747l_1_region	95272	479405	5.03	0	13
ptg005748l_1	214877	1341256	6.24	0	35
ptg005748l_1_region	214877	1341256	6.24	0	35
ptg005749l_1	697346	3832950	5.50	0	23
ptg005749l_1_region	697346	3832950	5.50	0	23
ptg005752l_1	247830	1332816	5.38	0	17
ptg005752l_1_region	247830	1332816	5.38	0	17
ptg005754l_1	476105	2822100	5.93	0	23
ptg005754l_1_region	476105	2822100	5.93	0	23
ptg005755l_1	202223	1061345	5.25	0	14
ptg005755l_1_region	202223	1061345	5.25	0	14
ptg005757l_1	271678	1745784	6.43	0	21
ptg005757l_1_region	271678	1745784	6.43	0	21
ptg005759l_1	83560	304286	3.64	0	11
ptg005759l_1_region	83560	304286	3.64	0	11
ptg005762l_1	520095	5527779	10.63	0	48
ptg005762l_1_region	520095	5527779	10.63	0	48
ptg005763l_1	608264	8534829	14.03	0	38
ptg005763l_1_region	608264	8534829	14.03	0	38
ptg005765l_1	726527	5384081	7.41	0	49
ptg005765l_1_region	726527	5384081	7.41	0	49
ptg005766l_1	33284	296423	8.91	0	30
ptg005766l_1_region	33284	296423	8.91	0	30
ptg005769l_1	204947	1770476	8.64	0	20
ptg005769l_1_region	204947	1770476	8.64	0	20
ptg005773l_1	260029	1401431	5.39	0	35
ptg005773l_1_region	260029	1401431	5.39	0	35
ptg005775l_1	438850	2543702	5.80	0	45
ptg005775l_1_region	438850	2543702	5.80	0	45
ptg005776l_1	207795	1256400	6.05	0	42
ptg005776l_1_region	207795	1256400	6.05	0	42
ptg005778l_1	101575	306197	3.01	0	9
ptg005778l_1_region	101575	306197	3.01	0	9
ptg005781l_1	296972	2135104	7.19	0	24
ptg005781l_1_region	296972	2135104	7.19	0	24
ptg005783l_1	270837	2383515	8.80	0	20
ptg005783l_1_region	270837	2383515	8.80	0	20
ptg005784l_1	367679	2560160	6.96	0	46
ptg005784l_1_region	367679	2560160	6.96	0	46
ptg005785l_1	70664	283585	4.01	0	17
ptg005785l_1_region	70664	283585	4.01	0	17
ptg005787l_1	234581	1193819	5.09	0	16
ptg005787l_1_region	234581	1193819	5.09	0	16
ptg005790l_1	363082	1900882	5.24	0	18
ptg005790l_1_region	363082	1900882	5.24	0	18
ptg005792l_1	114492	549157	4.80	0	16
ptg005792l_1_region	114492	549157	4.80	0	16
ptg005793l_1	359570	1660981	4.62	0	13
ptg005793l_1_region	359570	1660981	4.62	0	13
ptg005794l_1	152758	724739	4.74	0	14
ptg005794l_1_region	152758	724739	4.74	0	14
ptg005796l_1	493264	3343675	6.78	0	17
ptg005796l_1_region	493264	3343675	6.78	0	17
ptg005797l_1	421124	4639051	11.02	0	392
ptg005797l_1_region	421124	4639051	11.02	0	392
ptg005801l_1	242895	1926921	7.93	0	23
ptg005801l_1_region	242895	1926921	7.93	0	23
ptg005802l_1	116477	1114671	9.57	0	28
ptg005802l_1_region	116477	1114671	9.57	0	28
ptg005803l_1	75207	332885	4.43	0	16
ptg005803l_1_region	75207	332885	4.43	0	16
ptg005805l_1	12910	39870	3.09	0	7
ptg005805l_1_region	12910	39870	3.09	0	7
ptg005807l_1	358623	1762822	4.92	0	25
ptg005807l_1_region	358623	1762822	4.92	0	25
ptg005809l_1	706534	2186730	3.10	0	105
ptg005809l_1_region	706534	2186730	3.10	0	105
ptg005810l_1	394078	4340308	11.01	0	72
ptg005810l_1_region	394078	4340308	11.01	0	72
ptg005811l_1	168462	994621	5.90	0	36
ptg005811l_1_region	168462	994621	5.90	0	36
ptg005812l_1	779274	10976670	14.09	0	80
ptg005812l_1_region	779274	10976670	14.09	0	80
ptg005813l_1	17522	14108	0.81	0	3
ptg005813l_1_region	17522	14108	0.81	0	3
ptg005815l_1	428327	2612014	6.10	0	18
ptg005815l_1_region	428327	2612014	6.10	0	18
ptg005816l_1	162072	398760	2.46	0	14
ptg005816l_1_region	162072	398760	2.46	0	14
ptg005817l_1	424979	4444079	10.46	0	123
ptg005817l_1_region	424979	4444079	10.46	0	123
ptg005820l_1	64835	233291	3.60	0	9
ptg005820l_1_region	64835	233291	3.60	0	9
ptg005822l_1	55374	271754	4.91	0	12
ptg005822l_1_region	55374	271754	4.91	0	12
ptg005823l_1	73509	269751	3.67	0	10
ptg005823l_1_region	73509	269751	3.67	0	10
ptg005825l_1	120701	967808	8.02	0	36
ptg005825l_1_region	120701	967808	8.02	0	36
ptg005828l_1	100790	538004	5.34	0	16
ptg005828l_1_region	100790	538004	5.34	0	16
ptg005829l_1	211590	1492375	7.05	0	25
ptg005829l_1_region	211590	1492375	7.05	0	25
ptg005830l_1	708755	5028879	7.10	0	25
ptg005830l_1_region	708755	5028879	7.10	0	25
ptg005831l_1	50625	217021	4.29	0	10
ptg005831l_1_region	50625	217021	4.29	0	10
ptg005833l_1	195450	1086159	5.56	0	18
ptg005833l_1_region	195450	1086159	5.56	0	18
ptg005834l_1	113123	673263	5.95	0	57
ptg005834l_1_region	113123	673263	5.95	0	57
ptg005835l_1	904618	14453686	15.98	0	308
ptg005835l_1_region	904618	14453686	15.98	0	308
ptg005839l_1	673242	4181201	6.21	0	50
ptg005839l_1_region	673242	4181201	6.21	0	50
ptg005843l_1	214529	1228575	5.73	0	19
ptg005843l_1_region	214529	1228575	5.73	0	19
ptg005844l_1	37540	165194	4.40	0	11
ptg005844l_1_region	37540	165194	4.40	0	11
ptg005847l_1	96130	959902	9.99	0	37
ptg005847l_1_region	96130	959902	9.99	0	37
ptg005851l_1	135160	746040	5.52	0	16
ptg005851l_1_region	135160	746040	5.52	0	16
ptg005852l_1	156581	839718	5.36	0	42
ptg005852l_1_region	156581	839718	5.36	0	42
ptg005853l_1	228024	1221837	5.36	0	37
ptg005853l_1_region	228024	1221837	5.36	0	37
ptg005856l_1	631045	3357529	5.32	0	23
ptg005856l_1_region	631045	3357529	5.32	0	23
ptg005857l_1	356215	1655664	4.65	0	42
ptg005857l_1_region	356215	1655664	4.65	0	42
ptg005859l_1	124978	652963	5.22	0	21
ptg005859l_1_region	124978	652963	5.22	0	21
ptg005864l_1	56492	266720	4.72	0	16
ptg005864l_1_region	56492	266720	4.72	0	16
ptg005865l_1	103516	300080	2.90	0	14
ptg005865l_1_region	103516	300080	2.90	0	14
ptg005867l_1	341398	4571739	13.39	0	47
ptg005867l_1_region	341398	4571739	13.39	0	47
ptg005869l_1	161720	1484419	9.18	0	22
ptg005869l_1_region	161720	1484419	9.18	0	22
ptg005870l_1	207379	1088571	5.25	0	22
ptg005870l_1_region	207379	1088571	5.25	0	22
ptg005871l_1	34892	161172	4.62	0	10
ptg005871l_1_region	34892	161172	4.62	0	10
ptg005872l_1	293896	2023400	6.88	0	24
ptg005872l_1_region	293896	2023400	6.88	0	24
ptg005874l_1	210182	2108316	10.03	0	385
ptg005874l_1_region	210182	2108316	10.03	0	385
ptg005876l_1	120319	431111	3.58	0	13
ptg005876l_1_region	120319	431111	3.58	0	13
ptg005878l_1	189082	1076010	5.69	0	23
ptg005878l_1_region	189082	1076010	5.69	0	23
ptg005880l_1	224946	1519999	6.76	0	21
ptg005880l_1_region	224946	1519999	6.76	0	21
ptg005889l_1	43434	166277	3.83	0	11
ptg005889l_1_region	43434	166277	3.83	0	11
ptg005890l_1	108007	637122	5.90	0	25
ptg005890l_1_region	108007	637122	5.90	0	25
ptg005892l_1	118290	1038906	8.78	0	28
ptg005892l_1_region	118290	1038906	8.78	0	28
ptg005893l_1	248272	2043447	8.23	0	28
ptg005893l_1_region	248272	2043447	8.23	0	28
ptg005895l_1	404814	3972385	9.81	0	60
ptg005895l_1_region	404814	3972385	9.81	0	60
ptg005897l_1	349265	2081478	5.96	0	15
ptg005897l_1_region	349265	2081478	5.96	0	15
ptg005898l_1	76844	399963	5.20	0	11
ptg005898l_1_region	76844	399963	5.20	0	11
ptg005902l_1	41543	145615	3.51	0	6
ptg005902l_1_region	41543	145615	3.51	0	6
ptg005903l_1	259604	1653490	6.37	0	34
ptg005903l_1_region	259604	1653490	6.37	0	34
ptg005905l_1	11722	35646	3.04	0	9
ptg005905l_1_region	11722	35646	3.04	0	9
ptg005907l_1	567382	5229915	9.22	0	145
ptg005907l_1_region	567382	5229915	9.22	0	145
ptg005908l_1	173108	2490376	14.39	0	41
ptg005908l_1_region	173108	2490376	14.39	0	41
ptg005916l_1	78464	534204	6.81	0	15
ptg005916l_1_region	78464	534204	6.81	0	15
ptg005918l_1	51470	229241	4.45	0	10
ptg005918l_1_region	51470	229241	4.45	0	10
ptg005919l_1	171194	893120	5.22	0	15
ptg005919l_1_region	171194	893120	5.22	0	15
ptg005920l_1	465308	5497661	11.82	0	197
ptg005920l_1_region	465308	5497661	11.82	0	197
ptg005921l_1	335467	1859369	5.54	0	24
ptg005921l_1_region	335467	1859369	5.54	0	24
ptg005923l_1	892950	9887811	11.07	0	49
ptg005923l_1_region	892950	9887811	11.07	0	49
ptg005924l_1	72207	318907	4.42	0	17
ptg005924l_1_region	72207	318907	4.42	0	17
ptg005925l_1	35750	133117	3.72	0	6
ptg005925l_1_region	35750	133117	3.72	0	6
ptg005927l_1	369888	2213989	5.99	0	105
ptg005927l_1_region	369888	2213989	5.99	0	105
ptg005928l_1	523793	5077264	9.69	0	76
ptg005928l_1_region	523793	5077264	9.69	0	76
ptg005929l_1	298712	2227525	7.46	0	21
ptg005929l_1_region	298712	2227525	7.46	0	21
ptg005930l_1	399987	2679339	6.70	0	23
ptg005930l_1_region	399987	2679339	6.70	0	23
ptg005931l_1	277615	1772396	6.38	0	23
ptg005931l_1_region	277615	1772396	6.38	0	23
ptg005935l_1	55163	255619	4.63	0	12
ptg005935l_1_region	55163	255619	4.63	0	12
ptg005939l_1	407580	2675437	6.56	0	23
ptg005939l_1_region	407580	2675437	6.56	0	23
ptg005942l_1	174148	1113983	6.40	0	45
ptg005942l_1_region	174148	1113983	6.40	0	45
ptg005943l_1	744449	6651496	8.93	0	59
ptg005943l_1_region	744449	6651496	8.93	0	59
ptg005944l_1	215077	1215324	5.65	0	13
ptg005944l_1_region	215077	1215324	5.65	0	13
ptg005945l_1	54444	183364	3.37	0	8
ptg005945l_1_region	54444	183364	3.37	0	8
ptg005951l_1	19751	331	0.02	0	1
ptg005951l_1_region	19751	331	0.02	0	1
ptg005956l_1	33373	213694	6.40	0	15
ptg005956l_1_region	33373	213694	6.40	0	15
ptg005958l_1	143040	537024	3.75	0	40
ptg005958l_1_region	143040	537024	3.75	0	40
ptg005961l_1	280958	6419874	22.85	0	47
ptg005961l_1_region	280958	6419874	22.85	0	47
ptg005962l_1	95497	684015	7.16	0	43
ptg005962l_1_region	95497	684015	7.16	0	43
ptg005963l_1	70854	586112	8.27	0	21
ptg005963l_1_region	70854	586112	8.27	0	21
ptg005966l_1	382869	11007316	28.75	0	342
ptg005966l_1_region	382869	11007316	28.75	0	342
ptg005972l_1	193099	1124224	5.82	0	18
ptg005972l_1_region	193099	1124224	5.82	0	18
ptg005974l_1	152377	607773	3.99	0	13
ptg005974l_1_region	152377	607773	3.99	0	13
ptg005975l_1	327706	3966994	12.11	0	51
ptg005975l_1_region	327706	3966994	12.11	0	51
ptg005976l_1	93232	457935	4.91	0	14
ptg005976l_1_region	93232	457935	4.91	0	14
ptg005978l_1	38919	154228	3.96	0	8
ptg005978l_1_region	38919	154228	3.96	0	8
ptg005980l_1	421740	3629463	8.61	0	52
ptg005980l_1_region	421740	3629463	8.61	0	52
ptg005982l_1	538752	458251	0.85	0	24
ptg005982l_1_region	538752	458251	0.85	0	24
ptg005984l_1	78115	319738	4.09	0	14
ptg005984l_1_region	78115	319738	4.09	0	14
ptg005987l_1	161348	995967	6.17	0	18
ptg005987l_1_region	161348	995967	6.17	0	18
ptg005988l_1	153487	844219	5.50	0	26
ptg005988l_1_region	153487	844219	5.50	0	26
ptg005994l_1	19572	84006	4.29	0	8
ptg005994l_1_region	19572	84006	4.29	0	8
ptg006000l_1	195280	1364805	6.99	0	20
ptg006000l_1_region	195280	1364805	6.99	0	20
ptg006001l_1	266320	1722545	6.47	0	21
ptg006001l_1_region	266320	1722545	6.47	0	21
ptg006002l_1	16812	49846	2.96	0	5
ptg006002l_1_region	16812	49846	2.96	0	5
ptg006003l_1	341027	2641180	7.74	0	25
ptg006003l_1_region	341027	2641180	7.74	0	25
ptg006005l_1	144740	595446	4.11	0	12
ptg006005l_1_region	144740	595446	4.11	0	12
ptg006006l_1	591261	4186298	7.08	0	45
ptg006006l_1_region	591261	4186298	7.08	0	45
ptg006008l_1	722586	7270741	10.06	0	49
ptg006008l_1_region	722586	7270741	10.06	0	49
ptg006009l_1	201497	1810521	8.99	0	30
ptg006009l_1_region	201497	1810521	8.99	0	30
ptg006012l_1	308722	1936492	6.27	0	17
ptg006012l_1_region	308722	1936492	6.27	0	17
ptg006017l_1	146781	981153	6.68	0	19
ptg006017l_1_region	146781	981153	6.68	0	19
ptg006018l_1	195481	1231957	6.30	0	99
ptg006018l_1_region	195481	1231957	6.30	0	99
ptg006020l_1	232129	2274219	9.80	0	75
ptg006020l_1_region	232129	2274219	9.80	0	75
ptg006021l_1	1125180	8104859	7.20	0	37
ptg006021l_1_region	1125180	8104859	7.20	0	37
ptg006022l_1	215644	1926470	8.93	0	215
ptg006022l_1_region	215644	1926470	8.93	0	215
ptg006023l_1	34763	176894	5.09	0	10
ptg006023l_1_region	34763	176894	5.09	0	10
ptg006024l_1	165226	528325	3.20	0	13
ptg006024l_1_region	165226	528325	3.20	0	13
ptg006025l_1	336052	1940856	5.78	0	31
ptg006025l_1_region	336052	1940856	5.78	0	31
ptg006026l_1	510093	3344914	6.56	0	30
ptg006026l_1_region	510093	3344914	6.56	0	30
ptg006027l_1	26212	82220	3.14	0	10
ptg006027l_1_region	26212	82220	3.14	0	10
ptg006028l_1	141273	699411	4.95	0	15
ptg006028l_1_region	141273	699411	4.95	0	15
ptg006029l_1	838244	4711394	5.62	0	29
ptg006029l_1_region	838244	4711394	5.62	0	29
ptg006031l_1	246179	2863720	11.63	0	41
ptg006031l_1_region	246179	2863720	11.63	0	41
ptg006033l_1	436193	1763261	4.04	0	19
ptg006033l_1_region	436193	1763261	4.04	0	19
ptg006035l_1	55115	51128	0.93	0	7
ptg006035l_1_region	55115	51128	0.93	0	7
ptg006040l_1	381951	3151536	8.25	0	27
ptg006040l_1_region	381951	3151536	8.25	0	27
ptg006043l_1	543390	3659362	6.73	0	21
ptg006043l_1_region	543390	3659362	6.73	0	21
ptg006045l_1	424307	6768245	15.95	0	266
ptg006045l_1_region	424307	6768245	15.95	0	266
ptg006046l_1	117903	1047970	8.89	0	26
ptg006046l_1_region	117903	1047970	8.89	0	26
ptg006047l_1	42039	67425	1.60	0	5
ptg006047l_1_region	42039	67425	1.60	0	5
ptg006048l_1	12098	74049	6.12	0	10
ptg006048l_1_region	12098	74049	6.12	0	10
ptg006050l_1	288088	1565339	5.43	0	22
ptg006050l_1_region	288088	1565339	5.43	0	22
ptg006055l_1	177555	742269	4.18	0	21
ptg006055l_1_region	177555	742269	4.18	0	21
ptg006057l_1	168952	1190736	7.05	0	20
ptg006057l_1_region	168952	1190736	7.05	0	20
ptg006058l_1	544149	3840099	7.06	0	88
ptg006058l_1_region	544149	3840099	7.06	0	88
ptg006059l_1	153390	1095910	7.14	0	37
ptg006059l_1_region	153390	1095910	7.14	0	37
ptg006060l_1	64497	531411	8.24	0	16
ptg006060l_1_region	64497	531411	8.24	0	16
ptg006063l_1	20560	72822	3.54	0	11
ptg006063l_1_region	20560	72822	3.54	0	11
ptg006064l_1	244504	1387595	5.68	0	18
ptg006064l_1_region	244504	1387595	5.68	0	18
ptg006065l_1	77917	502829	6.45	0	21
ptg006065l_1_region	77917	502829	6.45	0	21
ptg006070l_1	145855	508350	3.49	0	15
ptg006070l_1_region	145855	508350	3.49	0	15
ptg006073l_1	152211	470349	3.09	0	13
ptg006073l_1_region	152211	470349	3.09	0	13
ptg006074l_1	34622	93621	2.70	0	8
ptg006074l_1_region	34622	93621	2.70	0	8
ptg006077l_1	35320	236943	6.71	0	11
ptg006077l_1_region	35320	236943	6.71	0	11
ptg006079l_1	184602	1046243	5.67	0	16
ptg006079l_1_region	184602	1046243	5.67	0	16
ptg006084l_1	843059	4425033	5.25	0	35
ptg006084l_1_region	843059	4425033	5.25	0	35
ptg006088l_1	333432	1675696	5.03	0	53
ptg006088l_1_region	333432	1675696	5.03	0	53
ptg006090l_1	70208	4911336	69.95	0	428
ptg006090l_1_region	70208	4911336	69.95	0	428
ptg006091l_1	348286	3974311	11.41	0	241
ptg006091l_1_region	348286	3974311	11.41	0	241
ptg006092l_1	25551	99192	3.88	0	9
ptg006092l_1_region	25551	99192	3.88	0	9
ptg006093l_1	222618	1358891	6.10	0	17
ptg006093l_1_region	222618	1358891	6.10	0	17
ptg006095l_1	450016	3903085	8.67	0	48
ptg006095l_1_region	450016	3903085	8.67	0	48
ptg006096l_1	118412	397064	3.35	0	10
ptg006096l_1_region	118412	397064	3.35	0	10
ptg006098l_1	252711	1550108	6.13	0	47
ptg006098l_1_region	252711	1550108	6.13	0	47
ptg006099l_1	291273	1695679	5.82	0	25
ptg006099l_1_region	291273	1695679	5.82	0	25
ptg006100l_1	21925	91628	4.18	0	10
ptg006100l_1_region	21925	91628	4.18	0	10
ptg006101l_1	200242	2325992	11.62	0	74
ptg006101l_1_region	200242	2325992	11.62	0	74
ptg006103l_1	247993	1633711	6.59	0	42
ptg006103l_1_region	247993	1633711	6.59	0	42
ptg006106l_1	908417	9212748	10.14	0	213
ptg006106l_1_region	908417	9212748	10.14	0	213
ptg006108l_1	107639	444728	4.13	0	16
ptg006108l_1_region	107639	444728	4.13	0	16
ptg006109l_1	355488	2084468	5.86	0	25
ptg006109l_1_region	355488	2084468	5.86	0	25
ptg006110l_1	71812	486882	6.78	0	16
ptg006110l_1_region	71812	486882	6.78	0	16
ptg006115l_1	95915	128526	1.34	0	10
ptg006115l_1_region	95915	128526	1.34	0	10
ptg006116l_1	83122	359105	4.32	0	15
ptg006116l_1_region	83122	359105	4.32	0	15
ptg006117l_1	68984	530679	7.69	0	14
ptg006117l_1_region	68984	530679	7.69	0	14
ptg006118l_1	315843	2729253	8.64	0	23
ptg006118l_1_region	315843	2729253	8.64	0	23
ptg006119l_1	204703	1548502	7.56	0	23
ptg006119l_1_region	204703	1548502	7.56	0	23
ptg006122l_1	106093	817859	7.71	0	17
ptg006122l_1_region	106093	817859	7.71	0	17
ptg006123l_1	156982	942188	6.00	0	23
ptg006123l_1_region	156982	942188	6.00	0	23
ptg006124l_1	258523	1620304	6.27	0	41
ptg006124l_1_region	258523	1620304	6.27	0	41
ptg006126l_1	238232	1552287	6.52	0	16
ptg006126l_1_region	238232	1552287	6.52	0	16
ptg006131l_1	436175	4168961	9.56	0	22
ptg006131l_1_region	436175	4168961	9.56	0	22
ptg006133l_1	175058	868123	4.96	0	15
ptg006133l_1_region	175058	868123	4.96	0	15
ptg006136l_1	141132	728293	5.16	0	19
ptg006136l_1_region	141132	728293	5.16	0	19
ptg006137l_1	68368	882159	12.90	0	117
ptg006137l_1_region	68368	882159	12.90	0	117
ptg006139l_1	209230	965368	4.61	0	13
ptg006139l_1_region	209230	965368	4.61	0	13
ptg006140l_1	813771	5997706	7.37	0	37
ptg006140l_1_region	813771	5997706	7.37	0	37
ptg006141l_1	319843	1964065	6.14	0	22
ptg006141l_1_region	319843	1964065	6.14	0	22
ptg006142l_1	183043	1047898	5.72	0	46
ptg006142l_1_region	183043	1047898	5.72	0	46
ptg006145l_1	59398	276283	4.65	0	14
ptg006145l_1_region	59398	276283	4.65	0	14
ptg006147l_1	34678	56495	1.63	0	5
ptg006147l_1_region	34678	56495	1.63	0	5
ptg006151l_1	384527	3098364	8.06	0	54
ptg006151l_1_region	384527	3098364	8.06	0	54
ptg006152l_1	32682	126770	3.88	0	11
ptg006152l_1_region	32682	126770	3.88	0	11
ptg006154l_1	425795	2902491	6.82	0	25
ptg006154l_1_region	425795	2902491	6.82	0	25
ptg006155l_1	232070	1547124	6.67	0	17
ptg006155l_1_region	232070	1547124	6.67	0	17
ptg006156l_1	266642	1116463	4.19	0	14
ptg006156l_1_region	266642	1116463	4.19	0	14
ptg006159l_1	526153	3740467	7.11	0	18
ptg006159l_1_region	526153	3740467	7.11	0	18
ptg006160l_1	251940	1233176	4.89	0	15
ptg006160l_1_region	251940	1233176	4.89	0	15
ptg006163l_1	533366	2898532	5.43	0	24
ptg006163l_1_region	533366	2898532	5.43	0	24
ptg006164l_1	323866	1670386	5.16	0	16
ptg006164l_1_region	323866	1670386	5.16	0	16
ptg006165l_1	405117	2515959	6.21	0	18
ptg006165l_1_region	405117	2515959	6.21	0	18
ptg006166l_1	375431	1945015	5.18	0	18
ptg006166l_1_region	375431	1945015	5.18	0	18
ptg006172l_1	246712	961998	3.90	0	27
ptg006172l_1_region	246712	961998	3.90	0	27
ptg006174l_1	645107	4864941	7.54	0	22
ptg006174l_1_region	645107	4864941	7.54	0	22
ptg006175l_1	122618	1112278	9.07	0	37
ptg006175l_1_region	122618	1112278	9.07	0	37
ptg006179l_1	292284	1604680	5.49	0	21
ptg006179l_1_region	292284	1604680	5.49	0	21
ptg006180l_1	765978	4311985	5.63	0	22
ptg006180l_1_region	765978	4311985	5.63	0	22
ptg006181l_1	20926	56167	2.68	0	8
ptg006181l_1_region	20926	56167	2.68	0	8
ptg006183l_1	123374	650976	5.28	0	23
ptg006183l_1_region	123374	650976	5.28	0	23
ptg006184l_1	51874	259127	5.00	0	21
ptg006184l_1_region	51874	259127	5.00	0	21
ptg006188l_1	120533	790745	6.56	0	18
ptg006188l_1_region	120533	790745	6.56	0	18
ptg006195l_1	281766	2265231	8.04	0	20
ptg006195l_1_region	281766	2265231	8.04	0	20
ptg006196l_1	30172	155558	5.16	0	14
ptg006196l_1_region	30172	155558	5.16	0	14
ptg006197l_1	100207	342588	3.42	0	9
ptg006197l_1_region	100207	342588	3.42	0	9
ptg006199l_1	15116	42959	2.84	0	11
ptg006199l_1_region	15116	42959	2.84	0	11
ptg006203l_1	169687	753992	4.44	0	16
ptg006203l_1_region	169687	753992	4.44	0	16
ptg006204l_1	435173	3589473	8.25	0	18
ptg006204l_1_region	435173	3589473	8.25	0	18
ptg006205l_1	355774	1434784	4.03	0	22
ptg006205l_1_region	355774	1434784	4.03	0	22
ptg006206l_1	39970	285024	7.13	0	34
ptg006206l_1_region	39970	285024	7.13	0	34
ptg006207l_1	281574	1554625	5.52	0	28
ptg006207l_1_region	281574	1554625	5.52	0	28
ptg006208l_1	146826	728688	4.96	0	13
ptg006208l_1_region	146826	728688	4.96	0	13
ptg006209l_1	105647	588618	5.57	0	13
ptg006209l_1_region	105647	588618	5.57	0	13
ptg006212l_1	174681	326294	1.87	0	17
ptg006212l_1_region	174681	326294	1.87	0	17
ptg006214l_1	66059	162139	2.45	0	10
ptg006214l_1_region	66059	162139	2.45	0	10
ptg006215l_1	161863	929070	5.74	0	22
ptg006215l_1_region	161863	929070	5.74	0	22
ptg006216l_1	374238	1514456	4.05	0	20
ptg006216l_1_region	374238	1514456	4.05	0	20
ptg006219l_1	115178	895980	7.78	0	20
ptg006219l_1_region	115178	895980	7.78	0	20
ptg006221l_1	72517	616551	8.50	0	19
ptg006221l_1_region	72517	616551	8.50	0	19
ptg006222l_1	141441	783445	5.54	0	16
ptg006222l_1_region	141441	783445	5.54	0	16
ptg006223l_1	468044	3246927	6.94	0	29
ptg006223l_1_region	468044	3246927	6.94	0	29
ptg006224l_1	158489	763332	4.82	0	13
ptg006224l_1_region	158489	763332	4.82	0	13
ptg006226l_1	197006	1411334	7.16	0	24
ptg006226l_1_region	197006	1411334	7.16	0	24
ptg006229l_1	201234	2529695	12.57	0	28
ptg006229l_1_region	201234	2529695	12.57	0	28
ptg006231l_1	140861	1220449	8.66	0	31
ptg006231l_1_region	140861	1220449	8.66	0	31
ptg006232l_1	66193	448887	6.78	0	13
ptg006232l_1_region	66193	448887	6.78	0	13
ptg006234l_1	55638	218846	3.93	0	17
ptg006234l_1_region	55638	218846	3.93	0	17
ptg006235l_1	74299	375770	5.06	0	17
ptg006235l_1_region	74299	375770	5.06	0	17
ptg006236l_1	228177	1308058	5.73	0	22
ptg006236l_1_region	228177	1308058	5.73	0	22
ptg006237l_1	195940	1533986	7.83	0	15
ptg006237l_1_region	195940	1533986	7.83	0	15
ptg006242l_1	16240	78752	4.85	0	9
ptg006242l_1_region	16240	78752	4.85	0	9
ptg006245l_1	75538	723518	9.58	0	33
ptg006245l_1_region	75538	723518	9.58	0	33
ptg006247l_1	302011	1773909	5.87	0	35
ptg006247l_1_region	302011	1773909	5.87	0	35
ptg006248l_1	314087	1689097	5.38	0	14
ptg006248l_1_region	314087	1689097	5.38	0	14
ptg006249l_1	355309	1417103	3.99	0	284
ptg006249l_1_region	355309	1417103	3.99	0	284
ptg006250l_1	140995	1060290	7.52	0	20
ptg006250l_1_region	140995	1060290	7.52	0	20
ptg006252l_1	38833	103108	2.66	0	7
ptg006252l_1_region	38833	103108	2.66	0	7
ptg006254l_1	281809	4331875	15.37	0	46
ptg006254l_1_region	281809	4331875	15.37	0	46
ptg006255l_1	40939	250975	6.13	0	16
ptg006255l_1_region	40939	250975	6.13	0	16
ptg006258l_1	379464	4308062	11.35	0	300
ptg006258l_1_region	379464	4308062	11.35	0	300
ptg006261l_1	37396	582212	15.57	0	44
ptg006261l_1_region	37396	582212	15.57	0	44
ptg006263l_1	162038	1112243	6.86	0	14
ptg006263l_1_region	162038	1112243	6.86	0	14
ptg006264l_1	269887	2461718	9.12	0	66
ptg006264l_1_region	269887	2461718	9.12	0	66
ptg006266l_1	120225	960820	7.99	0	31
ptg006266l_1_region	120225	960820	7.99	0	31
ptg006267l_1	96284	456466	4.74	0	11
ptg006267l_1_region	96284	456466	4.74	0	11
ptg006269l_1	108296	723502	6.68	0	17
ptg006269l_1_region	108296	723502	6.68	0	17
ptg006270l_1	173612	1118898	6.44	0	24
ptg006270l_1_region	173612	1118898	6.44	0	24
ptg006271l_1	345924	2219625	6.42	0	19
ptg006271l_1_region	345924	2219625	6.42	0	19
ptg006277l_1	106923	493559	4.62	0	13
ptg006277l_1_region	106923	493559	4.62	0	13
ptg006279l_1	384833	3923232	10.19	0	38
ptg006279l_1_region	384833	3923232	10.19	0	38
ptg006282l_1	128430	91523	0.71	0	8
ptg006282l_1_region	128430	91523	0.71	0	8
ptg006284l_1	85051	76328	0.90	0	6
ptg006284l_1_region	85051	76328	0.90	0	6
ptg006285l_1	28921	57529	1.99	0	5
ptg006285l_1_region	28921	57529	1.99	0	5
ptg006286l_1	377850	3377004	8.94	0	53
ptg006286l_1_region	377850	3377004	8.94	0	53
ptg006287l_1	28628	344212	12.02	0	84
ptg006287l_1_region	28628	344212	12.02	0	84
ptg006289l_1	89601	638783	7.13	0	18
ptg006289l_1_region	89601	638783	7.13	0	18
ptg006290l_1	33810	136921	4.05	0	15
ptg006290l_1_region	33810	136921	4.05	0	15
ptg006295l_1	2090832	49320771	23.59	0	112
ptg006295l_1_region	2090832	49320771	23.59	0	112
ptg006297l_1	296071	3456742	11.68	0	129
ptg006297l_1_region	296071	3456742	11.68	0	129
ptg006301l_1	179350	954949	5.32	0	21
ptg006301l_1_region	179350	954949	5.32	0	21
ptg006303l_1	204256	1119469	5.48	0	25
ptg006303l_1_region	204256	1119469	5.48	0	25
ptg006304l_1	555955	3264764	5.87	0	42
ptg006304l_1_region	555955	3264764	5.87	0	42
ptg006305l_1	196620	877142	4.46	0	22
ptg006305l_1_region	196620	877142	4.46	0	22
ptg006306l_1	73755	248515	3.37	0	8
ptg006306l_1_region	73755	248515	3.37	0	8
ptg006311l_1	192238	2435650	12.67	0	28
ptg006311l_1_region	192238	2435650	12.67	0	28
ptg006314l_1	328537	1569764	4.78	0	16
ptg006314l_1_region	328537	1569764	4.78	0	16
ptg006315l_1	997025	7960431	7.98	0	58
ptg006315l_1_region	997025	7960431	7.98	0	58
ptg006319l_1	155568	1605745	10.32	0	28
ptg006319l_1_region	155568	1605745	10.32	0	28
ptg006320l_1	141952	1109332	7.81	0	28
ptg006320l_1_region	141952	1109332	7.81	0	28
ptg006322l_1	156216	1467109	9.39	0	23
ptg006322l_1_region	156216	1467109	9.39	0	23
ptg006324l_1	96752	516188	5.34	0	15
ptg006324l_1_region	96752	516188	5.34	0	15
ptg006325l_1	370375	6909835	18.66	0	203
ptg006325l_1_region	370375	6909835	18.66	0	203
ptg006327l_1	518954	3287908	6.34	0	18
ptg006327l_1_region	518954	3287908	6.34	0	18
ptg006328l_1	462586	2929793	6.33	0	19
ptg006328l_1_region	462586	2929793	6.33	0	19
ptg006333l_1	157417	915707	5.82	0	13
ptg006333l_1_region	157417	915707	5.82	0	13
ptg006334l_1	34406	200610	5.83	0	12
ptg006334l_1_region	34406	200610	5.83	0	12
ptg006341l_1	269069	1485436	5.52	0	42
ptg006341l_1_region	269069	1485436	5.52	0	42
ptg006342l_1	226544	1417604	6.26	0	29
ptg006342l_1_region	226544	1417604	6.26	0	29
ptg006346l_1	351925	3194777	9.08	0	49
ptg006346l_1_region	351925	3194777	9.08	0	49
ptg006348l_1	386164	2402169	6.22	0	26
ptg006348l_1_region	386164	2402169	6.22	0	26
ptg006349l_1	292530	1876272	6.41	0	18
ptg006349l_1_region	292530	1876272	6.41	0	18
ptg006350l_1	831722	15031427	18.07	0	158
ptg006350l_1_region	831722	15031427	18.07	0	158
ptg006351l_1	174590	731180	4.19	0	15
ptg006351l_1_region	174590	731180	4.19	0	15
ptg006352l_1	169306	1679131	9.92	0	33
ptg006352l_1_region	169306	1679131	9.92	0	33
ptg006353l_1	18640	50505	2.71	0	5
ptg006353l_1_region	18640	50505	2.71	0	5
ptg006354l_1	250910	3144913	12.53	0	179
ptg006354l_1_region	250910	3144913	12.53	0	179
ptg006358l_1	52249	223908	4.29	0	9
ptg006358l_1_region	52249	223908	4.29	0	9
ptg006361l_1	109670	417099	3.80	0	17
ptg006361l_1_region	109670	417099	3.80	0	17
ptg006362l_1	188238	2701906	14.35	0	59
ptg006362l_1_region	188238	2701906	14.35	0	59
ptg006364l_1	273750	1350445	4.93	0	23
ptg006364l_1_region	273750	1350445	4.93	0	23
ptg006365l_1	53797	493016	9.16	0	20
ptg006365l_1_region	53797	493016	9.16	0	20
ptg006366l_1	155118	251009	1.62	0	21
ptg006366l_1_region	155118	251009	1.62	0	21
ptg006367l_1	32919	230920	7.01	0	30
ptg006367l_1_region	32919	230920	7.01	0	30
ptg006369l_1	12445	32822	2.64	0	26
ptg006369l_1_region	12445	32822	2.64	0	26
ptg006370l_1	245968	2135515	8.68	0	46
ptg006370l_1_region	245968	2135515	8.68	0	46
ptg006371l_1	61539	257308	4.18	0	12
ptg006371l_1_region	61539	257308	4.18	0	12
ptg006373l_1	10766	8855	0.82	0	3
ptg006373l_1_region	10766	8855	0.82	0	3
ptg006374l_1	186971	867328	4.64	0	14
ptg006374l_1_region	186971	867328	4.64	0	14
ptg006376l_1	308449	1676443	5.44	0	27
ptg006376l_1_region	308449	1676443	5.44	0	27
ptg006377l_1	143463	701307	4.89	0	12
ptg006377l_1_region	143463	701307	4.89	0	12
ptg006383l_1	33170	200793	6.05	0	20
ptg006383l_1_region	33170	200793	6.05	0	20
ptg006386l_1	85916	754601	8.78	0	34
ptg006386l_1_region	85916	754601	8.78	0	34
ptg006388l_1	181580	1255834	6.92	0	17
ptg006388l_1_region	181580	1255834	6.92	0	17
ptg006395l_1	21846	110660	5.07	0	11
ptg006395l_1_region	21846	110660	5.07	0	11
ptg006398l_1	113712	771704	6.79	0	54
ptg006398l_1_region	113712	771704	6.79	0	54
ptg006399l_1	393142	5517682	14.03	0	121
ptg006399l_1_region	393142	5517682	14.03	0	121
ptg006400l_1	100000	318444	3.18	0	17
ptg006400l_1_region	100000	318444	3.18	0	17
ptg006402l_1	123409	957992	7.76	0	105
ptg006402l_1_region	123409	957992	7.76	0	105
ptg006407l_1	484342	2824550	5.83	0	17
ptg006407l_1_region	484342	2824550	5.83	0	17
ptg006408l_1	525837	4626273	8.80	0	26
ptg006408l_1_region	525837	4626273	8.80	0	26
ptg006410l_1	72473	444445	6.13	0	20
ptg006410l_1_region	72473	444445	6.13	0	20
ptg006411l_1	324626	3412255	10.51	0	50
ptg006411l_1_region	324626	3412255	10.51	0	50
ptg006413l_1	29373	66734	2.27	0	6
ptg006413l_1_region	29373	66734	2.27	0	6
ptg006415l_1	35836	566664	15.81	0	259
ptg006415l_1_region	35836	566664	15.81	0	259
ptg006416l_1	106942	385020	3.60	0	12
ptg006416l_1_region	106942	385020	3.60	0	12
ptg006418l_1	83560	531546	6.36	0	17
ptg006418l_1_region	83560	531546	6.36	0	17
ptg006420l_1	99275	577975	5.82	0	13
ptg006420l_1_region	99275	577975	5.82	0	13
ptg006421l_1	385033	2948496	7.66	0	29
ptg006421l_1_region	385033	2948496	7.66	0	29
ptg006422l_1	179200	3465023	19.34	0	239
ptg006422l_1_region	179200	3465023	19.34	0	239
ptg006423l_1	35708	58664	1.64	0	5
ptg006423l_1_region	35708	58664	1.64	0	5
ptg006426l_1	120137	800649	6.66	0	16
ptg006426l_1_region	120137	800649	6.66	0	16
ptg006427l_1	531226	3858485	7.26	0	29
ptg006427l_1_region	531226	3858485	7.26	0	29
ptg006429l_1	116677	1988512	17.04	0	47
ptg006429l_1_region	116677	1988512	17.04	0	47
ptg006430l_1	152753	940761	6.16	0	15
ptg006430l_1_region	152753	940761	6.16	0	15
ptg006431l_1	401545	3600657	8.97	0	26
ptg006431l_1_region	401545	3600657	8.97	0	26
ptg006435l_1	85208	382447	4.49	0	11
ptg006435l_1_region	85208	382447	4.49	0	11
ptg006439l_1	91470	1037902	11.35	0	38
ptg006439l_1_region	91470	1037902	11.35	0	38
ptg006440l_1	138316	1130177	8.17	0	118
ptg006440l_1_region	138316	1130177	8.17	0	118
ptg006443l_1	24729	105022	4.25	0	8
ptg006443l_1_region	24729	105022	4.25	0	8
ptg006444l_1	26533	52105	1.96	0	6
ptg006444l_1_region	26533	52105	1.96	0	6
ptg006448l_1	58758	464465	7.90	0	15
ptg006448l_1_region	58758	464465	7.90	0	15
ptg006450l_1	145890	770430	5.28	0	21
ptg006450l_1_region	145890	770430	5.28	0	21
ptg006453l_1	29895	192826	6.45	0	15
ptg006453l_1_region	29895	192826	6.45	0	15
ptg006454l_1	63340	201228	3.18	0	11
ptg006454l_1_region	63340	201228	3.18	0	11
ptg006455l_1	47320	511570	10.81	0	50
ptg006455l_1_region	47320	511570	10.81	0	50
ptg006461l_1	59102	560543	9.48	0	22
ptg006461l_1_region	59102	560543	9.48	0	22
ptg006471l_1	135593	898734	6.63	0	14
ptg006471l_1_region	135593	898734	6.63	0	14
ptg006472l_1	41938	54676	1.30	0	6
ptg006472l_1_region	41938	54676	1.30	0	6
ptg006475l_1	113823	488690	4.29	0	10
ptg006475l_1_region	113823	488690	4.29	0	10
ptg006478l_1	127554	607154	4.76	0	13
ptg006478l_1_region	127554	607154	4.76	0	13
ptg006480l_1	602932	8680591	14.40	0	170
ptg006480l_1_region	602932	8680591	14.40	0	170
ptg006484l_1	244701	2228577	9.11	0	31
ptg006484l_1_region	244701	2228577	9.11	0	31
ptg006486l_1	306714	5696036	18.57	0	251
ptg006486l_1_region	306714	5696036	18.57	0	251
ptg006488l_1	41080	271499	6.61	0	15
ptg006488l_1_region	41080	271499	6.61	0	15
ptg006489l_1	362708	2999487	8.27	0	32
ptg006489l_1_region	362708	2999487	8.27	0	32
ptg006490l_1	318340	2103973	6.61	0	16
ptg006490l_1_region	318340	2103973	6.61	0	16
ptg006491l_1	75427	469757	6.23	0	29
ptg006491l_1_region	75427	469757	6.23	0	29
ptg006492l_1	37261	170789	4.58	0	9
ptg006492l_1_region	37261	170789	4.58	0	9
ptg006493l_1	672141	4184037	6.22	0	38
ptg006493l_1_region	672141	4184037	6.22	0	38
ptg006496l_1	479622	4610762	9.61	0	63
ptg006496l_1_region	479622	4610762	9.61	0	63
ptg006497l_1	380043	2780698	7.32	0	28
ptg006497l_1_region	380043	2780698	7.32	0	28
ptg006498l_1	47349	398154	8.41	1	18
ptg006498l_1_region	47349	398154	8.41	1	18
ptg006499l_1	646195	3672878	5.68	0	45
ptg006499l_1_region	646195	3672878	5.68	0	45
ptg006500l_1	642762	4953886	7.71	0	109
ptg006500l_1_region	642762	4953886	7.71	0	109
ptg006503l_1	21790	202894	9.31	0	19
ptg006503l_1_region	21790	202894	9.31	0	19
ptg006505l_1	35473	113106	3.19	0	11
ptg006505l_1_region	35473	113106	3.19	0	11
ptg006507l_1	128331	803674	6.26	0	18
ptg006507l_1_region	128331	803674	6.26	0	18
ptg006509l_1	225682	1170682	5.19	0	13
ptg006509l_1_region	225682	1170682	5.19	0	13
ptg006513l_1	450431	3418286	7.59	0	31
ptg006513l_1_region	450431	3418286	7.59	0	31
ptg006514l_1	468079	6449130	13.78	0	572
ptg006514l_1_region	468079	6449130	13.78	0	572
ptg006520l_1	36259	82728	2.28	0	10
ptg006520l_1_region	36259	82728	2.28	0	10
ptg006523l_1	129135	692576	5.36	0	17
ptg006523l_1_region	129135	692576	5.36	0	17
ptg006524l_1	62648	314601	5.02	0	10
ptg006524l_1_region	62648	314601	5.02	0	10
ptg006529l_1	122583	618798	5.05	0	13
ptg006529l_1_region	122583	618798	5.05	0	13
ptg006530l_1	189039	1137655	6.02	0	14
ptg006530l_1_region	189039	1137655	6.02	0	14
ptg006531l_1	397256	2228247	5.61	0	17
ptg006531l_1_region	397256	2228247	5.61	0	17
ptg006532l_1	91049	485780	5.34	0	15
ptg006532l_1_region	91049	485780	5.34	0	15
ptg006533l_1	140239	1222439	8.72	0	24
ptg006533l_1_region	140239	1222439	8.72	0	24
ptg006534l_1	91073	693022	7.61	0	17
ptg006534l_1_region	91073	693022	7.61	0	17
ptg006536l_1	87919	428882	4.88	0	16
ptg006536l_1_region	87919	428882	4.88	0	16
ptg006538l_1	451725	2712718	6.01	0	26
ptg006538l_1_region	451725	2712718	6.01	0	26
ptg006541l_1	2045007	12649376	6.19	0	43
ptg006541l_1_region	2045007	12649376	6.19	0	43
ptg006544l_1	20956	12669	0.60	0	2
ptg006544l_1_region	20956	12669	0.60	0	2
ptg006549l_1	484455	5210771	10.76	0	58
ptg006549l_1_region	484455	5210771	10.76	0	58
ptg006550l_1	337317	1716344	5.09	0	52
ptg006550l_1_region	337317	1716344	5.09	0	52
ptg006551l_1	549474	1721193	3.13	0	22
ptg006551l_1_region	549474	1721193	3.13	0	22
ptg006552l_1	88419	826146	9.34	0	31
ptg006552l_1_region	88419	826146	9.34	0	31
ptg006554l_1	158233	1365100	8.63	0	28
ptg006554l_1_region	158233	1365100	8.63	0	28
ptg006558l_1	101340	802947	7.92	0	72
ptg006558l_1_region	101340	802947	7.92	0	72
ptg006559l_1	72854	413998	5.68	0	14
ptg006559l_1_region	72854	413998	5.68	0	14
ptg006561l_1	305085	2738157	8.98	0	47
ptg006561l_1_region	305085	2738157	8.98	0	47
ptg006562l_1	61644	298757	4.85	0	9
ptg006562l_1_region	61644	298757	4.85	0	9
ptg006564l_1	458842	2816774	6.14	0	29
ptg006564l_1_region	458842	2816774	6.14	0	29
ptg006569l_1	62535	564447	9.03	0	28
ptg006569l_1_region	62535	564447	9.03	0	28
ptg006573l_1	116930	1356050	11.60	0	53
ptg006573l_1_region	116930	1356050	11.60	0	53
ptg006575l_1	60616	327784	5.41	0	16
ptg006575l_1_region	60616	327784	5.41	0	16
ptg006579l_1	52555	348111	6.62	0	19
ptg006579l_1_region	52555	348111	6.62	0	19
ptg006580l_1	19991	122414	6.12	0	16
ptg006580l_1_region	19991	122414	6.12	0	16
ptg006581l_1	93737	541306	5.77	0	12
ptg006581l_1_region	93737	541306	5.77	0	12
ptg006589l_1	72081	471190	6.54	0	16
ptg006589l_1_region	72081	471190	6.54	0	16
ptg006592l_1	83937	380928	4.54	0	11
ptg006592l_1_region	83937	380928	4.54	0	11
ptg006595l_1	1213331	11669841	9.62	0	70
ptg006595l_1_region	1213331	11669841	9.62	0	70
ptg006596l_1	163276	1270255	7.78	0	131
ptg006596l_1_region	163276	1270255	7.78	0	131
ptg006598l_1	83556	530044	6.34	0	31
ptg006598l_1_region	83556	530044	6.34	0	31
ptg006600l_1	97865	411907	4.21	0	21
ptg006600l_1_region	97865	411907	4.21	0	21
ptg006602l_1	331419	2577786	7.78	0	60
ptg006602l_1_region	331419	2577786	7.78	0	60
ptg006604l_1	1421349	13011581	9.15	0	54
ptg006604l_1_region	1421349	13011581	9.15	0	54
ptg006605l_1	334209	2608701	7.81	0	31
ptg006605l_1_region	334209	2608701	7.81	0	31
ptg006610l_1	23870	103488	4.34	0	8
ptg006610l_1_region	23870	103488	4.34	0	8
ptg006611l_1	34546	128233	3.71	0	9
ptg006611l_1_region	34546	128233	3.71	0	9
ptg006612l_1	758450	5146913	6.79	0	21
ptg006612l_1_region	758450	5146913	6.79	0	21
ptg006614l_1	182335	811354	4.45	0	13
ptg006614l_1_region	182335	811354	4.45	0	13
ptg006615l_1	1871553	112663615	60.20	0	215
ptg006615l_1_region	1871553	112663615	60.20	0	215
ptg006616l_1	32034	40471	1.26	0	7
ptg006616l_1_region	32034	40471	1.26	0	7
ptg006619l_1	1045055	10437823	9.99	0	30
ptg006619l_1_region	1045055	10437823	9.99	0	30
ptg006620l_1	520265	2074068	3.99	0	57
ptg006620l_1_region	520265	2074068	3.99	0	57
ptg006621l_1	108406	610381	5.63	0	21
ptg006621l_1_region	108406	610381	5.63	0	21
ptg006623l_1	26345	128183	4.87	0	11
ptg006623l_1_region	26345	128183	4.87	0	11
ptg006625l_1	385525	2240017	5.81	0	23
ptg006625l_1_region	385525	2240017	5.81	0	23
ptg006627l_1	37680	157041	4.17	0	12
ptg006627l_1_region	37680	157041	4.17	0	12
ptg006629l_1	344489	3493294	10.14	0	21
ptg006629l_1_region	344489	3493294	10.14	0	21
ptg006630l_1	123098	904281	7.35	0	19
ptg006630l_1_region	123098	904281	7.35	0	19
ptg006632l_1	154732	1252192	8.09	0	36
ptg006632l_1_region	154732	1252192	8.09	0	36
ptg006634l_1	91228	108122	1.19	0	10
ptg006634l_1_region	91228	108122	1.19	0	10
ptg006636l_1	149837	1364219	9.10	0	27
ptg006636l_1_region	149837	1364219	9.10	0	27
ptg006639l_1	397333	2568318	6.46	0	22
ptg006639l_1_region	397333	2568318	6.46	0	22
ptg006640l_1	287937	2305440	8.01	0	22
ptg006640l_1_region	287937	2305440	8.01	0	22
ptg006641l_1	66479	599704	9.02	0	17
ptg006641l_1_region	66479	599704	9.02	0	17
ptg006642l_1	271686	3207973	11.81	0	121
ptg006642l_1_region	271686	3207973	11.81	0	121
ptg006643l_1	18916	79330	4.19	0	28
ptg006643l_1_region	18916	79330	4.19	0	28
ptg006644l_1	77524	297467	3.84	0	13
ptg006644l_1_region	77524	297467	3.84	0	13
ptg006645l_1	117487	569124	4.84	0	12
ptg006645l_1_region	117487	569124	4.84	0	12
ptg006651l_1	162864	3236960	19.88	0	237
ptg006651l_1_region	162864	3236960	19.88	0	237
ptg006652l_1	80637	327482	4.06	0	16
ptg006652l_1_region	80637	327482	4.06	0	16
ptg006653l_1	449217	2767337	6.16	0	27
ptg006653l_1_region	449217	2767337	6.16	0	27
ptg006655l_1	34866	19936	0.57	0	5
ptg006655l_1_region	34866	19936	0.57	0	5
ptg006656l_1	372172	3689207	9.91	0	82
ptg006656l_1_region	372172	3689207	9.91	0	82
ptg006657l_1	297178	13700761	46.10	0	231
ptg006657l_1_region	297178	13700761	46.10	0	231
ptg006658l_1	62313	333995	5.36	0	15
ptg006658l_1_region	62313	333995	5.36	0	15
ptg006659l_1	779966	4083993	5.24	0	39
ptg006659l_1_region	779966	4083993	5.24	0	39
ptg006662l_1	498756	4696668	9.42	0	40
ptg006662l_1_region	498756	4696668	9.42	0	40
ptg006665l_1	101250	525242	5.19	0	12
ptg006665l_1_region	101250	525242	5.19	0	12
ptg006666l_1	155722	837726	5.38	0	19
ptg006666l_1_region	155722	837726	5.38	0	19
ptg006667l_1	124642	761100	6.11	0	15
ptg006667l_1_region	124642	761100	6.11	0	15
ptg006668l_1	533089	5626413	10.55	0	37
ptg006668l_1_region	533089	5626413	10.55	0	37
ptg006670l_1	73723	277373	3.76	0	15
ptg006670l_1_region	73723	277373	3.76	0	15
ptg006673l_1	176259	953577	5.41	0	17
ptg006673l_1_region	176259	953577	5.41	0	17
ptg006679l_1	46412	322606	6.95	0	18
ptg006679l_1_region	46412	322606	6.95	0	18
ptg006681l_1	99936	774608	7.75	0	18
ptg006681l_1_region	99936	774608	7.75	0	18
ptg006685l_1	139042	1460333	10.50	0	38
ptg006685l_1_region	139042	1460333	10.50	0	38
ptg006687l_1	40045	194250	4.85	0	10
ptg006687l_1_region	40045	194250	4.85	0	10
ptg006688l_1	531669	3951920	7.43	0	29
ptg006688l_1_region	531669	3951920	7.43	0	29
ptg006690l_1	144680	757920	5.24	0	24
ptg006690l_1_region	144680	757920	5.24	0	24
ptg006691l_1	86914	344591	3.96	0	12
ptg006691l_1_region	86914	344591	3.96	0	12
ptg006700l_1	145331	896341	6.17	0	63
ptg006700l_1_region	145331	896341	6.17	0	63
ptg006701l_1	1503552	12636462	8.40	0	97
ptg006701l_1_region	1503552	12636462	8.40	0	97
ptg006704l_1	84778	380420	4.49	0	11
ptg006704l_1_region	84778	380420	4.49	0	11
ptg006706l_1	559804	5326079	9.51	0	43
ptg006706l_1_region	559804	5326079	9.51	0	43
ptg006708l_1	30865	257057	8.33	0	36
ptg006708l_1_region	30865	257057	8.33	0	36
ptg006709l_1	143971	1262474	8.77	0	44
ptg006709l_1_region	143971	1262474	8.77	0	44
ptg006711l_1	401796	3465594	8.63	0	42
ptg006711l_1_region	401796	3465594	8.63	0	42
ptg006712l_1	129919	960129	7.39	0	21
ptg006712l_1_region	129919	960129	7.39	0	21
ptg006714l_1	232250	1162141	5.00	0	19
ptg006714l_1_region	232250	1162141	5.00	0	19
ptg006715l_1	650288	4298508	6.61	0	66
ptg006715l_1_region	650288	4298508	6.61	0	66
ptg006717l_1	100755	579819	5.75	0	34
ptg006717l_1_region	100755	579819	5.75	0	34
ptg006718l_1	276208	1931493	6.99	0	46
ptg006718l_1_region	276208	1931493	6.99	0	46
ptg006719l_1	293557	3946906	13.45	0	58
ptg006719l_1_region	293557	3946906	13.45	0	58
ptg006721l_1	48439	343952	7.10	0	18
ptg006721l_1_region	48439	343952	7.10	0	18
ptg006722l_1	1192943	5937878	4.98	0	73
ptg006722l_1_region	1192943	5937878	4.98	0	73
ptg006723l_1	219041	1151919	5.26	0	12
ptg006723l_1_region	219041	1151919	5.26	0	12
ptg006725l_1	157965	703221	4.45	0	12
ptg006725l_1_region	157965	703221	4.45	0	12
ptg006727l_1	163824	843937	5.15	0	13
ptg006727l_1_region	163824	843937	5.15	0	13
ptg006730l_1	384080	2704103	7.04	0	40
ptg006730l_1_region	384080	2704103	7.04	0	40
ptg006737l_1	19972	59032	2.96	0	7
ptg006737l_1_region	19972	59032	2.96	0	7
ptg006738l_1	309891	2159993	6.97	0	32
ptg006738l_1_region	309891	2159993	6.97	0	32
ptg006739l_1	222227	869666	3.91	0	25
ptg006739l_1_region	222227	869666	3.91	0	25
ptg006741l_1	20205	84525	4.18	0	8
ptg006741l_1_region	20205	84525	4.18	0	8
ptg006744l_1	175875	1069850	6.08	0	28
ptg006744l_1_region	175875	1069850	6.08	0	28
ptg006750l_1	304260	2618232	8.61	0	117
ptg006750l_1_region	304260	2618232	8.61	0	117
ptg006752l_1	76689	1234203	16.09	0	263
ptg006752l_1_region	76689	1234203	16.09	0	263
ptg006753l_1	514945	4495715	8.73	0	62
ptg006753l_1_region	514945	4495715	8.73	0	62
ptg006754l_1	46522	181038	3.89	0	16
ptg006754l_1_region	46522	181038	3.89	0	16
ptg006755l_1	138367	908845	6.57	0	22
ptg006755l_1_region	138367	908845	6.57	0	22
ptg006756l_1	1063487	11414679	10.73	0	162
ptg006756l_1_region	1063487	11414679	10.73	0	162
ptg006757l_1	282107	2136090	7.57	0	23
ptg006757l_1_region	282107	2136090	7.57	0	23
ptg006760l_1	272393	1308339	4.80	0	80
ptg006760l_1_region	272393	1308339	4.80	0	80
ptg006762l_1	67002	246266	3.68	0	13
ptg006762l_1_region	67002	246266	3.68	0	13
ptg006763l_1	163502	1044601	6.39	0	14
ptg006763l_1_region	163502	1044601	6.39	0	14
ptg006768l_1	317342	3148940	9.92	0	225
ptg006768l_1_region	317342	3148940	9.92	0	225
ptg006770l_1	653117	5697396	8.72	0	31
ptg006770l_1_region	653117	5697396	8.72	0	31
ptg006771l_1	159103	1229091	7.73	0	49
ptg006771l_1_region	159103	1229091	7.73	0	49
ptg006772l_1	123530	1217978	9.86	0	24
ptg006772l_1_region	123530	1217978	9.86	0	24
ptg006773l_1	239496	503957	2.10	0	12
ptg006773l_1_region	239496	503957	2.10	0	12
ptg006774l_1	268610	1312336	4.89	0	23
ptg006774l_1_region	268610	1312336	4.89	0	23
ptg006775l_1	314151	2616893	8.33	0	23
ptg006775l_1_region	314151	2616893	8.33	0	23
ptg006778l_1	163342	1291913	7.91	0	61
ptg006778l_1_region	163342	1291913	7.91	0	61
ptg006781l_1	158361	1879668	11.87	0	53
ptg006781l_1_region	158361	1879668	11.87	0	53
ptg006782l_1	640738	4178513	6.52	0	47
ptg006782l_1_region	640738	4178513	6.52	0	47
ptg006783l_1	1033099	21250798	20.57	0	90
ptg006783l_1_region	1033099	21250798	20.57	0	90
ptg006786l_1	93218	124736	1.34	0	4
ptg006786l_1_region	93218	124736	1.34	0	4
ptg006787l_1	229506	2328450	10.15	0	207
ptg006787l_1_region	229506	2328450	10.15	0	207
ptg006788l_1	26296	82230	3.13	0	8
ptg006788l_1_region	26296	82230	3.13	0	8
ptg006791l_1	174189	1558739	8.95	0	39
ptg006791l_1_region	174189	1558739	8.95	0	39
ptg006795l_1	80127	214989	2.68	0	10
ptg006795l_1_region	80127	214989	2.68	0	10
ptg006797l_1	447925	2514850	5.61	0	31
ptg006797l_1_region	447925	2514850	5.61	0	31
ptg006798l_1	55015	571861	10.39	0	59
ptg006798l_1_region	55015	571861	10.39	0	59
ptg006799l_1	283786	1834616	6.46	0	16
ptg006799l_1_region	283786	1834616	6.46	0	16
ptg006801l_1	383013	1605247	4.19	0	22
ptg006801l_1_region	383013	1605247	4.19	0	22
ptg006802l_1	347801	3384104	9.73	0	41
ptg006802l_1_region	347801	3384104	9.73	0	41
ptg006806l_1	227718	1636126	7.18	0	44
ptg006806l_1_region	227718	1636126	7.18	0	44
ptg006810l_1	498692	2764131	5.54	0	20
ptg006810l_1_region	498692	2764131	5.54	0	20
ptg006811l_1	198551	1700991	8.57	0	22
ptg006811l_1_region	198551	1700991	8.57	0	22
ptg006812l_1	201077	1591991	7.92	0	31
ptg006812l_1_region	201077	1591991	7.92	0	31
ptg006816l_1	1135199	15903155	14.01	0	104
ptg006816l_1_region	1135199	15903155	14.01	0	104
ptg006818l_1	685621	9023414	13.16	0	68
ptg006818l_1_region	685621	9023414	13.16	0	68
ptg006819l_1	1393930	8748416	6.28	0	44
ptg006819l_1_region	1393930	8748416	6.28	0	44
ptg006820l_1	2613856	41902257	16.03	0	989
ptg006820l_1_region	2613856	41902257	16.03	0	989
ptg006822l_1	377191	4621213	12.25	0	91
ptg006822l_1_region	377191	4621213	12.25	0	91
ptg006823l_1	265646	2688417	10.12	0	50
ptg006823l_1_region	265646	2688417	10.12	0	50
ptg006824l_1	40496	136364	3.37	0	8
ptg006824l_1_region	40496	136364	3.37	0	8
ptg006827l_1	1068174	39941994	37.39	0	119
ptg006827l_1_region	1068174	39941994	37.39	0	119
ptg006828l_1	782236	5622974	7.19	0	36
ptg006828l_1_region	782236	5622974	7.19	0	36
ptg006829l_1	854075	19343668	22.65	0	66
ptg006829l_1_region	854075	19343668	22.65	0	66
ptg006831l_1	468292	5465980	11.67	0	46
ptg006831l_1_region	468292	5465980	11.67	0	46
ptg006832l_1	770874	6952914	9.02	0	89
ptg006832l_1_region	770874	6952914	9.02	0	89
ptg006833l_1	526780	4184645	7.94	0	29
ptg006833l_1_region	526780	4184645	7.94	0	29
ptg006834l_1	1358244	21280075	15.67	0	71
ptg006834l_1_region	1358244	21280075	15.67	0	71
ptg006837l_1	76509	265407	3.47	0	8
ptg006837l_1_region	76509	265407	3.47	0	8
ptg006838l_1	382264	2235932	5.85	0	25
ptg006838l_1_region	382264	2235932	5.85	0	25
ptg006841l_1	306333	3299241	10.77	0	44
ptg006841l_1_region	306333	3299241	10.77	0	44
ptg006842l_1	83265	425431	5.11	0	13
ptg006842l_1_region	83265	425431	5.11	0	13
ptg006843l_1	124147	590033	4.75	0	19
ptg006843l_1_region	124147	590033	4.75	0	19
ptg006844l_1	314861	2207704	7.01	0	18
ptg006844l_1_region	314861	2207704	7.01	0	18
ptg006845l_1	190213	964451	5.07	0	19
ptg006845l_1_region	190213	964451	5.07	0	19
ptg006846l_1	126536	824645	6.52	0	24
ptg006846l_1_region	126536	824645	6.52	0	24
ptg006847l_1	187403	1380720	7.37	0	55
ptg006847l_1_region	187403	1380720	7.37	0	55
ptg006848l_1	26734	42254	1.58	0	5
ptg006848l_1_region	26734	42254	1.58	0	5
ptg006849l_1	117841	563823	4.78	0	13
ptg006849l_1_region	117841	563823	4.78	0	13
ptg006850l_1	81684	663300	8.12	0	20
ptg006850l_1_region	81684	663300	8.12	0	20
ptg006851l_1	97128	791986	8.15	0	233
ptg006851l_1_region	97128	791986	8.15	0	233
ptg006852l_1	315285	2475418	7.85	0	531
ptg006852l_1_region	315285	2475418	7.85	0	531
ptg006854l_1	106585	467354	4.38	0	9
ptg006854l_1_region	106585	467354	4.38	0	9
ptg006857l_1	92087	311486	3.38	0	13
ptg006857l_1_region	92087	311486	3.38	0	13
ptg006859l_1	867396	7940498	9.15	0	40
ptg006859l_1_region	867396	7940498	9.15	0	40
ptg006866l_1	12345	50401	4.08	0	8
ptg006866l_1_region	12345	50401	4.08	0	8
ptg006867l_1	332181	1809634	5.45	0	17
ptg006867l_1_region	332181	1809634	5.45	0	17
ptg006868l_1	57255	701302	12.25	0	38
ptg006868l_1_region	57255	701302	12.25	0	38
ptg006875l_1	41726	342520	8.21	0	14
ptg006875l_1_region	41726	342520	8.21	0	14
ptg006878l_1	416857	3382617	8.11	0	32
ptg006878l_1_region	416857	3382617	8.11	0	32
ptg006880l_1	535786	4477222	8.36	0	88
ptg006880l_1_region	535786	4477222	8.36	0	88
ptg006881l_1	466390	2825896	6.06	0	19
ptg006881l_1_region	466390	2825896	6.06	0	19
ptg006887l_1	513331	3927237	7.65	0	29
ptg006887l_1_region	513331	3927237	7.65	0	29
ptg006890l_1	184848	992443	5.37	0	89
ptg006890l_1_region	184848	992443	5.37	0	89
ptg006891l_1	201682	1115940	5.53	0	15
ptg006891l_1_region	201682	1115940	5.53	0	15
ptg006894l_1	13450	63790	4.74	0	9
ptg006894l_1_region	13450	63790	4.74	0	9
ptg006897l_1	304114	86766	0.29	0	4
ptg006897l_1_region	304114	86766	0.29	0	4
ptg006903l_1	91924	611723	6.65	0	33
ptg006903l_1_region	91924	611723	6.65	0	33
ptg006910l_1	255301	2687003	10.52	0	30
ptg006910l_1_region	255301	2687003	10.52	0	30
ptg006911l_1	248472	3514871	14.15	0	83
ptg006911l_1_region	248472	3514871	14.15	0	83
ptg006913l_1	13979	20114	1.44	0	4
ptg006913l_1_region	13979	20114	1.44	0	4
ptg006914l_1	162793	1416369	8.70	0	23
ptg006914l_1_region	162793	1416369	8.70	0	23
ptg006916l_1	132464	315973	2.39	0	33
ptg006916l_1_region	132464	315973	2.39	0	33
ptg006917l_1	361597	5043186	13.95	0	53
ptg006917l_1_region	361597	5043186	13.95	0	53
ptg006919l_1	511246	3475749	6.80	0	23
ptg006919l_1_region	511246	3475749	6.80	0	23
ptg006920l_1	422600	3060541	7.24	0	31
ptg006920l_1_region	422600	3060541	7.24	0	31
ptg006926l_1	60892	202491	3.33	0	12
ptg006926l_1_region	60892	202491	3.33	0	12
ptg006927l_1	404727	3149345	7.78	0	21
ptg006927l_1_region	404727	3149345	7.78	0	21
ptg006928l_1	398397	2124852	5.33	0	76
ptg006928l_1_region	398397	2124852	5.33	0	76
ptg006929l_1	233137	1342865	5.76	0	21
ptg006929l_1_region	233137	1342865	5.76	0	21
ptg006931l_1	150117	1424890	9.49	0	31
ptg006931l_1_region	150117	1424890	9.49	0	31
ptg006932l_1	17878	228442	12.78	0	23
ptg006932l_1_region	17878	228442	12.78	0	23
ptg006933l_1	36069	105524	2.93	0	11
ptg006933l_1_region	36069	105524	2.93	0	11
ptg006935l_1	523266	2593816	4.96	0	31
ptg006935l_1_region	523266	2593816	4.96	0	31
ptg006938l_1	141383	434714	3.07	0	11
ptg006938l_1_region	141383	434714	3.07	0	11
ptg006942l_1	248203	933349	3.76	0	42
ptg006942l_1_region	248203	933349	3.76	0	42
ptg006945l_1	18937	139092	7.34	0	34
ptg006945l_1_region	18937	139092	7.34	0	34
ptg006946l_1	41890	77462	1.85	0	9
ptg006946l_1_region	41890	77462	1.85	0	9
ptg006951l_1	35210	445418	12.65	0	29
ptg006951l_1_region	35210	445418	12.65	0	29
ptg006953l_1	116650	754166	6.47	0	24
ptg006953l_1_region	116650	754166	6.47	0	24
ptg006954l_1	102972	413028	4.01	0	10
ptg006954l_1_region	102972	413028	4.01	0	10
ptg006957l_1	14218	14965	1.05	0	3
ptg006957l_1_region	14218	14965	1.05	0	3
ptg006958l_1	140064	375337	2.68	0	13
ptg006958l_1_region	140064	375337	2.68	0	13
ptg006959l_1	122187	326780	2.67	0	17
ptg006959l_1_region	122187	326780	2.67	0	17
ptg006960l_1	93622	2345331	25.05	0	81
ptg006960l_1_region	93622	2345331	25.05	0	81
ptg006961l_1	62117	93930	1.51	0	9
ptg006961l_1_region	62117	93930	1.51	0	9
ptg006963l_1	45924	180366	3.93	0	7
ptg006963l_1_region	45924	180366	3.93	0	7
ptg006965l_1	64327	34618	0.54	0	3
ptg006965l_1_region	64327	34618	0.54	0	3
ptg006966l_1	106984	506200	4.73	0	12
ptg006966l_1_region	106984	506200	4.73	0	12
ptg006967l_1	21189	14261	0.67	0	3
ptg006967l_1_region	21189	14261	0.67	0	3
ptg006968l_1	334253	2842690	8.50	0	58
ptg006968l_1_region	334253	2842690	8.50	0	58
ptg006969l_1	73983	431402	5.83	0	11
ptg006969l_1_region	73983	431402	5.83	0	11
ptg006973l_1	43743	185509	4.24	0	11
ptg006973l_1_region	43743	185509	4.24	0	11
ptg006976l_1	98192	914944	9.32	0	25
ptg006976l_1_region	98192	914944	9.32	0	25
ptg006977l_1	82403	240057	2.91	0	12
ptg006977l_1_region	82403	240057	2.91	0	12
ptg006978l_1	192728	942948	4.89	0	26
ptg006978l_1_region	192728	942948	4.89	0	26
ptg006979l_1	127076	410363	3.23	0	19
ptg006979l_1_region	127076	410363	3.23	0	19
ptg006980l_1	50492	760155	15.05	0	39
ptg006980l_1_region	50492	760155	15.05	0	39
ptg006981l_1	12952	7040	0.54	0	1
ptg006981l_1_region	12952	7040	0.54	0	1
ptg006982l_1	91475	682014	7.46	0	24
ptg006982l_1_region	91475	682014	7.46	0	24
ptg006983l_1	75310	418577	5.56	0	18
ptg006983l_1_region	75310	418577	5.56	0	18
ptg006984l_1	52698	340719	6.47	0	22
ptg006984l_1_region	52698	340719	6.47	0	22
ptg006985l_1	37444	200418	5.35	0	14
ptg006985l_1_region	37444	200418	5.35	0	14
ptg006987l_1	26596	17476	0.66	0	3
ptg006987l_1_region	26596	17476	0.66	0	3
ptg006989l_1	164763	1102632	6.69	0	31
ptg006989l_1_region	164763	1102632	6.69	0	31
ptg006990l_1	15925	40588	2.55	0	6
ptg006990l_1_region	15925	40588	2.55	0	6
ptg006991l_1	13526	229496	16.97	2	32
ptg006991l_1_region	13526	229496	16.97	2	32
ptg006992l_1	75922	426370	5.62	0	13
ptg006992l_1_region	75922	426370	5.62	0	13
ptg006993l_1	312834	1776060	5.68	0	60
ptg006993l_1_region	312834	1776060	5.68	0	60
ptg006994l_1	1013111	5316760	5.25	0	50
ptg006994l_1_region	1013111	5316760	5.25	0	50
ptg006995l_1	487703	5525538	11.33	0	78
ptg006995l_1_region	487703	5525538	11.33	0	78
ptg006996l_1	178835	694059	3.88	0	18
ptg006996l_1_region	178835	694059	3.88	0	18
ptg006997l_1	444323	3316484	7.46	0	44
ptg006997l_1_region	444323	3316484	7.46	0	44
ptg007001l_1	138837	538240	3.88	0	35
ptg007001l_1_region	138837	538240	3.88	0	35
ptg007002l_1	134724	1377235	10.22	0	37
ptg007002l_1_region	134724	1377235	10.22	0	37
ptg007003l_1	354691	1666593	4.70	0	180
ptg007003l_1_region	354691	1666593	4.70	0	180
ptg007005l_1	97600	828100	8.48	0	23
ptg007005l_1_region	97600	828100	8.48	0	23
ptg007010l_1	270094	1777425	6.58	0	29
ptg007010l_1_region	270094	1777425	6.58	0	29
ptg007013l_1	428241	4169721	9.74	0	21
ptg007013l_1_region	428241	4169721	9.74	0	21
ptg007016l_1	1957996	60839707	31.07	0	204
ptg007016l_1_region	1957996	60839707	31.07	0	204
ptg007017l_1	373008	8309953	22.28	0	96
ptg007017l_1_region	373008	8309953	22.28	0	96
ptg007018l_1	162243	1556784	9.60	0	27
ptg007018l_1_region	162243	1556784	9.60	0	27
ptg007019l_1	1734167	24604155	14.19	0	76
ptg007019l_1_region	1734167	24604155	14.19	0	76
ptg007021l_1	589336	9694252	16.45	0	55
ptg007021l_1_region	589336	9694252	16.45	0	55
ptg007022l_1	851101	36931856	43.39	0	192
ptg007022l_1_region	851101	36931856	43.39	0	192
ptg007024l_1	156800	176322	1.12	0	8
ptg007024l_1_region	156800	176322	1.12	0	8
ptg007025l_1	92779	409464	4.41	0	34
ptg007025l_1_region	92779	409464	4.41	0	34
ptg007026l_1	20649	1780240	86.21	3	187
ptg007026l_1_region	20649	1780240	86.21	3	187
ptg007030l_1	27525	193730	7.04	0	13
ptg007030l_1_region	27525	193730	7.04	0	13
ptg007031l_1	199371	2640298	13.24	0	84
ptg007031l_1_region	199371	2640298	13.24	0	84
ptg007033l_1	206973	1221638	5.90	0	15
ptg007033l_1_region	206973	1221638	5.90	0	15
ptg007034l_1	585364	4878946	8.33	0	38
ptg007034l_1_region	585364	4878946	8.33	0	38
ptg007038l_1	373455	2819122	7.55	0	24
ptg007038l_1_region	373455	2819122	7.55	0	24
ptg007039l_1	402339	4267470	10.61	0	24
ptg007039l_1_region	402339	4267470	10.61	0	24
ptg007040l_1	358997	3650951	10.17	0	27
ptg007040l_1_region	358997	3650951	10.17	0	27
ptg007042l_1	200700	1068099	5.32	0	25
ptg007042l_1_region	200700	1068099	5.32	0	25
ptg007045l_1	1545671	23490201	15.20	0	74
ptg007045l_1_region	1545671	23490201	15.20	0	74
ptg007046l_1	241210	2510743	10.41	0	110
ptg007046l_1_region	241210	2510743	10.41	0	110
ptg007047l_1	312826	1518536	4.85	0	17
ptg007047l_1_region	312826	1518536	4.85	0	17
ptg007048l_1	110358	877023	7.95	0	20
ptg007048l_1_region	110358	877023	7.95	0	20
ptg007051l_1	590924	12872737	21.78	0	152
ptg007051l_1_region	590924	12872737	21.78	0	152
ptg007057l_1	231518	11246409	48.58	0	233
ptg007057l_1_region	231518	11246409	48.58	0	233
ptg007065l_1	11525	12090	1.05	0	3
ptg007065l_1_region	11525	12090	1.05	0	3
ptg007068l_1	148368	4720059	31.81	0	340
ptg007068l_1_region	148368	4720059	31.81	0	340
ptg007069l_1	85507	498377	5.83	0	18
ptg007069l_1_region	85507	498377	5.83	0	18
ptg007071l_1	212591	1460959	6.87	0	18
ptg007071l_1_region	212591	1460959	6.87	0	18
ptg007075l_1	1371231	15541132	11.33	0	49
ptg007075l_1_region	1371231	15541132	11.33	0	49
ptg007077l_1	319682	2290800	7.17	0	28
ptg007077l_1_region	319682	2290800	7.17	0	28
ptg007078l_1	415387	3085738	7.43	0	34
ptg007078l_1_region	415387	3085738	7.43	0	34
ptg007082l_1	267230	1481332	5.54	0	25
ptg007082l_1_region	267230	1481332	5.54	0	25
ptg007085l_1	484879	3122059	6.44	0	20
ptg007085l_1_region	484879	3122059	6.44	0	20
ptg007090l_1	254035	1376079	5.42	0	17
ptg007090l_1_region	254035	1376079	5.42	0	17
ptg007096l_1	170167	2217101	13.03	0	98
ptg007096l_1_region	170167	2217101	13.03	0	98
ptg007097l_1	321350	2927769	9.11	0	76
ptg007097l_1_region	321350	2927769	9.11	0	76
ptg007099l_1	172301	1688263	9.80	1	26
ptg007099l_1_region	172301	1688263	9.80	1	26
ptg007100l_1	401231	3668989	9.14	0	31
ptg007100l_1_region	401231	3668989	9.14	0	31
ptg007104l_1	184501	1359509	7.37	0	17
ptg007104l_1_region	184501	1359509	7.37	0	17
ptg007105l_1	82606	240191	2.91	0	6
ptg007105l_1_region	82606	240191	2.91	0	6
ptg007106l_1	270081	1643816	6.09	0	16
ptg007106l_1_region	270081	1643816	6.09	0	16
ptg007107l_1	163285	1230746	7.54	0	54
ptg007107l_1_region	163285	1230746	7.54	0	54
ptg007108l_1	90297	3942	0.04	0	1
ptg007108l_1_region	90297	3942	0.04	0	1
ptg007111l_1	191829	1219094	6.36	0	17
ptg007111l_1_region	191829	1219094	6.36	0	17
ptg007120l_1	869754	4974753	5.72	0	31
ptg007120l_1_region	869754	4974753	5.72	0	31
ptg007125l_1	36791	280631	7.63	0	14
ptg007125l_1_region	36791	280631	7.63	0	14
ptg007129l_1	267440	2283908	8.54	0	30
ptg007129l_1_region	267440	2283908	8.54	0	30
ptg007130l_1	14596	26581	1.82	0	4
ptg007130l_1_region	14596	26581	1.82	0	4
ptg007131l_1	441921	2195207	4.97	0	53
ptg007131l_1_region	441921	2195207	4.97	0	53
ptg007132l_1	89833	36367	0.40	0	6
ptg007132l_1_region	89833	36367	0.40	0	6
ptg007137l_1	204379	690465	3.38	0	15
ptg007137l_1_region	204379	690465	3.38	0	15
ptg007139l_1	68375	614612	8.99	0	24
ptg007139l_1_region	68375	614612	8.99	0	24
ptg007142l_1	36346	82438	2.27	0	20
ptg007142l_1_region	36346	82438	2.27	0	20
ptg007145l_1	44028	516898	11.74	0	27
ptg007145l_1_region	44028	516898	11.74	0	27
ptg007147l_1	117693	1189137	10.10	0	39
ptg007147l_1_region	117693	1189137	10.10	0	39
ptg007150l_1	72064	510126	7.08	0	14
ptg007150l_1_region	72064	510126	7.08	0	14
ptg007151l_1	79676	59764	0.75	0	3
ptg007151l_1_region	79676	59764	0.75	0	3
ptg007152l_1	314326	2752048	8.76	0	28
ptg007152l_1_region	314326	2752048	8.76	0	28
ptg007153l_1	67201	810339	12.06	0	37
ptg007153l_1_region	67201	810339	12.06	0	37
ptg007155l_1	30328	172821	5.70	0	14
ptg007155l_1_region	30328	172821	5.70	0	14
ptg007156l_1	50066	117471	2.35	0	8
ptg007156l_1_region	50066	117471	2.35	0	8
ptg007159l_1	138755	649699	4.68	0	20
ptg007159l_1_region	138755	649699	4.68	0	20
ptg007161l_1	141255	258759	1.83	0	11
ptg007161l_1_region	141255	258759	1.83	0	11
ptg007162l_1	78360	2711919	34.61	0	85
ptg007162l_1_region	78360	2711919	34.61	0	85
ptg007164l_1	85619	423924	4.95	0	15
ptg007164l_1_region	85619	423924	4.95	0	15
ptg007167l_1	30476	278230	9.13	1	17
ptg007167l_1_region	30476	278230	9.13	1	17
ptg007168l_1	28076	5013	0.18	0	1
ptg007168l_1_region	28076	5013	0.18	0	1
ptg007169l_1	35776	224022	6.26	0	15
ptg007169l_1_region	35776	224022	6.26	0	15
ptg007170l_1	66776	7557	0.11	0	1
ptg007170l_1_region	66776	7557	0.11	0	1
ptg007171l_1	228062	333548	1.46	0	13
ptg007171l_1_region	228062	333548	1.46	0	13
ptg007172l_1	81782	1577715	19.29	0	44
ptg007172l_1_region	81782	1577715	19.29	0	44
ptg007173l_1	52431	75780	1.45	0	23
ptg007173l_1_region	52431	75780	1.45	0	23
ptg007174l_1	162560	2448722	15.06	0	67
ptg007174l_1_region	162560	2448722	15.06	0	67
ptg007180l_1	417515	4223660	10.12	0	29
ptg007180l_1_region	417515	4223660	10.12	0	29
ptg007184l_1	501716	3450462	6.88	0	38
ptg007184l_1_region	501716	3450462	6.88	0	38
ptg007185l_1	123710	1590543	12.86	0	45
ptg007185l_1_region	123710	1590543	12.86	0	45
ptg007186l_1	19353	196100	10.13	0	18
ptg007186l_1_region	19353	196100	10.13	0	18
ptg007187l_1	547784	6035254	11.02	0	95
ptg007187l_1_region	547784	6035254	11.02	0	95
ptg007188l_1	686211	4589737	6.69	0	19
ptg007188l_1_region	686211	4589737	6.69	0	19
ptg007192l_1	206183	1185577	5.75	0	18
ptg007192l_1_region	206183	1185577	5.75	0	18
ptg007194l_1	177761	1031433	5.80	0	15
ptg007194l_1_region	177761	1031433	5.80	0	15
ptg007195l_1	25428	214548	8.44	0	25
ptg007195l_1_region	25428	214548	8.44	0	25
ptg007198l_1	770518	6442323	8.36	0	64
ptg007198l_1_region	770518	6442323	8.36	0	64
ptg007201l_1	23191	53204	2.29	0	6
ptg007201l_1_region	23191	53204	2.29	0	6
ptg007202l_1	88505	515732	5.83	0	20
ptg007202l_1_region	88505	515732	5.83	0	20
ptg007204l_1	828700	5665119	6.84	0	41
ptg007204l_1_region	828700	5665119	6.84	0	41
ptg007205l_1	194262	826796	4.26	0	14
ptg007205l_1_region	194262	826796	4.26	0	14
ptg007206l_1	200884	1483233	7.38	0	25
ptg007206l_1_region	200884	1483233	7.38	0	25
ptg007207l_1	295939	2133483	7.21	0	53
ptg007207l_1_region	295939	2133483	7.21	0	53
ptg007210l_1	172805	1280276	7.41	0	18
ptg007210l_1_region	172805	1280276	7.41	0	18
ptg007212l_1	71307	816019	11.44	0	25
ptg007212l_1_region	71307	816019	11.44	0	25
ptg007215l_1	345370	3284995	9.51	0	47
ptg007215l_1_region	345370	3284995	9.51	0	47
ptg007219l_1	114890	4379840	38.12	0	112
ptg007219l_1_region	114890	4379840	38.12	0	112
ptg007220l_1	3179358	21200459	6.67	0	87
ptg007220l_1_region	3179358	21200459	6.67	0	87
ptg007221l_1	578176	4464192	7.72	0	35
ptg007221l_1_region	578176	4464192	7.72	0	35
ptg007222l_1	289050	2522757	8.73	0	29
ptg007222l_1_region	289050	2522757	8.73	0	29
ptg007224l_1	368736	3027573	8.21	0	24
ptg007224l_1_region	368736	3027573	8.21	0	24
ptg007230l_1	26726	78002	2.92	0	9
ptg007230l_1_region	26726	78002	2.92	0	9
ptg007237l_1	374184	2408841	6.44	0	237
ptg007237l_1_region	374184	2408841	6.44	0	237
ptg007249l_1	611992	5129395	8.38	0	22
ptg007249l_1_region	611992	5129395	8.38	0	22
ptg007252l_1	315406	3644902	11.56	0	118
ptg007252l_1_region	315406	3644902	11.56	0	118
ptg007256l_1	260605	3559192	13.66	0	75
ptg007256l_1_region	260605	3559192	13.66	0	75
ptg007257l_1	317352	4885590	15.39	0	79
ptg007257l_1_region	317352	4885590	15.39	0	79
ptg007258l_1	353395	3599338	10.19	0	74
ptg007258l_1_region	353395	3599338	10.19	0	74
ptg007260l_1	479927	2015380	4.20	0	27
ptg007260l_1_region	479927	2015380	4.20	0	27
ptg007261l_1	111456	852942	7.65	0	21
ptg007261l_1_region	111456	852942	7.65	0	21
ptg007262l_1	385375	3788573	9.83	0	30
ptg007262l_1_region	385375	3788573	9.83	0	30
ptg007265l_1	487335	3808092	7.81	0	24
ptg007265l_1_region	487335	3808092	7.81	0	24
ptg007266l_1	482367	3233647	6.70	0	30
ptg007266l_1_region	482367	3233647	6.70	0	30
ptg007268l_1	138596	586998	4.24	0	11
ptg007268l_1_region	138596	586998	4.24	0	11
ptg007269l_1	96313	597706	6.21	0	14
ptg007269l_1_region	96313	597706	6.21	0	14
ptg007270l_1	341863	2554591	7.47	0	19
ptg007270l_1_region	341863	2554591	7.47	0	19
ptg007274l_1	83446	451081	5.41	0	11
ptg007274l_1_region	83446	451081	5.41	0	11
ptg007275l_1	82149	475933	5.79	0	21
ptg007275l_1_region	82149	475933	5.79	0	21
ptg007276l_1	29094	193971	6.67	0	12
ptg007276l_1_region	29094	193971	6.67	0	12
ptg007278l_1	133360	855706	6.42	0	27
ptg007278l_1_region	133360	855706	6.42	0	27
ptg007279l_1	243560	1835551	7.54	0	67
ptg007279l_1_region	243560	1835551	7.54	0	67
ptg007280l_1	62706	208965	3.33	0	10
ptg007280l_1_region	62706	208965	3.33	0	10
ptg007282l_1	311803	1811142	5.81	0	18
ptg007282l_1_region	311803	1811142	5.81	0	18
ptg007283l_1	122602	965962	7.88	0	25
ptg007283l_1_region	122602	965962	7.88	0	25
ptg007285l_1	130184	569131	4.37	0	13
ptg007285l_1_region	130184	569131	4.37	0	13
ptg007286l_1	58728	395813	6.74	0	14
ptg007286l_1_region	58728	395813	6.74	0	14
ptg007287l_1	32240	104767	3.25	0	7
ptg007287l_1_region	32240	104767	3.25	0	7
ptg007291l_1	193093	697204	3.61	0	24
ptg007291l_1_region	193093	697204	3.61	0	24
ptg007292l_1	138689	1074378	7.75	0	33
ptg007292l_1_region	138689	1074378	7.75	0	33
ptg007297l_1	214914	934480	4.35	0	14
ptg007297l_1_region	214914	934480	4.35	0	14
ptg007298l_1	34053	589382	17.31	0	46
ptg007298l_1_region	34053	589382	17.31	0	46
ptg007303l_1	160011	836433	5.23	0	23
ptg007303l_1_region	160011	836433	5.23	0	23
ptg007305l_1	93053	628179	6.75	0	17
ptg007305l_1_region	93053	628179	6.75	0	17
ptg007306l_1	198325	2134570	10.76	0	216
ptg007306l_1_region	198325	2134570	10.76	0	216
ptg007308l_1	266811	2688910	10.08	0	170
ptg007308l_1_region	266811	2688910	10.08	0	170
ptg007311l_1	65902	558853	8.48	0	32
ptg007311l_1_region	65902	558853	8.48	0	32
ptg007312l_1	693673	5660689	8.16	0	62
ptg007312l_1_region	693673	5660689	8.16	0	62
ptg007313l_1	121395	772670	6.36	0	38
ptg007313l_1_region	121395	772670	6.36	0	38
ptg007314l_1	448969	3248547	7.24	0	22
ptg007314l_1_region	448969	3248547	7.24	0	22
ptg007315l_1	195251	1279881	6.56	0	19
ptg007315l_1_region	195251	1279881	6.56	0	19
ptg007322l_1	74787	325566	4.35	0	15
ptg007322l_1_region	74787	325566	4.35	0	15
ptg007324l_1	215898	1034841	4.79	0	26
ptg007324l_1_region	215898	1034841	4.79	0	26
ptg007327l_1	321548	1635456	5.09	0	17
ptg007327l_1_region	321548	1635456	5.09	0	17
ptg007328l_1	377541	3213128	8.51	0	35
ptg007328l_1_region	377541	3213128	8.51	0	35
ptg007330l_1	165991	964827	5.81	0	21
ptg007330l_1_region	165991	964827	5.81	0	21
ptg007334l_1	165505	782530	4.73	0	13
ptg007334l_1_region	165505	782530	4.73	0	13
ptg007337l_1	150874	978481	6.49	0	20
ptg007337l_1_region	150874	978481	6.49	0	20
ptg007339l_1	73873	254312	3.44	0	10
ptg007339l_1_region	73873	254312	3.44	0	10
ptg007340l_1	389404	2766503	7.10	0	43
ptg007340l_1_region	389404	2766503	7.10	0	43
ptg007342l_1	84338	178928	2.12	0	10
ptg007342l_1_region	84338	178928	2.12	0	10
ptg007344l_1	447988	3943202	8.80	0	32
ptg007344l_1_region	447988	3943202	8.80	0	32
ptg007347l_1	98028	710353	7.25	0	57
ptg007347l_1_region	98028	710353	7.25	0	57
ptg007349l_1	111151	657325	5.91	0	39
ptg007349l_1_region	111151	657325	5.91	0	39
ptg007350l_1	110046	579680	5.27	0	15
ptg007350l_1_region	110046	579680	5.27	0	15
ptg007351l_1	285390	2579222	9.04	0	196
ptg007351l_1_region	285390	2579222	9.04	0	196
ptg007354l_1	52868	663395	12.55	0	24
ptg007354l_1_region	52868	663395	12.55	0	24
ptg007355l_1	156595	875937	5.59	0	16
ptg007355l_1_region	156595	875937	5.59	0	16
ptg007356l_1	129484	1862108	14.38	0	32
ptg007356l_1_region	129484	1862108	14.38	0	32
ptg007357l_1	103351	1785431	17.28	1	74
ptg007357l_1_region	103351	1785431	17.28	1	74
ptg007359l_1	312516	3553897	11.37	0	32
ptg007359l_1_region	312516	3553897	11.37	0	32
ptg007364l_1	151218	885491	5.86	0	25
ptg007364l_1_region	151218	885491	5.86	0	25
ptg007365l_1	324310	5172629	15.95	0	69
ptg007365l_1_region	324310	5172629	15.95	0	69
ptg007366l_1	44231	148591	3.36	0	12
ptg007366l_1_region	44231	148591	3.36	0	12
ptg007368l_1	170636	1504877	8.82	0	23
ptg007368l_1_region	170636	1504877	8.82	0	23
ptg007370l_1	211636	2010604	9.50	0	33
ptg007370l_1_region	211636	2010604	9.50	0	33
ptg007371l_1	144825	796412	5.50	0	15
ptg007371l_1_region	144825	796412	5.50	0	15
ptg007373l_1	768865	4686930	6.10	0	31
ptg007373l_1_region	768865	4686930	6.10	0	31
ptg007374l_1	164537	514036	3.12	0	12
ptg007374l_1_region	164537	514036	3.12	0	12
ptg007375l_1	86671	509229	5.88	0	13
ptg007375l_1_region	86671	509229	5.88	0	13
ptg007379l_1	256298	2658129	10.37	0	43
ptg007379l_1_region	256298	2658129	10.37	0	43
ptg007381l_1	239177	1696937	7.09	0	25
ptg007381l_1_region	239177	1696937	7.09	0	25
ptg007383l_1	29494	271968	9.22	0	23
ptg007383l_1_region	29494	271968	9.22	0	23
ptg007384l_1	179645	661324	3.68	0	12
ptg007384l_1_region	179645	661324	3.68	0	12
ptg007388l_1	260831	2608470	10.00	0	54
ptg007388l_1_region	260831	2608470	10.00	0	54
ptg007390l_1	613180	13476651	21.98	0	103
ptg007390l_1_region	613180	13476651	21.98	0	103
ptg007394l_1	211037	1010029	4.79	0	12
ptg007394l_1_region	211037	1010029	4.79	0	12
ptg007396l_1	30884	176637	5.72	0	9
ptg007396l_1_region	30884	176637	5.72	0	9
ptg007399l_1	120744	686202	5.68	0	18
ptg007399l_1_region	120744	686202	5.68	0	18
ptg007400l_1	576427	3863729	6.70	0	29
ptg007400l_1_region	576427	3863729	6.70	0	29
ptg007403l_1	105327	814776	7.74	0	58
ptg007403l_1_region	105327	814776	7.74	0	58
ptg007404l_1	185465	1058979	5.71	0	18
ptg007404l_1_region	185465	1058979	5.71	0	18
ptg007405l_1	435081	3148620	7.24	0	17
ptg007405l_1_region	435081	3148620	7.24	0	17
ptg007407l_1	361684	2865245	7.92	0	25
ptg007407l_1_region	361684	2865245	7.92	0	25
ptg007410l_1	117282	759484	6.48	0	60
ptg007410l_1_region	117282	759484	6.48	0	60
ptg007411l_1	339346	2458973	7.25	0	29
ptg007411l_1_region	339346	2458973	7.25	0	29
ptg007413l_1	563767	5165604	9.16	0	55
ptg007413l_1_region	563767	5165604	9.16	0	55
ptg007416l_1	189913	54874	0.29	0	6
ptg007416l_1_region	189913	54874	0.29	0	6
ptg007418l_1	53458	375612	7.03	0	18
ptg007418l_1_region	53458	375612	7.03	0	18
ptg007420l_1	73002	577170	7.91	0	20
ptg007420l_1_region	73002	577170	7.91	0	20
ptg007422l_1	90100	436006	4.84	0	25
ptg007422l_1_region	90100	436006	4.84	0	25
ptg007428l_1	248901	1930495	7.76	0	29
ptg007428l_1_region	248901	1930495	7.76	0	29
ptg007430l_1	24316	90093	3.71	0	11
ptg007430l_1_region	24316	90093	3.71	0	11
ptg007433l_1	364304	998141	2.74	0	35
ptg007433l_1_region	364304	998141	2.74	0	35
ptg007434l_1	218923	610964	2.79	0	9
ptg007434l_1_region	218923	610964	2.79	0	9
ptg007437l_1	32976	189518	5.75	0	14
ptg007437l_1_region	32976	189518	5.75	0	14
ptg007438l_1	175521	660478	3.76	0	27
ptg007438l_1_region	175521	660478	3.76	0	27
ptg007439l_1	280748	1800054	6.41	0	106
ptg007439l_1_region	280748	1800054	6.41	0	106
ptg007445l_1	70172	532235	7.58	0	13
ptg007445l_1_region	70172	532235	7.58	0	13
ptg007446l_1	479313	1877018	3.92	0	31
ptg007446l_1_region	479313	1877018	3.92	0	31
ptg007447l_1	511479	3392803	6.63	0	41
ptg007447l_1_region	511479	3392803	6.63	0	41
ptg007451l_1	13874	58787	4.24	0	15
ptg007451l_1_region	13874	58787	4.24	0	15
ptg007456l_1	34858	162191	4.65	0	10
ptg007456l_1_region	34858	162191	4.65	0	10
ptg007463l_1	213839	1389372	6.50	0	20
ptg007463l_1_region	213839	1389372	6.50	0	20
ptg007464l_1	182141	1173815	6.44	0	15
ptg007464l_1_region	182141	1173815	6.44	0	15
ptg007467l_1	98057	619129	6.31	0	22
ptg007467l_1_region	98057	619129	6.31	0	22
ptg007468l_1	234389	4643178	19.81	0	201
ptg007468l_1_region	234389	4643178	19.81	0	201
ptg007469l_1	387922	3283078	8.46	0	25
ptg007469l_1_region	387922	3283078	8.46	0	25
ptg007470l_1	427815	3210475	7.50	0	27
ptg007470l_1_region	427815	3210475	7.50	0	27
ptg007472l_1	152121	1009822	6.64	0	17
ptg007472l_1_region	152121	1009822	6.64	0	17
ptg007474l_1	18110	6963	0.38	0	1
ptg007474l_1_region	18110	6963	0.38	0	1
ptg007477l_1	392290	2460185	6.27	0	20
ptg007477l_1_region	392290	2460185	6.27	0	20
ptg007478l_1	125537	467693	3.73	0	9
ptg007478l_1_region	125537	467693	3.73	0	9
ptg007480l_1	1165968	9043155	7.76	0	60
ptg007480l_1_region	1165968	9043155	7.76	0	60
ptg007481l_1	272199	3427174	12.59	0	35
ptg007481l_1_region	272199	3427174	12.59	0	35
ptg007482l_1	168729	1032818	6.12	0	22
ptg007482l_1_region	168729	1032818	6.12	0	22
ptg007485l_1	273403	1619708	5.92	0	24
ptg007485l_1_region	273403	1619708	5.92	0	24
ptg007486l_1	169555	751125	4.43	0	13
ptg007486l_1_region	169555	751125	4.43	0	13
ptg007487l_1	430097	2593972	6.03	0	25
ptg007487l_1_region	430097	2593972	6.03	0	25
ptg007488l_1	96837	758937	7.84	0	16
ptg007488l_1_region	96837	758937	7.84	0	16
ptg007491l_1	163311	936934	5.74	0	15
ptg007491l_1_region	163311	936934	5.74	0	15
ptg007493l_1	594311	4300806	7.24	0	26
ptg007493l_1_region	594311	4300806	7.24	0	26
ptg007495l_1	118275	809623	6.85	0	15
ptg007495l_1_region	118275	809623	6.85	0	15
ptg007496l_1	260981	1785041	6.84	0	17
ptg007496l_1_region	260981	1785041	6.84	0	17
ptg007498l_1	213939	1759128	8.22	0	25
ptg007498l_1_region	213939	1759128	8.22	0	25
ptg007499l_1	283792	1844303	6.50	0	32
ptg007499l_1_region	283792	1844303	6.50	0	32
ptg007500l_1	288921	1802151	6.24	0	19
ptg007500l_1_region	288921	1802151	6.24	0	19
ptg007504l_1	83581	433119	5.18	0	19
ptg007504l_1_region	83581	433119	5.18	0	19
ptg007505l_1	514186	4463572	8.68	0	24
ptg007505l_1_region	514186	4463572	8.68	0	24
ptg007508l_1	122565	478241	3.90	0	23
ptg007508l_1_region	122565	478241	3.90	0	23
ptg007509l_1	17352	39802	2.29	0	5
ptg007509l_1_region	17352	39802	2.29	0	5
ptg007510l_1	233438	3126418	13.39	0	29
ptg007510l_1_region	233438	3126418	13.39	0	29
ptg007511l_1	10042	53859	5.36	0	8
ptg007511l_1_region	10042	53859	5.36	0	8
ptg007513l_1	138943	916851	6.60	0	15
ptg007513l_1_region	138943	916851	6.60	0	15
ptg007514l_1	784610	6688135	8.52	0	25
ptg007514l_1_region	784610	6688135	8.52	0	25
ptg007516l_1	518305	2931757	5.66	0	19
ptg007516l_1_region	518305	2931757	5.66	0	19
ptg007519l_1	120653	652604	5.41	0	13
ptg007519l_1_region	120653	652604	5.41	0	13
ptg007520l_1	343020	2551145	7.44	0	17
ptg007520l_1_region	343020	2551145	7.44	0	17
ptg007522l_1	84109	625792	7.44	0	15
ptg007522l_1_region	84109	625792	7.44	0	15
ptg007526l_1	13342	98947	7.42	0	21
ptg007526l_1_region	13342	98947	7.42	0	21
ptg007527l_1	157563	912418	5.79	0	16
ptg007527l_1_region	157563	912418	5.79	0	16
ptg007528l_1	144763	623909	4.31	0	12
ptg007528l_1_region	144763	623909	4.31	0	12
ptg007529l_1	362067	1942691	5.37	0	18
ptg007529l_1_region	362067	1942691	5.37	0	18
ptg007532l_1	268411	1482390	5.52	0	17
ptg007532l_1_region	268411	1482390	5.52	0	17
ptg007535l_1	499685	5466661	10.94	0	60
ptg007535l_1_region	499685	5466661	10.94	0	60
ptg007537l_1	99485	588039	5.91	0	16
ptg007537l_1_region	99485	588039	5.91	0	16
ptg007538l_1	135812	1055252	7.77	0	16
ptg007538l_1_region	135812	1055252	7.77	0	16
ptg007539l_1	336536	2228564	6.62	0	18
ptg007539l_1_region	336536	2228564	6.62	0	18
ptg007542l_1	71996	447828	6.22	0	32
ptg007542l_1_region	71996	447828	6.22	0	32
ptg007544l_1	61627	278514	4.52	0	21
ptg007544l_1_region	61627	278514	4.52	0	21
ptg007545l_1	258041	2269247	8.79	0	45
ptg007545l_1_region	258041	2269247	8.79	0	45
ptg007546l_1	137567	758351	5.51	0	19
ptg007546l_1_region	137567	758351	5.51	0	19
ptg007549l_1	68492	256286	3.74	0	8
ptg007549l_1_region	68492	256286	3.74	0	8
ptg007552l_1	745662	6073297	8.14	0	38
ptg007552l_1_region	745662	6073297	8.14	0	38
ptg007555l_1	420194	3410693	8.12	0	42
ptg007555l_1_region	420194	3410693	8.12	0	42
ptg007556l_1	349629	2621319	7.50	0	18
ptg007556l_1_region	349629	2621319	7.50	0	18
ptg007561l_1	49897	218013	4.37	0	12
ptg007561l_1_region	49897	218013	4.37	0	12
ptg007562l_1	43029	184536	4.29	0	12
ptg007562l_1_region	43029	184536	4.29	0	12
ptg007564l_1	783232	7146637	9.12	0	22
ptg007564l_1_region	783232	7146637	9.12	0	22
ptg007565l_1	86234	399366	4.63	0	14
ptg007565l_1_region	86234	399366	4.63	0	14
ptg007567l_1	195685	810431	4.14	0	17
ptg007567l_1_region	195685	810431	4.14	0	17
ptg007568l_1	270397	1669928	6.18	0	40
ptg007568l_1_region	270397	1669928	6.18	0	40
ptg007569l_1	108253	781735	7.22	0	30
ptg007569l_1_region	108253	781735	7.22	0	30
ptg007571l_1	344480	1786716	5.19	0	16
ptg007571l_1_region	344480	1786716	5.19	0	16
ptg007572l_1	276020	1883220	6.82	0	67
ptg007572l_1_region	276020	1883220	6.82	0	67
ptg007575l_1	383279	3192092	8.33	0	28
ptg007575l_1_region	383279	3192092	8.33	0	28
ptg007576l_1	225780	1603533	7.10	0	41
ptg007576l_1_region	225780	1603533	7.10	0	41
ptg007579l_1	14073	32180	2.29	0	14
ptg007579l_1_region	14073	32180	2.29	0	14
ptg007581l_1	204465	4272693	20.90	0	184
ptg007581l_1_region	204465	4272693	20.90	0	184
ptg007582l_1	91398	461581	5.05	0	15
ptg007582l_1_region	91398	461581	5.05	0	15
ptg007583l_1	59827	164861	2.76	0	11
ptg007583l_1_region	59827	164861	2.76	0	11
ptg007590l_1	45103	112779	2.50	0	16
ptg007590l_1_region	45103	112779	2.50	0	16
ptg007591l_1	284611	2211350	7.77	0	20
ptg007591l_1_region	284611	2211350	7.77	0	20
ptg007592l_1	183492	3525267	19.21	0	55
ptg007592l_1_region	183492	3525267	19.21	0	55
ptg007593l_1	27166	56713	2.09	0	9
ptg007593l_1_region	27166	56713	2.09	0	9
ptg007597l_1	415016	2581515	6.22	0	16
ptg007597l_1_region	415016	2581515	6.22	0	16
ptg007598l_1	232203	2158001	9.29	0	25
ptg007598l_1_region	232203	2158001	9.29	0	25
ptg007604l_1	467268	3064280	6.56	0	17
ptg007604l_1_region	467268	3064280	6.56	0	17
ptg007605l_1	187664	1155172	6.16	0	15
ptg007605l_1_region	187664	1155172	6.16	0	15
ptg007607l_1	268466	2315296	8.62	0	20
ptg007607l_1_region	268466	2315296	8.62	0	20
ptg007608l_1	65645	430475	6.56	0	14
ptg007608l_1_region	65645	430475	6.56	0	14
ptg007613l_1	332953	2516623	7.56	0	18
ptg007613l_1_region	332953	2516623	7.56	0	18
ptg007614l_1	88465	639292	7.23	0	18
ptg007614l_1_region	88465	639292	7.23	0	18
ptg007616l_1	115790	404863	3.50	0	12
ptg007616l_1_region	115790	404863	3.50	0	12
ptg007619l_1	262449	1520311	5.79	0	40
ptg007619l_1_region	262449	1520311	5.79	0	40
ptg007623l_1	176166	1150551	6.53	0	22
ptg007623l_1_region	176166	1150551	6.53	0	22
ptg007626l_1	205567	1381348	6.72	0	28
ptg007626l_1_region	205567	1381348	6.72	0	28
ptg007628l_1	90086	517916	5.75	0	21
ptg007628l_1_region	90086	517916	5.75	0	21
ptg007629l_1	172537	1023375	5.93	0	15
ptg007629l_1_region	172537	1023375	5.93	0	15
ptg007630l_1	120965	691542	5.72	0	41
ptg007630l_1_region	120965	691542	5.72	0	41
ptg007632l_1	36566	314999	8.61	0	18
ptg007632l_1_region	36566	314999	8.61	0	18
ptg007634l_1	110711	1250232	11.29	0	28
ptg007634l_1_region	110711	1250232	11.29	0	28
ptg007638l_1	337716	3477739	10.30	0	26
ptg007638l_1_region	337716	3477739	10.30	0	26
ptg007640l_1	55956	272374	4.87	0	11
ptg007640l_1_region	55956	272374	4.87	0	11
ptg007642l_1	811615	6411596	7.90	0	100
ptg007642l_1_region	811615	6411596	7.90	0	100
ptg007644l_1	230304	1079123	4.69	0	16
ptg007644l_1_region	230304	1079123	4.69	0	16
ptg007645l_1	79221	68397	0.86	0	6
ptg007645l_1_region	79221	68397	0.86	0	6
ptg007646l_1	136241	1181852	8.67	0	28
ptg007646l_1_region	136241	1181852	8.67	0	28
ptg007648l_1	215522	1968929	9.14	0	65
ptg007648l_1_region	215522	1968929	9.14	0	65
ptg007649l_1	130711	1067225	8.16	0	22
ptg007649l_1_region	130711	1067225	8.16	0	22
ptg007650l_1	626341	4495374	7.18	0	33
ptg007650l_1_region	626341	4495374	7.18	0	33
ptg007653l_1	72016	318911	4.43	0	10
ptg007653l_1_region	72016	318911	4.43	0	10
ptg007655l_1	177094	1129010	6.38	0	23
ptg007655l_1_region	177094	1129010	6.38	0	23
ptg007657l_1	264383	768643	2.91	0	14
ptg007657l_1_region	264383	768643	2.91	0	14
ptg007658l_1	158481	817596	5.16	0	14
ptg007658l_1_region	158481	817596	5.16	0	14
ptg007659l_1	276792	1296925	4.69	0	18
ptg007659l_1_region	276792	1296925	4.69	0	18
ptg007662l_1	79368	533658	6.72	0	19
ptg007662l_1_region	79368	533658	6.72	0	19
ptg007665l_1	235273	1601118	6.81	0	19
ptg007665l_1_region	235273	1601118	6.81	0	19
ptg007667l_1	275905	1272454	4.61	0	14
ptg007667l_1_region	275905	1272454	4.61	0	14
ptg007671l_1	367261	2874619	7.83	0	26
ptg007671l_1_region	367261	2874619	7.83	0	26
ptg007678l_1	186092	1447991	7.78	0	27
ptg007678l_1_region	186092	1447991	7.78	0	27
ptg007680l_1	202367	1182645	5.84	0	64
ptg007680l_1_region	202367	1182645	5.84	0	64
ptg007681l_1	114138	851151	7.46	0	21
ptg007681l_1_region	114138	851151	7.46	0	21
ptg007685l_1	254148	1267935	4.99	0	17
ptg007685l_1_region	254148	1267935	4.99	0	17
ptg007688l_1	213938	1877036	8.77	0	28
ptg007688l_1_region	213938	1877036	8.77	0	28
ptg007690l_1	111310	731162	6.57	0	15
ptg007690l_1_region	111310	731162	6.57	0	15
ptg007693l_1	170159	1714215	10.07	0	61
ptg007693l_1_region	170159	1714215	10.07	0	61
ptg007695l_1	42720	4197211	98.25	0	254
ptg007695l_1_region	42720	4197211	98.25	0	254
ptg007696l_1	14787	77347	5.23	0	10
ptg007696l_1_region	14787	77347	5.23	0	10
ptg007698l_1	457988	2446571	5.34	0	18
ptg007698l_1_region	457988	2446571	5.34	0	18
ptg007700l_1	525613	3394418	6.46	0	31
ptg007700l_1_region	525613	3394418	6.46	0	31
ptg007701l_1	269019	2080969	7.74	0	17
ptg007701l_1_region	269019	2080969	7.74	0	17
ptg007704l_1	165257	1363620	8.25	0	28
ptg007704l_1_region	165257	1363620	8.25	0	28
ptg007705l_1	292968	2142294	7.31	0	21
ptg007705l_1_region	292968	2142294	7.31	0	21
ptg007707l_1	200486	2363329	11.79	0	106
ptg007707l_1_region	200486	2363329	11.79	0	106
ptg007708l_1	333202	2006120	6.02	0	19
ptg007708l_1_region	333202	2006120	6.02	0	19
ptg007709l_1	140875	868517	6.17	0	20
ptg007709l_1_region	140875	868517	6.17	0	20
ptg007710l_1	303164	2182641	7.20	0	22
ptg007710l_1_region	303164	2182641	7.20	0	22
ptg007714l_1	130100	966455	7.43	0	19
ptg007714l_1_region	130100	966455	7.43	0	19
ptg007715l_1	191780	1297285	6.76	0	25
ptg007715l_1_region	191780	1297285	6.76	0	25
ptg007716l_1	219619	1630644	7.42	0	20
ptg007716l_1_region	219619	1630644	7.42	0	20
ptg007718l_1	741817	5497944	7.41	0	21
ptg007718l_1_region	741817	5497944	7.41	0	21
ptg007720l_1	281151	2108725	7.50	0	19
ptg007720l_1_region	281151	2108725	7.50	0	19
ptg007722l_1	55216	240605	4.36	0	17
ptg007722l_1_region	55216	240605	4.36	0	17
ptg007723l_1	224627	671691	2.99	0	28
ptg007723l_1_region	224627	671691	2.99	0	28
ptg007725l_1	160740	939479	5.84	0	19
ptg007725l_1_region	160740	939479	5.84	0	19
ptg007727l_1	875926	11162780	12.74	0	94
ptg007727l_1_region	875926	11162780	12.74	0	94
ptg007728l_1	125844	366361	2.91	0	31
ptg007728l_1_region	125844	366361	2.91	0	31
ptg007729l_1	185574	929105	5.01	0	16
ptg007729l_1_region	185574	929105	5.01	0	16
ptg007731l_1	260504	1507227	5.79	0	30
ptg007731l_1_region	260504	1507227	5.79	0	30
ptg007732l_1	255820	1639209	6.41	0	16
ptg007732l_1_region	255820	1639209	6.41	0	16
ptg007733l_1	59113	330167	5.59	0	11
ptg007733l_1_region	59113	330167	5.59	0	11
ptg007738l_1	404139	2215568	5.48	0	23
ptg007738l_1_region	404139	2215568	5.48	0	23
ptg007739l_1	72436	365711	5.05	0	11
ptg007739l_1_region	72436	365711	5.05	0	11
ptg007741l_1	426388	2942518	6.90	0	20
ptg007741l_1_region	426388	2942518	6.90	0	20
ptg007743l_1	212416	1344397	6.33	0	31
ptg007743l_1_region	212416	1344397	6.33	0	31
ptg007744l_1	88435	793482	8.97	0	37
ptg007744l_1_region	88435	793482	8.97	0	37
ptg007748l_1	176809	701734	3.97	0	22
ptg007748l_1_region	176809	701734	3.97	0	22
ptg007749l_1	284185	2323615	8.18	0	33
ptg007749l_1_region	284185	2323615	8.18	0	33
ptg007753l_1	10270	39305	3.83	0	7
ptg007753l_1_region	10270	39305	3.83	0	7
ptg007754l_1	81930	490718	5.99	0	20
ptg007754l_1_region	81930	490718	5.99	0	20
ptg007756l_1	59337	597292	10.07	0	18
ptg007756l_1_region	59337	597292	10.07	0	18
ptg007758l_1	323397	1554431	4.81	0	21
ptg007758l_1_region	323397	1554431	4.81	0	21
ptg007759l_1	36337	403302	11.10	0	31
ptg007759l_1_region	36337	403302	11.10	0	31
ptg007760l_1	114390	753236	6.58	0	14
ptg007760l_1_region	114390	753236	6.58	0	14
ptg007761l_1	81339	483923	5.95	0	10
ptg007761l_1_region	81339	483923	5.95	0	10
ptg007764l_1	58462	519799	8.89	0	17
ptg007764l_1_region	58462	519799	8.89	0	17
ptg007770l_1	608945	3643507	5.98	0	23
ptg007770l_1_region	608945	3643507	5.98	0	23
ptg007771l_1	366769	2214273	6.04	0	25
ptg007771l_1_region	366769	2214273	6.04	0	25
ptg007777l_1	81100	432570	5.33	0	11
ptg007777l_1_region	81100	432570	5.33	0	11
ptg007779l_1	25625	63408	2.47	0	8
ptg007779l_1_region	25625	63408	2.47	0	8
ptg007780l_1	377190	2824725	7.49	0	20
ptg007780l_1_region	377190	2824725	7.49	0	20
ptg007781l_1	66758	432385	6.48	0	14
ptg007781l_1_region	66758	432385	6.48	0	14
ptg007782l_1	131909	933605	7.08	0	17
ptg007782l_1_region	131909	933605	7.08	0	17
ptg007784l_1	539047	4338749	8.05	0	19
ptg007784l_1_region	539047	4338749	8.05	0	19
ptg007785l_1	547235	4683860	8.56	0	26
ptg007785l_1_region	547235	4683860	8.56	0	26
ptg007786l_1	330115	2503270	7.58	0	30
ptg007786l_1_region	330115	2503270	7.58	0	30
ptg007787l_1	461089	3933294	8.53	0	22
ptg007787l_1_region	461089	3933294	8.53	0	22
ptg007788l_1	65236	237015	3.63	0	15
ptg007788l_1_region	65236	237015	3.63	0	15
ptg007790l_1	170614	1098970	6.44	0	20
ptg007790l_1_region	170614	1098970	6.44	0	20
ptg007792l_1	445992	4279274	9.59	0	24
ptg007792l_1_region	445992	4279274	9.59	0	24
ptg007796l_1	220335	1065763	4.84	0	14
ptg007796l_1_region	220335	1065763	4.84	0	14
ptg007798l_1	104572	579593	5.54	0	18
ptg007798l_1_region	104572	579593	5.54	0	18
ptg007799l_1	167504	1211866	7.23	0	19
ptg007799l_1_region	167504	1211866	7.23	0	19
ptg007801l_1	108531	845220	7.79	0	21
ptg007801l_1_region	108531	845220	7.79	0	21
ptg007802l_1	235517	2170155	9.21	0	19
ptg007802l_1_region	235517	2170155	9.21	0	19
ptg007805l_1	154507	1265415	8.19	0	21
ptg007805l_1_region	154507	1265415	8.19	0	21
ptg007806l_1	101749	909240	8.94	0	39
ptg007806l_1_region	101749	909240	8.94	0	39
ptg007808l_1	75828	291885	3.85	0	14
ptg007808l_1_region	75828	291885	3.85	0	14
ptg007811l_1	442400	2977085	6.73	0	19
ptg007811l_1_region	442400	2977085	6.73	0	19
ptg007815l_1	485510	4483239	9.23	0	32
ptg007815l_1_region	485510	4483239	9.23	0	32
ptg007818l_1	28392	197445	6.95	0	15
ptg007818l_1_region	28392	197445	6.95	0	15
ptg007820l_1	128566	777174	6.04	0	13
ptg007820l_1_region	128566	777174	6.04	0	13
ptg007822l_1	598752	5077945	8.48	0	24
ptg007822l_1_region	598752	5077945	8.48	0	24
ptg007823l_1	141117	699922	4.96	0	12
ptg007823l_1_region	141117	699922	4.96	0	12
ptg007824l_1	26560	54422	2.05	0	5
ptg007824l_1_region	26560	54422	2.05	0	5
ptg007825l_1	194210	990741	5.10	0	13
ptg007825l_1_region	194210	990741	5.10	0	13
ptg007826l_1	307232	1625532	5.29	0	26
ptg007826l_1_region	307232	1625532	5.29	0	26
ptg007828l_1	526965	4072386	7.73	0	31
ptg007828l_1_region	526965	4072386	7.73	0	31
ptg007830l_1	285529	1498082	5.25	0	20
ptg007830l_1_region	285529	1498082	5.25	0	20
ptg007832l_1	136298	861395	6.32	0	19
ptg007832l_1_region	136298	861395	6.32	0	19
ptg007834l_1	72050	407104	5.65	0	14
ptg007834l_1_region	72050	407104	5.65	0	14
ptg007841l_1	228141	1796690	7.88	0	16
ptg007841l_1_region	228141	1796690	7.88	0	16
ptg007846l_1	768577	6688379	8.70	0	44
ptg007846l_1_region	768577	6688379	8.70	0	44
ptg007855l_1	104696	423733	4.05	0	11
ptg007855l_1_region	104696	423733	4.05	0	11
ptg007856l_1	32184	106547	3.31	0	8
ptg007856l_1_region	32184	106547	3.31	0	8
ptg007857l_1	215479	1707587	7.92	0	20
ptg007857l_1_region	215479	1707587	7.92	0	20
ptg007863l_1	201341	904230	4.49	0	12
ptg007863l_1_region	201341	904230	4.49	0	12
ptg007865l_1	101710	671207	6.60	0	14
ptg007865l_1_region	101710	671207	6.60	0	14
ptg007868l_1	254104	1233782	4.86	0	17
ptg007868l_1_region	254104	1233782	4.86	0	17
ptg007871l_1	238797	2336780	9.79	0	50
ptg007871l_1_region	238797	2336780	9.79	0	50
ptg007873l_1	6354	54882	8.64	2	12
ptg007873l_1_region	6354	54882	8.64	2	12
ptg007875l_1	202991	1441902	7.10	0	27
ptg007875l_1_region	202991	1441902	7.10	0	27
ptg007884l_1	361540	2283891	6.32	0	25
ptg007884l_1_region	361540	2283891	6.32	0	25
ptg007886l_1	71493	556035	7.78	0	14
ptg007886l_1_region	71493	556035	7.78	0	14
ptg007887l_1	113060	633000	5.60	0	12
ptg007887l_1_region	113060	633000	5.60	0	12
ptg007889l_1	32690	354920	10.86	0	37
ptg007889l_1_region	32690	354920	10.86	0	37
ptg007890l_1	321719	2803183	8.71	0	26
ptg007890l_1_region	321719	2803183	8.71	0	26
ptg007895l_1	431814	3843321	8.90	0	131
ptg007895l_1_region	431814	3843321	8.90	0	131
ptg007896l_1	395735	2950916	7.46	0	38
ptg007896l_1_region	395735	2950916	7.46	0	38
ptg007898l_1	225543	1180430	5.23	0	15
ptg007898l_1_region	225543	1180430	5.23	0	15
ptg007905l_1	53617	291982	5.45	0	11
ptg007905l_1_region	53617	291982	5.45	0	11
ptg007910l_1	400443	1435992	3.59	0	16
ptg007910l_1_region	400443	1435992	3.59	0	16
ptg007912l_1	280911	2050062	7.30	0	19
ptg007912l_1_region	280911	2050062	7.30	0	19
ptg007913l_1	224857	1714447	7.62	0	18
ptg007913l_1_region	224857	1714447	7.62	0	18
ptg007914l_1	154054	1271569	8.25	0	28
ptg007914l_1_region	154054	1271569	8.25	0	28
ptg007915l_1	883979	7175665	8.12	0	20
ptg007915l_1_region	883979	7175665	8.12	0	20
ptg007922l_1	147360	1252971	8.50	0	23
ptg007922l_1_region	147360	1252971	8.50	0	23
ptg007925l_1	116625	822845	7.06	0	20
ptg007925l_1_region	116625	822845	7.06	0	20
ptg007926l_1	162096	483768	2.98	0	13
ptg007926l_1_region	162096	483768	2.98	0	13
ptg007927l_1	80375	347226	4.32	0	13
ptg007927l_1_region	80375	347226	4.32	0	13
ptg007928l_1	289777	2485565	8.58	0	35
ptg007928l_1_region	289777	2485565	8.58	0	35
ptg007931l_1	97335	128362	1.32	0	12
ptg007931l_1_region	97335	128362	1.32	0	12
ptg007934l_1	16454	127431	7.74	0	14
ptg007934l_1_region	16454	127431	7.74	0	14
ptg007935l_1	500699	3464446	6.92	0	35
ptg007935l_1_region	500699	3464446	6.92	0	35
ptg007936l_1	468466	3821949	8.16	0	29
ptg007936l_1_region	468466	3821949	8.16	0	29
ptg007937l_1	301950	3358728	11.12	0	38
ptg007937l_1_region	301950	3358728	11.12	0	38
ptg007942l_1	274520	2589240	9.43	0	32
ptg007942l_1_region	274520	2589240	9.43	0	32
ptg007943l_1	45850	305968	6.67	0	16
ptg007943l_1_region	45850	305968	6.67	0	16
ptg007944l_1	105999	778649	7.35	0	15
ptg007944l_1_region	105999	778649	7.35	0	15
ptg007946l_1	108775	90343	0.83	0	11
ptg007946l_1_region	108775	90343	0.83	0	11
ptg007947l_1	2060706	26391264	12.81	0	199
ptg007947l_1_region	2060706	26391264	12.81	0	199
ptg007951l_1	226959	1630805	7.19	0	53
ptg007951l_1_region	226959	1630805	7.19	0	53
ptg007952l_1	22545	100798	4.47	0	9
ptg007952l_1_region	22545	100798	4.47	0	9
ptg007953l_1	151955	934834	6.15	0	12
ptg007953l_1_region	151955	934834	6.15	0	12
ptg007954l_1	102699	738168	7.19	0	33
ptg007954l_1_region	102699	738168	7.19	0	33
ptg007955l_1	38888	410531	10.56	0	33
ptg007955l_1_region	38888	410531	10.56	0	33
ptg007956l_1	25960	33806	1.30	0	10
ptg007956l_1_region	25960	33806	1.30	0	10
ptg007959l_1	55348	216520	3.91	0	15
ptg007959l_1_region	55348	216520	3.91	0	15
ptg007960l_1	51539	183962	3.57	0	8
ptg007960l_1_region	51539	183962	3.57	0	8
ptg007963l_1	121476	322742	2.66	0	13
ptg007963l_1_region	121476	322742	2.66	0	13
ptg007965l_1	84924	633316	7.46	0	22
ptg007965l_1_region	84924	633316	7.46	0	22
ptg007966l_1	126401	941491	7.45	0	64
ptg007966l_1_region	126401	941491	7.45	0	64
ptg007967l_1	264253	1941019	7.35	0	15
ptg007967l_1_region	264253	1941019	7.35	0	15
ptg007972l_1	609060	3899509	6.40	0	211
ptg007972l_1_region	609060	3899509	6.40	0	211
ptg007974l_1	160782	903167	5.62	0	17
ptg007974l_1_region	160782	903167	5.62	0	17
ptg007976l_1	307927	1694721	5.50	0	19
ptg007976l_1_region	307927	1694721	5.50	0	19
ptg007982l_1	128332	1933897	15.07	0	40
ptg007982l_1_region	128332	1933897	15.07	0	40
ptg007984l_1	7904	4478	0.57	0	3
ptg007984l_1_region	7904	4478	0.57	0	3
ptg007985l_1	187851	1560573	8.31	0	17
ptg007985l_1_region	187851	1560573	8.31	0	17
ptg007990l_1	478137	4233928	8.86	0	22
ptg007990l_1_region	478137	4233928	8.86	0	22
ptg007994l_1	169462	1040574	6.14	0	14
ptg007994l_1_region	169462	1040574	6.14	0	14
ptg007997l_1	128458	1160711	9.04	0	66
ptg007997l_1_region	128458	1160711	9.04	0	66
ptg008004l_1	337732	846853	2.51	0	14
ptg008004l_1_region	337732	846853	2.51	0	14
ptg008006l_1	206896	854420	4.13	0	22
ptg008006l_1_region	206896	854420	4.13	0	22
ptg008008l_1	36668	86335	2.35	0	10
ptg008008l_1_region	36668	86335	2.35	0	10
ptg008009l_1	76880	393561	5.12	0	13
ptg008009l_1_region	76880	393561	5.12	0	13
ptg008010l_1	236136	1213171	5.14	0	22
ptg008010l_1_region	236136	1213171	5.14	0	22
ptg008011l_1	163580	1107918	6.77	0	24
ptg008011l_1_region	163580	1107918	6.77	0	24
ptg008012l_1	15820	202631	12.81	6	17
ptg008012l_1_region	15820	202631	12.81	6	17
ptg008015l_1	16685	106776	6.40	0	9
ptg008015l_1_region	16685	106776	6.40	0	9
ptg008017l_1	161303	1038470	6.44	0	18
ptg008017l_1_region	161303	1038470	6.44	0	18
ptg008018l_1	65938	298073	4.52	0	8
ptg008018l_1_region	65938	298073	4.52	0	8
ptg008020l_1	354991	2823407	7.95	0	30
ptg008020l_1_region	354991	2823407	7.95	0	30
ptg008022l_1	53167	331538	6.24	0	17
ptg008022l_1_region	53167	331538	6.24	0	17
ptg008023l_1	238669	1611318	6.75	0	17
ptg008023l_1_region	238669	1611318	6.75	0	17
ptg008024l_1	162585	736269	4.53	0	94
ptg008024l_1_region	162585	736269	4.53	0	94
ptg008028l_1	121314	635333	5.24	0	79
ptg008028l_1_region	121314	635333	5.24	0	79
ptg008031l_1	131713	1011236	7.68	0	21
ptg008031l_1_region	131713	1011236	7.68	0	21
ptg008033l_1	70858	1086871	15.34	0	33
ptg008033l_1_region	70858	1086871	15.34	0	33
ptg008035l_1	841062	15182608	18.05	0	147
ptg008035l_1_region	841062	15182608	18.05	0	147
ptg008039l_1	111640	622288	5.57	0	18
ptg008039l_1_region	111640	622288	5.57	0	18
ptg008040l_1	128416	744529	5.80	0	14
ptg008040l_1_region	128416	744529	5.80	0	14
ptg008043l_1	145388	860900	5.92	0	15
ptg008043l_1_region	145388	860900	5.92	0	15
ptg008044l_1	111210	986060	8.87	0	35
ptg008044l_1_region	111210	986060	8.87	0	35
ptg008045l_1	46683	168984	3.62	0	18
ptg008045l_1_region	46683	168984	3.62	0	18
ptg008046l_1	45013	121813	2.71	0	7
ptg008046l_1_region	45013	121813	2.71	0	7
ptg008047l_1	176473	799393	4.53	0	14
ptg008047l_1_region	176473	799393	4.53	0	14
ptg008048l_1	1075474	9720986	9.04	0	105
ptg008048l_1_region	1075474	9720986	9.04	0	105
ptg008049l_1	436907	4654596	10.65	0	1413
ptg008049l_1_region	436907	4654596	10.65	0	1413
ptg008052l_1	126778	564577	4.45	0	15
ptg008052l_1_region	126778	564577	4.45	0	15
ptg008054l_1	13910	14706	1.06	0	3
ptg008054l_1_region	13910	14706	1.06	0	3
ptg008056l_1	111009	833429	7.51	0	18
ptg008056l_1_region	111009	833429	7.51	0	18
ptg008059l_1	238274	1701227	7.14	0	41
ptg008059l_1_region	238274	1701227	7.14	0	41
ptg008060l_1	189263	1119748	5.92	0	25
ptg008060l_1_region	189263	1119748	5.92	0	25
ptg008065l_1	79791	873522	10.95	2	21
ptg008065l_1_region	79791	873522	10.95	2	21
ptg008067l_1	52436	25154	0.48	0	6
ptg008067l_1_region	52436	25154	0.48	0	6
ptg008068l_1	245475	1367787	5.57	0	20
ptg008068l_1_region	245475	1367787	5.57	0	20
ptg008072l_1	620790	5082545	8.19	0	19
ptg008072l_1_region	620790	5082545	8.19	0	19
ptg008073l_1	55623	354099	6.37	0	25
ptg008073l_1_region	55623	354099	6.37	0	25
ptg008074l_1	164252	1359804	8.28	0	22
ptg008074l_1_region	164252	1359804	8.28	0	22
ptg008076l_1	21073	65848	3.12	0	6
ptg008076l_1_region	21073	65848	3.12	0	6
ptg008078l_1	69616	390119	5.60	0	31
ptg008078l_1_region	69616	390119	5.60	0	31
ptg008080l_1	382405	3957069	10.35	0	69
ptg008080l_1_region	382405	3957069	10.35	0	69
ptg008081l_1	263139	1547047	5.88	0	23
ptg008081l_1_region	263139	1547047	5.88	0	23
ptg008082l_1	128214	986359	7.69	0	31
ptg008082l_1_region	128214	986359	7.69	0	31
ptg008085l_1	233223	1815297	7.78	0	19
ptg008085l_1_region	233223	1815297	7.78	0	19
ptg008088l_1	357264	2768731	7.75	0	36
ptg008088l_1_region	357264	2768731	7.75	0	36
ptg008090l_1	288132	2463734	8.55	0	27
ptg008090l_1_region	288132	2463734	8.55	0	27
ptg008095l_1	297899	1960518	6.58	0	39
ptg008095l_1_region	297899	1960518	6.58	0	39
ptg008096l_1	304388	1807475	5.94	0	21
ptg008096l_1_region	304388	1807475	5.94	0	21
ptg008098l_1	34633	256949	7.42	0	17
ptg008098l_1_region	34633	256949	7.42	0	17
ptg008102l_1	253002	1038783	4.11	0	16
ptg008102l_1_region	253002	1038783	4.11	0	16
ptg008104l_1	171794	1120863	6.52	0	23
ptg008104l_1_region	171794	1120863	6.52	0	23
ptg008106l_1	161268	1272761	7.89	0	19
ptg008106l_1_region	161268	1272761	7.89	0	19
ptg008107l_1	679603	4534891	6.67	0	58
ptg008107l_1_region	679603	4534891	6.67	0	58
ptg008111l_1	529870	4863910	9.18	0	23
ptg008111l_1_region	529870	4863910	9.18	0	23
ptg008112l_1	98692	612472	6.21	0	21
ptg008112l_1_region	98692	612472	6.21	0	21
ptg008114l_1	299962	2591135	8.64	0	24
ptg008114l_1_region	299962	2591135	8.64	0	24
ptg008115l_1	85974	501362	5.83	0	16
ptg008115l_1_region	85974	501362	5.83	0	16
ptg008116l_1	610618	8710249	14.26	0	53
ptg008116l_1_region	610618	8710249	14.26	0	53
ptg008119l_1	305877	1931674	6.32	0	49
ptg008119l_1_region	305877	1931674	6.32	0	49
ptg008121l_1	188570	996388	5.28	0	15
ptg008121l_1_region	188570	996388	5.28	0	15
ptg008125l_1	556185	3747058	6.74	0	39
ptg008125l_1_region	556185	3747058	6.74	0	39
ptg008126l_1	95480	193146	2.02	0	8
ptg008126l_1_region	95480	193146	2.02	0	8
ptg008127l_1	33226	212370	6.39	0	10
ptg008127l_1_region	33226	212370	6.39	0	10
ptg008129l_1	210992	1134120	5.38	0	31
ptg008129l_1_region	210992	1134120	5.38	0	31
ptg008131l_1	19299	78074	4.05	0	8
ptg008131l_1_region	19299	78074	4.05	0	8
ptg008132l_1	330706	2198870	6.65	0	21
ptg008132l_1_region	330706	2198870	6.65	0	21
ptg008133l_1	80186	225878	2.82	0	10
ptg008133l_1_region	80186	225878	2.82	0	10
ptg008137l_1	266845	2556333	9.58	0	33
ptg008137l_1_region	266845	2556333	9.58	0	33
ptg008140l_1	292379	2077036	7.10	0	17
ptg008140l_1_region	292379	2077036	7.10	0	17
ptg008142l_1	107805	622994	5.78	0	16
ptg008142l_1_region	107805	622994	5.78	0	16
ptg008143l_1	65865	430474	6.54	0	15
ptg008143l_1_region	65865	430474	6.54	0	15
ptg008144l_1	146554	813599	5.55	0	17
ptg008144l_1_region	146554	813599	5.55	0	17
ptg008148l_1	321784	2030624	6.31	0	32
ptg008148l_1_region	321784	2030624	6.31	0	32
ptg008149l_1	173949	763224	4.39	0	14
ptg008149l_1_region	173949	763224	4.39	0	14
ptg008159l_1	82976	320790	3.87	0	11
ptg008159l_1_region	82976	320790	3.87	0	11
ptg008163l_1	100362	319910	3.19	0	9
ptg008163l_1_region	100362	319910	3.19	0	9
ptg008164l_1	112164	1407178	12.55	0	26
ptg008164l_1_region	112164	1407178	12.55	0	26
ptg008167l_1	149590	1235892	8.26	0	20
ptg008167l_1_region	149590	1235892	8.26	0	20
ptg008168l_1	522717	3186679	6.10	0	16
ptg008168l_1_region	522717	3186679	6.10	0	16
ptg008169l_1	124054	654659	5.28	0	15
ptg008169l_1_region	124054	654659	5.28	0	15
ptg008171l_1	920890	6286255	6.83	0	26
ptg008171l_1_region	920890	6286255	6.83	0	26
ptg008179l_1	235845	1860550	7.89	0	18
ptg008179l_1_region	235845	1860550	7.89	0	18
ptg008180l_1	107131	357738	3.34	0	20
ptg008180l_1_region	107131	357738	3.34	0	20
ptg008181l_1	106317	411029	3.87	0	14
ptg008181l_1_region	106317	411029	3.87	0	14
ptg008183l_1	251842	1691524	6.72	0	22
ptg008183l_1_region	251842	1691524	6.72	0	22
ptg008184l_1	270527	2044096	7.56	0	19
ptg008184l_1_region	270527	2044096	7.56	0	19
ptg008187l_1	667985	6114872	9.15	0	42
ptg008187l_1_region	667985	6114872	9.15	0	42
ptg008188l_1	72196	299049	4.14	0	11
ptg008188l_1_region	72196	299049	4.14	0	11
ptg008190l_1	496687	2763174	5.56	0	19
ptg008190l_1_region	496687	2763174	5.56	0	19
ptg008194l_1	62820	654750	10.42	0	21
ptg008194l_1_region	62820	654750	10.42	0	21
ptg008200l_1	116867	421682	3.61	0	13
ptg008200l_1_region	116867	421682	3.61	0	13
ptg008207l_1	112863	676754	6.00	0	61
ptg008207l_1_region	112863	676754	6.00	0	61
ptg008212l_1	89507	1145120	12.79	0	33
ptg008212l_1_region	89507	1145120	12.79	0	33
ptg008215l_1	117018	464115	3.97	0	11
ptg008215l_1_region	117018	464115	3.97	0	11
ptg008216l_1	235212	1293364	5.50	0	13
ptg008216l_1_region	235212	1293364	5.50	0	13
ptg008217l_1	107650	718541	6.67	0	37
ptg008217l_1_region	107650	718541	6.67	0	37
ptg008218l_1	77987	629910	8.08	0	26
ptg008218l_1_region	77987	629910	8.08	0	26
ptg008219l_1	81860	667068	8.15	0	26
ptg008219l_1_region	81860	667068	8.15	0	26
ptg008222l_1	74889	393615	5.26	0	17
ptg008222l_1_region	74889	393615	5.26	0	17
ptg008223l_1	276839	2661063	9.61	0	28
ptg008223l_1_region	276839	2661063	9.61	0	28
ptg008229l_1	155554	776163	4.99	0	15
ptg008229l_1_region	155554	776163	4.99	0	15
ptg008232l_1	259280	2130545	8.22	0	30
ptg008232l_1_region	259280	2130545	8.22	0	30
ptg008234l_1	48076	315624	6.57	0	14
ptg008234l_1_region	48076	315624	6.57	0	14
ptg008237l_1	34981	223955	6.40	0	15
ptg008237l_1_region	34981	223955	6.40	0	15
ptg008238l_1	237895	1764975	7.42	0	31
ptg008238l_1_region	237895	1764975	7.42	0	31
ptg008242l_1	47480	346421	7.30	0	21
ptg008242l_1_region	47480	346421	7.30	0	21
ptg008244l_1	251073	2676692	10.66	0	249
ptg008244l_1_region	251073	2676692	10.66	0	249
ptg008245l_1	15265	7620130	499.19	7	681
ptg008245l_1_region	15265	7620130	499.19	7	681
ptg008246l_1	31297	124845	3.99	0	10
ptg008246l_1_region	31297	124845	3.99	0	10
ptg008247l_1	325427	1925988	5.92	0	97
ptg008247l_1_region	325427	1925988	5.92	0	97
ptg008248l_1	348500	2888389	8.29	0	83
ptg008248l_1_region	348500	2888389	8.29	0	83
ptg008249l_1	277543	1782042	6.42	0	27
ptg008249l_1_region	277543	1782042	6.42	0	27
ptg008259l_1	250261	1760898	7.04	0	27
ptg008259l_1_region	250261	1760898	7.04	0	27
ptg008263l_1	41230	106793	2.59	0	6
ptg008263l_1_region	41230	106793	2.59	0	6
ptg008264l_1	106436	1346307	12.65	0	43
ptg008264l_1_region	106436	1346307	12.65	0	43
ptg008267l_1	167467	1169249	6.98	0	17
ptg008267l_1_region	167467	1169249	6.98	0	17
ptg008268l_1	76816	490074	6.38	0	17
ptg008268l_1_region	76816	490074	6.38	0	17
ptg008272l_1	1380433	31037857	22.48	0	156
ptg008272l_1_region	1380433	31037857	22.48	0	156
ptg008274l_1	96917	672089	6.93	0	17
ptg008274l_1_region	96917	672089	6.93	0	17
ptg008275l_1	262440	1602478	6.11	0	58
ptg008275l_1_region	262440	1602478	6.11	0	58
ptg008276l_1	534017	6238534	11.68	0	56
ptg008276l_1_region	534017	6238534	11.68	0	56
ptg008279l_1	50063	330008	6.59	0	12
ptg008279l_1_region	50063	330008	6.59	0	12
ptg008281l_1	279698	1777279	6.35	0	20
ptg008281l_1_region	279698	1777279	6.35	0	20
ptg008283l_1	187596	1333843	7.11	0	15
ptg008283l_1_region	187596	1333843	7.11	0	15
ptg008290l_1	135254	631654	4.67	0	14
ptg008290l_1_region	135254	631654	4.67	0	14
ptg008291l_1	307940	2378353	7.72	0	16
ptg008291l_1_region	307940	2378353	7.72	0	16
ptg008296l_1	105799	508429	4.81	0	15
ptg008296l_1_region	105799	508429	4.81	0	15
ptg008300l_1	70740	1630366	23.05	0	95
ptg008300l_1_region	70740	1630366	23.05	0	95
ptg008301l_1	152990	942091	6.16	0	24
ptg008301l_1_region	152990	942091	6.16	0	24
ptg008304l_1	386870	4044493	10.45	0	44
ptg008304l_1_region	386870	4044493	10.45	0	44
ptg008307l_1	623520	5189886	8.32	0	34
ptg008307l_1_region	623520	5189886	8.32	0	34
ptg008309l_1	79347	512092	6.45	0	20
ptg008309l_1_region	79347	512092	6.45	0	20
ptg008311l_1	210406	1190910	5.66	0	15
ptg008311l_1_region	210406	1190910	5.66	0	15
ptg008312l_1	478471	5040772	10.54	0	300
ptg008312l_1_region	478471	5040772	10.54	0	300
ptg008316l_1	52051	198551	3.81	0	8
ptg008316l_1_region	52051	198551	3.81	0	8
ptg008318l_1	110736	519319	4.69	0	14
ptg008318l_1_region	110736	519319	4.69	0	14
ptg008324l_1	86250	622243	7.21	0	18
ptg008324l_1_region	86250	622243	7.21	0	18
ptg008325l_1	348957	1554922	4.46	0	12
ptg008325l_1_region	348957	1554922	4.46	0	12
ptg008327l_1	570685	4240776	7.43	0	674
ptg008327l_1_region	570685	4240776	7.43	0	674
ptg008330l_1	186240	1045480	5.61	0	18
ptg008330l_1_region	186240	1045480	5.61	0	18
ptg008336c_1	163510	1022427	6.25	0	20
ptg008336c_1_region	163510	1022427	6.25	0	20
ptg008338l_1	611407	4343359	7.10	0	22
ptg008338l_1_region	611407	4343359	7.10	0	22
ptg008339l_1	49408	179055	3.62	0	11
ptg008339l_1_region	49408	179055	3.62	0	11
ptg008346l_1	204795	4205891	20.54	0	127
ptg008346l_1_region	204795	4205891	20.54	0	127
ptg008347l_1	32615	92342	2.83	0	7
ptg008347l_1_region	32615	92342	2.83	0	7
ptg008348l_1	40764	170136	4.17	0	11
ptg008348l_1_region	40764	170136	4.17	0	11
ptg008351l_1	92496	428767	4.64	0	18
ptg008351l_1_region	92496	428767	4.64	0	18
ptg008352l_1	16851	87644	5.20	1	9
ptg008352l_1_region	16851	87644	5.20	1	9
ptg008354l_1	89771	745804	8.31	0	25
ptg008354l_1_region	89771	745804	8.31	0	25
ptg008356l_1	18452	89849	4.87	0	12
ptg008356l_1_region	18452	89849	4.87	0	12
ptg008357l_1	189496	1081259	5.71	0	19
ptg008357l_1_region	189496	1081259	5.71	0	19
ptg008358l_1	404798	4257464	10.52	0	117
ptg008358l_1_region	404798	4257464	10.52	0	117
ptg008359l_1	83090	445508	5.36	0	13
ptg008359l_1_region	83090	445508	5.36	0	13
ptg008361l_1	176024	989890	5.62	0	15
ptg008361l_1_region	176024	989890	5.62	0	15
ptg008362l_1	289659	2016939	6.96	0	19
ptg008362l_1_region	289659	2016939	6.96	0	19
ptg008364l_1	181413	1192045	6.57	0	15
ptg008364l_1_region	181413	1192045	6.57	0	15
ptg008365l_1	296223	2276863	7.69	0	22
ptg008365l_1_region	296223	2276863	7.69	0	22
ptg008366l_1	224137	1173617	5.24	0	33
ptg008366l_1_region	224137	1173617	5.24	0	33
ptg008369l_1	55672	218304	3.92	0	11
ptg008369l_1_region	55672	218304	3.92	0	11
ptg008374l_1	388561	3346052	8.61	0	22
ptg008374l_1_region	388561	3346052	8.61	0	22
ptg008375l_1	107385	792987	7.38	0	13
ptg008375l_1_region	107385	792987	7.38	0	13
ptg008380l_1	410667	1996117	4.86	0	18
ptg008380l_1_region	410667	1996117	4.86	0	18
ptg008385l_1	224308	2042805	9.11	0	32
ptg008385l_1_region	224308	2042805	9.11	0	32
ptg008386l_1	90397	859030	9.50	0	24
ptg008386l_1_region	90397	859030	9.50	0	24
ptg008389l_1	265783	2167203	8.15	0	23
ptg008389l_1_region	265783	2167203	8.15	0	23
ptg008392l_1	656828	4947947	7.53	0	24
ptg008392l_1_region	656828	4947947	7.53	0	24
ptg008396l_1	195423	1816725	9.30	0	49
ptg008396l_1_region	195423	1816725	9.30	0	49
ptg008398l_1	218707	1530268	7.00	0	15
ptg008398l_1_region	218707	1530268	7.00	0	15
ptg008404l_1	76700	482351	6.29	0	13
ptg008404l_1_region	76700	482351	6.29	0	13
ptg008405l_1	155220	1124258	7.24	0	20
ptg008405l_1_region	155220	1124258	7.24	0	20
ptg008407l_1	163801	1068858	6.53	0	16
ptg008407l_1_region	163801	1068858	6.53	0	16
ptg008410l_1	194657	1727871	8.88	0	23
ptg008410l_1_region	194657	1727871	8.88	0	23
ptg008418l_1	202587	1328554	6.56	0	15
ptg008418l_1_region	202587	1328554	6.56	0	15
ptg008420l_1	126033	957055	7.59	0	16
ptg008420l_1_region	126033	957055	7.59	0	16
ptg008423l_1	147202	137366	0.93	0	8
ptg008423l_1_region	147202	137366	0.93	0	8
ptg008424l_1	405367	2647808	6.53	0	16
ptg008424l_1_region	405367	2647808	6.53	0	16
ptg008430l_1	334248	3428080	10.26	0	33
ptg008430l_1_region	334248	3428080	10.26	0	33
ptg008431l_1	44958	243372	5.41	0	14
ptg008431l_1_region	44958	243372	5.41	0	14
ptg008435l_1	284958	2234729	7.84	0	195
ptg008435l_1_region	284958	2234729	7.84	0	195
ptg008436l_1	1099191	9766772	8.89	0	44
ptg008436l_1_region	1099191	9766772	8.89	0	44
ptg008441l_1	7184	15185	2.11	0	3
ptg008441l_1_region	7184	15185	2.11	0	3
ptg008442l_1	319956	2563172	8.01	0	26
ptg008442l_1_region	319956	2563172	8.01	0	26
ptg008443l_1	35146	104501	2.97	0	7
ptg008443l_1_region	35146	104501	2.97	0	7
ptg008444l_1	408812	2848892	6.97	0	27
ptg008444l_1_region	408812	2848892	6.97	0	27
ptg008445l_1	31801	95745	3.01	0	9
ptg008445l_1_region	31801	95745	3.01	0	9
ptg008446l_1	125049	554484	4.43	0	17
ptg008446l_1_region	125049	554484	4.43	0	17
ptg008451l_1	85450	483941	5.66	0	14
ptg008451l_1_region	85450	483941	5.66	0	14
ptg008452l_1	40798	270115	6.62	0	13
ptg008452l_1_region	40798	270115	6.62	0	13
ptg008454l_1	52093	122095	2.34	0	7
ptg008454l_1_region	52093	122095	2.34	0	7
ptg008455l_1	142831	828789	5.80	0	28
ptg008455l_1_region	142831	828789	5.80	0	28
ptg008458l_1	350950	2464074	7.02	0	18
ptg008458l_1_region	350950	2464074	7.02	0	18
ptg008464l_1	140814	756268	5.37	0	13
ptg008464l_1_region	140814	756268	5.37	0	13
ptg008465l_1	122599	1117618	9.12	0	46
ptg008465l_1_region	122599	1117618	9.12	0	46
ptg008466l_1	226535	186566	0.82	0	18
ptg008466l_1_region	226535	186566	0.82	0	18
ptg008467l_1	89105	523876	5.88	0	15
ptg008467l_1_region	89105	523876	5.88	0	15
ptg008475l_1	104461	537259	5.14	0	15
ptg008475l_1_region	104461	537259	5.14	0	15
ptg008477l_1	119567	517656	4.33	0	14
ptg008477l_1_region	119567	517656	4.33	0	14
ptg008478l_1	308681	1946657	6.31	0	20
ptg008478l_1_region	308681	1946657	6.31	0	20
ptg008480l_1	72115	445560	6.18	0	17
ptg008480l_1_region	72115	445560	6.18	0	17
ptg008483l_1	121615	983650	8.09	0	22
ptg008483l_1_region	121615	983650	8.09	0	22
ptg008490l_1	106657	770439	7.22	0	27
ptg008490l_1_region	106657	770439	7.22	0	27
ptg008491l_1	211224	1250223	5.92	0	19
ptg008491l_1_region	211224	1250223	5.92	0	19
ptg008496l_1	96924	413110	4.26	0	15
ptg008496l_1_region	96924	413110	4.26	0	15
ptg008497l_1	163423	1365909	8.36	0	44
ptg008497l_1_region	163423	1365909	8.36	0	44
ptg008498l_1	74037	1200992	16.22	0	64
ptg008498l_1_region	74037	1200992	16.22	0	64
ptg008499l_1	72588	390226	5.38	0	16
ptg008499l_1_region	72588	390226	5.38	0	16
ptg008503l_1	391038	2728056	6.98	0	19
ptg008503l_1_region	391038	2728056	6.98	0	19
ptg008504l_1	494641	2747318	5.55	0	20
ptg008504l_1_region	494641	2747318	5.55	0	20
ptg008506l_1	178152	928033	5.21	0	33
ptg008506l_1_region	178152	928033	5.21	0	33
ptg008510l_1	19751	309969	15.69	0	45
ptg008510l_1_region	19751	309969	15.69	0	45
ptg008511l_1	22769	23074	1.01	0	2
ptg008511l_1_region	22769	23074	1.01	0	2
ptg008512l_1	282717	2404655	8.51	0	30
ptg008512l_1_region	282717	2404655	8.51	0	30
ptg008515l_1	180553	1269759	7.03	0	20
ptg008515l_1_region	180553	1269759	7.03	0	20
ptg008516l_1	204755	1085075	5.30	0	11
ptg008516l_1_region	204755	1085075	5.30	0	11
ptg008520l_1	97553	611538	6.27	0	82
ptg008520l_1_region	97553	611538	6.27	0	82
ptg008522l_1	72639	357198	4.92	0	18
ptg008522l_1_region	72639	357198	4.92	0	18
ptg008525l_1	307250	2714151	8.83	0	65
ptg008525l_1_region	307250	2714151	8.83	0	65
ptg008526l_1	205823	1369022	6.65	0	16
ptg008526l_1_region	205823	1369022	6.65	0	16
ptg008530l_1	157393	900047	5.72	0	29
ptg008530l_1_region	157393	900047	5.72	0	29
ptg008531l_1	150865	1226564	8.13	0	24
ptg008531l_1_region	150865	1226564	8.13	0	24
ptg008533l_1	226180	9120	0.04	0	10
ptg008533l_1_region	226180	9120	0.04	0	10
ptg008540l_1	396665	2459086	6.20	0	32
ptg008540l_1_region	396665	2459086	6.20	0	32
ptg008541l_1	300354	1899067	6.32	0	15
ptg008541l_1_region	300354	1899067	6.32	0	15
ptg008543l_1	225312	1156337	5.13	0	22
ptg008543l_1_region	225312	1156337	5.13	0	22
ptg008545l_1	165575	1396857	8.44	0	43
ptg008545l_1_region	165575	1396857	8.44	0	43
ptg008547l_1	262626	1350809	5.14	0	20
ptg008547l_1_region	262626	1350809	5.14	0	20
ptg008548l_1	100671	98074	0.97	0	9
ptg008548l_1_region	100671	98074	0.97	0	9
ptg008549l_1	40263	185630	4.61	0	14
ptg008549l_1_region	40263	185630	4.61	0	14
ptg008551l_1	113575	843154	7.42	0	15
ptg008551l_1_region	113575	843154	7.42	0	15
ptg008556l_1	164291	794116	4.83	0	15
ptg008556l_1_region	164291	794116	4.83	0	15
ptg008560l_1	39401	203813	5.17	0	12
ptg008560l_1_region	39401	203813	5.17	0	12
ptg008561l_1	99157	632079	6.37	0	24
ptg008561l_1_region	99157	632079	6.37	0	24
ptg008563l_1	63554	427522	6.73	0	15
ptg008563l_1_region	63554	427522	6.73	0	15
ptg008564l_1	50016	185879	3.72	0	10
ptg008564l_1_region	50016	185879	3.72	0	10
ptg008567l_1	325513	2288178	7.03	0	15
ptg008567l_1_region	325513	2288178	7.03	0	15
ptg008569l_1	97893	564285	5.76	0	19
ptg008569l_1_region	97893	564285	5.76	0	19
ptg008571l_1	314170	1747065	5.56	0	18
ptg008571l_1_region	314170	1747065	5.56	0	18
ptg008572l_1	50523	327404	6.48	0	20
ptg008572l_1_region	50523	327404	6.48	0	20
ptg008575l_1	144953	1007392	6.95	0	32
ptg008575l_1_region	144953	1007392	6.95	0	32
ptg008577l_1	104493	460939	4.41	0	18
ptg008577l_1_region	104493	460939	4.41	0	18
ptg008580l_1	137046	870737	6.35	0	15
ptg008580l_1_region	137046	870737	6.35	0	15
ptg008584l_1	49849	245128	4.92	0	9
ptg008584l_1_region	49849	245128	4.92	0	9
ptg008585l_1	50216	68048	1.36	0	7
ptg008585l_1_region	50216	68048	1.36	0	7
ptg008587c_1	71705	1024466	14.29	1	28
ptg008587c_1_region	71705	1024466	14.29	1	28
ptg008589l_1	197222	1585395	8.04	0	23
ptg008589l_1_region	197222	1585395	8.04	0	23
ptg008593l_1	111414	478010	4.29	0	10
ptg008593l_1_region	111414	478010	4.29	0	10
ptg008598l_1	108867	687200	6.31	0	15
ptg008598l_1_region	108867	687200	6.31	0	15
ptg008606l_1	287024	1590842	5.54	0	41
ptg008606l_1_region	287024	1590842	5.54	0	41
ptg008608l_1	173360	1309468	7.55	0	19
ptg008608l_1_region	173360	1309468	7.55	0	19
ptg008610l_1	45385	454604	10.02	0	18
ptg008610l_1_region	45385	454604	10.02	0	18
ptg008617l_1	50519	249089	4.93	0	10
ptg008617l_1_region	50519	249089	4.93	0	10
ptg008618l_1	225004	1236178	5.49	0	24
ptg008618l_1_region	225004	1236178	5.49	0	24
ptg008626l_1	49309	130856	2.65	0	7
ptg008626l_1_region	49309	130856	2.65	0	7
ptg008627l_1	260537	1682964	6.46	0	27
ptg008627l_1_region	260537	1682964	6.46	0	27
ptg008628l_1	153448	727591	4.74	0	13
ptg008628l_1_region	153448	727591	4.74	0	13
ptg008629l_1	91692	1306222	14.25	0	63
ptg008629l_1_region	91692	1306222	14.25	0	63
ptg008631l_1	25139	56680	2.25	0	5
ptg008631l_1_region	25139	56680	2.25	0	5
ptg008646l_1	72795	306026	4.20	0	18
ptg008646l_1_region	72795	306026	4.20	0	18
ptg008647l_1	286379	2882261	10.06	0	37
ptg008647l_1_region	286379	2882261	10.06	0	37
ptg008649l_1	62019	232038	3.74	0	11
ptg008649l_1_region	62019	232038	3.74	0	11
ptg008652l_1	73552	389355	5.29	0	14
ptg008652l_1_region	73552	389355	5.29	0	14
ptg008654l_1	1122243	49681957	44.27	0	209
ptg008654l_1_region	1122243	49681957	44.27	0	209
ptg008655l_1	67773	373482	5.51	0	18
ptg008655l_1_region	67773	373482	5.51	0	18
ptg008660l_1	59989	641742	10.70	0	171
ptg008660l_1_region	59989	641742	10.70	0	171
ptg008665l_1	83510	422714	5.06	0	13
ptg008665l_1_region	83510	422714	5.06	0	13
ptg008667l_1	278430	2893327	10.39	0	56
ptg008667l_1_region	278430	2893327	10.39	0	56
ptg008668l_1	195116	908832	4.66	0	16
ptg008668l_1_region	195116	908832	4.66	0	16
ptg008677l_1	47437	235111	4.96	0	10
ptg008677l_1_region	47437	235111	4.96	0	10
ptg008678l_1	45589	245076	5.38	0	13
ptg008678l_1_region	45589	245076	5.38	0	13
ptg008679l_1	299176	2281985	7.63	0	22
ptg008679l_1_region	299176	2281985	7.63	0	22
ptg008680l_1	256811	1988649	7.74	0	57
ptg008680l_1_region	256811	1988649	7.74	0	57
ptg008685l_1	2496666	20818965	8.34	0	28
ptg008685l_1_region	2496666	20818965	8.34	0	28
ptg008687l_1	200580	1221908	6.09	0	17
ptg008687l_1_region	200580	1221908	6.09	0	17
ptg008690l_1	14562	52267	3.59	0	8
ptg008690l_1_region	14562	52267	3.59	0	8
ptg008693l_1	24104	79417	3.29	0	6
ptg008693l_1_region	24104	79417	3.29	0	6
ptg008694l_1	117891	631472	5.36	0	19
ptg008694l_1_region	117891	631472	5.36	0	19
ptg008695l_1	182635	1758983	9.63	0	21
ptg008695l_1_region	182635	1758983	9.63	0	21
ptg008696l_1	25811	251752	9.75	0	28
ptg008696l_1_region	25811	251752	9.75	0	28
ptg008697l_1	142624	1011245	7.09	0	27
ptg008697l_1_region	142624	1011245	7.09	0	27
ptg008702l_1	225560	1536826	6.81	0	34
ptg008702l_1_region	225560	1536826	6.81	0	34
ptg008703l_1	164555	1067839	6.49	0	14
ptg008703l_1_region	164555	1067839	6.49	0	14
ptg008704l_1	30084	95954	3.19	0	6
ptg008704l_1_region	30084	95954	3.19	0	6
ptg008711l_1	15241	225320	14.78	0	46
ptg008711l_1_region	15241	225320	14.78	0	46
ptg008716l_1	179839	1257361	6.99	0	18
ptg008716l_1_region	179839	1257361	6.99	0	18
ptg008718l_1	53695	266325	4.96	0	15
ptg008718l_1_region	53695	266325	4.96	0	15
ptg008724l_1	56370	233777	4.15	0	12
ptg008724l_1_region	56370	233777	4.15	0	12
ptg008725l_1	161118	1518505	9.42	0	36
ptg008725l_1_region	161118	1518505	9.42	0	36
ptg008726l_1	56262	248908	4.42	0	10
ptg008726l_1_region	56262	248908	4.42	0	10
ptg008730l_1	31601	40408	1.28	0	5
ptg008730l_1_region	31601	40408	1.28	0	5
ptg008732l_1	94068	395827	4.21	0	14
ptg008732l_1_region	94068	395827	4.21	0	14
ptg008736l_1	98536	1283454	13.03	0	60
ptg008736l_1_region	98536	1283454	13.03	0	60
ptg008738l_1	35150	128857	3.67	0	9
ptg008738l_1_region	35150	128857	3.67	0	9
ptg008741l_1	19297	78346	4.06	0	18
ptg008741l_1_region	19297	78346	4.06	0	18
ptg008754l_1	252065	1934403	7.67	0	16
ptg008754l_1_region	252065	1934403	7.67	0	16
ptg008756l_1	353154	2570096	7.28	0	36
ptg008756l_1_region	353154	2570096	7.28	0	36
ptg008757l_1	97145	452527	4.66	0	16
ptg008757l_1_region	97145	452527	4.66	0	16
ptg008759l_1	105590	540399	5.12	0	21
ptg008759l_1_region	105590	540399	5.12	0	21
ptg008760l_1	52655	337393	6.41	0	28
ptg008760l_1_region	52655	337393	6.41	0	28
ptg008763l_1	72052	447348	6.21	0	19
ptg008763l_1_region	72052	447348	6.21	0	19
ptg008764l_1	284455	4060121	14.27	0	50
ptg008764l_1_region	284455	4060121	14.27	0	50
ptg008770l_1	210479	174619	0.83	0	25
ptg008770l_1_region	210479	174619	0.83	0	25
ptg008772l_1	29660	165323	5.57	0	13
ptg008772l_1_region	29660	165323	5.57	0	13
ptg008773l_1	301333	2463262	8.17	0	25
ptg008773l_1_region	301333	2463262	8.17	0	25
ptg008776l_1	202916	1269096	6.25	0	23
ptg008776l_1_region	202916	1269096	6.25	0	23
ptg008778l_1	98054	949018	9.68	0	44
ptg008778l_1_region	98054	949018	9.68	0	44
ptg008784l_1	47156	1534177	32.53	0	89
ptg008784l_1_region	47156	1534177	32.53	0	89
ptg008785l_1	137940	1189557	8.62	0	40
ptg008785l_1_region	137940	1189557	8.62	0	40
ptg008786l_1	93345	1719070	18.42	0	46
ptg008786l_1_region	93345	1719070	18.42	0	46
ptg008787l_1	183947	1094476	5.95	0	17
ptg008787l_1_region	183947	1094476	5.95	0	17
ptg008789l_1	200271	731226	3.65	0	11
ptg008789l_1_region	200271	731226	3.65	0	11
ptg008795l_1	63654	439236	6.90	0	29
ptg008795l_1_region	63654	439236	6.90	0	29
ptg008797l_1	260032	1084770	4.17	0	14
ptg008797l_1_region	260032	1084770	4.17	0	14
ptg008798l_1	114315	519344	4.54	0	14
ptg008798l_1_region	114315	519344	4.54	0	14
ptg008799l_1	593869	3681994	6.20	0	23
ptg008799l_1_region	593869	3681994	6.20	0	23
ptg008801l_1	80910	495523	6.12	0	14
ptg008801l_1_region	80910	495523	6.12	0	14
ptg008803l_1	397760	2308561	5.80	0	16
ptg008803l_1_region	397760	2308561	5.80	0	16
ptg008804l_1	42314	387124	9.15	2	15
ptg008804l_1_region	42314	387124	9.15	2	15
ptg008809l_1	66580	289026	4.34	0	18
ptg008809l_1_region	66580	289026	4.34	0	18
ptg008818l_1	77475	80445	1.04	0	4
ptg008818l_1_region	77475	80445	1.04	0	4
ptg008819l_1	176341	1284605	7.28	0	18
ptg008819l_1_region	176341	1284605	7.28	0	18
ptg008820l_1	220032	1285195	5.84	0	17
ptg008820l_1_region	220032	1285195	5.84	0	17
ptg008821l_1	147552	946769	6.42	0	17
ptg008821l_1_region	147552	946769	6.42	0	17
ptg008823l_1	202237	2436739	12.05	0	200
ptg008823l_1_region	202237	2436739	12.05	0	200
ptg008824l_1	87378	492551	5.64	0	26
ptg008824l_1_region	87378	492551	5.64	0	26
ptg008825l_1	312446	1232391	3.94	0	22
ptg008825l_1_region	312446	1232391	3.94	0	22
ptg008826l_1	24200	69344	2.87	0	8
ptg008826l_1_region	24200	69344	2.87	0	8
ptg008828l_1	86379	377650	4.37	0	12
ptg008828l_1_region	86379	377650	4.37	0	12
ptg008829l_1	17713	83966	4.74	0	12
ptg008829l_1_region	17713	83966	4.74	0	12
ptg008830l_1	227937	1765661	7.75	0	21
ptg008830l_1_region	227937	1765661	7.75	0	21
ptg008831l_1	28264	193067	6.83	0	21
ptg008831l_1_region	28264	193067	6.83	0	21
ptg008833l_1	45975	174112	3.79	0	11
ptg008833l_1_region	45975	174112	3.79	0	11
ptg008843l_1	75412	372400	4.94	0	12
ptg008843l_1_region	75412	372400	4.94	0	12
ptg008848l_1	15817	22997	1.45	0	5
ptg008848l_1_region	15817	22997	1.45	0	5
ptg008850l_1	204927	1133073	5.53	0	19
ptg008850l_1_region	204927	1133073	5.53	0	19
ptg008851l_1	531950	3397314	6.39	0	37
ptg008851l_1_region	531950	3397314	6.39	0	37
ptg008852l_1	97812	352838	3.61	0	11
ptg008852l_1_region	97812	352838	3.61	0	11
ptg008853l_1	303680	2298510	7.57	0	26
ptg008853l_1_region	303680	2298510	7.57	0	26
ptg008855l_1	19830	46228	2.33	0	6
ptg008855l_1_region	19830	46228	2.33	0	6
ptg008856l_1	47854	249828	5.22	0	12
ptg008856l_1_region	47854	249828	5.22	0	12
ptg008860l_1	15982	20829	1.30	0	3
ptg008860l_1_region	15982	20829	1.30	0	3
ptg008861l_1	544657	4742621	8.71	0	19
ptg008861l_1_region	544657	4742621	8.71	0	19
ptg008863l_1	86071	319305	3.71	0	12
ptg008863l_1_region	86071	319305	3.71	0	12
ptg008867l_1	108081	307972	2.85	0	10
ptg008867l_1_region	108081	307972	2.85	0	10
ptg008870l_1	144721	1334333	9.22	0	29
ptg008870l_1_region	144721	1334333	9.22	0	29
ptg008872l_1	190433	1146970	6.02	0	14
ptg008872l_1_region	190433	1146970	6.02	0	14
ptg008873l_1	142530	1174999	8.24	0	28
ptg008873l_1_region	142530	1174999	8.24	0	28
ptg008875l_1	176824	1131685	6.40	0	19
ptg008875l_1_region	176824	1131685	6.40	0	19
ptg008878l_1	413308	3219197	7.79	0	236
ptg008878l_1_region	413308	3219197	7.79	0	236
ptg008881l_1	141764	786830	5.55	0	45
ptg008881l_1_region	141764	786830	5.55	0	45
ptg008883l_1	96054	772597	8.04	0	21
ptg008883l_1_region	96054	772597	8.04	0	21
ptg008885l_1	74056	357733	4.83	0	18
ptg008885l_1_region	74056	357733	4.83	0	18
ptg008892l_1	52886	158366	2.99	0	14
ptg008892l_1_region	52886	158366	2.99	0	14
ptg008893l_1	25208	18900	0.75	0	4
ptg008893l_1_region	25208	18900	0.75	0	4
ptg008894l_1	76258	32885	0.43	0	2
ptg008894l_1_region	76258	32885	0.43	0	2
ptg008896l_1	21791	49933	2.29	0	8
ptg008896l_1_region	21791	49933	2.29	0	8
ptg008900l_1	138181	5765478	41.72	0	383
ptg008900l_1_region	138181	5765478	41.72	0	383
ptg008906l_1	146950	2677372	18.22	0	81
ptg008906l_1_region	146950	2677372	18.22	0	81
ptg008909l_1	101685	362815	3.57	0	27
ptg008909l_1_region	101685	362815	3.57	0	27
ptg008910l_1	409233	2949898	7.21	0	20
ptg008910l_1_region	409233	2949898	7.21	0	20
ptg008912l_1	187146	1167605	6.24	0	23
ptg008912l_1_region	187146	1167605	6.24	0	23
ptg008914l_1	138108	1601736	11.60	0	83
ptg008914l_1_region	138108	1601736	11.60	0	83
ptg008917l_1	35103	256812	7.32	0	16
ptg008917l_1_region	35103	256812	7.32	0	16
ptg008919l_1	384529	1856397	4.83	0	43
ptg008919l_1_region	384529	1856397	4.83	0	43
ptg008921l_1	390836	2287464	5.85	0	20
ptg008921l_1_region	390836	2287464	5.85	0	20
ptg008924l_1	18382	191475	10.42	0	15
ptg008924l_1_region	18382	191475	10.42	0	15
ptg008933l_1	73972	490607	6.63	0	18
ptg008933l_1_region	73972	490607	6.63	0	18
ptg008934l_1	50321	278001	5.52	0	10
ptg008934l_1_region	50321	278001	5.52	0	10
ptg008938l_1	58185	390486	6.71	0	16
ptg008938l_1_region	58185	390486	6.71	0	16
ptg008944l_1	229302	2849170	12.43	0	65
ptg008944l_1_region	229302	2849170	12.43	0	65
ptg008945l_1	252490	4139610	16.40	0	57
ptg008945l_1_region	252490	4139610	16.40	0	57
ptg008947l_1	190471	1264044	6.64	0	29
ptg008947l_1_region	190471	1264044	6.64	0	29
ptg008950l_1	227551	2129917	9.36	0	186
ptg008950l_1_region	227551	2129917	9.36	0	186
ptg008952l_1	222782	2288209	10.27	0	28
ptg008952l_1_region	222782	2288209	10.27	0	28
ptg008956l_1	928035	8553766	9.22	0	75
ptg008956l_1_region	928035	8553766	9.22	0	75
ptg008960l_1	44186	323918	7.33	0	14
ptg008960l_1_region	44186	323918	7.33	0	14
ptg008961l_1	67997	312394	4.59	0	11
ptg008961l_1_region	67997	312394	4.59	0	11
ptg008970l_1	29944	111921	3.74	0	10
ptg008970l_1_region	29944	111921	3.74	0	10
ptg008971l_1	241049	1434403	5.95	0	16
ptg008971l_1_region	241049	1434403	5.95	0	16
ptg008973l_1	187846	1396849	7.44	0	20
ptg008973l_1_region	187846	1396849	7.44	0	20
ptg008974l_1	65035	258634	3.98	0	9
ptg008974l_1_region	65035	258634	3.98	0	9
ptg008975l_1	62097	313316	5.05	0	11
ptg008975l_1_region	62097	313316	5.05	0	11
ptg008977l_1	159151	821645	5.16	0	21
ptg008977l_1_region	159151	821645	5.16	0	21
ptg008979l_1	32494	58733	1.81	0	5
ptg008979l_1_region	32494	58733	1.81	0	5
ptg008980l_1	113348	600931	5.30	0	11
ptg008980l_1_region	113348	600931	5.30	0	11
ptg008981l_1	149590	1066130	7.13	0	18
ptg008981l_1_region	149590	1066130	7.13	0	18
ptg008982l_1	39588	1589161	40.14	0	172
ptg008982l_1_region	39588	1589161	40.14	0	172
ptg008992l_1	41210	31852	0.77	0	4
ptg008992l_1_region	41210	31852	0.77	0	4
ptg008996l_1	1231744	10589853	8.60	0	24
ptg008996l_1_region	1231744	10589853	8.60	0	24
ptg008998l_1	68512	344815	5.03	0	19
ptg008998l_1_region	68512	344815	5.03	0	19
ptg009000l_1	29847	299231	10.03	0	17
ptg009000l_1_region	29847	299231	10.03	0	17
ptg009001l_1	178564	1260222	7.06	0	18
ptg009001l_1_region	178564	1260222	7.06	0	18
ptg009003l_1	40218	133282	3.31	0	8
ptg009003l_1_region	40218	133282	3.31	0	8
ptg009005l_1	64689	452081	6.99	0	52
ptg009005l_1_region	64689	452081	6.99	0	52
ptg009007l_1	133880	554214	4.14	0	19
ptg009007l_1_region	133880	554214	4.14	0	19
ptg009009l_1	111239	539644	4.85	0	23
ptg009009l_1_region	111239	539644	4.85	0	23
ptg009011l_1	161374	470210	2.91	0	12
ptg009011l_1_region	161374	470210	2.91	0	12
ptg009012l_1	308483	10159621	32.93	0	125
ptg009012l_1_region	308483	10159621	32.93	0	125
ptg009015l_1	15236	38754	2.54	0	5
ptg009015l_1_region	15236	38754	2.54	0	5
ptg009016l_1	146633	816338	5.57	0	17
ptg009016l_1_region	146633	816338	5.57	0	17
ptg009018l_1	226021	1613677	7.14	0	16
ptg009018l_1_region	226021	1613677	7.14	0	16
ptg009022l_1	251241	2385127	9.49	0	33
ptg009022l_1_region	251241	2385127	9.49	0	33
ptg009023l_1	155760	915630	5.88	0	23
ptg009023l_1_region	155760	915630	5.88	0	23
ptg009027l_1	66536	297196	4.47	0	9
ptg009027l_1_region	66536	297196	4.47	0	9
ptg009032l_1	12024	14580	1.21	0	2
ptg009032l_1_region	12024	14580	1.21	0	2
ptg009033l_1	167108	1007243	6.03	0	47
ptg009033l_1_region	167108	1007243	6.03	0	47
ptg009034l_1	104983	700450	6.67	0	15
ptg009034l_1_region	104983	700450	6.67	0	15
ptg009038l_1	311136	2599044	8.35	0	21
ptg009038l_1_region	311136	2599044	8.35	0	21
ptg009039l_1	227423	1805498	7.94	0	85
ptg009039l_1_region	227423	1805498	7.94	0	85
ptg009040l_1	28347	89213	3.15	0	7
ptg009040l_1_region	28347	89213	3.15	0	7
ptg009041l_1	393199	2128188	5.41	0	15
ptg009041l_1_region	393199	2128188	5.41	0	15
ptg009051l_1	78559	680294	8.66	0	83
ptg009051l_1_region	78559	680294	8.66	0	83
ptg009053l_1	124628	2007919	16.11	0	68
ptg009053l_1_region	124628	2007919	16.11	0	68
ptg009054l_1	1130287	8523694	7.54	0	23
ptg009054l_1_region	1130287	8523694	7.54	0	23
ptg009058l_1	22759	88762	3.90	0	15
ptg009058l_1_region	22759	88762	3.90	0	15
ptg009061l_1	42226	132632	3.14	0	20
ptg009061l_1_region	42226	132632	3.14	0	20
ptg009062l_1	40791	216211	5.30	0	13
ptg009062l_1_region	40791	216211	5.30	0	13
ptg009064l_1	503842	3813943	7.57	0	18
ptg009064l_1_region	503842	3813943	7.57	0	18
ptg009066l_1	150095	815386	5.43	0	13
ptg009066l_1_region	150095	815386	5.43	0	13
ptg009070l_1	321104	1563212	4.87	0	23
ptg009070l_1_region	321104	1563212	4.87	0	23
ptg009073l_1	53104	239490	4.51	0	15
ptg009073l_1_region	53104	239490	4.51	0	15
ptg009076l_1	110472	908840	8.23	0	17
ptg009076l_1_region	110472	908840	8.23	0	17
ptg009080l_1	139944	1083582	7.74	0	17
ptg009080l_1_region	139944	1083582	7.74	0	17
ptg009082l_1	238516	1680456	7.05	0	15
ptg009082l_1_region	238516	1680456	7.05	0	15
ptg009083l_1	78968	229788	2.91	0	11
ptg009083l_1_region	78968	229788	2.91	0	11
ptg009084l_1	40225	140268	3.49	0	9
ptg009084l_1_region	40225	140268	3.49	0	9
ptg009094l_1	175262	808508	4.61	0	19
ptg009094l_1_region	175262	808508	4.61	0	19
ptg009095l_1	513050	5204784	10.14	0	549
ptg009095l_1_region	513050	5204784	10.14	0	549
ptg009097l_1	121150	613828	5.07	0	22
ptg009097l_1_region	121150	613828	5.07	0	22
ptg009098l_1	156643	1172879	7.49	0	19
ptg009098l_1_region	156643	1172879	7.49	0	19
ptg009100l_1	294109	2253432	7.66	0	28
ptg009100l_1_region	294109	2253432	7.66	0	28
ptg009102l_1	56610	163743	2.89	0	7
ptg009102l_1_region	56610	163743	2.89	0	7
ptg009103l_1	52328	299560	5.72	0	17
ptg009103l_1_region	52328	299560	5.72	0	17
ptg009109l_1	404423	3621369	8.95	0	21
ptg009109l_1_region	404423	3621369	8.95	0	21
ptg009114l_1	103926	667828	6.43	0	17
ptg009114l_1_region	103926	667828	6.43	0	17
ptg009116l_1	69901	347990	4.98	0	11
ptg009116l_1_region	69901	347990	4.98	0	11
ptg009117l_1	25434	68313	2.69	0	9
ptg009117l_1_region	25434	68313	2.69	0	9
ptg009119l_1	237849	1729087	7.27	0	28
ptg009119l_1_region	237849	1729087	7.27	0	28
ptg009126l_1	122262	913881	7.47	0	16
ptg009126l_1_region	122262	913881	7.47	0	16
ptg009128l_1	52531	2576243	49.04	0	152
ptg009128l_1_region	52531	2576243	49.04	0	152
ptg009129l_1	285011	1497753	5.26	0	18
ptg009129l_1_region	285011	1497753	5.26	0	18
ptg009130l_1	165711	2316777	13.98	0	62
ptg009130l_1_region	165711	2316777	13.98	0	62
ptg009131l_1	53696	268105	4.99	0	11
ptg009131l_1_region	53696	268105	4.99	0	11
ptg009135l_1	18422	76257	4.14	0	6
ptg009135l_1_region	18422	76257	4.14	0	6
ptg009137l_1	38893	125331	3.22	0	7
ptg009137l_1_region	38893	125331	3.22	0	7
ptg009139l_1	38633	148037	3.83	0	12
ptg009139l_1_region	38633	148037	3.83	0	12
ptg009140l_1	202087	1940817	9.60	0	50
ptg009140l_1_region	202087	1940817	9.60	0	50
ptg009141l_1	80464	138264	1.72	0	8
ptg009141l_1_region	80464	138264	1.72	0	8
ptg009145l_1	64080	166997	2.61	0	13
ptg009145l_1_region	64080	166997	2.61	0	13
ptg009146l_1	24477	12138	0.50	0	2
ptg009146l_1_region	24477	12138	0.50	0	2
ptg009148l_1	180501	1126017	6.24	0	18
ptg009148l_1_region	180501	1126017	6.24	0	18
ptg009150l_1	29270	46417	1.59	0	9
ptg009150l_1_region	29270	46417	1.59	0	9
ptg009152l_1	158770	1330735	8.38	0	34
ptg009152l_1_region	158770	1330735	8.38	0	34
ptg009155l_1	368835	1992046	5.40	0	19
ptg009155l_1_region	368835	1992046	5.40	0	19
ptg009156l_1	37502	400912	10.69	0	28
ptg009156l_1_region	37502	400912	10.69	0	28
ptg009158l_1	34499	165578	4.80	0	16
ptg009158l_1_region	34499	165578	4.80	0	16
ptg009159l_1	18847	26281	1.39	0	59
ptg009159l_1_region	18847	26281	1.39	0	59
ptg009160l_1	98159	669001	6.82	0	14
ptg009160l_1_region	98159	669001	6.82	0	14
ptg009161l_1	255501	1361226	5.33	0	20
ptg009161l_1_region	255501	1361226	5.33	0	20
ptg009164l_1	123798	1146529	9.26	0	39
ptg009164l_1_region	123798	1146529	9.26	0	39
ptg009165l_1	127483	706957	5.55	0	14
ptg009165l_1_region	127483	706957	5.55	0	14
ptg009166l_1	149917	1027232	6.85	0	17
ptg009166l_1_region	149917	1027232	6.85	0	17
ptg009167l_1	176100	1448608	8.23	0	31
ptg009167l_1_region	176100	1448608	8.23	0	31
ptg009171l_1	182400	593212	3.25	0	15
ptg009171l_1_region	182400	593212	3.25	0	15
ptg009175l_1	386544	1830836	4.74	0	25
ptg009175l_1_region	386544	1830836	4.74	0	25
ptg009176l_1	172696	3261954	18.89	0	63
ptg009176l_1_region	172696	3261954	18.89	0	63
ptg009178l_1	452017	3360327	7.43	0	34
ptg009178l_1_region	452017	3360327	7.43	0	34
ptg009182l_1	145638	633456	4.35	0	31
ptg009182l_1_region	145638	633456	4.35	0	31
ptg009183l_1	43210	199691	4.62	0	14
ptg009183l_1_region	43210	199691	4.62	0	14
ptg009188l_1	301770	2070840	6.86	0	20
ptg009188l_1_region	301770	2070840	6.86	0	20
ptg009189l_1	23111	151657	6.56	0	11
ptg009189l_1_region	23111	151657	6.56	0	11
ptg009192l_1	59521	291344	4.89	0	16
ptg009192l_1_region	59521	291344	4.89	0	16
ptg009194l_1	37085	88783	2.39	0	7
ptg009194l_1_region	37085	88783	2.39	0	7
ptg009198c_1	25107	163953	6.53	0	12
ptg009198c_1_region	25107	163953	6.53	0	12
ptg009199l_1	64445	144342	2.24	0	13
ptg009199l_1_region	64445	144342	2.24	0	13
ptg009203l_1	49778	181851	3.65	0	12
ptg009203l_1_region	49778	181851	3.65	0	12
ptg009205l_1	41975	216142	5.15	0	15
ptg009205l_1_region	41975	216142	5.15	0	15
ptg009206l_1	41766	63652	1.52	0	5
ptg009206l_1_region	41766	63652	1.52	0	5
ptg009207l_1	100381	560106	5.58	0	18
ptg009207l_1_region	100381	560106	5.58	0	18
ptg009208l_1	128402	588706	4.58	0	26
ptg009208l_1_region	128402	588706	4.58	0	26
ptg009209l_1	81205	275111	3.39	0	12
ptg009209l_1_region	81205	275111	3.39	0	12
ptg009210l_1	157324	1176923	7.48	0	20
ptg009210l_1_region	157324	1176923	7.48	0	20
ptg009222l_1	212732	1504314	7.07	0	17
ptg009222l_1_region	212732	1504314	7.07	0	17
ptg009226l_1	25218	25200	1.00	0	4
ptg009226l_1_region	25218	25200	1.00	0	4
ptg009227l_1	229470	9386334	40.90	0	283
ptg009227l_1_region	229470	9386334	40.90	0	283
ptg009230l_1	14883	24101	1.62	0	5
ptg009230l_1_region	14883	24101	1.62	0	5
ptg009234l_1	22446	86236	3.84	0	32
ptg009234l_1_region	22446	86236	3.84	0	32
ptg009239l_1	153117	1140223	7.45	0	15
ptg009239l_1_region	153117	1140223	7.45	0	15
ptg009240l_1	90911	489811	5.39	0	15
ptg009240l_1_region	90911	489811	5.39	0	15
ptg009242l_1	106316	916527	8.62	0	28
ptg009242l_1_region	106316	916527	8.62	0	28
ptg009245l_1	407100	2911997	7.15	0	45
ptg009245l_1_region	407100	2911997	7.15	0	45
ptg009248l_1	81578	425823	5.22	0	17
ptg009248l_1_region	81578	425823	5.22	0	17
ptg009250l_1	116899	811962	6.95	0	21
ptg009250l_1_region	116899	811962	6.95	0	21
ptg009251l_1	69654	526105	7.55	0	20
ptg009251l_1_region	69654	526105	7.55	0	20
ptg009253l_1	34449	258012	7.49	0	26
ptg009253l_1_region	34449	258012	7.49	0	26
ptg009255l_1	376248	2275334	6.05	0	20
ptg009255l_1_region	376248	2275334	6.05	0	20
ptg009257l_1	197888	1226299	6.20	0	20
ptg009257l_1_region	197888	1226299	6.20	0	20
ptg009258l_1	83114	396390	4.77	0	23
ptg009258l_1_region	83114	396390	4.77	0	23
ptg009261l_1	130206	991545	7.62	0	23
ptg009261l_1_region	130206	991545	7.62	0	23
ptg009262l_1	97506	951847	9.76	0	50
ptg009262l_1_region	97506	951847	9.76	0	50
ptg009263l_1	263612	1456065	5.52	0	23
ptg009263l_1_region	263612	1456065	5.52	0	23
ptg009271l_1	180621	783942	4.34	0	21
ptg009271l_1_region	180621	783942	4.34	0	21
ptg009276l_1	205205	1704932	8.31	0	32
ptg009276l_1_region	205205	1704932	8.31	0	32
ptg009279l_1	28848	206619	7.16	0	24
ptg009279l_1_region	28848	206619	7.16	0	24
ptg009281l_1	130297	341579	2.62	0	107
ptg009281l_1_region	130297	341579	2.62	0	107
ptg009284l_1	146764	3524671	24.02	0	176
ptg009284l_1_region	146764	3524671	24.02	0	176
ptg009285l_1	104596	2992855	28.61	0	196
ptg009285l_1_region	104596	2992855	28.61	0	196
ptg009291l_1	67434	340458	5.05	0	15
ptg009291l_1_region	67434	340458	5.05	0	15
ptg009293l_1	27598	220293	7.98	0	12
ptg009293l_1_region	27598	220293	7.98	0	12
ptg009296l_1	212854	6569802	30.87	0	279
ptg009296l_1_region	212854	6569802	30.87	0	279
ptg009299l_1	9263	26987	2.91	0	6
ptg009299l_1_region	9263	26987	2.91	0	6
ptg009300l_1	488189	3813060	7.81	0	29
ptg009300l_1_region	488189	3813060	7.81	0	29
ptg009303l_1	44775	201996	4.51	0	11
ptg009303l_1_region	44775	201996	4.51	0	11
ptg009305l_1	38494	81511	2.12	0	19
ptg009305l_1_region	38494	81511	2.12	0	19
ptg009308l_1	72968	141918	1.94	0	8
ptg009308l_1_region	72968	141918	1.94	0	8
ptg009310l_1	251578	1303529	5.18	0	25
ptg009310l_1_region	251578	1303529	5.18	0	25
ptg009313l_1	707736	4962362	7.01	0	46
ptg009313l_1_region	707736	4962362	7.01	0	46
ptg009322l_1	52102	326414	6.26	0	20
ptg009322l_1_region	52102	326414	6.26	0	20
ptg009326l_1	737710	5973157	8.10	0	41
ptg009326l_1_region	737710	5973157	8.10	0	41
ptg009328l_1	41896	173630	4.14	0	14
ptg009328l_1_region	41896	173630	4.14	0	14
ptg009331l_1	31659	106812	3.37	0	8
ptg009331l_1_region	31659	106812	3.37	0	8
ptg009333l_1	15360	50265	3.27	0	9
ptg009333l_1_region	15360	50265	3.27	0	9
ptg009341l_1	196887	1384011	7.03	0	29
ptg009341l_1_region	196887	1384011	7.03	0	29
ptg009342l_1	262241	2973963	11.34	0	70
ptg009342l_1_region	262241	2973963	11.34	0	70
ptg009343l_1	36397	177634	4.88	0	18
ptg009343l_1_region	36397	177634	4.88	0	18
ptg009346l_1	202869	1512166	7.45	0	23
ptg009346l_1_region	202869	1512166	7.45	0	23
ptg009348l_1	261559	1317016	5.04	0	17
ptg009348l_1_region	261559	1317016	5.04	0	17
ptg009352l_1	74570	1001143	13.43	0	521
ptg009352l_1_region	74570	1001143	13.43	0	521
ptg009355l_1	43703	104814	2.40	0	10
ptg009355l_1_region	43703	104814	2.40	0	10
ptg009359l_1	19222	79090	4.11	0	7
ptg009359l_1_region	19222	79090	4.11	0	7
ptg009361l_1	90350	242027	2.68	0	29
ptg009361l_1_region	90350	242027	2.68	0	29
ptg009364l_1	176806	1597366	9.03	0	25
ptg009364l_1_region	176806	1597366	9.03	0	25
ptg009365l_1	926314	8315718	8.98	0	25
ptg009365l_1_region	926314	8315718	8.98	0	25
ptg009367l_1	122633	971375	7.92	0	37
ptg009367l_1_region	122633	971375	7.92	0	37
ptg009369l_1	106508	504889	4.74	0	16
ptg009369l_1_region	106508	504889	4.74	0	16
ptg009371l_1	130292	882462	6.77	0	18
ptg009371l_1_region	130292	882462	6.77	0	18
ptg009374l_1	162648	481649	2.96	0	14
ptg009374l_1_region	162648	481649	2.96	0	14
ptg009375l_1	388864	9633964	24.77	0	126
ptg009375l_1_region	388864	9633964	24.77	0	126
ptg009376l_1	48151	1159155	24.07	0	62
ptg009376l_1_region	48151	1159155	24.07	0	62
ptg009379l_1	126022	786709	6.24	0	13
ptg009379l_1_region	126022	786709	6.24	0	13
ptg009380l_1	189690	726621	3.83	0	18
ptg009380l_1_region	189690	726621	3.83	0	18
ptg009394l_1	281540	382699	1.36	0	11
ptg009394l_1_region	281540	382699	1.36	0	11
ptg009398l_1	232313	1238579	5.33	0	16
ptg009398l_1_region	232313	1238579	5.33	0	16
ptg009406l_1	64441	244454	3.79	0	8
ptg009406l_1_region	64441	244454	3.79	0	8
ptg009407l_1	323501	2524378	7.80	0	23
ptg009407l_1_region	323501	2524378	7.80	0	23
ptg009410l_1	1048599	6397391	6.10	0	25
ptg009410l_1_region	1048599	6397391	6.10	0	25
ptg009412l_1	50593	243307	4.81	0	13
ptg009412l_1_region	50593	243307	4.81	0	13
ptg009413l_1	113297	720637	6.36	0	45
ptg009413l_1_region	113297	720637	6.36	0	45
ptg009414l_1	145339	3275314	22.54	0	68
ptg009414l_1_region	145339	3275314	22.54	0	68
ptg009416l_1	83736	2237054	26.72	0	102
ptg009416l_1_region	83736	2237054	26.72	0	102
ptg009421l_1	76556	433678	5.66	0	26
ptg009421l_1_region	76556	433678	5.66	0	26
ptg009422l_1	192659	1002981	5.21	0	13
ptg009422l_1_region	192659	1002981	5.21	0	13
ptg009423l_1	21522	29012	1.35	0	7
ptg009423l_1_region	21522	29012	1.35	0	7
ptg009424l_1	256291	1365880	5.33	0	34
ptg009424l_1_region	256291	1365880	5.33	0	34
ptg009425l_1	112716	1474307	13.08	0	26
ptg009425l_1_region	112716	1474307	13.08	0	26
ptg009431l_1	305841	2481338	8.11	0	64
ptg009431l_1_region	305841	2481338	8.11	0	64
ptg009433l_1	28410	213252	7.51	0	15
ptg009433l_1_region	28410	213252	7.51	0	15
ptg009435l_1	510298	3120084	6.11	0	25
ptg009435l_1_region	510298	3120084	6.11	0	25
ptg009436l_1	75032	326144	4.35	0	14
ptg009436l_1_region	75032	326144	4.35	0	14
ptg009437l_1	413677	2134822	5.16	0	21
ptg009437l_1_region	413677	2134822	5.16	0	21
ptg009438l_1	17863	116366	6.51	0	38
ptg009438l_1_region	17863	116366	6.51	0	38
ptg009439l_1	160483	19772045	123.20	0	828
ptg009439l_1_region	160483	19772045	123.20	0	828
ptg009443l_1	74594	490534	6.58	0	17
ptg009443l_1_region	74594	490534	6.58	0	17
ptg009444l_1	77719	257082	3.31	0	12
ptg009444l_1_region	77719	257082	3.31	0	12
ptg009448l_1	186375	1149812	6.17	0	37
ptg009448l_1_region	186375	1149812	6.17	0	37
ptg009453l_1	105590	399348	3.78	0	12
ptg009453l_1_region	105590	399348	3.78	0	12
ptg009454l_1	1092295	8213756	7.52	0	55
ptg009454l_1_region	1092295	8213756	7.52	0	55
ptg009460l_1	40323	100534	2.49	0	10
ptg009460l_1_region	40323	100534	2.49	0	10
ptg009461l_1	17108	158416	9.26	2	17
ptg009461l_1_region	17108	158416	9.26	2	17
ptg009462l_1	179755	1005943	5.60	0	14
ptg009462l_1_region	179755	1005943	5.60	0	14
ptg009463l_1	34597	78885	2.28	0	8
ptg009463l_1_region	34597	78885	2.28	0	8
ptg009464l_1	171234	816762	4.77	0	20
ptg009464l_1_region	171234	816762	4.77	0	20
ptg009472l_1	91957	385263	4.19	0	10
ptg009472l_1_region	91957	385263	4.19	0	10
ptg009475l_1	61958	231508	3.74	0	9
ptg009475l_1_region	61958	231508	3.74	0	9
ptg009476l_1	19923	2155	0.11	0	1
ptg009476l_1_region	19923	2155	0.11	0	1
ptg009481l_1	49469	762047	15.40	0	55
ptg009481l_1_region	49469	762047	15.40	0	55
ptg009482l_1	79212	645161	8.14	0	16
ptg009482l_1_region	79212	645161	8.14	0	16
ptg009483l_1	203831	1815213	8.91	0	77
ptg009483l_1_region	203831	1815213	8.91	0	77
ptg009484l_1	85834	359001	4.18	0	55
ptg009484l_1_region	85834	359001	4.18	0	55
ptg009485l_1	59482	288739	4.85	0	11
ptg009485l_1_region	59482	288739	4.85	0	11
ptg009491l_1	20402	53563	2.63	0	16
ptg009491l_1_region	20402	53563	2.63	0	16
ptg009493l_1	203040	1250759	6.16	0	80
ptg009493l_1_region	203040	1250759	6.16	0	80
ptg009494l_1	155732	923624	5.93	0	14
ptg009494l_1_region	155732	923624	5.93	0	14
ptg009497l_1	93366	540216	5.79	0	15
ptg009497l_1_region	93366	540216	5.79	0	15
ptg009498l_1	213234	969867	4.55	0	15
ptg009498l_1_region	213234	969867	4.55	0	15
ptg009505l_1	580862	9680198	16.67	0	77
ptg009505l_1_region	580862	9680198	16.67	0	77
ptg009506l_1	875717	5228311	5.97	0	39
ptg009506l_1_region	875717	5228311	5.97	0	39
ptg009509l_1	83894	401701	4.79	0	14
ptg009509l_1_region	83894	401701	4.79	0	14
ptg009510l_1	369355	2062837	5.58	0	45
ptg009510l_1_region	369355	2062837	5.58	0	45
ptg009511l_1	258077	2221324	8.61	0	83
ptg009511l_1_region	258077	2221324	8.61	0	83
ptg009512l_1	303620	1029727	3.39	0	26
ptg009512l_1_region	303620	1029727	3.39	0	26
ptg009513l_1	2424299	15589812	6.43	0	64
ptg009513l_1_region	2424299	15589812	6.43	0	64
ptg009515l_1	87665	469807	5.36	0	14
ptg009515l_1_region	87665	469807	5.36	0	14
ptg009521l_1	273526	1642825	6.01	0	14
ptg009521l_1_region	273526	1642825	6.01	0	14
ptg009524l_1	231693	5657152	24.42	0	81
ptg009524l_1_region	231693	5657152	24.42	0	81
ptg009526l_1	161251	1214312	7.53	0	14
ptg009526l_1_region	161251	1214312	7.53	0	14
ptg009527l_1	308312	2671331	8.66	0	61
ptg009527l_1_region	308312	2671331	8.66	0	61
ptg009530l_1	59208	253904	4.29	0	17
ptg009530l_1_region	59208	253904	4.29	0	17
ptg009531l_1	44984	270703	6.02	0	24
ptg009531l_1_region	44984	270703	6.02	0	24
ptg009533l_1	24641	59829	2.43	0	5
ptg009533l_1_region	24641	59829	2.43	0	5
ptg009534l_1	79712	338907	4.25	0	13
ptg009534l_1_region	79712	338907	4.25	0	13
ptg009535l_1	48832	289872	5.94	0	15
ptg009535l_1_region	48832	289872	5.94	0	15
ptg009536l_1	127941	630819	4.93	0	73
ptg009536l_1_region	127941	630819	4.93	0	73
ptg009537l_1	249693	1095074	4.39	0	42
ptg009537l_1_region	249693	1095074	4.39	0	42
ptg009539l_1	85461	999226	11.69	0	26
ptg009539l_1_region	85461	999226	11.69	0	26
ptg009540l_1	100602	316918	3.15	0	9
ptg009540l_1_region	100602	316918	3.15	0	9
ptg009541l_1	46650	300043	6.43	0	17
ptg009541l_1_region	46650	300043	6.43	0	17
ptg009542l_1	53152	283759	5.34	0	13
ptg009542l_1_region	53152	283759	5.34	0	13
ptg009543l_1	177784	1829456	10.29	0	24
ptg009543l_1_region	177784	1829456	10.29	0	24
ptg009544l_1	102665	476909	4.65	0	10
ptg009544l_1_region	102665	476909	4.65	0	10
ptg009545l_1	42556	15797	0.37	0	6
ptg009545l_1_region	42556	15797	0.37	0	6
ptg009546l_1	116260	753837	6.48	0	16
ptg009546l_1_region	116260	753837	6.48	0	16
ptg009547l_1	138247	836719	6.05	0	21
ptg009547l_1_region	138247	836719	6.05	0	21
ptg009548l_1	22027	118765	5.39	0	12
ptg009548l_1_region	22027	118765	5.39	0	12
ptg009551l_1	52089	325807	6.25	0	13
ptg009551l_1_region	52089	325807	6.25	0	13
ptg009552l_1	20480	59101	2.89	0	16
ptg009552l_1_region	20480	59101	2.89	0	16
ptg009553l_1	100640	657112	6.53	0	25
ptg009553l_1_region	100640	657112	6.53	0	25
ptg009558l_1	271334	1381580	5.09	0	20
ptg009558l_1_region	271334	1381580	5.09	0	20
ptg009559l_1	110317	622635	5.64	0	17
ptg009559l_1_region	110317	622635	5.64	0	17
ptg009563l_1	114814	524079	4.56	0	16
ptg009563l_1_region	114814	524079	4.56	0	16
ptg009567l_1	6879	16653	2.42	0	6
ptg009567l_1_region	6879	16653	2.42	0	6
ptg009571l_1	300473	22305348	74.23	0	305
ptg009571l_1_region	300473	22305348	74.23	0	305
ptg009574l_1	236709	1466119	6.19	0	62
ptg009574l_1_region	236709	1466119	6.19	0	62
ptg009575l_1	53294	143123	2.69	0	12
ptg009575l_1_region	53294	143123	2.69	0	12
ptg009576l_1	301819	2724455	9.03	0	26
ptg009576l_1_region	301819	2724455	9.03	0	26
ptg009577l_1	56342	350125	6.21	0	21
ptg009577l_1_region	56342	350125	6.21	0	21
ptg009582l_1	28663	105566	3.68	0	8
ptg009582l_1_region	28663	105566	3.68	0	8
ptg009588l_1	68279	317610	4.65	0	11
ptg009588l_1_region	68279	317610	4.65	0	11
ptg009592l_1	112632	855514	7.60	0	36
ptg009592l_1_region	112632	855514	7.60	0	36
ptg009593l_1	225472	1280294	5.68	0	38
ptg009593l_1_region	225472	1280294	5.68	0	38
ptg009598l_1	66062	349449	5.29	0	14
ptg009598l_1_region	66062	349449	5.29	0	14
ptg009602l_1	102028	383721	3.76	0	12
ptg009602l_1_region	102028	383721	3.76	0	12
ptg009603l_1	89814	639583	7.12	0	23
ptg009603l_1_region	89814	639583	7.12	0	23
ptg009605l_1	82989	364698	4.39	0	9
ptg009605l_1_region	82989	364698	4.39	0	9
ptg009606l_1	63999	342064	5.34	0	12
ptg009606l_1_region	63999	342064	5.34	0	12
ptg009609l_1	49370	124845	2.53	0	7
ptg009609l_1_region	49370	124845	2.53	0	7
ptg009610l_1	229700	1078259	4.69	0	46
ptg009610l_1_region	229700	1078259	4.69	0	46
ptg009617l_1	11333	29384	2.59	0	4
ptg009617l_1_region	11333	29384	2.59	0	4
ptg009618l_1	143754	1213224	8.44	0	63
ptg009618l_1_region	143754	1213224	8.44	0	63
ptg009622l_1	255802	3330649	13.02	0	55
ptg009622l_1_region	255802	3330649	13.02	0	55
ptg009624l_1	11654	92252	7.92	0	17
ptg009624l_1_region	11654	92252	7.92	0	17
ptg009627l_1	83572	398418	4.77	0	11
ptg009627l_1_region	83572	398418	4.77	0	11
ptg009630l_1	82720	801969	9.69	0	26
ptg009630l_1_region	82720	801969	9.69	0	26
ptg009631l_1	302530	2312318	7.64	0	129
ptg009631l_1_region	302530	2312318	7.64	0	129
ptg009635l_1	11442	133692	11.68	9	13
ptg009635l_1_region	11442	133692	11.68	9	13
ptg009636l_1	19501	63402	3.25	0	7
ptg009636l_1_region	19501	63402	3.25	0	7
ptg009638l_1	289453	1979765	6.84	0	22
ptg009638l_1_region	289453	1979765	6.84	0	22
ptg009639l_1	241875	1047095	4.33	0	17
ptg009639l_1_region	241875	1047095	4.33	0	17
ptg009640l_1	61762	288359	4.67	0	10
ptg009640l_1_region	61762	288359	4.67	0	10
ptg009642l_1	51652	245020	4.74	0	10
ptg009642l_1_region	51652	245020	4.74	0	10
ptg009649l_1	307614	1353658	4.40	0	33
ptg009649l_1_region	307614	1353658	4.40	0	33
ptg009654l_1	252442	2805560	11.11	0	28
ptg009654l_1_region	252442	2805560	11.11	0	28
ptg009659l_1	61820	628608	10.17	0	47
ptg009659l_1_region	61820	628608	10.17	0	47
ptg009668l_1	155371	810921	5.22	0	20
ptg009668l_1_region	155371	810921	5.22	0	20
ptg009672l_1	33215	95987	2.89	0	8
ptg009672l_1_region	33215	95987	2.89	0	8
ptg009680l_1	11534	6079	0.53	0	1
ptg009680l_1_region	11534	6079	0.53	0	1
ptg009681l_1	45367	115131	2.54	0	7
ptg009681l_1_region	45367	115131	2.54	0	7
ptg009684l_1	323758	10187003	31.46	0	528
ptg009684l_1_region	323758	10187003	31.46	0	528
ptg009685l_1	40271	186517	4.63	0	14
ptg009685l_1_region	40271	186517	4.63	0	14
ptg009687l_1	64667	219151	3.39	0	40
ptg009687l_1_region	64667	219151	3.39	0	40
ptg009693l_1	140321	973183	6.94	0	30
ptg009693l_1_region	140321	973183	6.94	0	30
ptg009694l_1	198018	951536	4.81	0	17
ptg009694l_1_region	198018	951536	4.81	0	17
ptg009695l_1	20398	66980	3.28	0	10
ptg009695l_1_region	20398	66980	3.28	0	10
ptg009697l_1	25090	45780	1.82	0	4
ptg009697l_1_region	25090	45780	1.82	0	4
ptg009698l_1	108240	880409	8.13	0	29
ptg009698l_1_region	108240	880409	8.13	0	29
ptg009701l_1	20243	58190	2.87	0	7
ptg009701l_1_region	20243	58190	2.87	0	7
ptg009702l_1	142373	1082799	7.61	0	27
ptg009702l_1_region	142373	1082799	7.61	0	27
ptg009704l_1	93014	1875654	20.17	1	110
ptg009704l_1_region	93014	1875654	20.17	1	110
ptg009707l_1	62459	254401	4.07	0	9
ptg009707l_1_region	62459	254401	4.07	0	9
ptg009709l_1	326973	3523646	10.78	0	36
ptg009709l_1_region	326973	3523646	10.78	0	36
ptg009713l_1	18504	123250	6.66	1	11
ptg009713l_1_region	18504	123250	6.66	1	11
ptg009714l_1	79714	213235	2.68	0	11
ptg009714l_1_region	79714	213235	2.68	0	11
ptg009715l_1	175791	846855	4.82	0	59
ptg009715l_1_region	175791	846855	4.82	0	59
ptg009718l_1	59726	306248	5.13	0	13
ptg009718l_1_region	59726	306248	5.13	0	13
ptg009720l_1	162463	20040677	123.36	0	1955
ptg009720l_1_region	162463	20040677	123.36	0	1955
ptg009724l_1	230549	2502778	10.86	0	46
ptg009724l_1_region	230549	2502778	10.86	0	46
ptg009726l_1	226585	1197567	5.29	0	18
ptg009726l_1_region	226585	1197567	5.29	0	18
ptg009727l_1	60326	323916	5.37	0	19
ptg009727l_1_region	60326	323916	5.37	0	19
ptg009737l_1	168741	856727	5.08	0	29
ptg009737l_1_region	168741	856727	5.08	0	29
ptg009740l_1	381092	3299277	8.66	0	30
ptg009740l_1_region	381092	3299277	8.66	0	30
ptg009741l_1	390616	3088049	7.91	0	58
ptg009741l_1_region	390616	3088049	7.91	0	58
ptg009743l_1	87468	689115	7.88	0	31
ptg009743l_1_region	87468	689115	7.88	0	31
ptg009746l_1	72792	599798	8.24	0	17
ptg009746l_1_region	72792	599798	8.24	0	17
ptg009747l_1	114291	2183787	19.11	0	161
ptg009747l_1_region	114291	2183787	19.11	0	161
ptg009751l_1	30386	210620	6.93	0	15
ptg009751l_1_region	30386	210620	6.93	0	15
ptg009753l_1	184476	1220960	6.62	0	24
ptg009753l_1_region	184476	1220960	6.62	0	24
ptg009754l_1	72882	388678	5.33	0	17
ptg009754l_1_region	72882	388678	5.33	0	17
ptg009756l_1	20767	34390	1.66	0	12
ptg009756l_1_region	20767	34390	1.66	0	12
ptg009757l_1	54011	356989	6.61	0	16
ptg009757l_1_region	54011	356989	6.61	0	16
ptg009758l_1	63250	266542	4.21	0	12
ptg009758l_1_region	63250	266542	4.21	0	12
ptg009769l_1	31409	183508	5.84	0	14
ptg009769l_1_region	31409	183508	5.84	0	14
ptg009770l_1	123386	1029185	8.34	0	26
ptg009770l_1_region	123386	1029185	8.34	0	26
ptg009778l_1	248998	949877	3.81	0	23
ptg009778l_1_region	248998	949877	3.81	0	23
ptg009784l_1	49737	26204	0.53	0	6
ptg009784l_1_region	49737	26204	0.53	0	6
ptg009785l_1	230419	1535510	6.66	0	47
ptg009785l_1_region	230419	1535510	6.66	0	47
ptg009790l_1	28774	144654	5.03	0	12
ptg009790l_1_region	28774	144654	5.03	0	12
ptg009792l_1	183740	1335721	7.27	0	177
ptg009792l_1_region	183740	1335721	7.27	0	177
ptg009793l_1	61873	263993	4.27	0	18
ptg009793l_1_region	61873	263993	4.27	0	18
ptg009796l_1	45747	208596	4.56	0	24
ptg009796l_1_region	45747	208596	4.56	0	24
ptg009798l_1	179509	894231	4.98	0	21
ptg009798l_1_region	179509	894231	4.98	0	21
ptg009801l_1	60651	107254	1.77	0	8
ptg009801l_1_region	60651	107254	1.77	0	8
ptg009802l_1	258707	2060738	7.97	0	23
ptg009802l_1_region	258707	2060738	7.97	0	23
ptg009813l_1	182090	959558	5.27	0	18
ptg009813l_1_region	182090	959558	5.27	0	18
ptg009814l_1	275300	1749587	6.36	0	15
ptg009814l_1_region	275300	1749587	6.36	0	15
ptg009816l_1	185621	847738	4.57	0	20
ptg009816l_1_region	185621	847738	4.57	0	20
ptg009819l_1	127024	771740	6.08	0	16
ptg009819l_1_region	127024	771740	6.08	0	16
ptg009820l_1	588076	5954636	10.13	0	196
ptg009820l_1_region	588076	5954636	10.13	0	196
ptg009825l_1	14943	49150	3.29	0	7
ptg009825l_1_region	14943	49150	3.29	0	7
ptg009826l_1	21911	46974	2.14	0	6
ptg009826l_1_region	21911	46974	2.14	0	6
ptg009829l_1	227779	1001810	4.40	0	16
ptg009829l_1_region	227779	1001810	4.40	0	16
ptg009830l_1	412552	4603645	11.16	0	32
ptg009830l_1_region	412552	4603645	11.16	0	32
ptg009831l_1	16000	58410	3.65	0	36
ptg009831l_1_region	16000	58410	3.65	0	36
ptg009840l_1	158910	1388606	8.74	0	287
ptg009840l_1_region	158910	1388606	8.74	0	287
ptg009843l_1	142517	803511	5.64	0	16
ptg009843l_1_region	142517	803511	5.64	0	16
ptg009844l_1	261763	1425095	5.44	0	17
ptg009844l_1_region	261763	1425095	5.44	0	17
ptg009847l_1	143409	730627	5.09	0	14
ptg009847l_1_region	143409	730627	5.09	0	14
ptg009848l_1	66667	829806	12.45	0	193
ptg009848l_1_region	66667	829806	12.45	0	193
ptg009853l_1	249179	1589423	6.38	0	20
ptg009853l_1_region	249179	1589423	6.38	0	20
ptg009854l_1	123254	555604	4.51	0	12
ptg009854l_1_region	123254	555604	4.51	0	12
ptg009856l_1	26117	151193	5.79	0	13
ptg009856l_1_region	26117	151193	5.79	0	13
ptg009858l_1	158678	1224037	7.71	0	23
ptg009858l_1_region	158678	1224037	7.71	0	23
ptg009859l_1	134107	1075376	8.02	0	20
ptg009859l_1_region	134107	1075376	8.02	0	20
ptg009861l_1	131045	508458	3.88	0	9
ptg009861l_1_region	131045	508458	3.88	0	9
ptg009863l_1	130942	639435	4.88	0	15
ptg009863l_1_region	130942	639435	4.88	0	15
ptg009867l_1	50728	178863	3.53	0	8
ptg009867l_1_region	50728	178863	3.53	0	8
ptg009868l_1	34789	230936	6.64	0	11
ptg009868l_1_region	34789	230936	6.64	0	11
ptg009869l_1	165139	747138	4.52	0	19
ptg009869l_1_region	165139	747138	4.52	0	19
ptg009870l_1	114703	657048	5.73	0	24
ptg009870l_1_region	114703	657048	5.73	0	24
ptg009871l_1	221186	1283066	5.80	0	35
ptg009871l_1_region	221186	1283066	5.80	0	35
ptg009872l_1	35443	191289	5.40	0	9
ptg009872l_1_region	35443	191289	5.40	0	9
ptg009873l_1	37550	253468	6.75	0	13
ptg009873l_1_region	37550	253468	6.75	0	13
ptg009874l_1	95095	673143	7.08	0	32
ptg009874l_1_region	95095	673143	7.08	0	32
ptg009875l_1	63827	371490	5.82	0	18
ptg009875l_1_region	63827	371490	5.82	0	18
ptg009878l_1	128083	537091	4.19	0	13
ptg009878l_1_region	128083	537091	4.19	0	13
ptg009879l_1	178844	1453554	8.13	0	27
ptg009879l_1_region	178844	1453554	8.13	0	27
ptg009880l_1	64711	416345	6.43	0	21
ptg009880l_1_region	64711	416345	6.43	0	21
ptg009881l_1	50977	394911	7.75	0	15
ptg009881l_1_region	50977	394911	7.75	0	15
ptg009884l_1	33314	273714	8.22	1	13
ptg009884l_1_region	33314	273714	8.22	1	13
ptg009886l_1	12033	68235	5.67	1	10
ptg009886l_1_region	12033	68235	5.67	1	10
ptg009890l_1	57841	250873	4.34	0	11
ptg009890l_1_region	57841	250873	4.34	0	11
ptg009901l_1	125872	505272	4.01	0	16
ptg009901l_1_region	125872	505272	4.01	0	16
ptg009902l_1	88898	2692313	30.29	0	103
ptg009902l_1_region	88898	2692313	30.29	0	103
ptg009903l_1	78902	448779	5.69	0	36
ptg009903l_1_region	78902	448779	5.69	0	36
ptg009904l_1	56593	300048	5.30	0	12
ptg009904l_1_region	56593	300048	5.30	0	12
ptg009908l_1	33148	108378	3.27	0	8
ptg009908l_1_region	33148	108378	3.27	0	8
ptg009909l_1	77713	402612	5.18	0	12
ptg009909l_1_region	77713	402612	5.18	0	12
ptg009913l_1	68822	413835	6.01	0	11
ptg009913l_1_region	68822	413835	6.01	0	11
ptg009914l_1	104946	1628255	15.52	0	185
ptg009914l_1_region	104946	1628255	15.52	0	185
ptg009919l_1	250294	1277059	5.10	0	15
ptg009919l_1_region	250294	1277059	5.10	0	15
ptg009927l_1	421664	2696793	6.40	0	21
ptg009927l_1_region	421664	2696793	6.40	0	21
ptg009929l_1	98031	566535	5.78	0	37
ptg009929l_1_region	98031	566535	5.78	0	37
ptg009932l_1	26500	135742	5.12	0	12
ptg009932l_1_region	26500	135742	5.12	0	12
ptg009935l_1	175859	1354830	7.70	0	26
ptg009935l_1_region	175859	1354830	7.70	0	26
ptg009936l_1	37438	132368	3.54	0	8
ptg009936l_1_region	37438	132368	3.54	0	8
ptg009940l_1	146956	727620	4.95	0	19
ptg009940l_1_region	146956	727620	4.95	0	19
ptg009943l_1	50611	298587	5.90	0	20
ptg009943l_1_region	50611	298587	5.90	0	20
ptg009946l_1	145349	1170101	8.05	0	33
ptg009946l_1_region	145349	1170101	8.05	0	33
ptg009948l_1	109943	393924	3.58	0	12
ptg009948l_1_region	109943	393924	3.58	0	12
ptg009949l_1	405522	3819982	9.42	0	22
ptg009949l_1_region	405522	3819982	9.42	0	22
ptg009950l_1	12667	28075	2.22	0	4
ptg009950l_1_region	12667	28075	2.22	0	4
ptg009955l_1	55315	308473	5.58	0	15
ptg009955l_1_region	55315	308473	5.58	0	15
ptg009956l_1	51854	111297	2.15	0	8
ptg009956l_1_region	51854	111297	2.15	0	8
ptg009969l_1	213789	1250593	5.85	0	23
ptg009969l_1_region	213789	1250593	5.85	0	23
ptg009970l_1	285603	1961086	6.87	0	19
ptg009970l_1_region	285603	1961086	6.87	0	19
ptg009971l_1	69150	911771	13.19	0	53
ptg009971l_1_region	69150	911771	13.19	0	53
ptg009973l_1	58894	167942	2.85	0	6
ptg009973l_1_region	58894	167942	2.85	0	6
ptg009975l_1	47091	517010	10.98	0	19
ptg009975l_1_region	47091	517010	10.98	0	19
ptg009976l_1	82156	269054	3.27	0	10
ptg009976l_1_region	82156	269054	3.27	0	10
ptg009977l_1	52364	296307	5.66	0	15
ptg009977l_1_region	52364	296307	5.66	0	15
ptg009981l_1	11187	44368	3.97	0	7
ptg009981l_1_region	11187	44368	3.97	0	7
ptg009983l_1	50349	322948	6.41	0	20
ptg009983l_1_region	50349	322948	6.41	0	20
ptg009986l_1	95539	999885	10.47	0	26
ptg009986l_1_region	95539	999885	10.47	0	26
ptg009987l_1	94253	400852	4.25	0	12
ptg009987l_1_region	94253	400852	4.25	0	12
ptg009989l_1	995693	8180893	8.22	0	27
ptg009989l_1_region	995693	8180893	8.22	0	27
ptg009993l_1	18000	166025	9.22	0	18
ptg009993l_1_region	18000	166025	9.22	0	18
ptg010000l_1	291700	1864607	6.39	0	15
ptg010000l_1_region	291700	1864607	6.39	0	15
ptg010006l_1	16556	26710	1.61	0	3
ptg010006l_1_region	16556	26710	1.61	0	3
ptg010008l_1	138081	836911	6.06	0	16
ptg010008l_1_region	138081	836911	6.06	0	16
ptg010010l_1	16910	37553	2.22	0	7
ptg010010l_1_region	16910	37553	2.22	0	7
ptg010012l_1	119905	297584	2.48	0	53
ptg010012l_1_region	119905	297584	2.48	0	53
ptg010014l_1	113413	740591	6.53	0	18
ptg010014l_1_region	113413	740591	6.53	0	18
ptg010015l_1	29788	109912	3.69	0	8
ptg010015l_1_region	29788	109912	3.69	0	8
ptg010016l_1	100269	1043527	10.41	0	85
ptg010016l_1_region	100269	1043527	10.41	0	85
ptg010018l_1	72995	895280	12.26	0	40
ptg010018l_1_region	72995	895280	12.26	0	40
ptg010021l_1	234819	2514253	10.71	0	35
ptg010021l_1_region	234819	2514253	10.71	0	35
ptg010022l_1	28767	196480	6.83	0	19
ptg010022l_1_region	28767	196480	6.83	0	19
ptg010025l_1	34421	142311	4.13	0	24
ptg010025l_1_region	34421	142311	4.13	0	24
ptg010026l_1	12942	20007	1.55	0	4
ptg010026l_1_region	12942	20007	1.55	0	4
ptg010027l_1	243340	1555221	6.39	0	18
ptg010027l_1_region	243340	1555221	6.39	0	18
ptg010028l_1	27997	115508	4.13	0	7
ptg010028l_1_region	27997	115508	4.13	0	7
ptg010033l_1	228742	1615248	7.06	0	25
ptg010033l_1_region	228742	1615248	7.06	0	25
ptg010034l_1	347539	1732191	4.98	0	44
ptg010034l_1_region	347539	1732191	4.98	0	44
ptg010036l_1	135824	875676	6.45	0	34
ptg010036l_1_region	135824	875676	6.45	0	34
ptg010037l_1	538184	3310821	6.15	0	33
ptg010037l_1_region	538184	3310821	6.15	0	33
ptg010038l_1	21639	168341	7.78	0	22
ptg010038l_1_region	21639	168341	7.78	0	22
ptg010039l_1	107747	1040666	9.66	0	79
ptg010039l_1_region	107747	1040666	9.66	0	79
ptg010044l_1	88340	494189	5.59	0	13
ptg010044l_1_region	88340	494189	5.59	0	13
ptg010046l_1	48602	393265	8.09	1	18
ptg010046l_1_region	48602	393265	8.09	1	18
ptg010047l_1	81790	279332	3.42	0	20
ptg010047l_1_region	81790	279332	3.42	0	20
ptg010048l_1	163925	3396820	20.72	0	228
ptg010048l_1_region	163925	3396820	20.72	0	228
ptg010053l_1	11275	13463	1.19	0	3
ptg010053l_1_region	11275	13463	1.19	0	3
ptg010054l_1	145308	511169	3.52	0	16
ptg010054l_1_region	145308	511169	3.52	0	16
ptg010055l_1	34596	218448	6.31	0	11
ptg010055l_1_region	34596	218448	6.31	0	11
ptg010058l_1	16452	68763	4.18	0	10
ptg010058l_1_region	16452	68763	4.18	0	10
ptg010059l_1	35112	123534	3.52	0	16
ptg010059l_1_region	35112	123534	3.52	0	16
ptg010061l_1	37646	327376	8.70	0	24
ptg010061l_1_region	37646	327376	8.70	0	24
ptg010063l_1	106736	679256	6.36	0	32
ptg010063l_1_region	106736	679256	6.36	0	32
ptg010064l_1	13233	155577	11.76	0	21
ptg010064l_1_region	13233	155577	11.76	0	21
ptg010071l_1	20129	68780	3.42	0	7
ptg010071l_1_region	20129	68780	3.42	0	7
ptg010072l_1	119357	435923	3.65	0	18
ptg010072l_1_region	119357	435923	3.65	0	18
ptg010076l_1	103573	576091	5.56	0	15
ptg010076l_1_region	103573	576091	5.56	0	15
ptg010077l_1	631931	7930585	12.55	0	182
ptg010077l_1_region	631931	7930585	12.55	0	182
ptg010081l_1	31339	109353	3.49	0	7
ptg010081l_1_region	31339	109353	3.49	0	7
ptg010088l_1	392444	2339025	5.96	0	30
ptg010088l_1_region	392444	2339025	5.96	0	30
ptg010091l_1	94446	582453	6.17	0	63
ptg010091l_1_region	94446	582453	6.17	0	63
ptg010096l_1	42032	23207	0.55	0	4
ptg010096l_1_region	42032	23207	0.55	0	4
ptg010099l_1	259158	2447364	9.44	0	27
ptg010099l_1_region	259158	2447364	9.44	0	27
ptg010102l_1	128540	946207	7.36	0	29
ptg010102l_1_region	128540	946207	7.36	0	29
ptg010107l_1	315525	3364886	10.66	0	41
ptg010107l_1_region	315525	3364886	10.66	0	41
ptg010108l_1	57441	178980	3.12	0	8
ptg010108l_1_region	57441	178980	3.12	0	8
ptg010110l_1	214674	1234180	5.75	0	16
ptg010110l_1_region	214674	1234180	5.75	0	16
ptg010111l_1	52806	221079	4.19	0	15
ptg010111l_1_region	52806	221079	4.19	0	15
ptg010113l_1	294221	1489683	5.06	0	16
ptg010113l_1_region	294221	1489683	5.06	0	16
ptg010117l_1	74651	475409	6.37	0	16
ptg010117l_1_region	74651	475409	6.37	0	16
ptg010120l_1	38434	193544	5.04	0	15
ptg010120l_1_region	38434	193544	5.04	0	15
ptg010122l_1	29254	205807	7.04	0	20
ptg010122l_1_region	29254	205807	7.04	0	20
ptg010123l_1	234277	1503111	6.42	0	29
ptg010123l_1_region	234277	1503111	6.42	0	29
ptg010124l_1	27944	104279	3.73	0	8
ptg010124l_1_region	27944	104279	3.73	0	8
ptg010135l_1	78217	328859	4.20	0	12
ptg010135l_1_region	78217	328859	4.20	0	12
ptg010138l_1	84241	511245	6.07	0	17
ptg010138l_1_region	84241	511245	6.07	0	17
ptg010144l_1	185131	598882	3.23	0	21
ptg010144l_1_region	185131	598882	3.23	0	21
ptg010148l_1	27696	90287	3.26	0	7
ptg010148l_1_region	27696	90287	3.26	0	7
ptg010152l_1	25780	267867	10.39	0	24
ptg010152l_1_region	25780	267867	10.39	0	24
ptg010154l_1	84623	346866	4.10	0	10
ptg010154l_1_region	84623	346866	4.10	0	10
ptg010155l_1	565073	3311604	5.86	0	25
ptg010155l_1_region	565073	3311604	5.86	0	25
ptg010157l_1	36138	284865	7.88	0	18
ptg010157l_1_region	36138	284865	7.88	0	18
ptg010158l_1	238013	1807221	7.59	0	17
ptg010158l_1_region	238013	1807221	7.59	0	17
ptg010164l_1	84875	234453	2.76	0	15
ptg010164l_1_region	84875	234453	2.76	0	15
ptg010167l_1	321483	15709103	48.86	0	304
ptg010167l_1_region	321483	15709103	48.86	0	304
ptg010172l_1	139761	589651	4.22	0	12
ptg010172l_1_region	139761	589651	4.22	0	12
ptg010175l_1	60550	289289	4.78	0	15
ptg010175l_1_region	60550	289289	4.78	0	15
ptg010189l_1	9024	10502	1.16	0	3
ptg010189l_1_region	9024	10502	1.16	0	3
ptg010191l_1	1209973	19475747	16.10	0	92
ptg010191l_1_region	1209973	19475747	16.10	0	92
ptg010192l_1	132455	1570796	11.86	0	41
ptg010192l_1_region	132455	1570796	11.86	0	41
ptg010194l_1	95683	924886	9.67	0	42
ptg010194l_1_region	95683	924886	9.67	0	42
ptg010195l_1	334967	2066731	6.17	0	22
ptg010195l_1_region	334967	2066731	6.17	0	22
ptg010196l_1	185130	1813281	9.79	0	30
ptg010196l_1_region	185130	1813281	9.79	0	30
ptg010199l_1	125308	620811	4.95	0	12
ptg010199l_1_region	125308	620811	4.95	0	12
ptg010200l_1	235392	2299235	9.77	0	61
ptg010200l_1_region	235392	2299235	9.77	0	61
ptg010201l_1	127848	887319	6.94	0	22
ptg010201l_1_region	127848	887319	6.94	0	22
ptg010214l_1	90997	454876	5.00	0	11
ptg010214l_1_region	90997	454876	5.00	0	11
ptg010216l_1	101975	491579	4.82	0	12
ptg010216l_1_region	101975	491579	4.82	0	12
ptg010217l_1	56986	140653	2.47	0	7
ptg010217l_1_region	56986	140653	2.47	0	7
ptg010218l_1	97347	506973	5.21	0	15
ptg010218l_1_region	97347	506973	5.21	0	15
ptg010223l_1	84042	420239	5.00	0	13
ptg010223l_1_region	84042	420239	5.00	0	13
ptg010227l_1	33497	80684	2.41	0	5
ptg010227l_1_region	33497	80684	2.41	0	5
ptg010230l_1	71513	338102	4.73	0	12
ptg010230l_1_region	71513	338102	4.73	0	12
ptg010239l_1	115203	297384	2.58	0	12
ptg010239l_1_region	115203	297384	2.58	0	12
ptg010241l_1	23249	96798	4.16	0	10
ptg010241l_1_region	23249	96798	4.16	0	10
ptg010243l_1	295613	2874267	9.72	0	44
ptg010243l_1_region	295613	2874267	9.72	0	44
ptg010245l_1	538354	4103895	7.62	0	34
ptg010245l_1_region	538354	4103895	7.62	0	34
ptg010248l_1	378581	2568323	6.78	0	19
ptg010248l_1_region	378581	2568323	6.78	0	19
ptg010249l_1	82515	450053	5.45	0	11
ptg010249l_1_region	82515	450053	5.45	0	11
ptg010250l_1	49428	178605	3.61	0	8
ptg010250l_1_region	49428	178605	3.61	0	8
ptg010251l_1	167981	849327	5.06	0	24
ptg010251l_1_region	167981	849327	5.06	0	24
ptg010252l_1	73322	501287	6.84	0	21
ptg010252l_1_region	73322	501287	6.84	0	21
ptg010253l_1	118381	733589	6.20	0	29
ptg010253l_1_region	118381	733589	6.20	0	29
ptg010254l_1	16237	81449	5.02	0	19
ptg010254l_1_region	16237	81449	5.02	0	19
ptg010255l_1	44924	159774	3.56	0	35
ptg010255l_1_region	44924	159774	3.56	0	35
ptg010260l_1	105276	851163	8.09	0	25
ptg010260l_1_region	105276	851163	8.09	0	25
ptg010265l_1	22103	1325975	59.99	0	155
ptg010265l_1_region	22103	1325975	59.99	0	155
ptg010266l_1	184750	1006757	5.45	0	23
ptg010266l_1_region	184750	1006757	5.45	0	23
ptg010267l_1	58170	391788	6.74	0	64
ptg010267l_1_region	58170	391788	6.74	0	64
ptg010269l_1	160890	1503112	9.34	0	32
ptg010269l_1_region	160890	1503112	9.34	0	32
ptg010272l_1	35316	184535	5.23	0	15
ptg010272l_1_region	35316	184535	5.23	0	15
ptg010274l_1	97152	887409	9.13	0	32
ptg010274l_1_region	97152	887409	9.13	0	32
ptg010275l_1	84322	484431	5.75	0	27
ptg010275l_1_region	84322	484431	5.75	0	27
ptg010276l_1	41392	230577	5.57	0	11
ptg010276l_1_region	41392	230577	5.57	0	11
ptg010278l_1	72962	661514	9.07	0	20
ptg010278l_1_region	72962	661514	9.07	0	20
ptg010283l_1	70040	523280	7.47	0	20
ptg010283l_1_region	70040	523280	7.47	0	20
ptg010285l_1	161241	2105495	13.06	0	32
ptg010285l_1_region	161241	2105495	13.06	0	32
ptg010287l_1	118798	696062	5.86	0	26
ptg010287l_1_region	118798	696062	5.86	0	26
ptg010289l_1	123634	1305956	10.56	0	88
ptg010289l_1_region	123634	1305956	10.56	0	88
ptg010292l_1	39980	144094	3.60	0	8
ptg010292l_1_region	39980	144094	3.60	0	8
ptg010295l_1	100608	518940	5.16	0	33
ptg010295l_1_region	100608	518940	5.16	0	33
ptg010297l_1	229922	1965382	8.55	0	28
ptg010297l_1_region	229922	1965382	8.55	0	28
ptg010302l_1	27618	74803	2.71	0	6
ptg010302l_1_region	27618	74803	2.71	0	6
ptg010305l_1	16443	91580	5.57	1	13
ptg010305l_1_region	16443	91580	5.57	1	13
ptg010306l_1	11153	66305	5.95	4	8
ptg010306l_1_region	11153	66305	5.95	4	8
ptg010309l_1	47220	289078	6.12	0	18
ptg010309l_1_region	47220	289078	6.12	0	18
ptg010310l_1	222966	947219	4.25	0	31
ptg010310l_1_region	222966	947219	4.25	0	31
ptg010313l_1	345796	3123151	9.03	0	20
ptg010313l_1_region	345796	3123151	9.03	0	20
ptg010315l_1	16116	85074	5.28	0	10
ptg010315l_1_region	16116	85074	5.28	0	10
ptg010321l_1	79418	559149	7.04	0	17
ptg010321l_1_region	79418	559149	7.04	0	17
ptg010322l_1	95467	279745	2.93	0	7
ptg010322l_1_region	95467	279745	2.93	0	7
ptg010329l_1	28669	40318	1.41	0	4
ptg010329l_1_region	28669	40318	1.41	0	4
ptg010334l_1	30890	188970	6.12	1	21
ptg010334l_1_region	30890	188970	6.12	1	21
ptg010339l_1	39027	209021	5.36	0	17
ptg010339l_1_region	39027	209021	5.36	0	17
ptg010342l_1	35038	351052	10.02	0	43
ptg010342l_1_region	35038	351052	10.02	0	43
ptg010344l_1	75553	301716	3.99	0	11
ptg010344l_1_region	75553	301716	3.99	0	11
ptg010345l_1	44324	106441	2.40	0	140
ptg010345l_1_region	44324	106441	2.40	0	140
ptg010348l_1	39582	274925	6.95	0	13
ptg010348l_1_region	39582	274925	6.95	0	13
ptg010353l_1	206096	1209254	5.87	0	20
ptg010353l_1_region	206096	1209254	5.87	0	20
ptg010354l_1	79475	358055	4.51	0	20
ptg010354l_1_region	79475	358055	4.51	0	20
ptg010355l_1	96065	310374	3.23	0	11
ptg010355l_1_region	96065	310374	3.23	0	11
ptg010357l_1	35135	224633	6.39	0	13
ptg010357l_1_region	35135	224633	6.39	0	13
ptg010360l_1	125708	1333967	10.61	0	26
ptg010360l_1_region	125708	1333967	10.61	0	26
ptg010369l_1	32585	58866	1.81	0	9
ptg010369l_1_region	32585	58866	1.81	0	9
ptg010372l_1	31741	192842	6.08	1	11
ptg010372l_1_region	31741	192842	6.08	1	11
ptg010375l_1	62285	556371	8.93	0	34
ptg010375l_1_region	62285	556371	8.93	0	34
ptg010376l_1	279337	1484132	5.31	0	15
ptg010376l_1_region	279337	1484132	5.31	0	15
ptg010380l_1	354850	3021931	8.52	0	34
ptg010380l_1_region	354850	3021931	8.52	0	34
ptg010381l_1	57351	332237	5.79	0	14
ptg010381l_1_region	57351	332237	5.79	0	14
ptg010382l_1	70320	361088	5.13	0	15
ptg010382l_1_region	70320	361088	5.13	0	15
ptg010386l_1	104360	341950	3.28	0	11
ptg010386l_1_region	104360	341950	3.28	0	11
ptg010387l_1	40601	169684	4.18	0	18
ptg010387l_1_region	40601	169684	4.18	0	18
ptg010390l_1	236610	1582126	6.69	0	34
ptg010390l_1_region	236610	1582126	6.69	0	34
ptg010391l_1	60034	788945	13.14	0	52
ptg010391l_1_region	60034	788945	13.14	0	52
ptg010392l_1	46498	64840	1.39	0	9
ptg010392l_1_region	46498	64840	1.39	0	9
ptg010396l_1	214884	9803398	45.62	0	978
ptg010396l_1_region	214884	9803398	45.62	0	978
ptg010398l_1	52921	305320	5.77	0	13
ptg010398l_1_region	52921	305320	5.77	0	13
ptg010400l_1	62589	173654	2.77	0	10
ptg010400l_1_region	62589	173654	2.77	0	10
ptg010401l_1	271278	1801762	6.64	0	32
ptg010401l_1_region	271278	1801762	6.64	0	32
ptg010403l_1	70206	300546	4.28	0	15
ptg010403l_1_region	70206	300546	4.28	0	15
ptg010404l_1	23040	115606	5.02	0	16
ptg010404l_1_region	23040	115606	5.02	0	16
ptg010405l_1	134494	562619	4.18	0	14
ptg010405l_1_region	134494	562619	4.18	0	14
ptg010408l_1	148899	993495	6.67	0	22
ptg010408l_1_region	148899	993495	6.67	0	22
ptg010412l_1	161589	844280	5.22	0	16
ptg010412l_1_region	161589	844280	5.22	0	16
ptg010414l_1	56868	364721	6.41	0	17
ptg010414l_1_region	56868	364721	6.41	0	17
ptg010417l_1	300749	2020637	6.72	0	20
ptg010417l_1_region	300749	2020637	6.72	0	20
ptg010419l_1	228035	1549882	6.80	0	30
ptg010419l_1_region	228035	1549882	6.80	0	30
ptg010420l_1	36494	99043	2.71	0	8
ptg010420l_1_region	36494	99043	2.71	0	8
ptg010421l_1	32014	71767	2.24	0	20
ptg010421l_1_region	32014	71767	2.24	0	20
ptg010422l_1	198112	3345113	16.88	0	89
ptg010422l_1_region	198112	3345113	16.88	0	89
ptg010423l_1	228672	1445792	6.32	0	18
ptg010423l_1_region	228672	1445792	6.32	0	18
ptg010426l_1	83773	368408	4.40	0	20
ptg010426l_1_region	83773	368408	4.40	0	20
ptg010428l_1	50156	251304	5.01	0	19
ptg010428l_1_region	50156	251304	5.01	0	19
ptg010429l_1	150279	652691	4.34	0	11
ptg010429l_1_region	150279	652691	4.34	0	11
ptg010433l_1	15394	102779	6.68	1	12
ptg010433l_1_region	15394	102779	6.68	1	12
ptg010439l_1	55825	400757	7.18	0	15
ptg010439l_1_region	55825	400757	7.18	0	15
ptg010440l_1	89611	150704	1.68	0	8
ptg010440l_1_region	89611	150704	1.68	0	8
ptg010442l_1	155904	1800488	11.55	0	99
ptg010442l_1_region	155904	1800488	11.55	0	99
ptg010444l_1	62470	287519	4.60	0	12
ptg010444l_1_region	62470	287519	4.60	0	12
ptg010452l_1	185354	367812	1.98	0	9
ptg010452l_1_region	185354	367812	1.98	0	9
ptg010455l_1	87006	393991	4.53	0	16
ptg010455l_1_region	87006	393991	4.53	0	16
ptg010456l_1	10900	27921	2.56	0	4
ptg010456l_1_region	10900	27921	2.56	0	4
ptg010458l_1	99770	409781	4.11	0	23
ptg010458l_1_region	99770	409781	4.11	0	23
ptg010459l_1	267485	2602045	9.73	0	42
ptg010459l_1_region	267485	2602045	9.73	0	42
ptg010464l_1	34403	186246	5.41	0	12
ptg010464l_1_region	34403	186246	5.41	0	12
ptg010472l_1	29253	116576	3.99	0	9
ptg010472l_1_region	29253	116576	3.99	0	9
ptg010473l_1	123759	1363429	11.02	0	153
ptg010473l_1_region	123759	1363429	11.02	0	153
ptg010475l_1	175016	1097495	6.27	0	20
ptg010475l_1_region	175016	1097495	6.27	0	20
ptg010478l_1	48723	223489	4.59	0	24
ptg010478l_1_region	48723	223489	4.59	0	24
ptg010480l_1	16788	58530	3.49	0	8
ptg010480l_1_region	16788	58530	3.49	0	8
ptg010481l_1	69562	256248	3.68	0	29
ptg010481l_1_region	69562	256248	3.68	0	29
ptg010483l_1	48582	248627	5.12	0	22
ptg010483l_1_region	48582	248627	5.12	0	22
ptg010490l_1	34683	88433	2.55	0	5
ptg010490l_1_region	34683	88433	2.55	0	5
ptg010491l_1	62429	491625	7.87	0	22
ptg010491l_1_region	62429	491625	7.87	0	22
ptg010501l_1	20466	6119	0.30	0	3
ptg010501l_1_region	20466	6119	0.30	0	3
ptg010505l_1	126452	679833	5.38	0	25
ptg010505l_1_region	126452	679833	5.38	0	25
ptg010508l_1	43973	161960	3.68	0	12
ptg010508l_1_region	43973	161960	3.68	0	12
ptg010509l_1	282553	3683462	13.04	0	37
ptg010509l_1_region	282553	3683462	13.04	0	37
ptg010512l_1	69722	464649	6.66	0	21
ptg010512l_1_region	69722	464649	6.66	0	21
ptg010513l_1	23987	155972	6.50	0	12
ptg010513l_1_region	23987	155972	6.50	0	12
ptg010516l_1	21666	99197	4.58	0	11
ptg010516l_1_region	21666	99197	4.58	0	11
ptg010517l_1	95866	316329	3.30	0	10
ptg010517l_1_region	95866	316329	3.30	0	10
ptg010521l_1	62546	494994	7.91	0	25
ptg010521l_1_region	62546	494994	7.91	0	25
ptg010524l_1	227439	985988	4.34	0	23
ptg010524l_1_region	227439	985988	4.34	0	23
ptg010528l_1	46069	272287	5.91	0	17
ptg010528l_1_region	46069	272287	5.91	0	17
ptg010529l_1	99448	824294	8.29	0	35
ptg010529l_1_region	99448	824294	8.29	0	35
ptg010530l_1	242767	1090602	4.49	0	15
ptg010530l_1_region	242767	1090602	4.49	0	15
ptg010531l_1	73863	495842	6.71	0	27
ptg010531l_1_region	73863	495842	6.71	0	27
ptg010533l_1	82279	632426	7.69	0	18
ptg010533l_1_region	82279	632426	7.69	0	18
ptg010534l_1	39066	141901	3.63	0	10
ptg010534l_1_region	39066	141901	3.63	0	10
ptg010536l_1	55979	261774	4.68	0	12
ptg010536l_1_region	55979	261774	4.68	0	12
ptg010540l_1	22367	41422	1.85	0	6
ptg010540l_1_region	22367	41422	1.85	0	6
ptg010541l_1	80433	498877	6.20	0	28
ptg010541l_1_region	80433	498877	6.20	0	28
ptg010545l_1	406815	3515113	8.64	0	26
ptg010545l_1_region	406815	3515113	8.64	0	26
ptg010547l_1	112464	307338	2.73	0	15
ptg010547l_1_region	112464	307338	2.73	0	15
ptg010549l_1	34266	254148	7.42	0	21
ptg010549l_1_region	34266	254148	7.42	0	21
ptg010550l_1	39092	514657	13.17	0	29
ptg010550l_1_region	39092	514657	13.17	0	29
ptg010551l_1	134151	2396154	17.86	0	55
ptg010551l_1_region	134151	2396154	17.86	0	55
ptg010552l_1	64872	529468	8.16	0	23
ptg010552l_1_region	64872	529468	8.16	0	23
ptg010554l_1	44154	65525	1.48	0	7
ptg010554l_1_region	44154	65525	1.48	0	7
ptg010556l_1	86806	453864	5.23	0	18
ptg010556l_1_region	86806	453864	5.23	0	18
ptg010557l_1	66345	544680	8.21	0	22
ptg010557l_1_region	66345	544680	8.21	0	22
ptg010558l_1	30508	110869	3.63	0	6
ptg010558l_1_region	30508	110869	3.63	0	6
ptg010559l_1	33942	117556	3.46	0	13
ptg010559l_1_region	33942	117556	3.46	0	13
ptg010560l_1	403603	3843211	9.52	0	64
ptg010560l_1_region	403603	3843211	9.52	0	64
ptg010563l_1	168550	611127	3.63	0	15
ptg010563l_1_region	168550	611127	3.63	0	15
ptg010564l_1	19588	84178	4.30	0	15
ptg010564l_1_region	19588	84178	4.30	0	15
ptg010565l_1	33649	187506	5.57	0	13
ptg010565l_1_region	33649	187506	5.57	0	13
ptg010568l_1	2069624	26692430	12.90	0	98
ptg010568l_1_region	2069624	26692430	12.90	0	98
ptg010577l_1	102216	680668	6.66	0	32
ptg010577l_1_region	102216	680668	6.66	0	32
ptg010580l_1	33495	152073	4.54	0	12
ptg010580l_1_region	33495	152073	4.54	0	12
ptg010582l_1	36643	279878	7.64	0	29
ptg010582l_1_region	36643	279878	7.64	0	29
ptg010586l_1	44577	327723	7.35	0	32
ptg010586l_1_region	44577	327723	7.35	0	32
ptg010591l_1	798716	10183623	12.75	0	48
ptg010591l_1_region	798716	10183623	12.75	0	48
ptg010593l_1	40148	152078	3.79	0	8
ptg010593l_1_region	40148	152078	3.79	0	8
ptg010596l_1	206611	1192216	5.77	0	18
ptg010596l_1_region	206611	1192216	5.77	0	18
ptg010598l_1	171346	1413784	8.25	0	23
ptg010598l_1_region	171346	1413784	8.25	0	23
ptg010601l_1	75785	598568	7.90	0	24
ptg010601l_1_region	75785	598568	7.90	0	24
ptg010603l_1	77606	445720	5.74	0	49
ptg010603l_1_region	77606	445720	5.74	0	49
ptg010604l_1	35776	86470	2.42	0	9
ptg010604l_1_region	35776	86470	2.42	0	9
ptg010606l_1	78973	675283	8.55	0	26
ptg010606l_1_region	78973	675283	8.55	0	26
ptg010607l_1	51772	347959	6.72	0	13
ptg010607l_1_region	51772	347959	6.72	0	13
ptg010608l_1	48197	1343130	27.87	0	142
ptg010608l_1_region	48197	1343130	27.87	0	142
ptg010612l_1	72096	858857	11.91	0	34
ptg010612l_1_region	72096	858857	11.91	0	34
ptg010615l_1	49950	78804	1.58	0	12
ptg010615l_1_region	49950	78804	1.58	0	12
ptg010616l_1	137879	764927	5.55	0	15
ptg010616l_1_region	137879	764927	5.55	0	15
ptg010618l_1	46506	137827	2.96	0	7
ptg010618l_1_region	46506	137827	2.96	0	7
ptg010619l_1	148953	1853513	12.44	0	44
ptg010619l_1_region	148953	1853513	12.44	0	44
ptg010624l_1	67567	326451	4.83	0	11
ptg010624l_1_region	67567	326451	4.83	0	11
ptg010627l_1	150889	677126	4.49	0	23
ptg010627l_1_region	150889	677126	4.49	0	23
ptg010629l_1	33417	147535	4.41	0	14
ptg010629l_1_region	33417	147535	4.41	0	14
ptg010632l_1	52326	172783	3.30	0	22
ptg010632l_1_region	52326	172783	3.30	0	22
ptg010633l_1	77342	110953	1.43	0	14
ptg010633l_1_region	77342	110953	1.43	0	14
ptg010635l_1	26664	186475	6.99	0	19
ptg010635l_1_region	26664	186475	6.99	0	19
ptg010636l_1	109832	433396	3.95	0	11
ptg010636l_1_region	109832	433396	3.95	0	11
ptg010637l_1	95493	45121	0.47	0	2
ptg010637l_1_region	95493	45121	0.47	0	2
ptg010638l_1	57438	223642	3.89	0	12
ptg010638l_1_region	57438	223642	3.89	0	12
ptg010639l_1	60156	373730	6.21	0	15
ptg010639l_1_region	60156	373730	6.21	0	15
ptg010641l_1	20445	125045	6.12	0	13
ptg010641l_1_region	20445	125045	6.12	0	13
ptg010647l_1	36932	138371	3.75	0	10
ptg010647l_1_region	36932	138371	3.75	0	10
ptg010651l_1	433686	5618661	12.96	0	49
ptg010651l_1_region	433686	5618661	12.96	0	49
ptg010653l_1	17311	33727	1.95	0	4
ptg010653l_1_region	17311	33727	1.95	0	4
ptg010654l_1	19811	49024	2.47	0	7
ptg010654l_1_region	19811	49024	2.47	0	7
ptg010656l_1	39997	199821	5.00	0	14
ptg010656l_1_region	39997	199821	5.00	0	14
ptg010661l_1	387931	3425226	8.83	0	32
ptg010661l_1_region	387931	3425226	8.83	0	32
ptg010663l_1	114429	967472	8.45	0	21
ptg010663l_1_region	114429	967472	8.45	0	21
ptg010672l_1	227798	1290533	5.67	0	13
ptg010672l_1_region	227798	1290533	5.67	0	13
ptg010675l_1	141866	1567891	11.05	0	36
ptg010675l_1_region	141866	1567891	11.05	0	36
ptg010676l_1	11793	12437	1.05	0	8
ptg010676l_1_region	11793	12437	1.05	0	8
ptg010677l_1	88972	726862	8.17	0	18
ptg010677l_1_region	88972	726862	8.17	0	18
ptg010683l_1	142501	564473	3.96	0	11
ptg010683l_1_region	142501	564473	3.96	0	11
ptg010692l_1	9672	7513	0.78	0	2
ptg010692l_1_region	9672	7513	0.78	0	2
ptg010700l_1	71036	377041	5.31	0	15
ptg010700l_1_region	71036	377041	5.31	0	15
ptg010703l_1	50138	334263	6.67	0	18
ptg010703l_1_region	50138	334263	6.67	0	18
ptg010706l_1	102456	635088	6.20	0	24
ptg010706l_1_region	102456	635088	6.20	0	24
ptg010708l_1	38087	78889	2.07	0	7
ptg010708l_1_region	38087	78889	2.07	0	7
ptg010709l_1	50922	358255	7.04	0	35
ptg010709l_1_region	50922	358255	7.04	0	35
ptg010711l_1	42383	6395	0.15	0	1
ptg010711l_1_region	42383	6395	0.15	0	1
ptg010714l_1	8489	30833	3.63	0	9
ptg010714l_1_region	8489	30833	3.63	0	9
ptg010723l_1	73191	409479	5.59	0	15
ptg010723l_1_region	73191	409479	5.59	0	15
ptg010725l_1	179583	1077026	6.00	0	22
ptg010725l_1_region	179583	1077026	6.00	0	22
ptg010731l_1	220988	4467849	20.22	0	55
ptg010731l_1_region	220988	4467849	20.22	0	55
ptg010732l_1	92895	436159	4.70	0	12
ptg010732l_1_region	92895	436159	4.70	0	12
ptg010737l_1	349302	6363670	18.22	0	37
ptg010737l_1_region	349302	6363670	18.22	0	37
ptg010740l_1	356252	17634051	49.50	0	155
ptg010740l_1_region	356252	17634051	49.50	0	155
ptg010742l_1	1219480	71473152	58.61	0	213
ptg010742l_1_region	1219480	71473152	58.61	0	213
ptg010744l_1	355674	6958029	19.56	0	118
ptg010744l_1_region	355674	6958029	19.56	0	118
ptg010745l_1	2023939	50882269	25.14	0	135
ptg010745l_1_region	2023939	50882269	25.14	0	135
ptg010746l_1	288374	2016851	6.99	0	25
ptg010746l_1_region	288374	2016851	6.99	0	25
ptg010747l_1	579404	7468667	12.89	0	108
ptg010747l_1_region	579404	7468667	12.89	0	108
ptg010749l_1	39437	208044	5.28	0	30
ptg010749l_1_region	39437	208044	5.28	0	30
ptg010756l_1	34959	61514	1.76	0	7
ptg010756l_1_region	34959	61514	1.76	0	7
ptg010758l_1	411372	2280294	5.54	0	41
ptg010758l_1_region	411372	2280294	5.54	0	41
ptg010764l_1	521154	7531758	14.45	0	51
ptg010764l_1_region	521154	7531758	14.45	0	51
ptg010766l_1	30096	48462	1.61	0	3
ptg010766l_1_region	30096	48462	1.61	0	3
ptg010767l_1	77436	1422458	18.37	0	82
ptg010767l_1_region	77436	1422458	18.37	0	82
ptg010770l_1	219525	1613467	7.35	0	19
ptg010770l_1_region	219525	1613467	7.35	0	19
ptg010773l_1	27178	92982	3.42	0	9
ptg010773l_1_region	27178	92982	3.42	0	9
ptg010774l_1	294864	2530928	8.58	0	69
ptg010774l_1_region	294864	2530928	8.58	0	69
ptg010775l_1	429191	4538222	10.57	0	28
ptg010775l_1_region	429191	4538222	10.57	0	28
ptg010777l_1	123344	445605	3.61	0	14
ptg010777l_1_region	123344	445605	3.61	0	14
ptg010782l_1	174324	896390	5.14	0	16
ptg010782l_1_region	174324	896390	5.14	0	16
ptg010784l_1	117376	545098	4.64	0	14
ptg010784l_1_region	117376	545098	4.64	0	14
ptg010790l_1	66236	484679	7.32	0	15
ptg010790l_1_region	66236	484679	7.32	0	15
ptg010791l_1	240046	1817440	7.57	0	20
ptg010791l_1_region	240046	1817440	7.57	0	20
ptg010792l_1	61690	289049	4.69	0	16
ptg010792l_1_region	61690	289049	4.69	0	16
ptg010793l_1	76139	380133	4.99	0	13
ptg010793l_1_region	76139	380133	4.99	0	13
ptg010794l_1	834394	5953543	7.14	0	36
ptg010794l_1_region	834394	5953543	7.14	0	36
ptg010799l_1	175433	989371	5.64	0	24
ptg010799l_1_region	175433	989371	5.64	0	24
ptg010801l_1	292183	1539569	5.27	0	21
ptg010801l_1_region	292183	1539569	5.27	0	21
ptg010802l_1	28426	80193	2.82	0	6
ptg010802l_1_region	28426	80193	2.82	0	6
ptg010803l_1	237678	2871560	12.08	0	33
ptg010803l_1_region	237678	2871560	12.08	0	33
ptg010805l_1	118407	884028	7.47	0	23
ptg010805l_1_region	118407	884028	7.47	0	23
ptg010806l_1	62059	183974	2.96	0	12
ptg010806l_1_region	62059	183974	2.96	0	12
ptg010808l_1	55889	444873	7.96	0	19
ptg010808l_1_region	55889	444873	7.96	0	19
ptg010809l_1	410817	3882898	9.45	0	21
ptg010809l_1_region	410817	3882898	9.45	0	21
ptg010811l_1	400710	2373203	5.92	0	38
ptg010811l_1_region	400710	2373203	5.92	0	38
ptg010812l_1	155307	2388649	15.38	0	39
ptg010812l_1_region	155307	2388649	15.38	0	39
ptg010813l_1	10433	19542	1.87	0	4
ptg010813l_1_region	10433	19542	1.87	0	4
ptg010814l_1	199951	661090	3.31	0	16
ptg010814l_1_region	199951	661090	3.31	0	16
ptg010822l_1	88275	931787	10.56	0	19
ptg010822l_1_region	88275	931787	10.56	0	19
ptg010824l_1	43854	252656	5.76	0	25
ptg010824l_1_region	43854	252656	5.76	0	25
ptg010825l_1	28901	4387	0.15	0	1
ptg010825l_1_region	28901	4387	0.15	0	1
ptg010828l_1	21248	87724	4.13	0	8
ptg010828l_1_region	21248	87724	4.13	0	8
ptg010829l_1	120947	811838	6.71	0	16
ptg010829l_1_region	120947	811838	6.71	0	16
ptg010830l_1	68249	471447	6.91	0	21
ptg010830l_1_region	68249	471447	6.91	0	21
ptg010831l_1	29202	261169	8.94	0	21
ptg010831l_1_region	29202	261169	8.94	0	21
ptg010832l_1	227809	2208596	9.69	0	53
ptg010832l_1_region	227809	2208596	9.69	0	53
ptg010836l_1	132820	571261	4.30	0	18
ptg010836l_1_region	132820	571261	4.30	0	18
ptg010838l_1	45839	251102	5.48	0	16
ptg010838l_1_region	45839	251102	5.48	0	16
ptg010839l_1	63315	143671	2.27	0	9
ptg010839l_1_region	63315	143671	2.27	0	9
ptg010840l_1	190115	1486977	7.82	0	24
ptg010840l_1_region	190115	1486977	7.82	0	24
ptg010842l_1	155201	2091757	13.48	0	46
ptg010842l_1_region	155201	2091757	13.48	0	46
ptg010844l_1	29948	6781	0.23	0	1
ptg010844l_1_region	29948	6781	0.23	0	1
ptg010845l_1	30336	14358	0.47	0	3
ptg010845l_1_region	30336	14358	0.47	0	3
ptg010846l_1	76816	97061	1.26	0	4
ptg010846l_1_region	76816	97061	1.26	0	4
ptg010847l_1	143356	1200774	8.38	0	23
ptg010847l_1_region	143356	1200774	8.38	0	23
ptg010848l_1	273466	1939105	7.09	0	39
ptg010848l_1_region	273466	1939105	7.09	0	39
ptg010849l_1	187909	1012812	5.39	0	30
ptg010849l_1_region	187909	1012812	5.39	0	30
ptg010851l_1	56744	551175	9.71	0	18
ptg010851l_1_region	56744	551175	9.71	0	18
ptg010852l_1	33112	15556	0.47	0	2
ptg010852l_1_region	33112	15556	0.47	0	2
ptg010853l_1	83439	429291	5.14	0	15
ptg010853l_1_region	83439	429291	5.14	0	15
ptg010855l_1	28822	74233	2.58	0	4
ptg010855l_1_region	28822	74233	2.58	0	4
ptg010858l_1	35628	73960	2.08	0	5
ptg010858l_1_region	35628	73960	2.08	0	5
ptg010859l_1	51764	131423	2.54	0	12
ptg010859l_1_region	51764	131423	2.54	0	12
ptg010860l_1	41084	202478	4.93	0	17
ptg010860l_1_region	41084	202478	4.93	0	17
ptg010862l_1	67479	281853	4.18	0	10
ptg010862l_1_region	67479	281853	4.18	0	10
ptg010863l_1	165094	1320042	8.00	0	47
ptg010863l_1_region	165094	1320042	8.00	0	47
ptg010864l_1	48156	180695	3.75	0	23
ptg010864l_1_region	48156	180695	3.75	0	23
ptg010866l_1	117335	439008	3.74	0	16
ptg010866l_1_region	117335	439008	3.74	0	16
ptg010868l_1	49036	30751	0.63	0	5
ptg010868l_1_region	49036	30751	0.63	0	5
ptg010871l_1	42033	46005	1.09	0	5
ptg010871l_1_region	42033	46005	1.09	0	5
ptg010873l_1	122528	800668	6.53	0	20
ptg010873l_1_region	122528	800668	6.53	0	20
ptg010874l_1	57750	99561	1.72	0	11
ptg010874l_1_region	57750	99561	1.72	0	11
ptg010875l_1	41691	73967	1.77	0	4
ptg010875l_1_region	41691	73967	1.77	0	4
ptg010877l_1	54305	370384	6.82	0	20
ptg010877l_1_region	54305	370384	6.82	0	20
ptg010881l_1	18782	189542	10.09	0	18
ptg010881l_1_region	18782	189542	10.09	0	18
ptg010882l_1	61082	10441	0.17	0	1
ptg010882l_1_region	61082	10441	0.17	0	1
ptg010884l_1	201701	2412582	11.96	0	66
ptg010884l_1_region	201701	2412582	11.96	0	66
ptg010886l_1	109284	1790880	16.39	0	89
ptg010886l_1_region	109284	1790880	16.39	0	89
ptg010888l_1	90029	65193	0.72	0	3
ptg010888l_1_region	90029	65193	0.72	0	3
ptg010890l_1	48667	265031	5.45	0	14
ptg010890l_1_region	48667	265031	5.45	0	14
ptg010892l_1	40596	63969	1.58	0	4
ptg010892l_1_region	40596	63969	1.58	0	4
ptg010893l_1	17245	29647	1.72	0	3
ptg010893l_1_region	17245	29647	1.72	0	3
ptg010894l_1	133404	2182581	16.36	0	81
ptg010894l_1_region	133404	2182581	16.36	0	81
ptg010896l_1	42334	11143	0.26	0	1
ptg010896l_1_region	42334	11143	0.26	0	1
ptg010898l_1	32585	351641	10.79	0	27
ptg010898l_1_region	32585	351641	10.79	0	27
ptg010899l_1	107738	73574	0.68	0	5
ptg010899l_1_region	107738	73574	0.68	0	5
ptg010900l_1	81292	1219722	15.00	1	37
ptg010900l_1_region	81292	1219722	15.00	1	37
ptg010901l_1	88170	760011	8.62	0	18
ptg010901l_1_region	88170	760011	8.62	0	18
ptg010902l_1	261929	2409029	9.20	0	46
ptg010902l_1_region	261929	2409029	9.20	0	46
ptg010903l_1	112343	708144	6.30	0	14
ptg010903l_1_region	112343	708144	6.30	0	14
ptg010904l_1	102899	318763	3.10	0	8
ptg010904l_1_region	102899	318763	3.10	0	8
ptg010905l_1	133941	242283	1.81	0	10
ptg010905l_1_region	133941	242283	1.81	0	10
ptg010907l_1	29139	162399	5.57	0	16
ptg010907l_1_region	29139	162399	5.57	0	16
ptg010908l_1	143187	978777	6.84	0	25
ptg010908l_1_region	143187	978777	6.84	0	25
ptg010910l_1	61226	143354	2.34	0	9
ptg010910l_1_region	61226	143354	2.34	0	9
ptg010911l_1	41565	38513	0.93	0	3
ptg010911l_1_region	41565	38513	0.93	0	3
ptg010912l_1	33986	71574	2.11	0	7
ptg010912l_1_region	33986	71574	2.11	0	7
ptg010918l_1	16366	97736	5.97	1	9
ptg010918l_1_region	16366	97736	5.97	1	9
ptg010921l_1	64770	360526	5.57	0	11
ptg010921l_1_region	64770	360526	5.57	0	11
ptg010924l_1	141596	997709	7.05	0	16
ptg010924l_1_region	141596	997709	7.05	0	16
ptg010926l_1	220057	2124723	9.66	0	62
ptg010926l_1_region	220057	2124723	9.66	0	62
ptg010927l_1	331434	2127218	6.42	0	91
ptg010927l_1_region	331434	2127218	6.42	0	91
ptg010928l_1	253871	1687808	6.65	0	23
ptg010928l_1_region	253871	1687808	6.65	0	23
ptg010929l_1	399229	4072898	10.20	0	32
ptg010929l_1_region	399229	4072898	10.20	0	32
ptg010930l_1	446209	6633826	14.87	0	97
ptg010930l_1_region	446209	6633826	14.87	0	97
ptg010940l_1	182409	1126421	6.18	0	16
ptg010940l_1_region	182409	1126421	6.18	0	16
ptg010943l_1	21142	29552	1.40	0	10
ptg010943l_1_region	21142	29552	1.40	0	10
ptg010953l_1	149554	777774	5.20	0	15
ptg010953l_1_region	149554	777774	5.20	0	15
ptg010963l_1	22005	59990	2.73	0	6
ptg010963l_1_region	22005	59990	2.73	0	6
ptg010965l_1	470545	10965164	23.30	0	623
ptg010965l_1_region	470545	10965164	23.30	0	623
ptg010971l_1	98663	442318	4.48	0	18
ptg010971l_1_region	98663	442318	4.48	0	18
ptg010977l_1	55692	420808	7.56	0	16
ptg010977l_1_region	55692	420808	7.56	0	16
ptg010980l_1	14037	607790	43.30	0	72
ptg010980l_1_region	14037	607790	43.30	0	72
ptg010985l_1	632357	5208954	8.24	0	45
ptg010985l_1_region	632357	5208954	8.24	0	45
ptg010986l_1	62402	162695	2.61	0	7
ptg010986l_1_region	62402	162695	2.61	0	7
ptg010990l_1	37346	124716	3.34	0	99
ptg010990l_1_region	37346	124716	3.34	0	99
ptg010993l_1	564086	20378658	36.13	0	120
ptg010993l_1_region	564086	20378658	36.13	0	120
ptg010994l_1	11324	403186	35.60	12	51
ptg010994l_1_region	11324	403186	35.60	12	51
ptg010999l_1	66871	298109	4.46	0	56
ptg010999l_1_region	66871	298109	4.46	0	56
ptg011000l_1	22497	154886	6.88	0	19
ptg011000l_1_region	22497	154886	6.88	0	19
ptg011009l_1	76738	484171	6.31	0	16
ptg011009l_1_region	76738	484171	6.31	0	16
ptg011011l_1	108825	903319	8.30	0	26
ptg011011l_1_region	108825	903319	8.30	0	26
ptg011014l_1	111824	364658	3.26	0	17
ptg011014l_1_region	111824	364658	3.26	0	17
ptg011016l_1	54480	271119	4.98	0	10
ptg011016l_1_region	54480	271119	4.98	0	10
ptg011017l_1	543426	5001906	9.20	0	23
ptg011017l_1_region	543426	5001906	9.20	0	23
ptg011018l_1	142098	1045546	7.36	0	21
ptg011018l_1_region	142098	1045546	7.36	0	21
ptg011021l_1	49867	225084	4.51	0	12
ptg011021l_1_region	49867	225084	4.51	0	12
ptg011023l_1	350077	7565338	21.61	0	51
ptg011023l_1_region	350077	7565338	21.61	0	51
ptg011024l_1	131494	2323401	17.67	0	72
ptg011024l_1_region	131494	2323401	17.67	0	72
ptg011034l_1	275479	2599241	9.44	0	22
ptg011034l_1_region	275479	2599241	9.44	0	22
ptg011035l_1	168608	951822	5.65	0	31
ptg011035l_1_region	168608	951822	5.65	0	31
ptg011038l_1	74061	366917	4.95	0	13
ptg011038l_1_region	74061	366917	4.95	0	13
ptg011040l_1	67010	256520	3.83	0	12
ptg011040l_1_region	67010	256520	3.83	0	12
ptg011041l_1	68431	460141	6.72	1	19
ptg011041l_1_region	68431	460141	6.72	1	19
ptg011045l_1	26152	105689	4.04	0	12
ptg011045l_1_region	26152	105689	4.04	0	12
ptg011046l_1	19197	73541	3.83	0	8
ptg011046l_1_region	19197	73541	3.83	0	8
ptg011047l_1	20508	154599	7.54	0	13
ptg011047l_1_region	20508	154599	7.54	0	13
ptg011050l_1	146270	956549	6.54	0	25
ptg011050l_1_region	146270	956549	6.54	0	25
ptg011052l_1	278188	333281	1.20	0	10
ptg011052l_1_region	278188	333281	1.20	0	10
ptg011053l_1	18681	78812	4.22	0	9
ptg011053l_1_region	18681	78812	4.22	0	9
ptg011056l_1	59875	35981	0.60	0	2
ptg011056l_1_region	59875	35981	0.60	0	2
ptg011060l_1	18920	58418	3.09	0	7
ptg011060l_1_region	18920	58418	3.09	0	7
ptg011064l_1	131178	631044	4.81	0	16
ptg011064l_1_region	131178	631044	4.81	0	16
ptg011065l_1	94243	645476	6.85	0	22
ptg011065l_1_region	94243	645476	6.85	0	22
ptg011067l_1	110768	593106	5.35	0	12
ptg011067l_1_region	110768	593106	5.35	0	12
ptg011068l_1	140602	852431	6.06	0	21
ptg011068l_1_region	140602	852431	6.06	0	21
ptg011069l_1	61611	388921	6.31	0	26
ptg011069l_1_region	61611	388921	6.31	0	26
ptg011071l_1	26423	109324	4.14	0	9
ptg011071l_1_region	26423	109324	4.14	0	9
ptg011072l_1	17769	16028	0.90	0	2
ptg011072l_1_region	17769	16028	0.90	0	2
ptg011073l_1	28777	68261	2.37	0	5
ptg011073l_1_region	28777	68261	2.37	0	5
ptg011075l_1	16323	34394	2.11	0	4
ptg011075l_1_region	16323	34394	2.11	0	4
ptg011078l_1	79220	221819	2.80	0	8
ptg011078l_1_region	79220	221819	2.80	0	8
ptg011079l_1	18691	516564	27.64	0	60
ptg011079l_1_region	18691	516564	27.64	0	60
ptg011080l_1	38957	225638	5.79	0	13
ptg011080l_1_region	38957	225638	5.79	0	13
ptg011082l_1	67854	76078	1.12	0	8
ptg011082l_1_region	67854	76078	1.12	0	8
ptg011086l_1	80305	381164	4.75	0	15
ptg011086l_1_region	80305	381164	4.75	0	15
ptg011088l_1	12155	10717	0.88	0	2
ptg011088l_1_region	12155	10717	0.88	0	2
ptg011091l_1	19916	3601	0.18	0	3
ptg011091l_1_region	19916	3601	0.18	0	3
ptg011092l_1	68691	444902	6.48	0	24
ptg011092l_1_region	68691	444902	6.48	0	24
ptg011097l_1	234994	1813863	7.72	0	31
ptg011097l_1_region	234994	1813863	7.72	0	31
ptg011098l_1	62887	104451	1.66	0	7
ptg011098l_1_region	62887	104451	1.66	0	7
ptg011107l_1	41205	197796	4.80	0	19
ptg011107l_1_region	41205	197796	4.80	0	19
ptg011114l_1	250365	3787616	15.13	1	39
ptg011114l_1_region	250365	3787616	15.13	1	39
ptg011120l_1	67658	277374	4.10	0	22
ptg011120l_1_region	67658	277374	4.10	0	22
ptg011122l_1	125241	651820	5.20	0	13
ptg011122l_1_region	125241	651820	5.20	0	13
ptg011127l_1	258965	1592295	6.15	0	25
ptg011127l_1_region	258965	1592295	6.15	0	25
ptg011132l_1	27306	54752	2.01	0	5
ptg011132l_1_region	27306	54752	2.01	0	5
ptg011133l_1	220477	976625	4.43	0	23
ptg011133l_1_region	220477	976625	4.43	0	23
ptg011135l_1	21582	63543	2.94	0	10
ptg011135l_1_region	21582	63543	2.94	0	10
ptg011137l_1	122427	871919	7.12	0	32
ptg011137l_1_region	122427	871919	7.12	0	32
ptg011138l_1	104359	596375	5.71	0	14
ptg011138l_1_region	104359	596375	5.71	0	14
ptg011139l_1	35701	197158	5.52	0	11
ptg011139l_1_region	35701	197158	5.52	0	11
ptg011140l_1	158256	697570	4.41	0	17
ptg011140l_1_region	158256	697570	4.41	0	17
ptg011147l_1	129216	949960	7.35	0	26
ptg011147l_1_region	129216	949960	7.35	0	26
ptg011148l_1	303509	2471483	8.14	0	22
ptg011148l_1_region	303509	2471483	8.14	0	22
ptg011152l_1	11117	4053	0.36	0	1
ptg011152l_1_region	11117	4053	0.36	0	1
ptg011159l_1	107862	462138	4.28	0	11
ptg011159l_1_region	107862	462138	4.28	0	11
ptg011163l_1	213334	1677822	7.86	0	25
ptg011163l_1_region	213334	1677822	7.86	0	25
ptg011164l_1	72325	153633	2.12	0	7
ptg011164l_1_region	72325	153633	2.12	0	7
ptg011166l_1	64577	254249	3.94	0	14
ptg011166l_1_region	64577	254249	3.94	0	14
ptg011174l_1	108911	1123729	10.32	0	392
ptg011174l_1_region	108911	1123729	10.32	0	392
ptg011175l_1	10496	33406	3.18	0	6
ptg011175l_1_region	10496	33406	3.18	0	6
ptg011181l_1	43872	838093	19.10	1	49
ptg011181l_1_region	43872	838093	19.10	1	49
ptg011184l_1	22056	78683	3.57	0	7
ptg011184l_1_region	22056	78683	3.57	0	7
ptg011191l_1	286176	1973689	6.90	0	1146
ptg011191l_1_region	286176	1973689	6.90	0	1146
ptg011194l_1	11145	93192	8.36	1	15
ptg011194l_1_region	11145	93192	8.36	1	15
ptg011195l_1	247509	2302196	9.30	0	42
ptg011195l_1_region	247509	2302196	9.30	0	42
ptg011198l_1	110110	1258155	11.43	0	39
ptg011198l_1_region	110110	1258155	11.43	0	39
ptg011200l_1	84917	570889	6.72	0	30
ptg011200l_1_region	84917	570889	6.72	0	30
ptg011209l_1	200192	7161012	35.77	0	151
ptg011209l_1_region	200192	7161012	35.77	0	151
ptg011213l_1	37648	142065	3.77	0	8
ptg011213l_1_region	37648	142065	3.77	0	8
ptg011218l_1	23578	271968	11.53	0	20
ptg011218l_1_region	23578	271968	11.53	0	20
ptg011221l_1	75135	288249	3.84	0	13
ptg011221l_1_region	75135	288249	3.84	0	13
ptg011223l_1	198774	1305124	6.57	0	27
ptg011223l_1_region	198774	1305124	6.57	0	27
ptg011225l_1	111851	743857	6.65	0	20
ptg011225l_1_region	111851	743857	6.65	0	20
ptg011236l_1	32686	342245	10.47	0	45
ptg011236l_1_region	32686	342245	10.47	0	45
ptg011239l_1	281291	1890910	6.72	0	22
ptg011239l_1_region	281291	1890910	6.72	0	22
ptg011244l_1	58258	6493	0.11	0	3
ptg011244l_1_region	58258	6493	0.11	0	3
ptg011250l_1	200519	785859	3.92	0	16
ptg011250l_1_region	200519	785859	3.92	0	16
ptg011251l_1	16154	109762	6.79	1	12
ptg011251l_1_region	16154	109762	6.79	1	12
ptg011260l_1	145659	797280	5.47	0	19
ptg011260l_1_region	145659	797280	5.47	0	19
ptg011263l_1	68121	191810	2.82	0	9
ptg011263l_1_region	68121	191810	2.82	0	9
ptg011269l_1	85232	415018	4.87	0	18
ptg011269l_1_region	85232	415018	4.87	0	18
ptg011276l_1	117125	990156	8.45	0	27
ptg011276l_1_region	117125	990156	8.45	0	27
ptg011292l_1	83953	410806	4.89	0	21
ptg011292l_1_region	83953	410806	4.89	0	21
ptg011294l_1	73963	192141	2.60	0	12
ptg011294l_1_region	73963	192141	2.60	0	12
ptg011295l_1	73316	332166	4.53	0	11
ptg011295l_1_region	73316	332166	4.53	0	11
ptg011297l_1	79623	454312	5.71	0	13
ptg011297l_1_region	79623	454312	5.71	0	13
ptg011298l_1	19513	58156	2.98	0	40
ptg011298l_1_region	19513	58156	2.98	0	40
ptg011300l_1	579767	3598300	6.21	0	30
ptg011300l_1_region	579767	3598300	6.21	0	30
ptg011307l_1	22128	19179	0.87	0	4
ptg011307l_1_region	22128	19179	0.87	0	4
ptg011309l_1	16405	18857	1.15	0	3
ptg011309l_1_region	16405	18857	1.15	0	3
ptg011312l_1	22682	41368	1.82	0	5
ptg011312l_1_region	22682	41368	1.82	0	5
ptg011314l_1	191434	1150419	6.01	0	16
ptg011314l_1_region	191434	1150419	6.01	0	16
ptg011320l_1	76797	485587	6.32	0	20
ptg011320l_1_region	76797	485587	6.32	0	20
ptg011325l_1	202936	1508161	7.43	0	20
ptg011325l_1_region	202936	1508161	7.43	0	20
ptg011328l_1	111196	503348	4.53	0	12
ptg011328l_1_region	111196	503348	4.53	0	12
ptg011335l_1	148774	1225453	8.24	0	18
ptg011335l_1_region	148774	1225453	8.24	0	18
ptg011342l_1	61814	693684	11.22	0	32
ptg011342l_1_region	61814	693684	11.22	0	32
ptg011345l_1	28375	147817	5.21	0	17
ptg011345l_1_region	28375	147817	5.21	0	17
ptg011350l_1	180015	1059888	5.89	0	13
ptg011350l_1_region	180015	1059888	5.89	0	13
ptg011358l_1	216983	1468948	6.77	0	18
ptg011358l_1_region	216983	1468948	6.77	0	18
ptg011360l_1	71942	373034	5.19	0	16
ptg011360l_1_region	71942	373034	5.19	0	16
ptg011364l_1	230520	1520437	6.60	0	21
ptg011364l_1_region	230520	1520437	6.60	0	21
ptg011374l_1	46906	201406	4.29	0	10
ptg011374l_1_region	46906	201406	4.29	0	10
ptg011375l_1	40974	229698	5.61	0	11
ptg011375l_1_region	40974	229698	5.61	0	11
ptg011380l_1	281303	1784949	6.35	0	17
ptg011380l_1_region	281303	1784949	6.35	0	17
ptg011383l_1	49991	254290	5.09	0	17
ptg011383l_1_region	49991	254290	5.09	0	17
ptg011384l_1	90956	1929271	21.21	0	85
ptg011384l_1_region	90956	1929271	21.21	0	85
ptg011385l_1	108163	561282	5.19	0	14
ptg011385l_1_region	108163	561282	5.19	0	14
ptg011389l_1	34829	45173	1.30	0	5
ptg011389l_1_region	34829	45173	1.30	0	5
ptg011393l_1	67524	755101	11.18	0	26
ptg011393l_1_region	67524	755101	11.18	0	26
ptg011394l_1	36724	107699	2.93	0	9
ptg011394l_1_region	36724	107699	2.93	0	9
ptg011399l_1	149255	819527	5.49	0	21
ptg011399l_1_region	149255	819527	5.49	0	21
ptg011401l_1	50037	257571	5.15	0	18
ptg011401l_1_region	50037	257571	5.15	0	18
ptg011403l_1	217798	2204689	10.12	0	42
ptg011403l_1_region	217798	2204689	10.12	0	42
ptg011405l_1	38990	212388	5.45	0	16
ptg011405l_1_region	38990	212388	5.45	0	16
ptg011410l_1	8663	24010	2.77	0	4
ptg011410l_1_region	8663	24010	2.77	0	4
ptg011411l_1	65662	237214	3.61	0	14
ptg011411l_1_region	65662	237214	3.61	0	14
ptg011413l_1	8423	19477	2.31	0	3
ptg011413l_1_region	8423	19477	2.31	0	3
ptg011414l_1	19590	206325	10.53	3	15
ptg011414l_1_region	19590	206325	10.53	3	15
ptg011417l_1	142056	1012816	7.13	0	16
ptg011417l_1_region	142056	1012816	7.13	0	16
ptg011424l_1	101562	222101	2.19	0	11
ptg011424l_1_region	101562	222101	2.19	0	11
ptg011425l_1	36404	157061	4.31	0	10
ptg011425l_1_region	36404	157061	4.31	0	10
ptg011426l_1	45620	393777	8.63	0	18
ptg011426l_1_region	45620	393777	8.63	0	18
ptg011431l_1	225202	1422982	6.32	0	21
ptg011431l_1_region	225202	1422982	6.32	0	21
ptg011432l_1	188845	1238755	6.56	0	17
ptg011432l_1_region	188845	1238755	6.56	0	17
ptg011433l_1	326514	3322271	10.17	0	38
ptg011433l_1_region	326514	3322271	10.17	0	38
ptg011436l_1	60505	365041	6.03	0	13
ptg011436l_1_region	60505	365041	6.03	0	13
ptg011439l_1	25551	155578	6.09	0	12
ptg011439l_1_region	25551	155578	6.09	0	12
ptg011444l_1	128643	646698	5.03	0	17
ptg011444l_1_region	128643	646698	5.03	0	17
ptg011453l_1	97688	352707	3.61	0	23
ptg011453l_1_region	97688	352707	3.61	0	23
ptg011457l_1	40246	77433	1.92	0	5
ptg011457l_1_region	40246	77433	1.92	0	5
ptg011460l_1	42183	127293	3.02	0	11
ptg011460l_1_region	42183	127293	3.02	0	11
ptg011461l_1	343469	11163594	32.50	0	129
ptg011461l_1_region	343469	11163594	32.50	0	129
ptg011465l_1	130600	991900	7.59	0	34
ptg011465l_1_region	130600	991900	7.59	0	34
ptg011467l_1	50936	163065	3.20	0	11
ptg011467l_1_region	50936	163065	3.20	0	11
ptg011478l_1	28657	159416	5.56	0	9
ptg011478l_1_region	28657	159416	5.56	0	9
ptg011480l_1	67394	270032	4.01	0	20
ptg011480l_1_region	67394	270032	4.01	0	20
ptg011482l_1	97345	434102	4.46	0	13
ptg011482l_1_region	97345	434102	4.46	0	13
ptg011485l_1	103989	1121433	10.78	0	45
ptg011485l_1_region	103989	1121433	10.78	0	45
ptg011489l_1	49613	282100	5.69	0	14
ptg011489l_1_region	49613	282100	5.69	0	14
ptg011493l_1	47017	340091	7.23	0	31
ptg011493l_1_region	47017	340091	7.23	0	31
ptg011496l_1	35544	108223	3.04	0	8
ptg011496l_1_region	35544	108223	3.04	0	8
ptg011497l_1	27795	223107	8.03	0	15
ptg011497l_1_region	27795	223107	8.03	0	15
ptg011500l_1	102579	812451	7.92	0	19
ptg011500l_1_region	102579	812451	7.92	0	19
ptg011504l_1	170023	1760224	10.35	0	99
ptg011504l_1_region	170023	1760224	10.35	0	99
ptg011506l_1	166701	1018952	6.11	0	26
ptg011506l_1_region	166701	1018952	6.11	0	26
ptg011509l_1	25435	144318	5.67	0	12
ptg011509l_1_region	25435	144318	5.67	0	12
ptg011510l_1	207770	1362939	6.56	0	17
ptg011510l_1_region	207770	1362939	6.56	0	17
ptg011518l_1	337384	2123737	6.29	0	44
ptg011518l_1_region	337384	2123737	6.29	0	44
ptg011520l_1	120747	514540	4.26	0	17
ptg011520l_1_region	120747	514540	4.26	0	17
ptg011522l_1	56240	271785	4.83	0	18
ptg011522l_1_region	56240	271785	4.83	0	18
ptg011524l_1	60007	239780	4.00	0	9
ptg011524l_1_region	60007	239780	4.00	0	9
ptg011525l_1	22684	161415	7.12	0	23
ptg011525l_1_region	22684	161415	7.12	0	23
ptg011526l_1	270312	1946671	7.20	0	44
ptg011526l_1_region	270312	1946671	7.20	0	44
ptg011527l_1	24118	73306	3.04	0	6
ptg011527l_1_region	24118	73306	3.04	0	6
ptg011528l_1	19315	119727	6.20	0	25
ptg011528l_1_region	19315	119727	6.20	0	25
ptg011532l_1	122665	410732	3.35	0	11
ptg011532l_1_region	122665	410732	3.35	0	11
ptg011538l_1	105713	1019478	9.64	0	18
ptg011538l_1_region	105713	1019478	9.64	0	18
ptg011543l_1	128781	881750	6.85	0	29
ptg011543l_1_region	128781	881750	6.85	0	29
ptg011550l_1	53358	317864	5.96	1	13
ptg011550l_1_region	53358	317864	5.96	1	13
ptg011551l_1	76903	311486	4.05	0	19
ptg011551l_1_region	76903	311486	4.05	0	19
ptg011552l_1	220581	2821870	12.79	0	115
ptg011552l_1_region	220581	2821870	12.79	0	115
ptg011554l_1	40438	279943	6.92	0	16
ptg011554l_1_region	40438	279943	6.92	0	16
ptg011555l_1	216166	1498876	6.93	0	65
ptg011555l_1_region	216166	1498876	6.93	0	65
ptg011556l_1	68907	400786	5.82	0	29
ptg011556l_1_region	68907	400786	5.82	0	29
ptg011558l_1	33388	124045	3.72	0	11
ptg011558l_1_region	33388	124045	3.72	0	11
ptg011559l_1	26328	62556	2.38	0	6
ptg011559l_1_region	26328	62556	2.38	0	6
ptg011562l_1	12063	25312	2.10	0	5
ptg011562l_1_region	12063	25312	2.10	0	5
ptg011563l_1	127270	497637	3.91	0	20
ptg011563l_1_region	127270	497637	3.91	0	20
ptg011566l_1	254471	2663980	10.47	0	466
ptg011566l_1_region	254471	2663980	10.47	0	466
ptg011573l_1	20077	222858	11.10	1	23
ptg011573l_1_region	20077	222858	11.10	1	23
ptg011575l_1	73502	503349	6.85	0	25
ptg011575l_1_region	73502	503349	6.85	0	25
ptg011576l_1	35134	94856	2.70	0	11
ptg011576l_1_region	35134	94856	2.70	0	11
ptg011577l_1	95307	784680	8.23	0	34
ptg011577l_1_region	95307	784680	8.23	0	34
ptg011578l_1	17244	35571	2.06	0	4
ptg011578l_1_region	17244	35571	2.06	0	4
ptg011581l_1	10722	23983	2.24	0	8
ptg011581l_1_region	10722	23983	2.24	0	8
ptg011583l_1	39923	107496	2.69	0	8
ptg011583l_1_region	39923	107496	2.69	0	8
ptg011584l_1	101216	527647	5.21	0	16
ptg011584l_1_region	101216	527647	5.21	0	16
ptg011585l_1	202128	1628342	8.06	0	21
ptg011585l_1_region	202128	1628342	8.06	0	21
ptg011589l_1	318159	1850277	5.82	0	20
ptg011589l_1_region	318159	1850277	5.82	0	20
ptg011591l_1	171652	1909277	11.12	0	47
ptg011591l_1_region	171652	1909277	11.12	0	47
ptg011597l_1	239625	1992672	8.32	0	221
ptg011597l_1_region	239625	1992672	8.32	0	221
ptg011602l_1	1032630	8126370	7.87	0	22
ptg011602l_1_region	1032630	8126370	7.87	0	22
ptg011603l_1	32911	77968	2.37	0	6
ptg011603l_1_region	32911	77968	2.37	0	6
ptg011604l_1	24720	79923	3.23	0	8
ptg011604l_1_region	24720	79923	3.23	0	8
ptg011607l_1	41801	131621	3.15	0	7
ptg011607l_1_region	41801	131621	3.15	0	7
ptg011609l_1	82680	539412	6.52	0	34
ptg011609l_1_region	82680	539412	6.52	0	34
ptg011610l_1	57974	355178	6.13	0	13
ptg011610l_1_region	57974	355178	6.13	0	13
ptg011611l_1	52284	349189	6.68	0	14
ptg011611l_1_region	52284	349189	6.68	0	14
ptg011613l_1	78273	374182	4.78	0	11
ptg011613l_1_region	78273	374182	4.78	0	11
ptg011623l_1	36497	122598	3.36	0	12
ptg011623l_1_region	36497	122598	3.36	0	12
ptg011628l_1	80277	335165	4.18	0	11
ptg011628l_1_region	80277	335165	4.18	0	11
ptg011630l_1	205460	1262028	6.14	0	16
ptg011630l_1_region	205460	1262028	6.14	0	16
ptg011631l_1	25707	53352	2.08	0	4
ptg011631l_1_region	25707	53352	2.08	0	4
ptg011633l_1	29704	62283	2.10	0	7
ptg011633l_1_region	29704	62283	2.10	0	7
ptg011634l_1	62026	575085	9.27	0	17
ptg011634l_1_region	62026	575085	9.27	0	17
ptg011637l_1	34315	238513	6.95	0	19
ptg011637l_1_region	34315	238513	6.95	0	19
ptg011643l_1	68022	239377	3.52	0	11
ptg011643l_1_region	68022	239377	3.52	0	11
ptg011644l_1	202964	1146644	5.65	0	19
ptg011644l_1_region	202964	1146644	5.65	0	19
ptg011645l_1	94854	8125384	85.66	0	278
ptg011645l_1_region	94854	8125384	85.66	0	278
ptg011648l_1	74979	364320	4.86	0	15
ptg011648l_1_region	74979	364320	4.86	0	15
ptg011649l_1	103391	735602	7.11	0	29
ptg011649l_1_region	103391	735602	7.11	0	29
ptg011653l_1	126452	532910	4.21	0	13
ptg011653l_1_region	126452	532910	4.21	0	13
ptg011654l_1	38431	185189	4.82	0	11
ptg011654l_1_region	38431	185189	4.82	0	11
ptg011656l_1	50829	235485	4.63	0	11
ptg011656l_1_region	50829	235485	4.63	0	11
ptg011662l_1	89332	662693	7.42	0	20
ptg011662l_1_region	89332	662693	7.42	0	20
ptg011664l_1	108497	559347	5.16	0	15
ptg011664l_1_region	108497	559347	5.16	0	15
ptg011666l_1	34655	95040	2.74	0	18
ptg011666l_1_region	34655	95040	2.74	0	18
ptg011667l_1	253574	2184266	8.61	0	20
ptg011667l_1_region	253574	2184266	8.61	0	20
ptg011673l_1	159671	2268149	14.21	0	49
ptg011673l_1_region	159671	2268149	14.21	0	49
ptg011675l_1	119571	917698	7.67	0	24
ptg011675l_1_region	119571	917698	7.67	0	24
ptg011676l_1	35118	118807	3.38	0	9
ptg011676l_1_region	35118	118807	3.38	0	9
ptg011677l_1	26823	218328	8.14	0	14
ptg011677l_1_region	26823	218328	8.14	0	14
ptg011681l_1	26934	11504	0.43	0	2
ptg011681l_1_region	26934	11504	0.43	0	2
ptg011682l_1	136865	967148	7.07	0	19
ptg011682l_1_region	136865	967148	7.07	0	19
ptg011683l_1	50172	197122	3.93	0	16
ptg011683l_1_region	50172	197122	3.93	0	16
ptg011685l_1	66061	212438	3.22	0	9
ptg011685l_1_region	66061	212438	3.22	0	9
ptg011688l_1	107117	734941	6.86	0	16
ptg011688l_1_region	107117	734941	6.86	0	16
ptg011690l_1	62482	238892	3.82	0	7
ptg011690l_1_region	62482	238892	3.82	0	7
ptg011692l_1	197626	1413715	7.15	0	23
ptg011692l_1_region	197626	1413715	7.15	0	23
ptg011695l_1	116734	1309023	11.21	0	277
ptg011695l_1_region	116734	1309023	11.21	0	277
ptg011698l_1	19752	112083	5.67	0	22
ptg011698l_1_region	19752	112083	5.67	0	22
ptg011702l_1	44310	225354	5.09	0	10
ptg011702l_1_region	44310	225354	5.09	0	10
ptg011710l_1	177442	1295989	7.30	0	26
ptg011710l_1_region	177442	1295989	7.30	0	26
ptg011712l_1	134572	1005639	7.47	0	21
ptg011712l_1_region	134572	1005639	7.47	0	21
ptg011715l_1	20125	76864	3.82	0	6
ptg011715l_1_region	20125	76864	3.82	0	6
ptg011716l_1	351383	2441469	6.95	0	22
ptg011716l_1_region	351383	2441469	6.95	0	22
ptg011717l_1	275028	8263867	30.05	0	328
ptg011717l_1_region	275028	8263867	30.05	0	328
ptg011718l_1	167447	1113810	6.65	0	16
ptg011718l_1_region	167447	1113810	6.65	0	16
ptg011719l_1	64087	254743	3.97	0	16
ptg011719l_1_region	64087	254743	3.97	0	16
ptg011726l_1	24346	143890	5.91	0	10
ptg011726l_1_region	24346	143890	5.91	0	10
ptg011728l_1	80830	558257	6.91	0	34
ptg011728l_1_region	80830	558257	6.91	0	34
ptg011733l_1	122203	977895	8.00	0	18
ptg011733l_1_region	122203	977895	8.00	0	18
ptg011734l_1	149124	1006043	6.75	0	29
ptg011734l_1_region	149124	1006043	6.75	0	29
ptg011735l_1	57641	407344	7.07	0	22
ptg011735l_1_region	57641	407344	7.07	0	22
ptg011741l_1	18634	77294	4.15	0	8
ptg011741l_1_region	18634	77294	4.15	0	8
ptg011742l_1	64641	476743	7.38	0	14
ptg011742l_1_region	64641	476743	7.38	0	14
ptg011744l_1	15140	26977	1.78	0	3
ptg011744l_1_region	15140	26977	1.78	0	3
ptg011745l_1	119491	709937	5.94	0	16
ptg011745l_1_region	119491	709937	5.94	0	16
ptg011746l_1	224651	1027336	4.57	0	14
ptg011746l_1_region	224651	1027336	4.57	0	14
ptg011748l_1	65004	479305	7.37	0	30
ptg011748l_1_region	65004	479305	7.37	0	30
ptg011749l_1	54520	307714	5.64	0	15
ptg011749l_1_region	54520	307714	5.64	0	15
ptg011751l_1	14903	105990	7.11	0	11
ptg011751l_1_region	14903	105990	7.11	0	11
ptg011752l_1	61694	285646	4.63	0	11
ptg011752l_1_region	61694	285646	4.63	0	11
ptg011753l_1	143602	446692	3.11	0	11
ptg011753l_1_region	143602	446692	3.11	0	11
ptg011756l_1	33150	16117	0.49	0	4
ptg011756l_1_region	33150	16117	0.49	0	4
ptg011757l_1	45433	139212	3.06	0	8
ptg011757l_1_region	45433	139212	3.06	0	8
ptg011759l_1	72387	444399	6.14	0	14
ptg011759l_1_region	72387	444399	6.14	0	14
ptg011760l_1	58903	185515	3.15	0	9
ptg011760l_1_region	58903	185515	3.15	0	9
ptg011761l_1	160165	1468309	9.17	0	24
ptg011761l_1_region	160165	1468309	9.17	0	24
ptg011768l_1	57476	469431	8.17	0	21
ptg011768l_1_region	57476	469431	8.17	0	21
ptg011769l_1	18832	9450	0.50	0	2
ptg011769l_1_region	18832	9450	0.50	0	2
ptg011776l_1	25804	98256	3.81	0	8
ptg011776l_1_region	25804	98256	3.81	0	8
ptg011779l_1	53799	11142	0.21	0	2
ptg011779l_1_region	53799	11142	0.21	0	2
ptg011782l_1	112649	1010901	8.97	0	26
ptg011782l_1_region	112649	1010901	8.97	0	26
ptg011783l_1	59582	387859	6.51	0	13
ptg011783l_1_region	59582	387859	6.51	0	13
ptg011786l_1	683992	4602985	6.73	0	24
ptg011786l_1_region	683992	4602985	6.73	0	24
ptg011788l_1	35454	128153	3.61	0	9
ptg011788l_1_region	35454	128153	3.61	0	9
ptg011792l_1	46945	142260	3.03	0	184
ptg011792l_1_region	46945	142260	3.03	0	184
ptg011795l_1	72929	363987	4.99	0	10
ptg011795l_1_region	72929	363987	4.99	0	10
ptg011796l_1	106566	1236827	11.61	0	65
ptg011796l_1_region	106566	1236827	11.61	0	65
ptg011797l_1	130626	933462	7.15	0	19
ptg011797l_1_region	130626	933462	7.15	0	19
ptg011801l_1	76623	200645	2.62	0	8
ptg011801l_1_region	76623	200645	2.62	0	8
ptg011812l_1	63236	436504	6.90	0	15
ptg011812l_1_region	63236	436504	6.90	0	15
ptg011813l_1	17149	50739	2.96	0	7
ptg011813l_1_region	17149	50739	2.96	0	7
ptg011821l_1	36258	204185	5.63	0	15
ptg011821l_1_region	36258	204185	5.63	0	15
ptg011822l_1	152252	1225397	8.05	0	24
ptg011822l_1_region	152252	1225397	8.05	0	24
ptg011824l_1	70531	253078	3.59	0	11
ptg011824l_1_region	70531	253078	3.59	0	11
ptg011827l_1	50739	187300	3.69	0	10
ptg011827l_1_region	50739	187300	3.69	0	10
ptg011831l_1	40529	31549	0.78	0	4
ptg011831l_1_region	40529	31549	0.78	0	4
ptg011836l_1	132368	681399	5.15	0	19
ptg011836l_1_region	132368	681399	5.15	0	19
ptg011839l_1	95184	204923	2.15	0	8
ptg011839l_1_region	95184	204923	2.15	0	8
ptg011841l_1	11759	27175	2.31	0	6
ptg011841l_1_region	11759	27175	2.31	0	6
ptg011847l_1	27320	60352	2.21	0	7
ptg011847l_1_region	27320	60352	2.21	0	7
ptg011848l_1	8519	28174	3.31	0	4
ptg011848l_1_region	8519	28174	3.31	0	4
ptg011849l_1	29436	111790	3.80	0	12
ptg011849l_1_region	29436	111790	3.80	0	12
ptg011851l_1	100655	299089	2.97	0	10
ptg011851l_1_region	100655	299089	2.97	0	10
ptg011853l_1	63863	246330	3.86	0	12
ptg011853l_1_region	63863	246330	3.86	0	12
ptg011856l_1	144837	716535	4.95	0	14
ptg011856l_1_region	144837	716535	4.95	0	14
ptg011858l_1	35102	101525	2.89	0	7
ptg011858l_1_region	35102	101525	2.89	0	7
ptg011866l_1	36102	135370	3.75	0	14
ptg011866l_1_region	36102	135370	3.75	0	14
ptg011870l_1	67827	316886	4.67	0	14
ptg011870l_1_region	67827	316886	4.67	0	14
ptg011871l_1	57317	282359	4.93	0	19
ptg011871l_1_region	57317	282359	4.93	0	19
ptg011875l_1	80820	452277	5.60	0	17
ptg011875l_1_region	80820	452277	5.60	0	17
ptg011880l_1	144438	430613	2.98	0	11
ptg011880l_1_region	144438	430613	2.98	0	11
ptg011881l_1	44402	228431	5.14	0	10
ptg011881l_1_region	44402	228431	5.14	0	10
ptg011882l_1	12193	23761	1.95	0	4
ptg011882l_1_region	12193	23761	1.95	0	4
ptg011883l_1	67581	171420	2.54	0	9
ptg011883l_1_region	67581	171420	2.54	0	9
ptg011884l_1	17236	65795	3.82	0	6
ptg011884l_1_region	17236	65795	3.82	0	6
ptg011885l_1	64424	249549	3.87	0	12
ptg011885l_1_region	64424	249549	3.87	0	12
ptg011886l_1	95513	627980	6.57	0	20
ptg011886l_1_region	95513	627980	6.57	0	20
ptg011891l_1	218208	1535680	7.04	0	79
ptg011891l_1_region	218208	1535680	7.04	0	79
ptg011893l_1	12483	49193	3.94	0	7
ptg011893l_1_region	12483	49193	3.94	0	7
ptg011897l_1	30031	379769	12.65	0	55
ptg011897l_1_region	30031	379769	12.65	0	55
ptg011901l_1	408796	2428574	5.94	0	104
ptg011901l_1_region	408796	2428574	5.94	0	104
ptg011906l_1	192994	1970000	10.21	0	22
ptg011906l_1_region	192994	1970000	10.21	0	22
ptg011908l_1	120461	602691	5.00	0	34
ptg011908l_1_region	120461	602691	5.00	0	34
ptg011909l_1	261080	2516088	9.64	0	30
ptg011909l_1_region	261080	2516088	9.64	0	30
ptg011914l_1	504380	6196358	12.29	0	34
ptg011914l_1_region	504380	6196358	12.29	0	34
ptg011915l_1	110405	1643724	14.89	0	73
ptg011915l_1_region	110405	1643724	14.89	0	73
ptg011916l_1	190217	1392229	7.32	0	54
ptg011916l_1_region	190217	1392229	7.32	0	54
ptg011918l_1	277889	756202	2.72	0	22
ptg011918l_1_region	277889	756202	2.72	0	22
ptg011919l_1	51942	233146	4.49	0	15
ptg011919l_1_region	51942	233146	4.49	0	15
ptg011920l_1	88959	642118	7.22	0	15
ptg011920l_1_region	88959	642118	7.22	0	15
ptg011923l_1	18494	48753	2.64	0	9
ptg011923l_1_region	18494	48753	2.64	0	9
ptg011927l_1	14269	109595	7.68	0	15
ptg011927l_1_region	14269	109595	7.68	0	15
ptg011928l_1	387057	3673855	9.49	0	26
ptg011928l_1_region	387057	3673855	9.49	0	26
ptg011933l_1	234247	481345	2.05	0	16
ptg011933l_1_region	234247	481345	2.05	0	16
ptg011935l_1	16286	55240	3.39	0	5
ptg011935l_1_region	16286	55240	3.39	0	5
ptg011937l_1	175233	709825	4.05	0	20
ptg011937l_1_region	175233	709825	4.05	0	20
ptg011945l_1	111351	545703	4.90	0	28
ptg011945l_1_region	111351	545703	4.90	0	28
ptg011946l_1	96142	763988	7.95	0	25
ptg011946l_1_region	96142	763988	7.95	0	25
ptg011952l_1	8937	47112	5.27	0	13
ptg011952l_1_region	8937	47112	5.27	0	13
ptg011954l_1	73051	504222	6.90	0	90
ptg011954l_1_region	73051	504222	6.90	0	90
ptg011961l_1	36238	208314	5.75	0	14
ptg011961l_1_region	36238	208314	5.75	0	14
ptg011963l_1	19304	205242	10.63	2	26
ptg011963l_1_region	19304	205242	10.63	2	26
ptg011967l_1	26069	116481	4.47	0	15
ptg011967l_1_region	26069	116481	4.47	0	15
ptg011968l_1	223740	1932507	8.64	0	21
ptg011968l_1_region	223740	1932507	8.64	0	21
ptg011971l_1	315019	2431620	7.72	0	43
ptg011971l_1_region	315019	2431620	7.72	0	43
ptg011975l_1	29230	194541	6.66	0	12
ptg011975l_1_region	29230	194541	6.66	0	12
ptg011977l_1	56500	323765	5.73	0	19
ptg011977l_1_region	56500	323765	5.73	0	19
ptg011979l_1	45606	284841	6.25	0	12
ptg011979l_1_region	45606	284841	6.25	0	12
ptg011980l_1	21197	89676	4.23	0	9
ptg011980l_1_region	21197	89676	4.23	0	9
ptg011983l_1	97758	463021	4.74	0	10
ptg011983l_1_region	97758	463021	4.74	0	10
ptg011985l_1	106933	395637	3.70	0	16
ptg011985l_1_region	106933	395637	3.70	0	16
ptg011986l_1	38976	159938	4.10	0	17
ptg011986l_1_region	38976	159938	4.10	0	17
ptg011987l_1	53612	249291	4.65	0	17
ptg011987l_1_region	53612	249291	4.65	0	17
ptg011990l_1	44118	329223	7.46	0	23
ptg011990l_1_region	44118	329223	7.46	0	23
ptg012000l_1	22371	66984	2.99	0	9
ptg012000l_1_region	22371	66984	2.99	0	9
ptg012001l_1	18589	31134	1.67	0	4
ptg012001l_1_region	18589	31134	1.67	0	4
ptg012004l_1	24586	79530	3.23	0	6
ptg012004l_1_region	24586	79530	3.23	0	6
ptg012005l_1	78871	833735	10.57	0	26
ptg012005l_1_region	78871	833735	10.57	0	26
ptg012006l_1	32426	119259	3.68	0	8
ptg012006l_1_region	32426	119259	3.68	0	8
ptg012009l_1	13995	18324	1.31	0	4
ptg012009l_1_region	13995	18324	1.31	0	4
ptg012010l_1	76685	931047	12.14	0	42
ptg012010l_1_region	76685	931047	12.14	0	42
ptg012011l_1	90383	404599	4.48	0	12
ptg012011l_1_region	90383	404599	4.48	0	12
ptg012012l_1	31239	153434	4.91	0	16
ptg012012l_1_region	31239	153434	4.91	0	16
ptg012013l_1	219067	2134709	9.74	0	84
ptg012013l_1_region	219067	2134709	9.74	0	84
ptg012023l_1	541697	3853888	7.11	0	53
ptg012023l_1_region	541697	3853888	7.11	0	53
ptg012025l_1	99777	642699	6.44	0	18
ptg012025l_1_region	99777	642699	6.44	0	18
ptg012030l_1	283684	3147674	11.10	0	43
ptg012030l_1_region	283684	3147674	11.10	0	43
ptg012037l_1	181064	2906495	16.05	0	67
ptg012037l_1_region	181064	2906495	16.05	0	67
ptg012040l_1	16132	76022	4.71	0	8
ptg012040l_1_region	16132	76022	4.71	0	8
ptg012049l_1	15973	47410	2.97	0	10
ptg012049l_1_region	15973	47410	2.97	0	10
ptg012050l_1	53847	163065	3.03	0	7
ptg012050l_1_region	53847	163065	3.03	0	7
ptg012055l_1	62203	466068	7.49	0	18
ptg012055l_1_region	62203	466068	7.49	0	18
ptg012059l_1	8628	9819	1.14	0	3
ptg012059l_1_region	8628	9819	1.14	0	3
ptg012060l_1	17895	304315	17.01	4	31
ptg012060l_1_region	17895	304315	17.01	4	31
ptg012062l_1	115448	1283409	11.12	0	26
ptg012062l_1_region	115448	1283409	11.12	0	26
ptg012066l_1	30797	101834	3.31	0	11
ptg012066l_1_region	30797	101834	3.31	0	11
ptg012070l_1	36743	25539	0.70	0	3
ptg012070l_1_region	36743	25539	0.70	0	3
ptg012074l_1	75268	349825	4.65	0	12
ptg012074l_1_region	75268	349825	4.65	0	12
ptg012075l_1	43451	416999	9.60	0	28
ptg012075l_1_region	43451	416999	9.60	0	28
ptg012076l_1	54751	277520	5.07	0	16
ptg012076l_1_region	54751	277520	5.07	0	16
ptg012079l_1	46808	285651	6.10	0	19
ptg012079l_1_region	46808	285651	6.10	0	19
ptg012081l_1	49540	283886	5.73	0	16
ptg012081l_1_region	49540	283886	5.73	0	16
ptg012094l_1	38540	177671	4.61	0	8
ptg012094l_1_region	38540	177671	4.61	0	8
ptg012095l_1	9374	70604	7.53	0	14
ptg012095l_1_region	9374	70604	7.53	0	14
ptg012096l_1	27202	93409	3.43	0	8
ptg012096l_1_region	27202	93409	3.43	0	8
ptg012108l_1	116999	746175	6.38	0	20
ptg012108l_1_region	116999	746175	6.38	0	20
ptg012110l_1	12683	30208	2.38	0	8
ptg012110l_1_region	12683	30208	2.38	0	8
ptg012112l_1	51098	1002139	19.61	0	60
ptg012112l_1_region	51098	1002139	19.61	0	60
ptg012117l_1	105575	636353	6.03	0	18
ptg012117l_1_region	105575	636353	6.03	0	18
ptg012118l_1	99119	584445	5.90	0	25
ptg012118l_1_region	99119	584445	5.90	0	25
ptg012120l_1	100643	522796	5.19	0	15
ptg012120l_1_region	100643	522796	5.19	0	15
ptg012122l_1	58498	327149	5.59	0	12
ptg012122l_1_region	58498	327149	5.59	0	12
ptg012124l_1	7330	6880	0.94	0	2
ptg012124l_1_region	7330	6880	0.94	0	2
ptg012128l_1	805602	2570829	3.19	0	29
ptg012128l_1_region	805602	2570829	3.19	0	29
ptg012129l_1	48071	229262	4.77	0	17
ptg012129l_1_region	48071	229262	4.77	0	17
ptg012132l_1	181465	2477264	13.65	0	71
ptg012132l_1_region	181465	2477264	13.65	0	71
ptg012134l_1	46277	161555	3.49	0	9
ptg012134l_1_region	46277	161555	3.49	0	9
ptg012137l_1	108759	765810	7.04	0	20
ptg012137l_1_region	108759	765810	7.04	0	20
ptg012141l_1	18873	64258	3.40	0	11
ptg012141l_1_region	18873	64258	3.40	0	11
ptg012142l_1	11593	50611	4.37	0	7
ptg012142l_1_region	11593	50611	4.37	0	7
ptg012143l_1	181874	1119018	6.15	0	28
ptg012143l_1_region	181874	1119018	6.15	0	28
ptg012146l_1	286383	1939032	6.77	0	20
ptg012146l_1_region	286383	1939032	6.77	0	20
ptg012150l_1	190116	846788	4.45	0	13
ptg012150l_1_region	190116	846788	4.45	0	13
ptg012155l_1	70062	339801	4.85	0	13
ptg012155l_1_region	70062	339801	4.85	0	13
ptg012157l_1	49818	255558	5.13	0	13
ptg012157l_1_region	49818	255558	5.13	0	13
ptg012160l_1	12177	38519	3.16	0	8
ptg012160l_1_region	12177	38519	3.16	0	8
ptg012163l_1	34157	370731	10.85	0	23
ptg012163l_1_region	34157	370731	10.85	0	23
ptg012173l_1	35971	378818	10.53	0	80
ptg012173l_1_region	35971	378818	10.53	0	80
ptg012174l_1	278595	1381498	4.96	0	23
ptg012174l_1_region	278595	1381498	4.96	0	23
ptg012175l_1	123025	943585	7.67	0	140
ptg012175l_1_region	123025	943585	7.67	0	140
ptg012180l_1	10483	21341	2.04	0	4
ptg012180l_1_region	10483	21341	2.04	0	4
ptg012197l_1	75996	1081123	14.23	0	38
ptg012197l_1_region	75996	1081123	14.23	0	38
ptg012201l_1	206527	4041768	19.57	0	99
ptg012201l_1_region	206527	4041768	19.57	0	99
ptg012207l_1	27505	323535	11.76	0	16
ptg012207l_1_region	27505	323535	11.76	0	16
ptg012210l_1	777744	5010208	6.44	0	29
ptg012210l_1_region	777744	5010208	6.44	0	29
ptg012214l_1	405492	4191674	10.34	0	34
ptg012214l_1_region	405492	4191674	10.34	0	34
ptg012215l_1	436114	5453181	12.50	0	55
ptg012215l_1_region	436114	5453181	12.50	0	55
ptg012217l_1	316000	6001824	18.99	0	45
ptg012217l_1_region	316000	6001824	18.99	0	45
ptg012221l_1	33429	120769	3.61	0	18
ptg012221l_1_region	33429	120769	3.61	0	18
ptg012222l_1	84454	538826	6.38	0	14
ptg012222l_1_region	84454	538826	6.38	0	14
ptg012223l_1	34469	150383	4.36	0	7
ptg012223l_1_region	34469	150383	4.36	0	7
ptg012226l_1	107136	881930	8.23	0	65
ptg012226l_1_region	107136	881930	8.23	0	65
ptg012228l_1	55867	286089	5.12	0	18
ptg012228l_1_region	55867	286089	5.12	0	18
ptg012230l_1	420808	3764528	8.95	0	79
ptg012230l_1_region	420808	3764528	8.95	0	79
ptg012231l_1	81428	435485	5.35	0	18
ptg012231l_1_region	81428	435485	5.35	0	18
ptg012232l_1	211348	522153	2.47	0	10
ptg012232l_1_region	211348	522153	2.47	0	10
ptg012235l_1	20112	108916	5.42	0	11
ptg012235l_1_region	20112	108916	5.42	0	11
ptg012238l_1	908684	15964475	17.57	0	92
ptg012238l_1_region	908684	15964475	17.57	0	92
ptg012252l_1	110665	445360	4.02	0	26
ptg012252l_1_region	110665	445360	4.02	0	26
ptg012253l_1	96813	460610	4.76	0	12
ptg012253l_1_region	96813	460610	4.76	0	12
ptg012254l_1	152879	1273048	8.33	0	23
ptg012254l_1_region	152879	1273048	8.33	0	23
ptg012255l_1	698799	5246591	7.51	0	30
ptg012255l_1_region	698799	5246591	7.51	0	30
ptg012256l_1	38054	137992	3.63	0	11
ptg012256l_1_region	38054	137992	3.63	0	11
ptg012263l_1	36754	143432	3.90	0	49
ptg012263l_1_region	36754	143432	3.90	0	49
ptg012266l_1	76982	1245505	16.18	0	38
ptg012266l_1_region	76982	1245505	16.18	0	38
ptg012267l_1	39963	115295	2.89	0	9
ptg012267l_1_region	39963	115295	2.89	0	9
ptg012272l_1	49935	81166	1.63	0	7
ptg012272l_1_region	49935	81166	1.63	0	7
ptg012282l_1	87141	390355	4.48	0	18
ptg012282l_1_region	87141	390355	4.48	0	18
ptg012283l_1	66759	350719	5.25	0	17
ptg012283l_1_region	66759	350719	5.25	0	17
ptg012285l_1	13346	30129	2.26	0	4
ptg012285l_1_region	13346	30129	2.26	0	4
ptg012287l_1	48924	143984	2.94	0	11
ptg012287l_1_region	48924	143984	2.94	0	11
ptg012289l_1	137526	451251	3.28	0	16
ptg012289l_1_region	137526	451251	3.28	0	16
ptg012294l_1	47424	210288	4.43	0	9
ptg012294l_1_region	47424	210288	4.43	0	9
ptg012298l_1	30927	209918	6.79	0	12
ptg012298l_1_region	30927	209918	6.79	0	12
ptg012302l_1	83382	351139	4.21	0	9
ptg012302l_1_region	83382	351139	4.21	0	9
ptg012304l_1	145389	946262	6.51	0	15
ptg012304l_1_region	145389	946262	6.51	0	15
ptg012311l_1	205424	6327147	30.80	0	226
ptg012311l_1_region	205424	6327147	30.80	0	226
ptg012314l_1	29207	124905	4.28	0	13
ptg012314l_1_region	29207	124905	4.28	0	13
ptg012315l_1	204414	1369128	6.70	0	89
ptg012315l_1_region	204414	1369128	6.70	0	89
ptg012317l_1	98975	394677	3.99	0	16
ptg012317l_1_region	98975	394677	3.99	0	16
ptg012318l_1	130844	910680	6.96	0	17
ptg012318l_1_region	130844	910680	6.96	0	17
ptg012320l_1	28496	58609	2.06	0	5
ptg012320l_1_region	28496	58609	2.06	0	5
ptg012321l_1	59289	311796	5.26	0	14
ptg012321l_1_region	59289	311796	5.26	0	14
ptg012322l_1	231850	2133948	9.20	0	48
ptg012322l_1_region	231850	2133948	9.20	0	48
ptg012323l_1	46397	203626	4.39	0	15
ptg012323l_1_region	46397	203626	4.39	0	15
ptg012328l_1	52976	34969	0.66	0	3
ptg012328l_1_region	52976	34969	0.66	0	3
ptg012329l_1	79508	242815	3.05	0	13
ptg012329l_1_region	79508	242815	3.05	0	13
ptg012330l_1	17428	4650	0.27	0	4
ptg012330l_1_region	17428	4650	0.27	0	4
ptg012333l_1	12535	24021	1.92	0	4
ptg012333l_1_region	12535	24021	1.92	0	4
ptg012334l_1	15777	185977	11.79	3	19
ptg012334l_1_region	15777	185977	11.79	3	19
ptg012335l_1	34070	95580	2.81	0	8
ptg012335l_1_region	34070	95580	2.81	0	8
ptg012348l_1	108297	582270	5.38	0	18
ptg012348l_1_region	108297	582270	5.38	0	18
ptg012349l_1	131023	953383	7.28	0	33
ptg012349l_1_region	131023	953383	7.28	0	33
ptg012350l_1	98098	490367	5.00	0	15
ptg012350l_1_region	98098	490367	5.00	0	15
ptg012354l_1	113907	925459	8.12	0	15
ptg012354l_1_region	113907	925459	8.12	0	15
ptg012358l_1	19844	81165	4.09	0	9
ptg012358l_1_region	19844	81165	4.09	0	9
ptg012361l_1	195548	1327558	6.79	0	33
ptg012361l_1_region	195548	1327558	6.79	0	33
ptg012364l_1	22023	95785	4.35	0	8
ptg012364l_1_region	22023	95785	4.35	0	8
ptg012365l_1	42611	195658	4.59	0	8
ptg012365l_1_region	42611	195658	4.59	0	8
ptg012366l_1	97746	559038	5.72	0	13
ptg012366l_1_region	97746	559038	5.72	0	13
ptg012367l_1	59878	454638	7.59	0	13
ptg012367l_1_region	59878	454638	7.59	0	13
ptg012370l_1	8512	24278	2.85	0	5
ptg012370l_1_region	8512	24278	2.85	0	5
ptg012384l_1	19402	62973	3.25	0	9
ptg012384l_1_region	19402	62973	3.25	0	9
ptg012386l_1	23314	89438	3.84	0	10
ptg012386l_1_region	23314	89438	3.84	0	10
ptg012388l_1	55151	356608	6.47	0	43
ptg012388l_1_region	55151	356608	6.47	0	43
ptg012389l_1	28460	126846	4.46	0	12
ptg012389l_1_region	28460	126846	4.46	0	12
ptg012397l_1	31221	173067	5.54	0	116
ptg012397l_1_region	31221	173067	5.54	0	116
ptg012398l_1	122402	680199	5.56	0	16
ptg012398l_1_region	122402	680199	5.56	0	16
ptg012399l_1	119167	329879	2.77	0	15
ptg012399l_1_region	119167	329879	2.77	0	15
ptg012400l_1	55402	187826	3.39	0	8
ptg012400l_1_region	55402	187826	3.39	0	8
ptg012402l_1	12399	28632	2.31	0	11
ptg012402l_1_region	12399	28632	2.31	0	11
ptg012403l_1	75475	358675	4.75	0	22
ptg012403l_1_region	75475	358675	4.75	0	22
ptg012408l_1	25778	66796	2.59	0	9
ptg012408l_1_region	25778	66796	2.59	0	9
ptg012411l_1	99348	638468	6.43	0	30
ptg012411l_1_region	99348	638468	6.43	0	30
ptg012412l_1	52517	189748	3.61	0	26
ptg012412l_1_region	52517	189748	3.61	0	26
ptg012413l_1	18792	46505	2.47	0	5
ptg012413l_1_region	18792	46505	2.47	0	5
ptg012417l_1	17910	41026	2.29	0	10
ptg012417l_1_region	17910	41026	2.29	0	10
ptg012418l_1	48721	205299	4.21	0	12
ptg012418l_1_region	48721	205299	4.21	0	12
ptg012421l_1	70972	437050	6.16	0	15
ptg012421l_1_region	70972	437050	6.16	0	15
ptg012427l_1	22063	160554	7.28	0	15
ptg012427l_1_region	22063	160554	7.28	0	15
ptg012429l_1	15061	30140	2.00	0	4
ptg012429l_1_region	15061	30140	2.00	0	4
ptg012430l_1	20983	75212	3.58	0	12
ptg012430l_1_region	20983	75212	3.58	0	12
ptg012431l_1	15991	44603	2.79	0	6
ptg012431l_1_region	15991	44603	2.79	0	6
ptg012432l_1	68630	945282	13.77	0	42
ptg012432l_1_region	68630	945282	13.77	0	42
ptg012433l_1	171632	4007810	23.35	0	148
ptg012433l_1_region	171632	4007810	23.35	0	148
ptg012434l_1	199649	2618045	13.11	0	91
ptg012434l_1_region	199649	2618045	13.11	0	91
ptg012444l_1	36189	68936	1.90	0	11
ptg012444l_1_region	36189	68936	1.90	0	11
ptg012446l_1	1145697	7433418	6.49	0	37
ptg012446l_1_region	1145697	7433418	6.49	0	37
ptg012450l_1	58652	265602	4.53	0	16
ptg012450l_1_region	58652	265602	4.53	0	16
ptg012452l_1	45304	143378	3.16	0	6
ptg012452l_1_region	45304	143378	3.16	0	6
ptg012456l_1	230232	1004074	4.36	0	17
ptg012456l_1_region	230232	1004074	4.36	0	17
ptg012458l_1	38827	231712	5.97	0	15
ptg012458l_1_region	38827	231712	5.97	0	15
ptg012459l_1	122884	932905	7.59	0	24
ptg012459l_1_region	122884	932905	7.59	0	24
ptg012462l_1	195020	2333215	11.96	0	129
ptg012462l_1_region	195020	2333215	11.96	0	129
ptg012464l_1	33911	108159	3.19	0	6
ptg012464l_1_region	33911	108159	3.19	0	6
ptg012467l_1	16036	535668	33.40	7	56
ptg012467l_1_region	16036	535668	33.40	7	56
ptg012468l_1	33937	204062	6.01	0	13
ptg012468l_1_region	33937	204062	6.01	0	13
ptg012471l_1	27286	55381	2.03	0	10
ptg012471l_1_region	27286	55381	2.03	0	10
ptg012474l_1	390545	2321535	5.94	0	43
ptg012474l_1_region	390545	2321535	5.94	0	43
ptg012477l_1	74232	468080	6.31	0	18
ptg012477l_1_region	74232	468080	6.31	0	18
ptg012483l_1	37847	89533	2.37	0	9
ptg012483l_1_region	37847	89533	2.37	0	9
ptg012489l_1	21104	41514	1.97	0	9
ptg012489l_1_region	21104	41514	1.97	0	9
ptg012490l_1	56969	239481	4.20	0	13
ptg012490l_1_region	56969	239481	4.20	0	13
ptg012493l_1	31542	122701	3.89	0	12
ptg012493l_1_region	31542	122701	3.89	0	12
ptg012495l_1	446595	1373033	3.07	0	36
ptg012495l_1_region	446595	1373033	3.07	0	36
ptg012496l_1	379933	1877406	4.94	0	19
ptg012496l_1_region	379933	1877406	4.94	0	19
ptg012499l_1	18747	100763	5.37	0	11
ptg012499l_1_region	18747	100763	5.37	0	11
ptg012502l_1	32964	20728	0.63	0	2
ptg012502l_1_region	32964	20728	0.63	0	2
ptg012506l_1	164577	668776	4.06	0	19
ptg012506l_1_region	164577	668776	4.06	0	19
ptg012514l_1	24993	113560	4.54	0	11
ptg012514l_1_region	24993	113560	4.54	0	11
ptg012517l_1	172182	357867	2.08	0	8
ptg012517l_1_region	172182	357867	2.08	0	8
ptg012518l_1	77211	435040	5.63	0	20
ptg012518l_1_region	77211	435040	5.63	0	20
ptg012519l_1	12905	27660	2.14	0	6
ptg012519l_1_region	12905	27660	2.14	0	6
ptg012520l_1	62632	554549	8.85	0	28
ptg012520l_1_region	62632	554549	8.85	0	28
ptg012521l_1	10938	51438	4.70	0	8
ptg012521l_1_region	10938	51438	4.70	0	8
ptg012523l_1	83780	317084	3.78	0	11
ptg012523l_1_region	83780	317084	3.78	0	11
ptg012531l_1	15146	87431	5.77	0	10
ptg012531l_1_region	15146	87431	5.77	0	10
ptg012533l_1	33214	165640	4.99	0	12
ptg012533l_1_region	33214	165640	4.99	0	12
ptg012538l_1	114413	603251	5.27	0	20
ptg012538l_1_region	114413	603251	5.27	0	20
ptg012541l_1	90060	312390	3.47	0	13
ptg012541l_1_region	90060	312390	3.47	0	13
ptg012543l_1	86176	453582	5.26	0	13
ptg012543l_1_region	86176	453582	5.26	0	13
ptg012544l_1	124709	944507	7.57	0	18
ptg012544l_1_region	124709	944507	7.57	0	18
ptg012551l_1	47445	174348	3.67	0	16
ptg012551l_1_region	47445	174348	3.67	0	16
ptg012554l_1	22868	158323	6.92	0	18
ptg012554l_1_region	22868	158323	6.92	0	18
ptg012558l_1	69624	276581	3.97	0	13
ptg012558l_1_region	69624	276581	3.97	0	13
ptg012559l_1	38150	67872	1.78	0	20
ptg012559l_1_region	38150	67872	1.78	0	20
ptg012560l_1	283872	2961668	10.43	0	44
ptg012560l_1_region	283872	2961668	10.43	0	44
ptg012566l_1	41191	116397	2.83	0	10
ptg012566l_1_region	41191	116397	2.83	0	10
ptg012573l_1	46297	290930	6.28	0	18
ptg012573l_1_region	46297	290930	6.28	0	18
ptg012575l_1	155738	567561	3.64	0	13
ptg012575l_1_region	155738	567561	3.64	0	13
ptg012577c_1	120685	108122	0.90	0	6
ptg012577c_1_region	120685	108122	0.90	0	6
ptg012580l_1	175446	964960	5.50	0	19
ptg012580l_1_region	175446	964960	5.50	0	19
ptg012581l_1	58171	355338	6.11	0	14
ptg012581l_1_region	58171	355338	6.11	0	14
ptg012582l_1	7495	30784	4.11	0	8
ptg012582l_1_region	7495	30784	4.11	0	8
ptg012586l_1	793630	5130138	6.46	0	31
ptg012586l_1_region	793630	5130138	6.46	0	31
ptg012587l_1	54927	376214	6.85	0	16
ptg012587l_1_region	54927	376214	6.85	0	16
ptg012590l_1	19626	753409	38.39	0	62
ptg012590l_1_region	19626	753409	38.39	0	62
ptg012592l_1	263311	4953637	18.81	0	50
ptg012592l_1_region	263311	4953637	18.81	0	50
ptg012593l_1	76962	330573	4.30	0	14
ptg012593l_1_region	76962	330573	4.30	0	14
ptg012594l_1	75303	835486	11.09	0	36
ptg012594l_1_region	75303	835486	11.09	0	36
ptg012596l_1	433043	567735	1.31	0	29
ptg012596l_1_region	433043	567735	1.31	0	29
ptg012603l_1	20727	63072	3.04	0	6
ptg012603l_1_region	20727	63072	3.04	0	6
ptg012604l_1	25387	142198	5.60	0	12
ptg012604l_1_region	25387	142198	5.60	0	12
ptg012606l_1	57790	172800	2.99	0	6
ptg012606l_1_region	57790	172800	2.99	0	6
ptg012611l_1	699152	5468994	7.82	0	37
ptg012611l_1_region	699152	5468994	7.82	0	37
ptg012612l_1	27495	219480	7.98	0	24
ptg012612l_1_region	27495	219480	7.98	0	24
ptg012619l_1	16819	87402	5.20	0	11
ptg012619l_1_region	16819	87402	5.20	0	11
ptg012621l_1	66960	141264	2.11	0	10
ptg012621l_1_region	66960	141264	2.11	0	10
ptg012622l_1	241249	1628517	6.75	0	28
ptg012622l_1_region	241249	1628517	6.75	0	28
ptg012623l_1	41270	89340	2.16	0	10
ptg012623l_1_region	41270	89340	2.16	0	10
ptg012627l_1	32098	30873	0.96	0	3
ptg012627l_1_region	32098	30873	0.96	0	3
ptg012628l_1	169856	405328	2.39	0	9
ptg012628l_1_region	169856	405328	2.39	0	9
ptg012629l_1	50439	120492	2.39	0	5
ptg012629l_1_region	50439	120492	2.39	0	5
ptg012630l_1	50093	24514	0.49	0	5
ptg012630l_1_region	50093	24514	0.49	0	5
ptg012631l_1	203275	6294476	30.97	0	128
ptg012631l_1_region	203275	6294476	30.97	0	128
ptg012635l_1	81294	875984	10.78	0	22
ptg012635l_1_region	81294	875984	10.78	0	22
ptg012638l_1	61696	402846	6.53	0	22
ptg012638l_1_region	61696	402846	6.53	0	22
ptg012642l_1	66134	434309	6.57	0	17
ptg012642l_1_region	66134	434309	6.57	0	17
ptg012645l_1	79376	5000	0.06	0	1
ptg012645l_1_region	79376	5000	0.06	0	1
ptg012647l_1	22677	68716	3.03	0	6
ptg012647l_1_region	22677	68716	3.03	0	6
ptg012649l_1	38994	238337	6.11	0	19
ptg012649l_1_region	38994	238337	6.11	0	19
ptg012650l_1	114269	84997	0.74	0	3
ptg012650l_1_region	114269	84997	0.74	0	3
ptg012652l_1	37319	129408	3.47	0	7
ptg012652l_1_region	37319	129408	3.47	0	7
ptg012654l_1	107424	474753	4.42	0	10
ptg012654l_1_region	107424	474753	4.42	0	10
ptg012655l_1	38783	26037	0.67	0	2
ptg012655l_1_region	38783	26037	0.67	0	2
ptg012656l_1	38953	164362	4.22	0	8
ptg012656l_1_region	38953	164362	4.22	0	8
ptg012657l_1	19367	60259	3.11	0	6
ptg012657l_1_region	19367	60259	3.11	0	6
ptg012659l_1	77196	238489	3.09	0	8
ptg012659l_1_region	77196	238489	3.09	0	8
ptg012661l_1	40137	16274	0.41	0	3
ptg012661l_1_region	40137	16274	0.41	0	3
ptg012663l_1	36221	149695	4.13	0	9
ptg012663l_1_region	36221	149695	4.13	0	9
ptg012664l_1	22399	37815	1.69	0	3
ptg012664l_1_region	22399	37815	1.69	0	3
ptg012665l_1	108424	868011	8.01	0	29
ptg012665l_1_region	108424	868011	8.01	0	29
ptg012667l_1	60044	191066	3.18	0	10
ptg012667l_1_region	60044	191066	3.18	0	10
ptg012668l_1	26706	55869	2.09	0	5
ptg012668l_1_region	26706	55869	2.09	0	5
ptg012669l_1	48621	212121	4.36	0	11
ptg012669l_1_region	48621	212121	4.36	0	11
ptg012670l_1	26864	86096	3.20	0	8
ptg012670l_1_region	26864	86096	3.20	0	8
ptg012671l_1	78744	372452	4.73	0	11
ptg012671l_1_region	78744	372452	4.73	0	11
ptg012673l_1	15440	10855	0.70	0	1
ptg012673l_1_region	15440	10855	0.70	0	1
ptg012675l_1	37852	93291	2.46	0	9
ptg012675l_1_region	37852	93291	2.46	0	9
ptg012676l_1	40477	399002	9.86	0	34
ptg012676l_1_region	40477	399002	9.86	0	34
ptg012677l_1	82203	245753	2.99	0	10
ptg012677l_1_region	82203	245753	2.99	0	10
ptg012679l_1	134118	219439	1.64	0	9
ptg012679l_1_region	134118	219439	1.64	0	9
ptg012680l_1	328873	1219759	3.71	0	23
ptg012680l_1_region	328873	1219759	3.71	0	23
ptg012682l_1	54487	250374	4.60	0	12
ptg012682l_1_region	54487	250374	4.60	0	12
ptg012683l_1	22504	7009	0.31	0	2
ptg012683l_1_region	22504	7009	0.31	0	2
ptg012685l_1	24670	192526	7.80	0	10
ptg012685l_1_region	24670	192526	7.80	0	10
ptg012687l_1	14245	108542	7.62	1	12
ptg012687l_1_region	14245	108542	7.62	1	12
ptg012688l_1	674003	9528812	14.14	0	120
ptg012688l_1_region	674003	9528812	14.14	0	120
ptg012691l_1	42003	1568367	37.34	0	85
ptg012691l_1_region	42003	1568367	37.34	0	85
ptg012694l_1	35924	168506	4.69	0	14
ptg012694l_1_region	35924	168506	4.69	0	14
ptg012708l_1	84704	283260	3.34	0	9
ptg012708l_1_region	84704	283260	3.34	0	9
ptg012710l_1	18244	115337	6.32	0	17
ptg012710l_1_region	18244	115337	6.32	0	17
ptg012716l_1	84222	324010	3.85	0	29
ptg012716l_1_region	84222	324010	3.85	0	29
ptg012718l_1	171910	889235	5.17	0	15
ptg012718l_1_region	171910	889235	5.17	0	15
ptg012722l_1	909992	11459681	12.59	0	60
ptg012722l_1_region	909992	11459681	12.59	0	60
ptg012725l_1	880056	19262001	21.89	0	140
ptg012725l_1_region	880056	19262001	21.89	0	140
ptg012728l_1	21828	136007	6.23	0	11
ptg012728l_1_region	21828	136007	6.23	0	11
ptg012729l_1	62380	258998	4.15	0	10
ptg012729l_1_region	62380	258998	4.15	0	10
ptg012732l_1	91424	341952	3.74	0	9
ptg012732l_1_region	91424	341952	3.74	0	9
ptg012734l_1	122272	516650	4.23	0	18
ptg012734l_1_region	122272	516650	4.23	0	18
ptg012739l_1	130747	1186935	9.08	0	37
ptg012739l_1_region	130747	1186935	9.08	0	37
ptg012740l_1	36435	457762	12.56	0	20
ptg012740l_1_region	36435	457762	12.56	0	20
ptg012742l_1	19858	137073	6.90	0	12
ptg012742l_1_region	19858	137073	6.90	0	12
ptg012743l_1	20406	322219	15.79	1	34
ptg012743l_1_region	20406	322219	15.79	1	34
ptg012744l_1	31114	156502	5.03	0	8
ptg012744l_1_region	31114	156502	5.03	0	8
ptg012745l_1	40014	370413	9.26	0	17
ptg012745l_1_region	40014	370413	9.26	0	17
ptg012746l_1	43144	23459	0.54	0	3
ptg012746l_1_region	43144	23459	0.54	0	3
ptg012747l_1	48710	232968	4.78	0	9
ptg012747l_1_region	48710	232968	4.78	0	9
ptg012748l_1	82537	631206	7.65	0	18
ptg012748l_1_region	82537	631206	7.65	0	18
ptg012750l_1	85656	221229	2.58	0	9
ptg012750l_1_region	85656	221229	2.58	0	9
ptg012751l_1	121732	1023095	8.40	0	18
ptg012751l_1_region	121732	1023095	8.40	0	18
ptg012755l_1	150062	789890	5.26	0	14
ptg012755l_1_region	150062	789890	5.26	0	14
ptg012757l_1	30043	168147	5.60	0	16
ptg012757l_1_region	30043	168147	5.60	0	16
ptg012759l_1	13963	28698	2.06	0	4
ptg012759l_1_region	13963	28698	2.06	0	4
ptg012761l_1	80876	169683	2.10	0	15
ptg012761l_1_region	80876	169683	2.10	0	15
ptg012763l_1	28944	35149	1.21	0	3
ptg012763l_1_region	28944	35149	1.21	0	3
ptg012764l_1	37613	569277	15.14	1	34
ptg012764l_1_region	37613	569277	15.14	1	34
ptg012765l_1	17936	108849	6.07	0	10
ptg012765l_1_region	17936	108849	6.07	0	10
ptg012766l_1	88047	316965	3.60	0	12
ptg012766l_1_region	88047	316965	3.60	0	12
ptg012767l_1	78406	99929	1.27	0	4
ptg012767l_1_region	78406	99929	1.27	0	4
ptg012773l_1	31565	4492	0.14	0	1
ptg012773l_1_region	31565	4492	0.14	0	1
ptg012774l_1	21590	9483	0.44	0	1
ptg012774l_1_region	21590	9483	0.44	0	1
ptg012776l_1	64165	171167	2.67	0	9
ptg012776l_1_region	64165	171167	2.67	0	9
ptg012777l_1	56266	316471	5.62	0	29
ptg012777l_1_region	56266	316471	5.62	0	29
ptg012779l_1	51677	1331636	25.77	3	49
ptg012779l_1_region	51677	1331636	25.77	3	49
ptg012781l_1	69111	355484	5.14	0	24
ptg012781l_1_region	69111	355484	5.14	0	24
ptg012792l_1	49635	348865	7.03	0	17
ptg012792l_1_region	49635	348865	7.03	0	17
ptg012798l_1	1434750	22494928	15.68	0	239
ptg012798l_1_region	1434750	22494928	15.68	0	239
ptg012802l_1	33827	103116	3.05	0	7
ptg012802l_1_region	33827	103116	3.05	0	7
ptg012804l_1	256793	1493608	5.82	0	63
ptg012804l_1_region	256793	1493608	5.82	0	63
ptg012806l_1	14309	44116	3.08	0	7
ptg012806l_1_region	14309	44116	3.08	0	7
ptg012809l_1	99581	783999	7.87	0	27
ptg012809l_1_region	99581	783999	7.87	0	27
ptg012812l_1	10754	35169	3.27	0	7
ptg012812l_1_region	10754	35169	3.27	0	7
ptg012814l_1	85484	275045	3.22	0	9
ptg012814l_1_region	85484	275045	3.22	0	9
ptg012823l_1	226314	1726227	7.63	0	46
ptg012823l_1_region	226314	1726227	7.63	0	46
ptg012824l_1	108971	1095888	10.06	0	44
ptg012824l_1_region	108971	1095888	10.06	0	44
ptg012830l_1	66322	270173	4.07	0	12
ptg012830l_1_region	66322	270173	4.07	0	12
ptg012831l_1	22826	43946	1.93	0	11
ptg012831l_1_region	22826	43946	1.93	0	11
ptg012834l_1	448850	5048437	11.25	0	40
ptg012834l_1_region	448850	5048437	11.25	0	40
ptg012840l_1	106848	459796	4.30	0	14
ptg012840l_1_region	106848	459796	4.30	0	14
ptg012850l_1	32722	87898	2.69	0	8
ptg012850l_1_region	32722	87898	2.69	0	8
ptg012853l_1	33795	135787	4.02	0	10
ptg012853l_1_region	33795	135787	4.02	0	10
ptg012864l_1	34704	73744	2.12	0	8
ptg012864l_1_region	34704	73744	2.12	0	8
ptg012867l_1	206041	3267490	15.86	0	57
ptg012867l_1_region	206041	3267490	15.86	0	57
ptg012868l_1	28121	85559	3.04	0	7
ptg012868l_1_region	28121	85559	3.04	0	7
ptg012870l_1	19739	117853	5.97	0	9
ptg012870l_1_region	19739	117853	5.97	0	9
ptg012871l_1	122872	836313	6.81	0	25
ptg012871l_1_region	122872	836313	6.81	0	25
ptg012887l_1	12751	57895	4.54	0	8
ptg012887l_1_region	12751	57895	4.54	0	8
ptg012888l_1	31573	63188	2.00	0	6
ptg012888l_1_region	31573	63188	2.00	0	6
ptg012891l_1	154980	688324	4.44	0	14
ptg012891l_1_region	154980	688324	4.44	0	14
ptg012892l_1	43389	231057	5.33	0	20
ptg012892l_1_region	43389	231057	5.33	0	20
ptg012895l_1	25384	5486	0.22	0	1
ptg012895l_1_region	25384	5486	0.22	0	1
ptg012899l_1	20234	65418	3.23	0	7
ptg012899l_1_region	20234	65418	3.23	0	7
ptg012900l_1	206803	1223889	5.92	0	40
ptg012900l_1_region	206803	1223889	5.92	0	40
ptg012904l_1	146686	1162930	7.93	0	17
ptg012904l_1_region	146686	1162930	7.93	0	17
ptg012914l_1	138867	950016	6.84	0	49
ptg012914l_1_region	138867	950016	6.84	0	49
ptg012917l_1	408939	3310239	8.09	0	24
ptg012917l_1_region	408939	3310239	8.09	0	24
ptg012921l_1	55882	523473	9.37	0	19
ptg012921l_1_region	55882	523473	9.37	0	19
ptg012922l_1	63026	248307	3.94	0	14
ptg012922l_1_region	63026	248307	3.94	0	14
ptg012924l_1	104158	780021	7.49	0	17
ptg012924l_1_region	104158	780021	7.49	0	17
ptg012930l_1	43905	79515	1.81	0	5
ptg012930l_1_region	43905	79515	1.81	0	5
ptg012941l_1	21350	161663	7.57	0	19
ptg012941l_1_region	21350	161663	7.57	0	19
ptg012949l_1	38633	212600	5.50	0	11
ptg012949l_1_region	38633	212600	5.50	0	11
ptg012950l_1	20869	133929	6.42	0	39
ptg012950l_1_region	20869	133929	6.42	0	39
ptg012957l_1	212561	10746314	50.56	0	252
ptg012957l_1_region	212561	10746314	50.56	0	252
ptg012959l_1	67084	456417	6.80	0	34
ptg012959l_1_region	67084	456417	6.80	0	34
ptg012971l_1	168850	976966	5.79	0	13
ptg012971l_1_region	168850	976966	5.79	0	13
ptg012976l_1	23112	22732	0.98	0	3
ptg012976l_1_region	23112	22732	0.98	0	3
ptg012981l_1	40767	339667	8.33	0	23
ptg012981l_1_region	40767	339667	8.33	0	23
ptg012990l_1	38201	176091	4.61	0	18
ptg012990l_1_region	38201	176091	4.61	0	18
ptg012994l_1	60211	48834	0.81	0	4
ptg012994l_1_region	60211	48834	0.81	0	4
ptg013001l_1	566693	4802143	8.47	0	25
ptg013001l_1_region	566693	4802143	8.47	0	25
ptg013005l_1	113686	641701	5.64	0	19
ptg013005l_1_region	113686	641701	5.64	0	19
ptg013009l_1	345009	2084819	6.04	0	27
ptg013009l_1_region	345009	2084819	6.04	0	27
ptg013010l_1	63010	377087	5.98	0	14
ptg013010l_1_region	63010	377087	5.98	0	14
ptg013011l_1	39583	649102	16.40	0	57
ptg013011l_1_region	39583	649102	16.40	0	57
ptg013013l_1	48276	206911	4.29	0	14
ptg013013l_1_region	48276	206911	4.29	0	14
ptg013014l_1	22725	118490	5.21	0	11
ptg013014l_1_region	22725	118490	5.21	0	11
ptg013018l_1	7405	41713	5.63	0	9
ptg013018l_1_region	7405	41713	5.63	0	9
ptg013022l_1	28509	74583	2.62	0	11
ptg013022l_1_region	28509	74583	2.62	0	11
ptg013029l_1	21438	66517	3.10	0	15
ptg013029l_1_region	21438	66517	3.10	0	15
ptg013033l_1	48260	361120	7.48	0	38
ptg013033l_1_region	48260	361120	7.48	0	38
ptg013037l_1	107357	637864	5.94	0	17
ptg013037l_1_region	107357	637864	5.94	0	17
ptg013039l_1	74714	454953	6.09	0	13
ptg013039l_1_region	74714	454953	6.09	0	13
ptg013043l_1	136444	1025833	7.52	0	22
ptg013043l_1_region	136444	1025833	7.52	0	22
ptg013047l_1	93159	426348	4.58	0	10
ptg013047l_1_region	93159	426348	4.58	0	10
ptg013049l_1	459503	4691509	10.21	0	39
ptg013049l_1_region	459503	4691509	10.21	0	39
ptg013050l_1	671725	9441921	14.06	0	68
ptg013050l_1_region	671725	9441921	14.06	0	68
ptg013052l_1	14483	77234	5.33	0	11
ptg013052l_1_region	14483	77234	5.33	0	11
ptg013054l_1	20675	61449	2.97	0	6
ptg013054l_1_region	20675	61449	2.97	0	6
ptg013055l_1	80268	425691	5.30	0	35
ptg013055l_1_region	80268	425691	5.30	0	35
ptg013058l_1	105921	97134	0.92	0	16
ptg013058l_1_region	105921	97134	0.92	0	16
ptg013062l_1	32983	119918	3.64	0	10
ptg013062l_1_region	32983	119918	3.64	0	10
ptg013065l_1	31421	29369	0.93	0	5
ptg013065l_1_region	31421	29369	0.93	0	5
ptg013068l_1	50304	343183	6.82	0	20
ptg013068l_1_region	50304	343183	6.82	0	20
ptg013070l_1	80337	522749	6.51	0	14
ptg013070l_1_region	80337	522749	6.51	0	14
ptg013071l_1	68604	320943	4.68	0	12
ptg013071l_1_region	68604	320943	4.68	0	12
ptg013082l_1	41605	217622	5.23	0	15
ptg013082l_1_region	41605	217622	5.23	0	15
ptg013085l_1	53190	321108	6.04	0	26
ptg013085l_1_region	53190	321108	6.04	0	26
ptg013086l_1	51915	280079	5.39	0	11
ptg013086l_1_region	51915	280079	5.39	0	11
ptg013088l_1	77806	29483	0.38	0	4
ptg013088l_1_region	77806	29483	0.38	0	4
ptg013098l_1	75339	352919	4.68	0	14
ptg013098l_1_region	75339	352919	4.68	0	14
ptg013099l_1	103926	545324	5.25	0	20
ptg013099l_1_region	103926	545324	5.25	0	20
ptg013101l_1	229003	1327103	5.80	0	16
ptg013101l_1_region	229003	1327103	5.80	0	16
ptg013108l_1	37976	215882	5.68	0	16
ptg013108l_1_region	37976	215882	5.68	0	16
ptg013110l_1	36317	88407	2.43	0	16
ptg013110l_1_region	36317	88407	2.43	0	16
ptg013111l_1	141406	611908	4.33	0	10
ptg013111l_1_region	141406	611908	4.33	0	10
ptg013117l_1	95255	466713	4.90	0	31
ptg013117l_1_region	95255	466713	4.90	0	31
ptg013123l_1	55350	431863	7.80	0	26
ptg013123l_1_region	55350	431863	7.80	0	26
ptg013127l_1	7331	35172	4.80	1	10
ptg013127l_1_region	7331	35172	4.80	1	10
ptg013128l_1	55801	327278	5.87	0	14
ptg013128l_1_region	55801	327278	5.87	0	14
ptg013129l_1	12932	18130	1.40	0	3
ptg013129l_1_region	12932	18130	1.40	0	3
ptg013139l_1	36125	168956	4.68	0	11
ptg013139l_1_region	36125	168956	4.68	0	11
ptg013142l_1	105411	906692	8.60	0	48
ptg013142l_1_region	105411	906692	8.60	0	48
ptg013146l_1	120790	769099	6.37	0	12
ptg013146l_1_region	120790	769099	6.37	0	12
ptg013148l_1	61767	180484	2.92	0	10
ptg013148l_1_region	61767	180484	2.92	0	10
ptg013157l_1	105576	742912	7.04	0	24
ptg013157l_1_region	105576	742912	7.04	0	24
ptg013160l_1	34564	265912	7.69	0	20
ptg013160l_1_region	34564	265912	7.69	0	20
ptg013172l_1	21010	81048	3.86	0	8
ptg013172l_1_region	21010	81048	3.86	0	8
ptg013173l_1	99559	219935	2.21	0	19
ptg013173l_1_region	99559	219935	2.21	0	19
ptg013174l_1	36356	166659	4.58	0	17
ptg013174l_1_region	36356	166659	4.58	0	17
ptg013184l_1	12644	39129	3.09	0	6
ptg013184l_1_region	12644	39129	3.09	0	6
ptg013186l_1	80196	338445	4.22	0	24
ptg013186l_1_region	80196	338445	4.22	0	24
ptg013192l_1	28198	135520	4.81	0	9
ptg013192l_1_region	28198	135520	4.81	0	9
ptg013193l_1	91718	681954	7.44	0	16
ptg013193l_1_region	91718	681954	7.44	0	16
ptg013194l_1	77710	345910	4.45	0	20
ptg013194l_1_region	77710	345910	4.45	0	20
ptg013197l_1	29653	152201	5.13	0	9
ptg013197l_1_region	29653	152201	5.13	0	9
ptg013200l_1	24025	107428	4.47	0	9
ptg013200l_1_region	24025	107428	4.47	0	9
ptg013203l_1	54227	152362	2.81	0	10
ptg013203l_1_region	54227	152362	2.81	0	10
ptg013206l_1	31064	287064	9.24	0	18
ptg013206l_1_region	31064	287064	9.24	0	18
ptg013211l_1	36843	122578	3.33	0	8
ptg013211l_1_region	36843	122578	3.33	0	8
ptg013216l_1	63509	111130	1.75	0	9
ptg013216l_1_region	63509	111130	1.75	0	9
ptg013219l_1	198296	5379162	27.13	0	171
ptg013219l_1_region	198296	5379162	27.13	0	171
ptg013220l_1	116293	831801	7.15	0	34
ptg013220l_1_region	116293	831801	7.15	0	34
ptg013221l_1	57093	385000	6.74	0	18
ptg013221l_1_region	57093	385000	6.74	0	18
ptg013224l_1	43566	136661	3.14	0	9
ptg013224l_1_region	43566	136661	3.14	0	9
ptg013228l_1	746698	20649770	27.65	0	79
ptg013228l_1_region	746698	20649770	27.65	0	79
ptg013229l_1	16231	63754	3.93	0	6
ptg013229l_1_region	16231	63754	3.93	0	6
ptg013232l_1	428286	4550205	10.62	0	138
ptg013232l_1_region	428286	4550205	10.62	0	138
ptg013235l_1	16083	73685	4.58	0	15
ptg013235l_1_region	16083	73685	4.58	0	15
ptg013236l_1	22240	73648	3.31	0	8
ptg013236l_1_region	22240	73648	3.31	0	8
ptg013241l_1	23229	99323	4.28	0	9
ptg013241l_1_region	23229	99323	4.28	0	9
ptg013248l_1	166956	1198429	7.18	0	20
ptg013248l_1_region	166956	1198429	7.18	0	20
ptg013249l_1	21912	79767	3.64	0	7
ptg013249l_1_region	21912	79767	3.64	0	7
ptg013251l_1	41575	304010	7.31	0	17
ptg013251l_1_region	41575	304010	7.31	0	17
ptg013252l_1	88081	613306	6.96	0	24
ptg013252l_1_region	88081	613306	6.96	0	24
ptg013256l_1	68230	220916	3.24	0	46
ptg013256l_1_region	68230	220916	3.24	0	46
ptg013257l_1	35223	165141	4.69	0	21
ptg013257l_1_region	35223	165141	4.69	0	21
ptg013263l_1	122999	889519	7.23	0	179
ptg013263l_1_region	122999	889519	7.23	0	179
ptg013266l_1	104544	779584	7.46	0	23
ptg013266l_1_region	104544	779584	7.46	0	23
ptg013271l_1	17808	91421	5.13	0	12
ptg013271l_1_region	17808	91421	5.13	0	12
ptg013273l_1	198580	4746392	23.90	0	193
ptg013273l_1_region	198580	4746392	23.90	0	193
ptg013282l_1	34322	271204	7.90	0	20
ptg013282l_1_region	34322	271204	7.90	0	20
ptg013283l_1	20497	120623	5.88	0	10
ptg013283l_1_region	20497	120623	5.88	0	10
ptg013289l_1	22203	82385	3.71	0	9
ptg013289l_1_region	22203	82385	3.71	0	9
ptg013291l_1	38136	176858	4.64	0	9
ptg013291l_1_region	38136	176858	4.64	0	9
ptg013292l_1	129001	1097619	8.51	0	22
ptg013292l_1_region	129001	1097619	8.51	0	22
ptg013297l_1	448992	3178837	7.08	0	120
ptg013297l_1_region	448992	3178837	7.08	0	120
ptg013298l_1	61003	171698	2.81	0	13
ptg013298l_1_region	61003	171698	2.81	0	13
ptg013300l_1	117422	676453	5.76	0	19
ptg013300l_1_region	117422	676453	5.76	0	19
ptg013302l_1	16638	79565	4.78	0	9
ptg013302l_1_region	16638	79565	4.78	0	9
ptg013303l_1	34264	128471	3.75	0	8
ptg013303l_1_region	34264	128471	3.75	0	8
ptg013304l_1	19297	40417	2.09	0	5
ptg013304l_1_region	19297	40417	2.09	0	5
ptg013307l_1	737061	11086413	15.04	0	64
ptg013307l_1_region	737061	11086413	15.04	0	64
ptg013309l_1	34899	56198	1.61	0	4
ptg013309l_1_region	34899	56198	1.61	0	4
ptg013314l_1	12049	24332	2.02	0	4
ptg013314l_1_region	12049	24332	2.02	0	4
ptg013318l_1	53735	370419	6.89	0	14
ptg013318l_1_region	53735	370419	6.89	0	14
ptg013319l_1	17801	142550	8.01	0	19
ptg013319l_1_region	17801	142550	8.01	0	19
ptg013325l_1	61624	893690	14.50	0	126
ptg013325l_1_region	61624	893690	14.50	0	126
ptg013328l_1	52431	151165	2.88	0	10
ptg013328l_1_region	52431	151165	2.88	0	10
ptg013331l_1	19144	33510	1.75	0	6
ptg013331l_1_region	19144	33510	1.75	0	6
ptg013333l_1	14448	4746	0.33	0	1
ptg013333l_1_region	14448	4746	0.33	0	1
ptg013335l_1	45976	203421	4.42	0	9
ptg013335l_1_region	45976	203421	4.42	0	9
ptg013342l_1	43851	435920	9.94	0	20
ptg013342l_1_region	43851	435920	9.94	0	20
ptg013348l_1	46137	168228	3.65	0	12
ptg013348l_1_region	46137	168228	3.65	0	12
ptg013351l_1	1521956	32812816	21.56	0	864
ptg013351l_1_region	1521956	32812816	21.56	0	864
ptg013352l_1	35747	239552	6.70	1	14
ptg013352l_1_region	35747	239552	6.70	1	14
ptg013358l_1	17013	63004	3.70	0	7
ptg013358l_1_region	17013	63004	3.70	0	7
ptg013359l_1	56155	561660	10.00	0	26
ptg013359l_1_region	56155	561660	10.00	0	26
ptg013362l_1	28947	222922	7.70	1	14
ptg013362l_1_region	28947	222922	7.70	1	14
ptg013366l_1	41976	118590	2.83	0	8
ptg013366l_1_region	41976	118590	2.83	0	8
ptg013371l_1	29411	72644	2.47	0	8
ptg013371l_1_region	29411	72644	2.47	0	8
ptg013372l_1	58346	180081	3.09	0	9
ptg013372l_1_region	58346	180081	3.09	0	9
ptg013375l_1	29904	114231	3.82	0	13
ptg013375l_1_region	29904	114231	3.82	0	13
ptg013380l_1	40308	283862	7.04	0	22
ptg013380l_1_region	40308	283862	7.04	0	22
ptg013382l_1	21802	65819	3.02	1	5
ptg013382l_1_region	21802	65819	3.02	1	5
ptg013384l_1	7055	9862	1.40	0	3
ptg013384l_1_region	7055	9862	1.40	0	3
ptg013386l_1	22181	72860	3.28	0	8
ptg013386l_1_region	22181	72860	3.28	0	8
ptg013389l_1	260985	2479000	9.50	0	285
ptg013389l_1_region	260985	2479000	9.50	0	285
ptg013390l_1	104737	711683	6.79	0	17
ptg013390l_1_region	104737	711683	6.79	0	17
ptg013391l_1	38661	241537	6.25	0	15
ptg013391l_1_region	38661	241537	6.25	0	15
ptg013398l_1	79885	693955	8.69	0	16
ptg013398l_1_region	79885	693955	8.69	0	16
ptg013401l_1	121724	1325331	10.89	0	85
ptg013401l_1_region	121724	1325331	10.89	0	85
ptg013405l_1	217683	2807644	12.90	0	31
ptg013405l_1_region	217683	2807644	12.90	0	31
ptg013410l_1	38666	208128	5.38	0	12
ptg013410l_1_region	38666	208128	5.38	0	12
ptg013415l_1	61937	119762	1.93	0	6
ptg013415l_1_region	61937	119762	1.93	0	6
ptg013417l_1	59042	212469	3.60	0	11
ptg013417l_1_region	59042	212469	3.60	0	11
ptg013419l_1	18466	126864	6.87	0	16
ptg013419l_1_region	18466	126864	6.87	0	16
ptg013420l_1	36043	254282	7.05	0	11
ptg013420l_1_region	36043	254282	7.05	0	11
ptg013423l_1	423047	3322947	7.85	0	27
ptg013423l_1_region	423047	3322947	7.85	0	27
ptg013427l_1	199595	382492	1.92	0	14
ptg013427l_1_region	199595	382492	1.92	0	14
ptg013431l_1	67185	224307	3.34	0	7
ptg013431l_1_region	67185	224307	3.34	0	7
ptg013434l_1	28680	211183	7.36	0	17
ptg013434l_1_region	28680	211183	7.36	0	17
ptg013435l_1	33821	95555	2.83	0	6
ptg013435l_1_region	33821	95555	2.83	0	6
ptg013437l_1	82808	309327	3.74	0	17
ptg013437l_1_region	82808	309327	3.74	0	17
ptg013439l_1	21446	51039	2.38	0	9
ptg013439l_1_region	21446	51039	2.38	0	9
ptg013442l_1	29289	235886	8.05	0	15
ptg013442l_1_region	29289	235886	8.05	0	15
ptg013444l_1	74260	737276	9.93	0	23
ptg013444l_1_region	74260	737276	9.93	0	23
ptg013447l_1	15758	2888117	183.28	0	436
ptg013447l_1_region	15758	2888117	183.28	0	436
ptg013450l_1	262883	1695717	6.45	0	20
ptg013450l_1_region	262883	1695717	6.45	0	20
ptg013453l_1	75506	798531	10.58	0	16
ptg013453l_1_region	75506	798531	10.58	0	16
ptg013454l_1	67748	374212	5.52	0	13
ptg013454l_1_region	67748	374212	5.52	0	13
ptg013459l_1	36830	236454	6.42	0	19
ptg013459l_1_region	36830	236454	6.42	0	19
ptg013460l_1	40022	458862	11.47	0	31
ptg013460l_1_region	40022	458862	11.47	0	31
ptg013464l_1	61407	149218	2.43	0	6
ptg013464l_1_region	61407	149218	2.43	0	6
ptg013471l_1	28871	91839	3.18	0	8
ptg013471l_1_region	28871	91839	3.18	0	8
ptg013475l_1	47572	287101	6.04	0	17
ptg013475l_1_region	47572	287101	6.04	0	17
ptg013480l_1	448076	3099210	6.92	0	80
ptg013480l_1_region	448076	3099210	6.92	0	80
ptg013484l_1	39180	118376	3.02	0	8
ptg013484l_1_region	39180	118376	3.02	0	8
ptg013488l_1	29210	92608	3.17	0	8
ptg013488l_1_region	29210	92608	3.17	0	8
ptg013490l_1	47112	136547	2.90	0	10
ptg013490l_1_region	47112	136547	2.90	0	10
ptg013492l_1	6662	6040	0.91	0	2
ptg013492l_1_region	6662	6040	0.91	0	2
ptg013500l_1	101565	591704	5.83	0	19
ptg013500l_1_region	101565	591704	5.83	0	19
ptg013501l_1	78074	408529	5.23	0	14
ptg013501l_1_region	78074	408529	5.23	0	14
ptg013505l_1	28187	65462	2.32	0	7
ptg013505l_1_region	28187	65462	2.32	0	7
ptg013508l_1	37336	257332	6.89	0	18
ptg013508l_1_region	37336	257332	6.89	0	18
ptg013512l_1	311643	2584893	8.29	0	32
ptg013512l_1_region	311643	2584893	8.29	0	32
ptg013516l_1	24927	271900	10.91	0	45
ptg013516l_1_region	24927	271900	10.91	0	45
ptg013520l_1	19523	96217	4.93	0	9
ptg013520l_1_region	19523	96217	4.93	0	9
ptg013521l_1	163233	543533	3.33	0	21
ptg013521l_1_region	163233	543533	3.33	0	21
ptg013522l_1	71741	297360	4.14	0	15
ptg013522l_1_region	71741	297360	4.14	0	15
ptg013526l_1	24146	78073	3.23	0	7
ptg013526l_1_region	24146	78073	3.23	0	7
ptg013531l_1	145483	851795	5.85	0	19
ptg013531l_1_region	145483	851795	5.85	0	19
ptg013532l_1	12144	30185	2.49	0	6
ptg013532l_1_region	12144	30185	2.49	0	6
ptg013534l_1	25204	92677	3.68	0	6
ptg013534l_1_region	25204	92677	3.68	0	6
ptg013535l_1	11642	30949	2.66	0	10
ptg013535l_1_region	11642	30949	2.66	0	10
ptg013542l_1	9906	9472	0.96	0	2
ptg013542l_1_region	9906	9472	0.96	0	2
ptg013543l_1	20358	37281	1.83	0	11
ptg013543l_1_region	20358	37281	1.83	0	11
ptg013544l_1	226004	1378052	6.10	0	16
ptg013544l_1_region	226004	1378052	6.10	0	16
ptg013551l_1	82350	433930	5.27	0	18
ptg013551l_1_region	82350	433930	5.27	0	18
ptg013552l_1	30732	34427	1.12	0	4
ptg013552l_1_region	30732	34427	1.12	0	4
ptg013555l_1	66704	11490	0.17	0	1
ptg013555l_1_region	66704	11490	0.17	0	1
ptg013556l_1	33360	203360	6.10	0	11
ptg013556l_1_region	33360	203360	6.10	0	11
ptg013559l_1	153026	362139	2.37	0	10
ptg013559l_1_region	153026	362139	2.37	0	10
ptg013560l_1	86468	573416	6.63	0	24
ptg013560l_1_region	86468	573416	6.63	0	24
ptg013565l_1	6639	40361	6.08	0	23
ptg013565l_1_region	6639	40361	6.08	0	23
ptg013570l_1	204703	976950	4.77	0	121
ptg013570l_1_region	204703	976950	4.77	0	121
ptg013573l_1	33299	199420	5.99	0	12
ptg013573l_1_region	33299	199420	5.99	0	12
ptg013577l_1	12330	18569	1.51	0	4
ptg013577l_1_region	12330	18569	1.51	0	4
ptg013579l_1	127198	1236158	9.72	0	159
ptg013579l_1_region	127198	1236158	9.72	0	159
ptg013582l_1	20475	23344	1.14	0	4
ptg013582l_1_region	20475	23344	1.14	0	4
ptg013583l_1	299369	2509343	8.38	0	109
ptg013583l_1_region	299369	2509343	8.38	0	109
ptg013589l_1	30076	170757	5.68	0	41
ptg013589l_1_region	30076	170757	5.68	0	41
ptg013590l_1	35810	188784	5.27	0	9
ptg013590l_1_region	35810	188784	5.27	0	9
ptg013592l_1	25351	81781	3.23	0	7
ptg013592l_1_region	25351	81781	3.23	0	7
ptg013593l_1	63910	305301	4.78	0	10
ptg013593l_1_region	63910	305301	4.78	0	10
ptg013595l_1	30560	195513	6.40	0	11
ptg013595l_1_region	30560	195513	6.40	0	11
ptg013596l_1	17358	37112	2.14	0	5
ptg013596l_1_region	17358	37112	2.14	0	5
ptg013598l_1	335330	2315672	6.91	0	17
ptg013598l_1_region	335330	2315672	6.91	0	17
ptg013600l_1	808909	16813714	20.79	0	107
ptg013600l_1_region	808909	16813714	20.79	0	107
ptg013601l_1	137098	3174851	23.16	0	122
ptg013601l_1_region	137098	3174851	23.16	0	122
ptg013603l_1	662433	10900123	16.45	0	79
ptg013603l_1_region	662433	10900123	16.45	0	79
ptg013611l_1	23102	126589	5.48	0	12
ptg013611l_1_region	23102	126589	5.48	0	12
ptg013618l_1	59835	179	0.00	0	1
ptg013618l_1_region	59835	179	0.00	0	1
ptg013619l_1	39923	8138	0.20	0	2
ptg013619l_1_region	39923	8138	0.20	0	2
ptg013620l_1	20594	51158	2.48	0	6
ptg013620l_1_region	20594	51158	2.48	0	6
ptg013622l_1	55198	165477	3.00	0	11
ptg013622l_1_region	55198	165477	3.00	0	11
ptg013623l_1	81505	589802	7.24	0	16
ptg013623l_1_region	81505	589802	7.24	0	16
ptg013624l_1	115737	1501549	12.97	0	36
ptg013624l_1_region	115737	1501549	12.97	0	36
ptg013629l_1	37392	109776	2.94	0	9
ptg013629l_1_region	37392	109776	2.94	0	9
ptg013630l_1	50430	135218	2.68	0	15
ptg013630l_1_region	50430	135218	2.68	0	15
ptg013635l_1	51383	467106	9.09	0	21
ptg013635l_1_region	51383	467106	9.09	0	21
ptg013637l_1	49928	106787	2.14	0	6
ptg013637l_1_region	49928	106787	2.14	0	6
ptg013638l_1	26551	169547	6.39	0	14
ptg013638l_1_region	26551	169547	6.39	0	14
ptg013641l_1	54409	150059	2.76	0	10
ptg013641l_1_region	54409	150059	2.76	0	10
ptg013642l_1	22117	16584	0.75	0	2
ptg013642l_1_region	22117	16584	0.75	0	2
ptg013643l_1	34594	205501	5.94	0	24
ptg013643l_1_region	34594	205501	5.94	0	24
ptg013644l_1	32343	117597	3.64	0	9
ptg013644l_1_region	32343	117597	3.64	0	9
ptg013645l_1	80631	241267	2.99	0	10
ptg013645l_1_region	80631	241267	2.99	0	10
ptg013649l_1	26991	198835	7.37	0	21
ptg013649l_1_region	26991	198835	7.37	0	21
ptg013652l_1	24142	95999	3.98	0	11
ptg013652l_1_region	24142	95999	3.98	0	11
ptg013654l_1	41714	84415	2.02	0	6
ptg013654l_1_region	41714	84415	2.02	0	6
ptg013655l_1	41604	144124	3.46	0	14
ptg013655l_1_region	41604	144124	3.46	0	14
ptg013658l_1	22430	42810	1.91	0	6
ptg013658l_1_region	22430	42810	1.91	0	6
ptg013661l_1	11071	42740	3.86	0	7
ptg013661l_1_region	11071	42740	3.86	0	7
ptg013666l_1	164849	1735571	10.53	0	38
ptg013666l_1_region	164849	1735571	10.53	0	38
ptg013668l_1	40879	175243	4.29	0	14
ptg013668l_1_region	40879	175243	4.29	0	14
ptg013671l_1	340621	6244411	18.33	0	129
ptg013671l_1_region	340621	6244411	18.33	0	129
ptg013672l_1	112097	937315	8.36	0	18
ptg013672l_1_region	112097	937315	8.36	0	18
ptg013677l_1	15487	5923	0.38	0	4
ptg013677l_1_region	15487	5923	0.38	0	4
ptg013681l_1	79415	173607	2.19	0	21
ptg013681l_1_region	79415	173607	2.19	0	21
ptg013687l_1	15649	36078	2.31	0	5
ptg013687l_1_region	15649	36078	2.31	0	5
ptg013695l_1	13340	53528	4.01	1	7
ptg013695l_1_region	13340	53528	4.01	1	7
ptg013696l_1	237636	1283869	5.40	0	19
ptg013696l_1_region	237636	1283869	5.40	0	19
ptg013697l_1	62231	55059	0.88	0	3
ptg013697l_1_region	62231	55059	0.88	0	3
ptg013698l_1	32220	64491	2.00	0	8
ptg013698l_1_region	32220	64491	2.00	0	8
ptg013699l_1	77228	163021	2.11	0	8
ptg013699l_1_region	77228	163021	2.11	0	8
ptg013701l_1	73364	838516	11.43	0	30
ptg013701l_1_region	73364	838516	11.43	0	30
ptg013703l_1	37974	160027	4.21	0	10
ptg013703l_1_region	37974	160027	4.21	0	10
ptg013704l_1	11070	3428	0.31	0	1
ptg013704l_1_region	11070	3428	0.31	0	1
ptg013706l_1	16438	128461	7.81	0	14
ptg013706l_1_region	16438	128461	7.81	0	14
ptg013707l_1	37163	16464	0.44	0	2
ptg013707l_1_region	37163	16464	0.44	0	2
ptg013708l_1	33782	297594	8.81	0	18
ptg013708l_1_region	33782	297594	8.81	0	18
ptg013710l_1	30420	14653	0.48	0	1
ptg013710l_1_region	30420	14653	0.48	0	1
ptg013713l_1	17607	16910	0.96	0	3
ptg013713l_1_region	17607	16910	0.96	0	3
ptg013715l_1	64666	1184244	18.31	0	46
ptg013715l_1_region	64666	1184244	18.31	0	46
ptg013723l_1	10931	4995	0.46	0	1
ptg013723l_1_region	10931	4995	0.46	0	1
ptg013725l_1	125952	1206605	9.58	0	22
ptg013725l_1_region	125952	1206605	9.58	0	22
ptg013734l_1	84395	727904	8.62	0	21
ptg013734l_1_region	84395	727904	8.62	0	21
ptg013736l_1	280369	4673486	16.67	1	68
ptg013736l_1_region	280369	4673486	16.67	1	68
ptg013737l_1	286934	3530621	12.30	0	58
ptg013737l_1_region	286934	3530621	12.30	0	58
ptg013738l_1	405276	7576142	18.69	0	85
ptg013738l_1_region	405276	7576142	18.69	0	85
ptg013741l_1	42310	346598	8.19	0	22
ptg013741l_1_region	42310	346598	8.19	0	22
ptg013751l_1	76137	313693	4.12	0	13
ptg013751l_1_region	76137	313693	4.12	0	13
ptg013760l_1	28241	270713	9.59	0	19
ptg013760l_1_region	28241	270713	9.59	0	19
ptg013761l_1	75408	542196	7.19	0	19
ptg013761l_1_region	75408	542196	7.19	0	19
ptg013779l_1	71876	485265	6.75	0	22
ptg013779l_1_region	71876	485265	6.75	0	22
ptg013794l_1	14698	68011	4.63	0	18
ptg013794l_1_region	14698	68011	4.63	0	18
ptg013796l_1	114705	1021104	8.90	0	18
ptg013796l_1_region	114705	1021104	8.90	0	18
ptg013798l_1	70996	636123	8.96	0	19
ptg013798l_1_region	70996	636123	8.96	0	19
ptg013799l_1	62051	125287	2.02	0	8
ptg013799l_1_region	62051	125287	2.02	0	8
ptg013802l_1	38018	89414	2.35	0	11
ptg013802l_1_region	38018	89414	2.35	0	11
ptg013805l_1	53888	245070	4.55	0	20
ptg013805l_1_region	53888	245070	4.55	0	20
ptg013817l_1	107339	631562	5.88	0	21
ptg013817l_1_region	107339	631562	5.88	0	21
ptg013821l_1	86539	453791	5.24	0	13
ptg013821l_1_region	86539	453791	5.24	0	13
ptg013823l_1	52560	163096	3.10	0	8
ptg013823l_1_region	52560	163096	3.10	0	8
ptg013824l_1	179257	1304636	7.28	0	16
ptg013824l_1_region	179257	1304636	7.28	0	16
ptg013831l_1	72281	353800	4.89	0	15
ptg013831l_1_region	72281	353800	4.89	0	15
ptg013837l_1	72511	764675	10.55	0	17
ptg013837l_1_region	72511	764675	10.55	0	17
ptg013838l_1	111806	751422	6.72	0	19
ptg013838l_1_region	111806	751422	6.72	0	19
ptg013841l_1	133504	682686	5.11	0	76
ptg013841l_1_region	133504	682686	5.11	0	76
ptg013842l_1	18709	192707	10.30	0	25
ptg013842l_1_region	18709	192707	10.30	0	25
ptg013843l_1	58866	314221	5.34	0	11
ptg013843l_1_region	58866	314221	5.34	0	11
ptg013845l_1	9534	55048	5.77	0	10
ptg013845l_1_region	9534	55048	5.77	0	10
ptg013858l_1	19701	54419	2.76	0	5
ptg013858l_1_region	19701	54419	2.76	0	5
ptg013861l_1	322062	2360806	7.33	0	16
ptg013861l_1_region	322062	2360806	7.33	0	16
ptg013865l_1	16438	59222	3.60	0	7
ptg013865l_1_region	16438	59222	3.60	0	7
ptg013871l_1	36366	222730	6.12	0	12
ptg013871l_1_region	36366	222730	6.12	0	12
ptg013875l_1	15247	42734	2.80	0	7
ptg013875l_1_region	15247	42734	2.80	0	7
ptg013876l_1	139521	877712	6.29	0	15
ptg013876l_1_region	139521	877712	6.29	0	15
ptg013877l_1	90280	666536	7.38	0	18
ptg013877l_1_region	90280	666536	7.38	0	18
ptg013878l_1	51523	517173	10.04	0	19
ptg013878l_1_region	51523	517173	10.04	0	19
ptg013895l_1	73021	611597	8.38	0	19
ptg013895l_1_region	73021	611597	8.38	0	19
ptg013896l_1	144532	559790	3.87	0	13
ptg013896l_1_region	144532	559790	3.87	0	13
ptg013901l_1	84538	521573	6.17	0	10
ptg013901l_1_region	84538	521573	6.17	0	10
ptg013902l_1	73900	302955	4.10	0	13
ptg013902l_1_region	73900	302955	4.10	0	13
ptg013907l_1	9040	30032	3.32	0	6
ptg013907l_1_region	9040	30032	3.32	0	6
ptg013912l_1	168952	1465389	8.67	0	23
ptg013912l_1_region	168952	1465389	8.67	0	23
ptg013916l_1	24216	54752	2.26	0	6
ptg013916l_1_region	24216	54752	2.26	0	6
ptg013917l_1	107516	489319	4.55	0	10
ptg013917l_1_region	107516	489319	4.55	0	10
ptg013920l_1	227668	8857732	38.91	0	100
ptg013920l_1_region	227668	8857732	38.91	0	100
ptg013921l_1	86790	724672	8.35	0	18
ptg013921l_1_region	86790	724672	8.35	0	18
ptg013927l_1	12628	67084	5.31	0	9
ptg013927l_1_region	12628	67084	5.31	0	9
ptg013928l_1	128316	830557	6.47	0	16
ptg013928l_1_region	128316	830557	6.47	0	16
ptg013929l_1	24411	84705	3.47	0	7
ptg013929l_1_region	24411	84705	3.47	0	7
ptg013939l_1	31997	321448	10.05	0	23
ptg013939l_1_region	31997	321448	10.05	0	23
ptg013943l_1	42450	168045	3.96	0	12
ptg013943l_1_region	42450	168045	3.96	0	12
ptg013945l_1	103661	632084	6.10	0	17
ptg013945l_1_region	103661	632084	6.10	0	17
ptg013949l_1	99800	1418348	14.21	0	34
ptg013949l_1_region	99800	1418348	14.21	0	34
ptg013952l_1	148876	722100	4.85	0	25
ptg013952l_1_region	148876	722100	4.85	0	25
ptg013954l_1	43959	261538	5.95	0	14
ptg013954l_1_region	43959	261538	5.95	0	14
ptg013962l_1	20796	111112	5.34	0	15
ptg013962l_1_region	20796	111112	5.34	0	15
ptg013966l_1	32581	190645	5.85	0	10
ptg013966l_1_region	32581	190645	5.85	0	10
ptg013970l_1	26602	56612	2.13	0	6
ptg013970l_1_region	26602	56612	2.13	0	6
ptg013979l_1	177227	985304	5.56	0	14
ptg013979l_1_region	177227	985304	5.56	0	14
ptg013982l_1	35471	185402	5.23	0	9
ptg013982l_1_region	35471	185402	5.23	0	9
ptg013984l_1	16379	222647	13.59	0	21
ptg013984l_1_region	16379	222647	13.59	0	21
ptg013986l_1	29944	146887	4.91	0	19
ptg013986l_1_region	29944	146887	4.91	0	19
ptg013989l_1	18243	27230	1.49	0	4
ptg013989l_1_region	18243	27230	1.49	0	4
ptg013991l_1	17667	98868	5.60	1	13
ptg013991l_1_region	17667	98868	5.60	1	13
ptg013992l_1	23572	65429	2.78	0	5
ptg013992l_1_region	23572	65429	2.78	0	5
ptg014001l_1	143010	1103162	7.71	0	20
ptg014001l_1_region	143010	1103162	7.71	0	20
ptg014006l_1	136908	696249	5.09	0	14
ptg014006l_1_region	136908	696249	5.09	0	14
ptg014011l_1	622574	17690111	28.41	0	232
ptg014011l_1_region	622574	17690111	28.41	0	232
ptg014014l_1	68780	350910	5.10	0	13
ptg014014l_1_region	68780	350910	5.10	0	13
ptg014018l_1	569954	3908125	6.86	0	48
ptg014018l_1_region	569954	3908125	6.86	0	48
ptg014022l_1	18311	60471	3.30	0	6
ptg014022l_1_region	18311	60471	3.30	0	6
ptg014023l_1	31263	169764	5.43	0	15
ptg014023l_1_region	31263	169764	5.43	0	15
ptg014026l_1	28204	80955	2.87	0	7
ptg014026l_1_region	28204	80955	2.87	0	7
ptg014027l_1	17663	62550	3.54	0	8
ptg014027l_1_region	17663	62550	3.54	0	8
ptg014028l_1	50378	70621	1.40	0	16
ptg014028l_1_region	50378	70621	1.40	0	16
ptg014030l_1	32279	118349	3.67	0	16
ptg014030l_1_region	32279	118349	3.67	0	16
ptg014032l_1	13539	71966	5.32	0	9
ptg014032l_1_region	13539	71966	5.32	0	9
ptg014037l_1	201021	1361377	6.77	0	27
ptg014037l_1_region	201021	1361377	6.77	0	27
ptg014038l_1	35909	72698	2.02	0	10
ptg014038l_1_region	35909	72698	2.02	0	10
ptg014039l_1	67336	306587	4.55	0	15
ptg014039l_1_region	67336	306587	4.55	0	15
ptg014044l_1	80945	454208	5.61	0	12
ptg014044l_1_region	80945	454208	5.61	0	12
ptg014045l_1	168548	7896610	46.85	0	316
ptg014045l_1_region	168548	7896610	46.85	0	316
ptg014048l_1	37171	34736	0.93	0	4
ptg014048l_1_region	37171	34736	0.93	0	4
ptg014051l_1	88593	570862	6.44	0	26
ptg014051l_1_region	88593	570862	6.44	0	26
ptg014053l_1	335781	2748354	8.18	0	31
ptg014053l_1_region	335781	2748354	8.18	0	31
ptg014058l_1	913026	7456849	8.17	0	25
ptg014058l_1_region	913026	7456849	8.17	0	25
ptg014059l_1	91220	389556	4.27	0	43
ptg014059l_1_region	91220	389556	4.27	0	43
ptg014063l_1	60739	548534	9.03	0	21
ptg014063l_1_region	60739	548534	9.03	0	21
ptg014066l_1	48424	252269	5.21	0	12
ptg014066l_1_region	48424	252269	5.21	0	12
ptg014073l_1	30149	111963	3.71	0	10
ptg014073l_1_region	30149	111963	3.71	0	10
ptg014075l_1	14913	40620	2.72	0	6
ptg014075l_1_region	14913	40620	2.72	0	6
ptg014076l_1	20226	186537	9.22	0	16
ptg014076l_1_region	20226	186537	9.22	0	16
ptg014079l_1	29498	119848	4.06	0	8
ptg014079l_1_region	29498	119848	4.06	0	8
ptg014080l_1	25380	146155	5.76	1	13
ptg014080l_1_region	25380	146155	5.76	1	13
ptg014085l_1	35406	177165	5.00	0	12
ptg014085l_1_region	35406	177165	5.00	0	12
ptg014087l_1	78998	340955	4.32	0	14
ptg014087l_1_region	78998	340955	4.32	0	14
ptg014088l_1	19491	95828	4.92	0	24
ptg014088l_1_region	19491	95828	4.92	0	24
ptg014089l_1	60067	218619	3.64	0	9
ptg014089l_1_region	60067	218619	3.64	0	9
ptg014090l_1	15825	57042	3.60	0	7
ptg014090l_1_region	15825	57042	3.60	0	7
ptg014092l_1	71884	351485	4.89	0	13
ptg014092l_1_region	71884	351485	4.89	0	13
ptg014096l_1	82210	835742	10.17	0	26
ptg014096l_1_region	82210	835742	10.17	0	26
ptg014100l_1	18005	62532	3.47	0	6
ptg014100l_1_region	18005	62532	3.47	0	6
ptg014104l_1	30579	336581	11.01	0	28
ptg014104l_1_region	30579	336581	11.01	0	28
ptg014106l_1	14408	50002	3.47	1	7
ptg014106l_1_region	14408	50002	3.47	1	7
ptg014108l_1	16153	161387	9.99	1	19
ptg014108l_1_region	16153	161387	9.99	1	19
ptg014109l_1	50824	95700	1.88	0	6
ptg014109l_1_region	50824	95700	1.88	0	6
ptg014110l_1	18849	87493	4.64	0	11
ptg014110l_1_region	18849	87493	4.64	0	11
ptg014116l_1	16192	56252	3.47	0	12
ptg014116l_1_region	16192	56252	3.47	0	12
ptg014118l_1	31514	80525	2.56	0	8
ptg014118l_1_region	31514	80525	2.56	0	8
ptg014123l_1	228643	3227765	14.12	0	28
ptg014123l_1_region	228643	3227765	14.12	0	28
ptg014131l_1	12207	26442	2.17	0	4
ptg014131l_1_region	12207	26442	2.17	0	4
ptg014132l_1	114124	943103	8.26	0	40
ptg014132l_1_region	114124	943103	8.26	0	40
ptg014134l_1	101039	666117	6.59	0	75
ptg014134l_1_region	101039	666117	6.59	0	75
ptg014137l_1	86214	625119	7.25	0	20
ptg014137l_1_region	86214	625119	7.25	0	20
ptg014151l_1	549525	8267120	15.04	0	188
ptg014151l_1_region	549525	8267120	15.04	0	188
ptg014152l_1	51976	405801	7.81	0	26
ptg014152l_1_region	51976	405801	7.81	0	26
ptg014154l_1	10691	60918	5.70	0	10
ptg014154l_1_region	10691	60918	5.70	0	10
ptg014160l_1	49473	471037	9.52	0	24
ptg014160l_1_region	49473	471037	9.52	0	24
ptg014162l_1	84965	285294	3.36	0	13
ptg014162l_1_region	84965	285294	3.36	0	13
ptg014163l_1	55041	233438	4.24	0	10
ptg014163l_1_region	55041	233438	4.24	0	10
ptg014166l_1	15342	81789	5.33	0	16
ptg014166l_1_region	15342	81789	5.33	0	16
ptg014167l_1	49426	375504	7.60	0	16
ptg014167l_1_region	49426	375504	7.60	0	16
ptg014169l_1	314630	1040905	3.31	0	47
ptg014169l_1_region	314630	1040905	3.31	0	47
ptg014170l_1	31261	114929	3.68	0	6
ptg014170l_1_region	31261	114929	3.68	0	6
ptg014172l_1	377518	3799255	10.06	0	47
ptg014172l_1_region	377518	3799255	10.06	0	47
ptg014174l_1	28491	71855	2.52	0	8
ptg014174l_1_region	28491	71855	2.52	0	8
ptg014180l_1	35313	88213	2.50	0	11
ptg014180l_1_region	35313	88213	2.50	0	11
ptg014181l_1	67805	302335	4.46	0	12
ptg014181l_1_region	67805	302335	4.46	0	12
ptg014182l_1	36926	88892	2.41	0	10
ptg014182l_1_region	36926	88892	2.41	0	10
ptg014183l_1	133717	1057863	7.91	0	56
ptg014183l_1_region	133717	1057863	7.91	0	56
ptg014186l_1	498411	1592731	3.20	0	107
ptg014186l_1_region	498411	1592731	3.20	0	107
ptg014188l_1	21511	41170	1.91	0	5
ptg014188l_1_region	21511	41170	1.91	0	5
ptg014189l_1	59799	359673	6.01	0	13
ptg014189l_1_region	59799	359673	6.01	0	13
ptg014196l_1	49024	188847	3.85	0	14
ptg014196l_1_region	49024	188847	3.85	0	14
ptg014197l_1	121326	239775	1.98	0	9
ptg014197l_1_region	121326	239775	1.98	0	9
ptg014199l_1	14276	19649	1.38	0	3
ptg014199l_1_region	14276	19649	1.38	0	3
ptg014207l_1	370437	4696774	12.68	0	144
ptg014207l_1_region	370437	4696774	12.68	0	144
ptg014208l_1	144049	463601	3.22	0	14
ptg014208l_1_region	144049	463601	3.22	0	14
ptg014215l_1	22173	141930	6.40	0	13
ptg014215l_1_region	22173	141930	6.40	0	13
ptg014219l_1	742346	5713439	7.70	0	52
ptg014219l_1_region	742346	5713439	7.70	0	52
ptg014227l_1	20344	52352	2.57	0	9
ptg014227l_1_region	20344	52352	2.57	0	9
ptg014229l_1	8660	25273	2.92	0	4
ptg014229l_1_region	8660	25273	2.92	0	4
ptg014231l_1	110518	256574	2.32	0	14
ptg014231l_1_region	110518	256574	2.32	0	14
ptg014235l_1	20437	18382	0.90	0	4
ptg014235l_1_region	20437	18382	0.90	0	4
ptg014242l_1	75272	424743	5.64	0	16
ptg014242l_1_region	75272	424743	5.64	0	16
ptg014245l_1	38805	236402	6.09	0	17
ptg014245l_1_region	38805	236402	6.09	0	17
ptg014246l_1	50272	256060	5.09	0	11
ptg014246l_1_region	50272	256060	5.09	0	11
ptg014247l_1	92427	74758	0.81	0	12
ptg014247l_1_region	92427	74758	0.81	0	12
ptg014251l_1	50900	836115	16.43	0	35
ptg014251l_1_region	50900	836115	16.43	0	35
ptg014252l_1	26135	169076	6.47	0	17
ptg014252l_1_region	26135	169076	6.47	0	17
ptg014255l_1	1058199	22026109	20.81	0	96
ptg014255l_1_region	1058199	22026109	20.81	0	96
ptg014256l_1	39122	232946	5.95	0	12
ptg014256l_1_region	39122	232946	5.95	0	12
ptg014257l_1	16932	170658	10.08	0	18
ptg014257l_1_region	16932	170658	10.08	0	18
ptg014259l_1	42941	308023	7.17	0	15
ptg014259l_1_region	42941	308023	7.17	0	15
ptg014274l_1	24181	114443	4.73	0	9
ptg014274l_1_region	24181	114443	4.73	0	9
ptg014277l_1	93973	1313946	13.98	0	45
ptg014277l_1_region	93973	1313946	13.98	0	45
ptg014278c_1	12355	28850	2.34	0	6
ptg014278c_1_region	12355	28850	2.34	0	6
ptg014279l_1	71508	314489	4.40	0	10
ptg014279l_1_region	71508	314489	4.40	0	10
ptg014282l_1	71664	213435	2.98	0	9
ptg014282l_1_region	71664	213435	2.98	0	9
ptg014283l_1	28897	22626	0.78	0	4
ptg014283l_1_region	28897	22626	0.78	0	4
ptg014286l_1	57199	296933	5.19	0	21
ptg014286l_1_region	57199	296933	5.19	0	21
ptg014287l_1	22451	71974	3.21	0	9
ptg014287l_1_region	22451	71974	3.21	0	9
ptg014289l_1	98695	1079249	10.94	0	35
ptg014289l_1_region	98695	1079249	10.94	0	35
ptg014292l_1	115885	2065919	17.83	0	61
ptg014292l_1_region	115885	2065919	17.83	0	61
ptg014296l_1	31400	95996	3.06	0	7
ptg014296l_1_region	31400	95996	3.06	0	7
ptg014297l_1	96345	3222812	33.45	1	67
ptg014297l_1_region	96345	3222812	33.45	1	67
ptg014318l_1	11415	136187	11.93	0	23
ptg014318l_1_region	11415	136187	11.93	0	23
ptg014320l_1	18838	155111	8.23	0	15
ptg014320l_1_region	18838	155111	8.23	0	15
ptg014321l_1	36235	237820	6.56	0	25
ptg014321l_1_region	36235	237820	6.56	0	25
ptg014330l_1	37236	183734	4.93	0	11
ptg014330l_1_region	37236	183734	4.93	0	11
ptg014334l_1	13635	72562	5.32	0	10
ptg014334l_1_region	13635	72562	5.32	0	10
ptg014339l_1	13970	157303	11.26	0	24
ptg014339l_1_region	13970	157303	11.26	0	24
ptg014343l_1	7869	12425	1.58	0	3
ptg014343l_1_region	7869	12425	1.58	0	3
ptg014345l_1	76525	575560	7.52	0	22
ptg014345l_1_region	76525	575560	7.52	0	22
ptg014348l_1	34545	195895	5.67	0	14
ptg014348l_1_region	34545	195895	5.67	0	14
ptg014350l_1	26241	92809	3.54	0	14
ptg014350l_1_region	26241	92809	3.54	0	14
ptg014355l_1	429086	8331823	19.42	0	60
ptg014355l_1_region	429086	8331823	19.42	0	60
ptg014357l_1	29982	38076	1.27	0	3
ptg014357l_1_region	29982	38076	1.27	0	3
ptg014362l_1	33069	119067	3.60	0	10
ptg014362l_1_region	33069	119067	3.60	0	10
ptg014363l_1	146323	960065	6.56	0	17
ptg014363l_1_region	146323	960065	6.56	0	17
ptg014367l_1	31364	156968	5.00	0	13
ptg014367l_1_region	31364	156968	5.00	0	13
ptg014371l_1	14052	26377	1.88	0	6
ptg014371l_1_region	14052	26377	1.88	0	6
ptg014372l_1	40720	222279	5.46	0	14
ptg014372l_1_region	40720	222279	5.46	0	14
ptg014374l_1	37606	206810	5.50	0	17
ptg014374l_1_region	37606	206810	5.50	0	17
ptg014378l_1	296656	2424104	8.17	0	50
ptg014378l_1_region	296656	2424104	8.17	0	50
ptg014381l_1	15460	139843	9.05	0	61
ptg014381l_1_region	15460	139843	9.05	0	61
ptg014382l_1	24938	127093	5.10	0	22
ptg014382l_1_region	24938	127093	5.10	0	22
ptg014390l_1	13481	69837	5.18	3	7
ptg014390l_1_region	13481	69837	5.18	3	7
ptg014391l_1	298752	2615059	8.75	0	25
ptg014391l_1_region	298752	2615059	8.75	0	25
ptg014392l_1	47298	490256	10.37	0	18
ptg014392l_1_region	47298	490256	10.37	0	18
ptg014394l_1	296551	2760051	9.31	0	20
ptg014394l_1_region	296551	2760051	9.31	0	20
ptg014397l_1	50201	215579	4.29	0	12
ptg014397l_1_region	50201	215579	4.29	0	12
ptg014399l_1	209234	931517	4.45	0	15
ptg014399l_1_region	209234	931517	4.45	0	15
ptg014402l_1	27428	61752	2.25	0	8
ptg014402l_1_region	27428	61752	2.25	0	8
ptg014404l_1	51564	451977	8.77	0	17
ptg014404l_1_region	51564	451977	8.77	0	17
ptg014405l_1	63095	422535	6.70	0	13
ptg014405l_1_region	63095	422535	6.70	0	13
ptg014408l_1	43408	220766	5.09	0	14
ptg014408l_1_region	43408	220766	5.09	0	14
ptg014411l_1	52294	625304	11.96	0	25
ptg014411l_1_region	52294	625304	11.96	0	25
ptg014416l_1	53006	261073	4.93	0	12
ptg014416l_1_region	53006	261073	4.93	0	12
ptg014422l_1	37940	296097	7.80	1	14
ptg014422l_1_region	37940	296097	7.80	1	14
ptg014424l_1	36402	158637	4.36	0	8
ptg014424l_1_region	36402	158637	4.36	0	8
ptg014427l_1	22095	75883	3.43	0	6
ptg014427l_1_region	22095	75883	3.43	0	6
ptg014428l_1	325572	6494873	19.95	0	122
ptg014428l_1_region	325572	6494873	19.95	0	122
ptg014430l_1	146327	483807	3.31	0	21
ptg014430l_1_region	146327	483807	3.31	0	21
ptg014437l_1	38708	273786	7.07	0	11
ptg014437l_1_region	38708	273786	7.07	0	11
ptg014439l_1	28968	151594	5.23	0	11
ptg014439l_1_region	28968	151594	5.23	0	11
ptg014442l_1	202134	1226346	6.07	0	32
ptg014442l_1_region	202134	1226346	6.07	0	32
ptg014448l_1	35340	138302	3.91	0	12
ptg014448l_1_region	35340	138302	3.91	0	12
ptg014450l_1	7308	19701	2.70	1	5
ptg014450l_1_region	7308	19701	2.70	1	5
ptg014451l_1	89075	436482	4.90	0	15
ptg014451l_1_region	89075	436482	4.90	0	15
ptg014452l_1	32868	133003	4.05	0	10
ptg014452l_1_region	32868	133003	4.05	0	10
ptg014456l_1	61838	455782	7.37	0	14
ptg014456l_1_region	61838	455782	7.37	0	14
ptg014459l_1	52911	339037	6.41	0	30
ptg014459l_1_region	52911	339037	6.41	0	30
ptg014462l_1	33863	198702	5.87	0	13
ptg014462l_1_region	33863	198702	5.87	0	13
ptg014466l_1	19402	86832	4.48	0	8
ptg014466l_1_region	19402	86832	4.48	0	8
ptg014467l_1	25980	243569	9.38	2	68
ptg014467l_1_region	25980	243569	9.38	2	68
ptg014468l_1	13007	37158	2.86	0	5
ptg014468l_1_region	13007	37158	2.86	0	5
ptg014472l_1	12122	27328	2.25	0	5
ptg014472l_1_region	12122	27328	2.25	0	5
ptg014478l_1	46910	362886	7.74	0	15
ptg014478l_1_region	46910	362886	7.74	0	15
ptg014479l_1	12094	8494	0.70	0	2
ptg014479l_1_region	12094	8494	0.70	0	2
ptg014483l_1	228688	3389336	14.82	0	44
ptg014483l_1_region	228688	3389336	14.82	0	44
ptg014487l_1	16050	15662	0.98	0	3
ptg014487l_1_region	16050	15662	0.98	0	3
ptg014488l_1	21709	97117	4.47	0	14
ptg014488l_1_region	21709	97117	4.47	0	14
ptg014490l_1	32542	308099	9.47	0	32
ptg014490l_1_region	32542	308099	9.47	0	32
ptg014492l_1	28690	109961	3.83	0	11
ptg014492l_1_region	28690	109961	3.83	0	11
ptg014494l_1	72724	55257	0.76	0	7
ptg014494l_1_region	72724	55257	0.76	0	7
ptg014501l_1	63632	365514	5.74	0	34
ptg014501l_1_region	63632	365514	5.74	0	34
ptg014503l_1	19788	88829	4.49	0	10
ptg014503l_1_region	19788	88829	4.49	0	10
ptg014504l_1	37827	77454	2.05	0	7
ptg014504l_1_region	37827	77454	2.05	0	7
ptg014507l_1	11185	5895	0.53	0	3
ptg014507l_1_region	11185	5895	0.53	0	3
ptg014508l_1	63135	250821	3.97	0	14
ptg014508l_1_region	63135	250821	3.97	0	14
ptg014510l_1	29960	64325	2.15	0	10
ptg014510l_1_region	29960	64325	2.15	0	10
ptg014512l_1	49331	227991	4.62	0	11
ptg014512l_1_region	49331	227991	4.62	0	11
ptg014517l_1	77630	227257	2.93	0	8
ptg014517l_1_region	77630	227257	2.93	0	8
ptg014520l_1	84485	1962866	23.23	0	114
ptg014520l_1_region	84485	1962866	23.23	0	114
ptg014523l_1	24059	62997	2.62	0	9
ptg014523l_1_region	24059	62997	2.62	0	9
ptg014526l_1	19799	90514	4.57	0	11
ptg014526l_1_region	19799	90514	4.57	0	11
ptg014535l_1	55543	292528	5.27	0	12
ptg014535l_1_region	55543	292528	5.27	0	12
ptg014541l_1	59128	305318	5.16	0	13
ptg014541l_1_region	59128	305318	5.16	0	13
ptg014542l_1	67135	296396	4.41	0	15
ptg014542l_1_region	67135	296396	4.41	0	15
ptg014544l_1	19542	61297	3.14	0	5
ptg014544l_1_region	19542	61297	3.14	0	5
ptg014554l_1	27594	92973	3.37	0	8
ptg014554l_1_region	27594	92973	3.37	0	8
ptg014555l_1	8918	5914	0.66	0	3
ptg014555l_1_region	8918	5914	0.66	0	3
ptg014556l_1	352086	955324	2.71	0	86
ptg014556l_1_region	352086	955324	2.71	0	86
ptg014560l_1	27679	50358	1.82	0	6
ptg014560l_1_region	27679	50358	1.82	0	6
ptg014562l_1	41708	270779	6.49	0	18
ptg014562l_1_region	41708	270779	6.49	0	18
ptg014563l_1	22661	95562	4.22	0	8
ptg014563l_1_region	22661	95562	4.22	0	8
ptg014566l_1	19065	38965	2.04	0	25
ptg014566l_1_region	19065	38965	2.04	0	25
ptg014573l_1	77670	519481	6.69	0	17
ptg014573l_1_region	77670	519481	6.69	0	17
ptg014576l_1	22657	27768	1.23	0	5
ptg014576l_1_region	22657	27768	1.23	0	5
ptg014582l_1	69991	426328	6.09	0	34
ptg014582l_1_region	69991	426328	6.09	0	34
ptg014588l_1	165454	1046066	6.32	0	18
ptg014588l_1_region	165454	1046066	6.32	0	18
ptg014590l_1	25057	154520	6.17	2	15
ptg014590l_1_region	25057	154520	6.17	2	15
ptg014594l_1	121164	959283	7.92	0	38
ptg014594l_1_region	121164	959283	7.92	0	38
ptg014595l_1	30092	251290	8.35	0	15
ptg014595l_1_region	30092	251290	8.35	0	15
ptg014596l_1	19838	51103	2.58	0	7
ptg014596l_1_region	19838	51103	2.58	0	7
ptg014598l_1	12086	53566	4.43	0	11
ptg014598l_1_region	12086	53566	4.43	0	11
ptg014599l_1	26382	128828	4.88	0	13
ptg014599l_1_region	26382	128828	4.88	0	13
ptg014604l_1	26517	177477	6.69	1	13
ptg014604l_1_region	26517	177477	6.69	1	13
ptg014607l_1	16131	33101	2.05	0	4
ptg014607l_1_region	16131	33101	2.05	0	4
ptg014609l_1	33263	199667	6.00	0	14
ptg014609l_1_region	33263	199667	6.00	0	14
ptg014610l_1	15217	21429	1.41	0	4
ptg014610l_1_region	15217	21429	1.41	0	4
ptg014614l_1	186701	1909710	10.23	0	64
ptg014614l_1_region	186701	1909710	10.23	0	64
ptg014626l_1	56688	410993	7.25	0	14
ptg014626l_1_region	56688	410993	7.25	0	14
ptg014629l_1	87599	466526	5.33	0	34
ptg014629l_1_region	87599	466526	5.33	0	34
ptg014631l_1	43184	395319	9.15	0	19
ptg014631l_1_region	43184	395319	9.15	0	19
ptg014637l_1	52153	390639	7.49	0	19
ptg014637l_1_region	52153	390639	7.49	0	19
ptg014638l_1	18780	45504	2.42	0	10
ptg014638l_1_region	18780	45504	2.42	0	10
ptg014639l_1	23445	188215	8.03	0	18
ptg014639l_1_region	23445	188215	8.03	0	18
ptg014646l_1	12275	38082	3.10	0	16
ptg014646l_1_region	12275	38082	3.10	0	16
ptg014648l_1	544419	4969961	9.13	0	52
ptg014648l_1_region	544419	4969961	9.13	0	52
ptg014650l_1	19264	229880	11.93	4	19
ptg014650l_1_region	19264	229880	11.93	4	19
ptg014657l_1	37950	51333	1.35	0	10
ptg014657l_1_region	37950	51333	1.35	0	10
ptg014659l_1	160793	1183750	7.36	0	30
ptg014659l_1_region	160793	1183750	7.36	0	30
ptg014660l_1	38089	65158	1.71	0	7
ptg014660l_1_region	38089	65158	1.71	0	7
ptg014666l_1	60285	188611	3.13	0	8
ptg014666l_1_region	60285	188611	3.13	0	8
ptg014667l_1	19631	327696	16.69	0	38
ptg014667l_1_region	19631	327696	16.69	0	38
ptg014668l_1	225031	8579814	38.13	0	114
ptg014668l_1_region	225031	8579814	38.13	0	114
ptg014669l_1	131150	3130565	23.87	0	66
ptg014669l_1_region	131150	3130565	23.87	0	66
ptg014676l_1	17473	57705	3.30	0	6
ptg014676l_1_region	17473	57705	3.30	0	6
ptg014683l_1	16980	64141	3.78	0	9
ptg014683l_1_region	16980	64141	3.78	0	9
ptg014685l_1	44747	438864	9.81	0	29
ptg014685l_1_region	44747	438864	9.81	0	29
ptg014688l_1	30166	240731	7.98	1	12
ptg014688l_1_region	30166	240731	7.98	1	12
ptg014690l_1	23407	115274	4.92	0	11
ptg014690l_1_region	23407	115274	4.92	0	11
ptg014694l_1	30452	3923	0.13	0	1
ptg014694l_1_region	30452	3923	0.13	0	1
ptg014695l_1	23396	64423	2.75	0	5
ptg014695l_1_region	23396	64423	2.75	0	5
ptg014696l_1	33910	103616	3.06	0	11
ptg014696l_1_region	33910	103616	3.06	0	11
ptg014697l_1	2504026	45273663	18.08	0	100
ptg014697l_1_region	2504026	45273663	18.08	0	100
ptg014704l_1	85995	697050	8.11	0	20
ptg014704l_1_region	85995	697050	8.11	0	20
ptg014706l_1	37350	165164	4.42	0	11
ptg014706l_1_region	37350	165164	4.42	0	11
ptg014708l_1	28745	60681	2.11	0	6
ptg014708l_1_region	28745	60681	2.11	0	6
ptg014710l_1	8442	4045	0.48	0	2
ptg014710l_1_region	8442	4045	0.48	0	2
ptg014712l_1	16129	5807	0.36	0	1
ptg014712l_1_region	16129	5807	0.36	0	1
ptg014717l_1	26654	715368	26.84	0	70
ptg014717l_1_region	26654	715368	26.84	0	70
ptg014718l_1	142784	38445	0.27	0	6
ptg014718l_1_region	142784	38445	0.27	0	6
ptg014719l_1	22009	158187	7.19	0	12
ptg014719l_1_region	22009	158187	7.19	0	12
ptg014726l_1	27257	62136	2.28	0	5
ptg014726l_1_region	27257	62136	2.28	0	5
ptg014730l_1	171898	1369183	7.97	0	23
ptg014730l_1_region	171898	1369183	7.97	0	23
ptg014736l_1	181696	939960	5.17	0	16
ptg014736l_1_region	181696	939960	5.17	0	16
ptg014741l_1	38921	11649	0.30	0	2
ptg014741l_1_region	38921	11649	0.30	0	2
ptg014748l_1	82341	744770	9.04	0	26
ptg014748l_1_region	82341	744770	9.04	0	26
ptg014751l_1	115848	1389936	12.00	0	26
ptg014751l_1_region	115848	1389936	12.00	0	26
ptg014752l_1	193117	1332369	6.90	0	58
ptg014752l_1_region	193117	1332369	6.90	0	58
ptg014767l_1	20092	180528	8.99	0	20
ptg014767l_1_region	20092	180528	8.99	0	20
ptg014770l_1	14998	102186	6.81	0	18
ptg014770l_1_region	14998	102186	6.81	0	18
ptg014771l_1	59080	207901	3.52	0	8
ptg014771l_1_region	59080	207901	3.52	0	8
ptg014773l_1	19823	55082	2.78	0	7
ptg014773l_1_region	19823	55082	2.78	0	7
ptg014778l_1	11963	32796	2.74	0	15
ptg014778l_1_region	11963	32796	2.74	0	15
ptg014786l_1	53179	226744	4.26	0	11
ptg014786l_1_region	53179	226744	4.26	0	11
ptg014791l_1	55844	493529	8.84	0	29
ptg014791l_1_region	55844	493529	8.84	0	29
ptg014801l_1	21409	52612	2.46	0	7
ptg014801l_1_region	21409	52612	2.46	0	7
ptg014802l_1	48862	167144	3.42	0	9
ptg014802l_1_region	48862	167144	3.42	0	9
ptg014803l_1	49560	334131	6.74	0	34
ptg014803l_1_region	49560	334131	6.74	0	34
ptg014804l_1	47843	124525	2.60	0	7
ptg014804l_1_region	47843	124525	2.60	0	7
ptg014808l_1	12053	8217	0.68	0	2
ptg014808l_1_region	12053	8217	0.68	0	2
ptg014812l_1	11886	174083	14.65	2	20
ptg014812l_1_region	11886	174083	14.65	2	20
ptg014813l_1	197883	826825	4.18	0	15
ptg014813l_1_region	197883	826825	4.18	0	15
ptg014815l_1	21910	107316	4.90	0	8
ptg014815l_1_region	21910	107316	4.90	0	8
ptg014819l_1	90789	489417	5.39	0	16
ptg014819l_1_region	90789	489417	5.39	0	16
ptg014827l_1	8987	23785	2.65	0	4
ptg014827l_1_region	8987	23785	2.65	0	4
ptg014831l_1	37037	178075	4.81	0	10
ptg014831l_1_region	37037	178075	4.81	0	10
ptg014838l_1	11265	13737	1.22	0	2
ptg014838l_1_region	11265	13737	1.22	0	2
ptg014843l_1	28838	182416	6.33	0	12
ptg014843l_1_region	28838	182416	6.33	0	12
ptg014845l_1	8972	38816	4.33	0	7
ptg014845l_1_region	8972	38816	4.33	0	7
ptg014846l_1	13914	42985	3.09	0	7
ptg014846l_1_region	13914	42985	3.09	0	7
ptg014851l_1	14113	95580	6.77	0	15
ptg014851l_1_region	14113	95580	6.77	0	15
ptg014853l_1	55764	490918	8.80	0	22
ptg014853l_1_region	55764	490918	8.80	0	22
ptg014859l_1	46840	178381	3.81	0	21
ptg014859l_1_region	46840	178381	3.81	0	21
ptg014862l_1	169478	727917	4.30	0	22
ptg014862l_1_region	169478	727917	4.30	0	22
ptg014864l_1	19207	99515	5.18	0	19
ptg014864l_1_region	19207	99515	5.18	0	19
ptg014866l_1	124257	2178004	17.53	0	70
ptg014866l_1_region	124257	2178004	17.53	0	70
ptg014867l_1	40019	252962	6.32	0	15
ptg014867l_1_region	40019	252962	6.32	0	15
ptg014873l_1	9697	12692	1.31	0	3
ptg014873l_1_region	9697	12692	1.31	0	3
ptg014874l_1	52546	822705	15.66	0	78
ptg014874l_1_region	52546	822705	15.66	0	78
ptg014886l_1	62912	601597	9.56	0	52
ptg014886l_1_region	62912	601597	9.56	0	52
ptg014890l_1	25078	96109	3.83	0	10
ptg014890l_1_region	25078	96109	3.83	0	10
ptg014894l_1	63244	324027	5.12	0	18
ptg014894l_1_region	63244	324027	5.12	0	18
ptg014897l_1	12576	46008	3.66	0	7
ptg014897l_1_region	12576	46008	3.66	0	7
ptg014900l_1	25797	453076	17.56	1	58
ptg014900l_1_region	25797	453076	17.56	1	58
ptg014905l_1	242127	1402449	5.79	0	15
ptg014905l_1_region	242127	1402449	5.79	0	15
ptg014908l_1	27033	93618	3.46	0	9
ptg014908l_1_region	27033	93618	3.46	0	9
ptg014909l_1	56476	170086	3.01	0	9
ptg014909l_1_region	56476	170086	3.01	0	9
ptg014911l_1	10966	27921	2.55	0	4
ptg014911l_1_region	10966	27921	2.55	0	4
ptg014914l_1	29715	50741	1.71	0	4
ptg014914l_1_region	29715	50741	1.71	0	4
ptg014921l_1	67436	657121	9.74	0	18
ptg014921l_1_region	67436	657121	9.74	0	18
ptg014925l_1	21874	48062	2.20	0	10
ptg014925l_1_region	21874	48062	2.20	0	10
ptg014931l_1	91318	574204	6.29	0	19
ptg014931l_1_region	91318	574204	6.29	0	19
ptg014933l_1	81198	316934	3.90	0	16
ptg014933l_1_region	81198	316934	3.90	0	16
ptg014935l_1	263708	1254164	4.76	0	20
ptg014935l_1_region	263708	1254164	4.76	0	20
ptg014936l_1	129300	1434542	11.09	0	73
ptg014936l_1_region	129300	1434542	11.09	0	73
ptg014947l_1	50417	405963	8.05	0	20
ptg014947l_1_region	50417	405963	8.05	0	20
ptg014951l_1	14915	14769	0.99	0	3
ptg014951l_1_region	14915	14769	0.99	0	3
ptg014952l_1	13137	11802	0.90	0	2
ptg014952l_1_region	13137	11802	0.90	0	2
ptg014954l_1	48060	327180	6.81	0	16
ptg014954l_1_region	48060	327180	6.81	0	16
ptg014957l_1	51737	104432	2.02	0	5
ptg014957l_1_region	51737	104432	2.02	0	5
ptg014958l_1	31873	121575	3.81	0	9
ptg014958l_1_region	31873	121575	3.81	0	9
ptg014962l_1	30813	73966	2.40	0	7
ptg014962l_1_region	30813	73966	2.40	0	7
ptg014966l_1	12473	68483	5.49	0	12
ptg014966l_1_region	12473	68483	5.49	0	12
ptg014969l_1	89911	490384	5.45	0	13
ptg014969l_1_region	89911	490384	5.45	0	13
ptg014970l_1	32035	62530	1.95	0	6
ptg014970l_1_region	32035	62530	1.95	0	6
ptg014972l_1	156787	532853	3.40	0	13
ptg014972l_1_region	156787	532853	3.40	0	13
ptg014974l_1	24826	55278	2.23	0	9
ptg014974l_1_region	24826	55278	2.23	0	9
ptg014975l_1	22807	7371	0.32	0	1
ptg014975l_1_region	22807	7371	0.32	0	1
ptg014976l_1	23852	211488	8.87	0	14
ptg014976l_1_region	23852	211488	8.87	0	14
ptg014977l_1	38070	193971	5.10	0	9
ptg014977l_1_region	38070	193971	5.10	0	9
ptg014978l_1	104479	789910	7.56	0	26
ptg014978l_1_region	104479	789910	7.56	0	26
ptg014987l_1	326680	4537953	13.89	0	32
ptg014987l_1_region	326680	4537953	13.89	0	32
ptg014988l_1	150192	740692	4.93	0	15
ptg014988l_1_region	150192	740692	4.93	0	15
ptg014991l_1	90231	265487	2.94	0	13
ptg014991l_1_region	90231	265487	2.94	0	13
ptg014995l_1	16133	35632	2.21	0	5
ptg014995l_1_region	16133	35632	2.21	0	5
ptg014996l_1	37198	8418	0.23	0	1
ptg014996l_1_region	37198	8418	0.23	0	1
ptg014997l_1	83724	326652	3.90	0	11
ptg014997l_1_region	83724	326652	3.90	0	11
ptg014998l_1	60355	127057	2.11	0	5
ptg014998l_1_region	60355	127057	2.11	0	5
ptg015000l_1	18833	5701	0.30	0	1
ptg015000l_1_region	18833	5701	0.30	0	1
ptg015001l_1	59152	168480	2.85	0	7
ptg015001l_1_region	59152	168480	2.85	0	7
ptg015005l_1	111738	596913	5.34	0	15
ptg015005l_1_region	111738	596913	5.34	0	15
ptg015014l_1	25146	288707	11.48	0	29
ptg015014l_1_region	25146	288707	11.48	0	29
ptg015021l_1	34200	240508	7.03	0	16
ptg015021l_1_region	34200	240508	7.03	0	16
ptg015034l_1	14944	22563	1.51	0	7
ptg015034l_1_region	14944	22563	1.51	0	7
ptg015041l_1	441615	3253772	7.37	0	20
ptg015041l_1_region	441615	3253772	7.37	0	20
ptg015051l_1	478350	3154735	6.60	0	82
ptg015051l_1_region	478350	3154735	6.60	0	82
ptg015060l_1	31498	5207	0.17	0	2
ptg015060l_1_region	31498	5207	0.17	0	2
ptg015069l_1	327846	2770315	8.45	0	43
ptg015069l_1_region	327846	2770315	8.45	0	43
ptg015071l_1	44063	531037	12.05	0	82
ptg015071l_1_region	44063	531037	12.05	0	82
ptg015076l_1	15402	57397	3.73	0	7
ptg015076l_1_region	15402	57397	3.73	0	7
ptg015087l_1	200167	2413067	12.06	0	57
ptg015087l_1_region	200167	2413067	12.06	0	57
ptg015117l_1	25331	91227	3.60	0	8
ptg015117l_1_region	25331	91227	3.60	0	8
ptg015122l_1	164131	1015008	6.18	0	27
ptg015122l_1_region	164131	1015008	6.18	0	27
ptg015130l_1	66662	223381	3.35	0	10
ptg015130l_1_region	66662	223381	3.35	0	10
ptg015140l_1	163869	1398924	8.54	0	271
ptg015140l_1_region	163869	1398924	8.54	0	271
ptg015143l_1	20989	70346	3.35	1	6
ptg015143l_1_region	20989	70346	3.35	1	6
ptg015144l_1	128243	508730	3.97	0	19
ptg015144l_1_region	128243	508730	3.97	0	19
ptg015175l_1	36126	100244	2.77	0	8
ptg015175l_1_region	36126	100244	2.77	0	8
ptg015176l_1	54353	165402	3.04	0	10
ptg015176l_1_region	54353	165402	3.04	0	10
ptg015178l_1	220013	976837	4.44	0	11
ptg015178l_1_region	220013	976837	4.44	0	11
ptg015191l_1	97877	4802810	49.07	0	250
ptg015191l_1_region	97877	4802810	49.07	0	250
ptg015200l_1	76194	659390	8.65	0	17
ptg015200l_1_region	76194	659390	8.65	0	17
ptg015207l_1	174001	1314876	7.56	0	30
ptg015207l_1_region	174001	1314876	7.56	0	30
ptg015216l_1	245082	1242095	5.07	0	19
ptg015216l_1_region	245082	1242095	5.07	0	19
ptg015230l_1	42231	159074	3.77	0	10
ptg015230l_1_region	42231	159074	3.77	0	10
ptg015235l_1	16723	102866	6.15	0	11
ptg015235l_1_region	16723	102866	6.15	0	11
ptg015240l_1	37720	242600	6.43	0	16
ptg015240l_1_region	37720	242600	6.43	0	16
ptg015253l_1	62767	14948	0.24	0	3
ptg015253l_1_region	62767	14948	0.24	0	3
ptg015269l_1	30353	224946	7.41	1	14
ptg015269l_1_region	30353	224946	7.41	1	14
ptg015276l_1	31541	77529	2.46	0	7
ptg015276l_1_region	31541	77529	2.46	0	7
ptg015290l_1	30419	179026	5.89	0	19
ptg015290l_1_region	30419	179026	5.89	0	19
ptg015304l_1	23481	539500	22.98	0	79
ptg015304l_1_region	23481	539500	22.98	0	79
ptg015310l_1	36344	118802	3.27	0	7
ptg015310l_1_region	36344	118802	3.27	0	7
ptg015313l_1	31475	367755	11.68	0	31
ptg015313l_1_region	31475	367755	11.68	0	31
ptg015314l_1	47334	169941	3.59	0	7
ptg015314l_1_region	47334	169941	3.59	0	7
ptg015321l_1	158029	1006520	6.37	0	29
ptg015321l_1_region	158029	1006520	6.37	0	29
ptg015322l_1	35638	182285	5.11	0	11
ptg015322l_1_region	35638	182285	5.11	0	11
ptg015323l_1	189841	1174831	6.19	0	21
ptg015323l_1_region	189841	1174831	6.19	0	21
ptg015324l_1	1603067	22789195	14.22	0	98
ptg015324l_1_region	1603067	22789195	14.22	0	98
ptg015327l_1	86129	747129	8.67	0	32
ptg015327l_1_region	86129	747129	8.67	0	32
ptg015328l_1	114281	547845	4.79	0	13
ptg015328l_1_region	114281	547845	4.79	0	13
ptg015331l_1	29358	176391	6.01	0	9
ptg015331l_1_region	29358	176391	6.01	0	9
ptg015334l_1	24682	511225	20.71	6	49
ptg015334l_1_region	24682	511225	20.71	6	49
ptg015343l_1	40098	199664	4.98	0	12
ptg015343l_1_region	40098	199664	4.98	0	12
ptg015369l_1	215030	1664945	7.74	0	84
ptg015369l_1_region	215030	1664945	7.74	0	84
ptg015376l_1	175776	1112737	6.33	0	18
ptg015376l_1_region	175776	1112737	6.33	0	18
ptg015378l_1	10822	10315	0.95	0	2
ptg015378l_1_region	10822	10315	0.95	0	2
ptg015384l_1	167842	3001208	17.88	0	196
ptg015384l_1_region	167842	3001208	17.88	0	196
ptg015393l_1	40793	154689	3.79	0	14
ptg015393l_1_region	40793	154689	3.79	0	14
ptg015398l_1	77568	1477745	19.05	0	36
ptg015398l_1_region	77568	1477745	19.05	0	36
ptg015408l_1	133896	2080635	15.54	0	107
ptg015408l_1_region	133896	2080635	15.54	0	107
ptg015415l_1	33909	140990	4.16	0	10
ptg015415l_1_region	33909	140990	4.16	0	10
ptg015418l_1	53663	308489	5.75	0	23
ptg015418l_1_region	53663	308489	5.75	0	23
ptg015433l_1	33897	147869	4.36	0	9
ptg015433l_1_region	33897	147869	4.36	0	9
ptg015441l_1	22462	440888	19.63	2	68
ptg015441l_1_region	22462	440888	19.63	2	68
ptg015446l_1	76699	715499	9.33	0	20
ptg015446l_1_region	76699	715499	9.33	0	20
ptg015449l_1	29193	96191	3.30	0	8
ptg015449l_1_region	29193	96191	3.30	0	8
ptg015464l_1	68228	904869	13.26	0	91
ptg015464l_1_region	68228	904869	13.26	0	91
ptg015477l_1	188656	802765	4.26	0	14
ptg015477l_1_region	188656	802765	4.26	0	14
ptg015480l_1	12067	342243	28.36	0	70
ptg015480l_1_region	12067	342243	28.36	0	70
ptg015484l_1	15493	38258	2.47	0	10
ptg015484l_1_region	15493	38258	2.47	0	10
ptg015498l_1	22350	136703	6.12	2	12
ptg015498l_1_region	22350	136703	6.12	2	12
ptg015509l_1	157850	1069565	6.78	0	27
ptg015509l_1_region	157850	1069565	6.78	0	27
ptg015519l_1	23231	72779	3.13	0	6
ptg015519l_1_region	23231	72779	3.13	0	6
ptg015522l_1	34294	12758	0.37	0	7
ptg015522l_1_region	34294	12758	0.37	0	7
ptg015523l_1	59381	941481	15.85	1	32
ptg015523l_1_region	59381	941481	15.85	1	32
ptg015528l_1	70344	428424	6.09	0	24
ptg015528l_1_region	70344	428424	6.09	0	24
ptg015529l_1	37961	176564	4.65	0	15
ptg015529l_1_region	37961	176564	4.65	0	15
ptg015532l_1	58576	218674	3.73	0	8
ptg015532l_1_region	58576	218674	3.73	0	8
ptg015550l_1	14047	20347	1.45	0	4
ptg015550l_1_region	14047	20347	1.45	0	4
ptg015559l_1	77458	74268	0.96	0	4
ptg015559l_1_region	77458	74268	0.96	0	4
ptg015566l_1	46697	161001	3.45	0	87
ptg015566l_1_region	46697	161001	3.45	0	87
ptg015570l_1	61763	1379842	22.34	0	131
ptg015570l_1_region	61763	1379842	22.34	0	131
ptg015571l_1	19572	36191	1.85	0	7
ptg015571l_1_region	19572	36191	1.85	0	7
ptg015575l_1	46519	385159	8.28	0	27
ptg015575l_1_region	46519	385159	8.28	0	27
ptg015585l_1	40688	810445	19.92	0	294
ptg015585l_1_region	40688	810445	19.92	0	294
ptg015587l_1	101542	576663	5.68	0	18
ptg015587l_1_region	101542	576663	5.68	0	18
ptg015593l_1	544806	1146083	2.10	0	31
ptg015593l_1_region	544806	1146083	2.10	0	31
ptg015595l_1	30178	11476	0.38	0	2
ptg015595l_1_region	30178	11476	0.38	0	2
ptg015596l_1	37656	341958	9.08	0	20
ptg015596l_1_region	37656	341958	9.08	0	20
ptg015597l_1	266309	3474459	13.05	0	51
ptg015597l_1_region	266309	3474459	13.05	0	51
ptg015598l_1	24205	9203	0.38	0	1
ptg015598l_1_region	24205	9203	0.38	0	1
ptg015599l_1	19359	6688	0.35	0	1
ptg015599l_1_region	19359	6688	0.35	0	1
ptg015602l_1	99677	765836	7.68	0	30
ptg015602l_1_region	99677	765836	7.68	0	30
ptg015603l_1	299942	1082130	3.61	0	29
ptg015603l_1_region	299942	1082130	3.61	0	29
ptg015605l_1	64254	504421	7.85	0	27
ptg015605l_1_region	64254	504421	7.85	0	27
ptg015606l_1	54857	476516	8.69	0	20
ptg015606l_1_region	54857	476516	8.69	0	20
ptg015607l_1	45042	99157	2.20	0	8
ptg015607l_1_region	45042	99157	2.20	0	8
ptg015616l_1	486628	5874337	12.07	0	55
ptg015616l_1_region	486628	5874337	12.07	0	55
ptg015621l_1	596592	13074384	21.92	0	935
ptg015621l_1_region	596592	13074384	21.92	0	935
ptg015624l_1	21152	158597	7.50	0	44
ptg015624l_1_region	21152	158597	7.50	0	44
ptg015625l_1	172896	1004026	5.81	0	64
ptg015625l_1_region	172896	1004026	5.81	0	64
ptg015632l_1	27004	245407	9.09	2	15
ptg015632l_1_region	27004	245407	9.09	2	15
ptg015633l_1	26363	19797	0.75	0	4
ptg015633l_1_region	26363	19797	0.75	0	4
ptg015634l_1	28177	370199	13.14	0	23
ptg015634l_1_region	28177	370199	13.14	0	23
ptg015635l_1	30346	42407	1.40	0	5
ptg015635l_1_region	30346	42407	1.40	0	5
ptg015636l_1	16613	126298	7.60	1	14
ptg015636l_1_region	16613	126298	7.60	1	14
ptg015643l_1	132306	854602	6.46	0	20
ptg015643l_1_region	132306	854602	6.46	0	20
ptg015661l_1	113470	863232	7.61	0	21
ptg015661l_1_region	113470	863232	7.61	0	21
ptg015663l_1	75717	450389	5.95	0	21
ptg015663l_1_region	75717	450389	5.95	0	21
ptg015680l_1	26386	197738	7.49	0	12
ptg015680l_1_region	26386	197738	7.49	0	12
ptg015683l_1	17505	54461	3.11	0	5
ptg015683l_1_region	17505	54461	3.11	0	5
ptg015689l_1	20544	530993	25.85	0	67
ptg015689l_1_region	20544	530993	25.85	0	67
ptg015697l_1	28995	84744	2.92	0	7
ptg015697l_1_region	28995	84744	2.92	0	7
ptg015700l_1	64624	296008	4.58	0	10
ptg015700l_1_region	64624	296008	4.58	0	10
ptg015701l_1	14714	20371	1.38	0	4
ptg015701l_1_region	14714	20371	1.38	0	4
ptg015705l_1	184018	964986	5.24	0	25
ptg015705l_1_region	184018	964986	5.24	0	25
ptg015725l_1	18292	84858	4.64	0	8
ptg015725l_1_region	18292	84858	4.64	0	8
ptg015726l_1	67152	25140	0.37	0	3
ptg015726l_1_region	67152	25140	0.37	0	3
ptg015734l_1	13114	54782	4.18	0	13
ptg015734l_1_region	13114	54782	4.18	0	13
ptg015747l_1	137693	1758072	12.77	0	28
ptg015747l_1_region	137693	1758072	12.77	0	28
ptg015750l_1	91831	2521665	27.46	2	110
ptg015750l_1_region	91831	2521665	27.46	2	110
ptg015751l_1	19442	20288	1.04	0	5
ptg015751l_1_region	19442	20288	1.04	0	5
ptg015764l_1	113546	1470081	12.95	0	91
ptg015764l_1_region	113546	1470081	12.95	0	91
ptg015770l_1	20296	128336	6.32	0	18
ptg015770l_1_region	20296	128336	6.32	0	18
ptg015784l_1	8289	18988	2.29	0	5
ptg015784l_1_region	8289	18988	2.29	0	5
ptg015800l_1	23149	30131	1.30	0	4
ptg015800l_1_region	23149	30131	1.30	0	4
ptg015824l_1	44424	326265	7.34	0	13
ptg015824l_1_region	44424	326265	7.34	0	13
ptg015834l_1	59221	422298	7.13	0	15
ptg015834l_1_region	59221	422298	7.13	0	15
ptg015835l_1	14215	2205826	155.18	7	805
ptg015835l_1_region	14215	2205826	155.18	7	805
ptg015847l_1	172708	1426071	8.26	0	25
ptg015847l_1_region	172708	1426071	8.26	0	25
ptg015859l_1	64712	468156	7.23	0	16
ptg015859l_1_region	64712	468156	7.23	0	16
ptg015861l_1	100535	894172	8.89	0	24
ptg015861l_1_region	100535	894172	8.89	0	24
ptg015870l_1	15448	19458	1.26	0	3
ptg015870l_1_region	15448	19458	1.26	0	3
ptg015876l_1	59604	144971	2.43	0	13
ptg015876l_1_region	59604	144971	2.43	0	13
ptg015884l_1	70471	715073	10.15	4	16
ptg015884l_1_region	70471	715073	10.15	4	16
ptg015897l_1	78900	391439	4.96	0	18
ptg015897l_1_region	78900	391439	4.96	0	18
ptg015901l_1	31651	98540	3.11	0	10
ptg015901l_1_region	31651	98540	3.11	0	10
ptg015902l_1	24361	50689	2.08	0	6
ptg015902l_1_region	24361	50689	2.08	0	6
ptg015913l_1	54743	144419	2.64	0	7
ptg015913l_1_region	54743	144419	2.64	0	7
ptg015937l_1	44298	206246	4.66	0	11
ptg015937l_1_region	44298	206246	4.66	0	11
ptg015947l_1	25475	55349	2.17	0	8
ptg015947l_1_region	25475	55349	2.17	0	8
ptg015952l_1	12914	93789	7.26	0	13
ptg015952l_1_region	12914	93789	7.26	0	13
ptg015955l_1	10362	17898	1.73	0	3
ptg015955l_1_region	10362	17898	1.73	0	3
ptg015959l_1	38345	65618	1.71	0	7
ptg015959l_1_region	38345	65618	1.71	0	7
ptg015971l_1	19854	60641	3.05	0	9
ptg015971l_1_region	19854	60641	3.05	0	9
ptg015988l_1	25563	68757	2.69	0	5
ptg015988l_1_region	25563	68757	2.69	0	5
ptg015994l_1	79808	383337	4.80	0	28
ptg015994l_1_region	79808	383337	4.80	0	28
ptg015995l_1	56994	97634	1.71	0	5
ptg015995l_1_region	56994	97634	1.71	0	5
ptg016014l_1	116861	444471	3.80	0	10
ptg016014l_1_region	116861	444471	3.80	0	10
ptg016019l_1	15012	39102	2.60	0	6
ptg016019l_1_region	15012	39102	2.60	0	6
ptg016033l_1	249089	2922961	11.73	0	79
ptg016033l_1_region	249089	2922961	11.73	0	79
ptg016035l_1	17200	78230	4.55	0	7
ptg016035l_1_region	17200	78230	4.55	0	7
ptg016038l_1	13255	54448	4.11	1	6
ptg016038l_1_region	13255	54448	4.11	1	6
ptg016042l_1	34821	321618	9.24	0	15
ptg016042l_1_region	34821	321618	9.24	0	15
ptg016048l_1	99517	555084	5.58	0	19
ptg016048l_1_region	99517	555084	5.58	0	19
ptg016049l_1	97598	413678	4.24	0	20
ptg016049l_1_region	97598	413678	4.24	0	20
ptg016057l_1	27273	129473	4.75	0	10
ptg016057l_1_region	27273	129473	4.75	0	10
ptg016063l_1	13766	83466	6.06	0	9
ptg016063l_1_region	13766	83466	6.06	0	9
ptg016073l_1	45215	136744	3.02	0	16
ptg016073l_1_region	45215	136744	3.02	0	16
ptg016078l_1	25483	188175	7.38	0	30
ptg016078l_1_region	25483	188175	7.38	0	30
ptg016082l_1	39658	218048	5.50	0	33
ptg016082l_1_region	39658	218048	5.50	0	33
ptg016086l_1	50850	198550	3.90	0	10
ptg016086l_1_region	50850	198550	3.90	0	10
ptg016101l_1	57108	209386	3.67	0	9
ptg016101l_1_region	57108	209386	3.67	0	9
ptg016102l_1	33003	119501	3.62	0	8
ptg016102l_1_region	33003	119501	3.62	0	8
ptg016105l_1	637970	2357692	3.70	0	220
ptg016105l_1_region	637970	2357692	3.70	0	220
ptg016115l_1	22879	367629	16.07	1	38
ptg016115l_1_region	22879	367629	16.07	1	38
ptg016118l_1	105536	1223345	11.59	0	43
ptg016118l_1_region	105536	1223345	11.59	0	43
ptg016123l_1	24862	32610	1.31	0	3
ptg016123l_1_region	24862	32610	1.31	0	3
ptg016132l_1	46797	18393	0.39	0	3
ptg016132l_1_region	46797	18393	0.39	0	3
ptg016133l_1	38899	413501	10.63	0	22
ptg016133l_1_region	38899	413501	10.63	0	22
ptg016145l_1	240745	1027217	4.27	0	12
ptg016145l_1_region	240745	1027217	4.27	0	12
ptg016147l_1	22268	106261	4.77	0	17
ptg016147l_1_region	22268	106261	4.77	0	17
ptg016150l_1	48660	4359542	89.59	0	202
ptg016150l_1_region	48660	4359542	89.59	0	202
ptg016152l_1	12495	38313	3.07	0	6
ptg016152l_1_region	12495	38313	3.07	0	6
ptg016163l_1	57855	370813	6.41	0	20
ptg016163l_1_region	57855	370813	6.41	0	20
ptg016174l_1	29134	140117	4.81	0	11
ptg016174l_1_region	29134	140117	4.81	0	11
ptg016175l_1	10269	30890	3.01	0	6
ptg016175l_1_region	10269	30890	3.01	0	6
ptg016181l_1	8081	28889	3.57	0	5
ptg016181l_1_region	8081	28889	3.57	0	5
ptg016192l_1	39204	536624	13.69	0	36
ptg016192l_1_region	39204	536624	13.69	0	36
ptg016193l_1	62930	590205	9.38	0	44
ptg016193l_1_region	62930	590205	9.38	0	44
ptg016197l_1	9761	4380	0.45	0	2
ptg016197l_1_region	9761	4380	0.45	0	2
ptg016204l_1	103770	658363	6.34	0	17
ptg016204l_1_region	103770	658363	6.34	0	17
ptg016207l_1	89993	330985	3.68	0	23
ptg016207l_1_region	89993	330985	3.68	0	23
ptg016214l_1	64467	494739	7.67	0	14
ptg016214l_1_region	64467	494739	7.67	0	14
ptg016223l_1	116900	1257246	10.75	0	29
ptg016223l_1_region	116900	1257246	10.75	0	29
ptg016224l_1	62966	1205119	19.14	0	52
ptg016224l_1_region	62966	1205119	19.14	0	52
ptg016225l_1	119492	346300	2.90	0	19
ptg016225l_1_region	119492	346300	2.90	0	19
ptg016226l_1	43737	461656	10.56	0	29
ptg016226l_1_region	43737	461656	10.56	0	29
ptg016228l_1	104866	274616	2.62	0	7
ptg016228l_1_region	104866	274616	2.62	0	7
ptg016229l_1	23880	88545	3.71	0	10
ptg016229l_1_region	23880	88545	3.71	0	10
ptg016237l_1	26876	100034	3.72	0	8
ptg016237l_1_region	26876	100034	3.72	0	8
ptg016241l_1	42596	185593	4.36	0	8
ptg016241l_1_region	42596	185593	4.36	0	8
ptg016242l_1	33719	22098	0.66	0	8
ptg016242l_1_region	33719	22098	0.66	0	8
ptg016244l_1	22768	70394	3.09	0	12
ptg016244l_1_region	22768	70394	3.09	0	12
ptg016245l_1	24906	102526	4.12	0	9
ptg016245l_1_region	24906	102526	4.12	0	9
ptg016246l_1	86756	662595	7.64	0	22
ptg016246l_1_region	86756	662595	7.64	0	22
ptg016248l_1	16338	116877	7.15	0	15
ptg016248l_1_region	16338	116877	7.15	0	15
ptg016250l_1	7492	4152	0.55	0	2
ptg016250l_1_region	7492	4152	0.55	0	2
ptg016251l_1	15556	53702	3.45	0	7
ptg016251l_1_region	15556	53702	3.45	0	7
ptg016255l_1	16475	39827	2.42	0	5
ptg016255l_1_region	16475	39827	2.42	0	5
ptg016264l_1	66260	440790	6.65	0	43
ptg016264l_1_region	66260	440790	6.65	0	43
ptg016275l_1	97068	221880	2.29	0	6
ptg016275l_1_region	97068	221880	2.29	0	6
ptg016279l_1	46711	427541	9.15	0	35
ptg016279l_1_region	46711	427541	9.15	0	35
ptg016280l_1	110923	488915	4.41	0	21
ptg016280l_1_region	110923	488915	4.41	0	21
ptg016281l_1	81049	593501	7.32	0	23
ptg016281l_1_region	81049	593501	7.32	0	23
ptg016282l_1	37674	50305	1.34	0	3
ptg016282l_1_region	37674	50305	1.34	0	3
ptg016283l_1	58438	299597	5.13	0	15
ptg016283l_1_region	58438	299597	5.13	0	15
ptg016285l_1	111128	410643	3.70	0	12
ptg016285l_1_region	111128	410643	3.70	0	12
ptg016287l_1	37887	133127	3.51	0	7
ptg016287l_1_region	37887	133127	3.51	0	7
ptg016288l_1	39924	24001	0.60	0	2
ptg016288l_1_region	39924	24001	0.60	0	2
ptg016291l_1	84011	659057	7.84	0	24
ptg016291l_1_region	84011	659057	7.84	0	24
ptg016292l_1	33423	21309	0.64	0	4
ptg016292l_1_region	33423	21309	0.64	0	4
ptg016293l_1	35972	190162	5.29	0	11
ptg016293l_1_region	35972	190162	5.29	0	11
ptg016294l_1	71549	511225	7.15	0	20
ptg016294l_1_region	71549	511225	7.15	0	20
ptg016295l_1	22510	32138	1.43	0	3
ptg016295l_1_region	22510	32138	1.43	0	3
ptg016296l_1	7390	38868	5.26	1	8
ptg016296l_1_region	7390	38868	5.26	1	8
ptg016297l_1	71146	259087	3.64	0	8
ptg016297l_1_region	71146	259087	3.64	0	8
ptg016302l_1	22825	16128	0.71	0	2
ptg016302l_1_region	22825	16128	0.71	0	2
ptg016307l_1	46709	114149	2.44	0	6
ptg016307l_1_region	46709	114149	2.44	0	6
ptg016309l_1	59338	296087	4.99	0	17
ptg016309l_1_region	59338	296087	4.99	0	17
ptg016312l_1	59909	142734	2.38	0	7
ptg016312l_1_region	59909	142734	2.38	0	7
ptg016318l_1	50415	450451	8.93	0	25
ptg016318l_1_region	50415	450451	8.93	0	25
ptg016321l_1	108606	343176	3.16	0	19
ptg016321l_1_region	108606	343176	3.16	0	19
ptg016327l_1	122693	1794003	14.62	0	53
ptg016327l_1_region	122693	1794003	14.62	0	53
ptg016333l_1	36639	54833	1.50	0	7
ptg016333l_1_region	36639	54833	1.50	0	7
ptg016335l_1	41807	227779	5.45	0	12
ptg016335l_1_region	41807	227779	5.45	0	12
ptg016336l_1	23765	150750	6.34	1	10
ptg016336l_1_region	23765	150750	6.34	1	10
ptg016337l_1	78913	164672	2.09	0	15
ptg016337l_1_region	78913	164672	2.09	0	15
ptg016339l_1	163011	1852873	11.37	0	23
ptg016339l_1_region	163011	1852873	11.37	0	23
ptg016340l_1	32832	89812	2.74	0	6
ptg016340l_1_region	32832	89812	2.74	0	6
ptg016341l_1	99435	2117414	21.29	0	59
ptg016341l_1_region	99435	2117414	21.29	0	59
ptg016351l_1	102684	780940	7.61	0	42
ptg016351l_1_region	102684	780940	7.61	0	42
ptg016355l_1	102581	501033	4.88	0	16
ptg016355l_1_region	102581	501033	4.88	0	16
ptg016359l_1	138382	1213368	8.77	0	41
ptg016359l_1_region	138382	1213368	8.77	0	41
ptg016364l_1	31126	207452	6.66	0	13
ptg016364l_1_region	31126	207452	6.66	0	13
ptg016368l_1	19470	9975	0.51	0	3
ptg016368l_1_region	19470	9975	0.51	0	3
ptg016379l_1	77849	161617	2.08	0	10
ptg016379l_1_region	77849	161617	2.08	0	10
ptg016389l_1	51400	323760	6.30	0	22
ptg016389l_1_region	51400	323760	6.30	0	22
ptg016408l_1	34315	73337	2.14	0	7
ptg016408l_1_region	34315	73337	2.14	0	7
ptg016422l_1	20986	81675	3.89	0	8
ptg016422l_1_region	20986	81675	3.89	0	8
ptg016427l_1	21749	20618	0.95	0	4
ptg016427l_1_region	21749	20618	0.95	0	4
ptg016430l_1	26609	56092	2.11	0	9
ptg016430l_1_region	26609	56092	2.11	0	9
ptg016437l_1	113826	164565	1.45	0	8
ptg016437l_1_region	113826	164565	1.45	0	8
ptg016451l_1	8814	34735	3.94	0	7
ptg016451l_1_region	8814	34735	3.94	0	7
ptg016453l_1	49081	240076	4.89	0	12
ptg016453l_1_region	49081	240076	4.89	0	12
ptg016457l_1	104683	958077	9.15	0	52
ptg016457l_1_region	104683	958077	9.15	0	52
ptg016460l_1	99687	511537	5.13	0	12
ptg016460l_1_region	99687	511537	5.13	0	12
ptg016462l_1	922974	6319402	6.85	0	34
ptg016462l_1_region	922974	6319402	6.85	0	34
ptg016467l_1	20414	35401	1.73	0	3
ptg016467l_1_region	20414	35401	1.73	0	3
ptg016473l_1	69400	347471	5.01	0	17
ptg016473l_1_region	69400	347471	5.01	0	17
ptg016484l_1	61046	448115	7.34	0	25
ptg016484l_1_region	61046	448115	7.34	0	25
ptg016491l_1	33726	132198	3.92	0	16
ptg016491l_1_region	33726	132198	3.92	0	16
ptg016492l_1	85089	719208	8.45	0	17
ptg016492l_1_region	85089	719208	8.45	0	17
ptg016493l_1	37819	198616	5.25	0	15
ptg016493l_1_region	37819	198616	5.25	0	15
ptg016494l_1	11974	48722	4.07	0	7
ptg016494l_1_region	11974	48722	4.07	0	7
ptg016496l_1	43283	560440	12.95	0	25
ptg016496l_1_region	43283	560440	12.95	0	25
ptg016498l_1	20932	64057	3.06	0	7
ptg016498l_1_region	20932	64057	3.06	0	7
ptg016500l_1	17123	60228	3.52	0	6
ptg016500l_1_region	17123	60228	3.52	0	6
ptg016504l_1	32902	68607	2.09	0	4
ptg016504l_1_region	32902	68607	2.09	0	4
ptg016509l_1	15040	125466	8.34	2	19
ptg016509l_1_region	15040	125466	8.34	2	19
ptg016510l_1	53819	272998	5.07	0	12
ptg016510l_1_region	53819	272998	5.07	0	12
ptg016515l_1	48132	235403	4.89	0	21
ptg016515l_1_region	48132	235403	4.89	0	21
ptg016520l_1	14224	11196	0.79	0	2
ptg016520l_1_region	14224	11196	0.79	0	2
ptg016529l_1	58429	576821	9.87	0	29
ptg016529l_1_region	58429	576821	9.87	0	29
ptg016533l_1	51506	305644	5.93	0	13
ptg016533l_1_region	51506	305644	5.93	0	13
ptg016540l_1	23707	13523	0.57	0	4
ptg016540l_1_region	23707	13523	0.57	0	4
ptg016547l_1	18686	9544	0.51	0	2
ptg016547l_1_region	18686	9544	0.51	0	2
ptg016549l_1	76820	395106	5.14	0	13
ptg016549l_1_region	76820	395106	5.14	0	13
ptg016550l_1	19407	142158	7.33	0	14
ptg016550l_1_region	19407	142158	7.33	0	14
ptg016562l_1	60371	375148	6.21	0	20
ptg016562l_1_region	60371	375148	6.21	0	20
ptg016572l_1	19082	76193	3.99	0	14
ptg016572l_1_region	19082	76193	3.99	0	14
ptg016573l_1	169678	1129754	6.66	0	20
ptg016573l_1_region	169678	1129754	6.66	0	20
ptg016576l_1	16822	110857	6.59	0	13
ptg016576l_1_region	16822	110857	6.59	0	13
ptg016585l_1	48910	341489	6.98	0	22
ptg016585l_1_region	48910	341489	6.98	0	22
ptg016612l_1	39789	98863	2.48	0	48
ptg016612l_1_region	39789	98863	2.48	0	48
ptg016615l_1	41572	54989	1.32	0	5
ptg016615l_1_region	41572	54989	1.32	0	5
ptg016623l_1	71669	612928	8.55	0	56
ptg016623l_1_region	71669	612928	8.55	0	56
ptg016627l_1	573522	2789303	4.86	0	91
ptg016627l_1_region	573522	2789303	4.86	0	91
ptg016653l_1	114561	708744	6.19	0	13
ptg016653l_1_region	114561	708744	6.19	0	13
ptg016656l_1	29636	85208	2.88	0	8
ptg016656l_1_region	29636	85208	2.88	0	8
ptg016657l_1	39642	106468	2.69	0	11
ptg016657l_1_region	39642	106468	2.69	0	11
ptg016682l_1	36008	107042	2.97	0	6
ptg016682l_1_region	36008	107042	2.97	0	6
ptg016692l_1	24982	175811	7.04	0	11
ptg016692l_1_region	24982	175811	7.04	0	11
ptg016697l_1	23995	93817	3.91	0	9
ptg016697l_1_region	23995	93817	3.91	0	9
ptg016702l_1	28860	154364	5.35	0	10
ptg016702l_1_region	28860	154364	5.35	0	10
ptg016704l_1	10321	79183	7.67	1	13
ptg016704l_1_region	10321	79183	7.67	1	13
ptg016709l_1	311200	2258917	7.26	0	23
ptg016709l_1_region	311200	2258917	7.26	0	23
ptg016711l_1	48726	740069	15.19	0	67
ptg016711l_1_region	48726	740069	15.19	0	67
ptg016715l_1	14307	24303	1.70	0	5
ptg016715l_1_region	14307	24303	1.70	0	5
ptg016716l_1	23809	23148	0.97	0	7
ptg016716l_1_region	23809	23148	0.97	0	7
ptg016719l_1	90095	403703	4.48	0	14
ptg016719l_1_region	90095	403703	4.48	0	14
ptg016720l_1	21895	204536	9.34	0	24
ptg016720l_1_region	21895	204536	9.34	0	24
ptg016728l_1	31533	199169	6.32	0	12
ptg016728l_1_region	31533	199169	6.32	0	12
ptg016729l_1	86923	789193	9.08	0	29
ptg016729l_1_region	86923	789193	9.08	0	29
ptg016733l_1	17889	46895	2.62	0	5
ptg016733l_1_region	17889	46895	2.62	0	5
ptg016734l_1	10349	65513	6.33	0	16
ptg016734l_1_region	10349	65513	6.33	0	16
ptg016735l_1	84812	319578	3.77	0	17
ptg016735l_1_region	84812	319578	3.77	0	17
ptg016739l_1	27889	117081	4.20	0	11
ptg016739l_1_region	27889	117081	4.20	0	11
ptg016744l_1	22494	129331	5.75	0	16
ptg016744l_1_region	22494	129331	5.75	0	16
ptg016746l_1	36745	285808	7.78	0	13
ptg016746l_1_region	36745	285808	7.78	0	13
ptg016747l_1	32666	435514	13.33	0	51
ptg016747l_1_region	32666	435514	13.33	0	51
ptg016749l_1	23720	182014	7.67	0	14
ptg016749l_1_region	23720	182014	7.67	0	14
ptg016750l_1	30872	170527	5.52	0	13
ptg016750l_1_region	30872	170527	5.52	0	13
ptg016752l_1	37605	243859	6.48	0	18
ptg016752l_1_region	37605	243859	6.48	0	18
ptg016753l_1	37793	436605	11.55	0	24
ptg016753l_1_region	37793	436605	11.55	0	24
ptg016755l_1	71672	792759	11.06	1	23
ptg016755l_1_region	71672	792759	11.06	1	23
ptg016756l_1	26989	102624	3.80	0	7
ptg016756l_1_region	26989	102624	3.80	0	7
ptg016757l_1	29818	49573	1.66	0	5
ptg016757l_1_region	29818	49573	1.66	0	5
ptg016758l_1	23060	81864	3.55	0	7
ptg016758l_1_region	23060	81864	3.55	0	7
ptg016759l_1	35710	127045	3.56	0	6
ptg016759l_1_region	35710	127045	3.56	0	6
ptg016760l_1	32656	41191	1.26	0	5
ptg016760l_1_region	32656	41191	1.26	0	5
ptg016761l_1	21517	64645	3.00	0	5
ptg016761l_1_region	21517	64645	3.00	0	5
ptg016762l_1	68866	47429	0.69	0	3
ptg016762l_1_region	68866	47429	0.69	0	3
ptg016763l_1	27813	83608	3.01	0	7
ptg016763l_1_region	27813	83608	3.01	0	7
ptg016765l_1	29571	310128	10.49	0	22
ptg016765l_1_region	29571	310128	10.49	0	22
ptg016767l_1	79222	916446	11.57	0	23
ptg016767l_1_region	79222	916446	11.57	0	23
ptg016768l_1	47737	319185	6.69	0	27
ptg016768l_1_region	47737	319185	6.69	0	27
ptg016769l_1	32759	48721	1.49	0	5
ptg016769l_1_region	32759	48721	1.49	0	5
ptg016770l_1	26235	135941	5.18	0	16
ptg016770l_1_region	26235	135941	5.18	0	16
ptg016771l_1	70282	522233	7.43	0	29
ptg016771l_1_region	70282	522233	7.43	0	29
ptg016775l_1	55314	294539	5.32	0	19
ptg016775l_1_region	55314	294539	5.32	0	19
ptg016787l_1	22182	241031	10.87	0	26
ptg016787l_1_region	22182	241031	10.87	0	26
ptg016789l_1	56492	396858	7.03	0	13
ptg016789l_1_region	56492	396858	7.03	0	13
ptg016790l_1	33258	133242	4.01	0	12
ptg016790l_1_region	33258	133242	4.01	0	12
ptg016791l_1	71407	535899	7.50	0	20
ptg016791l_1_region	71407	535899	7.50	0	20
ptg016792l_1	108077	45698	0.42	0	4
ptg016792l_1_region	108077	45698	0.42	0	4
ptg016793l_1	76128	296957	3.90	0	10
ptg016793l_1_region	76128	296957	3.90	0	10
ptg016794l_1	19075	152226	7.98	0	17
ptg016794l_1_region	19075	152226	7.98	0	17
ptg016797l_1	76332	29469	0.39	0	3
ptg016797l_1_region	76332	29469	0.39	0	3
ptg016798l_1	29352	69734	2.38	0	6
ptg016798l_1_region	29352	69734	2.38	0	6
ptg016799l_1	84174	519761	6.17	0	19
ptg016799l_1_region	84174	519761	6.17	0	19
ptg016830l_1	14523	74581	5.14	0	12
ptg016830l_1_region	14523	74581	5.14	0	12
ptg016839l_1	14384	25201	1.75	0	5
ptg016839l_1_region	14384	25201	1.75	0	5
ptg016842l_1	24100	215254	8.93	1	23
ptg016842l_1_region	24100	215254	8.93	1	23
ptg016846l_1	31808	303961	9.56	0	17
ptg016846l_1_region	31808	303961	9.56	0	17
ptg016849l_1	74913	264593	3.53	0	13
ptg016849l_1_region	74913	264593	3.53	0	13
ptg016850l_1	35490	100877	2.84	0	10
ptg016850l_1_region	35490	100877	2.84	0	10
ptg016853l_1	10239	55775	5.45	0	10
ptg016853l_1_region	10239	55775	5.45	0	10
ptg016854l_1	66169	91797	1.39	0	8
ptg016854l_1_region	66169	91797	1.39	0	8
ptg016857l_1	37208	122616	3.30	0	13
ptg016857l_1_region	37208	122616	3.30	0	13
ptg016869l_1	33424	225918	6.76	0	13
ptg016869l_1_region	33424	225918	6.76	0	13
ptg016871l_1	23351	168180	7.20	0	13
ptg016871l_1_region	23351	168180	7.20	0	13
ptg016881l_1	16021	192644	12.02	0	20
ptg016881l_1_region	16021	192644	12.02	0	20
ptg016892l_1	40462	252963	6.25	0	14
ptg016892l_1_region	40462	252963	6.25	0	14
ptg016909l_1	23038	72465	3.15	0	6
ptg016909l_1_region	23038	72465	3.15	0	6
ptg016910l_1	38317	232995	6.08	0	19
ptg016910l_1_region	38317	232995	6.08	0	19
ptg016911l_1	22748	113636	5.00	0	9
ptg016911l_1_region	22748	113636	5.00	0	9
ptg016917l_1	90817	1311243	14.44	0	43
ptg016917l_1_region	90817	1311243	14.44	0	43
ptg016919l_1	22047	80862	3.67	0	7
ptg016919l_1_region	22047	80862	3.67	0	7
ptg016933l_1	36044	53075	1.47	0	5
ptg016933l_1_region	36044	53075	1.47	0	5
ptg016944l_1	23820	194153	8.15	0	14
ptg016944l_1_region	23820	194153	8.15	0	14
ptg016950l_1	35743	515260	14.42	0	68
ptg016950l_1_region	35743	515260	14.42	0	68
ptg016960l_1	44786	92488	2.07	0	17
ptg016960l_1_region	44786	92488	2.07	0	17
ptg016966l_1	177559	939417	5.29	0	24
ptg016966l_1_region	177559	939417	5.29	0	24
ptg016968l_1	15022	103596	6.90	0	12
ptg016968l_1_region	15022	103596	6.90	0	12
ptg016971l_1	39517	410479	10.39	0	22
ptg016971l_1_region	39517	410479	10.39	0	22
ptg016974l_1	13983	52715	3.77	0	7
ptg016974l_1_region	13983	52715	3.77	0	7
ptg016979l_1	19992	105584	5.28	0	12
ptg016979l_1_region	19992	105584	5.28	0	12
ptg016980l_1	312098	13756933	44.08	0	110
ptg016980l_1_region	312098	13756933	44.08	0	110
ptg016982l_1	24696	109375	4.43	0	14
ptg016982l_1_region	24696	109375	4.43	0	14
ptg016986l_1	25508	38804	1.52	0	5
ptg016986l_1_region	25508	38804	1.52	0	5
ptg017001l_1	16610	52602	3.17	0	5
ptg017001l_1_region	16610	52602	3.17	0	5
ptg017005l_1	68016	220446	3.24	0	11
ptg017005l_1_region	68016	220446	3.24	0	11
ptg017006l_1	19693	41956	2.13	0	7
ptg017006l_1_region	19693	41956	2.13	0	7
ptg017011l_1	18468	99107	5.37	0	10
ptg017011l_1_region	18468	99107	5.37	0	10
ptg017015l_1	67632	246781	3.65	0	15
ptg017015l_1_region	67632	246781	3.65	0	15
ptg017016l_1	82032	2964094	36.13	0	108
ptg017016l_1_region	82032	2964094	36.13	0	108
ptg017019l_1	27559	430976	15.64	0	57
ptg017019l_1_region	27559	430976	15.64	0	57
ptg017020c_1	12886	85563	6.64	0	12
ptg017020c_1_region	12886	85563	6.64	0	12
ptg017021l_1	32251	330404	10.24	0	19
ptg017021l_1_region	32251	330404	10.24	0	19
ptg017023l_1	122757	168265	1.37	0	11
ptg017023l_1_region	122757	168265	1.37	0	11
ptg017026l_1	40800	198301	4.86	0	11
ptg017026l_1_region	40800	198301	4.86	0	11
ptg017030l_1	29714	219777	7.40	0	16
ptg017030l_1_region	29714	219777	7.40	0	16
ptg017032l_1	112656	295471	2.62	0	21
ptg017032l_1_region	112656	295471	2.62	0	21
ptg017035l_1	12597	7496	0.60	0	1
ptg017035l_1_region	12597	7496	0.60	0	1
ptg017036l_1	31278	61456	1.96	0	4
ptg017036l_1_region	31278	61456	1.96	0	4
ptg017038l_1	25732	49017	1.90	0	4
ptg017038l_1_region	25732	49017	1.90	0	4
ptg017039l_1	40933	303990	7.43	0	22
ptg017039l_1_region	40933	303990	7.43	0	22
ptg017042l_1	66142	177984	2.69	0	11
ptg017042l_1_region	66142	177984	2.69	0	11
ptg017057l_1	23601	41128	1.74	0	5
ptg017057l_1_region	23601	41128	1.74	0	5
ptg017059l_1	79793	382661	4.80	0	19
ptg017059l_1_region	79793	382661	4.80	0	19
ptg017066l_1	54179	466616	8.61	0	15
ptg017066l_1_region	54179	466616	8.61	0	15
ptg017071l_1	36480	82466	2.26	0	9
ptg017071l_1_region	36480	82466	2.26	0	9
ptg017076l_1	49402	895673	18.13	0	47
ptg017076l_1_region	49402	895673	18.13	0	47
ptg017091l_1	40149	279071	6.95	0	12
ptg017091l_1_region	40149	279071	6.95	0	12
ptg017095l_1	28892	177536	6.14	0	46
ptg017095l_1_region	28892	177536	6.14	0	46
ptg017102l_1	26258	177752	6.77	0	31
ptg017102l_1_region	26258	177752	6.77	0	31
ptg017103l_1	59049	350298	5.93	0	20
ptg017103l_1_region	59049	350298	5.93	0	20
ptg017117l_1	13097	4170949	318.47	5	497
ptg017117l_1_region	13097	4170949	318.47	5	497
ptg017118l_1	11233	15476	1.38	0	4
ptg017118l_1_region	11233	15476	1.38	0	4
ptg017121l_1	26472	92776	3.50	0	7
ptg017121l_1_region	26472	92776	3.50	0	7
ptg017149l_1	10552	35258	3.34	0	7
ptg017149l_1_region	10552	35258	3.34	0	7
ptg017155l_1	27745	151546	5.46	0	17
ptg017155l_1_region	27745	151546	5.46	0	17
ptg017166l_1	95346	1291721	13.55	0	38
ptg017166l_1_region	95346	1291721	13.55	0	38
ptg017169l_1	39566	134912	3.41	0	8
ptg017169l_1_region	39566	134912	3.41	0	8
ptg017179l_1	6452	3899	0.60	0	1
ptg017179l_1_region	6452	3899	0.60	0	1
ptg017180l_1	20212	83108	4.11	0	11
ptg017180l_1_region	20212	83108	4.11	0	11
ptg017184l_1	34630	159193	4.60	0	12
ptg017184l_1_region	34630	159193	4.60	0	12
ptg017189l_1	22947	165556	7.21	0	20
ptg017189l_1_region	22947	165556	7.21	0	20
ptg017195l_1	19180	213930	11.15	2	17
ptg017195l_1_region	19180	213930	11.15	2	17
ptg017201l_1	38415	9354	0.24	0	1
ptg017201l_1_region	38415	9354	0.24	0	1
ptg017205l_1	18416	97355	5.29	0	10
ptg017205l_1_region	18416	97355	5.29	0	10
ptg017206l_1	37970	80497	2.12	0	5
ptg017206l_1_region	37970	80497	2.12	0	5
ptg017207l_1	24828	189406	7.63	0	20
ptg017207l_1_region	24828	189406	7.63	0	20
ptg017209l_1	59742	106211	1.78	0	6
ptg017209l_1_region	59742	106211	1.78	0	6
ptg017214l_1	32731	283685	8.67	0	17
ptg017214l_1_region	32731	283685	8.67	0	17
ptg017217l_1	44042	103955	2.36	0	4
ptg017217l_1_region	44042	103955	2.36	0	4
ptg017218l_1	81461	857811	10.53	0	40
ptg017218l_1_region	81461	857811	10.53	0	40
ptg017219l_1	49499	4728	0.10	0	1
ptg017219l_1_region	49499	4728	0.10	0	1
ptg017221l_1	56877	154674	2.72	0	21
ptg017221l_1_region	56877	154674	2.72	0	21
ptg017223l_1	39563	258723	6.54	0	15
ptg017223l_1_region	39563	258723	6.54	0	15
ptg017229l_1	50947	167101	3.28	0	7
ptg017229l_1_region	50947	167101	3.28	0	7
ptg017231l_1	12518	46931	3.75	0	8
ptg017231l_1_region	12518	46931	3.75	0	8
ptg017234l_1	13936	27806	2.00	0	8
ptg017234l_1_region	13936	27806	2.00	0	8
ptg017236l_1	13326	43194	3.24	0	340
ptg017236l_1_region	13326	43194	3.24	0	340
ptg017240l_1	31745	174968	5.51	0	14
ptg017240l_1_region	31745	174968	5.51	0	14
ptg017259l_1	16567	73948	4.46	0	13
ptg017259l_1_region	16567	73948	4.46	0	13
ptg017265l_1	19827	503291	25.38	0	39
ptg017265l_1_region	19827	503291	25.38	0	39
ptg017269l_1	41680	185146	4.44	0	16
ptg017269l_1_region	41680	185146	4.44	0	16
ptg017271l_1	18085	54521	3.01	0	8
ptg017271l_1_region	18085	54521	3.01	0	8
ptg017274l_1	30335	160617	5.29	0	14
ptg017274l_1_region	30335	160617	5.29	0	14
ptg017281l_1	29399	86999	2.96	0	7
ptg017281l_1_region	29399	86999	2.96	0	7
ptg017284l_1	9763	49767	5.10	1	8
ptg017284l_1_region	9763	49767	5.10	1	8
ptg017285l_1	13233	16757	1.27	0	5
ptg017285l_1_region	13233	16757	1.27	0	5
ptg017286l_1	57407	212972	3.71	0	10
ptg017286l_1_region	57407	212972	3.71	0	10
ptg017295l_1	26607	33096	1.24	0	5
ptg017295l_1_region	26607	33096	1.24	0	5
ptg017296l_1	15634	46403	2.97	0	6
ptg017296l_1_region	15634	46403	2.97	0	6
ptg017297l_1	16300	45313	2.78	0	11
ptg017297l_1_region	16300	45313	2.78	0	11
ptg017299l_1	22835	159528	6.99	0	41
ptg017299l_1_region	22835	159528	6.99	0	41
ptg017302l_1	37692	190135	5.04	0	13
ptg017302l_1_region	37692	190135	5.04	0	13
ptg017303l_1	17359	74024	4.26	0	8
ptg017303l_1_region	17359	74024	4.26	0	8
ptg017304l_1	37666	921125	24.46	0	97
ptg017304l_1_region	37666	921125	24.46	0	97
ptg017313l_1	6960	14761	2.12	1	5
ptg017313l_1_region	6960	14761	2.12	1	5
ptg017324l_1	65911	365156	5.54	0	16
ptg017324l_1_region	65911	365156	5.54	0	16
ptg017325l_1	225551	1461963	6.48	0	18
ptg017325l_1_region	225551	1461963	6.48	0	18
ptg017327l_1	29957	114312	3.82	0	9
ptg017327l_1_region	29957	114312	3.82	0	9
ptg017330l_1	37299	1640081	43.97	1	104
ptg017330l_1_region	37299	1640081	43.97	1	104
ptg017332l_1	27524	750	0.03	0	1
ptg017332l_1_region	27524	750	0.03	0	1
ptg017338l_1	48691	359438	7.38	0	14
ptg017338l_1_region	48691	359438	7.38	0	14
ptg017341l_1	28568	185926	6.51	0	26
ptg017341l_1_region	28568	185926	6.51	0	26
ptg017343l_1	16660	5747	0.34	0	1
ptg017343l_1_region	16660	5747	0.34	0	1
ptg017344l_1	20222	28098	1.39	0	3
ptg017344l_1_region	20222	28098	1.39	0	3
ptg017346l_1	69356	585249	8.44	0	27
ptg017346l_1_region	69356	585249	8.44	0	27
ptg017348l_1	24487	96795	3.95	0	11
ptg017348l_1_region	24487	96795	3.95	0	11
ptg017351l_1	35752	201686	5.64	0	11
ptg017351l_1_region	35752	201686	5.64	0	11
ptg017365l_1	31764	63491	2.00	0	5
ptg017365l_1_region	31764	63491	2.00	0	5
ptg017379l_1	16667	28976	1.74	0	4
ptg017379l_1_region	16667	28976	1.74	0	4
ptg017382l_1	18623	65637	3.52	0	7
ptg017382l_1_region	18623	65637	3.52	0	7
ptg017386l_1	24046	105977	4.41	0	8
ptg017386l_1_region	24046	105977	4.41	0	8
ptg017392l_1	55750	574288	10.30	0	36
ptg017392l_1_region	55750	574288	10.30	0	36
ptg017398l_1	59062	152176	2.58	0	7
ptg017398l_1_region	59062	152176	2.58	0	7
ptg017408l_1	7059	19787	2.80	0	5
ptg017408l_1_region	7059	19787	2.80	0	5
ptg017410l_1	34650	222472	6.42	0	18
ptg017410l_1_region	34650	222472	6.42	0	18
ptg017415l_1	11726	11067	0.94	0	2
ptg017415l_1_region	11726	11067	0.94	0	2
ptg017423l_1	17073	85847	5.03	0	9
ptg017423l_1_region	17073	85847	5.03	0	9
ptg017431l_1	50361	232858	4.62	0	8
ptg017431l_1_region	50361	232858	4.62	0	8
ptg017434l_1	27746	67400	2.43	0	8
ptg017434l_1_region	27746	67400	2.43	0	8
ptg017437l_1	24911	76394	3.07	0	6
ptg017437l_1_region	24911	76394	3.07	0	6
ptg017443l_1	23152	56479	2.44	0	5
ptg017443l_1_region	23152	56479	2.44	0	5
ptg017447l_1	98373	2651921	26.96	0	122
ptg017447l_1_region	98373	2651921	26.96	0	122
ptg017448l_1	50769	372908	7.35	0	22
ptg017448l_1_region	50769	372908	7.35	0	22
ptg017449l_1	27010	35194	1.30	0	5
ptg017449l_1_region	27010	35194	1.30	0	5
ptg017450l_1	40934	300265	7.34	0	18
ptg017450l_1_region	40934	300265	7.34	0	18
ptg017454l_1	45645	55674	1.22	0	4
ptg017454l_1_region	45645	55674	1.22	0	4
ptg017488l_1	58083	439253	7.56	0	33
ptg017488l_1_region	58083	439253	7.56	0	33
ptg017498l_1	38654	45525	1.18	0	4
ptg017498l_1_region	38654	45525	1.18	0	4
ptg017520l_1	409113	4942554	12.08	0	233
ptg017520l_1_region	409113	4942554	12.08	0	233
ptg017552l_1	24458	204412	8.36	0	15
ptg017552l_1_region	24458	204412	8.36	0	15
ptg017553l_1	18987	38863	2.05	0	6
ptg017553l_1_region	18987	38863	2.05	0	6
ptg017564l_1	47544	74027	1.56	0	13
ptg017564l_1_region	47544	74027	1.56	0	13
ptg017582l_1	40029	294746	7.36	0	21
ptg017582l_1_region	40029	294746	7.36	0	21
ptg017583l_1	15496	76838	4.96	0	8
ptg017583l_1_region	15496	76838	4.96	0	8
ptg017595l_1	18437	108329	5.88	0	12
ptg017595l_1_region	18437	108329	5.88	0	12
ptg017604l_1	352575	3738744	10.60	0	31
ptg017604l_1_region	352575	3738744	10.60	0	31
ptg017606l_1	32590	286895	8.80	0	22
ptg017606l_1_region	32590	286895	8.80	0	22
ptg017614l_1	29178	583573	20.00	0	61
ptg017614l_1_region	29178	583573	20.00	0	61
ptg017617l_1	87577	671298	7.67	0	162
ptg017617l_1_region	87577	671298	7.67	0	162
ptg017629l_1	401323	2442740	6.09	0	51
ptg017629l_1_region	401323	2442740	6.09	0	51
ptg017638l_1	21678	239489	11.05	0	48
ptg017638l_1_region	21678	239489	11.05	0	48
ptg017650l_1	34680	101509	2.93	0	7
ptg017650l_1_region	34680	101509	2.93	0	7
ptg017660l_1	66246	426897	6.44	0	24
ptg017660l_1_region	66246	426897	6.44	0	24
ptg017669l_1	286913	2435870	8.49	0	59
ptg017669l_1_region	286913	2435870	8.49	0	59
ptg017670l_1	117909	806035	6.84	0	34
ptg017670l_1_region	117909	806035	6.84	0	34
ptg017681l_1	84139	444545	5.28	0	14
ptg017681l_1_region	84139	444545	5.28	0	14
ptg017723l_1	738916	4699294	6.36	0	48
ptg017723l_1_region	738916	4699294	6.36	0	48
ptg017741l_1	40788	646116	15.84	0	52
ptg017741l_1_region	40788	646116	15.84	0	52
ptg017746l_1	18886	154264	8.17	0	24
ptg017746l_1_region	18886	154264	8.17	0	24
ptg017747c_1	53925	608419	11.28	0	37
ptg017747c_1_region	53925	608419	11.28	0	37
ptg017768l_1	40784	208008	5.10	0	16
ptg017768l_1_region	40784	208008	5.10	0	16
ptg017770l_1	165391	524113	3.17	0	14
ptg017770l_1_region	165391	524113	3.17	0	14
ptg017783l_1	13278	19717	1.48	0	3
ptg017783l_1_region	13278	19717	1.48	0	3
ptg017789l_1	23857	57231	2.40	0	7
ptg017789l_1_region	23857	57231	2.40	0	7
ptg017804l_1	110895	201975	1.82	0	9
ptg017804l_1_region	110895	201975	1.82	0	9
ptg017806l_1	418078	4568252	10.93	0	156
ptg017806l_1_region	418078	4568252	10.93	0	156
ptg017845l_1	15541	41812	2.69	0	8
ptg017845l_1_region	15541	41812	2.69	0	8
ptg017857l_1	41585	141273	3.40	0	7
ptg017857l_1_region	41585	141273	3.40	0	7
ptg017858l_1	26402	90375	3.42	0	9
ptg017858l_1_region	26402	90375	3.42	0	9
ptg017864l_1	103746	434371	4.19	0	33
ptg017864l_1_region	103746	434371	4.19	0	33
ptg017867l_1	210600	1862826	8.85	0	44
ptg017867l_1_region	210600	1862826	8.85	0	44
ptg017874l_1	28479	84627	2.97	0	29
ptg017874l_1_region	28479	84627	2.97	0	29
ptg017876l_1	48408	74149	1.53	0	7
ptg017876l_1_region	48408	74149	1.53	0	7
ptg017881l_1	499837	19112445	38.24	0	412
ptg017881l_1_region	499837	19112445	38.24	0	412
ptg017891l_1	28561	184017	6.44	0	14
ptg017891l_1_region	28561	184017	6.44	0	14
ptg017893l_1	112229	681444	6.07	0	45
ptg017893l_1_region	112229	681444	6.07	0	45
ptg017912l_1	89452	441584	4.94	0	16
ptg017912l_1_region	89452	441584	4.94	0	16
ptg017914l_1	149754	407030	2.72	0	24
ptg017914l_1_region	149754	407030	2.72	0	24
ptg017944l_1	51905	460857	8.88	0	43
ptg017944l_1_region	51905	460857	8.88	0	43
ptg017958l_1	150591	1344289	8.93	0	35
ptg017958l_1_region	150591	1344289	8.93	0	35
ptg017966l_1	18037	46813	2.60	0	6
ptg017966l_1_region	18037	46813	2.60	0	6
ptg017970l_1	26065	943492	36.20	0	127
ptg017970l_1_region	26065	943492	36.20	0	127
ptg017979l_1	508306	2762720	5.44	0	35
ptg017979l_1_region	508306	2762720	5.44	0	35
ptg017992l_1	251900	441060	1.75	0	28
ptg017992l_1_region	251900	441060	1.75	0	28
ptg018010l_1	86469	326762	3.78	0	10
ptg018010l_1_region	86469	326762	3.78	0	10
ptg018034l_1	226342	442601	1.96	0	16
ptg018034l_1_region	226342	442601	1.96	0	16
ptg018037l_1	307679	1067828	3.47	0	27
ptg018037l_1_region	307679	1067828	3.47	0	27
ptg018073l_1	57154	3345	0.06	0	1
ptg018073l_1_region	57154	3345	0.06	0	1
ptg018105l_1	47031	458182	9.74	0	21
ptg018105l_1_region	47031	458182	9.74	0	21
ptg018106l_1	63041	35421	0.56	0	5
ptg018106l_1_region	63041	35421	0.56	0	5
ptg018108l_1	45875	23987	0.52	0	4
ptg018108l_1_region	45875	23987	0.52	0	4
ptg018121l_1	34603	293426	8.48	0	16
ptg018121l_1_region	34603	293426	8.48	0	16
ptg018147l_1	155760	732299	4.70	0	36
ptg018147l_1_region	155760	732299	4.70	0	36
ptg018160l_1	78346	550632	7.03	0	16
ptg018160l_1_region	78346	550632	7.03	0	16
ptg018184l_1	87608	565106	6.45	0	38
ptg018184l_1_region	87608	565106	6.45	0	38
ptg018203l_1	2158817	17197574	7.97	0	31
ptg018203l_1_region	2158817	17197574	7.97	0	31
ptg018213l_1	15835	97361	6.15	0	9
ptg018213l_1_region	15835	97361	6.15	0	9
ptg018215l_1	67060	507433	7.57	0	46
ptg018215l_1_region	67060	507433	7.57	0	46
ptg018218l_1	37019	129492	3.50	0	13
ptg018218l_1_region	37019	129492	3.50	0	13
ptg018232l_1	26376	172244	6.53	0	16
ptg018232l_1_region	26376	172244	6.53	0	16
ptg018277l_1	22967	97761	4.26	0	8
ptg018277l_1_region	22967	97761	4.26	0	8
ptg018290l_1	18247	69228	3.79	0	10
ptg018290l_1_region	18247	69228	3.79	0	10
ptg018294l_1	27798	145238	5.22	0	16
ptg018294l_1_region	27798	145238	5.22	0	16
ptg018296l_1	26293	10800	0.41	0	3
ptg018296l_1_region	26293	10800	0.41	0	3
ptg018311l_1	24333	140205	5.76	0	11
ptg018311l_1_region	24333	140205	5.76	0	11
ptg018314l_1	140686	2735326	19.44	0	163
ptg018314l_1_region	140686	2735326	19.44	0	163
ptg018333l_1	24095	18163	0.75	0	5
ptg018333l_1_region	24095	18163	0.75	0	5
ptg018349l_1	28903	12282	0.42	0	7
ptg018349l_1_region	28903	12282	0.42	0	7
ptg018353l_1	30606	1469	0.05	0	1
ptg018353l_1_region	30606	1469	0.05	0	1
ptg018357l_1	16662	21094	1.27	0	30
ptg018357l_1_region	16662	21094	1.27	0	30
ptg018360l_1	163863	473102	2.89	0	41
ptg018360l_1_region	163863	473102	2.89	0	41
ptg018380l_1	602480	4059616	6.74	0	26
ptg018380l_1_region	602480	4059616	6.74	0	26
ptg018401l_1	27625	147326	5.33	0	9
ptg018401l_1_region	27625	147326	5.33	0	9
ptg018405l_1	44463	214993	4.84	0	12
ptg018405l_1_region	44463	214993	4.84	0	12
ptg018415l_1	45127	780382	17.29	0	93
ptg018415l_1_region	45127	780382	17.29	0	93
ptg018426l_1	27680	134623	4.86	0	9
ptg018426l_1_region	27680	134623	4.86	0	9
ptg018449l_1	22387	44495	1.99	0	7
ptg018449l_1_region	22387	44495	1.99	0	7
ptg018459l_1	44669	4955	0.11	0	4
ptg018459l_1_region	44669	4955	0.11	0	4
ptg018475l_1	90279	560880	6.21	0	36
ptg018475l_1_region	90279	560880	6.21	0	36
ptg018490l_1	19666	44411	2.26	0	7
ptg018490l_1_region	19666	44411	2.26	0	7
ptg018493l_1	35804	44822	1.25	0	3
ptg018493l_1_region	35804	44822	1.25	0	3
ptg018494l_1	60577	8081	0.13	0	1
ptg018494l_1_region	60577	8081	0.13	0	1
ptg018515l_1	20126	9997	0.50	0	1
ptg018515l_1_region	20126	9997	0.50	0	1
ptg018536l_1	64549	1894242	29.35	0	78
ptg018536l_1_region	64549	1894242	29.35	0	78
ptg018540l_1	190981	2395358	12.54	0	117
ptg018540l_1_region	190981	2395358	12.54	0	117
ptg018548l_1	42825	222147	5.19	0	17
ptg018548l_1_region	42825	222147	5.19	0	17
ptg018581l_1	11484	8226	0.72	0	1
ptg018581l_1_region	11484	8226	0.72	0	1
ptg018595l_1	213378	1499043	7.03	0	16
ptg018595l_1_region	213378	1499043	7.03	0	16
ptg018606l_1	64550	175678	2.72	0	9
ptg018606l_1_region	64550	175678	2.72	0	9
ptg018611l_1	52005	368643	7.09	0	15
ptg018611l_1_region	52005	368643	7.09	0	15
ptg018630l_1	39630	457083	11.53	0	35
ptg018630l_1_region	39630	457083	11.53	0	35
ptg018637l_1	15895	121771	7.66	0	16
ptg018637l_1_region	15895	121771	7.66	0	16
ptg018654l_1	56047	201117	3.59	0	10
ptg018654l_1_region	56047	201117	3.59	0	10
ptg018665l_1	24779	143838	5.80	0	9
ptg018665l_1_region	24779	143838	5.80	0	9
ptg018690l_1	16183	168320	10.40	1	21
ptg018690l_1_region	16183	168320	10.40	1	21
ptg018705l_1	25303	16985	0.67	0	1
ptg018705l_1_region	25303	16985	0.67	0	1
ptg018711l_1	19993	432972	21.66	0	55
ptg018711l_1_region	19993	432972	21.66	0	55
ptg018729l_1	29416	261327	8.88	0	21
ptg018729l_1_region	29416	261327	8.88	0	21
ptg018731l_1	30493	206805	6.78	0	11
ptg018731l_1_region	30493	206805	6.78	0	11
ptg018754l_1	267293	2226305	8.33	0	66
ptg018754l_1_region	267293	2226305	8.33	0	66
ptg018757l_1	30255	134644	4.45	1	7
ptg018757l_1_region	30255	134644	4.45	1	7
ptg018792l_1	453607	1892047	4.17	0	20
ptg018792l_1_region	453607	1892047	4.17	0	20
ptg018799l_1	29306	90411	3.09	0	6
ptg018799l_1_region	29306	90411	3.09	0	6
ptg018801l_1	18973	69692	3.67	0	7
ptg018801l_1_region	18973	69692	3.67	0	7
ptg018818l_1	33608	98297	2.92	0	7
ptg018818l_1_region	33608	98297	2.92	0	7
ptg018819l_1	10250	45270	4.42	0	7
ptg018819l_1_region	10250	45270	4.42	0	7
ptg018822l_1	12037	33995	2.82	0	5
ptg018822l_1_region	12037	33995	2.82	0	5
ptg018825l_1	22734	69487	3.06	0	10
ptg018825l_1_region	22734	69487	3.06	0	10
ptg018841l_1	40685	137076	3.37	0	12
ptg018841l_1_region	40685	137076	3.37	0	12
ptg018842l_1	18339	107875	5.88	2	12
ptg018842l_1_region	18339	107875	5.88	2	12
ptg018848l_1	47266	160223	3.39	0	16
ptg018848l_1_region	47266	160223	3.39	0	16
ptg018853l_1	54130	594620	10.99	0	33
ptg018853l_1_region	54130	594620	10.99	0	33
ptg018880l_1	70151	2583474	36.83	0	473
ptg018880l_1_region	70151	2583474	36.83	0	473
ptg018892l_1	35073	262550	7.49	0	27
ptg018892l_1_region	35073	262550	7.49	0	27
ptg018905l_1	184187	1645708	8.93	0	48
ptg018905l_1_region	184187	1645708	8.93	0	48
ptg018910l_1	23145	20939	0.90	0	3
ptg018910l_1_region	23145	20939	0.90	0	3
ptg018913l_1	20279	1539	0.08	0	7
ptg018913l_1_region	20279	1539	0.08	0	7
ptg018921l_1	49761	402904	8.10	1	19
ptg018921l_1_region	49761	402904	8.10	1	19
ptg018929l_1	123319	1025517	8.32	0	39
ptg018929l_1_region	123319	1025517	8.32	0	39
ptg018974l_1	27019	117652	4.35	0	15
ptg018974l_1_region	27019	117652	4.35	0	15
ptg018989l_1	21989	140252	6.38	0	27
ptg018989l_1_region	21989	140252	6.38	0	27
ptg018999l_1	66332	666019	10.04	0	34
ptg018999l_1_region	66332	666019	10.04	0	34
ptg019003l_1	92005	446716	4.86	0	25
ptg019003l_1_region	92005	446716	4.86	0	25
ptg019011l_1	302421	2084411	6.89	0	29
ptg019011l_1_region	302421	2084411	6.89	0	29
ptg019024l_1	125266	1148075	9.17	0	42
ptg019024l_1_region	125266	1148075	9.17	0	42
ptg019048l_1	53093	267723	5.04	0	12
ptg019048l_1_region	53093	267723	5.04	0	12
ptg019063l_1	18726	37395	2.00	0	8
ptg019063l_1_region	18726	37395	2.00	0	8
ptg019090l_1	10531	62854	5.97	0	37
ptg019090l_1_region	10531	62854	5.97	0	37
ptg019092l_1	28560	90946	3.18	0	24
ptg019092l_1_region	28560	90946	3.18	0	24
ptg019098l_1	42377	223614	5.28	0	11
ptg019098l_1_region	42377	223614	5.28	0	11
ptg019100l_1	91225	604238	6.62	0	20
ptg019100l_1_region	91225	604238	6.62	0	20
ptg019116l_1	12408	48401	3.90	0	11
ptg019116l_1_region	12408	48401	3.90	0	11
ptg019118l_1	17421	35334	2.03	0	5
ptg019118l_1_region	17421	35334	2.03	0	5
ptg019126l_1	28480	164837	5.79	1	14
ptg019126l_1_region	28480	164837	5.79	1	14
ptg019129l_1	11252	1990	0.18	0	1
ptg019129l_1_region	11252	1990	0.18	0	1
ptg019135l_1	18087	125190	6.92	0	25
ptg019135l_1_region	18087	125190	6.92	0	25
ptg019152l_1	17912	22334	1.25	0	4
ptg019152l_1_region	17912	22334	1.25	0	4
ptg019164l_1	68587	44985	0.66	0	7
ptg019164l_1_region	68587	44985	0.66	0	7
ptg019168l_1	30529	324871	10.64	0	23
ptg019168l_1_region	30529	324871	10.64	0	23
ptg019171l_1	44028	173529	3.94	0	13
ptg019171l_1_region	44028	173529	3.94	0	13
ptg019177l_1	36435	242514	6.66	0	22
ptg019177l_1_region	36435	242514	6.66	0	22
ptg019179l_1	16784	65569	3.91	0	23
ptg019179l_1_region	16784	65569	3.91	0	23
ptg019186l_1	44098	500647	11.35	0	47
ptg019186l_1_region	44098	500647	11.35	0	47
ptg019200l_1	29417	70736	2.40	0	5
ptg019200l_1_region	29417	70736	2.40	0	5
ptg019219l_1	22930	23077	1.01	0	14
ptg019219l_1_region	22930	23077	1.01	0	14
ptg019234l_1	20285	43940	2.17	0	9
ptg019234l_1_region	20285	43940	2.17	0	9
ptg019246l_1	67533	277309	4.11	0	13
ptg019246l_1_region	67533	277309	4.11	0	13
ptg019254l_1	76586	598153	7.81	0	30
ptg019254l_1_region	76586	598153	7.81	0	30
ptg019262l_1	15030	43912	2.92	0	7
ptg019262l_1_region	15030	43912	2.92	0	7
ptg019265l_1	62709	267055	4.26	0	14
ptg019265l_1_region	62709	267055	4.26	0	14
ptg019276l_1	144282	799501	5.54	0	76
ptg019276l_1_region	144282	799501	5.54	0	76
ptg019280l_1	126826	610246	4.81	0	13
ptg019280l_1_region	126826	610246	4.81	0	13
ptg019281l_1	39198	149368	3.81	0	16
ptg019281l_1_region	39198	149368	3.81	0	16
ptg019284l_1	73112	747578	10.23	0	43
ptg019284l_1_region	73112	747578	10.23	0	43
ptg019311l_1	28989	97264	3.36	0	8
ptg019311l_1_region	28989	97264	3.36	0	8
ptg019317l_1	25513	108265	4.24	0	15
ptg019317l_1_region	25513	108265	4.24	0	15
ptg019347l_1	33861	396749	11.72	0	37
ptg019347l_1_region	33861	396749	11.72	0	37
ptg019355l_1	14191	32412	2.28	0	7
ptg019355l_1_region	14191	32412	2.28	0	7
ptg019378l_1	145704	1205095	8.27	0	19
ptg019378l_1_region	145704	1205095	8.27	0	19
ptg019379l_1	44396	429089	9.67	0	24
ptg019379l_1_region	44396	429089	9.67	0	24
ptg019399l_1	20522	128507	6.26	0	12
ptg019399l_1_region	20522	128507	6.26	0	12
ptg019405l_1	34849	278934	8.00	1	16
ptg019405l_1_region	34849	278934	8.00	1	16
ptg019428l_1	8077	34090	4.22	0	8
ptg019428l_1_region	8077	34090	4.22	0	8
ptg019441l_1	28104	52103	1.85	0	4
ptg019441l_1_region	28104	52103	1.85	0	4
ptg019449l_1	28192	218421	7.75	0	16
ptg019449l_1_region	28192	218421	7.75	0	16
ptg019459l_1	102486	225191	2.20	0	8
ptg019459l_1_region	102486	225191	2.20	0	8
ptg019489l_1	25553	319478	12.50	0	35
ptg019489l_1_region	25553	319478	12.50	0	35
ptg019504l_1	15136	512849	33.88	0	60
ptg019504l_1_region	15136	512849	33.88	0	60
ptg019557l_1	31245	169078	5.41	0	11
ptg019557l_1_region	31245	169078	5.41	0	11
ptg019586l_1	60194	59949	1.00	0	4
ptg019586l_1_region	60194	59949	1.00	0	4
ptg019588l_1	52512	26939	0.51	0	5
ptg019588l_1_region	52512	26939	0.51	0	5
ptg019589l_1	45675	334402	7.32	0	17
ptg019589l_1_region	45675	334402	7.32	0	17
ptg019591l_1	26717	148711	5.57	0	12
ptg019591l_1_region	26717	148711	5.57	0	12
ptg019592l_1	21462	25776	1.20	0	3
ptg019592l_1_region	21462	25776	1.20	0	3
ptg019595l_1	23721	29103	1.23	0	5
ptg019595l_1_region	23721	29103	1.23	0	5
ptg019596l_1	25068	139333	5.56	0	16
ptg019596l_1_region	25068	139333	5.56	0	16
ptg019597l_1	32179	32322	1.00	0	7
ptg019597l_1_region	32179	32322	1.00	0	7
ptg019599l_1	87082	32940	0.38	0	4
ptg019599l_1_region	87082	32940	0.38	0	4
ptg019600l_1	58059	1412447	24.33	0	68
ptg019600l_1_region	58059	1412447	24.33	0	68
ptg019603l_1	28548	339208	11.88	1	26
ptg019603l_1_region	28548	339208	11.88	1	26
ptg019605l_1	32323	116940	3.62	0	8
ptg019605l_1_region	32323	116940	3.62	0	8
ptg019612l_1	40383	1340224	33.19	3	131
ptg019612l_1_region	40383	1340224	33.19	3	131
ptg019635l_1	287030	6101737	21.26	0	99
ptg019635l_1_region	287030	6101737	21.26	0	99
ptg019644l_1	209170	4813295	23.01	0	81
ptg019644l_1_region	209170	4813295	23.01	0	81
ptg019664l_1	44786	1262107	28.18	3	51
ptg019664l_1_region	44786	1262107	28.18	3	51
ptg019675l_1	16790	94985	5.66	0	9
ptg019675l_1_region	16790	94985	5.66	0	9
ptg019676l_1	46767	71107	1.52	0	5
ptg019676l_1_region	46767	71107	1.52	0	5
ptg019679l_1	16210	44370	2.74	0	8
ptg019679l_1_region	16210	44370	2.74	0	8
ptg019681l_1	22189	69206	3.12	0	8
ptg019681l_1_region	22189	69206	3.12	0	8
ptg019682l_1	34515	22529	0.65	0	2
ptg019682l_1_region	34515	22529	0.65	0	2
ptg019683l_1	46317	470739	10.16	0	24
ptg019683l_1_region	46317	470739	10.16	0	24
ptg019709l_1	67484	430662	6.38	0	17
ptg019709l_1_region	67484	430662	6.38	0	17
ptg019721l_1	49404	562792	11.39	1	30
ptg019721l_1_region	49404	562792	11.39	1	30
ptg019746l_1	31289	35245	1.13	0	6
ptg019746l_1_region	31289	35245	1.13	0	6
ptg019757l_1	9953	64073	6.44	1	11
ptg019757l_1_region	9953	64073	6.44	1	11
ptg019767l_1	27433	92381	3.37	0	6
ptg019767l_1_region	27433	92381	3.37	0	6
ptg019773l_1	19706	55963	2.84	0	14
ptg019773l_1_region	19706	55963	2.84	0	14
ptg019783l_1	43003	457691	10.64	0	29
ptg019783l_1_region	43003	457691	10.64	0	29
ptg019786l_1	18049	6787	0.38	0	2
ptg019786l_1_region	18049	6787	0.38	0	2
ptg019789l_1	22259	48596	2.18	0	7
ptg019789l_1_region	22259	48596	2.18	0	7
ptg019793l_1	51110	2214428	43.33	2	174
ptg019793l_1_region	51110	2214428	43.33	2	174
ptg019800l_1	29390	179764	6.12	0	13
ptg019800l_1_region	29390	179764	6.12	0	13
ptg019825l_1	18875	20510	1.09	0	3
ptg019825l_1_region	18875	20510	1.09	0	3
ptg019829l_1	18556	90847	4.90	0	10
ptg019829l_1_region	18556	90847	4.90	0	10
ptg019851l_1	28332	85185	3.01	0	33
ptg019851l_1_region	28332	85185	3.01	0	33
ptg019880l_1	36552	145108	3.97	0	10
ptg019880l_1_region	36552	145108	3.97	0	10
ptg019939l_1	32281	173027	5.36	0	13
ptg019939l_1_region	32281	173027	5.36	0	13
ptg019941l_1	80866	381130	4.71	0	29
ptg019941l_1_region	80866	381130	4.71	0	29
ptg019965l_1	24829	33789	1.36	0	6
ptg019965l_1_region	24829	33789	1.36	0	6
ptg019973l_1	101392	559119	5.51	0	22
ptg019973l_1_region	101392	559119	5.51	0	22
ptg019983l_1	887361	6115639	6.89	0	37
ptg019983l_1_region	887361	6115639	6.89	0	37
ptg019986l_1	85155	371763	4.37	0	35
ptg019986l_1_region	85155	371763	4.37	0	35
ptg020002l_1	16679	178121	10.68	3	25
ptg020002l_1_region	16679	178121	10.68	3	25
ptg020009l_1	37222	28406	0.76	0	4
ptg020009l_1_region	37222	28406	0.76	0	4
ptg020040l_1	13043	61301	4.70	0	9
ptg020040l_1_region	13043	61301	4.70	0	9
ptg020041l_1	14323	121906	8.51	1	21
ptg020041l_1_region	14323	121906	8.51	1	21
ptg020053l_1	124874	1035457	8.29	0	29
ptg020053l_1_region	124874	1035457	8.29	0	29
ptg020057l_1	20321	4495	0.22	0	3
ptg020057l_1_region	20321	4495	0.22	0	3
ptg020078l_1	15004	101264	6.75	0	11
ptg020078l_1_region	15004	101264	6.75	0	11
ptg020091l_1	27109	245441	9.05	0	18
ptg020091l_1_region	27109	245441	9.05	0	18
ptg020103l_1	55988	494313	8.83	0	23
ptg020103l_1_region	55988	494313	8.83	0	23
ptg020104l_1	52450	235027	4.48	0	12
ptg020104l_1_region	52450	235027	4.48	0	12
ptg020117l_1	19224	72079	3.75	0	7
ptg020117l_1_region	19224	72079	3.75	0	7
ptg020144l_1	71828	209597	2.92	0	17
ptg020144l_1_region	71828	209597	2.92	0	17
ptg020171l_1	18625	82376	4.42	0	18
ptg020171l_1_region	18625	82376	4.42	0	18
ptg020173l_1	86198	553332	6.42	0	15
ptg020173l_1_region	86198	553332	6.42	0	15
ptg020181l_1	34620	383124	11.07	0	82
ptg020181l_1_region	34620	383124	11.07	0	82
ptg020183l_1	45499	522387	11.48	0	60
ptg020183l_1_region	45499	522387	11.48	0	60
ptg020207l_1	45682	425417	9.31	0	19
ptg020207l_1_region	45682	425417	9.31	0	19
ptg020257l_1	35005	62183	1.78	0	7
ptg020257l_1_region	35005	62183	1.78	0	7
ptg020268l_1	18665	39067	2.09	0	5
ptg020268l_1_region	18665	39067	2.09	0	5
ptg020270l_1	17422	182872	10.50	0	18
ptg020270l_1_region	17422	182872	10.50	0	18
ptg020281l_1	21595	43666	2.02	0	7
ptg020281l_1_region	21595	43666	2.02	0	7
ptg020290l_1	25365	208200	8.21	0	16
ptg020290l_1_region	25365	208200	8.21	0	16
ptg020298l_1	41921	187340	4.47	0	13
ptg020298l_1_region	41921	187340	4.47	0	13
ptg020299l_1	44120	150371	3.41	0	8
ptg020299l_1_region	44120	150371	3.41	0	8
ptg020300l_1	34405	147362	4.28	0	13
ptg020300l_1_region	34405	147362	4.28	0	13
ptg020315l_1	12027	94565	7.86	0	11
ptg020315l_1_region	12027	94565	7.86	0	11
ptg020324l_1	30378	256278	8.44	0	24
ptg020324l_1_region	30378	256278	8.44	0	24
ptg020332l_1	31096	205979	6.62	0	20
ptg020332l_1_region	31096	205979	6.62	0	20
ptg020367l_1	22850	153	0.01	0	1
ptg020367l_1_region	22850	153	0.01	0	1
ptg020369l_1	32136	296434	9.22	0	31
ptg020369l_1_region	32136	296434	9.22	0	31
ptg020371l_1	37729	543069	14.39	0	23
ptg020371l_1_region	37729	543069	14.39	0	23
ptg020385l_1	65642	297689	4.54	0	21
ptg020385l_1_region	65642	297689	4.54	0	21
ptg020389l_1	28075	156807	5.59	0	16
ptg020389l_1_region	28075	156807	5.59	0	16
ptg020391l_1	24238	2710253	111.82	0	257
ptg020391l_1_region	24238	2710253	111.82	0	257
ptg020392l_1	17498	24173	1.38	0	5
ptg020392l_1_region	17498	24173	1.38	0	5
ptg020409l_1	36651	175001	4.77	0	15
ptg020409l_1_region	36651	175001	4.77	0	15
ptg020423l_1	37073	35203	0.95	0	6
ptg020423l_1_region	37073	35203	0.95	0	6
ptg020426l_1	35513	110484	3.11	0	14
ptg020426l_1_region	35513	110484	3.11	0	14
ptg020436l_1	20992	92700	4.42	0	14
ptg020436l_1_region	20992	92700	4.42	0	14
ptg020463l_1	8586	39409	4.59	0	21
ptg020463l_1_region	8586	39409	4.59	0	21
ptg020488l_1	20308	45676	2.25	0	16
ptg020488l_1_region	20308	45676	2.25	0	16
ptg020497l_1	10682	61640	5.77	0	9
ptg020497l_1_region	10682	61640	5.77	0	9
ptg020515l_1	30946	132279	4.27	0	13
ptg020515l_1_region	30946	132279	4.27	0	13
ptg020516l_1	30640	110860	3.62	0	8
ptg020516l_1_region	30640	110860	3.62	0	8
ptg020531l_1	84619	924010	10.92	0	35
ptg020531l_1_region	84619	924010	10.92	0	35
ptg020540l_1	31609	89839	2.84	0	5
ptg020540l_1_region	31609	89839	2.84	0	5
ptg020557l_1	24533	166450	6.78	0	28
ptg020557l_1_region	24533	166450	6.78	0	28
ptg020562l_1	7780	4442	0.57	0	1
ptg020562l_1_region	7780	4442	0.57	0	1
ptg020591l_1	33010	227021	6.88	0	28
ptg020591l_1_region	33010	227021	6.88	0	28
ptg020628l_1	14691	11957	0.81	0	2
ptg020628l_1_region	14691	11957	0.81	0	2
ptg020637l_1	15921	69783	4.38	0	13
ptg020637l_1_region	15921	69783	4.38	0	13
ptg020654l_1	17091	84927	4.97	0	8
ptg020654l_1_region	17091	84927	4.97	0	8
ptg020658l_1	56601	514129	9.08	0	19
ptg020658l_1_region	56601	514129	9.08	0	19
ptg020690l_1	14739	99522	6.75	1	12
ptg020690l_1_region	14739	99522	6.75	1	12
ptg020694l_1	36825	219501	5.96	0	14
ptg020694l_1_region	36825	219501	5.96	0	14
ptg020705l_1	18367	10064	0.55	0	2
ptg020705l_1_region	18367	10064	0.55	0	2
ptg020708l_1	59863	277374	4.63	0	15
ptg020708l_1_region	59863	277374	4.63	0	15
ptg020712l_1	360084	4610490	12.80	0	75
ptg020712l_1_region	360084	4610490	12.80	0	75
ptg020722l_1	10363	58481	5.64	0	18
ptg020722l_1_region	10363	58481	5.64	0	18
ptg020755l_1	12929	129830	10.04	0	28
ptg020755l_1_region	12929	129830	10.04	0	28
ptg020762l_1	24698	152191	6.16	0	14
ptg020762l_1_region	24698	152191	6.16	0	14
ptg020769l_1	14130	86854	6.15	0	11
ptg020769l_1_region	14130	86854	6.15	0	11
ptg020770l_1	60855	158446	2.60	0	14
ptg020770l_1_region	60855	158446	2.60	0	14
ptg020773l_1	26695	23076	0.86	0	3
ptg020773l_1_region	26695	23076	0.86	0	3
ptg020774l_1	24580	206286	8.39	0	19
ptg020774l_1_region	24580	206286	8.39	0	19
ptg020775l_1	39004	455671	11.68	0	33
ptg020775l_1_region	39004	455671	11.68	0	33
ptg020784l_1	98917	1332743	13.47	0	58
ptg020784l_1_region	98917	1332743	13.47	0	58
ptg020793l_1	145601	3044949	20.91	0	128
ptg020793l_1_region	145601	3044949	20.91	0	128
ptg020796l_1	30406	59962	1.97	0	6
ptg020796l_1_region	30406	59962	1.97	0	6
ptg020821l_1	126898	785153	6.19	0	29
ptg020821l_1_region	126898	785153	6.19	0	29
ptg020832l_1	15443	80873	5.24	0	18
ptg020832l_1_region	15443	80873	5.24	0	18
ptg020839l_1	16397	9865	0.60	0	2
ptg020839l_1_region	16397	9865	0.60	0	2
ptg020849l_1	13288	60282	4.54	0	9
ptg020849l_1_region	13288	60282	4.54	0	9
ptg020867l_1	39963	172194	4.31	0	13
ptg020867l_1_region	39963	172194	4.31	0	13
ptg020868l_1	9347	49593	5.31	0	8
ptg020868l_1_region	9347	49593	5.31	0	8
ptg020869l_1	12678	74157	5.85	0	12
ptg020869l_1_region	12678	74157	5.85	0	12
ptg020873l_1	43347	142532	3.29	0	10
ptg020873l_1_region	43347	142532	3.29	0	10
ptg020876l_1	16617	40807	2.46	0	5
ptg020876l_1_region	16617	40807	2.46	0	5
ptg020877l_1	38618	20963	0.54	0	3
ptg020877l_1_region	38618	20963	0.54	0	3
ptg020878l_1	49674	162535	3.27	0	8
ptg020878l_1_region	49674	162535	3.27	0	8
ptg020880l_1	45421	350171	7.71	0	40
ptg020880l_1_region	45421	350171	7.71	0	40
ptg020881l_1	16489	166711	10.11	0	18
ptg020881l_1_region	16489	166711	10.11	0	18
ptg020884l_1	21285	11654	0.55	0	1
ptg020884l_1_region	21285	11654	0.55	0	1
ptg020886l_1	19266	128386	6.66	0	13
ptg020886l_1_region	19266	128386	6.66	0	13
ptg020887l_1	17384	21065	1.21	0	2
ptg020887l_1_region	17384	21065	1.21	0	2
ptg020890l_1	20754	34546	1.66	0	6
ptg020890l_1_region	20754	34546	1.66	0	6
ptg020892l_1	30595	180450	5.90	0	13
ptg020892l_1_region	30595	180450	5.90	0	13
ptg020893l_1	21986	33395	1.52	0	4
ptg020893l_1_region	21986	33395	1.52	0	4
ptg020894l_1	85040	1707923	20.08	0	53
ptg020894l_1_region	85040	1707923	20.08	0	53
ptg020895l_1	26115	4824	0.18	0	1
ptg020895l_1_region	26115	4824	0.18	0	1
ptg020897l_1	64948	571662	8.80	0	23
ptg020897l_1_region	64948	571662	8.80	0	23
ptg020898l_1	16630	60292	3.63	0	7
ptg020898l_1_region	16630	60292	3.63	0	7
ptg020899l_1	51833	548625	10.58	0	23
ptg020899l_1_region	51833	548625	10.58	0	23
ptg020903l_1	30292	394650	13.03	0	48
ptg020903l_1_region	30292	394650	13.03	0	48
ptg020905l_1	18866	12204	0.65	0	2
ptg020905l_1_region	18866	12204	0.65	0	2
ptg020906l_1	66754	79729	1.19	0	4
ptg020906l_1_region	66754	79729	1.19	0	4
ptg020908l_1	13424	4991	0.37	0	1
ptg020908l_1_region	13424	4991	0.37	0	1
ptg020928l_1	8640	76659	8.87	0	15
ptg020928l_1_region	8640	76659	8.87	0	15
ptg020941l_1	63540	60329	0.95	0	25
ptg020941l_1_region	63540	60329	0.95	0	25
ptg020949l_1	24537	35380	1.44	0	3
ptg020949l_1_region	24537	35380	1.44	0	3
ptg020952l_1	18394	15536	0.84	0	2
ptg020952l_1_region	18394	15536	0.84	0	2
ptg020953l_1	24548	37377	1.52	0	3
ptg020953l_1_region	24548	37377	1.52	0	3
ptg020958l_1	22631	22865	1.01	0	5
ptg020958l_1_region	22631	22865	1.01	0	5
ptg020960l_1	28790	214580	7.45	0	14
ptg020960l_1_region	28790	214580	7.45	0	14
ptg020963l_1	115322	867715	7.52	0	48
ptg020963l_1_region	115322	867715	7.52	0	48
ptg020966l_1	28113	6521	0.23	0	1
ptg020966l_1_region	28113	6521	0.23	0	1
ptg020967l_1	19003	34305	1.81	0	5
ptg020967l_1_region	19003	34305	1.81	0	5
ptg020968l_1	19984	108112	5.41	0	11
ptg020968l_1_region	19984	108112	5.41	0	11
ptg020969l_1	20255	112613	5.56	0	19
ptg020969l_1_region	20255	112613	5.56	0	19
ptg020978l_1	11077	57629	5.20	0	9
ptg020978l_1_region	11077	57629	5.20	0	9
ptg020983l_1	48700	381130	7.83	0	31
ptg020983l_1_region	48700	381130	7.83	0	31
ptg020991l_1	26096	105889	4.06	0	68
ptg020991l_1_region	26096	105889	4.06	0	68
ptg021009l_1	15481	173555	11.21	0	22
ptg021009l_1_region	15481	173555	11.21	0	22
ptg021074l_1	28971	206850	7.14	0	18
ptg021074l_1_region	28971	206850	7.14	0	18
ptg021084l_1	10627	45795	4.31	0	8
ptg021084l_1_region	10627	45795	4.31	0	8
ptg021102l_1	14104	62653	4.44	0	8
ptg021102l_1_region	14104	62653	4.44	0	8
ptg021111l_1	29272	237507	8.11	0	22
ptg021111l_1_region	29272	237507	8.11	0	22
ptg021113l_1	12742	14710	1.15	0	8
ptg021113l_1_region	12742	14710	1.15	0	8
ptg021126l_1	9964	4188	0.42	0	1
ptg021126l_1_region	9964	4188	0.42	0	1
ptg021127l_1	20933	40956	1.96	0	5
ptg021127l_1_region	20933	40956	1.96	0	5
ptg021155l_1	19315	235893	12.21	0	25
ptg021155l_1_region	19315	235893	12.21	0	25
ptg021161l_1	30711	243590	7.93	2	15
ptg021161l_1_region	30711	243590	7.93	2	15
ptg021171l_1	116566	505833	4.34	0	15
ptg021171l_1_region	116566	505833	4.34	0	15
ptg021174l_1	17302	59594	3.44	0	8
ptg021174l_1_region	17302	59594	3.44	0	8
ptg021185l_1	18487	30205	1.63	0	3
ptg021185l_1_region	18487	30205	1.63	0	3
ptg021195l_1	15036	50059	3.33	0	6
ptg021195l_1_region	15036	50059	3.33	0	6
ptg021204l_1	20424	52005	2.55	0	6
ptg021204l_1_region	20424	52005	2.55	0	6
ptg021211l_1	14984	193940	12.94	0	23
ptg021211l_1_region	14984	193940	12.94	0	23
ptg021217l_1	29896	162956	5.45	0	12
ptg021217l_1_region	29896	162956	5.45	0	12
ptg021220l_1	82551	358365	4.34	0	18
ptg021220l_1_region	82551	358365	4.34	0	18
ptg021222l_1	18305	44762	2.45	0	6
ptg021222l_1_region	18305	44762	2.45	0	6
ptg021225l_1	28915	54731	1.89	0	9
ptg021225l_1_region	28915	54731	1.89	0	9
ptg021226l_1	34215	24097	0.70	0	4
ptg021226l_1_region	34215	24097	0.70	0	4
ptg021237l_1	19254	127596	6.63	1	11
ptg021237l_1_region	19254	127596	6.63	1	11
ptg021256l_1	16876	35665	2.11	0	4
ptg021256l_1_region	16876	35665	2.11	0	4
ptg021283l_1	18692	98450	5.27	1	8
ptg021283l_1_region	18692	98450	5.27	1	8
ptg021295l_1	28824	552225	19.16	0	57
ptg021295l_1_region	28824	552225	19.16	0	57
ptg021297l_1	11402	26292	2.31	0	4
ptg021297l_1_region	11402	26292	2.31	0	4
ptg021300l_1	173165	3168076	18.30	0	86
ptg021300l_1_region	173165	3168076	18.30	0	86
ptg021307l_1	24384	77064	3.16	0	8
ptg021307l_1_region	24384	77064	3.16	0	8
ptg021320l_1	20635	81382	3.94	0	10
ptg021320l_1_region	20635	81382	3.94	0	10
ptg021322l_1	35849	247362	6.90	0	39
ptg021322l_1_region	35849	247362	6.90	0	39
ptg021337l_1	23731	40289	1.70	0	10
ptg021337l_1_region	23731	40289	1.70	0	10
ptg021338l_1	25394	118414	4.66	0	8
ptg021338l_1_region	25394	118414	4.66	0	8
ptg021339l_1	15161	18260	1.20	0	5
ptg021339l_1_region	15161	18260	1.20	0	5
ptg021341l_1	24034	10108	0.42	0	5
ptg021341l_1_region	24034	10108	0.42	0	5
ptg021345l_1	16411	142152	8.66	1	18
ptg021345l_1_region	16411	142152	8.66	1	18
ptg021360l_1	9215	35847	3.89	0	6
ptg021360l_1_region	9215	35847	3.89	0	6
ptg021376l_1	4957	454	0.09	0	1
ptg021376l_1_region	4957	454	0.09	0	1
ptg021381l_1	21240	126140	5.94	0	9
ptg021381l_1_region	21240	126140	5.94	0	9
ptg021383l_1	32265	33334	1.03	0	4
ptg021383l_1_region	32265	33334	1.03	0	4
ptg021385l_1	17363	110929	6.39	0	13
ptg021385l_1_region	17363	110929	6.39	0	13
ptg021388l_1	12338	72445	5.87	1	9
ptg021388l_1_region	12338	72445	5.87	1	9
ptg021390l_1	56674	50890	0.90	0	5
ptg021390l_1_region	56674	50890	0.90	0	5
ptg021394l_1	32477	36219	1.12	0	4
ptg021394l_1_region	32477	36219	1.12	0	4
ptg021396l_1	21982	169944	7.73	0	18
ptg021396l_1_region	21982	169944	7.73	0	18
ptg021405l_1	152690	2727321	17.86	0	43
ptg021405l_1_region	152690	2727321	17.86	0	43
ptg021408l_1	38975	338291	8.68	0	20
ptg021408l_1_region	38975	338291	8.68	0	20
ptg021415l_1	29373	615191	20.94	0	41
ptg021415l_1_region	29373	615191	20.94	0	41
ptg021417l_1	23200	161633	6.97	1	13
ptg021417l_1_region	23200	161633	6.97	1	13
ptg021427l_1	16205	288380	17.80	0	34
ptg021427l_1_region	16205	288380	17.80	0	34
ptg021435l_1	38381	81648	2.13	0	8
ptg021435l_1_region	38381	81648	2.13	0	8
ptg021437l_1	124530	888392	7.13	0	26
ptg021437l_1_region	124530	888392	7.13	0	26
ptg021468l_1	28299	157853	5.58	0	10
ptg021468l_1_region	28299	157853	5.58	0	10
ptg021477l_1	34614	108673	3.14	0	19
ptg021477l_1_region	34614	108673	3.14	0	19
ptg021526l_1	30641	169043	5.52	0	10
ptg021526l_1_region	30641	169043	5.52	0	10
ptg021529l_1	16417	47665	2.90	0	8
ptg021529l_1_region	16417	47665	2.90	0	8
ptg021543l_1	13688	19846	1.45	0	6
ptg021543l_1_region	13688	19846	1.45	0	6
ptg021555l_1	9694	25594	2.64	0	17
ptg021555l_1_region	9694	25594	2.64	0	17
ptg021558l_1	18911	30751	1.63	0	5
ptg021558l_1_region	18911	30751	1.63	0	5
ptg021568l_1	37157	4279781	115.18	0	208
ptg021568l_1_region	37157	4279781	115.18	0	208
ptg021569l_1	36590	461464	12.61	0	31
ptg021569l_1_region	36590	461464	12.61	0	31
ptg021571l_1	40211	43689	1.09	0	4
ptg021571l_1_region	40211	43689	1.09	0	4
ptg021572l_1	21154	4121	0.19	0	1
ptg021572l_1_region	21154	4121	0.19	0	1
ptg021574l_1	30300	157535	5.20	1	9
ptg021574l_1_region	30300	157535	5.20	1	9
ptg021575l_1	19630	5752	0.29	0	1
ptg021575l_1_region	19630	5752	0.29	0	1
ptg021577l_1	17497	154232	8.81	0	16
ptg021577l_1_region	17497	154232	8.81	0	16
ptg021580l_1	17611	185587	10.54	0	21
ptg021580l_1_region	17611	185587	10.54	0	21
ptg021582l_1	28174	26062	0.93	0	2
ptg021582l_1_region	28174	26062	0.93	0	2
ptg021602l_1	49080	526802	10.73	0	20
ptg021602l_1_region	49080	526802	10.73	0	20
ptg021606l_1	25101	328524	13.09	2	32
ptg021606l_1_region	25101	328524	13.09	2	32
ptg021607l_1	19350	14481	0.75	0	9
ptg021607l_1_region	19350	14481	0.75	0	9
ptg021608l_1	24699	83321	3.37	0	7
ptg021608l_1_region	24699	83321	3.37	0	7
ptg021610l_1	87687	1365326	15.57	0	68
ptg021610l_1_region	87687	1365326	15.57	0	68
ptg021616l_1	14036	23514	1.68	0	8
ptg021616l_1_region	14036	23514	1.68	0	8
ptg021622l_1	87371	2637988	30.19	0	57
ptg021622l_1_region	87371	2637988	30.19	0	57
ptg021632l_1	230780	2785048	12.07	0	29
ptg021632l_1_region	230780	2785048	12.07	0	29
ptg021634l_1	65778	457235	6.95	0	16
ptg021634l_1_region	65778	457235	6.95	0	16
ptg021646l_1	7050	64023	9.08	1	15
ptg021646l_1_region	7050	64023	9.08	1	15
ptg021657l_1	32917	138959	4.22	0	15
ptg021657l_1_region	32917	138959	4.22	0	15
ptg021662l_1	35697	93755	2.63	0	5
ptg021662l_1_region	35697	93755	2.63	0	5
ptg021668l_1	27677	148338	5.36	0	11
ptg021668l_1_region	27677	148338	5.36	0	11
ptg021670l_1	28588	41867	1.46	0	3
ptg021670l_1_region	28588	41867	1.46	0	3
ptg021690l_1	37764	145556	3.85	0	11
ptg021690l_1_region	37764	145556	3.85	0	11
ptg021691l_1	369096	2523773	6.84	0	60
ptg021691l_1_region	369096	2523773	6.84	0	60
ptg021694l_1	147659	586284	3.97	0	24
ptg021694l_1_region	147659	586284	3.97	0	24
ptg021697l_1	324581	3911015	12.05	0	42
ptg021697l_1_region	324581	3911015	12.05	0	42
ptg021710l_1	19011	55862	2.94	0	6
ptg021710l_1_region	19011	55862	2.94	0	6
ptg021722l_1	76073	371724	4.89	0	13
ptg021722l_1_region	76073	371724	4.89	0	13
ptg021727l_1	58075	224682	3.87	0	15
ptg021727l_1_region	58075	224682	3.87	0	15
ptg021737l_1	49959	668277	13.38	0	43
ptg021737l_1_region	49959	668277	13.38	0	43
ptg021741l_1	404927	1910119	4.72	0	42
ptg021741l_1_region	404927	1910119	4.72	0	42
ptg021750l_1	30673	185164	6.04	0	11
ptg021750l_1_region	30673	185164	6.04	0	11
ptg021762l_1	17596	151753	8.62	0	12
ptg021762l_1_region	17596	151753	8.62	0	12
ptg021772l_1	519053	8325486	16.04	0	84
ptg021772l_1_region	519053	8325486	16.04	0	84
ptg021781l_1	64780	326219	5.04	0	25
ptg021781l_1_region	64780	326219	5.04	0	25
ptg021789l_1	43997	98641	2.24	0	7
ptg021789l_1_region	43997	98641	2.24	0	7
ptg021793l_1	144734	6179	0.04	0	1
ptg021793l_1_region	144734	6179	0.04	0	1
ptg021795l_1	97057	74397	0.77	0	9
ptg021795l_1_region	97057	74397	0.77	0	9
ptg021799l_1	264263	901469	3.41	0	27
ptg021799l_1_region	264263	901469	3.41	0	27
ptg021801l_1	179033	2067332	11.55	0	27
ptg021801l_1_region	179033	2067332	11.55	0	27
ptg021811l_1	21869	94306	4.31	0	8
ptg021811l_1_region	21869	94306	4.31	0	8
ptg021828l_1	42319	122239	2.89	0	8
ptg021828l_1_region	42319	122239	2.89	0	8
ptg021849l_1	75708	252915	3.34	0	21
ptg021849l_1_region	75708	252915	3.34	0	21
ptg021854l_1	154958	1094551	7.06	0	38
ptg021854l_1_region	154958	1094551	7.06	0	38
ptg021867l_1	25664	98763	3.85	0	8
ptg021867l_1_region	25664	98763	3.85	0	8
ptg021869l_1	36171	146830	4.06	0	12
ptg021869l_1_region	36171	146830	4.06	0	12
ptg021871l_1	160090	1278007	7.98	0	27
ptg021871l_1_region	160090	1278007	7.98	0	27
ptg021873l_1	13553	100867	7.44	3	9
ptg021873l_1_region	13553	100867	7.44	3	9
ptg021888l_1	42699	238807	5.59	0	15
ptg021888l_1_region	42699	238807	5.59	0	15
ptg021891l_1	11308	445626	39.41	0	76
ptg021891l_1_region	11308	445626	39.41	0	76
ptg021892l_1	17078	60590	3.55	0	6
ptg021892l_1_region	17078	60590	3.55	0	6
ptg021908l_1	151249	1132949	7.49	0	29
ptg021908l_1_region	151249	1132949	7.49	0	29
ptg021909l_1	436537	3952422	9.05	0	25
ptg021909l_1_region	436537	3952422	9.05	0	25
ptg021913l_1	23160	132995	5.74	0	11
ptg021913l_1_region	23160	132995	5.74	0	11
ptg021920l_1	14874	10304	0.69	0	2
ptg021920l_1_region	14874	10304	0.69	0	2
ptg021922l_1	681955	7441467	10.91	0	62
ptg021922l_1_region	681955	7441467	10.91	0	62
ptg021937l_1	25804	81699	3.17	0	8
ptg021937l_1_region	25804	81699	3.17	0	8
ptg021940l_1	58251	435288	7.47	0	109
ptg021940l_1_region	58251	435288	7.47	0	109
ptg021964l_1	22724	97465	4.29	0	11
ptg021964l_1_region	22724	97465	4.29	0	11
ptg021976l_1	162996	364358	2.24	0	31
ptg021976l_1_region	162996	364358	2.24	0	31
ptg021984l_1	441472	3992934	9.04	0	68
ptg021984l_1_region	441472	3992934	9.04	0	68
ptg021995l_1	24685	80715	3.27	0	11
ptg021995l_1_region	24685	80715	3.27	0	11
ptg022002l_1	32848	89338	2.72	0	21
ptg022002l_1_region	32848	89338	2.72	0	21
ptg022005l_1	16910	40214	2.38	0	10
ptg022005l_1_region	16910	40214	2.38	0	10
ptg022019l_1	54335	164257	3.02	0	7
ptg022019l_1_region	54335	164257	3.02	0	7
ptg022022l_1	51342	272542	5.31	0	15
ptg022022l_1_region	51342	272542	5.31	0	15
ptg022026l_1	46604	1408561	30.22	0	174
ptg022026l_1_region	46604	1408561	30.22	0	174
ptg022045l_1	45546	176742	3.88	0	15
ptg022045l_1_region	45546	176742	3.88	0	15
ptg022048l_1	33366	38841	1.16	0	32
ptg022048l_1_region	33366	38841	1.16	0	32
ptg022066l_1	23907	403446	16.88	0	45
ptg022066l_1_region	23907	403446	16.88	0	45
ptg022069l_1	350059	4902839	14.01	0	48
ptg022069l_1_region	350059	4902839	14.01	0	48
ptg022079l_1	147217	1536980	10.44	0	42
ptg022079l_1_region	147217	1536980	10.44	0	42
ptg022085l_1	47027	454273	9.66	0	43
ptg022085l_1_region	47027	454273	9.66	0	43
ptg022086l_1	83306	881122	10.58	0	36
ptg022086l_1_region	83306	881122	10.58	0	36
ptg022088l_1	38521	861337	22.36	0	57
ptg022088l_1_region	38521	861337	22.36	0	57
ptg022099l_1	43813	276586	6.31	0	15
ptg022099l_1_region	43813	276586	6.31	0	15
ptg022110l_1	9363	24227	2.59	0	4
ptg022110l_1_region	9363	24227	2.59	0	4
ptg022112l_1	17265	245728	14.23	0	25
ptg022112l_1_region	17265	245728	14.23	0	25
ptg022122l_1	252240	2998479	11.89	0	52
ptg022122l_1_region	252240	2998479	11.89	0	52
ptg022126l_1	83303	259511	3.12	0	25
ptg022126l_1_region	83303	259511	3.12	0	25
ptg022129l_1	24334	97671	4.01	0	21
ptg022129l_1_region	24334	97671	4.01	0	21
ptg022134l_1	236610	2376927	10.05	0	25
ptg022134l_1_region	236610	2376927	10.05	0	25
ptg022140l_1	7978	6294	0.79	0	4
ptg022140l_1_region	7978	6294	0.79	0	4
ptg022143l_1	79734	403152	5.06	0	21
ptg022143l_1_region	79734	403152	5.06	0	21
ptg022146l_1	74334	197896	2.66	0	10
ptg022146l_1_region	74334	197896	2.66	0	10
ptg022150l_1	11508	23234	2.02	0	5
ptg022150l_1_region	11508	23234	2.02	0	5
ptg022155l_1	47163	640329	13.58	1	24
ptg022155l_1_region	47163	640329	13.58	1	24
ptg022158l_1	39324	450920	11.47	0	19
ptg022158l_1_region	39324	450920	11.47	0	19
ptg022159l_1	263323	2721369	10.33	0	36
ptg022159l_1_region	263323	2721369	10.33	0	36
ptg022160l_1	78949	15524	0.20	0	2
ptg022160l_1_region	78949	15524	0.20	0	2
ptg022162l_1	235848	2871996	12.18	0	95
ptg022162l_1_region	235848	2871996	12.18	0	95
ptg022172l_1	23374	94135	4.03	0	9
ptg022172l_1_region	23374	94135	4.03	0	9
ptg022175l_1	17367	149574	8.61	0	22
ptg022175l_1_region	17367	149574	8.61	0	22
ptg022178l_1	831380	11090817	13.34	0	56
ptg022178l_1_region	831380	11090817	13.34	0	56
ptg022187l_1	349525	2759381	7.89	0	30
ptg022187l_1_region	349525	2759381	7.89	0	30
ptg022192l_1	57901	477610	8.25	0	17
ptg022192l_1_region	57901	477610	8.25	0	17
ptg022194l_1	688674	10034133	14.57	0	38
ptg022194l_1_region	688674	10034133	14.57	0	38
ptg022199l_1	185430	864131	4.66	0	16
ptg022199l_1_region	185430	864131	4.66	0	16
ptg022202l_1	145574	1414169	9.71	0	38
ptg022202l_1_region	145574	1414169	9.71	0	38
ptg022203l_1	100931	1166597	11.56	1	29
ptg022203l_1_region	100931	1166597	11.56	1	29
ptg022206l_1	223464	1908741	8.54	0	50
ptg022206l_1_region	223464	1908741	8.54	0	50
ptg022211l_1	138600	1855780	13.39	0	45
ptg022211l_1_region	138600	1855780	13.39	0	45
ptg022222l_1	6738	9671	1.44	0	4
ptg022222l_1_region	6738	9671	1.44	0	4
ptg022230l_1	23389	270951	11.58	0	25
ptg022230l_1_region	23389	270951	11.58	0	25
ptg022233l_1	43189	303357	7.02	0	20
ptg022233l_1_region	43189	303357	7.02	0	20
ptg022237l_1	193614	4692099	24.23	0	102
ptg022237l_1_region	193614	4692099	24.23	0	102
ptg022238l_1	12177	65271	5.36	0	11
ptg022238l_1_region	12177	65271	5.36	0	11
ptg022244l_1	48116	28076	0.58	0	2
ptg022244l_1_region	48116	28076	0.58	0	2
ptg022245l_1	27497	51083	1.86	0	4
ptg022245l_1_region	27497	51083	1.86	0	4
ptg022246l_1	94871	143889	1.52	0	10
ptg022246l_1_region	94871	143889	1.52	0	10
ptg022247l_1	60960	491841	8.07	0	21
ptg022247l_1_region	60960	491841	8.07	0	21
ptg022248l_1	30521	197539	6.47	0	12
ptg022248l_1_region	30521	197539	6.47	0	12
ptg022255l_1	20264	374116	18.46	0	29
ptg022255l_1_region	20264	374116	18.46	0	29
ptg022256l_1	21860	52611	2.41	0	5
ptg022256l_1_region	21860	52611	2.41	0	5
ptg022257l_1	9807	4500	0.46	0	1
ptg022257l_1_region	9807	4500	0.46	0	1
ptg022259l_1	23336	104813	4.49	0	11
ptg022259l_1_region	23336	104813	4.49	0	11
ptg022269l_1	68128	490919	7.21	0	15
ptg022269l_1_region	68128	490919	7.21	0	15
ptg022270l_1	83875	968249	11.54	0	23
ptg022270l_1_region	83875	968249	11.54	0	23
ptg022271l_1	194764	1490697	7.65	0	27
ptg022271l_1_region	194764	1490697	7.65	0	27
ptg022272l_1	66306	494587	7.46	0	14
ptg022272l_1_region	66306	494587	7.46	0	14
ptg022287l_1	63208	279014	4.41	0	13
ptg022287l_1_region	63208	279014	4.41	0	13
ptg022290c_1	253192	2691003	10.63	0	43
ptg022290c_1_region	253192	2691003	10.63	0	43
ptg022301l_1	149440	3927596	26.28	0	81
ptg022301l_1_region	149440	3927596	26.28	0	81
ptg022304l_1	20019	32447	1.62	0	4
ptg022304l_1_region	20019	32447	1.62	0	4
ptg022305l_1	35499	375024	10.56	2	20
ptg022305l_1_region	35499	375024	10.56	2	20
ptg022312l_1	89890	2344027	26.08	0	206
ptg022312l_1_region	89890	2344027	26.08	0	206
ptg022317l_1	24347	21111	0.87	0	2
ptg022317l_1_region	24347	21111	0.87	0	2
ptg022319l_1	18098	42614	2.35	0	5
ptg022319l_1_region	18098	42614	2.35	0	5
ptg022320l_1	36368	300539	8.26	0	19
ptg022320l_1_region	36368	300539	8.26	0	19
ptg022321l_1	32545	12367	0.38	0	2
ptg022321l_1_region	32545	12367	0.38	0	2
ptg022323l_1	45239	185201	4.09	0	12
ptg022323l_1_region	45239	185201	4.09	0	12
ptg022324l_1	46084	401471	8.71	0	19
ptg022324l_1_region	46084	401471	8.71	0	19
ptg022325l_1	19512	52876	2.71	0	10
ptg022325l_1_region	19512	52876	2.71	0	10
ptg022327l_1	19872	43808	2.20	0	4
ptg022327l_1_region	19872	43808	2.20	0	4
ptg022328l_1	40327	83644	2.07	0	5
ptg022328l_1_region	40327	83644	2.07	0	5
ptg022330l_1	54918	431476	7.86	0	19
ptg022330l_1_region	54918	431476	7.86	0	19
ptg022332l_1	25956	252870	9.74	0	23
ptg022332l_1_region	25956	252870	9.74	0	23
ptg022338l_1	29391	309686	10.54	0	24
ptg022338l_1_region	29391	309686	10.54	0	24
ptg022340l_1	18364	124957	6.80	0	11
ptg022340l_1_region	18364	124957	6.80	0	11
ptg022349l_1	21716	222571	10.25	2	25
ptg022349l_1_region	21716	222571	10.25	2	25
ptg022356l_1	137981	1909026	13.84	0	29
ptg022356l_1_region	137981	1909026	13.84	0	29
ptg022365l_1	40631	314700	7.75	0	34
ptg022365l_1_region	40631	314700	7.75	0	34
ptg022371l_1	41266	433199	10.50	0	23
ptg022371l_1_region	41266	433199	10.50	0	23
ptg022374l_1	91881	891545	9.70	0	29
ptg022374l_1_region	91881	891545	9.70	0	29
ptg022376l_1	47069	400939	8.52	0	22
ptg022376l_1_region	47069	400939	8.52	0	22
ptg022380l_1	65228	1155442	17.71	0	52
ptg022380l_1_region	65228	1155442	17.71	0	52
ptg022389l_1	31221	115705	3.71	0	11
ptg022389l_1_region	31221	115705	3.71	0	11
ptg022414l_1	41142	39304	0.96	0	5
ptg022414l_1_region	41142	39304	0.96	0	5
ptg022429l_1	71912	300144	4.17	0	21
ptg022429l_1_region	71912	300144	4.17	0	21
ptg022430l_1	25326	196736	7.77	0	22
ptg022430l_1_region	25326	196736	7.77	0	22
ptg022439l_1	23686	184316	7.78	0	20
ptg022439l_1_region	23686	184316	7.78	0	20
ptg022458l_1	20862	212510	10.19	0	25
ptg022458l_1_region	20862	212510	10.19	0	25
ptg022461l_1	17912	29395	1.64	0	5
ptg022461l_1_region	17912	29395	1.64	0	5
ptg022517l_1	15817	1488107	94.08	0	249
ptg022517l_1_region	15817	1488107	94.08	0	249
ptg022566l_1	20991	65911	3.14	0	11
ptg022566l_1_region	20991	65911	3.14	0	11
ptg022569l_1	18630	100521	5.40	0	9
ptg022569l_1_region	18630	100521	5.40	0	9
ptg022589l_1	29341	157223	5.36	0	18
ptg022589l_1_region	29341	157223	5.36	0	18
ptg022597l_1	22535	33521	1.49	0	5
ptg022597l_1_region	22535	33521	1.49	0	5
ptg022616l_1	28754	56767	1.97	0	6
ptg022616l_1_region	28754	56767	1.97	0	6
ptg022617l_1	18390	117399	6.38	0	10
ptg022617l_1_region	18390	117399	6.38	0	10
ptg022630l_1	22272	48266	2.17	0	12
ptg022630l_1_region	22272	48266	2.17	0	12
ptg022631l_1	44626	186149	4.17	0	12
ptg022631l_1_region	44626	186149	4.17	0	12
ptg022635l_1	18076	266521	14.74	0	55
ptg022635l_1_region	18076	266521	14.74	0	55
ptg022640l_1	37261	260164	6.98	0	17
ptg022640l_1_region	37261	260164	6.98	0	17
ptg022642l_1	30969	67408	2.18	0	7
ptg022642l_1_region	30969	67408	2.18	0	7
ptg022662l_1	11830	17164	1.45	0	5
ptg022662l_1_region	11830	17164	1.45	0	5
ptg022664l_1	21389	145235	6.79	0	16
ptg022664l_1_region	21389	145235	6.79	0	16
ptg022679l_1	300690	4605334	15.32	0	40
ptg022679l_1_region	300690	4605334	15.32	0	40
ptg022680l_1	23678	776366	32.79	5	61
ptg022680l_1_region	23678	776366	32.79	5	61
ptg022688l_1	22079	69627	3.15	0	6
ptg022688l_1_region	22079	69627	3.15	0	6
ptg022694l_1	19449	30942	1.59	0	4
ptg022694l_1_region	19449	30942	1.59	0	4
ptg022695l_1	22873	124164	5.43	0	13
ptg022695l_1_region	22873	124164	5.43	0	13
ptg022698l_1	23283	94601	4.06	0	10
ptg022698l_1_region	23283	94601	4.06	0	10
ptg022701l_1	50587	703757	13.91	1	22
ptg022701l_1_region	50587	703757	13.91	1	22
ptg022705l_1	38713	247475	6.39	0	17
ptg022705l_1_region	38713	247475	6.39	0	17
ptg022706l_1	20889	177326	8.49	0	21
ptg022706l_1_region	20889	177326	8.49	0	21
ptg022708l_1	30915	428629	13.86	0	39
ptg022708l_1_region	30915	428629	13.86	0	39
ptg022710l_1	72042	361235	5.01	0	17
ptg022710l_1_region	72042	361235	5.01	0	17
ptg022714l_1	21396	129145	6.04	0	13
ptg022714l_1_region	21396	129145	6.04	0	13
ptg022716l_1	31850	118429	3.72	0	9
ptg022716l_1_region	31850	118429	3.72	0	9
ptg022717l_1	21944	63529	2.90	0	6
ptg022717l_1_region	21944	63529	2.90	0	6
ptg022747l_1	39247	322440	8.22	0	23
ptg022747l_1_region	39247	322440	8.22	0	23
ptg022760l_1	52343	179057	3.42	0	9
ptg022760l_1_region	52343	179057	3.42	0	9
ptg022762l_1	24047	358607	14.91	0	26
ptg022762l_1_region	24047	358607	14.91	0	26
ptg022765l_1	71427	551099	7.72	0	19
ptg022765l_1_region	71427	551099	7.72	0	19
ptg022776l_1	12567	115033	9.15	0	18
ptg022776l_1_region	12567	115033	9.15	0	18
ptg022786l_1	18305	577020	31.52	1	52
ptg022786l_1_region	18305	577020	31.52	1	52
ptg022790l_1	78824	492549	6.25	0	23
ptg022790l_1_region	78824	492549	6.25	0	23
ptg022802l_1	14738	43320	2.94	0	13
ptg022802l_1_region	14738	43320	2.94	0	13
ptg022807l_1	28213	482438	17.10	0	53
ptg022807l_1_region	28213	482438	17.10	0	53
ptg022813l_1	9186	439	0.05	0	1
ptg022813l_1_region	9186	439	0.05	0	1
ptg022865l_1	35334	455770	12.90	0	27
ptg022865l_1_region	35334	455770	12.90	0	27
ptg022868l_1	19221	97970	5.10	1	10
ptg022868l_1_region	19221	97970	5.10	1	10
ptg022869l_1	40117	537103	13.39	0	30
ptg022869l_1_region	40117	537103	13.39	0	30
ptg022871l_1	26370	111010	4.21	0	9
ptg022871l_1_region	26370	111010	4.21	0	9
ptg022878l_1	27078	5502	0.20	0	1
ptg022878l_1_region	27078	5502	0.20	0	1
ptg022879l_1	10991	21614	1.97	0	3
ptg022879l_1_region	10991	21614	1.97	0	3
ptg022880l_1	19614	44767	2.28	0	5
ptg022880l_1_region	19614	44767	2.28	0	5
ptg022881l_1	14452	18686	1.29	0	3
ptg022881l_1_region	14452	18686	1.29	0	3
ptg022890l_1	34956	60889	1.74	0	6
ptg022890l_1_region	34956	60889	1.74	0	6
ptg022891l_1	32633	20353	0.62	0	5
ptg022891l_1_region	32633	20353	0.62	0	5
ptg022929l_1	122694	2751752	22.43	0	127
ptg022929l_1_region	122694	2751752	22.43	0	127
ptg022930l_1	37645	293651	7.80	0	18
ptg022930l_1_region	37645	293651	7.80	0	18
ptg022935l_1	14080	107259	7.62	0	14
ptg022935l_1_region	14080	107259	7.62	0	14
ptg022941l_1	16968	125386	7.39	0	13
ptg022941l_1_region	16968	125386	7.39	0	13
ptg022942l_1	20783	52115	2.51	0	9
ptg022942l_1_region	20783	52115	2.51	0	9
ptg022956l_1	54813	266575	4.86	0	13
ptg022956l_1_region	54813	266575	4.86	0	13
ptg022972l_1	63782	357060	5.60	0	14
ptg022972l_1_region	63782	357060	5.60	0	14
ptg022973l_1	61982	357499	5.77	0	18
ptg022973l_1_region	61982	357499	5.77	0	18
ptg022976l_1	323178	2470641	7.64	0	19
ptg022976l_1_region	323178	2470641	7.64	0	19
ptg022985l_1	82070	550914	6.71	0	14
ptg022985l_1_region	82070	550914	6.71	0	14
ptg022991l_1	67224	193720	2.88	0	8
ptg022991l_1_region	67224	193720	2.88	0	8
ptg023005l_1	29118	1194962	41.04	1	73
ptg023005l_1_region	29118	1194962	41.04	1	73
ptg023030l_1	104453	430149	4.12	0	9
ptg023030l_1_region	104453	430149	4.12	0	9
ptg023037l_1	46088	2504074	54.33	16	136
ptg023037l_1_region	46088	2504074	54.33	16	136
ptg023042l_1	59947	219083	3.65	0	9
ptg023042l_1_region	59947	219083	3.65	0	9
ptg023045l_1	120196	580705	4.83	0	10
ptg023045l_1_region	120196	580705	4.83	0	10
ptg023048l_1	36711	337632	9.20	2	14
ptg023048l_1_region	36711	337632	9.20	2	14
ptg023052l_1	75362	129278	1.72	0	9
ptg023052l_1_region	75362	129278	1.72	0	9
ptg023058l_1	90168	565567	6.27	0	14
ptg023058l_1_region	90168	565567	6.27	0	14
ptg023059l_1	66450	173077	2.60	0	8
ptg023059l_1_region	66450	173077	2.60	0	8
ptg023072l_1	38215	353883	9.26	1	17
ptg023072l_1_region	38215	353883	9.26	1	17
ptg023085l_1	75966	668092	8.79	0	19
ptg023085l_1_region	75966	668092	8.79	0	19
ptg023088l_1	133173	724444	5.44	0	14
ptg023088l_1_region	133173	724444	5.44	0	14
ptg023110l_1	85107	558029	6.56	0	17
ptg023110l_1_region	85107	558029	6.56	0	17
ptg023112l_1	97765	902171	9.23	0	18
ptg023112l_1_region	97765	902171	9.23	0	18
ptg023116l_1	15106	151383	10.02	4	13
ptg023116l_1_region	15106	151383	10.02	4	13
ptg023123l_1	59183	299239	5.06	0	13
ptg023123l_1_region	59183	299239	5.06	0	13
ptg023128l_1	50007	302056	6.04	0	13
ptg023128l_1_region	50007	302056	6.04	0	13
ptg023135l_1	79687	382057	4.79	0	14
ptg023135l_1_region	79687	382057	4.79	0	14
ptg023185l_1	32582	225103	6.91	0	18
ptg023185l_1_region	32582	225103	6.91	0	18
ptg023187l_1	41412	79877	1.93	0	7
ptg023187l_1_region	41412	79877	1.93	0	7
ptg023195l_1	61342	266885	4.35	0	13
ptg023195l_1_region	61342	266885	4.35	0	13
ptg023196l_1	50846	239466	4.71	0	11
ptg023196l_1_region	50846	239466	4.71	0	11
ptg023211l_1	25387	344036	13.55	1	26
ptg023211l_1_region	25387	344036	13.55	1	26
ptg023219l_1	70352	324326	4.61	0	10
ptg023219l_1_region	70352	324326	4.61	0	10
ptg023224l_1	37345	170131	4.56	0	9
ptg023224l_1_region	37345	170131	4.56	0	9
ptg023260l_1	52586	933735	17.76	1	50
ptg023260l_1_region	52586	933735	17.76	1	50
ptg023269l_1	129941	677150	5.21	0	15
ptg023269l_1_region	129941	677150	5.21	0	15
ptg023279l_1	19260	34179	1.77	0	4
ptg023279l_1_region	19260	34179	1.77	0	4
ptg023280l_1	97733	203194	2.08	0	10
ptg023280l_1_region	97733	203194	2.08	0	10
ptg023290l_1	79052	355570	4.50	0	13
ptg023290l_1_region	79052	355570	4.50	0	13
ptg023298l_1	44148	154121	3.49	0	9
ptg023298l_1_region	44148	154121	3.49	0	9
ptg023305l_1	27437	210239	7.66	0	13
ptg023305l_1_region	27437	210239	7.66	0	13
ptg023316l_1	43535	330594	7.59	0	17
ptg023316l_1_region	43535	330594	7.59	0	17
ptg023319l_1	46294	171378	3.70	0	9
ptg023319l_1_region	46294	171378	3.70	0	9
ptg023325l_1	22528	236302	10.49	3	26
ptg023325l_1_region	22528	236302	10.49	3	26
ptg023359l_1	44951	20601	0.46	0	2
ptg023359l_1_region	44951	20601	0.46	0	2
ptg023376l_1	32473	170688	5.26	0	12
ptg023376l_1_region	32473	170688	5.26	0	12
ptg023424l_1	27826	56287	2.02	0	6
ptg023424l_1_region	27826	56287	2.02	0	6
ptg023473l_1	38106	939577	24.66	4	37
ptg023473l_1_region	38106	939577	24.66	4	37
ptg023487l_1	19471	185317	9.52	0	14
ptg023487l_1_region	19471	185317	9.52	0	14
ptg023511l_1	25726	4312	0.17	0	1
ptg023511l_1_region	25726	4312	0.17	0	1
ptg023513l_1	21872	140337	6.42	0	14
ptg023513l_1_region	21872	140337	6.42	0	14
ptg023515l_1	29299	435312	14.86	1	36
ptg023515l_1_region	29299	435312	14.86	1	36
ptg023538l_1	53023	621469	11.72	0	25
ptg023538l_1_region	53023	621469	11.72	0	25
ptg023553l_1	16607	464499	27.97	3	48
ptg023553l_1_region	16607	464499	27.97	3	48
ptg023557l_1	49099	166512	3.39	0	10
ptg023557l_1_region	49099	166512	3.39	0	10
ptg023568l_1	76825	385730	5.02	0	11
ptg023568l_1_region	76825	385730	5.02	0	11
ptg023573l_1	64110	184684	2.88	0	9
ptg023573l_1_region	64110	184684	2.88	0	9
ptg023587l_1	17824	264407	14.83	2	23
ptg023587l_1_region	17824	264407	14.83	2	23
ptg023611l_1	21158	124776	5.90	0	22
ptg023611l_1_region	21158	124776	5.90	0	22
ptg023631l_1	15534	224331	14.44	1	29
ptg023631l_1_region	15534	224331	14.44	1	29
ptg023664l_1	21426	81205	3.79	1	8
ptg023664l_1_region	21426	81205	3.79	1	8
ptg023681l_1	20885	21643	1.04	0	4
ptg023681l_1_region	20885	21643	1.04	0	4
ptg023695l_1	12589	85592	6.80	0	11
ptg023695l_1_region	12589	85592	6.80	0	11
ptg023699l_1	42749	298426	6.98	0	14
ptg023699l_1_region	42749	298426	6.98	0	14
ptg023783l_1	31291	98278	3.14	0	7
ptg023783l_1_region	31291	98278	3.14	0	7
ptg023793l_1	33855	373865	11.04	1	20
ptg023793l_1_region	33855	373865	11.04	1	20
ptg023802l_1	13654	80071	5.86	0	9
ptg023802l_1_region	13654	80071	5.86	0	9
ptg023819l_1	6653	347178	52.18	4	72
ptg023819l_1_region	6653	347178	52.18	4	72
ptg023853l_1	29192	231695	7.94	0	14
ptg023853l_1_region	29192	231695	7.94	0	14
ptg023873l_1	42811	289132	6.75	0	13
ptg023873l_1_region	42811	289132	6.75	0	13
ptg023896l_1	21981	100900	4.59	0	11
ptg023896l_1_region	21981	100900	4.59	0	11
ptg023908l_1	21775	228963	10.51	0	18
ptg023908l_1_region	21775	228963	10.51	0	18
ptg023910l_1	21826	214006	9.81	0	17
ptg023910l_1_region	21826	214006	9.81	0	17
ptg023938l_1	18385	74593	4.06	0	10
ptg023938l_1_region	18385	74593	4.06	0	10
ptg023947l_1	25706	186548	7.26	0	16
ptg023947l_1_region	25706	186548	7.26	0	16
ptg023960l_1	12224	82970	6.79	4	9
ptg023960l_1_region	12224	82970	6.79	4	9
ptg023993l_1	33531	3698354	110.30	6	275
ptg023993l_1_region	33531	3698354	110.30	6	275
ptg024002l_1	50623	326060	6.44	0	13
ptg024002l_1_region	50623	326060	6.44	0	13
ptg024008l_1	13396	88216	6.59	3	10
ptg024008l_1_region	13396	88216	6.59	3	10
ptg024017l_1	9895	50513	5.10	2	7
ptg024017l_1_region	9895	50513	5.10	2	7
ptg024033l_1	15370	115161	7.49	2	10
ptg024033l_1_region	15370	115161	7.49	2	10
ptg024081l_1	17051	229707	13.47	0	23
ptg024081l_1_region	17051	229707	13.47	0	23
ptg024114l_1	36210	561070	15.49	0	35
ptg024114l_1_region	36210	561070	15.49	0	35
total	2837554363	23951556935	8.44	0	1978
total_region	2837554363	23951556935	8.44	0	1978
