chrom	length	bases	mean	min	max
ptg000001l_1	224559	745816	3.32	0	9
ptg000001l_1_region	224559	745816	3.32	0	9
ptg000002l_1	466864	1602352	3.43	0	22
ptg000002l_1_region	466864	1602352	3.43	0	22
ptg000003l_1	403059	1422497	3.53	0	13
ptg000003l_1_region	403059	1422497	3.53	0	13
ptg000004l_1	1905946	6161737	3.23	0	11
ptg000004l_1_region	1905946	6161737	3.23	0	11
ptg000007l_1	668351	1703698	2.55	0	11
ptg000007l_1_region	668351	1703698	2.55	0	11
ptg000009l_1	1309717	4291060	3.28	0	15
ptg000009l_1_region	1309717	4291060	3.28	0	15
ptg000010l_1	1379608	4892216	3.55	0	16
ptg000010l_1_region	1379608	4892216	3.55	0	16
ptg000011l_1	1181895	4207735	3.56	0	13
ptg000011l_1_region	1181895	4207735	3.56	0	13
ptg000012l_1	2003601	6813529	3.40	0	19
ptg000012l_1_region	2003601	6813529	3.40	0	19
ptg000014l_1	496174	1434303	2.89	0	12
ptg000014l_1_region	496174	1434303	2.89	0	12
ptg000017l_1	337928	1728969	5.12	0	30
ptg000017l_1_region	337928	1728969	5.12	0	30
ptg000018l_1	1171150	3489340	2.98	0	18
ptg000018l_1_region	1171150	3489340	2.98	0	18
ptg000020l_1	838433	2786810	3.32	0	13
ptg000020l_1_region	838433	2786810	3.32	0	13
ptg000022l_1	763729	1731982	2.27	0	9
ptg000022l_1_region	763729	1731982	2.27	0	9
ptg000023l_1	3419222	12176456	3.56	0	16
ptg000023l_1_region	3419222	12176456	3.56	0	16
ptg000024l_1	3723909	15293490	4.11	0	19
ptg000024l_1_region	3723909	15293490	4.11	0	19
ptg000025l_1	2438521	8454434	3.47	0	17
ptg000025l_1_region	2438521	8454434	3.47	0	17
ptg000026l_1	567458	1661566	2.93	0	14
ptg000026l_1_region	567458	1661566	2.93	0	14
ptg000027l_1	2516055	7673534	3.05	0	15
ptg000027l_1_region	2516055	7673534	3.05	0	15
ptg000028l_1	1739603	8151272	4.69	0	42
ptg000028l_1_region	1739603	8151272	4.69	0	42
ptg000029l_1	378547	2740225	7.24	0	59
ptg000029l_1_region	378547	2740225	7.24	0	59
ptg000031l_1	1937049	7266223	3.75	0	14
ptg000031l_1_region	1937049	7266223	3.75	0	14
ptg000032l_1	787133	2279577	2.90	0	12
ptg000032l_1_region	787133	2279577	2.90	0	12
ptg000034l_1	640064	2347444	3.67	0	14
ptg000034l_1_region	640064	2347444	3.67	0	14
ptg000035l_1	1094022	4095121	3.74	0	22
ptg000035l_1_region	1094022	4095121	3.74	0	22
ptg000036l_1	672284	2014671	3.00	0	11
ptg000036l_1_region	672284	2014671	3.00	0	11
ptg000037l_1	600481	1317110	2.19	0	10
ptg000037l_1_region	600481	1317110	2.19	0	10
ptg000040l_1	1733005	6087006	3.51	0	21
ptg000040l_1_region	1733005	6087006	3.51	0	21
ptg000041l_1	154533	436977	2.83	0	8
ptg000041l_1_region	154533	436977	2.83	0	8
ptg000043l_1	1204965	4025964	3.34	0	11
ptg000043l_1_region	1204965	4025964	3.34	0	11
ptg000044l_1	94748	55738	0.59	0	5
ptg000044l_1_region	94748	55738	0.59	0	5
ptg000045l_1	492275	975282	1.98	0	39
ptg000045l_1_region	492275	975282	1.98	0	39
ptg000046l_1	327139	852961	2.61	0	8
ptg000046l_1_region	327139	852961	2.61	0	8
ptg000047l_1	872861	2647541	3.03	0	11
ptg000047l_1_region	872861	2647541	3.03	0	11
ptg000048l_1	267187	966268	3.62	0	10
ptg000048l_1_region	267187	966268	3.62	0	10
ptg000049l_1	2613172	10011617	3.83	0	17
ptg000049l_1_region	2613172	10011617	3.83	0	17
ptg000050l_1	181505	425572	2.34	0	10
ptg000050l_1_region	181505	425572	2.34	0	10
ptg000051l_1	361702	1126177	3.11	0	9
ptg000051l_1_region	361702	1126177	3.11	0	9
ptg000052l_1	1893344	4903333	2.59	0	15
ptg000052l_1_region	1893344	4903333	2.59	0	15
ptg000053l_1	249816	830884	3.33	0	10
ptg000053l_1_region	249816	830884	3.33	0	10
ptg000054l_1	2153890	7836034	3.64	0	17
ptg000054l_1_region	2153890	7836034	3.64	0	17
ptg000055l_1	2483671	8686830	3.50	0	24
ptg000055l_1_region	2483671	8686830	3.50	0	24
ptg000056l_1	872788	2440985	2.80	0	11
ptg000056l_1_region	872788	2440985	2.80	0	11
ptg000057l_1	1766985	6878291	3.89	0	32
ptg000057l_1_region	1766985	6878291	3.89	0	32
ptg000058l_1	370373	1136378	3.07	0	10
ptg000058l_1_region	370373	1136378	3.07	0	10
ptg000059l_1	410718	1282175	3.12	0	11
ptg000059l_1_region	410718	1282175	3.12	0	11
ptg000060l_1	527093	2136826	4.05	0	13
ptg000060l_1_region	527093	2136826	4.05	0	13
ptg000061l_1	3211763	11183412	3.48	0	15
ptg000061l_1_region	3211763	11183412	3.48	0	15
ptg000062l_1	1612754	4338089	2.69	0	19
ptg000062l_1_region	1612754	4338089	2.69	0	19
ptg000063l_1	378872	976874	2.58	0	12
ptg000063l_1_region	378872	976874	2.58	0	12
ptg000065l_1	795592	2074394	2.61	0	13
ptg000065l_1_region	795592	2074394	2.61	0	13
ptg000066l_1	113674	194315	1.71	0	9
ptg000066l_1_region	113674	194315	1.71	0	9
ptg000067l_1	567839	1551431	2.73	0	11
ptg000067l_1_region	567839	1551431	2.73	0	11
ptg000068l_1	1200107	3683821	3.07	0	12
ptg000068l_1_region	1200107	3683821	3.07	0	12
ptg000069l_1	440038	935201	2.13	0	7
ptg000069l_1_region	440038	935201	2.13	0	7
ptg000070l_1	635141	1742462	2.74	0	9
ptg000070l_1_region	635141	1742462	2.74	0	9
ptg000071l_1	492128	1255833	2.55	0	9
ptg000071l_1_region	492128	1255833	2.55	0	9
ptg000073l_1	596027	2375657	3.99	0	13
ptg000073l_1_region	596027	2375657	3.99	0	13
ptg000075l_1	1362389	3596143	2.64	0	16
ptg000075l_1_region	1362389	3596143	2.64	0	16
ptg000078l_1	1849515	6538976	3.54	0	14
ptg000078l_1_region	1849515	6538976	3.54	0	14
ptg000079l_1	1553048	5028270	3.24	0	12
ptg000079l_1_region	1553048	5028270	3.24	0	12
ptg000080l_1	1248482	3803824	3.05	0	12
ptg000080l_1_region	1248482	3803824	3.05	0	12
ptg000082l_1	1741085	5216295	3.00	0	11
ptg000082l_1_region	1741085	5216295	3.00	0	11
ptg000083l_1	944999	3141639	3.32	0	12
ptg000083l_1_region	944999	3141639	3.32	0	12
ptg000084l_1	3696174	13405050	3.63	0	16
ptg000084l_1_region	3696174	13405050	3.63	0	16
ptg000085l_1	1772517	6137283	3.46	0	18
ptg000085l_1_region	1772517	6137283	3.46	0	18
ptg000086l_1	668477	2282425	3.41	0	11
ptg000086l_1_region	668477	2282425	3.41	0	11
ptg000087l_1	307370	888275	2.89	0	9
ptg000087l_1_region	307370	888275	2.89	0	9
ptg000088l_1	2675700	8807575	3.29	0	23
ptg000088l_1_region	2675700	8807575	3.29	0	23
ptg000089l_1	1527381	5719473	3.74	0	16
ptg000089l_1_region	1527381	5719473	3.74	0	16
ptg000090l_1	1489912	5432000	3.65	0	17
ptg000090l_1_region	1489912	5432000	3.65	0	17
ptg000091l_1	410195	1186519	2.89	0	9
ptg000091l_1_region	410195	1186519	2.89	0	9
ptg000092l_1	2127149	7524273	3.54	0	12
ptg000092l_1_region	2127149	7524273	3.54	0	12
ptg000093l_1	477205	1536708	3.22	0	10
ptg000093l_1_region	477205	1536708	3.22	0	10
ptg000095l_1	443974	1811501	4.08	0	19
ptg000095l_1_region	443974	1811501	4.08	0	19
ptg000096l_1	1811472	7112808	3.93	0	13
ptg000096l_1_region	1811472	7112808	3.93	0	13
ptg000098l_1	1463058	4771144	3.26	0	15
ptg000098l_1_region	1463058	4771144	3.26	0	15
ptg000101l_1	568537	2517307	4.43	0	21
ptg000101l_1_region	568537	2517307	4.43	0	21
ptg000102l_1	306991	862517	2.81	0	12
ptg000102l_1_region	306991	862517	2.81	0	12
ptg000103l_1	738690	2497558	3.38	0	11
ptg000103l_1_region	738690	2497558	3.38	0	11
ptg000105l_1	4970350	20078653	4.04	0	40
ptg000105l_1_region	4970350	20078653	4.04	0	40
ptg000106l_1	830955	2142738	2.58	0	14
ptg000106l_1_region	830955	2142738	2.58	0	14
ptg000107l_1	610488	2859736	4.68	0	19
ptg000107l_1_region	610488	2859736	4.68	0	19
ptg000108l_1	524569	2145918	4.09	0	13
ptg000108l_1_region	524569	2145918	4.09	0	13
ptg000109l_1	2434425	9840740	4.04	0	16
ptg000109l_1_region	2434425	9840740	4.04	0	16
ptg000110l_1	694748	2287810	3.29	0	12
ptg000110l_1_region	694748	2287810	3.29	0	12
ptg000111l_1	1886279	8261199	4.38	0	30
ptg000111l_1_region	1886279	8261199	4.38	0	30
ptg000112l_1	1407615	5358438	3.81	0	15
ptg000112l_1_region	1407615	5358438	3.81	0	15
ptg000113l_1	873124	3161669	3.62	0	18
ptg000113l_1_region	873124	3161669	3.62	0	18
ptg000114l_1	2003064	7496989	3.74	0	16
ptg000114l_1_region	2003064	7496989	3.74	0	16
ptg000115l_1	94480	256143	2.71	0	10
ptg000115l_1_region	94480	256143	2.71	0	10
ptg000116l_1	549585	1437386	2.62	0	13
ptg000116l_1_region	549585	1437386	2.62	0	13
ptg000117l_1	999763	2906107	2.91	0	12
ptg000117l_1_region	999763	2906107	2.91	0	12
ptg000118l_1	589492	1749367	2.97	0	15
ptg000118l_1_region	589492	1749367	2.97	0	15
ptg000120l_1	2480957	8961585	3.61	0	14
ptg000120l_1_region	2480957	8961585	3.61	0	14
ptg000121l_1	1320917	6428522	4.87	0	61
ptg000121l_1_region	1320917	6428522	4.87	0	61
ptg000123l_1	915833	3869259	4.22	0	25
ptg000123l_1_region	915833	3869259	4.22	0	25
ptg000124l_1	291375	729223	2.50	0	17
ptg000124l_1_region	291375	729223	2.50	0	17
ptg000126l_1	1277451	4329502	3.39	0	13
ptg000126l_1_region	1277451	4329502	3.39	0	13
ptg000127l_1	919908	2647840	2.88	0	41
ptg000127l_1_region	919908	2647840	2.88	0	41
ptg000128l_1	128665	289526	2.25	0	10
ptg000128l_1_region	128665	289526	2.25	0	10
ptg000130l_1	3405925	12944602	3.80	0	17
ptg000130l_1_region	3405925	12944602	3.80	0	17
ptg000132l_1	690063	1905445	2.76	0	12
ptg000132l_1_region	690063	1905445	2.76	0	12
ptg000133l_1	358350	1337916	3.73	0	11
ptg000133l_1_region	358350	1337916	3.73	0	11
ptg000134l_1	524336	1865125	3.56	0	15
ptg000134l_1_region	524336	1865125	3.56	0	15
ptg000135l_1	832229	3465348	4.16	0	85
ptg000135l_1_region	832229	3465348	4.16	0	85
ptg000139l_1	208592	327573	1.57	0	25
ptg000139l_1_region	208592	327573	1.57	0	25
ptg000141l_1	303809	1005396	3.31	0	12
ptg000141l_1_region	303809	1005396	3.31	0	12
ptg000142l_1	2190402	6712404	3.06	0	12
ptg000142l_1_region	2190402	6712404	3.06	0	12
ptg000143l_1	883044	3394001	3.84	0	22
ptg000143l_1_region	883044	3394001	3.84	0	22
ptg000144l_1	2444314	9287505	3.80	0	17
ptg000144l_1_region	2444314	9287505	3.80	0	17
ptg000145l_1	11518	4653	0.40	0	1
ptg000145l_1_region	11518	4653	0.40	0	1
ptg000146l_1	7492590	24708202	3.30	0	15
ptg000146l_1_region	7492590	24708202	3.30	0	15
ptg000149l_1	909849	1811566	1.99	0	16
ptg000149l_1_region	909849	1811566	1.99	0	16
ptg000151l_1	288085	840653	2.92	0	11
ptg000151l_1_region	288085	840653	2.92	0	11
ptg000152l_1	1331212	3833713	2.88	0	11
ptg000152l_1_region	1331212	3833713	2.88	0	11
ptg000153l_1	375346	703895	1.88	0	14
ptg000153l_1_region	375346	703895	1.88	0	14
ptg000154l_1	452370	912398	2.02	0	8
ptg000154l_1_region	452370	912398	2.02	0	8
ptg000156l_1	635326	1842067	2.90	0	11
ptg000156l_1_region	635326	1842067	2.90	0	11
ptg000157l_1	1182189	2608005	2.21	0	13
ptg000157l_1_region	1182189	2608005	2.21	0	13
ptg000158l_1	1623674	6241309	3.84	0	15
ptg000158l_1_region	1623674	6241309	3.84	0	15
ptg000159l_1	1008278	3393475	3.37	0	23
ptg000159l_1_region	1008278	3393475	3.37	0	23
ptg000160l_1	224206	699643	3.12	0	9
ptg000160l_1_region	224206	699643	3.12	0	9
ptg000161l_1	160579	340075	2.12	0	7
ptg000161l_1_region	160579	340075	2.12	0	7
ptg000162l_1	321650	1107208	3.44	0	10
ptg000162l_1_region	321650	1107208	3.44	0	10
ptg000163l_1	823142	2086703	2.54	0	18
ptg000163l_1_region	823142	2086703	2.54	0	18
ptg000166l_1	2051859	7684303	3.75	0	13
ptg000166l_1_region	2051859	7684303	3.75	0	13
ptg000167l_1	552886	2041911	3.69	0	19
ptg000167l_1_region	552886	2041911	3.69	0	19
ptg000168l_1	2396652	9668705	4.03	0	16
ptg000168l_1_region	2396652	9668705	4.03	0	16
ptg000170l_1	71920	182310	2.53	0	12
ptg000170l_1_region	71920	182310	2.53	0	12
ptg000172l_1	996812	3156639	3.17	0	14
ptg000172l_1_region	996812	3156639	3.17	0	14
ptg000173l_1	2831687	13235705	4.67	0	103
ptg000173l_1_region	2831687	13235705	4.67	0	103
ptg000174l_1	2837679	10940151	3.86	0	65
ptg000174l_1_region	2837679	10940151	3.86	0	65
ptg000176l_1	734222	2202674	3.00	0	11
ptg000176l_1_region	734222	2202674	3.00	0	11
ptg000177l_1	380365	1286697	3.38	0	11
ptg000177l_1_region	380365	1286697	3.38	0	11
ptg000178l_1	899325	3399421	3.78	0	11
ptg000178l_1_region	899325	3399421	3.78	0	11
ptg000179l_1	1589938	5262962	3.31	0	13
ptg000179l_1_region	1589938	5262962	3.31	0	13
ptg000180l_1	4958610	17012609	3.43	0	27
ptg000180l_1_region	4958610	17012609	3.43	0	27
ptg000181l_1	1076598	5262724	4.89	0	22
ptg000181l_1_region	1076598	5262724	4.89	0	22
ptg000182l_1	726590	1924437	2.65	0	10
ptg000182l_1_region	726590	1924437	2.65	0	10
ptg000183l_1	1486283	5481459	3.69	0	14
ptg000183l_1_region	1486283	5481459	3.69	0	14
ptg000184l_1	1328294	2757065	2.08	0	14
ptg000184l_1_region	1328294	2757065	2.08	0	14
ptg000186l_1	1078385	1844798	1.71	0	34
ptg000186l_1_region	1078385	1844798	1.71	0	34
ptg000187l_1	555860	1545447	2.78	0	13
ptg000187l_1_region	555860	1545447	2.78	0	13
ptg000189l_1	950716	3476405	3.66	0	16
ptg000189l_1_region	950716	3476405	3.66	0	16
ptg000190l_1	695878	2241584	3.22	0	12
ptg000190l_1_region	695878	2241584	3.22	0	12
ptg000191l_1	560346	1600675	2.86	0	10
ptg000191l_1_region	560346	1600675	2.86	0	10
ptg000193l_1	1088742	2683101	2.46	0	49
ptg000193l_1_region	1088742	2683101	2.46	0	49
ptg000194l_1	343069	797021	2.32	0	8
ptg000194l_1_region	343069	797021	2.32	0	8
ptg000196l_1	500977	1179712	2.35	0	10
ptg000196l_1_region	500977	1179712	2.35	0	10
ptg000197l_1	2050182	6687917	3.26	0	11
ptg000197l_1_region	2050182	6687917	3.26	0	11
ptg000198l_1	77175	180819	2.34	0	7
ptg000198l_1_region	77175	180819	2.34	0	7
ptg000199l_1	270854	1017184	3.76	0	10
ptg000199l_1_region	270854	1017184	3.76	0	10
ptg000201l_1	1194432	4102356	3.43	0	13
ptg000201l_1_region	1194432	4102356	3.43	0	13
ptg000202l_1	338903	1408310	4.16	0	22
ptg000202l_1_region	338903	1408310	4.16	0	22
ptg000203l_1	1285271	4685041	3.65	0	13
ptg000203l_1_region	1285271	4685041	3.65	0	13
ptg000204l_1	177711	371119	2.09	0	78
ptg000204l_1_region	177711	371119	2.09	0	78
ptg000205l_1	1218044	3784130	3.11	0	15
ptg000205l_1_region	1218044	3784130	3.11	0	15
ptg000210l_1	593359	1875981	3.16	0	11
ptg000210l_1_region	593359	1875981	3.16	0	11
ptg000212l_1	305324	732614	2.40	0	10
ptg000212l_1_region	305324	732614	2.40	0	10
ptg000213l_1	242993	858126	3.53	0	10
ptg000213l_1_region	242993	858126	3.53	0	10
ptg000216l_1	4834949	16083409	3.33	0	13
ptg000216l_1_region	4834949	16083409	3.33	0	13
ptg000217l_1	1345822	4244009	3.15	0	13
ptg000217l_1_region	1345822	4244009	3.15	0	13
ptg000218l_1	1256994	4415111	3.51	0	12
ptg000218l_1_region	1256994	4415111	3.51	0	12
ptg000219l_1	38657	108373	2.80	0	15
ptg000219l_1_region	38657	108373	2.80	0	15
ptg000220l_1	417906	1198091	2.87	0	10
ptg000220l_1_region	417906	1198091	2.87	0	10
ptg000221l_1	1634945	8184237	5.01	0	77
ptg000221l_1_region	1634945	8184237	5.01	0	77
ptg000224l_1	392325	1855187	4.73	0	39
ptg000224l_1_region	392325	1855187	4.73	0	39
ptg000225l_1	764210	2578410	3.37	0	12
ptg000225l_1_region	764210	2578410	3.37	0	12
ptg000226l_1	3213748	14021496	4.36	0	60
ptg000226l_1_region	3213748	14021496	4.36	0	60
ptg000227l_1	2462771	9046088	3.67	0	14
ptg000227l_1_region	2462771	9046088	3.67	0	14
ptg000228l_1	531801	1710182	3.22	0	14
ptg000228l_1_region	531801	1710182	3.22	0	14
ptg000229l_1	2590128	9119104	3.52	0	18
ptg000229l_1_region	2590128	9119104	3.52	0	18
ptg000230l_1	627622	1812375	2.89	0	9
ptg000230l_1_region	627622	1812375	2.89	0	9
ptg000231l_1	719154	2388989	3.32	0	11
ptg000231l_1_region	719154	2388989	3.32	0	11
ptg000232l_1	993414	4661587	4.69	0	17
ptg000232l_1_region	993414	4661587	4.69	0	17
ptg000233l_1	524192	932354	1.78	0	17
ptg000233l_1_region	524192	932354	1.78	0	17
ptg000235l_1	1180006	3957965	3.35	0	24
ptg000235l_1_region	1180006	3957965	3.35	0	24
ptg000236l_1	2007253	7705248	3.84	0	13
ptg000236l_1_region	2007253	7705248	3.84	0	13
ptg000237l_1	1396942	3462343	2.48	0	20
ptg000237l_1_region	1396942	3462343	2.48	0	20
ptg000238l_1	354683	1162490	3.28	0	10
ptg000238l_1_region	354683	1162490	3.28	0	10
ptg000239l_1	963045	4432440	4.60	0	65
ptg000239l_1_region	963045	4432440	4.60	0	65
ptg000240l_1	2143447	6662086	3.11	0	16
ptg000240l_1_region	2143447	6662086	3.11	0	16
ptg000241l_1	3017794	10372180	3.44	0	29
ptg000241l_1_region	3017794	10372180	3.44	0	29
ptg000242l_1	818506	2010420	2.46	0	12
ptg000242l_1_region	818506	2010420	2.46	0	12
ptg000243l_1	263463	853951	3.24	0	9
ptg000243l_1_region	263463	853951	3.24	0	9
ptg000244l_1	1152493	4051724	3.52	0	28
ptg000244l_1_region	1152493	4051724	3.52	0	28
ptg000246l_1	823475	2515001	3.05	0	13
ptg000246l_1_region	823475	2515001	3.05	0	13
ptg000247l_1	199791	1178037	5.90	0	28
ptg000247l_1_region	199791	1178037	5.90	0	28
ptg000248l_1	1457400	5875966	4.03	0	16
ptg000248l_1_region	1457400	5875966	4.03	0	16
ptg000250l_1	253398	722466	2.85	0	8
ptg000250l_1_region	253398	722466	2.85	0	8
ptg000251l_1	1320901	4850144	3.67	0	12
ptg000251l_1_region	1320901	4850144	3.67	0	12
ptg000252l_1	618470	1667670	2.70	0	10
ptg000252l_1_region	618470	1667670	2.70	0	10
ptg000253l_1	805007	3430841	4.26	0	145
ptg000253l_1_region	805007	3430841	4.26	0	145
ptg000254l_1	1250170	4880347	3.90	0	87
ptg000254l_1_region	1250170	4880347	3.90	0	87
ptg000255l_1	831340	3043475	3.66	0	16
ptg000255l_1_region	831340	3043475	3.66	0	16
ptg000256l_1	1025818	3233656	3.15	0	11
ptg000256l_1_region	1025818	3233656	3.15	0	11
ptg000257l_1	762619	2594497	3.40	0	14
ptg000257l_1_region	762619	2594497	3.40	0	14
ptg000258l_1	1965244	7336267	3.73	0	13
ptg000258l_1_region	1965244	7336267	3.73	0	13
ptg000259l_1	238620	749990	3.14	0	12
ptg000259l_1_region	238620	749990	3.14	0	12
ptg000260l_1	415691	1282182	3.08	0	12
ptg000260l_1_region	415691	1282182	3.08	0	12
ptg000261l_1	433214	1732833	4.00	0	12
ptg000261l_1_region	433214	1732833	4.00	0	12
ptg000262l_1	3886901	13206490	3.40	0	16
ptg000262l_1_region	3886901	13206490	3.40	0	16
ptg000264l_1	3169550	11248753	3.55	0	24
ptg000264l_1_region	3169550	11248753	3.55	0	24
ptg000265l_1	1518816	4953581	3.26	0	89
ptg000265l_1_region	1518816	4953581	3.26	0	89
ptg000266l_1	590855	2033875	3.44	0	12
ptg000266l_1_region	590855	2033875	3.44	0	12
ptg000269l_1	969621	3815095	3.93	0	17
ptg000269l_1_region	969621	3815095	3.93	0	17
ptg000270l_1	222292	629871	2.83	0	10
ptg000270l_1_region	222292	629871	2.83	0	10
ptg000272l_1	391583	1906517	4.87	0	43
ptg000272l_1_region	391583	1906517	4.87	0	43
ptg000274l_1	159812	309548	1.94	0	16
ptg000274l_1_region	159812	309548	1.94	0	16
ptg000275l_1	950644	2445804	2.57	0	11
ptg000275l_1_region	950644	2445804	2.57	0	11
ptg000277l_1	653682	2126731	3.25	0	10
ptg000277l_1_region	653682	2126731	3.25	0	10
ptg000278l_1	1146462	2926759	2.55	0	13
ptg000278l_1_region	1146462	2926759	2.55	0	13
ptg000280l_1	1112809	2671736	2.40	0	14
ptg000280l_1_region	1112809	2671736	2.40	0	14
ptg000281l_1	204536	507850	2.48	0	8
ptg000281l_1_region	204536	507850	2.48	0	8
ptg000282l_1	962993	1886861	1.96	0	9
ptg000282l_1_region	962993	1886861	1.96	0	9
ptg000286l_1	499241	1382484	2.77	0	9
ptg000286l_1_region	499241	1382484	2.77	0	9
ptg000287l_1	486252	1332090	2.74	0	13
ptg000287l_1_region	486252	1332090	2.74	0	13
ptg000288l_1	781569	2653586	3.40	0	11
ptg000288l_1_region	781569	2653586	3.40	0	11
ptg000289l_1	402491	1639306	4.07	0	18
ptg000289l_1_region	402491	1639306	4.07	0	18
ptg000290l_1	230781	802812	3.48	0	10
ptg000290l_1_region	230781	802812	3.48	0	10
ptg000291l_1	449828	1522951	3.39	0	14
ptg000291l_1_region	449828	1522951	3.39	0	14
ptg000292l_1	290188	509101	1.75	0	17
ptg000292l_1_region	290188	509101	1.75	0	17
ptg000293l_1	3251132	12129297	3.73	0	20
ptg000293l_1_region	3251132	12129297	3.73	0	20
ptg000294l_1	456701	1012531	2.22	0	18
ptg000294l_1_region	456701	1012531	2.22	0	18
ptg000295l_1	390530	595881	1.53	0	11
ptg000295l_1_region	390530	595881	1.53	0	11
ptg000298l_1	539519	1731854	3.21	0	9
ptg000298l_1_region	539519	1731854	3.21	0	9
ptg000299l_1	2667197	11357563	4.26	0	23
ptg000299l_1_region	2667197	11357563	4.26	0	23
ptg000300l_1	477177	1041259	2.18	0	10
ptg000300l_1_region	477177	1041259	2.18	0	10
ptg000301l_1	2056047	7038678	3.42	0	15
ptg000301l_1_region	2056047	7038678	3.42	0	15
ptg000302l_1	272914	469485	1.72	0	8
ptg000302l_1_region	272914	469485	1.72	0	8
ptg000303l_1	814266	4726564	5.80	0	45
ptg000303l_1_region	814266	4726564	5.80	0	45
ptg000305l_1	2359397	8123708	3.44	0	15
ptg000305l_1_region	2359397	8123708	3.44	0	15
ptg000306l_1	875252	3110606	3.55	0	14
ptg000306l_1_region	875252	3110606	3.55	0	14
ptg000308l_1	3281943	11134157	3.39	0	15
ptg000308l_1_region	3281943	11134157	3.39	0	15
ptg000309l_1	2550652	9084594	3.56	0	13
ptg000309l_1_region	2550652	9084594	3.56	0	13
ptg000310l_1	1232748	4665220	3.78	0	29
ptg000310l_1_region	1232748	4665220	3.78	0	29
ptg000311l_1	361223	1279895	3.54	0	11
ptg000311l_1_region	361223	1279895	3.54	0	11
ptg000312l_1	514372	1759972	3.42	0	12
ptg000312l_1_region	514372	1759972	3.42	0	12
ptg000313l_1	1596209	5308138	3.33	0	18
ptg000313l_1_region	1596209	5308138	3.33	0	18
ptg000314l_1	1727544	6277354	3.63	0	22
ptg000314l_1_region	1727544	6277354	3.63	0	22
ptg000316l_1	2678725	9049454	3.38	0	29
ptg000316l_1_region	2678725	9049454	3.38	0	29
ptg000318l_1	1089565	4340953	3.98	0	18
ptg000318l_1_region	1089565	4340953	3.98	0	18
ptg000319l_1	1884544	5926908	3.15	0	11
ptg000319l_1_region	1884544	5926908	3.15	0	11
ptg000321l_1	310073	953759	3.08	0	105
ptg000321l_1_region	310073	953759	3.08	0	105
ptg000323l_1	8967193	33508048	3.74	0	42
ptg000323l_1_region	8967193	33508048	3.74	0	42
ptg000324l_1	1116591	3335936	2.99	0	11
ptg000324l_1_region	1116591	3335936	2.99	0	11
ptg000325l_1	2509470	10086901	4.02	0	64
ptg000325l_1_region	2509470	10086901	4.02	0	64
ptg000326l_1	768526	2526878	3.29	0	14
ptg000326l_1_region	768526	2526878	3.29	0	14
ptg000327l_1	622577	1663701	2.67	0	17
ptg000327l_1_region	622577	1663701	2.67	0	17
ptg000329l_1	294202	947229	3.22	0	10
ptg000329l_1_region	294202	947229	3.22	0	10
ptg000330l_1	119827	284338	2.37	0	6
ptg000330l_1_region	119827	284338	2.37	0	6
ptg000331l_1	1232275	4024603	3.27	0	15
ptg000331l_1_region	1232275	4024603	3.27	0	15
ptg000332l_1	634585	2162069	3.41	0	12
ptg000332l_1_region	634585	2162069	3.41	0	12
ptg000333l_1	209017	590682	2.83	0	9
ptg000333l_1_region	209017	590682	2.83	0	9
ptg000334l_1	1677475	6089081	3.63	0	17
ptg000334l_1_region	1677475	6089081	3.63	0	17
ptg000337l_1	685269	2381465	3.48	0	11
ptg000337l_1_region	685269	2381465	3.48	0	11
ptg000339l_1	611204	1214280	1.99	0	12
ptg000339l_1_region	611204	1214280	1.99	0	12
ptg000340l_1	540027	1496062	2.77	0	18
ptg000340l_1_region	540027	1496062	2.77	0	18
ptg000341l_1	2294078	7299356	3.18	0	18
ptg000341l_1_region	2294078	7299356	3.18	0	18
ptg000342l_1	3083261	12229878	3.97	0	22
ptg000342l_1_region	3083261	12229878	3.97	0	22
ptg000343l_1	1546982	4782149	3.09	0	15
ptg000343l_1_region	1546982	4782149	3.09	0	15
ptg000344l_1	1883224	8564417	4.55	0	19
ptg000344l_1_region	1883224	8564417	4.55	0	19
ptg000345l_1	1354131	5984073	4.42	0	17
ptg000345l_1_region	1354131	5984073	4.42	0	17
ptg000346l_1	1504801	4323345	2.87	0	14
ptg000346l_1_region	1504801	4323345	2.87	0	14
ptg000347l_1	571508	1879167	3.29	0	12
ptg000347l_1_region	571508	1879167	3.29	0	12
ptg000348l_1	2604201	8785412	3.37	0	13
ptg000348l_1_region	2604201	8785412	3.37	0	13
ptg000350l_1	1458664	5246477	3.60	0	12
ptg000350l_1_region	1458664	5246477	3.60	0	12
ptg000351l_1	2121138	7454600	3.51	0	13
ptg000351l_1_region	2121138	7454600	3.51	0	13
ptg000352l_1	4132784	14172786	3.43	0	13
ptg000352l_1_region	4132784	14172786	3.43	0	13
ptg000353l_1	25168	82045	3.26	0	6
ptg000353l_1_region	25168	82045	3.26	0	6
ptg000354l_1	739641	2091858	2.83	0	11
ptg000354l_1_region	739641	2091858	2.83	0	11
ptg000355l_1	414555	889533	2.15	0	8
ptg000355l_1_region	414555	889533	2.15	0	8
ptg000356l_1	1038532	3727670	3.59	0	13
ptg000356l_1_region	1038532	3727670	3.59	0	13
ptg000357l_1	2366393	8287505	3.50	0	16
ptg000357l_1_region	2366393	8287505	3.50	0	16
ptg000358l_1	942933	3270021	3.47	0	13
ptg000358l_1_region	942933	3270021	3.47	0	13
ptg000359l_1	2985143	10699396	3.58	0	12
ptg000359l_1_region	2985143	10699396	3.58	0	12
ptg000360l_1	474348	1661185	3.50	0	16
ptg000360l_1_region	474348	1661185	3.50	0	16
ptg000362l_1	268720	722819	2.69	0	12
ptg000362l_1_region	268720	722819	2.69	0	12
ptg000363l_1	694316	2312209	3.33	0	11
ptg000363l_1_region	694316	2312209	3.33	0	11
ptg000365l_1	321059	1053552	3.28	0	22
ptg000365l_1_region	321059	1053552	3.28	0	22
ptg000367l_1	523150	2082235	3.98	0	15
ptg000367l_1_region	523150	2082235	3.98	0	15
ptg000368l_1	562401	1438348	2.56	0	56
ptg000368l_1_region	562401	1438348	2.56	0	56
ptg000369l_1	401180	904517	2.25	0	8
ptg000369l_1_region	401180	904517	2.25	0	8
ptg000370l_1	474037	1387508	2.93	0	11
ptg000370l_1_region	474037	1387508	2.93	0	11
ptg000371l_1	600329	1886510	3.14	0	13
ptg000371l_1_region	600329	1886510	3.14	0	13
ptg000372l_1	548139	1679085	3.06	0	11
ptg000372l_1_region	548139	1679085	3.06	0	11
ptg000373l_1	358228	800926	2.24	0	16
ptg000373l_1_region	358228	800926	2.24	0	16
ptg000374l_1	1066200	3937139	3.69	0	14
ptg000374l_1_region	1066200	3937139	3.69	0	14
ptg000375l_1	1110066	3447857	3.11	0	12
ptg000375l_1_region	1110066	3447857	3.11	0	12
ptg000376l_1	356606	1320934	3.70	0	17
ptg000376l_1_region	356606	1320934	3.70	0	17
ptg000377l_1	574665	1682770	2.93	0	12
ptg000377l_1_region	574665	1682770	2.93	0	12
ptg000378l_1	591556	1073316	1.81	0	8
ptg000378l_1_region	591556	1073316	1.81	0	8
ptg000379l_1	2152800	7451654	3.46	0	26
ptg000379l_1_region	2152800	7451654	3.46	0	26
ptg000380l_1	2197228	9069824	4.13	0	16
ptg000380l_1_region	2197228	9069824	4.13	0	16
ptg000381l_1	384534	1351984	3.52	0	8
ptg000381l_1_region	384534	1351984	3.52	0	8
ptg000382l_1	500266	1961565	3.92	0	100
ptg000382l_1_region	500266	1961565	3.92	0	100
ptg000383l_1	1446788	4877742	3.37	0	15
ptg000383l_1_region	1446788	4877742	3.37	0	15
ptg000384l_1	1123934	4162409	3.70	0	20
ptg000384l_1_region	1123934	4162409	3.70	0	20
ptg000386l_1	358904	1031226	2.87	0	10
ptg000386l_1_region	358904	1031226	2.87	0	10
ptg000387l_1	1740554	5626708	3.23	0	34
ptg000387l_1_region	1740554	5626708	3.23	0	34
ptg000390l_1	830920	2326013	2.80	0	9
ptg000390l_1_region	830920	2326013	2.80	0	9
ptg000391l_1	970098	2701950	2.79	0	9
ptg000391l_1_region	970098	2701950	2.79	0	9
ptg000392l_1	1613523	4796451	2.97	0	10
ptg000392l_1_region	1613523	4796451	2.97	0	10
ptg000393l_1	4280767	17980041	4.20	0	21
ptg000393l_1_region	4280767	17980041	4.20	0	21
ptg000394l_1	315771	758289	2.40	0	8
ptg000394l_1_region	315771	758289	2.40	0	8
ptg000396l_1	434050	1425784	3.28	0	9
ptg000396l_1_region	434050	1425784	3.28	0	9
ptg000400l_1	340659	799890	2.35	0	11
ptg000400l_1_region	340659	799890	2.35	0	11
ptg000401l_1	72594	105752	1.46	0	6
ptg000401l_1_region	72594	105752	1.46	0	6
ptg000403l_1	325183	861577	2.65	0	9
ptg000403l_1_region	325183	861577	2.65	0	9
ptg000405l_1	843638	2761586	3.27	0	15
ptg000405l_1_region	843638	2761586	3.27	0	15
ptg000407l_1	89024	213533	2.40	0	6
ptg000407l_1_region	89024	213533	2.40	0	6
ptg000408l_1	232480	742492	3.19	0	12
ptg000408l_1_region	232480	742492	3.19	0	12
ptg000409l_1	1123295	3176465	2.83	0	11
ptg000409l_1_region	1123295	3176465	2.83	0	11
ptg000411l_1	2151730	7573369	3.52	0	15
ptg000411l_1_region	2151730	7573369	3.52	0	15
ptg000412l_1	1672315	6567502	3.93	0	26
ptg000412l_1_region	1672315	6567502	3.93	0	26
ptg000413l_1	2926011	10562831	3.61	0	15
ptg000413l_1_region	2926011	10562831	3.61	0	15
ptg000414l_1	471117	1541566	3.27	0	24
ptg000414l_1_region	471117	1541566	3.27	0	24
ptg000415l_1	112865	275543	2.44	0	11
ptg000415l_1_region	112865	275543	2.44	0	11
ptg000416l_1	2301216	11427967	4.97	0	57
ptg000416l_1_region	2301216	11427967	4.97	0	57
ptg000417l_1	2170585	7807674	3.60	0	17
ptg000417l_1_region	2170585	7807674	3.60	0	17
ptg000419l_1	185857	287003	1.54	0	7
ptg000419l_1_region	185857	287003	1.54	0	7
ptg000421l_1	1395556	5032070	3.61	0	21
ptg000421l_1_region	1395556	5032070	3.61	0	21
ptg000423l_1	483750	1427442	2.95	0	19
ptg000423l_1_region	483750	1427442	2.95	0	19
ptg000424l_1	837743	2679933	3.20	0	14
ptg000424l_1_region	837743	2679933	3.20	0	14
ptg000425l_1	1412001	4706665	3.33	0	11
ptg000425l_1_region	1412001	4706665	3.33	0	11
ptg000426l_1	975854	3339031	3.42	0	13
ptg000426l_1_region	975854	3339031	3.42	0	13
ptg000427l_1	301169	704226	2.34	0	9
ptg000427l_1_region	301169	704226	2.34	0	9
ptg000429l_1	840762	2413880	2.87	0	19
ptg000429l_1_region	840762	2413880	2.87	0	19
ptg000430l_1	1069760	5660701	5.29	0	30
ptg000430l_1_region	1069760	5660701	5.29	0	30
ptg000432l_1	2220086	6639459	2.99	0	20
ptg000432l_1_region	2220086	6639459	2.99	0	20
ptg000435l_1	399665	1320030	3.30	0	291
ptg000435l_1_region	399665	1320030	3.30	0	291
ptg000437l_1	620369	2181554	3.52	0	18
ptg000437l_1_region	620369	2181554	3.52	0	18
ptg000438l_1	309085	859628	2.78	0	19
ptg000438l_1_region	309085	859628	2.78	0	19
ptg000440l_1	2188228	7846175	3.59	0	12
ptg000440l_1_region	2188228	7846175	3.59	0	12
ptg000441l_1	377628	1700946	4.50	0	14
ptg000441l_1_region	377628	1700946	4.50	0	14
ptg000442l_1	1396222	5303101	3.80	0	13
ptg000442l_1_region	1396222	5303101	3.80	0	13
ptg000443l_1	1443545	4715644	3.27	0	11
ptg000443l_1_region	1443545	4715644	3.27	0	11
ptg000444l_1	46344	165901	3.58	0	10
ptg000444l_1_region	46344	165901	3.58	0	10
ptg000445l_1	1433481	4474926	3.12	0	18
ptg000445l_1_region	1433481	4474926	3.12	0	18
ptg000447l_1	668667	1769028	2.65	0	11
ptg000447l_1_region	668667	1769028	2.65	0	11
ptg000449l_1	65295	248107	3.80	0	9
ptg000449l_1_region	65295	248107	3.80	0	9
ptg000450l_1	2816483	11214795	3.98	0	22
ptg000450l_1_region	2816483	11214795	3.98	0	22
ptg000451l_1	325896	874344	2.68	0	22
ptg000451l_1_region	325896	874344	2.68	0	22
ptg000452l_1	564308	1827622	3.24	0	11
ptg000452l_1_region	564308	1827622	3.24	0	11
ptg000455l_1	251112	669900	2.67	0	10
ptg000455l_1_region	251112	669900	2.67	0	10
ptg000456l_1	953355	3408152	3.57	0	19
ptg000456l_1_region	953355	3408152	3.57	0	19
ptg000457l_1	684304	1487366	2.17	0	8
ptg000457l_1_region	684304	1487366	2.17	0	8
ptg000458l_1	771840	2756720	3.57	0	12
ptg000458l_1_region	771840	2756720	3.57	0	12
ptg000460l_1	660259	2324016	3.52	0	12
ptg000460l_1_region	660259	2324016	3.52	0	12
ptg000462l_1	1620949	5249537	3.24	0	10
ptg000462l_1_region	1620949	5249537	3.24	0	10
ptg000463l_1	1882288	7634405	4.06	0	15
ptg000463l_1_region	1882288	7634405	4.06	0	15
ptg000464l_1	2153826	8427789	3.91	0	17
ptg000464l_1_region	2153826	8427789	3.91	0	17
ptg000465l_1	849224	3019805	3.56	0	14
ptg000465l_1_region	849224	3019805	3.56	0	14
ptg000466l_1	2219757	8686581	3.91	0	18
ptg000466l_1_region	2219757	8686581	3.91	0	18
ptg000467l_1	872991	2697601	3.09	0	11
ptg000467l_1_region	872991	2697601	3.09	0	11
ptg000468l_1	1091705	2813321	2.58	0	12
ptg000468l_1_region	1091705	2813321	2.58	0	12
ptg000469l_1	578878	1619193	2.80	0	14
ptg000469l_1_region	578878	1619193	2.80	0	14
ptg000470l_1	1651697	5653021	3.42	0	13
ptg000470l_1_region	1651697	5653021	3.42	0	13
ptg000471l_1	455563	1448930	3.18	0	11
ptg000471l_1_region	455563	1448930	3.18	0	11
ptg000473l_1	1398955	4446980	3.18	0	12
ptg000473l_1_region	1398955	4446980	3.18	0	12
ptg000475l_1	1519663	5568001	3.66	0	12
ptg000475l_1_region	1519663	5568001	3.66	0	12
ptg000476l_1	291869	804678	2.76	0	9
ptg000476l_1_region	291869	804678	2.76	0	9
ptg000477l_1	573297	1293144	2.26	0	76
ptg000477l_1_region	573297	1293144	2.26	0	76
ptg000478l_1	768421	2533873	3.30	0	13
ptg000478l_1_region	768421	2533873	3.30	0	13
ptg000479l_1	575720	1072036	1.86	0	9
ptg000479l_1_region	575720	1072036	1.86	0	9
ptg000480l_1	3406111	11825672	3.47	0	18
ptg000480l_1_region	3406111	11825672	3.47	0	18
ptg000481l_1	327147	720002	2.20	0	19
ptg000481l_1_region	327147	720002	2.20	0	19
ptg000482l_1	158386	340950	2.15	0	7
ptg000482l_1_region	158386	340950	2.15	0	7
ptg000483l_1	183520	623632	3.40	0	12
ptg000483l_1_region	183520	623632	3.40	0	12
ptg000484l_1	1056104	2312412	2.19	0	12
ptg000484l_1_region	1056104	2312412	2.19	0	12
ptg000486l_1	868723	2413708	2.78	0	14
ptg000486l_1_region	868723	2413708	2.78	0	14
ptg000487l_1	304518	714130	2.35	0	7
ptg000487l_1_region	304518	714130	2.35	0	7
ptg000488l_1	1912184	6328771	3.31	0	24
ptg000488l_1_region	1912184	6328771	3.31	0	24
ptg000489l_1	692672	2324474	3.36	0	12
ptg000489l_1_region	692672	2324474	3.36	0	12
ptg000490l_1	2899813	9973593	3.44	0	13
ptg000490l_1_region	2899813	9973593	3.44	0	13
ptg000491l_1	416339	1277736	3.07	0	17
ptg000491l_1_region	416339	1277736	3.07	0	17
ptg000492l_1	1926682	7060087	3.66	0	18
ptg000492l_1_region	1926682	7060087	3.66	0	18
ptg000493l_1	652419	1991460	3.05	0	13
ptg000493l_1_region	652419	1991460	3.05	0	13
ptg000494l_1	608981	1268736	2.08	0	12
ptg000494l_1_region	608981	1268736	2.08	0	12
ptg000495l_1	1679912	6326168	3.77	0	12
ptg000495l_1_region	1679912	6326168	3.77	0	12
ptg000496l_1	399658	1627128	4.07	0	15
ptg000496l_1_region	399658	1627128	4.07	0	15
ptg000497l_1	3468551	15681302	4.52	0	77
ptg000497l_1_region	3468551	15681302	4.52	0	77
ptg000500l_1	327245	1054614	3.22	0	8
ptg000500l_1_region	327245	1054614	3.22	0	8
ptg000501l_1	1549425	5283705	3.41	0	13
ptg000501l_1_region	1549425	5283705	3.41	0	13
ptg000502l_1	1385233	4719685	3.41	0	13
ptg000502l_1_region	1385233	4719685	3.41	0	13
ptg000503l_1	714599	1967000	2.75	0	26
ptg000503l_1_region	714599	1967000	2.75	0	26
ptg000504l_1	733757	2558691	3.49	0	13
ptg000504l_1_region	733757	2558691	3.49	0	13
ptg000508l_1	3011522	13731303	4.56	0	380
ptg000508l_1_region	3011522	13731303	4.56	0	380
ptg000510l_1	163799	247860	1.51	0	9
ptg000510l_1_region	163799	247860	1.51	0	9
ptg000511l_1	373665	1525201	4.08	0	19
ptg000511l_1_region	373665	1525201	4.08	0	19
ptg000512l_1	578902	1301986	2.25	0	14
ptg000512l_1_region	578902	1301986	2.25	0	14
ptg000513l_1	1554242	5242169	3.37	0	13
ptg000513l_1_region	1554242	5242169	3.37	0	13
ptg000514l_1	321176	768050	2.39	0	7
ptg000514l_1_region	321176	768050	2.39	0	7
ptg000515l_1	781057	2059793	2.64	0	9
ptg000515l_1_region	781057	2059793	2.64	0	9
ptg000517l_1	1589349	5964243	3.75	0	12
ptg000517l_1_region	1589349	5964243	3.75	0	12
ptg000518l_1	81132	176631	2.18	0	8
ptg000518l_1_region	81132	176631	2.18	0	8
ptg000519l_1	1250110	5051782	4.04	0	18
ptg000519l_1_region	1250110	5051782	4.04	0	18
ptg000522l_1	1026832	3884811	3.78	0	12
ptg000522l_1_region	1026832	3884811	3.78	0	12
ptg000523l_1	1275465	4603882	3.61	0	12
ptg000523l_1_region	1275465	4603882	3.61	0	12
ptg000524l_1	3313725	9998909	3.02	0	13
ptg000524l_1_region	3313725	9998909	3.02	0	13
ptg000525l_1	397977	963434	2.42	0	11
ptg000525l_1_region	397977	963434	2.42	0	11
ptg000526l_1	867273	2962712	3.42	0	11
ptg000526l_1_region	867273	2962712	3.42	0	11
ptg000527l_1	1671493	5742978	3.44	0	12
ptg000527l_1_region	1671493	5742978	3.44	0	12
ptg000530l_1	374841	1403469	3.74	0	19
ptg000530l_1_region	374841	1403469	3.74	0	19
ptg000531l_1	462119	2154526	4.66	0	16
ptg000531l_1_region	462119	2154526	4.66	0	16
ptg000532l_1	1318765	4469401	3.39	0	15
ptg000532l_1_region	1318765	4469401	3.39	0	15
ptg000533l_1	764850	2366521	3.09	0	12
ptg000533l_1_region	764850	2366521	3.09	0	12
ptg000535l_1	64390	114251	1.77	0	5
ptg000535l_1_region	64390	114251	1.77	0	5
ptg000536l_1	620088	2794572	4.51	0	51
ptg000536l_1_region	620088	2794572	4.51	0	51
ptg000537l_1	4048955	11699233	2.89	0	12
ptg000537l_1_region	4048955	11699233	2.89	0	12
ptg000538l_1	799690	2555075	3.20	0	18
ptg000538l_1_region	799690	2555075	3.20	0	18
ptg000539l_1	1061014	3290348	3.10	0	13
ptg000539l_1_region	1061014	3290348	3.10	0	13
ptg000541l_1	1972057	6238483	3.16	0	13
ptg000541l_1_region	1972057	6238483	3.16	0	13
ptg000542l_1	1102076	3875475	3.52	0	11
ptg000542l_1_region	1102076	3875475	3.52	0	11
ptg000546l_1	485089	1532686	3.16	0	12
ptg000546l_1_region	485089	1532686	3.16	0	12
ptg000547l_1	548270	1688329	3.08	0	14
ptg000547l_1_region	548270	1688329	3.08	0	14
ptg000549l_1	240800	774951	3.22	0	10
ptg000549l_1_region	240800	774951	3.22	0	10
ptg000550l_1	2467494	8936219	3.62	0	13
ptg000550l_1_region	2467494	8936219	3.62	0	13
ptg000552l_1	235000	567108	2.41	0	17
ptg000552l_1_region	235000	567108	2.41	0	17
ptg000553l_1	1024301	3314888	3.24	0	18
ptg000553l_1_region	1024301	3314888	3.24	0	18
ptg000555l_1	107715	54202	0.50	0	4
ptg000555l_1_region	107715	54202	0.50	0	4
ptg000556l_1	1307081	4111521	3.15	0	14
ptg000556l_1_region	1307081	4111521	3.15	0	14
ptg000557l_1	361549	1239829	3.43	0	13
ptg000557l_1_region	361549	1239829	3.43	0	13
ptg000558l_1	589764	1889199	3.20	0	13
ptg000558l_1_region	589764	1889199	3.20	0	13
ptg000559l_1	588957	1504606	2.55	0	24
ptg000559l_1_region	588957	1504606	2.55	0	24
ptg000560l_1	267228	702671	2.63	0	12
ptg000560l_1_region	267228	702671	2.63	0	12
ptg000561l_1	952395	1878994	1.97	0	11
ptg000561l_1_region	952395	1878994	1.97	0	11
ptg000562l_1	800306	2485143	3.11	0	12
ptg000562l_1_region	800306	2485143	3.11	0	12
ptg000563l_1	294973	1142640	3.87	0	18
ptg000563l_1_region	294973	1142640	3.87	0	18
ptg000565l_1	363321	867355	2.39	0	10
ptg000565l_1_region	363321	867355	2.39	0	10
ptg000566l_1	2027837	7746669	3.82	0	18
ptg000566l_1_region	2027837	7746669	3.82	0	18
ptg000567l_1	687027	2165291	3.15	0	15
ptg000567l_1_region	687027	2165291	3.15	0	15
ptg000568l_1	2368250	6073641	2.56	0	12
ptg000568l_1_region	2368250	6073641	2.56	0	12
ptg000570l_1	329243	852402	2.59	0	12
ptg000570l_1_region	329243	852402	2.59	0	12
ptg000571l_1	351161	1234614	3.52	0	11
ptg000571l_1_region	351161	1234614	3.52	0	11
ptg000572l_1	1585143	1360558	0.86	0	9
ptg000572l_1_region	1585143	1360558	0.86	0	9
ptg000573l_1	889980	1697880	1.91	0	12
ptg000573l_1_region	889980	1697880	1.91	0	12
ptg000575l_1	746584	2284972	3.06	0	9
ptg000575l_1_region	746584	2284972	3.06	0	9
ptg000576l_1	729281	2504208	3.43	0	12
ptg000576l_1_region	729281	2504208	3.43	0	12
ptg000577l_1	224336	452568	2.02	0	7
ptg000577l_1_region	224336	452568	2.02	0	7
ptg000580l_1	753345	3038578	4.03	0	35
ptg000580l_1_region	753345	3038578	4.03	0	35
ptg000582l_1	2369000	13347259	5.63	0	131
ptg000582l_1_region	2369000	13347259	5.63	0	131
ptg000583l_1	753589	2548345	3.38	0	13
ptg000583l_1_region	753589	2548345	3.38	0	13
ptg000585l_1	129123	334198	2.59	0	6
ptg000585l_1_region	129123	334198	2.59	0	6
ptg000586l_1	2478326	8719764	3.52	0	12
ptg000586l_1_region	2478326	8719764	3.52	0	12
ptg000587l_1	1213881	4042657	3.33	0	14
ptg000587l_1_region	1213881	4042657	3.33	0	14
ptg000589l_1	377213	2042991	5.42	0	43
ptg000589l_1_region	377213	2042991	5.42	0	43
ptg000590l_1	1064898	3320314	3.12	0	14
ptg000590l_1_region	1064898	3320314	3.12	0	14
ptg000591l_1	1003195	3152365	3.14	0	10
ptg000591l_1_region	1003195	3152365	3.14	0	10
ptg000593l_1	303530	853058	2.81	0	8
ptg000593l_1_region	303530	853058	2.81	0	8
ptg000594l_1	264734	856903	3.24	0	9
ptg000594l_1_region	264734	856903	3.24	0	9
ptg000595l_1	176579	681544	3.86	0	10
ptg000595l_1_region	176579	681544	3.86	0	10
ptg000596l_1	992602	3063604	3.09	0	14
ptg000596l_1_region	992602	3063604	3.09	0	14
ptg000598l_1	1580660	5373930	3.40	0	29
ptg000598l_1_region	1580660	5373930	3.40	0	29
ptg000599l_1	1251574	3978230	3.18	0	13
ptg000599l_1_region	1251574	3978230	3.18	0	13
ptg000600l_1	3356339	11951293	3.56	0	20
ptg000600l_1_region	3356339	11951293	3.56	0	20
ptg000601l_1	961864	3015083	3.13	0	9
ptg000601l_1_region	961864	3015083	3.13	0	9
ptg000602l_1	694930	1055475	1.52	0	108
ptg000602l_1_region	694930	1055475	1.52	0	108
ptg000603l_1	132727	274368	2.07	0	8
ptg000603l_1_region	132727	274368	2.07	0	8
ptg000605l_1	439078	1348900	3.07	0	14
ptg000605l_1_region	439078	1348900	3.07	0	14
ptg000606l_1	806643	2936387	3.64	0	48
ptg000606l_1_region	806643	2936387	3.64	0	48
ptg000607l_1	749723	2615447	3.49	0	14
ptg000607l_1_region	749723	2615447	3.49	0	14
ptg000609l_1	1199116	3948486	3.29	0	16
ptg000609l_1_region	1199116	3948486	3.29	0	16
ptg000610l_1	2985489	8781160	2.94	0	22
ptg000610l_1_region	2985489	8781160	2.94	0	22
ptg000611l_1	1604871	4690711	2.92	0	19
ptg000611l_1_region	1604871	4690711	2.92	0	19
ptg000612l_1	356378	1076955	3.02	0	11
ptg000612l_1_region	356378	1076955	3.02	0	11
ptg000613l_1	918624	2854633	3.11	0	16
ptg000613l_1_region	918624	2854633	3.11	0	16
ptg000615l_1	1189371	2995960	2.52	0	12
ptg000615l_1_region	1189371	2995960	2.52	0	12
ptg000617l_1	2321995	17222808	7.42	0	39
ptg000617l_1_region	2321995	17222808	7.42	0	39
ptg000618l_1	3188169	12868062	4.04	0	33
ptg000618l_1_region	3188169	12868062	4.04	0	33
ptg000619l_1	436883	2992257	6.85	0	68
ptg000619l_1_region	436883	2992257	6.85	0	68
ptg000621l_1	152067	252015	1.66	0	5
ptg000621l_1_region	152067	252015	1.66	0	5
ptg000624l_1	426888	1353304	3.17	0	26
ptg000624l_1_region	426888	1353304	3.17	0	26
ptg000626l_1	603462	1863028	3.09	0	13
ptg000626l_1_region	603462	1863028	3.09	0	13
ptg000627l_1	319761	1095169	3.42	0	11
ptg000627l_1_region	319761	1095169	3.42	0	11
ptg000628l_1	671813	2550109	3.80	0	14
ptg000628l_1_region	671813	2550109	3.80	0	14
ptg000629l_1	1175554	3320963	2.83	0	10
ptg000629l_1_region	1175554	3320963	2.83	0	10
ptg000630l_1	1002428	3294254	3.29	0	23
ptg000630l_1_region	1002428	3294254	3.29	0	23
ptg000632l_1	421251	1065290	2.53	0	9
ptg000632l_1_region	421251	1065290	2.53	0	9
ptg000633l_1	332334	776785	2.34	0	9
ptg000633l_1_region	332334	776785	2.34	0	9
ptg000634l_1	446096	861720	1.93	0	7
ptg000634l_1_region	446096	861720	1.93	0	7
ptg000635l_1	3740034	13276395	3.55	0	15
ptg000635l_1_region	3740034	13276395	3.55	0	15
ptg000637l_1	396109	1460288	3.69	0	13
ptg000637l_1_region	396109	1460288	3.69	0	13
ptg000638l_1	377313	1264133	3.35	0	13
ptg000638l_1_region	377313	1264133	3.35	0	13
ptg000639l_1	2344366	7866319	3.36	0	13
ptg000639l_1_region	2344366	7866319	3.36	0	13
ptg000640l_1	125848	177935	1.41	0	9
ptg000640l_1_region	125848	177935	1.41	0	9
ptg000641l_1	1035364	3555426	3.43	0	25
ptg000641l_1_region	1035364	3555426	3.43	0	25
ptg000644l_1	2126718	7588967	3.57	0	25
ptg000644l_1_region	2126718	7588967	3.57	0	25
ptg000645l_1	1045360	5292899	5.06	0	58
ptg000645l_1_region	1045360	5292899	5.06	0	58
ptg000646l_1	439230	1263609	2.88	0	11
ptg000646l_1_region	439230	1263609	2.88	0	11
ptg000647l_1	1193044	3494226	2.93	0	13
ptg000647l_1_region	1193044	3494226	2.93	0	13
ptg000648l_1	148357	461175	3.11	0	10
ptg000648l_1_region	148357	461175	3.11	0	10
ptg000650l_1	34421	59736	1.74	0	5
ptg000650l_1_region	34421	59736	1.74	0	5
ptg000651l_1	829122	2738102	3.30	0	31
ptg000651l_1_region	829122	2738102	3.30	0	31
ptg000652l_1	991866	2650068	2.67	0	20
ptg000652l_1_region	991866	2650068	2.67	0	20
ptg000655l_1	142095	193603	1.36	0	4
ptg000655l_1_region	142095	193603	1.36	0	4
ptg000656l_1	150606	352416	2.34	0	8
ptg000656l_1_region	150606	352416	2.34	0	8
ptg000657l_1	2957484	11454492	3.87	0	14
ptg000657l_1_region	2957484	11454492	3.87	0	14
ptg000658l_1	506851	1319459	2.60	0	11
ptg000658l_1_region	506851	1319459	2.60	0	11
ptg000659l_1	2022867	7533844	3.72	0	13
ptg000659l_1_region	2022867	7533844	3.72	0	13
ptg000660l_1	1271816	3756675	2.95	0	24
ptg000660l_1_region	1271816	3756675	2.95	0	24
ptg000661l_1	738753	2010635	2.72	0	20
ptg000661l_1_region	738753	2010635	2.72	0	20
ptg000663l_1	1415908	5002539	3.53	0	12
ptg000663l_1_region	1415908	5002539	3.53	0	12
ptg000665l_1	1685505	6682544	3.96	0	26
ptg000665l_1_region	1685505	6682544	3.96	0	26
ptg000666l_1	1261670	3802207	3.01	0	22
ptg000666l_1_region	1261670	3802207	3.01	0	22
ptg000667l_1	65612	308876	4.71	0	13
ptg000667l_1_region	65612	308876	4.71	0	13
ptg000668l_1	700432	2785445	3.98	0	14
ptg000668l_1_region	700432	2785445	3.98	0	14
ptg000669l_1	855301	3107577	3.63	0	28
ptg000669l_1_region	855301	3107577	3.63	0	28
ptg000670l_1	996161	2988474	3.00	0	11
ptg000670l_1_region	996161	2988474	3.00	0	11
ptg000671l_1	41821	103331	2.47	0	7
ptg000671l_1_region	41821	103331	2.47	0	7
ptg000673l_1	1124520	4137309	3.68	0	17
ptg000673l_1_region	1124520	4137309	3.68	0	17
ptg000674l_1	1828309	3651025	2.00	0	15
ptg000674l_1_region	1828309	3651025	2.00	0	15
ptg000675l_1	616583	2062197	3.34	0	14
ptg000675l_1_region	616583	2062197	3.34	0	14
ptg000676l_1	372240	776677	2.09	0	8
ptg000676l_1_region	372240	776677	2.09	0	8
ptg000677l_1	489347	1562811	3.19	0	12
ptg000677l_1_region	489347	1562811	3.19	0	12
ptg000678l_1	407961	1403779	3.44	0	11
ptg000678l_1_region	407961	1403779	3.44	0	11
ptg000679l_1	2499628	7635833	3.05	0	14
ptg000679l_1_region	2499628	7635833	3.05	0	14
ptg000680l_1	564556	1658381	2.94	0	13
ptg000680l_1_region	564556	1658381	2.94	0	13
ptg000681l_1	575848	1873448	3.25	0	13
ptg000681l_1_region	575848	1873448	3.25	0	13
ptg000682l_1	541758	1732909	3.20	0	11
ptg000682l_1_region	541758	1732909	3.20	0	11
ptg000683l_1	473133	606906	1.28	0	14
ptg000683l_1_region	473133	606906	1.28	0	14
ptg000684l_1	1006819	1421327	1.41	0	86
ptg000684l_1_region	1006819	1421327	1.41	0	86
ptg000685l_1	775898	2710769	3.49	0	14
ptg000685l_1_region	775898	2710769	3.49	0	14
ptg000686l_1	263473	624906	2.37	0	24
ptg000686l_1_region	263473	624906	2.37	0	24
ptg000687l_1	1655177	6178139	3.73	0	28
ptg000687l_1_region	1655177	6178139	3.73	0	28
ptg000688l_1	495984	1282644	2.59	0	13
ptg000688l_1_region	495984	1282644	2.59	0	13
ptg000691l_1	272090	1097361	4.03	0	10
ptg000691l_1_region	272090	1097361	4.03	0	10
ptg000695l_1	389121	1184586	3.04	0	12
ptg000695l_1_region	389121	1184586	3.04	0	12
ptg000696l_1	1721825	4032670	2.34	0	13
ptg000696l_1_region	1721825	4032670	2.34	0	13
ptg000697l_1	494414	1747843	3.54	0	11
ptg000697l_1_region	494414	1747843	3.54	0	11
ptg000698l_1	445067	1402178	3.15	0	20
ptg000698l_1_region	445067	1402178	3.15	0	20
ptg000699l_1	1517586	4935811	3.25	0	13
ptg000699l_1_region	1517586	4935811	3.25	0	13
ptg000701l_1	436501	1093186	2.50	0	9
ptg000701l_1_region	436501	1093186	2.50	0	9
ptg000702l_1	601819	6117397	10.16	0	94
ptg000702l_1_region	601819	6117397	10.16	0	94
ptg000703l_1	653072	1853150	2.84	0	31
ptg000703l_1_region	653072	1853150	2.84	0	31
ptg000706l_1	1237124	3715250	3.00	0	24
ptg000706l_1_region	1237124	3715250	3.00	0	24
ptg000707l_1	2012293	7109177	3.53	0	38
ptg000707l_1_region	2012293	7109177	3.53	0	38
ptg000708l_1	579457	2135969	3.69	0	11
ptg000708l_1_region	579457	2135969	3.69	0	11
ptg000709l_1	1296806	4053280	3.13	0	11
ptg000709l_1_region	1296806	4053280	3.13	0	11
ptg000710l_1	818437	2201067	2.69	0	13
ptg000710l_1_region	818437	2201067	2.69	0	13
ptg000711l_1	472635	1607402	3.40	0	12
ptg000711l_1_region	472635	1607402	3.40	0	12
ptg000712l_1	1500394	4404816	2.94	0	13
ptg000712l_1_region	1500394	4404816	2.94	0	13
ptg000713l_1	503285	1065205	2.12	0	8
ptg000713l_1_region	503285	1065205	2.12	0	8
ptg000714l_1	340642	1166655	3.42	0	12
ptg000714l_1_region	340642	1166655	3.42	0	12
ptg000715l_1	1614518	6262948	3.88	0	15
ptg000715l_1_region	1614518	6262948	3.88	0	15
ptg000716l_1	624317	1981053	3.17	0	8
ptg000716l_1_region	624317	1981053	3.17	0	8
ptg000718l_1	742506	2142041	2.88	0	11
ptg000718l_1_region	742506	2142041	2.88	0	11
ptg000719l_1	1248582	4212192	3.37	0	12
ptg000719l_1_region	1248582	4212192	3.37	0	12
ptg000720l_1	2059177	7277525	3.53	0	19
ptg000720l_1_region	2059177	7277525	3.53	0	19
ptg000722l_1	1657256	7160497	4.32	0	26
ptg000722l_1_region	1657256	7160497	4.32	0	26
ptg000723l_1	631303	2111644	3.34	0	11
ptg000723l_1_region	631303	2111644	3.34	0	11
ptg000725l_1	359292	1388542	3.86	0	17
ptg000725l_1_region	359292	1388542	3.86	0	17
ptg000726l_1	454083	1019142	2.24	0	12
ptg000726l_1_region	454083	1019142	2.24	0	12
ptg000727l_1	4623666	16690042	3.61	0	15
ptg000727l_1_region	4623666	16690042	3.61	0	15
ptg000728l_1	285825	746984	2.61	0	13
ptg000728l_1_region	285825	746984	2.61	0	13
ptg000730l_1	781664	1882495	2.41	0	10
ptg000730l_1_region	781664	1882495	2.41	0	10
ptg000732l_1	2804955	9089911	3.24	0	13
ptg000732l_1_region	2804955	9089911	3.24	0	13
ptg000733l_1	3908844	14808818	3.79	0	19
ptg000733l_1_region	3908844	14808818	3.79	0	19
ptg000735l_1	1617732	6176255	3.82	0	21
ptg000735l_1_region	1617732	6176255	3.82	0	21
ptg000737l_1	2155547	8540661	3.96	0	90
ptg000737l_1_region	2155547	8540661	3.96	0	90
ptg000738l_1	204241	447191	2.19	0	13
ptg000738l_1_region	204241	447191	2.19	0	13
ptg000740l_1	796659	1840663	2.31	0	10
ptg000740l_1_region	796659	1840663	2.31	0	10
ptg000741l_1	90848	383974	4.23	0	9
ptg000741l_1_region	90848	383974	4.23	0	9
ptg000742l_1	305783	964782	3.16	0	12
ptg000742l_1_region	305783	964782	3.16	0	12
ptg000744l_1	309988	845577	2.73	0	31
ptg000744l_1_region	309988	845577	2.73	0	31
ptg000745l_1	651448	2235927	3.43	0	47
ptg000745l_1_region	651448	2235927	3.43	0	47
ptg000746l_1	836638	2910352	3.48	0	17
ptg000746l_1_region	836638	2910352	3.48	0	17
ptg000747l_1	679209	1841519	2.71	0	9
ptg000747l_1_region	679209	1841519	2.71	0	9
ptg000748l_1	1074042	3255932	3.03	0	18
ptg000748l_1_region	1074042	3255932	3.03	0	18
ptg000749l_1	239463	526741	2.20	0	11
ptg000749l_1_region	239463	526741	2.20	0	11
ptg000750l_1	446350	1493457	3.35	0	14
ptg000750l_1_region	446350	1493457	3.35	0	14
ptg000751l_1	1656899	5556219	3.35	0	16
ptg000751l_1_region	1656899	5556219	3.35	0	16
ptg000752l_1	297751	705867	2.37	0	13
ptg000752l_1_region	297751	705867	2.37	0	13
ptg000753l_1	622951	2074005	3.33	0	21
ptg000753l_1_region	622951	2074005	3.33	0	21
ptg000754l_1	1047776	2929886	2.80	0	249
ptg000754l_1_region	1047776	2929886	2.80	0	249
ptg000755l_1	437776	860953	1.97	0	13
ptg000755l_1_region	437776	860953	1.97	0	13
ptg000756l_1	1397427	4001450	2.86	0	13
ptg000756l_1_region	1397427	4001450	2.86	0	13
ptg000757l_1	667640	1884529	2.82	0	11
ptg000757l_1_region	667640	1884529	2.82	0	11
ptg000758l_1	1217386	4058201	3.33	0	13
ptg000758l_1_region	1217386	4058201	3.33	0	13
ptg000759l_1	2637916	8935024	3.39	0	12
ptg000759l_1_region	2637916	8935024	3.39	0	12
ptg000760l_1	482252	1643947	3.41	0	12
ptg000760l_1_region	482252	1643947	3.41	0	12
ptg000761l_1	190959	624814	3.27	0	8
ptg000761l_1_region	190959	624814	3.27	0	8
ptg000762l_1	273535	804281	2.94	0	12
ptg000762l_1_region	273535	804281	2.94	0	12
ptg000764l_1	29523	55145	1.87	0	8
ptg000764l_1_region	29523	55145	1.87	0	8
ptg000765l_1	1555626	7855751	5.05	0	78
ptg000765l_1_region	1555626	7855751	5.05	0	78
ptg000766l_1	918196	2881010	3.14	0	10
ptg000766l_1_region	918196	2881010	3.14	0	10
ptg000767l_1	1732150	5475951	3.16	0	12
ptg000767l_1_region	1732150	5475951	3.16	0	12
ptg000769l_1	175466	554952	3.16	0	10
ptg000769l_1_region	175466	554952	3.16	0	10
ptg000770l_1	398963	866046	2.17	0	7
ptg000770l_1_region	398963	866046	2.17	0	7
ptg000771l_1	1339662	4747669	3.54	0	18
ptg000771l_1_region	1339662	4747669	3.54	0	18
ptg000772l_1	849145	2947774	3.47	0	17
ptg000772l_1_region	849145	2947774	3.47	0	17
ptg000773l_1	620724	2290333	3.69	0	12
ptg000773l_1_region	620724	2290333	3.69	0	12
ptg000774l_1	197997	677716	3.42	0	11
ptg000774l_1_region	197997	677716	3.42	0	11
ptg000775l_1	710102	2342334	3.30	0	9
ptg000775l_1_region	710102	2342334	3.30	0	9
ptg000777l_1	135936	318088	2.34	0	10
ptg000777l_1_region	135936	318088	2.34	0	10
ptg000778l_1	299547	1062706	3.55	0	10
ptg000778l_1_region	299547	1062706	3.55	0	10
ptg000779l_1	410690	1048520	2.55	0	11
ptg000779l_1_region	410690	1048520	2.55	0	11
ptg000780l_1	1946121	6357650	3.27	0	15
ptg000780l_1_region	1946121	6357650	3.27	0	15
ptg000782l_1	1234188	4185279	3.39	0	11
ptg000782l_1_region	1234188	4185279	3.39	0	11
ptg000783l_1	319382	605869	1.90	0	8
ptg000783l_1_region	319382	605869	1.90	0	8
ptg000784l_1	3073356	10375206	3.38	0	16
ptg000784l_1_region	3073356	10375206	3.38	0	16
ptg000785l_1	731583	2000364	2.73	0	12
ptg000785l_1_region	731583	2000364	2.73	0	12
ptg000786l_1	663719	1699802	2.56	0	16
ptg000786l_1_region	663719	1699802	2.56	0	16
ptg000787l_1	685615	2355095	3.44	0	16
ptg000787l_1_region	685615	2355095	3.44	0	16
ptg000788l_1	1416953	4670109	3.30	0	16
ptg000788l_1_region	1416953	4670109	3.30	0	16
ptg000790l_1	698074	2161738	3.10	0	10
ptg000790l_1_region	698074	2161738	3.10	0	10
ptg000792l_1	1698837	6451302	3.80	0	20
ptg000792l_1_region	1698837	6451302	3.80	0	20
ptg000794l_1	2305966	11712679	5.08	0	19
ptg000794l_1_region	2305966	11712679	5.08	0	19
ptg000795l_1	420627	1077212	2.56	0	9
ptg000795l_1_region	420627	1077212	2.56	0	9
ptg000796l_1	805975	2903245	3.60	0	12
ptg000796l_1_region	805975	2903245	3.60	0	12
ptg000798l_1	637541	2333198	3.66	0	12
ptg000798l_1_region	637541	2333198	3.66	0	12
ptg000799l_1	681131	2295557	3.37	0	12
ptg000799l_1_region	681131	2295557	3.37	0	12
ptg000801l_1	472057	1326129	2.81	0	9
ptg000801l_1_region	472057	1326129	2.81	0	9
ptg000804l_1	481705	1771397	3.68	0	11
ptg000804l_1_region	481705	1771397	3.68	0	11
ptg000805l_1	139679	276797	1.98	0	7
ptg000805l_1_region	139679	276797	1.98	0	7
ptg000806l_1	211082	109389	0.52	0	4
ptg000806l_1_region	211082	109389	0.52	0	4
ptg000807l_1	1494959	6611304	4.42	0	67
ptg000807l_1_region	1494959	6611304	4.42	0	67
ptg000808l_1	939464	3477669	3.70	0	13
ptg000808l_1_region	939464	3477669	3.70	0	13
ptg000809l_1	1358597	5011176	3.69	0	16
ptg000809l_1_region	1358597	5011176	3.69	0	16
ptg000810l_1	1145387	4030343	3.52	0	25
ptg000810l_1_region	1145387	4030343	3.52	0	25
ptg000811l_1	2287881	9188465	4.02	0	37
ptg000811l_1_region	2287881	9188465	4.02	0	37
ptg000813l_1	514422	1627258	3.16	0	13
ptg000813l_1_region	514422	1627258	3.16	0	13
ptg000814l_1	2363643	8590336	3.63	0	14
ptg000814l_1_region	2363643	8590336	3.63	0	14
ptg000815l_1	322425	1427640	4.43	0	21
ptg000815l_1_region	322425	1427640	4.43	0	21
ptg000816l_1	314581	586637	1.86	0	9
ptg000816l_1_region	314581	586637	1.86	0	9
ptg000817l_1	1101359	3179394	2.89	0	10
ptg000817l_1_region	1101359	3179394	2.89	0	10
ptg000818l_1	26532	20725	0.78	0	4
ptg000818l_1_region	26532	20725	0.78	0	4
ptg000820l_1	1149327	4292680	3.73	0	14
ptg000820l_1_region	1149327	4292680	3.73	0	14
ptg000821l_1	2771501	9671013	3.49	0	12
ptg000821l_1_region	2771501	9671013	3.49	0	12
ptg000822l_1	2418141	9647490	3.99	0	13
ptg000822l_1_region	2418141	9647490	3.99	0	13
ptg000823l_1	482504	1440411	2.99	0	11
ptg000823l_1_region	482504	1440411	2.99	0	11
ptg000826l_1	246075	456605	1.86	0	12
ptg000826l_1_region	246075	456605	1.86	0	12
ptg000827l_1	918879	3210140	3.49	0	14
ptg000827l_1_region	918879	3210140	3.49	0	14
ptg000828l_1	475335	1255375	2.64	0	9
ptg000828l_1_region	475335	1255375	2.64	0	9
ptg000829l_1	460680	1331157	2.89	0	14
ptg000829l_1_region	460680	1331157	2.89	0	14
ptg000832l_1	1246693	4113629	3.30	0	10
ptg000832l_1_region	1246693	4113629	3.30	0	10
ptg000833l_1	180122	575437	3.19	0	10
ptg000833l_1_region	180122	575437	3.19	0	10
ptg000835l_1	1580714	5448761	3.45	0	13
ptg000835l_1_region	1580714	5448761	3.45	0	13
ptg000836l_1	2876372	10614125	3.69	0	29
ptg000836l_1_region	2876372	10614125	3.69	0	29
ptg000837l_1	382453	821289	2.15	0	7
ptg000837l_1_region	382453	821289	2.15	0	7
ptg000838l_1	636683	1254823	1.97	0	23
ptg000838l_1_region	636683	1254823	1.97	0	23
ptg000841l_1	891475	4053770	4.55	0	26
ptg000841l_1_region	891475	4053770	4.55	0	26
ptg000842l_1	1309152	4106890	3.14	0	13
ptg000842l_1_region	1309152	4106890	3.14	0	13
ptg000843l_1	354377	540838	1.53	0	12
ptg000843l_1_region	354377	540838	1.53	0	12
ptg000844l_1	1408055	4444228	3.16	0	16
ptg000844l_1_region	1408055	4444228	3.16	0	16
ptg000845l_1	684139	2287219	3.34	0	14
ptg000845l_1_region	684139	2287219	3.34	0	14
ptg000846l_1	182704	534907	2.93	0	11
ptg000846l_1_region	182704	534907	2.93	0	11
ptg000847l_1	107236	272167	2.54	0	7
ptg000847l_1_region	107236	272167	2.54	0	7
ptg000848l_1	2916963	9576308	3.28	0	12
ptg000848l_1_region	2916963	9576308	3.28	0	12
ptg000849l_1	1056763	3513183	3.32	0	13
ptg000849l_1_region	1056763	3513183	3.32	0	13
ptg000850l_1	922345	2815173	3.05	0	17
ptg000850l_1_region	922345	2815173	3.05	0	17
ptg000851l_1	1891804	5931588	3.14	0	13
ptg000851l_1_region	1891804	5931588	3.14	0	13
ptg000852l_1	354684	892644	2.52	0	11
ptg000852l_1_region	354684	892644	2.52	0	11
ptg000853l_1	1482566	6741594	4.55	0	19
ptg000853l_1_region	1482566	6741594	4.55	0	19
ptg000854l_1	744801	2472064	3.32	0	12
ptg000854l_1_region	744801	2472064	3.32	0	12
ptg000855l_1	366672	1330266	3.63	0	12
ptg000855l_1_region	366672	1330266	3.63	0	12
ptg000856l_1	232482	792285	3.41	0	9
ptg000856l_1_region	232482	792285	3.41	0	9
ptg000858l_1	560950	1600866	2.85	0	17
ptg000858l_1_region	560950	1600866	2.85	0	17
ptg000859l_1	386339	1306702	3.38	0	26
ptg000859l_1_region	386339	1306702	3.38	0	26
ptg000860l_1	1238112	4163501	3.36	0	22
ptg000860l_1_region	1238112	4163501	3.36	0	22
ptg000862l_1	42688	86169	2.02	0	9
ptg000862l_1_region	42688	86169	2.02	0	9
ptg000863l_1	145690	272301	1.87	0	7
ptg000863l_1_region	145690	272301	1.87	0	7
ptg000864l_1	107950	99426	0.92	0	5
ptg000864l_1_region	107950	99426	0.92	0	5
ptg000865l_1	265721	550746	2.07	0	8
ptg000865l_1_region	265721	550746	2.07	0	8
ptg000866l_1	743316	2511448	3.38	0	14
ptg000866l_1_region	743316	2511448	3.38	0	14
ptg000867l_1	2659632	7695240	2.89	0	43
ptg000867l_1_region	2659632	7695240	2.89	0	43
ptg000869l_1	649678	1658273	2.55	0	10
ptg000869l_1_region	649678	1658273	2.55	0	10
ptg000871l_1	979125	3097061	3.16	0	13
ptg000871l_1_region	979125	3097061	3.16	0	13
ptg000873l_1	936295	5777892	6.17	0	57
ptg000873l_1_region	936295	5777892	6.17	0	57
ptg000874l_1	1874943	7325886	3.91	0	14
ptg000874l_1_region	1874943	7325886	3.91	0	14
ptg000877l_1	741196	1752046	2.36	0	58
ptg000877l_1_region	741196	1752046	2.36	0	58
ptg000878l_1	976583	3217758	3.29	0	55
ptg000878l_1_region	976583	3217758	3.29	0	55
ptg000880l_1	532227	1388296	2.61	0	9
ptg000880l_1_region	532227	1388296	2.61	0	9
ptg000881l_1	1436822	5593396	3.89	0	16
ptg000881l_1_region	1436822	5593396	3.89	0	16
ptg000882l_1	1550378	4909709	3.17	0	289
ptg000882l_1_region	1550378	4909709	3.17	0	289
ptg000883l_1	469998	1596130	3.40	0	11
ptg000883l_1_region	469998	1596130	3.40	0	11
ptg000884l_1	110307	240123	2.18	0	7
ptg000884l_1_region	110307	240123	2.18	0	7
ptg000885l_1	239372	831804	3.47	0	15
ptg000885l_1_region	239372	831804	3.47	0	15
ptg000888l_1	1583840	7764362	4.90	0	197
ptg000888l_1_region	1583840	7764362	4.90	0	197
ptg000889l_1	509120	1657203	3.26	0	9
ptg000889l_1_region	509120	1657203	3.26	0	9
ptg000891l_1	3033606	11503952	3.79	0	13
ptg000891l_1_region	3033606	11503952	3.79	0	13
ptg000895l_1	65943	83456	1.27	0	12
ptg000895l_1_region	65943	83456	1.27	0	12
ptg000896l_1	625394	2902261	4.64	0	33
ptg000896l_1_region	625394	2902261	4.64	0	33
ptg000904l_1	887284	2385138	2.69	0	11
ptg000904l_1_region	887284	2385138	2.69	0	11
ptg000906l_1	584304	1429849	2.45	0	22
ptg000906l_1_region	584304	1429849	2.45	0	22
ptg000908l_1	330555	1358264	4.11	0	13
ptg000908l_1_region	330555	1358264	4.11	0	13
ptg000910l_1	420324	1851845	4.41	0	15
ptg000910l_1_region	420324	1851845	4.41	0	15
ptg000911l_1	406947	953267	2.34	0	9
ptg000911l_1_region	406947	953267	2.34	0	9
ptg000912l_1	2553606	8278811	3.24	0	13
ptg000912l_1_region	2553606	8278811	3.24	0	13
ptg000914l_1	96915	127284	1.31	0	5
ptg000914l_1_region	96915	127284	1.31	0	5
ptg000916l_1	936128	2820390	3.01	0	14
ptg000916l_1_region	936128	2820390	3.01	0	14
ptg000917l_1	3944385	14805736	3.75	0	14
ptg000917l_1_region	3944385	14805736	3.75	0	14
ptg000918l_1	1558942	4024646	2.58	0	11
ptg000918l_1_region	1558942	4024646	2.58	0	11
ptg000919l_1	288560	814451	2.82	0	18
ptg000919l_1_region	288560	814451	2.82	0	18
ptg000920l_1	912628	2871210	3.15	0	21
ptg000920l_1_region	912628	2871210	3.15	0	21
ptg000922l_1	217931	970641	4.45	0	29
ptg000922l_1_region	217931	970641	4.45	0	29
ptg000923l_1	3465100	11286387	3.26	0	17
ptg000923l_1_region	3465100	11286387	3.26	0	17
ptg000924l_1	3278430	12528876	3.82	0	33
ptg000924l_1_region	3278430	12528876	3.82	0	33
ptg000925l_1	437075	1116102	2.55	0	8
ptg000925l_1_region	437075	1116102	2.55	0	8
ptg000927l_1	112937	439893	3.90	0	11
ptg000927l_1_region	112937	439893	3.90	0	11
ptg000928l_1	280277	717070	2.56	0	16
ptg000928l_1_region	280277	717070	2.56	0	16
ptg000929l_1	324958	1046326	3.22	0	10
ptg000929l_1_region	324958	1046326	3.22	0	10
ptg000930l_1	3227723	13450454	4.17	0	20
ptg000930l_1_region	3227723	13450454	4.17	0	20
ptg000931l_1	689210	1865380	2.71	0	17
ptg000931l_1_region	689210	1865380	2.71	0	17
ptg000932l_1	386469	830758	2.15	0	10
ptg000932l_1_region	386469	830758	2.15	0	10
ptg000934l_1	638889	2091190	3.27	0	15
ptg000934l_1_region	638889	2091190	3.27	0	15
ptg000935l_1	834502	2837380	3.40	0	11
ptg000935l_1_region	834502	2837380	3.40	0	11
ptg000936l_1	673886	2345007	3.48	0	13
ptg000936l_1_region	673886	2345007	3.48	0	13
ptg000937l_1	1828049	6347339	3.47	0	12
ptg000937l_1_region	1828049	6347339	3.47	0	12
ptg000939l_1	84595	369426	4.37	0	13
ptg000939l_1_region	84595	369426	4.37	0	13
ptg000942l_1	1832541	6510893	3.55	0	18
ptg000942l_1_region	1832541	6510893	3.55	0	18
ptg000944l_1	1662287	4230408	2.54	0	19
ptg000944l_1_region	1662287	4230408	2.54	0	19
ptg000945l_1	3018630	12021089	3.98	0	18
ptg000945l_1_region	3018630	12021089	3.98	0	18
ptg000947l_1	962699	4079126	4.24	0	13
ptg000947l_1_region	962699	4079126	4.24	0	13
ptg000949l_1	1560150	4657350	2.99	0	15
ptg000949l_1_region	1560150	4657350	2.99	0	15
ptg000950l_1	1833770	6217945	3.39	0	13
ptg000950l_1_region	1833770	6217945	3.39	0	13
ptg000951l_1	3311493	10837970	3.27	0	15
ptg000951l_1_region	3311493	10837970	3.27	0	15
ptg000953l_1	955305	3398193	3.56	0	12
ptg000953l_1_region	955305	3398193	3.56	0	12
ptg000955l_1	1178805	3385669	2.87	0	16
ptg000955l_1_region	1178805	3385669	2.87	0	16
ptg000956l_1	3495441	12293871	3.52	0	16
ptg000956l_1_region	3495441	12293871	3.52	0	16
ptg000958l_1	1344893	3945274	2.93	0	14
ptg000958l_1_region	1344893	3945274	2.93	0	14
ptg000959l_1	647237	2063452	3.19	0	13
ptg000959l_1_region	647237	2063452	3.19	0	13
ptg000960l_1	391687	1472902	3.76	0	13
ptg000960l_1_region	391687	1472902	3.76	0	13
ptg000961l_1	170420	412746	2.42	0	9
ptg000961l_1_region	170420	412746	2.42	0	9
ptg000963l_1	520996	1048122	2.01	0	10
ptg000963l_1_region	520996	1048122	2.01	0	10
ptg000965l_1	1684793	6792007	4.03	0	15
ptg000965l_1_region	1684793	6792007	4.03	0	15
ptg000966l_1	366027	1144302	3.13	0	13
ptg000966l_1_region	366027	1144302	3.13	0	13
ptg000967l_1	2561583	8254948	3.22	0	27
ptg000967l_1_region	2561583	8254948	3.22	0	27
ptg000969l_1	71324	131766	1.85	0	6
ptg000969l_1_region	71324	131766	1.85	0	6
ptg000970l_1	2021433	7401505	3.66	0	13
ptg000970l_1_region	2021433	7401505	3.66	0	13
ptg000971l_1	193540	477343	2.47	0	9
ptg000971l_1_region	193540	477343	2.47	0	9
ptg000973l_1	1785417	6703254	3.75	0	18
ptg000973l_1_region	1785417	6703254	3.75	0	18
ptg000974l_1	944123	3525465	3.73	0	13
ptg000974l_1_region	944123	3525465	3.73	0	13
ptg000976l_1	941608	3170899	3.37	0	13
ptg000976l_1_region	941608	3170899	3.37	0	13
ptg000977l_1	664677	2648059	3.98	0	12
ptg000977l_1_region	664677	2648059	3.98	0	12
ptg000978l_1	873318	2895329	3.32	0	10
ptg000978l_1_region	873318	2895329	3.32	0	10
ptg000979l_1	929030	3517585	3.79	0	13
ptg000979l_1_region	929030	3517585	3.79	0	13
ptg000980l_1	1000082	3297304	3.30	0	13
ptg000980l_1_region	1000082	3297304	3.30	0	13
ptg000981l_1	222894	769956	3.45	0	11
ptg000981l_1_region	222894	769956	3.45	0	11
ptg000982l_1	588681	1991903	3.38	0	12
ptg000982l_1_region	588681	1991903	3.38	0	12
ptg000984l_1	603669	3173248	5.26	0	122
ptg000984l_1_region	603669	3173248	5.26	0	122
ptg000985l_1	1281092	2879238	2.25	0	116
ptg000985l_1_region	1281092	2879238	2.25	0	116
ptg000986l_1	513951	1012071	1.97	0	10
ptg000986l_1_region	513951	1012071	1.97	0	10
ptg000988l_1	1481475	5200823	3.51	0	13
ptg000988l_1_region	1481475	5200823	3.51	0	13
ptg000989l_1	493739	1173827	2.38	0	9
ptg000989l_1_region	493739	1173827	2.38	0	9
ptg000990l_1	474364	1534597	3.24	0	10
ptg000990l_1_region	474364	1534597	3.24	0	10
ptg000991l_1	238639	785690	3.29	0	10
ptg000991l_1_region	238639	785690	3.29	0	10
ptg000992l_1	99726	225137	2.26	0	7
ptg000992l_1_region	99726	225137	2.26	0	7
ptg000993l_1	303279	1449937	4.78	0	40
ptg000993l_1_region	303279	1449937	4.78	0	40
ptg000994l_1	994543	3505587	3.52	0	14
ptg000994l_1_region	994543	3505587	3.52	0	14
ptg000995l_1	909988	3006710	3.30	0	13
ptg000995l_1_region	909988	3006710	3.30	0	13
ptg000996l_1	2769437	9313829	3.36	0	18
ptg000996l_1_region	2769437	9313829	3.36	0	18
ptg000997l_1	572045	1609675	2.81	0	12
ptg000997l_1_region	572045	1609675	2.81	0	12
ptg000998l_1	1063209	3921006	3.69	0	13
ptg000998l_1_region	1063209	3921006	3.69	0	13
ptg000999l_1	1619925	4418989	2.73	0	12
ptg000999l_1_region	1619925	4418989	2.73	0	12
ptg001001l_1	561481	1570997	2.80	0	13
ptg001001l_1_region	561481	1570997	2.80	0	13
ptg001002l_1	300224	691072	2.30	0	6
ptg001002l_1_region	300224	691072	2.30	0	6
ptg001004l_1	237963	875371	3.68	0	16
ptg001004l_1_region	237963	875371	3.68	0	16
ptg001005l_1	231273	820361	3.55	0	14
ptg001005l_1_region	231273	820361	3.55	0	14
ptg001010l_1	520005	1696367	3.26	0	13
ptg001010l_1_region	520005	1696367	3.26	0	13
ptg001011l_1	1245596	4128903	3.31	0	13
ptg001011l_1_region	1245596	4128903	3.31	0	13
ptg001013l_1	809277	2930269	3.62	0	12
ptg001013l_1_region	809277	2930269	3.62	0	12
ptg001014l_1	507013	538561	1.06	0	8
ptg001014l_1_region	507013	538561	1.06	0	8
ptg001016l_1	1128953	1856837	1.64	0	16
ptg001016l_1_region	1128953	1856837	1.64	0	16
ptg001017l_1	977231	3327931	3.41	0	14
ptg001017l_1_region	977231	3327931	3.41	0	14
ptg001019l_1	763771	2330385	3.05	0	11
ptg001019l_1_region	763771	2330385	3.05	0	11
ptg001020l_1	422113	664017	1.57	0	10
ptg001020l_1_region	422113	664017	1.57	0	10
ptg001021l_1	2123338	7209724	3.40	0	14
ptg001021l_1_region	2123338	7209724	3.40	0	14
ptg001022l_1	252552	638328	2.53	0	9
ptg001022l_1_region	252552	638328	2.53	0	9
ptg001023l_1	36917	71245	1.93	0	5
ptg001023l_1_region	36917	71245	1.93	0	5
ptg001024l_1	380787	1430782	3.76	0	12
ptg001024l_1_region	380787	1430782	3.76	0	12
ptg001025l_1	2504446	7886685	3.15	0	16
ptg001025l_1_region	2504446	7886685	3.15	0	16
ptg001027l_1	548506	1770089	3.23	0	11
ptg001027l_1_region	548506	1770089	3.23	0	11
ptg001028l_1	427191	1105439	2.59	0	11
ptg001028l_1_region	427191	1105439	2.59	0	11
ptg001032l_1	1318736	3883555	2.94	0	11
ptg001032l_1_region	1318736	3883555	2.94	0	11
ptg001033l_1	2422088	7342827	3.03	0	12
ptg001033l_1_region	2422088	7342827	3.03	0	12
ptg001034l_1	277000	897490	3.24	0	12
ptg001034l_1_region	277000	897490	3.24	0	12
ptg001040l_1	322570	999980	3.10	0	9
ptg001040l_1_region	322570	999980	3.10	0	9
ptg001041l_1	534339	1370728	2.57	0	8
ptg001041l_1_region	534339	1370728	2.57	0	8
ptg001042l_1	402533	1017836	2.53	0	11
ptg001042l_1_region	402533	1017836	2.53	0	11
ptg001043l_1	727188	2511426	3.45	0	13
ptg001043l_1_region	727188	2511426	3.45	0	13
ptg001045l_1	1417499	4927962	3.48	0	11
ptg001045l_1_region	1417499	4927962	3.48	0	11
ptg001046l_1	782851	3162917	4.04	0	12
ptg001046l_1_region	782851	3162917	4.04	0	12
ptg001048l_1	732692	1389060	1.90	0	10
ptg001048l_1_region	732692	1389060	1.90	0	10
ptg001050l_1	168201	616974	3.67	0	11
ptg001050l_1_region	168201	616974	3.67	0	11
ptg001051l_1	837601	2352225	2.81	0	35
ptg001051l_1_region	837601	2352225	2.81	0	35
ptg001054l_1	866908	2550031	2.94	0	11
ptg001054l_1_region	866908	2550031	2.94	0	11
ptg001056l_1	717989	2587960	3.60	0	13
ptg001056l_1_region	717989	2587960	3.60	0	13
ptg001057l_1	685386	1997038	2.91	0	9
ptg001057l_1_region	685386	1997038	2.91	0	9
ptg001058l_1	64626	127763	1.98	0	7
ptg001058l_1_region	64626	127763	1.98	0	7
ptg001060l_1	1808332	5978381	3.31	0	15
ptg001060l_1_region	1808332	5978381	3.31	0	15
ptg001062l_1	959576	2522919	2.63	0	26
ptg001062l_1_region	959576	2522919	2.63	0	26
ptg001065l_1	273270	640414	2.34	0	7
ptg001065l_1_region	273270	640414	2.34	0	7
ptg001066l_1	829293	2461362	2.97	0	15
ptg001066l_1_region	829293	2461362	2.97	0	15
ptg001068l_1	1380614	4769230	3.45	0	13
ptg001068l_1_region	1380614	4769230	3.45	0	13
ptg001070l_1	3820129	14136387	3.70	0	28
ptg001070l_1_region	3820129	14136387	3.70	0	28
ptg001071l_1	610137	1124412	1.84	0	12
ptg001071l_1_region	610137	1124412	1.84	0	12
ptg001072l_1	1502756	6691487	4.45	0	69
ptg001072l_1_region	1502756	6691487	4.45	0	69
ptg001073l_1	995760	3641819	3.66	0	15
ptg001073l_1_region	995760	3641819	3.66	0	15
ptg001074l_1	1048068	3467886	3.31	0	11
ptg001074l_1_region	1048068	3467886	3.31	0	11
ptg001075l_1	1554044	4900539	3.15	0	14
ptg001075l_1_region	1554044	4900539	3.15	0	14
ptg001076l_1	191156	540008	2.82	0	10
ptg001076l_1_region	191156	540008	2.82	0	10
ptg001077l_1	624834	2035438	3.26	0	13
ptg001077l_1_region	624834	2035438	3.26	0	13
ptg001078l_1	907147	2946549	3.25	0	11
ptg001078l_1_region	907147	2946549	3.25	0	11
ptg001079l_1	481637	1881616	3.91	0	14
ptg001079l_1_region	481637	1881616	3.91	0	14
ptg001081l_1	245899	686397	2.79	0	10
ptg001081l_1_region	245899	686397	2.79	0	10
ptg001082l_1	240684	648888	2.70	0	10
ptg001082l_1_region	240684	648888	2.70	0	10
ptg001084l_1	179750	477172	2.65	0	8
ptg001084l_1_region	179750	477172	2.65	0	8
ptg001086l_1	594291	2073506	3.49	0	12
ptg001086l_1_region	594291	2073506	3.49	0	12
ptg001087l_1	1538239	5812193	3.78	0	14
ptg001087l_1_region	1538239	5812193	3.78	0	14
ptg001088l_1	55010	187759	3.41	0	11
ptg001088l_1_region	55010	187759	3.41	0	11
ptg001091l_1	109890	188823	1.72	0	6
ptg001091l_1_region	109890	188823	1.72	0	6
ptg001094l_1	552831	1735768	3.14	0	15
ptg001094l_1_region	552831	1735768	3.14	0	15
ptg001095l_1	662227	2211361	3.34	0	13
ptg001095l_1_region	662227	2211361	3.34	0	13
ptg001096l_1	948383	3634350	3.83	0	31
ptg001096l_1_region	948383	3634350	3.83	0	31
ptg001097l_1	186196	854915	4.59	0	38
ptg001097l_1_region	186196	854915	4.59	0	38
ptg001098l_1	899683	2446514	2.72	0	10
ptg001098l_1_region	899683	2446514	2.72	0	10
ptg001099l_1	1719131	6071815	3.53	0	28
ptg001099l_1_region	1719131	6071815	3.53	0	28
ptg001101l_1	835654	1992952	2.38	0	10
ptg001101l_1_region	835654	1992952	2.38	0	10
ptg001103l_1	226773	681353	3.00	0	16
ptg001103l_1_region	226773	681353	3.00	0	16
ptg001104l_1	171675	515146	3.00	0	13
ptg001104l_1_region	171675	515146	3.00	0	13
ptg001106l_1	1892412	6371829	3.37	0	15
ptg001106l_1_region	1892412	6371829	3.37	0	15
ptg001107l_1	535505	1814662	3.39	0	13
ptg001107l_1_region	535505	1814662	3.39	0	13
ptg001108l_1	431338	1712212	3.97	0	15
ptg001108l_1_region	431338	1712212	3.97	0	15
ptg001110l_1	169611	510232	3.01	0	13
ptg001110l_1_region	169611	510232	3.01	0	13
ptg001111l_1	251818	704789	2.80	0	11
ptg001111l_1_region	251818	704789	2.80	0	11
ptg001112l_1	895714	3047289	3.40	0	12
ptg001112l_1_region	895714	3047289	3.40	0	12
ptg001113l_1	435037	952303	2.19	0	10
ptg001113l_1_region	435037	952303	2.19	0	10
ptg001114l_1	881083	2562772	2.91	0	15
ptg001114l_1_region	881083	2562772	2.91	0	15
ptg001115l_1	323124	1404259	4.35	0	23
ptg001115l_1_region	323124	1404259	4.35	0	23
ptg001120l_1	492668	1481257	3.01	0	13
ptg001120l_1_region	492668	1481257	3.01	0	13
ptg001121l_1	371469	1108645	2.98	0	20
ptg001121l_1_region	371469	1108645	2.98	0	20
ptg001122l_1	877911	3056712	3.48	0	35
ptg001122l_1_region	877911	3056712	3.48	0	35
ptg001123l_1	334839	622444	1.86	0	8
ptg001123l_1_region	334839	622444	1.86	0	8
ptg001124l_1	346769	1020688	2.94	0	7
ptg001124l_1_region	346769	1020688	2.94	0	7
ptg001125l_1	481611	1345869	2.79	0	13
ptg001125l_1_region	481611	1345869	2.79	0	13
ptg001127l_1	2475020	9180466	3.71	0	32
ptg001127l_1_region	2475020	9180466	3.71	0	32
ptg001128l_1	96562	220055	2.28	0	8
ptg001128l_1_region	96562	220055	2.28	0	8
ptg001130l_1	1058287	3640607	3.44	0	28
ptg001130l_1_region	1058287	3640607	3.44	0	28
ptg001131l_1	727807	2108231	2.90	0	24
ptg001131l_1_region	727807	2108231	2.90	0	24
ptg001132l_1	486336	1255952	2.58	0	19
ptg001132l_1_region	486336	1255952	2.58	0	19
ptg001133l_1	73774	173375	2.35	0	7
ptg001133l_1_region	73774	173375	2.35	0	7
ptg001135l_1	350900	1192069	3.40	0	12
ptg001135l_1_region	350900	1192069	3.40	0	12
ptg001136l_1	1206445	4041413	3.35	0	19
ptg001136l_1_region	1206445	4041413	3.35	0	19
ptg001137l_1	570961	1573096	2.76	0	10
ptg001137l_1_region	570961	1573096	2.76	0	10
ptg001139l_1	819888	2853776	3.48	0	11
ptg001139l_1_region	819888	2853776	3.48	0	11
ptg001140l_1	2584891	7392298	2.86	0	14
ptg001140l_1_region	2584891	7392298	2.86	0	14
ptg001141l_1	310528	852499	2.75	0	9
ptg001141l_1_region	310528	852499	2.75	0	9
ptg001142l_1	552152	1072670	1.94	0	23
ptg001142l_1_region	552152	1072670	1.94	0	23
ptg001143l_1	2514065	9289709	3.70	0	12
ptg001143l_1_region	2514065	9289709	3.70	0	12
ptg001144l_1	679416	2197011	3.23	0	15
ptg001144l_1_region	679416	2197011	3.23	0	15
ptg001145l_1	1565900	5785517	3.69	0	16
ptg001145l_1_region	1565900	5785517	3.69	0	16
ptg001146l_1	1164635	4225605	3.63	0	14
ptg001146l_1_region	1164635	4225605	3.63	0	14
ptg001147l_1	169053	769516	4.55	0	12
ptg001147l_1_region	169053	769516	4.55	0	12
ptg001148l_1	448901	1189295	2.65	0	9
ptg001148l_1_region	448901	1189295	2.65	0	9
ptg001149l_1	427394	943113	2.21	0	11
ptg001149l_1_region	427394	943113	2.21	0	11
ptg001150l_1	297677	969738	3.26	0	66
ptg001150l_1_region	297677	969738	3.26	0	66
ptg001151l_1	500217	1188943	2.38	0	16
ptg001151l_1_region	500217	1188943	2.38	0	16
ptg001152l_1	1641536	5743746	3.50	0	22
ptg001152l_1_region	1641536	5743746	3.50	0	22
ptg001153l_1	952259	3306719	3.47	0	12
ptg001153l_1_region	952259	3306719	3.47	0	12
ptg001154l_1	208560	512903	2.46	0	12
ptg001154l_1_region	208560	512903	2.46	0	12
ptg001155l_1	1482101	5233729	3.53	0	15
ptg001155l_1_region	1482101	5233729	3.53	0	15
ptg001157l_1	617823	2670854	4.32	0	13
ptg001157l_1_region	617823	2670854	4.32	0	13
ptg001159l_1	3212607	10750160	3.35	0	21
ptg001159l_1_region	3212607	10750160	3.35	0	21
ptg001160l_1	350891	139392	0.40	0	11
ptg001160l_1_region	350891	139392	0.40	0	11
ptg001163l_1	399258	1018760	2.55	0	22
ptg001163l_1_region	399258	1018760	2.55	0	22
ptg001164l_1	696068	2035798	2.92	0	9
ptg001164l_1_region	696068	2035798	2.92	0	9
ptg001165l_1	788750	2844204	3.61	0	12
ptg001165l_1_region	788750	2844204	3.61	0	12
ptg001166l_1	383184	1134088	2.96	0	9
ptg001166l_1_region	383184	1134088	2.96	0	9
ptg001167l_1	48427	80415	1.66	0	11
ptg001167l_1_region	48427	80415	1.66	0	11
ptg001168l_1	3845446	14299748	3.72	0	16
ptg001168l_1_region	3845446	14299748	3.72	0	16
ptg001169l_1	1519688	4728604	3.11	0	15
ptg001169l_1_region	1519688	4728604	3.11	0	15
ptg001170l_1	91159	330263	3.62	0	9
ptg001170l_1_region	91159	330263	3.62	0	9
ptg001172l_1	3489547	11751471	3.37	0	14
ptg001172l_1_region	3489547	11751471	3.37	0	14
ptg001173l_1	242880	484633	2.00	0	8
ptg001173l_1_region	242880	484633	2.00	0	8
ptg001174l_1	902885	2537037	2.81	0	24
ptg001174l_1_region	902885	2537037	2.81	0	24
ptg001175l_1	600337	1750982	2.92	0	11
ptg001175l_1_region	600337	1750982	2.92	0	11
ptg001176l_1	1156841	4140235	3.58	0	13
ptg001176l_1_region	1156841	4140235	3.58	0	13
ptg001177l_1	2257229	7826935	3.47	0	19
ptg001177l_1_region	2257229	7826935	3.47	0	19
ptg001179l_1	281086	645833	2.30	0	12
ptg001179l_1_region	281086	645833	2.30	0	12
ptg001180l_1	360012	1164983	3.24	0	15
ptg001180l_1_region	360012	1164983	3.24	0	15
ptg001181l_1	39845	156639	3.93	0	15
ptg001181l_1_region	39845	156639	3.93	0	15
ptg001182l_1	461684	1764063	3.82	0	17
ptg001182l_1_region	461684	1764063	3.82	0	17
ptg001183l_1	739380	2361496	3.19	0	12
ptg001183l_1_region	739380	2361496	3.19	0	12
ptg001186l_1	253518	272572	1.08	0	12
ptg001186l_1_region	253518	272572	1.08	0	12
ptg001187l_1	189771	675849	3.56	0	23
ptg001187l_1_region	189771	675849	3.56	0	23
ptg001188l_1	782236	2580860	3.30	0	12
ptg001188l_1_region	782236	2580860	3.30	0	12
ptg001190l_1	984368	3273321	3.33	0	14
ptg001190l_1_region	984368	3273321	3.33	0	14
ptg001191l_1	1678947	3038343	1.81	0	19
ptg001191l_1_region	1678947	3038343	1.81	0	19
ptg001192l_1	286949	767600	2.68	0	24
ptg001192l_1_region	286949	767600	2.68	0	24
ptg001193l_1	678490	1287124	1.90	0	9
ptg001193l_1_region	678490	1287124	1.90	0	9
ptg001194l_1	720754	2301802	3.19	0	19
ptg001194l_1_region	720754	2301802	3.19	0	19
ptg001195l_1	2029672	6120766	3.02	0	44
ptg001195l_1_region	2029672	6120766	3.02	0	44
ptg001196l_1	360158	1081066	3.00	0	10
ptg001196l_1_region	360158	1081066	3.00	0	10
ptg001197l_1	653406	2480267	3.80	0	21
ptg001197l_1_region	653406	2480267	3.80	0	21
ptg001198l_1	273592	694592	2.54	0	10
ptg001198l_1_region	273592	694592	2.54	0	10
ptg001199l_1	171367	434454	2.54	0	12
ptg001199l_1_region	171367	434454	2.54	0	12
ptg001201l_1	155932	443951	2.85	0	10
ptg001201l_1_region	155932	443951	2.85	0	10
ptg001204l_1	701553	2002590	2.85	0	11
ptg001204l_1_region	701553	2002590	2.85	0	11
ptg001205l_1	317000	731180	2.31	0	17
ptg001205l_1_region	317000	731180	2.31	0	17
ptg001206l_1	1179872	4226632	3.58	0	14
ptg001206l_1_region	1179872	4226632	3.58	0	14
ptg001207l_1	329903	707445	2.14	0	9
ptg001207l_1_region	329903	707445	2.14	0	9
ptg001210l_1	343574	4292978	12.50	1	55
ptg001210l_1_region	343574	4292978	12.50	1	55
ptg001212l_1	150081	342022	2.28	0	6
ptg001212l_1_region	150081	342022	2.28	0	6
ptg001214l_1	420699	1381824	3.28	0	10
ptg001214l_1_region	420699	1381824	3.28	0	10
ptg001215l_1	630580	1770636	2.81	0	11
ptg001215l_1_region	630580	1770636	2.81	0	11
ptg001216l_1	264246	728628	2.76	0	12
ptg001216l_1_region	264246	728628	2.76	0	12
ptg001217l_1	288048	584697	2.03	0	8
ptg001217l_1_region	288048	584697	2.03	0	8
ptg001218l_1	1400496	5194825	3.71	0	18
ptg001218l_1_region	1400496	5194825	3.71	0	18
ptg001219l_1	963657	3379931	3.51	0	17
ptg001219l_1_region	963657	3379931	3.51	0	17
ptg001221l_1	467184	2669119	5.71	0	30
ptg001221l_1_region	467184	2669119	5.71	0	30
ptg001222l_1	158110	296772	1.88	0	8
ptg001222l_1_region	158110	296772	1.88	0	8
ptg001223l_1	198987	679914	3.42	0	10
ptg001223l_1_region	198987	679914	3.42	0	10
ptg001226l_1	967684	2629202	2.72	0	11
ptg001226l_1_region	967684	2629202	2.72	0	11
ptg001227l_1	313532	448574	1.43	0	6
ptg001227l_1_region	313532	448574	1.43	0	6
ptg001228l_1	1366534	4311213	3.15	0	12
ptg001228l_1_region	1366534	4311213	3.15	0	12
ptg001229l_1	729300	2331240	3.20	0	13
ptg001229l_1_region	729300	2331240	3.20	0	13
ptg001230l_1	922792	2498459	2.71	0	13
ptg001230l_1_region	922792	2498459	2.71	0	13
ptg001231l_1	1446152	4282002	2.96	0	13
ptg001231l_1_region	1446152	4282002	2.96	0	13
ptg001232l_1	1342366	4439265	3.31	0	14
ptg001232l_1_region	1342366	4439265	3.31	0	14
ptg001233l_1	222792	674473	3.03	0	20
ptg001233l_1_region	222792	674473	3.03	0	20
ptg001234l_1	358866	1682162	4.69	0	30
ptg001234l_1_region	358866	1682162	4.69	0	30
ptg001236l_1	1619101	5121625	3.16	0	14
ptg001236l_1_region	1619101	5121625	3.16	0	14
ptg001237l_1	540299	2298547	4.25	0	15
ptg001237l_1_region	540299	2298547	4.25	0	15
ptg001238l_1	820537	1853632	2.26	0	37
ptg001238l_1_region	820537	1853632	2.26	0	37
ptg001241l_1	241423	446967	1.85	0	9
ptg001241l_1_region	241423	446967	1.85	0	9
ptg001242l_1	1455621	5243962	3.60	0	13
ptg001242l_1_region	1455621	5243962	3.60	0	13
ptg001243l_1	249698	308287	1.23	0	4
ptg001243l_1_region	249698	308287	1.23	0	4
ptg001244l_1	186068	355180	1.91	0	14
ptg001244l_1_region	186068	355180	1.91	0	14
ptg001245l_1	737059	2442368	3.31	0	13
ptg001245l_1_region	737059	2442368	3.31	0	13
ptg001246l_1	1470651	4761816	3.24	0	31
ptg001246l_1_region	1470651	4761816	3.24	0	31
ptg001248l_1	87461	207826	2.38	0	6
ptg001248l_1_region	87461	207826	2.38	0	6
ptg001249l_1	391567	1109601	2.83	0	9
ptg001249l_1_region	391567	1109601	2.83	0	9
ptg001250l_1	911834	2385710	2.62	0	14
ptg001250l_1_region	911834	2385710	2.62	0	14
ptg001251l_1	329054	690070	2.10	0	8
ptg001251l_1_region	329054	690070	2.10	0	8
ptg001252l_1	500022	1571466	3.14	0	12
ptg001252l_1_region	500022	1571466	3.14	0	12
ptg001254l_1	546791	1316498	2.41	0	10
ptg001254l_1_region	546791	1316498	2.41	0	10
ptg001255l_1	646484	2155537	3.33	0	10
ptg001255l_1_region	646484	2155537	3.33	0	10
ptg001256l_1	79024	164336	2.08	0	6
ptg001256l_1_region	79024	164336	2.08	0	6
ptg001257l_1	782368	2596367	3.32	0	15
ptg001257l_1_region	782368	2596367	3.32	0	15
ptg001259l_1	38132	71268	1.87	0	4
ptg001259l_1_region	38132	71268	1.87	0	4
ptg001260l_1	431172	1247962	2.89	0	11
ptg001260l_1_region	431172	1247962	2.89	0	11
ptg001261l_1	131497	451371	3.43	0	10
ptg001261l_1_region	131497	451371	3.43	0	10
ptg001265l_1	1687154	5189021	3.08	0	12
ptg001265l_1_region	1687154	5189021	3.08	0	12
ptg001266l_1	197487	274053	1.39	0	5
ptg001266l_1_region	197487	274053	1.39	0	5
ptg001267l_1	827409	3512877	4.25	0	28
ptg001267l_1_region	827409	3512877	4.25	0	28
ptg001268l_1	1258871	4764599	3.78	0	12
ptg001268l_1_region	1258871	4764599	3.78	0	12
ptg001269l_1	317075	722049	2.28	0	10
ptg001269l_1_region	317075	722049	2.28	0	10
ptg001270l_1	2348583	8608061	3.67	0	20
ptg001270l_1_region	2348583	8608061	3.67	0	20
ptg001271l_1	632687	1679590	2.65	0	10
ptg001271l_1_region	632687	1679590	2.65	0	10
ptg001272l_1	732834	2208127	3.01	0	27
ptg001272l_1_region	732834	2208127	3.01	0	27
ptg001273l_1	466055	952917	2.04	0	6
ptg001273l_1_region	466055	952917	2.04	0	6
ptg001274l_1	154390	246270	1.60	0	9
ptg001274l_1_region	154390	246270	1.60	0	9
ptg001275l_1	170879	389365	2.28	0	12
ptg001275l_1_region	170879	389365	2.28	0	12
ptg001277l_1	1217146	4427034	3.64	0	11
ptg001277l_1_region	1217146	4427034	3.64	0	11
ptg001278l_1	99350	44042	0.44	0	3
ptg001278l_1_region	99350	44042	0.44	0	3
ptg001280l_1	1379769	6037784	4.38	0	24
ptg001280l_1_region	1379769	6037784	4.38	0	24
ptg001281l_1	675468	1721744	2.55	0	12
ptg001281l_1_region	675468	1721744	2.55	0	12
ptg001282l_1	192470	619578	3.22	0	15
ptg001282l_1_region	192470	619578	3.22	0	15
ptg001283l_1	641044	2014845	3.14	0	57
ptg001283l_1_region	641044	2014845	3.14	0	57
ptg001284l_1	434012	1011541	2.33	0	11
ptg001284l_1_region	434012	1011541	2.33	0	11
ptg001285l_1	1004254	3313488	3.30	0	25
ptg001285l_1_region	1004254	3313488	3.30	0	25
ptg001286l_1	2907770	10372424	3.57	0	14
ptg001286l_1_region	2907770	10372424	3.57	0	14
ptg001287l_1	342323	1315468	3.84	0	78
ptg001287l_1_region	342323	1315468	3.84	0	78
ptg001288l_1	651774	2125178	3.26	0	9
ptg001288l_1_region	651774	2125178	3.26	0	9
ptg001289l_1	512027	1650816	3.22	0	14
ptg001289l_1_region	512027	1650816	3.22	0	14
ptg001291l_1	527840	1443802	2.74	0	13
ptg001291l_1_region	527840	1443802	2.74	0	13
ptg001292l_1	588053	2133587	3.63	0	10
ptg001292l_1_region	588053	2133587	3.63	0	10
ptg001293l_1	3392318	12618080	3.72	0	15
ptg001293l_1_region	3392318	12618080	3.72	0	15
ptg001298l_1	664390	2420516	3.64	0	20
ptg001298l_1_region	664390	2420516	3.64	0	20
ptg001302l_1	1445834	5415536	3.75	0	15
ptg001302l_1_region	1445834	5415536	3.75	0	15
ptg001303l_1	244608	759972	3.11	0	8
ptg001303l_1_region	244608	759972	3.11	0	8
ptg001305l_1	630819	2182489	3.46	0	10
ptg001305l_1_region	630819	2182489	3.46	0	10
ptg001307l_1	214884	612451	2.85	0	126
ptg001307l_1_region	214884	612451	2.85	0	126
ptg001308l_1	1115363	4006986	3.59	0	12
ptg001308l_1_region	1115363	4006986	3.59	0	12
ptg001310l_1	759176	2266417	2.99	0	16
ptg001310l_1_region	759176	2266417	2.99	0	16
ptg001311l_1	480735	1396102	2.90	0	10
ptg001311l_1_region	480735	1396102	2.90	0	10
ptg001312l_1	1018874	3006544	2.95	0	15
ptg001312l_1_region	1018874	3006544	2.95	0	15
ptg001313l_1	582328	1186889	2.04	0	8
ptg001313l_1_region	582328	1186889	2.04	0	8
ptg001315l_1	957669	3170531	3.31	0	16
ptg001315l_1_region	957669	3170531	3.31	0	16
ptg001317l_1	416269	1246717	2.99	0	9
ptg001317l_1_region	416269	1246717	2.99	0	9
ptg001320l_1	376221	1102717	2.93	0	13
ptg001320l_1_region	376221	1102717	2.93	0	13
ptg001321l_1	922695	2886057	3.13	0	15
ptg001321l_1_region	922695	2886057	3.13	0	15
ptg001323l_1	558603	2138336	3.83	0	26
ptg001323l_1_region	558603	2138336	3.83	0	26
ptg001324l_1	804769	3836806	4.77	0	31
ptg001324l_1_region	804769	3836806	4.77	0	31
ptg001325l_1	586416	1943774	3.31	0	13
ptg001325l_1_region	586416	1943774	3.31	0	13
ptg001327l_1	798392	1583377	1.98	0	11
ptg001327l_1_region	798392	1583377	1.98	0	11
ptg001331l_1	1347739	6223675	4.62	0	31
ptg001331l_1_region	1347739	6223675	4.62	0	31
ptg001334l_1	237104	719113	3.03	0	9
ptg001334l_1_region	237104	719113	3.03	0	9
ptg001336l_1	486749	1835047	3.77	0	11
ptg001336l_1_region	486749	1835047	3.77	0	11
ptg001337l_1	1247903	3961277	3.17	0	13
ptg001337l_1_region	1247903	3961277	3.17	0	13
ptg001338l_1	1507868	4683182	3.11	0	17
ptg001338l_1_region	1507868	4683182	3.11	0	17
ptg001339l_1	297381	862415	2.90	0	14
ptg001339l_1_region	297381	862415	2.90	0	14
ptg001340l_1	1160903	3813250	3.28	0	15
ptg001340l_1_region	1160903	3813250	3.28	0	15
ptg001341l_1	162590	443345	2.73	0	9
ptg001341l_1_region	162590	443345	2.73	0	9
ptg001342l_1	478032	1128498	2.36	0	11
ptg001342l_1_region	478032	1128498	2.36	0	11
ptg001343l_1	1956331	6417013	3.28	0	16
ptg001343l_1_region	1956331	6417013	3.28	0	16
ptg001345l_1	481458	1692924	3.52	0	16
ptg001345l_1_region	481458	1692924	3.52	0	16
ptg001346l_1	341711	1241934	3.63	0	12
ptg001346l_1_region	341711	1241934	3.63	0	12
ptg001347l_1	1222919	3950097	3.23	0	20
ptg001347l_1_region	1222919	3950097	3.23	0	20
ptg001350l_1	999220	2891651	2.89	0	14
ptg001350l_1_region	999220	2891651	2.89	0	14
ptg001352l_1	2789431	4241629	1.52	0	83
ptg001352l_1_region	2789431	4241629	1.52	0	83
ptg001353l_1	1043613	5019562	4.81	0	32
ptg001353l_1_region	1043613	5019562	4.81	0	32
ptg001354l_1	544650	1801604	3.31	0	12
ptg001354l_1_region	544650	1801604	3.31	0	12
ptg001355l_1	1517483	5774190	3.81	0	24
ptg001355l_1_region	1517483	5774190	3.81	0	24
ptg001356l_1	1623828	4678222	2.88	0	16
ptg001356l_1_region	1623828	4678222	2.88	0	16
ptg001358l_1	434518	1145195	2.64	0	19
ptg001358l_1_region	434518	1145195	2.64	0	19
ptg001359l_1	1748538	6436540	3.68	0	19
ptg001359l_1_region	1748538	6436540	3.68	0	19
ptg001360l_1	151121	72289	0.48	0	15
ptg001360l_1_region	151121	72289	0.48	0	15
ptg001362l_1	493970	1181702	2.39	0	12
ptg001362l_1_region	493970	1181702	2.39	0	12
ptg001363l_1	531448	966017	1.82	0	10
ptg001363l_1_region	531448	966017	1.82	0	10
ptg001364l_1	2038070	6599965	3.24	0	13
ptg001364l_1_region	2038070	6599965	3.24	0	13
ptg001365l_1	505968	1377676	2.72	0	9
ptg001365l_1_region	505968	1377676	2.72	0	9
ptg001368l_1	1237472	4676879	3.78	0	31
ptg001368l_1_region	1237472	4676879	3.78	0	31
ptg001369l_1	560903	1665560	2.97	0	10
ptg001369l_1_region	560903	1665560	2.97	0	10
ptg001370l_1	319184	1658538	5.20	0	20
ptg001370l_1_region	319184	1658538	5.20	0	20
ptg001371l_1	408185	878175	2.15	0	12
ptg001371l_1_region	408185	878175	2.15	0	12
ptg001372l_1	1124662	3648360	3.24	0	15
ptg001372l_1_region	1124662	3648360	3.24	0	15
ptg001374l_1	1646679	5046923	3.06	0	14
ptg001374l_1_region	1646679	5046923	3.06	0	14
ptg001377l_1	568133	1472015	2.59	0	10
ptg001377l_1_region	568133	1472015	2.59	0	10
ptg001379l_1	46612	55836	1.20	0	6
ptg001379l_1_region	46612	55836	1.20	0	6
ptg001380l_1	1529331	4985971	3.26	0	14
ptg001380l_1_region	1529331	4985971	3.26	0	14
ptg001381l_1	638857	2110204	3.30	0	10
ptg001381l_1_region	638857	2110204	3.30	0	10
ptg001383l_1	1125404	4298792	3.82	0	13
ptg001383l_1_region	1125404	4298792	3.82	0	13
ptg001384l_1	754421	2362822	3.13	0	11
ptg001384l_1_region	754421	2362822	3.13	0	11
ptg001385l_1	322322	1896717	5.88	0	23
ptg001385l_1_region	322322	1896717	5.88	0	23
ptg001387l_1	53084	97715	1.84	0	7
ptg001387l_1_region	53084	97715	1.84	0	7
ptg001388l_1	2224047	7845320	3.53	0	12
ptg001388l_1_region	2224047	7845320	3.53	0	12
ptg001390l_1	1342748	4767324	3.55	0	12
ptg001390l_1_region	1342748	4767324	3.55	0	12
ptg001391l_1	260580	415618	1.59	0	6
ptg001391l_1_region	260580	415618	1.59	0	6
ptg001392l_1	352525	976412	2.77	0	12
ptg001392l_1_region	352525	976412	2.77	0	12
ptg001393l_1	1783319	5915610	3.32	0	18
ptg001393l_1_region	1783319	5915610	3.32	0	18
ptg001395l_1	636776	1458735	2.29	0	11
ptg001395l_1_region	636776	1458735	2.29	0	11
ptg001398l_1	606457	2028334	3.34	0	12
ptg001398l_1_region	606457	2028334	3.34	0	12
ptg001402l_1	182714	437710	2.40	0	11
ptg001402l_1_region	182714	437710	2.40	0	11
ptg001403l_1	221544	845680	3.82	0	11
ptg001403l_1_region	221544	845680	3.82	0	11
ptg001404c_1	106053	199525	1.88	0	6
ptg001404c_1_region	106053	199525	1.88	0	6
ptg001406l_1	68041	137527	2.02	0	6
ptg001406l_1_region	68041	137527	2.02	0	6
ptg001407l_1	1095834	3543977	3.23	0	16
ptg001407l_1_region	1095834	3543977	3.23	0	16
ptg001408l_1	965460	3246766	3.36	0	12
ptg001408l_1_region	965460	3246766	3.36	0	12
ptg001409l_1	1039416	4316777	4.15	0	26
ptg001409l_1_region	1039416	4316777	4.15	0	26
ptg001411l_1	489626	1101301	2.25	0	21
ptg001411l_1_region	489626	1101301	2.25	0	21
ptg001412l_1	2029285	7581818	3.74	0	24
ptg001412l_1_region	2029285	7581818	3.74	0	24
ptg001414l_1	449830	861022	1.91	0	23
ptg001414l_1_region	449830	861022	1.91	0	23
ptg001415l_1	798724	2511688	3.14	0	12
ptg001415l_1_region	798724	2511688	3.14	0	12
ptg001416l_1	290293	722811	2.49	0	18
ptg001416l_1_region	290293	722811	2.49	0	18
ptg001417l_1	141728	154205	1.09	0	7
ptg001417l_1_region	141728	154205	1.09	0	7
ptg001418l_1	176600	403300	2.28	0	19
ptg001418l_1_region	176600	403300	2.28	0	19
ptg001419l_1	692017	2031163	2.94	0	11
ptg001419l_1_region	692017	2031163	2.94	0	11
ptg001420l_1	413126	904207	2.19	0	11
ptg001420l_1_region	413126	904207	2.19	0	11
ptg001422l_1	914960	3047466	3.33	0	12
ptg001422l_1_region	914960	3047466	3.33	0	12
ptg001424l_1	512758	2689818	5.25	0	59
ptg001424l_1_region	512758	2689818	5.25	0	59
ptg001425l_1	1724726	5866937	3.40	0	25
ptg001425l_1_region	1724726	5866937	3.40	0	25
ptg001426l_1	436185	2098745	4.81	0	15
ptg001426l_1_region	436185	2098745	4.81	0	15
ptg001427l_1	1496250	5362688	3.58	0	14
ptg001427l_1_region	1496250	5362688	3.58	0	14
ptg001429l_1	4598107	17205339	3.74	0	14
ptg001429l_1_region	4598107	17205339	3.74	0	14
ptg001430l_1	327501	1175825	3.59	0	37
ptg001430l_1_region	327501	1175825	3.59	0	37
ptg001433l_1	1646667	5324914	3.23	0	14
ptg001433l_1_region	1646667	5324914	3.23	0	14
ptg001434l_1	856961	2723551	3.18	0	11
ptg001434l_1_region	856961	2723551	3.18	0	11
ptg001435l_1	234760	560595	2.39	0	13
ptg001435l_1_region	234760	560595	2.39	0	13
ptg001436l_1	367781	1587129	4.32	0	42
ptg001436l_1_region	367781	1587129	4.32	0	42
ptg001437l_1	748502	2321315	3.10	0	13
ptg001437l_1_region	748502	2321315	3.10	0	13
ptg001438l_1	1622442	3270589	2.02	0	34
ptg001438l_1_region	1622442	3270589	2.02	0	34
ptg001439l_1	1197937	3994643	3.33	0	13
ptg001439l_1_region	1197937	3994643	3.33	0	13
ptg001440l_1	1940176	7010174	3.61	0	14
ptg001440l_1_region	1940176	7010174	3.61	0	14
ptg001441l_1	60762	175512	2.89	0	7
ptg001441l_1_region	60762	175512	2.89	0	7
ptg001442l_1	1026435	2880428	2.81	0	101
ptg001442l_1_region	1026435	2880428	2.81	0	101
ptg001444l_1	442356	1067934	2.41	0	9
ptg001444l_1_region	442356	1067934	2.41	0	9
ptg001447l_1	2320605	8778996	3.78	0	49
ptg001447l_1_region	2320605	8778996	3.78	0	49
ptg001448l_1	985573	3278784	3.33	0	14
ptg001448l_1_region	985573	3278784	3.33	0	14
ptg001450l_1	701996	2407471	3.43	0	11
ptg001450l_1_region	701996	2407471	3.43	0	11
ptg001451l_1	648436	3483834	5.37	0	420
ptg001451l_1_region	648436	3483834	5.37	0	420
ptg001453l_1	1160721	3864029	3.33	0	11
ptg001453l_1_region	1160721	3864029	3.33	0	11
ptg001454l_1	368543	1114103	3.02	0	13
ptg001454l_1_region	368543	1114103	3.02	0	13
ptg001457l_1	107966	167871	1.55	0	5
ptg001457l_1_region	107966	167871	1.55	0	5
ptg001458l_1	60423	51335	0.85	0	6
ptg001458l_1_region	60423	51335	0.85	0	6
ptg001459l_1	3214661	12225754	3.80	0	17
ptg001459l_1_region	3214661	12225754	3.80	0	17
ptg001460l_1	1362680	3612494	2.65	0	13
ptg001460l_1_region	1362680	3612494	2.65	0	13
ptg001462l_1	558923	1915177	3.43	0	9
ptg001462l_1_region	558923	1915177	3.43	0	9
ptg001464l_1	882858	3554891	4.03	0	24
ptg001464l_1_region	882858	3554891	4.03	0	24
ptg001465l_1	22738	1083	0.05	0	1
ptg001465l_1_region	22738	1083	0.05	0	1
ptg001467l_1	796456	2919913	3.67	0	13
ptg001467l_1_region	796456	2919913	3.67	0	13
ptg001469l_1	527362	2020702	3.83	0	12
ptg001469l_1_region	527362	2020702	3.83	0	12
ptg001470l_1	759154	2367925	3.12	0	11
ptg001470l_1_region	759154	2367925	3.12	0	11
ptg001471l_1	643284	1535107	2.39	0	10
ptg001471l_1_region	643284	1535107	2.39	0	10
ptg001473l_1	135228	282004	2.09	0	8
ptg001473l_1_region	135228	282004	2.09	0	8
ptg001474l_1	213561	580997	2.72	0	9
ptg001474l_1_region	213561	580997	2.72	0	9
ptg001475l_1	236383	308240	1.30	0	7
ptg001475l_1_region	236383	308240	1.30	0	7
ptg001476l_1	966089	3600168	3.73	0	13
ptg001476l_1_region	966089	3600168	3.73	0	13
ptg001478l_1	858523	2859766	3.33	0	12
ptg001478l_1_region	858523	2859766	3.33	0	12
ptg001479l_1	116899	336641	2.88	0	12
ptg001479l_1_region	116899	336641	2.88	0	12
ptg001482l_1	1622160	7364204	4.54	0	46
ptg001482l_1_region	1622160	7364204	4.54	0	46
ptg001483l_1	30469	56996	1.87	0	4
ptg001483l_1_region	30469	56996	1.87	0	4
ptg001486l_1	752891	2723923	3.62	0	12
ptg001486l_1_region	752891	2723923	3.62	0	12
ptg001487l_1	211531	387713	1.83	0	10
ptg001487l_1_region	211531	387713	1.83	0	10
ptg001488l_1	2710740	10816858	3.99	0	14
ptg001488l_1_region	2710740	10816858	3.99	0	14
ptg001489l_1	416204	1634969	3.93	0	11
ptg001489l_1_region	416204	1634969	3.93	0	11
ptg001491l_1	1574858	5359474	3.40	0	15
ptg001491l_1_region	1574858	5359474	3.40	0	15
ptg001492l_1	102984	170450	1.66	0	6
ptg001492l_1_region	102984	170450	1.66	0	6
ptg001493l_1	409818	1217688	2.97	0	9
ptg001493l_1_region	409818	1217688	2.97	0	9
ptg001496l_1	653564	1825881	2.79	0	17
ptg001496l_1_region	653564	1825881	2.79	0	17
ptg001499l_1	751139	2408014	3.21	0	10
ptg001499l_1_region	751139	2408014	3.21	0	10
ptg001502l_1	693715	3122792	4.50	0	36
ptg001502l_1_region	693715	3122792	4.50	0	36
ptg001507l_1	371869	1414161	3.80	0	10
ptg001507l_1_region	371869	1414161	3.80	0	10
ptg001508l_1	279879	795977	2.84	0	9
ptg001508l_1_region	279879	795977	2.84	0	9
ptg001511l_1	539014	1740473	3.23	0	9
ptg001511l_1_region	539014	1740473	3.23	0	9
ptg001512l_1	67184	180897	2.69	0	6
ptg001512l_1_region	67184	180897	2.69	0	6
ptg001513l_1	414355	1164800	2.81	0	10
ptg001513l_1_region	414355	1164800	2.81	0	10
ptg001514l_1	219276	301692	1.38	0	16
ptg001514l_1_region	219276	301692	1.38	0	16
ptg001515l_1	548911	2586664	4.71	0	28
ptg001515l_1_region	548911	2586664	4.71	0	28
ptg001516l_1	644937	1559958	2.42	0	9
ptg001516l_1_region	644937	1559958	2.42	0	9
ptg001517l_1	558251	3159364	5.66	0	132
ptg001517l_1_region	558251	3159364	5.66	0	132
ptg001519l_1	47479	26803	0.56	0	3
ptg001519l_1_region	47479	26803	0.56	0	3
ptg001520l_1	369240	1110778	3.01	0	12
ptg001520l_1_region	369240	1110778	3.01	0	12
ptg001522l_1	1841874	6382023	3.46	0	12
ptg001522l_1_region	1841874	6382023	3.46	0	12
ptg001524l_1	111691	403824	3.62	0	9
ptg001524l_1_region	111691	403824	3.62	0	9
ptg001527l_1	346799	939069	2.71	0	8
ptg001527l_1_region	346799	939069	2.71	0	8
ptg001528l_1	1228660	3608166	2.94	0	12
ptg001528l_1_region	1228660	3608166	2.94	0	12
ptg001529l_1	267300	746481	2.79	0	13
ptg001529l_1_region	267300	746481	2.79	0	13
ptg001532l_1	95797	143372	1.50	0	4
ptg001532l_1_region	95797	143372	1.50	0	4
ptg001533l_1	518122	1349251	2.60	0	12
ptg001533l_1_region	518122	1349251	2.60	0	12
ptg001534l_1	892235	3378457	3.79	0	11
ptg001534l_1_region	892235	3378457	3.79	0	11
ptg001536l_1	1189745	4249024	3.57	0	11
ptg001536l_1_region	1189745	4249024	3.57	0	11
ptg001537l_1	387847	862475	2.22	0	7
ptg001537l_1_region	387847	862475	2.22	0	7
ptg001540l_1	125576	360312	2.87	0	7
ptg001540l_1_region	125576	360312	2.87	0	7
ptg001542l_1	832962	7294636	8.76	0	86
ptg001542l_1_region	832962	7294636	8.76	0	86
ptg001543l_1	440197	1418153	3.22	0	12
ptg001543l_1_region	440197	1418153	3.22	0	12
ptg001544l_1	256056	680377	2.66	0	17
ptg001544l_1_region	256056	680377	2.66	0	17
ptg001547l_1	777420	2541998	3.27	0	12
ptg001547l_1_region	777420	2541998	3.27	0	12
ptg001549l_1	1354344	18951505	13.99	0	102
ptg001549l_1_region	1354344	18951505	13.99	0	102
ptg001554l_1	270566	631896	2.34	0	10
ptg001554l_1_region	270566	631896	2.34	0	10
ptg001555l_1	510384	1016668	1.99	0	10
ptg001555l_1_region	510384	1016668	1.99	0	10
ptg001556l_1	1098283	3560678	3.24	0	13
ptg001556l_1_region	1098283	3560678	3.24	0	13
ptg001560l_1	2749342	10496380	3.82	0	105
ptg001560l_1_region	2749342	10496380	3.82	0	105
ptg001561l_1	1779374	5031842	2.83	0	13
ptg001561l_1_region	1779374	5031842	2.83	0	13
ptg001562l_1	396540	1039512	2.62	0	10
ptg001562l_1_region	396540	1039512	2.62	0	10
ptg001563l_1	531613	1569673	2.95	0	12
ptg001563l_1_region	531613	1569673	2.95	0	12
ptg001564l_1	192787	2657816	13.79	0	103
ptg001564l_1_region	192787	2657816	13.79	0	103
ptg001565l_1	999794	3854683	3.86	0	21
ptg001565l_1_region	999794	3854683	3.86	0	21
ptg001566l_1	762508	2941419	3.86	0	10
ptg001566l_1_region	762508	2941419	3.86	0	10
ptg001567l_1	1400132	4681726	3.34	0	13
ptg001567l_1_region	1400132	4681726	3.34	0	13
ptg001568l_1	239422	461576	1.93	0	10
ptg001568l_1_region	239422	461576	1.93	0	10
ptg001569l_1	643925	1852110	2.88	0	12
ptg001569l_1_region	643925	1852110	2.88	0	12
ptg001570l_1	1309741	4569565	3.49	0	13
ptg001570l_1_region	1309741	4569565	3.49	0	13
ptg001571l_1	1597354	5685328	3.56	0	16
ptg001571l_1_region	1597354	5685328	3.56	0	16
ptg001576l_1	31236	84748	2.71	0	7
ptg001576l_1_region	31236	84748	2.71	0	7
ptg001578l_1	1596721	6118638	3.83	0	16
ptg001578l_1_region	1596721	6118638	3.83	0	16
ptg001580l_1	1776888	19469317	10.96	0	181
ptg001580l_1_region	1776888	19469317	10.96	0	181
ptg001581l_1	479866	1303850	2.72	0	13
ptg001581l_1_region	479866	1303850	2.72	0	13
ptg001584l_1	523338	1847734	3.53	0	11
ptg001584l_1_region	523338	1847734	3.53	0	11
ptg001587l_1	692762	2259636	3.26	0	12
ptg001587l_1_region	692762	2259636	3.26	0	12
ptg001588l_1	317422	876196	2.76	0	8
ptg001588l_1_region	317422	876196	2.76	0	8
ptg001589l_1	263216	734715	2.79	0	9
ptg001589l_1_region	263216	734715	2.79	0	9
ptg001590l_1	1217536	3712017	3.05	0	14
ptg001590l_1_region	1217536	3712017	3.05	0	14
ptg001591l_1	467565	606953	1.30	0	54
ptg001591l_1_region	467565	606953	1.30	0	54
ptg001592l_1	577436	1740008	3.01	0	12
ptg001592l_1_region	577436	1740008	3.01	0	12
ptg001593l_1	971216	967073	1.00	0	9
ptg001593l_1_region	971216	967073	1.00	0	9
ptg001595l_1	522174	1670853	3.20	0	14
ptg001595l_1_region	522174	1670853	3.20	0	14
ptg001596l_1	3152441	11693845	3.71	0	15
ptg001596l_1_region	3152441	11693845	3.71	0	15
ptg001600l_1	403000	1320513	3.28	0	11
ptg001600l_1_region	403000	1320513	3.28	0	11
ptg001601l_1	380890	1637234	4.30	0	15
ptg001601l_1_region	380890	1637234	4.30	0	15
ptg001603l_1	117141	233630	1.99	0	8
ptg001603l_1_region	117141	233630	1.99	0	8
ptg001604l_1	791545	3166687	4.00	0	44
ptg001604l_1_region	791545	3166687	4.00	0	44
ptg001605l_1	850712	2817150	3.31	0	12
ptg001605l_1_region	850712	2817150	3.31	0	12
ptg001606l_1	1030763	2998109	2.91	0	14
ptg001606l_1_region	1030763	2998109	2.91	0	14
ptg001607l_1	43985	80905	1.84	0	18
ptg001607l_1_region	43985	80905	1.84	0	18
ptg001609l_1	48905	156971	3.21	0	9
ptg001609l_1_region	48905	156971	3.21	0	9
ptg001610l_1	1380176	5014854	3.63	0	17
ptg001610l_1_region	1380176	5014854	3.63	0	17
ptg001612l_1	623878	1694736	2.72	0	23
ptg001612l_1_region	623878	1694736	2.72	0	23
ptg001613l_1	595097	2621612	4.41	0	13
ptg001613l_1_region	595097	2621612	4.41	0	13
ptg001614l_1	973094	3038816	3.12	0	10
ptg001614l_1_region	973094	3038816	3.12	0	10
ptg001615l_1	929119	4151318	4.47	0	30
ptg001615l_1_region	929119	4151318	4.47	0	30
ptg001617l_1	1004410	3013195	3.00	0	14
ptg001617l_1_region	1004410	3013195	3.00	0	14
ptg001619l_1	442734	1008236	2.28	0	10
ptg001619l_1_region	442734	1008236	2.28	0	10
ptg001621l_1	224281	440987	1.97	0	6
ptg001621l_1_region	224281	440987	1.97	0	6
ptg001622l_1	63926	177402	2.78	0	10
ptg001622l_1_region	63926	177402	2.78	0	10
ptg001623l_1	378362	1296135	3.43	0	10
ptg001623l_1_region	378362	1296135	3.43	0	10
ptg001624l_1	1833058	6559369	3.58	0	15
ptg001624l_1_region	1833058	6559369	3.58	0	15
ptg001626l_1	632111	1946791	3.08	0	16
ptg001626l_1_region	632111	1946791	3.08	0	16
ptg001627l_1	701373	2393479	3.41	0	24
ptg001627l_1_region	701373	2393479	3.41	0	24
ptg001629l_1	388870	1417154	3.64	0	19
ptg001629l_1_region	388870	1417154	3.64	0	19
ptg001632l_1	197221	773530	3.92	0	12
ptg001632l_1_region	197221	773530	3.92	0	12
ptg001633l_1	161334	503246	3.12	0	9
ptg001633l_1_region	161334	503246	3.12	0	9
ptg001634l_1	289136	666993	2.31	0	8
ptg001634l_1_region	289136	666993	2.31	0	8
ptg001635l_1	1088898	3207031	2.95	0	28
ptg001635l_1_region	1088898	3207031	2.95	0	28
ptg001636l_1	2526851	8657022	3.43	0	17
ptg001636l_1_region	2526851	8657022	3.43	0	17
ptg001639l_1	317685	825449	2.60	0	11
ptg001639l_1_region	317685	825449	2.60	0	11
ptg001641l_1	705564	1722238	2.44	0	12
ptg001641l_1_region	705564	1722238	2.44	0	12
ptg001642l_1	217557	538643	2.48	0	13
ptg001642l_1_region	217557	538643	2.48	0	13
ptg001643l_1	1350970	4556655	3.37	0	13
ptg001643l_1_region	1350970	4556655	3.37	0	13
ptg001644l_1	589838	1993579	3.38	0	13
ptg001644l_1_region	589838	1993579	3.38	0	13
ptg001645l_1	1352771	2872717	2.12	0	25
ptg001645l_1_region	1352771	2872717	2.12	0	25
ptg001648l_1	148472	573220	3.86	0	15
ptg001648l_1_region	148472	573220	3.86	0	15
ptg001650l_1	1166265	4416163	3.79	0	16
ptg001650l_1_region	1166265	4416163	3.79	0	16
ptg001651l_1	446525	1375578	3.08	0	10
ptg001651l_1_region	446525	1375578	3.08	0	10
ptg001655l_1	958195	4432986	4.63	0	24
ptg001655l_1_region	958195	4432986	4.63	0	24
ptg001656l_1	796257	2290992	2.88	0	35
ptg001656l_1_region	796257	2290992	2.88	0	35
ptg001657l_1	325719	1200118	3.68	0	25
ptg001657l_1_region	325719	1200118	3.68	0	25
ptg001659l_1	352590	892740	2.53	0	8
ptg001659l_1_region	352590	892740	2.53	0	8
ptg001660l_1	29712	60397	2.03	0	6
ptg001660l_1_region	29712	60397	2.03	0	6
ptg001662l_1	154027	509526	3.31	0	22
ptg001662l_1_region	154027	509526	3.31	0	22
ptg001665l_1	1483974	8001229	5.39	0	164
ptg001665l_1_region	1483974	8001229	5.39	0	164
ptg001666l_1	728199	2321556	3.19	0	10
ptg001666l_1_region	728199	2321556	3.19	0	10
ptg001667l_1	858070	2668625	3.11	0	13
ptg001667l_1_region	858070	2668625	3.11	0	13
ptg001668l_1	1366693	5402217	3.95	0	12
ptg001668l_1_region	1366693	5402217	3.95	0	12
ptg001669l_1	719191	2573305	3.58	0	11
ptg001669l_1_region	719191	2573305	3.58	0	11
ptg001670l_1	886342	3312887	3.74	0	91
ptg001670l_1_region	886342	3312887	3.74	0	91
ptg001671l_1	254626	1111420	4.36	0	15
ptg001671l_1_region	254626	1111420	4.36	0	15
ptg001672l_1	730912	2319925	3.17	0	11
ptg001672l_1_region	730912	2319925	3.17	0	11
ptg001673l_1	1246373	3390277	2.72	0	16
ptg001673l_1_region	1246373	3390277	2.72	0	16
ptg001674l_1	848444	1238206	1.46	0	12
ptg001674l_1_region	848444	1238206	1.46	0	12
ptg001675l_1	583147	1424531	2.44	0	9
ptg001675l_1_region	583147	1424531	2.44	0	9
ptg001676l_1	445796	1461347	3.28	0	15
ptg001676l_1_region	445796	1461347	3.28	0	15
ptg001677l_1	830705	2957790	3.56	0	13
ptg001677l_1_region	830705	2957790	3.56	0	13
ptg001678l_1	346827	1132355	3.26	0	11
ptg001678l_1_region	346827	1132355	3.26	0	11
ptg001679l_1	1311549	4206660	3.21	0	41
ptg001679l_1_region	1311549	4206660	3.21	0	41
ptg001680l_1	909604	2144763	2.36	0	20
ptg001680l_1_region	909604	2144763	2.36	0	20
ptg001683l_1	905971	3930195	4.34	0	17
ptg001683l_1_region	905971	3930195	4.34	0	17
ptg001684l_1	351008	765751	2.18	0	10
ptg001684l_1_region	351008	765751	2.18	0	10
ptg001685l_1	1432383	5167322	3.61	0	12
ptg001685l_1_region	1432383	5167322	3.61	0	12
ptg001687l_1	529465	1957623	3.70	0	11
ptg001687l_1_region	529465	1957623	3.70	0	11
ptg001688l_1	451249	1492015	3.31	0	14
ptg001688l_1_region	451249	1492015	3.31	0	14
ptg001690l_1	1111945	3268946	2.94	0	13
ptg001690l_1_region	1111945	3268946	2.94	0	13
ptg001691l_1	657881	2096296	3.19	0	10
ptg001691l_1_region	657881	2096296	3.19	0	10
ptg001693l_1	704577	2189324	3.11	0	13
ptg001693l_1_region	704577	2189324	3.11	0	13
ptg001694l_1	255814	687200	2.69	0	12
ptg001694l_1_region	255814	687200	2.69	0	12
ptg001696l_1	663404	2292535	3.46	0	11
ptg001696l_1_region	663404	2292535	3.46	0	11
ptg001697l_1	193272	523272	2.71	0	12
ptg001697l_1_region	193272	523272	2.71	0	12
ptg001699l_1	364280	1407861	3.86	0	17
ptg001699l_1_region	364280	1407861	3.86	0	17
ptg001700l_1	326768	832036	2.55	0	9
ptg001700l_1_region	326768	832036	2.55	0	9
ptg001701l_1	635211	2180231	3.43	0	11
ptg001701l_1_region	635211	2180231	3.43	0	11
ptg001702l_1	123244	346945	2.82	0	8
ptg001702l_1_region	123244	346945	2.82	0	8
ptg001705l_1	1056978	3729076	3.53	0	12
ptg001705l_1_region	1056978	3729076	3.53	0	12
ptg001707l_1	284547	948098	3.33	0	13
ptg001707l_1_region	284547	948098	3.33	0	13
ptg001708l_1	224862	598442	2.66	0	7
ptg001708l_1_region	224862	598442	2.66	0	7
ptg001709l_1	597434	1782586	2.98	0	13
ptg001709l_1_region	597434	1782586	2.98	0	13
ptg001710l_1	567049	1625085	2.87	0	12
ptg001710l_1_region	567049	1625085	2.87	0	12
ptg001711l_1	595446	2149356	3.61	0	18
ptg001711l_1_region	595446	2149356	3.61	0	18
ptg001712l_1	598157	1609930	2.69	0	14
ptg001712l_1_region	598157	1609930	2.69	0	14
ptg001713l_1	362251	1226453	3.39	0	12
ptg001713l_1_region	362251	1226453	3.39	0	12
ptg001714l_1	25599	22619	0.88	0	4
ptg001714l_1_region	25599	22619	0.88	0	4
ptg001715l_1	1342135	4345813	3.24	0	11
ptg001715l_1_region	1342135	4345813	3.24	0	11
ptg001718l_1	146689	234827	1.60	0	7
ptg001718l_1_region	146689	234827	1.60	0	7
ptg001721l_1	417516	629685	1.51	0	14
ptg001721l_1_region	417516	629685	1.51	0	14
ptg001722l_1	428346	706347	1.65	0	7
ptg001722l_1_region	428346	706347	1.65	0	7
ptg001723l_1	832682	2699767	3.24	0	15
ptg001723l_1_region	832682	2699767	3.24	0	15
ptg001725l_1	459037	797623	1.74	0	10
ptg001725l_1_region	459037	797623	1.74	0	10
ptg001726l_1	1889285	5934532	3.14	0	23
ptg001726l_1_region	1889285	5934532	3.14	0	23
ptg001728l_1	858913	2964726	3.45	0	19
ptg001728l_1_region	858913	2964726	3.45	0	19
ptg001729l_1	798556	2983640	3.74	0	27
ptg001729l_1_region	798556	2983640	3.74	0	27
ptg001730l_1	206129	503164	2.44	0	8
ptg001730l_1_region	206129	503164	2.44	0	8
ptg001731l_1	453823	1500006	3.31	0	12
ptg001731l_1_region	453823	1500006	3.31	0	12
ptg001734l_1	20749	229929	11.08	0	27
ptg001734l_1_region	20749	229929	11.08	0	27
ptg001737l_1	169303	611957	3.61	0	13
ptg001737l_1_region	169303	611957	3.61	0	13
ptg001738l_1	439401	1292497	2.94	0	16
ptg001738l_1_region	439401	1292497	2.94	0	16
ptg001739l_1	252794	811182	3.21	0	14
ptg001739l_1_region	252794	811182	3.21	0	14
ptg001740l_1	1103502	3736828	3.39	0	12
ptg001740l_1_region	1103502	3736828	3.39	0	12
ptg001741l_1	383466	897011	2.34	0	10
ptg001741l_1_region	383466	897011	2.34	0	10
ptg001742l_1	1062257	4032979	3.80	0	12
ptg001742l_1_region	1062257	4032979	3.80	0	12
ptg001743l_1	193865	419472	2.16	0	8
ptg001743l_1_region	193865	419472	2.16	0	8
ptg001744l_1	224054	279253	1.25	0	7
ptg001744l_1_region	224054	279253	1.25	0	7
ptg001746l_1	418338	1487373	3.56	0	14
ptg001746l_1_region	418338	1487373	3.56	0	14
ptg001750l_1	397015	683091	1.72	0	9
ptg001750l_1_region	397015	683091	1.72	0	9
ptg001752l_1	1215286	4666066	3.84	0	23
ptg001752l_1_region	1215286	4666066	3.84	0	23
ptg001753l_1	505461	1369690	2.71	0	22
ptg001753l_1_region	505461	1369690	2.71	0	22
ptg001761l_1	385797	1440052	3.73	0	11
ptg001761l_1_region	385797	1440052	3.73	0	11
ptg001762l_1	1986964	6276396	3.16	0	12
ptg001762l_1_region	1986964	6276396	3.16	0	12
ptg001763l_1	1760033	6019061	3.42	0	16
ptg001763l_1_region	1760033	6019061	3.42	0	16
ptg001768l_1	434221	869704	2.00	0	62
ptg001768l_1_region	434221	869704	2.00	0	62
ptg001771l_1	256923	782533	3.05	0	8
ptg001771l_1_region	256923	782533	3.05	0	8
ptg001772l_1	1748488	5259229	3.01	0	24
ptg001772l_1_region	1748488	5259229	3.01	0	24
ptg001774l_1	150164	375802	2.50	0	7
ptg001774l_1_region	150164	375802	2.50	0	7
ptg001775l_1	1440977	4324602	3.00	0	12
ptg001775l_1_region	1440977	4324602	3.00	0	12
ptg001776l_1	2064880	6226806	3.02	0	21
ptg001776l_1_region	2064880	6226806	3.02	0	21
ptg001777l_1	1294987	4561461	3.52	0	14
ptg001777l_1_region	1294987	4561461	3.52	0	14
ptg001778l_1	448070	1303160	2.91	0	10
ptg001778l_1_region	448070	1303160	2.91	0	10
ptg001779l_1	207296	611816	2.95	0	12
ptg001779l_1_region	207296	611816	2.95	0	12
ptg001780l_1	453561	1710219	3.77	0	10
ptg001780l_1_region	453561	1710219	3.77	0	10
ptg001781l_1	194452	235390	1.21	0	12
ptg001781l_1_region	194452	235390	1.21	0	12
ptg001783l_1	442157	2252454	5.09	0	17
ptg001783l_1_region	442157	2252454	5.09	0	17
ptg001784l_1	138942	404458	2.91	0	9
ptg001784l_1_region	138942	404458	2.91	0	9
ptg001785l_1	102746	371406	3.61	0	10
ptg001785l_1_region	102746	371406	3.61	0	10
ptg001786l_1	584925	1745146	2.98	0	17
ptg001786l_1_region	584925	1745146	2.98	0	17
ptg001789l_1	1674916	6724716	4.01	0	14
ptg001789l_1_region	1674916	6724716	4.01	0	14
ptg001790l_1	108356	329391	3.04	0	8
ptg001790l_1_region	108356	329391	3.04	0	8
ptg001794l_1	574955	7743844	13.47	0	215
ptg001794l_1_region	574955	7743844	13.47	0	215
ptg001795l_1	289727	982661	3.39	0	9
ptg001795l_1_region	289727	982661	3.39	0	9
ptg001796l_1	883659	2626159	2.97	0	13
ptg001796l_1_region	883659	2626159	2.97	0	13
ptg001797l_1	1283077	3971321	3.10	0	17
ptg001797l_1_region	1283077	3971321	3.10	0	17
ptg001798l_1	682935	2376245	3.48	0	14
ptg001798l_1_region	682935	2376245	3.48	0	14
ptg001799l_1	396818	1479141	3.73	0	17
ptg001799l_1_region	396818	1479141	3.73	0	17
ptg001801l_1	154119	800578	5.19	0	41
ptg001801l_1_region	154119	800578	5.19	0	41
ptg001806l_1	284286	9709954	34.16	0	178
ptg001806l_1_region	284286	9709954	34.16	0	178
ptg001816l_1	1149706	4039164	3.51	0	11
ptg001816l_1_region	1149706	4039164	3.51	0	11
ptg001817l_1	139912	312052	2.23	0	8
ptg001817l_1_region	139912	312052	2.23	0	8
ptg001819l_1	360202	1305408	3.62	0	23
ptg001819l_1_region	360202	1305408	3.62	0	23
ptg001821l_1	1351612	5179531	3.83	0	16
ptg001821l_1_region	1351612	5179531	3.83	0	16
ptg001822l_1	401012	1298422	3.24	0	11
ptg001822l_1_region	401012	1298422	3.24	0	11
ptg001823l_1	648588	2011722	3.10	0	14
ptg001823l_1_region	648588	2011722	3.10	0	14
ptg001824l_1	2780485	10243764	3.68	0	13
ptg001824l_1_region	2780485	10243764	3.68	0	13
ptg001825l_1	2313940	8038240	3.47	0	18
ptg001825l_1_region	2313940	8038240	3.47	0	18
ptg001826l_1	487730	2305951	4.73	0	22
ptg001826l_1_region	487730	2305951	4.73	0	22
ptg001827l_1	961972	3366248	3.50	0	16
ptg001827l_1_region	961972	3366248	3.50	0	16
ptg001828l_1	33564	38984	1.16	0	3
ptg001828l_1_region	33564	38984	1.16	0	3
ptg001830l_1	563063	1834840	3.26	0	11
ptg001830l_1_region	563063	1834840	3.26	0	11
ptg001832l_1	208022	632299	3.04	0	10
ptg001832l_1_region	208022	632299	3.04	0	10
ptg001834l_1	66095	209681	3.17	0	23
ptg001834l_1_region	66095	209681	3.17	0	23
ptg001835l_1	331098	709871	2.14	0	9
ptg001835l_1_region	331098	709871	2.14	0	9
ptg001837l_1	882386	3284847	3.72	0	12
ptg001837l_1_region	882386	3284847	3.72	0	12
ptg001838l_1	1031182	3969901	3.85	0	13
ptg001838l_1_region	1031182	3969901	3.85	0	13
ptg001839l_1	762619	2759902	3.62	0	22
ptg001839l_1_region	762619	2759902	3.62	0	22
ptg001840l_1	84424	288601	3.42	0	12
ptg001840l_1_region	84424	288601	3.42	0	12
ptg001844l_1	758331	2709381	3.57	0	11
ptg001844l_1_region	758331	2709381	3.57	0	11
ptg001846l_1	62252	65376	1.05	0	8
ptg001846l_1_region	62252	65376	1.05	0	8
ptg001848l_1	630700	2521959	4.00	0	82
ptg001848l_1_region	630700	2521959	4.00	0	82
ptg001849l_1	385274	972234	2.52	0	9
ptg001849l_1_region	385274	972234	2.52	0	9
ptg001850l_1	1539190	5300808	3.44	0	17
ptg001850l_1_region	1539190	5300808	3.44	0	17
ptg001851l_1	139130	256306	1.84	0	10
ptg001851l_1_region	139130	256306	1.84	0	10
ptg001852l_1	114306	222264	1.94	0	8
ptg001852l_1_region	114306	222264	1.94	0	8
ptg001853l_1	717196	2310158	3.22	0	17
ptg001853l_1_region	717196	2310158	3.22	0	17
ptg001854l_1	114865	211300	1.84	0	9
ptg001854l_1_region	114865	211300	1.84	0	9
ptg001855l_1	424324	1575008	3.71	0	40
ptg001855l_1_region	424324	1575008	3.71	0	40
ptg001856l_1	327409	696718	2.13	0	12
ptg001856l_1_region	327409	696718	2.13	0	12
ptg001857l_1	100240	352553	3.52	0	10
ptg001857l_1_region	100240	352553	3.52	0	10
ptg001859l_1	32250	71607	2.22	0	6
ptg001859l_1_region	32250	71607	2.22	0	6
ptg001861l_1	1923624	7409440	3.85	0	18
ptg001861l_1_region	1923624	7409440	3.85	0	18
ptg001862l_1	652786	2308059	3.54	0	10
ptg001862l_1_region	652786	2308059	3.54	0	10
ptg001863l_1	180081	492795	2.74	0	10
ptg001863l_1_region	180081	492795	2.74	0	10
ptg001866l_1	216788	1076062	4.96	0	18
ptg001866l_1_region	216788	1076062	4.96	0	18
ptg001868l_1	526703	1556043	2.95	0	12
ptg001868l_1_region	526703	1556043	2.95	0	12
ptg001869l_1	766965	2619222	3.42	0	11
ptg001869l_1_region	766965	2619222	3.42	0	11
ptg001870l_1	1758460	5857305	3.33	0	13
ptg001870l_1_region	1758460	5857305	3.33	0	13
ptg001872l_1	174686	65429	0.37	0	4
ptg001872l_1_region	174686	65429	0.37	0	4
ptg001873l_1	925077	3209339	3.47	0	13
ptg001873l_1_region	925077	3209339	3.47	0	13
ptg001874l_1	447705	1711871	3.82	0	35
ptg001874l_1_region	447705	1711871	3.82	0	35
ptg001875l_1	1418564	3901151	2.75	0	25
ptg001875l_1_region	1418564	3901151	2.75	0	25
ptg001878l_1	381444	1278594	3.35	0	11
ptg001878l_1_region	381444	1278594	3.35	0	11
ptg001882l_1	101025	234823	2.32	0	7
ptg001882l_1_region	101025	234823	2.32	0	7
ptg001885l_1	651648	1684639	2.59	0	8
ptg001885l_1_region	651648	1684639	2.59	0	8
ptg001886l_1	142914	453893	3.18	0	8
ptg001886l_1_region	142914	453893	3.18	0	8
ptg001887l_1	897067	3083609	3.44	0	12
ptg001887l_1_region	897067	3083609	3.44	0	12
ptg001888l_1	704622	2399174	3.40	0	13
ptg001888l_1_region	704622	2399174	3.40	0	13
ptg001890l_1	63758	283131	4.44	0	9
ptg001890l_1_region	63758	283131	4.44	0	9
ptg001891l_1	791640	2448483	3.09	0	14
ptg001891l_1_region	791640	2448483	3.09	0	14
ptg001892l_1	1047573	3176054	3.03	0	11
ptg001892l_1_region	1047573	3176054	3.03	0	11
ptg001893l_1	1024891	2870904	2.80	0	9
ptg001893l_1_region	1024891	2870904	2.80	0	9
ptg001895l_1	279501	909338	3.25	0	10
ptg001895l_1_region	279501	909338	3.25	0	10
ptg001896l_1	1135642	3976261	3.50	0	12
ptg001896l_1_region	1135642	3976261	3.50	0	12
ptg001899l_1	100961	216249	2.14	0	7
ptg001899l_1_region	100961	216249	2.14	0	7
ptg001900l_1	31132	104274	3.35	0	13
ptg001900l_1_region	31132	104274	3.35	0	13
ptg001901l_1	413222	767526	1.86	0	9
ptg001901l_1_region	413222	767526	1.86	0	9
ptg001903l_1	465029	1588924	3.42	0	16
ptg001903l_1_region	465029	1588924	3.42	0	16
ptg001904l_1	307203	36854	0.12	0	2
ptg001904l_1_region	307203	36854	0.12	0	2
ptg001905l_1	188640	556865	2.95	0	8
ptg001905l_1_region	188640	556865	2.95	0	8
ptg001906l_1	367694	569295	1.55	0	19
ptg001906l_1_region	367694	569295	1.55	0	19
ptg001907l_1	346338	1006731	2.91	0	43
ptg001907l_1_region	346338	1006731	2.91	0	43
ptg001908l_1	290666	760734	2.62	0	8
ptg001908l_1_region	290666	760734	2.62	0	8
ptg001909l_1	922109	2515270	2.73	0	16
ptg001909l_1_region	922109	2515270	2.73	0	16
ptg001910l_1	37609	73263	1.95	0	5
ptg001910l_1_region	37609	73263	1.95	0	5
ptg001911l_1	2334142	6959771	2.98	0	14
ptg001911l_1_region	2334142	6959771	2.98	0	14
ptg001913l_1	600171	2818897	4.70	0	15
ptg001913l_1_region	600171	2818897	4.70	0	15
ptg001915l_1	420605	1790872	4.26	0	16
ptg001915l_1_region	420605	1790872	4.26	0	16
ptg001916l_1	197712	353627	1.79	0	16
ptg001916l_1_region	197712	353627	1.79	0	16
ptg001917l_1	122696	265008	2.16	0	8
ptg001917l_1_region	122696	265008	2.16	0	8
ptg001919l_1	245098	582338	2.38	0	9
ptg001919l_1_region	245098	582338	2.38	0	9
ptg001920l_1	907892	2784036	3.07	0	12
ptg001920l_1_region	907892	2784036	3.07	0	12
ptg001921l_1	155137	281171	1.81	0	7
ptg001921l_1_region	155137	281171	1.81	0	7
ptg001922l_1	1439639	5047601	3.51	0	15
ptg001922l_1_region	1439639	5047601	3.51	0	15
ptg001923l_1	589323	1004813	1.71	0	10
ptg001923l_1_region	589323	1004813	1.71	0	10
ptg001924l_1	1401712	4734027	3.38	0	14
ptg001924l_1_region	1401712	4734027	3.38	0	14
ptg001925l_1	295625	934306	3.16	0	18
ptg001925l_1_region	295625	934306	3.16	0	18
ptg001927l_1	833533	2729908	3.28	0	10
ptg001927l_1_region	833533	2729908	3.28	0	10
ptg001930l_1	320841	528814	1.65	0	9
ptg001930l_1_region	320841	528814	1.65	0	9
ptg001931l_1	841496	3046532	3.62	0	14
ptg001931l_1_region	841496	3046532	3.62	0	14
ptg001932l_1	416119	1516023	3.64	0	10
ptg001932l_1_region	416119	1516023	3.64	0	10
ptg001933l_1	237103	1340235	5.65	0	14
ptg001933l_1_region	237103	1340235	5.65	0	14
ptg001939l_1	129625	355345	2.74	0	10
ptg001939l_1_region	129625	355345	2.74	0	10
ptg001940l_1	262964	853031	3.24	0	14
ptg001940l_1_region	262964	853031	3.24	0	14
ptg001941l_1	1009494	3307782	3.28	0	12
ptg001941l_1_region	1009494	3307782	3.28	0	12
ptg001942l_1	1582544	5685649	3.59	0	60
ptg001942l_1_region	1582544	5685649	3.59	0	60
ptg001946l_1	233968	734274	3.14	0	11
ptg001946l_1_region	233968	734274	3.14	0	11
ptg001949l_1	1519599	3773935	2.48	0	31
ptg001949l_1_region	1519599	3773935	2.48	0	31
ptg001951l_1	812621	2766118	3.40	0	11
ptg001951l_1_region	812621	2766118	3.40	0	11
ptg001953l_1	389413	1223372	3.14	0	18
ptg001953l_1_region	389413	1223372	3.14	0	18
ptg001954l_1	1293151	3728341	2.88	0	9
ptg001954l_1_region	1293151	3728341	2.88	0	9
ptg001955l_1	1142463	3635856	3.18	0	11
ptg001955l_1_region	1142463	3635856	3.18	0	11
ptg001956l_1	2165955	8001001	3.69	0	20
ptg001956l_1_region	2165955	8001001	3.69	0	20
ptg001958l_1	385758	1358682	3.52	0	10
ptg001958l_1_region	385758	1358682	3.52	0	10
ptg001961l_1	195534	483414	2.47	0	18
ptg001961l_1_region	195534	483414	2.47	0	18
ptg001964l_1	509101	1476534	2.90	0	10
ptg001964l_1_region	509101	1476534	2.90	0	10
ptg001965l_1	170556	599725	3.52	0	19
ptg001965l_1_region	170556	599725	3.52	0	19
ptg001970l_1	177759	493964	2.78	0	8
ptg001970l_1_region	177759	493964	2.78	0	8
ptg001971l_1	586535	2272338	3.87	0	32
ptg001971l_1_region	586535	2272338	3.87	0	32
ptg001972l_1	447266	1142301	2.55	0	32
ptg001972l_1_region	447266	1142301	2.55	0	32
ptg001973l_1	444501	998850	2.25	0	10
ptg001973l_1_region	444501	998850	2.25	0	10
ptg001976l_1	801640	2744373	3.42	0	11
ptg001976l_1_region	801640	2744373	3.42	0	11
ptg001977l_1	1664363	5588222	3.36	0	15
ptg001977l_1_region	1664363	5588222	3.36	0	15
ptg001978l_1	85964	247732	2.88	0	15
ptg001978l_1_region	85964	247732	2.88	0	15
ptg001979l_1	153963	280584	1.82	0	7
ptg001979l_1_region	153963	280584	1.82	0	7
ptg001980l_1	524199	1357437	2.59	0	66
ptg001980l_1_region	524199	1357437	2.59	0	66
ptg001981l_1	607727	1415521	2.33	0	9
ptg001981l_1_region	607727	1415521	2.33	0	9
ptg001983l_1	407716	1025670	2.52	0	19
ptg001983l_1_region	407716	1025670	2.52	0	19
ptg001984l_1	987526	3107832	3.15	0	12
ptg001984l_1_region	987526	3107832	3.15	0	12
ptg001987l_1	681933	2323922	3.41	0	15
ptg001987l_1_region	681933	2323922	3.41	0	15
ptg001989l_1	390149	1195090	3.06	0	22
ptg001989l_1_region	390149	1195090	3.06	0	22
ptg001990l_1	215358	407297	1.89	0	10
ptg001990l_1_region	215358	407297	1.89	0	10
ptg001991l_1	65193	196047	3.01	0	10
ptg001991l_1_region	65193	196047	3.01	0	10
ptg001992l_1	1305552	5184803	3.97	0	25
ptg001992l_1_region	1305552	5184803	3.97	0	25
ptg001993l_1	1690961	5561221	3.29	0	21
ptg001993l_1_region	1690961	5561221	3.29	0	21
ptg001994l_1	222846	497504	2.23	0	15
ptg001994l_1_region	222846	497504	2.23	0	15
ptg001995l_1	250881	759099	3.03	0	10
ptg001995l_1_region	250881	759099	3.03	0	10
ptg001996l_1	472406	950399	2.01	0	17
ptg001996l_1_region	472406	950399	2.01	0	17
ptg001997l_1	1977463	8783719	4.44	0	16
ptg001997l_1_region	1977463	8783719	4.44	0	16
ptg001998l_1	1010199	2699258	2.67	0	11
ptg001998l_1_region	1010199	2699258	2.67	0	11
ptg002001l_1	252921	621978	2.46	0	15
ptg002001l_1_region	252921	621978	2.46	0	15
ptg002002l_1	189120	394577	2.09	0	7
ptg002002l_1_region	189120	394577	2.09	0	7
ptg002003l_1	1061969	3379754	3.18	0	58
ptg002003l_1_region	1061969	3379754	3.18	0	58
ptg002004l_1	881989	2541750	2.88	0	18
ptg002004l_1_region	881989	2541750	2.88	0	18
ptg002006l_1	1022909	3184413	3.11	0	17
ptg002006l_1_region	1022909	3184413	3.11	0	17
ptg002007l_1	184108	464970	2.53	0	8
ptg002007l_1_region	184108	464970	2.53	0	8
ptg002009l_1	569444	2026376	3.56	0	11
ptg002009l_1_region	569444	2026376	3.56	0	11
ptg002013l_1	511681	1522127	2.97	0	11
ptg002013l_1_region	511681	1522127	2.97	0	11
ptg002014l_1	390130	1377966	3.53	0	20
ptg002014l_1_region	390130	1377966	3.53	0	20
ptg002017l_1	488173	1430621	2.93	0	9
ptg002017l_1_region	488173	1430621	2.93	0	9
ptg002024l_1	357091	973951	2.73	0	13
ptg002024l_1_region	357091	973951	2.73	0	13
ptg002025l_1	195390	459605	2.35	0	14
ptg002025l_1_region	195390	459605	2.35	0	14
ptg002027l_1	72997	315439	4.32	0	13
ptg002027l_1_region	72997	315439	4.32	0	13
ptg002028l_1	165896	300785	1.81	0	7
ptg002028l_1_region	165896	300785	1.81	0	7
ptg002029l_1	634224	1109891	1.75	0	7
ptg002029l_1_region	634224	1109891	1.75	0	7
ptg002032l_1	389372	1392753	3.58	0	17
ptg002032l_1_region	389372	1392753	3.58	0	17
ptg002033l_1	966469	2876123	2.98	0	20
ptg002033l_1_region	966469	2876123	2.98	0	20
ptg002036l_1	1003822	3517505	3.50	0	16
ptg002036l_1_region	1003822	3517505	3.50	0	16
ptg002038l_1	554276	1503931	2.71	0	13
ptg002038l_1_region	554276	1503931	2.71	0	13
ptg002039l_1	555100	1277801	2.30	0	15
ptg002039l_1_region	555100	1277801	2.30	0	15
ptg002042l_1	420370	1367688	3.25	0	8
ptg002042l_1_region	420370	1367688	3.25	0	8
ptg002043l_1	258646	1099433	4.25	0	14
ptg002043l_1_region	258646	1099433	4.25	0	14
ptg002045l_1	603093	1612625	2.67	0	10
ptg002045l_1_region	603093	1612625	2.67	0	10
ptg002046l_1	202437	590428	2.92	0	9
ptg002046l_1_region	202437	590428	2.92	0	9
ptg002047l_1	201390	540366	2.68	0	11
ptg002047l_1_region	201390	540366	2.68	0	11
ptg002048l_1	1441196	4758472	3.30	0	13
ptg002048l_1_region	1441196	4758472	3.30	0	13
ptg002049l_1	811416	2244013	2.77	0	17
ptg002049l_1_region	811416	2244013	2.77	0	17
ptg002050l_1	897976	3532265	3.93	0	17
ptg002050l_1_region	897976	3532265	3.93	0	17
ptg002051l_1	980880	2753902	2.81	0	12
ptg002051l_1_region	980880	2753902	2.81	0	12
ptg002052l_1	522217	419828	0.80	0	8
ptg002052l_1_region	522217	419828	0.80	0	8
ptg002053l_1	701959	2276427	3.24	0	12
ptg002053l_1_region	701959	2276427	3.24	0	12
ptg002054l_1	1093862	3577027	3.27	0	11
ptg002054l_1_region	1093862	3577027	3.27	0	11
ptg002055l_1	1207495	3496357	2.90	0	14
ptg002055l_1_region	1207495	3496357	2.90	0	14
ptg002057l_1	239120	465179	1.95	0	7
ptg002057l_1_region	239120	465179	1.95	0	7
ptg002058l_1	2980210	9049280	3.04	0	17
ptg002058l_1_region	2980210	9049280	3.04	0	17
ptg002059l_1	462819	1326993	2.87	0	12
ptg002059l_1_region	462819	1326993	2.87	0	12
ptg002060l_1	246847	568704	2.30	0	9
ptg002060l_1_region	246847	568704	2.30	0	9
ptg002062l_1	87345	297764	3.41	0	11
ptg002062l_1_region	87345	297764	3.41	0	11
ptg002063l_1	771989	1523871	1.97	0	20
ptg002063l_1_region	771989	1523871	1.97	0	20
ptg002065l_1	358376	1659686	4.63	0	13
ptg002065l_1_region	358376	1659686	4.63	0	13
ptg002067l_1	438166	1323594	3.02	0	10
ptg002067l_1_region	438166	1323594	3.02	0	10
ptg002068l_1	382279	1137274	2.97	0	11
ptg002068l_1_region	382279	1137274	2.97	0	11
ptg002069l_1	34288	121868	3.55	0	10
ptg002069l_1_region	34288	121868	3.55	0	10
ptg002070l_1	754116	3146321	4.17	0	26
ptg002070l_1_region	754116	3146321	4.17	0	26
ptg002073l_1	18440	26932	1.46	0	4
ptg002073l_1_region	18440	26932	1.46	0	4
ptg002075l_1	2322473	8422260	3.63	0	38
ptg002075l_1_region	2322473	8422260	3.63	0	38
ptg002076l_1	242075	351246	1.45	0	8
ptg002076l_1_region	242075	351246	1.45	0	8
ptg002082l_1	41227	60273	1.46	0	3
ptg002082l_1_region	41227	60273	1.46	0	3
ptg002083l_1	1046876	4112489	3.93	0	20
ptg002083l_1_region	1046876	4112489	3.93	0	20
ptg002084l_1	99712	323102	3.24	0	9
ptg002084l_1_region	99712	323102	3.24	0	9
ptg002085l_1	996823	3486470	3.50	0	11
ptg002085l_1_region	996823	3486470	3.50	0	11
ptg002087l_1	310924	555127	1.79	0	7
ptg002087l_1_region	310924	555127	1.79	0	7
ptg002089l_1	1273834	2531579	1.99	0	17
ptg002089l_1_region	1273834	2531579	1.99	0	17
ptg002090l_1	372616	1535127	4.12	0	13
ptg002090l_1_region	372616	1535127	4.12	0	13
ptg002093l_1	1002756	2941387	2.93	0	11
ptg002093l_1_region	1002756	2941387	2.93	0	11
ptg002094l_1	407412	1291187	3.17	0	13
ptg002094l_1_region	407412	1291187	3.17	0	13
ptg002096l_1	834009	3166747	3.80	0	16
ptg002096l_1_region	834009	3166747	3.80	0	16
ptg002097l_1	437430	402655	0.92	0	13
ptg002097l_1_region	437430	402655	0.92	0	13
ptg002098l_1	518151	1129028	2.18	0	11
ptg002098l_1_region	518151	1129028	2.18	0	11
ptg002100l_1	703140	1917618	2.73	0	14
ptg002100l_1_region	703140	1917618	2.73	0	14
ptg002102l_1	82523	360023	4.36	0	10
ptg002102l_1_region	82523	360023	4.36	0	10
ptg002103l_1	651400	2206639	3.39	0	13
ptg002103l_1_region	651400	2206639	3.39	0	13
ptg002105l_1	226392	741161	3.27	0	11
ptg002105l_1_region	226392	741161	3.27	0	11
ptg002106l_1	277492	1069708	3.85	0	11
ptg002106l_1_region	277492	1069708	3.85	0	11
ptg002107l_1	1762279	5963776	3.38	0	15
ptg002107l_1_region	1762279	5963776	3.38	0	15
ptg002108l_1	144579	413218	2.86	0	11
ptg002108l_1_region	144579	413218	2.86	0	11
ptg002109l_1	804728	2460933	3.06	0	11
ptg002109l_1_region	804728	2460933	3.06	0	11
ptg002111l_1	291358	1074791	3.69	0	14
ptg002111l_1_region	291358	1074791	3.69	0	14
ptg002112l_1	678485	2283332	3.37	0	11
ptg002112l_1_region	678485	2283332	3.37	0	11
ptg002113l_1	563223	2186659	3.88	0	74
ptg002113l_1_region	563223	2186659	3.88	0	74
ptg002114l_1	1155595	4510297	3.90	0	26
ptg002114l_1_region	1155595	4510297	3.90	0	26
ptg002115l_1	199197	494985	2.48	0	12
ptg002115l_1_region	199197	494985	2.48	0	12
ptg002116l_1	100558	184586	1.84	0	15
ptg002116l_1_region	100558	184586	1.84	0	15
ptg002117l_1	722058	2239115	3.10	0	19
ptg002117l_1_region	722058	2239115	3.10	0	19
ptg002118l_1	335038	760401	2.27	0	9
ptg002118l_1_region	335038	760401	2.27	0	9
ptg002119l_1	778402	2302950	2.96	0	10
ptg002119l_1_region	778402	2302950	2.96	0	10
ptg002120l_1	404942	1325178	3.27	0	13
ptg002120l_1_region	404942	1325178	3.27	0	13
ptg002122l_1	209234	394132	1.88	0	6
ptg002122l_1_region	209234	394132	1.88	0	6
ptg002123l_1	1839336	7350267	4.00	0	30
ptg002123l_1_region	1839336	7350267	4.00	0	30
ptg002125l_1	559331	1866024	3.34	0	10
ptg002125l_1_region	559331	1866024	3.34	0	10
ptg002126l_1	302316	882337	2.92	0	10
ptg002126l_1_region	302316	882337	2.92	0	10
ptg002127l_1	327451	1005586	3.07	0	15
ptg002127l_1_region	327451	1005586	3.07	0	15
ptg002128l_1	1676319	6096416	3.64	0	19
ptg002128l_1_region	1676319	6096416	3.64	0	19
ptg002129l_1	786848	2545138	3.23	0	12
ptg002129l_1_region	786848	2545138	3.23	0	12
ptg002130l_1	173261	758644	4.38	0	91
ptg002130l_1_region	173261	758644	4.38	0	91
ptg002132l_1	192090	370625	1.93	0	8
ptg002132l_1_region	192090	370625	1.93	0	8
ptg002133l_1	553347	1378649	2.49	0	10
ptg002133l_1_region	553347	1378649	2.49	0	10
ptg002134l_1	402038	1510470	3.76	0	8
ptg002134l_1_region	402038	1510470	3.76	0	8
ptg002135l_1	817787	2554074	3.12	0	15
ptg002135l_1_region	817787	2554074	3.12	0	15
ptg002136l_1	109762	365361	3.33	0	15
ptg002136l_1_region	109762	365361	3.33	0	15
ptg002137l_1	1324800	5419765	4.09	0	12
ptg002137l_1_region	1324800	5419765	4.09	0	12
ptg002140l_1	321742	747438	2.32	0	11
ptg002140l_1_region	321742	747438	2.32	0	11
ptg002141l_1	581418	1304193	2.24	0	10
ptg002141l_1_region	581418	1304193	2.24	0	10
ptg002143l_1	1334480	4508121	3.38	0	15
ptg002143l_1_region	1334480	4508121	3.38	0	15
ptg002144l_1	367063	1227540	3.34	0	14
ptg002144l_1_region	367063	1227540	3.34	0	14
ptg002145l_1	33771	54712	1.62	0	4
ptg002145l_1_region	33771	54712	1.62	0	4
ptg002146l_1	161457	335801	2.08	0	8
ptg002146l_1_region	161457	335801	2.08	0	8
ptg002147l_1	674418	2777663	4.12	0	17
ptg002147l_1_region	674418	2777663	4.12	0	17
ptg002150l_1	1185498	3812137	3.22	0	12
ptg002150l_1_region	1185498	3812137	3.22	0	12
ptg002151l_1	252856	553465	2.19	0	32
ptg002151l_1_region	252856	553465	2.19	0	32
ptg002152l_1	276178	1084850	3.93	0	9
ptg002152l_1_region	276178	1084850	3.93	0	9
ptg002153l_1	767386	2479598	3.23	0	18
ptg002153l_1_region	767386	2479598	3.23	0	18
ptg002154l_1	57966	105738	1.82	0	5
ptg002154l_1_region	57966	105738	1.82	0	5
ptg002155l_1	187964	429788	2.29	0	9
ptg002155l_1_region	187964	429788	2.29	0	9
ptg002158l_1	170167	384183	2.26	0	9
ptg002158l_1_region	170167	384183	2.26	0	9
ptg002159l_1	993280	3175272	3.20	0	24
ptg002159l_1_region	993280	3175272	3.20	0	24
ptg002160l_1	445316	1291814	2.90	0	8
ptg002160l_1_region	445316	1291814	2.90	0	8
ptg002162l_1	1171903	3383475	2.89	0	13
ptg002162l_1_region	1171903	3383475	2.89	0	13
ptg002163l_1	23151	52996	2.29	0	5
ptg002163l_1_region	23151	52996	2.29	0	5
ptg002165l_1	278253	902007	3.24	0	10
ptg002165l_1_region	278253	902007	3.24	0	10
ptg002166l_1	344945	760496	2.20	0	11
ptg002166l_1_region	344945	760496	2.20	0	11
ptg002167l_1	416831	1082926	2.60	0	11
ptg002167l_1_region	416831	1082926	2.60	0	11
ptg002169l_1	57879	70284	1.21	0	5
ptg002169l_1_region	57879	70284	1.21	0	5
ptg002171l_1	1469202	4541061	3.09	0	12
ptg002171l_1_region	1469202	4541061	3.09	0	12
ptg002172l_1	723626	2212882	3.06	0	11
ptg002172l_1_region	723626	2212882	3.06	0	11
ptg002174l_1	489822	2782954	5.68	0	18
ptg002174l_1_region	489822	2782954	5.68	0	18
ptg002175l_1	138050	458016	3.32	0	10
ptg002175l_1_region	138050	458016	3.32	0	10
ptg002177l_1	794112	5755240	7.25	0	151
ptg002177l_1_region	794112	5755240	7.25	0	151
ptg002178l_1	187683	607412	3.24	0	9
ptg002178l_1_region	187683	607412	3.24	0	9
ptg002179l_1	1267357	3455814	2.73	0	12
ptg002179l_1_region	1267357	3455814	2.73	0	12
ptg002180l_1	1095559	2829953	2.58	0	18
ptg002180l_1_region	1095559	2829953	2.58	0	18
ptg002182l_1	314882	1298204	4.12	0	15
ptg002182l_1_region	314882	1298204	4.12	0	15
ptg002183l_1	202440	449868	2.22	0	8
ptg002183l_1_region	202440	449868	2.22	0	8
ptg002184l_1	1583132	5965825	3.77	0	17
ptg002184l_1_region	1583132	5965825	3.77	0	17
ptg002187l_1	1261500	4708387	3.73	0	19
ptg002187l_1_region	1261500	4708387	3.73	0	19
ptg002189l_1	1078290	3640800	3.38	0	13
ptg002189l_1_region	1078290	3640800	3.38	0	13
ptg002190l_1	1633389	4794789	2.94	0	13
ptg002190l_1_region	1633389	4794789	2.94	0	13
ptg002191l_1	1385450	4500759	3.25	0	15
ptg002191l_1_region	1385450	4500759	3.25	0	15
ptg002192l_1	1138718	3875135	3.40	0	11
ptg002192l_1_region	1138718	3875135	3.40	0	11
ptg002193l_1	178546	2354788	13.19	0	26
ptg002193l_1_region	178546	2354788	13.19	0	26
ptg002195l_1	564493	2288733	4.05	0	22
ptg002195l_1_region	564493	2288733	4.05	0	22
ptg002196l_1	395103	1263567	3.20	0	10
ptg002196l_1_region	395103	1263567	3.20	0	10
ptg002197l_1	544310	540238	0.99	0	7
ptg002197l_1_region	544310	540238	0.99	0	7
ptg002199l_1	968788	3807275	3.93	0	18
ptg002199l_1_region	968788	3807275	3.93	0	18
ptg002200l_1	1031499	3283620	3.18	0	14
ptg002200l_1_region	1031499	3283620	3.18	0	14
ptg002201l_1	503645	1050655	2.09	0	33
ptg002201l_1_region	503645	1050655	2.09	0	33
ptg002202l_1	727298	2141711	2.94	0	12
ptg002202l_1_region	727298	2141711	2.94	0	12
ptg002203l_1	503590	858260	1.70	0	9
ptg002203l_1_region	503590	858260	1.70	0	9
ptg002205l_1	435847	1286023	2.95	0	11
ptg002205l_1_region	435847	1286023	2.95	0	11
ptg002207l_1	227546	781279	3.43	0	12
ptg002207l_1_region	227546	781279	3.43	0	12
ptg002208l_1	1339831	6686124	4.99	0	48
ptg002208l_1_region	1339831	6686124	4.99	0	48
ptg002209l_1	115204	386101	3.35	0	8
ptg002209l_1_region	115204	386101	3.35	0	8
ptg002212l_1	3139118	10881195	3.47	0	45
ptg002212l_1_region	3139118	10881195	3.47	0	45
ptg002216l_1	2118298	7623149	3.60	0	13
ptg002216l_1_region	2118298	7623149	3.60	0	13
ptg002218l_1	583826	1366089	2.34	0	53
ptg002218l_1_region	583826	1366089	2.34	0	53
ptg002219l_1	1415541	4635450	3.27	0	15
ptg002219l_1_region	1415541	4635450	3.27	0	15
ptg002221l_1	113257	361560	3.19	0	15
ptg002221l_1_region	113257	361560	3.19	0	15
ptg002222l_1	317670	704592	2.22	0	9
ptg002222l_1_region	317670	704592	2.22	0	9
ptg002223l_1	278858	654999	2.35	0	8
ptg002223l_1_region	278858	654999	2.35	0	8
ptg002224l_1	522524	1534625	2.94	0	13
ptg002224l_1_region	522524	1534625	2.94	0	13
ptg002225l_1	1359822	4706441	3.46	0	12
ptg002225l_1_region	1359822	4706441	3.46	0	12
ptg002226l_1	528110	1864937	3.53	0	12
ptg002226l_1_region	528110	1864937	3.53	0	12
ptg002227l_1	625106	1465894	2.35	0	9
ptg002227l_1_region	625106	1465894	2.35	0	9
ptg002230l_1	65174	170907	2.62	0	6
ptg002230l_1_region	65174	170907	2.62	0	6
ptg002232l_1	909811	2404756	2.64	0	22
ptg002232l_1_region	909811	2404756	2.64	0	22
ptg002234l_1	996606	1836197	1.84	0	10
ptg002234l_1_region	996606	1836197	1.84	0	10
ptg002235l_1	962819	3051879	3.17	0	12
ptg002235l_1_region	962819	3051879	3.17	0	12
ptg002236l_1	540754	943646	1.75	0	8
ptg002236l_1_region	540754	943646	1.75	0	8
ptg002239l_1	1098770	3833455	3.49	0	16
ptg002239l_1_region	1098770	3833455	3.49	0	16
ptg002240l_1	924082	2813579	3.04	0	9
ptg002240l_1_region	924082	2813579	3.04	0	9
ptg002242l_1	280589	776221	2.77	0	17
ptg002242l_1_region	280589	776221	2.77	0	17
ptg002243l_1	209307	551033	2.63	0	12
ptg002243l_1_region	209307	551033	2.63	0	12
ptg002244l_1	318487	1257158	3.95	0	14
ptg002244l_1_region	318487	1257158	3.95	0	14
ptg002245l_1	1190942	4130249	3.47	0	15
ptg002245l_1_region	1190942	4130249	3.47	0	15
ptg002246l_1	203570	532247	2.61	0	7
ptg002246l_1_region	203570	532247	2.61	0	7
ptg002247l_1	448796	1224640	2.73	0	14
ptg002247l_1_region	448796	1224640	2.73	0	14
ptg002250l_1	1535836	5173019	3.37	0	15
ptg002250l_1_region	1535836	5173019	3.37	0	15
ptg002251l_1	825746	1694511	2.05	0	8
ptg002251l_1_region	825746	1694511	2.05	0	8
ptg002253l_1	243023	637410	2.62	0	12
ptg002253l_1_region	243023	637410	2.62	0	12
ptg002255l_1	495252	1491867	3.01	0	12
ptg002255l_1_region	495252	1491867	3.01	0	12
ptg002256l_1	105129	126466	1.20	0	9
ptg002256l_1_region	105129	126466	1.20	0	9
ptg002257l_1	399967	2621623	6.55	0	30
ptg002257l_1_region	399967	2621623	6.55	0	30
ptg002259l_1	699846	1718504	2.46	0	25
ptg002259l_1_region	699846	1718504	2.46	0	25
ptg002260l_1	1414582	4655474	3.29	0	11
ptg002260l_1_region	1414582	4655474	3.29	0	11
ptg002263l_1	432538	1597196	3.69	0	28
ptg002263l_1_region	432538	1597196	3.69	0	28
ptg002264l_1	53862	69585	1.29	0	10
ptg002264l_1_region	53862	69585	1.29	0	10
ptg002266l_1	44412	55883	1.26	0	6
ptg002266l_1_region	44412	55883	1.26	0	6
ptg002269l_1	2212663	7988566	3.61	0	15
ptg002269l_1_region	2212663	7988566	3.61	0	15
ptg002270l_1	785896	2225532	2.83	0	12
ptg002270l_1_region	785896	2225532	2.83	0	12
ptg002273l_1	258228	927774	3.59	0	12
ptg002273l_1_region	258228	927774	3.59	0	12
ptg002274l_1	420987	1312549	3.12	0	8
ptg002274l_1_region	420987	1312549	3.12	0	8
ptg002275l_1	19781	34815	1.76	0	4
ptg002275l_1_region	19781	34815	1.76	0	4
ptg002276l_1	444483	1182088	2.66	0	10
ptg002276l_1_region	444483	1182088	2.66	0	10
ptg002277l_1	776842	2724842	3.51	0	17
ptg002277l_1_region	776842	2724842	3.51	0	17
ptg002278l_1	148880	416126	2.80	0	9
ptg002278l_1_region	148880	416126	2.80	0	9
ptg002279l_1	1239694	3783586	3.05	0	23
ptg002279l_1_region	1239694	3783586	3.05	0	23
ptg002280l_1	546573	1108146	2.03	0	9
ptg002280l_1_region	546573	1108146	2.03	0	9
ptg002282l_1	820857	1752507	2.13	0	10
ptg002282l_1_region	820857	1752507	2.13	0	10
ptg002284l_1	326613	768604	2.35	0	14
ptg002284l_1_region	326613	768604	2.35	0	14
ptg002286l_1	222899	401525	1.80	0	10
ptg002286l_1_region	222899	401525	1.80	0	10
ptg002287l_1	246043	672211	2.73	0	10
ptg002287l_1_region	246043	672211	2.73	0	10
ptg002288l_1	1159033	3756767	3.24	0	15
ptg002288l_1_region	1159033	3756767	3.24	0	15
ptg002289l_1	1084247	3644244	3.36	0	12
ptg002289l_1_region	1084247	3644244	3.36	0	12
ptg002290l_1	122304	424829	3.47	0	13
ptg002290l_1_region	122304	424829	3.47	0	13
ptg002295l_1	193341	557318	2.88	0	11
ptg002295l_1_region	193341	557318	2.88	0	11
ptg002297l_1	2246223	8650519	3.85	0	19
ptg002297l_1_region	2246223	8650519	3.85	0	19
ptg002299l_1	689035	1763583	2.56	0	10
ptg002299l_1_region	689035	1763583	2.56	0	10
ptg002300l_1	1285662	4280339	3.33	0	14
ptg002300l_1_region	1285662	4280339	3.33	0	14
ptg002301l_1	1206907	3974993	3.29	0	13
ptg002301l_1_region	1206907	3974993	3.29	0	13
ptg002302l_1	1487420	5041937	3.39	0	16
ptg002302l_1_region	1487420	5041937	3.39	0	16
ptg002304l_1	225963	595308	2.63	0	18
ptg002304l_1_region	225963	595308	2.63	0	18
ptg002306l_1	620095	1803923	2.91	0	11
ptg002306l_1_region	620095	1803923	2.91	0	11
ptg002307l_1	1195977	5863913	4.90	0	97
ptg002307l_1_region	1195977	5863913	4.90	0	97
ptg002309l_1	1169446	3466246	2.96	0	16
ptg002309l_1_region	1169446	3466246	2.96	0	16
ptg002310l_1	1222123	4025796	3.29	0	11
ptg002310l_1_region	1222123	4025796	3.29	0	11
ptg002311l_1	303256	833012	2.75	0	11
ptg002311l_1_region	303256	833012	2.75	0	11
ptg002312l_1	116142	403381	3.47	0	13
ptg002312l_1_region	116142	403381	3.47	0	13
ptg002313l_1	564411	1077900	1.91	0	9
ptg002313l_1_region	564411	1077900	1.91	0	9
ptg002314l_1	230165	590388	2.57	0	9
ptg002314l_1_region	230165	590388	2.57	0	9
ptg002315l_1	1133032	4078053	3.60	0	15
ptg002315l_1_region	1133032	4078053	3.60	0	15
ptg002316l_1	703270	4889420	6.95	0	49
ptg002316l_1_region	703270	4889420	6.95	0	49
ptg002317l_1	283710	1106214	3.90	0	10
ptg002317l_1_region	283710	1106214	3.90	0	10
ptg002318l_1	208437	706504	3.39	0	10
ptg002318l_1_region	208437	706504	3.39	0	10
ptg002320l_1	355430	1945348	5.47	0	20
ptg002320l_1_region	355430	1945348	5.47	0	20
ptg002321l_1	298864	700209	2.34	0	9
ptg002321l_1_region	298864	700209	2.34	0	9
ptg002322l_1	676365	2164729	3.20	0	14
ptg002322l_1_region	676365	2164729	3.20	0	14
ptg002326l_1	197441	732621	3.71	0	15
ptg002326l_1_region	197441	732621	3.71	0	15
ptg002327l_1	411886	1091900	2.65	0	13
ptg002327l_1_region	411886	1091900	2.65	0	13
ptg002328l_1	735999	2344968	3.19	0	13
ptg002328l_1_region	735999	2344968	3.19	0	13
ptg002330l_1	516465	1692013	3.28	0	10
ptg002330l_1_region	516465	1692013	3.28	0	10
ptg002331l_1	886097	3124880	3.53	0	25
ptg002331l_1_region	886097	3124880	3.53	0	25
ptg002332l_1	42048	61056	1.45	0	7
ptg002332l_1_region	42048	61056	1.45	0	7
ptg002334l_1	1924100	6170547	3.21	0	16
ptg002334l_1_region	1924100	6170547	3.21	0	16
ptg002335l_1	485293	1196491	2.47	0	20
ptg002335l_1_region	485293	1196491	2.47	0	20
ptg002337l_1	492878	1670668	3.39	0	11
ptg002337l_1_region	492878	1670668	3.39	0	11
ptg002338l_1	325430	279145	0.86	0	6
ptg002338l_1_region	325430	279145	0.86	0	6
ptg002339l_1	624493	1905639	3.05	0	11
ptg002339l_1_region	624493	1905639	3.05	0	11
ptg002340l_1	670279	2080591	3.10	0	131
ptg002340l_1_region	670279	2080591	3.10	0	131
ptg002341l_1	431050	1554686	3.61	0	14
ptg002341l_1_region	431050	1554686	3.61	0	14
ptg002342l_1	1555587	6551553	4.21	0	16
ptg002342l_1_region	1555587	6551553	4.21	0	16
ptg002343l_1	211754	618120	2.92	0	7
ptg002343l_1_region	211754	618120	2.92	0	7
ptg002344l_1	368976	1245681	3.38	0	16
ptg002344l_1_region	368976	1245681	3.38	0	16
ptg002345l_1	168146	290246	1.73	0	7
ptg002345l_1_region	168146	290246	1.73	0	7
ptg002347l_1	100646	187814	1.87	0	6
ptg002347l_1_region	100646	187814	1.87	0	6
ptg002348l_1	34377	41091	1.20	0	3
ptg002348l_1_region	34377	41091	1.20	0	3
ptg002349l_1	184718	672250	3.64	0	15
ptg002349l_1_region	184718	672250	3.64	0	15
ptg002350l_1	1017277	3542577	3.48	0	13
ptg002350l_1_region	1017277	3542577	3.48	0	13
ptg002351l_1	157394	449674	2.86	0	7
ptg002351l_1_region	157394	449674	2.86	0	7
ptg002353l_1	293587	808575	2.75	0	13
ptg002353l_1_region	293587	808575	2.75	0	13
ptg002355l_1	110558	200079	1.81	0	6
ptg002355l_1_region	110558	200079	1.81	0	6
ptg002357l_1	249615	885765	3.55	0	10
ptg002357l_1_region	249615	885765	3.55	0	10
ptg002359l_1	2351705	9042084	3.84	0	14
ptg002359l_1_region	2351705	9042084	3.84	0	14
ptg002365l_1	1204263	4167416	3.46	0	12
ptg002365l_1_region	1204263	4167416	3.46	0	12
ptg002366l_1	1053124	3753721	3.56	0	12
ptg002366l_1_region	1053124	3753721	3.56	0	12
ptg002368l_1	1056221	3565422	3.38	0	24
ptg002368l_1_region	1056221	3565422	3.38	0	24
ptg002369l_1	384885	1290388	3.35	0	14
ptg002369l_1_region	384885	1290388	3.35	0	14
ptg002370l_1	224807	723973	3.22	0	8
ptg002370l_1_region	224807	723973	3.22	0	8
ptg002371l_1	257716	662402	2.57	0	10
ptg002371l_1_region	257716	662402	2.57	0	10
ptg002372l_1	292198	703202	2.41	0	86
ptg002372l_1_region	292198	703202	2.41	0	86
ptg002373l_1	324793	920741	2.83	0	10
ptg002373l_1_region	324793	920741	2.83	0	10
ptg002374l_1	240703	527632	2.19	0	10
ptg002374l_1_region	240703	527632	2.19	0	10
ptg002375l_1	393800	1196098	3.04	0	12
ptg002375l_1_region	393800	1196098	3.04	0	12
ptg002377l_1	84115	213963	2.54	0	8
ptg002377l_1_region	84115	213963	2.54	0	8
ptg002381l_1	801894	2773536	3.46	0	11
ptg002381l_1_region	801894	2773536	3.46	0	11
ptg002382l_1	760228	1805721	2.38	0	10
ptg002382l_1_region	760228	1805721	2.38	0	10
ptg002383l_1	449745	1204824	2.68	0	9
ptg002383l_1_region	449745	1204824	2.68	0	9
ptg002384l_1	632115	2158749	3.42	0	14
ptg002384l_1_region	632115	2158749	3.42	0	14
ptg002385l_1	57557	108578	1.89	0	7
ptg002385l_1_region	57557	108578	1.89	0	7
ptg002386l_1	510055	1618622	3.17	0	17
ptg002386l_1_region	510055	1618622	3.17	0	17
ptg002387l_1	312100	880930	2.82	0	10
ptg002387l_1_region	312100	880930	2.82	0	10
ptg002391l_1	319978	644052	2.01	0	10
ptg002391l_1_region	319978	644052	2.01	0	10
ptg002393l_1	1357793	10490068	7.73	0	50
ptg002393l_1_region	1357793	10490068	7.73	0	50
ptg002396l_1	361459	1255080	3.47	0	17
ptg002396l_1_region	361459	1255080	3.47	0	17
ptg002397l_1	632751	2191161	3.46	0	10
ptg002397l_1_region	632751	2191161	3.46	0	10
ptg002398l_1	68432	221127	3.23	0	12
ptg002398l_1_region	68432	221127	3.23	0	12
ptg002400l_1	2121513	7979139	3.76	0	15
ptg002400l_1_region	2121513	7979139	3.76	0	15
ptg002401l_1	47742	173665	3.64	0	8
ptg002401l_1_region	47742	173665	3.64	0	8
ptg002402l_1	414387	1437444	3.47	0	10
ptg002402l_1_region	414387	1437444	3.47	0	10
ptg002403l_1	90289	72912	0.81	0	3
ptg002403l_1_region	90289	72912	0.81	0	3
ptg002405l_1	565486	1544576	2.73	0	12
ptg002405l_1_region	565486	1544576	2.73	0	12
ptg002406l_1	528215	1355653	2.57	0	16
ptg002406l_1_region	528215	1355653	2.57	0	16
ptg002407l_1	406838	1123457	2.76	0	11
ptg002407l_1_region	406838	1123457	2.76	0	11
ptg002408l_1	1734447	6142735	3.54	0	15
ptg002408l_1_region	1734447	6142735	3.54	0	15
ptg002409l_1	231184	653972	2.83	0	14
ptg002409l_1_region	231184	653972	2.83	0	14
ptg002410l_1	614759	2742277	4.46	0	16
ptg002410l_1_region	614759	2742277	4.46	0	16
ptg002411l_1	1430781	8735592	6.11	0	127
ptg002411l_1_region	1430781	8735592	6.11	0	127
ptg002412l_1	260825	710410	2.72	0	9
ptg002412l_1_region	260825	710410	2.72	0	9
ptg002415l_1	394637	819408	2.08	0	16
ptg002415l_1_region	394637	819408	2.08	0	16
ptg002419l_1	93231	309414	3.32	0	16
ptg002419l_1_region	93231	309414	3.32	0	16
ptg002421l_1	1206770	4102763	3.40	0	13
ptg002421l_1_region	1206770	4102763	3.40	0	13
ptg002423l_1	690371	2648270	3.84	0	19
ptg002423l_1_region	690371	2648270	3.84	0	19
ptg002425l_1	389676	1471589	3.78	0	10
ptg002425l_1_region	389676	1471589	3.78	0	10
ptg002427l_1	208080	410203	1.97	0	7
ptg002427l_1_region	208080	410203	1.97	0	7
ptg002428l_1	1330395	4084433	3.07	0	15
ptg002428l_1_region	1330395	4084433	3.07	0	15
ptg002429l_1	879174	1883212	2.14	0	15
ptg002429l_1_region	879174	1883212	2.14	0	15
ptg002430l_1	1165081	5280157	4.53	0	30
ptg002430l_1_region	1165081	5280157	4.53	0	30
ptg002431l_1	965398	2117457	2.19	0	10
ptg002431l_1_region	965398	2117457	2.19	0	10
ptg002434l_1	155169	455890	2.94	0	8
ptg002434l_1_region	155169	455890	2.94	0	8
ptg002435l_1	740632	2453120	3.31	0	11
ptg002435l_1_region	740632	2453120	3.31	0	11
ptg002437l_1	699133	2100162	3.00	0	10
ptg002437l_1_region	699133	2100162	3.00	0	10
ptg002440l_1	1328733	4109130	3.09	0	15
ptg002440l_1_region	1328733	4109130	3.09	0	15
ptg002441l_1	847477	3509756	4.14	0	16
ptg002441l_1_region	847477	3509756	4.14	0	16
ptg002442l_1	384852	1051169	2.73	0	11
ptg002442l_1_region	384852	1051169	2.73	0	11
ptg002443l_1	371432	1086545	2.93	0	10
ptg002443l_1_region	371432	1086545	2.93	0	10
ptg002444l_1	489777	1098926	2.24	0	11
ptg002444l_1_region	489777	1098926	2.24	0	11
ptg002445l_1	451474	959026	2.12	0	34
ptg002445l_1_region	451474	959026	2.12	0	34
ptg002446l_1	182718	435919	2.39	0	8
ptg002446l_1_region	182718	435919	2.39	0	8
ptg002448l_1	954931	2787455	2.92	0	12
ptg002448l_1_region	954931	2787455	2.92	0	12
ptg002450l_1	135526	427744	3.16	0	14
ptg002450l_1_region	135526	427744	3.16	0	14
ptg002451l_1	732915	2419834	3.30	0	12
ptg002451l_1_region	732915	2419834	3.30	0	12
ptg002453l_1	170747	392864	2.30	0	10
ptg002453l_1_region	170747	392864	2.30	0	10
ptg002454l_1	282224	582046	2.06	0	25
ptg002454l_1_region	282224	582046	2.06	0	25
ptg002456l_1	355964	695479	1.95	0	11
ptg002456l_1_region	355964	695479	1.95	0	11
ptg002457l_1	141496	366873	2.59	0	9
ptg002457l_1_region	141496	366873	2.59	0	9
ptg002458l_1	1212867	5499225	4.53	0	38
ptg002458l_1_region	1212867	5499225	4.53	0	38
ptg002459l_1	66848	158764	2.38	0	6
ptg002459l_1_region	66848	158764	2.38	0	6
ptg002463l_1	25573	32453	1.27	0	2
ptg002463l_1_region	25573	32453	1.27	0	2
ptg002464l_1	618798	2298436	3.71	0	29
ptg002464l_1_region	618798	2298436	3.71	0	29
ptg002465l_1	412475	964346	2.34	0	9
ptg002465l_1_region	412475	964346	2.34	0	9
ptg002466l_1	1324345	4359051	3.29	0	13
ptg002466l_1_region	1324345	4359051	3.29	0	13
ptg002467l_1	193495	486852	2.52	0	11
ptg002467l_1_region	193495	486852	2.52	0	11
ptg002468l_1	107186	273316	2.55	0	7
ptg002468l_1_region	107186	273316	2.55	0	7
ptg002469l_1	863783	2743697	3.18	0	13
ptg002469l_1_region	863783	2743697	3.18	0	13
ptg002471l_1	245479	644089	2.62	0	29
ptg002471l_1_region	245479	644089	2.62	0	29
ptg002474l_1	237547	497941	2.10	0	7
ptg002474l_1_region	237547	497941	2.10	0	7
ptg002477l_1	73373	103364	1.41	0	18
ptg002477l_1_region	73373	103364	1.41	0	18
ptg002478l_1	2551444	10070870	3.95	0	15
ptg002478l_1_region	2551444	10070870	3.95	0	15
ptg002479l_1	191490	461699	2.41	0	11
ptg002479l_1_region	191490	461699	2.41	0	11
ptg002481l_1	395760	842159	2.13	0	30
ptg002481l_1_region	395760	842159	2.13	0	30
ptg002483l_1	16723	49030	2.93	0	6
ptg002483l_1_region	16723	49030	2.93	0	6
ptg002484l_1	121994	282088	2.31	0	8
ptg002484l_1_region	121994	282088	2.31	0	8
ptg002487l_1	234007	650519	2.78	0	9
ptg002487l_1_region	234007	650519	2.78	0	9
ptg002488l_1	616042	328744	0.53	0	8
ptg002488l_1_region	616042	328744	0.53	0	8
ptg002489l_1	63982	138566	2.17	0	6
ptg002489l_1_region	63982	138566	2.17	0	6
ptg002497l_1	86331	134936	1.56	0	12
ptg002497l_1_region	86331	134936	1.56	0	12
ptg002498l_1	590928	1750848	2.96	0	9
ptg002498l_1_region	590928	1750848	2.96	0	9
ptg002499l_1	1481003	4906487	3.31	0	14
ptg002499l_1_region	1481003	4906487	3.31	0	14
ptg002500l_1	526990	1555758	2.95	0	9
ptg002500l_1_region	526990	1555758	2.95	0	9
ptg002506l_1	517212	1303065	2.52	0	10
ptg002506l_1_region	517212	1303065	2.52	0	10
ptg002508l_1	559891	2040222	3.64	0	12
ptg002508l_1_region	559891	2040222	3.64	0	12
ptg002510l_1	408814	1029308	2.52	0	10
ptg002510l_1_region	408814	1029308	2.52	0	10
ptg002511l_1	958141	3501933	3.65	0	10
ptg002511l_1_region	958141	3501933	3.65	0	10
ptg002512l_1	2226325	6464880	2.90	0	22
ptg002512l_1_region	2226325	6464880	2.90	0	22
ptg002515l_1	536683	1251534	2.33	0	10
ptg002515l_1_region	536683	1251534	2.33	0	10
ptg002516l_1	1207246	4616101	3.82	0	13
ptg002516l_1_region	1207246	4616101	3.82	0	13
ptg002520l_1	566331	1496416	2.64	0	15
ptg002520l_1_region	566331	1496416	2.64	0	15
ptg002521l_1	154109	315358	2.05	0	24
ptg002521l_1_region	154109	315358	2.05	0	24
ptg002523l_1	680828	1860218	2.73	0	17
ptg002523l_1_region	680828	1860218	2.73	0	17
ptg002525l_1	85831	203323	2.37	0	13
ptg002525l_1_region	85831	203323	2.37	0	13
ptg002526l_1	143803	350227	2.44	0	7
ptg002526l_1_region	143803	350227	2.44	0	7
ptg002527l_1	174924	362145	2.07	0	10
ptg002527l_1_region	174924	362145	2.07	0	10
ptg002528l_1	939124	3310252	3.52	0	19
ptg002528l_1_region	939124	3310252	3.52	0	19
ptg002530l_1	466686	1350565	2.89	0	12
ptg002530l_1_region	466686	1350565	2.89	0	12
ptg002531l_1	377026	698378	1.85	0	9
ptg002531l_1_region	377026	698378	1.85	0	9
ptg002533l_1	1026681	4095145	3.99	0	15
ptg002533l_1_region	1026681	4095145	3.99	0	15
ptg002535l_1	423168	1975333	4.67	0	24
ptg002535l_1_region	423168	1975333	4.67	0	24
ptg002536l_1	175724	451485	2.57	0	10
ptg002536l_1_region	175724	451485	2.57	0	10
ptg002537l_1	765670	2137979	2.79	0	15
ptg002537l_1_region	765670	2137979	2.79	0	15
ptg002540l_1	1220980	4248322	3.48	0	12
ptg002540l_1_region	1220980	4248322	3.48	0	12
ptg002541l_1	146853	492983	3.36	0	9
ptg002541l_1_region	146853	492983	3.36	0	9
ptg002542l_1	575281	2240027	3.89	0	124
ptg002542l_1_region	575281	2240027	3.89	0	124
ptg002543l_1	1145629	8800713	7.68	0	44
ptg002543l_1_region	1145629	8800713	7.68	0	44
ptg002544l_1	649184	3672	0.01	0	1
ptg002544l_1_region	649184	3672	0.01	0	1
ptg002545l_1	1127199	399671	0.35	0	8
ptg002545l_1_region	1127199	399671	0.35	0	8
ptg002546l_1	270705	502378	1.86	0	73
ptg002546l_1_region	270705	502378	1.86	0	73
ptg002550l_1	324682	1165022	3.59	0	10
ptg002550l_1_region	324682	1165022	3.59	0	10
ptg002551l_1	1980121	6244615	3.15	0	13
ptg002551l_1_region	1980121	6244615	3.15	0	13
ptg002552l_1	946866	3113614	3.29	0	11
ptg002552l_1_region	946866	3113614	3.29	0	11
ptg002553l_1	352935	130413	0.37	0	8
ptg002553l_1_region	352935	130413	0.37	0	8
ptg002555l_1	801186	1247351	1.56	0	10
ptg002555l_1_region	801186	1247351	1.56	0	10
ptg002556l_1	73489	127524	1.74	0	6
ptg002556l_1_region	73489	127524	1.74	0	6
ptg002559l_1	241773	453635	1.88	0	8
ptg002559l_1_region	241773	453635	1.88	0	8
ptg002561l_1	281402	1659309	5.90	0	63
ptg002561l_1_region	281402	1659309	5.90	0	63
ptg002563l_1	83255	279025	3.35	0	15
ptg002563l_1_region	83255	279025	3.35	0	15
ptg002565l_1	256029	713489	2.79	0	21
ptg002565l_1_region	256029	713489	2.79	0	21
ptg002566l_1	953533	2820628	2.96	0	10
ptg002566l_1_region	953533	2820628	2.96	0	10
ptg002567l_1	792261	1913935	2.42	0	15
ptg002567l_1_region	792261	1913935	2.42	0	15
ptg002568l_1	496165	1716213	3.46	0	19
ptg002568l_1_region	496165	1716213	3.46	0	19
ptg002569l_1	338112	1315282	3.89	0	13
ptg002569l_1_region	338112	1315282	3.89	0	13
ptg002571l_1	117103	228568	1.95	0	6
ptg002571l_1_region	117103	228568	1.95	0	6
ptg002572l_1	39226	31471	0.80	0	4
ptg002572l_1_region	39226	31471	0.80	0	4
ptg002573l_1	67820	145748	2.15	0	8
ptg002573l_1_region	67820	145748	2.15	0	8
ptg002574l_1	343659	832541	2.42	0	18
ptg002574l_1_region	343659	832541	2.42	0	18
ptg002575l_1	112598	155923	1.38	0	11
ptg002575l_1_region	112598	155923	1.38	0	11
ptg002576l_1	142102	456343	3.21	0	8
ptg002576l_1_region	142102	456343	3.21	0	8
ptg002580l_1	635441	1299441	2.04	0	10
ptg002580l_1_region	635441	1299441	2.04	0	10
ptg002581l_1	227450	662625	2.91	0	10
ptg002581l_1_region	227450	662625	2.91	0	10
ptg002582l_1	611047	1791639	2.93	0	17
ptg002582l_1_region	611047	1791639	2.93	0	17
ptg002585l_1	162216	272790	1.68	0	7
ptg002585l_1_region	162216	272790	1.68	0	7
ptg002586l_1	1085077	3468988	3.20	0	12
ptg002586l_1_region	1085077	3468988	3.20	0	12
ptg002587l_1	268729	917404	3.41	0	18
ptg002587l_1_region	268729	917404	3.41	0	18
ptg002588l_1	165422	401973	2.43	0	7
ptg002588l_1_region	165422	401973	2.43	0	7
ptg002593l_1	794021	2537255	3.20	0	16
ptg002593l_1_region	794021	2537255	3.20	0	16
ptg002594l_1	1295747	3555969	2.74	0	17
ptg002594l_1_region	1295747	3555969	2.74	0	17
ptg002598l_1	240271	1671941	6.96	0	46
ptg002598l_1_region	240271	1671941	6.96	0	46
ptg002599l_1	195640	492930	2.52	0	11
ptg002599l_1_region	195640	492930	2.52	0	11
ptg002600l_1	507048	1706261	3.37	0	13
ptg002600l_1_region	507048	1706261	3.37	0	13
ptg002601l_1	219901	495733	2.25	0	14
ptg002601l_1_region	219901	495733	2.25	0	14
ptg002602l_1	407068	1265625	3.11	0	18
ptg002602l_1_region	407068	1265625	3.11	0	18
ptg002604l_1	642268	1819764	2.83	0	18
ptg002604l_1_region	642268	1819764	2.83	0	18
ptg002605l_1	617573	1238100	2.00	0	10
ptg002605l_1_region	617573	1238100	2.00	0	10
ptg002608l_1	247734	622375	2.51	0	10
ptg002608l_1_region	247734	622375	2.51	0	10
ptg002609l_1	213373	793502	3.72	0	17
ptg002609l_1_region	213373	793502	3.72	0	17
ptg002610l_1	1117222	3554247	3.18	0	12
ptg002610l_1_region	1117222	3554247	3.18	0	12
ptg002612l_1	428432	1168228	2.73	0	11
ptg002612l_1_region	428432	1168228	2.73	0	11
ptg002613l_1	512839	1174165	2.29	0	16
ptg002613l_1_region	512839	1174165	2.29	0	16
ptg002614l_1	271669	516966	1.90	0	45
ptg002614l_1_region	271669	516966	1.90	0	45
ptg002615l_1	441559	4157738	9.42	0	75
ptg002615l_1_region	441559	4157738	9.42	0	75
ptg002616l_1	153670	440872	2.87	0	9
ptg002616l_1_region	153670	440872	2.87	0	9
ptg002622l_1	71555	235607	3.29	0	7
ptg002622l_1_region	71555	235607	3.29	0	7
ptg002623l_1	173644	297936	1.72	0	7
ptg002623l_1_region	173644	297936	1.72	0	7
ptg002624l_1	1221938	4821222	3.95	0	22
ptg002624l_1_region	1221938	4821222	3.95	0	22
ptg002627l_1	572029	1464562	2.56	0	17
ptg002627l_1_region	572029	1464562	2.56	0	17
ptg002630l_1	367260	639856	1.74	0	7
ptg002630l_1_region	367260	639856	1.74	0	7
ptg002631l_1	692297	2295030	3.32	0	12
ptg002631l_1_region	692297	2295030	3.32	0	12
ptg002632l_1	151019	633776	4.20	0	12
ptg002632l_1_region	151019	633776	4.20	0	12
ptg002633l_1	953831	6401610	6.71	0	72
ptg002633l_1_region	953831	6401610	6.71	0	72
ptg002634l_1	962194	3298950	3.43	0	13
ptg002634l_1_region	962194	3298950	3.43	0	13
ptg002635l_1	195716	527905	2.70	0	9
ptg002635l_1_region	195716	527905	2.70	0	9
ptg002638l_1	1179428	3966158	3.36	0	17
ptg002638l_1_region	1179428	3966158	3.36	0	17
ptg002640l_1	185546	542571	2.92	0	50
ptg002640l_1_region	185546	542571	2.92	0	50
ptg002641l_1	1426857	5209183	3.65	0	20
ptg002641l_1_region	1426857	5209183	3.65	0	20
ptg002642l_1	1376369	4295327	3.12	0	19
ptg002642l_1_region	1376369	4295327	3.12	0	19
ptg002643l_1	233358	381497	1.63	0	7
ptg002643l_1_region	233358	381497	1.63	0	7
ptg002644l_1	145717	420831	2.89	0	8
ptg002644l_1_region	145717	420831	2.89	0	8
ptg002645l_1	82621	285250	3.45	0	9
ptg002645l_1_region	82621	285250	3.45	0	9
ptg002646l_1	79690	271165	3.40	0	9
ptg002646l_1_region	79690	271165	3.40	0	9
ptg002647l_1	1030408	3131646	3.04	0	12
ptg002647l_1_region	1030408	3131646	3.04	0	12
ptg002648l_1	960319	4014999	4.18	0	13
ptg002648l_1_region	960319	4014999	4.18	0	13
ptg002649l_1	938563	3516067	3.75	0	16
ptg002649l_1_region	938563	3516067	3.75	0	16
ptg002651l_1	1122763	3642094	3.24	0	15
ptg002651l_1_region	1122763	3642094	3.24	0	15
ptg002654l_1	299240	957189	3.20	0	12
ptg002654l_1_region	299240	957189	3.20	0	12
ptg002655l_1	884013	2757292	3.12	0	11
ptg002655l_1_region	884013	2757292	3.12	0	11
ptg002656l_1	405180	2202227	5.44	0	118
ptg002656l_1_region	405180	2202227	5.44	0	118
ptg002658l_1	148443	423946	2.86	0	9
ptg002658l_1_region	148443	423946	2.86	0	9
ptg002659l_1	136332	598414	4.39	0	13
ptg002659l_1_region	136332	598414	4.39	0	13
ptg002663l_1	335784	1017799	3.03	0	33
ptg002663l_1_region	335784	1017799	3.03	0	33
ptg002668l_1	722286	1639511	2.27	0	9
ptg002668l_1_region	722286	1639511	2.27	0	9
ptg002669l_1	652330	1608512	2.47	0	15
ptg002669l_1_region	652330	1608512	2.47	0	15
ptg002670l_1	628980	2358279	3.75	0	34
ptg002670l_1_region	628980	2358279	3.75	0	34
ptg002671l_1	1109760	4080961	3.68	0	12
ptg002671l_1_region	1109760	4080961	3.68	0	12
ptg002672l_1	987726	3038534	3.08	0	11
ptg002672l_1_region	987726	3038534	3.08	0	11
ptg002673l_1	836932	2846077	3.40	0	12
ptg002673l_1_region	836932	2846077	3.40	0	12
ptg002675l_1	699574	2066155	2.95	0	16
ptg002675l_1_region	699574	2066155	2.95	0	16
ptg002676l_1	498732	1016231	2.04	0	8
ptg002676l_1_region	498732	1016231	2.04	0	8
ptg002677l_1	372738	882104	2.37	0	10
ptg002677l_1_region	372738	882104	2.37	0	10
ptg002678l_1	451813	1345624	2.98	0	17
ptg002678l_1_region	451813	1345624	2.98	0	17
ptg002679l_1	592044	2056816	3.47	0	14
ptg002679l_1_region	592044	2056816	3.47	0	14
ptg002681l_1	229901	747250	3.25	0	9
ptg002681l_1_region	229901	747250	3.25	0	9
ptg002682l_1	1080890	4050277	3.75	0	28
ptg002682l_1_region	1080890	4050277	3.75	0	28
ptg002683l_1	738235	2073852	2.81	0	11
ptg002683l_1_region	738235	2073852	2.81	0	11
ptg002684l_1	343220	1293503	3.77	0	16
ptg002684l_1_region	343220	1293503	3.77	0	16
ptg002686l_1	315969	635967	2.01	0	13
ptg002686l_1_region	315969	635967	2.01	0	13
ptg002688l_1	336911	1117374	3.32	0	13
ptg002688l_1_region	336911	1117374	3.32	0	13
ptg002689l_1	859099	2894861	3.37	0	13
ptg002689l_1_region	859099	2894861	3.37	0	13
ptg002690l_1	177069	259516	1.47	0	21
ptg002690l_1_region	177069	259516	1.47	0	21
ptg002693l_1	232525	684609	2.94	0	13
ptg002693l_1_region	232525	684609	2.94	0	13
ptg002694l_1	120782	288176	2.39	0	14
ptg002694l_1_region	120782	288176	2.39	0	14
ptg002696l_1	555435	984360	1.77	0	18
ptg002696l_1_region	555435	984360	1.77	0	18
ptg002697l_1	292618	559955	1.91	0	7
ptg002697l_1_region	292618	559955	1.91	0	7
ptg002698l_1	767691	2521229	3.28	0	11
ptg002698l_1_region	767691	2521229	3.28	0	11
ptg002701l_1	316972	785666	2.48	0	9
ptg002701l_1_region	316972	785666	2.48	0	9
ptg002702l_1	108287	378437	3.49	0	11
ptg002702l_1_region	108287	378437	3.49	0	11
ptg002703l_1	246811	245026	0.99	0	16
ptg002703l_1_region	246811	245026	0.99	0	16
ptg002704l_1	618001	1868378	3.02	0	9
ptg002704l_1_region	618001	1868378	3.02	0	9
ptg002705l_1	162189	234068	1.44	0	5
ptg002705l_1_region	162189	234068	1.44	0	5
ptg002707l_1	814619	1726324	2.12	0	10
ptg002707l_1_region	814619	1726324	2.12	0	10
ptg002708l_1	683633	1377236	2.01	0	10
ptg002708l_1_region	683633	1377236	2.01	0	10
ptg002711l_1	156119	547940	3.51	0	8
ptg002711l_1_region	156119	547940	3.51	0	8
ptg002712l_1	284954	695353	2.44	0	8
ptg002712l_1_region	284954	695353	2.44	0	8
ptg002713l_1	68464	330636	4.83	0	11
ptg002713l_1_region	68464	330636	4.83	0	11
ptg002714l_1	1684408	5642658	3.35	0	11
ptg002714l_1_region	1684408	5642658	3.35	0	11
ptg002716l_1	893166	2553145	2.86	0	27
ptg002716l_1_region	893166	2553145	2.86	0	27
ptg002719l_1	210114	413680	1.97	0	8
ptg002719l_1_region	210114	413680	1.97	0	8
ptg002721l_1	199203	687789	3.45	0	15
ptg002721l_1_region	199203	687789	3.45	0	15
ptg002723l_1	155574	486889	3.13	0	7
ptg002723l_1_region	155574	486889	3.13	0	7
ptg002725l_1	2343783	17614642	7.52	0	101
ptg002725l_1_region	2343783	17614642	7.52	0	101
ptg002726l_1	278214	1275006	4.58	0	25
ptg002726l_1_region	278214	1275006	4.58	0	25
ptg002731l_1	851686	4445024	5.22	0	56
ptg002731l_1_region	851686	4445024	5.22	0	56
ptg002733l_1	403810	2725699	6.75	0	37
ptg002733l_1_region	403810	2725699	6.75	0	37
ptg002734l_1	193946	314239	1.62	0	19
ptg002734l_1_region	193946	314239	1.62	0	19
ptg002735l_1	156379	215375	1.38	0	6
ptg002735l_1_region	156379	215375	1.38	0	6
ptg002736l_1	71317	261414	3.67	0	8
ptg002736l_1_region	71317	261414	3.67	0	8
ptg002738l_1	245103	1209366	4.93	0	14
ptg002738l_1_region	245103	1209366	4.93	0	14
ptg002739l_1	714492	2327093	3.26	0	11
ptg002739l_1_region	714492	2327093	3.26	0	11
ptg002741l_1	469532	1406751	3.00	0	9
ptg002741l_1_region	469532	1406751	3.00	0	9
ptg002742l_1	356212	1396728	3.92	0	14
ptg002742l_1_region	356212	1396728	3.92	0	14
ptg002743l_1	113807	136956	1.20	0	5
ptg002743l_1_region	113807	136956	1.20	0	5
ptg002744l_1	401524	1510497	3.76	0	11
ptg002744l_1_region	401524	1510497	3.76	0	11
ptg002746l_1	164073	252590	1.54	0	7
ptg002746l_1_region	164073	252590	1.54	0	7
ptg002747l_1	102767	499334	4.86	0	17
ptg002747l_1_region	102767	499334	4.86	0	17
ptg002748l_1	159234	544546	3.42	0	9
ptg002748l_1_region	159234	544546	3.42	0	9
ptg002749l_1	1325058	3719210	2.81	0	41
ptg002749l_1_region	1325058	3719210	2.81	0	41
ptg002750l_1	356870	1055465	2.96	0	127
ptg002750l_1_region	356870	1055465	2.96	0	127
ptg002751l_1	438167	1360801	3.11	0	27
ptg002751l_1_region	438167	1360801	3.11	0	27
ptg002753l_1	98594	163244	1.66	0	6
ptg002753l_1_region	98594	163244	1.66	0	6
ptg002754l_1	272433	592683	2.18	0	8
ptg002754l_1_region	272433	592683	2.18	0	8
ptg002755l_1	84669	206491	2.44	0	9
ptg002755l_1_region	84669	206491	2.44	0	9
ptg002756l_1	149962	493545	3.29	0	10
ptg002756l_1_region	149962	493545	3.29	0	10
ptg002757l_1	484416	1506296	3.11	0	12
ptg002757l_1_region	484416	1506296	3.11	0	12
ptg002758l_1	760958	2185217	2.87	0	9
ptg002758l_1_region	760958	2185217	2.87	0	9
ptg002759l_1	179324	313356	1.75	0	7
ptg002759l_1_region	179324	313356	1.75	0	7
ptg002760l_1	699895	2108135	3.01	0	19
ptg002760l_1_region	699895	2108135	3.01	0	19
ptg002761l_1	494818	734437	1.48	0	10
ptg002761l_1_region	494818	734437	1.48	0	10
ptg002763l_1	622110	1988019	3.20	0	11
ptg002763l_1_region	622110	1988019	3.20	0	11
ptg002764l_1	213456	364564	1.71	0	7
ptg002764l_1_region	213456	364564	1.71	0	7
ptg002765l_1	145428	47812	0.33	0	9
ptg002765l_1_region	145428	47812	0.33	0	9
ptg002769l_1	270064	688353	2.55	0	20
ptg002769l_1_region	270064	688353	2.55	0	20
ptg002770l_1	672159	2498935	3.72	0	13
ptg002770l_1_region	672159	2498935	3.72	0	13
ptg002771l_1	1024259	3356922	3.28	0	18
ptg002771l_1_region	1024259	3356922	3.28	0	18
ptg002773l_1	1894601	9270100	4.89	0	76
ptg002773l_1_region	1894601	9270100	4.89	0	76
ptg002774l_1	164735	372427	2.26	0	9
ptg002774l_1_region	164735	372427	2.26	0	9
ptg002776l_1	318508	1043755	3.28	0	15
ptg002776l_1_region	318508	1043755	3.28	0	15
ptg002778l_1	465098	1596135	3.43	0	14
ptg002778l_1_region	465098	1596135	3.43	0	14
ptg002779l_1	1238908	3989843	3.22	0	12
ptg002779l_1_region	1238908	3989843	3.22	0	12
ptg002780l_1	531956	1899697	3.57	0	13
ptg002780l_1_region	531956	1899697	3.57	0	13
ptg002783l_1	1237280	4365726	3.53	0	13
ptg002783l_1_region	1237280	4365726	3.53	0	13
ptg002788l_1	654283	2225716	3.40	0	11
ptg002788l_1_region	654283	2225716	3.40	0	11
ptg002789l_1	304856	744150	2.44	0	9
ptg002789l_1_region	304856	744150	2.44	0	9
ptg002790l_1	103040	182678	1.77	0	7
ptg002790l_1_region	103040	182678	1.77	0	7
ptg002791l_1	205919	444756	2.16	0	8
ptg002791l_1_region	205919	444756	2.16	0	8
ptg002792l_1	168001	472795	2.81	0	8
ptg002792l_1_region	168001	472795	2.81	0	8
ptg002795l_1	865662	2445345	2.82	0	9
ptg002795l_1_region	865662	2445345	2.82	0	9
ptg002796l_1	303923	823870	2.71	0	30
ptg002796l_1_region	303923	823870	2.71	0	30
ptg002797l_1	540703	1662371	3.07	0	10
ptg002797l_1_region	540703	1662371	3.07	0	10
ptg002798l_1	597708	1551937	2.60	0	18
ptg002798l_1_region	597708	1551937	2.60	0	18
ptg002799l_1	233389	794288	3.40	0	11
ptg002799l_1_region	233389	794288	3.40	0	11
ptg002801l_1	656686	2090765	3.18	0	13
ptg002801l_1_region	656686	2090765	3.18	0	13
ptg002802l_1	768663	1502985	1.96	0	68
ptg002802l_1_region	768663	1502985	1.96	0	68
ptg002803l_1	645832	2138288	3.31	0	11
ptg002803l_1_region	645832	2138288	3.31	0	11
ptg002804l_1	512220	1262114	2.46	0	9
ptg002804l_1_region	512220	1262114	2.46	0	9
ptg002805l_1	1218179	3768706	3.09	0	10
ptg002805l_1_region	1218179	3768706	3.09	0	10
ptg002806l_1	522444	894197	1.71	0	9
ptg002806l_1_region	522444	894197	1.71	0	9
ptg002807l_1	656561	2472649	3.77	0	10
ptg002807l_1_region	656561	2472649	3.77	0	10
ptg002808l_1	134712	307364	2.28	0	7
ptg002808l_1_region	134712	307364	2.28	0	7
ptg002811l_1	259953	706164	2.72	0	17
ptg002811l_1_region	259953	706164	2.72	0	17
ptg002812l_1	393125	909380	2.31	0	9
ptg002812l_1_region	393125	909380	2.31	0	9
ptg002813l_1	1551931	5219884	3.36	0	16
ptg002813l_1_region	1551931	5219884	3.36	0	16
ptg002815l_1	253073	571815	2.26	0	8
ptg002815l_1_region	253073	571815	2.26	0	8
ptg002818l_1	633994	1237394	1.95	0	9
ptg002818l_1_region	633994	1237394	1.95	0	9
ptg002819l_1	411220	1096653	2.67	0	18
ptg002819l_1_region	411220	1096653	2.67	0	18
ptg002820l_1	1517412	5261195	3.47	0	12
ptg002820l_1_region	1517412	5261195	3.47	0	12
ptg002821l_1	1227610	2277987	1.86	0	14
ptg002821l_1_region	1227610	2277987	1.86	0	14
ptg002823l_1	349323	967599	2.77	0	12
ptg002823l_1_region	349323	967599	2.77	0	12
ptg002825l_1	527350	3526721	6.69	0	453
ptg002825l_1_region	527350	3526721	6.69	0	453
ptg002826l_1	1189244	4212456	3.54	0	26
ptg002826l_1_region	1189244	4212456	3.54	0	26
ptg002833l_1	279059	1162165	4.16	0	10
ptg002833l_1_region	279059	1162165	4.16	0	10
ptg002835l_1	259021	733921	2.83	0	13
ptg002835l_1_region	259021	733921	2.83	0	13
ptg002837l_1	284762	1040349	3.65	0	11
ptg002837l_1_region	284762	1040349	3.65	0	11
ptg002838l_1	814271	1616739	1.99	0	9
ptg002838l_1_region	814271	1616739	1.99	0	9
ptg002839l_1	141449	388351	2.75	0	8
ptg002839l_1_region	141449	388351	2.75	0	8
ptg002840l_1	96201	120995	1.26	0	4
ptg002840l_1_region	96201	120995	1.26	0	4
ptg002842l_1	255704	950118	3.72	0	12
ptg002842l_1_region	255704	950118	3.72	0	12
ptg002843l_1	403317	1319341	3.27	0	9
ptg002843l_1_region	403317	1319341	3.27	0	9
ptg002844l_1	814112	2824607	3.47	0	11
ptg002844l_1_region	814112	2824607	3.47	0	11
ptg002845l_1	828424	3674031	4.43	0	18
ptg002845l_1_region	828424	3674031	4.43	0	18
ptg002848l_1	674272	1033394	1.53	0	186
ptg002848l_1_region	674272	1033394	1.53	0	186
ptg002849l_1	464705	1007171	2.17	0	13
ptg002849l_1_region	464705	1007171	2.17	0	13
ptg002850l_1	315774	834166	2.64	0	10
ptg002850l_1_region	315774	834166	2.64	0	10
ptg002851l_1	306831	922253	3.01	0	11
ptg002851l_1_region	306831	922253	3.01	0	11
ptg002852l_1	526373	2040928	3.88	0	16
ptg002852l_1_region	526373	2040928	3.88	0	16
ptg002853l_1	310201	517503	1.67	0	10
ptg002853l_1_region	310201	517503	1.67	0	10
ptg002854l_1	738992	1662065	2.25	0	20
ptg002854l_1_region	738992	1662065	2.25	0	20
ptg002856l_1	18283	44258	2.42	0	4
ptg002856l_1_region	18283	44258	2.42	0	4
ptg002857l_1	336216	916449	2.73	0	10
ptg002857l_1_region	336216	916449	2.73	0	10
ptg002858l_1	706378	2189503	3.10	0	11
ptg002858l_1_region	706378	2189503	3.10	0	11
ptg002860l_1	227090	912523	4.02	0	16
ptg002860l_1_region	227090	912523	4.02	0	16
ptg002861l_1	274029	450029	1.64	0	7
ptg002861l_1_region	274029	450029	1.64	0	7
ptg002864l_1	601973	2260925	3.76	0	12
ptg002864l_1_region	601973	2260925	3.76	0	12
ptg002865l_1	1330794	3901795	2.93	0	19
ptg002865l_1_region	1330794	3901795	2.93	0	19
ptg002866l_1	436545	981276	2.25	0	11
ptg002866l_1_region	436545	981276	2.25	0	11
ptg002867l_1	287648	865310	3.01	0	12
ptg002867l_1_region	287648	865310	3.01	0	12
ptg002868l_1	233639	794668	3.40	0	10
ptg002868l_1_region	233639	794668	3.40	0	10
ptg002871l_1	373406	903499	2.42	0	10
ptg002871l_1_region	373406	903499	2.42	0	10
ptg002873l_1	172183	656758	3.81	0	14
ptg002873l_1_region	172183	656758	3.81	0	14
ptg002874l_1	250820	868192	3.46	0	9
ptg002874l_1_region	250820	868192	3.46	0	9
ptg002875l_1	425368	1861624	4.38	0	13
ptg002875l_1_region	425368	1861624	4.38	0	13
ptg002877l_1	1583729	5642425	3.56	0	15
ptg002877l_1_region	1583729	5642425	3.56	0	15
ptg002878l_1	308259	1046855	3.40	0	10
ptg002878l_1_region	308259	1046855	3.40	0	10
ptg002879l_1	205096	695045	3.39	0	8
ptg002879l_1_region	205096	695045	3.39	0	8
ptg002881l_1	241903	579558	2.40	0	8
ptg002881l_1_region	241903	579558	2.40	0	8
ptg002882l_1	235155	524486	2.23	0	8
ptg002882l_1_region	235155	524486	2.23	0	8
ptg002884l_1	266772	822820	3.08	0	11
ptg002884l_1_region	266772	822820	3.08	0	11
ptg002886l_1	638744	2039870	3.19	0	10
ptg002886l_1_region	638744	2039870	3.19	0	10
ptg002887l_1	1966063	7662065	3.90	0	17
ptg002887l_1_region	1966063	7662065	3.90	0	17
ptg002889l_1	316396	749131	2.37	0	11
ptg002889l_1_region	316396	749131	2.37	0	11
ptg002890l_1	89558	261959	2.93	0	7
ptg002890l_1_region	89558	261959	2.93	0	7
ptg002892l_1	26322	93809	3.56	0	8
ptg002892l_1_region	26322	93809	3.56	0	8
ptg002893l_1	2477986	8198012	3.31	0	20
ptg002893l_1_region	2477986	8198012	3.31	0	20
ptg002894l_1	73818	138204	1.87	0	7
ptg002894l_1_region	73818	138204	1.87	0	7
ptg002896l_1	497150	1055477	2.12	0	11
ptg002896l_1_region	497150	1055477	2.12	0	11
ptg002897l_1	28825	77939	2.70	0	6
ptg002897l_1_region	28825	77939	2.70	0	6
ptg002898l_1	754678	2386836	3.16	0	14
ptg002898l_1_region	754678	2386836	3.16	0	14
ptg002901l_1	565949	1485811	2.63	0	8
ptg002901l_1_region	565949	1485811	2.63	0	8
ptg002903l_1	500509	1377591	2.75	0	18
ptg002903l_1_region	500509	1377591	2.75	0	18
ptg002905l_1	307342	1359452	4.42	0	34
ptg002905l_1_region	307342	1359452	4.42	0	34
ptg002906l_1	695204	2014064	2.90	0	10
ptg002906l_1_region	695204	2014064	2.90	0	10
ptg002908l_1	253110	556359	2.20	0	11
ptg002908l_1_region	253110	556359	2.20	0	11
ptg002909l_1	231814	784469	3.38	0	12
ptg002909l_1_region	231814	784469	3.38	0	12
ptg002912l_1	614109	996915	1.62	0	18
ptg002912l_1_region	614109	996915	1.62	0	18
ptg002914l_1	475465	985439	2.07	0	31
ptg002914l_1_region	475465	985439	2.07	0	31
ptg002915l_1	38520	73894	1.92	0	5
ptg002915l_1_region	38520	73894	1.92	0	5
ptg002916l_1	176151	348053	1.98	0	44
ptg002916l_1_region	176151	348053	1.98	0	44
ptg002917l_1	243026	704605	2.90	0	11
ptg002917l_1_region	243026	704605	2.90	0	11
ptg002919l_1	505932	1799546	3.56	0	9
ptg002919l_1_region	505932	1799546	3.56	0	9
ptg002920l_1	725595	1708873	2.36	0	8
ptg002920l_1_region	725595	1708873	2.36	0	8
ptg002921l_1	199894	554352	2.77	0	9
ptg002921l_1_region	199894	554352	2.77	0	9
ptg002922l_1	255872	760983	2.97	0	16
ptg002922l_1_region	255872	760983	2.97	0	16
ptg002924l_1	379284	1428677	3.77	0	21
ptg002924l_1_region	379284	1428677	3.77	0	21
ptg002925l_1	300487	1065915	3.55	0	11
ptg002925l_1_region	300487	1065915	3.55	0	11
ptg002926l_1	548776	1913434	3.49	0	10
ptg002926l_1_region	548776	1913434	3.49	0	10
ptg002928l_1	698985	1510428	2.16	0	9
ptg002928l_1_region	698985	1510428	2.16	0	9
ptg002929l_1	52721	100641	1.91	0	6
ptg002929l_1_region	52721	100641	1.91	0	6
ptg002930l_1	31254	42609	1.36	0	5
ptg002930l_1_region	31254	42609	1.36	0	5
ptg002933l_1	102805	316253	3.08	0	9
ptg002933l_1_region	102805	316253	3.08	0	9
ptg002934l_1	231185	538403	2.33	0	7
ptg002934l_1_region	231185	538403	2.33	0	7
ptg002935l_1	276975	590033	2.13	0	8
ptg002935l_1_region	276975	590033	2.13	0	8
ptg002937l_1	119100	170525	1.43	0	8
ptg002937l_1_region	119100	170525	1.43	0	8
ptg002939l_1	234640	735361	3.13	0	12
ptg002939l_1_region	234640	735361	3.13	0	12
ptg002942l_1	422856	1293970	3.06	0	14
ptg002942l_1_region	422856	1293970	3.06	0	14
ptg002943l_1	212671	451714	2.12	0	9
ptg002943l_1_region	212671	451714	2.12	0	9
ptg002946l_1	36982	60618	1.64	0	7
ptg002946l_1_region	36982	60618	1.64	0	7
ptg002948l_1	326347	1153789	3.54	0	9
ptg002948l_1_region	326347	1153789	3.54	0	9
ptg002949l_1	201198	454703	2.26	0	8
ptg002949l_1_region	201198	454703	2.26	0	8
ptg002951l_1	84545	238599	2.82	0	9
ptg002951l_1_region	84545	238599	2.82	0	9
ptg002952l_1	51605	26144	0.51	0	3
ptg002952l_1_region	51605	26144	0.51	0	3
ptg002953l_1	260774	831680	3.19	0	11
ptg002953l_1_region	260774	831680	3.19	0	11
ptg002954l_1	907567	2940708	3.24	0	16
ptg002954l_1_region	907567	2940708	3.24	0	16
ptg002955l_1	18030	28794	1.60	0	5
ptg002955l_1_region	18030	28794	1.60	0	5
ptg002956l_1	750790	2773353	3.69	0	13
ptg002956l_1_region	750790	2773353	3.69	0	13
ptg002958l_1	284790	750344	2.63	0	9
ptg002958l_1_region	284790	750344	2.63	0	9
ptg002965l_1	187430	605751	3.23	0	14
ptg002965l_1_region	187430	605751	3.23	0	14
ptg002967l_1	112334	149045	1.33	0	9
ptg002967l_1_region	112334	149045	1.33	0	9
ptg002968l_1	65625	229078	3.49	0	13
ptg002968l_1_region	65625	229078	3.49	0	13
ptg002969l_1	218321	808627	3.70	0	14
ptg002969l_1_region	218321	808627	3.70	0	14
ptg002973l_1	343197	942117	2.75	0	7
ptg002973l_1_region	343197	942117	2.75	0	7
ptg002975l_1	194381	675294	3.47	0	10
ptg002975l_1_region	194381	675294	3.47	0	10
ptg002976l_1	590729	2224754	3.77	0	13
ptg002976l_1_region	590729	2224754	3.77	0	13
ptg002977l_1	550364	1769330	3.21	0	23
ptg002977l_1_region	550364	1769330	3.21	0	23
ptg002979l_1	613528	2189244	3.57	0	12
ptg002979l_1_region	613528	2189244	3.57	0	12
ptg002981l_1	283107	8366993	29.55	0	148
ptg002981l_1_region	283107	8366993	29.55	0	148
ptg002983l_1	302726	843325	2.79	0	12
ptg002983l_1_region	302726	843325	2.79	0	12
ptg002985l_1	125926	200837	1.59	0	8
ptg002985l_1_region	125926	200837	1.59	0	8
ptg002986l_1	1482496	4651494	3.14	0	11
ptg002986l_1_region	1482496	4651494	3.14	0	11
ptg002987l_1	831456	2907275	3.50	0	11
ptg002987l_1_region	831456	2907275	3.50	0	11
ptg002992l_1	288771	786988	2.73	0	10
ptg002992l_1_region	288771	786988	2.73	0	10
ptg002993l_1	324007	1692165	5.22	0	93
ptg002993l_1_region	324007	1692165	5.22	0	93
ptg002997l_1	100707	198284	1.97	0	6
ptg002997l_1_region	100707	198284	1.97	0	6
ptg002999l_1	714534	1453041	2.03	0	22
ptg002999l_1_region	714534	1453041	2.03	0	22
ptg003000l_1	29891	86053	2.88	0	6
ptg003000l_1_region	29891	86053	2.88	0	6
ptg003003l_1	187478	433232	2.31	0	9
ptg003003l_1_region	187478	433232	2.31	0	9
ptg003006l_1	102077	181259	1.78	0	7
ptg003006l_1_region	102077	181259	1.78	0	7
ptg003008l_1	223466	783398	3.51	0	9
ptg003008l_1_region	223466	783398	3.51	0	9
ptg003012l_1	653250	1496172	2.29	0	9
ptg003012l_1_region	653250	1496172	2.29	0	9
ptg003014l_1	196510	432524	2.20	0	10
ptg003014l_1_region	196510	432524	2.20	0	10
ptg003015l_1	599431	1782393	2.97	0	10
ptg003015l_1_region	599431	1782393	2.97	0	10
ptg003017l_1	841695	1614234	1.92	0	17
ptg003017l_1_region	841695	1614234	1.92	0	17
ptg003018l_1	927015	2582278	2.79	0	14
ptg003018l_1_region	927015	2582278	2.79	0	14
ptg003019l_1	473356	1286096	2.72	0	11
ptg003019l_1_region	473356	1286096	2.72	0	11
ptg003021l_1	456709	727461	1.59	0	6
ptg003021l_1_region	456709	727461	1.59	0	6
ptg003023l_1	199552	351707	1.76	0	7
ptg003023l_1_region	199552	351707	1.76	0	7
ptg003024l_1	58592	86359	1.47	0	7
ptg003024l_1_region	58592	86359	1.47	0	7
ptg003025l_1	88247	274762	3.11	0	16
ptg003025l_1_region	88247	274762	3.11	0	16
ptg003026l_1	37892	157521	4.16	0	13
ptg003026l_1_region	37892	157521	4.16	0	13
ptg003027l_1	421493	999783	2.37	0	10
ptg003027l_1_region	421493	999783	2.37	0	10
ptg003028l_1	209323	347774	1.66	0	16
ptg003028l_1_region	209323	347774	1.66	0	16
ptg003029l_1	224105	439132	1.96	0	8
ptg003029l_1_region	224105	439132	1.96	0	8
ptg003031l_1	727919	1880405	2.58	0	13
ptg003031l_1_region	727919	1880405	2.58	0	13
ptg003032l_1	595015	2409237	4.05	0	19
ptg003032l_1_region	595015	2409237	4.05	0	19
ptg003033l_1	256665	640841	2.50	0	10
ptg003033l_1_region	256665	640841	2.50	0	10
ptg003034l_1	684286	1533455	2.24	0	10
ptg003034l_1_region	684286	1533455	2.24	0	10
ptg003036l_1	324317	864203	2.66	0	16
ptg003036l_1_region	324317	864203	2.66	0	16
ptg003037l_1	634871	1761645	2.77	0	11
ptg003037l_1_region	634871	1761645	2.77	0	11
ptg003039l_1	94392	187152	1.98	0	6
ptg003039l_1_region	94392	187152	1.98	0	6
ptg003040l_1	978893	2740470	2.80	0	13
ptg003040l_1_region	978893	2740470	2.80	0	13
ptg003041l_1	249403	722913	2.90	0	8
ptg003041l_1_region	249403	722913	2.90	0	8
ptg003042l_1	188836	592998	3.14	0	9
ptg003042l_1_region	188836	592998	3.14	0	9
ptg003043l_1	185862	591418	3.18	0	14
ptg003043l_1_region	185862	591418	3.18	0	14
ptg003045l_1	262074	980106	3.74	0	15
ptg003045l_1_region	262074	980106	3.74	0	15
ptg003049l_1	370093	1146562	3.10	0	11
ptg003049l_1_region	370093	1146562	3.10	0	11
ptg003050l_1	90193	236220	2.62	0	7
ptg003050l_1_region	90193	236220	2.62	0	7
ptg003051l_1	235673	998545	4.24	0	14
ptg003051l_1_region	235673	998545	4.24	0	14
ptg003052l_1	196788	321939	1.64	0	7
ptg003052l_1_region	196788	321939	1.64	0	7
ptg003056l_1	203542	520146	2.56	0	8
ptg003056l_1_region	203542	520146	2.56	0	8
ptg003057l_1	96341	121696	1.26	0	6
ptg003057l_1_region	96341	121696	1.26	0	6
ptg003058l_1	622946	1285617	2.06	0	40
ptg003058l_1_region	622946	1285617	2.06	0	40
ptg003059l_1	642230	1891931	2.95	0	17
ptg003059l_1_region	642230	1891931	2.95	0	17
ptg003061l_1	1301552	3998484	3.07	0	14
ptg003061l_1_region	1301552	3998484	3.07	0	14
ptg003067l_1	434520	1378358	3.17	0	14
ptg003067l_1_region	434520	1378358	3.17	0	14
ptg003068l_1	167978	442518	2.63	0	18
ptg003068l_1_region	167978	442518	2.63	0	18
ptg003069l_1	392164	863143	2.20	0	11
ptg003069l_1_region	392164	863143	2.20	0	11
ptg003070l_1	1365275	4680210	3.43	0	11
ptg003070l_1_region	1365275	4680210	3.43	0	11
ptg003071l_1	384953	775743	2.02	0	17
ptg003071l_1_region	384953	775743	2.02	0	17
ptg003074l_1	438358	1656492	3.78	0	15
ptg003074l_1_region	438358	1656492	3.78	0	15
ptg003075l_1	254537	463932	1.82	0	9
ptg003075l_1_region	254537	463932	1.82	0	9
ptg003076l_1	240206	139596	0.58	0	7
ptg003076l_1_region	240206	139596	0.58	0	7
ptg003077l_1	698027	4075447	5.84	0	52
ptg003077l_1_region	698027	4075447	5.84	0	52
ptg003078l_1	217632	538444	2.47	0	8
ptg003078l_1_region	217632	538444	2.47	0	8
ptg003079l_1	695564	1542706	2.22	0	10
ptg003079l_1_region	695564	1542706	2.22	0	10
ptg003080l_1	256801	591150	2.30	0	18
ptg003080l_1_region	256801	591150	2.30	0	18
ptg003083l_1	178576	653970	3.66	0	11
ptg003083l_1_region	178576	653970	3.66	0	11
ptg003084l_1	91468	291664	3.19	0	13
ptg003084l_1_region	91468	291664	3.19	0	13
ptg003085l_1	827285	2018056	2.44	0	14
ptg003085l_1_region	827285	2018056	2.44	0	14
ptg003086l_1	292176	444886	1.52	0	16
ptg003086l_1_region	292176	444886	1.52	0	16
ptg003087l_1	335056	1104302	3.30	0	29
ptg003087l_1_region	335056	1104302	3.30	0	29
ptg003088l_1	474957	1479470	3.11	0	12
ptg003088l_1_region	474957	1479470	3.11	0	12
ptg003092l_1	459322	828251	1.80	0	10
ptg003092l_1_region	459322	828251	1.80	0	10
ptg003093l_1	293622	567772	1.93	0	9
ptg003093l_1_region	293622	567772	1.93	0	9
ptg003098l_1	612268	1888581	3.08	0	10
ptg003098l_1_region	612268	1888581	3.08	0	10
ptg003099l_1	89564	183530	2.05	0	9
ptg003099l_1_region	89564	183530	2.05	0	9
ptg003100l_1	42366	123896	2.92	0	13
ptg003100l_1_region	42366	123896	2.92	0	13
ptg003104l_1	189340	385701	2.04	0	18
ptg003104l_1_region	189340	385701	2.04	0	18
ptg003105l_1	350386	1069857	3.05	0	14
ptg003105l_1_region	350386	1069857	3.05	0	14
ptg003106l_1	371156	1225744	3.30	0	10
ptg003106l_1_region	371156	1225744	3.30	0	10
ptg003108l_1	321236	523591	1.63	0	11
ptg003108l_1_region	321236	523591	1.63	0	11
ptg003111l_1	504553	1708857	3.39	0	13
ptg003111l_1_region	504553	1708857	3.39	0	13
ptg003113l_1	455336	906512	1.99	0	10
ptg003113l_1_region	455336	906512	1.99	0	10
ptg003114l_1	398642	932232	2.34	0	12
ptg003114l_1_region	398642	932232	2.34	0	12
ptg003115l_1	152803	448530	2.94	0	19
ptg003115l_1_region	152803	448530	2.94	0	19
ptg003116l_1	107588	179706	1.67	0	5
ptg003116l_1_region	107588	179706	1.67	0	5
ptg003117l_1	63300	243655	3.85	0	21
ptg003117l_1_region	63300	243655	3.85	0	21
ptg003118l_1	28703	25058	0.87	0	3
ptg003118l_1_region	28703	25058	0.87	0	3
ptg003119l_1	840730	1818951	2.16	0	10
ptg003119l_1_region	840730	1818951	2.16	0	10
ptg003121l_1	150766	331695	2.20	0	20
ptg003121l_1_region	150766	331695	2.20	0	20
ptg003123l_1	749735	3033657	4.05	0	12
ptg003123l_1_region	749735	3033657	4.05	0	12
ptg003125l_1	38378	92388	2.41	0	7
ptg003125l_1_region	38378	92388	2.41	0	7
ptg003127l_1	433826	1465609	3.38	0	13
ptg003127l_1_region	433826	1465609	3.38	0	13
ptg003131l_1	527823	1179562	2.23	0	13
ptg003131l_1_region	527823	1179562	2.23	0	13
ptg003132l_1	644629	1263009	1.96	0	7
ptg003132l_1_region	644629	1263009	1.96	0	7
ptg003133l_1	115277	248699	2.16	0	8
ptg003133l_1_region	115277	248699	2.16	0	8
ptg003134l_1	1041659	4076923	3.91	0	12
ptg003134l_1_region	1041659	4076923	3.91	0	12
ptg003136l_1	346314	1024226	2.96	0	12
ptg003136l_1_region	346314	1024226	2.96	0	12
ptg003137l_1	155060	440454	2.84	0	8
ptg003137l_1_region	155060	440454	2.84	0	8
ptg003139l_1	890844	3574013	4.01	0	12
ptg003139l_1_region	890844	3574013	4.01	0	12
ptg003141l_1	882401	3200814	3.63	0	25
ptg003141l_1_region	882401	3200814	3.63	0	25
ptg003144l_1	778745	2436015	3.13	0	13
ptg003144l_1_region	778745	2436015	3.13	0	13
ptg003148l_1	79040	125912	1.59	0	5
ptg003148l_1_region	79040	125912	1.59	0	5
ptg003149l_1	167368	267586	1.60	0	6
ptg003149l_1_region	167368	267586	1.60	0	6
ptg003151l_1	714812	4207807	5.89	0	139
ptg003151l_1_region	714812	4207807	5.89	0	139
ptg003152l_1	567416	1279064	2.25	0	17
ptg003152l_1_region	567416	1279064	2.25	0	17
ptg003153l_1	454350	1401373	3.08	0	11
ptg003153l_1_region	454350	1401373	3.08	0	11
ptg003154l_1	127781	327817	2.57	0	7
ptg003154l_1_region	127781	327817	2.57	0	7
ptg003155l_1	243775	780001	3.20	0	9
ptg003155l_1_region	243775	780001	3.20	0	9
ptg003156l_1	95108	282830	2.97	0	9
ptg003156l_1_region	95108	282830	2.97	0	9
ptg003157l_1	89940	191875	2.13	0	8
ptg003157l_1_region	89940	191875	2.13	0	8
ptg003158l_1	853556	2611042	3.06	0	11
ptg003158l_1_region	853556	2611042	3.06	0	11
ptg003159l_1	321044	858646	2.67	0	13
ptg003159l_1_region	321044	858646	2.67	0	13
ptg003160l_1	260367	937073	3.60	0	11
ptg003160l_1_region	260367	937073	3.60	0	11
ptg003163l_1	92950	314851	3.39	0	10
ptg003163l_1_region	92950	314851	3.39	0	10
ptg003167l_1	884459	2278064	2.58	0	16
ptg003167l_1_region	884459	2278064	2.58	0	16
ptg003168l_1	84549	336071	3.97	0	12
ptg003168l_1_region	84549	336071	3.97	0	12
ptg003169l_1	614328	1433034	2.33	0	10
ptg003169l_1_region	614328	1433034	2.33	0	10
ptg003170l_1	381578	989654	2.59	0	12
ptg003170l_1_region	381578	989654	2.59	0	12
ptg003171l_1	419340	1317205	3.14	0	10
ptg003171l_1_region	419340	1317205	3.14	0	10
ptg003173l_1	103944	213983	2.06	0	8
ptg003173l_1_region	103944	213983	2.06	0	8
ptg003174l_1	249782	170653	0.68	0	4
ptg003174l_1_region	249782	170653	0.68	0	4
ptg003175l_1	687441	1887356	2.75	0	10
ptg003175l_1_region	687441	1887356	2.75	0	10
ptg003178l_1	215012	371306	1.73	0	9
ptg003178l_1_region	215012	371306	1.73	0	9
ptg003180l_1	389635	1146381	2.94	0	10
ptg003180l_1_region	389635	1146381	2.94	0	10
ptg003181l_1	168452	324307	1.93	0	9
ptg003181l_1_region	168452	324307	1.93	0	9
ptg003183l_1	285805	934343	3.27	0	15
ptg003183l_1_region	285805	934343	3.27	0	15
ptg003185l_1	837942	3168982	3.78	0	10
ptg003185l_1_region	837942	3168982	3.78	0	10
ptg003186l_1	411410	774852	1.88	0	11
ptg003186l_1_region	411410	774852	1.88	0	11
ptg003189l_1	1516138	5212391	3.44	0	11
ptg003189l_1_region	1516138	5212391	3.44	0	11
ptg003190l_1	401154	1448116	3.61	0	13
ptg003190l_1_region	401154	1448116	3.61	0	13
ptg003193l_1	101281	240970	2.38	0	6
ptg003193l_1_region	101281	240970	2.38	0	6
ptg003194l_1	558000	1131876	2.03	0	11
ptg003194l_1_region	558000	1131876	2.03	0	11
ptg003195l_1	549103	1373925	2.50	0	12
ptg003195l_1_region	549103	1373925	2.50	0	12
ptg003196l_1	373784	1333140	3.57	0	14
ptg003196l_1_region	373784	1333140	3.57	0	14
ptg003197l_1	261764	649310	2.48	0	11
ptg003197l_1_region	261764	649310	2.48	0	11
ptg003198l_1	252142	760466	3.02	0	16
ptg003198l_1_region	252142	760466	3.02	0	16
ptg003200l_1	1117629	906321	0.81	0	25
ptg003200l_1_region	1117629	906321	0.81	0	25
ptg003202l_1	1268443	12735883	10.04	0	92
ptg003202l_1_region	1268443	12735883	10.04	0	92
ptg003203l_1	85324	257594	3.02	0	10
ptg003203l_1_region	85324	257594	3.02	0	10
ptg003204l_1	156915	416624	2.66	0	11
ptg003204l_1_region	156915	416624	2.66	0	11
ptg003206l_1	441080	1284737	2.91	0	11
ptg003206l_1_region	441080	1284737	2.91	0	11
ptg003209l_1	355934	578727	1.63	0	15
ptg003209l_1_region	355934	578727	1.63	0	15
ptg003211l_1	145875	361035	2.47	0	7
ptg003211l_1_region	145875	361035	2.47	0	7
ptg003212l_1	171258	393910	2.30	0	12
ptg003212l_1_region	171258	393910	2.30	0	12
ptg003213l_1	88161	239079	2.71	0	11
ptg003213l_1_region	88161	239079	2.71	0	11
ptg003214l_1	439839	1726415	3.93	0	10
ptg003214l_1_region	439839	1726415	3.93	0	10
ptg003216l_1	539930	4311542	7.99	0	37
ptg003216l_1_region	539930	4311542	7.99	0	37
ptg003217l_1	267892	704492	2.63	0	9
ptg003217l_1_region	267892	704492	2.63	0	9
ptg003219l_1	102167	283769	2.78	0	7
ptg003219l_1_region	102167	283769	2.78	0	7
ptg003220l_1	61835	100492	1.63	0	7
ptg003220l_1_region	61835	100492	1.63	0	7
ptg003222l_1	85235	224788	2.64	0	10
ptg003222l_1_region	85235	224788	2.64	0	10
ptg003226l_1	409248	1984721	4.85	0	52
ptg003226l_1_region	409248	1984721	4.85	0	52
ptg003227l_1	332996	1178543	3.54	0	9
ptg003227l_1_region	332996	1178543	3.54	0	9
ptg003228c_1	67057	392614	5.85	0	13
ptg003228c_1_region	67057	392614	5.85	0	13
ptg003229l_1	171120	383082	2.24	0	9
ptg003229l_1_region	171120	383082	2.24	0	9
ptg003231l_1	346427	1331838	3.84	0	16
ptg003231l_1_region	346427	1331838	3.84	0	16
ptg003232l_1	129529	351689	2.72	0	9
ptg003232l_1_region	129529	351689	2.72	0	9
ptg003234l_1	113108	221816	1.96	0	8
ptg003234l_1_region	113108	221816	1.96	0	8
ptg003235l_1	635648	1798466	2.83	0	12
ptg003235l_1_region	635648	1798466	2.83	0	12
ptg003236l_1	426032	1618169	3.80	0	16
ptg003236l_1_region	426032	1618169	3.80	0	16
ptg003240l_1	345847	784065	2.27	0	10
ptg003240l_1_region	345847	784065	2.27	0	10
ptg003241l_1	415916	1129375	2.72	0	12
ptg003241l_1_region	415916	1129375	2.72	0	12
ptg003244l_1	347871	1232039	3.54	0	11
ptg003244l_1_region	347871	1232039	3.54	0	11
ptg003245l_1	143631	335568	2.34	0	10
ptg003245l_1_region	143631	335568	2.34	0	10
ptg003247l_1	502812	1899817	3.78	0	15
ptg003247l_1_region	502812	1899817	3.78	0	15
ptg003248l_1	775814	1973473	2.54	0	16
ptg003248l_1_region	775814	1973473	2.54	0	16
ptg003249l_1	530657	2434774	4.59	0	231
ptg003249l_1_region	530657	2434774	4.59	0	231
ptg003250l_1	385208	659468	1.71	0	10
ptg003250l_1_region	385208	659468	1.71	0	10
ptg003252l_1	493296	1536463	3.11	0	17
ptg003252l_1_region	493296	1536463	3.11	0	17
ptg003253l_1	876987	2784632	3.18	0	11
ptg003253l_1_region	876987	2784632	3.18	0	11
ptg003256l_1	832059	2969829	3.57	0	13
ptg003256l_1_region	832059	2969829	3.57	0	13
ptg003257l_1	75011	116792	1.56	0	9
ptg003257l_1_region	75011	116792	1.56	0	9
ptg003259l_1	391903	1294642	3.30	0	9
ptg003259l_1_region	391903	1294642	3.30	0	9
ptg003261l_1	370463	1141339	3.08	0	11
ptg003261l_1_region	370463	1141339	3.08	0	11
ptg003263l_1	391197	1008783	2.58	0	12
ptg003263l_1_region	391197	1008783	2.58	0	12
ptg003266l_1	205766	413744	2.01	0	8
ptg003266l_1_region	205766	413744	2.01	0	8
ptg003267l_1	876139	2598810	2.97	0	11
ptg003267l_1_region	876139	2598810	2.97	0	11
ptg003268l_1	205853	500998	2.43	0	18
ptg003268l_1_region	205853	500998	2.43	0	18
ptg003269l_1	109831	272366	2.48	0	11
ptg003269l_1_region	109831	272366	2.48	0	11
ptg003270l_1	162969	668868	4.10	0	10
ptg003270l_1_region	162969	668868	4.10	0	10
ptg003271l_1	185574	504168	2.72	0	7
ptg003271l_1_region	185574	504168	2.72	0	7
ptg003272l_1	276816	380427	1.37	0	9
ptg003272l_1_region	276816	380427	1.37	0	9
ptg003273l_1	448700	2088907	4.66	0	17
ptg003273l_1_region	448700	2088907	4.66	0	17
ptg003274l_1	575272	2205063	3.83	0	13
ptg003274l_1_region	575272	2205063	3.83	0	13
ptg003278l_1	883758	1034051	1.17	0	10
ptg003278l_1_region	883758	1034051	1.17	0	10
ptg003279l_1	441730	908801	2.06	0	9
ptg003279l_1_region	441730	908801	2.06	0	9
ptg003280l_1	146741	259041	1.77	0	9
ptg003280l_1_region	146741	259041	1.77	0	9
ptg003283l_1	282722	872339	3.09	0	11
ptg003283l_1_region	282722	872339	3.09	0	11
ptg003287l_1	138886	301794	2.17	0	10
ptg003287l_1_region	138886	301794	2.17	0	10
ptg003289l_1	861957	2261553	2.62	0	12
ptg003289l_1_region	861957	2261553	2.62	0	12
ptg003290l_1	789386	3579100	4.53	0	21
ptg003290l_1_region	789386	3579100	4.53	0	21
ptg003291l_1	229186	394806	1.72	0	6
ptg003291l_1_region	229186	394806	1.72	0	6
ptg003292l_1	337855	597206	1.77	0	6
ptg003292l_1_region	337855	597206	1.77	0	6
ptg003296l_1	701752	3557488	5.07	0	104
ptg003296l_1_region	701752	3557488	5.07	0	104
ptg003298l_1	686878	2031702	2.96	0	15
ptg003298l_1_region	686878	2031702	2.96	0	15
ptg003299l_1	316359	1156451	3.66	0	18
ptg003299l_1_region	316359	1156451	3.66	0	18
ptg003300l_1	874271	2860949	3.27	0	25
ptg003300l_1_region	874271	2860949	3.27	0	25
ptg003301l_1	882712	2594851	2.94	0	15
ptg003301l_1_region	882712	2594851	2.94	0	15
ptg003302l_1	663243	1306254	1.97	0	8
ptg003302l_1_region	663243	1306254	1.97	0	8
ptg003303l_1	548745	1904217	3.47	0	11
ptg003303l_1_region	548745	1904217	3.47	0	11
ptg003304l_1	722478	2553428	3.53	0	12
ptg003304l_1_region	722478	2553428	3.53	0	12
ptg003305l_1	365944	1180073	3.22	0	11
ptg003305l_1_region	365944	1180073	3.22	0	11
ptg003306l_1	330750	836768	2.53	0	12
ptg003306l_1_region	330750	836768	2.53	0	12
ptg003307l_1	312339	855136	2.74	0	13
ptg003307l_1_region	312339	855136	2.74	0	13
ptg003310l_1	1556869	4930496	3.17	0	11
ptg003310l_1_region	1556869	4930496	3.17	0	11
ptg003311l_1	106389	390729	3.67	0	7
ptg003311l_1_region	106389	390729	3.67	0	7
ptg003312l_1	1193264	3858514	3.23	0	15
ptg003312l_1_region	1193264	3858514	3.23	0	15
ptg003313l_1	312260	452575	1.45	0	5
ptg003313l_1_region	312260	452575	1.45	0	5
ptg003315l_1	805316	2142009	2.66	0	12
ptg003315l_1_region	805316	2142009	2.66	0	12
ptg003316l_1	81571	212263	2.60	0	7
ptg003316l_1_region	81571	212263	2.60	0	7
ptg003317l_1	452097	1497556	3.31	0	11
ptg003317l_1_region	452097	1497556	3.31	0	11
ptg003318l_1	112902	196442	1.74	0	6
ptg003318l_1_region	112902	196442	1.74	0	6
ptg003319l_1	596436	481849	0.81	0	12
ptg003319l_1_region	596436	481849	0.81	0	12
ptg003320l_1	205516	584436	2.84	0	9
ptg003320l_1_region	205516	584436	2.84	0	9
ptg003321l_1	857940	2379962	2.77	0	19
ptg003321l_1_region	857940	2379962	2.77	0	19
ptg003323l_1	456410	1578412	3.46	0	12
ptg003323l_1_region	456410	1578412	3.46	0	12
ptg003326l_1	122048	161323	1.32	0	11
ptg003326l_1_region	122048	161323	1.32	0	11
ptg003327l_1	64515	192447	2.98	0	8
ptg003327l_1_region	64515	192447	2.98	0	8
ptg003328l_1	787942	2635868	3.35	0	11
ptg003328l_1_region	787942	2635868	3.35	0	11
ptg003331l_1	775741	2736760	3.53	0	13
ptg003331l_1_region	775741	2736760	3.53	0	13
ptg003332l_1	491238	2140492	4.36	0	17
ptg003332l_1_region	491238	2140492	4.36	0	17
ptg003333l_1	136365	338834	2.48	0	10
ptg003333l_1_region	136365	338834	2.48	0	10
ptg003334l_1	289095	625769	2.16	0	9
ptg003334l_1_region	289095	625769	2.16	0	9
ptg003335l_1	571912	1397875	2.44	0	11
ptg003335l_1_region	571912	1397875	2.44	0	11
ptg003336l_1	512715	1819297	3.55	0	10
ptg003336l_1_region	512715	1819297	3.55	0	10
ptg003337l_1	375550	894344	2.38	0	10
ptg003337l_1_region	375550	894344	2.38	0	10
ptg003338l_1	836562	2967458	3.55	0	67
ptg003338l_1_region	836562	2967458	3.55	0	67
ptg003339l_1	87239	158381	1.82	0	5
ptg003339l_1_region	87239	158381	1.82	0	5
ptg003340l_1	405603	1019018	2.51	0	8
ptg003340l_1_region	405603	1019018	2.51	0	8
ptg003341l_1	1694996	6089104	3.59	0	17
ptg003341l_1_region	1694996	6089104	3.59	0	17
ptg003343l_1	600274	1719329	2.86	0	23
ptg003343l_1_region	600274	1719329	2.86	0	23
ptg003344l_1	684255	1704447	2.49	0	11
ptg003344l_1_region	684255	1704447	2.49	0	11
ptg003346l_1	511551	1197494	2.34	0	11
ptg003346l_1_region	511551	1197494	2.34	0	11
ptg003348l_1	710928	2002705	2.82	0	12
ptg003348l_1_region	710928	2002705	2.82	0	12
ptg003349l_1	300097	411134	1.37	0	26
ptg003349l_1_region	300097	411134	1.37	0	26
ptg003350l_1	1179248	3397189	2.88	0	13
ptg003350l_1_region	1179248	3397189	2.88	0	13
ptg003352l_1	115056	162407	1.41	0	8
ptg003352l_1_region	115056	162407	1.41	0	8
ptg003354l_1	81134	217458	2.68	0	9
ptg003354l_1_region	81134	217458	2.68	0	9
ptg003357l_1	568955	927119	1.63	0	18
ptg003357l_1_region	568955	927119	1.63	0	18
ptg003359l_1	59701	124768	2.09	0	5
ptg003359l_1_region	59701	124768	2.09	0	5
ptg003361l_1	628796	1524740	2.42	0	10
ptg003361l_1_region	628796	1524740	2.42	0	10
ptg003364l_1	825128	2317175	2.81	0	31
ptg003364l_1_region	825128	2317175	2.81	0	31
ptg003367l_1	474507	1422939	3.00	0	9
ptg003367l_1_region	474507	1422939	3.00	0	9
ptg003368l_1	101231	112756	1.11	0	4
ptg003368l_1_region	101231	112756	1.11	0	4
ptg003370l_1	758876	1722427	2.27	0	16
ptg003370l_1_region	758876	1722427	2.27	0	16
ptg003371l_1	645725	1330794	2.06	0	8
ptg003371l_1_region	645725	1330794	2.06	0	8
ptg003380l_1	80070	201568	2.52	0	26
ptg003380l_1_region	80070	201568	2.52	0	26
ptg003381l_1	500556	1483854	2.96	0	11
ptg003381l_1_region	500556	1483854	2.96	0	11
ptg003382l_1	452948	1329338	2.93	0	12
ptg003382l_1_region	452948	1329338	2.93	0	12
ptg003383l_1	305179	600481	1.97	0	15
ptg003383l_1_region	305179	600481	1.97	0	15
ptg003384l_1	308926	885628	2.87	0	10
ptg003384l_1_region	308926	885628	2.87	0	10
ptg003385l_1	337333	1022981	3.03	0	10
ptg003385l_1_region	337333	1022981	3.03	0	10
ptg003386l_1	205874	614319	2.98	0	11
ptg003386l_1_region	205874	614319	2.98	0	11
ptg003387l_1	722832	2391057	3.31	0	13
ptg003387l_1_region	722832	2391057	3.31	0	13
ptg003388l_1	478178	1233679	2.58	0	34
ptg003388l_1_region	478178	1233679	2.58	0	34
ptg003389l_1	211380	4145960	19.61	0	217
ptg003389l_1_region	211380	4145960	19.61	0	217
ptg003390l_1	660118	2411128	3.65	0	22
ptg003390l_1_region	660118	2411128	3.65	0	22
ptg003393l_1	376796	1443816	3.83	0	19
ptg003393l_1_region	376796	1443816	3.83	0	19
ptg003394l_1	77787	221144	2.84	0	10
ptg003394l_1_region	77787	221144	2.84	0	10
ptg003397l_1	253002	578547	2.29	0	8
ptg003397l_1_region	253002	578547	2.29	0	8
ptg003403l_1	451471	1009108	2.24	0	15
ptg003403l_1_region	451471	1009108	2.24	0	15
ptg003404l_1	55970	133717	2.39	0	7
ptg003404l_1_region	55970	133717	2.39	0	7
ptg003409l_1	344118	980963	2.85	0	13
ptg003409l_1_region	344118	980963	2.85	0	13
ptg003411l_1	905869	2271287	2.51	0	10
ptg003411l_1_region	905869	2271287	2.51	0	10
ptg003412l_1	880588	3141346	3.57	0	14
ptg003412l_1_region	880588	3141346	3.57	0	14
ptg003416l_1	667694	2561728	3.84	0	14
ptg003416l_1_region	667694	2561728	3.84	0	14
ptg003423l_1	476296	1213589	2.55	0	22
ptg003423l_1_region	476296	1213589	2.55	0	22
ptg003426l_1	858051	3152366	3.67	0	16
ptg003426l_1_region	858051	3152366	3.67	0	16
ptg003427l_1	843683	5818001	6.90	0	76
ptg003427l_1_region	843683	5818001	6.90	0	76
ptg003429l_1	337237	693360	2.06	0	14
ptg003429l_1_region	337237	693360	2.06	0	14
ptg003430l_1	1096244	4009186	3.66	0	12
ptg003430l_1_region	1096244	4009186	3.66	0	12
ptg003433l_1	168358	309614	1.84	0	8
ptg003433l_1_region	168358	309614	1.84	0	8
ptg003436l_1	1052238	2631792	2.50	0	10
ptg003436l_1_region	1052238	2631792	2.50	0	10
ptg003437l_1	451520	1477602	3.27	0	12
ptg003437l_1_region	451520	1477602	3.27	0	12
ptg003439l_1	565134	1280409	2.27	0	11
ptg003439l_1_region	565134	1280409	2.27	0	11
ptg003440l_1	327419	1296532	3.96	0	33
ptg003440l_1_region	327419	1296532	3.96	0	33
ptg003443l_1	524799	1815608	3.46	0	11
ptg003443l_1_region	524799	1815608	3.46	0	11
ptg003445l_1	36962	27932	0.76	0	2
ptg003445l_1_region	36962	27932	0.76	0	2
ptg003446l_1	1100633	3727241	3.39	0	19
ptg003446l_1_region	1100633	3727241	3.39	0	19
ptg003447l_1	164668	451292	2.74	0	7
ptg003447l_1_region	164668	451292	2.74	0	7
ptg003449l_1	882549	5918738	6.71	0	104
ptg003449l_1_region	882549	5918738	6.71	0	104
ptg003450l_1	149472	371366	2.48	0	21
ptg003450l_1_region	149472	371366	2.48	0	21
ptg003451l_1	169362	487702	2.88	0	10
ptg003451l_1_region	169362	487702	2.88	0	10
ptg003453l_1	596620	1410728	2.36	0	13
ptg003453l_1_region	596620	1410728	2.36	0	13
ptg003455l_1	265560	553372	2.08	0	8
ptg003455l_1_region	265560	553372	2.08	0	8
ptg003457l_1	323778	1033093	3.19	0	10
ptg003457l_1_region	323778	1033093	3.19	0	10
ptg003459l_1	378412	1184849	3.13	0	10
ptg003459l_1_region	378412	1184849	3.13	0	10
ptg003464l_1	13728	14443	1.05	0	3
ptg003464l_1_region	13728	14443	1.05	0	3
ptg003465l_1	527764	1857635	3.52	0	18
ptg003465l_1_region	527764	1857635	3.52	0	18
ptg003466l_1	367406	1106363	3.01	0	8
ptg003466l_1_region	367406	1106363	3.01	0	8
ptg003467l_1	564835	1191151	2.11	0	10
ptg003467l_1_region	564835	1191151	2.11	0	10
ptg003469l_1	257621	922429	3.58	0	25
ptg003469l_1_region	257621	922429	3.58	0	25
ptg003471l_1	292271	1269853	4.34	0	37
ptg003471l_1_region	292271	1269853	4.34	0	37
ptg003472l_1	571449	1561155	2.73	0	9
ptg003472l_1_region	571449	1561155	2.73	0	9
ptg003473l_1	351242	981283	2.79	0	41
ptg003473l_1_region	351242	981283	2.79	0	41
ptg003474l_1	187878	407178	2.17	0	8
ptg003474l_1_region	187878	407178	2.17	0	8
ptg003475l_1	93765	181540	1.94	0	7
ptg003475l_1_region	93765	181540	1.94	0	7
ptg003477l_1	84291	211032	2.50	0	6
ptg003477l_1_region	84291	211032	2.50	0	6
ptg003479l_1	2224084	8717789	3.92	0	14
ptg003479l_1_region	2224084	8717789	3.92	0	14
ptg003483l_1	110201	172586	1.57	0	10
ptg003483l_1_region	110201	172586	1.57	0	10
ptg003484l_1	102860	25819	0.25	0	6
ptg003484l_1_region	102860	25819	0.25	0	6
ptg003493l_1	214282	314981	1.47	0	8
ptg003493l_1_region	214282	314981	1.47	0	8
ptg003496l_1	448907	1565651	3.49	0	26
ptg003496l_1_region	448907	1565651	3.49	0	26
ptg003498l_1	175254	301218	1.72	0	7
ptg003498l_1_region	175254	301218	1.72	0	7
ptg003500l_1	308283	628435	2.04	0	9
ptg003500l_1_region	308283	628435	2.04	0	9
ptg003501l_1	182118	653705	3.59	0	18
ptg003501l_1_region	182118	653705	3.59	0	18
ptg003503l_1	359437	1420594	3.95	0	11
ptg003503l_1_region	359437	1420594	3.95	0	11
ptg003504l_1	336911	1241862	3.69	0	16
ptg003504l_1_region	336911	1241862	3.69	0	16
ptg003507l_1	354085	1089724	3.08	0	11
ptg003507l_1_region	354085	1089724	3.08	0	11
ptg003508l_1	1543310	3825444	2.48	0	12
ptg003508l_1_region	1543310	3825444	2.48	0	12
ptg003509l_1	212407	518648	2.44	0	10
ptg003509l_1_region	212407	518648	2.44	0	10
ptg003511l_1	85516	199469	2.33	0	6
ptg003511l_1_region	85516	199469	2.33	0	6
ptg003513l_1	264753	486523	1.84	0	11
ptg003513l_1_region	264753	486523	1.84	0	11
ptg003515l_1	143218	273088	1.91	0	7
ptg003515l_1_region	143218	273088	1.91	0	7
ptg003519l_1	121207	247809	2.04	0	7
ptg003519l_1_region	121207	247809	2.04	0	7
ptg003520l_1	83698	164160	1.96	0	9
ptg003520l_1_region	83698	164160	1.96	0	9
ptg003521l_1	190189	419826	2.21	0	7
ptg003521l_1_region	190189	419826	2.21	0	7
ptg003522l_1	209592	395146	1.89	0	7
ptg003522l_1_region	209592	395146	1.89	0	7
ptg003523l_1	194702	546869	2.81	0	9
ptg003523l_1_region	194702	546869	2.81	0	9
ptg003525l_1	132946	282680	2.13	0	7
ptg003525l_1_region	132946	282680	2.13	0	7
ptg003527l_1	300227	1372016	4.57	0	13
ptg003527l_1_region	300227	1372016	4.57	0	13
ptg003529l_1	1440649	2916123	2.02	0	15
ptg003529l_1_region	1440649	2916123	2.02	0	15
ptg003530l_1	157136	511006	3.25	0	13
ptg003530l_1_region	157136	511006	3.25	0	13
ptg003532l_1	28952	46758	1.62	0	5
ptg003532l_1_region	28952	46758	1.62	0	5
ptg003535l_1	528018	548642	1.04	0	7
ptg003535l_1_region	528018	548642	1.04	0	7
ptg003536l_1	235383	585354	2.49	0	11
ptg003536l_1_region	235383	585354	2.49	0	11
ptg003537l_1	312460	581565	1.86	0	14
ptg003537l_1_region	312460	581565	1.86	0	14
ptg003542l_1	683984	2291340	3.35	0	10
ptg003542l_1_region	683984	2291340	3.35	0	10
ptg003543l_1	96758	288045	2.98	0	9
ptg003543l_1_region	96758	288045	2.98	0	9
ptg003544l_1	190100	726563	3.82	0	11
ptg003544l_1_region	190100	726563	3.82	0	11
ptg003546l_1	14836	12592	0.85	0	3
ptg003546l_1_region	14836	12592	0.85	0	3
ptg003547l_1	1299610	5111412	3.93	0	16
ptg003547l_1_region	1299610	5111412	3.93	0	16
ptg003548l_1	274278	3779115	13.78	0	196
ptg003548l_1_region	274278	3779115	13.78	0	196
ptg003549l_1	301139	891012	2.96	0	12
ptg003549l_1_region	301139	891012	2.96	0	12
ptg003551l_1	178659	574064	3.21	0	12
ptg003551l_1_region	178659	574064	3.21	0	12
ptg003552l_1	1025255	7342914	7.16	0	33
ptg003552l_1_region	1025255	7342914	7.16	0	33
ptg003554l_1	53543	105291	1.97	0	7
ptg003554l_1_region	53543	105291	1.97	0	7
ptg003555l_1	557354	1613361	2.89	0	10
ptg003555l_1_region	557354	1613361	2.89	0	10
ptg003556l_1	788755	2704729	3.43	0	11
ptg003556l_1_region	788755	2704729	3.43	0	11
ptg003561l_1	416550	932296	2.24	0	8
ptg003561l_1_region	416550	932296	2.24	0	8
ptg003562l_1	629680	2939000	4.67	0	110
ptg003562l_1_region	629680	2939000	4.67	0	110
ptg003563l_1	103745	124773	1.20	0	6
ptg003563l_1_region	103745	124773	1.20	0	6
ptg003564l_1	28731	51131	1.78	0	7
ptg003564l_1_region	28731	51131	1.78	0	7
ptg003565l_1	349114	743310	2.13	0	8
ptg003565l_1_region	349114	743310	2.13	0	8
ptg003566l_1	182710	473332	2.59	0	13
ptg003566l_1_region	182710	473332	2.59	0	13
ptg003569l_1	503188	1514640	3.01	0	11
ptg003569l_1_region	503188	1514640	3.01	0	11
ptg003574l_1	207320	443708	2.14	0	8
ptg003574l_1_region	207320	443708	2.14	0	8
ptg003575l_1	436484	1376877	3.15	0	14
ptg003575l_1_region	436484	1376877	3.15	0	14
ptg003578l_1	632675	1756241	2.78	0	9
ptg003578l_1_region	632675	1756241	2.78	0	9
ptg003579l_1	225485	414409	1.84	0	23
ptg003579l_1_region	225485	414409	1.84	0	23
ptg003580l_1	145909	460486	3.16	0	18
ptg003580l_1_region	145909	460486	3.16	0	18
ptg003581l_1	25161	30127	1.20	0	3
ptg003581l_1_region	25161	30127	1.20	0	3
ptg003583l_1	451363	2695457	5.97	0	21
ptg003583l_1_region	451363	2695457	5.97	0	21
ptg003585l_1	998633	5198262	5.21	0	26
ptg003585l_1_region	998633	5198262	5.21	0	26
ptg003586l_1	196999	632112	3.21	0	10
ptg003586l_1_region	196999	632112	3.21	0	10
ptg003589l_1	251725	465201	1.85	0	7
ptg003589l_1_region	251725	465201	1.85	0	7
ptg003592l_1	2459218	7778472	3.16	0	21
ptg003592l_1_region	2459218	7778472	3.16	0	21
ptg003595l_1	156286	364287	2.33	0	8
ptg003595l_1_region	156286	364287	2.33	0	8
ptg003596l_1	158401	311926	1.97	0	8
ptg003596l_1_region	158401	311926	1.97	0	8
ptg003597l_1	172860	400901	2.32	0	13
ptg003597l_1_region	172860	400901	2.32	0	13
ptg003598l_1	212113	605132	2.85	0	9
ptg003598l_1_region	212113	605132	2.85	0	9
ptg003599l_1	512916	1548265	3.02	0	12
ptg003599l_1_region	512916	1548265	3.02	0	12
ptg003601l_1	272255	534750	1.96	0	15
ptg003601l_1_region	272255	534750	1.96	0	15
ptg003604l_1	795071	1968809	2.48	0	18
ptg003604l_1_region	795071	1968809	2.48	0	18
ptg003606l_1	132787	520422	3.92	0	17
ptg003606l_1_region	132787	520422	3.92	0	17
ptg003607l_1	268107	456112	1.70	0	25
ptg003607l_1_region	268107	456112	1.70	0	25
ptg003609l_1	566778	1970909	3.48	0	11
ptg003609l_1_region	566778	1970909	3.48	0	11
ptg003610l_1	611383	3174927	5.19	0	31
ptg003610l_1_region	611383	3174927	5.19	0	31
ptg003611l_1	97740	302062	3.09	0	9
ptg003611l_1_region	97740	302062	3.09	0	9
ptg003612l_1	343518	458118	1.33	0	8
ptg003612l_1_region	343518	458118	1.33	0	8
ptg003615l_1	77617	205482	2.65	0	7
ptg003615l_1_region	77617	205482	2.65	0	7
ptg003618l_1	315228	1372468	4.35	0	19
ptg003618l_1_region	315228	1372468	4.35	0	19
ptg003619l_1	1138831	4244155	3.73	0	14
ptg003619l_1_region	1138831	4244155	3.73	0	14
ptg003620l_1	46431	143531	3.09	0	8
ptg003620l_1_region	46431	143531	3.09	0	8
ptg003621l_1	41801	114104	2.73	0	7
ptg003621l_1_region	41801	114104	2.73	0	7
ptg003622l_1	538730	1539543	2.86	0	15
ptg003622l_1_region	538730	1539543	2.86	0	15
ptg003623l_1	37646	33182	0.88	0	3
ptg003623l_1_region	37646	33182	0.88	0	3
ptg003624l_1	251923	764137	3.03	0	11
ptg003624l_1_region	251923	764137	3.03	0	11
ptg003625l_1	1039278	4449618	4.28	0	11
ptg003625l_1_region	1039278	4449618	4.28	0	11
ptg003631l_1	84102	183146	2.18	0	9
ptg003631l_1_region	84102	183146	2.18	0	9
ptg003633l_1	182106	534056	2.93	0	12
ptg003633l_1_region	182106	534056	2.93	0	12
ptg003634l_1	488797	941867	1.93	0	15
ptg003634l_1_region	488797	941867	1.93	0	15
ptg003635l_1	845338	2775626	3.28	0	10
ptg003635l_1_region	845338	2775626	3.28	0	10
ptg003636l_1	1084496	4145831	3.82	0	11
ptg003636l_1_region	1084496	4145831	3.82	0	11
ptg003638l_1	28988	31186	1.08	0	3
ptg003638l_1_region	28988	31186	1.08	0	3
ptg003640l_1	580850	1283832	2.21	0	19
ptg003640l_1_region	580850	1283832	2.21	0	19
ptg003641l_1	76471	115421	1.51	0	7
ptg003641l_1_region	76471	115421	1.51	0	7
ptg003642l_1	404153	1219259	3.02	0	12
ptg003642l_1_region	404153	1219259	3.02	0	12
ptg003647l_1	52259	177693	3.40	0	8
ptg003647l_1_region	52259	177693	3.40	0	8
ptg003648l_1	777445	2265828	2.91	0	21
ptg003648l_1_region	777445	2265828	2.91	0	21
ptg003649l_1	340310	729521	2.14	0	18
ptg003649l_1_region	340310	729521	2.14	0	18
ptg003653l_1	407957	1620629	3.97	0	27
ptg003653l_1_region	407957	1620629	3.97	0	27
ptg003655l_1	1977078	7098444	3.59	0	106
ptg003655l_1_region	1977078	7098444	3.59	0	106
ptg003656l_1	95720	114213	1.19	0	5
ptg003656l_1_region	95720	114213	1.19	0	5
ptg003657l_1	281679	1560274	5.54	0	36
ptg003657l_1_region	281679	1560274	5.54	0	36
ptg003658l_1	349884	928331	2.65	0	11
ptg003658l_1_region	349884	928331	2.65	0	11
ptg003659l_1	618312	1560349	2.52	0	20
ptg003659l_1_region	618312	1560349	2.52	0	20
ptg003660l_1	549575	1547612	2.82	0	14
ptg003660l_1_region	549575	1547612	2.82	0	14
ptg003663l_1	207713	296720	1.43	0	6
ptg003663l_1_region	207713	296720	1.43	0	6
ptg003664l_1	143452	193289	1.35	0	5
ptg003664l_1_region	143452	193289	1.35	0	5
ptg003666l_1	415696	1580313	3.80	0	10
ptg003666l_1_region	415696	1580313	3.80	0	10
ptg003667l_1	393387	930101	2.36	0	9
ptg003667l_1_region	393387	930101	2.36	0	9
ptg003672l_1	86254	262877	3.05	0	10
ptg003672l_1_region	86254	262877	3.05	0	10
ptg003673l_1	1048233	2410439	2.30	0	14
ptg003673l_1_region	1048233	2410439	2.30	0	14
ptg003674l_1	181257	626950	3.46	0	9
ptg003674l_1_region	181257	626950	3.46	0	9
ptg003675l_1	47776	66583	1.39	0	4
ptg003675l_1_region	47776	66583	1.39	0	4
ptg003676l_1	12607	37541	2.98	0	7
ptg003676l_1_region	12607	37541	2.98	0	7
ptg003677l_1	129083	222565	1.72	0	10
ptg003677l_1_region	129083	222565	1.72	0	10
ptg003679l_1	100670	420473	4.18	0	14
ptg003679l_1_region	100670	420473	4.18	0	14
ptg003681l_1	82439	161139	1.95	0	8
ptg003681l_1_region	82439	161139	1.95	0	8
ptg003683l_1	135779	64668	0.48	0	4
ptg003683l_1_region	135779	64668	0.48	0	4
ptg003686l_1	115506	282416	2.45	0	9
ptg003686l_1_region	115506	282416	2.45	0	9
ptg003687l_1	643096	1598344	2.49	0	14
ptg003687l_1_region	643096	1598344	2.49	0	14
ptg003689l_1	176863	680410	3.85	0	11
ptg003689l_1_region	176863	680410	3.85	0	11
ptg003690l_1	756547	1987620	2.63	0	13
ptg003690l_1_region	756547	1987620	2.63	0	13
ptg003691l_1	716599	2315526	3.23	0	33
ptg003691l_1_region	716599	2315526	3.23	0	33
ptg003694l_1	144489	486166	3.36	0	14
ptg003694l_1_region	144489	486166	3.36	0	14
ptg003696l_1	514497	1611025	3.13	0	12
ptg003696l_1_region	514497	1611025	3.13	0	12
ptg003700l_1	146548	97613	0.67	0	4
ptg003700l_1_region	146548	97613	0.67	0	4
ptg003702l_1	736679	2012197	2.73	0	13
ptg003702l_1_region	736679	2012197	2.73	0	13
ptg003703l_1	462274	1841066	3.98	0	12
ptg003703l_1_region	462274	1841066	3.98	0	12
ptg003704l_1	158466	199698	1.26	0	5
ptg003704l_1_region	158466	199698	1.26	0	5
ptg003705l_1	159397	347800	2.18	0	6
ptg003705l_1_region	159397	347800	2.18	0	6
ptg003710l_1	527020	1727109	3.28	0	10
ptg003710l_1_region	527020	1727109	3.28	0	10
ptg003712l_1	176911	75802	0.43	0	3
ptg003712l_1_region	176911	75802	0.43	0	3
ptg003715l_1	476492	1033639	2.17	0	11
ptg003715l_1_region	476492	1033639	2.17	0	11
ptg003716l_1	429842	967546	2.25	0	9
ptg003716l_1_region	429842	967546	2.25	0	9
ptg003717l_1	252870	755060	2.99	0	10
ptg003717l_1_region	252870	755060	2.99	0	10
ptg003722l_1	594662	1188805	2.00	0	9
ptg003722l_1_region	594662	1188805	2.00	0	9
ptg003724l_1	709360	1326783	1.87	0	9
ptg003724l_1_region	709360	1326783	1.87	0	9
ptg003726l_1	326855	608429	1.86	0	9
ptg003726l_1_region	326855	608429	1.86	0	9
ptg003727l_1	140383	503968	3.59	0	28
ptg003727l_1_region	140383	503968	3.59	0	28
ptg003728l_1	328327	1966798	5.99	0	32
ptg003728l_1_region	328327	1966798	5.99	0	32
ptg003729l_1	88160	271144	3.08	0	15
ptg003729l_1_region	88160	271144	3.08	0	15
ptg003731l_1	318961	701813	2.20	0	14
ptg003731l_1_region	318961	701813	2.20	0	14
ptg003733l_1	299701	4443225	14.83	0	124
ptg003733l_1_region	299701	4443225	14.83	0	124
ptg003734l_1	94198	136165	1.45	0	7
ptg003734l_1_region	94198	136165	1.45	0	7
ptg003737l_1	209650	564944	2.69	0	10
ptg003737l_1_region	209650	564944	2.69	0	10
ptg003738l_1	171222	635510	3.71	0	16
ptg003738l_1_region	171222	635510	3.71	0	16
ptg003743l_1	298120	962021	3.23	0	11
ptg003743l_1_region	298120	962021	3.23	0	11
ptg003747l_1	266632	709222	2.66	0	13
ptg003747l_1_region	266632	709222	2.66	0	13
ptg003749l_1	343464	839686	2.44	0	49
ptg003749l_1_region	343464	839686	2.44	0	49
ptg003751l_1	533789	1347811	2.52	0	14
ptg003751l_1_region	533789	1347811	2.52	0	14
ptg003752l_1	329699	1326738	4.02	0	12
ptg003752l_1_region	329699	1326738	4.02	0	12
ptg003753l_1	472026	1322647	2.80	0	9
ptg003753l_1_region	472026	1322647	2.80	0	9
ptg003754l_1	534876	1437949	2.69	0	14
ptg003754l_1_region	534876	1437949	2.69	0	14
ptg003755l_1	296937	858264	2.89	0	10
ptg003755l_1_region	296937	858264	2.89	0	10
ptg003758l_1	99467	323104	3.25	0	10
ptg003758l_1_region	99467	323104	3.25	0	10
ptg003761l_1	819919	2719750	3.32	0	18
ptg003761l_1_region	819919	2719750	3.32	0	18
ptg003762l_1	18609	17074	0.92	0	3
ptg003762l_1_region	18609	17074	0.92	0	3
ptg003764l_1	108396	202026	1.86	0	8
ptg003764l_1_region	108396	202026	1.86	0	8
ptg003766l_1	251757	894077	3.55	0	145
ptg003766l_1_region	251757	894077	3.55	0	145
ptg003767l_1	722130	2764434	3.83	0	13
ptg003767l_1_region	722130	2764434	3.83	0	13
ptg003771l_1	663032	2074412	3.13	0	11
ptg003771l_1_region	663032	2074412	3.13	0	11
ptg003772l_1	508534	1434620	2.82	0	12
ptg003772l_1_region	508534	1434620	2.82	0	12
ptg003774l_1	297619	545517	1.83	0	7
ptg003774l_1_region	297619	545517	1.83	0	7
ptg003776l_1	475248	1158501	2.44	0	13
ptg003776l_1_region	475248	1158501	2.44	0	13
ptg003777l_1	341202	806617	2.36	0	9
ptg003777l_1_region	341202	806617	2.36	0	9
ptg003778l_1	156051	411179	2.63	0	8
ptg003778l_1_region	156051	411179	2.63	0	8
ptg003779l_1	240332	677074	2.82	0	9
ptg003779l_1_region	240332	677074	2.82	0	9
ptg003780l_1	89168	200037	2.24	0	8
ptg003780l_1_region	89168	200037	2.24	0	8
ptg003782l_1	510103	1535977	3.01	0	27
ptg003782l_1_region	510103	1535977	3.01	0	27
ptg003784l_1	338525	805363	2.38	0	9
ptg003784l_1_region	338525	805363	2.38	0	9
ptg003785l_1	135138	276044	2.04	0	8
ptg003785l_1_region	135138	276044	2.04	0	8
ptg003786l_1	228309	587669	2.57	0	8
ptg003786l_1_region	228309	587669	2.57	0	8
ptg003788l_1	450659	1217278	2.70	0	19
ptg003788l_1_region	450659	1217278	2.70	0	19
ptg003789l_1	36188	53219	1.47	0	4
ptg003789l_1_region	36188	53219	1.47	0	4
ptg003790l_1	426450	1448286	3.40	0	11
ptg003790l_1_region	426450	1448286	3.40	0	11
ptg003791l_1	906445	7204380	7.95	0	411
ptg003791l_1_region	906445	7204380	7.95	0	411
ptg003792l_1	222846	520694	2.34	0	14
ptg003792l_1_region	222846	520694	2.34	0	14
ptg003793l_1	213281	468806	2.20	0	9
ptg003793l_1_region	213281	468806	2.20	0	9
ptg003797l_1	61976	156866	2.53	0	10
ptg003797l_1_region	61976	156866	2.53	0	10
ptg003798l_1	196854	592714	3.01	0	12
ptg003798l_1_region	196854	592714	3.01	0	12
ptg003799l_1	297705	1182252	3.97	0	19
ptg003799l_1_region	297705	1182252	3.97	0	19
ptg003800l_1	146433	364357	2.49	0	7
ptg003800l_1_region	146433	364357	2.49	0	7
ptg003803l_1	198461	715895	3.61	0	13
ptg003803l_1_region	198461	715895	3.61	0	13
ptg003805l_1	467231	1448111	3.10	0	25
ptg003805l_1_region	467231	1448111	3.10	0	25
ptg003808l_1	171916	277623	1.61	0	6
ptg003808l_1_region	171916	277623	1.61	0	6
ptg003811l_1	557493	1091453	1.96	0	10
ptg003811l_1_region	557493	1091453	1.96	0	10
ptg003812l_1	420470	1574537	3.74	0	11
ptg003812l_1_region	420470	1574537	3.74	0	11
ptg003813l_1	99658	304110	3.05	0	11
ptg003813l_1_region	99658	304110	3.05	0	11
ptg003814l_1	85046	234106	2.75	0	19
ptg003814l_1_region	85046	234106	2.75	0	19
ptg003816l_1	210894	662110	3.14	0	10
ptg003816l_1_region	210894	662110	3.14	0	10
ptg003817l_1	340001	805021	2.37	0	9
ptg003817l_1_region	340001	805021	2.37	0	9
ptg003820l_1	246589	388966	1.58	0	8
ptg003820l_1_region	246589	388966	1.58	0	8
ptg003821l_1	602030	1918503	3.19	0	78
ptg003821l_1_region	602030	1918503	3.19	0	78
ptg003825l_1	261614	962440	3.68	0	13
ptg003825l_1_region	261614	962440	3.68	0	13
ptg003826l_1	143510	479230	3.34	0	9
ptg003826l_1_region	143510	479230	3.34	0	9
ptg003830l_1	233725	408413	1.75	0	9
ptg003830l_1_region	233725	408413	1.75	0	9
ptg003833l_1	282875	913485	3.23	0	19
ptg003833l_1_region	282875	913485	3.23	0	19
ptg003834l_1	577152	2216576	3.84	0	15
ptg003834l_1_region	577152	2216576	3.84	0	15
ptg003835l_1	458986	1211851	2.64	0	9
ptg003835l_1_region	458986	1211851	2.64	0	9
ptg003836l_1	499394	1176098	2.36	0	12
ptg003836l_1_region	499394	1176098	2.36	0	12
ptg003837l_1	318432	878983	2.76	0	9
ptg003837l_1_region	318432	878983	2.76	0	9
ptg003838l_1	178373	595817	3.34	0	14
ptg003838l_1_region	178373	595817	3.34	0	14
ptg003840l_1	86392	177400	2.05	0	15
ptg003840l_1_region	86392	177400	2.05	0	15
ptg003842l_1	588139	1321466	2.25	0	11
ptg003842l_1_region	588139	1321466	2.25	0	11
ptg003844l_1	140525	412048	2.93	0	10
ptg003844l_1_region	140525	412048	2.93	0	10
ptg003847l_1	968424	3142726	3.25	0	15
ptg003847l_1_region	968424	3142726	3.25	0	15
ptg003848l_1	337182	908163	2.69	0	10
ptg003848l_1_region	337182	908163	2.69	0	10
ptg003849l_1	224527	778660	3.47	0	9
ptg003849l_1_region	224527	778660	3.47	0	9
ptg003850l_1	50547	152311	3.01	0	8
ptg003850l_1_region	50547	152311	3.01	0	8
ptg003855l_1	1539831	6202490	4.03	0	456
ptg003855l_1_region	1539831	6202490	4.03	0	456
ptg003863l_1	544879	1129655	2.07	0	22
ptg003863l_1_region	544879	1129655	2.07	0	22
ptg003864l_1	535611	2532162	4.73	0	14
ptg003864l_1_region	535611	2532162	4.73	0	14
ptg003866l_1	1166400	4437553	3.80	0	13
ptg003866l_1_region	1166400	4437553	3.80	0	13
ptg003867l_1	831488	4658266	5.60	0	38
ptg003867l_1_region	831488	4658266	5.60	0	38
ptg003869l_1	100349	237401	2.37	0	8
ptg003869l_1_region	100349	237401	2.37	0	8
ptg003870l_1	135634	341053	2.51	0	10
ptg003870l_1_region	135634	341053	2.51	0	10
ptg003871l_1	125199	212764	1.70	0	8
ptg003871l_1_region	125199	212764	1.70	0	8
ptg003872l_1	477834	1368198	2.86	0	10
ptg003872l_1_region	477834	1368198	2.86	0	10
ptg003877l_1	529681	1173118	2.21	0	11
ptg003877l_1_region	529681	1173118	2.21	0	11
ptg003878l_1	510483	872759	1.71	0	10
ptg003878l_1_region	510483	872759	1.71	0	10
ptg003880l_1	365129	1011408	2.77	0	31
ptg003880l_1_region	365129	1011408	2.77	0	31
ptg003881l_1	1130557	4506580	3.99	0	12
ptg003881l_1_region	1130557	4506580	3.99	0	12
ptg003883l_1	235545	468567	1.99	0	7
ptg003883l_1_region	235545	468567	1.99	0	7
ptg003884l_1	294352	606095	2.06	0	11
ptg003884l_1_region	294352	606095	2.06	0	11
ptg003891l_1	421178	867446	2.06	0	8
ptg003891l_1_region	421178	867446	2.06	0	8
ptg003892l_1	439134	754821	1.72	0	16
ptg003892l_1_region	439134	754821	1.72	0	16
ptg003893l_1	356854	1176658	3.30	0	10
ptg003893l_1_region	356854	1176658	3.30	0	10
ptg003895l_1	534703	1308077	2.45	0	20
ptg003895l_1_region	534703	1308077	2.45	0	20
ptg003896l_1	263844	657071	2.49	0	10
ptg003896l_1_region	263844	657071	2.49	0	10
ptg003897l_1	287005	968607	3.37	0	19
ptg003897l_1_region	287005	968607	3.37	0	19
ptg003899l_1	237585	583333	2.46	0	9
ptg003899l_1_region	237585	583333	2.46	0	9
ptg003903l_1	794159	2101354	2.65	0	13
ptg003903l_1_region	794159	2101354	2.65	0	13
ptg003904l_1	59324	77321	1.30	0	4
ptg003904l_1_region	59324	77321	1.30	0	4
ptg003906l_1	121727	264391	2.17	0	13
ptg003906l_1_region	121727	264391	2.17	0	13
ptg003911l_1	831411	3192570	3.84	0	22
ptg003911l_1_region	831411	3192570	3.84	0	22
ptg003912l_1	568330	1619215	2.85	0	10
ptg003912l_1_region	568330	1619215	2.85	0	10
ptg003913l_1	639444	1802696	2.82	0	13
ptg003913l_1_region	639444	1802696	2.82	0	13
ptg003917l_1	350684	1270883	3.62	0	13
ptg003917l_1_region	350684	1270883	3.62	0	13
ptg003918l_1	130145	269644	2.07	0	8
ptg003918l_1_region	130145	269644	2.07	0	8
ptg003919l_1	310957	1039851	3.34	0	11
ptg003919l_1_region	310957	1039851	3.34	0	11
ptg003920l_1	692711	2204355	3.18	0	18
ptg003920l_1_region	692711	2204355	3.18	0	18
ptg003926l_1	1164505	4599822	3.95	0	12
ptg003926l_1_region	1164505	4599822	3.95	0	12
ptg003930l_1	168859	462803	2.74	0	11
ptg003930l_1_region	168859	462803	2.74	0	11
ptg003931l_1	345833	1427347	4.13	0	14
ptg003931l_1_region	345833	1427347	4.13	0	14
ptg003932l_1	509267	1290320	2.53	0	10
ptg003932l_1_region	509267	1290320	2.53	0	10
ptg003933l_1	203187	607632	2.99	0	20
ptg003933l_1_region	203187	607632	2.99	0	20
ptg003935l_1	1773541	6380826	3.60	0	20
ptg003935l_1_region	1773541	6380826	3.60	0	20
ptg003942l_1	52523	33796	0.64	0	6
ptg003942l_1_region	52523	33796	0.64	0	6
ptg003946l_1	350248	1580039	4.51	0	21
ptg003946l_1_region	350248	1580039	4.51	0	21
ptg003948l_1	257219	671766	2.61	0	11
ptg003948l_1_region	257219	671766	2.61	0	11
ptg003949l_1	405492	719515	1.77	0	28
ptg003949l_1_region	405492	719515	1.77	0	28
ptg003951l_1	800527	2538661	3.17	0	10
ptg003951l_1_region	800527	2538661	3.17	0	10
ptg003952l_1	746343	2716126	3.64	0	11
ptg003952l_1_region	746343	2716126	3.64	0	11
ptg003953l_1	242022	611977	2.53	0	8
ptg003953l_1_region	242022	611977	2.53	0	8
ptg003956l_1	298454	1004652	3.37	0	11
ptg003956l_1_region	298454	1004652	3.37	0	11
ptg003957l_1	208830	309335	1.48	0	14
ptg003957l_1_region	208830	309335	1.48	0	14
ptg003959l_1	186830	274366	1.47	0	30
ptg003959l_1_region	186830	274366	1.47	0	30
ptg003961l_1	332778	1434053	4.31	0	13
ptg003961l_1_region	332778	1434053	4.31	0	13
ptg003963l_1	964304	2445385	2.54	0	10
ptg003963l_1_region	964304	2445385	2.54	0	10
ptg003965l_1	203027	426406	2.10	0	6
ptg003965l_1_region	203027	426406	2.10	0	6
ptg003967l_1	1840132	5818072	3.16	0	14
ptg003967l_1_region	1840132	5818072	3.16	0	14
ptg003969l_1	180871	607089	3.36	0	23
ptg003969l_1_region	180871	607089	3.36	0	23
ptg003974l_1	457252	1074083	2.35	0	11
ptg003974l_1_region	457252	1074083	2.35	0	11
ptg003979l_1	348685	4253061	12.20	0	223
ptg003979l_1_region	348685	4253061	12.20	0	223
ptg003980l_1	1169462	5024156	4.30	0	61
ptg003980l_1_region	1169462	5024156	4.30	0	61
ptg003983l_1	142007	371738	2.62	0	9
ptg003983l_1_region	142007	371738	2.62	0	9
ptg003984l_1	728620	2599072	3.57	0	19
ptg003984l_1_region	728620	2599072	3.57	0	19
ptg003985l_1	101803	195598	1.92	0	6
ptg003985l_1_region	101803	195598	1.92	0	6
ptg003986l_1	125730	364437	2.90	0	10
ptg003986l_1_region	125730	364437	2.90	0	10
ptg003990l_1	384304	546499	1.42	0	7
ptg003990l_1_region	384304	546499	1.42	0	7
ptg003992l_1	899887	1971337	2.19	0	48
ptg003992l_1_region	899887	1971337	2.19	0	48
ptg003994l_1	596937	1954937	3.27	0	12
ptg003994l_1_region	596937	1954937	3.27	0	12
ptg003996l_1	421053	1312707	3.12	0	31
ptg003996l_1_region	421053	1312707	3.12	0	31
ptg003997l_1	185117	231959	1.25	0	10
ptg003997l_1_region	185117	231959	1.25	0	10
ptg003999l_1	223588	545861	2.44	0	7
ptg003999l_1_region	223588	545861	2.44	0	7
ptg004000l_1	62322	187452	3.01	0	10
ptg004000l_1_region	62322	187452	3.01	0	10
ptg004001l_1	922532	2958673	3.21	0	15
ptg004001l_1_region	922532	2958673	3.21	0	15
ptg004004l_1	126938	246082	1.94	0	7
ptg004004l_1_region	126938	246082	1.94	0	7
ptg004005l_1	582295	2571536	4.42	0	22
ptg004005l_1_region	582295	2571536	4.42	0	22
ptg004006l_1	228144	562129	2.46	0	22
ptg004006l_1_region	228144	562129	2.46	0	22
ptg004008l_1	309067	852781	2.76	0	10
ptg004008l_1_region	309067	852781	2.76	0	10
ptg004009l_1	19454	36915	1.90	0	5
ptg004009l_1_region	19454	36915	1.90	0	5
ptg004011l_1	443992	1239159	2.79	0	11
ptg004011l_1_region	443992	1239159	2.79	0	11
ptg004013l_1	35432	160230	4.52	0	9
ptg004013l_1_region	35432	160230	4.52	0	9
ptg004015l_1	291986	997671	3.42	0	12
ptg004015l_1_region	291986	997671	3.42	0	12
ptg004018l_1	2040214	4901971	2.40	0	12
ptg004018l_1_region	2040214	4901971	2.40	0	12
ptg004019l_1	327138	606537	1.85	0	7
ptg004019l_1_region	327138	606537	1.85	0	7
ptg004021l_1	148775	385890	2.59	0	8
ptg004021l_1_region	148775	385890	2.59	0	8
ptg004024l_1	205210	606935	2.96	0	48
ptg004024l_1_region	205210	606935	2.96	0	48
ptg004025l_1	791473	2188444	2.77	0	15
ptg004025l_1_region	791473	2188444	2.77	0	15
ptg004026l_1	270252	473058	1.75	0	8
ptg004026l_1_region	270252	473058	1.75	0	8
ptg004041l_1	1116779	4083053	3.66	0	14
ptg004041l_1_region	1116779	4083053	3.66	0	14
ptg004042l_1	191402	725222	3.79	0	13
ptg004042l_1_region	191402	725222	3.79	0	13
ptg004043l_1	313188	1087621	3.47	0	20
ptg004043l_1_region	313188	1087621	3.47	0	20
ptg004046l_1	362993	1018403	2.81	0	10
ptg004046l_1_region	362993	1018403	2.81	0	10
ptg004047l_1	895447	2992414	3.34	0	10
ptg004047l_1_region	895447	2992414	3.34	0	10
ptg004049l_1	87103	214027	2.46	0	13
ptg004049l_1_region	87103	214027	2.46	0	13
ptg004050l_1	49182	115697	2.35	0	7
ptg004050l_1_region	49182	115697	2.35	0	7
ptg004051l_1	391037	822775	2.10	0	13
ptg004051l_1_region	391037	822775	2.10	0	13
ptg004052l_1	1406134	17632282	12.54	0	263
ptg004052l_1_region	1406134	17632282	12.54	0	263
ptg004053l_1	149584	443963	2.97	0	10
ptg004053l_1_region	149584	443963	2.97	0	10
ptg004055l_1	326897	931221	2.85	0	10
ptg004055l_1_region	326897	931221	2.85	0	10
ptg004060l_1	292287	1074868	3.68	0	10
ptg004060l_1_region	292287	1074868	3.68	0	10
ptg004062l_1	126428	263829	2.09	0	9
ptg004062l_1_region	126428	263829	2.09	0	9
ptg004063l_1	690303	2084628	3.02	0	10
ptg004063l_1_region	690303	2084628	3.02	0	10
ptg004064l_1	191602	325869	1.70	0	7
ptg004064l_1_region	191602	325869	1.70	0	7
ptg004065l_1	290525	656288	2.26	0	9
ptg004065l_1_region	290525	656288	2.26	0	9
ptg004066l_1	1180851	4077491	3.45	0	57
ptg004066l_1_region	1180851	4077491	3.45	0	57
ptg004068l_1	1080299	2832072	2.62	0	15
ptg004068l_1_region	1080299	2832072	2.62	0	15
ptg004071l_1	104809	358333	3.42	0	10
ptg004071l_1_region	104809	358333	3.42	0	10
ptg004072l_1	519802	1372762	2.64	0	24
ptg004072l_1_region	519802	1372762	2.64	0	24
ptg004074l_1	232638	584962	2.51	0	16
ptg004074l_1_region	232638	584962	2.51	0	16
ptg004075l_1	398849	1388227	3.48	0	33
ptg004075l_1_region	398849	1388227	3.48	0	33
ptg004079l_1	61310	191620	3.13	0	9
ptg004079l_1_region	61310	191620	3.13	0	9
ptg004080l_1	167502	349157	2.08	0	9
ptg004080l_1_region	167502	349157	2.08	0	9
ptg004083l_1	298206	677745	2.27	0	9
ptg004083l_1_region	298206	677745	2.27	0	9
ptg004084l_1	39992	126073	3.15	0	9
ptg004084l_1_region	39992	126073	3.15	0	9
ptg004085l_1	262240	574099	2.19	0	7
ptg004085l_1_region	262240	574099	2.19	0	7
ptg004088l_1	34145	35383	1.04	0	3
ptg004088l_1_region	34145	35383	1.04	0	3
ptg004091l_1	604718	10096538	16.70	0	99
ptg004091l_1_region	604718	10096538	16.70	0	99
ptg004093l_1	304146	1509614	4.96	0	28
ptg004093l_1_region	304146	1509614	4.96	0	28
ptg004094l_1	93303	256636	2.75	0	12
ptg004094l_1_region	93303	256636	2.75	0	12
ptg004096l_1	299779	610394	2.04	0	34
ptg004096l_1_region	299779	610394	2.04	0	34
ptg004097l_1	213447	533818	2.50	0	16
ptg004097l_1_region	213447	533818	2.50	0	16
ptg004099l_1	215040	571270	2.66	0	9
ptg004099l_1_region	215040	571270	2.66	0	9
ptg004100l_1	295441	632403	2.14	0	9
ptg004100l_1_region	295441	632403	2.14	0	9
ptg004101l_1	237789	1168595	4.91	0	16
ptg004101l_1_region	237789	1168595	4.91	0	16
ptg004102l_1	17378	19586	1.13	0	6
ptg004102l_1_region	17378	19586	1.13	0	6
ptg004104l_1	15797	73739	4.67	0	11
ptg004104l_1_region	15797	73739	4.67	0	11
ptg004107l_1	400850	1002023	2.50	0	17
ptg004107l_1_region	400850	1002023	2.50	0	17
ptg004113l_1	333809	1320386	3.96	0	17
ptg004113l_1_region	333809	1320386	3.96	0	17
ptg004114l_1	154651	212674	1.38	0	12
ptg004114l_1_region	154651	212674	1.38	0	12
ptg004115l_1	363039	924303	2.55	0	10
ptg004115l_1_region	363039	924303	2.55	0	10
ptg004120l_1	176749	296940	1.68	0	6
ptg004120l_1_region	176749	296940	1.68	0	6
ptg004121l_1	298748	1133046	3.79	0	18
ptg004121l_1_region	298748	1133046	3.79	0	18
ptg004122l_1	223846	479984	2.14	0	8
ptg004122l_1_region	223846	479984	2.14	0	8
ptg004123l_1	181877	445587	2.45	0	8
ptg004123l_1_region	181877	445587	2.45	0	8
ptg004124l_1	609359	1664830	2.73	0	12
ptg004124l_1_region	609359	1664830	2.73	0	12
ptg004125l_1	263060	574767	2.18	0	10
ptg004125l_1_region	263060	574767	2.18	0	10
ptg004126l_1	315059	940590	2.99	0	12
ptg004126l_1_region	315059	940590	2.99	0	12
ptg004127l_1	577642	1672156	2.89	0	10
ptg004127l_1_region	577642	1672156	2.89	0	10
ptg004128l_1	74308	167186	2.25	0	6
ptg004128l_1_region	74308	167186	2.25	0	6
ptg004130l_1	1873164	5895312	3.15	0	24
ptg004130l_1_region	1873164	5895312	3.15	0	24
ptg004132l_1	482228	2415657	5.01	0	28
ptg004132l_1_region	482228	2415657	5.01	0	28
ptg004136l_1	81594	276612	3.39	0	24
ptg004136l_1_region	81594	276612	3.39	0	24
ptg004137l_1	575435	887033	1.54	0	9
ptg004137l_1_region	575435	887033	1.54	0	9
ptg004139l_1	155543	374698	2.41	0	7
ptg004139l_1_region	155543	374698	2.41	0	7
ptg004141l_1	215928	383132	1.77	0	7
ptg004141l_1_region	215928	383132	1.77	0	7
ptg004142l_1	132454	390084	2.95	0	8
ptg004142l_1_region	132454	390084	2.95	0	8
ptg004143l_1	676657	1580850	2.34	0	9
ptg004143l_1_region	676657	1580850	2.34	0	9
ptg004145l_1	276678	717213	2.59	0	9
ptg004145l_1_region	276678	717213	2.59	0	9
ptg004146l_1	63075	164658	2.61	0	12
ptg004146l_1_region	63075	164658	2.61	0	12
ptg004148l_1	838322	2710846	3.23	0	21
ptg004148l_1_region	838322	2710846	3.23	0	21
ptg004149l_1	220635	631674	2.86	0	19
ptg004149l_1_region	220635	631674	2.86	0	19
ptg004151l_1	309002	498883	1.61	0	15
ptg004151l_1_region	309002	498883	1.61	0	15
ptg004153l_1	962277	2933617	3.05	0	12
ptg004153l_1_region	962277	2933617	3.05	0	12
ptg004154l_1	159060	339707	2.14	0	7
ptg004154l_1_region	159060	339707	2.14	0	7
ptg004156l_1	835668	2212179	2.65	0	16
ptg004156l_1_region	835668	2212179	2.65	0	16
ptg004157l_1	471025	4193312	8.90	0	47
ptg004157l_1_region	471025	4193312	8.90	0	47
ptg004158l_1	208058	489542	2.35	0	9
ptg004158l_1_region	208058	489542	2.35	0	9
ptg004160l_1	340217	728145	2.14	0	8
ptg004160l_1_region	340217	728145	2.14	0	8
ptg004161l_1	56909	173265	3.04	0	8
ptg004161l_1_region	56909	173265	3.04	0	8
ptg004162l_1	460889	949166	2.06	0	9
ptg004162l_1_region	460889	949166	2.06	0	9
ptg004163l_1	665596	1889883	2.84	0	12
ptg004163l_1_region	665596	1889883	2.84	0	12
ptg004165l_1	320710	1306366	4.07	0	15
ptg004165l_1_region	320710	1306366	4.07	0	15
ptg004166l_1	1282172	3806869	2.97	0	11
ptg004166l_1_region	1282172	3806869	2.97	0	11
ptg004167l_1	633013	1673090	2.64	0	9
ptg004167l_1_region	633013	1673090	2.64	0	9
ptg004168l_1	317878	629610	1.98	0	12
ptg004168l_1_region	317878	629610	1.98	0	12
ptg004169l_1	267460	727960	2.72	0	12
ptg004169l_1_region	267460	727960	2.72	0	12
ptg004172l_1	38825	76995	1.98	0	8
ptg004172l_1_region	38825	76995	1.98	0	8
ptg004177l_1	259414	998187	3.85	0	10
ptg004177l_1_region	259414	998187	3.85	0	10
ptg004179l_1	259210	795032	3.07	0	19
ptg004179l_1_region	259210	795032	3.07	0	19
ptg004182l_1	21007	177459	8.45	0	23
ptg004182l_1_region	21007	177459	8.45	0	23
ptg004184l_1	217223	392144	1.81	0	5
ptg004184l_1_region	217223	392144	1.81	0	5
ptg004185l_1	683237	1840110	2.69	0	32
ptg004185l_1_region	683237	1840110	2.69	0	32
ptg004186l_1	49344	138754	2.81	0	7
ptg004186l_1_region	49344	138754	2.81	0	7
ptg004191l_1	129866	211995	1.63	0	9
ptg004191l_1_region	129866	211995	1.63	0	9
ptg004200l_1	24645	37301	1.51	0	3
ptg004200l_1_region	24645	37301	1.51	0	3
ptg004201l_1	572123	1781395	3.11	0	14
ptg004201l_1_region	572123	1781395	3.11	0	14
ptg004203l_1	632518	2136007	3.38	0	12
ptg004203l_1_region	632518	2136007	3.38	0	12
ptg004204l_1	99106	154240	1.56	0	9
ptg004204l_1_region	99106	154240	1.56	0	9
ptg004206l_1	359203	1125393	3.13	0	14
ptg004206l_1_region	359203	1125393	3.13	0	14
ptg004208l_1	381675	924286	2.42	0	11
ptg004208l_1_region	381675	924286	2.42	0	11
ptg004209l_1	404413	1431517	3.54	0	10
ptg004209l_1_region	404413	1431517	3.54	0	10
ptg004210l_1	680490	3117315	4.58	0	16
ptg004210l_1_region	680490	3117315	4.58	0	16
ptg004211l_1	378217	1465714	3.88	0	12
ptg004211l_1_region	378217	1465714	3.88	0	12
ptg004212l_1	613671	2031547	3.31	0	30
ptg004212l_1_region	613671	2031547	3.31	0	30
ptg004214l_1	110989	310184	2.79	0	8
ptg004214l_1_region	110989	310184	2.79	0	8
ptg004215l_1	1179939	3304037	2.80	0	12
ptg004215l_1_region	1179939	3304037	2.80	0	12
ptg004217l_1	457255	977069	2.14	0	11
ptg004217l_1_region	457255	977069	2.14	0	11
ptg004219l_1	174861	222328	1.27	0	4
ptg004219l_1_region	174861	222328	1.27	0	4
ptg004222l_1	396760	1285473	3.24	0	25
ptg004222l_1_region	396760	1285473	3.24	0	25
ptg004223l_1	527673	1004722	1.90	0	9
ptg004223l_1_region	527673	1004722	1.90	0	9
ptg004224l_1	297796	678342	2.28	0	10
ptg004224l_1_region	297796	678342	2.28	0	10
ptg004227l_1	343048	858117	2.50	0	13
ptg004227l_1_region	343048	858117	2.50	0	13
ptg004229l_1	250758	645186	2.57	0	8
ptg004229l_1_region	250758	645186	2.57	0	8
ptg004231l_1	473630	1568490	3.31	0	13
ptg004231l_1_region	473630	1568490	3.31	0	13
ptg004233l_1	871843	1316739	1.51	0	12
ptg004233l_1_region	871843	1316739	1.51	0	12
ptg004237l_1	251511	782131	3.11	0	103
ptg004237l_1_region	251511	782131	3.11	0	103
ptg004238l_1	75845	138401	1.82	0	14
ptg004238l_1_region	75845	138401	1.82	0	14
ptg004239l_1	29077	39418	1.36	0	2
ptg004239l_1_region	29077	39418	1.36	0	2
ptg004240l_1	321375	1047710	3.26	0	13
ptg004240l_1_region	321375	1047710	3.26	0	13
ptg004241l_1	886696	5744178	6.48	0	94
ptg004241l_1_region	886696	5744178	6.48	0	94
ptg004242l_1	84900	218568	2.57	0	12
ptg004242l_1_region	84900	218568	2.57	0	12
ptg004243l_1	755344	1278173	1.69	0	7
ptg004243l_1_region	755344	1278173	1.69	0	7
ptg004245l_1	158588	442577	2.79	0	21
ptg004245l_1_region	158588	442577	2.79	0	21
ptg004248l_1	1936206	1284046	0.66	0	17
ptg004248l_1_region	1936206	1284046	0.66	0	17
ptg004249l_1	235583	715923	3.04	0	9
ptg004249l_1_region	235583	715923	3.04	0	9
ptg004251l_1	155707	155518	1.00	0	5
ptg004251l_1_region	155707	155518	1.00	0	5
ptg004253l_1	103522	345023	3.33	0	12
ptg004253l_1_region	103522	345023	3.33	0	12
ptg004260l_1	421884	1573282	3.73	0	11
ptg004260l_1_region	421884	1573282	3.73	0	11
ptg004262l_1	181068	409085	2.26	0	7
ptg004262l_1_region	181068	409085	2.26	0	7
ptg004263l_1	102531	188330	1.84	0	6
ptg004263l_1_region	102531	188330	1.84	0	6
ptg004264l_1	36841	58611	1.59	0	6
ptg004264l_1_region	36841	58611	1.59	0	6
ptg004265l_1	135100	323709	2.40	0	11
ptg004265l_1_region	135100	323709	2.40	0	11
ptg004266l_1	239194	236050	0.99	0	6
ptg004266l_1_region	239194	236050	0.99	0	6
ptg004267l_1	804304	2984749	3.71	0	13
ptg004267l_1_region	804304	2984749	3.71	0	13
ptg004268l_1	142640	223530	1.57	0	9
ptg004268l_1_region	142640	223530	1.57	0	9
ptg004269l_1	310915	975170	3.14	0	10
ptg004269l_1_region	310915	975170	3.14	0	10
ptg004271l_1	626025	1040034	1.66	0	9
ptg004271l_1_region	626025	1040034	1.66	0	9
ptg004272l_1	229997	491129	2.14	0	13
ptg004272l_1_region	229997	491129	2.14	0	13
ptg004273l_1	184676	463388	2.51	0	9
ptg004273l_1_region	184676	463388	2.51	0	9
ptg004274l_1	114401	192054	1.68	0	7
ptg004274l_1_region	114401	192054	1.68	0	7
ptg004277l_1	647128	835300	1.29	0	8
ptg004277l_1_region	647128	835300	1.29	0	8
ptg004278l_1	338593	995987	2.94	0	9
ptg004278l_1_region	338593	995987	2.94	0	9
ptg004280l_1	328133	1083928	3.30	0	13
ptg004280l_1_region	328133	1083928	3.30	0	13
ptg004281l_1	357748	924538	2.58	0	37
ptg004281l_1_region	357748	924538	2.58	0	37
ptg004284l_1	287316	737701	2.57	0	7
ptg004284l_1_region	287316	737701	2.57	0	7
ptg004287l_1	428194	1165075	2.72	0	10
ptg004287l_1_region	428194	1165075	2.72	0	10
ptg004288l_1	492363	1388184	2.82	0	13
ptg004288l_1_region	492363	1388184	2.82	0	13
ptg004289l_1	1764965	6532360	3.70	0	34
ptg004289l_1_region	1764965	6532360	3.70	0	34
ptg004290l_1	92128	43107	0.47	0	5
ptg004290l_1_region	92128	43107	0.47	0	5
ptg004292l_1	184486	269801	1.46	0	25
ptg004292l_1_region	184486	269801	1.46	0	25
ptg004296l_1	473350	1379181	2.91	0	34
ptg004296l_1_region	473350	1379181	2.91	0	34
ptg004298l_1	537228	1197735	2.23	0	24
ptg004298l_1_region	537228	1197735	2.23	0	24
ptg004299l_1	314558	890042	2.83	0	9
ptg004299l_1_region	314558	890042	2.83	0	9
ptg004302l_1	217272	450734	2.07	0	15
ptg004302l_1_region	217272	450734	2.07	0	15
ptg004305l_1	353842	1052761	2.98	0	10
ptg004305l_1_region	353842	1052761	2.98	0	10
ptg004306l_1	146690	272552	1.86	0	11
ptg004306l_1_region	146690	272552	1.86	0	11
ptg004307l_1	156850	436467	2.78	0	7
ptg004307l_1_region	156850	436467	2.78	0	7
ptg004309l_1	925681	3013460	3.26	0	12
ptg004309l_1_region	925681	3013460	3.26	0	12
ptg004311l_1	645936	1735362	2.69	0	11
ptg004311l_1_region	645936	1735362	2.69	0	11
ptg004312l_1	223462	573576	2.57	0	11
ptg004312l_1_region	223462	573576	2.57	0	11
ptg004313l_1	279491	1019851	3.65	0	19
ptg004313l_1_region	279491	1019851	3.65	0	19
ptg004314l_1	328444	1122961	3.42	0	13
ptg004314l_1_region	328444	1122961	3.42	0	13
ptg004315l_1	208763	754571	3.61	0	11
ptg004315l_1_region	208763	754571	3.61	0	11
ptg004317l_1	266149	645534	2.43	0	13
ptg004317l_1_region	266149	645534	2.43	0	13
ptg004319l_1	165601	141443	0.85	0	6
ptg004319l_1_region	165601	141443	0.85	0	6
ptg004321l_1	491634	1667456	3.39	0	13
ptg004321l_1_region	491634	1667456	3.39	0	13
ptg004322l_1	269851	851401	3.16	0	18
ptg004322l_1_region	269851	851401	3.16	0	18
ptg004323l_1	35231	28803	0.82	0	6
ptg004323l_1_region	35231	28803	0.82	0	6
ptg004325l_1	67201	120467	1.79	0	5
ptg004325l_1_region	67201	120467	1.79	0	5
ptg004326l_1	1263858	4185673	3.31	0	12
ptg004326l_1_region	1263858	4185673	3.31	0	12
ptg004327l_1	356202	1062165	2.98	0	11
ptg004327l_1_region	356202	1062165	2.98	0	11
ptg004328l_1	499362	1600129	3.20	0	12
ptg004328l_1_region	499362	1600129	3.20	0	12
ptg004329l_1	114543	303955	2.65	0	9
ptg004329l_1_region	114543	303955	2.65	0	9
ptg004330l_1	302681	959744	3.17	0	15
ptg004330l_1_region	302681	959744	3.17	0	15
ptg004332l_1	212650	724313	3.41	0	14
ptg004332l_1_region	212650	724313	3.41	0	14
ptg004334l_1	324011	987930	3.05	0	17
ptg004334l_1_region	324011	987930	3.05	0	17
ptg004336l_1	378447	846541	2.24	0	11
ptg004336l_1_region	378447	846541	2.24	0	11
ptg004339l_1	457543	1630377	3.56	0	39
ptg004339l_1_region	457543	1630377	3.56	0	39
ptg004340l_1	61046	181475	2.97	0	6
ptg004340l_1_region	61046	181475	2.97	0	6
ptg004343l_1	588024	2860610	4.86	0	43
ptg004343l_1_region	588024	2860610	4.86	0	43
ptg004349l_1	132680	390282	2.94	0	7
ptg004349l_1_region	132680	390282	2.94	0	7
ptg004351l_1	831153	3002572	3.61	0	21
ptg004351l_1_region	831153	3002572	3.61	0	21
ptg004352l_1	79757	268104	3.36	0	13
ptg004352l_1_region	79757	268104	3.36	0	13
ptg004356l_1	325198	1206878	3.71	0	12
ptg004356l_1_region	325198	1206878	3.71	0	12
ptg004359l_1	41827	66860	1.60	0	5
ptg004359l_1_region	41827	66860	1.60	0	5
ptg004360l_1	32464	59427	1.83	0	4
ptg004360l_1_region	32464	59427	1.83	0	4
ptg004361l_1	648129	1579155	2.44	0	18
ptg004361l_1_region	648129	1579155	2.44	0	18
ptg004362l_1	175017	336014	1.92	0	8
ptg004362l_1_region	175017	336014	1.92	0	8
ptg004363l_1	334308	612335	1.83	0	7
ptg004363l_1_region	334308	612335	1.83	0	7
ptg004364l_1	75996	236616	3.11	0	8
ptg004364l_1_region	75996	236616	3.11	0	8
ptg004365l_1	453903	955246	2.10	0	21
ptg004365l_1_region	453903	955246	2.10	0	21
ptg004366l_1	463727	1401354	3.02	0	11
ptg004366l_1_region	463727	1401354	3.02	0	11
ptg004369l_1	123659	408221	3.30	0	11
ptg004369l_1_region	123659	408221	3.30	0	11
ptg004370l_1	1042306	3720797	3.57	0	15
ptg004370l_1_region	1042306	3720797	3.57	0	15
ptg004371l_1	85171	173658	2.04	0	5
ptg004371l_1_region	85171	173658	2.04	0	5
ptg004372l_1	487747	1062375	2.18	0	8
ptg004372l_1_region	487747	1062375	2.18	0	8
ptg004373l_1	86199	209005	2.42	0	8
ptg004373l_1_region	86199	209005	2.42	0	8
ptg004374l_1	72567	214210	2.95	0	8
ptg004374l_1_region	72567	214210	2.95	0	8
ptg004375l_1	93939	226520	2.41	0	7
ptg004375l_1_region	93939	226520	2.41	0	7
ptg004376l_1	303321	764066	2.52	0	10
ptg004376l_1_region	303321	764066	2.52	0	10
ptg004377l_1	254508	478504	1.88	0	17
ptg004377l_1_region	254508	478504	1.88	0	17
ptg004379l_1	120092	239220	1.99	0	8
ptg004379l_1_region	120092	239220	1.99	0	8
ptg004381l_1	86764	225183	2.60	0	23
ptg004381l_1_region	86764	225183	2.60	0	23
ptg004382l_1	79026	245490	3.11	0	13
ptg004382l_1_region	79026	245490	3.11	0	13
ptg004385l_1	169906	437990	2.58	0	14
ptg004385l_1_region	169906	437990	2.58	0	14
ptg004388l_1	243554	674969	2.77	0	10
ptg004388l_1_region	243554	674969	2.77	0	10
ptg004389l_1	104762	112555	1.07	0	8
ptg004389l_1_region	104762	112555	1.07	0	8
ptg004393l_1	612796	2348714	3.83	0	26
ptg004393l_1_region	612796	2348714	3.83	0	26
ptg004394l_1	203333	632477	3.11	0	10
ptg004394l_1_region	203333	632477	3.11	0	10
ptg004395l_1	3308299	10070647	3.04	0	16
ptg004395l_1_region	3308299	10070647	3.04	0	16
ptg004398l_1	912667	1829382	2.00	0	21
ptg004398l_1_region	912667	1829382	2.00	0	21
ptg004399l_1	451033	1521973	3.37	0	31
ptg004399l_1_region	451033	1521973	3.37	0	31
ptg004400l_1	734053	1915040	2.61	0	12
ptg004400l_1_region	734053	1915040	2.61	0	12
ptg004402l_1	152775	506833	3.32	0	15
ptg004402l_1_region	152775	506833	3.32	0	15
ptg004403l_1	263557	576610	2.19	0	46
ptg004403l_1_region	263557	576610	2.19	0	46
ptg004405l_1	240462	571359	2.38	0	67
ptg004405l_1_region	240462	571359	2.38	0	67
ptg004408l_1	633652	2313771	3.65	0	16
ptg004408l_1_region	633652	2313771	3.65	0	16
ptg004411l_1	287417	607829	2.11	0	8
ptg004411l_1_region	287417	607829	2.11	0	8
ptg004412l_1	1388505	4611344	3.32	0	13
ptg004412l_1_region	1388505	4611344	3.32	0	13
ptg004415l_1	484969	1115724	2.30	0	9
ptg004415l_1_region	484969	1115724	2.30	0	9
ptg004416l_1	267298	751653	2.81	0	9
ptg004416l_1_region	267298	751653	2.81	0	9
ptg004425l_1	28524	51645	1.81	0	6
ptg004425l_1_region	28524	51645	1.81	0	6
ptg004429l_1	801663	1913592	2.39	0	10
ptg004429l_1_region	801663	1913592	2.39	0	10
ptg004431l_1	337027	1787383	5.30	0	22
ptg004431l_1_region	337027	1787383	5.30	0	22
ptg004432l_1	147239	256096	1.74	0	8
ptg004432l_1_region	147239	256096	1.74	0	8
ptg004433l_1	336145	835789	2.49	0	10
ptg004433l_1_region	336145	835789	2.49	0	10
ptg004435l_1	420841	1598744	3.80	0	10
ptg004435l_1_region	420841	1598744	3.80	0	10
ptg004436l_1	10216	7964	0.78	0	2
ptg004436l_1_region	10216	7964	0.78	0	2
ptg004439l_1	223069	668264	3.00	0	43
ptg004439l_1_region	223069	668264	3.00	0	43
ptg004441l_1	254665	473445	1.86	0	10
ptg004441l_1_region	254665	473445	1.86	0	10
ptg004443l_1	573445	1802878	3.14	0	15
ptg004443l_1_region	573445	1802878	3.14	0	15
ptg004444l_1	102062	183654	1.80	0	8
ptg004444l_1_region	102062	183654	1.80	0	8
ptg004446l_1	490737	1334092	2.72	0	10
ptg004446l_1_region	490737	1334092	2.72	0	10
ptg004447l_1	279993	647258	2.31	0	8
ptg004447l_1_region	279993	647258	2.31	0	8
ptg004449l_1	453305	1543867	3.41	0	14
ptg004449l_1_region	453305	1543867	3.41	0	14
ptg004451l_1	129563	294251	2.27	0	11
ptg004451l_1_region	129563	294251	2.27	0	11
ptg004452l_1	119771	207737	1.73	0	7
ptg004452l_1_region	119771	207737	1.73	0	7
ptg004454l_1	158857	375245	2.36	0	7
ptg004454l_1_region	158857	375245	2.36	0	7
ptg004460l_1	154760	454786	2.94	0	9
ptg004460l_1_region	154760	454786	2.94	0	9
ptg004461l_1	677479	2237848	3.30	0	11
ptg004461l_1_region	677479	2237848	3.30	0	11
ptg004463l_1	322613	745039	2.31	0	8
ptg004463l_1_region	322613	745039	2.31	0	8
ptg004464l_1	228686	639441	2.80	0	13
ptg004464l_1_region	228686	639441	2.80	0	13
ptg004465l_1	442510	902636	2.04	0	8
ptg004465l_1_region	442510	902636	2.04	0	8
ptg004466l_1	168433	510972	3.03	0	13
ptg004466l_1_region	168433	510972	3.03	0	13
ptg004467l_1	237312	532567	2.24	0	7
ptg004467l_1_region	237312	532567	2.24	0	7
ptg004471l_1	80464	366148	4.55	0	18
ptg004471l_1_region	80464	366148	4.55	0	18
ptg004472l_1	330354	1032560	3.13	0	30
ptg004472l_1_region	330354	1032560	3.13	0	30
ptg004473l_1	300599	1299207	4.32	0	18
ptg004473l_1_region	300599	1299207	4.32	0	18
ptg004474l_1	422779	867819	2.05	0	8
ptg004474l_1_region	422779	867819	2.05	0	8
ptg004478l_1	332208	877747	2.64	0	9
ptg004478l_1_region	332208	877747	2.64	0	9
ptg004481l_1	27207	52920	1.95	0	4
ptg004481l_1_region	27207	52920	1.95	0	4
ptg004482l_1	308511	637137	2.07	0	9
ptg004482l_1_region	308511	637137	2.07	0	9
ptg004483l_1	281626	841402	2.99	0	9
ptg004483l_1_region	281626	841402	2.99	0	9
ptg004485l_1	436607	1404418	3.22	0	9
ptg004485l_1_region	436607	1404418	3.22	0	9
ptg004486l_1	262221	1119420	4.27	0	40
ptg004486l_1_region	262221	1119420	4.27	0	40
ptg004487l_1	532022	1292174	2.43	0	12
ptg004487l_1_region	532022	1292174	2.43	0	12
ptg004488l_1	368095	617157	1.68	0	10
ptg004488l_1_region	368095	617157	1.68	0	10
ptg004489l_1	129413	247361	1.91	0	11
ptg004489l_1_region	129413	247361	1.91	0	11
ptg004496l_1	398224	803957	2.02	0	7
ptg004496l_1_region	398224	803957	2.02	0	7
ptg004500l_1	264615	814040	3.08	0	93
ptg004500l_1_region	264615	814040	3.08	0	93
ptg004502l_1	177787	688378	3.87	0	13
ptg004502l_1_region	177787	688378	3.87	0	13
ptg004503l_1	518378	770717	1.49	0	10
ptg004503l_1_region	518378	770717	1.49	0	10
ptg004504l_1	102780	255505	2.49	0	9
ptg004504l_1_region	102780	255505	2.49	0	9
ptg004505l_1	473296	1026606	2.17	0	11
ptg004505l_1_region	473296	1026606	2.17	0	11
ptg004506l_1	47993	128629	2.68	0	5
ptg004506l_1_region	47993	128629	2.68	0	5
ptg004507l_1	680733	1624710	2.39	0	30
ptg004507l_1_region	680733	1624710	2.39	0	30
ptg004514l_1	279457	1029002	3.68	0	14
ptg004514l_1_region	279457	1029002	3.68	0	14
ptg004515l_1	49785	78705	1.58	0	6
ptg004515l_1_region	49785	78705	1.58	0	6
ptg004517l_1	377343	1327618	3.52	0	15
ptg004517l_1_region	377343	1327618	3.52	0	15
ptg004519l_1	335367	648360	1.93	0	48
ptg004519l_1_region	335367	648360	1.93	0	48
ptg004520l_1	36862	136195	3.69	0	11
ptg004520l_1_region	36862	136195	3.69	0	11
ptg004521l_1	497734	1013540	2.04	0	28
ptg004521l_1_region	497734	1013540	2.04	0	28
ptg004522l_1	569603	1408990	2.47	0	22
ptg004522l_1_region	569603	1408990	2.47	0	22
ptg004523l_1	429400	1271617	2.96	0	15
ptg004523l_1_region	429400	1271617	2.96	0	15
ptg004525l_1	160809	446262	2.78	0	10
ptg004525l_1_region	160809	446262	2.78	0	10
ptg004526l_1	129206	295129	2.28	0	19
ptg004526l_1_region	129206	295129	2.28	0	19
ptg004528l_1	380649	898510	2.36	0	9
ptg004528l_1_region	380649	898510	2.36	0	9
ptg004531l_1	452250	1608154	3.56	0	17
ptg004531l_1_region	452250	1608154	3.56	0	17
ptg004533l_1	567846	1444329	2.54	0	9
ptg004533l_1_region	567846	1444329	2.54	0	9
ptg004534l_1	98490	62543	0.64	0	5
ptg004534l_1_region	98490	62543	0.64	0	5
ptg004535l_1	17401	17179	0.99	0	2
ptg004535l_1_region	17401	17179	0.99	0	2
ptg004536l_1	45534	86714	1.90	0	7
ptg004536l_1_region	45534	86714	1.90	0	7
ptg004540l_1	22467	37035	1.65	0	7
ptg004540l_1_region	22467	37035	1.65	0	7
ptg004541l_1	48774	552333	11.32	0	42
ptg004541l_1_region	48774	552333	11.32	0	42
ptg004544l_1	254237	393302	1.55	0	5
ptg004544l_1_region	254237	393302	1.55	0	5
ptg004546l_1	132463	221030	1.67	0	7
ptg004546l_1_region	132463	221030	1.67	0	7
ptg004549l_1	284303	547624	1.93	0	33
ptg004549l_1_region	284303	547624	1.93	0	33
ptg004550l_1	523679	1913036	3.65	0	14
ptg004550l_1_region	523679	1913036	3.65	0	14
ptg004551l_1	298883	850006	2.84	0	9
ptg004551l_1_region	298883	850006	2.84	0	9
ptg004552l_1	330554	1190929	3.60	0	60
ptg004552l_1_region	330554	1190929	3.60	0	60
ptg004553l_1	195452	780428	3.99	0	10
ptg004553l_1_region	195452	780428	3.99	0	10
ptg004554l_1	71159	102252	1.44	0	9
ptg004554l_1_region	71159	102252	1.44	0	9
ptg004556l_1	220188	676940	3.07	0	7
ptg004556l_1_region	220188	676940	3.07	0	7
ptg004558l_1	438719	1157007	2.64	0	17
ptg004558l_1_region	438719	1157007	2.64	0	17
ptg004559l_1	19976	22375	1.12	0	3
ptg004559l_1_region	19976	22375	1.12	0	3
ptg004560l_1	77805	201496	2.59	0	8
ptg004560l_1_region	77805	201496	2.59	0	8
ptg004564l_1	150376	335502	2.23	0	14
ptg004564l_1_region	150376	335502	2.23	0	14
ptg004565l_1	262755	512093	1.95	0	7
ptg004565l_1_region	262755	512093	1.95	0	7
ptg004569l_1	202512	825823	4.08	0	13
ptg004569l_1_region	202512	825823	4.08	0	13
ptg004575l_1	128239	164079	1.28	0	8
ptg004575l_1_region	128239	164079	1.28	0	8
ptg004576l_1	720236	1318543	1.83	0	21
ptg004576l_1_region	720236	1318543	1.83	0	21
ptg004577l_1	544062	1074007	1.97	0	6
ptg004577l_1_region	544062	1074007	1.97	0	6
ptg004578l_1	243844	809533	3.32	0	17
ptg004578l_1_region	243844	809533	3.32	0	17
ptg004582l_1	247381	649368	2.62	0	12
ptg004582l_1_region	247381	649368	2.62	0	12
ptg004583l_1	129075	204034	1.58	0	8
ptg004583l_1_region	129075	204034	1.58	0	8
ptg004584l_1	140902	505147	3.59	0	14
ptg004584l_1_region	140902	505147	3.59	0	14
ptg004586l_1	988984	3244580	3.28	0	15
ptg004586l_1_region	988984	3244580	3.28	0	15
ptg004587l_1	108417	204742	1.89	0	12
ptg004587l_1_region	108417	204742	1.89	0	12
ptg004588l_1	960150	587257	0.61	0	7
ptg004588l_1_region	960150	587257	0.61	0	7
ptg004589l_1	189961	501312	2.64	0	12
ptg004589l_1_region	189961	501312	2.64	0	12
ptg004590l_1	226003	1235801	5.47	0	326
ptg004590l_1_region	226003	1235801	5.47	0	326
ptg004594l_1	242405	605336	2.50	0	7
ptg004594l_1_region	242405	605336	2.50	0	7
ptg004596l_1	355847	1133154	3.18	0	10
ptg004596l_1_region	355847	1133154	3.18	0	10
ptg004597l_1	194330	366386	1.89	0	10
ptg004597l_1_region	194330	366386	1.89	0	10
ptg004598l_1	169206	398639	2.36	0	11
ptg004598l_1_region	169206	398639	2.36	0	11
ptg004600l_1	157158	336855	2.14	0	9
ptg004600l_1_region	157158	336855	2.14	0	9
ptg004605l_1	394987	797098	2.02	0	9
ptg004605l_1_region	394987	797098	2.02	0	9
ptg004607l_1	1382642	2656538	1.92	0	12
ptg004607l_1_region	1382642	2656538	1.92	0	12
ptg004609l_1	240562	558457	2.32	0	8
ptg004609l_1_region	240562	558457	2.32	0	8
ptg004613l_1	361699	1042110	2.88	0	17
ptg004613l_1_region	361699	1042110	2.88	0	17
ptg004615l_1	534708	1492574	2.79	0	9
ptg004615l_1_region	534708	1492574	2.79	0	9
ptg004616l_1	258814	569339	2.20	0	12
ptg004616l_1_region	258814	569339	2.20	0	12
ptg004618l_1	74100	251978	3.40	0	13
ptg004618l_1_region	74100	251978	3.40	0	13
ptg004619l_1	38187	107086	2.80	0	6
ptg004619l_1_region	38187	107086	2.80	0	6
ptg004620l_1	235676	705422	2.99	0	17
ptg004620l_1_region	235676	705422	2.99	0	17
ptg004621l_1	118035	103741	0.88	0	5
ptg004621l_1_region	118035	103741	0.88	0	5
ptg004622l_1	373800	968038	2.59	0	10
ptg004622l_1_region	373800	968038	2.59	0	10
ptg004624l_1	174040	396448	2.28	0	7
ptg004624l_1_region	174040	396448	2.28	0	7
ptg004625l_1	429177	1399649	3.26	0	12
ptg004625l_1_region	429177	1399649	3.26	0	12
ptg004630l_1	633388	2039463	3.22	0	12
ptg004630l_1_region	633388	2039463	3.22	0	12
ptg004632l_1	139147	292058	2.10	0	8
ptg004632l_1_region	139147	292058	2.10	0	8
ptg004633l_1	421191	1347839	3.20	0	11
ptg004633l_1_region	421191	1347839	3.20	0	11
ptg004634l_1	131150	281058	2.14	0	8
ptg004634l_1_region	131150	281058	2.14	0	8
ptg004635l_1	81490	147830	1.81	0	17
ptg004635l_1_region	81490	147830	1.81	0	17
ptg004637l_1	293831	725007	2.47	0	9
ptg004637l_1_region	293831	725007	2.47	0	9
ptg004639l_1	152991	157718	1.03	0	6
ptg004639l_1_region	152991	157718	1.03	0	6
ptg004640l_1	226854	585058	2.58	0	15
ptg004640l_1_region	226854	585058	2.58	0	15
ptg004641l_1	326843	1133853	3.47	0	12
ptg004641l_1_region	326843	1133853	3.47	0	12
ptg004643l_1	252567	472670	1.87	0	9
ptg004643l_1_region	252567	472670	1.87	0	9
ptg004646l_1	415894	1013627	2.44	0	13
ptg004646l_1_region	415894	1013627	2.44	0	13
ptg004647l_1	703958	3540440	5.03	0	28
ptg004647l_1_region	703958	3540440	5.03	0	28
ptg004649l_1	681576	2654413	3.89	0	14
ptg004649l_1_region	681576	2654413	3.89	0	14
ptg004650l_1	597220	1234188	2.07	0	8
ptg004650l_1_region	597220	1234188	2.07	0	8
ptg004651l_1	200883	461500	2.30	0	11
ptg004651l_1_region	200883	461500	2.30	0	11
ptg004653l_1	38434	38961	1.01	0	5
ptg004653l_1_region	38434	38961	1.01	0	5
ptg004654l_1	110856	154399	1.39	0	7
ptg004654l_1_region	110856	154399	1.39	0	7
ptg004657l_1	116183	224906	1.94	0	5
ptg004657l_1_region	116183	224906	1.94	0	5
ptg004658l_1	180920	371741	2.05	0	6
ptg004658l_1_region	180920	371741	2.05	0	6
ptg004659l_1	180577	525955	2.91	0	12
ptg004659l_1_region	180577	525955	2.91	0	12
ptg004660l_1	86679	356322	4.11	0	9
ptg004660l_1_region	86679	356322	4.11	0	9
ptg004661l_1	278649	606491	2.18	0	12
ptg004661l_1_region	278649	606491	2.18	0	12
ptg004662l_1	220966	625768	2.83	0	12
ptg004662l_1_region	220966	625768	2.83	0	12
ptg004663l_1	225966	577127	2.55	0	9
ptg004663l_1_region	225966	577127	2.55	0	9
ptg004665l_1	883031	3157571	3.58	0	11
ptg004665l_1_region	883031	3157571	3.58	0	11
ptg004666l_1	159455	402770	2.53	0	8
ptg004666l_1_region	159455	402770	2.53	0	8
ptg004669l_1	258837	1090551	4.21	0	14
ptg004669l_1_region	258837	1090551	4.21	0	14
ptg004671l_1	1048211	3374839	3.22	0	12
ptg004671l_1_region	1048211	3374839	3.22	0	12
ptg004678l_1	746719	2413019	3.23	0	10
ptg004678l_1_region	746719	2413019	3.23	0	10
ptg004679l_1	859046	1130705	1.32	0	8
ptg004679l_1_region	859046	1130705	1.32	0	8
ptg004681l_1	164721	471851	2.86	0	8
ptg004681l_1_region	164721	471851	2.86	0	8
ptg004682l_1	377631	491874	1.30	0	5
ptg004682l_1_region	377631	491874	1.30	0	5
ptg004683l_1	100925	156220	1.55	0	9
ptg004683l_1_region	100925	156220	1.55	0	9
ptg004684l_1	124279	177029	1.42	0	5
ptg004684l_1_region	124279	177029	1.42	0	5
ptg004685l_1	221577	564253	2.55	0	9
ptg004685l_1_region	221577	564253	2.55	0	9
ptg004689l_1	312380	769898	2.46	0	7
ptg004689l_1_region	312380	769898	2.46	0	7
ptg004692l_1	269467	3697433	13.72	0	145
ptg004692l_1_region	269467	3697433	13.72	0	145
ptg004693l_1	186626	409087	2.19	0	8
ptg004693l_1_region	186626	409087	2.19	0	8
ptg004695l_1	1610242	9144990	5.68	0	44
ptg004695l_1_region	1610242	9144990	5.68	0	44
ptg004696l_1	312643	385442	1.23	0	5
ptg004696l_1_region	312643	385442	1.23	0	5
ptg004698l_1	950860	2373271	2.50	0	10
ptg004698l_1_region	950860	2373271	2.50	0	10
ptg004701l_1	252851	401122	1.59	0	18
ptg004701l_1_region	252851	401122	1.59	0	18
ptg004703l_1	203605	489406	2.40	0	9
ptg004703l_1_region	203605	489406	2.40	0	9
ptg004704l_1	245343	1545290	6.30	0	34
ptg004704l_1_region	245343	1545290	6.30	0	34
ptg004705l_1	204025	535600	2.63	0	7
ptg004705l_1_region	204025	535600	2.63	0	7
ptg004708l_1	842608	3367495	4.00	0	12
ptg004708l_1_region	842608	3367495	4.00	0	12
ptg004709l_1	391584	1089640	2.78	0	19
ptg004709l_1_region	391584	1089640	2.78	0	19
ptg004711l_1	687363	2452990	3.57	0	42
ptg004711l_1_region	687363	2452990	3.57	0	42
ptg004712l_1	847743	1892582	2.23	0	27
ptg004712l_1_region	847743	1892582	2.23	0	27
ptg004713l_1	190329	580687	3.05	0	12
ptg004713l_1_region	190329	580687	3.05	0	12
ptg004714l_1	995953	2091774	2.10	0	12
ptg004714l_1_region	995953	2091774	2.10	0	12
ptg004716l_1	611019	1759112	2.88	0	9
ptg004716l_1_region	611019	1759112	2.88	0	9
ptg004719l_1	27428	28482	1.04	0	4
ptg004719l_1_region	27428	28482	1.04	0	4
ptg004723l_1	228001	481022	2.11	0	14
ptg004723l_1_region	228001	481022	2.11	0	14
ptg004725l_1	31658	40114	1.27	0	3
ptg004725l_1_region	31658	40114	1.27	0	3
ptg004727l_1	147909	288008	1.95	0	8
ptg004727l_1_region	147909	288008	1.95	0	8
ptg004731l_1	1647395	3542998	2.15	0	16
ptg004731l_1_region	1647395	3542998	2.15	0	16
ptg004732l_1	234063	429476	1.83	0	12
ptg004732l_1_region	234063	429476	1.83	0	12
ptg004736l_1	300149	601096	2.00	0	15
ptg004736l_1_region	300149	601096	2.00	0	15
ptg004748l_1	709896	2080256	2.93	0	15
ptg004748l_1_region	709896	2080256	2.93	0	15
ptg004751l_1	603246	1899869	3.15	0	26
ptg004751l_1_region	603246	1899869	3.15	0	26
ptg004752l_1	35238	52717	1.50	0	4
ptg004752l_1_region	35238	52717	1.50	0	4
ptg004755l_1	414694	1266100	3.05	0	12
ptg004755l_1_region	414694	1266100	3.05	0	12
ptg004756l_1	50773	84877	1.67	0	5
ptg004756l_1_region	50773	84877	1.67	0	5
ptg004759l_1	1123265	3948137	3.51	0	12
ptg004759l_1_region	1123265	3948137	3.51	0	12
ptg004761l_1	162900	506931	3.11	0	20
ptg004761l_1_region	162900	506931	3.11	0	20
ptg004762l_1	78133	311602	3.99	0	11
ptg004762l_1_region	78133	311602	3.99	0	11
ptg004764l_1	45689	107468	2.35	0	6
ptg004764l_1_region	45689	107468	2.35	0	6
ptg004765l_1	260541	824026	3.16	0	16
ptg004765l_1_region	260541	824026	3.16	0	16
ptg004767l_1	74140	132242	1.78	0	5
ptg004767l_1_region	74140	132242	1.78	0	5
ptg004771l_1	88709	161248	1.82	0	6
ptg004771l_1_region	88709	161248	1.82	0	6
ptg004774l_1	135769	281058	2.07	0	126
ptg004774l_1_region	135769	281058	2.07	0	126
ptg004776l_1	408915	1194083	2.92	0	15
ptg004776l_1_region	408915	1194083	2.92	0	15
ptg004777l_1	115534	246733	2.14	0	7
ptg004777l_1_region	115534	246733	2.14	0	7
ptg004778l_1	141346	319490	2.26	0	11
ptg004778l_1_region	141346	319490	2.26	0	11
ptg004779l_1	602311	1755278	2.91	0	10
ptg004779l_1_region	602311	1755278	2.91	0	10
ptg004782l_1	12850	39919	3.11	0	9
ptg004782l_1_region	12850	39919	3.11	0	9
ptg004783l_1	638638	2182852	3.42	0	16
ptg004783l_1_region	638638	2182852	3.42	0	16
ptg004785l_1	371322	1307079	3.52	0	22
ptg004785l_1_region	371322	1307079	3.52	0	22
ptg004786l_1	27355	60116	2.20	0	5
ptg004786l_1_region	27355	60116	2.20	0	5
ptg004788l_1	597866	1506644	2.52	0	12
ptg004788l_1_region	597866	1506644	2.52	0	12
ptg004792l_1	475211	1152617	2.43	0	9
ptg004792l_1_region	475211	1152617	2.43	0	9
ptg004793l_1	510356	1873132	3.67	0	16
ptg004793l_1_region	510356	1873132	3.67	0	16
ptg004795l_1	927927	3140819	3.38	0	19
ptg004795l_1_region	927927	3140819	3.38	0	19
ptg004797l_1	351014	1255419	3.58	0	27
ptg004797l_1_region	351014	1255419	3.58	0	27
ptg004798l_1	292365	1115515	3.82	0	10
ptg004798l_1_region	292365	1115515	3.82	0	10
ptg004799l_1	428435	1568584	3.66	0	10
ptg004799l_1_region	428435	1568584	3.66	0	10
ptg004800l_1	123495	239910	1.94	0	7
ptg004800l_1_region	123495	239910	1.94	0	7
ptg004802l_1	228199	415996	1.82	0	7
ptg004802l_1_region	228199	415996	1.82	0	7
ptg004807l_1	146097	289106	1.98	0	13
ptg004807l_1_region	146097	289106	1.98	0	13
ptg004813l_1	241558	605442	2.51	0	9
ptg004813l_1_region	241558	605442	2.51	0	9
ptg004814l_1	412672	579023	1.40	0	13
ptg004814l_1_region	412672	579023	1.40	0	13
ptg004816l_1	531605	2079596	3.91	0	16
ptg004816l_1_region	531605	2079596	3.91	0	16
ptg004817l_1	27778	52811	1.90	0	7
ptg004817l_1_region	27778	52811	1.90	0	7
ptg004820l_1	315997	1369312	4.33	0	19
ptg004820l_1_region	315997	1369312	4.33	0	19
ptg004824l_1	459605	846637	1.84	0	11
ptg004824l_1_region	459605	846637	1.84	0	11
ptg004828l_1	22945	30976	1.35	0	3
ptg004828l_1_region	22945	30976	1.35	0	3
ptg004829l_1	155175	515685	3.32	0	36
ptg004829l_1_region	155175	515685	3.32	0	36
ptg004833l_1	90320	210977	2.34	0	6
ptg004833l_1_region	90320	210977	2.34	0	6
ptg004834l_1	52647	112131	2.13	0	5
ptg004834l_1_region	52647	112131	2.13	0	5
ptg004835l_1	211810	684963	3.23	0	8
ptg004835l_1_region	211810	684963	3.23	0	8
ptg004836l_1	537132	3142559	5.85	0	32
ptg004836l_1_region	537132	3142559	5.85	0	32
ptg004837l_1	434469	836439	1.93	0	7
ptg004837l_1_region	434469	836439	1.93	0	7
ptg004838l_1	123653	206318	1.67	0	29
ptg004838l_1_region	123653	206318	1.67	0	29
ptg004841l_1	770746	1754663	2.28	0	11
ptg004841l_1_region	770746	1754663	2.28	0	11
ptg004844l_1	231873	568686	2.45	0	10
ptg004844l_1_region	231873	568686	2.45	0	10
ptg004845l_1	316417	953429	3.01	0	39
ptg004845l_1_region	316417	953429	3.01	0	39
ptg004846l_1	69212	128836	1.86	0	5
ptg004846l_1_region	69212	128836	1.86	0	5
ptg004847l_1	87883	246867	2.81	0	10
ptg004847l_1_region	87883	246867	2.81	0	10
ptg004848l_1	28424	39338	1.38	0	9
ptg004848l_1_region	28424	39338	1.38	0	9
ptg004850l_1	72438	79902	1.10	0	7
ptg004850l_1_region	72438	79902	1.10	0	7
ptg004852l_1	37321	73879	1.98	0	7
ptg004852l_1_region	37321	73879	1.98	0	7
ptg004854l_1	482220	1772918	3.68	0	31
ptg004854l_1_region	482220	1772918	3.68	0	31
ptg004856l_1	1235753	4661871	3.77	0	12
ptg004856l_1_region	1235753	4661871	3.77	0	12
ptg004857l_1	345385	849464	2.46	0	10
ptg004857l_1_region	345385	849464	2.46	0	10
ptg004859l_1	229350	571560	2.49	0	11
ptg004859l_1_region	229350	571560	2.49	0	11
ptg004867l_1	308087	1139609	3.70	0	35
ptg004867l_1_region	308087	1139609	3.70	0	35
ptg004869l_1	217604	508242	2.34	0	10
ptg004869l_1_region	217604	508242	2.34	0	10
ptg004870l_1	158579	443039	2.79	0	9
ptg004870l_1_region	158579	443039	2.79	0	9
ptg004871l_1	204774	719514	3.51	0	22
ptg004871l_1_region	204774	719514	3.51	0	22
ptg004876l_1	599114	535480	0.89	0	8
ptg004876l_1_region	599114	535480	0.89	0	8
ptg004877l_1	654865	1834718	2.80	0	12
ptg004877l_1_region	654865	1834718	2.80	0	12
ptg004878l_1	299935	670963	2.24	0	17
ptg004878l_1_region	299935	670963	2.24	0	17
ptg004879l_1	35453	22020	0.62	0	4
ptg004879l_1_region	35453	22020	0.62	0	4
ptg004880l_1	605395	1348404	2.23	0	17
ptg004880l_1_region	605395	1348404	2.23	0	17
ptg004881l_1	69602	97785	1.40	0	5
ptg004881l_1_region	69602	97785	1.40	0	5
ptg004883l_1	250809	742138	2.96	0	21
ptg004883l_1_region	250809	742138	2.96	0	21
ptg004884l_1	119810	132385	1.10	0	6
ptg004884l_1_region	119810	132385	1.10	0	6
ptg004886l_1	143571	376357	2.62	0	10
ptg004886l_1_region	143571	376357	2.62	0	10
ptg004887l_1	600467	2409306	4.01	0	69
ptg004887l_1_region	600467	2409306	4.01	0	69
ptg004889l_1	358752	1019361	2.84	0	12
ptg004889l_1_region	358752	1019361	2.84	0	12
ptg004893l_1	523202	2412803	4.61	0	32
ptg004893l_1_region	523202	2412803	4.61	0	32
ptg004894l_1	35422	53058	1.50	0	5
ptg004894l_1_region	35422	53058	1.50	0	5
ptg004895l_1	394803	813049	2.06	0	10
ptg004895l_1_region	394803	813049	2.06	0	10
ptg004896l_1	110484	258994	2.34	0	7
ptg004896l_1_region	110484	258994	2.34	0	7
ptg004898l_1	389511	992771	2.55	0	10
ptg004898l_1_region	389511	992771	2.55	0	10
ptg004899l_1	412273	1765503	4.28	0	14
ptg004899l_1_region	412273	1765503	4.28	0	14
ptg004900l_1	324397	854996	2.64	0	12
ptg004900l_1_region	324397	854996	2.64	0	12
ptg004903l_1	264053	1022952	3.87	0	11
ptg004903l_1_region	264053	1022952	3.87	0	11
ptg004905l_1	357370	706421	1.98	0	7
ptg004905l_1_region	357370	706421	1.98	0	7
ptg004908l_1	149529	395346	2.64	0	10
ptg004908l_1_region	149529	395346	2.64	0	10
ptg004912l_1	1000967	2341391	2.34	0	9
ptg004912l_1_region	1000967	2341391	2.34	0	9
ptg004915l_1	184329	458605	2.49	0	9
ptg004915l_1_region	184329	458605	2.49	0	9
ptg004917l_1	24774	16648	0.67	0	1
ptg004917l_1_region	24774	16648	0.67	0	1
ptg004918l_1	350406	1043502	2.98	0	16
ptg004918l_1_region	350406	1043502	2.98	0	16
ptg004919l_1	608661	2286720	3.76	0	16
ptg004919l_1_region	608661	2286720	3.76	0	16
ptg004920l_1	357176	1167581	3.27	0	16
ptg004920l_1_region	357176	1167581	3.27	0	16
ptg004921l_1	405034	1103787	2.73	0	8
ptg004921l_1_region	405034	1103787	2.73	0	8
ptg004923l_1	195686	344126	1.76	0	6
ptg004923l_1_region	195686	344126	1.76	0	6
ptg004924l_1	22739	789	0.03	0	1
ptg004924l_1_region	22739	789	0.03	0	1
ptg004925l_1	622882	947150	1.52	0	8
ptg004925l_1_region	622882	947150	1.52	0	8
ptg004927l_1	315170	1040805	3.30	0	13
ptg004927l_1_region	315170	1040805	3.30	0	13
ptg004928l_1	60156	118253	1.97	0	5
ptg004928l_1_region	60156	118253	1.97	0	5
ptg004929l_1	148299	445806	3.01	0	28
ptg004929l_1_region	148299	445806	3.01	0	28
ptg004930l_1	723236	1559161	2.16	0	15
ptg004930l_1_region	723236	1559161	2.16	0	15
ptg004931l_1	75879	229683	3.03	0	9
ptg004931l_1_region	75879	229683	3.03	0	9
ptg004932l_1	106211	13944	0.13	0	3
ptg004932l_1_region	106211	13944	0.13	0	3
ptg004934l_1	165082	349995	2.12	0	9
ptg004934l_1_region	165082	349995	2.12	0	9
ptg004935l_1	381798	956702	2.51	0	11
ptg004935l_1_region	381798	956702	2.51	0	11
ptg004937l_1	713093	1738119	2.44	0	13
ptg004937l_1_region	713093	1738119	2.44	0	13
ptg004939l_1	70517	450400	6.39	0	22
ptg004939l_1_region	70517	450400	6.39	0	22
ptg004940l_1	722019	2385626	3.30	0	15
ptg004940l_1_region	722019	2385626	3.30	0	15
ptg004941l_1	68449	283840	4.15	0	22
ptg004941l_1_region	68449	283840	4.15	0	22
ptg004943l_1	378740	672168	1.77	0	9
ptg004943l_1_region	378740	672168	1.77	0	9
ptg004944l_1	49399	43602	0.88	0	8
ptg004944l_1_region	49399	43602	0.88	0	8
ptg004945l_1	514031	1528327	2.97	0	10
ptg004945l_1_region	514031	1528327	2.97	0	10
ptg004948l_1	181102	489707	2.70	0	17
ptg004948l_1_region	181102	489707	2.70	0	17
ptg004949l_1	134255	203175	1.51	0	4
ptg004949l_1_region	134255	203175	1.51	0	4
ptg004951l_1	108284	221561	2.05	0	17
ptg004951l_1_region	108284	221561	2.05	0	17
ptg004953l_1	13747	15071	1.10	0	3
ptg004953l_1_region	13747	15071	1.10	0	3
ptg004955l_1	418224	1112156	2.66	0	28
ptg004955l_1_region	418224	1112156	2.66	0	28
ptg004957l_1	65461	175264	2.68	0	9
ptg004957l_1_region	65461	175264	2.68	0	9
ptg004958l_1	166416	333841	2.01	0	11
ptg004958l_1_region	166416	333841	2.01	0	11
ptg004959l_1	69912	171299	2.45	0	20
ptg004959l_1_region	69912	171299	2.45	0	20
ptg004961l_1	101449	206349	2.03	0	7
ptg004961l_1_region	101449	206349	2.03	0	7
ptg004962l_1	322084	739736	2.30	0	11
ptg004962l_1_region	322084	739736	2.30	0	11
ptg004963l_1	49824	104227	2.09	0	8
ptg004963l_1_region	49824	104227	2.09	0	8
ptg004964l_1	125800	405560	3.22	0	37
ptg004964l_1_region	125800	405560	3.22	0	37
ptg004965l_1	465750	1468434	3.15	0	11
ptg004965l_1_region	465750	1468434	3.15	0	11
ptg004966l_1	322265	853431	2.65	0	13
ptg004966l_1_region	322265	853431	2.65	0	13
ptg004968l_1	59611	94145	1.58	0	7
ptg004968l_1_region	59611	94145	1.58	0	7
ptg004969l_1	13026	22204	1.70	0	4
ptg004969l_1_region	13026	22204	1.70	0	4
ptg004970l_1	53724	44735	0.83	0	2
ptg004970l_1_region	53724	44735	0.83	0	2
ptg004975l_1	319759	837958	2.62	0	16
ptg004975l_1_region	319759	837958	2.62	0	16
ptg004976l_1	182186	485873	2.67	0	9
ptg004976l_1_region	182186	485873	2.67	0	9
ptg004978l_1	176287	638065	3.62	0	42
ptg004978l_1_region	176287	638065	3.62	0	42
ptg004979l_1	247465	373465	1.51	0	6
ptg004979l_1_region	247465	373465	1.51	0	6
ptg004980l_1	353105	852466	2.41	0	20
ptg004980l_1_region	353105	852466	2.41	0	20
ptg004981l_1	180362	461336	2.56	0	13
ptg004981l_1_region	180362	461336	2.56	0	13
ptg004982l_1	82580	171685	2.08	0	7
ptg004982l_1_region	82580	171685	2.08	0	7
ptg004983l_1	17603	15498	0.88	0	3
ptg004983l_1_region	17603	15498	0.88	0	3
ptg004984l_1	61293	136314	2.22	0	10
ptg004984l_1_region	61293	136314	2.22	0	10
ptg004985l_1	244791	806489	3.29	0	48
ptg004985l_1_region	244791	806489	3.29	0	48
ptg004987l_1	179513	459408	2.56	0	10
ptg004987l_1_region	179513	459408	2.56	0	10
ptg004988l_1	280588	962482	3.43	0	11
ptg004988l_1_region	280588	962482	3.43	0	11
ptg004990l_1	609520	2119464	3.48	0	10
ptg004990l_1_region	609520	2119464	3.48	0	10
ptg004992l_1	243515	942406	3.87	0	16
ptg004992l_1_region	243515	942406	3.87	0	16
ptg004998l_1	251708	664481	2.64	0	17
ptg004998l_1_region	251708	664481	2.64	0	17
ptg005000l_1	195412	373737	1.91	0	7
ptg005000l_1_region	195412	373737	1.91	0	7
ptg005004l_1	72528	95640	1.32	0	5
ptg005004l_1_region	72528	95640	1.32	0	5
ptg005005l_1	1235887	1653313	1.34	0	14
ptg005005l_1_region	1235887	1653313	1.34	0	14
ptg005007l_1	132478	290713	2.19	0	6
ptg005007l_1_region	132478	290713	2.19	0	6
ptg005012l_1	197199	458269	2.32	0	8
ptg005012l_1_region	197199	458269	2.32	0	8
ptg005017l_1	140379	435671	3.10	0	31
ptg005017l_1_region	140379	435671	3.10	0	31
ptg005019l_1	192920	731863	3.79	0	29
ptg005019l_1_region	192920	731863	3.79	0	29
ptg005026l_1	64340	81512	1.27	0	3
ptg005026l_1_region	64340	81512	1.27	0	3
ptg005030l_1	44821	42847	0.96	0	8
ptg005030l_1_region	44821	42847	0.96	0	8
ptg005031l_1	255269	1037333	4.06	0	13
ptg005031l_1_region	255269	1037333	4.06	0	13
ptg005035l_1	530913	2047988	3.86	0	12
ptg005035l_1_region	530913	2047988	3.86	0	12
ptg005036l_1	603579	2028976	3.36	0	12
ptg005036l_1_region	603579	2028976	3.36	0	12
ptg005037l_1	121344	130531	1.08	0	10
ptg005037l_1_region	121344	130531	1.08	0	10
ptg005038l_1	264048	581637	2.20	0	12
ptg005038l_1_region	264048	581637	2.20	0	12
ptg005039l_1	145063	403746	2.78	0	14
ptg005039l_1_region	145063	403746	2.78	0	14
ptg005040l_1	306040	653797	2.14	0	23
ptg005040l_1_region	306040	653797	2.14	0	23
ptg005045l_1	198320	638102	3.22	0	12
ptg005045l_1_region	198320	638102	3.22	0	12
ptg005046l_1	378770	785790	2.07	0	8
ptg005046l_1_region	378770	785790	2.07	0	8
ptg005050l_1	295795	649723	2.20	0	18
ptg005050l_1_region	295795	649723	2.20	0	18
ptg005055l_1	1026869	3299943	3.21	0	23
ptg005055l_1_region	1026869	3299943	3.21	0	23
ptg005060l_1	703494	2392815	3.40	0	18
ptg005060l_1_region	703494	2392815	3.40	0	18
ptg005063l_1	653631	2121185	3.25	0	19
ptg005063l_1_region	653631	2121185	3.25	0	19
ptg005065l_1	301502	760660	2.52	0	21
ptg005065l_1_region	301502	760660	2.52	0	21
ptg005066l_1	108019	430003	3.98	0	25
ptg005066l_1_region	108019	430003	3.98	0	25
ptg005069l_1	402607	1021438	2.54	0	13
ptg005069l_1_region	402607	1021438	2.54	0	13
ptg005071l_1	299380	794251	2.65	0	32
ptg005071l_1_region	299380	794251	2.65	0	32
ptg005072l_1	518599	1215654	2.34	0	9
ptg005072l_1_region	518599	1215654	2.34	0	9
ptg005077l_1	275390	807818	2.93	0	13
ptg005077l_1_region	275390	807818	2.93	0	13
ptg005080l_1	241401	511517	2.12	0	7
ptg005080l_1_region	241401	511517	2.12	0	7
ptg005081l_1	46277	66762	1.44	0	5
ptg005081l_1_region	46277	66762	1.44	0	5
ptg005082l_1	680995	1853744	2.72	0	10
ptg005082l_1_region	680995	1853744	2.72	0	10
ptg005083l_1	157444	190812	1.21	0	10
ptg005083l_1_region	157444	190812	1.21	0	10
ptg005084l_1	53496	64932	1.21	0	4
ptg005084l_1_region	53496	64932	1.21	0	4
ptg005085l_1	1585071	8468705	5.34	0	79
ptg005085l_1_region	1585071	8468705	5.34	0	79
ptg005091l_1	620772	2277058	3.67	0	11
ptg005091l_1_region	620772	2277058	3.67	0	11
ptg005095l_1	64564	184295	2.85	0	8
ptg005095l_1_region	64564	184295	2.85	0	8
ptg005098l_1	350528	1168135	3.33	0	8
ptg005098l_1_region	350528	1168135	3.33	0	8
ptg005101l_1	1246424	7239210	5.81	0	681
ptg005101l_1_region	1246424	7239210	5.81	0	681
ptg005104l_1	303706	864210	2.85	0	11
ptg005104l_1_region	303706	864210	2.85	0	11
ptg005105l_1	64384	98280	1.53	0	5
ptg005105l_1_region	64384	98280	1.53	0	5
ptg005106l_1	561191	1771675	3.16	0	11
ptg005106l_1_region	561191	1771675	3.16	0	11
ptg005107l_1	438930	1602500	3.65	0	11
ptg005107l_1_region	438930	1602500	3.65	0	11
ptg005110l_1	179817	734132	4.08	0	13
ptg005110l_1_region	179817	734132	4.08	0	13
ptg005113l_1	221872	828397	3.73	0	20
ptg005113l_1_region	221872	828397	3.73	0	20
ptg005114l_1	99291	245611	2.47	0	14
ptg005114l_1_region	99291	245611	2.47	0	14
ptg005116l_1	350915	1014734	2.89	0	14
ptg005116l_1_region	350915	1014734	2.89	0	14
ptg005118l_1	275595	316033	1.15	0	7
ptg005118l_1_region	275595	316033	1.15	0	7
ptg005119l_1	321466	967837	3.01	0	14
ptg005119l_1_region	321466	967837	3.01	0	14
ptg005120l_1	291305	646564	2.22	0	86
ptg005120l_1_region	291305	646564	2.22	0	86
ptg005125l_1	171497	457230	2.67	0	10
ptg005125l_1_region	171497	457230	2.67	0	10
ptg005127l_1	69696	89608	1.29	0	8
ptg005127l_1_region	69696	89608	1.29	0	8
ptg005128l_1	173402	403345	2.33	0	16
ptg005128l_1_region	173402	403345	2.33	0	16
ptg005130l_1	175941	307254	1.75	0	7
ptg005130l_1_region	175941	307254	1.75	0	7
ptg005131l_1	140414	172372	1.23	0	5
ptg005131l_1_region	140414	172372	1.23	0	5
ptg005132l_1	167667	877823	5.24	0	14
ptg005132l_1_region	167667	877823	5.24	0	14
ptg005134l_1	156946	352991	2.25	0	7
ptg005134l_1_region	156946	352991	2.25	0	7
ptg005138l_1	29759	44375	1.49	0	4
ptg005138l_1_region	29759	44375	1.49	0	4
ptg005139l_1	236202	749581	3.17	0	10
ptg005139l_1_region	236202	749581	3.17	0	10
ptg005142l_1	10745	3583	0.33	0	1
ptg005142l_1_region	10745	3583	0.33	0	1
ptg005143l_1	537708	2125859	3.95	0	124
ptg005143l_1_region	537708	2125859	3.95	0	124
ptg005144l_1	151179	243455	1.61	0	7
ptg005144l_1_region	151179	243455	1.61	0	7
ptg005147l_1	70410	181660	2.58	0	7
ptg005147l_1_region	70410	181660	2.58	0	7
ptg005148l_1	696544	1566178	2.25	0	17
ptg005148l_1_region	696544	1566178	2.25	0	17
ptg005150l_1	313778	845734	2.70	0	16
ptg005150l_1_region	313778	845734	2.70	0	16
ptg005151l_1	278490	826673	2.97	0	22
ptg005151l_1_region	278490	826673	2.97	0	22
ptg005152l_1	42703	120125	2.81	0	5
ptg005152l_1_region	42703	120125	2.81	0	5
ptg005153l_1	453776	1431236	3.15	0	11
ptg005153l_1_region	453776	1431236	3.15	0	11
ptg005156l_1	112795	357749	3.17	0	8
ptg005156l_1_region	112795	357749	3.17	0	8
ptg005159l_1	157604	434090	2.75	0	12
ptg005159l_1_region	157604	434090	2.75	0	12
ptg005160l_1	52075	68549	1.32	0	5
ptg005160l_1_region	52075	68549	1.32	0	5
ptg005161l_1	951102	2308428	2.43	0	12
ptg005161l_1_region	951102	2308428	2.43	0	12
ptg005162l_1	302270	1036915	3.43	0	101
ptg005162l_1_region	302270	1036915	3.43	0	101
ptg005165l_1	123438	293903	2.38	0	10
ptg005165l_1_region	123438	293903	2.38	0	10
ptg005166l_1	30137	11132	0.37	0	1
ptg005166l_1_region	30137	11132	0.37	0	1
ptg005167l_1	188854	558174	2.96	0	11
ptg005167l_1_region	188854	558174	2.96	0	11
ptg005171l_1	395313	1423592	3.60	0	73
ptg005171l_1_region	395313	1423592	3.60	0	73
ptg005173l_1	258580	460047	1.78	0	9
ptg005173l_1_region	258580	460047	1.78	0	9
ptg005177l_1	571801	2520824	4.41	0	15
ptg005177l_1_region	571801	2520824	4.41	0	15
ptg005180l_1	475896	1046358	2.20	0	11
ptg005180l_1_region	475896	1046358	2.20	0	11
ptg005183l_1	47064	45561	0.97	0	3
ptg005183l_1_region	47064	45561	0.97	0	3
ptg005187l_1	199133	532335	2.67	0	8
ptg005187l_1_region	199133	532335	2.67	0	8
ptg005189l_1	165447	482449	2.92	0	8
ptg005189l_1_region	165447	482449	2.92	0	8
ptg005190l_1	279545	621362	2.22	0	8
ptg005190l_1_region	279545	621362	2.22	0	8
ptg005192l_1	478478	940067	1.96	0	12
ptg005192l_1_region	478478	940067	1.96	0	12
ptg005193l_1	42706	85561	2.00	0	17
ptg005193l_1_region	42706	85561	2.00	0	17
ptg005194l_1	93564	271253	2.90	0	9
ptg005194l_1_region	93564	271253	2.90	0	9
ptg005198l_1	336532	674575	2.00	0	9
ptg005198l_1_region	336532	674575	2.00	0	9
ptg005200l_1	154022	257067	1.67	0	10
ptg005200l_1_region	154022	257067	1.67	0	10
ptg005203l_1	771589	2878273	3.73	0	13
ptg005203l_1_region	771589	2878273	3.73	0	13
ptg005206l_1	126365	287444	2.27	0	6
ptg005206l_1_region	126365	287444	2.27	0	6
ptg005209l_1	19234	28110	1.46	0	3
ptg005209l_1_region	19234	28110	1.46	0	3
ptg005215l_1	46062	96786	2.10	0	5
ptg005215l_1_region	46062	96786	2.10	0	5
ptg005217l_1	164013	312156	1.90	0	9
ptg005217l_1_region	164013	312156	1.90	0	9
ptg005219l_1	563842	802702	1.42	0	9
ptg005219l_1_region	563842	802702	1.42	0	9
ptg005220l_1	276380	751830	2.72	0	9
ptg005220l_1_region	276380	751830	2.72	0	9
ptg005223l_1	360049	10068568	27.96	0	90
ptg005223l_1_region	360049	10068568	27.96	0	90
ptg005225l_1	923307	2171539	2.35	0	10
ptg005225l_1_region	923307	2171539	2.35	0	10
ptg005226l_1	730471	2184112	2.99	0	23
ptg005226l_1_region	730471	2184112	2.99	0	23
ptg005227l_1	708817	3189002	4.50	0	36
ptg005227l_1_region	708817	3189002	4.50	0	36
ptg005230l_1	1274157	3794491	2.98	0	105
ptg005230l_1_region	1274157	3794491	2.98	0	105
ptg005231l_1	211281	473886	2.24	0	10
ptg005231l_1_region	211281	473886	2.24	0	10
ptg005233l_1	115252	475764	4.13	0	17
ptg005233l_1_region	115252	475764	4.13	0	17
ptg005235l_1	120076	371028	3.09	0	17
ptg005235l_1_region	120076	371028	3.09	0	17
ptg005237l_1	481267	972174	2.02	0	11
ptg005237l_1_region	481267	972174	2.02	0	11
ptg005238l_1	207398	344316	1.66	0	6
ptg005238l_1_region	207398	344316	1.66	0	6
ptg005239l_1	129685	326256	2.52	0	7
ptg005239l_1_region	129685	326256	2.52	0	7
ptg005242l_1	225109	515027	2.29	0	8
ptg005242l_1_region	225109	515027	2.29	0	8
ptg005244l_1	81023	184033	2.27	0	7
ptg005244l_1_region	81023	184033	2.27	0	7
ptg005246l_1	127861	343649	2.69	0	44
ptg005246l_1_region	127861	343649	2.69	0	44
ptg005247l_1	82391	383725	4.66	0	20
ptg005247l_1_region	82391	383725	4.66	0	20
ptg005253l_1	747943	2184684	2.92	0	12
ptg005253l_1_region	747943	2184684	2.92	0	12
ptg005255l_1	113094	283541	2.51	0	9
ptg005255l_1_region	113094	283541	2.51	0	9
ptg005260l_1	169443	902333	5.33	0	21
ptg005260l_1_region	169443	902333	5.33	0	21
ptg005263l_1	45090	55387	1.23	0	5
ptg005263l_1_region	45090	55387	1.23	0	5
ptg005269l_1	669997	2172621	3.24	0	12
ptg005269l_1_region	669997	2172621	3.24	0	12
ptg005270l_1	421368	975924	2.32	0	10
ptg005270l_1_region	421368	975924	2.32	0	10
ptg005272l_1	417403	1202429	2.88	0	15
ptg005272l_1_region	417403	1202429	2.88	0	15
ptg005273l_1	722794	1721464	2.38	0	9
ptg005273l_1_region	722794	1721464	2.38	0	9
ptg005274l_1	49202	264002	5.37	0	19
ptg005274l_1_region	49202	264002	5.37	0	19
ptg005275l_1	92476	223130	2.41	0	7
ptg005275l_1_region	92476	223130	2.41	0	7
ptg005276l_1	101312	192328	1.90	0	6
ptg005276l_1_region	101312	192328	1.90	0	6
ptg005277l_1	42090	67275	1.60	0	4
ptg005277l_1_region	42090	67275	1.60	0	4
ptg005280l_1	32060	48622	1.52	0	3
ptg005280l_1_region	32060	48622	1.52	0	3
ptg005281l_1	150434	374965	2.49	0	8
ptg005281l_1_region	150434	374965	2.49	0	8
ptg005286l_1	171165	631176	3.69	0	38
ptg005286l_1_region	171165	631176	3.69	0	38
ptg005291l_1	290935	979860	3.37	0	11
ptg005291l_1_region	290935	979860	3.37	0	11
ptg005294l_1	96892	256460	2.65	0	12
ptg005294l_1_region	96892	256460	2.65	0	12
ptg005295l_1	230127	578147	2.51	0	15
ptg005295l_1_region	230127	578147	2.51	0	15
ptg005296l_1	218404	618184	2.83	0	9
ptg005296l_1_region	218404	618184	2.83	0	9
ptg005298l_1	19130	28111	1.47	0	8
ptg005298l_1_region	19130	28111	1.47	0	8
ptg005301l_1	341714	742106	2.17	0	14
ptg005301l_1_region	341714	742106	2.17	0	14
ptg005303l_1	233754	373408	1.60	0	11
ptg005303l_1_region	233754	373408	1.60	0	11
ptg005304l_1	70468	171509	2.43	0	7
ptg005304l_1_region	70468	171509	2.43	0	7
ptg005308l_1	194675	388069	1.99	0	7
ptg005308l_1_region	194675	388069	1.99	0	7
ptg005309l_1	58534	118544	2.03	0	15
ptg005309l_1_region	58534	118544	2.03	0	15
ptg005310l_1	45256	191828	4.24	0	15
ptg005310l_1_region	45256	191828	4.24	0	15
ptg005311l_1	373995	905242	2.42	0	13
ptg005311l_1_region	373995	905242	2.42	0	13
ptg005316l_1	267147	687952	2.58	0	9
ptg005316l_1_region	267147	687952	2.58	0	9
ptg005317l_1	240322	636300	2.65	0	88
ptg005317l_1_region	240322	636300	2.65	0	88
ptg005318l_1	322157	1305327	4.05	0	12
ptg005318l_1_region	322157	1305327	4.05	0	12
ptg005319l_1	265795	971324	3.65	0	62
ptg005319l_1_region	265795	971324	3.65	0	62
ptg005321l_1	286478	1009516	3.52	0	12
ptg005321l_1_region	286478	1009516	3.52	0	12
ptg005322l_1	608975	4213312	6.92	0	90
ptg005322l_1_region	608975	4213312	6.92	0	90
ptg005323l_1	259532	453720	1.75	0	10
ptg005323l_1_region	259532	453720	1.75	0	10
ptg005324l_1	410812	1325033	3.23	0	17
ptg005324l_1_region	410812	1325033	3.23	0	17
ptg005328l_1	121276	247650	2.04	0	7
ptg005328l_1_region	121276	247650	2.04	0	7
ptg005329l_1	389880	746516	1.91	0	13
ptg005329l_1_region	389880	746516	1.91	0	13
ptg005331l_1	208718	436145	2.09	0	7
ptg005331l_1_region	208718	436145	2.09	0	7
ptg005332l_1	112176	224034	2.00	0	6
ptg005332l_1_region	112176	224034	2.00	0	6
ptg005334l_1	63505	85515	1.35	0	4
ptg005334l_1_region	63505	85515	1.35	0	4
ptg005335l_1	89816	301506	3.36	0	50
ptg005335l_1_region	89816	301506	3.36	0	50
ptg005336l_1	415133	860978	2.07	0	14
ptg005336l_1_region	415133	860978	2.07	0	14
ptg005337l_1	55407	115145	2.08	0	6
ptg005337l_1_region	55407	115145	2.08	0	6
ptg005338l_1	924541	3215465	3.48	0	16
ptg005338l_1_region	924541	3215465	3.48	0	16
ptg005340l_1	51862	77632	1.50	0	6
ptg005340l_1_region	51862	77632	1.50	0	6
ptg005344l_1	339749	148167	0.44	0	5
ptg005344l_1_region	339749	148167	0.44	0	5
ptg005347l_1	20281	11960	0.59	0	8
ptg005347l_1_region	20281	11960	0.59	0	8
ptg005349l_1	255197	1019796	4.00	0	14
ptg005349l_1_region	255197	1019796	4.00	0	14
ptg005350l_1	172574	250815	1.45	0	8
ptg005350l_1_region	172574	250815	1.45	0	8
ptg005351l_1	42536	106765	2.51	0	9
ptg005351l_1_region	42536	106765	2.51	0	9
ptg005352l_1	133866	226348	1.69	0	8
ptg005352l_1_region	133866	226348	1.69	0	8
ptg005353l_1	336929	2005820	5.95	0	29
ptg005353l_1_region	336929	2005820	5.95	0	29
ptg005354l_1	269188	659285	2.45	0	10
ptg005354l_1_region	269188	659285	2.45	0	10
ptg005357l_1	197687	254485	1.29	0	13
ptg005357l_1_region	197687	254485	1.29	0	13
ptg005360l_1	275132	858557	3.12	0	10
ptg005360l_1_region	275132	858557	3.12	0	10
ptg005361l_1	419445	2281160	5.44	0	44
ptg005361l_1_region	419445	2281160	5.44	0	44
ptg005363l_1	426029	1116422	2.62	0	9
ptg005363l_1_region	426029	1116422	2.62	0	9
ptg005368l_1	200274	387246	1.93	0	8
ptg005368l_1_region	200274	387246	1.93	0	8
ptg005372l_1	182495	589469	3.23	0	11
ptg005372l_1_region	182495	589469	3.23	0	11
ptg005373l_1	42914	96270	2.24	0	14
ptg005373l_1_region	42914	96270	2.24	0	14
ptg005378l_1	84640	666887	7.88	0	19
ptg005378l_1_region	84640	666887	7.88	0	19
ptg005379l_1	223123	851901	3.82	0	11
ptg005379l_1_region	223123	851901	3.82	0	11
ptg005382l_1	58650	106262	1.81	0	6
ptg005382l_1_region	58650	106262	1.81	0	6
ptg005384l_1	416699	1471704	3.53	0	56
ptg005384l_1_region	416699	1471704	3.53	0	56
ptg005387l_1	327621	1355060	4.14	0	13
ptg005387l_1_region	327621	1355060	4.14	0	13
ptg005388l_1	189237	432807	2.29	0	7
ptg005388l_1_region	189237	432807	2.29	0	7
ptg005390l_1	207431	416680	2.01	0	9
ptg005390l_1_region	207431	416680	2.01	0	9
ptg005393l_1	237835	473241	1.99	0	11
ptg005393l_1_region	237835	473241	1.99	0	11
ptg005394l_1	361125	1155774	3.20	0	11
ptg005394l_1_region	361125	1155774	3.20	0	11
ptg005395l_1	44609	30617	0.69	0	3
ptg005395l_1_region	44609	30617	0.69	0	3
ptg005396l_1	107481	458094	4.26	0	15
ptg005396l_1_region	107481	458094	4.26	0	15
ptg005398l_1	19818	10732	0.54	0	3
ptg005398l_1_region	19818	10732	0.54	0	3
ptg005400l_1	287067	699064	2.44	0	8
ptg005400l_1_region	287067	699064	2.44	0	8
ptg005402l_1	244253	456101	1.87	0	6
ptg005402l_1_region	244253	456101	1.87	0	6
ptg005407l_1	25485	16830	0.66	0	3
ptg005407l_1_region	25485	16830	0.66	0	3
ptg005409l_1	245749	695955	2.83	0	11
ptg005409l_1_region	245749	695955	2.83	0	11
ptg005410l_1	266304	714248	2.68	0	13
ptg005410l_1_region	266304	714248	2.68	0	13
ptg005411l_1	763992	2411234	3.16	0	13
ptg005411l_1_region	763992	2411234	3.16	0	13
ptg005412l_1	139095	508182	3.65	0	12
ptg005412l_1_region	139095	508182	3.65	0	12
ptg005414l_1	293161	1025409	3.50	0	28
ptg005414l_1_region	293161	1025409	3.50	0	28
ptg005419l_1	16963	41950	2.47	0	5
ptg005419l_1_region	16963	41950	2.47	0	5
ptg005420l_1	443841	1496728	3.37	0	211
ptg005420l_1_region	443841	1496728	3.37	0	211
ptg005421l_1	126062	424947	3.37	0	8
ptg005421l_1_region	126062	424947	3.37	0	8
ptg005422l_1	177075	438842	2.48	0	14
ptg005422l_1_region	177075	438842	2.48	0	14
ptg005423l_1	292976	925522	3.16	0	11
ptg005423l_1_region	292976	925522	3.16	0	11
ptg005425l_1	203271	568478	2.80	0	12
ptg005425l_1_region	203271	568478	2.80	0	12
ptg005428l_1	432639	816495	1.89	0	13
ptg005428l_1_region	432639	816495	1.89	0	13
ptg005430l_1	195253	377055	1.93	0	11
ptg005430l_1_region	195253	377055	1.93	0	11
ptg005431l_1	241211	793802	3.29	0	23
ptg005431l_1_region	241211	793802	3.29	0	23
ptg005434l_1	341869	979459	2.87	0	16
ptg005434l_1_region	341869	979459	2.87	0	16
ptg005438l_1	75821	152473	2.01	0	7
ptg005438l_1_region	75821	152473	2.01	0	7
ptg005439l_1	131248	299971	2.29	0	31
ptg005439l_1_region	131248	299971	2.29	0	31
ptg005441l_1	232997	322112	1.38	0	5
ptg005441l_1_region	232997	322112	1.38	0	5
ptg005443l_1	141337	287090	2.03	0	9
ptg005443l_1_region	141337	287090	2.03	0	9
ptg005447l_1	725131	1865572	2.57	0	9
ptg005447l_1_region	725131	1865572	2.57	0	9
ptg005455l_1	36429	106963	2.94	0	7
ptg005455l_1_region	36429	106963	2.94	0	7
ptg005457l_1	1114335	3100477	2.78	0	12
ptg005457l_1_region	1114335	3100477	2.78	0	12
ptg005460l_1	56958	75510	1.33	0	7
ptg005460l_1_region	56958	75510	1.33	0	7
ptg005465l_1	141632	364564	2.57	0	14
ptg005465l_1_region	141632	364564	2.57	0	14
ptg005466l_1	653315	1644008	2.52	0	9
ptg005466l_1_region	653315	1644008	2.52	0	9
ptg005469l_1	133272	227301	1.71	0	5
ptg005469l_1_region	133272	227301	1.71	0	5
ptg005472l_1	327510	862664	2.63	0	17
ptg005472l_1_region	327510	862664	2.63	0	17
ptg005475l_1	368614	767046	2.08	0	10
ptg005475l_1_region	368614	767046	2.08	0	10
ptg005476l_1	215849	595291	2.76	0	17
ptg005476l_1_region	215849	595291	2.76	0	17
ptg005477l_1	1268317	2628704	2.07	0	10
ptg005477l_1_region	1268317	2628704	2.07	0	10
ptg005478l_1	291447	360858	1.24	0	12
ptg005478l_1_region	291447	360858	1.24	0	12
ptg005479l_1	39990	265336	6.64	0	15
ptg005479l_1_region	39990	265336	6.64	0	15
ptg005482l_1	86284	118648	1.38	0	6
ptg005482l_1_region	86284	118648	1.38	0	6
ptg005483l_1	45742	89817	1.96	0	6
ptg005483l_1_region	45742	89817	1.96	0	6
ptg005485l_1	104241	226279	2.17	0	7
ptg005485l_1_region	104241	226279	2.17	0	7
ptg005486l_1	170836	427031	2.50	0	11
ptg005486l_1_region	170836	427031	2.50	0	11
ptg005488l_1	1010991	2873585	2.84	0	22
ptg005488l_1_region	1010991	2873585	2.84	0	22
ptg005489l_1	251916	712000	2.83	0	15
ptg005489l_1_region	251916	712000	2.83	0	15
ptg005490l_1	168378	681823	4.05	0	21
ptg005490l_1_region	168378	681823	4.05	0	21
ptg005495l_1	1340258	3393765	2.53	0	30
ptg005495l_1_region	1340258	3393765	2.53	0	30
ptg005498l_1	287007	1712159	5.97	0	14
ptg005498l_1_region	287007	1712159	5.97	0	14
ptg005501l_1	277149	646365	2.33	0	13
ptg005501l_1_region	277149	646365	2.33	0	13
ptg005503l_1	46877	45654	0.97	0	4
ptg005503l_1_region	46877	45654	0.97	0	4
ptg005504l_1	229536	665906	2.90	0	9
ptg005504l_1_region	229536	665906	2.90	0	9
ptg005505l_1	390948	596944	1.53	0	12
ptg005505l_1_region	390948	596944	1.53	0	12
ptg005506l_1	50188	68263	1.36	0	6
ptg005506l_1_region	50188	68263	1.36	0	6
ptg005507l_1	87979	215473	2.45	0	7
ptg005507l_1_region	87979	215473	2.45	0	7
ptg005509l_1	262394	901343	3.44	0	12
ptg005509l_1_region	262394	901343	3.44	0	12
ptg005512l_1	137889	278893	2.02	0	8
ptg005512l_1_region	137889	278893	2.02	0	8
ptg005513l_1	221094	493710	2.23	0	11
ptg005513l_1_region	221094	493710	2.23	0	11
ptg005515l_1	850961	4389848	5.16	0	114
ptg005515l_1_region	850961	4389848	5.16	0	114
ptg005519l_1	232610	2759013	11.86	0	206
ptg005519l_1_region	232610	2759013	11.86	0	206
ptg005521l_1	51088	269215	5.27	0	16
ptg005521l_1_region	51088	269215	5.27	0	16
ptg005524l_1	77177	60486	0.78	0	4
ptg005524l_1_region	77177	60486	0.78	0	4
ptg005531l_1	84500	279991	3.31	0	15
ptg005531l_1_region	84500	279991	3.31	0	15
ptg005532l_1	46252	96754	2.09	0	15
ptg005532l_1_region	46252	96754	2.09	0	15
ptg005533l_1	738986	2267307	3.07	0	10
ptg005533l_1_region	738986	2267307	3.07	0	10
ptg005535l_1	174279	446373	2.56	0	11
ptg005535l_1_region	174279	446373	2.56	0	11
ptg005536l_1	437449	853946	1.95	0	8
ptg005536l_1_region	437449	853946	1.95	0	8
ptg005538l_1	501903	1358383	2.71	0	11
ptg005538l_1_region	501903	1358383	2.71	0	11
ptg005539l_1	249129	757545	3.04	0	9
ptg005539l_1_region	249129	757545	3.04	0	9
ptg005540l_1	301126	973095	3.23	0	9
ptg005540l_1_region	301126	973095	3.23	0	9
ptg005545l_1	493004	1032125	2.09	0	16
ptg005545l_1_region	493004	1032125	2.09	0	16
ptg005547l_1	1382391	6762204	4.89	0	32
ptg005547l_1_region	1382391	6762204	4.89	0	32
ptg005549l_1	501424	1428364	2.85	0	12
ptg005549l_1_region	501424	1428364	2.85	0	12
ptg005550l_1	199316	355380	1.78	0	9
ptg005550l_1_region	199316	355380	1.78	0	9
ptg005555l_1	39766	164432	4.13	0	21
ptg005555l_1_region	39766	164432	4.13	0	21
ptg005556l_1	271827	410592	1.51	0	8
ptg005556l_1_region	271827	410592	1.51	0	8
ptg005557l_1	43807	70059	1.60	0	4
ptg005557l_1_region	43807	70059	1.60	0	4
ptg005563l_1	121846	262721	2.16	0	7
ptg005563l_1_region	121846	262721	2.16	0	7
ptg005564l_1	139970	171868	1.23	0	9
ptg005564l_1_region	139970	171868	1.23	0	9
ptg005567l_1	247536	676302	2.73	0	11
ptg005567l_1_region	247536	676302	2.73	0	11
ptg005574l_1	155204	230608	1.49	0	7
ptg005574l_1_region	155204	230608	1.49	0	7
ptg005575l_1	185642	595956	3.21	0	10
ptg005575l_1_region	185642	595956	3.21	0	10
ptg005578l_1	500839	1332603	2.66	0	8
ptg005578l_1_region	500839	1332603	2.66	0	8
ptg005579l_1	34040	22649	0.67	0	5
ptg005579l_1_region	34040	22649	0.67	0	5
ptg005581l_1	449913	1575899	3.50	0	16
ptg005581l_1_region	449913	1575899	3.50	0	16
ptg005583l_1	174020	336601	1.93	0	6
ptg005583l_1_region	174020	336601	1.93	0	6
ptg005584l_1	109236	265752	2.43	0	6
ptg005584l_1_region	109236	265752	2.43	0	6
ptg005585l_1	517957	1364075	2.63	0	10
ptg005585l_1_region	517957	1364075	2.63	0	10
ptg005586l_1	122133	155904	1.28	0	6
ptg005586l_1_region	122133	155904	1.28	0	6
ptg005588l_1	79896	378287	4.73	0	10
ptg005588l_1_region	79896	378287	4.73	0	10
ptg005589l_1	335901	1239905	3.69	0	17
ptg005589l_1_region	335901	1239905	3.69	0	17
ptg005591l_1	114019	265566	2.33	0	10
ptg005591l_1_region	114019	265566	2.33	0	10
ptg005592l_1	116405	290602	2.50	0	11
ptg005592l_1_region	116405	290602	2.50	0	11
ptg005594l_1	538902	906482	1.68	0	8
ptg005594l_1_region	538902	906482	1.68	0	8
ptg005595l_1	341802	325513	0.95	0	6
ptg005595l_1_region	341802	325513	0.95	0	6
ptg005596l_1	208993	580569	2.78	0	14
ptg005596l_1_region	208993	580569	2.78	0	14
ptg005599l_1	164025	246803	1.50	0	6
ptg005599l_1_region	164025	246803	1.50	0	6
ptg005600l_1	286435	739648	2.58	0	9
ptg005600l_1_region	286435	739648	2.58	0	9
ptg005601l_1	329467	631728	1.92	0	9
ptg005601l_1_region	329467	631728	1.92	0	9
ptg005603l_1	274948	1180832	4.29	0	25
ptg005603l_1_region	274948	1180832	4.29	0	25
ptg005605l_1	61624	120722	1.96	0	5
ptg005605l_1_region	61624	120722	1.96	0	5
ptg005611l_1	246731	601620	2.44	0	8
ptg005611l_1_region	246731	601620	2.44	0	8
ptg005617l_1	249792	325102	1.30	0	8
ptg005617l_1_region	249792	325102	1.30	0	8
ptg005618l_1	384512	1637921	4.26	0	23
ptg005618l_1_region	384512	1637921	4.26	0	23
ptg005619l_1	319741	746330	2.33	0	9
ptg005619l_1_region	319741	746330	2.33	0	9
ptg005624l_1	25471	69855	2.74	0	9
ptg005624l_1_region	25471	69855	2.74	0	9
ptg005625l_1	236065	331528	1.40	0	6
ptg005625l_1_region	236065	331528	1.40	0	6
ptg005627l_1	246525	312296	1.27	0	17
ptg005627l_1_region	246525	312296	1.27	0	17
ptg005631l_1	178467	627135	3.51	0	13
ptg005631l_1_region	178467	627135	3.51	0	13
ptg005632l_1	155525	377077	2.42	0	9
ptg005632l_1_region	155525	377077	2.42	0	9
ptg005633l_1	71962	204519	2.84	0	7
ptg005633l_1_region	71962	204519	2.84	0	7
ptg005638l_1	210872	240250	1.14	0	6
ptg005638l_1_region	210872	240250	1.14	0	6
ptg005639l_1	101354	113592	1.12	0	5
ptg005639l_1_region	101354	113592	1.12	0	5
ptg005641l_1	409099	1655092	4.05	0	102
ptg005641l_1_region	409099	1655092	4.05	0	102
ptg005642l_1	5055488	17489017	3.46	0	19
ptg005642l_1_region	5055488	17489017	3.46	0	19
ptg005643l_1	364091	1550070	4.26	0	62
ptg005643l_1_region	364091	1550070	4.26	0	62
ptg005644l_1	94082	196251	2.09	0	7
ptg005644l_1_region	94082	196251	2.09	0	7
ptg005645l_1	110905	260970	2.35	0	5
ptg005645l_1_region	110905	260970	2.35	0	5
ptg005646l_1	246936	585343	2.37	0	27
ptg005646l_1_region	246936	585343	2.37	0	27
ptg005650l_1	892017	2990305	3.35	0	32
ptg005650l_1_region	892017	2990305	3.35	0	32
ptg005654l_1	413533	747542	1.81	0	23
ptg005654l_1_region	413533	747542	1.81	0	23
ptg005660l_1	366747	1219112	3.32	0	16
ptg005660l_1_region	366747	1219112	3.32	0	16
ptg005661l_1	393881	928969	2.36	0	13
ptg005661l_1_region	393881	928969	2.36	0	13
ptg005662l_1	201032	318015	1.58	0	7
ptg005662l_1_region	201032	318015	1.58	0	7
ptg005663l_1	794362	2771453	3.49	0	74
ptg005663l_1_region	794362	2771453	3.49	0	74
ptg005666l_1	71238	88911	1.25	0	144
ptg005666l_1_region	71238	88911	1.25	0	144
ptg005667l_1	56529	227466	4.02	0	10
ptg005667l_1_region	56529	227466	4.02	0	10
ptg005668l_1	449040	1169980	2.61	0	49
ptg005668l_1_region	449040	1169980	2.61	0	49
ptg005669l_1	294863	623114	2.11	0	8
ptg005669l_1_region	294863	623114	2.11	0	8
ptg005678l_1	476586	1140849	2.39	0	8
ptg005678l_1_region	476586	1140849	2.39	0	8
ptg005680l_1	122815	118881	0.97	0	6
ptg005680l_1_region	122815	118881	0.97	0	6
ptg005683l_1	110040	223902	2.03	0	135
ptg005683l_1_region	110040	223902	2.03	0	135
ptg005686l_1	17787	14511	0.82	0	3
ptg005686l_1_region	17787	14511	0.82	0	3
ptg005687l_1	21820	232597	10.66	0	26
ptg005687l_1_region	21820	232597	10.66	0	26
ptg005691l_1	327701	1106087	3.38	0	93
ptg005691l_1_region	327701	1106087	3.38	0	93
ptg005696l_1	158593	217388	1.37	0	8
ptg005696l_1_region	158593	217388	1.37	0	8
ptg005697l_1	257913	579752	2.25	0	8
ptg005697l_1_region	257913	579752	2.25	0	8
ptg005698l_1	885776	2287720	2.58	0	32
ptg005698l_1_region	885776	2287720	2.58	0	32
ptg005701l_1	408977	1457967	3.56	0	14
ptg005701l_1_region	408977	1457967	3.56	0	14
ptg005705l_1	360828	1273158	3.53	0	15
ptg005705l_1_region	360828	1273158	3.53	0	15
ptg005708l_1	700567	1193061	1.70	0	10
ptg005708l_1_region	700567	1193061	1.70	0	10
ptg005712l_1	798314	3821073	4.79	0	42
ptg005712l_1_region	798314	3821073	4.79	0	42
ptg005715l_1	314691	483810	1.54	0	6
ptg005715l_1_region	314691	483810	1.54	0	6
ptg005717l_1	670587	2547166	3.80	0	34
ptg005717l_1_region	670587	2547166	3.80	0	34
ptg005718l_1	95877	204963	2.14	0	6
ptg005718l_1_region	95877	204963	2.14	0	6
ptg005719l_1	23378	19806	0.85	0	4
ptg005719l_1_region	23378	19806	0.85	0	4
ptg005724l_1	40832	56506	1.38	0	6
ptg005724l_1_region	40832	56506	1.38	0	6
ptg005726l_1	624244	1830548	2.93	0	14
ptg005726l_1_region	624244	1830548	2.93	0	14
ptg005729l_1	58042	85862	1.48	0	3
ptg005729l_1_region	58042	85862	1.48	0	3
ptg005736l_1	107586	252041	2.34	0	7
ptg005736l_1_region	107586	252041	2.34	0	7
ptg005738l_1	242254	579659	2.39	0	7
ptg005738l_1_region	242254	579659	2.39	0	7
ptg005739l_1	105290	350861	3.33	0	9
ptg005739l_1_region	105290	350861	3.33	0	9
ptg005744l_1	356897	814243	2.28	0	8
ptg005744l_1_region	356897	814243	2.28	0	8
ptg005747l_1	95272	206857	2.17	0	7
ptg005747l_1_region	95272	206857	2.17	0	7
ptg005748l_1	214877	591514	2.75	0	21
ptg005748l_1_region	214877	591514	2.75	0	21
ptg005749l_1	697346	1281028	1.84	0	9
ptg005749l_1_region	697346	1281028	1.84	0	9
ptg005752l_1	247830	565912	2.28	0	7
ptg005752l_1_region	247830	565912	2.28	0	7
ptg005754l_1	476105	988863	2.08	0	13
ptg005754l_1_region	476105	988863	2.08	0	13
ptg005755l_1	202223	477996	2.36	0	9
ptg005755l_1_region	202223	477996	2.36	0	9
ptg005757l_1	271678	673607	2.48	0	9
ptg005757l_1_region	271678	673607	2.48	0	9
ptg005759l_1	83560	86023	1.03	0	4
ptg005759l_1_region	83560	86023	1.03	0	4
ptg005762l_1	520095	68453	0.13	0	3
ptg005762l_1_region	520095	68453	0.13	0	3
ptg005763l_1	608264	320814	0.53	0	6
ptg005763l_1_region	608264	320814	0.53	0	6
ptg005765l_1	726527	175101	0.24	0	3
ptg005765l_1_region	726527	175101	0.24	0	3
ptg005766l_1	33284	41281	1.24	0	5
ptg005766l_1_region	33284	41281	1.24	0	5
ptg005769l_1	204947	580377	2.83	0	8
ptg005769l_1_region	204947	580377	2.83	0	8
ptg005773l_1	260029	494258	1.90	0	9
ptg005773l_1_region	260029	494258	1.90	0	9
ptg005775l_1	438850	831260	1.89	0	8
ptg005775l_1_region	438850	831260	1.89	0	8
ptg005776l_1	207795	436410	2.10	0	18
ptg005776l_1_region	207795	436410	2.10	0	18
ptg005778l_1	101575	175981	1.73	0	4
ptg005778l_1_region	101575	175981	1.73	0	4
ptg005781l_1	296972	587703	1.98	0	6
ptg005781l_1_region	296972	587703	1.98	0	6
ptg005783l_1	270837	1024909	3.78	0	11
ptg005783l_1_region	270837	1024909	3.78	0	11
ptg005784l_1	367679	259500	0.71	0	31
ptg005784l_1_region	367679	259500	0.71	0	31
ptg005785l_1	70664	115979	1.64	0	6
ptg005785l_1_region	70664	115979	1.64	0	6
ptg005787l_1	234581	434530	1.85	0	7
ptg005787l_1_region	234581	434530	1.85	0	7
ptg005790l_1	363082	705760	1.94	0	8
ptg005790l_1_region	363082	705760	1.94	0	8
ptg005792l_1	114492	255581	2.23	0	7
ptg005792l_1_region	114492	255581	2.23	0	7
ptg005793l_1	359570	793204	2.21	0	7
ptg005793l_1_region	359570	793204	2.21	0	7
ptg005794l_1	152758	364220	2.38	0	9
ptg005794l_1_region	152758	364220	2.38	0	9
ptg005796l_1	493264	1202617	2.44	0	10
ptg005796l_1_region	493264	1202617	2.44	0	10
ptg005797l_1	421124	1735033	4.12	0	157
ptg005797l_1_region	421124	1735033	4.12	0	157
ptg005801l_1	242895	715750	2.95	0	10
ptg005801l_1_region	242895	715750	2.95	0	10
ptg005802l_1	116477	291123	2.50	0	8
ptg005802l_1_region	116477	291123	2.50	0	8
ptg005803l_1	75207	176098	2.34	0	15
ptg005803l_1_region	75207	176098	2.34	0	15
ptg005805l_1	12910	13541	1.05	0	3
ptg005805l_1_region	12910	13541	1.05	0	3
ptg005807l_1	358623	745451	2.08	0	11
ptg005807l_1_region	358623	745451	2.08	0	11
ptg005809l_1	706534	632856	0.90	0	9
ptg005809l_1_region	706534	632856	0.90	0	9
ptg005810l_1	394078	1786366	4.53	0	29
ptg005810l_1_region	394078	1786366	4.53	0	29
ptg005811l_1	168462	556962	3.31	0	20
ptg005811l_1_region	168462	556962	3.31	0	20
ptg005812l_1	779274	183535	0.24	0	3
ptg005812l_1_region	779274	183535	0.24	0	3
ptg005815l_1	428327	1183150	2.76	0	10
ptg005815l_1_region	428327	1183150	2.76	0	10
ptg005816l_1	162072	156672	0.97	0	9
ptg005816l_1_region	162072	156672	0.97	0	9
ptg005817l_1	424979	3800461	8.94	0	345
ptg005817l_1_region	424979	3800461	8.94	0	345
ptg005820l_1	64835	95618	1.47	0	4
ptg005820l_1_region	64835	95618	1.47	0	4
ptg005822l_1	55374	107121	1.93	0	5
ptg005822l_1_region	55374	107121	1.93	0	5
ptg005823l_1	73509	117173	1.59	0	7
ptg005823l_1_region	73509	117173	1.59	0	7
ptg005825l_1	120701	332168	2.75	0	12
ptg005825l_1_region	120701	332168	2.75	0	12
ptg005828l_1	100790	137789	1.37	0	6
ptg005828l_1_region	100790	137789	1.37	0	6
ptg005829l_1	211590	440913	2.08	0	7
ptg005829l_1_region	211590	440913	2.08	0	7
ptg005830l_1	708755	2034061	2.87	0	13
ptg005830l_1_region	708755	2034061	2.87	0	13
ptg005831l_1	50625	143652	2.84	0	8
ptg005831l_1_region	50625	143652	2.84	0	8
ptg005833l_1	195450	523022	2.68	0	10
ptg005833l_1_region	195450	523022	2.68	0	10
ptg005834l_1	113123	229791	2.03	0	11
ptg005834l_1_region	113123	229791	2.03	0	11
ptg005835l_1	904618	6119203	6.76	0	158
ptg005835l_1_region	904618	6119203	6.76	0	158
ptg005839l_1	673242	1783153	2.65	0	22
ptg005839l_1_region	673242	1783153	2.65	0	22
ptg005843l_1	214529	504781	2.35	0	7
ptg005843l_1_region	214529	504781	2.35	0	7
ptg005844l_1	37540	56274	1.50	0	5
ptg005844l_1_region	37540	56274	1.50	0	5
ptg005847l_1	96130	296148	3.08	0	16
ptg005847l_1_region	96130	296148	3.08	0	16
ptg005851l_1	135160	329248	2.44	0	8
ptg005851l_1_region	135160	329248	2.44	0	8
ptg005852l_1	156581	415207	2.65	0	11
ptg005852l_1_region	156581	415207	2.65	0	11
ptg005853l_1	228024	344758	1.51	0	5
ptg005853l_1_region	228024	344758	1.51	0	5
ptg005856l_1	631045	2191406	3.47	0	35
ptg005856l_1_region	631045	2191406	3.47	0	35
ptg005857l_1	356215	530586	1.49	0	18
ptg005857l_1_region	356215	530586	1.49	0	18
ptg005859l_1	124978	322702	2.58	0	19
ptg005859l_1_region	124978	322702	2.58	0	19
ptg005864l_1	56492	75655	1.34	0	4
ptg005864l_1_region	56492	75655	1.34	0	4
ptg005865l_1	103516	138510	1.34	0	4
ptg005865l_1_region	103516	138510	1.34	0	4
ptg005867l_1	341398	1245933	3.65	0	11
ptg005867l_1_region	341398	1245933	3.65	0	11
ptg005869l_1	161720	583513	3.61	0	11
ptg005869l_1_region	161720	583513	3.61	0	11
ptg005870l_1	207379	548128	2.64	0	9
ptg005870l_1_region	207379	548128	2.64	0	9
ptg005871l_1	34892	42138	1.21	0	3
ptg005871l_1_region	34892	42138	1.21	0	3
ptg005872l_1	293896	772700	2.63	0	10
ptg005872l_1_region	293896	772700	2.63	0	10
ptg005874l_1	210182	682567	3.25	0	64
ptg005874l_1_region	210182	682567	3.25	0	64
ptg005876l_1	120319	173644	1.44	0	8
ptg005876l_1_region	120319	173644	1.44	0	8
ptg005878l_1	189082	428242	2.26	0	10
ptg005878l_1_region	189082	428242	2.26	0	10
ptg005880l_1	224946	671606	2.99	0	13
ptg005880l_1_region	224946	671606	2.99	0	13
ptg005889l_1	43434	128932	2.97	0	7
ptg005889l_1_region	43434	128932	2.97	0	7
ptg005890l_1	108007	279465	2.59	0	10
ptg005890l_1_region	108007	279465	2.59	0	10
ptg005892l_1	118290	394488	3.33	0	17
ptg005892l_1_region	118290	394488	3.33	0	17
ptg005893l_1	248272	896643	3.61	0	18
ptg005893l_1_region	248272	896643	3.61	0	18
ptg005895l_1	404814	1337175	3.30	0	61
ptg005895l_1_region	404814	1337175	3.30	0	61
ptg005897l_1	349265	666492	1.91	0	7
ptg005897l_1_region	349265	666492	1.91	0	7
ptg005898l_1	76844	234653	3.05	0	12
ptg005898l_1_region	76844	234653	3.05	0	12
ptg005902l_1	41543	19754	0.48	0	2
ptg005902l_1_region	41543	19754	0.48	0	2
ptg005903l_1	259604	558993	2.15	0	13
ptg005903l_1_region	259604	558993	2.15	0	13
ptg005905l_1	11722	5219	0.45	0	2
ptg005905l_1_region	11722	5219	0.45	0	2
ptg005907l_1	567382	1563777	2.76	0	23
ptg005907l_1_region	567382	1563777	2.76	0	23
ptg005908l_1	173108	99640	0.58	0	6
ptg005908l_1_region	173108	99640	0.58	0	6
ptg005916l_1	78464	346223	4.41	0	12
ptg005916l_1_region	78464	346223	4.41	0	12
ptg005918l_1	51470	54530	1.06	0	5
ptg005918l_1_region	51470	54530	1.06	0	5
ptg005919l_1	171194	516907	3.02	0	13
ptg005919l_1_region	171194	516907	3.02	0	13
ptg005920l_1	465308	2216690	4.76	0	102
ptg005920l_1_region	465308	2216690	4.76	0	102
ptg005921l_1	335467	781548	2.33	0	11
ptg005921l_1_region	335467	781548	2.33	0	11
ptg005923l_1	892950	3762947	4.21	0	33
ptg005923l_1_region	892950	3762947	4.21	0	33
ptg005924l_1	72207	73515	1.02	0	5
ptg005924l_1_region	72207	73515	1.02	0	5
ptg005925l_1	35750	84386	2.36	0	7
ptg005925l_1_region	35750	84386	2.36	0	7
ptg005927l_1	369888	712480	1.93	0	26
ptg005927l_1_region	369888	712480	1.93	0	26
ptg005928l_1	523793	2149983	4.10	0	38
ptg005928l_1_region	523793	2149983	4.10	0	38
ptg005929l_1	298712	1088798	3.64	0	11
ptg005929l_1_region	298712	1088798	3.64	0	11
ptg005930l_1	399987	1187225	2.97	0	9
ptg005930l_1_region	399987	1187225	2.97	0	9
ptg005931l_1	277615	941949	3.39	0	13
ptg005931l_1_region	277615	941949	3.39	0	13
ptg005935l_1	55163	97693	1.77	0	4
ptg005935l_1_region	55163	97693	1.77	0	4
ptg005939l_1	407580	1072993	2.63	0	10
ptg005939l_1_region	407580	1072993	2.63	0	10
ptg005942l_1	174148	339112	1.95	0	23
ptg005942l_1_region	174148	339112	1.95	0	23
ptg005943l_1	744449	2914156	3.91	0	16
ptg005943l_1_region	744449	2914156	3.91	0	16
ptg005944l_1	215077	498820	2.32	0	8
ptg005944l_1_region	215077	498820	2.32	0	8
ptg005945l_1	54444	43774	0.80	0	5
ptg005945l_1_region	54444	43774	0.80	0	5
ptg005951l_1	19751	457	0.02	0	1
ptg005951l_1_region	19751	457	0.02	0	1
ptg005956l_1	33373	13059	0.39	0	1
ptg005956l_1_region	33373	13059	0.39	0	1
ptg005958l_1	143040	242194	1.69	0	50
ptg005958l_1_region	143040	242194	1.69	0	50
ptg005961l_1	280958	34883	0.12	0	4
ptg005961l_1_region	280958	34883	0.12	0	4
ptg005962l_1	95497	203939	2.14	0	12
ptg005962l_1_region	95497	203939	2.14	0	12
ptg005963l_1	70854	254751	3.60	0	32
ptg005963l_1_region	70854	254751	3.60	0	32
ptg005966l_1	382869	268566	0.70	0	11
ptg005966l_1_region	382869	268566	0.70	0	11
ptg005972l_1	193099	470071	2.43	0	12
ptg005972l_1_region	193099	470071	2.43	0	12
ptg005974l_1	152377	208467	1.37	0	7
ptg005974l_1_region	152377	208467	1.37	0	7
ptg005975l_1	327706	1767474	5.39	0	18
ptg005975l_1_region	327706	1767474	5.39	0	18
ptg005976l_1	93232	102586	1.10	0	5
ptg005976l_1_region	93232	102586	1.10	0	5
ptg005978l_1	38919	44309	1.14	0	5
ptg005978l_1_region	38919	44309	1.14	0	5
ptg005980l_1	421740	1569103	3.72	0	33
ptg005980l_1_region	421740	1569103	3.72	0	33
ptg005982l_1	538752	288850	0.54	0	18
ptg005982l_1_region	538752	288850	0.54	0	18
ptg005984l_1	78115	116946	1.50	0	6
ptg005984l_1_region	78115	116946	1.50	0	6
ptg005987l_1	161348	457567	2.84	0	7
ptg005987l_1_region	161348	457567	2.84	0	7
ptg005988l_1	153487	431995	2.81	0	12
ptg005988l_1_region	153487	431995	2.81	0	12
ptg005994l_1	19572	43881	2.24	0	6
ptg005994l_1_region	19572	43881	2.24	0	6
ptg006000l_1	195280	573653	2.94	0	10
ptg006000l_1_region	195280	573653	2.94	0	10
ptg006001l_1	266320	690385	2.59	0	12
ptg006001l_1_region	266320	690385	2.59	0	12
ptg006002l_1	16812	9948	0.59	0	2
ptg006002l_1_region	16812	9948	0.59	0	2
ptg006003l_1	341027	1072838	3.15	0	26
ptg006003l_1_region	341027	1072838	3.15	0	26
ptg006005l_1	144740	188477	1.30	0	7
ptg006005l_1_region	144740	188477	1.30	0	7
ptg006006l_1	591261	1405877	2.38	0	10
ptg006006l_1_region	591261	1405877	2.38	0	10
ptg006008l_1	722586	52773	0.07	0	2
ptg006008l_1_region	722586	52773	0.07	0	2
ptg006009l_1	201497	330051	1.64	0	7
ptg006009l_1_region	201497	330051	1.64	0	7
ptg006012l_1	308722	634852	2.06	0	9
ptg006012l_1_region	308722	634852	2.06	0	9
ptg006017l_1	146781	363020	2.47	0	13
ptg006017l_1_region	146781	363020	2.47	0	13
ptg006018l_1	195481	372268	1.90	0	13
ptg006018l_1_region	195481	372268	1.90	0	13
ptg006020l_1	232129	694493	2.99	0	35
ptg006020l_1_region	232129	694493	2.99	0	35
ptg006021l_1	1125180	3166592	2.81	0	15
ptg006021l_1_region	1125180	3166592	2.81	0	15
ptg006022l_1	215644	584654	2.71	0	25
ptg006022l_1_region	215644	584654	2.71	0	25
ptg006023l_1	34763	38913	1.12	0	4
ptg006023l_1_region	34763	38913	1.12	0	4
ptg006024l_1	165226	200397	1.21	0	9
ptg006024l_1_region	165226	200397	1.21	0	9
ptg006025l_1	336052	757829	2.26	0	31
ptg006025l_1_region	336052	757829	2.26	0	31
ptg006026l_1	510093	1071884	2.10	0	16
ptg006026l_1_region	510093	1071884	2.10	0	16
ptg006027l_1	26212	26194	1.00	0	3
ptg006027l_1_region	26212	26194	1.00	0	3
ptg006028l_1	141273	234215	1.66	0	6
ptg006028l_1_region	141273	234215	1.66	0	6
ptg006029l_1	838244	1759027	2.10	0	15
ptg006029l_1_region	838244	1759027	2.10	0	15
ptg006031l_1	246179	1262436	5.13	0	28
ptg006031l_1_region	246179	1262436	5.13	0	28
ptg006032l_1	17643	1539	0.09	0	2
ptg006032l_1_region	17643	1539	0.09	0	2
ptg006033l_1	436193	809209	1.86	0	9
ptg006033l_1_region	436193	809209	1.86	0	9
ptg006035l_1	55115	60947	1.11	0	5
ptg006035l_1_region	55115	60947	1.11	0	5
ptg006040l_1	381951	884789	2.32	0	8
ptg006040l_1_region	381951	884789	2.32	0	8
ptg006043l_1	543390	1550701	2.85	0	14
ptg006043l_1_region	543390	1550701	2.85	0	14
ptg006045l_1	424307	1280242	3.02	0	55
ptg006045l_1_region	424307	1280242	3.02	0	55
ptg006046l_1	117903	382189	3.24	0	9
ptg006046l_1_region	117903	382189	3.24	0	9
ptg006047l_1	42039	42548	1.01	0	3
ptg006047l_1_region	42039	42548	1.01	0	3
ptg006048l_1	12098	49633	4.10	0	8
ptg006048l_1_region	12098	49633	4.10	0	8
ptg006050l_1	288088	603282	2.09	0	9
ptg006050l_1_region	288088	603282	2.09	0	9
ptg006055l_1	177555	359517	2.02	0	17
ptg006055l_1_region	177555	359517	2.02	0	17
ptg006057l_1	168952	567293	3.36	0	10
ptg006057l_1_region	168952	567293	3.36	0	10
ptg006058l_1	544149	1673688	3.08	0	40
ptg006058l_1_region	544149	1673688	3.08	0	40
ptg006059l_1	153390	343907	2.24	0	11
ptg006059l_1_region	153390	343907	2.24	0	11
ptg006060l_1	64497	240133	3.72	0	10
ptg006060l_1_region	64497	240133	3.72	0	10
ptg006063l_1	20560	8026	0.39	0	3
ptg006063l_1_region	20560	8026	0.39	0	3
ptg006064l_1	244504	318822	1.30	0	9
ptg006064l_1_region	244504	318822	1.30	0	9
ptg006065l_1	77917	180806	2.32	0	33
ptg006065l_1_region	77917	180806	2.32	0	33
ptg006070l_1	145855	224975	1.54	0	6
ptg006070l_1_region	145855	224975	1.54	0	6
ptg006073l_1	152211	199943	1.31	0	8
ptg006073l_1_region	152211	199943	1.31	0	8
ptg006074l_1	34622	37750	1.09	0	4
ptg006074l_1_region	34622	37750	1.09	0	4
ptg006077l_1	35320	94212	2.67	0	5
ptg006077l_1_region	35320	94212	2.67	0	5
ptg006079l_1	184602	384741	2.08	0	10
ptg006079l_1_region	184602	384741	2.08	0	10
ptg006084l_1	843059	1515700	1.80	0	11
ptg006084l_1_region	843059	1515700	1.80	0	11
ptg006088l_1	333432	589999	1.77	0	12
ptg006088l_1_region	333432	589999	1.77	0	12
ptg006090l_1	70208	537429	7.65	0	33
ptg006090l_1_region	70208	537429	7.65	0	33
ptg006091l_1	348286	1746728	5.02	0	171
ptg006091l_1_region	348286	1746728	5.02	0	171
ptg006092l_1	25551	64943	2.54	0	5
ptg006092l_1_region	25551	64943	2.54	0	5
ptg006093l_1	222618	536512	2.41	0	7
ptg006093l_1_region	222618	536512	2.41	0	7
ptg006095l_1	450016	642470	1.43	0	20
ptg006095l_1_region	450016	642470	1.43	0	20
ptg006096l_1	118412	198193	1.67	0	8
ptg006096l_1_region	118412	198193	1.67	0	8
ptg006098l_1	252711	545667	2.16	0	12
ptg006098l_1_region	252711	545667	2.16	0	12
ptg006099l_1	291273	565531	1.94	0	8
ptg006099l_1_region	291273	565531	1.94	0	8
ptg006100l_1	21925	57223	2.61	0	6
ptg006100l_1_region	21925	57223	2.61	0	6
ptg006101l_1	200242	950282	4.75	0	43
ptg006101l_1_region	200242	950282	4.75	0	43
ptg006103l_1	247993	540472	2.18	0	13
ptg006103l_1_region	247993	540472	2.18	0	13
ptg006106l_1	908417	2305521	2.54	0	102
ptg006106l_1_region	908417	2305521	2.54	0	102
ptg006108l_1	107639	137640	1.28	0	4
ptg006108l_1_region	107639	137640	1.28	0	4
ptg006109l_1	355488	864225	2.43	0	14
ptg006109l_1_region	355488	864225	2.43	0	14
ptg006110l_1	71812	177628	2.47	0	7
ptg006110l_1_region	71812	177628	2.47	0	7
ptg006115l_1	95915	113442	1.18	0	6
ptg006115l_1_region	95915	113442	1.18	0	6
ptg006116l_1	83122	214583	2.58	0	9
ptg006116l_1_region	83122	214583	2.58	0	9
ptg006117l_1	68984	220847	3.20	0	8
ptg006117l_1_region	68984	220847	3.20	0	8
ptg006118l_1	315843	1327231	4.20	0	15
ptg006118l_1_region	315843	1327231	4.20	0	15
ptg006119l_1	204703	661909	3.23	0	11
ptg006119l_1_region	204703	661909	3.23	0	11
ptg006122l_1	106093	394116	3.71	0	11
ptg006122l_1_region	106093	394116	3.71	0	11
ptg006123l_1	156982	235977	1.50	0	7
ptg006123l_1_region	156982	235977	1.50	0	7
ptg006124l_1	258523	599630	2.32	0	21
ptg006124l_1_region	258523	599630	2.32	0	21
ptg006126l_1	238232	605125	2.54	0	13
ptg006126l_1_region	238232	605125	2.54	0	13
ptg006131l_1	436175	1616432	3.71	0	12
ptg006131l_1_region	436175	1616432	3.71	0	12
ptg006133l_1	175058	278437	1.59	0	6
ptg006133l_1_region	175058	278437	1.59	0	6
ptg006136l_1	141132	286960	2.03	0	12
ptg006136l_1_region	141132	286960	2.03	0	12
ptg006137l_1	68368	281252	4.11	0	10
ptg006137l_1_region	68368	281252	4.11	0	10
ptg006139l_1	209230	430207	2.06	0	7
ptg006139l_1_region	209230	430207	2.06	0	7
ptg006140l_1	813771	2205565	2.71	0	19
ptg006140l_1_region	813771	2205565	2.71	0	19
ptg006141l_1	319843	766659	2.40	0	8
ptg006141l_1_region	319843	766659	2.40	0	8
ptg006142l_1	183043	344094	1.88	0	33
ptg006142l_1_region	183043	344094	1.88	0	33
ptg006145l_1	59398	125526	2.11	0	8
ptg006145l_1_region	59398	125526	2.11	0	8
ptg006147l_1	34678	19752	0.57	0	2
ptg006147l_1_region	34678	19752	0.57	0	2
ptg006151l_1	384527	931977	2.42	0	23
ptg006151l_1_region	384527	931977	2.42	0	23
ptg006152l_1	32682	30939	0.95	0	4
ptg006152l_1_region	32682	30939	0.95	0	4
ptg006154l_1	425795	1441097	3.38	0	11
ptg006154l_1_region	425795	1441097	3.38	0	11
ptg006155l_1	232070	606899	2.62	0	11
ptg006155l_1_region	232070	606899	2.62	0	11
ptg006156l_1	266642	469139	1.76	0	7
ptg006156l_1_region	266642	469139	1.76	0	7
ptg006159l_1	526153	1358682	2.58	0	14
ptg006159l_1_region	526153	1358682	2.58	0	14
ptg006160l_1	251940	444890	1.77	0	7
ptg006160l_1_region	251940	444890	1.77	0	7
ptg006163l_1	533366	1016923	1.91	0	13
ptg006163l_1_region	533366	1016923	1.91	0	13
ptg006164l_1	323866	573865	1.77	0	7
ptg006164l_1_region	323866	573865	1.77	0	7
ptg006165l_1	405117	814195	2.01	0	14
ptg006165l_1_region	405117	814195	2.01	0	14
ptg006166l_1	375431	889661	2.37	0	10
ptg006166l_1_region	375431	889661	2.37	0	10
ptg006172l_1	246712	459137	1.86	0	12
ptg006172l_1_region	246712	459137	1.86	0	12
ptg006174l_1	645107	2070771	3.21	0	11
ptg006174l_1_region	645107	2070771	3.21	0	11
ptg006175l_1	122618	399611	3.26	0	13
ptg006175l_1_region	122618	399611	3.26	0	13
ptg006179l_1	292284	381971	1.31	0	8
ptg006179l_1_region	292284	381971	1.31	0	8
ptg006180l_1	765978	1473622	1.92	0	8
ptg006180l_1_region	765978	1473622	1.92	0	8
ptg006181l_1	20926	26028	1.24	0	3
ptg006181l_1_region	20926	26028	1.24	0	3
ptg006183l_1	123374	319601	2.59	0	8
ptg006183l_1_region	123374	319601	2.59	0	8
ptg006184l_1	51874	134209	2.59	0	8
ptg006184l_1_region	51874	134209	2.59	0	8
ptg006188l_1	120533	314291	2.61	0	8
ptg006188l_1_region	120533	314291	2.61	0	8
ptg006195l_1	281766	876807	3.11	0	12
ptg006195l_1_region	281766	876807	3.11	0	12
ptg006196l_1	30172	61226	2.03	0	6
ptg006196l_1_region	30172	61226	2.03	0	6
ptg006197l_1	100207	148537	1.48	0	5
ptg006197l_1_region	100207	148537	1.48	0	5
ptg006199l_1	15116	10298	0.68	0	3
ptg006199l_1_region	15116	10298	0.68	0	3
ptg006203l_1	169687	311094	1.83	0	7
ptg006203l_1_region	169687	311094	1.83	0	7
ptg006204l_1	435173	1301239	2.99	0	9
ptg006204l_1_region	435173	1301239	2.99	0	9
ptg006205l_1	355774	678565	1.91	0	12
ptg006205l_1_region	355774	678565	1.91	0	12
ptg006206l_1	39970	163050	4.08	0	8
ptg006206l_1_region	39970	163050	4.08	0	8
ptg006207l_1	281574	840431	2.98	0	12
ptg006207l_1_region	281574	840431	2.98	0	12
ptg006208l_1	146826	224683	1.53	0	5
ptg006208l_1_region	146826	224683	1.53	0	5
ptg006209l_1	105647	249466	2.36	0	8
ptg006209l_1_region	105647	249466	2.36	0	8
ptg006212l_1	174681	99647	0.57	0	7
ptg006212l_1_region	174681	99647	0.57	0	7
ptg006214l_1	66059	2626	0.04	0	1
ptg006214l_1_region	66059	2626	0.04	0	1
ptg006215l_1	161863	416174	2.57	0	20
ptg006215l_1_region	161863	416174	2.57	0	20
ptg006216l_1	374238	584590	1.56	0	12
ptg006216l_1_region	374238	584590	1.56	0	12
ptg006219l_1	115178	420760	3.65	0	11
ptg006219l_1_region	115178	420760	3.65	0	11
ptg006221l_1	72517	219738	3.03	0	8
ptg006221l_1_region	72517	219738	3.03	0	8
ptg006222l_1	141441	414569	2.93	0	9
ptg006222l_1_region	141441	414569	2.93	0	9
ptg006223l_1	468044	1126243	2.41	0	11
ptg006223l_1_region	468044	1126243	2.41	0	11
ptg006224l_1	158489	281744	1.78	0	6
ptg006224l_1_region	158489	281744	1.78	0	6
ptg006226l_1	197006	472381	2.40	0	30
ptg006226l_1_region	197006	472381	2.40	0	30
ptg006229l_1	201234	1150306	5.72	0	14
ptg006229l_1_region	201234	1150306	5.72	0	14
ptg006231l_1	140861	310899	2.21	0	7
ptg006231l_1_region	140861	310899	2.21	0	7
ptg006232l_1	66193	174526	2.64	0	7
ptg006232l_1_region	66193	174526	2.64	0	7
ptg006234l_1	55638	122212	2.20	0	5
ptg006234l_1_region	55638	122212	2.20	0	5
ptg006235l_1	74299	240161	3.23	0	14
ptg006235l_1_region	74299	240161	3.23	0	14
ptg006236l_1	228177	560143	2.45	0	10
ptg006236l_1_region	228177	560143	2.45	0	10
ptg006237l_1	195940	566331	2.89	0	11
ptg006237l_1_region	195940	566331	2.89	0	11
ptg006242l_1	16240	25095	1.55	0	5
ptg006242l_1_region	16240	25095	1.55	0	5
ptg006245l_1	75538	207894	2.75	0	8
ptg006245l_1_region	75538	207894	2.75	0	8
ptg006247l_1	302011	624854	2.07	0	19
ptg006247l_1_region	302011	624854	2.07	0	19
ptg006248l_1	314087	772081	2.46	0	8
ptg006248l_1_region	314087	772081	2.46	0	8
ptg006249l_1	355309	711067	2.00	0	93
ptg006249l_1_region	355309	711067	2.00	0	93
ptg006250l_1	140995	557933	3.96	0	13
ptg006250l_1_region	140995	557933	3.96	0	13
ptg006252l_1	38833	40273	1.04	0	4
ptg006252l_1_region	38833	40273	1.04	0	4
ptg006254l_1	281809	1808124	6.42	0	28
ptg006254l_1_region	281809	1808124	6.42	0	28
ptg006255l_1	40939	99074	2.42	0	10
ptg006255l_1_region	40939	99074	2.42	0	10
ptg006258l_1	379464	1333923	3.52	0	73
ptg006258l_1_region	379464	1333923	3.52	0	73
ptg006261l_1	37396	68706	1.84	0	6
ptg006261l_1_region	37396	68706	1.84	0	6
ptg006263l_1	162038	140637	0.87	0	4
ptg006263l_1_region	162038	140637	0.87	0	4
ptg006264l_1	269887	698782	2.59	0	18
ptg006264l_1_region	269887	698782	2.59	0	18
ptg006266l_1	120225	362881	3.02	0	9
ptg006266l_1_region	120225	362881	3.02	0	9
ptg006267l_1	96284	176326	1.83	0	6
ptg006267l_1_region	96284	176326	1.83	0	6
ptg006269l_1	108296	279983	2.59	0	8
ptg006269l_1_region	108296	279983	2.59	0	8
ptg006270l_1	173612	600452	3.46	0	21
ptg006270l_1_region	173612	600452	3.46	0	21
ptg006271l_1	345924	845901	2.45	0	8
ptg006271l_1_region	345924	845901	2.45	0	8
ptg006277l_1	106923	165750	1.55	0	6
ptg006277l_1_region	106923	165750	1.55	0	6
ptg006279l_1	384833	1259287	3.27	0	12
ptg006279l_1_region	384833	1259287	3.27	0	12
ptg006282l_1	128430	96024	0.75	0	7
ptg006282l_1_region	128430	96024	0.75	0	7
ptg006284l_1	85051	35511	0.42	0	3
ptg006284l_1_region	85051	35511	0.42	0	3
ptg006285l_1	28921	29404	1.02	0	3
ptg006285l_1_region	28921	29404	1.02	0	3
ptg006286l_1	377850	1309005	3.46	0	20
ptg006286l_1_region	377850	1309005	3.46	0	20
ptg006287l_1	28628	151229	5.28	0	43
ptg006287l_1_region	28628	151229	5.28	0	43
ptg006289l_1	89601	215067	2.40	0	8
ptg006289l_1_region	89601	215067	2.40	0	8
ptg006290l_1	33810	50279	1.49	0	4
ptg006290l_1_region	33810	50279	1.49	0	4
ptg006295l_1	2090832	1273016	0.61	0	8
ptg006295l_1_region	2090832	1273016	0.61	0	8
ptg006297l_1	296071	1368914	4.62	0	57
ptg006297l_1_region	296071	1368914	4.62	0	57
ptg006301l_1	179350	329553	1.84	0	8
ptg006301l_1_region	179350	329553	1.84	0	8
ptg006303l_1	204256	407387	1.99	0	8
ptg006303l_1_region	204256	407387	1.99	0	8
ptg006304l_1	555955	1634605	2.94	0	14
ptg006304l_1_region	555955	1634605	2.94	0	14
ptg006305l_1	196620	503192	2.56	0	9
ptg006305l_1_region	196620	503192	2.56	0	9
ptg006306l_1	73755	150303	2.04	0	7
ptg006306l_1_region	73755	150303	2.04	0	7
ptg006311l_1	192238	1137068	5.91	0	14
ptg006311l_1_region	192238	1137068	5.91	0	14
ptg006314l_1	328537	647809	1.97	0	7
ptg006314l_1_region	328537	647809	1.97	0	7
ptg006315l_1	997025	3196294	3.21	0	15
ptg006315l_1_region	997025	3196294	3.21	0	15
ptg006319l_1	155568	640725	4.12	0	13
ptg006319l_1_region	155568	640725	4.12	0	13
ptg006320l_1	141952	464188	3.27	0	17
ptg006320l_1_region	141952	464188	3.27	0	17
ptg006322l_1	156216	548823	3.51	0	11
ptg006322l_1_region	156216	548823	3.51	0	11
ptg006324l_1	96752	193714	2.00	0	6
ptg006324l_1_region	96752	193714	2.00	0	6
ptg006325l_1	370375	446161	1.20	0	10
ptg006325l_1_region	370375	446161	1.20	0	10
ptg006327l_1	518954	1275071	2.46	0	10
ptg006327l_1_region	518954	1275071	2.46	0	10
ptg006328l_1	462586	1248906	2.70	0	9
ptg006328l_1_region	462586	1248906	2.70	0	9
ptg006333l_1	157417	352402	2.24	0	7
ptg006333l_1_region	157417	352402	2.24	0	7
ptg006334l_1	34406	23027	0.67	0	2
ptg006334l_1_region	34406	23027	0.67	0	2
ptg006341l_1	269069	599786	2.23	0	9
ptg006341l_1_region	269069	599786	2.23	0	9
ptg006342l_1	226544	568221	2.51	0	13
ptg006342l_1_region	226544	568221	2.51	0	13
ptg006346l_1	351925	1081600	3.07	0	31
ptg006346l_1_region	351925	1081600	3.07	0	31
ptg006348l_1	386164	1039919	2.69	0	24
ptg006348l_1_region	386164	1039919	2.69	0	24
ptg006349l_1	292530	635709	2.17	0	8
ptg006349l_1_region	292530	635709	2.17	0	8
ptg006350l_1	831722	397352	0.48	0	7
ptg006350l_1_region	831722	397352	0.48	0	7
ptg006351l_1	174590	240024	1.37	0	6
ptg006351l_1_region	174590	240024	1.37	0	6
ptg006352l_1	169306	729907	4.31	0	16
ptg006352l_1_region	169306	729907	4.31	0	16
ptg006353l_1	18640	29784	1.60	0	4
ptg006353l_1_region	18640	29784	1.60	0	4
ptg006354l_1	250910	1135439	4.53	0	35
ptg006354l_1_region	250910	1135439	4.53	0	35
ptg006358l_1	52249	144996	2.78	0	7
ptg006358l_1_region	52249	144996	2.78	0	7
ptg006361l_1	109670	234467	2.14	0	6
ptg006361l_1_region	109670	234467	2.14	0	6
ptg006362l_1	188238	663491	3.52	0	13
ptg006362l_1_region	188238	663491	3.52	0	13
ptg006364l_1	273750	242060	0.88	0	6
ptg006364l_1_region	273750	242060	0.88	0	6
ptg006365l_1	53797	138565	2.58	0	6
ptg006365l_1_region	53797	138565	2.58	0	6
ptg006366l_1	155118	107837	0.70	0	9
ptg006366l_1_region	155118	107837	0.70	0	9
ptg006367l_1	32919	73591	2.24	0	5
ptg006367l_1_region	32919	73591	2.24	0	5
ptg006369l_1	12445	16918	1.36	0	7
ptg006369l_1_region	12445	16918	1.36	0	7
ptg006370l_1	245968	854864	3.48	0	15
ptg006370l_1_region	245968	854864	3.48	0	15
ptg006371l_1	61539	113706	1.85	0	5
ptg006371l_1_region	61539	113706	1.85	0	5
ptg006373l_1	10766	7767	0.72	0	2
ptg006373l_1_region	10766	7767	0.72	0	2
ptg006374l_1	186971	366411	1.96	0	11
ptg006374l_1_region	186971	366411	1.96	0	11
ptg006376l_1	308449	556910	1.81	0	9
ptg006376l_1_region	308449	556910	1.81	0	9
ptg006377l_1	143463	328160	2.29	0	9
ptg006377l_1_region	143463	328160	2.29	0	9
ptg006383l_1	33170	57700	1.74	0	15
ptg006383l_1_region	33170	57700	1.74	0	15
ptg006386l_1	85916	259057	3.02	0	12
ptg006386l_1_region	85916	259057	3.02	0	12
ptg006388l_1	181580	457687	2.52	0	11
ptg006388l_1_region	181580	457687	2.52	0	11
ptg006395l_1	21846	64772	2.96	0	10
ptg006395l_1_region	21846	64772	2.96	0	10
ptg006398l_1	113712	318879	2.80	0	27
ptg006398l_1_region	113712	318879	2.80	0	27
ptg006399l_1	393142	1849413	4.70	0	24
ptg006399l_1_region	393142	1849413	4.70	0	24
ptg006400l_1	100000	143109	1.43	0	6
ptg006400l_1_region	100000	143109	1.43	0	6
ptg006402l_1	123409	390922	3.17	0	33
ptg006402l_1_region	123409	390922	3.17	0	33
ptg006407l_1	484342	1166671	2.41	0	11
ptg006407l_1_region	484342	1166671	2.41	0	11
ptg006408l_1	525837	2002179	3.81	0	20
ptg006408l_1_region	525837	2002179	3.81	0	20
ptg006410l_1	72473	156781	2.16	0	7
ptg006410l_1_region	72473	156781	2.16	0	7
ptg006411l_1	324626	1271888	3.92	0	15
ptg006411l_1_region	324626	1271888	3.92	0	15
ptg006413l_1	29373	38802	1.32	0	4
ptg006413l_1_region	29373	38802	1.32	0	4
ptg006415l_1	35836	203354	5.67	0	82
ptg006415l_1_region	35836	203354	5.67	0	82
ptg006416l_1	106942	213316	1.99	0	11
ptg006416l_1_region	106942	213316	1.99	0	11
ptg006418l_1	83560	248691	2.98	0	11
ptg006418l_1_region	83560	248691	2.98	0	11
ptg006420l_1	99275	300379	3.03	0	7
ptg006420l_1_region	99275	300379	3.03	0	7
ptg006421l_1	385033	1162530	3.02	0	13
ptg006421l_1_region	385033	1162530	3.02	0	13
ptg006422l_1	179200	584159	3.26	0	58
ptg006422l_1_region	179200	584159	3.26	0	58
ptg006426l_1	120137	301223	2.51	0	7
ptg006426l_1_region	120137	301223	2.51	0	7
ptg006427l_1	531226	1062408	2.00	0	12
ptg006427l_1_region	531226	1062408	2.00	0	12
ptg006429l_1	116677	434557	3.72	0	25
ptg006429l_1_region	116677	434557	3.72	0	25
ptg006430l_1	152753	255976	1.68	0	5
ptg006430l_1_region	152753	255976	1.68	0	5
ptg006431l_1	401545	1218747	3.04	0	12
ptg006431l_1_region	401545	1218747	3.04	0	12
ptg006435l_1	85208	239212	2.81	0	8
ptg006435l_1_region	85208	239212	2.81	0	8
ptg006439l_1	91470	603747	6.60	0	24
ptg006439l_1_region	91470	603747	6.60	0	24
ptg006440l_1	138316	472461	3.42	0	44
ptg006440l_1_region	138316	472461	3.42	0	44
ptg006443l_1	24729	30328	1.23	0	3
ptg006443l_1_region	24729	30328	1.23	0	3
ptg006444l_1	26533	7081	0.27	0	2
ptg006444l_1_region	26533	7081	0.27	0	2
ptg006448l_1	58758	113280	1.93	0	6
ptg006448l_1_region	58758	113280	1.93	0	6
ptg006450l_1	145890	327824	2.25	0	12
ptg006450l_1_region	145890	327824	2.25	0	12
ptg006453l_1	29895	51861	1.73	0	5
ptg006453l_1_region	29895	51861	1.73	0	5
ptg006454l_1	63340	67948	1.07	0	6
ptg006454l_1_region	63340	67948	1.07	0	6
ptg006455l_1	47320	215374	4.55	0	11
ptg006455l_1_region	47320	215374	4.55	0	11
ptg006461l_1	59102	288267	4.88	0	15
ptg006461l_1_region	59102	288267	4.88	0	15
ptg006471l_1	135593	433687	3.20	0	8
ptg006471l_1_region	135593	433687	3.20	0	8
ptg006472l_1	41938	62816	1.50	0	7
ptg006472l_1_region	41938	62816	1.50	0	7
ptg006475l_1	113823	308840	2.71	0	9
ptg006475l_1_region	113823	308840	2.71	0	9
ptg006478l_1	127554	223122	1.75	0	5
ptg006478l_1_region	127554	223122	1.75	0	5
ptg006480l_1	602932	4713164	7.82	0	134
ptg006480l_1_region	602932	4713164	7.82	0	134
ptg006484l_1	244701	788881	3.22	0	10
ptg006484l_1_region	244701	788881	3.22	0	10
ptg006486l_1	306714	2931532	9.56	0	142
ptg006486l_1_region	306714	2931532	9.56	0	142
ptg006488l_1	41080	46468	1.13	0	3
ptg006488l_1_region	41080	46468	1.13	0	3
ptg006489l_1	362708	1160909	3.20	0	14
ptg006489l_1_region	362708	1160909	3.20	0	14
ptg006490l_1	318340	637041	2.00	0	10
ptg006490l_1_region	318340	637041	2.00	0	10
ptg006491l_1	75427	103320	1.37	0	11
ptg006491l_1_region	75427	103320	1.37	0	11
ptg006492l_1	37261	66770	1.79	0	4
ptg006492l_1_region	37261	66770	1.79	0	4
ptg006493l_1	672141	1380468	2.05	0	13
ptg006493l_1_region	672141	1380468	2.05	0	13
ptg006496l_1	479622	1917252	4.00	0	28
ptg006496l_1_region	479622	1917252	4.00	0	28
ptg006497l_1	380043	1726128	4.54	0	27
ptg006497l_1_region	380043	1726128	4.54	0	27
ptg006498l_1	47349	140771	2.97	0	12
ptg006498l_1_region	47349	140771	2.97	0	12
ptg006499l_1	646195	1551204	2.40	0	24
ptg006499l_1_region	646195	1551204	2.40	0	24
ptg006500l_1	642762	1873950	2.92	0	70
ptg006500l_1_region	642762	1873950	2.92	0	70
ptg006503l_1	21790	58847	2.70	0	5
ptg006503l_1_region	21790	58847	2.70	0	5
ptg006505l_1	35473	57791	1.63	0	4
ptg006505l_1_region	35473	57791	1.63	0	4
ptg006507l_1	128331	281740	2.20	0	8
ptg006507l_1_region	128331	281740	2.20	0	8
ptg006509l_1	225682	506279	2.24	0	7
ptg006509l_1_region	225682	506279	2.24	0	7
ptg006513l_1	450431	1108243	2.46	0	10
ptg006513l_1_region	450431	1108243	2.46	0	10
ptg006514l_1	468079	2140781	4.57	0	79
ptg006514l_1_region	468079	2140781	4.57	0	79
ptg006520l_1	36259	61546	1.70	0	9
ptg006520l_1_region	36259	61546	1.70	0	9
ptg006523l_1	129135	303422	2.35	0	5
ptg006523l_1_region	129135	303422	2.35	0	5
ptg006524l_1	62648	102431	1.64	0	4
ptg006524l_1_region	62648	102431	1.64	0	4
ptg006529l_1	122583	303642	2.48	0	8
ptg006529l_1_region	122583	303642	2.48	0	8
ptg006530l_1	189039	475011	2.51	0	7
ptg006530l_1_region	189039	475011	2.51	0	7
ptg006531l_1	397256	979016	2.46	0	14
ptg006531l_1_region	397256	979016	2.46	0	14
ptg006532l_1	91049	141425	1.55	0	8
ptg006532l_1_region	91049	141425	1.55	0	8
ptg006533l_1	140239	481560	3.43	0	9
ptg006533l_1_region	140239	481560	3.43	0	9
ptg006534l_1	91073	229971	2.53	0	9
ptg006534l_1_region	91073	229971	2.53	0	9
ptg006536l_1	87919	147562	1.68	0	7
ptg006536l_1_region	87919	147562	1.68	0	7
ptg006538l_1	451725	1146503	2.54	0	10
ptg006538l_1_region	451725	1146503	2.54	0	10
ptg006541l_1	2045007	4328752	2.12	0	16
ptg006541l_1_region	2045007	4328752	2.12	0	16
ptg006544l_1	20956	16927	0.81	0	3
ptg006544l_1_region	20956	16927	0.81	0	3
ptg006549l_1	484455	1497571	3.09	0	26
ptg006549l_1_region	484455	1497571	3.09	0	26
ptg006550l_1	337317	811842	2.41	0	15
ptg006550l_1_region	337317	811842	2.41	0	15
ptg006551l_1	549474	1008767	1.84	0	12
ptg006551l_1_region	549474	1008767	1.84	0	12
ptg006552l_1	88419	302159	3.42	0	12
ptg006552l_1_region	88419	302159	3.42	0	12
ptg006554l_1	158233	202291	1.28	0	6
ptg006554l_1_region	158233	202291	1.28	0	6
ptg006558l_1	101340	273954	2.70	0	21
ptg006558l_1_region	101340	273954	2.70	0	21
ptg006559l_1	72854	219944	3.02	0	7
ptg006559l_1_region	72854	219944	3.02	0	7
ptg006561l_1	305085	710635	2.33	0	8
ptg006561l_1_region	305085	710635	2.33	0	8
ptg006562l_1	61644	151291	2.45	0	8
ptg006562l_1_region	61644	151291	2.45	0	8
ptg006564l_1	458842	1108875	2.42	0	8
ptg006564l_1_region	458842	1108875	2.42	0	8
ptg006569l_1	62535	208246	3.33	0	12
ptg006569l_1_region	62535	208246	3.33	0	12
ptg006573l_1	116930	513110	4.39	0	18
ptg006573l_1_region	116930	513110	4.39	0	18
ptg006575l_1	60616	125009	2.06	0	6
ptg006575l_1_region	60616	125009	2.06	0	6
ptg006579l_1	52555	96433	1.83	0	5
ptg006579l_1_region	52555	96433	1.83	0	5
ptg006580l_1	19991	66244	3.31	0	6
ptg006580l_1_region	19991	66244	3.31	0	6
ptg006581l_1	93737	196498	2.10	0	7
ptg006581l_1_region	93737	196498	2.10	0	7
ptg006589l_1	72081	221417	3.07	0	11
ptg006589l_1_region	72081	221417	3.07	0	11
ptg006592l_1	83937	8863	0.11	0	2
ptg006592l_1_region	83937	8863	0.11	0	2
ptg006595l_1	1213331	1542725	1.27	0	13
ptg006595l_1_region	1213331	1542725	1.27	0	13
ptg006596l_1	163276	318225	1.95	0	8
ptg006596l_1_region	163276	318225	1.95	0	8
ptg006598l_1	83556	207820	2.49	0	13
ptg006598l_1_region	83556	207820	2.49	0	13
ptg006600l_1	97865	161217	1.65	0	9
ptg006600l_1_region	97865	161217	1.65	0	9
ptg006602l_1	331419	965773	2.91	0	12
ptg006602l_1_region	331419	965773	2.91	0	12
ptg006604l_1	1421349	2536339	1.78	0	10
ptg006604l_1_region	1421349	2536339	1.78	0	10
ptg006605l_1	334209	867206	2.59	0	11
ptg006605l_1_region	334209	867206	2.59	0	11
ptg006610l_1	23870	66329	2.78	0	8
ptg006610l_1_region	23870	66329	2.78	0	8
ptg006611l_1	34546	69677	2.02	0	6
ptg006611l_1_region	34546	69677	2.02	0	6
ptg006612l_1	758450	2014107	2.66	0	11
ptg006612l_1_region	758450	2014107	2.66	0	11
ptg006614l_1	182335	373192	2.05	0	8
ptg006614l_1_region	182335	373192	2.05	0	8
ptg006615l_1	1871553	2121041	1.13	0	18
ptg006615l_1_region	1871553	2121041	1.13	0	18
ptg006616l_1	32034	26721	0.83	0	5
ptg006616l_1_region	32034	26721	0.83	0	5
ptg006619l_1	1045055	1025825	0.98	0	8
ptg006619l_1_region	1045055	1025825	0.98	0	8
ptg006620l_1	520265	1143785	2.20	0	17
ptg006620l_1_region	520265	1143785	2.20	0	17
ptg006621l_1	108406	213998	1.97	0	6
ptg006621l_1_region	108406	213998	1.97	0	6
ptg006623l_1	26345	35930	1.36	0	5
ptg006623l_1_region	26345	35930	1.36	0	5
ptg006625l_1	385525	1144936	2.97	0	12
ptg006625l_1_region	385525	1144936	2.97	0	12
ptg006627l_1	37680	16117	0.43	0	2
ptg006627l_1_region	37680	16117	0.43	0	2
ptg006629l_1	344489	297255	0.86	0	7
ptg006629l_1_region	344489	297255	0.86	0	7
ptg006630l_1	123098	288731	2.35	0	9
ptg006630l_1_region	123098	288731	2.35	0	9
ptg006632l_1	154732	443454	2.87	0	24
ptg006632l_1_region	154732	443454	2.87	0	24
ptg006634l_1	91228	74943	0.82	0	5
ptg006634l_1_region	91228	74943	0.82	0	5
ptg006636l_1	149837	462283	3.09	0	14
ptg006636l_1_region	149837	462283	3.09	0	14
ptg006639l_1	397333	1065063	2.68	0	8
ptg006639l_1_region	397333	1065063	2.68	0	8
ptg006640l_1	287937	740247	2.57	0	9
ptg006640l_1_region	287937	740247	2.57	0	9
ptg006641l_1	66479	191993	2.89	0	10
ptg006641l_1_region	66479	191993	2.89	0	10
ptg006642l_1	271686	1117532	4.11	0	46
ptg006642l_1_region	271686	1117532	4.11	0	46
ptg006643l_1	18916	34366	1.82	0	12
ptg006643l_1_region	18916	34366	1.82	0	12
ptg006644l_1	77524	108064	1.39	0	5
ptg006644l_1_region	77524	108064	1.39	0	5
ptg006645l_1	117487	255720	2.18	0	7
ptg006645l_1_region	117487	255720	2.18	0	7
ptg006650l_1	20657	44089	2.13	0	5
ptg006650l_1_region	20657	44089	2.13	0	5
ptg006651l_1	162864	588548	3.61	0	30
ptg006651l_1_region	162864	588548	3.61	0	30
ptg006652l_1	80637	136488	1.69	0	10
ptg006652l_1_region	80637	136488	1.69	0	10
ptg006653l_1	449217	1021851	2.27	0	11
ptg006653l_1_region	449217	1021851	2.27	0	11
ptg006655l_1	34866	6861	0.20	0	2
ptg006655l_1_region	34866	6861	0.20	0	2
ptg006656l_1	372172	1157527	3.11	0	23
ptg006656l_1_region	372172	1157527	3.11	0	23
ptg006657l_1	297178	3611448	12.15	0	63
ptg006657l_1_region	297178	3611448	12.15	0	63
ptg006658l_1	62313	106172	1.70	0	7
ptg006658l_1_region	62313	106172	1.70	0	7
ptg006659l_1	779966	1680009	2.15	0	21
ptg006659l_1_region	779966	1680009	2.15	0	21
ptg006662l_1	498756	1877868	3.77	0	16
ptg006662l_1_region	498756	1877868	3.77	0	16
ptg006665l_1	101250	242224	2.39	0	9
ptg006665l_1_region	101250	242224	2.39	0	9
ptg006666l_1	155722	341213	2.19	0	8
ptg006666l_1_region	155722	341213	2.19	0	8
ptg006667l_1	124642	332294	2.67	0	11
ptg006667l_1_region	124642	332294	2.67	0	11
ptg006668l_1	533089	1832641	3.44	0	14
ptg006668l_1_region	533089	1832641	3.44	0	14
ptg006670l_1	73723	115766	1.57	0	5
ptg006670l_1_region	73723	115766	1.57	0	5
ptg006673l_1	176259	457557	2.60	0	18
ptg006673l_1_region	176259	457557	2.60	0	18
ptg006679l_1	46412	117421	2.53	0	7
ptg006679l_1_region	46412	117421	2.53	0	7
ptg006681l_1	99936	329907	3.30	0	11
ptg006681l_1_region	99936	329907	3.30	0	11
ptg006685l_1	139042	606560	4.36	0	36
ptg006685l_1_region	139042	606560	4.36	0	36
ptg006687l_1	40045	5417	0.14	0	1
ptg006687l_1_region	40045	5417	0.14	0	1
ptg006688l_1	531669	1650937	3.11	0	13
ptg006688l_1_region	531669	1650937	3.11	0	13
ptg006690l_1	144680	314462	2.17	0	11
ptg006690l_1_region	144680	314462	2.17	0	11
ptg006691l_1	86914	144517	1.66	0	5
ptg006691l_1_region	86914	144517	1.66	0	5
ptg006700l_1	145331	511834	3.52	0	21
ptg006700l_1_region	145331	511834	3.52	0	21
ptg006701l_1	1503552	4842477	3.22	0	45
ptg006701l_1_region	1503552	4842477	3.22	0	45
ptg006704l_1	84778	175527	2.07	0	6
ptg006704l_1_region	84778	175527	2.07	0	6
ptg006706l_1	559804	741147	1.32	0	18
ptg006706l_1_region	559804	741147	1.32	0	18
ptg006708l_1	30865	61825	2.00	0	8
ptg006708l_1_region	30865	61825	2.00	0	8
ptg006709l_1	143971	359852	2.50	0	13
ptg006709l_1_region	143971	359852	2.50	0	13
ptg006711l_1	401796	842205	2.10	0	11
ptg006711l_1_region	401796	842205	2.10	0	11
ptg006712l_1	129919	339951	2.62	0	7
ptg006712l_1_region	129919	339951	2.62	0	7
ptg006714l_1	232250	384610	1.66	0	9
ptg006714l_1_region	232250	384610	1.66	0	9
ptg006715l_1	650288	2368310	3.64	0	20
ptg006715l_1_region	650288	2368310	3.64	0	20
ptg006717l_1	100755	296825	2.95	0	18
ptg006717l_1_region	100755	296825	2.95	0	18
ptg006718l_1	276208	1028176	3.72	0	24
ptg006718l_1_region	276208	1028176	3.72	0	24
ptg006719l_1	293557	1151806	3.92	0	33
ptg006719l_1_region	293557	1151806	3.92	0	33
ptg006721l_1	48439	110643	2.28	0	6
ptg006721l_1_region	48439	110643	2.28	0	6
ptg006722l_1	1192943	2096637	1.76	0	13
ptg006722l_1_region	1192943	2096637	1.76	0	13
ptg006723l_1	219041	358413	1.64	0	6
ptg006723l_1_region	219041	358413	1.64	0	6
ptg006725l_1	157965	184302	1.17	0	6
ptg006725l_1_region	157965	184302	1.17	0	6
ptg006727l_1	163824	237126	1.45	0	6
ptg006727l_1_region	163824	237126	1.45	0	6
ptg006730l_1	384080	368116	0.96	0	10
ptg006730l_1_region	384080	368116	0.96	0	10
ptg006737l_1	19972	36116	1.81	0	3
ptg006737l_1_region	19972	36116	1.81	0	3
ptg006738l_1	309891	808227	2.61	0	13
ptg006738l_1_region	309891	808227	2.61	0	13
ptg006739l_1	222227	314385	1.41	0	8
ptg006739l_1_region	222227	314385	1.41	0	8
ptg006741l_1	20205	35104	1.74	0	5
ptg006741l_1_region	20205	35104	1.74	0	5
ptg006744l_1	175875	412751	2.35	0	14
ptg006744l_1_region	175875	412751	2.35	0	14
ptg006750l_1	304260	962213	3.16	0	41
ptg006750l_1_region	304260	962213	3.16	0	41
ptg006752l_1	76689	389942	5.08	0	25
ptg006752l_1_region	76689	389942	5.08	0	25
ptg006753l_1	514945	1821308	3.54	0	25
ptg006753l_1_region	514945	1821308	3.54	0	25
ptg006754l_1	46522	79610	1.71	0	6
ptg006754l_1_region	46522	79610	1.71	0	6
ptg006755l_1	138367	343945	2.49	0	7
ptg006755l_1_region	138367	343945	2.49	0	7
ptg006756l_1	1063487	2636881	2.48	0	23
ptg006756l_1_region	1063487	2636881	2.48	0	23
ptg006757l_1	282107	656922	2.33	0	7
ptg006757l_1_region	282107	656922	2.33	0	7
ptg006760l_1	272393	572736	2.10	0	37
ptg006760l_1_region	272393	572736	2.10	0	37
ptg006762l_1	67002	115344	1.72	0	60
ptg006762l_1_region	67002	115344	1.72	0	60
ptg006763l_1	163502	295654	1.81	0	8
ptg006763l_1_region	163502	295654	1.81	0	8
ptg006768l_1	317342	1113881	3.51	0	146
ptg006768l_1_region	317342	1113881	3.51	0	146
ptg006770l_1	653117	1045806	1.60	0	8
ptg006770l_1_region	653117	1045806	1.60	0	8
ptg006771l_1	159103	586043	3.68	0	37
ptg006771l_1_region	159103	586043	3.68	0	37
ptg006772l_1	123530	516395	4.18	0	12
ptg006772l_1_region	123530	516395	4.18	0	12
ptg006773l_1	239496	234774	0.98	0	8
ptg006773l_1_region	239496	234774	0.98	0	8
ptg006774l_1	268610	415229	1.55	0	11
ptg006774l_1_region	268610	415229	1.55	0	11
ptg006775l_1	314151	1074791	3.42	0	13
ptg006775l_1_region	314151	1074791	3.42	0	13
ptg006778l_1	163342	434505	2.66	0	30
ptg006778l_1_region	163342	434505	2.66	0	30
ptg006781l_1	158361	554025	3.50	0	11
ptg006781l_1_region	158361	554025	3.50	0	11
ptg006782l_1	640738	558597	0.87	0	8
ptg006782l_1_region	640738	558597	0.87	0	8
ptg006783l_1	1033099	1764083	1.71	0	24
ptg006783l_1_region	1033099	1764083	1.71	0	24
ptg006786l_1	93218	145061	1.56	0	6
ptg006786l_1_region	93218	145061	1.56	0	6
ptg006787l_1	229506	840572	3.66	0	97
ptg006787l_1_region	229506	840572	3.66	0	97
ptg006788l_1	26296	37027	1.41	0	5
ptg006788l_1_region	26296	37027	1.41	0	5
ptg006791l_1	174189	514938	2.96	0	20
ptg006791l_1_region	174189	514938	2.96	0	20
ptg006795l_1	80127	68424	0.85	0	3
ptg006795l_1_region	80127	68424	0.85	0	3
ptg006797l_1	447925	944375	2.11	0	12
ptg006797l_1_region	447925	944375	2.11	0	12
ptg006798l_1	55015	148256	2.69	0	24
ptg006798l_1_region	55015	148256	2.69	0	24
ptg006799l_1	283786	636186	2.24	0	8
ptg006799l_1_region	283786	636186	2.24	0	8
ptg006801l_1	383013	639442	1.67	0	8
ptg006801l_1_region	383013	639442	1.67	0	8
ptg006802l_1	347801	313917	0.90	0	9
ptg006802l_1_region	347801	313917	0.90	0	9
ptg006806l_1	227718	644567	2.83	0	10
ptg006806l_1_region	227718	644567	2.83	0	10
ptg006810l_1	498692	927823	1.86	0	8
ptg006810l_1_region	498692	927823	1.86	0	8
ptg006811l_1	198551	239123	1.20	0	4
ptg006811l_1_region	198551	239123	1.20	0	4
ptg006812l_1	201077	557386	2.77	0	12
ptg006812l_1_region	201077	557386	2.77	0	12
ptg006816l_1	1135199	508692	0.45	0	6
ptg006816l_1_region	1135199	508692	0.45	0	6
ptg006818l_1	685621	3907311	5.70	0	31
ptg006818l_1_region	685621	3907311	5.70	0	31
ptg006819l_1	1393930	2022924	1.45	0	13
ptg006819l_1_region	1393930	2022924	1.45	0	13
ptg006820l_1	2613856	10838106	4.15	0	587
ptg006820l_1_region	2613856	10838106	4.15	0	587
ptg006822l_1	377191	205693	0.55	0	10
ptg006822l_1_region	377191	205693	0.55	0	10
ptg006823l_1	265646	157148	0.59	0	3
ptg006823l_1_region	265646	157148	0.59	0	3
ptg006824l_1	40496	26734	0.66	0	3
ptg006824l_1_region	40496	26734	0.66	0	3
ptg006827l_1	1068174	901064	0.84	0	11
ptg006827l_1_region	1068174	901064	0.84	0	11
ptg006828l_1	782236	303433	0.39	0	11
ptg006828l_1_region	782236	303433	0.39	0	11
ptg006829l_1	854075	1388227	1.63	0	29
ptg006829l_1_region	854075	1388227	1.63	0	29
ptg006831l_1	468292	131330	0.28	0	6
ptg006831l_1_region	468292	131330	0.28	0	6
ptg006832l_1	770874	535716	0.69	0	5
ptg006832l_1_region	770874	535716	0.69	0	5
ptg006833l_1	526780	144318	0.27	0	2
ptg006833l_1_region	526780	144318	0.27	0	2
ptg006834l_1	1358244	775436	0.57	0	26
ptg006834l_1_region	1358244	775436	0.57	0	26
ptg006837l_1	76509	75574	0.99	0	3
ptg006837l_1_region	76509	75574	0.99	0	3
ptg006838l_1	382264	1114719	2.92	0	12
ptg006838l_1_region	382264	1114719	2.92	0	12
ptg006841l_1	306333	75478	0.25	0	4
ptg006841l_1_region	306333	75478	0.25	0	4
ptg006842l_1	83265	237268	2.85	0	10
ptg006842l_1_region	83265	237268	2.85	0	10
ptg006843l_1	124147	264676	2.13	0	6
ptg006843l_1_region	124147	264676	2.13	0	6
ptg006844l_1	314861	859778	2.73	0	10
ptg006844l_1_region	314861	859778	2.73	0	10
ptg006845l_1	190213	229337	1.21	0	5
ptg006845l_1_region	190213	229337	1.21	0	5
ptg006846l_1	126536	386957	3.06	0	9
ptg006846l_1_region	126536	386957	3.06	0	9
ptg006847l_1	187403	635884	3.39	0	23
ptg006847l_1_region	187403	635884	3.39	0	23
ptg006848l_1	26734	40249	1.51	0	6
ptg006848l_1_region	26734	40249	1.51	0	6
ptg006849l_1	117841	291746	2.48	0	8
ptg006849l_1_region	117841	291746	2.48	0	8
ptg006850l_1	81684	186289	2.28	0	6
ptg006850l_1_region	81684	186289	2.28	0	6
ptg006851l_1	97128	363077	3.74	0	80
ptg006851l_1_region	97128	363077	3.74	0	80
ptg006852l_1	315285	746735	2.37	0	51
ptg006852l_1_region	315285	746735	2.37	0	51
ptg006854l_1	106585	311037	2.92	0	8
ptg006854l_1_region	106585	311037	2.92	0	8
ptg006857l_1	92087	183254	1.99	0	5
ptg006857l_1_region	92087	183254	1.99	0	5
ptg006859l_1	867396	414764	0.48	0	12
ptg006859l_1_region	867396	414764	0.48	0	12
ptg006866l_1	12345	13569	1.10	0	3
ptg006866l_1_region	12345	13569	1.10	0	3
ptg006867l_1	332181	809533	2.44	0	10
ptg006867l_1_region	332181	809533	2.44	0	10
ptg006868l_1	57255	67683	1.18	0	5
ptg006868l_1_region	57255	67683	1.18	0	5
ptg006875l_1	41726	74913	1.80	0	5
ptg006875l_1_region	41726	74913	1.80	0	5
ptg006878l_1	416857	596911	1.43	0	11
ptg006878l_1_region	416857	596911	1.43	0	11
ptg006880l_1	535786	1004304	1.87	0	44
ptg006880l_1_region	535786	1004304	1.87	0	44
ptg006881l_1	466390	861895	1.85	0	8
ptg006881l_1_region	466390	861895	1.85	0	8
ptg006887l_1	513331	918779	1.79	0	11
ptg006887l_1_region	513331	918779	1.79	0	11
ptg006890l_1	184848	500811	2.71	0	22
ptg006890l_1_region	184848	500811	2.71	0	22
ptg006891l_1	201682	464732	2.30	0	7
ptg006891l_1_region	201682	464732	2.30	0	7
ptg006894l_1	13450	289767	21.54	2	35
ptg006894l_1_region	13450	289767	21.54	2	35
ptg006897l_1	304114	1071251	3.52	0	17
ptg006897l_1_region	304114	1071251	3.52	0	17
ptg006903l_1	91924	293213	3.19	0	13
ptg006903l_1_region	91924	293213	3.19	0	13
ptg006910l_1	255301	959733	3.76	0	16
ptg006910l_1_region	255301	959733	3.76	0	16
ptg006911l_1	248472	1702894	6.85	0	39
ptg006911l_1_region	248472	1702894	6.85	0	39
ptg006913l_1	13979	11815	0.85	0	2
ptg006913l_1_region	13979	11815	0.85	0	2
ptg006914l_1	162793	141979	0.87	0	5
ptg006914l_1_region	162793	141979	0.87	0	5
ptg006916l_1	132464	114256	0.86	0	9
ptg006916l_1_region	132464	114256	0.86	0	9
ptg006917l_1	361597	377637	1.04	0	6
ptg006917l_1_region	361597	377637	1.04	0	6
ptg006919l_1	511246	1309430	2.56	0	10
ptg006919l_1_region	511246	1309430	2.56	0	10
ptg006920l_1	422600	661653	1.57	0	10
ptg006920l_1_region	422600	661653	1.57	0	10
ptg006926l_1	60892	189030	3.10	0	8
ptg006926l_1_region	60892	189030	3.10	0	8
ptg006927l_1	404727	1299790	3.21	0	11
ptg006927l_1_region	404727	1299790	3.21	0	11
ptg006928l_1	398397	825827	2.07	0	64
ptg006928l_1_region	398397	825827	2.07	0	64
ptg006929l_1	233137	461819	1.98	0	7
ptg006929l_1_region	233137	461819	1.98	0	7
ptg006931l_1	150117	327372	2.18	0	9
ptg006931l_1_region	150117	327372	2.18	0	9
ptg006932l_1	17878	6292	0.35	0	1
ptg006932l_1_region	17878	6292	0.35	0	1
ptg006933l_1	36069	74064	2.05	0	5
ptg006933l_1_region	36069	74064	2.05	0	5
ptg006935l_1	523266	1029444	1.97	0	10
ptg006935l_1_region	523266	1029444	1.97	0	10
ptg006938l_1	141383	274633	1.94	0	7
ptg006938l_1_region	141383	274633	1.94	0	7
ptg006942l_1	248203	1065171	4.29	0	27
ptg006942l_1_region	248203	1065171	4.29	0	27
ptg006945l_1	18937	55381	2.92	0	8
ptg006945l_1_region	18937	55381	2.92	0	8
ptg006946l_1	41890	51395	1.23	0	6
ptg006946l_1_region	41890	51395	1.23	0	6
ptg006951l_1	35210	63200	1.79	0	7
ptg006951l_1_region	35210	63200	1.79	0	7
ptg006953l_1	116650	216972	1.86	0	8
ptg006953l_1_region	116650	216972	1.86	0	8
ptg006954l_1	102972	99142	0.96	0	6
ptg006954l_1_region	102972	99142	0.96	0	6
ptg006957l_1	14218	6494	0.46	0	1
ptg006957l_1_region	14218	6494	0.46	0	1
ptg006958l_1	140064	146433	1.05	0	9
ptg006958l_1_region	140064	146433	1.05	0	9
ptg006959l_1	122187	86416	0.71	0	3
ptg006959l_1_region	122187	86416	0.71	0	3
ptg006960l_1	93622	40358	0.43	0	2
ptg006960l_1_region	93622	40358	0.43	0	2
ptg006961l_1	62117	54697	0.88	0	7
ptg006961l_1_region	62117	54697	0.88	0	7
ptg006963l_1	45924	54983	1.20	0	4
ptg006963l_1_region	45924	54983	1.20	0	4
ptg006965l_1	64327	6450	0.10	0	3
ptg006965l_1_region	64327	6450	0.10	0	3
ptg006966l_1	106984	196439	1.84	0	6
ptg006966l_1_region	106984	196439	1.84	0	6
ptg006967l_1	21189	5868	0.28	0	1
ptg006967l_1_region	21189	5868	0.28	0	1
ptg006968l_1	334253	593917	1.78	0	10
ptg006968l_1_region	334253	593917	1.78	0	10
ptg006969l_1	73983	199455	2.70	0	7
ptg006969l_1_region	73983	199455	2.70	0	7
ptg006973l_1	43743	129914	2.97	0	7
ptg006973l_1_region	43743	129914	2.97	0	7
ptg006976l_1	98192	424876	4.33	0	18
ptg006976l_1_region	98192	424876	4.33	0	18
ptg006977l_1	82403	168890	2.05	0	7
ptg006977l_1_region	82403	168890	2.05	0	7
ptg006978l_1	192728	416976	2.16	0	11
ptg006978l_1_region	192728	416976	2.16	0	11
ptg006979l_1	127076	599670	4.72	0	17
ptg006979l_1_region	127076	599670	4.72	0	17
ptg006980l_1	50492	283894	5.62	0	18
ptg006980l_1_region	50492	283894	5.62	0	18
ptg006981l_1	12952	23527	1.82	0	3
ptg006981l_1_region	12952	23527	1.82	0	3
ptg006982l_1	91475	301664	3.30	0	17
ptg006982l_1_region	91475	301664	3.30	0	17
ptg006983l_1	75310	176887	2.35	0	6
ptg006983l_1_region	75310	176887	2.35	0	6
ptg006984l_1	52698	172051	3.26	0	11
ptg006984l_1_region	52698	172051	3.26	0	11
ptg006985l_1	37444	29775	0.80	0	3
ptg006985l_1_region	37444	29775	0.80	0	3
ptg006987l_1	26596	21772	0.82	0	2
ptg006987l_1_region	26596	21772	0.82	0	2
ptg006989l_1	164763	786079	4.77	0	23
ptg006989l_1_region	164763	786079	4.77	0	23
ptg006990l_1	15925	24240	1.52	0	4
ptg006990l_1_region	15925	24240	1.52	0	4
ptg006991l_1	13526	71650	5.30	0	9
ptg006991l_1_region	13526	71650	5.30	0	9
ptg006992l_1	75922	135891	1.79	0	5
ptg006992l_1_region	75922	135891	1.79	0	5
ptg006993l_1	312834	585871	1.87	0	21
ptg006993l_1_region	312834	585871	1.87	0	21
ptg006994l_1	1013111	1696638	1.67	0	9
ptg006994l_1_region	1013111	1696638	1.67	0	9
ptg006995l_1	487703	1488227	3.05	0	21
ptg006995l_1_region	487703	1488227	3.05	0	21
ptg006996l_1	178835	274648	1.54	0	9
ptg006996l_1_region	178835	274648	1.54	0	9
ptg006997l_1	444323	1212977	2.73	0	16
ptg006997l_1_region	444323	1212977	2.73	0	16
ptg007001l_1	138837	295342	2.13	0	10
ptg007001l_1_region	138837	295342	2.13	0	10
ptg007002l_1	134724	328106	2.44	0	7
ptg007002l_1_region	134724	328106	2.44	0	7
ptg007003l_1	354691	762155	2.15	0	79
ptg007003l_1_region	354691	762155	2.15	0	79
ptg007005l_1	97600	394361	4.04	0	11
ptg007005l_1_region	97600	394361	4.04	0	11
ptg007010l_1	270094	1572573	5.82	0	31
ptg007010l_1_region	270094	1572573	5.82	0	31
ptg007013l_1	428241	1753222	4.09	0	12
ptg007013l_1_region	428241	1753222	4.09	0	12
ptg007016l_1	1957996	3860188	1.97	0	30
ptg007016l_1_region	1957996	3860188	1.97	0	30
ptg007017l_1	373008	190025	0.51	0	4
ptg007017l_1_region	373008	190025	0.51	0	4
ptg007018l_1	162243	89727	0.55	0	4
ptg007018l_1_region	162243	89727	0.55	0	4
ptg007019l_1	1734167	688642	0.40	0	11
ptg007019l_1_region	1734167	688642	0.40	0	11
ptg007021l_1	589336	98994	0.17	0	3
ptg007021l_1_region	589336	98994	0.17	0	3
ptg007022l_1	851101	810429	0.95	0	17
ptg007022l_1_region	851101	810429	0.95	0	17
ptg007024l_1	156800	222838	1.42	0	5
ptg007024l_1_region	156800	222838	1.42	0	5
ptg007025l_1	92779	144486	1.56	0	13
ptg007025l_1_region	92779	144486	1.56	0	13
ptg007026l_1	20649	654378	31.69	2	66
ptg007026l_1_region	20649	654378	31.69	2	66
ptg007030l_1	27525	55818	2.03	0	4
ptg007030l_1_region	27525	55818	2.03	0	4
ptg007031l_1	199371	420809	2.11	0	9
ptg007031l_1_region	199371	420809	2.11	0	9
ptg007033l_1	206973	430513	2.08	0	9
ptg007033l_1_region	206973	430513	2.08	0	9
ptg007034l_1	585364	810580	1.38	0	13
ptg007034l_1_region	585364	810580	1.38	0	13
ptg007038l_1	373455	621176	1.66	0	6
ptg007038l_1_region	373455	621176	1.66	0	6
ptg007039l_1	402339	1819412	4.52	0	12
ptg007039l_1_region	402339	1819412	4.52	0	12
ptg007040l_1	358997	1185942	3.30	0	11
ptg007040l_1_region	358997	1185942	3.30	0	11
ptg007042l_1	200700	475523	2.37	0	15
ptg007042l_1_region	200700	475523	2.37	0	15
ptg007045l_1	1545671	6596164	4.27	0	50
ptg007045l_1_region	1545671	6596164	4.27	0	50
ptg007046l_1	241210	758818	3.15	0	93
ptg007046l_1_region	241210	758818	3.15	0	93
ptg007047l_1	312826	622620	1.99	0	10
ptg007047l_1_region	312826	622620	1.99	0	10
ptg007048l_1	110358	357342	3.24	0	12
ptg007048l_1_region	110358	357342	3.24	0	12
ptg007051l_1	590924	2660573	4.50	0	32
ptg007051l_1_region	590924	2660573	4.50	0	32
ptg007057l_1	231518	3831257	16.55	0	90
ptg007057l_1_region	231518	3831257	16.55	0	90
ptg007065l_1	11525	7496	0.65	0	2
ptg007065l_1_region	11525	7496	0.65	0	2
ptg007068l_1	148368	1984853	13.38	0	165
ptg007068l_1_region	148368	1984853	13.38	0	165
ptg007069l_1	85507	205267	2.40	0	15
ptg007069l_1_region	85507	205267	2.40	0	15
ptg007071l_1	212591	458256	2.16	0	8
ptg007071l_1_region	212591	458256	2.16	0	8
ptg007075l_1	1371231	341745	0.25	0	6
ptg007075l_1_region	1371231	341745	0.25	0	6
ptg007077l_1	319682	93084	0.29	0	3
ptg007077l_1_region	319682	93084	0.29	0	3
ptg007078l_1	415387	1108564	2.67	0	21
ptg007078l_1_region	415387	1108564	2.67	0	21
ptg007082l_1	267230	609662	2.28	0	7
ptg007082l_1_region	267230	609662	2.28	0	7
ptg007085l_1	484879	1084388	2.24	0	8
ptg007085l_1_region	484879	1084388	2.24	0	8
ptg007090l_1	254035	576767	2.27	0	10
ptg007090l_1_region	254035	576767	2.27	0	10
ptg007096l_1	170167	708122	4.16	0	28
ptg007096l_1_region	170167	708122	4.16	0	28
ptg007097l_1	321350	1207726	3.76	0	25
ptg007097l_1_region	321350	1207726	3.76	0	25
ptg007099l_1	172301	586940	3.41	0	21
ptg007099l_1_region	172301	586940	3.41	0	21
ptg007100l_1	401231	549998	1.37	0	16
ptg007100l_1_region	401231	549998	1.37	0	16
ptg007104l_1	184501	736034	3.99	0	14
ptg007104l_1_region	184501	736034	3.99	0	14
ptg007105l_1	82606	114067	1.38	0	6
ptg007105l_1_region	82606	114067	1.38	0	6
ptg007106l_1	270081	646795	2.39	0	8
ptg007106l_1_region	270081	646795	2.39	0	8
ptg007107l_1	163285	60012	0.37	0	3
ptg007107l_1_region	163285	60012	0.37	0	3
ptg007111l_1	191829	527137	2.75	0	13
ptg007111l_1_region	191829	527137	2.75	0	13
ptg007120l_1	869754	1926419	2.21	0	17
ptg007120l_1_region	869754	1926419	2.21	0	17
ptg007125l_1	36791	74011	2.01	0	4
ptg007125l_1_region	36791	74011	2.01	0	4
ptg007129l_1	267440	785256	2.94	0	11
ptg007129l_1_region	267440	785256	2.94	0	11
ptg007130l_1	14596	13815	0.95	0	2
ptg007130l_1_region	14596	13815	0.95	0	2
ptg007131l_1	441921	646826	1.46	0	12
ptg007131l_1_region	441921	646826	1.46	0	12
ptg007132l_1	89833	29088	0.32	0	5
ptg007132l_1_region	89833	29088	0.32	0	5
ptg007137l_1	204379	310233	1.52	0	7
ptg007137l_1_region	204379	310233	1.52	0	7
ptg007139l_1	68375	297621	4.35	0	11
ptg007139l_1_region	68375	297621	4.35	0	11
ptg007142l_1	36346	70635	1.94	0	13
ptg007142l_1_region	36346	70635	1.94	0	13
ptg007145l_1	44028	261024	5.93	0	12
ptg007145l_1_region	44028	261024	5.93	0	12
ptg007147l_1	117693	582524	4.95	0	14
ptg007147l_1_region	117693	582524	4.95	0	14
ptg007150l_1	72064	86331	1.20	0	4
ptg007150l_1_region	72064	86331	1.20	0	4
ptg007151l_1	79676	685775	8.61	0	24
ptg007151l_1_region	79676	685775	8.61	0	24
ptg007152l_1	314326	1428146	4.54	0	28
ptg007152l_1_region	314326	1428146	4.54	0	28
ptg007153l_1	67201	345197	5.14	0	18
ptg007153l_1_region	67201	345197	5.14	0	18
ptg007155l_1	30328	49384	1.63	0	4
ptg007155l_1_region	30328	49384	1.63	0	4
ptg007156l_1	50066	27179	0.54	0	2
ptg007156l_1_region	50066	27179	0.54	0	2
ptg007159l_1	138755	899897	6.49	0	18
ptg007159l_1_region	138755	899897	6.49	0	18
ptg007161l_1	141255	169003	1.20	0	9
ptg007161l_1_region	141255	169003	1.20	0	9
ptg007162l_1	78360	1737886	22.18	0	71
ptg007162l_1_region	78360	1737886	22.18	0	71
ptg007164l_1	85619	60387	0.71	0	4
ptg007164l_1_region	85619	60387	0.71	0	4
ptg007167l_1	30476	81792	2.68	0	4
ptg007167l_1_region	30476	81792	2.68	0	4
ptg007169l_1	35776	75873	2.12	0	4
ptg007169l_1_region	35776	75873	2.12	0	4
ptg007170l_1	66776	15600	0.23	0	1
ptg007170l_1_region	66776	15600	0.23	0	1
ptg007171l_1	228062	413661	1.81	0	7
ptg007171l_1_region	228062	413661	1.81	0	7
ptg007172l_1	81782	1190463	14.56	1	40
ptg007172l_1_region	81782	1190463	14.56	1	40
ptg007173l_1	52431	45678	0.87	0	6
ptg007173l_1_region	52431	45678	0.87	0	6
ptg007174l_1	162560	1425184	8.77	0	39
ptg007174l_1_region	162560	1425184	8.77	0	39
ptg007180l_1	417515	973523	2.33	0	34
ptg007180l_1_region	417515	973523	2.33	0	34
ptg007184l_1	501716	1454064	2.90	0	19
ptg007184l_1_region	501716	1454064	2.90	0	19
ptg007185l_1	123710	252063	2.04	0	8
ptg007185l_1_region	123710	252063	2.04	0	8
ptg007186l_1	19353	16059	0.83	0	2
ptg007186l_1_region	19353	16059	0.83	0	2
ptg007187l_1	547784	1508734	2.75	0	24
ptg007187l_1_region	547784	1508734	2.75	0	24
ptg007188l_1	686211	1819581	2.65	0	10
ptg007188l_1_region	686211	1819581	2.65	0	10
ptg007192l_1	206183	706661	3.43	0	10
ptg007192l_1_region	206183	706661	3.43	0	10
ptg007194l_1	177761	419849	2.36	0	8
ptg007194l_1_region	177761	419849	2.36	0	8
ptg007195l_1	25428	46841	1.84	0	5
ptg007195l_1_region	25428	46841	1.84	0	5
ptg007198l_1	770518	198716	0.26	0	5
ptg007198l_1_region	770518	198716	0.26	0	5
ptg007201l_1	23191	8895	0.38	0	1
ptg007201l_1_region	23191	8895	0.38	0	1
ptg007202l_1	88505	200970	2.27	0	9
ptg007202l_1_region	88505	200970	2.27	0	9
ptg007204l_1	828700	2148646	2.59	0	14
ptg007204l_1_region	828700	2148646	2.59	0	14
ptg007205l_1	194262	238152	1.23	0	5
ptg007205l_1_region	194262	238152	1.23	0	5
ptg007206l_1	200884	523185	2.60	0	13
ptg007206l_1_region	200884	523185	2.60	0	13
ptg007207l_1	295939	749785	2.53	0	23
ptg007207l_1_region	295939	749785	2.53	0	23
ptg007210l_1	172805	410140	2.37	0	7
ptg007210l_1_region	172805	410140	2.37	0	7
ptg007212l_1	71307	39578	0.56	0	2
ptg007212l_1_region	71307	39578	0.56	0	2
ptg007215l_1	345370	1297037	3.76	0	25
ptg007215l_1_region	345370	1297037	3.76	0	25
ptg007219l_1	114890	27395	0.24	0	2
ptg007219l_1_region	114890	27395	0.24	0	2
ptg007220l_1	3179358	830592	0.26	0	12
ptg007220l_1_region	3179358	830592	0.26	0	12
ptg007221l_1	578176	1095345	1.89	0	15
ptg007221l_1_region	578176	1095345	1.89	0	15
ptg007222l_1	289050	347741	1.20	0	8
ptg007222l_1_region	289050	347741	1.20	0	8
ptg007224l_1	368736	765707	2.08	0	9
ptg007224l_1_region	368736	765707	2.08	0	9
ptg007230l_1	26726	59483	2.23	0	8
ptg007230l_1_region	26726	59483	2.23	0	8
ptg007237l_1	374184	1057954	2.83	0	53
ptg007237l_1_region	374184	1057954	2.83	0	53
ptg007249l_1	611992	2158833	3.53	0	14
ptg007249l_1_region	611992	2158833	3.53	0	14
ptg007252l_1	315406	1114038	3.53	0	110
ptg007252l_1_region	315406	1114038	3.53	0	110
ptg007256l_1	260605	21771	0.08	0	3
ptg007256l_1_region	260605	21771	0.08	0	3
ptg007257l_1	317352	98307	0.31	0	2
ptg007257l_1_region	317352	98307	0.31	0	2
ptg007258l_1	353395	34593	0.10	0	4
ptg007258l_1_region	353395	34593	0.10	0	4
ptg007260l_1	479927	951952	1.98	0	10
ptg007260l_1_region	479927	951952	1.98	0	10
ptg007261l_1	111456	334194	3.00	0	7
ptg007261l_1_region	111456	334194	3.00	0	7
ptg007262l_1	385375	369541	0.96	0	6
ptg007262l_1_region	385375	369541	0.96	0	6
ptg007265l_1	487335	1239816	2.54	0	16
ptg007265l_1_region	487335	1239816	2.54	0	16
ptg007266l_1	482367	149376	0.31	0	3
ptg007266l_1_region	482367	149376	0.31	0	3
ptg007268l_1	138596	136590	0.99	0	6
ptg007268l_1_region	138596	136590	0.99	0	6
ptg007269l_1	96313	276907	2.88	0	9
ptg007269l_1_region	96313	276907	2.88	0	9
ptg007270l_1	341863	1042565	3.05	0	12
ptg007270l_1_region	341863	1042565	3.05	0	12
ptg007274l_1	83446	203552	2.44	0	9
ptg007274l_1_region	83446	203552	2.44	0	9
ptg007275l_1	82149	342201	4.17	0	14
ptg007275l_1_region	82149	342201	4.17	0	14
ptg007276l_1	29094	81532	2.80	0	6
ptg007276l_1_region	29094	81532	2.80	0	6
ptg007278l_1	133360	292125	2.19	0	7
ptg007278l_1_region	133360	292125	2.19	0	7
ptg007279l_1	243560	370774	1.52	0	16
ptg007279l_1_region	243560	370774	1.52	0	16
ptg007280l_1	62706	57810	0.92	0	5
ptg007280l_1_region	62706	57810	0.92	0	5
ptg007282l_1	311803	582141	1.87	0	8
ptg007282l_1_region	311803	582141	1.87	0	8
ptg007283l_1	122602	445279	3.63	0	29
ptg007283l_1_region	122602	445279	3.63	0	29
ptg007285l_1	130184	195779	1.50	0	5
ptg007285l_1_region	130184	195779	1.50	0	5
ptg007286l_1	58728	139918	2.38	0	6
ptg007286l_1_region	58728	139918	2.38	0	6
ptg007287l_1	32240	55941	1.74	0	7
ptg007287l_1_region	32240	55941	1.74	0	7
ptg007291l_1	193093	237022	1.23	0	6
ptg007291l_1_region	193093	237022	1.23	0	6
ptg007292l_1	138689	313305	2.26	0	10
ptg007292l_1_region	138689	313305	2.26	0	10
ptg007297l_1	214914	337793	1.57	0	9
ptg007297l_1_region	214914	337793	1.57	0	9
ptg007298l_1	34053	153543	4.51	0	12
ptg007298l_1_region	34053	153543	4.51	0	12
ptg007303l_1	160011	247158	1.54	0	4
ptg007303l_1_region	160011	247158	1.54	0	4
ptg007305l_1	93053	216717	2.33	0	6
ptg007305l_1_region	93053	216717	2.33	0	6
ptg007306l_1	198325	596065	3.01	0	34
ptg007306l_1_region	198325	596065	3.01	0	34
ptg007308l_1	266811	644190	2.41	0	77
ptg007308l_1_region	266811	644190	2.41	0	77
ptg007311l_1	65902	170691	2.59	0	9
ptg007311l_1_region	65902	170691	2.59	0	9
ptg007312l_1	693673	1054727	1.52	0	17
ptg007312l_1_region	693673	1054727	1.52	0	17
ptg007313l_1	121395	453275	3.73	0	15
ptg007313l_1_region	121395	453275	3.73	0	15
ptg007314l_1	448969	1241371	2.76	0	13
ptg007314l_1_region	448969	1241371	2.76	0	13
ptg007315l_1	195251	356370	1.83	0	6
ptg007315l_1_region	195251	356370	1.83	0	6
ptg007322l_1	74787	145993	1.95	0	7
ptg007322l_1_region	74787	145993	1.95	0	7
ptg007324l_1	215898	373865	1.73	0	11
ptg007324l_1_region	215898	373865	1.73	0	11
ptg007327l_1	321548	469658	1.46	0	9
ptg007327l_1_region	321548	469658	1.46	0	9
ptg007328l_1	377541	1178115	3.12	0	18
ptg007328l_1_region	377541	1178115	3.12	0	18
ptg007330l_1	165991	251456	1.51	0	8
ptg007330l_1_region	165991	251456	1.51	0	8
ptg007334l_1	165505	358104	2.16	0	10
ptg007334l_1_region	165505	358104	2.16	0	10
ptg007337l_1	150874	404620	2.68	0	9
ptg007337l_1_region	150874	404620	2.68	0	9
ptg007339l_1	73873	140207	1.90	0	10
ptg007339l_1_region	73873	140207	1.90	0	10
ptg007340l_1	389404	1367173	3.51	0	17
ptg007340l_1_region	389404	1367173	3.51	0	17
ptg007342l_1	84338	87862	1.04	0	6
ptg007342l_1_region	84338	87862	1.04	0	6
ptg007344l_1	447988	1712466	3.82	0	21
ptg007344l_1_region	447988	1712466	3.82	0	21
ptg007347l_1	98028	210963	2.15	0	17
ptg007347l_1_region	98028	210963	2.15	0	17
ptg007349l_1	111151	236542	2.13	0	4
ptg007349l_1_region	111151	236542	2.13	0	4
ptg007350l_1	110046	289206	2.63	0	9
ptg007350l_1_region	110046	289206	2.63	0	9
ptg007351l_1	285390	860391	3.01	0	53
ptg007351l_1_region	285390	860391	3.01	0	53
ptg007354l_1	52868	73901	1.40	0	4
ptg007354l_1_region	52868	73901	1.40	0	4
ptg007355l_1	156595	218829	1.40	0	7
ptg007355l_1_region	156595	218829	1.40	0	7
ptg007356l_1	129484	558345	4.31	0	13
ptg007356l_1_region	129484	558345	4.31	0	13
ptg007357l_1	103351	314029	3.04	0	9
ptg007357l_1_region	103351	314029	3.04	0	9
ptg007359l_1	312516	406478	1.30	0	8
ptg007359l_1_region	312516	406478	1.30	0	8
ptg007364l_1	151218	271839	1.80	0	10
ptg007364l_1_region	151218	271839	1.80	0	10
ptg007365l_1	324310	442363	1.36	0	15
ptg007365l_1_region	324310	442363	1.36	0	15
ptg007366l_1	44231	40687	0.92	0	3
ptg007366l_1_region	44231	40687	0.92	0	3
ptg007368l_1	170636	418808	2.45	0	9
ptg007368l_1_region	170636	418808	2.45	0	9
ptg007370l_1	211636	991286	4.68	0	13
ptg007370l_1_region	211636	991286	4.68	0	13
ptg007371l_1	144825	225252	1.56	0	7
ptg007371l_1_region	144825	225252	1.56	0	7
ptg007373l_1	768865	1743091	2.27	0	11
ptg007373l_1_region	768865	1743091	2.27	0	11
ptg007374l_1	164537	264871	1.61	0	6
ptg007374l_1_region	164537	264871	1.61	0	6
ptg007375l_1	86671	24601	0.28	0	3
ptg007375l_1_region	86671	24601	0.28	0	3
ptg007379l_1	256298	712373	2.78	0	24
ptg007379l_1_region	256298	712373	2.78	0	24
ptg007381l_1	239177	574981	2.40	0	9
ptg007381l_1_region	239177	574981	2.40	0	9
ptg007383l_1	29494	55924	1.90	0	4
ptg007383l_1_region	29494	55924	1.90	0	4
ptg007384l_1	179645	171475	0.95	0	8
ptg007384l_1_region	179645	171475	0.95	0	8
ptg007388l_1	260831	836329	3.21	0	12
ptg007388l_1_region	260831	836329	3.21	0	12
ptg007390l_1	613180	353967	0.58	0	5
ptg007390l_1_region	613180	353967	0.58	0	5
ptg007394l_1	211037	445910	2.11	0	11
ptg007394l_1_region	211037	445910	2.11	0	11
ptg007396l_1	30884	19931	0.65	0	1
ptg007396l_1_region	30884	19931	0.65	0	1
ptg007399l_1	120744	297718	2.47	0	9
ptg007399l_1_region	120744	297718	2.47	0	9
ptg007400l_1	576427	1433790	2.49	0	12
ptg007400l_1_region	576427	1433790	2.49	0	12
ptg007403l_1	105327	224583	2.13	0	8
ptg007403l_1_region	105327	224583	2.13	0	8
ptg007404l_1	185465	450019	2.43	0	12
ptg007404l_1_region	185465	450019	2.43	0	12
ptg007405l_1	435081	893579	2.05	0	13
ptg007405l_1_region	435081	893579	2.05	0	13
ptg007407l_1	361684	866394	2.40	0	8
ptg007407l_1_region	361684	866394	2.40	0	8
ptg007410l_1	117282	229692	1.96	0	17
ptg007410l_1_region	117282	229692	1.96	0	17
ptg007411l_1	339346	1043926	3.08	0	12
ptg007411l_1_region	339346	1043926	3.08	0	12
ptg007413l_1	563767	2164183	3.84	0	24
ptg007413l_1_region	563767	2164183	3.84	0	24
ptg007416l_1	189913	34987	0.18	0	3
ptg007416l_1_region	189913	34987	0.18	0	3
ptg007418l_1	53458	191972	3.59	0	7
ptg007418l_1_region	53458	191972	3.59	0	7
ptg007420l_1	73002	141123	1.93	0	6
ptg007420l_1_region	73002	141123	1.93	0	6
ptg007422l_1	90100	156487	1.74	0	6
ptg007422l_1_region	90100	156487	1.74	0	6
ptg007428l_1	248901	629894	2.53	0	13
ptg007428l_1_region	248901	629894	2.53	0	13
ptg007430l_1	24316	36246	1.49	0	5
ptg007430l_1_region	24316	36246	1.49	0	5
ptg007433l_1	364304	571061	1.57	0	18
ptg007433l_1_region	364304	571061	1.57	0	18
ptg007434l_1	218923	299981	1.37	0	5
ptg007434l_1_region	218923	299981	1.37	0	5
ptg007437l_1	32976	78609	2.38	0	8
ptg007437l_1_region	32976	78609	2.38	0	8
ptg007438l_1	175521	388018	2.21	0	22
ptg007438l_1_region	175521	388018	2.21	0	22
ptg007439l_1	280748	663682	2.36	0	87
ptg007439l_1_region	280748	663682	2.36	0	87
ptg007445l_1	70172	190450	2.71	0	8
ptg007445l_1_region	70172	190450	2.71	0	8
ptg007446l_1	479313	791198	1.65	0	10
ptg007446l_1_region	479313	791198	1.65	0	10
ptg007447l_1	511479	1528052	2.99	0	15
ptg007447l_1_region	511479	1528052	2.99	0	15
ptg007451l_1	13874	20601	1.48	0	4
ptg007451l_1_region	13874	20601	1.48	0	4
ptg007456l_1	34858	51066	1.46	0	4
ptg007456l_1_region	34858	51066	1.46	0	4
ptg007463l_1	213839	727204	3.40	0	9
ptg007463l_1_region	213839	727204	3.40	0	9
ptg007464l_1	182141	423589	2.33	0	7
ptg007464l_1_region	182141	423589	2.33	0	7
ptg007467l_1	98057	297300	3.03	0	10
ptg007467l_1_region	98057	297300	3.03	0	10
ptg007468l_1	234389	1905492	8.13	0	87
ptg007468l_1_region	234389	1905492	8.13	0	87
ptg007469l_1	387922	1531407	3.95	0	13
ptg007469l_1_region	387922	1531407	3.95	0	13
ptg007470l_1	427815	1522797	3.56	0	14
ptg007470l_1_region	427815	1522797	3.56	0	14
ptg007472l_1	152121	336329	2.21	0	8
ptg007472l_1_region	152121	336329	2.21	0	8
ptg007474l_1	18110	18070	1.00	0	3
ptg007474l_1_region	18110	18070	1.00	0	3
ptg007477l_1	392290	1105328	2.82	0	11
ptg007477l_1_region	392290	1105328	2.82	0	11
ptg007478l_1	125537	217280	1.73	0	9
ptg007478l_1_region	125537	217280	1.73	0	9
ptg007480l_1	1165968	3433228	2.94	0	11
ptg007480l_1_region	1165968	3433228	2.94	0	11
ptg007481l_1	272199	1713235	6.29	0	23
ptg007481l_1_region	272199	1713235	6.29	0	23
ptg007482l_1	168729	394311	2.34	0	8
ptg007482l_1_region	168729	394311	2.34	0	8
ptg007485l_1	273403	880644	3.22	0	15
ptg007485l_1_region	273403	880644	3.22	0	15
ptg007486l_1	169555	372857	2.20	0	10
ptg007486l_1_region	169555	372857	2.20	0	10
ptg007487l_1	430097	975387	2.27	0	13
ptg007487l_1_region	430097	975387	2.27	0	13
ptg007488l_1	96837	286284	2.96	0	9
ptg007488l_1_region	96837	286284	2.96	0	9
ptg007491l_1	163311	367868	2.25	0	9
ptg007491l_1_region	163311	367868	2.25	0	9
ptg007493l_1	594311	1776726	2.99	0	11
ptg007493l_1_region	594311	1776726	2.99	0	11
ptg007495l_1	118275	416794	3.52	0	14
ptg007495l_1_region	118275	416794	3.52	0	14
ptg007496l_1	260981	851365	3.26	0	10
ptg007496l_1_region	260981	851365	3.26	0	10
ptg007498l_1	213939	396614	1.85	0	8
ptg007498l_1_region	213939	396614	1.85	0	8
ptg007499l_1	283792	858309	3.02	0	16
ptg007499l_1_region	283792	858309	3.02	0	16
ptg007500l_1	288921	573943	1.99	0	9
ptg007500l_1_region	288921	573943	1.99	0	9
ptg007504l_1	83581	148255	1.77	0	7
ptg007504l_1_region	83581	148255	1.77	0	7
ptg007505l_1	514186	1781412	3.46	0	10
ptg007505l_1_region	514186	1781412	3.46	0	10
ptg007508l_1	122565	172183	1.40	0	12
ptg007508l_1_region	122565	172183	1.40	0	12
ptg007509l_1	17352	11105	0.64	0	2
ptg007509l_1_region	17352	11105	0.64	0	2
ptg007510l_1	233438	1166706	5.00	0	14
ptg007510l_1_region	233438	1166706	5.00	0	14
ptg007511l_1	10042	25546	2.54	0	6
ptg007511l_1_region	10042	25546	2.54	0	6
ptg007513l_1	138943	349548	2.52	0	8
ptg007513l_1_region	138943	349548	2.52	0	8
ptg007514l_1	784610	2972517	3.79	0	11
ptg007514l_1_region	784610	2972517	3.79	0	11
ptg007516l_1	518305	1155294	2.23	0	9
ptg007516l_1_region	518305	1155294	2.23	0	9
ptg007519l_1	120653	228821	1.90	0	7
ptg007519l_1_region	120653	228821	1.90	0	7
ptg007520l_1	343020	1244928	3.63	0	11
ptg007520l_1_region	343020	1244928	3.63	0	11
ptg007522l_1	84109	212918	2.53	0	6
ptg007522l_1_region	84109	212918	2.53	0	6
ptg007526l_1	13342	19836	1.49	0	8
ptg007526l_1_region	13342	19836	1.49	0	8
ptg007527l_1	157563	380553	2.42	0	7
ptg007527l_1_region	157563	380553	2.42	0	7
ptg007528l_1	144763	258865	1.79	0	8
ptg007528l_1_region	144763	258865	1.79	0	8
ptg007529l_1	362067	985600	2.72	0	8
ptg007529l_1_region	362067	985600	2.72	0	8
ptg007532l_1	268411	513381	1.91	0	9
ptg007532l_1_region	268411	513381	1.91	0	9
ptg007535l_1	499685	1170078	2.34	0	10
ptg007535l_1_region	499685	1170078	2.34	0	10
ptg007537l_1	99485	214953	2.16	0	7
ptg007537l_1_region	99485	214953	2.16	0	7
ptg007538l_1	135812	316453	2.33	0	6
ptg007538l_1_region	135812	316453	2.33	0	6
ptg007539l_1	336536	698555	2.08	0	9
ptg007539l_1_region	336536	698555	2.08	0	9
ptg007542l_1	71996	206395	2.87	0	14
ptg007542l_1_region	71996	206395	2.87	0	14
ptg007544l_1	61627	98053	1.59	0	7
ptg007544l_1_region	61627	98053	1.59	0	7
ptg007545l_1	258041	881409	3.42	0	22
ptg007545l_1_region	258041	881409	3.42	0	22
ptg007546l_1	137567	306583	2.23	0	8
ptg007546l_1_region	137567	306583	2.23	0	8
ptg007549l_1	68492	64111	0.94	0	3
ptg007549l_1_region	68492	64111	0.94	0	3
ptg007552l_1	745662	2737156	3.67	0	12
ptg007552l_1_region	745662	2737156	3.67	0	12
ptg007555l_1	420194	1368457	3.26	0	15
ptg007555l_1_region	420194	1368457	3.26	0	15
ptg007556l_1	349629	1072504	3.07	0	8
ptg007556l_1_region	349629	1072504	3.07	0	8
ptg007561l_1	49897	113184	2.27	0	5
ptg007561l_1_region	49897	113184	2.27	0	5
ptg007562l_1	43029	32116	0.75	0	4
ptg007562l_1_region	43029	32116	0.75	0	4
ptg007564l_1	783232	2997278	3.83	0	14
ptg007564l_1_region	783232	2997278	3.83	0	14
ptg007565l_1	86234	224748	2.61	0	9
ptg007565l_1_region	86234	224748	2.61	0	9
ptg007567l_1	195685	351224	1.79	0	8
ptg007567l_1_region	195685	351224	1.79	0	8
ptg007568l_1	270397	480820	1.78	0	18
ptg007568l_1_region	270397	480820	1.78	0	18
ptg007569l_1	108253	316748	2.93	0	15
ptg007569l_1_region	108253	316748	2.93	0	15
ptg007571l_1	344480	893002	2.59	0	8
ptg007571l_1_region	344480	893002	2.59	0	8
ptg007572l_1	276020	881168	3.19	0	43
ptg007572l_1_region	276020	881168	3.19	0	43
ptg007575l_1	383279	1368275	3.57	0	13
ptg007575l_1_region	383279	1368275	3.57	0	13
ptg007576l_1	225780	677727	3.00	0	10
ptg007576l_1_region	225780	677727	3.00	0	10
ptg007579l_1	14073	9783	0.70	0	3
ptg007579l_1_region	14073	9783	0.70	0	3
ptg007581l_1	204465	1695385	8.29	0	76
ptg007581l_1_region	204465	1695385	8.29	0	76
ptg007582l_1	91398	105040	1.15	0	4
ptg007582l_1_region	91398	105040	1.15	0	4
ptg007583l_1	59827	82962	1.39	0	9
ptg007583l_1_region	59827	82962	1.39	0	9
ptg007590l_1	45103	49350	1.09	0	5
ptg007590l_1_region	45103	49350	1.09	0	5
ptg007591l_1	284611	920084	3.23	0	21
ptg007591l_1_region	284611	920084	3.23	0	21
ptg007592l_1	183492	138224	0.75	0	8
ptg007592l_1_region	183492	138224	0.75	0	8
ptg007593l_1	27166	24975	0.92	0	3
ptg007593l_1_region	27166	24975	0.92	0	3
ptg007597l_1	415016	1143766	2.76	0	10
ptg007597l_1_region	415016	1143766	2.76	0	10
ptg007598l_1	232203	965084	4.16	0	14
ptg007598l_1_region	232203	965084	4.16	0	14
ptg007604l_1	467268	1192738	2.55	0	9
ptg007604l_1_region	467268	1192738	2.55	0	9
ptg007605l_1	187664	412019	2.20	0	7
ptg007605l_1_region	187664	412019	2.20	0	7
ptg007607l_1	268466	1077300	4.01	0	11
ptg007607l_1_region	268466	1077300	4.01	0	11
ptg007608l_1	65645	127391	1.94	0	6
ptg007608l_1_region	65645	127391	1.94	0	6
ptg007613l_1	332953	897430	2.70	0	10
ptg007613l_1_region	332953	897430	2.70	0	10
ptg007614l_1	88465	271890	3.07	0	10
ptg007614l_1_region	88465	271890	3.07	0	10
ptg007616l_1	115790	176988	1.53	0	5
ptg007616l_1_region	115790	176988	1.53	0	5
ptg007619l_1	262449	971315	3.70	0	19
ptg007619l_1_region	262449	971315	3.70	0	19
ptg007623l_1	176166	564305	3.20	0	12
ptg007623l_1_region	176166	564305	3.20	0	12
ptg007626l_1	205567	611209	2.97	0	13
ptg007626l_1_region	205567	611209	2.97	0	13
ptg007628l_1	90086	292138	3.24	0	13
ptg007628l_1_region	90086	292138	3.24	0	13
ptg007629l_1	172537	417482	2.42	0	10
ptg007629l_1_region	172537	417482	2.42	0	10
ptg007630l_1	120965	259913	2.15	0	8
ptg007630l_1_region	120965	259913	2.15	0	8
ptg007632l_1	36566	77453	2.12	0	6
ptg007632l_1_region	36566	77453	2.12	0	6
ptg007634l_1	110711	596622	5.39	0	13
ptg007634l_1_region	110711	596622	5.39	0	13
ptg007638l_1	337716	1186899	3.51	0	14
ptg007638l_1_region	337716	1186899	3.51	0	14
ptg007640l_1	55956	108351	1.94	0	7
ptg007640l_1_region	55956	108351	1.94	0	7
ptg007642l_1	811615	2370512	2.92	0	13
ptg007642l_1_region	811615	2370512	2.92	0	13
ptg007644l_1	230304	401815	1.74	0	6
ptg007644l_1_region	230304	401815	1.74	0	6
ptg007645l_1	79221	148457	1.87	0	8
ptg007645l_1_region	79221	148457	1.87	0	8
ptg007646l_1	136241	444439	3.26	0	11
ptg007646l_1_region	136241	444439	3.26	0	11
ptg007648l_1	215522	711639	3.30	0	24
ptg007648l_1_region	215522	711639	3.30	0	24
ptg007649l_1	130711	286831	2.19	0	7
ptg007649l_1_region	130711	286831	2.19	0	7
ptg007650l_1	626341	1842384	2.94	0	15
ptg007650l_1_region	626341	1842384	2.94	0	15
ptg007653l_1	72016	119314	1.66	0	7
ptg007653l_1_region	72016	119314	1.66	0	7
ptg007655l_1	177094	354259	2.00	0	6
ptg007655l_1_region	177094	354259	2.00	0	6
ptg007657l_1	264383	353603	1.34	0	7
ptg007657l_1_region	264383	353603	1.34	0	7
ptg007658l_1	158481	307146	1.94	0	6
ptg007658l_1_region	158481	307146	1.94	0	6
ptg007659l_1	276792	900223	3.25	0	10
ptg007659l_1_region	276792	900223	3.25	0	10
ptg007662l_1	79368	229961	2.90	0	7
ptg007662l_1_region	79368	229961	2.90	0	7
ptg007665l_1	235273	723299	3.07	0	11
ptg007665l_1_region	235273	723299	3.07	0	11
ptg007667l_1	275905	554194	2.01	0	7
ptg007667l_1_region	275905	554194	2.01	0	7
ptg007671l_1	367261	1124800	3.06	0	9
ptg007671l_1_region	367261	1124800	3.06	0	9
ptg007678l_1	186092	595451	3.20	0	10
ptg007678l_1_region	186092	595451	3.20	0	10
ptg007680l_1	202367	485860	2.40	0	23
ptg007680l_1_region	202367	485860	2.40	0	23
ptg007681l_1	114138	233319	2.04	0	10
ptg007681l_1_region	114138	233319	2.04	0	10
ptg007685l_1	254148	500732	1.97	0	9
ptg007685l_1_region	254148	500732	1.97	0	9
ptg007688l_1	213938	672811	3.14	0	12
ptg007688l_1_region	213938	672811	3.14	0	12
ptg007690l_1	111310	248961	2.24	0	7
ptg007690l_1_region	111310	248961	2.24	0	7
ptg007693l_1	170159	561968	3.30	0	15
ptg007693l_1_region	170159	561968	3.30	0	15
ptg007695l_1	42720	1801677	42.17	0	129
ptg007695l_1_region	42720	1801677	42.17	0	129
ptg007696l_1	14787	12897	0.87	0	3
ptg007696l_1_region	14787	12897	0.87	0	3
ptg007698l_1	457988	1179210	2.57	0	11
ptg007698l_1_region	457988	1179210	2.57	0	11
ptg007700l_1	525613	1243873	2.37	0	8
ptg007700l_1_region	525613	1243873	2.37	0	8
ptg007701l_1	269019	771848	2.87	0	10
ptg007701l_1_region	269019	771848	2.87	0	10
ptg007704l_1	165257	514802	3.12	0	14
ptg007704l_1_region	165257	514802	3.12	0	14
ptg007705l_1	292968	1032140	3.52	0	9
ptg007705l_1_region	292968	1032140	3.52	0	9
ptg007707l_1	200486	921151	4.59	0	18
ptg007707l_1_region	200486	921151	4.59	0	18
ptg007708l_1	333202	768336	2.31	0	8
ptg007708l_1_region	333202	768336	2.31	0	8
ptg007709l_1	140875	318495	2.26	0	8
ptg007709l_1_region	140875	318495	2.26	0	8
ptg007710l_1	303164	1005825	3.32	0	10
ptg007710l_1_region	303164	1005825	3.32	0	10
ptg007714l_1	130100	403603	3.10	0	12
ptg007714l_1_region	130100	403603	3.10	0	12
ptg007715l_1	191780	690474	3.60	0	12
ptg007715l_1_region	191780	690474	3.60	0	12
ptg007716l_1	219619	900718	4.10	0	12
ptg007716l_1_region	219619	900718	4.10	0	12
ptg007718l_1	741817	2125721	2.87	0	14
ptg007718l_1_region	741817	2125721	2.87	0	14
ptg007720l_1	281151	784664	2.79	0	13
ptg007720l_1_region	281151	784664	2.79	0	13
ptg007722l_1	55216	94830	1.72	0	5
ptg007722l_1_region	55216	94830	1.72	0	5
ptg007723l_1	224627	271411	1.21	0	9
ptg007723l_1_region	224627	271411	1.21	0	9
ptg007725l_1	160740	395959	2.46	0	8
ptg007725l_1_region	160740	395959	2.46	0	8
ptg007727l_1	875926	3083768	3.52	0	24
ptg007727l_1_region	875926	3083768	3.52	0	24
ptg007728l_1	125844	154258	1.23	0	12
ptg007728l_1_region	125844	154258	1.23	0	12
ptg007729l_1	185574	439072	2.37	0	9
ptg007729l_1_region	185574	439072	2.37	0	9
ptg007731l_1	260504	554755	2.13	0	8
ptg007731l_1_region	260504	554755	2.13	0	8
ptg007732l_1	255820	793722	3.10	0	11
ptg007732l_1_region	255820	793722	3.10	0	11
ptg007733l_1	59113	112886	1.91	0	7
ptg007733l_1_region	59113	112886	1.91	0	7
ptg007738l_1	404139	854911	2.12	0	10
ptg007738l_1_region	404139	854911	2.12	0	10
ptg007739l_1	72436	163581	2.26	0	7
ptg007739l_1_region	72436	163581	2.26	0	7
ptg007741l_1	426388	1301544	3.05	0	12
ptg007741l_1_region	426388	1301544	3.05	0	12
ptg007743l_1	212416	315942	1.49	0	11
ptg007743l_1_region	212416	315942	1.49	0	11
ptg007744l_1	88435	332234	3.76	0	14
ptg007744l_1_region	88435	332234	3.76	0	14
ptg007748l_1	176809	315227	1.78	0	7
ptg007748l_1_region	176809	315227	1.78	0	7
ptg007749l_1	284185	873037	3.07	0	11
ptg007749l_1_region	284185	873037	3.07	0	11
ptg007753l_1	10270	20068	1.95	0	5
ptg007753l_1_region	10270	20068	1.95	0	5
ptg007754l_1	81930	228041	2.78	0	8
ptg007754l_1_region	81930	228041	2.78	0	8
ptg007756l_1	59337	159656	2.69	0	8
ptg007756l_1_region	59337	159656	2.69	0	8
ptg007758l_1	323397	628410	1.94	0	14
ptg007758l_1_region	323397	628410	1.94	0	14
ptg007759l_1	36337	116983	3.22	0	7
ptg007759l_1_region	36337	116983	3.22	0	7
ptg007760l_1	114390	251967	2.20	0	8
ptg007760l_1_region	114390	251967	2.20	0	8
ptg007761l_1	81339	223953	2.75	0	6
ptg007761l_1_region	81339	223953	2.75	0	6
ptg007764l_1	58462	237440	4.06	0	8
ptg007764l_1_region	58462	237440	4.06	0	8
ptg007770l_1	608945	1486729	2.44	0	10
ptg007770l_1_region	608945	1486729	2.44	0	10
ptg007771l_1	366769	984723	2.68	0	13
ptg007771l_1_region	366769	984723	2.68	0	13
ptg007777l_1	81100	210978	2.60	0	8
ptg007777l_1_region	81100	210978	2.60	0	8
ptg007779l_1	25625	24497	0.96	0	6
ptg007779l_1_region	25625	24497	0.96	0	6
ptg007780l_1	377190	1136603	3.01	0	9
ptg007780l_1_region	377190	1136603	3.01	0	9
ptg007781l_1	66758	227283	3.40	0	9
ptg007781l_1_region	66758	227283	3.40	0	9
ptg007782l_1	131909	323515	2.45	0	10
ptg007782l_1_region	131909	323515	2.45	0	10
ptg007784l_1	539047	2183828	4.05	0	13
ptg007784l_1_region	539047	2183828	4.05	0	13
ptg007785l_1	547235	1770587	3.24	0	9
ptg007785l_1_region	547235	1770587	3.24	0	9
ptg007786l_1	330115	544320	1.65	0	14
ptg007786l_1_region	330115	544320	1.65	0	14
ptg007787l_1	461089	1580380	3.43	0	10
ptg007787l_1_region	461089	1580380	3.43	0	10
ptg007788l_1	65236	74393	1.14	0	5
ptg007788l_1_region	65236	74393	1.14	0	5
ptg007790l_1	170614	504563	2.96	0	12
ptg007790l_1_region	170614	504563	2.96	0	12
ptg007792l_1	445992	1748900	3.92	0	12
ptg007792l_1_region	445992	1748900	3.92	0	12
ptg007796l_1	220335	448161	2.03	0	9
ptg007796l_1_region	220335	448161	2.03	0	9
ptg007798l_1	104572	279838	2.68	0	8
ptg007798l_1_region	104572	279838	2.68	0	8
ptg007799l_1	167504	529931	3.16	0	11
ptg007799l_1_region	167504	529931	3.16	0	11
ptg007801l_1	108531	275553	2.54	0	8
ptg007801l_1_region	108531	275553	2.54	0	8
ptg007802l_1	235517	956073	4.06	0	11
ptg007802l_1_region	235517	956073	4.06	0	11
ptg007805l_1	154507	391590	2.53	0	9
ptg007805l_1_region	154507	391590	2.53	0	9
ptg007806l_1	101749	369284	3.63	0	18
ptg007806l_1_region	101749	369284	3.63	0	18
ptg007808l_1	75828	161714	2.13	0	13
ptg007808l_1_region	75828	161714	2.13	0	13
ptg007811l_1	442400	1036926	2.34	0	9
ptg007811l_1_region	442400	1036926	2.34	0	9
ptg007815l_1	485510	1664026	3.43	0	14
ptg007815l_1_region	485510	1664026	3.43	0	14
ptg007818l_1	28392	83167	2.93	0	7
ptg007818l_1_region	28392	83167	2.93	0	7
ptg007820l_1	128566	378446	2.94	0	8
ptg007820l_1_region	128566	378446	2.94	0	8
ptg007822l_1	598752	1950882	3.26	0	11
ptg007822l_1_region	598752	1950882	3.26	0	11
ptg007823l_1	141117	389660	2.76	0	9
ptg007823l_1_region	141117	389660	2.76	0	9
ptg007824l_1	26560	24586	0.93	0	2
ptg007824l_1_region	26560	24586	0.93	0	2
ptg007825l_1	194210	416831	2.15	0	9
ptg007825l_1_region	194210	416831	2.15	0	9
ptg007826l_1	307232	715085	2.33	0	9
ptg007826l_1_region	307232	715085	2.33	0	9
ptg007828l_1	526965	1871405	3.55	0	16
ptg007828l_1_region	526965	1871405	3.55	0	16
ptg007830l_1	285529	598729	2.10	0	8
ptg007830l_1_region	285529	598729	2.10	0	8
ptg007832l_1	136298	420398	3.08	0	12
ptg007832l_1_region	136298	420398	3.08	0	12
ptg007834l_1	72050	168956	2.34	0	8
ptg007834l_1_region	72050	168956	2.34	0	8
ptg007841l_1	228141	895619	3.93	0	10
ptg007841l_1_region	228141	895619	3.93	0	10
ptg007846l_1	768577	2757794	3.59	0	17
ptg007846l_1_region	768577	2757794	3.59	0	17
ptg007855l_1	104696	202867	1.94	0	7
ptg007855l_1_region	104696	202867	1.94	0	7
ptg007856l_1	32184	31145	0.97	0	5
ptg007856l_1_region	32184	31145	0.97	0	5
ptg007857l_1	215479	683238	3.17	0	11
ptg007857l_1_region	215479	683238	3.17	0	11
ptg007863l_1	201341	418902	2.08	0	7
ptg007863l_1_region	201341	418902	2.08	0	7
ptg007865l_1	101710	215061	2.11	0	6
ptg007865l_1_region	101710	215061	2.11	0	6
ptg007868l_1	254104	825151	3.25	0	11
ptg007868l_1_region	254104	825151	3.25	0	11
ptg007871l_1	238797	916964	3.84	0	15
ptg007871l_1_region	238797	916964	3.84	0	15
ptg007873l_1	6354	29755	4.68	0	6
ptg007873l_1_region	6354	29755	4.68	0	6
ptg007875l_1	202991	610418	3.01	0	13
ptg007875l_1_region	202991	610418	3.01	0	13
ptg007884l_1	361540	896733	2.48	0	8
ptg007884l_1_region	361540	896733	2.48	0	8
ptg007886l_1	71493	215262	3.01	0	6
ptg007886l_1_region	71493	215262	3.01	0	6
ptg007887l_1	113060	215120	1.90	0	6
ptg007887l_1_region	113060	215120	1.90	0	6
ptg007889l_1	32690	65139	1.99	0	10
ptg007889l_1_region	32690	65139	1.99	0	10
ptg007890l_1	321719	1018994	3.17	0	10
ptg007890l_1_region	321719	1018994	3.17	0	10
ptg007895l_1	431814	1167402	2.70	0	31
ptg007895l_1_region	431814	1167402	2.70	0	31
ptg007896l_1	395735	1249579	3.16	0	11
ptg007896l_1_region	395735	1249579	3.16	0	11
ptg007898l_1	225543	560822	2.49	0	12
ptg007898l_1_region	225543	560822	2.49	0	12
ptg007905l_1	53617	148123	2.76	0	7
ptg007905l_1_region	53617	148123	2.76	0	7
ptg007910l_1	400443	526073	1.31	0	7
ptg007910l_1_region	400443	526073	1.31	0	7
ptg007912l_1	280911	871570	3.10	0	9
ptg007912l_1_region	280911	871570	3.10	0	9
ptg007913l_1	224857	892212	3.97	0	13
ptg007913l_1_region	224857	892212	3.97	0	13
ptg007914l_1	154054	511906	3.32	0	11
ptg007914l_1_region	154054	511906	3.32	0	11
ptg007915l_1	883979	3146313	3.56	0	16
ptg007915l_1_region	883979	3146313	3.56	0	16
ptg007922l_1	147360	458619	3.11	0	13
ptg007922l_1_region	147360	458619	3.11	0	13
ptg007925l_1	116625	343806	2.95	0	11
ptg007925l_1_region	116625	343806	2.95	0	11
ptg007926l_1	162096	156721	0.97	0	4
ptg007926l_1_region	162096	156721	0.97	0	4
ptg007927l_1	80375	156911	1.95	0	5
ptg007927l_1_region	80375	156911	1.95	0	5
ptg007928l_1	289777	820323	2.83	0	13
ptg007928l_1_region	289777	820323	2.83	0	13
ptg007931l_1	97335	31229	0.32	0	5
ptg007931l_1_region	97335	31229	0.32	0	5
ptg007934l_1	16454	11225	0.68	0	2
ptg007934l_1_region	16454	11225	0.68	0	2
ptg007935l_1	500699	1381354	2.76	0	13
ptg007935l_1_region	500699	1381354	2.76	0	13
ptg007936l_1	468466	1509979	3.22	0	13
ptg007936l_1_region	468466	1509979	3.22	0	13
ptg007937l_1	301950	1613533	5.34	0	25
ptg007937l_1_region	301950	1613533	5.34	0	25
ptg007942l_1	274520	873069	3.18	0	13
ptg007942l_1_region	274520	873069	3.18	0	13
ptg007943l_1	45850	172210	3.76	0	9
ptg007943l_1_region	45850	172210	3.76	0	9
ptg007944l_1	105999	248237	2.34	0	7
ptg007944l_1_region	105999	248237	2.34	0	7
ptg007946l_1	108775	48896	0.45	0	5
ptg007946l_1_region	108775	48896	0.45	0	5
ptg007947l_1	2060706	1055712	0.51	0	75
ptg007947l_1_region	2060706	1055712	0.51	0	75
ptg007951l_1	226959	399714	1.76	0	6
ptg007951l_1_region	226959	399714	1.76	0	6
ptg007952l_1	22545	44722	1.98	0	5
ptg007952l_1_region	22545	44722	1.98	0	5
ptg007953l_1	151955	279927	1.84	0	11
ptg007953l_1_region	151955	279927	1.84	0	11
ptg007954l_1	102699	259161	2.52	0	15
ptg007954l_1_region	102699	259161	2.52	0	15
ptg007955l_1	38888	93713	2.41	0	5
ptg007955l_1_region	38888	93713	2.41	0	5
ptg007956l_1	25960	73091	2.82	0	7
ptg007956l_1_region	25960	73091	2.82	0	7
ptg007959l_1	55348	84972	1.54	0	8
ptg007959l_1_region	55348	84972	1.54	0	8
ptg007960l_1	51539	76649	1.49	0	5
ptg007960l_1_region	51539	76649	1.49	0	5
ptg007963l_1	121476	120013	0.99	0	4
ptg007963l_1_region	121476	120013	0.99	0	4
ptg007965l_1	84924	268313	3.16	0	11
ptg007965l_1_region	84924	268313	3.16	0	11
ptg007966l_1	126401	530998	4.20	0	29
ptg007966l_1_region	126401	530998	4.20	0	29
ptg007967l_1	264253	876028	3.32	0	10
ptg007967l_1_region	264253	876028	3.32	0	10
ptg007972l_1	609060	1719538	2.82	0	23
ptg007972l_1_region	609060	1719538	2.82	0	23
ptg007974l_1	160782	555066	3.45	0	9
ptg007974l_1_region	160782	555066	3.45	0	9
ptg007976l_1	307927	766850	2.49	0	10
ptg007976l_1_region	307927	766850	2.49	0	10
ptg007982l_1	128332	544176	4.24	0	11
ptg007982l_1_region	128332	544176	4.24	0	11
ptg007984l_1	7904	1812	0.23	0	1
ptg007984l_1_region	7904	1812	0.23	0	1
ptg007985l_1	187851	450054	2.40	0	9
ptg007985l_1_region	187851	450054	2.40	0	9
ptg007990l_1	478137	1682037	3.52	0	12
ptg007990l_1_region	478137	1682037	3.52	0	12
ptg007994l_1	169462	387588	2.29	0	8
ptg007994l_1_region	169462	387588	2.29	0	8
ptg007997l_1	128458	481605	3.75	0	26
ptg007997l_1_region	128458	481605	3.75	0	26
ptg008004l_1	337732	338212	1.00	0	7
ptg008004l_1_region	337732	338212	1.00	0	7
ptg008006l_1	206896	453245	2.19	0	8
ptg008006l_1_region	206896	453245	2.19	0	8
ptg008008l_1	36668	69012	1.88	0	6
ptg008008l_1_region	36668	69012	1.88	0	6
ptg008009l_1	76880	123984	1.61	0	7
ptg008009l_1_region	76880	123984	1.61	0	7
ptg008010l_1	236136	412552	1.75	0	11
ptg008010l_1_region	236136	412552	1.75	0	11
ptg008011l_1	163580	482447	2.95	0	10
ptg008011l_1_region	163580	482447	2.95	0	10
ptg008012l_1	15820	62596	3.96	1	6
ptg008012l_1_region	15820	62596	3.96	1	6
ptg008015l_1	16685	46837	2.81	0	4
ptg008015l_1_region	16685	46837	2.81	0	4
ptg008017l_1	161303	351377	2.18	0	7
ptg008017l_1_region	161303	351377	2.18	0	7
ptg008018l_1	65938	112869	1.71	0	4
ptg008018l_1_region	65938	112869	1.71	0	4
ptg008020l_1	354991	1288765	3.63	0	14
ptg008020l_1_region	354991	1288765	3.63	0	14
ptg008022l_1	53167	190180	3.58	0	19
ptg008022l_1_region	53167	190180	3.58	0	19
ptg008023l_1	238669	689743	2.89	0	10
ptg008023l_1_region	238669	689743	2.89	0	10
ptg008024l_1	162585	220897	1.36	0	34
ptg008024l_1_region	162585	220897	1.36	0	34
ptg008028l_1	121314	205064	1.69	0	9
ptg008028l_1_region	121314	205064	1.69	0	9
ptg008031l_1	131713	511830	3.89	0	15
ptg008031l_1_region	131713	511830	3.89	0	15
ptg008033l_1	70858	57447	0.81	0	8
ptg008033l_1_region	70858	57447	0.81	0	8
ptg008035l_1	841062	5932273	7.05	0	56
ptg008035l_1_region	841062	5932273	7.05	0	56
ptg008039l_1	111640	282472	2.53	0	8
ptg008039l_1_region	111640	282472	2.53	0	8
ptg008040l_1	128416	302369	2.35	0	10
ptg008040l_1_region	128416	302369	2.35	0	10
ptg008043l_1	145388	177930	1.22	0	5
ptg008043l_1_region	145388	177930	1.22	0	5
ptg008044l_1	111210	234627	2.11	0	10
ptg008044l_1_region	111210	234627	2.11	0	10
ptg008045l_1	46683	48463	1.04	0	7
ptg008045l_1_region	46683	48463	1.04	0	7
ptg008046l_1	45013	52906	1.18	0	4
ptg008046l_1_region	45013	52906	1.18	0	4
ptg008047l_1	176473	351410	1.99	0	10
ptg008047l_1_region	176473	351410	1.99	0	10
ptg008048l_1	1075474	4242895	3.95	0	38
ptg008048l_1_region	1075474	4242895	3.95	0	38
ptg008049l_1	436907	1643213	3.76	0	231
ptg008049l_1_region	436907	1643213	3.76	0	231
ptg008052l_1	126778	301258	2.38	0	8
ptg008052l_1_region	126778	301258	2.38	0	8
ptg008054l_1	13910	8222	0.59	0	1
ptg008054l_1_region	13910	8222	0.59	0	1
ptg008056l_1	111009	366662	3.30	0	9
ptg008056l_1_region	111009	366662	3.30	0	9
ptg008059l_1	238274	772113	3.24	0	15
ptg008059l_1_region	238274	772113	3.24	0	15
ptg008060l_1	189263	284441	1.50	0	8
ptg008060l_1_region	189263	284441	1.50	0	8
ptg008065l_1	79791	226600	2.84	0	7
ptg008065l_1_region	79791	226600	2.84	0	7
ptg008068l_1	245475	691138	2.82	0	10
ptg008068l_1_region	245475	691138	2.82	0	10
ptg008072l_1	620790	2274246	3.66	0	12
ptg008072l_1_region	620790	2274246	3.66	0	12
ptg008073l_1	55623	62226	1.12	0	3
ptg008073l_1_region	55623	62226	1.12	0	3
ptg008074l_1	164252	601542	3.66	0	9
ptg008074l_1_region	164252	601542	3.66	0	9
ptg008076l_1	21073	28321	1.34	0	3
ptg008076l_1_region	21073	28321	1.34	0	3
ptg008078l_1	69616	168053	2.41	0	9
ptg008078l_1_region	69616	168053	2.41	0	9
ptg008080l_1	382405	1303584	3.41	0	23
ptg008080l_1_region	382405	1303584	3.41	0	23
ptg008081l_1	263139	689692	2.62	0	9
ptg008081l_1_region	263139	689692	2.62	0	9
ptg008082l_1	128214	464224	3.62	0	13
ptg008082l_1_region	128214	464224	3.62	0	13
ptg008085l_1	233223	857812	3.68	0	9
ptg008085l_1_region	233223	857812	3.68	0	9
ptg008088l_1	357264	583791	1.63	0	7
ptg008088l_1_region	357264	583791	1.63	0	7
ptg008090l_1	288132	988190	3.43	0	13
ptg008090l_1_region	288132	988190	3.43	0	13
ptg008095l_1	297899	734001	2.46	0	23
ptg008095l_1_region	297899	734001	2.46	0	23
ptg008096l_1	304388	1033974	3.40	0	11
ptg008096l_1_region	304388	1033974	3.40	0	11
ptg008098l_1	34633	103809	3.00	0	6
ptg008098l_1_region	34633	103809	3.00	0	6
ptg008102l_1	253002	486832	1.92	0	10
ptg008102l_1_region	253002	486832	1.92	0	10
ptg008104l_1	171794	449363	2.62	0	11
ptg008104l_1_region	171794	449363	2.62	0	11
ptg008106l_1	161268	425031	2.64	0	8
ptg008106l_1_region	161268	425031	2.64	0	8
ptg008107l_1	679603	1554237	2.29	0	12
ptg008107l_1_region	679603	1554237	2.29	0	12
ptg008111l_1	529870	2136014	4.03	0	18
ptg008111l_1_region	529870	2136014	4.03	0	18
ptg008112l_1	98692	146512	1.48	0	6
ptg008112l_1_region	98692	146512	1.48	0	6
ptg008114l_1	299962	1022557	3.41	0	9
ptg008114l_1_region	299962	1022557	3.41	0	9
ptg008115l_1	85974	227919	2.65	0	8
ptg008115l_1_region	85974	227919	2.65	0	8
ptg008116l_1	610618	3722258	6.10	0	24
ptg008116l_1_region	610618	3722258	6.10	0	24
ptg008119l_1	305877	957145	3.13	0	10
ptg008119l_1_region	305877	957145	3.13	0	10
ptg008121l_1	188570	360448	1.91	0	8
ptg008121l_1_region	188570	360448	1.91	0	8
ptg008125l_1	556185	912608	1.64	0	10
ptg008125l_1_region	556185	912608	1.64	0	10
ptg008126l_1	95480	160920	1.69	0	8
ptg008126l_1_region	95480	160920	1.69	0	8
ptg008127l_1	33226	51506	1.55	0	3
ptg008127l_1_region	33226	51506	1.55	0	3
ptg008129l_1	210992	602339	2.85	0	10
ptg008129l_1_region	210992	602339	2.85	0	10
ptg008131l_1	19299	59821	3.10	0	7
ptg008131l_1_region	19299	59821	3.10	0	7
ptg008132l_1	330706	917690	2.77	0	11
ptg008132l_1_region	330706	917690	2.77	0	11
ptg008133l_1	80186	96828	1.21	0	6
ptg008133l_1_region	80186	96828	1.21	0	6
ptg008137l_1	266845	426196	1.60	0	10
ptg008137l_1_region	266845	426196	1.60	0	10
ptg008140l_1	292379	769877	2.63	0	8
ptg008140l_1_region	292379	769877	2.63	0	8
ptg008142l_1	107805	245267	2.28	0	7
ptg008142l_1_region	107805	245267	2.28	0	7
ptg008143l_1	65865	143261	2.18	0	5
ptg008143l_1_region	65865	143261	2.18	0	5
ptg008144l_1	146554	318636	2.17	0	11
ptg008144l_1_region	146554	318636	2.17	0	11
ptg008148l_1	321784	981631	3.05	0	11
ptg008148l_1_region	321784	981631	3.05	0	11
ptg008149l_1	173949	434113	2.50	0	11
ptg008149l_1_region	173949	434113	2.50	0	11
ptg008159l_1	82976	104164	1.26	0	6
ptg008159l_1_region	82976	104164	1.26	0	6
ptg008163l_1	100362	220915	2.20	0	6
ptg008163l_1_region	100362	220915	2.20	0	6
ptg008164l_1	112164	697740	6.22	0	15
ptg008164l_1_region	112164	697740	6.22	0	15
ptg008167l_1	149590	531196	3.55	0	12
ptg008167l_1_region	149590	531196	3.55	0	12
ptg008168l_1	522717	1462078	2.80	0	11
ptg008168l_1_region	522717	1462078	2.80	0	11
ptg008169l_1	124054	207929	1.68	0	5
ptg008169l_1_region	124054	207929	1.68	0	5
ptg008171l_1	920890	1895696	2.06	0	19
ptg008171l_1_region	920890	1895696	2.06	0	19
ptg008179l_1	235845	570384	2.42	0	18
ptg008179l_1_region	235845	570384	2.42	0	18
ptg008180l_1	107131	177714	1.66	0	7
ptg008180l_1_region	107131	177714	1.66	0	7
ptg008181l_1	106317	222395	2.09	0	8
ptg008181l_1_region	106317	222395	2.09	0	8
ptg008183l_1	251842	808753	3.21	0	13
ptg008183l_1_region	251842	808753	3.21	0	13
ptg008184l_1	270527	1057531	3.91	0	10
ptg008184l_1_region	270527	1057531	3.91	0	10
ptg008187l_1	667985	2604260	3.90	0	13
ptg008187l_1_region	667985	2604260	3.90	0	13
ptg008188l_1	72196	146572	2.03	0	7
ptg008188l_1_region	72196	146572	2.03	0	7
ptg008190l_1	496687	908552	1.83	0	9
ptg008190l_1_region	496687	908552	1.83	0	9
ptg008194l_1	62820	281315	4.48	0	12
ptg008194l_1_region	62820	281315	4.48	0	12
ptg008200l_1	116867	147424	1.26	0	4
ptg008200l_1_region	116867	147424	1.26	0	4
ptg008207l_1	112863	194519	1.72	0	12
ptg008207l_1_region	112863	194519	1.72	0	12
ptg008212l_1	89507	521344	5.82	0	26
ptg008212l_1_region	89507	521344	5.82	0	26
ptg008215l_1	117018	232533	1.99	0	6
ptg008215l_1_region	117018	232533	1.99	0	6
ptg008216l_1	235212	534685	2.27	0	9
ptg008216l_1_region	235212	534685	2.27	0	9
ptg008217l_1	107650	238175	2.21	0	10
ptg008217l_1_region	107650	238175	2.21	0	10
ptg008218l_1	77987	228773	2.93	0	9
ptg008218l_1_region	77987	228773	2.93	0	9
ptg008219l_1	81860	155058	1.89	0	5
ptg008219l_1_region	81860	155058	1.89	0	5
ptg008222l_1	74889	238634	3.19	0	9
ptg008222l_1_region	74889	238634	3.19	0	9
ptg008223l_1	276839	306262	1.11	0	6
ptg008223l_1_region	276839	306262	1.11	0	6
ptg008229l_1	155554	271891	1.75	0	7
ptg008229l_1_region	155554	271891	1.75	0	7
ptg008232l_1	259280	786628	3.03	0	11
ptg008232l_1_region	259280	786628	3.03	0	11
ptg008234l_1	48076	119822	2.49	0	8
ptg008234l_1_region	48076	119822	2.49	0	8
ptg008237l_1	34981	68114	1.95	0	7
ptg008237l_1_region	34981	68114	1.95	0	7
ptg008238l_1	237895	693681	2.92	0	10
ptg008238l_1_region	237895	693681	2.92	0	10
ptg008242l_1	47480	163375	3.44	0	10
ptg008242l_1_region	47480	163375	3.44	0	10
ptg008244l_1	251073	806626	3.21	0	39
ptg008244l_1_region	251073	806626	3.21	0	39
ptg008245l_1	15265	6782868	444.34	8	618
ptg008245l_1_region	15265	6782868	444.34	8	618
ptg008246l_1	31297	27953	0.89	0	3
ptg008246l_1_region	31297	27953	0.89	0	3
ptg008247l_1	325427	741159	2.28	0	41
ptg008247l_1_region	325427	741159	2.28	0	41
ptg008248l_1	348500	1124527	3.23	0	24
ptg008248l_1_region	348500	1124527	3.23	0	24
ptg008249l_1	277543	747427	2.69	0	11
ptg008249l_1_region	277543	747427	2.69	0	11
ptg008259l_1	250261	683728	2.73	0	21
ptg008259l_1_region	250261	683728	2.73	0	21
ptg008263l_1	41230	31041	0.75	0	3
ptg008263l_1_region	41230	31041	0.75	0	3
ptg008264l_1	106436	213037	2.00	0	15
ptg008264l_1_region	106436	213037	2.00	0	15
ptg008267l_1	167467	415527	2.48	0	12
ptg008267l_1_region	167467	415527	2.48	0	12
ptg008268l_1	76816	287996	3.75	0	14
ptg008268l_1_region	76816	287996	3.75	0	14
ptg008272l_1	1380433	2555461	1.85	0	35
ptg008272l_1_region	1380433	2555461	1.85	0	35
ptg008274l_1	96917	371747	3.84	0	11
ptg008274l_1_region	96917	371747	3.84	0	11
ptg008275l_1	262440	671251	2.56	0	33
ptg008275l_1_region	262440	671251	2.56	0	33
ptg008276l_1	534017	2584037	4.84	0	18
ptg008276l_1_region	534017	2584037	4.84	0	18
ptg008279l_1	50063	85690	1.71	0	6
ptg008279l_1_region	50063	85690	1.71	0	6
ptg008281l_1	279698	701096	2.51	0	8
ptg008281l_1_region	279698	701096	2.51	0	8
ptg008283l_1	187596	725097	3.87	0	12
ptg008283l_1_region	187596	725097	3.87	0	12
ptg008290l_1	135254	222672	1.65	0	6
ptg008290l_1_region	135254	222672	1.65	0	6
ptg008291l_1	307940	985755	3.20	0	11
ptg008291l_1_region	307940	985755	3.20	0	11
ptg008296l_1	105799	300192	2.84	0	10
ptg008296l_1_region	105799	300192	2.84	0	10
ptg008300l_1	70740	651392	9.21	0	41
ptg008300l_1_region	70740	651392	9.21	0	41
ptg008301l_1	152990	282202	1.84	0	6
ptg008301l_1_region	152990	282202	1.84	0	6
ptg008304l_1	386870	1681057	4.35	0	14
ptg008304l_1_region	386870	1681057	4.35	0	14
ptg008307l_1	623520	2278604	3.65	0	15
ptg008307l_1_region	623520	2278604	3.65	0	15
ptg008309l_1	79347	121524	1.53	0	9
ptg008309l_1_region	79347	121524	1.53	0	9
ptg008311l_1	210406	406795	1.93	0	9
ptg008311l_1_region	210406	406795	1.93	0	9
ptg008312l_1	478471	1616266	3.38	0	104
ptg008312l_1_region	478471	1616266	3.38	0	104
ptg008316l_1	52051	104045	2.00	0	5
ptg008316l_1_region	52051	104045	2.00	0	5
ptg008318l_1	110736	221714	2.00	0	8
ptg008318l_1_region	110736	221714	2.00	0	8
ptg008324l_1	86250	299782	3.48	0	10
ptg008324l_1_region	86250	299782	3.48	0	10
ptg008325l_1	348957	611306	1.75	0	8
ptg008325l_1_region	348957	611306	1.75	0	8
ptg008327l_1	570685	1514280	2.65	0	60
ptg008327l_1_region	570685	1514280	2.65	0	60
ptg008330l_1	186240	470945	2.53	0	11
ptg008330l_1_region	186240	470945	2.53	0	11
ptg008336c_1	163510	325606	1.99	0	9
ptg008336c_1_region	163510	325606	1.99	0	9
ptg008338l_1	611407	1767464	2.89	0	12
ptg008338l_1_region	611407	1767464	2.89	0	12
ptg008339l_1	49408	42939	0.87	0	4
ptg008339l_1_region	49408	42939	0.87	0	4
ptg008346l_1	204795	1563989	7.64	0	49
ptg008346l_1_region	204795	1563989	7.64	0	49
ptg008347l_1	32615	25166	0.77	0	2
ptg008347l_1_region	32615	25166	0.77	0	2
ptg008348l_1	40764	122150	3.00	0	8
ptg008348l_1_region	40764	122150	3.00	0	8
ptg008351l_1	92496	203477	2.20	0	7
ptg008351l_1_region	92496	203477	2.20	0	7
ptg008352l_1	16851	12646	0.75	0	2
ptg008352l_1_region	16851	12646	0.75	0	2
ptg008354l_1	89771	253913	2.83	0	7
ptg008354l_1_region	89771	253913	2.83	0	7
ptg008356l_1	18452	30493	1.65	0	8
ptg008356l_1_region	18452	30493	1.65	0	8
ptg008357l_1	189496	415186	2.19	0	8
ptg008357l_1_region	189496	415186	2.19	0	8
ptg008358l_1	404798	1534762	3.79	0	42
ptg008358l_1_region	404798	1534762	3.79	0	42
ptg008359l_1	83090	176915	2.13	0	8
ptg008359l_1_region	83090	176915	2.13	0	8
ptg008361l_1	176024	415342	2.36	0	9
ptg008361l_1_region	176024	415342	2.36	0	9
ptg008362l_1	289659	854045	2.95	0	9
ptg008362l_1_region	289659	854045	2.95	0	9
ptg008364l_1	181413	587942	3.24	0	9
ptg008364l_1_region	181413	587942	3.24	0	9
ptg008365l_1	296223	823697	2.78	0	9
ptg008365l_1_region	296223	823697	2.78	0	9
ptg008366l_1	224137	515824	2.30	0	29
ptg008366l_1_region	224137	515824	2.30	0	29
ptg008369l_1	55672	124545	2.24	0	7
ptg008369l_1_region	55672	124545	2.24	0	7
ptg008374l_1	388561	1433233	3.69	0	11
ptg008374l_1_region	388561	1433233	3.69	0	11
ptg008375l_1	107385	349017	3.25	0	8
ptg008375l_1_region	107385	349017	3.25	0	8
ptg008380l_1	410667	728203	1.77	0	7
ptg008380l_1_region	410667	728203	1.77	0	7
ptg008385l_1	224308	733878	3.27	0	12
ptg008385l_1_region	224308	733878	3.27	0	12
ptg008386l_1	90397	230687	2.55	0	7
ptg008386l_1_region	90397	230687	2.55	0	7
ptg008389l_1	265783	864078	3.25	0	9
ptg008389l_1_region	265783	864078	3.25	0	9
ptg008392l_1	656828	2017775	3.07	0	11
ptg008392l_1_region	656828	2017775	3.07	0	11
ptg008396l_1	195423	663233	3.39	0	29
ptg008396l_1_region	195423	663233	3.39	0	29
ptg008398l_1	218707	751585	3.44	0	9
ptg008398l_1_region	218707	751585	3.44	0	9
ptg008404l_1	76700	190771	2.49	0	10
ptg008404l_1_region	76700	190771	2.49	0	10
ptg008405l_1	155220	334674	2.16	0	8
ptg008405l_1_region	155220	334674	2.16	0	8
ptg008407l_1	163801	349188	2.13	0	9
ptg008407l_1_region	163801	349188	2.13	0	9
ptg008410l_1	194657	600735	3.09	0	8
ptg008410l_1_region	194657	600735	3.09	0	8
ptg008418l_1	202587	474118	2.34	0	7
ptg008418l_1_region	202587	474118	2.34	0	7
ptg008420l_1	126033	371604	2.95	0	9
ptg008420l_1_region	126033	371604	2.95	0	9
ptg008423l_1	147202	77633	0.53	0	4
ptg008423l_1_region	147202	77633	0.53	0	4
ptg008424l_1	405367	1057527	2.61	0	8
ptg008424l_1_region	405367	1057527	2.61	0	8
ptg008430l_1	334248	1523587	4.56	0	60
ptg008430l_1_region	334248	1523587	4.56	0	60
ptg008431l_1	44958	126727	2.82	0	6
ptg008431l_1_region	44958	126727	2.82	0	6
ptg008435l_1	284958	1205424	4.23	0	151
ptg008435l_1_region	284958	1205424	4.23	0	151
ptg008436l_1	1099191	3419740	3.11	0	17
ptg008436l_1_region	1099191	3419740	3.11	0	17
ptg008441l_1	7184	28798	4.01	0	5
ptg008441l_1_region	7184	28798	4.01	0	5
ptg008442l_1	319956	1277133	3.99	0	14
ptg008442l_1_region	319956	1277133	3.99	0	14
ptg008443l_1	35146	61135	1.74	0	4
ptg008443l_1_region	35146	61135	1.74	0	4
ptg008444l_1	408812	1160533	2.84	0	17
ptg008444l_1_region	408812	1160533	2.84	0	17
ptg008445l_1	31801	43775	1.38	0	7
ptg008445l_1_region	31801	43775	1.38	0	7
ptg008446l_1	125049	184939	1.48	0	7
ptg008446l_1_region	125049	184939	1.48	0	7
ptg008451l_1	85450	225007	2.63	0	7
ptg008451l_1_region	85450	225007	2.63	0	7
ptg008452l_1	40798	20541	0.50	0	2
ptg008452l_1_region	40798	20541	0.50	0	2
ptg008454l_1	52093	72290	1.39	0	5
ptg008454l_1_region	52093	72290	1.39	0	5
ptg008455l_1	142831	304761	2.13	0	12
ptg008455l_1_region	142831	304761	2.13	0	12
ptg008458l_1	350950	963106	2.74	0	10
ptg008458l_1_region	350950	963106	2.74	0	10
ptg008464l_1	140814	439854	3.12	0	9
ptg008464l_1_region	140814	439854	3.12	0	9
ptg008465l_1	122599	373777	3.05	0	12
ptg008465l_1_region	122599	373777	3.05	0	12
ptg008466l_1	226535	405117	1.79	0	8
ptg008466l_1_region	226535	405117	1.79	0	8
ptg008467l_1	89105	209949	2.36	0	7
ptg008467l_1_region	89105	209949	2.36	0	7
ptg008475l_1	104461	201598	1.93	0	6
ptg008475l_1_region	104461	201598	1.93	0	6
ptg008477l_1	119567	209945	1.76	0	7
ptg008477l_1_region	119567	209945	1.76	0	7
ptg008478l_1	308681	809822	2.62	0	9
ptg008478l_1_region	308681	809822	2.62	0	9
ptg008480l_1	72115	252244	3.50	0	11
ptg008480l_1_region	72115	252244	3.50	0	11
ptg008483l_1	121615	458199	3.77	0	12
ptg008483l_1_region	121615	458199	3.77	0	12
ptg008490l_1	106657	177040	1.66	0	7
ptg008490l_1_region	106657	177040	1.66	0	7
ptg008491l_1	211224	404552	1.92	0	7
ptg008491l_1_region	211224	404552	1.92	0	7
ptg008496l_1	96924	167916	1.73	0	6
ptg008496l_1_region	96924	167916	1.73	0	6
ptg008497l_1	163423	321181	1.97	0	23
ptg008497l_1_region	163423	321181	1.97	0	23
ptg008498l_1	74037	265812	3.59	0	22
ptg008498l_1_region	74037	265812	3.59	0	22
ptg008499l_1	72588	158770	2.19	0	9
ptg008499l_1_region	72588	158770	2.19	0	9
ptg008503l_1	391038	1173845	3.00	0	15
ptg008503l_1_region	391038	1173845	3.00	0	15
ptg008504l_1	494641	1127340	2.28	0	10
ptg008504l_1_region	494641	1127340	2.28	0	10
ptg008506l_1	178152	337053	1.89	0	15
ptg008506l_1_region	178152	337053	1.89	0	15
ptg008510l_1	19751	123579	6.26	0	17
ptg008510l_1_region	19751	123579	6.26	0	17
ptg008511l_1	22769	624	0.03	0	2
ptg008511l_1_region	22769	624	0.03	0	2
ptg008512l_1	282717	1096811	3.88	0	14
ptg008512l_1_region	282717	1096811	3.88	0	14
ptg008515l_1	180553	513182	2.84	0	8
ptg008515l_1_region	180553	513182	2.84	0	8
ptg008516l_1	204755	588945	2.88	0	10
ptg008516l_1_region	204755	588945	2.88	0	10
ptg008520l_1	97553	330000	3.38	0	37
ptg008520l_1_region	97553	330000	3.38	0	37
ptg008522l_1	72639	169320	2.33	0	10
ptg008522l_1_region	72639	169320	2.33	0	10
ptg008525l_1	307250	1031855	3.36	0	39
ptg008525l_1_region	307250	1031855	3.36	0	39
ptg008526l_1	205823	654041	3.18	0	12
ptg008526l_1_region	205823	654041	3.18	0	12
ptg008530l_1	157393	357955	2.27	0	15
ptg008530l_1_region	157393	357955	2.27	0	15
ptg008531l_1	150865	397872	2.64	0	11
ptg008531l_1_region	150865	397872	2.64	0	11
ptg008533l_1	226180	5903	0.03	0	6
ptg008533l_1_region	226180	5903	0.03	0	6
ptg008540l_1	396665	1150526	2.90	0	16
ptg008540l_1_region	396665	1150526	2.90	0	16
ptg008541l_1	300354	827608	2.76	0	9
ptg008541l_1_region	300354	827608	2.76	0	9
ptg008543l_1	225312	628863	2.79	0	22
ptg008543l_1_region	225312	628863	2.79	0	22
ptg008545l_1	165575	446408	2.70	0	12
ptg008545l_1_region	165575	446408	2.70	0	12
ptg008547l_1	262626	510460	1.94	0	10
ptg008547l_1_region	262626	510460	1.94	0	10
ptg008548l_1	100671	92264	0.92	0	7
ptg008548l_1_region	100671	92264	0.92	0	7
ptg008549l_1	40263	128014	3.18	0	7
ptg008549l_1_region	40263	128014	3.18	0	7
ptg008551l_1	113575	259488	2.28	0	7
ptg008551l_1_region	113575	259488	2.28	0	7
ptg008556l_1	164291	287597	1.75	0	5
ptg008556l_1_region	164291	287597	1.75	0	5
ptg008560l_1	39401	80551	2.04	0	5
ptg008560l_1_region	39401	80551	2.04	0	5
ptg008561l_1	99157	167920	1.69	0	8
ptg008561l_1_region	99157	167920	1.69	0	8
ptg008563l_1	63554	193062	3.04	0	9
ptg008563l_1_region	63554	193062	3.04	0	9
ptg008564l_1	50016	64361	1.29	0	4
ptg008564l_1_region	50016	64361	1.29	0	4
ptg008567l_1	325513	932780	2.87	0	12
ptg008567l_1_region	325513	932780	2.87	0	12
ptg008569l_1	97893	290266	2.97	0	13
ptg008569l_1_region	97893	290266	2.97	0	13
ptg008571l_1	314170	720167	2.29	0	7
ptg008571l_1_region	314170	720167	2.29	0	7
ptg008572l_1	50523	145254	2.88	0	6
ptg008572l_1_region	50523	145254	2.88	0	6
ptg008575l_1	144953	343352	2.37	0	19
ptg008575l_1_region	144953	343352	2.37	0	19
ptg008577l_1	104493	176557	1.69	0	6
ptg008577l_1_region	104493	176557	1.69	0	6
ptg008580l_1	137046	445642	3.25	0	8
ptg008580l_1_region	137046	445642	3.25	0	8
ptg008584l_1	49849	128295	2.57	0	5
ptg008584l_1_region	49849	128295	2.57	0	5
ptg008585l_1	50216	32731	0.65	0	3
ptg008585l_1_region	50216	32731	0.65	0	3
ptg008587c_1	71705	405164	5.65	0	14
ptg008587c_1_region	71705	405164	5.65	0	14
ptg008589l_1	197222	644117	3.27	0	11
ptg008589l_1_region	197222	644117	3.27	0	11
ptg008593l_1	111414	258247	2.32	0	6
ptg008593l_1_region	111414	258247	2.32	0	6
ptg008598l_1	108867	280060	2.57	0	7
ptg008598l_1_region	108867	280060	2.57	0	7
ptg008606l_1	287024	687269	2.39	0	13
ptg008606l_1_region	287024	687269	2.39	0	13
ptg008608l_1	173360	517822	2.99	0	9
ptg008608l_1_region	173360	517822	2.99	0	9
ptg008610l_1	45385	223035	4.91	0	9
ptg008610l_1_region	45385	223035	4.91	0	9
ptg008617l_1	50519	115165	2.28	0	7
ptg008617l_1_region	50519	115165	2.28	0	7
ptg008618l_1	225004	591672	2.63	0	11
ptg008618l_1_region	225004	591672	2.63	0	11
ptg008626l_1	49309	84057	1.70	0	5
ptg008626l_1_region	49309	84057	1.70	0	5
ptg008627l_1	260537	627722	2.41	0	14
ptg008627l_1_region	260537	627722	2.41	0	14
ptg008628l_1	153448	347650	2.27	0	9
ptg008628l_1_region	153448	347650	2.27	0	9
ptg008629l_1	91692	459524	5.01	0	31
ptg008629l_1_region	91692	459524	5.01	0	31
ptg008631l_1	25139	39875	1.59	0	4
ptg008631l_1_region	25139	39875	1.59	0	4
ptg008646l_1	72795	49415	0.68	0	3
ptg008646l_1_region	72795	49415	0.68	0	3
ptg008647l_1	286379	898151	3.14	0	11
ptg008647l_1_region	286379	898151	3.14	0	11
ptg008649l_1	62019	109986	1.77	0	5
ptg008649l_1_region	62019	109986	1.77	0	5
ptg008652l_1	73552	258452	3.51	0	10
ptg008652l_1_region	73552	258452	3.51	0	10
ptg008654l_1	1122243	1072844	0.96	0	13
ptg008654l_1_region	1122243	1072844	0.96	0	13
ptg008655l_1	67773	66615	0.98	0	6
ptg008655l_1_region	67773	66615	0.98	0	6
ptg008660l_1	59989	161155	2.69	0	7
ptg008660l_1_region	59989	161155	2.69	0	7
ptg008665l_1	83510	158180	1.89	0	6
ptg008665l_1_region	83510	158180	1.89	0	6
ptg008667l_1	278430	1273926	4.58	0	27
ptg008667l_1_region	278430	1273926	4.58	0	27
ptg008668l_1	195116	357676	1.83	0	7
ptg008668l_1_region	195116	357676	1.83	0	7
ptg008677l_1	47437	131312	2.77	0	6
ptg008677l_1_region	47437	131312	2.77	0	6
ptg008678l_1	45589	74560	1.64	0	6
ptg008678l_1_region	45589	74560	1.64	0	6
ptg008679l_1	299176	933481	3.12	0	12
ptg008679l_1_region	299176	933481	3.12	0	12
ptg008680l_1	256811	1119936	4.36	0	30
ptg008680l_1_region	256811	1119936	4.36	0	30
ptg008685l_1	2496666	9063880	3.63	0	18
ptg008685l_1_region	2496666	9063880	3.63	0	18
ptg008687l_1	200580	332067	1.66	0	8
ptg008687l_1_region	200580	332067	1.66	0	8
ptg008690l_1	14562	42627	2.93	0	6
ptg008690l_1_region	14562	42627	2.93	0	6
ptg008693l_1	24104	30624	1.27	0	3
ptg008693l_1_region	24104	30624	1.27	0	3
ptg008694l_1	117891	194962	1.65	0	8
ptg008694l_1_region	117891	194962	1.65	0	8
ptg008695l_1	182635	645706	3.54	0	10
ptg008695l_1_region	182635	645706	3.54	0	10
ptg008696l_1	25811	38039	1.47	0	5
ptg008696l_1_region	25811	38039	1.47	0	5
ptg008697l_1	142624	400741	2.81	0	13
ptg008697l_1_region	142624	400741	2.81	0	13
ptg008702l_1	225560	587756	2.61	0	14
ptg008702l_1_region	225560	587756	2.61	0	14
ptg008703l_1	164555	390923	2.38	0	8
ptg008703l_1_region	164555	390923	2.38	0	8
ptg008704l_1	30084	55654	1.85	0	4
ptg008704l_1_region	30084	55654	1.85	0	4
ptg008711l_1	15241	34741	2.28	0	8
ptg008711l_1_region	15241	34741	2.28	0	8
ptg008716l_1	179839	383408	2.13	0	6
ptg008716l_1_region	179839	383408	2.13	0	6
ptg008718l_1	53695	57815	1.08	0	4
ptg008718l_1_region	53695	57815	1.08	0	4
ptg008724l_1	56370	58683	1.04	0	3
ptg008724l_1_region	56370	58683	1.04	0	3
ptg008725l_1	161118	308830	1.92	0	8
ptg008725l_1_region	161118	308830	1.92	0	8
ptg008726l_1	56262	77052	1.37	0	4
ptg008726l_1_region	56262	77052	1.37	0	4
ptg008730l_1	31601	100333	3.17	0	11
ptg008730l_1_region	31601	100333	3.17	0	11
ptg008732l_1	94068	142870	1.52	0	6
ptg008732l_1_region	94068	142870	1.52	0	6
ptg008736l_1	98536	239188	2.43	0	7
ptg008736l_1_region	98536	239188	2.43	0	7
ptg008738l_1	35150	35429	1.01	0	2
ptg008738l_1_region	35150	35429	1.01	0	2
ptg008741l_1	19297	16584	0.86	0	6
ptg008741l_1_region	19297	16584	0.86	0	6
ptg008751l_1	23597	90972	3.86	0	9
ptg008751l_1_region	23597	90972	3.86	0	9
ptg008754l_1	252065	686141	2.72	0	9
ptg008754l_1_region	252065	686141	2.72	0	9
ptg008756l_1	353154	887635	2.51	0	12
ptg008756l_1_region	353154	887635	2.51	0	12
ptg008757l_1	97145	179687	1.85	0	7
ptg008757l_1_region	97145	179687	1.85	0	7
ptg008759l_1	105590	287267	2.72	0	9
ptg008759l_1_region	105590	287267	2.72	0	9
ptg008760l_1	52655	179579	3.41	0	15
ptg008760l_1_region	52655	179579	3.41	0	15
ptg008763l_1	72052	150004	2.08	0	7
ptg008763l_1_region	72052	150004	2.08	0	7
ptg008764l_1	284455	3963933	13.94	0	83
ptg008764l_1_region	284455	3963933	13.94	0	83
ptg008770l_1	210479	107088	0.51	0	7
ptg008770l_1_region	210479	107088	0.51	0	7
ptg008772l_1	29660	87428	2.95	0	8
ptg008772l_1_region	29660	87428	2.95	0	8
ptg008773l_1	301333	976686	3.24	0	11
ptg008773l_1_region	301333	976686	3.24	0	11
ptg008776l_1	202916	671801	3.31	0	15
ptg008776l_1_region	202916	671801	3.31	0	15
ptg008778l_1	98054	403483	4.11	0	26
ptg008778l_1_region	98054	403483	4.11	0	26
ptg008784l_1	47156	464684	9.85	0	33
ptg008784l_1_region	47156	464684	9.85	0	33
ptg008785l_1	137940	431116	3.13	0	10
ptg008785l_1_region	137940	431116	3.13	0	10
ptg008786l_1	93345	430026	4.61	0	10
ptg008786l_1_region	93345	430026	4.61	0	10
ptg008787l_1	183947	407136	2.21	0	7
ptg008787l_1_region	183947	407136	2.21	0	7
ptg008789l_1	200271	355105	1.77	0	8
ptg008789l_1_region	200271	355105	1.77	0	8
ptg008795l_1	63654	175041	2.75	0	6
ptg008795l_1_region	63654	175041	2.75	0	6
ptg008797l_1	260032	535082	2.06	0	7
ptg008797l_1_region	260032	535082	2.06	0	7
ptg008798l_1	114315	168450	1.47	0	6
ptg008798l_1_region	114315	168450	1.47	0	6
ptg008799l_1	593869	1659664	2.79	0	13
ptg008799l_1_region	593869	1659664	2.79	0	13
ptg008801l_1	80910	185538	2.29	0	10
ptg008801l_1_region	80910	185538	2.29	0	10
ptg008803l_1	397760	847868	2.13	0	9
ptg008803l_1_region	397760	847868	2.13	0	9
ptg008804l_1	42314	154755	3.66	0	13
ptg008804l_1_region	42314	154755	3.66	0	13
ptg008809l_1	66580	148517	2.23	0	9
ptg008809l_1_region	66580	148517	2.23	0	9
ptg008818l_1	77475	115872	1.50	0	9
ptg008818l_1_region	77475	115872	1.50	0	9
ptg008819l_1	176341	429342	2.43	0	8
ptg008819l_1_region	176341	429342	2.43	0	8
ptg008820l_1	220032	470997	2.14	0	10
ptg008820l_1_region	220032	470997	2.14	0	10
ptg008821l_1	147552	531998	3.61	0	11
ptg008821l_1_region	147552	531998	3.61	0	11
ptg008823l_1	202237	913752	4.52	0	75
ptg008823l_1_region	202237	913752	4.52	0	75
ptg008824l_1	87378	201592	2.31	0	7
ptg008824l_1_region	87378	201592	2.31	0	7
ptg008825l_1	312446	579217	1.85	0	14
ptg008825l_1_region	312446	579217	1.85	0	14
ptg008826l_1	24200	45690	1.89	0	3
ptg008826l_1_region	24200	45690	1.89	0	3
ptg008828l_1	86379	226622	2.62	0	8
ptg008828l_1_region	86379	226622	2.62	0	8
ptg008829l_1	17713	14749	0.83	0	3
ptg008829l_1_region	17713	14749	0.83	0	3
ptg008830l_1	227937	741289	3.25	0	10
ptg008830l_1_region	227937	741289	3.25	0	10
ptg008831l_1	28264	33750	1.19	0	5
ptg008831l_1_region	28264	33750	1.19	0	5
ptg008833l_1	45975	43246	0.94	0	5
ptg008833l_1_region	45975	43246	0.94	0	5
ptg008843l_1	75412	85041	1.13	0	5
ptg008843l_1_region	75412	85041	1.13	0	5
ptg008848l_1	15817	22488	1.42	0	4
ptg008848l_1_region	15817	22488	1.42	0	4
ptg008850l_1	204927	562494	2.74	0	10
ptg008850l_1_region	204927	562494	2.74	0	10
ptg008851l_1	531950	1185431	2.23	0	10
ptg008851l_1_region	531950	1185431	2.23	0	10
ptg008852l_1	97812	196196	2.01	0	10
ptg008852l_1_region	97812	196196	2.01	0	10
ptg008853l_1	303680	593540	1.95	0	7
ptg008853l_1_region	303680	593540	1.95	0	7
ptg008855l_1	19830	9710	0.49	0	1
ptg008855l_1_region	19830	9710	0.49	0	1
ptg008856l_1	47854	59890	1.25	0	4
ptg008856l_1_region	47854	59890	1.25	0	4
ptg008860l_1	15982	2271	0.14	0	1
ptg008860l_1_region	15982	2271	0.14	0	1
ptg008861l_1	544657	2046788	3.76	0	16
ptg008861l_1_region	544657	2046788	3.76	0	16
ptg008863l_1	86071	154129	1.79	0	8
ptg008863l_1_region	86071	154129	1.79	0	8
ptg008867l_1	108081	118382	1.10	0	4
ptg008867l_1_region	108081	118382	1.10	0	4
ptg008870l_1	144721	602917	4.17	0	17
ptg008870l_1_region	144721	602917	4.17	0	17
ptg008872l_1	190433	464587	2.44	0	10
ptg008872l_1_region	190433	464587	2.44	0	10
ptg008873l_1	142530	382903	2.69	0	9
ptg008873l_1_region	142530	382903	2.69	0	9
ptg008875l_1	176824	385520	2.18	0	10
ptg008875l_1_region	176824	385520	2.18	0	10
ptg008878l_1	413308	1096738	2.65	0	50
ptg008878l_1_region	413308	1096738	2.65	0	50
ptg008881l_1	141764	285022	2.01	0	13
ptg008881l_1_region	141764	285022	2.01	0	13
ptg008883l_1	96054	263506	2.74	0	9
ptg008883l_1_region	96054	263506	2.74	0	9
ptg008885l_1	74056	83651	1.13	0	6
ptg008885l_1_region	74056	83651	1.13	0	6
ptg008892l_1	52886	41155	0.78	0	5
ptg008892l_1_region	52886	41155	0.78	0	5
ptg008893l_1	25208	556	0.02	0	1
ptg008893l_1_region	25208	556	0.02	0	1
ptg008894l_1	76258	158256	2.08	0	5
ptg008894l_1_region	76258	158256	2.08	0	5
ptg008896l_1	21791	45783	2.10	0	8
ptg008896l_1_region	21791	45783	2.10	0	8
ptg008900l_1	138181	6051900	43.80	0	273
ptg008900l_1_region	138181	6051900	43.80	0	273
ptg008906l_1	146950	785891	5.35	0	24
ptg008906l_1_region	146950	785891	5.35	0	24
ptg008909l_1	101685	169066	1.66	0	8
ptg008909l_1_region	101685	169066	1.66	0	8
ptg008910l_1	409233	1386199	3.39	0	9
ptg008910l_1_region	409233	1386199	3.39	0	9
ptg008912l_1	187146	425905	2.28	0	9
ptg008912l_1_region	187146	425905	2.28	0	9
ptg008914l_1	138108	458826	3.32	0	12
ptg008914l_1_region	138108	458826	3.32	0	12
ptg008917l_1	35103	64603	1.84	0	6
ptg008917l_1_region	35103	64603	1.84	0	6
ptg008919l_1	384529	781912	2.03	0	11
ptg008919l_1_region	384529	781912	2.03	0	11
ptg008921l_1	390836	1049610	2.69	0	10
ptg008921l_1_region	390836	1049610	2.69	0	10
ptg008924l_1	18382	32289	1.76	0	4
ptg008924l_1_region	18382	32289	1.76	0	4
ptg008933l_1	73972	155875	2.11	0	6
ptg008933l_1_region	73972	155875	2.11	0	6
ptg008934l_1	50321	106955	2.13	0	6
ptg008934l_1_region	50321	106955	2.13	0	6
ptg008938l_1	58185	142200	2.44	0	7
ptg008938l_1_region	58185	142200	2.44	0	7
ptg008944l_1	229302	243581	1.06	0	6
ptg008944l_1_region	229302	243581	1.06	0	6
ptg008945l_1	252490	1004047	3.98	0	25
ptg008945l_1_region	252490	1004047	3.98	0	25
ptg008947l_1	190471	542956	2.85	0	10
ptg008947l_1_region	190471	542956	2.85	0	10
ptg008950l_1	227551	1048904	4.61	0	74
ptg008950l_1_region	227551	1048904	4.61	0	74
ptg008952l_1	222782	528953	2.37	0	13
ptg008952l_1_region	222782	528953	2.37	0	13
ptg008956l_1	928035	2348300	2.53	0	13
ptg008956l_1_region	928035	2348300	2.53	0	13
ptg008960l_1	44186	116845	2.64	0	6
ptg008960l_1_region	44186	116845	2.64	0	6
ptg008961l_1	67997	206078	3.03	0	6
ptg008961l_1_region	67997	206078	3.03	0	6
ptg008970l_1	29944	35224	1.18	0	2
ptg008970l_1_region	29944	35224	1.18	0	2
ptg008971l_1	241049	650674	2.70	0	8
ptg008971l_1_region	241049	650674	2.70	0	8
ptg008973l_1	187846	586000	3.12	0	9
ptg008973l_1_region	187846	586000	3.12	0	9
ptg008974l_1	65035	143658	2.21	0	8
ptg008974l_1_region	65035	143658	2.21	0	8
ptg008975l_1	62097	73732	1.19	0	3
ptg008975l_1_region	62097	73732	1.19	0	3
ptg008977l_1	159151	169618	1.07	0	5
ptg008977l_1_region	159151	169618	1.07	0	5
ptg008979l_1	32494	26002	0.80	0	3
ptg008979l_1_region	32494	26002	0.80	0	3
ptg008980l_1	113348	290814	2.57	0	10
ptg008980l_1_region	113348	290814	2.57	0	10
ptg008981l_1	149590	376766	2.52	0	9
ptg008981l_1_region	149590	376766	2.52	0	9
ptg008982l_1	39588	157744	3.98	0	18
ptg008982l_1_region	39588	157744	3.98	0	18
ptg008992l_1	41210	20158	0.49	0	4
ptg008992l_1_region	41210	20158	0.49	0	4
ptg008996l_1	1231744	4074101	3.31	0	12
ptg008996l_1_region	1231744	4074101	3.31	0	12
ptg008998l_1	68512	149629	2.18	0	12
ptg008998l_1_region	68512	149629	2.18	0	12
ptg009000l_1	29847	86925	2.91	0	8
ptg009000l_1_region	29847	86925	2.91	0	8
ptg009001l_1	178564	498647	2.79	0	12
ptg009001l_1_region	178564	498647	2.79	0	12
ptg009003l_1	40218	45557	1.13	0	4
ptg009003l_1_region	40218	45557	1.13	0	4
ptg009005l_1	64689	212032	3.28	0	24
ptg009005l_1_region	64689	212032	3.28	0	24
ptg009007l_1	133880	197021	1.47	0	6
ptg009007l_1_region	133880	197021	1.47	0	6
ptg009009l_1	111239	231290	2.08	0	11
ptg009009l_1_region	111239	231290	2.08	0	11
ptg009011l_1	161374	188417	1.17	0	8
ptg009011l_1_region	161374	188417	1.17	0	8
ptg009012l_1	308483	2926492	9.49	0	45
ptg009012l_1_region	308483	2926492	9.49	0	45
ptg009015l_1	15236	25949	1.70	0	3
ptg009015l_1_region	15236	25949	1.70	0	3
ptg009016l_1	146633	386646	2.64	0	10
ptg009016l_1_region	146633	386646	2.64	0	10
ptg009018l_1	226021	623876	2.76	0	9
ptg009018l_1_region	226021	623876	2.76	0	9
ptg009022l_1	251241	1263014	5.03	0	14
ptg009022l_1_region	251241	1263014	5.03	0	14
ptg009023l_1	155760	117016	0.75	0	6
ptg009023l_1_region	155760	117016	0.75	0	6
ptg009027l_1	66536	108069	1.62	0	5
ptg009027l_1_region	66536	108069	1.62	0	5
ptg009033l_1	167108	445466	2.67	0	17
ptg009033l_1_region	167108	445466	2.67	0	17
ptg009034l_1	104983	325397	3.10	0	8
ptg009034l_1_region	104983	325397	3.10	0	8
ptg009038l_1	311136	899791	2.89	0	10
ptg009038l_1_region	311136	899791	2.89	0	10
ptg009039l_1	227423	462452	2.03	0	19
ptg009039l_1_region	227423	462452	2.03	0	19
ptg009040l_1	28347	58461	2.06	0	6
ptg009040l_1_region	28347	58461	2.06	0	6
ptg009041l_1	393199	856553	2.18	0	9
ptg009041l_1_region	393199	856553	2.18	0	9
ptg009051l_1	78559	440707	5.61	0	35
ptg009051l_1_region	78559	440707	5.61	0	35
ptg009053l_1	124628	284096	2.28	0	7
ptg009053l_1_region	124628	284096	2.28	0	7
ptg009054l_1	1130287	3063756	2.71	0	18
ptg009054l_1_region	1130287	3063756	2.71	0	18
ptg009058l_1	22759	62228	2.73	0	6
ptg009058l_1_region	22759	62228	2.73	0	6
ptg009061l_1	42226	72260	1.71	0	42
ptg009061l_1_region	42226	72260	1.71	0	42
ptg009062l_1	40791	86982	2.13	0	6
ptg009062l_1_region	40791	86982	2.13	0	6
ptg009064l_1	503842	1478014	2.93	0	11
ptg009064l_1_region	503842	1478014	2.93	0	11
ptg009066l_1	150095	243439	1.62	0	9
ptg009066l_1_region	150095	243439	1.62	0	9
ptg009070l_1	321104	807978	2.52	0	11
ptg009070l_1_region	321104	807978	2.52	0	11
ptg009073l_1	53104	101258	1.91	0	6
ptg009073l_1_region	53104	101258	1.91	0	6
ptg009076l_1	110472	228765	2.07	0	8
ptg009076l_1_region	110472	228765	2.07	0	8
ptg009080l_1	139944	334165	2.39	0	8
ptg009080l_1_region	139944	334165	2.39	0	8
ptg009082l_1	238516	924064	3.87	0	11
ptg009082l_1_region	238516	924064	3.87	0	11
ptg009083l_1	78968	105378	1.33	0	9
ptg009083l_1_region	78968	105378	1.33	0	9
ptg009084l_1	40225	104260	2.59	0	5
ptg009084l_1_region	40225	104260	2.59	0	5
ptg009094l_1	175262	327895	1.87	0	11
ptg009094l_1_region	175262	327895	1.87	0	11
ptg009095l_1	513050	2798319	5.45	0	362
ptg009095l_1_region	513050	2798319	5.45	0	362
ptg009097l_1	121150	203254	1.68	0	10
ptg009097l_1_region	121150	203254	1.68	0	10
ptg009098l_1	156643	286257	1.83	0	8
ptg009098l_1_region	156643	286257	1.83	0	8
ptg009100l_1	294109	813762	2.77	0	9
ptg009100l_1_region	294109	813762	2.77	0	9
ptg009102l_1	56610	62584	1.11	0	4
ptg009102l_1_region	56610	62584	1.11	0	4
ptg009103l_1	52328	69920	1.34	0	6
ptg009103l_1_region	52328	69920	1.34	0	6
ptg009109l_1	404423	1383582	3.42	0	14
ptg009109l_1_region	404423	1383582	3.42	0	14
ptg009114l_1	103926	278222	2.68	0	14
ptg009114l_1_region	103926	278222	2.68	0	14
ptg009116l_1	69901	73461	1.05	0	4
ptg009116l_1_region	69901	73461	1.05	0	4
ptg009117l_1	25434	38348	1.51	0	4
ptg009117l_1_region	25434	38348	1.51	0	4
ptg009119l_1	237849	573597	2.41	0	9
ptg009119l_1_region	237849	573597	2.41	0	9
ptg009126l_1	122262	305170	2.50	0	8
ptg009126l_1_region	122262	305170	2.50	0	8
ptg009128l_1	52531	1047993	19.95	0	80
ptg009128l_1_region	52531	1047993	19.95	0	80
ptg009129l_1	285011	454007	1.59	0	9
ptg009129l_1_region	285011	454007	1.59	0	9
ptg009130l_1	165711	603653	3.64	0	24
ptg009130l_1_region	165711	603653	3.64	0	24
ptg009131l_1	53696	158150	2.95	0	8
ptg009131l_1_region	53696	158150	2.95	0	8
ptg009135l_1	18422	52081	2.83	0	5
ptg009135l_1_region	18422	52081	2.83	0	5
ptg009137l_1	38893	64301	1.65	0	5
ptg009137l_1_region	38893	64301	1.65	0	5
ptg009139l_1	38633	81353	2.11	0	8
ptg009139l_1_region	38633	81353	2.11	0	8
ptg009140l_1	202087	706133	3.49	0	15
ptg009140l_1_region	202087	706133	3.49	0	15
ptg009141l_1	80464	169037	2.10	0	9
ptg009141l_1_region	80464	169037	2.10	0	9
ptg009145l_1	64080	20803	0.32	0	2
ptg009145l_1_region	64080	20803	0.32	0	2
ptg009148l_1	180501	413229	2.29	0	11
ptg009148l_1_region	180501	413229	2.29	0	11
ptg009150l_1	29270	9182	0.31	0	9
ptg009150l_1_region	29270	9182	0.31	0	9
ptg009152l_1	158770	377910	2.38	0	14
ptg009152l_1_region	158770	377910	2.38	0	14
ptg009155l_1	368835	638368	1.73	0	11
ptg009155l_1_region	368835	638368	1.73	0	11
ptg009156l_1	37502	223187	5.95	0	35
ptg009156l_1_region	37502	223187	5.95	0	35
ptg009158l_1	34499	65735	1.91	0	6
ptg009158l_1_region	34499	65735	1.91	0	6
ptg009159l_1	18847	18849	1.00	0	4
ptg009159l_1_region	18847	18849	1.00	0	4
ptg009160l_1	98159	155720	1.59	0	5
ptg009160l_1_region	98159	155720	1.59	0	5
ptg009161l_1	255501	447004	1.75	0	7
ptg009161l_1_region	255501	447004	1.75	0	7
ptg009164l_1	123798	426949	3.45	0	18
ptg009164l_1_region	123798	426949	3.45	0	18
ptg009165l_1	127483	333657	2.62	0	16
ptg009165l_1_region	127483	333657	2.62	0	16
ptg009166l_1	149917	376018	2.51	0	10
ptg009166l_1_region	149917	376018	2.51	0	10
ptg009167l_1	176100	419288	2.38	0	8
ptg009167l_1_region	176100	419288	2.38	0	8
ptg009171l_1	182400	314531	1.72	0	8
ptg009171l_1_region	182400	314531	1.72	0	8
ptg009175l_1	386544	766565	1.98	0	15
ptg009175l_1_region	386544	766565	1.98	0	15
ptg009176l_1	172696	80801	0.47	0	5
ptg009176l_1_region	172696	80801	0.47	0	5
ptg009178l_1	452017	1865042	4.13	0	19
ptg009178l_1_region	452017	1865042	4.13	0	19
ptg009182l_1	145638	242322	1.66	0	8
ptg009182l_1_region	145638	242322	1.66	0	8
ptg009183l_1	43210	58048	1.34	0	6
ptg009183l_1_region	43210	58048	1.34	0	6
ptg009188l_1	301770	642402	2.13	0	6
ptg009188l_1_region	301770	642402	2.13	0	6
ptg009189l_1	23111	91338	3.95	0	13
ptg009189l_1_region	23111	91338	3.95	0	13
ptg009192l_1	59521	75406	1.27	0	5
ptg009192l_1_region	59521	75406	1.27	0	5
ptg009194l_1	37085	39741	1.07	0	3
ptg009194l_1_region	37085	39741	1.07	0	3
ptg009198c_1	25107	67509	2.69	0	6
ptg009198c_1_region	25107	67509	2.69	0	6
ptg009199l_1	64445	96307	1.49	0	11
ptg009199l_1_region	64445	96307	1.49	0	11
ptg009203l_1	49778	52390	1.05	0	3
ptg009203l_1_region	49778	52390	1.05	0	3
ptg009205l_1	41975	61885	1.47	0	5
ptg009205l_1_region	41975	61885	1.47	0	5
ptg009206l_1	41766	27350	0.65	0	3
ptg009206l_1_region	41766	27350	0.65	0	3
ptg009207l_1	100381	304941	3.04	0	13
ptg009207l_1_region	100381	304941	3.04	0	13
ptg009208l_1	128402	298515	2.32	0	20
ptg009208l_1_region	128402	298515	2.32	0	20
ptg009209l_1	81205	157273	1.94	0	7
ptg009209l_1_region	81205	157273	1.94	0	7
ptg009210l_1	157324	430903	2.74	0	8
ptg009210l_1_region	157324	430903	2.74	0	8
ptg009222l_1	212732	622125	2.92	0	9
ptg009222l_1_region	212732	622125	2.92	0	9
ptg009226l_1	25218	15459	0.61	0	2
ptg009226l_1_region	25218	15459	0.61	0	2
ptg009227l_1	229470	3334467	14.53	0	109
ptg009227l_1_region	229470	3334467	14.53	0	109
ptg009230l_1	14883	7048	0.47	0	2
ptg009230l_1_region	14883	7048	0.47	0	2
ptg009234l_1	22446	62789	2.80	0	7
ptg009234l_1_region	22446	62789	2.80	0	7
ptg009239l_1	153117	562353	3.67	0	11
ptg009239l_1_region	153117	562353	3.67	0	11
ptg009240l_1	90911	183614	2.02	0	12
ptg009240l_1_region	90911	183614	2.02	0	12
ptg009242l_1	106316	362430	3.41	0	62
ptg009242l_1_region	106316	362430	3.41	0	62
ptg009245l_1	407100	1071227	2.63	0	10
ptg009245l_1_region	407100	1071227	2.63	0	10
ptg009248l_1	81578	119005	1.46	0	8
ptg009248l_1_region	81578	119005	1.46	0	8
ptg009250l_1	116899	418737	3.58	0	10
ptg009250l_1_region	116899	418737	3.58	0	10
ptg009251l_1	69654	124149	1.78	0	4
ptg009251l_1_region	69654	124149	1.78	0	4
ptg009253l_1	34449	68207	1.98	0	7
ptg009253l_1_region	34449	68207	1.98	0	7
ptg009255l_1	376248	1111618	2.95	0	12
ptg009255l_1_region	376248	1111618	2.95	0	12
ptg009257l_1	197888	528010	2.67	0	7
ptg009257l_1_region	197888	528010	2.67	0	7
ptg009258l_1	83114	176292	2.12	0	7
ptg009258l_1_region	83114	176292	2.12	0	7
ptg009261l_1	130206	481533	3.70	0	13
ptg009261l_1_region	130206	481533	3.70	0	13
ptg009262l_1	97506	326141	3.34	0	16
ptg009262l_1_region	97506	326141	3.34	0	16
ptg009263l_1	263612	573256	2.17	0	9
ptg009263l_1_region	263612	573256	2.17	0	9
ptg009271l_1	180621	320375	1.77	0	12
ptg009271l_1_region	180621	320375	1.77	0	12
ptg009276l_1	205205	268002	1.31	0	6
ptg009276l_1_region	205205	268002	1.31	0	6
ptg009279l_1	28848	68476	2.37	0	15
ptg009279l_1_region	28848	68476	2.37	0	15
ptg009281l_1	130297	153061	1.17	0	45
ptg009281l_1_region	130297	153061	1.17	0	45
ptg009284l_1	146764	1335480	9.10	0	35
ptg009284l_1_region	146764	1335480	9.10	0	35
ptg009285l_1	104596	3806422	36.39	0	273
ptg009285l_1_region	104596	3806422	36.39	0	273
ptg009291l_1	67434	126684	1.88	0	5
ptg009291l_1_region	67434	126684	1.88	0	5
ptg009293l_1	27598	96748	3.51	0	10
ptg009293l_1_region	27598	96748	3.51	0	10
ptg009296l_1	212854	373114	1.75	0	12
ptg009296l_1_region	212854	373114	1.75	0	12
ptg009299l_1	9263	15772	1.70	0	4
ptg009299l_1_region	9263	15772	1.70	0	4
ptg009300l_1	488189	1549377	3.17	0	14
ptg009300l_1_region	488189	1549377	3.17	0	14
ptg009303l_1	44775	61648	1.38	0	5
ptg009303l_1_region	44775	61648	1.38	0	5
ptg009305l_1	38494	21955	0.57	0	4
ptg009305l_1_region	38494	21955	0.57	0	4
ptg009308l_1	72968	88496	1.21	0	4
ptg009308l_1_region	72968	88496	1.21	0	4
ptg009310l_1	251578	500159	1.99	0	10
ptg009310l_1_region	251578	500159	1.99	0	10
ptg009313l_1	707736	1474322	2.08	0	11
ptg009313l_1_region	707736	1474322	2.08	0	11
ptg009322l_1	52102	70674	1.36	0	4
ptg009322l_1_region	52102	70674	1.36	0	4
ptg009326l_1	737710	2189996	2.97	0	19
ptg009326l_1_region	737710	2189996	2.97	0	19
ptg009328l_1	41896	60432	1.44	0	6
ptg009328l_1_region	41896	60432	1.44	0	6
ptg009331l_1	31659	19622	0.62	0	3
ptg009331l_1_region	31659	19622	0.62	0	3
ptg009333l_1	15360	10865	0.71	0	3
ptg009333l_1_region	15360	10865	0.71	0	3
ptg009341l_1	196887	710797	3.61	0	17
ptg009341l_1_region	196887	710797	3.61	0	17
ptg009342l_1	262241	955897	3.65	0	19
ptg009342l_1_region	262241	955897	3.65	0	19
ptg009343l_1	36397	88871	2.44	0	9
ptg009343l_1_region	36397	88871	2.44	0	9
ptg009346l_1	202869	674066	3.32	0	8
ptg009346l_1_region	202869	674066	3.32	0	8
ptg009348l_1	261559	602623	2.30	0	8
ptg009348l_1_region	261559	602623	2.30	0	8
ptg009352l_1	74570	435605	5.84	0	224
ptg009352l_1_region	74570	435605	5.84	0	224
ptg009355l_1	43703	67789	1.55	0	4
ptg009355l_1_region	43703	67789	1.55	0	4
ptg009359l_1	19222	20298	1.06	0	5
ptg009359l_1_region	19222	20298	1.06	0	5
ptg009361l_1	90350	83122	0.92	0	4
ptg009361l_1_region	90350	83122	0.92	0	4
ptg009364l_1	176806	613858	3.47	0	14
ptg009364l_1_region	176806	613858	3.47	0	14
ptg009365l_1	926314	3398753	3.67	0	33
ptg009365l_1_region	926314	3398753	3.67	0	33
ptg009367l_1	122633	138991	1.13	0	5
ptg009367l_1_region	122633	138991	1.13	0	5
ptg009369l_1	106508	202554	1.90	0	7
ptg009369l_1_region	106508	202554	1.90	0	7
ptg009371l_1	130292	404906	3.11	0	9
ptg009371l_1_region	130292	404906	3.11	0	9
ptg009374l_1	162648	206964	1.27	0	8
ptg009374l_1_region	162648	206964	1.27	0	8
ptg009375l_1	388864	3335037	8.58	0	43
ptg009375l_1_region	388864	3335037	8.58	0	43
ptg009376l_1	48151	402222	8.35	0	21
ptg009376l_1_region	48151	402222	8.35	0	21
ptg009379l_1	126022	400646	3.18	0	10
ptg009379l_1_region	126022	400646	3.18	0	10
ptg009380l_1	189690	668003	3.52	0	9
ptg009380l_1_region	189690	668003	3.52	0	9
ptg009394l_1	281540	34595	0.12	0	3
ptg009394l_1_region	281540	34595	0.12	0	3
ptg009398l_1	232313	452404	1.95	0	6
ptg009398l_1_region	232313	452404	1.95	0	6
ptg009406l_1	64441	81213	1.26	0	3
ptg009406l_1_region	64441	81213	1.26	0	3
ptg009407l_1	323501	1060612	3.28	0	12
ptg009407l_1_region	323501	1060612	3.28	0	12
ptg009410l_1	1048599	1978117	1.89	0	10
ptg009410l_1_region	1048599	1978117	1.89	0	10
ptg009412l_1	50593	54795	1.08	0	3
ptg009412l_1_region	50593	54795	1.08	0	3
ptg009413l_1	113297	333917	2.95	0	12
ptg009413l_1_region	113297	333917	2.95	0	12
ptg009414l_1	145339	1079869	7.43	0	26
ptg009414l_1_region	145339	1079869	7.43	0	26
ptg009416l_1	83736	878907	10.50	0	49
ptg009416l_1_region	83736	878907	10.50	0	49
ptg009421l_1	76556	149920	1.96	0	12
ptg009421l_1_region	76556	149920	1.96	0	12
ptg009422l_1	192659	492000	2.55	0	10
ptg009422l_1_region	192659	492000	2.55	0	10
ptg009423l_1	21522	64499	3.00	0	11
ptg009423l_1_region	21522	64499	3.00	0	11
ptg009424l_1	256291	574931	2.24	0	16
ptg009424l_1_region	256291	574931	2.24	0	16
ptg009425l_1	112716	569323	5.05	0	13
ptg009425l_1_region	112716	569323	5.05	0	13
ptg009431l_1	305841	889614	2.91	0	20
ptg009431l_1_region	305841	889614	2.91	0	20
ptg009433l_1	28410	110063	3.87	0	9
ptg009433l_1_region	28410	110063	3.87	0	9
ptg009435l_1	510298	1312836	2.57	0	13
ptg009435l_1_region	510298	1312836	2.57	0	13
ptg009436l_1	75032	147657	1.97	0	9
ptg009436l_1_region	75032	147657	1.97	0	9
ptg009437l_1	413677	649202	1.57	0	9
ptg009437l_1_region	413677	649202	1.57	0	9
ptg009438l_1	17863	108068	6.05	0	40
ptg009438l_1_region	17863	108068	6.05	0	40
ptg009439l_1	160483	9855268	61.41	0	431
ptg009439l_1_region	160483	9855268	61.41	0	431
ptg009443l_1	74594	258523	3.47	0	12
ptg009443l_1_region	74594	258523	3.47	0	12
ptg009444l_1	77719	226497	2.91	0	8
ptg009444l_1_region	77719	226497	2.91	0	8
ptg009448l_1	186375	419676	2.25	0	7
ptg009448l_1_region	186375	419676	2.25	0	7
ptg009453l_1	105590	203845	1.93	0	9
ptg009453l_1_region	105590	203845	1.93	0	9
ptg009454l_1	1092295	3114791	2.85	0	21
ptg009454l_1_region	1092295	3114791	2.85	0	21
ptg009460l_1	40323	73702	1.83	0	6
ptg009460l_1_region	40323	73702	1.83	0	6
ptg009461l_1	17108	19640	1.15	0	4
ptg009461l_1_region	17108	19640	1.15	0	4
ptg009462l_1	179755	386494	2.15	0	8
ptg009462l_1_region	179755	386494	2.15	0	8
ptg009463l_1	34597	42550	1.23	0	3
ptg009463l_1_region	34597	42550	1.23	0	3
ptg009464l_1	171234	435249	2.54	0	8
ptg009464l_1_region	171234	435249	2.54	0	8
ptg009472l_1	91957	217838	2.37	0	7
ptg009472l_1_region	91957	217838	2.37	0	7
ptg009475l_1	61958	90061	1.45	0	5
ptg009475l_1_region	61958	90061	1.45	0	5
ptg009476l_1	19923	2248	0.11	0	3
ptg009476l_1_region	19923	2248	0.11	0	3
ptg009481l_1	49469	106894	2.16	0	10
ptg009481l_1_region	49469	106894	2.16	0	10
ptg009482l_1	79212	266059	3.36	0	9
ptg009482l_1_region	79212	266059	3.36	0	9
ptg009483l_1	203831	819202	4.02	0	29
ptg009483l_1_region	203831	819202	4.02	0	29
ptg009484l_1	85834	247924	2.89	0	21
ptg009484l_1_region	85834	247924	2.89	0	21
ptg009485l_1	59482	84633	1.42	0	3
ptg009485l_1_region	59482	84633	1.42	0	3
ptg009491l_1	20402	33471	1.64	0	4
ptg009491l_1_region	20402	33471	1.64	0	4
ptg009493l_1	203040	454208	2.24	0	20
ptg009493l_1_region	203040	454208	2.24	0	20
ptg009494l_1	155732	348614	2.24	0	6
ptg009494l_1_region	155732	348614	2.24	0	6
ptg009497l_1	93366	310054	3.32	0	9
ptg009497l_1_region	93366	310054	3.32	0	9
ptg009498l_1	213234	503953	2.36	0	9
ptg009498l_1_region	213234	503953	2.36	0	9
ptg009505l_1	580862	2618225	4.51	0	31
ptg009505l_1_region	580862	2618225	4.51	0	31
ptg009506l_1	875717	2538840	2.90	0	15
ptg009506l_1_region	875717	2538840	2.90	0	15
ptg009509l_1	83894	140874	1.68	0	5
ptg009509l_1_region	83894	140874	1.68	0	5
ptg009510l_1	369355	947127	2.56	0	14
ptg009510l_1_region	369355	947127	2.56	0	14
ptg009511l_1	258077	1026097	3.98	0	23
ptg009511l_1_region	258077	1026097	3.98	0	23
ptg009512l_1	303620	416946	1.37	0	13
ptg009512l_1_region	303620	416946	1.37	0	13
ptg009513l_1	2424299	5594741	2.31	0	25
ptg009513l_1_region	2424299	5594741	2.31	0	25
ptg009515l_1	87665	346876	3.96	0	10
ptg009515l_1_region	87665	346876	3.96	0	10
ptg009521l_1	273526	710855	2.60	0	8
ptg009521l_1_region	273526	710855	2.60	0	8
ptg009524l_1	231693	2040136	8.81	0	31
ptg009524l_1_region	231693	2040136	8.81	0	31
ptg009526l_1	161251	442558	2.74	0	8
ptg009526l_1_region	161251	442558	2.74	0	8
ptg009527l_1	308312	901917	2.93	0	53
ptg009527l_1_region	308312	901917	2.93	0	53
ptg009530l_1	59208	73758	1.25	0	7
ptg009530l_1_region	59208	73758	1.25	0	7
ptg009531l_1	44984	111214	2.47	0	6
ptg009531l_1_region	44984	111214	2.47	0	6
ptg009533l_1	24641	23778	0.96	0	3
ptg009533l_1_region	24641	23778	0.96	0	3
ptg009534l_1	79712	166158	2.08	0	8
ptg009534l_1_region	79712	166158	2.08	0	8
ptg009535l_1	48832	129679	2.66	0	11
ptg009535l_1_region	48832	129679	2.66	0	11
ptg009536l_1	127941	266877	2.09	0	44
ptg009536l_1_region	127941	266877	2.09	0	44
ptg009537l_1	249693	376522	1.51	0	12
ptg009537l_1_region	249693	376522	1.51	0	12
ptg009539l_1	85461	603619	7.06	0	13
ptg009539l_1_region	85461	603619	7.06	0	13
ptg009540l_1	100602	129285	1.29	0	6
ptg009540l_1_region	100602	129285	1.29	0	6
ptg009541l_1	46650	98549	2.11	0	6
ptg009541l_1_region	46650	98549	2.11	0	6
ptg009542l_1	53152	152624	2.87	0	15
ptg009542l_1_region	53152	152624	2.87	0	15
ptg009543l_1	177784	278378	1.57	0	5
ptg009543l_1_region	177784	278378	1.57	0	5
ptg009544l_1	102665	272653	2.66	0	9
ptg009544l_1_region	102665	272653	2.66	0	9
ptg009545l_1	42556	31325	0.74	0	3
ptg009545l_1_region	42556	31325	0.74	0	3
ptg009546l_1	116260	255409	2.20	0	9
ptg009546l_1_region	116260	255409	2.20	0	9
ptg009547l_1	138247	287644	2.08	0	10
ptg009547l_1_region	138247	287644	2.08	0	10
ptg009548l_1	22027	39450	1.79	0	4
ptg009548l_1_region	22027	39450	1.79	0	4
ptg009551l_1	52089	141922	2.72	0	6
ptg009551l_1_region	52089	141922	2.72	0	6
ptg009552l_1	20480	25664	1.25	0	8
ptg009552l_1_region	20480	25664	1.25	0	8
ptg009553l_1	100640	436480	4.34	0	10
ptg009553l_1_region	100640	436480	4.34	0	10
ptg009558l_1	271334	534264	1.97	0	6
ptg009558l_1_region	271334	534264	1.97	0	6
ptg009559l_1	110317	328545	2.98	0	8
ptg009559l_1_region	110317	328545	2.98	0	8
ptg009563l_1	114814	250262	2.18	0	6
ptg009563l_1_region	114814	250262	2.18	0	6
ptg009571l_1	300473	8391819	27.93	0	117
ptg009571l_1_region	300473	8391819	27.93	0	117
ptg009574l_1	236709	696387	2.94	0	30
ptg009574l_1_region	236709	696387	2.94	0	30
ptg009575l_1	53294	81360	1.53	0	8
ptg009575l_1_region	53294	81360	1.53	0	8
ptg009576l_1	301819	690835	2.29	0	9
ptg009576l_1_region	301819	690835	2.29	0	9
ptg009577l_1	56342	83902	1.49	0	5
ptg009577l_1_region	56342	83902	1.49	0	5
ptg009582l_1	28663	55679	1.94	0	5
ptg009582l_1_region	28663	55679	1.94	0	5
ptg009588l_1	68279	97595	1.43	0	6
ptg009588l_1_region	68279	97595	1.43	0	6
ptg009592l_1	112632	317291	2.82	0	18
ptg009592l_1_region	112632	317291	2.82	0	18
ptg009593l_1	225472	541774	2.40	0	8
ptg009593l_1_region	225472	541774	2.40	0	8
ptg009598l_1	66062	124151	1.88	0	6
ptg009598l_1_region	66062	124151	1.88	0	6
ptg009602l_1	102028	112196	1.10	0	5
ptg009602l_1_region	102028	112196	1.10	0	5
ptg009603l_1	89814	231313	2.58	0	8
ptg009603l_1_region	89814	231313	2.58	0	8
ptg009605l_1	82989	123000	1.48	0	5
ptg009605l_1_region	82989	123000	1.48	0	5
ptg009606l_1	63999	126574	1.98	0	14
ptg009606l_1_region	63999	126574	1.98	0	14
ptg009609l_1	49370	58503	1.18	0	6
ptg009609l_1_region	49370	58503	1.18	0	6
ptg009610l_1	229700	338625	1.47	0	15
ptg009610l_1_region	229700	338625	1.47	0	15
ptg009617l_1	11333	4636	0.41	0	1
ptg009617l_1_region	11333	4636	0.41	0	1
ptg009618l_1	143754	540776	3.76	0	35
ptg009618l_1_region	143754	540776	3.76	0	35
ptg009622l_1	255802	1256107	4.91	0	32
ptg009622l_1_region	255802	1256107	4.91	0	32
ptg009624l_1	11654	27740	2.38	0	8
ptg009624l_1_region	11654	27740	2.38	0	8
ptg009627l_1	83572	174372	2.09	0	6
ptg009627l_1_region	83572	174372	2.09	0	6
ptg009630l_1	82720	257446	3.11	0	9
ptg009630l_1_region	82720	257446	3.11	0	9
ptg009631l_1	302530	981750	3.25	0	62
ptg009631l_1_region	302530	981750	3.25	0	62
ptg009635l_1	11442	28249	2.47	1	5
ptg009635l_1_region	11442	28249	2.47	1	5
ptg009636l_1	19501	14953	0.77	0	3
ptg009636l_1_region	19501	14953	0.77	0	3
ptg009638l_1	289453	784609	2.71	0	10
ptg009638l_1_region	289453	784609	2.71	0	10
ptg009639l_1	241875	471507	1.95	0	9
ptg009639l_1_region	241875	471507	1.95	0	9
ptg009640l_1	61762	141200	2.29	0	7
ptg009640l_1_region	61762	141200	2.29	0	7
ptg009642l_1	51652	110198	2.13	0	6
ptg009642l_1_region	51652	110198	2.13	0	6
ptg009649l_1	307614	686834	2.23	0	17
ptg009649l_1_region	307614	686834	2.23	0	17
ptg009654l_1	252442	1037100	4.11	0	15
ptg009654l_1_region	252442	1037100	4.11	0	15
ptg009659l_1	61820	201901	3.27	0	20
ptg009659l_1_region	61820	201901	3.27	0	20
ptg009668l_1	155371	183899	1.18	0	13
ptg009668l_1_region	155371	183899	1.18	0	13
ptg009672l_1	33215	88529	2.67	0	9
ptg009672l_1_region	33215	88529	2.67	0	9
ptg009681l_1	45367	85381	1.88	0	3
ptg009681l_1_region	45367	85381	1.88	0	3
ptg009684l_1	323758	4382397	13.54	0	262
ptg009684l_1_region	323758	4382397	13.54	0	262
ptg009685l_1	40271	45516	1.13	0	5
ptg009685l_1_region	40271	45516	1.13	0	5
ptg009687l_1	64667	64876	1.00	0	12
ptg009687l_1_region	64667	64876	1.00	0	12
ptg009693l_1	140321	355945	2.54	0	10
ptg009693l_1_region	140321	355945	2.54	0	10
ptg009694l_1	198018	420104	2.12	0	7
ptg009694l_1_region	198018	420104	2.12	0	7
ptg009695l_1	20398	36799	1.80	0	6
ptg009695l_1_region	20398	36799	1.80	0	6
ptg009697l_1	25090	19159	0.76	0	2
ptg009697l_1_region	25090	19159	0.76	0	2
ptg009698l_1	108240	196861	1.82	0	16
ptg009698l_1_region	108240	196861	1.82	0	16
ptg009701l_1	20243	8979	0.44	0	1
ptg009701l_1_region	20243	8979	0.44	0	1
ptg009702l_1	142373	409501	2.88	0	9
ptg009702l_1_region	142373	409501	2.88	0	9
ptg009704l_1	93014	547005	5.88	0	34
ptg009704l_1_region	93014	547005	5.88	0	34
ptg009707l_1	62459	211146	3.38	0	7
ptg009707l_1_region	62459	211146	3.38	0	7
ptg009709l_1	326973	1025488	3.14	0	13
ptg009709l_1_region	326973	1025488	3.14	0	13
ptg009713l_1	18504	71429	3.86	0	8
ptg009713l_1_region	18504	71429	3.86	0	8
ptg009714l_1	79714	111470	1.40	0	7
ptg009714l_1_region	79714	111470	1.40	0	7
ptg009715l_1	175791	375018	2.13	0	31
ptg009715l_1_region	175791	375018	2.13	0	31
ptg009718l_1	59726	123838	2.07	0	9
ptg009718l_1_region	59726	123838	2.07	0	9
ptg009720l_1	162463	10344194	63.67	0	1245
ptg009720l_1_region	162463	10344194	63.67	0	1245
ptg009724l_1	230549	1048118	4.55	0	24
ptg009724l_1_region	230549	1048118	4.55	0	24
ptg009726l_1	226585	522959	2.31	0	17
ptg009726l_1_region	226585	522959	2.31	0	17
ptg009727l_1	60326	154626	2.56	0	17
ptg009727l_1_region	60326	154626	2.56	0	17
ptg009737l_1	168741	342680	2.03	0	11
ptg009737l_1_region	168741	342680	2.03	0	11
ptg009740l_1	381092	1250204	3.28	0	12
ptg009740l_1_region	381092	1250204	3.28	0	12
ptg009741l_1	390616	36563	0.09	0	5
ptg009741l_1_region	390616	36563	0.09	0	5
ptg009743l_1	87468	129667	1.48	0	6
ptg009743l_1_region	87468	129667	1.48	0	6
ptg009746l_1	72792	189051	2.60	0	9
ptg009746l_1_region	72792	189051	2.60	0	9
ptg009747l_1	114291	680869	5.96	0	60
ptg009747l_1_region	114291	680869	5.96	0	60
ptg009751l_1	30386	50657	1.67	0	3
ptg009751l_1_region	30386	50657	1.67	0	3
ptg009753l_1	184476	594404	3.22	0	9
ptg009753l_1_region	184476	594404	3.22	0	9
ptg009754l_1	72882	148685	2.04	0	10
ptg009754l_1_region	72882	148685	2.04	0	10
ptg009756l_1	20767	10371	0.50	0	4
ptg009756l_1_region	20767	10371	0.50	0	4
ptg009757l_1	54011	202708	3.75	0	10
ptg009757l_1_region	54011	202708	3.75	0	10
ptg009758l_1	63250	88398	1.40	0	7
ptg009758l_1_region	63250	88398	1.40	0	7
ptg009769l_1	31409	34948	1.11	0	4
ptg009769l_1_region	31409	34948	1.11	0	4
ptg009770l_1	123386	489989	3.97	0	11
ptg009770l_1_region	123386	489989	3.97	0	11
ptg009778l_1	248998	551837	2.22	0	15
ptg009778l_1_region	248998	551837	2.22	0	15
ptg009784l_1	49737	112362	2.26	0	8
ptg009784l_1_region	49737	112362	2.26	0	8
ptg009785l_1	230419	763128	3.31	0	25
ptg009785l_1_region	230419	763128	3.31	0	25
ptg009790l_1	28774	48094	1.67	0	7
ptg009790l_1_region	28774	48094	1.67	0	7
ptg009792l_1	183740	321592	1.75	0	63
ptg009792l_1_region	183740	321592	1.75	0	63
ptg009793l_1	61873	165541	2.68	0	15
ptg009793l_1_region	61873	165541	2.68	0	15
ptg009796l_1	45747	73322	1.60	0	9
ptg009796l_1_region	45747	73322	1.60	0	9
ptg009798l_1	179509	363083	2.02	0	7
ptg009798l_1_region	179509	363083	2.02	0	7
ptg009801l_1	60651	66215	1.09	0	7
ptg009801l_1_region	60651	66215	1.09	0	7
ptg009802l_1	258707	876031	3.39	0	9
ptg009802l_1_region	258707	876031	3.39	0	9
ptg009813l_1	182090	405093	2.22	0	7
ptg009813l_1_region	182090	405093	2.22	0	7
ptg009814l_1	275300	699904	2.54	0	9
ptg009814l_1_region	275300	699904	2.54	0	9
ptg009816l_1	185621	502156	2.71	0	10
ptg009816l_1_region	185621	502156	2.71	0	10
ptg009819l_1	127024	281533	2.22	0	9
ptg009819l_1_region	127024	281533	2.22	0	9
ptg009820l_1	588076	1849174	3.14	0	22
ptg009820l_1_region	588076	1849174	3.14	0	22
ptg009825l_1	14943	31511	2.11	0	4
ptg009825l_1_region	14943	31511	2.11	0	4
ptg009826l_1	21911	27197	1.24	0	3
ptg009826l_1_region	21911	27197	1.24	0	3
ptg009829l_1	227779	361531	1.59	0	6
ptg009829l_1_region	227779	361531	1.59	0	6
ptg009830l_1	412552	1453073	3.52	0	13
ptg009830l_1_region	412552	1453073	3.52	0	13
ptg009831l_1	16000	70712	4.42	0	19
ptg009831l_1_region	16000	70712	4.42	0	19
ptg009840l_1	158910	322150	2.03	0	17
ptg009840l_1_region	158910	322150	2.03	0	17
ptg009843l_1	142517	268178	1.88	0	7
ptg009843l_1_region	142517	268178	1.88	0	7
ptg009844l_1	261763	727332	2.78	0	16
ptg009844l_1_region	261763	727332	2.78	0	16
ptg009847l_1	143409	340731	2.38	0	8
ptg009847l_1_region	143409	340731	2.38	0	8
ptg009848l_1	66667	391665	5.87	0	110
ptg009848l_1_region	66667	391665	5.87	0	110
ptg009853l_1	249179	509972	2.05	0	9
ptg009853l_1_region	249179	509972	2.05	0	9
ptg009854l_1	123254	256688	2.08	0	6
ptg009854l_1_region	123254	256688	2.08	0	6
ptg009856l_1	26117	57106	2.19	0	6
ptg009856l_1_region	26117	57106	2.19	0	6
ptg009858l_1	158678	478181	3.01	0	9
ptg009858l_1_region	158678	478181	3.01	0	9
ptg009859l_1	134107	609866	4.55	0	13
ptg009859l_1_region	134107	609866	4.55	0	13
ptg009861l_1	131045	178805	1.36	0	4
ptg009861l_1_region	131045	178805	1.36	0	4
ptg009863l_1	130942	274782	2.10	0	6
ptg009863l_1_region	130942	274782	2.10	0	6
ptg009867l_1	50728	85020	1.68	0	4
ptg009867l_1_region	50728	85020	1.68	0	4
ptg009868l_1	34789	109468	3.15	0	6
ptg009868l_1_region	34789	109468	3.15	0	6
ptg009869l_1	165139	332633	2.01	0	8
ptg009869l_1_region	165139	332633	2.01	0	8
ptg009870l_1	114703	248027	2.16	0	7
ptg009870l_1_region	114703	248027	2.16	0	7
ptg009871l_1	221186	422562	1.91	0	24
ptg009871l_1_region	221186	422562	1.91	0	24
ptg009872l_1	35443	46993	1.33	0	4
ptg009872l_1_region	35443	46993	1.33	0	4
ptg009873l_1	37550	124525	3.32	0	7
ptg009873l_1_region	37550	124525	3.32	0	7
ptg009874l_1	95095	134985	1.42	0	7
ptg009874l_1_region	95095	134985	1.42	0	7
ptg009875l_1	63827	152800	2.39	0	13
ptg009875l_1_region	63827	152800	2.39	0	13
ptg009878l_1	128083	169379	1.32	0	6
ptg009878l_1_region	128083	169379	1.32	0	6
ptg009879l_1	178844	551902	3.09	0	9
ptg009879l_1_region	178844	551902	3.09	0	9
ptg009880l_1	64711	152616	2.36	0	7
ptg009880l_1_region	64711	152616	2.36	0	7
ptg009881l_1	50977	71051	1.39	0	5
ptg009881l_1_region	50977	71051	1.39	0	5
ptg009884l_1	33314	197577	5.93	0	11
ptg009884l_1_region	33314	197577	5.93	0	11
ptg009886l_1	12033	11227	0.93	0	2
ptg009886l_1_region	12033	11227	0.93	0	2
ptg009890l_1	57841	121911	2.11	0	5
ptg009890l_1_region	57841	121911	2.11	0	5
ptg009901l_1	125872	276152	2.19	0	9
ptg009901l_1_region	125872	276152	2.19	0	9
ptg009902l_1	88898	251870	2.83	0	10
ptg009902l_1_region	88898	251870	2.83	0	10
ptg009903l_1	78902	159077	2.02	0	10
ptg009903l_1_region	78902	159077	2.02	0	10
ptg009904l_1	56593	110416	1.95	0	5
ptg009904l_1_region	56593	110416	1.95	0	5
ptg009908l_1	33148	52209	1.58	0	5
ptg009908l_1_region	33148	52209	1.58	0	5
ptg009909l_1	77713	250135	3.22	0	9
ptg009909l_1_region	77713	250135	3.22	0	9
ptg009913l_1	68822	136594	1.98	0	6
ptg009913l_1_region	68822	136594	1.98	0	6
ptg009914l_1	104946	199548	1.90	0	12
ptg009914l_1_region	104946	199548	1.90	0	12
ptg009919l_1	250294	500717	2.00	0	7
ptg009919l_1_region	250294	500717	2.00	0	7
ptg009927l_1	421664	1267862	3.01	0	10
ptg009927l_1_region	421664	1267862	3.01	0	10
ptg009929l_1	98031	185525	1.89	0	13
ptg009929l_1_region	98031	185525	1.89	0	13
ptg009932l_1	26500	42445	1.60	0	5
ptg009932l_1_region	26500	42445	1.60	0	5
ptg009935l_1	175859	416353	2.37	0	6
ptg009935l_1_region	175859	416353	2.37	0	6
ptg009936l_1	37438	38643	1.03	0	5
ptg009936l_1_region	37438	38643	1.03	0	5
ptg009940l_1	146956	265181	1.80	0	9
ptg009940l_1_region	146956	265181	1.80	0	9
ptg009943l_1	50611	102093	2.02	0	6
ptg009943l_1_region	50611	102093	2.02	0	6
ptg009946l_1	145349	495584	3.41	0	10
ptg009946l_1_region	145349	495584	3.41	0	10
ptg009948l_1	109943	241503	2.20	0	8
ptg009948l_1_region	109943	241503	2.20	0	8
ptg009949l_1	405522	1603132	3.95	0	13
ptg009949l_1_region	405522	1603132	3.95	0	13
ptg009950l_1	12667	5075	0.40	0	1
ptg009950l_1_region	12667	5075	0.40	0	1
ptg009955l_1	55315	166153	3.00	0	8
ptg009955l_1_region	55315	166153	3.00	0	8
ptg009956l_1	51854	84030	1.62	0	6
ptg009956l_1_region	51854	84030	1.62	0	6
ptg009969l_1	213789	237804	1.11	0	10
ptg009969l_1_region	213789	237804	1.11	0	10
ptg009970l_1	285603	695713	2.44	0	9
ptg009970l_1_region	285603	695713	2.44	0	9
ptg009971l_1	69150	170150	2.46	0	8
ptg009971l_1_region	69150	170150	2.46	0	8
ptg009973l_1	58894	34752	0.59	0	3
ptg009973l_1_region	58894	34752	0.59	0	3
ptg009975l_1	47091	282072	5.99	0	13
ptg009975l_1_region	47091	282072	5.99	0	13
ptg009976l_1	82156	23368	0.28	0	1
ptg009976l_1_region	82156	23368	0.28	0	1
ptg009977l_1	52364	114172	2.18	0	8
ptg009977l_1_region	52364	114172	2.18	0	8
ptg009981l_1	11187	11995	1.07	0	2
ptg009981l_1_region	11187	11995	1.07	0	2
ptg009983l_1	50349	142080	2.82	0	16
ptg009983l_1_region	50349	142080	2.82	0	16
ptg009986l_1	95539	508820	5.33	0	15
ptg009986l_1_region	95539	508820	5.33	0	15
ptg009987l_1	94253	146555	1.55	0	7
ptg009987l_1_region	94253	146555	1.55	0	7
ptg009989l_1	995693	3525655	3.54	0	12
ptg009989l_1_region	995693	3525655	3.54	0	12
ptg009993l_1	18000	40125	2.23	0	4
ptg009993l_1_region	18000	40125	2.23	0	4
ptg010000l_1	291700	932452	3.20	0	11
ptg010000l_1_region	291700	932452	3.20	0	11
ptg010006l_1	16556	10503	0.63	0	2
ptg010006l_1_region	16556	10503	0.63	0	2
ptg010008l_1	138081	256503	1.86	0	8
ptg010008l_1_region	138081	256503	1.86	0	8
ptg010010l_1	16910	14492	0.86	0	3
ptg010010l_1_region	16910	14492	0.86	0	3
ptg010012l_1	119905	156563	1.31	0	30
ptg010012l_1_region	119905	156563	1.31	0	30
ptg010014l_1	113413	294064	2.59	0	8
ptg010014l_1_region	113413	294064	2.59	0	8
ptg010015l_1	29788	61423	2.06	0	5
ptg010015l_1_region	29788	61423	2.06	0	5
ptg010016l_1	100269	472175	4.71	0	25
ptg010016l_1_region	100269	472175	4.71	0	25
ptg010018l_1	72995	267966	3.67	0	14
ptg010018l_1_region	72995	267966	3.67	0	14
ptg010021l_1	234819	469435	2.00	0	10
ptg010021l_1_region	234819	469435	2.00	0	10
ptg010022l_1	28767	32838	1.14	0	2
ptg010022l_1_region	28767	32838	1.14	0	2
ptg010025l_1	34421	53115	1.54	0	9
ptg010025l_1_region	34421	53115	1.54	0	9
ptg010026l_1	12942	10232	0.79	0	2
ptg010026l_1_region	12942	10232	0.79	0	2
ptg010027l_1	243340	799493	3.29	0	9
ptg010027l_1_region	243340	799493	3.29	0	9
ptg010028l_1	27997	45217	1.62	0	3
ptg010028l_1_region	27997	45217	1.62	0	3
ptg010033l_1	228742	548567	2.40	0	8
ptg010033l_1_region	228742	548567	2.40	0	8
ptg010034l_1	347539	613058	1.76	0	14
ptg010034l_1_region	347539	613058	1.76	0	14
ptg010036l_1	135824	302270	2.23	0	8
ptg010036l_1_region	135824	302270	2.23	0	8
ptg010037l_1	538184	1230513	2.29	0	11
ptg010037l_1_region	538184	1230513	2.29	0	11
ptg010038l_1	21639	78851	3.64	0	13
ptg010038l_1_region	21639	78851	3.64	0	13
ptg010039l_1	107747	488125	4.53	0	37
ptg010039l_1_region	107747	488125	4.53	0	37
ptg010044l_1	88340	282286	3.20	0	11
ptg010044l_1_region	88340	282286	3.20	0	11
ptg010046l_1	48602	216481	4.45	0	14
ptg010046l_1_region	48602	216481	4.45	0	14
ptg010047l_1	81790	171808	2.10	0	10
ptg010047l_1_region	81790	171808	2.10	0	10
ptg010048l_1	163925	1403220	8.56	0	98
ptg010048l_1_region	163925	1403220	8.56	0	98
ptg010054l_1	145308	207800	1.43	0	6
ptg010054l_1_region	145308	207800	1.43	0	6
ptg010055l_1	34596	116050	3.35	0	9
ptg010055l_1_region	34596	116050	3.35	0	9
ptg010058l_1	16452	37078	2.25	0	4
ptg010058l_1_region	16452	37078	2.25	0	4
ptg010059l_1	35112	47978	1.37	0	14
ptg010059l_1_region	35112	47978	1.37	0	14
ptg010061l_1	37646	25333	0.67	0	6
ptg010061l_1_region	37646	25333	0.67	0	6
ptg010063l_1	106736	199415	1.87	0	39
ptg010063l_1_region	106736	199415	1.87	0	39
ptg010064l_1	13233	25993	1.96	0	5
ptg010064l_1_region	13233	25993	1.96	0	5
ptg010071l_1	20129	20666	1.03	0	2
ptg010071l_1_region	20129	20666	1.03	0	2
ptg010072l_1	119357	176879	1.48	0	7
ptg010072l_1_region	119357	176879	1.48	0	7
ptg010076l_1	103573	208194	2.01	0	9
ptg010076l_1_region	103573	208194	2.01	0	9
ptg010077l_1	631931	3063921	4.85	0	22
ptg010077l_1_region	631931	3063921	4.85	0	22
ptg010081l_1	31339	19927	0.64	0	2
ptg010081l_1_region	31339	19927	0.64	0	2
ptg010088l_1	392444	797243	2.03	0	18
ptg010088l_1_region	392444	797243	2.03	0	18
ptg010091l_1	94446	213138	2.26	0	33
ptg010091l_1_region	94446	213138	2.26	0	33
ptg010096l_1	42032	12706	0.30	0	2
ptg010096l_1_region	42032	12706	0.30	0	2
ptg010099l_1	259158	678528	2.62	0	18
ptg010099l_1_region	259158	678528	2.62	0	18
ptg010102l_1	128540	286284	2.23	0	15
ptg010102l_1_region	128540	286284	2.23	0	15
ptg010107l_1	315525	1257266	3.98	0	17
ptg010107l_1_region	315525	1257266	3.98	0	17
ptg010108l_1	57441	100910	1.76	0	5
ptg010108l_1_region	57441	100910	1.76	0	5
ptg010110l_1	214674	473376	2.21	0	8
ptg010110l_1_region	214674	473376	2.21	0	8
ptg010111l_1	52806	41340	0.78	0	4
ptg010111l_1_region	52806	41340	0.78	0	4
ptg010113l_1	294221	454433	1.54	0	6
ptg010113l_1_region	294221	454433	1.54	0	6
ptg010117l_1	74651	234591	3.14	0	8
ptg010117l_1_region	74651	234591	3.14	0	8
ptg010120l_1	38434	100776	2.62	0	9
ptg010120l_1_region	38434	100776	2.62	0	9
ptg010122l_1	29254	57372	1.96	0	8
ptg010122l_1_region	29254	57372	1.96	0	8
ptg010123l_1	234277	516054	2.20	0	17
ptg010123l_1_region	234277	516054	2.20	0	17
ptg010124l_1	27944	47478	1.70	0	4
ptg010124l_1_region	27944	47478	1.70	0	4
ptg010135l_1	78217	134413	1.72	0	9
ptg010135l_1_region	78217	134413	1.72	0	9
ptg010138l_1	84241	156229	1.85	0	6
ptg010138l_1_region	84241	156229	1.85	0	6
ptg010144l_1	185131	296713	1.60	0	11
ptg010144l_1_region	185131	296713	1.60	0	11
ptg010148l_1	27696	44759	1.62	0	4
ptg010148l_1_region	27696	44759	1.62	0	4
ptg010152l_1	25780	117214	4.55	0	12
ptg010152l_1_region	25780	117214	4.55	0	12
ptg010154l_1	84623	160662	1.90	0	10
ptg010154l_1_region	84623	160662	1.90	0	10
ptg010155l_1	565073	1110871	1.97	0	19
ptg010155l_1_region	565073	1110871	1.97	0	19
ptg010157l_1	36138	60920	1.69	0	8
ptg010157l_1_region	36138	60920	1.69	0	8
ptg010158l_1	238013	739164	3.11	0	15
ptg010158l_1_region	238013	739164	3.11	0	15
ptg010164l_1	84875	117524	1.38	0	7
ptg010164l_1_region	84875	117524	1.38	0	7
ptg010167l_1	321483	6501923	20.22	0	146
ptg010167l_1_region	321483	6501923	20.22	0	146
ptg010172l_1	139761	212852	1.52	0	6
ptg010172l_1_region	139761	212852	1.52	0	6
ptg010175l_1	60550	209827	3.47	0	9
ptg010175l_1_region	60550	209827	3.47	0	9
ptg010189l_1	9024	14339	1.59	0	2
ptg010189l_1_region	9024	14339	1.59	0	2
ptg010191l_1	1209973	373873	0.31	0	3
ptg010191l_1_region	1209973	373873	0.31	0	3
ptg010192l_1	132455	523717	3.95	0	16
ptg010192l_1_region	132455	523717	3.95	0	16
ptg010194l_1	95683	469899	4.91	0	14
ptg010194l_1_region	95683	469899	4.91	0	14
ptg010195l_1	334967	737152	2.20	0	9
ptg010195l_1_region	334967	737152	2.20	0	9
ptg010196l_1	185130	167312	0.90	0	6
ptg010196l_1_region	185130	167312	0.90	0	6
ptg010199l_1	125308	302677	2.42	0	8
ptg010199l_1_region	125308	302677	2.42	0	8
ptg010200l_1	235392	754944	3.21	0	25
ptg010200l_1_region	235392	754944	3.21	0	25
ptg010201l_1	127848	213071	1.67	0	7
ptg010201l_1_region	127848	213071	1.67	0	7
ptg010214l_1	90997	133946	1.47	0	4
ptg010214l_1_region	90997	133946	1.47	0	4
ptg010216l_1	101975	273738	2.68	0	10
ptg010216l_1_region	101975	273738	2.68	0	10
ptg010217l_1	56986	79077	1.39	0	5
ptg010217l_1_region	56986	79077	1.39	0	5
ptg010218l_1	97347	223496	2.30	0	9
ptg010218l_1_region	97347	223496	2.30	0	9
ptg010223l_1	84042	158494	1.89	0	5
ptg010223l_1_region	84042	158494	1.89	0	5
ptg010227l_1	33497	49457	1.48	0	5
ptg010227l_1_region	33497	49457	1.48	0	5
ptg010230l_1	71513	109337	1.53	0	5
ptg010230l_1_region	71513	109337	1.53	0	5
ptg010239l_1	115203	137534	1.19	0	7
ptg010239l_1_region	115203	137534	1.19	0	7
ptg010241l_1	23249	8605	0.37	0	1
ptg010241l_1_region	23249	8605	0.37	0	1
ptg010243l_1	295613	1109510	3.75	0	16
ptg010243l_1_region	295613	1109510	3.75	0	16
ptg010245l_1	538354	1697814	3.15	0	13
ptg010245l_1_region	538354	1697814	3.15	0	13
ptg010248l_1	378581	993799	2.63	0	9
ptg010248l_1_region	378581	993799	2.63	0	9
ptg010249l_1	82515	203229	2.46	0	8
ptg010249l_1_region	82515	203229	2.46	0	8
ptg010250l_1	49428	116854	2.36	0	7
ptg010250l_1_region	49428	116854	2.36	0	7
ptg010251l_1	167981	328889	1.96	0	9
ptg010251l_1_region	167981	328889	1.96	0	9
ptg010252l_1	73322	192849	2.63	0	8
ptg010252l_1_region	73322	192849	2.63	0	8
ptg010253l_1	118381	230264	1.95	0	12
ptg010253l_1_region	118381	230264	1.95	0	12
ptg010254l_1	16237	33818	2.08	0	5
ptg010254l_1_region	16237	33818	2.08	0	5
ptg010255l_1	44924	70124	1.56	0	32
ptg010255l_1_region	44924	70124	1.56	0	32
ptg010260l_1	105276	216573	2.06	0	9
ptg010260l_1_region	105276	216573	2.06	0	9
ptg010265l_1	22103	126606	5.73	0	16
ptg010265l_1_region	22103	126606	5.73	0	16
ptg010266l_1	184750	430427	2.33	0	11
ptg010266l_1_region	184750	430427	2.33	0	11
ptg010267l_1	58170	197481	3.39	0	10
ptg010267l_1_region	58170	197481	3.39	0	10
ptg010269l_1	160890	539891	3.36	0	16
ptg010269l_1_region	160890	539891	3.36	0	16
ptg010272l_1	35316	38995	1.10	0	9
ptg010272l_1_region	35316	38995	1.10	0	9
ptg010274l_1	97152	130854	1.35	0	11
ptg010274l_1_region	97152	130854	1.35	0	11
ptg010275l_1	84322	181035	2.15	0	21
ptg010275l_1_region	84322	181035	2.15	0	21
ptg010276l_1	41392	49207	1.19	0	6
ptg010276l_1_region	41392	49207	1.19	0	6
ptg010278l_1	72962	211358	2.90	0	9
ptg010278l_1_region	72962	211358	2.90	0	9
ptg010283l_1	70040	281988	4.03	0	15
ptg010283l_1_region	70040	281988	4.03	0	15
ptg010285l_1	161241	873281	5.42	0	15
ptg010285l_1_region	161241	873281	5.42	0	15
ptg010287l_1	118798	230426	1.94	0	7
ptg010287l_1_region	118798	230426	1.94	0	7
ptg010289l_1	123634	405138	3.28	0	23
ptg010289l_1_region	123634	405138	3.28	0	23
ptg010292l_1	39980	27074	0.68	0	2
ptg010292l_1_region	39980	27074	0.68	0	2
ptg010295l_1	100608	295578	2.94	0	9
ptg010295l_1_region	100608	295578	2.94	0	9
ptg010297l_1	229922	553146	2.41	0	8
ptg010297l_1_region	229922	553146	2.41	0	8
ptg010302l_1	27618	55522	2.01	0	4
ptg010302l_1_region	27618	55522	2.01	0	4
ptg010305l_1	16443	60790	3.70	0	8
ptg010305l_1_region	16443	60790	3.70	0	8
ptg010309l_1	47220	116747	2.47	0	8
ptg010309l_1_region	47220	116747	2.47	0	8
ptg010310l_1	222966	390560	1.75	0	22
ptg010310l_1_region	222966	390560	1.75	0	22
ptg010313l_1	345796	1146396	3.32	0	9
ptg010313l_1_region	345796	1146396	3.32	0	9
ptg010315l_1	16116	53928	3.35	0	6
ptg010315l_1_region	16116	53928	3.35	0	6
ptg010321l_1	79418	182034	2.29	0	10
ptg010321l_1_region	79418	182034	2.29	0	10
ptg010322l_1	95467	117300	1.23	0	4
ptg010322l_1_region	95467	117300	1.23	0	4
ptg010329l_1	28669	57942	2.02	0	5
ptg010329l_1_region	28669	57942	2.02	0	5
ptg010334l_1	30890	92528	3.00	0	10
ptg010334l_1_region	30890	92528	3.00	0	10
ptg010339l_1	39027	59191	1.52	0	4
ptg010339l_1_region	39027	59191	1.52	0	4
ptg010342l_1	35038	147018	4.20	0	18
ptg010342l_1_region	35038	147018	4.20	0	18
ptg010344l_1	75553	78719	1.04	0	4
ptg010344l_1_region	75553	78719	1.04	0	4
ptg010345l_1	44324	64788	1.46	0	74
ptg010345l_1_region	44324	64788	1.46	0	74
ptg010348l_1	39582	96083	2.43	0	7
ptg010348l_1_region	39582	96083	2.43	0	7
ptg010353l_1	206096	599461	2.91	0	10
ptg010353l_1_region	206096	599461	2.91	0	10
ptg010354l_1	79475	88376	1.11	0	13
ptg010354l_1_region	79475	88376	1.11	0	13
ptg010355l_1	96065	134871	1.40	0	5
ptg010355l_1_region	96065	134871	1.40	0	5
ptg010357l_1	35135	96076	2.73	0	7
ptg010357l_1_region	35135	96076	2.73	0	7
ptg010360l_1	125708	445888	3.55	0	12
ptg010360l_1_region	125708	445888	3.55	0	12
ptg010369l_1	32585	12039	0.37	0	1
ptg010369l_1_region	32585	12039	0.37	0	1
ptg010372l_1	31741	56214	1.77	0	6
ptg010372l_1_region	31741	56214	1.77	0	6
ptg010375l_1	62285	197525	3.17	0	8
ptg010375l_1_region	62285	197525	3.17	0	8
ptg010376l_1	279337	578000	2.07	0	8
ptg010376l_1_region	279337	578000	2.07	0	8
ptg010380l_1	354850	494592	1.39	0	8
ptg010380l_1_region	354850	494592	1.39	0	8
ptg010381l_1	57351	135865	2.37	0	10
ptg010381l_1_region	57351	135865	2.37	0	10
ptg010382l_1	70320	205883	2.93	0	8
ptg010382l_1_region	70320	205883	2.93	0	8
ptg010386l_1	104360	123145	1.18	0	5
ptg010386l_1_region	104360	123145	1.18	0	5
ptg010387l_1	40601	51308	1.26	0	4
ptg010387l_1_region	40601	51308	1.26	0	4
ptg010390l_1	236610	933969	3.95	0	12
ptg010390l_1_region	236610	933969	3.95	0	12
ptg010391l_1	60034	94450	1.57	0	10
ptg010391l_1_region	60034	94450	1.57	0	10
ptg010392l_1	46498	29648	0.64	0	4
ptg010392l_1_region	46498	29648	0.64	0	4
ptg010396l_1	214884	4918508	22.89	0	494
ptg010396l_1_region	214884	4918508	22.89	0	494
ptg010398l_1	52921	110686	2.09	0	6
ptg010398l_1_region	52921	110686	2.09	0	6
ptg010400l_1	62589	63058	1.01	0	3
ptg010400l_1_region	62589	63058	1.01	0	3
ptg010401l_1	271278	337471	1.24	0	12
ptg010401l_1_region	271278	337471	1.24	0	12
ptg010403l_1	70206	119637	1.70	0	14
ptg010403l_1_region	70206	119637	1.70	0	14
ptg010404l_1	23040	48481	2.10	0	7
ptg010404l_1_region	23040	48481	2.10	0	7
ptg010405l_1	134494	278830	2.07	0	11
ptg010405l_1_region	134494	278830	2.07	0	11
ptg010408l_1	148899	402849	2.71	0	8
ptg010408l_1_region	148899	402849	2.71	0	8
ptg010412l_1	161589	337884	2.09	0	9
ptg010412l_1_region	161589	337884	2.09	0	9
ptg010414l_1	56868	126636	2.23	0	8
ptg010414l_1_region	56868	126636	2.23	0	8
ptg010417l_1	300749	955848	3.18	0	13
ptg010417l_1_region	300749	955848	3.18	0	13
ptg010419l_1	228035	522007	2.29	0	8
ptg010419l_1_region	228035	522007	2.29	0	8
ptg010420l_1	36494	91067	2.50	0	6
ptg010420l_1_region	36494	91067	2.50	0	6
ptg010421l_1	32014	47286	1.48	0	17
ptg010421l_1_region	32014	47286	1.48	0	17
ptg010422l_1	198112	1306192	6.59	0	36
ptg010422l_1_region	198112	1306192	6.59	0	36
ptg010423l_1	228672	592901	2.59	0	15
ptg010423l_1_region	228672	592901	2.59	0	15
ptg010426l_1	83773	137192	1.64	0	16
ptg010426l_1_region	83773	137192	1.64	0	16
ptg010428l_1	50156	80761	1.61	0	6
ptg010428l_1_region	50156	80761	1.61	0	6
ptg010429l_1	150279	236699	1.58	0	5
ptg010429l_1_region	150279	236699	1.58	0	5
ptg010433l_1	15394	28450	1.85	0	5
ptg010433l_1_region	15394	28450	1.85	0	5
ptg010439l_1	55825	151233	2.71	0	8
ptg010439l_1_region	55825	151233	2.71	0	8
ptg010440l_1	89611	96771	1.08	0	4
ptg010440l_1_region	89611	96771	1.08	0	4
ptg010442l_1	155904	639255	4.10	0	34
ptg010442l_1_region	155904	639255	4.10	0	34
ptg010444l_1	62470	95308	1.53	0	4
ptg010444l_1_region	62470	95308	1.53	0	4
ptg010452l_1	185354	196286	1.06	0	6
ptg010452l_1_region	185354	196286	1.06	0	6
ptg010455l_1	87006	152724	1.76	0	7
ptg010455l_1_region	87006	152724	1.76	0	7
ptg010456l_1	10900	15589	1.43	0	3
ptg010456l_1_region	10900	15589	1.43	0	3
ptg010458l_1	99770	287981	2.89	0	11
ptg010458l_1_region	99770	287981	2.89	0	11
ptg010459l_1	267485	1168674	4.37	0	18
ptg010459l_1_region	267485	1168674	4.37	0	18
ptg010464l_1	34403	53086	1.54	0	3
ptg010464l_1_region	34403	53086	1.54	0	3
ptg010472l_1	29253	62879	2.15	0	8
ptg010472l_1_region	29253	62879	2.15	0	8
ptg010473l_1	123759	344925	2.79	0	12
ptg010473l_1_region	123759	344925	2.79	0	12
ptg010475l_1	175016	227111	1.30	0	6
ptg010475l_1_region	175016	227111	1.30	0	6
ptg010478l_1	48723	67897	1.39	0	5
ptg010478l_1_region	48723	67897	1.39	0	5
ptg010480l_1	16788	38140	2.27	0	7
ptg010480l_1_region	16788	38140	2.27	0	7
ptg010481l_1	69562	138713	1.99	0	6
ptg010481l_1_region	69562	138713	1.99	0	6
ptg010483l_1	48582	43928	0.90	0	5
ptg010483l_1_region	48582	43928	0.90	0	5
ptg010490l_1	34683	36833	1.06	0	4
ptg010490l_1_region	34683	36833	1.06	0	4
ptg010491l_1	62429	150055	2.40	0	10
ptg010491l_1_region	62429	150055	2.40	0	10
ptg010505l_1	126452	317471	2.51	0	9
ptg010505l_1_region	126452	317471	2.51	0	9
ptg010508l_1	43973	98446	2.24	0	7
ptg010508l_1_region	43973	98446	2.24	0	7
ptg010509l_1	282553	1267681	4.49	0	21
ptg010509l_1_region	282553	1267681	4.49	0	21
ptg010512l_1	69722	251105	3.60	0	12
ptg010512l_1_region	69722	251105	3.60	0	12
ptg010513l_1	23987	46227	1.93	0	4
ptg010513l_1_region	23987	46227	1.93	0	4
ptg010516l_1	21666	39220	1.81	0	4
ptg010516l_1_region	21666	39220	1.81	0	4
ptg010517l_1	95866	166322	1.73	0	5
ptg010517l_1_region	95866	166322	1.73	0	5
ptg010521l_1	62546	151569	2.42	0	8
ptg010521l_1_region	62546	151569	2.42	0	8
ptg010524l_1	227439	496951	2.18	0	29
ptg010524l_1_region	227439	496951	2.18	0	29
ptg010528l_1	46069	128420	2.79	0	7
ptg010528l_1_region	46069	128420	2.79	0	7
ptg010529l_1	99448	223505	2.25	0	12
ptg010529l_1_region	99448	223505	2.25	0	12
ptg010530l_1	242767	359295	1.48	0	7
ptg010530l_1_region	242767	359295	1.48	0	7
ptg010531l_1	73863	157454	2.13	0	6
ptg010531l_1_region	73863	157454	2.13	0	6
ptg010533l_1	82279	173253	2.11	0	6
ptg010533l_1_region	82279	173253	2.11	0	6
ptg010534l_1	39066	75528	1.93	0	6
ptg010534l_1_region	39066	75528	1.93	0	6
ptg010536l_1	55979	100857	1.80	0	6
ptg010536l_1_region	55979	100857	1.80	0	6
ptg010540l_1	22367	21559	0.96	0	3
ptg010540l_1_region	22367	21559	0.96	0	3
ptg010541l_1	80433	149186	1.85	0	6
ptg010541l_1_region	80433	149186	1.85	0	6
ptg010545l_1	406815	1383999	3.40	0	16
ptg010545l_1_region	406815	1383999	3.40	0	16
ptg010547l_1	112464	133946	1.19	0	9
ptg010547l_1_region	112464	133946	1.19	0	9
ptg010549l_1	34266	44830	1.31	0	10
ptg010549l_1_region	34266	44830	1.31	0	10
ptg010550l_1	39092	133318	3.41	0	7
ptg010550l_1_region	39092	133318	3.41	0	7
ptg010551l_1	134151	27330	0.20	0	2
ptg010551l_1_region	134151	27330	0.20	0	2
ptg010552l_1	64872	187571	2.89	0	8
ptg010552l_1_region	64872	187571	2.89	0	8
ptg010554l_1	44154	62930	1.43	0	5
ptg010554l_1_region	44154	62930	1.43	0	5
ptg010556l_1	86806	42511	0.49	0	3
ptg010556l_1_region	86806	42511	0.49	0	3
ptg010557l_1	66345	106379	1.60	0	9
ptg010557l_1_region	66345	106379	1.60	0	9
ptg010558l_1	30508	60251	1.97	0	7
ptg010558l_1_region	30508	60251	1.97	0	7
ptg010559l_1	33942	39623	1.17	0	8
ptg010559l_1_region	33942	39623	1.17	0	8
ptg010560l_1	403603	2148132	5.32	0	32
ptg010560l_1_region	403603	2148132	5.32	0	32
ptg010563l_1	168550	210503	1.25	0	6
ptg010563l_1_region	168550	210503	1.25	0	6
ptg010564l_1	19588	58808	3.00	0	17
ptg010564l_1_region	19588	58808	3.00	0	17
ptg010565l_1	33649	53389	1.59	0	4
ptg010565l_1_region	33649	53389	1.59	0	4
ptg010568l_1	2069624	854056	0.41	0	9
ptg010568l_1_region	2069624	854056	0.41	0	9
ptg010577l_1	102216	251831	2.46	0	18
ptg010577l_1_region	102216	251831	2.46	0	18
ptg010580l_1	33495	78418	2.34	0	9
ptg010580l_1_region	33495	78418	2.34	0	9
ptg010582l_1	36643	45813	1.25	0	17
ptg010582l_1_region	36643	45813	1.25	0	17
ptg010586l_1	44577	147046	3.30	0	16
ptg010586l_1_region	44577	147046	3.30	0	16
ptg010591l_1	798716	1118675	1.40	0	17
ptg010591l_1_region	798716	1118675	1.40	0	17
ptg010593l_1	40148	79962	1.99	0	6
ptg010593l_1_region	40148	79962	1.99	0	6
ptg010596l_1	206611	411911	1.99	0	7
ptg010596l_1_region	206611	411911	1.99	0	7
ptg010598l_1	171346	569914	3.33	0	12
ptg010598l_1_region	171346	569914	3.33	0	12
ptg010601l_1	75785	256733	3.39	0	8
ptg010601l_1_region	75785	256733	3.39	0	8
ptg010603l_1	77606	150338	1.94	0	11
ptg010603l_1_region	77606	150338	1.94	0	11
ptg010604l_1	35776	56957	1.59	0	8
ptg010604l_1_region	35776	56957	1.59	0	8
ptg010606l_1	78973	154923	1.96	0	6
ptg010606l_1_region	78973	154923	1.96	0	6
ptg010607l_1	51772	74466	1.44	0	16
ptg010607l_1_region	51772	74466	1.44	0	16
ptg010608l_1	48197	660387	13.70	0	127
ptg010608l_1_region	48197	660387	13.70	0	127
ptg010612l_1	72096	303877	4.21	0	13
ptg010612l_1_region	72096	303877	4.21	0	13
ptg010615l_1	49950	219630	4.40	0	12
ptg010615l_1_region	49950	219630	4.40	0	12
ptg010616l_1	137879	240150	1.74	0	10
ptg010616l_1_region	137879	240150	1.74	0	10
ptg010618l_1	46506	206812	4.45	0	9
ptg010618l_1_region	46506	206812	4.45	0	9
ptg010619l_1	148953	869524	5.84	0	25
ptg010619l_1_region	148953	869524	5.84	0	25
ptg010624l_1	67567	92006	1.36	0	4
ptg010624l_1_region	67567	92006	1.36	0	4
ptg010627l_1	150889	270182	1.79	0	6
ptg010627l_1_region	150889	270182	1.79	0	6
ptg010629l_1	33417	40018	1.20	0	4
ptg010629l_1_region	33417	40018	1.20	0	4
ptg010632l_1	52326	63901	1.22	0	6
ptg010632l_1_region	52326	63901	1.22	0	6
ptg010633l_1	77342	90697	1.17	0	9
ptg010633l_1_region	77342	90697	1.17	0	9
ptg010635l_1	26664	7796	0.29	0	1
ptg010635l_1_region	26664	7796	0.29	0	1
ptg010636l_1	109832	169958	1.55	0	8
ptg010636l_1_region	109832	169958	1.55	0	8
ptg010637l_1	95493	26924	0.28	0	2
ptg010637l_1_region	95493	26924	0.28	0	2
ptg010638l_1	57438	181927	3.17	0	11
ptg010638l_1_region	57438	181927	3.17	0	11
ptg010639l_1	60156	146688	2.44	0	6
ptg010639l_1_region	60156	146688	2.44	0	6
ptg010641l_1	20445	73804	3.61	0	6
ptg010641l_1_region	20445	73804	3.61	0	6
ptg010647l_1	36932	43446	1.18	0	3
ptg010647l_1_region	36932	43446	1.18	0	3
ptg010651l_1	433686	283572	0.65	0	5
ptg010651l_1_region	433686	283572	0.65	0	5
ptg010653l_1	17311	12160	0.70	0	2
ptg010653l_1_region	17311	12160	0.70	0	2
ptg010654l_1	19811	25317	1.28	0	4
ptg010654l_1_region	19811	25317	1.28	0	4
ptg010656l_1	39997	86098	2.15	0	5
ptg010656l_1_region	39997	86098	2.15	0	5
ptg010661l_1	387931	2075899	5.35	0	32
ptg010661l_1_region	387931	2075899	5.35	0	32
ptg010663l_1	114429	183641	1.60	0	6
ptg010663l_1_region	114429	183641	1.60	0	6
ptg010672l_1	227798	623705	2.74	0	10
ptg010672l_1_region	227798	623705	2.74	0	10
ptg010675l_1	141866	295107	2.08	0	10
ptg010675l_1_region	141866	295107	2.08	0	10
ptg010676l_1	11793	35890	3.04	0	8
ptg010676l_1_region	11793	35890	3.04	0	8
ptg010677l_1	88972	144997	1.63	0	6
ptg010677l_1_region	88972	144997	1.63	0	6
ptg010683l_1	142501	329152	2.31	0	7
ptg010683l_1_region	142501	329152	2.31	0	7
ptg010692l_1	9672	7620	0.79	0	1
ptg010692l_1_region	9672	7620	0.79	0	1
ptg010700l_1	71036	158353	2.23	0	7
ptg010700l_1_region	71036	158353	2.23	0	7
ptg010703l_1	50138	63803	1.27	0	10
ptg010703l_1_region	50138	63803	1.27	0	10
ptg010706l_1	102456	262901	2.57	0	9
ptg010706l_1_region	102456	262901	2.57	0	9
ptg010708l_1	38087	51127	1.34	0	3
ptg010708l_1_region	38087	51127	1.34	0	3
ptg010709l_1	50922	115696	2.27	0	8
ptg010709l_1_region	50922	115696	2.27	0	8
ptg010714l_1	8489	22414	2.64	0	7
ptg010714l_1_region	8489	22414	2.64	0	7
ptg010723l_1	73191	125421	1.71	0	7
ptg010723l_1_region	73191	125421	1.71	0	7
ptg010725l_1	179583	543142	3.02	0	13
ptg010725l_1_region	179583	543142	3.02	0	13
ptg010731l_1	220988	111292	0.50	0	3
ptg010731l_1_region	220988	111292	0.50	0	3
ptg010732l_1	92895	112047	1.21	0	4
ptg010732l_1_region	92895	112047	1.21	0	4
ptg010737l_1	349302	78012	0.22	0	3
ptg010737l_1_region	349302	78012	0.22	0	3
ptg010740l_1	356252	454252	1.28	0	12
ptg010740l_1_region	356252	454252	1.28	0	12
ptg010742l_1	1219480	1194174	0.98	0	9
ptg010742l_1_region	1219480	1194174	0.98	0	9
ptg010744l_1	355674	156310	0.44	0	5
ptg010744l_1_region	355674	156310	0.44	0	5
ptg010745l_1	2023939	2201585	1.09	0	12
ptg010745l_1_region	2023939	2201585	1.09	0	12
ptg010746l_1	288374	81049	0.28	0	4
ptg010746l_1_region	288374	81049	0.28	0	4
ptg010747l_1	579404	105337	0.18	0	3
ptg010747l_1_region	579404	105337	0.18	0	3
ptg010749l_1	39437	63310	1.61	0	18
ptg010749l_1_region	39437	63310	1.61	0	18
ptg010756l_1	34959	28523	0.82	0	2
ptg010756l_1_region	34959	28523	0.82	0	2
ptg010758l_1	411372	330034	0.80	0	13
ptg010758l_1_region	411372	330034	0.80	0	13
ptg010764l_1	521154	1167706	2.24	0	22
ptg010764l_1_region	521154	1167706	2.24	0	22
ptg010766l_1	30096	46926	1.56	0	6
ptg010766l_1_region	30096	46926	1.56	0	6
ptg010767l_1	77436	35542	0.46	0	3
ptg010767l_1_region	77436	35542	0.46	0	3
ptg010770l_1	219525	597454	2.72	0	7
ptg010770l_1_region	219525	597454	2.72	0	7
ptg010773l_1	27178	58044	2.14	0	7
ptg010773l_1_region	27178	58044	2.14	0	7
ptg010774l_1	294864	1050615	3.56	0	17
ptg010774l_1_region	294864	1050615	3.56	0	17
ptg010775l_1	429191	817934	1.91	0	10
ptg010775l_1_region	429191	817934	1.91	0	10
ptg010777l_1	123344	190741	1.55	0	8
ptg010777l_1_region	123344	190741	1.55	0	8
ptg010782l_1	174324	270779	1.55	0	7
ptg010782l_1_region	174324	270779	1.55	0	7
ptg010784l_1	117376	211271	1.80	0	6
ptg010784l_1_region	117376	211271	1.80	0	6
ptg010790l_1	66236	176790	2.67	0	10
ptg010790l_1_region	66236	176790	2.67	0	10
ptg010791l_1	240046	359591	1.50	0	8
ptg010791l_1_region	240046	359591	1.50	0	8
ptg010792l_1	61690	66234	1.07	0	5
ptg010792l_1_region	61690	66234	1.07	0	5
ptg010793l_1	76139	131424	1.73	0	6
ptg010793l_1_region	76139	131424	1.73	0	6
ptg010794l_1	834394	2114035	2.53	0	10
ptg010794l_1_region	834394	2114035	2.53	0	10
ptg010799l_1	175433	434136	2.47	0	16
ptg010799l_1_region	175433	434136	2.47	0	16
ptg010801l_1	292183	541758	1.85	0	10
ptg010801l_1_region	292183	541758	1.85	0	10
ptg010802l_1	28426	49864	1.75	0	5
ptg010802l_1_region	28426	49864	1.75	0	5
ptg010803l_1	237678	515363	2.17	0	9
ptg010803l_1_region	237678	515363	2.17	0	9
ptg010805l_1	118407	388416	3.28	0	15
ptg010805l_1_region	118407	388416	3.28	0	15
ptg010806l_1	62059	54515	0.88	0	3
ptg010806l_1_region	62059	54515	0.88	0	3
ptg010808l_1	55889	42456	0.76	0	3
ptg010808l_1_region	55889	42456	0.76	0	3
ptg010809l_1	410817	1466722	3.57	0	16
ptg010809l_1_region	410817	1466722	3.57	0	16
ptg010811l_1	400710	917760	2.29	0	27
ptg010811l_1_region	400710	917760	2.29	0	27
ptg010812l_1	155307	931559	6.00	0	30
ptg010812l_1_region	155307	931559	6.00	0	30
ptg010813l_1	10433	7207	0.69	0	2
ptg010813l_1_region	10433	7207	0.69	0	2
ptg010814l_1	199951	113131	0.57	0	8
ptg010814l_1_region	199951	113131	0.57	0	8
ptg010822l_1	88275	501622	5.68	0	12
ptg010822l_1_region	88275	501622	5.68	0	12
ptg010824l_1	43854	69172	1.58	0	6
ptg010824l_1_region	43854	69172	1.58	0	6
ptg010825l_1	28901	17293	0.60	0	2
ptg010825l_1_region	28901	17293	0.60	0	2
ptg010828l_1	21248	9739	0.46	0	1
ptg010828l_1_region	21248	9739	0.46	0	1
ptg010829l_1	120947	353014	2.92	0	13
ptg010829l_1_region	120947	353014	2.92	0	13
ptg010830l_1	68249	233026	3.41	0	10
ptg010830l_1_region	68249	233026	3.41	0	10
ptg010831l_1	29202	188548	6.46	0	18
ptg010831l_1_region	29202	188548	6.46	0	18
ptg010832l_1	227809	787460	3.46	0	18
ptg010832l_1_region	227809	787460	3.46	0	18
ptg010836l_1	132820	146356	1.10	0	6
ptg010836l_1_region	132820	146356	1.10	0	6
ptg010838l_1	45839	127609	2.78	0	10
ptg010838l_1_region	45839	127609	2.78	0	10
ptg010840l_1	190115	595951	3.13	0	10
ptg010840l_1_region	190115	595951	3.13	0	10
ptg010842l_1	155201	905207	5.83	0	17
ptg010842l_1_region	155201	905207	5.83	0	17
ptg010845l_1	30336	5029	0.17	0	1
ptg010845l_1_region	30336	5029	0.17	0	1
ptg010846l_1	76816	41905	0.55	0	2
ptg010846l_1_region	76816	41905	0.55	0	2
ptg010847l_1	143356	519878	3.63	0	12
ptg010847l_1_region	143356	519878	3.63	0	12
ptg010848l_1	273466	803730	2.94	0	13
ptg010848l_1_region	273466	803730	2.94	0	13
ptg010849l_1	187909	284020	1.51	0	11
ptg010849l_1_region	187909	284020	1.51	0	11
ptg010851l_1	56744	147158	2.59	0	7
ptg010851l_1_region	56744	147158	2.59	0	7
ptg010852l_1	33112	6365	0.19	0	1
ptg010852l_1_region	33112	6365	0.19	0	1
ptg010853l_1	83439	142702	1.71	0	6
ptg010853l_1_region	83439	142702	1.71	0	6
ptg010855l_1	28822	31450	1.09	0	4
ptg010855l_1_region	28822	31450	1.09	0	4
ptg010858l_1	35628	28601	0.80	0	2
ptg010858l_1_region	35628	28601	0.80	0	2
ptg010859l_1	51764	42932	0.83	0	4
ptg010859l_1_region	51764	42932	0.83	0	4
ptg010860l_1	41084	111946	2.72	0	8
ptg010860l_1_region	41084	111946	2.72	0	8
ptg010862l_1	67479	111219	1.65	0	7
ptg010862l_1_region	67479	111219	1.65	0	7
ptg010863l_1	165094	531955	3.22	0	16
ptg010863l_1_region	165094	531955	3.22	0	16
ptg010864l_1	48156	83938	1.74	0	11
ptg010864l_1_region	48156	83938	1.74	0	11
ptg010866l_1	117335	205594	1.75	0	9
ptg010866l_1_region	117335	205594	1.75	0	9
ptg010868l_1	49036	10057	0.21	0	2
ptg010868l_1_region	49036	10057	0.21	0	2
ptg010871l_1	42033	41752	0.99	0	3
ptg010871l_1_region	42033	41752	0.99	0	3
ptg010873l_1	122528	343430	2.80	0	13
ptg010873l_1_region	122528	343430	2.80	0	13
ptg010874l_1	57750	23703	0.41	0	3
ptg010874l_1_region	57750	23703	0.41	0	3
ptg010875l_1	41691	35103	0.84	0	4
ptg010875l_1_region	41691	35103	0.84	0	4
ptg010877l_1	54305	73250	1.35	0	5
ptg010877l_1_region	54305	73250	1.35	0	5
ptg010881l_1	18782	54576	2.91	0	9
ptg010881l_1_region	18782	54576	2.91	0	9
ptg010882l_1	61082	15021	0.25	0	1
ptg010882l_1_region	61082	15021	0.25	0	1
ptg010884l_1	201701	1043097	5.17	0	29
ptg010884l_1_region	201701	1043097	5.17	0	29
ptg010886l_1	109284	148572	1.36	0	6
ptg010886l_1_region	109284	148572	1.36	0	6
ptg010888l_1	90029	172579	1.92	0	4
ptg010888l_1_region	90029	172579	1.92	0	4
ptg010890l_1	48667	103253	2.12	0	5
ptg010890l_1_region	48667	103253	2.12	0	5
ptg010891l_1	33190	4120	0.12	0	1
ptg010891l_1_region	33190	4120	0.12	0	1
ptg010892l_1	40596	132815	3.27	1	6
ptg010892l_1_region	40596	132815	3.27	1	6
ptg010893l_1	17245	32329	1.87	0	5
ptg010893l_1_region	17245	32329	1.87	0	5
ptg010894l_1	133404	1053921	7.90	0	49
ptg010894l_1_region	133404	1053921	7.90	0	49
ptg010896l_1	42334	64478	1.52	0	5
ptg010896l_1_region	42334	64478	1.52	0	5
ptg010898l_1	32585	286201	8.78	0	17
ptg010898l_1_region	32585	286201	8.78	0	17
ptg010899l_1	107738	30628	0.28	0	2
ptg010899l_1_region	107738	30628	0.28	0	2
ptg010900l_1	81292	728896	8.97	0	28
ptg010900l_1_region	81292	728896	8.97	0	28
ptg010901l_1	88170	242550	2.75	0	7
ptg010901l_1_region	88170	242550	2.75	0	7
ptg010902l_1	261929	656344	2.51	0	17
ptg010902l_1_region	261929	656344	2.51	0	17
ptg010903l_1	112343	344958	3.07	0	8
ptg010903l_1_region	112343	344958	3.07	0	8
ptg010904l_1	102899	158877	1.54	0	3
ptg010904l_1_region	102899	158877	1.54	0	3
ptg010905l_1	133941	77618	0.58	0	4
ptg010905l_1_region	133941	77618	0.58	0	4
ptg010907l_1	29139	85295	2.93	0	9
ptg010907l_1_region	29139	85295	2.93	0	9
ptg010908l_1	143187	287889	2.01	0	8
ptg010908l_1_region	143187	287889	2.01	0	8
ptg010910l_1	61226	50190	0.82	0	6
ptg010910l_1_region	61226	50190	0.82	0	6
ptg010911l_1	41565	10795	0.26	0	1
ptg010911l_1_region	41565	10795	0.26	0	1
ptg010912l_1	33986	61751	1.82	0	9
ptg010912l_1_region	33986	61751	1.82	0	9
ptg010918l_1	16366	17267	1.06	0	3
ptg010918l_1_region	16366	17267	1.06	0	3
ptg010921l_1	64770	204577	3.16	0	11
ptg010921l_1_region	64770	204577	3.16	0	11
ptg010924l_1	141596	329850	2.33	0	8
ptg010924l_1_region	141596	329850	2.33	0	8
ptg010926l_1	220057	1011279	4.60	0	37
ptg010926l_1_region	220057	1011279	4.60	0	37
ptg010927l_1	331434	701903	2.12	0	14
ptg010927l_1_region	331434	701903	2.12	0	14
ptg010928l_1	253871	510101	2.01	0	10
ptg010928l_1_region	253871	510101	2.01	0	10
ptg010929l_1	399229	11891	0.03	0	2
ptg010929l_1_region	399229	11891	0.03	0	2
ptg010930l_1	446209	94467	0.21	0	2
ptg010930l_1_region	446209	94467	0.21	0	2
ptg010940l_1	182409	345330	1.89	0	7
ptg010940l_1_region	182409	345330	1.89	0	7
ptg010943l_1	21142	5986	0.28	0	2
ptg010943l_1_region	21142	5986	0.28	0	2
ptg010953l_1	149554	253299	1.69	0	7
ptg010953l_1_region	149554	253299	1.69	0	7
ptg010963l_1	22005	33476	1.52	0	5
ptg010963l_1_region	22005	33476	1.52	0	5
ptg010965l_1	470545	4133045	8.78	0	473
ptg010965l_1_region	470545	4133045	8.78	0	473
ptg010971l_1	98663	247246	2.51	0	8
ptg010971l_1_region	98663	247246	2.51	0	8
ptg010977l_1	55692	30937	0.56	0	2
ptg010977l_1_region	55692	30937	0.56	0	2
ptg010980l_1	14037	58346	4.16	0	10
ptg010980l_1_region	14037	58346	4.16	0	10
ptg010985l_1	632357	54249	0.09	0	1
ptg010985l_1_region	632357	54249	0.09	0	1
ptg010986l_1	62402	40108	0.64	0	5
ptg010986l_1_region	62402	40108	0.64	0	5
ptg010990l_1	37346	23437	0.63	0	20
ptg010990l_1_region	37346	23437	0.63	0	20
ptg010993l_1	564086	316083	0.56	0	8
ptg010993l_1_region	564086	316083	0.56	0	8
ptg010994l_1	11324	22131	1.95	0	4
ptg010994l_1_region	11324	22131	1.95	0	4
ptg010999l_1	66871	193400	2.89	0	29
ptg010999l_1_region	66871	193400	2.89	0	29
ptg011000l_1	22497	20975	0.93	0	3
ptg011000l_1_region	22497	20975	0.93	0	3
ptg011009l_1	76738	162007	2.11	0	7
ptg011009l_1_region	76738	162007	2.11	0	7
ptg011011l_1	108825	217644	2.00	0	8
ptg011011l_1_region	108825	217644	2.00	0	8
ptg011014l_1	111824	172242	1.54	0	8
ptg011014l_1_region	111824	172242	1.54	0	8
ptg011016l_1	54480	42241	0.78	0	3
ptg011016l_1_region	54480	42241	0.78	0	3
ptg011017l_1	543426	243777	0.45	0	7
ptg011017l_1_region	543426	243777	0.45	0	7
ptg011018l_1	142098	132219	0.93	0	5
ptg011018l_1_region	142098	132219	0.93	0	5
ptg011021l_1	49867	138624	2.78	0	6
ptg011021l_1_region	49867	138624	2.78	0	6
ptg011023l_1	350077	313311	0.89	0	8
ptg011023l_1_region	350077	313311	0.89	0	8
ptg011024l_1	131494	538324	4.09	0	31
ptg011024l_1_region	131494	538324	4.09	0	31
ptg011034l_1	275479	470965	1.71	0	10
ptg011034l_1_region	275479	470965	1.71	0	10
ptg011035l_1	168608	304043	1.80	0	16
ptg011035l_1_region	168608	304043	1.80	0	16
ptg011038l_1	74061	107556	1.45	0	5
ptg011038l_1_region	74061	107556	1.45	0	5
ptg011040l_1	67010	93806	1.40	0	13
ptg011040l_1_region	67010	93806	1.40	0	13
ptg011041l_1	68431	166446	2.43	0	11
ptg011041l_1_region	68431	166446	2.43	0	11
ptg011045l_1	26152	37611	1.44	0	3
ptg011045l_1_region	26152	37611	1.44	0	3
ptg011046l_1	19197	12620	0.66	0	2
ptg011046l_1_region	19197	12620	0.66	0	2
ptg011047l_1	20508	85522	4.17	0	9
ptg011047l_1_region	20508	85522	4.17	0	9
ptg011050l_1	146270	742469	5.08	0	14
ptg011050l_1_region	146270	742469	5.08	0	14
ptg011052l_1	278188	193560	0.70	0	9
ptg011052l_1_region	278188	193560	0.70	0	9
ptg011053l_1	18681	25245	1.35	0	3
ptg011053l_1_region	18681	25245	1.35	0	3
ptg011056l_1	59875	131637	2.20	0	5
ptg011056l_1_region	59875	131637	2.20	0	5
ptg011059l_1	53562	9703	0.18	0	1
ptg011059l_1_region	53562	9703	0.18	0	1
ptg011060l_1	18920	3448	0.18	0	1
ptg011060l_1_region	18920	3448	0.18	0	1
ptg011064l_1	131178	233913	1.78	0	8
ptg011064l_1_region	131178	233913	1.78	0	8
ptg011065l_1	94243	918452	9.75	0	32
ptg011065l_1_region	94243	918452	9.75	0	32
ptg011067l_1	110768	183243	1.65	0	7
ptg011067l_1_region	110768	183243	1.65	0	7
ptg011068l_1	140602	261387	1.86	0	10
ptg011068l_1_region	140602	261387	1.86	0	10
ptg011069l_1	61611	148806	2.42	0	12
ptg011069l_1_region	61611	148806	2.42	0	12
ptg011070l_1	18186	27439	1.51	0	4
ptg011070l_1_region	18186	27439	1.51	0	4
ptg011071l_1	26423	30602	1.16	0	3
ptg011071l_1_region	26423	30602	1.16	0	3
ptg011072l_1	17769	16301	0.92	0	3
ptg011072l_1_region	17769	16301	0.92	0	3
ptg011073l_1	28777	14266	0.50	0	1
ptg011073l_1_region	28777	14266	0.50	0	1
ptg011078l_1	79220	136589	1.72	0	7
ptg011078l_1_region	79220	136589	1.72	0	7
ptg011079l_1	18691	287218	15.37	0	34
ptg011079l_1_region	18691	287218	15.37	0	34
ptg011080l_1	38957	25874	0.66	0	2
ptg011080l_1_region	38957	25874	0.66	0	2
ptg011082l_1	67854	22956	0.34	0	2
ptg011082l_1_region	67854	22956	0.34	0	2
ptg011086l_1	80305	109260	1.36	0	4
ptg011086l_1_region	80305	109260	1.36	0	4
ptg011088l_1	12155	4776	0.39	0	1
ptg011088l_1_region	12155	4776	0.39	0	1
ptg011091l_1	19916	5420	0.27	0	1
ptg011091l_1_region	19916	5420	0.27	0	1
ptg011092l_1	68691	226474	3.30	0	10
ptg011092l_1_region	68691	226474	3.30	0	10
ptg011097l_1	234994	385204	1.64	0	9
ptg011097l_1_region	234994	385204	1.64	0	9
ptg011098l_1	62887	58709	0.93	0	5
ptg011098l_1_region	62887	58709	0.93	0	5
ptg011107l_1	41205	114501	2.78	0	7
ptg011107l_1_region	41205	114501	2.78	0	7
ptg011114l_1	250365	69776	0.28	0	3
ptg011114l_1_region	250365	69776	0.28	0	3
ptg011120l_1	67658	19881	0.29	0	3
ptg011120l_1_region	67658	19881	0.29	0	3
ptg011122l_1	125241	278553	2.22	0	7
ptg011122l_1_region	125241	278553	2.22	0	7
ptg011127l_1	258965	1024065	3.95	0	24
ptg011127l_1_region	258965	1024065	3.95	0	24
ptg011132l_1	27306	14657	0.54	0	2
ptg011132l_1_region	27306	14657	0.54	0	2
ptg011133l_1	220477	494559	2.24	0	13
ptg011133l_1_region	220477	494559	2.24	0	13
ptg011135l_1	21582	17615	0.82	0	8
ptg011135l_1_region	21582	17615	0.82	0	8
ptg011137l_1	122427	406825	3.32	0	15
ptg011137l_1_region	122427	406825	3.32	0	15
ptg011138l_1	104359	168672	1.62	0	6
ptg011138l_1_region	104359	168672	1.62	0	6
ptg011139l_1	35701	57259	1.60	0	5
ptg011139l_1_region	35701	57259	1.60	0	5
ptg011140l_1	158256	221773	1.40	0	10
ptg011140l_1_region	158256	221773	1.40	0	10
ptg011147l_1	129216	447171	3.46	0	15
ptg011147l_1_region	129216	447171	3.46	0	15
ptg011148l_1	303509	800365	2.64	0	12
ptg011148l_1_region	303509	800365	2.64	0	12
ptg011152l_1	11117	915	0.08	0	2
ptg011152l_1_region	11117	915	0.08	0	2
ptg011159l_1	107862	149794	1.39	0	8
ptg011159l_1_region	107862	149794	1.39	0	8
ptg011163l_1	213334	652653	3.06	0	10
ptg011163l_1_region	213334	652653	3.06	0	10
ptg011164l_1	72325	43005	0.59	0	4
ptg011164l_1_region	72325	43005	0.59	0	4
ptg011166l_1	64577	65129	1.01	0	4
ptg011166l_1_region	64577	65129	1.01	0	4
ptg011174l_1	108911	360222	3.31	0	84
ptg011174l_1_region	108911	360222	3.31	0	84
ptg011175l_1	10496	18192	1.73	0	3
ptg011175l_1_region	10496	18192	1.73	0	3
ptg011181l_1	43872	341523	7.78	0	28
ptg011181l_1_region	43872	341523	7.78	0	28
ptg011184l_1	22056	5975	0.27	0	7
ptg011184l_1_region	22056	5975	0.27	0	7
ptg011191l_1	286176	868768	3.04	0	57
ptg011191l_1_region	286176	868768	3.04	0	57
ptg011194l_1	11145	50592	4.54	0	9
ptg011194l_1_region	11145	50592	4.54	0	9
ptg011195l_1	247509	781922	3.16	0	15
ptg011195l_1_region	247509	781922	3.16	0	15
ptg011198l_1	110110	247704	2.25	0	7
ptg011198l_1_region	110110	247704	2.25	0	7
ptg011200l_1	84917	312396	3.68	0	11
ptg011200l_1_region	84917	312396	3.68	0	11
ptg011209l_1	200192	57568	0.29	0	3
ptg011209l_1_region	200192	57568	0.29	0	3
ptg011213l_1	37648	106088	2.82	0	7
ptg011213l_1_region	37648	106088	2.82	0	7
ptg011218l_1	23578	113100	4.80	1	8
ptg011218l_1_region	23578	113100	4.80	1	8
ptg011221l_1	75135	109558	1.46	0	10
ptg011221l_1_region	75135	109558	1.46	0	10
ptg011223l_1	198774	417831	2.10	0	10
ptg011223l_1_region	198774	417831	2.10	0	10
ptg011225l_1	111851	232767	2.08	0	6
ptg011225l_1_region	111851	232767	2.08	0	6
ptg011236l_1	32686	194909	5.96	0	24
ptg011236l_1_region	32686	194909	5.96	0	24
ptg011239l_1	281291	758699	2.70	0	15
ptg011239l_1_region	281291	758699	2.70	0	15
ptg011244l_1	58258	20016	0.34	0	2
ptg011244l_1_region	58258	20016	0.34	0	2
ptg011250l_1	200519	205930	1.03	0	5
ptg011250l_1_region	200519	205930	1.03	0	5
ptg011251l_1	16154	41987	2.60	0	6
ptg011251l_1_region	16154	41987	2.60	0	6
ptg011260l_1	145659	242565	1.67	0	8
ptg011260l_1_region	145659	242565	1.67	0	8
ptg011263l_1	68121	28332	0.42	0	2
ptg011263l_1_region	68121	28332	0.42	0	2
ptg011269l_1	85232	262708	3.08	0	11
ptg011269l_1_region	85232	262708	3.08	0	11
ptg011276l_1	117125	473162	4.04	0	18
ptg011276l_1_region	117125	473162	4.04	0	18
ptg011292l_1	83953	220705	2.63	0	11
ptg011292l_1_region	83953	220705	2.63	0	11
ptg011294l_1	73963	50190	0.68	0	4
ptg011294l_1_region	73963	50190	0.68	0	4
ptg011295l_1	73316	153656	2.10	0	7
ptg011295l_1_region	73316	153656	2.10	0	7
ptg011297l_1	79623	169505	2.13	0	7
ptg011297l_1_region	79623	169505	2.13	0	7
ptg011298l_1	19513	18424	0.94	0	5
ptg011298l_1_region	19513	18424	0.94	0	5
ptg011300l_1	579767	1281325	2.21	0	16
ptg011300l_1_region	579767	1281325	2.21	0	16
ptg011307l_1	22128	16882	0.76	0	2
ptg011307l_1_region	22128	16882	0.76	0	2
ptg011309l_1	16405	2355	0.14	0	3
ptg011309l_1_region	16405	2355	0.14	0	3
ptg011312l_1	22682	15048	0.66	0	2
ptg011312l_1_region	22682	15048	0.66	0	2
ptg011314l_1	191434	378108	1.98	0	7
ptg011314l_1_region	191434	378108	1.98	0	7
ptg011320l_1	76797	223802	2.91	0	8
ptg011320l_1_region	76797	223802	2.91	0	8
ptg011325l_1	202936	517577	2.55	0	14
ptg011325l_1_region	202936	517577	2.55	0	14
ptg011328l_1	111196	166784	1.50	0	5
ptg011328l_1_region	111196	166784	1.50	0	5
ptg011335l_1	148774	451960	3.04	0	9
ptg011335l_1_region	148774	451960	3.04	0	9
ptg011342l_1	61814	314826	5.09	0	12
ptg011342l_1_region	61814	314826	5.09	0	12
ptg011345l_1	28375	55374	1.95	0	6
ptg011345l_1_region	28375	55374	1.95	0	6
ptg011350l_1	180015	372182	2.07	0	7
ptg011350l_1_region	180015	372182	2.07	0	7
ptg011358l_1	216983	579277	2.67	0	10
ptg011358l_1_region	216983	579277	2.67	0	10
ptg011360l_1	71942	126625	1.76	0	6
ptg011360l_1_region	71942	126625	1.76	0	6
ptg011364l_1	230520	614553	2.67	0	9
ptg011364l_1_region	230520	614553	2.67	0	9
ptg011374l_1	46906	117428	2.50	0	6
ptg011374l_1_region	46906	117428	2.50	0	6
ptg011375l_1	40974	107598	2.63	0	7
ptg011375l_1_region	40974	107598	2.63	0	7
ptg011380l_1	281303	746756	2.65	0	11
ptg011380l_1_region	281303	746756	2.65	0	11
ptg011383l_1	49991	120503	2.41	0	6
ptg011383l_1_region	49991	120503	2.41	0	6
ptg011384l_1	90956	670550	7.37	0	36
ptg011384l_1_region	90956	670550	7.37	0	36
ptg011385l_1	108163	299117	2.77	0	6
ptg011385l_1_region	108163	299117	2.77	0	6
ptg011389l_1	34829	26286	0.75	0	4
ptg011389l_1_region	34829	26286	0.75	0	4
ptg011393l_1	67524	244475	3.62	0	12
ptg011393l_1_region	67524	244475	3.62	0	12
ptg011394l_1	36724	59541	1.62	0	5
ptg011394l_1_region	36724	59541	1.62	0	5
ptg011399l_1	149255	280849	1.88	0	7
ptg011399l_1_region	149255	280849	1.88	0	7
ptg011401l_1	50037	97818	1.95	0	11
ptg011401l_1_region	50037	97818	1.95	0	11
ptg011403l_1	217798	636064	2.92	0	18
ptg011403l_1_region	217798	636064	2.92	0	18
ptg011405l_1	38990	99171	2.54	0	6
ptg011405l_1_region	38990	99171	2.54	0	6
ptg011410l_1	8663	6718	0.78	0	1
ptg011410l_1_region	8663	6718	0.78	0	1
ptg011411l_1	65662	137375	2.09	0	6
ptg011411l_1_region	65662	137375	2.09	0	6
ptg011413l_1	8423	11490	1.36	0	3
ptg011413l_1_region	8423	11490	1.36	0	3
ptg011414l_1	19590	73041	3.73	1	7
ptg011414l_1_region	19590	73041	3.73	1	7
ptg011417l_1	142056	426930	3.01	0	11
ptg011417l_1_region	142056	426930	3.01	0	11
ptg011424l_1	101562	156776	1.54	0	10
ptg011424l_1_region	101562	156776	1.54	0	10
ptg011425l_1	36404	32452	0.89	0	2
ptg011425l_1_region	36404	32452	0.89	0	2
ptg011426l_1	45620	139966	3.07	0	6
ptg011426l_1_region	45620	139966	3.07	0	6
ptg011431l_1	225202	649549	2.88	0	8
ptg011431l_1_region	225202	649549	2.88	0	8
ptg011432l_1	188845	456070	2.42	0	8
ptg011432l_1_region	188845	456070	2.42	0	8
ptg011433l_1	326514	1321576	4.05	0	12
ptg011433l_1_region	326514	1321576	4.05	0	12
ptg011436l_1	60505	111010	1.83	0	4
ptg011436l_1_region	60505	111010	1.83	0	4
ptg011439l_1	25551	25088	0.98	0	4
ptg011439l_1_region	25551	25088	0.98	0	4
ptg011444l_1	128643	288192	2.24	0	9
ptg011444l_1_region	128643	288192	2.24	0	9
ptg011453l_1	97688	133434	1.37	0	10
ptg011453l_1_region	97688	133434	1.37	0	10
ptg011457l_1	40246	72339	1.80	0	5
ptg011457l_1_region	40246	72339	1.80	0	5
ptg011460l_1	42183	97008	2.30	0	8
ptg011460l_1_region	42183	97008	2.30	0	8
ptg011461l_1	343469	6594061	19.20	0	90
ptg011461l_1_region	343469	6594061	19.20	0	90
ptg011465l_1	130600	435010	3.33	0	30
ptg011465l_1_region	130600	435010	3.33	0	30
ptg011467l_1	50936	109747	2.15	0	9
ptg011467l_1_region	50936	109747	2.15	0	9
ptg011478l_1	28657	74869	2.61	0	6
ptg011478l_1_region	28657	74869	2.61	0	6
ptg011480l_1	67394	88495	1.31	0	9
ptg011480l_1_region	67394	88495	1.31	0	9
ptg011482l_1	97345	233964	2.40	0	7
ptg011482l_1_region	97345	233964	2.40	0	7
ptg011485l_1	103989	101833	0.98	0	5
ptg011485l_1_region	103989	101833	0.98	0	5
ptg011489l_1	49613	145216	2.93	0	8
ptg011489l_1_region	49613	145216	2.93	0	8
ptg011493l_1	47017	167055	3.55	0	15
ptg011493l_1_region	47017	167055	3.55	0	15
ptg011496l_1	35544	43324	1.22	0	4
ptg011496l_1_region	35544	43324	1.22	0	4
ptg011497l_1	27795	98007	3.53	0	9
ptg011497l_1_region	27795	98007	3.53	0	9
ptg011500l_1	102579	249886	2.44	0	9
ptg011500l_1_region	102579	249886	2.44	0	9
ptg011504l_1	170023	651169	3.83	0	95
ptg011504l_1_region	170023	651169	3.83	0	95
ptg011506l_1	166701	560945	3.36	0	10
ptg011506l_1_region	166701	560945	3.36	0	10
ptg011509l_1	25435	56715	2.23	0	4
ptg011509l_1_region	25435	56715	2.23	0	4
ptg011510l_1	207770	630753	3.04	0	13
ptg011510l_1_region	207770	630753	3.04	0	13
ptg011518l_1	337384	785608	2.33	0	10
ptg011518l_1_region	337384	785608	2.33	0	10
ptg011520l_1	120747	238368	1.97	0	6
ptg011520l_1_region	120747	238368	1.97	0	6
ptg011522l_1	56240	87789	1.56	0	5
ptg011522l_1_region	56240	87789	1.56	0	5
ptg011524l_1	60007	126948	2.12	0	5
ptg011524l_1_region	60007	126948	2.12	0	5
ptg011525l_1	22684	79275	3.49	0	16
ptg011525l_1_region	22684	79275	3.49	0	16
ptg011526l_1	270312	483357	1.79	0	9
ptg011526l_1_region	270312	483357	1.79	0	9
ptg011527l_1	24118	22002	0.91	0	3
ptg011527l_1_region	24118	22002	0.91	0	3
ptg011528l_1	19315	45948	2.38	0	5
ptg011528l_1_region	19315	45948	2.38	0	5
ptg011532l_1	122665	215000	1.75	0	6
ptg011532l_1_region	122665	215000	1.75	0	6
ptg011538l_1	105713	443836	4.20	0	9
ptg011538l_1_region	105713	443836	4.20	0	9
ptg011543l_1	128781	201204	1.56	0	7
ptg011543l_1_region	128781	201204	1.56	0	7
ptg011550l_1	53358	149000	2.79	0	6
ptg011550l_1_region	53358	149000	2.79	0	6
ptg011551l_1	76903	136662	1.78	0	5
ptg011551l_1_region	76903	136662	1.78	0	5
ptg011552l_1	220581	1158146	5.25	0	52
ptg011552l_1_region	220581	1158146	5.25	0	52
ptg011554l_1	40438	41806	1.03	0	5
ptg011554l_1_region	40438	41806	1.03	0	5
ptg011555l_1	216166	512025	2.37	0	17
ptg011555l_1_region	216166	512025	2.37	0	17
ptg011556l_1	68907	192804	2.80	0	15
ptg011556l_1_region	68907	192804	2.80	0	15
ptg011558l_1	33388	53309	1.60	0	7
ptg011558l_1_region	33388	53309	1.60	0	7
ptg011559l_1	26328	47536	1.81	0	5
ptg011559l_1_region	26328	47536	1.81	0	5
ptg011562l_1	12063	17236	1.43	0	2
ptg011562l_1_region	12063	17236	1.43	0	2
ptg011563l_1	127270	150401	1.18	0	6
ptg011563l_1_region	127270	150401	1.18	0	6
ptg011566l_1	254471	938627	3.69	0	105
ptg011566l_1_region	254471	938627	3.69	0	105
ptg011573l_1	20077	62328	3.10	0	7
ptg011573l_1_region	20077	62328	3.10	0	7
ptg011575l_1	73502	185740	2.53	0	8
ptg011575l_1_region	73502	185740	2.53	0	8
ptg011576l_1	35134	47770	1.36	0	6
ptg011576l_1_region	35134	47770	1.36	0	6
ptg011577l_1	95307	119911	1.26	0	6
ptg011577l_1_region	95307	119911	1.26	0	6
ptg011578l_1	17244	8074	0.47	0	1
ptg011578l_1_region	17244	8074	0.47	0	1
ptg011581l_1	10722	15539	1.45	0	4
ptg011581l_1_region	10722	15539	1.45	0	4
ptg011583l_1	39923	72608	1.82	0	4
ptg011583l_1_region	39923	72608	1.82	0	4
ptg011584l_1	101216	154670	1.53	0	6
ptg011584l_1_region	101216	154670	1.53	0	6
ptg011585l_1	202128	613506	3.04	0	9
ptg011585l_1_region	202128	613506	3.04	0	9
ptg011589l_1	318159	577190	1.81	0	7
ptg011589l_1_region	318159	577190	1.81	0	7
ptg011591l_1	171652	706419	4.12	0	14
ptg011591l_1_region	171652	706419	4.12	0	14
ptg011597l_1	239625	481695	2.01	0	13
ptg011597l_1_region	239625	481695	2.01	0	13
ptg011602l_1	1032630	3361172	3.25	0	14
ptg011602l_1_region	1032630	3361172	3.25	0	14
ptg011603l_1	32911	52754	1.60	0	4
ptg011603l_1_region	32911	52754	1.60	0	4
ptg011604l_1	24720	31390	1.27	0	5
ptg011604l_1_region	24720	31390	1.27	0	5
ptg011607l_1	41801	56611	1.35	0	4
ptg011607l_1_region	41801	56611	1.35	0	4
ptg011609l_1	82680	209630	2.54	0	9
ptg011609l_1_region	82680	209630	2.54	0	9
ptg011610l_1	57974	90306	1.56	0	4
ptg011610l_1_region	57974	90306	1.56	0	4
ptg011611l_1	52284	163651	3.13	0	7
ptg011611l_1_region	52284	163651	3.13	0	7
ptg011613l_1	78273	153375	1.96	0	9
ptg011613l_1_region	78273	153375	1.96	0	9
ptg011623l_1	36497	75735	2.08	0	7
ptg011623l_1_region	36497	75735	2.08	0	7
ptg011628l_1	80277	92071	1.15	0	6
ptg011628l_1_region	80277	92071	1.15	0	6
ptg011630l_1	205460	588603	2.86	0	9
ptg011630l_1_region	205460	588603	2.86	0	9
ptg011631l_1	25707	13854	0.54	0	3
ptg011631l_1_region	25707	13854	0.54	0	3
ptg011633l_1	29704	29017	0.98	0	4
ptg011633l_1_region	29704	29017	0.98	0	4
ptg011634l_1	62026	200694	3.24	0	9
ptg011634l_1_region	62026	200694	3.24	0	9
ptg011637l_1	34315	123302	3.59	0	10
ptg011637l_1_region	34315	123302	3.59	0	10
ptg011643l_1	68022	97982	1.44	0	6
ptg011643l_1_region	68022	97982	1.44	0	6
ptg011644l_1	202964	459787	2.27	0	8
ptg011644l_1_region	202964	459787	2.27	0	8
ptg011645l_1	94854	3077972	32.45	1	115
ptg011645l_1_region	94854	3077972	32.45	1	115
ptg011648l_1	74979	193193	2.58	0	9
ptg011648l_1_region	74979	193193	2.58	0	9
ptg011649l_1	103391	342991	3.32	0	14
ptg011649l_1_region	103391	342991	3.32	0	14
ptg011653l_1	126452	245575	1.94	0	7
ptg011653l_1_region	126452	245575	1.94	0	7
ptg011654l_1	38431	110666	2.88	0	5
ptg011654l_1_region	38431	110666	2.88	0	5
ptg011656l_1	50829	79750	1.57	0	4
ptg011656l_1_region	50829	79750	1.57	0	4
ptg011662l_1	89332	333184	3.73	0	13
ptg011662l_1_region	89332	333184	3.73	0	13
ptg011664l_1	108497	218607	2.01	0	14
ptg011664l_1_region	108497	218607	2.01	0	14
ptg011666l_1	34655	39385	1.14	0	4
ptg011666l_1_region	34655	39385	1.14	0	4
ptg011667l_1	253574	864884	3.41	0	11
ptg011667l_1_region	253574	864884	3.41	0	11
ptg011673l_1	159671	777173	4.87	0	26
ptg011673l_1_region	159671	777173	4.87	0	26
ptg011675l_1	119571	287242	2.40	0	8
ptg011675l_1_region	119571	287242	2.40	0	8
ptg011676l_1	35118	37773	1.08	0	3
ptg011676l_1_region	35118	37773	1.08	0	3
ptg011677l_1	26823	58016	2.16	0	5
ptg011677l_1_region	26823	58016	2.16	0	5
ptg011681l_1	26934	14723	0.55	0	2
ptg011681l_1_region	26934	14723	0.55	0	2
ptg011682l_1	136865	340461	2.49	0	7
ptg011682l_1_region	136865	340461	2.49	0	7
ptg011683l_1	50172	64588	1.29	0	5
ptg011683l_1_region	50172	64588	1.29	0	5
ptg011685l_1	66061	100245	1.52	0	7
ptg011685l_1_region	66061	100245	1.52	0	7
ptg011688l_1	107117	475449	4.44	0	12
ptg011688l_1_region	107117	475449	4.44	0	12
ptg011690l_1	62482	50593	0.81	0	4
ptg011690l_1_region	62482	50593	0.81	0	4
ptg011692l_1	197626	592814	3.00	0	9
ptg011692l_1_region	197626	592814	3.00	0	9
ptg011695l_1	116734	392269	3.36	0	39
ptg011695l_1_region	116734	392269	3.36	0	39
ptg011698l_1	19752	65582	3.32	0	9
ptg011698l_1_region	19752	65582	3.32	0	9
ptg011702l_1	44310	37248	0.84	0	4
ptg011702l_1_region	44310	37248	0.84	0	4
ptg011710l_1	177442	390308	2.20	0	13
ptg011710l_1_region	177442	390308	2.20	0	13
ptg011712l_1	134572	406580	3.02	0	7
ptg011712l_1_region	134572	406580	3.02	0	7
ptg011715l_1	20125	32020	1.59	0	3
ptg011715l_1_region	20125	32020	1.59	0	3
ptg011716l_1	351383	975435	2.78	0	12
ptg011716l_1_region	351383	975435	2.78	0	12
ptg011717l_1	275028	3918629	14.25	0	119
ptg011717l_1_region	275028	3918629	14.25	0	119
ptg011718l_1	167447	460749	2.75	0	10
ptg011718l_1_region	167447	460749	2.75	0	10
ptg011719l_1	64087	103533	1.62	0	6
ptg011719l_1_region	64087	103533	1.62	0	6
ptg011726l_1	24346	36363	1.49	0	3
ptg011726l_1_region	24346	36363	1.49	0	3
ptg011728l_1	80830	209080	2.59	0	11
ptg011728l_1_region	80830	209080	2.59	0	11
ptg011733l_1	122203	464836	3.80	0	10
ptg011733l_1_region	122203	464836	3.80	0	10
ptg011734l_1	149124	553467	3.71	0	16
ptg011734l_1_region	149124	553467	3.71	0	16
ptg011735l_1	57641	84533	1.47	0	6
ptg011735l_1_region	57641	84533	1.47	0	6
ptg011741l_1	18634	44230	2.37	0	6
ptg011741l_1_region	18634	44230	2.37	0	6
ptg011742l_1	64641	194114	3.00	0	8
ptg011742l_1_region	64641	194114	3.00	0	8
ptg011744l_1	15140	16286	1.08	0	3
ptg011744l_1_region	15140	16286	1.08	0	3
ptg011745l_1	119491	305294	2.55	0	8
ptg011745l_1_region	119491	305294	2.55	0	8
ptg011746l_1	224651	416140	1.85	0	8
ptg011746l_1_region	224651	416140	1.85	0	8
ptg011748l_1	65004	146561	2.25	0	8
ptg011748l_1_region	65004	146561	2.25	0	8
ptg011749l_1	54520	128405	2.36	0	7
ptg011749l_1_region	54520	128405	2.36	0	7
ptg011751l_1	14903	30954	2.08	0	4
ptg011751l_1_region	14903	30954	2.08	0	4
ptg011752l_1	61694	142430	2.31	0	6
ptg011752l_1_region	61694	142430	2.31	0	6
ptg011753l_1	143602	208038	1.45	0	7
ptg011753l_1_region	143602	208038	1.45	0	7
ptg011756l_1	33150	23097	0.70	0	4
ptg011756l_1_region	33150	23097	0.70	0	4
ptg011757l_1	45433	61770	1.36	0	5
ptg011757l_1_region	45433	61770	1.36	0	5
ptg011759l_1	72387	168540	2.33	0	7
ptg011759l_1_region	72387	168540	2.33	0	7
ptg011760l_1	58903	55252	0.94	0	5
ptg011760l_1_region	58903	55252	0.94	0	5
ptg011761l_1	160165	294137	1.84	0	7
ptg011761l_1_region	160165	294137	1.84	0	7
ptg011768l_1	57476	229412	3.99	0	11
ptg011768l_1_region	57476	229412	3.99	0	11
ptg011769l_1	18832	17818	0.95	0	2
ptg011769l_1_region	18832	17818	0.95	0	2
ptg011776l_1	25804	19870	0.77	0	2
ptg011776l_1_region	25804	19870	0.77	0	2
ptg011779l_1	53799	14895	0.28	0	2
ptg011779l_1_region	53799	14895	0.28	0	2
ptg011782l_1	112649	454954	4.04	0	12
ptg011782l_1_region	112649	454954	4.04	0	12
ptg011783l_1	59582	95207	1.60	0	4
ptg011783l_1_region	59582	95207	1.60	0	4
ptg011786l_1	683992	1829005	2.67	0	11
ptg011786l_1_region	683992	1829005	2.67	0	11
ptg011788l_1	35454	114850	3.24	0	14
ptg011788l_1_region	35454	114850	3.24	0	14
ptg011792l_1	46945	108368	2.31	0	180
ptg011792l_1_region	46945	108368	2.31	0	180
ptg011795l_1	72929	111801	1.53	0	6
ptg011795l_1_region	72929	111801	1.53	0	6
ptg011796l_1	106566	404527	3.80	0	22
ptg011796l_1_region	106566	404527	3.80	0	22
ptg011797l_1	130626	383453	2.94	0	9
ptg011797l_1_region	130626	383453	2.94	0	9
ptg011801l_1	76623	83583	1.09	0	5
ptg011801l_1_region	76623	83583	1.09	0	5
ptg011812l_1	63236	110829	1.75	0	6
ptg011812l_1_region	63236	110829	1.75	0	6
ptg011813l_1	17149	12217	0.71	0	2
ptg011813l_1_region	17149	12217	0.71	0	2
ptg011821l_1	36258	111324	3.07	0	6
ptg011821l_1_region	36258	111324	3.07	0	6
ptg011822l_1	152252	341853	2.25	0	11
ptg011822l_1_region	152252	341853	2.25	0	11
ptg011824l_1	70531	160677	2.28	0	6
ptg011824l_1_region	70531	160677	2.28	0	6
ptg011827l_1	50739	82564	1.63	0	6
ptg011827l_1_region	50739	82564	1.63	0	6
ptg011831l_1	40529	25421	0.63	0	4
ptg011831l_1_region	40529	25421	0.63	0	4
ptg011836l_1	132368	243985	1.84	0	6
ptg011836l_1_region	132368	243985	1.84	0	6
ptg011839l_1	95184	75390	0.79	0	4
ptg011839l_1_region	95184	75390	0.79	0	4
ptg011841l_1	11759	23201	1.97	0	5
ptg011841l_1_region	11759	23201	1.97	0	5
ptg011847l_1	27320	46222	1.69	0	8
ptg011847l_1_region	27320	46222	1.69	0	8
ptg011848l_1	8519	4821	0.57	0	1
ptg011848l_1_region	8519	4821	0.57	0	1
ptg011849l_1	29436	48938	1.66	0	4
ptg011849l_1_region	29436	48938	1.66	0	4
ptg011851l_1	100655	212989	2.12	0	8
ptg011851l_1_region	100655	212989	2.12	0	8
ptg011853l_1	63863	127569	2.00	0	7
ptg011853l_1_region	63863	127569	2.00	0	7
ptg011856l_1	144837	330399	2.28	0	7
ptg011856l_1_region	144837	330399	2.28	0	7
ptg011858l_1	35102	13269	0.38	0	2
ptg011858l_1_region	35102	13269	0.38	0	2
ptg011866l_1	36102	48657	1.35	0	6
ptg011866l_1_region	36102	48657	1.35	0	6
ptg011870l_1	67827	122683	1.81	0	8
ptg011870l_1_region	67827	122683	1.81	0	8
ptg011871l_1	57317	107648	1.88	0	13
ptg011871l_1_region	57317	107648	1.88	0	13
ptg011875l_1	80820	150292	1.86	0	7
ptg011875l_1_region	80820	150292	1.86	0	7
ptg011880l_1	144438	242867	1.68	0	9
ptg011880l_1_region	144438	242867	1.68	0	9
ptg011881l_1	44402	80462	1.81	0	6
ptg011881l_1_region	44402	80462	1.81	0	6
ptg011882l_1	12193	20926	1.72	0	3
ptg011882l_1_region	12193	20926	1.72	0	3
ptg011883l_1	67581	135068	2.00	0	6
ptg011883l_1_region	67581	135068	2.00	0	6
ptg011884l_1	17236	40888	2.37	0	4
ptg011884l_1_region	17236	40888	2.37	0	4
ptg011885l_1	64424	85740	1.33	0	6
ptg011885l_1_region	64424	85740	1.33	0	6
ptg011886l_1	95513	98655	1.03	0	7
ptg011886l_1_region	95513	98655	1.03	0	7
ptg011891l_1	218208	377802	1.73	0	42
ptg011891l_1_region	218208	377802	1.73	0	42
ptg011893l_1	12483	16696	1.34	0	4
ptg011893l_1_region	12483	16696	1.34	0	4
ptg011897l_1	30031	143414	4.78	0	25
ptg011897l_1_region	30031	143414	4.78	0	25
ptg011901l_1	408796	994844	2.43	0	18
ptg011901l_1_region	408796	994844	2.43	0	18
ptg011906l_1	192994	708356	3.67	0	10
ptg011906l_1_region	192994	708356	3.67	0	10
ptg011908l_1	120461	460872	3.83	0	14
ptg011908l_1_region	120461	460872	3.83	0	14
ptg011909l_1	261080	793979	3.04	0	12
ptg011909l_1_region	261080	793979	3.04	0	12
ptg011914l_1	504380	113619	0.23	0	3
ptg011914l_1_region	504380	113619	0.23	0	3
ptg011915l_1	110405	634479	5.75	0	28
ptg011915l_1_region	110405	634479	5.75	0	28
ptg011916l_1	190217	463136	2.43	0	21
ptg011916l_1_region	190217	463136	2.43	0	21
ptg011918l_1	277889	478061	1.72	0	16
ptg011918l_1_region	277889	478061	1.72	0	16
ptg011919l_1	51942	115235	2.22	0	6
ptg011919l_1_region	51942	115235	2.22	0	6
ptg011920l_1	88959	254937	2.87	0	8
ptg011920l_1_region	88959	254937	2.87	0	8
ptg011923l_1	18494	28833	1.56	0	3
ptg011923l_1_region	18494	28833	1.56	0	3
ptg011927l_1	14269	64553	4.52	0	8
ptg011927l_1_region	14269	64553	4.52	0	8
ptg011928l_1	387057	1464723	3.78	0	11
ptg011928l_1_region	387057	1464723	3.78	0	11
ptg011933l_1	234247	194383	0.83	0	8
ptg011933l_1_region	234247	194383	0.83	0	8
ptg011935l_1	16286	10631	0.65	0	1
ptg011935l_1_region	16286	10631	0.65	0	1
ptg011937l_1	175233	382613	2.18	0	11
ptg011937l_1_region	175233	382613	2.18	0	11
ptg011945l_1	111351	194739	1.75	0	8
ptg011945l_1_region	111351	194739	1.75	0	8
ptg011946l_1	96142	331912	3.45	0	13
ptg011946l_1_region	96142	331912	3.45	0	13
ptg011952l_1	8937	7560	0.85	0	2
ptg011952l_1_region	8937	7560	0.85	0	2
ptg011954l_1	73051	122969	1.68	0	19
ptg011954l_1_region	73051	122969	1.68	0	19
ptg011961l_1	36238	128561	3.55	0	13
ptg011961l_1_region	36238	128561	3.55	0	13
ptg011963l_1	19304	30748	1.59	0	4
ptg011963l_1_region	19304	30748	1.59	0	4
ptg011967l_1	26069	19516	0.75	0	2
ptg011967l_1_region	26069	19516	0.75	0	2
ptg011968l_1	223740	703816	3.15	0	11
ptg011968l_1_region	223740	703816	3.15	0	11
ptg011971l_1	315019	1066374	3.39	0	25
ptg011971l_1_region	315019	1066374	3.39	0	25
ptg011975l_1	29230	71718	2.45	0	9
ptg011975l_1_region	29230	71718	2.45	0	9
ptg011977l_1	56500	86965	1.54	0	5
ptg011977l_1_region	56500	86965	1.54	0	5
ptg011979l_1	45606	168624	3.70	0	10
ptg011979l_1_region	45606	168624	3.70	0	10
ptg011980l_1	21197	55397	2.61	0	6
ptg011980l_1_region	21197	55397	2.61	0	6
ptg011983l_1	97758	192071	1.96	0	7
ptg011983l_1_region	97758	192071	1.96	0	7
ptg011985l_1	106933	239293	2.24	0	9
ptg011985l_1_region	106933	239293	2.24	0	9
ptg011986l_1	38976	84308	2.16	0	10
ptg011986l_1_region	38976	84308	2.16	0	10
ptg011987l_1	53612	128882	2.40	0	8
ptg011987l_1_region	53612	128882	2.40	0	8
ptg011990l_1	44118	134892	3.06	0	10
ptg011990l_1_region	44118	134892	3.06	0	10
ptg012000l_1	22371	24722	1.11	0	2
ptg012000l_1_region	22371	24722	1.11	0	2
ptg012001l_1	18589	7002	0.38	0	2
ptg012001l_1_region	18589	7002	0.38	0	2
ptg012004l_1	24586	73225	2.98	0	6
ptg012004l_1_region	24586	73225	2.98	0	6
ptg012005l_1	78871	362312	4.59	0	11
ptg012005l_1_region	78871	362312	4.59	0	11
ptg012006l_1	32426	54286	1.67	0	6
ptg012006l_1_region	32426	54286	1.67	0	6
ptg012009l_1	13995	3266	0.23	0	1
ptg012009l_1_region	13995	3266	0.23	0	1
ptg012010l_1	76685	288028	3.76	0	14
ptg012010l_1_region	76685	288028	3.76	0	14
ptg012011l_1	90383	51504	0.57	0	2
ptg012011l_1_region	90383	51504	0.57	0	2
ptg012012l_1	31239	23445	0.75	0	5
ptg012012l_1_region	31239	23445	0.75	0	5
ptg012013l_1	219067	561245	2.56	0	20
ptg012013l_1_region	219067	561245	2.56	0	20
ptg012023l_1	541697	1074860	1.98	0	18
ptg012023l_1_region	541697	1074860	1.98	0	18
ptg012025l_1	99777	314884	3.16	0	8
ptg012025l_1_region	99777	314884	3.16	0	8
ptg012030l_1	283684	1294283	4.56	0	16
ptg012030l_1_region	283684	1294283	4.56	0	16
ptg012037l_1	181064	784367	4.33	0	31
ptg012037l_1_region	181064	784367	4.33	0	31
ptg012040l_1	16132	22344	1.39	0	4
ptg012040l_1_region	16132	22344	1.39	0	4
ptg012049l_1	15973	11354	0.71	0	2
ptg012049l_1_region	15973	11354	0.71	0	2
ptg012050l_1	53847	84312	1.57	0	5
ptg012050l_1_region	53847	84312	1.57	0	5
ptg012055l_1	62203	133694	2.15	0	5
ptg012055l_1_region	62203	133694	2.15	0	5
ptg012059l_1	8628	4271	0.50	0	2
ptg012059l_1_region	8628	4271	0.50	0	2
ptg012060l_1	17895	105527	5.90	2	12
ptg012060l_1_region	17895	105527	5.90	2	12
ptg012062l_1	115448	438456	3.80	0	11
ptg012062l_1_region	115448	438456	3.80	0	11
ptg012066l_1	30797	63319	2.06	0	7
ptg012066l_1_region	30797	63319	2.06	0	7
ptg012070l_1	36743	56443	1.54	0	4
ptg012070l_1_region	36743	56443	1.54	0	4
ptg012074l_1	75268	118829	1.58	0	5
ptg012074l_1_region	75268	118829	1.58	0	5
ptg012075l_1	43451	236365	5.44	0	24
ptg012075l_1_region	43451	236365	5.44	0	24
ptg012076l_1	54751	67580	1.23	0	9
ptg012076l_1_region	54751	67580	1.23	0	9
ptg012079l_1	46808	119696	2.56	0	9
ptg012079l_1_region	46808	119696	2.56	0	9
ptg012081l_1	49540	72910	1.47	0	8
ptg012081l_1_region	49540	72910	1.47	0	8
ptg012094l_1	38540	50079	1.30	0	3
ptg012094l_1_region	38540	50079	1.30	0	3
ptg012095l_1	9374	27538	2.94	0	6
ptg012095l_1_region	9374	27538	2.94	0	6
ptg012096l_1	27202	7721	0.28	0	1
ptg012096l_1_region	27202	7721	0.28	0	1
ptg012108l_1	116999	274572	2.35	0	9
ptg012108l_1_region	116999	274572	2.35	0	9
ptg012110l_1	12683	18632	1.47	0	4
ptg012110l_1_region	12683	18632	1.47	0	4
ptg012112l_1	51098	447623	8.76	0	33
ptg012112l_1_region	51098	447623	8.76	0	33
ptg012117l_1	105575	219189	2.08	0	6
ptg012117l_1_region	105575	219189	2.08	0	6
ptg012118l_1	99119	215539	2.17	0	10
ptg012118l_1_region	99119	215539	2.17	0	10
ptg012120l_1	100643	242826	2.41	0	7
ptg012120l_1_region	100643	242826	2.41	0	7
ptg012122l_1	58498	135772	2.32	0	7
ptg012122l_1_region	58498	135772	2.32	0	7
ptg012128l_1	805602	1112827	1.38	0	19
ptg012128l_1_region	805602	1112827	1.38	0	19
ptg012129l_1	48071	82319	1.71	0	6
ptg012129l_1_region	48071	82319	1.71	0	6
ptg012132l_1	181465	967398	5.33	0	37
ptg012132l_1_region	181465	967398	5.33	0	37
ptg012134l_1	46277	42930	0.93	0	3
ptg012134l_1_region	46277	42930	0.93	0	3
ptg012137l_1	108759	268011	2.46	0	7
ptg012137l_1_region	108759	268011	2.46	0	7
ptg012141l_1	18873	13158	0.70	0	3
ptg012141l_1_region	18873	13158	0.70	0	3
ptg012143l_1	181874	436244	2.40	0	8
ptg012143l_1_region	181874	436244	2.40	0	8
ptg012146l_1	286383	716697	2.50	0	10
ptg012146l_1_region	286383	716697	2.50	0	10
ptg012150l_1	190116	401257	2.11	0	8
ptg012150l_1_region	190116	401257	2.11	0	8
ptg012155l_1	70062	221517	3.16	0	11
ptg012155l_1_region	70062	221517	3.16	0	11
ptg012157l_1	49818	99812	2.00	0	6
ptg012157l_1_region	49818	99812	2.00	0	6
ptg012160l_1	12177	9351	0.77	0	3
ptg012160l_1_region	12177	9351	0.77	0	3
ptg012163l_1	34157	159439	4.67	0	11
ptg012163l_1_region	34157	159439	4.67	0	11
ptg012173l_1	35971	130032	3.61	0	18
ptg012173l_1_region	35971	130032	3.61	0	18
ptg012174l_1	278595	604497	2.17	0	19
ptg012174l_1_region	278595	604497	2.17	0	19
ptg012175l_1	123025	417483	3.39	0	36
ptg012175l_1_region	123025	417483	3.39	0	36
ptg012180l_1	10483	12918	1.23	0	2
ptg012180l_1_region	10483	12918	1.23	0	2
ptg012197l_1	75996	151949	2.00	0	16
ptg012197l_1_region	75996	151949	2.00	0	16
ptg012201l_1	206527	1005785	4.87	0	16
ptg012201l_1_region	206527	1005785	4.87	0	16
ptg012207l_1	27505	118046	4.29	0	7
ptg012207l_1_region	27505	118046	4.29	0	7
ptg012210l_1	777744	1920664	2.47	0	10
ptg012210l_1_region	777744	1920664	2.47	0	10
ptg012214l_1	405492	69393	0.17	0	4
ptg012214l_1_region	405492	69393	0.17	0	4
ptg012215l_1	436114	98075	0.22	0	2
ptg012215l_1_region	436114	98075	0.22	0	2
ptg012217l_1	316000	70114	0.22	0	2
ptg012217l_1_region	316000	70114	0.22	0	2
ptg012221l_1	33429	54197	1.62	0	12
ptg012221l_1_region	33429	54197	1.62	0	12
ptg012222l_1	84454	216736	2.57	0	6
ptg012222l_1_region	84454	216736	2.57	0	6
ptg012223l_1	34469	41605	1.21	0	4
ptg012223l_1_region	34469	41605	1.21	0	4
ptg012226l_1	107136	430765	4.02	0	32
ptg012226l_1_region	107136	430765	4.02	0	32
ptg012228l_1	55867	59186	1.06	0	4
ptg012228l_1_region	55867	59186	1.06	0	4
ptg012230l_1	420808	950068	2.26	0	12
ptg012230l_1_region	420808	950068	2.26	0	12
ptg012231l_1	81428	130518	1.60	0	4
ptg012231l_1_region	81428	130518	1.60	0	4
ptg012232l_1	211348	418296	1.98	0	7
ptg012232l_1_region	211348	418296	1.98	0	7
ptg012235l_1	20112	22410	1.11	0	3
ptg012235l_1_region	20112	22410	1.11	0	3
ptg012238l_1	908684	216151	0.24	0	5
ptg012238l_1_region	908684	216151	0.24	0	5
ptg012252l_1	110665	208501	1.88	0	7
ptg012252l_1_region	110665	208501	1.88	0	7
ptg012253l_1	96813	256914	2.65	0	9
ptg012253l_1_region	96813	256914	2.65	0	9
ptg012254l_1	152879	408286	2.67	0	11
ptg012254l_1_region	152879	408286	2.67	0	11
ptg012255l_1	698799	2212697	3.17	0	13
ptg012255l_1_region	698799	2212697	3.17	0	13
ptg012256l_1	38054	46106	1.21	0	3
ptg012256l_1_region	38054	46106	1.21	0	3
ptg012263l_1	36754	82564	2.25	0	24
ptg012263l_1_region	36754	82564	2.25	0	24
ptg012266l_1	76982	269857	3.51	0	9
ptg012266l_1_region	76982	269857	3.51	0	9
ptg012267l_1	39963	105968	2.65	0	8
ptg012267l_1_region	39963	105968	2.65	0	8
ptg012272l_1	49935	71068	1.42	0	9
ptg012272l_1_region	49935	71068	1.42	0	9
ptg012282l_1	87141	168497	1.93	0	7
ptg012282l_1_region	87141	168497	1.93	0	7
ptg012283l_1	66759	160015	2.40	0	11
ptg012283l_1_region	66759	160015	2.40	0	11
ptg012285l_1	13346	7514	0.56	0	1
ptg012285l_1_region	13346	7514	0.56	0	1
ptg012287l_1	48924	73340	1.50	0	4
ptg012287l_1_region	48924	73340	1.50	0	4
ptg012289l_1	137526	182648	1.33	0	6
ptg012289l_1_region	137526	182648	1.33	0	6
ptg012294l_1	47424	114059	2.41	0	5
ptg012294l_1_region	47424	114059	2.41	0	5
ptg012298l_1	30927	52208	1.69	0	6
ptg012298l_1_region	30927	52208	1.69	0	6
ptg012302l_1	83382	140529	1.69	0	5
ptg012302l_1_region	83382	140529	1.69	0	5
ptg012304l_1	145389	313060	2.15	0	9
ptg012304l_1_region	145389	313060	2.15	0	9
ptg012311l_1	205424	149537	0.73	0	12
ptg012311l_1_region	205424	149537	0.73	0	12
ptg012314l_1	29207	70274	2.41	0	8
ptg012314l_1_region	29207	70274	2.41	0	8
ptg012315l_1	204414	490131	2.40	0	28
ptg012315l_1_region	204414	490131	2.40	0	28
ptg012317l_1	98975	132416	1.34	0	6
ptg012317l_1_region	98975	132416	1.34	0	6
ptg012318l_1	130844	777349	5.94	0	14
ptg012318l_1_region	130844	777349	5.94	0	14
ptg012320l_1	28496	38266	1.34	0	3
ptg012320l_1_region	28496	38266	1.34	0	3
ptg012321l_1	59289	159735	2.69	0	9
ptg012321l_1_region	59289	159735	2.69	0	9
ptg012322l_1	231850	435087	1.88	0	15
ptg012322l_1_region	231850	435087	1.88	0	15
ptg012323l_1	46397	58032	1.25	0	5
ptg012323l_1_region	46397	58032	1.25	0	5
ptg012328l_1	52976	23854	0.45	0	2
ptg012328l_1_region	52976	23854	0.45	0	2
ptg012329l_1	79508	149845	1.88	0	6
ptg012329l_1_region	79508	149845	1.88	0	6
ptg012330l_1	17428	6508	0.37	0	3
ptg012330l_1_region	17428	6508	0.37	0	3
ptg012333l_1	12535	748	0.06	0	1
ptg012333l_1_region	12535	748	0.06	0	1
ptg012334l_1	15777	103383	6.55	0	12
ptg012334l_1_region	15777	103383	6.55	0	12
ptg012335l_1	34070	60667	1.78	0	7
ptg012335l_1_region	34070	60667	1.78	0	7
ptg012348l_1	108297	191234	1.77	0	7
ptg012348l_1_region	108297	191234	1.77	0	7
ptg012349l_1	131023	212474	1.62	0	9
ptg012349l_1_region	131023	212474	1.62	0	9
ptg012350l_1	98098	151607	1.55	0	7
ptg012350l_1_region	98098	151607	1.55	0	7
ptg012354l_1	113907	321150	2.82	0	8
ptg012354l_1_region	113907	321150	2.82	0	8
ptg012358l_1	19844	21127	1.06	0	4
ptg012358l_1_region	19844	21127	1.06	0	4
ptg012361l_1	195548	247443	1.27	0	6
ptg012361l_1_region	195548	247443	1.27	0	6
ptg012364l_1	22023	33685	1.53	0	5
ptg012364l_1_region	22023	33685	1.53	0	5
ptg012365l_1	42611	86557	2.03	0	5
ptg012365l_1_region	42611	86557	2.03	0	5
ptg012366l_1	97746	253301	2.59	0	6
ptg012366l_1_region	97746	253301	2.59	0	6
ptg012367l_1	59878	104959	1.75	0	4
ptg012367l_1_region	59878	104959	1.75	0	4
ptg012370l_1	8512	5331	0.63	0	1
ptg012370l_1_region	8512	5331	0.63	0	1
ptg012384l_1	19402	39544	2.04	0	5
ptg012384l_1_region	19402	39544	2.04	0	5
ptg012386l_1	23314	18776	0.81	0	3
ptg012386l_1_region	23314	18776	0.81	0	3
ptg012388l_1	55151	195261	3.54	0	25
ptg012388l_1_region	55151	195261	3.54	0	25
ptg012389l_1	28460	10874	0.38	0	1
ptg012389l_1_region	28460	10874	0.38	0	1
ptg012397l_1	31221	74563	2.39	0	33
ptg012397l_1_region	31221	74563	2.39	0	33
ptg012398l_1	122402	240059	1.96	0	7
ptg012398l_1_region	122402	240059	1.96	0	7
ptg012399l_1	119167	206506	1.73	0	8
ptg012399l_1_region	119167	206506	1.73	0	8
ptg012400l_1	55402	85151	1.54	0	6
ptg012400l_1_region	55402	85151	1.54	0	6
ptg012402l_1	12399	10611	0.86	0	4
ptg012402l_1_region	12399	10611	0.86	0	4
ptg012403l_1	75475	179957	2.38	0	10
ptg012403l_1_region	75475	179957	2.38	0	10
ptg012408l_1	25778	30841	1.20	0	3
ptg012408l_1_region	25778	30841	1.20	0	3
ptg012411l_1	99348	217967	2.19	0	15
ptg012411l_1_region	99348	217967	2.19	0	15
ptg012412l_1	52517	123862	2.36	0	9
ptg012412l_1_region	52517	123862	2.36	0	9
ptg012413l_1	18792	17787	0.95	0	3
ptg012413l_1_region	18792	17787	0.95	0	3
ptg012417l_1	17910	11527	0.64	0	1
ptg012417l_1_region	17910	11527	0.64	0	1
ptg012418l_1	48721	61549	1.26	0	7
ptg012418l_1_region	48721	61549	1.26	0	7
ptg012421l_1	70972	146652	2.07	0	8
ptg012421l_1_region	70972	146652	2.07	0	8
ptg012427l_1	22063	58743	2.66	0	12
ptg012427l_1_region	22063	58743	2.66	0	12
ptg012429l_1	15061	3959	0.26	0	1
ptg012429l_1_region	15061	3959	0.26	0	1
ptg012430l_1	20983	30676	1.46	0	4
ptg012430l_1_region	20983	30676	1.46	0	4
ptg012431l_1	15991	21923	1.37	0	3
ptg012431l_1_region	15991	21923	1.37	0	3
ptg012432l_1	68630	111822	1.63	0	7
ptg012432l_1_region	68630	111822	1.63	0	7
ptg012433l_1	171632	517156	3.01	0	25
ptg012433l_1_region	171632	517156	3.01	0	25
ptg012434l_1	199649	936188	4.69	0	33
ptg012434l_1_region	199649	936188	4.69	0	33
ptg012444l_1	36189	58591	1.62	0	5
ptg012444l_1_region	36189	58591	1.62	0	5
ptg012446l_1	1145697	2241721	1.96	0	18
ptg012446l_1_region	1145697	2241721	1.96	0	18
ptg012450l_1	58652	130121	2.22	0	7
ptg012450l_1_region	58652	130121	2.22	0	7
ptg012452l_1	45304	74274	1.64	0	6
ptg012452l_1_region	45304	74274	1.64	0	6
ptg012456l_1	230232	337896	1.47	0	7
ptg012456l_1_region	230232	337896	1.47	0	7
ptg012458l_1	38827	111629	2.88	0	10
ptg012458l_1_region	38827	111629	2.88	0	10
ptg012459l_1	122884	182602	1.49	0	7
ptg012459l_1_region	122884	182602	1.49	0	7
ptg012462l_1	195020	679632	3.48	0	38
ptg012462l_1_region	195020	679632	3.48	0	38
ptg012464l_1	33911	44285	1.31	0	3
ptg012464l_1_region	33911	44285	1.31	0	3
ptg012467l_1	16036	149018	9.29	1	16
ptg012467l_1_region	16036	149018	9.29	1	16
ptg012468l_1	33937	94132	2.77	0	7
ptg012468l_1_region	33937	94132	2.77	0	7
ptg012471l_1	27286	14117	0.52	0	3
ptg012471l_1_region	27286	14117	0.52	0	3
ptg012474l_1	390545	940453	2.41	0	19
ptg012474l_1_region	390545	940453	2.41	0	19
ptg012477l_1	74232	162469	2.19	0	8
ptg012477l_1_region	74232	162469	2.19	0	8
ptg012483l_1	37847	41399	1.09	0	4
ptg012483l_1_region	37847	41399	1.09	0	4
ptg012489l_1	21104	25767	1.22	0	3
ptg012489l_1_region	21104	25767	1.22	0	3
ptg012490l_1	56969	98049	1.72	0	4
ptg012490l_1_region	56969	98049	1.72	0	4
ptg012493l_1	31542	53502	1.70	0	4
ptg012493l_1_region	31542	53502	1.70	0	4
ptg012495l_1	446595	55837	0.13	0	2
ptg012495l_1_region	446595	55837	0.13	0	2
ptg012496l_1	379933	630760	1.66	0	6
ptg012496l_1_region	379933	630760	1.66	0	6
ptg012499l_1	18747	12297	0.66	0	2
ptg012499l_1_region	18747	12297	0.66	0	2
ptg012502l_1	32964	32224	0.98	0	5
ptg012502l_1_region	32964	32224	0.98	0	5
ptg012506l_1	164577	262132	1.59	0	7
ptg012506l_1_region	164577	262132	1.59	0	7
ptg012514l_1	24993	71388	2.86	0	6
ptg012514l_1_region	24993	71388	2.86	0	6
ptg012517l_1	172182	342693	1.99	0	9
ptg012517l_1_region	172182	342693	1.99	0	9
ptg012518l_1	77211	175387	2.27	0	7
ptg012518l_1_region	77211	175387	2.27	0	7
ptg012519l_1	12905	4510	0.35	0	1
ptg012519l_1_region	12905	4510	0.35	0	1
ptg012520l_1	62632	327728	5.23	0	14
ptg012520l_1_region	62632	327728	5.23	0	14
ptg012521l_1	10938	22488	2.06	0	4
ptg012521l_1_region	10938	22488	2.06	0	4
ptg012523l_1	83780	68625	0.82	0	5
ptg012523l_1_region	83780	68625	0.82	0	5
ptg012531l_1	15146	34816	2.30	0	4
ptg012531l_1_region	15146	34816	2.30	0	4
ptg012533l_1	33214	88467	2.66	0	6
ptg012533l_1_region	33214	88467	2.66	0	6
ptg012538l_1	114413	258367	2.26	0	8
ptg012538l_1_region	114413	258367	2.26	0	8
ptg012541l_1	90060	120352	1.34	0	5
ptg012541l_1_region	90060	120352	1.34	0	5
ptg012543l_1	86176	306044	3.55	0	24
ptg012543l_1_region	86176	306044	3.55	0	24
ptg012544l_1	124709	321388	2.58	0	9
ptg012544l_1_region	124709	321388	2.58	0	9
ptg012551l_1	47445	57693	1.22	0	6
ptg012551l_1_region	47445	57693	1.22	0	6
ptg012554l_1	22868	28468	1.24	0	3
ptg012554l_1_region	22868	28468	1.24	0	3
ptg012558l_1	69624	92852	1.33	0	4
ptg012558l_1_region	69624	92852	1.33	0	4
ptg012559l_1	38150	61934	1.62	0	21
ptg012559l_1_region	38150	61934	1.62	0	21
ptg012560l_1	283872	855915	3.02	0	19
ptg012560l_1_region	283872	855915	3.02	0	19
ptg012566l_1	41191	49043	1.19	0	4
ptg012566l_1_region	41191	49043	1.19	0	4
ptg012573l_1	46297	82900	1.79	0	7
ptg012573l_1_region	46297	82900	1.79	0	7
ptg012575l_1	155738	290861	1.87	0	7
ptg012575l_1_region	155738	290861	1.87	0	7
ptg012577c_1	120685	205838	1.71	0	7
ptg012577c_1_region	120685	205838	1.71	0	7
ptg012580l_1	175446	367065	2.09	0	12
ptg012580l_1_region	175446	367065	2.09	0	12
ptg012581l_1	58171	118381	2.04	0	6
ptg012581l_1_region	58171	118381	2.04	0	6
ptg012582l_1	7495	2612	0.35	0	1
ptg012582l_1_region	7495	2612	0.35	0	1
ptg012586l_1	793630	2223948	2.80	0	12
ptg012586l_1_region	793630	2223948	2.80	0	12
ptg012587l_1	54927	136856	2.49	0	11
ptg012587l_1_region	54927	136856	2.49	0	11
ptg012590l_1	19626	21107	1.08	0	3
ptg012590l_1_region	19626	21107	1.08	0	3
ptg012592l_1	263311	138167	0.52	0	6
ptg012592l_1_region	263311	138167	0.52	0	6
ptg012593l_1	76962	78187	1.02	0	6
ptg012593l_1_region	76962	78187	1.02	0	6
ptg012594l_1	75303	215654	2.86	0	10
ptg012594l_1_region	75303	215654	2.86	0	10
ptg012596l_1	433043	164090	0.38	0	12
ptg012596l_1_region	433043	164090	0.38	0	12
ptg012603l_1	20727	26176	1.26	0	7
ptg012603l_1_region	20727	26176	1.26	0	7
ptg012604l_1	25387	66786	2.63	0	6
ptg012604l_1_region	25387	66786	2.63	0	6
ptg012606l_1	57790	110442	1.91	0	5
ptg012606l_1_region	57790	110442	1.91	0	5
ptg012611l_1	699152	532640	0.76	0	9
ptg012611l_1_region	699152	532640	0.76	0	9
ptg012612l_1	27495	119496	4.35	0	11
ptg012612l_1_region	27495	119496	4.35	0	11
ptg012619l_1	16819	25143	1.49	0	3
ptg012619l_1_region	16819	25143	1.49	0	3
ptg012621l_1	66960	108206	1.62	0	7
ptg012621l_1_region	66960	108206	1.62	0	7
ptg012622l_1	241249	947893	3.93	0	11
ptg012622l_1_region	241249	947893	3.93	0	11
ptg012623l_1	41270	70848	1.72	0	6
ptg012623l_1_region	41270	70848	1.72	0	6
ptg012627l_1	32098	49445	1.54	0	4
ptg012627l_1_region	32098	49445	1.54	0	4
ptg012628l_1	169856	298227	1.76	0	12
ptg012628l_1_region	169856	298227	1.76	0	12
ptg012629l_1	50439	31624	0.63	0	2
ptg012629l_1_region	50439	31624	0.63	0	2
ptg012630l_1	50093	145553	2.91	0	6
ptg012630l_1_region	50093	145553	2.91	0	6
ptg012631l_1	203275	129764	0.64	0	4
ptg012631l_1_region	203275	129764	0.64	0	4
ptg012635l_1	81294	386509	4.75	0	13
ptg012635l_1_region	81294	386509	4.75	0	13
ptg012638l_1	61696	43081	0.70	0	3
ptg012638l_1_region	61696	43081	0.70	0	3
ptg012642l_1	66134	198220	3.00	0	8
ptg012642l_1_region	66134	198220	3.00	0	8
ptg012645l_1	79376	1110	0.01	0	1
ptg012645l_1_region	79376	1110	0.01	0	1
ptg012647l_1	22677	15757	0.69	0	2
ptg012647l_1_region	22677	15757	0.69	0	2
ptg012649l_1	38994	75280	1.93	0	8
ptg012649l_1_region	38994	75280	1.93	0	8
ptg012650l_1	114269	164648	1.44	0	7
ptg012650l_1_region	114269	164648	1.44	0	7
ptg012654l_1	107424	136456	1.27	0	4
ptg012654l_1_region	107424	136456	1.27	0	4
ptg012655l_1	38783	11364	0.29	0	1
ptg012655l_1_region	38783	11364	0.29	0	1
ptg012656l_1	38953	34977	0.90	0	4
ptg012656l_1_region	38953	34977	0.90	0	4
ptg012657l_1	19367	10497	0.54	0	1
ptg012657l_1_region	19367	10497	0.54	0	1
ptg012659l_1	77196	98697	1.28	0	5
ptg012659l_1_region	77196	98697	1.28	0	5
ptg012661l_1	40137	19229	0.48	0	4
ptg012661l_1_region	40137	19229	0.48	0	4
ptg012663l_1	36221	25467	0.70	0	3
ptg012663l_1_region	36221	25467	0.70	0	3
ptg012664l_1	22399	35613	1.59	0	3
ptg012664l_1_region	22399	35613	1.59	0	3
ptg012665l_1	108424	128038	1.18	0	13
ptg012665l_1_region	108424	128038	1.18	0	13
ptg012667l_1	60044	131974	2.20	0	6
ptg012667l_1_region	60044	131974	2.20	0	6
ptg012668l_1	26706	30472	1.14	0	3
ptg012668l_1_region	26706	30472	1.14	0	3
ptg012669l_1	48621	94283	1.94	0	7
ptg012669l_1_region	48621	94283	1.94	0	7
ptg012671l_1	78744	27879	0.35	0	2
ptg012671l_1_region	78744	27879	0.35	0	2
ptg012673l_1	15440	13037	0.84	0	2
ptg012673l_1_region	15440	13037	0.84	0	2
ptg012675l_1	37852	18324	0.48	0	2
ptg012675l_1_region	37852	18324	0.48	0	2
ptg012676l_1	40477	194021	4.79	0	16
ptg012676l_1_region	40477	194021	4.79	0	16
ptg012677l_1	82203	194495	2.37	0	6
ptg012677l_1_region	82203	194495	2.37	0	6
ptg012678l_1	21460	5351	0.25	0	1
ptg012678l_1_region	21460	5351	0.25	0	1
ptg012679l_1	134118	18041	0.13	0	2
ptg012679l_1_region	134118	18041	0.13	0	2
ptg012680l_1	328873	571682	1.74	0	9
ptg012680l_1_region	328873	571682	1.74	0	9
ptg012682l_1	54487	126771	2.33	0	5
ptg012682l_1_region	54487	126771	2.33	0	5
ptg012685l_1	24670	51370	2.08	0	7
ptg012685l_1_region	24670	51370	2.08	0	7
ptg012687l_1	14245	39306	2.76	1	4
ptg012687l_1_region	14245	39306	2.76	1	4
ptg012688l_1	674003	122882	0.18	0	3
ptg012688l_1_region	674003	122882	0.18	0	3
ptg012691l_1	42003	427090	10.17	0	20
ptg012691l_1_region	42003	427090	10.17	0	20
ptg012694l_1	35924	71545	1.99	0	5
ptg012694l_1_region	35924	71545	1.99	0	5
ptg012708l_1	84704	207138	2.45	0	7
ptg012708l_1_region	84704	207138	2.45	0	7
ptg012710l_1	18244	31325	1.72	0	6
ptg012710l_1_region	18244	31325	1.72	0	6
ptg012716l_1	84222	74170	0.88	0	24
ptg012716l_1_region	84222	74170	0.88	0	24
ptg012718l_1	171910	263998	1.54	0	5
ptg012718l_1_region	171910	263998	1.54	0	5
ptg012722l_1	909992	155197	0.17	0	3
ptg012722l_1_region	909992	155197	0.17	0	3
ptg012725l_1	880056	278735	0.32	0	6
ptg012725l_1_region	880056	278735	0.32	0	6
ptg012728l_1	21828	32283	1.48	0	3
ptg012728l_1_region	21828	32283	1.48	0	3
ptg012729l_1	62380	154834	2.48	0	8
ptg012729l_1_region	62380	154834	2.48	0	8
ptg012732l_1	91424	205402	2.25	0	9
ptg012732l_1_region	91424	205402	2.25	0	9
ptg012734l_1	122272	220981	1.81	0	7
ptg012734l_1_region	122272	220981	1.81	0	7
ptg012739l_1	130747	388654	2.97	0	11
ptg012739l_1_region	130747	388654	2.97	0	11
ptg012740l_1	36435	512696	14.07	4	25
ptg012740l_1_region	36435	512696	14.07	4	25
ptg012742l_1	19858	97777	4.92	0	9
ptg012742l_1_region	19858	97777	4.92	0	9
ptg012743l_1	20406	211353	10.36	0	24
ptg012743l_1_region	20406	211353	10.36	0	24
ptg012744l_1	31114	56843	1.83	0	6
ptg012744l_1_region	31114	56843	1.83	0	6
ptg012745l_1	40014	149154	3.73	0	7
ptg012745l_1_region	40014	149154	3.73	0	7
ptg012747l_1	48710	190692	3.91	0	8
ptg012747l_1_region	48710	190692	3.91	0	8
ptg012748l_1	82537	91871	1.11	0	5
ptg012748l_1_region	82537	91871	1.11	0	5
ptg012750l_1	85656	91149	1.06	0	5
ptg012750l_1_region	85656	91149	1.06	0	5
ptg012751l_1	121732	301558	2.48	0	10
ptg012751l_1_region	121732	301558	2.48	0	10
ptg012755l_1	150062	175729	1.17	0	4
ptg012755l_1_region	150062	175729	1.17	0	4
ptg012757l_1	30043	45179	1.50	0	6
ptg012757l_1_region	30043	45179	1.50	0	6
ptg012759l_1	13963	11744	0.84	0	2
ptg012759l_1_region	13963	11744	0.84	0	2
ptg012761l_1	80876	192355	2.38	0	6
ptg012761l_1_region	80876	192355	2.38	0	6
ptg012763l_1	28944	62426	2.16	0	5
ptg012763l_1_region	28944	62426	2.16	0	5
ptg012764l_1	37613	221888	5.90	0	14
ptg012764l_1_region	37613	221888	5.90	0	14
ptg012766l_1	88047	151665	1.72	0	10
ptg012766l_1_region	88047	151665	1.72	0	10
ptg012767l_1	78406	19811	0.25	0	1
ptg012767l_1_region	78406	19811	0.25	0	1
ptg012774l_1	21590	28674	1.33	0	4
ptg012774l_1_region	21590	28674	1.33	0	4
ptg012776l_1	64165	152736	2.38	0	7
ptg012776l_1_region	64165	152736	2.38	0	7
ptg012777l_1	56266	111414	1.98	0	7
ptg012777l_1_region	56266	111414	1.98	0	7
ptg012779l_1	51677	41509	0.80	0	2
ptg012779l_1_region	51677	41509	0.80	0	2
ptg012781l_1	69111	149263	2.16	0	9
ptg012781l_1_region	69111	149263	2.16	0	9
ptg012792l_1	49635	96715	1.95	0	5
ptg012792l_1_region	49635	96715	1.95	0	5
ptg012798l_1	1434750	800225	0.56	0	13
ptg012798l_1_region	1434750	800225	0.56	0	13
ptg012802l_1	33827	22679	0.67	0	3
ptg012802l_1_region	33827	22679	0.67	0	3
ptg012804l_1	256793	453176	1.76	0	17
ptg012804l_1_region	256793	453176	1.76	0	17
ptg012806l_1	14309	26049	1.82	0	5
ptg012806l_1_region	14309	26049	1.82	0	5
ptg012809l_1	99581	271492	2.73	0	7
ptg012809l_1_region	99581	271492	2.73	0	7
ptg012812l_1	10754	15426	1.43	0	3
ptg012812l_1_region	10754	15426	1.43	0	3
ptg012814l_1	85484	185236	2.17	0	9
ptg012814l_1_region	85484	185236	2.17	0	9
ptg012823l_1	226314	582970	2.58	0	10
ptg012823l_1_region	226314	582970	2.58	0	10
ptg012824l_1	108971	279837	2.57	0	9
ptg012824l_1_region	108971	279837	2.57	0	9
ptg012830l_1	66322	145305	2.19	0	7
ptg012830l_1_region	66322	145305	2.19	0	7
ptg012831l_1	22826	28985	1.27	0	5
ptg012831l_1_region	22826	28985	1.27	0	5
ptg012834l_1	448850	1018850	2.27	0	15
ptg012834l_1_region	448850	1018850	2.27	0	15
ptg012840l_1	106848	312857	2.93	0	12
ptg012840l_1_region	106848	312857	2.93	0	12
ptg012850l_1	32722	35670	1.09	0	3
ptg012850l_1_region	32722	35670	1.09	0	3
ptg012853l_1	33795	82389	2.44	0	7
ptg012853l_1_region	33795	82389	2.44	0	7
ptg012864l_1	34704	42850	1.23	0	5
ptg012864l_1_region	34704	42850	1.23	0	5
ptg012867l_1	206041	1385520	6.72	0	39
ptg012867l_1_region	206041	1385520	6.72	0	39
ptg012868l_1	28121	18943	0.67	0	2
ptg012868l_1_region	28121	18943	0.67	0	2
ptg012870l_1	19739	21324	1.08	0	3
ptg012870l_1_region	19739	21324	1.08	0	3
ptg012871l_1	122872	177630	1.45	0	7
ptg012871l_1_region	122872	177630	1.45	0	7
ptg012887l_1	12751	6087	0.48	0	3
ptg012887l_1_region	12751	6087	0.48	0	3
ptg012888l_1	31573	15911	0.50	0	4
ptg012888l_1_region	31573	15911	0.50	0	4
ptg012891l_1	154980	339783	2.19	0	6
ptg012891l_1_region	154980	339783	2.19	0	6
ptg012892l_1	43389	83039	1.91	0	6
ptg012892l_1_region	43389	83039	1.91	0	6
ptg012895l_1	25384	2723	0.11	0	1
ptg012895l_1_region	25384	2723	0.11	0	1
ptg012899l_1	20234	60134	2.97	0	6
ptg012899l_1_region	20234	60134	2.97	0	6
ptg012900l_1	206803	488586	2.36	0	17
ptg012900l_1_region	206803	488586	2.36	0	17
ptg012904l_1	146686	454097	3.10	0	7
ptg012904l_1_region	146686	454097	3.10	0	7
ptg012914l_1	138867	276117	1.99	0	8
ptg012914l_1_region	138867	276117	1.99	0	8
ptg012917l_1	408939	1381563	3.38	0	10
ptg012917l_1_region	408939	1381563	3.38	0	10
ptg012921l_1	55882	206478	3.69	0	8
ptg012921l_1_region	55882	206478	3.69	0	8
ptg012922l_1	63026	111600	1.77	0	7
ptg012922l_1_region	63026	111600	1.77	0	7
ptg012924l_1	104158	340495	3.27	0	8
ptg012924l_1_region	104158	340495	3.27	0	8
ptg012930l_1	43905	42839	0.98	0	8
ptg012930l_1_region	43905	42839	0.98	0	8
ptg012941l_1	21350	60041	2.81	0	7
ptg012941l_1_region	21350	60041	2.81	0	7
ptg012949l_1	38633	75708	1.96	0	5
ptg012949l_1_region	38633	75708	1.96	0	5
ptg012950l_1	20869	50305	2.41	0	10
ptg012950l_1_region	20869	50305	2.41	0	10
ptg012957l_1	212561	3793501	17.85	0	103
ptg012957l_1_region	212561	3793501	17.85	0	103
ptg012959l_1	67084	146495	2.18	0	12
ptg012959l_1_region	67084	146495	2.18	0	12
ptg012971l_1	168850	346633	2.05	0	6
ptg012971l_1_region	168850	346633	2.05	0	6
ptg012976l_1	23112	15872	0.69	0	2
ptg012976l_1_region	23112	15872	0.69	0	2
ptg012981l_1	40767	79014	1.94	0	6
ptg012981l_1_region	40767	79014	1.94	0	6
ptg012990l_1	38201	60190	1.58	0	4
ptg012990l_1_region	38201	60190	1.58	0	4
ptg013001l_1	566693	1902119	3.36	0	11
ptg013001l_1_region	566693	1902119	3.36	0	11
ptg013005l_1	113686	340878	3.00	0	11
ptg013005l_1_region	113686	340878	3.00	0	11
ptg013009l_1	345009	769164	2.23	0	14
ptg013009l_1_region	345009	769164	2.23	0	14
ptg013010l_1	63010	172635	2.74	0	6
ptg013010l_1_region	63010	172635	2.74	0	6
ptg013011l_1	39583	62825	1.59	0	5
ptg013011l_1_region	39583	62825	1.59	0	5
ptg013013l_1	48276	92533	1.92	0	7
ptg013013l_1_region	48276	92533	1.92	0	7
ptg013014l_1	22725	31189	1.37	0	3
ptg013014l_1_region	22725	31189	1.37	0	3
ptg013018l_1	7405	2924	0.39	0	1
ptg013018l_1_region	7405	2924	0.39	0	1
ptg013022l_1	28509	27520	0.97	0	4
ptg013022l_1_region	28509	27520	0.97	0	4
ptg013029l_1	21438	32659	1.52	0	14
ptg013029l_1_region	21438	32659	1.52	0	14
ptg013033l_1	48260	48827	1.01	0	4
ptg013033l_1_region	48260	48827	1.01	0	4
ptg013037l_1	107357	353317	3.29	0	10
ptg013037l_1_region	107357	353317	3.29	0	10
ptg013039l_1	74714	169869	2.27	0	7
ptg013039l_1_region	74714	169869	2.27	0	7
ptg013043l_1	136444	333638	2.45	0	8
ptg013043l_1_region	136444	333638	2.45	0	8
ptg013047l_1	93159	114769	1.23	0	6
ptg013047l_1_region	93159	114769	1.23	0	6
ptg013049l_1	459503	166929	0.36	0	6
ptg013049l_1_region	459503	166929	0.36	0	6
ptg013050l_1	671725	3477891	5.18	0	35
ptg013050l_1_region	671725	3477891	5.18	0	35
ptg013052l_1	14483	4214	0.29	0	1
ptg013052l_1_region	14483	4214	0.29	0	1
ptg013054l_1	20675	26625	1.29	0	4
ptg013054l_1_region	20675	26625	1.29	0	4
ptg013055l_1	80268	111346	1.39	0	8
ptg013055l_1_region	80268	111346	1.39	0	8
ptg013058l_1	105921	99402	0.94	0	5
ptg013058l_1_region	105921	99402	0.94	0	5
ptg013062l_1	32983	53950	1.64	0	4
ptg013062l_1_region	32983	53950	1.64	0	4
ptg013065l_1	31421	37174	1.18	0	4
ptg013065l_1_region	31421	37174	1.18	0	4
ptg013068l_1	50304	188012	3.74	0	11
ptg013068l_1_region	50304	188012	3.74	0	11
ptg013070l_1	80337	221582	2.76	0	7
ptg013070l_1_region	80337	221582	2.76	0	7
ptg013071l_1	68604	211021	3.08	0	9
ptg013071l_1_region	68604	211021	3.08	0	9
ptg013082l_1	41605	90651	2.18	0	7
ptg013082l_1_region	41605	90651	2.18	0	7
ptg013085l_1	53190	130540	2.45	0	5
ptg013085l_1_region	53190	130540	2.45	0	5
ptg013086l_1	51915	147118	2.83	0	8
ptg013086l_1_region	51915	147118	2.83	0	8
ptg013088l_1	77806	7325	0.09	0	2
ptg013088l_1_region	77806	7325	0.09	0	2
ptg013098l_1	75339	114435	1.52	0	6
ptg013098l_1_region	75339	114435	1.52	0	6
ptg013099l_1	103926	188650	1.82	0	10
ptg013099l_1_region	103926	188650	1.82	0	10
ptg013101l_1	229003	689815	3.01	0	8
ptg013101l_1_region	229003	689815	3.01	0	8
ptg013108l_1	37976	81721	2.15	0	5
ptg013108l_1_region	37976	81721	2.15	0	5
ptg013110l_1	36317	29179	0.80	0	5
ptg013110l_1_region	36317	29179	0.80	0	5
ptg013111l_1	141406	373963	2.64	0	8
ptg013111l_1_region	141406	373963	2.64	0	8
ptg013117l_1	95255	182017	1.91	0	13
ptg013117l_1_region	95255	182017	1.91	0	13
ptg013123l_1	55350	118881	2.15	0	9
ptg013123l_1_region	55350	118881	2.15	0	9
ptg013127l_1	7331	4766	0.65	0	1
ptg013127l_1_region	7331	4766	0.65	0	1
ptg013128l_1	55801	219802	3.94	0	9
ptg013128l_1_region	55801	219802	3.94	0	9
ptg013129l_1	12932	12238	0.95	0	3
ptg013129l_1_region	12932	12238	0.95	0	3
ptg013139l_1	36125	50161	1.39	0	3
ptg013139l_1_region	36125	50161	1.39	0	3
ptg013142l_1	105411	260168	2.47	0	8
ptg013142l_1_region	105411	260168	2.47	0	8
ptg013146l_1	120790	313265	2.59	0	9
ptg013146l_1_region	120790	313265	2.59	0	9
ptg013148l_1	61767	56700	0.92	0	5
ptg013148l_1_region	61767	56700	0.92	0	5
ptg013157l_1	105576	329978	3.13	0	14
ptg013157l_1_region	105576	329978	3.13	0	14
ptg013160l_1	34564	83319	2.41	0	7
ptg013160l_1_region	34564	83319	2.41	0	7
ptg013172l_1	21010	5532	0.26	0	1
ptg013172l_1_region	21010	5532	0.26	0	1
ptg013173l_1	99559	62437	0.63	0	7
ptg013173l_1_region	99559	62437	0.63	0	7
ptg013174l_1	36356	69771	1.92	0	8
ptg013174l_1_region	36356	69771	1.92	0	8
ptg013184l_1	12644	8643	0.68	0	3
ptg013184l_1_region	12644	8643	0.68	0	3
ptg013186l_1	80196	143406	1.79	0	9
ptg013186l_1_region	80196	143406	1.79	0	9
ptg013192l_1	28198	84604	3.00	0	5
ptg013192l_1_region	28198	84604	3.00	0	5
ptg013193l_1	91718	360033	3.93	0	8
ptg013193l_1_region	91718	360033	3.93	0	8
ptg013194l_1	77710	164794	2.12	0	12
ptg013194l_1_region	77710	164794	2.12	0	12
ptg013197l_1	29653	101366	3.42	0	9
ptg013197l_1_region	29653	101366	3.42	0	9
ptg013200l_1	24025	61146	2.55	0	5
ptg013200l_1_region	24025	61146	2.55	0	5
ptg013203l_1	54227	8777	0.16	0	1
ptg013203l_1_region	54227	8777	0.16	0	1
ptg013206l_1	31064	70207	2.26	0	5
ptg013206l_1_region	31064	70207	2.26	0	5
ptg013211l_1	36843	45769	1.24	0	4
ptg013211l_1_region	36843	45769	1.24	0	4
ptg013216l_1	63509	37679	0.59	0	3
ptg013216l_1_region	63509	37679	0.59	0	3
ptg013219l_1	198296	2037450	10.27	0	57
ptg013219l_1_region	198296	2037450	10.27	0	57
ptg013220l_1	116293	278384	2.39	0	9
ptg013220l_1_region	116293	278384	2.39	0	9
ptg013221l_1	57093	119561	2.09	0	5
ptg013221l_1_region	57093	119561	2.09	0	5
ptg013224l_1	43566	90308	2.07	0	6
ptg013224l_1_region	43566	90308	2.07	0	6
ptg013228l_1	746698	1074023	1.44	0	12
ptg013228l_1_region	746698	1074023	1.44	0	12
ptg013229l_1	16231	4299	0.26	0	1
ptg013229l_1_region	16231	4299	0.26	0	1
ptg013232l_1	428286	1708297	3.99	0	49
ptg013232l_1_region	428286	1708297	3.99	0	49
ptg013235l_1	16083	19142	1.19	0	5
ptg013235l_1_region	16083	19142	1.19	0	5
ptg013236l_1	22240	54597	2.45	0	5
ptg013236l_1_region	22240	54597	2.45	0	5
ptg013241l_1	23229	34980	1.51	0	3
ptg013241l_1_region	23229	34980	1.51	0	3
ptg013248l_1	166956	554150	3.32	0	10
ptg013248l_1_region	166956	554150	3.32	0	10
ptg013249l_1	21912	18296	0.83	0	3
ptg013249l_1_region	21912	18296	0.83	0	3
ptg013251l_1	41575	60002	1.44	0	4
ptg013251l_1_region	41575	60002	1.44	0	4
ptg013252l_1	88081	202530	2.30	0	10
ptg013252l_1_region	88081	202530	2.30	0	10
ptg013256l_1	68230	125148	1.83	0	30
ptg013256l_1_region	68230	125148	1.83	0	30
ptg013257l_1	35223	49535	1.41	0	5
ptg013257l_1_region	35223	49535	1.41	0	5
ptg013263l_1	122999	386565	3.14	0	80
ptg013263l_1_region	122999	386565	3.14	0	80
ptg013266l_1	104544	397013	3.80	0	22
ptg013266l_1_region	104544	397013	3.80	0	22
ptg013271l_1	17808	48432	2.72	0	7
ptg013271l_1_region	17808	48432	2.72	0	7
ptg013273l_1	198580	699628	3.52	0	21
ptg013273l_1_region	198580	699628	3.52	0	21
ptg013282l_1	34322	100907	2.94	0	8
ptg013282l_1_region	34322	100907	2.94	0	8
ptg013283l_1	20497	23072	1.13	0	6
ptg013283l_1_region	20497	23072	1.13	0	6
ptg013289l_1	22203	54655	2.46	0	5
ptg013289l_1_region	22203	54655	2.46	0	5
ptg013291l_1	38136	75655	1.98	0	4
ptg013291l_1_region	38136	75655	1.98	0	4
ptg013292l_1	129001	80986	0.63	0	3
ptg013292l_1_region	129001	80986	0.63	0	3
ptg013297l_1	448992	1217830	2.71	0	101
ptg013297l_1_region	448992	1217830	2.71	0	101
ptg013298l_1	61003	84202	1.38	0	6
ptg013298l_1_region	61003	84202	1.38	0	6
ptg013300l_1	117422	185933	1.58	0	5
ptg013300l_1_region	117422	185933	1.58	0	5
ptg013302l_1	16638	28047	1.69	0	4
ptg013302l_1_region	16638	28047	1.69	0	4
ptg013303l_1	34264	67149	1.96	0	5
ptg013303l_1_region	34264	67149	1.96	0	5
ptg013304l_1	19297	45490	2.36	0	5
ptg013304l_1_region	19297	45490	2.36	0	5
ptg013307l_1	737061	4289545	5.82	0	35
ptg013307l_1_region	737061	4289545	5.82	0	35
ptg013309l_1	34899	24295	0.70	0	4
ptg013309l_1_region	34899	24295	0.70	0	4
ptg013314l_1	12049	11535	0.96	0	2
ptg013314l_1_region	12049	11535	0.96	0	2
ptg013318l_1	53735	138537	2.58	0	6
ptg013318l_1_region	53735	138537	2.58	0	6
ptg013319l_1	17801	67866	3.81	0	7
ptg013319l_1_region	17801	67866	3.81	0	7
ptg013325l_1	61624	418906	6.80	0	50
ptg013325l_1_region	61624	418906	6.80	0	50
ptg013328l_1	52431	24460	0.47	0	5
ptg013328l_1_region	52431	24460	0.47	0	5
ptg013331l_1	19144	13284	0.69	0	3
ptg013331l_1_region	19144	13284	0.69	0	3
ptg013335l_1	45976	96838	2.11	0	7
ptg013335l_1_region	45976	96838	2.11	0	7
ptg013342l_1	43851	232178	5.29	0	9
ptg013342l_1_region	43851	232178	5.29	0	9
ptg013348l_1	46137	101816	2.21	0	5
ptg013348l_1_region	46137	101816	2.21	0	5
ptg013351l_1	1521956	4553596	2.99	0	494
ptg013351l_1_region	1521956	4553596	2.99	0	494
ptg013352l_1	35747	52169	1.46	0	3
ptg013352l_1_region	35747	52169	1.46	0	3
ptg013358l_1	17013	20692	1.22	0	4
ptg013358l_1_region	17013	20692	1.22	0	4
ptg013359l_1	56155	200775	3.58	0	10
ptg013359l_1_region	56155	200775	3.58	0	10
ptg013362l_1	28947	62875	2.17	0	6
ptg013362l_1_region	28947	62875	2.17	0	6
ptg013366l_1	41976	96290	2.29	0	8
ptg013366l_1_region	41976	96290	2.29	0	8
ptg013371l_1	29411	23937	0.81	0	2
ptg013371l_1_region	29411	23937	0.81	0	2
ptg013372l_1	58346	88999	1.53	0	6
ptg013372l_1_region	58346	88999	1.53	0	6
ptg013375l_1	29904	39741	1.33	0	4
ptg013375l_1_region	29904	39741	1.33	0	4
ptg013380l_1	40308	109492	2.72	0	9
ptg013380l_1_region	40308	109492	2.72	0	9
ptg013382l_1	21802	34692	1.59	0	3
ptg013382l_1_region	21802	34692	1.59	0	3
ptg013384l_1	7055	5344	0.76	0	2
ptg013384l_1_region	7055	5344	0.76	0	2
ptg013386l_1	22181	13580	0.61	0	2
ptg013386l_1_region	22181	13580	0.61	0	2
ptg013389l_1	260985	847673	3.25	0	41
ptg013389l_1_region	260985	847673	3.25	0	41
ptg013390l_1	104737	314310	3.00	0	9
ptg013390l_1_region	104737	314310	3.00	0	9
ptg013391l_1	38661	97166	2.51	0	8
ptg013391l_1_region	38661	97166	2.51	0	8
ptg013398l_1	79885	189755	2.38	0	6
ptg013398l_1_region	79885	189755	2.38	0	6
ptg013401l_1	121724	644356	5.29	0	44
ptg013401l_1_region	121724	644356	5.29	0	44
ptg013405l_1	217683	107821	0.50	0	3
ptg013405l_1_region	217683	107821	0.50	0	3
ptg013410l_1	38666	115538	2.99	0	9
ptg013410l_1_region	38666	115538	2.99	0	9
ptg013415l_1	61937	74310	1.20	0	5
ptg013415l_1_region	61937	74310	1.20	0	5
ptg013417l_1	59042	101652	1.72	0	7
ptg013417l_1_region	59042	101652	1.72	0	7
ptg013419l_1	18466	17202	0.93	0	3
ptg013419l_1_region	18466	17202	0.93	0	3
ptg013420l_1	36043	140702	3.90	0	8
ptg013420l_1_region	36043	140702	3.90	0	8
ptg013423l_1	423047	57484	0.14	0	2
ptg013423l_1_region	423047	57484	0.14	0	2
ptg013427l_1	199595	182259	0.91	0	8
ptg013427l_1_region	199595	182259	0.91	0	8
ptg013431l_1	67185	138541	2.06	0	6
ptg013431l_1_region	67185	138541	2.06	0	6
ptg013434l_1	28680	58086	2.03	0	5
ptg013434l_1_region	28680	58086	2.03	0	5
ptg013435l_1	33821	27099	0.80	0	3
ptg013435l_1_region	33821	27099	0.80	0	3
ptg013437l_1	82808	107827	1.30	0	4
ptg013437l_1_region	82808	107827	1.30	0	4
ptg013439l_1	21446	26049	1.21	0	11
ptg013439l_1_region	21446	26049	1.21	0	11
ptg013442l_1	29289	78251	2.67	0	7
ptg013442l_1_region	29289	78251	2.67	0	7
ptg013444l_1	74260	124940	1.68	0	6
ptg013444l_1_region	74260	124940	1.68	0	6
ptg013447l_1	15758	2206089	140.00	2	274
ptg013447l_1_region	15758	2206089	140.00	2	274
ptg013450l_1	262883	656948	2.50	0	10
ptg013450l_1_region	262883	656948	2.50	0	10
ptg013453l_1	75506	294665	3.90	0	8
ptg013453l_1_region	75506	294665	3.90	0	8
ptg013454l_1	67748	138931	2.05	0	7
ptg013454l_1_region	67748	138931	2.05	0	7
ptg013459l_1	36830	131008	3.56	0	9
ptg013459l_1_region	36830	131008	3.56	0	9
ptg013460l_1	40022	175132	4.38	0	10
ptg013460l_1_region	40022	175132	4.38	0	10
ptg013464l_1	61407	61384	1.00	0	5
ptg013464l_1_region	61407	61384	1.00	0	5
ptg013471l_1	28871	34969	1.21	0	5
ptg013471l_1_region	28871	34969	1.21	0	5
ptg013475l_1	47572	159372	3.35	0	8
ptg013475l_1_region	47572	159372	3.35	0	8
ptg013480l_1	448076	126118	0.28	0	15
ptg013480l_1_region	448076	126118	0.28	0	15
ptg013484l_1	39180	36234	0.92	0	2
ptg013484l_1_region	39180	36234	0.92	0	2
ptg013488l_1	29210	29621	1.01	0	4
ptg013488l_1_region	29210	29621	1.01	0	4
ptg013490l_1	47112	85448	1.81	0	5
ptg013490l_1_region	47112	85448	1.81	0	5
ptg013492l_1	6662	4345	0.65	0	1
ptg013492l_1_region	6662	4345	0.65	0	1
ptg013500l_1	101565	192650	1.90	0	10
ptg013500l_1_region	101565	192650	1.90	0	10
ptg013501l_1	78074	135204	1.73	0	5
ptg013501l_1_region	78074	135204	1.73	0	5
ptg013505l_1	28187	32544	1.15	0	3
ptg013505l_1_region	28187	32544	1.15	0	3
ptg013508l_1	37336	59637	1.60	0	5
ptg013508l_1_region	37336	59637	1.60	0	5
ptg013512l_1	311643	810262	2.60	0	21
ptg013512l_1_region	311643	810262	2.60	0	21
ptg013516l_1	24927	26297	1.05	0	6
ptg013516l_1_region	24927	26297	1.05	0	6
ptg013520l_1	19523	10818	0.55	0	4
ptg013520l_1_region	19523	10818	0.55	0	4
ptg013521l_1	163233	315498	1.93	0	10
ptg013521l_1_region	163233	315498	1.93	0	10
ptg013522l_1	71741	112812	1.57	0	6
ptg013522l_1_region	71741	112812	1.57	0	6
ptg013526l_1	24146	7900	0.33	0	2
ptg013526l_1_region	24146	7900	0.33	0	2
ptg013531l_1	145483	459356	3.16	0	12
ptg013531l_1_region	145483	459356	3.16	0	12
ptg013532l_1	12144	6172	0.51	0	2
ptg013532l_1_region	12144	6172	0.51	0	2
ptg013534l_1	25204	4494	0.18	0	1
ptg013534l_1_region	25204	4494	0.18	0	1
ptg013535l_1	11642	27540	2.37	0	6
ptg013535l_1_region	11642	27540	2.37	0	6
ptg013543l_1	20358	23291	1.14	0	11
ptg013543l_1_region	20358	23291	1.14	0	11
ptg013544l_1	226004	533326	2.36	0	8
ptg013544l_1_region	226004	533326	2.36	0	8
ptg013551l_1	82350	171331	2.08	0	7
ptg013551l_1_region	82350	171331	2.08	0	7
ptg013552l_1	30732	37237	1.21	0	4
ptg013552l_1_region	30732	37237	1.21	0	4
ptg013555l_1	66704	520469	7.80	0	34
ptg013555l_1_region	66704	520469	7.80	0	34
ptg013556l_1	33360	55654	1.67	0	4
ptg013556l_1_region	33360	55654	1.67	0	4
ptg013559l_1	153026	134437	0.88	0	4
ptg013559l_1_region	153026	134437	0.88	0	4
ptg013560l_1	86468	194275	2.25	0	12
ptg013560l_1_region	86468	194275	2.25	0	12
ptg013565l_1	6639	10265	1.55	0	6
ptg013565l_1_region	6639	10265	1.55	0	6
ptg013570l_1	204703	391718	1.91	0	45
ptg013570l_1_region	204703	391718	1.91	0	45
ptg013573l_1	33299	23723	0.71	0	3
ptg013573l_1_region	33299	23723	0.71	0	3
ptg013577l_1	12330	9059	0.73	0	2
ptg013577l_1_region	12330	9059	0.73	0	2
ptg013579l_1	127198	234203	1.84	0	12
ptg013579l_1_region	127198	234203	1.84	0	12
ptg013582l_1	20475	14283	0.70	0	3
ptg013582l_1_region	20475	14283	0.70	0	3
ptg013583l_1	299369	906197	3.03	0	20
ptg013583l_1_region	299369	906197	3.03	0	20
ptg013589l_1	30076	57704	1.92	0	31
ptg013589l_1_region	30076	57704	1.92	0	31
ptg013590l_1	35810	53592	1.50	0	4
ptg013590l_1_region	35810	53592	1.50	0	4
ptg013592l_1	25351	12845	0.51	0	4
ptg013592l_1_region	25351	12845	0.51	0	4
ptg013593l_1	63910	81851	1.28	0	8
ptg013593l_1_region	63910	81851	1.28	0	8
ptg013595l_1	30560	72625	2.38	0	6
ptg013595l_1_region	30560	72625	2.38	0	6
ptg013596l_1	17358	38675	2.23	0	5
ptg013596l_1_region	17358	38675	2.23	0	5
ptg013598l_1	335330	889631	2.65	0	11
ptg013598l_1_region	335330	889631	2.65	0	11
ptg013600l_1	808909	509864	0.63	0	5
ptg013600l_1_region	808909	509864	0.63	0	5
ptg013601l_1	137098	91465	0.67	0	3
ptg013601l_1_region	137098	91465	0.67	0	3
ptg013603l_1	662433	230398	0.35	0	4
ptg013603l_1_region	662433	230398	0.35	0	4
ptg013611l_1	23102	6302	0.27	0	1
ptg013611l_1_region	23102	6302	0.27	0	1
ptg013618l_1	59835	3602	0.06	0	2
ptg013618l_1_region	59835	3602	0.06	0	2
ptg013619l_1	39923	47311	1.19	0	5
ptg013619l_1_region	39923	47311	1.19	0	5
ptg013620l_1	20594	22634	1.10	0	3
ptg013620l_1_region	20594	22634	1.10	0	3
ptg013622l_1	55198	45513	0.82	0	5
ptg013622l_1_region	55198	45513	0.82	0	5
ptg013623l_1	81505	398764	4.89	0	12
ptg013623l_1_region	81505	398764	4.89	0	12
ptg013624l_1	115737	452206	3.91	0	12
ptg013624l_1_region	115737	452206	3.91	0	12
ptg013629l_1	37392	54883	1.47	0	4
ptg013629l_1_region	37392	54883	1.47	0	4
ptg013630l_1	50430	72766	1.44	0	10
ptg013630l_1_region	50430	72766	1.44	0	10
ptg013635l_1	51383	221454	4.31	0	10
ptg013635l_1_region	51383	221454	4.31	0	10
ptg013637l_1	49928	55710	1.12	0	4
ptg013637l_1_region	49928	55710	1.12	0	4
ptg013638l_1	26551	110974	4.18	0	9
ptg013638l_1_region	26551	110974	4.18	0	9
ptg013641l_1	54409	33610	0.62	0	2
ptg013641l_1_region	54409	33610	0.62	0	2
ptg013642l_1	22117	29326	1.33	0	3
ptg013642l_1_region	22117	29326	1.33	0	3
ptg013643l_1	34594	81462	2.35	0	5
ptg013643l_1_region	34594	81462	2.35	0	5
ptg013644l_1	32343	51794	1.60	0	3
ptg013644l_1_region	32343	51794	1.60	0	3
ptg013645l_1	80631	119753	1.49	0	6
ptg013645l_1_region	80631	119753	1.49	0	6
ptg013649l_1	26991	150469	5.57	0	19
ptg013649l_1_region	26991	150469	5.57	0	19
ptg013652l_1	24142	30563	1.27	0	3
ptg013652l_1_region	24142	30563	1.27	0	3
ptg013653l_1	24891	10293	0.41	0	2
ptg013653l_1_region	24891	10293	0.41	0	2
ptg013654l_1	41714	72021	1.73	0	4
ptg013654l_1_region	41714	72021	1.73	0	4
ptg013655l_1	41604	70397	1.69	0	5
ptg013655l_1_region	41604	70397	1.69	0	5
ptg013658l_1	22430	45351	2.02	0	8
ptg013658l_1_region	22430	45351	2.02	0	8
ptg013661l_1	11071	18895	1.71	0	3
ptg013661l_1_region	11071	18895	1.71	0	3
ptg013666l_1	164849	267817	1.62	0	8
ptg013666l_1_region	164849	267817	1.62	0	8
ptg013668l_1	40879	50898	1.25	0	5
ptg013668l_1_region	40879	50898	1.25	0	5
ptg013671l_1	340621	70643	0.21	0	2
ptg013671l_1_region	340621	70643	0.21	0	2
ptg013672l_1	112097	129303	1.15	0	4
ptg013672l_1_region	112097	129303	1.15	0	4
ptg013677l_1	15487	5420	0.35	0	1
ptg013677l_1_region	15487	5420	0.35	0	1
ptg013681l_1	79415	54211	0.68	0	7
ptg013681l_1_region	79415	54211	0.68	0	7
ptg013687l_1	15649	5448	0.35	0	1
ptg013687l_1_region	15649	5448	0.35	0	1
ptg013695l_1	13340	11925	0.89	0	2
ptg013695l_1_region	13340	11925	0.89	0	2
ptg013696l_1	237636	404558	1.70	0	8
ptg013696l_1_region	237636	404558	1.70	0	8
ptg013697l_1	62231	23050	0.37	0	1
ptg013697l_1_region	62231	23050	0.37	0	1
ptg013698l_1	32220	4252	0.13	0	1
ptg013698l_1_region	32220	4252	0.13	0	1
ptg013699l_1	77228	748853	9.70	0	22
ptg013699l_1_region	77228	748853	9.70	0	22
ptg013701l_1	73364	309666	4.22	0	11
ptg013701l_1_region	73364	309666	4.22	0	11
ptg013703l_1	37974	51277	1.35	0	4
ptg013703l_1_region	37974	51277	1.35	0	4
ptg013706l_1	16438	48018	2.92	0	7
ptg013706l_1_region	16438	48018	2.92	0	7
ptg013707l_1	37163	15019	0.40	0	1
ptg013707l_1_region	37163	15019	0.40	0	1
ptg013708l_1	33782	257468	7.62	1	13
ptg013708l_1_region	33782	257468	7.62	1	13
ptg013710l_1	30420	5245	0.17	0	1
ptg013710l_1_region	30420	5245	0.17	0	1
ptg013713l_1	17607	5372	0.31	0	1
ptg013713l_1_region	17607	5372	0.31	0	1
ptg013715l_1	64666	437899	6.77	0	19
ptg013715l_1_region	64666	437899	6.77	0	19
ptg013723l_1	10931	3567	0.33	0	2
ptg013723l_1_region	10931	3567	0.33	0	2
ptg013725l_1	125952	226624	1.80	0	7
ptg013725l_1_region	125952	226624	1.80	0	7
ptg013734l_1	84395	62159	0.74	0	4
ptg013734l_1_region	84395	62159	0.74	0	4
ptg013736l_1	280369	27158	0.10	0	2
ptg013736l_1_region	280369	27158	0.10	0	2
ptg013737l_1	286934	82892	0.29	0	3
ptg013737l_1_region	286934	82892	0.29	0	3
ptg013738l_1	405276	339525	0.84	0	6
ptg013738l_1_region	405276	339525	0.84	0	6
ptg013741l_1	42310	205430	4.86	0	13
ptg013741l_1_region	42310	205430	4.86	0	13
ptg013751l_1	76137	211541	2.78	0	10
ptg013751l_1_region	76137	211541	2.78	0	10
ptg013760l_1	28241	120607	4.27	0	13
ptg013760l_1_region	28241	120607	4.27	0	13
ptg013761l_1	75408	223496	2.96	0	10
ptg013761l_1_region	75408	223496	2.96	0	10
ptg013779l_1	71876	165426	2.30	0	9
ptg013779l_1_region	71876	165426	2.30	0	9
ptg013794l_1	14698	6738	0.46	0	2
ptg013794l_1_region	14698	6738	0.46	0	2
ptg013796l_1	114705	417908	3.64	0	9
ptg013796l_1_region	114705	417908	3.64	0	9
ptg013798l_1	70996	274510	3.87	0	8
ptg013798l_1_region	70996	274510	3.87	0	8
ptg013799l_1	62051	93220	1.50	0	7
ptg013799l_1_region	62051	93220	1.50	0	7
ptg013802l_1	38018	32750	0.86	0	5
ptg013802l_1_region	38018	32750	0.86	0	5
ptg013805l_1	53888	102863	1.91	0	6
ptg013805l_1_region	53888	102863	1.91	0	6
ptg013817l_1	107339	221827	2.07	0	9
ptg013817l_1_region	107339	221827	2.07	0	9
ptg013821l_1	86539	222656	2.57	0	10
ptg013821l_1_region	86539	222656	2.57	0	10
ptg013823l_1	52560	170194	3.24	0	12
ptg013823l_1_region	52560	170194	3.24	0	12
ptg013824l_1	179257	621859	3.47	0	10
ptg013824l_1_region	179257	621859	3.47	0	10
ptg013831l_1	72281	72702	1.01	0	5
ptg013831l_1_region	72281	72702	1.01	0	5
ptg013837l_1	72511	233850	3.23	0	6
ptg013837l_1_region	72511	233850	3.23	0	6
ptg013838l_1	111806	241114	2.16	0	9
ptg013838l_1_region	111806	241114	2.16	0	9
ptg013841l_1	133504	354211	2.65	0	27
ptg013841l_1_region	133504	354211	2.65	0	27
ptg013842l_1	18709	55408	2.96	0	7
ptg013842l_1_region	18709	55408	2.96	0	7
ptg013843l_1	58866	125887	2.14	0	7
ptg013843l_1_region	58866	125887	2.14	0	7
ptg013845l_1	9534	12238	1.28	0	3
ptg013845l_1_region	9534	12238	1.28	0	3
ptg013858l_1	19701	14476	0.73	0	2
ptg013858l_1_region	19701	14476	0.73	0	2
ptg013861l_1	322062	977453	3.03	0	10
ptg013861l_1_region	322062	977453	3.03	0	10
ptg013865l_1	16438	22740	1.38	0	3
ptg013865l_1_region	16438	22740	1.38	0	3
ptg013871l_1	36366	101207	2.78	0	10
ptg013871l_1_region	36366	101207	2.78	0	10
ptg013875l_1	15247	40895	2.68	0	6
ptg013875l_1_region	15247	40895	2.68	0	6
ptg013876l_1	139521	461874	3.31	0	9
ptg013876l_1_region	139521	461874	3.31	0	9
ptg013877l_1	90280	260940	2.89	0	7
ptg013877l_1_region	90280	260940	2.89	0	7
ptg013878l_1	51523	191765	3.72	0	7
ptg013878l_1_region	51523	191765	3.72	0	7
ptg013895l_1	73021	114554	1.57	0	4
ptg013895l_1_region	73021	114554	1.57	0	4
ptg013896l_1	144532	209433	1.45	0	5
ptg013896l_1_region	144532	209433	1.45	0	5
ptg013901l_1	84538	212136	2.51	0	7
ptg013901l_1_region	84538	212136	2.51	0	7
ptg013902l_1	73900	143940	1.95	0	7
ptg013902l_1_region	73900	143940	1.95	0	7
ptg013907l_1	9040	8857	0.98	0	2
ptg013907l_1_region	9040	8857	0.98	0	2
ptg013912l_1	168952	523157	3.10	0	16
ptg013912l_1_region	168952	523157	3.10	0	16
ptg013916l_1	24216	23871	0.99	0	3
ptg013916l_1_region	24216	23871	0.99	0	3
ptg013917l_1	107516	143656	1.34	0	4
ptg013917l_1_region	107516	143656	1.34	0	4
ptg013920l_1	227668	4491707	19.73	0	68
ptg013920l_1_region	227668	4491707	19.73	0	68
ptg013921l_1	86790	322294	3.71	0	7
ptg013921l_1_region	86790	322294	3.71	0	7
ptg013927l_1	12628	8477	0.67	0	2
ptg013927l_1_region	12628	8477	0.67	0	2
ptg013928l_1	128316	441277	3.44	0	8
ptg013928l_1_region	128316	441277	3.44	0	8
ptg013929l_1	24411	60418	2.48	0	7
ptg013929l_1_region	24411	60418	2.48	0	7
ptg013939l_1	31997	19056	0.60	0	2
ptg013939l_1_region	31997	19056	0.60	0	2
ptg013943l_1	42450	100824	2.38	0	6
ptg013943l_1_region	42450	100824	2.38	0	6
ptg013945l_1	103661	267017	2.58	0	10
ptg013945l_1_region	103661	267017	2.58	0	10
ptg013949l_1	99800	456173	4.57	0	12
ptg013949l_1_region	99800	456173	4.57	0	12
ptg013952l_1	148876	274759	1.85	0	7
ptg013952l_1_region	148876	274759	1.85	0	7
ptg013954l_1	43959	163506	3.72	0	9
ptg013954l_1_region	43959	163506	3.72	0	9
ptg013962l_1	20796	11678	0.56	0	2
ptg013962l_1_region	20796	11678	0.56	0	2
ptg013966l_1	32581	56994	1.75	0	4
ptg013966l_1_region	32581	56994	1.75	0	4
ptg013970l_1	26602	32556	1.22	0	4
ptg013970l_1_region	26602	32556	1.22	0	4
ptg013979l_1	177227	366195	2.07	0	6
ptg013979l_1_region	177227	366195	2.07	0	6
ptg013982l_1	35471	135712	3.83	0	10
ptg013982l_1_region	35471	135712	3.83	0	10
ptg013984l_1	16379	130938	7.99	0	12
ptg013984l_1_region	16379	130938	7.99	0	12
ptg013986l_1	29944	76671	2.56	0	13
ptg013986l_1_region	29944	76671	2.56	0	13
ptg013989l_1	18243	5187	0.28	0	1
ptg013989l_1_region	18243	5187	0.28	0	1
ptg013991l_1	17667	33288	1.88	0	3
ptg013991l_1_region	17667	33288	1.88	0	3
ptg013992l_1	23572	24962	1.06	0	3
ptg013992l_1_region	23572	24962	1.06	0	3
ptg014001l_1	143010	324862	2.27	0	8
ptg014001l_1_region	143010	324862	2.27	0	8
ptg014006l_1	136908	375270	2.74	0	8
ptg014006l_1_region	136908	375270	2.74	0	8
ptg014011l_1	622574	1450888	2.33	0	117
ptg014011l_1_region	622574	1450888	2.33	0	117
ptg014014l_1	68780	255584	3.72	0	13
ptg014014l_1_region	68780	255584	3.72	0	13
ptg014018l_1	569954	1692934	2.97	0	10
ptg014018l_1_region	569954	1692934	2.97	0	10
ptg014022l_1	18311	30329	1.66	0	4
ptg014022l_1_region	18311	30329	1.66	0	4
ptg014023l_1	31263	35692	1.14	0	3
ptg014023l_1_region	31263	35692	1.14	0	3
ptg014026l_1	28204	58279	2.07	0	5
ptg014026l_1_region	28204	58279	2.07	0	5
ptg014027l_1	17663	22578	1.28	0	3
ptg014027l_1_region	17663	22578	1.28	0	3
ptg014028l_1	50378	101629	2.02	0	6
ptg014028l_1_region	50378	101629	2.02	0	6
ptg014030l_1	32279	39882	1.24	0	4
ptg014030l_1_region	32279	39882	1.24	0	4
ptg014032l_1	13539	30247	2.23	0	7
ptg014032l_1_region	13539	30247	2.23	0	7
ptg014037l_1	201021	390108	1.94	0	15
ptg014037l_1_region	201021	390108	1.94	0	15
ptg014038l_1	35909	53120	1.48	0	5
ptg014038l_1_region	35909	53120	1.48	0	5
ptg014039l_1	67336	81000	1.20	0	6
ptg014039l_1_region	67336	81000	1.20	0	6
ptg014044l_1	80945	203922	2.52	0	7
ptg014044l_1_region	80945	203922	2.52	0	7
ptg014045l_1	168548	2964047	17.59	0	104
ptg014045l_1_region	168548	2964047	17.59	0	104
ptg014048l_1	37171	4123	0.11	0	1
ptg014048l_1_region	37171	4123	0.11	0	1
ptg014051l_1	88593	221777	2.50	0	9
ptg014051l_1_region	88593	221777	2.50	0	9
ptg014053l_1	335781	785057	2.34	0	8
ptg014053l_1_region	335781	785057	2.34	0	8
ptg014058l_1	913026	2997277	3.28	0	12
ptg014058l_1_region	913026	2997277	3.28	0	12
ptg014059l_1	91220	165416	1.81	0	7
ptg014059l_1_region	91220	165416	1.81	0	7
ptg014063l_1	60739	49734	0.82	0	2
ptg014063l_1_region	60739	49734	0.82	0	2
ptg014066l_1	48424	140253	2.90	0	8
ptg014066l_1_region	48424	140253	2.90	0	8
ptg014073l_1	30149	39906	1.32	0	4
ptg014073l_1_region	30149	39906	1.32	0	4
ptg014075l_1	14913	32564	2.18	0	4
ptg014075l_1_region	14913	32564	2.18	0	4
ptg014076l_1	20226	36551	1.81	0	4
ptg014076l_1_region	20226	36551	1.81	0	4
ptg014079l_1	29498	25589	0.87	0	2
ptg014079l_1_region	29498	25589	0.87	0	2
ptg014080l_1	25380	83546	3.29	0	8
ptg014080l_1_region	25380	83546	3.29	0	8
ptg014085l_1	35406	104122	2.94	0	8
ptg014085l_1_region	35406	104122	2.94	0	8
ptg014087l_1	78998	187099	2.37	0	8
ptg014087l_1_region	78998	187099	2.37	0	8
ptg014088l_1	19491	9799	0.50	0	4
ptg014088l_1_region	19491	9799	0.50	0	4
ptg014089l_1	60067	104478	1.74	0	6
ptg014089l_1_region	60067	104478	1.74	0	6
ptg014090l_1	15825	26019	1.64	0	5
ptg014090l_1_region	15825	26019	1.64	0	5
ptg014092l_1	71884	150112	2.09	0	9
ptg014092l_1_region	71884	150112	2.09	0	9
ptg014096l_1	82210	313378	3.81	0	14
ptg014096l_1_region	82210	313378	3.81	0	14
ptg014100l_1	18005	59900	3.33	0	8
ptg014100l_1_region	18005	59900	3.33	0	8
ptg014104l_1	30579	99261	3.25	0	11
ptg014104l_1_region	30579	99261	3.25	0	11
ptg014106l_1	14408	23993	1.67	0	3
ptg014106l_1_region	14408	23993	1.67	0	3
ptg014108l_1	16153	31011	1.92	0	6
ptg014108l_1_region	16153	31011	1.92	0	6
ptg014109l_1	50824	79632	1.57	0	4
ptg014109l_1_region	50824	79632	1.57	0	4
ptg014110l_1	18849	31161	1.65	0	5
ptg014110l_1_region	18849	31161	1.65	0	5
ptg014116l_1	16192	41778	2.58	0	6
ptg014116l_1_region	16192	41778	2.58	0	6
ptg014118l_1	31514	73955	2.35	0	8
ptg014118l_1_region	31514	73955	2.35	0	8
ptg014123l_1	228643	64573	0.28	0	5
ptg014123l_1_region	228643	64573	0.28	0	5
ptg014131l_1	12207	14494	1.19	0	2
ptg014131l_1_region	12207	14494	1.19	0	2
ptg014132l_1	114124	519129	4.55	0	18
ptg014132l_1_region	114124	519129	4.55	0	18
ptg014134l_1	101039	260147	2.57	0	39
ptg014134l_1_region	101039	260147	2.57	0	39
ptg014137l_1	86214	201308	2.33	0	5
ptg014137l_1_region	86214	201308	2.33	0	5
ptg014144l_1	15250	6820	0.45	0	1
ptg014144l_1_region	15250	6820	0.45	0	1
ptg014151l_1	549525	3803263	6.92	0	94
ptg014151l_1_region	549525	3803263	6.92	0	94
ptg014152l_1	51976	115007	2.21	0	5
ptg014152l_1_region	51976	115007	2.21	0	5
ptg014154l_1	10691	10376	0.97	0	3
ptg014154l_1_region	10691	10376	0.97	0	3
ptg014160l_1	49473	12295	0.25	0	3
ptg014160l_1_region	49473	12295	0.25	0	3
ptg014162l_1	84965	142208	1.67	0	6
ptg014162l_1_region	84965	142208	1.67	0	6
ptg014163l_1	55041	61453	1.12	0	5
ptg014163l_1_region	55041	61453	1.12	0	5
ptg014166l_1	15342	35050	2.28	0	7
ptg014166l_1_region	15342	35050	2.28	0	7
ptg014167l_1	49426	189133	3.83	0	11
ptg014167l_1_region	49426	189133	3.83	0	11
ptg014169l_1	314630	494483	1.57	0	27
ptg014169l_1_region	314630	494483	1.57	0	27
ptg014170l_1	31261	111767	3.58	0	8
ptg014170l_1_region	31261	111767	3.58	0	8
ptg014172l_1	377518	1369062	3.63	0	16
ptg014172l_1_region	377518	1369062	3.63	0	16
ptg014174l_1	28491	31675	1.11	0	4
ptg014174l_1_region	28491	31675	1.11	0	4
ptg014180l_1	35313	39740	1.13	0	6
ptg014180l_1_region	35313	39740	1.13	0	6
ptg014181l_1	67805	88300	1.30	0	5
ptg014181l_1_region	67805	88300	1.30	0	5
ptg014182l_1	36926	64041	1.73	0	7
ptg014182l_1_region	36926	64041	1.73	0	7
ptg014183l_1	133717	399839	2.99	0	12
ptg014183l_1_region	133717	399839	2.99	0	12
ptg014186l_1	498411	634139	1.27	0	13
ptg014186l_1_region	498411	634139	1.27	0	13
ptg014188l_1	21511	24292	1.13	0	4
ptg014188l_1_region	21511	24292	1.13	0	4
ptg014189l_1	59799	92697	1.55	0	6
ptg014189l_1_region	59799	92697	1.55	0	6
ptg014196l_1	49024	109573	2.24	0	7
ptg014196l_1_region	49024	109573	2.24	0	7
ptg014197l_1	121326	160896	1.33	0	6
ptg014197l_1_region	121326	160896	1.33	0	6
ptg014199l_1	14276	9577	0.67	0	2
ptg014199l_1_region	14276	9577	0.67	0	2
ptg014207l_1	370437	1507100	4.07	0	60
ptg014207l_1_region	370437	1507100	4.07	0	60
ptg014208l_1	144049	211501	1.47	0	7
ptg014208l_1_region	144049	211501	1.47	0	7
ptg014215l_1	22173	9934	0.45	0	3
ptg014215l_1_region	22173	9934	0.45	0	3
ptg014219l_1	742346	1937878	2.61	0	16
ptg014219l_1_region	742346	1937878	2.61	0	16
ptg014227l_1	20344	5855	0.29	0	2
ptg014227l_1_region	20344	5855	0.29	0	2
ptg014229l_1	8660	3894	0.45	0	2
ptg014229l_1_region	8660	3894	0.45	0	2
ptg014231l_1	110518	71747	0.65	0	4
ptg014231l_1_region	110518	71747	0.65	0	4
ptg014235l_1	20437	28785	1.41	0	4
ptg014235l_1_region	20437	28785	1.41	0	4
ptg014242l_1	75272	263205	3.50	0	10
ptg014242l_1_region	75272	263205	3.50	0	10
ptg014245l_1	38805	62200	1.60	0	8
ptg014245l_1_region	38805	62200	1.60	0	8
ptg014246l_1	50272	190429	3.79	0	8
ptg014246l_1_region	50272	190429	3.79	0	8
ptg014247l_1	92427	215364	2.33	0	8
ptg014247l_1_region	92427	215364	2.33	0	8
ptg014251l_1	50900	414872	8.15	0	20
ptg014251l_1_region	50900	414872	8.15	0	20
ptg014252l_1	26135	74015	2.83	0	7
ptg014252l_1_region	26135	74015	2.83	0	7
ptg014255l_1	1058199	860207	0.81	0	10
ptg014255l_1_region	1058199	860207	0.81	0	10
ptg014256l_1	39122	11775	0.30	0	1
ptg014256l_1_region	39122	11775	0.30	0	1
ptg014257l_1	16932	12347	0.73	0	3
ptg014257l_1_region	16932	12347	0.73	0	3
ptg014259l_1	42941	239066	5.57	0	11
ptg014259l_1_region	42941	239066	5.57	0	11
ptg014274l_1	24181	45304	1.87	0	4
ptg014274l_1_region	24181	45304	1.87	0	4
ptg014277l_1	93973	498622	5.31	0	15
ptg014277l_1_region	93973	498622	5.31	0	15
ptg014278c_1	12355	45762	3.70	0	7
ptg014278c_1_region	12355	45762	3.70	0	7
ptg014279l_1	71508	176621	2.47	0	7
ptg014279l_1_region	71508	176621	2.47	0	7
ptg014280l_1	34442	7733	0.22	0	1
ptg014280l_1_region	34442	7733	0.22	0	1
ptg014282l_1	71664	186649	2.60	0	11
ptg014282l_1_region	71664	186649	2.60	0	11
ptg014283l_1	28897	38442	1.33	0	4
ptg014283l_1_region	28897	38442	1.33	0	4
ptg014285l_1	21860	47693	2.18	0	5
ptg014285l_1_region	21860	47693	2.18	0	5
ptg014286l_1	57199	49461	0.86	0	3
ptg014286l_1_region	57199	49461	0.86	0	3
ptg014287l_1	22451	14439	0.64	0	1
ptg014287l_1_region	22451	14439	0.64	0	1
ptg014289l_1	98695	100821	1.02	0	8
ptg014289l_1_region	98695	100821	1.02	0	8
ptg014292l_1	115885	151946	1.31	0	5
ptg014292l_1_region	115885	151946	1.31	0	5
ptg014296l_1	31400	47026	1.50	0	4
ptg014296l_1_region	31400	47026	1.50	0	4
ptg014297l_1	96345	64872	0.67	0	3
ptg014297l_1_region	96345	64872	0.67	0	3
ptg014318l_1	11415	31461	2.76	0	6
ptg014318l_1_region	11415	31461	2.76	0	6
ptg014320l_1	18838	63347	3.36	0	8
ptg014320l_1_region	18838	63347	3.36	0	8
ptg014321l_1	36235	93671	2.59	0	7
ptg014321l_1_region	36235	93671	2.59	0	7
ptg014330l_1	37236	54161	1.45	0	3
ptg014330l_1_region	37236	54161	1.45	0	3
ptg014334l_1	13635	7534	0.55	0	2
ptg014334l_1_region	13635	7534	0.55	0	2
ptg014339l_1	13970	89857	6.43	0	12
ptg014339l_1_region	13970	89857	6.43	0	12
ptg014343l_1	7869	4294	0.55	0	1
ptg014343l_1_region	7869	4294	0.55	0	1
ptg014345l_1	76525	192773	2.52	0	13
ptg014345l_1_region	76525	192773	2.52	0	13
ptg014348l_1	34545	67883	1.97	0	5
ptg014348l_1_region	34545	67883	1.97	0	5
ptg014350l_1	26241	44223	1.69	0	5
ptg014350l_1_region	26241	44223	1.69	0	5
ptg014355l_1	429086	103454	0.24	0	4
ptg014355l_1_region	429086	103454	0.24	0	4
ptg014357l_1	29982	66808	2.23	0	5
ptg014357l_1_region	29982	66808	2.23	0	5
ptg014362l_1	33069	43112	1.30	0	3
ptg014362l_1_region	33069	43112	1.30	0	3
ptg014363l_1	146323	422495	2.89	0	10
ptg014363l_1_region	146323	422495	2.89	0	10
ptg014367l_1	31364	66301	2.11	0	7
ptg014367l_1_region	31364	66301	2.11	0	7
ptg014371l_1	14052	1219	0.09	0	5
ptg014371l_1_region	14052	1219	0.09	0	5
ptg014372l_1	40720	105380	2.59	0	8
ptg014372l_1_region	40720	105380	2.59	0	8
ptg014374l_1	37606	50468	1.34	0	5
ptg014374l_1_region	37606	50468	1.34	0	5
ptg014378l_1	296656	1040847	3.51	0	19
ptg014378l_1_region	296656	1040847	3.51	0	19
ptg014381l_1	15460	40990	2.65	0	16
ptg014381l_1_region	15460	40990	2.65	0	16
ptg014382l_1	24938	3681	0.15	0	1
ptg014382l_1_region	24938	3681	0.15	0	1
ptg014390l_1	13481	26067	1.93	0	3
ptg014390l_1_region	13481	26067	1.93	0	3
ptg014391l_1	298752	1167318	3.91	0	13
ptg014391l_1_region	298752	1167318	3.91	0	13
ptg014392l_1	47298	234819	4.96	0	15
ptg014392l_1_region	47298	234819	4.96	0	15
ptg014394l_1	296551	1138187	3.84	0	11
ptg014394l_1_region	296551	1138187	3.84	0	11
ptg014397l_1	50201	84540	1.68	0	5
ptg014397l_1_region	50201	84540	1.68	0	5
ptg014399l_1	209234	471721	2.25	0	9
ptg014399l_1_region	209234	471721	2.25	0	9
ptg014402l_1	27428	35670	1.30	0	4
ptg014402l_1_region	27428	35670	1.30	0	4
ptg014404l_1	51564	118894	2.31	0	6
ptg014404l_1_region	51564	118894	2.31	0	6
ptg014405l_1	63095	115705	1.83	0	7
ptg014405l_1_region	63095	115705	1.83	0	7
ptg014408l_1	43408	72504	1.67	0	4
ptg014408l_1_region	43408	72504	1.67	0	4
ptg014411l_1	52294	302608	5.79	0	14
ptg014411l_1_region	52294	302608	5.79	0	14
ptg014416l_1	53006	154772	2.92	0	6
ptg014416l_1_region	53006	154772	2.92	0	6
ptg014422l_1	37940	72518	1.91	0	6
ptg014422l_1_region	37940	72518	1.91	0	6
ptg014424l_1	36402	97196	2.67	0	6
ptg014424l_1_region	36402	97196	2.67	0	6
ptg014427l_1	22095	36973	1.67	0	4
ptg014427l_1_region	22095	36973	1.67	0	4
ptg014428l_1	325572	2071420	6.36	0	30
ptg014428l_1_region	325572	2071420	6.36	0	30
ptg014430l_1	146327	231241	1.58	0	8
ptg014430l_1_region	146327	231241	1.58	0	8
ptg014437l_1	38708	153376	3.96	0	7
ptg014437l_1_region	38708	153376	3.96	0	7
ptg014439l_1	28968	45349	1.57	0	4
ptg014439l_1_region	28968	45349	1.57	0	4
ptg014442l_1	202134	519709	2.57	0	13
ptg014442l_1_region	202134	519709	2.57	0	13
ptg014448l_1	35340	66646	1.89	0	4
ptg014448l_1_region	35340	66646	1.89	0	4
ptg014450l_1	7308	5351	0.73	0	2
ptg014450l_1_region	7308	5351	0.73	0	2
ptg014451l_1	89075	166613	1.87	0	6
ptg014451l_1_region	89075	166613	1.87	0	6
ptg014452l_1	32868	52916	1.61	0	4
ptg014452l_1_region	32868	52916	1.61	0	4
ptg014456l_1	61838	204868	3.31	0	8
ptg014456l_1_region	61838	204868	3.31	0	8
ptg014459l_1	52911	53995	1.02	0	5
ptg014459l_1_region	52911	53995	1.02	0	5
ptg014462l_1	33863	110598	3.27	0	7
ptg014462l_1_region	33863	110598	3.27	0	7
ptg014466l_1	19402	53600	2.76	0	5
ptg014466l_1_region	19402	53600	2.76	0	5
ptg014467l_1	25980	146596	5.64	1	27
ptg014467l_1_region	25980	146596	5.64	1	27
ptg014468l_1	13007	10600	0.81	0	2
ptg014468l_1_region	13007	10600	0.81	0	2
ptg014472l_1	12122	18999	1.57	0	3
ptg014472l_1_region	12122	18999	1.57	0	3
ptg014478l_1	46910	130115	2.77	0	6
ptg014478l_1_region	46910	130115	2.77	0	6
ptg014479l_1	12094	14131	1.17	0	3
ptg014479l_1_region	12094	14131	1.17	0	3
ptg014483l_1	228688	609909	2.67	0	16
ptg014483l_1_region	228688	609909	2.67	0	16
ptg014487l_1	16050	30585	1.91	0	4
ptg014487l_1_region	16050	30585	1.91	0	4
ptg014488l_1	21709	10347	0.48	0	2
ptg014488l_1_region	21709	10347	0.48	0	2
ptg014490l_1	32542	101808	3.13	0	11
ptg014490l_1_region	32542	101808	3.13	0	11
ptg014492l_1	28690	38762	1.35	0	4
ptg014492l_1_region	28690	38762	1.35	0	4
ptg014494l_1	72724	25095	0.35	0	3
ptg014494l_1_region	72724	25095	0.35	0	3
ptg014501l_1	63632	143733	2.26	0	13
ptg014501l_1_region	63632	143733	2.26	0	13
ptg014503l_1	19788	66954	3.38	0	8
ptg014503l_1_region	19788	66954	3.38	0	8
ptg014504l_1	37827	60797	1.61	0	4
ptg014504l_1_region	37827	60797	1.61	0	4
ptg014507l_1	11185	10854	0.97	0	3
ptg014507l_1_region	11185	10854	0.97	0	3
ptg014508l_1	63135	157548	2.50	0	8
ptg014508l_1_region	63135	157548	2.50	0	8
ptg014510l_1	29960	29145	0.97	0	3
ptg014510l_1_region	29960	29145	0.97	0	3
ptg014512l_1	49331	211156	4.28	0	9
ptg014512l_1_region	49331	211156	4.28	0	9
ptg014517l_1	77630	99651	1.28	0	4
ptg014517l_1_region	77630	99651	1.28	0	4
ptg014520l_1	84485	692227	8.19	0	38
ptg014520l_1_region	84485	692227	8.19	0	38
ptg014523l_1	24059	20579	0.86	0	3
ptg014523l_1_region	24059	20579	0.86	0	3
ptg014526l_1	19799	22826	1.15	0	3
ptg014526l_1_region	19799	22826	1.15	0	3
ptg014535l_1	55543	178807	3.22	0	7
ptg014535l_1_region	55543	178807	3.22	0	7
ptg014541l_1	59128	106255	1.80	0	5
ptg014541l_1_region	59128	106255	1.80	0	5
ptg014542l_1	67135	98429	1.47	0	3
ptg014542l_1_region	67135	98429	1.47	0	3
ptg014544l_1	19542	76719	3.93	0	7
ptg014544l_1_region	19542	76719	3.93	0	7
ptg014554l_1	27594	45725	1.66	0	5
ptg014554l_1_region	27594	45725	1.66	0	5
ptg014555l_1	8918	3886	0.44	0	2
ptg014555l_1_region	8918	3886	0.44	0	2
ptg014556l_1	352086	422831	1.20	0	44
ptg014556l_1_region	352086	422831	1.20	0	44
ptg014560l_1	27679	45241	1.63	0	6
ptg014560l_1_region	27679	45241	1.63	0	6
ptg014562l_1	41708	60385	1.45	0	6
ptg014562l_1_region	41708	60385	1.45	0	6
ptg014563l_1	22661	53433	2.36	0	4
ptg014563l_1_region	22661	53433	2.36	0	4
ptg014566l_1	19065	36533	1.92	0	7
ptg014566l_1_region	19065	36533	1.92	0	7
ptg014573l_1	77670	144113	1.86	0	8
ptg014573l_1_region	77670	144113	1.86	0	8
ptg014576l_1	22657	9536	0.42	0	3
ptg014576l_1_region	22657	9536	0.42	0	3
ptg014582l_1	69991	97447	1.39	0	4
ptg014582l_1_region	69991	97447	1.39	0	4
ptg014588l_1	165454	393306	2.38	0	8
ptg014588l_1_region	165454	393306	2.38	0	8
ptg014590l_1	25057	75986	3.03	0	6
ptg014590l_1_region	25057	75986	3.03	0	6
ptg014594l_1	121164	115131	0.95	0	5
ptg014594l_1_region	121164	115131	0.95	0	5
ptg014595l_1	30092	94736	3.15	0	6
ptg014595l_1_region	30092	94736	3.15	0	6
ptg014596l_1	19838	30495	1.54	0	7
ptg014596l_1_region	19838	30495	1.54	0	7
ptg014598l_1	12086	15672	1.30	0	3
ptg014598l_1_region	12086	15672	1.30	0	3
ptg014599l_1	26382	55932	2.12	0	7
ptg014599l_1_region	26382	55932	2.12	0	7
ptg014604l_1	26517	45180	1.70	0	4
ptg014604l_1_region	26517	45180	1.70	0	4
ptg014607l_1	16131	7497	0.46	0	1
ptg014607l_1_region	16131	7497	0.46	0	1
ptg014609l_1	33263	104995	3.16	0	8
ptg014609l_1_region	33263	104995	3.16	0	8
ptg014610l_1	15217	24145	1.59	0	3
ptg014610l_1_region	15217	24145	1.59	0	3
ptg014614l_1	186701	801319	4.29	0	16
ptg014614l_1_region	186701	801319	4.29	0	16
ptg014626l_1	56688	214776	3.79	0	8
ptg014626l_1_region	56688	214776	3.79	0	8
ptg014629l_1	87599	201189	2.30	0	10
ptg014629l_1_region	87599	201189	2.30	0	10
ptg014631l_1	43184	38199	0.88	0	7
ptg014631l_1_region	43184	38199	0.88	0	7
ptg014637l_1	52153	61679	1.18	0	6
ptg014637l_1_region	52153	61679	1.18	0	6
ptg014638l_1	18780	35405	1.89	0	4
ptg014638l_1_region	18780	35405	1.89	0	4
ptg014639l_1	23445	73279	3.13	0	9
ptg014639l_1_region	23445	73279	3.13	0	9
ptg014646l_1	12275	9490	0.77	0	7
ptg014646l_1_region	12275	9490	0.77	0	7
ptg014648l_1	544419	241633	0.44	0	4
ptg014648l_1_region	544419	241633	0.44	0	4
ptg014650l_1	19264	40382	2.10	0	5
ptg014650l_1_region	19264	40382	2.10	0	5
ptg014657l_1	37950	71150	1.87	0	5
ptg014657l_1_region	37950	71150	1.87	0	5
ptg014659l_1	160793	547444	3.40	0	17
ptg014659l_1_region	160793	547444	3.40	0	17
ptg014660l_1	38089	14170	0.37	0	2
ptg014660l_1_region	38089	14170	0.37	0	2
ptg014666l_1	60285	75909	1.26	0	4
ptg014666l_1_region	60285	75909	1.26	0	4
ptg014667l_1	19631	7265	0.37	0	1
ptg014667l_1_region	19631	7265	0.37	0	1
ptg014668l_1	225031	141248	0.63	0	5
ptg014668l_1_region	225031	141248	0.63	0	5
ptg014669l_1	131150	99524	0.76	0	3
ptg014669l_1_region	131150	99524	0.76	0	3
ptg014676l_1	17473	1099	0.06	0	1
ptg014676l_1_region	17473	1099	0.06	0	1
ptg014683l_1	16980	42824	2.52	0	6
ptg014683l_1_region	16980	42824	2.52	0	6
ptg014685l_1	44747	166258	3.72	0	10
ptg014685l_1_region	44747	166258	3.72	0	10
ptg014688l_1	30166	16631	0.55	0	2
ptg014688l_1_region	30166	16631	0.55	0	2
ptg014690l_1	23407	25885	1.11	0	5
ptg014690l_1_region	23407	25885	1.11	0	5
ptg014695l_1	23396	69371	2.97	0	7
ptg014695l_1_region	23396	69371	2.97	0	7
ptg014696l_1	33910	71996	2.12	0	7
ptg014696l_1_region	33910	71996	2.12	0	7
ptg014697l_1	2504026	825004	0.33	0	15
ptg014697l_1_region	2504026	825004	0.33	0	15
ptg014704l_1	85995	269561	3.13	0	9
ptg014704l_1_region	85995	269561	3.13	0	9
ptg014706l_1	37350	53899	1.44	0	4
ptg014706l_1_region	37350	53899	1.44	0	4
ptg014708l_1	28745	18560	0.65	0	2
ptg014708l_1_region	28745	18560	0.65	0	2
ptg014710l_1	8442	11156	1.32	0	3
ptg014710l_1_region	8442	11156	1.32	0	3
ptg014712l_1	16129	5088	0.32	0	1
ptg014712l_1_region	16129	5088	0.32	0	1
ptg014717l_1	26654	642838	24.12	0	66
ptg014717l_1_region	26654	642838	24.12	0	66
ptg014718l_1	142784	296364	2.08	0	7
ptg014718l_1_region	142784	296364	2.08	0	7
ptg014726l_1	27257	64019	2.35	0	6
ptg014726l_1_region	27257	64019	2.35	0	6
ptg014730l_1	171898	71857	0.42	0	7
ptg014730l_1_region	171898	71857	0.42	0	7
ptg014736l_1	181696	376973	2.07	0	9
ptg014736l_1_region	181696	376973	2.07	0	9
ptg014741l_1	38921	28400	0.73	0	3
ptg014741l_1_region	38921	28400	0.73	0	3
ptg014748l_1	82341	313483	3.81	0	11
ptg014748l_1_region	82341	313483	3.81	0	11
ptg014751l_1	115848	131049	1.13	0	6
ptg014751l_1_region	115848	131049	1.13	0	6
ptg014752l_1	193117	588725	3.05	0	30
ptg014752l_1_region	193117	588725	3.05	0	30
ptg014767l_1	20092	62078	3.09	0	7
ptg014767l_1_region	20092	62078	3.09	0	7
ptg014770l_1	14998	19817	1.32	0	3
ptg014770l_1_region	14998	19817	1.32	0	3
ptg014771l_1	59080	120667	2.04	0	8
ptg014771l_1_region	59080	120667	2.04	0	8
ptg014773l_1	19823	46532	2.35	0	4
ptg014773l_1_region	19823	46532	2.35	0	4
ptg014778l_1	11963	16658	1.39	0	3
ptg014778l_1_region	11963	16658	1.39	0	3
ptg014786l_1	53179	79103	1.49	0	7
ptg014786l_1_region	53179	79103	1.49	0	7
ptg014791l_1	55844	46553	0.83	0	5
ptg014791l_1_region	55844	46553	0.83	0	5
ptg014801l_1	21409	22613	1.06	0	3
ptg014801l_1_region	21409	22613	1.06	0	3
ptg014802l_1	48862	125598	2.57	0	7
ptg014802l_1_region	48862	125598	2.57	0	7
ptg014803l_1	49560	113060	2.28	0	11
ptg014803l_1_region	49560	113060	2.28	0	11
ptg014804l_1	47843	119677	2.50	0	6
ptg014804l_1_region	47843	119677	2.50	0	6
ptg014808l_1	12053	13042	1.08	0	2
ptg014808l_1_region	12053	13042	1.08	0	2
ptg014812l_1	11886	39469	3.32	0	5
ptg014812l_1_region	11886	39469	3.32	0	5
ptg014813l_1	197883	429637	2.17	0	7
ptg014813l_1_region	197883	429637	2.17	0	7
ptg014815l_1	21910	85509	3.90	1	6
ptg014815l_1_region	21910	85509	3.90	1	6
ptg014819l_1	90789	213482	2.35	0	10
ptg014819l_1_region	90789	213482	2.35	0	10
ptg014827l_1	8987	8626	0.96	0	1
ptg014827l_1_region	8987	8626	0.96	0	1
ptg014831l_1	37037	77439	2.09	0	8
ptg014831l_1_region	37037	77439	2.09	0	8
ptg014838l_1	11265	17404	1.54	0	4
ptg014838l_1_region	11265	17404	1.54	0	4
ptg014843l_1	28838	64879	2.25	0	6
ptg014843l_1_region	28838	64879	2.25	0	6
ptg014845l_1	8972	13023	1.45	0	3
ptg014845l_1_region	8972	13023	1.45	0	3
ptg014846l_1	13914	18003	1.29	0	3
ptg014846l_1_region	13914	18003	1.29	0	3
ptg014851l_1	14113	27691	1.96	0	4
ptg014851l_1_region	14113	27691	1.96	0	4
ptg014853l_1	55764	172926	3.10	0	7
ptg014853l_1_region	55764	172926	3.10	0	7
ptg014859l_1	46840	92070	1.97	0	10
ptg014859l_1_region	46840	92070	1.97	0	10
ptg014862l_1	169478	420473	2.48	0	12
ptg014862l_1_region	169478	420473	2.48	0	12
ptg014864l_1	19207	68655	3.57	0	17
ptg014864l_1_region	19207	68655	3.57	0	17
ptg014866l_1	124257	1124640	9.05	0	66
ptg014866l_1_region	124257	1124640	9.05	0	66
ptg014867l_1	40019	87851	2.20	0	6
ptg014867l_1_region	40019	87851	2.20	0	6
ptg014873l_1	9697	15014	1.55	0	4
ptg014873l_1_region	9697	15014	1.55	0	4
ptg014874l_1	52546	120541	2.29	0	7
ptg014874l_1_region	52546	120541	2.29	0	7
ptg014886l_1	62912	255465	4.06	0	26
ptg014886l_1_region	62912	255465	4.06	0	26
ptg014890l_1	25078	25505	1.02	0	3
ptg014890l_1_region	25078	25505	1.02	0	3
ptg014894l_1	63244	96307	1.52	0	7
ptg014894l_1_region	63244	96307	1.52	0	7
ptg014897l_1	12576	14450	1.15	0	3
ptg014897l_1_region	12576	14450	1.15	0	3
ptg014900l_1	25797	239181	9.27	2	19
ptg014900l_1_region	25797	239181	9.27	2	19
ptg014905l_1	242127	628006	2.59	0	8
ptg014905l_1_region	242127	628006	2.59	0	8
ptg014908l_1	27033	10485	0.39	0	2
ptg014908l_1_region	27033	10485	0.39	0	2
ptg014909l_1	56476	101982	1.81	0	5
ptg014909l_1_region	56476	101982	1.81	0	5
ptg014911l_1	10966	6495	0.59	0	1
ptg014911l_1_region	10966	6495	0.59	0	1
ptg014914l_1	29715	13547	0.46	0	2
ptg014914l_1_region	29715	13547	0.46	0	2
ptg014921l_1	67436	192800	2.86	0	8
ptg014921l_1_region	67436	192800	2.86	0	8
ptg014925l_1	21874	25179	1.15	0	4
ptg014925l_1_region	21874	25179	1.15	0	4
ptg014931l_1	91318	158079	1.73	0	5
ptg014931l_1_region	91318	158079	1.73	0	5
ptg014933l_1	81198	97389	1.20	0	5
ptg014933l_1_region	81198	97389	1.20	0	5
ptg014935l_1	263708	579078	2.20	0	10
ptg014935l_1_region	263708	579078	2.20	0	10
ptg014936l_1	129300	442450	3.42	0	19
ptg014936l_1_region	129300	442450	3.42	0	19
ptg014947l_1	50417	154656	3.07	0	21
ptg014947l_1_region	50417	154656	3.07	0	21
ptg014951l_1	14915	22498	1.51	0	4
ptg014951l_1_region	14915	22498	1.51	0	4
ptg014952l_1	13137	4288	0.33	0	1
ptg014952l_1_region	13137	4288	0.33	0	1
ptg014954l_1	48060	113679	2.37	0	6
ptg014954l_1_region	48060	113679	2.37	0	6
ptg014957l_1	51737	33850	0.65	0	2
ptg014957l_1_region	51737	33850	0.65	0	2
ptg014958l_1	31873	50935	1.60	0	4
ptg014958l_1_region	31873	50935	1.60	0	4
ptg014962l_1	30813	56150	1.82	0	4
ptg014962l_1_region	30813	56150	1.82	0	4
ptg014966l_1	12473	18949	1.52	0	4
ptg014966l_1_region	12473	18949	1.52	0	4
ptg014969l_1	89911	145415	1.62	0	7
ptg014969l_1_region	89911	145415	1.62	0	7
ptg014970l_1	32035	11521	0.36	0	1
ptg014970l_1_region	32035	11521	0.36	0	1
ptg014972l_1	156787	160244	1.02	0	5
ptg014972l_1_region	156787	160244	1.02	0	5
ptg014974l_1	24826	11132	0.45	0	5
ptg014974l_1_region	24826	11132	0.45	0	5
ptg014975l_1	22807	72425	3.18	0	7
ptg014975l_1_region	22807	72425	3.18	0	7
ptg014976l_1	23852	58172	2.44	0	5
ptg014976l_1_region	23852	58172	2.44	0	5
ptg014977l_1	38070	85352	2.24	0	6
ptg014977l_1_region	38070	85352	2.24	0	6
ptg014978l_1	104479	421770	4.04	0	15
ptg014978l_1_region	104479	421770	4.04	0	15
ptg014987l_1	326680	5199	0.02	0	1
ptg014987l_1_region	326680	5199	0.02	0	1
ptg014991l_1	90231	281471	3.12	0	11
ptg014991l_1_region	90231	281471	3.12	0	11
ptg014995l_1	16133	6135	0.38	0	1
ptg014995l_1_region	16133	6135	0.38	0	1
ptg014996l_1	37198	6988	0.19	0	1
ptg014996l_1_region	37198	6988	0.19	0	1
ptg014997l_1	83724	186635	2.23	0	9
ptg014997l_1_region	83724	186635	2.23	0	9
ptg014998l_1	60355	80354	1.33	0	5
ptg014998l_1_region	60355	80354	1.33	0	5
ptg015001l_1	59152	36545	0.62	0	2
ptg015001l_1_region	59152	36545	0.62	0	2
ptg015005l_1	111738	233553	2.09	0	7
ptg015005l_1_region	111738	233553	2.09	0	7
ptg015014l_1	25146	27657	1.10	0	4
ptg015014l_1_region	25146	27657	1.10	0	4
ptg015021l_1	34200	73755	2.16	0	6
ptg015021l_1_region	34200	73755	2.16	0	6
ptg015034l_1	14944	19162	1.28	0	9
ptg015034l_1_region	14944	19162	1.28	0	9
ptg015041l_1	441615	1483684	3.36	0	9
ptg015041l_1_region	441615	1483684	3.36	0	9
ptg015051l_1	478350	1061488	2.22	0	43
ptg015051l_1_region	478350	1061488	2.22	0	43
ptg015069l_1	327846	1251261	3.82	0	32
ptg015069l_1_region	327846	1251261	3.82	0	32
ptg015071l_1	44063	391773	8.89	0	37
ptg015071l_1_region	44063	391773	8.89	0	37
ptg015076l_1	15402	7510	0.49	0	2
ptg015076l_1_region	15402	7510	0.49	0	2
ptg015087l_1	200167	1087079	5.43	0	17
ptg015087l_1_region	200167	1087079	5.43	0	17
ptg015117l_1	25331	33086	1.31	0	3
ptg015117l_1_region	25331	33086	1.31	0	3
ptg015122l_1	164131	430048	2.62	0	10
ptg015122l_1_region	164131	430048	2.62	0	10
ptg015130l_1	66662	85707	1.29	0	6
ptg015130l_1_region	66662	85707	1.29	0	6
ptg015140l_1	163869	601811	3.67	0	49
ptg015140l_1_region	163869	601811	3.67	0	49
ptg015143l_1	20989	30917	1.47	0	3
ptg015143l_1_region	20989	30917	1.47	0	3
ptg015144l_1	128243	167582	1.31	0	6
ptg015144l_1_region	128243	167582	1.31	0	6
ptg015175l_1	36126	28391	0.79	0	3
ptg015175l_1_region	36126	28391	0.79	0	3
ptg015176l_1	54353	74624	1.37	0	6
ptg015176l_1_region	54353	74624	1.37	0	6
ptg015178l_1	220013	503064	2.29	0	13
ptg015178l_1_region	220013	503064	2.29	0	13
ptg015191l_1	97877	2067373	21.12	0	97
ptg015191l_1_region	97877	2067373	21.12	0	97
ptg015200l_1	76194	232714	3.05	0	7
ptg015200l_1_region	76194	232714	3.05	0	7
ptg015207l_1	174001	561092	3.22	0	13
ptg015207l_1_region	174001	561092	3.22	0	13
ptg015216l_1	245082	591791	2.41	0	11
ptg015216l_1_region	245082	591791	2.41	0	11
ptg015230l_1	42231	44460	1.05	0	4
ptg015230l_1_region	42231	44460	1.05	0	4
ptg015235l_1	16723	5886	0.35	0	1
ptg015235l_1_region	16723	5886	0.35	0	1
ptg015240l_1	37720	30814	0.82	0	3
ptg015240l_1_region	37720	30814	0.82	0	3
ptg015253l_1	62767	18646	0.30	0	3
ptg015253l_1_region	62767	18646	0.30	0	3
ptg015269l_1	30353	78503	2.59	0	6
ptg015269l_1_region	30353	78503	2.59	0	6
ptg015276l_1	31541	21457	0.68	0	3
ptg015276l_1_region	31541	21457	0.68	0	3
ptg015290l_1	30419	34490	1.13	0	4
ptg015290l_1_region	30419	34490	1.13	0	4
ptg015304l_1	23481	280736	11.96	0	45
ptg015304l_1_region	23481	280736	11.96	0	45
ptg015310l_1	36344	52742	1.45	0	5
ptg015310l_1_region	36344	52742	1.45	0	5
ptg015313l_1	31475	37551	1.19	0	5
ptg015313l_1_region	31475	37551	1.19	0	5
ptg015314l_1	47334	58453	1.23	0	4
ptg015314l_1_region	47334	58453	1.23	0	4
ptg015321l_1	158029	288824	1.83	0	6
ptg015321l_1_region	158029	288824	1.83	0	6
ptg015322l_1	35638	90140	2.53	0	7
ptg015322l_1_region	35638	90140	2.53	0	7
ptg015323l_1	189841	363359	1.91	0	10
ptg015323l_1_region	189841	363359	1.91	0	10
ptg015324l_1	1603067	1166514	0.73	0	13
ptg015324l_1_region	1603067	1166514	0.73	0	13
ptg015327l_1	86129	210265	2.44	0	12
ptg015327l_1_region	86129	210265	2.44	0	12
ptg015328l_1	114281	149803	1.31	0	4
ptg015328l_1_region	114281	149803	1.31	0	4
ptg015331l_1	29358	116104	3.95	0	7
ptg015331l_1_region	29358	116104	3.95	0	7
ptg015334l_1	24682	23359	0.95	0	4
ptg015334l_1_region	24682	23359	0.95	0	4
ptg015343l_1	40098	156351	3.90	0	12
ptg015343l_1_region	40098	156351	3.90	0	12
ptg015369l_1	215030	600759	2.79	0	25
ptg015369l_1_region	215030	600759	2.79	0	25
ptg015376l_1	175776	428098	2.44	0	10
ptg015376l_1_region	175776	428098	2.44	0	10
ptg015378l_1	10822	9627	0.89	0	2
ptg015378l_1_region	10822	9627	0.89	0	2
ptg015384l_1	167842	935797	5.58	0	39
ptg015384l_1_region	167842	935797	5.58	0	39
ptg015393l_1	40793	56217	1.38	0	6
ptg015393l_1_region	40793	56217	1.38	0	6
ptg015398l_1	77568	106436	1.37	0	5
ptg015398l_1_region	77568	106436	1.37	0	5
ptg015408l_1	133896	573888	4.29	0	43
ptg015408l_1_region	133896	573888	4.29	0	43
ptg015415l_1	33909	64424	1.90	0	4
ptg015415l_1_region	33909	64424	1.90	0	4
ptg015418l_1	53663	84062	1.57	0	8
ptg015418l_1_region	53663	84062	1.57	0	8
ptg015433l_1	33897	70253	2.07	0	5
ptg015433l_1_region	33897	70253	2.07	0	5
ptg015441l_1	22462	4074	0.18	0	1
ptg015441l_1_region	22462	4074	0.18	0	1
ptg015446l_1	76699	143248	1.87	0	6
ptg015446l_1_region	76699	143248	1.87	0	6
ptg015449l_1	29193	27250	0.93	0	3
ptg015449l_1_region	29193	27250	0.93	0	3
ptg015464l_1	68228	416245	6.10	0	39
ptg015464l_1_region	68228	416245	6.10	0	39
ptg015477l_1	188656	480061	2.54	0	9
ptg015477l_1_region	188656	480061	2.54	0	9
ptg015480l_1	12067	132619	10.99	0	28
ptg015480l_1_region	12067	132619	10.99	0	28
ptg015484l_1	15493	1745	0.11	0	1
ptg015484l_1_region	15493	1745	0.11	0	1
ptg015498l_1	22350	65897	2.95	0	8
ptg015498l_1_region	22350	65897	2.95	0	8
ptg015509l_1	157850	426725	2.70	0	10
ptg015509l_1_region	157850	426725	2.70	0	10
ptg015519l_1	23231	17206	0.74	0	2
ptg015519l_1_region	23231	17206	0.74	0	2
ptg015522l_1	34294	10507	0.31	0	1
ptg015522l_1_region	34294	10507	0.31	0	1
ptg015523l_1	59381	308218	5.19	0	12
ptg015523l_1_region	59381	308218	5.19	0	12
ptg015528l_1	70344	158764	2.26	0	7
ptg015528l_1_region	70344	158764	2.26	0	7
ptg015529l_1	37961	54183	1.43	0	4
ptg015529l_1_region	37961	54183	1.43	0	4
ptg015532l_1	58576	56349	0.96	0	8
ptg015532l_1_region	58576	56349	0.96	0	8
ptg015550l_1	14047	4718	0.34	0	2
ptg015550l_1_region	14047	4718	0.34	0	2
ptg015559l_1	77458	22921	0.30	0	2
ptg015559l_1_region	77458	22921	0.30	0	2
ptg015566l_1	46697	105695	2.26	0	7
ptg015566l_1_region	46697	105695	2.26	0	7
ptg015570l_1	61763	39156	0.63	0	2
ptg015570l_1_region	61763	39156	0.63	0	2
ptg015571l_1	19572	16914	0.86	0	3
ptg015571l_1_region	19572	16914	0.86	0	3
ptg015575l_1	46519	101807	2.19	0	10
ptg015575l_1_region	46519	101807	2.19	0	10
ptg015585l_1	40688	83207	2.05	0	10
ptg015585l_1_region	40688	83207	2.05	0	10
ptg015587l_1	101542	372378	3.67	0	9
ptg015587l_1_region	101542	372378	3.67	0	9
ptg015593l_1	544806	249068	0.46	0	9
ptg015593l_1_region	544806	249068	0.46	0	9
ptg015595l_1	30178	9213	0.31	0	1
ptg015595l_1_region	30178	9213	0.31	0	1
ptg015596l_1	37656	39187	1.04	0	4
ptg015596l_1_region	37656	39187	1.04	0	4
ptg015597l_1	266309	1994665	7.49	0	27
ptg015597l_1_region	266309	1994665	7.49	0	27
ptg015599l_1	19359	11961	0.62	0	1
ptg015599l_1_region	19359	11961	0.62	0	1
ptg015602l_1	99677	338535	3.40	0	11
ptg015602l_1_region	99677	338535	3.40	0	11
ptg015603l_1	299942	458247	1.53	0	9
ptg015603l_1_region	299942	458247	1.53	0	9
ptg015605l_1	64254	144810	2.25	0	15
ptg015605l_1_region	64254	144810	2.25	0	15
ptg015606l_1	54857	110607	2.02	0	8
ptg015606l_1_region	54857	110607	2.02	0	8
ptg015607l_1	45042	18535	0.41	0	3
ptg015607l_1_region	45042	18535	0.41	0	3
ptg015616l_1	486628	185025	0.38	0	3
ptg015616l_1_region	486628	185025	0.38	0	3
ptg015621l_1	596592	4377128	7.34	0	394
ptg015621l_1_region	596592	4377128	7.34	0	394
ptg015624l_1	21152	35814	1.69	0	38
ptg015624l_1_region	21152	35814	1.69	0	38
ptg015625l_1	172896	436659	2.53	0	25
ptg015625l_1_region	172896	436659	2.53	0	25
ptg015632l_1	27004	65496	2.43	0	6
ptg015632l_1_region	27004	65496	2.43	0	6
ptg015633l_1	26363	97428	3.70	0	14
ptg015633l_1_region	26363	97428	3.70	0	14
ptg015634l_1	28177	124315	4.41	0	8
ptg015634l_1_region	28177	124315	4.41	0	8
ptg015635l_1	30346	43213	1.42	0	4
ptg015635l_1_region	30346	43213	1.42	0	4
ptg015636l_1	16613	68868	4.15	0	8
ptg015636l_1_region	16613	68868	4.15	0	8
ptg015643l_1	132306	372154	2.81	0	8
ptg015643l_1_region	132306	372154	2.81	0	8
ptg015661l_1	113470	390030	3.44	0	16
ptg015661l_1_region	113470	390030	3.44	0	16
ptg015663l_1	75717	197335	2.61	0	8
ptg015663l_1_region	75717	197335	2.61	0	8
ptg015680l_1	26386	48377	1.83	0	5
ptg015680l_1_region	26386	48377	1.83	0	5
ptg015683l_1	17505	28618	1.63	0	4
ptg015683l_1_region	17505	28618	1.63	0	4
ptg015689l_1	20544	131298	6.39	0	20
ptg015689l_1_region	20544	131298	6.39	0	20
ptg015697l_1	28995	42979	1.48	0	5
ptg015697l_1_region	28995	42979	1.48	0	5
ptg015700l_1	64624	99104	1.53	0	5
ptg015700l_1_region	64624	99104	1.53	0	5
ptg015705l_1	184018	394208	2.14	0	10
ptg015705l_1_region	184018	394208	2.14	0	10
ptg015725l_1	18292	57760	3.16	0	7
ptg015725l_1_region	18292	57760	3.16	0	7
ptg015726l_1	67152	118966	1.77	0	6
ptg015726l_1_region	67152	118966	1.77	0	6
ptg015734l_1	13114	8469	0.65	0	5
ptg015734l_1_region	13114	8469	0.65	0	5
ptg015747l_1	137693	631200	4.58	0	15
ptg015747l_1_region	137693	631200	4.58	0	15
ptg015750l_1	91831	233009	2.54	0	11
ptg015750l_1_region	91831	233009	2.54	0	11
ptg015751l_1	19442	11522	0.59	0	2
ptg015751l_1_region	19442	11522	0.59	0	2
ptg015764l_1	113546	590736	5.20	0	34
ptg015764l_1_region	113546	590736	5.20	0	34
ptg015770l_1	20296	28356	1.40	0	8
ptg015770l_1_region	20296	28356	1.40	0	8
ptg015784l_1	8289	12052	1.45	0	3
ptg015784l_1_region	8289	12052	1.45	0	3
ptg015800l_1	23149	27856	1.20	0	2
ptg015800l_1_region	23149	27856	1.20	0	2
ptg015824l_1	44424	120567	2.71	0	7
ptg015824l_1_region	44424	120567	2.71	0	7
ptg015834l_1	59221	198958	3.36	0	8
ptg015834l_1_region	59221	198958	3.36	0	8
ptg015835l_1	14215	4161	0.29	0	2
ptg015835l_1_region	14215	4161	0.29	0	2
ptg015847l_1	172708	667624	3.87	0	15
ptg015847l_1_region	172708	667624	3.87	0	15
ptg015859l_1	64712	137962	2.13	0	8
ptg015859l_1_region	64712	137962	2.13	0	8
ptg015861l_1	100535	397536	3.95	0	13
ptg015861l_1_region	100535	397536	3.95	0	13
ptg015870l_1	15448	10036	0.65	0	1
ptg015870l_1_region	15448	10036	0.65	0	1
ptg015876l_1	59604	70816	1.19	0	9
ptg015876l_1_region	59604	70816	1.19	0	9
ptg015884l_1	70471	241911	3.43	0	9
ptg015884l_1_region	70471	241911	3.43	0	9
ptg015897l_1	78900	192778	2.44	0	7
ptg015897l_1_region	78900	192778	2.44	0	7
ptg015901l_1	31651	39924	1.26	0	5
ptg015901l_1_region	31651	39924	1.26	0	5
ptg015902l_1	24361	11903	0.49	0	1
ptg015902l_1_region	24361	11903	0.49	0	1
ptg015913l_1	54743	52884	0.97	0	2
ptg015913l_1_region	54743	52884	0.97	0	2
ptg015937l_1	44298	24300	0.55	0	3
ptg015937l_1_region	44298	24300	0.55	0	3
ptg015947l_1	25475	17940	0.70	0	3
ptg015947l_1_region	25475	17940	0.70	0	3
ptg015952l_1	12914	38710	3.00	0	4
ptg015952l_1_region	12914	38710	3.00	0	4
ptg015955l_1	10362	7527	0.73	0	1
ptg015955l_1_region	10362	7527	0.73	0	1
ptg015959l_1	38345	18045	0.47	0	5
ptg015959l_1_region	38345	18045	0.47	0	5
ptg015971l_1	19854	42398	2.14	0	6
ptg015971l_1_region	19854	42398	2.14	0	6
ptg015988l_1	25563	30442	1.19	0	4
ptg015988l_1_region	25563	30442	1.19	0	4
ptg015994l_1	79808	171649	2.15	0	13
ptg015994l_1_region	79808	171649	2.15	0	13
ptg015995l_1	56994	61475	1.08	0	4
ptg015995l_1_region	56994	61475	1.08	0	4
ptg016014l_1	116861	21149	0.18	0	1
ptg016014l_1_region	116861	21149	0.18	0	1
ptg016019l_1	15012	9705	0.65	0	1
ptg016019l_1_region	15012	9705	0.65	0	1
ptg016033l_1	249089	631769	2.54	0	32
ptg016033l_1_region	249089	631769	2.54	0	32
ptg016035l_1	17200	72613	4.22	0	6
ptg016035l_1_region	17200	72613	4.22	0	6
ptg016038l_1	13255	38920	2.94	0	5
ptg016038l_1_region	13255	38920	2.94	0	5
ptg016042l_1	34821	158193	4.54	0	10
ptg016042l_1_region	34821	158193	4.54	0	10
ptg016048l_1	99517	287840	2.89	0	8
ptg016048l_1_region	99517	287840	2.89	0	8
ptg016049l_1	97598	152789	1.57	0	6
ptg016049l_1_region	97598	152789	1.57	0	6
ptg016057l_1	27273	76478	2.80	0	5
ptg016057l_1_region	27273	76478	2.80	0	5
ptg016063l_1	13766	15039	1.09	0	2
ptg016063l_1_region	13766	15039	1.09	0	2
ptg016073l_1	45215	50163	1.11	0	7
ptg016073l_1_region	45215	50163	1.11	0	7
ptg016078l_1	25483	77543	3.04	0	9
ptg016078l_1_region	25483	77543	3.04	0	9
ptg016082l_1	39658	97411	2.46	0	7
ptg016082l_1_region	39658	97411	2.46	0	7
ptg016086l_1	50850	120985	2.38	0	11
ptg016086l_1_region	50850	120985	2.38	0	11
ptg016101l_1	57108	92993	1.63	0	7
ptg016101l_1_region	57108	92993	1.63	0	7
ptg016102l_1	33003	26891	0.81	0	4
ptg016102l_1_region	33003	26891	0.81	0	4
ptg016105l_1	637970	727314	1.14	0	68
ptg016105l_1_region	637970	727314	1.14	0	68
ptg016115l_1	22879	121818	5.32	0	19
ptg016115l_1_region	22879	121818	5.32	0	19
ptg016118l_1	105536	361160	3.42	0	17
ptg016118l_1_region	105536	361160	3.42	0	17
ptg016123l_1	24862	5710	0.23	0	1
ptg016123l_1_region	24862	5710	0.23	0	1
ptg016133l_1	38899	116245	2.99	0	12
ptg016133l_1_region	38899	116245	2.99	0	12
ptg016145l_1	240745	393651	1.64	0	6
ptg016145l_1_region	240745	393651	1.64	0	6
ptg016147l_1	22268	108955	4.89	0	13
ptg016147l_1_region	22268	108955	4.89	0	13
ptg016150l_1	48660	1588770	32.65	0	84
ptg016150l_1_region	48660	1588770	32.65	0	84
ptg016152l_1	12495	20524	1.64	0	4
ptg016152l_1_region	12495	20524	1.64	0	4
ptg016163l_1	57855	56691	0.98	0	4
ptg016163l_1_region	57855	56691	0.98	0	4
ptg016174l_1	29134	41698	1.43	0	4
ptg016174l_1_region	29134	41698	1.43	0	4
ptg016175l_1	10269	20542	2.00	0	4
ptg016175l_1_region	10269	20542	2.00	0	4
ptg016181l_1	8081	6017	0.74	0	1
ptg016181l_1_region	8081	6017	0.74	0	1
ptg016192l_1	39204	150684	3.84	0	9
ptg016192l_1_region	39204	150684	3.84	0	9
ptg016193l_1	62930	194706	3.09	0	12
ptg016193l_1_region	62930	194706	3.09	0	12
ptg016197l_1	9761	2271	0.23	0	2
ptg016197l_1_region	9761	2271	0.23	0	2
ptg016204l_1	103770	336823	3.25	0	12
ptg016204l_1_region	103770	336823	3.25	0	12
ptg016207l_1	89993	193693	2.15	0	13
ptg016207l_1_region	89993	193693	2.15	0	13
ptg016214l_1	64467	162739	2.52	0	5
ptg016214l_1_region	64467	162739	2.52	0	5
ptg016223l_1	116900	501202	4.29	0	12
ptg016223l_1_region	116900	501202	4.29	0	12
ptg016224l_1	62966	312254	4.96	0	17
ptg016224l_1_region	62966	312254	4.96	0	17
ptg016225l_1	119492	165218	1.38	0	9
ptg016225l_1_region	119492	165218	1.38	0	9
ptg016226l_1	43737	123575	2.83	0	6
ptg016226l_1_region	43737	123575	2.83	0	6
ptg016228l_1	104866	96868	0.92	0	5
ptg016228l_1_region	104866	96868	0.92	0	5
ptg016229l_1	23880	29278	1.23	0	3
ptg016229l_1_region	23880	29278	1.23	0	3
ptg016237l_1	26876	70671	2.63	0	6
ptg016237l_1_region	26876	70671	2.63	0	6
ptg016241l_1	42596	87737	2.06	0	10
ptg016241l_1_region	42596	87737	2.06	0	10
ptg016242l_1	33719	33992	1.01	0	4
ptg016242l_1_region	33719	33992	1.01	0	4
ptg016244l_1	22768	31197	1.37	0	4
ptg016244l_1_region	22768	31197	1.37	0	4
ptg016245l_1	24906	46722	1.88	0	8
ptg016245l_1_region	24906	46722	1.88	0	8
ptg016246l_1	86756	149499	1.72	0	5
ptg016246l_1_region	86756	149499	1.72	0	5
ptg016248l_1	16338	25406	1.56	0	4
ptg016248l_1_region	16338	25406	1.56	0	4
ptg016251l_1	15556	37943	2.44	0	4
ptg016251l_1_region	15556	37943	2.44	0	4
ptg016255l_1	16475	43935	2.67	0	9
ptg016255l_1_region	16475	43935	2.67	0	9
ptg016264l_1	66260	60317	0.91	0	11
ptg016264l_1_region	66260	60317	0.91	0	11
ptg016275l_1	97068	113118	1.17	0	5
ptg016275l_1_region	97068	113118	1.17	0	5
ptg016279l_1	46711	72283	1.55	0	6
ptg016279l_1_region	46711	72283	1.55	0	6
ptg016280l_1	110923	187700	1.69	0	10
ptg016280l_1_region	110923	187700	1.69	0	10
ptg016281l_1	81049	251880	3.11	0	11
ptg016281l_1_region	81049	251880	3.11	0	11
ptg016282l_1	37674	11036	0.29	0	2
ptg016282l_1_region	37674	11036	0.29	0	2
ptg016283l_1	58438	174116	2.98	0	9
ptg016283l_1_region	58438	174116	2.98	0	9
ptg016285l_1	111128	235112	2.12	0	9
ptg016285l_1_region	111128	235112	2.12	0	9
ptg016287l_1	37887	92962	2.45	0	5
ptg016287l_1_region	37887	92962	2.45	0	5
ptg016288l_1	39924	39836	1.00	0	5
ptg016288l_1_region	39924	39836	1.00	0	5
ptg016291l_1	84011	384225	4.57	0	12
ptg016291l_1_region	84011	384225	4.57	0	12
ptg016292l_1	33423	14069	0.42	0	3
ptg016292l_1_region	33423	14069	0.42	0	3
ptg016293l_1	35972	75831	2.11	0	6
ptg016293l_1_region	35972	75831	2.11	0	6
ptg016294l_1	71549	138955	1.94	0	6
ptg016294l_1_region	71549	138955	1.94	0	6
ptg016295l_1	22510	19987	0.89	0	3
ptg016295l_1_region	22510	19987	0.89	0	3
ptg016296l_1	7390	32323	4.37	1	7
ptg016296l_1_region	7390	32323	4.37	1	7
ptg016297l_1	71146	62079	0.87	0	4
ptg016297l_1_region	71146	62079	0.87	0	4
ptg016302l_1	22825	45815	2.01	0	5
ptg016302l_1_region	22825	45815	2.01	0	5
ptg016307l_1	46709	56349	1.21	0	4
ptg016307l_1_region	46709	56349	1.21	0	4
ptg016309l_1	59338	24750	0.42	0	2
ptg016309l_1_region	59338	24750	0.42	0	2
ptg016312l_1	59909	61643	1.03	0	4
ptg016312l_1_region	59909	61643	1.03	0	4
ptg016318l_1	50415	81752	1.62	0	8
ptg016318l_1_region	50415	81752	1.62	0	8
ptg016321l_1	108606	279047	2.57	0	11
ptg016321l_1_region	108606	279047	2.57	0	11
ptg016327l_1	122693	497975	4.06	0	24
ptg016327l_1_region	122693	497975	4.06	0	24
ptg016335l_1	41807	70590	1.69	0	6
ptg016335l_1_region	41807	70590	1.69	0	6
ptg016336l_1	23765	34405	1.45	0	3
ptg016336l_1_region	23765	34405	1.45	0	3
ptg016337l_1	78913	120446	1.53	0	7
ptg016337l_1_region	78913	120446	1.53	0	7
ptg016339l_1	163011	598069	3.67	0	11
ptg016339l_1_region	163011	598069	3.67	0	11
ptg016340l_1	32832	22242	0.68	0	2
ptg016340l_1_region	32832	22242	0.68	0	2
ptg016341l_1	99435	1172408	11.79	0	42
ptg016341l_1_region	99435	1172408	11.79	0	42
ptg016351l_1	102684	333627	3.25	0	37
ptg016351l_1_region	102684	333627	3.25	0	37
ptg016355l_1	102581	254440	2.48	0	10
ptg016355l_1_region	102581	254440	2.48	0	10
ptg016359l_1	138382	233100	1.68	0	9
ptg016359l_1_region	138382	233100	1.68	0	9
ptg016364l_1	31126	101632	3.27	0	7
ptg016364l_1_region	31126	101632	3.27	0	7
ptg016368l_1	19470	16555	0.85	0	3
ptg016368l_1_region	19470	16555	0.85	0	3
ptg016379l_1	77849	211727	2.72	0	14
ptg016379l_1_region	77849	211727	2.72	0	14
ptg016389l_1	51400	125052	2.43	0	7
ptg016389l_1_region	51400	125052	2.43	0	7
ptg016408l_1	34315	23616	0.69	0	2
ptg016408l_1_region	34315	23616	0.69	0	2
ptg016422l_1	20986	20058	0.96	0	2
ptg016422l_1_region	20986	20058	0.96	0	2
ptg016427l_1	21749	9965	0.46	0	2
ptg016427l_1_region	21749	9965	0.46	0	2
ptg016430l_1	26609	8278	0.31	0	1
ptg016430l_1_region	26609	8278	0.31	0	1
ptg016437l_1	113826	112398	0.99	0	7
ptg016437l_1_region	113826	112398	0.99	0	7
ptg016451l_1	8814	19517	2.21	0	4
ptg016451l_1_region	8814	19517	2.21	0	4
ptg016453l_1	49081	205278	4.18	0	16
ptg016453l_1_region	49081	205278	4.18	0	16
ptg016457l_1	104683	426518	4.07	0	33
ptg016457l_1_region	104683	426518	4.07	0	33
ptg016460l_1	99687	211710	2.12	0	6
ptg016460l_1_region	99687	211710	2.12	0	6
ptg016462l_1	922974	3145617	3.41	0	14
ptg016462l_1_region	922974	3145617	3.41	0	14
ptg016467l_1	20414	25110	1.23	0	3
ptg016467l_1_region	20414	25110	1.23	0	3
ptg016473l_1	69400	72271	1.04	0	11
ptg016473l_1_region	69400	72271	1.04	0	11
ptg016484l_1	61046	135425	2.22	0	9
ptg016484l_1_region	61046	135425	2.22	0	9
ptg016491l_1	33726	72207	2.14	0	10
ptg016491l_1_region	33726	72207	2.14	0	10
ptg016492l_1	85089	301366	3.54	0	9
ptg016492l_1_region	85089	301366	3.54	0	9
ptg016493l_1	37819	18504	0.49	0	3
ptg016493l_1_region	37819	18504	0.49	0	3
ptg016494l_1	11974	34693	2.90	0	5
ptg016494l_1_region	11974	34693	2.90	0	5
ptg016496l_1	43283	18904	0.44	0	2
ptg016496l_1_region	43283	18904	0.44	0	2
ptg016498l_1	20932	7878	0.38	0	2
ptg016498l_1_region	20932	7878	0.38	0	2
ptg016500l_1	17123	15300	0.89	0	2
ptg016500l_1_region	17123	15300	0.89	0	2
ptg016504l_1	32902	106040	3.22	0	7
ptg016504l_1_region	32902	106040	3.22	0	7
ptg016509l_1	15040	37676	2.51	0	4
ptg016509l_1_region	15040	37676	2.51	0	4
ptg016510l_1	53819	120057	2.23	0	6
ptg016510l_1_region	53819	120057	2.23	0	6
ptg016515l_1	48132	114113	2.37	0	38
ptg016515l_1_region	48132	114113	2.37	0	38
ptg016520l_1	14224	16945	1.19	0	2
ptg016520l_1_region	14224	16945	1.19	0	2
ptg016529l_1	58429	169542	2.90	0	12
ptg016529l_1_region	58429	169542	2.90	0	12
ptg016533l_1	51506	200740	3.90	0	9
ptg016533l_1_region	51506	200740	3.90	0	9
ptg016540l_1	23707	14667	0.62	0	2
ptg016540l_1_region	23707	14667	0.62	0	2
ptg016547l_1	18686	18906	1.01	0	7
ptg016547l_1_region	18686	18906	1.01	0	7
ptg016549l_1	76820	168287	2.19	0	9
ptg016549l_1_region	76820	168287	2.19	0	9
ptg016550l_1	19407	44325	2.28	0	4
ptg016550l_1_region	19407	44325	2.28	0	4
ptg016562l_1	60371	152743	2.53	0	10
ptg016562l_1_region	60371	152743	2.53	0	10
ptg016573l_1	169678	458858	2.70	0	9
ptg016573l_1_region	169678	458858	2.70	0	9
ptg016576l_1	16822	62696	3.73	0	8
ptg016576l_1_region	16822	62696	3.73	0	8
ptg016585l_1	48910	98425	2.01	0	7
ptg016585l_1_region	48910	98425	2.01	0	7
ptg016612l_1	39789	84188	2.12	0	12
ptg016612l_1_region	39789	84188	2.12	0	12
ptg016615l_1	41572	8275	0.20	0	2
ptg016615l_1_region	41572	8275	0.20	0	2
ptg016623l_1	71669	276187	3.85	0	26
ptg016623l_1_region	71669	276187	3.85	0	26
ptg016627l_1	573522	786811	1.37	0	17
ptg016627l_1_region	573522	786811	1.37	0	17
ptg016653l_1	114561	366945	3.20	0	9
ptg016653l_1_region	114561	366945	3.20	0	9
ptg016656l_1	29636	54439	1.84	0	5
ptg016656l_1_region	29636	54439	1.84	0	5
ptg016657l_1	39642	58752	1.48	0	9
ptg016657l_1_region	39642	58752	1.48	0	9
ptg016682l_1	36008	82101	2.28	0	6
ptg016682l_1_region	36008	82101	2.28	0	6
ptg016692l_1	24982	79154	3.17	0	7
ptg016692l_1_region	24982	79154	3.17	0	7
ptg016697l_1	23995	15299	0.64	0	2
ptg016697l_1_region	23995	15299	0.64	0	2
ptg016702l_1	28860	92774	3.21	0	5
ptg016702l_1_region	28860	92774	3.21	0	5
ptg016704l_1	10321	28623	2.77	0	5
ptg016704l_1_region	10321	28623	2.77	0	5
ptg016709l_1	311200	15218	0.05	0	1
ptg016709l_1_region	311200	15218	0.05	0	1
ptg016711l_1	48726	48375	0.99	0	7
ptg016711l_1_region	48726	48375	0.99	0	7
ptg016715l_1	14307	54689	3.82	0	6
ptg016715l_1_region	14307	54689	3.82	0	6
ptg016716l_1	23809	13477	0.57	0	2
ptg016716l_1_region	23809	13477	0.57	0	2
ptg016719l_1	90095	158139	1.76	0	8
ptg016719l_1_region	90095	158139	1.76	0	8
ptg016720l_1	21895	87304	3.99	0	11
ptg016720l_1_region	21895	87304	3.99	0	11
ptg016728l_1	31533	59153	1.88	0	6
ptg016728l_1_region	31533	59153	1.88	0	6
ptg016729l_1	86923	280181	3.22	0	8
ptg016729l_1_region	86923	280181	3.22	0	8
ptg016733l_1	17889	9761	0.55	0	2
ptg016733l_1_region	17889	9761	0.55	0	2
ptg016734l_1	10349	11750	1.14	0	3
ptg016734l_1_region	10349	11750	1.14	0	3
ptg016735l_1	84812	155138	1.83	0	7
ptg016735l_1_region	84812	155138	1.83	0	7
ptg016739l_1	27889	66258	2.38	0	9
ptg016739l_1_region	27889	66258	2.38	0	9
ptg016744l_1	22494	16104	0.72	0	3
ptg016744l_1_region	22494	16104	0.72	0	3
ptg016746l_1	36745	71518	1.95	0	5
ptg016746l_1_region	36745	71518	1.95	0	5
ptg016747l_1	32666	109399	3.35	0	11
ptg016747l_1_region	32666	109399	3.35	0	11
ptg016749l_1	23720	38229	1.61	0	3
ptg016749l_1_region	23720	38229	1.61	0	3
ptg016750l_1	30872	50828	1.65	0	5
ptg016750l_1_region	30872	50828	1.65	0	5
ptg016752l_1	37605	133384	3.55	0	9
ptg016752l_1_region	37605	133384	3.55	0	9
ptg016753l_1	37793	176044	4.66	0	11
ptg016753l_1_region	37793	176044	4.66	0	11
ptg016755l_1	71672	339979	4.74	0	16
ptg016755l_1_region	71672	339979	4.74	0	16
ptg016756l_1	26989	6867	0.25	0	1
ptg016756l_1_region	26989	6867	0.25	0	1
ptg016757l_1	29818	23708	0.80	0	3
ptg016757l_1_region	29818	23708	0.80	0	3
ptg016759l_1	35710	42767	1.20	0	6
ptg016759l_1_region	35710	42767	1.20	0	6
ptg016760l_1	32656	4274	0.13	0	1
ptg016760l_1_region	32656	4274	0.13	0	1
ptg016761l_1	21517	8565	0.40	0	1
ptg016761l_1_region	21517	8565	0.40	0	1
ptg016762l_1	68866	91691	1.33	0	6
ptg016762l_1_region	68866	91691	1.33	0	6
ptg016763l_1	27813	35896	1.29	0	3
ptg016763l_1_region	27813	35896	1.29	0	3
ptg016765l_1	29571	93737	3.17	0	7
ptg016765l_1_region	29571	93737	3.17	0	7
ptg016767l_1	79222	313048	3.95	0	11
ptg016767l_1_region	79222	313048	3.95	0	11
ptg016768l_1	47737	19240	0.40	0	3
ptg016768l_1_region	47737	19240	0.40	0	3
ptg016769l_1	32759	27657	0.84	0	3
ptg016769l_1_region	32759	27657	0.84	0	3
ptg016770l_1	26235	7882	0.30	0	1
ptg016770l_1_region	26235	7882	0.30	0	1
ptg016771l_1	70282	726425	10.34	0	42
ptg016771l_1_region	70282	726425	10.34	0	42
ptg016775l_1	55314	96146	1.74	0	9
ptg016775l_1_region	55314	96146	1.74	0	9
ptg016787l_1	22182	46321	2.09	0	7
ptg016787l_1_region	22182	46321	2.09	0	7
ptg016789l_1	56492	68586	1.21	0	5
ptg016789l_1_region	56492	68586	1.21	0	5
ptg016790l_1	33258	110510	3.32	0	7
ptg016790l_1_region	33258	110510	3.32	0	7
ptg016791l_1	71407	201348	2.82	0	8
ptg016791l_1_region	71407	201348	2.82	0	8
ptg016792l_1	108077	478542	4.43	0	28
ptg016792l_1_region	108077	478542	4.43	0	28
ptg016793l_1	76128	63782	0.84	0	5
ptg016793l_1_region	76128	63782	0.84	0	5
ptg016794l_1	19075	22567	1.18	0	3
ptg016794l_1_region	19075	22567	1.18	0	3
ptg016797l_1	76332	73262	0.96	0	5
ptg016797l_1_region	76332	73262	0.96	0	5
ptg016798l_1	29352	10871	0.37	0	2
ptg016798l_1_region	29352	10871	0.37	0	2
ptg016799l_1	84174	123576	1.47	0	9
ptg016799l_1_region	84174	123576	1.47	0	9
ptg016830l_1	14523	11650	0.80	0	2
ptg016830l_1_region	14523	11650	0.80	0	2
ptg016839l_1	14384	26634	1.85	0	5
ptg016839l_1_region	14384	26634	1.85	0	5
ptg016842l_1	24100	97390	4.04	0	8
ptg016842l_1_region	24100	97390	4.04	0	8
ptg016846l_1	31808	25708	0.81	0	2
ptg016846l_1_region	31808	25708	0.81	0	2
ptg016849l_1	74913	104730	1.40	0	5
ptg016849l_1_region	74913	104730	1.40	0	5
ptg016850l_1	35490	58110	1.64	0	6
ptg016850l_1_region	35490	58110	1.64	0	6
ptg016853l_1	10239	30364	2.97	0	6
ptg016853l_1_region	10239	30364	2.97	0	6
ptg016854l_1	66169	25431	0.38	0	2
ptg016854l_1_region	66169	25431	0.38	0	2
ptg016857l_1	37208	35478	0.95	0	4
ptg016857l_1_region	37208	35478	0.95	0	4
ptg016869l_1	33424	57689	1.73	0	4
ptg016869l_1_region	33424	57689	1.73	0	4
ptg016871l_1	23351	69838	2.99	0	6
ptg016871l_1_region	23351	69838	2.99	0	6
ptg016881l_1	16021	51112	3.19	0	7
ptg016881l_1_region	16021	51112	3.19	0	7
ptg016892l_1	40462	128761	3.18	0	10
ptg016892l_1_region	40462	128761	3.18	0	10
ptg016909l_1	23038	36006	1.56	0	6
ptg016909l_1_region	23038	36006	1.56	0	6
ptg016910l_1	38317	102287	2.67	0	10
ptg016910l_1_region	38317	102287	2.67	0	10
ptg016911l_1	22748	31594	1.39	0	4
ptg016911l_1_region	22748	31594	1.39	0	4
ptg016917l_1	90817	480223	5.29	0	21
ptg016917l_1_region	90817	480223	5.29	0	21
ptg016919l_1	22047	39313	1.78	0	4
ptg016919l_1_region	22047	39313	1.78	0	4
ptg016933l_1	36044	3548	0.10	0	4
ptg016933l_1_region	36044	3548	0.10	0	4
ptg016944l_1	23820	72346	3.04	0	6
ptg016944l_1_region	23820	72346	3.04	0	6
ptg016950l_1	35743	216759	6.06	0	31
ptg016950l_1_region	35743	216759	6.06	0	31
ptg016960l_1	44786	45375	1.01	0	6
ptg016960l_1_region	44786	45375	1.01	0	6
ptg016966l_1	177559	327898	1.85	0	16
ptg016966l_1_region	177559	327898	1.85	0	16
ptg016968l_1	15022	27014	1.80	0	3
ptg016968l_1_region	15022	27014	1.80	0	3
ptg016971l_1	39517	188334	4.77	0	12
ptg016971l_1_region	39517	188334	4.77	0	12
ptg016974l_1	13983	449	0.03	0	1
ptg016974l_1_region	13983	449	0.03	0	1
ptg016979l_1	19992	15504	0.78	0	3
ptg016979l_1_region	19992	15504	0.78	0	3
ptg016980l_1	312098	195815	0.63	0	5
ptg016980l_1_region	312098	195815	0.63	0	5
ptg016982l_1	24696	56218	2.28	0	7
ptg016982l_1_region	24696	56218	2.28	0	7
ptg016986l_1	25508	22608	0.89	0	4
ptg016986l_1_region	25508	22608	0.89	0	4
ptg017001l_1	16610	18376	1.11	0	3
ptg017001l_1_region	16610	18376	1.11	0	3
ptg017005l_1	68016	73655	1.08	0	4
ptg017005l_1_region	68016	73655	1.08	0	4
ptg017006l_1	19693	56927	2.89	0	7
ptg017006l_1_region	19693	56927	2.89	0	7
ptg017011l_1	18468	37981	2.06	0	4
ptg017011l_1_region	18468	37981	2.06	0	4
ptg017015l_1	67632	93934	1.39	0	6
ptg017015l_1_region	67632	93934	1.39	0	6
ptg017016l_1	82032	340185	4.15	0	14
ptg017016l_1_region	82032	340185	4.15	0	14
ptg017019l_1	27559	161492	5.86	0	24
ptg017019l_1_region	27559	161492	5.86	0	24
ptg017020c_1	12886	67672	5.25	1	8
ptg017020c_1_region	12886	67672	5.25	1	8
ptg017021l_1	32251	75457	2.34	0	5
ptg017021l_1_region	32251	75457	2.34	0	5
ptg017023l_1	122757	27658	0.23	0	3
ptg017023l_1_region	122757	27658	0.23	0	3
ptg017026l_1	40800	44655	1.09	0	3
ptg017026l_1_region	40800	44655	1.09	0	3
ptg017030l_1	29714	70724	2.38	0	12
ptg017030l_1_region	29714	70724	2.38	0	12
ptg017032l_1	112656	101975	0.91	0	6
ptg017032l_1_region	112656	101975	0.91	0	6
ptg017035l_1	12597	63118	5.01	1	7
ptg017035l_1_region	12597	63118	5.01	1	7
ptg017036l_1	31278	14607	0.47	0	2
ptg017036l_1_region	31278	14607	0.47	0	2
ptg017038l_1	25732	6501	0.25	0	1
ptg017038l_1_region	25732	6501	0.25	0	1
ptg017039l_1	40933	215119	5.26	0	11
ptg017039l_1_region	40933	215119	5.26	0	11
ptg017042l_1	66142	163539	2.47	0	11
ptg017042l_1_region	66142	163539	2.47	0	11
ptg017052l_1	14517	22250	1.53	0	4
ptg017052l_1_region	14517	22250	1.53	0	4
ptg017059l_1	79793	157180	1.97	0	6
ptg017059l_1_region	79793	157180	1.97	0	6
ptg017066l_1	54179	255717	4.72	0	9
ptg017066l_1_region	54179	255717	4.72	0	9
ptg017071l_1	36480	21046	0.58	0	2
ptg017071l_1_region	36480	21046	0.58	0	2
ptg017076l_1	49402	163516	3.31	0	8
ptg017076l_1_region	49402	163516	3.31	0	8
ptg017091l_1	40149	130292	3.25	0	6
ptg017091l_1_region	40149	130292	3.25	0	6
ptg017095l_1	28892	61714	2.14	0	12
ptg017095l_1_region	28892	61714	2.14	0	12
ptg017102l_1	26258	27932	1.06	0	6
ptg017102l_1_region	26258	27932	1.06	0	6
ptg017103l_1	59049	103941	1.76	0	9
ptg017103l_1_region	59049	103941	1.76	0	9
ptg017117l_1	13097	2325122	177.53	1	272
ptg017117l_1_region	13097	2325122	177.53	1	272
ptg017118l_1	11233	948	0.08	0	1
ptg017118l_1_region	11233	948	0.08	0	1
ptg017121l_1	26472	50032	1.89	0	4
ptg017121l_1_region	26472	50032	1.89	0	4
ptg017149l_1	10552	13627	1.29	0	2
ptg017149l_1_region	10552	13627	1.29	0	2
ptg017155l_1	27745	93496	3.37	0	10
ptg017155l_1_region	27745	93496	3.37	0	10
ptg017166l_1	95346	100003	1.05	0	6
ptg017166l_1_region	95346	100003	1.05	0	6
ptg017169l_1	39566	98996	2.50	0	7
ptg017169l_1_region	39566	98996	2.50	0	7
ptg017180l_1	20212	32791	1.62	0	5
ptg017180l_1_region	20212	32791	1.62	0	5
ptg017184l_1	34630	46168	1.33	0	3
ptg017184l_1_region	34630	46168	1.33	0	3
ptg017189l_1	22947	82042	3.58	0	11
ptg017189l_1_region	22947	82042	3.58	0	11
ptg017195l_1	19180	55284	2.88	0	8
ptg017195l_1_region	19180	55284	2.88	0	8
ptg017201l_1	38415	19813	0.52	0	3
ptg017201l_1_region	38415	19813	0.52	0	3
ptg017205l_1	18416	69615	3.78	0	12
ptg017205l_1_region	18416	69615	3.78	0	12
ptg017206l_1	37970	83677	2.20	0	5
ptg017206l_1_region	37970	83677	2.20	0	5
ptg017207l_1	24828	96118	3.87	0	9
ptg017207l_1_region	24828	96118	3.87	0	9
ptg017209l_1	59742	17334	0.29	0	1
ptg017209l_1_region	59742	17334	0.29	0	1
ptg017214l_1	32731	115873	3.54	0	9
ptg017214l_1_region	32731	115873	3.54	0	9
ptg017217l_1	44042	3932	0.09	0	1
ptg017217l_1_region	44042	3932	0.09	0	1
ptg017218l_1	81461	376446	4.62	0	18
ptg017218l_1_region	81461	376446	4.62	0	18
ptg017221l_1	56877	110983	1.95	0	7
ptg017221l_1_region	56877	110983	1.95	0	7
ptg017223l_1	39563	184456	4.66	0	15
ptg017223l_1_region	39563	184456	4.66	0	15
ptg017229l_1	50947	128720	2.53	0	8
ptg017229l_1_region	50947	128720	2.53	0	8
ptg017231l_1	12518	19459	1.55	0	4
ptg017231l_1_region	12518	19459	1.55	0	4
ptg017234l_1	13936	22667	1.63	0	4
ptg017234l_1_region	13936	22667	1.63	0	4
ptg017236l_1	13326	25366	1.90	0	187
ptg017236l_1_region	13326	25366	1.90	0	187
ptg017240l_1	31745	102502	3.23	0	7
ptg017240l_1_region	31745	102502	3.23	0	7
ptg017259l_1	16567	39153	2.36	0	8
ptg017259l_1_region	16567	39153	2.36	0	8
ptg017265l_1	19827	217097	10.95	0	20
ptg017265l_1_region	19827	217097	10.95	0	20
ptg017269l_1	41680	29863	0.72	0	4
ptg017269l_1_region	41680	29863	0.72	0	4
ptg017271l_1	18085	10450	0.58	0	4
ptg017271l_1_region	18085	10450	0.58	0	4
ptg017274l_1	30335	80586	2.66	0	7
ptg017274l_1_region	30335	80586	2.66	0	7
ptg017281l_1	29399	42391	1.44	0	4
ptg017281l_1_region	29399	42391	1.44	0	4
ptg017284l_1	9763	3017	0.31	0	1
ptg017284l_1_region	9763	3017	0.31	0	1
ptg017285l_1	13233	2177	0.16	0	1
ptg017285l_1_region	13233	2177	0.16	0	1
ptg017286l_1	57407	88857	1.55	0	4
ptg017286l_1_region	57407	88857	1.55	0	4
ptg017295l_1	26607	15095	0.57	0	3
ptg017295l_1_region	26607	15095	0.57	0	3
ptg017296l_1	15634	17654	1.13	0	8
ptg017296l_1_region	15634	17654	1.13	0	8
ptg017297l_1	16300	44904	2.75	0	5
ptg017297l_1_region	16300	44904	2.75	0	5
ptg017299l_1	22835	52568	2.30	0	27
ptg017299l_1_region	22835	52568	2.30	0	27
ptg017302l_1	37692	69616	1.85	0	5
ptg017302l_1_region	37692	69616	1.85	0	5
ptg017303l_1	17359	10277	0.59	0	2
ptg017303l_1_region	17359	10277	0.59	0	2
ptg017304l_1	37666	34185	0.91	0	4
ptg017304l_1_region	37666	34185	0.91	0	4
ptg017313l_1	6960	23334	3.35	1	7
ptg017313l_1_region	6960	23334	3.35	1	7
ptg017324l_1	65911	153327	2.33	0	7
ptg017324l_1_region	65911	153327	2.33	0	7
ptg017325l_1	225551	494808	2.19	0	8
ptg017325l_1_region	225551	494808	2.19	0	8
ptg017327l_1	29957	35361	1.18	0	3
ptg017327l_1_region	29957	35361	1.18	0	3
ptg017330l_1	37299	499852	13.40	0	39
ptg017330l_1_region	37299	499852	13.40	0	39
ptg017338l_1	48691	158667	3.26	0	7
ptg017338l_1_region	48691	158667	3.26	0	7
ptg017341l_1	28568	120296	4.21	0	18
ptg017341l_1_region	28568	120296	4.21	0	18
ptg017343l_1	16660	21985	1.32	0	2
ptg017343l_1_region	16660	21985	1.32	0	2
ptg017344l_1	20222	11494	0.57	0	1
ptg017344l_1_region	20222	11494	0.57	0	1
ptg017346l_1	69356	56190	0.81	0	4
ptg017346l_1_region	69356	56190	0.81	0	4
ptg017348l_1	24487	70705	2.89	0	6
ptg017348l_1_region	24487	70705	2.89	0	6
ptg017351l_1	35752	74359	2.08	0	5
ptg017351l_1_region	35752	74359	2.08	0	5
ptg017365l_1	31764	14862	0.47	0	4
ptg017365l_1_region	31764	14862	0.47	0	4
ptg017379l_1	16667	23219	1.39	0	4
ptg017379l_1_region	16667	23219	1.39	0	4
ptg017382l_1	18623	31033	1.67	0	4
ptg017382l_1_region	18623	31033	1.67	0	4
ptg017386l_1	24046	50086	2.08	0	5
ptg017386l_1_region	24046	50086	2.08	0	5
ptg017392l_1	55750	173530	3.11	0	15
ptg017392l_1_region	55750	173530	3.11	0	15
ptg017398l_1	59062	178	0.00	0	1
ptg017398l_1_region	59062	178	0.00	0	1
ptg017408l_1	7059	7251	1.03	0	2
ptg017408l_1_region	7059	7251	1.03	0	2
ptg017410l_1	34650	50344	1.45	0	7
ptg017410l_1_region	34650	50344	1.45	0	7
ptg017415l_1	11726	5658	0.48	0	2
ptg017415l_1_region	11726	5658	0.48	0	2
ptg017423l_1	17073	14381	0.84	0	3
ptg017423l_1_region	17073	14381	0.84	0	3
ptg017431l_1	50361	72328	1.44	0	4
ptg017431l_1_region	50361	72328	1.44	0	4
ptg017434l_1	27746	32864	1.18	0	4
ptg017434l_1_region	27746	32864	1.18	0	4
ptg017437l_1	24911	44469	1.79	0	4
ptg017437l_1_region	24911	44469	1.79	0	4
ptg017443l_1	23152	1167	0.05	0	1
ptg017443l_1_region	23152	1167	0.05	0	1
ptg017447l_1	98373	1052714	10.70	0	60
ptg017447l_1_region	98373	1052714	10.70	0	60
ptg017448l_1	50769	147199	2.90	0	9
ptg017448l_1_region	50769	147199	2.90	0	9
ptg017449l_1	27010	8437	0.31	0	1
ptg017449l_1_region	27010	8437	0.31	0	1
ptg017450l_1	40934	128652	3.14	0	10
ptg017450l_1_region	40934	128652	3.14	0	10
ptg017454l_1	45645	22006	0.48	0	2
ptg017454l_1_region	45645	22006	0.48	0	2
ptg017488l_1	58083	121063	2.08	0	9
ptg017488l_1_region	58083	121063	2.08	0	9
ptg017498l_1	38654	68993	1.78	0	5
ptg017498l_1_region	38654	68993	1.78	0	5
ptg017520l_1	409113	2152148	5.26	0	90
ptg017520l_1_region	409113	2152148	5.26	0	90
ptg017552l_1	24458	76404	3.12	0	7
ptg017552l_1_region	24458	76404	3.12	0	7
ptg017553l_1	18987	23417	1.23	0	9
ptg017553l_1_region	18987	23417	1.23	0	9
ptg017564l_1	47544	69328	1.46	0	5
ptg017564l_1_region	47544	69328	1.46	0	5
ptg017582l_1	40029	120121	3.00	0	13
ptg017582l_1_region	40029	120121	3.00	0	13
ptg017583l_1	15496	30517	1.97	0	5
ptg017583l_1_region	15496	30517	1.97	0	5
ptg017595l_1	18437	71637	3.89	0	9
ptg017595l_1_region	18437	71637	3.89	0	9
ptg017604l_1	352575	426288	1.21	0	18
ptg017604l_1_region	352575	426288	1.21	0	18
ptg017606l_1	32590	108973	3.34	0	10
ptg017606l_1_region	32590	108973	3.34	0	10
ptg017614l_1	29178	221706	7.60	0	17
ptg017614l_1_region	29178	221706	7.60	0	17
ptg017617l_1	87577	423141	4.83	0	32
ptg017617l_1_region	87577	423141	4.83	0	32
ptg017629l_1	401323	802334	2.00	0	13
ptg017629l_1_region	401323	802334	2.00	0	13
ptg017638l_1	21678	80900	3.73	0	11
ptg017638l_1_region	21678	80900	3.73	0	11
ptg017650l_1	34680	83032	2.39	0	8
ptg017650l_1_region	34680	83032	2.39	0	8
ptg017660l_1	66246	47086	0.71	0	8
ptg017660l_1_region	66246	47086	0.71	0	8
ptg017669l_1	286913	473706	1.65	0	12
ptg017669l_1_region	286913	473706	1.65	0	12
ptg017670l_1	117909	151282	1.28	0	9
ptg017670l_1_region	117909	151282	1.28	0	9
ptg017681l_1	84139	127503	1.52	0	4
ptg017681l_1_region	84139	127503	1.52	0	4
ptg017723l_1	738916	2557533	3.46	0	18
ptg017723l_1_region	738916	2557533	3.46	0	18
ptg017741l_1	40788	209089	5.13	0	16
ptg017741l_1_region	40788	209089	5.13	0	16
ptg017746l_1	18886	85297	4.52	0	12
ptg017746l_1_region	18886	85297	4.52	0	12
ptg017747c_1	53925	756553	14.03	0	54
ptg017747c_1_region	53925	756553	14.03	0	54
ptg017768l_1	40784	147907	3.63	0	14
ptg017768l_1_region	40784	147907	3.63	0	14
ptg017770l_1	165391	283457	1.71	0	6
ptg017770l_1_region	165391	283457	1.71	0	6
ptg017783l_1	13278	9541	0.72	0	2
ptg017783l_1_region	13278	9541	0.72	0	2
ptg017789l_1	23857	26368	1.11	0	7
ptg017789l_1_region	23857	26368	1.11	0	7
ptg017804l_1	110895	143719	1.30	0	14
ptg017804l_1_region	110895	143719	1.30	0	14
ptg017806l_1	418078	1591066	3.81	0	25
ptg017806l_1_region	418078	1591066	3.81	0	25
ptg017845l_1	15541	30268	1.95	0	5
ptg017845l_1_region	15541	30268	1.95	0	5
ptg017857l_1	41585	57296	1.38	0	5
ptg017857l_1_region	41585	57296	1.38	0	5
ptg017858l_1	26402	67703	2.56	0	5
ptg017858l_1_region	26402	67703	2.56	0	5
ptg017864l_1	103746	172399	1.66	0	13
ptg017864l_1_region	103746	172399	1.66	0	13
ptg017867l_1	210600	797607	3.79	0	21
ptg017867l_1_region	210600	797607	3.79	0	21
ptg017874l_1	28479	41945	1.47	0	5
ptg017874l_1_region	28479	41945	1.47	0	5
ptg017876l_1	48408	39420	0.81	0	5
ptg017876l_1_region	48408	39420	0.81	0	5
ptg017881l_1	499837	5552508	11.11	0	136
ptg017881l_1_region	499837	5552508	11.11	0	136
ptg017891l_1	28561	84626	2.96	0	10
ptg017891l_1_region	28561	84626	2.96	0	10
ptg017893l_1	112229	474052	4.22	0	21
ptg017893l_1_region	112229	474052	4.22	0	21
ptg017912l_1	89452	359264	4.02	0	13
ptg017912l_1_region	89452	359264	4.02	0	13
ptg017914l_1	149754	278639	1.86	0	13
ptg017914l_1_region	149754	278639	1.86	0	13
ptg017944l_1	51905	90038	1.73	0	23
ptg017944l_1_region	51905	90038	1.73	0	23
ptg017958l_1	150591	695071	4.62	0	34
ptg017958l_1_region	150591	695071	4.62	0	34
ptg017966l_1	18037	71229	3.95	0	8
ptg017966l_1_region	18037	71229	3.95	0	8
ptg017970l_1	26065	341428	13.10	0	44
ptg017970l_1_region	26065	341428	13.10	0	44
ptg017979l_1	508306	1034618	2.04	0	14
ptg017979l_1_region	508306	1034618	2.04	0	14
ptg017992l_1	251900	308514	1.22	0	12
ptg017992l_1_region	251900	308514	1.22	0	12
ptg018010l_1	86469	171636	1.98	0	5
ptg018010l_1_region	86469	171636	1.98	0	5
ptg018034l_1	226342	243760	1.08	0	6
ptg018034l_1_region	226342	243760	1.08	0	6
ptg018037l_1	307679	452831	1.47	0	13
ptg018037l_1_region	307679	452831	1.47	0	13
ptg018105l_1	47031	150150	3.19	0	7
ptg018105l_1_region	47031	150150	3.19	0	7
ptg018106l_1	63041	5940	0.09	0	2
ptg018106l_1_region	63041	5940	0.09	0	2
ptg018108l_1	45875	121037	2.64	0	6
ptg018108l_1_region	45875	121037	2.64	0	6
ptg018121l_1	34603	62306	1.80	0	5
ptg018121l_1_region	34603	62306	1.80	0	5
ptg018147l_1	155760	259665	1.67	0	12
ptg018147l_1_region	155760	259665	1.67	0	12
ptg018160l_1	78346	158835	2.03	0	4
ptg018160l_1_region	78346	158835	2.03	0	4
ptg018184l_1	87608	228958	2.61	0	16
ptg018184l_1_region	87608	228958	2.61	0	16
ptg018203l_1	2158817	6982919	3.23	0	21
ptg018203l_1_region	2158817	6982919	3.23	0	21
ptg018213l_1	15835	26202	1.65	0	4
ptg018213l_1_region	15835	26202	1.65	0	4
ptg018215l_1	67060	324544	4.84	0	21
ptg018215l_1_region	67060	324544	4.84	0	21
ptg018218l_1	37019	41784	1.13	0	10
ptg018218l_1_region	37019	41784	1.13	0	10
ptg018232l_1	26376	94661	3.59	0	8
ptg018232l_1_region	26376	94661	3.59	0	8
ptg018277l_1	22967	37840	1.65	0	4
ptg018277l_1_region	22967	37840	1.65	0	4
ptg018290l_1	18247	40085	2.20	0	6
ptg018290l_1_region	18247	40085	2.20	0	6
ptg018294l_1	27798	22244	0.80	0	8
ptg018294l_1_region	27798	22244	0.80	0	8
ptg018311l_1	24333	76847	3.16	0	7
ptg018311l_1_region	24333	76847	3.16	0	7
ptg018314l_1	140686	821756	5.84	0	24
ptg018314l_1_region	140686	821756	5.84	0	24
ptg018333l_1	24095	6315	0.26	0	2
ptg018333l_1_region	24095	6315	0.26	0	2
ptg018349l_1	28903	6520	0.23	0	5
ptg018349l_1_region	28903	6520	0.23	0	5
ptg018357l_1	16662	18615	1.12	0	16
ptg018357l_1_region	16662	18615	1.12	0	16
ptg018360l_1	163863	102407	0.62	0	25
ptg018360l_1_region	163863	102407	0.62	0	25
ptg018380l_1	602480	1866783	3.10	0	11
ptg018380l_1_region	602480	1866783	3.10	0	11
ptg018401l_1	27625	28972	1.05	0	3
ptg018401l_1_region	27625	28972	1.05	0	3
ptg018405l_1	44463	29889	0.67	0	5
ptg018405l_1_region	44463	29889	0.67	0	5
ptg018415l_1	45127	586600	13.00	0	31
ptg018415l_1_region	45127	586600	13.00	0	31
ptg018426l_1	27680	17678	0.64	0	3
ptg018426l_1_region	27680	17678	0.64	0	3
ptg018449l_1	22387	21622	0.97	0	4
ptg018449l_1_region	22387	21622	0.97	0	4
ptg018459l_1	44669	1694	0.04	0	2
ptg018459l_1_region	44669	1694	0.04	0	2
ptg018475l_1	90279	72374	0.80	0	9
ptg018475l_1_region	90279	72374	0.80	0	9
ptg018490l_1	19666	17660	0.90	0	2
ptg018490l_1_region	19666	17660	0.90	0	2
ptg018493l_1	35804	30022	0.84	0	3
ptg018493l_1_region	35804	30022	0.84	0	3
ptg018515l_1	20126	1228	0.06	0	1
ptg018515l_1_region	20126	1228	0.06	0	1
ptg018536l_1	64549	109601	1.70	0	4
ptg018536l_1_region	64549	109601	1.70	0	4
ptg018540l_1	190981	549435	2.88	0	39
ptg018540l_1_region	190981	549435	2.88	0	39
ptg018548l_1	42825	57508	1.34	0	8
ptg018548l_1_region	42825	57508	1.34	0	8
ptg018581l_1	11484	15501	1.35	0	5
ptg018581l_1_region	11484	15501	1.35	0	5
ptg018595l_1	213378	661712	3.10	0	11
ptg018595l_1_region	213378	661712	3.10	0	11
ptg018606l_1	64550	106875	1.66	0	6
ptg018606l_1_region	64550	106875	1.66	0	6
ptg018611l_1	52005	178141	3.43	0	13
ptg018611l_1_region	52005	178141	3.43	0	13
ptg018630l_1	39630	224702	5.67	0	23
ptg018630l_1_region	39630	224702	5.67	0	23
ptg018637l_1	15895	41356	2.60	0	5
ptg018637l_1_region	15895	41356	2.60	0	5
ptg018654l_1	56047	23035	0.41	0	3
ptg018654l_1_region	56047	23035	0.41	0	3
ptg018665l_1	24779	78508	3.17	0	6
ptg018665l_1_region	24779	78508	3.17	0	6
ptg018690l_1	16183	34349	2.12	0	4
ptg018690l_1_region	16183	34349	2.12	0	4
ptg018705l_1	25303	17214	0.68	0	2
ptg018705l_1_region	25303	17214	0.68	0	2
ptg018711l_1	19993	21681	1.08	0	3
ptg018711l_1_region	19993	21681	1.08	0	3
ptg018729l_1	29416	125165	4.25	0	10
ptg018729l_1_region	29416	125165	4.25	0	10
ptg018731l_1	30493	164396	5.39	0	10
ptg018731l_1_region	30493	164396	5.39	0	10
ptg018754l_1	267293	615206	2.30	0	10
ptg018754l_1_region	267293	615206	2.30	0	10
ptg018757l_1	30255	66182	2.19	0	9
ptg018757l_1_region	30255	66182	2.19	0	9
ptg018792l_1	453607	1178413	2.60	0	11
ptg018792l_1_region	453607	1178413	2.60	0	11
ptg018799l_1	29306	16151	0.55	0	3
ptg018799l_1_region	29306	16151	0.55	0	3
ptg018801l_1	18973	15387	0.81	0	2
ptg018801l_1_region	18973	15387	0.81	0	2
ptg018818l_1	33608	9487	0.28	0	1
ptg018818l_1_region	33608	9487	0.28	0	1
ptg018819l_1	10250	1168	0.11	0	1
ptg018819l_1_region	10250	1168	0.11	0	1
ptg018822l_1	12037	20043	1.67	0	3
ptg018822l_1_region	12037	20043	1.67	0	3
ptg018825l_1	22734	49426	2.17	0	4
ptg018825l_1_region	22734	49426	2.17	0	4
ptg018841l_1	40685	32950	0.81	0	2
ptg018841l_1_region	40685	32950	0.81	0	2
ptg018842l_1	18339	63396	3.46	0	7
ptg018842l_1_region	18339	63396	3.46	0	7
ptg018848l_1	47266	59157	1.25	0	6
ptg018848l_1_region	47266	59157	1.25	0	6
ptg018853l_1	54130	76370	1.41	0	9
ptg018853l_1_region	54130	76370	1.41	0	9
ptg018880l_1	70151	2382238	33.96	0	455
ptg018880l_1_region	70151	2382238	33.96	0	455
ptg018892l_1	35073	60803	1.73	0	6
ptg018892l_1_region	35073	60803	1.73	0	6
ptg018905l_1	184187	892985	4.85	0	17
ptg018905l_1_region	184187	892985	4.85	0	17
ptg018910l_1	23145	4237	0.18	0	2
ptg018910l_1_region	23145	4237	0.18	0	2
ptg018913l_1	20279	1826	0.09	0	5
ptg018913l_1_region	20279	1826	0.09	0	5
ptg018921l_1	49761	201631	4.05	0	10
ptg018921l_1_region	49761	201631	4.05	0	10
ptg018929l_1	123319	484860	3.93	0	20
ptg018929l_1_region	123319	484860	3.93	0	20
ptg018974l_1	27019	54078	2.00	0	7
ptg018974l_1_region	27019	54078	2.00	0	7
ptg018989l_1	21989	66968	3.05	0	11
ptg018989l_1_region	21989	66968	3.05	0	11
ptg018999l_1	66332	166514	2.51	0	8
ptg018999l_1_region	66332	166514	2.51	0	8
ptg019003l_1	92005	307602	3.34	0	7
ptg019003l_1_region	92005	307602	3.34	0	7
ptg019011l_1	302421	693168	2.29	0	12
ptg019011l_1_region	302421	693168	2.29	0	12
ptg019024l_1	125266	371394	2.96	0	20
ptg019024l_1_region	125266	371394	2.96	0	20
ptg019048l_1	53093	152622	2.87	0	8
ptg019048l_1_region	53093	152622	2.87	0	8
ptg019063l_1	18726	32813	1.75	0	4
ptg019063l_1_region	18726	32813	1.75	0	4
ptg019090l_1	10531	52440	4.98	0	18
ptg019090l_1_region	10531	52440	4.98	0	18
ptg019092l_1	28560	8730	0.31	0	2
ptg019092l_1_region	28560	8730	0.31	0	2
ptg019098l_1	42377	147973	3.49	0	9
ptg019098l_1_region	42377	147973	3.49	0	9
ptg019100l_1	91225	266382	2.92	0	12
ptg019100l_1_region	91225	266382	2.92	0	12
ptg019116l_1	12408	11307	0.91	0	4
ptg019116l_1_region	12408	11307	0.91	0	4
ptg019118l_1	17421	39329	2.26	0	7
ptg019118l_1_region	17421	39329	2.26	0	7
ptg019126l_1	28480	98445	3.46	0	10
ptg019126l_1_region	28480	98445	3.46	0	10
ptg019135l_1	18087	91603	5.06	0	12
ptg019135l_1_region	18087	91603	5.06	0	12
ptg019164l_1	68587	66520	0.97	0	4
ptg019164l_1_region	68587	66520	0.97	0	4
ptg019168l_1	30529	1438	0.05	0	2
ptg019168l_1_region	30529	1438	0.05	0	2
ptg019171l_1	44028	32459	0.74	0	3
ptg019171l_1_region	44028	32459	0.74	0	3
ptg019177l_1	36435	78727	2.16	0	12
ptg019177l_1_region	36435	78727	2.16	0	12
ptg019179l_1	16784	26288	1.57	0	9
ptg019179l_1_region	16784	26288	1.57	0	9
ptg019186l_1	44098	104040	2.36	0	7
ptg019186l_1_region	44098	104040	2.36	0	7
ptg019200l_1	29417	48954	1.66	0	5
ptg019200l_1_region	29417	48954	1.66	0	5
ptg019219l_1	22930	2749	0.12	0	2
ptg019219l_1_region	22930	2749	0.12	0	2
ptg019234l_1	20285	41015	2.02	0	8
ptg019234l_1_region	20285	41015	2.02	0	8
ptg019246l_1	67533	107338	1.59	0	13
ptg019246l_1_region	67533	107338	1.59	0	13
ptg019254l_1	76586	80809	1.06	0	7
ptg019254l_1_region	76586	80809	1.06	0	7
ptg019262l_1	15030	12225	0.81	0	2
ptg019262l_1_region	15030	12225	0.81	0	2
ptg019265l_1	62709	54471	0.87	0	4
ptg019265l_1_region	62709	54471	0.87	0	4
ptg019276l_1	144282	307200	2.13	0	17
ptg019276l_1_region	144282	307200	2.13	0	17
ptg019280l_1	126826	32293	0.25	0	1
ptg019280l_1_region	126826	32293	0.25	0	1
ptg019281l_1	39198	25790	0.66	0	3
ptg019281l_1_region	39198	25790	0.66	0	3
ptg019284l_1	73112	109350	1.50	0	5
ptg019284l_1_region	73112	109350	1.50	0	5
ptg019311l_1	28989	28824	0.99	0	2
ptg019311l_1_region	28989	28824	0.99	0	2
ptg019317l_1	25513	44799	1.76	0	5
ptg019317l_1_region	25513	44799	1.76	0	5
ptg019347l_1	33861	164648	4.86	0	11
ptg019347l_1_region	33861	164648	4.86	0	11
ptg019355l_1	14191	32369	2.28	0	5
ptg019355l_1_region	14191	32369	2.28	0	5
ptg019378l_1	145704	401486	2.76	0	14
ptg019378l_1_region	145704	401486	2.76	0	14
ptg019379l_1	44396	127243	2.87	0	7
ptg019379l_1_region	44396	127243	2.87	0	7
ptg019399l_1	20522	62376	3.04	0	5
ptg019399l_1_region	20522	62376	3.04	0	5
ptg019405l_1	34849	98611	2.83	0	6
ptg019405l_1_region	34849	98611	2.83	0	6
ptg019428l_1	8077	11407	1.41	0	2
ptg019428l_1_region	8077	11407	1.41	0	2
ptg019441l_1	28104	5988	0.21	0	2
ptg019441l_1_region	28104	5988	0.21	0	2
ptg019449l_1	28192	78396	2.78	0	6
ptg019449l_1_region	28192	78396	2.78	0	6
ptg019459l_1	102486	236893	2.31	0	5
ptg019459l_1_region	102486	236893	2.31	0	5
ptg019489l_1	25553	34783	1.36	0	4
ptg019489l_1_region	25553	34783	1.36	0	4
ptg019504l_1	15136	77345	5.11	0	12
ptg019504l_1_region	15136	77345	5.11	0	12
ptg019557l_1	31245	65703	2.10	0	5
ptg019557l_1_region	31245	65703	2.10	0	5
ptg019586l_1	60194	184770	3.07	0	7
ptg019586l_1_region	60194	184770	3.07	0	7
ptg019588l_1	52512	45538	0.87	0	3
ptg019588l_1_region	52512	45538	0.87	0	3
ptg019589l_1	45675	99561	2.18	0	8
ptg019589l_1_region	45675	99561	2.18	0	8
ptg019591l_1	26717	17077	0.64	0	2
ptg019591l_1_region	26717	17077	0.64	0	2
ptg019595l_1	23721	34221	1.44	0	4
ptg019595l_1_region	23721	34221	1.44	0	4
ptg019596l_1	25068	49464	1.97	0	7
ptg019596l_1_region	25068	49464	1.97	0	7
ptg019597l_1	32179	133741	4.16	0	19
ptg019597l_1_region	32179	133741	4.16	0	19
ptg019599l_1	87082	190908	2.19	0	12
ptg019599l_1_region	87082	190908	2.19	0	12
ptg019600l_1	58059	1307436	22.52	0	63
ptg019600l_1_region	58059	1307436	22.52	0	63
ptg019603l_1	28548	94883	3.32	0	7
ptg019603l_1_region	28548	94883	3.32	0	7
ptg019605l_1	32323	5489	0.17	0	1
ptg019605l_1_region	32323	5489	0.17	0	1
ptg019612l_1	40383	312595	7.74	1	22
ptg019612l_1_region	40383	312595	7.74	1	22
ptg019635l_1	287030	1451126	5.06	0	22
ptg019635l_1_region	287030	1451126	5.06	0	22
ptg019644l_1	209170	69249	0.33	0	3
ptg019644l_1_region	209170	69249	0.33	0	3
ptg019664l_1	44786	372767	8.32	0	19
ptg019664l_1_region	44786	372767	8.32	0	19
ptg019675l_1	16790	26241	1.56	0	4
ptg019675l_1_region	16790	26241	1.56	0	4
ptg019676l_1	46767	16749	0.36	0	1
ptg019676l_1_region	46767	16749	0.36	0	1
ptg019679l_1	16210	20891	1.29	0	2
ptg019679l_1_region	16210	20891	1.29	0	2
ptg019681l_1	22189	24035	1.08	0	5
ptg019681l_1_region	22189	24035	1.08	0	5
ptg019682l_1	34515	52465	1.52	0	3
ptg019682l_1_region	34515	52465	1.52	0	3
ptg019683l_1	46317	146306	3.16	0	11
ptg019683l_1_region	46317	146306	3.16	0	11
ptg019709l_1	67484	181297	2.69	0	10
ptg019709l_1_region	67484	181297	2.69	0	10
ptg019721l_1	49404	169324	3.43	0	17
ptg019721l_1_region	49404	169324	3.43	0	17
ptg019746l_1	31289	40664	1.30	0	5
ptg019746l_1_region	31289	40664	1.30	0	5
ptg019757l_1	9953	63091	6.34	1	10
ptg019757l_1_region	9953	63091	6.34	1	10
ptg019767l_1	27433	89924	3.28	0	8
ptg019767l_1_region	27433	89924	3.28	0	8
ptg019773l_1	19706	11570	0.59	0	2
ptg019773l_1_region	19706	11570	0.59	0	2
ptg019783l_1	43003	163247	3.80	0	10
ptg019783l_1_region	43003	163247	3.80	0	10
ptg019786l_1	18049	7888	0.44	0	3
ptg019786l_1_region	18049	7888	0.44	0	3
ptg019789l_1	22259	3808	0.17	0	2
ptg019789l_1_region	22259	3808	0.17	0	2
ptg019793l_1	51110	797976	15.61	1	63
ptg019793l_1_region	51110	797976	15.61	1	63
ptg019800l_1	29390	43756	1.49	0	4
ptg019800l_1_region	29390	43756	1.49	0	4
ptg019825l_1	18875	6557	0.35	0	2
ptg019825l_1_region	18875	6557	0.35	0	2
ptg019829l_1	18556	79404	4.28	0	8
ptg019829l_1_region	18556	79404	4.28	0	8
ptg019851l_1	28332	70622	2.49	0	19
ptg019851l_1_region	28332	70622	2.49	0	19
ptg019880l_1	36552	62948	1.72	0	5
ptg019880l_1_region	36552	62948	1.72	0	5
ptg019939l_1	32281	34665	1.07	0	4
ptg019939l_1_region	32281	34665	1.07	0	4
ptg019941l_1	80866	202921	2.51	0	13
ptg019941l_1_region	80866	202921	2.51	0	13
ptg019965l_1	24829	9609	0.39	0	2
ptg019965l_1_region	24829	9609	0.39	0	2
ptg019973l_1	101392	380945	3.76	0	13
ptg019973l_1_region	101392	380945	3.76	0	13
ptg019983l_1	887361	2199321	2.48	0	17
ptg019983l_1_region	887361	2199321	2.48	0	17
ptg019986l_1	85155	87471	1.03	0	7
ptg019986l_1_region	85155	87471	1.03	0	7
ptg020002l_1	16679	62638	3.76	1	9
ptg020002l_1_region	16679	62638	3.76	1	9
ptg020009l_1	37222	22669	0.61	0	3
ptg020009l_1_region	37222	22669	0.61	0	3
ptg020040l_1	13043	47820	3.67	0	7
ptg020040l_1_region	13043	47820	3.67	0	7
ptg020041l_1	14323	29327	2.05	0	4
ptg020041l_1_region	14323	29327	2.05	0	4
ptg020053l_1	124874	103900	0.83	0	6
ptg020053l_1_region	124874	103900	0.83	0	6
ptg020057l_1	20321	5822	0.29	0	2
ptg020057l_1_region	20321	5822	0.29	0	2
ptg020078l_1	15004	12725	0.85	0	3
ptg020078l_1_region	15004	12725	0.85	0	3
ptg020091l_1	27109	96796	3.57	0	10
ptg020091l_1_region	27109	96796	3.57	0	10
ptg020103l_1	55988	82067	1.47	0	7
ptg020103l_1_region	55988	82067	1.47	0	7
ptg020104l_1	52450	71133	1.36	0	4
ptg020104l_1_region	52450	71133	1.36	0	4
ptg020117l_1	19224	49440	2.57	0	6
ptg020117l_1_region	19224	49440	2.57	0	6
ptg020144l_1	71828	125397	1.75	0	8
ptg020144l_1_region	71828	125397	1.75	0	8
ptg020148l_1	11038	17726	1.61	0	4
ptg020148l_1_region	11038	17726	1.61	0	4
ptg020171l_1	18625	46700	2.51	0	8
ptg020171l_1_region	18625	46700	2.51	0	8
ptg020173l_1	86198	270752	3.14	0	13
ptg020173l_1_region	86198	270752	3.14	0	13
ptg020181l_1	34620	83428	2.41	0	25
ptg020181l_1_region	34620	83428	2.41	0	25
ptg020183l_1	45499	207573	4.56	0	23
ptg020183l_1_region	45499	207573	4.56	0	23
ptg020207l_1	45682	100827	2.21	0	12
ptg020207l_1_region	45682	100827	2.21	0	12
ptg020257l_1	35005	32128	0.92	0	6
ptg020257l_1_region	35005	32128	0.92	0	6
ptg020268l_1	18665	14002	0.75	0	2
ptg020268l_1_region	18665	14002	0.75	0	2
ptg020270l_1	17422	40429	2.32	0	5
ptg020270l_1_region	17422	40429	2.32	0	5
ptg020281l_1	21595	3343	0.15	0	1
ptg020281l_1_region	21595	3343	0.15	0	1
ptg020290l_1	25365	109730	4.33	0	11
ptg020290l_1_region	25365	109730	4.33	0	11
ptg020298l_1	41921	117059	2.79	0	10
ptg020298l_1_region	41921	117059	2.79	0	10
ptg020299l_1	44120	68306	1.55	0	9
ptg020299l_1_region	44120	68306	1.55	0	9
ptg020300l_1	34405	62867	1.83	0	5
ptg020300l_1_region	34405	62867	1.83	0	5
ptg020315l_1	12027	51252	4.26	0	10
ptg020315l_1_region	12027	51252	4.26	0	10
ptg020324l_1	30378	90585	2.98	0	9
ptg020324l_1_region	30378	90585	2.98	0	9
ptg020332l_1	31096	97359	3.13	0	11
ptg020332l_1_region	31096	97359	3.13	0	11
ptg020367l_1	22850	49885	2.18	0	4
ptg020367l_1_region	22850	49885	2.18	0	4
ptg020369l_1	32136	108035	3.36	0	15
ptg020369l_1_region	32136	108035	3.36	0	15
ptg020371l_1	37729	203057	5.38	0	12
ptg020371l_1_region	37729	203057	5.38	0	12
ptg020385l_1	65642	137013	2.09	0	10
ptg020385l_1_region	65642	137013	2.09	0	10
ptg020389l_1	28075	95194	3.39	0	11
ptg020389l_1_region	28075	95194	3.39	0	11
ptg020391l_1	24238	65322	2.70	0	8
ptg020391l_1_region	24238	65322	2.70	0	8
ptg020392l_1	17498	23231	1.33	0	3
ptg020392l_1_region	17498	23231	1.33	0	3
ptg020409l_1	36651	137615	3.75	0	15
ptg020409l_1_region	36651	137615	3.75	0	15
ptg020423l_1	37073	17132	0.46	0	2
ptg020423l_1_region	37073	17132	0.46	0	2
ptg020426l_1	35513	36482	1.03	0	5
ptg020426l_1_region	35513	36482	1.03	0	5
ptg020436l_1	20992	54603	2.60	0	14
ptg020436l_1_region	20992	54603	2.60	0	14
ptg020463l_1	8586	6564	0.76	0	3
ptg020463l_1_region	8586	6564	0.76	0	3
ptg020488l_1	20308	35504	1.75	0	10
ptg020488l_1_region	20308	35504	1.75	0	10
ptg020497l_1	10682	22890	2.14	0	3
ptg020497l_1_region	10682	22890	2.14	0	3
ptg020515l_1	30946	90807	2.93	0	5
ptg020515l_1_region	30946	90807	2.93	0	5
ptg020516l_1	30640	25948	0.85	0	5
ptg020516l_1_region	30640	25948	0.85	0	5
ptg020531l_1	84619	342336	4.05	0	16
ptg020531l_1_region	84619	342336	4.05	0	16
ptg020540l_1	31609	91886	2.91	0	6
ptg020540l_1_region	31609	91886	2.91	0	6
ptg020557l_1	24533	69602	2.84	0	8
ptg020557l_1_region	24533	69602	2.84	0	8
ptg020562l_1	7780	11580	1.49	0	2
ptg020562l_1_region	7780	11580	1.49	0	2
ptg020591l_1	33010	136262	4.13	0	16
ptg020591l_1_region	33010	136262	4.13	0	16
ptg020602l_1	29179	305	0.01	0	1
ptg020602l_1_region	29179	305	0.01	0	1
ptg020628l_1	14691	23812	1.62	0	3
ptg020628l_1_region	14691	23812	1.62	0	3
ptg020637l_1	15921	23002	1.44	0	5
ptg020637l_1_region	15921	23002	1.44	0	5
ptg020654l_1	17091	7314	0.43	0	1
ptg020654l_1_region	17091	7314	0.43	0	1
ptg020658l_1	56601	179412	3.17	0	9
ptg020658l_1_region	56601	179412	3.17	0	9
ptg020690l_1	14739	28059	1.90	0	4
ptg020690l_1_region	14739	28059	1.90	0	4
ptg020694l_1	36825	19981	0.54	0	4
ptg020694l_1_region	36825	19981	0.54	0	4
ptg020705l_1	18367	11101	0.60	0	2
ptg020705l_1_region	18367	11101	0.60	0	2
ptg020708l_1	59863	101091	1.69	0	6
ptg020708l_1_region	59863	101091	1.69	0	6
ptg020712l_1	360084	147078	0.41	0	4
ptg020712l_1_region	360084	147078	0.41	0	4
ptg020722l_1	10363	11480	1.11	0	3
ptg020722l_1_region	10363	11480	1.11	0	3
ptg020731l_1	16405	916	0.06	0	1
ptg020731l_1_region	16405	916	0.06	0	1
ptg020737l_1	20087	179	0.01	0	1
ptg020737l_1_region	20087	179	0.01	0	1
ptg020755l_1	12929	38034	2.94	0	14
ptg020755l_1_region	12929	38034	2.94	0	14
ptg020762l_1	24698	46813	1.90	0	10
ptg020762l_1_region	24698	46813	1.90	0	10
ptg020769l_1	14130	41562	2.94	0	6
ptg020769l_1_region	14130	41562	2.94	0	6
ptg020770l_1	60855	86225	1.42	0	5
ptg020770l_1_region	60855	86225	1.42	0	5
ptg020774l_1	24580	2616	0.11	0	2
ptg020774l_1_region	24580	2616	0.11	0	2
ptg020775l_1	39004	64506	1.65	0	4
ptg020775l_1_region	39004	64506	1.65	0	4
ptg020784l_1	98917	417443	4.22	0	22
ptg020784l_1_region	98917	417443	4.22	0	22
ptg020793l_1	145601	802988	5.51	0	39
ptg020793l_1_region	145601	802988	5.51	0	39
ptg020796l_1	30406	28430	0.94	0	5
ptg020796l_1_region	30406	28430	0.94	0	5
ptg020805l_1	20259	9094	0.45	0	1
ptg020805l_1_region	20259	9094	0.45	0	1
ptg020821l_1	126898	258964	2.04	0	11
ptg020821l_1_region	126898	258964	2.04	0	11
ptg020832l_1	15443	3818	0.25	0	1
ptg020832l_1_region	15443	3818	0.25	0	1
ptg020839l_1	16397	7436	0.45	0	2
ptg020839l_1_region	16397	7436	0.45	0	2
ptg020849l_1	13288	38371	2.89	0	4
ptg020849l_1_region	13288	38371	2.89	0	4
ptg020867l_1	39963	121295	3.04	0	10
ptg020867l_1_region	39963	121295	3.04	0	10
ptg020868l_1	9347	23642	2.53	0	4
ptg020868l_1_region	9347	23642	2.53	0	4
ptg020869l_1	12678	52434	4.14	0	8
ptg020869l_1_region	12678	52434	4.14	0	8
ptg020873l_1	43347	90488	2.09	0	5
ptg020873l_1_region	43347	90488	2.09	0	5
ptg020877l_1	38618	70401	1.82	0	7
ptg020877l_1_region	38618	70401	1.82	0	7
ptg020878l_1	49674	58062	1.17	0	3
ptg020878l_1_region	49674	58062	1.17	0	3
ptg020880l_1	45421	81929	1.80	0	6
ptg020880l_1_region	45421	81929	1.80	0	6
ptg020881l_1	16489	26075	1.58	0	5
ptg020881l_1_region	16489	26075	1.58	0	5
ptg020884l_1	21285	35131	1.65	0	5
ptg020884l_1_region	21285	35131	1.65	0	5
ptg020886l_1	19266	14949	0.78	0	2
ptg020886l_1_region	19266	14949	0.78	0	2
ptg020887l_1	17384	13885	0.80	0	2
ptg020887l_1_region	17384	13885	0.80	0	2
ptg020890l_1	20754	13240	0.64	0	3
ptg020890l_1_region	20754	13240	0.64	0	3
ptg020891l_1	29874	9372	0.31	0	1
ptg020891l_1_region	29874	9372	0.31	0	1
ptg020892l_1	30595	78838	2.58	0	7
ptg020892l_1_region	30595	78838	2.58	0	7
ptg020893l_1	21986	53009	2.41	0	6
ptg020893l_1_region	21986	53009	2.41	0	6
ptg020894l_1	85040	873329	10.27	0	30
ptg020894l_1_region	85040	873329	10.27	0	30
ptg020895l_1	26115	3670	0.14	0	1
ptg020895l_1_region	26115	3670	0.14	0	1
ptg020897l_1	64948	199452	3.07	0	8
ptg020897l_1_region	64948	199452	3.07	0	8
ptg020898l_1	16630	6587	0.40	0	1
ptg020898l_1_region	16630	6587	0.40	0	1
ptg020899l_1	51833	192950	3.72	0	9
ptg020899l_1_region	51833	192950	3.72	0	9
ptg020903l_1	30292	217956	7.20	0	32
ptg020903l_1_region	30292	217956	7.20	0	32
ptg020905l_1	18866	669	0.04	0	1
ptg020905l_1_region	18866	669	0.04	0	1
ptg020906l_1	66754	48377	0.72	0	3
ptg020906l_1_region	66754	48377	0.72	0	3
ptg020908l_1	13424	24587	1.83	0	3
ptg020908l_1_region	13424	24587	1.83	0	3
ptg020928l_1	8640	22594	2.62	1	5
ptg020928l_1_region	8640	22594	2.62	1	5
ptg020941l_1	63540	20209	0.32	0	7
ptg020941l_1_region	63540	20209	0.32	0	7
ptg020949l_1	24537	26186	1.07	0	4
ptg020949l_1_region	24537	26186	1.07	0	4
ptg020951l_1	30054	24391	0.81	0	2
ptg020951l_1_region	30054	24391	0.81	0	2
ptg020952l_1	18394	11051	0.60	0	2
ptg020952l_1_region	18394	11051	0.60	0	2
ptg020953l_1	24548	12693	0.52	0	1
ptg020953l_1_region	24548	12693	0.52	0	1
ptg020958l_1	22631	32275	1.43	0	4
ptg020958l_1_region	22631	32275	1.43	0	4
ptg020960l_1	28790	64820	2.25	0	4
ptg020960l_1_region	28790	64820	2.25	0	4
ptg020963l_1	115322	168129	1.46	0	8
ptg020963l_1_region	115322	168129	1.46	0	8
ptg020966l_1	28113	33661	1.20	0	3
ptg020966l_1_region	28113	33661	1.20	0	3
ptg020968l_1	19984	9950	0.50	0	2
ptg020968l_1_region	19984	9950	0.50	0	2
ptg020969l_1	20255	52177	2.58	0	11
ptg020969l_1_region	20255	52177	2.58	0	11
ptg020978l_1	11077	7639	0.69	0	1
ptg020978l_1_region	11077	7639	0.69	0	1
ptg020983l_1	48700	114414	2.35	0	8
ptg020983l_1_region	48700	114414	2.35	0	8
ptg020991l_1	26096	70514	2.70	0	9
ptg020991l_1_region	26096	70514	2.70	0	9
ptg021009l_1	15481	64206	4.15	0	11
ptg021009l_1_region	15481	64206	4.15	0	11
ptg021074l_1	28971	72216	2.49	0	8
ptg021074l_1_region	28971	72216	2.49	0	8
ptg021084l_1	10627	5965	0.56	0	1
ptg021084l_1_region	10627	5965	0.56	0	1
ptg021102l_1	14104	21716	1.54	0	2
ptg021102l_1_region	14104	21716	1.54	0	2
ptg021111l_1	29272	79101	2.70	0	8
ptg021111l_1_region	29272	79101	2.70	0	8
ptg021113l_1	12742	2273	0.18	0	1
ptg021113l_1_region	12742	2273	0.18	0	1
ptg021126l_1	9964	4092	0.41	0	1
ptg021126l_1_region	9964	4092	0.41	0	1
ptg021127l_1	20933	47723	2.28	0	6
ptg021127l_1_region	20933	47723	2.28	0	6
ptg021155l_1	19315	34801	1.80	0	4
ptg021155l_1_region	19315	34801	1.80	0	4
ptg021161l_1	30711	81074	2.64	1	4
ptg021161l_1_region	30711	81074	2.64	1	4
ptg021171l_1	116566	237233	2.04	0	10
ptg021171l_1_region	116566	237233	2.04	0	10
ptg021174l_1	17302	15393	0.89	0	3
ptg021174l_1_region	17302	15393	0.89	0	3
ptg021185l_1	18487	10839	0.59	0	1
ptg021185l_1_region	18487	10839	0.59	0	1
ptg021195l_1	15036	16914	1.12	0	2
ptg021195l_1_region	15036	16914	1.12	0	2
ptg021204l_1	20424	11381	0.56	0	2
ptg021204l_1_region	20424	11381	0.56	0	2
ptg021211l_1	14984	39393	2.63	0	5
ptg021211l_1_region	14984	39393	2.63	0	5
ptg021217l_1	29896	48510	1.62	0	5
ptg021217l_1_region	29896	48510	1.62	0	5
ptg021220l_1	82551	152296	1.84	0	15
ptg021220l_1_region	82551	152296	1.84	0	15
ptg021222l_1	18305	27049	1.48	0	3
ptg021222l_1_region	18305	27049	1.48	0	3
ptg021225l_1	28915	19119	0.66	0	3
ptg021225l_1_region	28915	19119	0.66	0	3
ptg021226l_1	34215	3454	0.10	0	2
ptg021226l_1_region	34215	3454	0.10	0	2
ptg021237l_1	19254	80005	4.16	1	7
ptg021237l_1_region	19254	80005	4.16	1	7
ptg021256l_1	16876	13079	0.78	0	1
ptg021256l_1_region	16876	13079	0.78	0	1
ptg021283l_1	18692	32741	1.75	0	5
ptg021283l_1_region	18692	32741	1.75	0	5
ptg021295l_1	28824	59857	2.08	0	6
ptg021295l_1_region	28824	59857	2.08	0	6
ptg021297l_1	11402	8066	0.71	0	3
ptg021297l_1_region	11402	8066	0.71	0	3
ptg021300l_1	173165	276727	1.60	0	7
ptg021300l_1_region	173165	276727	1.60	0	7
ptg021307l_1	24384	34101	1.40	0	5
ptg021307l_1_region	24384	34101	1.40	0	5
ptg021320l_1	20635	18355	0.89	0	2
ptg021320l_1_region	20635	18355	0.89	0	2
ptg021322l_1	35849	94620	2.64	0	21
ptg021322l_1_region	35849	94620	2.64	0	21
ptg021337l_1	23731	22760	0.96	0	5
ptg021337l_1_region	23731	22760	0.96	0	5
ptg021338l_1	25394	23965	0.94	0	2
ptg021338l_1_region	25394	23965	0.94	0	2
ptg021339l_1	15161	20063	1.32	0	6
ptg021339l_1_region	15161	20063	1.32	0	6
ptg021345l_1	16411	81998	5.00	0	12
ptg021345l_1_region	16411	81998	5.00	0	12
ptg021360l_1	9215	17399	1.89	0	4
ptg021360l_1_region	9215	17399	1.89	0	4
ptg021381l_1	21240	73978	3.48	1	6
ptg021381l_1_region	21240	73978	3.48	1	6
ptg021383l_1	32265	63881	1.98	0	5
ptg021383l_1_region	32265	63881	1.98	0	5
ptg021385l_1	17363	16648	0.96	0	3
ptg021385l_1_region	17363	16648	0.96	0	3
ptg021390l_1	56674	127852	2.26	0	7
ptg021390l_1_region	56674	127852	2.26	0	7
ptg021394l_1	32477	51533	1.59	0	3
ptg021394l_1_region	32477	51533	1.59	0	3
ptg021396l_1	21982	80051	3.64	0	11
ptg021396l_1_region	21982	80051	3.64	0	11
ptg021405l_1	152690	1991	0.01	0	1
ptg021405l_1_region	152690	1991	0.01	0	1
ptg021408l_1	38975	115265	2.96	0	5
ptg021408l_1_region	38975	115265	2.96	0	5
ptg021411l_1	27864	24107	0.87	0	3
ptg021411l_1_region	27864	24107	0.87	0	3
ptg021415l_1	29373	193673	6.59	0	17
ptg021415l_1_region	29373	193673	6.59	0	17
ptg021417l_1	23200	73851	3.18	0	6
ptg021417l_1_region	23200	73851	3.18	0	6
ptg021427l_1	16205	45385	2.80	0	6
ptg021427l_1_region	16205	45385	2.80	0	6
ptg021435l_1	38381	161441	4.21	0	11
ptg021435l_1_region	38381	161441	4.21	0	11
ptg021437l_1	124530	4265	0.03	0	1
ptg021437l_1_region	124530	4265	0.03	0	1
ptg021468l_1	28299	76992	2.72	0	5
ptg021468l_1_region	28299	76992	2.72	0	5
ptg021477l_1	34614	47785	1.38	0	9
ptg021477l_1_region	34614	47785	1.38	0	9
ptg021526l_1	30641	60975	1.99	0	6
ptg021526l_1_region	30641	60975	1.99	0	6
ptg021529l_1	16417	12273	0.75	0	2
ptg021529l_1_region	16417	12273	0.75	0	2
ptg021543l_1	13688	3479	0.25	0	1
ptg021543l_1_region	13688	3479	0.25	0	1
ptg021555l_1	9694	12742	1.31	0	6
ptg021555l_1_region	9694	12742	1.31	0	6
ptg021558l_1	18911	18512	0.98	0	3
ptg021558l_1_region	18911	18512	0.98	0	3
ptg021568l_1	37157	36530	0.98	0	2
ptg021568l_1_region	37157	36530	0.98	0	2
ptg021569l_1	36590	11136	0.30	0	2
ptg021569l_1_region	36590	11136	0.30	0	2
ptg021571l_1	40211	7754	0.19	0	1
ptg021571l_1_region	40211	7754	0.19	0	1
ptg021574l_1	30300	61191	2.02	0	4
ptg021574l_1_region	30300	61191	2.02	0	4
ptg021575l_1	19630	19175	0.98	0	3
ptg021575l_1_region	19630	19175	0.98	0	3
ptg021577l_1	17497	22362	1.28	0	3
ptg021577l_1_region	17497	22362	1.28	0	3
ptg021580l_1	17611	41128	2.34	0	4
ptg021580l_1_region	17611	41128	2.34	0	4
ptg021598l_1	18007	35933	2.00	0	4
ptg021598l_1_region	18007	35933	2.00	0	4
ptg021602l_1	49080	139275	2.84	0	8
ptg021602l_1_region	49080	139275	2.84	0	8
ptg021606l_1	25101	79051	3.15	0	8
ptg021606l_1_region	25101	79051	3.15	0	8
ptg021607l_1	19350	7721	0.40	0	3
ptg021607l_1_region	19350	7721	0.40	0	3
ptg021608l_1	24699	23894	0.97	0	3
ptg021608l_1_region	24699	23894	0.97	0	3
ptg021610l_1	87687	420860	4.80	0	25
ptg021610l_1_region	87687	420860	4.80	0	25
ptg021616l_1	14036	10280	0.73	0	3
ptg021616l_1_region	14036	10280	0.73	0	3
ptg021622l_1	87371	148956	1.70	0	6
ptg021622l_1_region	87371	148956	1.70	0	6
ptg021632l_1	230780	206325	0.89	0	7
ptg021632l_1_region	230780	206325	0.89	0	7
ptg021634l_1	65778	154102	2.34	0	7
ptg021634l_1_region	65778	154102	2.34	0	7
ptg021646l_1	7050	36268	5.14	0	8
ptg021646l_1_region	7050	36268	5.14	0	8
ptg021657l_1	32917	129575	3.94	0	9
ptg021657l_1_region	32917	129575	3.94	0	9
ptg021662l_1	35697	33507	0.94	0	3
ptg021662l_1_region	35697	33507	0.94	0	3
ptg021668l_1	27677	70967	2.56	0	5
ptg021668l_1_region	27677	70967	2.56	0	5
ptg021670l_1	28588	27509	0.96	0	3
ptg021670l_1_region	28588	27509	0.96	0	3
ptg021690l_1	37764	93809	2.48	0	10
ptg021690l_1_region	37764	93809	2.48	0	10
ptg021691l_1	369096	768335	2.08	0	22
ptg021691l_1_region	369096	768335	2.08	0	22
ptg021694l_1	147659	450939	3.05	0	13
ptg021694l_1_region	147659	450939	3.05	0	13
ptg021697l_1	324581	96773	0.30	0	3
ptg021697l_1_region	324581	96773	0.30	0	3
ptg021710l_1	19011	19630	1.03	0	3
ptg021710l_1_region	19011	19630	1.03	0	3
ptg021722l_1	76073	18239	0.24	0	2
ptg021722l_1_region	76073	18239	0.24	0	2
ptg021727l_1	58075	77667	1.34	0	6
ptg021727l_1_region	58075	77667	1.34	0	6
ptg021737l_1	49959	210901	4.22	0	21
ptg021737l_1_region	49959	210901	4.22	0	21
ptg021741l_1	404927	20961	0.05	0	1
ptg021741l_1_region	404927	20961	0.05	0	1
ptg021750l_1	30673	109262	3.56	0	7
ptg021750l_1_region	30673	109262	3.56	0	7
ptg021762l_1	17596	69039	3.92	0	6
ptg021762l_1_region	17596	69039	3.92	0	6
ptg021772l_1	519053	71093	0.14	0	2
ptg021772l_1_region	519053	71093	0.14	0	2
ptg021781l_1	64780	119591	1.85	0	11
ptg021781l_1_region	64780	119591	1.85	0	11
ptg021789l_1	43997	105268	2.39	0	7
ptg021789l_1_region	43997	105268	2.39	0	7
ptg021793l_1	144734	403	0.00	0	1
ptg021793l_1_region	144734	403	0.00	0	1
ptg021795l_1	97057	79613	0.82	0	11
ptg021795l_1_region	97057	79613	0.82	0	11
ptg021799l_1	264263	301847	1.14	0	12
ptg021799l_1_region	264263	301847	1.14	0	12
ptg021801l_1	179033	20699	0.12	0	1
ptg021801l_1_region	179033	20699	0.12	0	1
ptg021811l_1	21869	22344	1.02	0	3
ptg021811l_1_region	21869	22344	1.02	0	3
ptg021828l_1	42319	66682	1.58	0	7
ptg021828l_1_region	42319	66682	1.58	0	7
ptg021849l_1	75708	30669	0.41	0	2
ptg021849l_1_region	75708	30669	0.41	0	2
ptg021854l_1	154958	249513	1.61	0	10
ptg021854l_1_region	154958	249513	1.61	0	10
ptg021867l_1	25664	91692	3.57	0	9
ptg021867l_1_region	25664	91692	3.57	0	9
ptg021869l_1	36171	33015	0.91	0	4
ptg021869l_1_region	36171	33015	0.91	0	4
ptg021871l_1	160090	35375	0.22	0	2
ptg021871l_1_region	160090	35375	0.22	0	2
ptg021873l_1	13553	45797	3.38	0	9
ptg021873l_1_region	13553	45797	3.38	0	9
ptg021888l_1	42699	46043	1.08	0	3
ptg021888l_1_region	42699	46043	1.08	0	3
ptg021892l_1	17078	38268	2.24	0	5
ptg021892l_1_region	17078	38268	2.24	0	5
ptg021908l_1	151249	482789	3.19	0	13
ptg021908l_1_region	151249	482789	3.19	0	13
ptg021909l_1	436537	1654492	3.79	0	14
ptg021909l_1_region	436537	1654492	3.79	0	14
ptg021913l_1	23160	57112	2.47	0	6
ptg021913l_1_region	23160	57112	2.47	0	6
ptg021920l_1	14874	8903	0.60	0	2
ptg021920l_1_region	14874	8903	0.60	0	2
ptg021922l_1	681955	209055	0.31	0	4
ptg021922l_1_region	681955	209055	0.31	0	4
ptg021937l_1	25804	33193	1.29	0	13
ptg021937l_1_region	25804	33193	1.29	0	13
ptg021940l_1	58251	121230	2.08	0	15
ptg021940l_1_region	58251	121230	2.08	0	15
ptg021964l_1	22724	5049	0.22	0	1
ptg021964l_1_region	22724	5049	0.22	0	1
ptg021973l_1	23172	139352	6.01	0	14
ptg021973l_1_region	23172	139352	6.01	0	14
ptg021976l_1	162996	25879	0.16	0	7
ptg021976l_1_region	162996	25879	0.16	0	7
ptg021984l_1	441472	84034	0.19	0	3
ptg021984l_1_region	441472	84034	0.19	0	3
ptg021995l_1	24685	14933	0.60	0	2
ptg021995l_1_region	24685	14933	0.60	0	2
ptg022002l_1	32848	28843	0.88	0	7
ptg022002l_1_region	32848	28843	0.88	0	7
ptg022005l_1	16910	17116	1.01	0	4
ptg022005l_1_region	16910	17116	1.01	0	4
ptg022019l_1	54335	101692	1.87	0	6
ptg022019l_1_region	54335	101692	1.87	0	6
ptg022022l_1	51342	136436	2.66	0	7
ptg022022l_1_region	51342	136436	2.66	0	7
ptg022026l_1	46604	633419	13.59	0	84
ptg022026l_1_region	46604	633419	13.59	0	84
ptg022045l_1	45546	66948	1.47	0	7
ptg022045l_1_region	45546	66948	1.47	0	7
ptg022066l_1	23907	55649	2.33	0	11
ptg022066l_1_region	23907	55649	2.33	0	11
ptg022069l_1	350059	108410	0.31	0	3
ptg022069l_1_region	350059	108410	0.31	0	3
ptg022079l_1	147217	27289	0.19	0	2
ptg022079l_1_region	147217	27289	0.19	0	2
ptg022085l_1	47027	149861	3.19	0	13
ptg022085l_1_region	47027	149861	3.19	0	13
ptg022086l_1	83306	281893	3.38	0	18
ptg022086l_1_region	83306	281893	3.38	0	18
ptg022088l_1	38521	119613	3.11	0	12
ptg022088l_1_region	38521	119613	3.11	0	12
ptg022099l_1	43813	134062	3.06	0	6
ptg022099l_1_region	43813	134062	3.06	0	6
ptg022110l_1	9363	5755	0.61	0	2
ptg022110l_1_region	9363	5755	0.61	0	2
ptg022112l_1	17265	57788	3.35	0	12
ptg022112l_1_region	17265	57788	3.35	0	12
ptg022122l_1	252240	72170	0.29	0	2
ptg022122l_1_region	252240	72170	0.29	0	2
ptg022126l_1	83303	31324	0.38	0	4
ptg022126l_1_region	83303	31324	0.38	0	4
ptg022129l_1	24334	55331	2.27	0	7
ptg022129l_1_region	24334	55331	2.27	0	7
ptg022134l_1	236610	90988	0.38	0	6
ptg022134l_1_region	236610	90988	0.38	0	6
ptg022140l_1	7978	754	0.09	0	2
ptg022140l_1_region	7978	754	0.09	0	2
ptg022143l_1	79734	188706	2.37	0	10
ptg022143l_1_region	79734	188706	2.37	0	10
ptg022146l_1	74334	68551	0.92	0	3
ptg022146l_1_region	74334	68551	0.92	0	3
ptg022150l_1	11508	8800	0.76	0	3
ptg022150l_1_region	11508	8800	0.76	0	3
ptg022155l_1	47163	5638	0.12	0	1
ptg022155l_1_region	47163	5638	0.12	0	1
ptg022159l_1	263323	63531	0.24	0	3
ptg022159l_1_region	263323	63531	0.24	0	3
ptg022160l_1	78949	11342	0.14	0	1
ptg022160l_1_region	78949	11342	0.14	0	1
ptg022162l_1	235848	394275	1.67	0	23
ptg022162l_1_region	235848	394275	1.67	0	23
ptg022172l_1	23374	26506	1.13	0	4
ptg022172l_1_region	23374	26506	1.13	0	4
ptg022175l_1	17367	19915	1.15	0	4
ptg022175l_1_region	17367	19915	1.15	0	4
ptg022178l_1	831380	357316	0.43	0	8
ptg022178l_1_region	831380	357316	0.43	0	8
ptg022187l_1	349525	61284	0.18	0	2
ptg022187l_1_region	349525	61284	0.18	0	2
ptg022194l_1	688674	275907	0.40	0	4
ptg022194l_1_region	688674	275907	0.40	0	4
ptg022199l_1	185430	18407	0.10	0	2
ptg022199l_1_region	185430	18407	0.10	0	2
ptg022202l_1	145574	43096	0.30	0	3
ptg022202l_1_region	145574	43096	0.30	0	3
ptg022203l_1	100931	34175	0.34	0	2
ptg022203l_1_region	100931	34175	0.34	0	2
ptg022206l_1	223464	22969	0.10	0	2
ptg022206l_1_region	223464	22969	0.10	0	2
ptg022211l_1	138600	23336	0.17	0	1
ptg022211l_1_region	138600	23336	0.17	0	1
ptg022222l_1	6738	6371	0.95	0	2
ptg022222l_1_region	6738	6371	0.95	0	2
ptg022230l_1	23389	66017	2.82	0	8
ptg022230l_1_region	23389	66017	2.82	0	8
ptg022233l_1	43189	73203	1.69	0	6
ptg022233l_1_region	43189	73203	1.69	0	6
ptg022237l_1	193614	16538	0.09	0	1
ptg022237l_1_region	193614	16538	0.09	0	1
ptg022238l_1	12177	34801	2.86	0	10
ptg022238l_1_region	12177	34801	2.86	0	10
ptg022244l_1	48116	19329	0.40	0	1
ptg022244l_1_region	48116	19329	0.40	0	1
ptg022245l_1	27497	4750	0.17	0	1
ptg022245l_1_region	27497	4750	0.17	0	1
ptg022246l_1	94871	60698	0.64	0	6
ptg022246l_1_region	94871	60698	0.64	0	6
ptg022247l_1	60960	12216	0.20	0	1
ptg022247l_1_region	60960	12216	0.20	0	1
ptg022248l_1	30521	38544	1.26	0	3
ptg022248l_1_region	30521	38544	1.26	0	3
ptg022255l_1	20264	131481	6.49	0	11
ptg022255l_1_region	20264	131481	6.49	0	11
ptg022256l_1	21860	72058	3.30	0	8
ptg022256l_1_region	21860	72058	3.30	0	8
ptg022259l_1	23336	48915	2.10	0	5
ptg022259l_1_region	23336	48915	2.10	0	5
ptg022269l_1	68128	33744	0.50	0	2
ptg022269l_1_region	68128	33744	0.50	0	2
ptg022270l_1	83875	69580	0.83	0	7
ptg022270l_1_region	83875	69580	0.83	0	7
ptg022271l_1	194764	52820	0.27	0	4
ptg022271l_1_region	194764	52820	0.27	0	4
ptg022272l_1	66306	11934	0.18	0	1
ptg022272l_1_region	66306	11934	0.18	0	1
ptg022290c_1	253192	1596578	6.31	0	19
ptg022290c_1_region	253192	1596578	6.31	0	19
ptg022301l_1	149440	779793	5.22	0	19
ptg022301l_1_region	149440	779793	5.22	0	19
ptg022304l_1	20019	30651	1.53	0	3
ptg022304l_1_region	20019	30651	1.53	0	3
ptg022305l_1	35499	11558	0.33	0	1
ptg022305l_1_region	35499	11558	0.33	0	1
ptg022312l_1	89890	708297	7.88	0	72
ptg022312l_1_region	89890	708297	7.88	0	72
ptg022317l_1	24347	22896	0.94	0	3
ptg022317l_1_region	24347	22896	0.94	0	3
ptg022320l_1	36368	72242	1.99	0	6
ptg022320l_1_region	36368	72242	1.99	0	6
ptg022321l_1	32545	8101	0.25	0	1
ptg022321l_1_region	32545	8101	0.25	0	1
ptg022323l_1	45239	107047	2.37	0	7
ptg022323l_1_region	45239	107047	2.37	0	7
ptg022324l_1	46084	292900	6.36	0	20
ptg022324l_1_region	46084	292900	6.36	0	20
ptg022325l_1	19512	4245	0.22	0	1
ptg022325l_1_region	19512	4245	0.22	0	1
ptg022330l_1	54918	52331	0.95	0	6
ptg022330l_1_region	54918	52331	0.95	0	6
ptg022332l_1	25956	69534	2.68	0	7
ptg022332l_1_region	25956	69534	2.68	0	7
ptg022338l_1	29391	16134	0.55	0	3
ptg022338l_1_region	29391	16134	0.55	0	3
ptg022340l_1	18364	19561	1.07	0	4
ptg022340l_1_region	18364	19561	1.07	0	4
ptg022356l_1	137981	17265	0.13	0	1
ptg022356l_1_region	137981	17265	0.13	0	1
ptg022371l_1	41266	6156	0.15	0	1
ptg022371l_1_region	41266	6156	0.15	0	1
ptg022374l_1	91881	4550	0.05	0	1
ptg022374l_1_region	91881	4550	0.05	0	1
ptg022389l_1	31221	56830	1.82	0	9
ptg022389l_1_region	31221	56830	1.82	0	9
ptg022414l_1	41142	20050	0.49	0	5
ptg022414l_1_region	41142	20050	0.49	0	5
ptg022429l_1	71912	66914	0.93	0	6
ptg022429l_1_region	71912	66914	0.93	0	6
ptg022430l_1	25326	105527	4.17	0	8
ptg022430l_1_region	25326	105527	4.17	0	8
ptg022439l_1	23686	87025	3.67	0	8
ptg022439l_1_region	23686	87025	3.67	0	8
ptg022458l_1	20862	168563	8.08	0	19
ptg022458l_1_region	20862	168563	8.08	0	19
ptg022461l_1	17912	36495	2.04	0	4
ptg022461l_1_region	17912	36495	2.04	0	4
ptg022517l_1	15817	1277436	80.76	0	188
ptg022517l_1_region	15817	1277436	80.76	0	188
ptg022566l_1	20991	21884	1.04	0	4
ptg022566l_1_region	20991	21884	1.04	0	4
ptg022569l_1	18630	26080	1.40	0	4
ptg022569l_1_region	18630	26080	1.40	0	4
ptg022589l_1	29341	103990	3.54	0	9
ptg022589l_1_region	29341	103990	3.54	0	9
ptg022597l_1	22535	11843	0.53	0	2
ptg022597l_1_region	22535	11843	0.53	0	2
ptg022616l_1	28754	30408	1.06	0	3
ptg022616l_1_region	28754	30408	1.06	0	3
ptg022617l_1	18390	11837	0.64	0	2
ptg022617l_1_region	18390	11837	0.64	0	2
ptg022630l_1	22272	12177	0.55	0	3
ptg022630l_1_region	22272	12177	0.55	0	3
ptg022631l_1	44626	56230	1.26	0	15
ptg022631l_1_region	44626	56230	1.26	0	15
ptg022635l_1	18076	53138	2.94	0	17
ptg022635l_1_region	18076	53138	2.94	0	17
ptg022640l_1	37261	5836	0.16	0	2
ptg022640l_1_region	37261	5836	0.16	0	2
ptg022642l_1	30969	2991	0.10	0	1
ptg022642l_1_region	30969	2991	0.10	0	1
ptg022662l_1	11830	38342	3.24	0	7
ptg022662l_1_region	11830	38342	3.24	0	7
ptg022664l_1	21389	65076	3.04	0	6
ptg022664l_1_region	21389	65076	3.04	0	6
ptg022679l_1	300690	49397	0.16	0	2
ptg022679l_1_region	300690	49397	0.16	0	2
ptg022688l_1	22079	52005	2.36	0	5
ptg022688l_1_region	22079	52005	2.36	0	5
ptg022694l_1	19449	17117	0.88	0	3
ptg022694l_1_region	19449	17117	0.88	0	3
ptg022695l_1	22873	37359	1.63	0	5
ptg022695l_1_region	22873	37359	1.63	0	5
ptg022698l_1	23283	121285	5.21	0	12
ptg022698l_1_region	23283	121285	5.21	0	12
ptg022701l_1	50587	9101	0.18	0	1
ptg022701l_1_region	50587	9101	0.18	0	1
ptg022705l_1	38713	96331	2.49	0	11
ptg022705l_1_region	38713	96331	2.49	0	11
ptg022706l_1	20889	34750	1.66	0	4
ptg022706l_1_region	20889	34750	1.66	0	4
ptg022708l_1	30915	148210	4.79	0	15
ptg022708l_1_region	30915	148210	4.79	0	15
ptg022710l_1	72042	161344	2.24	0	7
ptg022710l_1_region	72042	161344	2.24	0	7
ptg022714l_1	21396	50899	2.38	0	6
ptg022714l_1_region	21396	50899	2.38	0	6
ptg022715l_1	26437	5898	0.22	0	1
ptg022715l_1_region	26437	5898	0.22	0	1
ptg022716l_1	31850	36463	1.14	0	3
ptg022716l_1_region	31850	36463	1.14	0	3
ptg022717l_1	21944	70827	3.23	0	6
ptg022717l_1_region	21944	70827	3.23	0	6
ptg022747l_1	39247	120729	3.08	0	8
ptg022747l_1_region	39247	120729	3.08	0	8
ptg022760l_1	52343	35060	0.67	0	5
ptg022760l_1_region	52343	35060	0.67	0	5
ptg022761l_1	13169	9992	0.76	0	1
ptg022761l_1_region	13169	9992	0.76	0	1
ptg022762l_1	24047	11350	0.47	0	1
ptg022762l_1_region	24047	11350	0.47	0	1
ptg022765l_1	71427	156664	2.19	0	8
ptg022765l_1_region	71427	156664	2.19	0	8
ptg022776l_1	12567	37161	2.96	0	5
ptg022776l_1_region	12567	37161	2.96	0	5
ptg022790l_1	78824	137551	1.75	0	8
ptg022790l_1_region	78824	137551	1.75	0	8
ptg022802l_1	14738	5358	0.36	0	1
ptg022802l_1_region	14738	5358	0.36	0	1
ptg022807l_1	28213	120155	4.26	0	13
ptg022807l_1_region	28213	120155	4.26	0	13
ptg022865l_1	35334	151991	4.30	0	11
ptg022865l_1_region	35334	151991	4.30	0	11
ptg022868l_1	19221	34363	1.79	0	3
ptg022868l_1_region	19221	34363	1.79	0	3
ptg022869l_1	40117	229077	5.71	0	12
ptg022869l_1_region	40117	229077	5.71	0	12
ptg022871l_1	26370	3854	0.15	0	1
ptg022871l_1_region	26370	3854	0.15	0	1
ptg022879l_1	10991	20984	1.91	0	4
ptg022879l_1_region	10991	20984	1.91	0	4
ptg022880l_1	19614	16869	0.86	0	2
ptg022880l_1_region	19614	16869	0.86	0	2
ptg022881l_1	14452	14590	1.01	0	2
ptg022881l_1_region	14452	14590	1.01	0	2
ptg022890l_1	34956	16353	0.47	0	1
ptg022890l_1_region	34956	16353	0.47	0	1
ptg022891l_1	32633	31093	0.95	0	2
ptg022891l_1_region	32633	31093	0.95	0	2
ptg022929l_1	122694	2280607	18.59	0	119
ptg022929l_1_region	122694	2280607	18.59	0	119
ptg022930l_1	37645	127942	3.40	0	7
ptg022930l_1_region	37645	127942	3.40	0	7
ptg022935l_1	14080	20732	1.47	0	3
ptg022935l_1_region	14080	20732	1.47	0	3
ptg022941l_1	16968	28524	1.68	0	7
ptg022941l_1_region	16968	28524	1.68	0	7
ptg022942l_1	20783	19241	0.93	0	5
ptg022942l_1_region	20783	19241	0.93	0	5
ptg022956l_1	54813	69756	1.27	0	4
ptg022956l_1_region	54813	69756	1.27	0	4
ptg022972l_1	63782	151408	2.37	0	6
ptg022972l_1_region	63782	151408	2.37	0	6
ptg022973l_1	61982	139031	2.24	0	9
ptg022973l_1_region	61982	139031	2.24	0	9
ptg022976l_1	323178	1245303	3.85	0	13
ptg022976l_1_region	323178	1245303	3.85	0	13
ptg022985l_1	82070	177824	2.17	0	6
ptg022985l_1_region	82070	177824	2.17	0	6
ptg022991l_1	67224	182976	2.72	0	7
ptg022991l_1_region	67224	182976	2.72	0	7
ptg023005l_1	29118	387171	13.30	0	32
ptg023005l_1_region	29118	387171	13.30	0	32
ptg023030l_1	104453	182785	1.75	0	5
ptg023030l_1_region	104453	182785	1.75	0	5
ptg023037l_1	46088	959497	20.82	3	59
ptg023037l_1_region	46088	959497	20.82	3	59
ptg023042l_1	59947	171469	2.86	0	8
ptg023042l_1_region	59947	171469	2.86	0	8
ptg023045l_1	120196	265114	2.21	0	6
ptg023045l_1_region	120196	265114	2.21	0	6
ptg023048l_1	36711	81650	2.22	0	5
ptg023048l_1_region	36711	81650	2.22	0	5
ptg023052l_1	75362	45898	0.61	0	4
ptg023052l_1_region	75362	45898	0.61	0	4
ptg023058l_1	90168	184431	2.05	0	6
ptg023058l_1_region	90168	184431	2.05	0	6
ptg023059l_1	66450	54175	0.82	0	4
ptg023059l_1_region	66450	54175	0.82	0	4
ptg023072l_1	38215	96802	2.53	0	7
ptg023072l_1_region	38215	96802	2.53	0	7
ptg023085l_1	75966	117721	1.55	0	9
ptg023085l_1_region	75966	117721	1.55	0	9
ptg023088l_1	133173	367522	2.76	0	8
ptg023088l_1_region	133173	367522	2.76	0	8
ptg023110l_1	85107	145065	1.70	0	5
ptg023110l_1_region	85107	145065	1.70	0	5
ptg023112l_1	97765	361434	3.70	0	9
ptg023112l_1_region	97765	361434	3.70	0	9
ptg023116l_1	15106	56259	3.72	0	7
ptg023116l_1_region	15106	56259	3.72	0	7
ptg023123l_1	59183	126385	2.14	0	6
ptg023123l_1_region	59183	126385	2.14	0	6
ptg023128l_1	50007	123330	2.47	0	9
ptg023128l_1_region	50007	123330	2.47	0	9
ptg023135l_1	79687	269153	3.38	0	9
ptg023135l_1_region	79687	269153	3.38	0	9
ptg023185l_1	32582	144354	4.43	0	12
ptg023185l_1_region	32582	144354	4.43	0	12
ptg023187l_1	41412	79814	1.93	0	4
ptg023187l_1_region	41412	79814	1.93	0	4
ptg023195l_1	61342	126072	2.06	0	8
ptg023195l_1_region	61342	126072	2.06	0	8
ptg023196l_1	50846	134045	2.64	0	6
ptg023196l_1_region	50846	134045	2.64	0	6
ptg023211l_1	25387	7243	0.29	0	1
ptg023211l_1_region	25387	7243	0.29	0	1
ptg023219l_1	70352	126254	1.79	0	7
ptg023219l_1_region	70352	126254	1.79	0	7
ptg023224l_1	37345	1822	0.05	0	1
ptg023224l_1_region	37345	1822	0.05	0	1
ptg023260l_1	52586	351299	6.68	0	16
ptg023260l_1_region	52586	351299	6.68	0	16
ptg023269l_1	129941	258900	1.99	0	9
ptg023269l_1_region	129941	258900	1.99	0	9
ptg023280l_1	97733	108964	1.11	0	6
ptg023280l_1_region	97733	108964	1.11	0	6
ptg023290l_1	79052	242044	3.06	0	10
ptg023290l_1_region	79052	242044	3.06	0	10
ptg023298l_1	44148	16017	0.36	0	2
ptg023298l_1_region	44148	16017	0.36	0	2
ptg023305l_1	27437	106300	3.87	1	8
ptg023305l_1_region	27437	106300	3.87	1	8
ptg023316l_1	43535	158068	3.63	0	8
ptg023316l_1_region	43535	158068	3.63	0	8
ptg023319l_1	46294	32238	0.70	0	3
ptg023319l_1_region	46294	32238	0.70	0	3
ptg023325l_1	22528	93355	4.14	1	14
ptg023325l_1_region	22528	93355	4.14	1	14
ptg023359l_1	44951	8608	0.19	0	1
ptg023359l_1_region	44951	8608	0.19	0	1
ptg023376l_1	32473	78260	2.41	0	5
ptg023376l_1_region	32473	78260	2.41	0	5
ptg023424l_1	27826	89862	3.23	0	8
ptg023424l_1_region	27826	89862	3.23	0	8
ptg023473l_1	38106	432687	11.35	0	23
ptg023473l_1_region	38106	432687	11.35	0	23
ptg023487l_1	19471	118557	6.09	0	11
ptg023487l_1_region	19471	118557	6.09	0	11
ptg023511l_1	25726	52830	2.05	0	6
ptg023511l_1_region	25726	52830	2.05	0	6
ptg023513l_1	21872	70658	3.23	0	8
ptg023513l_1_region	21872	70658	3.23	0	8
ptg023515l_1	29299	88384	3.02	0	7
ptg023515l_1_region	29299	88384	3.02	0	7
ptg023538l_1	53023	175474	3.31	0	10
ptg023538l_1_region	53023	175474	3.31	0	10
ptg023553l_1	16607	158565	9.55	1	16
ptg023553l_1_region	16607	158565	9.55	1	16
ptg023557l_1	49099	124337	2.53	0	6
ptg023557l_1_region	49099	124337	2.53	0	6
ptg023568l_1	76825	129737	1.69	0	5
ptg023568l_1_region	76825	129737	1.69	0	5
ptg023573l_1	64110	65653	1.02	0	4
ptg023573l_1_region	64110	65653	1.02	0	4
ptg023587l_1	17824	98043	5.50	0	10
ptg023587l_1_region	17824	98043	5.50	0	10
ptg023611l_1	21158	75547	3.57	0	11
ptg023611l_1_region	21158	75547	3.57	0	11
ptg023631l_1	15534	50875	3.28	0	8
ptg023631l_1_region	15534	50875	3.28	0	8
ptg023664l_1	21426	37901	1.77	0	4
ptg023664l_1_region	21426	37901	1.77	0	4
ptg023681l_1	20885	3215	0.15	0	3
ptg023681l_1_region	20885	3215	0.15	0	3
ptg023695l_1	12589	48583	3.86	0	10
ptg023695l_1_region	12589	48583	3.86	0	10
ptg023699l_1	42749	151483	3.54	0	9
ptg023699l_1_region	42749	151483	3.54	0	9
ptg023783l_1	31291	72189	2.31	0	5
ptg023783l_1_region	31291	72189	2.31	0	5
ptg023793l_1	33855	155189	4.58	0	14
ptg023793l_1_region	33855	155189	4.58	0	14
ptg023802l_1	13654	16113	1.18	0	2
ptg023802l_1_region	13654	16113	1.18	0	2
ptg023819l_1	6653	80394	12.08	0	18
ptg023819l_1_region	6653	80394	12.08	0	18
ptg023853l_1	29192	123622	4.23	0	8
ptg023853l_1_region	29192	123622	4.23	0	8
ptg023873l_1	42811	143554	3.35	0	8
ptg023873l_1_region	42811	143554	3.35	0	8
ptg023896l_1	21981	48349	2.20	0	7
ptg023896l_1_region	21981	48349	2.20	0	7
ptg023908l_1	21775	69146	3.18	0	6
ptg023908l_1_region	21775	69146	3.18	0	6
ptg023910l_1	21826	103719	4.75	1	9
ptg023910l_1_region	21826	103719	4.75	1	9
ptg023938l_1	18385	23263	1.27	0	4
ptg023938l_1_region	18385	23263	1.27	0	4
ptg023947l_1	25706	93322	3.63	0	8
ptg023947l_1_region	25706	93322	3.63	0	8
ptg023960l_1	12224	28552	2.34	0	4
ptg023960l_1_region	12224	28552	2.34	0	4
ptg023993l_1	33531	1574575	46.96	4	114
ptg023993l_1_region	33531	1574575	46.96	4	114
ptg024002l_1	50623	145680	2.88	0	8
ptg024002l_1_region	50623	145680	2.88	0	8
ptg024008l_1	13396	61566	4.60	1	7
ptg024008l_1_region	13396	61566	4.60	1	7
ptg024017l_1	9895	15495	1.57	0	3
ptg024017l_1_region	9895	15495	1.57	0	3
ptg024033l_1	15370	57236	3.72	2	7
ptg024033l_1_region	15370	57236	3.72	2	7
ptg024081l_1	17051	82848	4.86	0	10
ptg024081l_1_region	17051	82848	4.86	0	10
ptg024114l_1	36210	11369	0.31	0	1
ptg024114l_1_region	36210	11369	0.31	0	1
total	2835906227	8892540426	3.14	0	1245
total_region	2835906227	8892540426	3.14	0	1245
