chrom	length	bases	mean	min	max
ptg000001l_1	224559	1127917	5.02	0	20
ptg000001l_1_region	224559	1127917	5.02	0	20
ptg000002l_1	466864	2579381	5.52	0	22
ptg000002l_1_region	466864	2579381	5.52	0	22
ptg000003l_1	403059	2041851	5.07	0	31
ptg000003l_1_region	403059	2041851	5.07	0	31
ptg000004l_1	1905946	9011344	4.73	0	17
ptg000004l_1_region	1905946	9011344	4.73	0	17
ptg000007l_1	668351	3115518	4.66	0	23
ptg000007l_1_region	668351	3115518	4.66	0	23
ptg000009l_1	1309717	6399167	4.89	0	20
ptg000009l_1_region	1309717	6399167	4.89	0	20
ptg000010l_1	1379608	6635520	4.81	0	22
ptg000010l_1_region	1379608	6635520	4.81	0	22
ptg000011l_1	1181895	6371760	5.39	0	16
ptg000011l_1_region	1181895	6371760	5.39	0	16
ptg000012l_1	2003601	7775748	3.88	0	23
ptg000012l_1_region	2003601	7775748	3.88	0	23
ptg000014l_1	496174	2271757	4.58	0	25
ptg000014l_1_region	496174	2271757	4.58	0	25
ptg000017l_1	337928	2303227	6.82	0	40
ptg000017l_1_region	337928	2303227	6.82	0	40
ptg000018l_1	1171150	5208808	4.45	0	15
ptg000018l_1_region	1171150	5208808	4.45	0	15
ptg000020l_1	838433	3812189	4.55	0	19
ptg000020l_1_region	838433	3812189	4.55	0	19
ptg000022l_1	763729	2446062	3.20	0	34
ptg000022l_1_region	763729	2446062	3.20	0	34
ptg000023l_1	3419222	17689104	5.17	0	21
ptg000023l_1_region	3419222	17689104	5.17	0	21
ptg000024l_1	3723909	19862054	5.33	0	22
ptg000024l_1_region	3723909	19862054	5.33	0	22
ptg000025l_1	2438521	12819456	5.26	0	20
ptg000025l_1_region	2438521	12819456	5.26	0	20
ptg000026l_1	567458	2984079	5.26	0	24
ptg000026l_1_region	567458	2984079	5.26	0	24
ptg000027l_1	2516055	12073889	4.80	0	20
ptg000027l_1_region	2516055	12073889	4.80	0	20
ptg000028l_1	1739603	12764180	7.34	0	98
ptg000028l_1_region	1739603	12764180	7.34	0	98
ptg000029l_1	378547	3829866	10.12	0	38
ptg000029l_1_region	378547	3829866	10.12	0	38
ptg000031l_1	1937049	10659645	5.50	0	23
ptg000031l_1_region	1937049	10659645	5.50	0	23
ptg000032l_1	787133	3651672	4.64	0	20
ptg000032l_1_region	787133	3651672	4.64	0	20
ptg000034l_1	640064	3429765	5.36	0	18
ptg000034l_1_region	640064	3429765	5.36	0	18
ptg000035l_1	1094022	5678617	5.19	0	32
ptg000035l_1_region	1094022	5678617	5.19	0	32
ptg000036l_1	672284	2781115	4.14	0	16
ptg000036l_1_region	672284	2781115	4.14	0	16
ptg000037l_1	600481	2753225	4.59	0	17
ptg000037l_1_region	600481	2753225	4.59	0	17
ptg000040l_1	1733005	8744868	5.05	0	20
ptg000040l_1_region	1733005	8744868	5.05	0	20
ptg000041l_1	154533	660283	4.27	0	12
ptg000041l_1_region	154533	660283	4.27	0	12
ptg000043l_1	1204965	6320020	5.24	0	20
ptg000043l_1_region	1204965	6320020	5.24	0	20
ptg000044l_1	94748	243258	2.57	0	16
ptg000044l_1_region	94748	243258	2.57	0	16
ptg000045l_1	492275	1535495	3.12	0	42
ptg000045l_1_region	492275	1535495	3.12	0	42
ptg000046l_1	327139	1393822	4.26	0	17
ptg000046l_1_region	327139	1393822	4.26	0	17
ptg000047l_1	872861	4664178	5.34	0	20
ptg000047l_1_region	872861	4664178	5.34	0	20
ptg000048l_1	267187	1319850	4.94	0	12
ptg000048l_1_region	267187	1319850	4.94	0	12
ptg000049l_1	2613172	14520379	5.56	0	27
ptg000049l_1_region	2613172	14520379	5.56	0	27
ptg000050l_1	181505	575134	3.17	0	13
ptg000050l_1_region	181505	575134	3.17	0	13
ptg000051l_1	361702	1639993	4.53	0	14
ptg000051l_1_region	361702	1639993	4.53	0	14
ptg000052l_1	1893344	8275414	4.37	0	17
ptg000052l_1_region	1893344	8275414	4.37	0	17
ptg000053l_1	249816	1170717	4.69	0	16
ptg000053l_1_region	249816	1170717	4.69	0	16
ptg000054l_1	2153890	11841965	5.50	0	22
ptg000054l_1_region	2153890	11841965	5.50	0	22
ptg000055l_1	2483671	12473053	5.02	0	21
ptg000055l_1_region	2483671	12473053	5.02	0	21
ptg000056l_1	872788	3930655	4.50	0	17
ptg000056l_1_region	872788	3930655	4.50	0	17
ptg000057l_1	1766985	9301164	5.26	0	44
ptg000057l_1_region	1766985	9301164	5.26	0	44
ptg000058l_1	370373	1586069	4.28	0	13
ptg000058l_1_region	370373	1586069	4.28	0	13
ptg000059l_1	410718	1804556	4.39	0	19
ptg000059l_1_region	410718	1804556	4.39	0	19
ptg000060l_1	527093	2951902	5.60	0	29
ptg000060l_1_region	527093	2951902	5.60	0	29
ptg000061l_1	3211763	16599882	5.17	0	25
ptg000061l_1_region	3211763	16599882	5.17	0	25
ptg000062l_1	1612754	6832920	4.24	0	37
ptg000062l_1_region	1612754	6832920	4.24	0	37
ptg000063l_1	378872	1838133	4.85	0	17
ptg000063l_1_region	378872	1838133	4.85	0	17
ptg000065l_1	795592	3408460	4.28	0	17
ptg000065l_1_region	795592	3408460	4.28	0	17
ptg000066l_1	113674	294942	2.59	0	13
ptg000066l_1_region	113674	294942	2.59	0	13
ptg000067l_1	567839	2742684	4.83	0	15
ptg000067l_1_region	567839	2742684	4.83	0	15
ptg000068l_1	1200107	4567780	3.81	0	16
ptg000068l_1_region	1200107	4567780	3.81	0	16
ptg000069l_1	440038	1853684	4.21	0	14
ptg000069l_1_region	440038	1853684	4.21	0	14
ptg000070l_1	635141	2530468	3.98	0	23
ptg000070l_1_region	635141	2530468	3.98	0	23
ptg000071l_1	492128	2030788	4.13	0	14
ptg000071l_1_region	492128	2030788	4.13	0	14
ptg000073l_1	596027	2942800	4.94	0	18
ptg000073l_1_region	596027	2942800	4.94	0	18
ptg000075l_1	1362389	4060295	2.98	0	22
ptg000075l_1_region	1362389	4060295	2.98	0	22
ptg000078l_1	1849515	9409749	5.09	0	18
ptg000078l_1_region	1849515	9409749	5.09	0	18
ptg000079l_1	1553048	7748759	4.99	0	17
ptg000079l_1_region	1553048	7748759	4.99	0	17
ptg000080l_1	1248482	5926383	4.75	0	18
ptg000080l_1_region	1248482	5926383	4.75	0	18
ptg000082l_1	1741085	8268054	4.75	0	19
ptg000082l_1_region	1741085	8268054	4.75	0	19
ptg000083l_1	944999	4353388	4.61	0	20
ptg000083l_1_region	944999	4353388	4.61	0	20
ptg000084l_1	3696174	20334778	5.50	0	23
ptg000084l_1_region	3696174	20334778	5.50	0	23
ptg000085l_1	1772517	8911591	5.03	0	21
ptg000085l_1_region	1772517	8911591	5.03	0	21
ptg000086l_1	668477	3559649	5.33	0	16
ptg000086l_1_region	668477	3559649	5.33	0	16
ptg000087l_1	307370	551811	1.80	0	21
ptg000087l_1_region	307370	551811	1.80	0	21
ptg000088l_1	2675700	13503944	5.05	0	34
ptg000088l_1_region	2675700	13503944	5.05	0	34
ptg000089l_1	1527381	9093336	5.95	0	27
ptg000089l_1_region	1527381	9093336	5.95	0	27
ptg000090l_1	1489912	8197329	5.50	0	17
ptg000090l_1_region	1489912	8197329	5.50	0	17
ptg000091l_1	410195	1961960	4.78	0	11
ptg000091l_1_region	410195	1961960	4.78	0	11
ptg000092l_1	2127149	10335158	4.86	0	18
ptg000092l_1_region	2127149	10335158	4.86	0	18
ptg000093l_1	477205	2052007	4.30	0	17
ptg000093l_1_region	477205	2052007	4.30	0	17
ptg000095l_1	443974	2456986	5.53	0	29
ptg000095l_1_region	443974	2456986	5.53	0	29
ptg000096l_1	1811472	10600056	5.85	0	24
ptg000096l_1_region	1811472	10600056	5.85	0	24
ptg000098l_1	1463058	6682105	4.57	0	17
ptg000098l_1_region	1463058	6682105	4.57	0	17
ptg000101l_1	568537	3293063	5.79	0	25
ptg000101l_1_region	568537	3293063	5.79	0	25
ptg000102l_1	306991	1626301	5.30	0	24
ptg000102l_1_region	306991	1626301	5.30	0	24
ptg000103l_1	738690	3916763	5.30	0	17
ptg000103l_1_region	738690	3916763	5.30	0	17
ptg000105l_1	4970350	28387493	5.71	0	111
ptg000105l_1_region	4970350	28387493	5.71	0	111
ptg000106l_1	830955	3025704	3.64	0	22
ptg000106l_1_region	830955	3025704	3.64	0	22
ptg000107l_1	610488	4658461	7.63	0	48
ptg000107l_1_region	610488	4658461	7.63	0	48
ptg000108l_1	524569	2705327	5.16	0	14
ptg000108l_1_region	524569	2705327	5.16	0	14
ptg000109l_1	2434425	13837623	5.68	0	24
ptg000109l_1_region	2434425	13837623	5.68	0	24
ptg000110l_1	694748	2968583	4.27	0	16
ptg000110l_1_region	694748	2968583	4.27	0	16
ptg000111l_1	1886279	9673445	5.13	0	19
ptg000111l_1_region	1886279	9673445	5.13	0	19
ptg000112l_1	1407615	7211657	5.12	0	19
ptg000112l_1_region	1407615	7211657	5.12	0	19
ptg000113l_1	873124	4470190	5.12	0	17
ptg000113l_1_region	873124	4470190	5.12	0	17
ptg000114l_1	2003064	10478850	5.23	0	20
ptg000114l_1_region	2003064	10478850	5.23	0	20
ptg000115l_1	94480	342518	3.63	0	9
ptg000115l_1_region	94480	342518	3.63	0	9
ptg000116l_1	549585	2240272	4.08	0	15
ptg000116l_1_region	549585	2240272	4.08	0	15
ptg000117l_1	999763	4966242	4.97	0	19
ptg000117l_1_region	999763	4966242	4.97	0	19
ptg000118l_1	589492	2429354	4.12	0	14
ptg000118l_1_region	589492	2429354	4.12	0	14
ptg000120l_1	2480957	13937877	5.62	0	18
ptg000120l_1_region	2480957	13937877	5.62	0	18
ptg000121l_1	1320917	8163085	6.18	0	125
ptg000121l_1_region	1320917	8163085	6.18	0	125
ptg000123l_1	915833	5809356	6.34	0	35
ptg000123l_1_region	915833	5809356	6.34	0	35
ptg000124l_1	291375	987025	3.39	0	32
ptg000124l_1_region	291375	987025	3.39	0	32
ptg000126l_1	1277451	6045228	4.73	0	15
ptg000126l_1_region	1277451	6045228	4.73	0	15
ptg000127l_1	919908	4749661	5.16	0	59
ptg000127l_1_region	919908	4749661	5.16	0	59
ptg000128l_1	128665	370707	2.88	0	10
ptg000128l_1_region	128665	370707	2.88	0	10
ptg000130l_1	3405925	17740742	5.21	0	30
ptg000130l_1_region	3405925	17740742	5.21	0	30
ptg000132l_1	690063	3109018	4.51	0	15
ptg000132l_1_region	690063	3109018	4.51	0	15
ptg000133l_1	358350	1906635	5.32	0	13
ptg000133l_1_region	358350	1906635	5.32	0	13
ptg000134l_1	524336	3430854	6.54	0	21
ptg000134l_1_region	524336	3430854	6.54	0	21
ptg000135l_1	832229	4968624	5.97	0	67
ptg000135l_1_region	832229	4968624	5.97	0	67
ptg000139l_1	208592	359133	1.72	0	35
ptg000139l_1_region	208592	359133	1.72	0	35
ptg000141l_1	303809	1159425	3.82	0	16
ptg000141l_1_region	303809	1159425	3.82	0	16
ptg000142l_1	2190402	10829192	4.94	0	29
ptg000142l_1_region	2190402	10829192	4.94	0	29
ptg000143l_1	883044	4798371	5.43	0	19
ptg000143l_1_region	883044	4798371	5.43	0	19
ptg000144l_1	2444314	13241531	5.42	0	20
ptg000144l_1_region	2444314	13241531	5.42	0	20
ptg000145l_1	11518	25054	2.18	0	6
ptg000145l_1_region	11518	25054	2.18	0	6
ptg000146l_1	7492590	38615335	5.15	0	24
ptg000146l_1_region	7492590	38615335	5.15	0	24
ptg000149l_1	909849	5449966	5.99	0	77
ptg000149l_1_region	909849	5449966	5.99	0	77
ptg000151l_1	288085	1247734	4.33	0	13
ptg000151l_1_region	288085	1247734	4.33	0	13
ptg000152l_1	1331212	6744641	5.07	0	18
ptg000152l_1_region	1331212	6744641	5.07	0	18
ptg000153l_1	375346	1121428	2.99	0	13
ptg000153l_1_region	375346	1121428	2.99	0	13
ptg000154l_1	452370	1403502	3.10	0	12
ptg000154l_1_region	452370	1403502	3.10	0	12
ptg000156l_1	635326	2800321	4.41	0	29
ptg000156l_1_region	635326	2800321	4.41	0	29
ptg000157l_1	1182189	4293343	3.63	0	25
ptg000157l_1_region	1182189	4293343	3.63	0	25
ptg000158l_1	1623674	9159219	5.64	0	25
ptg000158l_1_region	1623674	9159219	5.64	0	25
ptg000159l_1	1008278	5437251	5.39	0	44
ptg000159l_1_region	1008278	5437251	5.39	0	44
ptg000160l_1	224206	1119368	4.99	0	16
ptg000160l_1_region	224206	1119368	4.99	0	16
ptg000161l_1	160579	547269	3.41	0	16
ptg000161l_1_region	160579	547269	3.41	0	16
ptg000162l_1	321650	1603029	4.98	0	27
ptg000162l_1_region	321650	1603029	4.98	0	27
ptg000163l_1	823142	3506488	4.26	0	27
ptg000163l_1_region	823142	3506488	4.26	0	27
ptg000166l_1	2051859	10964266	5.34	0	17
ptg000166l_1_region	2051859	10964266	5.34	0	17
ptg000167l_1	552886	3036328	5.49	0	34
ptg000167l_1_region	552886	3036328	5.49	0	34
ptg000168l_1	2396652	13574003	5.66	0	21
ptg000168l_1_region	2396652	13574003	5.66	0	21
ptg000170l_1	71920	358136	4.98	0	42
ptg000170l_1_region	71920	358136	4.98	0	42
ptg000172l_1	996812	5260111	5.28	0	23
ptg000172l_1_region	996812	5260111	5.28	0	23
ptg000173l_1	2831687	17965286	6.34	0	174
ptg000173l_1_region	2831687	17965286	6.34	0	174
ptg000174l_1	2837679	18119237	6.39	0	113
ptg000174l_1_region	2837679	18119237	6.39	0	113
ptg000176l_1	734222	3391183	4.62	0	24
ptg000176l_1_region	734222	3391183	4.62	0	24
ptg000177l_1	380365	1915517	5.04	0	13
ptg000177l_1_region	380365	1915517	5.04	0	13
ptg000178l_1	899325	4889542	5.44	0	14
ptg000178l_1_region	899325	4889542	5.44	0	14
ptg000179l_1	1589938	8033839	5.05	0	21
ptg000179l_1_region	1589938	8033839	5.05	0	21
ptg000180l_1	4958610	25894365	5.22	0	232
ptg000180l_1_region	4958610	25894365	5.22	0	232
ptg000181l_1	1076598	5639526	5.24	0	263
ptg000181l_1_region	1076598	5639526	5.24	0	263
ptg000182l_1	726590	2739227	3.77	0	18
ptg000182l_1_region	726590	2739227	3.77	0	18
ptg000183l_1	1486283	7995474	5.38	0	18
ptg000183l_1_region	1486283	7995474	5.38	0	18
ptg000184l_1	1328294	4970237	3.74	0	30
ptg000184l_1_region	1328294	4970237	3.74	0	30
ptg000186l_1	1078385	2945287	2.73	0	51
ptg000186l_1_region	1078385	2945287	2.73	0	51
ptg000187l_1	555860	2062727	3.71	0	29
ptg000187l_1_region	555860	2062727	3.71	0	29
ptg000189l_1	950716	5128777	5.39	0	17
ptg000189l_1_region	950716	5128777	5.39	0	17
ptg000190l_1	695878	3132149	4.50	0	17
ptg000190l_1_region	695878	3132149	4.50	0	17
ptg000191l_1	560346	2714414	4.84	0	16
ptg000191l_1_region	560346	2714414	4.84	0	16
ptg000193l_1	1088742	4063114	3.73	0	140
ptg000193l_1_region	1088742	4063114	3.73	0	140
ptg000194l_1	343069	1223058	3.57	0	14
ptg000194l_1_region	343069	1223058	3.57	0	14
ptg000196l_1	500977	1925566	3.84	0	16
ptg000196l_1_region	500977	1925566	3.84	0	16
ptg000197l_1	2050182	9397079	4.58	0	18
ptg000197l_1_region	2050182	9397079	4.58	0	18
ptg000198l_1	77175	267480	3.47	0	11
ptg000198l_1_region	77175	267480	3.47	0	11
ptg000199l_1	270854	1177902	4.35	0	14
ptg000199l_1_region	270854	1177902	4.35	0	14
ptg000201l_1	1194432	6085007	5.09	0	18
ptg000201l_1_region	1194432	6085007	5.09	0	18
ptg000202l_1	338903	2551977	7.53	0	35
ptg000202l_1_region	338903	2551977	7.53	0	35
ptg000203l_1	1285271	6459589	5.03	0	20
ptg000203l_1_region	1285271	6459589	5.03	0	20
ptg000204l_1	177711	632117	3.56	0	27
ptg000204l_1_region	177711	632117	3.56	0	27
ptg000205l_1	1218044	6161809	5.06	0	18
ptg000205l_1_region	1218044	6161809	5.06	0	18
ptg000210l_1	593359	2576953	4.34	0	14
ptg000210l_1_region	593359	2576953	4.34	0	14
ptg000212l_1	305324	1160295	3.80	0	15
ptg000212l_1_region	305324	1160295	3.80	0	15
ptg000213l_1	242993	1001737	4.12	0	15
ptg000213l_1_region	242993	1001737	4.12	0	15
ptg000216l_1	4834949	23703307	4.90	0	21
ptg000216l_1_region	4834949	23703307	4.90	0	21
ptg000217l_1	1345822	6354801	4.72	0	23
ptg000217l_1_region	1345822	6354801	4.72	0	23
ptg000218l_1	1256994	5797142	4.61	0	15
ptg000218l_1_region	1256994	5797142	4.61	0	15
ptg000219l_1	38657	156687	4.05	0	26
ptg000219l_1_region	38657	156687	4.05	0	26
ptg000220l_1	417906	1798920	4.30	0	15
ptg000220l_1_region	417906	1798920	4.30	0	15
ptg000221l_1	1634945	10690776	6.54	0	110
ptg000221l_1_region	1634945	10690776	6.54	0	110
ptg000224l_1	392325	2653416	6.76	0	44
ptg000224l_1_region	392325	2653416	6.76	0	44
ptg000225l_1	764210	3846104	5.03	0	14
ptg000225l_1_region	764210	3846104	5.03	0	14
ptg000226l_1	3213748	18389901	5.72	0	57
ptg000226l_1_region	3213748	18389901	5.72	0	57
ptg000227l_1	2462771	12303636	5.00	0	21
ptg000227l_1_region	2462771	12303636	5.00	0	21
ptg000228l_1	531801	2754192	5.18	0	17
ptg000228l_1_region	531801	2754192	5.18	0	17
ptg000229l_1	2590128	13694474	5.29	0	28
ptg000229l_1_region	2590128	13694474	5.29	0	28
ptg000230l_1	627622	2816410	4.49	0	19
ptg000230l_1_region	627622	2816410	4.49	0	19
ptg000231l_1	719154	3340297	4.64	0	14
ptg000231l_1_region	719154	3340297	4.64	0	14
ptg000232l_1	993414	6427564	6.47	0	21
ptg000232l_1_region	993414	6427564	6.47	0	21
ptg000233l_1	524192	1718426	3.28	0	11
ptg000233l_1_region	524192	1718426	3.28	0	11
ptg000235l_1	1180006	7168465	6.07	0	34
ptg000235l_1_region	1180006	7168465	6.07	0	34
ptg000236l_1	2007253	10999749	5.48	0	20
ptg000236l_1_region	2007253	10999749	5.48	0	20
ptg000237l_1	1396942	5794037	4.15	0	42
ptg000237l_1_region	1396942	5794037	4.15	0	42
ptg000238l_1	354683	1405905	3.96	0	15
ptg000238l_1_region	354683	1405905	3.96	0	15
ptg000239l_1	963045	6125965	6.36	0	79
ptg000239l_1_region	963045	6125965	6.36	0	79
ptg000240l_1	2143447	10870363	5.07	0	21
ptg000240l_1_region	2143447	10870363	5.07	0	21
ptg000241l_1	3017794	15068035	4.99	0	25
ptg000241l_1_region	3017794	15068035	4.99	0	25
ptg000242l_1	818506	2993756	3.66	0	19
ptg000242l_1_region	818506	2993756	3.66	0	19
ptg000243l_1	263463	1153235	4.38	0	16
ptg000243l_1_region	263463	1153235	4.38	0	16
ptg000244l_1	1152493	5949194	5.16	0	29
ptg000244l_1_region	1152493	5949194	5.16	0	29
ptg000246l_1	823475	3879986	4.71	0	21
ptg000246l_1_region	823475	3879986	4.71	0	21
ptg000247l_1	199791	1876661	9.39	0	42
ptg000247l_1_region	199791	1876661	9.39	0	42
ptg000248l_1	1457400	7879521	5.41	0	21
ptg000248l_1_region	1457400	7879521	5.41	0	21
ptg000250l_1	253398	1074571	4.24	0	16
ptg000250l_1_region	253398	1074571	4.24	0	16
ptg000251l_1	1320901	6990211	5.29	0	16
ptg000251l_1_region	1320901	6990211	5.29	0	16
ptg000252l_1	618470	2616608	4.23	0	18
ptg000252l_1_region	618470	2616608	4.23	0	18
ptg000253l_1	805007	4183770	5.20	0	113
ptg000253l_1_region	805007	4183770	5.20	0	113
ptg000254l_1	1250170	7162744	5.73	0	123
ptg000254l_1_region	1250170	7162744	5.73	0	123
ptg000255l_1	831340	4606055	5.54	0	15
ptg000255l_1_region	831340	4606055	5.54	0	15
ptg000256l_1	1025818	4984344	4.86	0	32
ptg000256l_1_region	1025818	4984344	4.86	0	32
ptg000257l_1	762619	4436910	5.82	0	25
ptg000257l_1_region	762619	4436910	5.82	0	25
ptg000258l_1	1965244	10613168	5.40	0	18
ptg000258l_1_region	1965244	10613168	5.40	0	18
ptg000259l_1	238620	960318	4.02	0	16
ptg000259l_1_region	238620	960318	4.02	0	16
ptg000260l_1	415691	887430	2.13	0	16
ptg000260l_1_region	415691	887430	2.13	0	16
ptg000261l_1	433214	1486245	3.43	0	12
ptg000261l_1_region	433214	1486245	3.43	0	12
ptg000262l_1	3886901	20154525	5.19	0	19
ptg000262l_1_region	3886901	20154525	5.19	0	19
ptg000264l_1	3169550	17218464	5.43	0	23
ptg000264l_1_region	3169550	17218464	5.43	0	23
ptg000265l_1	1518816	8051962	5.30	0	68
ptg000265l_1_region	1518816	8051962	5.30	0	68
ptg000266l_1	590855	2881321	4.88	0	17
ptg000266l_1_region	590855	2881321	4.88	0	17
ptg000269l_1	969621	5516550	5.69	0	25
ptg000269l_1_region	969621	5516550	5.69	0	25
ptg000270l_1	222292	1027987	4.62	0	14
ptg000270l_1_region	222292	1027987	4.62	0	14
ptg000272l_1	391583	1734059	4.43	0	28
ptg000272l_1_region	391583	1734059	4.43	0	28
ptg000274l_1	159812	834556	5.22	0	30
ptg000274l_1_region	159812	834556	5.22	0	30
ptg000275l_1	950644	3539101	3.72	0	17
ptg000275l_1_region	950644	3539101	3.72	0	17
ptg000277l_1	653682	2934742	4.49	0	18
ptg000277l_1_region	653682	2934742	4.49	0	18
ptg000278l_1	1146462	5348090	4.66	0	26
ptg000278l_1_region	1146462	5348090	4.66	0	26
ptg000280l_1	1112809	4763389	4.28	0	21
ptg000280l_1_region	1112809	4763389	4.28	0	21
ptg000281l_1	204536	943973	4.62	0	14
ptg000281l_1_region	204536	943973	4.62	0	14
ptg000282l_1	962993	2323780	2.41	0	15
ptg000282l_1_region	962993	2323780	2.41	0	15
ptg000286l_1	499241	2180602	4.37	0	17
ptg000286l_1_region	499241	2180602	4.37	0	17
ptg000287l_1	486252	2049135	4.21	0	15
ptg000287l_1_region	486252	2049135	4.21	0	15
ptg000288l_1	781569	3791457	4.85	0	18
ptg000288l_1_region	781569	3791457	4.85	0	18
ptg000289l_1	402491	2678780	6.66	0	22
ptg000289l_1_region	402491	2678780	6.66	0	22
ptg000290l_1	230781	1102209	4.78	0	12
ptg000290l_1_region	230781	1102209	4.78	0	12
ptg000291l_1	449828	2289545	5.09	0	16
ptg000291l_1_region	449828	2289545	5.09	0	16
ptg000292l_1	290188	905176	3.12	0	22
ptg000292l_1_region	290188	905176	3.12	0	22
ptg000293l_1	3251132	18323301	5.64	0	32
ptg000293l_1_region	3251132	18323301	5.64	0	32
ptg000294l_1	456701	1763441	3.86	0	81
ptg000294l_1_region	456701	1763441	3.86	0	81
ptg000295l_1	390530	1796941	4.60	0	20
ptg000295l_1_region	390530	1796941	4.60	0	20
ptg000298l_1	539519	2334396	4.33	0	14
ptg000298l_1_region	539519	2334396	4.33	0	14
ptg000299l_1	2667197	15806480	5.93	0	35
ptg000299l_1_region	2667197	15806480	5.93	0	35
ptg000300l_1	477177	1621237	3.40	0	18
ptg000300l_1_region	477177	1621237	3.40	0	18
ptg000301l_1	2056047	10670284	5.19	0	19
ptg000301l_1_region	2056047	10670284	5.19	0	19
ptg000302l_1	272914	861956	3.16	0	11
ptg000302l_1_region	272914	861956	3.16	0	11
ptg000303l_1	814266	3519841	4.32	0	43
ptg000303l_1_region	814266	3519841	4.32	0	43
ptg000305l_1	2359397	13257619	5.62	0	22
ptg000305l_1_region	2359397	13257619	5.62	0	22
ptg000306l_1	875252	4351505	4.97	0	20
ptg000306l_1_region	875252	4351505	4.97	0	20
ptg000308l_1	3281943	16411649	5.00	0	22
ptg000308l_1_region	3281943	16411649	5.00	0	22
ptg000309l_1	2550652	12398788	4.86	0	17
ptg000309l_1_region	2550652	12398788	4.86	0	17
ptg000310l_1	1232748	6448765	5.23	0	41
ptg000310l_1_region	1232748	6448765	5.23	0	41
ptg000311l_1	361223	1740279	4.82	0	17
ptg000311l_1_region	361223	1740279	4.82	0	17
ptg000312l_1	514372	2202393	4.28	0	19
ptg000312l_1_region	514372	2202393	4.28	0	19
ptg000313l_1	1596209	8147665	5.10	0	19
ptg000313l_1_region	1596209	8147665	5.10	0	19
ptg000314l_1	1727544	8565097	4.96	0	41
ptg000314l_1_region	1727544	8565097	4.96	0	41
ptg000316l_1	2678725	14123447	5.27	0	25
ptg000316l_1_region	2678725	14123447	5.27	0	25
ptg000318l_1	1089565	4479130	4.11	0	23
ptg000318l_1_region	1089565	4479130	4.11	0	23
ptg000319l_1	1884544	9251020	4.91	0	15
ptg000319l_1_region	1884544	9251020	4.91	0	15
ptg000321l_1	310073	2185755	7.05	0	274
ptg000321l_1_region	310073	2185755	7.05	0	274
ptg000323l_1	8967193	48648302	5.43	0	57
ptg000323l_1_region	8967193	48648302	5.43	0	57
ptg000324l_1	1116591	4906109	4.39	0	15
ptg000324l_1_region	1116591	4906109	4.39	0	15
ptg000325l_1	2509470	15976470	6.37	0	84
ptg000325l_1_region	2509470	15976470	6.37	0	84
ptg000326l_1	768526	3693992	4.81	0	18
ptg000326l_1_region	768526	3693992	4.81	0	18
ptg000327l_1	622577	2662335	4.28	0	19
ptg000327l_1_region	622577	2662335	4.28	0	19
ptg000329l_1	294202	1422690	4.84	0	14
ptg000329l_1_region	294202	1422690	4.84	0	14
ptg000330l_1	119827	562995	4.70	0	13
ptg000330l_1_region	119827	562995	4.70	0	13
ptg000331l_1	1232275	5790095	4.70	0	16
ptg000331l_1_region	1232275	5790095	4.70	0	16
ptg000332l_1	634585	3275839	5.16	0	18
ptg000332l_1_region	634585	3275839	5.16	0	18
ptg000333l_1	209017	1022839	4.89	0	19
ptg000333l_1_region	209017	1022839	4.89	0	19
ptg000334l_1	1677475	8851422	5.28	0	24
ptg000334l_1_region	1677475	8851422	5.28	0	24
ptg000337l_1	685269	3650827	5.33	0	22
ptg000337l_1_region	685269	3650827	5.33	0	22
ptg000339l_1	611204	1950955	3.19	0	13
ptg000339l_1_region	611204	1950955	3.19	0	13
ptg000340l_1	540027	2486338	4.60	0	16
ptg000340l_1_region	540027	2486338	4.60	0	16
ptg000341l_1	2294078	11485788	5.01	0	17
ptg000341l_1_region	2294078	11485788	5.01	0	17
ptg000342l_1	3083261	15854918	5.14	0	35
ptg000342l_1_region	3083261	15854918	5.14	0	35
ptg000343l_1	1546982	7571778	4.89	0	26
ptg000343l_1_region	1546982	7571778	4.89	0	26
ptg000344l_1	1883224	10717632	5.69	0	26
ptg000344l_1_region	1883224	10717632	5.69	0	26
ptg000345l_1	1354131	9210030	6.80	0	24
ptg000345l_1_region	1354131	9210030	6.80	0	24
ptg000346l_1	1504801	6922685	4.60	0	21
ptg000346l_1_region	1504801	6922685	4.60	0	21
ptg000347l_1	571508	2977157	5.21	0	16
ptg000347l_1_region	571508	2977157	5.21	0	16
ptg000348l_1	2604201	13109938	5.03	0	25
ptg000348l_1_region	2604201	13109938	5.03	0	25
ptg000350l_1	1458664	7777237	5.33	0	20
ptg000350l_1_region	1458664	7777237	5.33	0	20
ptg000351l_1	2121138	11409221	5.38	0	19
ptg000351l_1_region	2121138	11409221	5.38	0	19
ptg000352l_1	4132784	21047682	5.09	0	21
ptg000352l_1_region	4132784	21047682	5.09	0	21
ptg000353l_1	25168	90331	3.59	0	8
ptg000353l_1_region	25168	90331	3.59	0	8
ptg000354l_1	739641	3088978	4.18	0	15
ptg000354l_1_region	739641	3088978	4.18	0	15
ptg000355l_1	414555	1709900	4.12	0	13
ptg000355l_1_region	414555	1709900	4.12	0	13
ptg000356l_1	1038532	6185394	5.96	0	23
ptg000356l_1_region	1038532	6185394	5.96	0	23
ptg000357l_1	2366393	12235195	5.17	0	22
ptg000357l_1_region	2366393	12235195	5.17	0	22
ptg000358l_1	942933	5017711	5.32	0	19
ptg000358l_1_region	942933	5017711	5.32	0	19
ptg000359l_1	2985143	15997565	5.36	0	20
ptg000359l_1_region	2985143	15997565	5.36	0	20
ptg000360l_1	474348	2281239	4.81	0	23
ptg000360l_1_region	474348	2281239	4.81	0	23
ptg000362l_1	268720	1145206	4.26	0	21
ptg000362l_1_region	268720	1145206	4.26	0	21
ptg000363l_1	694316	3379060	4.87	0	15
ptg000363l_1_region	694316	3379060	4.87	0	15
ptg000365l_1	321059	1359055	4.23	0	19
ptg000365l_1_region	321059	1359055	4.23	0	19
ptg000367l_1	523150	2762970	5.28	0	19
ptg000367l_1_region	523150	2762970	5.28	0	19
ptg000368l_1	562401	1991089	3.54	0	99
ptg000368l_1_region	562401	1991089	3.54	0	99
ptg000369l_1	401180	1734347	4.32	0	22
ptg000369l_1_region	401180	1734347	4.32	0	22
ptg000370l_1	474037	2046161	4.32	0	15
ptg000370l_1_region	474037	2046161	4.32	0	15
ptg000371l_1	600329	2873380	4.79	0	18
ptg000371l_1_region	600329	2873380	4.79	0	18
ptg000372l_1	548139	2549623	4.65	0	16
ptg000372l_1_region	548139	2549623	4.65	0	16
ptg000373l_1	358228	1215394	3.39	0	28
ptg000373l_1_region	358228	1215394	3.39	0	28
ptg000374l_1	1066200	5224354	4.90	0	13
ptg000374l_1_region	1066200	5224354	4.90	0	13
ptg000375l_1	1110066	4890860	4.41	0	21
ptg000375l_1_region	1110066	4890860	4.41	0	21
ptg000376l_1	356606	2089699	5.86	0	34
ptg000376l_1_region	356606	2089699	5.86	0	34
ptg000377l_1	574665	2959580	5.15	0	17
ptg000377l_1_region	574665	2959580	5.15	0	17
ptg000378l_1	591556	2009219	3.40	0	13
ptg000378l_1_region	591556	2009219	3.40	0	13
ptg000379l_1	2152800	10964736	5.09	0	33
ptg000379l_1_region	2152800	10964736	5.09	0	33
ptg000380l_1	2197228	12481977	5.68	0	21
ptg000380l_1_region	2197228	12481977	5.68	0	21
ptg000381l_1	384534	1854715	4.82	0	14
ptg000381l_1_region	384534	1854715	4.82	0	14
ptg000382l_1	500266	3469007	6.93	0	59
ptg000382l_1_region	500266	3469007	6.93	0	59
ptg000383l_1	1446788	8069331	5.58	0	23
ptg000383l_1_region	1446788	8069331	5.58	0	23
ptg000384l_1	1123934	5956605	5.30	0	29
ptg000384l_1_region	1123934	5956605	5.30	0	29
ptg000386l_1	358904	1355740	3.78	0	11
ptg000386l_1_region	358904	1355740	3.78	0	11
ptg000387l_1	1740554	8673913	4.98	0	20
ptg000387l_1_region	1740554	8673913	4.98	0	20
ptg000390l_1	830920	3825510	4.60	0	17
ptg000390l_1_region	830920	3825510	4.60	0	17
ptg000391l_1	970098	4881254	5.03	0	19
ptg000391l_1_region	970098	4881254	5.03	0	19
ptg000392l_1	1613523	8455023	5.24	0	17
ptg000392l_1_region	1613523	8455023	5.24	0	17
ptg000393l_1	4280767	27795594	6.49	0	47
ptg000393l_1_region	4280767	27795594	6.49	0	47
ptg000394l_1	315771	1294363	4.10	0	14
ptg000394l_1_region	315771	1294363	4.10	0	14
ptg000396l_1	434050	1879516	4.33	0	16
ptg000396l_1_region	434050	1879516	4.33	0	16
ptg000400l_1	340659	1557966	4.57	0	14
ptg000400l_1_region	340659	1557966	4.57	0	14
ptg000401l_1	72594	276535	3.81	0	9
ptg000401l_1_region	72594	276535	3.81	0	9
ptg000403l_1	325183	1312346	4.04	0	12
ptg000403l_1_region	325183	1312346	4.04	0	12
ptg000405l_1	843638	4401791	5.22	0	16
ptg000405l_1_region	843638	4401791	5.22	0	16
ptg000407l_1	89024	214507	2.41	0	8
ptg000407l_1_region	89024	214507	2.41	0	8
ptg000408l_1	232480	1076355	4.63	0	20
ptg000408l_1_region	232480	1076355	4.63	0	20
ptg000409l_1	1123295	5676220	5.05	0	41
ptg000409l_1_region	1123295	5676220	5.05	0	41
ptg000411l_1	2151730	11639213	5.41	0	30
ptg000411l_1_region	2151730	11639213	5.41	0	30
ptg000412l_1	1672315	10221220	6.11	0	35
ptg000412l_1_region	1672315	10221220	6.11	0	35
ptg000413l_1	2926011	15543886	5.31	0	19
ptg000413l_1_region	2926011	15543886	5.31	0	19
ptg000414l_1	471117	1743003	3.70	0	31
ptg000414l_1_region	471117	1743003	3.70	0	31
ptg000415l_1	112865	556826	4.93	0	14
ptg000415l_1_region	112865	556826	4.93	0	14
ptg000416l_1	2301216	18831262	8.18	0	148
ptg000416l_1_region	2301216	18831262	8.18	0	148
ptg000417l_1	2170585	11953338	5.51	0	38
ptg000417l_1_region	2170585	11953338	5.51	0	38
ptg000419l_1	185857	659601	3.55	0	13
ptg000419l_1_region	185857	659601	3.55	0	13
ptg000421l_1	1395556	8033366	5.76	0	23
ptg000421l_1_region	1395556	8033366	5.76	0	23
ptg000423l_1	483750	1383909	2.86	0	20
ptg000423l_1_region	483750	1383909	2.86	0	20
ptg000424l_1	837743	4139259	4.94	0	14
ptg000424l_1_region	837743	4139259	4.94	0	14
ptg000425l_1	1412001	7146360	5.06	0	16
ptg000425l_1_region	1412001	7146360	5.06	0	16
ptg000426l_1	975854	4432467	4.54	0	17
ptg000426l_1_region	975854	4432467	4.54	0	17
ptg000427l_1	301169	909937	3.02	0	13
ptg000427l_1_region	301169	909937	3.02	0	13
ptg000429l_1	840762	3325285	3.96	0	19
ptg000429l_1_region	840762	3325285	3.96	0	19
ptg000430l_1	1069760	8180489	7.65	0	37
ptg000430l_1_region	1069760	8180489	7.65	0	37
ptg000432l_1	2220086	9869527	4.45	0	22
ptg000432l_1_region	2220086	9869527	4.45	0	22
ptg000435l_1	399665	2439377	6.10	0	111
ptg000435l_1_region	399665	2439377	6.10	0	111
ptg000437l_1	620369	3240295	5.22	0	23
ptg000437l_1_region	620369	3240295	5.22	0	23
ptg000438l_1	309085	1408249	4.56	0	53
ptg000438l_1_region	309085	1408249	4.56	0	53
ptg000440l_1	2188228	11507548	5.26	0	17
ptg000440l_1_region	2188228	11507548	5.26	0	17
ptg000441l_1	377628	2895685	7.67	0	24
ptg000441l_1_region	377628	2895685	7.67	0	24
ptg000442l_1	1396222	7718118	5.53	0	28
ptg000442l_1_region	1396222	7718118	5.53	0	28
ptg000443l_1	1443545	7443257	5.16	0	30
ptg000443l_1_region	1443545	7443257	5.16	0	30
ptg000444l_1	46344	222044	4.79	0	13
ptg000444l_1_region	46344	222044	4.79	0	13
ptg000445l_1	1433481	6783342	4.73	0	22
ptg000445l_1_region	1433481	6783342	4.73	0	22
ptg000447l_1	668667	3043356	4.55	0	28
ptg000447l_1_region	668667	3043356	4.55	0	28
ptg000449l_1	65295	360915	5.53	0	11
ptg000449l_1_region	65295	360915	5.53	0	11
ptg000450l_1	2816483	15498599	5.50	0	38
ptg000450l_1_region	2816483	15498599	5.50	0	38
ptg000451l_1	325896	1372165	4.21	0	19
ptg000451l_1_region	325896	1372165	4.21	0	19
ptg000452l_1	564308	2735271	4.85	0	14
ptg000452l_1_region	564308	2735271	4.85	0	14
ptg000455l_1	251112	1032258	4.11	0	17
ptg000455l_1_region	251112	1032258	4.11	0	17
ptg000456l_1	953355	4249676	4.46	0	22
ptg000456l_1_region	953355	4249676	4.46	0	22
ptg000457l_1	684304	2627880	3.84	0	19
ptg000457l_1_region	684304	2627880	3.84	0	19
ptg000458l_1	771840	4306336	5.58	0	19
ptg000458l_1_region	771840	4306336	5.58	0	19
ptg000460l_1	660259	2995009	4.54	0	17
ptg000460l_1_region	660259	2995009	4.54	0	17
ptg000462l_1	1620949	8047849	4.96	0	34
ptg000462l_1_region	1620949	8047849	4.96	0	34
ptg000463l_1	1882288	10527621	5.59	0	20
ptg000463l_1_region	1882288	10527621	5.59	0	20
ptg000464l_1	2153826	12459885	5.79	0	29
ptg000464l_1_region	2153826	12459885	5.79	0	29
ptg000465l_1	849224	4380205	5.16	0	17
ptg000465l_1_region	849224	4380205	5.16	0	17
ptg000466l_1	2219757	12126752	5.46	0	26
ptg000466l_1_region	2219757	12126752	5.46	0	26
ptg000467l_1	872991	3814345	4.37	0	20
ptg000467l_1_region	872991	3814345	4.37	0	20
ptg000468l_1	1091705	4723215	4.33	0	29
ptg000468l_1_region	1091705	4723215	4.33	0	29
ptg000469l_1	578878	2305876	3.98	0	17
ptg000469l_1_region	578878	2305876	3.98	0	17
ptg000470l_1	1651697	8661321	5.24	0	18
ptg000470l_1_region	1651697	8661321	5.24	0	18
ptg000471l_1	455563	2390026	5.25	0	19
ptg000471l_1_region	455563	2390026	5.25	0	19
ptg000473l_1	1398955	7262634	5.19	0	20
ptg000473l_1_region	1398955	7262634	5.19	0	20
ptg000475l_1	1519663	7336345	4.83	0	28
ptg000475l_1_region	1519663	7336345	4.83	0	28
ptg000476l_1	291869	1273343	4.36	0	15
ptg000476l_1_region	291869	1273343	4.36	0	15
ptg000477l_1	573297	2121272	3.70	0	100
ptg000477l_1_region	573297	2121272	3.70	0	100
ptg000478l_1	768421	3759142	4.89	0	17
ptg000478l_1_region	768421	3759142	4.89	0	17
ptg000479l_1	575720	2710685	4.71	0	18
ptg000479l_1_region	575720	2710685	4.71	0	18
ptg000480l_1	3406111	17877482	5.25	0	32
ptg000480l_1_region	3406111	17877482	5.25	0	32
ptg000481l_1	327147	940260	2.87	0	18
ptg000481l_1_region	327147	940260	2.87	0	18
ptg000482l_1	158386	662565	4.18	0	15
ptg000482l_1_region	158386	662565	4.18	0	15
ptg000483l_1	183520	934251	5.09	0	13
ptg000483l_1_region	183520	934251	5.09	0	13
ptg000484l_1	1056104	3593265	3.40	0	25
ptg000484l_1_region	1056104	3593265	3.40	0	25
ptg000486l_1	868723	4238092	4.88	0	20
ptg000486l_1_region	868723	4238092	4.88	0	20
ptg000487l_1	304518	1169495	3.84	0	13
ptg000487l_1_region	304518	1169495	3.84	0	13
ptg000488l_1	1912184	9690748	5.07	0	28
ptg000488l_1_region	1912184	9690748	5.07	0	28
ptg000489l_1	692672	3546369	5.12	0	28
ptg000489l_1_region	692672	3546369	5.12	0	28
ptg000490l_1	2899813	14914451	5.14	0	23
ptg000490l_1_region	2899813	14914451	5.14	0	23
ptg000491l_1	416339	1701597	4.09	0	23
ptg000491l_1_region	416339	1701597	4.09	0	23
ptg000492l_1	1926682	9723743	5.05	0	17
ptg000492l_1_region	1926682	9723743	5.05	0	17
ptg000493l_1	652419	3148367	4.83	0	20
ptg000493l_1_region	652419	3148367	4.83	0	20
ptg000494l_1	608981	1826902	3.00	0	19
ptg000494l_1_region	608981	1826902	3.00	0	19
ptg000495l_1	1679912	8939631	5.32	0	17
ptg000495l_1_region	1679912	8939631	5.32	0	17
ptg000496l_1	399658	2214860	5.54	0	16
ptg000496l_1_region	399658	2214860	5.54	0	16
ptg000497l_1	3468551	23017024	6.64	0	78
ptg000497l_1_region	3468551	23017024	6.64	0	78
ptg000500l_1	327245	1514046	4.63	0	13
ptg000500l_1_region	327245	1514046	4.63	0	13
ptg000501l_1	1549425	8056040	5.20	0	25
ptg000501l_1_region	1549425	8056040	5.20	0	25
ptg000502l_1	1385233	7419923	5.36	0	18
ptg000502l_1_region	1385233	7419923	5.36	0	18
ptg000503l_1	714599	2960094	4.14	0	17
ptg000503l_1_region	714599	2960094	4.14	0	17
ptg000504l_1	733757	3508571	4.78	0	15
ptg000504l_1_region	733757	3508571	4.78	0	15
ptg000508l_1	3011522	19846708	6.59	0	665
ptg000508l_1_region	3011522	19846708	6.59	0	665
ptg000510l_1	163799	398592	2.43	0	16
ptg000510l_1_region	163799	398592	2.43	0	16
ptg000511l_1	373665	2138117	5.72	0	22
ptg000511l_1_region	373665	2138117	5.72	0	22
ptg000512l_1	578902	2374372	4.10	0	40
ptg000512l_1_region	578902	2374372	4.10	0	40
ptg000513l_1	1554242	8054940	5.18	0	15
ptg000513l_1_region	1554242	8054940	5.18	0	15
ptg000514l_1	321176	1075058	3.35	0	13
ptg000514l_1_region	321176	1075058	3.35	0	13
ptg000515l_1	781057	3482712	4.46	0	17
ptg000515l_1_region	781057	3482712	4.46	0	17
ptg000517l_1	1589349	8694930	5.47	0	22
ptg000517l_1_region	1589349	8694930	5.47	0	22
ptg000518l_1	81132	301115	3.71	0	10
ptg000518l_1_region	81132	301115	3.71	0	10
ptg000519l_1	1250110	7595662	6.08	0	38
ptg000519l_1_region	1250110	7595662	6.08	0	38
ptg000522l_1	1026832	5509203	5.37	0	26
ptg000522l_1_region	1026832	5509203	5.37	0	26
ptg000523l_1	1275465	6301164	4.94	0	14
ptg000523l_1_region	1275465	6301164	4.94	0	14
ptg000524l_1	3313725	16428355	4.96	0	20
ptg000524l_1_region	3313725	16428355	4.96	0	20
ptg000525l_1	397977	1814543	4.56	0	14
ptg000525l_1_region	397977	1814543	4.56	0	14
ptg000526l_1	867273	4507610	5.20	0	19
ptg000526l_1_region	867273	4507610	5.20	0	19
ptg000527l_1	1671493	8209250	4.91	0	16
ptg000527l_1_region	1671493	8209250	4.91	0	16
ptg000530l_1	374841	2531351	6.75	0	35
ptg000530l_1_region	374841	2531351	6.75	0	35
ptg000531l_1	462119	3651174	7.90	0	22
ptg000531l_1_region	462119	3651174	7.90	0	22
ptg000532l_1	1318765	5990656	4.54	0	14
ptg000532l_1_region	1318765	5990656	4.54	0	14
ptg000533l_1	764850	3514371	4.59	0	24
ptg000533l_1_region	764850	3514371	4.59	0	24
ptg000535l_1	64390	274223	4.26	0	14
ptg000535l_1_region	64390	274223	4.26	0	14
ptg000536l_1	620088	4449746	7.18	0	61
ptg000536l_1_region	620088	4449746	7.18	0	61
ptg000537l_1	4048955	16838806	4.16	0	27
ptg000537l_1_region	4048955	16838806	4.16	0	27
ptg000538l_1	799690	4112590	5.14	0	19
ptg000538l_1_region	799690	4112590	5.14	0	19
ptg000539l_1	1061014	4873545	4.59	0	22
ptg000539l_1_region	1061014	4873545	4.59	0	22
ptg000541l_1	1972057	9368712	4.75	0	18
ptg000541l_1_region	1972057	9368712	4.75	0	18
ptg000542l_1	1102076	5461046	4.96	0	17
ptg000542l_1_region	1102076	5461046	4.96	0	17
ptg000546l_1	485089	2197033	4.53	0	16
ptg000546l_1_region	485089	2197033	4.53	0	16
ptg000547l_1	548270	2442698	4.46	0	18
ptg000547l_1_region	548270	2442698	4.46	0	18
ptg000549l_1	240800	946081	3.93	0	12
ptg000549l_1_region	240800	946081	3.93	0	12
ptg000550l_1	2467494	12875062	5.22	0	32
ptg000550l_1_region	2467494	12875062	5.22	0	32
ptg000552l_1	235000	1019357	4.34	0	17
ptg000552l_1_region	235000	1019357	4.34	0	17
ptg000553l_1	1024301	5046184	4.93	0	16
ptg000553l_1_region	1024301	5046184	4.93	0	16
ptg000555l_1	107715	477822	4.44	0	10
ptg000555l_1_region	107715	477822	4.44	0	10
ptg000556l_1	1307081	5937094	4.54	0	16
ptg000556l_1_region	1307081	5937094	4.54	0	16
ptg000557l_1	361549	1593860	4.41	0	14
ptg000557l_1_region	361549	1593860	4.41	0	14
ptg000558l_1	589764	3081557	5.23	0	16
ptg000558l_1_region	589764	3081557	5.23	0	16
ptg000559l_1	588957	2360259	4.01	0	46
ptg000559l_1_region	588957	2360259	4.01	0	46
ptg000560l_1	267228	1215459	4.55	0	28
ptg000560l_1_region	267228	1215459	4.55	0	28
ptg000561l_1	952395	3163785	3.32	0	16
ptg000561l_1_region	952395	3163785	3.32	0	16
ptg000562l_1	800306	3948809	4.93	0	20
ptg000562l_1_region	800306	3948809	4.93	0	20
ptg000563l_1	294973	1949090	6.61	0	23
ptg000563l_1_region	294973	1949090	6.61	0	23
ptg000565l_1	363321	1603423	4.41	0	23
ptg000565l_1_region	363321	1603423	4.41	0	23
ptg000566l_1	2027837	10763541	5.31	0	20
ptg000566l_1_region	2027837	10763541	5.31	0	20
ptg000567l_1	687027	3501074	5.10	0	19
ptg000567l_1_region	687027	3501074	5.10	0	19
ptg000568l_1	2368250	10150216	4.29	0	16
ptg000568l_1_region	2368250	10150216	4.29	0	16
ptg000570l_1	329243	990598	3.01	0	25
ptg000570l_1_region	329243	990598	3.01	0	25
ptg000571l_1	351161	1679561	4.78	0	18
ptg000571l_1_region	351161	1679561	4.78	0	18
ptg000572l_1	1585143	3194869	2.02	0	18
ptg000572l_1_region	1585143	3194869	2.02	0	18
ptg000573l_1	889980	3128457	3.52	0	17
ptg000573l_1_region	889980	3128457	3.52	0	17
ptg000575l_1	746584	3521996	4.72	0	14
ptg000575l_1_region	746584	3521996	4.72	0	14
ptg000576l_1	729281	3958777	5.43	0	34
ptg000576l_1_region	729281	3958777	5.43	0	34
ptg000577l_1	224336	546719	2.44	0	11
ptg000577l_1_region	224336	546719	2.44	0	11
ptg000580l_1	753345	4000469	5.31	0	86
ptg000580l_1_region	753345	4000469	5.31	0	86
ptg000582l_1	2369000	22249416	9.39	0	345
ptg000582l_1_region	2369000	22249416	9.39	0	345
ptg000583l_1	753589	3237478	4.30	0	15
ptg000583l_1_region	753589	3237478	4.30	0	15
ptg000585l_1	129123	442700	3.43	0	14
ptg000585l_1_region	129123	442700	3.43	0	14
ptg000586l_1	2478326	13158549	5.31	0	20
ptg000586l_1_region	2478326	13158549	5.31	0	20
ptg000587l_1	1213881	5830247	4.80	0	23
ptg000587l_1_region	1213881	5830247	4.80	0	23
ptg000589l_1	377213	1823259	4.83	0	36
ptg000589l_1_region	377213	1823259	4.83	0	36
ptg000590l_1	1064898	5010810	4.71	0	19
ptg000590l_1_region	1064898	5010810	4.71	0	19
ptg000591l_1	1003195	4866385	4.85	0	14
ptg000591l_1_region	1003195	4866385	4.85	0	14
ptg000593l_1	303530	1237672	4.08	0	12
ptg000593l_1_region	303530	1237672	4.08	0	12
ptg000594l_1	264734	1440209	5.44	0	15
ptg000594l_1_region	264734	1440209	5.44	0	15
ptg000595l_1	176579	1083154	6.13	0	25
ptg000595l_1_region	176579	1083154	6.13	0	25
ptg000596l_1	992602	5081486	5.12	0	20
ptg000596l_1_region	992602	5081486	5.12	0	20
ptg000598l_1	1580660	8559858	5.42	0	88
ptg000598l_1_region	1580660	8559858	5.42	0	88
ptg000599l_1	1251574	6974354	5.57	0	20
ptg000599l_1_region	1251574	6974354	5.57	0	20
ptg000600l_1	3356339	18638749	5.55	0	49
ptg000600l_1_region	3356339	18638749	5.55	0	49
ptg000601l_1	961864	4170615	4.34	0	13
ptg000601l_1_region	961864	4170615	4.34	0	13
ptg000602l_1	694930	1617841	2.33	0	185
ptg000602l_1_region	694930	1617841	2.33	0	185
ptg000603l_1	132727	494989	3.73	0	9
ptg000603l_1_region	132727	494989	3.73	0	9
ptg000605l_1	439078	2060502	4.69	0	12
ptg000605l_1_region	439078	2060502	4.69	0	12
ptg000606l_1	806643	3739510	4.64	0	18
ptg000606l_1_region	806643	3739510	4.64	0	18
ptg000607l_1	749723	3713978	4.95	0	26
ptg000607l_1_region	749723	3713978	4.95	0	26
ptg000609l_1	1199116	5936504	4.95	0	18
ptg000609l_1_region	1199116	5936504	4.95	0	18
ptg000610l_1	2985489	14605263	4.89	0	21
ptg000610l_1_region	2985489	14605263	4.89	0	21
ptg000611l_1	1604871	6670632	4.16	0	38
ptg000611l_1_region	1604871	6670632	4.16	0	38
ptg000612l_1	356378	1631492	4.58	0	16
ptg000612l_1_region	356378	1631492	4.58	0	16
ptg000613l_1	918624	4268363	4.65	0	24
ptg000613l_1_region	918624	4268363	4.65	0	24
ptg000615l_1	1189371	5314880	4.47	0	22
ptg000615l_1_region	1189371	5314880	4.47	0	22
ptg000617l_1	2321995	27467065	11.83	0	56
ptg000617l_1_region	2321995	27467065	11.83	0	56
ptg000618l_1	3188169	18295201	5.74	0	60
ptg000618l_1_region	3188169	18295201	5.74	0	60
ptg000619l_1	436883	3076105	7.04	0	33
ptg000619l_1_region	436883	3076105	7.04	0	33
ptg000621l_1	152067	396025	2.60	0	8
ptg000621l_1_region	152067	396025	2.60	0	8
ptg000624l_1	426888	2305977	5.40	0	22
ptg000624l_1_region	426888	2305977	5.40	0	22
ptg000626l_1	603462	2948192	4.89	0	19
ptg000626l_1_region	603462	2948192	4.89	0	19
ptg000627l_1	319761	1696681	5.31	0	15
ptg000627l_1_region	319761	1696681	5.31	0	15
ptg000628l_1	671813	3752911	5.59	0	20
ptg000628l_1_region	671813	3752911	5.59	0	20
ptg000629l_1	1175554	5507766	4.69	0	16
ptg000629l_1_region	1175554	5507766	4.69	0	16
ptg000630l_1	1002428	4794622	4.78	0	45
ptg000630l_1_region	1002428	4794622	4.78	0	45
ptg000632l_1	421251	1623015	3.85	0	26
ptg000632l_1_region	421251	1623015	3.85	0	26
ptg000633l_1	332334	1401680	4.22	0	14
ptg000633l_1_region	332334	1401680	4.22	0	14
ptg000634l_1	446096	1744900	3.91	0	15
ptg000634l_1_region	446096	1744900	3.91	0	15
ptg000635l_1	3740034	19769967	5.29	0	24
ptg000635l_1_region	3740034	19769967	5.29	0	24
ptg000637l_1	396109	2741655	6.92	0	26
ptg000637l_1_region	396109	2741655	6.92	0	26
ptg000638l_1	377313	1644733	4.36	0	19
ptg000638l_1_region	377313	1644733	4.36	0	19
ptg000639l_1	2344366	12007855	5.12	0	20
ptg000639l_1_region	2344366	12007855	5.12	0	20
ptg000640l_1	125848	281270	2.23	0	14
ptg000640l_1_region	125848	281270	2.23	0	14
ptg000641l_1	1035364	5086813	4.91	0	34
ptg000641l_1_region	1035364	5086813	4.91	0	34
ptg000644l_1	2126718	12145534	5.71	0	55
ptg000644l_1_region	2126718	12145534	5.71	0	55
ptg000645l_1	1045360	7014183	6.71	0	68
ptg000645l_1_region	1045360	7014183	6.71	0	68
ptg000646l_1	439230	1905557	4.34	0	15
ptg000646l_1_region	439230	1905557	4.34	0	15
ptg000647l_1	1193044	5391827	4.52	0	18
ptg000647l_1_region	1193044	5391827	4.52	0	18
ptg000648l_1	148357	612216	4.13	0	18
ptg000648l_1_region	148357	612216	4.13	0	18
ptg000650l_1	34421	167479	4.87	0	19
ptg000650l_1_region	34421	167479	4.87	0	19
ptg000651l_1	829122	4330375	5.22	0	24
ptg000651l_1_region	829122	4330375	5.22	0	24
ptg000652l_1	991866	4466615	4.50	0	19
ptg000652l_1_region	991866	4466615	4.50	0	19
ptg000655l_1	142095	261010	1.84	0	10
ptg000655l_1_region	142095	261010	1.84	0	10
ptg000656l_1	150606	493190	3.27	0	15
ptg000656l_1_region	150606	493190	3.27	0	15
ptg000657l_1	2957484	16158375	5.46	0	20
ptg000657l_1_region	2957484	16158375	5.46	0	20
ptg000658l_1	506851	2303216	4.54	0	20
ptg000658l_1_region	506851	2303216	4.54	0	20
ptg000659l_1	2022867	10724343	5.30	0	16
ptg000659l_1_region	2022867	10724343	5.30	0	16
ptg000660l_1	1271816	5428928	4.27	0	28
ptg000660l_1_region	1271816	5428928	4.27	0	28
ptg000661l_1	738753	6659087	9.01	0	43
ptg000661l_1_region	738753	6659087	9.01	0	43
ptg000663l_1	1415908	6942583	4.90	0	19
ptg000663l_1_region	1415908	6942583	4.90	0	19
ptg000665l_1	1685505	9714835	5.76	0	76
ptg000665l_1_region	1685505	9714835	5.76	0	76
ptg000666l_1	1261670	5489636	4.35	0	40
ptg000666l_1_region	1261670	5489636	4.35	0	40
ptg000667l_1	65612	277211	4.23	0	23
ptg000667l_1_region	65612	277211	4.23	0	23
ptg000668l_1	700432	3652190	5.21	0	17
ptg000668l_1_region	700432	3652190	5.21	0	17
ptg000669l_1	855301	4577870	5.35	0	19
ptg000669l_1_region	855301	4577870	5.35	0	19
ptg000670l_1	996161	4454314	4.47	0	17
ptg000670l_1_region	996161	4454314	4.47	0	17
ptg000671l_1	41821	127557	3.05	0	10
ptg000671l_1_region	41821	127557	3.05	0	10
ptg000673l_1	1124520	5927720	5.27	0	16
ptg000673l_1_region	1124520	5927720	5.27	0	16
ptg000674l_1	1828309	5540150	3.03	0	23
ptg000674l_1_region	1828309	5540150	3.03	0	23
ptg000675l_1	616583	2761208	4.48	0	20
ptg000675l_1_region	616583	2761208	4.48	0	20
ptg000676l_1	372240	1379073	3.70	0	14
ptg000676l_1_region	372240	1379073	3.70	0	14
ptg000677l_1	489347	2798681	5.72	0	41
ptg000677l_1_region	489347	2798681	5.72	0	41
ptg000678l_1	407961	1691866	4.15	0	11
ptg000678l_1_region	407961	1691866	4.15	0	11
ptg000679l_1	2499628	12102074	4.84	0	21
ptg000679l_1_region	2499628	12102074	4.84	0	21
ptg000680l_1	564556	2478511	4.39	0	17
ptg000680l_1_region	564556	2478511	4.39	0	17
ptg000681l_1	575848	2642627	4.59	0	20
ptg000681l_1_region	575848	2642627	4.59	0	20
ptg000682l_1	541758	2982827	5.51	0	19
ptg000682l_1_region	541758	2982827	5.51	0	19
ptg000683l_1	473133	730344	1.54	0	23
ptg000683l_1_region	473133	730344	1.54	0	23
ptg000684l_1	1006819	2398275	2.38	0	24
ptg000684l_1_region	1006819	2398275	2.38	0	24
ptg000685l_1	775898	3569138	4.60	0	20
ptg000685l_1_region	775898	3569138	4.60	0	20
ptg000686l_1	263473	1189535	4.51	0	28
ptg000686l_1_region	263473	1189535	4.51	0	28
ptg000687l_1	1655177	8284051	5.00	0	32
ptg000687l_1_region	1655177	8284051	5.00	0	32
ptg000688l_1	495984	1727672	3.48	0	25
ptg000688l_1_region	495984	1727672	3.48	0	25
ptg000691l_1	272090	1111077	4.08	0	12
ptg000691l_1_region	272090	1111077	4.08	0	12
ptg000695l_1	389121	1912919	4.92	0	18
ptg000695l_1_region	389121	1912919	4.92	0	18
ptg000696l_1	1721825	5587900	3.25	0	15
ptg000696l_1_region	1721825	5587900	3.25	0	15
ptg000697l_1	494414	2720985	5.50	0	17
ptg000697l_1_region	494414	2720985	5.50	0	17
ptg000698l_1	445067	2359065	5.30	0	57
ptg000698l_1_region	445067	2359065	5.30	0	57
ptg000699l_1	1517586	7640083	5.03	0	22
ptg000699l_1_region	1517586	7640083	5.03	0	22
ptg000701l_1	436501	1931417	4.42	0	13
ptg000701l_1_region	436501	1931417	4.42	0	13
ptg000702l_1	601819	5973977	9.93	0	95
ptg000702l_1_region	601819	5973977	9.93	0	95
ptg000703l_1	653072	3035545	4.65	0	59
ptg000703l_1_region	653072	3035545	4.65	0	59
ptg000706l_1	1237124	6307501	5.10	0	50
ptg000706l_1_region	1237124	6307501	5.10	0	50
ptg000707l_1	2012293	10011451	4.98	0	212
ptg000707l_1_region	2012293	10011451	4.98	0	212
ptg000708l_1	579457	2910100	5.02	0	13
ptg000708l_1_region	579457	2910100	5.02	0	13
ptg000709l_1	1296806	6403644	4.94	0	15
ptg000709l_1_region	1296806	6403644	4.94	0	15
ptg000710l_1	818437	3939760	4.81	0	17
ptg000710l_1_region	818437	3939760	4.81	0	17
ptg000711l_1	472635	2673930	5.66	0	16
ptg000711l_1_region	472635	2673930	5.66	0	16
ptg000712l_1	1500394	7148947	4.76	0	28
ptg000712l_1_region	1500394	7148947	4.76	0	28
ptg000713l_1	503285	2076384	4.13	0	17
ptg000713l_1_region	503285	2076384	4.13	0	17
ptg000714l_1	340642	1645293	4.83	0	14
ptg000714l_1_region	340642	1645293	4.83	0	14
ptg000715l_1	1614518	9247725	5.73	0	20
ptg000715l_1_region	1614518	9247725	5.73	0	20
ptg000716l_1	624317	2992632	4.79	0	12
ptg000716l_1_region	624317	2992632	4.79	0	12
ptg000718l_1	742506	3517220	4.74	0	16
ptg000718l_1_region	742506	3517220	4.74	0	16
ptg000719l_1	1248582	7068499	5.66	0	18
ptg000719l_1_region	1248582	7068499	5.66	0	18
ptg000720l_1	2059177	9583879	4.65	0	21
ptg000720l_1_region	2059177	9583879	4.65	0	21
ptg000722l_1	1657256	10114936	6.10	0	30
ptg000722l_1_region	1657256	10114936	6.10	0	30
ptg000723l_1	631303	3198194	5.07	0	18
ptg000723l_1_region	631303	3198194	5.07	0	18
ptg000725l_1	359292	2411043	6.71	0	32
ptg000725l_1_region	359292	2411043	6.71	0	32
ptg000726l_1	454083	1728343	3.81	0	15
ptg000726l_1_region	454083	1728343	3.81	0	15
ptg000727l_1	4623666	25216761	5.45	0	30
ptg000727l_1_region	4623666	25216761	5.45	0	30
ptg000728l_1	285825	1028976	3.60	0	15
ptg000728l_1_region	285825	1028976	3.60	0	15
ptg000730l_1	781664	3152253	4.03	0	34
ptg000730l_1_region	781664	3152253	4.03	0	34
ptg000732l_1	2804955	13814113	4.92	0	36
ptg000732l_1_region	2804955	13814113	4.92	0	36
ptg000733l_1	3908844	21135799	5.41	0	31
ptg000733l_1_region	3908844	21135799	5.41	0	31
ptg000735l_1	1617732	8266052	5.11	0	22
ptg000735l_1_region	1617732	8266052	5.11	0	22
ptg000737l_1	2155547	13706472	6.36	0	127
ptg000737l_1_region	2155547	13706472	6.36	0	127
ptg000738l_1	204241	644618	3.16	0	17
ptg000738l_1_region	204241	644618	3.16	0	17
ptg000740l_1	796659	3498175	4.39	0	20
ptg000740l_1_region	796659	3498175	4.39	0	20
ptg000741l_1	90848	395354	4.35	0	10
ptg000741l_1_region	90848	395354	4.35	0	10
ptg000742l_1	305783	1593828	5.21	0	14
ptg000742l_1_region	305783	1593828	5.21	0	14
ptg000744l_1	309988	1366916	4.41	0	21
ptg000744l_1_region	309988	1366916	4.41	0	21
ptg000745l_1	651448	2886461	4.43	0	19
ptg000745l_1_region	651448	2886461	4.43	0	19
ptg000746l_1	836638	4125567	4.93	0	18
ptg000746l_1_region	836638	4125567	4.93	0	18
ptg000747l_1	679209	3066062	4.51	0	14
ptg000747l_1_region	679209	3066062	4.51	0	14
ptg000748l_1	1074042	4810915	4.48	0	20
ptg000748l_1_region	1074042	4810915	4.48	0	20
ptg000749l_1	239463	856874	3.58	0	19
ptg000749l_1_region	239463	856874	3.58	0	19
ptg000750l_1	446350	2473504	5.54	0	23
ptg000750l_1_region	446350	2473504	5.54	0	23
ptg000751l_1	1656899	8289234	5.00	0	16
ptg000751l_1_region	1656899	8289234	5.00	0	16
ptg000752l_1	297751	1010378	3.39	0	12
ptg000752l_1_region	297751	1010378	3.39	0	12
ptg000753l_1	622951	3251824	5.22	0	16
ptg000753l_1_region	622951	3251824	5.22	0	16
ptg000754l_1	1047776	4790055	4.57	0	489
ptg000754l_1_region	1047776	4790055	4.57	0	489
ptg000755l_1	437776	1395972	3.19	0	19
ptg000755l_1_region	437776	1395972	3.19	0	19
ptg000756l_1	1397427	5937712	4.25	0	29
ptg000756l_1_region	1397427	5937712	4.25	0	29
ptg000757l_1	667640	2853535	4.27	0	17
ptg000757l_1_region	667640	2853535	4.27	0	17
ptg000758l_1	1217386	6319972	5.19	0	29
ptg000758l_1_region	1217386	6319972	5.19	0	29
ptg000759l_1	2637916	13294768	5.04	0	17
ptg000759l_1_region	2637916	13294768	5.04	0	17
ptg000760l_1	482252	1960992	4.07	0	47
ptg000760l_1_region	482252	1960992	4.07	0	47
ptg000761l_1	190959	980440	5.13	0	13
ptg000761l_1_region	190959	980440	5.13	0	13
ptg000762l_1	273535	1172541	4.29	0	40
ptg000762l_1_region	273535	1172541	4.29	0	40
ptg000764l_1	29523	94285	3.19	0	8
ptg000764l_1_region	29523	94285	3.19	0	8
ptg000765l_1	1555626	15196596	9.77	0	78
ptg000765l_1_region	1555626	15196596	9.77	0	78
ptg000766l_1	918196	4348921	4.74	0	19
ptg000766l_1_region	918196	4348921	4.74	0	19
ptg000767l_1	1732150	7539580	4.35	0	21
ptg000767l_1_region	1732150	7539580	4.35	0	21
ptg000769l_1	175466	892936	5.09	0	22
ptg000769l_1_region	175466	892936	5.09	0	22
ptg000770l_1	398963	1350822	3.39	0	26
ptg000770l_1_region	398963	1350822	3.39	0	26
ptg000771l_1	1339662	7305298	5.45	0	28
ptg000771l_1_region	1339662	7305298	5.45	0	28
ptg000772l_1	849145	4008521	4.72	0	30
ptg000772l_1_region	849145	4008521	4.72	0	30
ptg000773l_1	620724	3221265	5.19	0	20
ptg000773l_1_region	620724	3221265	5.19	0	20
ptg000774l_1	197997	738914	3.73	0	12
ptg000774l_1_region	197997	738914	3.73	0	12
ptg000775l_1	710102	3504441	4.94	0	16
ptg000775l_1_region	710102	3504441	4.94	0	16
ptg000777l_1	135936	753074	5.54	0	26
ptg000777l_1_region	135936	753074	5.54	0	26
ptg000778l_1	299547	1321488	4.41	0	12
ptg000778l_1_region	299547	1321488	4.41	0	12
ptg000779l_1	410690	1602756	3.90	0	34
ptg000779l_1_region	410690	1602756	3.90	0	34
ptg000780l_1	1946121	9742171	5.01	0	20
ptg000780l_1_region	1946121	9742171	5.01	0	20
ptg000782l_1	1234188	6367842	5.16	0	14
ptg000782l_1_region	1234188	6367842	5.16	0	14
ptg000783l_1	319382	988538	3.10	0	11
ptg000783l_1_region	319382	988538	3.10	0	11
ptg000784l_1	3073356	16579681	5.39	0	23
ptg000784l_1_region	3073356	16579681	5.39	0	23
ptg000785l_1	731583	3289913	4.50	0	19
ptg000785l_1_region	731583	3289913	4.50	0	19
ptg000786l_1	663719	2595325	3.91	0	15
ptg000786l_1_region	663719	2595325	3.91	0	15
ptg000787l_1	685615	3429806	5.00	0	22
ptg000787l_1_region	685615	3429806	5.00	0	22
ptg000788l_1	1416953	6552639	4.62	0	18
ptg000788l_1_region	1416953	6552639	4.62	0	18
ptg000790l_1	698074	3543900	5.08	0	14
ptg000790l_1_region	698074	3543900	5.08	0	14
ptg000792l_1	1698837	9310837	5.48	0	22
ptg000792l_1_region	1698837	9310837	5.48	0	22
ptg000794l_1	2305966	17773377	7.71	0	29
ptg000794l_1_region	2305966	17773377	7.71	0	29
ptg000795l_1	420627	1320594	3.14	0	14
ptg000795l_1_region	420627	1320594	3.14	0	14
ptg000796l_1	805975	4472551	5.55	0	20
ptg000796l_1_region	805975	4472551	5.55	0	20
ptg000798l_1	637541	3051148	4.79	0	20
ptg000798l_1_region	637541	3051148	4.79	0	20
ptg000799l_1	681131	3041107	4.46	0	27
ptg000799l_1_region	681131	3041107	4.46	0	27
ptg000801l_1	472057	2147219	4.55	0	14
ptg000801l_1_region	472057	2147219	4.55	0	14
ptg000804l_1	481705	2473170	5.13	0	15
ptg000804l_1_region	481705	2473170	5.13	0	15
ptg000805l_1	139679	513585	3.68	0	13
ptg000805l_1_region	139679	513585	3.68	0	13
ptg000806l_1	211082	585729	2.77	0	12
ptg000806l_1_region	211082	585729	2.77	0	12
ptg000807l_1	1494959	10632593	7.11	0	205
ptg000807l_1_region	1494959	10632593	7.11	0	205
ptg000808l_1	939464	4724210	5.03	0	21
ptg000808l_1_region	939464	4724210	5.03	0	21
ptg000809l_1	1358597	7494943	5.52	0	17
ptg000809l_1_region	1358597	7494943	5.52	0	17
ptg000810l_1	1145387	5085883	4.44	0	34
ptg000810l_1_region	1145387	5085883	4.44	0	34
ptg000811l_1	2287881	12863717	5.62	0	62
ptg000811l_1_region	2287881	12863717	5.62	0	62
ptg000813l_1	514422	2436898	4.74	0	24
ptg000813l_1_region	514422	2436898	4.74	0	24
ptg000814l_1	2363643	11860754	5.02	0	26
ptg000814l_1_region	2363643	11860754	5.02	0	26
ptg000815l_1	322425	2023656	6.28	0	26
ptg000815l_1_region	322425	2023656	6.28	0	26
ptg000816l_1	314581	956490	3.04	0	15
ptg000816l_1_region	314581	956490	3.04	0	15
ptg000817l_1	1101359	5469089	4.97	0	22
ptg000817l_1_region	1101359	5469089	4.97	0	22
ptg000818l_1	26532	120357	4.54	0	10
ptg000818l_1_region	26532	120357	4.54	0	10
ptg000820l_1	1149327	5621993	4.89	0	17
ptg000820l_1_region	1149327	5621993	4.89	0	17
ptg000821l_1	2771501	14390391	5.19	0	25
ptg000821l_1_region	2771501	14390391	5.19	0	25
ptg000822l_1	2418141	13293890	5.50	0	19
ptg000822l_1_region	2418141	13293890	5.50	0	19
ptg000823l_1	482504	2012358	4.17	0	15
ptg000823l_1_region	482504	2012358	4.17	0	15
ptg000826l_1	246075	626062	2.54	0	14
ptg000826l_1_region	246075	626062	2.54	0	14
ptg000827l_1	918879	4750588	5.17	0	21
ptg000827l_1_region	918879	4750588	5.17	0	21
ptg000828l_1	475335	2223247	4.68	0	17
ptg000828l_1_region	475335	2223247	4.68	0	17
ptg000829l_1	460680	2193855	4.76	0	14
ptg000829l_1_region	460680	2193855	4.76	0	14
ptg000832l_1	1246693	5707266	4.58	0	17
ptg000832l_1_region	1246693	5707266	4.58	0	17
ptg000833l_1	180122	1018068	5.65	0	19
ptg000833l_1_region	180122	1018068	5.65	0	19
ptg000835l_1	1580714	7406886	4.69	0	17
ptg000835l_1_region	1580714	7406886	4.69	0	17
ptg000836l_1	2876372	15512648	5.39	0	42
ptg000836l_1_region	2876372	15512648	5.39	0	42
ptg000837l_1	382453	1162051	3.04	0	15
ptg000837l_1_region	382453	1162051	3.04	0	15
ptg000838l_1	636683	1709560	2.69	0	15
ptg000838l_1_region	636683	1709560	2.69	0	15
ptg000841l_1	891475	3214442	3.61	0	33
ptg000841l_1_region	891475	3214442	3.61	0	33
ptg000842l_1	1309152	6331007	4.84	0	17
ptg000842l_1_region	1309152	6331007	4.84	0	17
ptg000843l_1	354377	758117	2.14	0	16
ptg000843l_1_region	354377	758117	2.14	0	16
ptg000844l_1	1408055	8027298	5.70	0	18
ptg000844l_1_region	1408055	8027298	5.70	0	18
ptg000845l_1	684139	3272635	4.78	0	18
ptg000845l_1_region	684139	3272635	4.78	0	18
ptg000846l_1	182704	627766	3.44	0	17
ptg000846l_1_region	182704	627766	3.44	0	17
ptg000847l_1	107236	523087	4.88	0	12
ptg000847l_1_region	107236	523087	4.88	0	12
ptg000848l_1	2916963	14826534	5.08	0	24
ptg000848l_1_region	2916963	14826534	5.08	0	24
ptg000849l_1	1056763	4819442	4.56	0	17
ptg000849l_1_region	1056763	4819442	4.56	0	17
ptg000850l_1	922345	4901014	5.31	0	15
ptg000850l_1_region	922345	4901014	5.31	0	15
ptg000851l_1	1891804	9508317	5.03	0	17
ptg000851l_1_region	1891804	9508317	5.03	0	17
ptg000852l_1	354684	1269029	3.58	0	17
ptg000852l_1_region	354684	1269029	3.58	0	17
ptg000853l_1	1482566	10413500	7.02	0	31
ptg000853l_1_region	1482566	10413500	7.02	0	31
ptg000854l_1	744801	3642100	4.89	0	15
ptg000854l_1_region	744801	3642100	4.89	0	15
ptg000855l_1	366672	2018506	5.50	0	19
ptg000855l_1_region	366672	2018506	5.50	0	19
ptg000856l_1	232482	1150439	4.95	0	14
ptg000856l_1_region	232482	1150439	4.95	0	14
ptg000858l_1	560950	3079878	5.49	0	26
ptg000858l_1_region	560950	3079878	5.49	0	26
ptg000859l_1	386339	2182825	5.65	0	27
ptg000859l_1_region	386339	2182825	5.65	0	27
ptg000860l_1	1238112	6170409	4.98	0	18
ptg000860l_1_region	1238112	6170409	4.98	0	18
ptg000862l_1	42688	145201	3.40	0	11
ptg000862l_1_region	42688	145201	3.40	0	11
ptg000863l_1	145690	467811	3.21	0	14
ptg000863l_1_region	145690	467811	3.21	0	14
ptg000864l_1	107950	349210	3.23	0	9
ptg000864l_1_region	107950	349210	3.23	0	9
ptg000865l_1	265721	1016780	3.83	0	11
ptg000865l_1_region	265721	1016780	3.83	0	11
ptg000866l_1	743316	3706871	4.99	0	18
ptg000866l_1_region	743316	3706871	4.99	0	18
ptg000867l_1	2659632	12220652	4.59	0	233
ptg000867l_1_region	2659632	12220652	4.59	0	233
ptg000869l_1	649678	2767958	4.26	0	15
ptg000869l_1_region	649678	2767958	4.26	0	15
ptg000871l_1	979125	5059140	5.17	0	23
ptg000871l_1_region	979125	5059140	5.17	0	23
ptg000873l_1	936295	9210121	9.84	0	114
ptg000873l_1_region	936295	9210121	9.84	0	114
ptg000874l_1	1874943	10391728	5.54	0	20
ptg000874l_1_region	1874943	10391728	5.54	0	20
ptg000877l_1	741196	2408416	3.25	0	116
ptg000877l_1_region	741196	2408416	3.25	0	116
ptg000878l_1	976583	5233120	5.36	0	38
ptg000878l_1_region	976583	5233120	5.36	0	38
ptg000880l_1	532227	1600276	3.01	0	13
ptg000880l_1_region	532227	1600276	3.01	0	13
ptg000881l_1	1436822	7749630	5.39	0	21
ptg000881l_1_region	1436822	7749630	5.39	0	21
ptg000882l_1	1550378	7742400	4.99	0	270
ptg000882l_1_region	1550378	7742400	4.99	0	270
ptg000883l_1	469998	2104010	4.48	0	15
ptg000883l_1_region	469998	2104010	4.48	0	15
ptg000884l_1	110307	455635	4.13	0	10
ptg000884l_1_region	110307	455635	4.13	0	10
ptg000885l_1	239372	1319811	5.51	0	34
ptg000885l_1_region	239372	1319811	5.51	0	34
ptg000888l_1	1583840	11317262	7.15	0	63
ptg000888l_1_region	1583840	11317262	7.15	0	63
ptg000889l_1	509120	2201838	4.32	0	15
ptg000889l_1_region	509120	2201838	4.32	0	15
ptg000891l_1	3033606	16000787	5.27	0	24
ptg000891l_1_region	3033606	16000787	5.27	0	24
ptg000895l_1	65943	105885	1.61	0	20
ptg000895l_1_region	65943	105885	1.61	0	20
ptg000896l_1	625394	4436209	7.09	0	53
ptg000896l_1_region	625394	4436209	7.09	0	53
ptg000904l_1	887284	3918185	4.42	0	16
ptg000904l_1_region	887284	3918185	4.42	0	16
ptg000906l_1	584304	2208287	3.78	0	52
ptg000906l_1_region	584304	2208287	3.78	0	52
ptg000908l_1	330555	1255669	3.80	0	13
ptg000908l_1_region	330555	1255669	3.80	0	13
ptg000910l_1	420324	3011000	7.16	0	24
ptg000910l_1_region	420324	3011000	7.16	0	24
ptg000911l_1	406947	1159779	2.85	0	13
ptg000911l_1_region	406947	1159779	2.85	0	13
ptg000912l_1	2553606	12655351	4.96	0	19
ptg000912l_1_region	2553606	12655351	4.96	0	19
ptg000914l_1	96915	296843	3.06	0	10
ptg000914l_1_region	96915	296843	3.06	0	10
ptg000916l_1	936128	4173518	4.46	0	17
ptg000916l_1_region	936128	4173518	4.46	0	17
ptg000917l_1	3944385	21297667	5.40	0	22
ptg000917l_1_region	3944385	21297667	5.40	0	22
ptg000918l_1	1558942	6220953	3.99	0	16
ptg000918l_1_region	1558942	6220953	3.99	0	16
ptg000919l_1	288560	3117105	10.80	0	35
ptg000919l_1_region	288560	3117105	10.80	0	35
ptg000920l_1	912628	4664515	5.11	0	25
ptg000920l_1_region	912628	4664515	5.11	0	25
ptg000922l_1	217931	1408530	6.46	0	51
ptg000922l_1_region	217931	1408530	6.46	0	51
ptg000923l_1	3465100	17630353	5.09	0	53
ptg000923l_1_region	3465100	17630353	5.09	0	53
ptg000924l_1	3278430	18906909	5.77	0	74
ptg000924l_1_region	3278430	18906909	5.77	0	74
ptg000925l_1	437075	1854483	4.24	0	35
ptg000925l_1_region	437075	1854483	4.24	0	35
ptg000927l_1	112937	430631	3.81	0	15
ptg000927l_1_region	112937	430631	3.81	0	15
ptg000928l_1	280277	1073458	3.83	0	26
ptg000928l_1_region	280277	1073458	3.83	0	26
ptg000929l_1	324958	1695537	5.22	0	16
ptg000929l_1_region	324958	1695537	5.22	0	16
ptg000930l_1	3227723	17117702	5.30	0	32
ptg000930l_1_region	3227723	17117702	5.30	0	32
ptg000931l_1	689210	2675530	3.88	0	19
ptg000931l_1_region	689210	2675530	3.88	0	19
ptg000932l_1	386469	1588062	4.11	0	14
ptg000932l_1_region	386469	1588062	4.11	0	14
ptg000934l_1	638889	3190963	4.99	0	24
ptg000934l_1_region	638889	3190963	4.99	0	24
ptg000935l_1	834502	4171035	5.00	0	15
ptg000935l_1_region	834502	4171035	5.00	0	15
ptg000936l_1	673886	3687694	5.47	0	19
ptg000936l_1_region	673886	3687694	5.47	0	19
ptg000937l_1	1828049	9728130	5.32	0	38
ptg000937l_1_region	1828049	9728130	5.32	0	38
ptg000939l_1	84595	780559	9.23	0	28
ptg000939l_1_region	84595	780559	9.23	0	28
ptg000942l_1	1832541	9393604	5.13	0	24
ptg000942l_1_region	1832541	9393604	5.13	0	24
ptg000944l_1	1662287	6480556	3.90	0	24
ptg000944l_1_region	1662287	6480556	3.90	0	24
ptg000945l_1	3018630	18616758	6.17	0	31
ptg000945l_1_region	3018630	18616758	6.17	0	31
ptg000947l_1	962699	5166991	5.37	0	16
ptg000947l_1_region	962699	5166991	5.37	0	16
ptg000949l_1	1560150	7010951	4.49	0	19
ptg000949l_1_region	1560150	7010951	4.49	0	19
ptg000950l_1	1833770	9686113	5.28	0	23
ptg000950l_1_region	1833770	9686113	5.28	0	23
ptg000951l_1	3311493	17026196	5.14	0	30
ptg000951l_1_region	3311493	17026196	5.14	0	30
ptg000953l_1	955305	4910009	5.14	0	18
ptg000953l_1_region	955305	4910009	5.14	0	18
ptg000955l_1	1178805	5107319	4.33	0	22
ptg000955l_1_region	1178805	5107319	4.33	0	22
ptg000956l_1	3495441	17892944	5.12	0	20
ptg000956l_1_region	3495441	17892944	5.12	0	20
ptg000958l_1	1344893	6116066	4.55	0	17
ptg000958l_1_region	1344893	6116066	4.55	0	17
ptg000959l_1	647237	3211007	4.96	0	17
ptg000959l_1_region	647237	3211007	4.96	0	17
ptg000960l_1	391687	2045315	5.22	0	21
ptg000960l_1_region	391687	2045315	5.22	0	21
ptg000961l_1	170420	695291	4.08	0	15
ptg000961l_1_region	170420	695291	4.08	0	15
ptg000963l_1	520996	1709556	3.28	0	16
ptg000963l_1_region	520996	1709556	3.28	0	16
ptg000965l_1	1684793	9582614	5.69	0	22
ptg000965l_1_region	1684793	9582614	5.69	0	22
ptg000966l_1	366027	2010818	5.49	0	25
ptg000966l_1_region	366027	2010818	5.49	0	25
ptg000967l_1	2561583	12195542	4.76	0	35
ptg000967l_1_region	2561583	12195542	4.76	0	35
ptg000969l_1	71324	253460	3.55	0	8
ptg000969l_1_region	71324	253460	3.55	0	8
ptg000970l_1	2021433	11343264	5.61	0	56
ptg000970l_1_region	2021433	11343264	5.61	0	56
ptg000971l_1	193540	811537	4.19	0	14
ptg000971l_1_region	193540	811537	4.19	0	14
ptg000973l_1	1785417	10617968	5.95	0	27
ptg000973l_1_region	1785417	10617968	5.95	0	27
ptg000974l_1	944123	4821754	5.11	0	16
ptg000974l_1_region	944123	4821754	5.11	0	16
ptg000976l_1	941608	4399431	4.67	0	17
ptg000976l_1_region	941608	4399431	4.67	0	17
ptg000977l_1	664677	3462917	5.21	0	22
ptg000977l_1_region	664677	3462917	5.21	0	22
ptg000978l_1	873318	4156787	4.76	0	19
ptg000978l_1_region	873318	4156787	4.76	0	19
ptg000979l_1	929030	4586077	4.94	0	21
ptg000979l_1_region	929030	4586077	4.94	0	21
ptg000980l_1	1000082	5000053	5.00	0	28
ptg000980l_1_region	1000082	5000053	5.00	0	28
ptg000981l_1	222894	966464	4.34	0	14
ptg000981l_1_region	222894	966464	4.34	0	14
ptg000982l_1	588681	2908153	4.94	0	18
ptg000982l_1_region	588681	2908153	4.94	0	18
ptg000984l_1	603669	4716400	7.81	0	110
ptg000984l_1_region	603669	4716400	7.81	0	110
ptg000985l_1	1281092	3543713	2.77	0	62
ptg000985l_1_region	1281092	3543713	2.77	0	62
ptg000986l_1	513951	1691335	3.29	0	20
ptg000986l_1_region	513951	1691335	3.29	0	20
ptg000988l_1	1481475	7972742	5.38	0	20
ptg000988l_1_region	1481475	7972742	5.38	0	20
ptg000989l_1	493739	2258539	4.57	0	64
ptg000989l_1_region	493739	2258539	4.57	0	64
ptg000990l_1	474364	2122186	4.47	0	17
ptg000990l_1_region	474364	2122186	4.47	0	17
ptg000991l_1	238639	1186540	4.97	0	13
ptg000991l_1_region	238639	1186540	4.97	0	13
ptg000992l_1	99726	492784	4.94	0	12
ptg000992l_1_region	99726	492784	4.94	0	12
ptg000993l_1	303279	1975460	6.51	0	84
ptg000993l_1_region	303279	1975460	6.51	0	84
ptg000994l_1	994543	4521926	4.55	0	16
ptg000994l_1_region	994543	4521926	4.55	0	16
ptg000995l_1	909988	4280185	4.70	0	31
ptg000995l_1_region	909988	4280185	4.70	0	31
ptg000996l_1	2769437	14840823	5.36	0	20
ptg000996l_1_region	2769437	14840823	5.36	0	20
ptg000997l_1	572045	2542695	4.44	0	17
ptg000997l_1_region	572045	2542695	4.44	0	17
ptg000998l_1	1063209	5823428	5.48	0	14
ptg000998l_1_region	1063209	5823428	5.48	0	14
ptg000999l_1	1619925	6777327	4.18	0	27
ptg000999l_1_region	1619925	6777327	4.18	0	27
ptg001001l_1	561481	2829323	5.04	0	18
ptg001001l_1_region	561481	2829323	5.04	0	18
ptg001002l_1	300224	1414068	4.71	0	13
ptg001002l_1_region	300224	1414068	4.71	0	13
ptg001004l_1	237963	1778669	7.47	0	26
ptg001004l_1_region	237963	1778669	7.47	0	26
ptg001005l_1	231273	1217500	5.26	0	17
ptg001005l_1_region	231273	1217500	5.26	0	17
ptg001010l_1	520005	2952824	5.68	0	22
ptg001010l_1_region	520005	2952824	5.68	0	22
ptg001011l_1	1245596	6378826	5.12	0	21
ptg001011l_1_region	1245596	6378826	5.12	0	21
ptg001013l_1	809277	4493346	5.55	0	18
ptg001013l_1_region	809277	4493346	5.55	0	18
ptg001014l_1	507013	1081549	2.13	0	12
ptg001014l_1_region	507013	1081549	2.13	0	12
ptg001016l_1	1128953	2945689	2.61	0	15
ptg001016l_1_region	1128953	2945689	2.61	0	15
ptg001017l_1	977231	5517078	5.65	0	20
ptg001017l_1_region	977231	5517078	5.65	0	20
ptg001019l_1	763771	4164217	5.45	0	24
ptg001019l_1_region	763771	4164217	5.45	0	24
ptg001020l_1	422113	816999	1.94	0	21
ptg001020l_1_region	422113	816999	1.94	0	21
ptg001021l_1	2123338	10178875	4.79	0	40
ptg001021l_1_region	2123338	10178875	4.79	0	40
ptg001022l_1	252552	783656	3.10	0	10
ptg001022l_1_region	252552	783656	3.10	0	10
ptg001023l_1	36917	173181	4.69	0	10
ptg001023l_1_region	36917	173181	4.69	0	10
ptg001024l_1	380787	1975298	5.19	0	15
ptg001024l_1_region	380787	1975298	5.19	0	15
ptg001025l_1	2504446	11618348	4.64	0	21
ptg001025l_1_region	2504446	11618348	4.64	0	21
ptg001027l_1	548506	2837956	5.17	0	18
ptg001027l_1_region	548506	2837956	5.17	0	18
ptg001028l_1	427191	1556951	3.64	0	18
ptg001028l_1_region	427191	1556951	3.64	0	18
ptg001032l_1	1318736	5581762	4.23	0	30
ptg001032l_1_region	1318736	5581762	4.23	0	30
ptg001033l_1	2422088	11565899	4.78	0	15
ptg001033l_1_region	2422088	11565899	4.78	0	15
ptg001034l_1	277000	1507483	5.44	0	14
ptg001034l_1_region	277000	1507483	5.44	0	14
ptg001040l_1	322570	1463199	4.54	0	15
ptg001040l_1_region	322570	1463199	4.54	0	15
ptg001041l_1	534339	2021106	3.78	0	14
ptg001041l_1_region	534339	2021106	3.78	0	14
ptg001042l_1	402533	1863933	4.63	0	18
ptg001042l_1_region	402533	1863933	4.63	0	18
ptg001043l_1	727188	3182844	4.38	0	17
ptg001043l_1_region	727188	3182844	4.38	0	17
ptg001045l_1	1417499	7496093	5.29	0	17
ptg001045l_1_region	1417499	7496093	5.29	0	17
ptg001046l_1	782851	4269733	5.45	0	19
ptg001046l_1_region	782851	4269733	5.45	0	19
ptg001048l_1	732692	2063911	2.82	0	12
ptg001048l_1_region	732692	2063911	2.82	0	12
ptg001050l_1	168201	882320	5.25	0	15
ptg001050l_1_region	168201	882320	5.25	0	15
ptg001051l_1	837601	4144294	4.95	0	49
ptg001051l_1_region	837601	4144294	4.95	0	49
ptg001054l_1	866908	3855101	4.45	0	16
ptg001054l_1_region	866908	3855101	4.45	0	16
ptg001056l_1	717989	3455693	4.81	0	16
ptg001056l_1_region	717989	3455693	4.81	0	16
ptg001057l_1	685386	3142151	4.58	0	14
ptg001057l_1_region	685386	3142151	4.58	0	14
ptg001058l_1	64626	163644	2.53	0	9
ptg001058l_1_region	64626	163644	2.53	0	9
ptg001060l_1	1808332	8826741	4.88	0	23
ptg001060l_1_region	1808332	8826741	4.88	0	23
ptg001062l_1	959576	3807173	3.97	0	41
ptg001062l_1_region	959576	3807173	3.97	0	41
ptg001065l_1	273270	1017998	3.73	0	12
ptg001065l_1_region	273270	1017998	3.73	0	12
ptg001066l_1	829293	3830185	4.62	0	18
ptg001066l_1_region	829293	3830185	4.62	0	18
ptg001068l_1	1380614	7304762	5.29	0	31
ptg001068l_1_region	1380614	7304762	5.29	0	31
ptg001070l_1	3820129	21258481	5.56	0	28
ptg001070l_1_region	3820129	21258481	5.56	0	28
ptg001071l_1	610137	1427595	2.34	0	13
ptg001071l_1_region	610137	1427595	2.34	0	13
ptg001072l_1	1502756	10168633	6.77	0	92
ptg001072l_1_region	1502756	10168633	6.77	0	92
ptg001073l_1	995760	5746990	5.77	0	19
ptg001073l_1_region	995760	5746990	5.77	0	19
ptg001074l_1	1048068	5063187	4.83	0	18
ptg001074l_1_region	1048068	5063187	4.83	0	18
ptg001075l_1	1554044	7679720	4.94	0	20
ptg001075l_1_region	1554044	7679720	4.94	0	20
ptg001076l_1	191156	840088	4.39	0	13
ptg001076l_1_region	191156	840088	4.39	0	13
ptg001077l_1	624834	2381871	3.81	0	18
ptg001077l_1_region	624834	2381871	3.81	0	18
ptg001078l_1	907147	4410629	4.86	0	18
ptg001078l_1_region	907147	4410629	4.86	0	18
ptg001079l_1	481637	2630203	5.46	0	35
ptg001079l_1_region	481637	2630203	5.46	0	35
ptg001081l_1	245899	1210299	4.92	0	30
ptg001081l_1_region	245899	1210299	4.92	0	30
ptg001082l_1	240684	950941	3.95	0	11
ptg001082l_1_region	240684	950941	3.95	0	11
ptg001084l_1	179750	896839	4.99	0	17
ptg001084l_1_region	179750	896839	4.99	0	17
ptg001086l_1	594291	2861817	4.82	0	17
ptg001086l_1_region	594291	2861817	4.82	0	17
ptg001087l_1	1538239	7912874	5.14	0	18
ptg001087l_1_region	1538239	7912874	5.14	0	18
ptg001088l_1	55010	229385	4.17	0	10
ptg001088l_1_region	55010	229385	4.17	0	10
ptg001091l_1	109890	313596	2.85	0	9
ptg001091l_1_region	109890	313596	2.85	0	9
ptg001094l_1	552831	2778231	5.03	0	14
ptg001094l_1_region	552831	2778231	5.03	0	14
ptg001095l_1	662227	3457764	5.22	0	18
ptg001095l_1_region	662227	3457764	5.22	0	18
ptg001096l_1	948383	5872040	6.19	0	162
ptg001096l_1_region	948383	5872040	6.19	0	162
ptg001097l_1	186196	1219420	6.55	0	40
ptg001097l_1_region	186196	1219420	6.55	0	40
ptg001098l_1	899683	4133694	4.59	0	15
ptg001098l_1_region	899683	4133694	4.59	0	15
ptg001099l_1	1719131	8768586	5.10	0	34
ptg001099l_1_region	1719131	8768586	5.10	0	34
ptg001101l_1	835654	2933205	3.51	0	15
ptg001101l_1_region	835654	2933205	3.51	0	15
ptg001103l_1	226773	1193293	5.26	0	31
ptg001103l_1_region	226773	1193293	5.26	0	31
ptg001104l_1	171675	695787	4.05	0	36
ptg001104l_1_region	171675	695787	4.05	0	36
ptg001106l_1	1892412	9886160	5.22	0	29
ptg001106l_1_region	1892412	9886160	5.22	0	29
ptg001107l_1	535505	2915680	5.44	0	31
ptg001107l_1_region	535505	2915680	5.44	0	31
ptg001108l_1	431338	2255572	5.23	0	24
ptg001108l_1_region	431338	2255572	5.23	0	24
ptg001110l_1	169611	956958	5.64	0	29
ptg001110l_1_region	169611	956958	5.64	0	29
ptg001111l_1	251818	1247985	4.96	0	16
ptg001111l_1_region	251818	1247985	4.96	0	16
ptg001112l_1	895714	4684470	5.23	0	15
ptg001112l_1_region	895714	4684470	5.23	0	15
ptg001113l_1	435037	1342088	3.08	0	15
ptg001113l_1_region	435037	1342088	3.08	0	15
ptg001114l_1	881083	3898117	4.42	0	25
ptg001114l_1_region	881083	3898117	4.42	0	25
ptg001115l_1	323124	2079536	6.44	0	24
ptg001115l_1_region	323124	2079536	6.44	0	24
ptg001120l_1	492668	2090995	4.24	0	15
ptg001120l_1_region	492668	2090995	4.24	0	15
ptg001121l_1	371469	1311911	3.53	0	16
ptg001121l_1_region	371469	1311911	3.53	0	16
ptg001122l_1	877911	4532288	5.16	0	95
ptg001122l_1_region	877911	4532288	5.16	0	95
ptg001123l_1	334839	1599381	4.78	0	17
ptg001123l_1_region	334839	1599381	4.78	0	17
ptg001124l_1	346769	1204880	3.47	0	14
ptg001124l_1_region	346769	1204880	3.47	0	14
ptg001125l_1	481611	1865298	3.87	0	19
ptg001125l_1_region	481611	1865298	3.87	0	19
ptg001127l_1	2475020	11573929	4.68	0	50
ptg001127l_1_region	2475020	11573929	4.68	0	50
ptg001128l_1	96562	356872	3.70	0	12
ptg001128l_1_region	96562	356872	3.70	0	12
ptg001130l_1	1058287	5150753	4.87	0	32
ptg001130l_1_region	1058287	5150753	4.87	0	32
ptg001131l_1	727807	3366280	4.63	0	36
ptg001131l_1_region	727807	3366280	4.63	0	36
ptg001132l_1	486336	1978213	4.07	0	20
ptg001132l_1_region	486336	1978213	4.07	0	20
ptg001133l_1	73774	338503	4.59	0	10
ptg001133l_1_region	73774	338503	4.59	0	10
ptg001135l_1	350900	1964696	5.60	0	13
ptg001135l_1_region	350900	1964696	5.60	0	13
ptg001136l_1	1206445	5788344	4.80	0	23
ptg001136l_1_region	1206445	5788344	4.80	0	23
ptg001137l_1	570961	2194902	3.84	0	17
ptg001137l_1_region	570961	2194902	3.84	0	17
ptg001139l_1	819888	4631641	5.65	0	23
ptg001139l_1_region	819888	4631641	5.65	0	23
ptg001140l_1	2584891	12127705	4.69	0	21
ptg001140l_1_region	2584891	12127705	4.69	0	21
ptg001141l_1	310528	1203820	3.88	0	14
ptg001141l_1_region	310528	1203820	3.88	0	14
ptg001142l_1	552152	1524723	2.76	0	13
ptg001142l_1_region	552152	1524723	2.76	0	13
ptg001143l_1	2514065	13534337	5.38	0	23
ptg001143l_1_region	2514065	13534337	5.38	0	23
ptg001144l_1	679416	2876479	4.23	0	19
ptg001144l_1_region	679416	2876479	4.23	0	19
ptg001145l_1	1565900	8008830	5.11	0	36
ptg001145l_1_region	1565900	8008830	5.11	0	36
ptg001146l_1	1164635	6492776	5.57	0	27
ptg001146l_1_region	1164635	6492776	5.57	0	27
ptg001147l_1	169053	1119271	6.62	0	35
ptg001147l_1_region	169053	1119271	6.62	0	35
ptg001148l_1	448901	2017273	4.49	0	16
ptg001148l_1_region	448901	2017273	4.49	0	16
ptg001149l_1	427394	1538774	3.60	0	13
ptg001149l_1_region	427394	1538774	3.60	0	13
ptg001150l_1	297677	1282758	4.31	0	56
ptg001150l_1_region	297677	1282758	4.31	0	56
ptg001151l_1	500217	2140841	4.28	0	22
ptg001151l_1_region	500217	2140841	4.28	0	22
ptg001152l_1	1641536	9142195	5.57	0	26
ptg001152l_1_region	1641536	9142195	5.57	0	26
ptg001153l_1	952259	4543491	4.77	0	22
ptg001153l_1_region	952259	4543491	4.77	0	22
ptg001154l_1	208560	876863	4.20	0	20
ptg001154l_1_region	208560	876863	4.20	0	20
ptg001155l_1	1482101	7138604	4.82	0	19
ptg001155l_1_region	1482101	7138604	4.82	0	19
ptg001157l_1	617823	3570519	5.78	0	18
ptg001157l_1_region	617823	3570519	5.78	0	18
ptg001159l_1	3212607	14894224	4.64	0	26
ptg001159l_1_region	3212607	14894224	4.64	0	26
ptg001160l_1	350891	458785	1.31	0	14
ptg001160l_1_region	350891	458785	1.31	0	14
ptg001163l_1	399258	1788023	4.48	0	35
ptg001163l_1_region	399258	1788023	4.48	0	35
ptg001164l_1	696068	3238573	4.65	0	16
ptg001164l_1_region	696068	3238573	4.65	0	16
ptg001165l_1	788750	3960977	5.02	0	18
ptg001165l_1_region	788750	3960977	5.02	0	18
ptg001166l_1	383184	1519653	3.97	0	16
ptg001166l_1_region	383184	1519653	3.97	0	16
ptg001167l_1	48427	198731	4.10	0	15
ptg001167l_1_region	48427	198731	4.10	0	15
ptg001168l_1	3845446	20943632	5.45	0	19
ptg001168l_1_region	3845446	20943632	5.45	0	19
ptg001169l_1	1519688	7129722	4.69	0	16
ptg001169l_1_region	1519688	7129722	4.69	0	16
ptg001170l_1	91159	502544	5.51	0	17
ptg001170l_1_region	91159	502544	5.51	0	17
ptg001172l_1	3489547	17454758	5.00	0	37
ptg001172l_1_region	3489547	17454758	5.00	0	37
ptg001173l_1	242880	735250	3.03	0	17
ptg001173l_1_region	242880	735250	3.03	0	17
ptg001174l_1	902885	3756835	4.16	0	64
ptg001174l_1_region	902885	3756835	4.16	0	64
ptg001175l_1	600337	2992249	4.98	0	17
ptg001175l_1_region	600337	2992249	4.98	0	17
ptg001176l_1	1156841	5936683	5.13	0	18
ptg001176l_1_region	1156841	5936683	5.13	0	18
ptg001177l_1	2257229	11454022	5.07	0	23
ptg001177l_1_region	2257229	11454022	5.07	0	23
ptg001179l_1	281086	932076	3.32	0	27
ptg001179l_1_region	281086	932076	3.32	0	27
ptg001180l_1	360012	1679233	4.66	0	24
ptg001180l_1_region	360012	1679233	4.66	0	24
ptg001181l_1	39845	108650	2.73	0	17
ptg001181l_1_region	39845	108650	2.73	0	17
ptg001182l_1	461684	2444881	5.30	0	28
ptg001182l_1_region	461684	2444881	5.30	0	28
ptg001183l_1	739380	3532082	4.78	0	16
ptg001183l_1_region	739380	3532082	4.78	0	16
ptg001186l_1	253518	422327	1.67	0	21
ptg001186l_1_region	253518	422327	1.67	0	21
ptg001187l_1	189771	789475	4.16	0	34
ptg001187l_1_region	189771	789475	4.16	0	34
ptg001188l_1	782236	3806622	4.87	0	22
ptg001188l_1_region	782236	3806622	4.87	0	22
ptg001190l_1	984368	4794917	4.87	0	18
ptg001190l_1_region	984368	4794917	4.87	0	18
ptg001191l_1	1678947	5122787	3.05	0	20
ptg001191l_1_region	1678947	5122787	3.05	0	20
ptg001192l_1	286949	1195507	4.17	0	17
ptg001192l_1_region	286949	1195507	4.17	0	17
ptg001193l_1	678490	2074391	3.06	0	15
ptg001193l_1_region	678490	2074391	3.06	0	15
ptg001194l_1	720754	3213085	4.46	0	21
ptg001194l_1_region	720754	3213085	4.46	0	21
ptg001195l_1	2029672	9410081	4.64	0	55
ptg001195l_1_region	2029672	9410081	4.64	0	55
ptg001196l_1	360158	1524396	4.23	0	16
ptg001196l_1_region	360158	1524396	4.23	0	16
ptg001197l_1	653406	3645609	5.58	0	22
ptg001197l_1_region	653406	3645609	5.58	0	22
ptg001198l_1	273592	697207	2.55	0	13
ptg001198l_1_region	273592	697207	2.55	0	13
ptg001199l_1	171367	643541	3.76	0	18
ptg001199l_1_region	171367	643541	3.76	0	18
ptg001201l_1	155932	507704	3.26	0	8
ptg001201l_1_region	155932	507704	3.26	0	8
ptg001204l_1	701553	2814501	4.01	0	17
ptg001204l_1_region	701553	2814501	4.01	0	17
ptg001205l_1	317000	1172750	3.70	0	18
ptg001205l_1_region	317000	1172750	3.70	0	18
ptg001206l_1	1179872	6206763	5.26	0	19
ptg001206l_1_region	1179872	6206763	5.26	0	19
ptg001207l_1	329903	1446207	4.38	0	14
ptg001207l_1_region	329903	1446207	4.38	0	14
ptg001210l_1	343574	3570226	10.39	0	44
ptg001210l_1_region	343574	3570226	10.39	0	44
ptg001212l_1	150081	656308	4.37	0	11
ptg001212l_1_region	150081	656308	4.37	0	11
ptg001214l_1	420699	2093581	4.98	0	17
ptg001214l_1_region	420699	2093581	4.98	0	17
ptg001215l_1	630580	2992424	4.75	0	23
ptg001215l_1_region	630580	2992424	4.75	0	23
ptg001216l_1	264246	1143526	4.33	0	14
ptg001216l_1_region	264246	1143526	4.33	0	14
ptg001217l_1	288048	923867	3.21	0	10
ptg001217l_1_region	288048	923867	3.21	0	10
ptg001218l_1	1400496	7424232	5.30	0	20
ptg001218l_1_region	1400496	7424232	5.30	0	20
ptg001219l_1	963657	5104843	5.30	0	17
ptg001219l_1_region	963657	5104843	5.30	0	17
ptg001221l_1	467184	3102034	6.64	0	46
ptg001221l_1_region	467184	3102034	6.64	0	46
ptg001222l_1	158110	506360	3.20	0	14
ptg001222l_1_region	158110	506360	3.20	0	14
ptg001223l_1	198987	858303	4.31	0	14
ptg001223l_1_region	198987	858303	4.31	0	14
ptg001226l_1	967684	4582970	4.74	0	18
ptg001226l_1_region	967684	4582970	4.74	0	18
ptg001227l_1	313532	777343	2.48	0	8
ptg001227l_1_region	313532	777343	2.48	0	8
ptg001228l_1	1366534	6341273	4.64	0	18
ptg001228l_1_region	1366534	6341273	4.64	0	18
ptg001229l_1	729300	3031110	4.16	0	15
ptg001229l_1_region	729300	3031110	4.16	0	15
ptg001230l_1	922792	3928565	4.26	0	15
ptg001230l_1_region	922792	3928565	4.26	0	15
ptg001231l_1	1446152	6071987	4.20	0	31
ptg001231l_1_region	1446152	6071987	4.20	0	31
ptg001232l_1	1342366	6542214	4.87	0	22
ptg001232l_1_region	1342366	6542214	4.87	0	22
ptg001233l_1	222792	1139641	5.12	0	24
ptg001233l_1_region	222792	1139641	5.12	0	24
ptg001234l_1	358866	2638711	7.35	0	133
ptg001234l_1_region	358866	2638711	7.35	0	133
ptg001236l_1	1619101	7949760	4.91	0	18
ptg001236l_1_region	1619101	7949760	4.91	0	18
ptg001237l_1	540299	3689830	6.83	0	24
ptg001237l_1_region	540299	3689830	6.83	0	24
ptg001238l_1	820537	2444305	2.98	0	58
ptg001238l_1_region	820537	2444305	2.98	0	58
ptg001241l_1	241423	960494	3.98	0	15
ptg001241l_1_region	241423	960494	3.98	0	15
ptg001242l_1	1455621	6715892	4.61	0	20
ptg001242l_1_region	1455621	6715892	4.61	0	20
ptg001243l_1	249698	462051	1.85	0	9
ptg001243l_1_region	249698	462051	1.85	0	9
ptg001244l_1	186068	685256	3.68	0	15
ptg001244l_1_region	186068	685256	3.68	0	15
ptg001245l_1	737059	3346776	4.54	0	14
ptg001245l_1_region	737059	3346776	4.54	0	14
ptg001246l_1	1470651	6744035	4.59	0	47
ptg001246l_1_region	1470651	6744035	4.59	0	47
ptg001248l_1	87461	356408	4.08	0	12
ptg001248l_1_region	87461	356408	4.08	0	12
ptg001249l_1	391567	1929944	4.93	0	23
ptg001249l_1_region	391567	1929944	4.93	0	23
ptg001250l_1	911834	4111456	4.51	0	25
ptg001250l_1_region	911834	4111456	4.51	0	25
ptg001251l_1	329054	1128264	3.43	0	11
ptg001251l_1_region	329054	1128264	3.43	0	11
ptg001252l_1	500022	2760702	5.52	0	15
ptg001252l_1_region	500022	2760702	5.52	0	15
ptg001254l_1	546791	1968160	3.60	0	22
ptg001254l_1_region	546791	1968160	3.60	0	22
ptg001255l_1	646484	2851535	4.41	0	21
ptg001255l_1_region	646484	2851535	4.41	0	21
ptg001256l_1	79024	276553	3.50	0	10
ptg001256l_1_region	79024	276553	3.50	0	10
ptg001257l_1	782368	4039988	5.16	0	19
ptg001257l_1_region	782368	4039988	5.16	0	19
ptg001259l_1	38132	32832	0.86	0	8
ptg001259l_1_region	38132	32832	0.86	0	8
ptg001260l_1	431172	2130984	4.94	0	15
ptg001260l_1_region	431172	2130984	4.94	0	15
ptg001261l_1	131497	730324	5.55	0	16
ptg001261l_1_region	131497	730324	5.55	0	16
ptg001265l_1	1687154	7342755	4.35	0	18
ptg001265l_1_region	1687154	7342755	4.35	0	18
ptg001266l_1	197487	645344	3.27	0	36
ptg001266l_1_region	197487	645344	3.27	0	36
ptg001267l_1	827409	3711418	4.49	0	26
ptg001267l_1_region	827409	3711418	4.49	0	26
ptg001268l_1	1258871	6746750	5.36	0	18
ptg001268l_1_region	1258871	6746750	5.36	0	18
ptg001269l_1	317075	1163216	3.67	0	13
ptg001269l_1_region	317075	1163216	3.67	0	13
ptg001270l_1	2348583	13274638	5.65	0	32
ptg001270l_1_region	2348583	13274638	5.65	0	32
ptg001271l_1	632687	2585243	4.09	0	13
ptg001271l_1_region	632687	2585243	4.09	0	13
ptg001272l_1	732834	3536861	4.83	0	46
ptg001272l_1_region	732834	3536861	4.83	0	46
ptg001273l_1	466055	1740313	3.73	0	14
ptg001273l_1_region	466055	1740313	3.73	0	14
ptg001274l_1	154390	337955	2.19	0	11
ptg001274l_1_region	154390	337955	2.19	0	11
ptg001275l_1	170879	563353	3.30	0	21
ptg001275l_1_region	170879	563353	3.30	0	21
ptg001277l_1	1217146	6379478	5.24	0	19
ptg001277l_1_region	1217146	6379478	5.24	0	19
ptg001278l_1	99350	309474	3.11	0	11
ptg001278l_1_region	99350	309474	3.11	0	11
ptg001280l_1	1379769	7969146	5.78	0	31
ptg001280l_1_region	1379769	7969146	5.78	0	31
ptg001281l_1	675468	2401486	3.56	0	15
ptg001281l_1_region	675468	2401486	3.56	0	15
ptg001282l_1	192470	937728	4.87	0	19
ptg001282l_1_region	192470	937728	4.87	0	19
ptg001283l_1	641044	3038041	4.74	0	66
ptg001283l_1_region	641044	3038041	4.74	0	66
ptg001284l_1	434012	1661862	3.83	0	13
ptg001284l_1_region	434012	1661862	3.83	0	13
ptg001285l_1	1004254	4797495	4.78	0	28
ptg001285l_1_region	1004254	4797495	4.78	0	28
ptg001286l_1	2907770	15405412	5.30	0	36
ptg001286l_1_region	2907770	15405412	5.30	0	36
ptg001287l_1	342323	2270024	6.63	0	32
ptg001287l_1_region	342323	2270024	6.63	0	32
ptg001288l_1	651774	3348148	5.14	0	14
ptg001288l_1_region	651774	3348148	5.14	0	14
ptg001289l_1	512027	2221376	4.34	0	16
ptg001289l_1_region	512027	2221376	4.34	0	16
ptg001291l_1	527840	2648202	5.02	0	14
ptg001291l_1_region	527840	2648202	5.02	0	14
ptg001292l_1	588053	3220057	5.48	0	15
ptg001292l_1_region	588053	3220057	5.48	0	15
ptg001293l_1	3392318	17941451	5.29	0	34
ptg001293l_1_region	3392318	17941451	5.29	0	34
ptg001298l_1	664390	4118933	6.20	0	27
ptg001298l_1_region	664390	4118933	6.20	0	27
ptg001302l_1	1445834	7439324	5.15	0	16
ptg001302l_1_region	1445834	7439324	5.15	0	16
ptg001303l_1	244608	1245775	5.09	0	17
ptg001303l_1_region	244608	1245775	5.09	0	17
ptg001305l_1	630819	2878594	4.56	0	26
ptg001305l_1_region	630819	2878594	4.56	0	26
ptg001307l_1	214884	835295	3.89	0	32
ptg001307l_1_region	214884	835295	3.89	0	32
ptg001308l_1	1115363	5692171	5.10	0	22
ptg001308l_1_region	1115363	5692171	5.10	0	22
ptg001310l_1	759176	2950697	3.89	0	29
ptg001310l_1_region	759176	2950697	3.89	0	29
ptg001311l_1	480735	2074652	4.32	0	16
ptg001311l_1_region	480735	2074652	4.32	0	16
ptg001312l_1	1018874	4662617	4.58	0	18
ptg001312l_1_region	1018874	4662617	4.58	0	18
ptg001313l_1	582328	2200087	3.78	0	15
ptg001313l_1_region	582328	2200087	3.78	0	15
ptg001315l_1	957669	4454056	4.65	0	27
ptg001315l_1_region	957669	4454056	4.65	0	27
ptg001317l_1	416269	1896859	4.56	0	16
ptg001317l_1_region	416269	1896859	4.56	0	16
ptg001320l_1	376221	1887288	5.02	0	12
ptg001320l_1_region	376221	1887288	5.02	0	12
ptg001321l_1	922695	4618200	5.01	0	15
ptg001321l_1_region	922695	4618200	5.01	0	15
ptg001323l_1	558603	3398450	6.08	0	35
ptg001323l_1_region	558603	3398450	6.08	0	35
ptg001324l_1	804769	5484924	6.82	0	49
ptg001324l_1_region	804769	5484924	6.82	0	49
ptg001325l_1	586416	2930694	5.00	0	19
ptg001325l_1_region	586416	2930694	5.00	0	19
ptg001327l_1	798392	2560841	3.21	0	18
ptg001327l_1_region	798392	2560841	3.21	0	18
ptg001331l_1	1347739	11521824	8.55	0	61
ptg001331l_1_region	1347739	11521824	8.55	0	61
ptg001334l_1	237104	1132183	4.78	0	13
ptg001334l_1_region	237104	1132183	4.78	0	13
ptg001336l_1	486749	2341344	4.81	0	21
ptg001336l_1_region	486749	2341344	4.81	0	21
ptg001337l_1	1247903	5771032	4.62	0	20
ptg001337l_1_region	1247903	5771032	4.62	0	20
ptg001338l_1	1507868	6789352	4.50	0	23
ptg001338l_1_region	1507868	6789352	4.50	0	23
ptg001339l_1	297381	1076939	3.62	0	25
ptg001339l_1_region	297381	1076939	3.62	0	25
ptg001340l_1	1160903	5074038	4.37	0	18
ptg001340l_1_region	1160903	5074038	4.37	0	18
ptg001341l_1	162590	796631	4.90	0	14
ptg001341l_1_region	162590	796631	4.90	0	14
ptg001342l_1	478032	1807649	3.78	0	17
ptg001342l_1_region	478032	1807649	3.78	0	17
ptg001343l_1	1956331	9414289	4.81	0	23
ptg001343l_1_region	1956331	9414289	4.81	0	23
ptg001345l_1	481458	2847983	5.92	0	33
ptg001345l_1_region	481458	2847983	5.92	0	33
ptg001346l_1	341711	1557311	4.56	0	16
ptg001346l_1_region	341711	1557311	4.56	0	16
ptg001347l_1	1222919	5755579	4.71	0	31
ptg001347l_1_region	1222919	5755579	4.71	0	31
ptg001350l_1	999220	5326275	5.33	0	19
ptg001350l_1_region	999220	5326275	5.33	0	19
ptg001352l_1	2789431	3129449	1.12	0	37
ptg001352l_1_region	2789431	3129449	1.12	0	37
ptg001353l_1	1043613	6462425	6.19	0	103
ptg001353l_1_region	1043613	6462425	6.19	0	103
ptg001354l_1	544650	2874516	5.28	0	15
ptg001354l_1_region	544650	2874516	5.28	0	15
ptg001355l_1	1517483	7806792	5.14	0	49
ptg001355l_1_region	1517483	7806792	5.14	0	49
ptg001356l_1	1623828	7025478	4.33	0	21
ptg001356l_1_region	1623828	7025478	4.33	0	21
ptg001358l_1	434518	1731690	3.99	0	17
ptg001358l_1_region	434518	1731690	3.99	0	17
ptg001359l_1	1748538	9756811	5.58	0	20
ptg001359l_1_region	1748538	9756811	5.58	0	20
ptg001360l_1	151121	488685	3.23	0	41
ptg001360l_1_region	151121	488685	3.23	0	41
ptg001362l_1	493970	1570248	3.18	0	15
ptg001362l_1_region	493970	1570248	3.18	0	15
ptg001363l_1	531448	1613821	3.04	0	12
ptg001363l_1_region	531448	1613821	3.04	0	12
ptg001364l_1	2038070	10759675	5.28	0	23
ptg001364l_1_region	2038070	10759675	5.28	0	23
ptg001365l_1	505968	2218280	4.38	0	15
ptg001365l_1_region	505968	2218280	4.38	0	15
ptg001368l_1	1237472	6779646	5.48	0	27
ptg001368l_1_region	1237472	6779646	5.48	0	27
ptg001369l_1	560903	2814886	5.02	0	25
ptg001369l_1_region	560903	2814886	5.02	0	25
ptg001370l_1	319184	3070078	9.62	0	28
ptg001370l_1_region	319184	3070078	9.62	0	28
ptg001371l_1	408185	1264056	3.10	0	19
ptg001371l_1_region	408185	1264056	3.10	0	19
ptg001372l_1	1124662	4598124	4.09	0	16
ptg001372l_1_region	1124662	4598124	4.09	0	16
ptg001374l_1	1646679	7900084	4.80	0	28
ptg001374l_1_region	1646679	7900084	4.80	0	28
ptg001377l_1	568133	2473881	4.35	0	20
ptg001377l_1_region	568133	2473881	4.35	0	20
ptg001379l_1	46612	172841	3.71	0	10
ptg001379l_1_region	46612	172841	3.71	0	10
ptg001380l_1	1529331	7413455	4.85	0	16
ptg001380l_1_region	1529331	7413455	4.85	0	16
ptg001381l_1	638857	2970492	4.65	0	16
ptg001381l_1_region	638857	2970492	4.65	0	16
ptg001383l_1	1125404	6285400	5.59	0	20
ptg001383l_1_region	1125404	6285400	5.59	0	20
ptg001384l_1	754421	3564733	4.73	0	14
ptg001384l_1_region	754421	3564733	4.73	0	14
ptg001385l_1	322322	2184058	6.78	0	34
ptg001385l_1_region	322322	2184058	6.78	0	34
ptg001387l_1	53084	139779	2.63	0	9
ptg001387l_1_region	53084	139779	2.63	0	9
ptg001388l_1	2224047	11849357	5.33	0	18
ptg001388l_1_region	2224047	11849357	5.33	0	18
ptg001390l_1	1342748	7073614	5.27	0	18
ptg001390l_1_region	1342748	7073614	5.27	0	18
ptg001391l_1	260580	582153	2.23	0	8
ptg001391l_1_region	260580	582153	2.23	0	8
ptg001392l_1	352525	1492658	4.23	0	16
ptg001392l_1_region	352525	1492658	4.23	0	16
ptg001393l_1	1783319	9043946	5.07	0	22
ptg001393l_1_region	1783319	9043946	5.07	0	22
ptg001395l_1	636776	2123154	3.33	0	13
ptg001395l_1_region	636776	2123154	3.33	0	13
ptg001398l_1	606457	3032939	5.00	0	20
ptg001398l_1_region	606457	3032939	5.00	0	20
ptg001402l_1	182714	548836	3.00	0	12
ptg001402l_1_region	182714	548836	3.00	0	12
ptg001403l_1	221544	1321136	5.96	0	16
ptg001403l_1_region	221544	1321136	5.96	0	16
ptg001404c_1	106053	339289	3.20	0	10
ptg001404c_1_region	106053	339289	3.20	0	10
ptg001406l_1	68041	266651	3.92	0	13
ptg001406l_1_region	68041	266651	3.92	0	13
ptg001407l_1	1095834	4698889	4.29	0	23
ptg001407l_1_region	1095834	4698889	4.29	0	23
ptg001408l_1	965460	5079044	5.26	0	18
ptg001408l_1_region	965460	5079044	5.26	0	18
ptg001409l_1	1039416	7171610	6.90	0	69
ptg001409l_1_region	1039416	7171610	6.90	0	69
ptg001411l_1	489626	2163515	4.42	0	25
ptg001411l_1_region	489626	2163515	4.42	0	25
ptg001412l_1	2029285	11405968	5.62	0	18
ptg001412l_1_region	2029285	11405968	5.62	0	18
ptg001414l_1	449830	3702872	8.23	0	60
ptg001414l_1_region	449830	3702872	8.23	0	60
ptg001415l_1	798724	3506075	4.39	0	15
ptg001415l_1_region	798724	3506075	4.39	0	15
ptg001416l_1	290293	1096977	3.78	0	12
ptg001416l_1_region	290293	1096977	3.78	0	12
ptg001417l_1	141728	458735	3.24	0	10
ptg001417l_1_region	141728	458735	3.24	0	10
ptg001418l_1	176600	928651	5.26	0	17
ptg001418l_1_region	176600	928651	5.26	0	17
ptg001419l_1	692017	3346089	4.84	0	19
ptg001419l_1_region	692017	3346089	4.84	0	19
ptg001420l_1	413126	1550883	3.75	0	14
ptg001420l_1_region	413126	1550883	3.75	0	14
ptg001422l_1	914960	4306949	4.71	0	18
ptg001422l_1_region	914960	4306949	4.71	0	18
ptg001424l_1	512758	3899609	7.61	0	265
ptg001424l_1_region	512758	3899609	7.61	0	265
ptg001425l_1	1724726	8836686	5.12	0	25
ptg001425l_1_region	1724726	8836686	5.12	0	25
ptg001426l_1	436185	3362492	7.71	0	49
ptg001426l_1_region	436185	3362492	7.71	0	49
ptg001427l_1	1496250	8002297	5.35	0	17
ptg001427l_1_region	1496250	8002297	5.35	0	17
ptg001429l_1	4598107	25366529	5.52	0	34
ptg001429l_1_region	4598107	25366529	5.52	0	34
ptg001430l_1	327501	1946553	5.94	0	92
ptg001430l_1_region	327501	1946553	5.94	0	92
ptg001433l_1	1646667	8519668	5.17	0	16
ptg001433l_1_region	1646667	8519668	5.17	0	16
ptg001434l_1	856961	4281813	5.00	0	16
ptg001434l_1_region	856961	4281813	5.00	0	16
ptg001435l_1	234760	1101650	4.69	0	32
ptg001435l_1_region	234760	1101650	4.69	0	32
ptg001436l_1	367781	3750729	10.20	0	82
ptg001436l_1_region	367781	3750729	10.20	0	82
ptg001437l_1	748502	3330249	4.45	0	20
ptg001437l_1_region	748502	3330249	4.45	0	20
ptg001438l_1	1622442	4919429	3.03	0	42
ptg001438l_1_region	1622442	4919429	3.03	0	42
ptg001439l_1	1197937	6209044	5.18	0	18
ptg001439l_1_region	1197937	6209044	5.18	0	18
ptg001440l_1	1940176	10090044	5.20	0	17
ptg001440l_1_region	1940176	10090044	5.20	0	17
ptg001441l_1	60762	154830	2.55	0	10
ptg001441l_1_region	60762	154830	2.55	0	10
ptg001442l_1	1026435	5092842	4.96	0	260
ptg001442l_1_region	1026435	5092842	4.96	0	260
ptg001444l_1	442356	1585790	3.58	0	14
ptg001444l_1_region	442356	1585790	3.58	0	14
ptg001447l_1	2320605	12844733	5.54	0	184
ptg001447l_1_region	2320605	12844733	5.54	0	184
ptg001448l_1	985573	5786985	5.87	0	44
ptg001448l_1_region	985573	5786985	5.87	0	44
ptg001450l_1	701996	3729029	5.31	0	18
ptg001450l_1_region	701996	3729029	5.31	0	18
ptg001451l_1	648436	5237862	8.08	0	585
ptg001451l_1_region	648436	5237862	8.08	0	585
ptg001453l_1	1160721	5575722	4.80	0	18
ptg001453l_1_region	1160721	5575722	4.80	0	18
ptg001454l_1	368543	1344206	3.65	0	14
ptg001454l_1_region	368543	1344206	3.65	0	14
ptg001457l_1	107966	479330	4.44	0	13
ptg001457l_1_region	107966	479330	4.44	0	13
ptg001458l_1	60423	96100	1.59	0	9
ptg001458l_1_region	60423	96100	1.59	0	9
ptg001459l_1	3214661	16830197	5.24	0	24
ptg001459l_1_region	3214661	16830197	5.24	0	24
ptg001460l_1	1362680	5436029	3.99	0	16
ptg001460l_1_region	1362680	5436029	3.99	0	16
ptg001462l_1	558923	2672838	4.78	0	13
ptg001462l_1_region	558923	2672838	4.78	0	13
ptg001464l_1	882858	5107580	5.79	0	23
ptg001464l_1_region	882858	5107580	5.79	0	23
ptg001465l_1	22738	328	0.01	0	1
ptg001465l_1_region	22738	328	0.01	0	1
ptg001467l_1	796456	3985419	5.00	0	19
ptg001467l_1_region	796456	3985419	5.00	0	19
ptg001469l_1	527362	2763121	5.24	0	15
ptg001469l_1_region	527362	2763121	5.24	0	15
ptg001470l_1	759154	3423236	4.51	0	17
ptg001470l_1_region	759154	3423236	4.51	0	17
ptg001471l_1	643284	2250502	3.50	0	15
ptg001471l_1_region	643284	2250502	3.50	0	15
ptg001473l_1	135228	479840	3.55	0	9
ptg001473l_1_region	135228	479840	3.55	0	9
ptg001474l_1	213561	773567	3.62	0	11
ptg001474l_1_region	213561	773567	3.62	0	11
ptg001475l_1	236383	717030	3.03	0	11
ptg001475l_1_region	236383	717030	3.03	0	11
ptg001476l_1	966089	5561080	5.76	0	24
ptg001476l_1_region	966089	5561080	5.76	0	24
ptg001478l_1	858523	3983733	4.64	0	17
ptg001478l_1_region	858523	3983733	4.64	0	17
ptg001479l_1	116899	491468	4.20	0	28
ptg001479l_1_region	116899	491468	4.20	0	28
ptg001482l_1	1622160	8913094	5.49	0	46
ptg001482l_1_region	1622160	8913094	5.49	0	46
ptg001483l_1	30469	69818	2.29	0	5
ptg001483l_1_region	30469	69818	2.29	0	5
ptg001486l_1	752891	4213356	5.60	0	23
ptg001486l_1_region	752891	4213356	5.60	0	23
ptg001487l_1	211531	595633	2.82	0	30
ptg001487l_1_region	211531	595633	2.82	0	30
ptg001488l_1	2710740	15077327	5.56	0	21
ptg001488l_1_region	2710740	15077327	5.56	0	21
ptg001489l_1	416204	1955030	4.70	0	13
ptg001489l_1_region	416204	1955030	4.70	0	13
ptg001491l_1	1574858	8275815	5.25	0	19
ptg001491l_1_region	1574858	8275815	5.25	0	19
ptg001492l_1	102984	256627	2.49	0	7
ptg001492l_1_region	102984	256627	2.49	0	7
ptg001493l_1	409818	1891495	4.62	0	13
ptg001493l_1_region	409818	1891495	4.62	0	13
ptg001496l_1	653564	3269693	5.00	0	19
ptg001496l_1_region	653564	3269693	5.00	0	19
ptg001499l_1	751139	3696244	4.92	0	14
ptg001499l_1_region	751139	3696244	4.92	0	14
ptg001502l_1	693715	4475086	6.45	0	69
ptg001502l_1_region	693715	4475086	6.45	0	69
ptg001507l_1	371869	1890385	5.08	0	13
ptg001507l_1_region	371869	1890385	5.08	0	13
ptg001508l_1	279879	1191884	4.26	0	15
ptg001508l_1_region	279879	1191884	4.26	0	15
ptg001511l_1	539014	2818680	5.23	0	16
ptg001511l_1_region	539014	2818680	5.23	0	16
ptg001512l_1	67184	209038	3.11	0	7
ptg001512l_1_region	67184	209038	3.11	0	7
ptg001513l_1	414355	1798992	4.34	0	16
ptg001513l_1_region	414355	1798992	4.34	0	16
ptg001514l_1	219276	839114	3.83	0	21
ptg001514l_1_region	219276	839114	3.83	0	21
ptg001515l_1	548911	3659179	6.67	0	42
ptg001515l_1_region	548911	3659179	6.67	0	42
ptg001516l_1	644937	2599031	4.03	0	14
ptg001516l_1_region	644937	2599031	4.03	0	14
ptg001517l_1	558251	3904465	6.99	0	155
ptg001517l_1_region	558251	3904465	6.99	0	155
ptg001519l_1	47479	87783	1.85	0	12
ptg001519l_1_region	47479	87783	1.85	0	12
ptg001520l_1	369240	1561910	4.23	0	13
ptg001520l_1_region	369240	1561910	4.23	0	13
ptg001522l_1	1841874	10069834	5.47	0	20
ptg001522l_1_region	1841874	10069834	5.47	0	20
ptg001524l_1	111691	538448	4.82	0	18
ptg001524l_1_region	111691	538448	4.82	0	18
ptg001527l_1	346799	1084644	3.13	0	12
ptg001527l_1_region	346799	1084644	3.13	0	12
ptg001528l_1	1228660	5479569	4.46	0	19
ptg001528l_1_region	1228660	5479569	4.46	0	19
ptg001529l_1	267300	1034621	3.87	0	14
ptg001529l_1_region	267300	1034621	3.87	0	14
ptg001532l_1	95797	256952	2.68	0	8
ptg001532l_1_region	95797	256952	2.68	0	8
ptg001533l_1	518122	2293021	4.43	0	16
ptg001533l_1_region	518122	2293021	4.43	0	16
ptg001534l_1	892235	5457465	6.12	0	17
ptg001534l_1_region	892235	5457465	6.12	0	17
ptg001536l_1	1189745	6032113	5.07	0	18
ptg001536l_1_region	1189745	6032113	5.07	0	18
ptg001537l_1	387847	1346034	3.47	0	15
ptg001537l_1_region	387847	1346034	3.47	0	15
ptg001540l_1	125576	536189	4.27	0	13
ptg001540l_1_region	125576	536189	4.27	0	13
ptg001542l_1	832962	8139806	9.77	0	107
ptg001542l_1_region	832962	8139806	9.77	0	107
ptg001543l_1	440197	2114566	4.80	0	14
ptg001543l_1_region	440197	2114566	4.80	0	14
ptg001544l_1	256056	1115715	4.36	0	19
ptg001544l_1_region	256056	1115715	4.36	0	19
ptg001547l_1	777420	3823641	4.92	0	22
ptg001547l_1_region	777420	3823641	4.92	0	22
ptg001549l_1	1354344	28491739	21.04	0	339
ptg001549l_1_region	1354344	28491739	21.04	0	339
ptg001554l_1	270566	1031906	3.81	0	15
ptg001554l_1_region	270566	1031906	3.81	0	15
ptg001555l_1	510384	1636237	3.21	0	14
ptg001555l_1_region	510384	1636237	3.21	0	14
ptg001556l_1	1098283	5763465	5.25	0	18
ptg001556l_1_region	1098283	5763465	5.25	0	18
ptg001560l_1	2749342	16624422	6.05	0	195
ptg001560l_1_region	2749342	16624422	6.05	0	195
ptg001561l_1	1779374	8012246	4.50	0	18
ptg001561l_1_region	1779374	8012246	4.50	0	18
ptg001562l_1	396540	1268939	3.20	0	10
ptg001562l_1_region	396540	1268939	3.20	0	10
ptg001563l_1	531613	2445598	4.60	0	18
ptg001563l_1_region	531613	2445598	4.60	0	18
ptg001564l_1	192787	4356430	22.60	0	199
ptg001564l_1_region	192787	4356430	22.60	0	199
ptg001565l_1	999794	6082443	6.08	0	66
ptg001565l_1_region	999794	6082443	6.08	0	66
ptg001566l_1	762508	3689716	4.84	0	20
ptg001566l_1_region	762508	3689716	4.84	0	20
ptg001567l_1	1400132	6932258	4.95	0	21
ptg001567l_1_region	1400132	6932258	4.95	0	21
ptg001568l_1	239422	799549	3.34	0	15
ptg001568l_1_region	239422	799549	3.34	0	15
ptg001569l_1	643925	2992591	4.65	0	16
ptg001569l_1_region	643925	2992591	4.65	0	16
ptg001570l_1	1309741	6971175	5.32	0	19
ptg001570l_1_region	1309741	6971175	5.32	0	19
ptg001571l_1	1597354	8323038	5.21	0	19
ptg001571l_1_region	1597354	8323038	5.21	0	19
ptg001576l_1	31236	94970	3.04	0	28
ptg001576l_1_region	31236	94970	3.04	0	28
ptg001578l_1	1596721	8728849	5.47	0	20
ptg001578l_1_region	1596721	8728849	5.47	0	20
ptg001580l_1	1776888	27749367	15.62	0	327
ptg001580l_1_region	1776888	27749367	15.62	0	327
ptg001581l_1	479866	2009265	4.19	0	18
ptg001581l_1_region	479866	2009265	4.19	0	18
ptg001584l_1	523338	2940848	5.62	0	18
ptg001584l_1_region	523338	2940848	5.62	0	18
ptg001587l_1	692762	3523339	5.09	0	29
ptg001587l_1_region	692762	3523339	5.09	0	29
ptg001588l_1	317422	1497273	4.72	0	13
ptg001588l_1_region	317422	1497273	4.72	0	13
ptg001589l_1	263216	1117216	4.24	0	17
ptg001589l_1_region	263216	1117216	4.24	0	17
ptg001590l_1	1217536	5785672	4.75	0	18
ptg001590l_1_region	1217536	5785672	4.75	0	18
ptg001591l_1	467565	1544777	3.30	0	20
ptg001591l_1_region	467565	1544777	3.30	0	20
ptg001592l_1	577436	2830088	4.90	0	17
ptg001592l_1_region	577436	2830088	4.90	0	17
ptg001593l_1	971216	627809	0.65	0	18
ptg001593l_1_region	971216	627809	0.65	0	18
ptg001595l_1	522174	1899141	3.64	0	16
ptg001595l_1_region	522174	1899141	3.64	0	16
ptg001596l_1	3152441	16817492	5.33	0	27
ptg001596l_1_region	3152441	16817492	5.33	0	27
ptg001600l_1	403000	1865169	4.63	0	16
ptg001600l_1_region	403000	1865169	4.63	0	16
ptg001601l_1	380890	2661674	6.99	0	25
ptg001601l_1_region	380890	2661674	6.99	0	25
ptg001603l_1	117141	470572	4.02	0	17
ptg001603l_1_region	117141	470572	4.02	0	17
ptg001604l_1	791545	4616846	5.83	0	78
ptg001604l_1_region	791545	4616846	5.83	0	78
ptg001605l_1	850712	4344386	5.11	0	17
ptg001605l_1_region	850712	4344386	5.11	0	17
ptg001606l_1	1030763	4934227	4.79	0	18
ptg001606l_1_region	1030763	4934227	4.79	0	18
ptg001607l_1	43985	288860	6.57	0	16
ptg001607l_1_region	43985	288860	6.57	0	16
ptg001609l_1	48905	217862	4.45	0	13
ptg001609l_1_region	48905	217862	4.45	0	13
ptg001610l_1	1380176	7020950	5.09	0	23
ptg001610l_1_region	1380176	7020950	5.09	0	23
ptg001612l_1	623878	3174199	5.09	0	68
ptg001612l_1_region	623878	3174199	5.09	0	68
ptg001613l_1	595097	3754038	6.31	0	23
ptg001613l_1_region	595097	3754038	6.31	0	23
ptg001614l_1	973094	4676250	4.81	0	18
ptg001614l_1_region	973094	4676250	4.81	0	18
ptg001615l_1	929119	5252747	5.65	0	19
ptg001615l_1_region	929119	5252747	5.65	0	19
ptg001617l_1	1004410	3874044	3.86	0	14
ptg001617l_1_region	1004410	3874044	3.86	0	14
ptg001619l_1	442734	1677363	3.79	0	12
ptg001619l_1_region	442734	1677363	3.79	0	12
ptg001621l_1	224281	743308	3.31	0	14
ptg001621l_1_region	224281	743308	3.31	0	14
ptg001622l_1	63926	267731	4.19	0	13
ptg001622l_1_region	63926	267731	4.19	0	13
ptg001623l_1	378362	2185158	5.78	0	20
ptg001623l_1_region	378362	2185158	5.78	0	20
ptg001624l_1	1833058	9546298	5.21	0	18
ptg001624l_1_region	1833058	9546298	5.21	0	18
ptg001626l_1	632111	2850996	4.51	0	18
ptg001626l_1_region	632111	2850996	4.51	0	18
ptg001627l_1	701373	3033726	4.33	0	19
ptg001627l_1_region	701373	3033726	4.33	0	19
ptg001629l_1	388870	2160355	5.56	0	21
ptg001629l_1_region	388870	2160355	5.56	0	21
ptg001632l_1	197221	740694	3.76	0	21
ptg001632l_1_region	197221	740694	3.76	0	21
ptg001633l_1	161334	930047	5.76	0	14
ptg001633l_1_region	161334	930047	5.76	0	14
ptg001634l_1	289136	1277567	4.42	0	26
ptg001634l_1_region	289136	1277567	4.42	0	26
ptg001635l_1	1088898	4658620	4.28	0	37
ptg001635l_1_region	1088898	4658620	4.28	0	37
ptg001636l_1	2526851	13791402	5.46	0	27
ptg001636l_1_region	2526851	13791402	5.46	0	27
ptg001639l_1	317685	924689	2.91	0	17
ptg001639l_1_region	317685	924689	2.91	0	17
ptg001641l_1	705564	2310899	3.28	0	16
ptg001641l_1_region	705564	2310899	3.28	0	16
ptg001642l_1	217557	853366	3.92	0	16
ptg001642l_1_region	217557	853366	3.92	0	16
ptg001643l_1	1350970	6668988	4.94	0	27
ptg001643l_1_region	1350970	6668988	4.94	0	27
ptg001644l_1	589838	2907529	4.93	0	16
ptg001644l_1_region	589838	2907529	4.93	0	16
ptg001645l_1	1352771	7066965	5.22	0	81
ptg001645l_1_region	1352771	7066965	5.22	0	81
ptg001648l_1	148472	813236	5.48	0	22
ptg001648l_1_region	148472	813236	5.48	0	22
ptg001650l_1	1166265	5890293	5.05	0	14
ptg001650l_1_region	1166265	5890293	5.05	0	14
ptg001651l_1	446525	2266899	5.08	0	17
ptg001651l_1_region	446525	2266899	5.08	0	17
ptg001655l_1	958195	6634800	6.92	0	48
ptg001655l_1_region	958195	6634800	6.92	0	48
ptg001656l_1	796257	4167563	5.23	0	59
ptg001656l_1_region	796257	4167563	5.23	0	59
ptg001657l_1	325719	1668597	5.12	0	39
ptg001657l_1_region	325719	1668597	5.12	0	39
ptg001659l_1	352590	1715332	4.86	0	12
ptg001659l_1_region	352590	1715332	4.86	0	12
ptg001660l_1	29712	65104	2.19	0	7
ptg001660l_1_region	29712	65104	2.19	0	7
ptg001662l_1	154027	870992	5.65	0	80
ptg001662l_1_region	154027	870992	5.65	0	80
ptg001665l_1	1483974	11399975	7.68	0	328
ptg001665l_1_region	1483974	11399975	7.68	0	328
ptg001666l_1	728199	3388180	4.65	0	16
ptg001666l_1_region	728199	3388180	4.65	0	16
ptg001667l_1	858070	4844048	5.65	0	20
ptg001667l_1_region	858070	4844048	5.65	0	20
ptg001668l_1	1366693	7517197	5.50	0	22
ptg001668l_1_region	1366693	7517197	5.50	0	22
ptg001669l_1	719191	3968281	5.52	0	19
ptg001669l_1_region	719191	3968281	5.52	0	19
ptg001670l_1	886342	4657210	5.25	0	83
ptg001670l_1_region	886342	4657210	5.25	0	83
ptg001671l_1	254626	1823552	7.16	0	31
ptg001671l_1_region	254626	1823552	7.16	0	31
ptg001672l_1	730912	3588505	4.91	0	19
ptg001672l_1_region	730912	3588505	4.91	0	19
ptg001673l_1	1246373	5183046	4.16	0	16
ptg001673l_1_region	1246373	5183046	4.16	0	16
ptg001674l_1	848444	1424013	1.68	0	11
ptg001674l_1_region	848444	1424013	1.68	0	11
ptg001675l_1	583147	2030183	3.48	0	14
ptg001675l_1_region	583147	2030183	3.48	0	14
ptg001676l_1	445796	2610877	5.86	0	27
ptg001676l_1_region	445796	2610877	5.86	0	27
ptg001677l_1	830705	4046755	4.87	0	28
ptg001677l_1_region	830705	4046755	4.87	0	28
ptg001678l_1	346827	1586949	4.58	0	27
ptg001678l_1_region	346827	1586949	4.58	0	27
ptg001679l_1	1311549	6571361	5.01	0	51
ptg001679l_1_region	1311549	6571361	5.01	0	51
ptg001680l_1	909604	3518601	3.87	0	23
ptg001680l_1_region	909604	3518601	3.87	0	23
ptg001683l_1	905971	5189116	5.73	0	17
ptg001683l_1_region	905971	5189116	5.73	0	17
ptg001684l_1	351008	1106510	3.15	0	17
ptg001684l_1_region	351008	1106510	3.15	0	17
ptg001685l_1	1432383	7240042	5.05	0	23
ptg001685l_1_region	1432383	7240042	5.05	0	23
ptg001687l_1	529465	2832473	5.35	0	16
ptg001687l_1_region	529465	2832473	5.35	0	16
ptg001688l_1	451249	2558392	5.67	0	28
ptg001688l_1_region	451249	2558392	5.67	0	28
ptg001690l_1	1111945	4806460	4.32	0	17
ptg001690l_1_region	1111945	4806460	4.32	0	17
ptg001691l_1	657881	2792575	4.24	0	16
ptg001691l_1_region	657881	2792575	4.24	0	16
ptg001693l_1	704577	3396601	4.82	0	21
ptg001693l_1_region	704577	3396601	4.82	0	21
ptg001694l_1	255814	982204	3.84	0	19
ptg001694l_1_region	255814	982204	3.84	0	19
ptg001696l_1	663404	3416605	5.15	0	16
ptg001696l_1_region	663404	3416605	5.15	0	16
ptg001697l_1	193272	738541	3.82	0	20
ptg001697l_1_region	193272	738541	3.82	0	20
ptg001699l_1	364280	2090890	5.74	0	17
ptg001699l_1_region	364280	2090890	5.74	0	17
ptg001700l_1	326768	1299579	3.98	0	17
ptg001700l_1_region	326768	1299579	3.98	0	17
ptg001701l_1	635211	3040742	4.79	0	18
ptg001701l_1_region	635211	3040742	4.79	0	18
ptg001702l_1	123244	450808	3.66	0	14
ptg001702l_1_region	123244	450808	3.66	0	14
ptg001705l_1	1056978	5241330	4.96	0	14
ptg001705l_1_region	1056978	5241330	4.96	0	14
ptg001707l_1	284547	1452261	5.10	0	16
ptg001707l_1_region	284547	1452261	5.10	0	16
ptg001708l_1	224862	848060	3.77	0	13
ptg001708l_1_region	224862	848060	3.77	0	13
ptg001709l_1	597434	3163006	5.29	0	18
ptg001709l_1_region	597434	3163006	5.29	0	18
ptg001710l_1	567049	2404563	4.24	0	13
ptg001710l_1_region	567049	2404563	4.24	0	13
ptg001711l_1	595446	3229551	5.42	0	21
ptg001711l_1_region	595446	3229551	5.42	0	21
ptg001712l_1	598157	2810122	4.70	0	18
ptg001712l_1_region	598157	2810122	4.70	0	18
ptg001713l_1	362251	1842510	5.09	0	16
ptg001713l_1_region	362251	1842510	5.09	0	16
ptg001714l_1	25599	105741	4.13	0	21
ptg001714l_1_region	25599	105741	4.13	0	21
ptg001715l_1	1342135	6624098	4.94	0	18
ptg001715l_1_region	1342135	6624098	4.94	0	18
ptg001718l_1	146689	584355	3.98	0	11
ptg001718l_1_region	146689	584355	3.98	0	11
ptg001721l_1	417516	1331759	3.19	0	24
ptg001721l_1_region	417516	1331759	3.19	0	24
ptg001722l_1	428346	1480579	3.46	0	17
ptg001722l_1_region	428346	1480579	3.46	0	17
ptg001723l_1	832682	4218467	5.07	0	19
ptg001723l_1_region	832682	4218467	5.07	0	19
ptg001725l_1	459037	987956	2.15	0	13
ptg001725l_1_region	459037	987956	2.15	0	13
ptg001726l_1	1889285	6934311	3.67	0	63
ptg001726l_1_region	1889285	6934311	3.67	0	63
ptg001728l_1	858913	3868300	4.50	0	27
ptg001728l_1_region	858913	3868300	4.50	0	27
ptg001729l_1	798556	3971633	4.97	0	13
ptg001729l_1_region	798556	3971633	4.97	0	13
ptg001730l_1	206129	964645	4.68	0	15
ptg001730l_1_region	206129	964645	4.68	0	15
ptg001731l_1	453823	2258166	4.98	0	16
ptg001731l_1_region	453823	2258166	4.98	0	16
ptg001734l_1	20749	702699	33.87	0	81
ptg001734l_1_region	20749	702699	33.87	0	81
ptg001737l_1	169303	707100	4.18	0	16
ptg001737l_1_region	169303	707100	4.18	0	16
ptg001738l_1	439401	2105611	4.79	0	19
ptg001738l_1_region	439401	2105611	4.79	0	19
ptg001739l_1	252794	675739	2.67	0	21
ptg001739l_1_region	252794	675739	2.67	0	21
ptg001740l_1	1103502	5424001	4.92	0	15
ptg001740l_1_region	1103502	5424001	4.92	0	15
ptg001741l_1	383466	1644352	4.29	0	15
ptg001741l_1_region	383466	1644352	4.29	0	15
ptg001742l_1	1062257	5138031	4.84	0	18
ptg001742l_1_region	1062257	5138031	4.84	0	18
ptg001743l_1	193865	710052	3.66	0	15
ptg001743l_1_region	193865	710052	3.66	0	15
ptg001744l_1	224054	694554	3.10	0	11
ptg001744l_1_region	224054	694554	3.10	0	11
ptg001746l_1	418338	1991670	4.76	0	17
ptg001746l_1_region	418338	1991670	4.76	0	17
ptg001750l_1	397015	1052852	2.65	0	12
ptg001750l_1_region	397015	1052852	2.65	0	12
ptg001752l_1	1215286	6182104	5.09	0	43
ptg001752l_1_region	1215286	6182104	5.09	0	43
ptg001753l_1	505461	1959063	3.88	0	24
ptg001753l_1_region	505461	1959063	3.88	0	24
ptg001761l_1	385797	1816123	4.71	0	14
ptg001761l_1_region	385797	1816123	4.71	0	14
ptg001762l_1	1986964	9559324	4.81	0	18
ptg001762l_1_region	1986964	9559324	4.81	0	18
ptg001763l_1	1760033	9072411	5.15	0	17
ptg001763l_1_region	1760033	9072411	5.15	0	17
ptg001768l_1	434221	1627407	3.75	0	41
ptg001768l_1_region	434221	1627407	3.75	0	41
ptg001771l_1	256923	1064150	4.14	0	11
ptg001771l_1_region	256923	1064150	4.14	0	11
ptg001772l_1	1748488	8090566	4.63	0	50
ptg001772l_1_region	1748488	8090566	4.63	0	50
ptg001774l_1	150164	782091	5.21	0	19
ptg001774l_1_region	150164	782091	5.21	0	19
ptg001775l_1	1440977	6823590	4.74	0	29
ptg001775l_1_region	1440977	6823590	4.74	0	29
ptg001776l_1	2064880	9440559	4.57	0	29
ptg001776l_1_region	2064880	9440559	4.57	0	29
ptg001777l_1	1294987	6458732	4.99	0	25
ptg001777l_1_region	1294987	6458732	4.99	0	25
ptg001778l_1	448070	1224319	2.73	0	13
ptg001778l_1_region	448070	1224319	2.73	0	13
ptg001779l_1	207296	915678	4.42	0	14
ptg001779l_1_region	207296	915678	4.42	0	14
ptg001780l_1	453561	2390035	5.27	0	21
ptg001780l_1_region	453561	2390035	5.27	0	21
ptg001781l_1	194452	232780	1.20	0	13
ptg001781l_1_region	194452	232780	1.20	0	13
ptg001783l_1	442157	2019499	4.57	0	25
ptg001783l_1_region	442157	2019499	4.57	0	25
ptg001784l_1	138942	699888	5.04	0	12
ptg001784l_1_region	138942	699888	5.04	0	12
ptg001785l_1	102746	508860	4.95	0	17
ptg001785l_1_region	102746	508860	4.95	0	17
ptg001786l_1	584925	2733404	4.67	0	14
ptg001786l_1_region	584925	2733404	4.67	0	14
ptg001789l_1	1674916	10203942	6.09	0	24
ptg001789l_1_region	1674916	10203942	6.09	0	24
ptg001790l_1	108356	467450	4.31	0	13
ptg001790l_1_region	108356	467450	4.31	0	13
ptg001794l_1	574955	10282715	17.88	0	267
ptg001794l_1_region	574955	10282715	17.88	0	267
ptg001795l_1	289727	1383160	4.77	0	12
ptg001795l_1_region	289727	1383160	4.77	0	12
ptg001796l_1	883659	4045542	4.58	0	24
ptg001796l_1_region	883659	4045542	4.58	0	24
ptg001797l_1	1283077	5029350	3.92	0	19
ptg001797l_1_region	1283077	5029350	3.92	0	19
ptg001798l_1	682935	1876688	2.75	0	29
ptg001798l_1_region	682935	1876688	2.75	0	29
ptg001799l_1	396818	2358967	5.94	0	22
ptg001799l_1_region	396818	2358967	5.94	0	22
ptg001801l_1	154119	1011038	6.56	0	60
ptg001801l_1_region	154119	1011038	6.56	0	60
ptg001806l_1	284286	15419867	54.24	0	305
ptg001806l_1_region	284286	15419867	54.24	0	305
ptg001816l_1	1149706	6176747	5.37	0	17
ptg001816l_1_region	1149706	6176747	5.37	0	17
ptg001817l_1	139912	462045	3.30	0	10
ptg001817l_1_region	139912	462045	3.30	0	10
ptg001819l_1	360202	2038613	5.66	0	36
ptg001819l_1_region	360202	2038613	5.66	0	36
ptg001821l_1	1351612	7232692	5.35	0	19
ptg001821l_1_region	1351612	7232692	5.35	0	19
ptg001822l_1	401012	2156028	5.38	0	19
ptg001822l_1_region	401012	2156028	5.38	0	19
ptg001823l_1	648588	2948308	4.55	0	24
ptg001823l_1_region	648588	2948308	4.55	0	24
ptg001824l_1	2780485	15298570	5.50	0	26
ptg001824l_1_region	2780485	15298570	5.50	0	26
ptg001825l_1	2313940	11968496	5.17	0	26
ptg001825l_1_region	2313940	11968496	5.17	0	26
ptg001826l_1	487730	3385122	6.94	0	23
ptg001826l_1_region	487730	3385122	6.94	0	23
ptg001827l_1	961972	4637537	4.82	0	21
ptg001827l_1_region	961972	4637537	4.82	0	21
ptg001828l_1	33564	130724	3.89	0	11
ptg001828l_1_region	33564	130724	3.89	0	11
ptg001830l_1	563063	2999292	5.33	0	20
ptg001830l_1_region	563063	2999292	5.33	0	20
ptg001832l_1	208022	992721	4.77	0	15
ptg001832l_1_region	208022	992721	4.77	0	15
ptg001834l_1	66095	363378	5.50	0	34
ptg001834l_1_region	66095	363378	5.50	0	34
ptg001835l_1	331098	1294876	3.91	0	19
ptg001835l_1_region	331098	1294876	3.91	0	19
ptg001837l_1	882386	4876139	5.53	0	21
ptg001837l_1_region	882386	4876139	5.53	0	21
ptg001838l_1	1031182	5915699	5.74	0	15
ptg001838l_1_region	1031182	5915699	5.74	0	15
ptg001839l_1	762619	4738697	6.21	0	42
ptg001839l_1_region	762619	4738697	6.21	0	42
ptg001840l_1	84424	405824	4.81	0	14
ptg001840l_1_region	84424	405824	4.81	0	14
ptg001844l_1	758331	3574966	4.71	0	16
ptg001844l_1_region	758331	3574966	4.71	0	16
ptg001846l_1	62252	134334	2.16	0	9
ptg001846l_1_region	62252	134334	2.16	0	9
ptg001848l_1	630700	4162852	6.60	0	84
ptg001848l_1_region	630700	4162852	6.60	0	84
ptg001849l_1	385274	1532032	3.98	0	15
ptg001849l_1_region	385274	1532032	3.98	0	15
ptg001850l_1	1539190	7846257	5.10	0	17
ptg001850l_1_region	1539190	7846257	5.10	0	17
ptg001851l_1	139130	325149	2.34	0	9
ptg001851l_1_region	139130	325149	2.34	0	9
ptg001852l_1	114306	480863	4.21	0	14
ptg001852l_1_region	114306	480863	4.21	0	14
ptg001853l_1	717196	3531786	4.92	0	28
ptg001853l_1_region	717196	3531786	4.92	0	28
ptg001854l_1	114865	475405	4.14	0	20
ptg001854l_1_region	114865	475405	4.14	0	20
ptg001855l_1	424324	2597943	6.12	0	23
ptg001855l_1_region	424324	2597943	6.12	0	23
ptg001856l_1	327409	1304829	3.99	0	15
ptg001856l_1_region	327409	1304829	3.99	0	15
ptg001857l_1	100240	454709	4.54	0	14
ptg001857l_1_region	100240	454709	4.54	0	14
ptg001859l_1	32250	227583	7.06	0	17
ptg001859l_1_region	32250	227583	7.06	0	17
ptg001861l_1	1923624	11625765	6.04	0	35
ptg001861l_1_region	1923624	11625765	6.04	0	35
ptg001862l_1	652786	3542888	5.43	0	29
ptg001862l_1_region	652786	3542888	5.43	0	29
ptg001863l_1	180081	678500	3.77	0	17
ptg001863l_1_region	180081	678500	3.77	0	17
ptg001866l_1	216788	2073517	9.56	0	37
ptg001866l_1_region	216788	2073517	9.56	0	37
ptg001868l_1	526703	2340514	4.44	0	22
ptg001868l_1_region	526703	2340514	4.44	0	22
ptg001869l_1	766965	4122967	5.38	0	21
ptg001869l_1_region	766965	4122967	5.38	0	21
ptg001870l_1	1758460	9469544	5.39	0	29
ptg001870l_1_region	1758460	9469544	5.39	0	29
ptg001872l_1	174686	607625	3.48	0	16
ptg001872l_1_region	174686	607625	3.48	0	16
ptg001873l_1	925077	4428304	4.79	0	23
ptg001873l_1_region	925077	4428304	4.79	0	23
ptg001874l_1	447705	2328680	5.20	0	43
ptg001874l_1_region	447705	2328680	5.20	0	43
ptg001875l_1	1418564	7480436	5.27	0	30
ptg001875l_1_region	1418564	7480436	5.27	0	30
ptg001878l_1	381444	1933156	5.07	0	16
ptg001878l_1_region	381444	1933156	5.07	0	16
ptg001882l_1	101025	410906	4.07	0	14
ptg001882l_1_region	101025	410906	4.07	0	14
ptg001885l_1	651648	2968654	4.56	0	18
ptg001885l_1_region	651648	2968654	4.56	0	18
ptg001886l_1	142914	584055	4.09	0	13
ptg001886l_1_region	142914	584055	4.09	0	13
ptg001887l_1	897067	5009139	5.58	0	16
ptg001887l_1_region	897067	5009139	5.58	0	16
ptg001888l_1	704622	3484025	4.94	0	16
ptg001888l_1_region	704622	3484025	4.94	0	16
ptg001890l_1	63758	337708	5.30	0	12
ptg001890l_1_region	63758	337708	5.30	0	12
ptg001891l_1	791640	3770558	4.76	0	29
ptg001891l_1_region	791640	3770558	4.76	0	29
ptg001892l_1	1047573	5090143	4.86	0	18
ptg001892l_1_region	1047573	5090143	4.86	0	18
ptg001893l_1	1024891	4150572	4.05	0	17
ptg001893l_1_region	1024891	4150572	4.05	0	17
ptg001895l_1	279501	1443118	5.16	0	12
ptg001895l_1_region	279501	1443118	5.16	0	12
ptg001896l_1	1135642	5993471	5.28	0	17
ptg001896l_1_region	1135642	5993471	5.28	0	17
ptg001899l_1	100961	249034	2.47	0	14
ptg001899l_1_region	100961	249034	2.47	0	14
ptg001900l_1	31132	132051	4.24	0	14
ptg001900l_1_region	31132	132051	4.24	0	14
ptg001901l_1	413222	1332249	3.22	0	14
ptg001901l_1_region	413222	1332249	3.22	0	14
ptg001903l_1	465029	3208393	6.90	0	47
ptg001903l_1_region	465029	3208393	6.90	0	47
ptg001904l_1	307203	864004	2.81	0	15
ptg001904l_1_region	307203	864004	2.81	0	15
ptg001905l_1	188640	1086592	5.76	0	13
ptg001905l_1_region	188640	1086592	5.76	0	13
ptg001906l_1	367694	1002872	2.73	0	29
ptg001906l_1_region	367694	1002872	2.73	0	29
ptg001907l_1	346338	1882262	5.43	0	19
ptg001907l_1_region	346338	1882262	5.43	0	19
ptg001908l_1	290666	1223559	4.21	0	13
ptg001908l_1_region	290666	1223559	4.21	0	13
ptg001909l_1	922109	3515898	3.81	0	20
ptg001909l_1_region	922109	3515898	3.81	0	20
ptg001910l_1	37609	113720	3.02	0	7
ptg001910l_1_region	37609	113720	3.02	0	7
ptg001911l_1	2334142	10938963	4.69	0	20
ptg001911l_1_region	2334142	10938963	4.69	0	20
ptg001913l_1	600171	4102987	6.84	0	27
ptg001913l_1_region	600171	4102987	6.84	0	27
ptg001915l_1	420605	2406600	5.72	0	20
ptg001915l_1_region	420605	2406600	5.72	0	20
ptg001916l_1	197712	1078791	5.46	0	19
ptg001916l_1_region	197712	1078791	5.46	0	19
ptg001917l_1	122696	398948	3.25	0	17
ptg001917l_1_region	122696	398948	3.25	0	17
ptg001919l_1	245098	877710	3.58	0	10
ptg001919l_1_region	245098	877710	3.58	0	10
ptg001920l_1	907892	4327393	4.77	0	17
ptg001920l_1_region	907892	4327393	4.77	0	17
ptg001921l_1	155137	640488	4.13	0	14
ptg001921l_1_region	155137	640488	4.13	0	14
ptg001922l_1	1439639	7025982	4.88	0	16
ptg001922l_1_region	1439639	7025982	4.88	0	16
ptg001923l_1	589323	1591100	2.70	0	16
ptg001923l_1_region	589323	1591100	2.70	0	16
ptg001924l_1	1401712	6842223	4.88	0	16
ptg001924l_1_region	1401712	6842223	4.88	0	16
ptg001925l_1	295625	1594398	5.39	0	17
ptg001925l_1_region	295625	1594398	5.39	0	17
ptg001927l_1	833533	4039916	4.85	0	15
ptg001927l_1_region	833533	4039916	4.85	0	15
ptg001930l_1	320841	835085	2.60	0	11
ptg001930l_1_region	320841	835085	2.60	0	11
ptg001931l_1	841496	4052942	4.82	0	17
ptg001931l_1_region	841496	4052942	4.82	0	17
ptg001932l_1	416119	2350423	5.65	0	19
ptg001932l_1_region	416119	2350423	5.65	0	19
ptg001933l_1	237103	1957907	8.26	0	24
ptg001933l_1_region	237103	1957907	8.26	0	24
ptg001939l_1	129625	539871	4.16	0	14
ptg001939l_1_region	129625	539871	4.16	0	14
ptg001940l_1	262964	1326156	5.04	0	18
ptg001940l_1_region	262964	1326156	5.04	0	18
ptg001941l_1	1009494	5103647	5.06	0	16
ptg001941l_1_region	1009494	5103647	5.06	0	16
ptg001942l_1	1582544	8401664	5.31	0	65
ptg001942l_1_region	1582544	8401664	5.31	0	65
ptg001946l_1	233968	974543	4.17	0	21
ptg001946l_1_region	233968	974543	4.17	0	21
ptg001949l_1	1519599	5407067	3.56	0	29
ptg001949l_1_region	1519599	5407067	3.56	0	29
ptg001951l_1	812621	4031640	4.96	0	22
ptg001951l_1_region	812621	4031640	4.96	0	22
ptg001953l_1	389413	2078087	5.34	0	15
ptg001953l_1_region	389413	2078087	5.34	0	15
ptg001954l_1	1293151	6428141	4.97	0	18
ptg001954l_1_region	1293151	6428141	4.97	0	18
ptg001955l_1	1142463	5244204	4.59	0	20
ptg001955l_1_region	1142463	5244204	4.59	0	20
ptg001956l_1	2165955	11874016	5.48	0	19
ptg001956l_1_region	2165955	11874016	5.48	0	19
ptg001958l_1	385758	1952188	5.06	0	16
ptg001958l_1_region	385758	1952188	5.06	0	16
ptg001961l_1	195534	590908	3.02	0	16
ptg001961l_1_region	195534	590908	3.02	0	16
ptg001964l_1	509101	2260311	4.44	0	15
ptg001964l_1_region	509101	2260311	4.44	0	15
ptg001965l_1	170556	876213	5.14	0	21
ptg001965l_1_region	170556	876213	5.14	0	21
ptg001970l_1	177759	853198	4.80	0	13
ptg001970l_1_region	177759	853198	4.80	0	13
ptg001971l_1	586535	2826849	4.82	0	39
ptg001971l_1_region	586535	2826849	4.82	0	39
ptg001972l_1	447266	1764485	3.95	0	40
ptg001972l_1_region	447266	1764485	3.95	0	40
ptg001973l_1	444501	1656073	3.73	0	14
ptg001973l_1_region	444501	1656073	3.73	0	14
ptg001976l_1	801640	3589810	4.48	0	13
ptg001976l_1_region	801640	3589810	4.48	0	13
ptg001977l_1	1664363	7812098	4.69	0	21
ptg001977l_1_region	1664363	7812098	4.69	0	21
ptg001978l_1	85964	364756	4.24	0	14
ptg001978l_1_region	85964	364756	4.24	0	14
ptg001979l_1	153963	656004	4.26	0	13
ptg001979l_1_region	153963	656004	4.26	0	13
ptg001980l_1	524199	2552681	4.87	0	84
ptg001980l_1_region	524199	2552681	4.87	0	84
ptg001981l_1	607727	2422702	3.99	0	32
ptg001981l_1_region	607727	2422702	3.99	0	32
ptg001983l_1	407716	1418628	3.48	0	24
ptg001983l_1_region	407716	1418628	3.48	0	24
ptg001984l_1	987526	4768133	4.83	0	17
ptg001984l_1_region	987526	4768133	4.83	0	17
ptg001987l_1	681933	3748781	5.50	0	17
ptg001987l_1_region	681933	3748781	5.50	0	17
ptg001989l_1	390149	1063097	2.72	0	29
ptg001989l_1_region	390149	1063097	2.72	0	29
ptg001990l_1	215358	593606	2.76	0	15
ptg001990l_1_region	215358	593606	2.76	0	15
ptg001991l_1	65193	241854	3.71	0	8
ptg001991l_1_region	65193	241854	3.71	0	8
ptg001992l_1	1305552	7551822	5.78	0	40
ptg001992l_1_region	1305552	7551822	5.78	0	40
ptg001993l_1	1690961	9210545	5.45	0	22
ptg001993l_1_region	1690961	9210545	5.45	0	22
ptg001994l_1	222846	1305657	5.86	0	31
ptg001994l_1_region	222846	1305657	5.86	0	31
ptg001995l_1	250881	871924	3.48	0	14
ptg001995l_1_region	250881	871924	3.48	0	14
ptg001996l_1	472406	1975611	4.18	0	34
ptg001996l_1_region	472406	1975611	4.18	0	34
ptg001997l_1	1977463	14273662	7.22	0	28
ptg001997l_1_region	1977463	14273662	7.22	0	28
ptg001998l_1	1010199	4322477	4.28	0	17
ptg001998l_1_region	1010199	4322477	4.28	0	17
ptg002001l_1	252921	1042797	4.12	0	16
ptg002001l_1_region	252921	1042797	4.12	0	16
ptg002002l_1	189120	600881	3.18	0	18
ptg002002l_1_region	189120	600881	3.18	0	18
ptg002003l_1	1061969	5563269	5.24	0	132
ptg002003l_1_region	1061969	5563269	5.24	0	132
ptg002004l_1	881989	3296151	3.74	0	30
ptg002004l_1_region	881989	3296151	3.74	0	30
ptg002006l_1	1022909	4909996	4.80	0	36
ptg002006l_1_region	1022909	4909996	4.80	0	36
ptg002007l_1	184108	576059	3.13	0	17
ptg002007l_1_region	184108	576059	3.13	0	17
ptg002009l_1	569444	2733933	4.80	0	19
ptg002009l_1_region	569444	2733933	4.80	0	19
ptg002013l_1	511681	2773873	5.42	0	20
ptg002013l_1_region	511681	2773873	5.42	0	20
ptg002014l_1	390130	1974377	5.06	0	21
ptg002014l_1_region	390130	1974377	5.06	0	21
ptg002017l_1	488173	2342037	4.80	0	27
ptg002017l_1_region	488173	2342037	4.80	0	27
ptg002024l_1	357091	1762458	4.94	0	27
ptg002024l_1_region	357091	1762458	4.94	0	27
ptg002025l_1	195390	600728	3.07	0	18
ptg002025l_1_region	195390	600728	3.07	0	18
ptg002027l_1	72997	420680	5.76	0	15
ptg002027l_1_region	72997	420680	5.76	0	15
ptg002028l_1	165896	541213	3.26	0	12
ptg002028l_1_region	165896	541213	3.26	0	12
ptg002029l_1	634224	1914696	3.02	0	11
ptg002029l_1_region	634224	1914696	3.02	0	11
ptg002032l_1	389372	2146560	5.51	0	27
ptg002032l_1_region	389372	2146560	5.51	0	27
ptg002033l_1	966469	4906238	5.08	0	37
ptg002033l_1_region	966469	4906238	5.08	0	37
ptg002036l_1	1003822	5031453	5.01	0	19
ptg002036l_1_region	1003822	5031453	5.01	0	19
ptg002038l_1	554276	2322158	4.19	0	15
ptg002038l_1_region	554276	2322158	4.19	0	15
ptg002039l_1	555100	1922547	3.46	0	13
ptg002039l_1_region	555100	1922547	3.46	0	13
ptg002042l_1	420370	1874974	4.46	0	15
ptg002042l_1_region	420370	1874974	4.46	0	15
ptg002043l_1	258646	1681475	6.50	0	21
ptg002043l_1_region	258646	1681475	6.50	0	21
ptg002045l_1	603093	2675315	4.44	0	17
ptg002045l_1_region	603093	2675315	4.44	0	17
ptg002046l_1	202437	833264	4.12	0	15
ptg002046l_1_region	202437	833264	4.12	0	15
ptg002047l_1	201390	525577	2.61	0	10
ptg002047l_1_region	201390	525577	2.61	0	10
ptg002048l_1	1441196	7598936	5.27	0	18
ptg002048l_1_region	1441196	7598936	5.27	0	18
ptg002049l_1	811416	3135238	3.86	0	23
ptg002049l_1_region	811416	3135238	3.86	0	23
ptg002050l_1	897976	5208443	5.80	0	26
ptg002050l_1_region	897976	5208443	5.80	0	26
ptg002051l_1	980880	4667284	4.76	0	19
ptg002051l_1_region	980880	4667284	4.76	0	19
ptg002052l_1	522217	1290413	2.47	0	30
ptg002052l_1_region	522217	1290413	2.47	0	30
ptg002053l_1	701959	3435574	4.89	0	16
ptg002053l_1_region	701959	3435574	4.89	0	16
ptg002054l_1	1093862	5605402	5.12	0	19
ptg002054l_1_region	1093862	5605402	5.12	0	19
ptg002055l_1	1207495	5581931	4.62	0	20
ptg002055l_1_region	1207495	5581931	4.62	0	20
ptg002057l_1	239120	806830	3.37	0	13
ptg002057l_1_region	239120	806830	3.37	0	13
ptg002058l_1	2980210	14428829	4.84	0	22
ptg002058l_1_region	2980210	14428829	4.84	0	22
ptg002059l_1	462819	2251525	4.86	0	16
ptg002059l_1_region	462819	2251525	4.86	0	16
ptg002060l_1	246847	979655	3.97	0	12
ptg002060l_1_region	246847	979655	3.97	0	12
ptg002062l_1	87345	533979	6.11	0	19
ptg002062l_1_region	87345	533979	6.11	0	19
ptg002063l_1	771989	2559436	3.32	0	37
ptg002063l_1_region	771989	2559436	3.32	0	37
ptg002065l_1	358376	2057863	5.74	0	23
ptg002065l_1_region	358376	2057863	5.74	0	23
ptg002067l_1	438166	2162469	4.94	0	16
ptg002067l_1_region	438166	2162469	4.94	0	16
ptg002068l_1	382279	1702487	4.45	0	13
ptg002068l_1_region	382279	1702487	4.45	0	13
ptg002069l_1	34288	168328	4.91	0	10
ptg002069l_1_region	34288	168328	4.91	0	10
ptg002070l_1	754116	5906292	7.83	0	27
ptg002070l_1_region	754116	5906292	7.83	0	27
ptg002073l_1	18440	52351	2.84	0	8
ptg002073l_1_region	18440	52351	2.84	0	8
ptg002075l_1	2322473	12094463	5.21	0	38
ptg002075l_1_region	2322473	12094463	5.21	0	38
ptg002076l_1	242075	931795	3.85	0	22
ptg002076l_1_region	242075	931795	3.85	0	22
ptg002082l_1	41227	106826	2.59	0	6
ptg002082l_1_region	41227	106826	2.59	0	6
ptg002083l_1	1046876	5149240	4.92	0	27
ptg002083l_1_region	1046876	5149240	4.92	0	27
ptg002084l_1	99712	546616	5.48	0	13
ptg002084l_1_region	99712	546616	5.48	0	13
ptg002085l_1	996823	5412396	5.43	0	17
ptg002085l_1_region	996823	5412396	5.43	0	17
ptg002087l_1	310924	923422	2.97	0	13
ptg002087l_1_region	310924	923422	2.97	0	13
ptg002089l_1	1273834	6065363	4.76	0	95
ptg002089l_1_region	1273834	6065363	4.76	0	95
ptg002090l_1	372616	1723006	4.62	0	17
ptg002090l_1_region	372616	1723006	4.62	0	17
ptg002093l_1	1002756	4047117	4.04	0	15
ptg002093l_1_region	1002756	4047117	4.04	0	15
ptg002094l_1	407412	1666609	4.09	0	15
ptg002094l_1_region	407412	1666609	4.09	0	15
ptg002096l_1	834009	3802462	4.56	0	15
ptg002096l_1_region	834009	3802462	4.56	0	15
ptg002097l_1	437430	2850535	6.52	0	25
ptg002097l_1_region	437430	2850535	6.52	0	25
ptg002098l_1	518151	1861327	3.59	0	17
ptg002098l_1_region	518151	1861327	3.59	0	17
ptg002100l_1	703140	2998314	4.26	0	17
ptg002100l_1_region	703140	2998314	4.26	0	17
ptg002102l_1	82523	420875	5.10	0	11
ptg002102l_1_region	82523	420875	5.10	0	11
ptg002103l_1	651400	3367849	5.17	0	19
ptg002103l_1_region	651400	3367849	5.17	0	19
ptg002105l_1	226392	989083	4.37	0	14
ptg002105l_1_region	226392	989083	4.37	0	14
ptg002106l_1	277492	1420112	5.12	0	17
ptg002106l_1_region	277492	1420112	5.12	0	17
ptg002107l_1	1762279	8889206	5.04	0	22
ptg002107l_1_region	1762279	8889206	5.04	0	22
ptg002108l_1	144579	776934	5.37	0	17
ptg002108l_1_region	144579	776934	5.37	0	17
ptg002109l_1	804728	2890064	3.59	0	16
ptg002109l_1_region	804728	2890064	3.59	0	16
ptg002111l_1	291358	1749402	6.00	0	20
ptg002111l_1_region	291358	1749402	6.00	0	20
ptg002112l_1	678485	3120253	4.60	0	14
ptg002112l_1_region	678485	3120253	4.60	0	14
ptg002113l_1	563223	4261560	7.57	0	112
ptg002113l_1_region	563223	4261560	7.57	0	112
ptg002114l_1	1155595	7403057	6.41	0	33
ptg002114l_1_region	1155595	7403057	6.41	0	33
ptg002115l_1	199197	650199	3.26	0	14
ptg002115l_1_region	199197	650199	3.26	0	14
ptg002116l_1	100558	273167	2.72	0	20
ptg002116l_1_region	100558	273167	2.72	0	20
ptg002117l_1	722058	3881946	5.38	0	19
ptg002117l_1_region	722058	3881946	5.38	0	19
ptg002118l_1	335038	1340543	4.00	0	14
ptg002118l_1_region	335038	1340543	4.00	0	14
ptg002119l_1	778402	3887050	4.99	0	14
ptg002119l_1_region	778402	3887050	4.99	0	14
ptg002120l_1	404942	2260961	5.58	0	23
ptg002120l_1_region	404942	2260961	5.58	0	23
ptg002122l_1	209234	562859	2.69	0	15
ptg002122l_1_region	209234	562859	2.69	0	15
ptg002123l_1	1839336	10477187	5.70	0	56
ptg002123l_1_region	1839336	10477187	5.70	0	56
ptg002125l_1	559331	2747869	4.91	0	17
ptg002125l_1_region	559331	2747869	4.91	0	17
ptg002126l_1	302316	1413752	4.68	0	16
ptg002126l_1_region	302316	1413752	4.68	0	16
ptg002127l_1	327451	1215744	3.71	0	13
ptg002127l_1_region	327451	1215744	3.71	0	13
ptg002128l_1	1676319	7958588	4.75	0	15
ptg002128l_1_region	1676319	7958588	4.75	0	15
ptg002129l_1	786848	4020986	5.11	0	15
ptg002129l_1_region	786848	4020986	5.11	0	15
ptg002130l_1	173261	1317655	7.61	0	35
ptg002130l_1_region	173261	1317655	7.61	0	35
ptg002132l_1	192090	792575	4.13	0	32
ptg002132l_1_region	192090	792575	4.13	0	32
ptg002133l_1	553347	2467818	4.46	0	32
ptg002133l_1_region	553347	2467818	4.46	0	32
ptg002134l_1	402038	1953393	4.86	0	14
ptg002134l_1_region	402038	1953393	4.86	0	14
ptg002135l_1	817787	4122486	5.04	0	28
ptg002135l_1_region	817787	4122486	5.04	0	28
ptg002136l_1	109762	652317	5.94	0	33
ptg002136l_1_region	109762	652317	5.94	0	33
ptg002137l_1	1324800	7655533	5.78	0	22
ptg002137l_1_region	1324800	7655533	5.78	0	22
ptg002140l_1	321742	837105	2.60	0	14
ptg002140l_1_region	321742	837105	2.60	0	14
ptg002141l_1	581418	2027746	3.49	0	12
ptg002141l_1_region	581418	2027746	3.49	0	12
ptg002143l_1	1334480	7247014	5.43	0	21
ptg002143l_1_region	1334480	7247014	5.43	0	21
ptg002144l_1	367063	1752855	4.78	0	15
ptg002144l_1_region	367063	1752855	4.78	0	15
ptg002145l_1	33771	115931	3.43	0	9
ptg002145l_1_region	33771	115931	3.43	0	9
ptg002146l_1	161457	537858	3.33	0	11
ptg002146l_1_region	161457	537858	3.33	0	11
ptg002147l_1	674418	3583269	5.31	0	22
ptg002147l_1_region	674418	3583269	5.31	0	22
ptg002150l_1	1185498	5391078	4.55	0	15
ptg002150l_1_region	1185498	5391078	4.55	0	15
ptg002151l_1	252856	834268	3.30	0	20
ptg002151l_1_region	252856	834268	3.30	0	20
ptg002152l_1	276178	1585417	5.74	0	17
ptg002152l_1_region	276178	1585417	5.74	0	17
ptg002153l_1	767386	3752300	4.89	0	17
ptg002153l_1_region	767386	3752300	4.89	0	17
ptg002154l_1	57966	197385	3.41	0	12
ptg002154l_1_region	57966	197385	3.41	0	12
ptg002155l_1	187964	684390	3.64	0	13
ptg002155l_1_region	187964	684390	3.64	0	13
ptg002158l_1	170167	738283	4.34	0	16
ptg002158l_1_region	170167	738283	4.34	0	16
ptg002159l_1	993280	4616927	4.65	0	19
ptg002159l_1_region	993280	4616927	4.65	0	19
ptg002160l_1	445316	2491796	5.60	0	19
ptg002160l_1_region	445316	2491796	5.60	0	19
ptg002162l_1	1171903	5126601	4.37	0	22
ptg002162l_1_region	1171903	5126601	4.37	0	22
ptg002163l_1	23151	58080	2.51	0	9
ptg002163l_1_region	23151	58080	2.51	0	9
ptg002165l_1	278253	1582124	5.69	0	20
ptg002165l_1_region	278253	1582124	5.69	0	20
ptg002166l_1	344945	1398203	4.05	0	13
ptg002166l_1_region	344945	1398203	4.05	0	13
ptg002167l_1	416831	1609469	3.86	0	14
ptg002167l_1_region	416831	1609469	3.86	0	14
ptg002169l_1	57879	153576	2.65	0	15
ptg002169l_1_region	57879	153576	2.65	0	15
ptg002171l_1	1469202	6674091	4.54	0	17
ptg002171l_1_region	1469202	6674091	4.54	0	17
ptg002172l_1	723626	3653715	5.05	0	16
ptg002172l_1_region	723626	3653715	5.05	0	16
ptg002174l_1	489822	4417583	9.02	0	30
ptg002174l_1_region	489822	4417583	9.02	0	30
ptg002175l_1	138050	643375	4.66	0	12
ptg002175l_1_region	138050	643375	4.66	0	12
ptg002177l_1	794112	6633149	8.35	0	110
ptg002177l_1_region	794112	6633149	8.35	0	110
ptg002178l_1	187683	468306	2.50	0	13
ptg002178l_1_region	187683	468306	2.50	0	13
ptg002179l_1	1267357	6137125	4.84	0	25
ptg002179l_1_region	1267357	6137125	4.84	0	25
ptg002180l_1	1095559	4533321	4.14	0	40
ptg002180l_1_region	1095559	4533321	4.14	0	40
ptg002182l_1	314882	1831880	5.82	0	20
ptg002182l_1_region	314882	1831880	5.82	0	20
ptg002183l_1	202440	692093	3.42	0	13
ptg002183l_1_region	202440	692093	3.42	0	13
ptg002184l_1	1583132	9172359	5.79	0	17
ptg002184l_1_region	1583132	9172359	5.79	0	17
ptg002187l_1	1261500	6344625	5.03	0	15
ptg002187l_1_region	1261500	6344625	5.03	0	15
ptg002189l_1	1078290	5392523	5.00	0	24
ptg002189l_1_region	1078290	5392523	5.00	0	24
ptg002190l_1	1633389	7619888	4.67	0	24
ptg002190l_1_region	1633389	7619888	4.67	0	24
ptg002191l_1	1385450	7261109	5.24	0	24
ptg002191l_1_region	1385450	7261109	5.24	0	24
ptg002192l_1	1138718	5960889	5.23	0	16
ptg002192l_1_region	1138718	5960889	5.23	0	16
ptg002193l_1	178546	919513	5.15	0	22
ptg002193l_1_region	178546	919513	5.15	0	22
ptg002195l_1	564493	3195095	5.66	0	18
ptg002195l_1_region	564493	3195095	5.66	0	18
ptg002196l_1	395103	2045675	5.18	0	24
ptg002196l_1_region	395103	2045675	5.18	0	24
ptg002197l_1	544310	842593	1.55	0	23
ptg002197l_1_region	544310	842593	1.55	0	23
ptg002199l_1	968788	5848869	6.04	0	24
ptg002199l_1_region	968788	5848869	6.04	0	24
ptg002200l_1	1031499	5307110	5.15	0	21
ptg002200l_1_region	1031499	5307110	5.15	0	21
ptg002201l_1	503645	1886672	3.75	0	22
ptg002201l_1_region	503645	1886672	3.75	0	22
ptg002202l_1	727298	3256490	4.48	0	18
ptg002202l_1_region	727298	3256490	4.48	0	18
ptg002203l_1	503590	1018698	2.02	0	18
ptg002203l_1_region	503590	1018698	2.02	0	18
ptg002205l_1	435847	2321170	5.33	0	15
ptg002205l_1_region	435847	2321170	5.33	0	15
ptg002207l_1	227546	1147219	5.04	0	16
ptg002207l_1_region	227546	1147219	5.04	0	16
ptg002208l_1	1339831	9412349	7.03	0	90
ptg002208l_1_region	1339831	9412349	7.03	0	90
ptg002209l_1	115204	518732	4.50	0	12
ptg002209l_1_region	115204	518732	4.50	0	12
ptg002212l_1	3139118	16595705	5.29	0	44
ptg002212l_1_region	3139118	16595705	5.29	0	44
ptg002216l_1	2118298	11148217	5.26	0	18
ptg002216l_1_region	2118298	11148217	5.26	0	18
ptg002218l_1	583826	4239960	7.26	0	55
ptg002218l_1_region	583826	4239960	7.26	0	55
ptg002219l_1	1415541	5778295	4.08	0	32
ptg002219l_1_region	1415541	5778295	4.08	0	32
ptg002221l_1	113257	477185	4.21	0	14
ptg002221l_1_region	113257	477185	4.21	0	14
ptg002222l_1	317670	1425725	4.49	0	13
ptg002222l_1_region	317670	1425725	4.49	0	13
ptg002223l_1	278858	1098145	3.94	0	11
ptg002223l_1_region	278858	1098145	3.94	0	11
ptg002224l_1	522524	2746367	5.26	0	40
ptg002224l_1_region	522524	2746367	5.26	0	40
ptg002225l_1	1359822	7241545	5.33	0	22
ptg002225l_1_region	1359822	7241545	5.33	0	22
ptg002226l_1	528110	2637919	5.00	0	16
ptg002226l_1_region	528110	2637919	5.00	0	16
ptg002227l_1	625106	2831346	4.53	0	20
ptg002227l_1_region	625106	2831346	4.53	0	20
ptg002230l_1	65174	151184	2.32	0	12
ptg002230l_1_region	65174	151184	2.32	0	12
ptg002232l_1	909811	4109054	4.52	0	37
ptg002232l_1_region	909811	4109054	4.52	0	37
ptg002234l_1	996606	3407873	3.42	0	19
ptg002234l_1_region	996606	3407873	3.42	0	19
ptg002235l_1	962819	4973141	5.17	0	18
ptg002235l_1_region	962819	4973141	5.17	0	18
ptg002236l_1	540754	1936702	3.58	0	13
ptg002236l_1_region	540754	1936702	3.58	0	13
ptg002239l_1	1098770	5258506	4.79	0	24
ptg002239l_1_region	1098770	5258506	4.79	0	24
ptg002240l_1	924082	4050517	4.38	0	18
ptg002240l_1_region	924082	4050517	4.38	0	18
ptg002242l_1	280589	1333926	4.75	0	18
ptg002242l_1_region	280589	1333926	4.75	0	18
ptg002243l_1	209307	965888	4.61	0	12
ptg002243l_1_region	209307	965888	4.61	0	12
ptg002244l_1	318487	1848688	5.80	0	24
ptg002244l_1_region	318487	1848688	5.80	0	24
ptg002245l_1	1190942	5962185	5.01	0	16
ptg002245l_1_region	1190942	5962185	5.01	0	16
ptg002246l_1	203570	908522	4.46	0	13
ptg002246l_1_region	203570	908522	4.46	0	13
ptg002247l_1	448796	2174311	4.84	0	23
ptg002247l_1_region	448796	2174311	4.84	0	23
ptg002250l_1	1535836	7550462	4.92	0	18
ptg002250l_1_region	1535836	7550462	4.92	0	18
ptg002251l_1	825746	2599376	3.15	0	17
ptg002251l_1_region	825746	2599376	3.15	0	17
ptg002253l_1	243023	1117725	4.60	0	13
ptg002253l_1_region	243023	1117725	4.60	0	13
ptg002255l_1	495252	2317223	4.68	0	16
ptg002255l_1_region	495252	2317223	4.68	0	16
ptg002256l_1	105129	106837	1.02	0	7
ptg002256l_1_region	105129	106837	1.02	0	7
ptg002257l_1	399967	3526353	8.82	0	31
ptg002257l_1_region	399967	3526353	8.82	0	31
ptg002259l_1	699846	2691183	3.85	0	44
ptg002259l_1_region	699846	2691183	3.85	0	44
ptg002260l_1	1414582	6927934	4.90	0	21
ptg002260l_1_region	1414582	6927934	4.90	0	21
ptg002263l_1	432538	2685157	6.21	0	73
ptg002263l_1_region	432538	2685157	6.21	0	73
ptg002264l_1	53862	80166	1.49	0	9
ptg002264l_1_region	53862	80166	1.49	0	9
ptg002266l_1	44412	182945	4.12	0	11
ptg002266l_1_region	44412	182945	4.12	0	11
ptg002269l_1	2212663	9750296	4.41	0	25
ptg002269l_1_region	2212663	9750296	4.41	0	25
ptg002270l_1	785896	3506887	4.46	0	15
ptg002270l_1_region	785896	3506887	4.46	0	15
ptg002273l_1	258228	1283077	4.97	0	14
ptg002273l_1_region	258228	1283077	4.97	0	14
ptg002274l_1	420987	1929091	4.58	0	13
ptg002274l_1_region	420987	1929091	4.58	0	13
ptg002275l_1	19781	133307	6.74	0	14
ptg002275l_1_region	19781	133307	6.74	0	14
ptg002276l_1	444483	1778742	4.00	0	15
ptg002276l_1_region	444483	1778742	4.00	0	15
ptg002277l_1	776842	4080550	5.25	0	28
ptg002277l_1_region	776842	4080550	5.25	0	28
ptg002278l_1	148880	639770	4.30	0	14
ptg002278l_1_region	148880	639770	4.30	0	14
ptg002279l_1	1239694	5164472	4.17	0	37
ptg002279l_1_region	1239694	5164472	4.17	0	37
ptg002280l_1	546573	2081009	3.81	0	13
ptg002280l_1_region	546573	2081009	3.81	0	13
ptg002282l_1	820857	2775840	3.38	0	19
ptg002282l_1_region	820857	2775840	3.38	0	19
ptg002284l_1	326613	1303076	3.99	0	38
ptg002284l_1_region	326613	1303076	3.99	0	38
ptg002286l_1	222899	688671	3.09	0	12
ptg002286l_1_region	222899	688671	3.09	0	12
ptg002287l_1	246043	946689	3.85	0	18
ptg002287l_1_region	246043	946689	3.85	0	18
ptg002288l_1	1159033	5395645	4.66	0	22
ptg002288l_1_region	1159033	5395645	4.66	0	22
ptg002289l_1	1084247	4973883	4.59	0	21
ptg002289l_1_region	1084247	4973883	4.59	0	21
ptg002290l_1	122304	567758	4.64	0	13
ptg002290l_1_region	122304	567758	4.64	0	13
ptg002295l_1	193341	923262	4.78	0	14
ptg002295l_1_region	193341	923262	4.78	0	14
ptg002297l_1	2246223	13047785	5.81	0	46
ptg002297l_1_region	2246223	13047785	5.81	0	46
ptg002299l_1	689035	2851463	4.14	0	18
ptg002299l_1_region	689035	2851463	4.14	0	18
ptg002300l_1	1285662	7155393	5.57	0	24
ptg002300l_1_region	1285662	7155393	5.57	0	24
ptg002301l_1	1206907	5818512	4.82	0	15
ptg002301l_1_region	1206907	5818512	4.82	0	15
ptg002302l_1	1487420	7668181	5.16	0	17
ptg002302l_1_region	1487420	7668181	5.16	0	17
ptg002304l_1	225963	754703	3.34	0	9
ptg002304l_1_region	225963	754703	3.34	0	9
ptg002306l_1	620095	3266077	5.27	0	15
ptg002306l_1_region	620095	3266077	5.27	0	15
ptg002307l_1	1195977	4273355	3.57	0	64
ptg002307l_1_region	1195977	4273355	3.57	0	64
ptg002309l_1	1169446	5120858	4.38	0	17
ptg002309l_1_region	1169446	5120858	4.38	0	17
ptg002310l_1	1222123	5867665	4.80	0	16
ptg002310l_1_region	1222123	5867665	4.80	0	16
ptg002311l_1	303256	1396296	4.60	0	16
ptg002311l_1_region	303256	1396296	4.60	0	16
ptg002312l_1	116142	510631	4.40	0	12
ptg002312l_1_region	116142	510631	4.40	0	12
ptg002313l_1	564411	2088789	3.70	0	15
ptg002313l_1_region	564411	2088789	3.70	0	15
ptg002314l_1	230165	1033135	4.49	0	13
ptg002314l_1_region	230165	1033135	4.49	0	13
ptg002315l_1	1133032	5853212	5.17	0	19
ptg002315l_1_region	1133032	5853212	5.17	0	19
ptg002316l_1	703270	6015717	8.55	0	69
ptg002316l_1_region	703270	6015717	8.55	0	69
ptg002317l_1	283710	2070524	7.30	0	20
ptg002317l_1_region	283710	2070524	7.30	0	20
ptg002318l_1	208437	1147428	5.50	0	15
ptg002318l_1_region	208437	1147428	5.50	0	15
ptg002320l_1	355430	2929120	8.24	0	48
ptg002320l_1_region	355430	2929120	8.24	0	48
ptg002321l_1	298864	1360442	4.55	0	17
ptg002321l_1_region	298864	1360442	4.55	0	17
ptg002322l_1	676365	3238325	4.79	0	16
ptg002322l_1_region	676365	3238325	4.79	0	16
ptg002326l_1	197441	1017087	5.15	0	47
ptg002326l_1_region	197441	1017087	5.15	0	47
ptg002327l_1	411886	1586553	3.85	0	13
ptg002327l_1_region	411886	1586553	3.85	0	13
ptg002328l_1	735999	3576310	4.86	0	22
ptg002328l_1_region	735999	3576310	4.86	0	22
ptg002330l_1	516465	2163154	4.19	0	13
ptg002330l_1_region	516465	2163154	4.19	0	13
ptg002331l_1	886097	4510251	5.09	0	32
ptg002331l_1_region	886097	4510251	5.09	0	32
ptg002332l_1	42048	120634	2.87	0	9
ptg002332l_1_region	42048	120634	2.87	0	9
ptg002334l_1	1924100	9481866	4.93	0	25
ptg002334l_1_region	1924100	9481866	4.93	0	25
ptg002335l_1	485293	1677562	3.46	0	32
ptg002335l_1_region	485293	1677562	3.46	0	32
ptg002337l_1	492878	2773190	5.63	0	16
ptg002337l_1_region	492878	2773190	5.63	0	16
ptg002338l_1	325430	595034	1.83	0	13
ptg002338l_1_region	325430	595034	1.83	0	13
ptg002339l_1	624493	3086067	4.94	0	15
ptg002339l_1_region	624493	3086067	4.94	0	15
ptg002340l_1	670279	2817320	4.20	0	144
ptg002340l_1_region	670279	2817320	4.20	0	144
ptg002341l_1	431050	2361941	5.48	0	21
ptg002341l_1_region	431050	2361941	5.48	0	21
ptg002342l_1	1555587	9644366	6.20	0	27
ptg002342l_1_region	1555587	9644366	6.20	0	27
ptg002343l_1	211754	1003173	4.74	0	11
ptg002343l_1_region	211754	1003173	4.74	0	11
ptg002344l_1	368976	2317053	6.28	0	19
ptg002344l_1_region	368976	2317053	6.28	0	19
ptg002345l_1	168146	671823	4.00	0	13
ptg002345l_1_region	168146	671823	4.00	0	13
ptg002347l_1	100646	302542	3.01	0	11
ptg002347l_1_region	100646	302542	3.01	0	11
ptg002348l_1	34377	107697	3.13	0	7
ptg002348l_1_region	34377	107697	3.13	0	7
ptg002349l_1	184718	898279	4.86	0	19
ptg002349l_1_region	184718	898279	4.86	0	19
ptg002350l_1	1017277	4848056	4.77	0	18
ptg002350l_1_region	1017277	4848056	4.77	0	18
ptg002351l_1	157394	525658	3.34	0	12
ptg002351l_1_region	157394	525658	3.34	0	12
ptg002353l_1	293587	1149672	3.92	0	13
ptg002353l_1_region	293587	1149672	3.92	0	13
ptg002355l_1	110558	237241	2.15	0	7
ptg002355l_1_region	110558	237241	2.15	0	7
ptg002357l_1	249615	1461386	5.85	0	90
ptg002357l_1_region	249615	1461386	5.85	0	90
ptg002359l_1	2351705	12944286	5.50	0	24
ptg002359l_1_region	2351705	12944286	5.50	0	24
ptg002365l_1	1204263	6276032	5.21	0	18
ptg002365l_1_region	1204263	6276032	5.21	0	18
ptg002366l_1	1053124	5472714	5.20	0	19
ptg002366l_1_region	1053124	5472714	5.20	0	19
ptg002368l_1	1056221	5036717	4.77	0	18
ptg002368l_1_region	1056221	5036717	4.77	0	18
ptg002369l_1	384885	1971653	5.12	0	20
ptg002369l_1_region	384885	1971653	5.12	0	20
ptg002370l_1	224807	1113805	4.95	0	13
ptg002370l_1_region	224807	1113805	4.95	0	13
ptg002371l_1	257716	1112242	4.32	0	13
ptg002371l_1_region	257716	1112242	4.32	0	13
ptg002372l_1	292198	1654169	5.66	0	151
ptg002372l_1_region	292198	1654169	5.66	0	151
ptg002373l_1	324793	1630426	5.02	0	20
ptg002373l_1_region	324793	1630426	5.02	0	20
ptg002374l_1	240703	735063	3.05	0	11
ptg002374l_1_region	240703	735063	3.05	0	11
ptg002375l_1	393800	1607370	4.08	0	17
ptg002375l_1_region	393800	1607370	4.08	0	17
ptg002377l_1	84115	203106	2.41	0	33
ptg002377l_1_region	84115	203106	2.41	0	33
ptg002381l_1	801894	4410250	5.50	0	16
ptg002381l_1_region	801894	4410250	5.50	0	16
ptg002382l_1	760228	3105272	4.08	0	33
ptg002382l_1_region	760228	3105272	4.08	0	33
ptg002383l_1	449745	1738690	3.87	0	13
ptg002383l_1_region	449745	1738690	3.87	0	13
ptg002384l_1	632115	3477752	5.50	0	26
ptg002384l_1_region	632115	3477752	5.50	0	26
ptg002385l_1	57557	160084	2.78	0	9
ptg002385l_1_region	57557	160084	2.78	0	9
ptg002386l_1	510055	2660084	5.22	0	30
ptg002386l_1_region	510055	2660084	5.22	0	30
ptg002387l_1	312100	1589487	5.09	0	13
ptg002387l_1_region	312100	1589487	5.09	0	13
ptg002391l_1	319978	1053174	3.29	0	81
ptg002391l_1_region	319978	1053174	3.29	0	81
ptg002393l_1	1357793	11967586	8.81	0	50
ptg002393l_1_region	1357793	11967586	8.81	0	50
ptg002396l_1	361459	1919691	5.31	0	25
ptg002396l_1_region	361459	1919691	5.31	0	25
ptg002397l_1	632751	3415557	5.40	0	16
ptg002397l_1_region	632751	3415557	5.40	0	16
ptg002398l_1	68432	319015	4.66	0	12
ptg002398l_1_region	68432	319015	4.66	0	12
ptg002400l_1	2121513	11519214	5.43	0	18
ptg002400l_1_region	2121513	11519214	5.43	0	18
ptg002401l_1	47742	231077	4.84	0	14
ptg002401l_1_region	47742	231077	4.84	0	14
ptg002402l_1	414387	2261038	5.46	0	17
ptg002402l_1_region	414387	2261038	5.46	0	17
ptg002403l_1	90289	184398	2.04	0	8
ptg002403l_1_region	90289	184398	2.04	0	8
ptg002405l_1	565486	2255414	3.99	0	16
ptg002405l_1_region	565486	2255414	3.99	0	16
ptg002406l_1	528215	3401353	6.44	0	27
ptg002406l_1_region	528215	3401353	6.44	0	27
ptg002407l_1	406838	1589562	3.91	0	13
ptg002407l_1_region	406838	1589562	3.91	0	13
ptg002408l_1	1734447	9095088	5.24	0	18
ptg002408l_1_region	1734447	9095088	5.24	0	18
ptg002409l_1	231184	1179533	5.10	0	16
ptg002409l_1_region	231184	1179533	5.10	0	16
ptg002410l_1	614759	4765843	7.75	0	24
ptg002410l_1_region	614759	4765843	7.75	0	24
ptg002411l_1	1430781	12356951	8.64	0	318
ptg002411l_1_region	1430781	12356951	8.64	0	318
ptg002412l_1	260825	1109591	4.25	0	16
ptg002412l_1_region	260825	1109591	4.25	0	16
ptg002415l_1	394637	988888	2.51	0	27
ptg002415l_1_region	394637	988888	2.51	0	27
ptg002419l_1	93231	265452	2.85	0	13
ptg002419l_1_region	93231	265452	2.85	0	13
ptg002421l_1	1206770	6976956	5.78	0	32
ptg002421l_1_region	1206770	6976956	5.78	0	32
ptg002423l_1	690371	3460665	5.01	0	20
ptg002423l_1_region	690371	3460665	5.01	0	20
ptg002425l_1	389676	2286087	5.87	0	14
ptg002425l_1_region	389676	2286087	5.87	0	14
ptg002427l_1	208080	827734	3.98	0	17
ptg002427l_1_region	208080	827734	3.98	0	17
ptg002428l_1	1330395	6357792	4.78	0	20
ptg002428l_1_region	1330395	6357792	4.78	0	20
ptg002429l_1	879174	2785233	3.17	0	16
ptg002429l_1_region	879174	2785233	3.17	0	16
ptg002430l_1	1165081	7610687	6.53	0	54
ptg002430l_1_region	1165081	7610687	6.53	0	54
ptg002431l_1	965398	4100077	4.25	0	15
ptg002431l_1_region	965398	4100077	4.25	0	15
ptg002434l_1	155169	634359	4.09	0	12
ptg002434l_1_region	155169	634359	4.09	0	12
ptg002435l_1	740632	3667963	4.95	0	15
ptg002435l_1_region	740632	3667963	4.95	0	15
ptg002437l_1	699133	3182010	4.55	0	97
ptg002437l_1_region	699133	3182010	4.55	0	97
ptg002440l_1	1328733	5793084	4.36	0	15
ptg002440l_1_region	1328733	5793084	4.36	0	15
ptg002441l_1	847477	5310616	6.27	0	22
ptg002441l_1_region	847477	5310616	6.27	0	22
ptg002442l_1	384852	1753969	4.56	0	15
ptg002442l_1_region	384852	1753969	4.56	0	15
ptg002443l_1	371432	1687059	4.54	0	14
ptg002443l_1_region	371432	1687059	4.54	0	14
ptg002444l_1	489777	1831928	3.74	0	13
ptg002444l_1_region	489777	1831928	3.74	0	13
ptg002445l_1	451474	1335678	2.96	0	28
ptg002445l_1_region	451474	1335678	2.96	0	28
ptg002446l_1	182718	675840	3.70	0	13
ptg002446l_1_region	182718	675840	3.70	0	13
ptg002448l_1	954931	4532122	4.75	0	19
ptg002448l_1_region	954931	4532122	4.75	0	19
ptg002450l_1	135526	695043	5.13	0	37
ptg002450l_1_region	135526	695043	5.13	0	37
ptg002451l_1	732915	3435431	4.69	0	25
ptg002451l_1_region	732915	3435431	4.69	0	25
ptg002453l_1	170747	852056	4.99	0	26
ptg002453l_1_region	170747	852056	4.99	0	26
ptg002454l_1	282224	1440995	5.11	0	23
ptg002454l_1_region	282224	1440995	5.11	0	23
ptg002456l_1	355964	1247754	3.51	0	34
ptg002456l_1_region	355964	1247754	3.51	0	34
ptg002457l_1	141496	803597	5.68	0	18
ptg002457l_1_region	141496	803597	5.68	0	18
ptg002458l_1	1212867	8171072	6.74	0	43
ptg002458l_1_region	1212867	8171072	6.74	0	43
ptg002459l_1	66848	313651	4.69	0	13
ptg002459l_1_region	66848	313651	4.69	0	13
ptg002463l_1	25573	67652	2.65	0	10
ptg002463l_1_region	25573	67652	2.65	0	10
ptg002464l_1	618798	3495927	5.65	0	55
ptg002464l_1_region	618798	3495927	5.65	0	55
ptg002465l_1	412475	1833561	4.45	0	155
ptg002465l_1_region	412475	1833561	4.45	0	155
ptg002466l_1	1324345	6743116	5.09	0	23
ptg002466l_1_region	1324345	6743116	5.09	0	23
ptg002467l_1	193495	655188	3.39	0	11
ptg002467l_1_region	193495	655188	3.39	0	11
ptg002468l_1	107186	306869	2.86	0	10
ptg002468l_1_region	107186	306869	2.86	0	10
ptg002469l_1	863783	4034137	4.67	0	23
ptg002469l_1_region	863783	4034137	4.67	0	23
ptg002471l_1	245479	941264	3.83	0	10
ptg002471l_1_region	245479	941264	3.83	0	10
ptg002474l_1	237547	855325	3.60	0	14
ptg002474l_1_region	237547	855325	3.60	0	14
ptg002477l_1	73373	396611	5.41	0	43
ptg002477l_1_region	73373	396611	5.41	0	43
ptg002478l_1	2551444	14892552	5.84	0	35
ptg002478l_1_region	2551444	14892552	5.84	0	35
ptg002479l_1	191490	589020	3.08	0	13
ptg002479l_1_region	191490	589020	3.08	0	13
ptg002481l_1	395760	2040812	5.16	0	34
ptg002481l_1_region	395760	2040812	5.16	0	34
ptg002483l_1	16723	62471	3.74	0	6
ptg002483l_1_region	16723	62471	3.74	0	6
ptg002484l_1	121994	640683	5.25	0	14
ptg002484l_1_region	121994	640683	5.25	0	14
ptg002487l_1	234007	725122	3.10	0	14
ptg002487l_1_region	234007	725122	3.10	0	14
ptg002488l_1	616042	261634	0.42	0	12
ptg002488l_1_region	616042	261634	0.42	0	12
ptg002489l_1	63982	325428	5.09	0	15
ptg002489l_1_region	63982	325428	5.09	0	15
ptg002497l_1	86331	447950	5.19	0	15
ptg002497l_1_region	86331	447950	5.19	0	15
ptg002498l_1	590928	2423575	4.10	0	13
ptg002498l_1_region	590928	2423575	4.10	0	13
ptg002499l_1	1481003	7467718	5.04	0	29
ptg002499l_1_region	1481003	7467718	5.04	0	29
ptg002500l_1	526990	2482163	4.71	0	14
ptg002500l_1_region	526990	2482163	4.71	0	14
ptg002506l_1	517212	2071876	4.01	0	27
ptg002506l_1_region	517212	2071876	4.01	0	27
ptg002508l_1	559891	2742281	4.90	0	22
ptg002508l_1_region	559891	2742281	4.90	0	22
ptg002510l_1	408814	1512867	3.70	0	13
ptg002510l_1_region	408814	1512867	3.70	0	13
ptg002511l_1	958141	5107122	5.33	0	20
ptg002511l_1_region	958141	5107122	5.33	0	20
ptg002512l_1	2226325	10041287	4.51	0	57
ptg002512l_1_region	2226325	10041287	4.51	0	57
ptg002515l_1	536683	2048316	3.82	0	16
ptg002515l_1_region	536683	2048316	3.82	0	16
ptg002516l_1	1207246	6777078	5.61	0	22
ptg002516l_1_region	1207246	6777078	5.61	0	22
ptg002520l_1	566331	1826686	3.23	0	23
ptg002520l_1_region	566331	1826686	3.23	0	23
ptg002521l_1	154109	538875	3.50	0	18
ptg002521l_1_region	154109	538875	3.50	0	18
ptg002523l_1	680828	3097352	4.55	0	19
ptg002523l_1_region	680828	3097352	4.55	0	19
ptg002525l_1	85831	151355	1.76	0	10
ptg002525l_1_region	85831	151355	1.76	0	10
ptg002526l_1	143803	505438	3.51	0	17
ptg002526l_1_region	143803	505438	3.51	0	17
ptg002527l_1	174924	623488	3.56	0	12
ptg002527l_1_region	174924	623488	3.56	0	12
ptg002528l_1	939124	5095545	5.43	0	23
ptg002528l_1_region	939124	5095545	5.43	0	23
ptg002530l_1	466686	1652451	3.54	0	16
ptg002530l_1_region	466686	1652451	3.54	0	16
ptg002531l_1	377026	1207096	3.20	0	48
ptg002531l_1_region	377026	1207096	3.20	0	48
ptg002533l_1	1026681	5766086	5.62	0	19
ptg002533l_1_region	1026681	5766086	5.62	0	19
ptg002535l_1	423168	3130893	7.40	0	44
ptg002535l_1_region	423168	3130893	7.40	0	44
ptg002536l_1	175724	829391	4.72	0	15
ptg002536l_1_region	175724	829391	4.72	0	15
ptg002537l_1	765670	2853051	3.73	0	28
ptg002537l_1_region	765670	2853051	3.73	0	28
ptg002540l_1	1220980	6141508	5.03	0	17
ptg002540l_1_region	1220980	6141508	5.03	0	17
ptg002541l_1	146853	762904	5.20	0	14
ptg002541l_1_region	146853	762904	5.20	0	14
ptg002542l_1	575281	3546317	6.16	0	227
ptg002542l_1_region	575281	3546317	6.16	0	227
ptg002543l_1	1145629	11590110	10.12	0	60
ptg002543l_1_region	1145629	11590110	10.12	0	60
ptg002544l_1	649184	250125	0.39	0	10
ptg002544l_1_region	649184	250125	0.39	0	10
ptg002545l_1	1127199	373033	0.33	0	9
ptg002545l_1_region	1127199	373033	0.33	0	9
ptg002546l_1	270705	678909	2.51	0	31
ptg002546l_1_region	270705	678909	2.51	0	31
ptg002550l_1	324682	1583570	4.88	0	18
ptg002550l_1_region	324682	1583570	4.88	0	18
ptg002551l_1	1980121	10646547	5.38	0	19
ptg002551l_1_region	1980121	10646547	5.38	0	19
ptg002552l_1	946866	4924655	5.20	0	15
ptg002552l_1_region	946866	4924655	5.20	0	15
ptg002553l_1	352935	111254	0.32	0	20
ptg002553l_1_region	352935	111254	0.32	0	20
ptg002555l_1	801186	1969226	2.46	0	15
ptg002555l_1_region	801186	1969226	2.46	0	15
ptg002556l_1	73489	264458	3.60	0	9
ptg002556l_1_region	73489	264458	3.60	0	9
ptg002559l_1	241773	819967	3.39	0	10
ptg002559l_1_region	241773	819967	3.39	0	10
ptg002561l_1	281402	2976177	10.58	0	116
ptg002561l_1_region	281402	2976177	10.58	0	116
ptg002563l_1	83255	412978	4.96	0	31
ptg002563l_1_region	83255	412978	4.96	0	31
ptg002565l_1	256029	1364142	5.33	0	25
ptg002565l_1_region	256029	1364142	5.33	0	25
ptg002566l_1	953533	4823689	5.06	0	13
ptg002566l_1_region	953533	4823689	5.06	0	13
ptg002567l_1	792261	3667491	4.63	0	42
ptg002567l_1_region	792261	3667491	4.63	0	42
ptg002568l_1	496165	2595052	5.23	0	55
ptg002568l_1_region	496165	2595052	5.23	0	55
ptg002569l_1	338112	1905046	5.63	0	17
ptg002569l_1_region	338112	1905046	5.63	0	17
ptg002571l_1	117103	487309	4.16	0	11
ptg002571l_1_region	117103	487309	4.16	0	11
ptg002572l_1	39226	54304	1.38	0	7
ptg002572l_1_region	39226	54304	1.38	0	7
ptg002573l_1	67820	211285	3.12	0	13
ptg002573l_1_region	67820	211285	3.12	0	13
ptg002574l_1	343659	1244618	3.62	0	16
ptg002574l_1_region	343659	1244618	3.62	0	16
ptg002575l_1	112598	431472	3.83	0	17
ptg002575l_1_region	112598	431472	3.83	0	17
ptg002576l_1	142102	723981	5.09	0	13
ptg002576l_1_region	142102	723981	5.09	0	13
ptg002580l_1	635441	3735604	5.88	0	24
ptg002580l_1_region	635441	3735604	5.88	0	24
ptg002581l_1	227450	1179199	5.18	0	17
ptg002581l_1_region	227450	1179199	5.18	0	17
ptg002582l_1	611047	2977972	4.87	0	22
ptg002582l_1_region	611047	2977972	4.87	0	22
ptg002585l_1	162216	243644	1.50	0	10
ptg002585l_1_region	162216	243644	1.50	0	10
ptg002586l_1	1085077	4981921	4.59	0	19
ptg002586l_1_region	1085077	4981921	4.59	0	19
ptg002587l_1	268729	1502167	5.59	0	25
ptg002587l_1_region	268729	1502167	5.59	0	25
ptg002588l_1	165422	785768	4.75	0	13
ptg002588l_1_region	165422	785768	4.75	0	13
ptg002593l_1	794021	4040897	5.09	0	15
ptg002593l_1_region	794021	4040897	5.09	0	15
ptg002594l_1	1295747	5643258	4.36	0	22
ptg002594l_1_region	1295747	5643258	4.36	0	22
ptg002598l_1	240271	2861607	11.91	0	93
ptg002598l_1_region	240271	2861607	11.91	0	93
ptg002599l_1	195640	664247	3.40	0	15
ptg002599l_1_region	195640	664247	3.40	0	15
ptg002600l_1	507048	2477571	4.89	0	19
ptg002600l_1_region	507048	2477571	4.89	0	19
ptg002601l_1	219901	937776	4.26	0	54
ptg002601l_1_region	219901	937776	4.26	0	54
ptg002602l_1	407068	1982538	4.87	0	23
ptg002602l_1_region	407068	1982538	4.87	0	23
ptg002604l_1	642268	2770830	4.31	0	32
ptg002604l_1_region	642268	2770830	4.31	0	32
ptg002605l_1	617573	1659731	2.69	0	13
ptg002605l_1_region	617573	1659731	2.69	0	13
ptg002608l_1	247734	894856	3.61	0	13
ptg002608l_1_region	247734	894856	3.61	0	13
ptg002609l_1	213373	1073273	5.03	0	25
ptg002609l_1_region	213373	1073273	5.03	0	25
ptg002610l_1	1117222	5024858	4.50	0	14
ptg002610l_1_region	1117222	5024858	4.50	0	14
ptg002612l_1	428432	1956908	4.57	0	16
ptg002612l_1_region	428432	1956908	4.57	0	16
ptg002613l_1	512839	1423566	2.78	0	29
ptg002613l_1_region	512839	1423566	2.78	0	29
ptg002614l_1	271669	1049705	3.86	0	65
ptg002614l_1_region	271669	1049705	3.86	0	65
ptg002615l_1	441559	5760046	13.04	0	250
ptg002615l_1_region	441559	5760046	13.04	0	250
ptg002616l_1	153670	472736	3.08	0	13
ptg002616l_1_region	153670	472736	3.08	0	13
ptg002622l_1	71555	433610	6.06	0	20
ptg002622l_1_region	71555	433610	6.06	0	20
ptg002623l_1	173644	478253	2.75	0	12
ptg002623l_1_region	173644	478253	2.75	0	12
ptg002624l_1	1221938	6711029	5.49	0	30
ptg002624l_1_region	1221938	6711029	5.49	0	30
ptg002627l_1	572029	2260371	3.95	0	15
ptg002627l_1_region	572029	2260371	3.95	0	15
ptg002630l_1	367260	1305270	3.55	0	15
ptg002630l_1_region	367260	1305270	3.55	0	15
ptg002631l_1	692297	3084993	4.46	0	17
ptg002631l_1_region	692297	3084993	4.46	0	17
ptg002632l_1	151019	1240719	8.22	0	261
ptg002632l_1_region	151019	1240719	8.22	0	261
ptg002633l_1	953831	7627898	8.00	0	115
ptg002633l_1_region	953831	7627898	8.00	0	115
ptg002634l_1	962194	5069911	5.27	0	23
ptg002634l_1_region	962194	5069911	5.27	0	23
ptg002635l_1	195716	819043	4.18	0	13
ptg002635l_1_region	195716	819043	4.18	0	13
ptg002638l_1	1179428	5950397	5.05	0	21
ptg002638l_1_region	1179428	5950397	5.05	0	21
ptg002640l_1	185546	823904	4.44	0	69
ptg002640l_1_region	185546	823904	4.44	0	69
ptg002641l_1	1426857	7571321	5.31	0	23
ptg002641l_1_region	1426857	7571321	5.31	0	23
ptg002642l_1	1376369	6756571	4.91	0	31
ptg002642l_1_region	1376369	6756571	4.91	0	31
ptg002643l_1	233358	849548	3.64	0	11
ptg002643l_1_region	233358	849548	3.64	0	11
ptg002644l_1	145717	593953	4.08	0	12
ptg002644l_1_region	145717	593953	4.08	0	12
ptg002645l_1	82621	476672	5.77	0	14
ptg002645l_1_region	82621	476672	5.77	0	14
ptg002646l_1	79690	431683	5.42	0	22
ptg002646l_1_region	79690	431683	5.42	0	22
ptg002647l_1	1030408	4542284	4.41	0	17
ptg002647l_1_region	1030408	4542284	4.41	0	17
ptg002648l_1	960319	6294624	6.55	0	23
ptg002648l_1_region	960319	6294624	6.55	0	23
ptg002649l_1	938563	4464303	4.76	0	19
ptg002649l_1_region	938563	4464303	4.76	0	19
ptg002651l_1	1122763	5519286	4.92	0	32
ptg002651l_1_region	1122763	5519286	4.92	0	32
ptg002654l_1	299240	1436756	4.80	0	14
ptg002654l_1_region	299240	1436756	4.80	0	14
ptg002655l_1	884013	4357879	4.93	0	16
ptg002655l_1_region	884013	4357879	4.93	0	16
ptg002656l_1	405180	2736509	6.75	0	216
ptg002656l_1_region	405180	2736509	6.75	0	216
ptg002658l_1	148443	692386	4.66	0	15
ptg002658l_1_region	148443	692386	4.66	0	15
ptg002659l_1	136332	1064053	7.80	0	29
ptg002659l_1_region	136332	1064053	7.80	0	29
ptg002663l_1	335784	1746821	5.20	0	40
ptg002663l_1_region	335784	1746821	5.20	0	40
ptg002668l_1	722286	2959779	4.10	0	30
ptg002668l_1_region	722286	2959779	4.10	0	30
ptg002669l_1	652330	2387502	3.66	0	19
ptg002669l_1_region	652330	2387502	3.66	0	19
ptg002670l_1	628980	2993964	4.76	0	38
ptg002670l_1_region	628980	2993964	4.76	0	38
ptg002671l_1	1109760	5754794	5.19	0	14
ptg002671l_1_region	1109760	5754794	5.19	0	14
ptg002672l_1	987726	5138898	5.20	0	17
ptg002672l_1_region	987726	5138898	5.20	0	17
ptg002673l_1	836932	4092516	4.89	0	21
ptg002673l_1_region	836932	4092516	4.89	0	21
ptg002675l_1	699574	3125682	4.47	0	15
ptg002675l_1_region	699574	3125682	4.47	0	15
ptg002676l_1	498732	1785028	3.58	0	16
ptg002676l_1_region	498732	1785028	3.58	0	16
ptg002677l_1	372738	821277	2.20	0	12
ptg002677l_1_region	372738	821277	2.20	0	12
ptg002678l_1	451813	2102212	4.65	0	24
ptg002678l_1_region	451813	2102212	4.65	0	24
ptg002679l_1	592044	3055230	5.16	0	19
ptg002679l_1_region	592044	3055230	5.16	0	19
ptg002681l_1	229901	1070680	4.66	0	11
ptg002681l_1_region	229901	1070680	4.66	0	11
ptg002682l_1	1080890	5898322	5.46	0	36
ptg002682l_1_region	1080890	5898322	5.46	0	36
ptg002683l_1	738235	3302265	4.47	0	16
ptg002683l_1_region	738235	3302265	4.47	0	16
ptg002684l_1	343220	1662419	4.84	0	29
ptg002684l_1_region	343220	1662419	4.84	0	29
ptg002686l_1	315969	986472	3.12	0	22
ptg002686l_1_region	315969	986472	3.12	0	22
ptg002688l_1	336911	1580448	4.69	0	14
ptg002688l_1_region	336911	1580448	4.69	0	14
ptg002689l_1	859099	4051297	4.72	0	19
ptg002689l_1_region	859099	4051297	4.72	0	19
ptg002690l_1	177069	152745	0.86	0	16
ptg002690l_1_region	177069	152745	0.86	0	16
ptg002693l_1	232525	1063540	4.57	0	33
ptg002693l_1_region	232525	1063540	4.57	0	33
ptg002694l_1	120782	354288	2.93	0	27
ptg002694l_1_region	120782	354288	2.93	0	27
ptg002696l_1	555435	1313113	2.36	0	12
ptg002696l_1_region	555435	1313113	2.36	0	12
ptg002697l_1	292618	1305138	4.46	0	12
ptg002697l_1_region	292618	1305138	4.46	0	12
ptg002698l_1	767691	4007891	5.22	0	19
ptg002698l_1_region	767691	4007891	5.22	0	19
ptg002701l_1	316972	1166208	3.68	0	14
ptg002701l_1_region	316972	1166208	3.68	0	14
ptg002702l_1	108287	442319	4.08	0	11
ptg002702l_1_region	108287	442319	4.08	0	11
ptg002703l_1	246811	289667	1.17	0	22
ptg002703l_1_region	246811	289667	1.17	0	22
ptg002704l_1	618001	3021233	4.89	0	23
ptg002704l_1_region	618001	3021233	4.89	0	23
ptg002705l_1	162189	558363	3.44	0	11
ptg002705l_1_region	162189	558363	3.44	0	11
ptg002707l_1	814619	2563532	3.15	0	18
ptg002707l_1_region	814619	2563532	3.15	0	18
ptg002708l_1	683633	2095559	3.07	0	21
ptg002708l_1_region	683633	2095559	3.07	0	21
ptg002711l_1	156119	743694	4.76	0	13
ptg002711l_1_region	156119	743694	4.76	0	13
ptg002712l_1	284954	838032	2.94	0	14
ptg002712l_1_region	284954	838032	2.94	0	14
ptg002713l_1	68464	532799	7.78	0	16
ptg002713l_1_region	68464	532799	7.78	0	16
ptg002714l_1	1684408	8824321	5.24	0	18
ptg002714l_1_region	1684408	8824321	5.24	0	18
ptg002716l_1	893166	4098297	4.59	0	38
ptg002716l_1_region	893166	4098297	4.59	0	38
ptg002719l_1	210114	1012808	4.82	0	17
ptg002719l_1_region	210114	1012808	4.82	0	17
ptg002721l_1	199203	1202628	6.04	0	18
ptg002721l_1_region	199203	1202628	6.04	0	18
ptg002723l_1	155574	678253	4.36	0	13
ptg002723l_1_region	155574	678253	4.36	0	13
ptg002725l_1	2343783	14671850	6.26	0	149
ptg002725l_1_region	2343783	14671850	6.26	0	149
ptg002726l_1	278214	365059	1.31	0	13
ptg002726l_1_region	278214	365059	1.31	0	13
ptg002731l_1	851686	1355980	1.59	0	29
ptg002731l_1_region	851686	1355980	1.59	0	29
ptg002733l_1	403810	1964708	4.87	0	23
ptg002733l_1_region	403810	1964708	4.87	0	23
ptg002734l_1	193946	844665	4.36	0	42
ptg002734l_1_region	193946	844665	4.36	0	42
ptg002735l_1	156379	329733	2.11	0	11
ptg002735l_1_region	156379	329733	2.11	0	11
ptg002736l_1	71317	310837	4.36	0	12
ptg002736l_1_region	71317	310837	4.36	0	12
ptg002738l_1	245103	1121641	4.58	0	35
ptg002738l_1_region	245103	1121641	4.58	0	35
ptg002739l_1	714492	3539944	4.95	0	15
ptg002739l_1_region	714492	3539944	4.95	0	15
ptg002741l_1	469532	1610750	3.43	0	14
ptg002741l_1_region	469532	1610750	3.43	0	14
ptg002742l_1	356212	2073991	5.82	0	15
ptg002742l_1_region	356212	2073991	5.82	0	15
ptg002743l_1	113807	292441	2.57	0	10
ptg002743l_1_region	113807	292441	2.57	0	10
ptg002744l_1	401524	1834722	4.57	0	16
ptg002744l_1_region	401524	1834722	4.57	0	16
ptg002746l_1	164073	708479	4.32	0	28
ptg002746l_1_region	164073	708479	4.32	0	28
ptg002747l_1	102767	596669	5.81	0	17
ptg002747l_1_region	102767	596669	5.81	0	17
ptg002748l_1	159234	1029099	6.46	0	20
ptg002748l_1_region	159234	1029099	6.46	0	20
ptg002749l_1	1325058	4357206	3.29	0	51
ptg002749l_1_region	1325058	4357206	3.29	0	51
ptg002750l_1	356870	2079698	5.83	0	68
ptg002750l_1_region	356870	2079698	5.83	0	68
ptg002751l_1	438167	2773036	6.33	0	90
ptg002751l_1_region	438167	2773036	6.33	0	90
ptg002753l_1	98594	207188	2.10	0	8
ptg002753l_1_region	98594	207188	2.10	0	8
ptg002754l_1	272433	1020748	3.75	0	18
ptg002754l_1_region	272433	1020748	3.75	0	18
ptg002755l_1	84669	281954	3.33	0	19
ptg002755l_1_region	84669	281954	3.33	0	19
ptg002756l_1	149962	326442	2.18	0	12
ptg002756l_1_region	149962	326442	2.18	0	12
ptg002757l_1	484416	2111613	4.36	0	21
ptg002757l_1_region	484416	2111613	4.36	0	21
ptg002758l_1	760958	3409559	4.48	0	15
ptg002758l_1_region	760958	3409559	4.48	0	15
ptg002759l_1	179324	628367	3.50	0	15
ptg002759l_1_region	179324	628367	3.50	0	15
ptg002760l_1	699895	3562268	5.09	0	17
ptg002760l_1_region	699895	3562268	5.09	0	17
ptg002761l_1	494818	1018858	2.06	0	11
ptg002761l_1_region	494818	1018858	2.06	0	11
ptg002763l_1	622110	3020150	4.85	0	15
ptg002763l_1_region	622110	3020150	4.85	0	15
ptg002764l_1	213456	693573	3.25	0	12
ptg002764l_1_region	213456	693573	3.25	0	12
ptg002765l_1	145428	544320	3.74	0	14
ptg002765l_1_region	145428	544320	3.74	0	14
ptg002769l_1	270064	1353251	5.01	0	14
ptg002769l_1_region	270064	1353251	5.01	0	14
ptg002770l_1	672159	2402454	3.57	0	17
ptg002770l_1_region	672159	2402454	3.57	0	17
ptg002771l_1	1024259	5318842	5.19	0	37
ptg002771l_1_region	1024259	5318842	5.19	0	37
ptg002773l_1	1894601	12348611	6.52	0	153
ptg002773l_1_region	1894601	12348611	6.52	0	153
ptg002774l_1	164735	613612	3.72	0	12
ptg002774l_1_region	164735	613612	3.72	0	12
ptg002776l_1	318508	1523476	4.78	0	15
ptg002776l_1_region	318508	1523476	4.78	0	15
ptg002778l_1	465098	1647176	3.54	0	24
ptg002778l_1_region	465098	1647176	3.54	0	24
ptg002779l_1	1238908	6548706	5.29	0	18
ptg002779l_1_region	1238908	6548706	5.29	0	18
ptg002780l_1	531956	2435428	4.58	0	14
ptg002780l_1_region	531956	2435428	4.58	0	14
ptg002783l_1	1237280	6157924	4.98	0	20
ptg002783l_1_region	1237280	6157924	4.98	0	20
ptg002788l_1	654283	2948206	4.51	0	17
ptg002788l_1_region	654283	2948206	4.51	0	17
ptg002789l_1	304856	1317828	4.32	0	17
ptg002789l_1_region	304856	1317828	4.32	0	17
ptg002790l_1	103040	320827	3.11	0	10
ptg002790l_1_region	103040	320827	3.11	0	10
ptg002791l_1	205919	888402	4.31	0	14
ptg002791l_1_region	205919	888402	4.31	0	14
ptg002792l_1	168001	640204	3.81	0	12
ptg002792l_1_region	168001	640204	3.81	0	12
ptg002795l_1	865662	3818545	4.41	0	20
ptg002795l_1_region	865662	3818545	4.41	0	20
ptg002796l_1	303923	1180321	3.88	0	203
ptg002796l_1_region	303923	1180321	3.88	0	203
ptg002797l_1	540703	2561606	4.74	0	19
ptg002797l_1_region	540703	2561606	4.74	0	19
ptg002798l_1	597708	2676926	4.48	0	35
ptg002798l_1_region	597708	2676926	4.48	0	35
ptg002799l_1	233389	1241541	5.32	0	29
ptg002799l_1_region	233389	1241541	5.32	0	29
ptg002801l_1	656686	3311669	5.04	0	24
ptg002801l_1_region	656686	3311669	5.04	0	24
ptg002802l_1	768663	2597705	3.38	0	115
ptg002802l_1_region	768663	2597705	3.38	0	115
ptg002803l_1	645832	3219709	4.99	0	17
ptg002803l_1_region	645832	3219709	4.99	0	17
ptg002804l_1	512220	1890080	3.69	0	19
ptg002804l_1_region	512220	1890080	3.69	0	19
ptg002805l_1	1218179	5661997	4.65	0	22
ptg002805l_1_region	1218179	5661997	4.65	0	22
ptg002806l_1	522444	1841860	3.53	0	13
ptg002806l_1_region	522444	1841860	3.53	0	13
ptg002807l_1	656561	3536479	5.39	0	16
ptg002807l_1_region	656561	3536479	5.39	0	16
ptg002808l_1	134712	392571	2.91	0	10
ptg002808l_1_region	134712	392571	2.91	0	10
ptg002811l_1	259953	1132316	4.36	0	19
ptg002811l_1_region	259953	1132316	4.36	0	19
ptg002812l_1	393125	1643579	4.18	0	21
ptg002812l_1_region	393125	1643579	4.18	0	21
ptg002813l_1	1551931	7387685	4.76	0	18
ptg002813l_1_region	1551931	7387685	4.76	0	18
ptg002815l_1	253073	935246	3.70	0	20
ptg002815l_1_region	253073	935246	3.70	0	20
ptg002818l_1	633994	1691643	2.67	0	15
ptg002818l_1_region	633994	1691643	2.67	0	15
ptg002819l_1	411220	1982945	4.82	0	32
ptg002819l_1_region	411220	1982945	4.82	0	32
ptg002820l_1	1517412	7655666	5.05	0	23
ptg002820l_1_region	1517412	7655666	5.05	0	23
ptg002821l_1	1227610	3808869	3.10	0	41
ptg002821l_1_region	1227610	3808869	3.10	0	41
ptg002823l_1	349323	1774050	5.08	0	25
ptg002823l_1_region	349323	1774050	5.08	0	25
ptg002825l_1	527350	13016579	24.68	0	2303
ptg002825l_1_region	527350	13016579	24.68	0	2303
ptg002826l_1	1189244	5622521	4.73	0	17
ptg002826l_1_region	1189244	5622521	4.73	0	17
ptg002833l_1	279059	1605703	5.75	0	17
ptg002833l_1_region	279059	1605703	5.75	0	17
ptg002835l_1	259021	952088	3.68	0	15
ptg002835l_1_region	259021	952088	3.68	0	15
ptg002837l_1	284762	1580361	5.55	0	21
ptg002837l_1_region	284762	1580361	5.55	0	21
ptg002838l_1	814271	2175983	2.67	0	15
ptg002838l_1_region	814271	2175983	2.67	0	15
ptg002839l_1	141449	554681	3.92	0	36
ptg002839l_1_region	141449	554681	3.92	0	36
ptg002840l_1	96201	162758	1.69	0	7
ptg002840l_1_region	96201	162758	1.69	0	7
ptg002842l_1	255704	1380433	5.40	0	15
ptg002842l_1_region	255704	1380433	5.40	0	15
ptg002843l_1	403317	2151821	5.34	0	14
ptg002843l_1_region	403317	2151821	5.34	0	14
ptg002844l_1	814112	4212472	5.17	0	15
ptg002844l_1_region	814112	4212472	5.17	0	15
ptg002845l_1	828424	6102521	7.37	0	35
ptg002845l_1_region	828424	6102521	7.37	0	35
ptg002848l_1	674272	3030284	4.49	0	20
ptg002848l_1_region	674272	3030284	4.49	0	20
ptg002849l_1	464705	1189465	2.56	0	21
ptg002849l_1_region	464705	1189465	2.56	0	21
ptg002850l_1	315774	1313025	4.16	0	14
ptg002850l_1_region	315774	1313025	4.16	0	14
ptg002851l_1	306831	1551594	5.06	0	18
ptg002851l_1_region	306831	1551594	5.06	0	18
ptg002852l_1	526373	2694373	5.12	0	22
ptg002852l_1_region	526373	2694373	5.12	0	22
ptg002853l_1	310201	800724	2.58	0	17
ptg002853l_1_region	310201	800724	2.58	0	17
ptg002854l_1	738992	2042605	2.76	0	22
ptg002854l_1_region	738992	2042605	2.76	0	22
ptg002856l_1	18283	45316	2.48	0	5
ptg002856l_1_region	18283	45316	2.48	0	5
ptg002857l_1	336216	1416093	4.21	0	16
ptg002857l_1_region	336216	1416093	4.21	0	16
ptg002858l_1	706378	3135423	4.44	0	15
ptg002858l_1_region	706378	3135423	4.44	0	15
ptg002860l_1	227090	1301204	5.73	0	19
ptg002860l_1_region	227090	1301204	5.73	0	19
ptg002861l_1	274029	631440	2.30	0	11
ptg002861l_1_region	274029	631440	2.30	0	11
ptg002864l_1	601973	3620706	6.01	0	17
ptg002864l_1_region	601973	3620706	6.01	0	17
ptg002865l_1	1330794	6155475	4.63	0	23
ptg002865l_1_region	1330794	6155475	4.63	0	23
ptg002866l_1	436545	1485284	3.40	0	17
ptg002866l_1_region	436545	1485284	3.40	0	17
ptg002867l_1	287648	1302881	4.53	0	12
ptg002867l_1_region	287648	1302881	4.53	0	12
ptg002868l_1	233639	1090558	4.67	0	16
ptg002868l_1_region	233639	1090558	4.67	0	16
ptg002871l_1	373406	1592092	4.26	0	13
ptg002871l_1_region	373406	1592092	4.26	0	13
ptg002873l_1	172183	907993	5.27	0	19
ptg002873l_1_region	172183	907993	5.27	0	19
ptg002874l_1	250820	1185354	4.73	0	15
ptg002874l_1_region	250820	1185354	4.73	0	15
ptg002875l_1	425368	2516778	5.92	0	18
ptg002875l_1_region	425368	2516778	5.92	0	18
ptg002877l_1	1583729	8553579	5.40	0	32
ptg002877l_1_region	1583729	8553579	5.40	0	32
ptg002878l_1	308259	1723267	5.59	0	19
ptg002878l_1_region	308259	1723267	5.59	0	19
ptg002879l_1	205096	994021	4.85	0	15
ptg002879l_1_region	205096	994021	4.85	0	15
ptg002881l_1	241903	1084736	4.48	0	12
ptg002881l_1_region	241903	1084736	4.48	0	12
ptg002882l_1	235155	1023376	4.35	0	15
ptg002882l_1_region	235155	1023376	4.35	0	15
ptg002884l_1	266772	1267671	4.75	0	17
ptg002884l_1_region	266772	1267671	4.75	0	17
ptg002886l_1	638744	2904231	4.55	0	16
ptg002886l_1_region	638744	2904231	4.55	0	16
ptg002887l_1	1966063	10893607	5.54	0	17
ptg002887l_1_region	1966063	10893607	5.54	0	17
ptg002889l_1	316396	1233030	3.90	0	13
ptg002889l_1_region	316396	1233030	3.90	0	13
ptg002890l_1	89558	255965	2.86	0	9
ptg002890l_1_region	89558	255965	2.86	0	9
ptg002892l_1	26322	79215	3.01	0	7
ptg002892l_1_region	26322	79215	3.01	0	7
ptg002893l_1	2477986	12078210	4.87	0	21
ptg002893l_1_region	2477986	12078210	4.87	0	21
ptg002894l_1	73818	266259	3.61	0	19
ptg002894l_1_region	73818	266259	3.61	0	19
ptg002896l_1	497150	1873445	3.77	0	16
ptg002896l_1_region	497150	1873445	3.77	0	16
ptg002897l_1	28825	122358	4.24	0	11
ptg002897l_1_region	28825	122358	4.24	0	11
ptg002898l_1	754678	3703792	4.91	0	16
ptg002898l_1_region	754678	3703792	4.91	0	16
ptg002901l_1	565949	2128535	3.76	0	18
ptg002901l_1_region	565949	2128535	3.76	0	18
ptg002903l_1	500509	2029577	4.06	0	14
ptg002903l_1_region	500509	2029577	4.06	0	14
ptg002905l_1	307342	2080448	6.77	0	20
ptg002905l_1_region	307342	2080448	6.77	0	20
ptg002906l_1	695204	3052442	4.39	0	14
ptg002906l_1_region	695204	3052442	4.39	0	14
ptg002908l_1	253110	883043	3.49	0	16
ptg002908l_1_region	253110	883043	3.49	0	16
ptg002909l_1	231814	1149963	4.96	0	14
ptg002909l_1_region	231814	1149963	4.96	0	14
ptg002912l_1	614109	2515693	4.10	0	26
ptg002912l_1_region	614109	2515693	4.10	0	26
ptg002914l_1	475465	1888399	3.97	0	23
ptg002914l_1_region	475465	1888399	3.97	0	23
ptg002915l_1	38520	134999	3.50	0	10
ptg002915l_1_region	38520	134999	3.50	0	10
ptg002916l_1	176151	542304	3.08	0	11
ptg002916l_1_region	176151	542304	3.08	0	11
ptg002917l_1	243026	993915	4.09	0	12
ptg002917l_1_region	243026	993915	4.09	0	12
ptg002919l_1	505932	2879135	5.69	0	15
ptg002919l_1_region	505932	2879135	5.69	0	15
ptg002920l_1	725595	2969505	4.09	0	14
ptg002920l_1_region	725595	2969505	4.09	0	14
ptg002921l_1	199894	680316	3.40	0	14
ptg002921l_1_region	199894	680316	3.40	0	14
ptg002922l_1	255872	1170940	4.58	0	17
ptg002922l_1_region	255872	1170940	4.58	0	17
ptg002924l_1	379284	2522032	6.65	0	63
ptg002924l_1_region	379284	2522032	6.65	0	63
ptg002925l_1	300487	1654485	5.51	0	19
ptg002925l_1_region	300487	1654485	5.51	0	19
ptg002926l_1	548776	2808261	5.12	0	14
ptg002926l_1_region	548776	2808261	5.12	0	14
ptg002928l_1	698985	2033436	2.91	0	11
ptg002928l_1_region	698985	2033436	2.91	0	11
ptg002929l_1	52721	138710	2.63	0	9
ptg002929l_1_region	52721	138710	2.63	0	9
ptg002930l_1	31254	60654	1.94	0	6
ptg002930l_1_region	31254	60654	1.94	0	6
ptg002933l_1	102805	409195	3.98	0	10
ptg002933l_1_region	102805	409195	3.98	0	10
ptg002934l_1	231185	981376	4.24	0	14
ptg002934l_1_region	231185	981376	4.24	0	14
ptg002935l_1	276975	1061183	3.83	0	12
ptg002935l_1_region	276975	1061183	3.83	0	12
ptg002937l_1	119100	282060	2.37	0	7
ptg002937l_1_region	119100	282060	2.37	0	7
ptg002939l_1	234640	1024973	4.37	0	19
ptg002939l_1_region	234640	1024973	4.37	0	19
ptg002942l_1	422856	2019881	4.78	0	20
ptg002942l_1_region	422856	2019881	4.78	0	20
ptg002943l_1	212671	634033	2.98	0	14
ptg002943l_1_region	212671	634033	2.98	0	14
ptg002946l_1	36982	50018	1.35	0	5
ptg002946l_1_region	36982	50018	1.35	0	5
ptg002948l_1	326347	1643989	5.04	0	18
ptg002948l_1_region	326347	1643989	5.04	0	18
ptg002949l_1	201198	669750	3.33	0	12
ptg002949l_1_region	201198	669750	3.33	0	12
ptg002951l_1	84545	380765	4.50	0	11
ptg002951l_1_region	84545	380765	4.50	0	11
ptg002952l_1	51605	161479	3.13	0	14
ptg002952l_1_region	51605	161479	3.13	0	14
ptg002953l_1	260774	1199481	4.60	0	13
ptg002953l_1_region	260774	1199481	4.60	0	13
ptg002954l_1	907567	3939212	4.34	0	22
ptg002954l_1_region	907567	3939212	4.34	0	22
ptg002955l_1	18030	31496	1.75	0	4
ptg002955l_1_region	18030	31496	1.75	0	4
ptg002956l_1	750790	3662023	4.88	0	22
ptg002956l_1_region	750790	3662023	4.88	0	22
ptg002958l_1	284790	1039242	3.65	0	15
ptg002958l_1_region	284790	1039242	3.65	0	15
ptg002965l_1	187430	959042	5.12	0	13
ptg002965l_1_region	187430	959042	5.12	0	13
ptg002967l_1	112334	600730	5.35	0	21
ptg002967l_1_region	112334	600730	5.35	0	21
ptg002968l_1	65625	218531	3.33	0	14
ptg002968l_1_region	65625	218531	3.33	0	14
ptg002969l_1	218321	1039796	4.76	0	17
ptg002969l_1_region	218321	1039796	4.76	0	17
ptg002973l_1	343197	1031201	3.00	0	13
ptg002973l_1_region	343197	1031201	3.00	0	13
ptg002975l_1	194381	1030522	5.30	0	13
ptg002975l_1_region	194381	1030522	5.30	0	13
ptg002976l_1	590729	3478860	5.89	0	26
ptg002976l_1_region	590729	3478860	5.89	0	26
ptg002977l_1	550364	2582834	4.69	0	36
ptg002977l_1_region	550364	2582834	4.69	0	36
ptg002979l_1	613528	2699475	4.40	0	26
ptg002979l_1_region	613528	2699475	4.40	0	26
ptg002981l_1	283107	13172489	46.53	0	215
ptg002981l_1_region	283107	13172489	46.53	0	215
ptg002983l_1	302726	1190466	3.93	0	16
ptg002983l_1_region	302726	1190466	3.93	0	16
ptg002985l_1	125926	327679	2.60	0	14
ptg002985l_1_region	125926	327679	2.60	0	14
ptg002986l_1	1482496	6653169	4.49	0	17
ptg002986l_1_region	1482496	6653169	4.49	0	17
ptg002987l_1	831456	3910495	4.70	0	15
ptg002987l_1_region	831456	3910495	4.70	0	15
ptg002992l_1	288771	1259404	4.36	0	17
ptg002992l_1_region	288771	1259404	4.36	0	17
ptg002993l_1	324007	2608604	8.05	0	161
ptg002993l_1_region	324007	2608604	8.05	0	161
ptg002997l_1	100707	322910	3.21	0	10
ptg002997l_1_region	100707	322910	3.21	0	10
ptg002999l_1	714534	1731817	2.42	0	43
ptg002999l_1_region	714534	1731817	2.42	0	43
ptg003000l_1	29891	79429	2.66	0	8
ptg003000l_1_region	29891	79429	2.66	0	8
ptg003003l_1	187478	605281	3.23	0	11
ptg003003l_1_region	187478	605281	3.23	0	11
ptg003006l_1	102077	316666	3.10	0	11
ptg003006l_1_region	102077	316666	3.10	0	11
ptg003008l_1	223466	1121263	5.02	0	13
ptg003008l_1_region	223466	1121263	5.02	0	13
ptg003012l_1	653250	2594303	3.97	0	31
ptg003012l_1_region	653250	2594303	3.97	0	31
ptg003014l_1	196510	744097	3.79	0	16
ptg003014l_1_region	196510	744097	3.79	0	16
ptg003015l_1	599431	2663008	4.44	0	13
ptg003015l_1_region	599431	2663008	4.44	0	13
ptg003017l_1	841695	2866359	3.41	0	21
ptg003017l_1_region	841695	2866359	3.41	0	21
ptg003018l_1	927015	4058125	4.38	0	16
ptg003018l_1_region	927015	4058125	4.38	0	16
ptg003019l_1	473356	2139667	4.52	0	14
ptg003019l_1_region	473356	2139667	4.52	0	14
ptg003021l_1	456709	1457614	3.19	0	12
ptg003021l_1_region	456709	1457614	3.19	0	12
ptg003023l_1	199552	652462	3.27	0	12
ptg003023l_1_region	199552	652462	3.27	0	12
ptg003024l_1	58592	208250	3.55	0	8
ptg003024l_1_region	58592	208250	3.55	0	8
ptg003025l_1	88247	298165	3.38	0	19
ptg003025l_1_region	88247	298165	3.38	0	19
ptg003026l_1	37892	111359	2.94	0	6
ptg003026l_1_region	37892	111359	2.94	0	6
ptg003027l_1	421493	1788131	4.24	0	20
ptg003027l_1_region	421493	1788131	4.24	0	20
ptg003028l_1	209323	610868	2.92	0	13
ptg003028l_1_region	209323	610868	2.92	0	13
ptg003029l_1	224105	371437	1.66	0	16
ptg003029l_1_region	224105	371437	1.66	0	16
ptg003031l_1	727919	2478657	3.41	0	22
ptg003031l_1_region	727919	2478657	3.41	0	22
ptg003032l_1	595015	4777793	8.03	0	52
ptg003032l_1_region	595015	4777793	8.03	0	52
ptg003033l_1	256665	1572001	6.12	0	36
ptg003033l_1_region	256665	1572001	6.12	0	36
ptg003034l_1	684286	2296591	3.36	0	15
ptg003034l_1_region	684286	2296591	3.36	0	15
ptg003036l_1	324317	1057955	3.26	0	17
ptg003036l_1_region	324317	1057955	3.26	0	17
ptg003037l_1	634871	1252091	1.97	0	23
ptg003037l_1_region	634871	1252091	1.97	0	23
ptg003039l_1	94392	450945	4.78	0	13
ptg003039l_1_region	94392	450945	4.78	0	13
ptg003040l_1	978893	4467907	4.56	0	16
ptg003040l_1_region	978893	4467907	4.56	0	16
ptg003041l_1	249403	1005868	4.03	0	12
ptg003041l_1_region	249403	1005868	4.03	0	12
ptg003042l_1	188836	926470	4.91	0	21
ptg003042l_1_region	188836	926470	4.91	0	21
ptg003043l_1	185862	845565	4.55	0	14
ptg003043l_1_region	185862	845565	4.55	0	14
ptg003045l_1	262074	1919964	7.33	0	71
ptg003045l_1_region	262074	1919964	7.33	0	71
ptg003049l_1	370093	2018276	5.45	0	36
ptg003049l_1_region	370093	2018276	5.45	0	36
ptg003050l_1	90193	370564	4.11	0	10
ptg003050l_1_region	90193	370564	4.11	0	10
ptg003051l_1	235673	1640477	6.96	0	27
ptg003051l_1_region	235673	1640477	6.96	0	27
ptg003052l_1	196788	767906	3.90	0	15
ptg003052l_1_region	196788	767906	3.90	0	15
ptg003056l_1	203542	670029	3.29	0	15
ptg003056l_1_region	203542	670029	3.29	0	15
ptg003057l_1	96341	391564	4.06	0	12
ptg003057l_1_region	96341	391564	4.06	0	12
ptg003058l_1	622946	2594712	4.17	0	66
ptg003058l_1_region	622946	2594712	4.17	0	66
ptg003059l_1	642230	2808957	4.37	0	29
ptg003059l_1_region	642230	2808957	4.37	0	29
ptg003061l_1	1301552	6913389	5.31	0	26
ptg003061l_1_region	1301552	6913389	5.31	0	26
ptg003067l_1	434520	1975052	4.55	0	25
ptg003067l_1_region	434520	1975052	4.55	0	25
ptg003068l_1	167978	810695	4.83	0	14
ptg003068l_1_region	167978	810695	4.83	0	14
ptg003069l_1	392164	1367886	3.49	0	16
ptg003069l_1_region	392164	1367886	3.49	0	16
ptg003070l_1	1365275	6710757	4.92	0	22
ptg003070l_1_region	1365275	6710757	4.92	0	22
ptg003071l_1	384953	1365995	3.55	0	33
ptg003071l_1_region	384953	1365995	3.55	0	33
ptg003074l_1	438358	2223741	5.07	0	27
ptg003074l_1_region	438358	2223741	5.07	0	27
ptg003075l_1	254537	925531	3.64	0	11
ptg003075l_1_region	254537	925531	3.64	0	11
ptg003076l_1	240206	183059	0.76	0	7
ptg003076l_1_region	240206	183059	0.76	0	7
ptg003077l_1	698027	4239745	6.07	0	37
ptg003077l_1_region	698027	4239745	6.07	0	37
ptg003078l_1	217632	1140607	5.24	0	18
ptg003078l_1_region	217632	1140607	5.24	0	18
ptg003079l_1	695564	2322633	3.34	0	19
ptg003079l_1_region	695564	2322633	3.34	0	19
ptg003080l_1	256801	1070141	4.17	0	26
ptg003080l_1_region	256801	1070141	4.17	0	26
ptg003083l_1	178576	966715	5.41	0	13
ptg003083l_1_region	178576	966715	5.41	0	13
ptg003084l_1	91468	465756	5.09	0	11
ptg003084l_1_region	91468	465756	5.09	0	11
ptg003085l_1	827285	3520999	4.26	0	47
ptg003085l_1_region	827285	3520999	4.26	0	47
ptg003086l_1	292176	576803	1.97	0	26
ptg003086l_1_region	292176	576803	1.97	0	26
ptg003087l_1	335056	2055146	6.13	0	72
ptg003087l_1_region	335056	2055146	6.13	0	72
ptg003088l_1	474957	2131288	4.49	0	19
ptg003088l_1_region	474957	2131288	4.49	0	19
ptg003092l_1	459322	1455003	3.17	0	19
ptg003092l_1_region	459322	1455003	3.17	0	19
ptg003093l_1	293622	890431	3.03	0	29
ptg003093l_1_region	293622	890431	3.03	0	29
ptg003098l_1	612268	2726979	4.45	0	16
ptg003098l_1_region	612268	2726979	4.45	0	16
ptg003099l_1	89564	208106	2.32	0	9
ptg003099l_1_region	89564	208106	2.32	0	9
ptg003100l_1	42366	120320	2.84	0	10
ptg003100l_1_region	42366	120320	2.84	0	10
ptg003104l_1	189340	515165	2.72	0	52
ptg003104l_1_region	189340	515165	2.72	0	52
ptg003105l_1	350386	1798519	5.13	0	21
ptg003105l_1_region	350386	1798519	5.13	0	21
ptg003106l_1	371156	1713494	4.62	0	13
ptg003106l_1_region	371156	1713494	4.62	0	13
ptg003108l_1	321236	774376	2.41	0	18
ptg003108l_1_region	321236	774376	2.41	0	18
ptg003111l_1	504553	2246040	4.45	0	16
ptg003111l_1_region	504553	2246040	4.45	0	16
ptg003113l_1	455336	1579527	3.47	0	25
ptg003113l_1_region	455336	1579527	3.47	0	25
ptg003114l_1	398642	1424865	3.57	0	17
ptg003114l_1_region	398642	1424865	3.57	0	17
ptg003115l_1	152803	960386	6.29	0	47
ptg003115l_1_region	152803	960386	6.29	0	47
ptg003116l_1	107588	378811	3.52	0	12
ptg003116l_1_region	107588	378811	3.52	0	12
ptg003117l_1	63300	240909	3.81	0	20
ptg003117l_1_region	63300	240909	3.81	0	20
ptg003118l_1	28703	52429	1.83	0	26
ptg003118l_1_region	28703	52429	1.83	0	26
ptg003119l_1	840730	2956380	3.52	0	27
ptg003119l_1_region	840730	2956380	3.52	0	27
ptg003121l_1	150766	489404	3.25	0	16
ptg003121l_1_region	150766	489404	3.25	0	16
ptg003123l_1	749735	4338419	5.79	0	24
ptg003123l_1_region	749735	4338419	5.79	0	24
ptg003125l_1	38378	134665	3.51	0	15
ptg003125l_1_region	38378	134665	3.51	0	15
ptg003127l_1	433826	2251496	5.19	0	17
ptg003127l_1_region	433826	2251496	5.19	0	17
ptg003131l_1	527823	1575672	2.99	0	28
ptg003131l_1_region	527823	1575672	2.99	0	28
ptg003132l_1	644629	2097633	3.25	0	15
ptg003132l_1_region	644629	2097633	3.25	0	15
ptg003133l_1	115277	463311	4.02	0	13
ptg003133l_1_region	115277	463311	4.02	0	13
ptg003134l_1	1041659	5638918	5.41	0	17
ptg003134l_1_region	1041659	5638918	5.41	0	17
ptg003136l_1	346314	1415173	4.09	0	14
ptg003136l_1_region	346314	1415173	4.09	0	14
ptg003137l_1	155060	720478	4.65	0	14
ptg003137l_1_region	155060	720478	4.65	0	14
ptg003139l_1	890844	4565414	5.12	0	18
ptg003139l_1_region	890844	4565414	5.12	0	18
ptg003141l_1	882401	4217599	4.78	0	26
ptg003141l_1_region	882401	4217599	4.78	0	26
ptg003144l_1	778745	3422221	4.39	0	20
ptg003144l_1_region	778745	3422221	4.39	0	20
ptg003148l_1	79040	183438	2.32	0	7
ptg003148l_1_region	79040	183438	2.32	0	7
ptg003149l_1	167368	505545	3.02	0	11
ptg003149l_1_region	167368	505545	3.02	0	11
ptg003151l_1	714812	6066717	8.49	0	132
ptg003151l_1_region	714812	6066717	8.49	0	132
ptg003152l_1	567416	2204212	3.88	0	47
ptg003152l_1_region	567416	2204212	3.88	0	47
ptg003153l_1	454350	1868744	4.11	0	14
ptg003153l_1_region	454350	1868744	4.11	0	14
ptg003154l_1	127781	521142	4.08	0	11
ptg003154l_1_region	127781	521142	4.08	0	11
ptg003155l_1	243775	1291578	5.30	0	20
ptg003155l_1_region	243775	1291578	5.30	0	20
ptg003156l_1	95108	291168	3.06	0	9
ptg003156l_1_region	95108	291168	3.06	0	9
ptg003157l_1	89940	301899	3.36	0	17
ptg003157l_1_region	89940	301899	3.36	0	17
ptg003158l_1	853556	4083099	4.78	0	30
ptg003158l_1_region	853556	4083099	4.78	0	30
ptg003159l_1	321044	1407620	4.38	0	18
ptg003159l_1_region	321044	1407620	4.38	0	18
ptg003160l_1	260367	1531589	5.88	0	15
ptg003160l_1_region	260367	1531589	5.88	0	15
ptg003163l_1	92950	433418	4.66	0	14
ptg003163l_1_region	92950	433418	4.66	0	14
ptg003167l_1	884459	3252934	3.68	0	21
ptg003167l_1_region	884459	3252934	3.68	0	21
ptg003168l_1	84549	383384	4.53	0	14
ptg003168l_1_region	84549	383384	4.53	0	14
ptg003169l_1	614328	2576742	4.19	0	53
ptg003169l_1_region	614328	2576742	4.19	0	53
ptg003170l_1	381578	1474868	3.87	0	17
ptg003170l_1_region	381578	1474868	3.87	0	17
ptg003171l_1	419340	1902669	4.54	0	19
ptg003171l_1_region	419340	1902669	4.54	0	19
ptg003173l_1	103944	415975	4.00	0	20
ptg003173l_1_region	103944	415975	4.00	0	20
ptg003174l_1	249782	13542	0.05	0	3
ptg003174l_1_region	249782	13542	0.05	0	3
ptg003175l_1	687441	3566835	5.19	0	19
ptg003175l_1_region	687441	3566835	5.19	0	19
ptg003178l_1	215012	661265	3.08	0	16
ptg003178l_1_region	215012	661265	3.08	0	16
ptg003180l_1	389635	1471691	3.78	0	14
ptg003180l_1_region	389635	1471691	3.78	0	14
ptg003181l_1	168452	172665	1.03	0	12
ptg003181l_1_region	168452	172665	1.03	0	12
ptg003183l_1	285805	1069092	3.74	0	26
ptg003183l_1_region	285805	1069092	3.74	0	26
ptg003185l_1	837942	4159086	4.96	0	16
ptg003185l_1_region	837942	4159086	4.96	0	16
ptg003186l_1	411410	1418812	3.45	0	17
ptg003186l_1_region	411410	1418812	3.45	0	17
ptg003189l_1	1516138	7966982	5.25	0	16
ptg003189l_1_region	1516138	7966982	5.25	0	16
ptg003190l_1	401154	2259776	5.63	0	14
ptg003190l_1_region	401154	2259776	5.63	0	14
ptg003193l_1	101281	343407	3.39	0	12
ptg003193l_1_region	101281	343407	3.39	0	12
ptg003194l_1	558000	1055992	1.89	0	10
ptg003194l_1_region	558000	1055992	1.89	0	10
ptg003195l_1	549103	2642373	4.81	0	25
ptg003195l_1_region	549103	2642373	4.81	0	25
ptg003196l_1	373784	1768270	4.73	0	16
ptg003196l_1_region	373784	1768270	4.73	0	16
ptg003197l_1	261764	1250525	4.78	0	18
ptg003197l_1_region	261764	1250525	4.78	0	18
ptg003198l_1	252142	1161488	4.61	0	15
ptg003198l_1_region	252142	1161488	4.61	0	15
ptg003200l_1	1117629	504342	0.45	0	24
ptg003200l_1_region	1117629	504342	0.45	0	24
ptg003202l_1	1268443	11621786	9.16	0	55
ptg003202l_1_region	1268443	11621786	9.16	0	55
ptg003203l_1	85324	401305	4.70	0	18
ptg003203l_1_region	85324	401305	4.70	0	18
ptg003204l_1	156915	669513	4.27	0	13
ptg003204l_1_region	156915	669513	4.27	0	13
ptg003206l_1	441080	1731522	3.93	0	15
ptg003206l_1_region	441080	1731522	3.93	0	15
ptg003209l_1	355934	966365	2.72	0	13
ptg003209l_1_region	355934	966365	2.72	0	13
ptg003211l_1	145875	711358	4.88	0	11
ptg003211l_1_region	145875	711358	4.88	0	11
ptg003212l_1	171258	857175	5.01	0	37
ptg003212l_1_region	171258	857175	5.01	0	37
ptg003213l_1	88161	404349	4.59	0	16
ptg003213l_1_region	88161	404349	4.59	0	16
ptg003214l_1	439839	2695531	6.13	0	23
ptg003214l_1_region	439839	2695531	6.13	0	23
ptg003216l_1	539930	6560496	12.15	0	46
ptg003216l_1_region	539930	6560496	12.15	0	46
ptg003217l_1	267892	941052	3.51	0	13
ptg003217l_1_region	267892	941052	3.51	0	13
ptg003219l_1	102167	364925	3.57	0	16
ptg003219l_1_region	102167	364925	3.57	0	16
ptg003220l_1	61835	187780	3.04	0	19
ptg003220l_1_region	61835	187780	3.04	0	19
ptg003222l_1	85235	232021	2.72	0	9
ptg003222l_1_region	85235	232021	2.72	0	9
ptg003226l_1	409248	2325615	5.68	0	87
ptg003226l_1_region	409248	2325615	5.68	0	87
ptg003227l_1	332996	1575276	4.73	0	18
ptg003227l_1_region	332996	1575276	4.73	0	18
ptg003228c_1	67057	373481	5.57	0	21
ptg003228c_1_region	67057	373481	5.57	0	21
ptg003229l_1	171120	674306	3.94	0	12
ptg003229l_1_region	171120	674306	3.94	0	12
ptg003231l_1	346427	2539177	7.33	0	40
ptg003231l_1_region	346427	2539177	7.33	0	40
ptg003232l_1	129529	479643	3.70	0	23
ptg003232l_1_region	129529	479643	3.70	0	23
ptg003234l_1	113108	226131	2.00	0	6
ptg003234l_1_region	113108	226131	2.00	0	6
ptg003235l_1	635648	2964478	4.66	0	17
ptg003235l_1_region	635648	2964478	4.66	0	17
ptg003236l_1	426032	2044928	4.80	0	22
ptg003236l_1_region	426032	2044928	4.80	0	22
ptg003240l_1	345847	1472664	4.26	0	31
ptg003240l_1_region	345847	1472664	4.26	0	31
ptg003241l_1	415916	2201460	5.29	0	20
ptg003241l_1_region	415916	2201460	5.29	0	20
ptg003244l_1	347871	1637902	4.71	0	16
ptg003244l_1_region	347871	1637902	4.71	0	16
ptg003245l_1	143631	509626	3.55	0	13
ptg003245l_1_region	143631	509626	3.55	0	13
ptg003247l_1	502812	2630591	5.23	0	20
ptg003247l_1_region	502812	2630591	5.23	0	20
ptg003248l_1	775814	3394071	4.37	0	23
ptg003248l_1_region	775814	3394071	4.37	0	23
ptg003249l_1	530657	3272151	6.17	0	72
ptg003249l_1_region	530657	3272151	6.17	0	72
ptg003250l_1	385208	1105341	2.87	0	13
ptg003250l_1_region	385208	1105341	2.87	0	13
ptg003252l_1	493296	2935289	5.95	0	168
ptg003252l_1_region	493296	2935289	5.95	0	168
ptg003253l_1	876987	4067779	4.64	0	22
ptg003253l_1_region	876987	4067779	4.64	0	22
ptg003256l_1	832059	4164786	5.01	0	18
ptg003256l_1_region	832059	4164786	5.01	0	18
ptg003257l_1	75011	322977	4.31	0	11
ptg003257l_1_region	75011	322977	4.31	0	11
ptg003259l_1	391903	1884957	4.81	0	15
ptg003259l_1_region	391903	1884957	4.81	0	15
ptg003261l_1	370463	1938374	5.23	0	16
ptg003261l_1_region	370463	1938374	5.23	0	16
ptg003263l_1	391197	1350043	3.45	0	14
ptg003263l_1_region	391197	1350043	3.45	0	14
ptg003266l_1	205766	619638	3.01	0	10
ptg003266l_1_region	205766	619638	3.01	0	10
ptg003267l_1	876139	4041648	4.61	0	22
ptg003267l_1_region	876139	4041648	4.61	0	22
ptg003268l_1	205853	497535	2.42	0	12
ptg003268l_1_region	205853	497535	2.42	0	12
ptg003269l_1	109831	517726	4.71	0	11
ptg003269l_1_region	109831	517726	4.71	0	11
ptg003270l_1	162969	831693	5.10	0	15
ptg003270l_1_region	162969	831693	5.10	0	15
ptg003271l_1	185574	685590	3.69	0	13
ptg003271l_1_region	185574	685590	3.69	0	13
ptg003272l_1	276816	588529	2.13	0	14
ptg003272l_1_region	276816	588529	2.13	0	14
ptg003273l_1	448700	3047135	6.79	0	28
ptg003273l_1_region	448700	3047135	6.79	0	28
ptg003274l_1	575272	3023930	5.26	0	16
ptg003274l_1_region	575272	3023930	5.26	0	16
ptg003278l_1	883758	2305467	2.61	0	15
ptg003278l_1_region	883758	2305467	2.61	0	15
ptg003279l_1	441730	1191552	2.70	0	18
ptg003279l_1_region	441730	1191552	2.70	0	18
ptg003280l_1	146741	393027	2.68	0	13
ptg003280l_1_region	146741	393027	2.68	0	13
ptg003283l_1	282722	1475057	5.22	0	24
ptg003283l_1_region	282722	1475057	5.22	0	24
ptg003287l_1	138886	506569	3.65	0	11
ptg003287l_1_region	138886	506569	3.65	0	11
ptg003289l_1	861957	3229935	3.75	0	20
ptg003289l_1_region	861957	3229935	3.75	0	20
ptg003290l_1	789386	5921004	7.50	0	61
ptg003290l_1_region	789386	5921004	7.50	0	61
ptg003291l_1	229186	709950	3.10	0	12
ptg003291l_1_region	229186	709950	3.10	0	12
ptg003292l_1	337855	1259933	3.73	0	15
ptg003292l_1_region	337855	1259933	3.73	0	15
ptg003296l_1	701752	5732844	8.17	0	71
ptg003296l_1_region	701752	5732844	8.17	0	71
ptg003298l_1	686878	3031436	4.41	0	18
ptg003298l_1_region	686878	3031436	4.41	0	18
ptg003299l_1	316359	2166048	6.85	0	30
ptg003299l_1_region	316359	2166048	6.85	0	30
ptg003300l_1	874271	3105872	3.55	0	17
ptg003300l_1_region	874271	3105872	3.55	0	17
ptg003301l_1	882712	4319151	4.89	0	20
ptg003301l_1_region	882712	4319151	4.89	0	20
ptg003302l_1	663243	2347168	3.54	0	17
ptg003302l_1_region	663243	2347168	3.54	0	17
ptg003303l_1	548745	2428602	4.43	0	19
ptg003303l_1_region	548745	2428602	4.43	0	19
ptg003304l_1	722478	3549336	4.91	0	15
ptg003304l_1_region	722478	3549336	4.91	0	15
ptg003305l_1	365944	1767648	4.83	0	13
ptg003305l_1_region	365944	1767648	4.83	0	13
ptg003306l_1	330750	1580140	4.78	0	29
ptg003306l_1_region	330750	1580140	4.78	0	29
ptg003307l_1	312339	1187566	3.80	0	14
ptg003307l_1_region	312339	1187566	3.80	0	14
ptg003310l_1	1556869	7846663	5.04	0	15
ptg003310l_1_region	1556869	7846663	5.04	0	15
ptg003311l_1	106389	643159	6.05	0	15
ptg003311l_1_region	106389	643159	6.05	0	15
ptg003312l_1	1193264	5958261	4.99	0	29
ptg003312l_1_region	1193264	5958261	4.99	0	29
ptg003313l_1	312260	815273	2.61	0	16
ptg003313l_1_region	312260	815273	2.61	0	16
ptg003315l_1	805316	2662601	3.31	0	19
ptg003315l_1_region	805316	2662601	3.31	0	19
ptg003316l_1	81571	342477	4.20	0	10
ptg003316l_1_region	81571	342477	4.20	0	10
ptg003317l_1	452097	2077872	4.60	0	15
ptg003317l_1_region	452097	2077872	4.60	0	15
ptg003318l_1	112902	449237	3.98	0	14
ptg003318l_1_region	112902	449237	3.98	0	14
ptg003319l_1	596436	798349	1.34	0	16
ptg003319l_1_region	596436	798349	1.34	0	16
ptg003320l_1	205516	944186	4.59	0	13
ptg003320l_1_region	205516	944186	4.59	0	13
ptg003321l_1	857940	2583856	3.01	0	37
ptg003321l_1_region	857940	2583856	3.01	0	37
ptg003323l_1	456410	2049996	4.49	0	18
ptg003323l_1_region	456410	2049996	4.49	0	18
ptg003326l_1	122048	301604	2.47	0	13
ptg003326l_1_region	122048	301604	2.47	0	13
ptg003327l_1	64515	250911	3.89	0	11
ptg003327l_1_region	64515	250911	3.89	0	11
ptg003328l_1	787942	3671091	4.66	0	15
ptg003328l_1_region	787942	3671091	4.66	0	15
ptg003331l_1	775741	3771541	4.86	0	17
ptg003331l_1_region	775741	3771541	4.86	0	17
ptg003332l_1	491238	2870831	5.84	0	21
ptg003332l_1_region	491238	2870831	5.84	0	21
ptg003333l_1	136365	639784	4.69	0	14
ptg003333l_1_region	136365	639784	4.69	0	14
ptg003334l_1	289095	1137434	3.93	0	16
ptg003334l_1_region	289095	1137434	3.93	0	16
ptg003335l_1	571912	2136879	3.74	0	14
ptg003335l_1_region	571912	2136879	3.74	0	14
ptg003336l_1	512715	2902198	5.66	0	15
ptg003336l_1_region	512715	2902198	5.66	0	15
ptg003337l_1	375550	1443304	3.84	0	20
ptg003337l_1_region	375550	1443304	3.84	0	20
ptg003338l_1	836562	4179270	5.00	0	84
ptg003338l_1_region	836562	4179270	5.00	0	84
ptg003339l_1	87239	311440	3.57	0	11
ptg003339l_1_region	87239	311440	3.57	0	11
ptg003340l_1	405603	1431993	3.53	0	12
ptg003340l_1_region	405603	1431993	3.53	0	12
ptg003341l_1	1694996	8186548	4.83	0	18
ptg003341l_1_region	1694996	8186548	4.83	0	18
ptg003343l_1	600274	2072423	3.45	0	39
ptg003343l_1_region	600274	2072423	3.45	0	39
ptg003344l_1	684255	2870250	4.19	0	15
ptg003344l_1_region	684255	2870250	4.19	0	15
ptg003346l_1	511551	1806168	3.53	0	14
ptg003346l_1_region	511551	1806168	3.53	0	14
ptg003348l_1	710928	3552134	5.00	0	19
ptg003348l_1_region	710928	3552134	5.00	0	19
ptg003349l_1	300097	682358	2.27	0	43
ptg003349l_1_region	300097	682358	2.27	0	43
ptg003350l_1	1179248	5622498	4.77	0	17
ptg003350l_1_region	1179248	5622498	4.77	0	17
ptg003352l_1	115056	763183	6.63	0	23
ptg003352l_1_region	115056	763183	6.63	0	23
ptg003354l_1	81134	320456	3.95	0	13
ptg003354l_1_region	81134	320456	3.95	0	13
ptg003357l_1	568955	1647741	2.90	0	59
ptg003357l_1_region	568955	1647741	2.90	0	59
ptg003359l_1	59701	159904	2.68	0	8
ptg003359l_1_region	59701	159904	2.68	0	8
ptg003361l_1	628796	2000027	3.18	0	14
ptg003361l_1_region	628796	2000027	3.18	0	14
ptg003364l_1	825128	4549024	5.51	0	30
ptg003364l_1_region	825128	4549024	5.51	0	30
ptg003367l_1	474507	2054741	4.33	0	15
ptg003367l_1_region	474507	2054741	4.33	0	15
ptg003368l_1	101231	212748	2.10	0	8
ptg003368l_1_region	101231	212748	2.10	0	8
ptg003370l_1	758876	2894405	3.81	0	22
ptg003370l_1_region	758876	2894405	3.81	0	22
ptg003371l_1	645725	2226273	3.45	0	21
ptg003371l_1_region	645725	2226273	3.45	0	21
ptg003380l_1	80070	330919	4.13	0	52
ptg003380l_1_region	80070	330919	4.13	0	52
ptg003381l_1	500556	2196926	4.39	0	20
ptg003381l_1_region	500556	2196926	4.39	0	20
ptg003382l_1	452948	2574610	5.68	0	225
ptg003382l_1_region	452948	2574610	5.68	0	225
ptg003383l_1	305179	1068794	3.50	0	22
ptg003383l_1_region	305179	1068794	3.50	0	22
ptg003384l_1	308926	1325735	4.29	0	15
ptg003384l_1_region	308926	1325735	4.29	0	15
ptg003385l_1	337333	1632189	4.84	0	15
ptg003385l_1_region	337333	1632189	4.84	0	15
ptg003386l_1	205874	910258	4.42	0	19
ptg003386l_1_region	205874	910258	4.42	0	19
ptg003387l_1	722832	3592332	4.97	0	18
ptg003387l_1_region	722832	3592332	4.97	0	18
ptg003388l_1	478178	1738770	3.64	0	11
ptg003388l_1_region	478178	1738770	3.64	0	11
ptg003389l_1	211380	7324004	34.65	0	630
ptg003389l_1_region	211380	7324004	34.65	0	630
ptg003390l_1	660118	3302933	5.00	0	22
ptg003390l_1_region	660118	3302933	5.00	0	22
ptg003393l_1	376796	2174695	5.77	0	58
ptg003393l_1_region	376796	2174695	5.77	0	58
ptg003394l_1	77787	321050	4.13	0	13
ptg003394l_1_region	77787	321050	4.13	0	13
ptg003397l_1	253002	744569	2.94	0	23
ptg003397l_1_region	253002	744569	2.94	0	23
ptg003403l_1	451471	2063000	4.57	0	17
ptg003403l_1_region	451471	2063000	4.57	0	17
ptg003404l_1	55970	183614	3.28	0	11
ptg003404l_1_region	55970	183614	3.28	0	11
ptg003409l_1	344118	1642835	4.77	0	25
ptg003409l_1_region	344118	1642835	4.77	0	25
ptg003411l_1	905869	3663067	4.04	0	16
ptg003411l_1_region	905869	3663067	4.04	0	16
ptg003412l_1	880588	4709739	5.35	0	22
ptg003412l_1_region	880588	4709739	5.35	0	22
ptg003416l_1	667694	3793907	5.68	0	18
ptg003416l_1_region	667694	3793907	5.68	0	18
ptg003423l_1	476296	2210159	4.64	0	21
ptg003423l_1_region	476296	2210159	4.64	0	21
ptg003426l_1	858051	5556102	6.48	0	40
ptg003426l_1_region	858051	5556102	6.48	0	40
ptg003427l_1	843683	11658401	13.82	0	171
ptg003427l_1_region	843683	11658401	13.82	0	171
ptg003429l_1	337237	1336627	3.96	0	18
ptg003429l_1_region	337237	1336627	3.96	0	18
ptg003430l_1	1096244	5961589	5.44	0	19
ptg003430l_1_region	1096244	5961589	5.44	0	19
ptg003433l_1	168358	494805	2.94	0	17
ptg003433l_1_region	168358	494805	2.94	0	17
ptg003436l_1	1052238	4034494	3.83	0	15
ptg003436l_1_region	1052238	4034494	3.83	0	15
ptg003437l_1	451520	2197795	4.87	0	14
ptg003437l_1_region	451520	2197795	4.87	0	14
ptg003439l_1	565134	1896416	3.36	0	26
ptg003439l_1_region	565134	1896416	3.36	0	26
ptg003440l_1	327419	2291316	7.00	0	70
ptg003440l_1_region	327419	2291316	7.00	0	70
ptg003443l_1	524799	2560687	4.88	0	17
ptg003443l_1_region	524799	2560687	4.88	0	17
ptg003445l_1	36962	89016	2.41	0	8
ptg003445l_1_region	36962	89016	2.41	0	8
ptg003446l_1	1100633	5870651	5.33	0	17
ptg003446l_1_region	1100633	5870651	5.33	0	17
ptg003447l_1	164668	640884	3.89	0	12
ptg003447l_1_region	164668	640884	3.89	0	12
ptg003449l_1	882549	6551697	7.42	0	189
ptg003449l_1_region	882549	6551697	7.42	0	189
ptg003450l_1	149472	657118	4.40	0	13
ptg003450l_1_region	149472	657118	4.40	0	13
ptg003451l_1	169362	538404	3.18	0	10
ptg003451l_1_region	169362	538404	3.18	0	10
ptg003453l_1	596620	2255028	3.78	0	24
ptg003453l_1_region	596620	2255028	3.78	0	24
ptg003455l_1	265560	900710	3.39	0	14
ptg003455l_1_region	265560	900710	3.39	0	14
ptg003457l_1	323778	1494740	4.62	0	11
ptg003457l_1_region	323778	1494740	4.62	0	11
ptg003459l_1	378412	1629581	4.31	0	24
ptg003459l_1_region	378412	1629581	4.31	0	24
ptg003464l_1	13728	33982	2.48	0	6
ptg003464l_1_region	13728	33982	2.48	0	6
ptg003465l_1	527764	1887928	3.58	0	16
ptg003465l_1_region	527764	1887928	3.58	0	16
ptg003466l_1	367406	1646340	4.48	0	16
ptg003466l_1_region	367406	1646340	4.48	0	16
ptg003467l_1	564835	1744016	3.09	0	14
ptg003467l_1_region	564835	1744016	3.09	0	14
ptg003469l_1	257621	1687857	6.55	0	129
ptg003469l_1_region	257621	1687857	6.55	0	129
ptg003471l_1	292271	2111117	7.22	0	53
ptg003471l_1_region	292271	2111117	7.22	0	53
ptg003472l_1	571449	2101059	3.68	0	20
ptg003472l_1_region	571449	2101059	3.68	0	20
ptg003473l_1	351242	1613531	4.59	0	78
ptg003473l_1_region	351242	1613531	4.59	0	78
ptg003474l_1	187878	773256	4.12	0	14
ptg003474l_1_region	187878	773256	4.12	0	14
ptg003475l_1	93765	340908	3.64	0	11
ptg003475l_1_region	93765	340908	3.64	0	11
ptg003477l_1	84291	268836	3.19	0	12
ptg003477l_1_region	84291	268836	3.19	0	12
ptg003479l_1	2224084	12207086	5.49	0	19
ptg003479l_1_region	2224084	12207086	5.49	0	19
ptg003483l_1	110201	408597	3.71	0	19
ptg003483l_1_region	110201	408597	3.71	0	19
ptg003484l_1	102860	154901	1.51	0	10
ptg003484l_1_region	102860	154901	1.51	0	10
ptg003493l_1	214282	793749	3.70	0	14
ptg003493l_1_region	214282	793749	3.70	0	14
ptg003496l_1	448907	1034578	2.30	0	33
ptg003496l_1_region	448907	1034578	2.30	0	33
ptg003498l_1	175254	654066	3.73	0	15
ptg003498l_1_region	175254	654066	3.73	0	15
ptg003500l_1	308283	878664	2.85	0	19
ptg003500l_1_region	308283	878664	2.85	0	19
ptg003501l_1	182118	1294549	7.11	0	50
ptg003501l_1_region	182118	1294549	7.11	0	50
ptg003503l_1	359437	1918848	5.34	0	16
ptg003503l_1_region	359437	1918848	5.34	0	16
ptg003504l_1	336911	1684024	5.00	0	27
ptg003504l_1_region	336911	1684024	5.00	0	27
ptg003507l_1	354085	1536655	4.34	0	13
ptg003507l_1_region	354085	1536655	4.34	0	13
ptg003508l_1	1543310	5951016	3.86	0	41
ptg003508l_1_region	1543310	5951016	3.86	0	41
ptg003509l_1	212407	579805	2.73	0	14
ptg003509l_1_region	212407	579805	2.73	0	14
ptg003511l_1	85516	224841	2.63	0	11
ptg003511l_1_region	85516	224841	2.63	0	11
ptg003513l_1	264753	818348	3.09	0	36
ptg003513l_1_region	264753	818348	3.09	0	36
ptg003515l_1	143218	710325	4.96	0	32
ptg003515l_1_region	143218	710325	4.96	0	32
ptg003519l_1	121207	468095	3.86	0	13
ptg003519l_1_region	121207	468095	3.86	0	13
ptg003520l_1	83698	308067	3.68	0	21
ptg003520l_1_region	83698	308067	3.68	0	21
ptg003521l_1	190189	652279	3.43	0	17
ptg003521l_1_region	190189	652279	3.43	0	17
ptg003522l_1	209592	678712	3.24	0	14
ptg003522l_1_region	209592	678712	3.24	0	14
ptg003523l_1	194702	1078733	5.54	0	16
ptg003523l_1_region	194702	1078733	5.54	0	16
ptg003525l_1	132946	579916	4.36	0	11
ptg003525l_1_region	132946	579916	4.36	0	11
ptg003527l_1	300227	2246782	7.48	0	21
ptg003527l_1_region	300227	2246782	7.48	0	21
ptg003529l_1	1440649	4834090	3.36	0	32
ptg003529l_1_region	1440649	4834090	3.36	0	32
ptg003530l_1	157136	1109431	7.06	0	20
ptg003530l_1_region	157136	1109431	7.06	0	20
ptg003532l_1	28952	79112	2.73	0	6
ptg003532l_1_region	28952	79112	2.73	0	6
ptg003535l_1	528018	1471427	2.79	0	20
ptg003535l_1_region	528018	1471427	2.79	0	20
ptg003536l_1	235383	959054	4.07	0	12
ptg003536l_1_region	235383	959054	4.07	0	12
ptg003537l_1	312460	819141	2.62	0	17
ptg003537l_1_region	312460	819141	2.62	0	17
ptg003542l_1	683984	3475154	5.08	0	21
ptg003542l_1_region	683984	3475154	5.08	0	21
ptg003543l_1	96758	467389	4.83	0	22
ptg003543l_1_region	96758	467389	4.83	0	22
ptg003544l_1	190100	844531	4.44	0	12
ptg003544l_1_region	190100	844531	4.44	0	12
ptg003546l_1	14836	15574	1.05	0	5
ptg003546l_1_region	14836	15574	1.05	0	5
ptg003547l_1	1299610	7394559	5.69	0	34
ptg003547l_1_region	1299610	7394559	5.69	0	34
ptg003548l_1	274278	6458554	23.55	0	333
ptg003548l_1_region	274278	6458554	23.55	0	333
ptg003549l_1	301139	1319960	4.38	0	22
ptg003549l_1_region	301139	1319960	4.38	0	22
ptg003551l_1	178659	866238	4.85	0	28
ptg003551l_1_region	178659	866238	4.85	0	28
ptg003552l_1	1025255	13230384	12.90	0	61
ptg003552l_1_region	1025255	13230384	12.90	0	61
ptg003554l_1	53543	202178	3.78	0	10
ptg003554l_1_region	53543	202178	3.78	0	10
ptg003555l_1	557354	2987917	5.36	0	20
ptg003555l_1_region	557354	2987917	5.36	0	20
ptg003556l_1	788755	3922312	4.97	0	13
ptg003556l_1_region	788755	3922312	4.97	0	13
ptg003561l_1	416550	1598163	3.84	0	14
ptg003561l_1_region	416550	1598163	3.84	0	14
ptg003562l_1	629680	5396479	8.57	0	936
ptg003562l_1_region	629680	5396479	8.57	0	936
ptg003563l_1	103745	309646	2.98	0	12
ptg003563l_1_region	103745	309646	2.98	0	12
ptg003564l_1	28731	134859	4.69	0	8
ptg003564l_1_region	28731	134859	4.69	0	8
ptg003565l_1	349114	1129865	3.24	0	11
ptg003565l_1_region	349114	1129865	3.24	0	11
ptg003566l_1	182710	545326	2.98	0	11
ptg003566l_1_region	182710	545326	2.98	0	11
ptg003569l_1	503188	2288796	4.55	0	17
ptg003569l_1_region	503188	2288796	4.55	0	17
ptg003574l_1	207320	787876	3.80	0	18
ptg003574l_1_region	207320	787876	3.80	0	18
ptg003575l_1	436484	1955920	4.48	0	23
ptg003575l_1_region	436484	1955920	4.48	0	23
ptg003578l_1	632675	3071839	4.86	0	16
ptg003578l_1_region	632675	3071839	4.86	0	16
ptg003579l_1	225485	562767	2.50	0	19
ptg003579l_1_region	225485	562767	2.50	0	19
ptg003580l_1	145909	588872	4.04	0	21
ptg003580l_1_region	145909	588872	4.04	0	21
ptg003581l_1	25161	52105	2.07	0	5
ptg003581l_1_region	25161	52105	2.07	0	5
ptg003583l_1	451363	564542	1.25	0	11
ptg003583l_1_region	451363	564542	1.25	0	11
ptg003585l_1	998633	6986060	7.00	0	47
ptg003585l_1_region	998633	6986060	7.00	0	47
ptg003586l_1	196999	1034018	5.25	0	16
ptg003586l_1_region	196999	1034018	5.25	0	16
ptg003589l_1	251725	1017135	4.04	0	19
ptg003589l_1_region	251725	1017135	4.04	0	19
ptg003592l_1	2459218	12573977	5.11	0	25
ptg003592l_1_region	2459218	12573977	5.11	0	25
ptg003595l_1	156286	697579	4.46	0	15
ptg003595l_1_region	156286	697579	4.46	0	15
ptg003596l_1	158401	609317	3.85	0	14
ptg003596l_1_region	158401	609317	3.85	0	14
ptg003597l_1	172860	607291	3.51	0	18
ptg003597l_1_region	172860	607291	3.51	0	18
ptg003598l_1	212113	906924	4.28	0	12
ptg003598l_1_region	212113	906924	4.28	0	12
ptg003599l_1	512916	2434829	4.75	0	16
ptg003599l_1_region	512916	2434829	4.75	0	16
ptg003601l_1	272255	1189424	4.37	0	19
ptg003601l_1_region	272255	1189424	4.37	0	19
ptg003604l_1	795071	3217838	4.05	0	18
ptg003604l_1_region	795071	3217838	4.05	0	18
ptg003606l_1	132787	768086	5.78	0	23
ptg003606l_1_region	132787	768086	5.78	0	23
ptg003607l_1	268107	552962	2.06	0	19
ptg003607l_1_region	268107	552962	2.06	0	19
ptg003609l_1	566778	3253982	5.74	0	18
ptg003609l_1_region	566778	3253982	5.74	0	18
ptg003610l_1	611383	2601686	4.26	0	54
ptg003610l_1_region	611383	2601686	4.26	0	54
ptg003611l_1	97740	505910	5.18	0	17
ptg003611l_1_region	97740	505910	5.18	0	17
ptg003612l_1	343518	802816	2.34	0	14
ptg003612l_1_region	343518	802816	2.34	0	14
ptg003615l_1	77617	340576	4.39	0	10
ptg003615l_1_region	77617	340576	4.39	0	10
ptg003618l_1	315228	2202988	6.99	0	31
ptg003618l_1_region	315228	2202988	6.99	0	31
ptg003619l_1	1138831	6201132	5.45	0	22
ptg003619l_1_region	1138831	6201132	5.45	0	22
ptg003620l_1	46431	176969	3.81	0	10
ptg003620l_1_region	46431	176969	3.81	0	10
ptg003621l_1	41801	206132	4.93	0	10
ptg003621l_1_region	41801	206132	4.93	0	10
ptg003622l_1	538730	1642906	3.05	0	18
ptg003622l_1_region	538730	1642906	3.05	0	18
ptg003623l_1	37646	67695	1.80	0	6
ptg003623l_1_region	37646	67695	1.80	0	6
ptg003624l_1	251923	1134848	4.50	0	17
ptg003624l_1_region	251923	1134848	4.50	0	17
ptg003625l_1	1039278	5946356	5.72	0	16
ptg003625l_1_region	1039278	5946356	5.72	0	16
ptg003631l_1	84102	257825	3.07	0	11
ptg003631l_1_region	84102	257825	3.07	0	11
ptg003633l_1	182106	886041	4.87	0	15
ptg003633l_1_region	182106	886041	4.87	0	15
ptg003634l_1	488797	332876	0.68	0	28
ptg003634l_1_region	488797	332876	0.68	0	28
ptg003635l_1	845338	4210134	4.98	0	17
ptg003635l_1_region	845338	4210134	4.98	0	17
ptg003636l_1	1084496	6172564	5.69	0	19
ptg003636l_1_region	1084496	6172564	5.69	0	19
ptg003638l_1	28988	87956	3.03	0	9
ptg003638l_1_region	28988	87956	3.03	0	9
ptg003640l_1	580850	1729722	2.98	0	32
ptg003640l_1_region	580850	1729722	2.98	0	32
ptg003641l_1	76471	235503	3.08	0	12
ptg003641l_1_region	76471	235503	3.08	0	12
ptg003642l_1	404153	2236473	5.53	0	22
ptg003642l_1_region	404153	2236473	5.53	0	22
ptg003647l_1	52259	258388	4.94	0	17
ptg003647l_1_region	52259	258388	4.94	0	17
ptg003648l_1	777445	3373391	4.34	0	40
ptg003648l_1_region	777445	3373391	4.34	0	40
ptg003649l_1	340310	1166015	3.43	0	23
ptg003649l_1_region	340310	1166015	3.43	0	23
ptg003653l_1	407957	2797829	6.86	0	25
ptg003653l_1_region	407957	2797829	6.86	0	25
ptg003655l_1	1977078	10986385	5.56	0	182
ptg003655l_1_region	1977078	10986385	5.56	0	182
ptg003656l_1	95720	166870	1.74	0	7
ptg003656l_1_region	95720	166870	1.74	0	7
ptg003657l_1	281679	2489088	8.84	0	28
ptg003657l_1_region	281679	2489088	8.84	0	28
ptg003658l_1	349884	1451715	4.15	0	14
ptg003658l_1_region	349884	1451715	4.15	0	14
ptg003659l_1	618312	2598038	4.20	0	22
ptg003659l_1_region	618312	2598038	4.20	0	22
ptg003660l_1	549575	2450905	4.46	0	15
ptg003660l_1_region	549575	2450905	4.46	0	15
ptg003663l_1	207713	549995	2.65	0	8
ptg003663l_1_region	207713	549995	2.65	0	8
ptg003664l_1	143452	432857	3.02	0	11
ptg003664l_1_region	143452	432857	3.02	0	11
ptg003666l_1	415696	2269410	5.46	0	15
ptg003666l_1_region	415696	2269410	5.46	0	15
ptg003667l_1	393387	1115212	2.83	0	12
ptg003667l_1_region	393387	1115212	2.83	0	12
ptg003672l_1	86254	682128	7.91	0	19
ptg003672l_1_region	86254	682128	7.91	0	19
ptg003673l_1	1048233	3778350	3.60	0	22
ptg003673l_1_region	1048233	3778350	3.60	0	22
ptg003674l_1	181257	942922	5.20	0	14
ptg003674l_1_region	181257	942922	5.20	0	14
ptg003675l_1	47776	139794	2.93	0	9
ptg003675l_1_region	47776	139794	2.93	0	9
ptg003676l_1	12607	101619	8.06	0	16
ptg003676l_1_region	12607	101619	8.06	0	16
ptg003677l_1	129083	457507	3.54	0	12
ptg003677l_1_region	129083	457507	3.54	0	12
ptg003679l_1	100670	562316	5.59	0	15
ptg003679l_1_region	100670	562316	5.59	0	15
ptg003681l_1	82439	268907	3.26	0	8
ptg003681l_1_region	82439	268907	3.26	0	8
ptg003683l_1	135779	50935	0.38	0	6
ptg003683l_1_region	135779	50935	0.38	0	6
ptg003686l_1	115506	565493	4.90	0	16
ptg003686l_1_region	115506	565493	4.90	0	16
ptg003687l_1	643096	2520456	3.92	0	15
ptg003687l_1_region	643096	2520456	3.92	0	15
ptg003689l_1	176863	979091	5.54	0	14
ptg003689l_1_region	176863	979091	5.54	0	14
ptg003690l_1	756547	2996420	3.96	0	20
ptg003690l_1_region	756547	2996420	3.96	0	20
ptg003691l_1	716599	3442077	4.80	0	42
ptg003691l_1_region	716599	3442077	4.80	0	42
ptg003694l_1	144489	901751	6.24	0	35
ptg003694l_1_region	144489	901751	6.24	0	35
ptg003696l_1	514497	2366361	4.60	0	18
ptg003696l_1_region	514497	2366361	4.60	0	18
ptg003700l_1	146548	553191	3.77	0	16
ptg003700l_1_region	146548	553191	3.77	0	16
ptg003702l_1	736679	3377811	4.59	0	15
ptg003702l_1_region	736679	3377811	4.59	0	15
ptg003703l_1	462274	2213764	4.79	0	18
ptg003703l_1_region	462274	2213764	4.79	0	18
ptg003704l_1	158466	336386	2.12	0	10
ptg003704l_1_region	158466	336386	2.12	0	10
ptg003705l_1	159397	509500	3.20	0	12
ptg003705l_1_region	159397	509500	3.20	0	12
ptg003710l_1	527020	2816210	5.34	0	14
ptg003710l_1_region	527020	2816210	5.34	0	14
ptg003712l_1	176911	209359	1.18	0	8
ptg003712l_1_region	176911	209359	1.18	0	8
ptg003715l_1	476492	1697378	3.56	0	22
ptg003715l_1_region	476492	1697378	3.56	0	22
ptg003716l_1	429842	1400341	3.26	0	16
ptg003716l_1_region	429842	1400341	3.26	0	16
ptg003717l_1	252870	1210160	4.79	0	17
ptg003717l_1_region	252870	1210160	4.79	0	17
ptg003722l_1	594662	2391421	4.02	0	13
ptg003722l_1_region	594662	2391421	4.02	0	13
ptg003724l_1	709360	2958682	4.17	0	19
ptg003724l_1_region	709360	2958682	4.17	0	19
ptg003726l_1	326855	943950	2.89	0	15
ptg003726l_1_region	326855	943950	2.89	0	15
ptg003727l_1	140383	671930	4.79	0	19
ptg003727l_1_region	140383	671930	4.79	0	19
ptg003728l_1	328327	2976131	9.06	0	55
ptg003728l_1_region	328327	2976131	9.06	0	55
ptg003729l_1	88160	390029	4.42	0	14
ptg003729l_1_region	88160	390029	4.42	0	14
ptg003731l_1	318961	1156402	3.63	0	36
ptg003731l_1_region	318961	1156402	3.63	0	36
ptg003733l_1	299701	6203010	20.70	0	185
ptg003733l_1_region	299701	6203010	20.70	0	185
ptg003734l_1	94198	372982	3.96	0	19
ptg003734l_1_region	94198	372982	3.96	0	19
ptg003737l_1	209650	1005902	4.80	0	17
ptg003737l_1_region	209650	1005902	4.80	0	17
ptg003738l_1	171222	1228379	7.17	0	27
ptg003738l_1_region	171222	1228379	7.17	0	27
ptg003743l_1	298120	1190142	3.99	0	21
ptg003743l_1_region	298120	1190142	3.99	0	21
ptg003747l_1	266632	1014475	3.80	0	13
ptg003747l_1_region	266632	1014475	3.80	0	13
ptg003749l_1	343464	1515018	4.41	0	31
ptg003749l_1_region	343464	1515018	4.41	0	31
ptg003751l_1	533789	2244800	4.21	0	23
ptg003751l_1_region	533789	2244800	4.21	0	23
ptg003752l_1	329699	1879482	5.70	0	12
ptg003752l_1_region	329699	1879482	5.70	0	12
ptg003753l_1	472026	2026777	4.29	0	14
ptg003753l_1_region	472026	2026777	4.29	0	14
ptg003754l_1	534876	1902885	3.56	0	16
ptg003754l_1_region	534876	1902885	3.56	0	16
ptg003755l_1	296937	1281095	4.31	0	13
ptg003755l_1_region	296937	1281095	4.31	0	13
ptg003758l_1	99467	339827	3.42	0	14
ptg003758l_1_region	99467	339827	3.42	0	14
ptg003761l_1	819919	3805114	4.64	0	15
ptg003761l_1_region	819919	3805114	4.64	0	15
ptg003762l_1	18609	17567	0.94	0	5
ptg003762l_1_region	18609	17567	0.94	0	5
ptg003764l_1	108396	314110	2.90	0	11
ptg003764l_1_region	108396	314110	2.90	0	11
ptg003766l_1	251757	1573047	6.25	0	386
ptg003766l_1_region	251757	1573047	6.25	0	386
ptg003767l_1	722130	4136288	5.73	0	23
ptg003767l_1_region	722130	4136288	5.73	0	23
ptg003771l_1	663032	3007472	4.54	0	18
ptg003771l_1_region	663032	3007472	4.54	0	18
ptg003772l_1	508534	2156903	4.24	0	20
ptg003772l_1_region	508534	2156903	4.24	0	20
ptg003774l_1	297619	944893	3.17	0	13
ptg003774l_1_region	297619	944893	3.17	0	13
ptg003776l_1	475248	1869065	3.93	0	31
ptg003776l_1_region	475248	1869065	3.93	0	31
ptg003777l_1	341202	1046193	3.07	0	11
ptg003777l_1_region	341202	1046193	3.07	0	11
ptg003778l_1	156051	686632	4.40	0	14
ptg003778l_1_region	156051	686632	4.40	0	14
ptg003779l_1	240332	961420	4.00	0	15
ptg003779l_1_region	240332	961420	4.00	0	15
ptg003780l_1	89168	297655	3.34	0	11
ptg003780l_1_region	89168	297655	3.34	0	11
ptg003782l_1	510103	1956243	3.83	0	33
ptg003782l_1_region	510103	1956243	3.83	0	33
ptg003784l_1	338525	1923550	5.68	0	21
ptg003784l_1_region	338525	1923550	5.68	0	21
ptg003785l_1	135138	448013	3.32	0	24
ptg003785l_1_region	135138	448013	3.32	0	24
ptg003786l_1	228309	1027331	4.50	0	15
ptg003786l_1_region	228309	1027331	4.50	0	15
ptg003788l_1	450659	2816958	6.25	0	65
ptg003788l_1_region	450659	2816958	6.25	0	65
ptg003789l_1	36188	67232	1.86	0	6
ptg003789l_1_region	36188	67232	1.86	0	6
ptg003790l_1	426450	2134239	5.00	0	23
ptg003790l_1_region	426450	2134239	5.00	0	23
ptg003791l_1	906445	11562034	12.76	0	828
ptg003791l_1_region	906445	11562034	12.76	0	828
ptg003792l_1	222846	822550	3.69	0	18
ptg003792l_1_region	222846	822550	3.69	0	18
ptg003793l_1	213281	741811	3.48	0	14
ptg003793l_1_region	213281	741811	3.48	0	14
ptg003797l_1	61976	230175	3.71	0	15
ptg003797l_1_region	61976	230175	3.71	0	15
ptg003798l_1	196854	1074980	5.46	0	18
ptg003798l_1_region	196854	1074980	5.46	0	18
ptg003799l_1	297705	1533248	5.15	0	27
ptg003799l_1_region	297705	1533248	5.15	0	27
ptg003800l_1	146433	449158	3.07	0	13
ptg003800l_1_region	146433	449158	3.07	0	13
ptg003803l_1	198461	1010028	5.09	0	19
ptg003803l_1_region	198461	1010028	5.09	0	19
ptg003805l_1	467231	2151480	4.60	0	42
ptg003805l_1_region	467231	2151480	4.60	0	42
ptg003808l_1	171916	635120	3.69	0	13
ptg003808l_1_region	171916	635120	3.69	0	13
ptg003811l_1	557493	1719899	3.09	0	33
ptg003811l_1_region	557493	1719899	3.09	0	33
ptg003812l_1	420470	2414820	5.74	0	18
ptg003812l_1_region	420470	2414820	5.74	0	18
ptg003813l_1	99658	442744	4.44	0	11
ptg003813l_1_region	99658	442744	4.44	0	11
ptg003814l_1	85046	297220	3.49	0	14
ptg003814l_1_region	85046	297220	3.49	0	14
ptg003816l_1	210894	786694	3.73	0	11
ptg003816l_1_region	210894	786694	3.73	0	11
ptg003817l_1	340001	1544599	4.54	0	15
ptg003817l_1_region	340001	1544599	4.54	0	15
ptg003820l_1	246589	786413	3.19	0	15
ptg003820l_1_region	246589	786413	3.19	0	15
ptg003821l_1	602030	2474734	4.11	0	53
ptg003821l_1_region	602030	2474734	4.11	0	53
ptg003825l_1	261614	1943173	7.43	0	44
ptg003825l_1_region	261614	1943173	7.43	0	44
ptg003826l_1	143510	753173	5.25	0	19
ptg003826l_1_region	143510	753173	5.25	0	19
ptg003830l_1	233725	717093	3.07	0	17
ptg003830l_1_region	233725	717093	3.07	0	17
ptg003833l_1	282875	1524010	5.39	0	38
ptg003833l_1_region	282875	1524010	5.39	0	38
ptg003834l_1	577152	2888847	5.01	0	16
ptg003834l_1_region	577152	2888847	5.01	0	16
ptg003835l_1	458986	1748994	3.81	0	14
ptg003835l_1_region	458986	1748994	3.81	0	14
ptg003836l_1	499394	1934527	3.87	0	23
ptg003836l_1_region	499394	1934527	3.87	0	23
ptg003837l_1	318432	1216477	3.82	0	14
ptg003837l_1_region	318432	1216477	3.82	0	14
ptg003838l_1	178373	955984	5.36	0	47
ptg003838l_1_region	178373	955984	5.36	0	47
ptg003840l_1	86392	215316	2.49	0	39
ptg003840l_1_region	86392	215316	2.49	0	39
ptg003842l_1	588139	2182423	3.71	0	19
ptg003842l_1_region	588139	2182423	3.71	0	19
ptg003844l_1	140525	710611	5.06	0	18
ptg003844l_1_region	140525	710611	5.06	0	18
ptg003847l_1	968424	7026905	7.26	0	50
ptg003847l_1_region	968424	7026905	7.26	0	50
ptg003848l_1	337182	1238625	3.67	0	18
ptg003848l_1_region	337182	1238625	3.67	0	18
ptg003849l_1	224527	1225203	5.46	0	15
ptg003849l_1_region	224527	1225203	5.46	0	15
ptg003850l_1	50547	47860	0.95	0	6
ptg003850l_1_region	50547	47860	0.95	0	6
ptg003855l_1	1539831	8653269	5.62	0	644
ptg003855l_1_region	1539831	8653269	5.62	0	644
ptg003863l_1	544879	2447741	4.49	0	58
ptg003863l_1_region	544879	2447741	4.49	0	58
ptg003864l_1	535611	4282593	8.00	0	26
ptg003864l_1_region	535611	4282593	8.00	0	26
ptg003866l_1	1166400	5630894	4.83	0	23
ptg003866l_1_region	1166400	5630894	4.83	0	23
ptg003867l_1	831488	4566812	5.49	0	36
ptg003867l_1_region	831488	4566812	5.49	0	36
ptg003869l_1	100349	355130	3.54	0	11
ptg003869l_1_region	100349	355130	3.54	0	11
ptg003870l_1	135634	545094	4.02	0	19
ptg003870l_1_region	135634	545094	4.02	0	19
ptg003871l_1	125199	460211	3.68	0	11
ptg003871l_1_region	125199	460211	3.68	0	11
ptg003872l_1	477834	2234249	4.68	0	19
ptg003872l_1_region	477834	2234249	4.68	0	19
ptg003877l_1	529681	2080110	3.93	0	17
ptg003877l_1_region	529681	2080110	3.93	0	17
ptg003878l_1	510483	1351840	2.65	0	10
ptg003878l_1_region	510483	1351840	2.65	0	10
ptg003880l_1	365129	1480237	4.05	0	27
ptg003880l_1_region	365129	1480237	4.05	0	27
ptg003881l_1	1130557	6686840	5.91	0	19
ptg003881l_1_region	1130557	6686840	5.91	0	19
ptg003883l_1	235545	782232	3.32	0	13
ptg003883l_1_region	235545	782232	3.32	0	13
ptg003884l_1	294352	997589	3.39	0	15
ptg003884l_1_region	294352	997589	3.39	0	15
ptg003891l_1	421178	1513307	3.59	0	12
ptg003891l_1_region	421178	1513307	3.59	0	12
ptg003892l_1	439134	1414449	3.22	0	19
ptg003892l_1_region	439134	1414449	3.22	0	19
ptg003893l_1	356854	1961352	5.50	0	16
ptg003893l_1_region	356854	1961352	5.50	0	16
ptg003895l_1	534703	2275350	4.26	0	29
ptg003895l_1_region	534703	2275350	4.26	0	29
ptg003896l_1	263844	1019996	3.87	0	14
ptg003896l_1_region	263844	1019996	3.87	0	14
ptg003897l_1	287005	1361336	4.74	0	17
ptg003897l_1_region	287005	1361336	4.74	0	17
ptg003899l_1	237585	1024202	4.31	0	24
ptg003899l_1_region	237585	1024202	4.31	0	24
ptg003903l_1	794159	3243654	4.08	0	15
ptg003903l_1_region	794159	3243654	4.08	0	15
ptg003904l_1	59324	94645	1.60	0	9
ptg003904l_1_region	59324	94645	1.60	0	9
ptg003906l_1	121727	416422	3.42	0	31
ptg003906l_1_region	121727	416422	3.42	0	31
ptg003911l_1	831411	5821423	7.00	0	55
ptg003911l_1_region	831411	5821423	7.00	0	55
ptg003912l_1	568330	2747440	4.83	0	18
ptg003912l_1_region	568330	2747440	4.83	0	18
ptg003913l_1	639444	2983902	4.67	0	23
ptg003913l_1_region	639444	2983902	4.67	0	23
ptg003917l_1	350684	1701326	4.85	0	15
ptg003917l_1_region	350684	1701326	4.85	0	15
ptg003918l_1	130145	354082	2.72	0	9
ptg003918l_1_region	130145	354082	2.72	0	9
ptg003919l_1	310957	1394632	4.48	0	13
ptg003919l_1_region	310957	1394632	4.48	0	13
ptg003920l_1	692711	2762454	3.99	0	35
ptg003920l_1_region	692711	2762454	3.99	0	35
ptg003926l_1	1164505	5904831	5.07	0	15
ptg003926l_1_region	1164505	5904831	5.07	0	15
ptg003930l_1	168859	770533	4.56	0	21
ptg003930l_1_region	168859	770533	4.56	0	21
ptg003931l_1	345833	1981906	5.73	0	22
ptg003931l_1_region	345833	1981906	5.73	0	22
ptg003932l_1	509267	1956780	3.84	0	15
ptg003932l_1_region	509267	1956780	3.84	0	15
ptg003933l_1	203187	843541	4.15	0	13
ptg003933l_1_region	203187	843541	4.15	0	13
ptg003935l_1	1773541	9846358	5.55	0	30
ptg003935l_1_region	1773541	9846358	5.55	0	30
ptg003942l_1	52523	50536	0.96	0	9
ptg003942l_1_region	52523	50536	0.96	0	9
ptg003946l_1	350248	3094410	8.83	0	33
ptg003946l_1_region	350248	3094410	8.83	0	33
ptg003948l_1	257219	838501	3.26	0	13
ptg003948l_1_region	257219	838501	3.26	0	13
ptg003949l_1	405492	1157746	2.86	0	20
ptg003949l_1_region	405492	1157746	2.86	0	20
ptg003951l_1	800527	3800150	4.75	0	16
ptg003951l_1_region	800527	3800150	4.75	0	16
ptg003952l_1	746343	3710208	4.97	0	16
ptg003952l_1_region	746343	3710208	4.97	0	16
ptg003953l_1	242022	993152	4.10	0	18
ptg003953l_1_region	242022	993152	4.10	0	18
ptg003956l_1	298454	1571161	5.26	0	16
ptg003956l_1_region	298454	1571161	5.26	0	16
ptg003957l_1	208830	410814	1.97	0	24
ptg003957l_1_region	208830	410814	1.97	0	24
ptg003959l_1	186830	634593	3.40	0	65
ptg003959l_1_region	186830	634593	3.40	0	65
ptg003961l_1	332778	2457033	7.38	0	23
ptg003961l_1_region	332778	2457033	7.38	0	23
ptg003963l_1	964304	3657222	3.79	0	15
ptg003963l_1_region	964304	3657222	3.79	0	15
ptg003965l_1	203027	946366	4.66	0	14
ptg003965l_1_region	203027	946366	4.66	0	14
ptg003967l_1	1840132	8680640	4.72	0	23
ptg003967l_1_region	1840132	8680640	4.72	0	23
ptg003969l_1	180871	935772	5.17	0	28
ptg003969l_1_region	180871	935772	5.17	0	28
ptg003974l_1	457252	2020740	4.42	0	13
ptg003974l_1_region	457252	2020740	4.42	0	13
ptg003979l_1	348685	5549873	15.92	0	439
ptg003979l_1_region	348685	5549873	15.92	0	439
ptg003980l_1	1169462	5796057	4.96	0	259
ptg003980l_1_region	1169462	5796057	4.96	0	259
ptg003983l_1	142007	1047618	7.38	0	92
ptg003983l_1_region	142007	1047618	7.38	0	92
ptg003984l_1	728620	3850716	5.28	0	29
ptg003984l_1_region	728620	3850716	5.28	0	29
ptg003985l_1	101803	301301	2.96	0	13
ptg003985l_1_region	101803	301301	2.96	0	13
ptg003986l_1	125730	426666	3.39	0	19
ptg003986l_1_region	125730	426666	3.39	0	19
ptg003990l_1	384304	1220823	3.18	0	27
ptg003990l_1_region	384304	1220823	3.18	0	27
ptg003992l_1	899887	3523714	3.92	0	17
ptg003992l_1_region	899887	3523714	3.92	0	17
ptg003994l_1	596937	2730199	4.57	0	18
ptg003994l_1_region	596937	2730199	4.57	0	18
ptg003996l_1	421053	2417255	5.74	0	54
ptg003996l_1_region	421053	2417255	5.74	0	54
ptg003997l_1	185117	630248	3.40	0	15
ptg003997l_1_region	185117	630248	3.40	0	15
ptg003999l_1	223588	696884	3.12	0	10
ptg003999l_1_region	223588	696884	3.12	0	10
ptg004000l_1	62322	339184	5.44	0	13
ptg004000l_1_region	62322	339184	5.44	0	13
ptg004001l_1	922532	5067304	5.49	0	24
ptg004001l_1_region	922532	5067304	5.49	0	24
ptg004004l_1	126938	453984	3.58	0	11
ptg004004l_1_region	126938	453984	3.58	0	11
ptg004005l_1	582295	4164370	7.15	0	31
ptg004005l_1_region	582295	4164370	7.15	0	31
ptg004006l_1	228144	1001321	4.39	0	41
ptg004006l_1_region	228144	1001321	4.39	0	41
ptg004008l_1	309067	1524650	4.93	0	14
ptg004008l_1_region	309067	1524650	4.93	0	14
ptg004009l_1	19454	45909	2.36	0	6
ptg004009l_1_region	19454	45909	2.36	0	6
ptg004011l_1	443992	1729060	3.89	0	15
ptg004011l_1_region	443992	1729060	3.89	0	15
ptg004013l_1	35432	275375	7.77	0	17
ptg004013l_1_region	35432	275375	7.77	0	17
ptg004015l_1	291986	2023498	6.93	0	27
ptg004015l_1_region	291986	2023498	6.93	0	27
ptg004018l_1	2040214	8233915	4.04	0	18
ptg004018l_1_region	2040214	8233915	4.04	0	18
ptg004019l_1	327138	1077467	3.29	0	15
ptg004019l_1_region	327138	1077467	3.29	0	15
ptg004021l_1	148775	531928	3.58	0	13
ptg004021l_1_region	148775	531928	3.58	0	13
ptg004024l_1	205210	854176	4.16	0	192
ptg004024l_1_region	205210	854176	4.16	0	192
ptg004025l_1	791473	3298674	4.17	0	24
ptg004025l_1_region	791473	3298674	4.17	0	24
ptg004026l_1	270252	768773	2.84	0	11
ptg004026l_1_region	270252	768773	2.84	0	11
ptg004041l_1	1116779	5898877	5.28	0	18
ptg004041l_1_region	1116779	5898877	5.28	0	18
ptg004042l_1	191402	1261991	6.59	0	21
ptg004042l_1_region	191402	1261991	6.59	0	21
ptg004043l_1	313188	1578835	5.04	0	26
ptg004043l_1_region	313188	1578835	5.04	0	26
ptg004046l_1	362993	1777311	4.90	0	26
ptg004046l_1_region	362993	1777311	4.90	0	26
ptg004047l_1	895447	4501826	5.03	0	15
ptg004047l_1_region	895447	4501826	5.03	0	15
ptg004049l_1	87103	304392	3.49	0	49
ptg004049l_1_region	87103	304392	3.49	0	49
ptg004050l_1	49182	196869	4.00	0	10
ptg004050l_1_region	49182	196869	4.00	0	10
ptg004051l_1	391037	1400897	3.58	0	12
ptg004051l_1_region	391037	1400897	3.58	0	12
ptg004052l_1	1406134	22393057	15.93	0	482
ptg004052l_1_region	1406134	22393057	15.93	0	482
ptg004053l_1	149584	210172	1.41	0	8
ptg004053l_1_region	149584	210172	1.41	0	8
ptg004055l_1	326897	1487536	4.55	0	15
ptg004055l_1_region	326897	1487536	4.55	0	15
ptg004060l_1	292287	1514255	5.18	0	14
ptg004060l_1_region	292287	1514255	5.18	0	14
ptg004062l_1	126428	311106	2.46	0	12
ptg004062l_1_region	126428	311106	2.46	0	12
ptg004063l_1	690303	3497155	5.07	0	16
ptg004063l_1_region	690303	3497155	5.07	0	16
ptg004064l_1	191602	564337	2.95	0	9
ptg004064l_1_region	191602	564337	2.95	0	9
ptg004065l_1	290525	1233642	4.25	0	16
ptg004065l_1_region	290525	1233642	4.25	0	16
ptg004066l_1	1180851	5889296	4.99	0	111
ptg004066l_1_region	1180851	5889296	4.99	0	111
ptg004068l_1	1080299	4357916	4.03	0	15
ptg004068l_1_region	1080299	4357916	4.03	0	15
ptg004071l_1	104809	505028	4.82	0	17
ptg004071l_1_region	104809	505028	4.82	0	17
ptg004072l_1	519802	1957164	3.77	0	67
ptg004072l_1_region	519802	1957164	3.77	0	67
ptg004074l_1	232638	862413	3.71	0	13
ptg004074l_1_region	232638	862413	3.71	0	13
ptg004075l_1	398849	2357686	5.91	0	105
ptg004075l_1_region	398849	2357686	5.91	0	105
ptg004079l_1	61310	336250	5.48	0	16
ptg004079l_1_region	61310	336250	5.48	0	16
ptg004080l_1	167502	641679	3.83	0	12
ptg004080l_1_region	167502	641679	3.83	0	12
ptg004083l_1	298206	1127149	3.78	0	19
ptg004083l_1_region	298206	1127149	3.78	0	19
ptg004084l_1	39992	184524	4.61	0	11
ptg004084l_1_region	39992	184524	4.61	0	11
ptg004085l_1	262240	993269	3.79	0	15
ptg004085l_1_region	262240	993269	3.79	0	15
ptg004088l_1	34145	104202	3.05	0	9
ptg004088l_1_region	34145	104202	3.05	0	9
ptg004091l_1	604718	16748485	27.70	0	285
ptg004091l_1_region	604718	16748485	27.70	0	285
ptg004093l_1	304146	1702451	5.60	0	61
ptg004093l_1_region	304146	1702451	5.60	0	61
ptg004094l_1	93303	437718	4.69	0	18
ptg004094l_1_region	93303	437718	4.69	0	18
ptg004096l_1	299779	1077989	3.60	0	34
ptg004096l_1_region	299779	1077989	3.60	0	34
ptg004097l_1	213447	631514	2.96	0	50
ptg004097l_1_region	213447	631514	2.96	0	50
ptg004099l_1	215040	1017429	4.73	0	14
ptg004099l_1_region	215040	1017429	4.73	0	14
ptg004100l_1	295441	933324	3.16	0	13
ptg004100l_1_region	295441	933324	3.16	0	13
ptg004101l_1	237789	1565241	6.58	0	30
ptg004101l_1_region	237789	1565241	6.58	0	30
ptg004102l_1	17378	41835	2.41	0	6
ptg004102l_1_region	17378	41835	2.41	0	6
ptg004104l_1	15797	92003	5.82	0	15
ptg004104l_1_region	15797	92003	5.82	0	15
ptg004107l_1	400850	1384612	3.45	0	27
ptg004107l_1_region	400850	1384612	3.45	0	27
ptg004113l_1	333809	2067822	6.19	0	31
ptg004113l_1_region	333809	2067822	6.19	0	31
ptg004114l_1	154651	442976	2.86	0	11
ptg004114l_1_region	154651	442976	2.86	0	11
ptg004115l_1	363039	1466762	4.04	0	15
ptg004115l_1_region	363039	1466762	4.04	0	15
ptg004120l_1	176749	653753	3.70	0	16
ptg004120l_1_region	176749	653753	3.70	0	16
ptg004121l_1	298748	1816051	6.08	0	52
ptg004121l_1_region	298748	1816051	6.08	0	52
ptg004122l_1	223846	952924	4.26	0	75
ptg004122l_1_region	223846	952924	4.26	0	75
ptg004123l_1	181877	536149	2.95	0	11
ptg004123l_1_region	181877	536149	2.95	0	11
ptg004124l_1	609359	2298640	3.77	0	15
ptg004124l_1_region	609359	2298640	3.77	0	15
ptg004125l_1	263060	1042927	3.96	0	237
ptg004125l_1_region	263060	1042927	3.96	0	237
ptg004126l_1	315059	1196462	3.80	0	13
ptg004126l_1_region	315059	1196462	3.80	0	13
ptg004127l_1	577642	2753933	4.77	0	18
ptg004127l_1_region	577642	2753933	4.77	0	18
ptg004128l_1	74308	217388	2.93	0	11
ptg004128l_1_region	74308	217388	2.93	0	11
ptg004130l_1	1873164	8376304	4.47	0	32
ptg004130l_1_region	1873164	8376304	4.47	0	32
ptg004132l_1	482228	2162980	4.49	0	27
ptg004132l_1_region	482228	2162980	4.49	0	27
ptg004136l_1	81594	420876	5.16	0	31
ptg004136l_1_region	81594	420876	5.16	0	31
ptg004137l_1	575435	1956489	3.40	0	20
ptg004137l_1_region	575435	1956489	3.40	0	20
ptg004139l_1	155543	706814	4.54	0	14
ptg004139l_1_region	155543	706814	4.54	0	14
ptg004141l_1	215928	768889	3.56	0	17
ptg004141l_1_region	215928	768889	3.56	0	17
ptg004142l_1	132454	496280	3.75	0	41
ptg004142l_1_region	132454	496280	3.75	0	41
ptg004143l_1	676657	2316577	3.42	0	14
ptg004143l_1_region	676657	2316577	3.42	0	14
ptg004145l_1	276678	1233400	4.46	0	21
ptg004145l_1_region	276678	1233400	4.46	0	21
ptg004146l_1	63075	305179	4.84	0	12
ptg004146l_1_region	63075	305179	4.84	0	12
ptg004148l_1	838322	4092980	4.88	0	18
ptg004148l_1_region	838322	4092980	4.88	0	18
ptg004149l_1	220635	940946	4.26	0	18
ptg004149l_1_region	220635	940946	4.26	0	18
ptg004151l_1	309002	1188711	3.85	0	22
ptg004151l_1_region	309002	1188711	3.85	0	22
ptg004153l_1	962277	4261965	4.43	0	19
ptg004153l_1_region	962277	4261965	4.43	0	19
ptg004154l_1	159060	599986	3.77	0	13
ptg004154l_1_region	159060	599986	3.77	0	13
ptg004156l_1	835668	3885223	4.65	0	23
ptg004156l_1_region	835668	3885223	4.65	0	23
ptg004157l_1	471025	6545493	13.90	0	98
ptg004157l_1_region	471025	6545493	13.90	0	98
ptg004158l_1	208058	809769	3.89	0	15
ptg004158l_1_region	208058	809769	3.89	0	15
ptg004160l_1	340217	1380137	4.06	0	19
ptg004160l_1_region	340217	1380137	4.06	0	19
ptg004161l_1	56909	208734	3.67	0	11
ptg004161l_1_region	56909	208734	3.67	0	11
ptg004162l_1	460889	1331112	2.89	0	12
ptg004162l_1_region	460889	1331112	2.89	0	12
ptg004163l_1	665596	2782911	4.18	0	20
ptg004163l_1_region	665596	2782911	4.18	0	20
ptg004165l_1	320710	1560244	4.86	0	19
ptg004165l_1_region	320710	1560244	4.86	0	19
ptg004166l_1	1282172	6330728	4.94	0	27
ptg004166l_1_region	1282172	6330728	4.94	0	27
ptg004167l_1	633013	2492394	3.94	0	14
ptg004167l_1_region	633013	2492394	3.94	0	14
ptg004168l_1	317878	833959	2.62	0	16
ptg004168l_1_region	317878	833959	2.62	0	16
ptg004169l_1	267460	930023	3.48	0	13
ptg004169l_1_region	267460	930023	3.48	0	13
ptg004172l_1	38825	78799	2.03	0	17
ptg004172l_1_region	38825	78799	2.03	0	17
ptg004177l_1	259414	1369345	5.28	0	13
ptg004177l_1_region	259414	1369345	5.28	0	13
ptg004179l_1	259210	1253523	4.84	0	60
ptg004179l_1_region	259210	1253523	4.84	0	60
ptg004182l_1	21007	379659	18.07	0	43
ptg004182l_1_region	21007	379659	18.07	0	43
ptg004184l_1	217223	702411	3.23	0	18
ptg004184l_1_region	217223	702411	3.23	0	18
ptg004185l_1	683237	3307821	4.84	0	147
ptg004185l_1_region	683237	3307821	4.84	0	147
ptg004186l_1	49344	149044	3.02	0	8
ptg004186l_1_region	49344	149044	3.02	0	8
ptg004191l_1	129866	405254	3.12	0	11
ptg004191l_1_region	129866	405254	3.12	0	11
ptg004200l_1	24645	159140	6.46	0	14
ptg004200l_1_region	24645	159140	6.46	0	14
ptg004201l_1	572123	2489184	4.35	0	15
ptg004201l_1_region	572123	2489184	4.35	0	15
ptg004203l_1	632518	2680378	4.24	0	16
ptg004203l_1_region	632518	2680378	4.24	0	16
ptg004204l_1	99106	254307	2.57	0	6
ptg004204l_1_region	99106	254307	2.57	0	6
ptg004206l_1	359203	1725104	4.80	0	20
ptg004206l_1_region	359203	1725104	4.80	0	20
ptg004208l_1	381675	1429036	3.74	0	13
ptg004208l_1_region	381675	1429036	3.74	0	13
ptg004209l_1	404413	1558425	3.85	0	21
ptg004209l_1_region	404413	1558425	3.85	0	21
ptg004210l_1	680490	5365120	7.88	0	98
ptg004210l_1_region	680490	5365120	7.88	0	98
ptg004211l_1	378217	2118623	5.60	0	16
ptg004211l_1_region	378217	2118623	5.60	0	16
ptg004212l_1	613671	2171583	3.54	0	22
ptg004212l_1_region	613671	2171583	3.54	0	22
ptg004214l_1	110989	439404	3.96	0	11
ptg004214l_1_region	110989	439404	3.96	0	11
ptg004215l_1	1179939	5182823	4.39	0	16
ptg004215l_1_region	1179939	5182823	4.39	0	16
ptg004217l_1	457255	1825889	3.99	0	21
ptg004217l_1_region	457255	1825889	3.99	0	21
ptg004219l_1	174861	468227	2.68	0	22
ptg004219l_1_region	174861	468227	2.68	0	22
ptg004222l_1	396760	2319729	5.85	0	41
ptg004222l_1_region	396760	2319729	5.85	0	41
ptg004223l_1	527673	1813898	3.44	0	17
ptg004223l_1_region	527673	1813898	3.44	0	17
ptg004224l_1	297796	1206370	4.05	0	12
ptg004224l_1_region	297796	1206370	4.05	0	12
ptg004227l_1	343048	1390709	4.05	0	22
ptg004227l_1_region	343048	1390709	4.05	0	22
ptg004229l_1	250758	961485	3.83	0	13
ptg004229l_1_region	250758	961485	3.83	0	13
ptg004231l_1	473630	2351133	4.96	0	18
ptg004231l_1_region	473630	2351133	4.96	0	18
ptg004233l_1	871843	1925259	2.21	0	21
ptg004233l_1_region	871843	1925259	2.21	0	21
ptg004237l_1	251511	1219058	4.85	0	180
ptg004237l_1_region	251511	1219058	4.85	0	180
ptg004238l_1	75845	218515	2.88	0	14
ptg004238l_1_region	75845	218515	2.88	0	14
ptg004239l_1	29077	80972	2.78	0	7
ptg004239l_1_region	29077	80972	2.78	0	7
ptg004240l_1	321375	1519750	4.73	0	18
ptg004240l_1_region	321375	1519750	4.73	0	18
ptg004241l_1	886696	8969382	10.12	0	176
ptg004241l_1_region	886696	8969382	10.12	0	176
ptg004242l_1	84900	570425	6.72	0	25
ptg004242l_1_region	84900	570425	6.72	0	25
ptg004243l_1	755344	2263313	3.00	0	12
ptg004243l_1_region	755344	2263313	3.00	0	12
ptg004245l_1	158588	250676	1.58	0	12
ptg004245l_1_region	158588	250676	1.58	0	12
ptg004248l_1	1936206	2159858	1.12	0	35
ptg004248l_1_region	1936206	2159858	1.12	0	35
ptg004249l_1	235583	1010007	4.29	0	16
ptg004249l_1_region	235583	1010007	4.29	0	16
ptg004251l_1	155707	248481	1.60	0	8
ptg004251l_1_region	155707	248481	1.60	0	8
ptg004253l_1	103522	552726	5.34	0	20
ptg004253l_1_region	103522	552726	5.34	0	20
ptg004260l_1	421884	2513125	5.96	0	29
ptg004260l_1_region	421884	2513125	5.96	0	29
ptg004262l_1	181068	718657	3.97	0	14
ptg004262l_1_region	181068	718657	3.97	0	14
ptg004263l_1	102531	356543	3.48	0	15
ptg004263l_1_region	102531	356543	3.48	0	15
ptg004264l_1	36841	213946	5.81	0	11
ptg004264l_1_region	36841	213946	5.81	0	11
ptg004265l_1	135100	588282	4.35	0	19
ptg004265l_1_region	135100	588282	4.35	0	19
ptg004266l_1	239194	475861	1.99	0	11
ptg004266l_1_region	239194	475861	1.99	0	11
ptg004267l_1	804304	4177395	5.19	0	18
ptg004267l_1_region	804304	4177395	5.19	0	18
ptg004268l_1	142640	468946	3.29	0	12
ptg004268l_1_region	142640	468946	3.29	0	12
ptg004269l_1	310915	1271393	4.09	0	15
ptg004269l_1_region	310915	1271393	4.09	0	15
ptg004271l_1	626025	1569140	2.51	0	15
ptg004271l_1_region	626025	1569140	2.51	0	15
ptg004272l_1	229997	775380	3.37	0	26
ptg004272l_1_region	229997	775380	3.37	0	26
ptg004273l_1	184676	775020	4.20	0	23
ptg004273l_1_region	184676	775020	4.20	0	23
ptg004274l_1	114401	477571	4.17	0	12
ptg004274l_1_region	114401	477571	4.17	0	12
ptg004277l_1	647128	1309159	2.02	0	21
ptg004277l_1_region	647128	1309159	2.02	0	21
ptg004278l_1	338593	1666312	4.92	0	14
ptg004278l_1_region	338593	1666312	4.92	0	14
ptg004280l_1	328133	1618721	4.93	0	14
ptg004280l_1_region	328133	1618721	4.93	0	14
ptg004281l_1	357748	1555045	4.35	0	20
ptg004281l_1_region	357748	1555045	4.35	0	20
ptg004284l_1	287316	1129458	3.93	0	34
ptg004284l_1_region	287316	1129458	3.93	0	34
ptg004287l_1	428194	1674930	3.91	0	14
ptg004287l_1_region	428194	1674930	3.91	0	14
ptg004288l_1	492363	2074413	4.21	0	12
ptg004288l_1_region	492363	2074413	4.21	0	12
ptg004289l_1	1764965	10290631	5.83	0	31
ptg004289l_1_region	1764965	10290631	5.83	0	31
ptg004290l_1	92128	97308	1.06	0	8
ptg004290l_1_region	92128	97308	1.06	0	8
ptg004292l_1	184486	593595	3.22	0	38
ptg004292l_1_region	184486	593595	3.22	0	38
ptg004296l_1	473350	2832630	5.98	0	31
ptg004296l_1_region	473350	2832630	5.98	0	31
ptg004298l_1	537228	1815454	3.38	0	33
ptg004298l_1_region	537228	1815454	3.38	0	33
ptg004299l_1	314558	1388874	4.42	0	16
ptg004299l_1_region	314558	1388874	4.42	0	16
ptg004302l_1	217272	710788	3.27	0	24
ptg004302l_1_region	217272	710788	3.27	0	24
ptg004305l_1	353842	1576900	4.46	0	18
ptg004305l_1_region	353842	1576900	4.46	0	18
ptg004306l_1	146690	533057	3.63	0	11
ptg004306l_1_region	146690	533057	3.63	0	11
ptg004307l_1	156850	574546	3.66	0	11
ptg004307l_1_region	156850	574546	3.66	0	11
ptg004309l_1	925681	4540715	4.91	0	22
ptg004309l_1_region	925681	4540715	4.91	0	22
ptg004311l_1	645936	2651343	4.10	0	15
ptg004311l_1_region	645936	2651343	4.10	0	15
ptg004312l_1	223462	719844	3.22	0	20
ptg004312l_1_region	223462	719844	3.22	0	20
ptg004313l_1	279491	1770943	6.34	0	36
ptg004313l_1_region	279491	1770943	6.34	0	36
ptg004314l_1	328444	1506442	4.59	0	14
ptg004314l_1_region	328444	1506442	4.59	0	14
ptg004315l_1	208763	970050	4.65	0	11
ptg004315l_1_region	208763	970050	4.65	0	11
ptg004317l_1	266149	704074	2.65	0	28
ptg004317l_1_region	266149	704074	2.65	0	28
ptg004319l_1	165601	316685	1.91	0	41
ptg004319l_1_region	165601	316685	1.91	0	41
ptg004321l_1	491634	2386117	4.85	0	20
ptg004321l_1_region	491634	2386117	4.85	0	20
ptg004322l_1	269851	1269594	4.70	0	30
ptg004322l_1_region	269851	1269594	4.70	0	30
ptg004323l_1	35231	93309	2.65	0	12
ptg004323l_1_region	35231	93309	2.65	0	12
ptg004325l_1	67201	248133	3.69	0	15
ptg004325l_1_region	67201	248133	3.69	0	15
ptg004326l_1	1263858	6348994	5.02	0	16
ptg004326l_1_region	1263858	6348994	5.02	0	16
ptg004327l_1	356202	1218412	3.42	0	14
ptg004327l_1_region	356202	1218412	3.42	0	14
ptg004328l_1	499362	2141669	4.29	0	18
ptg004328l_1_region	499362	2141669	4.29	0	18
ptg004329l_1	114543	424651	3.71	0	11
ptg004329l_1_region	114543	424651	3.71	0	11
ptg004330l_1	302681	1459847	4.82	0	24
ptg004330l_1_region	302681	1459847	4.82	0	24
ptg004332l_1	212650	1191478	5.60	0	16
ptg004332l_1_region	212650	1191478	5.60	0	16
ptg004334l_1	324011	1781213	5.50	0	21
ptg004334l_1_region	324011	1781213	5.50	0	21
ptg004336l_1	378447	1075373	2.84	0	20
ptg004336l_1_region	378447	1075373	2.84	0	20
ptg004339l_1	457543	2757967	6.03	0	151
ptg004339l_1_region	457543	2757967	6.03	0	151
ptg004340l_1	61046	282262	4.62	0	13
ptg004340l_1_region	61046	282262	4.62	0	13
ptg004343l_1	588024	3391184	5.77	0	30
ptg004343l_1_region	588024	3391184	5.77	0	30
ptg004349l_1	132680	539202	4.06	0	13
ptg004349l_1_region	132680	539202	4.06	0	13
ptg004351l_1	831153	4586846	5.52	0	46
ptg004351l_1_region	831153	4586846	5.52	0	46
ptg004352l_1	79757	380722	4.77	0	17
ptg004352l_1_region	79757	380722	4.77	0	17
ptg004356l_1	325198	1800979	5.54	0	17
ptg004356l_1_region	325198	1800979	5.54	0	17
ptg004359l_1	41827	158781	3.80	0	11
ptg004359l_1_region	41827	158781	3.80	0	11
ptg004360l_1	32464	82558	2.54	0	7
ptg004360l_1_region	32464	82558	2.54	0	7
ptg004361l_1	648129	3072881	4.74	0	20
ptg004361l_1_region	648129	3072881	4.74	0	20
ptg004362l_1	175017	498089	2.85	0	14
ptg004362l_1_region	175017	498089	2.85	0	14
ptg004363l_1	334308	1060101	3.17	0	14
ptg004363l_1_region	334308	1060101	3.17	0	14
ptg004364l_1	75996	207549	2.73	0	7
ptg004364l_1_region	75996	207549	2.73	0	7
ptg004365l_1	453903	1368247	3.01	0	38
ptg004365l_1_region	453903	1368247	3.01	0	38
ptg004366l_1	463727	2045329	4.41	0	24
ptg004366l_1_region	463727	2045329	4.41	0	24
ptg004369l_1	123659	846927	6.85	0	21
ptg004369l_1_region	123659	846927	6.85	0	21
ptg004370l_1	1042306	5331721	5.12	0	24
ptg004370l_1_region	1042306	5331721	5.12	0	24
ptg004371l_1	85171	286430	3.36	0	20
ptg004371l_1_region	85171	286430	3.36	0	20
ptg004372l_1	487747	1780602	3.65	0	27
ptg004372l_1_region	487747	1780602	3.65	0	27
ptg004373l_1	86199	408481	4.74	0	20
ptg004373l_1_region	86199	408481	4.74	0	20
ptg004374l_1	72567	218019	3.00	0	13
ptg004374l_1_region	72567	218019	3.00	0	13
ptg004375l_1	93939	408668	4.35	0	10
ptg004375l_1_region	93939	408668	4.35	0	10
ptg004376l_1	303321	1089524	3.59	0	17
ptg004376l_1_region	303321	1089524	3.59	0	17
ptg004377l_1	254508	1070324	4.21	0	34
ptg004377l_1_region	254508	1070324	4.21	0	34
ptg004379l_1	120092	491404	4.09	0	11
ptg004379l_1_region	120092	491404	4.09	0	11
ptg004381l_1	86764	313721	3.62	0	27
ptg004381l_1_region	86764	313721	3.62	0	27
ptg004382l_1	79026	321431	4.07	0	13
ptg004382l_1_region	79026	321431	4.07	0	13
ptg004385l_1	169906	836750	4.92	0	18
ptg004385l_1_region	169906	836750	4.92	0	18
ptg004388l_1	243554	1201470	4.93	0	15
ptg004388l_1_region	243554	1201470	4.93	0	15
ptg004389l_1	104762	188820	1.80	0	17
ptg004389l_1_region	104762	188820	1.80	0	17
ptg004393l_1	612796	3142530	5.13	0	34
ptg004393l_1_region	612796	3142530	5.13	0	34
ptg004394l_1	203333	914019	4.50	0	14
ptg004394l_1_region	203333	914019	4.50	0	14
ptg004395l_1	3308299	16706377	5.05	0	23
ptg004395l_1_region	3308299	16706377	5.05	0	23
ptg004398l_1	912667	2989882	3.28	0	26
ptg004398l_1_region	912667	2989882	3.28	0	26
ptg004399l_1	451033	2898491	6.43	0	45
ptg004399l_1_region	451033	2898491	6.43	0	45
ptg004400l_1	734053	3098598	4.22	0	21
ptg004400l_1_region	734053	3098598	4.22	0	21
ptg004402l_1	152775	608780	3.98	0	26
ptg004402l_1_region	152775	608780	3.98	0	26
ptg004403l_1	263557	1273226	4.83	0	74
ptg004403l_1_region	263557	1273226	4.83	0	74
ptg004405l_1	240462	731626	3.04	0	17
ptg004405l_1_region	240462	731626	3.04	0	17
ptg004408l_1	633652	3253065	5.13	0	32
ptg004408l_1_region	633652	3253065	5.13	0	32
ptg004411l_1	287417	954609	3.32	0	20
ptg004411l_1_region	287417	954609	3.32	0	20
ptg004412l_1	1388505	6352086	4.57	0	25
ptg004412l_1_region	1388505	6352086	4.57	0	25
ptg004415l_1	484969	1651612	3.41	0	13
ptg004415l_1_region	484969	1651612	3.41	0	13
ptg004416l_1	267298	1183750	4.43	0	15
ptg004416l_1_region	267298	1183750	4.43	0	15
ptg004425l_1	28524	47705	1.67	0	6
ptg004425l_1_region	28524	47705	1.67	0	6
ptg004429l_1	801663	2744512	3.42	0	12
ptg004429l_1_region	801663	2744512	3.42	0	12
ptg004431l_1	337027	3036177	9.01	0	32
ptg004431l_1_region	337027	3036177	9.01	0	32
ptg004432l_1	147239	351513	2.39	0	15
ptg004432l_1_region	147239	351513	2.39	0	15
ptg004433l_1	336145	1275018	3.79	0	12
ptg004433l_1_region	336145	1275018	3.79	0	12
ptg004435l_1	420841	2165957	5.15	0	15
ptg004435l_1_region	420841	2165957	5.15	0	15
ptg004436l_1	10216	30662	3.00	0	7
ptg004436l_1_region	10216	30662	3.00	0	7
ptg004439l_1	223069	1249215	5.60	0	81
ptg004439l_1_region	223069	1249215	5.60	0	81
ptg004441l_1	254665	791670	3.11	0	13
ptg004441l_1_region	254665	791670	3.11	0	13
ptg004443l_1	573445	2801978	4.89	0	21
ptg004443l_1_region	573445	2801978	4.89	0	21
ptg004444l_1	102062	591543	5.80	0	21
ptg004444l_1_region	102062	591543	5.80	0	21
ptg004446l_1	490737	1795634	3.66	0	13
ptg004446l_1_region	490737	1795634	3.66	0	13
ptg004447l_1	279993	1158916	4.14	0	11
ptg004447l_1_region	279993	1158916	4.14	0	11
ptg004449l_1	453305	2224542	4.91	0	23
ptg004449l_1_region	453305	2224542	4.91	0	23
ptg004451l_1	129563	850333	6.56	0	21
ptg004451l_1_region	129563	850333	6.56	0	21
ptg004452l_1	119771	581617	4.86	0	68
ptg004452l_1_region	119771	581617	4.86	0	68
ptg004454l_1	158857	793009	4.99	0	17
ptg004454l_1_region	158857	793009	4.99	0	17
ptg004455l_1	9581	286	0.03	0	1
ptg004455l_1_region	9581	286	0.03	0	1
ptg004460l_1	154760	723734	4.68	0	15
ptg004460l_1_region	154760	723734	4.68	0	15
ptg004461l_1	677479	3379177	4.99	0	15
ptg004461l_1_region	677479	3379177	4.99	0	15
ptg004463l_1	322613	1442850	4.47	0	19
ptg004463l_1_region	322613	1442850	4.47	0	19
ptg004464l_1	228686	989943	4.33	0	15
ptg004464l_1_region	228686	989943	4.33	0	15
ptg004465l_1	442510	1746655	3.95	0	16
ptg004465l_1_region	442510	1746655	3.95	0	16
ptg004466l_1	168433	702384	4.17	0	12
ptg004466l_1_region	168433	702384	4.17	0	12
ptg004467l_1	237312	869253	3.66	0	13
ptg004467l_1_region	237312	869253	3.66	0	13
ptg004471l_1	80464	407184	5.06	0	37
ptg004471l_1_region	80464	407184	5.06	0	37
ptg004472l_1	330354	1602270	4.85	0	67
ptg004472l_1_region	330354	1602270	4.85	0	67
ptg004473l_1	300599	1780182	5.92	0	54
ptg004473l_1_region	300599	1780182	5.92	0	54
ptg004474l_1	422779	1432259	3.39	0	13
ptg004474l_1_region	422779	1432259	3.39	0	13
ptg004478l_1	332208	1353706	4.07	0	13
ptg004478l_1_region	332208	1353706	4.07	0	13
ptg004481l_1	27207	109739	4.03	0	9
ptg004481l_1_region	27207	109739	4.03	0	9
ptg004482l_1	308511	1076026	3.49	0	16
ptg004482l_1_region	308511	1076026	3.49	0	16
ptg004483l_1	281626	1211064	4.30	0	13
ptg004483l_1_region	281626	1211064	4.30	0	13
ptg004485l_1	436607	2281651	5.23	0	15
ptg004485l_1_region	436607	2281651	5.23	0	15
ptg004486l_1	262221	1658060	6.32	0	20
ptg004486l_1_region	262221	1658060	6.32	0	20
ptg004487l_1	532022	2177948	4.09	0	16
ptg004487l_1_region	532022	2177948	4.09	0	16
ptg004488l_1	368095	1051086	2.86	0	19
ptg004488l_1_region	368095	1051086	2.86	0	19
ptg004489l_1	129413	528411	4.08	0	63
ptg004489l_1_region	129413	528411	4.08	0	63
ptg004496l_1	398224	1450406	3.64	0	15
ptg004496l_1_region	398224	1450406	3.64	0	15
ptg004500l_1	264615	1561417	5.90	0	69
ptg004500l_1_region	264615	1561417	5.90	0	69
ptg004502l_1	177787	884503	4.98	0	16
ptg004502l_1_region	177787	884503	4.98	0	16
ptg004503l_1	518378	1102905	2.13	0	17
ptg004503l_1_region	518378	1102905	2.13	0	17
ptg004504l_1	102780	510874	4.97	0	15
ptg004504l_1_region	102780	510874	4.97	0	15
ptg004505l_1	473296	1673260	3.54	0	15
ptg004505l_1_region	473296	1673260	3.54	0	15
ptg004506l_1	47993	214887	4.48	0	11
ptg004506l_1_region	47993	214887	4.48	0	11
ptg004507l_1	680733	2845455	4.18	0	21
ptg004507l_1_region	680733	2845455	4.18	0	21
ptg004514l_1	279457	1426250	5.10	0	19
ptg004514l_1_region	279457	1426250	5.10	0	19
ptg004515l_1	49785	161974	3.25	0	9
ptg004515l_1_region	49785	161974	3.25	0	9
ptg004517l_1	377343	2098074	5.56	0	31
ptg004517l_1_region	377343	2098074	5.56	0	31
ptg004519l_1	335367	1223667	3.65	0	76
ptg004519l_1_region	335367	1223667	3.65	0	76
ptg004520l_1	36862	153087	4.15	0	11
ptg004520l_1_region	36862	153087	4.15	0	11
ptg004521l_1	497734	1484071	2.98	0	13
ptg004521l_1_region	497734	1484071	2.98	0	13
ptg004522l_1	569603	2385665	4.19	0	35
ptg004522l_1_region	569603	2385665	4.19	0	35
ptg004523l_1	429400	2063004	4.80	0	24
ptg004523l_1_region	429400	2063004	4.80	0	24
ptg004525l_1	160809	698099	4.34	0	13
ptg004525l_1_region	160809	698099	4.34	0	13
ptg004526l_1	129206	600974	4.65	0	49
ptg004526l_1_region	129206	600974	4.65	0	49
ptg004528l_1	380649	1478146	3.88	0	15
ptg004528l_1_region	380649	1478146	3.88	0	15
ptg004531l_1	452250	2712554	6.00	0	17
ptg004531l_1_region	452250	2712554	6.00	0	17
ptg004533l_1	567846	2151478	3.79	0	13
ptg004533l_1_region	567846	2151478	3.79	0	13
ptg004534l_1	98490	349581	3.55	0	21
ptg004534l_1_region	98490	349581	3.55	0	21
ptg004535l_1	17401	5482	0.32	0	4
ptg004535l_1_region	17401	5482	0.32	0	4
ptg004536l_1	45534	50963	1.12	0	10
ptg004536l_1_region	45534	50963	1.12	0	10
ptg004540l_1	22467	51255	2.28	0	7
ptg004540l_1_region	22467	51255	2.28	0	7
ptg004541l_1	48774	988782	20.27	0	91
ptg004541l_1_region	48774	988782	20.27	0	91
ptg004544l_1	254237	999909	3.93	0	15
ptg004544l_1_region	254237	999909	3.93	0	15
ptg004546l_1	132463	488420	3.69	0	9
ptg004546l_1_region	132463	488420	3.69	0	9
ptg004549l_1	284303	1067203	3.75	0	41
ptg004549l_1_region	284303	1067203	3.75	0	41
ptg004550l_1	523679	2398478	4.58	0	14
ptg004550l_1_region	523679	2398478	4.58	0	14
ptg004551l_1	298883	1417721	4.74	0	20
ptg004551l_1_region	298883	1417721	4.74	0	20
ptg004552l_1	330554	1868260	5.65	0	62
ptg004552l_1_region	330554	1868260	5.65	0	62
ptg004553l_1	195452	1152895	5.90	0	13
ptg004553l_1_region	195452	1152895	5.90	0	13
ptg004554l_1	71159	291131	4.09	0	14
ptg004554l_1_region	71159	291131	4.09	0	14
ptg004556l_1	220188	979586	4.45	0	12
ptg004556l_1_region	220188	979586	4.45	0	12
ptg004558l_1	438719	2173671	4.95	0	45
ptg004558l_1_region	438719	2173671	4.95	0	45
ptg004559l_1	19976	51798	2.59	0	7
ptg004559l_1_region	19976	51798	2.59	0	7
ptg004560l_1	77805	321658	4.13	0	12
ptg004560l_1_region	77805	321658	4.13	0	12
ptg004564l_1	150376	793340	5.28	0	42
ptg004564l_1_region	150376	793340	5.28	0	42
ptg004565l_1	262755	969179	3.69	0	20
ptg004565l_1_region	262755	969179	3.69	0	20
ptg004569l_1	202512	1171608	5.79	0	30
ptg004569l_1_region	202512	1171608	5.79	0	30
ptg004575l_1	128239	389497	3.04	0	14
ptg004575l_1_region	128239	389497	3.04	0	14
ptg004576l_1	720236	1880163	2.61	0	24
ptg004576l_1_region	720236	1880163	2.61	0	24
ptg004577l_1	544062	1726020	3.17	0	14
ptg004577l_1_region	544062	1726020	3.17	0	14
ptg004578l_1	243844	1108411	4.55	0	42
ptg004578l_1_region	243844	1108411	4.55	0	42
ptg004582l_1	247381	1047540	4.23	0	17
ptg004582l_1_region	247381	1047540	4.23	0	17
ptg004583l_1	129075	463074	3.59	0	11
ptg004583l_1_region	129075	463074	3.59	0	11
ptg004584l_1	140902	452690	3.21	0	14
ptg004584l_1_region	140902	452690	3.21	0	14
ptg004586l_1	988984	4672051	4.72	0	36
ptg004586l_1_region	988984	4672051	4.72	0	36
ptg004587l_1	108417	347324	3.20	0	13
ptg004587l_1_region	108417	347324	3.20	0	13
ptg004588l_1	960150	185235	0.19	0	18
ptg004588l_1_region	960150	185235	0.19	0	18
ptg004589l_1	189961	658955	3.47	0	18
ptg004589l_1_region	189961	658955	3.47	0	18
ptg004590l_1	226003	1198192	5.30	0	29
ptg004590l_1_region	226003	1198192	5.30	0	29
ptg004594l_1	242405	1088873	4.49	0	12
ptg004594l_1_region	242405	1088873	4.49	0	12
ptg004596l_1	355847	1805871	5.07	0	14
ptg004596l_1_region	355847	1805871	5.07	0	14
ptg004597l_1	194330	537883	2.77	0	13
ptg004597l_1_region	194330	537883	2.77	0	13
ptg004598l_1	169206	712468	4.21	0	13
ptg004598l_1_region	169206	712468	4.21	0	13
ptg004600l_1	157158	611976	3.89	0	13
ptg004600l_1_region	157158	611976	3.89	0	13
ptg004605l_1	394987	1407822	3.56	0	20
ptg004605l_1_region	394987	1407822	3.56	0	20
ptg004607l_1	1382642	4870615	3.52	0	17
ptg004607l_1_region	1382642	4870615	3.52	0	17
ptg004609l_1	240562	817294	3.40	0	12
ptg004609l_1_region	240562	817294	3.40	0	12
ptg004613l_1	361699	2070637	5.72	0	31
ptg004613l_1_region	361699	2070637	5.72	0	31
ptg004615l_1	534708	2595010	4.85	0	16
ptg004615l_1_region	534708	2595010	4.85	0	16
ptg004616l_1	258814	642268	2.48	0	13
ptg004616l_1_region	258814	642268	2.48	0	13
ptg004618l_1	74100	331054	4.47	0	11
ptg004618l_1_region	74100	331054	4.47	0	11
ptg004619l_1	38187	147728	3.87	0	9
ptg004619l_1_region	38187	147728	3.87	0	9
ptg004620l_1	235676	412030	1.75	0	24
ptg004620l_1_region	235676	412030	1.75	0	24
ptg004621l_1	118035	181837	1.54	0	9
ptg004621l_1_region	118035	181837	1.54	0	9
ptg004622l_1	373800	1566737	4.19	0	14
ptg004622l_1_region	373800	1566737	4.19	0	14
ptg004624l_1	174040	675547	3.88	0	16
ptg004624l_1_region	174040	675547	3.88	0	16
ptg004625l_1	429177	2219286	5.17	0	22
ptg004625l_1_region	429177	2219286	5.17	0	22
ptg004630l_1	633388	2696175	4.26	0	14
ptg004630l_1_region	633388	2696175	4.26	0	14
ptg004632l_1	139147	639559	4.60	0	13
ptg004632l_1_region	139147	639559	4.60	0	13
ptg004633l_1	421191	1938128	4.60	0	14
ptg004633l_1_region	421191	1938128	4.60	0	14
ptg004634l_1	131150	532571	4.06	0	12
ptg004634l_1_region	131150	532571	4.06	0	12
ptg004635l_1	81490	350502	4.30	0	28
ptg004635l_1_region	81490	350502	4.30	0	28
ptg004637l_1	293831	1110513	3.78	0	10
ptg004637l_1_region	293831	1110513	3.78	0	10
ptg004639l_1	152991	499049	3.26	0	12
ptg004639l_1_region	152991	499049	3.26	0	12
ptg004640l_1	226854	624288	2.75	0	15
ptg004640l_1_region	226854	624288	2.75	0	15
ptg004641l_1	326843	2032536	6.22	0	29
ptg004641l_1_region	326843	2032536	6.22	0	29
ptg004643l_1	252567	931124	3.69	0	11
ptg004643l_1_region	252567	931124	3.69	0	11
ptg004646l_1	415894	1335659	3.21	0	19
ptg004646l_1_region	415894	1335659	3.21	0	19
ptg004647l_1	703958	5774757	8.20	0	78
ptg004647l_1_region	703958	5774757	8.20	0	78
ptg004649l_1	681576	3717287	5.45	0	19
ptg004649l_1_region	681576	3717287	5.45	0	19
ptg004650l_1	597220	2102438	3.52	0	14
ptg004650l_1_region	597220	2102438	3.52	0	14
ptg004651l_1	200883	569240	2.83	0	15
ptg004651l_1_region	200883	569240	2.83	0	15
ptg004653l_1	38434	48420	1.26	0	9
ptg004653l_1_region	38434	48420	1.26	0	9
ptg004654l_1	110856	366782	3.31	0	13
ptg004654l_1_region	110856	366782	3.31	0	13
ptg004657l_1	116183	416123	3.58	0	11
ptg004657l_1_region	116183	416123	3.58	0	11
ptg004658l_1	180920	680725	3.76	0	12
ptg004658l_1_region	180920	680725	3.76	0	12
ptg004659l_1	180577	682377	3.78	0	12
ptg004659l_1_region	180577	682377	3.78	0	12
ptg004660l_1	86679	365996	4.22	0	17
ptg004660l_1_region	86679	365996	4.22	0	17
ptg004661l_1	278649	973405	3.49	0	12
ptg004661l_1_region	278649	973405	3.49	0	12
ptg004662l_1	220966	614984	2.78	0	15
ptg004662l_1_region	220966	614984	2.78	0	15
ptg004663l_1	225966	804142	3.56	0	13
ptg004663l_1_region	225966	804142	3.56	0	13
ptg004665l_1	883031	3869038	4.38	0	18
ptg004665l_1_region	883031	3869038	4.38	0	18
ptg004666l_1	159455	723499	4.54	0	16
ptg004666l_1_region	159455	723499	4.54	0	16
ptg004669l_1	258837	1512429	5.84	0	19
ptg004669l_1_region	258837	1512429	5.84	0	19
ptg004671l_1	1048211	5427210	5.18	0	16
ptg004671l_1_region	1048211	5427210	5.18	0	16
ptg004678l_1	746719	3449408	4.62	0	16
ptg004678l_1_region	746719	3449408	4.62	0	16
ptg004679l_1	859046	5408313	6.30	0	52
ptg004679l_1_region	859046	5408313	6.30	0	52
ptg004681l_1	164721	807782	4.90	0	16
ptg004681l_1_region	164721	807782	4.90	0	16
ptg004682l_1	377631	1171019	3.10	0	16
ptg004682l_1_region	377631	1171019	3.10	0	16
ptg004683l_1	100925	379053	3.76	0	173
ptg004683l_1_region	100925	379053	3.76	0	173
ptg004684l_1	124279	340982	2.74	0	12
ptg004684l_1_region	124279	340982	2.74	0	12
ptg004685l_1	221577	931874	4.21	0	14
ptg004685l_1_region	221577	931874	4.21	0	14
ptg004689l_1	312380	1577882	5.05	0	17
ptg004689l_1_region	312380	1577882	5.05	0	17
ptg004692l_1	269467	5611089	20.82	0	217
ptg004692l_1_region	269467	5611089	20.82	0	217
ptg004693l_1	186626	582622	3.12	0	9
ptg004693l_1_region	186626	582622	3.12	0	9
ptg004695l_1	1610242	8176785	5.08	0	48
ptg004695l_1_region	1610242	8176785	5.08	0	48
ptg004696l_1	312643	967848	3.10	0	19
ptg004696l_1_region	312643	967848	3.10	0	19
ptg004698l_1	950860	3949685	4.15	0	14
ptg004698l_1_region	950860	3949685	4.15	0	14
ptg004701l_1	252851	823597	3.26	0	33
ptg004701l_1_region	252851	823597	3.26	0	33
ptg004703l_1	203605	953116	4.68	0	24
ptg004703l_1_region	203605	953116	4.68	0	24
ptg004704l_1	245343	2310257	9.42	0	24
ptg004704l_1_region	245343	2310257	9.42	0	24
ptg004705l_1	204025	790153	3.87	0	14
ptg004705l_1_region	204025	790153	3.87	0	14
ptg004708l_1	842608	5109754	6.06	0	19
ptg004708l_1_region	842608	5109754	6.06	0	19
ptg004709l_1	391584	1361368	3.48	0	18
ptg004709l_1_region	391584	1361368	3.48	0	18
ptg004711l_1	687363	4134834	6.02	0	54
ptg004711l_1_region	687363	4134834	6.02	0	54
ptg004712l_1	847743	2709214	3.20	0	45
ptg004712l_1_region	847743	2709214	3.20	0	45
ptg004713l_1	190329	890166	4.68	0	20
ptg004713l_1_region	190329	890166	4.68	0	20
ptg004714l_1	995953	3270490	3.28	0	39
ptg004714l_1_region	995953	3270490	3.28	0	39
ptg004716l_1	611019	2637606	4.32	0	16
ptg004716l_1_region	611019	2637606	4.32	0	16
ptg004719l_1	27428	102736	3.75	0	9
ptg004719l_1_region	27428	102736	3.75	0	9
ptg004723l_1	228001	2229879	9.78	0	68
ptg004723l_1_region	228001	2229879	9.78	0	68
ptg004725l_1	31658	94714	2.99	0	9
ptg004725l_1_region	31658	94714	2.99	0	9
ptg004727l_1	147909	370798	2.51	0	13
ptg004727l_1_region	147909	370798	2.51	0	13
ptg004731l_1	1647395	5380924	3.27	0	21
ptg004731l_1_region	1647395	5380924	3.27	0	21
ptg004732l_1	234063	632291	2.70	0	12
ptg004732l_1_region	234063	632291	2.70	0	12
ptg004736l_1	300149	917292	3.06	0	20
ptg004736l_1_region	300149	917292	3.06	0	20
ptg004748l_1	709896	2771327	3.90	0	17
ptg004748l_1_region	709896	2771327	3.90	0	17
ptg004751l_1	603246	3338037	5.53	0	170
ptg004751l_1_region	603246	3338037	5.53	0	170
ptg004752l_1	35238	95786	2.72	0	7
ptg004752l_1_region	35238	95786	2.72	0	7
ptg004755l_1	414694	2169312	5.23	0	22
ptg004755l_1_region	414694	2169312	5.23	0	22
ptg004756l_1	50773	155158	3.06	0	10
ptg004756l_1_region	50773	155158	3.06	0	10
ptg004759l_1	1123265	5590944	4.98	0	17
ptg004759l_1_region	1123265	5590944	4.98	0	17
ptg004761l_1	162900	754799	4.63	0	18
ptg004761l_1_region	162900	754799	4.63	0	18
ptg004762l_1	78133	399103	5.11	0	23
ptg004762l_1_region	78133	399103	5.11	0	23
ptg004764l_1	45689	174620	3.82	0	11
ptg004764l_1_region	45689	174620	3.82	0	11
ptg004765l_1	260541	1202315	4.61	0	33
ptg004765l_1_region	260541	1202315	4.61	0	33
ptg004767l_1	74140	197391	2.66	0	7
ptg004767l_1_region	74140	197391	2.66	0	7
ptg004771l_1	88709	263410	2.97	0	10
ptg004771l_1_region	88709	263410	2.97	0	10
ptg004774l_1	135769	447639	3.30	0	13
ptg004774l_1_region	135769	447639	3.30	0	13
ptg004776l_1	408915	2194925	5.37	0	22
ptg004776l_1_region	408915	2194925	5.37	0	22
ptg004777l_1	115534	442821	3.83	0	11
ptg004777l_1_region	115534	442821	3.83	0	11
ptg004778l_1	141346	516668	3.66	0	13
ptg004778l_1_region	141346	516668	3.66	0	13
ptg004779l_1	602311	3151788	5.23	0	24
ptg004779l_1_region	602311	3151788	5.23	0	24
ptg004782l_1	12850	88516	6.89	0	50
ptg004782l_1_region	12850	88516	6.89	0	50
ptg004783l_1	638638	3082454	4.83	0	19
ptg004783l_1_region	638638	3082454	4.83	0	19
ptg004785l_1	371322	1718984	4.63	0	29
ptg004785l_1_region	371322	1718984	4.63	0	29
ptg004786l_1	27355	83631	3.06	0	8
ptg004786l_1_region	27355	83631	3.06	0	8
ptg004788l_1	597866	2522539	4.22	0	25
ptg004788l_1_region	597866	2522539	4.22	0	25
ptg004792l_1	475211	1880420	3.96	0	19
ptg004792l_1_region	475211	1880420	3.96	0	19
ptg004793l_1	510356	2263860	4.44	0	18
ptg004793l_1_region	510356	2263860	4.44	0	18
ptg004795l_1	927927	4345786	4.68	0	24
ptg004795l_1_region	927927	4345786	4.68	0	24
ptg004797l_1	351014	3326945	9.48	0	156
ptg004797l_1_region	351014	3326945	9.48	0	156
ptg004798l_1	292365	1646456	5.63	0	18
ptg004798l_1_region	292365	1646456	5.63	0	18
ptg004799l_1	428435	2395778	5.59	0	14
ptg004799l_1_region	428435	2395778	5.59	0	14
ptg004800l_1	123495	426727	3.46	0	12
ptg004800l_1_region	123495	426727	3.46	0	12
ptg004802l_1	228199	771243	3.38	0	12
ptg004802l_1_region	228199	771243	3.38	0	12
ptg004807l_1	146097	504640	3.45	0	30
ptg004807l_1_region	146097	504640	3.45	0	30
ptg004813l_1	241558	1089535	4.51	0	18
ptg004813l_1_region	241558	1089535	4.51	0	18
ptg004814l_1	412672	1775498	4.30	0	25
ptg004814l_1_region	412672	1775498	4.30	0	25
ptg004816l_1	531605	2897562	5.45	0	37
ptg004816l_1_region	531605	2897562	5.45	0	37
ptg004817l_1	27778	46491	1.67	0	7
ptg004817l_1_region	27778	46491	1.67	0	7
ptg004820l_1	315997	1791147	5.67	0	36
ptg004820l_1_region	315997	1791147	5.67	0	36
ptg004824l_1	459605	1370462	2.98	0	13
ptg004824l_1_region	459605	1370462	2.98	0	13
ptg004828l_1	22945	47818	2.08	0	8
ptg004828l_1_region	22945	47818	2.08	0	8
ptg004829l_1	155175	963355	6.21	0	121
ptg004829l_1_region	155175	963355	6.21	0	121
ptg004833l_1	90320	321374	3.56	0	11
ptg004833l_1_region	90320	321374	3.56	0	11
ptg004834l_1	52647	157835	3.00	0	9
ptg004834l_1_region	52647	157835	3.00	0	9
ptg004835l_1	211810	1087833	5.14	0	29
ptg004835l_1_region	211810	1087833	5.14	0	29
ptg004836l_1	537132	5285343	9.84	0	61
ptg004836l_1_region	537132	5285343	9.84	0	61
ptg004837l_1	434469	1449435	3.34	0	11
ptg004837l_1_region	434469	1449435	3.34	0	11
ptg004838l_1	123653	496285	4.01	0	27
ptg004838l_1_region	123653	496285	4.01	0	27
ptg004841l_1	770746	2741351	3.56	0	14
ptg004841l_1_region	770746	2741351	3.56	0	14
ptg004844l_1	231873	1088588	4.69	0	69
ptg004844l_1_region	231873	1088588	4.69	0	69
ptg004845l_1	316417	1300100	4.11	0	24
ptg004845l_1_region	316417	1300100	4.11	0	24
ptg004846l_1	69212	225411	3.26	0	10
ptg004846l_1_region	69212	225411	3.26	0	10
ptg004847l_1	87883	396464	4.51	0	15
ptg004847l_1_region	87883	396464	4.51	0	15
ptg004848l_1	28424	78593	2.77	0	11
ptg004848l_1_region	28424	78593	2.77	0	11
ptg004850l_1	72438	161862	2.23	0	9
ptg004850l_1_region	72438	161862	2.23	0	9
ptg004852l_1	37321	78925	2.11	0	6
ptg004852l_1_region	37321	78925	2.11	0	6
ptg004854l_1	482220	3138511	6.51	0	34
ptg004854l_1_region	482220	3138511	6.51	0	34
ptg004856l_1	1235753	6511532	5.27	0	20
ptg004856l_1_region	1235753	6511532	5.27	0	20
ptg004857l_1	345385	1349758	3.91	0	26
ptg004857l_1_region	345385	1349758	3.91	0	26
ptg004859l_1	229350	1188794	5.18	0	23
ptg004859l_1_region	229350	1188794	5.18	0	23
ptg004867l_1	308087	1674433	5.43	0	60
ptg004867l_1_region	308087	1674433	5.43	0	60
ptg004869l_1	217604	710540	3.27	0	14
ptg004869l_1_region	217604	710540	3.27	0	14
ptg004870l_1	158579	694131	4.38	0	12
ptg004870l_1_region	158579	694131	4.38	0	12
ptg004871l_1	204774	801450	3.91	0	13
ptg004871l_1_region	204774	801450	3.91	0	13
ptg004876l_1	599114	386347	0.64	0	13
ptg004876l_1_region	599114	386347	0.64	0	13
ptg004877l_1	654865	2883780	4.40	0	14
ptg004877l_1_region	654865	2883780	4.40	0	14
ptg004878l_1	299935	1725449	5.75	0	24
ptg004878l_1_region	299935	1725449	5.75	0	24
ptg004879l_1	35453	63196	1.78	0	8
ptg004879l_1_region	35453	63196	1.78	0	8
ptg004880l_1	605395	2266535	3.74	0	28
ptg004880l_1_region	605395	2266535	3.74	0	28
ptg004881l_1	69602	312569	4.49	0	10
ptg004881l_1_region	69602	312569	4.49	0	10
ptg004883l_1	250809	1347975	5.37	0	40
ptg004883l_1_region	250809	1347975	5.37	0	40
ptg004884l_1	119810	332169	2.77	0	12
ptg004884l_1_region	119810	332169	2.77	0	12
ptg004886l_1	143571	439513	3.06	0	13
ptg004886l_1_region	143571	439513	3.06	0	13
ptg004887l_1	600467	4226030	7.04	0	211
ptg004887l_1_region	600467	4226030	7.04	0	211
ptg004889l_1	358752	1496122	4.17	0	14
ptg004889l_1_region	358752	1496122	4.17	0	14
ptg004893l_1	523202	2967428	5.67	0	29
ptg004893l_1_region	523202	2967428	5.67	0	29
ptg004894l_1	35422	102888	2.90	0	12
ptg004894l_1_region	35422	102888	2.90	0	12
ptg004895l_1	394803	1349709	3.42	0	14
ptg004895l_1_region	394803	1349709	3.42	0	14
ptg004896l_1	110484	424793	3.84	0	16
ptg004896l_1_region	110484	424793	3.84	0	16
ptg004898l_1	389511	1531868	3.93	0	15
ptg004898l_1_region	389511	1531868	3.93	0	15
ptg004899l_1	412273	1744362	4.23	0	15
ptg004899l_1_region	412273	1744362	4.23	0	15
ptg004900l_1	324397	1659675	5.12	0	20
ptg004900l_1_region	324397	1659675	5.12	0	20
ptg004903l_1	264053	1475286	5.59	0	18
ptg004903l_1_region	264053	1475286	5.59	0	18
ptg004905l_1	357370	1485911	4.16	0	12
ptg004905l_1_region	357370	1485911	4.16	0	12
ptg004908l_1	149529	611495	4.09	0	12
ptg004908l_1_region	149529	611495	4.09	0	12
ptg004912l_1	1000967	3300884	3.30	0	21
ptg004912l_1_region	1000967	3300884	3.30	0	21
ptg004915l_1	184329	646775	3.51	0	16
ptg004915l_1_region	184329	646775	3.51	0	16
ptg004917l_1	24774	83517	3.37	0	7
ptg004917l_1_region	24774	83517	3.37	0	7
ptg004918l_1	350406	1748050	4.99	0	22
ptg004918l_1_region	350406	1748050	4.99	0	22
ptg004919l_1	608661	3190245	5.24	0	23
ptg004919l_1_region	608661	3190245	5.24	0	23
ptg004920l_1	357176	1112352	3.11	0	41
ptg004920l_1_region	357176	1112352	3.11	0	41
ptg004921l_1	405034	1981657	4.89	0	26
ptg004921l_1_region	405034	1981657	4.89	0	26
ptg004923l_1	195686	557164	2.85	0	15
ptg004923l_1_region	195686	557164	2.85	0	15
ptg004924l_1	22739	6344	0.28	0	6
ptg004924l_1_region	22739	6344	0.28	0	6
ptg004925l_1	622882	2291912	3.68	0	23
ptg004925l_1_region	622882	2291912	3.68	0	23
ptg004927l_1	315170	1600934	5.08	0	23
ptg004927l_1_region	315170	1600934	5.08	0	23
ptg004928l_1	60156	255058	4.24	0	11
ptg004928l_1_region	60156	255058	4.24	0	11
ptg004929l_1	148299	342502	2.31	0	33
ptg004929l_1_region	148299	342502	2.31	0	33
ptg004930l_1	723236	2698336	3.73	0	16
ptg004930l_1_region	723236	2698336	3.73	0	16
ptg004931l_1	75879	350600	4.62	0	11
ptg004931l_1_region	75879	350600	4.62	0	11
ptg004932l_1	106211	25945	0.24	0	8
ptg004932l_1_region	106211	25945	0.24	0	8
ptg004934l_1	165082	544051	3.30	0	14
ptg004934l_1_region	165082	544051	3.30	0	14
ptg004935l_1	381798	1401706	3.67	0	17
ptg004935l_1_region	381798	1401706	3.67	0	17
ptg004937l_1	713093	2890650	4.05	0	23
ptg004937l_1_region	713093	2890650	4.05	0	23
ptg004939l_1	70517	679059	9.63	0	48
ptg004939l_1_region	70517	679059	9.63	0	48
ptg004940l_1	722019	3762487	5.21	0	36
ptg004940l_1_region	722019	3762487	5.21	0	36
ptg004941l_1	68449	592202	8.65	0	60
ptg004941l_1_region	68449	592202	8.65	0	60
ptg004943l_1	378740	1113187	2.94	0	28
ptg004943l_1_region	378740	1113187	2.94	0	28
ptg004944l_1	49399	155580	3.15	0	13
ptg004944l_1_region	49399	155580	3.15	0	13
ptg004945l_1	514031	2240391	4.36	0	13
ptg004945l_1_region	514031	2240391	4.36	0	13
ptg004948l_1	181102	777848	4.30	0	17
ptg004948l_1_region	181102	777848	4.30	0	17
ptg004949l_1	134255	305041	2.27	0	12
ptg004949l_1_region	134255	305041	2.27	0	12
ptg004951l_1	108284	489597	4.52	0	29
ptg004951l_1_region	108284	489597	4.52	0	29
ptg004953l_1	13747	42553	3.10	0	7
ptg004953l_1_region	13747	42553	3.10	0	7
ptg004955l_1	418224	1726609	4.13	0	15
ptg004955l_1_region	418224	1726609	4.13	0	15
ptg004957l_1	65461	196686	3.00	0	11
ptg004957l_1_region	65461	196686	3.00	0	11
ptg004958l_1	166416	497498	2.99	0	9
ptg004958l_1_region	166416	497498	2.99	0	9
ptg004959l_1	69912	270441	3.87	0	26
ptg004959l_1_region	69912	270441	3.87	0	26
ptg004961l_1	101449	379236	3.74	0	11
ptg004961l_1_region	101449	379236	3.74	0	11
ptg004962l_1	322084	1089453	3.38	0	14
ptg004962l_1_region	322084	1089453	3.38	0	14
ptg004963l_1	49824	188668	3.79	0	9
ptg004963l_1_region	49824	188668	3.79	0	9
ptg004964l_1	125800	682480	5.43	0	83
ptg004964l_1_region	125800	682480	5.43	0	83
ptg004965l_1	465750	2206238	4.74	0	16
ptg004965l_1_region	465750	2206238	4.74	0	16
ptg004966l_1	322265	1500631	4.66	0	23
ptg004966l_1_region	322265	1500631	4.66	0	23
ptg004968l_1	59611	194498	3.26	0	7
ptg004968l_1_region	59611	194498	3.26	0	7
ptg004969l_1	13026	23155	1.78	0	5
ptg004969l_1_region	13026	23155	1.78	0	5
ptg004970l_1	53724	147721	2.75	0	8
ptg004970l_1_region	53724	147721	2.75	0	8
ptg004975l_1	319759	1396041	4.37	0	15
ptg004975l_1_region	319759	1396041	4.37	0	15
ptg004976l_1	182186	825093	4.53	0	12
ptg004976l_1_region	182186	825093	4.53	0	12
ptg004978l_1	176287	1095974	6.22	0	82
ptg004978l_1_region	176287	1095974	6.22	0	82
ptg004979l_1	247465	752811	3.04	0	15
ptg004979l_1_region	247465	752811	3.04	0	15
ptg004980l_1	353105	1733448	4.91	0	75
ptg004980l_1_region	353105	1733448	4.91	0	75
ptg004981l_1	180362	598091	3.32	0	20
ptg004981l_1_region	180362	598091	3.32	0	20
ptg004982l_1	82580	355494	4.30	0	11
ptg004982l_1_region	82580	355494	4.30	0	11
ptg004983l_1	17603	38538	2.19	0	10
ptg004983l_1_region	17603	38538	2.19	0	10
ptg004984l_1	61293	185120	3.02	0	8
ptg004984l_1_region	61293	185120	3.02	0	8
ptg004985l_1	244791	1300247	5.31	0	88
ptg004985l_1_region	244791	1300247	5.31	0	88
ptg004987l_1	179513	730057	4.07	0	11
ptg004987l_1_region	179513	730057	4.07	0	11
ptg004988l_1	280588	1530960	5.46	0	29
ptg004988l_1_region	280588	1530960	5.46	0	29
ptg004990l_1	609520	3099636	5.09	0	23
ptg004990l_1_region	609520	3099636	5.09	0	23
ptg004992l_1	243515	1116719	4.59	0	15
ptg004992l_1_region	243515	1116719	4.59	0	15
ptg004998l_1	251708	1354502	5.38	0	21
ptg004998l_1_region	251708	1354502	5.38	0	21
ptg005000l_1	195412	523723	2.68	0	10
ptg005000l_1_region	195412	523723	2.68	0	10
ptg005004l_1	72528	236968	3.27	0	14
ptg005004l_1_region	72528	236968	3.27	0	14
ptg005005l_1	1235887	2476726	2.00	0	29
ptg005005l_1_region	1235887	2476726	2.00	0	29
ptg005007l_1	132478	454718	3.43	0	24
ptg005007l_1_region	132478	454718	3.43	0	24
ptg005012l_1	197199	784386	3.98	0	12
ptg005012l_1_region	197199	784386	3.98	0	12
ptg005017l_1	140379	605261	4.31	0	28
ptg005017l_1_region	140379	605261	4.31	0	28
ptg005019l_1	192920	1103976	5.72	0	83
ptg005019l_1_region	192920	1103976	5.72	0	83
ptg005026l_1	64340	112832	1.75	0	9
ptg005026l_1_region	64340	112832	1.75	0	9
ptg005030l_1	44821	94171	2.10	0	8
ptg005030l_1_region	44821	94171	2.10	0	8
ptg005031l_1	255269	1932088	7.57	0	33
ptg005031l_1_region	255269	1932088	7.57	0	33
ptg005035l_1	530913	2834727	5.34	0	25
ptg005035l_1_region	530913	2834727	5.34	0	25
ptg005036l_1	603579	2858615	4.74	0	21
ptg005036l_1_region	603579	2858615	4.74	0	21
ptg005037l_1	121344	118864	0.98	0	10
ptg005037l_1_region	121344	118864	0.98	0	10
ptg005038l_1	264048	1121224	4.25	0	16
ptg005038l_1_region	264048	1121224	4.25	0	16
ptg005039l_1	145063	493167	3.40	0	36
ptg005039l_1_region	145063	493167	3.40	0	36
ptg005040l_1	306040	1035075	3.38	0	52
ptg005040l_1_region	306040	1035075	3.38	0	52
ptg005045l_1	198320	961070	4.85	0	17
ptg005045l_1_region	198320	961070	4.85	0	17
ptg005046l_1	378770	1143687	3.02	0	23
ptg005046l_1_region	378770	1143687	3.02	0	23
ptg005050l_1	295795	1318901	4.46	0	31
ptg005050l_1_region	295795	1318901	4.46	0	31
ptg005055l_1	1026869	4499311	4.38	0	31
ptg005055l_1_region	1026869	4499311	4.38	0	31
ptg005060l_1	703494	4049039	5.76	0	64
ptg005060l_1_region	703494	4049039	5.76	0	64
ptg005063l_1	653631	4033370	6.17	0	71
ptg005063l_1_region	653631	4033370	6.17	0	71
ptg005065l_1	301502	1097309	3.64	0	15
ptg005065l_1_region	301502	1097309	3.64	0	15
ptg005066l_1	108019	684937	6.34	0	42
ptg005066l_1_region	108019	684937	6.34	0	42
ptg005069l_1	402607	1595464	3.96	0	13
ptg005069l_1_region	402607	1595464	3.96	0	13
ptg005071l_1	299380	1401816	4.68	0	25
ptg005071l_1_region	299380	1401816	4.68	0	25
ptg005072l_1	518599	2087854	4.03	0	14
ptg005072l_1_region	518599	2087854	4.03	0	14
ptg005077l_1	275390	1426491	5.18	0	30
ptg005077l_1_region	275390	1426491	5.18	0	30
ptg005080l_1	241401	866645	3.59	0	17
ptg005080l_1_region	241401	866645	3.59	0	17
ptg005081l_1	46277	185611	4.01	0	13
ptg005081l_1_region	46277	185611	4.01	0	13
ptg005082l_1	680995	2856572	4.19	0	20
ptg005082l_1_region	680995	2856572	4.19	0	20
ptg005083l_1	157444	458099	2.91	0	19
ptg005083l_1_region	157444	458099	2.91	0	19
ptg005084l_1	53496	172758	3.23	0	9
ptg005084l_1_region	53496	172758	3.23	0	9
ptg005085l_1	1585071	10848107	6.84	0	96
ptg005085l_1_region	1585071	10848107	6.84	0	96
ptg005091l_1	620772	3063273	4.93	0	16
ptg005091l_1_region	620772	3063273	4.93	0	16
ptg005095l_1	64564	341314	5.29	0	13
ptg005095l_1_region	64564	341314	5.29	0	13
ptg005098l_1	350528	1653801	4.72	0	12
ptg005098l_1_region	350528	1653801	4.72	0	12
ptg005101l_1	1246424	16806281	13.48	0	1960
ptg005101l_1_region	1246424	16806281	13.48	0	1960
ptg005104l_1	303706	1282901	4.22	0	13
ptg005104l_1_region	303706	1282901	4.22	0	13
ptg005105l_1	64384	193215	3.00	0	12
ptg005105l_1_region	64384	193215	3.00	0	12
ptg005106l_1	561191	1892414	3.37	0	11
ptg005106l_1_region	561191	1892414	3.37	0	11
ptg005107l_1	438930	2065522	4.71	0	15
ptg005107l_1_region	438930	2065522	4.71	0	15
ptg005110l_1	179817	840299	4.67	0	17
ptg005110l_1_region	179817	840299	4.67	0	17
ptg005113l_1	221872	1611016	7.26	0	75
ptg005113l_1_region	221872	1611016	7.26	0	75
ptg005114l_1	99291	296312	2.98	0	15
ptg005114l_1_region	99291	296312	2.98	0	15
ptg005116l_1	350915	1457157	4.15	0	17
ptg005116l_1_region	350915	1457157	4.15	0	17
ptg005118l_1	275595	537185	1.95	0	10
ptg005118l_1_region	275595	537185	1.95	0	10
ptg005119l_1	321466	1495790	4.65	0	14
ptg005119l_1_region	321466	1495790	4.65	0	14
ptg005120l_1	291305	1089554	3.74	0	80
ptg005120l_1_region	291305	1089554	3.74	0	80
ptg005125l_1	171497	867648	5.06	0	20
ptg005125l_1_region	171497	867648	5.06	0	20
ptg005127l_1	69696	104220	1.50	0	9
ptg005127l_1_region	69696	104220	1.50	0	9
ptg005128l_1	173402	618867	3.57	0	12
ptg005128l_1_region	173402	618867	3.57	0	12
ptg005130l_1	175941	559232	3.18	0	13
ptg005130l_1_region	175941	559232	3.18	0	13
ptg005131l_1	140414	318712	2.27	0	9
ptg005131l_1_region	140414	318712	2.27	0	9
ptg005132l_1	167667	652066	3.89	0	18
ptg005132l_1_region	167667	652066	3.89	0	18
ptg005134l_1	156946	739185	4.71	0	20
ptg005134l_1_region	156946	739185	4.71	0	20
ptg005138l_1	29759	65832	2.21	0	8
ptg005138l_1_region	29759	65832	2.21	0	8
ptg005139l_1	236202	1381855	5.85	0	16
ptg005139l_1_region	236202	1381855	5.85	0	16
ptg005142l_1	10745	12251	1.14	0	3
ptg005142l_1_region	10745	12251	1.14	0	3
ptg005143l_1	537708	2810548	5.23	0	109
ptg005143l_1_region	537708	2810548	5.23	0	109
ptg005144l_1	151179	428952	2.84	0	11
ptg005144l_1_region	151179	428952	2.84	0	11
ptg005147l_1	70410	126223	1.79	0	15
ptg005147l_1_region	70410	126223	1.79	0	15
ptg005148l_1	696544	2047467	2.94	0	46
ptg005148l_1_region	696544	2047467	2.94	0	46
ptg005150l_1	313778	1094372	3.49	0	18
ptg005150l_1_region	313778	1094372	3.49	0	18
ptg005151l_1	278490	1028200	3.69	0	23
ptg005151l_1_region	278490	1028200	3.69	0	23
ptg005152l_1	42703	156226	3.66	0	10
ptg005152l_1_region	42703	156226	3.66	0	10
ptg005153l_1	453776	2149131	4.74	0	16
ptg005153l_1_region	453776	2149131	4.74	0	16
ptg005156l_1	112795	415683	3.69	0	9
ptg005156l_1_region	112795	415683	3.69	0	9
ptg005159l_1	157604	674614	4.28	0	15
ptg005159l_1_region	157604	674614	4.28	0	15
ptg005160l_1	52075	114217	2.19	0	8
ptg005160l_1_region	52075	114217	2.19	0	8
ptg005161l_1	951102	3606847	3.79	0	22
ptg005161l_1_region	951102	3606847	3.79	0	22
ptg005162l_1	302270	1794077	5.94	0	36
ptg005162l_1_region	302270	1794077	5.94	0	36
ptg005165l_1	123438	374897	3.04	0	10
ptg005165l_1_region	123438	374897	3.04	0	10
ptg005166l_1	30137	21181	0.70	0	4
ptg005166l_1_region	30137	21181	0.70	0	4
ptg005167l_1	188854	738617	3.91	0	13
ptg005167l_1_region	188854	738617	3.91	0	13
ptg005171l_1	395313	2703356	6.84	0	60
ptg005171l_1_region	395313	2703356	6.84	0	60
ptg005173l_1	258580	724653	2.80	0	12
ptg005173l_1_region	258580	724653	2.80	0	12
ptg005177l_1	571801	4108282	7.18	0	22
ptg005177l_1_region	571801	4108282	7.18	0	22
ptg005180l_1	475896	1875010	3.94	0	19
ptg005180l_1_region	475896	1875010	3.94	0	19
ptg005183l_1	47064	37641	0.80	0	4
ptg005183l_1_region	47064	37641	0.80	0	4
ptg005187l_1	199133	980199	4.92	0	17
ptg005187l_1_region	199133	980199	4.92	0	17
ptg005189l_1	165447	647416	3.91	0	12
ptg005189l_1_region	165447	647416	3.91	0	12
ptg005190l_1	279545	905642	3.24	0	10
ptg005190l_1_region	279545	905642	3.24	0	10
ptg005192l_1	478478	1619326	3.38	0	15
ptg005192l_1_region	478478	1619326	3.38	0	15
ptg005193l_1	42706	211139	4.94	0	28
ptg005193l_1_region	42706	211139	4.94	0	28
ptg005194l_1	93564	413592	4.42	0	14
ptg005194l_1_region	93564	413592	4.42	0	14
ptg005198l_1	336532	1173978	3.49	0	21
ptg005198l_1_region	336532	1173978	3.49	0	21
ptg005200l_1	154022	372741	2.42	0	32
ptg005200l_1_region	154022	372741	2.42	0	32
ptg005203l_1	771589	3450933	4.47	0	19
ptg005203l_1_region	771589	3450933	4.47	0	19
ptg005206l_1	126365	516751	4.09	0	16
ptg005206l_1_region	126365	516751	4.09	0	16
ptg005209l_1	19234	89039	4.63	0	10
ptg005209l_1_region	19234	89039	4.63	0	10
ptg005215l_1	46062	55898	1.21	0	11
ptg005215l_1_region	46062	55898	1.21	0	11
ptg005217l_1	164013	505137	3.08	0	12
ptg005217l_1_region	164013	505137	3.08	0	12
ptg005219l_1	563842	1898622	3.37	0	13
ptg005219l_1_region	563842	1898622	3.37	0	13
ptg005220l_1	276380	1334900	4.83	0	18
ptg005220l_1_region	276380	1334900	4.83	0	18
ptg005223l_1	360049	15031241	41.75	0	160
ptg005223l_1_region	360049	15031241	41.75	0	160
ptg005225l_1	923307	2702850	2.93	0	14
ptg005225l_1_region	923307	2702850	2.93	0	14
ptg005226l_1	730471	4300865	5.89	0	48
ptg005226l_1_region	730471	4300865	5.89	0	48
ptg005227l_1	708817	4378772	6.18	0	76
ptg005227l_1_region	708817	4378772	6.18	0	76
ptg005230l_1	1274157	6094487	4.78	0	156
ptg005230l_1_region	1274157	6094487	4.78	0	156
ptg005231l_1	211281	597565	2.83	0	28
ptg005231l_1_region	211281	597565	2.83	0	28
ptg005233l_1	115252	580845	5.04	0	38
ptg005233l_1_region	115252	580845	5.04	0	38
ptg005235l_1	120076	407452	3.39	0	12
ptg005235l_1_region	120076	407452	3.39	0	12
ptg005237l_1	481267	1674334	3.48	0	18
ptg005237l_1_region	481267	1674334	3.48	0	18
ptg005238l_1	207398	766580	3.70	0	14
ptg005238l_1_region	207398	766580	3.70	0	14
ptg005239l_1	129685	308319	2.38	0	8
ptg005239l_1_region	129685	308319	2.38	0	8
ptg005242l_1	225109	904383	4.02	0	11
ptg005242l_1_region	225109	904383	4.02	0	11
ptg005244l_1	81023	381427	4.71	0	16
ptg005244l_1_region	81023	381427	4.71	0	16
ptg005246l_1	127861	335032	2.62	0	33
ptg005246l_1_region	127861	335032	2.62	0	33
ptg005247l_1	82391	458690	5.57	0	15
ptg005247l_1_region	82391	458690	5.57	0	15
ptg005253l_1	747943	2924866	3.91	0	15
ptg005253l_1_region	747943	2924866	3.91	0	15
ptg005255l_1	113094	435823	3.85	0	14
ptg005255l_1_region	113094	435823	3.85	0	14
ptg005260l_1	169443	929644	5.49	0	25
ptg005260l_1_region	169443	929644	5.49	0	25
ptg005263l_1	45090	102052	2.26	0	8
ptg005263l_1_region	45090	102052	2.26	0	8
ptg005269l_1	669997	3242813	4.84	0	23
ptg005269l_1_region	669997	3242813	4.84	0	23
ptg005270l_1	421368	1377604	3.27	0	17
ptg005270l_1_region	421368	1377604	3.27	0	17
ptg005272l_1	417403	1939157	4.65	0	14
ptg005272l_1_region	417403	1939157	4.65	0	14
ptg005273l_1	722794	2818846	3.90	0	20
ptg005273l_1_region	722794	2818846	3.90	0	20
ptg005274l_1	49202	6786	0.14	0	3
ptg005274l_1_region	49202	6786	0.14	0	3
ptg005275l_1	92476	446852	4.83	0	20
ptg005275l_1_region	92476	446852	4.83	0	20
ptg005276l_1	101312	269870	2.66	0	14
ptg005276l_1_region	101312	269870	2.66	0	14
ptg005277l_1	42090	124666	2.96	0	12
ptg005277l_1_region	42090	124666	2.96	0	12
ptg005280l_1	32060	69389	2.16	0	7
ptg005280l_1_region	32060	69389	2.16	0	7
ptg005281l_1	150434	621315	4.13	0	26
ptg005281l_1_region	150434	621315	4.13	0	26
ptg005286l_1	171165	855345	5.00	0	60
ptg005286l_1_region	171165	855345	5.00	0	60
ptg005291l_1	290935	1411987	4.85	0	17
ptg005291l_1_region	290935	1411987	4.85	0	17
ptg005294l_1	96892	312669	3.23	0	17
ptg005294l_1_region	96892	312669	3.23	0	17
ptg005295l_1	230127	914227	3.97	0	14
ptg005295l_1_region	230127	914227	3.97	0	14
ptg005296l_1	218404	839662	3.84	0	11
ptg005296l_1_region	218404	839662	3.84	0	11
ptg005298l_1	19130	53440	2.79	0	9
ptg005298l_1_region	19130	53440	2.79	0	9
ptg005301l_1	341714	1097662	3.21	0	21
ptg005301l_1_region	341714	1097662	3.21	0	21
ptg005303l_1	233754	342890	1.47	0	14
ptg005303l_1_region	233754	342890	1.47	0	14
ptg005304l_1	70468	311782	4.42	0	11
ptg005304l_1_region	70468	311782	4.42	0	11
ptg005308l_1	194675	733155	3.77	0	11
ptg005308l_1_region	194675	733155	3.77	0	11
ptg005309l_1	58534	341907	5.84	0	20
ptg005309l_1_region	58534	341907	5.84	0	20
ptg005310l_1	45256	172047	3.80	0	11
ptg005310l_1_region	45256	172047	3.80	0	11
ptg005311l_1	373995	2275899	6.09	0	82
ptg005311l_1_region	373995	2275899	6.09	0	82
ptg005316l_1	267147	987996	3.70	0	13
ptg005316l_1_region	267147	987996	3.70	0	13
ptg005317l_1	240322	477255	1.99	0	20
ptg005317l_1_region	240322	477255	1.99	0	20
ptg005318l_1	322157	1689367	5.24	0	14
ptg005318l_1_region	322157	1689367	5.24	0	14
ptg005319l_1	265795	1363041	5.13	0	87
ptg005319l_1_region	265795	1363041	5.13	0	87
ptg005321l_1	286478	1429261	4.99	0	16
ptg005321l_1_region	286478	1429261	4.99	0	16
ptg005322l_1	608975	6299001	10.34	0	137
ptg005322l_1_region	608975	6299001	10.34	0	137
ptg005323l_1	259532	592306	2.28	0	12
ptg005323l_1_region	259532	592306	2.28	0	12
ptg005324l_1	410812	1945457	4.74	0	29
ptg005324l_1_region	410812	1945457	4.74	0	29
ptg005328l_1	121276	461863	3.81	0	17
ptg005328l_1_region	121276	461863	3.81	0	17
ptg005329l_1	389880	1679576	4.31	0	42
ptg005329l_1_region	389880	1679576	4.31	0	42
ptg005331l_1	208718	625860	3.00	0	11
ptg005331l_1_region	208718	625860	3.00	0	11
ptg005332l_1	112176	302061	2.69	0	13
ptg005332l_1_region	112176	302061	2.69	0	13
ptg005334l_1	63505	153112	2.41	0	8
ptg005334l_1_region	63505	153112	2.41	0	8
ptg005335l_1	89816	416884	4.64	0	40
ptg005335l_1_region	89816	416884	4.64	0	40
ptg005336l_1	415133	837552	2.02	0	21
ptg005336l_1_region	415133	837552	2.02	0	21
ptg005337l_1	55407	62499	1.13	0	8
ptg005337l_1_region	55407	62499	1.13	0	8
ptg005338l_1	924541	4566132	4.94	0	21
ptg005338l_1_region	924541	4566132	4.94	0	21
ptg005340l_1	51862	179647	3.46	0	14
ptg005340l_1_region	51862	179647	3.46	0	14
ptg005344l_1	339749	64693	0.19	0	13
ptg005344l_1_region	339749	64693	0.19	0	13
ptg005347l_1	20281	6166	0.30	0	4
ptg005347l_1_region	20281	6166	0.30	0	4
ptg005349l_1	255197	1609713	6.31	0	21
ptg005349l_1_region	255197	1609713	6.31	0	21
ptg005350l_1	172574	766627	4.44	0	13
ptg005350l_1_region	172574	766627	4.44	0	13
ptg005351l_1	42536	153481	3.61	0	12
ptg005351l_1_region	42536	153481	3.61	0	12
ptg005352l_1	133866	421322	3.15	0	12
ptg005352l_1_region	133866	421322	3.15	0	12
ptg005353l_1	336929	2379924	7.06	0	78
ptg005353l_1_region	336929	2379924	7.06	0	78
ptg005354l_1	269188	1077716	4.00	0	14
ptg005354l_1_region	269188	1077716	4.00	0	14
ptg005357l_1	197687	436539	2.21	0	22
ptg005357l_1_region	197687	436539	2.21	0	22
ptg005360l_1	275132	1190808	4.33	0	14
ptg005360l_1_region	275132	1190808	4.33	0	14
ptg005361l_1	419445	1911581	4.56	0	30
ptg005361l_1_region	419445	1911581	4.56	0	30
ptg005363l_1	426029	1863105	4.37	0	21
ptg005363l_1_region	426029	1863105	4.37	0	21
ptg005368l_1	200274	651793	3.25	0	17
ptg005368l_1_region	200274	651793	3.25	0	17
ptg005372l_1	182495	891210	4.88	0	15
ptg005372l_1_region	182495	891210	4.88	0	15
ptg005373l_1	42914	183692	4.28	0	18
ptg005373l_1_region	42914	183692	4.28	0	18
ptg005378l_1	84640	995689	11.76	0	31
ptg005378l_1_region	84640	995689	11.76	0	31
ptg005379l_1	223123	1403607	6.29	0	17
ptg005379l_1_region	223123	1403607	6.29	0	17
ptg005382l_1	58650	118724	2.02	0	7
ptg005382l_1_region	58650	118724	2.02	0	7
ptg005384l_1	416699	2538554	6.09	0	78
ptg005384l_1_region	416699	2538554	6.09	0	78
ptg005387l_1	327621	1726328	5.27	0	16
ptg005387l_1_region	327621	1726328	5.27	0	16
ptg005388l_1	189237	654230	3.46	0	12
ptg005388l_1_region	189237	654230	3.46	0	12
ptg005390l_1	207431	753826	3.63	0	12
ptg005390l_1_region	207431	753826	3.63	0	12
ptg005393l_1	237835	1019311	4.29	0	15
ptg005393l_1_region	237835	1019311	4.29	0	15
ptg005394l_1	361125	1747959	4.84	0	18
ptg005394l_1_region	361125	1747959	4.84	0	18
ptg005395l_1	44609	76687	1.72	0	6
ptg005395l_1_region	44609	76687	1.72	0	6
ptg005396l_1	107481	576619	5.36	0	18
ptg005396l_1_region	107481	576619	5.36	0	18
ptg005398l_1	19818	82012	4.14	0	10
ptg005398l_1_region	19818	82012	4.14	0	10
ptg005400l_1	287067	1214712	4.23	0	15
ptg005400l_1_region	287067	1214712	4.23	0	15
ptg005402l_1	244253	539193	2.21	0	10
ptg005402l_1_region	244253	539193	2.21	0	10
ptg005407l_1	25485	44270	1.74	0	6
ptg005407l_1_region	25485	44270	1.74	0	6
ptg005409l_1	245749	1071377	4.36	0	13
ptg005409l_1_region	245749	1071377	4.36	0	13
ptg005410l_1	266304	1040886	3.91	0	34
ptg005410l_1_region	266304	1040886	3.91	0	34
ptg005411l_1	763992	4000322	5.24	0	25
ptg005411l_1_region	763992	4000322	5.24	0	25
ptg005412l_1	139095	1155957	8.31	0	28
ptg005412l_1_region	139095	1155957	8.31	0	28
ptg005414l_1	293161	1686041	5.75	0	54
ptg005414l_1_region	293161	1686041	5.75	0	54
ptg005419l_1	16963	112284	6.62	0	14
ptg005419l_1_region	16963	112284	6.62	0	14
ptg005420l_1	443841	2071339	4.67	0	21
ptg005420l_1_region	443841	2071339	4.67	0	21
ptg005421l_1	126062	555228	4.40	0	11
ptg005421l_1_region	126062	555228	4.40	0	11
ptg005422l_1	177075	593719	3.35	0	23
ptg005422l_1_region	177075	593719	3.35	0	23
ptg005423l_1	292976	851845	2.91	0	12
ptg005423l_1_region	292976	851845	2.91	0	12
ptg005425l_1	203271	968507	4.76	0	16
ptg005425l_1_region	203271	968507	4.76	0	16
ptg005428l_1	432639	1538520	3.56	0	14
ptg005428l_1_region	432639	1538520	3.56	0	14
ptg005430l_1	195253	444925	2.28	0	10
ptg005430l_1_region	195253	444925	2.28	0	10
ptg005431l_1	241211	893297	3.70	0	12
ptg005431l_1_region	241211	893297	3.70	0	12
ptg005434l_1	341869	2003141	5.86	0	86
ptg005434l_1_region	341869	2003141	5.86	0	86
ptg005438l_1	75821	333830	4.40	0	9
ptg005438l_1_region	75821	333830	4.40	0	9
ptg005439l_1	131248	432735	3.30	0	11
ptg005439l_1_region	131248	432735	3.30	0	11
ptg005441l_1	232997	645394	2.77	0	12
ptg005441l_1_region	232997	645394	2.77	0	12
ptg005443l_1	141337	463686	3.28	0	10
ptg005443l_1_region	141337	463686	3.28	0	10
ptg005447l_1	725131	2962070	4.08	0	28
ptg005447l_1_region	725131	2962070	4.08	0	28
ptg005455l_1	36429	95780	2.63	0	9
ptg005455l_1_region	36429	95780	2.63	0	9
ptg005457l_1	1114335	4759774	4.27	0	18
ptg005457l_1_region	1114335	4759774	4.27	0	18
ptg005460l_1	56958	147831	2.60	0	6
ptg005460l_1_region	56958	147831	2.60	0	6
ptg005465l_1	141632	604326	4.27	0	19
ptg005465l_1_region	141632	604326	4.27	0	19
ptg005466l_1	653315	2838482	4.34	0	26
ptg005466l_1_region	653315	2838482	4.34	0	26
ptg005469l_1	133272	304339	2.28	0	14
ptg005469l_1_region	133272	304339	2.28	0	14
ptg005472l_1	327510	1974421	6.03	0	189
ptg005472l_1_region	327510	1974421	6.03	0	189
ptg005475l_1	368614	1202727	3.26	0	19
ptg005475l_1_region	368614	1202727	3.26	0	19
ptg005476l_1	215849	1142213	5.29	0	32
ptg005476l_1_region	215849	1142213	5.29	0	32
ptg005477l_1	1268317	3471173	2.74	0	30
ptg005477l_1_region	1268317	3471173	2.74	0	30
ptg005478l_1	291447	858611	2.95	0	16
ptg005478l_1_region	291447	858611	2.95	0	16
ptg005479l_1	39990	392075	9.80	1	23
ptg005479l_1_region	39990	392075	9.80	1	23
ptg005482l_1	86284	291793	3.38	0	10
ptg005482l_1_region	86284	291793	3.38	0	10
ptg005483l_1	45742	123431	2.70	0	9
ptg005483l_1_region	45742	123431	2.70	0	9
ptg005485l_1	104241	269652	2.59	0	14
ptg005485l_1_region	104241	269652	2.59	0	14
ptg005486l_1	170836	685350	4.01	0	19
ptg005486l_1_region	170836	685350	4.01	0	19
ptg005488l_1	1010991	4012540	3.97	0	19
ptg005488l_1_region	1010991	4012540	3.97	0	19
ptg005489l_1	251916	1334889	5.30	0	20
ptg005489l_1_region	251916	1334889	5.30	0	20
ptg005490l_1	168378	1933735	11.48	0	39
ptg005490l_1_region	168378	1933735	11.48	0	39
ptg005495l_1	1340258	5394830	4.03	0	38
ptg005495l_1_region	1340258	5394830	4.03	0	38
ptg005498l_1	287007	2961944	10.32	0	24
ptg005498l_1_region	287007	2961944	10.32	0	24
ptg005501l_1	277149	1017149	3.67	0	19
ptg005501l_1_region	277149	1017149	3.67	0	19
ptg005503l_1	46877	115364	2.46	0	6
ptg005503l_1_region	46877	115364	2.46	0	6
ptg005504l_1	229536	986217	4.30	0	13
ptg005504l_1_region	229536	986217	4.30	0	13
ptg005505l_1	390948	1336731	3.42	0	15
ptg005505l_1_region	390948	1336731	3.42	0	15
ptg005506l_1	50188	188488	3.76	0	9
ptg005506l_1_region	50188	188488	3.76	0	9
ptg005507l_1	87979	211213	2.40	0	8
ptg005507l_1_region	87979	211213	2.40	0	8
ptg005509l_1	262394	1203458	4.59	0	14
ptg005509l_1_region	262394	1203458	4.59	0	14
ptg005512l_1	137889	425599	3.09	0	14
ptg005512l_1_region	137889	425599	3.09	0	14
ptg005513l_1	221094	712412	3.22	0	22
ptg005513l_1_region	221094	712412	3.22	0	22
ptg005515l_1	850961	5334541	6.27	0	184
ptg005515l_1_region	850961	5334541	6.27	0	184
ptg005519l_1	232610	6286842	27.03	0	869
ptg005519l_1_region	232610	6286842	27.03	0	869
ptg005521l_1	51088	240550	4.71	0	15
ptg005521l_1_region	51088	240550	4.71	0	15
ptg005524l_1	77177	115664	1.50	0	9
ptg005524l_1_region	77177	115664	1.50	0	9
ptg005531l_1	84500	209676	2.48	0	22
ptg005531l_1_region	84500	209676	2.48	0	22
ptg005532l_1	46252	121822	2.63	0	13
ptg005532l_1_region	46252	121822	2.63	0	13
ptg005533l_1	738986	3282106	4.44	0	15
ptg005533l_1_region	738986	3282106	4.44	0	15
ptg005535l_1	174279	550955	3.16	0	12
ptg005535l_1_region	174279	550955	3.16	0	12
ptg005536l_1	437449	1441187	3.29	0	29
ptg005536l_1_region	437449	1441187	3.29	0	29
ptg005538l_1	501903	2470358	4.92	0	18
ptg005538l_1_region	501903	2470358	4.92	0	18
ptg005539l_1	249129	943944	3.79	0	24
ptg005539l_1_region	249129	943944	3.79	0	24
ptg005540l_1	301126	1565493	5.20	0	14
ptg005540l_1_region	301126	1565493	5.20	0	14
ptg005545l_1	493004	1590115	3.23	0	26
ptg005545l_1_region	493004	1590115	3.23	0	26
ptg005547l_1	1382391	9513064	6.88	0	116
ptg005547l_1_region	1382391	9513064	6.88	0	116
ptg005549l_1	501424	2009766	4.01	0	14
ptg005549l_1_region	501424	2009766	4.01	0	14
ptg005550l_1	199316	637604	3.20	0	11
ptg005550l_1_region	199316	637604	3.20	0	11
ptg005555l_1	39766	160257	4.03	0	26
ptg005555l_1_region	39766	160257	4.03	0	26
ptg005556l_1	271827	675621	2.49	0	14
ptg005556l_1_region	271827	675621	2.49	0	14
ptg005557l_1	43807	126122	2.88	0	9
ptg005557l_1_region	43807	126122	2.88	0	9
ptg005563l_1	121846	343839	2.82	0	12
ptg005563l_1_region	121846	343839	2.82	0	12
ptg005564l_1	139970	307294	2.20	0	19
ptg005564l_1_region	139970	307294	2.20	0	19
ptg005567l_1	247536	1321375	5.34	0	48
ptg005567l_1_region	247536	1321375	5.34	0	48
ptg005574l_1	155204	401533	2.59	0	11
ptg005574l_1_region	155204	401533	2.59	0	11
ptg005575l_1	185642	856005	4.61	0	15
ptg005575l_1_region	185642	856005	4.61	0	15
ptg005578l_1	500839	2072570	4.14	0	18
ptg005578l_1_region	500839	2072570	4.14	0	18
ptg005579l_1	34040	103552	3.04	0	12
ptg005579l_1_region	34040	103552	3.04	0	12
ptg005581l_1	449913	2291900	5.09	0	17
ptg005581l_1_region	449913	2291900	5.09	0	17
ptg005583l_1	174020	547739	3.15	0	19
ptg005583l_1_region	174020	547739	3.15	0	19
ptg005584l_1	109236	367862	3.37	0	19
ptg005584l_1_region	109236	367862	3.37	0	19
ptg005585l_1	517957	2176983	4.20	0	13
ptg005585l_1_region	517957	2176983	4.20	0	13
ptg005586l_1	122133	451620	3.70	0	9
ptg005586l_1_region	122133	451620	3.70	0	9
ptg005588l_1	79896	441276	5.52	0	18
ptg005588l_1_region	79896	441276	5.52	0	18
ptg005589l_1	335901	1688890	5.03	0	16
ptg005589l_1_region	335901	1688890	5.03	0	16
ptg005591l_1	114019	460479	4.04	0	11
ptg005591l_1_region	114019	460479	4.04	0	11
ptg005592l_1	116405	585790	5.03	0	19
ptg005592l_1_region	116405	585790	5.03	0	19
ptg005594l_1	538902	1147574	2.13	0	11
ptg005594l_1_region	538902	1147574	2.13	0	11
ptg005595l_1	341802	669778	1.96	0	12
ptg005595l_1_region	341802	669778	1.96	0	12
ptg005596l_1	208993	635141	3.04	0	12
ptg005596l_1_region	208993	635141	3.04	0	12
ptg005599l_1	164025	391807	2.39	0	11
ptg005599l_1_region	164025	391807	2.39	0	11
ptg005600l_1	286435	1178072	4.11	0	16
ptg005600l_1_region	286435	1178072	4.11	0	16
ptg005601l_1	329467	895577	2.72	0	12
ptg005601l_1_region	329467	895577	2.72	0	12
ptg005603l_1	274948	1660451	6.04	0	32
ptg005603l_1_region	274948	1660451	6.04	0	32
ptg005605l_1	61624	307808	4.99	0	11
ptg005605l_1_region	61624	307808	4.99	0	11
ptg005611l_1	246731	1060342	4.30	0	11
ptg005611l_1_region	246731	1060342	4.30	0	11
ptg005617l_1	249792	849227	3.40	0	12
ptg005617l_1_region	249792	849227	3.40	0	12
ptg005618l_1	384512	1895314	4.93	0	29
ptg005618l_1_region	384512	1895314	4.93	0	29
ptg005619l_1	319741	1089093	3.41	0	25
ptg005619l_1_region	319741	1089093	3.41	0	25
ptg005624l_1	25471	131783	5.17	0	18
ptg005624l_1_region	25471	131783	5.17	0	18
ptg005625l_1	236065	605279	2.56	0	9
ptg005625l_1_region	236065	605279	2.56	0	9
ptg005627l_1	246525	1172670	4.76	0	21
ptg005627l_1_region	246525	1172670	4.76	0	21
ptg005631l_1	178467	649738	3.64	0	18
ptg005631l_1_region	178467	649738	3.64	0	18
ptg005632l_1	155525	465012	2.99	0	9
ptg005632l_1_region	155525	465012	2.99	0	9
ptg005633l_1	71962	363612	5.05	0	14
ptg005633l_1_region	71962	363612	5.05	0	14
ptg005638l_1	210872	573214	2.72	0	10
ptg005638l_1_region	210872	573214	2.72	0	10
ptg005639l_1	101354	196787	1.94	0	13
ptg005639l_1_region	101354	196787	1.94	0	13
ptg005641l_1	409099	2288367	5.59	0	85
ptg005641l_1_region	409099	2288367	5.59	0	85
ptg005642l_1	5055488	25408152	5.03	0	26
ptg005642l_1_region	5055488	25408152	5.03	0	26
ptg005643l_1	364091	2907081	7.98	0	68
ptg005643l_1_region	364091	2907081	7.98	0	68
ptg005644l_1	94082	357962	3.80	0	12
ptg005644l_1_region	94082	357962	3.80	0	12
ptg005645l_1	110905	474197	4.28	0	15
ptg005645l_1_region	110905	474197	4.28	0	15
ptg005646l_1	246936	1041564	4.22	0	29
ptg005646l_1_region	246936	1041564	4.22	0	29
ptg005650l_1	892017	4362823	4.89	0	79
ptg005650l_1_region	892017	4362823	4.89	0	79
ptg005654l_1	413533	1594156	3.85	0	23
ptg005654l_1_region	413533	1594156	3.85	0	23
ptg005660l_1	366747	1743902	4.76	0	16
ptg005660l_1_region	366747	1743902	4.76	0	16
ptg005661l_1	393881	1886723	4.79	0	19
ptg005661l_1_region	393881	1886723	4.79	0	19
ptg005662l_1	201032	717252	3.57	0	12
ptg005662l_1_region	201032	717252	3.57	0	12
ptg005663l_1	794362	4400220	5.54	0	47
ptg005663l_1_region	794362	4400220	5.54	0	47
ptg005666l_1	71238	247328	3.47	0	65
ptg005666l_1_region	71238	247328	3.47	0	65
ptg005667l_1	56529	352332	6.23	0	15
ptg005667l_1_region	56529	352332	6.23	0	15
ptg005668l_1	449040	1709416	3.81	0	84
ptg005668l_1_region	449040	1709416	3.81	0	84
ptg005669l_1	294863	1309042	4.44	0	16
ptg005669l_1_region	294863	1309042	4.44	0	16
ptg005678l_1	476586	1496113	3.14	0	13
ptg005678l_1_region	476586	1496113	3.14	0	13
ptg005680l_1	122815	299600	2.44	0	24
ptg005680l_1_region	122815	299600	2.44	0	24
ptg005683l_1	110040	367797	3.34	0	276
ptg005683l_1_region	110040	367797	3.34	0	276
ptg005686l_1	17787	35310	1.99	0	12
ptg005686l_1_region	17787	35310	1.99	0	12
ptg005687l_1	21820	60703	2.78	0	10
ptg005687l_1_region	21820	60703	2.78	0	10
ptg005691l_1	327701	1710787	5.22	0	41
ptg005691l_1_region	327701	1710787	5.22	0	41
ptg005696l_1	158593	286338	1.81	0	9
ptg005696l_1_region	158593	286338	1.81	0	9
ptg005697l_1	257913	685540	2.66	0	12
ptg005697l_1_region	257913	685540	2.66	0	12
ptg005698l_1	885776	2164729	2.44	0	16
ptg005698l_1_region	885776	2164729	2.44	0	16
ptg005701l_1	408977	1837288	4.49	0	24
ptg005701l_1_region	408977	1837288	4.49	0	24
ptg005705l_1	360828	2207945	6.12	0	26
ptg005705l_1_region	360828	2207945	6.12	0	26
ptg005708l_1	700567	1464389	2.09	0	12
ptg005708l_1_region	700567	1464389	2.09	0	12
ptg005712l_1	798314	7226064	9.05	0	137
ptg005712l_1_region	798314	7226064	9.05	0	137
ptg005715l_1	314691	862550	2.74	0	15
ptg005715l_1_region	314691	862550	2.74	0	15
ptg005717l_1	670587	4148931	6.19	0	83
ptg005717l_1_region	670587	4148931	6.19	0	83
ptg005718l_1	95877	357025	3.72	0	12
ptg005718l_1_region	95877	357025	3.72	0	12
ptg005719l_1	23378	87300	3.73	0	10
ptg005719l_1_region	23378	87300	3.73	0	10
ptg005724l_1	40832	124168	3.04	0	11
ptg005724l_1_region	40832	124168	3.04	0	11
ptg005726l_1	624244	2810360	4.50	0	17
ptg005726l_1_region	624244	2810360	4.50	0	17
ptg005729l_1	58042	102780	1.77	0	7
ptg005729l_1_region	58042	102780	1.77	0	7
ptg005736l_1	107586	398408	3.70	0	10
ptg005736l_1_region	107586	398408	3.70	0	10
ptg005738l_1	242254	868109	3.58	0	11
ptg005738l_1_region	242254	868109	3.58	0	11
ptg005739l_1	105290	780123	7.41	0	25
ptg005739l_1_region	105290	780123	7.41	0	25
ptg005744l_1	356897	1279492	3.59	0	11
ptg005744l_1_region	356897	1279492	3.59	0	11
ptg005747l_1	95272	328466	3.45	0	17
ptg005747l_1_region	95272	328466	3.45	0	17
ptg005748l_1	214877	819347	3.81	0	20
ptg005748l_1_region	214877	819347	3.81	0	20
ptg005749l_1	697346	1933957	2.77	0	18
ptg005749l_1_region	697346	1933957	2.77	0	18
ptg005752l_1	247830	1172517	4.73	0	45
ptg005752l_1_region	247830	1172517	4.73	0	45
ptg005754l_1	476105	1954820	4.11	0	22
ptg005754l_1_region	476105	1954820	4.11	0	22
ptg005755l_1	202223	725070	3.59	0	12
ptg005755l_1_region	202223	725070	3.59	0	12
ptg005757l_1	271678	1293463	4.76	0	25
ptg005757l_1_region	271678	1293463	4.76	0	25
ptg005759l_1	83560	264139	3.16	0	18
ptg005759l_1_region	83560	264139	3.16	0	18
ptg005762l_1	520095	259105	0.50	0	18
ptg005762l_1_region	520095	259105	0.50	0	18
ptg005763l_1	608264	280985	0.46	0	12
ptg005763l_1_region	608264	280985	0.46	0	12
ptg005765l_1	726527	332128	0.46	0	15
ptg005765l_1_region	726527	332128	0.46	0	15
ptg005766l_1	33284	98954	2.97	0	10
ptg005766l_1_region	33284	98954	2.97	0	10
ptg005769l_1	204947	1091550	5.33	0	14
ptg005769l_1_region	204947	1091550	5.33	0	14
ptg005773l_1	260029	826377	3.18	0	50
ptg005773l_1_region	260029	826377	3.18	0	50
ptg005775l_1	438850	1540408	3.51	0	22
ptg005775l_1_region	438850	1540408	3.51	0	22
ptg005776l_1	207795	816021	3.93	0	36
ptg005776l_1_region	207795	816021	3.93	0	36
ptg005778l_1	101575	336029	3.31	0	15
ptg005778l_1_region	101575	336029	3.31	0	15
ptg005781l_1	296972	1234121	4.16	0	14
ptg005781l_1_region	296972	1234121	4.16	0	14
ptg005783l_1	270837	1425619	5.26	0	15
ptg005783l_1_region	270837	1425619	5.26	0	15
ptg005784l_1	367679	563757	1.53	0	14
ptg005784l_1_region	367679	563757	1.53	0	14
ptg005785l_1	70664	261251	3.70	0	11
ptg005785l_1_region	70664	261251	3.70	0	11
ptg005787l_1	234581	759646	3.24	0	15
ptg005787l_1_region	234581	759646	3.24	0	15
ptg005790l_1	363082	1207218	3.32	0	16
ptg005790l_1_region	363082	1207218	3.32	0	16
ptg005792l_1	114492	449266	3.92	0	12
ptg005792l_1_region	114492	449266	3.92	0	12
ptg005793l_1	359570	1132151	3.15	0	20
ptg005793l_1_region	359570	1132151	3.15	0	20
ptg005794l_1	152758	454695	2.98	0	11
ptg005794l_1_region	152758	454695	2.98	0	11
ptg005796l_1	493264	2068739	4.19	0	43
ptg005796l_1_region	493264	2068739	4.19	0	43
ptg005797l_1	421124	2821432	6.70	0	199
ptg005797l_1_region	421124	2821432	6.70	0	199
ptg005801l_1	242895	1180853	4.86	0	15
ptg005801l_1_region	242895	1180853	4.86	0	15
ptg005802l_1	116477	743828	6.39	0	22
ptg005802l_1_region	116477	743828	6.39	0	22
ptg005803l_1	75207	193282	2.57	0	8
ptg005803l_1_region	75207	193282	2.57	0	8
ptg005805l_1	12910	37563	2.91	0	6
ptg005805l_1_region	12910	37563	2.91	0	6
ptg005807l_1	358623	1360223	3.79	0	13
ptg005807l_1_region	358623	1360223	3.79	0	13
ptg005809l_1	706534	532507	0.75	0	15
ptg005809l_1_region	706534	532507	0.75	0	15
ptg005810l_1	394078	2960612	7.51	0	68
ptg005810l_1_region	394078	2960612	7.51	0	68
ptg005811l_1	168462	1108006	6.58	0	79
ptg005811l_1_region	168462	1108006	6.58	0	79
ptg005812l_1	779274	372358	0.48	0	17
ptg005812l_1_region	779274	372358	0.48	0	17
ptg005813l_1	17522	9811	0.56	0	3
ptg005813l_1_region	17522	9811	0.56	0	3
ptg005815l_1	428327	1677626	3.92	0	15
ptg005815l_1_region	428327	1677626	3.92	0	15
ptg005816l_1	162072	346842	2.14	0	15
ptg005816l_1_region	162072	346842	2.14	0	15
ptg005817l_1	424979	3516089	8.27	0	225
ptg005817l_1_region	424979	3516089	8.27	0	225
ptg005820l_1	64835	177531	2.74	0	10
ptg005820l_1_region	64835	177531	2.74	0	10
ptg005822l_1	55374	125614	2.27	0	7
ptg005822l_1_region	55374	125614	2.27	0	7
ptg005823l_1	73509	298344	4.06	0	17
ptg005823l_1_region	73509	298344	4.06	0	17
ptg005825l_1	120701	647626	5.37	0	24
ptg005825l_1_region	120701	647626	5.37	0	24
ptg005828l_1	100790	400804	3.98	0	14
ptg005828l_1_region	100790	400804	3.98	0	14
ptg005829l_1	211590	1044476	4.94	0	21
ptg005829l_1_region	211590	1044476	4.94	0	21
ptg005830l_1	708755	2996407	4.23	0	16
ptg005830l_1_region	708755	2996407	4.23	0	16
ptg005831l_1	50625	182612	3.61	0	15
ptg005831l_1_region	50625	182612	3.61	0	15
ptg005833l_1	195450	644083	3.30	0	12
ptg005833l_1_region	195450	644083	3.30	0	12
ptg005834l_1	113123	394603	3.49	0	13
ptg005834l_1_region	113123	394603	3.49	0	13
ptg005835l_1	904618	7955145	8.79	0	154
ptg005835l_1_region	904618	7955145	8.79	0	154
ptg005839l_1	673242	3356346	4.99	0	49
ptg005839l_1_region	673242	3356346	4.99	0	49
ptg005843l_1	214529	730688	3.41	0	14
ptg005843l_1_region	214529	730688	3.41	0	14
ptg005844l_1	37540	88015	2.34	0	7
ptg005844l_1_region	37540	88015	2.34	0	7
ptg005847l_1	96130	543363	5.65	0	38
ptg005847l_1_region	96130	543363	5.65	0	38
ptg005851l_1	135160	566650	4.19	0	12
ptg005851l_1_region	135160	566650	4.19	0	12
ptg005852l_1	156581	610037	3.90	0	30
ptg005852l_1_region	156581	610037	3.90	0	30
ptg005853l_1	228024	753302	3.30	0	21
ptg005853l_1_region	228024	753302	3.30	0	21
ptg005856l_1	631045	2208924	3.50	0	23
ptg005856l_1_region	631045	2208924	3.50	0	23
ptg005857l_1	356215	1037067	2.91	0	30
ptg005857l_1_region	356215	1037067	2.91	0	30
ptg005859l_1	124978	634083	5.07	0	25
ptg005859l_1_region	124978	634083	5.07	0	25
ptg005864l_1	56492	272587	4.83	0	12
ptg005864l_1_region	56492	272587	4.83	0	12
ptg005865l_1	103516	281344	2.72	0	9
ptg005865l_1_region	103516	281344	2.72	0	9
ptg005867l_1	341398	1817022	5.32	0	51
ptg005867l_1_region	341398	1817022	5.32	0	51
ptg005869l_1	161720	963705	5.96	0	15
ptg005869l_1_region	161720	963705	5.96	0	15
ptg005870l_1	207379	871217	4.20	0	16
ptg005870l_1_region	207379	871217	4.20	0	16
ptg005871l_1	34892	133192	3.82	0	12
ptg005871l_1_region	34892	133192	3.82	0	12
ptg005872l_1	293896	1143967	3.89	0	17
ptg005872l_1_region	293896	1143967	3.89	0	17
ptg005874l_1	210182	1310871	6.24	0	26
ptg005874l_1_region	210182	1310871	6.24	0	26
ptg005876l_1	120319	298048	2.48	0	11
ptg005876l_1_region	120319	298048	2.48	0	11
ptg005878l_1	189082	581603	3.08	0	16
ptg005878l_1_region	189082	581603	3.08	0	16
ptg005880l_1	224946	958111	4.26	0	13
ptg005880l_1_region	224946	958111	4.26	0	13
ptg005889l_1	43434	192884	4.44	0	9
ptg005889l_1_region	43434	192884	4.44	0	9
ptg005890l_1	108007	333052	3.08	0	17
ptg005890l_1_region	108007	333052	3.08	0	17
ptg005892l_1	118290	690423	5.84	0	22
ptg005892l_1_region	118290	690423	5.84	0	22
ptg005893l_1	248272	1029385	4.15	0	28
ptg005893l_1_region	248272	1029385	4.15	0	28
ptg005895l_1	404814	2227253	5.50	0	36
ptg005895l_1_region	404814	2227253	5.50	0	36
ptg005897l_1	349265	1296004	3.71	0	13
ptg005897l_1_region	349265	1296004	3.71	0	13
ptg005898l_1	76844	264227	3.44	0	8
ptg005898l_1_region	76844	264227	3.44	0	8
ptg005902l_1	41543	13932	0.34	0	6
ptg005902l_1_region	41543	13932	0.34	0	6
ptg005903l_1	259604	837347	3.23	0	11
ptg005903l_1_region	259604	837347	3.23	0	11
ptg005905l_1	11722	20340	1.74	0	5
ptg005905l_1_region	11722	20340	1.74	0	5
ptg005907l_1	567382	2801293	4.94	0	56
ptg005907l_1_region	567382	2801293	4.94	0	56
ptg005908l_1	173108	70721	0.41	0	9
ptg005908l_1_region	173108	70721	0.41	0	9
ptg005916l_1	78464	359038	4.58	0	11
ptg005916l_1_region	78464	359038	4.58	0	11
ptg005918l_1	51470	159079	3.09	0	9
ptg005918l_1_region	51470	159079	3.09	0	9
ptg005919l_1	171194	721518	4.21	0	11
ptg005919l_1_region	171194	721518	4.21	0	11
ptg005920l_1	465308	3555195	7.64	0	36
ptg005920l_1_region	465308	3555195	7.64	0	36
ptg005921l_1	335467	1395001	4.16	0	24
ptg005921l_1_region	335467	1395001	4.16	0	24
ptg005923l_1	892950	6772611	7.58	0	27
ptg005923l_1_region	892950	6772611	7.58	0	27
ptg005924l_1	72207	82533	1.14	0	4
ptg005924l_1_region	72207	82533	1.14	0	4
ptg005925l_1	35750	110609	3.09	0	7
ptg005925l_1_region	35750	110609	3.09	0	7
ptg005927l_1	369888	1485199	4.02	0	70
ptg005927l_1_region	369888	1485199	4.02	0	70
ptg005928l_1	523793	3597740	6.87	0	71
ptg005928l_1_region	523793	3597740	6.87	0	71
ptg005929l_1	298712	1740340	5.83	0	16
ptg005929l_1_region	298712	1740340	5.83	0	16
ptg005930l_1	399987	1775882	4.44	0	17
ptg005930l_1_region	399987	1775882	4.44	0	17
ptg005931l_1	277615	1456462	5.25	0	24
ptg005931l_1_region	277615	1456462	5.25	0	24
ptg005935l_1	55163	122902	2.23	0	7
ptg005935l_1_region	55163	122902	2.23	0	7
ptg005939l_1	407580	1650316	4.05	0	15
ptg005939l_1_region	407580	1650316	4.05	0	15
ptg005942l_1	174148	611472	3.51	0	28
ptg005942l_1_region	174148	611472	3.51	0	28
ptg005943l_1	744449	3236968	4.35	0	19
ptg005943l_1_region	744449	3236968	4.35	0	19
ptg005944l_1	215077	759424	3.53	0	11
ptg005944l_1_region	215077	759424	3.53	0	11
ptg005945l_1	54444	152407	2.80	0	7
ptg005945l_1_region	54444	152407	2.80	0	7
ptg005951l_1	19751	2353	0.12	0	2
ptg005951l_1_region	19751	2353	0.12	0	2
ptg005956l_1	33373	29465	0.88	0	4
ptg005956l_1_region	33373	29465	0.88	0	4
ptg005958l_1	143040	375618	2.63	0	15
ptg005958l_1_region	143040	375618	2.63	0	15
ptg005961l_1	280958	287108	1.02	0	18
ptg005961l_1_region	280958	287108	1.02	0	18
ptg005962l_1	95497	333824	3.50	0	24
ptg005962l_1_region	95497	333824	3.50	0	24
ptg005963l_1	70854	361754	5.11	0	27
ptg005963l_1_region	70854	361754	5.11	0	27
ptg005966l_1	382869	745554	1.95	0	33
ptg005966l_1_region	382869	745554	1.95	0	33
ptg005972l_1	193099	930395	4.82	0	21
ptg005972l_1_region	193099	930395	4.82	0	21
ptg005974l_1	152377	444092	2.91	0	10
ptg005974l_1_region	152377	444092	2.91	0	10
ptg005975l_1	327706	2825494	8.62	0	40
ptg005975l_1_region	327706	2825494	8.62	0	40
ptg005976l_1	93232	339337	3.64	0	11
ptg005976l_1_region	93232	339337	3.64	0	11
ptg005978l_1	38919	106811	2.74	0	6
ptg005978l_1_region	38919	106811	2.74	0	6
ptg005980l_1	421740	2558543	6.07	0	23
ptg005980l_1_region	421740	2558543	6.07	0	23
ptg005982l_1	538752	2730311	5.07	0	114
ptg005982l_1_region	538752	2730311	5.07	0	114
ptg005984l_1	78115	242767	3.11	0	8
ptg005984l_1_region	78115	242767	3.11	0	8
ptg005987l_1	161348	523205	3.24	0	13
ptg005987l_1_region	161348	523205	3.24	0	13
ptg005988l_1	153487	648792	4.23	0	18
ptg005988l_1_region	153487	648792	4.23	0	18
ptg005994l_1	19572	74905	3.83	0	11
ptg005994l_1_region	19572	74905	3.83	0	11
ptg006000l_1	195280	983562	5.04	0	18
ptg006000l_1_region	195280	983562	5.04	0	18
ptg006001l_1	266320	957779	3.60	0	15
ptg006001l_1_region	266320	957779	3.60	0	15
ptg006002l_1	16812	71842	4.27	0	11
ptg006002l_1_region	16812	71842	4.27	0	11
ptg006003l_1	341027	1655812	4.86	0	50
ptg006003l_1_region	341027	1655812	4.86	0	50
ptg006005l_1	144740	439214	3.03	0	16
ptg006005l_1_region	144740	439214	3.03	0	16
ptg006006l_1	591261	2197493	3.72	0	39
ptg006006l_1_region	591261	2197493	3.72	0	39
ptg006008l_1	722586	404749	0.56	0	15
ptg006008l_1_region	722586	404749	0.56	0	15
ptg006009l_1	201497	1994307	9.90	0	27
ptg006009l_1_region	201497	1994307	9.90	0	27
ptg006012l_1	308722	919415	2.98	0	12
ptg006012l_1_region	308722	919415	2.98	0	12
ptg006017l_1	146781	493061	3.36	0	14
ptg006017l_1_region	146781	493061	3.36	0	14
ptg006018l_1	195481	406144	2.08	0	18
ptg006018l_1_region	195481	406144	2.08	0	18
ptg006020l_1	232129	1435420	6.18	0	51
ptg006020l_1_region	232129	1435420	6.18	0	51
ptg006021l_1	1125180	4893808	4.35	0	18
ptg006021l_1_region	1125180	4893808	4.35	0	18
ptg006022l_1	215644	1156126	5.36	0	53
ptg006022l_1_region	215644	1156126	5.36	0	53
ptg006023l_1	34763	104555	3.01	0	7
ptg006023l_1_region	34763	104555	3.01	0	7
ptg006024l_1	165226	551467	3.34	0	14
ptg006024l_1_region	165226	551467	3.34	0	14
ptg006025l_1	336052	1085244	3.23	0	14
ptg006025l_1_region	336052	1085244	3.23	0	14
ptg006026l_1	510093	1665014	3.26	0	18
ptg006026l_1_region	510093	1665014	3.26	0	18
ptg006027l_1	26212	30993	1.18	0	4
ptg006027l_1_region	26212	30993	1.18	0	4
ptg006028l_1	141273	417790	2.96	0	14
ptg006028l_1_region	141273	417790	2.96	0	14
ptg006029l_1	838244	2534700	3.02	0	17
ptg006029l_1_region	838244	2534700	3.02	0	17
ptg006031l_1	246179	954412	3.88	0	16
ptg006031l_1_region	246179	954412	3.88	0	16
ptg006033l_1	436193	1008907	2.31	0	12
ptg006033l_1_region	436193	1008907	2.31	0	12
ptg006035l_1	55115	118658	2.15	0	8
ptg006035l_1_region	55115	118658	2.15	0	8
ptg006040l_1	381951	1849381	4.84	0	41
ptg006040l_1_region	381951	1849381	4.84	0	41
ptg006043l_1	543390	2159089	3.97	0	13
ptg006043l_1_region	543390	2159089	3.97	0	13
ptg006045l_1	424307	2261479	5.33	0	53
ptg006045l_1_region	424307	2261479	5.33	0	53
ptg006046l_1	117903	601868	5.10	0	22
ptg006046l_1_region	117903	601868	5.10	0	22
ptg006047l_1	42039	174537	4.15	0	12
ptg006047l_1_region	42039	174537	4.15	0	12
ptg006048l_1	12098	61525	5.09	0	9
ptg006048l_1_region	12098	61525	5.09	0	9
ptg006050l_1	288088	1023037	3.55	0	21
ptg006050l_1_region	288088	1023037	3.55	0	21
ptg006055l_1	177555	561860	3.16	0	11
ptg006055l_1_region	177555	561860	3.16	0	11
ptg006057l_1	168952	800553	4.74	0	16
ptg006057l_1_region	168952	800553	4.74	0	16
ptg006058l_1	544149	2946657	5.42	0	66
ptg006058l_1_region	544149	2946657	5.42	0	66
ptg006059l_1	153390	616609	4.02	0	20
ptg006059l_1_region	153390	616609	4.02	0	20
ptg006060l_1	64497	356233	5.52	0	17
ptg006060l_1_region	64497	356233	5.52	0	17
ptg006063l_1	20560	45232	2.20	0	7
ptg006063l_1_region	20560	45232	2.20	0	7
ptg006064l_1	244504	845253	3.46	0	13
ptg006064l_1_region	244504	845253	3.46	0	13
ptg006065l_1	77917	436654	5.60	0	41
ptg006065l_1_region	77917	436654	5.60	0	41
ptg006070l_1	145855	516285	3.54	0	11
ptg006070l_1_region	145855	516285	3.54	0	11
ptg006073l_1	152211	525929	3.46	0	12
ptg006073l_1_region	152211	525929	3.46	0	12
ptg006074l_1	34622	89679	2.59	0	6
ptg006074l_1_region	34622	89679	2.59	0	6
ptg006077l_1	35320	169803	4.81	0	11
ptg006077l_1_region	35320	169803	4.81	0	11
ptg006079l_1	184602	586803	3.18	0	14
ptg006079l_1_region	184602	586803	3.18	0	14
ptg006084l_1	843059	2532869	3.00	0	33
ptg006084l_1_region	843059	2532869	3.00	0	33
ptg006088l_1	333432	1277072	3.83	0	42
ptg006088l_1_region	333432	1277072	3.83	0	42
ptg006090l_1	70208	1505289	21.44	0	106
ptg006090l_1_region	70208	1505289	21.44	0	106
ptg006091l_1	348286	2726073	7.83	0	150
ptg006091l_1_region	348286	2726073	7.83	0	150
ptg006092l_1	25551	83534	3.27	0	8
ptg006092l_1_region	25551	83534	3.27	0	8
ptg006093l_1	222618	804724	3.61	0	15
ptg006093l_1_region	222618	804724	3.61	0	15
ptg006095l_1	450016	1363949	3.03	0	44
ptg006095l_1_region	450016	1363949	3.03	0	44
ptg006096l_1	118412	328276	2.77	0	12
ptg006096l_1_region	118412	328276	2.77	0	12
ptg006098l_1	252711	694460	2.75	0	13
ptg006098l_1_region	252711	694460	2.75	0	13
ptg006099l_1	291273	1010722	3.47	0	14
ptg006099l_1_region	291273	1010722	3.47	0	14
ptg006100l_1	21925	70462	3.21	0	9
ptg006100l_1_region	21925	70462	3.21	0	9
ptg006101l_1	200242	1327455	6.63	0	70
ptg006101l_1_region	200242	1327455	6.63	0	70
ptg006103l_1	247993	1142589	4.61	0	53
ptg006103l_1_region	247993	1142589	4.61	0	53
ptg006106l_1	908417	3849932	4.24	0	91
ptg006106l_1_region	908417	3849932	4.24	0	91
ptg006108l_1	107639	310019	2.88	0	9
ptg006108l_1_region	107639	310019	2.88	0	9
ptg006109l_1	355488	1292539	3.64	0	23
ptg006109l_1_region	355488	1292539	3.64	0	23
ptg006110l_1	71812	291456	4.06	0	11
ptg006110l_1_region	71812	291456	4.06	0	11
ptg006115l_1	95915	109197	1.14	0	14
ptg006115l_1_region	95915	109197	1.14	0	14
ptg006116l_1	83122	332903	4.00	0	23
ptg006116l_1_region	83122	332903	4.00	0	23
ptg006117l_1	68984	211455	3.07	0	15
ptg006117l_1_region	68984	211455	3.07	0	15
ptg006118l_1	315843	1577333	4.99	0	13
ptg006118l_1_region	315843	1577333	4.99	0	13
ptg006119l_1	204703	847066	4.14	0	15
ptg006119l_1_region	204703	847066	4.14	0	15
ptg006122l_1	106093	550580	5.19	0	10
ptg006122l_1_region	106093	550580	5.19	0	10
ptg006123l_1	156982	310150	1.98	0	13
ptg006123l_1_region	156982	310150	1.98	0	13
ptg006124l_1	258523	989388	3.83	0	14
ptg006124l_1_region	258523	989388	3.83	0	14
ptg006126l_1	238232	984522	4.13	0	17
ptg006126l_1_region	238232	984522	4.13	0	17
ptg006131l_1	436175	2268507	5.20	0	17
ptg006131l_1_region	436175	2268507	5.20	0	17
ptg006133l_1	175058	592476	3.38	0	10
ptg006133l_1_region	175058	592476	3.38	0	10
ptg006136l_1	141132	513184	3.64	0	16
ptg006136l_1_region	141132	513184	3.64	0	16
ptg006137l_1	68368	333545	4.88	0	91
ptg006137l_1_region	68368	333545	4.88	0	91
ptg006139l_1	209230	496127	2.37	0	11
ptg006139l_1_region	209230	496127	2.37	0	11
ptg006140l_1	813771	2634171	3.24	0	21
ptg006140l_1_region	813771	2634171	3.24	0	21
ptg006141l_1	319843	1310379	4.10	0	14
ptg006141l_1_region	319843	1310379	4.10	0	14
ptg006142l_1	183043	424543	2.32	0	17
ptg006142l_1_region	183043	424543	2.32	0	17
ptg006145l_1	59398	158744	2.67	0	12
ptg006145l_1_region	59398	158744	2.67	0	12
ptg006147l_1	34678	52334	1.51	0	4
ptg006147l_1_region	34678	52334	1.51	0	4
ptg006151l_1	384527	1228935	3.20	0	19
ptg006151l_1_region	384527	1228935	3.20	0	19
ptg006152l_1	32682	21483	0.66	0	5
ptg006152l_1_region	32682	21483	0.66	0	5
ptg006154l_1	425795	1829552	4.30	0	19
ptg006154l_1_region	425795	1829552	4.30	0	19
ptg006155l_1	232070	867830	3.74	0	13
ptg006155l_1_region	232070	867830	3.74	0	13
ptg006156l_1	266642	799257	3.00	0	14
ptg006156l_1_region	266642	799257	3.00	0	14
ptg006159l_1	526153	2250198	4.28	0	16
ptg006159l_1_region	526153	2250198	4.28	0	16
ptg006160l_1	251940	742421	2.95	0	15
ptg006160l_1_region	251940	742421	2.95	0	15
ptg006163l_1	533366	1841106	3.45	0	13
ptg006163l_1_region	533366	1841106	3.45	0	13
ptg006164l_1	323866	1147570	3.54	0	15
ptg006164l_1_region	323866	1147570	3.54	0	15
ptg006165l_1	405117	1383892	3.42	0	15
ptg006165l_1_region	405117	1383892	3.42	0	15
ptg006166l_1	375431	1228380	3.27	0	13
ptg006166l_1_region	375431	1228380	3.27	0	13
ptg006172l_1	246712	705671	2.86	0	22
ptg006172l_1_region	246712	705671	2.86	0	22
ptg006174l_1	645107	2710890	4.20	0	15
ptg006174l_1_region	645107	2710890	4.20	0	15
ptg006175l_1	122618	657837	5.36	0	38
ptg006175l_1_region	122618	657837	5.36	0	38
ptg006179l_1	292284	873606	2.99	0	13
ptg006179l_1_region	292284	873606	2.99	0	13
ptg006180l_1	765978	2457287	3.21	0	12
ptg006180l_1_region	765978	2457287	3.21	0	12
ptg006181l_1	20926	48968	2.34	0	7
ptg006181l_1_region	20926	48968	2.34	0	7
ptg006183l_1	123374	568943	4.61	0	25
ptg006183l_1_region	123374	568943	4.61	0	25
ptg006184l_1	51874	202810	3.91	0	11
ptg006184l_1_region	51874	202810	3.91	0	11
ptg006188l_1	120533	418247	3.47	0	15
ptg006188l_1_region	120533	418247	3.47	0	15
ptg006195l_1	281766	1424257	5.05	0	17
ptg006195l_1_region	281766	1424257	5.05	0	17
ptg006196l_1	30172	117851	3.91	0	9
ptg006196l_1_region	30172	117851	3.91	0	9
ptg006197l_1	100207	287162	2.87	0	11
ptg006197l_1_region	100207	287162	2.87	0	11
ptg006199l_1	15116	8350	0.55	0	3
ptg006199l_1_region	15116	8350	0.55	0	3
ptg006203l_1	169687	497062	2.93	0	9
ptg006203l_1_region	169687	497062	2.93	0	9
ptg006204l_1	435173	2292860	5.27	0	15
ptg006204l_1_region	435173	2292860	5.27	0	15
ptg006205l_1	355774	1209769	3.40	0	13
ptg006205l_1_region	355774	1209769	3.40	0	13
ptg006206l_1	39970	216094	5.41	0	16
ptg006206l_1_region	39970	216094	5.41	0	16
ptg006207l_1	281574	1022595	3.63	0	15
ptg006207l_1_region	281574	1022595	3.63	0	15
ptg006208l_1	146826	800793	5.45	0	13
ptg006208l_1_region	146826	800793	5.45	0	13
ptg006209l_1	105647	411485	3.89	0	12
ptg006209l_1_region	105647	411485	3.89	0	12
ptg006212l_1	174681	225172	1.29	0	20
ptg006212l_1_region	174681	225172	1.29	0	20
ptg006214l_1	66059	435	0.01	0	1
ptg006214l_1_region	66059	435	0.01	0	1
ptg006215l_1	161863	509955	3.15	0	18
ptg006215l_1_region	161863	509955	3.15	0	18
ptg006216l_1	374238	1172859	3.13	0	13
ptg006216l_1_region	374238	1172859	3.13	0	13
ptg006219l_1	115178	599932	5.21	0	17
ptg006219l_1_region	115178	599932	5.21	0	17
ptg006221l_1	72517	384401	5.30	0	22
ptg006221l_1_region	72517	384401	5.30	0	22
ptg006222l_1	141441	576030	4.07	0	14
ptg006222l_1_region	141441	576030	4.07	0	14
ptg006223l_1	468044	2045622	4.37	0	18
ptg006223l_1_region	468044	2045622	4.37	0	18
ptg006224l_1	158489	446243	2.82	0	8
ptg006224l_1_region	158489	446243	2.82	0	8
ptg006226l_1	197006	1031268	5.23	0	17
ptg006226l_1_region	197006	1031268	5.23	0	17
ptg006229l_1	201234	1518543	7.55	0	29
ptg006229l_1_region	201234	1518543	7.55	0	29
ptg006231l_1	140861	630311	4.47	0	15
ptg006231l_1_region	140861	630311	4.47	0	15
ptg006232l_1	66193	165295	2.50	0	8
ptg006232l_1_region	66193	165295	2.50	0	8
ptg006234l_1	55638	124949	2.25	0	7
ptg006234l_1_region	55638	124949	2.25	0	7
ptg006235l_1	74299	403271	5.43	0	18
ptg006235l_1_region	74299	403271	5.43	0	18
ptg006236l_1	228177	864798	3.79	0	17
ptg006236l_1_region	228177	864798	3.79	0	17
ptg006237l_1	195940	776199	3.96	0	12
ptg006237l_1_region	195940	776199	3.96	0	12
ptg006242l_1	16240	41509	2.56	0	6
ptg006242l_1_region	16240	41509	2.56	0	6
ptg006245l_1	75538	346314	4.58	0	17
ptg006245l_1_region	75538	346314	4.58	0	17
ptg006247l_1	302011	1089128	3.61	0	22
ptg006247l_1_region	302011	1089128	3.61	0	22
ptg006248l_1	314087	941991	3.00	0	15
ptg006248l_1_region	314087	941991	3.00	0	15
ptg006249l_1	355309	1203020	3.39	0	155
ptg006249l_1_region	355309	1203020	3.39	0	155
ptg006250l_1	140995	605043	4.29	0	18
ptg006250l_1_region	140995	605043	4.29	0	18
ptg006252l_1	38833	54228	1.40	0	7
ptg006252l_1_region	38833	54228	1.40	0	7
ptg006254l_1	281809	2595142	9.21	0	26
ptg006254l_1_region	281809	2595142	9.21	0	26
ptg006255l_1	40939	196817	4.81	0	15
ptg006255l_1_region	40939	196817	4.81	0	15
ptg006258l_1	379464	2488154	6.56	0	262
ptg006258l_1_region	379464	2488154	6.56	0	262
ptg006261l_1	37396	173355	4.64	0	20
ptg006261l_1_region	37396	173355	4.64	0	20
ptg006263l_1	162038	335287	2.07	0	10
ptg006263l_1_region	162038	335287	2.07	0	10
ptg006264l_1	269887	1286482	4.77	0	20
ptg006264l_1_region	269887	1286482	4.77	0	20
ptg006266l_1	120225	598764	4.98	0	32
ptg006266l_1_region	120225	598764	4.98	0	32
ptg006267l_1	96284	242995	2.52	0	10
ptg006267l_1_region	96284	242995	2.52	0	10
ptg006269l_1	108296	499970	4.62	0	11
ptg006269l_1_region	108296	499970	4.62	0	11
ptg006270l_1	173612	935197	5.39	0	39
ptg006270l_1_region	173612	935197	5.39	0	39
ptg006271l_1	345924	1332871	3.85	0	15
ptg006271l_1_region	345924	1332871	3.85	0	15
ptg006277l_1	106923	389740	3.65	0	10
ptg006277l_1_region	106923	389740	3.65	0	10
ptg006279l_1	384833	1731034	4.50	0	20
ptg006279l_1_region	384833	1731034	4.50	0	20
ptg006282l_1	128430	452052	3.52	0	22
ptg006282l_1_region	128430	452052	3.52	0	22
ptg006284l_1	85051	290615	3.42	0	10
ptg006284l_1_region	85051	290615	3.42	0	10
ptg006285l_1	28921	78254	2.71	0	6
ptg006285l_1_region	28921	78254	2.71	0	6
ptg006286l_1	377850	2099618	5.56	0	20
ptg006286l_1_region	377850	2099618	5.56	0	20
ptg006287l_1	28628	160525	5.61	0	27
ptg006287l_1_region	28628	160525	5.61	0	27
ptg006289l_1	89601	451098	5.03	0	17
ptg006289l_1_region	89601	451098	5.03	0	17
ptg006290l_1	33810	100996	2.99	0	9
ptg006290l_1_region	33810	100996	2.99	0	9
ptg006295l_1	2090832	1639735	0.78	0	28
ptg006295l_1_region	2090832	1639735	0.78	0	28
ptg006297l_1	296071	1835509	6.20	0	76
ptg006297l_1_region	296071	1835509	6.20	0	76
ptg006301l_1	179350	608112	3.39	0	12
ptg006301l_1_region	179350	608112	3.39	0	12
ptg006303l_1	204256	759071	3.72	0	17
ptg006303l_1_region	204256	759071	3.72	0	17
ptg006304l_1	555955	2436012	4.38	0	37
ptg006304l_1_region	555955	2436012	4.38	0	37
ptg006305l_1	196620	592208	3.01	0	10
ptg006305l_1_region	196620	592208	3.01	0	10
ptg006306l_1	73755	256397	3.48	0	13
ptg006306l_1_region	73755	256397	3.48	0	13
ptg006311l_1	192238	1656114	8.61	0	24
ptg006311l_1_region	192238	1656114	8.61	0	24
ptg006314l_1	328537	1086104	3.31	0	11
ptg006314l_1_region	328537	1086104	3.31	0	11
ptg006315l_1	997025	5359360	5.38	0	23
ptg006315l_1_region	997025	5359360	5.38	0	23
ptg006319l_1	155568	1171063	7.53	0	31
ptg006319l_1_region	155568	1171063	7.53	0	31
ptg006320l_1	141952	627807	4.42	0	20
ptg006320l_1_region	141952	627807	4.42	0	20
ptg006322l_1	156216	1128666	7.23	0	92
ptg006322l_1_region	156216	1128666	7.23	0	92
ptg006324l_1	96752	271795	2.81	0	9
ptg006324l_1_region	96752	271795	2.81	0	9
ptg006325l_1	370375	703460	1.90	0	33
ptg006325l_1_region	370375	703460	1.90	0	33
ptg006327l_1	518954	1550455	2.99	0	15
ptg006327l_1_region	518954	1550455	2.99	0	15
ptg006328l_1	462586	1749605	3.78	0	12
ptg006328l_1_region	462586	1749605	3.78	0	12
ptg006333l_1	157417	584736	3.71	0	16
ptg006333l_1_region	157417	584736	3.71	0	16
ptg006334l_1	34406	119763	3.48	0	9
ptg006334l_1_region	34406	119763	3.48	0	9
ptg006341l_1	269069	969433	3.60	0	31
ptg006341l_1_region	269069	969433	3.60	0	31
ptg006342l_1	226544	946648	4.18	0	29
ptg006342l_1_region	226544	946648	4.18	0	29
ptg006346l_1	351925	1870162	5.31	0	41
ptg006346l_1_region	351925	1870162	5.31	0	41
ptg006348l_1	386164	1443583	3.74	0	31
ptg006348l_1_region	386164	1443583	3.74	0	31
ptg006349l_1	292530	1167800	3.99	0	14
ptg006349l_1_region	292530	1167800	3.99	0	14
ptg006350l_1	831722	676446	0.81	0	14
ptg006350l_1_region	831722	676446	0.81	0	14
ptg006351l_1	174590	645688	3.70	0	13
ptg006351l_1_region	174590	645688	3.70	0	13
ptg006352l_1	169306	1219364	7.20	0	29
ptg006352l_1_region	169306	1219364	7.20	0	29
ptg006353l_1	18640	67852	3.64	0	8
ptg006353l_1_region	18640	67852	3.64	0	8
ptg006354l_1	250910	1954691	7.79	0	107
ptg006354l_1_region	250910	1954691	7.79	0	107
ptg006358l_1	52249	171016	3.27	0	21
ptg006358l_1_region	52249	171016	3.27	0	21
ptg006361l_1	109670	327240	2.98	0	22
ptg006361l_1_region	109670	327240	2.98	0	22
ptg006362l_1	188238	955743	5.08	0	21
ptg006362l_1_region	188238	955743	5.08	0	21
ptg006364l_1	273750	643381	2.35	0	9
ptg006364l_1_region	273750	643381	2.35	0	9
ptg006365l_1	53797	272167	5.06	0	15
ptg006365l_1_region	53797	272167	5.06	0	15
ptg006366l_1	155118	356524	2.30	0	39
ptg006366l_1_region	155118	356524	2.30	0	39
ptg006367l_1	32919	89765	2.73	0	41
ptg006367l_1_region	32919	89765	2.73	0	41
ptg006369l_1	12445	67632	5.43	0	64
ptg006369l_1_region	12445	67632	5.43	0	64
ptg006370l_1	245968	1253579	5.10	0	29
ptg006370l_1_region	245968	1253579	5.10	0	29
ptg006371l_1	61539	227946	3.70	0	12
ptg006371l_1_region	61539	227946	3.70	0	12
ptg006373l_1	10766	30594	2.84	0	6
ptg006373l_1_region	10766	30594	2.84	0	6
ptg006374l_1	186971	651229	3.48	0	18
ptg006374l_1_region	186971	651229	3.48	0	18
ptg006376l_1	308449	790610	2.56	0	16
ptg006376l_1_region	308449	790610	2.56	0	16
ptg006377l_1	143463	496293	3.46	0	10
ptg006377l_1_region	143463	496293	3.46	0	10
ptg006383l_1	33170	172847	5.21	0	17
ptg006383l_1_region	33170	172847	5.21	0	17
ptg006386l_1	85916	672717	7.83	0	36
ptg006386l_1_region	85916	672717	7.83	0	36
ptg006388l_1	181580	720582	3.97	0	15
ptg006388l_1_region	181580	720582	3.97	0	15
ptg006395l_1	21846	60121	2.75	0	7
ptg006395l_1_region	21846	60121	2.75	0	7
ptg006398l_1	113712	239477	2.11	0	14
ptg006398l_1_region	113712	239477	2.11	0	14
ptg006399l_1	393142	2821708	7.18	0	36
ptg006399l_1_region	393142	2821708	7.18	0	36
ptg006400l_1	100000	314419	3.14	0	11
ptg006400l_1_region	100000	314419	3.14	0	11
ptg006402l_1	123409	662469	5.37	0	63
ptg006402l_1_region	123409	662469	5.37	0	63
ptg006407l_1	484342	1958069	4.04	0	16
ptg006407l_1_region	484342	1958069	4.04	0	16
ptg006408l_1	525837	2620135	4.98	0	16
ptg006408l_1_region	525837	2620135	4.98	0	16
ptg006410l_1	72473	222804	3.07	0	10
ptg006410l_1_region	72473	222804	3.07	0	10
ptg006411l_1	324626	1671177	5.15	0	20
ptg006411l_1_region	324626	1671177	5.15	0	20
ptg006413l_1	29373	53368	1.82	0	9
ptg006413l_1_region	29373	53368	1.82	0	9
ptg006415l_1	35836	71318	1.99	0	108
ptg006415l_1_region	35836	71318	1.99	0	108
ptg006416l_1	106942	237692	2.22	0	9
ptg006416l_1_region	106942	237692	2.22	0	9
ptg006418l_1	83560	394444	4.72	0	12
ptg006418l_1_region	83560	394444	4.72	0	12
ptg006420l_1	99275	447528	4.51	0	16
ptg006420l_1_region	99275	447528	4.51	0	16
ptg006421l_1	385033	1806707	4.69	0	20
ptg006421l_1_region	385033	1806707	4.69	0	20
ptg006422l_1	179200	497408	2.78	0	67
ptg006422l_1_region	179200	497408	2.78	0	67
ptg006423l_1	35708	91459	2.56	0	9
ptg006423l_1_region	35708	91459	2.56	0	9
ptg006426l_1	120137	518975	4.32	0	13
ptg006426l_1_region	120137	518975	4.32	0	13
ptg006427l_1	531226	2537870	4.78	0	16
ptg006427l_1_region	531226	2537870	4.78	0	16
ptg006429l_1	116677	496285	4.25	0	15
ptg006429l_1_region	116677	496285	4.25	0	15
ptg006430l_1	152753	327532	2.14	0	11
ptg006430l_1_region	152753	327532	2.14	0	11
ptg006431l_1	401545	1539869	3.83	0	17
ptg006431l_1_region	401545	1539869	3.83	0	17
ptg006435l_1	85208	426118	5.00	0	13
ptg006435l_1_region	85208	426118	5.00	0	13
ptg006439l_1	91470	629301	6.88	0	17
ptg006439l_1_region	91470	629301	6.88	0	17
ptg006440l_1	138316	740217	5.35	0	69
ptg006440l_1_region	138316	740217	5.35	0	69
ptg006443l_1	24729	84104	3.40	0	10
ptg006443l_1_region	24729	84104	3.40	0	10
ptg006444l_1	26533	38967	1.47	0	6
ptg006444l_1_region	26533	38967	1.47	0	6
ptg006448l_1	58758	314980	5.36	0	13
ptg006448l_1_region	58758	314980	5.36	0	13
ptg006450l_1	145890	476287	3.26	0	9
ptg006450l_1_region	145890	476287	3.26	0	9
ptg006453l_1	29895	117934	3.94	0	10
ptg006453l_1_region	29895	117934	3.94	0	10
ptg006454l_1	63340	110697	1.75	0	8
ptg006454l_1_region	63340	110697	1.75	0	8
ptg006455l_1	47320	232566	4.91	0	28
ptg006455l_1_region	47320	232566	4.91	0	28
ptg006461l_1	59102	280547	4.75	0	11
ptg006461l_1_region	59102	280547	4.75	0	11
ptg006471l_1	135593	561803	4.14	0	11
ptg006471l_1_region	135593	561803	4.14	0	11
ptg006472l_1	41938	92111	2.20	0	11
ptg006472l_1_region	41938	92111	2.20	0	11
ptg006475l_1	113823	263413	2.31	0	7
ptg006475l_1_region	113823	263413	2.31	0	7
ptg006478l_1	127554	373347	2.93	0	12
ptg006478l_1_region	127554	373347	2.93	0	12
ptg006480l_1	602932	7199485	11.94	0	398
ptg006480l_1_region	602932	7199485	11.94	0	398
ptg006484l_1	244701	1152964	4.71	0	20
ptg006484l_1_region	244701	1152964	4.71	0	20
ptg006486l_1	306714	2259676	7.37	0	95
ptg006486l_1_region	306714	2259676	7.37	0	95
ptg006488l_1	41080	77327	1.88	0	8
ptg006488l_1_region	41080	77327	1.88	0	8
ptg006489l_1	362708	1749180	4.82	0	22
ptg006489l_1_region	362708	1749180	4.82	0	22
ptg006490l_1	318340	1115446	3.50	0	18
ptg006490l_1_region	318340	1115446	3.50	0	18
ptg006491l_1	75427	240599	3.19	0	25
ptg006491l_1_region	75427	240599	3.19	0	25
ptg006492l_1	37261	109128	2.93	0	7
ptg006492l_1_region	37261	109128	2.93	0	7
ptg006493l_1	672141	2240156	3.33	0	18
ptg006493l_1_region	672141	2240156	3.33	0	18
ptg006496l_1	479622	3353531	6.99	0	94
ptg006496l_1_region	479622	3353531	6.99	0	94
ptg006497l_1	380043	986015	2.59	0	14
ptg006497l_1_region	380043	986015	2.59	0	14
ptg006498l_1	47349	148216	3.13	0	15
ptg006498l_1_region	47349	148216	3.13	0	15
ptg006499l_1	646195	2031161	3.14	0	32
ptg006499l_1_region	646195	2031161	3.14	0	32
ptg006500l_1	642762	4896000	7.62	0	767
ptg006500l_1_region	642762	4896000	7.62	0	767
ptg006503l_1	21790	128612	5.90	0	15
ptg006503l_1_region	21790	128612	5.90	0	15
ptg006505l_1	35473	65897	1.86	0	7
ptg006505l_1_region	35473	65897	1.86	0	7
ptg006507l_1	128331	467475	3.64	0	14
ptg006507l_1_region	128331	467475	3.64	0	14
ptg006509l_1	225682	663088	2.94	0	12
ptg006509l_1_region	225682	663088	2.94	0	12
ptg006513l_1	450431	1831325	4.07	0	17
ptg006513l_1_region	450431	1831325	4.07	0	17
ptg006514l_1	468079	2456069	5.25	0	86
ptg006514l_1_region	468079	2456069	5.25	0	86
ptg006520l_1	36259	127198	3.51	0	13
ptg006520l_1_region	36259	127198	3.51	0	13
ptg006523l_1	129135	358691	2.78	0	12
ptg006523l_1_region	129135	358691	2.78	0	12
ptg006524l_1	62648	155481	2.48	0	8
ptg006524l_1_region	62648	155481	2.48	0	8
ptg006529l_1	122583	466516	3.81	0	13
ptg006529l_1_region	122583	466516	3.81	0	13
ptg006530l_1	189039	766033	4.05	0	13
ptg006530l_1_region	189039	766033	4.05	0	13
ptg006531l_1	397256	1179421	2.97	0	13
ptg006531l_1_region	397256	1179421	2.97	0	13
ptg006532l_1	91049	295737	3.25	0	20
ptg006532l_1_region	91049	295737	3.25	0	20
ptg006533l_1	140239	1024740	7.31	0	18
ptg006533l_1_region	140239	1024740	7.31	0	18
ptg006534l_1	91073	456966	5.02	0	13
ptg006534l_1_region	91073	456966	5.02	0	13
ptg006536l_1	87919	214929	2.44	0	21
ptg006536l_1_region	87919	214929	2.44	0	21
ptg006538l_1	451725	1163634	2.58	0	17
ptg006538l_1_region	451725	1163634	2.58	0	17
ptg006541l_1	2045007	6516546	3.19	0	16
ptg006541l_1_region	2045007	6516546	3.19	0	16
ptg006544l_1	20956	63706	3.04	0	7
ptg006544l_1_region	20956	63706	3.04	0	7
ptg006549l_1	484455	2798741	5.78	0	67
ptg006549l_1_region	484455	2798741	5.78	0	67
ptg006550l_1	337317	1114332	3.30	0	33
ptg006550l_1_region	337317	1114332	3.30	0	33
ptg006551l_1	549474	1170020	2.13	0	18
ptg006551l_1_region	549474	1170020	2.13	0	18
ptg006552l_1	88419	414242	4.68	0	15
ptg006552l_1_region	88419	414242	4.68	0	15
ptg006554l_1	158233	285200	1.80	0	9
ptg006554l_1_region	158233	285200	1.80	0	9
ptg006558l_1	101340	479389	4.73	0	28
ptg006558l_1_region	101340	479389	4.73	0	28
ptg006559l_1	72854	285808	3.92	0	9
ptg006559l_1_region	72854	285808	3.92	0	9
ptg006561l_1	305085	1353449	4.44	0	15
ptg006561l_1_region	305085	1353449	4.44	0	15
ptg006562l_1	61644	128907	2.09	0	6
ptg006562l_1_region	61644	128907	2.09	0	6
ptg006564l_1	458842	1623559	3.54	0	40
ptg006564l_1_region	458842	1623559	3.54	0	40
ptg006569l_1	62535	316720	5.06	0	24
ptg006569l_1_region	62535	316720	5.06	0	24
ptg006573l_1	116930	710620	6.08	0	30
ptg006573l_1_region	116930	710620	6.08	0	30
ptg006575l_1	60616	115230	1.90	0	11
ptg006575l_1_region	60616	115230	1.90	0	11
ptg006579l_1	52555	140739	2.68	0	12
ptg006579l_1_region	52555	140739	2.68	0	12
ptg006580l_1	19991	89661	4.49	0	12
ptg006580l_1_region	19991	89661	4.49	0	12
ptg006581l_1	93737	322341	3.44	0	9
ptg006581l_1_region	93737	322341	3.44	0	9
ptg006589l_1	72081	242435	3.36	0	11
ptg006589l_1_region	72081	242435	3.36	0	11
ptg006592l_1	83937	472905	5.63	0	13
ptg006592l_1_region	83937	472905	5.63	0	13
ptg006595l_1	1213331	3963007	3.27	0	38
ptg006595l_1_region	1213331	3963007	3.27	0	38
ptg006596l_1	163276	769065	4.71	0	19
ptg006596l_1_region	163276	769065	4.71	0	19
ptg006598l_1	83556	390148	4.67	0	84
ptg006598l_1_region	83556	390148	4.67	0	84
ptg006600l_1	97865	348646	3.56	0	18
ptg006600l_1_region	97865	348646	3.56	0	18
ptg006602l_1	331419	1146759	3.46	0	14
ptg006602l_1_region	331419	1146759	3.46	0	14
ptg006604l_1	1421349	7612128	5.36	0	34
ptg006604l_1_region	1421349	7612128	5.36	0	34
ptg006605l_1	334209	997095	2.98	0	26
ptg006605l_1_region	334209	997095	2.98	0	26
ptg006610l_1	23870	99925	4.19	0	17
ptg006610l_1_region	23870	99925	4.19	0	17
ptg006611l_1	34546	87660	2.54	0	9
ptg006611l_1_region	34546	87660	2.54	0	9
ptg006612l_1	758450	3291526	4.34	0	20
ptg006612l_1_region	758450	3291526	4.34	0	20
ptg006614l_1	182335	609256	3.34	0	18
ptg006614l_1_region	182335	609256	3.34	0	18
ptg006615l_1	1871553	2184836	1.17	0	72
ptg006615l_1_region	1871553	2184836	1.17	0	72
ptg006616l_1	32034	64398	2.01	0	7
ptg006616l_1_region	32034	64398	2.01	0	7
ptg006619l_1	1045055	108624	0.10	0	6
ptg006619l_1_region	1045055	108624	0.10	0	6
ptg006620l_1	520265	1728409	3.32	0	18
ptg006620l_1_region	520265	1728409	3.32	0	18
ptg006621l_1	108406	388073	3.58	0	12
ptg006621l_1_region	108406	388073	3.58	0	12
ptg006623l_1	26345	117634	4.47	0	13
ptg006623l_1_region	26345	117634	4.47	0	13
ptg006625l_1	385525	1186190	3.08	0	46
ptg006625l_1_region	385525	1186190	3.08	0	46
ptg006627l_1	37680	94763	2.51	0	6
ptg006627l_1_region	37680	94763	2.51	0	6
ptg006629l_1	344489	233361	0.68	0	16
ptg006629l_1_region	344489	233361	0.68	0	16
ptg006630l_1	123098	538889	4.38	0	16
ptg006630l_1_region	123098	538889	4.38	0	16
ptg006632l_1	154732	502292	3.25	0	9
ptg006632l_1_region	154732	502292	3.25	0	9
ptg006634l_1	91228	98475	1.08	0	7
ptg006634l_1_region	91228	98475	1.08	0	7
ptg006636l_1	149837	653508	4.36	0	20
ptg006636l_1_region	149837	653508	4.36	0	20
ptg006639l_1	397333	1761398	4.43	0	14
ptg006639l_1_region	397333	1761398	4.43	0	14
ptg006640l_1	287937	1328438	4.61	0	24
ptg006640l_1_region	287937	1328438	4.61	0	24
ptg006641l_1	66479	305816	4.60	0	15
ptg006641l_1_region	66479	305816	4.60	0	15
ptg006642l_1	271686	1221177	4.49	0	45
ptg006642l_1_region	271686	1221177	4.49	0	45
ptg006643l_1	18916	28406	1.50	0	16
ptg006643l_1_region	18916	28406	1.50	0	16
ptg006644l_1	77524	281071	3.63	0	11
ptg006644l_1_region	77524	281071	3.63	0	11
ptg006645l_1	117487	318666	2.71	0	10
ptg006645l_1_region	117487	318666	2.71	0	10
ptg006650l_1	20657	56202	2.72	0	6
ptg006650l_1_region	20657	56202	2.72	0	6
ptg006651l_1	162864	1432552	8.80	0	61
ptg006651l_1_region	162864	1432552	8.80	0	61
ptg006652l_1	80637	202597	2.51	0	13
ptg006652l_1_region	80637	202597	2.51	0	13
ptg006653l_1	449217	1579091	3.52	0	16
ptg006653l_1_region	449217	1579091	3.52	0	16
ptg006655l_1	34866	77525	2.22	0	15
ptg006655l_1_region	34866	77525	2.22	0	15
ptg006656l_1	372172	1507730	4.05	0	65
ptg006656l_1_region	372172	1507730	4.05	0	65
ptg006657l_1	297178	5809670	19.55	0	130
ptg006657l_1_region	297178	5809670	19.55	0	130
ptg006658l_1	62313	200863	3.22	0	13
ptg006658l_1_region	62313	200863	3.22	0	13
ptg006659l_1	779966	2010537	2.58	0	24
ptg006659l_1_region	779966	2010537	2.58	0	24
ptg006662l_1	498756	3160220	6.34	0	26
ptg006662l_1_region	498756	3160220	6.34	0	26
ptg006665l_1	101250	344057	3.40	0	10
ptg006665l_1_region	101250	344057	3.40	0	10
ptg006666l_1	155722	456435	2.93	0	11
ptg006666l_1_region	155722	456435	2.93	0	11
ptg006667l_1	124642	310486	2.49	0	18
ptg006667l_1_region	124642	310486	2.49	0	18
ptg006668l_1	533089	2016760	3.78	0	26
ptg006668l_1_region	533089	2016760	3.78	0	26
ptg006670l_1	73723	181112	2.46	0	9
ptg006670l_1_region	73723	181112	2.46	0	9
ptg006673l_1	176259	369952	2.10	0	12
ptg006673l_1_region	176259	369952	2.10	0	12
ptg006679l_1	46412	207785	4.48	0	18
ptg006679l_1_region	46412	207785	4.48	0	18
ptg006681l_1	99936	538862	5.39	0	18
ptg006681l_1_region	99936	538862	5.39	0	18
ptg006685l_1	139042	917767	6.60	0	40
ptg006685l_1_region	139042	917767	6.60	0	40
ptg006687l_1	40045	112842	2.82	0	14
ptg006687l_1_region	40045	112842	2.82	0	14
ptg006688l_1	531669	2170300	4.08	0	35
ptg006688l_1_region	531669	2170300	4.08	0	35
ptg006690l_1	144680	435377	3.01	0	21
ptg006690l_1_region	144680	435377	3.01	0	21
ptg006691l_1	86914	223504	2.57	0	8
ptg006691l_1_region	86914	223504	2.57	0	8
ptg006700l_1	145331	442953	3.05	0	45
ptg006700l_1_region	145331	442953	3.05	0	45
ptg006701l_1	1503552	7047944	4.69	0	70
ptg006701l_1_region	1503552	7047944	4.69	0	70
ptg006704l_1	84778	235960	2.78	0	11
ptg006704l_1_region	84778	235960	2.78	0	11
ptg006706l_1	559804	604863	1.08	0	10
ptg006706l_1_region	559804	604863	1.08	0	10
ptg006708l_1	30865	156210	5.06	0	13
ptg006708l_1_region	30865	156210	5.06	0	13
ptg006709l_1	143971	978475	6.80	0	21
ptg006709l_1_region	143971	978475	6.80	0	21
ptg006711l_1	401796	1648886	4.10	0	19
ptg006711l_1_region	401796	1648886	4.10	0	19
ptg006712l_1	129919	706737	5.44	0	20
ptg006712l_1_region	129919	706737	5.44	0	20
ptg006714l_1	232250	900394	3.88	0	23
ptg006714l_1_region	232250	900394	3.88	0	23
ptg006715l_1	650288	4205049	6.47	0	45
ptg006715l_1_region	650288	4205049	6.47	0	45
ptg006717l_1	100755	582426	5.78	0	54
ptg006717l_1_region	100755	582426	5.78	0	54
ptg006718l_1	276208	657639	2.38	0	13
ptg006718l_1_region	276208	657639	2.38	0	13
ptg006719l_1	293557	2056049	7.00	0	42
ptg006719l_1_region	293557	2056049	7.00	0	42
ptg006721l_1	48439	164930	3.40	0	9
ptg006721l_1_region	48439	164930	3.40	0	9
ptg006722l_1	1192943	3653867	3.06	0	22
ptg006722l_1_region	1192943	3653867	3.06	0	22
ptg006723l_1	219041	778377	3.55	0	13
ptg006723l_1_region	219041	778377	3.55	0	13
ptg006725l_1	157965	606258	3.84	0	13
ptg006725l_1_region	157965	606258	3.84	0	13
ptg006727l_1	163824	446947	2.73	0	7
ptg006727l_1_region	163824	446947	2.73	0	7
ptg006730l_1	384080	743927	1.94	0	28
ptg006730l_1_region	384080	743927	1.94	0	28
ptg006737l_1	19972	1870	0.09	0	5
ptg006737l_1_region	19972	1870	0.09	0	5
ptg006738l_1	309891	1222163	3.94	0	19
ptg006738l_1_region	309891	1222163	3.94	0	19
ptg006739l_1	222227	615012	2.77	0	13
ptg006739l_1_region	222227	615012	2.77	0	13
ptg006741l_1	20205	38706	1.92	0	6
ptg006741l_1_region	20205	38706	1.92	0	6
ptg006744l_1	175875	409621	2.33	0	10
ptg006744l_1_region	175875	409621	2.33	0	10
ptg006750l_1	304260	1519739	4.99	0	68
ptg006750l_1_region	304260	1519739	4.99	0	68
ptg006752l_1	76689	523035	6.82	0	17
ptg006752l_1_region	76689	523035	6.82	0	17
ptg006753l_1	514945	2801718	5.44	0	33
ptg006753l_1_region	514945	2801718	5.44	0	33
ptg006754l_1	46522	157761	3.39	0	10
ptg006754l_1_region	46522	157761	3.39	0	10
ptg006755l_1	138367	473644	3.42	0	13
ptg006755l_1_region	138367	473644	3.42	0	13
ptg006756l_1	1063487	6579391	6.19	0	142
ptg006756l_1_region	1063487	6579391	6.19	0	142
ptg006757l_1	282107	1015493	3.60	0	15
ptg006757l_1_region	282107	1015493	3.60	0	15
ptg006760l_1	272393	1049027	3.85	0	38
ptg006760l_1_region	272393	1049027	3.85	0	38
ptg006762l_1	67002	157799	2.36	0	80
ptg006762l_1_region	67002	157799	2.36	0	80
ptg006763l_1	163502	730294	4.47	0	13
ptg006763l_1_region	163502	730294	4.47	0	13
ptg006768l_1	317342	2457635	7.74	0	155
ptg006768l_1_region	317342	2457635	7.74	0	155
ptg006770l_1	653117	2754323	4.22	0	28
ptg006770l_1_region	653117	2754323	4.22	0	28
ptg006771l_1	159103	790000	4.97	0	40
ptg006771l_1_region	159103	790000	4.97	0	40
ptg006772l_1	123530	357623	2.90	0	36
ptg006772l_1_region	123530	357623	2.90	0	36
ptg006773l_1	239496	413769	1.73	0	12
ptg006773l_1_region	239496	413769	1.73	0	12
ptg006774l_1	268610	744829	2.77	0	13
ptg006774l_1_region	268610	744829	2.77	0	13
ptg006775l_1	314151	2280863	7.26	0	29
ptg006775l_1_region	314151	2280863	7.26	0	29
ptg006778l_1	163342	584592	3.58	0	75
ptg006778l_1_region	163342	584592	3.58	0	75
ptg006781l_1	158361	924145	5.84	0	19
ptg006781l_1_region	158361	924145	5.84	0	19
ptg006782l_1	640738	1776777	2.77	0	26
ptg006782l_1_region	640738	1776777	2.77	0	26
ptg006783l_1	1033099	2148024	2.08	0	22
ptg006783l_1_region	1033099	2148024	2.08	0	22
ptg006786l_1	93218	183666	1.97	0	6
ptg006786l_1_region	93218	183666	1.97	0	6
ptg006787l_1	229506	1471529	6.41	0	92
ptg006787l_1_region	229506	1471529	6.41	0	92
ptg006788l_1	26296	59485	2.26	0	7
ptg006788l_1_region	26296	59485	2.26	0	7
ptg006791l_1	174189	1064068	6.11	0	71
ptg006791l_1_region	174189	1064068	6.11	0	71
ptg006795l_1	80127	119143	1.49	0	7
ptg006795l_1_region	80127	119143	1.49	0	7
ptg006797l_1	447925	1274035	2.84	0	18
ptg006797l_1_region	447925	1274035	2.84	0	18
ptg006798l_1	55015	318438	5.79	0	22
ptg006798l_1_region	55015	318438	5.79	0	22
ptg006799l_1	283786	1062313	3.74	0	17
ptg006799l_1_region	283786	1062313	3.74	0	17
ptg006801l_1	383013	1054257	2.75	0	14
ptg006801l_1_region	383013	1054257	2.75	0	14
ptg006802l_1	347801	1804817	5.19	0	34
ptg006802l_1_region	347801	1804817	5.19	0	34
ptg006806l_1	227718	908052	3.99	0	24
ptg006806l_1_region	227718	908052	3.99	0	24
ptg006810l_1	498692	1912669	3.84	0	58
ptg006810l_1_region	498692	1912669	3.84	0	58
ptg006811l_1	198551	357849	1.80	0	12
ptg006811l_1_region	198551	357849	1.80	0	12
ptg006812l_1	201077	897407	4.46	0	22
ptg006812l_1_region	201077	897407	4.46	0	22
ptg006816l_1	1135199	394214	0.35	0	9
ptg006816l_1_region	1135199	394214	0.35	0	9
ptg006818l_1	685621	6676928	9.74	0	69
ptg006818l_1_region	685621	6676928	9.74	0	69
ptg006819l_1	1393930	1847007	1.33	0	13
ptg006819l_1_region	1393930	1847007	1.33	0	13
ptg006820l_1	2613856	33877668	12.96	0	2014
ptg006820l_1_region	2613856	33877668	12.96	0	2014
ptg006822l_1	377191	234522	0.62	0	11
ptg006822l_1_region	377191	234522	0.62	0	11
ptg006823l_1	265646	174119	0.66	0	8
ptg006823l_1_region	265646	174119	0.66	0	8
ptg006824l_1	40496	9325	0.23	0	1
ptg006824l_1_region	40496	9325	0.23	0	1
ptg006827l_1	1068174	555294	0.52	0	19
ptg006827l_1_region	1068174	555294	0.52	0	19
ptg006828l_1	782236	375572	0.48	0	20
ptg006828l_1_region	782236	375572	0.48	0	20
ptg006829l_1	854075	1172657	1.37	0	24
ptg006829l_1_region	854075	1172657	1.37	0	24
ptg006831l_1	468292	104879	0.22	0	7
ptg006831l_1_region	468292	104879	0.22	0	7
ptg006832l_1	770874	368715	0.48	0	11
ptg006832l_1_region	770874	368715	0.48	0	11
ptg006833l_1	526780	87569	0.17	0	9
ptg006833l_1_region	526780	87569	0.17	0	9
ptg006834l_1	1358244	282695	0.21	0	14
ptg006834l_1_region	1358244	282695	0.21	0	14
ptg006837l_1	76509	105432	1.38	0	5
ptg006837l_1_region	76509	105432	1.38	0	5
ptg006838l_1	382264	1570064	4.11	0	21
ptg006838l_1_region	382264	1570064	4.11	0	21
ptg006841l_1	306333	1308829	4.27	0	38
ptg006841l_1_region	306333	1308829	4.27	0	38
ptg006842l_1	83265	273385	3.28	0	12
ptg006842l_1_region	83265	273385	3.28	0	12
ptg006843l_1	124147	455496	3.67	0	18
ptg006843l_1_region	124147	455496	3.67	0	18
ptg006844l_1	314861	1501891	4.77	0	35
ptg006844l_1_region	314861	1501891	4.77	0	35
ptg006845l_1	190213	424498	2.23	0	13
ptg006845l_1_region	190213	424498	2.23	0	13
ptg006846l_1	126536	235667	1.86	0	9
ptg006846l_1_region	126536	235667	1.86	0	9
ptg006847l_1	187403	574685	3.07	0	28
ptg006847l_1_region	187403	574685	3.07	0	28
ptg006848l_1	26734	51675	1.93	0	4
ptg006848l_1_region	26734	51675	1.93	0	4
ptg006849l_1	117841	386641	3.28	0	16
ptg006849l_1_region	117841	386641	3.28	0	16
ptg006850l_1	81684	326026	3.99	0	16
ptg006850l_1_region	81684	326026	3.99	0	16
ptg006851l_1	97128	451025	4.64	0	110
ptg006851l_1_region	97128	451025	4.64	0	110
ptg006852l_1	315285	1441723	4.57	0	55
ptg006852l_1_region	315285	1441723	4.57	0	55
ptg006854l_1	106585	197001	1.85	0	9
ptg006854l_1_region	106585	197001	1.85	0	9
ptg006857l_1	92087	205063	2.23	0	10
ptg006857l_1_region	92087	205063	2.23	0	10
ptg006859l_1	867396	351551	0.41	0	9
ptg006859l_1_region	867396	351551	0.41	0	9
ptg006866l_1	12345	24417	1.98	0	4
ptg006866l_1_region	12345	24417	1.98	0	4
ptg006867l_1	332181	1261042	3.80	0	25
ptg006867l_1_region	332181	1261042	3.80	0	25
ptg006868l_1	57255	51423	0.90	0	4
ptg006868l_1_region	57255	51423	0.90	0	4
ptg006875l_1	41726	93509	2.24	0	7
ptg006875l_1_region	41726	93509	2.24	0	7
ptg006878l_1	416857	1046424	2.51	0	22
ptg006878l_1_region	416857	1046424	2.51	0	22
ptg006880l_1	535786	1865607	3.48	0	80
ptg006880l_1_region	535786	1865607	3.48	0	80
ptg006881l_1	466390	1443451	3.09	0	22
ptg006881l_1_region	466390	1443451	3.09	0	22
ptg006887l_1	513331	1924353	3.75	0	19
ptg006887l_1_region	513331	1924353	3.75	0	19
ptg006890l_1	184848	610306	3.30	0	29
ptg006890l_1_region	184848	610306	3.30	0	29
ptg006891l_1	201682	614176	3.05	0	11
ptg006891l_1_region	201682	614176	3.05	0	11
ptg006894l_1	13450	344550	25.62	0	50
ptg006894l_1_region	13450	344550	25.62	0	50
ptg006897l_1	304114	39396	0.13	0	2
ptg006897l_1_region	304114	39396	0.13	0	2
ptg006903l_1	91924	309319	3.36	0	11
ptg006903l_1_region	91924	309319	3.36	0	11
ptg006910l_1	255301	2333705	9.14	0	32
ptg006910l_1_region	255301	2333705	9.14	0	32
ptg006911l_1	248472	2837605	11.42	0	131
ptg006911l_1_region	248472	2837605	11.42	0	131
ptg006913l_1	13979	28572	2.04	0	8
ptg006913l_1_region	13979	28572	2.04	0	8
ptg006914l_1	162793	289904	1.78	0	9
ptg006914l_1_region	162793	289904	1.78	0	9
ptg006916l_1	132464	391785	2.96	0	53
ptg006916l_1_region	132464	391785	2.96	0	53
ptg006917l_1	361597	795276	2.20	0	17
ptg006917l_1_region	361597	795276	2.20	0	17
ptg006919l_1	511246	2158524	4.22	0	13
ptg006919l_1_region	511246	2158524	4.22	0	13
ptg006920l_1	422600	1107649	2.62	0	17
ptg006920l_1_region	422600	1107649	2.62	0	17
ptg006926l_1	60892	291679	4.79	0	17
ptg006926l_1_region	60892	291679	4.79	0	17
ptg006927l_1	404727	1878534	4.64	0	13
ptg006927l_1_region	404727	1878534	4.64	0	13
ptg006928l_1	398397	1325246	3.33	0	128
ptg006928l_1_region	398397	1325246	3.33	0	128
ptg006929l_1	233137	876610	3.76	0	20
ptg006929l_1_region	233137	876610	3.76	0	20
ptg006931l_1	150117	798576	5.32	0	29
ptg006931l_1_region	150117	798576	5.32	0	29
ptg006932l_1	17878	30597	1.71	0	4
ptg006932l_1_region	17878	30597	1.71	0	4
ptg006933l_1	36069	110052	3.05	0	7
ptg006933l_1_region	36069	110052	3.05	0	7
ptg006935l_1	523266	1787933	3.42	0	18
ptg006935l_1_region	523266	1787933	3.42	0	18
ptg006938l_1	141383	306534	2.17	0	7
ptg006938l_1_region	141383	306534	2.17	0	7
ptg006942l_1	248203	1018710	4.10	0	20
ptg006942l_1_region	248203	1018710	4.10	0	20
ptg006945l_1	18937	48165	2.54	0	7
ptg006945l_1_region	18937	48165	2.54	0	7
ptg006946l_1	41890	77468	1.85	0	12
ptg006946l_1_region	41890	77468	1.85	0	12
ptg006951l_1	35210	195580	5.55	0	23
ptg006951l_1_region	35210	195580	5.55	0	23
ptg006953l_1	116650	259814	2.23	0	17
ptg006953l_1_region	116650	259814	2.23	0	17
ptg006954l_1	102972	228115	2.22	0	11
ptg006954l_1_region	102972	228115	2.22	0	11
ptg006957l_1	14218	13042	0.92	0	4
ptg006957l_1_region	14218	13042	0.92	0	4
ptg006958l_1	140064	839598	5.99	0	31
ptg006958l_1_region	140064	839598	5.99	0	31
ptg006959l_1	122187	286184	2.34	0	10
ptg006959l_1_region	122187	286184	2.34	0	10
ptg006960l_1	93622	161826	1.73	0	9
ptg006960l_1_region	93622	161826	1.73	0	9
ptg006961l_1	62117	52659	0.85	0	8
ptg006961l_1_region	62117	52659	0.85	0	8
ptg006963l_1	45924	136265	2.97	0	9
ptg006963l_1_region	45924	136265	2.97	0	9
ptg006965l_1	64327	47572	0.74	0	4
ptg006965l_1_region	64327	47572	0.74	0	4
ptg006966l_1	106984	181246	1.69	0	12
ptg006966l_1_region	106984	181246	1.69	0	12
ptg006967l_1	21189	9659	0.46	0	2
ptg006967l_1_region	21189	9659	0.46	0	2
ptg006968l_1	334253	1862066	5.57	0	20
ptg006968l_1_region	334253	1862066	5.57	0	20
ptg006969l_1	73983	416932	5.64	0	24
ptg006969l_1_region	73983	416932	5.64	0	24
ptg006973l_1	43743	111552	2.55	0	7
ptg006973l_1_region	43743	111552	2.55	0	7
ptg006976l_1	98192	586453	5.97	0	26
ptg006976l_1_region	98192	586453	5.97	0	26
ptg006977l_1	82403	166956	2.03	0	19
ptg006977l_1_region	82403	166956	2.03	0	19
ptg006978l_1	192728	703644	3.65	0	22
ptg006978l_1_region	192728	703644	3.65	0	22
ptg006979l_1	127076	523918	4.12	0	17
ptg006979l_1_region	127076	523918	4.12	0	17
ptg006980l_1	50492	416836	8.26	0	31
ptg006980l_1_region	50492	416836	8.26	0	31
ptg006981l_1	12952	81076	6.26	0	12
ptg006981l_1_region	12952	81076	6.26	0	12
ptg006982l_1	91475	341706	3.74	0	16
ptg006982l_1_region	91475	341706	3.74	0	16
ptg006983l_1	75310	162340	2.16	0	11
ptg006983l_1_region	75310	162340	2.16	0	11
ptg006984l_1	52698	177789	3.37	0	17
ptg006984l_1_region	52698	177789	3.37	0	17
ptg006985l_1	37444	54577	1.46	0	6
ptg006985l_1_region	37444	54577	1.46	0	6
ptg006987l_1	26596	25078	0.94	0	4
ptg006987l_1_region	26596	25078	0.94	0	4
ptg006989l_1	164763	1225422	7.44	0	35
ptg006989l_1_region	164763	1225422	7.44	0	35
ptg006990l_1	15925	51923	3.26	0	9
ptg006990l_1_region	15925	51923	3.26	0	9
ptg006991l_1	13526	14182	1.05	0	2
ptg006991l_1_region	13526	14182	1.05	0	2
ptg006992l_1	75922	222251	2.93	0	14
ptg006992l_1_region	75922	222251	2.93	0	14
ptg006993l_1	312834	1367701	4.37	0	30
ptg006993l_1_region	312834	1367701	4.37	0	30
ptg006994l_1	1013111	2889327	2.85	0	21
ptg006994l_1_region	1013111	2889327	2.85	0	21
ptg006995l_1	487703	2356323	4.83	0	24
ptg006995l_1_region	487703	2356323	4.83	0	24
ptg006996l_1	178835	495667	2.77	0	20
ptg006996l_1_region	178835	495667	2.77	0	20
ptg006997l_1	444323	1970751	4.44	0	40
ptg006997l_1_region	444323	1970751	4.44	0	40
ptg007001l_1	138837	427290	3.08	0	37
ptg007001l_1_region	138837	427290	3.08	0	37
ptg007002l_1	134724	333163	2.47	0	13
ptg007002l_1_region	134724	333163	2.47	0	13
ptg007003l_1	354691	1256088	3.54	0	58
ptg007003l_1_region	354691	1256088	3.54	0	58
ptg007005l_1	97600	647200	6.63	0	17
ptg007005l_1_region	97600	647200	6.63	0	17
ptg007010l_1	270094	1076653	3.99	0	27
ptg007010l_1_region	270094	1076653	3.99	0	27
ptg007013l_1	428241	1927446	4.50	0	16
ptg007013l_1_region	428241	1927446	4.50	0	16
ptg007016l_1	1957996	3512674	1.79	0	34
ptg007016l_1_region	1957996	3512674	1.79	0	34
ptg007017l_1	373008	117923	0.32	0	6
ptg007017l_1_region	373008	117923	0.32	0	6
ptg007018l_1	162243	161356	0.99	0	7
ptg007018l_1_region	162243	161356	0.99	0	7
ptg007019l_1	1734167	1082277	0.62	0	18
ptg007019l_1_region	1734167	1082277	0.62	0	18
ptg007021l_1	589336	267426	0.45	0	15
ptg007021l_1_region	589336	267426	0.45	0	15
ptg007022l_1	851101	367042	0.43	0	33
ptg007022l_1_region	851101	367042	0.43	0	33
ptg007024l_1	156800	239391	1.53	0	8
ptg007024l_1_region	156800	239391	1.53	0	8
ptg007025l_1	92779	503826	5.43	0	50
ptg007025l_1_region	92779	503826	5.43	0	50
ptg007026l_1	20649	1230291	59.58	5	176
ptg007026l_1_region	20649	1230291	59.58	5	176
ptg007030l_1	27525	2769	0.10	0	7
ptg007030l_1_region	27525	2769	0.10	0	7
ptg007031l_1	199371	569281	2.86	0	21
ptg007031l_1_region	199371	569281	2.86	0	21
ptg007033l_1	206973	656253	3.17	0	11
ptg007033l_1_region	206973	656253	3.17	0	11
ptg007034l_1	585364	1373655	2.35	0	37
ptg007034l_1_region	585364	1373655	2.35	0	37
ptg007038l_1	373455	1566216	4.19	0	19
ptg007038l_1_region	373455	1566216	4.19	0	19
ptg007039l_1	402339	1279942	3.18	0	17
ptg007039l_1_region	402339	1279942	3.18	0	17
ptg007040l_1	358997	1399126	3.90	0	22
ptg007040l_1_region	358997	1399126	3.90	0	22
ptg007042l_1	200700	693474	3.46	0	16
ptg007042l_1_region	200700	693474	3.46	0	16
ptg007045l_1	1545671	12267578	7.94	0	45
ptg007045l_1_region	1545671	12267578	7.94	0	45
ptg007046l_1	241210	397310	1.65	0	33
ptg007046l_1_region	241210	397310	1.65	0	33
ptg007047l_1	312826	1056871	3.38	0	12
ptg007047l_1_region	312826	1056871	3.38	0	12
ptg007048l_1	110358	565382	5.12	0	21
ptg007048l_1_region	110358	565382	5.12	0	21
ptg007051l_1	590924	6978997	11.81	0	83
ptg007051l_1_region	590924	6978997	11.81	0	83
ptg007057l_1	231518	7421901	32.06	0	166
ptg007057l_1_region	231518	7421901	32.06	0	166
ptg007065l_1	11525	10565	0.92	0	3
ptg007065l_1_region	11525	10565	0.92	0	3
ptg007068l_1	148368	3051086	20.56	0	290
ptg007068l_1_region	148368	3051086	20.56	0	290
ptg007069l_1	85507	335098	3.92	0	17
ptg007069l_1_region	85507	335098	3.92	0	17
ptg007071l_1	212591	587601	2.76	0	13
ptg007071l_1_region	212591	587601	2.76	0	13
ptg007075l_1	1371231	683102	0.50	0	13
ptg007075l_1_region	1371231	683102	0.50	0	13
ptg007077l_1	319682	55432	0.17	0	7
ptg007077l_1_region	319682	55432	0.17	0	7
ptg007078l_1	415387	1432018	3.45	0	28
ptg007078l_1_region	415387	1432018	3.45	0	28
ptg007082l_1	267230	1002287	3.75	0	13
ptg007082l_1_region	267230	1002287	3.75	0	13
ptg007085l_1	484879	1290412	2.66	0	21
ptg007085l_1_region	484879	1290412	2.66	0	21
ptg007090l_1	254035	908666	3.58	0	13
ptg007090l_1_region	254035	908666	3.58	0	13
ptg007096l_1	170167	1259658	7.40	0	45
ptg007096l_1_region	170167	1259658	7.40	0	45
ptg007097l_1	321350	1952709	6.08	0	55
ptg007097l_1_region	321350	1952709	6.08	0	55
ptg007099l_1	172301	1066622	6.19	0	62
ptg007099l_1_region	172301	1066622	6.19	0	62
ptg007100l_1	401231	956275	2.38	0	15
ptg007100l_1_region	401231	956275	2.38	0	15
ptg007104l_1	184501	846319	4.59	0	12
ptg007104l_1_region	184501	846319	4.59	0	12
ptg007105l_1	82606	174152	2.11	0	14
ptg007105l_1_region	82606	174152	2.11	0	14
ptg007106l_1	270081	774670	2.87	0	10
ptg007106l_1_region	270081	774670	2.87	0	10
ptg007107l_1	163285	25606	0.16	0	7
ptg007107l_1_region	163285	25606	0.16	0	7
ptg007111l_1	191829	795308	4.15	0	18
ptg007111l_1_region	191829	795308	4.15	0	18
ptg007120l_1	869754	3621316	4.16	0	24
ptg007120l_1_region	869754	3621316	4.16	0	24
ptg007125l_1	36791	156824	4.26	0	12
ptg007125l_1_region	36791	156824	4.26	0	12
ptg007129l_1	267440	1573321	5.88	0	24
ptg007129l_1_region	267440	1573321	5.88	0	24
ptg007130l_1	14596	27183	1.86	0	6
ptg007130l_1_region	14596	27183	1.86	0	6
ptg007131l_1	441921	1454891	3.29	0	22
ptg007131l_1_region	441921	1454891	3.29	0	22
ptg007132l_1	89833	242285	2.70	0	16
ptg007132l_1_region	89833	242285	2.70	0	16
ptg007137l_1	204379	512531	2.51	0	11
ptg007137l_1_region	204379	512531	2.51	0	11
ptg007139l_1	68375	501564	7.34	0	27
ptg007139l_1_region	68375	501564	7.34	0	27
ptg007142l_1	36346	161442	4.44	0	49
ptg007142l_1_region	36346	161442	4.44	0	49
ptg007145l_1	44028	158663	3.60	0	12
ptg007145l_1_region	44028	158663	3.60	0	12
ptg007147l_1	117693	585231	4.97	0	19
ptg007147l_1_region	117693	585231	4.97	0	19
ptg007150l_1	72064	321156	4.46	0	24
ptg007150l_1_region	72064	321156	4.46	0	24
ptg007151l_1	79676	38712	0.49	0	3
ptg007151l_1_region	79676	38712	0.49	0	3
ptg007152l_1	314326	1697567	5.40	0	28
ptg007152l_1_region	314326	1697567	5.40	0	28
ptg007153l_1	67201	31514	0.47	0	5
ptg007153l_1_region	67201	31514	0.47	0	5
ptg007155l_1	30328	191633	6.32	0	14
ptg007155l_1_region	30328	191633	6.32	0	14
ptg007156l_1	50066	100430	2.01	0	7
ptg007156l_1_region	50066	100430	2.01	0	7
ptg007159l_1	138755	844208	6.08	0	15
ptg007159l_1_region	138755	844208	6.08	0	15
ptg007161l_1	141255	44073	0.31	0	3
ptg007161l_1_region	141255	44073	0.31	0	3
ptg007162l_1	78360	2455072	31.33	0	98
ptg007162l_1_region	78360	2455072	31.33	0	98
ptg007164l_1	85619	366583	4.28	0	15
ptg007164l_1_region	85619	366583	4.28	0	15
ptg007167l_1	30476	68871	2.26	0	7
ptg007167l_1_region	30476	68871	2.26	0	7
ptg007168l_1	28076	14503	0.52	0	2
ptg007168l_1_region	28076	14503	0.52	0	2
ptg007169l_1	35776	102193	2.86	0	10
ptg007169l_1_region	35776	102193	2.86	0	10
ptg007170l_1	66776	44332	0.66	0	5
ptg007170l_1_region	66776	44332	0.66	0	5
ptg007171l_1	228062	804063	3.53	0	13
ptg007171l_1_region	228062	804063	3.53	0	13
ptg007172l_1	81782	67560	0.83	0	7
ptg007172l_1_region	81782	67560	0.83	0	7
ptg007173l_1	52431	182914	3.49	0	13
ptg007173l_1_region	52431	182914	3.49	0	13
ptg007174l_1	162560	1015022	6.24	0	24
ptg007174l_1_region	162560	1015022	6.24	0	24
ptg007180l_1	417515	1538991	3.69	0	68
ptg007180l_1_region	417515	1538991	3.69	0	68
ptg007184l_1	501716	1825939	3.64	0	35
ptg007184l_1_region	501716	1825939	3.64	0	35
ptg007185l_1	123710	475836	3.85	0	25
ptg007185l_1_region	123710	475836	3.85	0	25
ptg007187l_1	547784	1633968	2.98	0	27
ptg007187l_1_region	547784	1633968	2.98	0	27
ptg007188l_1	686211	2723563	3.97	0	15
ptg007188l_1_region	686211	2723563	3.97	0	15
ptg007192l_1	206183	1436102	6.97	0	26
ptg007192l_1_region	206183	1436102	6.97	0	26
ptg007194l_1	177761	541260	3.04	0	10
ptg007194l_1_region	177761	541260	3.04	0	10
ptg007195l_1	25428	178717	7.03	0	28
ptg007195l_1_region	25428	178717	7.03	0	28
ptg007198l_1	770518	89633	0.12	0	15
ptg007198l_1_region	770518	89633	0.12	0	15
ptg007201l_1	23191	26942	1.16	0	4
ptg007201l_1_region	23191	26942	1.16	0	4
ptg007202l_1	88505	275403	3.11	0	10
ptg007202l_1_region	88505	275403	3.11	0	10
ptg007204l_1	828700	3000008	3.62	0	21
ptg007204l_1_region	828700	3000008	3.62	0	21
ptg007205l_1	194262	512623	2.64	0	16
ptg007205l_1_region	194262	512623	2.64	0	16
ptg007206l_1	200884	825946	4.11	0	17
ptg007206l_1_region	200884	825946	4.11	0	17
ptg007207l_1	295939	1162510	3.93	0	22
ptg007207l_1_region	295939	1162510	3.93	0	22
ptg007210l_1	172805	591746	3.42	0	9
ptg007210l_1_region	172805	591746	3.42	0	9
ptg007212l_1	71307	16578	0.23	0	2
ptg007212l_1_region	71307	16578	0.23	0	2
ptg007215l_1	345370	2181359	6.32	0	54
ptg007215l_1_region	345370	2181359	6.32	0	54
ptg007219l_1	114890	18442	0.16	0	1
ptg007219l_1_region	114890	18442	0.16	0	1
ptg007220l_1	3179358	518116	0.16	0	19
ptg007220l_1_region	3179358	518116	0.16	0	19
ptg007221l_1	578176	1639044	2.83	0	21
ptg007221l_1_region	578176	1639044	2.83	0	21
ptg007222l_1	289050	1112658	3.85	0	14
ptg007222l_1_region	289050	1112658	3.85	0	14
ptg007224l_1	368736	1332949	3.61	0	24
ptg007224l_1_region	368736	1332949	3.61	0	24
ptg007230l_1	26726	44874	1.68	0	5
ptg007230l_1_region	26726	44874	1.68	0	5
ptg007237l_1	374184	1533634	4.10	0	268
ptg007237l_1_region	374184	1533634	4.10	0	268
ptg007249l_1	611992	2976061	4.86	0	17
ptg007249l_1_region	611992	2976061	4.86	0	17
ptg007252l_1	315406	2206155	6.99	0	219
ptg007252l_1_region	315406	2206155	6.99	0	219
ptg007256l_1	260605	88533	0.34	0	8
ptg007256l_1_region	260605	88533	0.34	0	8
ptg007257l_1	317352	41922	0.13	0	2
ptg007257l_1_region	317352	41922	0.13	0	2
ptg007258l_1	353395	171779	0.49	0	7
ptg007258l_1_region	353395	171779	0.49	0	7
ptg007260l_1	479927	1376547	2.87	0	17
ptg007260l_1_region	479927	1376547	2.87	0	17
ptg007261l_1	111456	526602	4.72	0	10
ptg007261l_1_region	111456	526602	4.72	0	10
ptg007262l_1	385375	664590	1.72	0	13
ptg007262l_1_region	385375	664590	1.72	0	13
ptg007265l_1	487335	2151470	4.41	0	13
ptg007265l_1_region	487335	2151470	4.41	0	13
ptg007266l_1	482367	166699	0.35	0	11
ptg007266l_1_region	482367	166699	0.35	0	11
ptg007268l_1	138596	245465	1.77	0	13
ptg007268l_1_region	138596	245465	1.77	0	13
ptg007269l_1	96313	382778	3.97	0	13
ptg007269l_1_region	96313	382778	3.97	0	13
ptg007270l_1	341863	1619328	4.74	0	15
ptg007270l_1_region	341863	1619328	4.74	0	15
ptg007274l_1	83446	280040	3.36	0	10
ptg007274l_1_region	83446	280040	3.36	0	10
ptg007275l_1	82149	478043	5.82	0	18
ptg007275l_1_region	82149	478043	5.82	0	18
ptg007276l_1	29094	198188	6.81	0	14
ptg007276l_1_region	29094	198188	6.81	0	14
ptg007278l_1	133360	534477	4.01	0	24
ptg007278l_1_region	133360	534477	4.01	0	24
ptg007279l_1	243560	1039868	4.27	0	27
ptg007279l_1_region	243560	1039868	4.27	0	27
ptg007280l_1	62706	113759	1.81	0	11
ptg007280l_1_region	62706	113759	1.81	0	11
ptg007282l_1	311803	888339	2.85	0	13
ptg007282l_1_region	311803	888339	2.85	0	13
ptg007283l_1	122602	683098	5.57	0	20
ptg007283l_1_region	122602	683098	5.57	0	20
ptg007285l_1	130184	378185	2.91	0	13
ptg007285l_1_region	130184	378185	2.91	0	13
ptg007286l_1	58728	159252	2.71	0	9
ptg007286l_1_region	58728	159252	2.71	0	9
ptg007287l_1	32240	40544	1.26	0	6
ptg007287l_1_region	32240	40544	1.26	0	6
ptg007291l_1	193093	338589	1.75	0	10
ptg007291l_1_region	193093	338589	1.75	0	10
ptg007292l_1	138689	485977	3.50	0	28
ptg007292l_1_region	138689	485977	3.50	0	28
ptg007297l_1	214914	469808	2.19	0	18
ptg007297l_1_region	214914	469808	2.19	0	18
ptg007298l_1	34053	338491	9.94	0	38
ptg007298l_1_region	34053	338491	9.94	0	38
ptg007303l_1	160011	512218	3.20	0	14
ptg007303l_1_region	160011	512218	3.20	0	14
ptg007305l_1	93053	474479	5.10	0	13
ptg007305l_1_region	93053	474479	5.10	0	13
ptg007306l_1	198325	1015119	5.12	0	148
ptg007306l_1_region	198325	1015119	5.12	0	148
ptg007308l_1	266811	1078886	4.04	0	17
ptg007308l_1_region	266811	1078886	4.04	0	17
ptg007311l_1	65902	313656	4.76	0	28
ptg007311l_1_region	65902	313656	4.76	0	28
ptg007312l_1	693673	1216406	1.75	0	30
ptg007312l_1_region	693673	1216406	1.75	0	30
ptg007313l_1	121395	333944	2.75	0	19
ptg007313l_1_region	121395	333944	2.75	0	19
ptg007314l_1	448969	1974463	4.40	0	22
ptg007314l_1_region	448969	1974463	4.40	0	22
ptg007315l_1	195251	518674	2.66	0	12
ptg007315l_1_region	195251	518674	2.66	0	12
ptg007322l_1	74787	166592	2.23	0	9
ptg007322l_1_region	74787	166592	2.23	0	9
ptg007324l_1	215898	628727	2.91	0	20
ptg007324l_1_region	215898	628727	2.91	0	20
ptg007327l_1	321548	1016554	3.16	0	12
ptg007327l_1_region	321548	1016554	3.16	0	12
ptg007328l_1	377541	2053642	5.44	0	20
ptg007328l_1_region	377541	2053642	5.44	0	20
ptg007330l_1	165991	454755	2.74	0	12
ptg007330l_1_region	165991	454755	2.74	0	12
ptg007334l_1	165505	536289	3.24	0	12
ptg007334l_1_region	165505	536289	3.24	0	12
ptg007337l_1	150874	695347	4.61	0	39
ptg007337l_1_region	150874	695347	4.61	0	39
ptg007339l_1	73873	230431	3.12	0	11
ptg007339l_1_region	73873	230431	3.12	0	11
ptg007340l_1	389404	1886989	4.85	0	23
ptg007340l_1_region	389404	1886989	4.85	0	23
ptg007342l_1	84338	315844	3.74	0	12
ptg007342l_1_region	84338	315844	3.74	0	12
ptg007344l_1	447988	2551994	5.70	0	34
ptg007344l_1_region	447988	2551994	5.70	0	34
ptg007347l_1	98028	465189	4.75	0	29
ptg007347l_1_region	98028	465189	4.75	0	29
ptg007349l_1	111151	237844	2.14	0	8
ptg007349l_1_region	111151	237844	2.14	0	8
ptg007350l_1	110046	372214	3.38	0	17
ptg007350l_1_region	110046	372214	3.38	0	17
ptg007351l_1	285390	427992	1.50	0	50
ptg007351l_1_region	285390	427992	1.50	0	50
ptg007354l_1	52868	170716	3.23	0	12
ptg007354l_1_region	52868	170716	3.23	0	12
ptg007355l_1	156595	372731	2.38	0	11
ptg007355l_1_region	156595	372731	2.38	0	11
ptg007356l_1	129484	1202592	9.29	0	22
ptg007356l_1_region	129484	1202592	9.29	0	22
ptg007357l_1	103351	248949	2.41	0	14
ptg007357l_1_region	103351	248949	2.41	0	14
ptg007359l_1	312516	470473	1.51	0	13
ptg007359l_1_region	312516	470473	1.51	0	13
ptg007364l_1	151218	468163	3.10	0	17
ptg007364l_1_region	151218	468163	3.10	0	17
ptg007365l_1	324310	1032610	3.18	0	21
ptg007365l_1_region	324310	1032610	3.18	0	21
ptg007366l_1	44231	80634	1.82	0	5
ptg007366l_1_region	44231	80634	1.82	0	5
ptg007368l_1	170636	585117	3.43	0	18
ptg007368l_1_region	170636	585117	3.43	0	18
ptg007370l_1	211636	1314468	6.21	0	21
ptg007370l_1_region	211636	1314468	6.21	0	21
ptg007371l_1	144825	411539	2.84	0	18
ptg007371l_1_region	144825	411539	2.84	0	18
ptg007373l_1	768865	3065535	3.99	0	18
ptg007373l_1_region	768865	3065535	3.99	0	18
ptg007374l_1	164537	379600	2.31	0	12
ptg007374l_1_region	164537	379600	2.31	0	12
ptg007375l_1	86671	90288	1.04	0	10
ptg007375l_1_region	86671	90288	1.04	0	10
ptg007379l_1	256298	1316161	5.14	0	43
ptg007379l_1_region	256298	1316161	5.14	0	43
ptg007381l_1	239177	812843	3.40	0	16
ptg007381l_1_region	239177	812843	3.40	0	16
ptg007383l_1	29494	173640	5.89	0	32
ptg007383l_1_region	29494	173640	5.89	0	32
ptg007384l_1	179645	108697	0.61	0	11
ptg007384l_1_region	179645	108697	0.61	0	11
ptg007388l_1	260831	1444413	5.54	0	35
ptg007388l_1_region	260831	1444413	5.54	0	35
ptg007390l_1	613180	369552	0.60	0	12
ptg007390l_1_region	613180	369552	0.60	0	12
ptg007394l_1	211037	721413	3.42	0	10
ptg007394l_1_region	211037	721413	3.42	0	10
ptg007396l_1	30884	76594	2.48	0	6
ptg007396l_1_region	30884	76594	2.48	0	6
ptg007399l_1	120744	400749	3.32	0	17
ptg007399l_1_region	120744	400749	3.32	0	17
ptg007400l_1	576427	2163088	3.75	0	20
ptg007400l_1_region	576427	2163088	3.75	0	20
ptg007403l_1	105327	389292	3.70	0	27
ptg007403l_1_region	105327	389292	3.70	0	27
ptg007404l_1	185465	688632	3.71	0	17
ptg007404l_1_region	185465	688632	3.71	0	17
ptg007405l_1	435081	1527439	3.51	0	14
ptg007405l_1_region	435081	1527439	3.51	0	14
ptg007407l_1	361684	1446968	4.00	0	14
ptg007407l_1_region	361684	1446968	4.00	0	14
ptg007410l_1	117282	266154	2.27	0	29
ptg007410l_1_region	117282	266154	2.27	0	29
ptg007411l_1	339346	1507648	4.44	0	47
ptg007411l_1_region	339346	1507648	4.44	0	47
ptg007413l_1	563767	2987311	5.30	0	29
ptg007413l_1_region	563767	2987311	5.30	0	29
ptg007416l_1	189913	6118	0.03	0	4
ptg007416l_1_region	189913	6118	0.03	0	4
ptg007418l_1	53458	272543	5.10	0	17
ptg007418l_1_region	53458	272543	5.10	0	17
ptg007420l_1	73002	208157	2.85	0	9
ptg007420l_1_region	73002	208157	2.85	0	9
ptg007422l_1	90100	259043	2.88	0	27
ptg007422l_1_region	90100	259043	2.88	0	27
ptg007428l_1	248901	828714	3.33	0	13
ptg007428l_1_region	248901	828714	3.33	0	13
ptg007430l_1	24316	48551	2.00	0	8
ptg007430l_1_region	24316	48551	2.00	0	8
ptg007433l_1	364304	1006217	2.76	0	17
ptg007433l_1_region	364304	1006217	2.76	0	17
ptg007434l_1	218923	385448	1.76	0	7
ptg007434l_1_region	218923	385448	1.76	0	7
ptg007437l_1	32976	119796	3.63	0	10
ptg007437l_1_region	32976	119796	3.63	0	10
ptg007438l_1	175521	22760	0.13	0	3
ptg007438l_1_region	175521	22760	0.13	0	3
ptg007439l_1	280748	1290438	4.60	0	98
ptg007439l_1_region	280748	1290438	4.60	0	98
ptg007445l_1	70172	231468	3.30	0	10
ptg007445l_1_region	70172	231468	3.30	0	10
ptg007446l_1	479313	1685169	3.52	0	30
ptg007446l_1_region	479313	1685169	3.52	0	30
ptg007447l_1	511479	2125992	4.16	0	25
ptg007447l_1_region	511479	2125992	4.16	0	25
ptg007451l_1	13874	84596	6.10	0	10
ptg007451l_1_region	13874	84596	6.10	0	10
ptg007456l_1	34858	115942	3.33	0	8
ptg007456l_1_region	34858	115942	3.33	0	8
ptg007463l_1	213839	972162	4.55	0	13
ptg007463l_1_region	213839	972162	4.55	0	13
ptg007464l_1	182141	400351	2.20	0	12
ptg007464l_1_region	182141	400351	2.20	0	12
ptg007467l_1	98057	390911	3.99	0	10
ptg007467l_1_region	98057	390911	3.99	0	10
ptg007468l_1	234389	3082761	13.15	0	176
ptg007468l_1_region	234389	3082761	13.15	0	176
ptg007469l_1	387922	2155097	5.56	0	21
ptg007469l_1_region	387922	2155097	5.56	0	21
ptg007470l_1	427815	2254125	5.27	0	18
ptg007470l_1_region	427815	2254125	5.27	0	18
ptg007472l_1	152121	558751	3.67	0	14
ptg007472l_1_region	152121	558751	3.67	0	14
ptg007474l_1	18110	27712	1.53	0	4
ptg007474l_1_region	18110	27712	1.53	0	4
ptg007477l_1	392290	1652968	4.21	0	17
ptg007477l_1_region	392290	1652968	4.21	0	17
ptg007478l_1	125537	411598	3.28	0	12
ptg007478l_1_region	125537	411598	3.28	0	12
ptg007480l_1	1165968	5167922	4.43	0	34
ptg007480l_1_region	1165968	5167922	4.43	0	34
ptg007481l_1	272199	825716	3.03	0	15
ptg007481l_1_region	272199	825716	3.03	0	15
ptg007482l_1	168729	727789	4.31	0	16
ptg007482l_1_region	168729	727789	4.31	0	16
ptg007485l_1	273403	1735494	6.35	0	17
ptg007485l_1_region	273403	1735494	6.35	0	17
ptg007486l_1	169555	878111	5.18	0	14
ptg007486l_1_region	169555	878111	5.18	0	14
ptg007487l_1	430097	1514442	3.52	0	24
ptg007487l_1_region	430097	1514442	3.52	0	24
ptg007488l_1	96837	411788	4.25	0	11
ptg007488l_1_region	96837	411788	4.25	0	11
ptg007491l_1	163311	768812	4.71	0	12
ptg007491l_1_region	163311	768812	4.71	0	12
ptg007493l_1	594311	2079859	3.50	0	16
ptg007493l_1_region	594311	2079859	3.50	0	16
ptg007495l_1	118275	624925	5.28	0	13
ptg007495l_1_region	118275	624925	5.28	0	13
ptg007496l_1	260981	1208248	4.63	0	13
ptg007496l_1_region	260981	1208248	4.63	0	13
ptg007498l_1	213939	439992	2.06	0	12
ptg007498l_1_region	213939	439992	2.06	0	12
ptg007499l_1	283792	1293228	4.56	0	20
ptg007499l_1_region	283792	1293228	4.56	0	20
ptg007500l_1	288921	993352	3.44	0	13
ptg007500l_1_region	288921	993352	3.44	0	13
ptg007504l_1	83581	340672	4.08	0	19
ptg007504l_1_region	83581	340672	4.08	0	19
ptg007505l_1	514186	2822438	5.49	0	38
ptg007505l_1_region	514186	2822438	5.49	0	38
ptg007508l_1	122565	83083	0.68	0	16
ptg007508l_1_region	122565	83083	0.68	0	16
ptg007509l_1	17352	24604	1.42	0	5
ptg007509l_1_region	17352	24604	1.42	0	5
ptg007510l_1	233438	1610727	6.90	0	21
ptg007510l_1_region	233438	1610727	6.90	0	21
ptg007511l_1	10042	53141	5.29	0	11
ptg007511l_1_region	10042	53141	5.29	0	11
ptg007513l_1	138943	555347	4.00	0	11
ptg007513l_1_region	138943	555347	4.00	0	11
ptg007514l_1	784610	4178003	5.32	0	16
ptg007514l_1_region	784610	4178003	5.32	0	16
ptg007516l_1	518305	1864188	3.60	0	14
ptg007516l_1_region	518305	1864188	3.60	0	14
ptg007519l_1	120653	434095	3.60	0	11
ptg007519l_1_region	120653	434095	3.60	0	11
ptg007520l_1	343020	1700740	4.96	0	15
ptg007520l_1_region	343020	1700740	4.96	0	15
ptg007522l_1	84109	370171	4.40	0	16
ptg007522l_1_region	84109	370171	4.40	0	16
ptg007526l_1	13342	79886	5.99	0	16
ptg007526l_1_region	13342	79886	5.99	0	16
ptg007527l_1	157563	553180	3.51	0	12
ptg007527l_1_region	157563	553180	3.51	0	12
ptg007528l_1	144763	424945	2.94	0	10
ptg007528l_1_region	144763	424945	2.94	0	10
ptg007529l_1	362067	1005832	2.78	0	12
ptg007529l_1_region	362067	1005832	2.78	0	12
ptg007532l_1	268411	1036383	3.86	0	14
ptg007532l_1_region	268411	1036383	3.86	0	14
ptg007535l_1	499685	1470403	2.94	0	13
ptg007535l_1_region	499685	1470403	2.94	0	13
ptg007537l_1	99485	390830	3.93	0	10
ptg007537l_1_region	99485	390830	3.93	0	10
ptg007538l_1	135812	647766	4.77	0	15
ptg007538l_1_region	135812	647766	4.77	0	15
ptg007539l_1	336536	1317164	3.91	0	13
ptg007539l_1_region	336536	1317164	3.91	0	13
ptg007542l_1	71996	323564	4.49	0	22
ptg007542l_1_region	71996	323564	4.49	0	22
ptg007544l_1	61627	209544	3.40	0	26
ptg007544l_1_region	61627	209544	3.40	0	26
ptg007545l_1	258041	2116659	8.20	0	105
ptg007545l_1_region	258041	2116659	8.20	0	105
ptg007546l_1	137567	573226	4.17	0	10
ptg007546l_1_region	137567	573226	4.17	0	10
ptg007549l_1	68492	246794	3.60	0	14
ptg007549l_1_region	68492	246794	3.60	0	14
ptg007552l_1	745662	3852352	5.17	0	28
ptg007552l_1_region	745662	3852352	5.17	0	28
ptg007555l_1	420194	2169278	5.16	0	31
ptg007555l_1_region	420194	2169278	5.16	0	31
ptg007556l_1	349629	1685625	4.82	0	13
ptg007556l_1_region	349629	1685625	4.82	0	13
ptg007561l_1	49897	164463	3.30	0	12
ptg007561l_1_region	49897	164463	3.30	0	12
ptg007562l_1	43029	118121	2.75	0	7
ptg007562l_1_region	43029	118121	2.75	0	7
ptg007564l_1	783232	4298545	5.49	0	16
ptg007564l_1_region	783232	4298545	5.49	0	16
ptg007565l_1	86234	418698	4.86	0	19
ptg007565l_1_region	86234	418698	4.86	0	19
ptg007567l_1	195685	617193	3.15	0	15
ptg007567l_1_region	195685	617193	3.15	0	15
ptg007568l_1	270397	559501	2.07	0	36
ptg007568l_1_region	270397	559501	2.07	0	36
ptg007569l_1	108253	549673	5.08	0	18
ptg007569l_1_region	108253	549673	5.08	0	18
ptg007571l_1	344480	1382436	4.01	0	13
ptg007571l_1_region	344480	1382436	4.01	0	13
ptg007572l_1	276020	1268012	4.59	0	33
ptg007572l_1_region	276020	1268012	4.59	0	33
ptg007575l_1	383279	1765180	4.61	0	29
ptg007575l_1_region	383279	1765180	4.61	0	29
ptg007576l_1	225780	775535	3.43	0	21
ptg007576l_1_region	225780	775535	3.43	0	21
ptg007579l_1	14073	24385	1.73	0	7
ptg007579l_1_region	14073	24385	1.73	0	7
ptg007581l_1	204465	2790179	13.65	0	157
ptg007581l_1_region	204465	2790179	13.65	0	157
ptg007582l_1	91398	281412	3.08	0	15
ptg007582l_1_region	91398	281412	3.08	0	15
ptg007583l_1	59827	128859	2.15	0	10
ptg007583l_1_region	59827	128859	2.15	0	10
ptg007590l_1	45103	125619	2.79	0	11
ptg007590l_1_region	45103	125619	2.79	0	11
ptg007591l_1	284611	1497284	5.26	0	29
ptg007591l_1_region	284611	1497284	5.26	0	29
ptg007592l_1	183492	83129	0.45	0	10
ptg007592l_1_region	183492	83129	0.45	0	10
ptg007593l_1	27166	42448	1.56	0	4
ptg007593l_1_region	27166	42448	1.56	0	4
ptg007597l_1	415016	1878634	4.53	0	16
ptg007597l_1_region	415016	1878634	4.53	0	16
ptg007598l_1	232203	1191924	5.13	0	20
ptg007598l_1_region	232203	1191924	5.13	0	20
ptg007604l_1	467268	2019054	4.32	0	15
ptg007604l_1_region	467268	2019054	4.32	0	15
ptg007605l_1	187664	763914	4.07	0	16
ptg007605l_1_region	187664	763914	4.07	0	16
ptg007607l_1	268466	1461006	5.44	0	46
ptg007607l_1_region	268466	1461006	5.44	0	46
ptg007608l_1	65645	165204	2.52	0	7
ptg007608l_1_region	65645	165204	2.52	0	7
ptg007613l_1	332953	1497240	4.50	0	14
ptg007613l_1_region	332953	1497240	4.50	0	14
ptg007614l_1	88465	379500	4.29	0	16
ptg007614l_1_region	88465	379500	4.29	0	16
ptg007616l_1	115790	350568	3.03	0	11
ptg007616l_1_region	115790	350568	3.03	0	11
ptg007619l_1	262449	1538523	5.86	0	29
ptg007619l_1_region	262449	1538523	5.86	0	29
ptg007623l_1	176166	742296	4.21	0	15
ptg007623l_1_region	176166	742296	4.21	0	15
ptg007626l_1	205567	1125865	5.48	0	24
ptg007626l_1_region	205567	1125865	5.48	0	24
ptg007628l_1	90086	411084	4.56	0	18
ptg007628l_1_region	90086	411084	4.56	0	18
ptg007629l_1	172537	716627	4.15	0	12
ptg007629l_1_region	172537	716627	4.15	0	12
ptg007630l_1	120965	578869	4.79	0	18
ptg007630l_1_region	120965	578869	4.79	0	18
ptg007632l_1	36566	152169	4.16	0	9
ptg007632l_1_region	36566	152169	4.16	0	9
ptg007634l_1	110711	888741	8.03	0	19
ptg007634l_1_region	110711	888741	8.03	0	19
ptg007638l_1	337716	2010283	5.95	0	19
ptg007638l_1_region	337716	2010283	5.95	0	19
ptg007640l_1	55956	194704	3.48	0	10
ptg007640l_1_region	55956	194704	3.48	0	10
ptg007642l_1	811615	3436064	4.23	0	15
ptg007642l_1_region	811615	3436064	4.23	0	15
ptg007644l_1	230304	723887	3.14	0	14
ptg007644l_1_region	230304	723887	3.14	0	14
ptg007645l_1	79221	41809	0.53	0	6
ptg007645l_1_region	79221	41809	0.53	0	6
ptg007646l_1	136241	794266	5.83	0	31
ptg007646l_1_region	136241	794266	5.83	0	31
ptg007648l_1	215522	1237096	5.74	0	49
ptg007648l_1_region	215522	1237096	5.74	0	49
ptg007649l_1	130711	186327	1.43	0	9
ptg007649l_1_region	130711	186327	1.43	0	9
ptg007650l_1	626341	2568696	4.10	0	25
ptg007650l_1_region	626341	2568696	4.10	0	25
ptg007653l_1	72016	207004	2.87	0	13
ptg007653l_1_region	72016	207004	2.87	0	13
ptg007655l_1	177094	667795	3.77	0	16
ptg007655l_1_region	177094	667795	3.77	0	16
ptg007657l_1	264383	514884	1.95	0	9
ptg007657l_1_region	264383	514884	1.95	0	9
ptg007658l_1	158481	605054	3.82	0	17
ptg007658l_1_region	158481	605054	3.82	0	17
ptg007659l_1	276792	852229	3.08	0	11
ptg007659l_1_region	276792	852229	3.08	0	11
ptg007662l_1	79368	402800	5.08	0	13
ptg007662l_1_region	79368	402800	5.08	0	13
ptg007665l_1	235273	1123067	4.77	0	17
ptg007665l_1_region	235273	1123067	4.77	0	17
ptg007667l_1	275905	868083	3.15	0	11
ptg007667l_1_region	275905	868083	3.15	0	11
ptg007671l_1	367261	668622	1.82	0	12
ptg007671l_1_region	367261	668622	1.82	0	12
ptg007678l_1	186092	770211	4.14	0	12
ptg007678l_1_region	186092	770211	4.14	0	12
ptg007680l_1	202367	534634	2.64	0	34
ptg007680l_1_region	202367	534634	2.64	0	34
ptg007681l_1	114138	442147	3.87	0	15
ptg007681l_1_region	114138	442147	3.87	0	15
ptg007685l_1	254148	896371	3.53	0	10
ptg007685l_1_region	254148	896371	3.53	0	10
ptg007688l_1	213938	1000063	4.67	0	16
ptg007688l_1_region	213938	1000063	4.67	0	16
ptg007690l_1	111310	487519	4.38	0	15
ptg007690l_1_region	111310	487519	4.38	0	15
ptg007693l_1	170159	662534	3.89	0	15
ptg007693l_1_region	170159	662534	3.89	0	15
ptg007695l_1	42720	3364923	78.77	1	276
ptg007695l_1_region	42720	3364923	78.77	1	276
ptg007696l_1	14787	41128	2.78	0	5
ptg007696l_1_region	14787	41128	2.78	0	5
ptg007698l_1	457988	1641843	3.58	0	17
ptg007698l_1_region	457988	1641843	3.58	0	17
ptg007700l_1	525613	2603950	4.95	0	17
ptg007700l_1_region	525613	2603950	4.95	0	17
ptg007701l_1	269019	872461	3.24	0	8
ptg007701l_1_region	269019	872461	3.24	0	8
ptg007704l_1	165257	847268	5.13	0	24
ptg007704l_1_region	165257	847268	5.13	0	24
ptg007705l_1	292968	1421250	4.85	0	16
ptg007705l_1_region	292968	1421250	4.85	0	16
ptg007707l_1	200486	1485230	7.41	0	58
ptg007707l_1_region	200486	1485230	7.41	0	58
ptg007708l_1	333202	1340436	4.02	0	13
ptg007708l_1_region	333202	1340436	4.02	0	13
ptg007709l_1	140875	637249	4.52	0	13
ptg007709l_1_region	140875	637249	4.52	0	13
ptg007710l_1	303164	1252999	4.13	0	16
ptg007710l_1_region	303164	1252999	4.13	0	16
ptg007714l_1	130100	521386	4.01	0	14
ptg007714l_1_region	130100	521386	4.01	0	14
ptg007715l_1	191780	990099	5.16	0	19
ptg007715l_1_region	191780	990099	5.16	0	19
ptg007716l_1	219619	1096479	4.99	0	26
ptg007716l_1_region	219619	1096479	4.99	0	26
ptg007718l_1	741817	3145971	4.24	0	16
ptg007718l_1_region	741817	3145971	4.24	0	16
ptg007720l_1	281151	1316144	4.68	0	17
ptg007720l_1_region	281151	1316144	4.68	0	17
ptg007722l_1	55216	133295	2.41	0	6
ptg007722l_1_region	55216	133295	2.41	0	6
ptg007723l_1	224627	764728	3.40	0	22
ptg007723l_1_region	224627	764728	3.40	0	22
ptg007725l_1	160740	687206	4.28	0	13
ptg007725l_1_region	160740	687206	4.28	0	13
ptg007727l_1	875926	5490029	6.27	0	61
ptg007727l_1_region	875926	5490029	6.27	0	61
ptg007728l_1	125844	239201	1.90	0	14
ptg007728l_1_region	125844	239201	1.90	0	14
ptg007729l_1	185574	579518	3.12	0	13
ptg007729l_1_region	185574	579518	3.12	0	13
ptg007731l_1	260504	1152925	4.43	0	17
ptg007731l_1_region	260504	1152925	4.43	0	17
ptg007732l_1	255820	1057512	4.13	0	15
ptg007732l_1_region	255820	1057512	4.13	0	15
ptg007733l_1	59113	207331	3.51	0	9
ptg007733l_1_region	59113	207331	3.51	0	9
ptg007738l_1	404139	1425393	3.53	0	13
ptg007738l_1_region	404139	1425393	3.53	0	13
ptg007739l_1	72436	249012	3.44	0	10
ptg007739l_1_region	72436	249012	3.44	0	10
ptg007741l_1	426388	1961158	4.60	0	15
ptg007741l_1_region	426388	1961158	4.60	0	15
ptg007743l_1	212416	935044	4.40	0	43
ptg007743l_1_region	212416	935044	4.40	0	43
ptg007744l_1	88435	493927	5.59	0	19
ptg007744l_1_region	88435	493927	5.59	0	19
ptg007748l_1	176809	624718	3.53	0	17
ptg007748l_1_region	176809	624718	3.53	0	17
ptg007749l_1	284185	1453784	5.12	0	16
ptg007749l_1_region	284185	1453784	5.12	0	16
ptg007753l_1	10270	38300	3.73	0	8
ptg007753l_1_region	10270	38300	3.73	0	8
ptg007754l_1	81930	311145	3.80	0	11
ptg007754l_1_region	81930	311145	3.80	0	11
ptg007756l_1	59337	300437	5.06	0	12
ptg007756l_1_region	59337	300437	5.06	0	12
ptg007758l_1	323397	1070234	3.31	0	23
ptg007758l_1_region	323397	1070234	3.31	0	23
ptg007759l_1	36337	183401	5.05	0	15
ptg007759l_1_region	36337	183401	5.05	0	15
ptg007760l_1	114390	392771	3.43	0	13
ptg007760l_1_region	114390	392771	3.43	0	13
ptg007761l_1	81339	222543	2.74	0	8
ptg007761l_1_region	81339	222543	2.74	0	8
ptg007764l_1	58462	243840	4.17	0	13
ptg007764l_1_region	58462	243840	4.17	0	13
ptg007770l_1	608945	2491621	4.09	0	20
ptg007770l_1_region	608945	2491621	4.09	0	20
ptg007771l_1	366769	1350255	3.68	0	17
ptg007771l_1_region	366769	1350255	3.68	0	17
ptg007777l_1	81100	298339	3.68	0	8
ptg007777l_1_region	81100	298339	3.68	0	8
ptg007779l_1	25625	98041	3.83	0	13
ptg007779l_1_region	25625	98041	3.83	0	13
ptg007780l_1	377190	1993202	5.28	0	14
ptg007780l_1_region	377190	1993202	5.28	0	14
ptg007781l_1	66758	337271	5.05	0	12
ptg007781l_1_region	66758	337271	5.05	0	12
ptg007782l_1	131909	610030	4.62	0	11
ptg007782l_1_region	131909	610030	4.62	0	11
ptg007784l_1	539047	3257714	6.04	0	16
ptg007784l_1_region	539047	3257714	6.04	0	16
ptg007785l_1	547235	3015795	5.51	0	14
ptg007785l_1_region	547235	3015795	5.51	0	14
ptg007786l_1	330115	532163	1.61	0	16
ptg007786l_1_region	330115	532163	1.61	0	16
ptg007787l_1	461089	2396186	5.20	0	14
ptg007787l_1_region	461089	2396186	5.20	0	14
ptg007788l_1	65236	152002	2.33	0	9
ptg007788l_1_region	65236	152002	2.33	0	9
ptg007790l_1	170614	706753	4.14	0	13
ptg007790l_1_region	170614	706753	4.14	0	13
ptg007792l_1	445992	2355327	5.28	0	13
ptg007792l_1_region	445992	2355327	5.28	0	13
ptg007796l_1	220335	846580	3.84	0	16
ptg007796l_1_region	220335	846580	3.84	0	16
ptg007798l_1	104572	419764	4.01	0	14
ptg007798l_1_region	104572	419764	4.01	0	14
ptg007799l_1	167504	752630	4.49	0	12
ptg007799l_1_region	167504	752630	4.49	0	12
ptg007801l_1	108531	572364	5.27	0	12
ptg007801l_1_region	108531	572364	5.27	0	12
ptg007802l_1	235517	677306	2.88	0	8
ptg007802l_1_region	235517	677306	2.88	0	8
ptg007805l_1	154507	668176	4.32	0	14
ptg007805l_1_region	154507	668176	4.32	0	14
ptg007806l_1	101749	485811	4.77	0	21
ptg007806l_1_region	101749	485811	4.77	0	21
ptg007808l_1	75828	199150	2.63	0	11
ptg007808l_1_region	75828	199150	2.63	0	11
ptg007811l_1	442400	1848933	4.18	0	15
ptg007811l_1_region	442400	1848933	4.18	0	15
ptg007815l_1	485510	2619672	5.40	0	16
ptg007815l_1_region	485510	2619672	5.40	0	16
ptg007818l_1	28392	129242	4.55	0	14
ptg007818l_1_region	28392	129242	4.55	0	14
ptg007820l_1	128566	466272	3.63	0	11
ptg007820l_1_region	128566	466272	3.63	0	11
ptg007822l_1	598752	3222855	5.38	0	18
ptg007822l_1_region	598752	3222855	5.38	0	18
ptg007823l_1	141117	491005	3.48	0	10
ptg007823l_1_region	141117	491005	3.48	0	10
ptg007824l_1	26560	74410	2.80	0	6
ptg007824l_1_region	26560	74410	2.80	0	6
ptg007825l_1	194210	811243	4.18	0	12
ptg007825l_1_region	194210	811243	4.18	0	12
ptg007826l_1	307232	1040282	3.39	0	18
ptg007826l_1_region	307232	1040282	3.39	0	18
ptg007828l_1	526965	2495271	4.74	0	16
ptg007828l_1_region	526965	2495271	4.74	0	16
ptg007830l_1	285529	966165	3.38	0	15
ptg007830l_1_region	285529	966165	3.38	0	15
ptg007832l_1	136298	421818	3.09	0	11
ptg007832l_1_region	136298	421818	3.09	0	11
ptg007834l_1	72050	329380	4.57	0	14
ptg007834l_1_region	72050	329380	4.57	0	14
ptg007841l_1	228141	1301100	5.70	0	20
ptg007841l_1_region	228141	1301100	5.70	0	20
ptg007846l_1	768577	4206973	5.47	0	20
ptg007846l_1_region	768577	4206973	5.47	0	20
ptg007855l_1	104696	346046	3.31	0	12
ptg007855l_1_region	104696	346046	3.31	0	12
ptg007856l_1	32184	67281	2.09	0	9
ptg007856l_1_region	32184	67281	2.09	0	9
ptg007857l_1	215479	1084692	5.03	0	18
ptg007857l_1_region	215479	1084692	5.03	0	18
ptg007863l_1	201341	561029	2.79	0	16
ptg007863l_1_region	201341	561029	2.79	0	16
ptg007865l_1	101710	387834	3.81	0	15
ptg007865l_1_region	101710	387834	3.81	0	15
ptg007868l_1	254104	1087717	4.28	0	12
ptg007868l_1_region	254104	1087717	4.28	0	12
ptg007871l_1	238797	1482942	6.21	0	20
ptg007871l_1_region	238797	1482942	6.21	0	20
ptg007873l_1	6354	47053	7.41	1	11
ptg007873l_1_region	6354	47053	7.41	1	11
ptg007875l_1	202991	863056	4.25	0	24
ptg007875l_1_region	202991	863056	4.25	0	24
ptg007884l_1	361540	1413533	3.91	0	18
ptg007884l_1_region	361540	1413533	3.91	0	18
ptg007886l_1	71493	291666	4.08	0	13
ptg007886l_1_region	71493	291666	4.08	0	13
ptg007887l_1	113060	421741	3.73	0	11
ptg007887l_1_region	113060	421741	3.73	0	11
ptg007889l_1	32690	191806	5.87	0	37
ptg007889l_1_region	32690	191806	5.87	0	37
ptg007890l_1	321719	1417932	4.41	0	16
ptg007890l_1_region	321719	1417932	4.41	0	16
ptg007895l_1	431814	1746816	4.05	0	92
ptg007895l_1_region	431814	1746816	4.05	0	92
ptg007896l_1	395735	1959262	4.95	0	51
ptg007896l_1_region	395735	1959262	4.95	0	51
ptg007898l_1	225543	894058	3.96	0	14
ptg007898l_1_region	225543	894058	3.96	0	14
ptg007905l_1	53617	221166	4.12	0	15
ptg007905l_1_region	53617	221166	4.12	0	15
ptg007910l_1	400443	1298318	3.24	0	14
ptg007910l_1_region	400443	1298318	3.24	0	14
ptg007912l_1	280911	1235013	4.40	0	20
ptg007912l_1_region	280911	1235013	4.40	0	20
ptg007913l_1	224857	1176140	5.23	0	17
ptg007913l_1_region	224857	1176140	5.23	0	17
ptg007914l_1	154054	836651	5.43	0	24
ptg007914l_1_region	154054	836651	5.43	0	24
ptg007915l_1	883979	4765753	5.39	0	47
ptg007915l_1_region	883979	4765753	5.39	0	47
ptg007922l_1	147360	715488	4.86	0	13
ptg007922l_1_region	147360	715488	4.86	0	13
ptg007925l_1	116625	511315	4.38	0	17
ptg007925l_1_region	116625	511315	4.38	0	17
ptg007926l_1	162096	311290	1.92	0	9
ptg007926l_1_region	162096	311290	1.92	0	9
ptg007927l_1	80375	183099	2.28	0	6
ptg007927l_1_region	80375	183099	2.28	0	6
ptg007928l_1	289777	1255600	4.33	0	52
ptg007928l_1_region	289777	1255600	4.33	0	52
ptg007931l_1	97335	208515	2.14	0	12
ptg007931l_1_region	97335	208515	2.14	0	12
ptg007934l_1	16454	97778	5.94	0	14
ptg007934l_1_region	16454	97778	5.94	0	14
ptg007935l_1	500699	2219444	4.43	0	19
ptg007935l_1_region	500699	2219444	4.43	0	19
ptg007936l_1	468466	2365388	5.05	0	14
ptg007936l_1_region	468466	2365388	5.05	0	14
ptg007937l_1	301950	2057626	6.81	0	24
ptg007937l_1_region	301950	2057626	6.81	0	24
ptg007942l_1	274520	1221442	4.45	0	13
ptg007942l_1_region	274520	1221442	4.45	0	13
ptg007943l_1	45850	157159	3.43	0	9
ptg007943l_1_region	45850	157159	3.43	0	9
ptg007944l_1	105999	415198	3.92	0	10
ptg007944l_1_region	105999	415198	3.92	0	10
ptg007946l_1	108775	59571	0.55	0	6
ptg007946l_1_region	108775	59571	0.55	0	6
ptg007947l_1	2060706	3656622	1.77	0	218
ptg007947l_1_region	2060706	3656622	1.77	0	218
ptg007951l_1	226959	945395	4.17	0	13
ptg007951l_1_region	226959	945395	4.17	0	13
ptg007952l_1	22545	58142	2.58	0	7
ptg007952l_1_region	22545	58142	2.58	0	7
ptg007953l_1	151955	514024	3.38	0	14
ptg007953l_1_region	151955	514024	3.38	0	14
ptg007954l_1	102699	403258	3.93	0	24
ptg007954l_1_region	102699	403258	3.93	0	24
ptg007955l_1	38888	61390	1.58	0	12
ptg007955l_1_region	38888	61390	1.58	0	12
ptg007956l_1	25960	71297	2.75	0	9
ptg007956l_1_region	25960	71297	2.75	0	9
ptg007959l_1	55348	155158	2.80	0	15
ptg007959l_1_region	55348	155158	2.80	0	15
ptg007960l_1	51539	166169	3.22	0	7
ptg007960l_1_region	51539	166169	3.22	0	7
ptg007963l_1	121476	226109	1.86	0	9
ptg007963l_1_region	121476	226109	1.86	0	9
ptg007965l_1	84924	390254	4.60	0	11
ptg007965l_1_region	84924	390254	4.60	0	11
ptg007966l_1	126401	683188	5.40	0	36
ptg007966l_1_region	126401	683188	5.40	0	36
ptg007967l_1	264253	1238659	4.69	0	14
ptg007967l_1_region	264253	1238659	4.69	0	14
ptg007972l_1	609060	2945026	4.84	0	18
ptg007972l_1_region	609060	2945026	4.84	0	18
ptg007974l_1	160782	564775	3.51	0	15
ptg007974l_1_region	160782	564775	3.51	0	15
ptg007976l_1	307927	1276625	4.15	0	14
ptg007976l_1_region	307927	1276625	4.15	0	14
ptg007982l_1	128332	448625	3.50	0	16
ptg007982l_1_region	128332	448625	3.50	0	16
ptg007984l_1	7904	3259	0.41	0	2
ptg007984l_1_region	7904	3259	0.41	0	2
ptg007985l_1	187851	906558	4.83	0	15
ptg007985l_1_region	187851	906558	4.83	0	15
ptg007990l_1	478137	2301271	4.81	0	21
ptg007990l_1_region	478137	2301271	4.81	0	21
ptg007994l_1	169462	618671	3.65	0	15
ptg007994l_1_region	169462	618671	3.65	0	15
ptg007997l_1	128458	795288	6.19	0	45
ptg007997l_1_region	128458	795288	6.19	0	45
ptg008004l_1	337732	656167	1.94	0	10
ptg008004l_1_region	337732	656167	1.94	0	10
ptg008006l_1	206896	630905	3.05	0	10
ptg008006l_1_region	206896	630905	3.05	0	10
ptg008008l_1	36668	105754	2.88	0	10
ptg008008l_1_region	36668	105754	2.88	0	10
ptg008009l_1	76880	169985	2.21	0	8
ptg008009l_1_region	76880	169985	2.21	0	8
ptg008010l_1	236136	740660	3.14	0	10
ptg008010l_1_region	236136	740660	3.14	0	10
ptg008011l_1	163580	849696	5.19	0	30
ptg008011l_1_region	163580	849696	5.19	0	30
ptg008012l_1	15820	114484	7.24	2	14
ptg008012l_1_region	15820	114484	7.24	2	14
ptg008015l_1	16685	56837	3.41	0	7
ptg008015l_1_region	16685	56837	3.41	0	7
ptg008017l_1	161303	603359	3.74	0	11
ptg008017l_1_region	161303	603359	3.74	0	11
ptg008018l_1	65938	198813	3.02	0	9
ptg008018l_1_region	65938	198813	3.02	0	9
ptg008020l_1	354991	1917416	5.40	0	15
ptg008020l_1_region	354991	1917416	5.40	0	15
ptg008022l_1	53167	226361	4.26	0	13
ptg008022l_1_region	53167	226361	4.26	0	13
ptg008023l_1	238669	1119229	4.69	0	13
ptg008023l_1_region	238669	1119229	4.69	0	13
ptg008024l_1	162585	509884	3.14	0	69
ptg008024l_1_region	162585	509884	3.14	0	69
ptg008028l_1	121314	451313	3.72	0	16
ptg008028l_1_region	121314	451313	3.72	0	16
ptg008031l_1	131713	619621	4.70	0	14
ptg008031l_1_region	131713	619621	4.70	0	14
ptg008033l_1	70858	409636	5.78	0	17
ptg008033l_1_region	70858	409636	5.78	0	17
ptg008035l_1	841062	7125197	8.47	0	64
ptg008035l_1_region	841062	7125197	8.47	0	64
ptg008039l_1	111640	294306	2.64	0	17
ptg008039l_1_region	111640	294306	2.64	0	17
ptg008040l_1	128416	624065	4.86	0	17
ptg008040l_1_region	128416	624065	4.86	0	17
ptg008043l_1	145388	523128	3.60	0	10
ptg008043l_1_region	145388	523128	3.60	0	10
ptg008044l_1	111210	290371	2.61	0	8
ptg008044l_1_region	111210	290371	2.61	0	8
ptg008045l_1	46683	125812	2.70	0	7
ptg008045l_1_region	46683	125812	2.70	0	7
ptg008046l_1	45013	151722	3.37	0	7
ptg008046l_1_region	45013	151722	3.37	0	7
ptg008047l_1	176473	585296	3.32	0	11
ptg008047l_1_region	176473	585296	3.32	0	11
ptg008048l_1	1075474	5288759	4.92	0	49
ptg008048l_1_region	1075474	5288759	4.92	0	49
ptg008049l_1	436907	2495564	5.71	0	398
ptg008049l_1_region	436907	2495564	5.71	0	398
ptg008052l_1	126778	585517	4.62	0	14
ptg008052l_1_region	126778	585517	4.62	0	14
ptg008054l_1	13910	56715	4.08	0	8
ptg008054l_1_region	13910	56715	4.08	0	8
ptg008056l_1	111009	506515	4.56	0	12
ptg008056l_1_region	111009	506515	4.56	0	12
ptg008059l_1	238274	1294594	5.43	0	63
ptg008059l_1_region	238274	1294594	5.43	0	63
ptg008060l_1	189263	584835	3.09	0	14
ptg008060l_1_region	189263	584835	3.09	0	14
ptg008065l_1	79791	498341	6.25	0	14
ptg008065l_1_region	79791	498341	6.25	0	14
ptg008067l_1	52436	226253	4.31	0	16
ptg008067l_1_region	52436	226253	4.31	0	16
ptg008068l_1	245475	794968	3.24	0	12
ptg008068l_1_region	245475	794968	3.24	0	12
ptg008072l_1	620790	2968379	4.78	0	14
ptg008072l_1_region	620790	2968379	4.78	0	14
ptg008073l_1	55623	158672	2.85	0	12
ptg008073l_1_region	55623	158672	2.85	0	12
ptg008074l_1	164252	878581	5.35	0	14
ptg008074l_1_region	164252	878581	5.35	0	14
ptg008076l_1	21073	44947	2.13	0	8
ptg008076l_1_region	21073	44947	2.13	0	8
ptg008078l_1	69616	245678	3.53	0	19
ptg008078l_1_region	69616	245678	3.53	0	19
ptg008080l_1	382405	2022654	5.29	0	151
ptg008080l_1_region	382405	2022654	5.29	0	151
ptg008081l_1	263139	1166299	4.43	0	22
ptg008081l_1_region	263139	1166299	4.43	0	22
ptg008082l_1	128214	604905	4.72	0	21
ptg008082l_1_region	128214	604905	4.72	0	21
ptg008085l_1	233223	1304872	5.59	0	19
ptg008085l_1_region	233223	1304872	5.59	0	19
ptg008088l_1	357264	906870	2.54	0	17
ptg008088l_1_region	357264	906870	2.54	0	17
ptg008090l_1	288132	1557126	5.40	0	18
ptg008090l_1_region	288132	1557126	5.40	0	18
ptg008095l_1	297899	1295547	4.35	0	28
ptg008095l_1_region	297899	1295547	4.35	0	28
ptg008096l_1	304388	1408298	4.63	0	17
ptg008096l_1_region	304388	1408298	4.63	0	17
ptg008098l_1	34633	223468	6.45	0	11
ptg008098l_1_region	34633	223468	6.45	0	11
ptg008102l_1	253002	929880	3.68	0	15
ptg008102l_1_region	253002	929880	3.68	0	15
ptg008104l_1	171794	655836	3.82	0	16
ptg008104l_1_region	171794	655836	3.82	0	16
ptg008106l_1	161268	640928	3.97	0	14
ptg008106l_1_region	161268	640928	3.97	0	14
ptg008107l_1	679603	1848129	2.72	0	16
ptg008107l_1_region	679603	1848129	2.72	0	16
ptg008111l_1	529870	2619713	4.94	0	16
ptg008111l_1_region	529870	2619713	4.94	0	16
ptg008112l_1	98692	231126	2.34	0	8
ptg008112l_1_region	98692	231126	2.34	0	8
ptg008114l_1	299962	1577417	5.26	0	17
ptg008114l_1_region	299962	1577417	5.26	0	17
ptg008115l_1	85974	321620	3.74	0	11
ptg008115l_1_region	85974	321620	3.74	0	11
ptg008116l_1	610618	3915639	6.41	0	32
ptg008116l_1_region	610618	3915639	6.41	0	32
ptg008119l_1	305877	1408676	4.61	0	14
ptg008119l_1_region	305877	1408676	4.61	0	14
ptg008121l_1	188570	603691	3.20	0	12
ptg008121l_1_region	188570	603691	3.20	0	12
ptg008125l_1	556185	1393194	2.50	0	23
ptg008125l_1_region	556185	1393194	2.50	0	23
ptg008126l_1	95480	243955	2.56	0	9
ptg008126l_1_region	95480	243955	2.56	0	9
ptg008127l_1	33226	98787	2.97	0	8
ptg008127l_1_region	33226	98787	2.97	0	8
ptg008129l_1	210992	673712	3.19	0	12
ptg008129l_1_region	210992	673712	3.19	0	12
ptg008131l_1	19299	73940	3.83	0	8
ptg008131l_1_region	19299	73940	3.83	0	8
ptg008132l_1	330706	1164997	3.52	0	14
ptg008132l_1_region	330706	1164997	3.52	0	14
ptg008133l_1	80186	206053	2.57	0	6
ptg008133l_1_region	80186	206053	2.57	0	6
ptg008137l_1	266845	470249	1.76	0	11
ptg008137l_1_region	266845	470249	1.76	0	11
ptg008140l_1	292379	1286469	4.40	0	12
ptg008140l_1_region	292379	1286469	4.40	0	12
ptg008142l_1	107805	379711	3.52	0	11
ptg008142l_1_region	107805	379711	3.52	0	11
ptg008143l_1	65865	240409	3.65	0	10
ptg008143l_1_region	65865	240409	3.65	0	10
ptg008144l_1	146554	600615	4.10	0	13
ptg008144l_1_region	146554	600615	4.10	0	13
ptg008148l_1	321784	1485471	4.62	0	21
ptg008148l_1_region	321784	1485471	4.62	0	21
ptg008149l_1	173949	488559	2.81	0	12
ptg008149l_1_region	173949	488559	2.81	0	12
ptg008159l_1	82976	272546	3.28	0	13
ptg008159l_1_region	82976	272546	3.28	0	13
ptg008163l_1	100362	236696	2.36	0	8
ptg008163l_1_region	100362	236696	2.36	0	8
ptg008164l_1	112164	832269	7.42	0	23
ptg008164l_1_region	112164	832269	7.42	0	23
ptg008167l_1	149590	769346	5.14	0	16
ptg008167l_1_region	149590	769346	5.14	0	16
ptg008168l_1	522717	2389423	4.57	0	15
ptg008168l_1_region	522717	2389423	4.57	0	15
ptg008169l_1	124054	515002	4.15	0	15
ptg008169l_1_region	124054	515002	4.15	0	15
ptg008171l_1	920890	3252374	3.53	0	27
ptg008171l_1_region	920890	3252374	3.53	0	27
ptg008179l_1	235845	963504	4.09	0	19
ptg008179l_1_region	235845	963504	4.09	0	19
ptg008180l_1	107131	357285	3.34	0	18
ptg008180l_1_region	107131	357285	3.34	0	18
ptg008181l_1	106317	387368	3.64	0	17
ptg008181l_1_region	106317	387368	3.64	0	17
ptg008183l_1	251842	1187929	4.72	0	18
ptg008183l_1_region	251842	1187929	4.72	0	18
ptg008184l_1	270527	1361034	5.03	0	21
ptg008184l_1_region	270527	1361034	5.03	0	21
ptg008187l_1	667985	5020908	7.52	0	112
ptg008187l_1_region	667985	5020908	7.52	0	112
ptg008188l_1	72196	257136	3.56	0	14
ptg008188l_1_region	72196	257136	3.56	0	14
ptg008190l_1	496687	1512355	3.04	0	20
ptg008190l_1_region	496687	1512355	3.04	0	20
ptg008194l_1	62820	392056	6.24	0	17
ptg008194l_1_region	62820	392056	6.24	0	17
ptg008200l_1	116867	301782	2.58	0	13
ptg008200l_1_region	116867	301782	2.58	0	13
ptg008207l_1	112863	336606	2.98	0	37
ptg008207l_1_region	112863	336606	2.98	0	37
ptg008212l_1	89507	703032	7.85	0	21
ptg008212l_1_region	89507	703032	7.85	0	21
ptg008215l_1	117018	349724	2.99	0	10
ptg008215l_1_region	117018	349724	2.99	0	10
ptg008216l_1	235212	1020061	4.34	0	16
ptg008216l_1_region	235212	1020061	4.34	0	16
ptg008217l_1	107650	614964	5.71	0	34
ptg008217l_1_region	107650	614964	5.71	0	34
ptg008218l_1	77987	508539	6.52	0	19
ptg008218l_1_region	77987	508539	6.52	0	19
ptg008219l_1	81860	406186	4.96	0	13
ptg008219l_1_region	81860	406186	4.96	0	13
ptg008222l_1	74889	250982	3.35	0	10
ptg008222l_1_region	74889	250982	3.35	0	10
ptg008223l_1	276839	469695	1.70	0	11
ptg008223l_1_region	276839	469695	1.70	0	11
ptg008229l_1	155554	756570	4.86	0	16
ptg008229l_1_region	155554	756570	4.86	0	16
ptg008232l_1	259280	1251528	4.83	0	28
ptg008232l_1_region	259280	1251528	4.83	0	28
ptg008234l_1	48076	177023	3.68	0	16
ptg008234l_1_region	48076	177023	3.68	0	16
ptg008237l_1	34981	96425	2.76	0	6
ptg008237l_1_region	34981	96425	2.76	0	6
ptg008238l_1	237895	1017106	4.28	0	19
ptg008238l_1_region	237895	1017106	4.28	0	19
ptg008242l_1	47480	263641	5.55	0	16
ptg008242l_1_region	47480	263641	5.55	0	16
ptg008244l_1	251073	1375292	5.48	0	53
ptg008244l_1_region	251073	1375292	5.48	0	53
ptg008245l_1	15265	4948276	324.16	43	518
ptg008245l_1_region	15265	4948276	324.16	43	518
ptg008246l_1	31297	90513	2.89	0	8
ptg008246l_1_region	31297	90513	2.89	0	8
ptg008247l_1	325427	1385223	4.26	0	79
ptg008247l_1_region	325427	1385223	4.26	0	79
ptg008248l_1	348500	1791842	5.14	0	33
ptg008248l_1_region	348500	1791842	5.14	0	33
ptg008249l_1	277543	1268147	4.57	0	18
ptg008249l_1_region	277543	1268147	4.57	0	18
ptg008259l_1	250261	1090514	4.36	0	19
ptg008259l_1_region	250261	1090514	4.36	0	19
ptg008263l_1	41230	101344	2.46	0	8
ptg008263l_1_region	41230	101344	2.46	0	8
ptg008264l_1	106436	268681	2.52	0	33
ptg008264l_1_region	106436	268681	2.52	0	33
ptg008267l_1	167467	711705	4.25	0	14
ptg008267l_1_region	167467	711705	4.25	0	14
ptg008268l_1	76816	330138	4.30	0	15
ptg008268l_1_region	76816	330138	4.30	0	15
ptg008272l_1	1380433	2428178	1.76	0	33
ptg008272l_1_region	1380433	2428178	1.76	0	33
ptg008274l_1	96917	495178	5.11	0	13
ptg008274l_1_region	96917	495178	5.11	0	13
ptg008275l_1	262440	1077370	4.11	0	29
ptg008275l_1_region	262440	1077370	4.11	0	29
ptg008276l_1	534017	3818188	7.15	0	25
ptg008276l_1_region	534017	3818188	7.15	0	25
ptg008279l_1	50063	195949	3.91	0	15
ptg008279l_1_region	50063	195949	3.91	0	15
ptg008281l_1	279698	1268781	4.54	0	16
ptg008281l_1_region	279698	1268781	4.54	0	16
ptg008283l_1	187596	838863	4.47	0	14
ptg008283l_1_region	187596	838863	4.47	0	14
ptg008290l_1	135254	475241	3.51	0	14
ptg008290l_1_region	135254	475241	3.51	0	14
ptg008291l_1	307940	1363312	4.43	0	11
ptg008291l_1_region	307940	1363312	4.43	0	11
ptg008296l_1	105799	354134	3.35	0	12
ptg008296l_1_region	105799	354134	3.35	0	12
ptg008300l_1	70740	1419127	20.06	0	84
ptg008300l_1_region	70740	1419127	20.06	0	84
ptg008301l_1	152990	752041	4.92	0	19
ptg008301l_1_region	152990	752041	4.92	0	19
ptg008304l_1	386870	1211227	3.13	0	24
ptg008304l_1_region	386870	1211227	3.13	0	24
ptg008307l_1	623520	3286246	5.27	0	20
ptg008307l_1_region	623520	3286246	5.27	0	20
ptg008309l_1	79347	178849	2.25	0	13
ptg008309l_1_region	79347	178849	2.25	0	13
ptg008311l_1	210406	806738	3.83	0	12
ptg008311l_1_region	210406	806738	3.83	0	12
ptg008312l_1	478471	2158625	4.51	0	27
ptg008312l_1_region	478471	2158625	4.51	0	27
ptg008316l_1	52051	130947	2.52	0	7
ptg008316l_1_region	52051	130947	2.52	0	7
ptg008318l_1	110736	331962	3.00	0	9
ptg008318l_1_region	110736	331962	3.00	0	9
ptg008324l_1	86250	381677	4.43	0	17
ptg008324l_1_region	86250	381677	4.43	0	17
ptg008325l_1	348957	1296009	3.71	0	20
ptg008325l_1_region	348957	1296009	3.71	0	20
ptg008327l_1	570685	4261829	7.47	0	327
ptg008327l_1_region	570685	4261829	7.47	0	327
ptg008330l_1	186240	696128	3.74	0	10
ptg008330l_1_region	186240	696128	3.74	0	10
ptg008336c_1	163510	458365	2.80	0	18
ptg008336c_1_region	163510	458365	2.80	0	18
ptg008338l_1	611407	2839834	4.64	0	16
ptg008338l_1_region	611407	2839834	4.64	0	16
ptg008339l_1	49408	130784	2.65	0	9
ptg008339l_1_region	49408	130784	2.65	0	9
ptg008346l_1	204795	1700409	8.30	0	31
ptg008346l_1_region	204795	1700409	8.30	0	31
ptg008347l_1	32615	109053	3.34	0	9
ptg008347l_1_region	32615	109053	3.34	0	9
ptg008348l_1	40764	141803	3.48	0	10
ptg008348l_1_region	40764	141803	3.48	0	10
ptg008351l_1	92496	65934	0.71	0	7
ptg008351l_1_region	92496	65934	0.71	0	7
ptg008352l_1	16851	20176	1.20	0	5
ptg008352l_1_region	16851	20176	1.20	0	5
ptg008354l_1	89771	505006	5.63	0	248
ptg008354l_1_region	89771	505006	5.63	0	248
ptg008356l_1	18452	89590	4.86	0	20
ptg008356l_1_region	18452	89590	4.86	0	20
ptg008357l_1	189496	652016	3.44	0	16
ptg008357l_1_region	189496	652016	3.44	0	16
ptg008358l_1	404798	2433683	6.01	0	25
ptg008358l_1_region	404798	2433683	6.01	0	25
ptg008359l_1	83090	273787	3.30	0	10
ptg008359l_1_region	83090	273787	3.30	0	10
ptg008361l_1	176024	696663	3.96	0	17
ptg008361l_1_region	176024	696663	3.96	0	17
ptg008362l_1	289659	1378973	4.76	0	14
ptg008362l_1_region	289659	1378973	4.76	0	14
ptg008364l_1	181413	708917	3.91	0	12
ptg008364l_1_region	181413	708917	3.91	0	12
ptg008365l_1	296223	1257689	4.25	0	12
ptg008365l_1_region	296223	1257689	4.25	0	12
ptg008366l_1	224137	1175450	5.24	0	22
ptg008366l_1_region	224137	1175450	5.24	0	22
ptg008369l_1	55672	228290	4.10	0	9
ptg008369l_1_region	55672	228290	4.10	0	9
ptg008374l_1	388561	1580776	4.07	0	14
ptg008374l_1_region	388561	1580776	4.07	0	14
ptg008375l_1	107385	501843	4.67	0	10
ptg008375l_1_region	107385	501843	4.67	0	10
ptg008380l_1	410667	1313427	3.20	0	18
ptg008380l_1_region	410667	1313427	3.20	0	18
ptg008385l_1	224308	1295128	5.77	0	20
ptg008385l_1_region	224308	1295128	5.77	0	20
ptg008386l_1	90397	444468	4.92	0	13
ptg008386l_1_region	90397	444468	4.92	0	13
ptg008389l_1	265783	1356139	5.10	0	16
ptg008389l_1_region	265783	1356139	5.10	0	16
ptg008392l_1	656828	3234650	4.92	0	16
ptg008392l_1_region	656828	3234650	4.92	0	16
ptg008396l_1	195423	1032416	5.28	0	17
ptg008396l_1_region	195423	1032416	5.28	0	17
ptg008398l_1	218707	939335	4.29	0	15
ptg008398l_1_region	218707	939335	4.29	0	15
ptg008404l_1	76700	422322	5.51	0	14
ptg008404l_1_region	76700	422322	5.51	0	14
ptg008405l_1	155220	422836	2.72	0	10
ptg008405l_1_region	155220	422836	2.72	0	10
ptg008407l_1	163801	617989	3.77	0	14
ptg008407l_1_region	163801	617989	3.77	0	14
ptg008410l_1	194657	1052629	5.41	0	18
ptg008410l_1_region	194657	1052629	5.41	0	18
ptg008418l_1	202587	729888	3.60	0	13
ptg008418l_1_region	202587	729888	3.60	0	13
ptg008420l_1	126033	573092	4.55	0	12
ptg008420l_1_region	126033	573092	4.55	0	12
ptg008423l_1	147202	261496	1.78	0	8
ptg008423l_1_region	147202	261496	1.78	0	8
ptg008424l_1	405367	1443667	3.56	0	12
ptg008424l_1_region	405367	1443667	3.56	0	12
ptg008430l_1	334248	2435195	7.29	0	24
ptg008430l_1_region	334248	2435195	7.29	0	24
ptg008431l_1	44958	144679	3.22	0	8
ptg008431l_1_region	44958	144679	3.22	0	8
ptg008435l_1	284958	1959079	6.87	0	133
ptg008435l_1_region	284958	1959079	6.87	0	133
ptg008436l_1	1099191	5092484	4.63	0	22
ptg008436l_1_region	1099191	5092484	4.63	0	22
ptg008441l_1	7184	29936	4.17	0	7
ptg008441l_1_region	7184	29936	4.17	0	7
ptg008442l_1	319956	1772963	5.54	0	16
ptg008442l_1_region	319956	1772963	5.54	0	16
ptg008443l_1	35146	93924	2.67	0	10
ptg008443l_1_region	35146	93924	2.67	0	10
ptg008444l_1	408812	1671917	4.09	0	15
ptg008444l_1_region	408812	1671917	4.09	0	15
ptg008445l_1	31801	66684	2.10	0	8
ptg008445l_1_region	31801	66684	2.10	0	8
ptg008446l_1	125049	352133	2.82	0	11
ptg008446l_1_region	125049	352133	2.82	0	11
ptg008451l_1	85450	378388	4.43	0	13
ptg008451l_1_region	85450	378388	4.43	0	13
ptg008452l_1	40798	153588	3.76	0	8
ptg008452l_1_region	40798	153588	3.76	0	8
ptg008454l_1	52093	125540	2.41	0	7
ptg008454l_1_region	52093	125540	2.41	0	7
ptg008455l_1	142831	489075	3.42	0	14
ptg008455l_1_region	142831	489075	3.42	0	14
ptg008458l_1	350950	1389654	3.96	0	14
ptg008458l_1_region	350950	1389654	3.96	0	14
ptg008464l_1	140814	711517	5.05	0	14
ptg008464l_1_region	140814	711517	5.05	0	14
ptg008465l_1	122599	468084	3.82	0	19
ptg008465l_1_region	122599	468084	3.82	0	19
ptg008466l_1	226535	920168	4.06	0	20
ptg008466l_1_region	226535	920168	4.06	0	20
ptg008467l_1	89105	463327	5.20	0	12
ptg008467l_1_region	89105	463327	5.20	0	12
ptg008475l_1	104461	430314	4.12	0	13
ptg008475l_1_region	104461	430314	4.12	0	13
ptg008477l_1	119567	351000	2.94	0	15
ptg008477l_1_region	119567	351000	2.94	0	15
ptg008478l_1	308681	1328318	4.30	0	14
ptg008478l_1_region	308681	1328318	4.30	0	14
ptg008480l_1	72115	198894	2.76	0	9
ptg008480l_1_region	72115	198894	2.76	0	9
ptg008483l_1	121615	662437	5.45	0	22
ptg008483l_1_region	121615	662437	5.45	0	22
ptg008490l_1	106657	381271	3.57	0	22
ptg008490l_1_region	106657	381271	3.57	0	22
ptg008491l_1	211224	632846	3.00	0	24
ptg008491l_1_region	211224	632846	3.00	0	24
ptg008496l_1	96924	348587	3.60	0	11
ptg008496l_1_region	96924	348587	3.60	0	11
ptg008497l_1	163423	408250	2.50	0	19
ptg008497l_1_region	163423	408250	2.50	0	19
ptg008498l_1	74037	625926	8.45	0	102
ptg008498l_1_region	74037	625926	8.45	0	102
ptg008499l_1	72588	243682	3.36	0	14
ptg008499l_1_region	72588	243682	3.36	0	14
ptg008503l_1	391038	1593958	4.08	0	17
ptg008503l_1_region	391038	1593958	4.08	0	17
ptg008504l_1	494641	1802090	3.64	0	13
ptg008504l_1_region	494641	1802090	3.64	0	13
ptg008506l_1	178152	600280	3.37	0	17
ptg008506l_1_region	178152	600280	3.37	0	17
ptg008510l_1	19751	242504	12.28	0	41
ptg008510l_1_region	19751	242504	12.28	0	41
ptg008511l_1	22769	3283	0.14	0	2
ptg008511l_1_region	22769	3283	0.14	0	2
ptg008512l_1	282717	1870715	6.62	0	21
ptg008512l_1_region	282717	1870715	6.62	0	21
ptg008515l_1	180553	800807	4.44	0	15
ptg008515l_1_region	180553	800807	4.44	0	15
ptg008516l_1	204755	619784	3.03	0	10
ptg008516l_1_region	204755	619784	3.03	0	10
ptg008520l_1	97553	692395	7.10	0	73
ptg008520l_1_region	97553	692395	7.10	0	73
ptg008522l_1	72639	318721	4.39	0	15
ptg008522l_1_region	72639	318721	4.39	0	15
ptg008525l_1	307250	1820804	5.93	0	60
ptg008525l_1_region	307250	1820804	5.93	0	60
ptg008526l_1	205823	719374	3.50	0	13
ptg008526l_1_region	205823	719374	3.50	0	13
ptg008530l_1	157393	491564	3.12	0	19
ptg008530l_1_region	157393	491564	3.12	0	19
ptg008531l_1	150865	876127	5.81	0	19
ptg008531l_1_region	150865	876127	5.81	0	19
ptg008533l_1	226180	654345	2.89	0	8
ptg008533l_1_region	226180	654345	2.89	0	8
ptg008540l_1	396665	1718045	4.33	0	37
ptg008540l_1_region	396665	1718045	4.33	0	37
ptg008541l_1	300354	1393597	4.64	0	15
ptg008541l_1_region	300354	1393597	4.64	0	15
ptg008543l_1	225312	798655	3.54	0	39
ptg008543l_1_region	225312	798655	3.54	0	39
ptg008545l_1	165575	827292	5.00	0	23
ptg008545l_1_region	165575	827292	5.00	0	23
ptg008547l_1	262626	659718	2.51	0	18
ptg008547l_1_region	262626	659718	2.51	0	18
ptg008548l_1	100671	208560	2.07	0	10
ptg008548l_1_region	100671	208560	2.07	0	10
ptg008549l_1	40263	52219	1.30	0	7
ptg008549l_1_region	40263	52219	1.30	0	7
ptg008551l_1	113575	409115	3.60	0	20
ptg008551l_1_region	113575	409115	3.60	0	20
ptg008556l_1	164291	581883	3.54	0	15
ptg008556l_1_region	164291	581883	3.54	0	15
ptg008560l_1	39401	124978	3.17	0	10
ptg008560l_1_region	39401	124978	3.17	0	10
ptg008561l_1	99157	257654	2.60	0	11
ptg008561l_1_region	99157	257654	2.60	0	11
ptg008563l_1	63554	209621	3.30	0	9
ptg008563l_1_region	63554	209621	3.30	0	9
ptg008564l_1	50016	129454	2.59	0	8
ptg008564l_1_region	50016	129454	2.59	0	8
ptg008567l_1	325513	1328360	4.08	0	18
ptg008567l_1_region	325513	1328360	4.08	0	18
ptg008569l_1	97893	457409	4.67	0	21
ptg008569l_1_region	97893	457409	4.67	0	21
ptg008571l_1	314170	1156501	3.68	0	12
ptg008571l_1_region	314170	1156501	3.68	0	12
ptg008572l_1	50523	292778	5.79	0	17
ptg008572l_1_region	50523	292778	5.79	0	17
ptg008575l_1	144953	899661	6.21	0	19
ptg008575l_1_region	144953	899661	6.21	0	19
ptg008577l_1	104493	275168	2.63	0	15
ptg008577l_1_region	104493	275168	2.63	0	15
ptg008580l_1	137046	695272	5.07	0	14
ptg008580l_1_region	137046	695272	5.07	0	14
ptg008584l_1	49849	225849	4.53	0	10
ptg008584l_1_region	49849	225849	4.53	0	10
ptg008585l_1	50216	78592	1.57	0	7
ptg008585l_1_region	50216	78592	1.57	0	7
ptg008587c_1	71705	303572	4.23	0	11
ptg008587c_1_region	71705	303572	4.23	0	11
ptg008589l_1	197222	817647	4.15	0	12
ptg008589l_1_region	197222	817647	4.15	0	12
ptg008593l_1	111414	409213	3.67	0	13
ptg008593l_1_region	111414	409213	3.67	0	13
ptg008598l_1	108867	471956	4.34	0	15
ptg008598l_1_region	108867	471956	4.34	0	15
ptg008606l_1	287024	1075120	3.75	0	26
ptg008606l_1_region	287024	1075120	3.75	0	26
ptg008608l_1	173360	841116	4.85	0	13
ptg008608l_1_region	173360	841116	4.85	0	13
ptg008610l_1	45385	210389	4.64	0	10
ptg008610l_1_region	45385	210389	4.64	0	10
ptg008617l_1	50519	157395	3.12	0	10
ptg008617l_1_region	50519	157395	3.12	0	10
ptg008618l_1	225004	1055605	4.69	0	13
ptg008618l_1_region	225004	1055605	4.69	0	13
ptg008626l_1	49309	80036	1.62	0	6
ptg008626l_1_region	49309	80036	1.62	0	6
ptg008627l_1	260537	1034695	3.97	0	13
ptg008627l_1_region	260537	1034695	3.97	0	13
ptg008628l_1	153448	341241	2.22	0	12
ptg008628l_1_region	153448	341241	2.22	0	12
ptg008629l_1	91692	763559	8.33	0	39
ptg008629l_1_region	91692	763559	8.33	0	39
ptg008631l_1	25139	34189	1.36	0	4
ptg008631l_1_region	25139	34189	1.36	0	4
ptg008646l_1	72795	193249	2.65	0	8
ptg008646l_1_region	72795	193249	2.65	0	8
ptg008647l_1	286379	1532080	5.35	0	24
ptg008647l_1_region	286379	1532080	5.35	0	24
ptg008649l_1	62019	209734	3.38	0	9
ptg008649l_1_region	62019	209734	3.38	0	9
ptg008652l_1	73552	289067	3.93	0	15
ptg008652l_1_region	73552	289067	3.93	0	15
ptg008654l_1	1122243	1165810	1.04	0	44
ptg008654l_1_region	1122243	1165810	1.04	0	44
ptg008655l_1	67773	258424	3.81	0	16
ptg008655l_1_region	67773	258424	3.81	0	16
ptg008660l_1	59989	343210	5.72	0	15
ptg008660l_1_region	59989	343210	5.72	0	15
ptg008665l_1	83510	332193	3.98	0	13
ptg008665l_1_region	83510	332193	3.98	0	13
ptg008667l_1	278430	1614868	5.80	0	47
ptg008667l_1_region	278430	1614868	5.80	0	47
ptg008668l_1	195116	631448	3.24	0	10
ptg008668l_1_region	195116	631448	3.24	0	10
ptg008677l_1	47437	125344	2.64	0	8
ptg008677l_1_region	47437	125344	2.64	0	8
ptg008678l_1	45589	166053	3.64	0	8
ptg008678l_1_region	45589	166053	3.64	0	8
ptg008679l_1	299176	1388874	4.64	0	16
ptg008679l_1_region	299176	1388874	4.64	0	16
ptg008680l_1	256811	1108626	4.32	0	28
ptg008680l_1_region	256811	1108626	4.32	0	28
ptg008685l_1	2496666	13989375	5.60	0	28
ptg008685l_1_region	2496666	13989375	5.60	0	28
ptg008687l_1	200580	533019	2.66	0	10
ptg008687l_1_region	200580	533019	2.66	0	10
ptg008690l_1	14562	27702	1.90	0	5
ptg008690l_1_region	14562	27702	1.90	0	5
ptg008693l_1	24104	70542	2.93	0	7
ptg008693l_1_region	24104	70542	2.93	0	7
ptg008694l_1	117891	360570	3.06	0	15
ptg008694l_1_region	117891	360570	3.06	0	15
ptg008695l_1	182635	927136	5.08	0	16
ptg008695l_1_region	182635	927136	5.08	0	16
ptg008696l_1	25811	162973	6.31	0	17
ptg008696l_1_region	25811	162973	6.31	0	17
ptg008697l_1	142624	561815	3.94	0	12
ptg008697l_1_region	142624	561815	3.94	0	12
ptg008702l_1	225560	999063	4.43	0	16
ptg008702l_1_region	225560	999063	4.43	0	16
ptg008703l_1	164555	667229	4.05	0	14
ptg008703l_1_region	164555	667229	4.05	0	14
ptg008704l_1	30084	89741	2.98	0	8
ptg008704l_1_region	30084	89741	2.98	0	8
ptg008711l_1	15241	41542	2.73	0	10
ptg008711l_1_region	15241	41542	2.73	0	10
ptg008716l_1	179839	575497	3.20	0	11
ptg008716l_1_region	179839	575497	3.20	0	11
ptg008718l_1	53695	180809	3.37	0	11
ptg008718l_1_region	53695	180809	3.37	0	11
ptg008724l_1	56370	140018	2.48	0	8
ptg008724l_1_region	56370	140018	2.48	0	8
ptg008725l_1	161118	389883	2.42	0	20
ptg008725l_1_region	161118	389883	2.42	0	20
ptg008726l_1	56262	236140	4.20	0	11
ptg008726l_1_region	56262	236140	4.20	0	11
ptg008730l_1	31601	68245	2.16	0	6
ptg008730l_1_region	31601	68245	2.16	0	6
ptg008732l_1	94068	282335	3.00	0	11
ptg008732l_1_region	94068	282335	3.00	0	11
ptg008736l_1	98536	226921	2.30	0	8
ptg008736l_1_region	98536	226921	2.30	0	8
ptg008738l_1	35150	51996	1.48	0	7
ptg008738l_1_region	35150	51996	1.48	0	7
ptg008741l_1	19297	34094	1.77	0	10
ptg008741l_1_region	19297	34094	1.77	0	10
ptg008751l_1	23597	98976	4.19	0	10
ptg008751l_1_region	23597	98976	4.19	0	10
ptg008754l_1	252065	582151	2.31	0	12
ptg008754l_1_region	252065	582151	2.31	0	12
ptg008756l_1	353154	1555714	4.41	0	19
ptg008756l_1_region	353154	1555714	4.41	0	19
ptg008757l_1	97145	198007	2.04	0	8
ptg008757l_1_region	97145	198007	2.04	0	8
ptg008759l_1	105590	504786	4.78	0	12
ptg008759l_1_region	105590	504786	4.78	0	12
ptg008760l_1	52655	252358	4.79	0	13
ptg008760l_1_region	52655	252358	4.79	0	13
ptg008763l_1	72052	240161	3.33	0	11
ptg008763l_1_region	72052	240161	3.33	0	11
ptg008764l_1	284455	2402509	8.45	0	39
ptg008764l_1_region	284455	2402509	8.45	0	39
ptg008770l_1	210479	208802	0.99	0	9
ptg008770l_1_region	210479	208802	0.99	0	9
ptg008772l_1	29660	133884	4.51	0	11
ptg008772l_1_region	29660	133884	4.51	0	11
ptg008773l_1	301333	1675168	5.56	0	14
ptg008773l_1_region	301333	1675168	5.56	0	14
ptg008776l_1	202916	883493	4.35	0	15
ptg008776l_1_region	202916	883493	4.35	0	15
ptg008778l_1	98054	448456	4.57	0	25
ptg008778l_1_region	98054	448456	4.57	0	25
ptg008784l_1	47156	580227	12.30	0	32
ptg008784l_1_region	47156	580227	12.30	0	32
ptg008785l_1	137940	655342	4.75	0	38
ptg008785l_1_region	137940	655342	4.75	0	38
ptg008786l_1	93345	535431	5.74	0	15
ptg008786l_1_region	93345	535431	5.74	0	15
ptg008787l_1	183947	630525	3.43	0	13
ptg008787l_1_region	183947	630525	3.43	0	13
ptg008789l_1	200271	627691	3.13	0	14
ptg008789l_1_region	200271	627691	3.13	0	14
ptg008795l_1	63654	320260	5.03	0	22
ptg008795l_1_region	63654	320260	5.03	0	22
ptg008797l_1	260032	814105	3.13	0	15
ptg008797l_1_region	260032	814105	3.13	0	15
ptg008798l_1	114315	378696	3.31	0	11
ptg008798l_1_region	114315	378696	3.31	0	11
ptg008799l_1	593869	2559437	4.31	0	16
ptg008799l_1_region	593869	2559437	4.31	0	16
ptg008801l_1	80910	372272	4.60	0	14
ptg008801l_1_region	80910	372272	4.60	0	14
ptg008803l_1	397760	1498369	3.77	0	13
ptg008803l_1_region	397760	1498369	3.77	0	13
ptg008804l_1	42314	178697	4.22	1	12
ptg008804l_1_region	42314	178697	4.22	1	12
ptg008809l_1	66580	199503	3.00	0	9
ptg008809l_1_region	66580	199503	3.00	0	9
ptg008818l_1	77475	149667	1.93	0	9
ptg008818l_1_region	77475	149667	1.93	0	9
ptg008819l_1	176341	687165	3.90	0	10
ptg008819l_1_region	176341	687165	3.90	0	10
ptg008820l_1	220032	489609	2.23	0	9
ptg008820l_1_region	220032	489609	2.23	0	9
ptg008821l_1	147552	734685	4.98	0	11
ptg008821l_1_region	147552	734685	4.98	0	11
ptg008823l_1	202237	1264898	6.25	0	145
ptg008823l_1_region	202237	1264898	6.25	0	145
ptg008824l_1	87378	479597	5.49	0	21
ptg008824l_1_region	87378	479597	5.49	0	21
ptg008825l_1	312446	711620	2.28	0	15
ptg008825l_1_region	312446	711620	2.28	0	15
ptg008826l_1	24200	80035	3.31	0	10
ptg008826l_1_region	24200	80035	3.31	0	10
ptg008828l_1	86379	338643	3.92	0	10
ptg008828l_1_region	86379	338643	3.92	0	10
ptg008829l_1	17713	25857	1.46	0	7
ptg008829l_1_region	17713	25857	1.46	0	7
ptg008830l_1	227937	1293990	5.68	0	17
ptg008830l_1_region	227937	1293990	5.68	0	17
ptg008831l_1	28264	89623	3.17	0	12
ptg008831l_1_region	28264	89623	3.17	0	12
ptg008833l_1	45975	135542	2.95	0	9
ptg008833l_1_region	45975	135542	2.95	0	9
ptg008843l_1	75412	176706	2.34	0	6
ptg008843l_1_region	75412	176706	2.34	0	6
ptg008848l_1	15817	66638	4.21	0	7
ptg008848l_1_region	15817	66638	4.21	0	7
ptg008850l_1	204927	639411	3.12	0	15
ptg008850l_1_region	204927	639411	3.12	0	15
ptg008851l_1	531950	1511537	2.84	0	24
ptg008851l_1_region	531950	1511537	2.84	0	24
ptg008852l_1	97812	309028	3.16	0	12
ptg008852l_1_region	97812	309028	3.16	0	12
ptg008853l_1	303680	1295919	4.27	0	16
ptg008853l_1_region	303680	1295919	4.27	0	16
ptg008855l_1	19830	79726	4.02	0	10
ptg008855l_1_region	19830	79726	4.02	0	10
ptg008856l_1	47854	121645	2.54	0	7
ptg008856l_1_region	47854	121645	2.54	0	7
ptg008860l_1	15982	19819	1.24	0	3
ptg008860l_1_region	15982	19819	1.24	0	3
ptg008861l_1	544657	2702352	4.96	0	17
ptg008861l_1_region	544657	2702352	4.96	0	17
ptg008863l_1	86071	307226	3.57	0	11
ptg008863l_1_region	86071	307226	3.57	0	11
ptg008867l_1	108081	180779	1.67	0	7
ptg008867l_1_region	108081	180779	1.67	0	7
ptg008870l_1	144721	917555	6.34	0	18
ptg008870l_1_region	144721	917555	6.34	0	18
ptg008872l_1	190433	631506	3.32	0	11
ptg008872l_1_region	190433	631506	3.32	0	11
ptg008873l_1	142530	518961	3.64	0	16
ptg008873l_1_region	142530	518961	3.64	0	16
ptg008875l_1	176824	674729	3.82	0	16
ptg008875l_1_region	176824	674729	3.82	0	16
ptg008878l_1	413308	1967214	4.76	0	208
ptg008878l_1_region	413308	1967214	4.76	0	208
ptg008881l_1	141764	488745	3.45	0	10
ptg008881l_1_region	141764	488745	3.45	0	10
ptg008883l_1	96054	534557	5.57	0	18
ptg008883l_1_region	96054	534557	5.57	0	18
ptg008885l_1	74056	272372	3.68	0	11
ptg008885l_1_region	74056	272372	3.68	0	11
ptg008892l_1	52886	156536	2.96	0	9
ptg008892l_1_region	52886	156536	2.96	0	9
ptg008893l_1	25208	28909	1.15	0	11
ptg008893l_1_region	25208	28909	1.15	0	11
ptg008894l_1	76258	191060	2.51	0	9
ptg008894l_1_region	76258	191060	2.51	0	9
ptg008896l_1	21791	73476	3.37	0	17
ptg008896l_1_region	21791	73476	3.37	0	17
ptg008900l_1	138181	7507725	54.33	0	1096
ptg008900l_1_region	138181	7507725	54.33	0	1096
ptg008906l_1	146950	901176	6.13	0	51
ptg008906l_1_region	146950	901176	6.13	0	51
ptg008909l_1	101685	383100	3.77	0	15
ptg008909l_1_region	101685	383100	3.77	0	15
ptg008910l_1	409233	1924621	4.70	0	16
ptg008910l_1_region	409233	1924621	4.70	0	16
ptg008912l_1	187146	811517	4.34	0	13
ptg008912l_1_region	187146	811517	4.34	0	13
ptg008914l_1	138108	476288	3.45	0	24
ptg008914l_1_region	138108	476288	3.45	0	24
ptg008917l_1	35103	153723	4.38	0	12
ptg008917l_1_region	35103	153723	4.38	0	12
ptg008919l_1	384529	1211219	3.15	0	23
ptg008919l_1_region	384529	1211219	3.15	0	23
ptg008921l_1	390836	1627819	4.16	0	15
ptg008921l_1_region	390836	1627819	4.16	0	15
ptg008924l_1	18382	87919	4.78	0	12
ptg008924l_1_region	18382	87919	4.78	0	12
ptg008933l_1	73972	240751	3.25	0	15
ptg008933l_1_region	73972	240751	3.25	0	15
ptg008934l_1	50321	231321	4.60	0	9
ptg008934l_1_region	50321	231321	4.60	0	9
ptg008938l_1	58185	238496	4.10	0	12
ptg008938l_1_region	58185	238496	4.10	0	12
ptg008944l_1	229302	553434	2.41	0	11
ptg008944l_1_region	229302	553434	2.41	0	11
ptg008945l_1	252490	1540335	6.10	0	35
ptg008945l_1_region	252490	1540335	6.10	0	35
ptg008947l_1	190471	923282	4.85	0	20
ptg008947l_1_region	190471	923282	4.85	0	20
ptg008950l_1	227551	891694	3.92	0	23
ptg008950l_1_region	227551	891694	3.92	0	23
ptg008952l_1	222782	819563	3.68	0	21
ptg008952l_1_region	222782	819563	3.68	0	21
ptg008956l_1	928035	3836057	4.13	0	26
ptg008956l_1_region	928035	3836057	4.13	0	26
ptg008960l_1	44186	144396	3.27	0	9
ptg008960l_1_region	44186	144396	3.27	0	9
ptg008961l_1	67997	243786	3.59	0	8
ptg008961l_1_region	67997	243786	3.59	0	8
ptg008970l_1	29944	90095	3.01	0	8
ptg008970l_1_region	29944	90095	3.01	0	8
ptg008971l_1	241049	765746	3.18	0	13
ptg008971l_1_region	241049	765746	3.18	0	13
ptg008973l_1	187846	1118383	5.95	0	20
ptg008973l_1_region	187846	1118383	5.95	0	20
ptg008974l_1	65035	202584	3.11	0	12
ptg008974l_1_region	65035	202584	3.11	0	12
ptg008975l_1	62097	176997	2.85	0	10
ptg008975l_1_region	62097	176997	2.85	0	10
ptg008977l_1	159151	343260	2.16	0	11
ptg008977l_1_region	159151	343260	2.16	0	11
ptg008979l_1	32494	58901	1.81	0	6
ptg008979l_1_region	32494	58901	1.81	0	6
ptg008980l_1	113348	391332	3.45	0	9
ptg008980l_1_region	113348	391332	3.45	0	9
ptg008981l_1	149590	692924	4.63	0	14
ptg008981l_1_region	149590	692924	4.63	0	14
ptg008982l_1	39588	185310	4.68	0	20
ptg008982l_1_region	39588	185310	4.68	0	20
ptg008992l_1	41210	285748	6.93	0	35
ptg008992l_1_region	41210	285748	6.93	0	35
ptg008996l_1	1231744	6197883	5.03	0	21
ptg008996l_1_region	1231744	6197883	5.03	0	21
ptg008998l_1	68512	330408	4.82	0	33
ptg008998l_1_region	68512	330408	4.82	0	33
ptg009000l_1	29847	109959	3.68	0	12
ptg009000l_1_region	29847	109959	3.68	0	12
ptg009001l_1	178564	644961	3.61	0	14
ptg009001l_1_region	178564	644961	3.61	0	14
ptg009003l_1	40218	178845	4.45	0	16
ptg009003l_1_region	40218	178845	4.45	0	16
ptg009005l_1	64689	195286	3.02	0	15
ptg009005l_1_region	64689	195286	3.02	0	15
ptg009007l_1	133880	440095	3.29	0	12
ptg009007l_1_region	133880	440095	3.29	0	12
ptg009009l_1	111239	302645	2.72	0	40
ptg009009l_1_region	111239	302645	2.72	0	40
ptg009011l_1	161374	722431	4.48	0	23
ptg009011l_1_region	161374	722431	4.48	0	23
ptg009012l_1	308483	5045259	16.36	0	57
ptg009012l_1_region	308483	5045259	16.36	0	57
ptg009015l_1	15236	45701	3.00	0	6
ptg009015l_1_region	15236	45701	3.00	0	6
ptg009016l_1	146633	530190	3.62	0	12
ptg009016l_1_region	146633	530190	3.62	0	12
ptg009018l_1	226021	1077936	4.77	0	18
ptg009018l_1_region	226021	1077936	4.77	0	18
ptg009022l_1	251241	994642	3.96	0	18
ptg009022l_1_region	251241	994642	3.96	0	18
ptg009023l_1	155760	328298	2.11	0	12
ptg009023l_1_region	155760	328298	2.11	0	12
ptg009027l_1	66536	197701	2.97	0	9
ptg009027l_1_region	66536	197701	2.97	0	9
ptg009032l_1	12024	29749	2.47	0	7
ptg009032l_1_region	12024	29749	2.47	0	7
ptg009033l_1	167108	880907	5.27	0	37
ptg009033l_1_region	167108	880907	5.27	0	37
ptg009034l_1	104983	413529	3.94	0	11
ptg009034l_1_region	104983	413529	3.94	0	11
ptg009038l_1	311136	1460881	4.70	0	13
ptg009038l_1_region	311136	1460881	4.70	0	13
ptg009039l_1	227423	617406	2.71	0	23
ptg009039l_1_region	227423	617406	2.71	0	23
ptg009040l_1	28347	119166	4.20	0	11
ptg009040l_1_region	28347	119166	4.20	0	11
ptg009041l_1	393199	1293817	3.29	0	13
ptg009041l_1_region	393199	1293817	3.29	0	13
ptg009051l_1	78559	547310	6.97	0	61
ptg009051l_1_region	78559	547310	6.97	0	61
ptg009053l_1	124628	266978	2.14	0	8
ptg009053l_1_region	124628	266978	2.14	0	8
ptg009054l_1	1130287	4897016	4.33	0	26
ptg009054l_1_region	1130287	4897016	4.33	0	26
ptg009058l_1	22759	89195	3.92	0	13
ptg009058l_1_region	22759	89195	3.92	0	13
ptg009061l_1	42226	33745	0.80	0	10
ptg009061l_1_region	42226	33745	0.80	0	10
ptg009062l_1	40791	165538	4.06	0	9
ptg009062l_1_region	40791	165538	4.06	0	9
ptg009064l_1	503842	2379211	4.72	0	15
ptg009064l_1_region	503842	2379211	4.72	0	15
ptg009066l_1	150095	580149	3.87	0	21
ptg009066l_1_region	150095	580149	3.87	0	21
ptg009070l_1	321104	1093384	3.41	0	17
ptg009070l_1_region	321104	1093384	3.41	0	17
ptg009073l_1	53104	162751	3.06	0	10
ptg009073l_1_region	53104	162751	3.06	0	10
ptg009076l_1	110472	541494	4.90	0	14
ptg009076l_1_region	110472	541494	4.90	0	14
ptg009080l_1	139944	660257	4.72	0	16
ptg009080l_1_region	139944	660257	4.72	0	16
ptg009082l_1	238516	1047993	4.39	0	12
ptg009082l_1_region	238516	1047993	4.39	0	12
ptg009083l_1	78968	278334	3.52	0	9
ptg009083l_1_region	78968	278334	3.52	0	9
ptg009084l_1	40225	163299	4.06	0	10
ptg009084l_1_region	40225	163299	4.06	0	10
ptg009094l_1	175262	646489	3.69	0	19
ptg009094l_1_region	175262	646489	3.69	0	19
ptg009095l_1	513050	3272152	6.38	0	509
ptg009095l_1_region	513050	3272152	6.38	0	509
ptg009097l_1	121150	432880	3.57	0	17
ptg009097l_1_region	121150	432880	3.57	0	17
ptg009098l_1	156643	666388	4.25	0	12
ptg009098l_1_region	156643	666388	4.25	0	12
ptg009100l_1	294109	1332203	4.53	0	17
ptg009100l_1_region	294109	1332203	4.53	0	17
ptg009102l_1	56610	108627	1.92	0	5
ptg009102l_1_region	56610	108627	1.92	0	5
ptg009103l_1	52328	138765	2.65	0	13
ptg009103l_1_region	52328	138765	2.65	0	13
ptg009109l_1	404423	1822268	4.51	0	14
ptg009109l_1_region	404423	1822268	4.51	0	14
ptg009114l_1	103926	290713	2.80	0	16
ptg009114l_1_region	103926	290713	2.80	0	16
ptg009116l_1	69901	252163	3.61	0	8
ptg009116l_1_region	69901	252163	3.61	0	8
ptg009117l_1	25434	67513	2.65	0	8
ptg009117l_1_region	25434	67513	2.65	0	8
ptg009119l_1	237849	1151901	4.84	0	235
ptg009119l_1_region	237849	1151901	4.84	0	235
ptg009126l_1	122262	530641	4.34	0	11
ptg009126l_1_region	122262	530641	4.34	0	11
ptg009128l_1	52531	1292419	24.60	0	109
ptg009128l_1_region	52531	1292419	24.60	0	109
ptg009129l_1	285011	676606	2.37	0	12
ptg009129l_1_region	285011	676606	2.37	0	12
ptg009130l_1	165711	521708	3.15	0	26
ptg009130l_1_region	165711	521708	3.15	0	26
ptg009131l_1	53696	13235	0.25	0	4
ptg009131l_1_region	53696	13235	0.25	0	4
ptg009135l_1	18422	59821	3.25	0	7
ptg009135l_1_region	18422	59821	3.25	0	7
ptg009137l_1	38893	127381	3.28	0	7
ptg009137l_1_region	38893	127381	3.28	0	7
ptg009139l_1	38633	59298	1.53	0	7
ptg009139l_1_region	38633	59298	1.53	0	7
ptg009140l_1	202087	1377533	6.82	0	32
ptg009140l_1_region	202087	1377533	6.82	0	32
ptg009141l_1	80464	176463	2.19	0	9
ptg009141l_1_region	80464	176463	2.19	0	9
ptg009145l_1	64080	62471	0.97	0	6
ptg009145l_1_region	64080	62471	0.97	0	6
ptg009146l_1	24477	33583	1.37	0	6
ptg009146l_1_region	24477	33583	1.37	0	6
ptg009148l_1	180501	700953	3.88	0	17
ptg009148l_1_region	180501	700953	3.88	0	17
ptg009150l_1	29270	51886	1.77	0	12
ptg009150l_1_region	29270	51886	1.77	0	12
ptg009152l_1	158770	584773	3.68	0	25
ptg009152l_1_region	158770	584773	3.68	0	25
ptg009155l_1	368835	990793	2.69	0	15
ptg009155l_1_region	368835	990793	2.69	0	15
ptg009156l_1	37502	198659	5.30	0	31
ptg009156l_1_region	37502	198659	5.30	0	31
ptg009158l_1	34499	98925	2.87	0	9
ptg009158l_1_region	34499	98925	2.87	0	9
ptg009159l_1	18847	68481	3.63	0	32
ptg009159l_1_region	18847	68481	3.63	0	32
ptg009160l_1	98159	374060	3.81	0	9
ptg009160l_1_region	98159	374060	3.81	0	9
ptg009161l_1	255501	854373	3.34	0	9
ptg009161l_1_region	255501	854373	3.34	0	9
ptg009164l_1	123798	728616	5.89	0	51
ptg009164l_1_region	123798	728616	5.89	0	51
ptg009165l_1	127483	467691	3.67	0	11
ptg009165l_1_region	127483	467691	3.67	0	11
ptg009166l_1	149917	602125	4.02	0	15
ptg009166l_1_region	149917	602125	4.02	0	15
ptg009167l_1	176100	830166	4.71	0	18
ptg009167l_1_region	176100	830166	4.71	0	18
ptg009171l_1	182400	530516	2.91	0	20
ptg009171l_1_region	182400	530516	2.91	0	20
ptg009175l_1	386544	1099117	2.84	0	32
ptg009175l_1_region	386544	1099117	2.84	0	32
ptg009176l_1	172696	61120	0.35	0	8
ptg009176l_1_region	172696	61120	0.35	0	8
ptg009178l_1	452017	2034721	4.50	0	21
ptg009178l_1_region	452017	2034721	4.50	0	21
ptg009182l_1	145638	354342	2.43	0	16
ptg009182l_1_region	145638	354342	2.43	0	16
ptg009183l_1	43210	141873	3.28	0	15
ptg009183l_1_region	43210	141873	3.28	0	15
ptg009188l_1	301770	327613	1.09	0	8
ptg009188l_1_region	301770	327613	1.09	0	8
ptg009189l_1	23111	116629	5.05	0	15
ptg009189l_1_region	23111	116629	5.05	0	15
ptg009192l_1	59521	197180	3.31	0	10
ptg009192l_1_region	59521	197180	3.31	0	10
ptg009194l_1	37085	99183	2.67	0	10
ptg009194l_1_region	37085	99183	2.67	0	10
ptg009198c_1	25107	82875	3.30	0	6
ptg009198c_1_region	25107	82875	3.30	0	6
ptg009199l_1	64445	205767	3.19	0	12
ptg009199l_1_region	64445	205767	3.19	0	12
ptg009203l_1	49778	127251	2.56	0	10
ptg009203l_1_region	49778	127251	2.56	0	10
ptg009205l_1	41975	116626	2.78	0	8
ptg009205l_1_region	41975	116626	2.78	0	8
ptg009206l_1	41766	127195	3.05	0	8
ptg009206l_1_region	41766	127195	3.05	0	8
ptg009207l_1	100381	497600	4.96	0	14
ptg009207l_1_region	100381	497600	4.96	0	14
ptg009208l_1	128402	460160	3.58	0	27
ptg009208l_1_region	128402	460160	3.58	0	27
ptg009209l_1	81205	243291	3.00	0	11
ptg009209l_1_region	81205	243291	3.00	0	11
ptg009210l_1	157324	722632	4.59	0	15
ptg009210l_1_region	157324	722632	4.59	0	15
ptg009222l_1	212732	977408	4.59	0	13
ptg009222l_1_region	212732	977408	4.59	0	13
ptg009226l_1	25218	15000	0.59	0	6
ptg009226l_1_region	25218	15000	0.59	0	6
ptg009227l_1	229470	5731545	24.98	0	194
ptg009227l_1_region	229470	5731545	24.98	0	194
ptg009230l_1	14883	22794	1.53	0	4
ptg009230l_1_region	14883	22794	1.53	0	4
ptg009234l_1	22446	82705	3.68	0	20
ptg009234l_1_region	22446	82705	3.68	0	20
ptg009239l_1	153117	814435	5.32	0	15
ptg009239l_1_region	153117	814435	5.32	0	15
ptg009240l_1	90911	421238	4.63	0	15
ptg009240l_1_region	90911	421238	4.63	0	15
ptg009242l_1	106316	658079	6.19	0	27
ptg009242l_1_region	106316	658079	6.19	0	27
ptg009245l_1	407100	1557504	3.83	0	23
ptg009245l_1_region	407100	1557504	3.83	0	23
ptg009248l_1	81578	266308	3.26	0	11
ptg009248l_1_region	81578	266308	3.26	0	11
ptg009250l_1	116899	594842	5.09	0	20
ptg009250l_1_region	116899	594842	5.09	0	20
ptg009251l_1	69654	285839	4.10	0	18
ptg009251l_1_region	69654	285839	4.10	0	18
ptg009253l_1	34449	148188	4.30	0	13
ptg009253l_1_region	34449	148188	4.30	0	13
ptg009255l_1	376248	1441492	3.83	0	14
ptg009255l_1_region	376248	1441492	3.83	0	14
ptg009257l_1	197888	806818	4.08	0	10
ptg009257l_1_region	197888	806818	4.08	0	10
ptg009258l_1	83114	155782	1.87	0	77
ptg009258l_1_region	83114	155782	1.87	0	77
ptg009261l_1	130206	602687	4.63	0	21
ptg009261l_1_region	130206	602687	4.63	0	21
ptg009262l_1	97506	580682	5.96	0	48
ptg009262l_1_region	97506	580682	5.96	0	48
ptg009263l_1	263612	987390	3.75	0	12
ptg009263l_1_region	263612	987390	3.75	0	12
ptg009271l_1	180621	600368	3.32	0	14
ptg009271l_1_region	180621	600368	3.32	0	14
ptg009276l_1	205205	445405	2.17	0	11
ptg009276l_1_region	205205	445405	2.17	0	11
ptg009279l_1	28848	123825	4.29	0	19
ptg009279l_1_region	28848	123825	4.29	0	19
ptg009281l_1	130297	263780	2.02	0	59
ptg009281l_1_region	130297	263780	2.02	0	59
ptg009284l_1	146764	2538666	17.30	0	125
ptg009284l_1_region	146764	2538666	17.30	0	125
ptg009285l_1	104596	3311611	31.66	0	763
ptg009285l_1_region	104596	3311611	31.66	0	763
ptg009291l_1	67434	200797	2.98	0	8
ptg009291l_1_region	67434	200797	2.98	0	8
ptg009293l_1	27598	108051	3.92	0	15
ptg009293l_1_region	27598	108051	3.92	0	15
ptg009296l_1	212854	570597	2.68	0	21
ptg009296l_1_region	212854	570597	2.68	0	21
ptg009299l_1	9263	33656	3.63	0	9
ptg009299l_1_region	9263	33656	3.63	0	9
ptg009300l_1	488189	2462619	5.04	0	20
ptg009300l_1_region	488189	2462619	5.04	0	20
ptg009303l_1	44775	141282	3.16	0	14
ptg009303l_1_region	44775	141282	3.16	0	14
ptg009305l_1	38494	124522	3.23	0	20
ptg009305l_1_region	38494	124522	3.23	0	20
ptg009308l_1	72968	180861	2.48	0	9
ptg009308l_1_region	72968	180861	2.48	0	9
ptg009310l_1	251578	761877	3.03	0	12
ptg009310l_1_region	251578	761877	3.03	0	12
ptg009313l_1	707736	2401695	3.39	0	17
ptg009313l_1_region	707736	2401695	3.39	0	17
ptg009322l_1	52102	206629	3.97	0	13
ptg009322l_1_region	52102	206629	3.97	0	13
ptg009326l_1	737710	3195254	4.33	0	47
ptg009326l_1_region	737710	3195254	4.33	0	47
ptg009328l_1	41896	224399	5.36	0	14
ptg009328l_1_region	41896	224399	5.36	0	14
ptg009331l_1	31659	87332	2.76	0	9
ptg009331l_1_region	31659	87332	2.76	0	9
ptg009333l_1	15360	46842	3.05	0	9
ptg009333l_1_region	15360	46842	3.05	0	9
ptg009341l_1	196887	1161029	5.90	0	32
ptg009341l_1_region	196887	1161029	5.90	0	32
ptg009342l_1	262241	1315465	5.02	0	63
ptg009342l_1_region	262241	1315465	5.02	0	63
ptg009343l_1	36397	121150	3.33	0	11
ptg009343l_1_region	36397	121150	3.33	0	11
ptg009346l_1	202869	938935	4.63	0	12
ptg009346l_1_region	202869	938935	4.63	0	12
ptg009348l_1	261559	924620	3.54	0	18
ptg009348l_1_region	261559	924620	3.54	0	18
ptg009352l_1	74570	598098	8.02	0	205
ptg009352l_1_region	74570	598098	8.02	0	205
ptg009355l_1	43703	142371	3.26	0	10
ptg009355l_1_region	43703	142371	3.26	0	10
ptg009359l_1	19222	97422	5.07	0	13
ptg009359l_1_region	19222	97422	5.07	0	13
ptg009361l_1	90350	544646	6.03	0	36
ptg009361l_1_region	90350	544646	6.03	0	36
ptg009364l_1	176806	1074674	6.08	0	20
ptg009364l_1_region	176806	1074674	6.08	0	20
ptg009365l_1	926314	4757285	5.14	0	14
ptg009365l_1_region	926314	4757285	5.14	0	14
ptg009367l_1	122633	471049	3.84	0	13
ptg009367l_1_region	122633	471049	3.84	0	13
ptg009369l_1	106508	316797	2.97	0	11
ptg009369l_1_region	106508	316797	2.97	0	11
ptg009371l_1	130292	464633	3.57	0	14
ptg009371l_1_region	130292	464633	3.57	0	14
ptg009374l_1	162648	387248	2.38	0	17
ptg009374l_1_region	162648	387248	2.38	0	17
ptg009375l_1	388864	4988864	12.83	0	156
ptg009375l_1_region	388864	4988864	12.83	0	156
ptg009376l_1	48151	538924	11.19	0	41
ptg009376l_1_region	48151	538924	11.19	0	41
ptg009379l_1	126022	604474	4.80	0	18
ptg009379l_1_region	126022	604474	4.80	0	18
ptg009380l_1	189690	839646	4.43	0	15
ptg009380l_1_region	189690	839646	4.43	0	15
ptg009394l_1	281540	282216	1.00	0	13
ptg009394l_1_region	281540	282216	1.00	0	13
ptg009398l_1	232313	889509	3.83	0	12
ptg009398l_1_region	232313	889509	3.83	0	12
ptg009406l_1	64441	156250	2.42	0	10
ptg009406l_1_region	64441	156250	2.42	0	10
ptg009407l_1	323501	1148820	3.55	0	13
ptg009407l_1_region	323501	1148820	3.55	0	13
ptg009410l_1	1048599	3365989	3.21	0	16
ptg009410l_1_region	1048599	3365989	3.21	0	16
ptg009412l_1	50593	198861	3.93	0	14
ptg009412l_1_region	50593	198861	3.93	0	14
ptg009413l_1	113297	405172	3.58	0	14
ptg009413l_1_region	113297	405172	3.58	0	14
ptg009414l_1	145339	604927	4.16	0	21
ptg009414l_1_region	145339	604927	4.16	0	21
ptg009416l_1	83736	1571250	18.76	0	99
ptg009416l_1_region	83736	1571250	18.76	0	99
ptg009421l_1	76556	218217	2.85	0	17
ptg009421l_1_region	76556	218217	2.85	0	17
ptg009422l_1	192659	724511	3.76	0	15
ptg009422l_1_region	192659	724511	3.76	0	15
ptg009423l_1	21522	199584	9.27	0	27
ptg009423l_1_region	21522	199584	9.27	0	27
ptg009424l_1	256291	865648	3.38	0	40
ptg009424l_1_region	256291	865648	3.38	0	40
ptg009425l_1	112716	837947	7.43	0	18
ptg009425l_1_region	112716	837947	7.43	0	18
ptg009431l_1	305841	1928245	6.30	0	70
ptg009431l_1_region	305841	1928245	6.30	0	70
ptg009433l_1	28410	131408	4.63	0	11
ptg009433l_1_region	28410	131408	4.63	0	11
ptg009435l_1	510298	2372719	4.65	0	17
ptg009435l_1_region	510298	2372719	4.65	0	17
ptg009436l_1	75032	258155	3.44	0	11
ptg009436l_1_region	75032	258155	3.44	0	11
ptg009437l_1	413677	994937	2.41	0	11
ptg009437l_1_region	413677	994937	2.41	0	11
ptg009438l_1	17863	75858	4.25	0	55
ptg009438l_1_region	17863	75858	4.25	0	55
ptg009439l_1	160483	11491336	71.60	0	534
ptg009439l_1_region	160483	11491336	71.60	0	534
ptg009443l_1	74594	323334	4.33	0	12
ptg009443l_1_region	74594	323334	4.33	0	12
ptg009444l_1	77719	208739	2.69	0	13
ptg009444l_1_region	77719	208739	2.69	0	13
ptg009448l_1	186375	840941	4.51	0	18
ptg009448l_1_region	186375	840941	4.51	0	18
ptg009453l_1	105590	394823	3.74	0	14
ptg009453l_1_region	105590	394823	3.74	0	14
ptg009454l_1	1092295	5179378	4.74	0	41
ptg009454l_1_region	1092295	5179378	4.74	0	41
ptg009460l_1	40323	147336	3.65	0	10
ptg009460l_1_region	40323	147336	3.65	0	10
ptg009461l_1	17108	59958	3.50	0	9
ptg009461l_1_region	17108	59958	3.50	0	9
ptg009462l_1	179755	578974	3.22	0	14
ptg009462l_1_region	179755	578974	3.22	0	14
ptg009463l_1	34597	99209	2.87	0	13
ptg009463l_1_region	34597	99209	2.87	0	13
ptg009464l_1	171234	731950	4.27	0	39
ptg009464l_1_region	171234	731950	4.27	0	39
ptg009472l_1	91957	233764	2.54	0	11
ptg009472l_1_region	91957	233764	2.54	0	11
ptg009475l_1	61958	201015	3.24	0	12
ptg009475l_1_region	61958	201015	3.24	0	12
ptg009476l_1	19923	11501	0.58	0	5
ptg009476l_1_region	19923	11501	0.58	0	5
ptg009481l_1	49469	274902	5.56	0	18
ptg009481l_1_region	49469	274902	5.56	0	18
ptg009482l_1	79212	418776	5.29	0	17
ptg009482l_1_region	79212	418776	5.29	0	17
ptg009483l_1	203831	1361198	6.68	0	18
ptg009483l_1_region	203831	1361198	6.68	0	18
ptg009484l_1	85834	282856	3.30	0	56
ptg009484l_1_region	85834	282856	3.30	0	56
ptg009485l_1	59482	256210	4.31	0	11
ptg009485l_1_region	59482	256210	4.31	0	11
ptg009491l_1	20402	78173	3.83	0	9
ptg009491l_1_region	20402	78173	3.83	0	9
ptg009493l_1	203040	456069	2.25	0	41
ptg009493l_1_region	203040	456069	2.25	0	41
ptg009494l_1	155732	725770	4.66	0	15
ptg009494l_1_region	155732	725770	4.66	0	15
ptg009497l_1	93366	366182	3.92	0	13
ptg009497l_1_region	93366	366182	3.92	0	13
ptg009498l_1	213234	770329	3.61	0	13
ptg009498l_1_region	213234	770329	3.61	0	13
ptg009505l_1	580862	3012719	5.19	0	26
ptg009505l_1_region	580862	3012719	5.19	0	26
ptg009506l_1	875717	3295981	3.76	0	26
ptg009506l_1_region	875717	3295981	3.76	0	26
ptg009509l_1	83894	179642	2.14	0	11
ptg009509l_1_region	83894	179642	2.14	0	11
ptg009510l_1	369355	1352757	3.66	0	17
ptg009510l_1_region	369355	1352757	3.66	0	17
ptg009511l_1	258077	1392243	5.39	0	39
ptg009511l_1_region	258077	1392243	5.39	0	39
ptg009512l_1	303620	1111634	3.66	0	19
ptg009512l_1_region	303620	1111634	3.66	0	19
ptg009513l_1	2424299	7977646	3.29	0	46
ptg009513l_1_region	2424299	7977646	3.29	0	46
ptg009515l_1	87665	364256	4.16	0	11
ptg009515l_1_region	87665	364256	4.16	0	11
ptg009521l_1	273526	1071978	3.92	0	14
ptg009521l_1_region	273526	1071978	3.92	0	14
ptg009524l_1	231693	2188895	9.45	0	30
ptg009524l_1_region	231693	2188895	9.45	0	30
ptg009526l_1	161251	771555	4.78	0	14
ptg009526l_1_region	161251	771555	4.78	0	14
ptg009527l_1	308312	1283654	4.16	0	21
ptg009527l_1_region	308312	1283654	4.16	0	21
ptg009530l_1	59208	170979	2.89	0	14
ptg009530l_1_region	59208	170979	2.89	0	14
ptg009531l_1	44984	208208	4.63	0	16
ptg009531l_1_region	44984	208208	4.63	0	16
ptg009533l_1	24641	59845	2.43	0	6
ptg009533l_1_region	24641	59845	2.43	0	6
ptg009534l_1	79712	217595	2.73	0	10
ptg009534l_1_region	79712	217595	2.73	0	10
ptg009535l_1	48832	225908	4.63	0	14
ptg009535l_1_region	48832	225908	4.63	0	14
ptg009536l_1	127941	426971	3.34	0	20
ptg009536l_1_region	127941	426971	3.34	0	20
ptg009537l_1	249693	756123	3.03	0	52
ptg009537l_1_region	249693	756123	3.03	0	52
ptg009539l_1	85461	708900	8.30	0	26
ptg009539l_1_region	85461	708900	8.30	0	26
ptg009540l_1	100602	351632	3.50	0	13
ptg009540l_1_region	100602	351632	3.50	0	13
ptg009541l_1	46650	240708	5.16	0	14
ptg009541l_1_region	46650	240708	5.16	0	14
ptg009542l_1	53152	127438	2.40	0	18
ptg009542l_1_region	53152	127438	2.40	0	18
ptg009543l_1	177784	305982	1.72	0	8
ptg009543l_1_region	177784	305982	1.72	0	8
ptg009544l_1	102665	395800	3.86	0	20
ptg009544l_1_region	102665	395800	3.86	0	20
ptg009545l_1	42556	104600	2.46	0	11
ptg009545l_1_region	42556	104600	2.46	0	11
ptg009546l_1	116260	437324	3.76	0	12
ptg009546l_1_region	116260	437324	3.76	0	12
ptg009547l_1	138247	530165	3.83	0	13
ptg009547l_1_region	138247	530165	3.83	0	13
ptg009548l_1	22027	81159	3.68	0	8
ptg009548l_1_region	22027	81159	3.68	0	8
ptg009551l_1	52089	270077	5.18	0	22
ptg009551l_1_region	52089	270077	5.18	0	22
ptg009552l_1	20480	78144	3.82	0	19
ptg009552l_1_region	20480	78144	3.82	0	19
ptg009553l_1	100640	433166	4.30	0	14
ptg009553l_1_region	100640	433166	4.30	0	14
ptg009558l_1	271334	1009957	3.72	0	12
ptg009558l_1_region	271334	1009957	3.72	0	12
ptg009559l_1	110317	479849	4.35	0	15
ptg009559l_1_region	110317	479849	4.35	0	15
ptg009563l_1	114814	476581	4.15	0	14
ptg009563l_1_region	114814	476581	4.15	0	14
ptg009571l_1	300473	11853012	39.45	0	199
ptg009571l_1_region	300473	11853012	39.45	0	199
ptg009574l_1	236709	1126979	4.76	0	41
ptg009574l_1_region	236709	1126979	4.76	0	41
ptg009575l_1	53294	154782	2.90	0	20
ptg009575l_1_region	53294	154782	2.90	0	20
ptg009576l_1	301819	1321771	4.38	0	21
ptg009576l_1_region	301819	1321771	4.38	0	21
ptg009577l_1	56342	172980	3.07	0	13
ptg009577l_1_region	56342	172980	3.07	0	13
ptg009582l_1	28663	82634	2.88	0	8
ptg009582l_1_region	28663	82634	2.88	0	8
ptg009588l_1	68279	251469	3.68	0	12
ptg009588l_1_region	68279	251469	3.68	0	12
ptg009592l_1	112632	484049	4.30	0	26
ptg009592l_1_region	112632	484049	4.30	0	26
ptg009593l_1	225472	784064	3.48	0	14
ptg009593l_1_region	225472	784064	3.48	0	14
ptg009598l_1	66062	220788	3.34	0	12
ptg009598l_1_region	66062	220788	3.34	0	12
ptg009602l_1	102028	182636	1.79	0	8
ptg009602l_1_region	102028	182636	1.79	0	8
ptg009603l_1	89814	386565	4.30	0	16
ptg009603l_1_region	89814	386565	4.30	0	16
ptg009605l_1	82989	224713	2.71	0	7
ptg009605l_1_region	82989	224713	2.71	0	7
ptg009606l_1	63999	253316	3.96	0	11
ptg009606l_1_region	63999	253316	3.96	0	11
ptg009609l_1	49370	89240	1.81	0	6
ptg009609l_1_region	49370	89240	1.81	0	6
ptg009610l_1	229700	682371	2.97	0	25
ptg009610l_1_region	229700	682371	2.97	0	25
ptg009617l_1	11333	23492	2.07	0	4
ptg009617l_1_region	11333	23492	2.07	0	4
ptg009618l_1	143754	618700	4.30	0	31
ptg009618l_1_region	143754	618700	4.30	0	31
ptg009622l_1	255802	2067506	8.08	0	27
ptg009622l_1_region	255802	2067506	8.08	0	27
ptg009624l_1	11654	29839	2.56	0	8
ptg009624l_1_region	11654	29839	2.56	0	8
ptg009627l_1	83572	319099	3.82	0	9
ptg009627l_1_region	83572	319099	3.82	0	9
ptg009630l_1	82720	424835	5.14	0	14
ptg009630l_1_region	82720	424835	5.14	0	14
ptg009631l_1	302530	1702607	5.63	0	72
ptg009631l_1_region	302530	1702607	5.63	0	72
ptg009635l_1	11442	81505	7.12	4	10
ptg009635l_1_region	11442	81505	7.12	4	10
ptg009636l_1	19501	38250	1.96	0	6
ptg009636l_1_region	19501	38250	1.96	0	6
ptg009638l_1	289453	1349010	4.66	0	24
ptg009638l_1_region	289453	1349010	4.66	0	24
ptg009639l_1	241875	528888	2.19	0	12
ptg009639l_1_region	241875	528888	2.19	0	12
ptg009640l_1	61762	211081	3.42	0	9
ptg009640l_1_region	61762	211081	3.42	0	9
ptg009642l_1	51652	209370	4.05	0	12
ptg009642l_1_region	51652	209370	4.05	0	12
ptg009649l_1	307614	1020660	3.32	0	27
ptg009649l_1_region	307614	1020660	3.32	0	27
ptg009654l_1	252442	1887330	7.48	0	24
ptg009654l_1_region	252442	1887330	7.48	0	24
ptg009659l_1	61820	262783	4.25	0	24
ptg009659l_1_region	61820	262783	4.25	0	24
ptg009668l_1	155371	281586	1.81	0	8
ptg009668l_1_region	155371	281586	1.81	0	8
ptg009672l_1	33215	135861	4.09	0	17
ptg009672l_1_region	33215	135861	4.09	0	17
ptg009680l_1	11534	39115	3.39	0	9
ptg009680l_1_region	11534	39115	3.39	0	9
ptg009681l_1	45367	122034	2.69	0	9
ptg009681l_1_region	45367	122034	2.69	0	9
ptg009684l_1	323758	6180567	19.09	0	430
ptg009684l_1_region	323758	6180567	19.09	0	430
ptg009685l_1	40271	69647	1.73	0	6
ptg009685l_1_region	40271	69647	1.73	0	6
ptg009687l_1	64667	128484	1.99	0	7
ptg009687l_1_region	64667	128484	1.99	0	7
ptg009693l_1	140321	587331	4.19	0	22
ptg009693l_1_region	140321	587331	4.19	0	22
ptg009694l_1	198018	780063	3.94	0	12
ptg009694l_1_region	198018	780063	3.94	0	12
ptg009695l_1	20398	63618	3.12	0	9
ptg009695l_1_region	20398	63618	3.12	0	9
ptg009697l_1	25090	35243	1.40	0	2
ptg009697l_1_region	25090	35243	1.40	0	2
ptg009698l_1	108240	389739	3.60	0	16
ptg009698l_1_region	108240	389739	3.60	0	16
ptg009701l_1	20243	63821	3.15	0	8
ptg009701l_1_region	20243	63821	3.15	0	8
ptg009702l_1	142373	670299	4.71	0	14
ptg009702l_1_region	142373	670299	4.71	0	14
ptg009704l_1	93014	1022465	10.99	0	69
ptg009704l_1_region	93014	1022465	10.99	0	69
ptg009707l_1	62459	191527	3.07	0	11
ptg009707l_1_region	62459	191527	3.07	0	11
ptg009709l_1	326973	1765646	5.40	0	40
ptg009709l_1_region	326973	1765646	5.40	0	40
ptg009713l_1	18504	147585	7.98	1	19
ptg009713l_1_region	18504	147585	7.98	1	19
ptg009714l_1	79714	202822	2.54	0	9
ptg009714l_1_region	79714	202822	2.54	0	9
ptg009715l_1	175791	994257	5.66	0	44
ptg009715l_1_region	175791	994257	5.66	0	44
ptg009718l_1	59726	246572	4.13	0	9
ptg009718l_1_region	59726	246572	4.13	0	9
ptg009720l_1	162463	16116728	99.20	0	1937
ptg009720l_1_region	162463	16116728	99.20	0	1937
ptg009724l_1	230549	1237764	5.37	0	26
ptg009724l_1_region	230549	1237764	5.37	0	26
ptg009726l_1	226585	817839	3.61	0	16
ptg009726l_1_region	226585	817839	3.61	0	16
ptg009727l_1	60326	286377	4.75	0	42
ptg009727l_1_region	60326	286377	4.75	0	42
ptg009737l_1	168741	269457	1.60	0	21
ptg009737l_1_region	168741	269457	1.60	0	21
ptg009740l_1	381092	1520144	3.99	0	49
ptg009740l_1_region	381092	1520144	3.99	0	49
ptg009741l_1	390616	81513	0.21	0	8
ptg009741l_1_region	390616	81513	0.21	0	8
ptg009743l_1	87468	226201	2.59	0	13
ptg009743l_1_region	87468	226201	2.59	0	13
ptg009746l_1	72792	247053	3.39	0	11
ptg009746l_1_region	72792	247053	3.39	0	11
ptg009747l_1	114291	1367132	11.96	0	113
ptg009747l_1_region	114291	1367132	11.96	0	113
ptg009751l_1	30386	91957	3.03	0	7
ptg009751l_1_region	30386	91957	3.03	0	7
ptg009753l_1	184476	938578	5.09	0	22
ptg009753l_1_region	184476	938578	5.09	0	22
ptg009754l_1	72882	166294	2.28	0	10
ptg009754l_1_region	72882	166294	2.28	0	10
ptg009756l_1	20767	48234	2.32	0	6
ptg009756l_1_region	20767	48234	2.32	0	6
ptg009757l_1	54011	507110	9.39	1	17
ptg009757l_1_region	54011	507110	9.39	1	17
ptg009758l_1	63250	186661	2.95	0	11
ptg009758l_1_region	63250	186661	2.95	0	11
ptg009769l_1	31409	151731	4.83	0	14
ptg009769l_1_region	31409	151731	4.83	0	14
ptg009770l_1	123386	640204	5.19	0	15
ptg009770l_1_region	123386	640204	5.19	0	15
ptg009778l_1	248998	1029768	4.14	0	69
ptg009778l_1_region	248998	1029768	4.14	0	69
ptg009784l_1	49737	111170	2.24	0	8
ptg009784l_1_region	49737	111170	2.24	0	8
ptg009785l_1	230419	719987	3.12	0	52
ptg009785l_1_region	230419	719987	3.12	0	52
ptg009790l_1	28774	114828	3.99	0	14
ptg009790l_1_region	28774	114828	3.99	0	14
ptg009792l_1	183740	613604	3.34	0	42
ptg009792l_1_region	183740	613604	3.34	0	42
ptg009793l_1	61873	177604	2.87	0	9
ptg009793l_1_region	61873	177604	2.87	0	9
ptg009796l_1	45747	155697	3.40	0	12
ptg009796l_1_region	45747	155697	3.40	0	12
ptg009798l_1	179509	534319	2.98	0	8
ptg009798l_1_region	179509	534319	2.98	0	8
ptg009801l_1	60651	178726	2.95	0	12
ptg009801l_1_region	60651	178726	2.95	0	12
ptg009802l_1	258707	1277898	4.94	0	13
ptg009802l_1_region	258707	1277898	4.94	0	13
ptg009813l_1	182090	1199056	6.58	0	72
ptg009813l_1_region	182090	1199056	6.58	0	72
ptg009814l_1	275300	986955	3.59	0	12
ptg009814l_1_region	275300	986955	3.59	0	12
ptg009816l_1	185621	747388	4.03	0	18
ptg009816l_1_region	185621	747388	4.03	0	18
ptg009819l_1	127024	465068	3.66	0	16
ptg009819l_1_region	127024	465068	3.66	0	16
ptg009820l_1	588076	3247507	5.52	0	35
ptg009820l_1_region	588076	3247507	5.52	0	35
ptg009825l_1	14943	23152	1.55	0	4
ptg009825l_1_region	14943	23152	1.55	0	4
ptg009826l_1	21911	19735	0.90	0	2
ptg009826l_1_region	21911	19735	0.90	0	2
ptg009829l_1	227779	314266	1.38	0	9
ptg009829l_1_region	227779	314266	1.38	0	9
ptg009830l_1	412552	2941919	7.13	0	22
ptg009830l_1_region	412552	2941919	7.13	0	22
ptg009831l_1	16000	135273	8.45	0	33
ptg009831l_1_region	16000	135273	8.45	0	33
ptg009840l_1	158910	580331	3.65	0	16
ptg009840l_1_region	158910	580331	3.65	0	16
ptg009843l_1	142517	456735	3.20	0	9
ptg009843l_1_region	142517	456735	3.20	0	9
ptg009844l_1	261763	922374	3.52	0	13
ptg009844l_1_region	261763	922374	3.52	0	13
ptg009847l_1	143409	482760	3.37	0	10
ptg009847l_1_region	143409	482760	3.37	0	10
ptg009848l_1	66667	504327	7.56	0	127
ptg009848l_1_region	66667	504327	7.56	0	127
ptg009853l_1	249179	1041426	4.18	0	15
ptg009853l_1_region	249179	1041426	4.18	0	15
ptg009854l_1	123254	399973	3.25	0	11
ptg009854l_1_region	123254	399973	3.25	0	11
ptg009856l_1	26117	146452	5.61	0	15
ptg009856l_1_region	26117	146452	5.61	0	15
ptg009858l_1	158678	763275	4.81	0	13
ptg009858l_1_region	158678	763275	4.81	0	13
ptg009859l_1	134107	337788	2.52	0	36
ptg009859l_1_region	134107	337788	2.52	0	36
ptg009861l_1	131045	415057	3.17	0	13
ptg009861l_1_region	131045	415057	3.17	0	13
ptg009863l_1	130942	384147	2.93	0	14
ptg009863l_1_region	130942	384147	2.93	0	14
ptg009867l_1	50728	190870	3.76	0	12
ptg009867l_1_region	50728	190870	3.76	0	12
ptg009868l_1	34789	121183	3.48	0	7
ptg009868l_1_region	34789	121183	3.48	0	7
ptg009869l_1	165139	765960	4.64	0	16
ptg009869l_1_region	165139	765960	4.64	0	16
ptg009870l_1	114703	321320	2.80	0	10
ptg009870l_1_region	114703	321320	2.80	0	10
ptg009871l_1	221186	994518	4.50	0	55
ptg009871l_1_region	221186	994518	4.50	0	55
ptg009872l_1	35443	66436	1.87	0	6
ptg009872l_1_region	35443	66436	1.87	0	6
ptg009873l_1	37550	149186	3.97	0	8
ptg009873l_1_region	37550	149186	3.97	0	8
ptg009874l_1	95095	347391	3.65	0	15
ptg009874l_1_region	95095	347391	3.65	0	15
ptg009875l_1	63827	277155	4.34	0	20
ptg009875l_1_region	63827	277155	4.34	0	20
ptg009878l_1	128083	215444	1.68	0	11
ptg009878l_1_region	128083	215444	1.68	0	11
ptg009879l_1	178844	814164	4.55	0	20
ptg009879l_1_region	178844	814164	4.55	0	20
ptg009880l_1	64711	269897	4.17	0	15
ptg009880l_1_region	64711	269897	4.17	0	15
ptg009881l_1	50977	167020	3.28	0	10
ptg009881l_1_region	50977	167020	3.28	0	10
ptg009884l_1	33314	131551	3.95	0	9
ptg009884l_1_region	33314	131551	3.95	0	9
ptg009886l_1	12033	46642	3.88	0	6
ptg009886l_1_region	12033	46642	3.88	0	6
ptg009890l_1	57841	185353	3.20	0	10
ptg009890l_1_region	57841	185353	3.20	0	10
ptg009901l_1	125872	384528	3.05	0	11
ptg009901l_1_region	125872	384528	3.05	0	11
ptg009902l_1	88898	267356	3.01	0	16
ptg009902l_1_region	88898	267356	3.01	0	16
ptg009903l_1	78902	337413	4.28	0	17
ptg009903l_1_region	78902	337413	4.28	0	17
ptg009904l_1	56593	229306	4.05	0	10
ptg009904l_1_region	56593	229306	4.05	0	10
ptg009908l_1	33148	68508	2.07	0	8
ptg009908l_1_region	33148	68508	2.07	0	8
ptg009909l_1	77713	303722	3.91	0	10
ptg009909l_1_region	77713	303722	3.91	0	10
ptg009913l_1	68822	216671	3.15	0	10
ptg009913l_1_region	68822	216671	3.15	0	10
ptg009914l_1	104946	190066	1.81	0	17
ptg009914l_1_region	104946	190066	1.81	0	17
ptg009919l_1	250294	764751	3.06	0	11
ptg009919l_1_region	250294	764751	3.06	0	11
ptg009927l_1	421664	1933695	4.59	0	15
ptg009927l_1_region	421664	1933695	4.59	0	15
ptg009929l_1	98031	354981	3.62	0	44
ptg009929l_1_region	98031	354981	3.62	0	44
ptg009932l_1	26500	108901	4.11	0	9
ptg009932l_1_region	26500	108901	4.11	0	9
ptg009935l_1	175859	709089	4.03	0	15
ptg009935l_1_region	175859	709089	4.03	0	15
ptg009936l_1	37438	118360	3.16	0	11
ptg009936l_1_region	37438	118360	3.16	0	11
ptg009940l_1	146956	601343	4.09	0	21
ptg009940l_1_region	146956	601343	4.09	0	21
ptg009943l_1	50611	225925	4.46	0	14
ptg009943l_1_region	50611	225925	4.46	0	14
ptg009946l_1	145349	807962	5.56	0	17
ptg009946l_1_region	145349	807962	5.56	0	17
ptg009948l_1	109943	313337	2.85	0	9
ptg009948l_1_region	109943	313337	2.85	0	9
ptg009949l_1	405522	2438498	6.01	0	21
ptg009949l_1_region	405522	2438498	6.01	0	21
ptg009950l_1	12667	7017	0.55	0	3
ptg009950l_1_region	12667	7017	0.55	0	3
ptg009955l_1	55315	258333	4.67	0	12
ptg009955l_1_region	55315	258333	4.67	0	12
ptg009956l_1	51854	116384	2.24	0	11
ptg009956l_1_region	51854	116384	2.24	0	11
ptg009969l_1	213789	667646	3.12	0	15
ptg009969l_1_region	213789	667646	3.12	0	15
ptg009970l_1	285603	974634	3.41	0	13
ptg009970l_1_region	285603	974634	3.41	0	13
ptg009971l_1	69150	325069	4.70	0	23
ptg009971l_1_region	69150	325069	4.70	0	23
ptg009973l_1	58894	124559	2.11	0	6
ptg009973l_1_region	58894	124559	2.11	0	6
ptg009975l_1	47091	169020	3.59	0	14
ptg009975l_1_region	47091	169020	3.59	0	14
ptg009976l_1	82156	124036	1.51	0	5
ptg009976l_1_region	82156	124036	1.51	0	5
ptg009977l_1	52364	160800	3.07	0	9
ptg009977l_1_region	52364	160800	3.07	0	9
ptg009981l_1	11187	49096	4.39	0	10
ptg009981l_1_region	11187	49096	4.39	0	10
ptg009983l_1	50349	1071145	21.27	0	348
ptg009983l_1_region	50349	1071145	21.27	0	348
ptg009986l_1	95539	633975	6.64	0	17
ptg009986l_1_region	95539	633975	6.64	0	17
ptg009987l_1	94253	295800	3.14	0	7
ptg009987l_1_region	94253	295800	3.14	0	7
ptg009989l_1	995693	5336749	5.36	0	24
ptg009989l_1_region	995693	5336749	5.36	0	24
ptg009993l_1	18000	87614	4.87	0	11
ptg009993l_1_region	18000	87614	4.87	0	11
ptg010000l_1	291700	1528200	5.24	0	15
ptg010000l_1_region	291700	1528200	5.24	0	15
ptg010006l_1	16556	33243	2.01	0	7
ptg010006l_1_region	16556	33243	2.01	0	7
ptg010008l_1	138081	673781	4.88	0	18
ptg010008l_1_region	138081	673781	4.88	0	18
ptg010010l_1	16910	42358	2.50	0	7
ptg010010l_1_region	16910	42358	2.50	0	7
ptg010012l_1	119905	125266	1.04	0	17
ptg010012l_1_region	119905	125266	1.04	0	17
ptg010014l_1	113413	483752	4.27	0	12
ptg010014l_1_region	113413	483752	4.27	0	12
ptg010015l_1	29788	137890	4.63	0	11
ptg010015l_1_region	29788	137890	4.63	0	11
ptg010016l_1	100269	818107	8.16	0	23
ptg010016l_1_region	100269	818107	8.16	0	23
ptg010018l_1	72995	327582	4.49	0	17
ptg010018l_1_region	72995	327582	4.49	0	17
ptg010021l_1	234819	1009647	4.30	0	20
ptg010021l_1_region	234819	1009647	4.30	0	20
ptg010022l_1	28767	40597	1.41	0	6
ptg010022l_1_region	28767	40597	1.41	0	6
ptg010025l_1	34421	98067	2.85	0	18
ptg010025l_1_region	34421	98067	2.85	0	18
ptg010026l_1	12942	13646	1.05	0	4
ptg010026l_1_region	12942	13646	1.05	0	4
ptg010027l_1	243340	1327728	5.46	0	14
ptg010027l_1_region	243340	1327728	5.46	0	14
ptg010028l_1	27997	97518	3.48	0	10
ptg010028l_1_region	27997	97518	3.48	0	10
ptg010033l_1	228742	754681	3.30	0	17
ptg010033l_1_region	228742	754681	3.30	0	17
ptg010034l_1	347539	1024641	2.95	0	25
ptg010034l_1_region	347539	1024641	2.95	0	25
ptg010036l_1	135824	493187	3.63	0	17
ptg010036l_1_region	135824	493187	3.63	0	17
ptg010037l_1	538184	1966471	3.65	0	16
ptg010037l_1_region	538184	1966471	3.65	0	16
ptg010038l_1	21639	162204	7.50	0	39
ptg010038l_1_region	21639	162204	7.50	0	39
ptg010039l_1	107747	951959	8.84	0	60
ptg010039l_1_region	107747	951959	8.84	0	60
ptg010044l_1	88340	333633	3.78	0	14
ptg010044l_1_region	88340	333633	3.78	0	14
ptg010046l_1	48602	251692	5.18	0	12
ptg010046l_1_region	48602	251692	5.18	0	12
ptg010047l_1	81790	321876	3.94	0	22
ptg010047l_1_region	81790	321876	3.94	0	22
ptg010048l_1	163925	2260585	13.79	0	131
ptg010048l_1_region	163925	2260585	13.79	0	131
ptg010053l_1	11275	23744	2.11	0	4
ptg010053l_1_region	11275	23744	2.11	0	4
ptg010054l_1	145308	403880	2.78	0	11
ptg010054l_1_region	145308	403880	2.78	0	11
ptg010055l_1	34596	141748	4.10	0	10
ptg010055l_1_region	34596	141748	4.10	0	10
ptg010058l_1	16452	99339	6.04	0	16
ptg010058l_1_region	16452	99339	6.04	0	16
ptg010059l_1	35112	72447	2.06	0	11
ptg010059l_1_region	35112	72447	2.06	0	11
ptg010061l_1	37646	105289	2.80	0	12
ptg010061l_1_region	37646	105289	2.80	0	12
ptg010063l_1	106736	468064	4.39	0	21
ptg010063l_1_region	106736	468064	4.39	0	21
ptg010064l_1	13233	87609	6.62	0	12
ptg010064l_1_region	13233	87609	6.62	0	12
ptg010071l_1	20129	64514	3.21	0	8
ptg010071l_1_region	20129	64514	3.21	0	8
ptg010072l_1	119357	229676	1.92	0	10
ptg010072l_1_region	119357	229676	1.92	0	10
ptg010076l_1	103573	467050	4.51	0	15
ptg010076l_1_region	103573	467050	4.51	0	15
ptg010077l_1	631931	4577448	7.24	0	56
ptg010077l_1_region	631931	4577448	7.24	0	56
ptg010081l_1	31339	53951	1.72	0	5
ptg010081l_1_region	31339	53951	1.72	0	5
ptg010088l_1	392444	1238947	3.16	0	12
ptg010088l_1_region	392444	1238947	3.16	0	12
ptg010091l_1	94446	364935	3.86	0	48
ptg010091l_1_region	94446	364935	3.86	0	48
ptg010096l_1	42032	34450	0.82	0	6
ptg010096l_1_region	42032	34450	0.82	0	6
ptg010099l_1	259158	1117081	4.31	0	24
ptg010099l_1_region	259158	1117081	4.31	0	24
ptg010102l_1	128540	525812	4.09	0	16
ptg010102l_1_region	128540	525812	4.09	0	16
ptg010107l_1	315525	1242774	3.94	0	26
ptg010107l_1_region	315525	1242774	3.94	0	26
ptg010108l_1	57441	246025	4.28	0	10
ptg010108l_1_region	57441	246025	4.28	0	10
ptg010110l_1	214674	898155	4.18	0	14
ptg010110l_1_region	214674	898155	4.18	0	14
ptg010111l_1	52806	181583	3.44	0	7
ptg010111l_1_region	52806	181583	3.44	0	7
ptg010113l_1	294221	893896	3.04	0	15
ptg010113l_1_region	294221	893896	3.04	0	15
ptg010117l_1	74651	357768	4.79	0	13
ptg010117l_1_region	74651	357768	4.79	0	13
ptg010120l_1	38434	133471	3.47	0	9
ptg010120l_1_region	38434	133471	3.47	0	9
ptg010122l_1	29254	132626	4.53	0	13
ptg010122l_1_region	29254	132626	4.53	0	13
ptg010123l_1	234277	942651	4.02	0	20
ptg010123l_1_region	234277	942651	4.02	0	20
ptg010124l_1	27944	102630	3.67	0	8
ptg010124l_1_region	27944	102630	3.67	0	8
ptg010135l_1	78217	263971	3.37	0	11
ptg010135l_1_region	78217	263971	3.37	0	11
ptg010138l_1	84241	266646	3.17	0	11
ptg010138l_1_region	84241	266646	3.17	0	11
ptg010144l_1	185131	411632	2.22	0	12
ptg010144l_1_region	185131	411632	2.22	0	12
ptg010148l_1	27696	67254	2.43	0	7
ptg010148l_1_region	27696	67254	2.43	0	7
ptg010152l_1	25780	180657	7.01	0	16
ptg010152l_1_region	25780	180657	7.01	0	16
ptg010154l_1	84623	248998	2.94	0	9
ptg010154l_1_region	84623	248998	2.94	0	9
ptg010155l_1	565073	1828311	3.24	0	13
ptg010155l_1_region	565073	1828311	3.24	0	13
ptg010157l_1	36138	89010	2.46	0	13
ptg010157l_1_region	36138	89010	2.46	0	13
ptg010158l_1	238013	886210	3.72	0	13
ptg010158l_1_region	238013	886210	3.72	0	13
ptg010164l_1	84875	127798	1.51	0	17
ptg010164l_1_region	84875	127798	1.51	0	17
ptg010167l_1	321483	9889601	30.76	0	215
ptg010167l_1_region	321483	9889601	30.76	0	215
ptg010172l_1	139761	390784	2.80	0	9
ptg010172l_1_region	139761	390784	2.80	0	9
ptg010175l_1	60550	145082	2.40	0	14
ptg010175l_1_region	60550	145082	2.40	0	14
ptg010189l_1	9024	5890	0.65	0	2
ptg010189l_1_region	9024	5890	0.65	0	2
ptg010191l_1	1209973	251552	0.21	0	10
ptg010191l_1_region	1209973	251552	0.21	0	10
ptg010192l_1	132455	834013	6.30	0	27
ptg010192l_1_region	132455	834013	6.30	0	27
ptg010194l_1	95683	768690	8.03	0	24
ptg010194l_1_region	95683	768690	8.03	0	24
ptg010195l_1	334967	1075008	3.21	0	11
ptg010195l_1_region	334967	1075008	3.21	0	11
ptg010196l_1	185130	348062	1.88	0	13
ptg010196l_1_region	185130	348062	1.88	0	13
ptg010199l_1	125308	455560	3.64	0	10
ptg010199l_1_region	125308	455560	3.64	0	10
ptg010200l_1	235392	1250800	5.31	0	30
ptg010200l_1_region	235392	1250800	5.31	0	30
ptg010201l_1	127848	376825	2.95	0	9
ptg010201l_1_region	127848	376825	2.95	0	9
ptg010214l_1	90997	380314	4.18	0	17
ptg010214l_1_region	90997	380314	4.18	0	17
ptg010216l_1	101975	506580	4.97	0	18
ptg010216l_1_region	101975	506580	4.97	0	18
ptg010217l_1	56986	86491	1.52	0	6
ptg010217l_1_region	56986	86491	1.52	0	6
ptg010218l_1	97347	292389	3.00	0	16
ptg010218l_1_region	97347	292389	3.00	0	16
ptg010223l_1	84042	338490	4.03	0	10
ptg010223l_1_region	84042	338490	4.03	0	10
ptg010227l_1	33497	94413	2.82	0	8
ptg010227l_1_region	33497	94413	2.82	0	8
ptg010230l_1	71513	267670	3.74	0	20
ptg010230l_1_region	71513	267670	3.74	0	20
ptg010239l_1	115203	314145	2.73	0	12
ptg010239l_1_region	115203	314145	2.73	0	12
ptg010241l_1	23249	48303	2.08	0	6
ptg010241l_1_region	23249	48303	2.08	0	6
ptg010243l_1	295613	1864784	6.31	0	22
ptg010243l_1_region	295613	1864784	6.31	0	22
ptg010245l_1	538354	2085955	3.87	0	17
ptg010245l_1_region	538354	2085955	3.87	0	17
ptg010248l_1	378581	1816774	4.80	0	14
ptg010248l_1_region	378581	1816774	4.80	0	14
ptg010249l_1	82515	244988	2.97	0	9
ptg010249l_1_region	82515	244988	2.97	0	9
ptg010250l_1	49428	150074	3.04	0	9
ptg010250l_1_region	49428	150074	3.04	0	9
ptg010251l_1	167981	638953	3.80	0	22
ptg010251l_1_region	167981	638953	3.80	0	22
ptg010252l_1	73322	284920	3.89	0	15
ptg010252l_1_region	73322	284920	3.89	0	15
ptg010253l_1	118381	657140	5.55	0	23
ptg010253l_1_region	118381	657140	5.55	0	23
ptg010254l_1	16237	60400	3.72	0	14
ptg010254l_1_region	16237	60400	3.72	0	14
ptg010255l_1	44924	124038	2.76	0	10
ptg010255l_1_region	44924	124038	2.76	0	10
ptg010260l_1	105276	283044	2.69	0	13
ptg010260l_1_region	105276	283044	2.69	0	13
ptg010265l_1	22103	20384	0.92	0	4
ptg010265l_1_region	22103	20384	0.92	0	4
ptg010266l_1	184750	683198	3.70	0	18
ptg010266l_1_region	184750	683198	3.70	0	18
ptg010267l_1	58170	306422	5.27	0	21
ptg010267l_1_region	58170	306422	5.27	0	21
ptg010269l_1	160890	773368	4.81	0	22
ptg010269l_1_region	160890	773368	4.81	0	22
ptg010272l_1	35316	125285	3.55	0	24
ptg010272l_1_region	35316	125285	3.55	0	24
ptg010274l_1	97152	396661	4.08	0	28
ptg010274l_1_region	97152	396661	4.08	0	28
ptg010275l_1	84322	272674	3.23	0	30
ptg010275l_1_region	84322	272674	3.23	0	30
ptg010276l_1	41392	121936	2.95	0	8
ptg010276l_1_region	41392	121936	2.95	0	8
ptg010278l_1	72962	336040	4.61	0	20
ptg010278l_1_region	72962	336040	4.61	0	20
ptg010283l_1	70040	386060	5.51	0	17
ptg010283l_1_region	70040	386060	5.51	0	17
ptg010285l_1	161241	1138924	7.06	0	17
ptg010285l_1_region	161241	1138924	7.06	0	17
ptg010287l_1	118798	460390	3.88	0	14
ptg010287l_1_region	118798	460390	3.88	0	14
ptg010289l_1	123634	764583	6.18	0	37
ptg010289l_1_region	123634	764583	6.18	0	37
ptg010292l_1	39980	90261	2.26	0	5
ptg010292l_1_region	39980	90261	2.26	0	5
ptg010295l_1	100608	378467	3.76	0	24
ptg010295l_1_region	100608	378467	3.76	0	24
ptg010297l_1	229922	728182	3.17	0	20
ptg010297l_1_region	229922	728182	3.17	0	20
ptg010302l_1	27618	87340	3.16	0	13
ptg010302l_1_region	27618	87340	3.16	0	13
ptg010305l_1	16443	29942	1.82	0	4
ptg010305l_1_region	16443	29942	1.82	0	4
ptg010309l_1	47220	230004	4.87	0	20
ptg010309l_1_region	47220	230004	4.87	0	20
ptg010310l_1	222966	709714	3.18	0	26
ptg010310l_1_region	222966	709714	3.18	0	26
ptg010313l_1	345796	1825057	5.28	0	12
ptg010313l_1_region	345796	1825057	5.28	0	12
ptg010315l_1	16116	34942	2.17	0	7
ptg010315l_1_region	16116	34942	2.17	0	7
ptg010321l_1	79418	499111	6.28	0	34
ptg010321l_1_region	79418	499111	6.28	0	34
ptg010322l_1	95467	203597	2.13	0	8
ptg010322l_1_region	95467	203597	2.13	0	8
ptg010329l_1	28669	69094	2.41	0	6
ptg010329l_1_region	28669	69094	2.41	0	6
ptg010334l_1	30890	133420	4.32	0	19
ptg010334l_1_region	30890	133420	4.32	0	19
ptg010339l_1	39027	118423	3.03	0	14
ptg010339l_1_region	39027	118423	3.03	0	14
ptg010342l_1	35038	174304	4.97	0	18
ptg010342l_1_region	35038	174304	4.97	0	18
ptg010344l_1	75553	303255	4.01	0	21
ptg010344l_1_region	75553	303255	4.01	0	21
ptg010345l_1	44324	68523	1.55	0	30
ptg010345l_1_region	44324	68523	1.55	0	30
ptg010348l_1	39582	100333	2.53	0	10
ptg010348l_1_region	39582	100333	2.53	0	10
ptg010353l_1	206096	728692	3.54	0	11
ptg010353l_1_region	206096	728692	3.54	0	11
ptg010354l_1	79475	222897	2.80	0	11
ptg010354l_1_region	79475	222897	2.80	0	11
ptg010355l_1	96065	256164	2.67	0	11
ptg010355l_1_region	96065	256164	2.67	0	11
ptg010357l_1	35135	134788	3.84	0	8
ptg010357l_1_region	35135	134788	3.84	0	8
ptg010360l_1	125708	620377	4.94	0	24
ptg010360l_1_region	125708	620377	4.94	0	24
ptg010369l_1	32585	58686	1.80	0	6
ptg010369l_1_region	32585	58686	1.80	0	6
ptg010372l_1	31741	83806	2.64	0	6
ptg010372l_1_region	31741	83806	2.64	0	6
ptg010375l_1	62285	414435	6.65	0	18
ptg010375l_1_region	62285	414435	6.65	0	18
ptg010376l_1	279337	928420	3.32	0	15
ptg010376l_1_region	279337	928420	3.32	0	15
ptg010380l_1	354850	1000024	2.82	0	20
ptg010380l_1_region	354850	1000024	2.82	0	20
ptg010381l_1	57351	205034	3.58	0	21
ptg010381l_1_region	57351	205034	3.58	0	21
ptg010382l_1	70320	230777	3.28	0	21
ptg010382l_1_region	70320	230777	3.28	0	21
ptg010386l_1	104360	315958	3.03	0	10
ptg010386l_1_region	104360	315958	3.03	0	10
ptg010387l_1	40601	142793	3.52	0	11
ptg010387l_1_region	40601	142793	3.52	0	11
ptg010390l_1	236610	581533	2.46	0	26
ptg010390l_1_region	236610	581533	2.46	0	26
ptg010391l_1	60034	524909	8.74	0	32
ptg010391l_1_region	60034	524909	8.74	0	32
ptg010392l_1	46498	106227	2.28	0	11
ptg010392l_1_region	46498	106227	2.28	0	11
ptg010396l_1	214884	10597734	49.32	0	1521
ptg010396l_1_region	214884	10597734	49.32	0	1521
ptg010398l_1	52921	280767	5.31	0	13
ptg010398l_1_region	52921	280767	5.31	0	13
ptg010400l_1	62589	133231	2.13	0	10
ptg010400l_1_region	62589	133231	2.13	0	10
ptg010401l_1	271278	592991	2.19	0	11
ptg010401l_1_region	271278	592991	2.19	0	11
ptg010403l_1	70206	189786	2.70	0	13
ptg010403l_1_region	70206	189786	2.70	0	13
ptg010404l_1	23040	120820	5.24	0	13
ptg010404l_1_region	23040	120820	5.24	0	13
ptg010405l_1	134494	404017	3.00	0	14
ptg010405l_1_region	134494	404017	3.00	0	14
ptg010408l_1	148899	578074	3.88	0	13
ptg010408l_1_region	148899	578074	3.88	0	13
ptg010412l_1	161589	709466	4.39	0	15
ptg010412l_1_region	161589	709466	4.39	0	15
ptg010414l_1	56868	128694	2.26	0	14
ptg010414l_1_region	56868	128694	2.26	0	14
ptg010417l_1	300749	1349184	4.49	0	17
ptg010417l_1_region	300749	1349184	4.49	0	17
ptg010419l_1	228035	947079	4.15	0	13
ptg010419l_1_region	228035	947079	4.15	0	13
ptg010420l_1	36494	181806	4.98	0	16
ptg010420l_1_region	36494	181806	4.98	0	16
ptg010421l_1	32014	106968	3.34	0	11
ptg010421l_1_region	32014	106968	3.34	0	11
ptg010422l_1	198112	1507325	7.61	0	42
ptg010422l_1_region	198112	1507325	7.61	0	42
ptg010423l_1	228672	712191	3.11	0	20
ptg010423l_1_region	228672	712191	3.11	0	20
ptg010426l_1	83773	387489	4.63	0	42
ptg010426l_1_region	83773	387489	4.63	0	42
ptg010428l_1	50156	91565	1.83	0	9
ptg010428l_1_region	50156	91565	1.83	0	9
ptg010429l_1	150279	674083	4.49	0	12
ptg010429l_1_region	150279	674083	4.49	0	12
ptg010433l_1	15394	88187	5.73	1	13
ptg010433l_1_region	15394	88187	5.73	1	13
ptg010439l_1	55825	121150	2.17	0	6
ptg010439l_1_region	55825	121150	2.17	0	6
ptg010440l_1	89611	182601	2.04	0	13
ptg010440l_1_region	89611	182601	2.04	0	13
ptg010442l_1	155904	1588318	10.19	0	77
ptg010442l_1_region	155904	1588318	10.19	0	77
ptg010444l_1	62470	207454	3.32	0	9
ptg010444l_1_region	62470	207454	3.32	0	9
ptg010452l_1	185354	333066	1.80	0	7
ptg010452l_1_region	185354	333066	1.80	0	7
ptg010455l_1	87006	198510	2.28	0	7
ptg010455l_1_region	87006	198510	2.28	0	7
ptg010456l_1	10900	17512	1.61	0	4
ptg010456l_1_region	10900	17512	1.61	0	4
ptg010458l_1	99770	558110	5.59	0	17
ptg010458l_1_region	99770	558110	5.59	0	17
ptg010459l_1	267485	939721	3.51	0	33
ptg010459l_1_region	267485	939721	3.51	0	33
ptg010464l_1	34403	91583	2.66	0	10
ptg010464l_1_region	34403	91583	2.66	0	10
ptg010472l_1	29253	89945	3.07	0	14
ptg010472l_1_region	29253	89945	3.07	0	14
ptg010473l_1	123759	534661	4.32	0	15
ptg010473l_1_region	123759	534661	4.32	0	15
ptg010475l_1	175016	477463	2.73	0	10
ptg010475l_1_region	175016	477463	2.73	0	10
ptg010478l_1	48723	149879	3.08	0	62
ptg010478l_1_region	48723	149879	3.08	0	62
ptg010480l_1	16788	117544	7.00	0	17
ptg010480l_1_region	16788	117544	7.00	0	17
ptg010481l_1	69562	208400	3.00	0	16
ptg010481l_1_region	69562	208400	3.00	0	16
ptg010483l_1	48582	136451	2.81	0	10
ptg010483l_1_region	48582	136451	2.81	0	10
ptg010490l_1	34683	85955	2.48	0	8
ptg010490l_1_region	34683	85955	2.48	0	8
ptg010491l_1	62429	320615	5.14	0	21
ptg010491l_1_region	62429	320615	5.14	0	21
ptg010501l_1	20466	80148	3.92	0	7
ptg010501l_1_region	20466	80148	3.92	0	7
ptg010505l_1	126452	375899	2.97	0	13
ptg010505l_1_region	126452	375899	2.97	0	13
ptg010508l_1	43973	155284	3.53	0	13
ptg010508l_1_region	43973	155284	3.53	0	13
ptg010509l_1	282553	1659217	5.87	0	43
ptg010509l_1_region	282553	1659217	5.87	0	43
ptg010512l_1	69722	230904	3.31	0	10
ptg010512l_1_region	69722	230904	3.31	0	10
ptg010513l_1	23987	107896	4.50	0	10
ptg010513l_1_region	23987	107896	4.50	0	10
ptg010516l_1	21666	80745	3.73	0	10
ptg010516l_1_region	21666	80745	3.73	0	10
ptg010517l_1	95866	253236	2.64	0	12
ptg010517l_1_region	95866	253236	2.64	0	12
ptg010521l_1	62546	174465	2.79	0	9
ptg010521l_1_region	62546	174465	2.79	0	9
ptg010524l_1	227439	825359	3.63	0	18
ptg010524l_1_region	227439	825359	3.63	0	18
ptg010528l_1	46069	193854	4.21	0	9
ptg010528l_1_region	46069	193854	4.21	0	9
ptg010529l_1	99448	297178	2.99	0	15
ptg010529l_1_region	99448	297178	2.99	0	15
ptg010530l_1	242767	865237	3.56	0	13
ptg010530l_1_region	242767	865237	3.56	0	13
ptg010531l_1	73863	297420	4.03	0	12
ptg010531l_1_region	73863	297420	4.03	0	12
ptg010533l_1	82279	313049	3.80	0	9
ptg010533l_1_region	82279	313049	3.80	0	9
ptg010534l_1	39066	158069	4.05	0	9
ptg010534l_1_region	39066	158069	4.05	0	9
ptg010536l_1	55979	177671	3.17	0	12
ptg010536l_1_region	55979	177671	3.17	0	12
ptg010540l_1	22367	65873	2.95	0	9
ptg010540l_1_region	22367	65873	2.95	0	9
ptg010541l_1	80433	87630	1.09	0	8
ptg010541l_1_region	80433	87630	1.09	0	8
ptg010545l_1	406815	2392462	5.88	0	21
ptg010545l_1_region	406815	2392462	5.88	0	21
ptg010547l_1	112464	283722	2.52	0	16
ptg010547l_1_region	112464	283722	2.52	0	16
ptg010549l_1	34266	160993	4.70	0	16
ptg010549l_1_region	34266	160993	4.70	0	16
ptg010550l_1	39092	194147	4.97	0	12
ptg010550l_1_region	39092	194147	4.97	0	12
ptg010551l_1	134151	22261	0.17	0	9
ptg010551l_1_region	134151	22261	0.17	0	9
ptg010552l_1	64872	42171	0.65	0	7
ptg010552l_1_region	64872	42171	0.65	0	7
ptg010554l_1	44154	173627	3.93	0	11
ptg010554l_1_region	44154	173627	3.93	0	11
ptg010556l_1	86806	506123	5.83	0	12
ptg010556l_1_region	86806	506123	5.83	0	12
ptg010557l_1	66345	260232	3.92	0	15
ptg010557l_1_region	66345	260232	3.92	0	15
ptg010558l_1	30508	24411	0.80	0	3
ptg010558l_1_region	30508	24411	0.80	0	3
ptg010559l_1	33942	91898	2.71	0	12
ptg010559l_1_region	33942	91898	2.71	0	12
ptg010560l_1	403603	3089192	7.65	0	54
ptg010560l_1_region	403603	3089192	7.65	0	54
ptg010563l_1	168550	444650	2.64	0	11
ptg010563l_1_region	168550	444650	2.64	0	11
ptg010564l_1	19588	2232	0.11	0	8
ptg010564l_1_region	19588	2232	0.11	0	8
ptg010565l_1	33649	101208	3.01	0	12
ptg010565l_1_region	33649	101208	3.01	0	12
ptg010568l_1	2069624	1378880	0.67	0	27
ptg010568l_1_region	2069624	1378880	0.67	0	27
ptg010577l_1	102216	379163	3.71	0	14
ptg010577l_1_region	102216	379163	3.71	0	14
ptg010580l_1	33495	157984	4.72	0	17
ptg010580l_1_region	33495	157984	4.72	0	17
ptg010582l_1	36643	128334	3.50	0	18
ptg010582l_1_region	36643	128334	3.50	0	18
ptg010586l_1	44577	208298	4.67	0	63
ptg010586l_1_region	44577	208298	4.67	0	63
ptg010591l_1	798716	1880118	2.35	0	29
ptg010591l_1_region	798716	1880118	2.35	0	29
ptg010593l_1	40148	77755	1.94	0	7
ptg010593l_1_region	40148	77755	1.94	0	7
ptg010596l_1	206611	712268	3.45	0	22
ptg010596l_1_region	206611	712268	3.45	0	22
ptg010598l_1	171346	862343	5.03	0	25
ptg010598l_1_region	171346	862343	5.03	0	25
ptg010601l_1	75785	289794	3.82	0	11
ptg010601l_1_region	75785	289794	3.82	0	11
ptg010603l_1	77606	212526	2.74	0	12
ptg010603l_1_region	77606	212526	2.74	0	12
ptg010604l_1	35776	75694	2.12	0	7
ptg010604l_1_region	35776	75694	2.12	0	7
ptg010606l_1	78973	203848	2.58	0	7
ptg010606l_1_region	78973	203848	2.58	0	7
ptg010607l_1	51772	193720	3.74	0	14
ptg010607l_1_region	51772	193720	3.74	0	14
ptg010608l_1	48197	2601980	53.99	0	574
ptg010608l_1_region	48197	2601980	53.99	0	574
ptg010612l_1	72096	115888	1.61	0	9
ptg010612l_1_region	72096	115888	1.61	0	9
ptg010615l_1	49950	288865	5.78	0	18
ptg010615l_1_region	49950	288865	5.78	0	18
ptg010616l_1	137879	665751	4.83	0	25
ptg010616l_1_region	137879	665751	4.83	0	25
ptg010618l_1	46506	57615	1.24	0	4
ptg010618l_1_region	46506	57615	1.24	0	4
ptg010619l_1	148953	610267	4.10	0	15
ptg010619l_1_region	148953	610267	4.10	0	15
ptg010624l_1	67567	216356	3.20	0	8
ptg010624l_1_region	67567	216356	3.20	0	8
ptg010627l_1	150889	442217	2.93	0	12
ptg010627l_1_region	150889	442217	2.93	0	12
ptg010629l_1	33417	120186	3.60	0	10
ptg010629l_1_region	33417	120186	3.60	0	10
ptg010632l_1	52326	69880	1.34	0	9
ptg010632l_1_region	52326	69880	1.34	0	9
ptg010633l_1	77342	76380	0.99	0	12
ptg010633l_1_region	77342	76380	0.99	0	12
ptg010635l_1	26664	86162	3.23	0	11
ptg010635l_1_region	26664	86162	3.23	0	11
ptg010636l_1	109832	624074	5.68	0	17
ptg010636l_1_region	109832	624074	5.68	0	17
ptg010637l_1	95493	24831	0.26	0	3
ptg010637l_1_region	95493	24831	0.26	0	3
ptg010638l_1	57438	202535	3.53	0	11
ptg010638l_1_region	57438	202535	3.53	0	11
ptg010639l_1	60156	220326	3.66	0	11
ptg010639l_1_region	60156	220326	3.66	0	11
ptg010641l_1	20445	85988	4.21	0	10
ptg010641l_1_region	20445	85988	4.21	0	10
ptg010647l_1	36932	111928	3.03	0	10
ptg010647l_1_region	36932	111928	3.03	0	10
ptg010651l_1	433686	552319	1.27	0	19
ptg010651l_1_region	433686	552319	1.27	0	19
ptg010653l_1	17311	34346	1.98	0	7
ptg010653l_1_region	17311	34346	1.98	0	7
ptg010654l_1	19811	61140	3.09	0	7
ptg010654l_1_region	19811	61140	3.09	0	7
ptg010656l_1	39997	175888	4.40	0	9
ptg010656l_1_region	39997	175888	4.40	0	9
ptg010661l_1	387931	2423989	6.25	0	47
ptg010661l_1_region	387931	2423989	6.25	0	47
ptg010663l_1	114429	490181	4.28	0	18
ptg010663l_1_region	114429	490181	4.28	0	18
ptg010672l_1	227798	952582	4.18	0	16
ptg010672l_1_region	227798	952582	4.18	0	16
ptg010675l_1	141866	703233	4.96	0	46
ptg010675l_1_region	141866	703233	4.96	0	46
ptg010676l_1	11793	20313	1.72	0	10
ptg010676l_1_region	11793	20313	1.72	0	10
ptg010677l_1	88972	290233	3.26	0	14
ptg010677l_1_region	88972	290233	3.26	0	14
ptg010683l_1	142501	504817	3.54	0	12
ptg010683l_1_region	142501	504817	3.54	0	12
ptg010692l_1	9672	12532	1.30	0	3
ptg010692l_1_region	9672	12532	1.30	0	3
ptg010700l_1	71036	389887	5.49	0	25
ptg010700l_1_region	71036	389887	5.49	0	25
ptg010703l_1	50138	168174	3.35	0	10
ptg010703l_1_region	50138	168174	3.35	0	10
ptg010706l_1	102456	421695	4.12	0	13
ptg010706l_1_region	102456	421695	4.12	0	13
ptg010708l_1	38087	67137	1.76	0	5
ptg010708l_1_region	38087	67137	1.76	0	5
ptg010709l_1	50922	257845	5.06	0	21
ptg010709l_1_region	50922	257845	5.06	0	21
ptg010711l_1	42383	67166	1.58	0	5
ptg010711l_1_region	42383	67166	1.58	0	5
ptg010714l_1	8489	47735	5.62	0	13
ptg010714l_1_region	8489	47735	5.62	0	13
ptg010723l_1	73191	168946	2.31	0	9
ptg010723l_1_region	73191	168946	2.31	0	9
ptg010725l_1	179583	731098	4.07	0	27
ptg010725l_1_region	179583	731098	4.07	0	27
ptg010731l_1	220988	123210	0.56	0	12
ptg010731l_1_region	220988	123210	0.56	0	12
ptg010732l_1	92895	73746	0.79	0	11
ptg010732l_1_region	92895	73746	0.79	0	11
ptg010737l_1	349302	57450	0.16	0	3
ptg010737l_1_region	349302	57450	0.16	0	3
ptg010740l_1	356252	434475	1.22	0	17
ptg010740l_1_region	356252	434475	1.22	0	17
ptg010742l_1	1219480	984147	0.81	0	42
ptg010742l_1_region	1219480	984147	0.81	0	42
ptg010744l_1	355674	155819	0.44	0	9
ptg010744l_1_region	355674	155819	0.44	0	9
ptg010745l_1	2023939	1047000	0.52	0	35
ptg010745l_1_region	2023939	1047000	0.52	0	35
ptg010746l_1	288374	124650	0.43	0	7
ptg010746l_1_region	288374	124650	0.43	0	7
ptg010747l_1	579404	80770	0.14	0	4
ptg010747l_1_region	579404	80770	0.14	0	4
ptg010749l_1	39437	118964	3.02	0	14
ptg010749l_1_region	39437	118964	3.02	0	14
ptg010757l_1	21892	66611	3.04	0	7
ptg010757l_1_region	21892	66611	3.04	0	7
ptg010758l_1	411372	53226	0.13	0	2
ptg010758l_1_region	411372	53226	0.13	0	2
ptg010764l_1	521154	2124193	4.08	0	34
ptg010764l_1_region	521154	2124193	4.08	0	34
ptg010766l_1	30096	48492	1.61	0	4
ptg010766l_1_region	30096	48492	1.61	0	4
ptg010767l_1	77436	11826	0.15	0	1
ptg010767l_1_region	77436	11826	0.15	0	1
ptg010770l_1	219525	850144	3.87	0	12
ptg010770l_1_region	219525	850144	3.87	0	12
ptg010773l_1	27178	76286	2.81	0	11
ptg010773l_1_region	27178	76286	2.81	0	11
ptg010774l_1	294864	1097235	3.72	0	50
ptg010774l_1_region	294864	1097235	3.72	0	50
ptg010775l_1	429191	1755947	4.09	0	18
ptg010775l_1_region	429191	1755947	4.09	0	18
ptg010777l_1	123344	178284	1.45	0	7
ptg010777l_1_region	123344	178284	1.45	0	7
ptg010782l_1	174324	437304	2.51	0	10
ptg010782l_1_region	174324	437304	2.51	0	10
ptg010784l_1	117376	347504	2.96	0	9
ptg010784l_1_region	117376	347504	2.96	0	9
ptg010790l_1	66236	303007	4.57	0	13
ptg010790l_1_region	66236	303007	4.57	0	13
ptg010791l_1	240046	679550	2.83	0	14
ptg010791l_1_region	240046	679550	2.83	0	14
ptg010792l_1	61690	115505	1.87	0	7
ptg010792l_1_region	61690	115505	1.87	0	7
ptg010793l_1	76139	230053	3.02	0	10
ptg010793l_1_region	76139	230053	3.02	0	10
ptg010794l_1	834394	3840629	4.60	0	17
ptg010794l_1_region	834394	3840629	4.60	0	17
ptg010799l_1	175433	860733	4.91	0	19
ptg010799l_1_region	175433	860733	4.91	0	19
ptg010801l_1	292183	759762	2.60	0	11
ptg010801l_1_region	292183	759762	2.60	0	11
ptg010802l_1	28426	49128	1.73	0	4
ptg010802l_1_region	28426	49128	1.73	0	4
ptg010803l_1	237678	246116	1.04	0	7
ptg010803l_1_region	237678	246116	1.04	0	7
ptg010805l_1	118407	463995	3.92	0	21
ptg010805l_1_region	118407	463995	3.92	0	21
ptg010806l_1	62059	175124	2.82	0	10
ptg010806l_1_region	62059	175124	2.82	0	10
ptg010808l_1	55889	240398	4.30	0	12
ptg010808l_1_region	55889	240398	4.30	0	12
ptg010809l_1	410817	1855194	4.52	0	16
ptg010809l_1_region	410817	1855194	4.52	0	16
ptg010811l_1	400710	1623294	4.05	0	17
ptg010811l_1_region	400710	1623294	4.05	0	17
ptg010812l_1	155307	1167150	7.52	0	37
ptg010812l_1_region	155307	1167150	7.52	0	37
ptg010813l_1	10433	2051	0.20	0	1
ptg010813l_1_region	10433	2051	0.20	0	1
ptg010814l_1	199951	320374	1.60	0	10
ptg010814l_1_region	199951	320374	1.60	0	10
ptg010822l_1	88275	672519	7.62	0	15
ptg010822l_1_region	88275	672519	7.62	0	15
ptg010824l_1	43854	113195	2.58	0	9
ptg010824l_1_region	43854	113195	2.58	0	9
ptg010825l_1	28901	3866	0.13	0	1
ptg010825l_1_region	28901	3866	0.13	0	1
ptg010828l_1	21248	67926	3.20	0	14
ptg010828l_1_region	21248	67926	3.20	0	14
ptg010829l_1	120947	436105	3.61	0	11
ptg010829l_1_region	120947	436105	3.61	0	11
ptg010830l_1	68249	189639	2.78	0	15
ptg010830l_1_region	68249	189639	2.78	0	15
ptg010831l_1	29202	171653	5.88	0	16
ptg010831l_1_region	29202	171653	5.88	0	16
ptg010832l_1	227809	1096364	4.81	0	38
ptg010832l_1_region	227809	1096364	4.81	0	38
ptg010836l_1	132820	297010	2.24	0	16
ptg010836l_1_region	132820	297010	2.24	0	16
ptg010838l_1	45839	55377	1.21	0	9
ptg010838l_1_region	45839	55377	1.21	0	9
ptg010839l_1	63315	20682	0.33	0	3
ptg010839l_1_region	63315	20682	0.33	0	3
ptg010840l_1	190115	387965	2.04	0	10
ptg010840l_1_region	190115	387965	2.04	0	10
ptg010842l_1	155201	1115151	7.19	0	42
ptg010842l_1_region	155201	1115151	7.19	0	42
ptg010845l_1	30336	14846	0.49	0	3
ptg010845l_1_region	30336	14846	0.49	0	3
ptg010846l_1	76816	103841	1.35	0	6
ptg010846l_1_region	76816	103841	1.35	0	6
ptg010847l_1	143356	821366	5.73	0	20
ptg010847l_1_region	143356	821366	5.73	0	20
ptg010848l_1	273466	1142687	4.18	0	29
ptg010848l_1_region	273466	1142687	4.18	0	29
ptg010849l_1	187909	1150213	6.12	0	26
ptg010849l_1_region	187909	1150213	6.12	0	26
ptg010850l_1	11074	33213	3.00	0	6
ptg010850l_1_region	11074	33213	3.00	0	6
ptg010851l_1	56744	696766	12.28	0	24
ptg010851l_1_region	56744	696766	12.28	0	24
ptg010852l_1	33112	51050	1.54	0	6
ptg010852l_1_region	33112	51050	1.54	0	6
ptg010853l_1	83439	467706	5.61	0	14
ptg010853l_1_region	83439	467706	5.61	0	14
ptg010855l_1	28822	94927	3.29	0	8
ptg010855l_1_region	28822	94927	3.29	0	8
ptg010858l_1	35628	52048	1.46	0	5
ptg010858l_1_region	35628	52048	1.46	0	5
ptg010859l_1	51764	215251	4.16	0	19
ptg010859l_1_region	51764	215251	4.16	0	19
ptg010860l_1	41084	97437	2.37	0	7
ptg010860l_1_region	41084	97437	2.37	0	7
ptg010862l_1	67479	134411	1.99	0	8
ptg010862l_1_region	67479	134411	1.99	0	8
ptg010863l_1	165094	596060	3.61	0	15
ptg010863l_1_region	165094	596060	3.61	0	15
ptg010864l_1	48156	59251	1.23	0	5
ptg010864l_1_region	48156	59251	1.23	0	5
ptg010866l_1	117335	186306	1.59	0	11
ptg010866l_1_region	117335	186306	1.59	0	11
ptg010868l_1	49036	31543	0.64	0	8
ptg010868l_1_region	49036	31543	0.64	0	8
ptg010871l_1	42033	1742	0.04	0	1
ptg010871l_1_region	42033	1742	0.04	0	1
ptg010873l_1	122528	446902	3.65	0	20
ptg010873l_1_region	122528	446902	3.65	0	20
ptg010874l_1	57750	70155	1.21	0	11
ptg010874l_1_region	57750	70155	1.21	0	11
ptg010875l_1	41691	57992	1.39	0	10
ptg010875l_1_region	41691	57992	1.39	0	10
ptg010877l_1	54305	177551	3.27	0	11
ptg010877l_1_region	54305	177551	3.27	0	11
ptg010881l_1	18782	32942	1.75	0	7
ptg010881l_1_region	18782	32942	1.75	0	7
ptg010884l_1	201701	597516	2.96	0	22
ptg010884l_1_region	201701	597516	2.96	0	22
ptg010886l_1	109284	434084	3.97	0	31
ptg010886l_1_region	109284	434084	3.97	0	31
ptg010888l_1	90029	248326	2.76	0	11
ptg010888l_1_region	90029	248326	2.76	0	11
ptg010890l_1	48667	107466	2.21	0	10
ptg010890l_1_region	48667	107466	2.21	0	10
ptg010891l_1	33190	105143	3.17	0	10
ptg010891l_1_region	33190	105143	3.17	0	10
ptg010892l_1	40596	42449	1.05	0	5
ptg010892l_1_region	40596	42449	1.05	0	5
ptg010893l_1	17245	1859	0.11	0	1
ptg010893l_1_region	17245	1859	0.11	0	1
ptg010894l_1	133404	999497	7.49	0	45
ptg010894l_1_region	133404	999497	7.49	0	45
ptg010896l_1	42334	124252	2.94	0	8
ptg010896l_1_region	42334	124252	2.94	0	8
ptg010898l_1	32585	153408	4.71	0	11
ptg010898l_1_region	32585	153408	4.71	0	11
ptg010899l_1	107738	39074	0.36	0	2
ptg010899l_1_region	107738	39074	0.36	0	2
ptg010900l_1	81292	778866	9.58	0	40
ptg010900l_1_region	81292	778866	9.58	0	40
ptg010901l_1	88170	533487	6.05	0	17
ptg010901l_1_region	88170	533487	6.05	0	17
ptg010902l_1	261929	1175286	4.49	0	23
ptg010902l_1_region	261929	1175286	4.49	0	23
ptg010903l_1	112343	713840	6.35	0	21
ptg010903l_1_region	112343	713840	6.35	0	21
ptg010904l_1	102899	562211	5.46	0	13
ptg010904l_1_region	102899	562211	5.46	0	13
ptg010905l_1	133941	15313	0.11	0	1
ptg010905l_1_region	133941	15313	0.11	0	1
ptg010907l_1	29139	183053	6.28	0	24
ptg010907l_1_region	29139	183053	6.28	0	24
ptg010908l_1	143187	468547	3.27	0	18
ptg010908l_1_region	143187	468547	3.27	0	18
ptg010910l_1	61226	40841	0.67	0	5
ptg010910l_1_region	61226	40841	0.67	0	5
ptg010911l_1	41565	34036	0.82	0	3
ptg010911l_1_region	41565	34036	0.82	0	3
ptg010912l_1	33986	39467	1.16	0	6
ptg010912l_1_region	33986	39467	1.16	0	6
ptg010918l_1	16366	31021	1.90	0	5
ptg010918l_1_region	16366	31021	1.90	0	5
ptg010921l_1	64770	248146	3.83	0	11
ptg010921l_1_region	64770	248146	3.83	0	11
ptg010924l_1	141596	512739	3.62	0	9
ptg010924l_1_region	141596	512739	3.62	0	9
ptg010926l_1	220057	1313670	5.97	0	47
ptg010926l_1_region	220057	1313670	5.97	0	47
ptg010927l_1	331434	1491637	4.50	0	32
ptg010927l_1_region	331434	1491637	4.50	0	32
ptg010928l_1	253871	818941	3.23	0	14
ptg010928l_1_region	253871	818941	3.23	0	14
ptg010929l_1	399229	602097	1.51	0	27
ptg010929l_1_region	399229	602097	1.51	0	27
ptg010930l_1	446209	27365	0.06	0	2
ptg010930l_1_region	446209	27365	0.06	0	2
ptg010940l_1	182409	567676	3.11	0	11
ptg010940l_1_region	182409	567676	3.11	0	11
ptg010943l_1	21142	12501	0.59	0	6
ptg010943l_1_region	21142	12501	0.59	0	6
ptg010953l_1	149554	493105	3.30	0	12
ptg010953l_1_region	149554	493105	3.30	0	12
ptg010963l_1	22005	77363	3.52	0	9
ptg010963l_1_region	22005	77363	3.52	0	9
ptg010965l_1	470545	13470433	28.63	0	1989
ptg010965l_1_region	470545	13470433	28.63	0	1989
ptg010971l_1	98663	1785630	18.10	0	65
ptg010971l_1_region	98663	1785630	18.10	0	65
ptg010977l_1	55692	179169	3.22	0	20
ptg010977l_1_region	55692	179169	3.22	0	20
ptg010980l_1	14037	158824	11.31	0	47
ptg010980l_1_region	14037	158824	11.31	0	47
ptg010985l_1	632357	135339	0.21	0	11
ptg010985l_1_region	632357	135339	0.21	0	11
ptg010986l_1	62402	340058	5.45	0	14
ptg010986l_1_region	62402	340058	5.45	0	14
ptg010990l_1	37346	167359	4.48	0	170
ptg010990l_1_region	37346	167359	4.48	0	170
ptg010993l_1	564086	217466	0.39	0	14
ptg010993l_1_region	564086	217466	0.39	0	14
ptg010994l_1	11324	16319	1.44	0	3
ptg010994l_1_region	11324	16319	1.44	0	3
ptg010999l_1	66871	215460	3.22	0	20
ptg010999l_1_region	66871	215460	3.22	0	20
ptg011000l_1	22497	116100	5.16	0	15
ptg011000l_1_region	22497	116100	5.16	0	15
ptg011009l_1	76738	207932	2.71	0	13
ptg011009l_1_region	76738	207932	2.71	0	13
ptg011011l_1	108825	467778	4.30	0	12
ptg011011l_1_region	108825	467778	4.30	0	12
ptg011014l_1	111824	113854	1.02	0	8
ptg011014l_1_region	111824	113854	1.02	0	8
ptg011016l_1	54480	146350	2.69	0	12
ptg011016l_1_region	54480	146350	2.69	0	12
ptg011017l_1	543426	254081	0.47	0	11
ptg011017l_1_region	543426	254081	0.47	0	11
ptg011018l_1	142098	94498	0.67	0	5
ptg011018l_1_region	142098	94498	0.67	0	5
ptg011021l_1	49867	156749	3.14	0	12
ptg011021l_1_region	49867	156749	3.14	0	12
ptg011023l_1	350077	214092	0.61	0	14
ptg011023l_1_region	350077	214092	0.61	0	14
ptg011024l_1	131494	614247	4.67	0	42
ptg011024l_1_region	131494	614247	4.67	0	42
ptg011034l_1	275479	688256	2.50	0	18
ptg011034l_1_region	275479	688256	2.50	0	18
ptg011035l_1	168608	206222	1.22	0	7
ptg011035l_1_region	168608	206222	1.22	0	7
ptg011038l_1	74061	265687	3.59	0	13
ptg011038l_1_region	74061	265687	3.59	0	13
ptg011040l_1	67010	210323	3.14	0	15
ptg011040l_1_region	67010	210323	3.14	0	15
ptg011041l_1	68431	232136	3.39	0	12
ptg011041l_1_region	68431	232136	3.39	0	12
ptg011045l_1	26152	4796	0.18	0	1
ptg011045l_1_region	26152	4796	0.18	0	1
ptg011046l_1	19197	44838	2.34	0	8
ptg011046l_1_region	19197	44838	2.34	0	8
ptg011047l_1	20508	27945	1.36	0	4
ptg011047l_1_region	20508	27945	1.36	0	4
ptg011050l_1	146270	327435	2.24	0	14
ptg011050l_1_region	146270	327435	2.24	0	14
ptg011052l_1	278188	205857	0.74	0	14
ptg011052l_1_region	278188	205857	0.74	0	14
ptg011053l_1	18681	37114	1.99	0	4
ptg011053l_1_region	18681	37114	1.99	0	4
ptg011056l_1	59875	169686	2.83	0	10
ptg011056l_1_region	59875	169686	2.83	0	10
ptg011059l_1	53562	69296	1.29	0	5
ptg011059l_1_region	53562	69296	1.29	0	5
ptg011060l_1	18920	48956	2.59	0	6
ptg011060l_1_region	18920	48956	2.59	0	6
ptg011064l_1	131178	303062	2.31	0	14
ptg011064l_1_region	131178	303062	2.31	0	14
ptg011065l_1	94243	645932	6.85	0	27
ptg011065l_1_region	94243	645932	6.85	0	27
ptg011067l_1	110768	256367	2.31	0	8
ptg011067l_1_region	110768	256367	2.31	0	8
ptg011068l_1	140602	884902	6.29	0	15
ptg011068l_1_region	140602	884902	6.29	0	15
ptg011069l_1	61611	165493	2.69	0	12
ptg011069l_1_region	61611	165493	2.69	0	12
ptg011070l_1	18186	10591	0.58	0	2
ptg011070l_1_region	18186	10591	0.58	0	2
ptg011071l_1	26423	51610	1.95	0	8
ptg011071l_1_region	26423	51610	1.95	0	8
ptg011072l_1	17769	18428	1.04	0	3
ptg011072l_1_region	17769	18428	1.04	0	3
ptg011073l_1	28777	18437	0.64	0	3
ptg011073l_1_region	28777	18437	0.64	0	3
ptg011078l_1	79220	233596	2.95	0	10
ptg011078l_1_region	79220	233596	2.95	0	10
ptg011079l_1	18691	414289	22.17	0	52
ptg011079l_1_region	18691	414289	22.17	0	52
ptg011080l_1	38957	87217	2.24	0	14
ptg011080l_1_region	38957	87217	2.24	0	14
ptg011082l_1	67854	46298	0.68	0	10
ptg011082l_1_region	67854	46298	0.68	0	10
ptg011084l_1	20255	26078	1.29	0	3
ptg011084l_1_region	20255	26078	1.29	0	3
ptg011086l_1	80305	251406	3.13	0	14
ptg011086l_1_region	80305	251406	3.13	0	14
ptg011088l_1	12155	14648	1.21	0	5
ptg011088l_1_region	12155	14648	1.21	0	5
ptg011091l_1	19916	18271	0.92	0	4
ptg011091l_1_region	19916	18271	0.92	0	4
ptg011092l_1	68691	227849	3.32	0	15
ptg011092l_1_region	68691	227849	3.32	0	15
ptg011097l_1	234994	713311	3.04	0	11
ptg011097l_1_region	234994	713311	3.04	0	11
ptg011098l_1	62887	143886	2.29	0	12
ptg011098l_1_region	62887	143886	2.29	0	12
ptg011107l_1	41205	69260	1.68	0	6
ptg011107l_1_region	41205	69260	1.68	0	6
ptg011114l_1	250365	91154	0.36	0	7
ptg011114l_1_region	250365	91154	0.36	0	7
ptg011120l_1	67658	18422	0.27	0	3
ptg011120l_1_region	67658	18422	0.27	0	3
ptg011122l_1	125241	429333	3.43	0	16
ptg011122l_1_region	125241	429333	3.43	0	16
ptg011127l_1	258965	990191	3.82	0	29
ptg011127l_1_region	258965	990191	3.82	0	29
ptg011132l_1	27306	78948	2.89	0	9
ptg011132l_1_region	27306	78948	2.89	0	9
ptg011133l_1	220477	940467	4.27	0	16
ptg011133l_1_region	220477	940467	4.27	0	16
ptg011135l_1	21582	9338	0.43	0	4
ptg011135l_1_region	21582	9338	0.43	0	4
ptg011137l_1	122427	373657	3.05	0	13
ptg011137l_1_region	122427	373657	3.05	0	13
ptg011138l_1	104359	339760	3.26	0	13
ptg011138l_1_region	104359	339760	3.26	0	13
ptg011139l_1	35701	161554	4.53	0	9
ptg011139l_1_region	35701	161554	4.53	0	9
ptg011140l_1	158256	518057	3.27	0	11
ptg011140l_1_region	158256	518057	3.27	0	11
ptg011147l_1	129216	883801	6.84	0	24
ptg011147l_1_region	129216	883801	6.84	0	24
ptg011148l_1	303509	1711583	5.64	0	31
ptg011148l_1_region	303509	1711583	5.64	0	31
ptg011152l_1	11117	6999	0.63	0	2
ptg011152l_1_region	11117	6999	0.63	0	2
ptg011159l_1	107862	277298	2.57	0	13
ptg011159l_1_region	107862	277298	2.57	0	13
ptg011163l_1	213334	569356	2.67	0	8
ptg011163l_1_region	213334	569356	2.67	0	8
ptg011164l_1	72325	56730	0.78	0	4
ptg011164l_1_region	72325	56730	0.78	0	4
ptg011166l_1	64577	145594	2.25	0	10
ptg011166l_1_region	64577	145594	2.25	0	10
ptg011174l_1	108911	435783	4.00	0	93
ptg011174l_1_region	108911	435783	4.00	0	93
ptg011175l_1	10496	22086	2.10	0	5
ptg011175l_1_region	10496	22086	2.10	0	5
ptg011181l_1	43872	551340	12.57	0	43
ptg011181l_1_region	43872	551340	12.57	0	43
ptg011184l_1	22056	7689	0.35	0	7
ptg011184l_1_region	22056	7689	0.35	0	7
ptg011191l_1	286176	1436748	5.02	0	45
ptg011191l_1_region	286176	1436748	5.02	0	45
ptg011194l_1	11145	73217	6.57	0	14
ptg011194l_1_region	11145	73217	6.57	0	14
ptg011195l_1	247509	1217974	4.92	0	42
ptg011195l_1_region	247509	1217974	4.92	0	42
ptg011198l_1	110110	87674	0.80	0	8
ptg011198l_1_region	110110	87674	0.80	0	8
ptg011200l_1	84917	435408	5.13	0	26
ptg011200l_1_region	84917	435408	5.13	0	26
ptg011209l_1	200192	235428	1.18	0	7
ptg011209l_1_region	200192	235428	1.18	0	7
ptg011213l_1	37648	126057	3.35	0	7
ptg011213l_1_region	37648	126057	3.35	0	7
ptg011218l_1	23578	109767	4.66	0	15
ptg011218l_1_region	23578	109767	4.66	0	15
ptg011221l_1	75135	193678	2.58	0	12
ptg011221l_1_region	75135	193678	2.58	0	12
ptg011223l_1	198774	712705	3.59	0	13
ptg011223l_1_region	198774	712705	3.59	0	13
ptg011225l_1	111851	334943	2.99	0	13
ptg011225l_1_region	111851	334943	2.99	0	13
ptg011236l_1	32686	202945	6.21	0	32
ptg011236l_1_region	32686	202945	6.21	0	32
ptg011239l_1	281291	1280080	4.55	0	17
ptg011239l_1_region	281291	1280080	4.55	0	17
ptg011244l_1	58258	76402	1.31	0	5
ptg011244l_1_region	58258	76402	1.31	0	5
ptg011250l_1	200519	382591	1.91	0	9
ptg011250l_1_region	200519	382591	1.91	0	9
ptg011251l_1	16154	104418	6.46	0	14
ptg011251l_1_region	16154	104418	6.46	0	14
ptg011260l_1	145659	493807	3.39	0	11
ptg011260l_1_region	145659	493807	3.39	0	11
ptg011263l_1	68121	267455	3.93	0	15
ptg011263l_1_region	68121	267455	3.93	0	15
ptg011269l_1	85232	367000	4.31	0	11
ptg011269l_1_region	85232	367000	4.31	0	11
ptg011276l_1	117125	576164	4.92	0	21
ptg011276l_1_region	117125	576164	4.92	0	21
ptg011292l_1	83953	314962	3.75	0	18
ptg011292l_1_region	83953	314962	3.75	0	18
ptg011294l_1	73963	184291	2.49	0	9
ptg011294l_1_region	73963	184291	2.49	0	9
ptg011295l_1	73316	274940	3.75	0	41
ptg011295l_1_region	73316	274940	3.75	0	41
ptg011297l_1	79623	274710	3.45	0	10
ptg011297l_1_region	79623	274710	3.45	0	10
ptg011298l_1	19513	33039	1.69	0	14
ptg011298l_1_region	19513	33039	1.69	0	14
ptg011300l_1	579767	3313289	5.71	0	48
ptg011300l_1_region	579767	3313289	5.71	0	48
ptg011307l_1	22128	33704	1.52	0	4
ptg011307l_1_region	22128	33704	1.52	0	4
ptg011309l_1	16405	33995	2.07	0	6
ptg011309l_1_region	16405	33995	2.07	0	6
ptg011312l_1	22682	32862	1.45	0	5
ptg011312l_1_region	22682	32862	1.45	0	5
ptg011314l_1	191434	771080	4.03	0	15
ptg011314l_1_region	191434	771080	4.03	0	15
ptg011320l_1	76797	366665	4.77	0	14
ptg011320l_1_region	76797	366665	4.77	0	14
ptg011325l_1	202936	784022	3.86	0	22
ptg011325l_1_region	202936	784022	3.86	0	22
ptg011328l_1	111196	226063	2.03	0	8
ptg011328l_1_region	111196	226063	2.03	0	8
ptg011335l_1	148774	761005	5.12	0	14
ptg011335l_1_region	148774	761005	5.12	0	14
ptg011342l_1	61814	360474	5.83	0	18
ptg011342l_1_region	61814	360474	5.83	0	18
ptg011345l_1	28375	124957	4.40	0	13
ptg011345l_1_region	28375	124957	4.40	0	13
ptg011350l_1	180015	723271	4.02	0	33
ptg011350l_1_region	180015	723271	4.02	0	33
ptg011358l_1	216983	994659	4.58	0	12
ptg011358l_1_region	216983	994659	4.58	0	12
ptg011360l_1	71942	208387	2.90	0	7
ptg011360l_1_region	71942	208387	2.90	0	7
ptg011364l_1	230520	964428	4.18	0	25
ptg011364l_1_region	230520	964428	4.18	0	25
ptg011374l_1	46906	235691	5.02	0	15
ptg011374l_1_region	46906	235691	5.02	0	15
ptg011375l_1	40974	145513	3.55	0	8
ptg011375l_1_region	40974	145513	3.55	0	8
ptg011380l_1	281303	917791	3.26	0	16
ptg011380l_1_region	281303	917791	3.26	0	16
ptg011383l_1	49991	237993	4.76	0	12
ptg011383l_1_region	49991	237993	4.76	0	12
ptg011384l_1	90956	714034	7.85	0	35
ptg011384l_1_region	90956	714034	7.85	0	35
ptg011385l_1	108163	470385	4.35	0	11
ptg011385l_1_region	108163	470385	4.35	0	11
ptg011389l_1	34829	77542	2.23	0	8
ptg011389l_1_region	34829	77542	2.23	0	8
ptg011393l_1	67524	467589	6.92	0	15
ptg011393l_1_region	67524	467589	6.92	0	15
ptg011394l_1	36724	107192	2.92	0	8
ptg011394l_1_region	36724	107192	2.92	0	8
ptg011399l_1	149255	482374	3.23	0	18
ptg011399l_1_region	149255	482374	3.23	0	18
ptg011401l_1	50037	120028	2.40	0	7
ptg011401l_1_region	50037	120028	2.40	0	7
ptg011403l_1	217798	1035119	4.75	0	32
ptg011403l_1_region	217798	1035119	4.75	0	32
ptg011405l_1	38990	124543	3.19	0	12
ptg011405l_1_region	38990	124543	3.19	0	12
ptg011410l_1	8663	21367	2.47	0	5
ptg011410l_1_region	8663	21367	2.47	0	5
ptg011411l_1	65662	152962	2.33	0	12
ptg011411l_1_region	65662	152962	2.33	0	12
ptg011413l_1	8423	21085	2.50	0	6
ptg011413l_1_region	8423	21085	2.50	0	6
ptg011414l_1	19590	131188	6.70	1	16
ptg011414l_1_region	19590	131188	6.70	1	16
ptg011417l_1	142056	695689	4.90	0	12
ptg011417l_1_region	142056	695689	4.90	0	12
ptg011424l_1	101562	370841	3.65	0	16
ptg011424l_1_region	101562	370841	3.65	0	16
ptg011425l_1	36404	123784	3.40	0	8
ptg011425l_1_region	36404	123784	3.40	0	8
ptg011426l_1	45620	251704	5.52	0	12
ptg011426l_1_region	45620	251704	5.52	0	12
ptg011431l_1	225202	914452	4.06	0	13
ptg011431l_1_region	225202	914452	4.06	0	13
ptg011432l_1	188845	728297	3.86	0	12
ptg011432l_1_region	188845	728297	3.86	0	12
ptg011433l_1	326514	2036603	6.24	0	33
ptg011433l_1_region	326514	2036603	6.24	0	33
ptg011436l_1	60505	167653	2.77	0	11
ptg011436l_1_region	60505	167653	2.77	0	11
ptg011439l_1	25551	307715	12.04	0	56
ptg011439l_1_region	25551	307715	12.04	0	56
ptg011444l_1	128643	430249	3.34	0	12
ptg011444l_1_region	128643	430249	3.34	0	12
ptg011453l_1	97688	333089	3.41	0	18
ptg011453l_1_region	97688	333089	3.41	0	18
ptg011457l_1	40246	130288	3.24	0	11
ptg011457l_1_region	40246	130288	3.24	0	11
ptg011460l_1	42183	98677	2.34	0	8
ptg011460l_1_region	42183	98677	2.34	0	8
ptg011461l_1	343469	6367416	18.54	0	94
ptg011461l_1_region	343469	6367416	18.54	0	94
ptg011465l_1	130600	773257	5.92	0	37
ptg011465l_1_region	130600	773257	5.92	0	37
ptg011467l_1	50936	190126	3.73	0	19
ptg011467l_1_region	50936	190126	3.73	0	19
ptg011478l_1	28657	83009	2.90	0	8
ptg011478l_1_region	28657	83009	2.90	0	8
ptg011480l_1	67394	173942	2.58	0	17
ptg011480l_1_region	67394	173942	2.58	0	17
ptg011482l_1	97345	293527	3.02	0	13
ptg011482l_1_region	97345	293527	3.02	0	13
ptg011485l_1	103989	146926	1.41	0	6
ptg011485l_1_region	103989	146926	1.41	0	6
ptg011489l_1	49613	252157	5.08	0	12
ptg011489l_1_region	49613	252157	5.08	0	12
ptg011493l_1	47017	162910	3.46	0	15
ptg011493l_1_region	47017	162910	3.46	0	15
ptg011496l_1	35544	124380	3.50	0	10
ptg011496l_1_region	35544	124380	3.50	0	10
ptg011497l_1	27795	114638	4.12	0	7
ptg011497l_1_region	27795	114638	4.12	0	7
ptg011500l_1	102579	551090	5.37	0	16
ptg011500l_1_region	102579	551090	5.37	0	16
ptg011504l_1	170023	1091460	6.42	0	91
ptg011504l_1_region	170023	1091460	6.42	0	91
ptg011506l_1	166701	354542	2.13	0	11
ptg011506l_1_region	166701	354542	2.13	0	11
ptg011509l_1	25435	138861	5.46	0	11
ptg011509l_1_region	25435	138861	5.46	0	11
ptg011510l_1	207770	924536	4.45	0	13
ptg011510l_1_region	207770	924536	4.45	0	13
ptg011518l_1	337384	1173829	3.48	0	13
ptg011518l_1_region	337384	1173829	3.48	0	13
ptg011520l_1	120747	568344	4.71	0	21
ptg011520l_1_region	120747	568344	4.71	0	21
ptg011522l_1	56240	250911	4.46	0	11
ptg011522l_1_region	56240	250911	4.46	0	11
ptg011524l_1	60007	157900	2.63	0	10
ptg011524l_1_region	60007	157900	2.63	0	10
ptg011525l_1	22684	130807	5.77	0	27
ptg011525l_1_region	22684	130807	5.77	0	27
ptg011526l_1	270312	1110509	4.11	0	39
ptg011526l_1_region	270312	1110509	4.11	0	39
ptg011527l_1	24118	22861	0.95	0	4
ptg011527l_1_region	24118	22861	0.95	0	4
ptg011528l_1	19315	91397	4.73	0	12
ptg011528l_1_region	19315	91397	4.73	0	12
ptg011532l_1	122665	370892	3.02	0	12
ptg011532l_1_region	122665	370892	3.02	0	12
ptg011538l_1	105713	558766	5.29	0	11
ptg011538l_1_region	105713	558766	5.29	0	11
ptg011543l_1	128781	485841	3.77	0	18
ptg011543l_1_region	128781	485841	3.77	0	18
ptg011550l_1	53358	213108	3.99	0	12
ptg011550l_1_region	53358	213108	3.99	0	12
ptg011551l_1	76903	177151	2.30	0	9
ptg011551l_1_region	76903	177151	2.30	0	9
ptg011552l_1	220581	1667215	7.56	0	72
ptg011552l_1_region	220581	1667215	7.56	0	72
ptg011554l_1	40438	149569	3.70	0	12
ptg011554l_1_region	40438	149569	3.70	0	12
ptg011555l_1	216166	869124	4.02	0	53
ptg011555l_1_region	216166	869124	4.02	0	53
ptg011556l_1	68907	278206	4.04	0	13
ptg011556l_1_region	68907	278206	4.04	0	13
ptg011558l_1	33388	93715	2.81	0	11
ptg011558l_1_region	33388	93715	2.81	0	11
ptg011559l_1	26328	84957	3.23	0	8
ptg011559l_1_region	26328	84957	3.23	0	8
ptg011562l_1	12063	28558	2.37	0	5
ptg011562l_1_region	12063	28558	2.37	0	5
ptg011563l_1	127270	394956	3.10	0	23
ptg011563l_1_region	127270	394956	3.10	0	23
ptg011566l_1	254471	985979	3.87	0	17
ptg011566l_1_region	254471	985979	3.87	0	17
ptg011573l_1	20077	155605	7.75	0	16
ptg011573l_1_region	20077	155605	7.75	0	16
ptg011575l_1	73502	306356	4.17	0	25
ptg011575l_1_region	73502	306356	4.17	0	25
ptg011576l_1	35134	174038	4.95	0	13
ptg011576l_1_region	35134	174038	4.95	0	13
ptg011577l_1	95307	448433	4.71	0	30
ptg011577l_1_region	95307	448433	4.71	0	30
ptg011578l_1	17244	19958	1.16	0	3
ptg011578l_1_region	17244	19958	1.16	0	3
ptg011581l_1	10722	35027	3.27	0	7
ptg011581l_1_region	10722	35027	3.27	0	7
ptg011583l_1	39923	150937	3.78	0	12
ptg011583l_1_region	39923	150937	3.78	0	12
ptg011584l_1	101216	365167	3.61	0	12
ptg011584l_1_region	101216	365167	3.61	0	12
ptg011585l_1	202128	892652	4.42	0	14
ptg011585l_1_region	202128	892652	4.42	0	14
ptg011589l_1	318159	1279311	4.02	0	17
ptg011589l_1_region	318159	1279311	4.02	0	17
ptg011591l_1	171652	1018256	5.93	0	32
ptg011591l_1_region	171652	1018256	5.93	0	32
ptg011597l_1	239625	868537	3.62	0	21
ptg011597l_1_region	239625	868537	3.62	0	21
ptg011602l_1	1032630	5004561	4.85	0	19
ptg011602l_1_region	1032630	5004561	4.85	0	19
ptg011603l_1	32911	64125	1.95	0	6
ptg011603l_1_region	32911	64125	1.95	0	6
ptg011604l_1	24720	69072	2.79	0	12
ptg011604l_1_region	24720	69072	2.79	0	12
ptg011607l_1	41801	166397	3.98	0	10
ptg011607l_1_region	41801	166397	3.98	0	10
ptg011609l_1	82680	346265	4.19	0	19
ptg011609l_1_region	82680	346265	4.19	0	19
ptg011610l_1	57974	211917	3.66	0	10
ptg011610l_1_region	57974	211917	3.66	0	10
ptg011611l_1	52284	224481	4.29	0	12
ptg011611l_1_region	52284	224481	4.29	0	12
ptg011613l_1	78273	207718	2.65	0	9
ptg011613l_1_region	78273	207718	2.65	0	9
ptg011623l_1	36497	69163	1.90	0	6
ptg011623l_1_region	36497	69163	1.90	0	6
ptg011628l_1	80277	205525	2.56	0	8
ptg011628l_1_region	80277	205525	2.56	0	8
ptg011630l_1	205460	881580	4.29	0	18
ptg011630l_1_region	205460	881580	4.29	0	18
ptg011631l_1	25707	83886	3.26	0	7
ptg011631l_1_region	25707	83886	3.26	0	7
ptg011633l_1	29704	39313	1.32	0	5
ptg011633l_1_region	29704	39313	1.32	0	5
ptg011634l_1	62026	268528	4.33	0	13
ptg011634l_1_region	62026	268528	4.33	0	13
ptg011637l_1	34315	233854	6.81	0	19
ptg011637l_1_region	34315	233854	6.81	0	19
ptg011643l_1	68022	277906	4.09	0	13
ptg011643l_1_region	68022	277906	4.09	0	13
ptg011644l_1	202964	548231	2.70	0	10
ptg011644l_1_region	202964	548231	2.70	0	10
ptg011645l_1	94854	4463986	47.06	0	251
ptg011645l_1_region	94854	4463986	47.06	0	251
ptg011648l_1	74979	300132	4.00	0	14
ptg011648l_1_region	74979	300132	4.00	0	14
ptg011649l_1	103391	425476	4.12	0	12
ptg011649l_1_region	103391	425476	4.12	0	12
ptg011653l_1	126452	395529	3.13	0	11
ptg011653l_1_region	126452	395529	3.13	0	11
ptg011654l_1	38431	156817	4.08	0	12
ptg011654l_1_region	38431	156817	4.08	0	12
ptg011656l_1	50829	218556	4.30	0	13
ptg011656l_1_region	50829	218556	4.30	0	13
ptg011662l_1	89332	568779	6.37	0	19
ptg011662l_1_region	89332	568779	6.37	0	19
ptg011664l_1	108497	351564	3.24	0	10
ptg011664l_1_region	108497	351564	3.24	0	10
ptg011666l_1	34655	61277	1.77	0	10
ptg011666l_1_region	34655	61277	1.77	0	10
ptg011667l_1	253574	1237773	4.88	0	15
ptg011667l_1_region	253574	1237773	4.88	0	15
ptg011673l_1	159671	1412736	8.85	0	51
ptg011673l_1_region	159671	1412736	8.85	0	51
ptg011675l_1	119571	502145	4.20	0	37
ptg011675l_1_region	119571	502145	4.20	0	37
ptg011676l_1	35118	96916	2.76	0	7
ptg011676l_1_region	35118	96916	2.76	0	7
ptg011677l_1	26823	86470	3.22	0	9
ptg011677l_1_region	26823	86470	3.22	0	9
ptg011681l_1	26934	36593	1.36	0	5
ptg011681l_1_region	26934	36593	1.36	0	5
ptg011682l_1	136865	540794	3.95	0	12
ptg011682l_1_region	136865	540794	3.95	0	12
ptg011683l_1	50172	277687	5.53	0	18
ptg011683l_1_region	50172	277687	5.53	0	18
ptg011685l_1	66061	192948	2.92	0	10
ptg011685l_1_region	66061	192948	2.92	0	10
ptg011688l_1	107117	581694	5.43	0	17
ptg011688l_1_region	107117	581694	5.43	0	17
ptg011690l_1	62482	205744	3.29	0	12
ptg011690l_1_region	62482	205744	3.29	0	12
ptg011692l_1	197626	894765	4.53	0	16
ptg011692l_1_region	197626	894765	4.53	0	16
ptg011695l_1	116734	428715	3.67	0	51
ptg011695l_1_region	116734	428715	3.67	0	51
ptg011698l_1	19752	49189	2.49	0	9
ptg011698l_1_region	19752	49189	2.49	0	9
ptg011702l_1	44310	99177	2.24	0	8
ptg011702l_1_region	44310	99177	2.24	0	8
ptg011710l_1	177442	491077	2.77	0	16
ptg011710l_1_region	177442	491077	2.77	0	16
ptg011712l_1	134572	550495	4.09	0	12
ptg011712l_1_region	134572	550495	4.09	0	12
ptg011715l_1	20125	41981	2.09	0	6
ptg011715l_1_region	20125	41981	2.09	0	6
ptg011716l_1	351383	2072443	5.90	0	39
ptg011716l_1_region	351383	2072443	5.90	0	39
ptg011717l_1	275028	5910585	21.49	0	172
ptg011717l_1_region	275028	5910585	21.49	0	172
ptg011718l_1	167447	700642	4.18	0	13
ptg011718l_1_region	167447	700642	4.18	0	13
ptg011719l_1	64087	169642	2.65	0	11
ptg011719l_1_region	64087	169642	2.65	0	11
ptg011726l_1	24346	87087	3.58	0	11
ptg011726l_1_region	24346	87087	3.58	0	11
ptg011728l_1	80830	197943	2.45	0	15
ptg011728l_1_region	80830	197943	2.45	0	15
ptg011733l_1	122203	564633	4.62	0	11
ptg011733l_1_region	122203	564633	4.62	0	11
ptg011734l_1	149124	992650	6.66	0	31
ptg011734l_1_region	149124	992650	6.66	0	31
ptg011735l_1	57641	175528	3.05	0	15
ptg011735l_1_region	57641	175528	3.05	0	15
ptg011741l_1	18634	32971	1.77	0	6
ptg011741l_1_region	18634	32971	1.77	0	6
ptg011742l_1	64641	344252	5.33	0	16
ptg011742l_1_region	64641	344252	5.33	0	16
ptg011744l_1	15140	34607	2.29	0	6
ptg011744l_1_region	15140	34607	2.29	0	6
ptg011745l_1	119491	525987	4.40	0	17
ptg011745l_1_region	119491	525987	4.40	0	17
ptg011746l_1	224651	591212	2.63	0	12
ptg011746l_1_region	224651	591212	2.63	0	12
ptg011748l_1	65004	281863	4.34	0	13
ptg011748l_1_region	65004	281863	4.34	0	13
ptg011749l_1	54520	181587	3.33	0	9
ptg011749l_1_region	54520	181587	3.33	0	9
ptg011751l_1	14903	84856	5.69	0	13
ptg011751l_1_region	14903	84856	5.69	0	13
ptg011752l_1	61694	205585	3.33	0	12
ptg011752l_1_region	61694	205585	3.33	0	12
ptg011753l_1	143602	304682	2.12	0	11
ptg011753l_1_region	143602	304682	2.12	0	11
ptg011756l_1	33150	162062	4.89	0	9
ptg011756l_1_region	33150	162062	4.89	0	9
ptg011757l_1	45433	149133	3.28	0	12
ptg011757l_1_region	45433	149133	3.28	0	12
ptg011759l_1	72387	407448	5.63	0	13
ptg011759l_1_region	72387	407448	5.63	0	13
ptg011760l_1	58903	121199	2.06	0	8
ptg011760l_1_region	58903	121199	2.06	0	8
ptg011761l_1	160165	541535	3.38	0	14
ptg011761l_1_region	160165	541535	3.38	0	14
ptg011768l_1	57476	313143	5.45	0	16
ptg011768l_1_region	57476	313143	5.45	0	16
ptg011769l_1	18832	28367	1.51	0	5
ptg011769l_1_region	18832	28367	1.51	0	5
ptg011776l_1	25804	51789	2.01	0	6
ptg011776l_1_region	25804	51789	2.01	0	6
ptg011779l_1	53799	53629	1.00	0	8
ptg011779l_1_region	53799	53629	1.00	0	8
ptg011782l_1	112649	513783	4.56	0	18
ptg011782l_1_region	112649	513783	4.56	0	18
ptg011783l_1	59582	285124	4.79	0	12
ptg011783l_1_region	59582	285124	4.79	0	12
ptg011786l_1	683992	2887304	4.22	0	20
ptg011786l_1_region	683992	2887304	4.22	0	20
ptg011788l_1	35454	126954	3.58	0	15
ptg011788l_1_region	35454	126954	3.58	0	15
ptg011792l_1	46945	188754	4.02	0	436
ptg011792l_1_region	46945	188754	4.02	0	436
ptg011795l_1	72929	241140	3.31	0	9
ptg011795l_1_region	72929	241140	3.31	0	9
ptg011796l_1	106566	777761	7.30	0	46
ptg011796l_1_region	106566	777761	7.30	0	46
ptg011797l_1	130626	529706	4.06	0	11
ptg011797l_1_region	130626	529706	4.06	0	11
ptg011801l_1	76623	267150	3.49	0	18
ptg011801l_1_region	76623	267150	3.49	0	18
ptg011812l_1	63236	243743	3.85	0	12
ptg011812l_1_region	63236	243743	3.85	0	12
ptg011813l_1	17149	51366	3.00	0	13
ptg011813l_1_region	17149	51366	3.00	0	13
ptg011821l_1	36258	82371	2.27	0	8
ptg011821l_1_region	36258	82371	2.27	0	8
ptg011822l_1	152252	675925	4.44	0	14
ptg011822l_1_region	152252	675925	4.44	0	14
ptg011824l_1	70531	201861	2.86	0	8
ptg011824l_1_region	70531	201861	2.86	0	8
ptg011827l_1	50739	182860	3.60	0	7
ptg011827l_1_region	50739	182860	3.60	0	7
ptg011831l_1	40529	70535	1.74	0	5
ptg011831l_1_region	40529	70535	1.74	0	5
ptg011836l_1	132368	415593	3.14	0	10
ptg011836l_1_region	132368	415593	3.14	0	10
ptg011839l_1	95184	177988	1.87	0	7
ptg011839l_1_region	95184	177988	1.87	0	7
ptg011841l_1	11759	17291	1.47	0	4
ptg011841l_1_region	11759	17291	1.47	0	4
ptg011847l_1	27320	56267	2.06	0	7
ptg011847l_1_region	27320	56267	2.06	0	7
ptg011848l_1	8519	25568	3.00	0	6
ptg011848l_1_region	8519	25568	3.00	0	6
ptg011849l_1	29436	108947	3.70	0	10
ptg011849l_1_region	29436	108947	3.70	0	10
ptg011851l_1	100655	186784	1.86	0	8
ptg011851l_1_region	100655	186784	1.86	0	8
ptg011853l_1	63863	210415	3.29	0	67
ptg011853l_1_region	63863	210415	3.29	0	67
ptg011856l_1	144837	465826	3.22	0	13
ptg011856l_1_region	144837	465826	3.22	0	13
ptg011858l_1	35102	72210	2.06	0	7
ptg011858l_1_region	35102	72210	2.06	0	7
ptg011866l_1	36102	107451	2.98	0	9
ptg011866l_1_region	36102	107451	2.98	0	9
ptg011870l_1	67827	263456	3.88	0	12
ptg011870l_1_region	67827	263456	3.88	0	12
ptg011871l_1	57317	134106	2.34	0	14
ptg011871l_1_region	57317	134106	2.34	0	14
ptg011875l_1	80820	388883	4.81	0	12
ptg011875l_1_region	80820	388883	4.81	0	12
ptg011880l_1	144438	319364	2.21	0	21
ptg011880l_1_region	144438	319364	2.21	0	21
ptg011881l_1	44402	211911	4.77	0	12
ptg011881l_1_region	44402	211911	4.77	0	12
ptg011882l_1	12193	18819	1.54	0	5
ptg011882l_1_region	12193	18819	1.54	0	5
ptg011883l_1	67581	178173	2.64	0	7
ptg011883l_1_region	67581	178173	2.64	0	7
ptg011884l_1	17236	48655	2.82	0	7
ptg011884l_1_region	17236	48655	2.82	0	7
ptg011885l_1	64424	217269	3.37	0	11
ptg011885l_1_region	64424	217269	3.37	0	11
ptg011886l_1	95513	271682	2.84	0	15
ptg011886l_1_region	95513	271682	2.84	0	15
ptg011891l_1	218208	744385	3.41	0	60
ptg011891l_1_region	218208	744385	3.41	0	60
ptg011893l_1	12483	34931	2.80	0	6
ptg011893l_1_region	12483	34931	2.80	0	6
ptg011897l_1	30031	125049	4.16	0	96
ptg011897l_1_region	30031	125049	4.16	0	96
ptg011901l_1	408796	1972782	4.83	0	73
ptg011901l_1_region	408796	1972782	4.83	0	73
ptg011906l_1	192994	1303947	6.76	0	22
ptg011906l_1_region	192994	1303947	6.76	0	22
ptg011908l_1	120461	192951	1.60	0	13
ptg011908l_1_region	120461	192951	1.60	0	13
ptg011909l_1	261080	1416501	5.43	0	20
ptg011909l_1_region	261080	1416501	5.43	0	20
ptg011914l_1	504380	102006	0.20	0	6
ptg011914l_1_region	504380	102006	0.20	0	6
ptg011915l_1	110405	1377013	12.47	0	41
ptg011915l_1_region	110405	1377013	12.47	0	41
ptg011916l_1	190217	502023	2.64	0	18
ptg011916l_1_region	190217	502023	2.64	0	18
ptg011918l_1	277889	413755	1.49	0	10
ptg011918l_1_region	277889	413755	1.49	0	10
ptg011919l_1	51942	212516	4.09	0	13
ptg011919l_1_region	51942	212516	4.09	0	13
ptg011920l_1	88959	271024	3.05	0	10
ptg011920l_1_region	88959	271024	3.05	0	10
ptg011923l_1	18494	27721	1.50	0	4
ptg011923l_1_region	18494	27721	1.50	0	4
ptg011927l_1	14269	56280	3.94	0	9
ptg011927l_1_region	14269	56280	3.94	0	9
ptg011928l_1	387057	1970506	5.09	0	20
ptg011928l_1_region	387057	1970506	5.09	0	20
ptg011933l_1	234247	988953	4.22	0	18
ptg011933l_1_region	234247	988953	4.22	0	18
ptg011935l_1	16286	14609	0.90	0	2
ptg011935l_1_region	16286	14609	0.90	0	2
ptg011937l_1	175233	632203	3.61	0	35
ptg011937l_1_region	175233	632203	3.61	0	35
ptg011945l_1	111351	356241	3.20	0	13
ptg011945l_1_region	111351	356241	3.20	0	13
ptg011946l_1	96142	471118	4.90	0	13
ptg011946l_1_region	96142	471118	4.90	0	13
ptg011952l_1	8937	57567	6.44	0	16
ptg011952l_1_region	8937	57567	6.44	0	16
ptg011954l_1	73051	270682	3.71	0	23
ptg011954l_1_region	73051	270682	3.71	0	23
ptg011961l_1	36238	112781	3.11	0	8
ptg011961l_1_region	36238	112781	3.11	0	8
ptg011963l_1	19304	18203	0.94	0	5
ptg011963l_1_region	19304	18203	0.94	0	5
ptg011967l_1	26069	111125	4.26	0	13
ptg011967l_1_region	26069	111125	4.26	0	13
ptg011968l_1	223740	1128719	5.04	0	14
ptg011968l_1_region	223740	1128719	5.04	0	14
ptg011971l_1	315019	1773206	5.63	0	46
ptg011971l_1_region	315019	1773206	5.63	0	46
ptg011975l_1	29230	120968	4.14	0	10
ptg011975l_1_region	29230	120968	4.14	0	10
ptg011977l_1	56500	228113	4.04	0	9
ptg011977l_1_region	56500	228113	4.04	0	9
ptg011979l_1	45606	232043	5.09	0	10
ptg011979l_1_region	45606	232043	5.09	0	10
ptg011980l_1	21197	85771	4.05	0	10
ptg011980l_1_region	21197	85771	4.05	0	10
ptg011983l_1	97758	391107	4.00	0	10
ptg011983l_1_region	97758	391107	4.00	0	10
ptg011985l_1	106933	472328	4.42	0	16
ptg011985l_1_region	106933	472328	4.42	0	16
ptg011986l_1	38976	117559	3.02	0	9
ptg011986l_1_region	38976	117559	3.02	0	9
ptg011987l_1	53612	130253	2.43	0	12
ptg011987l_1_region	53612	130253	2.43	0	12
ptg011990l_1	44118	193800	4.39	0	16
ptg011990l_1_region	44118	193800	4.39	0	16
ptg012000l_1	22371	72211	3.23	0	12
ptg012000l_1_region	22371	72211	3.23	0	12
ptg012001l_1	18589	17483	0.94	0	4
ptg012001l_1_region	18589	17483	0.94	0	4
ptg012004l_1	24586	91464	3.72	0	8
ptg012004l_1_region	24586	91464	3.72	0	8
ptg012005l_1	78871	541352	6.86	0	17
ptg012005l_1_region	78871	541352	6.86	0	17
ptg012006l_1	32426	85199	2.63	0	7
ptg012006l_1_region	32426	85199	2.63	0	7
ptg012009l_1	13995	4110	0.29	0	1
ptg012009l_1_region	13995	4110	0.29	0	1
ptg012010l_1	76685	561908	7.33	0	39
ptg012010l_1_region	76685	561908	7.33	0	39
ptg012011l_1	90383	295192	3.27	0	11
ptg012011l_1_region	90383	295192	3.27	0	11
ptg012012l_1	31239	151296	4.84	0	11
ptg012012l_1_region	31239	151296	4.84	0	11
ptg012013l_1	219067	2013888	9.19	0	42
ptg012013l_1_region	219067	2013888	9.19	0	42
ptg012023l_1	541697	1969192	3.64	0	41
ptg012023l_1_region	541697	1969192	3.64	0	41
ptg012025l_1	99777	678320	6.80	0	17
ptg012025l_1_region	99777	678320	6.80	0	17
ptg012030l_1	283684	2135687	7.53	0	55
ptg012030l_1_region	283684	2135687	7.53	0	55
ptg012037l_1	181064	1473660	8.14	0	40
ptg012037l_1_region	181064	1473660	8.14	0	40
ptg012040l_1	16132	45564	2.82	0	7
ptg012040l_1_region	16132	45564	2.82	0	7
ptg012049l_1	15973	28443	1.78	0	4
ptg012049l_1_region	15973	28443	1.78	0	4
ptg012050l_1	53847	124325	2.31	0	6
ptg012050l_1_region	53847	124325	2.31	0	6
ptg012055l_1	62203	305180	4.91	0	12
ptg012055l_1_region	62203	305180	4.91	0	12
ptg012059l_1	8628	17628	2.04	0	3
ptg012059l_1_region	8628	17628	2.04	0	3
ptg012060l_1	17895	152118	8.50	1	16
ptg012060l_1_region	17895	152118	8.50	1	16
ptg012062l_1	115448	663121	5.74	0	16
ptg012062l_1_region	115448	663121	5.74	0	16
ptg012066l_1	30797	80707	2.62	0	10
ptg012066l_1_region	30797	80707	2.62	0	10
ptg012070l_1	36743	121261	3.30	0	8
ptg012070l_1_region	36743	121261	3.30	0	8
ptg012074l_1	75268	299856	3.98	0	16
ptg012074l_1_region	75268	299856	3.98	0	16
ptg012075l_1	43451	203930	4.69	0	10
ptg012075l_1_region	43451	203930	4.69	0	10
ptg012076l_1	54751	76178	1.39	0	12
ptg012076l_1_region	54751	76178	1.39	0	12
ptg012079l_1	46808	240724	5.14	0	17
ptg012079l_1_region	46808	240724	5.14	0	17
ptg012081l_1	49540	171513	3.46	0	9
ptg012081l_1_region	49540	171513	3.46	0	9
ptg012094l_1	38540	131669	3.42	0	8
ptg012094l_1_region	38540	131669	3.42	0	8
ptg012095l_1	9374	31567	3.37	0	11
ptg012095l_1_region	9374	31567	3.37	0	11
ptg012096l_1	27202	35800	1.32	0	3
ptg012096l_1_region	27202	35800	1.32	0	3
ptg012108l_1	116999	535070	4.57	0	14
ptg012108l_1_region	116999	535070	4.57	0	14
ptg012110l_1	12683	26115	2.06	0	4
ptg012110l_1_region	12683	26115	2.06	0	4
ptg012112l_1	51098	735834	14.40	0	49
ptg012112l_1_region	51098	735834	14.40	0	49
ptg012117l_1	105575	346803	3.28	0	11
ptg012117l_1_region	105575	346803	3.28	0	11
ptg012118l_1	99119	317472	3.20	0	14
ptg012118l_1_region	99119	317472	3.20	0	14
ptg012120l_1	100643	293740	2.92	0	8
ptg012120l_1_region	100643	293740	2.92	0	8
ptg012122l_1	58498	191551	3.27	0	9
ptg012122l_1_region	58498	191551	3.27	0	9
ptg012124l_1	7330	2263	0.31	0	1
ptg012124l_1_region	7330	2263	0.31	0	1
ptg012128l_1	805602	2138557	2.65	0	24
ptg012128l_1_region	805602	2138557	2.65	0	24
ptg012129l_1	48071	142463	2.96	0	12
ptg012129l_1_region	48071	142463	2.96	0	12
ptg012132l_1	181465	1267348	6.98	0	22
ptg012132l_1_region	181465	1267348	6.98	0	22
ptg012134l_1	46277	100738	2.18	0	6
ptg012134l_1_region	46277	100738	2.18	0	6
ptg012137l_1	108759	515885	4.74	0	12
ptg012137l_1_region	108759	515885	4.74	0	12
ptg012141l_1	18873	29016	1.54	0	4
ptg012141l_1_region	18873	29016	1.54	0	4
ptg012142l_1	11593	14961	1.29	0	5
ptg012142l_1_region	11593	14961	1.29	0	5
ptg012143l_1	181874	526623	2.90	0	11
ptg012143l_1_region	181874	526623	2.90	0	11
ptg012146l_1	286383	1163215	4.06	0	13
ptg012146l_1_region	286383	1163215	4.06	0	13
ptg012150l_1	190116	786259	4.14	0	15
ptg012150l_1_region	190116	786259	4.14	0	15
ptg012155l_1	70062	206217	2.94	0	16
ptg012155l_1_region	70062	206217	2.94	0	16
ptg012157l_1	49818	189802	3.81	0	14
ptg012157l_1_region	49818	189802	3.81	0	14
ptg012160l_1	12177	18518	1.52	0	5
ptg012160l_1_region	12177	18518	1.52	0	5
ptg012163l_1	34157	161919	4.74	0	14
ptg012163l_1_region	34157	161919	4.74	0	14
ptg012173l_1	35971	196880	5.47	0	31
ptg012173l_1_region	35971	196880	5.47	0	31
ptg012174l_1	278595	786897	2.82	0	23
ptg012174l_1_region	278595	786897	2.82	0	23
ptg012175l_1	123025	459722	3.74	0	111
ptg012175l_1_region	123025	459722	3.74	0	111
ptg012180l_1	10483	25220	2.41	0	6
ptg012180l_1_region	10483	25220	2.41	0	6
ptg012197l_1	75996	320029	4.21	0	40
ptg012197l_1_region	75996	320029	4.21	0	40
ptg012201l_1	206527	774518	3.75	0	14
ptg012201l_1_region	206527	774518	3.75	0	14
ptg012207l_1	27505	130734	4.75	0	9
ptg012207l_1_region	27505	130734	4.75	0	9
ptg012210l_1	777744	2937005	3.78	0	15
ptg012210l_1_region	777744	2937005	3.78	0	15
ptg012214l_1	405492	111162	0.27	0	7
ptg012214l_1_region	405492	111162	0.27	0	7
ptg012215l_1	436114	128752	0.30	0	7
ptg012215l_1_region	436114	128752	0.30	0	7
ptg012217l_1	316000	125805	0.40	0	14
ptg012217l_1_region	316000	125805	0.40	0	14
ptg012221l_1	33429	136060	4.07	0	28
ptg012221l_1_region	33429	136060	4.07	0	28
ptg012222l_1	84454	382059	4.52	0	10
ptg012222l_1_region	84454	382059	4.52	0	10
ptg012223l_1	34469	88904	2.58	0	7
ptg012223l_1_region	34469	88904	2.58	0	7
ptg012226l_1	107136	515442	4.81	0	34
ptg012226l_1_region	107136	515442	4.81	0	34
ptg012228l_1	55867	208965	3.74	0	9
ptg012228l_1_region	55867	208965	3.74	0	9
ptg012230l_1	420808	1666434	3.96	0	50
ptg012230l_1_region	420808	1666434	3.96	0	50
ptg012231l_1	81428	245833	3.02	0	11
ptg012231l_1_region	81428	245833	3.02	0	11
ptg012232l_1	211348	744516	3.52	0	13
ptg012232l_1_region	211348	744516	3.52	0	13
ptg012235l_1	20112	71918	3.58	0	10
ptg012235l_1_region	20112	71918	3.58	0	10
ptg012238l_1	908684	265066	0.29	0	11
ptg012238l_1_region	908684	265066	0.29	0	11
ptg012252l_1	110665	438148	3.96	0	15
ptg012252l_1_region	110665	438148	3.96	0	15
ptg012253l_1	96813	306094	3.16	0	13
ptg012253l_1_region	96813	306094	3.16	0	13
ptg012254l_1	152879	876901	5.74	0	19
ptg012254l_1_region	152879	876901	5.74	0	19
ptg012255l_1	698799	3463106	4.96	0	17
ptg012255l_1_region	698799	3463106	4.96	0	17
ptg012256l_1	38054	141380	3.72	0	12
ptg012256l_1_region	38054	141380	3.72	0	12
ptg012263l_1	36754	105781	2.88	0	12
ptg012263l_1_region	36754	105781	2.88	0	12
ptg012266l_1	76982	767603	9.97	0	33
ptg012266l_1_region	76982	767603	9.97	0	33
ptg012267l_1	39963	101710	2.55	0	9
ptg012267l_1_region	39963	101710	2.55	0	9
ptg012272l_1	49935	86941	1.74	0	7
ptg012272l_1_region	49935	86941	1.74	0	7
ptg012282l_1	87141	340519	3.91	0	14
ptg012282l_1_region	87141	340519	3.91	0	14
ptg012283l_1	66759	349471	5.23	0	21
ptg012283l_1_region	66759	349471	5.23	0	21
ptg012285l_1	13346	6041	0.45	0	2
ptg012285l_1_region	13346	6041	0.45	0	2
ptg012287l_1	48924	130759	2.67	0	7
ptg012287l_1_region	48924	130759	2.67	0	7
ptg012289l_1	137526	519395	3.78	0	14
ptg012289l_1_region	137526	519395	3.78	0	14
ptg012294l_1	47424	117397	2.48	0	9
ptg012294l_1_region	47424	117397	2.48	0	9
ptg012298l_1	30927	80065	2.59	0	5
ptg012298l_1_region	30927	80065	2.59	0	5
ptg012302l_1	83382	205677	2.47	0	7
ptg012302l_1_region	83382	205677	2.47	0	7
ptg012304l_1	145389	506634	3.48	0	14
ptg012304l_1_region	145389	506634	3.48	0	14
ptg012311l_1	205424	249924	1.22	0	25
ptg012311l_1_region	205424	249924	1.22	0	25
ptg012314l_1	29207	87660	3.00	0	9
ptg012314l_1_region	29207	87660	3.00	0	9
ptg012315l_1	204414	1225109	5.99	0	20
ptg012315l_1_region	204414	1225109	5.99	0	20
ptg012317l_1	98975	211811	2.14	0	13
ptg012317l_1_region	98975	211811	2.14	0	13
ptg012318l_1	130844	786665	6.01	0	18
ptg012318l_1_region	130844	786665	6.01	0	18
ptg012320l_1	28496	63566	2.23	0	5
ptg012320l_1_region	28496	63566	2.23	0	5
ptg012321l_1	59289	201702	3.40	0	11
ptg012321l_1_region	59289	201702	3.40	0	11
ptg012322l_1	231850	741088	3.20	0	23
ptg012322l_1_region	231850	741088	3.20	0	23
ptg012323l_1	46397	133890	2.89	0	11
ptg012323l_1_region	46397	133890	2.89	0	11
ptg012328l_1	52976	175638	3.32	0	12
ptg012328l_1_region	52976	175638	3.32	0	12
ptg012329l_1	79508	222571	2.80	0	10
ptg012329l_1_region	79508	222571	2.80	0	10
ptg012330l_1	17428	21510	1.23	0	9
ptg012330l_1_region	17428	21510	1.23	0	9
ptg012333l_1	12535	26961	2.15	0	7
ptg012333l_1_region	12535	26961	2.15	0	7
ptg012334l_1	15777	82957	5.26	0	11
ptg012334l_1_region	15777	82957	5.26	0	11
ptg012335l_1	34070	60550	1.78	0	9
ptg012335l_1_region	34070	60550	1.78	0	9
ptg012348l_1	108297	450400	4.16	0	15
ptg012348l_1_region	108297	450400	4.16	0	15
ptg012349l_1	131023	274996	2.10	0	12
ptg012349l_1_region	131023	274996	2.10	0	12
ptg012350l_1	98098	370714	3.78	0	16
ptg012350l_1_region	98098	370714	3.78	0	16
ptg012354l_1	113907	507203	4.45	0	11
ptg012354l_1_region	113907	507203	4.45	0	11
ptg012358l_1	19844	39859	2.01	0	5
ptg012358l_1_region	19844	39859	2.01	0	5
ptg012361l_1	195548	474503	2.43	0	11
ptg012361l_1_region	195548	474503	2.43	0	11
ptg012364l_1	22023	78547	3.57	0	8
ptg012364l_1_region	22023	78547	3.57	0	8
ptg012365l_1	42611	128800	3.02	0	9
ptg012365l_1_region	42611	128800	3.02	0	9
ptg012366l_1	97746	383754	3.93	0	11
ptg012366l_1_region	97746	383754	3.93	0	11
ptg012367l_1	59878	322309	5.38	0	11
ptg012367l_1_region	59878	322309	5.38	0	11
ptg012370l_1	8512	136259	16.01	0	25
ptg012370l_1_region	8512	136259	16.01	0	25
ptg012384l_1	19402	73296	3.78	0	8
ptg012384l_1_region	19402	73296	3.78	0	8
ptg012386l_1	23314	61998	2.66	0	7
ptg012386l_1_region	23314	61998	2.66	0	7
ptg012388l_1	55151	410005	7.43	0	75
ptg012388l_1_region	55151	410005	7.43	0	75
ptg012389l_1	28460	45987	1.62	0	6
ptg012389l_1_region	28460	45987	1.62	0	6
ptg012397l_1	31221	115163	3.69	0	8
ptg012397l_1_region	31221	115163	3.69	0	8
ptg012398l_1	122402	271622	2.22	0	7
ptg012398l_1_region	122402	271622	2.22	0	7
ptg012399l_1	119167	337905	2.84	0	11
ptg012399l_1_region	119167	337905	2.84	0	11
ptg012400l_1	55402	180358	3.26	0	13
ptg012400l_1_region	55402	180358	3.26	0	13
ptg012402l_1	12399	18194	1.47	0	7
ptg012402l_1_region	12399	18194	1.47	0	7
ptg012403l_1	75475	238203	3.16	0	18
ptg012403l_1_region	75475	238203	3.16	0	18
ptg012408l_1	25778	93940	3.64	0	13
ptg012408l_1_region	25778	93940	3.64	0	13
ptg012411l_1	99348	322716	3.25	0	13
ptg012411l_1_region	99348	322716	3.25	0	13
ptg012412l_1	52517	153060	2.91	0	12
ptg012412l_1_region	52517	153060	2.91	0	12
ptg012413l_1	18792	30119	1.60	0	6
ptg012413l_1_region	18792	30119	1.60	0	6
ptg012417l_1	17910	30518	1.70	0	8
ptg012417l_1_region	17910	30518	1.70	0	8
ptg012418l_1	48721	86893	1.78	0	10
ptg012418l_1_region	48721	86893	1.78	0	10
ptg012421l_1	70972	242740	3.42	0	8
ptg012421l_1_region	70972	242740	3.42	0	8
ptg012427l_1	22063	70497	3.20	0	11
ptg012427l_1_region	22063	70497	3.20	0	11
ptg012429l_1	15061	38985	2.59	0	6
ptg012429l_1_region	15061	38985	2.59	0	6
ptg012430l_1	20983	87353	4.16	0	10
ptg012430l_1_region	20983	87353	4.16	0	10
ptg012431l_1	15991	30866	1.93	0	5
ptg012431l_1_region	15991	30866	1.93	0	5
ptg012432l_1	68630	351705	5.12	0	27
ptg012432l_1_region	68630	351705	5.12	0	27
ptg012433l_1	171632	886664	5.17	0	48
ptg012433l_1_region	171632	886664	5.17	0	48
ptg012434l_1	199649	1656908	8.30	0	60
ptg012434l_1_region	199649	1656908	8.30	0	60
ptg012444l_1	36189	129909	3.59	0	10
ptg012444l_1_region	36189	129909	3.59	0	10
ptg012446l_1	1145697	5882487	5.13	0	65
ptg012446l_1_region	1145697	5882487	5.13	0	65
ptg012450l_1	58652	233588	3.98	0	15
ptg012450l_1_region	58652	233588	3.98	0	15
ptg012452l_1	45304	105674	2.33	0	11
ptg012452l_1_region	45304	105674	2.33	0	11
ptg012456l_1	230232	672107	2.92	0	16
ptg012456l_1_region	230232	672107	2.92	0	16
ptg012458l_1	38827	142469	3.67	0	11
ptg012458l_1_region	38827	142469	3.67	0	11
ptg012459l_1	122884	253975	2.07	0	14
ptg012459l_1_region	122884	253975	2.07	0	14
ptg012462l_1	195020	694993	3.56	0	17
ptg012462l_1_region	195020	694993	3.56	0	17
ptg012464l_1	33911	184978	5.45	0	14
ptg012464l_1_region	33911	184978	5.45	0	14
ptg012467l_1	16036	246634	15.38	2	32
ptg012467l_1_region	16036	246634	15.38	2	32
ptg012468l_1	33937	120990	3.57	0	13
ptg012468l_1_region	33937	120990	3.57	0	13
ptg012471l_1	27286	53230	1.95	0	9
ptg012471l_1_region	27286	53230	1.95	0	9
ptg012474l_1	390545	1611295	4.13	0	23
ptg012474l_1_region	390545	1611295	4.13	0	23
ptg012477l_1	74232	202587	2.73	0	13
ptg012477l_1_region	74232	202587	2.73	0	13
ptg012483l_1	37847	156071	4.12	0	16
ptg012483l_1_region	37847	156071	4.12	0	16
ptg012489l_1	21104	18321	0.87	0	4
ptg012489l_1_region	21104	18321	0.87	0	4
ptg012490l_1	56969	62363	1.09	0	12
ptg012490l_1_region	56969	62363	1.09	0	12
ptg012493l_1	31542	94667	3.00	0	8
ptg012493l_1_region	31542	94667	3.00	0	8
ptg012495l_1	446595	56154	0.13	0	7
ptg012495l_1_region	446595	56154	0.13	0	7
ptg012496l_1	379933	1256350	3.31	0	13
ptg012496l_1_region	379933	1256350	3.31	0	13
ptg012499l_1	18747	46168	2.46	0	7
ptg012499l_1_region	18747	46168	2.46	0	7
ptg012502l_1	32964	72770	2.21	0	7
ptg012502l_1_region	32964	72770	2.21	0	7
ptg012506l_1	164577	529051	3.21	0	14
ptg012506l_1_region	164577	529051	3.21	0	14
ptg012514l_1	24993	72514	2.90	0	11
ptg012514l_1_region	24993	72514	2.90	0	11
ptg012517l_1	172182	875600	5.09	0	18
ptg012517l_1_region	172182	875600	5.09	0	18
ptg012518l_1	77211	412610	5.34	0	19
ptg012518l_1_region	77211	412610	5.34	0	19
ptg012519l_1	12905	1396	0.11	0	1
ptg012519l_1_region	12905	1396	0.11	0	1
ptg012520l_1	62632	118075	1.89	0	8
ptg012520l_1_region	62632	118075	1.89	0	8
ptg012523l_1	83780	157471	1.88	0	8
ptg012523l_1_region	83780	157471	1.88	0	8
ptg012531l_1	15146	42189	2.79	0	6
ptg012531l_1_region	15146	42189	2.79	0	6
ptg012533l_1	33214	94850	2.86	0	6
ptg012533l_1_region	33214	94850	2.86	0	6
ptg012538l_1	114413	316075	2.76	0	12
ptg012538l_1_region	114413	316075	2.76	0	12
ptg012541l_1	90060	262136	2.91	0	9
ptg012541l_1_region	90060	262136	2.91	0	9
ptg012543l_1	86176	290198	3.37	0	17
ptg012543l_1_region	86176	290198	3.37	0	17
ptg012544l_1	124709	215074	1.72	0	9
ptg012544l_1_region	124709	215074	1.72	0	9
ptg012551l_1	47445	134299	2.83	0	8
ptg012551l_1_region	47445	134299	2.83	0	8
ptg012554l_1	22868	98784	4.32	0	10
ptg012554l_1_region	22868	98784	4.32	0	10
ptg012558l_1	69624	174835	2.51	0	9
ptg012558l_1_region	69624	174835	2.51	0	9
ptg012559l_1	38150	122006	3.20	0	14
ptg012559l_1_region	38150	122006	3.20	0	14
ptg012560l_1	283872	1302993	4.59	0	44
ptg012560l_1_region	283872	1302993	4.59	0	44
ptg012566l_1	41191	63326	1.54	0	7
ptg012566l_1_region	41191	63326	1.54	0	7
ptg012573l_1	46297	199107	4.30	0	14
ptg012573l_1_region	46297	199107	4.30	0	14
ptg012575l_1	155738	447093	2.87	0	14
ptg012575l_1_region	155738	447093	2.87	0	14
ptg012577c_1	120685	108254	0.90	0	12
ptg012577c_1_region	120685	108254	0.90	0	12
ptg012580l_1	175446	603415	3.44	0	21
ptg012580l_1_region	175446	603415	3.44	0	21
ptg012581l_1	58171	218679	3.76	0	11
ptg012581l_1_region	58171	218679	3.76	0	11
ptg012582l_1	7495	42291	5.64	0	15
ptg012582l_1_region	7495	42291	5.64	0	15
ptg012586l_1	793630	3609151	4.55	0	24
ptg012586l_1_region	793630	3609151	4.55	0	24
ptg012587l_1	54927	251847	4.59	0	15
ptg012587l_1_region	54927	251847	4.59	0	15
ptg012590l_1	19626	23216	1.18	0	4
ptg012590l_1_region	19626	23216	1.18	0	4
ptg012592l_1	263311	202350	0.77	0	16
ptg012592l_1_region	263311	202350	0.77	0	16
ptg012593l_1	76962	149749	1.95	0	10
ptg012593l_1_region	76962	149749	1.95	0	10
ptg012594l_1	75303	386257	5.13	0	32
ptg012594l_1_region	75303	386257	5.13	0	32
ptg012596l_1	433043	1027937	2.37	0	9
ptg012596l_1_region	433043	1027937	2.37	0	9
ptg012603l_1	20727	63392	3.06	0	7
ptg012603l_1_region	20727	63392	3.06	0	7
ptg012604l_1	25387	52633	2.07	0	5
ptg012604l_1_region	25387	52633	2.07	0	5
ptg012606l_1	57790	192179	3.33	0	12
ptg012606l_1_region	57790	192179	3.33	0	12
ptg012611l_1	699152	235114	0.34	0	11
ptg012611l_1_region	699152	235114	0.34	0	11
ptg012612l_1	27495	84609	3.08	0	8
ptg012612l_1_region	27495	84609	3.08	0	8
ptg012619l_1	16819	76636	4.56	0	11
ptg012619l_1_region	16819	76636	4.56	0	11
ptg012621l_1	66960	244845	3.66	0	13
ptg012621l_1_region	66960	244845	3.66	0	13
ptg012622l_1	241249	1176112	4.88	0	19
ptg012622l_1_region	241249	1176112	4.88	0	19
ptg012623l_1	41270	87931	2.13	0	7
ptg012623l_1_region	41270	87931	2.13	0	7
ptg012627l_1	32098	11770	0.37	0	2
ptg012627l_1_region	32098	11770	0.37	0	2
ptg012628l_1	169856	612531	3.61	0	21
ptg012628l_1_region	169856	612531	3.61	0	21
ptg012629l_1	50439	121500	2.41	0	8
ptg012629l_1_region	50439	121500	2.41	0	8
ptg012630l_1	50093	215402	4.30	0	10
ptg012630l_1_region	50093	215402	4.30	0	10
ptg012631l_1	203275	136821	0.67	0	13
ptg012631l_1_region	203275	136821	0.67	0	13
ptg012635l_1	81294	507185	6.24	0	16
ptg012635l_1_region	81294	507185	6.24	0	16
ptg012638l_1	61696	277777	4.50	0	13
ptg012638l_1_region	61696	277777	4.50	0	13
ptg012642l_1	66134	324342	4.90	0	13
ptg012642l_1_region	66134	324342	4.90	0	13
ptg012645l_1	79376	8693	0.11	0	1
ptg012645l_1_region	79376	8693	0.11	0	1
ptg012647l_1	22677	60616	2.67	0	7
ptg012647l_1_region	22677	60616	2.67	0	7
ptg012649l_1	38994	88018	2.26	0	8
ptg012649l_1_region	38994	88018	2.26	0	8
ptg012650l_1	114269	345415	3.02	0	15
ptg012650l_1_region	114269	345415	3.02	0	15
ptg012652l_1	37319	68714	1.84	0	5
ptg012652l_1_region	37319	68714	1.84	0	5
ptg012654l_1	107424	208636	1.94	0	13
ptg012654l_1_region	107424	208636	1.94	0	13
ptg012655l_1	38783	72412	1.87	0	8
ptg012655l_1_region	38783	72412	1.87	0	8
ptg012656l_1	38953	103439	2.66	0	8
ptg012656l_1_region	38953	103439	2.66	0	8
ptg012659l_1	77196	126046	1.63	0	9
ptg012659l_1_region	77196	126046	1.63	0	9
ptg012661l_1	40137	125397	3.12	0	9
ptg012661l_1_region	40137	125397	3.12	0	9
ptg012663l_1	36221	126945	3.50	0	9
ptg012663l_1_region	36221	126945	3.50	0	9
ptg012664l_1	22399	22693	1.01	0	3
ptg012664l_1_region	22399	22693	1.01	0	3
ptg012665l_1	108424	591792	5.46	0	17
ptg012665l_1_region	108424	591792	5.46	0	17
ptg012667l_1	60044	116244	1.94	0	6
ptg012667l_1_region	60044	116244	1.94	0	6
ptg012668l_1	26706	8267	0.31	0	2
ptg012668l_1_region	26706	8267	0.31	0	2
ptg012669l_1	48621	143287	2.95	0	8
ptg012669l_1_region	48621	143287	2.95	0	8
ptg012670l_1	26864	8262	0.31	0	1
ptg012670l_1_region	26864	8262	0.31	0	1
ptg012671l_1	78744	547940	6.96	0	18
ptg012671l_1_region	78744	547940	6.96	0	18
ptg012673l_1	15440	6884	0.45	0	2
ptg012673l_1_region	15440	6884	0.45	0	2
ptg012675l_1	37852	47809	1.26	0	7
ptg012675l_1_region	37852	47809	1.26	0	7
ptg012676l_1	40477	157881	3.90	0	18
ptg012676l_1_region	40477	157881	3.90	0	18
ptg012677l_1	82203	84450	1.03	0	6
ptg012677l_1_region	82203	84450	1.03	0	6
ptg012678l_1	21460	21168	0.99	0	4
ptg012678l_1_region	21460	21168	0.99	0	4
ptg012679l_1	134118	134472	1.00	0	11
ptg012679l_1_region	134118	134472	1.00	0	11
ptg012680l_1	328873	1221260	3.71	0	19
ptg012680l_1_region	328873	1221260	3.71	0	19
ptg012682l_1	54487	183611	3.37	0	11
ptg012682l_1_region	54487	183611	3.37	0	11
ptg012683l_1	22504	6816	0.30	0	2
ptg012683l_1_region	22504	6816	0.30	0	2
ptg012685l_1	24670	100904	4.09	0	7
ptg012685l_1_region	24670	100904	4.09	0	7
ptg012687l_1	14245	52948	3.72	0	8
ptg012687l_1_region	14245	52948	3.72	0	8
ptg012688l_1	674003	213782	0.32	0	4
ptg012688l_1_region	674003	213782	0.32	0	4
ptg012691l_1	42003	697914	16.62	0	54
ptg012691l_1_region	42003	697914	16.62	0	54
ptg012694l_1	35924	171418	4.77	0	11
ptg012694l_1_region	35924	171418	4.77	0	11
ptg012708l_1	84704	394561	4.66	0	17
ptg012708l_1_region	84704	394561	4.66	0	17
ptg012710l_1	18244	37916	2.08	0	6
ptg012710l_1_region	18244	37916	2.08	0	6
ptg012716l_1	84222	501160	5.95	0	17
ptg012716l_1_region	84222	501160	5.95	0	17
ptg012718l_1	171910	501225	2.92	0	9
ptg012718l_1_region	171910	501225	2.92	0	9
ptg012722l_1	909992	472900	0.52	0	13
ptg012722l_1_region	909992	472900	0.52	0	13
ptg012725l_1	880056	605901	0.69	0	12
ptg012725l_1_region	880056	605901	0.69	0	12
ptg012728l_1	21828	38742	1.77	0	7
ptg012728l_1_region	21828	38742	1.77	0	7
ptg012729l_1	62380	208857	3.35	0	9
ptg012729l_1_region	62380	208857	3.35	0	9
ptg012732l_1	91424	143984	1.57	0	7
ptg012732l_1_region	91424	143984	1.57	0	7
ptg012734l_1	122272	352660	2.88	0	20
ptg012734l_1_region	122272	352660	2.88	0	20
ptg012739l_1	130747	87274	0.67	0	9
ptg012739l_1_region	130747	87274	0.67	0	9
ptg012740l_1	36435	59114	1.62	0	12
ptg012740l_1_region	36435	59114	1.62	0	12
ptg012742l_1	19858	2697	0.14	0	1
ptg012742l_1_region	19858	2697	0.14	0	1
ptg012743l_1	20406	179940	8.82	0	37
ptg012743l_1_region	20406	179940	8.82	0	37
ptg012744l_1	31114	4812	0.15	0	2
ptg012744l_1_region	31114	4812	0.15	0	2
ptg012745l_1	40014	11173	0.28	0	2
ptg012745l_1_region	40014	11173	0.28	0	2
ptg012746l_1	43144	42966	1.00	0	4
ptg012746l_1_region	43144	42966	1.00	0	4
ptg012748l_1	82537	393251	4.76	0	16
ptg012748l_1_region	82537	393251	4.76	0	16
ptg012750l_1	85656	175139	2.04	0	9
ptg012750l_1_region	85656	175139	2.04	0	9
ptg012751l_1	121732	1060756	8.71	0	31
ptg012751l_1_region	121732	1060756	8.71	0	31
ptg012755l_1	150062	468455	3.12	0	12
ptg012755l_1_region	150062	468455	3.12	0	12
ptg012757l_1	30043	111663	3.72	0	20
ptg012757l_1_region	30043	111663	3.72	0	20
ptg012761l_1	80876	373503	4.62	0	16
ptg012761l_1_region	80876	373503	4.62	0	16
ptg012763l_1	28944	284853	9.84	0	29
ptg012763l_1_region	28944	284853	9.84	0	29
ptg012764l_1	37613	253274	6.73	0	18
ptg012764l_1_region	37613	253274	6.73	0	18
ptg012765l_1	17936	68791	3.84	0	12
ptg012765l_1_region	17936	68791	3.84	0	12
ptg012766l_1	88047	180844	2.05	0	9
ptg012766l_1_region	88047	180844	2.05	0	9
ptg012767l_1	78406	204141	2.60	0	9
ptg012767l_1_region	78406	204141	2.60	0	9
ptg012773l_1	31565	2812	0.09	0	1
ptg012773l_1_region	31565	2812	0.09	0	1
ptg012774l_1	21590	14656	0.68	0	3
ptg012774l_1_region	21590	14656	0.68	0	3
ptg012776l_1	64165	94806	1.48	0	5
ptg012776l_1_region	64165	94806	1.48	0	5
ptg012777l_1	56266	53086	0.94	0	5
ptg012777l_1_region	56266	53086	0.94	0	5
ptg012779l_1	51677	2254	0.04	0	1
ptg012779l_1_region	51677	2254	0.04	0	1
ptg012781l_1	69111	281803	4.08	0	11
ptg012781l_1_region	69111	281803	4.08	0	11
ptg012792l_1	49635	114347	2.30	0	6
ptg012792l_1_region	49635	114347	2.30	0	6
ptg012798l_1	1434750	590740	0.41	0	16
ptg012798l_1_region	1434750	590740	0.41	0	16
ptg012802l_1	33827	55041	1.63	0	7
ptg012802l_1_region	33827	55041	1.63	0	7
ptg012804l_1	256793	1277540	4.97	0	53
ptg012804l_1_region	256793	1277540	4.97	0	53
ptg012806l_1	14309	17935	1.25	0	4
ptg012806l_1_region	14309	17935	1.25	0	4
ptg012809l_1	99581	336205	3.38	0	17
ptg012809l_1_region	99581	336205	3.38	0	17
ptg012812l_1	10754	30003	2.79	0	6
ptg012812l_1_region	10754	30003	2.79	0	6
ptg012814l_1	85484	217281	2.54	0	9
ptg012814l_1_region	85484	217281	2.54	0	9
ptg012823l_1	226314	1157973	5.12	0	21
ptg012823l_1_region	226314	1157973	5.12	0	21
ptg012824l_1	108971	498804	4.58	0	17
ptg012824l_1_region	108971	498804	4.58	0	17
ptg012830l_1	66322	199221	3.00	0	8
ptg012830l_1_region	66322	199221	3.00	0	8
ptg012831l_1	22826	35607	1.56	0	5
ptg012831l_1_region	22826	35607	1.56	0	5
ptg012834l_1	448850	1526393	3.40	0	22
ptg012834l_1_region	448850	1526393	3.40	0	22
ptg012840l_1	106848	105888	0.99	0	10
ptg012840l_1_region	106848	105888	0.99	0	10
ptg012850l_1	32722	128995	3.94	0	10
ptg012850l_1_region	32722	128995	3.94	0	10
ptg012853l_1	33795	73087	2.16	0	6
ptg012853l_1_region	33795	73087	2.16	0	6
ptg012864l_1	34704	70026	2.02	0	6
ptg012864l_1_region	34704	70026	2.02	0	6
ptg012867l_1	206041	1928445	9.36	0	48
ptg012867l_1_region	206041	1928445	9.36	0	48
ptg012868l_1	28121	35489	1.26	0	4
ptg012868l_1_region	28121	35489	1.26	0	4
ptg012870l_1	19739	50606	2.56	0	7
ptg012870l_1_region	19739	50606	2.56	0	7
ptg012871l_1	122872	598373	4.87	0	12
ptg012871l_1_region	122872	598373	4.87	0	12
ptg012887l_1	12751	36563	2.87	0	9
ptg012887l_1_region	12751	36563	2.87	0	9
ptg012888l_1	31573	93121	2.95	0	11
ptg012888l_1_region	31573	93121	2.95	0	11
ptg012891l_1	154980	562371	3.63	0	10
ptg012891l_1_region	154980	562371	3.63	0	10
ptg012892l_1	43389	128208	2.95	0	10
ptg012892l_1_region	43389	128208	2.95	0	10
ptg012895l_1	25384	126048	4.97	0	15
ptg012895l_1_region	25384	126048	4.97	0	15
ptg012899l_1	20234	64919	3.21	0	7
ptg012899l_1_region	20234	64919	3.21	0	7
ptg012900l_1	206803	875510	4.23	0	14
ptg012900l_1_region	206803	875510	4.23	0	14
ptg012904l_1	146686	751867	5.13	0	14
ptg012904l_1_region	146686	751867	5.13	0	14
ptg012914l_1	138867	657730	4.74	0	24
ptg012914l_1_region	138867	657730	4.74	0	24
ptg012917l_1	408939	1965347	4.81	0	15
ptg012917l_1_region	408939	1965347	4.81	0	15
ptg012921l_1	55882	352294	6.30	0	12
ptg012921l_1_region	55882	352294	6.30	0	12
ptg012922l_1	63026	180403	2.86	0	8
ptg012922l_1_region	63026	180403	2.86	0	8
ptg012924l_1	104158	563073	5.41	0	18
ptg012924l_1_region	104158	563073	5.41	0	18
ptg012930l_1	43905	96174	2.19	0	11
ptg012930l_1_region	43905	96174	2.19	0	11
ptg012941l_1	21350	141609	6.63	1	17
ptg012941l_1_region	21350	141609	6.63	1	17
ptg012949l_1	38633	131294	3.40	0	9
ptg012949l_1_region	38633	131294	3.40	0	9
ptg012950l_1	20869	151580	7.26	1	14
ptg012950l_1_region	20869	151580	7.26	1	14
ptg012957l_1	212561	6602300	31.06	0	181
ptg012957l_1_region	212561	6602300	31.06	0	181
ptg012959l_1	67084	261675	3.90	0	26
ptg012959l_1_region	67084	261675	3.90	0	26
ptg012968l_1	8801	221	0.03	0	1
ptg012968l_1_region	8801	221	0.03	0	1
ptg012971l_1	168850	599037	3.55	0	12
ptg012971l_1_region	168850	599037	3.55	0	12
ptg012976l_1	23112	36265	1.57	0	6
ptg012976l_1_region	23112	36265	1.57	0	6
ptg012981l_1	40767	36521	0.90	0	5
ptg012981l_1_region	40767	36521	0.90	0	5
ptg012990l_1	38201	110491	2.89	0	10
ptg012990l_1_region	38201	110491	2.89	0	10
ptg012994l_1	60211	262645	4.36	0	16
ptg012994l_1_region	60211	262645	4.36	0	16
ptg013001l_1	566693	3059742	5.40	0	16
ptg013001l_1_region	566693	3059742	5.40	0	16
ptg013005l_1	113686	496616	4.37	0	20
ptg013005l_1_region	113686	496616	4.37	0	20
ptg013009l_1	345009	1636505	4.74	0	19
ptg013009l_1_region	345009	1636505	4.74	0	19
ptg013010l_1	63010	343764	5.46	0	13
ptg013010l_1_region	63010	343764	5.46	0	13
ptg013011l_1	39583	199424	5.04	0	15
ptg013011l_1_region	39583	199424	5.04	0	15
ptg013013l_1	48276	226367	4.69	0	13
ptg013013l_1_region	48276	226367	4.69	0	13
ptg013014l_1	22725	135333	5.96	0	13
ptg013014l_1_region	22725	135333	5.96	0	13
ptg013018l_1	7405	12709	1.72	1	3
ptg013018l_1_region	7405	12709	1.72	1	3
ptg013022l_1	28509	37967	1.33	0	9
ptg013022l_1_region	28509	37967	1.33	0	9
ptg013029l_1	21438	50488	2.36	0	8
ptg013029l_1_region	21438	50488	2.36	0	8
ptg013033l_1	48260	192156	3.98	0	18
ptg013033l_1_region	48260	192156	3.98	0	18
ptg013037l_1	107357	508812	4.74	0	13
ptg013037l_1_region	107357	508812	4.74	0	13
ptg013039l_1	74714	386832	5.18	0	13
ptg013039l_1_region	74714	386832	5.18	0	13
ptg013043l_1	136444	504505	3.70	0	11
ptg013043l_1_region	136444	504505	3.70	0	11
ptg013047l_1	93159	313219	3.36	0	10
ptg013047l_1_region	93159	313219	3.36	0	10
ptg013049l_1	459503	265825	0.58	0	11
ptg013049l_1_region	459503	265825	0.58	0	11
ptg013050l_1	671725	6156911	9.17	0	47
ptg013050l_1_region	671725	6156911	9.17	0	47
ptg013052l_1	14483	18703	1.29	0	2
ptg013052l_1_region	14483	18703	1.29	0	2
ptg013054l_1	20675	96869	4.69	0	12
ptg013054l_1_region	20675	96869	4.69	0	12
ptg013055l_1	80268	305921	3.81	0	24
ptg013055l_1_region	80268	305921	3.81	0	24
ptg013058l_1	105921	107691	1.02	0	8
ptg013058l_1_region	105921	107691	1.02	0	8
ptg013062l_1	32983	91404	2.77	0	9
ptg013062l_1_region	32983	91404	2.77	0	9
ptg013065l_1	31421	72098	2.29	0	8
ptg013065l_1_region	31421	72098	2.29	0	8
ptg013068l_1	50304	358795	7.13	0	15
ptg013068l_1_region	50304	358795	7.13	0	15
ptg013070l_1	80337	357153	4.45	0	11
ptg013070l_1_region	80337	357153	4.45	0	11
ptg013071l_1	68604	313461	4.57	0	10
ptg013071l_1_region	68604	313461	4.57	0	10
ptg013082l_1	41605	123503	2.97	0	23
ptg013082l_1_region	41605	123503	2.97	0	23
ptg013085l_1	53190	53499	1.01	0	4
ptg013085l_1_region	53190	53499	1.01	0	4
ptg013086l_1	51915	204800	3.94	0	10
ptg013086l_1_region	51915	204800	3.94	0	10
ptg013088l_1	77806	208473	2.68	0	6
ptg013088l_1_region	77806	208473	2.68	0	6
ptg013098l_1	75339	288567	3.83	0	24
ptg013098l_1_region	75339	288567	3.83	0	24
ptg013099l_1	103926	397882	3.83	0	13
ptg013099l_1_region	103926	397882	3.83	0	13
ptg013101l_1	229003	756690	3.30	0	11
ptg013101l_1_region	229003	756690	3.30	0	11
ptg013108l_1	37976	142755	3.76	0	16
ptg013108l_1_region	37976	142755	3.76	0	16
ptg013110l_1	36317	95330	2.62	0	9
ptg013110l_1_region	36317	95330	2.62	0	9
ptg013111l_1	141406	589872	4.17	0	14
ptg013111l_1_region	141406	589872	4.17	0	14
ptg013117l_1	95255	411255	4.32	0	22
ptg013117l_1_region	95255	411255	4.32	0	22
ptg013123l_1	55350	145238	2.62	0	18
ptg013123l_1_region	55350	145238	2.62	0	18
ptg013127l_1	7331	15362	2.10	0	10
ptg013127l_1_region	7331	15362	2.10	0	10
ptg013128l_1	55801	274678	4.92	0	14
ptg013128l_1_region	55801	274678	4.92	0	14
ptg013129l_1	12932	32735	2.53	0	5
ptg013129l_1_region	12932	32735	2.53	0	5
ptg013139l_1	36125	99975	2.77	0	8
ptg013139l_1_region	36125	99975	2.77	0	8
ptg013142l_1	105411	372183	3.53	0	9
ptg013142l_1_region	105411	372183	3.53	0	9
ptg013146l_1	120790	473379	3.92	0	12
ptg013146l_1_region	120790	473379	3.92	0	12
ptg013148l_1	61767	188774	3.06	0	14
ptg013148l_1_region	61767	188774	3.06	0	14
ptg013157l_1	105576	488061	4.62	0	20
ptg013157l_1_region	105576	488061	4.62	0	20
ptg013160l_1	34564	156144	4.52	0	13
ptg013160l_1_region	34564	156144	4.52	0	13
ptg013172l_1	21010	59430	2.83	0	7
ptg013172l_1_region	21010	59430	2.83	0	7
ptg013173l_1	99559	175656	1.76	0	30
ptg013173l_1_region	99559	175656	1.76	0	30
ptg013174l_1	36356	138606	3.81	0	14
ptg013174l_1_region	36356	138606	3.81	0	14
ptg013184l_1	12644	49054	3.88	0	8
ptg013184l_1_region	12644	49054	3.88	0	8
ptg013186l_1	80196	185665	2.32	0	15
ptg013186l_1_region	80196	185665	2.32	0	15
ptg013192l_1	28198	100936	3.58	0	9
ptg013192l_1_region	28198	100936	3.58	0	9
ptg013193l_1	91718	510015	5.56	0	18
ptg013193l_1_region	91718	510015	5.56	0	18
ptg013194l_1	77710	372660	4.80	0	29
ptg013194l_1_region	77710	372660	4.80	0	29
ptg013197l_1	29653	98505	3.32	0	8
ptg013197l_1_region	29653	98505	3.32	0	8
ptg013200l_1	24025	95565	3.98	0	9
ptg013200l_1_region	24025	95565	3.98	0	9
ptg013203l_1	54227	79918	1.47	0	6
ptg013203l_1_region	54227	79918	1.47	0	6
ptg013206l_1	31064	120970	3.89	0	11
ptg013206l_1_region	31064	120970	3.89	0	11
ptg013211l_1	36843	141628	3.84	0	8
ptg013211l_1_region	36843	141628	3.84	0	8
ptg013216l_1	63509	85448	1.35	0	9
ptg013216l_1_region	63509	85448	1.35	0	9
ptg013219l_1	198296	2973270	14.99	0	146
ptg013219l_1_region	198296	2973270	14.99	0	146
ptg013220l_1	116293	389961	3.35	0	13
ptg013220l_1_region	116293	389961	3.35	0	13
ptg013221l_1	57093	245631	4.30	0	11
ptg013221l_1_region	57093	245631	4.30	0	11
ptg013224l_1	43566	148507	3.41	0	10
ptg013224l_1_region	43566	148507	3.41	0	10
ptg013228l_1	746698	300332	0.40	0	13
ptg013228l_1_region	746698	300332	0.40	0	13
ptg013229l_1	16231	49584	3.05	0	9
ptg013229l_1_region	16231	49584	3.05	0	9
ptg013232l_1	428286	2694364	6.29	0	65
ptg013232l_1_region	428286	2694364	6.29	0	65
ptg013235l_1	16083	154049	9.58	0	19
ptg013235l_1_region	16083	154049	9.58	0	19
ptg013236l_1	22240	88849	4.00	0	7
ptg013236l_1_region	22240	88849	4.00	0	7
ptg013241l_1	23229	54178	2.33	0	5
ptg013241l_1_region	23229	54178	2.33	0	5
ptg013248l_1	166956	787725	4.72	0	16
ptg013248l_1_region	166956	787725	4.72	0	16
ptg013249l_1	21912	106013	4.84	0	13
ptg013249l_1_region	21912	106013	4.84	0	13
ptg013251l_1	41575	191598	4.61	0	12
ptg013251l_1_region	41575	191598	4.61	0	12
ptg013252l_1	88081	276758	3.14	0	23
ptg013252l_1_region	88081	276758	3.14	0	23
ptg013256l_1	68230	169962	2.49	0	33
ptg013256l_1_region	68230	169962	2.49	0	33
ptg013257l_1	35223	180509	5.12	0	32
ptg013257l_1_region	35223	180509	5.12	0	32
ptg013263l_1	122999	589824	4.80	0	138
ptg013263l_1_region	122999	589824	4.80	0	138
ptg013266l_1	104544	386054	3.69	0	10
ptg013266l_1_region	104544	386054	3.69	0	10
ptg013271l_1	17808	36276	2.04	0	7
ptg013271l_1_region	17808	36276	2.04	0	7
ptg013273l_1	198580	1525489	7.68	0	52
ptg013273l_1_region	198580	1525489	7.68	0	52
ptg013282l_1	34322	102723	2.99	0	10
ptg013282l_1_region	34322	102723	2.99	0	10
ptg013283l_1	20497	67235	3.28	0	7
ptg013283l_1_region	20497	67235	3.28	0	7
ptg013289l_1	22203	57799	2.60	0	7
ptg013289l_1_region	22203	57799	2.60	0	7
ptg013291l_1	38136	155665	4.08	0	8
ptg013291l_1_region	38136	155665	4.08	0	8
ptg013292l_1	129001	168210	1.30	0	6
ptg013292l_1_region	129001	168210	1.30	0	6
ptg013297l_1	448992	1910583	4.26	0	57
ptg013297l_1_region	448992	1910583	4.26	0	57
ptg013298l_1	61003	188228	3.09	0	10
ptg013298l_1_region	61003	188228	3.09	0	10
ptg013300l_1	117422	343654	2.93	0	14
ptg013300l_1_region	117422	343654	2.93	0	14
ptg013302l_1	16638	60232	3.62	0	14
ptg013302l_1_region	16638	60232	3.62	0	14
ptg013303l_1	34264	131178	3.83	0	8
ptg013303l_1_region	34264	131178	3.83	0	8
ptg013304l_1	19297	52471	2.72	0	7
ptg013304l_1_region	19297	52471	2.72	0	7
ptg013307l_1	737061	4005632	5.43	0	34
ptg013307l_1_region	737061	4005632	5.43	0	34
ptg013309l_1	34899	56784	1.63	0	7
ptg013309l_1_region	34899	56784	1.63	0	7
ptg013314l_1	12049	16197	1.34	0	3
ptg013314l_1_region	12049	16197	1.34	0	3
ptg013318l_1	53735	187148	3.48	0	9
ptg013318l_1_region	53735	187148	3.48	0	9
ptg013319l_1	17801	83098	4.67	0	9
ptg013319l_1_region	17801	83098	4.67	0	9
ptg013325l_1	61624	530304	8.61	0	63
ptg013325l_1_region	61624	530304	8.61	0	63
ptg013328l_1	52431	95264	1.82	0	5
ptg013328l_1_region	52431	95264	1.82	0	5
ptg013331l_1	19144	40990	2.14	0	6
ptg013331l_1_region	19144	40990	2.14	0	6
ptg013333l_1	14448	11284	0.78	0	3
ptg013333l_1_region	14448	11284	0.78	0	3
ptg013335l_1	45976	113286	2.46	0	6
ptg013335l_1_region	45976	113286	2.46	0	6
ptg013342l_1	43851	221282	5.05	0	22
ptg013342l_1_region	43851	221282	5.05	0	22
ptg013348l_1	46137	162490	3.52	0	9
ptg013348l_1_region	46137	162490	3.52	0	9
ptg013351l_1	1521956	12258358	8.05	0	2482
ptg013351l_1_region	1521956	12258358	8.05	0	2482
ptg013352l_1	35747	140338	3.93	0	12
ptg013352l_1_region	35747	140338	3.93	0	12
ptg013358l_1	17013	37456	2.20	0	7
ptg013358l_1_region	17013	37456	2.20	0	7
ptg013359l_1	56155	341850	6.09	0	18
ptg013359l_1_region	56155	341850	6.09	0	18
ptg013362l_1	28947	133731	4.62	0	12
ptg013362l_1_region	28947	133731	4.62	0	12
ptg013366l_1	41976	88283	2.10	0	6
ptg013366l_1_region	41976	88283	2.10	0	6
ptg013371l_1	29411	55529	1.89	0	5
ptg013371l_1_region	29411	55529	1.89	0	5
ptg013372l_1	58346	263783	4.52	0	26
ptg013372l_1_region	58346	263783	4.52	0	26
ptg013375l_1	29904	133297	4.46	0	23
ptg013375l_1_region	29904	133297	4.46	0	23
ptg013380l_1	40308	299536	7.43	0	36
ptg013380l_1_region	40308	299536	7.43	0	36
ptg013382l_1	21802	82303	3.78	0	8
ptg013382l_1_region	21802	82303	3.78	0	8
ptg013384l_1	7055	8189	1.16	0	2
ptg013384l_1_region	7055	8189	1.16	0	2
ptg013386l_1	22181	18308	0.83	0	3
ptg013386l_1_region	22181	18308	0.83	0	3
ptg013389l_1	260985	1320907	5.06	0	17
ptg013389l_1_region	260985	1320907	5.06	0	17
ptg013390l_1	104737	318641	3.04	0	12
ptg013390l_1_region	104737	318641	3.04	0	12
ptg013391l_1	38661	122899	3.18	0	9
ptg013391l_1_region	38661	122899	3.18	0	9
ptg013398l_1	79885	382864	4.79	0	13
ptg013398l_1_region	79885	382864	4.79	0	13
ptg013401l_1	121724	734134	6.03	0	52
ptg013401l_1_region	121724	734134	6.03	0	52
ptg013405l_1	217683	60514	0.28	0	5
ptg013405l_1_region	217683	60514	0.28	0	5
ptg013408l_1	21447	88554	4.13	0	10
ptg013408l_1_region	21447	88554	4.13	0	10
ptg013410l_1	38666	100080	2.59	0	8
ptg013410l_1_region	38666	100080	2.59	0	8
ptg013415l_1	61937	129404	2.09	0	10
ptg013415l_1_region	61937	129404	2.09	0	10
ptg013417l_1	59042	136299	2.31	0	9
ptg013417l_1_region	59042	136299	2.31	0	9
ptg013419l_1	18466	63775	3.45	0	10
ptg013419l_1_region	18466	63775	3.45	0	10
ptg013420l_1	36043	115347	3.20	0	8
ptg013420l_1_region	36043	115347	3.20	0	8
ptg013423l_1	423047	133887	0.32	0	5
ptg013423l_1_region	423047	133887	0.32	0	5
ptg013427l_1	199595	502524	2.52	0	16
ptg013427l_1_region	199595	502524	2.52	0	16
ptg013431l_1	67185	113638	1.69	0	10
ptg013431l_1_region	67185	113638	1.69	0	10
ptg013434l_1	28680	55498	1.94	0	7
ptg013434l_1_region	28680	55498	1.94	0	7
ptg013435l_1	33821	67549	2.00	0	7
ptg013435l_1_region	33821	67549	2.00	0	7
ptg013437l_1	82808	215925	2.61	0	13
ptg013437l_1_region	82808	215925	2.61	0	13
ptg013439l_1	21446	11346	0.53	0	3
ptg013439l_1_region	21446	11346	0.53	0	3
ptg013442l_1	29289	68615	2.34	0	8
ptg013442l_1_region	29289	68615	2.34	0	8
ptg013444l_1	74260	377151	5.08	0	19
ptg013444l_1_region	74260	377151	5.08	0	19
ptg013447l_1	15758	4864175	308.68	4	782
ptg013447l_1_region	15758	4864175	308.68	4	782
ptg013450l_1	262883	1421820	5.41	0	19
ptg013450l_1_region	262883	1421820	5.41	0	19
ptg013453l_1	75506	358574	4.75	0	11
ptg013453l_1_region	75506	358574	4.75	0	11
ptg013454l_1	67748	205747	3.04	0	13
ptg013454l_1_region	67748	205747	3.04	0	13
ptg013459l_1	36830	146609	3.98	0	10
ptg013459l_1_region	36830	146609	3.98	0	10
ptg013460l_1	40022	227858	5.69	0	21
ptg013460l_1_region	40022	227858	5.69	0	21
ptg013464l_1	61407	139078	2.26	0	7
ptg013464l_1_region	61407	139078	2.26	0	7
ptg013471l_1	28871	85031	2.95	0	6
ptg013471l_1_region	28871	85031	2.95	0	6
ptg013475l_1	47572	139064	2.92	0	8
ptg013475l_1_region	47572	139064	2.92	0	8
ptg013480l_1	448076	52431	0.12	0	8
ptg013480l_1_region	448076	52431	0.12	0	8
ptg013484l_1	39180	54328	1.39	0	5
ptg013484l_1_region	39180	54328	1.39	0	5
ptg013488l_1	29210	37159	1.27	0	7
ptg013488l_1_region	29210	37159	1.27	0	7
ptg013490l_1	47112	167524	3.56	0	12
ptg013490l_1_region	47112	167524	3.56	0	12
ptg013492l_1	6662	15336	2.30	0	5
ptg013492l_1_region	6662	15336	2.30	0	5
ptg013500l_1	101565	380466	3.75	0	16
ptg013500l_1_region	101565	380466	3.75	0	16
ptg013501l_1	78074	316289	4.05	0	12
ptg013501l_1_region	78074	316289	4.05	0	12
ptg013505l_1	28187	142992	5.07	0	12
ptg013505l_1_region	28187	142992	5.07	0	12
ptg013508l_1	37336	114175	3.06	0	10
ptg013508l_1_region	37336	114175	3.06	0	10
ptg013512l_1	311643	1418716	4.55	0	22
ptg013512l_1_region	311643	1418716	4.55	0	22
ptg013516l_1	24927	129528	5.20	0	13
ptg013516l_1_region	24927	129528	5.20	0	13
ptg013520l_1	19523	67737	3.47	0	10
ptg013520l_1_region	19523	67737	3.47	0	10
ptg013521l_1	163233	531764	3.26	0	11
ptg013521l_1_region	163233	531764	3.26	0	11
ptg013522l_1	71741	232407	3.24	0	11
ptg013522l_1_region	71741	232407	3.24	0	11
ptg013526l_1	24146	62605	2.59	0	8
ptg013526l_1_region	24146	62605	2.59	0	8
ptg013531l_1	145483	530798	3.65	0	12
ptg013531l_1_region	145483	530798	3.65	0	12
ptg013532l_1	12144	29703	2.45	0	6
ptg013532l_1_region	12144	29703	2.45	0	6
ptg013534l_1	25204	49028	1.95	0	5
ptg013534l_1_region	25204	49028	1.95	0	5
ptg013535l_1	11642	29868	2.57	0	7
ptg013535l_1_region	11642	29868	2.57	0	7
ptg013542l_1	9906	10616	1.07	0	2
ptg013542l_1_region	9906	10616	1.07	0	2
ptg013543l_1	20358	53974	2.65	0	28
ptg013543l_1_region	20358	53974	2.65	0	28
ptg013544l_1	226004	1080574	4.78	0	18
ptg013544l_1_region	226004	1080574	4.78	0	18
ptg013551l_1	82350	364864	4.43	0	27
ptg013551l_1_region	82350	364864	4.43	0	27
ptg013552l_1	30732	56453	1.84	0	6
ptg013552l_1_region	30732	56453	1.84	0	6
ptg013555l_1	66704	69593	1.04	0	4
ptg013555l_1_region	66704	69593	1.04	0	4
ptg013556l_1	33360	149917	4.49	0	12
ptg013556l_1_region	33360	149917	4.49	0	12
ptg013559l_1	153026	114869	0.75	0	4
ptg013559l_1_region	153026	114869	0.75	0	4
ptg013560l_1	86468	507078	5.86	0	18
ptg013560l_1_region	86468	507078	5.86	0	18
ptg013565l_1	6639	17914	2.70	0	11
ptg013565l_1_region	6639	17914	2.70	0	11
ptg013570l_1	204703	518715	2.53	0	25
ptg013570l_1_region	204703	518715	2.53	0	25
ptg013573l_1	33299	40320	1.21	0	6
ptg013573l_1_region	33299	40320	1.21	0	6
ptg013577l_1	12330	44989	3.65	0	9
ptg013577l_1_region	12330	44989	3.65	0	9
ptg013579l_1	127198	592355	4.66	0	29
ptg013579l_1_region	127198	592355	4.66	0	29
ptg013582l_1	20475	72846	3.56	0	8
ptg013582l_1_region	20475	72846	3.56	0	8
ptg013583l_1	299369	873761	2.92	0	25
ptg013583l_1_region	299369	873761	2.92	0	25
ptg013589l_1	30076	99735	3.32	0	62
ptg013589l_1_region	30076	99735	3.32	0	62
ptg013590l_1	35810	86300	2.41	0	6
ptg013590l_1_region	35810	86300	2.41	0	6
ptg013592l_1	25351	64633	2.55	0	8
ptg013592l_1_region	25351	64633	2.55	0	8
ptg013593l_1	63910	273993	4.29	0	11
ptg013593l_1_region	63910	273993	4.29	0	11
ptg013595l_1	30560	131635	4.31	0	10
ptg013595l_1_region	30560	131635	4.31	0	10
ptg013596l_1	17358	34060	1.96	0	5
ptg013596l_1_region	17358	34060	1.96	0	5
ptg013598l_1	335330	1151291	3.43	0	12
ptg013598l_1_region	335330	1151291	3.43	0	12
ptg013600l_1	808909	1003865	1.24	0	12
ptg013600l_1_region	808909	1003865	1.24	0	12
ptg013601l_1	137098	94417	0.69	0	4
ptg013601l_1_region	137098	94417	0.69	0	4
ptg013603l_1	662433	51430	0.08	0	2
ptg013603l_1_region	662433	51430	0.08	0	2
ptg013611l_1	23102	62353	2.70	0	6
ptg013611l_1_region	23102	62353	2.70	0	6
ptg013618l_1	59835	255915	4.28	0	15
ptg013618l_1_region	59835	255915	4.28	0	15
ptg013619l_1	39923	101847	2.55	0	10
ptg013619l_1_region	39923	101847	2.55	0	10
ptg013620l_1	20594	49967	2.43	0	6
ptg013620l_1_region	20594	49967	2.43	0	6
ptg013622l_1	55198	213234	3.86	0	10
ptg013622l_1_region	55198	213234	3.86	0	10
ptg013623l_1	81505	563715	6.92	0	17
ptg013623l_1_region	81505	563715	6.92	0	17
ptg013624l_1	115737	1147159	9.91	0	34
ptg013624l_1_region	115737	1147159	9.91	0	34
ptg013629l_1	37392	156807	4.19	0	12
ptg013629l_1_region	37392	156807	4.19	0	12
ptg013630l_1	50430	118302	2.35	0	28
ptg013630l_1_region	50430	118302	2.35	0	28
ptg013635l_1	51383	306063	5.96	0	18
ptg013635l_1_region	51383	306063	5.96	0	18
ptg013637l_1	49928	51384	1.03	0	4
ptg013637l_1_region	49928	51384	1.03	0	4
ptg013638l_1	26551	94290	3.55	0	6
ptg013638l_1_region	26551	94290	3.55	0	6
ptg013641l_1	54409	153483	2.82	0	16
ptg013641l_1_region	54409	153483	2.82	0	16
ptg013642l_1	22117	17696	0.80	0	4
ptg013642l_1_region	22117	17696	0.80	0	4
ptg013643l_1	34594	54380	1.57	0	5
ptg013643l_1_region	34594	54380	1.57	0	5
ptg013644l_1	32343	45486	1.41	0	5
ptg013644l_1_region	32343	45486	1.41	0	5
ptg013645l_1	80631	211533	2.62	0	9
ptg013645l_1_region	80631	211533	2.62	0	9
ptg013649l_1	26991	194872	7.22	0	25
ptg013649l_1_region	26991	194872	7.22	0	25
ptg013652l_1	24142	45888	1.90	0	6
ptg013652l_1_region	24142	45888	1.90	0	6
ptg013654l_1	41714	96297	2.31	0	19
ptg013654l_1_region	41714	96297	2.31	0	19
ptg013655l_1	41604	124138	2.98	0	7
ptg013655l_1_region	41604	124138	2.98	0	7
ptg013658l_1	22430	69515	3.10	0	10
ptg013658l_1_region	22430	69515	3.10	0	10
ptg013661l_1	11071	20860	1.88	0	4
ptg013661l_1_region	11071	20860	1.88	0	4
ptg013666l_1	164849	552779	3.35	0	24
ptg013666l_1_region	164849	552779	3.35	0	24
ptg013668l_1	40879	127024	3.11	0	14
ptg013668l_1_region	40879	127024	3.11	0	14
ptg013669l_1	29151	2915	0.10	0	1
ptg013669l_1_region	29151	2915	0.10	0	1
ptg013671l_1	340621	146490	0.43	0	7
ptg013671l_1_region	340621	146490	0.43	0	7
ptg013672l_1	112097	245745	2.19	0	22
ptg013672l_1_region	112097	245745	2.19	0	22
ptg013677l_1	15487	13466	0.87	0	4
ptg013677l_1_region	15487	13466	0.87	0	4
ptg013681l_1	79415	323665	4.08	0	16
ptg013681l_1_region	79415	323665	4.08	0	16
ptg013687l_1	15649	71343	4.56	0	9
ptg013687l_1_region	15649	71343	4.56	0	9
ptg013695l_1	13340	64859	4.86	1	10
ptg013695l_1_region	13340	64859	4.86	1	10
ptg013696l_1	237636	534047	2.25	0	12
ptg013696l_1_region	237636	534047	2.25	0	12
ptg013697l_1	62231	35381	0.57	0	4
ptg013697l_1_region	62231	35381	0.57	0	4
ptg013698l_1	32220	23506	0.73	0	3
ptg013698l_1_region	32220	23506	0.73	0	3
ptg013699l_1	77228	849058	10.99	1	29
ptg013699l_1_region	77228	849058	10.99	1	29
ptg013701l_1	73364	115028	1.57	0	6
ptg013701l_1_region	73364	115028	1.57	0	6
ptg013703l_1	37974	171286	4.51	0	11
ptg013703l_1_region	37974	171286	4.51	0	11
ptg013704l_1	11070	4207	0.38	0	1
ptg013704l_1_region	11070	4207	0.38	0	1
ptg013706l_1	16438	35153	2.14	0	9
ptg013706l_1_region	16438	35153	2.14	0	9
ptg013707l_1	37163	4920	0.13	0	1
ptg013707l_1_region	37163	4920	0.13	0	1
ptg013708l_1	33782	1080375	31.98	0	71
ptg013708l_1_region	33782	1080375	31.98	0	71
ptg013710l_1	30420	23504	0.77	0	3
ptg013710l_1_region	30420	23504	0.77	0	3
ptg013715l_1	64666	510803	7.90	0	31
ptg013715l_1_region	64666	510803	7.90	0	31
ptg013723l_1	10931	5176	0.47	0	2
ptg013723l_1_region	10931	5176	0.47	0	2
ptg013725l_1	125952	220639	1.75	0	10
ptg013725l_1_region	125952	220639	1.75	0	10
ptg013734l_1	84395	122335	1.45	0	9
ptg013734l_1_region	84395	122335	1.45	0	9
ptg013736l_1	280369	57330	0.20	0	2
ptg013736l_1_region	280369	57330	0.20	0	2
ptg013737l_1	286934	34148	0.12	0	6
ptg013737l_1_region	286934	34148	0.12	0	6
ptg013738l_1	405276	233998	0.58	0	7
ptg013738l_1_region	405276	233998	0.58	0	7
ptg013741l_1	42310	400885	9.47	0	20
ptg013741l_1_region	42310	400885	9.47	0	20
ptg013751l_1	76137	256973	3.38	0	9
ptg013751l_1_region	76137	256973	3.38	0	9
ptg013760l_1	28241	246346	8.72	0	23
ptg013760l_1_region	28241	246346	8.72	0	23
ptg013761l_1	75408	317679	4.21	0	13
ptg013761l_1_region	75408	317679	4.21	0	13
ptg013775l_1	10614	3147	0.30	0	1
ptg013775l_1_region	10614	3147	0.30	0	1
ptg013779l_1	71876	247970	3.45	0	10
ptg013779l_1_region	71876	247970	3.45	0	10
ptg013794l_1	14698	42431	2.89	0	8
ptg013794l_1_region	14698	42431	2.89	0	8
ptg013796l_1	114705	505282	4.41	0	16
ptg013796l_1_region	114705	505282	4.41	0	16
ptg013798l_1	70996	468676	6.60	0	15
ptg013798l_1_region	70996	468676	6.60	0	15
ptg013799l_1	62051	201913	3.25	0	10
ptg013799l_1_region	62051	201913	3.25	0	10
ptg013802l_1	38018	113249	2.98	0	11
ptg013802l_1_region	38018	113249	2.98	0	11
ptg013805l_1	53888	198719	3.69	0	10
ptg013805l_1_region	53888	198719	3.69	0	10
ptg013817l_1	107339	404790	3.77	0	13
ptg013817l_1_region	107339	404790	3.77	0	13
ptg013821l_1	86539	347796	4.02	0	15
ptg013821l_1_region	86539	347796	4.02	0	15
ptg013823l_1	52560	227215	4.32	0	12
ptg013823l_1_region	52560	227215	4.32	0	12
ptg013824l_1	179257	1001286	5.59	0	15
ptg013824l_1_region	179257	1001286	5.59	0	15
ptg013831l_1	72281	184632	2.55	0	8
ptg013831l_1_region	72281	184632	2.55	0	8
ptg013837l_1	72511	352907	4.87	0	13
ptg013837l_1_region	72511	352907	4.87	0	13
ptg013838l_1	111806	441030	3.94	0	14
ptg013838l_1_region	111806	441030	3.94	0	14
ptg013841l_1	133504	502154	3.76	0	45
ptg013841l_1_region	133504	502154	3.76	0	45
ptg013842l_1	18709	171570	9.17	0	27
ptg013842l_1_region	18709	171570	9.17	0	27
ptg013843l_1	58866	198653	3.37	0	11
ptg013843l_1_region	58866	198653	3.37	0	11
ptg013845l_1	9534	32247	3.38	0	8
ptg013845l_1_region	9534	32247	3.38	0	8
ptg013858l_1	19701	41479	2.11	0	5
ptg013858l_1_region	19701	41479	2.11	0	5
ptg013861l_1	322062	1819302	5.65	0	18
ptg013861l_1_region	322062	1819302	5.65	0	18
ptg013865l_1	16438	76262	4.64	0	9
ptg013865l_1_region	16438	76262	4.64	0	9
ptg013871l_1	36366	137450	3.78	0	11
ptg013871l_1_region	36366	137450	3.78	0	11
ptg013875l_1	15247	33343	2.19	0	5
ptg013875l_1_region	15247	33343	2.19	0	5
ptg013876l_1	139521	651421	4.67	0	16
ptg013876l_1_region	139521	651421	4.67	0	16
ptg013877l_1	90280	425617	4.71	0	12
ptg013877l_1_region	90280	425617	4.71	0	12
ptg013878l_1	51523	298059	5.78	0	13
ptg013878l_1_region	51523	298059	5.78	0	13
ptg013895l_1	73021	378268	5.18	0	13
ptg013895l_1_region	73021	378268	5.18	0	13
ptg013896l_1	144532	396436	2.74	0	10
ptg013896l_1_region	144532	396436	2.74	0	10
ptg013901l_1	84538	295095	3.49	0	9
ptg013901l_1_region	84538	295095	3.49	0	9
ptg013902l_1	73900	204435	2.77	0	25
ptg013902l_1_region	73900	204435	2.77	0	25
ptg013907l_1	9040	22994	2.54	0	4
ptg013907l_1_region	9040	22994	2.54	0	4
ptg013912l_1	168952	742809	4.40	0	20
ptg013912l_1_region	168952	742809	4.40	0	20
ptg013916l_1	24216	57909	2.39	0	7
ptg013916l_1_region	24216	57909	2.39	0	7
ptg013917l_1	107516	252467	2.35	0	6
ptg013917l_1_region	107516	252467	2.35	0	6
ptg013920l_1	227668	4628234	20.33	0	75
ptg013920l_1_region	227668	4628234	20.33	0	75
ptg013921l_1	86790	508681	5.86	0	14
ptg013921l_1_region	86790	508681	5.86	0	14
ptg013927l_1	12628	28625	2.27	0	5
ptg013927l_1_region	12628	28625	2.27	0	5
ptg013928l_1	128316	514583	4.01	0	15
ptg013928l_1_region	128316	514583	4.01	0	15
ptg013929l_1	24411	107418	4.40	0	12
ptg013929l_1_region	24411	107418	4.40	0	12
ptg013939l_1	31997	15499	0.48	0	2
ptg013939l_1_region	31997	15499	0.48	0	2
ptg013943l_1	42450	124893	2.94	0	8
ptg013943l_1_region	42450	124893	2.94	0	8
ptg013945l_1	103661	447692	4.32	0	15
ptg013945l_1_region	103661	447692	4.32	0	15
ptg013949l_1	99800	771160	7.73	0	35
ptg013949l_1_region	99800	771160	7.73	0	35
ptg013952l_1	148876	508894	3.42	0	29
ptg013952l_1_region	148876	508894	3.42	0	29
ptg013954l_1	43959	228664	5.20	0	13
ptg013954l_1_region	43959	228664	5.20	0	13
ptg013962l_1	20796	111427	5.36	0	17
ptg013962l_1_region	20796	111427	5.36	0	17
ptg013966l_1	32581	113624	3.49	0	10
ptg013966l_1_region	32581	113624	3.49	0	10
ptg013970l_1	26602	104968	3.95	0	12
ptg013970l_1_region	26602	104968	3.95	0	12
ptg013979l_1	177227	492201	2.78	0	10
ptg013979l_1_region	177227	492201	2.78	0	10
ptg013982l_1	35471	82330	2.32	0	6
ptg013982l_1_region	35471	82330	2.32	0	6
ptg013984l_1	16379	171536	10.47	0	15
ptg013984l_1_region	16379	171536	10.47	0	15
ptg013986l_1	29944	67770	2.26	0	9
ptg013986l_1_region	29944	67770	2.26	0	9
ptg013989l_1	18243	28795	1.58	0	5
ptg013989l_1_region	18243	28795	1.58	0	5
ptg013991l_1	17667	80430	4.55	1	8
ptg013991l_1_region	17667	80430	4.55	1	8
ptg013992l_1	23572	41402	1.76	0	6
ptg013992l_1_region	23572	41402	1.76	0	6
ptg014001l_1	143010	412071	2.88	0	11
ptg014001l_1_region	143010	412071	2.88	0	11
ptg014006l_1	136908	571855	4.18	0	13
ptg014006l_1_region	136908	571855	4.18	0	13
ptg014011l_1	622574	1193118	1.92	0	254
ptg014011l_1_region	622574	1193118	1.92	0	254
ptg014014l_1	68780	264846	3.85	0	10
ptg014014l_1_region	68780	264846	3.85	0	10
ptg014018l_1	569954	2480551	4.35	0	33
ptg014018l_1_region	569954	2480551	4.35	0	33
ptg014022l_1	18311	52524	2.87	0	8
ptg014022l_1_region	18311	52524	2.87	0	8
ptg014023l_1	31263	64143	2.05	0	5
ptg014023l_1_region	31263	64143	2.05	0	5
ptg014026l_1	28204	93748	3.32	0	6
ptg014026l_1_region	28204	93748	3.32	0	6
ptg014027l_1	17663	58523	3.31	0	7
ptg014027l_1_region	17663	58523	3.31	0	7
ptg014028l_1	50378	239071	4.75	0	10
ptg014028l_1_region	50378	239071	4.75	0	10
ptg014030l_1	32279	129904	4.02	0	9
ptg014030l_1_region	32279	129904	4.02	0	9
ptg014032l_1	13539	83596	6.17	0	11
ptg014032l_1_region	13539	83596	6.17	0	11
ptg014037l_1	201021	915856	4.56	0	28
ptg014037l_1_region	201021	915856	4.56	0	28
ptg014038l_1	35909	72800	2.03	0	5
ptg014038l_1_region	35909	72800	2.03	0	5
ptg014039l_1	67336	347434	5.16	0	15
ptg014039l_1_region	67336	347434	5.16	0	15
ptg014044l_1	80945	323497	4.00	0	12
ptg014044l_1_region	80945	323497	4.00	0	12
ptg014045l_1	168548	4789660	28.42	0	166
ptg014045l_1_region	168548	4789660	28.42	0	166
ptg014048l_1	37171	9775	0.26	0	3
ptg014048l_1_region	37171	9775	0.26	0	3
ptg014051l_1	88593	379111	4.28	0	14
ptg014051l_1_region	88593	379111	4.28	0	14
ptg014053l_1	335781	750451	2.23	0	15
ptg014053l_1_region	335781	750451	2.23	0	15
ptg014058l_1	913026	4591162	5.03	0	15
ptg014058l_1_region	913026	4591162	5.03	0	15
ptg014059l_1	91220	264562	2.90	0	15
ptg014059l_1_region	91220	264562	2.90	0	15
ptg014063l_1	60739	101290	1.67	0	8
ptg014063l_1_region	60739	101290	1.67	0	8
ptg014066l_1	48424	175879	3.63	0	11
ptg014066l_1_region	48424	175879	3.63	0	11
ptg014073l_1	30149	100157	3.32	0	9
ptg014073l_1_region	30149	100157	3.32	0	9
ptg014075l_1	14913	68330	4.58	0	8
ptg014075l_1_region	14913	68330	4.58	0	8
ptg014076l_1	20226	43979	2.17	0	5
ptg014076l_1_region	20226	43979	2.17	0	5
ptg014079l_1	29498	107553	3.65	0	9
ptg014079l_1_region	29498	107553	3.65	0	9
ptg014080l_1	25380	101245	3.99	0	13
ptg014080l_1_region	25380	101245	3.99	0	13
ptg014085l_1	35406	157646	4.45	0	17
ptg014085l_1_region	35406	157646	4.45	0	17
ptg014087l_1	78998	416857	5.28	0	12
ptg014087l_1_region	78998	416857	5.28	0	12
ptg014088l_1	19491	62616	3.21	0	22
ptg014088l_1_region	19491	62616	3.21	0	22
ptg014089l_1	60067	181354	3.02	0	12
ptg014089l_1_region	60067	181354	3.02	0	12
ptg014090l_1	15825	40127	2.54	0	8
ptg014090l_1_region	15825	40127	2.54	0	8
ptg014092l_1	71884	274586	3.82	0	16
ptg014092l_1_region	71884	274586	3.82	0	16
ptg014096l_1	82210	466450	5.67	0	21
ptg014096l_1_region	82210	466450	5.67	0	21
ptg014100l_1	18005	40423	2.25	0	5
ptg014100l_1_region	18005	40423	2.25	0	5
ptg014104l_1	30579	318724	10.42	0	24
ptg014104l_1_region	30579	318724	10.42	0	24
ptg014106l_1	14408	30038	2.08	0	6
ptg014106l_1_region	14408	30038	2.08	0	6
ptg014108l_1	16153	101462	6.28	0	12
ptg014108l_1_region	16153	101462	6.28	0	12
ptg014109l_1	50824	114281	2.25	0	7
ptg014109l_1_region	50824	114281	2.25	0	7
ptg014110l_1	18849	55137	2.93	0	10
ptg014110l_1_region	18849	55137	2.93	0	10
ptg014116l_1	16192	47670	2.94	0	10
ptg014116l_1_region	16192	47670	2.94	0	10
ptg014118l_1	31514	122132	3.88	0	8
ptg014118l_1_region	31514	122132	3.88	0	8
ptg014123l_1	228643	83298	0.36	0	7
ptg014123l_1_region	228643	83298	0.36	0	7
ptg014131l_1	12207	41615	3.41	0	7
ptg014131l_1_region	12207	41615	3.41	0	7
ptg014132l_1	114124	906798	7.95	0	102
ptg014132l_1_region	114124	906798	7.95	0	102
ptg014134l_1	101039	476413	4.72	0	54
ptg014134l_1_region	101039	476413	4.72	0	54
ptg014137l_1	86214	328805	3.81	0	11
ptg014137l_1_region	86214	328805	3.81	0	11
ptg014144l_1	15250	22150	1.45	0	2
ptg014144l_1_region	15250	22150	1.45	0	2
ptg014151l_1	549525	5322559	9.69	0	111
ptg014151l_1_region	549525	5322559	9.69	0	111
ptg014152l_1	51976	188032	3.62	0	15
ptg014152l_1_region	51976	188032	3.62	0	15
ptg014154l_1	10691	30087	2.81	0	8
ptg014154l_1_region	10691	30087	2.81	0	8
ptg014160l_1	49473	360982	7.30	0	26
ptg014160l_1_region	49473	360982	7.30	0	26
ptg014162l_1	84965	222824	2.62	0	12
ptg014162l_1_region	84965	222824	2.62	0	12
ptg014163l_1	55041	158454	2.88	0	30
ptg014163l_1_region	55041	158454	2.88	0	30
ptg014166l_1	15342	62118	4.05	0	9
ptg014166l_1_region	15342	62118	4.05	0	9
ptg014167l_1	49426	287900	5.82	0	20
ptg014167l_1_region	49426	287900	5.82	0	20
ptg014169l_1	314630	632894	2.01	0	35
ptg014169l_1_region	314630	632894	2.01	0	35
ptg014170l_1	31261	71655	2.29	0	7
ptg014170l_1_region	31261	71655	2.29	0	7
ptg014172l_1	377518	2248836	5.96	0	67
ptg014172l_1_region	377518	2248836	5.96	0	67
ptg014174l_1	28491	90675	3.18	0	8
ptg014174l_1_region	28491	90675	3.18	0	8
ptg014180l_1	35313	96365	2.73	0	16
ptg014180l_1_region	35313	96365	2.73	0	16
ptg014181l_1	67805	221480	3.27	0	14
ptg014181l_1_region	67805	221480	3.27	0	14
ptg014182l_1	36926	68456	1.85	0	6
ptg014182l_1_region	36926	68456	1.85	0	6
ptg014183l_1	133717	341935	2.56	0	17
ptg014183l_1_region	133717	341935	2.56	0	17
ptg014186l_1	498411	987265	1.98	0	34
ptg014186l_1_region	498411	987265	1.98	0	34
ptg014188l_1	21511	35077	1.63	0	5
ptg014188l_1_region	21511	35077	1.63	0	5
ptg014189l_1	59799	233314	3.90	0	10
ptg014189l_1_region	59799	233314	3.90	0	10
ptg014196l_1	49024	178944	3.65	0	12
ptg014196l_1_region	49024	178944	3.65	0	12
ptg014197l_1	121326	383517	3.16	0	13
ptg014197l_1_region	121326	383517	3.16	0	13
ptg014199l_1	14276	17933	1.26	0	4
ptg014199l_1_region	14276	17933	1.26	0	4
ptg014207l_1	370437	1739040	4.69	0	58
ptg014207l_1_region	370437	1739040	4.69	0	58
ptg014208l_1	144049	583330	4.05	0	21
ptg014208l_1_region	144049	583330	4.05	0	21
ptg014215l_1	22173	62156	2.80	1	6
ptg014215l_1_region	22173	62156	2.80	1	6
ptg014219l_1	742346	3199498	4.31	0	37
ptg014219l_1_region	742346	3199498	4.31	0	37
ptg014227l_1	20344	65887	3.24	0	13
ptg014227l_1_region	20344	65887	3.24	0	13
ptg014229l_1	8660	28533	3.29	0	7
ptg014229l_1_region	8660	28533	3.29	0	7
ptg014231l_1	110518	198113	1.79	0	11
ptg014231l_1_region	110518	198113	1.79	0	11
ptg014235l_1	20437	41297	2.02	0	6
ptg014235l_1_region	20437	41297	2.02	0	6
ptg014242l_1	75272	320026	4.25	0	18
ptg014242l_1_region	75272	320026	4.25	0	18
ptg014245l_1	38805	630835	16.26	0	57
ptg014245l_1_region	38805	630835	16.26	0	57
ptg014246l_1	50272	280066	5.57	0	23
ptg014246l_1_region	50272	280066	5.57	0	23
ptg014247l_1	92427	258055	2.79	0	10
ptg014247l_1_region	92427	258055	2.79	0	10
ptg014251l_1	50900	267287	5.25	0	22
ptg014251l_1_region	50900	267287	5.25	0	22
ptg014255l_1	1058199	278189	0.26	0	10
ptg014255l_1_region	1058199	278189	0.26	0	10
ptg014257l_1	16932	31877	1.88	0	6
ptg014257l_1_region	16932	31877	1.88	0	6
ptg014259l_1	42941	294205	6.85	0	14
ptg014259l_1_region	42941	294205	6.85	0	14
ptg014274l_1	24181	105593	4.37	0	11
ptg014274l_1_region	24181	105593	4.37	0	11
ptg014277l_1	93973	883423	9.40	0	29
ptg014277l_1_region	93973	883423	9.40	0	29
ptg014278c_1	12355	60033	4.86	1	10
ptg014278c_1_region	12355	60033	4.86	1	10
ptg014279l_1	71508	245434	3.43	0	11
ptg014279l_1_region	71508	245434	3.43	0	11
ptg014280l_1	34442	88766	2.58	0	7
ptg014280l_1_region	34442	88766	2.58	0	7
ptg014282l_1	71664	60298	0.84	0	11
ptg014282l_1_region	71664	60298	0.84	0	11
ptg014283l_1	28897	81323	2.81	0	8
ptg014283l_1_region	28897	81323	2.81	0	8
ptg014285l_1	21860	29585	1.35	0	3
ptg014285l_1_region	21860	29585	1.35	0	3
ptg014286l_1	57199	97301	1.70	0	10
ptg014286l_1_region	57199	97301	1.70	0	10
ptg014287l_1	22451	17963	0.80	0	4
ptg014287l_1_region	22451	17963	0.80	0	4
ptg014289l_1	98695	88898	0.90	0	5
ptg014289l_1_region	98695	88898	0.90	0	5
ptg014292l_1	115885	139720	1.21	0	9
ptg014292l_1_region	115885	139720	1.21	0	9
ptg014296l_1	31400	89886	2.86	0	8
ptg014296l_1_region	31400	89886	2.86	0	8
ptg014297l_1	96345	7717	0.08	0	1
ptg014297l_1_region	96345	7717	0.08	0	1
ptg014318l_1	11415	75403	6.61	0	17
ptg014318l_1_region	11415	75403	6.61	0	17
ptg014320l_1	18838	93739	4.98	0	10
ptg014320l_1_region	18838	93739	4.98	0	10
ptg014321l_1	36235	189701	5.24	0	22
ptg014321l_1_region	36235	189701	5.24	0	22
ptg014330l_1	37236	74186	1.99	0	6
ptg014330l_1_region	37236	74186	1.99	0	6
ptg014334l_1	13635	72750	5.34	1	12
ptg014334l_1_region	13635	72750	5.34	1	12
ptg014339l_1	13970	139358	9.98	0	18
ptg014339l_1_region	13970	139358	9.98	0	18
ptg014343l_1	7869	8173	1.04	0	3
ptg014343l_1_region	7869	8173	1.04	0	3
ptg014345l_1	76525	345053	4.51	0	16
ptg014345l_1_region	76525	345053	4.51	0	16
ptg014348l_1	34545	152344	4.41	0	10
ptg014348l_1_region	34545	152344	4.41	0	10
ptg014350l_1	26241	59676	2.27	0	7
ptg014350l_1_region	26241	59676	2.27	0	7
ptg014355l_1	429086	167054	0.39	0	10
ptg014355l_1_region	429086	167054	0.39	0	10
ptg014357l_1	29982	67220	2.24	0	7
ptg014357l_1_region	29982	67220	2.24	0	7
ptg014362l_1	33069	49993	1.51	0	5
ptg014362l_1_region	33069	49993	1.51	0	5
ptg014363l_1	146323	650684	4.45	0	18
ptg014363l_1_region	146323	650684	4.45	0	18
ptg014367l_1	31364	131009	4.18	0	16
ptg014367l_1_region	31364	131009	4.18	0	16
ptg014371l_1	14052	30908	2.20	0	5
ptg014371l_1_region	14052	30908	2.20	0	5
ptg014372l_1	40720	120625	2.96	0	8
ptg014372l_1_region	40720	120625	2.96	0	8
ptg014374l_1	37606	99672	2.65	0	8
ptg014374l_1_region	37606	99672	2.65	0	8
ptg014378l_1	296656	938396	3.16	0	16
ptg014378l_1_region	296656	938396	3.16	0	16
ptg014381l_1	15460	301556	19.51	0	56
ptg014381l_1_region	15460	301556	19.51	0	56
ptg014382l_1	24938	48173	1.93	0	6
ptg014382l_1_region	24938	48173	1.93	0	6
ptg014390l_1	13481	55844	4.14	0	7
ptg014390l_1_region	13481	55844	4.14	0	7
ptg014391l_1	298752	1416836	4.74	0	22
ptg014391l_1_region	298752	1416836	4.74	0	22
ptg014392l_1	47298	284337	6.01	0	14
ptg014392l_1_region	47298	284337	6.01	0	14
ptg014394l_1	296551	1723341	5.81	0	19
ptg014394l_1_region	296551	1723341	5.81	0	19
ptg014397l_1	50201	177159	3.53	0	10
ptg014397l_1_region	50201	177159	3.53	0	10
ptg014399l_1	209234	284725	1.36	0	12
ptg014399l_1_region	209234	284725	1.36	0	12
ptg014402l_1	27428	50968	1.86	0	6
ptg014402l_1_region	27428	50968	1.86	0	6
ptg014404l_1	51564	316537	6.14	0	19
ptg014404l_1_region	51564	316537	6.14	0	19
ptg014405l_1	63095	218201	3.46	0	10
ptg014405l_1_region	63095	218201	3.46	0	10
ptg014408l_1	43408	166426	3.83	0	10
ptg014408l_1_region	43408	166426	3.83	0	10
ptg014411l_1	52294	436594	8.35	0	22
ptg014411l_1_region	52294	436594	8.35	0	22
ptg014416l_1	53006	250292	4.72	0	13
ptg014416l_1_region	53006	250292	4.72	0	13
ptg014422l_1	37940	125817	3.32	0	12
ptg014422l_1_region	37940	125817	3.32	0	12
ptg014424l_1	36402	114108	3.13	0	8
ptg014424l_1_region	36402	114108	3.13	0	8
ptg014427l_1	22095	64319	2.91	0	7
ptg014427l_1_region	22095	64319	2.91	0	7
ptg014428l_1	325572	2584974	7.94	0	56
ptg014428l_1_region	325572	2584974	7.94	0	56
ptg014430l_1	146327	557825	3.81	0	11
ptg014430l_1_region	146327	557825	3.81	0	11
ptg014437l_1	38708	177601	4.59	0	13
ptg014437l_1_region	38708	177601	4.59	0	13
ptg014439l_1	28968	73838	2.55	0	8
ptg014439l_1_region	28968	73838	2.55	0	8
ptg014442l_1	202134	700917	3.47	0	18
ptg014442l_1_region	202134	700917	3.47	0	18
ptg014448l_1	35340	131215	3.71	0	10
ptg014448l_1_region	35340	131215	3.71	0	10
ptg014450l_1	7308	14241	1.95	0	4
ptg014450l_1_region	7308	14241	1.95	0	4
ptg014451l_1	89075	241450	2.71	0	8
ptg014451l_1_region	89075	241450	2.71	0	8
ptg014452l_1	32868	114488	3.48	0	13
ptg014452l_1_region	32868	114488	3.48	0	13
ptg014456l_1	61838	312911	5.06	0	12
ptg014456l_1_region	61838	312911	5.06	0	12
ptg014459l_1	52911	80989	1.53	0	10
ptg014459l_1_region	52911	80989	1.53	0	10
ptg014462l_1	33863	152436	4.50	0	10
ptg014462l_1_region	33863	152436	4.50	0	10
ptg014466l_1	19402	60367	3.11	0	5
ptg014466l_1_region	19402	60367	3.11	0	5
ptg014467l_1	25980	170679	6.57	0	27
ptg014467l_1_region	25980	170679	6.57	0	27
ptg014468l_1	13007	23710	1.82	0	6
ptg014468l_1_region	13007	23710	1.82	0	6
ptg014472l_1	12122	42854	3.54	0	7
ptg014472l_1_region	12122	42854	3.54	0	7
ptg014478l_1	46910	218540	4.66	0	11
ptg014478l_1_region	46910	218540	4.66	0	11
ptg014479l_1	12094	19003	1.57	0	4
ptg014479l_1_region	12094	19003	1.57	0	4
ptg014483l_1	228688	1615337	7.06	0	27
ptg014483l_1_region	228688	1615337	7.06	0	27
ptg014487l_1	16050	15056	0.94	0	3
ptg014487l_1_region	16050	15056	0.94	0	3
ptg014488l_1	21709	33966	1.56	0	3
ptg014488l_1_region	21709	33966	1.56	0	3
ptg014490l_1	32542	249434	7.66	0	25
ptg014490l_1_region	32542	249434	7.66	0	25
ptg014492l_1	28690	95836	3.34	0	8
ptg014492l_1_region	28690	95836	3.34	0	8
ptg014494l_1	72724	382879	5.26	0	15
ptg014494l_1_region	72724	382879	5.26	0	15
ptg014501l_1	63632	405686	6.38	0	35
ptg014501l_1_region	63632	405686	6.38	0	35
ptg014503l_1	19788	98787	4.99	0	11
ptg014503l_1_region	19788	98787	4.99	0	11
ptg014504l_1	37827	107644	2.85	0	8
ptg014504l_1_region	37827	107644	2.85	0	8
ptg014507l_1	11185	19976	1.79	0	6
ptg014507l_1_region	11185	19976	1.79	0	6
ptg014508l_1	63135	155724	2.47	0	11
ptg014508l_1_region	63135	155724	2.47	0	11
ptg014510l_1	29960	75186	2.51	0	9
ptg014510l_1_region	29960	75186	2.51	0	9
ptg014512l_1	49331	181274	3.67	0	10
ptg014512l_1_region	49331	181274	3.67	0	10
ptg014517l_1	77630	204916	2.64	0	10
ptg014517l_1_region	77630	204916	2.64	0	10
ptg014520l_1	84485	1324456	15.68	0	100
ptg014520l_1_region	84485	1324456	15.68	0	100
ptg014523l_1	24059	5623	0.23	0	2
ptg014523l_1_region	24059	5623	0.23	0	2
ptg014526l_1	19799	83015	4.19	0	12
ptg014526l_1_region	19799	83015	4.19	0	12
ptg014535l_1	55543	239340	4.31	0	12
ptg014535l_1_region	55543	239340	4.31	0	12
ptg014541l_1	59128	167137	2.83	0	11
ptg014541l_1_region	59128	167137	2.83	0	11
ptg014542l_1	67135	183922	2.74	0	7
ptg014542l_1_region	67135	183922	2.74	0	7
ptg014544l_1	19542	17632	0.90	0	3
ptg014544l_1_region	19542	17632	0.90	0	3
ptg014554l_1	27594	93720	3.40	0	8
ptg014554l_1_region	27594	93720	3.40	0	8
ptg014555l_1	8918	7664	0.86	0	2
ptg014555l_1_region	8918	7664	0.86	0	2
ptg014556l_1	352086	380121	1.08	0	15
ptg014556l_1_region	352086	380121	1.08	0	15
ptg014560l_1	27679	7168	0.26	0	2
ptg014560l_1_region	27679	7168	0.26	0	2
ptg014562l_1	41708	91741	2.20	0	7
ptg014562l_1_region	41708	91741	2.20	0	7
ptg014563l_1	22661	81526	3.60	0	9
ptg014563l_1_region	22661	81526	3.60	0	9
ptg014566l_1	19065	41654	2.18	0	17
ptg014566l_1_region	19065	41654	2.18	0	17
ptg014573l_1	77670	208270	2.68	0	13
ptg014573l_1_region	77670	208270	2.68	0	13
ptg014576l_1	22657	19844	0.88	0	4
ptg014576l_1_region	22657	19844	0.88	0	4
ptg014582l_1	69991	168198	2.40	0	7
ptg014582l_1_region	69991	168198	2.40	0	7
ptg014588l_1	165454	687079	4.15	0	13
ptg014588l_1_region	165454	687079	4.15	0	13
ptg014590l_1	25057	104003	4.15	0	11
ptg014590l_1_region	25057	104003	4.15	0	11
ptg014594l_1	121164	152508	1.26	0	7
ptg014594l_1_region	121164	152508	1.26	0	7
ptg014595l_1	30092	96219	3.20	0	7
ptg014595l_1_region	30092	96219	3.20	0	7
ptg014596l_1	19838	19524	0.98	0	4
ptg014596l_1_region	19838	19524	0.98	0	4
ptg014598l_1	12086	23661	1.96	0	5
ptg014598l_1_region	12086	23661	1.96	0	5
ptg014599l_1	26382	102951	3.90	0	10
ptg014599l_1_region	26382	102951	3.90	0	10
ptg014604l_1	26517	102258	3.86	0	10
ptg014604l_1_region	26517	102258	3.86	0	10
ptg014607l_1	16131	45869	2.84	0	4
ptg014607l_1_region	16131	45869	2.84	0	4
ptg014609l_1	33263	109421	3.29	0	9
ptg014609l_1_region	33263	109421	3.29	0	9
ptg014610l_1	15217	21926	1.44	0	5
ptg014610l_1_region	15217	21926	1.44	0	5
ptg014614l_1	186701	981048	5.25	0	29
ptg014614l_1_region	186701	981048	5.25	0	29
ptg014626l_1	56688	343882	6.07	0	26
ptg014626l_1_region	56688	343882	6.07	0	26
ptg014629l_1	87599	254999	2.91	0	10
ptg014629l_1_region	87599	254999	2.91	0	10
ptg014631l_1	43184	112010	2.59	0	20
ptg014631l_1_region	43184	112010	2.59	0	20
ptg014637l_1	52153	290919	5.58	0	28
ptg014637l_1_region	52153	290919	5.58	0	28
ptg014638l_1	18780	68895	3.67	0	12
ptg014638l_1_region	18780	68895	3.67	0	12
ptg014639l_1	23445	98880	4.22	0	14
ptg014639l_1_region	23445	98880	4.22	0	14
ptg014646l_1	12275	40325	3.29	0	21
ptg014646l_1_region	12275	40325	3.29	0	21
ptg014648l_1	544419	83069	0.15	0	5
ptg014648l_1_region	544419	83069	0.15	0	5
ptg014650l_1	19264	76378	3.96	0	8
ptg014650l_1_region	19264	76378	3.96	0	8
ptg014657l_1	37950	114765	3.02	0	9
ptg014657l_1_region	37950	114765	3.02	0	9
ptg014659l_1	160793	649853	4.04	0	23
ptg014659l_1_region	160793	649853	4.04	0	23
ptg014660l_1	38089	49937	1.31	0	9
ptg014660l_1_region	38089	49937	1.31	0	9
ptg014666l_1	60285	201585	3.34	0	10
ptg014666l_1_region	60285	201585	3.34	0	10
ptg014667l_1	19631	9495	0.48	0	1
ptg014667l_1_region	19631	9495	0.48	0	1
ptg014668l_1	225031	199275	0.89	0	9
ptg014668l_1_region	225031	199275	0.89	0	9
ptg014669l_1	131150	62143	0.47	0	3
ptg014669l_1_region	131150	62143	0.47	0	3
ptg014676l_1	17473	65928	3.77	0	8
ptg014676l_1_region	17473	65928	3.77	0	8
ptg014683l_1	16980	49955	2.94	0	9
ptg014683l_1_region	16980	49955	2.94	0	9
ptg014685l_1	44747	158138	3.53	0	11
ptg014685l_1_region	44747	158138	3.53	0	11
ptg014688l_1	30166	222795	7.39	0	14
ptg014688l_1_region	30166	222795	7.39	0	14
ptg014690l_1	23407	24073	1.03	0	9
ptg014690l_1_region	23407	24073	1.03	0	9
ptg014694l_1	30452	4135	0.14	0	1
ptg014694l_1_region	30452	4135	0.14	0	1
ptg014695l_1	23396	59845	2.56	0	6
ptg014695l_1_region	23396	59845	2.56	0	6
ptg014696l_1	33910	73326	2.16	0	6
ptg014696l_1_region	33910	73326	2.16	0	6
ptg014697l_1	2504026	1813628	0.72	0	29
ptg014697l_1_region	2504026	1813628	0.72	0	29
ptg014704l_1	85995	396347	4.61	0	16
ptg014704l_1_region	85995	396347	4.61	0	16
ptg014706l_1	37350	70599	1.89	0	7
ptg014706l_1_region	37350	70599	1.89	0	7
ptg014708l_1	28745	61810	2.15	0	6
ptg014708l_1_region	28745	61810	2.15	0	6
ptg014710l_1	8442	3802	0.45	0	2
ptg014710l_1_region	8442	3802	0.45	0	2
ptg014712l_1	16129	640	0.04	0	1
ptg014712l_1_region	16129	640	0.04	0	1
ptg014718l_1	142784	341920	2.39	0	16
ptg014718l_1_region	142784	341920	2.39	0	16
ptg014719l_1	22009	40710	1.85	0	3
ptg014719l_1_region	22009	40710	1.85	0	3
ptg014726l_1	27257	36853	1.35	0	4
ptg014726l_1_region	27257	36853	1.35	0	4
ptg014730l_1	171898	70313	0.41	0	9
ptg014730l_1_region	171898	70313	0.41	0	9
ptg014736l_1	181696	571349	3.14	0	13
ptg014736l_1_region	181696	571349	3.14	0	13
ptg014741l_1	38921	2979	0.08	0	1
ptg014741l_1_region	38921	2979	0.08	0	1
ptg014748l_1	82341	298190	3.62	0	20
ptg014748l_1_region	82341	298190	3.62	0	20
ptg014751l_1	115848	20295	0.18	0	2
ptg014751l_1_region	115848	20295	0.18	0	2
ptg014752l_1	193117	767458	3.97	0	39
ptg014752l_1_region	193117	767458	3.97	0	39
ptg014767l_1	20092	230826	11.49	0	47
ptg014767l_1_region	20092	230826	11.49	0	47
ptg014770l_1	14998	29753	1.98	0	7
ptg014770l_1_region	14998	29753	1.98	0	7
ptg014771l_1	59080	124628	2.11	0	8
ptg014771l_1_region	59080	124628	2.11	0	8
ptg014773l_1	19823	45009	2.27	0	9
ptg014773l_1_region	19823	45009	2.27	0	9
ptg014778l_1	11963	21543	1.80	0	6
ptg014778l_1_region	11963	21543	1.80	0	6
ptg014786l_1	53179	133424	2.51	0	10
ptg014786l_1_region	53179	133424	2.51	0	10
ptg014791l_1	55844	169262	3.03	0	19
ptg014791l_1_region	55844	169262	3.03	0	19
ptg014801l_1	21409	40829	1.91	0	6
ptg014801l_1_region	21409	40829	1.91	0	6
ptg014802l_1	48862	166798	3.41	0	10
ptg014802l_1_region	48862	166798	3.41	0	10
ptg014803l_1	49560	172378	3.48	0	27
ptg014803l_1_region	49560	172378	3.48	0	27
ptg014804l_1	47843	147398	3.08	0	10
ptg014804l_1_region	47843	147398	3.08	0	10
ptg014808l_1	12053	59794	4.96	0	11
ptg014808l_1_region	12053	59794	4.96	0	11
ptg014812l_1	11886	108501	9.13	0	13
ptg014812l_1_region	11886	108501	9.13	0	13
ptg014813l_1	197883	775367	3.92	0	14
ptg014813l_1_region	197883	775367	3.92	0	14
ptg014815l_1	21910	58838	2.69	0	11
ptg014815l_1_region	21910	58838	2.69	0	11
ptg014819l_1	90789	255582	2.82	0	8
ptg014819l_1_region	90789	255582	2.82	0	8
ptg014827l_1	8987	22806	2.54	0	5
ptg014827l_1_region	8987	22806	2.54	0	5
ptg014831l_1	37037	141192	3.81	0	11
ptg014831l_1_region	37037	141192	3.81	0	11
ptg014838l_1	11265	30156	2.68	0	6
ptg014838l_1_region	11265	30156	2.68	0	6
ptg014843l_1	28838	81643	2.83	0	8
ptg014843l_1_region	28838	81643	2.83	0	8
ptg014845l_1	8972	10387	1.16	0	2
ptg014845l_1_region	8972	10387	1.16	0	2
ptg014846l_1	13914	49252	3.54	0	9
ptg014846l_1_region	13914	49252	3.54	0	9
ptg014851l_1	14113	72945	5.17	1	9
ptg014851l_1_region	14113	72945	5.17	1	9
ptg014853l_1	55764	232646	4.17	0	15
ptg014853l_1_region	55764	232646	4.17	0	15
ptg014859l_1	46840	85660	1.83	0	7
ptg014859l_1_region	46840	85660	1.83	0	7
ptg014862l_1	169478	1063154	6.27	0	25
ptg014862l_1_region	169478	1063154	6.27	0	25
ptg014864l_1	19207	103184	5.37	0	30
ptg014864l_1_region	19207	103184	5.37	0	30
ptg014866l_1	124257	1989873	16.01	0	283
ptg014866l_1_region	124257	1989873	16.01	0	283
ptg014867l_1	40019	175099	4.38	0	14
ptg014867l_1_region	40019	175099	4.38	0	14
ptg014873l_1	9697	18172	1.87	0	4
ptg014873l_1_region	9697	18172	1.87	0	4
ptg014874l_1	52546	123216	2.34	0	12
ptg014874l_1_region	52546	123216	2.34	0	12
ptg014886l_1	62912	484593	7.70	0	40
ptg014886l_1_region	62912	484593	7.70	0	40
ptg014890l_1	25078	88092	3.51	0	10
ptg014890l_1_region	25078	88092	3.51	0	10
ptg014894l_1	63244	227830	3.60	0	15
ptg014894l_1_region	63244	227830	3.60	0	15
ptg014897l_1	12576	18408	1.46	0	3
ptg014897l_1_region	12576	18408	1.46	0	3
ptg014900l_1	25797	290202	11.25	0	32
ptg014900l_1_region	25797	290202	11.25	0	32
ptg014905l_1	242127	1113780	4.60	0	11
ptg014905l_1_region	242127	1113780	4.60	0	11
ptg014908l_1	27033	50779	1.88	0	6
ptg014908l_1_region	27033	50779	1.88	0	6
ptg014909l_1	56476	110737	1.96	0	6
ptg014909l_1_region	56476	110737	1.96	0	6
ptg014911l_1	10966	9154	0.83	0	2
ptg014911l_1_region	10966	9154	0.83	0	2
ptg014914l_1	29715	60750	2.04	0	8
ptg014914l_1_region	29715	60750	2.04	0	8
ptg014921l_1	67436	370085	5.49	0	12
ptg014921l_1_region	67436	370085	5.49	0	12
ptg014925l_1	21874	27232	1.24	0	10
ptg014925l_1_region	21874	27232	1.24	0	10
ptg014931l_1	91318	188206	2.06	0	8
ptg014931l_1_region	91318	188206	2.06	0	8
ptg014933l_1	81198	144364	1.78	0	8
ptg014933l_1_region	81198	144364	1.78	0	8
ptg014935l_1	263708	2883631	10.93	0	40
ptg014935l_1_region	263708	2883631	10.93	0	40
ptg014936l_1	129300	527842	4.08	0	12
ptg014936l_1_region	129300	527842	4.08	0	12
ptg014947l_1	50417	223059	4.42	0	25
ptg014947l_1_region	50417	223059	4.42	0	25
ptg014951l_1	14915	31280	2.10	0	4
ptg014951l_1_region	14915	31280	2.10	0	4
ptg014952l_1	13137	38422	2.92	0	8
ptg014952l_1_region	13137	38422	2.92	0	8
ptg014954l_1	48060	234842	4.89	0	11
ptg014954l_1_region	48060	234842	4.89	0	11
ptg014957l_1	51737	81297	1.57	0	8
ptg014957l_1_region	51737	81297	1.57	0	8
ptg014958l_1	31873	93413	2.93	0	11
ptg014958l_1_region	31873	93413	2.93	0	11
ptg014962l_1	30813	37765	1.23	0	10
ptg014962l_1_region	30813	37765	1.23	0	10
ptg014966l_1	12473	118914	9.53	0	23
ptg014966l_1_region	12473	118914	9.53	0	23
ptg014969l_1	89911	321955	3.58	0	17
ptg014969l_1_region	89911	321955	3.58	0	17
ptg014970l_1	32035	19302	0.60	0	3
ptg014970l_1_region	32035	19302	0.60	0	3
ptg014972l_1	156787	305757	1.95	0	17
ptg014972l_1_region	156787	305757	1.95	0	17
ptg014974l_1	24826	55927	2.25	0	8
ptg014974l_1_region	24826	55927	2.25	0	8
ptg014975l_1	22807	116629	5.11	0	13
ptg014975l_1_region	22807	116629	5.11	0	13
ptg014976l_1	23852	132873	5.57	0	13
ptg014976l_1_region	23852	132873	5.57	0	13
ptg014977l_1	38070	6607	0.17	0	4
ptg014977l_1_region	38070	6607	0.17	0	4
ptg014978l_1	104479	249283	2.39	0	22
ptg014978l_1_region	104479	249283	2.39	0	22
ptg014987l_1	326680	27106	0.08	0	5
ptg014987l_1_region	326680	27106	0.08	0	5
ptg014988l_1	150192	16049	0.11	0	2
ptg014988l_1_region	150192	16049	0.11	0	2
ptg014991l_1	90231	170287	1.89	0	11
ptg014991l_1_region	90231	170287	1.89	0	11
ptg014995l_1	16133	70732	4.38	0	16
ptg014995l_1_region	16133	70732	4.38	0	16
ptg014996l_1	37198	6181	0.17	0	1
ptg014996l_1_region	37198	6181	0.17	0	1
ptg014997l_1	83724	302459	3.61	0	12
ptg014997l_1_region	83724	302459	3.61	0	12
ptg014998l_1	60355	95476	1.58	0	4
ptg014998l_1_region	60355	95476	1.58	0	4
ptg015001l_1	59152	131097	2.22	0	9
ptg015001l_1_region	59152	131097	2.22	0	9
ptg015005l_1	111738	347331	3.11	0	11
ptg015005l_1_region	111738	347331	3.11	0	11
ptg015014l_1	25146	26475	1.05	0	3
ptg015014l_1_region	25146	26475	1.05	0	3
ptg015021l_1	34200	154547	4.52	0	10
ptg015021l_1_region	34200	154547	4.52	0	10
ptg015034l_1	14944	68294	4.57	0	12
ptg015034l_1_region	14944	68294	4.57	0	12
ptg015041l_1	441615	2217557	5.02	0	15
ptg015041l_1_region	441615	2217557	5.02	0	15
ptg015051l_1	478350	2290576	4.79	0	48
ptg015051l_1_region	478350	2290576	4.79	0	48
ptg015060l_1	31498	40258	1.28	0	7
ptg015060l_1_region	31498	40258	1.28	0	7
ptg015069l_1	327846	1489244	4.54	0	51
ptg015069l_1_region	327846	1489244	4.54	0	51
ptg015071l_1	44063	489769	11.12	0	92
ptg015071l_1_region	44063	489769	11.12	0	92
ptg015076l_1	15402	51116	3.32	0	6
ptg015076l_1_region	15402	51116	3.32	0	6
ptg015087l_1	200167	1463878	7.31	0	46
ptg015087l_1_region	200167	1463878	7.31	0	46
ptg015117l_1	25331	64624	2.55	0	5
ptg015117l_1_region	25331	64624	2.55	0	5
ptg015122l_1	164131	632139	3.85	0	11
ptg015122l_1_region	164131	632139	3.85	0	11
ptg015130l_1	66662	125604	1.88	0	12
ptg015130l_1_region	66662	125604	1.88	0	12
ptg015140l_1	163869	991626	6.05	0	295
ptg015140l_1_region	163869	991626	6.05	0	295
ptg015143l_1	20989	52050	2.48	0	6
ptg015143l_1_region	20989	52050	2.48	0	6
ptg015144l_1	128243	27195	0.21	0	12
ptg015144l_1_region	128243	27195	0.21	0	12
ptg015175l_1	36126	107146	2.97	0	10
ptg015175l_1_region	36126	107146	2.97	0	10
ptg015176l_1	54353	76290	1.40	0	8
ptg015176l_1_region	54353	76290	1.40	0	8
ptg015178l_1	220013	739351	3.36	0	14
ptg015178l_1_region	220013	739351	3.36	0	14
ptg015191l_1	97877	3198821	32.68	0	175
ptg015191l_1_region	97877	3198821	32.68	0	175
ptg015200l_1	76194	378966	4.97	0	11
ptg015200l_1_region	76194	378966	4.97	0	11
ptg015207l_1	174001	861234	4.95	0	17
ptg015207l_1_region	174001	861234	4.95	0	17
ptg015216l_1	245082	927930	3.79	0	14
ptg015216l_1_region	245082	927930	3.79	0	14
ptg015230l_1	42231	142676	3.38	0	7
ptg015230l_1_region	42231	142676	3.38	0	7
ptg015235l_1	16723	62087	3.71	0	9
ptg015235l_1_region	16723	62087	3.71	0	9
ptg015240l_1	37720	118246	3.13	0	10
ptg015240l_1_region	37720	118246	3.13	0	10
ptg015253l_1	62767	18946	0.30	0	3
ptg015253l_1_region	62767	18946	0.30	0	3
ptg015269l_1	30353	149122	4.91	0	9
ptg015269l_1_region	30353	149122	4.91	0	9
ptg015276l_1	31541	14011	0.44	0	3
ptg015276l_1_region	31541	14011	0.44	0	3
ptg015290l_1	30419	130043	4.28	0	11
ptg015290l_1_region	30419	130043	4.28	0	11
ptg015304l_1	23481	66406	2.83	0	15
ptg015304l_1_region	23481	66406	2.83	0	15
ptg015310l_1	36344	35745	0.98	0	4
ptg015310l_1_region	36344	35745	0.98	0	4
ptg015313l_1	31475	92406	2.94	0	17
ptg015313l_1_region	31475	92406	2.94	0	17
ptg015314l_1	47334	47356	1.00	0	7
ptg015314l_1_region	47334	47356	1.00	0	7
ptg015321l_1	158029	452566	2.86	0	13
ptg015321l_1_region	158029	452566	2.86	0	13
ptg015322l_1	35638	122712	3.44	0	8
ptg015322l_1_region	35638	122712	3.44	0	8
ptg015323l_1	189841	778163	4.10	0	17
ptg015323l_1_region	189841	778163	4.10	0	17
ptg015324l_1	1603067	2053999	1.28	0	23
ptg015324l_1_region	1603067	2053999	1.28	0	23
ptg015327l_1	86129	322142	3.74	0	18
ptg015327l_1_region	86129	322142	3.74	0	18
ptg015328l_1	114281	182469	1.60	0	10
ptg015328l_1_region	114281	182469	1.60	0	10
ptg015331l_1	29358	133599	4.55	0	13
ptg015331l_1_region	29358	133599	4.55	0	13
ptg015334l_1	24682	39181	1.59	0	8
ptg015334l_1_region	24682	39181	1.59	0	8
ptg015343l_1	40098	181247	4.52	0	12
ptg015343l_1_region	40098	181247	4.52	0	12
ptg015369l_1	215030	935206	4.35	0	28
ptg015369l_1_region	215030	935206	4.35	0	28
ptg015376l_1	175776	756599	4.30	0	12
ptg015376l_1_region	175776	756599	4.30	0	12
ptg015378l_1	10822	9246	0.85	0	3
ptg015378l_1_region	10822	9246	0.85	0	3
ptg015384l_1	167842	1701555	10.14	0	60
ptg015384l_1_region	167842	1701555	10.14	0	60
ptg015393l_1	40793	87302	2.14	0	8
ptg015393l_1_region	40793	87302	2.14	0	8
ptg015398l_1	77568	95472	1.23	0	7
ptg015398l_1_region	77568	95472	1.23	0	7
ptg015408l_1	133896	621809	4.64	0	25
ptg015408l_1_region	133896	621809	4.64	0	25
ptg015415l_1	33909	86222	2.54	0	9
ptg015415l_1_region	33909	86222	2.54	0	9
ptg015418l_1	53663	112356	2.09	0	8
ptg015418l_1_region	53663	112356	2.09	0	8
ptg015433l_1	33897	95086	2.81	0	8
ptg015433l_1_region	33897	95086	2.81	0	8
ptg015441l_1	22462	20317	0.90	0	4
ptg015441l_1_region	22462	20317	0.90	0	4
ptg015446l_1	76699	177986	2.32	0	10
ptg015446l_1_region	76699	177986	2.32	0	10
ptg015449l_1	29193	105949	3.63	0	14
ptg015449l_1_region	29193	105949	3.63	0	14
ptg015464l_1	68228	495603	7.26	0	62
ptg015464l_1_region	68228	495603	7.26	0	62
ptg015477l_1	188656	712731	3.78	0	13
ptg015477l_1_region	188656	712731	3.78	0	13
ptg015480l_1	12067	220762	18.29	1	46
ptg015480l_1_region	12067	220762	18.29	1	46
ptg015484l_1	15493	46810	3.02	0	7
ptg015484l_1_region	15493	46810	3.02	0	7
ptg015498l_1	22350	115620	5.17	0	10
ptg015498l_1_region	22350	115620	5.17	0	10
ptg015509l_1	157850	491635	3.11	0	11
ptg015509l_1_region	157850	491635	3.11	0	11
ptg015519l_1	23231	17124	0.74	0	3
ptg015519l_1_region	23231	17124	0.74	0	3
ptg015522l_1	34294	18792	0.55	0	10
ptg015522l_1_region	34294	18792	0.55	0	10
ptg015523l_1	59381	305862	5.15	0	17
ptg015523l_1_region	59381	305862	5.15	0	17
ptg015528l_1	70344	85703	1.22	0	9
ptg015528l_1_region	70344	85703	1.22	0	9
ptg015529l_1	37961	62934	1.66	0	6
ptg015529l_1_region	37961	62934	1.66	0	6
ptg015532l_1	58576	142184	2.43	0	6
ptg015532l_1_region	58576	142184	2.43	0	6
ptg015550l_1	14047	22962	1.63	0	10
ptg015550l_1_region	14047	22962	1.63	0	10
ptg015559l_1	77458	273126	3.53	0	12
ptg015559l_1_region	77458	273126	3.53	0	12
ptg015563l_1	17173	42869	2.50	0	5
ptg015563l_1_region	17173	42869	2.50	0	5
ptg015566l_1	46697	33298	0.71	0	19
ptg015566l_1_region	46697	33298	0.71	0	19
ptg015570l_1	61763	34635	0.56	0	5
ptg015570l_1_region	61763	34635	0.56	0	5
ptg015571l_1	19572	96338	4.92	0	12
ptg015571l_1_region	19572	96338	4.92	0	12
ptg015575l_1	46519	199173	4.28	0	18
ptg015575l_1_region	46519	199173	4.28	0	18
ptg015585l_1	40688	111550	2.74	0	15
ptg015585l_1_region	40688	111550	2.74	0	15
ptg015587l_1	101542	989137	9.74	0	25
ptg015587l_1_region	101542	989137	9.74	0	25
ptg015593l_1	544806	439885	0.81	0	14
ptg015593l_1_region	544806	439885	0.81	0	14
ptg015595l_1	30178	67787	2.25	0	9
ptg015595l_1_region	30178	67787	2.25	0	9
ptg015596l_1	37656	130022	3.45	0	10
ptg015596l_1_region	37656	130022	3.45	0	10
ptg015597l_1	266309	874893	3.29	0	23
ptg015597l_1_region	266309	874893	3.29	0	23
ptg015598l_1	24205	1435	0.06	0	1
ptg015598l_1_region	24205	1435	0.06	0	1
ptg015599l_1	19359	14583	0.75	0	2
ptg015599l_1_region	19359	14583	0.75	0	2
ptg015602l_1	99677	325387	3.26	0	11
ptg015602l_1_region	99677	325387	3.26	0	11
ptg015603l_1	299942	4080058	13.60	0	66
ptg015603l_1_region	299942	4080058	13.60	0	66
ptg015605l_1	64254	317845	4.95	0	29
ptg015605l_1_region	64254	317845	4.95	0	29
ptg015606l_1	54857	216771	3.95	0	12
ptg015606l_1_region	54857	216771	3.95	0	12
ptg015607l_1	45042	24932	0.55	0	4
ptg015607l_1_region	45042	24932	0.55	0	4
ptg015610l_1	34928	105299	3.01	0	9
ptg015610l_1_region	34928	105299	3.01	0	9
ptg015616l_1	486628	65112	0.13	0	4
ptg015616l_1_region	486628	65112	0.13	0	4
ptg015621l_1	596592	17788208	29.82	0	2258
ptg015621l_1_region	596592	17788208	29.82	0	2258
ptg015624l_1	21152	56602	2.68	0	21
ptg015624l_1_region	21152	56602	2.68	0	21
ptg015625l_1	172896	440279	2.55	0	29
ptg015625l_1_region	172896	440279	2.55	0	29
ptg015632l_1	27004	158182	5.86	0	14
ptg015632l_1_region	27004	158182	5.86	0	14
ptg015633l_1	26363	101103	3.84	0	18
ptg015633l_1_region	26363	101103	3.84	0	18
ptg015634l_1	28177	136778	4.85	0	17
ptg015634l_1_region	28177	136778	4.85	0	17
ptg015635l_1	30346	22574	0.74	0	4
ptg015635l_1_region	30346	22574	0.74	0	4
ptg015636l_1	16613	163154	9.82	0	21
ptg015636l_1_region	16613	163154	9.82	0	21
ptg015643l_1	132306	613533	4.64	0	15
ptg015643l_1_region	132306	613533	4.64	0	15
ptg015661l_1	113470	317555	2.80	0	12
ptg015661l_1_region	113470	317555	2.80	0	12
ptg015663l_1	75717	295056	3.90	0	21
ptg015663l_1_region	75717	295056	3.90	0	21
ptg015680l_1	26386	116206	4.40	0	12
ptg015680l_1_region	26386	116206	4.40	0	12
ptg015683l_1	17505	28993	1.66	0	6
ptg015683l_1_region	17505	28993	1.66	0	6
ptg015689l_1	20544	116995	5.69	0	13
ptg015689l_1_region	20544	116995	5.69	0	13
ptg015697l_1	28995	78801	2.72	0	7
ptg015697l_1_region	28995	78801	2.72	0	7
ptg015700l_1	64624	159943	2.47	0	13
ptg015700l_1_region	64624	159943	2.47	0	13
ptg015701l_1	14714	16985	1.15	0	6
ptg015701l_1_region	14714	16985	1.15	0	6
ptg015705l_1	184018	588410	3.20	0	16
ptg015705l_1_region	184018	588410	3.20	0	16
ptg015725l_1	18292	35118	1.92	0	5
ptg015725l_1_region	18292	35118	1.92	0	5
ptg015726l_1	67152	252981	3.77	0	10
ptg015726l_1_region	67152	252981	3.77	0	10
ptg015734l_1	13114	33483	2.55	0	7
ptg015734l_1_region	13114	33483	2.55	0	7
ptg015747l_1	137693	1080277	7.85	0	31
ptg015747l_1_region	137693	1080277	7.85	0	31
ptg015750l_1	91831	529951	5.77	0	31
ptg015750l_1_region	91831	529951	5.77	0	31
ptg015751l_1	19442	20773	1.07	0	6
ptg015751l_1_region	19442	20773	1.07	0	6
ptg015764l_1	113546	1175921	10.36	0	45
ptg015764l_1_region	113546	1175921	10.36	0	45
ptg015770l_1	20296	23963	1.18	0	6
ptg015770l_1_region	20296	23963	1.18	0	6
ptg015784l_1	8289	18417	2.22	0	5
ptg015784l_1_region	8289	18417	2.22	0	5
ptg015800l_1	23149	28546	1.23	0	8
ptg015800l_1_region	23149	28546	1.23	0	8
ptg015824l_1	44424	161677	3.64	0	10
ptg015824l_1_region	44424	161677	3.64	0	10
ptg015834l_1	59221	273618	4.62	0	11
ptg015834l_1_region	59221	273618	4.62	0	11
ptg015835l_1	14215	808	0.06	0	1
ptg015835l_1_region	14215	808	0.06	0	1
ptg015847l_1	172708	840959	4.87	0	16
ptg015847l_1_region	172708	840959	4.87	0	16
ptg015859l_1	64712	230885	3.57	0	12
ptg015859l_1_region	64712	230885	3.57	0	12
ptg015861l_1	100535	624702	6.21	0	20
ptg015861l_1_region	100535	624702	6.21	0	20
ptg015870l_1	15448	25988	1.68	0	4
ptg015870l_1_region	15448	25988	1.68	0	4
ptg015876l_1	59604	548807	9.21	0	198
ptg015876l_1_region	59604	548807	9.21	0	198
ptg015884l_1	70471	394441	5.60	2	14
ptg015884l_1_region	70471	394441	5.60	2	14
ptg015897l_1	78900	295166	3.74	0	14
ptg015897l_1_region	78900	295166	3.74	0	14
ptg015901l_1	31651	84531	2.67	0	9
ptg015901l_1_region	31651	84531	2.67	0	9
ptg015902l_1	24361	52676	2.16	0	9
ptg015902l_1_region	24361	52676	2.16	0	9
ptg015913l_1	54743	148226	2.71	0	10
ptg015913l_1_region	54743	148226	2.71	0	10
ptg015937l_1	44298	35829	0.81	0	2
ptg015937l_1_region	44298	35829	0.81	0	2
ptg015947l_1	25475	65049	2.55	0	8
ptg015947l_1_region	25475	65049	2.55	0	8
ptg015952l_1	12914	34272	2.65	0	6
ptg015952l_1_region	12914	34272	2.65	0	6
ptg015955l_1	10362	20199	1.95	0	5
ptg015955l_1_region	10362	20199	1.95	0	5
ptg015959l_1	38345	102425	2.67	0	7
ptg015959l_1_region	38345	102425	2.67	0	7
ptg015971l_1	19854	70106	3.53	0	9
ptg015971l_1_region	19854	70106	3.53	0	9
ptg015988l_1	25563	60650	2.37	0	8
ptg015988l_1_region	25563	60650	2.37	0	8
ptg015994l_1	79808	467725	5.86	0	18
ptg015994l_1_region	79808	467725	5.86	0	18
ptg015995l_1	56994	98574	1.73	0	13
ptg015995l_1_region	56994	98574	1.73	0	13
ptg016014l_1	116861	90265	0.77	0	6
ptg016014l_1_region	116861	90265	0.77	0	6
ptg016019l_1	15012	21305	1.42	0	4
ptg016019l_1_region	15012	21305	1.42	0	4
ptg016033l_1	249089	727251	2.92	0	52
ptg016033l_1_region	249089	727251	2.92	0	52
ptg016035l_1	17200	38730	2.25	0	4
ptg016035l_1_region	17200	38730	2.25	0	4
ptg016038l_1	13255	107248	8.09	0	12
ptg016038l_1_region	13255	107248	8.09	0	12
ptg016042l_1	34821	328805	9.44	0	16
ptg016042l_1_region	34821	328805	9.44	0	16
ptg016048l_1	99517	385711	3.88	0	13
ptg016048l_1_region	99517	385711	3.88	0	13
ptg016049l_1	97598	236839	2.43	0	12
ptg016049l_1_region	97598	236839	2.43	0	12
ptg016057l_1	27273	50481	1.85	0	6
ptg016057l_1_region	27273	50481	1.85	0	6
ptg016063l_1	13766	67465	4.90	0	10
ptg016063l_1_region	13766	67465	4.90	0	10
ptg016073l_1	45215	130948	2.90	0	13
ptg016073l_1_region	45215	130948	2.90	0	13
ptg016078l_1	25483	69300	2.72	0	13
ptg016078l_1_region	25483	69300	2.72	0	13
ptg016082l_1	39658	161519	4.07	0	22
ptg016082l_1_region	39658	161519	4.07	0	22
ptg016086l_1	50850	266145	5.23	0	22
ptg016086l_1_region	50850	266145	5.23	0	22
ptg016101l_1	57108	159959	2.80	0	9
ptg016101l_1_region	57108	159959	2.80	0	9
ptg016102l_1	33003	74782	2.27	0	8
ptg016102l_1_region	33003	74782	2.27	0	8
ptg016105l_1	637970	584855	0.92	0	36
ptg016105l_1_region	637970	584855	0.92	0	36
ptg016115l_1	22879	243746	10.65	0	26
ptg016115l_1_region	22879	243746	10.65	0	26
ptg016118l_1	105536	415329	3.94	0	20
ptg016118l_1_region	105536	415329	3.94	0	20
ptg016123l_1	24862	3774	0.15	0	1
ptg016123l_1_region	24862	3774	0.15	0	1
ptg016132l_1	46797	13225	0.28	0	3
ptg016132l_1_region	46797	13225	0.28	0	3
ptg016133l_1	38899	275175	7.07	0	19
ptg016133l_1_region	38899	275175	7.07	0	19
ptg016140l_1	13247	23475	1.77	0	5
ptg016140l_1_region	13247	23475	1.77	0	5
ptg016145l_1	240745	542515	2.25	0	9
ptg016145l_1_region	240745	542515	2.25	0	9
ptg016147l_1	22268	117581	5.28	0	26
ptg016147l_1_region	22268	117581	5.28	0	26
ptg016150l_1	48660	2410486	49.54	0	176
ptg016150l_1_region	48660	2410486	49.54	0	176
ptg016152l_1	12495	24774	1.98	0	4
ptg016152l_1_region	12495	24774	1.98	0	4
ptg016163l_1	57855	126709	2.19	0	10
ptg016163l_1_region	57855	126709	2.19	0	10
ptg016174l_1	29134	108553	3.73	0	12
ptg016174l_1_region	29134	108553	3.73	0	12
ptg016175l_1	10269	43688	4.25	0	7
ptg016175l_1_region	10269	43688	4.25	0	7
ptg016181l_1	8081	26778	3.31	0	6
ptg016181l_1_region	8081	26778	3.31	0	6
ptg016192l_1	39204	209309	5.34	0	13
ptg016192l_1_region	39204	209309	5.34	0	13
ptg016193l_1	62930	246402	3.92	0	20
ptg016193l_1_region	62930	246402	3.92	0	20
ptg016197l_1	9761	13102	1.34	0	5
ptg016197l_1_region	9761	13102	1.34	0	5
ptg016204l_1	103770	403182	3.89	0	15
ptg016204l_1_region	103770	403182	3.89	0	15
ptg016207l_1	89993	347115	3.86	0	25
ptg016207l_1_region	89993	347115	3.86	0	25
ptg016214l_1	64467	270072	4.19	0	10
ptg016214l_1_region	64467	270072	4.19	0	10
ptg016223l_1	116900	301913	2.58	0	12
ptg016223l_1_region	116900	301913	2.58	0	12
ptg016224l_1	62966	601517	9.55	0	48
ptg016224l_1_region	62966	601517	9.55	0	48
ptg016225l_1	119492	112057	0.94	0	9
ptg016225l_1_region	119492	112057	0.94	0	9
ptg016226l_1	43737	152499	3.49	0	11
ptg016226l_1_region	43737	152499	3.49	0	11
ptg016228l_1	104866	49802	0.47	0	4
ptg016228l_1_region	104866	49802	0.47	0	4
ptg016229l_1	23880	86954	3.64	0	11
ptg016229l_1_region	23880	86954	3.64	0	11
ptg016237l_1	26876	133133	4.95	0	14
ptg016237l_1_region	26876	133133	4.95	0	14
ptg016241l_1	42596	130899	3.07	0	9
ptg016241l_1_region	42596	130899	3.07	0	9
ptg016242l_1	33719	71186	2.11	0	11
ptg016242l_1_region	33719	71186	2.11	0	11
ptg016244l_1	22768	64270	2.82	0	9
ptg016244l_1_region	22768	64270	2.82	0	9
ptg016245l_1	24906	98525	3.96	0	8
ptg016245l_1_region	24906	98525	3.96	0	8
ptg016246l_1	86756	297534	3.43	0	10
ptg016246l_1_region	86756	297534	3.43	0	10
ptg016248l_1	16338	34073	2.09	0	4
ptg016248l_1_region	16338	34073	2.09	0	4
ptg016250l_1	7492	14312	1.91	0	5
ptg016250l_1_region	7492	14312	1.91	0	5
ptg016251l_1	15556	48087	3.09	0	6
ptg016251l_1_region	15556	48087	3.09	0	6
ptg016255l_1	16475	35656	2.16	0	5
ptg016255l_1_region	16475	35656	2.16	0	5
ptg016264l_1	66260	315719	4.76	0	12
ptg016264l_1_region	66260	315719	4.76	0	12
ptg016275l_1	97068	177125	1.82	0	7
ptg016275l_1_region	97068	177125	1.82	0	7
ptg016279l_1	46711	244620	5.24	0	16
ptg016279l_1_region	46711	244620	5.24	0	16
ptg016280l_1	110923	204659	1.85	0	19
ptg016280l_1_region	110923	204659	1.85	0	19
ptg016281l_1	81049	295666	3.65	0	40
ptg016281l_1_region	81049	295666	3.65	0	40
ptg016282l_1	37674	27861	0.74	0	5
ptg016282l_1_region	37674	27861	0.74	0	5
ptg016283l_1	58438	155315	2.66	0	7
ptg016283l_1_region	58438	155315	2.66	0	7
ptg016285l_1	111128	65251	0.59	0	8
ptg016285l_1_region	111128	65251	0.59	0	8
ptg016287l_1	37887	102897	2.72	0	8
ptg016287l_1_region	37887	102897	2.72	0	8
ptg016288l_1	39924	15598	0.39	0	2
ptg016288l_1_region	39924	15598	0.39	0	2
ptg016291l_1	84011	210321	2.50	0	9
ptg016291l_1_region	84011	210321	2.50	0	9
ptg016292l_1	33423	98088	2.93	0	9
ptg016292l_1_region	33423	98088	2.93	0	9
ptg016293l_1	35972	94431	2.63	0	11
ptg016293l_1_region	35972	94431	2.63	0	11
ptg016294l_1	71549	189802	2.65	0	8
ptg016294l_1_region	71549	189802	2.65	0	8
ptg016296l_1	7390	24658	3.34	0	9
ptg016296l_1_region	7390	24658	3.34	0	9
ptg016297l_1	71146	121932	1.71	0	6
ptg016297l_1_region	71146	121932	1.71	0	6
ptg016307l_1	46709	104793	2.24	0	7
ptg016307l_1_region	46709	104793	2.24	0	7
ptg016309l_1	59338	18799	0.32	0	7
ptg016309l_1_region	59338	18799	0.32	0	7
ptg016312l_1	59909	106706	1.78	0	8
ptg016312l_1_region	59909	106706	1.78	0	8
ptg016318l_1	50415	273982	5.43	0	36
ptg016318l_1_region	50415	273982	5.43	0	36
ptg016321l_1	108606	340033	3.13	0	13
ptg016321l_1_region	108606	340033	3.13	0	13
ptg016327l_1	122693	655430	5.34	0	21
ptg016327l_1_region	122693	655430	5.34	0	21
ptg016333l_1	36639	21155	0.58	0	3
ptg016333l_1_region	36639	21155	0.58	0	3
ptg016335l_1	41807	162595	3.89	0	12
ptg016335l_1_region	41807	162595	3.89	0	12
ptg016336l_1	23765	30967	1.30	0	5
ptg016336l_1_region	23765	30967	1.30	0	5
ptg016337l_1	78913	277324	3.51	0	12
ptg016337l_1_region	78913	277324	3.51	0	12
ptg016339l_1	163011	759122	4.66	0	13
ptg016339l_1_region	163011	759122	4.66	0	13
ptg016340l_1	32832	41876	1.28	0	4
ptg016340l_1_region	32832	41876	1.28	0	4
ptg016341l_1	99435	371459	3.74	0	14
ptg016341l_1_region	99435	371459	3.74	0	14
ptg016351l_1	102684	420933	4.10	0	52
ptg016351l_1_region	102684	420933	4.10	0	52
ptg016355l_1	102581	371450	3.62	0	17
ptg016355l_1_region	102581	371450	3.62	0	17
ptg016359l_1	138382	336033	2.43	0	14
ptg016359l_1_region	138382	336033	2.43	0	14
ptg016364l_1	31126	53577	1.72	0	5
ptg016364l_1_region	31126	53577	1.72	0	5
ptg016368l_1	19470	65783	3.38	0	10
ptg016368l_1_region	19470	65783	3.38	0	10
ptg016379l_1	77849	108841	1.40	0	7
ptg016379l_1_region	77849	108841	1.40	0	7
ptg016389l_1	51400	227119	4.42	0	20
ptg016389l_1_region	51400	227119	4.42	0	20
ptg016408l_1	34315	69404	2.02	0	7
ptg016408l_1_region	34315	69404	2.02	0	7
ptg016422l_1	20986	50559	2.41	0	6
ptg016422l_1_region	20986	50559	2.41	0	6
ptg016427l_1	21749	73207	3.37	0	11
ptg016427l_1_region	21749	73207	3.37	0	11
ptg016430l_1	26609	23024	0.87	0	6
ptg016430l_1_region	26609	23024	0.87	0	6
ptg016437l_1	113826	59681	0.52	0	8
ptg016437l_1_region	113826	59681	0.52	0	8
ptg016451l_1	8814	32955	3.74	0	8
ptg016451l_1_region	8814	32955	3.74	0	8
ptg016453l_1	49081	239390	4.88	0	20
ptg016453l_1_region	49081	239390	4.88	0	20
ptg016457l_1	104683	984746	9.41	0	72
ptg016457l_1_region	104683	984746	9.41	0	72
ptg016460l_1	99687	311838	3.13	0	9
ptg016460l_1_region	99687	311838	3.13	0	9
ptg016462l_1	922974	4147286	4.49	0	26
ptg016462l_1_region	922974	4147286	4.49	0	26
ptg016467l_1	20414	20606	1.01	0	3
ptg016467l_1_region	20414	20606	1.01	0	3
ptg016473l_1	69400	190864	2.75	0	19
ptg016473l_1_region	69400	190864	2.75	0	19
ptg016484l_1	61046	127614	2.09	0	9
ptg016484l_1_region	61046	127614	2.09	0	9
ptg016491l_1	33726	190251	5.64	0	24
ptg016491l_1_region	33726	190251	5.64	0	24
ptg016492l_1	85089	127161	1.49	0	14
ptg016492l_1_region	85089	127161	1.49	0	14
ptg016493l_1	37819	63924	1.69	0	9
ptg016493l_1_region	37819	63924	1.69	0	9
ptg016494l_1	11974	47811	3.99	0	8
ptg016494l_1_region	11974	47811	3.99	0	8
ptg016496l_1	43283	17404	0.40	0	4
ptg016496l_1_region	43283	17404	0.40	0	4
ptg016498l_1	20932	78659	3.76	0	16
ptg016498l_1_region	20932	78659	3.76	0	16
ptg016500l_1	17123	51512	3.01	0	7
ptg016500l_1_region	17123	51512	3.01	0	7
ptg016504l_1	32902	8179	0.25	0	2
ptg016504l_1_region	32902	8179	0.25	0	2
ptg016509l_1	15040	69127	4.60	0	13
ptg016509l_1_region	15040	69127	4.60	0	13
ptg016510l_1	53819	214178	3.98	0	13
ptg016510l_1_region	53819	214178	3.98	0	13
ptg016515l_1	48132	201856	4.19	0	18
ptg016515l_1_region	48132	201856	4.19	0	18
ptg016520l_1	14224	20859	1.47	0	3
ptg016520l_1_region	14224	20859	1.47	0	3
ptg016529l_1	58429	241148	4.13	0	14
ptg016529l_1_region	58429	241148	4.13	0	14
ptg016533l_1	51506	202157	3.92	0	9
ptg016533l_1_region	51506	202157	3.92	0	9
ptg016540l_1	23707	19241	0.81	0	6
ptg016540l_1_region	23707	19241	0.81	0	6
ptg016547l_1	18686	93970	5.03	0	23
ptg016547l_1_region	18686	93970	5.03	0	23
ptg016549l_1	76820	315964	4.11	0	13
ptg016549l_1_region	76820	315964	4.11	0	13
ptg016550l_1	19407	65324	3.37	0	6
ptg016550l_1_region	19407	65324	3.37	0	6
ptg016562l_1	60371	203900	3.38	0	9
ptg016562l_1_region	60371	203900	3.38	0	9
ptg016572l_1	19082	59509	3.12	0	6
ptg016572l_1_region	19082	59509	3.12	0	6
ptg016573l_1	169678	734051	4.33	0	14
ptg016573l_1_region	169678	734051	4.33	0	14
ptg016576l_1	16822	56290	3.35	0	7
ptg016576l_1_region	16822	56290	3.35	0	7
ptg016585l_1	48910	187044	3.82	0	12
ptg016585l_1_region	48910	187044	3.82	0	12
ptg016612l_1	39789	83937	2.11	0	47
ptg016612l_1_region	39789	83937	2.11	0	47
ptg016615l_1	41572	26541	0.64	0	4
ptg016615l_1_region	41572	26541	0.64	0	4
ptg016623l_1	71669	598376	8.35	0	37
ptg016623l_1_region	71669	598376	8.35	0	37
ptg016627l_1	573522	1488447	2.60	0	47
ptg016627l_1_region	573522	1488447	2.60	0	47
ptg016653l_1	114561	623659	5.44	0	26
ptg016653l_1_region	114561	623659	5.44	0	26
ptg016656l_1	29636	86273	2.91	0	7
ptg016656l_1_region	29636	86273	2.91	0	7
ptg016657l_1	39642	88986	2.24	0	7
ptg016657l_1_region	39642	88986	2.24	0	7
ptg016682l_1	36008	50117	1.39	0	7
ptg016682l_1_region	36008	50117	1.39	0	7
ptg016692l_1	24982	112046	4.49	0	10
ptg016692l_1_region	24982	112046	4.49	0	10
ptg016697l_1	23995	22948	0.96	0	4
ptg016697l_1_region	23995	22948	0.96	0	4
ptg016702l_1	28860	71455	2.48	0	7
ptg016702l_1_region	28860	71455	2.48	0	7
ptg016704l_1	10321	47216	4.57	0	7
ptg016704l_1_region	10321	47216	4.57	0	7
ptg016709l_1	311200	31012	0.10	0	2
ptg016709l_1_region	311200	31012	0.10	0	2
ptg016711l_1	48726	243380	4.99	0	32
ptg016711l_1_region	48726	243380	4.99	0	32
ptg016715l_1	14307	12661	0.88	0	4
ptg016715l_1_region	14307	12661	0.88	0	4
ptg016716l_1	23809	73813	3.10	0	9
ptg016716l_1_region	23809	73813	3.10	0	9
ptg016719l_1	90095	255907	2.84	0	10
ptg016719l_1_region	90095	255907	2.84	0	10
ptg016720l_1	21895	108666	4.96	0	12
ptg016720l_1_region	21895	108666	4.96	0	12
ptg016728l_1	31533	150951	4.79	0	9
ptg016728l_1_region	31533	150951	4.79	0	9
ptg016729l_1	86923	399779	4.60	0	19
ptg016729l_1_region	86923	399779	4.60	0	19
ptg016733l_1	17889	56878	3.18	0	16
ptg016733l_1_region	17889	56878	3.18	0	16
ptg016734l_1	10349	18008	1.74	0	6
ptg016734l_1_region	10349	18008	1.74	0	6
ptg016735l_1	84812	270297	3.19	0	10
ptg016735l_1_region	84812	270297	3.19	0	10
ptg016739l_1	27889	133049	4.77	0	12
ptg016739l_1_region	27889	133049	4.77	0	12
ptg016744l_1	22494	8890	0.40	0	2
ptg016744l_1_region	22494	8890	0.40	0	2
ptg016746l_1	36745	13365	0.36	0	2
ptg016746l_1_region	36745	13365	0.36	0	2
ptg016747l_1	32666	77265	2.37	0	18
ptg016747l_1_region	32666	77265	2.37	0	18
ptg016749l_1	23720	159507	6.72	1	15
ptg016749l_1_region	23720	159507	6.72	1	15
ptg016750l_1	30872	113685	3.68	0	14
ptg016750l_1_region	30872	113685	3.68	0	14
ptg016752l_1	37605	31112	0.83	0	4
ptg016752l_1_region	37605	31112	0.83	0	4
ptg016753l_1	37793	157875	4.18	0	11
ptg016753l_1_region	37793	157875	4.18	0	11
ptg016755l_1	71672	251095	3.50	0	19
ptg016755l_1_region	71672	251095	3.50	0	19
ptg016756l_1	26989	73106	2.71	0	7
ptg016756l_1_region	26989	73106	2.71	0	7
ptg016757l_1	29818	34570	1.16	0	5
ptg016757l_1_region	29818	34570	1.16	0	5
ptg016758l_1	23060	133822	5.80	1	14
ptg016758l_1_region	23060	133822	5.80	1	14
ptg016759l_1	35710	138081	3.87	0	22
ptg016759l_1_region	35710	138081	3.87	0	22
ptg016760l_1	32656	5191	0.16	0	2
ptg016760l_1_region	32656	5191	0.16	0	2
ptg016761l_1	21517	75440	3.51	0	9
ptg016761l_1_region	21517	75440	3.51	0	9
ptg016762l_1	68866	207161	3.01	0	10
ptg016762l_1_region	68866	207161	3.01	0	10
ptg016763l_1	27813	55982	2.01	0	5
ptg016763l_1_region	27813	55982	2.01	0	5
ptg016765l_1	29571	135557	4.58	0	10
ptg016765l_1_region	29571	135557	4.58	0	10
ptg016767l_1	79222	46906	0.59	0	4
ptg016767l_1_region	79222	46906	0.59	0	4
ptg016768l_1	47737	16089	0.34	0	2
ptg016768l_1_region	47737	16089	0.34	0	2
ptg016769l_1	32759	33344	1.02	0	4
ptg016769l_1_region	32759	33344	1.02	0	4
ptg016770l_1	26235	139708	5.33	0	17
ptg016770l_1_region	26235	139708	5.33	0	17
ptg016771l_1	70282	629085	8.95	0	50
ptg016771l_1_region	70282	629085	8.95	0	50
ptg016775l_1	55314	102154	1.85	0	6
ptg016775l_1_region	55314	102154	1.85	0	6
ptg016787l_1	22182	54403	2.45	0	10
ptg016787l_1_region	22182	54403	2.45	0	10
ptg016789l_1	56492	326386	5.78	0	15
ptg016789l_1_region	56492	326386	5.78	0	15
ptg016790l_1	33258	78787	2.37	0	9
ptg016790l_1_region	33258	78787	2.37	0	9
ptg016791l_1	71407	22966	0.32	0	6
ptg016791l_1_region	71407	22966	0.32	0	6
ptg016792l_1	108077	871611	8.06	0	62
ptg016792l_1_region	108077	871611	8.06	0	62
ptg016793l_1	76128	161622	2.12	0	10
ptg016793l_1_region	76128	161622	2.12	0	10
ptg016794l_1	19075	69610	3.65	0	7
ptg016794l_1_region	19075	69610	3.65	0	7
ptg016797l_1	76332	276885	3.63	0	8
ptg016797l_1_region	76332	276885	3.63	0	8
ptg016798l_1	29352	45159	1.54	0	9
ptg016798l_1_region	29352	45159	1.54	0	9
ptg016799l_1	84174	139425	1.66	0	8
ptg016799l_1_region	84174	139425	1.66	0	8
ptg016830l_1	14523	51816	3.57	0	10
ptg016830l_1_region	14523	51816	3.57	0	10
ptg016839l_1	14384	31467	2.19	0	5
ptg016839l_1_region	14384	31467	2.19	0	5
ptg016842l_1	24100	80842	3.35	0	24
ptg016842l_1_region	24100	80842	3.35	0	24
ptg016846l_1	31808	66578	2.09	0	7
ptg016846l_1_region	31808	66578	2.09	0	7
ptg016849l_1	74913	222413	2.97	0	8
ptg016849l_1_region	74913	222413	2.97	0	8
ptg016850l_1	35490	51630	1.45	0	4
ptg016850l_1_region	35490	51630	1.45	0	4
ptg016853l_1	10239	40968	4.00	0	6
ptg016853l_1_region	10239	40968	4.00	0	6
ptg016854l_1	66169	372904	5.64	0	16
ptg016854l_1_region	66169	372904	5.64	0	16
ptg016857l_1	37208	79804	2.14	0	7
ptg016857l_1_region	37208	79804	2.14	0	7
ptg016869l_1	33424	205291	6.14	0	17
ptg016869l_1_region	33424	205291	6.14	0	17
ptg016871l_1	23351	42113	1.80	0	6
ptg016871l_1_region	23351	42113	1.80	0	6
ptg016881l_1	16021	25791	1.61	0	8
ptg016881l_1_region	16021	25791	1.61	0	8
ptg016892l_1	40462	18524	0.46	0	5
ptg016892l_1_region	40462	18524	0.46	0	5
ptg016909l_1	23038	48699	2.11	0	8
ptg016909l_1_region	23038	48699	2.11	0	8
ptg016910l_1	38317	208256	5.44	0	43
ptg016910l_1_region	38317	208256	5.44	0	43
ptg016911l_1	22748	158638	6.97	0	14
ptg016911l_1_region	22748	158638	6.97	0	14
ptg016917l_1	90817	719269	7.92	0	54
ptg016917l_1_region	90817	719269	7.92	0	54
ptg016919l_1	22047	51737	2.35	0	9
ptg016919l_1_region	22047	51737	2.35	0	9
ptg016933l_1	36044	82887	2.30	0	13
ptg016933l_1_region	36044	82887	2.30	0	13
ptg016944l_1	23820	82739	3.47	0	9
ptg016944l_1_region	23820	82739	3.47	0	9
ptg016950l_1	35743	266567	7.46	0	34
ptg016950l_1_region	35743	266567	7.46	0	34
ptg016960l_1	44786	31872	0.71	0	8
ptg016960l_1_region	44786	31872	0.71	0	8
ptg016966l_1	177559	223720	1.26	0	31
ptg016966l_1_region	177559	223720	1.26	0	31
ptg016968l_1	15022	74142	4.94	0	10
ptg016968l_1_region	15022	74142	4.94	0	10
ptg016971l_1	39517	26175	0.66	0	2
ptg016971l_1_region	39517	26175	0.66	0	2
ptg016974l_1	13983	70156	5.02	0	13
ptg016974l_1_region	13983	70156	5.02	0	13
ptg016979l_1	19992	57640	2.88	0	6
ptg016979l_1_region	19992	57640	2.88	0	6
ptg016980l_1	312098	47620	0.15	0	4
ptg016980l_1_region	312098	47620	0.15	0	4
ptg016982l_1	24696	52506	2.13	0	7
ptg016982l_1_region	24696	52506	2.13	0	7
ptg016986l_1	25508	26896	1.05	0	5
ptg016986l_1_region	25508	26896	1.05	0	5
ptg017001l_1	16610	37636	2.27	0	9
ptg017001l_1_region	16610	37636	2.27	0	9
ptg017005l_1	68016	133158	1.96	0	7
ptg017005l_1_region	68016	133158	1.96	0	7
ptg017006l_1	19693	20314	1.03	0	2
ptg017006l_1_region	19693	20314	1.03	0	2
ptg017011l_1	18468	85251	4.62	0	12
ptg017011l_1_region	18468	85251	4.62	0	12
ptg017015l_1	67632	167953	2.48	0	15
ptg017015l_1_region	67632	167953	2.48	0	15
ptg017016l_1	82032	265372	3.23	0	18
ptg017016l_1_region	82032	265372	3.23	0	18
ptg017019l_1	27559	149406	5.42	0	33
ptg017019l_1_region	27559	149406	5.42	0	33
ptg017020c_1	12886	11275	0.87	0	2
ptg017020c_1_region	12886	11275	0.87	0	2
ptg017021l_1	32251	132466	4.11	0	13
ptg017021l_1_region	32251	132466	4.11	0	13
ptg017023l_1	122757	141554	1.15	0	10
ptg017023l_1_region	122757	141554	1.15	0	10
ptg017026l_1	40800	113942	2.79	0	11
ptg017026l_1_region	40800	113942	2.79	0	11
ptg017030l_1	29714	207038	6.97	0	20
ptg017030l_1_region	29714	207038	6.97	0	20
ptg017032l_1	112656	249461	2.21	0	19
ptg017032l_1_region	112656	249461	2.21	0	19
ptg017035l_1	12597	8543	0.68	0	2
ptg017035l_1_region	12597	8543	0.68	0	2
ptg017036l_1	31278	153684	4.91	0	13
ptg017036l_1_region	31278	153684	4.91	0	13
ptg017038l_1	25732	4927	0.19	0	1
ptg017038l_1_region	25732	4927	0.19	0	1
ptg017039l_1	40933	187250	4.57	0	19
ptg017039l_1_region	40933	187250	4.57	0	19
ptg017042l_1	66142	113464	1.72	0	9
ptg017042l_1_region	66142	113464	1.72	0	9
ptg017057l_1	23601	31591	1.34	0	5
ptg017057l_1_region	23601	31591	1.34	0	5
ptg017059l_1	79793	270577	3.39	0	10
ptg017059l_1_region	79793	270577	3.39	0	10
ptg017066l_1	54179	337718	6.23	0	20
ptg017066l_1_region	54179	337718	6.23	0	20
ptg017071l_1	36480	51646	1.42	0	5
ptg017071l_1_region	36480	51646	1.42	0	5
ptg017076l_1	49402	117779	2.38	0	7
ptg017076l_1_region	49402	117779	2.38	0	7
ptg017091l_1	40149	254360	6.34	0	14
ptg017091l_1_region	40149	254360	6.34	0	14
ptg017095l_1	28892	140097	4.85	0	13
ptg017095l_1_region	28892	140097	4.85	0	13
ptg017102l_1	26258	93805	3.57	0	16
ptg017102l_1_region	26258	93805	3.57	0	16
ptg017103l_1	59049	140694	2.38	0	8
ptg017103l_1_region	59049	140694	2.38	0	8
ptg017117l_1	13097	4602335	351.40	1	742
ptg017117l_1_region	13097	4602335	351.40	1	742
ptg017118l_1	11233	19764	1.76	0	4
ptg017118l_1_region	11233	19764	1.76	0	4
ptg017121l_1	26472	74331	2.81	0	7
ptg017121l_1_region	26472	74331	2.81	0	7
ptg017149l_1	10552	31124	2.95	0	6
ptg017149l_1_region	10552	31124	2.95	0	6
ptg017155l_1	27745	229888	8.29	0	16
ptg017155l_1_region	27745	229888	8.29	0	16
ptg017166l_1	95346	73169	0.77	0	6
ptg017166l_1_region	95346	73169	0.77	0	6
ptg017169l_1	39566	55053	1.39	0	6
ptg017169l_1_region	39566	55053	1.39	0	6
ptg017179l_1	6452	2142	0.33	0	1
ptg017179l_1_region	6452	2142	0.33	0	1
ptg017180l_1	20212	68860	3.41	0	14
ptg017180l_1_region	20212	68860	3.41	0	14
ptg017184l_1	34630	131525	3.80	0	10
ptg017184l_1_region	34630	131525	3.80	0	10
ptg017189l_1	22947	151501	6.60	0	17
ptg017189l_1_region	22947	151501	6.60	0	17
ptg017195l_1	19180	48353	2.52	0	5
ptg017195l_1_region	19180	48353	2.52	0	5
ptg017201l_1	38415	63426	1.65	0	5
ptg017201l_1_region	38415	63426	1.65	0	5
ptg017205l_1	18416	21215	1.15	0	2
ptg017205l_1_region	18416	21215	1.15	0	2
ptg017206l_1	37970	79773	2.10	0	7
ptg017206l_1_region	37970	79773	2.10	0	7
ptg017207l_1	24828	99449	4.01	0	12
ptg017207l_1_region	24828	99449	4.01	0	12
ptg017209l_1	59742	74450	1.25	0	7
ptg017209l_1_region	59742	74450	1.25	0	7
ptg017214l_1	32731	217489	6.64	0	26
ptg017214l_1_region	32731	217489	6.64	0	26
ptg017217l_1	44042	60599	1.38	0	6
ptg017217l_1_region	44042	60599	1.38	0	6
ptg017218l_1	81461	576938	7.08	0	29
ptg017218l_1_region	81461	576938	7.08	0	29
ptg017219l_1	49499	53535	1.08	0	8
ptg017219l_1_region	49499	53535	1.08	0	8
ptg017221l_1	56877	99022	1.74	0	6
ptg017221l_1_region	56877	99022	1.74	0	6
ptg017223l_1	39563	171688	4.34	0	9
ptg017223l_1_region	39563	171688	4.34	0	9
ptg017229l_1	50947	69676	1.37	0	6
ptg017229l_1_region	50947	69676	1.37	0	6
ptg017231l_1	12518	33048	2.64	0	5
ptg017231l_1_region	12518	33048	2.64	0	5
ptg017234l_1	13936	42470	3.05	0	7
ptg017234l_1_region	13936	42470	3.05	0	7
ptg017236l_1	13326	56033	4.20	0	75
ptg017236l_1_region	13326	56033	4.20	0	75
ptg017240l_1	31745	119874	3.78	0	9
ptg017240l_1_region	31745	119874	3.78	0	9
ptg017259l_1	16567	48840	2.95	0	6
ptg017259l_1_region	16567	48840	2.95	0	6
ptg017265l_1	19827	198121	9.99	0	23
ptg017265l_1_region	19827	198121	9.99	0	23
ptg017269l_1	41680	140817	3.38	0	7
ptg017269l_1_region	41680	140817	3.38	0	7
ptg017271l_1	18085	14987	0.83	0	4
ptg017271l_1_region	18085	14987	0.83	0	4
ptg017274l_1	30335	117913	3.89	0	8
ptg017274l_1_region	30335	117913	3.89	0	8
ptg017281l_1	29399	57863	1.97	0	5
ptg017281l_1_region	29399	57863	1.97	0	5
ptg017284l_1	9763	15043	1.54	0	4
ptg017284l_1_region	9763	15043	1.54	0	4
ptg017285l_1	13233	32344	2.44	0	6
ptg017285l_1_region	13233	32344	2.44	0	6
ptg017286l_1	57407	159165	2.77	0	10
ptg017286l_1_region	57407	159165	2.77	0	10
ptg017295l_1	26607	28612	1.08	0	6
ptg017295l_1_region	26607	28612	1.08	0	6
ptg017296l_1	15634	72089	4.61	0	22
ptg017296l_1_region	15634	72089	4.61	0	22
ptg017297l_1	16300	32348	1.98	0	6
ptg017297l_1_region	16300	32348	1.98	0	6
ptg017299l_1	22835	197563	8.65	0	27
ptg017299l_1_region	22835	197563	8.65	0	27
ptg017302l_1	37692	144563	3.84	0	15
ptg017302l_1_region	37692	144563	3.84	0	15
ptg017303l_1	17359	21555	1.24	0	3
ptg017303l_1_region	17359	21555	1.24	0	3
ptg017304l_1	37666	30203	0.80	0	6
ptg017304l_1_region	37666	30203	0.80	0	6
ptg017313l_1	6960	31397	4.51	0	15
ptg017313l_1_region	6960	31397	4.51	0	15
ptg017324l_1	65911	228026	3.46	0	15
ptg017324l_1_region	65911	228026	3.46	0	15
ptg017325l_1	225551	882135	3.91	0	16
ptg017325l_1_region	225551	882135	3.91	0	16
ptg017327l_1	29957	48656	1.62	0	4
ptg017327l_1_region	29957	48656	1.62	0	4
ptg017330l_1	37299	744206	19.95	0	58
ptg017330l_1_region	37299	744206	19.95	0	58
ptg017332l_1	27524	53323	1.94	0	7
ptg017332l_1_region	27524	53323	1.94	0	7
ptg017338l_1	48691	115563	2.37	0	7
ptg017338l_1_region	48691	115563	2.37	0	7
ptg017341l_1	28568	179294	6.28	0	26
ptg017341l_1_region	28568	179294	6.28	0	26
ptg017343l_1	16660	18308	1.10	0	2
ptg017343l_1_region	16660	18308	1.10	0	2
ptg017344l_1	20222	27996	1.38	0	3
ptg017344l_1_region	20222	27996	1.38	0	3
ptg017346l_1	69356	244206	3.52	0	12
ptg017346l_1_region	69356	244206	3.52	0	12
ptg017348l_1	24487	79894	3.26	0	9
ptg017348l_1_region	24487	79894	3.26	0	9
ptg017351l_1	35752	42629	1.19	0	4
ptg017351l_1_region	35752	42629	1.19	0	4
ptg017365l_1	31764	41705	1.31	0	6
ptg017365l_1_region	31764	41705	1.31	0	6
ptg017379l_1	16667	76034	4.56	0	9
ptg017379l_1_region	16667	76034	4.56	0	9
ptg017382l_1	18623	37476	2.01	0	5
ptg017382l_1_region	18623	37476	2.01	0	5
ptg017386l_1	24046	95658	3.98	0	8
ptg017386l_1_region	24046	95658	3.98	0	8
ptg017392l_1	55750	199587	3.58	0	9
ptg017392l_1_region	55750	199587	3.58	0	9
ptg017398l_1	59062	5074	0.09	0	3
ptg017398l_1_region	59062	5074	0.09	0	3
ptg017408l_1	7059	6715	0.95	0	3
ptg017408l_1_region	7059	6715	0.95	0	3
ptg017410l_1	34650	124201	3.58	0	11
ptg017410l_1_region	34650	124201	3.58	0	11
ptg017415l_1	11726	7821	0.67	0	2
ptg017415l_1_region	11726	7821	0.67	0	2
ptg017423l_1	17073	68472	4.01	0	9
ptg017423l_1_region	17073	68472	4.01	0	9
ptg017431l_1	50361	172126	3.42	0	10
ptg017431l_1_region	50361	172126	3.42	0	10
ptg017434l_1	27746	79533	2.87	0	10
ptg017434l_1_region	27746	79533	2.87	0	10
ptg017437l_1	24911	60757	2.44	0	7
ptg017437l_1_region	24911	60757	2.44	0	7
ptg017443l_1	23152	173823	7.51	0	16
ptg017443l_1_region	23152	173823	7.51	0	16
ptg017447l_1	98373	1307220	13.29	0	114
ptg017447l_1_region	98373	1307220	13.29	0	114
ptg017448l_1	50769	84424	1.66	0	6
ptg017448l_1_region	50769	84424	1.66	0	6
ptg017449l_1	27010	88099	3.26	0	8
ptg017449l_1_region	27010	88099	3.26	0	8
ptg017450l_1	40934	237676	5.81	0	29
ptg017450l_1_region	40934	237676	5.81	0	29
ptg017454l_1	45645	92964	2.04	0	6
ptg017454l_1_region	45645	92964	2.04	0	6
ptg017488l_1	58083	1786	0.03	0	2
ptg017488l_1_region	58083	1786	0.03	0	2
ptg017498l_1	38654	52066	1.35	0	5
ptg017498l_1_region	38654	52066	1.35	0	5
ptg017520l_1	409113	3037612	7.42	0	195
ptg017520l_1_region	409113	3037612	7.42	0	195
ptg017552l_1	24458	118231	4.83	0	10
ptg017552l_1_region	24458	118231	4.83	0	10
ptg017553l_1	18987	68076	3.59	0	25
ptg017553l_1_region	18987	68076	3.59	0	25
ptg017564l_1	47544	117927	2.48	0	9
ptg017564l_1_region	47544	117927	2.48	0	9
ptg017582l_1	40029	181308	4.53	0	23
ptg017582l_1_region	40029	181308	4.53	0	23
ptg017583l_1	15496	98290	6.34	0	10
ptg017583l_1_region	15496	98290	6.34	0	10
ptg017595l_1	18437	83426	4.52	0	7
ptg017595l_1_region	18437	83426	4.52	0	7
ptg017604l_1	352575	384663	1.09	0	28
ptg017604l_1_region	352575	384663	1.09	0	28
ptg017606l_1	32590	152122	4.67	0	12
ptg017606l_1_region	32590	152122	4.67	0	12
ptg017614l_1	29178	81026	2.78	0	16
ptg017614l_1_region	29178	81026	2.78	0	16
ptg017617l_1	87577	993889	11.35	0	96
ptg017617l_1_region	87577	993889	11.35	0	96
ptg017629l_1	401323	1255021	3.13	0	21
ptg017629l_1_region	401323	1255021	3.13	0	21
ptg017638l_1	21678	108216	4.99	0	18
ptg017638l_1_region	21678	108216	4.99	0	18
ptg017650l_1	34680	138702	4.00	0	12
ptg017650l_1_region	34680	138702	4.00	0	12
ptg017660l_1	66246	472817	7.14	0	19
ptg017660l_1_region	66246	472817	7.14	0	19
ptg017669l_1	286913	1079053	3.76	0	19
ptg017669l_1_region	286913	1079053	3.76	0	19
ptg017670l_1	117909	146371	1.24	0	14
ptg017670l_1_region	117909	146371	1.24	0	14
ptg017681l_1	84139	333935	3.97	0	12
ptg017681l_1_region	84139	333935	3.97	0	12
ptg017723l_1	738916	3354478	4.54	0	41
ptg017723l_1_region	738916	3354478	4.54	0	41
ptg017741l_1	40788	235372	5.77	0	18
ptg017741l_1_region	40788	235372	5.77	0	18
ptg017746l_1	18886	214017	11.33	0	44
ptg017746l_1_region	18886	214017	11.33	0	44
ptg017747c_1	53925	424941	7.88	0	38
ptg017747c_1_region	53925	424941	7.88	0	38
ptg017768l_1	40784	133971	3.28	0	9
ptg017768l_1_region	40784	133971	3.28	0	9
ptg017770l_1	165391	403113	2.44	0	10
ptg017770l_1_region	165391	403113	2.44	0	10
ptg017783l_1	13278	27774	2.09	0	5
ptg017783l_1_region	13278	27774	2.09	0	5
ptg017789l_1	23857	84097	3.53	0	10
ptg017789l_1_region	23857	84097	3.53	0	10
ptg017804l_1	110895	307875	2.78	0	15
ptg017804l_1_region	110895	307875	2.78	0	15
ptg017806l_1	418078	4426690	10.59	0	147
ptg017806l_1_region	418078	4426690	10.59	0	147
ptg017845l_1	15541	70055	4.51	0	14
ptg017845l_1_region	15541	70055	4.51	0	14
ptg017857l_1	41585	92859	2.23	0	10
ptg017857l_1_region	41585	92859	2.23	0	10
ptg017858l_1	26402	596	0.02	0	1
ptg017858l_1_region	26402	596	0.02	0	1
ptg017864l_1	103746	343390	3.31	0	18
ptg017864l_1_region	103746	343390	3.31	0	18
ptg017867l_1	210600	1165390	5.53	0	29
ptg017867l_1_region	210600	1165390	5.53	0	29
ptg017874l_1	28479	112070	3.94	0	36
ptg017874l_1_region	28479	112070	3.94	0	36
ptg017876l_1	48408	113467	2.34	0	9
ptg017876l_1_region	48408	113467	2.34	0	9
ptg017881l_1	499837	12242574	24.49	0	693
ptg017881l_1_region	499837	12242574	24.49	0	693
ptg017891l_1	28561	138134	4.84	0	12
ptg017891l_1_region	28561	138134	4.84	0	12
ptg017893l_1	112229	592930	5.28	0	60
ptg017893l_1_region	112229	592930	5.28	0	60
ptg017912l_1	89452	291069	3.25	0	12
ptg017912l_1_region	89452	291069	3.25	0	12
ptg017914l_1	149754	230103	1.54	0	13
ptg017914l_1_region	149754	230103	1.54	0	13
ptg017944l_1	51905	347134	6.69	0	56
ptg017944l_1_region	51905	347134	6.69	0	56
ptg017958l_1	150591	553942	3.68	0	31
ptg017958l_1_region	150591	553942	3.68	0	31
ptg017966l_1	18037	53900	2.99	0	6
ptg017966l_1_region	18037	53900	2.99	0	6
ptg017970l_1	26065	544081	20.87	0	103
ptg017970l_1_region	26065	544081	20.87	0	103
ptg017979l_1	508306	160348	0.32	0	35
ptg017979l_1_region	508306	160348	0.32	0	35
ptg017992l_1	251900	339963	1.35	0	15
ptg017992l_1_region	251900	339963	1.35	0	15
ptg018010l_1	86469	355592	4.11	0	13
ptg018010l_1_region	86469	355592	4.11	0	13
ptg018034l_1	226342	642269	2.84	0	20
ptg018034l_1_region	226342	642269	2.84	0	20
ptg018037l_1	307679	2030324	6.60	0	40
ptg018037l_1_region	307679	2030324	6.60	0	40
ptg018073l_1	57154	171885	3.01	0	8
ptg018073l_1_region	57154	171885	3.01	0	8
ptg018105l_1	47031	342089	7.27	0	19
ptg018105l_1_region	47031	342089	7.27	0	19
ptg018106l_1	63041	18070	0.29	0	5
ptg018106l_1_region	63041	18070	0.29	0	5
ptg018108l_1	45875	157037	3.42	0	13
ptg018108l_1_region	45875	157037	3.42	0	13
ptg018121l_1	34603	823	0.02	0	2
ptg018121l_1_region	34603	823	0.02	0	2
ptg018147l_1	155760	490307	3.15	0	21
ptg018147l_1_region	155760	490307	3.15	0	21
ptg018160l_1	78346	221184	2.82	0	9
ptg018160l_1_region	78346	221184	2.82	0	9
ptg018184l_1	87608	474768	5.42	0	25
ptg018184l_1_region	87608	474768	5.42	0	25
ptg018203l_1	2158817	10579861	4.90	0	21
ptg018203l_1_region	2158817	10579861	4.90	0	21
ptg018213l_1	15835	49968	3.16	0	6
ptg018213l_1_region	15835	49968	3.16	0	6
ptg018215l_1	67060	470208	7.01	0	23
ptg018215l_1_region	67060	470208	7.01	0	23
ptg018218l_1	37019	109538	2.96	0	17
ptg018218l_1_region	37019	109538	2.96	0	17
ptg018232l_1	26376	84693	3.21	0	18
ptg018232l_1_region	26376	84693	3.21	0	18
ptg018277l_1	22967	16146	0.70	0	4
ptg018277l_1_region	22967	16146	0.70	0	4
ptg018290l_1	18247	99277	5.44	0	11
ptg018290l_1_region	18247	99277	5.44	0	11
ptg018294l_1	27798	107645	3.87	0	11
ptg018294l_1_region	27798	107645	3.87	0	11
ptg018296l_1	26293	13470	0.51	0	7
ptg018296l_1_region	26293	13470	0.51	0	7
ptg018311l_1	24333	151515	6.23	0	13
ptg018311l_1_region	24333	151515	6.23	0	13
ptg018314l_1	140686	272777	1.94	0	17
ptg018314l_1_region	140686	272777	1.94	0	17
ptg018333l_1	24095	2013	0.08	0	1
ptg018333l_1_region	24095	2013	0.08	0	1
ptg018349l_1	28903	10038	0.35	0	4
ptg018349l_1_region	28903	10038	0.35	0	4
ptg018353l_1	30606	38384	1.25	0	4
ptg018353l_1_region	30606	38384	1.25	0	4
ptg018357l_1	16662	33471	2.01	0	37
ptg018357l_1_region	16662	33471	2.01	0	37
ptg018360l_1	163863	289244	1.77	0	19
ptg018360l_1_region	163863	289244	1.77	0	19
ptg018380l_1	602480	2530675	4.20	0	16
ptg018380l_1_region	602480	2530675	4.20	0	16
ptg018401l_1	27625	82148	2.97	0	5
ptg018401l_1_region	27625	82148	2.97	0	5
ptg018405l_1	44463	82951	1.87	0	7
ptg018405l_1_region	44463	82951	1.87	0	7
ptg018415l_1	45127	119215	2.64	0	49
ptg018415l_1_region	45127	119215	2.64	0	49
ptg018426l_1	27680	100018	3.61	0	13
ptg018426l_1_region	27680	100018	3.61	0	13
ptg018449l_1	22387	73058	3.26	0	12
ptg018449l_1_region	22387	73058	3.26	0	12
ptg018459l_1	44669	4370	0.10	0	3
ptg018459l_1_region	44669	4370	0.10	0	3
ptg018475l_1	90279	326272	3.61	0	29
ptg018475l_1_region	90279	326272	3.61	0	29
ptg018490l_1	19666	26733	1.36	0	4
ptg018490l_1_region	19666	26733	1.36	0	4
ptg018493l_1	35804	108299	3.02	0	7
ptg018493l_1_region	35804	108299	3.02	0	7
ptg018494l_1	60577	237726	3.92	0	15
ptg018494l_1_region	60577	237726	3.92	0	15
ptg018515l_1	20126	26486	1.32	0	4
ptg018515l_1_region	20126	26486	1.32	0	4
ptg018536l_1	64549	81094	1.26	0	14
ptg018536l_1_region	64549	81094	1.26	0	14
ptg018540l_1	190981	714322	3.74	0	85
ptg018540l_1_region	190981	714322	3.74	0	85
ptg018548l_1	42825	125564	2.93	0	11
ptg018548l_1_region	42825	125564	2.93	0	11
ptg018581l_1	11484	4410	0.38	0	2
ptg018581l_1_region	11484	4410	0.38	0	2
ptg018595l_1	213378	1030517	4.83	0	16
ptg018595l_1_region	213378	1030517	4.83	0	16
ptg018606l_1	64550	240262	3.72	0	9
ptg018606l_1_region	64550	240262	3.72	0	9
ptg018611l_1	52005	431142	8.29	0	36
ptg018611l_1_region	52005	431142	8.29	0	36
ptg018630l_1	39630	85423	2.16	0	11
ptg018630l_1_region	39630	85423	2.16	0	11
ptg018637l_1	15895	38807	2.44	0	10
ptg018637l_1_region	15895	38807	2.44	0	10
ptg018654l_1	56047	50745	0.91	0	6
ptg018654l_1_region	56047	50745	0.91	0	6
ptg018665l_1	24779	111150	4.49	0	11
ptg018665l_1_region	24779	111150	4.49	0	11
ptg018690l_1	16183	92759	5.73	0	13
ptg018690l_1_region	16183	92759	5.73	0	13
ptg018705l_1	25303	45172	1.79	0	4
ptg018705l_1_region	25303	45172	1.79	0	4
ptg018711l_1	19993	51028	2.55	0	8
ptg018711l_1_region	19993	51028	2.55	0	8
ptg018729l_1	29416	188526	6.41	0	16
ptg018729l_1_region	29416	188526	6.41	0	16
ptg018731l_1	30493	141265	4.63	0	8
ptg018731l_1_region	30493	141265	4.63	0	8
ptg018754l_1	267293	1049375	3.93	0	26
ptg018754l_1_region	267293	1049375	3.93	0	26
ptg018757l_1	30255	20497	0.68	0	4
ptg018757l_1_region	30255	20497	0.68	0	4
ptg018792l_1	453607	2125449	4.69	0	22
ptg018792l_1_region	453607	2125449	4.69	0	22
ptg018799l_1	29306	10760	0.37	0	2
ptg018799l_1_region	29306	10760	0.37	0	2
ptg018801l_1	18973	74987	3.95	0	9
ptg018801l_1_region	18973	74987	3.95	0	9
ptg018818l_1	33608	81325	2.42	0	10
ptg018818l_1_region	33608	81325	2.42	0	10
ptg018819l_1	10250	23043	2.25	0	7
ptg018819l_1_region	10250	23043	2.25	0	7
ptg018822l_1	12037	35554	2.95	0	7
ptg018822l_1_region	12037	35554	2.95	0	7
ptg018825l_1	22734	64287	2.83	0	8
ptg018825l_1_region	22734	64287	2.83	0	8
ptg018841l_1	40685	86773	2.13	0	7
ptg018841l_1_region	40685	86773	2.13	0	7
ptg018842l_1	18339	7806	0.43	0	10
ptg018842l_1_region	18339	7806	0.43	0	10
ptg018848l_1	47266	85219	1.80	0	9
ptg018848l_1_region	47266	85219	1.80	0	9
ptg018853l_1	54130	31939	0.59	0	9
ptg018853l_1_region	54130	31939	0.59	0	9
ptg018880l_1	70151	1833763	26.14	0	363
ptg018880l_1_region	70151	1833763	26.14	0	363
ptg018892l_1	35073	169307	4.83	0	40
ptg018892l_1_region	35073	169307	4.83	0	40
ptg018905l_1	184187	818893	4.45	0	56
ptg018905l_1_region	184187	818893	4.45	0	56
ptg018910l_1	23145	17358	0.75	0	3
ptg018910l_1_region	23145	17358	0.75	0	3
ptg018913l_1	20279	59184	2.92	0	7
ptg018913l_1_region	20279	59184	2.92	0	7
ptg018921l_1	49761	168771	3.39	0	19
ptg018921l_1_region	49761	168771	3.39	0	19
ptg018929l_1	123319	753145	6.11	0	28
ptg018929l_1_region	123319	753145	6.11	0	28
ptg018974l_1	27019	94875	3.51	0	12
ptg018974l_1_region	27019	94875	3.51	0	12
ptg018989l_1	21989	55188	2.51	0	11
ptg018989l_1_region	21989	55188	2.51	0	11
ptg018999l_1	66332	281720	4.25	0	15
ptg018999l_1_region	66332	281720	4.25	0	15
ptg019003l_1	92005	26977	0.29	0	7
ptg019003l_1_region	92005	26977	0.29	0	7
ptg019011l_1	302421	1097131	3.63	0	13
ptg019011l_1_region	302421	1097131	3.63	0	13
ptg019024l_1	125266	371201	2.96	0	15
ptg019024l_1_region	125266	371201	2.96	0	15
ptg019048l_1	53093	24459	0.46	0	4
ptg019048l_1_region	53093	24459	0.46	0	4
ptg019063l_1	18726	15859	0.85	0	4
ptg019063l_1_region	18726	15859	0.85	0	4
ptg019090l_1	10531	19884	1.89	0	12
ptg019090l_1_region	10531	19884	1.89	0	12
ptg019092l_1	28560	145028	5.08	0	12
ptg019092l_1_region	28560	145028	5.08	0	12
ptg019098l_1	42377	134815	3.18	0	9
ptg019098l_1_region	42377	134815	3.18	0	9
ptg019100l_1	91225	757914	8.31	0	37
ptg019100l_1_region	91225	757914	8.31	0	37
ptg019116l_1	12408	18925	1.53	0	9
ptg019116l_1_region	12408	18925	1.53	0	9
ptg019118l_1	17421	21938	1.26	0	4
ptg019118l_1_region	17421	21938	1.26	0	4
ptg019126l_1	28480	189398	6.65	0	21
ptg019126l_1_region	28480	189398	6.65	0	21
ptg019129l_1	11252	11802	1.05	0	6
ptg019129l_1_region	11252	11802	1.05	0	6
ptg019135l_1	18087	12054	0.67	0	5
ptg019135l_1_region	18087	12054	0.67	0	5
ptg019152l_1	17912	15278	0.85	0	5
ptg019152l_1_region	17912	15278	0.85	0	5
ptg019164l_1	68587	149789	2.18	0	10
ptg019164l_1_region	68587	149789	2.18	0	10
ptg019168l_1	30529	19036	0.62	0	5
ptg019168l_1_region	30529	19036	0.62	0	5
ptg019171l_1	44028	113870	2.59	0	8
ptg019171l_1_region	44028	113870	2.59	0	8
ptg019177l_1	36435	172576	4.74	0	11
ptg019177l_1_region	36435	172576	4.74	0	11
ptg019179l_1	16784	35215	2.10	0	16
ptg019179l_1_region	16784	35215	2.10	0	16
ptg019186l_1	44098	267856	6.07	0	32
ptg019186l_1_region	44098	267856	6.07	0	32
ptg019200l_1	29417	89722	3.05	0	10
ptg019200l_1_region	29417	89722	3.05	0	10
ptg019219l_1	22930	26548	1.16	0	10
ptg019219l_1_region	22930	26548	1.16	0	10
ptg019234l_1	20285	82514	4.07	0	13
ptg019234l_1_region	20285	82514	4.07	0	13
ptg019246l_1	67533	169656	2.51	0	8
ptg019246l_1_region	67533	169656	2.51	0	8
ptg019254l_1	76586	469174	6.13	0	28
ptg019254l_1_region	76586	469174	6.13	0	28
ptg019262l_1	15030	14637	0.97	0	4
ptg019262l_1_region	15030	14637	0.97	0	4
ptg019265l_1	62709	238799	3.81	0	13
ptg019265l_1_region	62709	238799	3.81	0	13
ptg019276l_1	144282	562309	3.90	0	37
ptg019276l_1_region	144282	562309	3.90	0	37
ptg019280l_1	126826	21799	0.17	0	3
ptg019280l_1_region	126826	21799	0.17	0	3
ptg019281l_1	39198	92549	2.36	0	15
ptg019281l_1_region	39198	92549	2.36	0	15
ptg019284l_1	73112	163345	2.23	0	13
ptg019284l_1_region	73112	163345	2.23	0	13
ptg019311l_1	28989	139214	4.80	0	16
ptg019311l_1_region	28989	139214	4.80	0	16
ptg019317l_1	25513	27505	1.08	0	4
ptg019317l_1_region	25513	27505	1.08	0	4
ptg019347l_1	33861	60005	1.77	0	9
ptg019347l_1_region	33861	60005	1.77	0	9
ptg019355l_1	14191	66452	4.68	1	10
ptg019355l_1_region	14191	66452	4.68	1	10
ptg019378l_1	145704	517208	3.55	0	17
ptg019378l_1_region	145704	517208	3.55	0	17
ptg019379l_1	44396	209855	4.73	0	26
ptg019379l_1_region	44396	209855	4.73	0	26
ptg019399l_1	20522	164977	8.04	0	18
ptg019399l_1_region	20522	164977	8.04	0	18
ptg019405l_1	34849	259861	7.46	0	16
ptg019405l_1_region	34849	259861	7.46	0	16
ptg019428l_1	8077	34168	4.23	0	8
ptg019428l_1_region	8077	34168	4.23	0	8
ptg019441l_1	28104	115091	4.10	0	10
ptg019441l_1_region	28104	115091	4.10	0	10
ptg019449l_1	28192	82024	2.91	0	10
ptg019449l_1_region	28192	82024	2.91	0	10
ptg019459l_1	102486	336693	3.29	0	10
ptg019459l_1_region	102486	336693	3.29	0	10
ptg019489l_1	25553	60466	2.37	0	10
ptg019489l_1_region	25553	60466	2.37	0	10
ptg019504l_1	15136	134449	8.88	0	31
ptg019504l_1_region	15136	134449	8.88	0	31
ptg019557l_1	31245	113165	3.62	0	8
ptg019557l_1_region	31245	113165	3.62	0	8
ptg019585l_1	17713	56791	3.21	0	8
ptg019585l_1_region	17713	56791	3.21	0	8
ptg019586l_1	60194	229782	3.82	0	13
ptg019586l_1_region	60194	229782	3.82	0	13
ptg019588l_1	52512	97150	1.85	0	5
ptg019588l_1_region	52512	97150	1.85	0	5
ptg019589l_1	45675	341211	7.47	0	14
ptg019589l_1_region	45675	341211	7.47	0	14
ptg019591l_1	26717	137156	5.13	0	14
ptg019591l_1_region	26717	137156	5.13	0	14
ptg019595l_1	23721	19965	0.84	0	5
ptg019595l_1_region	23721	19965	0.84	0	5
ptg019596l_1	25068	116779	4.66	0	13
ptg019596l_1_region	25068	116779	4.66	0	13
ptg019597l_1	32179	160465	4.99	0	17
ptg019597l_1_region	32179	160465	4.99	0	17
ptg019599l_1	87082	47987	0.55	0	8
ptg019599l_1_region	87082	47987	0.55	0	8
ptg019600l_1	58059	2373639	40.88	0	131
ptg019600l_1_region	58059	2373639	40.88	0	131
ptg019603l_1	28548	286174	10.02	0	21
ptg019603l_1_region	28548	286174	10.02	0	21
ptg019605l_1	32323	63447	1.96	0	5
ptg019605l_1_region	32323	63447	1.96	0	5
ptg019612l_1	40383	697102	17.26	0	71
ptg019612l_1_region	40383	697102	17.26	0	71
ptg019635l_1	287030	4848914	16.89	0	81
ptg019635l_1_region	287030	4848914	16.89	0	81
ptg019644l_1	209170	23583	0.11	0	2
ptg019644l_1_region	209170	23583	0.11	0	2
ptg019664l_1	44786	640066	14.29	1	37
ptg019664l_1_region	44786	640066	14.29	1	37
ptg019675l_1	16790	30274	1.80	0	3
ptg019675l_1_region	16790	30274	1.80	0	3
ptg019676l_1	46767	137668	2.94	0	12
ptg019676l_1_region	46767	137668	2.94	0	12
ptg019679l_1	16210	6878	0.42	0	1
ptg019679l_1_region	16210	6878	0.42	0	1
ptg019681l_1	22189	58330	2.63	0	6
ptg019681l_1_region	22189	58330	2.63	0	6
ptg019682l_1	34515	113449	3.29	0	11
ptg019682l_1_region	34515	113449	3.29	0	11
ptg019683l_1	46317	252483	5.45	0	19
ptg019683l_1_region	46317	252483	5.45	0	19
ptg019687l_1	8062	5860	0.73	0	1
ptg019687l_1_region	8062	5860	0.73	0	1
ptg019709l_1	67484	192847	2.86	0	9
ptg019709l_1_region	67484	192847	2.86	0	9
ptg019721l_1	49404	415184	8.40	0	28
ptg019721l_1_region	49404	415184	8.40	0	28
ptg019725l_1	38216	136073	3.56	0	13
ptg019725l_1_region	38216	136073	3.56	0	13
ptg019746l_1	31289	347708	11.11	0	36
ptg019746l_1_region	31289	347708	11.11	0	36
ptg019757l_1	9953	80039	8.04	4	13
ptg019757l_1_region	9953	80039	8.04	4	13
ptg019767l_1	27433	84473	3.08	0	21
ptg019767l_1_region	27433	84473	3.08	0	21
ptg019773l_1	19706	47523	2.41	0	6
ptg019773l_1_region	19706	47523	2.41	0	6
ptg019783l_1	43003	33233	0.77	0	5
ptg019783l_1_region	43003	33233	0.77	0	5
ptg019786l_1	18049	98271	5.44	0	15
ptg019786l_1_region	18049	98271	5.44	0	15
ptg019789l_1	22259	67473	3.03	0	12
ptg019789l_1_region	22259	67473	3.03	0	12
ptg019793l_1	51110	1514174	29.63	3	107
ptg019793l_1_region	51110	1514174	29.63	3	107
ptg019800l_1	29390	91706	3.12	0	10
ptg019800l_1_region	29390	91706	3.12	0	10
ptg019825l_1	18875	9322	0.49	0	2
ptg019825l_1_region	18875	9322	0.49	0	2
ptg019829l_1	18556	79276	4.27	0	8
ptg019829l_1_region	18556	79276	4.27	0	8
ptg019851l_1	28332	99627	3.52	0	111
ptg019851l_1_region	28332	99627	3.52	0	111
ptg019880l_1	36552	134976	3.69	0	12
ptg019880l_1_region	36552	134976	3.69	0	12
ptg019939l_1	32281	88118	2.73	0	10
ptg019939l_1_region	32281	88118	2.73	0	10
ptg019941l_1	80866	391806	4.85	0	38
ptg019941l_1_region	80866	391806	4.85	0	38
ptg019965l_1	24829	32881	1.32	0	9
ptg019965l_1_region	24829	32881	1.32	0	9
ptg019973l_1	101392	573010	5.65	0	22
ptg019973l_1_region	101392	573010	5.65	0	22
ptg019983l_1	887361	3448702	3.89	0	20
ptg019983l_1_region	887361	3448702	3.89	0	20
ptg019986l_1	85155	218815	2.57	0	24
ptg019986l_1_region	85155	218815	2.57	0	24
ptg020002l_1	16679	112432	6.74	0	18
ptg020002l_1_region	16679	112432	6.74	0	18
ptg020009l_1	37222	13518	0.36	0	2
ptg020009l_1_region	37222	13518	0.36	0	2
ptg020040l_1	13043	59024	4.53	0	8
ptg020040l_1_region	13043	59024	4.53	0	8
ptg020041l_1	14323	126584	8.84	0	23
ptg020041l_1_region	14323	126584	8.84	0	23
ptg020053l_1	124874	184132	1.47	0	11
ptg020053l_1_region	124874	184132	1.47	0	11
ptg020057l_1	20321	54513	2.68	0	11
ptg020057l_1_region	20321	54513	2.68	0	11
ptg020078l_1	15004	59307	3.95	0	9
ptg020078l_1_region	15004	59307	3.95	0	9
ptg020091l_1	27109	100149	3.69	0	10
ptg020091l_1_region	27109	100149	3.69	0	10
ptg020103l_1	55988	241279	4.31	0	11
ptg020103l_1_region	55988	241279	4.31	0	11
ptg020104l_1	52450	184964	3.53	0	16
ptg020104l_1_region	52450	184964	3.53	0	16
ptg020117l_1	19224	48900	2.54	0	5
ptg020117l_1_region	19224	48900	2.54	0	5
ptg020144l_1	71828	223739	3.11	0	10
ptg020144l_1_region	71828	223739	3.11	0	10
ptg020148l_1	11038	10082	0.91	0	2
ptg020148l_1_region	11038	10082	0.91	0	2
ptg020171l_1	18625	2447	0.13	0	4
ptg020171l_1_region	18625	2447	0.13	0	4
ptg020173l_1	86198	517859	6.01	0	19
ptg020173l_1_region	86198	517859	6.01	0	19
ptg020181l_1	34620	155883	4.50	0	18
ptg020181l_1_region	34620	155883	4.50	0	18
ptg020183l_1	45499	273857	6.02	0	43
ptg020183l_1_region	45499	273857	6.02	0	43
ptg020207l_1	45682	123425	2.70	0	10
ptg020207l_1_region	45682	123425	2.70	0	10
ptg020257l_1	35005	52567	1.50	0	16
ptg020257l_1_region	35005	52567	1.50	0	16
ptg020268l_1	18665	65533	3.51	0	6
ptg020268l_1_region	18665	65533	3.51	0	6
ptg020270l_1	17422	91198	5.23	0	9
ptg020270l_1_region	17422	91198	5.23	0	9
ptg020281l_1	21595	27217	1.26	0	7
ptg020281l_1_region	21595	27217	1.26	0	7
ptg020290l_1	25365	156984	6.19	2	13
ptg020290l_1_region	25365	156984	6.19	2	13
ptg020298l_1	41921	139524	3.33	0	7
ptg020298l_1_region	41921	139524	3.33	0	7
ptg020299l_1	44120	111867	2.54	0	11
ptg020299l_1_region	44120	111867	2.54	0	11
ptg020300l_1	34405	108304	3.15	0	9
ptg020300l_1_region	34405	108304	3.15	0	9
ptg020315l_1	12027	80187	6.67	1	12
ptg020315l_1_region	12027	80187	6.67	1	12
ptg020324l_1	30378	190131	6.26	0	12
ptg020324l_1_region	30378	190131	6.26	0	12
ptg020332l_1	31096	119048	3.83	0	15
ptg020332l_1_region	31096	119048	3.83	0	15
ptg020367l_1	22850	187740	8.22	0	19
ptg020367l_1_region	22850	187740	8.22	0	19
ptg020369l_1	32136	47364	1.47	0	9
ptg020369l_1_region	32136	47364	1.47	0	9
ptg020371l_1	37729	218020	5.78	0	14
ptg020371l_1_region	37729	218020	5.78	0	14
ptg020385l_1	65642	298692	4.55	0	18
ptg020385l_1_region	65642	298692	4.55	0	18
ptg020389l_1	28075	177077	6.31	0	14
ptg020389l_1_region	28075	177077	6.31	0	14
ptg020391l_1	24238	98294	4.06	0	10
ptg020391l_1_region	24238	98294	4.06	0	10
ptg020392l_1	17498	19319	1.10	0	7
ptg020392l_1_region	17498	19319	1.10	0	7
ptg020423l_1	37073	230161	6.21	0	15
ptg020423l_1_region	37073	230161	6.21	0	15
ptg020426l_1	35513	139948	3.94	0	13
ptg020426l_1_region	35513	139948	3.94	0	13
ptg020436l_1	20992	146399	6.97	0	21
ptg020436l_1_region	20992	146399	6.97	0	21
ptg020463l_1	8586	14402	1.68	0	14
ptg020463l_1_region	8586	14402	1.68	0	14
ptg020488l_1	20308	56254	2.77	0	14
ptg020488l_1_region	20308	56254	2.77	0	14
ptg020497l_1	10682	28348	2.65	0	6
ptg020497l_1_region	10682	28348	2.65	0	6
ptg020515l_1	30946	2488	0.08	0	1
ptg020515l_1_region	30946	2488	0.08	0	1
ptg020516l_1	30640	52195	1.70	0	6
ptg020516l_1_region	30640	52195	1.70	0	6
ptg020531l_1	84619	286227	3.38	0	26
ptg020531l_1_region	84619	286227	3.38	0	26
ptg020540l_1	31609	103102	3.26	0	10
ptg020540l_1_region	31609	103102	3.26	0	10
ptg020557l_1	24533	134658	5.49	0	12
ptg020557l_1_region	24533	134658	5.49	0	12
ptg020562l_1	7780	11759	1.51	0	3
ptg020562l_1_region	7780	11759	1.51	0	3
ptg020591l_1	33010	338419	10.25	0	58
ptg020591l_1_region	33010	338419	10.25	0	58
ptg020602l_1	29179	23279	0.80	0	4
ptg020602l_1_region	29179	23279	0.80	0	4
ptg020628l_1	14691	9508	0.65	0	3
ptg020628l_1_region	14691	9508	0.65	0	3
ptg020637l_1	15921	77548	4.87	0	12
ptg020637l_1_region	15921	77548	4.87	0	12
ptg020654l_1	17091	38528	2.25	0	7
ptg020654l_1_region	17091	38528	2.25	0	7
ptg020658l_1	56601	337918	5.97	0	17
ptg020658l_1_region	56601	337918	5.97	0	17
ptg020690l_1	14739	71525	4.85	2	9
ptg020690l_1_region	14739	71525	4.85	2	9
ptg020694l_1	36825	117548	3.19	0	9
ptg020694l_1_region	36825	117548	3.19	0	9
ptg020705l_1	18367	460786	25.09	0	105
ptg020705l_1_region	18367	460786	25.09	0	105
ptg020708l_1	59863	203361	3.40	0	11
ptg020708l_1_region	59863	203361	3.40	0	11
ptg020712l_1	360084	102847	0.29	0	9
ptg020712l_1_region	360084	102847	0.29	0	9
ptg020722l_1	10363	44212	4.27	0	10
ptg020722l_1_region	10363	44212	4.27	0	10
ptg020731l_1	16405	125810	7.67	0	22
ptg020731l_1_region	16405	125810	7.67	0	22
ptg020737l_1	20087	109	0.01	0	1
ptg020737l_1_region	20087	109	0.01	0	1
ptg020755l_1	12929	94659	7.32	0	17
ptg020755l_1_region	12929	94659	7.32	0	17
ptg020762l_1	24698	18285	0.74	0	4
ptg020762l_1_region	24698	18285	0.74	0	4
ptg020769l_1	14130	43438	3.07	0	8
ptg020769l_1_region	14130	43438	3.07	0	8
ptg020770l_1	60855	208139	3.42	0	12
ptg020770l_1_region	60855	208139	3.42	0	12
ptg020773l_1	26695	3988	0.15	0	2
ptg020773l_1_region	26695	3988	0.15	0	2
ptg020774l_1	24580	16054	0.65	0	6
ptg020774l_1_region	24580	16054	0.65	0	6
ptg020775l_1	39004	147908	3.79	0	9
ptg020775l_1_region	39004	147908	3.79	0	9
ptg020784l_1	98917	612459	6.19	0	46
ptg020784l_1_region	98917	612459	6.19	0	46
ptg020793l_1	145601	3019699	20.74	0	59
ptg020793l_1_region	145601	3019699	20.74	0	59
ptg020796l_1	30406	35502	1.17	0	6
ptg020796l_1_region	30406	35502	1.17	0	6
ptg020805l_1	20259	51503	2.54	0	5
ptg020805l_1_region	20259	51503	2.54	0	5
ptg020821l_1	126898	386501	3.05	0	18
ptg020821l_1_region	126898	386501	3.05	0	18
ptg020832l_1	15443	52631	3.41	0	12
ptg020832l_1_region	15443	52631	3.41	0	12
ptg020849l_1	13288	59128	4.45	0	14
ptg020849l_1_region	13288	59128	4.45	0	14
ptg020867l_1	39963	153839	3.85	0	8
ptg020867l_1_region	39963	153839	3.85	0	8
ptg020868l_1	9347	36860	3.94	0	7
ptg020868l_1_region	9347	36860	3.94	0	7
ptg020869l_1	12678	14927	1.18	0	4
ptg020869l_1_region	12678	14927	1.18	0	4
ptg020873l_1	43347	152089	3.51	0	8
ptg020873l_1_region	43347	152089	3.51	0	8
ptg020876l_1	16617	15309	0.92	0	2
ptg020876l_1_region	16617	15309	0.92	0	2
ptg020877l_1	38618	21138	0.55	0	3
ptg020877l_1_region	38618	21138	0.55	0	3
ptg020878l_1	49674	187114	3.77	0	11
ptg020878l_1_region	49674	187114	3.77	0	11
ptg020880l_1	45421	324999	7.16	0	19
ptg020880l_1_region	45421	324999	7.16	0	19
ptg020881l_1	16489	115148	6.98	0	14
ptg020881l_1_region	16489	115148	6.98	0	14
ptg020884l_1	21285	47731	2.24	0	7
ptg020884l_1_region	21285	47731	2.24	0	7
ptg020886l_1	19266	30573	1.59	0	4
ptg020886l_1_region	19266	30573	1.59	0	4
ptg020887l_1	17384	21769	1.25	0	5
ptg020887l_1_region	17384	21769	1.25	0	5
ptg020891l_1	29874	131841	4.41	0	13
ptg020891l_1_region	29874	131841	4.41	0	13
ptg020892l_1	30595	218613	7.15	0	17
ptg020892l_1_region	30595	218613	7.15	0	17
ptg020893l_1	21986	89074	4.05	0	11
ptg020893l_1_region	21986	89074	4.05	0	11
ptg020894l_1	85040	1491239	17.54	0	65
ptg020894l_1_region	85040	1491239	17.54	0	65
ptg020895l_1	26115	5568	0.21	0	2
ptg020895l_1_region	26115	5568	0.21	0	2
ptg020897l_1	64948	106885	1.65	0	10
ptg020897l_1_region	64948	106885	1.65	0	10
ptg020898l_1	16630	9986	0.60	0	2
ptg020898l_1_region	16630	9986	0.60	0	2
ptg020899l_1	51833	239465	4.62	0	13
ptg020899l_1_region	51833	239465	4.62	0	13
ptg020903l_1	30292	86389	2.85	0	14
ptg020903l_1_region	30292	86389	2.85	0	14
ptg020905l_1	18866	25995	1.38	0	4
ptg020905l_1_region	18866	25995	1.38	0	4
ptg020906l_1	66754	295373	4.42	0	29
ptg020906l_1_region	66754	295373	4.42	0	29
ptg020908l_1	13424	32209	2.40	0	6
ptg020908l_1_region	13424	32209	2.40	0	6
ptg020928l_1	8640	22652	2.62	0	7
ptg020928l_1_region	8640	22652	2.62	0	7
ptg020941l_1	63540	156977	2.47	0	19
ptg020941l_1_region	63540	156977	2.47	0	19
ptg020949l_1	24537	16035	0.65	0	3
ptg020949l_1_region	24537	16035	0.65	0	3
ptg020951l_1	30054	7480	0.25	0	1
ptg020951l_1_region	30054	7480	0.25	0	1
ptg020952l_1	18394	66673	3.62	0	8
ptg020952l_1_region	18394	66673	3.62	0	8
ptg020953l_1	24548	45692	1.86	0	7
ptg020953l_1_region	24548	45692	1.86	0	7
ptg020958l_1	22631	25305	1.12	0	4
ptg020958l_1_region	22631	25305	1.12	0	4
ptg020960l_1	28790	140391	4.88	0	11
ptg020960l_1_region	28790	140391	4.88	0	11
ptg020963l_1	115322	713189	6.18	0	46
ptg020963l_1_region	115322	713189	6.18	0	46
ptg020966l_1	28113	10759	0.38	0	2
ptg020966l_1_region	28113	10759	0.38	0	2
ptg020967l_1	19003	88590	4.66	0	12
ptg020967l_1_region	19003	88590	4.66	0	12
ptg020968l_1	19984	102851	5.15	0	10
ptg020968l_1_region	19984	102851	5.15	0	10
ptg020969l_1	20255	143527	7.09	0	36
ptg020969l_1_region	20255	143527	7.09	0	36
ptg020978l_1	11077	50875	4.59	0	12
ptg020978l_1_region	11077	50875	4.59	0	12
ptg020983l_1	48700	157821	3.24	0	10
ptg020983l_1_region	48700	157821	3.24	0	10
ptg020991l_1	26096	95776	3.67	0	35
ptg020991l_1_region	26096	95776	3.67	0	35
ptg021009l_1	15481	65931	4.26	0	10
ptg021009l_1_region	15481	65931	4.26	0	10
ptg021074l_1	28971	114988	3.97	0	19
ptg021074l_1_region	28971	114988	3.97	0	19
ptg021084l_1	10627	45270	4.26	0	14
ptg021084l_1_region	10627	45270	4.26	0	14
ptg021102l_1	14104	18852	1.34	0	3
ptg021102l_1_region	14104	18852	1.34	0	3
ptg021111l_1	29272	89350	3.05	0	7
ptg021111l_1_region	29272	89350	3.05	0	7
ptg021113l_1	12742	21769	1.71	0	18
ptg021113l_1_region	12742	21769	1.71	0	18
ptg021126l_1	9964	13246	1.33	0	4
ptg021126l_1_region	9964	13246	1.33	0	4
ptg021127l_1	20933	14748	0.70	0	8
ptg021127l_1_region	20933	14748	0.70	0	8
ptg021155l_1	19315	121968	6.31	0	14
ptg021155l_1_region	19315	121968	6.31	0	14
ptg021161l_1	30711	178059	5.80	0	10
ptg021161l_1_region	30711	178059	5.80	0	10
ptg021171l_1	116566	355250	3.05	0	8
ptg021171l_1_region	116566	355250	3.05	0	8
ptg021174l_1	17302	35387	2.05	0	5
ptg021174l_1_region	17302	35387	2.05	0	5
ptg021185l_1	18487	25295	1.37	0	4
ptg021185l_1_region	18487	25295	1.37	0	4
ptg021195l_1	15036	31303	2.08	0	4
ptg021195l_1_region	15036	31303	2.08	0	4
ptg021204l_1	20424	27682	1.36	0	7
ptg021204l_1_region	20424	27682	1.36	0	7
ptg021211l_1	14984	98575	6.58	0	12
ptg021211l_1_region	14984	98575	6.58	0	12
ptg021217l_1	29896	77072	2.58	0	10
ptg021217l_1_region	29896	77072	2.58	0	10
ptg021220l_1	82551	197051	2.39	0	18
ptg021220l_1_region	82551	197051	2.39	0	18
ptg021222l_1	18305	156725	8.56	0	26
ptg021222l_1_region	18305	156725	8.56	0	26
ptg021225l_1	28915	51400	1.78	0	8
ptg021225l_1_region	28915	51400	1.78	0	8
ptg021226l_1	34215	208018	6.08	0	17
ptg021226l_1_region	34215	208018	6.08	0	17
ptg021237l_1	19254	45443	2.36	0	6
ptg021237l_1_region	19254	45443	2.36	0	6
ptg021256l_1	16876	53299	3.16	0	7
ptg021256l_1_region	16876	53299	3.16	0	7
ptg021283l_1	18692	57365	3.07	0	6
ptg021283l_1_region	18692	57365	3.07	0	6
ptg021295l_1	28824	186455	6.47	0	12
ptg021295l_1_region	28824	186455	6.47	0	12
ptg021297l_1	11402	27283	2.39	0	8
ptg021297l_1_region	11402	27283	2.39	0	8
ptg021300l_1	173165	396332	2.29	0	27
ptg021300l_1_region	173165	396332	2.29	0	27
ptg021307l_1	24384	59945	2.46	0	13
ptg021307l_1_region	24384	59945	2.46	0	13
ptg021320l_1	20635	34051	1.65	0	5
ptg021320l_1_region	20635	34051	1.65	0	5
ptg021322l_1	35849	110311	3.08	0	20
ptg021322l_1_region	35849	110311	3.08	0	20
ptg021337l_1	23731	70393	2.97	0	21
ptg021337l_1_region	23731	70393	2.97	0	21
ptg021338l_1	25394	81229	3.20	0	13
ptg021338l_1_region	25394	81229	3.20	0	13
ptg021339l_1	15161	24222	1.60	0	7
ptg021339l_1_region	15161	24222	1.60	0	7
ptg021341l_1	24034	71424	2.97	0	8
ptg021341l_1_region	24034	71424	2.97	0	8
ptg021345l_1	16411	67322	4.10	0	12
ptg021345l_1_region	16411	67322	4.10	0	12
ptg021360l_1	9215	18184	1.97	0	5
ptg021360l_1_region	9215	18184	1.97	0	5
ptg021376l_1	4957	1149	0.23	0	3
ptg021376l_1_region	4957	1149	0.23	0	3
ptg021381l_1	21240	84424	3.97	0	10
ptg021381l_1_region	21240	84424	3.97	0	10
ptg021383l_1	32265	24765	0.77	0	6
ptg021383l_1_region	32265	24765	0.77	0	6
ptg021385l_1	17363	34233	1.97	0	4
ptg021385l_1_region	17363	34233	1.97	0	4
ptg021388l_1	12338	46313	3.75	1	5
ptg021388l_1_region	12338	46313	3.75	1	5
ptg021390l_1	56674	208574	3.68	0	12
ptg021390l_1_region	56674	208574	3.68	0	12
ptg021394l_1	32477	144839	4.46	0	15
ptg021394l_1_region	32477	144839	4.46	0	15
ptg021396l_1	21982	212294	9.66	0	24
ptg021396l_1_region	21982	212294	9.66	0	24
ptg021405l_1	152690	3220	0.02	0	1
ptg021405l_1_region	152690	3220	0.02	0	1
ptg021408l_1	38975	84185	2.16	0	10
ptg021408l_1_region	38975	84185	2.16	0	10
ptg021411l_1	27864	43030	1.54	0	7
ptg021411l_1_region	27864	43030	1.54	0	7
ptg021417l_1	23200	55175	2.38	0	7
ptg021417l_1_region	23200	55175	2.38	0	7
ptg021427l_1	16205	82700	5.10	0	11
ptg021427l_1_region	16205	82700	5.10	0	11
ptg021435l_1	38381	166336	4.33	0	13
ptg021435l_1_region	38381	166336	4.33	0	13
ptg021437l_1	124530	36719	0.29	0	3
ptg021437l_1_region	124530	36719	0.29	0	3
ptg021468l_1	28299	75681	2.67	0	6
ptg021468l_1_region	28299	75681	2.67	0	6
ptg021477l_1	34614	48644	1.41	0	8
ptg021477l_1_region	34614	48644	1.41	0	8
ptg021526l_1	30641	121718	3.97	0	9
ptg021526l_1_region	30641	121718	3.97	0	9
ptg021529l_1	16417	50577	3.08	0	11
ptg021529l_1_region	16417	50577	3.08	0	11
ptg021543l_1	13688	17776	1.30	0	4
ptg021543l_1_region	13688	17776	1.30	0	4
ptg021555l_1	9694	9265	0.96	0	3
ptg021555l_1_region	9694	9265	0.96	0	3
ptg021558l_1	18911	43645	2.31	0	6
ptg021558l_1_region	18911	43645	2.31	0	6
ptg021568l_1	37157	28238	0.76	0	3
ptg021568l_1_region	37157	28238	0.76	0	3
ptg021569l_1	36590	26327	0.72	0	4
ptg021569l_1_region	36590	26327	0.72	0	4
ptg021571l_1	40211	20631	0.51	0	4
ptg021571l_1_region	40211	20631	0.51	0	4
ptg021572l_1	21154	20077	0.95	0	4
ptg021572l_1_region	21154	20077	0.95	0	4
ptg021574l_1	30300	169744	5.60	0	15
ptg021574l_1_region	30300	169744	5.60	0	15
ptg021575l_1	19630	12946	0.66	0	2
ptg021575l_1_region	19630	12946	0.66	0	2
ptg021577l_1	17497	41953	2.40	0	9
ptg021577l_1_region	17497	41953	2.40	0	9
ptg021580l_1	17611	74239	4.22	0	14
ptg021580l_1_region	17611	74239	4.22	0	14
ptg021582l_1	28174	10402	0.37	0	1
ptg021582l_1_region	28174	10402	0.37	0	1
ptg021598l_1	18007	4103	0.23	0	1
ptg021598l_1_region	18007	4103	0.23	0	1
ptg021602l_1	49080	322035	6.56	0	13
ptg021602l_1_region	49080	322035	6.56	0	13
ptg021606l_1	25101	173329	6.91	0	18
ptg021606l_1_region	25101	173329	6.91	0	18
ptg021607l_1	19350	16243	0.84	0	5
ptg021607l_1_region	19350	16243	0.84	0	5
ptg021608l_1	24699	57611	2.33	0	8
ptg021608l_1_region	24699	57611	2.33	0	8
ptg021610l_1	87687	424785	4.84	0	31
ptg021610l_1_region	87687	424785	4.84	0	31
ptg021616l_1	14036	6656	0.47	0	2
ptg021616l_1_region	14036	6656	0.47	0	2
ptg021622l_1	87371	105452	1.21	0	11
ptg021622l_1_region	87371	105452	1.21	0	11
ptg021632l_1	230780	123692	0.54	0	6
ptg021632l_1_region	230780	123692	0.54	0	6
ptg021634l_1	65778	331846	5.04	0	14
ptg021634l_1_region	65778	331846	5.04	0	14
ptg021646l_1	7050	40386	5.73	0	9
ptg021646l_1_region	7050	40386	5.73	0	9
ptg021662l_1	35697	40641	1.14	0	4
ptg021662l_1_region	35697	40641	1.14	0	4
ptg021668l_1	27677	20099	0.73	0	2
ptg021668l_1_region	27677	20099	0.73	0	2
ptg021670l_1	28588	27984	0.98	0	4
ptg021670l_1_region	28588	27984	0.98	0	4
ptg021690l_1	37764	17571	0.47	0	10
ptg021690l_1_region	37764	17571	0.47	0	10
ptg021691l_1	369096	1134940	3.07	0	38
ptg021691l_1_region	369096	1134940	3.07	0	38
ptg021694l_1	147659	226750	1.54	0	10
ptg021694l_1_region	147659	226750	1.54	0	10
ptg021697l_1	324581	87752	0.27	0	9
ptg021697l_1_region	324581	87752	0.27	0	9
ptg021710l_1	19011	28157	1.48	0	4
ptg021710l_1_region	19011	28157	1.48	0	4
ptg021722l_1	76073	26346	0.35	0	5
ptg021722l_1_region	76073	26346	0.35	0	5
ptg021727l_1	58075	260105	4.48	0	12
ptg021727l_1_region	58075	260105	4.48	0	12
ptg021737l_1	49959	164503	3.29	0	18
ptg021737l_1_region	49959	164503	3.29	0	18
ptg021741l_1	404927	36966	0.09	0	5
ptg021741l_1_region	404927	36966	0.09	0	5
ptg021750l_1	30673	153975	5.02	1	9
ptg021750l_1_region	30673	153975	5.02	1	9
ptg021762l_1	17596	73498	4.18	0	11
ptg021762l_1_region	17596	73498	4.18	0	11
ptg021772l_1	519053	88862	0.17	0	6
ptg021772l_1_region	519053	88862	0.17	0	6
ptg021781l_1	64780	300763	4.64	0	20
ptg021781l_1_region	64780	300763	4.64	0	20
ptg021789l_1	43997	128445	2.92	0	12
ptg021789l_1_region	43997	128445	2.92	0	12
ptg021793l_1	144734	29894	0.21	0	3
ptg021793l_1_region	144734	29894	0.21	0	3
ptg021795l_1	97057	64273	0.66	0	13
ptg021795l_1_region	97057	64273	0.66	0	13
ptg021799l_1	264263	1355591	5.13	0	30
ptg021799l_1_region	264263	1355591	5.13	0	30
ptg021801l_1	179033	5574	0.03	0	1
ptg021801l_1_region	179033	5574	0.03	0	1
ptg021811l_1	21869	71589	3.27	0	8
ptg021811l_1_region	21869	71589	3.27	0	8
ptg021828l_1	42319	141876	3.35	0	10
ptg021828l_1_region	42319	141876	3.35	0	10
ptg021849l_1	75708	82047	1.08	0	9
ptg021849l_1_region	75708	82047	1.08	0	9
ptg021854l_1	154958	121860	0.79	0	11
ptg021854l_1_region	154958	121860	0.79	0	11
ptg021867l_1	25664	89217	3.48	0	10
ptg021867l_1_region	25664	89217	3.48	0	10
ptg021869l_1	36171	66637	1.84	0	16
ptg021869l_1_region	36171	66637	1.84	0	16
ptg021871l_1	160090	12833	0.08	0	2
ptg021871l_1_region	160090	12833	0.08	0	2
ptg021873l_1	13553	67909	5.01	0	12
ptg021873l_1_region	13553	67909	5.01	0	12
ptg021888l_1	42699	155784	3.65	0	15
ptg021888l_1_region	42699	155784	3.65	0	15
ptg021891l_1	11308	135703	12.00	0	27
ptg021891l_1_region	11308	135703	12.00	0	27
ptg021892l_1	17078	50218	2.94	0	5
ptg021892l_1_region	17078	50218	2.94	0	5
ptg021908l_1	151249	639015	4.22	0	15
ptg021908l_1_region	151249	639015	4.22	0	15
ptg021909l_1	436537	2231595	5.11	0	14
ptg021909l_1_region	436537	2231595	5.11	0	14
ptg021913l_1	23160	104163	4.50	1	11
ptg021913l_1_region	23160	104163	4.50	1	11
ptg021920l_1	14874	42911	2.88	0	8
ptg021920l_1_region	14874	42911	2.88	0	8
ptg021922l_1	681955	106383	0.16	0	6
ptg021922l_1_region	681955	106383	0.16	0	6
ptg021937l_1	25804	93352	3.62	0	10
ptg021937l_1_region	25804	93352	3.62	0	10
ptg021940l_1	58251	89719	1.54	0	12
ptg021940l_1_region	58251	89719	1.54	0	12
ptg021964l_1	22724	43376	1.91	0	7
ptg021964l_1_region	22724	43376	1.91	0	7
ptg021973l_1	23172	149679	6.46	0	16
ptg021973l_1_region	23172	149679	6.46	0	16
ptg021976l_1	162996	90009	0.55	0	19
ptg021976l_1_region	162996	90009	0.55	0	19
ptg021984l_1	441472	51413	0.12	0	2
ptg021984l_1_region	441472	51413	0.12	0	2
ptg021995l_1	24685	122097	4.95	0	11
ptg021995l_1_region	24685	122097	4.95	0	11
ptg022002l_1	32848	100610	3.06	0	22
ptg022002l_1_region	32848	100610	3.06	0	22
ptg022005l_1	16910	18874	1.12	0	3
ptg022005l_1_region	16910	18874	1.12	0	3
ptg022019l_1	54335	3128	0.06	0	1
ptg022019l_1_region	54335	3128	0.06	0	1
ptg022022l_1	51342	199361	3.88	0	17
ptg022022l_1_region	51342	199361	3.88	0	17
ptg022026l_1	46604	966351	20.74	0	127
ptg022026l_1_region	46604	966351	20.74	0	127
ptg022045l_1	45546	26336	0.58	0	9
ptg022045l_1_region	45546	26336	0.58	0	9
ptg022048l_1	33366	36202	1.08	0	8
ptg022048l_1_region	33366	36202	1.08	0	8
ptg022066l_1	23907	3147	0.13	0	5
ptg022066l_1_region	23907	3147	0.13	0	5
ptg022069l_1	350059	34031	0.10	0	2
ptg022069l_1_region	350059	34031	0.10	0	2
ptg022079l_1	147217	3274	0.02	0	1
ptg022079l_1_region	147217	3274	0.02	0	1
ptg022085l_1	47027	402842	8.57	0	24
ptg022085l_1_region	47027	402842	8.57	0	24
ptg022086l_1	83306	194759	2.34	0	18
ptg022086l_1_region	83306	194759	2.34	0	18
ptg022088l_1	38521	436146	11.32	0	33
ptg022088l_1_region	38521	436146	11.32	0	33
ptg022099l_1	43813	184642	4.21	0	9
ptg022099l_1_region	43813	184642	4.21	0	9
ptg022110l_1	9363	16727	1.79	0	4
ptg022110l_1_region	9363	16727	1.79	0	4
ptg022112l_1	17265	159371	9.23	0	20
ptg022112l_1_region	17265	159371	9.23	0	20
ptg022122l_1	252240	16654	0.07	0	2
ptg022122l_1_region	252240	16654	0.07	0	2
ptg022126l_1	83303	152511	1.83	0	19
ptg022126l_1_region	83303	152511	1.83	0	19
ptg022129l_1	24334	80608	3.31	0	22
ptg022129l_1_region	24334	80608	3.31	0	22
ptg022134l_1	236610	55285	0.23	0	5
ptg022134l_1_region	236610	55285	0.23	0	5
ptg022140l_1	7978	299	0.04	0	1
ptg022140l_1_region	7978	299	0.04	0	1
ptg022143l_1	79734	53766	0.67	0	3
ptg022143l_1_region	79734	53766	0.67	0	3
ptg022146l_1	74334	275610	3.71	0	11
ptg022146l_1_region	74334	275610	3.71	0	11
ptg022150l_1	11508	16634	1.45	0	7
ptg022150l_1_region	11508	16634	1.45	0	7
ptg022155l_1	47163	1565	0.03	0	1
ptg022155l_1_region	47163	1565	0.03	0	1
ptg022159l_1	263323	3003	0.01	0	1
ptg022159l_1_region	263323	3003	0.01	0	1
ptg022160l_1	78949	26302	0.33	0	3
ptg022160l_1_region	78949	26302	0.33	0	3
ptg022162l_1	235848	1150068	4.88	0	41
ptg022162l_1_region	235848	1150068	4.88	0	41
ptg022172l_1	23374	85427	3.65	0	11
ptg022172l_1_region	23374	85427	3.65	0	11
ptg022175l_1	17367	21785	1.25	0	11
ptg022175l_1_region	17367	21785	1.25	0	11
ptg022178l_1	831380	292376	0.35	0	15
ptg022178l_1_region	831380	292376	0.35	0	15
ptg022187l_1	349525	19741	0.06	0	5
ptg022187l_1_region	349525	19741	0.06	0	5
ptg022194l_1	688674	122684	0.18	0	7
ptg022194l_1_region	688674	122684	0.18	0	7
ptg022199l_1	185430	20345	0.11	0	5
ptg022199l_1_region	185430	20345	0.11	0	5
ptg022202l_1	145574	11222	0.08	0	1
ptg022202l_1_region	145574	11222	0.08	0	1
ptg022206l_1	223464	12293	0.06	0	1
ptg022206l_1_region	223464	12293	0.06	0	1
ptg022211l_1	138600	22792	0.16	0	2
ptg022211l_1_region	138600	22792	0.16	0	2
ptg022222l_1	6738	40498	6.01	1	10
ptg022222l_1_region	6738	40498	6.01	1	10
ptg022230l_1	23389	130254	5.57	0	16
ptg022230l_1_region	23389	130254	5.57	0	16
ptg022233l_1	43189	129647	3.00	0	15
ptg022233l_1_region	43189	129647	3.00	0	15
ptg022237l_1	193614	218063	1.13	0	11
ptg022237l_1_region	193614	218063	1.13	0	11
ptg022238l_1	12177	44965	3.69	0	18
ptg022238l_1_region	12177	44965	3.69	0	18
ptg022244l_1	48116	10525	0.22	0	2
ptg022244l_1_region	48116	10525	0.22	0	2
ptg022245l_1	27497	33233	1.21	0	3
ptg022245l_1_region	27497	33233	1.21	0	3
ptg022246l_1	94871	178744	1.88	0	6
ptg022246l_1_region	94871	178744	1.88	0	6
ptg022247l_1	60960	137914	2.26	0	10
ptg022247l_1_region	60960	137914	2.26	0	10
ptg022248l_1	30521	79542	2.61	0	8
ptg022248l_1_region	30521	79542	2.61	0	8
ptg022255l_1	20264	181917	8.98	0	21
ptg022255l_1_region	20264	181917	8.98	0	21
ptg022256l_1	21860	19624	0.90	0	3
ptg022256l_1_region	21860	19624	0.90	0	3
ptg022259l_1	23336	31824	1.36	0	5
ptg022259l_1_region	23336	31824	1.36	0	5
ptg022269l_1	68128	56492	0.83	0	7
ptg022269l_1_region	68128	56492	0.83	0	7
ptg022270l_1	83875	151674	1.81	0	16
ptg022270l_1_region	83875	151674	1.81	0	16
ptg022271l_1	194764	107702	0.55	0	12
ptg022271l_1_region	194764	107702	0.55	0	12
ptg022272l_1	66306	6096	0.09	0	1
ptg022272l_1_region	66306	6096	0.09	0	1
ptg022287l_1	63208	5753	0.09	0	1
ptg022287l_1_region	63208	5753	0.09	0	1
ptg022290c_1	253192	1937210	7.65	0	54
ptg022290c_1_region	253192	1937210	7.65	0	54
ptg022301l_1	149440	2227721	14.91	0	53
ptg022301l_1_region	149440	2227721	14.91	0	53
ptg022304l_1	20019	11612	0.58	0	3
ptg022304l_1_region	20019	11612	0.58	0	3
ptg022317l_1	24347	20875	0.86	0	3
ptg022317l_1_region	24347	20875	0.86	0	3
ptg022319l_1	18098	128336	7.09	0	19
ptg022319l_1_region	18098	128336	7.09	0	19
ptg022320l_1	36368	124172	3.41	0	13
ptg022320l_1_region	36368	124172	3.41	0	13
ptg022321l_1	32545	11542	0.35	0	2
ptg022321l_1_region	32545	11542	0.35	0	2
ptg022323l_1	45239	104210	2.30	0	12
ptg022323l_1_region	45239	104210	2.30	0	12
ptg022324l_1	46084	419484	9.10	0	31
ptg022324l_1_region	46084	419484	9.10	0	31
ptg022325l_1	19512	12985	0.67	0	5
ptg022325l_1_region	19512	12985	0.67	0	5
ptg022328l_1	40327	12542	0.31	0	1
ptg022328l_1_region	40327	12542	0.31	0	1
ptg022330l_1	54918	56487	1.03	0	7
ptg022330l_1_region	54918	56487	1.03	0	7
ptg022332l_1	25956	19324	0.74	0	2
ptg022332l_1_region	25956	19324	0.74	0	2
ptg022340l_1	18364	52501	2.86	0	8
ptg022340l_1_region	18364	52501	2.86	0	8
ptg022356l_1	137981	28849	0.21	0	5
ptg022356l_1_region	137981	28849	0.21	0	5
ptg022365l_1	40631	129687	3.19	0	16
ptg022365l_1_region	40631	129687	3.19	0	16
ptg022371l_1	41266	1652	0.04	0	1
ptg022371l_1_region	41266	1652	0.04	0	1
ptg022374l_1	91881	4950	0.05	0	1
ptg022374l_1_region	91881	4950	0.05	0	1
ptg022380l_1	65228	14676	0.22	0	2
ptg022380l_1_region	65228	14676	0.22	0	2
ptg022389l_1	31221	26161	0.84	0	8
ptg022389l_1_region	31221	26161	0.84	0	8
ptg022414l_1	41142	66253	1.61	0	9
ptg022414l_1_region	41142	66253	1.61	0	9
ptg022429l_1	71912	127469	1.77	0	13
ptg022429l_1_region	71912	127469	1.77	0	13
ptg022430l_1	25326	119758	4.73	0	12
ptg022430l_1_region	25326	119758	4.73	0	12
ptg022439l_1	23686	123671	5.22	0	13
ptg022439l_1_region	23686	123671	5.22	0	13
ptg022458l_1	20862	175708	8.42	0	21
ptg022458l_1_region	20862	175708	8.42	0	21
ptg022461l_1	17912	43322	2.42	0	5
ptg022461l_1_region	17912	43322	2.42	0	5
ptg022517l_1	15817	2335181	147.64	0	452
ptg022517l_1_region	15817	2335181	147.64	0	452
ptg022566l_1	20991	50715	2.42	0	8
ptg022566l_1_region	20991	50715	2.42	0	8
ptg022569l_1	18630	33666	1.81	0	6
ptg022569l_1_region	18630	33666	1.81	0	6
ptg022589l_1	29341	138097	4.71	0	10
ptg022589l_1_region	29341	138097	4.71	0	10
ptg022597l_1	22535	12578	0.56	0	3
ptg022597l_1_region	22535	12578	0.56	0	3
ptg022616l_1	28754	41358	1.44	0	4
ptg022616l_1_region	28754	41358	1.44	0	4
ptg022617l_1	18390	54575	2.97	0	11
ptg022617l_1_region	18390	54575	2.97	0	11
ptg022630l_1	22272	42539	1.91	0	9
ptg022630l_1_region	22272	42539	1.91	0	9
ptg022631l_1	44626	178496	4.00	0	11
ptg022631l_1_region	44626	178496	4.00	0	11
ptg022635l_1	18076	93927	5.20	0	22
ptg022635l_1_region	18076	93927	5.20	0	22
ptg022640l_1	37261	26097	0.70	0	4
ptg022640l_1_region	37261	26097	0.70	0	4
ptg022642l_1	30969	108605	3.51	0	9
ptg022642l_1_region	30969	108605	3.51	0	9
ptg022662l_1	11830	48945	4.14	0	7
ptg022662l_1_region	11830	48945	4.14	0	7
ptg022664l_1	21389	131817	6.16	0	11
ptg022664l_1_region	21389	131817	6.16	0	11
ptg022679l_1	300690	35000	0.12	0	2
ptg022679l_1_region	300690	35000	0.12	0	2
ptg022680l_1	23678	4210	0.18	0	1
ptg022680l_1_region	23678	4210	0.18	0	1
ptg022688l_1	22079	88082	3.99	0	11
ptg022688l_1_region	22079	88082	3.99	0	11
ptg022694l_1	19449	13569	0.70	0	2
ptg022694l_1_region	19449	13569	0.70	0	2
ptg022695l_1	22873	37399	1.64	0	7
ptg022695l_1_region	22873	37399	1.64	0	7
ptg022705l_1	38713	84976	2.20	0	9
ptg022705l_1_region	38713	84976	2.20	0	9
ptg022706l_1	20889	12594	0.60	0	2
ptg022706l_1_region	20889	12594	0.60	0	2
ptg022708l_1	30915	165799	5.36	0	23
ptg022708l_1_region	30915	165799	5.36	0	23
ptg022710l_1	72042	235515	3.27	0	15
ptg022710l_1_region	72042	235515	3.27	0	15
ptg022714l_1	21396	71862	3.36	0	10
ptg022714l_1_region	21396	71862	3.36	0	10
ptg022715l_1	26437	3861	0.15	0	1
ptg022715l_1_region	26437	3861	0.15	0	1
ptg022716l_1	31850	37224	1.17	0	6
ptg022716l_1_region	31850	37224	1.17	0	6
ptg022717l_1	21944	9513	0.43	0	1
ptg022717l_1_region	21944	9513	0.43	0	1
ptg022747l_1	39247	191498	4.88	0	20
ptg022747l_1_region	39247	191498	4.88	0	20
ptg022760l_1	52343	41248	0.79	0	8
ptg022760l_1_region	52343	41248	0.79	0	8
ptg022765l_1	71427	471355	6.60	0	21
ptg022765l_1_region	71427	471355	6.60	0	21
ptg022786l_1	18305	4736	0.26	0	1
ptg022786l_1_region	18305	4736	0.26	0	1
ptg022790l_1	78824	72799	0.92	0	9
ptg022790l_1_region	78824	72799	0.92	0	9
ptg022802l_1	14738	12115	0.82	0	6
ptg022802l_1_region	14738	12115	0.82	0	6
ptg022807l_1	28213	204793	7.26	0	26
ptg022807l_1_region	28213	204793	7.26	0	26
ptg022813l_1	9186	25444	2.77	0	6
ptg022813l_1_region	9186	25444	2.77	0	6
ptg022865l_1	35334	210635	5.96	0	17
ptg022865l_1_region	35334	210635	5.96	0	17
ptg022868l_1	19221	39509	2.06	0	8
ptg022868l_1_region	19221	39509	2.06	0	8
ptg022869l_1	40117	88738	2.21	0	11
ptg022869l_1_region	40117	88738	2.21	0	11
ptg022871l_1	26370	58078	2.20	0	5
ptg022871l_1_region	26370	58078	2.20	0	5
ptg022878l_1	27078	80201	2.96	0	6
ptg022878l_1_region	27078	80201	2.96	0	6
ptg022879l_1	10991	33786	3.07	0	7
ptg022879l_1_region	10991	33786	3.07	0	7
ptg022880l_1	19614	9609	0.49	0	1
ptg022880l_1_region	19614	9609	0.49	0	1
ptg022881l_1	14452	6505	0.45	0	2
ptg022881l_1_region	14452	6505	0.45	0	2
ptg022890l_1	34956	33498	0.96	0	8
ptg022890l_1_region	34956	33498	0.96	0	8
ptg022891l_1	32633	23993	0.74	0	8
ptg022891l_1_region	32633	23993	0.74	0	8
ptg022929l_1	122694	969091	7.90	0	67
ptg022929l_1_region	122694	969091	7.90	0	67
ptg022930l_1	37645	140835	3.74	0	12
ptg022930l_1_region	37645	140835	3.74	0	12
ptg022935l_1	14080	58000	4.12	0	12
ptg022935l_1_region	14080	58000	4.12	0	12
ptg022941l_1	16968	49090	2.89	0	11
ptg022941l_1_region	16968	49090	2.89	0	11
ptg022942l_1	20783	16290	0.78	0	4
ptg022942l_1_region	20783	16290	0.78	0	4
ptg022956l_1	54813	127495	2.33	0	8
ptg022956l_1_region	54813	127495	2.33	0	8
ptg022972l_1	63782	204956	3.21	0	11
ptg022972l_1_region	63782	204956	3.21	0	11
ptg022973l_1	61982	202348	3.26	0	11
ptg022973l_1_region	61982	202348	3.26	0	11
ptg022976l_1	323178	1136979	3.52	0	14
ptg022976l_1_region	323178	1136979	3.52	0	14
ptg022985l_1	82070	116323	1.42	0	6
ptg022985l_1_region	82070	116323	1.42	0	6
ptg022991l_1	67224	141432	2.10	0	7
ptg022991l_1_region	67224	141432	2.10	0	7
ptg023005l_1	29118	587901	20.19	0	40
ptg023005l_1_region	29118	587901	20.19	0	40
ptg023030l_1	104453	232656	2.23	0	8
ptg023030l_1_region	104453	232656	2.23	0	8
ptg023037l_1	46088	1125830	24.43	2	79
ptg023037l_1_region	46088	1125830	24.43	2	79
ptg023042l_1	59947	200332	3.34	0	9
ptg023042l_1_region	59947	200332	3.34	0	9
ptg023045l_1	120196	97224	0.81	0	8
ptg023045l_1_region	120196	97224	0.81	0	8
ptg023048l_1	36711	186677	5.09	0	11
ptg023048l_1_region	36711	186677	5.09	0	11
ptg023052l_1	75362	273472	3.63	0	10
ptg023052l_1_region	75362	273472	3.63	0	10
ptg023058l_1	90168	308442	3.42	0	9
ptg023058l_1_region	90168	308442	3.42	0	9
ptg023059l_1	66450	318696	4.80	0	10
ptg023059l_1_region	66450	318696	4.80	0	10
ptg023072l_1	38215	90854	2.38	0	8
ptg023072l_1_region	38215	90854	2.38	0	8
ptg023085l_1	75966	309680	4.08	0	10
ptg023085l_1_region	75966	309680	4.08	0	10
ptg023088l_1	133173	333770	2.51	0	9
ptg023088l_1_region	133173	333770	2.51	0	9
ptg023110l_1	85107	108168	1.27	0	5
ptg023110l_1_region	85107	108168	1.27	0	5
ptg023112l_1	97765	290776	2.97	0	8
ptg023112l_1_region	97765	290776	2.97	0	8
ptg023116l_1	15106	231315	15.31	2	25
ptg023116l_1_region	15106	231315	15.31	2	25
ptg023123l_1	59183	336995	5.69	0	15
ptg023123l_1_region	59183	336995	5.69	0	15
ptg023128l_1	50007	112067	2.24	0	11
ptg023128l_1_region	50007	112067	2.24	0	11
ptg023135l_1	79687	262524	3.29	0	10
ptg023135l_1_region	79687	262524	3.29	0	10
ptg023185l_1	32582	159086	4.88	0	16
ptg023185l_1_region	32582	159086	4.88	0	16
ptg023187l_1	41412	69964	1.69	0	9
ptg023187l_1_region	41412	69964	1.69	0	9
ptg023195l_1	61342	186800	3.05	0	15
ptg023195l_1_region	61342	186800	3.05	0	15
ptg023196l_1	50846	185413	3.65	0	9
ptg023196l_1_region	50846	185413	3.65	0	9
ptg023211l_1	25387	152243	6.00	0	14
ptg023211l_1_region	25387	152243	6.00	0	14
ptg023219l_1	70352	126353	1.80	0	6
ptg023219l_1_region	70352	126353	1.80	0	6
ptg023224l_1	37345	152173	4.07	0	11
ptg023224l_1_region	37345	152173	4.07	0	11
ptg023260l_1	52586	790088	15.02	2	41
ptg023260l_1_region	52586	790088	15.02	2	41
ptg023269l_1	129941	310215	2.39	0	12
ptg023269l_1_region	129941	310215	2.39	0	12
ptg023279l_1	19260	3212	0.17	0	1
ptg023279l_1_region	19260	3212	0.17	0	1
ptg023280l_1	97733	189681	1.94	0	9
ptg023280l_1_region	97733	189681	1.94	0	9
ptg023290l_1	79052	141966	1.80	0	6
ptg023290l_1_region	79052	141966	1.80	0	6
ptg023298l_1	44148	118255	2.68	0	6
ptg023298l_1_region	44148	118255	2.68	0	6
ptg023305l_1	27437	213997	7.80	0	16
ptg023305l_1_region	27437	213997	7.80	0	16
ptg023316l_1	43535	150036	3.45	0	7
ptg023316l_1_region	43535	150036	3.45	0	7
ptg023319l_1	46294	105228	2.27	0	5
ptg023319l_1_region	46294	105228	2.27	0	5
ptg023325l_1	22528	143764	6.38	0	14
ptg023325l_1_region	22528	143764	6.38	0	14
ptg023359l_1	44951	32983	0.73	0	3
ptg023359l_1_region	44951	32983	0.73	0	3
ptg023376l_1	32473	186155	5.73	0	14
ptg023376l_1_region	32473	186155	5.73	0	14
ptg023424l_1	27826	118617	4.26	0	8
ptg023424l_1_region	27826	118617	4.26	0	8
ptg023473l_1	38106	278628	7.31	0	22
ptg023473l_1_region	38106	278628	7.31	0	22
ptg023487l_1	19471	95471	4.90	2	8
ptg023487l_1_region	19471	95471	4.90	2	8
ptg023511l_1	25726	424170	16.49	2	30
ptg023511l_1_region	25726	424170	16.49	2	30
ptg023513l_1	21872	52918	2.42	0	4
ptg023513l_1_region	21872	52918	2.42	0	4
ptg023515l_1	29299	278715	9.51	0	17
ptg023515l_1_region	29299	278715	9.51	0	17
ptg023538l_1	53023	319234	6.02	0	15
ptg023538l_1_region	53023	319234	6.02	0	15
ptg023553l_1	16607	284556	17.13	1	28
ptg023553l_1_region	16607	284556	17.13	1	28
ptg023557l_1	49099	76663	1.56	0	7
ptg023557l_1_region	49099	76663	1.56	0	7
ptg023568l_1	76825	221921	2.89	0	9
ptg023568l_1_region	76825	221921	2.89	0	9
ptg023573l_1	64110	150325	2.34	0	6
ptg023573l_1_region	64110	150325	2.34	0	6
ptg023587l_1	17824	132485	7.43	0	18
ptg023587l_1_region	17824	132485	7.43	0	18
ptg023611l_1	21158	135203	6.39	0	22
ptg023611l_1_region	21158	135203	6.39	0	22
ptg023631l_1	15534	122887	7.91	0	19
ptg023631l_1_region	15534	122887	7.91	0	19
ptg023664l_1	21426	35150	1.64	0	6
ptg023664l_1_region	21426	35150	1.64	0	6
ptg023681l_1	20885	60366	2.89	0	7
ptg023681l_1_region	20885	60366	2.89	0	7
ptg023695l_1	12589	64280	5.11	0	8
ptg023695l_1_region	12589	64280	5.11	0	8
ptg023699l_1	42749	189449	4.43	0	9
ptg023699l_1_region	42749	189449	4.43	0	9
ptg023783l_1	31291	81472	2.60	0	6
ptg023783l_1_region	31291	81472	2.60	0	6
ptg023793l_1	33855	205275	6.06	0	12
ptg023793l_1_region	33855	205275	6.06	0	12
ptg023802l_1	13654	58795	4.31	0	10
ptg023802l_1_region	13654	58795	4.31	0	10
ptg023819l_1	6653	148543	22.33	0	40
ptg023819l_1_region	6653	148543	22.33	0	40
ptg023853l_1	29192	172958	5.92	1	13
ptg023853l_1_region	29192	172958	5.92	1	13
ptg023873l_1	42811	223263	5.22	0	12
ptg023873l_1_region	42811	223263	5.22	0	12
ptg023896l_1	21981	114664	5.22	0	12
ptg023896l_1_region	21981	114664	5.22	0	12
ptg023908l_1	21775	165632	7.61	0	15
ptg023908l_1_region	21775	165632	7.61	0	15
ptg023910l_1	21826	14422	0.66	0	3
ptg023910l_1_region	21826	14422	0.66	0	3
ptg023938l_1	18385	55052	2.99	0	7
ptg023938l_1_region	18385	55052	2.99	0	7
ptg023947l_1	25706	39629	1.54	0	5
ptg023947l_1_region	25706	39629	1.54	0	5
ptg023960l_1	12224	60650	4.96	2	9
ptg023960l_1_region	12224	60650	4.96	2	9
ptg023993l_1	33531	2350400	70.10	2	152
ptg023993l_1_region	33531	2350400	70.10	2	152
ptg024002l_1	50623	137789	2.72	0	9
ptg024002l_1_region	50623	137789	2.72	0	9
ptg024008l_1	13396	58034	4.33	1	7
ptg024008l_1_region	13396	58034	4.33	1	7
ptg024017l_1	9895	59739	6.04	1	11
ptg024017l_1_region	9895	59739	6.04	1	11
ptg024033l_1	15370	107802	7.01	0	11
ptg024033l_1_region	15370	107802	7.01	0	11
ptg024081l_1	17051	87081	5.11	0	10
ptg024081l_1_region	17051	87081	5.11	0	10
ptg024114l_1	36210	6630	0.18	0	2
ptg024114l_1_region	36210	6630	0.18	0	2
total	2837085410	13448553911	4.74	0	2482
total_region	2837085410	13448553911	4.74	0	2482
