chrom	length	bases	mean	min	max
ptg000001l_1	456554	3191479	6.99	0	31
ptg000001l_1_region	456554	3191479	6.99	0	31
ptg000003l_1	661806	3911618	5.91	0	18
ptg000003l_1_region	661806	3911618	5.91	0	18
ptg000004l_1	675249	1418909	2.10	0	24
ptg000004l_1_region	675249	1418909	2.10	0	24
ptg000006l_1	1353028	8497898	6.28	0	25
ptg000006l_1_region	1353028	8497898	6.28	0	25
ptg000007l_1	555775	3896518	7.01	0	27
ptg000007l_1_region	555775	3896518	7.01	0	27
ptg000008l_1	206579	986353	4.77	0	14
ptg000008l_1_region	206579	986353	4.77	0	14
ptg000009l_1	129473	406190	3.14	0	17
ptg000009l_1_region	129473	406190	3.14	0	17
ptg000010l_1	1544933	10203314	6.60	0	31
ptg000010l_1_region	1544933	10203314	6.60	0	31
ptg000011l_1	262797	1661637	6.32	0	17
ptg000011l_1_region	262797	1661637	6.32	0	17
ptg000012l_1	454269	2877808	6.34	0	25
ptg000012l_1_region	454269	2877808	6.34	0	25
ptg000013l_1	947635	5341070	5.64	0	22
ptg000013l_1_region	947635	5341070	5.64	0	22
ptg000014l_1	199776	3151087	15.77	0	1465
ptg000014l_1_region	199776	3151087	15.77	0	1465
ptg000015l_1	1045151	4779641	4.57	0	22
ptg000015l_1_region	1045151	4779641	4.57	0	22
ptg000016l_1	1989504	11800819	5.93	0	21
ptg000016l_1_region	1989504	11800819	5.93	0	21
ptg000017l_1	1102765	6706326	6.08	0	26
ptg000017l_1_region	1102765	6706326	6.08	0	26
ptg000019l_1	410913	1627889	3.96	0	17
ptg000019l_1_region	410913	1627889	3.96	0	17
ptg000020l_1	166851	1415378	8.48	0	24
ptg000020l_1_region	166851	1415378	8.48	0	24
ptg000021l_1	2311804	15048851	6.51	0	35
ptg000021l_1_region	2311804	15048851	6.51	0	35
ptg000022l_1	195118	875568	4.49	0	17
ptg000022l_1_region	195118	875568	4.49	0	17
ptg000023l_1	1562883	8369112	5.35	0	32
ptg000023l_1_region	1562883	8369112	5.35	0	32
ptg000024l_1	289217	1551996	5.37	0	15
ptg000024l_1_region	289217	1551996	5.37	0	15
ptg000025l_1	259844	1088377	4.19	0	20
ptg000025l_1_region	259844	1088377	4.19	0	20
ptg000027l_1	200354	1220256	6.09	0	18
ptg000027l_1_region	200354	1220256	6.09	0	18
ptg000028l_1	674488	3718405	5.51	0	23
ptg000028l_1_region	674488	3718405	5.51	0	23
ptg000029l_1	82275	509793	6.20	0	15
ptg000029l_1_region	82275	509793	6.20	0	15
ptg000030l_1	26654	152912	5.74	0	12
ptg000030l_1_region	26654	152912	5.74	0	12
ptg000031l_1	902559	5445045	6.03	0	18
ptg000031l_1_region	902559	5445045	6.03	0	18
ptg000032l_1	550934	3031009	5.50	0	21
ptg000032l_1_region	550934	3031009	5.50	0	21
ptg000033l_1	743094	4316506	5.81	0	23
ptg000033l_1_region	743094	4316506	5.81	0	23
ptg000036l_1	438715	2297949	5.24	0	16
ptg000036l_1_region	438715	2297949	5.24	0	16
ptg000037l_1	459563	2243060	4.88	0	25
ptg000037l_1_region	459563	2243060	4.88	0	25
ptg000039l_1	109028	490470	4.50	0	11
ptg000039l_1_region	109028	490470	4.50	0	11
ptg000041l_1	230595	903715	3.92	0	21
ptg000041l_1_region	230595	903715	3.92	0	21
ptg000042l_1	379713	2141578	5.64	0	21
ptg000042l_1_region	379713	2141578	5.64	0	21
ptg000043l_1	713520	4306462	6.04	0	26
ptg000043l_1_region	713520	4306462	6.04	0	26
ptg000045l_1	372665	1670993	4.48	0	17
ptg000045l_1_region	372665	1670993	4.48	0	17
ptg000046l_1	3287143	20404714	6.21	0	26
ptg000046l_1_region	3287143	20404714	6.21	0	26
ptg000048l_1	881716	5445484	6.18	0	15
ptg000048l_1_region	881716	5445484	6.18	0	15
ptg000049l_1	2356921	22230326	9.43	0	125
ptg000049l_1_region	2356921	22230326	9.43	0	125
ptg000050l_1	534663	3504147	6.55	0	39
ptg000050l_1_region	534663	3504147	6.55	0	39
ptg000051l_1	1890847	10960238	5.80	0	21
ptg000051l_1_region	1890847	10960238	5.80	0	21
ptg000053l_1	1962604	12288085	6.26	0	22
ptg000053l_1_region	1962604	12288085	6.26	0	22
ptg000054l_1	183585	796507	4.34	0	17
ptg000054l_1_region	183585	796507	4.34	0	17
ptg000055l_1	637852	3851289	6.04	0	39
ptg000055l_1_region	637852	3851289	6.04	0	39
ptg000056l_1	431851	2665219	6.17	0	19
ptg000056l_1_region	431851	2665219	6.17	0	19
ptg000058l_1	135302	511926	3.78	0	12
ptg000058l_1_region	135302	511926	3.78	0	12
ptg000060l_1	188825	1109601	5.88	0	15
ptg000060l_1_region	188825	1109601	5.88	0	15
ptg000061l_1	144747	558512	3.86	0	26
ptg000061l_1_region	144747	558512	3.86	0	26
ptg000063l_1	984313	5667651	5.76	0	18
ptg000063l_1_region	984313	5667651	5.76	0	18
ptg000064l_1	124707	522082	4.19	0	14
ptg000064l_1_region	124707	522082	4.19	0	14
ptg000065l_1	313630	1275149	4.07	0	13
ptg000065l_1_region	313630	1275149	4.07	0	13
ptg000066l_1	127012	741549	5.84	0	13
ptg000066l_1_region	127012	741549	5.84	0	13
ptg000067l_1	279727	993360	3.55	0	15
ptg000067l_1_region	279727	993360	3.55	0	15
ptg000068l_1	1174275	6645751	5.66	0	21
ptg000068l_1_region	1174275	6645751	5.66	0	21
ptg000069l_1	348412	1494615	4.29	0	12
ptg000069l_1_region	348412	1494615	4.29	0	12
ptg000070l_1	277397	1695862	6.11	0	19
ptg000070l_1_region	277397	1695862	6.11	0	19
ptg000071l_1	78417	295058	3.76	0	10
ptg000071l_1_region	78417	295058	3.76	0	10
ptg000073l_1	878729	5481359	6.24	0	27
ptg000073l_1_region	878729	5481359	6.24	0	27
ptg000074l_1	4297895	25243552	5.87	0	24
ptg000074l_1_region	4297895	25243552	5.87	0	24
ptg000075l_1	38822	218049	5.62	0	12
ptg000075l_1_region	38822	218049	5.62	0	12
ptg000076l_1	1161857	6242106	5.37	0	18
ptg000076l_1_region	1161857	6242106	5.37	0	18
ptg000077l_1	2020233	10227187	5.06	0	30
ptg000077l_1_region	2020233	10227187	5.06	0	30
ptg000081l_1	1003219	6159749	6.14	0	31
ptg000081l_1_region	1003219	6159749	6.14	0	31
ptg000082l_1	765665	5800141	7.58	0	23
ptg000082l_1_region	765665	5800141	7.58	0	23
ptg000083l_1	135166	656209	4.85	0	20
ptg000083l_1_region	135166	656209	4.85	0	20
ptg000084l_1	652496	3659369	5.61	0	17
ptg000084l_1_region	652496	3659369	5.61	0	17
ptg000085l_1	591990	4954718	8.37	0	31
ptg000085l_1_region	591990	4954718	8.37	0	31
ptg000086l_1	1566885	8918625	5.69	0	55
ptg000086l_1_region	1566885	8918625	5.69	0	55
ptg000087l_1	231933	653513	2.82	0	16
ptg000087l_1_region	231933	653513	2.82	0	16
ptg000088l_1	310722	1329827	4.28	0	13
ptg000088l_1_region	310722	1329827	4.28	0	13
ptg000089l_1	90642	558781	6.16	0	18
ptg000089l_1_region	90642	558781	6.16	0	18
ptg000090l_1	94161	497581	5.28	0	11
ptg000090l_1_region	94161	497581	5.28	0	11
ptg000091l_1	106474	505118	4.74	0	35
ptg000091l_1_region	106474	505118	4.74	0	35
ptg000092l_1	94983	551167	5.80	0	19
ptg000092l_1_region	94983	551167	5.80	0	19
ptg000093l_1	1559311	8972043	5.75	0	20
ptg000093l_1_region	1559311	8972043	5.75	0	20
ptg000095l_1	366653	1939519	5.29	0	20
ptg000095l_1_region	366653	1939519	5.29	0	20
ptg000096l_1	661661	3864533	5.84	0	20
ptg000096l_1_region	661661	3864533	5.84	0	20
ptg000097l_1	707944	3819461	5.40	0	16
ptg000097l_1_region	707944	3819461	5.40	0	16
ptg000099l_1	853229	5332611	6.25	0	17
ptg000099l_1_region	853229	5332611	6.25	0	17
ptg000100l_1	2744947	15882286	5.79	0	27
ptg000100l_1_region	2744947	15882286	5.79	0	27
ptg000102l_1	1396630	7943594	5.69	0	17
ptg000102l_1_region	1396630	7943594	5.69	0	17
ptg000103l_1	1067840	5091819	4.77	0	49
ptg000103l_1_region	1067840	5091819	4.77	0	49
ptg000104l_1	262532	1532249	5.84	0	13
ptg000104l_1_region	262532	1532249	5.84	0	13
ptg000105l_1	872662	5338112	6.12	0	31
ptg000105l_1_region	872662	5338112	6.12	0	31
ptg000106l_1	1048502	5332370	5.09	0	19
ptg000106l_1_region	1048502	5332370	5.09	0	19
ptg000108l_1	2785599	16733298	6.01	0	28
ptg000108l_1_region	2785599	16733298	6.01	0	28
ptg000109l_1	2056794	12656561	6.15	0	34
ptg000109l_1_region	2056794	12656561	6.15	0	34
ptg000110l_1	1165893	6893924	5.91	0	32
ptg000110l_1_region	1165893	6893924	5.91	0	32
ptg000111l_1	860410	4890266	5.68	0	25
ptg000111l_1_region	860410	4890266	5.68	0	25
ptg000112l_1	310037	1522110	4.91	0	16
ptg000112l_1_region	310037	1522110	4.91	0	16
ptg000115l_1	2335839	14205381	6.08	0	25
ptg000115l_1_region	2335839	14205381	6.08	0	25
ptg000116l_1	469499	2576673	5.49	0	20
ptg000116l_1_region	469499	2576673	5.49	0	20
ptg000117l_1	406753	1939776	4.77	0	16
ptg000117l_1_region	406753	1939776	4.77	0	16
ptg000119l_1	1807034	10689208	5.92	0	29
ptg000119l_1_region	1807034	10689208	5.92	0	29
ptg000120l_1	1323317	8664142	6.55	0	24
ptg000120l_1_region	1323317	8664142	6.55	0	24
ptg000121l_1	280342	1389496	4.96	0	14
ptg000121l_1_region	280342	1389496	4.96	0	14
ptg000122l_1	1056360	6066432	5.74	0	19
ptg000122l_1_region	1056360	6066432	5.74	0	19
ptg000123l_1	725853	4046291	5.57	0	15
ptg000123l_1_region	725853	4046291	5.57	0	15
ptg000126l_1	296254	1883850	6.36	0	16
ptg000126l_1_region	296254	1883850	6.36	0	16
ptg000127l_1	1299274	6904418	5.31	0	21
ptg000127l_1_region	1299274	6904418	5.31	0	21
ptg000128l_1	708623	6321258	8.92	0	27
ptg000128l_1_region	708623	6321258	8.92	0	27
ptg000130l_1	154507	651626	4.22	0	11
ptg000130l_1_region	154507	651626	4.22	0	11
ptg000131l_1	241907	1255877	5.19	0	16
ptg000131l_1_region	241907	1255877	5.19	0	16
ptg000132l_1	725834	4061157	5.60	0	25
ptg000132l_1_region	725834	4061157	5.60	0	25
ptg000134l_1	744042	5824437	7.83	0	48
ptg000134l_1_region	744042	5824437	7.83	0	48
ptg000135l_1	2688661	15882021	5.91	0	20
ptg000135l_1_region	2688661	15882021	5.91	0	20
ptg000136l_1	3783687	22362243	5.91	0	19
ptg000136l_1_region	3783687	22362243	5.91	0	19
ptg000137l_1	112738	859105	7.62	0	19
ptg000137l_1_region	112738	859105	7.62	0	19
ptg000139l_1	1120073	6032815	5.39	0	30
ptg000139l_1_region	1120073	6032815	5.39	0	30
ptg000140l_1	415772	2383243	5.73	0	20
ptg000140l_1_region	415772	2383243	5.73	0	20
ptg000141l_1	624560	4083829	6.54	0	33
ptg000141l_1_region	624560	4083829	6.54	0	33
ptg000143l_1	3964861	22342472	5.64	0	85
ptg000143l_1_region	3964861	22342472	5.64	0	85
ptg000144l_1	205279	1098730	5.35	0	15
ptg000144l_1_region	205279	1098730	5.35	0	15
ptg000145l_1	499346	2689672	5.39	0	30
ptg000145l_1_region	499346	2689672	5.39	0	30
ptg000146l_1	308568	1627023	5.27	0	14
ptg000146l_1_region	308568	1627023	5.27	0	14
ptg000147l_1	628175	3395522	5.41	0	22
ptg000147l_1_region	628175	3395522	5.41	0	22
ptg000148l_1	1586636	6627052	4.18	0	16
ptg000148l_1_region	1586636	6627052	4.18	0	16
ptg000150l_1	646464	3602353	5.57	0	16
ptg000150l_1_region	646464	3602353	5.57	0	16
ptg000151l_1	271719	1270300	4.68	0	24
ptg000151l_1_region	271719	1270300	4.68	0	24
ptg000152l_1	215081	1129477	5.25	0	15
ptg000152l_1_region	215081	1129477	5.25	0	15
ptg000153l_1	230373	1046779	4.54	0	16
ptg000153l_1_region	230373	1046779	4.54	0	16
ptg000154l_1	1446940	8456656	5.84	0	19
ptg000154l_1_region	1446940	8456656	5.84	0	19
ptg000155l_1	244340	1201057	4.92	0	13
ptg000155l_1_region	244340	1201057	4.92	0	13
ptg000162l_1	3431271	30205419	8.80	0	121
ptg000162l_1_region	3431271	30205419	8.80	0	121
ptg000166l_1	341311	2313397	6.78	0	22
ptg000166l_1_region	341311	2313397	6.78	0	22
ptg000167l_1	226411	1198024	5.29	0	14
ptg000167l_1_region	226411	1198024	5.29	0	14
ptg000168l_1	1618980	9628487	5.95	0	22
ptg000168l_1_region	1618980	9628487	5.95	0	22
ptg000171l_1	311500	2610332	8.38	0	36
ptg000171l_1_region	311500	2610332	8.38	0	36
ptg000172l_1	1061725	5912144	5.57	0	19
ptg000172l_1_region	1061725	5912144	5.57	0	19
ptg000173l_1	1969476	11255096	5.71	0	20
ptg000173l_1_region	1969476	11255096	5.71	0	20
ptg000174l_1	113307	191197	1.69	0	18
ptg000174l_1_region	113307	191197	1.69	0	18
ptg000175l_1	913822	4879999	5.34	0	15
ptg000175l_1_region	913822	4879999	5.34	0	15
ptg000176l_1	282886	1523583	5.39	0	23
ptg000176l_1_region	282886	1523583	5.39	0	23
ptg000179l_1	975029	4653647	4.77	0	20
ptg000179l_1_region	975029	4653647	4.77	0	20
ptg000180l_1	2098151	14081968	6.71	0	66
ptg000180l_1_region	2098151	14081968	6.71	0	66
ptg000181l_1	1229614	6885832	5.60	0	34
ptg000181l_1_region	1229614	6885832	5.60	0	34
ptg000182l_1	1016035	6287243	6.19	0	21
ptg000182l_1_region	1016035	6287243	6.19	0	21
ptg000183l_1	1412545	8249201	5.84	0	19
ptg000183l_1_region	1412545	8249201	5.84	0	19
ptg000184l_1	1114327	8998136	8.07	0	372
ptg000184l_1_region	1114327	8998136	8.07	0	372
ptg000185l_1	898203	5382600	5.99	0	18
ptg000185l_1_region	898203	5382600	5.99	0	18
ptg000187l_1	301322	1726624	5.73	0	19
ptg000187l_1_region	301322	1726624	5.73	0	19
ptg000188l_1	112124	512505	4.57	0	17
ptg000188l_1_region	112124	512505	4.57	0	17
ptg000189l_1	350341	1967116	5.61	0	14
ptg000189l_1_region	350341	1967116	5.61	0	14
ptg000190l_1	681470	3946146	5.79	0	20
ptg000190l_1_region	681470	3946146	5.79	0	20
ptg000191l_1	3187155	18200422	5.71	0	28
ptg000191l_1_region	3187155	18200422	5.71	0	28
ptg000194l_1	207100	1000499	4.83	0	17
ptg000194l_1_region	207100	1000499	4.83	0	17
ptg000195l_1	448496	2467501	5.50	0	20
ptg000195l_1_region	448496	2467501	5.50	0	20
ptg000197l_1	288531	2263060	7.84	0	19
ptg000197l_1_region	288531	2263060	7.84	0	19
ptg000198l_1	1222818	7705769	6.30	0	28
ptg000198l_1_region	1222818	7705769	6.30	0	28
ptg000199l_1	620732	3026561	4.88	0	15
ptg000199l_1_region	620732	3026561	4.88	0	15
ptg000200l_1	529585	3017420	5.70	0	15
ptg000200l_1_region	529585	3017420	5.70	0	15
ptg000203l_1	919422	4892877	5.32	0	17
ptg000203l_1_region	919422	4892877	5.32	0	17
ptg000206l_1	560493	3350852	5.98	0	19
ptg000206l_1_region	560493	3350852	5.98	0	19
ptg000208l_1	168091	1373630	8.17	0	25
ptg000208l_1_region	168091	1373630	8.17	0	25
ptg000210l_1	2003485	12117923	6.05	0	46
ptg000210l_1_region	2003485	12117923	6.05	0	46
ptg000214l_1	338067	1661422	4.91	0	23
ptg000214l_1_region	338067	1661422	4.91	0	23
ptg000215l_1	146837	1036363	7.06	0	21
ptg000215l_1_region	146837	1036363	7.06	0	21
ptg000216l_1	572280	3188694	5.57	0	20
ptg000216l_1_region	572280	3188694	5.57	0	20
ptg000217l_1	434215	2782172	6.41	0	23
ptg000217l_1_region	434215	2782172	6.41	0	23
ptg000218l_1	12782	73339	5.74	0	9
ptg000218l_1_region	12782	73339	5.74	0	9
ptg000219l_1	2134074	10999462	5.15	0	22
ptg000219l_1_region	2134074	10999462	5.15	0	22
ptg000220l_1	55644	503352	9.05	0	27
ptg000220l_1_region	55644	503352	9.05	0	27
ptg000222l_1	2228298	13488719	6.05	0	35
ptg000222l_1_region	2228298	13488719	6.05	0	35
ptg000223l_1	433311	2941552	6.79	0	78
ptg000223l_1_region	433311	2941552	6.79	0	78
ptg000224l_1	37299	48936	1.31	0	11
ptg000224l_1_region	37299	48936	1.31	0	11
ptg000227l_1	3464105	25485585	7.36	0	144
ptg000227l_1_region	3464105	25485585	7.36	0	144
ptg000229l_1	1476078	9135234	6.19	0	25
ptg000229l_1_region	1476078	9135234	6.19	0	25
ptg000230l_1	882934	5266515	5.96	0	16
ptg000230l_1_region	882934	5266515	5.96	0	16
ptg000231l_1	538216	2510576	4.66	0	19
ptg000231l_1_region	538216	2510576	4.66	0	19
ptg000233l_1	208468	1172425	5.62	0	17
ptg000233l_1_region	208468	1172425	5.62	0	17
ptg000236l_1	668830	3532540	5.28	0	16
ptg000236l_1_region	668830	3532540	5.28	0	16
ptg000238l_1	995965	6112710	6.14	0	34
ptg000238l_1_region	995965	6112710	6.14	0	34
ptg000239l_1	115467	922891	7.99	0	34
ptg000239l_1_region	115467	922891	7.99	0	34
ptg000240l_1	512162	2659800	5.19	0	13
ptg000240l_1_region	512162	2659800	5.19	0	13
ptg000241l_1	111167	464274	4.18	0	14
ptg000241l_1_region	111167	464274	4.18	0	14
ptg000242l_1	1150216	6747464	5.87	0	33
ptg000242l_1_region	1150216	6747464	5.87	0	33
ptg000245l_1	1346963	7252931	5.38	0	27
ptg000245l_1_region	1346963	7252931	5.38	0	27
ptg000246l_1	775883	4439476	5.72	0	17
ptg000246l_1_region	775883	4439476	5.72	0	17
ptg000247l_1	1198885	6446323	5.38	0	18
ptg000247l_1_region	1198885	6446323	5.38	0	18
ptg000248l_1	285395	5726106	20.06	0	151
ptg000248l_1_region	285395	5726106	20.06	0	151
ptg000250l_1	987460	5612933	5.68	0	18
ptg000250l_1_region	987460	5612933	5.68	0	18
ptg000251l_1	471929	1840692	3.90	0	17
ptg000251l_1_region	471929	1840692	3.90	0	17
ptg000252l_1	957570	4532040	4.73	0	18
ptg000252l_1_region	957570	4532040	4.73	0	18
ptg000253l_1	167238	351334	2.10	0	11
ptg000253l_1_region	167238	351334	2.10	0	11
ptg000254l_1	75736	263863	3.48	0	11
ptg000254l_1_region	75736	263863	3.48	0	11
ptg000257l_1	404407	2365249	5.85	0	21
ptg000257l_1_region	404407	2365249	5.85	0	21
ptg000258l_1	1259294	8412719	6.68	0	19
ptg000258l_1_region	1259294	8412719	6.68	0	19
ptg000259l_1	440040	2122511	4.82	0	19
ptg000259l_1_region	440040	2122511	4.82	0	19
ptg000260l_1	2024170	11542627	5.70	0	28
ptg000260l_1_region	2024170	11542627	5.70	0	28
ptg000262l_1	392051	1560163	3.98	0	11
ptg000262l_1_region	392051	1560163	3.98	0	11
ptg000263l_1	296150	2240864	7.57	0	68
ptg000263l_1_region	296150	2240864	7.57	0	68
ptg000266l_1	555696	2967373	5.34	0	24
ptg000266l_1_region	555696	2967373	5.34	0	24
ptg000267l_1	69977	339685	4.85	0	11
ptg000267l_1_region	69977	339685	4.85	0	11
ptg000269l_1	1867934	10153778	5.44	0	24
ptg000269l_1_region	1867934	10153778	5.44	0	24
ptg000270l_1	127187	659057	5.18	0	13
ptg000270l_1_region	127187	659057	5.18	0	13
ptg000271l_1	164252	838138	5.10	0	12
ptg000271l_1_region	164252	838138	5.10	0	12
ptg000272l_1	1704531	10194327	5.98	0	27
ptg000272l_1_region	1704531	10194327	5.98	0	27
ptg000273l_1	507943	2380093	4.69	0	14
ptg000273l_1_region	507943	2380093	4.69	0	14
ptg000274l_1	150305	587841	3.91	0	13
ptg000274l_1_region	150305	587841	3.91	0	13
ptg000275l_1	1198434	6168212	5.15	0	15
ptg000275l_1_region	1198434	6168212	5.15	0	15
ptg000276l_1	730836	4255587	5.82	0	16
ptg000276l_1_region	730836	4255587	5.82	0	16
ptg000279l_1	303570	1471675	4.85	0	14
ptg000279l_1_region	303570	1471675	4.85	0	14
ptg000281l_1	555253	2776521	5.00	0	17
ptg000281l_1_region	555253	2776521	5.00	0	17
ptg000282l_1	2050740	11239738	5.48	0	34
ptg000282l_1_region	2050740	11239738	5.48	0	34
ptg000283l_1	815848	4349609	5.33	0	16
ptg000283l_1_region	815848	4349609	5.33	0	16
ptg000286l_1	539966	3238686	6.00	0	125
ptg000286l_1_region	539966	3238686	6.00	0	125
ptg000287l_1	162734	582384	3.58	0	8
ptg000287l_1_region	162734	582384	3.58	0	8
ptg000288l_1	537917	3210863	5.97	0	16
ptg000288l_1_region	537917	3210863	5.97	0	16
ptg000289l_1	1362773	8006722	5.88	0	88
ptg000289l_1_region	1362773	8006722	5.88	0	88
ptg000292l_1	76620	270963	3.54	0	12
ptg000292l_1_region	76620	270963	3.54	0	12
ptg000293l_1	1334173	8477337	6.35	0	40
ptg000293l_1_region	1334173	8477337	6.35	0	40
ptg000294l_1	161136	980863	6.09	0	13
ptg000294l_1_region	161136	980863	6.09	0	13
ptg000295l_1	156759	839578	5.36	0	12
ptg000295l_1_region	156759	839578	5.36	0	12
ptg000297l_1	38313	153010	3.99	0	9
ptg000297l_1_region	38313	153010	3.99	0	9
ptg000298l_1	30576	138537	4.53	0	10
ptg000298l_1_region	30576	138537	4.53	0	10
ptg000299l_1	695798	3980474	5.72	0	20
ptg000299l_1_region	695798	3980474	5.72	0	20
ptg000300l_1	148005	566839	3.83	0	13
ptg000300l_1_region	148005	566839	3.83	0	13
ptg000301l_1	545157	2583741	4.74	0	52
ptg000301l_1_region	545157	2583741	4.74	0	52
ptg000304l_1	331508	1104730	3.33	0	11
ptg000304l_1_region	331508	1104730	3.33	0	11
ptg000306l_1	1939064	12209739	6.30	0	37
ptg000306l_1_region	1939064	12209739	6.30	0	37
ptg000307l_1	142848	602375	4.22	0	9
ptg000307l_1_region	142848	602375	4.22	0	9
ptg000308l_1	326805	1492549	4.57	0	44
ptg000308l_1_region	326805	1492549	4.57	0	44
ptg000309l_1	1758290	10611942	6.04	0	28
ptg000309l_1_region	1758290	10611942	6.04	0	28
ptg000310l_1	2688971	16636368	6.19	0	40
ptg000310l_1_region	2688971	16636368	6.19	0	40
ptg000311l_1	507709	3618214	7.13	0	27
ptg000311l_1_region	507709	3618214	7.13	0	27
ptg000312l_1	1063356	6279655	5.91	0	18
ptg000312l_1_region	1063356	6279655	5.91	0	18
ptg000313l_1	741409	3874227	5.23	0	19
ptg000313l_1_region	741409	3874227	5.23	0	19
ptg000314l_1	2439501	19081240	7.82	0	32
ptg000314l_1_region	2439501	19081240	7.82	0	32
ptg000315l_1	262547	1199952	4.57	0	17
ptg000315l_1_region	262547	1199952	4.57	0	17
ptg000316l_1	707252	3862477	5.46	0	23
ptg000316l_1_region	707252	3862477	5.46	0	23
ptg000317l_1	586921	3834918	6.53	0	26
ptg000317l_1_region	586921	3834918	6.53	0	26
ptg000318l_1	834037	4326529	5.19	0	23
ptg000318l_1_region	834037	4326529	5.19	0	23
ptg000320l_1	1121516	6561267	5.85	0	25
ptg000320l_1_region	1121516	6561267	5.85	0	25
ptg000321l_1	3587061	20103904	5.60	0	55
ptg000321l_1_region	3587061	20103904	5.60	0	55
ptg000322l_1	437023	2779917	6.36	0	16
ptg000322l_1_region	437023	2779917	6.36	0	16
ptg000323l_1	852535	4525706	5.31	0	20
ptg000323l_1_region	852535	4525706	5.31	0	20
ptg000324l_1	836823	5058731	6.05	0	17
ptg000324l_1_region	836823	5058731	6.05	0	17
ptg000325l_1	353220	1301618	3.69	0	26
ptg000325l_1_region	353220	1301618	3.69	0	26
ptg000326l_1	1016864	4039375	3.97	0	17
ptg000326l_1_region	1016864	4039375	3.97	0	17
ptg000327l_1	723404	4893785	6.76	0	23
ptg000327l_1_region	723404	4893785	6.76	0	23
ptg000328l_1	105771	459006	4.34	0	13
ptg000328l_1_region	105771	459006	4.34	0	13
ptg000329l_1	914025	5468856	5.98	0	21
ptg000329l_1_region	914025	5468856	5.98	0	21
ptg000331l_1	2499077	15054594	6.02	0	27
ptg000331l_1_region	2499077	15054594	6.02	0	27
ptg000332l_1	68945	260155	3.77	0	22
ptg000332l_1_region	68945	260155	3.77	0	22
ptg000333l_1	309970	1778036	5.74	0	32
ptg000333l_1_region	309970	1778036	5.74	0	32
ptg000334l_1	1481659	9736948	6.57	0	70
ptg000334l_1_region	1481659	9736948	6.57	0	70
ptg000335l_1	467256	2121286	4.54	0	16
ptg000335l_1_region	467256	2121286	4.54	0	16
ptg000336l_1	1855004	10653875	5.74	0	24
ptg000336l_1_region	1855004	10653875	5.74	0	24
ptg000337l_1	70537	304732	4.32	0	15
ptg000337l_1_region	70537	304732	4.32	0	15
ptg000338l_1	261717	1102535	4.21	0	12
ptg000338l_1_region	261717	1102535	4.21	0	12
ptg000340l_1	31341	160491	5.12	0	15
ptg000340l_1_region	31341	160491	5.12	0	15
ptg000341l_1	1323596	6859209	5.18	0	55
ptg000341l_1_region	1323596	6859209	5.18	0	55
ptg000342l_1	538518	2976480	5.53	0	15
ptg000342l_1_region	538518	2976480	5.53	0	15
ptg000343l_1	2014236	10486091	5.21	0	22
ptg000343l_1_region	2014236	10486091	5.21	0	22
ptg000344l_1	1684115	10895146	6.47	0	44
ptg000344l_1_region	1684115	10895146	6.47	0	44
ptg000345l_1	1256037	7131544	5.68	0	26
ptg000345l_1_region	1256037	7131544	5.68	0	26
ptg000346l_1	45786	225396	4.92	0	11
ptg000346l_1_region	45786	225396	4.92	0	11
ptg000347l_1	41075	219464	5.34	0	10
ptg000347l_1_region	41075	219464	5.34	0	10
ptg000349l_1	2204234	11943311	5.42	0	20
ptg000349l_1_region	2204234	11943311	5.42	0	20
ptg000350l_1	1720262	10212765	5.94	0	21
ptg000350l_1_region	1720262	10212765	5.94	0	21
ptg000351l_1	35921	118257	3.29	0	11
ptg000351l_1_region	35921	118257	3.29	0	11
ptg000352l_1	242008	1265362	5.23	0	13
ptg000352l_1_region	242008	1265362	5.23	0	13
ptg000353l_1	671123	2336766	3.48	0	122
ptg000353l_1_region	671123	2336766	3.48	0	122
ptg000354l_1	84415	578574	6.85	0	16
ptg000354l_1_region	84415	578574	6.85	0	16
ptg000355l_1	303893	1726008	5.68	0	15
ptg000355l_1_region	303893	1726008	5.68	0	15
ptg000356l_1	363851	2060755	5.66	0	16
ptg000356l_1_region	363851	2060755	5.66	0	16
ptg000357l_1	2594736	18759760	7.23	0	35
ptg000357l_1_region	2594736	18759760	7.23	0	35
ptg000358l_1	312206	1267205	4.06	0	11
ptg000358l_1_region	312206	1267205	4.06	0	11
ptg000359l_1	254103	1502262	5.91	0	38
ptg000359l_1_region	254103	1502262	5.91	0	38
ptg000360l_1	813349	5437698	6.69	0	18
ptg000360l_1_region	813349	5437698	6.69	0	18
ptg000361l_1	1735517	9856326	5.68	0	24
ptg000361l_1_region	1735517	9856326	5.68	0	24
ptg000362l_1	254149	1258074	4.95	0	15
ptg000362l_1_region	254149	1258074	4.95	0	15
ptg000363l_1	886317	5261938	5.94	0	18
ptg000363l_1_region	886317	5261938	5.94	0	18
ptg000364l_1	685131	4198348	6.13	0	15
ptg000364l_1_region	685131	4198348	6.13	0	15
ptg000365l_1	131061	735890	5.61	0	12
ptg000365l_1_region	131061	735890	5.61	0	12
ptg000367l_1	476683	2133470	4.48	0	18
ptg000367l_1_region	476683	2133470	4.48	0	18
ptg000368l_1	5276269	31680168	6.00	0	42
ptg000368l_1_region	5276269	31680168	6.00	0	42
ptg000369l_1	589055	3474490	5.90	0	41
ptg000369l_1_region	589055	3474490	5.90	0	41
ptg000370l_1	213945	1417877	6.63	0	16
ptg000370l_1_region	213945	1417877	6.63	0	16
ptg000371l_1	231167	1332836	5.77	0	25
ptg000371l_1_region	231167	1332836	5.77	0	25
ptg000372l_1	993733	5377955	5.41	0	24
ptg000372l_1_region	993733	5377955	5.41	0	24
ptg000374l_1	1163760	6391094	5.49	0	24
ptg000374l_1_region	1163760	6391094	5.49	0	24
ptg000375l_1	742624	4202662	5.66	0	22
ptg000375l_1_region	742624	4202662	5.66	0	22
ptg000376l_1	1672575	8733055	5.22	0	21
ptg000376l_1_region	1672575	8733055	5.22	0	21
ptg000377l_1	108293	285407	2.64	0	9
ptg000377l_1_region	108293	285407	2.64	0	9
ptg000378l_1	401076	1677591	4.18	0	15
ptg000378l_1_region	401076	1677591	4.18	0	15
ptg000379l_1	927751	5519220	5.95	0	33
ptg000379l_1_region	927751	5519220	5.95	0	33
ptg000380l_1	377670	2085515	5.52	0	40
ptg000380l_1_region	377670	2085515	5.52	0	40
ptg000381l_1	380577	2005040	5.27	0	20
ptg000381l_1_region	380577	2005040	5.27	0	20
ptg000383l_1	391976	2378762	6.07	0	18
ptg000383l_1_region	391976	2378762	6.07	0	18
ptg000384l_1	59974	244826	4.08	0	12
ptg000384l_1_region	59974	244826	4.08	0	12
ptg000385l_1	2707469	15766833	5.82	0	18
ptg000385l_1_region	2707469	15766833	5.82	0	18
ptg000386l_1	117726	364514	3.10	0	17
ptg000386l_1_region	117726	364514	3.10	0	17
ptg000387l_1	2427050	12904974	5.32	0	16
ptg000387l_1_region	2427050	12904974	5.32	0	16
ptg000388l_1	699671	3581627	5.12	0	21
ptg000388l_1_region	699671	3581627	5.12	0	21
ptg000389l_1	201666	1069393	5.30	0	17
ptg000389l_1_region	201666	1069393	5.30	0	17
ptg000390l_1	61254	393086	6.42	0	13
ptg000390l_1_region	61254	393086	6.42	0	13
ptg000391l_1	923783	5174166	5.60	0	17
ptg000391l_1_region	923783	5174166	5.60	0	17
ptg000393l_1	629484	4257991	6.76	0	18
ptg000393l_1_region	629484	4257991	6.76	0	18
ptg000394l_1	985624	4187280	4.25	0	14
ptg000394l_1_region	985624	4187280	4.25	0	14
ptg000395l_1	97795	250771	2.56	0	7
ptg000395l_1_region	97795	250771	2.56	0	7
ptg000396l_1	346127	2214939	6.40	0	25
ptg000396l_1_region	346127	2214939	6.40	0	25
ptg000397l_1	1730533	8892860	5.14	0	30
ptg000397l_1_region	1730533	8892860	5.14	0	30
ptg000398l_1	1287704	6948792	5.40	0	18
ptg000398l_1_region	1287704	6948792	5.40	0	18
ptg000400l_1	290861	1093314	3.76	0	12
ptg000400l_1_region	290861	1093314	3.76	0	12
ptg000401l_1	630775	10480258	16.61	0	317
ptg000401l_1_region	630775	10480258	16.61	0	317
ptg000403l_1	2150571	16624235	7.73	0	99
ptg000403l_1_region	2150571	16624235	7.73	0	99
ptg000404l_1	693376	4982273	7.19	0	73
ptg000404l_1_region	693376	4982273	7.19	0	73
ptg000405l_1	998618	6591110	6.60	0	73
ptg000405l_1_region	998618	6591110	6.60	0	73
ptg000406l_1	451435	5455249	12.08	0	89
ptg000406l_1_region	451435	5455249	12.08	0	89
ptg000407l_1	86413	506870	5.87	0	15
ptg000407l_1_region	86413	506870	5.87	0	15
ptg000409l_1	1620573	9607296	5.93	0	22
ptg000409l_1_region	1620573	9607296	5.93	0	22
ptg000410l_1	1076561	6255814	5.81	0	19
ptg000410l_1_region	1076561	6255814	5.81	0	19
ptg000411l_1	246907	1033311	4.19	0	12
ptg000411l_1_region	246907	1033311	4.19	0	12
ptg000412l_1	1804891	11251439	6.23	0	23
ptg000412l_1_region	1804891	11251439	6.23	0	23
ptg000413l_1	1543948	8498747	5.50	0	19
ptg000413l_1_region	1543948	8498747	5.50	0	19
ptg000414l_1	26002	59924	2.30	0	8
ptg000414l_1_region	26002	59924	2.30	0	8
ptg000415l_1	2072861	11683275	5.64	0	29
ptg000415l_1_region	2072861	11683275	5.64	0	29
ptg000416l_1	1483863	8388023	5.65	0	22
ptg000416l_1_region	1483863	8388023	5.65	0	22
ptg000417l_1	744333	4506186	6.05	0	25
ptg000417l_1_region	744333	4506186	6.05	0	25
ptg000418l_1	976882	5738930	5.87	0	20
ptg000418l_1_region	976882	5738930	5.87	0	20
ptg000419l_1	1711250	9544318	5.58	0	22
ptg000419l_1_region	1711250	9544318	5.58	0	22
ptg000420l_1	491866	4360400	8.87	0	74
ptg000420l_1_region	491866	4360400	8.87	0	74
ptg000422l_1	346930	1966308	5.67	0	16
ptg000422l_1_region	346930	1966308	5.67	0	16
ptg000423l_1	659228	3750038	5.69	0	14
ptg000423l_1_region	659228	3750038	5.69	0	14
ptg000424l_1	388290	1927052	4.96	0	15
ptg000424l_1_region	388290	1927052	4.96	0	15
ptg000425l_1	561010	3825784	6.82	0	50
ptg000425l_1_region	561010	3825784	6.82	0	50
ptg000426l_1	1405183	8207475	5.84	0	21
ptg000426l_1_region	1405183	8207475	5.84	0	21
ptg000427l_1	26499	149829	5.65	0	11
ptg000427l_1_region	26499	149829	5.65	0	11
ptg000428l_1	590770	3813617	6.46	0	26
ptg000428l_1_region	590770	3813617	6.46	0	26
ptg000429l_1	1038721	5469412	5.27	0	17
ptg000429l_1_region	1038721	5469412	5.27	0	17
ptg000430l_1	510551	3199958	6.27	0	20
ptg000430l_1_region	510551	3199958	6.27	0	20
ptg000431l_1	101465	59925	0.59	0	11
ptg000431l_1_region	101465	59925	0.59	0	11
ptg000432l_1	1163470	10243447	8.80	0	41
ptg000432l_1_region	1163470	10243447	8.80	0	41
ptg000433l_1	1888774	11367161	6.02	0	19
ptg000433l_1_region	1888774	11367161	6.02	0	19
ptg000436l_1	1222733	6675801	5.46	0	99
ptg000436l_1_region	1222733	6675801	5.46	0	99
ptg000439l_1	161999	762929	4.71	0	14
ptg000439l_1_region	161999	762929	4.71	0	14
ptg000440l_1	729777	3693130	5.06	0	15
ptg000440l_1_region	729777	3693130	5.06	0	15
ptg000441l_1	1080165	6212325	5.75	0	18
ptg000441l_1_region	1080165	6212325	5.75	0	18
ptg000442l_1	591296	4612169	7.80	0	198
ptg000442l_1_region	591296	4612169	7.80	0	198
ptg000443l_1	93220	410902	4.41	0	12
ptg000443l_1_region	93220	410902	4.41	0	12
ptg000444l_1	842075	4578064	5.44	0	17
ptg000444l_1_region	842075	4578064	5.44	0	17
ptg000445l_1	1131015	9810937	8.67	0	49
ptg000445l_1_region	1131015	9810937	8.67	0	49
ptg000446l_1	63094	463425	7.34	0	19
ptg000446l_1_region	63094	463425	7.34	0	19
ptg000447l_1	99720	47775	0.48	0	14
ptg000447l_1_region	99720	47775	0.48	0	14
ptg000448l_1	959668	6282138	6.55	0	20
ptg000448l_1_region	959668	6282138	6.55	0	20
ptg000449l_1	639083	3002849	4.70	0	15
ptg000449l_1_region	639083	3002849	4.70	0	15
ptg000451l_1	846605	5452579	6.44	0	30
ptg000451l_1_region	846605	5452579	6.44	0	30
ptg000453l_1	1952325	10659079	5.46	0	21
ptg000453l_1_region	1952325	10659079	5.46	0	21
ptg000457l_1	1366762	7351583	5.38	0	18
ptg000457l_1_region	1366762	7351583	5.38	0	18
ptg000458l_1	3270984	19071318	5.83	0	29
ptg000458l_1_region	3270984	19071318	5.83	0	29
ptg000459l_1	1419135	9312090	6.56	0	68
ptg000459l_1_region	1419135	9312090	6.56	0	68
ptg000460l_1	410620	1933348	4.71	0	13
ptg000460l_1_region	410620	1933348	4.71	0	13
ptg000461l_1	642841	3504553	5.45	0	17
ptg000461l_1_region	642841	3504553	5.45	0	17
ptg000462l_1	259718	1577715	6.07	0	24
ptg000462l_1_region	259718	1577715	6.07	0	24
ptg000464l_1	568540	3449470	6.07	0	28
ptg000464l_1_region	568540	3449470	6.07	0	28
ptg000465l_1	2105854	11686859	5.55	0	23
ptg000465l_1_region	2105854	11686859	5.55	0	23
ptg000466l_1	700596	4246475	6.06	0	16
ptg000466l_1_region	700596	4246475	6.06	0	16
ptg000467l_1	461823	3480388	7.54	0	40
ptg000467l_1_region	461823	3480388	7.54	0	40
ptg000468l_1	280083	1350841	4.82	0	12
ptg000468l_1_region	280083	1350841	4.82	0	12
ptg000470l_1	553289	3078654	5.56	0	21
ptg000470l_1_region	553289	3078654	5.56	0	21
ptg000471l_1	961015	4827040	5.02	0	15
ptg000471l_1_region	961015	4827040	5.02	0	15
ptg000472l_1	1002229	5888550	5.88	0	19
ptg000472l_1_region	1002229	5888550	5.88	0	19
ptg000473l_1	406824	1889171	4.64	0	16
ptg000473l_1_region	406824	1889171	4.64	0	16
ptg000474l_1	1919002	10565518	5.51	0	20
ptg000474l_1_region	1919002	10565518	5.51	0	20
ptg000475l_1	603814	2770751	4.59	0	17
ptg000475l_1_region	603814	2770751	4.59	0	17
ptg000476l_1	744920	4853101	6.51	0	21
ptg000476l_1_region	744920	4853101	6.51	0	21
ptg000477l_1	1612617	9846314	6.11	0	18
ptg000477l_1_region	1612617	9846314	6.11	0	18
ptg000479l_1	36046	84718	2.35	0	5
ptg000479l_1_region	36046	84718	2.35	0	5
ptg000480l_1	52980	85844	1.62	0	4
ptg000480l_1_region	52980	85844	1.62	0	4
ptg000481l_1	1947319	12763565	6.55	0	217
ptg000481l_1_region	1947319	12763565	6.55	0	217
ptg000482l_1	1996948	11054911	5.54	0	31
ptg000482l_1_region	1996948	11054911	5.54	0	31
ptg000483l_1	171079	698680	4.08	0	14
ptg000483l_1_region	171079	698680	4.08	0	14
ptg000485l_1	199827	1009577	5.05	0	15
ptg000485l_1_region	199827	1009577	5.05	0	15
ptg000486l_1	15408	66495	4.32	0	8
ptg000486l_1_region	15408	66495	4.32	0	8
ptg000488l_1	1121584	8875982	7.91	0	85
ptg000488l_1_region	1121584	8875982	7.91	0	85
ptg000489l_1	737940	5176335	7.01	0	20
ptg000489l_1_region	737940	5176335	7.01	0	20
ptg000490l_1	85158	349497	4.10	0	11
ptg000490l_1_region	85158	349497	4.10	0	11
ptg000491l_1	1020294	5259829	5.16	0	16
ptg000491l_1_region	1020294	5259829	5.16	0	16
ptg000492l_1	1200146	6388135	5.32	0	20
ptg000492l_1_region	1200146	6388135	5.32	0	20
ptg000493l_1	407323	2119056	5.20	0	24
ptg000493l_1_region	407323	2119056	5.20	0	24
ptg000494l_1	89604	312635	3.49	0	8
ptg000494l_1_region	89604	312635	3.49	0	8
ptg000495l_1	456642	2422651	5.31	0	15
ptg000495l_1_region	456642	2422651	5.31	0	15
ptg000496l_1	644650	4165402	6.46	0	19
ptg000496l_1_region	644650	4165402	6.46	0	19
ptg000497l_1	30995	117148	3.78	0	10
ptg000497l_1_region	30995	117148	3.78	0	10
ptg000498l_1	1954289	16151206	8.26	0	65
ptg000498l_1_region	1954289	16151206	8.26	0	65
ptg000499l_1	282890	1837084	6.49	0	21
ptg000499l_1_region	282890	1837084	6.49	0	21
ptg000500l_1	841373	4781053	5.68	0	21
ptg000500l_1_region	841373	4781053	5.68	0	21
ptg000501l_1	1160045	5964002	5.14	0	93
ptg000501l_1_region	1160045	5964002	5.14	0	93
ptg000502l_1	2289107	12700925	5.55	0	30
ptg000502l_1_region	2289107	12700925	5.55	0	30
ptg000503l_1	320528	1985297	6.19	0	67
ptg000503l_1_region	320528	1985297	6.19	0	67
ptg000505l_1	542438	2412934	4.45	0	18
ptg000505l_1_region	542438	2412934	4.45	0	18
ptg000506l_1	1914633	11700606	6.11	0	26
ptg000506l_1_region	1914633	11700606	6.11	0	26
ptg000510l_1	211221	990000	4.69	0	14
ptg000510l_1_region	211221	990000	4.69	0	14
ptg000511l_1	165331	941983	5.70	0	12
ptg000511l_1_region	165331	941983	5.70	0	12
ptg000512l_1	63187	449142	7.11	0	13
ptg000512l_1_region	63187	449142	7.11	0	13
ptg000513l_1	721062	3844679	5.33	0	23
ptg000513l_1_region	721062	3844679	5.33	0	23
ptg000514l_1	2082337	11866751	5.70	0	33
ptg000514l_1_region	2082337	11866751	5.70	0	33
ptg000515l_1	927749	5227006	5.63	0	61
ptg000515l_1_region	927749	5227006	5.63	0	61
ptg000518l_1	638976	3758095	5.88	0	17
ptg000518l_1_region	638976	3758095	5.88	0	17
ptg000519l_1	298544	1398854	4.69	0	17
ptg000519l_1_region	298544	1398854	4.69	0	17
ptg000521l_1	582647	2369522	4.07	0	13
ptg000521l_1_region	582647	2369522	4.07	0	13
ptg000523l_1	711202	4154005	5.84	0	49
ptg000523l_1_region	711202	4154005	5.84	0	49
ptg000524l_1	527520	3014498	5.71	0	19
ptg000524l_1_region	527520	3014498	5.71	0	19
ptg000525l_1	1242587	6865142	5.52	0	26
ptg000525l_1_region	1242587	6865142	5.52	0	26
ptg000526l_1	205457	982786	4.78	0	13
ptg000526l_1_region	205457	982786	4.78	0	13
ptg000528l_1	1333971	7708476	5.78	0	29
ptg000528l_1_region	1333971	7708476	5.78	0	29
ptg000529l_1	1135722	6860274	6.04	0	22
ptg000529l_1_region	1135722	6860274	6.04	0	22
ptg000530l_1	1004182	6118243	6.09	0	20
ptg000530l_1_region	1004182	6118243	6.09	0	20
ptg000531l_1	2479041	15661984	6.32	0	23
ptg000531l_1_region	2479041	15661984	6.32	0	23
ptg000532l_1	378492	2081580	5.50	0	63
ptg000532l_1_region	378492	2081580	5.50	0	63
ptg000533l_1	1202677	6247007	5.19	0	46
ptg000533l_1_region	1202677	6247007	5.19	0	46
ptg000534l_1	867244	12073336	13.92	0	106
ptg000534l_1_region	867244	12073336	13.92	0	106
ptg000535l_1	1032278	11797680	11.43	0	112
ptg000535l_1_region	1032278	11797680	11.43	0	112
ptg000537l_1	70687	231894	3.28	0	9
ptg000537l_1_region	70687	231894	3.28	0	9
ptg000538l_1	826561	3964111	4.80	0	29
ptg000538l_1_region	826561	3964111	4.80	0	29
ptg000539l_1	901341	5261995	5.84	0	38
ptg000539l_1_region	901341	5261995	5.84	0	38
ptg000541l_1	407607	2729623	6.70	0	31
ptg000541l_1_region	407607	2729623	6.70	0	31
ptg000542l_1	71448	428106	5.99	0	18
ptg000542l_1_region	71448	428106	5.99	0	18
ptg000543l_1	211014	971453	4.60	0	11
ptg000543l_1_region	211014	971453	4.60	0	11
ptg000546l_1	1695806	13730448	8.10	0	35
ptg000546l_1_region	1695806	13730448	8.10	0	35
ptg000547l_1	2508821	13061095	5.21	0	26
ptg000547l_1_region	2508821	13061095	5.21	0	26
ptg000548l_1	58155	218254	3.75	0	19
ptg000548l_1_region	58155	218254	3.75	0	19
ptg000549l_1	396912	1865415	4.70	0	15
ptg000549l_1_region	396912	1865415	4.70	0	15
ptg000550l_1	1230750	7159814	5.82	0	21
ptg000550l_1_region	1230750	7159814	5.82	0	21
ptg000551l_1	1172771	7093837	6.05	0	32
ptg000551l_1_region	1172771	7093837	6.05	0	32
ptg000553l_1	292005	92025	0.32	0	3
ptg000553l_1_region	292005	92025	0.32	0	3
ptg000554l_1	248957	66272	0.27	0	2
ptg000554l_1_region	248957	66272	0.27	0	2
ptg000555l_1	257743	41814	0.16	0	2
ptg000555l_1_region	257743	41814	0.16	0	2
ptg000556l_1	653180	1481290	2.27	0	27
ptg000556l_1_region	653180	1481290	2.27	0	27
ptg000558l_1	452701	54629	0.12	0	10
ptg000558l_1_region	452701	54629	0.12	0	10
ptg000559l_1	606355	2988051	4.93	0	21
ptg000559l_1_region	606355	2988051	4.93	0	21
ptg000560l_1	1105591	6261619	5.66	0	22
ptg000560l_1_region	1105591	6261619	5.66	0	22
ptg000561l_1	343938	1777468	5.17	0	16
ptg000561l_1_region	343938	1777468	5.17	0	16
ptg000562l_1	253508	1270032	5.01	0	132
ptg000562l_1_region	253508	1270032	5.01	0	132
ptg000565l_1	132522	657553	4.96	0	16
ptg000565l_1_region	132522	657553	4.96	0	16
ptg000566l_1	59373	496735	8.37	0	18
ptg000566l_1_region	59373	496735	8.37	0	18
ptg000567l_1	453034	2594009	5.73	0	19
ptg000567l_1_region	453034	2594009	5.73	0	19
ptg000568l_1	62457	188029	3.01	0	8
ptg000568l_1_region	62457	188029	3.01	0	8
ptg000569l_1	1054034	6373423	6.05	0	35
ptg000569l_1_region	1054034	6373423	6.05	0	35
ptg000571l_1	2477281	13364847	5.39	0	22
ptg000571l_1_region	2477281	13364847	5.39	0	22
ptg000573l_1	1100496	6163356	5.60	0	20
ptg000573l_1_region	1100496	6163356	5.60	0	20
ptg000575l_1	531390	2582652	4.86	0	23
ptg000575l_1_region	531390	2582652	4.86	0	23
ptg000576l_1	623008	5162601	8.29	0	38
ptg000576l_1_region	623008	5162601	8.29	0	38
ptg000578l_1	542842	2823848	5.20	0	18
ptg000578l_1_region	542842	2823848	5.20	0	18
ptg000580l_1	531753	2848909	5.36	0	16
ptg000580l_1_region	531753	2848909	5.36	0	16
ptg000581l_1	605636	3024670	4.99	0	21
ptg000581l_1_region	605636	3024670	4.99	0	21
ptg000582l_1	1728820	9854424	5.70	0	17
ptg000582l_1_region	1728820	9854424	5.70	0	17
ptg000583l_1	424710	2308309	5.44	0	21
ptg000583l_1_region	424710	2308309	5.44	0	21
ptg000584l_1	467559	2629459	5.62	0	16
ptg000584l_1_region	467559	2629459	5.62	0	16
ptg000586l_1	418237	2463047	5.89	0	18
ptg000586l_1_region	418237	2463047	5.89	0	18
ptg000587l_1	362237	1928155	5.32	0	24
ptg000587l_1_region	362237	1928155	5.32	0	24
ptg000588l_1	2909338	16535232	5.68	0	23
ptg000588l_1_region	2909338	16535232	5.68	0	23
ptg000590l_1	46135	233051	5.05	0	10
ptg000590l_1_region	46135	233051	5.05	0	10
ptg000591l_1	45050	348598	7.74	0	18
ptg000591l_1_region	45050	348598	7.74	0	18
ptg000592l_1	216974	1304720	6.01	0	13
ptg000592l_1_region	216974	1304720	6.01	0	13
ptg000593l_1	766303	4630326	6.04	0	29
ptg000593l_1_region	766303	4630326	6.04	0	29
ptg000595l_1	383472	2873833	7.49	0	35
ptg000595l_1_region	383472	2873833	7.49	0	35
ptg000596l_1	57816	301595	5.22	0	19
ptg000596l_1_region	57816	301595	5.22	0	19
ptg000597l_1	1474032	9012689	6.11	0	19
ptg000597l_1_region	1474032	9012689	6.11	0	19
ptg000598l_1	529218	2895590	5.47	0	23
ptg000598l_1_region	529218	2895590	5.47	0	23
ptg000600l_1	325783	2094772	6.43	0	231
ptg000600l_1_region	325783	2094772	6.43	0	231
ptg000601l_1	611642	2522949	4.12	0	20
ptg000601l_1_region	611642	2522949	4.12	0	20
ptg000602l_1	369459	2025460	5.48	0	18
ptg000602l_1_region	369459	2025460	5.48	0	18
ptg000603l_1	337014	1503899	4.46	0	23
ptg000603l_1_region	337014	1503899	4.46	0	23
ptg000604l_1	548030	3175889	5.80	0	24
ptg000604l_1_region	548030	3175889	5.80	0	24
ptg000605l_1	131548	434263	3.30	0	11
ptg000605l_1_region	131548	434263	3.30	0	11
ptg000607l_1	125233	613586	4.90	0	14
ptg000607l_1_region	125233	613586	4.90	0	14
ptg000608l_1	53558	147768	2.76	0	7
ptg000608l_1_region	53558	147768	2.76	0	7
ptg000609l_1	436886	2342525	5.36	0	16
ptg000609l_1_region	436886	2342525	5.36	0	16
ptg000610l_1	3804834	22624837	5.95	0	31
ptg000610l_1_region	3804834	22624837	5.95	0	31
ptg000611l_1	343993	1969652	5.73	0	14
ptg000611l_1_region	343993	1969652	5.73	0	14
ptg000612l_1	980333	5192027	5.30	0	19
ptg000612l_1_region	980333	5192027	5.30	0	19
ptg000613l_1	97725	469352	4.80	0	11
ptg000613l_1_region	97725	469352	4.80	0	11
ptg000614l_1	367527	1962761	5.34	0	17
ptg000614l_1_region	367527	1962761	5.34	0	17
ptg000615l_1	2199746	13560217	6.16	0	28
ptg000615l_1_region	2199746	13560217	6.16	0	28
ptg000616l_1	287665	1354453	4.71	0	13
ptg000616l_1_region	287665	1354453	4.71	0	13
ptg000617l_1	1438765	8667575	6.02	0	19
ptg000617l_1_region	1438765	8667575	6.02	0	19
ptg000618l_1	184790	961225	5.20	0	13
ptg000618l_1_region	184790	961225	5.20	0	13
ptg000619l_1	645705	3977823	6.16	0	23
ptg000619l_1_region	645705	3977823	6.16	0	23
ptg000620l_1	1141734	6174259	5.41	0	28
ptg000620l_1_region	1141734	6174259	5.41	0	28
ptg000622l_1	2120920	12488829	5.89	0	32
ptg000622l_1_region	2120920	12488829	5.89	0	32
ptg000623l_1	1207740	6475024	5.36	0	18
ptg000623l_1_region	1207740	6475024	5.36	0	18
ptg000625l_1	1663782	10120320	6.08	0	17
ptg000625l_1_region	1663782	10120320	6.08	0	17
ptg000626l_1	441134	2234913	5.07	0	15
ptg000626l_1_region	441134	2234913	5.07	0	15
ptg000628l_1	61961	329572	5.32	0	19
ptg000628l_1_region	61961	329572	5.32	0	19
ptg000629l_1	1174710	5931624	5.05	0	20
ptg000629l_1_region	1174710	5931624	5.05	0	20
ptg000630l_1	88635	218584	2.47	0	37
ptg000630l_1_region	88635	218584	2.47	0	37
ptg000631l_1	1505042	9826424	6.53	0	80
ptg000631l_1_region	1505042	9826424	6.53	0	80
ptg000632l_1	1569253	9528730	6.07	0	43
ptg000632l_1_region	1569253	9528730	6.07	0	43
ptg000633l_1	2783501	17276245	6.21	0	26
ptg000633l_1_region	2783501	17276245	6.21	0	26
ptg000634l_1	33222	75837	2.28	0	9
ptg000634l_1_region	33222	75837	2.28	0	9
ptg000635l_1	1023133	6104974	5.97	0	19
ptg000635l_1_region	1023133	6104974	5.97	0	19
ptg000639l_1	294570	1093053	3.71	0	27
ptg000639l_1_region	294570	1093053	3.71	0	27
ptg000640l_1	317023	2124868	6.70	0	29
ptg000640l_1_region	317023	2124868	6.70	0	29
ptg000641l_1	465731	2072346	4.45	0	15
ptg000641l_1_region	465731	2072346	4.45	0	15
ptg000642l_1	968035	7871038	8.13	0	67
ptg000642l_1_region	968035	7871038	8.13	0	67
ptg000643l_1	339976	2082675	6.13	0	14
ptg000643l_1_region	339976	2082675	6.13	0	14
ptg000644l_1	214086	1766107	8.25	0	43
ptg000644l_1_region	214086	1766107	8.25	0	43
ptg000645l_1	539136	3248405	6.03	0	19
ptg000645l_1_region	539136	3248405	6.03	0	19
ptg000646l_1	860311	4811622	5.59	0	18
ptg000646l_1_region	860311	4811622	5.59	0	18
ptg000647l_1	317703	1691278	5.32	0	15
ptg000647l_1_region	317703	1691278	5.32	0	15
ptg000649l_1	97630	313646	3.21	0	13
ptg000649l_1_region	97630	313646	3.21	0	13
ptg000650l_1	980791	4742363	4.84	0	23
ptg000650l_1_region	980791	4742363	4.84	0	23
ptg000651l_1	341867	2002041	5.86	0	22
ptg000651l_1_region	341867	2002041	5.86	0	22
ptg000652l_1	507309	2923766	5.76	0	16
ptg000652l_1_region	507309	2923766	5.76	0	16
ptg000653l_1	57490	297407	5.17	0	17
ptg000653l_1_region	57490	297407	5.17	0	17
ptg000654l_1	291879	1489654	5.10	0	34
ptg000654l_1_region	291879	1489654	5.10	0	34
ptg000655l_1	674303	4011072	5.95	0	22
ptg000655l_1_region	674303	4011072	5.95	0	22
ptg000656l_1	488300	3111538	6.37	0	36
ptg000656l_1_region	488300	3111538	6.37	0	36
ptg000657l_1	509513	4788696	9.40	0	72
ptg000657l_1_region	509513	4788696	9.40	0	72
ptg000658l_1	1004795	6507803	6.48	0	38
ptg000658l_1_region	1004795	6507803	6.48	0	38
ptg000659l_1	295121	1611198	5.46	0	16
ptg000659l_1_region	295121	1611198	5.46	0	16
ptg000660l_1	178674	2274515	12.73	0	30
ptg000660l_1_region	178674	2274515	12.73	0	30
ptg000662l_1	187469	704176	3.76	0	13
ptg000662l_1_region	187469	704176	3.76	0	13
ptg000663l_1	1160821	6559107	5.65	0	30
ptg000663l_1_region	1160821	6559107	5.65	0	30
ptg000664l_1	2136546	10709503	5.01	0	19
ptg000664l_1_region	2136546	10709503	5.01	0	19
ptg000665l_1	70483	333536	4.73	0	14
ptg000665l_1_region	70483	333536	4.73	0	14
ptg000666l_1	605623	3555762	5.87	0	22
ptg000666l_1_region	605623	3555762	5.87	0	22
ptg000667l_1	584243	3241479	5.55	0	19
ptg000667l_1_region	584243	3241479	5.55	0	19
ptg000668l_1	378837	1946923	5.14	0	21
ptg000668l_1_region	378837	1946923	5.14	0	21
ptg000670l_1	977896	5590987	5.72	0	23
ptg000670l_1_region	977896	5590987	5.72	0	23
ptg000671l_1	160802	833808	5.19	0	19
ptg000671l_1_region	160802	833808	5.19	0	19
ptg000672l_1	98959	646344	6.53	0	15
ptg000672l_1_region	98959	646344	6.53	0	15
ptg000673l_1	393997	3320409	8.43	0	51
ptg000673l_1_region	393997	3320409	8.43	0	51
ptg000674l_1	21863	106990	4.89	0	16
ptg000674l_1_region	21863	106990	4.89	0	16
ptg000675l_1	596889	2881857	4.83	0	20
ptg000675l_1_region	596889	2881857	4.83	0	20
ptg000676l_1	184530	738644	4.00	0	14
ptg000676l_1_region	184530	738644	4.00	0	14
ptg000678l_1	359223	1133479	3.16	0	29
ptg000678l_1_region	359223	1133479	3.16	0	29
ptg000681l_1	295933	1907519	6.45	0	16
ptg000681l_1_region	295933	1907519	6.45	0	16
ptg000682l_1	65926	359973	5.46	0	10
ptg000682l_1_region	65926	359973	5.46	0	10
ptg000683l_1	68187	226152	3.32	0	8
ptg000683l_1_region	68187	226152	3.32	0	8
ptg000684l_1	965467	5952991	6.17	0	22
ptg000684l_1_region	965467	5952991	6.17	0	22
ptg000685l_1	342530	1808530	5.28	0	25
ptg000685l_1_region	342530	1808530	5.28	0	25
ptg000686l_1	910406	5524932	6.07	0	138
ptg000686l_1_region	910406	5524932	6.07	0	138
ptg000687l_1	1835281	10757874	5.86	0	17
ptg000687l_1_region	1835281	10757874	5.86	0	17
ptg000688l_1	128691	546468	4.25	0	13
ptg000688l_1_region	128691	546468	4.25	0	13
ptg000689l_1	1013945	5158203	5.09	0	38
ptg000689l_1_region	1013945	5158203	5.09	0	38
ptg000690l_1	1054286	6140234	5.82	0	33
ptg000690l_1_region	1054286	6140234	5.82	0	33
ptg000691l_1	485118	2737198	5.64	0	16
ptg000691l_1_region	485118	2737198	5.64	0	16
ptg000692l_1	303712	1394817	4.59	0	12
ptg000692l_1_region	303712	1394817	4.59	0	12
ptg000693l_1	163960	851076	5.19	0	18
ptg000693l_1_region	163960	851076	5.19	0	18
ptg000695l_1	1050954	6695702	6.37	0	21
ptg000695l_1_region	1050954	6695702	6.37	0	21
ptg000696l_1	633632	2670384	4.21	0	27
ptg000696l_1_region	633632	2670384	4.21	0	27
ptg000697l_1	51987	316256	6.08	0	12
ptg000697l_1_region	51987	316256	6.08	0	12
ptg000699l_1	749889	3596436	4.80	0	17
ptg000699l_1_region	749889	3596436	4.80	0	17
ptg000700l_1	2045629	11457190	5.60	0	24
ptg000700l_1_region	2045629	11457190	5.60	0	24
ptg000701l_1	591745	5794998	9.79	0	31
ptg000701l_1_region	591745	5794998	9.79	0	31
ptg000702l_1	380864	1525233	4.00	0	13
ptg000702l_1_region	380864	1525233	4.00	0	13
ptg000703l_1	282946	1496338	5.29	0	16
ptg000703l_1_region	282946	1496338	5.29	0	16
ptg000704l_1	407226	2541862	6.24	0	15
ptg000704l_1_region	407226	2541862	6.24	0	15
ptg000705l_1	327687	2477397	7.56	0	31
ptg000705l_1_region	327687	2477397	7.56	0	31
ptg000707l_1	175784	852544	4.85	0	18
ptg000707l_1_region	175784	852544	4.85	0	18
ptg000708l_1	56087	291371	5.19	0	11
ptg000708l_1_region	56087	291371	5.19	0	11
ptg000709l_1	662038	3896417	5.89	0	16
ptg000709l_1_region	662038	3896417	5.89	0	16
ptg000710l_1	297584	1959149	6.58	0	16
ptg000710l_1_region	297584	1959149	6.58	0	16
ptg000711l_1	421834	2474250	5.87	0	17
ptg000711l_1_region	421834	2474250	5.87	0	17
ptg000712l_1	1417867	7598600	5.36	0	21
ptg000712l_1_region	1417867	7598600	5.36	0	21
ptg000713l_1	65996	288050	4.36	0	16
ptg000713l_1_region	65996	288050	4.36	0	16
ptg000714l_1	92799	663674	7.15	0	20
ptg000714l_1_region	92799	663674	7.15	0	20
ptg000715l_1	590546	2628993	4.45	0	14
ptg000715l_1_region	590546	2628993	4.45	0	14
ptg000716l_1	421484	1849984	4.39	0	12
ptg000716l_1_region	421484	1849984	4.39	0	12
ptg000718l_1	1203521	6166658	5.12	0	26
ptg000718l_1_region	1203521	6166658	5.12	0	26
ptg000719l_1	363933	1481497	4.07	0	20
ptg000719l_1_region	363933	1481497	4.07	0	20
ptg000720l_1	70627	133990	1.90	0	7
ptg000720l_1_region	70627	133990	1.90	0	7
ptg000721l_1	652136	3309937	5.08	0	26
ptg000721l_1_region	652136	3309937	5.08	0	26
ptg000722l_1	826416	1186880	1.44	0	18
ptg000722l_1_region	826416	1186880	1.44	0	18
ptg000723l_1	553095	537799	0.97	0	10
ptg000723l_1_region	553095	537799	0.97	0	10
ptg000725l_1	683326	3842464	5.62	0	18
ptg000725l_1_region	683326	3842464	5.62	0	18
ptg000727l_1	519708	3028353	5.83	0	18
ptg000727l_1_region	519708	3028353	5.83	0	18
ptg000728l_1	668915	4069533	6.08	0	18
ptg000728l_1_region	668915	4069533	6.08	0	18
ptg000729l_1	1234839	7145612	5.79	0	50
ptg000729l_1_region	1234839	7145612	5.79	0	50
ptg000730l_1	438104	2047479	4.67	0	14
ptg000730l_1_region	438104	2047479	4.67	0	14
ptg000731l_1	1148470	7144486	6.22	0	26
ptg000731l_1_region	1148470	7144486	6.22	0	26
ptg000732l_1	329731	4340132	13.16	0	115
ptg000732l_1_region	329731	4340132	13.16	0	115
ptg000733l_1	977177	4681687	4.79	0	17
ptg000733l_1_region	977177	4681687	4.79	0	17
ptg000734l_1	4819420	26996886	5.60	0	31
ptg000734l_1_region	4819420	26996886	5.60	0	31
ptg000735l_1	1061141	6042810	5.69	0	21
ptg000735l_1_region	1061141	6042810	5.69	0	21
ptg000736l_1	2047954	11913822	5.82	0	32
ptg000736l_1_region	2047954	11913822	5.82	0	32
ptg000737l_1	336494	1591152	4.73	0	15
ptg000737l_1_region	336494	1591152	4.73	0	15
ptg000739l_1	1695678	9352903	5.52	0	22
ptg000739l_1_region	1695678	9352903	5.52	0	22
ptg000740l_1	283141	1756625	6.20	0	18
ptg000740l_1_region	283141	1756625	6.20	0	18
ptg000741l_1	573870	1585907	2.76	0	45
ptg000741l_1_region	573870	1585907	2.76	0	45
ptg000742l_1	418837	1994642	4.76	0	86
ptg000742l_1_region	418837	1994642	4.76	0	86
ptg000743l_1	135681	629168	4.64	0	107
ptg000743l_1_region	135681	629168	4.64	0	107
ptg000744l_1	863367	6697218	7.76	0	25
ptg000744l_1_region	863367	6697218	7.76	0	25
ptg000746l_1	1146091	7296087	6.37	0	27
ptg000746l_1_region	1146091	7296087	6.37	0	27
ptg000747l_1	715259	4213967	5.89	0	19
ptg000747l_1_region	715259	4213967	5.89	0	19
ptg000748l_1	541642	3026513	5.59	0	18
ptg000748l_1_region	541642	3026513	5.59	0	18
ptg000750l_1	160381	995688	6.21	0	33
ptg000750l_1_region	160381	995688	6.21	0	33
ptg000751l_1	525418	4146227	7.89	0	23
ptg000751l_1_region	525418	4146227	7.89	0	23
ptg000752l_1	951865	4902728	5.15	0	123
ptg000752l_1_region	951865	4902728	5.15	0	123
ptg000753l_1	161187	738041	4.58	0	10
ptg000753l_1_region	161187	738041	4.58	0	10
ptg000755l_1	761853	6388252	8.39	0	33
ptg000755l_1_region	761853	6388252	8.39	0	33
ptg000758l_1	1758223	10072294	5.73	0	26
ptg000758l_1_region	1758223	10072294	5.73	0	26
ptg000760l_1	409959	2020713	4.93	0	15
ptg000760l_1_region	409959	2020713	4.93	0	15
ptg000761l_1	1012604	5080959	5.02	0	14
ptg000761l_1_region	1012604	5080959	5.02	0	14
ptg000762l_1	2201304	13183799	5.99	0	26
ptg000762l_1_region	2201304	13183799	5.99	0	26
ptg000763l_1	375531	3339535	8.89	0	25
ptg000763l_1_region	375531	3339535	8.89	0	25
ptg000764l_1	160090	603313	3.77	0	21
ptg000764l_1_region	160090	603313	3.77	0	21
ptg000767l_1	213683	1678386	7.85	0	78
ptg000767l_1_region	213683	1678386	7.85	0	78
ptg000769l_1	757539	3945780	5.21	0	17
ptg000769l_1_region	757539	3945780	5.21	0	17
ptg000770l_1	595339	2920468	4.91	0	24
ptg000770l_1_region	595339	2920468	4.91	0	24
ptg000771l_1	1028770	5507973	5.35	0	27
ptg000771l_1_region	1028770	5507973	5.35	0	27
ptg000772l_1	178894	1126965	6.30	0	100
ptg000772l_1_region	178894	1126965	6.30	0	100
ptg000773l_1	526783	1758739	3.34	0	20
ptg000773l_1_region	526783	1758739	3.34	0	20
ptg000774l_1	207987	1221233	5.87	0	29
ptg000774l_1_region	207987	1221233	5.87	0	29
ptg000776l_1	889577	5210077	5.86	0	25
ptg000776l_1_region	889577	5210077	5.86	0	25
ptg000778l_1	951400	5755474	6.05	0	25
ptg000778l_1_region	951400	5755474	6.05	0	25
ptg000780l_1	388485	2769585	7.13	0	169
ptg000780l_1_region	388485	2769585	7.13	0	169
ptg000781l_1	2146038	12185631	5.68	0	26
ptg000781l_1_region	2146038	12185631	5.68	0	26
ptg000782l_1	94909	285856	3.01	0	10
ptg000782l_1_region	94909	285856	3.01	0	10
ptg000783l_1	1137541	6495505	5.71	0	39
ptg000783l_1_region	1137541	6495505	5.71	0	39
ptg000784l_1	467202	1902662	4.07	0	13
ptg000784l_1_region	467202	1902662	4.07	0	13
ptg000785l_1	468750	2610750	5.57	0	15
ptg000785l_1_region	468750	2610750	5.57	0	15
ptg000786l_1	896622	4638660	5.17	0	30
ptg000786l_1_region	896622	4638660	5.17	0	30
ptg000788l_1	1890229	9906922	5.24	0	18
ptg000788l_1_region	1890229	9906922	5.24	0	18
ptg000789l_1	667161	2614891	3.92	0	30
ptg000789l_1_region	667161	2614891	3.92	0	30
ptg000793l_1	575166	1647981	2.87	0	77
ptg000793l_1_region	575166	1647981	2.87	0	77
ptg000794l_1	1497852	8797031	5.87	0	25
ptg000794l_1_region	1497852	8797031	5.87	0	25
ptg000795l_1	648713	3876761	5.98	0	16
ptg000795l_1_region	648713	3876761	5.98	0	16
ptg000796l_1	428804	2712567	6.33	0	18
ptg000796l_1_region	428804	2712567	6.33	0	18
ptg000797l_1	363343	2227316	6.13	0	15
ptg000797l_1_region	363343	2227316	6.13	0	15
ptg000798l_1	167377	860312	5.14	0	15
ptg000798l_1_region	167377	860312	5.14	0	15
ptg000800l_1	273653	1252306	4.58	0	21
ptg000800l_1_region	273653	1252306	4.58	0	21
ptg000801l_1	383778	2197535	5.73	0	18
ptg000801l_1_region	383778	2197535	5.73	0	18
ptg000802l_1	1475489	9150977	6.20	0	34
ptg000802l_1_region	1475489	9150977	6.20	0	34
ptg000803l_1	870307	3438866	3.95	0	16
ptg000803l_1_region	870307	3438866	3.95	0	16
ptg000804l_1	2140704	13359058	6.24	0	22
ptg000804l_1_region	2140704	13359058	6.24	0	22
ptg000805l_1	130752	477173	3.65	0	17
ptg000805l_1_region	130752	477173	3.65	0	17
ptg000806l_1	1529834	8760143	5.73	0	27
ptg000806l_1_region	1529834	8760143	5.73	0	27
ptg000807l_1	1312443	7180154	5.47	0	21
ptg000807l_1_region	1312443	7180154	5.47	0	21
ptg000808l_1	75856	792870	10.45	0	65
ptg000808l_1_region	75856	792870	10.45	0	65
ptg000810l_1	166911	728698	4.37	0	12
ptg000810l_1_region	166911	728698	4.37	0	12
ptg000812l_1	41736	4947	0.12	0	1
ptg000812l_1_region	41736	4947	0.12	0	1
ptg000813l_1	1848225	10265876	5.55	0	19
ptg000813l_1_region	1848225	10265876	5.55	0	19
ptg000817l_1	2363602	13782964	5.83	0	36
ptg000817l_1_region	2363602	13782964	5.83	0	36
ptg000818l_1	125295	499620	3.99	0	10
ptg000818l_1_region	125295	499620	3.99	0	10
ptg000820l_1	378694	1919998	5.07	0	18
ptg000820l_1_region	378694	1919998	5.07	0	18
ptg000821l_1	452701	2385629	5.27	0	16
ptg000821l_1_region	452701	2385629	5.27	0	16
ptg000822l_1	44126	223517	5.07	0	12
ptg000822l_1_region	44126	223517	5.07	0	12
ptg000824l_1	183831	890518	4.84	0	16
ptg000824l_1_region	183831	890518	4.84	0	16
ptg000825l_1	317379	1654523	5.21	0	16
ptg000825l_1_region	317379	1654523	5.21	0	16
ptg000827l_1	448352	2247086	5.01	0	34
ptg000827l_1_region	448352	2247086	5.01	0	34
ptg000828l_1	616824	3287136	5.33	0	18
ptg000828l_1_region	616824	3287136	5.33	0	18
ptg000829l_1	228933	1037061	4.53	0	14
ptg000829l_1_region	228933	1037061	4.53	0	14
ptg000830l_1	669836	4486267	6.70	0	30
ptg000830l_1_region	669836	4486267	6.70	0	30
ptg000831l_1	552523	3404842	6.16	0	53
ptg000831l_1_region	552523	3404842	6.16	0	53
ptg000832l_1	1045560	5768423	5.52	0	34
ptg000832l_1_region	1045560	5768423	5.52	0	34
ptg000833l_1	171795	803108	4.67	0	11
ptg000833l_1_region	171795	803108	4.67	0	11
ptg000834l_1	1625869	9354753	5.75	0	22
ptg000834l_1_region	1625869	9354753	5.75	0	22
ptg000835l_1	466242	2882126	6.18	0	15
ptg000835l_1_region	466242	2882126	6.18	0	15
ptg000838l_1	1726353	10053156	5.82	0	25
ptg000838l_1_region	1726353	10053156	5.82	0	25
ptg000839l_1	1454816	9416604	6.47	0	42
ptg000839l_1_region	1454816	9416604	6.47	0	42
ptg000840l_1	242320	1229442	5.07	0	15
ptg000840l_1_region	242320	1229442	5.07	0	15
ptg000841l_1	427849	2154937	5.04	0	17
ptg000841l_1_region	427849	2154937	5.04	0	17
ptg000842l_1	387562	2577475	6.65	0	24
ptg000842l_1_region	387562	2577475	6.65	0	24
ptg000843l_1	851996	5300060	6.22	0	23
ptg000843l_1_region	851996	5300060	6.22	0	23
ptg000844l_1	255840	1239294	4.84	0	16
ptg000844l_1_region	255840	1239294	4.84	0	16
ptg000845l_1	436451	2401881	5.50	0	17
ptg000845l_1_region	436451	2401881	5.50	0	17
ptg000846l_1	1001546	6396700	6.39	0	21
ptg000846l_1_region	1001546	6396700	6.39	0	21
ptg000847l_1	187619	1008901	5.38	0	14
ptg000847l_1_region	187619	1008901	5.38	0	14
ptg000848l_1	238841	1147077	4.80	0	15
ptg000848l_1_region	238841	1147077	4.80	0	15
ptg000849l_1	1378709	8328565	6.04	0	21
ptg000849l_1_region	1378709	8328565	6.04	0	21
ptg000850l_1	656943	6476696	9.86	0	51
ptg000850l_1_region	656943	6476696	9.86	0	51
ptg000852l_1	541708	4223010	7.80	0	40
ptg000852l_1_region	541708	4223010	7.80	0	40
ptg000853l_1	544443	3575036	6.57	0	32
ptg000853l_1_region	544443	3575036	6.57	0	32
ptg000856l_1	149045	806896	5.41	0	12
ptg000856l_1_region	149045	806896	5.41	0	12
ptg000857l_1	232081	986448	4.25	0	12
ptg000857l_1_region	232081	986448	4.25	0	12
ptg000858l_1	310158	1648970	5.32	0	16
ptg000858l_1_region	310158	1648970	5.32	0	16
ptg000859l_1	1230128	6602499	5.37	0	22
ptg000859l_1_region	1230128	6602499	5.37	0	22
ptg000860l_1	1240539	7702009	6.21	0	23
ptg000860l_1_region	1240539	7702009	6.21	0	23
ptg000861l_1	135720	619651	4.57	0	14
ptg000861l_1_region	135720	619651	4.57	0	14
ptg000862l_1	251467	974735	3.88	0	12
ptg000862l_1_region	251467	974735	3.88	0	12
ptg000863l_1	825139	4784097	5.80	0	16
ptg000863l_1_region	825139	4784097	5.80	0	16
ptg000864l_1	835099	5141801	6.16	0	24
ptg000864l_1_region	835099	5141801	6.16	0	24
ptg000865l_1	149193	556143	3.73	0	14
ptg000865l_1_region	149193	556143	3.73	0	14
ptg000866l_1	316949	1979335	6.24	0	71
ptg000866l_1_region	316949	1979335	6.24	0	71
ptg000871l_1	1232054	7617603	6.18	0	21
ptg000871l_1_region	1232054	7617603	6.18	0	21
ptg000872l_1	83720	479195	5.72	0	18
ptg000872l_1_region	83720	479195	5.72	0	18
ptg000873l_1	922764	5592980	6.06	0	18
ptg000873l_1_region	922764	5592980	6.06	0	18
ptg000874l_1	39984	124086	3.10	0	9
ptg000874l_1_region	39984	124086	3.10	0	9
ptg000875l_1	310659	1705321	5.49	0	21
ptg000875l_1_region	310659	1705321	5.49	0	21
ptg000876l_1	246232	1278672	5.19	0	13
ptg000876l_1_region	246232	1278672	5.19	0	13
ptg000878l_1	374567	1702267	4.54	0	41
ptg000878l_1_region	374567	1702267	4.54	0	41
ptg000883l_1	88933	519753	5.84	0	27
ptg000883l_1_region	88933	519753	5.84	0	27
ptg000885l_1	74527	307135	4.12	0	14
ptg000885l_1_region	74527	307135	4.12	0	14
ptg000886l_1	536244	2778817	5.18	0	21
ptg000886l_1_region	536244	2778817	5.18	0	21
ptg000887l_1	110228	567993	5.15	0	14
ptg000887l_1_region	110228	567993	5.15	0	14
ptg000888l_1	745009	4082756	5.48	0	17
ptg000888l_1_region	745009	4082756	5.48	0	17
ptg000890l_1	980570	5018010	5.12	0	26
ptg000890l_1_region	980570	5018010	5.12	0	26
ptg000891l_1	617562	4152173	6.72	0	18
ptg000891l_1_region	617562	4152173	6.72	0	18
ptg000892l_1	252038	1309135	5.19	0	17
ptg000892l_1_region	252038	1309135	5.19	0	17
ptg000893l_1	1013958	6208288	6.12	0	31
ptg000893l_1_region	1013958	6208288	6.12	0	31
ptg000894l_1	54411	225111	4.14	0	16
ptg000894l_1_region	54411	225111	4.14	0	16
ptg000895l_1	967245	4382341	4.53	0	15
ptg000895l_1_region	967245	4382341	4.53	0	15
ptg000896l_1	822582	4759986	5.79	0	26
ptg000896l_1_region	822582	4759986	5.79	0	26
ptg000897l_1	194308	1095116	5.64	0	23
ptg000897l_1_region	194308	1095116	5.64	0	23
ptg000898l_1	326627	1708736	5.23	0	40
ptg000898l_1_region	326627	1708736	5.23	0	40
ptg000899l_1	1421613	9447339	6.65	0	31
ptg000899l_1_region	1421613	9447339	6.65	0	31
ptg000900l_1	1067331	5305572	4.97	0	23
ptg000900l_1_region	1067331	5305572	4.97	0	23
ptg000901l_1	2670268	16598177	6.22	0	24
ptg000901l_1_region	2670268	16598177	6.22	0	24
ptg000902l_1	1180355	6340057	5.37	0	17
ptg000902l_1_region	1180355	6340057	5.37	0	17
ptg000903l_1	298259	1827422	6.13	0	44
ptg000903l_1_region	298259	1827422	6.13	0	44
ptg000904l_1	1060811	5880425	5.54	0	26
ptg000904l_1_region	1060811	5880425	5.54	0	26
ptg000905l_1	35523	54541	1.54	0	14
ptg000905l_1_region	35523	54541	1.54	0	14
ptg000906l_1	283441	1568463	5.53	0	17
ptg000906l_1_region	283441	1568463	5.53	0	17
ptg000907l_1	2469188	18060885	7.31	0	34
ptg000907l_1_region	2469188	18060885	7.31	0	34
ptg000910l_1	782557	5316023	6.79	0	24
ptg000910l_1_region	782557	5316023	6.79	0	24
ptg000911l_1	1779299	10126459	5.69	0	30
ptg000911l_1_region	1779299	10126459	5.69	0	30
ptg000912l_1	1704219	9385527	5.51	0	20
ptg000912l_1_region	1704219	9385527	5.51	0	20
ptg000913l_1	173506	666610	3.84	0	17
ptg000913l_1_region	173506	666610	3.84	0	17
ptg000914l_1	105236	306640	2.91	0	9
ptg000914l_1_region	105236	306640	2.91	0	9
ptg000915l_1	548178	2824029	5.15	0	17
ptg000915l_1_region	548178	2824029	5.15	0	17
ptg000916l_1	952512	5215968	5.48	0	22
ptg000916l_1_region	952512	5215968	5.48	0	22
ptg000917l_1	122811	485769	3.96	0	22
ptg000917l_1_region	122811	485769	3.96	0	22
ptg000918l_1	1015437	5422556	5.34	0	25
ptg000918l_1_region	1015437	5422556	5.34	0	25
ptg000919l_1	78529	383193	4.88	0	11
ptg000919l_1_region	78529	383193	4.88	0	11
ptg000920l_1	522751	2636698	5.04	0	13
ptg000920l_1_region	522751	2636698	5.04	0	13
ptg000921l_1	505037	2570232	5.09	0	17
ptg000921l_1_region	505037	2570232	5.09	0	17
ptg000923l_1	204335	589300	2.88	0	11
ptg000923l_1_region	204335	589300	2.88	0	11
ptg000924l_1	559112	3320700	5.94	0	15
ptg000924l_1_region	559112	3320700	5.94	0	15
ptg000925l_1	156633	1176655	7.51	0	30
ptg000925l_1_region	156633	1176655	7.51	0	30
ptg000926l_1	395597	2083499	5.27	0	14
ptg000926l_1_region	395597	2083499	5.27	0	14
ptg000928l_1	412180	3129003	7.59	0	41
ptg000928l_1_region	412180	3129003	7.59	0	41
ptg000929l_1	628331	3944715	6.28	0	24
ptg000929l_1_region	628331	3944715	6.28	0	24
ptg000930l_1	600684	3485624	5.80	0	28
ptg000930l_1_region	600684	3485624	5.80	0	28
ptg000931l_1	1429388	8566010	5.99	0	23
ptg000931l_1_region	1429388	8566010	5.99	0	23
ptg000932l_1	1029323	6351407	6.17	0	28
ptg000932l_1_region	1029323	6351407	6.17	0	28
ptg000933l_1	246826	1057168	4.28	0	12
ptg000933l_1_region	246826	1057168	4.28	0	12
ptg000934l_1	1096185	6407069	5.84	0	27
ptg000934l_1_region	1096185	6407069	5.84	0	27
ptg000935l_1	229860	1391127	6.05	0	18
ptg000935l_1_region	229860	1391127	6.05	0	18
ptg000936l_1	65222	332352	5.10	0	25
ptg000936l_1_region	65222	332352	5.10	0	25
ptg000937l_1	219097	942496	4.30	0	15
ptg000937l_1_region	219097	942496	4.30	0	15
ptg000938l_1	138704	800656	5.77	0	13
ptg000938l_1_region	138704	800656	5.77	0	13
ptg000939l_1	284975	1330341	4.67	0	16
ptg000939l_1_region	284975	1330341	4.67	0	16
ptg000940l_1	401625	2102035	5.23	0	24
ptg000940l_1_region	401625	2102035	5.23	0	24
ptg000941l_1	1242297	7277816	5.86	0	24
ptg000941l_1_region	1242297	7277816	5.86	0	24
ptg000942l_1	226768	1034754	4.56	0	17
ptg000942l_1_region	226768	1034754	4.56	0	17
ptg000943l_1	624467	2908208	4.66	0	31
ptg000943l_1_region	624467	2908208	4.66	0	31
ptg000944l_1	226983	1297773	5.72	0	16
ptg000944l_1_region	226983	1297773	5.72	0	16
ptg000945l_1	41998	167882	4.00	0	12
ptg000945l_1_region	41998	167882	4.00	0	12
ptg000946l_1	292108	1753465	6.00	0	19
ptg000946l_1_region	292108	1753465	6.00	0	19
ptg000947l_1	812517	4502253	5.54	0	62
ptg000947l_1_region	812517	4502253	5.54	0	62
ptg000948l_1	446955	2696248	6.03	0	19
ptg000948l_1_region	446955	2696248	6.03	0	19
ptg000951l_1	25320	50704	2.00	0	7
ptg000951l_1_region	25320	50704	2.00	0	7
ptg000952l_1	138121	510749	3.70	0	12
ptg000952l_1_region	138121	510749	3.70	0	12
ptg000953l_1	139972	525655	3.76	0	13
ptg000953l_1_region	139972	525655	3.76	0	13
ptg000954l_1	241601	551722	2.28	0	9
ptg000954l_1_region	241601	551722	2.28	0	9
ptg000955l_1	78612	261676	3.33	0	12
ptg000955l_1_region	78612	261676	3.33	0	12
ptg000956l_1	16130	44217	2.74	0	5
ptg000956l_1_region	16130	44217	2.74	0	5
ptg000957l_1	339146	1960101	5.78	0	24
ptg000957l_1_region	339146	1960101	5.78	0	24
ptg000958l_1	381289	2012973	5.28	0	16
ptg000958l_1_region	381289	2012973	5.28	0	16
ptg000960l_1	774874	4343673	5.61	0	16
ptg000960l_1_region	774874	4343673	5.61	0	16
ptg000961l_1	1491597	8882451	5.95	0	41
ptg000961l_1_region	1491597	8882451	5.95	0	41
ptg000962l_1	713570	4550618	6.38	0	31
ptg000962l_1_region	713570	4550618	6.38	0	31
ptg000964l_1	1810865	11960878	6.61	0	31
ptg000964l_1_region	1810865	11960878	6.61	0	31
ptg000966l_1	209205	1076169	5.14	0	15
ptg000966l_1_region	209205	1076169	5.14	0	15
ptg000967l_1	139472	978926	7.02	0	17
ptg000967l_1_region	139472	978926	7.02	0	17
ptg000968l_1	268881	1644374	6.12	0	20
ptg000968l_1_region	268881	1644374	6.12	0	20
ptg000969l_1	903520	6455633	7.14	0	56
ptg000969l_1_region	903520	6455633	7.14	0	56
ptg000971l_1	2136074	11031276	5.16	0	22
ptg000971l_1_region	2136074	11031276	5.16	0	22
ptg000972l_1	190655	647415	3.40	0	9
ptg000972l_1_region	190655	647415	3.40	0	9
ptg000973l_1	313935	1506745	4.80	0	12
ptg000973l_1_region	313935	1506745	4.80	0	12
ptg000974l_1	931302	5330782	5.72	0	23
ptg000974l_1_region	931302	5330782	5.72	0	23
ptg000975l_1	583880	4062881	6.96	0	48
ptg000975l_1_region	583880	4062881	6.96	0	48
ptg000976l_1	750880	4545642	6.05	0	20
ptg000976l_1_region	750880	4545642	6.05	0	20
ptg000977l_1	804388	3859918	4.80	0	18
ptg000977l_1_region	804388	3859918	4.80	0	18
ptg000978l_1	474953	2370457	4.99	0	16
ptg000978l_1_region	474953	2370457	4.99	0	16
ptg000979l_1	264927	1742453	6.58	0	20
ptg000979l_1_region	264927	1742453	6.58	0	20
ptg000980l_1	591376	3168546	5.36	0	19
ptg000980l_1_region	591376	3168546	5.36	0	19
ptg000981l_1	1903923	11230548	5.90	0	21
ptg000981l_1_region	1903923	11230548	5.90	0	21
ptg000983l_1	56069	138960	2.48	0	9
ptg000983l_1_region	56069	138960	2.48	0	9
ptg000984l_1	358292	11881854	33.16	0	289
ptg000984l_1_region	358292	11881854	33.16	0	289
ptg000985l_1	109794	263742	2.40	0	12
ptg000985l_1_region	109794	263742	2.40	0	12
ptg000986l_1	945102	5099718	5.40	0	30
ptg000986l_1_region	945102	5099718	5.40	0	30
ptg000988l_1	2168102	13340547	6.15	0	22
ptg000988l_1_region	2168102	13340547	6.15	0	22
ptg000989l_1	303794	1728408	5.69	0	17
ptg000989l_1_region	303794	1728408	5.69	0	17
ptg000990l_1	60471	246600	4.08	0	12
ptg000990l_1_region	60471	246600	4.08	0	12
ptg000991l_1	1697336	9636730	5.68	0	30
ptg000991l_1_region	1697336	9636730	5.68	0	30
ptg000993l_1	1501593	8763169	5.84	0	22
ptg000993l_1_region	1501593	8763169	5.84	0	22
ptg000994l_1	834427	6357425	7.62	0	79
ptg000994l_1_region	834427	6357425	7.62	0	79
ptg000997l_1	42564	239037	5.62	0	13
ptg000997l_1_region	42564	239037	5.62	0	13
ptg000998l_1	276177	1971203	7.14	0	20
ptg000998l_1_region	276177	1971203	7.14	0	20
ptg000999l_1	205383	1200804	5.85	0	16
ptg000999l_1_region	205383	1200804	5.85	0	16
ptg001000l_1	140344	584560	4.17	0	13
ptg001000l_1_region	140344	584560	4.17	0	13
ptg001002l_1	768184	4765474	6.20	0	16
ptg001002l_1_region	768184	4765474	6.20	0	16
ptg001003l_1	935527	5564755	5.95	0	18
ptg001003l_1_region	935527	5564755	5.95	0	18
ptg001004l_1	358507	1363154	3.80	0	14
ptg001004l_1_region	358507	1363154	3.80	0	14
ptg001005l_1	249544	1252962	5.02	0	14
ptg001005l_1_region	249544	1252962	5.02	0	14
ptg001006l_1	283200	1452986	5.13	0	14
ptg001006l_1_region	283200	1452986	5.13	0	14
ptg001007l_1	559694	3681872	6.58	0	23
ptg001007l_1_region	559694	3681872	6.58	0	23
ptg001008l_1	421326	1734720	4.12	0	14
ptg001008l_1_region	421326	1734720	4.12	0	14
ptg001009l_1	1380521	11259650	8.16	0	64
ptg001009l_1_region	1380521	11259650	8.16	0	64
ptg001010l_1	170152	778978	4.58	0	11
ptg001010l_1_region	170152	778978	4.58	0	11
ptg001011l_1	2254884	13624897	6.04	0	20
ptg001011l_1_region	2254884	13624897	6.04	0	20
ptg001012l_1	519691	2824019	5.43	0	17
ptg001012l_1_region	519691	2824019	5.43	0	17
ptg001013l_1	128837	538151	4.18	0	10
ptg001013l_1_region	128837	538151	4.18	0	10
ptg001014l_1	312579	1412150	4.52	0	17
ptg001014l_1_region	312579	1412150	4.52	0	17
ptg001015l_1	69809	370343	5.31	0	13
ptg001015l_1_region	69809	370343	5.31	0	13
ptg001016l_1	107548	393220	3.66	0	11
ptg001016l_1_region	107548	393220	3.66	0	11
ptg001017l_1	192639	783318	4.07	0	11
ptg001017l_1_region	192639	783318	4.07	0	11
ptg001018l_1	1950476	11435095	5.86	0	21
ptg001018l_1_region	1950476	11435095	5.86	0	21
ptg001019l_1	640269	3143300	4.91	0	24
ptg001019l_1_region	640269	3143300	4.91	0	24
ptg001020l_1	192211	889876	4.63	0	42
ptg001020l_1_region	192211	889876	4.63	0	42
ptg001021l_1	762895	5339423	7.00	0	26
ptg001021l_1_region	762895	5339423	7.00	0	26
ptg001022l_1	1508247	10138091	6.72	0	23
ptg001022l_1_region	1508247	10138091	6.72	0	23
ptg001024l_1	1791563	11079346	6.18	0	78
ptg001024l_1_region	1791563	11079346	6.18	0	78
ptg001025l_1	422357	1757836	4.16	0	14
ptg001025l_1_region	422357	1757836	4.16	0	14
ptg001027l_1	491973	2751906	5.59	0	14
ptg001027l_1_region	491973	2751906	5.59	0	14
ptg001028l_1	942979	5872207	6.23	0	23
ptg001028l_1_region	942979	5872207	6.23	0	23
ptg001030l_1	79679	262222	3.29	0	11
ptg001030l_1_region	79679	262222	3.29	0	11
ptg001031l_1	645773	3676129	5.69	0	17
ptg001031l_1_region	645773	3676129	5.69	0	17
ptg001032l_1	1552584	10549267	6.79	0	62
ptg001032l_1_region	1552584	10549267	6.79	0	62
ptg001033l_1	624508	3245932	5.20	0	15
ptg001033l_1_region	624508	3245932	5.20	0	15
ptg001034l_1	721347	4363992	6.05	0	20
ptg001034l_1_region	721347	4363992	6.05	0	20
ptg001035l_1	1420281	9695914	6.83	0	24
ptg001035l_1_region	1420281	9695914	6.83	0	24
ptg001036l_1	973786	6091493	6.26	0	70
ptg001036l_1_region	973786	6091493	6.26	0	70
ptg001037l_1	1082656	6106480	5.64	0	30
ptg001037l_1_region	1082656	6106480	5.64	0	30
ptg001039l_1	965832	6924167	7.17	0	84
ptg001039l_1_region	965832	6924167	7.17	0	84
ptg001040l_1	133771	651187	4.87	0	15
ptg001040l_1_region	133771	651187	4.87	0	15
ptg001044l_1	456893	2393262	5.24	0	18
ptg001044l_1_region	456893	2393262	5.24	0	18
ptg001045l_1	281555	1182097	4.20	0	20
ptg001045l_1_region	281555	1182097	4.20	0	20
ptg001048l_1	413734	2561308	6.19	0	27
ptg001048l_1_region	413734	2561308	6.19	0	27
ptg001049l_1	2178724	18511744	8.50	0	32
ptg001049l_1_region	2178724	18511744	8.50	0	32
ptg001050l_1	1294212	7462305	5.77	0	22
ptg001050l_1_region	1294212	7462305	5.77	0	22
ptg001051l_1	141771	513118	3.62	0	13
ptg001051l_1_region	141771	513118	3.62	0	13
ptg001053l_1	639892	3707054	5.79	0	18
ptg001053l_1_region	639892	3707054	5.79	0	18
ptg001054l_1	194043	1075300	5.54	0	15
ptg001054l_1_region	194043	1075300	5.54	0	15
ptg001055l_1	409200	2460398	6.01	0	27
ptg001055l_1_region	409200	2460398	6.01	0	27
ptg001057l_1	233942	1043250	4.46	0	16
ptg001057l_1_region	233942	1043250	4.46	0	16
ptg001058l_1	516136	2604543	5.05	0	15
ptg001058l_1_region	516136	2604543	5.05	0	15
ptg001059l_1	396272	1998275	5.04	0	59
ptg001059l_1_region	396272	1998275	5.04	0	59
ptg001060l_1	761366	4044618	5.31	0	21
ptg001060l_1_region	761366	4044618	5.31	0	21
ptg001062l_1	127512	997103	7.82	0	18
ptg001062l_1_region	127512	997103	7.82	0	18
ptg001063l_1	120705	569386	4.72	0	16
ptg001063l_1_region	120705	569386	4.72	0	16
ptg001064l_1	650225	5588315	8.59	0	23
ptg001064l_1_region	650225	5588315	8.59	0	23
ptg001066l_1	212216	969818	4.57	0	13
ptg001066l_1_region	212216	969818	4.57	0	13
ptg001067l_1	205320	1357429	6.61	0	22
ptg001067l_1_region	205320	1357429	6.61	0	22
ptg001068l_1	768113	6074034	7.91	0	89
ptg001068l_1_region	768113	6074034	7.91	0	89
ptg001069l_1	1004175	6228255	6.20	0	26
ptg001069l_1_region	1004175	6228255	6.20	0	26
ptg001070l_1	48670	161759	3.32	0	9
ptg001070l_1_region	48670	161759	3.32	0	9
ptg001071l_1	69883	417035	5.97	0	16
ptg001071l_1_region	69883	417035	5.97	0	16
ptg001072l_1	79130	301666	3.81	0	10
ptg001072l_1_region	79130	301666	3.81	0	10
ptg001074l_1	1005954	4182022	4.16	0	26
ptg001074l_1_region	1005954	4182022	4.16	0	26
ptg001076l_1	80808	467430	5.78	0	19
ptg001076l_1_region	80808	467430	5.78	0	19
ptg001079l_1	640556	3781318	5.90	0	19
ptg001079l_1_region	640556	3781318	5.90	0	19
ptg001080l_1	124765	603121	4.83	0	11
ptg001080l_1_region	124765	603121	4.83	0	11
ptg001081l_1	808469	4064978	5.03	0	14
ptg001081l_1_region	808469	4064978	5.03	0	14
ptg001082l_1	120597	671871	5.57	0	39
ptg001082l_1_region	120597	671871	5.57	0	39
ptg001083l_1	175486	685070	3.90	0	15
ptg001083l_1_region	175486	685070	3.90	0	15
ptg001084l_1	339965	2740745	8.06	0	54
ptg001084l_1_region	339965	2740745	8.06	0	54
ptg001087l_1	922056	5173369	5.61	0	17
ptg001087l_1_region	922056	5173369	5.61	0	17
ptg001088l_1	314716	1466960	4.66	0	20
ptg001088l_1_region	314716	1466960	4.66	0	20
ptg001089l_1	1476432	7077387	4.79	0	37
ptg001089l_1_region	1476432	7077387	4.79	0	37
ptg001090l_1	565829	3511056	6.21	0	21
ptg001090l_1_region	565829	3511056	6.21	0	21
ptg001091l_1	294643	1521569	5.16	0	17
ptg001091l_1_region	294643	1521569	5.16	0	17
ptg001092l_1	1439864	8239585	5.72	0	18
ptg001092l_1_region	1439864	8239585	5.72	0	18
ptg001093l_1	212688	1457977	6.86	0	17
ptg001093l_1_region	212688	1457977	6.86	0	17
ptg001094l_1	615148	3731012	6.07	0	19
ptg001094l_1_region	615148	3731012	6.07	0	19
ptg001097l_1	1350395	7710188	5.71	0	17
ptg001097l_1_region	1350395	7710188	5.71	0	17
ptg001098l_1	145202	749365	5.16	0	15
ptg001098l_1_region	145202	749365	5.16	0	15
ptg001099l_1	627607	3233495	5.15	0	24
ptg001099l_1_region	627607	3233495	5.15	0	24
ptg001100l_1	151349	821950	5.43	0	15
ptg001100l_1_region	151349	821950	5.43	0	15
ptg001103l_1	111528	441132	3.96	0	12
ptg001103l_1_region	111528	441132	3.96	0	12
ptg001105l_1	674126	3541199	5.25	0	17
ptg001105l_1_region	674126	3541199	5.25	0	17
ptg001108l_1	38207	173096	4.53	0	10
ptg001108l_1_region	38207	173096	4.53	0	10
ptg001109l_1	476105	2683004	5.64	0	16
ptg001109l_1_region	476105	2683004	5.64	0	16
ptg001111l_1	640876	3640002	5.68	0	21
ptg001111l_1_region	640876	3640002	5.68	0	21
ptg001112l_1	54219	307346	5.67	0	35
ptg001112l_1_region	54219	307346	5.67	0	35
ptg001114l_1	490478	2760894	5.63	0	15
ptg001114l_1_region	490478	2760894	5.63	0	15
ptg001116l_1	2350833	14611519	6.22	0	35
ptg001116l_1_region	2350833	14611519	6.22	0	35
ptg001117l_1	1132027	6824522	6.03	0	19
ptg001117l_1_region	1132027	6824522	6.03	0	19
ptg001119l_1	808140	4958812	6.14	0	17
ptg001119l_1_region	808140	4958812	6.14	0	17
ptg001120l_1	538594	3378957	6.27	0	18
ptg001120l_1_region	538594	3378957	6.27	0	18
ptg001121l_1	691183	3947675	5.71	0	20
ptg001121l_1_region	691183	3947675	5.71	0	20
ptg001122l_1	126509	600096	4.74	0	14
ptg001122l_1_region	126509	600096	4.74	0	14
ptg001123l_1	442129	2720521	6.15	0	16
ptg001123l_1_region	442129	2720521	6.15	0	16
ptg001125l_1	181676	663096	3.65	0	13
ptg001125l_1_region	181676	663096	3.65	0	13
ptg001126l_1	726384	4558215	6.28	0	27
ptg001126l_1_region	726384	4558215	6.28	0	27
ptg001127l_1	289505	2863719	9.89	0	22
ptg001127l_1_region	289505	2863719	9.89	0	22
ptg001128l_1	243283	977587	4.02	0	17
ptg001128l_1_region	243283	977587	4.02	0	17
ptg001129l_1	246844	1487995	6.03	0	24
ptg001129l_1_region	246844	1487995	6.03	0	24
ptg001130l_1	504103	2522651	5.00	0	27
ptg001130l_1_region	504103	2522651	5.00	0	27
ptg001131l_1	211804	867968	4.10	0	19
ptg001131l_1_region	211804	867968	4.10	0	19
ptg001132l_1	190766	850840	4.46	0	15
ptg001132l_1_region	190766	850840	4.46	0	15
ptg001133l_1	113143	511907	4.52	0	12
ptg001133l_1_region	113143	511907	4.52	0	12
ptg001134l_1	186666	989521	5.30	0	17
ptg001134l_1_region	186666	989521	5.30	0	17
ptg001135l_1	562518	2626372	4.67	0	17
ptg001135l_1_region	562518	2626372	4.67	0	17
ptg001139l_1	444690	2654365	5.97	0	20
ptg001139l_1_region	444690	2654365	5.97	0	20
ptg001141l_1	317524	1727649	5.44	0	18
ptg001141l_1_region	317524	1727649	5.44	0	18
ptg001142l_1	1057157	5988590	5.66	0	18
ptg001142l_1_region	1057157	5988590	5.66	0	18
ptg001143l_1	186309	1285414	6.90	0	18
ptg001143l_1_region	186309	1285414	6.90	0	18
ptg001144l_1	73376	215129	2.93	0	9
ptg001144l_1_region	73376	215129	2.93	0	9
ptg001145l_1	223117	1446194	6.48	0	33
ptg001145l_1_region	223117	1446194	6.48	0	33
ptg001147l_1	249666	1465289	5.87	0	16
ptg001147l_1_region	249666	1465289	5.87	0	16
ptg001148l_1	511405	2856808	5.59	0	16
ptg001148l_1_region	511405	2856808	5.59	0	16
ptg001150l_1	821454	8407442	10.23	0	57
ptg001150l_1_region	821454	8407442	10.23	0	57
ptg001151l_1	622329	3044871	4.89	0	19
ptg001151l_1_region	622329	3044871	4.89	0	19
ptg001156l_1	97478	630385	6.47	0	74
ptg001156l_1_region	97478	630385	6.47	0	74
ptg001159l_1	104708	401954	3.84	0	18
ptg001159l_1_region	104708	401954	3.84	0	18
ptg001160l_1	507023	2785066	5.49	0	19
ptg001160l_1_region	507023	2785066	5.49	0	19
ptg001162l_1	705035	3340420	4.74	0	18
ptg001162l_1_region	705035	3340420	4.74	0	18
ptg001163l_1	231211	923802	4.00	0	17
ptg001163l_1_region	231211	923802	4.00	0	17
ptg001165l_1	125109	777362	6.21	0	31
ptg001165l_1_region	125109	777362	6.21	0	31
ptg001166l_1	2155691	1008839	0.47	0	32
ptg001166l_1_region	2155691	1008839	0.47	0	32
ptg001167l_1	733613	4650775	6.34	0	28
ptg001167l_1_region	733613	4650775	6.34	0	28
ptg001168l_1	418533	2037016	4.87	0	14
ptg001168l_1_region	418533	2037016	4.87	0	14
ptg001171l_1	234774	1548141	6.59	0	17
ptg001171l_1_region	234774	1548141	6.59	0	17
ptg001173l_1	380028	2516725	6.62	0	18
ptg001173l_1_region	380028	2516725	6.62	0	18
ptg001174l_1	161276	671190	4.16	0	11
ptg001174l_1_region	161276	671190	4.16	0	11
ptg001175l_1	2335281	11648357	4.99	0	37
ptg001175l_1_region	2335281	11648357	4.99	0	37
ptg001176l_1	244813	976064	3.99	0	16
ptg001176l_1_region	244813	976064	3.99	0	16
ptg001180l_1	522647	3656317	7.00	0	22
ptg001180l_1_region	522647	3656317	7.00	0	22
ptg001181l_1	133936	265242	1.98	0	11
ptg001181l_1_region	133936	265242	1.98	0	11
ptg001182l_1	742100	4391957	5.92	0	26
ptg001182l_1_region	742100	4391957	5.92	0	26
ptg001183l_1	61083	285636	4.68	0	13
ptg001183l_1_region	61083	285636	4.68	0	13
ptg001184l_1	1753315	10794358	6.16	0	37
ptg001184l_1_region	1753315	10794358	6.16	0	37
ptg001185l_1	600466	4248632	7.08	0	45
ptg001185l_1_region	600466	4248632	7.08	0	45
ptg001186l_1	998909	8275317	8.28	0	107
ptg001186l_1_region	998909	8275317	8.28	0	107
ptg001187l_1	453537	1814638	4.00	0	18
ptg001187l_1_region	453537	1814638	4.00	0	18
ptg001188l_1	19009	43351	2.28	0	8
ptg001188l_1_region	19009	43351	2.28	0	8
ptg001189l_1	467474	2321678	4.97	0	14
ptg001189l_1_region	467474	2321678	4.97	0	14
ptg001190l_1	1390369	7770279	5.59	0	22
ptg001190l_1_region	1390369	7770279	5.59	0	22
ptg001191l_1	1401711	8528191	6.08	0	54
ptg001191l_1_region	1401711	8528191	6.08	0	54
ptg001192l_1	669338	3382674	5.05	0	16
ptg001192l_1_region	669338	3382674	5.05	0	16
ptg001193l_1	622132	3134855	5.04	0	17
ptg001193l_1_region	622132	3134855	5.04	0	17
ptg001194l_1	238098	1157157	4.86	0	18
ptg001194l_1_region	238098	1157157	4.86	0	18
ptg001195l_1	437862	2053473	4.69	0	15
ptg001195l_1_region	437862	2053473	4.69	0	15
ptg001196l_1	897518	8260572	9.20	0	86
ptg001196l_1_region	897518	8260572	9.20	0	86
ptg001197l_1	961764	5364302	5.58	0	22
ptg001197l_1_region	961764	5364302	5.58	0	22
ptg001198l_1	499214	2867423	5.74	0	19
ptg001198l_1_region	499214	2867423	5.74	0	19
ptg001200l_1	167063	4054364	24.27	0	152
ptg001200l_1_region	167063	4054364	24.27	0	152
ptg001204l_1	87774	251373	2.86	0	11
ptg001204l_1_region	87774	251373	2.86	0	11
ptg001206l_1	113999	730025	6.40	0	20
ptg001206l_1_region	113999	730025	6.40	0	20
ptg001207l_1	119033	669457	5.62	0	26
ptg001207l_1_region	119033	669457	5.62	0	26
ptg001208l_1	730327	2762729	3.78	0	27
ptg001208l_1_region	730327	2762729	3.78	0	27
ptg001209l_1	331008	1656463	5.00	0	18
ptg001209l_1_region	331008	1656463	5.00	0	18
ptg001213l_1	41710	132866	3.19	0	8
ptg001213l_1_region	41710	132866	3.19	0	8
ptg001214l_1	853586	7006543	8.21	0	132
ptg001214l_1_region	853586	7006543	8.21	0	132
ptg001215l_1	3013159	22258560	7.39	0	51
ptg001215l_1_region	3013159	22258560	7.39	0	51
ptg001216l_1	547850	3346641	6.11	0	15
ptg001216l_1_region	547850	3346641	6.11	0	15
ptg001217l_1	389503	1503551	3.86	0	16
ptg001217l_1_region	389503	1503551	3.86	0	16
ptg001218l_1	1716646	10928798	6.37	0	66
ptg001218l_1_region	1716646	10928798	6.37	0	66
ptg001219l_1	82034	407584	4.97	0	15
ptg001219l_1_region	82034	407584	4.97	0	15
ptg001220l_1	649267	4586815	7.06	0	162
ptg001220l_1_region	649267	4586815	7.06	0	162
ptg001221l_1	130510	580681	4.45	0	13
ptg001221l_1_region	130510	580681	4.45	0	13
ptg001222l_1	306803	1634663	5.33	0	37
ptg001222l_1_region	306803	1634663	5.33	0	37
ptg001227l_1	315233	1470432	4.66	0	16
ptg001227l_1_region	315233	1470432	4.66	0	16
ptg001228l_1	190346	767005	4.03	0	21
ptg001228l_1_region	190346	767005	4.03	0	21
ptg001229l_1	1197342	7283162	6.08	0	18
ptg001229l_1_region	1197342	7283162	6.08	0	18
ptg001230l_1	490904	2894393	5.90	0	26
ptg001230l_1_region	490904	2894393	5.90	0	26
ptg001231l_1	516827	2854642	5.52	0	19
ptg001231l_1_region	516827	2854642	5.52	0	19
ptg001232l_1	91919	553449	6.02	0	14
ptg001232l_1_region	91919	553449	6.02	0	14
ptg001233l_1	32096	167846	5.23	0	11
ptg001233l_1_region	32096	167846	5.23	0	11
ptg001234l_1	1240367	7060506	5.69	0	31
ptg001234l_1_region	1240367	7060506	5.69	0	31
ptg001236l_1	76934	302520	3.93	0	10
ptg001236l_1_region	76934	302520	3.93	0	10
ptg001239l_1	42966	9886	0.23	0	10
ptg001239l_1_region	42966	9886	0.23	0	10
ptg001240l_1	259650	1802120	6.94	0	26
ptg001240l_1_region	259650	1802120	6.94	0	26
ptg001241l_1	24810	116180	4.68	0	7
ptg001241l_1_region	24810	116180	4.68	0	7
ptg001242l_1	279813	1620863	5.79	0	15
ptg001242l_1_region	279813	1620863	5.79	0	15
ptg001243l_1	438276	2295743	5.24	0	18
ptg001243l_1_region	438276	2295743	5.24	0	18
ptg001244l_1	143297	613964	4.28	0	20
ptg001244l_1_region	143297	613964	4.28	0	20
ptg001245l_1	76446	332723	4.35	0	11
ptg001245l_1_region	76446	332723	4.35	0	11
ptg001246l_1	1675676	9351595	5.58	0	24
ptg001246l_1_region	1675676	9351595	5.58	0	24
ptg001247l_1	368090	4980809	13.53	0	130
ptg001247l_1_region	368090	4980809	13.53	0	130
ptg001248l_1	92575	550400	5.95	0	67
ptg001248l_1_region	92575	550400	5.95	0	67
ptg001249l_1	97439	637220	6.54	0	27
ptg001249l_1_region	97439	637220	6.54	0	27
ptg001250l_1	261246	1004318	3.84	0	16
ptg001250l_1_region	261246	1004318	3.84	0	16
ptg001252l_1	777396	4542619	5.84	0	21
ptg001252l_1_region	777396	4542619	5.84	0	21
ptg001253l_1	498368	1894805	3.80	0	18
ptg001253l_1_region	498368	1894805	3.80	0	18
ptg001254l_1	646186	2941547	4.55	0	13
ptg001254l_1_region	646186	2941547	4.55	0	13
ptg001255l_1	1061479	6246486	5.88	0	22
ptg001255l_1_region	1061479	6246486	5.88	0	22
ptg001257l_1	342453	1973193	5.76	0	23
ptg001257l_1_region	342453	1973193	5.76	0	23
ptg001259l_1	1455808	8113368	5.57	0	20
ptg001259l_1_region	1455808	8113368	5.57	0	20
ptg001261l_1	268557	1427868	5.32	0	27
ptg001261l_1_region	268557	1427868	5.32	0	27
ptg001262l_1	79723	400065	5.02	0	12
ptg001262l_1_region	79723	400065	5.02	0	12
ptg001263l_1	665501	5159841	7.75	0	290
ptg001263l_1_region	665501	5159841	7.75	0	290
ptg001264l_1	679841	3736298	5.50	0	27
ptg001264l_1_region	679841	3736298	5.50	0	27
ptg001266l_1	39364	101198	2.57	0	14
ptg001266l_1_region	39364	101198	2.57	0	14
ptg001267l_1	1695850	9929631	5.86	0	21
ptg001267l_1_region	1695850	9929631	5.86	0	21
ptg001268l_1	864974	5703187	6.59	0	23
ptg001268l_1_region	864974	5703187	6.59	0	23
ptg001269l_1	118762	592739	4.99	0	33
ptg001269l_1_region	118762	592739	4.99	0	33
ptg001270l_1	573987	3009019	5.24	0	18
ptg001270l_1_region	573987	3009019	5.24	0	18
ptg001271l_1	22855	76595	3.35	0	8
ptg001271l_1_region	22855	76595	3.35	0	8
ptg001272l_1	443273	2430879	5.48	0	22
ptg001272l_1_region	443273	2430879	5.48	0	22
ptg001273l_1	1809765	10602963	5.86	0	22
ptg001273l_1_region	1809765	10602963	5.86	0	22
ptg001274l_1	325701	2504778	7.69	0	22
ptg001274l_1_region	325701	2504778	7.69	0	22
ptg001275l_1	401697	1055423	2.63	0	14
ptg001275l_1_region	401697	1055423	2.63	0	14
ptg001276l_1	485883	3350254	6.90	0	27
ptg001276l_1_region	485883	3350254	6.90	0	27
ptg001277l_1	1161426	7609034	6.55	0	194
ptg001277l_1_region	1161426	7609034	6.55	0	194
ptg001279l_1	99363	679675	6.84	0	46
ptg001279l_1_region	99363	679675	6.84	0	46
ptg001281l_1	1034486	6113888	5.91	0	25
ptg001281l_1_region	1034486	6113888	5.91	0	25
ptg001283l_1	290202	1265975	4.36	0	13
ptg001283l_1_region	290202	1265975	4.36	0	13
ptg001284l_1	880574	5096383	5.79	0	16
ptg001284l_1_region	880574	5096383	5.79	0	16
ptg001285l_1	298933	1804146	6.04	0	36
ptg001285l_1_region	298933	1804146	6.04	0	36
ptg001286l_1	1025068	5570460	5.43	0	22
ptg001286l_1_region	1025068	5570460	5.43	0	22
ptg001287l_1	288995	1476428	5.11	0	19
ptg001287l_1_region	288995	1476428	5.11	0	19
ptg001288l_1	695675	3578734	5.14	0	20
ptg001288l_1_region	695675	3578734	5.14	0	20
ptg001290l_1	459934	2382539	5.18	0	18
ptg001290l_1_region	459934	2382539	5.18	0	18
ptg001292l_1	215161	957841	4.45	0	15
ptg001292l_1_region	215161	957841	4.45	0	15
ptg001293l_1	188373	619589	3.29	0	12
ptg001293l_1_region	188373	619589	3.29	0	12
ptg001294l_1	315090	1454086	4.61	0	22
ptg001294l_1_region	315090	1454086	4.61	0	22
ptg001295l_1	1987800	11850231	5.96	0	28
ptg001295l_1_region	1987800	11850231	5.96	0	28
ptg001296l_1	108825	586044	5.39	0	18
ptg001296l_1_region	108825	586044	5.39	0	18
ptg001297l_1	564243	3222460	5.71	0	21
ptg001297l_1_region	564243	3222460	5.71	0	21
ptg001299l_1	769127	4763878	6.19	0	24
ptg001299l_1_region	769127	4763878	6.19	0	24
ptg001300l_1	587090	2824080	4.81	0	14
ptg001300l_1_region	587090	2824080	4.81	0	14
ptg001301l_1	460361	2360318	5.13	0	14
ptg001301l_1_region	460361	2360318	5.13	0	14
ptg001302l_1	198421	1076363	5.42	0	23
ptg001302l_1_region	198421	1076363	5.42	0	23
ptg001303l_1	592468	3308624	5.58	0	16
ptg001303l_1_region	592468	3308624	5.58	0	16
ptg001304l_1	754945	4101593	5.43	0	15
ptg001304l_1_region	754945	4101593	5.43	0	15
ptg001305l_1	533545	3065605	5.75	0	18
ptg001305l_1_region	533545	3065605	5.75	0	18
ptg001306l_1	743509	3586661	4.82	0	18
ptg001306l_1_region	743509	3586661	4.82	0	18
ptg001308l_1	369465	2420563	6.55	0	29
ptg001308l_1_region	369465	2420563	6.55	0	29
ptg001309l_1	62279	206915	3.32	0	10
ptg001309l_1_region	62279	206915	3.32	0	10
ptg001310l_1	108669	812551	7.48	1	19
ptg001310l_1_region	108669	812551	7.48	1	19
ptg001311l_1	148242	1053910	7.11	0	121
ptg001311l_1_region	148242	1053910	7.11	0	121
ptg001312l_1	1435853	8358765	5.82	0	21
ptg001312l_1_region	1435853	8358765	5.82	0	21
ptg001313l_1	1014093	5869443	5.79	0	18
ptg001313l_1_region	1014093	5869443	5.79	0	18
ptg001314l_1	34871	101957	2.92	0	7
ptg001314l_1_region	34871	101957	2.92	0	7
ptg001315l_1	141216	1117763	7.92	0	44
ptg001315l_1_region	141216	1117763	7.92	0	44
ptg001316l_1	48189	102689	2.13	0	10
ptg001316l_1_region	48189	102689	2.13	0	10
ptg001317l_1	283282	1609754	5.68	0	17
ptg001317l_1_region	283282	1609754	5.68	0	17
ptg001318l_1	25741	65366	2.54	0	5
ptg001318l_1_region	25741	65366	2.54	0	5
ptg001320l_1	922291	4685052	5.08	0	18
ptg001320l_1_region	922291	4685052	5.08	0	18
ptg001321l_1	51886	157465	3.03	0	8
ptg001321l_1_region	51886	157465	3.03	0	8
ptg001322l_1	40452	116294	2.87	0	7
ptg001322l_1_region	40452	116294	2.87	0	7
ptg001324l_1	302792	1199197	3.96	0	44
ptg001324l_1_region	302792	1199197	3.96	0	44
ptg001325l_1	39569	122857	3.10	0	7
ptg001325l_1_region	39569	122857	3.10	0	7
ptg001326l_1	321794	2109976	6.56	0	18
ptg001326l_1_region	321794	2109976	6.56	0	18
ptg001327l_1	590252	3247593	5.50	0	16
ptg001327l_1_region	590252	3247593	5.50	0	16
ptg001328l_1	1678897	10412442	6.20	0	24
ptg001328l_1_region	1678897	10412442	6.20	0	24
ptg001329l_1	247450	1727118	6.98	0	35
ptg001329l_1_region	247450	1727118	6.98	0	35
ptg001331l_1	326672	1965123	6.02	0	22
ptg001331l_1_region	326672	1965123	6.02	0	22
ptg001332l_1	992291	4829259	4.87	0	18
ptg001332l_1_region	992291	4829259	4.87	0	18
ptg001333l_1	373474	1891308	5.06	0	15
ptg001333l_1_region	373474	1891308	5.06	0	15
ptg001334l_1	237667	2209984	9.30	0	31
ptg001334l_1_region	237667	2209984	9.30	0	31
ptg001335l_1	1458354	7791240	5.34	0	24
ptg001335l_1_region	1458354	7791240	5.34	0	24
ptg001336l_1	118484	1122450	9.47	0	46
ptg001336l_1_region	118484	1122450	9.47	0	46
ptg001338l_1	18959	75792	4.00	0	10
ptg001338l_1_region	18959	75792	4.00	0	10
ptg001339l_1	72653	484901	6.67	1	18
ptg001339l_1_region	72653	484901	6.67	1	18
ptg001340l_1	226591	946738	4.18	0	53
ptg001340l_1_region	226591	946738	4.18	0	53
ptg001341l_1	559976	3233858	5.77	0	17
ptg001341l_1_region	559976	3233858	5.77	0	17
ptg001342l_1	921151	4997780	5.43	0	18
ptg001342l_1_region	921151	4997780	5.43	0	18
ptg001343l_1	203456	666076	3.27	0	12
ptg001343l_1_region	203456	666076	3.27	0	12
ptg001344l_1	628740	3028686	4.82	0	33
ptg001344l_1_region	628740	3028686	4.82	0	33
ptg001345l_1	310016	1416100	4.57	0	16
ptg001345l_1_region	310016	1416100	4.57	0	16
ptg001346l_1	527561	2517463	4.77	0	16
ptg001346l_1_region	527561	2517463	4.77	0	16
ptg001347l_1	129519	794371	6.13	0	19
ptg001347l_1_region	129519	794371	6.13	0	19
ptg001348l_1	687601	3675057	5.34	0	34
ptg001348l_1_region	687601	3675057	5.34	0	34
ptg001349l_1	750256	4293380	5.72	0	25
ptg001349l_1_region	750256	4293380	5.72	0	25
ptg001350l_1	2238743	13327587	5.95	0	22
ptg001350l_1_region	2238743	13327587	5.95	0	22
ptg001352l_1	2172933	18136911	8.35	0	107
ptg001352l_1_region	2172933	18136911	8.35	0	107
ptg001353l_1	451398	2138394	4.74	0	17
ptg001353l_1_region	451398	2138394	4.74	0	17
ptg001354l_1	27293	170086	6.23	0	16
ptg001354l_1_region	27293	170086	6.23	0	16
ptg001355l_1	122373	348444	2.85	0	13
ptg001355l_1_region	122373	348444	2.85	0	13
ptg001357l_1	159314	848201	5.32	0	15
ptg001357l_1_region	159314	848201	5.32	0	15
ptg001358l_1	234604	1075662	4.59	0	23
ptg001358l_1_region	234604	1075662	4.59	0	23
ptg001360l_1	163453	677649	4.15	0	17
ptg001360l_1_region	163453	677649	4.15	0	17
ptg001361l_1	36799	288993	7.85	0	21
ptg001361l_1_region	36799	288993	7.85	0	21
ptg001363l_1	312842	1400597	4.48	0	22
ptg001363l_1_region	312842	1400597	4.48	0	22
ptg001364l_1	582071	3280550	5.64	0	20
ptg001364l_1_region	582071	3280550	5.64	0	20
ptg001365l_1	143517	660250	4.60	0	20
ptg001365l_1_region	143517	660250	4.60	0	20
ptg001366l_1	41317	83148	2.01	0	7
ptg001366l_1_region	41317	83148	2.01	0	7
ptg001367l_1	888747	4525975	5.09	0	27
ptg001367l_1_region	888747	4525975	5.09	0	27
ptg001368l_1	883965	8821715	9.98	0	97
ptg001368l_1_region	883965	8821715	9.98	0	97
ptg001369l_1	753959	3940828	5.23	0	24
ptg001369l_1_region	753959	3940828	5.23	0	24
ptg001370l_1	577260	3890417	6.74	0	28
ptg001370l_1_region	577260	3890417	6.74	0	28
ptg001371l_1	476132	5007944	10.52	0	35
ptg001371l_1_region	476132	5007944	10.52	0	35
ptg001372l_1	182924	777323	4.25	0	11
ptg001372l_1_region	182924	777323	4.25	0	11
ptg001374l_1	698820	3997040	5.72	0	20
ptg001374l_1_region	698820	3997040	5.72	0	20
ptg001375l_1	241617	1185648	4.91	0	14
ptg001375l_1_region	241617	1185648	4.91	0	14
ptg001376l_1	1403596	11377375	8.11	0	75
ptg001376l_1_region	1403596	11377375	8.11	0	75
ptg001377l_1	1204228	11308192	9.39	0	220
ptg001377l_1_region	1204228	11308192	9.39	0	220
ptg001378l_1	836525	5690508	6.80	0	24
ptg001378l_1_region	836525	5690508	6.80	0	24
ptg001379l_1	321474	3099320	9.64	0	31
ptg001379l_1_region	321474	3099320	9.64	0	31
ptg001380l_1	158928	803340	5.05	0	11
ptg001380l_1_region	158928	803340	5.05	0	11
ptg001382l_1	302987	1693857	5.59	0	14
ptg001382l_1_region	302987	1693857	5.59	0	14
ptg001383l_1	505019	3385158	6.70	0	28
ptg001383l_1_region	505019	3385158	6.70	0	28
ptg001387l_1	265349	640195	2.41	0	17
ptg001387l_1_region	265349	640195	2.41	0	17
ptg001388l_1	101019	474780	4.70	0	18
ptg001388l_1_region	101019	474780	4.70	0	18
ptg001389l_1	1721355	10915588	6.34	0	23
ptg001389l_1_region	1721355	10915588	6.34	0	23
ptg001390l_1	371608	3440142	9.26	0	76
ptg001390l_1_region	371608	3440142	9.26	0	76
ptg001392l_1	293560	979547	3.34	0	10
ptg001392l_1_region	293560	979547	3.34	0	10
ptg001393l_1	101599	386273	3.80	0	12
ptg001393l_1_region	101599	386273	3.80	0	12
ptg001394l_1	195389	999230	5.11	0	12
ptg001394l_1_region	195389	999230	5.11	0	12
ptg001396l_1	203147	1251510	6.16	0	25
ptg001396l_1_region	203147	1251510	6.16	0	25
ptg001397l_1	1367017	7900040	5.78	0	21
ptg001397l_1_region	1367017	7900040	5.78	0	21
ptg001398l_1	623310	4009759	6.43	0	21
ptg001398l_1_region	623310	4009759	6.43	0	21
ptg001400l_1	338584	1749269	5.17	0	29
ptg001400l_1_region	338584	1749269	5.17	0	29
ptg001401l_1	88751	433927	4.89	0	19
ptg001401l_1_region	88751	433927	4.89	0	19
ptg001402l_1	457613	3910285	8.54	0	125
ptg001402l_1_region	457613	3910285	8.54	0	125
ptg001404l_1	455508	2025674	4.45	0	16
ptg001404l_1_region	455508	2025674	4.45	0	16
ptg001405l_1	82479	930445	11.28	0	23
ptg001405l_1_region	82479	930445	11.28	0	23
ptg001407l_1	500449	4226162	8.44	0	22
ptg001407l_1_region	500449	4226162	8.44	0	22
ptg001408l_1	870236	4290273	4.93	0	20
ptg001408l_1_region	870236	4290273	4.93	0	20
ptg001409l_1	223121	923739	4.14	0	27
ptg001409l_1_region	223121	923739	4.14	0	27
ptg001410l_1	611448	3538886	5.79	0	18
ptg001410l_1_region	611448	3538886	5.79	0	18
ptg001412l_1	943584	6042812	6.40	0	21
ptg001412l_1_region	943584	6042812	6.40	0	21
ptg001413l_1	541529	2576801	4.76	0	16
ptg001413l_1_region	541529	2576801	4.76	0	16
ptg001414l_1	442603	3386522	7.65	0	20
ptg001414l_1_region	442603	3386522	7.65	0	20
ptg001415l_1	37688	179357	4.76	0	10
ptg001415l_1_region	37688	179357	4.76	0	10
ptg001417l_1	252843	1413548	5.59	0	22
ptg001417l_1_region	252843	1413548	5.59	0	22
ptg001418l_1	171537	1271761	7.41	0	49
ptg001418l_1_region	171537	1271761	7.41	0	49
ptg001419l_1	537723	3041954	5.66	0	24
ptg001419l_1_region	537723	3041954	5.66	0	24
ptg001420l_1	96646	368921	3.82	0	13
ptg001420l_1_region	96646	368921	3.82	0	13
ptg001421l_1	81993	348580	4.25	0	29
ptg001421l_1_region	81993	348580	4.25	0	29
ptg001423l_1	246057	1344134	5.46	0	22
ptg001423l_1_region	246057	1344134	5.46	0	22
ptg001424l_1	70822	369853	5.22	0	16
ptg001424l_1_region	70822	369853	5.22	0	16
ptg001425l_1	842532	4693299	5.57	0	19
ptg001425l_1_region	842532	4693299	5.57	0	19
ptg001426l_1	295647	1998588	6.76	0	38
ptg001426l_1_region	295647	1998588	6.76	0	38
ptg001427l_1	194075	769345	3.96	0	12
ptg001427l_1_region	194075	769345	3.96	0	12
ptg001428l_1	385282	2017444	5.24	0	14
ptg001428l_1_region	385282	2017444	5.24	0	14
ptg001429l_1	1954561	10300902	5.27	0	26
ptg001429l_1_region	1954561	10300902	5.27	0	26
ptg001430l_1	319304	1287701	4.03	0	21
ptg001430l_1_region	319304	1287701	4.03	0	21
ptg001431l_1	246420	1231719	5.00	0	15
ptg001431l_1_region	246420	1231719	5.00	0	15
ptg001432l_1	1672469	10897668	6.52	0	21
ptg001432l_1_region	1672469	10897668	6.52	0	21
ptg001433l_1	1176999	7029324	5.97	0	27
ptg001433l_1_region	1176999	7029324	5.97	0	27
ptg001434l_1	59544	190216	3.19	0	10
ptg001434l_1_region	59544	190216	3.19	0	10
ptg001435l_1	210056	919036	4.38	0	15
ptg001435l_1_region	210056	919036	4.38	0	15
ptg001436l_1	2375110	13081350	5.51	0	34
ptg001436l_1_region	2375110	13081350	5.51	0	34
ptg001438l_1	934462	5950747	6.37	0	19
ptg001438l_1_region	934462	5950747	6.37	0	19
ptg001440l_1	694696	4066346	5.85	0	22
ptg001440l_1_region	694696	4066346	5.85	0	22
ptg001443l_1	184111	734930	3.99	0	15
ptg001443l_1_region	184111	734930	3.99	0	15
ptg001444l_1	983139	6549345	6.66	0	44
ptg001444l_1_region	983139	6549345	6.66	0	44
ptg001446l_1	395186	2519793	6.38	0	45
ptg001446l_1_region	395186	2519793	6.38	0	45
ptg001447l_1	432652	2317495	5.36	0	17
ptg001447l_1_region	432652	2317495	5.36	0	17
ptg001448l_1	588254	3147062	5.35	0	30
ptg001448l_1_region	588254	3147062	5.35	0	30
ptg001449l_1	80353	180024	2.24	0	12
ptg001449l_1_region	80353	180024	2.24	0	12
ptg001450l_1	1235960	7097587	5.74	0	17
ptg001450l_1_region	1235960	7097587	5.74	0	17
ptg001451l_1	161065	590851	3.67	0	17
ptg001451l_1_region	161065	590851	3.67	0	17
ptg001452l_1	1244130	7166690	5.76	0	19
ptg001452l_1_region	1244130	7166690	5.76	0	19
ptg001453l_1	593643	2886646	4.86	0	66
ptg001453l_1_region	593643	2886646	4.86	0	66
ptg001454l_1	68841	155111	2.25	0	7
ptg001454l_1_region	68841	155111	2.25	0	7
ptg001455l_1	274725	1671216	6.08	0	15
ptg001455l_1_region	274725	1671216	6.08	0	15
ptg001457l_1	514033	3090174	6.01	0	16
ptg001457l_1_region	514033	3090174	6.01	0	16
ptg001458l_1	154348	827716	5.36	0	17
ptg001458l_1_region	154348	827716	5.36	0	17
ptg001460l_1	942924	5303786	5.62	0	34
ptg001460l_1_region	942924	5303786	5.62	0	34
ptg001461l_1	108981	434310	3.99	0	13
ptg001461l_1_region	108981	434310	3.99	0	13
ptg001462l_1	191058	867475	4.54	0	14
ptg001462l_1_region	191058	867475	4.54	0	14
ptg001465l_1	214203	950828	4.44	0	11
ptg001465l_1_region	214203	950828	4.44	0	11
ptg001466l_1	625846	3493780	5.58	0	59
ptg001466l_1_region	625846	3493780	5.58	0	59
ptg001467l_1	621830	4042044	6.50	0	30
ptg001467l_1_region	621830	4042044	6.50	0	30
ptg001468l_1	79784	239607	3.00	0	8
ptg001468l_1_region	79784	239607	3.00	0	8
ptg001469l_1	431706	2057285	4.77	0	20
ptg001469l_1_region	431706	2057285	4.77	0	20
ptg001471l_1	279063	1594511	5.71	0	17
ptg001471l_1_region	279063	1594511	5.71	0	17
ptg001475l_1	4381322	26644831	6.08	0	37
ptg001475l_1_region	4381322	26644831	6.08	0	37
ptg001476l_1	98799	642134	6.50	0	18
ptg001476l_1_region	98799	642134	6.50	0	18
ptg001479l_1	1169827	6784230	5.80	0	23
ptg001479l_1_region	1169827	6784230	5.80	0	23
ptg001480l_1	1715065	11754519	6.85	0	41
ptg001480l_1_region	1715065	11754519	6.85	0	41
ptg001481l_1	273665	1171282	4.28	0	14
ptg001481l_1_region	273665	1171282	4.28	0	14
ptg001482l_1	532779	3117759	5.85	0	30
ptg001482l_1_region	532779	3117759	5.85	0	30
ptg001483l_1	1079351	5943239	5.51	0	18
ptg001483l_1_region	1079351	5943239	5.51	0	18
ptg001484l_1	61907	279221	4.51	0	8
ptg001484l_1_region	61907	279221	4.51	0	8
ptg001485l_1	470498	2655505	5.64	0	21
ptg001485l_1_region	470498	2655505	5.64	0	21
ptg001486l_1	1328846	8770827	6.60	0	26
ptg001486l_1_region	1328846	8770827	6.60	0	26
ptg001487l_1	591222	3640490	6.16	0	19
ptg001487l_1_region	591222	3640490	6.16	0	19
ptg001490l_1	1250965	7889083	6.31	0	18
ptg001490l_1_region	1250965	7889083	6.31	0	18
ptg001491l_1	1078750	6856432	6.36	0	74
ptg001491l_1_region	1078750	6856432	6.36	0	74
ptg001492l_1	128785	682498	5.30	0	21
ptg001492l_1_region	128785	682498	5.30	0	21
ptg001493l_1	2287082	13212321	5.78	0	28
ptg001493l_1_region	2287082	13212321	5.78	0	28
ptg001494l_1	86933	403900	4.65	0	16
ptg001494l_1_region	86933	403900	4.65	0	16
ptg001495l_1	1197612	7157992	5.98	0	29
ptg001495l_1_region	1197612	7157992	5.98	0	29
ptg001496l_1	118468	550924	4.65	0	12
ptg001496l_1_region	118468	550924	4.65	0	12
ptg001497l_1	1379722	8665885	6.28	0	26
ptg001497l_1_region	1379722	8665885	6.28	0	26
ptg001498l_1	493670	2304229	4.67	0	25
ptg001498l_1_region	493670	2304229	4.67	0	25
ptg001499l_1	1208300	6735831	5.57	0	16
ptg001499l_1_region	1208300	6735831	5.57	0	16
ptg001500l_1	453259	2527798	5.58	0	17
ptg001500l_1_region	453259	2527798	5.58	0	17
ptg001501l_1	817461	4800142	5.87	0	28
ptg001501l_1_region	817461	4800142	5.87	0	28
ptg001503l_1	631331	3909206	6.19	0	20
ptg001503l_1_region	631331	3909206	6.19	0	20
ptg001505l_1	352455	2395337	6.80	0	29
ptg001505l_1_region	352455	2395337	6.80	0	29
ptg001506l_1	66475	378336	5.69	0	14
ptg001506l_1_region	66475	378336	5.69	0	14
ptg001507l_1	1404345	8340767	5.94	0	26
ptg001507l_1_region	1404345	8340767	5.94	0	26
ptg001508l_1	166440	788179	4.74	0	12
ptg001508l_1_region	166440	788179	4.74	0	12
ptg001509l_1	1707580	8907346	5.22	0	38
ptg001509l_1_region	1707580	8907346	5.22	0	38
ptg001510l_1	641493	3523410	5.49	0	18
ptg001510l_1_region	641493	3523410	5.49	0	18
ptg001511l_1	270294	1506276	5.57	0	18
ptg001511l_1_region	270294	1506276	5.57	0	18
ptg001513l_1	731180	3815121	5.22	0	31
ptg001513l_1_region	731180	3815121	5.22	0	31
ptg001515l_1	283469	1203796	4.25	0	21
ptg001515l_1_region	283469	1203796	4.25	0	21
ptg001517l_1	24565	76237	3.10	0	6
ptg001517l_1_region	24565	76237	3.10	0	6
ptg001518l_1	97897	390849	3.99	0	40
ptg001518l_1_region	97897	390849	3.99	0	40
ptg001521l_1	154119	1422454	9.23	0	52
ptg001521l_1_region	154119	1422454	9.23	0	52
ptg001522l_1	1496377	8812703	5.89	0	34
ptg001522l_1_region	1496377	8812703	5.89	0	34
ptg001523l_1	316382	2062950	6.52	0	14
ptg001523l_1_region	316382	2062950	6.52	0	14
ptg001524l_1	119971	770751	6.42	0	19
ptg001524l_1_region	119971	770751	6.42	0	19
ptg001525l_1	883020	5234050	5.93	0	20
ptg001525l_1_region	883020	5234050	5.93	0	20
ptg001526l_1	1197912	6227829	5.20	0	17
ptg001526l_1_region	1197912	6227829	5.20	0	17
ptg001527l_1	642073	5185544	8.08	0	40
ptg001527l_1_region	642073	5185544	8.08	0	40
ptg001529l_1	97763	502672	5.14	0	15
ptg001529l_1_region	97763	502672	5.14	0	15
ptg001532l_1	290818	2104494	7.24	0	94
ptg001532l_1_region	290818	2104494	7.24	0	94
ptg001533l_1	711306	3652846	5.14	0	18
ptg001533l_1_region	711306	3652846	5.14	0	18
ptg001535l_1	330881	1898219	5.74	0	16
ptg001535l_1_region	330881	1898219	5.74	0	16
ptg001536l_1	126553	791339	6.25	0	12
ptg001536l_1_region	126553	791339	6.25	0	12
ptg001537l_1	1467749	8435402	5.75	0	20
ptg001537l_1_region	1467749	8435402	5.75	0	20
ptg001538l_1	23934	50956	2.13	0	5
ptg001538l_1_region	23934	50956	2.13	0	5
ptg001539l_1	324127	5197993	16.04	0	145
ptg001539l_1_region	324127	5197993	16.04	0	145
ptg001540l_1	340010	2059509	6.06	0	17
ptg001540l_1_region	340010	2059509	6.06	0	17
ptg001541l_1	303838	2191055	7.21	0	29
ptg001541l_1_region	303838	2191055	7.21	0	29
ptg001543l_1	420466	2454318	5.84	0	18
ptg001543l_1_region	420466	2454318	5.84	0	18
ptg001545l_1	1463123	8661177	5.92	0	26
ptg001545l_1_region	1463123	8661177	5.92	0	26
ptg001546l_1	200996	674689	3.36	0	12
ptg001546l_1_region	200996	674689	3.36	0	12
ptg001550l_1	523678	2693515	5.14	0	27
ptg001550l_1_region	523678	2693515	5.14	0	27
ptg001552l_1	1142560	42449788	37.15	0	162
ptg001552l_1_region	1142560	42449788	37.15	0	162
ptg001555l_1	225712	1273527	5.64	0	22
ptg001555l_1_region	225712	1273527	5.64	0	22
ptg001556l_1	548025	3188351	5.82	0	22
ptg001556l_1_region	548025	3188351	5.82	0	22
ptg001558l_1	122544	1116984	9.11	0	21
ptg001558l_1_region	122544	1116984	9.11	0	21
ptg001559l_1	952878	5737956	6.02	0	17
ptg001559l_1_region	952878	5737956	6.02	0	17
ptg001560l_1	136657	595877	4.36	0	10
ptg001560l_1_region	136657	595877	4.36	0	10
ptg001561l_1	127087	480664	3.78	0	16
ptg001561l_1_region	127087	480664	3.78	0	16
ptg001562l_1	272347	1261886	4.63	0	17
ptg001562l_1_region	272347	1261886	4.63	0	17
ptg001563l_1	491958	2914945	5.93	0	14
ptg001563l_1_region	491958	2914945	5.93	0	14
ptg001565l_1	194969	730324	3.75	0	12
ptg001565l_1_region	194969	730324	3.75	0	12
ptg001566l_1	273684	1284647	4.69	0	19
ptg001566l_1_region	273684	1284647	4.69	0	19
ptg001567l_1	182410	917992	5.03	0	12
ptg001567l_1_region	182410	917992	5.03	0	12
ptg001568l_1	859054	6345408	7.39	0	116
ptg001568l_1_region	859054	6345408	7.39	0	116
ptg001569l_1	337362	1578057	4.68	0	15
ptg001569l_1_region	337362	1578057	4.68	0	15
ptg001570l_1	927788	5093051	5.49	0	17
ptg001570l_1_region	927788	5093051	5.49	0	17
ptg001571l_1	47006	248685	5.29	0	12
ptg001571l_1_region	47006	248685	5.29	0	12
ptg001572l_1	703914	4392108	6.24	0	17
ptg001572l_1_region	703914	4392108	6.24	0	17
ptg001573l_1	81123	476627	5.88	0	14
ptg001573l_1_region	81123	476627	5.88	0	14
ptg001574l_1	1498440	8855344	5.91	0	24
ptg001574l_1_region	1498440	8855344	5.91	0	24
ptg001575l_1	725449	3244807	4.47	0	21
ptg001575l_1_region	725449	3244807	4.47	0	21
ptg001576l_1	104606	433941	4.15	0	16
ptg001576l_1_region	104606	433941	4.15	0	16
ptg001577l_1	183512	940001	5.12	0	15
ptg001577l_1_region	183512	940001	5.12	0	15
ptg001579l_1	218566	993096	4.54	0	11
ptg001579l_1_region	218566	993096	4.54	0	11
ptg001580l_1	496384	2861199	5.76	0	19
ptg001580l_1_region	496384	2861199	5.76	0	19
ptg001583l_1	583012	3132428	5.37	0	21
ptg001583l_1_region	583012	3132428	5.37	0	21
ptg001585l_1	1871254	15869835	8.48	0	45
ptg001585l_1_region	1871254	15869835	8.48	0	45
ptg001586l_1	697184	4127590	5.92	0	20
ptg001586l_1_region	697184	4127590	5.92	0	20
ptg001587l_1	564132	3511067	6.22	0	61
ptg001587l_1_region	564132	3511067	6.22	0	61
ptg001588l_1	568600	3233693	5.69	0	21
ptg001588l_1_region	568600	3233693	5.69	0	21
ptg001589l_1	29486	83973	2.85	0	9
ptg001589l_1_region	29486	83973	2.85	0	9
ptg001590l_1	1070121	5764907	5.39	0	26
ptg001590l_1_region	1070121	5764907	5.39	0	26
ptg001591l_1	477233	2822274	5.91	0	16
ptg001591l_1_region	477233	2822274	5.91	0	16
ptg001592l_1	1010136	5425518	5.37	0	21
ptg001592l_1_region	1010136	5425518	5.37	0	21
ptg001594l_1	37902	167079	4.41	0	9
ptg001594l_1_region	37902	167079	4.41	0	9
ptg001596l_1	479582	4845578	10.10	0	57
ptg001596l_1_region	479582	4845578	10.10	0	57
ptg001597l_1	291448	1153115	3.96	0	16
ptg001597l_1_region	291448	1153115	3.96	0	16
ptg001599l_1	101450	404491	3.99	0	9
ptg001599l_1_region	101450	404491	3.99	0	9
ptg001601l_1	889548	5444292	6.12	0	43
ptg001601l_1_region	889548	5444292	6.12	0	43
ptg001602l_1	1238822	6617920	5.34	0	22
ptg001602l_1_region	1238822	6617920	5.34	0	22
ptg001603l_1	46124	220432	4.78	0	10
ptg001603l_1_region	46124	220432	4.78	0	10
ptg001604l_1	105836	288753	2.73	0	12
ptg001604l_1_region	105836	288753	2.73	0	12
ptg001605l_1	659595	3515805	5.33	0	21
ptg001605l_1_region	659595	3515805	5.33	0	21
ptg001606l_1	48047	190249	3.96	0	11
ptg001606l_1_region	48047	190249	3.96	0	11
ptg001607l_1	751185	4563371	6.07	0	20
ptg001607l_1_region	751185	4563371	6.07	0	20
ptg001608l_1	897245	5951655	6.63	0	18
ptg001608l_1_region	897245	5951655	6.63	0	18
ptg001609l_1	432116	2289432	5.30	0	15
ptg001609l_1_region	432116	2289432	5.30	0	15
ptg001610l_1	359212	2141787	5.96	0	16
ptg001610l_1_region	359212	2141787	5.96	0	16
ptg001611l_1	609561	3566523	5.85	0	18
ptg001611l_1_region	609561	3566523	5.85	0	18
ptg001613l_1	138290	571073	4.13	0	14
ptg001613l_1_region	138290	571073	4.13	0	14
ptg001614l_1	259005	1652758	6.38	0	19
ptg001614l_1_region	259005	1652758	6.38	0	19
ptg001617l_1	174125	763336	4.38	0	14
ptg001617l_1_region	174125	763336	4.38	0	14
ptg001618l_1	259715	2163769	8.33	0	22
ptg001618l_1_region	259715	2163769	8.33	0	22
ptg001620l_1	342981	1765679	5.15	0	12
ptg001620l_1_region	342981	1765679	5.15	0	12
ptg001622l_1	194301	1237823	6.37	0	27
ptg001622l_1_region	194301	1237823	6.37	0	27
ptg001623l_1	53908	170459	3.16	0	20
ptg001623l_1_region	53908	170459	3.16	0	20
ptg001625l_1	343500	2206299	6.42	0	16
ptg001625l_1_region	343500	2206299	6.42	0	16
ptg001628l_1	214033	409599	1.91	0	15
ptg001628l_1_region	214033	409599	1.91	0	15
ptg001629l_1	55252	199087	3.60	0	10
ptg001629l_1_region	55252	199087	3.60	0	10
ptg001630l_1	172570	1034610	6.00	0	37
ptg001630l_1_region	172570	1034610	6.00	0	37
ptg001632l_1	540095	7536284	13.95	0	80
ptg001632l_1_region	540095	7536284	13.95	0	80
ptg001633l_1	311224	1298465	4.17	0	16
ptg001633l_1_region	311224	1298465	4.17	0	16
ptg001634l_1	51072	97625	1.91	0	5
ptg001634l_1_region	51072	97625	1.91	0	5
ptg001635l_1	110207	476612	4.32	0	13
ptg001635l_1_region	110207	476612	4.32	0	13
ptg001636l_1	357349	2050456	5.74	0	21
ptg001636l_1_region	357349	2050456	5.74	0	21
ptg001637l_1	185450	967541	5.22	0	14
ptg001637l_1_region	185450	967541	5.22	0	14
ptg001640l_1	446172	3312854	7.43	0	33
ptg001640l_1_region	446172	3312854	7.43	0	33
ptg001641l_1	795447	4851912	6.10	0	16
ptg001641l_1_region	795447	4851912	6.10	0	16
ptg001643l_1	328000	1556026	4.74	0	15
ptg001643l_1_region	328000	1556026	4.74	0	15
ptg001645l_1	1638150	8914269	5.44	0	22
ptg001645l_1_region	1638150	8914269	5.44	0	22
ptg001646l_1	380411	2063577	5.42	0	17
ptg001646l_1_region	380411	2063577	5.42	0	17
ptg001647l_1	72933	310463	4.26	0	12
ptg001647l_1_region	72933	310463	4.26	0	12
ptg001649l_1	499948	7061582	14.12	0	64
ptg001649l_1_region	499948	7061582	14.12	0	64
ptg001653l_1	716185	3704012	5.17	0	17
ptg001653l_1_region	716185	3704012	5.17	0	17
ptg001654l_1	934082	5634137	6.03	0	25
ptg001654l_1_region	934082	5634137	6.03	0	25
ptg001655l_1	298692	1644865	5.51	0	13
ptg001655l_1_region	298692	1644865	5.51	0	13
ptg001656l_1	1267774	7753886	6.12	0	29
ptg001656l_1_region	1267774	7753886	6.12	0	29
ptg001658l_1	238712	950353	3.98	0	11
ptg001658l_1_region	238712	950353	3.98	0	11
ptg001659l_1	1044796	4822783	4.62	0	48
ptg001659l_1_region	1044796	4822783	4.62	0	48
ptg001660l_1	170709	687164	4.03	0	101
ptg001660l_1_region	170709	687164	4.03	0	101
ptg001662l_1	36752	99738	2.71	0	6
ptg001662l_1_region	36752	99738	2.71	0	6
ptg001664l_1	225129	905559	4.02	0	36
ptg001664l_1_region	225129	905559	4.02	0	36
ptg001666l_1	354772	2709938	7.64	0	53
ptg001666l_1_region	354772	2709938	7.64	0	53
ptg001668l_1	319849	1117631	3.49	0	13
ptg001668l_1_region	319849	1117631	3.49	0	13
ptg001670l_1	201816	1290269	6.39	0	23
ptg001670l_1_region	201816	1290269	6.39	0	23
ptg001672l_1	144323	658735	4.56	0	14
ptg001672l_1_region	144323	658735	4.56	0	14
ptg001673l_1	1014343	7187877	7.09	0	53
ptg001673l_1_region	1014343	7187877	7.09	0	53
ptg001674l_1	248057	984305	3.97	0	19
ptg001674l_1_region	248057	984305	3.97	0	19
ptg001677l_1	30497	90483	2.97	0	6
ptg001677l_1_region	30497	90483	2.97	0	6
ptg001678l_1	470493	2756636	5.86	0	18
ptg001678l_1_region	470493	2756636	5.86	0	18
ptg001679l_1	316752	1377313	4.35	0	25
ptg001679l_1_region	316752	1377313	4.35	0	25
ptg001680l_1	98225	496942	5.06	0	12
ptg001680l_1_region	98225	496942	5.06	0	12
ptg001681l_1	624463	3465931	5.55	0	14
ptg001681l_1_region	624463	3465931	5.55	0	14
ptg001682l_1	790668	4335778	5.48	0	17
ptg001682l_1_region	790668	4335778	5.48	0	17
ptg001683l_1	503312	2761905	5.49	0	17
ptg001683l_1_region	503312	2761905	5.49	0	17
ptg001684l_1	817955	4929995	6.03	0	31
ptg001684l_1_region	817955	4929995	6.03	0	31
ptg001685l_1	205181	487893	2.38	0	13
ptg001685l_1_region	205181	487893	2.38	0	13
ptg001686l_1	346972	2334700	6.73	0	28
ptg001686l_1_region	346972	2334700	6.73	0	28
ptg001687l_1	728221	3658109	5.02	0	19
ptg001687l_1_region	728221	3658109	5.02	0	19
ptg001690l_1	391041	2188593	5.60	0	17
ptg001690l_1_region	391041	2188593	5.60	0	17
ptg001691l_1	247823	1467172	5.92	0	18
ptg001691l_1_region	247823	1467172	5.92	0	18
ptg001692l_1	111380	569599	5.11	0	14
ptg001692l_1_region	111380	569599	5.11	0	14
ptg001693l_1	331759	1724786	5.20	0	15
ptg001693l_1_region	331759	1724786	5.20	0	15
ptg001694l_1	58398	160813	2.75	0	9
ptg001694l_1_region	58398	160813	2.75	0	9
ptg001695l_1	147822	883787	5.98	0	15
ptg001695l_1_region	147822	883787	5.98	0	15
ptg001696l_1	233759	1419066	6.07	0	16
ptg001696l_1_region	233759	1419066	6.07	0	16
ptg001697l_1	387256	3846358	9.93	0	33
ptg001697l_1_region	387256	3846358	9.93	0	33
ptg001700l_1	609016	3936647	6.46	0	23
ptg001700l_1_region	609016	3936647	6.46	0	23
ptg001703l_1	298778	2271546	7.60	0	23
ptg001703l_1_region	298778	2271546	7.60	0	23
ptg001704l_1	710757	4327287	6.09	0	23
ptg001704l_1_region	710757	4327287	6.09	0	23
ptg001705l_1	135172	468174	3.46	0	11
ptg001705l_1_region	135172	468174	3.46	0	11
ptg001707l_1	546566	3644612	6.67	0	19
ptg001707l_1_region	546566	3644612	6.67	0	19
ptg001708l_1	163253	630999	3.87	0	24
ptg001708l_1_region	163253	630999	3.87	0	24
ptg001710l_1	236865	983213	4.15	0	11
ptg001710l_1_region	236865	983213	4.15	0	11
ptg001711l_1	469950	2620831	5.58	0	17
ptg001711l_1_region	469950	2620831	5.58	0	17
ptg001712l_1	1375073	8034388	5.84	0	19
ptg001712l_1_region	1375073	8034388	5.84	0	19
ptg001715l_1	619132	4260691	6.88	0	39
ptg001715l_1_region	619132	4260691	6.88	0	39
ptg001718l_1	87643	273323	3.12	0	15
ptg001718l_1_region	87643	273323	3.12	0	15
ptg001719l_1	83682	334216	3.99	0	29
ptg001719l_1_region	83682	334216	3.99	0	29
ptg001723l_1	52975	249559	4.71	0	19
ptg001723l_1_region	52975	249559	4.71	0	19
ptg001724l_1	132628	273448	2.06	0	41
ptg001724l_1_region	132628	273448	2.06	0	41
ptg001726l_1	105921	457808	4.32	0	27
ptg001726l_1_region	105921	457808	4.32	0	27
ptg001730l_1	40231	72416	1.80	0	11
ptg001730l_1_region	40231	72416	1.80	0	11
ptg001733l_1	232408	1414878	6.09	0	40
ptg001733l_1_region	232408	1414878	6.09	0	40
ptg001735l_1	189008	406202	2.15	0	20
ptg001735l_1_region	189008	406202	2.15	0	20
ptg001736l_1	212720	917761	4.31	0	65
ptg001736l_1_region	212720	917761	4.31	0	65
ptg001737l_1	111774	566140	5.07	0	14
ptg001737l_1_region	111774	566140	5.07	0	14
ptg001738l_1	498692	4285981	8.59	0	61
ptg001738l_1_region	498692	4285981	8.59	0	61
ptg001739l_1	166352	553407	3.33	0	9
ptg001739l_1_region	166352	553407	3.33	0	9
ptg001740l_1	227042	906175	3.99	0	20
ptg001740l_1_region	227042	906175	3.99	0	20
ptg001741l_1	302847	1057804	3.49	0	27
ptg001741l_1_region	302847	1057804	3.49	0	27
ptg001742l_1	94356	327003	3.47	0	9
ptg001742l_1_region	94356	327003	3.47	0	9
ptg001743l_1	289676	1565827	5.41	0	30
ptg001743l_1_region	289676	1565827	5.41	0	30
ptg001747l_1	2265272	12924976	5.71	0	19
ptg001747l_1_region	2265272	12924976	5.71	0	19
ptg001748l_1	516205	6279044	12.16	0	96
ptg001748l_1_region	516205	6279044	12.16	0	96
ptg001749l_1	813442	6727829	8.27	0	58
ptg001749l_1_region	813442	6727829	8.27	0	58
ptg001750l_1	445697	1645078	3.69	0	49
ptg001750l_1_region	445697	1645078	3.69	0	49
ptg001751l_1	643668	3742229	5.81	0	17
ptg001751l_1_region	643668	3742229	5.81	0	17
ptg001752l_1	154723	550999	3.56	0	10
ptg001752l_1_region	154723	550999	3.56	0	10
ptg001753l_1	497787	2813229	5.65	0	19
ptg001753l_1_region	497787	2813229	5.65	0	19
ptg001754l_1	1836132	9999282	5.45	0	25
ptg001754l_1_region	1836132	9999282	5.45	0	25
ptg001756l_1	236954	1315568	5.55	0	14
ptg001756l_1_region	236954	1315568	5.55	0	14
ptg001757l_1	2575499	17097795	6.64	0	25
ptg001757l_1_region	2575499	17097795	6.64	0	25
ptg001758l_1	156409	919444	5.88	0	16
ptg001758l_1_region	156409	919444	5.88	0	16
ptg001759l_1	30064	129841	4.32	0	17
ptg001759l_1_region	30064	129841	4.32	0	17
ptg001761l_1	371779	4097119	11.02	0	137
ptg001761l_1_region	371779	4097119	11.02	0	137
ptg001762l_1	1149631	6662941	5.80	0	22
ptg001762l_1_region	1149631	6662941	5.80	0	22
ptg001764l_1	685986	5939344	8.66	0	40
ptg001764l_1_region	685986	5939344	8.66	0	40
ptg001765l_1	75546	316615	4.19	0	10
ptg001765l_1_region	75546	316615	4.19	0	10
ptg001766l_1	984107	23467585	23.85	0	202
ptg001766l_1_region	984107	23467585	23.85	0	202
ptg001768l_1	266918	1174020	4.40	0	15
ptg001768l_1_region	266918	1174020	4.40	0	15
ptg001769l_1	111730	374932	3.36	0	31
ptg001769l_1_region	111730	374932	3.36	0	31
ptg001770l_1	792635	3977240	5.02	0	26
ptg001770l_1_region	792635	3977240	5.02	0	26
ptg001771l_1	199187	1279228	6.42	0	38
ptg001771l_1_region	199187	1279228	6.42	0	38
ptg001773l_1	776005	4739191	6.11	0	24
ptg001773l_1_region	776005	4739191	6.11	0	24
ptg001774l_1	450701	2705072	6.00	0	21
ptg001774l_1_region	450701	2705072	6.00	0	21
ptg001777l_1	3185829	18870954	5.92	0	49
ptg001777l_1_region	3185829	18870954	5.92	0	49
ptg001778l_1	291864	1166832	4.00	0	67
ptg001778l_1_region	291864	1166832	4.00	0	67
ptg001780l_1	1357852	7056377	5.20	0	18
ptg001780l_1_region	1357852	7056377	5.20	0	18
ptg001781l_1	523172	2369759	4.53	0	16
ptg001781l_1_region	523172	2369759	4.53	0	16
ptg001782l_1	27565	151247	5.49	0	13
ptg001782l_1_region	27565	151247	5.49	0	13
ptg001783l_1	65079	142304	2.19	0	8
ptg001783l_1_region	65079	142304	2.19	0	8
ptg001784l_1	930304	5239673	5.63	0	27
ptg001784l_1_region	930304	5239673	5.63	0	27
ptg001786l_1	60663	202041	3.33	0	9
ptg001786l_1_region	60663	202041	3.33	0	9
ptg001788l_1	376418	1998890	5.31	0	16
ptg001788l_1_region	376418	1998890	5.31	0	16
ptg001789l_1	51516	349387	6.78	0	21
ptg001789l_1_region	51516	349387	6.78	0	21
ptg001793l_1	195940	1033614	5.28	0	18
ptg001793l_1_region	195940	1033614	5.28	0	18
ptg001794l_1	1402572	7426462	5.29	0	25
ptg001794l_1_region	1402572	7426462	5.29	0	25
ptg001795l_1	910515	5158142	5.67	0	19
ptg001795l_1_region	910515	5158142	5.67	0	19
ptg001797l_1	247252	521312	2.11	0	23
ptg001797l_1_region	247252	521312	2.11	0	23
ptg001798l_1	1035752	6962639	6.72	0	35
ptg001798l_1_region	1035752	6962639	6.72	0	35
ptg001799l_1	103197	642141	6.22	0	21
ptg001799l_1_region	103197	642141	6.22	0	21
ptg001800l_1	1345851	6411364	4.76	0	27
ptg001800l_1_region	1345851	6411364	4.76	0	27
ptg001802l_1	651245	3576868	5.49	0	27
ptg001802l_1_region	651245	3576868	5.49	0	27
ptg001803l_1	344825	1880367	5.45	0	20
ptg001803l_1_region	344825	1880367	5.45	0	20
ptg001804l_1	575258	2893917	5.03	0	18
ptg001804l_1_region	575258	2893917	5.03	0	18
ptg001805l_1	916160	6096402	6.65	0	32
ptg001805l_1_region	916160	6096402	6.65	0	32
ptg001806l_1	347521	1812572	5.22	0	15
ptg001806l_1_region	347521	1812572	5.22	0	15
ptg001808l_1	586070	3422416	5.84	0	17
ptg001808l_1_region	586070	3422416	5.84	0	17
ptg001810l_1	861422	4364473	5.07	0	18
ptg001810l_1_region	861422	4364473	5.07	0	18
ptg001811l_1	620284	3208086	5.17	0	21
ptg001811l_1_region	620284	3208086	5.17	0	21
ptg001813l_1	94817	327860	3.46	0	11
ptg001813l_1_region	94817	327860	3.46	0	11
ptg001814l_1	548076	4050118	7.39	0	59
ptg001814l_1_region	548076	4050118	7.39	0	59
ptg001815l_1	75176	306805	4.08	0	10
ptg001815l_1_region	75176	306805	4.08	0	10
ptg001818l_1	619210	3842650	6.21	0	17
ptg001818l_1_region	619210	3842650	6.21	0	17
ptg001819l_1	2283008	14525796	6.36	0	39
ptg001819l_1_region	2283008	14525796	6.36	0	39
ptg001820l_1	926296	5135900	5.54	0	25
ptg001820l_1_region	926296	5135900	5.54	0	25
ptg001823l_1	712886	3641594	5.11	0	24
ptg001823l_1_region	712886	3641594	5.11	0	24
ptg001825l_1	79929	487964	6.10	0	15
ptg001825l_1_region	79929	487964	6.10	0	15
ptg001826l_1	389559	1812155	4.65	0	21
ptg001826l_1_region	389559	1812155	4.65	0	21
ptg001830l_1	577899	2820539	4.88	0	22
ptg001830l_1_region	577899	2820539	4.88	0	22
ptg001832l_1	1132044	7153642	6.32	0	23
ptg001832l_1_region	1132044	7153642	6.32	0	23
ptg001833l_1	244712	1258946	5.14	0	13
ptg001833l_1_region	244712	1258946	5.14	0	13
ptg001837l_1	1672423	10065450	6.02	0	29
ptg001837l_1_region	1672423	10065450	6.02	0	29
ptg001838l_1	158329	963800	6.09	0	46
ptg001838l_1_region	158329	963800	6.09	0	46
ptg001840l_1	1298127	6819470	5.25	0	33
ptg001840l_1_region	1298127	6819470	5.25	0	33
ptg001841l_1	360077	1603420	4.45	0	17
ptg001841l_1_region	360077	1603420	4.45	0	17
ptg001842l_1	515685	2819731	5.47	0	17
ptg001842l_1_region	515685	2819731	5.47	0	17
ptg001843l_1	105177	751666	7.15	0	20
ptg001843l_1_region	105177	751666	7.15	0	20
ptg001845l_1	234306	1190784	5.08	0	20
ptg001845l_1_region	234306	1190784	5.08	0	20
ptg001846l_1	559403	2991475	5.35	0	19
ptg001846l_1_region	559403	2991475	5.35	0	19
ptg001848l_1	20533	103578	5.04	0	11
ptg001848l_1_region	20533	103578	5.04	0	11
ptg001850l_1	200398	478135	2.39	0	12
ptg001850l_1_region	200398	478135	2.39	0	12
ptg001851l_1	1044415	5898335	5.65	0	48
ptg001851l_1_region	1044415	5898335	5.65	0	48
ptg001852l_1	189433	1078913	5.70	0	14
ptg001852l_1_region	189433	1078913	5.70	0	14
ptg001853l_1	290094	1657087	5.71	0	16
ptg001853l_1_region	290094	1657087	5.71	0	16
ptg001855l_1	121255	578958	4.77	0	13
ptg001855l_1_region	121255	578958	4.77	0	13
ptg001856l_1	2383202	19570837	8.21	0	38
ptg001856l_1_region	2383202	19570837	8.21	0	38
ptg001857l_1	298810	1825502	6.11	0	25
ptg001857l_1_region	298810	1825502	6.11	0	25
ptg001858l_1	928652	4956163	5.34	0	21
ptg001858l_1_region	928652	4956163	5.34	0	21
ptg001859l_1	528354	2315404	4.38	0	15
ptg001859l_1_region	528354	2315404	4.38	0	15
ptg001861l_1	265107	1285809	4.85	0	15
ptg001861l_1_region	265107	1285809	4.85	0	15
ptg001862l_1	598725	4885309	8.16	0	25
ptg001862l_1_region	598725	4885309	8.16	0	25
ptg001863l_1	531540	3217752	6.05	0	52
ptg001863l_1_region	531540	3217752	6.05	0	52
ptg001864l_1	619528	2992972	4.83	0	16
ptg001864l_1_region	619528	2992972	4.83	0	16
ptg001865l_1	323142	1496766	4.63	0	29
ptg001865l_1_region	323142	1496766	4.63	0	29
ptg001866l_1	125559	563372	4.49	0	19
ptg001866l_1_region	125559	563372	4.49	0	19
ptg001868l_1	996035	6204194	6.23	0	24
ptg001868l_1_region	996035	6204194	6.23	0	24
ptg001869l_1	982936	6268802	6.38	0	19
ptg001869l_1_region	982936	6268802	6.38	0	19
ptg001870l_1	271598	1304089	4.80	0	19
ptg001870l_1_region	271598	1304089	4.80	0	19
ptg001871l_1	185311	737521	3.98	0	12
ptg001871l_1_region	185311	737521	3.98	0	12
ptg001872l_1	248244	1488173	5.99	0	15
ptg001872l_1_region	248244	1488173	5.99	0	15
ptg001873l_1	196409	888237	4.52	0	19
ptg001873l_1_region	196409	888237	4.52	0	19
ptg001874l_1	344988	1428430	4.14	0	26
ptg001874l_1_region	344988	1428430	4.14	0	26
ptg001875l_1	612482	4077666	6.66	0	26
ptg001875l_1_region	612482	4077666	6.66	0	26
ptg001876l_1	118906	399572	3.36	0	9
ptg001876l_1_region	118906	399572	3.36	0	9
ptg001877l_1	16312	14718	0.90	0	4
ptg001877l_1_region	16312	14718	0.90	0	4
ptg001878l_1	1373976	7749152	5.64	0	24
ptg001878l_1_region	1373976	7749152	5.64	0	24
ptg001881l_1	179039	941381	5.26	0	13
ptg001881l_1_region	179039	941381	5.26	0	13
ptg001882l_1	855217	6145807	7.19	0	26
ptg001882l_1_region	855217	6145807	7.19	0	26
ptg001883l_1	173148	928597	5.36	0	14
ptg001883l_1_region	173148	928597	5.36	0	14
ptg001886l_1	244309	1144639	4.69	0	12
ptg001886l_1_region	244309	1144639	4.69	0	12
ptg001887l_1	2017754	11455270	5.68	0	24
ptg001887l_1_region	2017754	11455270	5.68	0	24
ptg001889l_1	152917	815415	5.33	0	22
ptg001889l_1_region	152917	815415	5.33	0	22
ptg001891l_1	868776	6683075	7.69	0	79
ptg001891l_1_region	868776	6683075	7.69	0	79
ptg001894l_1	168853	853445	5.05	0	15
ptg001894l_1_region	168853	853445	5.05	0	15
ptg001898l_1	928564	5882179	6.33	0	32
ptg001898l_1_region	928564	5882179	6.33	0	32
ptg001900l_1	340821	2180237	6.40	0	31
ptg001900l_1_region	340821	2180237	6.40	0	31
ptg001901l_1	414989	1946331	4.69	0	33
ptg001901l_1_region	414989	1946331	4.69	0	33
ptg001902l_1	551003	2771798	5.03	0	14
ptg001902l_1_region	551003	2771798	5.03	0	14
ptg001904l_1	2056061	12417388	6.04	0	33
ptg001904l_1_region	2056061	12417388	6.04	0	33
ptg001905l_1	850411	4518173	5.31	0	18
ptg001905l_1_region	850411	4518173	5.31	0	18
ptg001906l_1	219718	1024917	4.66	0	17
ptg001906l_1_region	219718	1024917	4.66	0	17
ptg001908l_1	535389	2439940	4.56	0	22
ptg001908l_1_region	535389	2439940	4.56	0	22
ptg001910l_1	42542	206742	4.86	0	12
ptg001910l_1_region	42542	206742	4.86	0	12
ptg001911l_1	118718	536703	4.52	0	11
ptg001911l_1_region	118718	536703	4.52	0	11
ptg001912l_1	483700	2842141	5.88	0	19
ptg001912l_1_region	483700	2842141	5.88	0	19
ptg001914l_1	395101	1909904	4.83	0	13
ptg001914l_1_region	395101	1909904	4.83	0	13
ptg001916l_1	1332169	6003198	4.51	0	57
ptg001916l_1_region	1332169	6003198	4.51	0	57
ptg001920l_1	109269	486894	4.46	0	20
ptg001920l_1_region	109269	486894	4.46	0	20
ptg001921l_1	982520	6136902	6.25	0	32
ptg001921l_1_region	982520	6136902	6.25	0	32
ptg001923l_1	276669	1562625	5.65	0	20
ptg001923l_1_region	276669	1562625	5.65	0	20
ptg001926l_1	895068	5899326	6.59	0	16
ptg001926l_1_region	895068	5899326	6.59	0	16
ptg001928l_1	347089	1588715	4.58	0	12
ptg001928l_1_region	347089	1588715	4.58	0	12
ptg001930l_1	543897	4530315	8.33	0	33
ptg001930l_1_region	543897	4530315	8.33	0	33
ptg001931l_1	602851	2939977	4.88	0	17
ptg001931l_1_region	602851	2939977	4.88	0	17
ptg001932l_1	208076	938197	4.51	0	13
ptg001932l_1_region	208076	938197	4.51	0	13
ptg001933l_1	1681887	8945813	5.32	0	28
ptg001933l_1_region	1681887	8945813	5.32	0	28
ptg001935l_1	153894	460685	2.99	0	15
ptg001935l_1_region	153894	460685	2.99	0	15
ptg001936l_1	582105	2195779	3.77	0	18
ptg001936l_1_region	582105	2195779	3.77	0	18
ptg001937l_1	129106	658881	5.10	0	16
ptg001937l_1_region	129106	658881	5.10	0	16
ptg001938l_1	1356216	8021356	5.91	0	20
ptg001938l_1_region	1356216	8021356	5.91	0	20
ptg001939l_1	790192	4807858	6.08	0	18
ptg001939l_1_region	790192	4807858	6.08	0	18
ptg001940l_1	547296	2969739	5.43	0	21
ptg001940l_1_region	547296	2969739	5.43	0	21
ptg001941l_1	804540	4351302	5.41	0	20
ptg001941l_1_region	804540	4351302	5.41	0	20
ptg001942l_1	316273	1938213	6.13	0	21
ptg001942l_1_region	316273	1938213	6.13	0	21
ptg001944l_1	210314	752678	3.58	0	37
ptg001944l_1_region	210314	752678	3.58	0	37
ptg001945l_1	439234	1485025	3.38	0	32
ptg001945l_1_region	439234	1485025	3.38	0	32
ptg001946l_1	179764	942492	5.24	0	22
ptg001946l_1_region	179764	942492	5.24	0	22
ptg001947l_1	194488	426925	2.20	0	16
ptg001947l_1_region	194488	426925	2.20	0	16
ptg001948l_1	1001879	5582117	5.57	0	16
ptg001948l_1_region	1001879	5582117	5.57	0	16
ptg001949l_1	741744	3808877	5.14	0	29
ptg001949l_1_region	741744	3808877	5.14	0	29
ptg001950l_1	342906	1699510	4.96	0	12
ptg001950l_1_region	342906	1699510	4.96	0	12
ptg001951l_1	530842	3229206	6.08	0	18
ptg001951l_1_region	530842	3229206	6.08	0	18
ptg001952l_1	73736	516380	7.00	1	24
ptg001952l_1_region	73736	516380	7.00	1	24
ptg001954l_1	97708	303675	3.11	0	11
ptg001954l_1_region	97708	303675	3.11	0	11
ptg001955l_1	26201	123045	4.70	0	7
ptg001955l_1_region	26201	123045	4.70	0	7
ptg001956l_1	162113	732074	4.52	0	12
ptg001956l_1_region	162113	732074	4.52	0	12
ptg001958l_1	427085	2549627	5.97	0	16
ptg001958l_1_region	427085	2549627	5.97	0	16
ptg001959l_1	522416	2875607	5.50	0	18
ptg001959l_1_region	522416	2875607	5.50	0	18
ptg001960l_1	120640	854413	7.08	0	15
ptg001960l_1_region	120640	854413	7.08	0	15
ptg001961l_1	194052	1019476	5.25	0	13
ptg001961l_1_region	194052	1019476	5.25	0	13
ptg001963l_1	224192	1314118	5.86	0	18
ptg001963l_1_region	224192	1314118	5.86	0	18
ptg001964l_1	176905	864420	4.89	0	21
ptg001964l_1_region	176905	864420	4.89	0	21
ptg001965l_1	293348	1786772	6.09	0	21
ptg001965l_1_region	293348	1786772	6.09	0	21
ptg001967l_1	38251	94008	2.46	0	12
ptg001967l_1_region	38251	94008	2.46	0	12
ptg001969l_1	88807	376158	4.24	0	37
ptg001969l_1_region	88807	376158	4.24	0	37
ptg001970l_1	102277	300511	2.94	0	11
ptg001970l_1_region	102277	300511	2.94	0	11
ptg001971l_1	1137652	5771289	5.07	0	19
ptg001971l_1_region	1137652	5771289	5.07	0	19
ptg001973l_1	21068	90118	4.28	0	9
ptg001973l_1_region	21068	90118	4.28	0	9
ptg001974l_1	405105	2558710	6.32	0	16
ptg001974l_1_region	405105	2558710	6.32	0	16
ptg001975l_1	686789	4185094	6.09	0	17
ptg001975l_1_region	686789	4185094	6.09	0	17
ptg001976l_1	249688	1371092	5.49	0	41
ptg001976l_1_region	249688	1371092	5.49	0	41
ptg001977l_1	553135	3111861	5.63	0	16
ptg001977l_1_region	553135	3111861	5.63	0	16
ptg001978l_1	1299198	8383908	6.45	0	28
ptg001978l_1_region	1299198	8383908	6.45	0	28
ptg001979l_1	867649	5218893	6.01	0	17
ptg001979l_1_region	867649	5218893	6.01	0	17
ptg001981l_1	645020	3575855	5.54	0	22
ptg001981l_1_region	645020	3575855	5.54	0	22
ptg001982l_1	576727	3159952	5.48	0	18
ptg001982l_1_region	576727	3159952	5.48	0	18
ptg001983l_1	652225	3516788	5.39	0	21
ptg001983l_1_region	652225	3516788	5.39	0	21
ptg001984l_1	461324	2874226	6.23	0	27
ptg001984l_1_region	461324	2874226	6.23	0	27
ptg001986l_1	741302	1748407	2.36	0	22
ptg001986l_1_region	741302	1748407	2.36	0	22
ptg001989l_1	385761	1768493	4.58	0	19
ptg001989l_1_region	385761	1768493	4.58	0	19
ptg001990l_1	1744683	9664464	5.54	0	19
ptg001990l_1_region	1744683	9664464	5.54	0	19
ptg001991l_1	260709	907441	3.48	0	19
ptg001991l_1_region	260709	907441	3.48	0	19
ptg001992l_1	224132	368034	1.64	0	13
ptg001992l_1_region	224132	368034	1.64	0	13
ptg001994l_1	70131	111749	1.59	0	6
ptg001994l_1_region	70131	111749	1.59	0	6
ptg001995l_1	80446	178382	2.22	0	14
ptg001995l_1_region	80446	178382	2.22	0	14
ptg001996l_1	901511	5595092	6.21	0	21
ptg001996l_1_region	901511	5595092	6.21	0	21
ptg001997l_1	1447651	8344108	5.76	0	15
ptg001997l_1_region	1447651	8344108	5.76	0	15
ptg001998l_1	294734	1178651	4.00	0	14
ptg001998l_1_region	294734	1178651	4.00	0	14
ptg002001l_1	272171	1581635	5.81	0	18
ptg002001l_1_region	272171	1581635	5.81	0	18
ptg002002l_1	105203	513251	4.88	0	15
ptg002002l_1_region	105203	513251	4.88	0	15
ptg002003l_1	413388	3480171	8.42	0	114
ptg002003l_1_region	413388	3480171	8.42	0	114
ptg002005l_1	295069	1600610	5.42	0	17
ptg002005l_1_region	295069	1600610	5.42	0	17
ptg002007l_1	523938	2487291	4.75	0	28
ptg002007l_1_region	523938	2487291	4.75	0	28
ptg002009l_1	312043	1988780	6.37	0	18
ptg002009l_1_region	312043	1988780	6.37	0	18
ptg002010l_1	430354	2502365	5.81	0	19
ptg002010l_1_region	430354	2502365	5.81	0	19
ptg002011l_1	1233678	6691443	5.42	0	15
ptg002011l_1_region	1233678	6691443	5.42	0	15
ptg002012l_1	658207	3922223	5.96	0	15
ptg002012l_1_region	658207	3922223	5.96	0	15
ptg002013l_1	1205923	6890189	5.71	0	18
ptg002013l_1_region	1205923	6890189	5.71	0	18
ptg002014l_1	48130	238195	4.95	0	17
ptg002014l_1_region	48130	238195	4.95	0	17
ptg002016l_1	968427	4694881	4.85	0	20
ptg002016l_1_region	968427	4694881	4.85	0	20
ptg002017l_1	1164353	7130777	6.12	0	20
ptg002017l_1_region	1164353	7130777	6.12	0	20
ptg002018l_1	62183	301375	4.85	0	10
ptg002018l_1_region	62183	301375	4.85	0	10
ptg002019l_1	34070	109834	3.22	0	7
ptg002019l_1_region	34070	109834	3.22	0	7
ptg002020l_1	180897	827297	4.57	0	13
ptg002020l_1_region	180897	827297	4.57	0	13
ptg002021l_1	552370	3221287	5.83	0	21
ptg002021l_1_region	552370	3221287	5.83	0	21
ptg002022l_1	728436	3862209	5.30	0	20
ptg002022l_1_region	728436	3862209	5.30	0	20
ptg002023l_1	354222	1649059	4.66	0	13
ptg002023l_1_region	354222	1649059	4.66	0	13
ptg002025l_1	199310	774349	3.89	0	17
ptg002025l_1_region	199310	774349	3.89	0	17
ptg002026l_1	160090	460696	2.88	0	11
ptg002026l_1_region	160090	460696	2.88	0	11
ptg002027l_1	772619	8025017	10.39	0	85
ptg002027l_1_region	772619	8025017	10.39	0	85
ptg002028l_1	32989	53085	1.61	0	11
ptg002028l_1_region	32989	53085	1.61	0	11
ptg002029l_1	554833	3397869	6.12	0	21
ptg002029l_1_region	554833	3397869	6.12	0	21
ptg002030l_1	1262586	7039928	5.58	0	16
ptg002030l_1_region	1262586	7039928	5.58	0	16
ptg002031l_1	481768	2384875	4.95	0	30
ptg002031l_1_region	481768	2384875	4.95	0	30
ptg002032l_1	917985	4467137	4.87	0	23
ptg002032l_1_region	917985	4467137	4.87	0	23
ptg002033l_1	379897	2461194	6.48	0	18
ptg002033l_1_region	379897	2461194	6.48	0	18
ptg002034l_1	688115	3603180	5.24	0	19
ptg002034l_1_region	688115	3603180	5.24	0	19
ptg002035l_1	758491	4078386	5.38	0	82
ptg002035l_1_region	758491	4078386	5.38	0	82
ptg002036l_1	231645	1305941	5.64	0	43
ptg002036l_1_region	231645	1305941	5.64	0	43
ptg002037l_1	2491811	13440911	5.39	0	19
ptg002037l_1_region	2491811	13440911	5.39	0	19
ptg002038l_1	80938	320204	3.96	0	23
ptg002038l_1_region	80938	320204	3.96	0	23
ptg002039l_1	127153	932453	7.33	0	41
ptg002039l_1_region	127153	932453	7.33	0	41
ptg002040l_1	183745	850985	4.63	0	19
ptg002040l_1_region	183745	850985	4.63	0	19
ptg002041l_1	198735	967431	4.87	0	12
ptg002041l_1_region	198735	967431	4.87	0	12
ptg002045l_1	282254	1625279	5.76	0	17
ptg002045l_1_region	282254	1625279	5.76	0	17
ptg002047l_1	546403	3316938	6.07	0	27
ptg002047l_1_region	546403	3316938	6.07	0	27
ptg002048l_1	1126787	5439615	4.83	0	15
ptg002048l_1_region	1126787	5439615	4.83	0	15
ptg002049l_1	1159913	6573842	5.67	0	19
ptg002049l_1_region	1159913	6573842	5.67	0	19
ptg002051l_1	522360	2649240	5.07	0	16
ptg002051l_1_region	522360	2649240	5.07	0	16
ptg002054l_1	89492	350402	3.92	0	10
ptg002054l_1_region	89492	350402	3.92	0	10
ptg002055l_1	1141459	6067768	5.32	0	20
ptg002055l_1_region	1141459	6067768	5.32	0	20
ptg002056l_1	159010	661651	4.16	0	16
ptg002056l_1_region	159010	661651	4.16	0	16
ptg002057l_1	987262	5675218	5.75	0	23
ptg002057l_1_region	987262	5675218	5.75	0	23
ptg002058l_1	193223	704949	3.65	0	10
ptg002058l_1_region	193223	704949	3.65	0	10
ptg002060l_1	522576	2941447	5.63	0	14
ptg002060l_1_region	522576	2941447	5.63	0	14
ptg002061l_1	185481	994755	5.36	0	23
ptg002061l_1_region	185481	994755	5.36	0	23
ptg002064l_1	147290	767124	5.21	0	25
ptg002064l_1_region	147290	767124	5.21	0	25
ptg002065l_1	1010852	6368139	6.30	0	2531
ptg002065l_1_region	1010852	6368139	6.30	0	2531
ptg002066l_1	966732	6531883	6.76	0	49
ptg002066l_1_region	966732	6531883	6.76	0	49
ptg002069l_1	247118	2369401	9.59	0	22
ptg002069l_1_region	247118	2369401	9.59	0	22
ptg002070l_1	213832	716673	3.35	0	16
ptg002070l_1_region	213832	716673	3.35	0	16
ptg002071l_1	979484	4492964	4.59	0	16
ptg002071l_1_region	979484	4492964	4.59	0	16
ptg002072l_1	348203	2010873	5.78	0	14
ptg002072l_1_region	348203	2010873	5.78	0	14
ptg002073l_1	550002	2883757	5.24	0	16
ptg002073l_1_region	550002	2883757	5.24	0	16
ptg002074l_1	51662	201235	3.90	0	9
ptg002074l_1_region	51662	201235	3.90	0	9
ptg002075l_1	584115	1575223	2.70	0	19
ptg002075l_1_region	584115	1575223	2.70	0	19
ptg002076l_1	211241	1204435	5.70	0	17
ptg002076l_1_region	211241	1204435	5.70	0	17
ptg002077l_1	432258	2000234	4.63	0	16
ptg002077l_1_region	432258	2000234	4.63	0	16
ptg002079l_1	46091	532373	11.55	0	32
ptg002079l_1_region	46091	532373	11.55	0	32
ptg002080l_1	193077	982239	5.09	0	17
ptg002080l_1_region	193077	982239	5.09	0	17
ptg002081l_1	1798259	9768148	5.43	0	18
ptg002081l_1_region	1798259	9768148	5.43	0	18
ptg002083l_1	246310	1461507	5.93	0	15
ptg002083l_1_region	246310	1461507	5.93	0	15
ptg002084l_1	162924	1080225	6.63	0	23
ptg002084l_1_region	162924	1080225	6.63	0	23
ptg002086l_1	196994	756732	3.84	0	16
ptg002086l_1_region	196994	756732	3.84	0	16
ptg002087l_1	60484	243739	4.03	0	13
ptg002087l_1_region	60484	243739	4.03	0	13
ptg002089l_1	754489	5151203	6.83	0	36
ptg002089l_1_region	754489	5151203	6.83	0	36
ptg002092l_1	574185	5589245	9.73	0	138
ptg002092l_1_region	574185	5589245	9.73	0	138
ptg002093l_1	588465	3973323	6.75	0	28
ptg002093l_1_region	588465	3973323	6.75	0	28
ptg002094l_1	1645953	13615068	8.27	0	79
ptg002094l_1_region	1645953	13615068	8.27	0	79
ptg002095l_1	1226048	31215400	25.46	0	245
ptg002095l_1_region	1226048	31215400	25.46	0	245
ptg002098l_1	647514	5209218	8.04	0	43
ptg002098l_1_region	647514	5209218	8.04	0	43
ptg002101l_1	530435	2879776	5.43	0	33
ptg002101l_1_region	530435	2879776	5.43	0	33
ptg002102l_1	263337	954959	3.63	0	11
ptg002102l_1_region	263337	954959	3.63	0	11
ptg002105l_1	224571	906633	4.04	0	29
ptg002105l_1_region	224571	906633	4.04	0	29
ptg002107l_1	132130	1305373	9.88	0	23
ptg002107l_1_region	132130	1305373	9.88	0	23
ptg002108l_1	136858	513416	3.75	0	11
ptg002108l_1_region	136858	513416	3.75	0	11
ptg002110l_1	227833	862640	3.79	0	21
ptg002110l_1_region	227833	862640	3.79	0	21
ptg002111l_1	167586	1014228	6.05	0	16
ptg002111l_1_region	167586	1014228	6.05	0	16
ptg002115l_1	978318	7560005	7.73	0	40
ptg002115l_1_region	978318	7560005	7.73	0	40
ptg002116l_1	401214	2061389	5.14	0	45
ptg002116l_1_region	401214	2061389	5.14	0	45
ptg002117l_1	242437	1384467	5.71	0	29
ptg002117l_1_region	242437	1384467	5.71	0	29
ptg002119l_1	956098	5531746	5.79	0	24
ptg002119l_1_region	956098	5531746	5.79	0	24
ptg002120l_1	651809	3714991	5.70	0	21
ptg002120l_1_region	651809	3714991	5.70	0	21
ptg002125l_1	1995591	15954716	7.99	0	28
ptg002125l_1_region	1995591	15954716	7.99	0	28
ptg002126l_1	176341	714994	4.05	0	33
ptg002126l_1_region	176341	714994	4.05	0	33
ptg002128l_1	311452	1130897	3.63	0	12
ptg002128l_1_region	311452	1130897	3.63	0	12
ptg002129l_1	220107	935982	4.25	0	17
ptg002129l_1_region	220107	935982	4.25	0	17
ptg002130l_1	264137	5021755	19.01	0	98
ptg002130l_1_region	264137	5021755	19.01	0	98
ptg002134l_1	468112	1775020	3.79	0	12
ptg002134l_1_region	468112	1775020	3.79	0	12
ptg002135l_1	88540	315708	3.57	0	13
ptg002135l_1_region	88540	315708	3.57	0	13
ptg002136l_1	796524	4456720	5.60	0	15
ptg002136l_1_region	796524	4456720	5.60	0	15
ptg002137l_1	1218173	8819401	7.24	0	128
ptg002137l_1_region	1218173	8819401	7.24	0	128
ptg002138l_1	17467	28437	1.63	0	3
ptg002138l_1_region	17467	28437	1.63	0	3
ptg002140l_1	119558	811284	6.79	0	20
ptg002140l_1_region	119558	811284	6.79	0	20
ptg002141l_1	47309	378085	7.99	0	34
ptg002141l_1_region	47309	378085	7.99	0	34
ptg002142l_1	78818	369609	4.69	0	11
ptg002142l_1_region	78818	369609	4.69	0	11
ptg002143l_1	311888	1574523	5.05	0	16
ptg002143l_1_region	311888	1574523	5.05	0	16
ptg002146l_1	189921	1068494	5.63	0	18
ptg002146l_1_region	189921	1068494	5.63	0	18
ptg002147l_1	1088182	6306456	5.80	0	17
ptg002147l_1_region	1088182	6306456	5.80	0	17
ptg002149l_1	479923	3903505	8.13	0	54
ptg002149l_1_region	479923	3903505	8.13	0	54
ptg002151l_1	103705	1142500	11.02	0	64
ptg002151l_1_region	103705	1142500	11.02	0	64
ptg002157l_1	48117	167536	3.48	0	8
ptg002157l_1_region	48117	167536	3.48	0	8
ptg002159l_1	78865	421094	5.34	0	13
ptg002159l_1_region	78865	421094	5.34	0	13
ptg002164l_1	142869	718698	5.03	0	17
ptg002164l_1_region	142869	718698	5.03	0	17
ptg002165l_1	825449	4045108	4.90	0	17
ptg002165l_1_region	825449	4045108	4.90	0	17
ptg002166l_1	1177208	6930332	5.89	0	24
ptg002166l_1_region	1177208	6930332	5.89	0	24
ptg002167l_1	816850	4767820	5.84	0	44
ptg002167l_1_region	816850	4767820	5.84	0	44
ptg002171l_1	198178	774375	3.91	0	17
ptg002171l_1_region	198178	774375	3.91	0	17
ptg002172l_1	162260	885585	5.46	0	15
ptg002172l_1_region	162260	885585	5.46	0	15
ptg002173l_1	1019352	7039025	6.91	0	24
ptg002173l_1_region	1019352	7039025	6.91	0	24
ptg002174l_1	79562	515984	6.49	0	19
ptg002174l_1_region	79562	515984	6.49	0	19
ptg002176l_1	140722	629304	4.47	0	18
ptg002176l_1_region	140722	629304	4.47	0	18
ptg002177l_1	624824	3156889	5.05	0	15
ptg002177l_1_region	624824	3156889	5.05	0	15
ptg002178l_1	624838	3493337	5.59	0	16
ptg002178l_1_region	624838	3493337	5.59	0	16
ptg002179l_1	155125	640386	4.13	0	13
ptg002179l_1_region	155125	640386	4.13	0	13
ptg002180l_1	233316	911921	3.91	0	12
ptg002180l_1_region	233316	911921	3.91	0	12
ptg002181l_1	913037	4854488	5.32	0	19
ptg002181l_1_region	913037	4854488	5.32	0	19
ptg002182l_1	184397	905554	4.91	0	11
ptg002182l_1_region	184397	905554	4.91	0	11
ptg002183l_1	631746	3580658	5.67	0	26
ptg002183l_1_region	631746	3580658	5.67	0	26
ptg002184l_1	205147	961380	4.69	0	12
ptg002184l_1_region	205147	961380	4.69	0	12
ptg002185l_1	30169	167891	5.57	0	12
ptg002185l_1_region	30169	167891	5.57	0	12
ptg002186l_1	841895	6294920	7.48	0	38
ptg002186l_1_region	841895	6294920	7.48	0	38
ptg002187l_1	120985	883364	7.30	0	78
ptg002187l_1_region	120985	883364	7.30	0	78
ptg002188l_1	626763	3857628	6.15	0	30
ptg002188l_1_region	626763	3857628	6.15	0	30
ptg002189l_1	79776	305447	3.83	0	9
ptg002189l_1_region	79776	305447	3.83	0	9
ptg002190l_1	165466	720020	4.35	0	12
ptg002190l_1_region	165466	720020	4.35	0	12
ptg002191l_1	440643	2549156	5.79	0	15
ptg002191l_1_region	440643	2549156	5.79	0	15
ptg002192l_1	468618	2480822	5.29	0	19
ptg002192l_1_region	468618	2480822	5.29	0	19
ptg002193l_1	624189	3075755	4.93	0	26
ptg002193l_1_region	624189	3075755	4.93	0	26
ptg002194l_1	949227	5146099	5.42	0	18
ptg002194l_1_region	949227	5146099	5.42	0	18
ptg002196l_1	22836	76283	3.34	0	8
ptg002196l_1_region	22836	76283	3.34	0	8
ptg002197l_1	452464	2883362	6.37	0	47
ptg002197l_1_region	452464	2883362	6.37	0	47
ptg002198l_1	170928	764382	4.47	0	58
ptg002198l_1_region	170928	764382	4.47	0	58
ptg002199l_1	58807	357054	6.07	0	20
ptg002199l_1_region	58807	357054	6.07	0	20
ptg002200l_1	216719	1649435	7.61	0	19
ptg002200l_1_region	216719	1649435	7.61	0	19
ptg002202l_1	1515578	9281481	6.12	0	33
ptg002202l_1_region	1515578	9281481	6.12	0	33
ptg002203l_1	180667	796242	4.41	0	29
ptg002203l_1_region	180667	796242	4.41	0	29
ptg002204l_1	56662	233254	4.12	0	11
ptg002204l_1_region	56662	233254	4.12	0	11
ptg002206l_1	84129	497753	5.92	0	14
ptg002206l_1_region	84129	497753	5.92	0	14
ptg002207l_1	661672	3380880	5.11	0	15
ptg002207l_1_region	661672	3380880	5.11	0	15
ptg002208l_1	699292	5902430	8.44	0	20
ptg002208l_1_region	699292	5902430	8.44	0	20
ptg002210l_1	73217	408612	5.58	0	15
ptg002210l_1_region	73217	408612	5.58	0	15
ptg002211l_1	183539	745256	4.06	0	19
ptg002211l_1_region	183539	745256	4.06	0	19
ptg002213l_1	771596	4397730	5.70	0	20
ptg002213l_1_region	771596	4397730	5.70	0	20
ptg002216l_1	426004	1700962	3.99	0	22
ptg002216l_1_region	426004	1700962	3.99	0	22
ptg002219l_1	237330	641544	2.70	0	24
ptg002219l_1_region	237330	641544	2.70	0	24
ptg002220l_1	571738	2684698	4.70	0	18
ptg002220l_1_region	571738	2684698	4.70	0	18
ptg002222l_1	39601	177067	4.47	0	8
ptg002222l_1_region	39601	177067	4.47	0	8
ptg002223l_1	568293	3660750	6.44	0	31
ptg002223l_1_region	568293	3660750	6.44	0	31
ptg002224l_1	493498	3087662	6.26	0	22
ptg002224l_1_region	493498	3087662	6.26	0	22
ptg002225l_1	74517	307844	4.13	0	12
ptg002225l_1_region	74517	307844	4.13	0	12
ptg002226l_1	636647	3128503	4.91	0	22
ptg002226l_1_region	636647	3128503	4.91	0	22
ptg002227l_1	343751	3061750	8.91	0	52
ptg002227l_1_region	343751	3061750	8.91	0	52
ptg002228l_1	578954	3653616	6.31	0	17
ptg002228l_1_region	578954	3653616	6.31	0	17
ptg002230l_1	39535	87161	2.20	0	7
ptg002230l_1_region	39535	87161	2.20	0	7
ptg002232l_1	66405	302064	4.55	0	13
ptg002232l_1_region	66405	302064	4.55	0	13
ptg002233l_1	88868	465220	5.23	0	13
ptg002233l_1_region	88868	465220	5.23	0	13
ptg002234l_1	415118	2403035	5.79	0	15
ptg002234l_1_region	415118	2403035	5.79	0	15
ptg002236l_1	225368	1233672	5.47	0	18
ptg002236l_1_region	225368	1233672	5.47	0	18
ptg002237l_1	369785	2137781	5.78	0	24
ptg002237l_1_region	369785	2137781	5.78	0	24
ptg002242l_1	872667	15632166	17.91	0	97
ptg002242l_1_region	872667	15632166	17.91	0	97
ptg002246l_1	316510	1106458	3.50	0	16
ptg002246l_1_region	316510	1106458	3.50	0	16
ptg002247l_1	2949980	22078503	7.48	0	91
ptg002247l_1_region	2949980	22078503	7.48	0	91
ptg002249l_1	513046	2995136	5.84	0	19
ptg002249l_1_region	513046	2995136	5.84	0	19
ptg002250l_1	121304	426536	3.52	0	9
ptg002250l_1_region	121304	426536	3.52	0	9
ptg002252l_1	29877	68893	2.31	0	7
ptg002252l_1_region	29877	68893	2.31	0	7
ptg002253l_1	930131	9142156	9.83	0	30
ptg002253l_1_region	930131	9142156	9.83	0	30
ptg002254l_1	1713047	9306348	5.43	0	28
ptg002254l_1_region	1713047	9306348	5.43	0	28
ptg002255l_1	795416	4383093	5.51	0	28
ptg002255l_1_region	795416	4383093	5.51	0	28
ptg002256l_1	378046	2503036	6.62	0	24
ptg002256l_1_region	378046	2503036	6.62	0	24
ptg002257l_1	1143631	6161741	5.39	0	19
ptg002257l_1_region	1143631	6161741	5.39	0	19
ptg002258l_1	476291	2895492	6.08	0	20
ptg002258l_1_region	476291	2895492	6.08	0	20
ptg002259l_1	322454	1864576	5.78	0	32
ptg002259l_1_region	322454	1864576	5.78	0	32
ptg002260l_1	283263	1219268	4.30	0	15
ptg002260l_1_region	283263	1219268	4.30	0	15
ptg002262l_1	2654183	16737768	6.31	0	72
ptg002262l_1_region	2654183	16737768	6.31	0	72
ptg002263l_1	375256	2325745	6.20	0	16
ptg002263l_1_region	375256	2325745	6.20	0	16
ptg002264l_1	94154	127365	1.35	0	16
ptg002264l_1_region	94154	127365	1.35	0	16
ptg002265l_1	118848	430367	3.62	0	247
ptg002265l_1_region	118848	430367	3.62	0	247
ptg002266l_1	179028	583037	3.26	0	16
ptg002266l_1_region	179028	583037	3.26	0	16
ptg002267l_1	1206123	4726673	3.92	0	23
ptg002267l_1_region	1206123	4726673	3.92	0	23
ptg002268l_1	400875	2114146	5.27	0	17
ptg002268l_1_region	400875	2114146	5.27	0	17
ptg002269l_1	962927	6100971	6.34	0	21
ptg002269l_1_region	962927	6100971	6.34	0	21
ptg002272l_1	298225	1416074	4.75	0	13
ptg002272l_1_region	298225	1416074	4.75	0	13
ptg002273l_1	1220655	8709234	7.13	0	39
ptg002273l_1_region	1220655	8709234	7.13	0	39
ptg002274l_1	249555	1771145	7.10	0	21
ptg002274l_1_region	249555	1771145	7.10	0	21
ptg002275l_1	47932	253062	5.28	0	11
ptg002275l_1_region	47932	253062	5.28	0	11
ptg002277l_1	161373	1067344	6.61	0	15
ptg002277l_1_region	161373	1067344	6.61	0	15
ptg002278l_1	355559	1799382	5.06	0	34
ptg002278l_1_region	355559	1799382	5.06	0	34
ptg002279l_1	320022	1426445	4.46	0	13
ptg002279l_1_region	320022	1426445	4.46	0	13
ptg002280l_1	1386616	7318776	5.28	0	24
ptg002280l_1_region	1386616	7318776	5.28	0	24
ptg002281l_1	1506653	8888478	5.90	0	34
ptg002281l_1_region	1506653	8888478	5.90	0	34
ptg002282l_1	96237	606081	6.30	0	75
ptg002282l_1_region	96237	606081	6.30	0	75
ptg002283l_1	135976	595720	4.38	0	16
ptg002283l_1_region	135976	595720	4.38	0	16
ptg002284l_1	470917	2579825	5.48	0	26
ptg002284l_1_region	470917	2579825	5.48	0	26
ptg002285l_1	290982	1143039	3.93	0	128
ptg002285l_1_region	290982	1143039	3.93	0	128
ptg002286l_1	269737	1607828	5.96	0	15
ptg002286l_1_region	269737	1607828	5.96	0	15
ptg002287l_1	813112	3583823	4.41	0	28
ptg002287l_1_region	813112	3583823	4.41	0	28
ptg002288l_1	138085	741475	5.37	0	14
ptg002288l_1_region	138085	741475	5.37	0	14
ptg002289l_1	819026	5224474	6.38	0	40
ptg002289l_1_region	819026	5224474	6.38	0	40
ptg002290l_1	30995	79569	2.57	0	7
ptg002290l_1_region	30995	79569	2.57	0	7
ptg002292l_1	26416	68670	2.60	0	6
ptg002292l_1_region	26416	68670	2.60	0	6
ptg002295l_1	1240122	6765474	5.46	0	31
ptg002295l_1_region	1240122	6765474	5.46	0	31
ptg002296l_1	166942	929394	5.57	0	14
ptg002296l_1_region	166942	929394	5.57	0	14
ptg002297l_1	84481	266360	3.15	0	10
ptg002297l_1_region	84481	266360	3.15	0	10
ptg002299l_1	435331	2169755	4.98	0	25
ptg002299l_1_region	435331	2169755	4.98	0	25
ptg002300l_1	167095	671328	4.02	0	11
ptg002300l_1_region	167095	671328	4.02	0	11
ptg002304l_1	93132	396310	4.26	0	16
ptg002304l_1_region	93132	396310	4.26	0	16
ptg002306l_1	406985	1886199	4.63	0	13
ptg002306l_1_region	406985	1886199	4.63	0	13
ptg002307l_1	212445	777959	3.66	0	18
ptg002307l_1_region	212445	777959	3.66	0	18
ptg002308l_1	378702	1599454	4.22	0	16
ptg002308l_1_region	378702	1599454	4.22	0	16
ptg002310l_1	83095	419025	5.04	0	26
ptg002310l_1_region	83095	419025	5.04	0	26
ptg002312l_1	1736487	10533326	6.07	0	23
ptg002312l_1_region	1736487	10533326	6.07	0	23
ptg002313l_1	662720	3412498	5.15	0	22
ptg002313l_1_region	662720	3412498	5.15	0	22
ptg002315l_1	318645	1588261	4.98	0	16
ptg002315l_1_region	318645	1588261	4.98	0	16
ptg002316l_1	1002067	5677420	5.67	0	38
ptg002316l_1_region	1002067	5677420	5.67	0	38
ptg002318l_1	302839	1478028	4.88	0	15
ptg002318l_1_region	302839	1478028	4.88	0	15
ptg002319l_1	779921	4088709	5.24	0	19
ptg002319l_1_region	779921	4088709	5.24	0	19
ptg002320l_1	1246470	11616631	9.32	0	30
ptg002320l_1_region	1246470	11616631	9.32	0	30
ptg002321l_1	64495	372018	5.77	0	13
ptg002321l_1_region	64495	372018	5.77	0	13
ptg002322l_1	352550	1933862	5.49	0	18
ptg002322l_1_region	352550	1933862	5.49	0	18
ptg002323l_1	423606	2970516	7.01	0	21
ptg002323l_1_region	423606	2970516	7.01	0	21
ptg002324l_1	48429	148048	3.06	0	9
ptg002324l_1_region	48429	148048	3.06	0	9
ptg002325l_1	368812	2575738	6.98	0	26
ptg002325l_1_region	368812	2575738	6.98	0	26
ptg002326l_1	501907	2695461	5.37	0	20
ptg002326l_1_region	501907	2695461	5.37	0	20
ptg002328l_1	108327	449452	4.15	0	13
ptg002328l_1_region	108327	449452	4.15	0	13
ptg002329l_1	99061	245550	2.48	0	8
ptg002329l_1_region	99061	245550	2.48	0	8
ptg002331l_1	192004	653135	3.40	0	12
ptg002331l_1_region	192004	653135	3.40	0	12
ptg002332l_1	275040	1362215	4.95	0	17
ptg002332l_1_region	275040	1362215	4.95	0	17
ptg002334l_1	536901	1828735	3.41	0	14
ptg002334l_1_region	536901	1828735	3.41	0	14
ptg002336l_1	868363	4462489	5.14	0	24
ptg002336l_1_region	868363	4462489	5.14	0	24
ptg002337l_1	211187	761497	3.61	0	15
ptg002337l_1_region	211187	761497	3.61	0	15
ptg002338l_1	277666	1604776	5.78	0	18
ptg002338l_1_region	277666	1604776	5.78	0	18
ptg002339l_1	84594	322050	3.81	0	11
ptg002339l_1_region	84594	322050	3.81	0	11
ptg002341l_1	352032	6263292	17.79	0	127
ptg002341l_1_region	352032	6263292	17.79	0	127
ptg002345l_1	79162	244693	3.09	0	11
ptg002345l_1_region	79162	244693	3.09	0	11
ptg002346l_1	52361	588056	11.23	0	20
ptg002346l_1_region	52361	588056	11.23	0	20
ptg002347l_1	124449	615418	4.95	0	17
ptg002347l_1_region	124449	615418	4.95	0	17
ptg002349l_1	271564	749623	2.76	0	28
ptg002349l_1_region	271564	749623	2.76	0	28
ptg002350l_1	454007	2800960	6.17	0	22
ptg002350l_1_region	454007	2800960	6.17	0	22
ptg002351l_1	188525	598137	3.17	0	17
ptg002351l_1_region	188525	598137	3.17	0	17
ptg002352l_1	199851	723394	3.62	0	24
ptg002352l_1_region	199851	723394	3.62	0	24
ptg002353l_1	404178	2935276	7.26	0	23
ptg002353l_1_region	404178	2935276	7.26	0	23
ptg002354l_1	330994	1425903	4.31	0	16
ptg002354l_1_region	330994	1425903	4.31	0	16
ptg002355l_1	792557	4695615	5.92	0	20
ptg002355l_1_region	792557	4695615	5.92	0	20
ptg002356l_1	179180	1467499	8.19	0	28
ptg002356l_1_region	179180	1467499	8.19	0	28
ptg002358l_1	1030042	5221361	5.07	0	18
ptg002358l_1_region	1030042	5221361	5.07	0	18
ptg002359l_1	523092	4819826	9.21	0	29
ptg002359l_1_region	523092	4819826	9.21	0	29
ptg002360l_1	428259	2278405	5.32	0	18
ptg002360l_1_region	428259	2278405	5.32	0	18
ptg002361l_1	458157	2813557	6.14	0	36
ptg002361l_1_region	458157	2813557	6.14	0	36
ptg002362l_1	873826	5130042	5.87	0	18
ptg002362l_1_region	873826	5130042	5.87	0	18
ptg002363l_1	1028229	5562525	5.41	0	21
ptg002363l_1_region	1028229	5562525	5.41	0	21
ptg002365l_1	508545	3393481	6.67	0	20
ptg002365l_1_region	508545	3393481	6.67	0	20
ptg002366l_1	270799	1210017	4.47	0	12
ptg002366l_1_region	270799	1210017	4.47	0	12
ptg002367l_1	403072	1918219	4.76	0	13
ptg002367l_1_region	403072	1918219	4.76	0	13
ptg002368l_1	43412	139609	3.22	0	8
ptg002368l_1_region	43412	139609	3.22	0	8
ptg002371l_1	66304	260991	3.94	0	9
ptg002371l_1_region	66304	260991	3.94	0	9
ptg002372l_1	1163154	5789310	4.98	0	33
ptg002372l_1_region	1163154	5789310	4.98	0	33
ptg002373l_1	435243	2420379	5.56	0	17
ptg002373l_1_region	435243	2420379	5.56	0	17
ptg002374l_1	267044	1250063	4.68	0	15
ptg002374l_1_region	267044	1250063	4.68	0	15
ptg002375l_1	58839	171913	2.92	0	13
ptg002375l_1_region	58839	171913	2.92	0	13
ptg002376l_1	871284	5025150	5.77	0	30
ptg002376l_1_region	871284	5025150	5.77	0	30
ptg002379l_1	363599	2135761	5.87	0	16
ptg002379l_1_region	363599	2135761	5.87	0	16
ptg002380l_1	1060482	5591314	5.27	0	20
ptg002380l_1_region	1060482	5591314	5.27	0	20
ptg002381l_1	843004	4449895	5.28	0	23
ptg002381l_1_region	843004	4449895	5.28	0	23
ptg002382l_1	381224	1698879	4.46	0	16
ptg002382l_1_region	381224	1698879	4.46	0	16
ptg002383l_1	345501	2001336	5.79	0	18
ptg002383l_1_region	345501	2001336	5.79	0	18
ptg002385l_1	385474	1928344	5.00	0	22
ptg002385l_1_region	385474	1928344	5.00	0	22
ptg002387l_1	550475	3770684	6.85	0	29
ptg002387l_1_region	550475	3770684	6.85	0	29
ptg002388l_1	562129	3182023	5.66	0	25
ptg002388l_1_region	562129	3182023	5.66	0	25
ptg002389l_1	278321	1610171	5.79	0	17
ptg002389l_1_region	278321	1610171	5.79	0	17
ptg002390l_1	921458	5081583	5.51	0	25
ptg002390l_1_region	921458	5081583	5.51	0	25
ptg002391l_1	500879	2252831	4.50	0	14
ptg002391l_1_region	500879	2252831	4.50	0	14
ptg002392l_1	1274975	6881862	5.40	0	18
ptg002392l_1_region	1274975	6881862	5.40	0	18
ptg002393l_1	201444	798436	3.96	0	18
ptg002393l_1_region	201444	798436	3.96	0	18
ptg002394l_1	790100	4564944	5.78	0	51
ptg002394l_1_region	790100	4564944	5.78	0	51
ptg002395l_1	279108	1898229	6.80	0	24
ptg002395l_1_region	279108	1898229	6.80	0	24
ptg002396l_1	1353957	10628405	7.85	0	225
ptg002396l_1_region	1353957	10628405	7.85	0	225
ptg002397l_1	68896	396880	5.76	0	13
ptg002397l_1_region	68896	396880	5.76	0	13
ptg002398l_1	1489852	8825593	5.92	0	18
ptg002398l_1_region	1489852	8825593	5.92	0	18
ptg002399l_1	849716	6286662	7.40	0	23
ptg002399l_1_region	849716	6286662	7.40	0	23
ptg002400l_1	141963	1057821	7.45	0	15
ptg002400l_1_region	141963	1057821	7.45	0	15
ptg002401l_1	647329	3290761	5.08	0	17
ptg002401l_1_region	647329	3290761	5.08	0	17
ptg002402l_1	1185020	7785440	6.57	0	19
ptg002402l_1_region	1185020	7785440	6.57	0	19
ptg002403l_1	538161	3147830	5.85	0	22
ptg002403l_1_region	538161	3147830	5.85	0	22
ptg002405l_1	393460	1251198	3.18	0	28
ptg002405l_1_region	393460	1251198	3.18	0	28
ptg002406l_1	429398	2759670	6.43	0	51
ptg002406l_1_region	429398	2759670	6.43	0	51
ptg002407l_1	37706	111264	2.95	0	14
ptg002407l_1_region	37706	111264	2.95	0	14
ptg002409l_1	75176	241414	3.21	0	11
ptg002409l_1_region	75176	241414	3.21	0	11
ptg002412l_1	66165	318666	4.82	0	18
ptg002412l_1_region	66165	318666	4.82	0	18
ptg002416l_1	158753	687257	4.33	0	17
ptg002416l_1_region	158753	687257	4.33	0	17
ptg002418l_1	142707	648621	4.55	0	14
ptg002418l_1_region	142707	648621	4.55	0	14
ptg002419l_1	1748517	9367450	5.36	0	29
ptg002419l_1_region	1748517	9367450	5.36	0	29
ptg002420l_1	310653	1867745	6.01	0	22
ptg002420l_1_region	310653	1867745	6.01	0	22
ptg002424l_1	85938	641137	7.46	0	18
ptg002424l_1_region	85938	641137	7.46	0	18
ptg002425l_1	361853	1687556	4.66	0	12
ptg002425l_1_region	361853	1687556	4.66	0	12
ptg002426l_1	151588	715334	4.72	0	27
ptg002426l_1_region	151588	715334	4.72	0	27
ptg002428l_1	71110	251374	3.54	0	13
ptg002428l_1_region	71110	251374	3.54	0	13
ptg002431l_1	803755	4368559	5.44	0	22
ptg002431l_1_region	803755	4368559	5.44	0	22
ptg002433l_1	208546	1486976	7.13	0	23
ptg002433l_1_region	208546	1486976	7.13	0	23
ptg002434l_1	207796	1040953	5.01	0	16
ptg002434l_1_region	207796	1040953	5.01	0	16
ptg002435l_1	219668	972137	4.43	0	13
ptg002435l_1_region	219668	972137	4.43	0	13
ptg002437l_1	387489	2215612	5.72	0	17
ptg002437l_1_region	387489	2215612	5.72	0	17
ptg002439l_1	234771	1351312	5.76	0	27
ptg002439l_1_region	234771	1351312	5.76	0	27
ptg002440l_1	425174	2391358	5.62	0	16
ptg002440l_1_region	425174	2391358	5.62	0	16
ptg002441l_1	157464	625725	3.97	0	19
ptg002441l_1_region	157464	625725	3.97	0	19
ptg002443l_1	205750	465045	2.26	0	20
ptg002443l_1_region	205750	465045	2.26	0	20
ptg002444l_1	104128	569542	5.47	0	23
ptg002444l_1_region	104128	569542	5.47	0	23
ptg002446l_1	147098	484204	3.29	0	15
ptg002446l_1_region	147098	484204	3.29	0	15
ptg002447l_1	142624	580934	4.07	0	15
ptg002447l_1_region	142624	580934	4.07	0	15
ptg002448l_1	395731	2150668	5.43	0	17
ptg002448l_1_region	395731	2150668	5.43	0	17
ptg002449l_1	228802	1069200	4.67	0	14
ptg002449l_1_region	228802	1069200	4.67	0	14
ptg002451l_1	485274	3691083	7.61	0	45
ptg002451l_1_region	485274	3691083	7.61	0	45
ptg002452l_1	295596	1999227	6.76	0	89
ptg002452l_1_region	295596	1999227	6.76	0	89
ptg002453l_1	978737	6668930	6.81	0	38
ptg002453l_1_region	978737	6668930	6.81	0	38
ptg002454l_1	1049959	5886074	5.61	0	26
ptg002454l_1_region	1049959	5886074	5.61	0	26
ptg002455l_1	271606	2380466	8.76	0	23
ptg002455l_1_region	271606	2380466	8.76	0	23
ptg002456l_1	362922	1849711	5.10	0	17
ptg002456l_1_region	362922	1849711	5.10	0	17
ptg002459l_1	208117	2012327	9.67	0	30
ptg002459l_1_region	208117	2012327	9.67	0	30
ptg002461l_1	133744	642391	4.80	0	12
ptg002461l_1_region	133744	642391	4.80	0	12
ptg002462l_1	127090	637266	5.01	0	14
ptg002462l_1_region	127090	637266	5.01	0	14
ptg002466l_1	982836	5665391	5.76	0	17
ptg002466l_1_region	982836	5665391	5.76	0	17
ptg002467l_1	733936	2865381	3.90	0	13
ptg002467l_1_region	733936	2865381	3.90	0	13
ptg002468l_1	705407	3583344	5.08	0	20
ptg002468l_1_region	705407	3583344	5.08	0	20
ptg002469l_1	131158	783313	5.97	0	17
ptg002469l_1_region	131158	783313	5.97	0	17
ptg002470l_1	77779	387846	4.99	0	13
ptg002470l_1_region	77779	387846	4.99	0	13
ptg002471l_1	51204	106351	2.08	0	7
ptg002471l_1_region	51204	106351	2.08	0	7
ptg002476l_1	363423	2199087	6.05	0	15
ptg002476l_1_region	363423	2199087	6.05	0	15
ptg002478l_1	30541	261997	8.58	0	65
ptg002478l_1_region	30541	261997	8.58	0	65
ptg002480l_1	41041	87325	2.13	0	7
ptg002480l_1_region	41041	87325	2.13	0	7
ptg002481l_1	97377	376110	3.86	0	10
ptg002481l_1_region	97377	376110	3.86	0	10
ptg002484l_1	708519	6745810	9.52	0	117
ptg002484l_1_region	708519	6745810	9.52	0	117
ptg002485l_1	45993	324955	7.07	0	16
ptg002485l_1_region	45993	324955	7.07	0	16
ptg002486l_1	268944	1219674	4.54	0	15
ptg002486l_1_region	268944	1219674	4.54	0	15
ptg002487l_1	856474	3410471	3.98	0	57
ptg002487l_1_region	856474	3410471	3.98	0	57
ptg002488l_1	438642	1935898	4.41	0	13
ptg002488l_1_region	438642	1935898	4.41	0	13
ptg002490l_1	89174	510482	5.72	0	12
ptg002490l_1_region	89174	510482	5.72	0	12
ptg002491l_1	1384314	8360557	6.04	0	20
ptg002491l_1_region	1384314	8360557	6.04	0	20
ptg002492l_1	194932	486515	2.50	0	14
ptg002492l_1_region	194932	486515	2.50	0	14
ptg002493l_1	1311653	9421999	7.18	0	40
ptg002493l_1_region	1311653	9421999	7.18	0	40
ptg002494l_1	16197	86230	5.32	0	9
ptg002494l_1_region	16197	86230	5.32	0	9
ptg002495l_1	828726	6333567	7.64	0	103
ptg002495l_1_region	828726	6333567	7.64	0	103
ptg002496l_1	200417	1126983	5.62	0	20
ptg002496l_1_region	200417	1126983	5.62	0	20
ptg002497l_1	67452	405232	6.01	0	22
ptg002497l_1_region	67452	405232	6.01	0	22
ptg002499l_1	231101	1273650	5.51	0	14
ptg002499l_1_region	231101	1273650	5.51	0	14
ptg002500l_1	99478	581561	5.85	0	20
ptg002500l_1_region	99478	581561	5.85	0	20
ptg002501l_1	43890	151993	3.46	0	7
ptg002501l_1_region	43890	151993	3.46	0	7
ptg002502l_1	114501	673316	5.88	0	15
ptg002502l_1_region	114501	673316	5.88	0	15
ptg002503l_1	167390	764527	4.57	0	13
ptg002503l_1_region	167390	764527	4.57	0	13
ptg002505l_1	977234	6194508	6.34	0	26
ptg002505l_1_region	977234	6194508	6.34	0	26
ptg002508l_1	75925	167908	2.21	0	8
ptg002508l_1_region	75925	167908	2.21	0	8
ptg002509l_1	77905	374430	4.81	0	19
ptg002509l_1_region	77905	374430	4.81	0	19
ptg002510l_1	118342	548303	4.63	0	11
ptg002510l_1_region	118342	548303	4.63	0	11
ptg002511l_1	562143	2687193	4.78	0	14
ptg002511l_1_region	562143	2687193	4.78	0	14
ptg002512l_1	250467	1421535	5.68	0	22
ptg002512l_1_region	250467	1421535	5.68	0	22
ptg002514c_1	69678	2943831	42.25	0	116
ptg002514c_1_region	69678	2943831	42.25	0	116
ptg002516l_1	252490	1267802	5.02	0	21
ptg002516l_1_region	252490	1267802	5.02	0	21
ptg002518l_1	1453691	7998734	5.50	0	48
ptg002518l_1_region	1453691	7998734	5.50	0	48
ptg002520l_1	344402	1936320	5.62	0	27
ptg002520l_1_region	344402	1936320	5.62	0	27
ptg002521l_1	29006	54698	1.89	0	7
ptg002521l_1_region	29006	54698	1.89	0	7
ptg002522l_1	2979657	28554609	9.58	0	930
ptg002522l_1_region	2979657	28554609	9.58	0	930
ptg002523l_1	266088	1395426	5.24	0	21
ptg002523l_1_region	266088	1395426	5.24	0	21
ptg002524l_1	128294	554362	4.32	0	14
ptg002524l_1_region	128294	554362	4.32	0	14
ptg002526l_1	51885	246590	4.75	0	19
ptg002526l_1_region	51885	246590	4.75	0	19
ptg002527l_1	137032	700317	5.11	0	14
ptg002527l_1_region	137032	700317	5.11	0	14
ptg002528l_1	131632	515616	3.92	0	11
ptg002528l_1_region	131632	515616	3.92	0	11
ptg002529l_1	219051	1227735	5.60	0	16
ptg002529l_1_region	219051	1227735	5.60	0	16
ptg002530l_1	868047	5540304	6.38	0	45
ptg002530l_1_region	868047	5540304	6.38	0	45
ptg002531l_1	757227	4879372	6.44	0	69
ptg002531l_1_region	757227	4879372	6.44	0	69
ptg002532l_1	1235505	8135833	6.59	0	25
ptg002532l_1_region	1235505	8135833	6.59	0	25
ptg002533l_1	572034	3124498	5.46	0	21
ptg002533l_1_region	572034	3124498	5.46	0	21
ptg002534l_1	113433	775604	6.84	0	50
ptg002534l_1_region	113433	775604	6.84	0	50
ptg002535l_1	359887	1671408	4.64	0	18
ptg002535l_1_region	359887	1671408	4.64	0	18
ptg002536l_1	1648467	8495419	5.15	0	22
ptg002536l_1_region	1648467	8495419	5.15	0	22
ptg002537l_1	1066891	6030056	5.65	0	20
ptg002537l_1_region	1066891	6030056	5.65	0	20
ptg002539l_1	360927	2041863	5.66	0	17
ptg002539l_1_region	360927	2041863	5.66	0	17
ptg002540l_1	15797	48057	3.04	0	7
ptg002540l_1_region	15797	48057	3.04	0	7
ptg002544l_1	587875	3320854	5.65	0	22
ptg002544l_1_region	587875	3320854	5.65	0	22
ptg002546l_1	47113	176859	3.75	0	9
ptg002546l_1_region	47113	176859	3.75	0	9
ptg002547l_1	191807	972963	5.07	0	12
ptg002547l_1_region	191807	972963	5.07	0	12
ptg002548l_1	403016	3470420	8.61	0	42
ptg002548l_1_region	403016	3470420	8.61	0	42
ptg002549l_1	689187	3580451	5.20	0	16
ptg002549l_1_region	689187	3580451	5.20	0	16
ptg002551l_1	25452	59386	2.33	0	6
ptg002551l_1_region	25452	59386	2.33	0	6
ptg002552l_1	1206580	7049589	5.84	0	30
ptg002552l_1_region	1206580	7049589	5.84	0	30
ptg002553l_1	351602	1847326	5.25	0	143
ptg002553l_1_region	351602	1847326	5.25	0	143
ptg002554l_1	44580	99792	2.24	0	7
ptg002554l_1_region	44580	99792	2.24	0	7
ptg002556l_1	261096	580791	2.22	0	9
ptg002556l_1_region	261096	580791	2.22	0	9
ptg002557l_1	420440	2145121	5.10	0	14
ptg002557l_1_region	420440	2145121	5.10	0	14
ptg002558l_1	236493	1932834	8.17	0	36
ptg002558l_1_region	236493	1932834	8.17	0	36
ptg002559l_1	371850	2367437	6.37	0	17
ptg002559l_1_region	371850	2367437	6.37	0	17
ptg002560l_1	91089	393693	4.32	0	14
ptg002560l_1_region	91089	393693	4.32	0	14
ptg002561l_1	370827	1501003	4.05	0	35
ptg002561l_1_region	370827	1501003	4.05	0	35
ptg002563l_1	1126433	6063680	5.38	0	15
ptg002563l_1_region	1126433	6063680	5.38	0	15
ptg002564l_1	448151	3023647	6.75	0	20
ptg002564l_1_region	448151	3023647	6.75	0	20
ptg002566l_1	819903	4491458	5.48	0	14
ptg002566l_1_region	819903	4491458	5.48	0	14
ptg002567l_1	234574	1720261	7.33	0	32
ptg002567l_1_region	234574	1720261	7.33	0	32
ptg002568l_1	102149	311566	3.05	0	23
ptg002568l_1_region	102149	311566	3.05	0	23
ptg002569l_1	67789	231742	3.42	0	11
ptg002569l_1_region	67789	231742	3.42	0	11
ptg002572l_1	435045	1975637	4.54	0	17
ptg002572l_1_region	435045	1975637	4.54	0	17
ptg002573l_1	1217120	8251400	6.78	0	54
ptg002573l_1_region	1217120	8251400	6.78	0	54
ptg002574l_1	336477	1625461	4.83	0	24
ptg002574l_1_region	336477	1625461	4.83	0	24
ptg002575l_1	132642	799579	6.03	0	18
ptg002575l_1_region	132642	799579	6.03	0	18
ptg002577l_1	38150	180595	4.73	0	8
ptg002577l_1_region	38150	180595	4.73	0	8
ptg002578l_1	288821	1477620	5.12	0	20
ptg002578l_1_region	288821	1477620	5.12	0	20
ptg002579l_1	373943	1727217	4.62	0	16
ptg002579l_1_region	373943	1727217	4.62	0	16
ptg002580l_1	196139	733974	3.74	0	14
ptg002580l_1_region	196139	733974	3.74	0	14
ptg002581l_1	418811	2329216	5.56	0	33
ptg002581l_1_region	418811	2329216	5.56	0	33
ptg002582l_1	380878	2614931	6.87	0	22
ptg002582l_1_region	380878	2614931	6.87	0	22
ptg002583l_1	193944	1031289	5.32	0	36
ptg002583l_1_region	193944	1031289	5.32	0	36
ptg002584l_1	328510	1809351	5.51	0	18
ptg002584l_1_region	328510	1809351	5.51	0	18
ptg002585l_1	416998	1703410	4.08	0	15
ptg002585l_1_region	416998	1703410	4.08	0	15
ptg002587l_1	23124	217268	9.40	0	15
ptg002587l_1_region	23124	217268	9.40	0	15
ptg002588l_1	310493	1859455	5.99	0	47
ptg002588l_1_region	310493	1859455	5.99	0	47
ptg002589l_1	413678	2282117	5.52	0	13
ptg002589l_1_region	413678	2282117	5.52	0	13
ptg002591l_1	1402546	7985407	5.69	0	20
ptg002591l_1_region	1402546	7985407	5.69	0	20
ptg002592l_1	58108	268951	4.63	0	10
ptg002592l_1_region	58108	268951	4.63	0	10
ptg002593l_1	17150	45766	2.67	0	5
ptg002593l_1_region	17150	45766	2.67	0	5
ptg002595l_1	282309	1555483	5.51	0	18
ptg002595l_1_region	282309	1555483	5.51	0	18
ptg002596l_1	921809	5839048	6.33	0	24
ptg002596l_1_region	921809	5839048	6.33	0	24
ptg002597l_1	200063	1246378	6.23	0	17
ptg002597l_1_region	200063	1246378	6.23	0	17
ptg002598l_1	66631	345816	5.19	0	20
ptg002598l_1_region	66631	345816	5.19	0	20
ptg002599l_1	14712	68312	4.64	0	11
ptg002599l_1_region	14712	68312	4.64	0	11
ptg002600l_1	55159	262980	4.77	0	11
ptg002600l_1_region	55159	262980	4.77	0	11
ptg002604l_1	173948	678395	3.90	0	18
ptg002604l_1_region	173948	678395	3.90	0	18
ptg002605l_1	467499	2198391	4.70	0	30
ptg002605l_1_region	467499	2198391	4.70	0	30
ptg002606l_1	543040	2791924	5.14	0	20
ptg002606l_1_region	543040	2791924	5.14	0	20
ptg002607l_1	196110	1272697	6.49	0	30
ptg002607l_1_region	196110	1272697	6.49	0	30
ptg002608l_1	114696	390357	3.40	0	12
ptg002608l_1_region	114696	390357	3.40	0	12
ptg002609l_1	660261	3298483	5.00	0	33
ptg002609l_1_region	660261	3298483	5.00	0	33
ptg002610l_1	779683	5089451	6.53	0	26
ptg002610l_1_region	779683	5089451	6.53	0	26
ptg002612l_1	222966	969767	4.35	0	18
ptg002612l_1_region	222966	969767	4.35	0	18
ptg002613l_1	45793	169168	3.69	0	21
ptg002613l_1_region	45793	169168	3.69	0	21
ptg002614l_1	576838	3158843	5.48	0	22
ptg002614l_1_region	576838	3158843	5.48	0	22
ptg002617l_1	71587	443992	6.20	0	15
ptg002617l_1_region	71587	443992	6.20	0	15
ptg002618l_1	483238	2002607	4.14	0	26
ptg002618l_1_region	483238	2002607	4.14	0	26
ptg002619l_1	251626	1237321	4.92	0	17
ptg002619l_1_region	251626	1237321	4.92	0	17
ptg002620l_1	396872	2009321	5.06	0	14
ptg002620l_1_region	396872	2009321	5.06	0	14
ptg002621l_1	242648	829224	3.42	0	17
ptg002621l_1_region	242648	829224	3.42	0	17
ptg002622l_1	1257287	7627770	6.07	0	22
ptg002622l_1_region	1257287	7627770	6.07	0	22
ptg002624l_1	699221	4251267	6.08	0	48
ptg002624l_1_region	699221	4251267	6.08	0	48
ptg002626l_1	435191	1908162	4.38	0	41
ptg002626l_1_region	435191	1908162	4.38	0	41
ptg002627l_1	56496	6748	0.12	0	4
ptg002627l_1_region	56496	6748	0.12	0	4
ptg002629l_1	2286776	13884744	6.07	0	34
ptg002629l_1_region	2286776	13884744	6.07	0	34
ptg002630l_1	165847	828157	4.99	0	13
ptg002630l_1_region	165847	828157	4.99	0	13
ptg002631l_1	583452	3259321	5.59	0	23
ptg002631l_1_region	583452	3259321	5.59	0	23
ptg002632l_1	290669	1363933	4.69	0	16
ptg002632l_1_region	290669	1363933	4.69	0	16
ptg002634l_1	230333	1169294	5.08	0	24
ptg002634l_1_region	230333	1169294	5.08	0	24
ptg002635l_1	85299	445920	5.23	0	12
ptg002635l_1_region	85299	445920	5.23	0	12
ptg002637l_1	160542	772524	4.81	0	35
ptg002637l_1_region	160542	772524	4.81	0	35
ptg002644l_1	159498	892668	5.60	0	24
ptg002644l_1_region	159498	892668	5.60	0	24
ptg002645l_1	521075	3277815	6.29	0	19
ptg002645l_1_region	521075	3277815	6.29	0	19
ptg002646l_1	158897	972289	6.12	0	16
ptg002646l_1_region	158897	972289	6.12	0	16
ptg002647l_1	132097	693638	5.25	0	14
ptg002647l_1_region	132097	693638	5.25	0	14
ptg002648l_1	147640	757006	5.13	0	20
ptg002648l_1_region	147640	757006	5.13	0	20
ptg002649l_1	875812	5218278	5.96	0	27
ptg002649l_1_region	875812	5218278	5.96	0	27
ptg002650l_1	81229	714330	8.79	0	18
ptg002650l_1_region	81229	714330	8.79	0	18
ptg002651l_1	43954	286797	6.52	0	13
ptg002651l_1_region	43954	286797	6.52	0	13
ptg002652l_1	169112	472364	2.79	0	27
ptg002652l_1_region	169112	472364	2.79	0	27
ptg002654l_1	551582	2930776	5.31	0	19
ptg002654l_1_region	551582	2930776	5.31	0	19
ptg002655l_1	104900	472562	4.50	0	13
ptg002655l_1_region	104900	472562	4.50	0	13
ptg002656l_1	456090	3433057	7.53	0	22
ptg002656l_1_region	456090	3433057	7.53	0	22
ptg002660l_1	965459	5336477	5.53	0	21
ptg002660l_1_region	965459	5336477	5.53	0	21
ptg002662l_1	936905	5490089	5.86	0	23
ptg002662l_1_region	936905	5490089	5.86	0	23
ptg002664l_1	1267489	6885268	5.43	0	17
ptg002664l_1_region	1267489	6885268	5.43	0	17
ptg002665l_1	1121524	7405597	6.60	0	27
ptg002665l_1_region	1121524	7405597	6.60	0	27
ptg002666l_1	862459	5179725	6.01	0	36
ptg002666l_1_region	862459	5179725	6.01	0	36
ptg002667l_1	709833	3855612	5.43	0	17
ptg002667l_1_region	709833	3855612	5.43	0	17
ptg002668l_1	105866	472480	4.46	0	13
ptg002668l_1_region	105866	472480	4.46	0	13
ptg002669l_1	1654863	10019662	6.05	0	20
ptg002669l_1_region	1654863	10019662	6.05	0	20
ptg002670l_1	155865	977663	6.27	0	23
ptg002670l_1_region	155865	977663	6.27	0	23
ptg002671l_1	837612	4536062	5.42	0	21
ptg002671l_1_region	837612	4536062	5.42	0	21
ptg002672l_1	19583	86176	4.40	0	16
ptg002672l_1_region	19583	86176	4.40	0	16
ptg002673l_1	76676	254868	3.32	0	12
ptg002673l_1_region	76676	254868	3.32	0	12
ptg002674l_1	346130	1627725	4.70	0	21
ptg002674l_1_region	346130	1627725	4.70	0	21
ptg002676l_1	101892	387319	3.80	0	9
ptg002676l_1_region	101892	387319	3.80	0	9
ptg002677l_1	14210	97117	6.83	0	14
ptg002677l_1_region	14210	97117	6.83	0	14
ptg002678l_1	403017	2016265	5.00	0	14
ptg002678l_1_region	403017	2016265	5.00	0	14
ptg002680l_1	443511	2477842	5.59	0	16
ptg002680l_1_region	443511	2477842	5.59	0	16
ptg002681l_1	355009	8393924	23.64	0	446
ptg002681l_1_region	355009	8393924	23.64	0	446
ptg002683l_1	101272	404837	4.00	0	12
ptg002683l_1_region	101272	404837	4.00	0	12
ptg002684l_1	100852	239461	2.37	0	9
ptg002684l_1_region	100852	239461	2.37	0	9
ptg002686l_1	839673	3862556	4.60	0	20
ptg002686l_1_region	839673	3862556	4.60	0	20
ptg002688l_1	1375107	7993865	5.81	0	20
ptg002688l_1_region	1375107	7993865	5.81	0	20
ptg002689l_1	113663	28004	0.25	0	1
ptg002689l_1_region	113663	28004	0.25	0	1
ptg002692l_1	160792	729712	4.54	0	47
ptg002692l_1_region	160792	729712	4.54	0	47
ptg002693l_1	365079	1784370	4.89	0	16
ptg002693l_1_region	365079	1784370	4.89	0	16
ptg002695l_1	81547	380446	4.67	0	12
ptg002695l_1_region	81547	380446	4.67	0	12
ptg002697l_1	309680	1935222	6.25	0	16
ptg002697l_1_region	309680	1935222	6.25	0	16
ptg002699l_1	38596	40113	1.04	0	10
ptg002699l_1_region	38596	40113	1.04	0	10
ptg002700l_1	190613	735697	3.86	0	15
ptg002700l_1_region	190613	735697	3.86	0	15
ptg002703l_1	119801	971793	8.11	0	21
ptg002703l_1_region	119801	971793	8.11	0	21
ptg002704l_1	168582	673699	4.00	0	18
ptg002704l_1_region	168582	673699	4.00	0	18
ptg002705l_1	49343	406359	8.24	0	17
ptg002705l_1_region	49343	406359	8.24	0	17
ptg002708l_1	447439	2059215	4.60	0	16
ptg002708l_1_region	447439	2059215	4.60	0	16
ptg002709l_1	456115	2555784	5.60	0	16
ptg002709l_1_region	456115	2555784	5.60	0	16
ptg002710l_1	567625	3199401	5.64	0	21
ptg002710l_1_region	567625	3199401	5.64	0	21
ptg002712l_1	224799	1021612	4.54	0	20
ptg002712l_1_region	224799	1021612	4.54	0	20
ptg002713l_1	1040481	6051991	5.82	0	25
ptg002713l_1_region	1040481	6051991	5.82	0	25
ptg002714l_1	339820	1612833	4.75	0	21
ptg002714l_1_region	339820	1612833	4.75	0	21
ptg002715l_1	216143	1009771	4.67	0	17
ptg002715l_1_region	216143	1009771	4.67	0	17
ptg002716l_1	237615	1477869	6.22	0	17
ptg002716l_1_region	237615	1477869	6.22	0	17
ptg002718l_1	76115	501015	6.58	0	14
ptg002718l_1_region	76115	501015	6.58	0	14
ptg002719l_1	105138	432225	4.11	0	9
ptg002719l_1_region	105138	432225	4.11	0	9
ptg002721l_1	48771	342757	7.03	0	48
ptg002721l_1_region	48771	342757	7.03	0	48
ptg002724l_1	74118	617327	8.33	0	55
ptg002724l_1_region	74118	617327	8.33	0	55
ptg002726l_1	334619	1317955	3.94	0	28
ptg002726l_1_region	334619	1317955	3.94	0	28
ptg002729l_1	30007	142715	4.76	0	10
ptg002729l_1_region	30007	142715	4.76	0	10
ptg002730l_1	282409	2221366	7.87	0	23
ptg002730l_1_region	282409	2221366	7.87	0	23
ptg002731l_1	766563	2591330	3.38	0	34
ptg002731l_1_region	766563	2591330	3.38	0	34
ptg002732l_1	544090	3382160	6.22	0	57
ptg002732l_1_region	544090	3382160	6.22	0	57
ptg002733l_1	1116046	6102033	5.47	0	22
ptg002733l_1_region	1116046	6102033	5.47	0	22
ptg002734l_1	65524	319145	4.87	0	16
ptg002734l_1_region	65524	319145	4.87	0	16
ptg002736l_1	90163	606735	6.73	0	14
ptg002736l_1_region	90163	606735	6.73	0	14
ptg002739l_1	520545	2820749	5.42	0	15
ptg002739l_1_region	520545	2820749	5.42	0	15
ptg002740l_1	651913	3618898	5.55	0	22
ptg002740l_1_region	651913	3618898	5.55	0	22
ptg002742l_1	138168	969101	7.01	0	19
ptg002742l_1_region	138168	969101	7.01	0	19
ptg002744l_1	249938	1392429	5.57	0	13
ptg002744l_1_region	249938	1392429	5.57	0	13
ptg002745l_1	90274	527176	5.84	0	12
ptg002745l_1_region	90274	527176	5.84	0	12
ptg002746l_1	272991	1297134	4.75	0	17
ptg002746l_1_region	272991	1297134	4.75	0	17
ptg002747l_1	920333	4346681	4.72	0	20
ptg002747l_1_region	920333	4346681	4.72	0	20
ptg002748l_1	114213	368515	3.23	0	12
ptg002748l_1_region	114213	368515	3.23	0	12
ptg002749l_1	115132	551339	4.79	0	13
ptg002749l_1_region	115132	551339	4.79	0	13
ptg002750l_1	1465953	10711564	7.31	0	44
ptg002750l_1_region	1465953	10711564	7.31	0	44
ptg002751l_1	551197	2961774	5.37	0	41
ptg002751l_1_region	551197	2961774	5.37	0	41
ptg002752l_1	175716	1213797	6.91	0	20
ptg002752l_1_region	175716	1213797	6.91	0	20
ptg002753l_1	193337	1159995	6.00	0	14
ptg002753l_1_region	193337	1159995	6.00	0	14
ptg002756l_1	131548	523997	3.98	0	14
ptg002756l_1_region	131548	523997	3.98	0	14
ptg002758l_1	388951	2143896	5.51	0	19
ptg002758l_1_region	388951	2143896	5.51	0	19
ptg002759l_1	155448	573156	3.69	0	14
ptg002759l_1_region	155448	573156	3.69	0	14
ptg002761l_1	93049	326837	3.51	0	11
ptg002761l_1_region	93049	326837	3.51	0	11
ptg002762l_1	285032	1431790	5.02	0	13
ptg002762l_1_region	285032	1431790	5.02	0	13
ptg002763l_1	34327	247756	7.22	0	11
ptg002763l_1_region	34327	247756	7.22	0	11
ptg002764l_1	216866	1370622	6.32	0	18
ptg002764l_1_region	216866	1370622	6.32	0	18
ptg002766l_1	153208	786730	5.14	0	13
ptg002766l_1_region	153208	786730	5.14	0	13
ptg002777l_1	126268	6022803	47.70	0	197
ptg002777l_1_region	126268	6022803	47.70	0	197
ptg002787l_1	345625	3401154	9.84	0	100
ptg002787l_1_region	345625	3401154	9.84	0	100
ptg002788l_1	189146	986408	5.22	0	20
ptg002788l_1_region	189146	986408	5.22	0	20
ptg002791l_1	141007	864720	6.13	0	13
ptg002791l_1_region	141007	864720	6.13	0	13
ptg002792l_1	821279	3883408	4.73	0	20
ptg002792l_1_region	821279	3883408	4.73	0	20
ptg002794l_1	478765	1913715	4.00	0	21
ptg002794l_1_region	478765	1913715	4.00	0	21
ptg002795l_1	228258	1145313	5.02	0	69
ptg002795l_1_region	228258	1145313	5.02	0	69
ptg002799l_1	236659	1172861	4.96	0	19
ptg002799l_1_region	236659	1172861	4.96	0	19
ptg002801l_1	707594	4150537	5.87	0	19
ptg002801l_1_region	707594	4150537	5.87	0	19
ptg002802l_1	108006	571025	5.29	0	14
ptg002802l_1_region	108006	571025	5.29	0	14
ptg002805l_1	195044	880047	4.51	0	42
ptg002805l_1_region	195044	880047	4.51	0	42
ptg002807l_1	1153747	5771545	5.00	0	21
ptg002807l_1_region	1153747	5771545	5.00	0	21
ptg002811l_1	95724	248564	2.60	0	11
ptg002811l_1_region	95724	248564	2.60	0	11
ptg002813l_1	911194	5736353	6.30	0	19
ptg002813l_1_region	911194	5736353	6.30	0	19
ptg002814l_1	86616	482930	5.58	0	21
ptg002814l_1_region	86616	482930	5.58	0	21
ptg002815l_1	313268	1511157	4.82	0	13
ptg002815l_1_region	313268	1511157	4.82	0	13
ptg002816l_1	118860	742791	6.25	0	14
ptg002816l_1_region	118860	742791	6.25	0	14
ptg002817l_1	60492	129797	2.15	0	7
ptg002817l_1_region	60492	129797	2.15	0	7
ptg002819l_1	387856	2355893	6.07	0	19
ptg002819l_1_region	387856	2355893	6.07	0	19
ptg002820l_1	265163	1424250	5.37	0	15
ptg002820l_1_region	265163	1424250	5.37	0	15
ptg002821l_1	113169	2086976	18.44	0	48
ptg002821l_1_region	113169	2086976	18.44	0	48
ptg002822l_1	544639	2559615	4.70	0	14
ptg002822l_1_region	544639	2559615	4.70	0	14
ptg002824l_1	160074	632939	3.95	0	15
ptg002824l_1_region	160074	632939	3.95	0	15
ptg002825l_1	387818	2040962	5.26	0	18
ptg002825l_1_region	387818	2040962	5.26	0	18
ptg002826l_1	173959	560779	3.22	0	8
ptg002826l_1_region	173959	560779	3.22	0	8
ptg002827l_1	626405	4015094	6.41	0	24
ptg002827l_1_region	626405	4015094	6.41	0	24
ptg002828l_1	822109	6558549	7.98	0	26
ptg002828l_1_region	822109	6558549	7.98	0	26
ptg002829l_1	317776	1623076	5.11	0	17
ptg002829l_1_region	317776	1623076	5.11	0	17
ptg002831l_1	673868	3545440	5.26	0	18
ptg002831l_1_region	673868	3545440	5.26	0	18
ptg002832l_1	345331	2837392	8.22	0	20
ptg002832l_1_region	345331	2837392	8.22	0	20
ptg002835l_1	229531	549936	2.40	0	24
ptg002835l_1_region	229531	549936	2.40	0	24
ptg002836l_1	373041	1526324	4.09	0	33
ptg002836l_1_region	373041	1526324	4.09	0	33
ptg002843l_1	85276	348814	4.09	0	12
ptg002843l_1_region	85276	348814	4.09	0	12
ptg002844l_1	151776	571902	3.77	0	10
ptg002844l_1_region	151776	571902	3.77	0	10
ptg002845l_1	976966	5398859	5.53	0	18
ptg002845l_1_region	976966	5398859	5.53	0	18
ptg002846l_1	835124	5072957	6.07	0	53
ptg002846l_1_region	835124	5072957	6.07	0	53
ptg002847l_1	427697	2409410	5.63	0	21
ptg002847l_1_region	427697	2409410	5.63	0	21
ptg002848l_1	433854	2264601	5.22	0	17
ptg002848l_1_region	433854	2264601	5.22	0	17
ptg002850l_1	185813	612053	3.29	0	18
ptg002850l_1_region	185813	612053	3.29	0	18
ptg002854l_1	234310	981148	4.19	0	14
ptg002854l_1_region	234310	981148	4.19	0	14
ptg002855l_1	213133	647509	3.04	0	17
ptg002855l_1_region	213133	647509	3.04	0	17
ptg002856l_1	21893	50765	2.32	0	4
ptg002856l_1_region	21893	50765	2.32	0	4
ptg002857l_1	42281	144087	3.41	0	11
ptg002857l_1_region	42281	144087	3.41	0	11
ptg002859l_1	159740	654410	4.10	0	13
ptg002859l_1_region	159740	654410	4.10	0	13
ptg002860l_1	1257247	1282306	1.02	0	17
ptg002860l_1_region	1257247	1282306	1.02	0	17
ptg002861l_1	28692	133818	4.66	0	21
ptg002861l_1_region	28692	133818	4.66	0	21
ptg002863l_1	74843	308361	4.12	0	17
ptg002863l_1_region	74843	308361	4.12	0	17
ptg002864l_1	1920301	10431372	5.43	0	20
ptg002864l_1_region	1920301	10431372	5.43	0	20
ptg002865l_1	262997	1105326	4.20	0	16
ptg002865l_1_region	262997	1105326	4.20	0	16
ptg002868l_1	822750	3818261	4.64	0	17
ptg002868l_1_region	822750	3818261	4.64	0	17
ptg002870l_1	620621	3597845	5.80	0	266
ptg002870l_1_region	620621	3597845	5.80	0	266
ptg002872l_1	882974	4938281	5.59	0	21
ptg002872l_1_region	882974	4938281	5.59	0	21
ptg002874l_1	703291	3708224	5.27	0	23
ptg002874l_1_region	703291	3708224	5.27	0	23
ptg002875l_1	138616	1086326	7.84	0	223
ptg002875l_1_region	138616	1086326	7.84	0	223
ptg002876l_1	128799	597325	4.64	0	15
ptg002876l_1_region	128799	597325	4.64	0	15
ptg002878l_1	151010	698656	4.63	0	10
ptg002878l_1_region	151010	698656	4.63	0	10
ptg002879l_1	686085	3344731	4.88	0	20
ptg002879l_1_region	686085	3344731	4.88	0	20
ptg002880l_1	519186	3728904	7.18	0	86
ptg002880l_1_region	519186	3728904	7.18	0	86
ptg002881l_1	361647	2194766	6.07	0	23
ptg002881l_1_region	361647	2194766	6.07	0	23
ptg002882l_1	258734	1823363	7.05	0	36
ptg002882l_1_region	258734	1823363	7.05	0	36
ptg002883l_1	68627	370192	5.39	0	13
ptg002883l_1_region	68627	370192	5.39	0	13
ptg002884l_1	600959	3433794	5.71	0	20
ptg002884l_1_region	600959	3433794	5.71	0	20
ptg002885l_1	1352573	7624778	5.64	0	25
ptg002885l_1_region	1352573	7624778	5.64	0	25
ptg002886l_1	177142	1034947	5.84	0	15
ptg002886l_1_region	177142	1034947	5.84	0	15
ptg002887l_1	152517	537740	3.53	0	19
ptg002887l_1_region	152517	537740	3.53	0	19
ptg002888l_1	506461	2817673	5.56	0	24
ptg002888l_1_region	506461	2817673	5.56	0	24
ptg002890l_1	185369	603703	3.26	0	10
ptg002890l_1_region	185369	603703	3.26	0	10
ptg002891l_1	444147	3842023	8.65	0	35
ptg002891l_1_region	444147	3842023	8.65	0	35
ptg002892l_1	12433	77202	6.21	2	15
ptg002892l_1_region	12433	77202	6.21	2	15
ptg002894l_1	307465	1729806	5.63	0	16
ptg002894l_1_region	307465	1729806	5.63	0	16
ptg002895l_1	112682	733448	6.51	0	14
ptg002895l_1_region	112682	733448	6.51	0	14
ptg002896l_1	157220	1954028	12.43	0	40
ptg002896l_1_region	157220	1954028	12.43	0	40
ptg002897l_1	852238	4101892	4.81	0	22
ptg002897l_1_region	852238	4101892	4.81	0	22
ptg002899l_1	702228	4029744	5.74	0	17
ptg002899l_1_region	702228	4029744	5.74	0	17
ptg002901l_1	55919	178511	3.19	0	8
ptg002901l_1_region	55919	178511	3.19	0	8
ptg002902l_1	421890	2619834	6.21	0	47
ptg002902l_1_region	421890	2619834	6.21	0	47
ptg002903l_1	174235	1078027	6.19	0	14
ptg002903l_1_region	174235	1078027	6.19	0	14
ptg002904l_1	283810	1747774	6.16	0	81
ptg002904l_1_region	283810	1747774	6.16	0	81
ptg002905l_1	270208	1200151	4.44	0	13
ptg002905l_1_region	270208	1200151	4.44	0	13
ptg002907l_1	334997	3024866	9.03	0	136
ptg002907l_1_region	334997	3024866	9.03	0	136
ptg002908l_1	166641	772209	4.63	0	14
ptg002908l_1_region	166641	772209	4.63	0	14
ptg002910l_1	1625861	8766597	5.39	0	20
ptg002910l_1_region	1625861	8766597	5.39	0	20
ptg002911l_1	614258	4443072	7.23	0	27
ptg002911l_1_region	614258	4443072	7.23	0	27
ptg002912l_1	782685	3756814	4.80	0	20
ptg002912l_1_region	782685	3756814	4.80	0	20
ptg002914l_1	587277	3353696	5.71	0	18
ptg002914l_1_region	587277	3353696	5.71	0	18
ptg002915l_1	220805	1054273	4.77	0	13
ptg002915l_1_region	220805	1054273	4.77	0	13
ptg002917l_1	349649	1845339	5.28	0	15
ptg002917l_1_region	349649	1845339	5.28	0	15
ptg002918l_1	463502	2864379	6.18	0	20
ptg002918l_1_region	463502	2864379	6.18	0	20
ptg002922l_1	392136	1702786	4.34	0	15
ptg002922l_1_region	392136	1702786	4.34	0	15
ptg002923l_1	27659	198872	7.19	0	15
ptg002923l_1_region	27659	198872	7.19	0	15
ptg002924l_1	92126	183711	1.99	0	6
ptg002924l_1_region	92126	183711	1.99	0	6
ptg002925l_1	765856	3941097	5.15	0	28
ptg002925l_1_region	765856	3941097	5.15	0	28
ptg002926l_1	512205	2840211	5.55	0	15
ptg002926l_1_region	512205	2840211	5.55	0	15
ptg002927l_1	374766	2103252	5.61	0	17
ptg002927l_1_region	374766	2103252	5.61	0	17
ptg002928l_1	373828	2078544	5.56	0	14
ptg002928l_1_region	373828	2078544	5.56	0	14
ptg002929l_1	294473	1933508	6.57	0	17
ptg002929l_1_region	294473	1933508	6.57	0	17
ptg002930l_1	109735	441029	4.02	0	16
ptg002930l_1_region	109735	441029	4.02	0	16
ptg002931l_1	121203	487433	4.02	0	10
ptg002931l_1_region	121203	487433	4.02	0	10
ptg002932l_1	63993	410140	6.41	0	22
ptg002932l_1_region	63993	410140	6.41	0	22
ptg002933l_1	358582	1904594	5.31	0	15
ptg002933l_1_region	358582	1904594	5.31	0	15
ptg002934l_1	258310	3222411	12.47	0	139
ptg002934l_1_region	258310	3222411	12.47	0	139
ptg002936l_1	73662	83765	1.14	0	6
ptg002936l_1_region	73662	83765	1.14	0	6
ptg002937l_1	362145	1380887	3.81	0	16
ptg002937l_1_region	362145	1380887	3.81	0	16
ptg002939l_1	627519	2741703	4.37	0	23
ptg002939l_1_region	627519	2741703	4.37	0	23
ptg002940l_1	188795	672712	3.56	0	14
ptg002940l_1_region	188795	672712	3.56	0	14
ptg002941l_1	29677	125368	4.22	0	9
ptg002941l_1_region	29677	125368	4.22	0	9
ptg002942l_1	87021	982543	11.29	0	32
ptg002942l_1_region	87021	982543	11.29	0	32
ptg002943l_1	167622	965521	5.76	0	20
ptg002943l_1_region	167622	965521	5.76	0	20
ptg002949l_1	235419	1194579	5.07	0	14
ptg002949l_1_region	235419	1194579	5.07	0	14
ptg002951l_1	55007	263012	4.78	0	16
ptg002951l_1_region	55007	263012	4.78	0	16
ptg002952l_1	113861	532767	4.68	0	14
ptg002952l_1_region	113861	532767	4.68	0	14
ptg002954l_1	149625	587706	3.93	0	12
ptg002954l_1_region	149625	587706	3.93	0	12
ptg002955l_1	378086	1519170	4.02	0	11
ptg002955l_1_region	378086	1519170	4.02	0	11
ptg002957l_1	53165	159615	3.00	0	8
ptg002957l_1_region	53165	159615	3.00	0	8
ptg002958l_1	458708	2516739	5.49	0	21
ptg002958l_1_region	458708	2516739	5.49	0	21
ptg002959l_1	330899	1786996	5.40	0	21
ptg002959l_1_region	330899	1786996	5.40	0	21
ptg002961l_1	766958	4834180	6.30	0	21
ptg002961l_1_region	766958	4834180	6.30	0	21
ptg002962l_1	161584	1000404	6.19	0	13
ptg002962l_1_region	161584	1000404	6.19	0	13
ptg002964l_1	730832	4072123	5.57	0	20
ptg002964l_1_region	730832	4072123	5.57	0	20
ptg002965l_1	196937	745973	3.79	0	15
ptg002965l_1_region	196937	745973	3.79	0	15
ptg002966l_1	471984	2581793	5.47	0	38
ptg002966l_1_region	471984	2581793	5.47	0	38
ptg002967l_1	269730	1445417	5.36	0	25
ptg002967l_1_region	269730	1445417	5.36	0	25
ptg002969l_1	875601	5222978	5.97	0	18
ptg002969l_1_region	875601	5222978	5.97	0	18
ptg002970l_1	469358	2130837	4.54	0	18
ptg002970l_1_region	469358	2130837	4.54	0	18
ptg002974l_1	317047	2013563	6.35	0	15
ptg002974l_1_region	317047	2013563	6.35	0	15
ptg002975l_1	764246	3521766	4.61	0	19
ptg002975l_1_region	764246	3521766	4.61	0	19
ptg002979l_1	87084	282335	3.24	0	25
ptg002979l_1_region	87084	282335	3.24	0	25
ptg002981l_1	552905	3117753	5.64	0	16
ptg002981l_1_region	552905	3117753	5.64	0	16
ptg002982l_1	446679	3342182	7.48	0	114
ptg002982l_1_region	446679	3342182	7.48	0	114
ptg002983l_1	315274	1520750	4.82	0	15
ptg002983l_1_region	315274	1520750	4.82	0	15
ptg002989l_1	116318	289884	2.49	0	18
ptg002989l_1_region	116318	289884	2.49	0	18
ptg002993l_1	185993	887966	4.77	0	12
ptg002993l_1_region	185993	887966	4.77	0	12
ptg002994l_1	143800	466396	3.24	0	28
ptg002994l_1_region	143800	466396	3.24	0	28
ptg002995l_1	35230	113011	3.21	0	11
ptg002995l_1_region	35230	113011	3.21	0	11
ptg002996l_1	609053	6437094	10.57	0	85
ptg002996l_1_region	609053	6437094	10.57	0	85
ptg002997l_1	505506	2844190	5.63	0	23
ptg002997l_1_region	505506	2844190	5.63	0	23
ptg002998l_1	584280	2531249	4.33	0	17
ptg002998l_1_region	584280	2531249	4.33	0	17
ptg002999c_1	285719	1390105	4.87	0	37
ptg002999c_1_region	285719	1390105	4.87	0	37
ptg003003l_1	310333	1543625	4.97	0	24
ptg003003l_1_region	310333	1543625	4.97	0	24
ptg003004l_1	314117	3381177	10.76	0	62
ptg003004l_1_region	314117	3381177	10.76	0	62
ptg003005l_1	338958	1607999	4.74	0	14
ptg003005l_1_region	338958	1607999	4.74	0	14
ptg003007l_1	285767	1508748	5.28	0	20
ptg003007l_1_region	285767	1508748	5.28	0	20
ptg003009l_1	42910	148148	3.45	0	7
ptg003009l_1_region	42910	148148	3.45	0	7
ptg003010l_1	1115447	5845726	5.24	0	24
ptg003010l_1_region	1115447	5845726	5.24	0	24
ptg003014l_1	249036	738886	2.97	0	19
ptg003014l_1_region	249036	738886	2.97	0	19
ptg003016l_1	186637	679478	3.64	0	11
ptg003016l_1_region	186637	679478	3.64	0	11
ptg003017l_1	242706	1184365	4.88	0	17
ptg003017l_1_region	242706	1184365	4.88	0	17
ptg003019l_1	215615	409344	1.90	0	13
ptg003019l_1_region	215615	409344	1.90	0	13
ptg003020l_1	33832	110650	3.27	0	8
ptg003020l_1_region	33832	110650	3.27	0	8
ptg003021l_1	360108	1044892	2.90	0	22
ptg003021l_1_region	360108	1044892	2.90	0	22
ptg003022l_1	103883	358664	3.45	0	10
ptg003022l_1_region	103883	358664	3.45	0	10
ptg003024l_1	560223	2693927	4.81	0	17
ptg003024l_1_region	560223	2693927	4.81	0	17
ptg003025l_1	26115	180671	6.92	0	19
ptg003025l_1_region	26115	180671	6.92	0	19
ptg003026l_1	38190	242333	6.35	0	289
ptg003026l_1_region	38190	242333	6.35	0	289
ptg003027l_1	520752	2625506	5.04	0	39
ptg003027l_1_region	520752	2625506	5.04	0	39
ptg003028l_1	231187	1361602	5.89	0	23
ptg003028l_1_region	231187	1361602	5.89	0	23
ptg003030l_1	34063	4521	0.13	0	3
ptg003030l_1_region	34063	4521	0.13	0	3
ptg003031l_1	1025870	5317821	5.18	0	32
ptg003031l_1_region	1025870	5317821	5.18	0	32
ptg003032l_1	33190	111577	3.36	0	13
ptg003032l_1_region	33190	111577	3.36	0	13
ptg003033l_1	799672	4875530	6.10	0	23
ptg003033l_1_region	799672	4875530	6.10	0	23
ptg003035l_1	309484	1971006	6.37	0	27
ptg003035l_1_region	309484	1971006	6.37	0	27
ptg003037l_1	211738	912661	4.31	0	23
ptg003037l_1_region	211738	912661	4.31	0	23
ptg003038l_1	27739	84008	3.03	0	11
ptg003038l_1_region	27739	84008	3.03	0	11
ptg003043l_1	185254	601819	3.25	0	13
ptg003043l_1_region	185254	601819	3.25	0	13
ptg003044l_1	334047	1233506	3.69	0	41
ptg003044l_1_region	334047	1233506	3.69	0	41
ptg003045l_1	782773	4539747	5.80	0	50
ptg003045l_1_region	782773	4539747	5.80	0	50
ptg003047l_1	726436	4473852	6.16	0	15
ptg003047l_1_region	726436	4473852	6.16	0	15
ptg003048l_1	899858	4509669	5.01	0	21
ptg003048l_1_region	899858	4509669	5.01	0	21
ptg003049l_1	358160	1526449	4.26	0	16
ptg003049l_1_region	358160	1526449	4.26	0	16
ptg003051l_1	755685	4553809	6.03	0	23
ptg003051l_1_region	755685	4553809	6.03	0	23
ptg003052l_1	1182521	6143185	5.19	0	16
ptg003052l_1_region	1182521	6143185	5.19	0	16
ptg003057l_1	245379	67834	0.28	0	4
ptg003057l_1_region	245379	67834	0.28	0	4
ptg003059l_1	496576	212058	0.43	0	7
ptg003059l_1_region	496576	212058	0.43	0	7
ptg003060l_1	47868	187196	3.91	0	10
ptg003060l_1_region	47868	187196	3.91	0	10
ptg003061l_1	752451	4557901	6.06	0	23
ptg003061l_1_region	752451	4557901	6.06	0	23
ptg003069l_1	430609	9926956	23.05	0	294
ptg003069l_1_region	430609	9926956	23.05	0	294
ptg003071l_1	77146	534110	6.92	0	22
ptg003071l_1_region	77146	534110	6.92	0	22
ptg003072l_1	51748	187040	3.61	0	22
ptg003072l_1_region	51748	187040	3.61	0	22
ptg003074l_1	858855	3982362	4.64	0	18
ptg003074l_1_region	858855	3982362	4.64	0	18
ptg003075l_1	963175	4181971	4.34	0	22
ptg003075l_1_region	963175	4181971	4.34	0	22
ptg003076l_1	927052	7635958	8.24	0	52
ptg003076l_1_region	927052	7635958	8.24	0	52
ptg003078l_1	973592	5988631	6.15	0	19
ptg003078l_1_region	973592	5988631	6.15	0	19
ptg003079l_1	354868	1716146	4.84	0	25
ptg003079l_1_region	354868	1716146	4.84	0	25
ptg003080l_1	607880	3062649	5.04	0	15
ptg003080l_1_region	607880	3062649	5.04	0	15
ptg003081l_1	91702	634205	6.92	0	39
ptg003081l_1_region	91702	634205	6.92	0	39
ptg003083l_1	319577	2233832	6.99	0	48
ptg003083l_1_region	319577	2233832	6.99	0	48
ptg003084l_1	376868	2232016	5.92	0	31
ptg003084l_1_region	376868	2232016	5.92	0	31
ptg003087l_1	159347	181591	1.14	0	5
ptg003087l_1_region	159347	181591	1.14	0	5
ptg003088l_1	789330	10376234	13.15	0	83
ptg003088l_1_region	789330	10376234	13.15	0	83
ptg003089l_1	1421182	8711491	6.13	0	25
ptg003089l_1_region	1421182	8711491	6.13	0	25
ptg003092l_1	73110	292885	4.01	0	14
ptg003092l_1_region	73110	292885	4.01	0	14
ptg003093l_1	183649	1257293	6.85	0	16
ptg003093l_1_region	183649	1257293	6.85	0	16
ptg003094l_1	204606	684366	3.34	0	23
ptg003094l_1_region	204606	684366	3.34	0	23
ptg003095l_1	408611	1282493	3.14	0	17
ptg003095l_1_region	408611	1282493	3.14	0	17
ptg003096l_1	656651	3657054	5.57	0	22
ptg003096l_1_region	656651	3657054	5.57	0	22
ptg003097l_1	363386	683982	1.88	0	10
ptg003097l_1_region	363386	683982	1.88	0	10
ptg003100l_1	427725	1875141	4.38	0	24
ptg003100l_1_region	427725	1875141	4.38	0	24
ptg003101l_1	101510	543679	5.36	0	18
ptg003101l_1_region	101510	543679	5.36	0	18
ptg003102l_1	46327	44377	0.96	0	4
ptg003102l_1_region	46327	44377	0.96	0	4
ptg003103l_1	135602	1011770	7.46	0	32
ptg003103l_1_region	135602	1011770	7.46	0	32
ptg003104l_1	116657	531892	4.56	0	13
ptg003104l_1_region	116657	531892	4.56	0	13
ptg003106l_1	39237	135399	3.45	0	9
ptg003106l_1_region	39237	135399	3.45	0	9
ptg003109l_1	501278	5452866	10.88	0	100
ptg003109l_1_region	501278	5452866	10.88	0	100
ptg003110l_1	204307	343269	1.68	0	11
ptg003110l_1_region	204307	343269	1.68	0	11
ptg003112l_1	143324	293948	2.05	0	11
ptg003112l_1_region	143324	293948	2.05	0	11
ptg003113l_1	143027	1197931	8.38	0	22
ptg003113l_1_region	143027	1197931	8.38	0	22
ptg003114l_1	219481	1546440	7.05	0	33
ptg003114l_1_region	219481	1546440	7.05	0	33
ptg003115l_1	274719	1270938	4.63	0	17
ptg003115l_1_region	274719	1270938	4.63	0	17
ptg003116l_1	27154	18060	0.67	0	2
ptg003116l_1_region	27154	18060	0.67	0	2
ptg003119l_1	140068	672531	4.80	0	79
ptg003119l_1_region	140068	672531	4.80	0	79
ptg003120l_1	182809	839210	4.59	0	44
ptg003120l_1_region	182809	839210	4.59	0	44
ptg003121l_1	570860	275725	0.48	0	6
ptg003121l_1_region	570860	275725	0.48	0	6
ptg003127l_1	164001	913369	5.57	0	50
ptg003127l_1_region	164001	913369	5.57	0	50
ptg003128l_1	427642	14832	0.03	0	4
ptg003128l_1_region	427642	14832	0.03	0	4
ptg003129l_1	518491	2927139	5.65	0	19
ptg003129l_1_region	518491	2927139	5.65	0	19
ptg003130l_1	667217	176124	0.26	0	6
ptg003130l_1_region	667217	176124	0.26	0	6
ptg003131l_1	54888	85616	1.56	0	19
ptg003131l_1_region	54888	85616	1.56	0	19
ptg003132l_1	403713	1689209	4.18	0	18
ptg003132l_1_region	403713	1689209	4.18	0	18
ptg003133l_1	182592	1040583	5.70	0	49
ptg003133l_1_region	182592	1040583	5.70	0	49
ptg003135l_1	372733	2237094	6.00	0	29
ptg003135l_1_region	372733	2237094	6.00	0	29
ptg003139l_1	1917777	879065	0.46	0	12
ptg003139l_1_region	1917777	879065	0.46	0	12
ptg003142l_1	78916	139593	1.77	0	11
ptg003142l_1_region	78916	139593	1.77	0	11
ptg003143l_1	919097	930063	1.01	0	29
ptg003143l_1_region	919097	930063	1.01	0	29
ptg003144l_1	291229	14428	0.05	0	2
ptg003144l_1_region	291229	14428	0.05	0	2
ptg003145l_1	227186	995774	4.38	0	22
ptg003145l_1_region	227186	995774	4.38	0	22
ptg003146l_1	229129	1263888	5.52	0	18
ptg003146l_1_region	229129	1263888	5.52	0	18
ptg003148l_1	365410	2094808	5.73	0	23
ptg003148l_1_region	365410	2094808	5.73	0	23
ptg003149l_1	180791	1151710	6.37	0	19
ptg003149l_1_region	180791	1151710	6.37	0	19
ptg003152l_1	71693	278200	3.88	0	12
ptg003152l_1_region	71693	278200	3.88	0	12
ptg003154l_1	175074	651770	3.72	0	11
ptg003154l_1_region	175074	651770	3.72	0	11
ptg003155l_1	107626	647045	6.01	0	14
ptg003155l_1_region	107626	647045	6.01	0	14
ptg003157l_1	165473	616113	3.72	0	17
ptg003157l_1_region	165473	616113	3.72	0	17
ptg003159l_1	145534	1199660	8.24	0	25
ptg003159l_1_region	145534	1199660	8.24	0	25
ptg003160l_1	144161	823656	5.71	0	23
ptg003160l_1_region	144161	823656	5.71	0	23
ptg003161l_1	382465	2201121	5.76	0	22
ptg003161l_1_region	382465	2201121	5.76	0	22
ptg003162l_1	779436	4337237	5.56	0	27
ptg003162l_1_region	779436	4337237	5.56	0	27
ptg003163l_1	634331	3160208	4.98	0	14
ptg003163l_1_region	634331	3160208	4.98	0	14
ptg003164l_1	64175	472526	7.36	0	26
ptg003164l_1_region	64175	472526	7.36	0	26
ptg003166l_1	127542	702485	5.51	0	16
ptg003166l_1_region	127542	702485	5.51	0	16
ptg003167l_1	142175	782437	5.50	0	18
ptg003167l_1_region	142175	782437	5.50	0	18
ptg003168l_1	122535	559639	4.57	0	15
ptg003168l_1_region	122535	559639	4.57	0	15
ptg003169l_1	477901	1956449	4.09	0	23
ptg003169l_1_region	477901	1956449	4.09	0	23
ptg003170l_1	320105	1402142	4.38	0	29
ptg003170l_1_region	320105	1402142	4.38	0	29
ptg003171l_1	301267	986941	3.28	0	43
ptg003171l_1_region	301267	986941	3.28	0	43
ptg003174l_1	502460	3283998	6.54	0	27
ptg003174l_1_region	502460	3283998	6.54	0	27
ptg003175l_1	456742	3007237	6.58	0	31
ptg003175l_1_region	456742	3007237	6.58	0	31
ptg003176l_1	143201	686901	4.80	0	28
ptg003176l_1_region	143201	686901	4.80	0	28
ptg003178l_1	290717	1718996	5.91	0	67
ptg003178l_1_region	290717	1718996	5.91	0	67
ptg003180l_1	38937	119656	3.07	0	10
ptg003180l_1_region	38937	119656	3.07	0	10
ptg003181l_1	589192	3999181	6.79	0	32
ptg003181l_1_region	589192	3999181	6.79	0	32
ptg003182l_1	381453	2008116	5.26	0	22
ptg003182l_1_region	381453	2008116	5.26	0	22
ptg003185l_1	28529	31476	1.10	0	12
ptg003185l_1_region	28529	31476	1.10	0	12
ptg003186l_1	100309	502875	5.01	0	16
ptg003186l_1_region	100309	502875	5.01	0	16
ptg003188l_1	265229	968747	3.65	0	11
ptg003188l_1_region	265229	968747	3.65	0	11
ptg003189l_1	196786	1288291	6.55	0	56
ptg003189l_1_region	196786	1288291	6.55	0	56
ptg003192l_1	83322	239339	2.87	0	15
ptg003192l_1_region	83322	239339	2.87	0	15
ptg003195l_1	117869	327394	2.78	0	16
ptg003195l_1_region	117869	327394	2.78	0	16
ptg003198l_1	292553	1232727	4.21	0	14
ptg003198l_1_region	292553	1232727	4.21	0	14
ptg003200l_1	295279	1456508	4.93	0	13
ptg003200l_1_region	295279	1456508	4.93	0	13
ptg003201l_1	957726	5560180	5.81	0	32
ptg003201l_1_region	957726	5560180	5.81	0	32
ptg003202l_1	87598	755601	8.63	0	18
ptg003202l_1_region	87598	755601	8.63	0	18
ptg003205l_1	79168	276125	3.49	0	8
ptg003205l_1_region	79168	276125	3.49	0	8
ptg003206l_1	51074	240310	4.71	0	12
ptg003206l_1_region	51074	240310	4.71	0	12
ptg003208l_1	168885	803033	4.75	0	13
ptg003208l_1_region	168885	803033	4.75	0	13
ptg003209l_1	728388	4584254	6.29	0	55
ptg003209l_1_region	728388	4584254	6.29	0	55
ptg003210l_1	88006	322958	3.67	0	13
ptg003210l_1_region	88006	322958	3.67	0	13
ptg003211l_1	217733	1056516	4.85	0	16
ptg003211l_1_region	217733	1056516	4.85	0	16
ptg003214l_1	543457	2903732	5.34	0	15
ptg003214l_1_region	543457	2903732	5.34	0	15
ptg003220l_1	93112	3849190	41.34	0	143
ptg003220l_1_region	93112	3849190	41.34	0	143
ptg003227l_1	483199	1751384	3.62	0	26
ptg003227l_1_region	483199	1751384	3.62	0	26
ptg003228l_1	253917	1743925	6.87	0	22
ptg003228l_1_region	253917	1743925	6.87	0	22
ptg003229l_1	178583	823150	4.61	0	18
ptg003229l_1_region	178583	823150	4.61	0	18
ptg003230l_1	520906	4311017	8.28	0	29
ptg003230l_1_region	520906	4311017	8.28	0	29
ptg003232l_1	57206	232152	4.06	0	64
ptg003232l_1_region	57206	232152	4.06	0	64
ptg003233l_1	1402125	7290357	5.20	0	20
ptg003233l_1_region	1402125	7290357	5.20	0	20
ptg003234l_1	334124	2275880	6.81	0	48
ptg003234l_1_region	334124	2275880	6.81	0	48
ptg003235l_1	425117	2134409	5.02	0	16
ptg003235l_1_region	425117	2134409	5.02	0	16
ptg003240l_1	443576	19439623	43.82	0	239
ptg003240l_1_region	443576	19439623	43.82	0	239
ptg003277l_1	222650	531821	2.39	0	7
ptg003277l_1_region	222650	531821	2.39	0	7
ptg003279l_1	283864	1759195	6.20	0	46
ptg003279l_1_region	283864	1759195	6.20	0	46
ptg003280l_1	76702	428056	5.58	0	36
ptg003280l_1_region	76702	428056	5.58	0	36
ptg003281l_1	181331	1017019	5.61	0	30
ptg003281l_1_region	181331	1017019	5.61	0	30
ptg003283l_1	264075	1926280	7.29	0	22
ptg003283l_1_region	264075	1926280	7.29	0	22
ptg003286l_1	479344	3594851	7.50	0	24
ptg003286l_1_region	479344	3594851	7.50	0	24
ptg003287l_1	258107	1023567	3.97	0	22
ptg003287l_1_region	258107	1023567	3.97	0	22
ptg003288l_1	140763	786079	5.58	0	15
ptg003288l_1_region	140763	786079	5.58	0	15
ptg003289l_1	431209	2176729	5.05	0	16
ptg003289l_1_region	431209	2176729	5.05	0	16
ptg003296l_1	296349	1552321	5.24	0	20
ptg003296l_1_region	296349	1552321	5.24	0	20
ptg003299l_1	209172	1531514	7.32	0	22
ptg003299l_1_region	209172	1531514	7.32	0	22
ptg003300l_1	683395	3928003	5.75	0	26
ptg003300l_1_region	683395	3928003	5.75	0	26
ptg003302l_1	318793	1485170	4.66	0	20
ptg003302l_1_region	318793	1485170	4.66	0	20
ptg003303l_1	646508	3356075	5.19	0	20
ptg003303l_1_region	646508	3356075	5.19	0	20
ptg003304l_1	178619	1302322	7.29	0	17
ptg003304l_1_region	178619	1302322	7.29	0	17
ptg003305l_1	87960	427433	4.86	0	15
ptg003305l_1_region	87960	427433	4.86	0	15
ptg003307l_1	337454	1583727	4.69	0	17
ptg003307l_1_region	337454	1583727	4.69	0	17
ptg003308l_1	446154	2238048	5.02	0	16
ptg003308l_1_region	446154	2238048	5.02	0	16
ptg003309l_1	153723	851555	5.54	0	19
ptg003309l_1_region	153723	851555	5.54	0	19
ptg003311l_1	191046	552951	2.89	0	29
ptg003311l_1_region	191046	552951	2.89	0	29
ptg003313l_1	85554	402996	4.71	0	9
ptg003313l_1_region	85554	402996	4.71	0	9
ptg003314l_1	215171	1146997	5.33	0	16
ptg003314l_1_region	215171	1146997	5.33	0	16
ptg003315l_1	190901	679802	3.56	0	12
ptg003315l_1_region	190901	679802	3.56	0	12
ptg003316l_1	317782	1350023	4.25	0	12
ptg003316l_1_region	317782	1350023	4.25	0	12
ptg003317l_1	101179	473184	4.68	0	13
ptg003317l_1_region	101179	473184	4.68	0	13
ptg003318l_1	27518	72953	2.65	0	9
ptg003318l_1_region	27518	72953	2.65	0	9
ptg003319l_1	164680	841794	5.11	0	18
ptg003319l_1_region	164680	841794	5.11	0	18
ptg003320l_1	374287	1458645	3.90	0	13
ptg003320l_1_region	374287	1458645	3.90	0	13
ptg003321l_1	256985	543918	2.12	0	19
ptg003321l_1_region	256985	543918	2.12	0	19
ptg003323l_1	688756	3969105	5.76	0	21
ptg003323l_1_region	688756	3969105	5.76	0	21
ptg003326l_1	100865	355182	3.52	0	13
ptg003326l_1_region	100865	355182	3.52	0	13
ptg003327l_1	178622	915032	5.12	0	14
ptg003327l_1_region	178622	915032	5.12	0	14
ptg003329l_1	306374	1910174	6.23	0	15
ptg003329l_1_region	306374	1910174	6.23	0	15
ptg003330l_1	239301	1032443	4.31	0	16
ptg003330l_1_region	239301	1032443	4.31	0	16
ptg003331l_1	326325	1591064	4.88	0	23
ptg003331l_1_region	326325	1591064	4.88	0	23
ptg003332l_1	333126	1677875	5.04	0	16
ptg003332l_1_region	333126	1677875	5.04	0	16
ptg003333l_1	97230	496574	5.11	0	30
ptg003333l_1_region	97230	496574	5.11	0	30
ptg003334l_1	1211916	6782142	5.60	0	26
ptg003334l_1_region	1211916	6782142	5.60	0	26
ptg003335l_1	341228	1654567	4.85	0	28
ptg003335l_1_region	341228	1654567	4.85	0	28
ptg003336l_1	517323	3997459	7.73	0	49
ptg003336l_1_region	517323	3997459	7.73	0	49
ptg003337l_1	166569	2010195	12.07	0	47
ptg003337l_1_region	166569	2010195	12.07	0	47
ptg003338l_1	382868	2008435	5.25	0	19
ptg003338l_1_region	382868	2008435	5.25	0	19
ptg003339l_1	294837	1118157	3.79	0	22
ptg003339l_1_region	294837	1118157	3.79	0	22
ptg003340l_1	483017	443675	0.92	0	15
ptg003340l_1_region	483017	443675	0.92	0	15
ptg003343l_1	183778	1027396	5.59	0	16
ptg003343l_1_region	183778	1027396	5.59	0	16
ptg003347l_1	216621	1168683	5.40	0	16
ptg003347l_1_region	216621	1168683	5.40	0	16
ptg003348l_1	426533	1176342	2.76	0	12
ptg003348l_1_region	426533	1176342	2.76	0	12
ptg003349l_1	192299	921153	4.79	0	13
ptg003349l_1_region	192299	921153	4.79	0	13
ptg003350l_1	140073	642219	4.58	0	11
ptg003350l_1_region	140073	642219	4.58	0	11
ptg003351l_1	177269	945602	5.33	0	18
ptg003351l_1_region	177269	945602	5.33	0	18
ptg003352l_1	10830	40702	3.76	0	40
ptg003352l_1_region	10830	40702	3.76	0	40
ptg003353l_1	196225	1272667	6.49	0	14
ptg003353l_1_region	196225	1272667	6.49	0	14
ptg003355l_1	427050	2693693	6.31	0	24
ptg003355l_1_region	427050	2693693	6.31	0	24
ptg003356l_1	184250	1157048	6.28	0	20
ptg003356l_1_region	184250	1157048	6.28	0	20
ptg003357l_1	751894	3870343	5.15	0	24
ptg003357l_1_region	751894	3870343	5.15	0	24
ptg003358l_1	534479	3012167	5.64	0	29
ptg003358l_1_region	534479	3012167	5.64	0	29
ptg003359l_1	679871	3274810	4.82	0	54
ptg003359l_1_region	679871	3274810	4.82	0	54
ptg003360l_1	573316	2716617	4.74	0	22
ptg003360l_1_region	573316	2716617	4.74	0	22
ptg003361l_1	384486	1882456	4.90	0	13
ptg003361l_1_region	384486	1882456	4.90	0	13
ptg003362l_1	317171	1139278	3.59	0	15
ptg003362l_1_region	317171	1139278	3.59	0	15
ptg003364l_1	151294	613463	4.05	0	11
ptg003364l_1_region	151294	613463	4.05	0	11
ptg003365l_1	1466879	9705073	6.62	0	19
ptg003365l_1_region	1466879	9705073	6.62	0	19
ptg003367l_1	303636	1704642	5.61	0	22
ptg003367l_1_region	303636	1704642	5.61	0	22
ptg003368l_1	230483	1143965	4.96	0	12
ptg003368l_1_region	230483	1143965	4.96	0	12
ptg003370l_1	208479	594989	2.85	0	15
ptg003370l_1_region	208479	594989	2.85	0	15
ptg003371l_1	422606	2594868	6.14	0	33
ptg003371l_1_region	422606	2594868	6.14	0	33
ptg003372l_1	263233	1314403	4.99	0	18
ptg003372l_1_region	263233	1314403	4.99	0	18
ptg003373l_1	625323	4019044	6.43	0	30
ptg003373l_1_region	625323	4019044	6.43	0	30
ptg003374l_1	134991	726013	5.38	0	11
ptg003374l_1_region	134991	726013	5.38	0	11
ptg003375l_1	308375	1648610	5.35	0	12
ptg003375l_1_region	308375	1648610	5.35	0	12
ptg003376l_1	665168	3907610	5.87	0	43
ptg003376l_1_region	665168	3907610	5.87	0	43
ptg003377l_1	1051646	5509331	5.24	0	19
ptg003377l_1_region	1051646	5509331	5.24	0	19
ptg003378l_1	42474	226637	5.34	0	12
ptg003378l_1_region	42474	226637	5.34	0	12
ptg003379l_1	62597	135246	2.16	0	5
ptg003379l_1_region	62597	135246	2.16	0	5
ptg003383l_1	914470	5009285	5.48	0	18
ptg003383l_1_region	914470	5009285	5.48	0	18
ptg003384l_1	182081	892685	4.90	0	15
ptg003384l_1_region	182081	892685	4.90	0	15
ptg003387l_1	38993	257607	6.61	0	20
ptg003387l_1_region	38993	257607	6.61	0	20
ptg003389l_1	602368	3517686	5.84	0	28
ptg003389l_1_region	602368	3517686	5.84	0	28
ptg003390l_1	586620	2766231	4.72	0	18
ptg003390l_1_region	586620	2766231	4.72	0	18
ptg003392l_1	378700	2185027	5.77	0	25
ptg003392l_1_region	378700	2185027	5.77	0	25
ptg003395l_1	524872	4533832	8.64	0	83
ptg003395l_1_region	524872	4533832	8.64	0	83
ptg003397l_1	194199	963714	4.96	0	15
ptg003397l_1_region	194199	963714	4.96	0	15
ptg003400l_1	443215	1698295	3.83	0	11
ptg003400l_1_region	443215	1698295	3.83	0	11
ptg003401l_1	378457	1767143	4.67	0	14
ptg003401l_1_region	378457	1767143	4.67	0	14
ptg003402l_1	149906	972638	6.49	0	32
ptg003402l_1_region	149906	972638	6.49	0	32
ptg003403l_1	85075	376315	4.42	0	11
ptg003403l_1_region	85075	376315	4.42	0	11
ptg003404l_1	89933	623037	6.93	0	14
ptg003404l_1_region	89933	623037	6.93	0	14
ptg003407l_1	251328	2062935	8.21	0	24
ptg003407l_1_region	251328	2062935	8.21	0	24
ptg003410l_1	48150	192901	4.01	0	10
ptg003410l_1_region	48150	192901	4.01	0	10
ptg003411l_1	59318	222819	3.76	0	11
ptg003411l_1_region	59318	222819	3.76	0	11
ptg003412l_1	38411	199439	5.19	0	115
ptg003412l_1_region	38411	199439	5.19	0	115
ptg003413l_1	437813	2253078	5.15	0	15
ptg003413l_1_region	437813	2253078	5.15	0	15
ptg003414l_1	257238	1381185	5.37	0	22
ptg003414l_1_region	257238	1381185	5.37	0	22
ptg003415l_1	97984	341585	3.49	0	9
ptg003415l_1_region	97984	341585	3.49	0	9
ptg003416l_1	222146	1294297	5.83	0	20
ptg003416l_1_region	222146	1294297	5.83	0	20
ptg003418l_1	426727	2507393	5.88	0	24
ptg003418l_1_region	426727	2507393	5.88	0	24
ptg003419l_1	1542353	9574587	6.21	0	21
ptg003419l_1_region	1542353	9574587	6.21	0	21
ptg003420l_1	266059	1356589	5.10	0	20
ptg003420l_1_region	266059	1356589	5.10	0	20
ptg003421l_1	614232	4117003	6.70	0	41
ptg003421l_1_region	614232	4117003	6.70	0	41
ptg003422l_1	245342	1300463	5.30	0	13
ptg003422l_1_region	245342	1300463	5.30	0	13
ptg003423l_1	263534	1668528	6.33	0	18
ptg003423l_1_region	263534	1668528	6.33	0	18
ptg003424l_1	313800	2197135	7.00	0	39
ptg003424l_1_region	313800	2197135	7.00	0	39
ptg003425l_1	68884	140762	2.04	0	22
ptg003425l_1_region	68884	140762	2.04	0	22
ptg003426l_1	497464	2904965	5.84	0	20
ptg003426l_1_region	497464	2904965	5.84	0	20
ptg003428l_1	431726	1000552	2.32	0	22
ptg003428l_1_region	431726	1000552	2.32	0	22
ptg003429l_1	735829	6784023	9.22	0	198
ptg003429l_1_region	735829	6784023	9.22	0	198
ptg003430l_1	190956	968491	5.07	0	16
ptg003430l_1_region	190956	968491	5.07	0	16
ptg003433l_1	882613	5216111	5.91	0	18
ptg003433l_1_region	882613	5216111	5.91	0	18
ptg003434l_1	1347481	8976265	6.66	0	47
ptg003434l_1_region	1347481	8976265	6.66	0	47
ptg003436l_1	296953	1040779	3.50	0	11
ptg003436l_1_region	296953	1040779	3.50	0	11
ptg003437l_1	331143	2260400	6.83	0	32
ptg003437l_1_region	331143	2260400	6.83	0	32
ptg003438l_1	221751	945298	4.26	0	15
ptg003438l_1_region	221751	945298	4.26	0	15
ptg003439l_1	628691	4347826	6.92	0	58
ptg003439l_1_region	628691	4347826	6.92	0	58
ptg003440l_1	426816	2281982	5.35	0	19
ptg003440l_1_region	426816	2281982	5.35	0	19
ptg003443l_1	55186	1094389	19.83	0	64
ptg003443l_1_region	55186	1094389	19.83	0	64
ptg003446l_1	553326	2122669	3.84	0	24
ptg003446l_1_region	553326	2122669	3.84	0	24
ptg003448l_1	922262	5053936	5.48	0	35
ptg003448l_1_region	922262	5053936	5.48	0	35
ptg003449l_1	139607	913494	6.54	0	25
ptg003449l_1_region	139607	913494	6.54	0	25
ptg003450l_1	279871	1356807	4.85	0	14
ptg003450l_1_region	279871	1356807	4.85	0	14
ptg003452l_1	411511	2495301	6.06	0	16
ptg003452l_1_region	411511	2495301	6.06	0	16
ptg003453l_1	429809	2027602	4.72	0	21
ptg003453l_1_region	429809	2027602	4.72	0	21
ptg003454l_1	347894	2305617	6.63	0	34
ptg003454l_1_region	347894	2305617	6.63	0	34
ptg003455l_1	248277	1187962	4.78	0	14
ptg003455l_1_region	248277	1187962	4.78	0	14
ptg003457l_1	148444	572521	3.86	0	15
ptg003457l_1_region	148444	572521	3.86	0	15
ptg003459l_1	584452	3953404	6.76	0	28
ptg003459l_1_region	584452	3953404	6.76	0	28
ptg003461l_1	341890	1898362	5.55	0	13
ptg003461l_1_region	341890	1898362	5.55	0	13
ptg003463l_1	38072	590	0.02	0	1
ptg003463l_1_region	38072	590	0.02	0	1
ptg003464l_1	309966	928381	3.00	0	12
ptg003464l_1_region	309966	928381	3.00	0	12
ptg003465l_1	813635	7140711	8.78	0	99
ptg003465l_1_region	813635	7140711	8.78	0	99
ptg003466l_1	587453	4945918	8.42	0	189
ptg003466l_1_region	587453	4945918	8.42	0	189
ptg003467l_1	725539	4112285	5.67	0	17
ptg003467l_1_region	725539	4112285	5.67	0	17
ptg003468l_1	198109	855154	4.32	0	23
ptg003468l_1_region	198109	855154	4.32	0	23
ptg003469l_1	35910	254250	7.08	0	15
ptg003469l_1_region	35910	254250	7.08	0	15
ptg003470l_1	205231	1163122	5.67	0	16
ptg003470l_1_region	205231	1163122	5.67	0	16
ptg003471l_1	138163	742987	5.38	0	29
ptg003471l_1_region	138163	742987	5.38	0	29
ptg003472l_1	107033	179132	1.67	0	8
ptg003472l_1_region	107033	179132	1.67	0	8
ptg003473l_1	248540	825413	3.32	0	17
ptg003473l_1_region	248540	825413	3.32	0	17
ptg003474l_1	1030410	5673004	5.51	0	26
ptg003474l_1_region	1030410	5673004	5.51	0	26
ptg003475l_1	116729	523407	4.48	0	16
ptg003475l_1_region	116729	523407	4.48	0	16
ptg003477l_1	137536	592672	4.31	0	15
ptg003477l_1_region	137536	592672	4.31	0	15
ptg003478l_1	362967	2073280	5.71	0	13
ptg003478l_1_region	362967	2073280	5.71	0	13
ptg003479l_1	229373	1375382	6.00	0	14
ptg003479l_1_region	229373	1375382	6.00	0	14
ptg003482l_1	44025	185786	4.22	0	19
ptg003482l_1_region	44025	185786	4.22	0	19
ptg003484l_1	12710	69525	5.47	0	18
ptg003484l_1_region	12710	69525	5.47	0	18
ptg003485l_1	172136	927002	5.39	0	170
ptg003485l_1_region	172136	927002	5.39	0	170
ptg003488l_1	42416	177967	4.20	0	10
ptg003488l_1_region	42416	177967	4.20	0	10
ptg003489l_1	35298	199557	5.65	0	23
ptg003489l_1_region	35298	199557	5.65	0	23
ptg003491l_1	257271	1250788	4.86	0	16
ptg003491l_1_region	257271	1250788	4.86	0	16
ptg003493l_1	241135	1863838	7.73	0	22
ptg003493l_1_region	241135	1863838	7.73	0	22
ptg003495l_1	400441	1965751	4.91	0	48
ptg003495l_1_region	400441	1965751	4.91	0	48
ptg003496l_1	418209	2645923	6.33	0	68
ptg003496l_1_region	418209	2645923	6.33	0	68
ptg003498l_1	187161	1144672	6.12	0	20
ptg003498l_1_region	187161	1144672	6.12	0	20
ptg003499l_1	766636	4608134	6.01	0	21
ptg003499l_1_region	766636	4608134	6.01	0	21
ptg003500l_1	25193	134255	5.33	0	9
ptg003500l_1_region	25193	134255	5.33	0	9
ptg003501l_1	1031472	6057164	5.87	0	18
ptg003501l_1_region	1031472	6057164	5.87	0	18
ptg003509l_1	673932	3658866	5.43	0	16
ptg003509l_1_region	673932	3658866	5.43	0	16
ptg003510l_1	147441	445357	3.02	0	9
ptg003510l_1_region	147441	445357	3.02	0	9
ptg003512l_1	236990	986460	4.16	0	11
ptg003512l_1_region	236990	986460	4.16	0	11
ptg003513l_1	433537	2372231	5.47	0	23
ptg003513l_1_region	433537	2372231	5.47	0	23
ptg003516l_1	410237	1935959	4.72	0	15
ptg003516l_1_region	410237	1935959	4.72	0	15
ptg003517l_1	502089	3068701	6.11	0	26
ptg003517l_1_region	502089	3068701	6.11	0	26
ptg003518l_1	24770	69019	2.79	0	8
ptg003518l_1_region	24770	69019	2.79	0	8
ptg003520l_1	327229	2662774	8.14	0	22
ptg003520l_1_region	327229	2662774	8.14	0	22
ptg003521l_1	141108	835031	5.92	0	27
ptg003521l_1_region	141108	835031	5.92	0	27
ptg003522l_1	523592	1868260	3.57	0	19
ptg003522l_1_region	523592	1868260	3.57	0	19
ptg003524l_1	211880	819259	3.87	0	13
ptg003524l_1_region	211880	819259	3.87	0	13
ptg003525l_1	247614	1017493	4.11	0	11
ptg003525l_1_region	247614	1017493	4.11	0	11
ptg003528l_1	470603	2362515	5.02	0	20
ptg003528l_1_region	470603	2362515	5.02	0	20
ptg003529l_1	715206	4271584	5.97	0	19
ptg003529l_1_region	715206	4271584	5.97	0	19
ptg003530l_1	1465356	9068878	6.19	0	20
ptg003530l_1_region	1465356	9068878	6.19	0	20
ptg003531l_1	247461	1161494	4.69	0	18
ptg003531l_1_region	247461	1161494	4.69	0	18
ptg003532l_1	976101	5769652	5.91	0	23
ptg003532l_1_region	976101	5769652	5.91	0	23
ptg003533l_1	388151	1534970	3.95	0	14
ptg003533l_1_region	388151	1534970	3.95	0	14
ptg003534l_1	308996	2213604	7.16	0	18
ptg003534l_1_region	308996	2213604	7.16	0	18
ptg003535l_1	16427	63479	3.86	0	7
ptg003535l_1_region	16427	63479	3.86	0	7
ptg003536l_1	510102	2843041	5.57	0	14
ptg003536l_1_region	510102	2843041	5.57	0	14
ptg003538l_1	31357	117853	3.76	0	10
ptg003538l_1_region	31357	117853	3.76	0	10
ptg003539l_1	324433	1024972	3.16	0	31
ptg003539l_1_region	324433	1024972	3.16	0	31
ptg003540l_1	336644	4323658	12.84	0	44
ptg003540l_1_region	336644	4323658	12.84	0	44
ptg003542l_1	69409	320766	4.62	0	13
ptg003542l_1_region	69409	320766	4.62	0	13
ptg003544l_1	826066	5058934	6.12	0	17
ptg003544l_1_region	826066	5058934	6.12	0	17
ptg003545l_1	181867	1024382	5.63	0	18
ptg003545l_1_region	181867	1024382	5.63	0	18
ptg003546l_1	271084	805754	2.97	0	13
ptg003546l_1_region	271084	805754	2.97	0	13
ptg003547l_1	122957	1043788	8.49	0	19
ptg003547l_1_region	122957	1043788	8.49	0	19
ptg003548l_1	69741	387806	5.56	0	20
ptg003548l_1_region	69741	387806	5.56	0	20
ptg003549l_1	58653	353622	6.03	0	16
ptg003549l_1_region	58653	353622	6.03	0	16
ptg003550l_1	156951	824026	5.25	0	19
ptg003550l_1_region	156951	824026	5.25	0	19
ptg003551l_1	46284	267687	5.78	0	47
ptg003551l_1_region	46284	267687	5.78	0	47
ptg003553l_1	164731	758688	4.61	0	16
ptg003553l_1_region	164731	758688	4.61	0	16
ptg003556l_1	100296	571818	5.70	0	13
ptg003556l_1_region	100296	571818	5.70	0	13
ptg003557l_1	1144717	5514970	4.82	0	29
ptg003557l_1_region	1144717	5514970	4.82	0	29
ptg003558l_1	213603	1002016	4.69	0	12
ptg003558l_1_region	213603	1002016	4.69	0	12
ptg003559l_1	310480	1584292	5.10	0	18
ptg003559l_1_region	310480	1584292	5.10	0	18
ptg003560l_1	72010	306095	4.25	0	12
ptg003560l_1_region	72010	306095	4.25	0	12
ptg003562l_1	229928	1195721	5.20	0	12
ptg003562l_1_region	229928	1195721	5.20	0	12
ptg003563l_1	93033	359725	3.87	0	10
ptg003563l_1_region	93033	359725	3.87	0	10
ptg003564l_1	152679	711998	4.66	0	13
ptg003564l_1_region	152679	711998	4.66	0	13
ptg003565l_1	1452379	708186	0.49	0	18
ptg003565l_1_region	1452379	708186	0.49	0	18
ptg003566l_1	112769	304348	2.70	0	30
ptg003566l_1_region	112769	304348	2.70	0	30
ptg003567l_1	900362	1982225	2.20	0	36
ptg003567l_1_region	900362	1982225	2.20	0	36
ptg003572l_1	612414	36845	0.06	0	7
ptg003572l_1_region	612414	36845	0.06	0	7
ptg003574l_1	1162484	3718561	3.20	0	89
ptg003574l_1_region	1162484	3718561	3.20	0	89
ptg003575l_1	370529	132832	0.36	0	7
ptg003575l_1_region	370529	132832	0.36	0	7
ptg003579l_1	171152	1057195	6.18	0	32
ptg003579l_1_region	171152	1057195	6.18	0	32
ptg003580l_1	147316	583828	3.96	0	11
ptg003580l_1_region	147316	583828	3.96	0	11
ptg003582l_1	651368	3821815	5.87	0	32
ptg003582l_1_region	651368	3821815	5.87	0	32
ptg003584l_1	495610	2296743	4.63	0	16
ptg003584l_1_region	495610	2296743	4.63	0	16
ptg003585l_1	24047	62653	2.61	0	6
ptg003585l_1_region	24047	62653	2.61	0	6
ptg003586l_1	197358	576903	2.92	0	14
ptg003586l_1_region	197358	576903	2.92	0	14
ptg003588l_1	123657	737879	5.97	0	14
ptg003588l_1_region	123657	737879	5.97	0	14
ptg003589l_1	245760	1312800	5.34	0	14
ptg003589l_1_region	245760	1312800	5.34	0	14
ptg003591l_1	420381	2118096	5.04	0	23
ptg003591l_1_region	420381	2118096	5.04	0	23
ptg003595l_1	48022	315785	6.58	0	22
ptg003595l_1_region	48022	315785	6.58	0	22
ptg003596l_1	118240	439121	3.71	0	11
ptg003596l_1_region	118240	439121	3.71	0	11
ptg003597l_1	105959	441949	4.17	0	11
ptg003597l_1_region	105959	441949	4.17	0	11
ptg003598l_1	52925	894864	16.91	0	71
ptg003598l_1_region	52925	894864	16.91	0	71
ptg003601l_1	316998	1463728	4.62	0	15
ptg003601l_1_region	316998	1463728	4.62	0	15
ptg003602l_1	169120	753661	4.46	0	16
ptg003602l_1_region	169120	753661	4.46	0	16
ptg003603l_1	249946	1611069	6.45	0	15
ptg003603l_1_region	249946	1611069	6.45	0	15
ptg003604l_1	429287	1671715	3.89	0	15
ptg003604l_1_region	429287	1671715	3.89	0	15
ptg003605l_1	369325	1795350	4.86	0	14
ptg003605l_1_region	369325	1795350	4.86	0	14
ptg003606l_1	309223	1073826	3.47	0	15
ptg003606l_1_region	309223	1073826	3.47	0	15
ptg003607l_1	93306	378824	4.06	0	11
ptg003607l_1_region	93306	378824	4.06	0	11
ptg003608l_1	537856	2533691	4.71	0	34
ptg003608l_1_region	537856	2533691	4.71	0	34
ptg003609l_1	351875	1910683	5.43	0	16
ptg003609l_1_region	351875	1910683	5.43	0	16
ptg003611l_1	297661	1680435	5.65	0	15
ptg003611l_1_region	297661	1680435	5.65	0	15
ptg003612l_1	83139	333224	4.01	0	14
ptg003612l_1_region	83139	333224	4.01	0	14
ptg003614l_1	482127	1420530	2.95	0	17
ptg003614l_1_region	482127	1420530	2.95	0	17
ptg003616l_1	25596	54702	2.14	0	6
ptg003616l_1_region	25596	54702	2.14	0	6
ptg003617l_1	1185311	6805433	5.74	0	19
ptg003617l_1_region	1185311	6805433	5.74	0	19
ptg003618l_1	111334	482256	4.33	0	14
ptg003618l_1_region	111334	482256	4.33	0	14
ptg003619l_1	128563	846625	6.59	0	24
ptg003619l_1_region	128563	846625	6.59	0	24
ptg003620l_1	199912	1170215	5.85	0	30
ptg003620l_1_region	199912	1170215	5.85	0	30
ptg003623l_1	1764693	8461429	4.79	0	25
ptg003623l_1_region	1764693	8461429	4.79	0	25
ptg003625l_1	125847	531242	4.22	0	12
ptg003625l_1_region	125847	531242	4.22	0	12
ptg003626l_1	479571	2779107	5.79	0	25
ptg003626l_1_region	479571	2779107	5.79	0	25
ptg003628l_1	178397	899906	5.04	0	20
ptg003628l_1_region	178397	899906	5.04	0	20
ptg003629l_1	566803	3117600	5.50	0	19
ptg003629l_1_region	566803	3117600	5.50	0	19
ptg003630l_1	535337	2775628	5.18	0	15
ptg003630l_1_region	535337	2775628	5.18	0	15
ptg003632l_1	517510	4341587	8.39	0	22
ptg003632l_1_region	517510	4341587	8.39	0	22
ptg003635l_1	510479	3053305	5.98	0	16
ptg003635l_1_region	510479	3053305	5.98	0	16
ptg003636l_1	170201	855259	5.02	0	16
ptg003636l_1_region	170201	855259	5.02	0	16
ptg003637l_1	301592	1645311	5.46	0	19
ptg003637l_1_region	301592	1645311	5.46	0	19
ptg003638l_1	635831	3949204	6.21	0	17
ptg003638l_1_region	635831	3949204	6.21	0	17
ptg003639l_1	102056	464794	4.55	0	17
ptg003639l_1_region	102056	464794	4.55	0	17
ptg003642l_1	113419	349872	3.08	0	17
ptg003642l_1_region	113419	349872	3.08	0	17
ptg003643l_1	345245	1521359	4.41	0	13
ptg003643l_1_region	345245	1521359	4.41	0	13
ptg003644l_1	126132	534525	4.24	0	11
ptg003644l_1_region	126132	534525	4.24	0	11
ptg003645l_1	407042	2060846	5.06	0	13
ptg003645l_1_region	407042	2060846	5.06	0	13
ptg003649l_1	808175	4931274	6.10	0	17
ptg003649l_1_region	808175	4931274	6.10	0	17
ptg003650l_1	464275	2217178	4.78	0	13
ptg003650l_1_region	464275	2217178	4.78	0	13
ptg003651l_1	136850	709818	5.19	0	14
ptg003651l_1_region	136850	709818	5.19	0	14
ptg003652l_1	219262	1196582	5.46	0	16
ptg003652l_1_region	219262	1196582	5.46	0	16
ptg003653l_1	211801	4269743	20.16	0	171
ptg003653l_1_region	211801	4269743	20.16	0	171
ptg003654l_1	1051939	6275637	5.97	0	25
ptg003654l_1_region	1051939	6275637	5.97	0	25
ptg003655l_1	332681	1718238	5.16	0	22
ptg003655l_1_region	332681	1718238	5.16	0	22
ptg003656l_1	956197	4785897	5.01	0	45
ptg003656l_1_region	956197	4785897	5.01	0	45
ptg003657l_1	504449	6060733	12.01	0	60
ptg003657l_1_region	504449	6060733	12.01	0	60
ptg003659l_1	299509	6150201	20.53	0	80
ptg003659l_1_region	299509	6150201	20.53	0	80
ptg003661l_1	716358	4102589	5.73	0	20
ptg003661l_1_region	716358	4102589	5.73	0	20
ptg003663l_1	164045	762900	4.65	0	60
ptg003663l_1_region	164045	762900	4.65	0	60
ptg003664l_1	339368	1532814	4.52	0	22
ptg003664l_1_region	339368	1532814	4.52	0	22
ptg003665l_1	333130	2265625	6.80	0	22
ptg003665l_1_region	333130	2265625	6.80	0	22
ptg003666l_1	209650	1013589	4.83	0	18
ptg003666l_1_region	209650	1013589	4.83	0	18
ptg003667l_1	121448	808869	6.66	0	16
ptg003667l_1_region	121448	808869	6.66	0	16
ptg003668l_1	330133	1844319	5.59	0	18
ptg003668l_1_region	330133	1844319	5.59	0	18
ptg003669l_1	65874	264763	4.02	0	16
ptg003669l_1_region	65874	264763	4.02	0	16
ptg003672l_1	880043	4921641	5.59	0	23
ptg003672l_1_region	880043	4921641	5.59	0	23
ptg003673l_1	76989	375520	4.88	0	14
ptg003673l_1_region	76989	375520	4.88	0	14
ptg003675l_1	191537	686208	3.58	0	22
ptg003675l_1_region	191537	686208	3.58	0	22
ptg003676l_1	49772	132231	2.66	0	8
ptg003676l_1_region	49772	132231	2.66	0	8
ptg003677l_1	44897	212465	4.73	0	11
ptg003677l_1_region	44897	212465	4.73	0	11
ptg003678l_1	198075	1392045	7.03	0	30
ptg003678l_1_region	198075	1392045	7.03	0	30
ptg003679l_1	90557	651832	7.20	0	52
ptg003679l_1_region	90557	651832	7.20	0	52
ptg003680l_1	387323	1791109	4.62	0	13
ptg003680l_1_region	387323	1791109	4.62	0	13
ptg003681l_1	150938	642445	4.26	0	11
ptg003681l_1_region	150938	642445	4.26	0	11
ptg003683l_1	457844	2465600	5.39	0	28
ptg003683l_1_region	457844	2465600	5.39	0	28
ptg003684l_1	530944	2928018	5.51	0	16
ptg003684l_1_region	530944	2928018	5.51	0	16
ptg003685l_1	208302	1196994	5.75	0	51
ptg003685l_1_region	208302	1196994	5.75	0	51
ptg003687l_1	321146	2026523	6.31	0	25
ptg003687l_1_region	321146	2026523	6.31	0	25
ptg003688l_1	61452	680579	11.07	0	66
ptg003688l_1_region	61452	680579	11.07	0	66
ptg003690l_1	469149	2360388	5.03	0	28
ptg003690l_1_region	469149	2360388	5.03	0	28
ptg003691l_1	357073	1332057	3.73	0	29
ptg003691l_1_region	357073	1332057	3.73	0	29
ptg003692l_1	197627	990051	5.01	0	17
ptg003692l_1_region	197627	990051	5.01	0	17
ptg003693l_1	110386	659208	5.97	0	27
ptg003693l_1_region	110386	659208	5.97	0	27
ptg003695l_1	224696	6416592	28.56	0	149
ptg003695l_1_region	224696	6416592	28.56	0	149
ptg003696l_1	715011	3892898	5.44	0	17
ptg003696l_1_region	715011	3892898	5.44	0	17
ptg003697l_1	321094	1613889	5.03	0	21
ptg003697l_1_region	321094	1613889	5.03	0	21
ptg003698l_1	333450	1673393	5.02	0	13
ptg003698l_1_region	333450	1673393	5.02	0	13
ptg003699l_1	67333	332075	4.93	0	11
ptg003699l_1_region	67333	332075	4.93	0	11
ptg003703l_1	791048	4738950	5.99	0	16
ptg003703l_1_region	791048	4738950	5.99	0	16
ptg003705l_1	312829	1917816	6.13	0	33
ptg003705l_1_region	312829	1917816	6.13	0	33
ptg003708l_1	170346	899541	5.28	0	12
ptg003708l_1_region	170346	899541	5.28	0	12
ptg003709l_1	297559	920031	3.09	0	12
ptg003709l_1_region	297559	920031	3.09	0	12
ptg003710l_1	497035	2026824	4.08	0	13
ptg003710l_1_region	497035	2026824	4.08	0	13
ptg003711l_1	102559	337577	3.29	0	10
ptg003711l_1_region	102559	337577	3.29	0	10
ptg003716l_1	203842	1162586	5.70	0	20
ptg003716l_1_region	203842	1162586	5.70	0	20
ptg003717l_1	56401	832578	14.76	0	30
ptg003717l_1_region	56401	832578	14.76	0	30
ptg003719l_1	403752	1906967	4.72	0	14
ptg003719l_1_region	403752	1906967	4.72	0	14
ptg003721l_1	172415	1040438	6.03	0	13
ptg003721l_1_region	172415	1040438	6.03	0	13
ptg003722l_1	116856	486073	4.16	0	17
ptg003722l_1_region	116856	486073	4.16	0	17
ptg003723l_1	386739	2410749	6.23	0	37
ptg003723l_1_region	386739	2410749	6.23	0	37
ptg003725l_1	924035	5670132	6.14	0	22
ptg003725l_1_region	924035	5670132	6.14	0	22
ptg003726l_1	289580	1590850	5.49	0	15
ptg003726l_1_region	289580	1590850	5.49	0	15
ptg003727l_1	119553	365314	3.06	0	8
ptg003727l_1_region	119553	365314	3.06	0	8
ptg003729l_1	417575	2708867	6.49	0	26
ptg003729l_1_region	417575	2708867	6.49	0	26
ptg003730l_1	764166	4593675	6.01	0	23
ptg003730l_1_region	764166	4593675	6.01	0	23
ptg003731l_1	135115	754051	5.58	0	14
ptg003731l_1_region	135115	754051	5.58	0	14
ptg003732l_1	43308	144138	3.33	0	14
ptg003732l_1_region	43308	144138	3.33	0	14
ptg003734l_1	124144	774787	6.24	0	15
ptg003734l_1_region	124144	774787	6.24	0	15
ptg003735l_1	16533	57638	3.49	0	10
ptg003735l_1_region	16533	57638	3.49	0	10
ptg003737l_1	233079	1803690	7.74	0	20
ptg003737l_1_region	233079	1803690	7.74	0	20
ptg003738l_1	705747	4244507	6.01	0	23
ptg003738l_1_region	705747	4244507	6.01	0	23
ptg003740l_1	209611	712566	3.40	0	11
ptg003740l_1_region	209611	712566	3.40	0	11
ptg003741l_1	866136	4914669	5.67	0	44
ptg003741l_1_region	866136	4914669	5.67	0	44
ptg003743l_1	9008	11180	1.24	0	2
ptg003743l_1_region	9008	11180	1.24	0	2
ptg003744l_1	795570	4571252	5.75	0	21
ptg003744l_1_region	795570	4571252	5.75	0	21
ptg003745l_1	384960	2389258	6.21	0	21
ptg003745l_1_region	384960	2389258	6.21	0	21
ptg003746l_1	576213	3303681	5.73	0	17
ptg003746l_1_region	576213	3303681	5.73	0	17
ptg003747l_1	206489	984994	4.77	0	20
ptg003747l_1_region	206489	984994	4.77	0	20
ptg003749l_1	215449	780168	3.62	0	13
ptg003749l_1_region	215449	780168	3.62	0	13
ptg003750l_1	949096	5812277	6.12	0	18
ptg003750l_1_region	949096	5812277	6.12	0	18
ptg003751l_1	154578	371317	2.40	0	19
ptg003751l_1_region	154578	371317	2.40	0	19
ptg003753l_1	240570	1120914	4.66	0	16
ptg003753l_1_region	240570	1120914	4.66	0	16
ptg003754l_1	78229	374609	4.79	0	15
ptg003754l_1_region	78229	374609	4.79	0	15
ptg003755l_1	286861	1638247	5.71	0	13
ptg003755l_1_region	286861	1638247	5.71	0	13
ptg003757l_1	376794	1567690	4.16	0	14
ptg003757l_1_region	376794	1567690	4.16	0	14
ptg003758l_1	627064	3032640	4.84	0	18
ptg003758l_1_region	627064	3032640	4.84	0	18
ptg003760l_1	25439	133792	5.26	0	8
ptg003760l_1_region	25439	133792	5.26	0	8
ptg003762l_1	202962	876577	4.32	0	12
ptg003762l_1_region	202962	876577	4.32	0	12
ptg003765l_1	304519	1759631	5.78	0	24
ptg003765l_1_region	304519	1759631	5.78	0	24
ptg003767l_1	587177	5467888	9.31	0	175
ptg003767l_1_region	587177	5467888	9.31	0	175
ptg003768l_1	1061613	10732458	10.11	0	84
ptg003768l_1_region	1061613	10732458	10.11	0	84
ptg003770l_1	846457	4525333	5.35	0	26
ptg003770l_1_region	846457	4525333	5.35	0	26
ptg003771l_1	162160	813522	5.02	0	11
ptg003771l_1_region	162160	813522	5.02	0	11
ptg003772l_1	202384	651206	3.22	0	14
ptg003772l_1_region	202384	651206	3.22	0	14
ptg003773l_1	56976	219947	3.86	0	11
ptg003773l_1_region	56976	219947	3.86	0	11
ptg003774l_1	661468	3497940	5.29	0	23
ptg003774l_1_region	661468	3497940	5.29	0	23
ptg003775l_1	190910	1141397	5.98	0	15
ptg003775l_1_region	190910	1141397	5.98	0	15
ptg003776l_1	182486	1046022	5.73	0	20
ptg003776l_1_region	182486	1046022	5.73	0	20
ptg003778l_1	630751	3584944	5.68	0	15
ptg003778l_1_region	630751	3584944	5.68	0	15
ptg003779l_1	170803	794186	4.65	0	17
ptg003779l_1_region	170803	794186	4.65	0	17
ptg003780l_1	193552	913463	4.72	0	13
ptg003780l_1_region	193552	913463	4.72	0	13
ptg003781l_1	258255	1011892	3.92	0	15
ptg003781l_1_region	258255	1011892	3.92	0	15
ptg003786l_1	167158	811611	4.86	0	18
ptg003786l_1_region	167158	811611	4.86	0	18
ptg003787l_1	1287739	8097849	6.29	0	17
ptg003787l_1_region	1287739	8097849	6.29	0	17
ptg003788l_1	505032	2045493	4.05	0	14
ptg003788l_1_region	505032	2045493	4.05	0	14
ptg003790l_1	137957	956628	6.93	0	21
ptg003790l_1_region	137957	956628	6.93	0	21
ptg003791l_1	48362	228343	4.72	0	13
ptg003791l_1_region	48362	228343	4.72	0	13
ptg003792l_1	254280	1585981	6.24	0	16
ptg003792l_1_region	254280	1585981	6.24	0	16
ptg003793l_1	282052	1650104	5.85	0	19
ptg003793l_1_region	282052	1650104	5.85	0	19
ptg003794l_1	261917	1396680	5.33	0	15
ptg003794l_1_region	261917	1396680	5.33	0	15
ptg003797l_1	249974	962699	3.85	0	17
ptg003797l_1_region	249974	962699	3.85	0	17
ptg003800l_1	418837	1810852	4.32	0	20
ptg003800l_1_region	418837	1810852	4.32	0	20
ptg003802l_1	1141295	6644213	5.82	0	17
ptg003802l_1_region	1141295	6644213	5.82	0	17
ptg003805l_1	186566	1154584	6.19	0	21
ptg003805l_1_region	186566	1154584	6.19	0	21
ptg003806l_1	944663	5590829	5.92	0	19
ptg003806l_1_region	944663	5590829	5.92	0	19
ptg003807l_1	642967	3116487	4.85	0	19
ptg003807l_1_region	642967	3116487	4.85	0	19
ptg003808l_1	906804	5206078	5.74	0	20
ptg003808l_1_region	906804	5206078	5.74	0	20
ptg003809l_1	162965	1036928	6.36	0	28
ptg003809l_1_region	162965	1036928	6.36	0	28
ptg003810l_1	514657	2958389	5.75	0	20
ptg003810l_1_region	514657	2958389	5.75	0	20
ptg003811l_1	101728	377006	3.71	0	31
ptg003811l_1_region	101728	377006	3.71	0	31
ptg003812l_1	512172	3213988	6.28	0	28
ptg003812l_1_region	512172	3213988	6.28	0	28
ptg003813l_1	159250	288795	1.81	0	16
ptg003813l_1_region	159250	288795	1.81	0	16
ptg003816l_1	543894	2755116	5.07	0	25
ptg003816l_1_region	543894	2755116	5.07	0	25
ptg003817l_1	341895	1797306	5.26	0	16
ptg003817l_1_region	341895	1797306	5.26	0	16
ptg003818l_1	359241	1872075	5.21	0	18
ptg003818l_1_region	359241	1872075	5.21	0	18
ptg003819l_1	357949	1527958	4.27	0	18
ptg003819l_1_region	357949	1527958	4.27	0	18
ptg003821l_1	531531	2489641	4.68	0	21
ptg003821l_1_region	531531	2489641	4.68	0	21
ptg003822l_1	120785	426187	3.53	0	8
ptg003822l_1_region	120785	426187	3.53	0	8
ptg003823l_1	34806	143413	4.12	0	21
ptg003823l_1_region	34806	143413	4.12	0	21
ptg003824l_1	389844	2339104	6.00	0	16
ptg003824l_1_region	389844	2339104	6.00	0	16
ptg003825l_1	459584	2826427	6.15	0	21
ptg003825l_1_region	459584	2826427	6.15	0	21
ptg003826l_1	853095	4733024	5.55	0	15
ptg003826l_1_region	853095	4733024	5.55	0	15
ptg003827l_1	237609	944728	3.98	0	13
ptg003827l_1_region	237609	944728	3.98	0	13
ptg003828l_1	789385	4338929	5.50	0	28
ptg003828l_1_region	789385	4338929	5.50	0	28
ptg003830l_1	279814	1695378	6.06	0	25
ptg003830l_1_region	279814	1695378	6.06	0	25
ptg003831l_1	209043	1139599	5.45	0	46
ptg003831l_1_region	209043	1139599	5.45	0	46
ptg003833l_1	20072	30064	1.50	0	3
ptg003833l_1_region	20072	30064	1.50	0	3
ptg003834l_1	530606	2597074	4.89	0	15
ptg003834l_1_region	530606	2597074	4.89	0	15
ptg003835l_1	812396	3786206	4.66	0	34
ptg003835l_1_region	812396	3786206	4.66	0	34
ptg003837l_1	262226	1419698	5.41	0	20
ptg003837l_1_region	262226	1419698	5.41	0	20
ptg003838l_1	1395971	8402361	6.02	0	40
ptg003838l_1_region	1395971	8402361	6.02	0	40
ptg003839l_1	454108	1765579	3.89	0	17
ptg003839l_1_region	454108	1765579	3.89	0	17
ptg003841l_1	31424	148304	4.72	0	12
ptg003841l_1_region	31424	148304	4.72	0	12
ptg003842l_1	15212	113792	7.48	0	10
ptg003842l_1_region	15212	113792	7.48	0	10
ptg003843l_1	1164095	6657799	5.72	0	27
ptg003843l_1_region	1164095	6657799	5.72	0	27
ptg003844l_1	47456	197557	4.16	0	13
ptg003844l_1_region	47456	197557	4.16	0	13
ptg003845l_1	173683	867386	4.99	0	16
ptg003845l_1_region	173683	867386	4.99	0	16
ptg003846l_1	72109	283787	3.94	0	10
ptg003846l_1_region	72109	283787	3.94	0	10
ptg003847l_1	915577	5219257	5.70	0	21
ptg003847l_1_region	915577	5219257	5.70	0	21
ptg003848l_1	498408	2444297	4.90	0	22
ptg003848l_1_region	498408	2444297	4.90	0	22
ptg003849l_1	377473	1744592	4.62	0	16
ptg003849l_1_region	377473	1744592	4.62	0	16
ptg003852l_1	124393	518897	4.17	0	15
ptg003852l_1_region	124393	518897	4.17	0	15
ptg003853l_1	172249	891702	5.18	0	10
ptg003853l_1_region	172249	891702	5.18	0	10
ptg003854l_1	332692	1639759	4.93	0	39
ptg003854l_1_region	332692	1639759	4.93	0	39
ptg003855l_1	243474	1337598	5.49	0	45
ptg003855l_1_region	243474	1337598	5.49	0	45
ptg003857l_1	372357	1789093	4.80	0	13
ptg003857l_1_region	372357	1789093	4.80	0	13
ptg003858l_1	53578	275276	5.14	0	11
ptg003858l_1_region	53578	275276	5.14	0	11
ptg003859l_1	158159	921683	5.83	0	12
ptg003859l_1_region	158159	921683	5.83	0	12
ptg003860l_1	78259	295943	3.78	0	8
ptg003860l_1_region	78259	295943	3.78	0	8
ptg003864l_1	427061	2937231	6.88	0	93
ptg003864l_1_region	427061	2937231	6.88	0	93
ptg003865l_1	1094745	8009932	7.32	0	62
ptg003865l_1_region	1094745	8009932	7.32	0	62
ptg003866l_1	121798	415873	3.41	0	17
ptg003866l_1_region	121798	415873	3.41	0	17
ptg003867l_1	55307	143691	2.60	0	9
ptg003867l_1_region	55307	143691	2.60	0	9
ptg003868l_1	16635	73520	4.42	0	44
ptg003868l_1_region	16635	73520	4.42	0	44
ptg003869l_1	205987	1390579	6.75	0	14
ptg003869l_1_region	205987	1390579	6.75	0	14
ptg003870l_1	504317	2562347	5.08	0	20
ptg003870l_1_region	504317	2562347	5.08	0	20
ptg003872l_1	295395	2014987	6.82	0	28
ptg003872l_1_region	295395	2014987	6.82	0	28
ptg003874l_1	115400	658615	5.71	0	12
ptg003874l_1_region	115400	658615	5.71	0	12
ptg003875l_1	461949	2506127	5.43	0	20
ptg003875l_1_region	461949	2506127	5.43	0	20
ptg003876l_1	295396	1508765	5.11	0	15
ptg003876l_1_region	295396	1508765	5.11	0	15
ptg003877l_1	337518	852437	2.53	0	12
ptg003877l_1_region	337518	852437	2.53	0	12
ptg003878l_1	183574	1236082	6.73	0	34
ptg003878l_1_region	183574	1236082	6.73	0	34
ptg003879l_1	576251	4637354	8.05	0	25
ptg003879l_1_region	576251	4637354	8.05	0	25
ptg003880l_1	104742	496061	4.74	0	13
ptg003880l_1_region	104742	496061	4.74	0	13
ptg003882l_1	95957	355074	3.70	0	10
ptg003882l_1_region	95957	355074	3.70	0	10
ptg003883l_1	23953	118452	4.95	0	8
ptg003883l_1_region	23953	118452	4.95	0	8
ptg003884l_1	221600	1310061	5.91	0	25
ptg003884l_1_region	221600	1310061	5.91	0	25
ptg003885l_1	487074	3062868	6.29	0	19
ptg003885l_1_region	487074	3062868	6.29	0	19
ptg003887l_1	93634	451844	4.83	0	15
ptg003887l_1_region	93634	451844	4.83	0	15
ptg003888l_1	29225	96184	3.29	0	10
ptg003888l_1_region	29225	96184	3.29	0	10
ptg003889l_1	293023	993021	3.39	0	12
ptg003889l_1_region	293023	993021	3.39	0	12
ptg003890l_1	232727	1855531	7.97	0	25
ptg003890l_1_region	232727	1855531	7.97	0	25
ptg003892l_1	176285	372359	2.11	0	13
ptg003892l_1_region	176285	372359	2.11	0	13
ptg003893l_1	496291	3008805	6.06	0	58
ptg003893l_1_region	496291	3008805	6.06	0	58
ptg003894l_1	425006	1555403	3.66	0	13
ptg003894l_1_region	425006	1555403	3.66	0	13
ptg003895l_1	233034	861970	3.70	0	11
ptg003895l_1_region	233034	861970	3.70	0	11
ptg003896l_1	467282	3529910	7.55	0	27
ptg003896l_1_region	467282	3529910	7.55	0	27
ptg003897l_1	829936	4707575	5.67	0	35
ptg003897l_1_region	829936	4707575	5.67	0	35
ptg003899l_1	58648	158542	2.70	0	11
ptg003899l_1_region	58648	158542	2.70	0	11
ptg003900l_1	182490	758153	4.15	0	20
ptg003900l_1_region	182490	758153	4.15	0	20
ptg003902l_1	340785	1314943	3.86	0	14
ptg003902l_1_region	340785	1314943	3.86	0	14
ptg003903l_1	148701	635189	4.27	0	16
ptg003903l_1_region	148701	635189	4.27	0	16
ptg003904l_1	314165	1042757	3.32	0	16
ptg003904l_1_region	314165	1042757	3.32	0	16
ptg003905l_1	124607	348349	2.80	0	7
ptg003905l_1_region	124607	348349	2.80	0	7
ptg003906l_1	69458	327871	4.72	0	9
ptg003906l_1_region	69458	327871	4.72	0	9
ptg003909l_1	176767	921946	5.22	0	12
ptg003909l_1_region	176767	921946	5.22	0	12
ptg003910l_1	116936	870867	7.45	0	35
ptg003910l_1_region	116936	870867	7.45	0	35
ptg003911l_1	703401	4180724	5.94	0	23
ptg003911l_1_region	703401	4180724	5.94	0	23
ptg003912l_1	19929	54778	2.75	0	4
ptg003912l_1_region	19929	54778	2.75	0	4
ptg003914l_1	291672	1308882	4.49	0	31
ptg003914l_1_region	291672	1308882	4.49	0	31
ptg003917l_1	255177	1663626	6.52	0	36
ptg003917l_1_region	255177	1663626	6.52	0	36
ptg003918l_1	965394	4529210	4.69	0	21
ptg003918l_1_region	965394	4529210	4.69	0	21
ptg003919l_1	109227	401858	3.68	0	10
ptg003919l_1_region	109227	401858	3.68	0	10
ptg003920l_1	76593	581340	7.59	0	68
ptg003920l_1_region	76593	581340	7.59	0	68
ptg003925l_1	753761	4140449	5.49	0	14
ptg003925l_1_region	753761	4140449	5.49	0	14
ptg003926l_1	741773	3861280	5.21	0	23
ptg003926l_1_region	741773	3861280	5.21	0	23
ptg003928l_1	68393	128692	1.88	0	10
ptg003928l_1_region	68393	128692	1.88	0	10
ptg003930l_1	1013559	6035659	5.95	0	58
ptg003930l_1_region	1013559	6035659	5.95	0	58
ptg003932l_1	241779	1217599	5.04	0	14
ptg003932l_1_region	241779	1217599	5.04	0	14
ptg003936l_1	56655	173613	3.06	0	12
ptg003936l_1_region	56655	173613	3.06	0	12
ptg003938l_1	268791	1299711	4.84	0	14
ptg003938l_1_region	268791	1299711	4.84	0	14
ptg003939l_1	36405	21777	0.60	0	5
ptg003939l_1_region	36405	21777	0.60	0	5
ptg003940l_1	74639	517879	6.94	0	16
ptg003940l_1_region	74639	517879	6.94	0	16
ptg003941l_1	178816	904995	5.06	0	37
ptg003941l_1_region	178816	904995	5.06	0	37
ptg003942l_1	28979	37155	1.28	0	5
ptg003942l_1_region	28979	37155	1.28	0	5
ptg003943l_1	85347	435929	5.11	0	11
ptg003943l_1_region	85347	435929	5.11	0	11
ptg003945l_1	97240	409693	4.21	0	47
ptg003945l_1_region	97240	409693	4.21	0	47
ptg003946l_1	134105	412787	3.08	0	16
ptg003946l_1_region	134105	412787	3.08	0	16
ptg003949l_1	551257	1772048	3.21	0	14
ptg003949l_1_region	551257	1772048	3.21	0	14
ptg003951l_1	597570	3224495	5.40	0	16
ptg003951l_1_region	597570	3224495	5.40	0	16
ptg003952l_1	113915	381026	3.34	0	19
ptg003952l_1_region	113915	381026	3.34	0	19
ptg003954l_1	585377	2830045	4.83	0	15
ptg003954l_1_region	585377	2830045	4.83	0	15
ptg003955l_1	234734	765842	3.26	0	12
ptg003955l_1_region	234734	765842	3.26	0	12
ptg003956l_1	524787	2574060	4.90	0	14
ptg003956l_1_region	524787	2574060	4.90	0	14
ptg003957l_1	228220	884241	3.87	0	17
ptg003957l_1_region	228220	884241	3.87	0	17
ptg003958l_1	57191	260201	4.55	0	12
ptg003958l_1_region	57191	260201	4.55	0	12
ptg003960l_1	30266	129082	4.26	0	8
ptg003960l_1_region	30266	129082	4.26	0	8
ptg003962l_1	140126	489949	3.50	0	32
ptg003962l_1_region	140126	489949	3.50	0	32
ptg003964l_1	142042	626876	4.41	0	21
ptg003964l_1_region	142042	626876	4.41	0	21
ptg003968l_1	205476	1203722	5.86	0	17
ptg003968l_1_region	205476	1203722	5.86	0	17
ptg003969l_1	360016	1793525	4.98	0	16
ptg003969l_1_region	360016	1793525	4.98	0	16
ptg003970l_1	406601	1925212	4.73	0	19
ptg003970l_1_region	406601	1925212	4.73	0	19
ptg003971l_1	442649	1999612	4.52	0	23
ptg003971l_1_region	442649	1999612	4.52	0	23
ptg003972l_1	568492	3428831	6.03	0	41
ptg003972l_1_region	568492	3428831	6.03	0	41
ptg003974l_1	146581	612617	4.18	0	14
ptg003974l_1_region	146581	612617	4.18	0	14
ptg003977l_1	1506723	8424109	5.59	0	18
ptg003977l_1_region	1506723	8424109	5.59	0	18
ptg003978l_1	502482	4080150	8.12	0	42
ptg003978l_1_region	502482	4080150	8.12	0	42
ptg003979l_1	144078	916914	6.36	0	15
ptg003979l_1_region	144078	916914	6.36	0	15
ptg003980l_1	116129	341139	2.94	0	10
ptg003980l_1_region	116129	341139	2.94	0	10
ptg003981l_1	73446	904799	12.32	0	24
ptg003981l_1_region	73446	904799	12.32	0	24
ptg003983l_1	375060	1623424	4.33	0	21
ptg003983l_1_region	375060	1623424	4.33	0	21
ptg003984l_1	260837	1470181	5.64	0	13
ptg003984l_1_region	260837	1470181	5.64	0	13
ptg003985l_1	764792	4559683	5.96	0	21
ptg003985l_1_region	764792	4559683	5.96	0	21
ptg003986l_1	122424	484538	3.96	0	13
ptg003986l_1_region	122424	484538	3.96	0	13
ptg003987l_1	1090178	16497805	15.13	0	84
ptg003987l_1_region	1090178	16497805	15.13	0	84
ptg003988l_1	40328	70664	1.75	0	6
ptg003988l_1_region	40328	70664	1.75	0	6
ptg003989l_1	119961	337947	2.82	0	9
ptg003989l_1_region	119961	337947	2.82	0	9
ptg003991l_1	284243	1286814	4.53	0	16
ptg003991l_1_region	284243	1286814	4.53	0	16
ptg003992l_1	693520	3780396	5.45	0	33
ptg003992l_1_region	693520	3780396	5.45	0	33
ptg003994l_1	550982	2847856	5.17	0	14
ptg003994l_1_region	550982	2847856	5.17	0	14
ptg003998l_1	182804	968121	5.30	0	38
ptg003998l_1_region	182804	968121	5.30	0	38
ptg003999l_1	203953	1138215	5.58	0	22
ptg003999l_1_region	203953	1138215	5.58	0	22
ptg004002l_1	142113	795082	5.59	0	18
ptg004002l_1_region	142113	795082	5.59	0	18
ptg004003l_1	759220	4085480	5.38	0	21
ptg004003l_1_region	759220	4085480	5.38	0	21
ptg004007l_1	506153	2612860	5.16	0	16
ptg004007l_1_region	506153	2612860	5.16	0	16
ptg004008l_1	140163	623839	4.45	0	10
ptg004008l_1_region	140163	623839	4.45	0	10
ptg004009l_1	457013	3054221	6.68	0	16
ptg004009l_1_region	457013	3054221	6.68	0	16
ptg004011l_1	32239	113984	3.54	0	8
ptg004011l_1_region	32239	113984	3.54	0	8
ptg004013l_1	452504	2937879	6.49	0	18
ptg004013l_1_region	452504	2937879	6.49	0	18
ptg004014l_1	299680	1289897	4.30	0	17
ptg004014l_1_region	299680	1289897	4.30	0	17
ptg004015l_1	535130	3655594	6.83	0	82
ptg004015l_1_region	535130	3655594	6.83	0	82
ptg004016l_1	302453	1840046	6.08	0	16
ptg004016l_1_region	302453	1840046	6.08	0	16
ptg004020l_1	575262	3590483	6.24	0	17
ptg004020l_1_region	575262	3590483	6.24	0	17
ptg004022l_1	417926	2338260	5.59	0	23
ptg004022l_1_region	417926	2338260	5.59	0	23
ptg004025l_1	49882	323150	6.48	0	19
ptg004025l_1_region	49882	323150	6.48	0	19
ptg004026l_1	291366	1319081	4.53	0	22
ptg004026l_1_region	291366	1319081	4.53	0	22
ptg004027l_1	78822	289984	3.68	0	11
ptg004027l_1_region	78822	289984	3.68	0	11
ptg004029l_1	79892	234421	2.93	0	11
ptg004029l_1_region	79892	234421	2.93	0	11
ptg004030l_1	230035	844899	3.67	0	18
ptg004030l_1_region	230035	844899	3.67	0	18
ptg004031l_1	500692	2682982	5.36	0	31
ptg004031l_1_region	500692	2682982	5.36	0	31
ptg004032l_1	105880	461065	4.35	0	13
ptg004032l_1_region	105880	461065	4.35	0	13
ptg004034l_1	19592	120483	6.15	0	16
ptg004034l_1_region	19592	120483	6.15	0	16
ptg004035l_1	240942	1548861	6.43	0	18
ptg004035l_1_region	240942	1548861	6.43	0	18
ptg004036l_1	190993	975660	5.11	0	16
ptg004036l_1_region	190993	975660	5.11	0	16
ptg004037l_1	141574	553415	3.91	0	16
ptg004037l_1_region	141574	553415	3.91	0	16
ptg004039l_1	261286	1280085	4.90	0	15
ptg004039l_1_region	261286	1280085	4.90	0	15
ptg004040l_1	284604	996397	3.50	0	11
ptg004040l_1_region	284604	996397	3.50	0	11
ptg004042l_1	183576	940143	5.12	0	18
ptg004042l_1_region	183576	940143	5.12	0	18
ptg004043l_1	382341	1736009	4.54	0	20
ptg004043l_1_region	382341	1736009	4.54	0	20
ptg004044l_1	178540	566337	3.17	0	20
ptg004044l_1_region	178540	566337	3.17	0	20
ptg004046l_1	478753	2054998	4.29	0	15
ptg004046l_1_region	478753	2054998	4.29	0	15
ptg004047l_1	557168	3388824	6.08	0	54
ptg004047l_1_region	557168	3388824	6.08	0	54
ptg004048l_1	407909	3426339	8.40	0	30
ptg004048l_1_region	407909	3426339	8.40	0	30
ptg004049l_1	361234	8035508	22.24	0	138
ptg004049l_1_region	361234	8035508	22.24	0	138
ptg004051l_1	930929	6354157	6.83	0	21
ptg004051l_1_region	930929	6354157	6.83	0	21
ptg004052l_1	82260	364597	4.43	0	10
ptg004052l_1_region	82260	364597	4.43	0	10
ptg004053l_1	372507	1745738	4.69	0	19
ptg004053l_1_region	372507	1745738	4.69	0	19
ptg004054l_1	104207	594758	5.71	0	12
ptg004054l_1_region	104207	594758	5.71	0	12
ptg004055l_1	462283	2444204	5.29	0	17
ptg004055l_1_region	462283	2444204	5.29	0	17
ptg004056l_1	618085	3519590	5.69	0	18
ptg004056l_1_region	618085	3519590	5.69	0	18
ptg004058l_1	127017	910929	7.17	0	214
ptg004058l_1_region	127017	910929	7.17	0	214
ptg004059l_1	396143	1556160	3.93	0	17
ptg004059l_1_region	396143	1556160	3.93	0	17
ptg004060l_1	613119	3256267	5.31	0	20
ptg004060l_1_region	613119	3256267	5.31	0	20
ptg004061l_1	217296	1321750	6.08	0	22
ptg004061l_1_region	217296	1321750	6.08	0	22
ptg004062l_1	93323	685546	7.35	0	15
ptg004062l_1_region	93323	685546	7.35	0	15
ptg004063l_1	506142	2891292	5.71	0	15
ptg004063l_1_region	506142	2891292	5.71	0	15
ptg004064l_1	455607	2624987	5.76	0	22
ptg004064l_1_region	455607	2624987	5.76	0	22
ptg004065l_1	368607	2276573	6.18	0	14
ptg004065l_1_region	368607	2276573	6.18	0	14
ptg004067l_1	1103796	499607	0.45	0	8
ptg004067l_1_region	1103796	499607	0.45	0	8
ptg004068l_1	605058	3819892	6.31	0	27
ptg004068l_1_region	605058	3819892	6.31	0	27
ptg004069l_1	188593	515036	2.73	0	10
ptg004069l_1_region	188593	515036	2.73	0	10
ptg004071l_1	152285	684813	4.50	0	14
ptg004071l_1_region	152285	684813	4.50	0	14
ptg004073l_1	852626	5012484	5.88	0	31
ptg004073l_1_region	852626	5012484	5.88	0	31
ptg004074l_1	118419	270176	2.28	0	11
ptg004074l_1_region	118419	270176	2.28	0	11
ptg004076l_1	334040	4037676	12.09	0	92
ptg004076l_1_region	334040	4037676	12.09	0	92
ptg004077l_1	191389	844068	4.41	0	20
ptg004077l_1_region	191389	844068	4.41	0	20
ptg004078l_1	239753	2058530	8.59	0	36
ptg004078l_1_region	239753	2058530	8.59	0	36
ptg004079l_1	196700	1970320	10.02	0	49
ptg004079l_1_region	196700	1970320	10.02	0	49
ptg004081l_1	24882	36881	1.48	0	5
ptg004081l_1_region	24882	36881	1.48	0	5
ptg004082l_1	601768	4458515	7.41	0	96
ptg004082l_1_region	601768	4458515	7.41	0	96
ptg004083l_1	70490	329247	4.67	0	10
ptg004083l_1_region	70490	329247	4.67	0	10
ptg004085l_1	187771	546449	2.91	0	17
ptg004085l_1_region	187771	546449	2.91	0	17
ptg004088l_1	233469	1418670	6.08	0	21
ptg004088l_1_region	233469	1418670	6.08	0	21
ptg004089l_1	389621	1544633	3.96	0	14
ptg004089l_1_region	389621	1544633	3.96	0	14
ptg004090l_1	198696	788760	3.97	0	26
ptg004090l_1_region	198696	788760	3.97	0	26
ptg004091l_1	237146	1152539	4.86	0	17
ptg004091l_1_region	237146	1152539	4.86	0	17
ptg004094l_1	334010	1456731	4.36	0	15
ptg004094l_1_region	334010	1456731	4.36	0	15
ptg004095l_1	344821	1595279	4.63	0	15
ptg004095l_1_region	344821	1595279	4.63	0	15
ptg004097l_1	53212	229275	4.31	0	11
ptg004097l_1_region	53212	229275	4.31	0	11
ptg004098l_1	65396	447209	6.84	0	18
ptg004098l_1_region	65396	447209	6.84	0	18
ptg004104l_1	92105	1170749	12.71	3	23
ptg004104l_1_region	92105	1170749	12.71	3	23
ptg004105l_1	331778	1570296	4.73	0	25
ptg004105l_1_region	331778	1570296	4.73	0	25
ptg004106l_1	377164	1813234	4.81	0	14
ptg004106l_1_region	377164	1813234	4.81	0	14
ptg004107l_1	149734	885507	5.91	0	22
ptg004107l_1_region	149734	885507	5.91	0	22
ptg004108l_1	174377	977077	5.60	0	16
ptg004108l_1_region	174377	977077	5.60	0	16
ptg004110l_1	130131	1361730	10.46	0	52
ptg004110l_1_region	130131	1361730	10.46	0	52
ptg004111l_1	69359	440629	6.35	0	19
ptg004111l_1_region	69359	440629	6.35	0	19
ptg004113l_1	40421	254759	6.30	0	23
ptg004113l_1_region	40421	254759	6.30	0	23
ptg004115l_1	428677	1895360	4.42	0	17
ptg004115l_1_region	428677	1895360	4.42	0	17
ptg004116l_1	359593	2399290	6.67	0	17
ptg004116l_1_region	359593	2399290	6.67	0	17
ptg004117l_1	679742	3729974	5.49	0	19
ptg004117l_1_region	679742	3729974	5.49	0	19
ptg004118l_1	28550	136855	4.79	0	9
ptg004118l_1_region	28550	136855	4.79	0	9
ptg004120l_1	159529	87215	0.55	0	12
ptg004120l_1_region	159529	87215	0.55	0	12
ptg004121l_1	60477	253965	4.20	0	41
ptg004121l_1_region	60477	253965	4.20	0	41
ptg004122l_1	170971	627335	3.67	0	16
ptg004122l_1_region	170971	627335	3.67	0	16
ptg004123l_1	572294	3476193	6.07	0	21
ptg004123l_1_region	572294	3476193	6.07	0	21
ptg004124l_1	207607	994003	4.79	0	17
ptg004124l_1_region	207607	994003	4.79	0	17
ptg004125l_1	26764	59432	2.22	0	5
ptg004125l_1_region	26764	59432	2.22	0	5
ptg004126l_1	338437	2645274	7.82	0	79
ptg004126l_1_region	338437	2645274	7.82	0	79
ptg004127l_1	337727	1609887	4.77	0	19
ptg004127l_1_region	337727	1609887	4.77	0	19
ptg004132l_1	48196	203831	4.23	0	14
ptg004132l_1_region	48196	203831	4.23	0	14
ptg004133l_1	178891	827582	4.63	0	16
ptg004133l_1_region	178891	827582	4.63	0	16
ptg004137l_1	354917	531383	1.50	0	60
ptg004137l_1_region	354917	531383	1.50	0	60
ptg004139l_1	12164	35618	2.93	0	5
ptg004139l_1_region	12164	35618	2.93	0	5
ptg004140l_1	119686	1228028	10.26	0	292
ptg004140l_1_region	119686	1228028	10.26	0	292
ptg004143l_1	148413	388719	2.62	0	16
ptg004143l_1_region	148413	388719	2.62	0	16
ptg004144l_1	63926	303350	4.75	0	23
ptg004144l_1_region	63926	303350	4.75	0	23
ptg004146l_1	332311	1882260	5.66	0	19
ptg004146l_1_region	332311	1882260	5.66	0	19
ptg004147l_1	298004	1484051	4.98	0	14
ptg004147l_1_region	298004	1484051	4.98	0	14
ptg004151l_1	402204	2233334	5.55	0	82
ptg004151l_1_region	402204	2233334	5.55	0	82
ptg004152l_1	76075	750734	9.87	0	17
ptg004152l_1_region	76075	750734	9.87	0	17
ptg004153l_1	151574	617973	4.08	0	14
ptg004153l_1_region	151574	617973	4.08	0	14
ptg004154l_1	531156	3664354	6.90	0	44
ptg004154l_1_region	531156	3664354	6.90	0	44
ptg004155l_1	191197	2069489	10.82	0	39
ptg004155l_1_region	191197	2069489	10.82	0	39
ptg004156l_1	154751	757277	4.89	0	22
ptg004156l_1_region	154751	757277	4.89	0	22
ptg004157l_1	330761	2339467	7.07	0	30
ptg004157l_1_region	330761	2339467	7.07	0	30
ptg004158l_1	49779	44499	0.89	0	6
ptg004158l_1_region	49779	44499	0.89	0	6
ptg004159l_1	30669	69261	2.26	0	6
ptg004159l_1_region	30669	69261	2.26	0	6
ptg004160l_1	246971	1126310	4.56	0	14
ptg004160l_1_region	246971	1126310	4.56	0	14
ptg004163l_1	61491	448170	7.29	0	24
ptg004163l_1_region	61491	448170	7.29	0	24
ptg004164l_1	54499	414569	7.61	0	17
ptg004164l_1_region	54499	414569	7.61	0	17
ptg004165l_1	402000	2506261	6.23	0	15
ptg004165l_1_region	402000	2506261	6.23	0	15
ptg004166l_1	152584	657194	4.31	0	12
ptg004166l_1_region	152584	657194	4.31	0	12
ptg004168l_1	118279	906576	7.66	0	22
ptg004168l_1_region	118279	906576	7.66	0	22
ptg004169l_1	206729	992962	4.80	0	17
ptg004169l_1_region	206729	992962	4.80	0	17
ptg004170l_1	125409	1265118	10.09	0	23
ptg004170l_1_region	125409	1265118	10.09	0	23
ptg004171l_1	60611	398348	6.57	0	19
ptg004171l_1_region	60611	398348	6.57	0	19
ptg004172l_1	375894	2347543	6.25	0	16
ptg004172l_1_region	375894	2347543	6.25	0	16
ptg004173l_1	303900	1467329	4.83	0	24
ptg004173l_1_region	303900	1467329	4.83	0	24
ptg004174l_1	69112	370909	5.37	0	15
ptg004174l_1_region	69112	370909	5.37	0	15
ptg004175l_1	2234339	12646898	5.66	0	24
ptg004175l_1_region	2234339	12646898	5.66	0	24
ptg004176l_1	107556	901161	8.38	0	22
ptg004176l_1_region	107556	901161	8.38	0	22
ptg004178l_1	26440	60706	2.30	0	8
ptg004178l_1_region	26440	60706	2.30	0	8
ptg004181l_1	255132	2301094	9.02	0	57
ptg004181l_1_region	255132	2301094	9.02	0	57
ptg004182l_1	405360	3584684	8.84	0	54
ptg004182l_1_region	405360	3584684	8.84	0	54
ptg004186l_1	98338	320587	3.26	0	12
ptg004186l_1_region	98338	320587	3.26	0	12
ptg004188l_1	49872	303199	6.08	0	22
ptg004188l_1_region	49872	303199	6.08	0	22
ptg004189l_1	70526	420825	5.97	0	16
ptg004189l_1_region	70526	420825	5.97	0	16
ptg004191l_1	26462	86789	3.28	0	7
ptg004191l_1_region	26462	86789	3.28	0	7
ptg004193l_1	56477	223088	3.95	0	10
ptg004193l_1_region	56477	223088	3.95	0	10
ptg004196l_1	513505	3638047	7.08	0	19
ptg004196l_1_region	513505	3638047	7.08	0	19
ptg004197l_1	254098	1267502	4.99	0	12
ptg004197l_1_region	254098	1267502	4.99	0	12
ptg004198l_1	60020	245737	4.09	0	12
ptg004198l_1_region	60020	245737	4.09	0	12
ptg004200l_1	155813	594228	3.81	0	20
ptg004200l_1_region	155813	594228	3.81	0	20
ptg004201l_1	497102	4801328	9.66	0	96
ptg004201l_1_region	497102	4801328	9.66	0	96
ptg004203l_1	26784	73201	2.73	0	6
ptg004203l_1_region	26784	73201	2.73	0	6
ptg004204l_1	180609	740799	4.10	0	12
ptg004204l_1_region	180609	740799	4.10	0	12
ptg004206l_1	36064	107852	2.99	0	12
ptg004206l_1_region	36064	107852	2.99	0	12
ptg004209l_1	106514	677244	6.36	0	17
ptg004209l_1_region	106514	677244	6.36	0	17
ptg004213l_1	130572	424320	3.25	0	16
ptg004213l_1_region	130572	424320	3.25	0	16
ptg004214l_1	74923	280112	3.74	0	35
ptg004214l_1_region	74923	280112	3.74	0	35
ptg004215l_1	33263	182229	5.48	0	16
ptg004215l_1_region	33263	182229	5.48	0	16
ptg004216l_1	181897	779197	4.28	0	13
ptg004216l_1_region	181897	779197	4.28	0	13
ptg004217l_1	26986	54192	2.01	0	8
ptg004217l_1_region	26986	54192	2.01	0	8
ptg004219l_1	16352	18911	1.16	0	5
ptg004219l_1_region	16352	18911	1.16	0	5
ptg004221l_1	350557	1540013	4.39	0	17
ptg004221l_1_region	350557	1540013	4.39	0	17
ptg004222l_1	1212209	192156	0.16	0	11
ptg004222l_1_region	1212209	192156	0.16	0	11
ptg004223l_1	329780	2210605	6.70	0	71
ptg004223l_1_region	329780	2210605	6.70	0	71
ptg004225l_1	154077	627400	4.07	0	12
ptg004225l_1_region	154077	627400	4.07	0	12
ptg004226l_1	547542	245522	0.45	0	11
ptg004226l_1_region	547542	245522	0.45	0	11
ptg004227l_1	575147	139545	0.24	0	6
ptg004227l_1_region	575147	139545	0.24	0	6
ptg004229l_1	160423	908721	5.66	0	35
ptg004229l_1_region	160423	908721	5.66	0	35
ptg004230l_1	240204	1239623	5.16	0	21
ptg004230l_1_region	240204	1239623	5.16	0	21
ptg004231l_1	31456	71741	2.28	0	4
ptg004231l_1_region	31456	71741	2.28	0	4
ptg004232l_1	330626	1676847	5.07	0	21
ptg004232l_1_region	330626	1676847	5.07	0	21
ptg004233l_1	321766	1769908	5.50	0	16
ptg004233l_1_region	321766	1769908	5.50	0	16
ptg004234l_1	216887	960915	4.43	0	22
ptg004234l_1_region	216887	960915	4.43	0	22
ptg004235l_1	102055	583104	5.71	0	13
ptg004235l_1_region	102055	583104	5.71	0	13
ptg004237l_1	345171	1956861	5.67	0	17
ptg004237l_1_region	345171	1956861	5.67	0	17
ptg004238l_1	107693	893669	8.30	1	22
ptg004238l_1_region	107693	893669	8.30	1	22
ptg004239l_1	110396	612108	5.54	0	13
ptg004239l_1_region	110396	612108	5.54	0	13
ptg004240l_1	356452	1840919	5.16	0	26
ptg004240l_1_region	356452	1840919	5.16	0	26
ptg004241l_1	31398	153150	4.88	0	9
ptg004241l_1_region	31398	153150	4.88	0	9
ptg004245l_1	397370	1839228	4.63	0	13
ptg004245l_1_region	397370	1839228	4.63	0	13
ptg004246l_1	133495	610391	4.57	0	14
ptg004246l_1_region	133495	610391	4.57	0	14
ptg004247l_1	284785	1386468	4.87	0	19
ptg004247l_1_region	284785	1386468	4.87	0	19
ptg004248l_1	173411	1146551	6.61	0	25
ptg004248l_1_region	173411	1146551	6.61	0	25
ptg004249l_1	26614	192033	7.22	0	25
ptg004249l_1_region	26614	192033	7.22	0	25
ptg004250l_1	369000	1805242	4.89	0	20
ptg004250l_1_region	369000	1805242	4.89	0	20
ptg004251l_1	66084	254057	3.84	0	9
ptg004251l_1_region	66084	254057	3.84	0	9
ptg004252l_1	315507	1772470	5.62	0	39
ptg004252l_1_region	315507	1772470	5.62	0	39
ptg004255l_1	275657	1631430	5.92	0	25
ptg004255l_1_region	275657	1631430	5.92	0	25
ptg004257l_1	126427	621333	4.91	0	13
ptg004257l_1_region	126427	621333	4.91	0	13
ptg004261l_1	341650	1549573	4.54	0	23
ptg004261l_1_region	341650	1549573	4.54	0	23
ptg004262l_1	16343	101001	6.18	0	9
ptg004262l_1_region	16343	101001	6.18	0	9
ptg004264l_1	23745	45008	1.90	0	5
ptg004264l_1_region	23745	45008	1.90	0	5
ptg004265l_1	34420	38157	1.11	0	8
ptg004265l_1_region	34420	38157	1.11	0	8
ptg004267l_1	230832	923209	4.00	0	13
ptg004267l_1_region	230832	923209	4.00	0	13
ptg004268l_1	49547	196246	3.96	0	10
ptg004268l_1_region	49547	196246	3.96	0	10
ptg004269l_1	50866	195728	3.85	0	10
ptg004269l_1_region	50866	195728	3.85	0	10
ptg004271l_1	52689	221049	4.20	0	10
ptg004271l_1_region	52689	221049	4.20	0	10
ptg004272l_1	105871	339958	3.21	0	7
ptg004272l_1_region	105871	339958	3.21	0	7
ptg004273l_1	246004	1146732	4.66	0	16
ptg004273l_1_region	246004	1146732	4.66	0	16
ptg004275l_1	38597	161860	4.19	0	21
ptg004275l_1_region	38597	161860	4.19	0	21
ptg004276l_1	153967	540222	3.51	0	11
ptg004276l_1_region	153967	540222	3.51	0	11
ptg004279l_1	27008	45823	1.70	0	5
ptg004279l_1_region	27008	45823	1.70	0	5
ptg004280l_1	329812	7876476	23.88	0	98
ptg004280l_1_region	329812	7876476	23.88	0	98
ptg004281l_1	165569	1159276	7.00	0	18
ptg004281l_1_region	165569	1159276	7.00	0	18
ptg004282l_1	39786	77113	1.94	0	8
ptg004282l_1_region	39786	77113	1.94	0	8
ptg004283l_1	436831	2271719	5.20	0	18
ptg004283l_1_region	436831	2271719	5.20	0	18
ptg004285l_1	155485	659427	4.24	0	15
ptg004285l_1_region	155485	659427	4.24	0	15
ptg004286l_1	52237	151643	2.90	0	9
ptg004286l_1_region	52237	151643	2.90	0	9
ptg004288l_1	226153	1208241	5.34	0	15
ptg004288l_1_region	226153	1208241	5.34	0	15
ptg004289l_1	95464	336453	3.52	0	10
ptg004289l_1_region	95464	336453	3.52	0	10
ptg004291l_1	330772	1595780	4.82	0	30
ptg004291l_1_region	330772	1595780	4.82	0	30
ptg004293l_1	58318	265710	4.56	0	12
ptg004293l_1_region	58318	265710	4.56	0	12
ptg004294l_1	110007	560499	5.10	0	12
ptg004294l_1_region	110007	560499	5.10	0	12
ptg004296l_1	216065	1167655	5.40	0	16
ptg004296l_1_region	216065	1167655	5.40	0	16
ptg004298l_1	114342	487022	4.26	0	12
ptg004298l_1_region	114342	487022	4.26	0	12
ptg004305l_1	138127	5805	0.04	0	1
ptg004305l_1_region	138127	5805	0.04	0	1
ptg004306l_1	480322	190253	0.40	0	13
ptg004306l_1_region	480322	190253	0.40	0	13
ptg004307l_1	681396	136563	0.20	0	4
ptg004307l_1_region	681396	136563	0.20	0	4
ptg004309l_1	555487	536828	0.97	0	31
ptg004309l_1_region	555487	536828	0.97	0	31
ptg004316l_1	176345	5771	0.03	0	1
ptg004316l_1_region	176345	5771	0.03	0	1
ptg004317l_1	429431	21468	0.05	0	4
ptg004317l_1_region	429431	21468	0.05	0	4
ptg004319l_1	77170	260558	3.38	0	8
ptg004319l_1_region	77170	260558	3.38	0	8
ptg004321l_1	31424	5274	0.17	0	3
ptg004321l_1_region	31424	5274	0.17	0	3
ptg004322l_1	200922	882509	4.39	0	14
ptg004322l_1_region	200922	882509	4.39	0	14
ptg004324l_1	506318	385165	0.76	0	11
ptg004324l_1_region	506318	385165	0.76	0	11
ptg004325l_1	315895	1523833	4.82	0	18
ptg004325l_1_region	315895	1523833	4.82	0	18
ptg004326l_1	238549	1475417	6.18	0	18
ptg004326l_1_region	238549	1475417	6.18	0	18
ptg004327l_1	18727	95296	5.09	0	9
ptg004327l_1_region	18727	95296	5.09	0	9
ptg004328l_1	67560	275871	4.08	0	17
ptg004328l_1_region	67560	275871	4.08	0	17
ptg004329l_1	89232	327912	3.67	0	15
ptg004329l_1_region	89232	327912	3.67	0	15
ptg004330l_1	43526	175250	4.03	0	10
ptg004330l_1_region	43526	175250	4.03	0	10
ptg004333l_1	155317	885168	5.70	0	26
ptg004333l_1_region	155317	885168	5.70	0	26
ptg004335l_1	472183	2384444	5.05	0	16
ptg004335l_1_region	472183	2384444	5.05	0	16
ptg004337l_1	74785	133084	1.78	0	13
ptg004337l_1_region	74785	133084	1.78	0	13
ptg004338l_1	79985	430195	5.38	0	14
ptg004338l_1_region	79985	430195	5.38	0	14
ptg004340l_1	423461	5341121	12.61	0	50
ptg004340l_1_region	423461	5341121	12.61	0	50
ptg004341l_1	383140	1746694	4.56	0	21
ptg004341l_1_region	383140	1746694	4.56	0	21
ptg004343l_1	137820	620931	4.51	0	14
ptg004343l_1_region	137820	620931	4.51	0	14
ptg004344l_1	151949	646167	4.25	0	12
ptg004344l_1_region	151949	646167	4.25	0	12
ptg004348l_1	226679	986214	4.35	0	15
ptg004348l_1_region	226679	986214	4.35	0	15
ptg004350l_1	104048	393520	3.78	0	12
ptg004350l_1_region	104048	393520	3.78	0	12
ptg004351l_1	665884	3611845	5.42	0	25
ptg004351l_1_region	665884	3611845	5.42	0	25
ptg004354l_1	20009	32166	1.61	0	12
ptg004354l_1_region	20009	32166	1.61	0	12
ptg004355l_1	184120	883500	4.80	0	31
ptg004355l_1_region	184120	883500	4.80	0	31
ptg004356l_1	101685	364624	3.59	0	10
ptg004356l_1_region	101685	364624	3.59	0	10
ptg004358l_1	334606	1499991	4.48	0	11
ptg004358l_1_region	334606	1499991	4.48	0	11
ptg004359l_1	201086	1017982	5.06	0	12
ptg004359l_1_region	201086	1017982	5.06	0	12
ptg004361l_1	187453	877215	4.68	0	12
ptg004361l_1_region	187453	877215	4.68	0	12
ptg004362l_1	19976	38766	1.94	0	6
ptg004362l_1_region	19976	38766	1.94	0	6
ptg004363l_1	421191	2388677	5.67	0	16
ptg004363l_1_region	421191	2388677	5.67	0	16
ptg004364l_1	96147	405851	4.22	0	14
ptg004364l_1_region	96147	405851	4.22	0	14
ptg004366l_1	44649	85706	1.92	0	5
ptg004366l_1_region	44649	85706	1.92	0	5
ptg004367l_1	72566	397044	5.47	0	16
ptg004367l_1_region	72566	397044	5.47	0	16
ptg004368l_1	132580	650105	4.90	0	21
ptg004368l_1_region	132580	650105	4.90	0	21
ptg004369l_1	297184	1132879	3.81	0	12
ptg004369l_1_region	297184	1132879	3.81	0	12
ptg004371l_1	804221	4935632	6.14	0	28
ptg004371l_1_region	804221	4935632	6.14	0	28
ptg004372l_1	2643756	6291569	2.38	0	50
ptg004372l_1_region	2643756	6291569	2.38	0	50
ptg004373l_1	227588	1093459	4.80	0	13
ptg004373l_1_region	227588	1093459	4.80	0	13
ptg004374l_1	84919	427142	5.03	0	9
ptg004374l_1_region	84919	427142	5.03	0	9
ptg004375l_1	555260	3254002	5.86	0	20
ptg004375l_1_region	555260	3254002	5.86	0	20
ptg004376l_1	156196	851761	5.45	0	13
ptg004376l_1_region	156196	851761	5.45	0	13
ptg004377l_1	241250	1194212	4.95	0	32
ptg004377l_1_region	241250	1194212	4.95	0	32
ptg004378l_1	201061	1542717	7.67	0	35
ptg004378l_1_region	201061	1542717	7.67	0	35
ptg004379l_1	322212	1855410	5.76	0	16
ptg004379l_1_region	322212	1855410	5.76	0	16
ptg004381l_1	34896	108387	3.11	0	12
ptg004381l_1_region	34896	108387	3.11	0	12
ptg004382l_1	197598	751740	3.80	0	12
ptg004382l_1_region	197598	751740	3.80	0	12
ptg004383l_1	150017	743943	4.96	0	16
ptg004383l_1_region	150017	743943	4.96	0	16
ptg004384l_1	208816	876955	4.20	0	14
ptg004384l_1_region	208816	876955	4.20	0	14
ptg004385l_1	144698	1568984	10.84	0	38
ptg004385l_1_region	144698	1568984	10.84	0	38
ptg004386l_1	890480	4682452	5.26	0	21
ptg004386l_1_region	890480	4682452	5.26	0	21
ptg004387l_1	145526	651794	4.48	0	12
ptg004387l_1_region	145526	651794	4.48	0	12
ptg004388l_1	284974	1656472	5.81	0	16
ptg004388l_1_region	284974	1656472	5.81	0	16
ptg004389l_1	488079	3231291	6.62	0	23
ptg004389l_1_region	488079	3231291	6.62	0	23
ptg004390l_1	280438	2079391	7.41	0	20
ptg004390l_1_region	280438	2079391	7.41	0	20
ptg004392l_1	227402	1042824	4.59	0	13
ptg004392l_1_region	227402	1042824	4.59	0	13
ptg004393l_1	325830	3067743	9.42	0	28
ptg004393l_1_region	325830	3067743	9.42	0	28
ptg004395l_1	54889	120056	2.19	0	6
ptg004395l_1_region	54889	120056	2.19	0	6
ptg004399l_1	350011	1735886	4.96	0	15
ptg004399l_1_region	350011	1735886	4.96	0	15
ptg004400l_1	216630	2201220	10.16	0	46
ptg004400l_1_region	216630	2201220	10.16	0	46
ptg004401l_1	622423	7270504	11.68	0	54
ptg004401l_1_region	622423	7270504	11.68	0	54
ptg004404l_1	70874	307401	4.34	0	11
ptg004404l_1_region	70874	307401	4.34	0	11
ptg004406l_1	131163	708494	5.40	0	14
ptg004406l_1_region	131163	708494	5.40	0	14
ptg004408l_1	203360	1010709	4.97	0	34
ptg004408l_1_region	203360	1010709	4.97	0	34
ptg004409l_1	535721	3064035	5.72	0	18
ptg004409l_1_region	535721	3064035	5.72	0	18
ptg004410l_1	106646	437541	4.10	0	15
ptg004410l_1_region	106646	437541	4.10	0	15
ptg004411l_1	189704	1075356	5.67	0	22
ptg004411l_1_region	189704	1075356	5.67	0	22
ptg004412l_1	188702	1134332	6.01	0	13
ptg004412l_1_region	188702	1134332	6.01	0	13
ptg004413l_1	549614	2976192	5.42	0	15
ptg004413l_1_region	549614	2976192	5.42	0	15
ptg004414l_1	518040	2725335	5.26	0	22
ptg004414l_1_region	518040	2725335	5.26	0	22
ptg004417l_1	71157	306323	4.30	0	11
ptg004417l_1_region	71157	306323	4.30	0	11
ptg004419l_1	236070	1295800	5.49	0	39
ptg004419l_1_region	236070	1295800	5.49	0	39
ptg004420l_1	89550	518347	5.79	0	16
ptg004420l_1_region	89550	518347	5.79	0	16
ptg004421l_1	258409	1311848	5.08	0	12
ptg004421l_1_region	258409	1311848	5.08	0	12
ptg004422l_1	86614	343280	3.96	0	11
ptg004422l_1_region	86614	343280	3.96	0	11
ptg004423l_1	283591	1423493	5.02	0	13
ptg004423l_1_region	283591	1423493	5.02	0	13
ptg004424l_1	567594	2355607	4.15	0	30
ptg004424l_1_region	567594	2355607	4.15	0	30
ptg004426l_1	932647	4940892	5.30	0	22
ptg004426l_1_region	932647	4940892	5.30	0	22
ptg004427l_1	279816	1820285	6.51	0	22
ptg004427l_1_region	279816	1820285	6.51	0	22
ptg004431l_1	288852	1421295	4.92	0	13
ptg004431l_1_region	288852	1421295	4.92	0	13
ptg004433l_1	556221	2466058	4.43	0	18
ptg004433l_1_region	556221	2466058	4.43	0	18
ptg004434l_1	308787	2193112	7.10	0	60
ptg004434l_1_region	308787	2193112	7.10	0	60
ptg004435l_1	582219	3083990	5.30	0	21
ptg004435l_1_region	582219	3083990	5.30	0	21
ptg004436l_1	271481	1145058	4.22	0	79
ptg004436l_1_region	271481	1145058	4.22	0	79
ptg004437l_1	404648	1915698	4.73	0	16
ptg004437l_1_region	404648	1915698	4.73	0	16
ptg004438l_1	318303	1837332	5.77	0	17
ptg004438l_1_region	318303	1837332	5.77	0	17
ptg004439l_1	186208	798375	4.29	0	11
ptg004439l_1_region	186208	798375	4.29	0	11
ptg004440l_1	82587	69522	0.84	0	9
ptg004440l_1_region	82587	69522	0.84	0	9
ptg004441l_1	105030	534199	5.09	0	25
ptg004441l_1_region	105030	534199	5.09	0	25
ptg004442l_1	254319	1178753	4.63	0	25
ptg004442l_1_region	254319	1178753	4.63	0	25
ptg004443l_1	447831	2652857	5.92	0	22
ptg004443l_1_region	447831	2652857	5.92	0	22
ptg004449l_1	29781	107827	3.62	0	7
ptg004449l_1_region	29781	107827	3.62	0	7
ptg004450l_1	45210	10027	0.22	0	9
ptg004450l_1_region	45210	10027	0.22	0	9
ptg004452l_1	173299	850120	4.91	0	12
ptg004452l_1_region	173299	850120	4.91	0	12
ptg004453l_1	241371	2929849	12.14	0	94
ptg004453l_1_region	241371	2929849	12.14	0	94
ptg004454l_1	110223	183012	1.66	0	19
ptg004454l_1_region	110223	183012	1.66	0	19
ptg004455l_1	166664	845521	5.07	0	15
ptg004455l_1_region	166664	845521	5.07	0	15
ptg004456l_1	11108	57277	5.16	1	10
ptg004456l_1_region	11108	57277	5.16	1	10
ptg004457l_1	87605	259597	2.96	0	10
ptg004457l_1_region	87605	259597	2.96	0	10
ptg004458l_1	147064	1286452	8.75	0	45
ptg004458l_1_region	147064	1286452	8.75	0	45
ptg004459l_1	313082	1214319	3.88	0	11
ptg004459l_1_region	313082	1214319	3.88	0	11
ptg004461l_1	59351	328357	5.53	0	15
ptg004461l_1_region	59351	328357	5.53	0	15
ptg004462l_1	304637	1172204	3.85	0	12
ptg004462l_1_region	304637	1172204	3.85	0	12
ptg004463l_1	44272	249195	5.63	0	18
ptg004463l_1_region	44272	249195	5.63	0	18
ptg004464l_1	301363	1443682	4.79	0	34
ptg004464l_1_region	301363	1443682	4.79	0	34
ptg004465l_1	186711	709768	3.80	0	14
ptg004465l_1_region	186711	709768	3.80	0	14
ptg004466l_1	148608	514533	3.46	0	12
ptg004466l_1_region	148608	514533	3.46	0	12
ptg004467l_1	32289	102332	3.17	0	12
ptg004467l_1_region	32289	102332	3.17	0	12
ptg004468l_1	997558	4698973	4.71	0	24
ptg004468l_1_region	997558	4698973	4.71	0	24
ptg004469l_1	16594	109040	6.57	1	11
ptg004469l_1_region	16594	109040	6.57	1	11
ptg004470l_1	192629	922434	4.79	0	14
ptg004470l_1_region	192629	922434	4.79	0	14
ptg004471l_1	812809	5685451	6.99	0	32
ptg004471l_1_region	812809	5685451	6.99	0	32
ptg004472l_1	20081	55081	2.74	0	5
ptg004472l_1_region	20081	55081	2.74	0	5
ptg004473l_1	419320	2041806	4.87	0	27
ptg004473l_1_region	419320	2041806	4.87	0	27
ptg004474l_1	98672	351695	3.56	0	11
ptg004474l_1_region	98672	351695	3.56	0	11
ptg004475l_1	197920	1008584	5.10	0	18
ptg004475l_1_region	197920	1008584	5.10	0	18
ptg004476l_1	149013	544869	3.66	0	13
ptg004476l_1_region	149013	544869	3.66	0	13
ptg004477l_1	615518	3028463	4.92	0	17
ptg004477l_1_region	615518	3028463	4.92	0	17
ptg004478l_1	346685	2125464	6.13	0	15
ptg004478l_1_region	346685	2125464	6.13	0	15
ptg004479l_1	241350	1782214	7.38	0	29
ptg004479l_1_region	241350	1782214	7.38	0	29
ptg004480l_1	203821	1111543	5.45	0	13
ptg004480l_1_region	203821	1111543	5.45	0	13
ptg004481l_1	471541	3563591	7.56	0	60
ptg004481l_1_region	471541	3563591	7.56	0	60
ptg004482l_1	175904	1299206	7.39	0	26
ptg004482l_1_region	175904	1299206	7.39	0	26
ptg004484l_1	438193	4012491	9.16	0	29
ptg004484l_1_region	438193	4012491	9.16	0	29
ptg004485l_1	304307	1556506	5.11	0	14
ptg004485l_1_region	304307	1556506	5.11	0	14
ptg004486l_1	64258	172715	2.69	0	8
ptg004486l_1_region	64258	172715	2.69	0	8
ptg004487l_1	76262	400564	5.25	0	10
ptg004487l_1_region	76262	400564	5.25	0	10
ptg004491l_1	134087	491059	3.66	0	15
ptg004491l_1_region	134087	491059	3.66	0	15
ptg004492l_1	220904	1226466	5.55	0	42
ptg004492l_1_region	220904	1226466	5.55	0	42
ptg004493l_1	181550	651617	3.59	0	17
ptg004493l_1_region	181550	651617	3.59	0	17
ptg004494l_1	230834	1037247	4.49	0	19
ptg004494l_1_region	230834	1037247	4.49	0	19
ptg004496l_1	641237	3553307	5.54	0	19
ptg004496l_1_region	641237	3553307	5.54	0	19
ptg004497l_1	385429	2211182	5.74	0	20
ptg004497l_1_region	385429	2211182	5.74	0	20
ptg004499l_1	48299	170121	3.52	0	13
ptg004499l_1_region	48299	170121	3.52	0	13
ptg004500l_1	273809	1157872	4.23	0	14
ptg004500l_1_region	273809	1157872	4.23	0	14
ptg004501l_1	52182	181316	3.47	0	12
ptg004501l_1_region	52182	181316	3.47	0	12
ptg004502l_1	151447	432919	2.86	0	13
ptg004502l_1_region	151447	432919	2.86	0	13
ptg004504l_1	87843	244581	2.78	0	7
ptg004504l_1_region	87843	244581	2.78	0	7
ptg004506l_1	97637	360201	3.69	0	9
ptg004506l_1_region	97637	360201	3.69	0	9
ptg004507l_1	225805	967589	4.29	0	13
ptg004507l_1_region	225805	967589	4.29	0	13
ptg004508l_1	121800	565108	4.64	0	12
ptg004508l_1_region	121800	565108	4.64	0	12
ptg004510l_1	222451	1283081	5.77	0	21
ptg004510l_1_region	222451	1283081	5.77	0	21
ptg004512l_1	40197	183535	4.57	0	13
ptg004512l_1_region	40197	183535	4.57	0	13
ptg004514l_1	122775	614877	5.01	0	20
ptg004514l_1_region	122775	614877	5.01	0	20
ptg004518l_1	189289	1490631	7.87	0	24
ptg004518l_1_region	189289	1490631	7.87	0	24
ptg004520l_1	439271	2659107	6.05	0	22
ptg004520l_1_region	439271	2659107	6.05	0	22
ptg004522l_1	191010	21705	0.11	0	11
ptg004522l_1_region	191010	21705	0.11	0	11
ptg004523l_1	484436	2779999	5.74	0	19
ptg004523l_1_region	484436	2779999	5.74	0	19
ptg004524l_1	159034	766736	4.82	0	12
ptg004524l_1_region	159034	766736	4.82	0	12
ptg004526l_1	85304	703873	8.25	0	34
ptg004526l_1_region	85304	703873	8.25	0	34
ptg004528l_1	47988	162489	3.39	0	40
ptg004528l_1_region	47988	162489	3.39	0	40
ptg004529l_1	27346	121525	4.44	0	12
ptg004529l_1_region	27346	121525	4.44	0	12
ptg004530l_1	130422	719366	5.52	0	15
ptg004530l_1_region	130422	719366	5.52	0	15
ptg004534l_1	36562	85947	2.35	0	5
ptg004534l_1_region	36562	85947	2.35	0	5
ptg004535l_1	225326	662593	2.94	0	13
ptg004535l_1_region	225326	662593	2.94	0	13
ptg004536l_1	801494	3932468	4.91	0	30
ptg004536l_1_region	801494	3932468	4.91	0	30
ptg004538l_1	168817	525375	3.11	0	8
ptg004538l_1_region	168817	525375	3.11	0	8
ptg004539l_1	88937	151481	1.70	0	12
ptg004539l_1_region	88937	151481	1.70	0	12
ptg004540l_1	93212	269736	2.89	0	14
ptg004540l_1_region	93212	269736	2.89	0	14
ptg004541l_1	279354	1391275	4.98	0	18
ptg004541l_1_region	279354	1391275	4.98	0	18
ptg004542l_1	406149	2018672	4.97	0	16
ptg004542l_1_region	406149	2018672	4.97	0	16
ptg004543l_1	103887	343676	3.31	0	9
ptg004543l_1_region	103887	343676	3.31	0	9
ptg004544l_1	67220	361267	5.37	0	14
ptg004544l_1_region	67220	361267	5.37	0	14
ptg004546l_1	30447	109700	3.60	0	8
ptg004546l_1_region	30447	109700	3.60	0	8
ptg004548l_1	228126	1452840	6.37	0	15
ptg004548l_1_region	228126	1452840	6.37	0	15
ptg004549l_1	496123	2917067	5.88	0	71
ptg004549l_1_region	496123	2917067	5.88	0	71
ptg004551l_1	499245	2400353	4.81	0	32
ptg004551l_1_region	499245	2400353	4.81	0	32
ptg004554l_1	157252	560302	3.56	0	41
ptg004554l_1_region	157252	560302	3.56	0	41
ptg004555l_1	74668	273730	3.67	0	14
ptg004555l_1_region	74668	273730	3.67	0	14
ptg004556l_1	48351	246496	5.10	0	30
ptg004556l_1_region	48351	246496	5.10	0	30
ptg004565l_1	408811	11631669	28.45	0	137
ptg004565l_1_region	408811	11631669	28.45	0	137
ptg004569l_1	88102	1502213	17.05	0	55
ptg004569l_1_region	88102	1502213	17.05	0	55
ptg004570l_1	636537	26280282	41.29	0	483
ptg004570l_1_region	636537	26280282	41.29	0	483
ptg004571l_1	28466	134689	4.73	0	9
ptg004571l_1_region	28466	134689	4.73	0	9
ptg004573l_1	237865	1334012	5.61	0	15
ptg004573l_1_region	237865	1334012	5.61	0	15
ptg004574l_1	115786	528994	4.57	0	14
ptg004574l_1_region	115786	528994	4.57	0	14
ptg004576l_1	105340	426707	4.05	0	9
ptg004576l_1_region	105340	426707	4.05	0	9
ptg004581l_1	46920	172552	3.68	0	12
ptg004581l_1_region	46920	172552	3.68	0	12
ptg004582l_1	210395	1052675	5.00	0	14
ptg004582l_1_region	210395	1052675	5.00	0	14
ptg004583l_1	23731	75792	3.19	0	8
ptg004583l_1_region	23731	75792	3.19	0	8
ptg004584l_1	60279	256737	4.26	0	10
ptg004584l_1_region	60279	256737	4.26	0	10
ptg004588l_1	1178270	4611104	3.91	0	18
ptg004588l_1_region	1178270	4611104	3.91	0	18
ptg004589l_1	164558	889213	5.40	0	48
ptg004589l_1_region	164558	889213	5.40	0	48
ptg004590l_1	333817	1540448	4.61	0	15
ptg004590l_1_region	333817	1540448	4.61	0	15
ptg004591l_1	575182	3739719	6.50	0	32
ptg004591l_1_region	575182	3739719	6.50	0	32
ptg004592l_1	223780	1417150	6.33	0	26
ptg004592l_1_region	223780	1417150	6.33	0	26
ptg004593l_1	341571	2566044	7.51	0	286
ptg004593l_1_region	341571	2566044	7.51	0	286
ptg004594l_1	243400	1606399	6.60	0	22
ptg004594l_1_region	243400	1606399	6.60	0	22
ptg004595l_1	348601	2717696	7.80	0	27
ptg004595l_1_region	348601	2717696	7.80	0	27
ptg004597l_1	224621	938893	4.18	0	15
ptg004597l_1_region	224621	938893	4.18	0	15
ptg004598l_1	187197	1192403	6.37	0	32
ptg004598l_1_region	187197	1192403	6.37	0	32
ptg004600l_1	204541	649403	3.17	0	21
ptg004600l_1_region	204541	649403	3.17	0	21
ptg004601l_1	408136	2392801	5.86	0	26
ptg004601l_1_region	408136	2392801	5.86	0	26
ptg004602l_1	555989	2606099	4.69	0	14
ptg004602l_1_region	555989	2606099	4.69	0	14
ptg004603l_1	428682	2210129	5.16	0	20
ptg004603l_1_region	428682	2210129	5.16	0	20
ptg004604l_1	138735	476114	3.43	0	14
ptg004604l_1_region	138735	476114	3.43	0	14
ptg004606l_1	102476	388178	3.79	0	9
ptg004606l_1_region	102476	388178	3.79	0	9
ptg004609l_1	456980	2620240	5.73	0	21
ptg004609l_1_region	456980	2620240	5.73	0	21
ptg004610l_1	280698	1182686	4.21	0	16
ptg004610l_1_region	280698	1182686	4.21	0	16
ptg004611l_1	64889	153865	2.37	0	14
ptg004611l_1_region	64889	153865	2.37	0	14
ptg004612l_1	99281	373384	3.76	0	12
ptg004612l_1_region	99281	373384	3.76	0	12
ptg004613l_1	33431	90131	2.70	0	7
ptg004613l_1_region	33431	90131	2.70	0	7
ptg004614l_1	206711	829024	4.01	0	37
ptg004614l_1_region	206711	829024	4.01	0	37
ptg004615l_1	52005	299500	5.76	0	13
ptg004615l_1_region	52005	299500	5.76	0	13
ptg004616l_1	207067	801370	3.87	0	10
ptg004616l_1_region	207067	801370	3.87	0	10
ptg004617l_1	282554	919874	3.26	0	10
ptg004617l_1_region	282554	919874	3.26	0	10
ptg004618l_1	187719	841854	4.48	0	12
ptg004618l_1_region	187719	841854	4.48	0	12
ptg004619l_1	812704	4305637	5.30	0	19
ptg004619l_1_region	812704	4305637	5.30	0	19
ptg004620l_1	252496	1288442	5.10	0	11
ptg004620l_1_region	252496	1288442	5.10	0	11
ptg004622l_1	375179	2082692	5.55	0	22
ptg004622l_1_region	375179	2082692	5.55	0	22
ptg004623l_1	180117	774728	4.30	0	19
ptg004623l_1_region	180117	774728	4.30	0	19
ptg004624l_1	74750	456875	6.11	0	14
ptg004624l_1_region	74750	456875	6.11	0	14
ptg004625l_1	216897	1112765	5.13	0	33
ptg004625l_1_region	216897	1112765	5.13	0	33
ptg004626l_1	134555	530677	3.94	0	10
ptg004626l_1_region	134555	530677	3.94	0	10
ptg004629l_1	415547	1943065	4.68	0	13
ptg004629l_1_region	415547	1943065	4.68	0	13
ptg004634l_1	367920	2077513	5.65	0	15
ptg004634l_1_region	367920	2077513	5.65	0	15
ptg004638l_1	83130	444958	5.35	0	12
ptg004638l_1_region	83130	444958	5.35	0	12
ptg004639l_1	169851	1029495	6.06	0	18
ptg004639l_1_region	169851	1029495	6.06	0	18
ptg004640l_1	219084	1719777	7.85	0	18
ptg004640l_1_region	219084	1719777	7.85	0	18
ptg004641l_1	289767	701879	2.42	0	43
ptg004641l_1_region	289767	701879	2.42	0	43
ptg004643l_1	118061	591245	5.01	0	17
ptg004643l_1_region	118061	591245	5.01	0	17
ptg004645l_1	282841	1801684	6.37	0	17
ptg004645l_1_region	282841	1801684	6.37	0	17
ptg004646l_1	216794	1740140	8.03	0	36
ptg004646l_1_region	216794	1740140	8.03	0	36
ptg004648l_1	35074	216652	6.18	0	17
ptg004648l_1_region	35074	216652	6.18	0	17
ptg004649l_1	115757	444591	3.84	0	12
ptg004649l_1_region	115757	444591	3.84	0	12
ptg004650l_1	76875	463062	6.02	0	13
ptg004650l_1_region	76875	463062	6.02	0	13
ptg004652l_1	210392	1868667	8.88	0	35
ptg004652l_1_region	210392	1868667	8.88	0	35
ptg004654l_1	390747	3553110	9.09	0	63
ptg004654l_1_region	390747	3553110	9.09	0	63
ptg004656l_1	69116	123993	1.79	0	10
ptg004656l_1_region	69116	123993	1.79	0	10
ptg004657l_1	211583	965890	4.57	0	11
ptg004657l_1_region	211583	965890	4.57	0	11
ptg004660l_1	381413	2641608	6.93	0	37
ptg004660l_1_region	381413	2641608	6.93	0	37
ptg004661l_1	435334	2163316	4.97	0	18
ptg004661l_1_region	435334	2163316	4.97	0	18
ptg004662l_1	49008	236047	4.82	0	13
ptg004662l_1_region	49008	236047	4.82	0	13
ptg004663l_1	721321	4095889	5.68	0	17
ptg004663l_1_region	721321	4095889	5.68	0	17
ptg004664l_1	115662	494839	4.28	0	15
ptg004664l_1_region	115662	494839	4.28	0	15
ptg004665l_1	371584	3113982	8.38	0	101
ptg004665l_1_region	371584	3113982	8.38	0	101
ptg004666l_1	86977	852272	9.80	0	21
ptg004666l_1_region	86977	852272	9.80	0	21
ptg004667l_1	300527	1558278	5.19	0	18
ptg004667l_1_region	300527	1558278	5.19	0	18
ptg004668l_1	186196	645491	3.47	0	11
ptg004668l_1_region	186196	645491	3.47	0	11
ptg004670l_1	321270	1430194	4.45	0	20
ptg004670l_1_region	321270	1430194	4.45	0	20
ptg004671l_1	139201	559224	4.02	0	11
ptg004671l_1_region	139201	559224	4.02	0	11
ptg004673l_1	197797	1208482	6.11	0	18
ptg004673l_1_region	197797	1208482	6.11	0	18
ptg004674l_1	103495	634652	6.13	0	24
ptg004674l_1_region	103495	634652	6.13	0	24
ptg004675l_1	279416	1253257	4.49	0	20
ptg004675l_1_region	279416	1253257	4.49	0	20
ptg004676l_1	178536	747464	4.19	0	37
ptg004676l_1_region	178536	747464	4.19	0	37
ptg004677l_1	312875	463392	1.48	0	27
ptg004677l_1_region	312875	463392	1.48	0	27
ptg004679l_1	392510	2028037	5.17	0	26
ptg004679l_1_region	392510	2028037	5.17	0	26
ptg004680l_1	234583	923127	3.94	0	13
ptg004680l_1_region	234583	923127	3.94	0	13
ptg004681l_1	108567	843049	7.77	0	18
ptg004681l_1_region	108567	843049	7.77	0	18
ptg004682l_1	791731	3893511	4.92	0	18
ptg004682l_1_region	791731	3893511	4.92	0	18
ptg004683l_1	100623	436825	4.34	0	16
ptg004683l_1_region	100623	436825	4.34	0	16
ptg004684l_1	14278	74443	5.21	0	14
ptg004684l_1_region	14278	74443	5.21	0	14
ptg004685l_1	357693	1871130	5.23	0	33
ptg004685l_1_region	357693	1871130	5.23	0	33
ptg004688l_1	467149	2804209	6.00	0	16
ptg004688l_1_region	467149	2804209	6.00	0	16
ptg004689l_1	396142	2235246	5.64	0	18
ptg004689l_1_region	396142	2235246	5.64	0	18
ptg004691l_1	373798	2000310	5.35	0	27
ptg004691l_1_region	373798	2000310	5.35	0	27
ptg004692l_1	391641	2316548	5.91	0	24
ptg004692l_1_region	391641	2316548	5.91	0	24
ptg004693l_1	101210	551904	5.45	0	13
ptg004693l_1_region	101210	551904	5.45	0	13
ptg004694l_1	541665	3435413	6.34	0	45
ptg004694l_1_region	541665	3435413	6.34	0	45
ptg004695l_1	257109	1025501	3.99	0	34
ptg004695l_1_region	257109	1025501	3.99	0	34
ptg004696l_1	621911	3338678	5.37	0	22
ptg004696l_1_region	621911	3338678	5.37	0	22
ptg004700l_1	114193	622787	5.45	0	13
ptg004700l_1_region	114193	622787	5.45	0	13
ptg004702l_1	148436	836457	5.64	0	14
ptg004702l_1_region	148436	836457	5.64	0	14
ptg004703l_1	352193	2081474	5.91	0	14
ptg004703l_1_region	352193	2081474	5.91	0	14
ptg004704l_1	94269	568625	6.03	0	25
ptg004704l_1_region	94269	568625	6.03	0	25
ptg004705l_1	24187	111174	4.60	0	10
ptg004705l_1_region	24187	111174	4.60	0	10
ptg004706l_1	564525	2926759	5.18	0	17
ptg004706l_1_region	564525	2926759	5.18	0	17
ptg004709l_1	196483	1067934	5.44	0	22
ptg004709l_1_region	196483	1067934	5.44	0	22
ptg004710l_1	1703875	9652976	5.67	0	19
ptg004710l_1_region	1703875	9652976	5.67	0	19
ptg004712l_1	10949	34103	3.11	0	6
ptg004712l_1_region	10949	34103	3.11	0	6
ptg004713l_1	24523	91378	3.73	0	11
ptg004713l_1_region	24523	91378	3.73	0	11
ptg004714l_1	72100	343273	4.76	0	30
ptg004714l_1_region	72100	343273	4.76	0	30
ptg004715l_1	34565	118860	3.44	0	9
ptg004715l_1_region	34565	118860	3.44	0	9
ptg004716l_1	257243	1365796	5.31	0	13
ptg004716l_1_region	257243	1365796	5.31	0	13
ptg004720l_1	57606	264659	4.59	0	9
ptg004720l_1_region	57606	264659	4.59	0	9
ptg004722l_1	952473	4928694	5.17	0	26
ptg004722l_1_region	952473	4928694	5.17	0	26
ptg004724l_1	625182	3770125	6.03	0	26
ptg004724l_1_region	625182	3770125	6.03	0	26
ptg004726l_1	410870	2614750	6.36	0	19
ptg004726l_1_region	410870	2614750	6.36	0	19
ptg004730l_1	111903	402072	3.59	0	10
ptg004730l_1_region	111903	402072	3.59	0	10
ptg004731l_1	377140	1366935	3.62	0	15
ptg004731l_1_region	377140	1366935	3.62	0	15
ptg004732l_1	654066	3552664	5.43	0	25
ptg004732l_1_region	654066	3552664	5.43	0	25
ptg004736l_1	160553	918496	5.72	0	13
ptg004736l_1_region	160553	918496	5.72	0	13
ptg004737l_1	1535695	1316013	0.86	0	24
ptg004737l_1_region	1535695	1316013	0.86	0	24
ptg004739l_1	394756	1775025	4.50	0	15
ptg004739l_1_region	394756	1775025	4.50	0	15
ptg004740l_1	202024	1253693	6.21	0	14
ptg004740l_1_region	202024	1253693	6.21	0	14
ptg004741l_1	139605	548516	3.93	0	15
ptg004741l_1_region	139605	548516	3.93	0	15
ptg004742l_1	253074	1580247	6.24	0	15
ptg004742l_1_region	253074	1580247	6.24	0	15
ptg004744l_1	34514	69062	2.00	0	6
ptg004744l_1_region	34514	69062	2.00	0	6
ptg004746l_1	169630	636860	3.75	0	15
ptg004746l_1_region	169630	636860	3.75	0	15
ptg004747l_1	319441	1795356	5.62	0	23
ptg004747l_1_region	319441	1795356	5.62	0	23
ptg004748l_1	309492	1299928	4.20	0	14
ptg004748l_1_region	309492	1299928	4.20	0	14
ptg004750l_1	489585	3163883	6.46	0	19
ptg004750l_1_region	489585	3163883	6.46	0	19
ptg004751l_1	20777	107713	5.18	0	17
ptg004751l_1_region	20777	107713	5.18	0	17
ptg004752l_1	99926	384100	3.84	0	20
ptg004752l_1_region	99926	384100	3.84	0	20
ptg004756l_1	153026	760417	4.97	0	35
ptg004756l_1_region	153026	760417	4.97	0	35
ptg004758l_1	273844	2129111	7.77	0	159
ptg004758l_1_region	273844	2129111	7.77	0	159
ptg004759l_1	303392	847294	2.79	0	41
ptg004759l_1_region	303392	847294	2.79	0	41
ptg004760l_1	495775	2951422	5.95	0	18
ptg004760l_1_region	495775	2951422	5.95	0	18
ptg004762l_1	147999	550815	3.72	0	9
ptg004762l_1_region	147999	550815	3.72	0	9
ptg004763l_1	426923	2066409	4.84	0	14
ptg004763l_1_region	426923	2066409	4.84	0	14
ptg004764l_1	149431	777823	5.21	0	13
ptg004764l_1_region	149431	777823	5.21	0	13
ptg004765l_1	11954	31192	2.61	0	6
ptg004765l_1_region	11954	31192	2.61	0	6
ptg004766l_1	282785	1519198	5.37	0	22
ptg004766l_1_region	282785	1519198	5.37	0	22
ptg004767l_1	23033	40940	1.78	0	4
ptg004767l_1_region	23033	40940	1.78	0	4
ptg004769l_1	24342	100172	4.12	0	9
ptg004769l_1_region	24342	100172	4.12	0	9
ptg004770l_1	52530	233783	4.45	0	30
ptg004770l_1_region	52530	233783	4.45	0	30
ptg004771l_1	570777	2893412	5.07	0	15
ptg004771l_1_region	570777	2893412	5.07	0	15
ptg004773l_1	16361	196838	12.03	0	18
ptg004773l_1_region	16361	196838	12.03	0	18
ptg004774l_1	85028	403791	4.75	0	16
ptg004774l_1_region	85028	403791	4.75	0	16
ptg004775l_1	185909	690837	3.72	0	10
ptg004775l_1_region	185909	690837	3.72	0	10
ptg004776l_1	20254	143668	7.09	0	16
ptg004776l_1_region	20254	143668	7.09	0	16
ptg004777l_1	112950	494154	4.37	0	12
ptg004777l_1_region	112950	494154	4.37	0	12
ptg004778l_1	168572	889014	5.27	0	13
ptg004778l_1_region	168572	889014	5.27	0	13
ptg004779l_1	59698	260663	4.37	0	11
ptg004779l_1_region	59698	260663	4.37	0	11
ptg004781l_1	779760	5248912	6.73	0	35
ptg004781l_1_region	779760	5248912	6.73	0	35
ptg004782l_1	116577	381539	3.27	0	27
ptg004782l_1_region	116577	381539	3.27	0	27
ptg004783l_1	185824	981310	5.28	0	15
ptg004783l_1_region	185824	981310	5.28	0	15
ptg004785l_1	277216	1760772	6.35	0	22
ptg004785l_1_region	277216	1760772	6.35	0	22
ptg004786l_1	367932	1479342	4.02	0	14
ptg004786l_1_region	367932	1479342	4.02	0	14
ptg004787l_1	24897	83820	3.37	0	7
ptg004787l_1_region	24897	83820	3.37	0	7
ptg004789l_1	231513	949669	4.10	0	13
ptg004789l_1_region	231513	949669	4.10	0	13
ptg004790l_1	95508	433403	4.54	0	12
ptg004790l_1_region	95508	433403	4.54	0	12
ptg004791l_1	252483	1229131	4.87	0	17
ptg004791l_1_region	252483	1229131	4.87	0	17
ptg004792l_1	440015	3402058	7.73	0	22
ptg004792l_1_region	440015	3402058	7.73	0	22
ptg004794l_1	140471	628965	4.48	0	29
ptg004794l_1_region	140471	628965	4.48	0	29
ptg004796l_1	83703	614562	7.34	0	29
ptg004796l_1_region	83703	614562	7.34	0	29
ptg004799l_1	16723	51223	3.06	0	11
ptg004799l_1_region	16723	51223	3.06	0	11
ptg004800l_1	383492	2245090	5.85	0	16
ptg004800l_1_region	383492	2245090	5.85	0	16
ptg004802l_1	204499	1288244	6.30	0	23
ptg004802l_1_region	204499	1288244	6.30	0	23
ptg004803l_1	324963	1610979	4.96	0	14
ptg004803l_1_region	324963	1610979	4.96	0	14
ptg004804l_1	350268	1303350	3.72	0	16
ptg004804l_1_region	350268	1303350	3.72	0	16
ptg004805l_1	299274	1667929	5.57	0	41
ptg004805l_1_region	299274	1667929	5.57	0	41
ptg004806l_1	472010	1402969	2.97	0	27
ptg004806l_1_region	472010	1402969	2.97	0	27
ptg004808l_1	318172	1379865	4.34	0	13
ptg004808l_1_region	318172	1379865	4.34	0	13
ptg004809l_1	410440	1892585	4.61	0	18
ptg004809l_1_region	410440	1892585	4.61	0	18
ptg004810l_1	125196	455651	3.64	0	13
ptg004810l_1_region	125196	455651	3.64	0	13
ptg004813l_1	109391	336302	3.07	0	16
ptg004813l_1_region	109391	336302	3.07	0	16
ptg004814l_1	426083	2218105	5.21	0	19
ptg004814l_1_region	426083	2218105	5.21	0	19
ptg004817l_1	40922	152006	3.71	0	7
ptg004817l_1_region	40922	152006	3.71	0	7
ptg004818l_1	28291	246760	8.72	0	14
ptg004818l_1_region	28291	246760	8.72	0	14
ptg004820l_1	725201	3575818	4.93	0	21
ptg004820l_1_region	725201	3575818	4.93	0	21
ptg004823l_1	271657	1219978	4.49	0	25
ptg004823l_1_region	271657	1219978	4.49	0	25
ptg004824l_1	21814	117322	5.38	0	9
ptg004824l_1_region	21814	117322	5.38	0	9
ptg004825l_1	107958	391824	3.63	0	18
ptg004825l_1_region	107958	391824	3.63	0	18
ptg004826l_1	117658	464976	3.95	0	16
ptg004826l_1_region	117658	464976	3.95	0	16
ptg004827l_1	256353	878588	3.43	0	14
ptg004827l_1_region	256353	878588	3.43	0	14
ptg004833l_1	286086	1259362	4.40	0	16
ptg004833l_1_region	286086	1259362	4.40	0	16
ptg004834l_1	63296	382532	6.04	0	20
ptg004834l_1_region	63296	382532	6.04	0	20
ptg004835l_1	477351	1424508	2.98	0	14
ptg004835l_1_region	477351	1424508	2.98	0	14
ptg004836l_1	503451	2300085	4.57	0	11
ptg004836l_1_region	503451	2300085	4.57	0	11
ptg004837l_1	583083	3197782	5.48	0	17
ptg004837l_1_region	583083	3197782	5.48	0	17
ptg004839l_1	248194	735941	2.97	0	27
ptg004839l_1_region	248194	735941	2.97	0	27
ptg004841l_1	39564	155671	3.93	0	14
ptg004841l_1_region	39564	155671	3.93	0	14
ptg004842l_1	496929	2877518	5.79	0	24
ptg004842l_1_region	496929	2877518	5.79	0	24
ptg004846l_1	270583	1576893	5.83	0	18
ptg004846l_1_region	270583	1576893	5.83	0	18
ptg004847l_1	262614	1539797	5.86	0	20
ptg004847l_1_region	262614	1539797	5.86	0	20
ptg004848l_1	27055	113662	4.20	0	8
ptg004848l_1_region	27055	113662	4.20	0	8
ptg004849l_1	167473	619784	3.70	0	11
ptg004849l_1_region	167473	619784	3.70	0	11
ptg004850l_1	58466	449942	7.70	0	24
ptg004850l_1_region	58466	449942	7.70	0	24
ptg004851l_1	61503	155610	2.53	0	8
ptg004851l_1_region	61503	155610	2.53	0	8
ptg004853l_1	47397	272625	5.75	0	20
ptg004853l_1_region	47397	272625	5.75	0	20
ptg004855l_1	419226	2063946	4.92	0	17
ptg004855l_1_region	419226	2063946	4.92	0	17
ptg004857l_1	66814	458412	6.86	0	17
ptg004857l_1_region	66814	458412	6.86	0	17
ptg004859l_1	461843	3745625	8.11	0	38
ptg004859l_1_region	461843	3745625	8.11	0	38
ptg004864l_1	413077	3137438	7.60	0	73
ptg004864l_1_region	413077	3137438	7.60	0	73
ptg004865l_1	74784	189452	2.53	0	10
ptg004865l_1_region	74784	189452	2.53	0	10
ptg004867l_1	24682	56864	2.30	0	12
ptg004867l_1_region	24682	56864	2.30	0	12
ptg004868l_1	76731	521888	6.80	0	14
ptg004868l_1_region	76731	521888	6.80	0	14
ptg004872l_1	74855	240842	3.22	0	11
ptg004872l_1_region	74855	240842	3.22	0	11
ptg004875l_1	228344	899665	3.94	0	11
ptg004875l_1_region	228344	899665	3.94	0	11
ptg004876l_1	107091	714756	6.67	0	52
ptg004876l_1_region	107091	714756	6.67	0	52
ptg004877l_1	30345	174055	5.74	0	9
ptg004877l_1_region	30345	174055	5.74	0	9
ptg004878l_1	154383	826950	5.36	0	22
ptg004878l_1_region	154383	826950	5.36	0	22
ptg004879l_1	182743	1032690	5.65	0	15
ptg004879l_1_region	182743	1032690	5.65	0	15
ptg004880l_1	53007	265433	5.01	0	9
ptg004880l_1_region	53007	265433	5.01	0	9
ptg004881l_1	114937	705244	6.14	0	14
ptg004881l_1_region	114937	705244	6.14	0	14
ptg004882l_1	229018	1760198	7.69	0	59
ptg004882l_1_region	229018	1760198	7.69	0	59
ptg004883l_1	37238	148552	3.99	0	10
ptg004883l_1_region	37238	148552	3.99	0	10
ptg004885l_1	333396	2112999	6.34	0	25
ptg004885l_1_region	333396	2112999	6.34	0	25
ptg004886l_1	323308	2270809	7.02	0	32
ptg004886l_1_region	323308	2270809	7.02	0	32
ptg004889l_1	75033	275809	3.68	0	15
ptg004889l_1_region	75033	275809	3.68	0	15
ptg004890l_1	728817	3983883	5.47	0	17
ptg004890l_1_region	728817	3983883	5.47	0	17
ptg004895l_1	743487	1030824	1.39	0	15
ptg004895l_1_region	743487	1030824	1.39	0	15
ptg004896l_1	25772	125642	4.88	0	10
ptg004896l_1_region	25772	125642	4.88	0	10
ptg004898l_1	69740	350221	5.02	0	14
ptg004898l_1_region	69740	350221	5.02	0	14
ptg004899l_1	323106	944279	2.92	0	13
ptg004899l_1_region	323106	944279	2.92	0	13
ptg004900l_1	217809	1023788	4.70	0	12
ptg004900l_1_region	217809	1023788	4.70	0	12
ptg004901l_1	17966	34645	1.93	0	6
ptg004901l_1_region	17966	34645	1.93	0	6
ptg004903l_1	93411	241575	2.59	0	11
ptg004903l_1_region	93411	241575	2.59	0	11
ptg004904l_1	51607	154821	3.00	0	9
ptg004904l_1_region	51607	154821	3.00	0	9
ptg004906l_1	33414	111347	3.33	0	9
ptg004906l_1_region	33414	111347	3.33	0	9
ptg004907l_1	259504	1152576	4.44	0	45
ptg004907l_1_region	259504	1152576	4.44	0	45
ptg004908l_1	78027	342606	4.39	0	11
ptg004908l_1_region	78027	342606	4.39	0	11
ptg004909l_1	159163	1186884	7.46	0	38
ptg004909l_1_region	159163	1186884	7.46	0	38
ptg004910l_1	318365	1455969	4.57	0	15
ptg004910l_1_region	318365	1455969	4.57	0	15
ptg004913l_1	69741	252171	3.62	0	13
ptg004913l_1_region	69741	252171	3.62	0	13
ptg004914l_1	95733	549172	5.74	0	25
ptg004914l_1_region	95733	549172	5.74	0	25
ptg004915l_1	968308	7268624	7.51	0	59
ptg004915l_1_region	968308	7268624	7.51	0	59
ptg004917l_1	100254	248634	2.48	0	11
ptg004917l_1_region	100254	248634	2.48	0	11
ptg004918l_1	107584	194441	1.81	0	21
ptg004918l_1_region	107584	194441	1.81	0	21
ptg004919l_1	206539	1015809	4.92	0	20
ptg004919l_1_region	206539	1015809	4.92	0	20
ptg004921l_1	101217	428283	4.23	0	14
ptg004921l_1_region	101217	428283	4.23	0	14
ptg004922l_1	435817	1853041	4.25	0	20
ptg004922l_1_region	435817	1853041	4.25	0	20
ptg004923l_1	28821	98540	3.42	0	7
ptg004923l_1_region	28821	98540	3.42	0	7
ptg004925l_1	1131048	8732411	7.72	0	28
ptg004925l_1_region	1131048	8732411	7.72	0	28
ptg004926l_1	60254	178447	2.96	0	8
ptg004926l_1_region	60254	178447	2.96	0	8
ptg004927l_1	531070	1268704	2.39	0	14
ptg004927l_1_region	531070	1268704	2.39	0	14
ptg004928l_1	18760	118452	6.31	0	15
ptg004928l_1_region	18760	118452	6.31	0	15
ptg004929l_1	505796	2715634	5.37	0	15
ptg004929l_1_region	505796	2715634	5.37	0	15
ptg004930l_1	76650	378544	4.94	0	13
ptg004930l_1_region	76650	378544	4.94	0	13
ptg004931l_1	328650	1244898	3.79	0	16
ptg004931l_1_region	328650	1244898	3.79	0	16
ptg004932l_1	32156	197440	6.14	0	24
ptg004932l_1_region	32156	197440	6.14	0	24
ptg004933l_1	52061	144376	2.77	0	13
ptg004933l_1_region	52061	144376	2.77	0	13
ptg004937l_1	385060	1629644	4.23	0	16
ptg004937l_1_region	385060	1629644	4.23	0	16
ptg004939l_1	66029	356481	5.40	0	11
ptg004939l_1_region	66029	356481	5.40	0	11
ptg004940l_1	221756	1363136	6.15	0	21
ptg004940l_1_region	221756	1363136	6.15	0	21
ptg004942l_1	222246	1027700	4.62	0	15
ptg004942l_1_region	222246	1027700	4.62	0	15
ptg004943l_1	233016	1349406	5.79	0	14
ptg004943l_1_region	233016	1349406	5.79	0	14
ptg004944l_1	48818	219314	4.49	0	13
ptg004944l_1_region	48818	219314	4.49	0	13
ptg004947l_1	312491	1079927	3.46	0	27
ptg004947l_1_region	312491	1079927	3.46	0	27
ptg004950l_1	353912	2285030	6.46	0	16
ptg004950l_1_region	353912	2285030	6.46	0	16
ptg004951l_1	91863	583463	6.35	0	16
ptg004951l_1_region	91863	583463	6.35	0	16
ptg004952l_1	196004	1132502	5.78	0	16
ptg004952l_1_region	196004	1132502	5.78	0	16
ptg004954l_1	118651	517601	4.36	0	13
ptg004954l_1_region	118651	517601	4.36	0	13
ptg004955l_1	152032	765117	5.03	0	13
ptg004955l_1_region	152032	765117	5.03	0	13
ptg004956l_1	668800	4026771	6.02	0	30
ptg004956l_1_region	668800	4026771	6.02	0	30
ptg004958l_1	22625	250731	11.08	2	17
ptg004958l_1_region	22625	250731	11.08	2	17
ptg004959l_1	97798	163635	1.67	0	13
ptg004959l_1_region	97798	163635	1.67	0	13
ptg004962l_1	47016	102973	2.19	0	10
ptg004962l_1_region	47016	102973	2.19	0	10
ptg004966l_1	586194	1816822	3.10	0	13
ptg004966l_1_region	586194	1816822	3.10	0	13
ptg004968l_1	231913	1127107	4.86	0	17
ptg004968l_1_region	231913	1127107	4.86	0	17
ptg004969l_1	367776	1747631	4.75	0	15
ptg004969l_1_region	367776	1747631	4.75	0	15
ptg004970l_1	227834	914156	4.01	0	22
ptg004970l_1_region	227834	914156	4.01	0	22
ptg004972l_1	86090	458419	5.32	0	14
ptg004972l_1_region	86090	458419	5.32	0	14
ptg004974l_1	89511	492387	5.50	0	15
ptg004974l_1_region	89511	492387	5.50	0	15
ptg004978l_1	195277	1108237	5.68	0	16
ptg004978l_1_region	195277	1108237	5.68	0	16
ptg004980l_1	300488	1789741	5.96	0	22
ptg004980l_1_region	300488	1789741	5.96	0	22
ptg004983l_1	436682	3080462	7.05	0	25
ptg004983l_1_region	436682	3080462	7.05	0	25
ptg004984l_1	184641	459437	2.49	0	9
ptg004984l_1_region	184641	459437	2.49	0	9
ptg004989l_1	139561	643656	4.61	0	13
ptg004989l_1_region	139561	643656	4.61	0	13
ptg004992l_1	956351	5705910	5.97	0	41
ptg004992l_1_region	956351	5705910	5.97	0	41
ptg004993l_1	157048	1082171	6.89	0	32
ptg004993l_1_region	157048	1082171	6.89	0	32
ptg004994l_1	709386	3758688	5.30	0	22
ptg004994l_1_region	709386	3758688	5.30	0	22
ptg004996l_1	29669	106059	3.57	0	8
ptg004996l_1_region	29669	106059	3.57	0	8
ptg004998l_1	118608	545102	4.60	0	20
ptg004998l_1_region	118608	545102	4.60	0	20
ptg005000l_1	238080	1075749	4.52	0	15
ptg005000l_1_region	238080	1075749	4.52	0	15
ptg005001l_1	399479	2101012	5.26	0	17
ptg005001l_1_region	399479	2101012	5.26	0	17
ptg005002l_1	57185	297977	5.21	0	12
ptg005002l_1_region	57185	297977	5.21	0	12
ptg005004l_1	126354	683444	5.41	0	13
ptg005004l_1_region	126354	683444	5.41	0	13
ptg005006l_1	111956	889087	7.94	0	32
ptg005006l_1_region	111956	889087	7.94	0	32
ptg005010l_1	425951	1991681	4.68	0	17
ptg005010l_1_region	425951	1991681	4.68	0	17
ptg005012l_1	42751	58025	1.36	0	4
ptg005012l_1_region	42751	58025	1.36	0	4
ptg005013l_1	117551	616683	5.25	0	17
ptg005013l_1_region	117551	616683	5.25	0	17
ptg005014l_1	107696	335128	3.11	0	9
ptg005014l_1_region	107696	335128	3.11	0	9
ptg005015l_1	604227	3141013	5.20	0	20
ptg005015l_1_region	604227	3141013	5.20	0	20
ptg005016l_1	67303	310963	4.62	0	19
ptg005016l_1_region	67303	310963	4.62	0	19
ptg005019l_1	844599	4966278	5.88	0	18
ptg005019l_1_region	844599	4966278	5.88	0	18
ptg005021l_1	302865	2696924	8.90	0	22
ptg005021l_1_region	302865	2696924	8.90	0	22
ptg005024l_1	109568	594858	5.43	0	36
ptg005024l_1_region	109568	594858	5.43	0	36
ptg005025l_1	49733	167970	3.38	0	10
ptg005025l_1_region	49733	167970	3.38	0	10
ptg005026l_1	129665	653232	5.04	0	12
ptg005026l_1_region	129665	653232	5.04	0	12
ptg005028l_1	323690	1276687	3.94	0	20
ptg005028l_1_region	323690	1276687	3.94	0	20
ptg005029l_1	47690	341292	7.16	0	29
ptg005029l_1_region	47690	341292	7.16	0	29
ptg005030l_1	496298	1744749	3.52	0	32
ptg005030l_1_region	496298	1744749	3.52	0	32
ptg005031l_1	404957	3325173	8.21	0	69
ptg005031l_1_region	404957	3325173	8.21	0	69
ptg005033l_1	199982	976290	4.88	0	30
ptg005033l_1_region	199982	976290	4.88	0	30
ptg005035l_1	47881	203808	4.26	0	14
ptg005035l_1_region	47881	203808	4.26	0	14
ptg005038l_1	80737	249831	3.09	0	8
ptg005038l_1_region	80737	249831	3.09	0	8
ptg005039l_1	225817	721855	3.20	0	14
ptg005039l_1_region	225817	721855	3.20	0	14
ptg005041l_1	230114	347053	1.51	0	16
ptg005041l_1_region	230114	347053	1.51	0	16
ptg005042l_1	108612	325930	3.00	0	13
ptg005042l_1_region	108612	325930	3.00	0	13
ptg005043l_1	251343	1392866	5.54	0	377
ptg005043l_1_region	251343	1392866	5.54	0	377
ptg005045l_1	317634	1760683	5.54	0	22
ptg005045l_1_region	317634	1760683	5.54	0	22
ptg005046l_1	64179	355924	5.55	0	18
ptg005046l_1_region	64179	355924	5.55	0	18
ptg005047l_1	261683	1384169	5.29	0	16
ptg005047l_1_region	261683	1384169	5.29	0	16
ptg005049l_1	161875	847091	5.23	0	15
ptg005049l_1_region	161875	847091	5.23	0	15
ptg005051l_1	264337	1378074	5.21	0	17
ptg005051l_1_region	264337	1378074	5.21	0	17
ptg005052l_1	18475	2444	0.13	0	5
ptg005052l_1_region	18475	2444	0.13	0	5
ptg005054l_1	302941	5155242	17.02	0	179
ptg005054l_1_region	302941	5155242	17.02	0	179
ptg005055l_1	170479	541848	3.18	0	9
ptg005055l_1_region	170479	541848	3.18	0	9
ptg005056l_1	390442	3634972	9.31	0	49
ptg005056l_1_region	390442	3634972	9.31	0	49
ptg005057l_1	223247	1216553	5.45	0	17
ptg005057l_1_region	223247	1216553	5.45	0	17
ptg005058l_1	151182	662353	4.38	0	23
ptg005058l_1_region	151182	662353	4.38	0	23
ptg005059l_1	18253	3601	0.20	0	4
ptg005059l_1_region	18253	3601	0.20	0	4
ptg005060l_1	379093	1872352	4.94	0	19
ptg005060l_1_region	379093	1872352	4.94	0	19
ptg005061l_1	126561	694123	5.48	0	14
ptg005061l_1_region	126561	694123	5.48	0	14
ptg005063l_1	105681	791286	7.49	0	30
ptg005063l_1_region	105681	791286	7.49	0	30
ptg005066l_1	487050	2751830	5.65	0	30
ptg005066l_1_region	487050	2751830	5.65	0	30
ptg005067l_1	57717	272267	4.72	0	11
ptg005067l_1_region	57717	272267	4.72	0	11
ptg005068l_1	182405	840979	4.61	0	12
ptg005068l_1_region	182405	840979	4.61	0	12
ptg005070l_1	391013	2232464	5.71	0	32
ptg005070l_1_region	391013	2232464	5.71	0	32
ptg005071l_1	102333	305573	2.99	0	9
ptg005071l_1_region	102333	305573	2.99	0	9
ptg005072l_1	676865	4145392	6.12	0	36
ptg005072l_1_region	676865	4145392	6.12	0	36
ptg005074l_1	329122	1689395	5.13	0	18
ptg005074l_1_region	329122	1689395	5.13	0	18
ptg005075l_1	314723	1625689	5.17	0	19
ptg005075l_1_region	314723	1625689	5.17	0	19
ptg005076l_1	127543	784518	6.15	0	13
ptg005076l_1_region	127543	784518	6.15	0	13
ptg005078l_1	168763	740737	4.39	0	59
ptg005078l_1_region	168763	740737	4.39	0	59
ptg005080l_1	301337	4062596	13.48	0	79
ptg005080l_1_region	301337	4062596	13.48	0	79
ptg005083l_1	49372	138650	2.81	0	8
ptg005083l_1_region	49372	138650	2.81	0	8
ptg005088l_1	246963	1407422	5.70	0	17
ptg005088l_1_region	246963	1407422	5.70	0	17
ptg005089l_1	284314	1180578	4.15	0	14
ptg005089l_1_region	284314	1180578	4.15	0	14
ptg005090l_1	235888	1024741	4.34	0	13
ptg005090l_1_region	235888	1024741	4.34	0	13
ptg005091l_1	185376	528611	2.85	0	11
ptg005091l_1_region	185376	528611	2.85	0	11
ptg005093l_1	334227	1236485	3.70	0	13
ptg005093l_1_region	334227	1236485	3.70	0	13
ptg005094l_1	421124	2345781	5.57	0	19
ptg005094l_1_region	421124	2345781	5.57	0	19
ptg005097l_1	72079	378568	5.25	0	13
ptg005097l_1_region	72079	378568	5.25	0	13
ptg005098l_1	226412	889273	3.93	0	10
ptg005098l_1_region	226412	889273	3.93	0	10
ptg005099l_1	950870	3866509	4.07	0	40
ptg005099l_1_region	950870	3866509	4.07	0	40
ptg005102l_1	150492	615160	4.09	0	12
ptg005102l_1_region	150492	615160	4.09	0	12
ptg005103l_1	110420	663962	6.01	0	19
ptg005103l_1_region	110420	663962	6.01	0	19
ptg005106l_1	272893	1235945	4.53	0	28
ptg005106l_1_region	272893	1235945	4.53	0	28
ptg005107l_1	343894	2078206	6.04	0	26
ptg005107l_1_region	343894	2078206	6.04	0	26
ptg005108l_1	39893	201067	5.04	0	18
ptg005108l_1_region	39893	201067	5.04	0	18
ptg005113l_1	199325	857521	4.30	0	16
ptg005113l_1_region	199325	857521	4.30	0	16
ptg005114l_1	299829	1431574	4.77	0	17
ptg005114l_1_region	299829	1431574	4.77	0	17
ptg005115l_1	246078	1080474	4.39	0	19
ptg005115l_1_region	246078	1080474	4.39	0	19
ptg005118l_1	220856	1172563	5.31	0	22
ptg005118l_1_region	220856	1172563	5.31	0	22
ptg005119l_1	155642	603329	3.88	0	13
ptg005119l_1_region	155642	603329	3.88	0	13
ptg005120l_1	456437	2691030	5.90	0	36
ptg005120l_1_region	456437	2691030	5.90	0	36
ptg005122l_1	104011	579357	5.57	0	15
ptg005122l_1_region	104011	579357	5.57	0	15
ptg005123l_1	370069	1753489	4.74	0	22
ptg005123l_1_region	370069	1753489	4.74	0	22
ptg005125l_1	82349	437721	5.32	0	15
ptg005125l_1_region	82349	437721	5.32	0	15
ptg005127l_1	84513	286437	3.39	0	14
ptg005127l_1_region	84513	286437	3.39	0	14
ptg005128l_1	384953	1544571	4.01	0	13
ptg005128l_1_region	384953	1544571	4.01	0	13
ptg005130l_1	171272	671979	3.92	0	12
ptg005130l_1_region	171272	671979	3.92	0	12
ptg005133l_1	2231265	3157070	1.41	0	18
ptg005133l_1_region	2231265	3157070	1.41	0	18
ptg005136l_1	201893	1124136	5.57	0	13
ptg005136l_1_region	201893	1124136	5.57	0	13
ptg005137l_1	167327	1166471	6.97	0	26
ptg005137l_1_region	167327	1166471	6.97	0	26
ptg005138l_1	159617	705584	4.42	0	18
ptg005138l_1_region	159617	705584	4.42	0	18
ptg005139l_1	126606	694832	5.49	0	16
ptg005139l_1_region	126606	694832	5.49	0	16
ptg005140l_1	58821	259266	4.41	0	11
ptg005140l_1_region	58821	259266	4.41	0	11
ptg005142l_1	47336	139415	2.95	0	8
ptg005142l_1_region	47336	139415	2.95	0	8
ptg005143l_1	80616	263565	3.27	0	11
ptg005143l_1_region	80616	263565	3.27	0	11
ptg005145l_1	241209	739169	3.06	0	15
ptg005145l_1_region	241209	739169	3.06	0	15
ptg005148l_1	50364	97478	1.94	0	8
ptg005148l_1_region	50364	97478	1.94	0	8
ptg005149l_1	292688	1199462	4.10	0	21
ptg005149l_1_region	292688	1199462	4.10	0	21
ptg005150l_1	103025	461715	4.48	0	19
ptg005150l_1_region	103025	461715	4.48	0	19
ptg005151l_1	38390	166752	4.34	0	11
ptg005151l_1_region	38390	166752	4.34	0	11
ptg005154l_1	1062229	6869569	6.47	0	29
ptg005154l_1_region	1062229	6869569	6.47	0	29
ptg005157l_1	22037	127768	5.80	0	12
ptg005157l_1_region	22037	127768	5.80	0	12
ptg005158l_1	202534	720193	3.56	0	18
ptg005158l_1_region	202534	720193	3.56	0	18
ptg005159l_1	547451	2716565	4.96	0	18
ptg005159l_1_region	547451	2716565	4.96	0	18
ptg005162l_1	547791	2431092	4.44	0	21
ptg005162l_1_region	547791	2431092	4.44	0	21
ptg005163l_1	32734	197976	6.05	0	26
ptg005163l_1_region	32734	197976	6.05	0	26
ptg005164l_1	221863	1023378	4.61	0	10
ptg005164l_1_region	221863	1023378	4.61	0	10
ptg005165l_1	50779	218248	4.30	0	11
ptg005165l_1_region	50779	218248	4.30	0	11
ptg005167l_1	31245	121502	3.89	0	11
ptg005167l_1_region	31245	121502	3.89	0	11
ptg005169l_1	273811	976201	3.57	0	17
ptg005169l_1_region	273811	976201	3.57	0	17
ptg005172l_1	127246	950253	7.47	0	78
ptg005172l_1_region	127246	950253	7.47	0	78
ptg005176l_1	159021	503969	3.17	0	10
ptg005176l_1_region	159021	503969	3.17	0	10
ptg005177l_1	63972	264134	4.13	0	11
ptg005177l_1_region	63972	264134	4.13	0	11
ptg005178l_1	127651	704665	5.52	0	19
ptg005178l_1_region	127651	704665	5.52	0	19
ptg005179l_1	150719	676150	4.49	0	12
ptg005179l_1_region	150719	676150	4.49	0	12
ptg005180l_1	28593	86482	3.02	0	7
ptg005180l_1_region	28593	86482	3.02	0	7
ptg005181l_1	38642	218404	5.65	0	26
ptg005181l_1_region	38642	218404	5.65	0	26
ptg005182l_1	119701	625363	5.22	0	12
ptg005182l_1_region	119701	625363	5.22	0	12
ptg005183l_1	148179	610158	4.12	0	11
ptg005183l_1_region	148179	610158	4.12	0	11
ptg005184l_1	51126	82428	1.61	0	7
ptg005184l_1_region	51126	82428	1.61	0	7
ptg005186l_1	214174	974993	4.55	0	16
ptg005186l_1_region	214174	974993	4.55	0	16
ptg005187l_1	25057	111437	4.45	0	13
ptg005187l_1_region	25057	111437	4.45	0	13
ptg005188l_1	224380	1329517	5.93	0	15
ptg005188l_1_region	224380	1329517	5.93	0	15
ptg005189l_1	160635	714515	4.45	0	23
ptg005189l_1_region	160635	714515	4.45	0	23
ptg005190l_1	457765	1896833	4.14	0	21
ptg005190l_1_region	457765	1896833	4.14	0	21
ptg005192l_1	168516	744827	4.42	0	16
ptg005192l_1_region	168516	744827	4.42	0	16
ptg005193l_1	381955	2123051	5.56	0	16
ptg005193l_1_region	381955	2123051	5.56	0	16
ptg005194l_1	306780	1662285	5.42	0	16
ptg005194l_1_region	306780	1662285	5.42	0	16
ptg005195l_1	63386	313683	4.95	0	20
ptg005195l_1_region	63386	313683	4.95	0	20
ptg005196l_1	179643	750284	4.18	0	12
ptg005196l_1_region	179643	750284	4.18	0	12
ptg005197l_1	35708	129744	3.63	0	10
ptg005197l_1_region	35708	129744	3.63	0	10
ptg005199l_1	90727	403646	4.45	0	13
ptg005199l_1_region	90727	403646	4.45	0	13
ptg005200l_1	154287	541406	3.51	0	53
ptg005200l_1_region	154287	541406	3.51	0	53
ptg005201l_1	541833	2851982	5.26	0	17
ptg005201l_1_region	541833	2851982	5.26	0	17
ptg005202l_1	12353	78370	6.34	3	10
ptg005202l_1_region	12353	78370	6.34	3	10
ptg005203l_1	229270	1521152	6.63	0	25
ptg005203l_1_region	229270	1521152	6.63	0	25
ptg005205l_1	163988	523875	3.19	0	10
ptg005205l_1_region	163988	523875	3.19	0	10
ptg005206l_1	42565	135631	3.19	0	8
ptg005206l_1_region	42565	135631	3.19	0	8
ptg005207l_1	94183	110688	1.18	0	23
ptg005207l_1_region	94183	110688	1.18	0	23
ptg005208l_1	124886	566887	4.54	0	13
ptg005208l_1_region	124886	566887	4.54	0	13
ptg005209l_1	71767	326800	4.55	0	18
ptg005209l_1_region	71767	326800	4.55	0	18
ptg005210l_1	289915	1036614	3.58	0	17
ptg005210l_1_region	289915	1036614	3.58	0	17
ptg005211l_1	745132	1665597	2.24	0	22
ptg005211l_1_region	745132	1665597	2.24	0	22
ptg005214l_1	351900	168096	0.48	0	12
ptg005214l_1_region	351900	168096	0.48	0	12
ptg005215l_1	733875	7972439	10.86	0	43
ptg005215l_1_region	733875	7972439	10.86	0	43
ptg005219l_1	269864	820237	3.04	0	20
ptg005219l_1_region	269864	820237	3.04	0	20
ptg005220l_1	159747	597297	3.74	0	14
ptg005220l_1_region	159747	597297	3.74	0	14
ptg005221l_1	72662	1176943	16.20	1	28
ptg005221l_1_region	72662	1176943	16.20	1	28
ptg005222l_1	380348	461299	1.21	0	13
ptg005222l_1_region	380348	461299	1.21	0	13
ptg005223l_1	80365	255162	3.18	0	8
ptg005223l_1_region	80365	255162	3.18	0	8
ptg005231l_1	36654	190627	5.20	0	16
ptg005231l_1_region	36654	190627	5.20	0	16
ptg005234l_1	148877	482434	3.24	0	8
ptg005234l_1_region	148877	482434	3.24	0	8
ptg005236l_1	53483	243756	4.56	0	10
ptg005236l_1_region	53483	243756	4.56	0	10
ptg005237l_1	77897	393040	5.05	0	11
ptg005237l_1_region	77897	393040	5.05	0	11
ptg005238l_1	246806	1685625	6.83	0	102
ptg005238l_1_region	246806	1685625	6.83	0	102
ptg005239l_1	232292	1185962	5.11	0	18
ptg005239l_1_region	232292	1185962	5.11	0	18
ptg005240l_1	169736	679602	4.00	0	16
ptg005240l_1_region	169736	679602	4.00	0	16
ptg005241l_1	49649	239236	4.82	0	11
ptg005241l_1_region	49649	239236	4.82	0	11
ptg005242l_1	225525	1080811	4.79	0	15
ptg005242l_1_region	225525	1080811	4.79	0	15
ptg005244l_1	20259	78997	3.90	0	10
ptg005244l_1_region	20259	78997	3.90	0	10
ptg005245l_1	279836	872102	3.12	0	30
ptg005245l_1_region	279836	872102	3.12	0	30
ptg005246l_1	18346	71941	3.92	0	10
ptg005246l_1_region	18346	71941	3.92	0	10
ptg005248l_1	232445	1036210	4.46	0	12
ptg005248l_1_region	232445	1036210	4.46	0	12
ptg005250l_1	188541	960796	5.10	0	14
ptg005250l_1_region	188541	960796	5.10	0	14
ptg005251l_1	116968	496160	4.24	0	17
ptg005251l_1_region	116968	496160	4.24	0	17
ptg005252l_1	959746	12682060	13.21	0	62
ptg005252l_1_region	959746	12682060	13.21	0	62
ptg005254l_1	336225	2040325	6.07	0	17
ptg005254l_1_region	336225	2040325	6.07	0	17
ptg005255l_1	26485	27069	1.02	0	6
ptg005255l_1_region	26485	27069	1.02	0	6
ptg005256l_1	57119	202181	3.54	0	12
ptg005256l_1_region	57119	202181	3.54	0	12
ptg005259l_1	637490	3980071	6.24	0	63
ptg005259l_1_region	637490	3980071	6.24	0	63
ptg005260l_1	113016	383852	3.40	0	11
ptg005260l_1_region	113016	383852	3.40	0	11
ptg005261l_1	510059	2890322	5.67	0	14
ptg005261l_1_region	510059	2890322	5.67	0	14
ptg005262l_1	209967	892696	4.25	0	50
ptg005262l_1_region	209967	892696	4.25	0	50
ptg005264l_1	454202	3258061	7.17	0	23
ptg005264l_1_region	454202	3258061	7.17	0	23
ptg005265l_1	92175	238046	2.58	0	6
ptg005265l_1_region	92175	238046	2.58	0	6
ptg005266l_1	317342	2150984	6.78	0	15
ptg005266l_1_region	317342	2150984	6.78	0	15
ptg005268l_1	375631	1722545	4.59	0	21
ptg005268l_1_region	375631	1722545	4.59	0	21
ptg005269l_1	133058	498333	3.75	0	13
ptg005269l_1_region	133058	498333	3.75	0	13
ptg005271l_1	38657	145515	3.76	0	10
ptg005271l_1_region	38657	145515	3.76	0	10
ptg005272l_1	189374	673191	3.55	0	16
ptg005272l_1_region	189374	673191	3.55	0	16
ptg005274l_1	74982	200718	2.68	0	6
ptg005274l_1_region	74982	200718	2.68	0	6
ptg005276l_1	51299	140520	2.74	0	10
ptg005276l_1_region	51299	140520	2.74	0	10
ptg005277l_1	125669	634799	5.05	0	21
ptg005277l_1_region	125669	634799	5.05	0	21
ptg005280l_1	162045	537271	3.32	0	12
ptg005280l_1_region	162045	537271	3.32	0	12
ptg005281l_1	32317	1490	0.05	0	1
ptg005281l_1_region	32317	1490	0.05	0	1
ptg005283l_1	413373	2591978	6.27	0	37
ptg005283l_1_region	413373	2591978	6.27	0	37
ptg005285l_1	21646	72885	3.37	0	7
ptg005285l_1_region	21646	72885	3.37	0	7
ptg005288l_1	58715	342519	5.83	0	14
ptg005288l_1_region	58715	342519	5.83	0	14
ptg005289l_1	53528	183872	3.44	0	10
ptg005289l_1_region	53528	183872	3.44	0	10
ptg005291l_1	618109	3356906	5.43	0	21
ptg005291l_1_region	618109	3356906	5.43	0	21
ptg005293l_1	143189	530875	3.71	0	11
ptg005293l_1_region	143189	530875	3.71	0	11
ptg005294l_1	40773	200446	4.92	0	9
ptg005294l_1_region	40773	200446	4.92	0	9
ptg005295l_1	198775	810839	4.08	0	12
ptg005295l_1_region	198775	810839	4.08	0	12
ptg005297l_1	146601	561627	3.83	0	18
ptg005297l_1_region	146601	561627	3.83	0	18
ptg005298l_1	63303	254051	4.01	0	10
ptg005298l_1_region	63303	254051	4.01	0	10
ptg005300l_1	54379	104449	1.92	0	6
ptg005300l_1_region	54379	104449	1.92	0	6
ptg005301l_1	222274	1584381	7.13	0	26
ptg005301l_1_region	222274	1584381	7.13	0	26
ptg005303l_1	152439	731104	4.80	0	13
ptg005303l_1_region	152439	731104	4.80	0	13
ptg005304l_1	108828	532088	4.89	0	9
ptg005304l_1_region	108828	532088	4.89	0	9
ptg005307l_1	153862	542369	3.53	0	10
ptg005307l_1_region	153862	542369	3.53	0	10
ptg005311l_1	161879	522072	3.23	0	12
ptg005311l_1_region	161879	522072	3.23	0	12
ptg005313l_1	75837	318040	4.19	0	13
ptg005313l_1_region	75837	318040	4.19	0	13
ptg005315l_1	942187	4728015	5.02	0	44
ptg005315l_1_region	942187	4728015	5.02	0	44
ptg005318l_1	151178	1662601	11.00	0	81
ptg005318l_1_region	151178	1662601	11.00	0	81
ptg005321l_1	25024	72693	2.90	0	9
ptg005321l_1_region	25024	72693	2.90	0	9
ptg005322l_1	153886	773001	5.02	0	14
ptg005322l_1_region	153886	773001	5.02	0	14
ptg005323l_1	58789	211529	3.60	0	7
ptg005323l_1_region	58789	211529	3.60	0	7
ptg005324l_1	169704	1049202	6.18	0	16
ptg005324l_1_region	169704	1049202	6.18	0	16
ptg005326l_1	111987	280668	2.51	0	10
ptg005326l_1_region	111987	280668	2.51	0	10
ptg005327l_1	731284	3144600	4.30	0	26
ptg005327l_1_region	731284	3144600	4.30	0	26
ptg005329l_1	87447	605211	6.92	0	42
ptg005329l_1_region	87447	605211	6.92	0	42
ptg005330l_1	31197	102243	3.28	0	9
ptg005330l_1_region	31197	102243	3.28	0	9
ptg005331l_1	20653	64193	3.11	0	8
ptg005331l_1_region	20653	64193	3.11	0	8
ptg005334l_1	24344	52394	2.15	0	6
ptg005334l_1_region	24344	52394	2.15	0	6
ptg005335l_1	273222	1779968	6.51	0	20
ptg005335l_1_region	273222	1779968	6.51	0	20
ptg005336l_1	112849	1049808	9.30	0	29
ptg005336l_1_region	112849	1049808	9.30	0	29
ptg005337l_1	310420	1608446	5.18	0	17
ptg005337l_1_region	310420	1608446	5.18	0	17
ptg005339l_1	168620	943202	5.59	0	15
ptg005339l_1_region	168620	943202	5.59	0	15
ptg005341l_1	366511	1022070	2.79	0	26
ptg005341l_1_region	366511	1022070	2.79	0	26
ptg005342l_1	380463	2858687	7.51	0	56
ptg005342l_1_region	380463	2858687	7.51	0	56
ptg005343l_1	47030	217469	4.62	0	13
ptg005343l_1_region	47030	217469	4.62	0	13
ptg005347l_1	135149	475745	3.52	0	13
ptg005347l_1_region	135149	475745	3.52	0	13
ptg005348l_1	54911	195729	3.56	0	9
ptg005348l_1_region	54911	195729	3.56	0	9
ptg005349l_1	111908	435273	3.89	0	10
ptg005349l_1_region	111908	435273	3.89	0	10
ptg005350l_1	244956	1372453	5.60	0	27
ptg005350l_1_region	244956	1372453	5.60	0	27
ptg005351l_1	357040	1891064	5.30	0	20
ptg005351l_1_region	357040	1891064	5.30	0	20
ptg005352l_1	1177786	6149931	5.22	0	20
ptg005352l_1_region	1177786	6149931	5.22	0	20
ptg005353l_1	256204	1910193	7.46	0	34
ptg005353l_1_region	256204	1910193	7.46	0	34
ptg005354l_1	124026	306362	2.47	0	13
ptg005354l_1_region	124026	306362	2.47	0	13
ptg005355l_1	295455	4496076	15.22	0	66
ptg005355l_1_region	295455	4496076	15.22	0	66
ptg005356l_1	113827	518451	4.55	0	20
ptg005356l_1_region	113827	518451	4.55	0	20
ptg005357l_1	74331	262626	3.53	0	11
ptg005357l_1_region	74331	262626	3.53	0	11
ptg005358l_1	404652	2862774	7.07	0	77
ptg005358l_1_region	404652	2862774	7.07	0	77
ptg005359l_1	619429	3667764	5.92	0	21
ptg005359l_1_region	619429	3667764	5.92	0	21
ptg005363l_1	189920	944144	4.97	0	13
ptg005363l_1_region	189920	944144	4.97	0	13
ptg005364l_1	930107	4403989	4.73	0	19
ptg005364l_1_region	930107	4403989	4.73	0	19
ptg005365l_1	111120	529447	4.76	0	16
ptg005365l_1_region	111120	529447	4.76	0	16
ptg005366l_1	257905	1131150	4.39	0	13
ptg005366l_1_region	257905	1131150	4.39	0	13
ptg005368l_1	70681	220075	3.11	0	8
ptg005368l_1_region	70681	220075	3.11	0	8
ptg005369l_1	248785	1346038	5.41	0	22
ptg005369l_1_region	248785	1346038	5.41	0	22
ptg005370l_1	201841	847892	4.20	0	44
ptg005370l_1_region	201841	847892	4.20	0	44
ptg005374l_1	37076	109329	2.95	0	7
ptg005374l_1_region	37076	109329	2.95	0	7
ptg005375l_1	37430	111126	2.97	0	7
ptg005375l_1_region	37430	111126	2.97	0	7
ptg005376l_1	329767	1260520	3.82	0	17
ptg005376l_1_region	329767	1260520	3.82	0	17
ptg005379l_1	103001	444025	4.31	0	19
ptg005379l_1_region	103001	444025	4.31	0	19
ptg005380l_1	122152	451639	3.70	0	21
ptg005380l_1_region	122152	451639	3.70	0	21
ptg005381l_1	28876	122438	4.24	1	9
ptg005381l_1_region	28876	122438	4.24	1	9
ptg005382l_1	142368	428426	3.01	0	8
ptg005382l_1_region	142368	428426	3.01	0	8
ptg005383l_1	402485	2207159	5.48	0	31
ptg005383l_1_region	402485	2207159	5.48	0	31
ptg005384l_1	187919	1209762	6.44	0	19
ptg005384l_1_region	187919	1209762	6.44	0	19
ptg005385l_1	1004613	6677273	6.65	0	25
ptg005385l_1_region	1004613	6677273	6.65	0	25
ptg005387l_1	418685	1320053	3.15	0	14
ptg005387l_1_region	418685	1320053	3.15	0	14
ptg005388l_1	121781	728474	5.98	0	16
ptg005388l_1_region	121781	728474	5.98	0	16
ptg005389l_1	359836	1204565	3.35	0	12
ptg005389l_1_region	359836	1204565	3.35	0	12
ptg005392l_1	329798	1551641	4.70	0	16
ptg005392l_1_region	329798	1551641	4.70	0	16
ptg005393l_1	64111	249145	3.89	0	9
ptg005393l_1_region	64111	249145	3.89	0	9
ptg005394l_1	206153	1445834	7.01	0	21
ptg005394l_1_region	206153	1445834	7.01	0	21
ptg005395l_1	365804	2228856	6.09	0	15
ptg005395l_1_region	365804	2228856	6.09	0	15
ptg005396l_1	31251	4421	0.14	0	4
ptg005396l_1_region	31251	4421	0.14	0	4
ptg005397l_1	162547	1091928	6.72	0	52
ptg005397l_1_region	162547	1091928	6.72	0	52
ptg005399l_1	118870	459308	3.86	0	16
ptg005399l_1_region	118870	459308	3.86	0	16
ptg005400l_1	175619	1051168	5.99	0	30
ptg005400l_1_region	175619	1051168	5.99	0	30
ptg005401l_1	162264	702942	4.33	0	17
ptg005401l_1_region	162264	702942	4.33	0	17
ptg005402l_1	57945	122180	2.11	0	14
ptg005402l_1_region	57945	122180	2.11	0	14
ptg005403l_1	88039	348695	3.96	0	17
ptg005403l_1_region	88039	348695	3.96	0	17
ptg005407l_1	247264	888460	3.59	0	21
ptg005407l_1_region	247264	888460	3.59	0	21
ptg005408l_1	250891	913233	3.64	0	16
ptg005408l_1_region	250891	913233	3.64	0	16
ptg005410l_1	177567	524049	2.95	0	16
ptg005410l_1_region	177567	524049	2.95	0	16
ptg005412l_1	260909	1037054	3.97	0	16
ptg005412l_1_region	260909	1037054	3.97	0	16
ptg005413l_1	239397	1285849	5.37	0	20
ptg005413l_1_region	239397	1285849	5.37	0	20
ptg005420l_1	396087	1438657	3.63	0	22
ptg005420l_1_region	396087	1438657	3.63	0	22
ptg005424l_1	248794	1724534	6.93	0	22
ptg005424l_1_region	248794	1724534	6.93	0	22
ptg005425l_1	64069	211777	3.31	0	19
ptg005425l_1_region	64069	211777	3.31	0	19
ptg005426l_1	158901	1269131	7.99	0	66
ptg005426l_1_region	158901	1269131	7.99	0	66
ptg005430l_1	115870	350476	3.02	0	9
ptg005430l_1_region	115870	350476	3.02	0	9
ptg005433l_1	131600	647828	4.92	0	25
ptg005433l_1_region	131600	647828	4.92	0	25
ptg005436l_1	309204	2358113	7.63	0	38
ptg005436l_1_region	309204	2358113	7.63	0	38
ptg005437l_1	28689	140412	4.89	0	19
ptg005437l_1_region	28689	140412	4.89	0	19
ptg005439l_1	100793	374126	3.71	0	10
ptg005439l_1_region	100793	374126	3.71	0	10
ptg005440l_1	103129	957557	9.29	0	116
ptg005440l_1_region	103129	957557	9.29	0	116
ptg005443l_1	565343	2699327	4.77	0	16
ptg005443l_1_region	565343	2699327	4.77	0	16
ptg005445l_1	28910	25494	0.88	0	6
ptg005445l_1_region	28910	25494	0.88	0	6
ptg005447l_1	107916	570157	5.28	0	14
ptg005447l_1_region	107916	570157	5.28	0	14
ptg005450l_1	173072	800351	4.62	0	27
ptg005450l_1_region	173072	800351	4.62	0	27
ptg005451l_1	240437	576600	2.40	0	11
ptg005451l_1_region	240437	576600	2.40	0	11
ptg005453l_1	276062	1135619	4.11	0	13
ptg005453l_1_region	276062	1135619	4.11	0	13
ptg005454l_1	40866	136865	3.35	0	12
ptg005454l_1_region	40866	136865	3.35	0	12
ptg005455l_1	179379	1003992	5.60	0	58
ptg005455l_1_region	179379	1003992	5.60	0	58
ptg005457l_1	263462	1280495	4.86	0	14
ptg005457l_1_region	263462	1280495	4.86	0	14
ptg005458l_1	220247	1362498	6.19	0	16
ptg005458l_1_region	220247	1362498	6.19	0	16
ptg005460l_1	176402	776554	4.40	0	15
ptg005460l_1_region	176402	776554	4.40	0	15
ptg005463l_1	92202	578965	6.28	0	15
ptg005463l_1_region	92202	578965	6.28	0	15
ptg005464l_1	121258	484630	4.00	0	15
ptg005464l_1_region	121258	484630	4.00	0	15
ptg005465l_1	197671	684177	3.46	0	15
ptg005465l_1_region	197671	684177	3.46	0	15
ptg005467l_1	324222	806464	2.49	0	19
ptg005467l_1_region	324222	806464	2.49	0	19
ptg005468l_1	125252	606480	4.84	0	11
ptg005468l_1_region	125252	606480	4.84	0	11
ptg005469l_1	13202	34215	2.59	0	5
ptg005469l_1_region	13202	34215	2.59	0	5
ptg005470l_1	367462	2105217	5.73	0	16
ptg005470l_1_region	367462	2105217	5.73	0	16
ptg005471l_1	84092	480102	5.71	0	18
ptg005471l_1_region	84092	480102	5.71	0	18
ptg005472l_1	633921	5467059	8.62	0	100
ptg005472l_1_region	633921	5467059	8.62	0	100
ptg005473l_1	47991	235775	4.91	0	75
ptg005473l_1_region	47991	235775	4.91	0	75
ptg005478l_1	155956	730703	4.69	0	15
ptg005478l_1_region	155956	730703	4.69	0	15
ptg005488l_1	90348	545088	6.03	0	36
ptg005488l_1_region	90348	545088	6.03	0	36
ptg005490l_1	413587	1476662	3.57	0	17
ptg005490l_1_region	413587	1476662	3.57	0	17
ptg005491l_1	184775	775595	4.20	0	11
ptg005491l_1_region	184775	775595	4.20	0	11
ptg005492l_1	256044	1014349	3.96	0	14
ptg005492l_1_region	256044	1014349	3.96	0	14
ptg005493l_1	116944	268657	2.30	0	8
ptg005493l_1_region	116944	268657	2.30	0	8
ptg005494l_1	233515	1456380	6.24	0	18
ptg005494l_1_region	233515	1456380	6.24	0	18
ptg005495l_1	636285	4500663	7.07	0	34
ptg005495l_1_region	636285	4500663	7.07	0	34
ptg005496l_1	104201	733284	7.04	0	19
ptg005496l_1_region	104201	733284	7.04	0	19
ptg005497l_1	471140	2408896	5.11	0	19
ptg005497l_1_region	471140	2408896	5.11	0	19
ptg005498l_1	39360	140720	3.58	0	8
ptg005498l_1_region	39360	140720	3.58	0	8
ptg005499l_1	167802	823307	4.91	0	25
ptg005499l_1_region	167802	823307	4.91	0	25
ptg005500l_1	451824	2413275	5.34	0	20
ptg005500l_1_region	451824	2413275	5.34	0	20
ptg005502l_1	74569	302658	4.06	0	14
ptg005502l_1_region	74569	302658	4.06	0	14
ptg005503l_1	37266	146246	3.92	0	11
ptg005503l_1_region	37266	146246	3.92	0	11
ptg005504l_1	121367	931355	7.67	0	57
ptg005504l_1_region	121367	931355	7.67	0	57
ptg005505l_1	98904	730185	7.38	0	24
ptg005505l_1_region	98904	730185	7.38	0	24
ptg005506l_1	141938	673900	4.75	0	24
ptg005506l_1_region	141938	673900	4.75	0	24
ptg005507l_1	265321	1186067	4.47	0	14
ptg005507l_1_region	265321	1186067	4.47	0	14
ptg005510l_1	175137	809086	4.62	0	13
ptg005510l_1_region	175137	809086	4.62	0	13
ptg005511l_1	74734	313680	4.20	0	10
ptg005511l_1_region	74734	313680	4.20	0	10
ptg005515l_1	692339	3708072	5.36	0	14
ptg005515l_1_region	692339	3708072	5.36	0	14
ptg005517l_1	255696	1235611	4.83	0	45
ptg005517l_1_region	255696	1235611	4.83	0	45
ptg005518l_1	167396	1005681	6.01	0	19
ptg005518l_1_region	167396	1005681	6.01	0	19
ptg005519l_1	148407	425844	2.87	0	10
ptg005519l_1_region	148407	425844	2.87	0	10
ptg005522l_1	503278	2550413	5.07	0	14
ptg005522l_1_region	503278	2550413	5.07	0	14
ptg005523l_1	76811	236071	3.07	0	7
ptg005523l_1_region	76811	236071	3.07	0	7
ptg005525l_1	258750	1191947	4.61	0	15
ptg005525l_1_region	258750	1191947	4.61	0	15
ptg005527l_1	117799	476165	4.04	0	20
ptg005527l_1_region	117799	476165	4.04	0	20
ptg005533l_1	160776	741274	4.61	0	10
ptg005533l_1_region	160776	741274	4.61	0	10
ptg005535l_1	446797	2587672	5.79	0	21
ptg005535l_1_region	446797	2587672	5.79	0	21
ptg005537l_1	122966	858752	6.98	0	17
ptg005537l_1_region	122966	858752	6.98	0	17
ptg005538l_1	136779	872609	6.38	0	14
ptg005538l_1_region	136779	872609	6.38	0	14
ptg005540l_1	347548	2084507	6.00	0	23
ptg005540l_1_region	347548	2084507	6.00	0	23
ptg005542l_1	466194	3654295	7.84	0	87
ptg005542l_1_region	466194	3654295	7.84	0	87
ptg005547l_1	207573	996345	4.80	0	39
ptg005547l_1_region	207573	996345	4.80	0	39
ptg005548l_1	563863	3859998	6.85	0	35
ptg005548l_1_region	563863	3859998	6.85	0	35
ptg005550l_1	184891	727960	3.94	0	12
ptg005550l_1_region	184891	727960	3.94	0	12
ptg005553l_1	223985	1374027	6.13	0	29
ptg005553l_1_region	223985	1374027	6.13	0	29
ptg005554l_1	156020	405828	2.60	0	20
ptg005554l_1_region	156020	405828	2.60	0	20
ptg005555l_1	270008	1661229	6.15	0	71
ptg005555l_1_region	270008	1661229	6.15	0	71
ptg005556l_1	204237	1231375	6.03	0	28
ptg005556l_1_region	204237	1231375	6.03	0	28
ptg005557l_1	87261	611445	7.01	0	20
ptg005557l_1_region	87261	611445	7.01	0	20
ptg005562l_1	109497	429747	3.92	0	13
ptg005562l_1_region	109497	429747	3.92	0	13
ptg005563l_1	177474	1711854	9.65	0	53
ptg005563l_1_region	177474	1711854	9.65	0	53
ptg005565l_1	227747	485122	2.13	0	13
ptg005565l_1_region	227747	485122	2.13	0	13
ptg005566l_1	305562	1276134	4.18	0	45
ptg005566l_1_region	305562	1276134	4.18	0	45
ptg005567l_1	36270	70637	1.95	0	8
ptg005567l_1_region	36270	70637	1.95	0	8
ptg005569l_1	133722	777347	5.81	0	13
ptg005569l_1_region	133722	777347	5.81	0	13
ptg005570l_1	283360	1665214	5.88	0	13
ptg005570l_1_region	283360	1665214	5.88	0	13
ptg005571l_1	204132	1418796	6.95	0	28
ptg005571l_1_region	204132	1418796	6.95	0	28
ptg005573l_1	71023	293100	4.13	0	10
ptg005573l_1_region	71023	293100	4.13	0	10
ptg005574l_1	96079	558601	5.81	0	11
ptg005574l_1_region	96079	558601	5.81	0	11
ptg005577l_1	255560	1030774	4.03	0	18
ptg005577l_1_region	255560	1030774	4.03	0	18
ptg005578l_1	803127	6754011	8.41	0	56
ptg005578l_1_region	803127	6754011	8.41	0	56
ptg005580l_1	122699	449411	3.66	0	18
ptg005580l_1_region	122699	449411	3.66	0	18
ptg005581l_1	40117	189587	4.73	0	10
ptg005581l_1_region	40117	189587	4.73	0	10
ptg005582l_1	94172	461862	4.90	0	25
ptg005582l_1_region	94172	461862	4.90	0	25
ptg005586l_1	594687	3404590	5.73	0	40
ptg005586l_1_region	594687	3404590	5.73	0	40
ptg005591l_1	212691	721100	3.39	0	19
ptg005591l_1_region	212691	721100	3.39	0	19
ptg005592l_1	145248	608367	4.19	0	11
ptg005592l_1_region	145248	608367	4.19	0	11
ptg005593l_1	213692	980264	4.59	0	23
ptg005593l_1_region	213692	980264	4.59	0	23
ptg005595l_1	177393	786387	4.43	0	26
ptg005595l_1_region	177393	786387	4.43	0	26
ptg005596l_1	218590	1404636	6.43	0	36
ptg005596l_1_region	218590	1404636	6.43	0	36
ptg005597l_1	86798	288778	3.33	0	8
ptg005597l_1_region	86798	288778	3.33	0	8
ptg005598l_1	454561	2826178	6.22	0	81
ptg005598l_1_region	454561	2826178	6.22	0	81
ptg005601l_1	115555	461053	3.99	0	12
ptg005601l_1_region	115555	461053	3.99	0	12
ptg005602l_1	140476	657555	4.68	0	15
ptg005602l_1_region	140476	657555	4.68	0	15
ptg005603l_1	152826	841640	5.51	0	18
ptg005603l_1_region	152826	841640	5.51	0	18
ptg005608l_1	41431	142905	3.45	0	8
ptg005608l_1_region	41431	142905	3.45	0	8
ptg005609l_1	40503	166233	4.10	0	11
ptg005609l_1_region	40503	166233	4.10	0	11
ptg005611l_1	46614	300178	6.44	0	25
ptg005611l_1_region	46614	300178	6.44	0	25
ptg005613l_1	104521	571225	5.47	0	19
ptg005613l_1_region	104521	571225	5.47	0	19
ptg005614l_1	233158	1169032	5.01	0	21
ptg005614l_1_region	233158	1169032	5.01	0	21
ptg005618l_1	605301	1993916	3.29	0	60
ptg005618l_1_region	605301	1993916	3.29	0	60
ptg005619l_1	80626	568289	7.05	0	23
ptg005619l_1_region	80626	568289	7.05	0	23
ptg005622l_1	92929	475963	5.12	0	12
ptg005622l_1_region	92929	475963	5.12	0	12
ptg005625l_1	420445	2163037	5.14	0	18
ptg005625l_1_region	420445	2163037	5.14	0	18
ptg005627l_1	21791	70436	3.23	0	13
ptg005627l_1_region	21791	70436	3.23	0	13
ptg005628l_1	465216	1883072	4.05	0	14
ptg005628l_1_region	465216	1883072	4.05	0	14
ptg005630l_1	218325	1303908	5.97	0	27
ptg005630l_1_region	218325	1303908	5.97	0	27
ptg005631l_1	359114	2467109	6.87	0	23
ptg005631l_1_region	359114	2467109	6.87	0	23
ptg005633l_1	61574	268949	4.37	0	10
ptg005633l_1_region	61574	268949	4.37	0	10
ptg005634l_1	269937	1236129	4.58	0	16
ptg005634l_1_region	269937	1236129	4.58	0	16
ptg005635l_1	403307	2397683	5.95	0	23
ptg005635l_1_region	403307	2397683	5.95	0	23
ptg005636l_1	306537	1393921	4.55	0	20
ptg005636l_1_region	306537	1393921	4.55	0	20
ptg005637l_1	141942	564242	3.98	0	10
ptg005637l_1_region	141942	564242	3.98	0	10
ptg005638l_1	82230	250239	3.04	0	10
ptg005638l_1_region	82230	250239	3.04	0	10
ptg005639l_1	195318	717005	3.67	0	12
ptg005639l_1_region	195318	717005	3.67	0	12
ptg005642l_1	108309	806487	7.45	0	142
ptg005642l_1_region	108309	806487	7.45	0	142
ptg005643l_1	29443	93048	3.16	0	18
ptg005643l_1_region	29443	93048	3.16	0	18
ptg005647l_1	175520	515960	2.94	0	66
ptg005647l_1_region	175520	515960	2.94	0	66
ptg005648l_1	304855	1816643	5.96	0	14
ptg005648l_1_region	304855	1816643	5.96	0	14
ptg005651l_1	612157	3057122	4.99	0	14
ptg005651l_1_region	612157	3057122	4.99	0	14
ptg005653l_1	97376	398467	4.09	0	15
ptg005653l_1_region	97376	398467	4.09	0	15
ptg005654l_1	334869	140271	0.42	0	8
ptg005654l_1_region	334869	140271	0.42	0	8
ptg005655l_1	277189	1455058	5.25	0	109
ptg005655l_1_region	277189	1455058	5.25	0	109
ptg005656l_1	269924	1608430	5.96	0	18
ptg005656l_1_region	269924	1608430	5.96	0	18
ptg005658l_1	236826	1153469	4.87	0	20
ptg005658l_1_region	236826	1153469	4.87	0	20
ptg005660l_1	59322	189566	3.20	0	27
ptg005660l_1_region	59322	189566	3.20	0	27
ptg005664l_1	179487	788400	4.39	0	21
ptg005664l_1_region	179487	788400	4.39	0	21
ptg005665l_1	184390	616899	3.35	0	11
ptg005665l_1_region	184390	616899	3.35	0	11
ptg005666l_1	67528	670957	9.94	0	16
ptg005666l_1_region	67528	670957	9.94	0	16
ptg005671l_1	26869	127182	4.73	1	8
ptg005671l_1_region	26869	127182	4.73	1	8
ptg005672l_1	135548	666222	4.92	0	18
ptg005672l_1_region	135548	666222	4.92	0	18
ptg005677l_1	39120	223675	5.72	0	12
ptg005677l_1_region	39120	223675	5.72	0	12
ptg005678l_1	87781	350125	3.99	0	18
ptg005678l_1_region	87781	350125	3.99	0	18
ptg005680l_1	176085	514062	2.92	0	10
ptg005680l_1_region	176085	514062	2.92	0	10
ptg005681l_1	189402	615150	3.25	0	43
ptg005681l_1_region	189402	615150	3.25	0	43
ptg005682l_1	133735	458223	3.43	0	11
ptg005682l_1_region	133735	458223	3.43	0	11
ptg005683l_1	92406	373858	4.05	0	9
ptg005683l_1_region	92406	373858	4.05	0	9
ptg005684l_1	232446	1034015	4.45	0	16
ptg005684l_1_region	232446	1034015	4.45	0	16
ptg005685l_1	316478	2110390	6.67	0	207
ptg005685l_1_region	316478	2110390	6.67	0	207
ptg005686l_1	27655	138406	5.00	0	11
ptg005686l_1_region	27655	138406	5.00	0	11
ptg005687l_1	234329	1233920	5.27	0	19
ptg005687l_1_region	234329	1233920	5.27	0	19
ptg005688l_1	26918	165487	6.15	2	10
ptg005688l_1_region	26918	165487	6.15	2	10
ptg005689l_1	43125	306120	7.10	0	27
ptg005689l_1_region	43125	306120	7.10	0	27
ptg005690l_1	20564	53954	2.62	0	6
ptg005690l_1_region	20564	53954	2.62	0	6
ptg005691l_1	567446	2469668	4.35	0	39
ptg005691l_1_region	567446	2469668	4.35	0	39
ptg005692l_1	421294	1745037	4.14	0	18
ptg005692l_1_region	421294	1745037	4.14	0	18
ptg005695l_1	28969	99846	3.45	0	13
ptg005695l_1_region	28969	99846	3.45	0	13
ptg005697l_1	119569	618436	5.17	0	13
ptg005697l_1_region	119569	618436	5.17	0	13
ptg005698l_1	246590	797561	3.23	0	14
ptg005698l_1_region	246590	797561	3.23	0	14
ptg005700l_1	139542	585900	4.20	0	18
ptg005700l_1_region	139542	585900	4.20	0	18
ptg005701l_1	242789	1376946	5.67	0	56
ptg005701l_1_region	242789	1376946	5.67	0	56
ptg005702l_1	201055	884311	4.40	0	11
ptg005702l_1_region	201055	884311	4.40	0	11
ptg005703l_1	55935	207186	3.70	0	12
ptg005703l_1_region	55935	207186	3.70	0	12
ptg005704l_1	152562	684577	4.49	0	11
ptg005704l_1_region	152562	684577	4.49	0	11
ptg005705l_1	187629	1370600	7.30	0	48
ptg005705l_1_region	187629	1370600	7.30	0	48
ptg005707l_1	333263	1612037	4.84	0	22
ptg005707l_1_region	333263	1612037	4.84	0	22
ptg005708l_1	154529	672271	4.35	0	18
ptg005708l_1_region	154529	672271	4.35	0	18
ptg005710l_1	106498	604405	5.68	0	15
ptg005710l_1_region	106498	604405	5.68	0	15
ptg005712l_1	98632	356178	3.61	0	10
ptg005712l_1_region	98632	356178	3.61	0	10
ptg005713l_1	250279	1574854	6.29	0	841
ptg005713l_1_region	250279	1574854	6.29	0	841
ptg005714l_1	96441	600967	6.23	0	15
ptg005714l_1_region	96441	600967	6.23	0	15
ptg005716l_1	91728	397237	4.33	0	13
ptg005716l_1_region	91728	397237	4.33	0	13
ptg005717l_1	85740	673416	7.85	0	26
ptg005717l_1_region	85740	673416	7.85	0	26
ptg005719l_1	121070	604738	4.99	0	12
ptg005719l_1_region	121070	604738	4.99	0	12
ptg005720l_1	191622	1329533	6.94	0	28
ptg005720l_1_region	191622	1329533	6.94	0	28
ptg005722l_1	30585	117919	3.86	0	8
ptg005722l_1_region	30585	117919	3.86	0	8
ptg005725l_1	163043	515757	3.16	0	17
ptg005725l_1_region	163043	515757	3.16	0	17
ptg005726l_1	201280	1104848	5.49	0	24
ptg005726l_1_region	201280	1104848	5.49	0	24
ptg005727l_1	66370	223047	3.36	0	8
ptg005727l_1_region	66370	223047	3.36	0	8
ptg005728l_1	104621	402586	3.85	0	15
ptg005728l_1_region	104621	402586	3.85	0	15
ptg005729l_1	35377	38203	1.08	0	3
ptg005729l_1_region	35377	38203	1.08	0	3
ptg005730l_1	88763	343606	3.87	0	9
ptg005730l_1_region	88763	343606	3.87	0	9
ptg005733l_1	249458	788731	3.16	0	27
ptg005733l_1_region	249458	788731	3.16	0	27
ptg005734l_1	250428	1072468	4.28	0	22
ptg005734l_1_region	250428	1072468	4.28	0	22
ptg005735l_1	199222	1200746	6.03	0	38
ptg005735l_1_region	199222	1200746	6.03	0	38
ptg005737l_1	88586	372845	4.21	0	17
ptg005737l_1_region	88586	372845	4.21	0	17
ptg005739l_1	44551	140301	3.15	0	19
ptg005739l_1_region	44551	140301	3.15	0	19
ptg005740l_1	127228	557615	4.38	0	11
ptg005740l_1_region	127228	557615	4.38	0	11
ptg005741l_1	98013	348514	3.56	0	37
ptg005741l_1_region	98013	348514	3.56	0	37
ptg005742l_1	28306	72587	2.56	0	12
ptg005742l_1_region	28306	72587	2.56	0	12
ptg005747l_1	72859	236915	3.25	0	15
ptg005747l_1_region	72859	236915	3.25	0	15
ptg005748l_1	28345	182180	6.43	0	13
ptg005748l_1_region	28345	182180	6.43	0	13
ptg005749l_1	123237	739925	6.00	0	16
ptg005749l_1_region	123237	739925	6.00	0	16
ptg005750l_1	25630	109181	4.26	0	11
ptg005750l_1_region	25630	109181	4.26	0	11
ptg005753l_1	123355	390535	3.17	0	17
ptg005753l_1_region	123355	390535	3.17	0	17
ptg005757l_1	200995	703586	3.50	0	8
ptg005757l_1_region	200995	703586	3.50	0	8
ptg005758l_1	163860	847209	5.17	0	19
ptg005758l_1_region	163860	847209	5.17	0	19
ptg005759l_1	22874	58220	2.55	0	5
ptg005759l_1_region	22874	58220	2.55	0	5
ptg005763l_1	26509	81770	3.08	0	9
ptg005763l_1_region	26509	81770	3.08	0	9
ptg005764l_1	306954	1856370	6.05	0	90
ptg005764l_1_region	306954	1856370	6.05	0	90
ptg005765l_1	129474	3452729	26.67	0	114
ptg005765l_1_region	129474	3452729	26.67	0	114
ptg005766l_1	116820	370346	3.17	0	19
ptg005766l_1_region	116820	370346	3.17	0	19
ptg005767l_1	34113	122026	3.58	0	18
ptg005767l_1_region	34113	122026	3.58	0	18
ptg005768l_1	366709	3028328	8.26	0	45
ptg005768l_1_region	366709	3028328	8.26	0	45
ptg005769l_1	287217	990787	3.45	0	11
ptg005769l_1_region	287217	990787	3.45	0	11
ptg005772l_1	126905	459314	3.62	0	18
ptg005772l_1_region	126905	459314	3.62	0	18
ptg005774l_1	106910	579664	5.42	0	39
ptg005774l_1_region	106910	579664	5.42	0	39
ptg005775l_1	167920	1623925	9.67	0	20
ptg005775l_1_region	167920	1623925	9.67	0	20
ptg005776l_1	157206	578240	3.68	0	12
ptg005776l_1_region	157206	578240	3.68	0	12
ptg005777l_1	271144	1069547	3.94	0	14
ptg005777l_1_region	271144	1069547	3.94	0	14
ptg005779l_1	56080	262200	4.68	0	12
ptg005779l_1_region	56080	262200	4.68	0	12
ptg005781l_1	304393	1508627	4.96	0	15
ptg005781l_1_region	304393	1508627	4.96	0	15
ptg005782l_1	17843	43531	2.44	0	6
ptg005782l_1_region	17843	43531	2.44	0	6
ptg005783l_1	197354	778662	3.95	0	17
ptg005783l_1_region	197354	778662	3.95	0	17
ptg005784l_1	515858	15211331	29.49	0	177
ptg005784l_1_region	515858	15211331	29.49	0	177
ptg005785l_1	163566	828615	5.07	0	18
ptg005785l_1_region	163566	828615	5.07	0	18
ptg005786l_1	388939	1891444	4.86	0	16
ptg005786l_1_region	388939	1891444	4.86	0	16
ptg005787l_1	56404	516984	9.17	0	60
ptg005787l_1_region	56404	516984	9.17	0	60
ptg005788l_1	296012	1176927	3.98	0	20
ptg005788l_1_region	296012	1176927	3.98	0	20
ptg005789l_1	153909	761943	4.95	0	21
ptg005789l_1_region	153909	761943	4.95	0	21
ptg005791l_1	55449	306472	5.53	0	16
ptg005791l_1_region	55449	306472	5.53	0	16
ptg005793l_1	895108	741537	0.83	0	11
ptg005793l_1_region	895108	741537	0.83	0	11
ptg005795l_1	94607	336033	3.55	0	7
ptg005795l_1_region	94607	336033	3.55	0	7
ptg005797l_1	466042	2237227	4.80	0	30
ptg005797l_1_region	466042	2237227	4.80	0	30
ptg005799l_1	167774	670044	3.99	0	14
ptg005799l_1_region	167774	670044	3.99	0	14
ptg005800l_1	123050	852463	6.93	0	25
ptg005800l_1_region	123050	852463	6.93	0	25
ptg005801l_1	102455	359184	3.51	0	12
ptg005801l_1_region	102455	359184	3.51	0	12
ptg005802l_1	522034	3267408	6.26	0	34
ptg005802l_1_region	522034	3267408	6.26	0	34
ptg005803l_1	50139	191611	3.82	0	14
ptg005803l_1_region	50139	191611	3.82	0	14
ptg005810l_1	145276	537269	3.70	0	13
ptg005810l_1_region	145276	537269	3.70	0	13
ptg005811l_1	110676	460621	4.16	0	10
ptg005811l_1_region	110676	460621	4.16	0	10
ptg005812l_1	148046	674587	4.56	0	37
ptg005812l_1_region	148046	674587	4.56	0	37
ptg005813l_1	41935	157782	3.76	0	13
ptg005813l_1_region	41935	157782	3.76	0	13
ptg005814l_1	210838	1017826	4.83	0	15
ptg005814l_1_region	210838	1017826	4.83	0	15
ptg005815l_1	158747	985372	6.21	0	21
ptg005815l_1_region	158747	985372	6.21	0	21
ptg005816l_1	472979	1783995	3.77	0	16
ptg005816l_1_region	472979	1783995	3.77	0	16
ptg005820l_1	264232	1314800	4.98	0	30
ptg005820l_1_region	264232	1314800	4.98	0	30
ptg005821l_1	44935	258078	5.74	0	12
ptg005821l_1_region	44935	258078	5.74	0	12
ptg005823l_1	159610	1575331	9.87	0	22
ptg005823l_1_region	159610	1575331	9.87	0	22
ptg005824l_1	277892	1480377	5.33	0	19
ptg005824l_1_region	277892	1480377	5.33	0	19
ptg005826l_1	543337	2984228	5.49	0	16
ptg005826l_1_region	543337	2984228	5.49	0	16
ptg005830l_1	114147	315423	2.76	0	12
ptg005830l_1_region	114147	315423	2.76	0	12
ptg005831l_1	253518	1506624	5.94	0	19
ptg005831l_1_region	253518	1506624	5.94	0	19
ptg005832l_1	156965	787084	5.01	0	21
ptg005832l_1_region	156965	787084	5.01	0	21
ptg005833l_1	129565	381303	2.94	0	9
ptg005833l_1_region	129565	381303	2.94	0	9
ptg005835l_1	62608	347518	5.55	0	20
ptg005835l_1_region	62608	347518	5.55	0	20
ptg005836l_1	345005	1050987	3.05	0	13
ptg005836l_1_region	345005	1050987	3.05	0	13
ptg005838l_1	100391	335219	3.34	0	10
ptg005838l_1_region	100391	335219	3.34	0	10
ptg005839l_1	320862	1201576	3.74	0	19
ptg005839l_1_region	320862	1201576	3.74	0	19
ptg005841l_1	66841	338805	5.07	0	10
ptg005841l_1_region	66841	338805	5.07	0	10
ptg005843l_1	642285	2263725	3.52	0	24
ptg005843l_1_region	642285	2263725	3.52	0	24
ptg005844l_1	532877	699621	1.31	0	10
ptg005844l_1_region	532877	699621	1.31	0	10
ptg005845l_1	690907	5614184	8.13	0	47
ptg005845l_1_region	690907	5614184	8.13	0	47
ptg005846l_1	231839	943522	4.07	0	23
ptg005846l_1_region	231839	943522	4.07	0	23
ptg005847l_1	203534	919287	4.52	0	16
ptg005847l_1_region	203534	919287	4.52	0	16
ptg005851l_1	286927	1272462	4.43	0	15
ptg005851l_1_region	286927	1272462	4.43	0	15
ptg005852l_1	168886	784207	4.64	0	15
ptg005852l_1_region	168886	784207	4.64	0	15
ptg005854l_1	274452	1319016	4.81	0	17
ptg005854l_1_region	274452	1319016	4.81	0	17
ptg005855l_1	390638	1901984	4.87	0	14
ptg005855l_1_region	390638	1901984	4.87	0	14
ptg005856l_1	48441	157937	3.26	0	8
ptg005856l_1_region	48441	157937	3.26	0	8
ptg005858l_1	147061	1408899	9.58	0	36
ptg005858l_1_region	147061	1408899	9.58	0	36
ptg005859l_1	156309	681932	4.36	0	17
ptg005859l_1_region	156309	681932	4.36	0	17
ptg005860l_1	72417	444736	6.14	0	12
ptg005860l_1_region	72417	444736	6.14	0	12
ptg005861l_1	85244	246055	2.89	0	13
ptg005861l_1_region	85244	246055	2.89	0	13
ptg005862l_1	503060	2308500	4.59	0	18
ptg005862l_1_region	503060	2308500	4.59	0	18
ptg005863l_1	117735	534919	4.54	0	23
ptg005863l_1_region	117735	534919	4.54	0	23
ptg005868l_1	182335	996569	5.47	0	18
ptg005868l_1_region	182335	996569	5.47	0	18
ptg005873l_1	240231	1947457	8.11	0	23
ptg005873l_1_region	240231	1947457	8.11	0	23
ptg005874l_1	43205	293879	6.80	0	18
ptg005874l_1_region	43205	293879	6.80	0	18
ptg005876l_1	266077	2360143	8.87	0	44
ptg005876l_1_region	266077	2360143	8.87	0	44
ptg005877l_1	260786	930022	3.57	0	12
ptg005877l_1_region	260786	930022	3.57	0	12
ptg005880l_1	155466	937546	6.03	0	20
ptg005880l_1_region	155466	937546	6.03	0	20
ptg005881l_1	91298	280524	3.07	0	7
ptg005881l_1_region	91298	280524	3.07	0	7
ptg005883l_1	108409	232815	2.15	0	8
ptg005883l_1_region	108409	232815	2.15	0	8
ptg005884l_1	42840	119753	2.80	0	8
ptg005884l_1_region	42840	119753	2.80	0	8
ptg005885l_1	105520	555288	5.26	0	15
ptg005885l_1_region	105520	555288	5.26	0	15
ptg005887l_1	67480	218860	3.24	0	9
ptg005887l_1_region	67480	218860	3.24	0	9
ptg005891l_1	562025	2995088	5.33	0	17
ptg005891l_1_region	562025	2995088	5.33	0	17
ptg005892l_1	244424	1158566	4.74	0	17
ptg005892l_1_region	244424	1158566	4.74	0	17
ptg005893l_1	68686	200415	2.92	0	12
ptg005893l_1_region	68686	200415	2.92	0	12
ptg005894l_1	125279	832957	6.65	0	22
ptg005894l_1_region	125279	832957	6.65	0	22
ptg005897l_1	393040	2447054	6.23	0	30
ptg005897l_1_region	393040	2447054	6.23	0	30
ptg005902l_1	19417	220089	11.33	0	18
ptg005902l_1_region	19417	220089	11.33	0	18
ptg005904l_1	114142	425691	3.73	0	9
ptg005904l_1_region	114142	425691	3.73	0	9
ptg005906l_1	49989	86542	1.73	0	7
ptg005906l_1_region	49989	86542	1.73	0	7
ptg005907l_1	131123	575435	4.39	0	14
ptg005907l_1_region	131123	575435	4.39	0	14
ptg005910l_1	135394	351551	2.60	0	11
ptg005910l_1_region	135394	351551	2.60	0	11
ptg005911l_1	27084	93887	3.47	0	6
ptg005911l_1_region	27084	93887	3.47	0	6
ptg005912l_1	302264	2632558	8.71	0	26
ptg005912l_1_region	302264	2632558	8.71	0	26
ptg005913l_1	204356	909154	4.45	0	15
ptg005913l_1_region	204356	909154	4.45	0	15
ptg005916l_1	699553	3942130	5.64	0	16
ptg005916l_1_region	699553	3942130	5.64	0	16
ptg005919l_1	240617	6100692	25.35	0	157
ptg005919l_1_region	240617	6100692	25.35	0	157
ptg005922l_1	24594	188206	7.65	0	35
ptg005922l_1_region	24594	188206	7.65	0	35
ptg005923l_1	211572	1066029	5.04	0	17
ptg005923l_1_region	211572	1066029	5.04	0	17
ptg005924l_1	175657	789314	4.49	0	16
ptg005924l_1_region	175657	789314	4.49	0	16
ptg005925l_1	24276	87663	3.61	0	15
ptg005925l_1_region	24276	87663	3.61	0	15
ptg005926l_1	114135	500972	4.39	0	15
ptg005926l_1_region	114135	500972	4.39	0	15
ptg005927l_1	226689	1161548	5.12	0	23
ptg005927l_1_region	226689	1161548	5.12	0	23
ptg005929l_1	131843	546036	4.14	0	10
ptg005929l_1_region	131843	546036	4.14	0	10
ptg005931l_1	42680	236788	5.55	0	14
ptg005931l_1_region	42680	236788	5.55	0	14
ptg005933l_1	247838	1781850	7.19	0	24
ptg005933l_1_region	247838	1781850	7.19	0	24
ptg005935l_1	332144	2040228	6.14	0	18
ptg005935l_1_region	332144	2040228	6.14	0	18
ptg005936l_1	123023	271035	2.20	0	15
ptg005936l_1_region	123023	271035	2.20	0	15
ptg005938l_1	133885	95745	0.72	0	6
ptg005938l_1_region	133885	95745	0.72	0	6
ptg005939l_1	70141	465967	6.64	0	30
ptg005939l_1_region	70141	465967	6.64	0	30
ptg005941l_1	568464	3716058	6.54	0	152
ptg005941l_1_region	568464	3716058	6.54	0	152
ptg005942l_1	127329	813430	6.39	0	24
ptg005942l_1_region	127329	813430	6.39	0	24
ptg005943l_1	287036	1253425	4.37	0	17
ptg005943l_1_region	287036	1253425	4.37	0	17
ptg005944l_1	197406	930835	4.72	0	22
ptg005944l_1_region	197406	930835	4.72	0	22
ptg005948l_1	59717	278456	4.66	0	14
ptg005948l_1_region	59717	278456	4.66	0	14
ptg005949l_1	356769	1914571	5.37	0	34
ptg005949l_1_region	356769	1914571	5.37	0	34
ptg005950l_1	55712	179983	3.23	0	9
ptg005950l_1_region	55712	179983	3.23	0	9
ptg005952l_1	56793	359110	6.32	1	13
ptg005952l_1_region	56793	359110	6.32	1	13
ptg005953l_1	168748	569589	3.38	0	11
ptg005953l_1_region	168748	569589	3.38	0	11
ptg005954l_1	188950	713273	3.77	0	26
ptg005954l_1_region	188950	713273	3.77	0	26
ptg005955l_1	641654	2193445	3.42	0	35
ptg005955l_1_region	641654	2193445	3.42	0	35
ptg005957l_1	88257	254699	2.89	0	9
ptg005957l_1_region	88257	254699	2.89	0	9
ptg005960l_1	180751	1010500	5.59	0	17
ptg005960l_1_region	180751	1010500	5.59	0	17
ptg005961l_1	187653	1135525	6.05	0	16
ptg005961l_1_region	187653	1135525	6.05	0	16
ptg005962l_1	110684	365672	3.30	0	11
ptg005962l_1_region	110684	365672	3.30	0	11
ptg005963l_1	75890	293509	3.87	0	11
ptg005963l_1_region	75890	293509	3.87	0	11
ptg005966l_1	331914	7655750	23.07	0	147
ptg005966l_1_region	331914	7655750	23.07	0	147
ptg005967l_1	181774	2604832	14.33	0	56
ptg005967l_1_region	181774	2604832	14.33	0	56
ptg005968l_1	252474	1635256	6.48	0	18
ptg005968l_1_region	252474	1635256	6.48	0	18
ptg005969l_1	199352	702526	3.52	0	16
ptg005969l_1_region	199352	702526	3.52	0	16
ptg005970l_1	105371	564731	5.36	0	14
ptg005970l_1_region	105371	564731	5.36	0	14
ptg005971l_1	19833	104102	5.25	0	9
ptg005971l_1_region	19833	104102	5.25	0	9
ptg005972l_1	134735	442864	3.29	0	10
ptg005972l_1_region	134735	442864	3.29	0	10
ptg005973l_1	22416	150947	6.73	0	17
ptg005973l_1_region	22416	150947	6.73	0	17
ptg005974l_1	489497	3660706	7.48	0	21
ptg005974l_1_region	489497	3660706	7.48	0	21
ptg005976l_1	212386	1685683	7.94	0	38
ptg005976l_1_region	212386	1685683	7.94	0	38
ptg005977l_1	130461	464769	3.56	0	9
ptg005977l_1_region	130461	464769	3.56	0	9
ptg005978l_1	419369	2634808	6.28	0	31
ptg005978l_1_region	419369	2634808	6.28	0	31
ptg005979l_1	52406	121964	2.33	0	8
ptg005979l_1_region	52406	121964	2.33	0	8
ptg005980l_1	47166	134874	2.86	0	10
ptg005980l_1_region	47166	134874	2.86	0	10
ptg005981l_1	282521	1428479	5.06	0	85
ptg005981l_1_region	282521	1428479	5.06	0	85
ptg005982l_1	159914	680920	4.26	0	17
ptg005982l_1_region	159914	680920	4.26	0	17
ptg005984l_1	143210	471686	3.29	0	11
ptg005984l_1_region	143210	471686	3.29	0	11
ptg005985l_1	174167	1136416	6.52	0	30
ptg005985l_1_region	174167	1136416	6.52	0	30
ptg005986l_1	157836	983969	6.23	0	42
ptg005986l_1_region	157836	983969	6.23	0	42
ptg005987l_1	23093	64366	2.79	0	13
ptg005987l_1_region	23093	64366	2.79	0	13
ptg005989l_1	38347	172700	4.50	0	10
ptg005989l_1_region	38347	172700	4.50	0	10
ptg005991l_1	40203	328611	8.17	0	16
ptg005991l_1_region	40203	328611	8.17	0	16
ptg005992l_1	93932	358744	3.82	0	44
ptg005992l_1_region	93932	358744	3.82	0	44
ptg005993l_1	64531	298679	4.63	0	15
ptg005993l_1_region	64531	298679	4.63	0	15
ptg005995l_1	146652	758805	5.17	0	17
ptg005995l_1_region	146652	758805	5.17	0	17
ptg005996l_1	44950	127974	2.85	0	7
ptg005996l_1_region	44950	127974	2.85	0	7
ptg005998l_1	934193	5469481	5.85	0	46
ptg005998l_1_region	934193	5469481	5.85	0	46
ptg006003l_1	1107937	6664783	6.02	0	39
ptg006003l_1_region	1107937	6664783	6.02	0	39
ptg006004l_1	157970	967321	6.12	0	23
ptg006004l_1_region	157970	967321	6.12	0	23
ptg006005l_1	255356	1669698	6.54	0	22
ptg006005l_1_region	255356	1669698	6.54	0	22
ptg006008l_1	111344	631835	5.67	0	14
ptg006008l_1_region	111344	631835	5.67	0	14
ptg006012l_1	76350	221199	2.90	0	7
ptg006012l_1_region	76350	221199	2.90	0	7
ptg006013l_1	30948	97199	3.14	0	31
ptg006013l_1_region	30948	97199	3.14	0	31
ptg006015l_1	329228	1482849	4.50	0	23
ptg006015l_1_region	329228	1482849	4.50	0	23
ptg006017l_1	370310	2371035	6.40	0	31
ptg006017l_1_region	370310	2371035	6.40	0	31
ptg006018l_1	83588	339530	4.06	0	19
ptg006018l_1_region	83588	339530	4.06	0	19
ptg006020l_1	161680	590489	3.65	0	13
ptg006020l_1_region	161680	590489	3.65	0	13
ptg006021l_1	203227	616307	3.03	0	13
ptg006021l_1_region	203227	616307	3.03	0	13
ptg006022l_1	90296	366813	4.06	0	15
ptg006022l_1_region	90296	366813	4.06	0	15
ptg006023l_1	86444	201379	2.33	0	6
ptg006023l_1_region	86444	201379	2.33	0	6
ptg006024l_1	179724	1013767	5.64	0	50
ptg006024l_1_region	179724	1013767	5.64	0	50
ptg006025l_1	49528	124671	2.52	0	7
ptg006025l_1_region	49528	124671	2.52	0	7
ptg006027l_1	111712	409743	3.67	0	16
ptg006027l_1_region	111712	409743	3.67	0	16
ptg006028l_1	78995	463027	5.86	0	11
ptg006028l_1_region	78995	463027	5.86	0	11
ptg006029l_1	177394	844057	4.76	0	18
ptg006029l_1_region	177394	844057	4.76	0	18
ptg006031l_1	337362	1304763	3.87	0	28
ptg006031l_1_region	337362	1304763	3.87	0	28
ptg006032l_1	261973	1502318	5.73	0	16
ptg006032l_1_region	261973	1502318	5.73	0	16
ptg006035l_1	51283	227318	4.43	0	18
ptg006035l_1_region	51283	227318	4.43	0	18
ptg006036l_1	90779	489966	5.40	0	13
ptg006036l_1_region	90779	489966	5.40	0	13
ptg006037l_1	255260	1731958	6.79	0	66
ptg006037l_1_region	255260	1731958	6.79	0	66
ptg006039l_1	140864	867839	6.16	0	14
ptg006039l_1_region	140864	867839	6.16	0	14
ptg006040l_1	86243	148160	1.72	0	6
ptg006040l_1_region	86243	148160	1.72	0	6
ptg006042l_1	349512	1835788	5.25	0	45
ptg006042l_1_region	349512	1835788	5.25	0	45
ptg006043l_1	321493	1507597	4.69	0	15
ptg006043l_1_region	321493	1507597	4.69	0	15
ptg006045l_1	33720	107075	3.18	0	18
ptg006045l_1_region	33720	107075	3.18	0	18
ptg006047l_1	165470	546540	3.30	0	13
ptg006047l_1_region	165470	546540	3.30	0	13
ptg006048l_1	163940	893611	5.45	0	17
ptg006048l_1_region	163940	893611	5.45	0	17
ptg006050l_1	53883	128281	2.38	0	6
ptg006050l_1_region	53883	128281	2.38	0	6
ptg006051l_1	101462	527729	5.20	0	23
ptg006051l_1_region	101462	527729	5.20	0	23
ptg006052l_1	41727	161901	3.88	0	9
ptg006052l_1_region	41727	161901	3.88	0	9
ptg006053l_1	69465	273198	3.93	0	17
ptg006053l_1_region	69465	273198	3.93	0	17
ptg006054l_1	198268	706074	3.56	0	11
ptg006054l_1_region	198268	706074	3.56	0	11
ptg006057l_1	159267	910920	5.72	0	18
ptg006057l_1_region	159267	910920	5.72	0	18
ptg006060l_1	473022	2073579	4.38	0	34
ptg006060l_1_region	473022	2073579	4.38	0	34
ptg006063l_1	82437	482059	5.85	0	30
ptg006063l_1_region	82437	482059	5.85	0	30
ptg006064l_1	305573	1515728	4.96	0	15
ptg006064l_1_region	305573	1515728	4.96	0	15
ptg006067l_1	117563	427017	3.63	0	13
ptg006067l_1_region	117563	427017	3.63	0	13
ptg006069l_1	339970	1584166	4.66	0	19
ptg006069l_1_region	339970	1584166	4.66	0	19
ptg006071l_1	157981	1474027	9.33	0	30
ptg006071l_1_region	157981	1474027	9.33	0	30
ptg006074l_1	181838	469532	2.58	0	13
ptg006074l_1_region	181838	469532	2.58	0	13
ptg006076l_1	331137	7823664	23.63	0	158
ptg006076l_1_region	331137	7823664	23.63	0	158
ptg006079l_1	325354	1466747	4.51	0	28
ptg006079l_1_region	325354	1466747	4.51	0	28
ptg006080l_1	459380	2077985	4.52	0	14
ptg006080l_1_region	459380	2077985	4.52	0	14
ptg006081l_1	56613	141050	2.49	0	11
ptg006081l_1_region	56613	141050	2.49	0	11
ptg006082l_1	234300	534660	2.28	0	8
ptg006082l_1_region	234300	534660	2.28	0	8
ptg006084l_1	70078	313377	4.47	0	13
ptg006084l_1_region	70078	313377	4.47	0	13
ptg006085l_1	118778	728505	6.13	0	58
ptg006085l_1_region	118778	728505	6.13	0	58
ptg006086l_1	121205	472295	3.90	0	16
ptg006086l_1_region	121205	472295	3.90	0	16
ptg006087l_1	204999	1345650	6.56	0	30
ptg006087l_1_region	204999	1345650	6.56	0	30
ptg006088l_1	473872	2337145	4.93	0	16
ptg006088l_1_region	473872	2337145	4.93	0	16
ptg006089l_1	441935	2281067	5.16	0	33
ptg006089l_1_region	441935	2281067	5.16	0	33
ptg006090l_1	487799	4465497	9.15	0	82
ptg006090l_1_region	487799	4465497	9.15	0	82
ptg006091l_1	566467	3013383	5.32	0	18
ptg006091l_1_region	566467	3013383	5.32	0	18
ptg006093l_1	64297	193592	3.01	0	8
ptg006093l_1_region	64297	193592	3.01	0	8
ptg006094l_1	316829	1932992	6.10	0	20
ptg006094l_1_region	316829	1932992	6.10	0	20
ptg006096l_1	394447	2031496	5.15	0	15
ptg006096l_1_region	394447	2031496	5.15	0	15
ptg006098l_1	222276	722627	3.25	0	35
ptg006098l_1_region	222276	722627	3.25	0	35
ptg006100l_1	251844	718515	2.85	0	11
ptg006100l_1_region	251844	718515	2.85	0	11
ptg006101l_1	110133	360079	3.27	0	12
ptg006101l_1_region	110133	360079	3.27	0	12
ptg006102l_1	173155	1025877	5.92	0	19
ptg006102l_1_region	173155	1025877	5.92	0	19
ptg006105l_1	68820	187025	2.72	0	6
ptg006105l_1_region	68820	187025	2.72	0	6
ptg006106l_1	163064	501912	3.08	0	12
ptg006106l_1_region	163064	501912	3.08	0	12
ptg006107l_1	24448	114094	4.67	0	9
ptg006107l_1_region	24448	114094	4.67	0	9
ptg006108l_1	193081	268811	1.39	0	7
ptg006108l_1_region	193081	268811	1.39	0	7
ptg006109l_1	19986	92972	4.65	0	10
ptg006109l_1_region	19986	92972	4.65	0	10
ptg006111l_1	140086	448118	3.20	0	13
ptg006111l_1_region	140086	448118	3.20	0	13
ptg006113l_1	63007	513062	8.14	0	46
ptg006113l_1_region	63007	513062	8.14	0	46
ptg006114l_1	134350	672652	5.01	0	13
ptg006114l_1_region	134350	672652	5.01	0	13
ptg006115l_1	42590	145935	3.43	0	9
ptg006115l_1_region	42590	145935	3.43	0	9
ptg006116l_1	102012	458589	4.50	0	12
ptg006116l_1_region	102012	458589	4.50	0	12
ptg006118l_1	150354	987914	6.57	0	22
ptg006118l_1_region	150354	987914	6.57	0	22
ptg006119l_1	202622	726275	3.58	0	11
ptg006119l_1_region	202622	726275	3.58	0	11
ptg006120l_1	145272	772982	5.32	0	15
ptg006120l_1_region	145272	772982	5.32	0	15
ptg006121l_1	226762	1159627	5.11	0	14
ptg006121l_1_region	226762	1159627	5.11	0	14
ptg006122l_1	362011	2020964	5.58	0	14
ptg006122l_1_region	362011	2020964	5.58	0	14
ptg006124l_1	85470	356297	4.17	0	11
ptg006124l_1_region	85470	356297	4.17	0	11
ptg006125l_1	39079	104385	2.67	0	14
ptg006125l_1_region	39079	104385	2.67	0	14
ptg006126l_1	261391	675668	2.58	0	20
ptg006126l_1_region	261391	675668	2.58	0	20
ptg006128l_1	50265	160168	3.19	0	7
ptg006128l_1_region	50265	160168	3.19	0	7
ptg006133l_1	570798	4231574	7.41	0	82
ptg006133l_1_region	570798	4231574	7.41	0	82
ptg006135l_1	61163	240366	3.93	0	11
ptg006135l_1_region	61163	240366	3.93	0	11
ptg006136l_1	287052	1277362	4.45	0	13
ptg006136l_1_region	287052	1277362	4.45	0	13
ptg006137l_1	396087	2353913	5.94	0	91
ptg006137l_1_region	396087	2353913	5.94	0	91
ptg006140l_1	132385	566393	4.28	0	15
ptg006140l_1_region	132385	566393	4.28	0	15
ptg006141l_1	183331	1042652	5.69	0	13
ptg006141l_1_region	183331	1042652	5.69	0	13
ptg006142l_1	183849	1442783	7.85	0	27
ptg006142l_1_region	183849	1442783	7.85	0	27
ptg006143l_1	63627	158845	2.50	0	9
ptg006143l_1_region	63627	158845	2.50	0	9
ptg006146l_1	231272	1268456	5.48	0	17
ptg006146l_1_region	231272	1268456	5.48	0	17
ptg006147l_1	208869	1356699	6.50	0	67
ptg006147l_1_region	208869	1356699	6.50	0	67
ptg006152l_1	151274	756276	5.00	0	14
ptg006152l_1_region	151274	756276	5.00	0	14
ptg006154l_1	215782	1165405	5.40	0	16
ptg006154l_1_region	215782	1165405	5.40	0	16
ptg006155l_1	118550	571767	4.82	0	13
ptg006155l_1_region	118550	571767	4.82	0	13
ptg006158l_1	36215	68911	1.90	0	4
ptg006158l_1_region	36215	68911	1.90	0	4
ptg006159l_1	36634	65423	1.79	0	16
ptg006159l_1_region	36634	65423	1.79	0	16
ptg006160l_1	887267	4563954	5.14	0	23
ptg006160l_1_region	887267	4563954	5.14	0	23
ptg006164l_1	132542	676164	5.10	0	13
ptg006164l_1_region	132542	676164	5.10	0	13
ptg006166l_1	246074	1083095	4.40	0	15
ptg006166l_1_region	246074	1083095	4.40	0	15
ptg006167l_1	248859	1916956	7.70	0	24
ptg006167l_1_region	248859	1916956	7.70	0	24
ptg006169l_1	282146	1537705	5.45	0	14
ptg006169l_1_region	282146	1537705	5.45	0	14
ptg006170l_1	144938	711309	4.91	0	19
ptg006170l_1_region	144938	711309	4.91	0	19
ptg006174l_1	124973	649057	5.19	0	16
ptg006174l_1_region	124973	649057	5.19	0	16
ptg006175l_1	196944	2018091	10.25	0	199
ptg006175l_1_region	196944	2018091	10.25	0	199
ptg006178l_1	16432	18942	1.15	0	4
ptg006178l_1_region	16432	18942	1.15	0	4
ptg006179l_1	35576	150096	4.22	0	21
ptg006179l_1_region	35576	150096	4.22	0	21
ptg006180l_1	120595	394557	3.27	0	13
ptg006180l_1_region	120595	394557	3.27	0	13
ptg006182l_1	85773	299523	3.49	0	13
ptg006182l_1_region	85773	299523	3.49	0	13
ptg006184l_1	101986	784726	7.69	0	28
ptg006184l_1_region	101986	784726	7.69	0	28
ptg006185l_1	151130	831912	5.50	0	21
ptg006185l_1_region	151130	831912	5.50	0	21
ptg006186l_1	174527	1495842	8.57	0	21
ptg006186l_1_region	174527	1495842	8.57	0	21
ptg006187l_1	12360	87123	7.05	0	74
ptg006187l_1_region	12360	87123	7.05	0	74
ptg006189l_1	136807	482567	3.53	0	11
ptg006189l_1_region	136807	482567	3.53	0	11
ptg006190l_1	64396	142162	2.21	0	18
ptg006190l_1_region	64396	142162	2.21	0	18
ptg006191l_1	158230	893442	5.65	0	16
ptg006191l_1_region	158230	893442	5.65	0	16
ptg006194l_1	227333	1209924	5.32	0	14
ptg006194l_1_region	227333	1209924	5.32	0	14
ptg006197l_1	153846	1136813	7.39	0	28
ptg006197l_1_region	153846	1136813	7.39	0	28
ptg006198l_1	19599	36038	1.84	0	4
ptg006198l_1_region	19599	36038	1.84	0	4
ptg006199l_1	446160	3493326	7.83	0	25
ptg006199l_1_region	446160	3493326	7.83	0	25
ptg006200l_1	29404	377335	12.83	0	34
ptg006200l_1_region	29404	377335	12.83	0	34
ptg006202l_1	207947	583416	2.81	0	12
ptg006202l_1_region	207947	583416	2.81	0	12
ptg006204l_1	283640	1274350	4.49	0	40
ptg006204l_1_region	283640	1274350	4.49	0	40
ptg006205l_1	140321	452239	3.22	0	11
ptg006205l_1_region	140321	452239	3.22	0	11
ptg006206l_1	29666	110932	3.74	0	40
ptg006206l_1_region	29666	110932	3.74	0	40
ptg006208l_1	145045	940241	6.48	0	18
ptg006208l_1_region	145045	940241	6.48	0	18
ptg006210l_1	60370	292304	4.84	0	21
ptg006210l_1_region	60370	292304	4.84	0	21
ptg006212l_1	51873	253117	4.88	0	12
ptg006212l_1_region	51873	253117	4.88	0	12
ptg006213l_1	180100	1025623	5.69	0	21
ptg006213l_1_region	180100	1025623	5.69	0	21
ptg006215l_1	49038	129183	2.63	0	15
ptg006215l_1_region	49038	129183	2.63	0	15
ptg006217l_1	80090	648244	8.09	0	23
ptg006217l_1_region	80090	648244	8.09	0	23
ptg006221l_1	250421	921588	3.68	0	17
ptg006221l_1_region	250421	921588	3.68	0	17
ptg006223l_1	318549	2164157	6.79	0	19
ptg006223l_1_region	318549	2164157	6.79	0	19
ptg006224l_1	163923	1169885	7.14	0	31
ptg006224l_1_region	163923	1169885	7.14	0	31
ptg006225l_1	69975	356368	5.09	0	15
ptg006225l_1_region	69975	356368	5.09	0	15
ptg006227l_1	36394	125567	3.45	0	17
ptg006227l_1_region	36394	125567	3.45	0	17
ptg006228l_1	510931	1845868	3.61	0	16
ptg006228l_1_region	510931	1845868	3.61	0	16
ptg006230l_1	317554	1433609	4.51	0	27
ptg006230l_1_region	317554	1433609	4.51	0	27
ptg006231l_1	168293	1011578	6.01	0	14
ptg006231l_1_region	168293	1011578	6.01	0	14
ptg006233l_1	61583	343835	5.58	0	20
ptg006233l_1_region	61583	343835	5.58	0	20
ptg006234l_1	86101	261623	3.04	0	9
ptg006234l_1_region	86101	261623	3.04	0	9
ptg006235l_1	92461	488461	5.28	0	20
ptg006235l_1_region	92461	488461	5.28	0	20
ptg006245l_1	208094	709239	3.41	0	11
ptg006245l_1_region	208094	709239	3.41	0	11
ptg006246l_1	352947	1910063	5.41	0	22
ptg006246l_1_region	352947	1910063	5.41	0	22
ptg006247l_1	29195	57468	1.97	0	6
ptg006247l_1_region	29195	57468	1.97	0	6
ptg006248l_1	21562	100496	4.66	0	9
ptg006248l_1_region	21562	100496	4.66	0	9
ptg006251l_1	164576	677810	4.12	0	24
ptg006251l_1_region	164576	677810	4.12	0	24
ptg006252l_1	385409	1809411	4.69	0	16
ptg006252l_1_region	385409	1809411	4.69	0	16
ptg006254l_1	34675	65374	1.89	0	8
ptg006254l_1_region	34675	65374	1.89	0	8
ptg006256l_1	318218	162682	0.51	0	4
ptg006256l_1_region	318218	162682	0.51	0	4
ptg006257l_1	454291	101671	0.22	0	13
ptg006257l_1_region	454291	101671	0.22	0	13
ptg006258l_1	140307	856068	6.10	0	18
ptg006258l_1_region	140307	856068	6.10	0	18
ptg006259l_1	18938	48345	2.55	0	4
ptg006259l_1_region	18938	48345	2.55	0	4
ptg006260l_1	81716	328981	4.03	0	17
ptg006260l_1_region	81716	328981	4.03	0	17
ptg006261l_1	181085	1064642	5.88	0	19
ptg006261l_1_region	181085	1064642	5.88	0	19
ptg006262l_1	20693	106474	5.15	0	20
ptg006262l_1_region	20693	106474	5.15	0	20
ptg006263l_1	52697	146254	2.78	0	7
ptg006263l_1_region	52697	146254	2.78	0	7
ptg006266l_1	41234	9329	0.23	0	18
ptg006266l_1_region	41234	9329	0.23	0	18
ptg006267l_1	57976	79944	1.38	0	12
ptg006267l_1_region	57976	79944	1.38	0	12
ptg006268l_1	109636	640892	5.85	0	23
ptg006268l_1_region	109636	640892	5.85	0	23
ptg006269l_1	115126	429247	3.73	0	18
ptg006269l_1_region	115126	429247	3.73	0	18
ptg006270l_1	229786	1622894	7.06	0	20
ptg006270l_1_region	229786	1622894	7.06	0	20
ptg006271l_1	205602	1206440	5.87	0	25
ptg006271l_1_region	205602	1206440	5.87	0	25
ptg006274l_1	99756	914817	9.17	0	24
ptg006274l_1_region	99756	914817	9.17	0	24
ptg006275l_1	991161	5793131	5.84	0	23
ptg006275l_1_region	991161	5793131	5.84	0	23
ptg006276l_1	364990	1958040	5.36	0	16
ptg006276l_1_region	364990	1958040	5.36	0	16
ptg006277l_1	250885	1181635	4.71	0	17
ptg006277l_1_region	250885	1181635	4.71	0	17
ptg006278l_1	293192	1518296	5.18	0	17
ptg006278l_1_region	293192	1518296	5.18	0	17
ptg006279l_1	390843	2911778	7.45	0	18
ptg006279l_1_region	390843	2911778	7.45	0	18
ptg006280l_1	30790	97378	3.16	0	8
ptg006280l_1_region	30790	97378	3.16	0	8
ptg006281l_1	285517	1672017	5.86	0	43
ptg006281l_1_region	285517	1672017	5.86	0	43
ptg006283l_1	424247	2849942	6.72	0	87
ptg006283l_1_region	424247	2849942	6.72	0	87
ptg006284l_1	99064	561547	5.67	0	15
ptg006284l_1_region	99064	561547	5.67	0	15
ptg006286l_1	38679	358192	9.26	0	15
ptg006286l_1_region	38679	358192	9.26	0	15
ptg006287l_1	222167	1196982	5.39	0	39
ptg006287l_1_region	222167	1196982	5.39	0	39
ptg006288l_1	213073	799004	3.75	0	14
ptg006288l_1_region	213073	799004	3.75	0	14
ptg006292l_1	130907	642690	4.91	0	27
ptg006292l_1_region	130907	642690	4.91	0	27
ptg006293l_1	132191	640295	4.84	0	17
ptg006293l_1_region	132191	640295	4.84	0	17
ptg006296l_1	117591	748643	6.37	0	22
ptg006296l_1_region	117591	748643	6.37	0	22
ptg006297l_1	59997	1333058	22.22	0	138
ptg006297l_1_region	59997	1333058	22.22	0	138
ptg006298l_1	34119	786563	23.05	0	84
ptg006298l_1_region	34119	786563	23.05	0	84
ptg006305l_1	232177	1117545	4.81	0	19
ptg006305l_1_region	232177	1117545	4.81	0	19
ptg006308l_1	27604	86488	3.13	0	10
ptg006308l_1_region	27604	86488	3.13	0	10
ptg006310l_1	447776	985450	2.20	0	12
ptg006310l_1_region	447776	985450	2.20	0	12
ptg006314l_1	135680	565993	4.17	0	26
ptg006314l_1_region	135680	565993	4.17	0	26
ptg006315l_1	361768	2486361	6.87	0	20
ptg006315l_1_region	361768	2486361	6.87	0	20
ptg006316l_1	159038	751144	4.72	0	16
ptg006316l_1_region	159038	751144	4.72	0	16
ptg006317l_1	284347	1515467	5.33	0	22
ptg006317l_1_region	284347	1515467	5.33	0	22
ptg006319l_1	165545	899361	5.43	0	21
ptg006319l_1_region	165545	899361	5.43	0	21
ptg006320l_1	91356	213305	2.33	0	10
ptg006320l_1_region	91356	213305	2.33	0	10
ptg006321l_1	164218	639490	3.89	0	11
ptg006321l_1_region	164218	639490	3.89	0	11
ptg006322l_1	156575	873398	5.58	0	16
ptg006322l_1_region	156575	873398	5.58	0	16
ptg006325l_1	99575	466699	4.69	0	13
ptg006325l_1_region	99575	466699	4.69	0	13
ptg006328l_1	203729	1051533	5.16	0	15
ptg006328l_1_region	203729	1051533	5.16	0	15
ptg006331l_1	96660	731867	7.57	0	16
ptg006331l_1_region	96660	731867	7.57	0	16
ptg006332l_1	144062	448509	3.11	0	13
ptg006332l_1_region	144062	448509	3.11	0	13
ptg006334l_1	55007	121779	2.21	0	5
ptg006334l_1_region	55007	121779	2.21	0	5
ptg006335l_1	82949	374723	4.52	0	14
ptg006335l_1_region	82949	374723	4.52	0	14
ptg006338l_1	140506	577327	4.11	0	18
ptg006338l_1_region	140506	577327	4.11	0	18
ptg006339l_1	305336	1040919	3.41	0	15
ptg006339l_1_region	305336	1040919	3.41	0	15
ptg006340l_1	197052	569459	2.89	0	12
ptg006340l_1_region	197052	569459	2.89	0	12
ptg006341l_1	93041	279526	3.00	0	10
ptg006341l_1_region	93041	279526	3.00	0	10
ptg006342l_1	157791	995972	6.31	0	15
ptg006342l_1_region	157791	995972	6.31	0	15
ptg006346l_1	73059	186841	2.56	0	10
ptg006346l_1_region	73059	186841	2.56	0	10
ptg006347l_1	64074	350459	5.47	0	13
ptg006347l_1_region	64074	350459	5.47	0	13
ptg006348l_1	66410	252607	3.80	0	10
ptg006348l_1_region	66410	252607	3.80	0	10
ptg006357l_1	58915	140813	2.39	0	6
ptg006357l_1_region	58915	140813	2.39	0	6
ptg006358l_1	84612	630674	7.45	0	18
ptg006358l_1_region	84612	630674	7.45	0	18
ptg006361l_1	191569	1029512	5.37	0	36
ptg006361l_1_region	191569	1029512	5.37	0	36
ptg006362l_1	495035	3194051	6.45	0	32
ptg006362l_1_region	495035	3194051	6.45	0	32
ptg006365l_1	226001	1018515	4.51	0	17
ptg006365l_1_region	226001	1018515	4.51	0	17
ptg006366l_1	207383	1150632	5.55	0	16
ptg006366l_1_region	207383	1150632	5.55	0	16
ptg006367l_1	145850	556276	3.81	0	12
ptg006367l_1_region	145850	556276	3.81	0	12
ptg006368l_1	38313	235453	6.15	0	77
ptg006368l_1_region	38313	235453	6.15	0	77
ptg006369l_1	113941	1252428	10.99	0	42
ptg006369l_1_region	113941	1252428	10.99	0	42
ptg006370l_1	26258	65327	2.49	0	6
ptg006370l_1_region	26258	65327	2.49	0	6
ptg006371l_1	152153	557629	3.66	0	10
ptg006371l_1_region	152153	557629	3.66	0	10
ptg006372l_1	243443	899312	3.69	0	10
ptg006372l_1_region	243443	899312	3.69	0	10
ptg006373l_1	800181	4651095	5.81	0	19
ptg006373l_1_region	800181	4651095	5.81	0	19
ptg006374l_1	717302	6640190	9.26	0	40
ptg006374l_1_region	717302	6640190	9.26	0	40
ptg006376l_1	216315	2081182	9.62	0	55
ptg006376l_1_region	216315	2081182	9.62	0	55
ptg006378l_1	117931	831427	7.05	0	15
ptg006378l_1_region	117931	831427	7.05	0	15
ptg006379l_1	24551	179895	7.33	0	13
ptg006379l_1_region	24551	179895	7.33	0	13
ptg006380l_1	132243	452529	3.42	0	22
ptg006380l_1_region	132243	452529	3.42	0	22
ptg006381l_1	108242	504094	4.66	0	48
ptg006381l_1_region	108242	504094	4.66	0	48
ptg006382l_1	33334	101549	3.05	0	10
ptg006382l_1_region	33334	101549	3.05	0	10
ptg006386l_1	135979	1186773	8.73	0	765
ptg006386l_1_region	135979	1186773	8.73	0	765
ptg006387l_1	84420	238458	2.82	0	17
ptg006387l_1_region	84420	238458	2.82	0	17
ptg006388l_1	293270	879058	3.00	0	11
ptg006388l_1_region	293270	879058	3.00	0	11
ptg006391l_1	110809	237627	2.14	0	16
ptg006391l_1_region	110809	237627	2.14	0	16
ptg006392l_1	54643	265974	4.87	0	11
ptg006392l_1_region	54643	265974	4.87	0	11
ptg006393l_1	180976	1242786	6.87	0	17
ptg006393l_1_region	180976	1242786	6.87	0	17
ptg006398l_1	108130	45030	0.42	0	6
ptg006398l_1_region	108130	45030	0.42	0	6
ptg006399l_1	366873	938771	2.56	0	66
ptg006399l_1_region	366873	938771	2.56	0	66
ptg006400l_1	282965	2291445	8.10	0	61
ptg006400l_1_region	282965	2291445	8.10	0	61
ptg006401l_1	87762	1521320	17.33	0	231
ptg006401l_1_region	87762	1521320	17.33	0	231
ptg006402l_1	83001	606857	7.31	0	67
ptg006402l_1_region	83001	606857	7.31	0	67
ptg006404l_1	29544	92675	3.14	0	8
ptg006404l_1_region	29544	92675	3.14	0	8
ptg006405l_1	164165	299000	1.82	0	10
ptg006405l_1_region	164165	299000	1.82	0	10
ptg006406l_1	209795	993817	4.74	0	15
ptg006406l_1_region	209795	993817	4.74	0	15
ptg006407l_1	111135	443070	3.99	0	11
ptg006407l_1_region	111135	443070	3.99	0	11
ptg006410l_1	41948	180341	4.30	0	11
ptg006410l_1_region	41948	180341	4.30	0	11
ptg006411l_1	24688	18792	0.76	0	2
ptg006411l_1_region	24688	18792	0.76	0	2
ptg006412l_1	39612	244466	6.17	0	16
ptg006412l_1_region	39612	244466	6.17	0	16
ptg006413l_1	48103	121157	2.52	0	8
ptg006413l_1_region	48103	121157	2.52	0	8
ptg006415l_1	262193	2208928	8.42	0	33
ptg006415l_1_region	262193	2208928	8.42	0	33
ptg006416l_1	78903	267722	3.39	0	7
ptg006416l_1_region	78903	267722	3.39	0	7
ptg006417l_1	176759	204875	1.16	0	10
ptg006417l_1_region	176759	204875	1.16	0	10
ptg006419l_1	101826	444971	4.37	0	14
ptg006419l_1_region	101826	444971	4.37	0	14
ptg006420l_1	32435	48935	1.51	0	8
ptg006420l_1_region	32435	48935	1.51	0	8
ptg006421l_1	134637	470326	3.49	0	9
ptg006421l_1_region	134637	470326	3.49	0	9
ptg006423l_1	84602	411613	4.87	0	10
ptg006423l_1_region	84602	411613	4.87	0	10
ptg006424l_1	277933	1560022	5.61	0	17
ptg006424l_1_region	277933	1560022	5.61	0	17
ptg006429l_1	59906	335618	5.60	0	116
ptg006429l_1_region	59906	335618	5.60	0	116
ptg006430l_1	41923	66599	1.59	0	4
ptg006430l_1_region	41923	66599	1.59	0	4
ptg006433l_1	439393	110653	0.25	0	4
ptg006433l_1_region	439393	110653	0.25	0	4
ptg006434l_1	225564	917970	4.07	0	12
ptg006434l_1_region	225564	917970	4.07	0	12
ptg006435l_1	841735	3774867	4.48	0	18
ptg006435l_1_region	841735	3774867	4.48	0	18
ptg006438l_1	289021	1412732	4.89	0	276
ptg006438l_1_region	289021	1412732	4.89	0	276
ptg006439l_1	521092	1731819	3.32	0	21
ptg006439l_1_region	521092	1731819	3.32	0	21
ptg006440l_1	280829	1415618	5.04	0	31
ptg006440l_1_region	280829	1415618	5.04	0	31
ptg006441l_1	284575	1674214	5.88	0	33
ptg006441l_1_region	284575	1674214	5.88	0	33
ptg006444l_1	82866	400750	4.84	0	23
ptg006444l_1_region	82866	400750	4.84	0	23
ptg006446l_1	65250	271844	4.17	0	9
ptg006446l_1_region	65250	271844	4.17	0	9
ptg006447l_1	28586	86683	3.03	0	6
ptg006447l_1_region	28586	86683	3.03	0	6
ptg006448l_1	24910	42132	1.69	0	4
ptg006448l_1_region	24910	42132	1.69	0	4
ptg006449l_1	48439	227174	4.69	0	18
ptg006449l_1_region	48439	227174	4.69	0	18
ptg006452l_1	51518	219989	4.27	0	10
ptg006452l_1_region	51518	219989	4.27	0	10
ptg006453l_1	66826	280503	4.20	0	12
ptg006453l_1_region	66826	280503	4.20	0	12
ptg006454l_1	24967	185665	7.44	0	18
ptg006454l_1_region	24967	185665	7.44	0	18
ptg006455l_1	212904	1104930	5.19	0	15
ptg006455l_1_region	212904	1104930	5.19	0	15
ptg006456l_1	245951	968163	3.94	0	15
ptg006456l_1_region	245951	968163	3.94	0	15
ptg006458l_1	327821	1330454	4.06	0	23
ptg006458l_1_region	327821	1330454	4.06	0	23
ptg006459l_1	354167	3327770	9.40	0	93
ptg006459l_1_region	354167	3327770	9.40	0	93
ptg006460l_1	347432	1276038	3.67	0	20
ptg006460l_1_region	347432	1276038	3.67	0	20
ptg006466l_1	303471	1067198	3.52	0	31
ptg006466l_1_region	303471	1067198	3.52	0	31
ptg006467l_1	277489	1437527	5.18	0	14
ptg006467l_1_region	277489	1437527	5.18	0	14
ptg006468l_1	146409	840837	5.74	0	15
ptg006468l_1_region	146409	840837	5.74	0	15
ptg006471l_1	154955	685279	4.42	0	16
ptg006471l_1_region	154955	685279	4.42	0	16
ptg006474l_1	267008	949953	3.56	0	16
ptg006474l_1_region	267008	949953	3.56	0	16
ptg006475l_1	91369	572733	6.27	0	12
ptg006475l_1_region	91369	572733	6.27	0	12
ptg006477l_1	193821	815104	4.21	0	17
ptg006477l_1_region	193821	815104	4.21	0	17
ptg006479l_1	87327	329639	3.77	0	12
ptg006479l_1_region	87327	329639	3.77	0	12
ptg006482l_1	74618	371196	4.97	0	17
ptg006482l_1_region	74618	371196	4.97	0	17
ptg006483l_1	246942	1039410	4.21	0	14
ptg006483l_1_region	246942	1039410	4.21	0	14
ptg006485l_1	113221	491370	4.34	0	10
ptg006485l_1_region	113221	491370	4.34	0	10
ptg006487l_1	96611	177382	1.84	0	9
ptg006487l_1_region	96611	177382	1.84	0	9
ptg006488l_1	104749	325370	3.11	0	11
ptg006488l_1_region	104749	325370	3.11	0	11
ptg006490l_1	443301	1080443	2.44	0	13
ptg006490l_1_region	443301	1080443	2.44	0	13
ptg006491l_1	217799	988083	4.54	0	25
ptg006491l_1_region	217799	988083	4.54	0	25
ptg006492l_1	69954	390677	5.58	0	15
ptg006492l_1_region	69954	390677	5.58	0	15
ptg006493l_1	547520	856758	1.56	0	18
ptg006493l_1_region	547520	856758	1.56	0	18
ptg006494l_1	211081	961828	4.56	0	14
ptg006494l_1_region	211081	961828	4.56	0	14
ptg006495l_1	46173	129492	2.80	0	7
ptg006495l_1_region	46173	129492	2.80	0	7
ptg006496l_1	132623	779561	5.88	0	27
ptg006496l_1_region	132623	779561	5.88	0	27
ptg006497l_1	219840	848051	3.86	0	11
ptg006497l_1_region	219840	848051	3.86	0	11
ptg006500l_1	86465	435376	5.04	0	12
ptg006500l_1_region	86465	435376	5.04	0	12
ptg006502l_1	39558	180420	4.56	0	11
ptg006502l_1_region	39558	180420	4.56	0	11
ptg006504l_1	541140	2433292	4.50	0	19
ptg006504l_1_region	541140	2433292	4.50	0	19
ptg006505l_1	148783	1597897	10.74	0	95
ptg006505l_1_region	148783	1597897	10.74	0	95
ptg006508l_1	111990	273081	2.44	0	8
ptg006508l_1_region	111990	273081	2.44	0	8
ptg006514l_1	86178	359090	4.17	0	11
ptg006514l_1_region	86178	359090	4.17	0	11
ptg006515l_1	164782	639242	3.88	0	13
ptg006515l_1_region	164782	639242	3.88	0	13
ptg006516l_1	618043	3767277	6.10	0	52
ptg006516l_1_region	618043	3767277	6.10	0	52
ptg006518l_1	387975	2117585	5.46	0	16
ptg006518l_1_region	387975	2117585	5.46	0	16
ptg006519l_1	165160	610658	3.70	0	12
ptg006519l_1_region	165160	610658	3.70	0	12
ptg006520l_1	85173	369799	4.34	0	9
ptg006520l_1_region	85173	369799	4.34	0	9
ptg006523l_1	57571	205872	3.58	0	9
ptg006523l_1_region	57571	205872	3.58	0	9
ptg006525l_1	663249	1083407	1.63	0	25
ptg006525l_1_region	663249	1083407	1.63	0	25
ptg006526l_1	105514	382580	3.63	0	10
ptg006526l_1_region	105514	382580	3.63	0	10
ptg006528l_1	176517	1353474	7.67	0	20
ptg006528l_1_region	176517	1353474	7.67	0	20
ptg006529l_1	185418	639990	3.45	0	17
ptg006529l_1_region	185418	639990	3.45	0	17
ptg006534l_1	449626	2401675	5.34	0	16
ptg006534l_1_region	449626	2401675	5.34	0	16
ptg006541l_1	189478	844434	4.46	0	17
ptg006541l_1_region	189478	844434	4.46	0	17
ptg006542l_1	172877	711919	4.12	0	13
ptg006542l_1_region	172877	711919	4.12	0	13
ptg006545l_1	247050	1751522	7.09	0	34
ptg006545l_1_region	247050	1751522	7.09	0	34
ptg006546l_1	103601	437534	4.22	0	16
ptg006546l_1_region	103601	437534	4.22	0	16
ptg006549l_1	259366	664234	2.56	0	18
ptg006549l_1_region	259366	664234	2.56	0	18
ptg006551l_1	238176	956405	4.02	0	12
ptg006551l_1_region	238176	956405	4.02	0	12
ptg006552l_1	259501	1447113	5.58	0	18
ptg006552l_1_region	259501	1447113	5.58	0	18
ptg006555l_1	440626	2087100	4.74	0	47
ptg006555l_1_region	440626	2087100	4.74	0	47
ptg006556l_1	265621	1107978	4.17	0	20
ptg006556l_1_region	265621	1107978	4.17	0	20
ptg006557l_1	72120	263987	3.66	0	14
ptg006557l_1_region	72120	263987	3.66	0	14
ptg006558l_1	77939	346480	4.45	0	13
ptg006558l_1_region	77939	346480	4.45	0	13
ptg006560l_1	205707	1195264	5.81	0	19
ptg006560l_1_region	205707	1195264	5.81	0	19
ptg006561l_1	67225	511904	7.61	0	26
ptg006561l_1_region	67225	511904	7.61	0	26
ptg006562l_1	123782	309131	2.50	0	12
ptg006562l_1_region	123782	309131	2.50	0	12
ptg006563l_1	52528	203339	3.87	0	9
ptg006563l_1_region	52528	203339	3.87	0	9
ptg006564l_1	186247	843111	4.53	0	13
ptg006564l_1_region	186247	843111	4.53	0	13
ptg006567l_1	91757	257607	2.81	0	7
ptg006567l_1_region	91757	257607	2.81	0	7
ptg006568l_1	91329	502979	5.51	0	22
ptg006568l_1_region	91329	502979	5.51	0	22
ptg006569l_1	52401	320362	6.11	0	20
ptg006569l_1_region	52401	320362	6.11	0	20
ptg006571l_1	44190	195862	4.43	0	8
ptg006571l_1_region	44190	195862	4.43	0	8
ptg006576l_1	852533	5112613	6.00	0	24
ptg006576l_1_region	852533	5112613	6.00	0	24
ptg006578l_1	94475	4610187	48.80	0	195
ptg006578l_1_region	94475	4610187	48.80	0	195
ptg006581l_1	277500	19440331	70.06	0	515
ptg006581l_1_region	277500	19440331	70.06	0	515
ptg006582l_1	172468	472442	2.74	0	13
ptg006582l_1_region	172468	472442	2.74	0	13
ptg006583l_1	129913	542032	4.17	0	8
ptg006583l_1_region	129913	542032	4.17	0	8
ptg006585l_1	45386	216349	4.77	0	17
ptg006585l_1_region	45386	216349	4.77	0	17
ptg006595l_1	207322	989930	4.77	0	13
ptg006595l_1_region	207322	989930	4.77	0	13
ptg006597l_1	215303	1057226	4.91	0	18
ptg006597l_1_region	215303	1057226	4.91	0	18
ptg006600l_1	472705	73786	0.16	0	4
ptg006600l_1_region	472705	73786	0.16	0	4
ptg006602l_1	56970	207351	3.64	0	12
ptg006602l_1_region	56970	207351	3.64	0	12
ptg006604l_1	92005	432907	4.71	0	148
ptg006604l_1_region	92005	432907	4.71	0	148
ptg006610l_1	131812	706793	5.36	0	22
ptg006610l_1_region	131812	706793	5.36	0	22
ptg006612l_1	99800	423894	4.25	0	12
ptg006612l_1_region	99800	423894	4.25	0	12
ptg006613l_1	186675	716989	3.84	0	13
ptg006613l_1_region	186675	716989	3.84	0	13
ptg006614l_1	16950	55200	3.26	0	8
ptg006614l_1_region	16950	55200	3.26	0	8
ptg006616l_1	23475	76990	3.28	0	9
ptg006616l_1_region	23475	76990	3.28	0	9
ptg006617l_1	88662	342255	3.86	0	13
ptg006617l_1_region	88662	342255	3.86	0	13
ptg006618l_1	183257	726411	3.96	0	12
ptg006618l_1_region	183257	726411	3.96	0	12
ptg006620l_1	563438	3978246	7.06	0	69
ptg006620l_1_region	563438	3978246	7.06	0	69
ptg006621l_1	159052	633893	3.99	0	13
ptg006621l_1_region	159052	633893	3.99	0	13
ptg006622l_1	136725	1027499	7.52	0	16
ptg006622l_1_region	136725	1027499	7.52	0	16
ptg006623l_1	92414	539159	5.83	0	20
ptg006623l_1_region	92414	539159	5.83	0	20
ptg006624l_1	50983	184286	3.61	0	14
ptg006624l_1_region	50983	184286	3.61	0	14
ptg006628l_1	20130	81274	4.04	0	7
ptg006628l_1_region	20130	81274	4.04	0	7
ptg006629l_1	84773	654227	7.72	0	50
ptg006629l_1_region	84773	654227	7.72	0	50
ptg006630l_1	692990	2693956	3.89	0	25
ptg006630l_1_region	692990	2693956	3.89	0	25
ptg006631l_1	55787	511829	9.17	1	16
ptg006631l_1_region	55787	511829	9.17	1	16
ptg006632l_1	97249	344213	3.54	0	12
ptg006632l_1_region	97249	344213	3.54	0	12
ptg006633l_1	74042	221626	2.99	0	11
ptg006633l_1_region	74042	221626	2.99	0	11
ptg006634l_1	26826	62856	2.34	0	11
ptg006634l_1_region	26826	62856	2.34	0	11
ptg006635l_1	494993	2344782	4.74	0	14
ptg006635l_1_region	494993	2344782	4.74	0	14
ptg006638l_1	123648	441703	3.57	0	10
ptg006638l_1_region	123648	441703	3.57	0	10
ptg006639l_1	102358	520354	5.08	0	14
ptg006639l_1_region	102358	520354	5.08	0	14
ptg006640l_1	245670	829232	3.38	0	12
ptg006640l_1_region	245670	829232	3.38	0	12
ptg006642l_1	202933	1069928	5.27	0	14
ptg006642l_1_region	202933	1069928	5.27	0	14
ptg006643l_1	132185	568232	4.30	0	165
ptg006643l_1_region	132185	568232	4.30	0	165
ptg006644l_1	31840	191273	6.01	0	11
ptg006644l_1_region	31840	191273	6.01	0	11
ptg006647l_1	28724	8800	0.31	0	1
ptg006647l_1_region	28724	8800	0.31	0	1
ptg006648l_1	294329	985787	3.35	0	47
ptg006648l_1_region	294329	985787	3.35	0	47
ptg006649l_1	102858	529479	5.15	0	17
ptg006649l_1_region	102858	529479	5.15	0	17
ptg006650l_1	49810	184530	3.70	0	8
ptg006650l_1_region	49810	184530	3.70	0	8
ptg006651l_1	354755	707577	1.99	0	12
ptg006651l_1_region	354755	707577	1.99	0	12
ptg006652l_1	275565	2212884	8.03	0	22
ptg006652l_1_region	275565	2212884	8.03	0	22
ptg006653l_1	151535	1179188	7.78	0	23
ptg006653l_1_region	151535	1179188	7.78	0	23
ptg006654l_1	49021	233964	4.77	0	11
ptg006654l_1_region	49021	233964	4.77	0	11
ptg006656l_1	199167	731501	3.67	0	14
ptg006656l_1_region	199167	731501	3.67	0	14
ptg006658l_1	267684	1626022	6.07	0	36
ptg006658l_1_region	267684	1626022	6.07	0	36
ptg006659l_1	38305	159692	4.17	0	11
ptg006659l_1_region	38305	159692	4.17	0	11
ptg006660l_1	145882	296974	2.04	0	9
ptg006660l_1_region	145882	296974	2.04	0	9
ptg006661l_1	262188	1170244	4.46	0	18
ptg006661l_1_region	262188	1170244	4.46	0	18
ptg006663l_1	77602	193701	2.50	0	9
ptg006663l_1_region	77602	193701	2.50	0	9
ptg006664l_1	432560	3784770	8.75	0	2224
ptg006664l_1_region	432560	3784770	8.75	0	2224
ptg006665l_1	44886	396925	8.84	0	15
ptg006665l_1_region	44886	396925	8.84	0	15
ptg006666l_1	228683	1180499	5.16	0	31
ptg006666l_1_region	228683	1180499	5.16	0	31
ptg006668l_1	24310	83587	3.44	0	10
ptg006668l_1_region	24310	83587	3.44	0	10
ptg006670l_1	95269	379498	3.98	0	10
ptg006670l_1_region	95269	379498	3.98	0	10
ptg006671l_1	116387	590867	5.08	0	64
ptg006671l_1_region	116387	590867	5.08	0	64
ptg006672l_1	208979	744572	3.56	0	15
ptg006672l_1_region	208979	744572	3.56	0	15
ptg006673l_1	142506	510516	3.58	0	13
ptg006673l_1_region	142506	510516	3.58	0	13
ptg006674l_1	558345	3128378	5.60	0	16
ptg006674l_1_region	558345	3128378	5.60	0	16
ptg006676l_1	187735	569684	3.03	0	46
ptg006676l_1_region	187735	569684	3.03	0	46
ptg006677l_1	201017	1550458	7.71	0	38
ptg006677l_1_region	201017	1550458	7.71	0	38
ptg006678l_1	221084	777310	3.52	0	30
ptg006678l_1_region	221084	777310	3.52	0	30
ptg006680l_1	392819	1662095	4.23	0	18
ptg006680l_1_region	392819	1662095	4.23	0	18
ptg006681l_1	65059	227400	3.50	0	13
ptg006681l_1_region	65059	227400	3.50	0	13
ptg006683l_1	50683	298962	5.90	0	16
ptg006683l_1_region	50683	298962	5.90	0	16
ptg006684l_1	17621	63141	3.58	0	8
ptg006684l_1_region	17621	63141	3.58	0	8
ptg006685l_1	90881	399517	4.40	0	17
ptg006685l_1_region	90881	399517	4.40	0	17
ptg006686l_1	383493	1966745	5.13	0	18
ptg006686l_1_region	383493	1966745	5.13	0	18
ptg006688l_1	206954	990323	4.79	0	21
ptg006688l_1_region	206954	990323	4.79	0	21
ptg006689l_1	42447	216140	5.09	0	12
ptg006689l_1_region	42447	216140	5.09	0	12
ptg006693l_1	172769	578642	3.35	0	13
ptg006693l_1_region	172769	578642	3.35	0	13
ptg006694l_1	112900	331632	2.94	0	10
ptg006694l_1_region	112900	331632	2.94	0	10
ptg006697l_1	114040	422186	3.70	0	11
ptg006697l_1_region	114040	422186	3.70	0	11
ptg006699l_1	66122	335572	5.08	0	12
ptg006699l_1_region	66122	335572	5.08	0	12
ptg006700l_1	90981	414853	4.56	0	11
ptg006700l_1_region	90981	414853	4.56	0	11
ptg006702l_1	123435	555423	4.50	0	12
ptg006702l_1_region	123435	555423	4.50	0	12
ptg006703l_1	84252	254304	3.02	0	10
ptg006703l_1_region	84252	254304	3.02	0	10
ptg006707l_1	109918	210573	1.92	0	9
ptg006707l_1_region	109918	210573	1.92	0	9
ptg006708l_1	85250	194431	2.28	0	11
ptg006708l_1_region	85250	194431	2.28	0	11
ptg006709l_1	129972	546975	4.21	0	16
ptg006709l_1_region	129972	546975	4.21	0	16
ptg006710l_1	250208	1505710	6.02	0	18
ptg006710l_1_region	250208	1505710	6.02	0	18
ptg006713l_1	57128	232012	4.06	0	8
ptg006713l_1_region	57128	232012	4.06	0	8
ptg006715l_1	144361	447141	3.10	0	8
ptg006715l_1_region	144361	447141	3.10	0	8
ptg006716l_1	33528	205396	6.13	0	19
ptg006716l_1_region	33528	205396	6.13	0	19
ptg006719l_1	92272	497233	5.39	0	51
ptg006719l_1_region	92272	497233	5.39	0	51
ptg006723l_1	72009	188308	2.62	0	8
ptg006723l_1_region	72009	188308	2.62	0	8
ptg006726l_1	189428	894551	4.72	0	25
ptg006726l_1_region	189428	894551	4.72	0	25
ptg006727l_1	177064	656845	3.71	0	16
ptg006727l_1_region	177064	656845	3.71	0	16
ptg006729l_1	620459	1221416	1.97	0	20
ptg006729l_1_region	620459	1221416	1.97	0	20
ptg006730l_1	193883	861378	4.44	0	60
ptg006730l_1_region	193883	861378	4.44	0	60
ptg006731l_1	216480	1210022	5.59	0	16
ptg006731l_1_region	216480	1210022	5.59	0	16
ptg006732l_1	117483	714146	6.08	0	17
ptg006732l_1_region	117483	714146	6.08	0	17
ptg006734l_1	168821	1166385	6.91	0	1732
ptg006734l_1_region	168821	1166385	6.91	0	1732
ptg006737l_1	60533	158133	2.61	0	10
ptg006737l_1_region	60533	158133	2.61	0	10
ptg006738l_1	190960	820372	4.30	0	14
ptg006738l_1_region	190960	820372	4.30	0	14
ptg006740l_1	22503	53384	2.37	0	7
ptg006740l_1_region	22503	53384	2.37	0	7
ptg006742l_1	177229	888753	5.01	0	39
ptg006742l_1_region	177229	888753	5.01	0	39
ptg006743l_1	156518	353119	2.26	0	26
ptg006743l_1_region	156518	353119	2.26	0	26
ptg006744l_1	739372	4186329	5.66	0	19
ptg006744l_1_region	739372	4186329	5.66	0	19
ptg006745l_1	225067	1031610	4.58	0	15
ptg006745l_1_region	225067	1031610	4.58	0	15
ptg006747l_1	55557	4076	0.07	0	10
ptg006747l_1_region	55557	4076	0.07	0	10
ptg006749l_1	36892	185562	5.03	0	12
ptg006749l_1_region	36892	185562	5.03	0	12
ptg006750l_1	70778	230558	3.26	0	10
ptg006750l_1_region	70778	230558	3.26	0	10
ptg006753l_1	91828	324201	3.53	0	14
ptg006753l_1_region	91828	324201	3.53	0	14
ptg006757l_1	291983	1537736	5.27	0	13
ptg006757l_1_region	291983	1537736	5.27	0	13
ptg006758l_1	275656	2035037	7.38	0	79
ptg006758l_1_region	275656	2035037	7.38	0	79
ptg006759l_1	124618	302038	2.42	0	22
ptg006759l_1_region	124618	302038	2.42	0	22
ptg006762l_1	234502	1092173	4.66	0	35
ptg006762l_1_region	234502	1092173	4.66	0	35
ptg006763l_1	249008	1094595	4.40	0	22
ptg006763l_1_region	249008	1094595	4.40	0	22
ptg006764l_1	204428	1443999	7.06	0	29
ptg006764l_1_region	204428	1443999	7.06	0	29
ptg006765l_1	20876	83299	3.99	0	9
ptg006765l_1_region	20876	83299	3.99	0	9
ptg006766l_1	128639	369686	2.87	0	78
ptg006766l_1_region	128639	369686	2.87	0	78
ptg006767l_1	25994	227781	8.76	0	22
ptg006767l_1_region	25994	227781	8.76	0	22
ptg006768l_1	215070	35340	0.16	0	2
ptg006768l_1_region	215070	35340	0.16	0	2
ptg006769l_1	186154	455575	2.45	0	13
ptg006769l_1_region	186154	455575	2.45	0	13
ptg006770l_1	123543	368414	2.98	0	12
ptg006770l_1_region	123543	368414	2.98	0	12
ptg006774l_1	178556	1025810	5.75	0	35
ptg006774l_1_region	178556	1025810	5.75	0	35
ptg006775l_1	42143	170620	4.05	0	17
ptg006775l_1_region	42143	170620	4.05	0	17
ptg006776l_1	291922	1506804	5.16	0	14
ptg006776l_1_region	291922	1506804	5.16	0	14
ptg006777l_1	73941	286104	3.87	0	11
ptg006777l_1_region	73941	286104	3.87	0	11
ptg006779l_1	61752	251891	4.08	0	16
ptg006779l_1_region	61752	251891	4.08	0	16
ptg006783l_1	431779	2520759	5.84	0	26
ptg006783l_1_region	431779	2520759	5.84	0	26
ptg006784l_1	315531	961316	3.05	0	17
ptg006784l_1_region	315531	961316	3.05	0	17
ptg006786l_1	69270	200227	2.89	0	8
ptg006786l_1_region	69270	200227	2.89	0	8
ptg006787l_1	274284	1212275	4.42	0	15
ptg006787l_1_region	274284	1212275	4.42	0	15
ptg006790l_1	55069	351863	6.39	0	43
ptg006790l_1_region	55069	351863	6.39	0	43
ptg006794l_1	48356	182165	3.77	0	11
ptg006794l_1_region	48356	182165	3.77	0	11
ptg006799l_1	23541	75913	3.22	0	7
ptg006799l_1_region	23541	75913	3.22	0	7
ptg006802l_1	313422	2521807	8.05	0	31
ptg006802l_1_region	313422	2521807	8.05	0	31
ptg006804l_1	69681	650113	9.33	0	54
ptg006804l_1_region	69681	650113	9.33	0	54
ptg006805l_1	34903	139745	4.00	0	9
ptg006805l_1_region	34903	139745	4.00	0	9
ptg006808l_1	1018940	3621634	3.55	0	20
ptg006808l_1_region	1018940	3621634	3.55	0	20
ptg006809l_1	276044	1935597	7.01	0	21
ptg006809l_1_region	276044	1935597	7.01	0	21
ptg006810l_1	1015711	6475732	6.38	0	21
ptg006810l_1_region	1015711	6475732	6.38	0	21
ptg006811l_1	122006	492223	4.03	0	11
ptg006811l_1_region	122006	492223	4.03	0	11
ptg006815l_1	19226	20501	1.07	0	3
ptg006815l_1_region	19226	20501	1.07	0	3
ptg006817l_1	162684	685497	4.21	0	12
ptg006817l_1_region	162684	685497	4.21	0	12
ptg006818l_1	80731	436575	5.41	0	15
ptg006818l_1_region	80731	436575	5.41	0	15
ptg006819l_1	87402	794573	9.09	0	32
ptg006819l_1_region	87402	794573	9.09	0	32
ptg006820l_1	245090	1375309	5.61	0	31
ptg006820l_1_region	245090	1375309	5.61	0	31
ptg006821l_1	185773	960765	5.17	0	13
ptg006821l_1_region	185773	960765	5.17	0	13
ptg006823l_1	99274	386445	3.89	0	18
ptg006823l_1_region	99274	386445	3.89	0	18
ptg006824l_1	198215	1405863	7.09	0	18
ptg006824l_1_region	198215	1405863	7.09	0	18
ptg006825l_1	100983	317181	3.14	0	13
ptg006825l_1_region	100983	317181	3.14	0	13
ptg006829l_1	213901	1532866	7.17	0	42
ptg006829l_1_region	213901	1532866	7.17	0	42
ptg006831l_1	44091	122771	2.78	0	5
ptg006831l_1_region	44091	122771	2.78	0	5
ptg006832l_1	115889	462591	3.99	0	15
ptg006832l_1_region	115889	462591	3.99	0	15
ptg006833l_1	17819	150779	8.46	0	14
ptg006833l_1_region	17819	150779	8.46	0	14
ptg006834l_1	74493	467328	6.27	0	27
ptg006834l_1_region	74493	467328	6.27	0	27
ptg006836l_1	206815	582466	2.82	0	11
ptg006836l_1_region	206815	582466	2.82	0	11
ptg006838l_1	20425	66560	3.26	0	7
ptg006838l_1_region	20425	66560	3.26	0	7
ptg006839l_1	378384	3122666	8.25	0	63
ptg006839l_1_region	378384	3122666	8.25	0	63
ptg006840l_1	195544	280942	1.44	0	19
ptg006840l_1_region	195544	280942	1.44	0	19
ptg006841l_1	128126	640061	5.00	0	12
ptg006841l_1_region	128126	640061	5.00	0	12
ptg006842l_1	72951	258215	3.54	0	12
ptg006842l_1_region	72951	258215	3.54	0	12
ptg006846l_1	198177	911247	4.60	0	32
ptg006846l_1_region	198177	911247	4.60	0	32
ptg006847l_1	86243	341249	3.96	0	41
ptg006847l_1_region	86243	341249	3.96	0	41
ptg006848l_1	179466	758491	4.23	0	12
ptg006848l_1_region	179466	758491	4.23	0	12
ptg006850l_1	64646	326296	5.05	0	11
ptg006850l_1_region	64646	326296	5.05	0	11
ptg006851l_1	61975	313455	5.06	0	12
ptg006851l_1_region	61975	313455	5.06	0	12
ptg006852l_1	37240	171125	4.60	0	10
ptg006852l_1_region	37240	171125	4.60	0	10
ptg006853l_1	114107	640499	5.61	0	18
ptg006853l_1_region	114107	640499	5.61	0	18
ptg006854l_1	45103	38703	0.86	0	7
ptg006854l_1_region	45103	38703	0.86	0	7
ptg006856l_1	182592	1009967	5.53	0	31
ptg006856l_1_region	182592	1009967	5.53	0	31
ptg006857l_1	79468	295087	3.71	0	15
ptg006857l_1_region	79468	295087	3.71	0	15
ptg006858l_1	134496	537987	4.00	0	11
ptg006858l_1_region	134496	537987	4.00	0	11
ptg006860l_1	50273	170263	3.39	0	13
ptg006860l_1_region	50273	170263	3.39	0	13
ptg006861l_1	41809	142373	3.41	0	6
ptg006861l_1_region	41809	142373	3.41	0	6
ptg006863l_1	230886	546788	2.37	0	10
ptg006863l_1_region	230886	546788	2.37	0	10
ptg006864l_1	42489	147797	3.48	0	8
ptg006864l_1_region	42489	147797	3.48	0	8
ptg006865l_1	57414	272665	4.75	0	34
ptg006865l_1_region	57414	272665	4.75	0	34
ptg006866l_1	219487	804956	3.67	0	23
ptg006866l_1_region	219487	804956	3.67	0	23
ptg006867l_1	51499	215123	4.18	0	11
ptg006867l_1_region	51499	215123	4.18	0	11
ptg006868l_1	94320	406803	4.31	0	9
ptg006868l_1_region	94320	406803	4.31	0	9
ptg006869l_1	135705	727617	5.36	0	14
ptg006869l_1_region	135705	727617	5.36	0	14
ptg006870l_1	71887	275053	3.83	0	10
ptg006870l_1_region	71887	275053	3.83	0	10
ptg006871l_1	226022	155288	0.69	0	9
ptg006871l_1_region	226022	155288	0.69	0	9
ptg006872l_1	102210	1004632	9.83	0	43
ptg006872l_1_region	102210	1004632	9.83	0	43
ptg006873l_1	207335	218712	1.05	0	33
ptg006873l_1_region	207335	218712	1.05	0	33
ptg006875l_1	149133	1066414	7.15	0	46
ptg006875l_1_region	149133	1066414	7.15	0	46
ptg006876l_1	182439	698367	3.83	0	22
ptg006876l_1_region	182439	698367	3.83	0	22
ptg006879l_1	27261	134451	4.93	0	17
ptg006879l_1_region	27261	134451	4.93	0	17
ptg006880l_1	53233	297419	5.59	0	103
ptg006880l_1_region	53233	297419	5.59	0	103
ptg006881l_1	29279	138118	4.72	0	15
ptg006881l_1_region	29279	138118	4.72	0	15
ptg006884l_1	187431	894061	4.77	0	23
ptg006884l_1_region	187431	894061	4.77	0	23
ptg006887l_1	184130	761050	4.13	0	12
ptg006887l_1_region	184130	761050	4.13	0	12
ptg006888l_1	200459	804287	4.01	0	21
ptg006888l_1_region	200459	804287	4.01	0	21
ptg006890l_1	320482	1474185	4.60	0	21
ptg006890l_1_region	320482	1474185	4.60	0	21
ptg006892l_1	41179	178547	4.34	0	10
ptg006892l_1_region	41179	178547	4.34	0	10
ptg006896l_1	22495	50165	2.23	0	8
ptg006896l_1_region	22495	50165	2.23	0	8
ptg006897l_1	313944	1272840	4.05	0	17
ptg006897l_1_region	313944	1272840	4.05	0	17
ptg006898l_1	130315	819644	6.29	0	57
ptg006898l_1_region	130315	819644	6.29	0	57
ptg006901l_1	28660	77746	2.71	0	6
ptg006901l_1_region	28660	77746	2.71	0	6
ptg006905l_1	533894	4514986	8.46	0	26
ptg006905l_1_region	533894	4514986	8.46	0	26
ptg006906l_1	160240	645636	4.03	0	14
ptg006906l_1_region	160240	645636	4.03	0	14
ptg006907l_1	178658	658546	3.69	0	16
ptg006907l_1_region	178658	658546	3.69	0	16
ptg006909l_1	33461	201960	6.04	0	11
ptg006909l_1_region	33461	201960	6.04	0	11
ptg006912l_1	187722	1010327	5.38	0	22
ptg006912l_1_region	187722	1010327	5.38	0	22
ptg006915l_1	42577	368343	8.65	0	16
ptg006915l_1_region	42577	368343	8.65	0	16
ptg006916l_1	17945	85305	4.75	0	14
ptg006916l_1_region	17945	85305	4.75	0	14
ptg006917l_1	175472	939152	5.35	0	13
ptg006917l_1_region	175472	939152	5.35	0	13
ptg006921c_1	31609	91726	2.90	0	7
ptg006921c_1_region	31609	91726	2.90	0	7
ptg006923l_1	471206	2886373	6.13	0	80
ptg006923l_1_region	471206	2886373	6.13	0	80
ptg006925l_1	344923	2358704	6.84	0	26
ptg006925l_1_region	344923	2358704	6.84	0	26
ptg006926l_1	28357	48314	1.70	0	4
ptg006926l_1_region	28357	48314	1.70	0	4
ptg006927l_1	148678	485626	3.27	0	13
ptg006927l_1_region	148678	485626	3.27	0	13
ptg006929l_1	26595	111514	4.19	0	13
ptg006929l_1_region	26595	111514	4.19	0	13
ptg006930l_1	65556	206543	3.15	0	9
ptg006930l_1_region	65556	206543	3.15	0	9
ptg006933l_1	61419	126463	2.06	0	6
ptg006933l_1_region	61419	126463	2.06	0	6
ptg006935l_1	262414	1141736	4.35	0	28
ptg006935l_1_region	262414	1141736	4.35	0	28
ptg006936l_1	11867	18285	1.54	0	3
ptg006936l_1_region	11867	18285	1.54	0	3
ptg006937l_1	329876	1876992	5.69	0	16
ptg006937l_1_region	329876	1876992	5.69	0	16
ptg006939l_1	76964	421779	5.48	0	15
ptg006939l_1_region	76964	421779	5.48	0	15
ptg006941l_1	107208	418301	3.90	0	15
ptg006941l_1_region	107208	418301	3.90	0	15
ptg006945l_1	30635	131720	4.30	0	13
ptg006945l_1_region	30635	131720	4.30	0	13
ptg006946l_1	45375	218123	4.81	0	11
ptg006946l_1_region	45375	218123	4.81	0	11
ptg006950l_1	62589	571834	9.14	0	29
ptg006950l_1_region	62589	571834	9.14	0	29
ptg006952l_1	54247	159607	2.94	0	8
ptg006952l_1_region	54247	159607	2.94	0	8
ptg006954l_1	122062	414134	3.39	0	9
ptg006954l_1_region	122062	414134	3.39	0	9
ptg006955l_1	71320	300336	4.21	0	10
ptg006955l_1_region	71320	300336	4.21	0	10
ptg006956l_1	110556	558056	5.05	0	21
ptg006956l_1_region	110556	558056	5.05	0	21
ptg006958l_1	269477	1814124	6.73	0	30
ptg006958l_1_region	269477	1814124	6.73	0	30
ptg006959l_1	275736	1336294	4.85	0	14
ptg006959l_1_region	275736	1336294	4.85	0	14
ptg006964l_1	125252	409187	3.27	0	13
ptg006964l_1_region	125252	409187	3.27	0	13
ptg006965l_1	159080	494229	3.11	0	11
ptg006965l_1_region	159080	494229	3.11	0	11
ptg006969l_1	58355	177232	3.04	0	13
ptg006969l_1_region	58355	177232	3.04	0	13
ptg006970l_1	85095	342583	4.03	0	21
ptg006970l_1_region	85095	342583	4.03	0	21
ptg006971l_1	87142	520575	5.97	0	22
ptg006971l_1_region	87142	520575	5.97	0	22
ptg006972l_1	139766	700535	5.01	0	24
ptg006972l_1_region	139766	700535	5.01	0	24
ptg006974l_1	178734	512922	2.87	0	10
ptg006974l_1_region	178734	512922	2.87	0	10
ptg006976l_1	52882	93548	1.77	0	6
ptg006976l_1_region	52882	93548	1.77	0	6
ptg006977l_1	131541	712589	5.42	0	20
ptg006977l_1_region	131541	712589	5.42	0	20
ptg006979l_1	118039	470744	3.99	0	10
ptg006979l_1_region	118039	470744	3.99	0	10
ptg006980l_1	255550	966885	3.78	0	15
ptg006980l_1_region	255550	966885	3.78	0	15
ptg006981l_1	85178	468892	5.50	0	24
ptg006981l_1_region	85178	468892	5.50	0	24
ptg006982l_1	155118	626918	4.04	0	13
ptg006982l_1_region	155118	626918	4.04	0	13
ptg006983l_1	29857	171664	5.75	0	17
ptg006983l_1_region	29857	171664	5.75	0	17
ptg006984l_1	29240	137370	4.70	0	10
ptg006984l_1_region	29240	137370	4.70	0	10
ptg006985l_1	35352	113652	3.21	0	9
ptg006985l_1_region	35352	113652	3.21	0	9
ptg006986l_1	98678	585823	5.94	0	16
ptg006986l_1_region	98678	585823	5.94	0	16
ptg006987l_1	109737	419888	3.83	0	22
ptg006987l_1_region	109737	419888	3.83	0	22
ptg006988l_1	189615	473081	2.49	0	21
ptg006988l_1_region	189615	473081	2.49	0	21
ptg006989l_1	45083	84169	1.87	0	8
ptg006989l_1_region	45083	84169	1.87	0	8
ptg006990l_1	284300	2194000	7.72	0	50
ptg006990l_1_region	284300	2194000	7.72	0	50
ptg006993l_1	395651	2152385	5.44	0	16
ptg006993l_1_region	395651	2152385	5.44	0	16
ptg006997l_1	160834	560949	3.49	0	29
ptg006997l_1_region	160834	560949	3.49	0	29
ptg007000l_1	79145	292697	3.70	0	11
ptg007000l_1_region	79145	292697	3.70	0	11
ptg007001l_1	418182	1802084	4.31	0	24
ptg007001l_1_region	418182	1802084	4.31	0	24
ptg007003l_1	52877	225400	4.26	0	13
ptg007003l_1_region	52877	225400	4.26	0	13
ptg007004l_1	32487	82616	2.54	0	8
ptg007004l_1_region	32487	82616	2.54	0	8
ptg007005l_1	272484	1455850	5.34	0	31
ptg007005l_1_region	272484	1455850	5.34	0	31
ptg007006l_1	70023	170787	2.44	0	17
ptg007006l_1_region	70023	170787	2.44	0	17
ptg007008l_1	167718	1064713	6.35	0	23
ptg007008l_1_region	167718	1064713	6.35	0	23
ptg007009l_1	68946	277583	4.03	0	9
ptg007009l_1_region	68946	277583	4.03	0	9
ptg007010l_1	436309	2587861	5.93	0	36
ptg007010l_1_region	436309	2587861	5.93	0	36
ptg007011l_1	49293	223866	4.54	0	13
ptg007011l_1_region	49293	223866	4.54	0	13
ptg007015l_1	130047	668362	5.14	0	14
ptg007015l_1_region	130047	668362	5.14	0	14
ptg007016l_1	107290	383902	3.58	0	11
ptg007016l_1_region	107290	383902	3.58	0	11
ptg007018l_1	474409	2928122	6.17	0	34
ptg007018l_1_region	474409	2928122	6.17	0	34
ptg007019l_1	126425	974577	7.71	0	24
ptg007019l_1_region	126425	974577	7.71	0	24
ptg007021l_1	374171	726225	1.94	0	21
ptg007021l_1_region	374171	726225	1.94	0	21
ptg007022l_1	194379	869679	4.47	0	14
ptg007022l_1_region	194379	869679	4.47	0	14
ptg007026l_1	83017	405890	4.89	0	13
ptg007026l_1_region	83017	405890	4.89	0	13
ptg007028l_1	139236	564880	4.06	0	13
ptg007028l_1_region	139236	564880	4.06	0	13
ptg007029l_1	90370	373715	4.14	0	15
ptg007029l_1_region	90370	373715	4.14	0	15
ptg007034l_1	49804	260876	5.24	0	13
ptg007034l_1_region	49804	260876	5.24	0	13
ptg007037l_1	150728	678834	4.50	0	13
ptg007037l_1_region	150728	678834	4.50	0	13
ptg007038l_1	87225	256631	2.94	0	9
ptg007038l_1_region	87225	256631	2.94	0	9
ptg007043l_1	24625	59892	2.43	0	8
ptg007043l_1_region	24625	59892	2.43	0	8
ptg007044l_1	294138	952380	3.24	0	17
ptg007044l_1_region	294138	952380	3.24	0	17
ptg007045l_1	54312	289821	5.34	0	15
ptg007045l_1_region	54312	289821	5.34	0	15
ptg007046l_1	41908	136754	3.26	0	13
ptg007046l_1_region	41908	136754	3.26	0	13
ptg007047l_1	142607	573474	4.02	0	9
ptg007047l_1_region	142607	573474	4.02	0	9
ptg007048l_1	23650	148552	6.28	0	15
ptg007048l_1_region	23650	148552	6.28	0	15
ptg007050l_1	95046	308774	3.25	0	36
ptg007050l_1_region	95046	308774	3.25	0	36
ptg007051l_1	22449	89372	3.98	0	8
ptg007051l_1_region	22449	89372	3.98	0	8
ptg007052l_1	219919	847143	3.85	0	15
ptg007052l_1_region	219919	847143	3.85	0	15
ptg007053l_1	221113	1202820	5.44	0	18
ptg007053l_1_region	221113	1202820	5.44	0	18
ptg007054l_1	176325	984533	5.58	0	17
ptg007054l_1_region	176325	984533	5.58	0	17
ptg007055l_1	124167	905003	7.29	0	20
ptg007055l_1_region	124167	905003	7.29	0	20
ptg007056l_1	115792	588613	5.08	0	15
ptg007056l_1_region	115792	588613	5.08	0	15
ptg007057l_1	101459	438151	4.32	0	15
ptg007057l_1_region	101459	438151	4.32	0	15
ptg007058l_1	127328	923123	7.25	0	27
ptg007058l_1_region	127328	923123	7.25	0	27
ptg007059l_1	330876	1517203	4.59	0	40
ptg007059l_1_region	330876	1517203	4.59	0	40
ptg007060l_1	85519	269439	3.15	0	29
ptg007060l_1_region	85519	269439	3.15	0	29
ptg007061l_1	129167	471796	3.65	0	9
ptg007061l_1_region	129167	471796	3.65	0	9
ptg007066l_1	161795	627354	3.88	0	9
ptg007066l_1_region	161795	627354	3.88	0	9
ptg007067l_1	175185	710304	4.05	0	34
ptg007067l_1_region	175185	710304	4.05	0	34
ptg007068l_1	367099	2613463	7.12	0	43
ptg007068l_1_region	367099	2613463	7.12	0	43
ptg007069l_1	220393	1062091	4.82	0	55
ptg007069l_1_region	220393	1062091	4.82	0	55
ptg007070l_1	158925	721094	4.54	0	12
ptg007070l_1_region	158925	721094	4.54	0	12
ptg007072l_1	32821	46248	1.41	0	6
ptg007072l_1_region	32821	46248	1.41	0	6
ptg007074l_1	26534	84252	3.18	0	7
ptg007074l_1_region	26534	84252	3.18	0	7
ptg007076l_1	89132	476100	5.34	0	16
ptg007076l_1_region	89132	476100	5.34	0	16
ptg007077l_1	96836	226454	2.34	0	9
ptg007077l_1_region	96836	226454	2.34	0	9
ptg007079l_1	172665	825173	4.78	0	22
ptg007079l_1_region	172665	825173	4.78	0	22
ptg007080l_1	171799	840236	4.89	0	24
ptg007080l_1_region	171799	840236	4.89	0	24
ptg007081l_1	30786	111568	3.62	0	7
ptg007081l_1_region	30786	111568	3.62	0	7
ptg007083l_1	220605	787568	3.57	0	11
ptg007083l_1_region	220605	787568	3.57	0	11
ptg007085l_1	186428	687820	3.69	0	17
ptg007085l_1_region	186428	687820	3.69	0	17
ptg007086l_1	318151	836537	2.63	0	15
ptg007086l_1_region	318151	836537	2.63	0	15
ptg007089l_1	22560	95732	4.24	0	13
ptg007089l_1_region	22560	95732	4.24	0	13
ptg007090l_1	215879	987511	4.57	0	37
ptg007090l_1_region	215879	987511	4.57	0	37
ptg007091l_1	61867	398919	6.45	0	13
ptg007091l_1_region	61867	398919	6.45	0	13
ptg007092l_1	69283	136891	1.98	0	6
ptg007092l_1_region	69283	136891	1.98	0	6
ptg007093l_1	129373	345132	2.67	0	9
ptg007093l_1_region	129373	345132	2.67	0	9
ptg007096l_1	111100	373850	3.36	0	11
ptg007096l_1_region	111100	373850	3.36	0	11
ptg007098l_1	69165	163067	2.36	0	29
ptg007098l_1_region	69165	163067	2.36	0	29
ptg007099l_1	103759	537867	5.18	0	15
ptg007099l_1_region	103759	537867	5.18	0	15
ptg007101l_1	102666	400227	3.90	0	9
ptg007101l_1_region	102666	400227	3.90	0	9
ptg007103l_1	112844	508189	4.50	0	10
ptg007103l_1_region	112844	508189	4.50	0	10
ptg007105l_1	86786	298509	3.44	0	12
ptg007105l_1_region	86786	298509	3.44	0	12
ptg007108l_1	25811	63971	2.48	0	11
ptg007108l_1_region	25811	63971	2.48	0	11
ptg007109l_1	19307	26622	1.38	0	3
ptg007109l_1_region	19307	26622	1.38	0	3
ptg007110l_1	76507	387632	5.07	0	30
ptg007110l_1_region	76507	387632	5.07	0	30
ptg007113l_1	200978	795559	3.96	0	16
ptg007113l_1_region	200978	795559	3.96	0	16
ptg007115l_1	950619	4367427	4.59	0	22
ptg007115l_1_region	950619	4367427	4.59	0	22
ptg007116l_1	53228	242617	4.56	0	14
ptg007116l_1_region	53228	242617	4.56	0	14
ptg007117l_1	173323	1042501	6.01	0	19
ptg007117l_1_region	173323	1042501	6.01	0	19
ptg007119l_1	68687	325178	4.73	0	13
ptg007119l_1_region	68687	325178	4.73	0	13
ptg007120l_1	322764	2197727	6.81	0	57
ptg007120l_1_region	322764	2197727	6.81	0	57
ptg007121l_1	75450	359942	4.77	0	10
ptg007121l_1_region	75450	359942	4.77	0	10
ptg007122l_1	554032	3856735	6.96	0	22
ptg007122l_1_region	554032	3856735	6.96	0	22
ptg007125l_1	91385	594444	6.50	0	19
ptg007125l_1_region	91385	594444	6.50	0	19
ptg007128l_1	103778	286751	2.76	0	7
ptg007128l_1_region	103778	286751	2.76	0	7
ptg007129l_1	199806	1119321	5.60	0	22
ptg007129l_1_region	199806	1119321	5.60	0	22
ptg007130l_1	318118	1611991	5.07	0	17
ptg007130l_1_region	318118	1611991	5.07	0	17
ptg007131l_1	88971	454893	5.11	0	23
ptg007131l_1_region	88971	454893	5.11	0	23
ptg007134l_1	42243	158479	3.75	0	9
ptg007134l_1_region	42243	158479	3.75	0	9
ptg007135l_1	36193	173339	4.79	0	22
ptg007135l_1_region	36193	173339	4.79	0	22
ptg007136l_1	652565	5559840	8.52	0	73
ptg007136l_1_region	652565	5559840	8.52	0	73
ptg007137l_1	497240	2458218	4.94	0	23
ptg007137l_1_region	497240	2458218	4.94	0	23
ptg007138l_1	67092	137598	2.05	0	7
ptg007138l_1_region	67092	137598	2.05	0	7
ptg007139l_1	212410	1099151	5.17	0	34
ptg007139l_1_region	212410	1099151	5.17	0	34
ptg007140l_1	124212	316817	2.55	0	35
ptg007140l_1_region	124212	316817	2.55	0	35
ptg007141l_1	290628	1283560	4.42	0	11
ptg007141l_1_region	290628	1283560	4.42	0	11
ptg007142l_1	114387	363596	3.18	0	10
ptg007142l_1_region	114387	363596	3.18	0	10
ptg007143l_1	184900	1350366	7.30	0	31
ptg007143l_1_region	184900	1350366	7.30	0	31
ptg007144l_1	22922	38713	1.69	0	9
ptg007144l_1_region	22922	38713	1.69	0	9
ptg007145l_1	129461	870603	6.72	0	26
ptg007145l_1_region	129461	870603	6.72	0	26
ptg007146l_1	72023	273035	3.79	0	8
ptg007146l_1_region	72023	273035	3.79	0	8
ptg007147l_1	57140	253867	4.44	0	11
ptg007147l_1_region	57140	253867	4.44	0	11
ptg007149l_1	56205	137158	2.44	0	14
ptg007149l_1_region	56205	137158	2.44	0	14
ptg007151l_1	110693	722982	6.53	0	16
ptg007151l_1_region	110693	722982	6.53	0	16
ptg007152l_1	105342	542595	5.15	0	16
ptg007152l_1_region	105342	542595	5.15	0	16
ptg007153l_1	85499	366676	4.29	0	27
ptg007153l_1_region	85499	366676	4.29	0	27
ptg007154l_1	27957	23137	0.83	0	3
ptg007154l_1_region	27957	23137	0.83	0	3
ptg007158l_1	60843	158234	2.60	0	8
ptg007158l_1_region	60843	158234	2.60	0	8
ptg007159l_1	260393	873502	3.35	0	70
ptg007159l_1_region	260393	873502	3.35	0	70
ptg007160l_1	20147	37783	1.88	0	7
ptg007160l_1_region	20147	37783	1.88	0	7
ptg007163l_1	179673	717393	3.99	0	24
ptg007163l_1_region	179673	717393	3.99	0	24
ptg007168l_1	42550	66085	1.55	0	11
ptg007168l_1_region	42550	66085	1.55	0	11
ptg007169l_1	320402	543247	1.70	0	8
ptg007169l_1_region	320402	543247	1.70	0	8
ptg007170l_1	728667	921672	1.26	0	21
ptg007170l_1_region	728667	921672	1.26	0	21
ptg007171l_1	2043438	5538463	2.71	0	19
ptg007171l_1_region	2043438	5538463	2.71	0	19
ptg007172l_1	752770	9232763	12.27	0	127
ptg007172l_1_region	752770	9232763	12.27	0	127
ptg007173l_1	284459	1450468	5.10	0	15
ptg007173l_1_region	284459	1450468	5.10	0	15
ptg007179l_1	253247	5408660	21.36	0	707
ptg007179l_1_region	253247	5408660	21.36	0	707
ptg007183l_1	33914	125037	3.69	0	10
ptg007183l_1_region	33914	125037	3.69	0	10
ptg007184l_1	121843	735386	6.04	0	30
ptg007184l_1_region	121843	735386	6.04	0	30
ptg007185l_1	20136	9067	0.45	0	1
ptg007185l_1_region	20136	9067	0.45	0	1
ptg007187l_1	100740	430867	4.28	0	15
ptg007187l_1_region	100740	430867	4.28	0	15
ptg007188l_1	157833	988353	6.26	0	19
ptg007188l_1_region	157833	988353	6.26	0	19
ptg007189l_1	458800	2195008	4.78	0	45
ptg007189l_1_region	458800	2195008	4.78	0	45
ptg007192l_1	148068	874261	5.90	0	35
ptg007192l_1_region	148068	874261	5.90	0	35
ptg007195l_1	62735	317080	5.05	0	12
ptg007195l_1_region	62735	317080	5.05	0	12
ptg007196l_1	136053	542956	3.99	0	12
ptg007196l_1_region	136053	542956	3.99	0	12
ptg007202l_1	23879	95130	3.98	0	10
ptg007202l_1_region	23879	95130	3.98	0	10
ptg007203l_1	241916	1476067	6.10	0	22
ptg007203l_1_region	241916	1476067	6.10	0	22
ptg007204l_1	107146	438313	4.09	0	13
ptg007204l_1_region	107146	438313	4.09	0	13
ptg007205l_1	989524	274285	0.28	0	21
ptg007205l_1_region	989524	274285	0.28	0	21
ptg007208l_1	125490	44220	0.35	0	2
ptg007208l_1_region	125490	44220	0.35	0	2
ptg007211l_1	50265	235753	4.69	0	13
ptg007211l_1_region	50265	235753	4.69	0	13
ptg007213l_1	426320	3643476	8.55	0	104
ptg007213l_1_region	426320	3643476	8.55	0	104
ptg007215l_1	369787	1695463	4.58	0	25
ptg007215l_1_region	369787	1695463	4.58	0	25
ptg007216l_1	377765	1769283	4.68	0	25
ptg007216l_1_region	377765	1769283	4.68	0	25
ptg007217l_1	267968	1609499	6.01	0	23
ptg007217l_1_region	267968	1609499	6.01	0	23
ptg007218l_1	55446	237198	4.28	0	11
ptg007218l_1_region	55446	237198	4.28	0	11
ptg007219l_1	51008	299945	5.88	0	22
ptg007219l_1_region	51008	299945	5.88	0	22
ptg007220l_1	120546	723068	6.00	0	28
ptg007220l_1_region	120546	723068	6.00	0	28
ptg007222l_1	70495	333129	4.73	0	11
ptg007222l_1_region	70495	333129	4.73	0	11
ptg007223l_1	129288	577418	4.47	0	10
ptg007223l_1_region	129288	577418	4.47	0	10
ptg007224l_1	216446	742604	3.43	0	18
ptg007224l_1_region	216446	742604	3.43	0	18
ptg007226l_1	90077	349332	3.88	0	15
ptg007226l_1_region	90077	349332	3.88	0	15
ptg007228l_1	515067	1804002	3.50	0	14
ptg007228l_1_region	515067	1804002	3.50	0	14
ptg007229l_1	108175	406936	3.76	0	13
ptg007229l_1_region	108175	406936	3.76	0	13
ptg007231l_1	134392	569579	4.24	0	11
ptg007231l_1_region	134392	569579	4.24	0	11
ptg007233l_1	65930	470939	7.14	0	25
ptg007233l_1_region	65930	470939	7.14	0	25
ptg007234l_1	129764	291406	2.25	0	11
ptg007234l_1_region	129764	291406	2.25	0	11
ptg007235l_1	187570	1171917	6.25	0	32
ptg007235l_1_region	187570	1171917	6.25	0	32
ptg007237l_1	336203	2178811	6.48	0	25
ptg007237l_1_region	336203	2178811	6.48	0	25
ptg007238l_1	43961	121475	2.76	0	21
ptg007238l_1_region	43961	121475	2.76	0	21
ptg007239l_1	72625	34739	0.48	0	6
ptg007239l_1_region	72625	34739	0.48	0	6
ptg007240l_1	124603	798893	6.41	0	13
ptg007240l_1_region	124603	798893	6.41	0	13
ptg007246l_1	120257	486777	4.05	0	15
ptg007246l_1_region	120257	486777	4.05	0	15
ptg007247l_1	71424	322938	4.52	0	18
ptg007247l_1_region	71424	322938	4.52	0	18
ptg007249l_1	198679	715103	3.60	0	12
ptg007249l_1_region	198679	715103	3.60	0	12
ptg007253l_1	38527	51650	1.34	0	9
ptg007253l_1_region	38527	51650	1.34	0	9
ptg007254l_1	267486	877689	3.28	0	12
ptg007254l_1_region	267486	877689	3.28	0	12
ptg007255l_1	312046	1764511	5.65	0	15
ptg007255l_1_region	312046	1764511	5.65	0	15
ptg007256l_1	143785	573885	3.99	0	32
ptg007256l_1_region	143785	573885	3.99	0	32
ptg007258l_1	214834	1614615	7.52	0	44
ptg007258l_1_region	214834	1614615	7.52	0	44
ptg007259l_1	222585	1096871	4.93	0	42
ptg007259l_1_region	222585	1096871	4.93	0	42
ptg007260l_1	128541	682422	5.31	0	14
ptg007260l_1_region	128541	682422	5.31	0	14
ptg007262l_1	114198	852993	7.47	0	21
ptg007262l_1_region	114198	852993	7.47	0	21
ptg007263l_1	21077	64146	3.04	0	9
ptg007263l_1_region	21077	64146	3.04	0	9
ptg007266l_1	277314	55866	0.20	0	2
ptg007266l_1_region	277314	55866	0.20	0	2
ptg007270l_1	95664	261845	2.74	0	8
ptg007270l_1_region	95664	261845	2.74	0	8
ptg007271l_1	17575	56522	3.22	0	6
ptg007271l_1_region	17575	56522	3.22	0	6
ptg007272l_1	133435	781499	5.86	0	23
ptg007272l_1_region	133435	781499	5.86	0	23
ptg007273l_1	96854	522425	5.39	0	13
ptg007273l_1_region	96854	522425	5.39	0	13
ptg007275l_1	47974	283879	5.92	0	15
ptg007275l_1_region	47974	283879	5.92	0	15
ptg007277l_1	310058	1641763	5.30	0	15
ptg007277l_1_region	310058	1641763	5.30	0	15
ptg007278l_1	161590	667263	4.13	0	23
ptg007278l_1_region	161590	667263	4.13	0	23
ptg007280l_1	60558	384279	6.35	0	16
ptg007280l_1_region	60558	384279	6.35	0	16
ptg007281l_1	435001	2732998	6.28	0	19
ptg007281l_1_region	435001	2732998	6.28	0	19
ptg007282l_1	47617	354025	7.43	0	20
ptg007282l_1_region	47617	354025	7.43	0	20
ptg007283l_1	53317	195494	3.67	0	18
ptg007283l_1_region	53317	195494	3.67	0	18
ptg007288l_1	114756	69674	0.61	0	4
ptg007288l_1_region	114756	69674	0.61	0	4
ptg007289l_1	348381	1426462	4.09	0	169
ptg007289l_1_region	348381	1426462	4.09	0	169
ptg007291l_1	427478	186821	0.44	0	4
ptg007291l_1_region	427478	186821	0.44	0	4
ptg007293l_1	497726	400303	0.80	0	27
ptg007293l_1_region	497726	400303	0.80	0	27
ptg007298l_1	854942	1124252	1.32	0	28
ptg007298l_1_region	854942	1124252	1.32	0	28
ptg007299l_1	391557	122705	0.31	0	5
ptg007299l_1_region	391557	122705	0.31	0	5
ptg007300l_1	360204	123601	0.34	0	7
ptg007300l_1_region	360204	123601	0.34	0	7
ptg007301l_1	600903	77280	0.13	0	4
ptg007301l_1_region	600903	77280	0.13	0	4
ptg007304l_1	40443	103020	2.55	0	12
ptg007304l_1_region	40443	103020	2.55	0	12
ptg007307l_1	49057	200078	4.08	0	10
ptg007307l_1_region	49057	200078	4.08	0	10
ptg007308l_1	104424	401029	3.84	0	9
ptg007308l_1_region	104424	401029	3.84	0	9
ptg007309l_1	80040	282067	3.52	0	12
ptg007309l_1_region	80040	282067	3.52	0	12
ptg007310l_1	87616	397706	4.54	0	12
ptg007310l_1_region	87616	397706	4.54	0	12
ptg007311l_1	375667	1776362	4.73	0	251
ptg007311l_1_region	375667	1776362	4.73	0	251
ptg007312l_1	52775	203945	3.86	0	10
ptg007312l_1_region	52775	203945	3.86	0	10
ptg007314l_1	510442	3466473	6.79	0	164
ptg007314l_1_region	510442	3466473	6.79	0	164
ptg007315l_1	397791	1727774	4.34	0	23
ptg007315l_1_region	397791	1727774	4.34	0	23
ptg007317l_1	273209	1428065	5.23	0	15
ptg007317l_1_region	273209	1428065	5.23	0	15
ptg007318l_1	167599	1449905	8.65	0	47
ptg007318l_1_region	167599	1449905	8.65	0	47
ptg007319l_1	32302	490916	15.20	0	27
ptg007319l_1_region	32302	490916	15.20	0	27
ptg007321l_1	233021	1442007	6.19	0	57
ptg007321l_1_region	233021	1442007	6.19	0	57
ptg007322l_1	141569	510678	3.61	0	10
ptg007322l_1_region	141569	510678	3.61	0	10
ptg007325l_1	101322	204680	2.02	0	8
ptg007325l_1_region	101322	204680	2.02	0	8
ptg007326l_1	69451	193016	2.78	0	15
ptg007326l_1_region	69451	193016	2.78	0	15
ptg007327l_1	119765	407253	3.40	0	10
ptg007327l_1_region	119765	407253	3.40	0	10
ptg007328l_1	107640	510515	4.74	0	18
ptg007328l_1_region	107640	510515	4.74	0	18
ptg007329l_1	618598	3618010	5.85	0	16
ptg007329l_1_region	618598	3618010	5.85	0	16
ptg007331l_1	34413	104434	3.03	0	8
ptg007331l_1_region	34413	104434	3.03	0	8
ptg007332l_1	39725	145098	3.65	0	12
ptg007332l_1_region	39725	145098	3.65	0	12
ptg007337l_1	317961	1642180	5.16	0	15
ptg007337l_1_region	317961	1642180	5.16	0	15
ptg007338l_1	129980	506276	3.90	0	15
ptg007338l_1_region	129980	506276	3.90	0	15
ptg007339l_1	51429	115466	2.25	0	7
ptg007339l_1_region	51429	115466	2.25	0	7
ptg007342l_1	117979	677596	5.74	0	14
ptg007342l_1_region	117979	677596	5.74	0	14
ptg007345l_1	58242	171502	2.94	0	11
ptg007345l_1_region	58242	171502	2.94	0	11
ptg007350l_1	99820	361207	3.62	0	14
ptg007350l_1_region	99820	361207	3.62	0	14
ptg007351l_1	69995	340743	4.87	0	16
ptg007351l_1_region	69995	340743	4.87	0	16
ptg007352l_1	119517	409363	3.43	0	8
ptg007352l_1_region	119517	409363	3.43	0	8
ptg007353l_1	54184	463062	8.55	0	38
ptg007353l_1_region	54184	463062	8.55	0	38
ptg007354l_1	26430	221518	8.38	0	19
ptg007354l_1_region	26430	221518	8.38	0	19
ptg007356l_1	212122	1117188	5.27	0	197
ptg007356l_1_region	212122	1117188	5.27	0	197
ptg007357l_1	59100	163631	2.77	0	8
ptg007357l_1_region	59100	163631	2.77	0	8
ptg007358l_1	271422	1363809	5.02	0	17
ptg007358l_1_region	271422	1363809	5.02	0	17
ptg007360l_1	25785	149045	5.78	0	15
ptg007360l_1_region	25785	149045	5.78	0	15
ptg007361l_1	55192	150553	2.73	0	12
ptg007361l_1_region	55192	150553	2.73	0	12
ptg007362l_1	32909	94658	2.88	0	7
ptg007362l_1_region	32909	94658	2.88	0	7
ptg007363l_1	231568	1148470	4.96	0	20
ptg007363l_1_region	231568	1148470	4.96	0	20
ptg007364l_1	100723	332050	3.30	0	8
ptg007364l_1_region	100723	332050	3.30	0	8
ptg007365l_1	33855	77935	2.30	0	8
ptg007365l_1_region	33855	77935	2.30	0	8
ptg007366l_1	208303	1543295	7.41	0	38
ptg007366l_1_region	208303	1543295	7.41	0	38
ptg007368l_1	66999	221545	3.31	0	13
ptg007368l_1_region	66999	221545	3.31	0	13
ptg007376l_1	555435	1045957	1.88	0	12
ptg007376l_1_region	555435	1045957	1.88	0	12
ptg007377l_1	25985	133720	5.15	0	12
ptg007377l_1_region	25985	133720	5.15	0	12
ptg007380l_1	95714	632760	6.61	0	19
ptg007380l_1_region	95714	632760	6.61	0	19
ptg007381l_1	48929	155725	3.18	0	12
ptg007381l_1_region	48929	155725	3.18	0	12
ptg007382l_1	81913	468774	5.72	0	18
ptg007382l_1_region	81913	468774	5.72	0	18
ptg007383l_1	129459	536935	4.15	0	11
ptg007383l_1_region	129459	536935	4.15	0	11
ptg007384l_1	234496	1660076	7.08	0	22
ptg007384l_1_region	234496	1660076	7.08	0	22
ptg007386l_1	1092738	8617006	7.89	0	49
ptg007386l_1_region	1092738	8617006	7.89	0	49
ptg007387l_1	466506	2808566	6.02	0	17
ptg007387l_1_region	466506	2808566	6.02	0	17
ptg007389l_1	24092	86717	3.60	0	7
ptg007389l_1_region	24092	86717	3.60	0	7
ptg007390l_1	92697	343275	3.70	0	9
ptg007390l_1_region	92697	343275	3.70	0	9
ptg007393l_1	189658	23625	0.12	0	7
ptg007393l_1_region	189658	23625	0.12	0	7
ptg007394l_1	131530	613018	4.66	0	21
ptg007394l_1_region	131530	613018	4.66	0	21
ptg007396l_1	24495	75554	3.08	0	25
ptg007396l_1_region	24495	75554	3.08	0	25
ptg007397l_1	130576	293674	2.25	0	13
ptg007397l_1_region	130576	293674	2.25	0	13
ptg007399l_1	101873	444095	4.36	0	19
ptg007399l_1_region	101873	444095	4.36	0	19
ptg007400l_1	284851	2127775	7.47	0	29
ptg007400l_1_region	284851	2127775	7.47	0	29
ptg007401l_1	68799	328534	4.78	0	17
ptg007401l_1_region	68799	328534	4.78	0	17
ptg007403l_1	46441	97652	2.10	0	11
ptg007403l_1_region	46441	97652	2.10	0	11
ptg007405l_1	121629	679206	5.58	0	50
ptg007405l_1_region	121629	679206	5.58	0	50
ptg007406l_1	177127	868866	4.91	0	14
ptg007406l_1_region	177127	868866	4.91	0	14
ptg007407l_1	168483	637151	3.78	0	10
ptg007407l_1_region	168483	637151	3.78	0	10
ptg007408l_1	49967	78111	1.56	0	5
ptg007408l_1_region	49967	78111	1.56	0	5
ptg007409l_1	445093	3269857	7.35	0	35
ptg007409l_1_region	445093	3269857	7.35	0	35
ptg007410l_1	136225	754202	5.54	0	14
ptg007410l_1_region	136225	754202	5.54	0	14
ptg007411l_1	110489	623390	5.64	0	14
ptg007411l_1_region	110489	623390	5.64	0	14
ptg007412l_1	26126	45685	1.75	0	6
ptg007412l_1_region	26126	45685	1.75	0	6
ptg007413l_1	475039	2019152	4.25	0	27
ptg007413l_1_region	475039	2019152	4.25	0	27
ptg007419l_1	93270	295932	3.17	0	9
ptg007419l_1_region	93270	295932	3.17	0	9
ptg007420l_1	81998	484191	5.90	0	16
ptg007420l_1_region	81998	484191	5.90	0	16
ptg007421l_1	180315	963989	5.35	0	13
ptg007421l_1_region	180315	963989	5.35	0	13
ptg007423l_1	238630	1000118	4.19	0	14
ptg007423l_1_region	238630	1000118	4.19	0	14
ptg007425l_1	89302	643239	7.20	0	40
ptg007425l_1_region	89302	643239	7.20	0	40
ptg007435l_1	19827	9754	0.49	0	2
ptg007435l_1_region	19827	9754	0.49	0	2
ptg007437l_1	47640	141909	2.98	0	10
ptg007437l_1_region	47640	141909	2.98	0	10
ptg007441l_1	45185	183021	4.05	0	10
ptg007441l_1_region	45185	183021	4.05	0	10
ptg007442l_1	130259	584281	4.49	0	23
ptg007442l_1_region	130259	584281	4.49	0	23
ptg007443l_1	191845	765734	3.99	0	26
ptg007443l_1_region	191845	765734	3.99	0	26
ptg007444l_1	89301	421429	4.72	0	13
ptg007444l_1_region	89301	421429	4.72	0	13
ptg007445l_1	64195	2629794	40.97	0	212
ptg007445l_1_region	64195	2629794	40.97	0	212
ptg007449l_1	281371	1345679	4.78	0	14
ptg007449l_1_region	281371	1345679	4.78	0	14
ptg007450l_1	97473	360689	3.70	0	12
ptg007450l_1_region	97473	360689	3.70	0	12
ptg007451l_1	86462	363875	4.21	0	11
ptg007451l_1_region	86462	363875	4.21	0	11
ptg007452l_1	111269	441214	3.97	0	12
ptg007452l_1_region	111269	441214	3.97	0	12
ptg007453l_1	19011	48721	2.56	0	6
ptg007453l_1_region	19011	48721	2.56	0	6
ptg007454l_1	61247	350179	5.72	0	19
ptg007454l_1_region	61247	350179	5.72	0	19
ptg007455l_1	140638	496549	3.53	0	10
ptg007455l_1_region	140638	496549	3.53	0	10
ptg007456l_1	162141	504724	3.11	0	15
ptg007456l_1_region	162141	504724	3.11	0	15
ptg007457l_1	155107	565852	3.65	0	11
ptg007457l_1_region	155107	565852	3.65	0	11
ptg007461l_1	42936	94364	2.20	0	5
ptg007461l_1_region	42936	94364	2.20	0	5
ptg007466l_1	30012	119859	3.99	0	10
ptg007466l_1_region	30012	119859	3.99	0	10
ptg007469l_1	286988	1608196	5.60	0	15
ptg007469l_1_region	286988	1608196	5.60	0	15
ptg007470l_1	322998	1204168	3.73	0	14
ptg007470l_1_region	322998	1204168	3.73	0	14
ptg007471l_1	256374	1169483	4.56	0	13
ptg007471l_1_region	256374	1169483	4.56	0	13
ptg007472l_1	71974	359412	4.99	0	13
ptg007472l_1_region	71974	359412	4.99	0	13
ptg007474l_1	193758	892024	4.60	0	16
ptg007474l_1_region	193758	892024	4.60	0	16
ptg007475l_1	115509	518284	4.49	0	15
ptg007475l_1_region	115509	518284	4.49	0	15
ptg007477l_1	784925	3196649	4.07	0	31
ptg007477l_1_region	784925	3196649	4.07	0	31
ptg007480l_1	202613	106595	0.53	0	4
ptg007480l_1_region	202613	106595	0.53	0	4
ptg007483l_1	51647	183338	3.55	0	17
ptg007483l_1_region	51647	183338	3.55	0	17
ptg007484l_1	221722	813713	3.67	0	17
ptg007484l_1_region	221722	813713	3.67	0	17
ptg007486l_1	81931	378313	4.62	0	20
ptg007486l_1_region	81931	378313	4.62	0	20
ptg007488l_1	83464	516057	6.18	0	40
ptg007488l_1_region	83464	516057	6.18	0	40
ptg007489l_1	26801	83587	3.12	0	8
ptg007489l_1_region	26801	83587	3.12	0	8
ptg007493l_1	127371	467021	3.67	0	12
ptg007493l_1_region	127371	467021	3.67	0	12
ptg007494l_1	142915	690607	4.83	0	16
ptg007494l_1_region	142915	690607	4.83	0	16
ptg007496l_1	124961	572797	4.58	0	15
ptg007496l_1_region	124961	572797	4.58	0	15
ptg007497l_1	202075	1008599	4.99	0	14
ptg007497l_1_region	202075	1008599	4.99	0	14
ptg007498l_1	85927	222541	2.59	0	10
ptg007498l_1_region	85927	222541	2.59	0	10
ptg007499l_1	129893	333670	2.57	0	15
ptg007499l_1_region	129893	333670	2.57	0	15
ptg007501l_1	257394	89219	0.35	0	8
ptg007501l_1_region	257394	89219	0.35	0	8
ptg007502l_1	171547	463266	2.70	0	18
ptg007502l_1_region	171547	463266	2.70	0	18
ptg007504l_1	251370	728015	2.90	0	16
ptg007504l_1_region	251370	728015	2.90	0	16
ptg007506l_1	177175	103394	0.58	0	12
ptg007506l_1_region	177175	103394	0.58	0	12
ptg007507l_1	78866	125001	1.58	0	8
ptg007507l_1_region	78866	125001	1.58	0	8
ptg007509l_1	288396	1647699	5.71	0	16
ptg007509l_1_region	288396	1647699	5.71	0	16
ptg007510l_1	148074	898874	6.07	0	19
ptg007510l_1_region	148074	898874	6.07	0	19
ptg007511l_1	804993	3742874	4.65	0	14
ptg007511l_1_region	804993	3742874	4.65	0	14
ptg007514l_1	66332	198446	2.99	0	10
ptg007514l_1_region	66332	198446	2.99	0	10
ptg007515l_1	136183	608726	4.47	0	13
ptg007515l_1_region	136183	608726	4.47	0	13
ptg007517l_1	32279	102461	3.17	0	9
ptg007517l_1_region	32279	102461	3.17	0	9
ptg007521l_1	365578	2808086	7.68	0	23
ptg007521l_1_region	365578	2808086	7.68	0	23
ptg007522l_1	179691	878293	4.89	0	17
ptg007522l_1_region	179691	878293	4.89	0	17
ptg007523l_1	84862	318495	3.75	0	15
ptg007523l_1_region	84862	318495	3.75	0	15
ptg007524l_1	256934	1028068	4.00	0	15
ptg007524l_1_region	256934	1028068	4.00	0	15
ptg007525l_1	291006	1673166	5.75	0	17
ptg007525l_1_region	291006	1673166	5.75	0	17
ptg007526l_1	68973	327147	4.74	0	67
ptg007526l_1_region	68973	327147	4.74	0	67
ptg007530l_1	1495470	7799104	5.22	0	24
ptg007530l_1_region	1495470	7799104	5.22	0	24
ptg007531l_1	87274	428779	4.91	0	12
ptg007531l_1_region	87274	428779	4.91	0	12
ptg007532l_1	78503	464455	5.92	0	13
ptg007532l_1_region	78503	464455	5.92	0	13
ptg007535l_1	421428	307674	0.73	0	8
ptg007535l_1_region	421428	307674	0.73	0	8
ptg007536l_1	164854	926307	5.62	0	33
ptg007536l_1_region	164854	926307	5.62	0	33
ptg007539l_1	160290	1047823	6.54	0	20
ptg007539l_1_region	160290	1047823	6.54	0	20
ptg007541l_1	95101	296546	3.12	0	12
ptg007541l_1_region	95101	296546	3.12	0	12
ptg007546l_1	56709	186802	3.29	0	10
ptg007546l_1_region	56709	186802	3.29	0	10
ptg007547l_1	221547	1352520	6.10	0	17
ptg007547l_1_region	221547	1352520	6.10	0	17
ptg007551l_1	207798	3529257	16.98	0	136
ptg007551l_1_region	207798	3529257	16.98	0	136
ptg007554l_1	147210	684340	4.65	0	15
ptg007554l_1_region	147210	684340	4.65	0	15
ptg007555l_1	242421	988150	4.08	0	15
ptg007555l_1_region	242421	988150	4.08	0	15
ptg007556l_1	33613	101717	3.03	0	8
ptg007556l_1_region	33613	101717	3.03	0	8
ptg007557l_1	78443	271928	3.47	0	12
ptg007557l_1_region	78443	271928	3.47	0	12
ptg007560l_1	83739	468734	5.60	0	14
ptg007560l_1_region	83739	468734	5.60	0	14
ptg007562l_1	92722	473159	5.10	0	15
ptg007562l_1_region	92722	473159	5.10	0	15
ptg007564l_1	189378	4615510	24.37	0	134
ptg007564l_1_region	189378	4615510	24.37	0	134
ptg007566l_1	649935	3649798	5.62	0	20
ptg007566l_1_region	649935	3649798	5.62	0	20
ptg007567l_1	224397	277471	1.24	0	18
ptg007567l_1_region	224397	277471	1.24	0	18
ptg007568l_1	431962	2053668	4.75	0	14
ptg007568l_1_region	431962	2053668	4.75	0	14
ptg007573l_1	279172	1882772	6.74	0	35
ptg007573l_1_region	279172	1882772	6.74	0	35
ptg007576l_1	278153	1552696	5.58	0	15
ptg007576l_1_region	278153	1552696	5.58	0	15
ptg007579l_1	128427	411497	3.20	0	9
ptg007579l_1_region	128427	411497	3.20	0	9
ptg007583l_1	34172	171417	5.02	0	11
ptg007583l_1_region	34172	171417	5.02	0	11
ptg007586l_1	168527	874389	5.19	0	14
ptg007586l_1_region	168527	874389	5.19	0	14
ptg007589l_1	178799	868842	4.86	0	20
ptg007589l_1_region	178799	868842	4.86	0	20
ptg007590l_1	94609	324978	3.43	0	10
ptg007590l_1_region	94609	324978	3.43	0	10
ptg007591l_1	63617	269831	4.24	0	14
ptg007591l_1_region	63617	269831	4.24	0	14
ptg007593l_1	196457	653340	3.33	0	15
ptg007593l_1_region	196457	653340	3.33	0	15
ptg007594l_1	89887	418692	4.66	0	39
ptg007594l_1_region	89887	418692	4.66	0	39
ptg007596l_1	28505	96373	3.38	0	9
ptg007596l_1_region	28505	96373	3.38	0	9
ptg007600l_1	179573	910934	5.07	0	13
ptg007600l_1_region	179573	910934	5.07	0	13
ptg007601l_1	151808	755741	4.98	0	12
ptg007601l_1_region	151808	755741	4.98	0	12
ptg007602l_1	42063	312326	7.43	0	42
ptg007602l_1_region	42063	312326	7.43	0	42
ptg007603l_1	109207	435024	3.98	0	11
ptg007603l_1_region	109207	435024	3.98	0	11
ptg007605l_1	61229	156853	2.56	0	8
ptg007605l_1_region	61229	156853	2.56	0	8
ptg007606l_1	178681	1269531	7.11	0	23
ptg007606l_1_region	178681	1269531	7.11	0	23
ptg007608l_1	73883	313536	4.24	0	12
ptg007608l_1_region	73883	313536	4.24	0	12
ptg007609l_1	397811	2048184	5.15	0	17
ptg007609l_1_region	397811	2048184	5.15	0	17
ptg007611l_1	139339	549411	3.94	0	11
ptg007611l_1_region	139339	549411	3.94	0	11
ptg007613l_1	427885	2312697	5.40	0	17
ptg007613l_1_region	427885	2312697	5.40	0	17
ptg007614l_1	322329	1818772	5.64	0	19
ptg007614l_1_region	322329	1818772	5.64	0	19
ptg007616l_1	82323	485144	5.89	0	14
ptg007616l_1_region	82323	485144	5.89	0	14
ptg007617l_1	156401	734539	4.70	0	13
ptg007617l_1_region	156401	734539	4.70	0	13
ptg007618l_1	122070	319226	2.62	0	8
ptg007618l_1_region	122070	319226	2.62	0	8
ptg007621l_1	71192	324818	4.56	0	13
ptg007621l_1_region	71192	324818	4.56	0	13
ptg007622l_1	52681	132862	2.52	0	7
ptg007622l_1_region	52681	132862	2.52	0	7
ptg007623l_1	81932	256221	3.13	0	22
ptg007623l_1_region	81932	256221	3.13	0	22
ptg007624l_1	254585	1219017	4.79	0	20
ptg007624l_1_region	254585	1219017	4.79	0	20
ptg007625l_1	31125	121181	3.89	0	9
ptg007625l_1_region	31125	121181	3.89	0	9
ptg007629l_1	196183	951349	4.85	0	13
ptg007629l_1_region	196183	951349	4.85	0	13
ptg007630l_1	174236	798895	4.59	0	20
ptg007630l_1_region	174236	798895	4.59	0	20
ptg007631l_1	148770	1083746	7.28	0	28
ptg007631l_1_region	148770	1083746	7.28	0	28
ptg007632l_1	201965	954633	4.73	0	19
ptg007632l_1_region	201965	954633	4.73	0	19
ptg007633l_1	90632	17021	0.19	0	3
ptg007633l_1_region	90632	17021	0.19	0	3
ptg007635l_1	64968	473817	7.29	0	18
ptg007635l_1_region	64968	473817	7.29	0	18
ptg007637l_1	298783	1159376	3.88	0	16
ptg007637l_1_region	298783	1159376	3.88	0	16
ptg007638l_1	63776	262485	4.12	0	9
ptg007638l_1_region	63776	262485	4.12	0	9
ptg007642l_1	204988	800738	3.91	0	13
ptg007642l_1_region	204988	800738	3.91	0	13
ptg007644l_1	62984	680012	10.80	0	98
ptg007644l_1_region	62984	680012	10.80	0	98
ptg007645l_1	397631	2201605	5.54	0	25
ptg007645l_1_region	397631	2201605	5.54	0	25
ptg007646l_1	43998	148290	3.37	0	8
ptg007646l_1_region	43998	148290	3.37	0	8
ptg007647l_1	58353	279235	4.79	0	14
ptg007647l_1_region	58353	279235	4.79	0	14
ptg007648l_1	135834	591528	4.35	0	11
ptg007648l_1_region	135834	591528	4.35	0	11
ptg007652l_1	113363	382450	3.37	0	12
ptg007652l_1_region	113363	382450	3.37	0	12
ptg007654l_1	97090	224393	2.31	0	16
ptg007654l_1_region	97090	224393	2.31	0	16
ptg007656l_1	211792	925275	4.37	0	14
ptg007656l_1_region	211792	925275	4.37	0	14
ptg007657l_1	298134	1808947	6.07	0	21
ptg007657l_1_region	298134	1808947	6.07	0	21
ptg007658l_1	73138	358606	4.90	0	14
ptg007658l_1_region	73138	358606	4.90	0	14
ptg007660l_1	175159	1002934	5.73	0	12
ptg007660l_1_region	175159	1002934	5.73	0	12
ptg007661l_1	192823	681458	3.53	0	16
ptg007661l_1_region	192823	681458	3.53	0	16
ptg007667l_1	17172	32294	1.88	0	4
ptg007667l_1_region	17172	32294	1.88	0	4
ptg007668l_1	280813	1470003	5.23	0	66
ptg007668l_1_region	280813	1470003	5.23	0	66
ptg007669l_1	51125	259532	5.08	0	23
ptg007669l_1_region	51125	259532	5.08	0	23
ptg007671l_1	87284	123585	1.42	0	20
ptg007671l_1_region	87284	123585	1.42	0	20
ptg007673l_1	128544	315754	2.46	0	9
ptg007673l_1_region	128544	315754	2.46	0	9
ptg007676l_1	61459	217543	3.54	0	11
ptg007676l_1_region	61459	217543	3.54	0	11
ptg007678l_1	277297	2337896	8.43	0	32
ptg007678l_1_region	277297	2337896	8.43	0	32
ptg007679l_1	133419	759957	5.70	0	21
ptg007679l_1_region	133419	759957	5.70	0	21
ptg007680l_1	74111	295593	3.99	0	11
ptg007680l_1_region	74111	295593	3.99	0	11
ptg007681l_1	720945	4122502	5.72	0	27
ptg007681l_1_region	720945	4122502	5.72	0	27
ptg007682l_1	825611	6684668	8.10	0	27
ptg007682l_1_region	825611	6684668	8.10	0	27
ptg007684l_1	81904	419861	5.13	0	11
ptg007684l_1_region	81904	419861	5.13	0	11
ptg007685l_1	146062	556484	3.81	0	12
ptg007685l_1_region	146062	556484	3.81	0	12
ptg007686l_1	19913	67592	3.39	0	8
ptg007686l_1_region	19913	67592	3.39	0	8
ptg007690l_1	47784	97025	2.03	0	8
ptg007690l_1_region	47784	97025	2.03	0	8
ptg007691l_1	137858	842316	6.11	0	30
ptg007691l_1_region	137858	842316	6.11	0	30
ptg007694l_1	68362	200090	2.93	0	7
ptg007694l_1_region	68362	200090	2.93	0	7
ptg007695l_1	56864	236165	4.15	0	82
ptg007695l_1_region	56864	236165	4.15	0	82
ptg007696l_1	48173	365006	7.58	0	27
ptg007696l_1_region	48173	365006	7.58	0	27
ptg007697l_1	135560	872442	6.44	0	46
ptg007697l_1_region	135560	872442	6.44	0	46
ptg007700l_1	147063	618045	4.20	0	11
ptg007700l_1_region	147063	618045	4.20	0	11
ptg007702l_1	51283	200794	3.92	0	12
ptg007702l_1_region	51283	200794	3.92	0	12
ptg007703l_1	125309	871275	6.95	0	31
ptg007703l_1_region	125309	871275	6.95	0	31
ptg007706l_1	57292	233081	4.07	0	47
ptg007706l_1_region	57292	233081	4.07	0	47
ptg007707l_1	89285	467340	5.23	0	14
ptg007707l_1_region	89285	467340	5.23	0	14
ptg007708l_1	159760	778602	4.87	0	16
ptg007708l_1_region	159760	778602	4.87	0	16
ptg007712l_1	188760	628132	3.33	0	14
ptg007712l_1_region	188760	628132	3.33	0	14
ptg007713l_1	86547	283607	3.28	0	15
ptg007713l_1_region	86547	283607	3.28	0	15
ptg007714l_1	102318	304952	2.98	0	7
ptg007714l_1_region	102318	304952	2.98	0	7
ptg007716l_1	19624	18072	0.92	0	2
ptg007716l_1_region	19624	18072	0.92	0	2
ptg007718l_1	72487	385408	5.32	0	19
ptg007718l_1_region	72487	385408	5.32	0	19
ptg007719l_1	21756	66754	3.07	0	7
ptg007719l_1_region	21756	66754	3.07	0	7
ptg007720l_1	94350	485230	5.14	0	15
ptg007720l_1_region	94350	485230	5.14	0	15
ptg007721l_1	168273	1026997	6.10	0	18
ptg007721l_1_region	168273	1026997	6.10	0	18
ptg007722l_1	73464	336322	4.58	0	9
ptg007722l_1_region	73464	336322	4.58	0	9
ptg007725l_1	18039	107252	5.95	0	13
ptg007725l_1_region	18039	107252	5.95	0	13
ptg007726l_1	26414	26537	1.00	0	7
ptg007726l_1_region	26414	26537	1.00	0	7
ptg007727l_1	613299	3728728	6.08	0	46
ptg007727l_1_region	613299	3728728	6.08	0	46
ptg007728l_1	367732	1739816	4.73	0	16
ptg007728l_1_region	367732	1739816	4.73	0	16
ptg007729l_1	2206562	13483048	6.11	0	30
ptg007729l_1_region	2206562	13483048	6.11	0	30
ptg007732l_1	455232	2203246	4.84	0	15
ptg007732l_1_region	455232	2203246	4.84	0	15
ptg007733l_1	127500	430594	3.38	0	12
ptg007733l_1_region	127500	430594	3.38	0	12
ptg007734l_1	103648	432533	4.17	0	22
ptg007734l_1_region	103648	432533	4.17	0	22
ptg007736l_1	80700	370301	4.59	0	10
ptg007736l_1_region	80700	370301	4.59	0	10
ptg007738l_1	290811	1803759	6.20	0	103
ptg007738l_1_region	290811	1803759	6.20	0	103
ptg007747l_1	146228	690992	4.73	0	9
ptg007747l_1_region	146228	690992	4.73	0	9
ptg007749l_1	82582	239632	2.90	0	9
ptg007749l_1_region	82582	239632	2.90	0	9
ptg007754l_1	225353	1343134	5.96	0	74
ptg007754l_1_region	225353	1343134	5.96	0	74
ptg007755l_1	70065	461538	6.59	0	28
ptg007755l_1_region	70065	461538	6.59	0	28
ptg007757l_1	60905	183596	3.01	0	10
ptg007757l_1_region	60905	183596	3.01	0	10
ptg007758l_1	28342	36978	1.30	0	5
ptg007758l_1_region	28342	36978	1.30	0	5
ptg007760l_1	69659	251197	3.61	0	10
ptg007760l_1_region	69659	251197	3.61	0	10
ptg007761l_1	29510	84616	2.87	0	10
ptg007761l_1_region	29510	84616	2.87	0	10
ptg007762l_1	901365	1280459	1.42	0	35
ptg007762l_1_region	901365	1280459	1.42	0	35
ptg007763l_1	30994	171779	5.54	0	11
ptg007763l_1_region	30994	171779	5.54	0	11
ptg007764l_1	154476	265641	1.72	0	29
ptg007764l_1_region	154476	265641	1.72	0	29
ptg007765l_1	576791	13950	0.02	0	3
ptg007765l_1_region	576791	13950	0.02	0	3
ptg007766l_1	225320	1081130	4.80	0	24
ptg007766l_1_region	225320	1081130	4.80	0	24
ptg007767l_1	2015862	1883799	0.93	0	17
ptg007767l_1_region	2015862	1883799	0.93	0	17
ptg007771l_1	62996	329352	5.23	0	13
ptg007771l_1_region	62996	329352	5.23	0	13
ptg007772l_1	176442	733601	4.16	0	15
ptg007772l_1_region	176442	733601	4.16	0	15
ptg007773l_1	276333	864500	3.13	0	11
ptg007773l_1_region	276333	864500	3.13	0	11
ptg007775l_1	51223	165355	3.23	0	10
ptg007775l_1_region	51223	165355	3.23	0	10
ptg007777l_1	464838	1932228	4.16	0	15
ptg007777l_1_region	464838	1932228	4.16	0	15
ptg007778l_1	89078	270121	3.03	0	9
ptg007778l_1_region	89078	270121	3.03	0	9
ptg007779l_1	29175	109408	3.75	0	10
ptg007779l_1_region	29175	109408	3.75	0	10
ptg007781l_1	112974	440235	3.90	0	13
ptg007781l_1_region	112974	440235	3.90	0	13
ptg007782l_1	51306	216925	4.23	0	13
ptg007782l_1_region	51306	216925	4.23	0	13
ptg007783l_1	93099	370573	3.98	0	14
ptg007783l_1_region	93099	370573	3.98	0	14
ptg007785l_1	33541	226973	6.77	0	15
ptg007785l_1_region	33541	226973	6.77	0	15
ptg007786l_1	68525	247821	3.62	0	19
ptg007786l_1_region	68525	247821	3.62	0	19
ptg007787l_1	210943	1042764	4.94	0	16
ptg007787l_1_region	210943	1042764	4.94	0	16
ptg007788l_1	92414	422257	4.57	0	12
ptg007788l_1_region	92414	422257	4.57	0	12
ptg007791l_1	147138	698166	4.74	0	22
ptg007791l_1_region	147138	698166	4.74	0	22
ptg007792l_1	88634	246104	2.78	0	9
ptg007792l_1_region	88634	246104	2.78	0	9
ptg007793l_1	134424	628853	4.68	0	14
ptg007793l_1_region	134424	628853	4.68	0	14
ptg007794l_1	214221	911353	4.25	0	21
ptg007794l_1_region	214221	911353	4.25	0	21
ptg007795l_1	338316	1903400	5.63	0	12
ptg007795l_1_region	338316	1903400	5.63	0	12
ptg007796l_1	85457	485371	5.68	0	14
ptg007796l_1_region	85457	485371	5.68	0	14
ptg007797l_1	406933	1969440	4.84	0	22
ptg007797l_1_region	406933	1969440	4.84	0	22
ptg007798l_1	64067	227328	3.55	0	12
ptg007798l_1_region	64067	227328	3.55	0	12
ptg007801l_1	39277	205338	5.23	0	15
ptg007801l_1_region	39277	205338	5.23	0	15
ptg007803l_1	160391	989828	6.17	0	15
ptg007803l_1_region	160391	989828	6.17	0	15
ptg007804l_1	187467	5901402	31.48	0	231
ptg007804l_1_region	187467	5901402	31.48	0	231
ptg007806l_1	31342	68634	2.19	0	8
ptg007806l_1_region	31342	68634	2.19	0	8
ptg007807l_1	65758	384768	5.85	0	18
ptg007807l_1_region	65758	384768	5.85	0	18
ptg007808l_1	25933	84710	3.27	0	14
ptg007808l_1_region	25933	84710	3.27	0	14
ptg007809l_1	96553	245597	2.54	0	10
ptg007809l_1_region	96553	245597	2.54	0	10
ptg007811l_1	168959	758218	4.49	0	11
ptg007811l_1_region	168959	758218	4.49	0	11
ptg007812l_1	310020	1887629	6.09	0	23
ptg007812l_1_region	310020	1887629	6.09	0	23
ptg007815l_1	33161	85985	2.59	0	5
ptg007815l_1_region	33161	85985	2.59	0	5
ptg007817l_1	103317	906852	8.78	0	18
ptg007817l_1_region	103317	906852	8.78	0	18
ptg007818l_1	32397	75146	2.32	0	4
ptg007818l_1_region	32397	75146	2.32	0	4
ptg007819l_1	58962	275086	4.67	0	10
ptg007819l_1_region	58962	275086	4.67	0	10
ptg007820l_1	155794	660012	4.24	0	12
ptg007820l_1_region	155794	660012	4.24	0	12
ptg007822l_1	52406	309452	5.90	0	17
ptg007822l_1_region	52406	309452	5.90	0	17
ptg007824l_1	120117	614173	5.11	0	34
ptg007824l_1_region	120117	614173	5.11	0	34
ptg007828l_1	282226	670283	2.37	0	8
ptg007828l_1_region	282226	670283	2.37	0	8
ptg007829l_1	105230	642229	6.10	0	13
ptg007829l_1_region	105230	642229	6.10	0	13
ptg007831l_1	109137	370128	3.39	0	12
ptg007831l_1_region	109137	370128	3.39	0	12
ptg007832l_1	43754	166078	3.80	0	10
ptg007832l_1_region	43754	166078	3.80	0	10
ptg007833l_1	41107	283625	6.90	0	134
ptg007833l_1_region	41107	283625	6.90	0	134
ptg007834l_1	44310	261793	5.91	0	10
ptg007834l_1_region	44310	261793	5.91	0	10
ptg007835l_1	109706	469444	4.28	0	22
ptg007835l_1_region	109706	469444	4.28	0	22
ptg007838l_1	230547	1026272	4.45	0	16
ptg007838l_1_region	230547	1026272	4.45	0	16
ptg007839l_1	36400	149472	4.11	0	11
ptg007839l_1_region	36400	149472	4.11	0	11
ptg007840l_1	412332	1525909	3.70	0	14
ptg007840l_1_region	412332	1525909	3.70	0	14
ptg007841l_1	40503	192229	4.75	0	12
ptg007841l_1_region	40503	192229	4.75	0	12
ptg007842l_1	130421	560506	4.30	0	87
ptg007842l_1_region	130421	560506	4.30	0	87
ptg007843l_1	49383	189993	3.85	0	10
ptg007843l_1_region	49383	189993	3.85	0	10
ptg007845l_1	53708	271360	5.05	0	14
ptg007845l_1_region	53708	271360	5.05	0	14
ptg007846l_1	36369	196721	5.41	0	28
ptg007846l_1_region	36369	196721	5.41	0	28
ptg007847l_1	66332	266615	4.02	0	14
ptg007847l_1_region	66332	266615	4.02	0	14
ptg007848l_1	75250	212861	2.83	0	11
ptg007848l_1_region	75250	212861	2.83	0	11
ptg007850l_1	290242	1552731	5.35	0	14
ptg007850l_1_region	290242	1552731	5.35	0	14
ptg007852l_1	108579	181676	1.67	0	13
ptg007852l_1_region	108579	181676	1.67	0	13
ptg007853l_1	79968	218613	2.73	0	9
ptg007853l_1_region	79968	218613	2.73	0	9
ptg007856l_1	106918	591682	5.53	0	15
ptg007856l_1_region	106918	591682	5.53	0	15
ptg007858l_1	87891	496552	5.65	0	12
ptg007858l_1_region	87891	496552	5.65	0	12
ptg007859l_1	199619	949399	4.76	0	11
ptg007859l_1_region	199619	949399	4.76	0	11
ptg007860l_1	24731	84120	3.40	0	9
ptg007860l_1_region	24731	84120	3.40	0	9
ptg007862l_1	77151	280809	3.64	0	10
ptg007862l_1_region	77151	280809	3.64	0	10
ptg007864l_1	1091960	9743916	8.92	0	191
ptg007864l_1_region	1091960	9743916	8.92	0	191
ptg007865l_1	46817	290425	6.20	0	17
ptg007865l_1_region	46817	290425	6.20	0	17
ptg007866l_1	111272	521359	4.69	0	10
ptg007866l_1_region	111272	521359	4.69	0	10
ptg007867l_1	58359	166603	2.85	0	12
ptg007867l_1_region	58359	166603	2.85	0	12
ptg007868l_1	108450	700679	6.46	0	42
ptg007868l_1_region	108450	700679	6.46	0	42
ptg007870l_1	257241	1230809	4.78	0	25
ptg007870l_1_region	257241	1230809	4.78	0	25
ptg007871l_1	72602	227810	3.14	0	12
ptg007871l_1_region	72602	227810	3.14	0	12
ptg007872l_1	49384	130340	2.64	0	9
ptg007872l_1_region	49384	130340	2.64	0	9
ptg007873l_1	91508	276818	3.03	0	9
ptg007873l_1_region	91508	276818	3.03	0	9
ptg007877l_1	115336	771763	6.69	0	24
ptg007877l_1_region	115336	771763	6.69	0	24
ptg007880l_1	228794	969012	4.24	0	13
ptg007880l_1_region	228794	969012	4.24	0	13
ptg007881l_1	114219	462890	4.05	0	10
ptg007881l_1_region	114219	462890	4.05	0	10
ptg007882l_1	131781	680058	5.16	0	15
ptg007882l_1_region	131781	680058	5.16	0	15
ptg007883l_1	86033	345205	4.01	0	12
ptg007883l_1_region	86033	345205	4.01	0	12
ptg007885l_1	16835	65696	3.90	0	10
ptg007885l_1_region	16835	65696	3.90	0	10
ptg007886l_1	181995	777116	4.27	0	17
ptg007886l_1_region	181995	777116	4.27	0	17
ptg007887l_1	210274	1077849	5.13	0	14
ptg007887l_1_region	210274	1077849	5.13	0	14
ptg007888l_1	216560	977683	4.51	0	20
ptg007888l_1_region	216560	977683	4.51	0	20
ptg007889l_1	204697	906738	4.43	0	16
ptg007889l_1_region	204697	906738	4.43	0	16
ptg007890l_1	117886	355778	3.02	0	41
ptg007890l_1_region	117886	355778	3.02	0	41
ptg007891l_1	96923	429739	4.43	0	10
ptg007891l_1_region	96923	429739	4.43	0	10
ptg007892l_1	87500	196576	2.25	0	8
ptg007892l_1_region	87500	196576	2.25	0	8
ptg007894l_1	16747	4642	0.28	0	4
ptg007894l_1_region	16747	4642	0.28	0	4
ptg007895l_1	190874	867667	4.55	0	13
ptg007895l_1_region	190874	867667	4.55	0	13
ptg007896l_1	20366	43730	2.15	0	12
ptg007896l_1_region	20366	43730	2.15	0	12
ptg007897l_1	36092	119717	3.32	0	11
ptg007897l_1_region	36092	119717	3.32	0	11
ptg007899l_1	39775	143431	3.61	0	14
ptg007899l_1_region	39775	143431	3.61	0	14
ptg007903l_1	76667	290294	3.79	0	11
ptg007903l_1_region	76667	290294	3.79	0	11
ptg007905l_1	114613	473297	4.13	0	12
ptg007905l_1_region	114613	473297	4.13	0	12
ptg007907l_1	203924	555812	2.73	0	13
ptg007907l_1_region	203924	555812	2.73	0	13
ptg007908l_1	115111	744857	6.47	0	18
ptg007908l_1_region	115111	744857	6.47	0	18
ptg007909l_1	180276	584087	3.24	0	20
ptg007909l_1_region	180276	584087	3.24	0	20
ptg007910l_1	188381	668381	3.55	0	11
ptg007910l_1_region	188381	668381	3.55	0	11
ptg007911l_1	110945	710569	6.40	0	18
ptg007911l_1_region	110945	710569	6.40	0	18
ptg007912l_1	86074	356786	4.15	0	12
ptg007912l_1_region	86074	356786	4.15	0	12
ptg007913l_1	77807	279721	3.60	0	12
ptg007913l_1_region	77807	279721	3.60	0	12
ptg007914l_1	190217	553877	2.91	0	37
ptg007914l_1_region	190217	553877	2.91	0	37
ptg007915l_1	22518	77697	3.45	0	8
ptg007915l_1_region	22518	77697	3.45	0	8
ptg007917l_1	180901	980796	5.42	0	13
ptg007917l_1_region	180901	980796	5.42	0	13
ptg007921l_1	21601	29254	1.35	0	4
ptg007921l_1_region	21601	29254	1.35	0	4
ptg007923l_1	65573	129511	1.98	0	10
ptg007923l_1_region	65573	129511	1.98	0	10
ptg007924l_1	154090	638551	4.14	0	18
ptg007924l_1_region	154090	638551	4.14	0	18
ptg007925l_1	80746	347290	4.30	0	12
ptg007925l_1_region	80746	347290	4.30	0	12
ptg007927l_1	35797	65718	1.84	0	9
ptg007927l_1_region	35797	65718	1.84	0	9
ptg007931l_1	199790	1083702	5.42	0	35
ptg007931l_1_region	199790	1083702	5.42	0	35
ptg007933l_1	56397	96058	1.70	0	7
ptg007933l_1_region	56397	96058	1.70	0	7
ptg007937l_1	276512	1635122	5.91	0	88
ptg007937l_1_region	276512	1635122	5.91	0	88
ptg007938l_1	112772	593863	5.27	0	118
ptg007938l_1_region	112772	593863	5.27	0	118
ptg007942l_1	360300	1442012	4.00	0	16
ptg007942l_1_region	360300	1442012	4.00	0	16
ptg007944l_1	124692	2780	0.02	0	1
ptg007944l_1_region	124692	2780	0.02	0	1
ptg007946l_1	221969	705697	3.18	0	11
ptg007946l_1_region	221969	705697	3.18	0	11
ptg007948l_1	645681	3628240	5.62	0	103
ptg007948l_1_region	645681	3628240	5.62	0	103
ptg007949l_1	170200	77634	0.46	0	5
ptg007949l_1_region	170200	77634	0.46	0	5
ptg007950l_1	276528	1089322	3.94	0	22
ptg007950l_1_region	276528	1089322	3.94	0	22
ptg007953l_1	104917	528785	5.04	0	12
ptg007953l_1_region	104917	528785	5.04	0	12
ptg007957l_1	176490	884003	5.01	0	44
ptg007957l_1_region	176490	884003	5.01	0	44
ptg007958l_1	153891	551823	3.59	0	9
ptg007958l_1_region	153891	551823	3.59	0	9
ptg007961l_1	173639	653423	3.76	0	21
ptg007961l_1_region	173639	653423	3.76	0	21
ptg007965l_1	201621	493970	2.45	0	8
ptg007965l_1_region	201621	493970	2.45	0	8
ptg007967l_1	615725	5593725	9.08	0	57
ptg007967l_1_region	615725	5593725	9.08	0	57
ptg007968l_1	391449	2286127	5.84	0	43
ptg007968l_1_region	391449	2286127	5.84	0	43
ptg007970l_1	155089	670843	4.33	0	12
ptg007970l_1_region	155089	670843	4.33	0	12
ptg007971l_1	93229	454522	4.88	0	11
ptg007971l_1_region	93229	454522	4.88	0	11
ptg007975l_1	159655	928156	5.81	0	20
ptg007975l_1_region	159655	928156	5.81	0	20
ptg007976l_1	166815	680809	4.08	0	19
ptg007976l_1_region	166815	680809	4.08	0	19
ptg007977l_1	268707	880016	3.28	0	11
ptg007977l_1_region	268707	880016	3.28	0	11
ptg007978l_1	30578	129810	4.25	0	9
ptg007978l_1_region	30578	129810	4.25	0	9
ptg007982l_1	105154	246212	2.34	0	92
ptg007982l_1_region	105154	246212	2.34	0	92
ptg007983l_1	29033	209307	7.21	0	24
ptg007983l_1_region	29033	209307	7.21	0	24
ptg007985l_1	138441	496920	3.59	0	19
ptg007985l_1_region	138441	496920	3.59	0	19
ptg007988l_1	126370	714246	5.65	0	27
ptg007988l_1_region	126370	714246	5.65	0	27
ptg007989l_1	54447	89170	1.64	0	9
ptg007989l_1_region	54447	89170	1.64	0	9
ptg007993l_1	94906	404734	4.26	0	11
ptg007993l_1_region	94906	404734	4.26	0	11
ptg007994l_1	111270	377275	3.39	0	11
ptg007994l_1_region	111270	377275	3.39	0	11
ptg007995l_1	139290	664633	4.77	0	55
ptg007995l_1_region	139290	664633	4.77	0	55
ptg007997l_1	69199	753451	10.89	0	24
ptg007997l_1_region	69199	753451	10.89	0	24
ptg007998l_1	67037	236865	3.53	0	8
ptg007998l_1_region	67037	236865	3.53	0	8
ptg007999l_1	213985	1093064	5.11	0	62
ptg007999l_1_region	213985	1093064	5.11	0	62
ptg008001l_1	40385	178964	4.43	0	10
ptg008001l_1_region	40385	178964	4.43	0	10
ptg008003l_1	45539	159799	3.51	0	12
ptg008003l_1_region	45539	159799	3.51	0	12
ptg008004l_1	329845	1504300	4.56	0	34
ptg008004l_1_region	329845	1504300	4.56	0	34
ptg008007l_1	27709	81257	2.93	0	9
ptg008007l_1_region	27709	81257	2.93	0	9
ptg008008l_1	285176	1147501	4.02	0	22
ptg008008l_1_region	285176	1147501	4.02	0	22
ptg008009l_1	42621	191432	4.49	0	17
ptg008009l_1_region	42621	191432	4.49	0	17
ptg008010l_1	35839	75656	2.11	0	5
ptg008010l_1_region	35839	75656	2.11	0	5
ptg008011l_1	155616	937304	6.02	0	23
ptg008011l_1_region	155616	937304	6.02	0	23
ptg008012l_1	34906	187041	5.36	0	12
ptg008012l_1_region	34906	187041	5.36	0	12
ptg008013l_1	38870	129123	3.32	0	7
ptg008013l_1_region	38870	129123	3.32	0	7
ptg008014l_1	321141	1481373	4.61	0	20
ptg008014l_1_region	321141	1481373	4.61	0	20
ptg008015l_1	121780	493300	4.05	0	11
ptg008015l_1_region	121780	493300	4.05	0	11
ptg008016l_1	13164	38699	2.94	0	7
ptg008016l_1_region	13164	38699	2.94	0	7
ptg008017l_1	534390	2496258	4.67	0	14
ptg008017l_1_region	534390	2496258	4.67	0	14
ptg008018l_1	29746	132434	4.45	0	9
ptg008018l_1_region	29746	132434	4.45	0	9
ptg008020l_1	237506	786844	3.31	0	20
ptg008020l_1_region	237506	786844	3.31	0	20
ptg008022l_1	32449	114512	3.53	0	9
ptg008022l_1_region	32449	114512	3.53	0	9
ptg008023l_1	16767	34039	2.03	0	8
ptg008023l_1_region	16767	34039	2.03	0	8
ptg008024l_1	41791	150407	3.60	0	7
ptg008024l_1_region	41791	150407	3.60	0	7
ptg008025l_1	294272	893903	3.04	0	11
ptg008025l_1_region	294272	893903	3.04	0	11
ptg008026l_1	102546	396956	3.87	0	13
ptg008026l_1_region	102546	396956	3.87	0	13
ptg008028l_1	34534	89220	2.58	0	9
ptg008028l_1_region	34534	89220	2.58	0	9
ptg008029l_1	289401	967825	3.34	0	15
ptg008029l_1_region	289401	967825	3.34	0	15
ptg008030l_1	109670	407299	3.71	0	11
ptg008030l_1_region	109670	407299	3.71	0	11
ptg008031l_1	213373	677951	3.18	0	24
ptg008031l_1_region	213373	677951	3.18	0	24
ptg008033l_1	116137	400998	3.45	0	10
ptg008033l_1_region	116137	400998	3.45	0	10
ptg008034l_1	526417	2441606	4.64	0	17
ptg008034l_1_region	526417	2441606	4.64	0	17
ptg008035l_1	190898	635577	3.33	0	12
ptg008035l_1_region	190898	635577	3.33	0	12
ptg008036l_1	427534	2029972	4.75	0	14
ptg008036l_1_region	427534	2029972	4.75	0	14
ptg008039l_1	97824	287639	2.94	0	26
ptg008039l_1_region	97824	287639	2.94	0	26
ptg008040l_1	391287	2299614	5.88	0	16
ptg008040l_1_region	391287	2299614	5.88	0	16
ptg008042l_1	328729	2006743	6.10	0	53
ptg008042l_1_region	328729	2006743	6.10	0	53
ptg008043l_1	161444	798288	4.94	0	16
ptg008043l_1_region	161444	798288	4.94	0	16
ptg008044l_1	244597	904744	3.70	0	22
ptg008044l_1_region	244597	904744	3.70	0	22
ptg008045l_1	173507	4444444	25.62	0	98
ptg008045l_1_region	173507	4444444	25.62	0	98
ptg008053l_1	41058	118628	2.89	0	7
ptg008053l_1_region	41058	118628	2.89	0	7
ptg008054l_1	25035	69978	2.80	0	9
ptg008054l_1_region	25035	69978	2.80	0	9
ptg008055l_1	300910	1021175	3.39	0	46
ptg008055l_1_region	300910	1021175	3.39	0	46
ptg008056l_1	80904	481554	5.95	0	14
ptg008056l_1_region	80904	481554	5.95	0	14
ptg008062l_1	199703	854843	4.28	0	12
ptg008062l_1_region	199703	854843	4.28	0	12
ptg008063l_1	81542	242202	2.97	0	8
ptg008063l_1_region	81542	242202	2.97	0	8
ptg008064l_1	15485	69845	4.51	0	14
ptg008064l_1_region	15485	69845	4.51	0	14
ptg008065l_1	129247	579207	4.48	0	11
ptg008065l_1_region	129247	579207	4.48	0	11
ptg008066l_1	429412	1400149	3.26	0	16
ptg008066l_1_region	429412	1400149	3.26	0	16
ptg008067l_1	39108	94667	2.42	0	5
ptg008067l_1_region	39108	94667	2.42	0	5
ptg008068l_1	161886	934022	5.77	0	15
ptg008068l_1_region	161886	934022	5.77	0	15
ptg008070l_1	40455	166074	4.11	0	19
ptg008070l_1_region	40455	166074	4.11	0	19
ptg008072l_1	101318	350619	3.46	0	11
ptg008072l_1_region	101318	350619	3.46	0	11
ptg008073l_1	392621	1559995	3.97	0	12
ptg008073l_1_region	392621	1559995	3.97	0	12
ptg008074l_1	89244	385637	4.32	0	12
ptg008074l_1_region	89244	385637	4.32	0	12
ptg008076l_1	148963	751574	5.05	0	17
ptg008076l_1_region	148963	751574	5.05	0	17
ptg008078l_1	26543	55669	2.10	0	8
ptg008078l_1_region	26543	55669	2.10	0	8
ptg008081l_1	123105	526749	4.28	0	12
ptg008081l_1_region	123105	526749	4.28	0	12
ptg008082l_1	137674	843212	6.12	0	16
ptg008082l_1_region	137674	843212	6.12	0	16
ptg008084l_1	80035	475566	5.94	0	13
ptg008084l_1_region	80035	475566	5.94	0	13
ptg008085l_1	91416	677902	7.42	0	16
ptg008085l_1_region	91416	677902	7.42	0	16
ptg008086l_1	60116	339952	5.65	0	13
ptg008086l_1_region	60116	339952	5.65	0	13
ptg008087l_1	43395	74841	1.72	0	4
ptg008087l_1_region	43395	74841	1.72	0	4
ptg008088l_1	93305	347770	3.73	0	10
ptg008088l_1_region	93305	347770	3.73	0	10
ptg008091l_1	266574	1405751	5.27	0	16
ptg008091l_1_region	266574	1405751	5.27	0	16
ptg008092l_1	156903	655140	4.18	0	11
ptg008092l_1_region	156903	655140	4.18	0	11
ptg008094l_1	100676	368599	3.66	0	9
ptg008094l_1_region	100676	368599	3.66	0	9
ptg008098l_1	35642	125217	3.51	0	50
ptg008098l_1_region	35642	125217	3.51	0	50
ptg008101l_1	74791	284215	3.80	0	10
ptg008101l_1_region	74791	284215	3.80	0	10
ptg008103l_1	710471	1996463	2.81	0	19
ptg008103l_1_region	710471	1996463	2.81	0	19
ptg008104l_1	53836	231615	4.30	0	11
ptg008104l_1_region	53836	231615	4.30	0	11
ptg008105l_1	38075	47904	1.26	0	4
ptg008105l_1_region	38075	47904	1.26	0	4
ptg008107l_1	343812	1911588	5.56	0	14
ptg008107l_1_region	343812	1911588	5.56	0	14
ptg008108l_1	290205	2145991	7.39	0	23
ptg008108l_1_region	290205	2145991	7.39	0	23
ptg008112l_1	211007	824241	3.91	0	17
ptg008112l_1_region	211007	824241	3.91	0	17
ptg008113l_1	212879	2724813	12.80	0	96
ptg008113l_1_region	212879	2724813	12.80	0	96
ptg008114l_1	656232	3459151	5.27	0	24
ptg008114l_1_region	656232	3459151	5.27	0	24
ptg008115l_1	99569	308901	3.10	0	12
ptg008115l_1_region	99569	308901	3.10	0	12
ptg008116l_1	806992	6306708	7.82	0	29
ptg008116l_1_region	806992	6306708	7.82	0	29
ptg008118l_1	173453	1196021	6.90	0	21
ptg008118l_1_region	173453	1196021	6.90	0	21
ptg008119l_1	36380	45659	1.26	0	15
ptg008119l_1_region	36380	45659	1.26	0	15
ptg008122l_1	39870	182416	4.58	0	10
ptg008122l_1_region	39870	182416	4.58	0	10
ptg008123l_1	75923	308503	4.06	0	12
ptg008123l_1_region	75923	308503	4.06	0	12
ptg008124l_1	202157	750952	3.71	0	10
ptg008124l_1_region	202157	750952	3.71	0	10
ptg008125l_1	39264	189905	4.84	0	15
ptg008125l_1_region	39264	189905	4.84	0	15
ptg008127l_1	22587	39324	1.74	0	5
ptg008127l_1_region	22587	39324	1.74	0	5
ptg008129l_1	119497	533002	4.46	0	10
ptg008129l_1_region	119497	533002	4.46	0	10
ptg008133l_1	298432	1679167	5.63	0	22
ptg008133l_1_region	298432	1679167	5.63	0	22
ptg008135l_1	36580	205	0.01	0	1
ptg008135l_1_region	36580	205	0.01	0	1
ptg008137l_1	343191	1872753	5.46	0	16
ptg008137l_1_region	343191	1872753	5.46	0	16
ptg008138l_1	120744	550085	4.56	0	11
ptg008138l_1_region	120744	550085	4.56	0	11
ptg008139l_1	60958	216856	3.56	0	12
ptg008139l_1_region	60958	216856	3.56	0	12
ptg008140l_1	214885	1052339	4.90	0	165
ptg008140l_1_region	214885	1052339	4.90	0	165
ptg008141l_1	186435	1109944	5.95	0	29
ptg008141l_1_region	186435	1109944	5.95	0	29
ptg008142l_1	55530	238926	4.30	0	11
ptg008142l_1_region	55530	238926	4.30	0	11
ptg008143l_1	43672	129932	2.98	0	7
ptg008143l_1_region	43672	129932	2.98	0	7
ptg008144l_1	16008	13768	0.86	0	3
ptg008144l_1_region	16008	13768	0.86	0	3
ptg008147l_1	378041	906403	2.40	0	16
ptg008147l_1_region	378041	906403	2.40	0	16
ptg008148l_1	92895	387758	4.17	0	26
ptg008148l_1_region	92895	387758	4.17	0	26
ptg008151l_1	169657	805844	4.75	0	44
ptg008151l_1_region	169657	805844	4.75	0	44
ptg008152l_1	87661	294933	3.36	0	11
ptg008152l_1_region	87661	294933	3.36	0	11
ptg008153l_1	153774	881601	5.73	0	27
ptg008153l_1_region	153774	881601	5.73	0	27
ptg008154l_1	22704	110254	4.86	0	16
ptg008154l_1_region	22704	110254	4.86	0	16
ptg008156l_1	613544	2311860	3.77	0	24
ptg008156l_1_region	613544	2311860	3.77	0	24
ptg008159l_1	184322	416223	2.26	0	16
ptg008159l_1_region	184322	416223	2.26	0	16
ptg008160l_1	145785	737540	5.06	0	12
ptg008160l_1_region	145785	737540	5.06	0	12
ptg008161l_1	588403	582382	0.99	0	12
ptg008161l_1_region	588403	582382	0.99	0	12
ptg008163l_1	112430	286006	2.54	0	11
ptg008163l_1_region	112430	286006	2.54	0	11
ptg008164l_1	118677	227555	1.92	0	7
ptg008164l_1_region	118677	227555	1.92	0	7
ptg008165l_1	70407	217529	3.09	0	10
ptg008165l_1_region	70407	217529	3.09	0	10
ptg008166l_1	141305	1074839	7.61	0	126
ptg008166l_1_region	141305	1074839	7.61	0	126
ptg008168l_1	167766	762214	4.54	0	13
ptg008168l_1_region	167766	762214	4.54	0	13
ptg008170l_1	349903	1759022	5.03	0	20
ptg008170l_1_region	349903	1759022	5.03	0	20
ptg008172l_1	236600	1040949	4.40	0	13
ptg008172l_1_region	236600	1040949	4.40	0	13
ptg008173l_1	272358	1155800	4.24	0	16
ptg008173l_1_region	272358	1155800	4.24	0	16
ptg008175l_1	308139	3483902	11.31	0	49
ptg008175l_1_region	308139	3483902	11.31	0	49
ptg008176l_1	62643	238914	3.81	0	13
ptg008176l_1_region	62643	238914	3.81	0	13
ptg008178l_1	99472	913013	9.18	0	30
ptg008178l_1_region	99472	913013	9.18	0	30
ptg008179l_1	124736	645776	5.18	0	20
ptg008179l_1_region	124736	645776	5.18	0	20
ptg008180l_1	83851	267568	3.19	0	10
ptg008180l_1_region	83851	267568	3.19	0	10
ptg008181l_1	329387	2440768	7.41	0	33
ptg008181l_1_region	329387	2440768	7.41	0	33
ptg008182l_1	236584	1280710	5.41	0	21
ptg008182l_1_region	236584	1280710	5.41	0	21
ptg008184l_1	123956	24009	0.19	0	2
ptg008184l_1_region	123956	24009	0.19	0	2
ptg008185l_1	90757	798073	8.79	0	30
ptg008185l_1_region	90757	798073	8.79	0	30
ptg008189l_1	178942	1341006	7.49	0	65
ptg008189l_1_region	178942	1341006	7.49	0	65
ptg008191l_1	118472	630738	5.32	0	15
ptg008191l_1_region	118472	630738	5.32	0	15
ptg008195l_1	200348	849188	4.24	0	15
ptg008195l_1_region	200348	849188	4.24	0	15
ptg008196l_1	47313	136850	2.89	0	13
ptg008196l_1_region	47313	136850	2.89	0	13
ptg008197l_1	84969	441801	5.20	0	14
ptg008197l_1_region	84969	441801	5.20	0	14
ptg008198l_1	79118	261182	3.30	0	22
ptg008198l_1_region	79118	261182	3.30	0	22
ptg008200l_1	157505	478426	3.04	0	10
ptg008200l_1_region	157505	478426	3.04	0	10
ptg008201l_1	31451	42577	1.35	0	6
ptg008201l_1_region	31451	42577	1.35	0	6
ptg008202l_1	95992	227900	2.37	0	13
ptg008202l_1_region	95992	227900	2.37	0	13
ptg008203l_1	25540	97384	3.81	0	7
ptg008203l_1_region	25540	97384	3.81	0	7
ptg008204l_1	164394	597096	3.63	0	33
ptg008204l_1_region	164394	597096	3.63	0	33
ptg008205l_1	153227	666749	4.35	0	12
ptg008205l_1_region	153227	666749	4.35	0	12
ptg008206l_1	31913	126444	3.96	0	7
ptg008206l_1_region	31913	126444	3.96	0	7
ptg008208l_1	294615	1553047	5.27	0	64
ptg008208l_1_region	294615	1553047	5.27	0	64
ptg008209l_1	278037	1438419	5.17	0	49
ptg008209l_1_region	278037	1438419	5.17	0	49
ptg008212l_1	310374	1421230	4.58	0	34
ptg008212l_1_region	310374	1421230	4.58	0	34
ptg008214l_1	299246	1421785	4.75	0	21
ptg008214l_1_region	299246	1421785	4.75	0	21
ptg008215l_1	105912	537015	5.07	0	11
ptg008215l_1_region	105912	537015	5.07	0	11
ptg008216l_1	164027	466976	2.85	0	21
ptg008216l_1_region	164027	466976	2.85	0	21
ptg008217l_1	105540	328499	3.11	0	8
ptg008217l_1_region	105540	328499	3.11	0	8
ptg008218l_1	56063	317546	5.66	0	14
ptg008218l_1_region	56063	317546	5.66	0	14
ptg008219l_1	214478	1151774	5.37	0	15
ptg008219l_1_region	214478	1151774	5.37	0	15
ptg008223l_1	114457	539326	4.71	0	17
ptg008223l_1_region	114457	539326	4.71	0	17
ptg008225l_1	157405	875552	5.56	0	13
ptg008225l_1_region	157405	875552	5.56	0	13
ptg008227l_1	213279	17843	0.08	0	1
ptg008227l_1_region	213279	17843	0.08	0	1
ptg008228l_1	104491	503937	4.82	0	23
ptg008228l_1_region	104491	503937	4.82	0	23
ptg008229l_1	286919	1551156	5.41	0	17
ptg008229l_1_region	286919	1551156	5.41	0	17
ptg008230l_1	269183	1263218	4.69	0	16
ptg008230l_1_region	269183	1263218	4.69	0	16
ptg008231l_1	90267	331599	3.67	0	9
ptg008231l_1_region	90267	331599	3.67	0	9
ptg008232l_1	18358	75823	4.13	0	13
ptg008232l_1_region	18358	75823	4.13	0	13
ptg008233l_1	44444	252027	5.67	0	13
ptg008233l_1_region	44444	252027	5.67	0	13
ptg008234l_1	89269	549301	6.15	0	14
ptg008234l_1_region	89269	549301	6.15	0	14
ptg008235l_1	202929	871934	4.30	0	17
ptg008235l_1_region	202929	871934	4.30	0	17
ptg008236l_1	267572	1139256	4.26	0	12
ptg008236l_1_region	267572	1139256	4.26	0	12
ptg008237l_1	94986	281043	2.96	0	18
ptg008237l_1_region	94986	281043	2.96	0	18
ptg008238l_1	297734	2011851	6.76	0	19
ptg008238l_1_region	297734	2011851	6.76	0	19
ptg008239l_1	336658	1875124	5.57	0	15
ptg008239l_1_region	336658	1875124	5.57	0	15
ptg008240l_1	53101	216254	4.07	0	12
ptg008240l_1_region	53101	216254	4.07	0	12
ptg008242l_1	51639	361460	7.00	0	18
ptg008242l_1_region	51639	361460	7.00	0	18
ptg008243l_1	297860	1553682	5.22	0	25
ptg008243l_1_region	297860	1553682	5.22	0	25
ptg008244l_1	102960	549421	5.34	0	20
ptg008244l_1_region	102960	549421	5.34	0	20
ptg008246l_1	181010	708829	3.92	0	12
ptg008246l_1_region	181010	708829	3.92	0	12
ptg008248l_1	126426	360753	2.85	0	8
ptg008248l_1_region	126426	360753	2.85	0	8
ptg008249l_1	187759	878019	4.68	0	12
ptg008249l_1_region	187759	878019	4.68	0	12
ptg008250l_1	49706	230607	4.64	0	11
ptg008250l_1_region	49706	230607	4.64	0	11
ptg008252l_1	49190	127054	2.58	0	10
ptg008252l_1_region	49190	127054	2.58	0	10
ptg008255l_1	41926	226373	5.40	0	14
ptg008255l_1_region	41926	226373	5.40	0	14
ptg008257l_1	403444	1659498	4.11	0	23
ptg008257l_1_region	403444	1659498	4.11	0	23
ptg008259l_1	115081	295918	2.57	0	10
ptg008259l_1_region	115081	295918	2.57	0	10
ptg008261l_1	30453	171509	5.63	0	12
ptg008261l_1_region	30453	171509	5.63	0	12
ptg008263l_1	244252	934250	3.82	0	13
ptg008263l_1_region	244252	934250	3.82	0	13
ptg008264l_1	323100	1454665	4.50	0	15
ptg008264l_1_region	323100	1454665	4.50	0	15
ptg008265l_1	130547	3634629	27.84	1	116
ptg008265l_1_region	130547	3634629	27.84	1	116
ptg008266l_1	40496	113791	2.81	0	12
ptg008266l_1_region	40496	113791	2.81	0	12
ptg008267l_1	326624	762514	2.33	0	19
ptg008267l_1_region	326624	762514	2.33	0	19
ptg008271l_1	71981	255192	3.55	0	10
ptg008271l_1_region	71981	255192	3.55	0	10
ptg008272l_1	43828	192497	4.39	0	10
ptg008272l_1_region	43828	192497	4.39	0	10
ptg008274l_1	239772	1271518	5.30	0	78
ptg008274l_1_region	239772	1271518	5.30	0	78
ptg008276l_1	308639	1078455	3.49	0	13
ptg008276l_1_region	308639	1078455	3.49	0	13
ptg008277l_1	251996	1287402	5.11	0	18
ptg008277l_1_region	251996	1287402	5.11	0	18
ptg008278l_1	238001	1308034	5.50	0	13
ptg008278l_1_region	238001	1308034	5.50	0	13
ptg008279l_1	117653	810660	6.89	0	25
ptg008279l_1_region	117653	810660	6.89	0	25
ptg008281l_1	154658	1200731	7.76	0	38
ptg008281l_1_region	154658	1200731	7.76	0	38
ptg008284l_1	60533	297556	4.92	0	11
ptg008284l_1_region	60533	297556	4.92	0	11
ptg008285l_1	105655	341988	3.24	0	13
ptg008285l_1_region	105655	341988	3.24	0	13
ptg008290l_1	86177	303480	3.52	0	20
ptg008290l_1_region	86177	303480	3.52	0	20
ptg008291l_1	78115	923359	11.82	2	23
ptg008291l_1_region	78115	923359	11.82	2	23
ptg008294l_1	160583	736067	4.58	0	43
ptg008294l_1_region	160583	736067	4.58	0	43
ptg008295l_1	155337	741055	4.77	0	52
ptg008295l_1_region	155337	741055	4.77	0	52
ptg008297l_1	46272	249865	5.40	0	19
ptg008297l_1_region	46272	249865	5.40	0	19
ptg008298l_1	62426	204480	3.28	0	28
ptg008298l_1_region	62426	204480	3.28	0	28
ptg008299l_1	245321	1384580	5.64	0	20
ptg008299l_1_region	245321	1384580	5.64	0	20
ptg008300l_1	69328	245626	3.54	0	11
ptg008300l_1_region	69328	245626	3.54	0	11
ptg008302l_1	280273	1518623	5.42	0	23
ptg008302l_1_region	280273	1518623	5.42	0	23
ptg008303l_1	107681	454499	4.22	0	15
ptg008303l_1_region	107681	454499	4.22	0	15
ptg008304l_1	27434	66334	2.42	0	10
ptg008304l_1_region	27434	66334	2.42	0	10
ptg008306l_1	216138	236122	1.09	0	17
ptg008306l_1_region	216138	236122	1.09	0	17
ptg008307l_1	168437	736746	4.37	0	18
ptg008307l_1_region	168437	736746	4.37	0	18
ptg008309l_1	95271	212526	2.23	0	18
ptg008309l_1_region	95271	212526	2.23	0	18
ptg008310l_1	146053	798531	5.47	0	34
ptg008310l_1_region	146053	798531	5.47	0	34
ptg008312l_1	209286	709961	3.39	0	12
ptg008312l_1_region	209286	709961	3.39	0	12
ptg008313l_1	11477	31527	2.75	0	5
ptg008313l_1_region	11477	31527	2.75	0	5
ptg008314l_1	1020831	13722670	13.44	0	189
ptg008314l_1_region	1020831	13722670	13.44	0	189
ptg008317l_1	242568	1201258	4.95	0	16
ptg008317l_1_region	242568	1201258	4.95	0	16
ptg008319l_1	166965	850942	5.10	0	64
ptg008319l_1_region	166965	850942	5.10	0	64
ptg008321l_1	94388	424812	4.50	0	16
ptg008321l_1_region	94388	424812	4.50	0	16
ptg008322l_1	74924	461422	6.16	0	16
ptg008322l_1_region	74924	461422	6.16	0	16
ptg008323l_1	356826	2047161	5.74	0	18
ptg008323l_1_region	356826	2047161	5.74	0	18
ptg008324l_1	76369	164456	2.15	0	9
ptg008324l_1_region	76369	164456	2.15	0	9
ptg008327l_1	39617	238847	6.03	0	18
ptg008327l_1_region	39617	238847	6.03	0	18
ptg008328l_1	238175	1592083	6.68	0	27
ptg008328l_1_region	238175	1592083	6.68	0	27
ptg008331l_1	344870	1957964	5.68	0	21
ptg008331l_1_region	344870	1957964	5.68	0	21
ptg008332l_1	213471	1603429	7.51	0	36
ptg008332l_1_region	213471	1603429	7.51	0	36
ptg008335l_1	577851	2859904	4.95	0	14
ptg008335l_1_region	577851	2859904	4.95	0	14
ptg008342l_1	177648	727810	4.10	0	13
ptg008342l_1_region	177648	727810	4.10	0	13
ptg008343l_1	67523	456609	6.76	0	12
ptg008343l_1_region	67523	456609	6.76	0	12
ptg008344l_1	96628	356970	3.69	0	14
ptg008344l_1_region	96628	356970	3.69	0	14
ptg008346l_1	59248	640818	10.82	0	23
ptg008346l_1_region	59248	640818	10.82	0	23
ptg008348l_1	76036	398600	5.24	0	15
ptg008348l_1_region	76036	398600	5.24	0	15
ptg008349l_1	347085	1750225	5.04	0	23
ptg008349l_1_region	347085	1750225	5.04	0	23
ptg008352l_1	22996	88289	3.84	0	12
ptg008352l_1_region	22996	88289	3.84	0	12
ptg008353l_1	258211	1354978	5.25	0	19
ptg008353l_1_region	258211	1354978	5.25	0	19
ptg008354l_1	225661	996107	4.41	0	16
ptg008354l_1_region	225661	996107	4.41	0	16
ptg008360l_1	49621	208184	4.20	0	13
ptg008360l_1_region	49621	208184	4.20	0	13
ptg008362l_1	59825	252302	4.22	0	20
ptg008362l_1_region	59825	252302	4.22	0	20
ptg008363l_1	22914	63772	2.78	0	7
ptg008363l_1_region	22914	63772	2.78	0	7
ptg008365l_1	44866	72593	1.62	0	5
ptg008365l_1_region	44866	72593	1.62	0	5
ptg008366l_1	37582	168926	4.49	0	13
ptg008366l_1_region	37582	168926	4.49	0	13
ptg008367l_1	97709	214568	2.20	0	18
ptg008367l_1_region	97709	214568	2.20	0	18
ptg008368l_1	144466	627517	4.34	0	22
ptg008368l_1_region	144466	627517	4.34	0	22
ptg008369l_1	257418	1386412	5.39	0	17
ptg008369l_1_region	257418	1386412	5.39	0	17
ptg008370l_1	145542	400599	2.75	0	13
ptg008370l_1_region	145542	400599	2.75	0	13
ptg008372l_1	241419	1113642	4.61	0	17
ptg008372l_1_region	241419	1113642	4.61	0	17
ptg008374l_1	40638	85948	2.11	0	6
ptg008374l_1_region	40638	85948	2.11	0	6
ptg008376l_1	93391	521388	5.58	0	23
ptg008376l_1_region	93391	521388	5.58	0	23
ptg008377l_1	123586	284919	2.31	0	15
ptg008377l_1_region	123586	284919	2.31	0	15
ptg008378l_1	28553	71668	2.51	0	7
ptg008378l_1_region	28553	71668	2.51	0	7
ptg008379l_1	15446	22527	1.46	0	11
ptg008379l_1_region	15446	22527	1.46	0	11
ptg008380l_1	90294	301172	3.34	0	15
ptg008380l_1_region	90294	301172	3.34	0	15
ptg008388l_1	79845	276643	3.46	0	17
ptg008388l_1_region	79845	276643	3.46	0	17
ptg008392l_1	1180110	1932314	1.64	0	24
ptg008392l_1_region	1180110	1932314	1.64	0	24
ptg008395l_1	174891	505620	2.89	0	17
ptg008395l_1_region	174891	505620	2.89	0	17
ptg008396l_1	120505	603490	5.01	0	17
ptg008396l_1_region	120505	603490	5.01	0	17
ptg008397l_1	18947	43059	2.27	0	6
ptg008397l_1_region	18947	43059	2.27	0	6
ptg008398l_1	186208	514089	2.76	0	10
ptg008398l_1_region	186208	514089	2.76	0	10
ptg008399l_1	37953	204930	5.40	0	14
ptg008399l_1_region	37953	204930	5.40	0	14
ptg008400l_1	19569	162031	8.28	0	15
ptg008400l_1_region	19569	162031	8.28	0	15
ptg008401l_1	72466	161529	2.23	0	7
ptg008401l_1_region	72466	161529	2.23	0	7
ptg008402l_1	159763	671689	4.20	0	13
ptg008402l_1_region	159763	671689	4.20	0	13
ptg008403l_1	84771	326801	3.86	0	14
ptg008403l_1_region	84771	326801	3.86	0	14
ptg008404l_1	21207	52216	2.46	0	7
ptg008404l_1_region	21207	52216	2.46	0	7
ptg008405l_1	104640	440778	4.21	0	16
ptg008405l_1_region	104640	440778	4.21	0	16
ptg008406l_1	85334	263348	3.09	0	10
ptg008406l_1_region	85334	263348	3.09	0	10
ptg008407l_1	129808	559946	4.31	0	20
ptg008407l_1_region	129808	559946	4.31	0	20
ptg008408l_1	67448	191351	2.84	0	13
ptg008408l_1_region	67448	191351	2.84	0	13
ptg008410l_1	25039	87640	3.50	0	8
ptg008410l_1_region	25039	87640	3.50	0	8
ptg008411l_1	38073	209254	5.50	0	11
ptg008411l_1_region	38073	209254	5.50	0	11
ptg008412l_1	222798	726168	3.26	0	12
ptg008412l_1_region	222798	726168	3.26	0	12
ptg008413l_1	138881	1057087	7.61	0	25
ptg008413l_1_region	138881	1057087	7.61	0	25
ptg008414l_1	58491	429787	7.35	0	15
ptg008414l_1_region	58491	429787	7.35	0	15
ptg008417l_1	105909	382040	3.61	0	12
ptg008417l_1_region	105909	382040	3.61	0	12
ptg008418l_1	136028	663598	4.88	0	14
ptg008418l_1_region	136028	663598	4.88	0	14
ptg008420l_1	50114	221374	4.42	0	13
ptg008420l_1_region	50114	221374	4.42	0	13
ptg008421l_1	244918	1541499	6.29	0	28
ptg008421l_1_region	244918	1541499	6.29	0	28
ptg008422l_1	61042	278082	4.56	0	17
ptg008422l_1_region	61042	278082	4.56	0	17
ptg008423l_1	25898	1765	0.07	0	1
ptg008423l_1_region	25898	1765	0.07	0	1
ptg008425l_1	31459	59594	1.89	0	11
ptg008425l_1_region	31459	59594	1.89	0	11
ptg008426l_1	43370	155194	3.58	0	7
ptg008426l_1_region	43370	155194	3.58	0	7
ptg008427l_1	111216	368912	3.32	0	35
ptg008427l_1_region	111216	368912	3.32	0	35
ptg008428l_1	73513	268395	3.65	0	8
ptg008428l_1_region	73513	268395	3.65	0	8
ptg008429l_1	135078	435607	3.22	0	8
ptg008429l_1_region	135078	435607	3.22	0	8
ptg008430l_1	130918	520870	3.98	0	11
ptg008430l_1_region	130918	520870	3.98	0	11
ptg008431l_1	34674	123811	3.57	0	9
ptg008431l_1_region	34674	123811	3.57	0	9
ptg008435l_1	172265	546495	3.17	0	14
ptg008435l_1_region	172265	546495	3.17	0	14
ptg008436l_1	245630	1298679	5.29	0	16
ptg008436l_1_region	245630	1298679	5.29	0	16
ptg008437l_1	73752	236744	3.21	0	10
ptg008437l_1_region	73752	236744	3.21	0	10
ptg008438l_1	162622	1031246	6.34	0	33
ptg008438l_1_region	162622	1031246	6.34	0	33
ptg008442l_1	16661	114918	6.90	0	14
ptg008442l_1_region	16661	114918	6.90	0	14
ptg008443l_1	119379	536383	4.49	0	12
ptg008443l_1_region	119379	536383	4.49	0	12
ptg008444l_1	62497	454296	7.27	0	28
ptg008444l_1_region	62497	454296	7.27	0	28
ptg008449l_1	106837	384997	3.60	0	15
ptg008449l_1_region	106837	384997	3.60	0	15
ptg008451l_1	94237	287565	3.05	0	13
ptg008451l_1_region	94237	287565	3.05	0	13
ptg008452l_1	46438	200034	4.31	0	10
ptg008452l_1_region	46438	200034	4.31	0	10
ptg008454l_1	169275	140300	0.83	0	19
ptg008454l_1_region	169275	140300	0.83	0	19
ptg008456l_1	444874	1696883	3.81	0	18
ptg008456l_1_region	444874	1696883	3.81	0	18
ptg008459l_1	133756	1393371	10.42	0	26
ptg008459l_1_region	133756	1393371	10.42	0	26
ptg008460l_1	186578	1331027	7.13	0	47
ptg008460l_1_region	186578	1331027	7.13	0	47
ptg008461l_1	219186	805155	3.67	0	12
ptg008461l_1_region	219186	805155	3.67	0	12
ptg008462l_1	14782	34324	2.32	0	4
ptg008462l_1_region	14782	34324	2.32	0	4
ptg008463l_1	304752	1369403	4.49	0	33
ptg008463l_1_region	304752	1369403	4.49	0	33
ptg008464l_1	52773	158829	3.01	0	7
ptg008464l_1_region	52773	158829	3.01	0	7
ptg008465l_1	46949	311780	6.64	0	26
ptg008465l_1_region	46949	311780	6.64	0	26
ptg008466l_1	33279	151113	4.54	0	18
ptg008466l_1_region	33279	151113	4.54	0	18
ptg008472l_1	85948	389033	4.53	0	17
ptg008472l_1_region	85948	389033	4.53	0	17
ptg008473l_1	127184	431649	3.39	0	11
ptg008473l_1_region	127184	431649	3.39	0	11
ptg008474l_1	27108	1718	0.06	0	2
ptg008474l_1_region	27108	1718	0.06	0	2
ptg008475l_1	289907	1353728	4.67	0	15
ptg008475l_1_region	289907	1353728	4.67	0	15
ptg008480l_1	80278	165160	2.06	0	6
ptg008480l_1_region	80278	165160	2.06	0	6
ptg008481l_1	142964	476272	3.33	0	11
ptg008481l_1_region	142964	476272	3.33	0	11
ptg008482l_1	10585	21135	2.00	0	4
ptg008482l_1_region	10585	21135	2.00	0	4
ptg008483l_1	173561	1182567	6.81	0	77
ptg008483l_1_region	173561	1182567	6.81	0	77
ptg008484l_1	76654	71142	0.93	0	6
ptg008484l_1_region	76654	71142	0.93	0	6
ptg008485l_1	295545	1767619	5.98	0	31
ptg008485l_1_region	295545	1767619	5.98	0	31
ptg008486l_1	119471	549380	4.60	0	16
ptg008486l_1_region	119471	549380	4.60	0	16
ptg008488l_1	216207	1065888	4.93	0	28
ptg008488l_1_region	216207	1065888	4.93	0	28
ptg008489l_1	125181	430062	3.44	0	13
ptg008489l_1_region	125181	430062	3.44	0	13
ptg008490l_1	73330	446592	6.09	0	15
ptg008490l_1_region	73330	446592	6.09	0	15
ptg008491l_1	175830	498201	2.83	0	9
ptg008491l_1_region	175830	498201	2.83	0	9
ptg008493l_1	80541	234801	2.92	0	14
ptg008493l_1_region	80541	234801	2.92	0	14
ptg008494l_1	32993	71077	2.15	0	7
ptg008494l_1_region	32993	71077	2.15	0	7
ptg008500l_1	52938	258508	4.88	0	10
ptg008500l_1_region	52938	258508	4.88	0	10
ptg008501l_1	87868	335227	3.82	0	28
ptg008501l_1_region	87868	335227	3.82	0	28
ptg008502l_1	136770	202148	1.48	0	6
ptg008502l_1_region	136770	202148	1.48	0	6
ptg008503l_1	81060	232501	2.87	0	15
ptg008503l_1_region	81060	232501	2.87	0	15
ptg008504l_1	86249	200723	2.33	0	7
ptg008504l_1_region	86249	200723	2.33	0	7
ptg008505l_1	220152	1524772	6.93	0	29
ptg008505l_1_region	220152	1524772	6.93	0	29
ptg008507l_1	39525	93771	2.37	0	7
ptg008507l_1_region	39525	93771	2.37	0	7
ptg008511l_1	52119	44616	0.86	0	6
ptg008511l_1_region	52119	44616	0.86	0	6
ptg008515l_1	94016	286305	3.05	0	9
ptg008515l_1_region	94016	286305	3.05	0	9
ptg008516l_1	518621	1039024	2.00	0	14
ptg008516l_1_region	518621	1039024	2.00	0	14
ptg008517l_1	407989	214838	0.53	0	8
ptg008517l_1_region	407989	214838	0.53	0	8
ptg008518l_1	69856	253292	3.63	0	10
ptg008518l_1_region	69856	253292	3.63	0	10
ptg008522l_1	88067	3287	0.04	0	1
ptg008522l_1_region	88067	3287	0.04	0	1
ptg008524l_1	343492	121185	0.35	0	3
ptg008524l_1_region	343492	121185	0.35	0	3
ptg008525l_1	202189	284659	1.41	0	41
ptg008525l_1_region	202189	284659	1.41	0	41
ptg008527l_1	520323	133861	0.26	0	3
ptg008527l_1_region	520323	133861	0.26	0	3
ptg008528l_1	227303	33402	0.15	0	2
ptg008528l_1_region	227303	33402	0.15	0	2
ptg008529l_1	338723	114505	0.34	0	2
ptg008529l_1_region	338723	114505	0.34	0	2
ptg008531l_1	357644	37803	0.11	0	4
ptg008531l_1_region	357644	37803	0.11	0	4
ptg008532l_1	180710	49204	0.27	0	5
ptg008532l_1_region	180710	49204	0.27	0	5
ptg008534l_1	385604	14233	0.04	0	4
ptg008534l_1_region	385604	14233	0.04	0	4
ptg008537l_1	748043	368661	0.49	0	5
ptg008537l_1_region	748043	368661	0.49	0	5
ptg008538l_1	1053309	481521	0.46	0	15
ptg008538l_1_region	1053309	481521	0.46	0	15
ptg008539l_1	1039045	61692	0.06	0	2
ptg008539l_1_region	1039045	61692	0.06	0	2
ptg008541l_1	336595	88823	0.26	0	3
ptg008541l_1_region	336595	88823	0.26	0	3
ptg008542l_1	2100494	737520	0.35	0	13
ptg008542l_1_region	2100494	737520	0.35	0	13
ptg008544l_1	413746	1162322	2.81	0	17
ptg008544l_1_region	413746	1162322	2.81	0	17
ptg008545l_1	94636	328090	3.47	0	17
ptg008545l_1_region	94636	328090	3.47	0	17
ptg008546l_1	430088	2180822	5.07	0	61
ptg008546l_1_region	430088	2180822	5.07	0	61
ptg008548l_1	46259	13379	0.29	0	7
ptg008548l_1_region	46259	13379	0.29	0	7
ptg008549l_1	85211	294122	3.45	0	10
ptg008549l_1_region	85211	294122	3.45	0	10
ptg008551l_1	16227	30105	1.86	0	5
ptg008551l_1_region	16227	30105	1.86	0	5
ptg008552l_1	41648	91844	2.21	0	5
ptg008552l_1_region	41648	91844	2.21	0	5
ptg008556l_1	95337	631668	6.63	0	44
ptg008556l_1_region	95337	631668	6.63	0	44
ptg008558l_1	205369	1232290	6.00	0	18
ptg008558l_1_region	205369	1232290	6.00	0	18
ptg008559l_1	313696	123159	0.39	0	7
ptg008559l_1_region	313696	123159	0.39	0	7
ptg008562l_1	113981	81627	0.72	0	4
ptg008562l_1_region	113981	81627	0.72	0	4
ptg008563l_1	141489	39028	0.28	0	3
ptg008563l_1_region	141489	39028	0.28	0	3
ptg008564l_1	328586	1029911	3.13	0	74
ptg008564l_1_region	328586	1029911	3.13	0	74
ptg008565l_1	402888	49064	0.12	0	2
ptg008565l_1_region	402888	49064	0.12	0	2
ptg008566l_1	336475	331591	0.99	0	14
ptg008566l_1_region	336475	331591	0.99	0	14
ptg008567l_1	169891	12550	0.07	0	1
ptg008567l_1_region	169891	12550	0.07	0	1
ptg008570l_1	4471483	945506	0.21	0	18
ptg008570l_1_region	4471483	945506	0.21	0	18
ptg008571l_1	647783	282591	0.44	0	5
ptg008571l_1_region	647783	282591	0.44	0	5
ptg008572l_1	29823	182018	6.10	0	11
ptg008572l_1_region	29823	182018	6.10	0	11
ptg008573l_1	35465	133571	3.77	0	16
ptg008573l_1_region	35465	133571	3.77	0	16
ptg008576l_1	154934	1005723	6.49	0	20
ptg008576l_1_region	154934	1005723	6.49	0	20
ptg008577l_1	332968	1292785	3.88	0	35
ptg008577l_1_region	332968	1292785	3.88	0	35
ptg008578l_1	69526	218391	3.14	0	6
ptg008578l_1_region	69526	218391	3.14	0	6
ptg008579l_1	246864	765202	3.10	0	18
ptg008579l_1_region	246864	765202	3.10	0	18
ptg008582l_1	42353	224609	5.30	0	25
ptg008582l_1_region	42353	224609	5.30	0	25
ptg008583l_1	26492	140112	5.29	0	10
ptg008583l_1_region	26492	140112	5.29	0	10
ptg008588l_1	554892	209821	0.38	0	5
ptg008588l_1_region	554892	209821	0.38	0	5
ptg008589l_1	63766	297519	4.67	0	12
ptg008589l_1_region	63766	297519	4.67	0	12
ptg008591l_1	127570	1099978	8.62	0	25
ptg008591l_1_region	127570	1099978	8.62	0	25
ptg008592l_1	399511	6246817	15.64	0	98
ptg008592l_1_region	399511	6246817	15.64	0	98
ptg008593l_1	153264	962716	6.28	0	19
ptg008593l_1_region	153264	962716	6.28	0	19
ptg008594l_1	221354	870110	3.93	0	29
ptg008594l_1_region	221354	870110	3.93	0	29
ptg008596l_1	96593	331089	3.43	0	16
ptg008596l_1_region	96593	331089	3.43	0	16
ptg008599l_1	22900	60372	2.64	0	9
ptg008599l_1_region	22900	60372	2.64	0	9
ptg008601l_1	169774	679076	4.00	0	23
ptg008601l_1_region	169774	679076	4.00	0	23
ptg008602l_1	401867	1815388	4.52	0	50
ptg008602l_1_region	401867	1815388	4.52	0	50
ptg008603l_1	178711	855164	4.79	0	16
ptg008603l_1_region	178711	855164	4.79	0	16
ptg008608l_1	398138	23355	0.06	0	2
ptg008608l_1_region	398138	23355	0.06	0	2
ptg008610l_1	165791	1105075	6.67	0	22
ptg008610l_1_region	165791	1105075	6.67	0	22
ptg008611l_1	842283	450355	0.53	0	8
ptg008611l_1_region	842283	450355	0.53	0	8
ptg008612l_1	436902	93744	0.21	0	3
ptg008612l_1_region	436902	93744	0.21	0	3
ptg008615l_1	753346	1115793	1.48	0	86
ptg008615l_1_region	753346	1115793	1.48	0	86
ptg008616l_1	524777	74515	0.14	0	9
ptg008616l_1_region	524777	74515	0.14	0	9
ptg008617l_1	348197	56032	0.16	0	2
ptg008617l_1_region	348197	56032	0.16	0	2
ptg008618l_1	404461	59574	0.15	0	9
ptg008618l_1_region	404461	59574	0.15	0	9
ptg008619l_1	163641	49848	0.30	0	2
ptg008619l_1_region	163641	49848	0.30	0	2
ptg008620l_1	281504	37708	0.13	0	2
ptg008620l_1_region	281504	37708	0.13	0	2
ptg008621l_1	184246	8172	0.04	0	3
ptg008621l_1_region	184246	8172	0.04	0	3
ptg008623l_1	913827	263425	0.29	0	4
ptg008623l_1_region	913827	263425	0.29	0	4
ptg008627l_1	76013	335527	4.41	0	11
ptg008627l_1_region	76013	335527	4.41	0	11
ptg008628l_1	149375	710157	4.75	0	42
ptg008628l_1_region	149375	710157	4.75	0	42
ptg008629l_1	127367	879896	6.91	0	29
ptg008629l_1_region	127367	879896	6.91	0	29
ptg008631l_1	397841	1787295	4.49	0	30
ptg008631l_1_region	397841	1787295	4.49	0	30
ptg008635l_1	329563	1887034	5.73	0	14
ptg008635l_1_region	329563	1887034	5.73	0	14
ptg008637l_1	194538	742393	3.82	0	18
ptg008637l_1_region	194538	742393	3.82	0	18
ptg008638l_1	195686	731441	3.74	0	10
ptg008638l_1_region	195686	731441	3.74	0	10
ptg008639l_1	137530	864937	6.29	0	23
ptg008639l_1_region	137530	864937	6.29	0	23
ptg008640l_1	263819	610208	2.31	0	10
ptg008640l_1_region	263819	610208	2.31	0	10
ptg008643l_1	107564	426298	3.96	0	14
ptg008643l_1_region	107564	426298	3.96	0	14
ptg008647l_1	110652	689208	6.23	0	16
ptg008647l_1_region	110652	689208	6.23	0	16
ptg008651l_1	136010	903200	6.64	0	49
ptg008651l_1_region	136010	903200	6.64	0	49
ptg008652l_1	230730	513694	2.23	0	14
ptg008652l_1_region	230730	513694	2.23	0	14
ptg008653l_1	90768	328809	3.62	0	8
ptg008653l_1_region	90768	328809	3.62	0	8
ptg008656l_1	177850	1125492	6.33	0	38
ptg008656l_1_region	177850	1125492	6.33	0	38
ptg008657l_1	154938	532661	3.44	0	12
ptg008657l_1_region	154938	532661	3.44	0	12
ptg008660l_1	204141	1214309	5.95	0	15
ptg008660l_1_region	204141	1214309	5.95	0	15
ptg008661l_1	215581	2025085	9.39	0	44
ptg008661l_1_region	215581	2025085	9.39	0	44
ptg008671l_1	146004	574847	3.94	0	20
ptg008671l_1_region	146004	574847	3.94	0	20
ptg008673l_1	28394	82587	2.91	0	6
ptg008673l_1_region	28394	82587	2.91	0	6
ptg008674l_1	345462	2022412	5.85	0	23
ptg008674l_1_region	345462	2022412	5.85	0	23
ptg008675l_1	214844	1694059	7.89	0	46
ptg008675l_1_region	214844	1694059	7.89	0	46
ptg008677l_1	66807	280589	4.20	0	17
ptg008677l_1_region	66807	280589	4.20	0	17
ptg008679l_1	111231	444707	4.00	0	15
ptg008679l_1_region	111231	444707	4.00	0	15
ptg008680l_1	170168	766727	4.51	0	60
ptg008680l_1_region	170168	766727	4.51	0	60
ptg008682l_1	242627	1125388	4.64	0	24
ptg008682l_1_region	242627	1125388	4.64	0	24
ptg008683l_1	310968	249153	0.80	0	11
ptg008683l_1_region	310968	249153	0.80	0	11
ptg008684l_1	128289	46642	0.36	0	2
ptg008684l_1_region	128289	46642	0.36	0	2
ptg008688l_1	227989	819376	3.59	0	13
ptg008688l_1_region	227989	819376	3.59	0	13
ptg008689l_1	226179	890797	3.94	0	31
ptg008689l_1_region	226179	890797	3.94	0	31
ptg008691l_1	191913	663242	3.46	0	19
ptg008691l_1_region	191913	663242	3.46	0	19
ptg008692l_1	96008	217767	2.27	0	10
ptg008692l_1_region	96008	217767	2.27	0	10
ptg008695l_1	479467	2665773	5.56	0	15
ptg008695l_1_region	479467	2665773	5.56	0	15
ptg008696l_1	31966	104106	3.26	0	12
ptg008696l_1_region	31966	104106	3.26	0	12
ptg008698l_1	101975	472087	4.63	0	14
ptg008698l_1_region	101975	472087	4.63	0	14
ptg008699l_1	108270	400559	3.70	0	11
ptg008699l_1_region	108270	400559	3.70	0	11
ptg008703l_1	137541	543307	3.95	0	13
ptg008703l_1_region	137541	543307	3.95	0	13
ptg008705l_1	126168	466844	3.70	0	12
ptg008705l_1_region	126168	466844	3.70	0	12
ptg008706l_1	115608	413101	3.57	0	9
ptg008706l_1_region	115608	413101	3.57	0	9
ptg008708l_1	281952	130649	0.46	0	4
ptg008708l_1_region	281952	130649	0.46	0	4
ptg008709l_1	518225	256619	0.50	0	14
ptg008709l_1_region	518225	256619	0.50	0	14
ptg008710l_1	30382	242845	7.99	0	42
ptg008710l_1_region	30382	242845	7.99	0	42
ptg008711l_1	110477	669588	6.06	0	17
ptg008711l_1_region	110477	669588	6.06	0	17
ptg008713l_1	726946	142335	0.20	0	33
ptg008713l_1_region	726946	142335	0.20	0	33
ptg008715l_1	43929	257237	5.86	0	14
ptg008715l_1_region	43929	257237	5.86	0	14
ptg008717l_1	52328	151659	2.90	0	10
ptg008717l_1_region	52328	151659	2.90	0	10
ptg008719l_1	60833	167613	2.76	0	9
ptg008719l_1_region	60833	167613	2.76	0	9
ptg008722l_1	29031	117857	4.06	0	16
ptg008722l_1_region	29031	117857	4.06	0	16
ptg008723l_1	96051	699971	7.29	0	28
ptg008723l_1_region	96051	699971	7.29	0	28
ptg008725l_1	533154	470288	0.88	0	29
ptg008725l_1_region	533154	470288	0.88	0	29
ptg008726l_1	51222	178073	3.48	0	9
ptg008726l_1_region	51222	178073	3.48	0	9
ptg008727l_1	101901	794828	7.80	0	77
ptg008727l_1_region	101901	794828	7.80	0	77
ptg008729l_1	97885	151113	1.54	0	8
ptg008729l_1_region	97885	151113	1.54	0	8
ptg008738l_1	143749	8034	0.06	0	2
ptg008738l_1_region	143749	8034	0.06	0	2
ptg008740l_1	143587	811788	5.65	0	21
ptg008740l_1_region	143587	811788	5.65	0	21
ptg008742l_1	235455	1005178	4.27	0	14
ptg008742l_1_region	235455	1005178	4.27	0	14
ptg008746l_1	133941	415893	3.11	0	9
ptg008746l_1_region	133941	415893	3.11	0	9
ptg008749l_1	242516	321915	1.33	0	19
ptg008749l_1_region	242516	321915	1.33	0	19
ptg008752l_1	332989	171606	0.52	0	18
ptg008752l_1_region	332989	171606	0.52	0	18
ptg008753l_1	279064	8762	0.03	0	2
ptg008753l_1_region	279064	8762	0.03	0	2
ptg008754l_1	479249	20890	0.04	0	3
ptg008754l_1_region	479249	20890	0.04	0	3
ptg008755l_1	222845	218836	0.98	0	11
ptg008755l_1_region	222845	218836	0.98	0	11
ptg008756l_1	255062	1712	0.01	0	1
ptg008756l_1_region	255062	1712	0.01	0	1
ptg008757l_1	107691	770278	7.15	0	56
ptg008757l_1_region	107691	770278	7.15	0	56
ptg008758l_1	99541	321556	3.23	0	8
ptg008758l_1_region	99541	321556	3.23	0	8
ptg008760l_1	101590	464931	4.58	0	21
ptg008760l_1_region	101590	464931	4.58	0	21
ptg008761l_1	76967	286519	3.72	0	13
ptg008761l_1_region	76967	286519	3.72	0	13
ptg008762l_1	145514	1345161	9.24	0	41
ptg008762l_1_region	145514	1345161	9.24	0	41
ptg008765l_1	265679	1438516	5.41	0	21
ptg008765l_1_region	265679	1438516	5.41	0	21
ptg008773l_1	39285	179392	4.57	0	15
ptg008773l_1_region	39285	179392	4.57	0	15
ptg008774l_1	176603	1501527	8.50	0	20
ptg008774l_1_region	176603	1501527	8.50	0	20
ptg008775l_1	192858	976401	5.06	0	17
ptg008775l_1_region	192858	976401	5.06	0	17
ptg008779l_1	19268	60158	3.12	0	6
ptg008779l_1_region	19268	60158	3.12	0	6
ptg008781l_1	16085	27413	1.70	0	6
ptg008781l_1_region	16085	27413	1.70	0	6
ptg008782l_1	159131	682391	4.29	0	13
ptg008782l_1_region	159131	682391	4.29	0	13
ptg008783l_1	154566	45372	0.29	0	2
ptg008783l_1_region	154566	45372	0.29	0	2
ptg008784l_1	24263	388895	16.03	0	52
ptg008784l_1_region	24263	388895	16.03	0	52
ptg008785l_1	30808	161288	5.24	0	13
ptg008785l_1_region	30808	161288	5.24	0	13
ptg008787l_1	298056	1300329	4.36	0	23
ptg008787l_1_region	298056	1300329	4.36	0	23
ptg008790l_1	292865	1178097	4.02	0	16
ptg008790l_1_region	292865	1178097	4.02	0	16
ptg008791l_1	75917	282133	3.72	0	15
ptg008791l_1_region	75917	282133	3.72	0	15
ptg008792l_1	101500	862527	8.50	0	17
ptg008792l_1_region	101500	862527	8.50	0	17
ptg008794l_1	359093	180478	0.50	0	3
ptg008794l_1_region	359093	180478	0.50	0	3
ptg008795l_1	125830	97087	0.77	0	4
ptg008795l_1_region	125830	97087	0.77	0	4
ptg008797l_1	287581	1309856	4.55	0	34
ptg008797l_1_region	287581	1309856	4.55	0	34
ptg008799l_1	115392	751926	6.52	0	24
ptg008799l_1_region	115392	751926	6.52	0	24
ptg008800l_1	47150	521223	11.05	0	23
ptg008800l_1_region	47150	521223	11.05	0	23
ptg008803l_1	44148	287425	6.51	0	17
ptg008803l_1_region	44148	287425	6.51	0	17
ptg008804l_1	335971	50381	0.15	0	3
ptg008804l_1_region	335971	50381	0.15	0	3
ptg008807l_1	395843	1134063	2.86	0	16
ptg008807l_1_region	395843	1134063	2.86	0	16
ptg008808l_1	71903	120106	1.67	0	10
ptg008808l_1_region	71903	120106	1.67	0	10
ptg008810l_1	232561	1798273	7.73	0	33
ptg008810l_1_region	232561	1798273	7.73	0	33
ptg008811l_1	56090	215536	3.84	0	12
ptg008811l_1_region	56090	215536	3.84	0	12
ptg008814l_1	398274	1564668	3.93	0	24
ptg008814l_1_region	398274	1564668	3.93	0	24
ptg008816l_1	41165	193017	4.69	0	14
ptg008816l_1_region	41165	193017	4.69	0	14
ptg008818l_1	60885	340787	5.60	0	14
ptg008818l_1_region	60885	340787	5.60	0	14
ptg008819l_1	56790	115164	2.03	0	8
ptg008819l_1_region	56790	115164	2.03	0	8
ptg008822l_1	160914	1749566	10.87	0	29
ptg008822l_1_region	160914	1749566	10.87	0	29
ptg008823l_1	194829	1526527	7.84	0	66
ptg008823l_1_region	194829	1526527	7.84	0	66
ptg008827l_1	131447	33788	0.26	0	3
ptg008827l_1_region	131447	33788	0.26	0	3
ptg008828l_1	123628	535757	4.33	0	20
ptg008828l_1_region	123628	535757	4.33	0	20
ptg008834l_1	187419	625904	3.34	0	30
ptg008834l_1_region	187419	625904	3.34	0	30
ptg008835l_1	245482	541085	2.20	0	54
ptg008835l_1_region	245482	541085	2.20	0	54
ptg008842l_1	35708	201417	5.64	0	17
ptg008842l_1_region	35708	201417	5.64	0	17
ptg008843l_1	259787	2581784	9.94	0	51
ptg008843l_1_region	259787	2581784	9.94	0	51
ptg008844l_1	198745	545000	2.74	0	14
ptg008844l_1_region	198745	545000	2.74	0	14
ptg008845l_1	133209	1024141	7.69	0	28
ptg008845l_1_region	133209	1024141	7.69	0	28
ptg008848l_1	134565	865961	6.44	0	18
ptg008848l_1_region	134565	865961	6.44	0	18
ptg008851l_1	48405	122567	2.53	0	7
ptg008851l_1_region	48405	122567	2.53	0	7
ptg008852l_1	41883	80537	1.92	0	10
ptg008852l_1_region	41883	80537	1.92	0	10
ptg008853l_1	793547	5640744	7.11	0	26
ptg008853l_1_region	793547	5640744	7.11	0	26
ptg008854l_1	22121	59381	2.68	0	7
ptg008854l_1_region	22121	59381	2.68	0	7
ptg008856l_1	99583	694959	6.98	0	30
ptg008856l_1_region	99583	694959	6.98	0	30
ptg008860l_1	191144	638814	3.34	0	10
ptg008860l_1_region	191144	638814	3.34	0	10
ptg008861l_1	68494	248012	3.62	0	13
ptg008861l_1_region	68494	248012	3.62	0	13
ptg008865l_1	193815	434484	2.24	0	19
ptg008865l_1_region	193815	434484	2.24	0	19
ptg008866l_1	46687	793798	17.00	0	74
ptg008866l_1_region	46687	793798	17.00	0	74
ptg008867l_1	213187	168168	0.79	0	10
ptg008867l_1_region	213187	168168	0.79	0	10
ptg008868l_1	159230	997873	6.27	0	20
ptg008868l_1_region	159230	997873	6.27	0	20
ptg008870l_1	31212	26357	0.84	0	3
ptg008870l_1_region	31212	26357	0.84	0	3
ptg008873l_1	126784	50606	0.40	0	3
ptg008873l_1_region	126784	50606	0.40	0	3
ptg008874l_1	257153	82269	0.32	0	4
ptg008874l_1_region	257153	82269	0.32	0	4
ptg008878l_1	1158135	1166956	1.01	0	25
ptg008878l_1_region	1158135	1166956	1.01	0	25
ptg008879l_1	373589	526773	1.41	0	12
ptg008879l_1_region	373589	526773	1.41	0	12
ptg008880l_1	299341	200732	0.67	0	7
ptg008880l_1_region	299341	200732	0.67	0	7
ptg008881l_1	494855	405631	0.82	0	11
ptg008881l_1_region	494855	405631	0.82	0	11
ptg008882l_1	530784	71167	0.13	0	3
ptg008882l_1_region	530784	71167	0.13	0	3
ptg008883l_1	232762	1362009	5.85	0	44
ptg008883l_1_region	232762	1362009	5.85	0	44
ptg008886l_1	162832	804935	4.94	0	31
ptg008886l_1_region	162832	804935	4.94	0	31
ptg008887l_1	114814	465402	4.05	0	13
ptg008887l_1_region	114814	465402	4.05	0	13
ptg008888l_1	263964	1391068	5.27	0	19
ptg008888l_1_region	263964	1391068	5.27	0	19
ptg008892l_1	212659	2158836	10.15	0	57
ptg008892l_1_region	212659	2158836	10.15	0	57
ptg008895l_1	310244	9263	0.03	0	3
ptg008895l_1_region	310244	9263	0.03	0	3
ptg008896l_1	26882	118495	4.41	0	8
ptg008896l_1_region	26882	118495	4.41	0	8
ptg008898l_1	137655	658932	4.79	0	22
ptg008898l_1_region	137655	658932	4.79	0	22
ptg008899l_1	37112	154443	4.16	0	8
ptg008899l_1_region	37112	154443	4.16	0	8
ptg008900l_1	132448	672225	5.08	0	31
ptg008900l_1_region	132448	672225	5.08	0	31
ptg008903l_1	51226	212573	4.15	0	15
ptg008903l_1_region	51226	212573	4.15	0	15
ptg008904l_1	320907	17873	0.06	0	1
ptg008904l_1_region	320907	17873	0.06	0	1
ptg008907l_1	133145	890847	6.69	0	21
ptg008907l_1_region	133145	890847	6.69	0	21
ptg008909l_1	61080	105650	1.73	0	9
ptg008909l_1_region	61080	105650	1.73	0	9
ptg008911l_1	173800	13561	0.08	0	1
ptg008911l_1_region	173800	13561	0.08	0	1
ptg008913l_1	1396680	319903	0.23	0	6
ptg008913l_1_region	1396680	319903	0.23	0	6
ptg008915l_1	331887	36814	0.11	0	3
ptg008915l_1_region	331887	36814	0.11	0	3
ptg008916l_1	50312	144575	2.87	0	7
ptg008916l_1_region	50312	144575	2.87	0	7
ptg008917l_1	83526	493961	5.91	0	38
ptg008917l_1_region	83526	493961	5.91	0	38
ptg008919l_1	137941	15935	0.12	0	1
ptg008919l_1_region	137941	15935	0.12	0	1
ptg008920l_1	176911	192311	1.09	0	4
ptg008920l_1_region	176911	192311	1.09	0	4
ptg008921l_1	280887	1372986	4.89	0	14
ptg008921l_1_region	280887	1372986	4.89	0	14
ptg008924l_1	93378	569831	6.10	0	17
ptg008924l_1_region	93378	569831	6.10	0	17
ptg008925l_1	70920	582958	8.22	0	27
ptg008925l_1_region	70920	582958	8.22	0	27
ptg008927l_1	264638	1385981	5.24	0	19
ptg008927l_1_region	264638	1385981	5.24	0	19
ptg008928l_1	308459	1040282	3.37	0	12
ptg008928l_1_region	308459	1040282	3.37	0	12
ptg008929l_1	39861	170850	4.29	0	13
ptg008929l_1_region	39861	170850	4.29	0	13
ptg008931l_1	1042019	441397	0.42	0	12
ptg008931l_1_region	1042019	441397	0.42	0	12
ptg008933l_1	167362	242871	1.45	0	8
ptg008933l_1_region	167362	242871	1.45	0	8
ptg008934l_1	67178	196155	2.92	0	8
ptg008934l_1_region	67178	196155	2.92	0	8
ptg008935l_1	246916	1245717	5.05	0	14
ptg008935l_1_region	246916	1245717	5.05	0	14
ptg008939l_1	128771	582472	4.52	0	19
ptg008939l_1_region	128771	582472	4.52	0	19
ptg008941l_1	171703	1207473	7.03	0	186
ptg008941l_1_region	171703	1207473	7.03	0	186
ptg008942l_1	20387	41635	2.04	0	36
ptg008942l_1_region	20387	41635	2.04	0	36
ptg008944l_1	119792	366637	3.06	0	23
ptg008944l_1_region	119792	366637	3.06	0	23
ptg008947l_1	117630	744120	6.33	0	21
ptg008947l_1_region	117630	744120	6.33	0	21
ptg008948l_1	300370	941285	3.13	0	13
ptg008948l_1_region	300370	941285	3.13	0	13
ptg008951l_1	28639	127423	4.45	0	13
ptg008951l_1_region	28639	127423	4.45	0	13
ptg008952l_1	152120	559618	3.68	0	12
ptg008952l_1_region	152120	559618	3.68	0	12
ptg008954l_1	296080	1583789	5.35	0	39
ptg008954l_1_region	296080	1583789	5.35	0	39
ptg008955l_1	228960	761362	3.33	0	11
ptg008955l_1_region	228960	761362	3.33	0	11
ptg008957l_1	151139	649025	4.29	0	13
ptg008957l_1_region	151139	649025	4.29	0	13
ptg008958l_1	291070	47721	0.16	0	2
ptg008958l_1_region	291070	47721	0.16	0	2
ptg008961l_1	402228	1274440	3.17	0	16
ptg008961l_1_region	402228	1274440	3.17	0	16
ptg008962l_1	195007	494936	2.54	0	12
ptg008962l_1_region	195007	494936	2.54	0	12
ptg008964l_1	50755	143822	2.83	0	8
ptg008964l_1_region	50755	143822	2.83	0	8
ptg008967l_1	97182	398595	4.10	0	12
ptg008967l_1_region	97182	398595	4.10	0	12
ptg008968l_1	227994	805906	3.53	0	12
ptg008968l_1_region	227994	805906	3.53	0	12
ptg008969l_1	195117	1314404	6.74	0	21
ptg008969l_1_region	195117	1314404	6.74	0	21
ptg008973l_1	459397	478270	1.04	0	6
ptg008973l_1_region	459397	478270	1.04	0	6
ptg008975l_1	288230	3809222	13.22	0	310
ptg008975l_1_region	288230	3809222	13.22	0	310
ptg008981l_1	28182	117309	4.16	0	13
ptg008981l_1_region	28182	117309	4.16	0	13
ptg008983l_1	259064	21231	0.08	0	1
ptg008983l_1_region	259064	21231	0.08	0	1
ptg008987l_1	97025	27137	0.28	0	1
ptg008987l_1_region	97025	27137	0.28	0	1
ptg008993l_1	205393	1895844	9.23	0	52
ptg008993l_1_region	205393	1895844	9.23	0	52
ptg008994l_1	72996	243759	3.34	0	11
ptg008994l_1_region	72996	243759	3.34	0	11
ptg008998l_1	75469	203464	2.70	0	8
ptg008998l_1_region	75469	203464	2.70	0	8
ptg008999l_1	29973	127232	4.24	0	76
ptg008999l_1_region	29973	127232	4.24	0	76
ptg009000l_1	115162	524961	4.56	0	10
ptg009000l_1_region	115162	524961	4.56	0	10
ptg009001l_1	12471	34267	2.75	0	5
ptg009001l_1_region	12471	34267	2.75	0	5
ptg009002l_1	68440	389382	5.69	0	15
ptg009002l_1_region	68440	389382	5.69	0	15
ptg009004l_1	182773	581898	3.18	0	12
ptg009004l_1_region	182773	581898	3.18	0	12
ptg009007l_1	14228	27970	1.97	0	7
ptg009007l_1_region	14228	27970	1.97	0	7
ptg009008l_1	16945	74109	4.37	0	8
ptg009008l_1_region	16945	74109	4.37	0	8
ptg009009l_1	307100	1192328	3.88	0	14
ptg009009l_1_region	307100	1192328	3.88	0	14
ptg009010l_1	319146	1525530	4.78	0	13
ptg009010l_1_region	319146	1525530	4.78	0	13
ptg009011l_1	173253	45577	0.26	0	3
ptg009011l_1_region	173253	45577	0.26	0	3
ptg009012l_1	293395	462199	1.58	0	18
ptg009012l_1_region	293395	462199	1.58	0	18
ptg009013l_1	138484	42415	0.31	0	4
ptg009013l_1_region	138484	42415	0.31	0	4
ptg009015l_1	238805	52836	0.22	0	4
ptg009015l_1_region	238805	52836	0.22	0	4
ptg009016l_1	323742	2672	0.01	0	1
ptg009016l_1_region	323742	2672	0.01	0	1
ptg009017l_1	247126	761442	3.08	0	22
ptg009017l_1_region	247126	761442	3.08	0	22
ptg009020l_1	83820	506283	6.04	0	26
ptg009020l_1_region	83820	506283	6.04	0	26
ptg009022l_1	203420	686104	3.37	0	9
ptg009022l_1_region	203420	686104	3.37	0	9
ptg009023l_1	71013	236074	3.32	0	7
ptg009023l_1_region	71013	236074	3.32	0	7
ptg009024l_1	122324	853510	6.98	0	46
ptg009024l_1_region	122324	853510	6.98	0	46
ptg009027l_1	279840	1107312	3.96	0	14
ptg009027l_1_region	279840	1107312	3.96	0	14
ptg009028l_1	78528	328910	4.19	0	11
ptg009028l_1_region	78528	328910	4.19	0	11
ptg009032l_1	80778	474041	5.87	0	172
ptg009032l_1_region	80778	474041	5.87	0	172
ptg009035l_1	186470	498764	2.67	0	7
ptg009035l_1_region	186470	498764	2.67	0	7
ptg009036l_1	48286	83512	1.73	0	6
ptg009036l_1_region	48286	83512	1.73	0	6
ptg009037l_1	258889	1266562	4.89	0	17
ptg009037l_1_region	258889	1266562	4.89	0	17
ptg009040l_1	29147	68333	2.34	0	11
ptg009040l_1_region	29147	68333	2.34	0	11
ptg009041l_1	117578	359071	3.05	0	10
ptg009041l_1_region	117578	359071	3.05	0	10
ptg009042l_1	161295	589108	3.65	0	11
ptg009042l_1_region	161295	589108	3.65	0	11
ptg009043l_1	64101	374474	5.84	0	17
ptg009043l_1_region	64101	374474	5.84	0	17
ptg009044l_1	11604	52457	4.52	0	21
ptg009044l_1_region	11604	52457	4.52	0	21
ptg009045l_1	101533	698338	6.88	0	29
ptg009045l_1_region	101533	698338	6.88	0	29
ptg009046l_1	174717	908012	5.20	0	18
ptg009046l_1_region	174717	908012	5.20	0	18
ptg009047l_1	54332	166611	3.07	0	11
ptg009047l_1_region	54332	166611	3.07	0	11
ptg009049l_1	24279	76349	3.14	0	10
ptg009049l_1_region	24279	76349	3.14	0	10
ptg009050l_1	190030	747941	3.94	0	10
ptg009050l_1_region	190030	747941	3.94	0	10
ptg009052l_1	38163	101049	2.65	0	8
ptg009052l_1_region	38163	101049	2.65	0	8
ptg009053l_1	78164	427477	5.47	0	14
ptg009053l_1_region	78164	427477	5.47	0	14
ptg009054l_1	47048	146701	3.12	0	9
ptg009054l_1_region	47048	146701	3.12	0	9
ptg009056l_1	187159	773999	4.14	0	18
ptg009056l_1_region	187159	773999	4.14	0	18
ptg009057l_1	341590	1570533	4.60	0	20
ptg009057l_1_region	341590	1570533	4.60	0	20
ptg009058l_1	135329	580323	4.29	0	14
ptg009058l_1_region	135329	580323	4.29	0	14
ptg009063l_1	90804	1091162	12.02	0	70
ptg009063l_1_region	90804	1091162	12.02	0	70
ptg009064l_1	79814	462511	5.79	0	14
ptg009064l_1_region	79814	462511	5.79	0	14
ptg009069l_1	911700	4632919	5.08	0	35
ptg009069l_1_region	911700	4632919	5.08	0	35
ptg009072l_1	55538	397129	7.15	0	24
ptg009072l_1_region	55538	397129	7.15	0	24
ptg009076l_1	93818	644692	6.87	0	20
ptg009076l_1_region	93818	644692	6.87	0	20
ptg009077l_1	382988	2596249	6.78	0	36
ptg009077l_1_region	382988	2596249	6.78	0	36
ptg009078l_1	188935	745510	3.95	0	13
ptg009078l_1_region	188935	745510	3.95	0	13
ptg009080l_1	69256	319049	4.61	0	17
ptg009080l_1_region	69256	319049	4.61	0	17
ptg009081l_1	18983	27023	1.42	0	5
ptg009081l_1_region	18983	27023	1.42	0	5
ptg009082l_1	181404	21462	0.12	0	1
ptg009082l_1_region	181404	21462	0.12	0	1
ptg009083l_1	283660	1179498	4.16	0	18
ptg009083l_1_region	283660	1179498	4.16	0	18
ptg009087l_1	31987	139017	4.35	0	14
ptg009087l_1_region	31987	139017	4.35	0	14
ptg009090l_1	499268	2592778	5.19	0	39
ptg009090l_1_region	499268	2592778	5.19	0	39
ptg009091l_1	164844	885517	5.37	0	65
ptg009091l_1_region	164844	885517	5.37	0	65
ptg009092l_1	207300	18725	0.09	0	4
ptg009092l_1_region	207300	18725	0.09	0	4
ptg009093l_1	31134	76451	2.46	0	13
ptg009093l_1_region	31134	76451	2.46	0	13
ptg009094l_1	36980	183541	4.96	0	15
ptg009094l_1_region	36980	183541	4.96	0	15
ptg009097l_1	32979	92614	2.81	0	8
ptg009097l_1_region	32979	92614	2.81	0	8
ptg009098l_1	219097	958635	4.38	0	22
ptg009098l_1_region	219097	958635	4.38	0	22
ptg009099l_1	186618	972315	5.21	0	16
ptg009099l_1_region	186618	972315	5.21	0	16
ptg009100l_1	189106	632636	3.35	0	10
ptg009100l_1_region	189106	632636	3.35	0	10
ptg009104l_1	31495	97052	3.08	0	8
ptg009104l_1_region	31495	97052	3.08	0	8
ptg009105l_1	183129	587675	3.21	0	41
ptg009105l_1_region	183129	587675	3.21	0	41
ptg009106l_1	140088	571469	4.08	0	14
ptg009106l_1_region	140088	571469	4.08	0	14
ptg009107l_1	44211	319845	7.23	0	20
ptg009107l_1_region	44211	319845	7.23	0	20
ptg009110l_1	88655	197521	2.23	0	10
ptg009110l_1_region	88655	197521	2.23	0	10
ptg009113l_1	70401	293545	4.17	0	13
ptg009113l_1_region	70401	293545	4.17	0	13
ptg009114l_1	136824	783789	5.73	0	23
ptg009114l_1_region	136824	783789	5.73	0	23
ptg009117l_1	299505	17309885	57.79	0	2221
ptg009117l_1_region	299505	17309885	57.79	0	2221
ptg009124l_1	165276	382641	2.32	0	14
ptg009124l_1_region	165276	382641	2.32	0	14
ptg009125l_1	281289	946604	3.37	0	12
ptg009125l_1_region	281289	946604	3.37	0	12
ptg009126l_1	232582	1041013	4.48	0	14
ptg009126l_1_region	232582	1041013	4.48	0	14
ptg009129l_1	99929	411113	4.11	0	18
ptg009129l_1_region	99929	411113	4.11	0	18
ptg009132l_1	76194	229063	3.01	0	23
ptg009132l_1_region	76194	229063	3.01	0	23
ptg009136l_1	23394	141182	6.03	0	11
ptg009136l_1_region	23394	141182	6.03	0	11
ptg009137l_1	88417	290048	3.28	0	7
ptg009137l_1_region	88417	290048	3.28	0	7
ptg009139l_1	34949	68572	1.96	0	12
ptg009139l_1_region	34949	68572	1.96	0	12
ptg009140l_1	147864	655031	4.43	0	14
ptg009140l_1_region	147864	655031	4.43	0	14
ptg009141l_1	74428	120640	1.62	0	8
ptg009141l_1_region	74428	120640	1.62	0	8
ptg009142l_1	93251	266689	2.86	0	9
ptg009142l_1_region	93251	266689	2.86	0	9
ptg009145l_1	210036	3613721	17.21	0	125
ptg009145l_1_region	210036	3613721	17.21	0	125
ptg009146l_1	325201	525474	1.62	0	13
ptg009146l_1_region	325201	525474	1.62	0	13
ptg009147l_1	243183	37989	0.16	0	10
ptg009147l_1_region	243183	37989	0.16	0	10
ptg009148l_1	144116	8502	0.06	0	2
ptg009148l_1_region	144116	8502	0.06	0	2
ptg009150l_1	392656	531	0.00	0	1
ptg009150l_1_region	392656	531	0.00	0	1
ptg009151l_1	420200	199988	0.48	0	7
ptg009151l_1_region	420200	199988	0.48	0	7
ptg009158l_1	118818	295408	2.49	0	13
ptg009158l_1_region	118818	295408	2.49	0	13
ptg009162l_1	181333	722504	3.98	0	13
ptg009162l_1_region	181333	722504	3.98	0	13
ptg009164l_1	40892	386510	9.45	0	25
ptg009164l_1_region	40892	386510	9.45	0	25
ptg009165l_1	129692	235040	1.81	0	49
ptg009165l_1_region	129692	235040	1.81	0	49
ptg009166l_1	87285	925707	10.61	0	24
ptg009166l_1_region	87285	925707	10.61	0	24
ptg009168l_1	81851	499049	6.10	0	22
ptg009168l_1_region	81851	499049	6.10	0	22
ptg009170l_1	885269	1609501	1.82	0	22
ptg009170l_1_region	885269	1609501	1.82	0	22
ptg009172l_1	136335	452811	3.32	0	9
ptg009172l_1_region	136335	452811	3.32	0	9
ptg009173l_1	431354	211836	0.49	0	11
ptg009173l_1_region	431354	211836	0.49	0	11
ptg009175l_1	135770	863423	6.36	0	15
ptg009175l_1_region	135770	863423	6.36	0	15
ptg009176l_1	211501	733324	3.47	0	16
ptg009176l_1_region	211501	733324	3.47	0	16
ptg009177l_1	43615	125784	2.88	0	11
ptg009177l_1_region	43615	125784	2.88	0	11
ptg009179l_1	107120	398450	3.72	0	15
ptg009179l_1_region	107120	398450	3.72	0	15
ptg009181l_1	116241	489896	4.21	0	12
ptg009181l_1_region	116241	489896	4.21	0	12
ptg009183l_1	68036	328871	4.83	0	13
ptg009183l_1_region	68036	328871	4.83	0	13
ptg009187l_1	165906	786088	4.74	0	16
ptg009187l_1_region	165906	786088	4.74	0	16
ptg009189l_1	102427	512695	5.01	0	16
ptg009189l_1_region	102427	512695	5.01	0	16
ptg009190l_1	220415	1060279	4.81	0	22
ptg009190l_1_region	220415	1060279	4.81	0	22
ptg009191l_1	309857	264717	0.85	0	9
ptg009191l_1_region	309857	264717	0.85	0	9
ptg009194l_1	74326	11536118	155.21	0	1214
ptg009194l_1_region	74326	11536118	155.21	0	1214
ptg009198l_1	567319	2012802	3.55	0	18
ptg009198l_1_region	567319	2012802	3.55	0	18
ptg009200l_1	71527	212732	2.97	0	14
ptg009200l_1_region	71527	212732	2.97	0	14
ptg009203l_1	344945	1167557	3.38	0	11
ptg009203l_1_region	344945	1167557	3.38	0	11
ptg009204l_1	171947	513248	2.98	0	9
ptg009204l_1_region	171947	513248	2.98	0	9
ptg009208l_1	196825	63725	0.32	0	9
ptg009208l_1_region	196825	63725	0.32	0	9
ptg009212l_1	144648	317754	2.20	0	13
ptg009212l_1_region	144648	317754	2.20	0	13
ptg009215l_1	56237	169834	3.02	0	6
ptg009215l_1_region	56237	169834	3.02	0	6
ptg009216l_1	124688	40942	0.33	0	2
ptg009216l_1_region	124688	40942	0.33	0	2
ptg009217l_1	206976	4938	0.02	0	1
ptg009217l_1_region	206976	4938	0.02	0	1
ptg009221l_1	202365	1375303	6.80	0	28
ptg009221l_1_region	202365	1375303	6.80	0	28
ptg009222l_1	16330	5634	0.35	0	1
ptg009222l_1_region	16330	5634	0.35	0	1
ptg009227l_1	32506	52680	1.62	0	10
ptg009227l_1_region	32506	52680	1.62	0	10
ptg009228l_1	60618	252402	4.16	0	22
ptg009228l_1_region	60618	252402	4.16	0	22
ptg009230l_1	89000	402179	4.52	0	14
ptg009230l_1_region	89000	402179	4.52	0	14
ptg009231l_1	69210	199318	2.88	0	9
ptg009231l_1_region	69210	199318	2.88	0	9
ptg009233l_1	128325	344577	2.69	0	7
ptg009233l_1_region	128325	344577	2.69	0	7
ptg009234l_1	119064	1435053	12.05	0	59
ptg009234l_1_region	119064	1435053	12.05	0	59
ptg009235l_1	133909	477734	3.57	0	10
ptg009235l_1_region	133909	477734	3.57	0	10
ptg009237l_1	196036	970603	4.95	0	22
ptg009237l_1_region	196036	970603	4.95	0	22
ptg009239l_1	34721	115669	3.33	0	8
ptg009239l_1_region	34721	115669	3.33	0	8
ptg009241l_1	144030	456417	3.17	0	16
ptg009241l_1_region	144030	456417	3.17	0	16
ptg009243l_1	105341	417720	3.97	0	18
ptg009243l_1_region	105341	417720	3.97	0	18
ptg009244l_1	391221	2024881	5.18	0	32
ptg009244l_1_region	391221	2024881	5.18	0	32
ptg009246l_1	44470	192560	4.33	0	11
ptg009246l_1_region	44470	192560	4.33	0	11
ptg009248l_1	58055	197553	3.40	0	7
ptg009248l_1_region	58055	197553	3.40	0	7
ptg009249l_1	74391	390422	5.25	0	22
ptg009249l_1_region	74391	390422	5.25	0	22
ptg009250l_1	58987	239383	4.06	0	8
ptg009250l_1_region	58987	239383	4.06	0	8
ptg009252l_1	383966	1517267	3.95	0	13
ptg009252l_1_region	383966	1517267	3.95	0	13
ptg009253l_1	175921	1978504	11.25	0	45
ptg009253l_1_region	175921	1978504	11.25	0	45
ptg009254l_1	144274	141451	0.98	0	7
ptg009254l_1_region	144274	141451	0.98	0	7
ptg009255l_1	143713	399433	2.78	0	8
ptg009255l_1_region	143713	399433	2.78	0	8
ptg009258l_1	159544	407005	2.55	0	18
ptg009258l_1_region	159544	407005	2.55	0	18
ptg009259l_1	137032	399182	2.91	0	10
ptg009259l_1_region	137032	399182	2.91	0	10
ptg009261l_1	29469	53360	1.81	0	6
ptg009261l_1_region	29469	53360	1.81	0	6
ptg009263l_1	123150	829040	6.73	0	51
ptg009263l_1_region	123150	829040	6.73	0	51
ptg009265l_1	173787	224120	1.29	0	11
ptg009265l_1_region	173787	224120	1.29	0	11
ptg009266l_1	184892	3733	0.02	0	1
ptg009266l_1_region	184892	3733	0.02	0	1
ptg009267l_1	369032	103579	0.28	0	7
ptg009267l_1_region	369032	103579	0.28	0	7
ptg009269l_1	110998	14128	0.13	0	1
ptg009269l_1_region	110998	14128	0.13	0	1
ptg009270l_1	308915	88651	0.29	0	2
ptg009270l_1_region	308915	88651	0.29	0	2
ptg009272l_1	1525573	2906502	1.91	0	19
ptg009272l_1_region	1525573	2906502	1.91	0	19
ptg009275l_1	231480	379176	1.64	0	14
ptg009275l_1_region	231480	379176	1.64	0	14
ptg009278l_1	295029	196576	0.67	0	6
ptg009278l_1_region	295029	196576	0.67	0	6
ptg009281l_1	105069	493374	4.70	0	22
ptg009281l_1_region	105069	493374	4.70	0	22
ptg009286l_1	170320	610749	3.59	0	23
ptg009286l_1_region	170320	610749	3.59	0	23
ptg009292l_1	61188	320069	5.23	0	12
ptg009292l_1_region	61188	320069	5.23	0	12
ptg009295l_1	294846	1159569	3.93	0	21
ptg009295l_1_region	294846	1159569	3.93	0	21
ptg009297l_1	233592	795177	3.40	0	14
ptg009297l_1_region	233592	795177	3.40	0	14
ptg009300l_1	126792	56374	0.44	0	5
ptg009300l_1_region	126792	56374	0.44	0	5
ptg009302l_1	177473	680353	3.83	0	21
ptg009302l_1_region	177473	680353	3.83	0	21
ptg009303l_1	390900	4322550	11.06	0	71
ptg009303l_1_region	390900	4322550	11.06	0	71
ptg009305l_1	46437	142484	3.07	0	11
ptg009305l_1_region	46437	142484	3.07	0	11
ptg009306l_1	42772	97635	2.28	0	6
ptg009306l_1_region	42772	97635	2.28	0	6
ptg009307l_1	136016	621467	4.57	0	10
ptg009307l_1_region	136016	621467	4.57	0	10
ptg009312l_1	182195	529253	2.90	0	9
ptg009312l_1_region	182195	529253	2.90	0	9
ptg009313l_1	80285	743731	9.26	0	28
ptg009313l_1_region	80285	743731	9.26	0	28
ptg009314l_1	44979	173874	3.87	0	9
ptg009314l_1_region	44979	173874	3.87	0	9
ptg009315l_1	185331	612251	3.30	0	16
ptg009315l_1_region	185331	612251	3.30	0	16
ptg009321l_1	15631	115429	7.38	1	16
ptg009321l_1_region	15631	115429	7.38	1	16
ptg009324l_1	53106	215490	4.06	0	12
ptg009324l_1_region	53106	215490	4.06	0	12
ptg009325l_1	107291	146538	1.37	0	16
ptg009325l_1_region	107291	146538	1.37	0	16
ptg009326l_1	192641	782466	4.06	0	11
ptg009326l_1_region	192641	782466	4.06	0	11
ptg009329l_1	29876	185659	6.21	0	13
ptg009329l_1_region	29876	185659	6.21	0	13
ptg009330l_1	96738	69870	0.72	0	8
ptg009330l_1_region	96738	69870	0.72	0	8
ptg009331l_1	21949	19197	0.87	0	2
ptg009331l_1_region	21949	19197	0.87	0	2
ptg009332l_1	108349	409720	3.78	0	13
ptg009332l_1_region	108349	409720	3.78	0	13
ptg009336l_1	150573	612725	4.07	0	17
ptg009336l_1_region	150573	612725	4.07	0	17
ptg009338l_1	189617	429648	2.27	0	11
ptg009338l_1_region	189617	429648	2.27	0	11
ptg009340l_1	67347	282476	4.19	0	14
ptg009340l_1_region	67347	282476	4.19	0	14
ptg009341l_1	43668	128184	2.94	0	6
ptg009341l_1_region	43668	128184	2.94	0	6
ptg009344l_1	17487	10723	0.61	0	4
ptg009344l_1_region	17487	10723	0.61	0	4
ptg009345l_1	79648	285612	3.59	0	12
ptg009345l_1_region	79648	285612	3.59	0	12
ptg009346l_1	34833	147036	4.22	0	11
ptg009346l_1_region	34833	147036	4.22	0	11
ptg009348l_1	29473	95847	3.25	0	8
ptg009348l_1_region	29473	95847	3.25	0	8
ptg009349l_1	65579	137024	2.09	0	9
ptg009349l_1_region	65579	137024	2.09	0	9
ptg009350l_1	42651	34168	0.80	0	12
ptg009350l_1_region	42651	34168	0.80	0	12
ptg009353l_1	96300	806398	8.37	0	30
ptg009353l_1_region	96300	806398	8.37	0	30
ptg009354l_1	239794	1003538	4.19	0	12
ptg009354l_1_region	239794	1003538	4.19	0	12
ptg009355l_1	131716	482779	3.67	0	20
ptg009355l_1_region	131716	482779	3.67	0	20
ptg009360l_1	625544	2036236	3.26	0	58
ptg009360l_1_region	625544	2036236	3.26	0	58
ptg009362l_1	106643	36889	0.35	0	2
ptg009362l_1_region	106643	36889	0.35	0	2
ptg009371l_1	158159	594196	3.76	0	9
ptg009371l_1_region	158159	594196	3.76	0	9
ptg009373l_1	114717	350447	3.05	0	14
ptg009373l_1_region	114717	350447	3.05	0	14
ptg009374l_1	216794	1090465	5.03	0	43
ptg009374l_1_region	216794	1090465	5.03	0	43
ptg009376l_1	124110	512557	4.13	0	11
ptg009376l_1_region	124110	512557	4.13	0	11
ptg009377l_1	121204	570109	4.70	0	19
ptg009377l_1_region	121204	570109	4.70	0	19
ptg009383l_1	105677	471851	4.47	0	11
ptg009383l_1_region	105677	471851	4.47	0	11
ptg009387l_1	123260	977565	7.93	0	18
ptg009387l_1_region	123260	977565	7.93	0	18
ptg009388l_1	191881	672198	3.50	0	20
ptg009388l_1_region	191881	672198	3.50	0	20
ptg009389l_1	16976	31853	1.88	0	8
ptg009389l_1_region	16976	31853	1.88	0	8
ptg009391l_1	244368	140104	0.57	0	9
ptg009391l_1_region	244368	140104	0.57	0	9
ptg009392l_1	137168	521725	3.80	0	23
ptg009392l_1_region	137168	521725	3.80	0	23
ptg009393l_1	298986	2592252	8.67	0	31
ptg009393l_1_region	298986	2592252	8.67	0	31
ptg009394l_1	18375	24369	1.33	0	3
ptg009394l_1_region	18375	24369	1.33	0	3
ptg009396l_1	117762	496800	4.22	0	16
ptg009396l_1_region	117762	496800	4.22	0	16
ptg009399l_1	103898	283298	2.73	0	15
ptg009399l_1_region	103898	283298	2.73	0	15
ptg009400l_1	1565772	921866	0.59	0	17
ptg009400l_1_region	1565772	921866	0.59	0	17
ptg009401l_1	309420	1073019	3.47	0	15
ptg009401l_1_region	309420	1073019	3.47	0	15
ptg009402l_1	133108	469843	3.53	0	16
ptg009402l_1_region	133108	469843	3.53	0	16
ptg009404l_1	72020	1192332	16.56	0	39
ptg009404l_1_region	72020	1192332	16.56	0	39
ptg009406l_1	40783	151182	3.71	0	9
ptg009406l_1_region	40783	151182	3.71	0	9
ptg009408l_1	63569	36817	0.58	0	2
ptg009408l_1_region	63569	36817	0.58	0	2
ptg009411l_1	83890	78318	0.93	0	5
ptg009411l_1_region	83890	78318	0.93	0	5
ptg009412l_1	299993	244901	0.82	0	8
ptg009412l_1_region	299993	244901	0.82	0	8
ptg009415l_1	31084	192204	6.18	0	12
ptg009415l_1_region	31084	192204	6.18	0	12
ptg009416l_1	151162	727061	4.81	0	41
ptg009416l_1_region	151162	727061	4.81	0	41
ptg009418l_1	22395	116438	5.20	0	10
ptg009418l_1_region	22395	116438	5.20	0	10
ptg009419l_1	263045	793017	3.01	0	14
ptg009419l_1_region	263045	793017	3.01	0	14
ptg009420l_1	255259	120452	0.47	0	6
ptg009420l_1_region	255259	120452	0.47	0	6
ptg009422l_1	93584	347125	3.71	0	10
ptg009422l_1_region	93584	347125	3.71	0	10
ptg009426l_1	28090	113240	4.03	0	11
ptg009426l_1_region	28090	113240	4.03	0	11
ptg009427l_1	67731	188567	2.78	0	8
ptg009427l_1_region	67731	188567	2.78	0	8
ptg009430l_1	301849	28257	0.09	0	2
ptg009430l_1_region	301849	28257	0.09	0	2
ptg009432l_1	191413	12987	0.07	0	2
ptg009432l_1_region	191413	12987	0.07	0	2
ptg009433l_1	204324	194393	0.95	0	11
ptg009433l_1_region	204324	194393	0.95	0	11
ptg009435l_1	194739	622986	3.20	0	15
ptg009435l_1_region	194739	622986	3.20	0	15
ptg009436l_1	219623	1076793	4.90	0	18
ptg009436l_1_region	219623	1076793	4.90	0	18
ptg009437l_1	18677	108370	5.80	0	88
ptg009437l_1_region	18677	108370	5.80	0	88
ptg009438l_1	14351	192720	13.43	2	25
ptg009438l_1_region	14351	192720	13.43	2	25
ptg009440l_1	61019	154119	2.53	0	6
ptg009440l_1_region	61019	154119	2.53	0	6
ptg009441l_1	141891	690884	4.87	0	14
ptg009441l_1_region	141891	690884	4.87	0	14
ptg009442l_1	270182	1342835	4.97	0	16
ptg009442l_1_region	270182	1342835	4.97	0	16
ptg009443l_1	27610	103314	3.74	0	17
ptg009443l_1_region	27610	103314	3.74	0	17
ptg009444l_1	214838	1282320	5.97	0	15
ptg009444l_1_region	214838	1282320	5.97	0	15
ptg009445l_1	140409	533307	3.80	0	10
ptg009445l_1_region	140409	533307	3.80	0	10
ptg009446l_1	20941	70471	3.37	0	11
ptg009446l_1_region	20941	70471	3.37	0	11
ptg009447l_1	57881	318374	5.50	0	25
ptg009447l_1_region	57881	318374	5.50	0	25
ptg009449l_1	116817	1241967	10.63	1	25
ptg009449l_1_region	116817	1241967	10.63	1	25
ptg009452l_1	150809	659723	4.37	0	14
ptg009452l_1_region	150809	659723	4.37	0	14
ptg009453l_1	963443	32862	0.03	0	1
ptg009453l_1_region	963443	32862	0.03	0	1
ptg009455l_1	71524	130385	1.82	0	9
ptg009455l_1_region	71524	130385	1.82	0	9
ptg009458l_1	172808	776921	4.50	0	16
ptg009458l_1_region	172808	776921	4.50	0	16
ptg009460l_1	86394	395372	4.58	0	42
ptg009460l_1_region	86394	395372	4.58	0	42
ptg009461l_1	148833	1419604	9.54	0	28
ptg009461l_1_region	148833	1419604	9.54	0	28
ptg009463l_1	254200	1204225	4.74	0	10
ptg009463l_1_region	254200	1204225	4.74	0	10
ptg009464l_1	124790	554743	4.45	0	13
ptg009464l_1_region	124790	554743	4.45	0	13
ptg009468l_1	99034	17908	0.18	0	1
ptg009468l_1_region	99034	17908	0.18	0	1
ptg009472l_1	179733	1277192	7.11	0	20
ptg009472l_1_region	179733	1277192	7.11	0	20
ptg009473l_1	171144	292764	1.71	0	14
ptg009473l_1_region	171144	292764	1.71	0	14
ptg009475l_1	276080	1206774	4.37	0	13
ptg009475l_1_region	276080	1206774	4.37	0	13
ptg009478l_1	173433	531178	3.06	0	17
ptg009478l_1_region	173433	531178	3.06	0	17
ptg009479l_1	138925	684875	4.93	0	14
ptg009479l_1_region	138925	684875	4.93	0	14
ptg009484l_1	136011	1484927	10.92	0	41
ptg009484l_1_region	136011	1484927	10.92	0	41
ptg009485l_1	174555	780123	4.47	0	28
ptg009485l_1_region	174555	780123	4.47	0	28
ptg009486l_1	69188	403612	5.83	0	18
ptg009486l_1_region	69188	403612	5.83	0	18
ptg009487l_1	218107	893666	4.10	0	12
ptg009487l_1_region	218107	893666	4.10	0	12
ptg009488l_1	97779	460623	4.71	0	14
ptg009488l_1_region	97779	460623	4.71	0	14
ptg009490l_1	198976	783211	3.94	0	11
ptg009490l_1_region	198976	783211	3.94	0	11
ptg009491l_1	15824	19757	1.25	0	4
ptg009491l_1_region	15824	19757	1.25	0	4
ptg009492l_1	123258	649606	5.27	0	22
ptg009492l_1_region	123258	649606	5.27	0	22
ptg009494l_1	173651	717101	4.13	0	34
ptg009494l_1_region	173651	717101	4.13	0	34
ptg009495l_1	215029	1092691	5.08	0	18
ptg009495l_1_region	215029	1092691	5.08	0	18
ptg009497l_1	34173	211417	6.19	0	48
ptg009497l_1_region	34173	211417	6.19	0	48
ptg009498l_1	52756	319735	6.06	0	13
ptg009498l_1_region	52756	319735	6.06	0	13
ptg009500l_1	25525	68439	2.68	0	6
ptg009500l_1_region	25525	68439	2.68	0	6
ptg009503l_1	40799	114179	2.80	0	9
ptg009503l_1_region	40799	114179	2.80	0	9
ptg009505l_1	101438	565533	5.58	0	19
ptg009505l_1_region	101438	565533	5.58	0	19
ptg009506l_1	68872	280360	4.07	0	15
ptg009506l_1_region	68872	280360	4.07	0	15
ptg009507l_1	19837	41620	2.10	0	8
ptg009507l_1_region	19837	41620	2.10	0	8
ptg009515l_1	16294	11783	0.72	0	2
ptg009515l_1_region	16294	11783	0.72	0	2
ptg009520l_1	117594	429925	3.66	0	17
ptg009520l_1_region	117594	429925	3.66	0	17
ptg009522l_1	304769	1077991	3.54	0	15
ptg009522l_1_region	304769	1077991	3.54	0	15
ptg009524l_1	203984	904616	4.43	0	14
ptg009524l_1_region	203984	904616	4.43	0	14
ptg009525l_1	108816	782085	7.19	0	21
ptg009525l_1_region	108816	782085	7.19	0	21
ptg009526l_1	57770	89553	1.55	0	7
ptg009526l_1_region	57770	89553	1.55	0	7
ptg009529l_1	89556	501391	5.60	0	15
ptg009529l_1_region	89556	501391	5.60	0	15
ptg009533l_1	40598	364686	8.98	0	47
ptg009533l_1_region	40598	364686	8.98	0	47
ptg009535l_1	84221	205722	2.44	0	7
ptg009535l_1_region	84221	205722	2.44	0	7
ptg009538l_1	24943	72035	2.89	1	6
ptg009538l_1_region	24943	72035	2.89	1	6
ptg009539l_1	220344	782970	3.55	0	9
ptg009539l_1_region	220344	782970	3.55	0	9
ptg009540l_1	82368	440746	5.35	0	15
ptg009540l_1_region	82368	440746	5.35	0	15
ptg009545l_1	148896	212811	1.43	0	13
ptg009545l_1_region	148896	212811	1.43	0	13
ptg009548l_1	98582	387079	3.93	0	9
ptg009548l_1_region	98582	387079	3.93	0	9
ptg009550l_1	56002	23351	0.42	0	2
ptg009550l_1_region	56002	23351	0.42	0	2
ptg009551l_1	30260	78978	2.61	0	7
ptg009551l_1_region	30260	78978	2.61	0	7
ptg009553l_1	45199	56461	1.25	0	6
ptg009553l_1_region	45199	56461	1.25	0	6
ptg009556l_1	30727	153975	5.01	0	16
ptg009556l_1_region	30727	153975	5.01	0	16
ptg009558l_1	31180	38759	1.24	0	5
ptg009558l_1_region	31180	38759	1.24	0	5
ptg009559l_1	30859	172512	5.59	0	10
ptg009559l_1_region	30859	172512	5.59	0	10
ptg009560l_1	126324	655791	5.19	0	13
ptg009560l_1_region	126324	655791	5.19	0	13
ptg009561l_1	33271	540902	16.26	0	52
ptg009561l_1_region	33271	540902	16.26	0	52
ptg009564l_1	292636	1784867	6.10	0	97
ptg009564l_1_region	292636	1784867	6.10	0	97
ptg009565l_1	17358	54607	3.15	0	6
ptg009565l_1_region	17358	54607	3.15	0	6
ptg009566l_1	152176	705025	4.63	0	13
ptg009566l_1_region	152176	705025	4.63	0	13
ptg009567l_1	256991	1427118	5.55	0	21
ptg009567l_1_region	256991	1427118	5.55	0	21
ptg009569l_1	215360	648857	3.01	0	11
ptg009569l_1_region	215360	648857	3.01	0	11
ptg009570l_1	56360	197891	3.51	0	10
ptg009570l_1_region	56360	197891	3.51	0	10
ptg009571l_1	484519	2988139	6.17	0	26
ptg009571l_1_region	484519	2988139	6.17	0	26
ptg009572l_1	83322	180718	2.17	0	9
ptg009572l_1_region	83322	180718	2.17	0	9
ptg009574l_1	259051	1449903	5.60	0	16
ptg009574l_1_region	259051	1449903	5.60	0	16
ptg009575l_1	109576	532096	4.86	0	11
ptg009575l_1_region	109576	532096	4.86	0	11
ptg009579l_1	128792	496632	3.86	0	12
ptg009579l_1_region	128792	496632	3.86	0	12
ptg009580l_1	191834	6202462	32.33	0	198
ptg009580l_1_region	191834	6202462	32.33	0	198
ptg009584l_1	166753	764708	4.59	0	20
ptg009584l_1_region	166753	764708	4.59	0	20
ptg009586l_1	24287	95582	3.94	0	9
ptg009586l_1_region	24287	95582	3.94	0	9
ptg009588l_1	72135	132714	1.84	0	8
ptg009588l_1_region	72135	132714	1.84	0	8
ptg009591l_1	21428	32118	1.50	0	4
ptg009591l_1_region	21428	32118	1.50	0	4
ptg009597l_1	30811	58489	1.90	0	11
ptg009597l_1_region	30811	58489	1.90	0	11
ptg009599l_1	70746	662627	9.37	0	23
ptg009599l_1_region	70746	662627	9.37	0	23
ptg009600l_1	55700	195426	3.51	0	11
ptg009600l_1_region	55700	195426	3.51	0	11
ptg009601l_1	84850	232198	2.74	0	13
ptg009601l_1_region	84850	232198	2.74	0	13
ptg009602l_1	114791	360865	3.14	0	18
ptg009602l_1_region	114791	360865	3.14	0	18
ptg009603l_1	41201	86838	2.11	0	9
ptg009603l_1_region	41201	86838	2.11	0	9
ptg009605l_1	86666	295723	3.41	0	10
ptg009605l_1_region	86666	295723	3.41	0	10
ptg009606l_1	254672	1066982	4.19	0	26
ptg009606l_1_region	254672	1066982	4.19	0	26
ptg009607l_1	98288	232507	2.37	0	36
ptg009607l_1_region	98288	232507	2.37	0	36
ptg009608l_1	256221	1146618	4.48	0	16
ptg009608l_1_region	256221	1146618	4.48	0	16
ptg009609l_1	38328	172247	4.49	0	26
ptg009609l_1_region	38328	172247	4.49	0	26
ptg009611l_1	331662	2305481	6.95	0	40
ptg009611l_1_region	331662	2305481	6.95	0	40
ptg009612l_1	63360	190781	3.01	0	14
ptg009612l_1_region	63360	190781	3.01	0	14
ptg009614l_1	99341	317968	3.20	0	10
ptg009614l_1_region	99341	317968	3.20	0	10
ptg009621l_1	153206	597641	3.90	0	13
ptg009621l_1_region	153206	597641	3.90	0	13
ptg009622l_1	12920	28169	2.18	0	5
ptg009622l_1_region	12920	28169	2.18	0	5
ptg009623l_1	88765	265139	2.99	0	11
ptg009623l_1_region	88765	265139	2.99	0	11
ptg009625l_1	29819	115957	3.89	0	9
ptg009625l_1_region	29819	115957	3.89	0	9
ptg009626l_1	45292	124835	2.76	0	13
ptg009626l_1_region	45292	124835	2.76	0	13
ptg009628l_1	114754	366528	3.19	0	17
ptg009628l_1_region	114754	366528	3.19	0	17
ptg009629l_1	312931	1851640	5.92	0	28
ptg009629l_1_region	312931	1851640	5.92	0	28
ptg009631l_1	56677	121928	2.15	0	8
ptg009631l_1_region	56677	121928	2.15	0	8
ptg009634l_1	62730	138017	2.20	0	6
ptg009634l_1_region	62730	138017	2.20	0	6
ptg009635l_1	120895	806163	6.67	0	21
ptg009635l_1_region	120895	806163	6.67	0	21
ptg009636l_1	82579	239502	2.90	0	11
ptg009636l_1_region	82579	239502	2.90	0	11
ptg009638l_1	45607	296612	6.50	0	96
ptg009638l_1_region	45607	296612	6.50	0	96
ptg009640l_1	91054	510455	5.61	0	12
ptg009640l_1_region	91054	510455	5.61	0	12
ptg009642l_1	87576	635679	7.26	0	78
ptg009642l_1_region	87576	635679	7.26	0	78
ptg009643l_1	96788	413669	4.27	0	12
ptg009643l_1_region	96788	413669	4.27	0	12
ptg009646l_1	496768	3487023	7.02	0	46
ptg009646l_1_region	496768	3487023	7.02	0	46
ptg009648l_1	15106	76323	5.05	0	11
ptg009648l_1_region	15106	76323	5.05	0	11
ptg009649l_1	266603	911892	3.42	0	13
ptg009649l_1_region	266603	911892	3.42	0	13
ptg009651l_1	95465	1229105	12.87	0	36
ptg009651l_1_region	95465	1229105	12.87	0	36
ptg009652l_1	214298	962176	4.49	0	14
ptg009652l_1_region	214298	962176	4.49	0	14
ptg009654l_1	336616	784293	2.33	0	14
ptg009654l_1_region	336616	784293	2.33	0	14
ptg009656l_1	20268	32553	1.61	0	4
ptg009656l_1_region	20268	32553	1.61	0	4
ptg009658l_1	34496	146261	4.24	0	17
ptg009658l_1_region	34496	146261	4.24	0	17
ptg009662l_1	38555	135125	3.50	0	11
ptg009662l_1_region	38555	135125	3.50	0	11
ptg009663l_1	172398	967202	5.61	0	20
ptg009663l_1_region	172398	967202	5.61	0	20
ptg009666l_1	6390	16688	2.61	0	5
ptg009666l_1_region	6390	16688	2.61	0	5
ptg009668l_1	54555	293379	5.38	0	15
ptg009668l_1_region	54555	293379	5.38	0	15
ptg009669l_1	86070	288750	3.35	0	9
ptg009669l_1_region	86070	288750	3.35	0	9
ptg009671l_1	250667	839322	3.35	0	18
ptg009671l_1_region	250667	839322	3.35	0	18
ptg009673l_1	69961	432367	6.18	0	32
ptg009673l_1_region	69961	432367	6.18	0	32
ptg009674l_1	11198	38462	3.43	0	18
ptg009674l_1_region	11198	38462	3.43	0	18
ptg009677l_1	68280	222462	3.26	0	12
ptg009677l_1_region	68280	222462	3.26	0	12
ptg009679l_1	34728	92891	2.67	0	7
ptg009679l_1_region	34728	92891	2.67	0	7
ptg009681l_1	231191	345968	1.50	0	10
ptg009681l_1_region	231191	345968	1.50	0	10
ptg009682l_1	25034	83985	3.35	0	14
ptg009682l_1_region	25034	83985	3.35	0	14
ptg009683l_1	143153	271707	1.90	0	15
ptg009683l_1_region	143153	271707	1.90	0	15
ptg009685l_1	155216	716164	4.61	0	15
ptg009685l_1_region	155216	716164	4.61	0	15
ptg009686l_1	57126	180101	3.15	0	9
ptg009686l_1_region	57126	180101	3.15	0	9
ptg009687l_1	105762	470640	4.45	0	15
ptg009687l_1_region	105762	470640	4.45	0	15
ptg009688l_1	37319	249648	6.69	0	20
ptg009688l_1_region	37319	249648	6.69	0	20
ptg009689l_1	47027	340630	7.24	0	20
ptg009689l_1_region	47027	340630	7.24	0	20
ptg009690l_1	225266	471881	2.09	0	53
ptg009690l_1_region	225266	471881	2.09	0	53
ptg009691l_1	64461	412185	6.39	0	84
ptg009691l_1_region	64461	412185	6.39	0	84
ptg009692l_1	115919	212352	1.83	0	8
ptg009692l_1_region	115919	212352	1.83	0	8
ptg009694l_1	107333	393367	3.66	0	10
ptg009694l_1_region	107333	393367	3.66	0	10
ptg009697l_1	60519	458652	7.58	0	46
ptg009697l_1_region	60519	458652	7.58	0	46
ptg009698l_1	335112	1771489	5.29	0	26
ptg009698l_1_region	335112	1771489	5.29	0	26
ptg009700l_1	164376	593699	3.61	0	9
ptg009700l_1_region	164376	593699	3.61	0	9
ptg009701l_1	28779	208600	7.25	0	15
ptg009701l_1_region	28779	208600	7.25	0	15
ptg009703l_1	55982	121330	2.17	0	13
ptg009703l_1_region	55982	121330	2.17	0	13
ptg009705l_1	258991	335333	1.29	0	6
ptg009705l_1_region	258991	335333	1.29	0	6
ptg009706l_1	57961	216076	3.73	0	12
ptg009706l_1_region	57961	216076	3.73	0	12
ptg009707l_1	72182	336133	4.66	0	11
ptg009707l_1_region	72182	336133	4.66	0	11
ptg009711l_1	61415	339463	5.53	0	24
ptg009711l_1_region	61415	339463	5.53	0	24
ptg009714l_1	140578	638723	4.54	0	17
ptg009714l_1_region	140578	638723	4.54	0	17
ptg009716l_1	43679	186967	4.28	0	18
ptg009716l_1_region	43679	186967	4.28	0	18
ptg009717l_1	223201	158814	0.71	0	5
ptg009717l_1_region	223201	158814	0.71	0	5
ptg009718l_1	168051	654607	3.90	0	18
ptg009718l_1_region	168051	654607	3.90	0	18
ptg009721l_1	103975	2340280	22.51	0	73
ptg009721l_1_region	103975	2340280	22.51	0	73
ptg009722l_1	48418	88055	1.82	0	9
ptg009722l_1_region	48418	88055	1.82	0	9
ptg009724l_1	187058	1323243	7.07	0	88
ptg009724l_1_region	187058	1323243	7.07	0	88
ptg009726l_1	109658	956892	8.73	0	27
ptg009726l_1_region	109658	956892	8.73	0	27
ptg009728l_1	145377	367150	2.53	0	11
ptg009728l_1_region	145377	367150	2.53	0	11
ptg009731l_1	76718	262956	3.43	0	11
ptg009731l_1_region	76718	262956	3.43	0	11
ptg009732l_1	216654	599533	2.77	0	11
ptg009732l_1_region	216654	599533	2.77	0	11
ptg009733l_1	229825	1130267	4.92	0	17
ptg009733l_1_region	229825	1130267	4.92	0	17
ptg009737l_1	417044	1990502	4.77	0	45
ptg009737l_1_region	417044	1990502	4.77	0	45
ptg009739l_1	152362	1256788	8.25	0	26
ptg009739l_1_region	152362	1256788	8.25	0	26
ptg009740l_1	69516	498671	7.17	0	19
ptg009740l_1_region	69516	498671	7.17	0	19
ptg009741l_1	114046	414769	3.64	0	13
ptg009741l_1_region	114046	414769	3.64	0	13
ptg009743l_1	263583	967496	3.67	0	12
ptg009743l_1_region	263583	967496	3.67	0	12
ptg009744l_1	221834	1624428	7.32	0	18
ptg009744l_1_region	221834	1624428	7.32	0	18
ptg009747l_1	88858	458183	5.16	0	14
ptg009747l_1_region	88858	458183	5.16	0	14
ptg009750l_1	191605	1026498	5.36	0	30
ptg009750l_1_region	191605	1026498	5.36	0	30
ptg009751l_1	88783	140001	1.58	0	18
ptg009751l_1_region	88783	140001	1.58	0	18
ptg009754l_1	470716	3459041	7.35	0	47
ptg009754l_1_region	470716	3459041	7.35	0	47
ptg009755l_1	71027	76009	1.07	0	8
ptg009755l_1_region	71027	76009	1.07	0	8
ptg009757l_1	225693	1470260	6.51	0	17
ptg009757l_1_region	225693	1470260	6.51	0	17
ptg009758l_1	13167	56814	4.31	1	7
ptg009758l_1_region	13167	56814	4.31	1	7
ptg009759l_1	76703	503573	6.57	0	30
ptg009759l_1_region	76703	503573	6.57	0	30
ptg009760l_1	178794	916121	5.12	0	24
ptg009760l_1_region	178794	916121	5.12	0	24
ptg009762l_1	110278	375692	3.41	0	15
ptg009762l_1_region	110278	375692	3.41	0	15
ptg009767l_1	78862	217626	2.76	0	15
ptg009767l_1_region	78862	217626	2.76	0	15
ptg009768l_1	238243	616200	2.59	0	10
ptg009768l_1_region	238243	616200	2.59	0	10
ptg009770l_1	294964	1332827	4.52	0	19
ptg009770l_1_region	294964	1332827	4.52	0	19
ptg009773l_1	192761	572594	2.97	0	10
ptg009773l_1_region	192761	572594	2.97	0	10
ptg009774l_1	208658	1887862	9.05	0	25
ptg009774l_1_region	208658	1887862	9.05	0	25
ptg009775l_1	92970	334655	3.60	0	16
ptg009775l_1_region	92970	334655	3.60	0	16
ptg009778l_1	71964	130658	1.82	0	5
ptg009778l_1_region	71964	130658	1.82	0	5
ptg009784l_1	18693	99517	5.32	0	12
ptg009784l_1_region	18693	99517	5.32	0	12
ptg009785l_1	16939	69577	4.11	0	8
ptg009785l_1_region	16939	69577	4.11	0	8
ptg009786l_1	112820	422085	3.74	0	14
ptg009786l_1_region	112820	422085	3.74	0	14
ptg009787l_1	98847	552557	5.59	0	22
ptg009787l_1_region	98847	552557	5.59	0	22
ptg009790l_1	111331	692067	6.22	0	15
ptg009790l_1_region	111331	692067	6.22	0	15
ptg009793l_1	151868	474514	3.12	0	37
ptg009793l_1_region	151868	474514	3.12	0	37
ptg009796l_1	74250	1191563	16.05	1	47
ptg009796l_1_region	74250	1191563	16.05	1	47
ptg009797l_1	360794	2056628	5.70	0	43
ptg009797l_1_region	360794	2056628	5.70	0	43
ptg009799l_1	38780	254828	6.57	0	15
ptg009799l_1_region	38780	254828	6.57	0	15
ptg009800l_1	32327	175203	5.42	0	15
ptg009800l_1_region	32327	175203	5.42	0	15
ptg009802l_1	331975	2270244	6.84	0	53
ptg009802l_1_region	331975	2270244	6.84	0	53
ptg009803l_1	68587	71101	1.04	0	4
ptg009803l_1_region	68587	71101	1.04	0	4
ptg009804l_1	68888	197010	2.86	0	9
ptg009804l_1_region	68888	197010	2.86	0	9
ptg009806l_1	239257	1351978	5.65	0	18
ptg009806l_1_region	239257	1351978	5.65	0	18
ptg009807l_1	19620	53747	2.74	0	5
ptg009807l_1_region	19620	53747	2.74	0	5
ptg009810l_1	75053	286340	3.82	0	13
ptg009810l_1_region	75053	286340	3.82	0	13
ptg009813l_1	503636	301005	0.60	0	10
ptg009813l_1_region	503636	301005	0.60	0	10
ptg009814l_1	147695	637859	4.32	0	108
ptg009814l_1_region	147695	637859	4.32	0	108
ptg009815l_1	112085	838969	7.49	0	22
ptg009815l_1_region	112085	838969	7.49	0	22
ptg009816l_1	105713	544746	5.15	0	12
ptg009816l_1_region	105713	544746	5.15	0	12
ptg009823l_1	28708	53864	1.88	0	4
ptg009823l_1_region	28708	53864	1.88	0	4
ptg009825l_1	83881	419360	5.00	0	15
ptg009825l_1_region	83881	419360	5.00	0	15
ptg009827l_1	134739	551569	4.09	0	23
ptg009827l_1_region	134739	551569	4.09	0	23
ptg009828l_1	31948	231307	7.24	0	34
ptg009828l_1_region	31948	231307	7.24	0	34
ptg009829l_1	285673	26029	0.09	0	2
ptg009829l_1_region	285673	26029	0.09	0	2
ptg009830l_1	29103	114774	3.94	0	22
ptg009830l_1_region	29103	114774	3.94	0	22
ptg009831l_1	229922	288349	1.25	0	13
ptg009831l_1_region	229922	288349	1.25	0	13
ptg009832l_1	213219	14055	0.07	0	2
ptg009832l_1_region	213219	14055	0.07	0	2
ptg009834l_1	141413	22240	0.16	0	2
ptg009834l_1_region	141413	22240	0.16	0	2
ptg009835l_1	67440	17240	0.26	0	2
ptg009835l_1_region	67440	17240	0.26	0	2
ptg009836l_1	159050	21749	0.14	0	1
ptg009836l_1_region	159050	21749	0.14	0	1
ptg009838l_1	61629	217933	3.54	0	16
ptg009838l_1_region	61629	217933	3.54	0	16
ptg009839l_1	41020	46094	1.12	0	6
ptg009839l_1_region	41020	46094	1.12	0	6
ptg009841l_1	46297	300634	6.49	0	14
ptg009841l_1_region	46297	300634	6.49	0	14
ptg009847l_1	303536	1520893	5.01	0	16
ptg009847l_1_region	303536	1520893	5.01	0	16
ptg009852l_1	213350	849711	3.98	0	13
ptg009852l_1_region	213350	849711	3.98	0	13
ptg009853l_1	44494	153317	3.45	0	14
ptg009853l_1_region	44494	153317	3.45	0	14
ptg009854l_1	111135	370869	3.34	0	10
ptg009854l_1_region	111135	370869	3.34	0	10
ptg009857l_1	92287	509856	5.52	0	13
ptg009857l_1_region	92287	509856	5.52	0	13
ptg009858l_1	213468	814397	3.82	0	16
ptg009858l_1_region	213468	814397	3.82	0	16
ptg009859l_1	39132	97551	2.49	0	21
ptg009859l_1_region	39132	97551	2.49	0	21
ptg009862l_1	49460	413936	8.37	0	29
ptg009862l_1_region	49460	413936	8.37	0	29
ptg009864l_1	109059	422802	3.88	0	20
ptg009864l_1_region	109059	422802	3.88	0	20
ptg009865l_1	25392	66970	2.64	0	4
ptg009865l_1_region	25392	66970	2.64	0	4
ptg009867l_1	46040	188205	4.09	0	14
ptg009867l_1_region	46040	188205	4.09	0	14
ptg009870l_1	90939	269037	2.96	0	10
ptg009870l_1_region	90939	269037	2.96	0	10
ptg009871l_1	97100	547795	5.64	0	34
ptg009871l_1_region	97100	547795	5.64	0	34
ptg009872l_1	136584	533361	3.91	0	11
ptg009872l_1_region	136584	533361	3.91	0	11
ptg009874l_1	74272	216819	2.92	0	16
ptg009874l_1_region	74272	216819	2.92	0	16
ptg009877l_1	59425	132202	2.22	0	7
ptg009877l_1_region	59425	132202	2.22	0	7
ptg009881l_1	83892	4773	0.06	0	1
ptg009881l_1_region	83892	4773	0.06	0	1
ptg009885l_1	77499	250532	3.23	0	7
ptg009885l_1_region	77499	250532	3.23	0	7
ptg009886l_1	72545	146059	2.01	0	7
ptg009886l_1_region	72545	146059	2.01	0	7
ptg009889l_1	45885	175661	3.83	0	6
ptg009889l_1_region	45885	175661	3.83	0	6
ptg009890l_1	44618	39076	0.88	0	4
ptg009890l_1_region	44618	39076	0.88	0	4
ptg009891l_1	285071	986686	3.46	0	13
ptg009891l_1_region	285071	986686	3.46	0	13
ptg009894l_1	139651	516775	3.70	0	10
ptg009894l_1_region	139651	516775	3.70	0	10
ptg009898l_1	48075	213436	4.44	0	17
ptg009898l_1_region	48075	213436	4.44	0	17
ptg009899l_1	126515	87796	0.69	0	7
ptg009899l_1_region	126515	87796	0.69	0	7
ptg009900l_1	35182	100919	2.87	0	11
ptg009900l_1_region	35182	100919	2.87	0	11
ptg009901l_1	85758	313226	3.65	0	8
ptg009901l_1_region	85758	313226	3.65	0	8
ptg009902l_1	71155	22108	0.31	0	4
ptg009902l_1_region	71155	22108	0.31	0	4
ptg009903l_1	58655	348327	5.94	0	18
ptg009903l_1_region	58655	348327	5.94	0	18
ptg009904l_1	64010	245992	3.84	0	14
ptg009904l_1_region	64010	245992	3.84	0	14
ptg009907l_1	227524	676124	2.97	0	8
ptg009907l_1_region	227524	676124	2.97	0	8
ptg009909l_1	75812	55055	0.73	0	5
ptg009909l_1_region	75812	55055	0.73	0	5
ptg009910l_1	30412	91263	3.00	0	10
ptg009910l_1_region	30412	91263	3.00	0	10
ptg009918l_1	334944	63768	0.19	0	2
ptg009918l_1_region	334944	63768	0.19	0	2
ptg009921l_1	89167	297692	3.34	0	11
ptg009921l_1_region	89167	297692	3.34	0	11
ptg009923l_1	90368	752261	8.32	0	29
ptg009923l_1_region	90368	752261	8.32	0	29
ptg009924l_1	115553	788345	6.82	0	15
ptg009924l_1_region	115553	788345	6.82	0	15
ptg009925l_1	100804	39479	0.39	0	4
ptg009925l_1_region	100804	39479	0.39	0	4
ptg009929l_1	60292	206972	3.43	0	15
ptg009929l_1_region	60292	206972	3.43	0	15
ptg009930l_1	41254	178254	4.32	0	11
ptg009930l_1_region	41254	178254	4.32	0	11
ptg009931l_1	97251	342953	3.53	0	9
ptg009931l_1_region	97251	342953	3.53	0	9
ptg009932l_1	52590	159318	3.03	0	13
ptg009932l_1_region	52590	159318	3.03	0	13
ptg009933l_1	70289	227948	3.24	0	12
ptg009933l_1_region	70289	227948	3.24	0	12
ptg009936l_1	43152	127300	2.95	0	7
ptg009936l_1_region	43152	127300	2.95	0	7
ptg009937l_1	88413	495324	5.60	0	14
ptg009937l_1_region	88413	495324	5.60	0	14
ptg009938l_1	51513	171073	3.32	0	12
ptg009938l_1_region	51513	171073	3.32	0	12
ptg009939l_1	62130	90455	1.46	0	9
ptg009939l_1_region	62130	90455	1.46	0	9
ptg009941l_1	88634	596769	6.73	0	18
ptg009941l_1_region	88634	596769	6.73	0	18
ptg009944l_1	112101	538645	4.80	0	27
ptg009944l_1_region	112101	538645	4.80	0	27
ptg009946l_1	24236	40495	1.67	0	4
ptg009946l_1_region	24236	40495	1.67	0	4
ptg009953l_1	136533	496677	3.64	0	14
ptg009953l_1_region	136533	496677	3.64	0	14
ptg009958l_1	34722	141259	4.07	0	16
ptg009958l_1_region	34722	141259	4.07	0	16
ptg009959l_1	47672	384601	8.07	0	17
ptg009959l_1_region	47672	384601	8.07	0	17
ptg009960l_1	230008	668767	2.91	0	23
ptg009960l_1_region	230008	668767	2.91	0	23
ptg009961l_1	139714	673680	4.82	0	14
ptg009961l_1_region	139714	673680	4.82	0	14
ptg009964l_1	46410	130373	2.81	0	8
ptg009964l_1_region	46410	130373	2.81	0	8
ptg009966l_1	190873	29423	0.15	0	2
ptg009966l_1_region	190873	29423	0.15	0	2
ptg009968l_1	454391	2666577	5.87	0	59
ptg009968l_1_region	454391	2666577	5.87	0	59
ptg009970l_1	96154	23148	0.24	0	2
ptg009970l_1_region	96154	23148	0.24	0	2
ptg009971l_1	59489	352651	5.93	0	17
ptg009971l_1_region	59489	352651	5.93	0	17
ptg009975l_1	33485	33715	1.01	0	3
ptg009975l_1_region	33485	33715	1.01	0	3
ptg009979l_1	96720	287008	2.97	0	10
ptg009979l_1_region	96720	287008	2.97	0	10
ptg009980l_1	22382	76135	3.40	0	11
ptg009980l_1_region	22382	76135	3.40	0	11
ptg009981l_1	129798	393287	3.03	0	29
ptg009981l_1_region	129798	393287	3.03	0	29
ptg009987l_1	165877	689731	4.16	0	11
ptg009987l_1_region	165877	689731	4.16	0	11
ptg009988l_1	208480	67337	0.32	0	7
ptg009988l_1_region	208480	67337	0.32	0	7
ptg009989l_1	209591	1844370	8.80	0	54
ptg009989l_1_region	209591	1844370	8.80	0	54
ptg009992l_1	78769	268588	3.41	0	14
ptg009992l_1_region	78769	268588	3.41	0	14
ptg009996l_1	36656	86768	2.37	0	8
ptg009996l_1_region	36656	86768	2.37	0	8
ptg009998l_1	30467	14026	0.46	0	1
ptg009998l_1_region	30467	14026	0.46	0	1
ptg009999l_1	550118	517363	0.94	0	16
ptg009999l_1_region	550118	517363	0.94	0	16
ptg010006l_1	115653	83790	0.72	0	10
ptg010006l_1_region	115653	83790	0.72	0	10
ptg010007l_1	32298	152123	4.71	0	14
ptg010007l_1_region	32298	152123	4.71	0	14
ptg010010l_1	54962	154844	2.82	0	8
ptg010010l_1_region	54962	154844	2.82	0	8
ptg010015l_1	16273	65458	4.02	0	9
ptg010015l_1_region	16273	65458	4.02	0	9
ptg010017l_1	67582	77611	1.15	0	4
ptg010017l_1_region	67582	77611	1.15	0	4
ptg010024l_1	160810	782549	4.87	0	17
ptg010024l_1_region	160810	782549	4.87	0	17
ptg010026l_1	83464	204694	2.45	0	7
ptg010026l_1_region	83464	204694	2.45	0	7
ptg010029l_1	73889	48822	0.66	0	3
ptg010029l_1_region	73889	48822	0.66	0	3
ptg010031l_1	159017	804510	5.06	0	14
ptg010031l_1_region	159017	804510	5.06	0	14
ptg010033l_1	27459	123733	4.51	0	15
ptg010033l_1_region	27459	123733	4.51	0	15
ptg010036l_1	145955	765444	5.24	0	16
ptg010036l_1_region	145955	765444	5.24	0	16
ptg010038l_1	97290	189546	1.95	0	13
ptg010038l_1_region	97290	189546	1.95	0	13
ptg010039l_1	22754	57397	2.52	0	5
ptg010039l_1_region	22754	57397	2.52	0	5
ptg010040l_1	91473	395527	4.32	0	12
ptg010040l_1_region	91473	395527	4.32	0	12
ptg010041l_1	39175	244357	6.24	0	11
ptg010041l_1_region	39175	244357	6.24	0	11
ptg010046l_1	21046	156901	7.46	0	26
ptg010046l_1_region	21046	156901	7.46	0	26
ptg010047l_1	291314	1326468	4.55	0	63
ptg010047l_1_region	291314	1326468	4.55	0	63
ptg010048l_1	27372	86810	3.17	0	7
ptg010048l_1_region	27372	86810	3.17	0	7
ptg010049l_1	19591	95985	4.90	0	9
ptg010049l_1_region	19591	95985	4.90	0	9
ptg010050l_1	48922	315879	6.46	0	20
ptg010050l_1_region	48922	315879	6.46	0	20
ptg010051l_1	79419	301812	3.80	0	29
ptg010051l_1_region	79419	301812	3.80	0	29
ptg010052l_1	326651	312948	0.96	0	13
ptg010052l_1_region	326651	312948	0.96	0	13
ptg010054l_1	42613	180896	4.25	0	13
ptg010054l_1_region	42613	180896	4.25	0	13
ptg010056l_1	437539	2579831	5.90	0	16
ptg010056l_1_region	437539	2579831	5.90	0	16
ptg010058l_1	36971	140687	3.81	0	11
ptg010058l_1_region	36971	140687	3.81	0	11
ptg010059l_1	30654	112379	3.67	0	9
ptg010059l_1_region	30654	112379	3.67	0	9
ptg010060l_1	27338	68315	2.50	0	7
ptg010060l_1_region	27338	68315	2.50	0	7
ptg010062l_1	264007	1018563	3.86	0	11
ptg010062l_1_region	264007	1018563	3.86	0	11
ptg010063l_1	25944	38634	1.49	0	4
ptg010063l_1_region	25944	38634	1.49	0	4
ptg010066l_1	28704	76647	2.67	0	6
ptg010066l_1_region	28704	76647	2.67	0	6
ptg010068l_1	161685	1251078	7.74	0	64
ptg010068l_1_region	161685	1251078	7.74	0	64
ptg010071l_1	167918	775138	4.62	0	17
ptg010071l_1_region	167918	775138	4.62	0	17
ptg010072l_1	66224	252273	3.81	0	10
ptg010072l_1_region	66224	252273	3.81	0	10
ptg010078l_1	175131	770200	4.40	0	14
ptg010078l_1_region	175131	770200	4.40	0	14
ptg010080l_1	78928	333654	4.23	0	14
ptg010080l_1_region	78928	333654	4.23	0	14
ptg010083l_1	21450	65843	3.07	0	10
ptg010083l_1_region	21450	65843	3.07	0	10
ptg010085l_1	213710	1086098	5.08	0	18
ptg010085l_1_region	213710	1086098	5.08	0	18
ptg010088l_1	131749	304541	2.31	0	7
ptg010088l_1_region	131749	304541	2.31	0	7
ptg010090l_1	83966	411993	4.91	0	12
ptg010090l_1_region	83966	411993	4.91	0	12
ptg010091l_1	55699	131607	2.36	0	9
ptg010091l_1_region	55699	131607	2.36	0	9
ptg010093l_1	29064	48518	1.67	0	3
ptg010093l_1_region	29064	48518	1.67	0	3
ptg010094l_1	117733	780515	6.63	0	46
ptg010094l_1_region	117733	780515	6.63	0	46
ptg010098l_1	50868	216358	4.25	0	8
ptg010098l_1_region	50868	216358	4.25	0	8
ptg010099l_1	22314	218225	9.78	4	14
ptg010099l_1_region	22314	218225	9.78	4	14
ptg010101l_1	31065	107282	3.45	0	8
ptg010101l_1_region	31065	107282	3.45	0	8
ptg010104l_1	249107	992520	3.98	0	14
ptg010104l_1_region	249107	992520	3.98	0	14
ptg010106l_1	72848	479241	6.58	0	19
ptg010106l_1_region	72848	479241	6.58	0	19
ptg010107l_1	184274	1831816	9.94	0	50
ptg010107l_1_region	184274	1831816	9.94	0	50
ptg010110l_1	211410	593862	2.81	0	10
ptg010110l_1_region	211410	593862	2.81	0	10
ptg010114l_1	17938	42188	2.35	0	7
ptg010114l_1_region	17938	42188	2.35	0	7
ptg010120l_1	329816	465742	1.41	0	18
ptg010120l_1_region	329816	465742	1.41	0	18
ptg010121l_1	169706	775115	4.57	0	58
ptg010121l_1_region	169706	775115	4.57	0	58
ptg010123l_1	120973	471984	3.90	0	12
ptg010123l_1_region	120973	471984	3.90	0	12
ptg010124l_1	88921	398949	4.49	0	14
ptg010124l_1_region	88921	398949	4.49	0	14
ptg010127l_1	127230	25582	0.20	0	2
ptg010127l_1_region	127230	25582	0.20	0	2
ptg010129l_1	82580	607909	7.36	0	197
ptg010129l_1_region	82580	607909	7.36	0	197
ptg010130l_1	30241	133663	4.42	0	16
ptg010130l_1_region	30241	133663	4.42	0	16
ptg010133l_1	20504	60748	2.96	0	14
ptg010133l_1_region	20504	60748	2.96	0	14
ptg010134c_1	148248	541207	3.65	0	19
ptg010134c_1_region	148248	541207	3.65	0	19
ptg010135l_1	76157	244502	3.21	0	12
ptg010135l_1_region	76157	244502	3.21	0	12
ptg010138l_1	282887	319111	1.13	0	7
ptg010138l_1_region	282887	319111	1.13	0	7
ptg010139l_1	36691	42056	1.15	0	3
ptg010139l_1_region	36691	42056	1.15	0	3
ptg010140l_1	75262	467818	6.22	0	16
ptg010140l_1_region	75262	467818	6.22	0	16
ptg010141l_1	97929	623589	6.37	0	15
ptg010141l_1_region	97929	623589	6.37	0	15
ptg010143l_1	46273	141857	3.07	0	7
ptg010143l_1_region	46273	141857	3.07	0	7
ptg010144l_1	23226	130886	5.64	0	23
ptg010144l_1_region	23226	130886	5.64	0	23
ptg010145l_1	109061	313993	2.88	0	8
ptg010145l_1_region	109061	313993	2.88	0	8
ptg010147l_1	72763	476558	6.55	0	20
ptg010147l_1_region	72763	476558	6.55	0	20
ptg010148l_1	121396	517307	4.26	0	11
ptg010148l_1_region	121396	517307	4.26	0	11
ptg010150l_1	39190	80833	2.06	0	7
ptg010150l_1_region	39190	80833	2.06	0	7
ptg010154l_1	113912	503480	4.42	0	11
ptg010154l_1_region	113912	503480	4.42	0	11
ptg010155l_1	98807	442233	4.48	0	18
ptg010155l_1_region	98807	442233	4.48	0	18
ptg010156l_1	51974	106528	2.05	0	9
ptg010156l_1_region	51974	106528	2.05	0	9
ptg010158l_1	33702	46460	1.38	0	6
ptg010158l_1_region	33702	46460	1.38	0	6
ptg010160l_1	118788	479108	4.03	0	11
ptg010160l_1_region	118788	479108	4.03	0	11
ptg010161l_1	45760	143418	3.13	0	34
ptg010161l_1_region	45760	143418	3.13	0	34
ptg010163l_1	213600	28354	0.13	0	1
ptg010163l_1_region	213600	28354	0.13	0	1
ptg010167l_1	47030	124587	2.65	0	8
ptg010167l_1_region	47030	124587	2.65	0	8
ptg010171l_1	115631	432029	3.74	0	11
ptg010171l_1_region	115631	432029	3.74	0	11
ptg010173l_1	33274	7355	0.22	0	1
ptg010173l_1_region	33274	7355	0.22	0	1
ptg010177l_1	80511	199200	2.47	0	11
ptg010177l_1_region	80511	199200	2.47	0	11
ptg010178l_1	71745	298284	4.16	0	12
ptg010178l_1_region	71745	298284	4.16	0	12
ptg010181l_1	85139	402392	4.73	0	11
ptg010181l_1_region	85139	402392	4.73	0	11
ptg010183l_1	29560	73183	2.48	0	6
ptg010183l_1_region	29560	73183	2.48	0	6
ptg010184l_1	10245	37620	3.67	0	9
ptg010184l_1_region	10245	37620	3.67	0	9
ptg010187l_1	65934	81638	1.24	0	11
ptg010187l_1_region	65934	81638	1.24	0	11
ptg010192l_1	311065	4220310	13.57	0	47
ptg010192l_1_region	311065	4220310	13.57	0	47
ptg010194l_1	134091	527451	3.93	0	11
ptg010194l_1_region	134091	527451	3.93	0	11
ptg010195l_1	108265	669117	6.18	0	17
ptg010195l_1_region	108265	669117	6.18	0	17
ptg010196l_1	15802	38200	2.42	0	5
ptg010196l_1_region	15802	38200	2.42	0	5
ptg010199l_1	179461	30735377	171.26	0	1209
ptg010199l_1_region	179461	30735377	171.26	0	1209
ptg010200l_1	33538	181309	5.41	0	12
ptg010200l_1_region	33538	181309	5.41	0	12
ptg010202l_1	81285	254696	3.13	0	8
ptg010202l_1_region	81285	254696	3.13	0	8
ptg010211l_1	105045	858324	8.17	0	21
ptg010211l_1_region	105045	858324	8.17	0	21
ptg010213l_1	220467	1017403	4.61	0	12
ptg010213l_1_region	220467	1017403	4.61	0	12
ptg010215l_1	70298	275952	3.93	0	32
ptg010215l_1_region	70298	275952	3.93	0	32
ptg010217l_1	57862	1624995	28.08	0	70
ptg010217l_1_region	57862	1624995	28.08	0	70
ptg010218l_1	53378	147413	2.76	0	8
ptg010218l_1_region	53378	147413	2.76	0	8
ptg010219l_1	61449	127850	2.08	0	7
ptg010219l_1_region	61449	127850	2.08	0	7
ptg010220l_1	46449	156974	3.38	0	10
ptg010220l_1_region	46449	156974	3.38	0	10
ptg010221l_1	375364	278924	0.74	0	10
ptg010221l_1_region	375364	278924	0.74	0	10
ptg010222l_1	47766	319770	6.69	0	14
ptg010222l_1_region	47766	319770	6.69	0	14
ptg010223l_1	292719	1508888	5.15	0	29
ptg010223l_1_region	292719	1508888	5.15	0	29
ptg010224l_1	21447	116827	5.45	0	12
ptg010224l_1_region	21447	116827	5.45	0	12
ptg010225l_1	111548	486579	4.36	0	17
ptg010225l_1_region	111548	486579	4.36	0	17
ptg010226l_1	103691	422757	4.08	0	12
ptg010226l_1_region	103691	422757	4.08	0	12
ptg010229l_1	168568	714711	4.24	0	19
ptg010229l_1_region	168568	714711	4.24	0	19
ptg010230l_1	325233	4298231	13.22	0	66
ptg010230l_1_region	325233	4298231	13.22	0	66
ptg010231l_1	208531	1102758	5.29	0	21
ptg010231l_1_region	208531	1102758	5.29	0	21
ptg010232l_1	308986	1302396	4.22	0	17
ptg010232l_1_region	308986	1302396	4.22	0	17
ptg010233l_1	9275	13533	1.46	0	3
ptg010233l_1_region	9275	13533	1.46	0	3
ptg010238l_1	174001	616044	3.54	0	11
ptg010238l_1_region	174001	616044	3.54	0	11
ptg010241l_1	235115	1955701	8.32	0	49
ptg010241l_1_region	235115	1955701	8.32	0	49
ptg010242l_1	78228	189237	2.42	0	7
ptg010242l_1_region	78228	189237	2.42	0	7
ptg010244l_1	181064	9591	0.05	0	1
ptg010244l_1_region	181064	9591	0.05	0	1
ptg010247l_1	251870	936435	3.72	0	14
ptg010247l_1_region	251870	936435	3.72	0	14
ptg010248l_1	202981	1199300	5.91	0	46
ptg010248l_1_region	202981	1199300	5.91	0	46
ptg010250l_1	89865	142423	1.58	0	9
ptg010250l_1_region	89865	142423	1.58	0	9
ptg010251l_1	144180	1202866	8.34	0	20
ptg010251l_1_region	144180	1202866	8.34	0	20
ptg010252l_1	187704	1142629	6.09	0	19
ptg010252l_1_region	187704	1142629	6.09	0	19
ptg010254l_1	151611	491177	3.24	0	10
ptg010254l_1_region	151611	491177	3.24	0	10
ptg010255l_1	139767	1406812	10.07	0	140
ptg010255l_1_region	139767	1406812	10.07	0	140
ptg010260l_1	36606	114782	3.14	0	9
ptg010260l_1_region	36606	114782	3.14	0	9
ptg010261l_1	132302	1013782	7.66	0	31
ptg010261l_1_region	132302	1013782	7.66	0	31
ptg010264l_1	41878	147435	3.52	0	15
ptg010264l_1_region	41878	147435	3.52	0	15
ptg010265l_1	99572	325459	3.27	0	11
ptg010265l_1_region	99572	325459	3.27	0	11
ptg010268l_1	113264	883430	7.80	0	38
ptg010268l_1_region	113264	883430	7.80	0	38
ptg010270l_1	78390	320786	4.09	0	17
ptg010270l_1_region	78390	320786	4.09	0	17
ptg010272l_1	168358	911498	5.41	0	22
ptg010272l_1_region	168358	911498	5.41	0	22
ptg010273l_1	319119	2475088	7.76	0	49
ptg010273l_1_region	319119	2475088	7.76	0	49
ptg010274l_1	182055	884574	4.86	0	13
ptg010274l_1_region	182055	884574	4.86	0	13
ptg010276l_1	97887	481551	4.92	0	20
ptg010276l_1_region	97887	481551	4.92	0	20
ptg010278l_1	62472	305295	4.89	0	30
ptg010278l_1_region	62472	305295	4.89	0	30
ptg010279l_1	53252	117527	2.21	0	10
ptg010279l_1_region	53252	117527	2.21	0	10
ptg010282l_1	92583	287143	3.10	0	10
ptg010282l_1_region	92583	287143	3.10	0	10
ptg010284l_1	38816	133396	3.44	0	11
ptg010284l_1_region	38816	133396	3.44	0	11
ptg010286l_1	90594	712756	7.87	0	29
ptg010286l_1_region	90594	712756	7.87	0	29
ptg010287l_1	20129	30726	1.53	0	3
ptg010287l_1_region	20129	30726	1.53	0	3
ptg010289l_1	227159	876752	3.86	0	11
ptg010289l_1_region	227159	876752	3.86	0	11
ptg010290l_1	118779	281019	2.37	0	10
ptg010290l_1_region	118779	281019	2.37	0	10
ptg010291l_1	136380	416680	3.06	0	9
ptg010291l_1_region	136380	416680	3.06	0	9
ptg010292l_1	59032	90842	1.54	0	4
ptg010292l_1_region	59032	90842	1.54	0	4
ptg010295l_1	159338	667565	4.19	0	12
ptg010295l_1_region	159338	667565	4.19	0	12
ptg010297l_1	20118	51400	2.55	0	9
ptg010297l_1_region	20118	51400	2.55	0	9
ptg010298l_1	47938	165729	3.46	0	8
ptg010298l_1_region	47938	165729	3.46	0	8
ptg010299l_1	36908	152076	4.12	0	10
ptg010299l_1_region	36908	152076	4.12	0	10
ptg010302l_1	13881	21062	1.52	0	2
ptg010302l_1_region	13881	21062	1.52	0	2
ptg010306l_1	53360	202321	3.79	0	16
ptg010306l_1_region	53360	202321	3.79	0	16
ptg010307l_1	24549	65605	2.67	0	8
ptg010307l_1_region	24549	65605	2.67	0	8
ptg010308l_1	28277	28192	1.00	0	3
ptg010308l_1_region	28277	28192	1.00	0	3
ptg010309l_1	117849	662202	5.62	0	20
ptg010309l_1_region	117849	662202	5.62	0	20
ptg010311l_1	42923	204697	4.77	0	11
ptg010311l_1_region	42923	204697	4.77	0	11
ptg010312l_1	40804	87056	2.13	0	9
ptg010312l_1_region	40804	87056	2.13	0	9
ptg010316l_1	109572	482382	4.40	0	16
ptg010316l_1_region	109572	482382	4.40	0	16
ptg010320l_1	52410	288819	5.51	0	16
ptg010320l_1_region	52410	288819	5.51	0	16
ptg010321l_1	31187	9845	0.32	0	1
ptg010321l_1_region	31187	9845	0.32	0	1
ptg010323l_1	79129	264122	3.34	0	8
ptg010323l_1_region	79129	264122	3.34	0	8
ptg010326l_1	32613	159406	4.89	0	17
ptg010326l_1_region	32613	159406	4.89	0	17
ptg010327l_1	14665	42317	2.89	0	6
ptg010327l_1_region	14665	42317	2.89	0	6
ptg010329l_1	60635	325325	5.37	0	14
ptg010329l_1_region	60635	325325	5.37	0	14
ptg010330l_1	356356	9755250	27.38	0	124
ptg010330l_1_region	356356	9755250	27.38	0	124
ptg010335l_1	98507	408781	4.15	0	15
ptg010335l_1_region	98507	408781	4.15	0	15
ptg010336l_1	32003	136038	4.25	0	13
ptg010336l_1_region	32003	136038	4.25	0	13
ptg010337l_1	566663	159990	0.28	0	13
ptg010337l_1_region	566663	159990	0.28	0	13
ptg010338l_1	80639	152354	1.89	0	7
ptg010338l_1_region	80639	152354	1.89	0	7
ptg010339l_1	72612	434272	5.98	0	19
ptg010339l_1_region	72612	434272	5.98	0	19
ptg010342l_1	50594	180513	3.57	0	9
ptg010342l_1_region	50594	180513	3.57	0	9
ptg010343l_1	99757	91247	0.91	0	4
ptg010343l_1_region	99757	91247	0.91	0	4
ptg010344l_1	153957	959351	6.23	0	29
ptg010344l_1_region	153957	959351	6.23	0	29
ptg010345l_1	106179	490972	4.62	0	14
ptg010345l_1_region	106179	490972	4.62	0	14
ptg010346l_1	67676	394612	5.83	0	17
ptg010346l_1_region	67676	394612	5.83	0	17
ptg010347l_1	44329	106582	2.40	0	5
ptg010347l_1_region	44329	106582	2.40	0	5
ptg010349l_1	80440	1383469	17.20	1	60
ptg010349l_1_region	80440	1383469	17.20	1	60
ptg010350l_1	121245	570832	4.71	0	17
ptg010350l_1_region	121245	570832	4.71	0	17
ptg010353l_1	85783	318488	3.71	0	14
ptg010353l_1_region	85783	318488	3.71	0	14
ptg010357l_1	114799	339692	2.96	0	11
ptg010357l_1_region	114799	339692	2.96	0	11
ptg010359l_1	16032	3483	0.22	0	1
ptg010359l_1_region	16032	3483	0.22	0	1
ptg010360l_1	19368	5398	0.28	0	1
ptg010360l_1_region	19368	5398	0.28	0	1
ptg010361l_1	290742	893539	3.07	0	11
ptg010361l_1_region	290742	893539	3.07	0	11
ptg010362l_1	27827	166058	5.97	0	21
ptg010362l_1_region	27827	166058	5.97	0	21
ptg010364l_1	174572	326074	1.87	0	26
ptg010364l_1_region	174572	326074	1.87	0	26
ptg010367l_1	94072	856168	9.10	0	172
ptg010367l_1_region	94072	856168	9.10	0	172
ptg010370l_1	42632	56896	1.33	0	5
ptg010370l_1_region	42632	56896	1.33	0	5
ptg010371l_1	30134	326935	10.85	0	39
ptg010371l_1_region	30134	326935	10.85	0	39
ptg010374l_1	273002	1242757	4.55	0	33
ptg010374l_1_region	273002	1242757	4.55	0	33
ptg010376l_1	196717	941630	4.79	0	40
ptg010376l_1_region	196717	941630	4.79	0	40
ptg010378l_1	77680	272203	3.50	0	14
ptg010378l_1_region	77680	272203	3.50	0	14
ptg010379l_1	53653	230505	4.30	0	31
ptg010379l_1_region	53653	230505	4.30	0	31
ptg010383l_1	137809	812996	5.90	0	17
ptg010383l_1_region	137809	812996	5.90	0	17
ptg010385l_1	248410	910139	3.66	0	17
ptg010385l_1_region	248410	910139	3.66	0	17
ptg010386l_1	29535	247289	8.37	0	19
ptg010386l_1_region	29535	247289	8.37	0	19
ptg010388l_1	88357	398082	4.51	0	14
ptg010388l_1_region	88357	398082	4.51	0	14
ptg010389l_1	26388	143954	5.46	0	14
ptg010389l_1_region	26388	143954	5.46	0	14
ptg010390l_1	203128	1329595	6.55	0	19
ptg010390l_1_region	203128	1329595	6.55	0	19
ptg010396l_1	244788	593274	2.42	0	19
ptg010396l_1_region	244788	593274	2.42	0	19
ptg010397l_1	180737	608184	3.37	0	12
ptg010397l_1_region	180737	608184	3.37	0	12
ptg010399l_1	183919	944817	5.14	0	18
ptg010399l_1_region	183919	944817	5.14	0	18
ptg010401l_1	84989	391236	4.60	0	15
ptg010401l_1_region	84989	391236	4.60	0	15
ptg010405l_1	88509	437005	4.94	0	11
ptg010405l_1_region	88509	437005	4.94	0	11
ptg010406l_1	39412	68343	1.73	0	4
ptg010406l_1_region	39412	68343	1.73	0	4
ptg010407l_1	81375	321319	3.95	0	13
ptg010407l_1_region	81375	321319	3.95	0	13
ptg010412l_1	101397	7235	0.07	0	5
ptg010412l_1_region	101397	7235	0.07	0	5
ptg010415l_1	21981	57298	2.61	0	8
ptg010415l_1_region	21981	57298	2.61	0	8
ptg010416l_1	20030	56687	2.83	0	6
ptg010416l_1_region	20030	56687	2.83	0	6
ptg010417l_1	229446	577413	2.52	0	10
ptg010417l_1_region	229446	577413	2.52	0	10
ptg010420l_1	95385	335973	3.52	0	9
ptg010420l_1_region	95385	335973	3.52	0	9
ptg010421l_1	156656	493734	3.15	0	18
ptg010421l_1_region	156656	493734	3.15	0	18
ptg010426l_1	250005	1013949	4.06	0	11
ptg010426l_1_region	250005	1013949	4.06	0	11
ptg010428l_1	79419	234096	2.95	0	9
ptg010428l_1_region	79419	234096	2.95	0	9
ptg010429l_1	14875	59251	3.98	1	8
ptg010429l_1_region	14875	59251	3.98	1	8
ptg010430l_1	52817	44905	0.85	0	7
ptg010430l_1_region	52817	44905	0.85	0	7
ptg010431l_1	376208	1325278	3.52	0	18
ptg010431l_1_region	376208	1325278	3.52	0	18
ptg010432l_1	33789	167386	4.95	0	10
ptg010432l_1_region	33789	167386	4.95	0	10
ptg010434l_1	51448	128189	2.49	0	7
ptg010434l_1_region	51448	128189	2.49	0	7
ptg010439l_1	67640	161946	2.39	0	7
ptg010439l_1_region	67640	161946	2.39	0	7
ptg010441l_1	52053	167035	3.21	0	9
ptg010441l_1_region	52053	167035	3.21	0	9
ptg010442l_1	247647	1087198	4.39	0	27
ptg010442l_1_region	247647	1087198	4.39	0	27
ptg010443l_1	97703	407020	4.17	0	31
ptg010443l_1_region	97703	407020	4.17	0	31
ptg010446l_1	93622	552412	5.90	0	30
ptg010446l_1_region	93622	552412	5.90	0	30
ptg010448l_1	99920	425140	4.25	0	15
ptg010448l_1_region	99920	425140	4.25	0	15
ptg010449l_1	56690	172893	3.05	0	12
ptg010449l_1_region	56690	172893	3.05	0	12
ptg010451l_1	75381	334736	4.44	0	14
ptg010451l_1_region	75381	334736	4.44	0	14
ptg010452l_1	87934	343460	3.91	0	14
ptg010452l_1_region	87934	343460	3.91	0	14
ptg010454l_1	103511	23811	0.23	0	4
ptg010454l_1_region	103511	23811	0.23	0	4
ptg010457l_1	36050	118227	3.28	0	8
ptg010457l_1_region	36050	118227	3.28	0	8
ptg010460l_1	201092	1128473	5.61	0	18
ptg010460l_1_region	201092	1128473	5.61	0	18
ptg010463l_1	34507	105926	3.07	0	8
ptg010463l_1_region	34507	105926	3.07	0	8
ptg010467l_1	19345	76262	3.94	0	8
ptg010467l_1_region	19345	76262	3.94	0	8
ptg010468l_1	131436	690402	5.25	0	20
ptg010468l_1_region	131436	690402	5.25	0	20
ptg010469l_1	237826	828689	3.48	0	12
ptg010469l_1_region	237826	828689	3.48	0	12
ptg010470l_1	120044	376909	3.14	0	20
ptg010470l_1_region	120044	376909	3.14	0	20
ptg010471l_1	23816	83398	3.50	0	7
ptg010471l_1_region	23816	83398	3.50	0	7
ptg010473l_1	44622	131304	2.94	0	9
ptg010473l_1_region	44622	131304	2.94	0	9
ptg010474l_1	67355	379750	5.64	0	22
ptg010474l_1_region	67355	379750	5.64	0	22
ptg010475l_1	65101	617502	9.49	0	38
ptg010475l_1_region	65101	617502	9.49	0	38
ptg010476l_1	361217	74723	0.21	0	6
ptg010476l_1_region	361217	74723	0.21	0	6
ptg010478l_1	36153	116066	3.21	0	10
ptg010478l_1_region	36153	116066	3.21	0	10
ptg010479l_1	51056	125955	2.47	0	12
ptg010479l_1_region	51056	125955	2.47	0	12
ptg010481l_1	109169	638965	5.85	0	29
ptg010481l_1_region	109169	638965	5.85	0	29
ptg010483l_1	68032	245245	3.60	0	39
ptg010483l_1_region	68032	245245	3.60	0	39
ptg010484l_1	159421	620673	3.89	0	12
ptg010484l_1_region	159421	620673	3.89	0	12
ptg010485l_1	46390	291963	6.29	0	27
ptg010485l_1_region	46390	291963	6.29	0	27
ptg010490l_1	88571	15320	0.17	0	5
ptg010490l_1_region	88571	15320	0.17	0	5
ptg010492l_1	94147	701204	7.45	0	19
ptg010492l_1_region	94147	701204	7.45	0	19
ptg010496l_1	55668	232326	4.17	0	90
ptg010496l_1_region	55668	232326	4.17	0	90
ptg010499l_1	87462	671852	7.68	0	35
ptg010499l_1_region	87462	671852	7.68	0	35
ptg010500l_1	86265	251332	2.91	0	8
ptg010500l_1_region	86265	251332	2.91	0	8
ptg010505l_1	221682	43019	0.19	0	2
ptg010505l_1_region	221682	43019	0.19	0	2
ptg010508l_1	218405	1126089	5.16	0	26
ptg010508l_1_region	218405	1126089	5.16	0	26
ptg010509l_1	159319	585891	3.68	0	53
ptg010509l_1_region	159319	585891	3.68	0	53
ptg010513l_1	25533	200101	7.84	0	40
ptg010513l_1_region	25533	200101	7.84	0	40
ptg010515l_1	171533	764549	4.46	0	11
ptg010515l_1_region	171533	764549	4.46	0	11
ptg010516l_1	42617	149692	3.51	0	8
ptg010516l_1_region	42617	149692	3.51	0	8
ptg010517l_1	151373	566714	3.74	0	11
ptg010517l_1_region	151373	566714	3.74	0	11
ptg010519l_1	55773	228728	4.10	0	13
ptg010519l_1_region	55773	228728	4.10	0	13
ptg010522l_1	47250	262177	5.55	0	11
ptg010522l_1_region	47250	262177	5.55	0	11
ptg010524l_1	16625	16860	1.01	0	3
ptg010524l_1_region	16625	16860	1.01	0	3
ptg010525l_1	34340	108207	3.15	0	17
ptg010525l_1_region	34340	108207	3.15	0	17
ptg010526l_1	208082	612476	2.94	0	22
ptg010526l_1_region	208082	612476	2.94	0	22
ptg010527l_1	135151	708689	5.24	0	17
ptg010527l_1_region	135151	708689	5.24	0	17
ptg010529l_1	61757	178050	2.88	0	14
ptg010529l_1_region	61757	178050	2.88	0	14
ptg010530l_1	52093	28045	0.54	0	2
ptg010530l_1_region	52093	28045	0.54	0	2
ptg010531l_1	168687	840242	4.98	0	15
ptg010531l_1_region	168687	840242	4.98	0	15
ptg010533l_1	30509	148175	4.86	0	11
ptg010533l_1_region	30509	148175	4.86	0	11
ptg010539l_1	25655	102724	4.00	0	10
ptg010539l_1_region	25655	102724	4.00	0	10
ptg010540l_1	113709	245850	2.16	0	20
ptg010540l_1_region	113709	245850	2.16	0	20
ptg010541l_1	33907	161296	4.76	0	14
ptg010541l_1_region	33907	161296	4.76	0	14
ptg010542l_1	282396	1222111	4.33	0	57
ptg010542l_1_region	282396	1222111	4.33	0	57
ptg010544l_1	77995	39494	0.51	0	5
ptg010544l_1_region	77995	39494	0.51	0	5
ptg010545l_1	30503	47841	1.57	0	3
ptg010545l_1_region	30503	47841	1.57	0	3
ptg010546l_1	75776	339616	4.48	0	15
ptg010546l_1_region	75776	339616	4.48	0	15
ptg010549l_1	48508	220854	4.55	0	14
ptg010549l_1_region	48508	220854	4.55	0	14
ptg010551l_1	83666	611919	7.31	0	17
ptg010551l_1_region	83666	611919	7.31	0	17
ptg010559l_1	105812	462945	4.38	0	15
ptg010559l_1_region	105812	462945	4.38	0	15
ptg010560l_1	287652	1395996	4.85	0	16
ptg010560l_1_region	287652	1395996	4.85	0	16
ptg010561l_1	39575	91471	2.31	0	14
ptg010561l_1_region	39575	91471	2.31	0	14
ptg010565l_1	38475	131100	3.41	0	12
ptg010565l_1_region	38475	131100	3.41	0	12
ptg010566l_1	96372	337347	3.50	0	49
ptg010566l_1_region	96372	337347	3.50	0	49
ptg010567l_1	176241	427668	2.43	0	56
ptg010567l_1_region	176241	427668	2.43	0	56
ptg010568l_1	92501	668371	7.23	0	16
ptg010568l_1_region	92501	668371	7.23	0	16
ptg010569l_1	95065	289198	3.04	0	11
ptg010569l_1_region	95065	289198	3.04	0	11
ptg010572l_1	42868	151374	3.53	0	15
ptg010572l_1_region	42868	151374	3.53	0	15
ptg010575l_1	16098	149669	9.30	0	37
ptg010575l_1_region	16098	149669	9.30	0	37
ptg010576l_1	20211	55254	2.73	0	8
ptg010576l_1_region	20211	55254	2.73	0	8
ptg010577l_1	28002	145383	5.19	0	9
ptg010577l_1_region	28002	145383	5.19	0	9
ptg010579l_1	114493	523477	4.57	0	15
ptg010579l_1_region	114493	523477	4.57	0	15
ptg010580l_1	42703	102791	2.41	0	15
ptg010580l_1_region	42703	102791	2.41	0	15
ptg010589l_1	109642	4820557	43.97	0	174
ptg010589l_1_region	109642	4820557	43.97	0	174
ptg010590l_1	213946	90101	0.42	0	4
ptg010590l_1_region	213946	90101	0.42	0	4
ptg010592l_1	148883	1014312	6.81	0	16
ptg010592l_1_region	148883	1014312	6.81	0	16
ptg010593l_1	225931	14367	0.06	0	1
ptg010593l_1_region	225931	14367	0.06	0	1
ptg010595l_1	192823	61284	0.32	0	3
ptg010595l_1_region	192823	61284	0.32	0	3
ptg010597l_1	37737	211286	5.60	1	11
ptg010597l_1_region	37737	211286	5.60	1	11
ptg010601l_1	209264	774434	3.70	0	11
ptg010601l_1_region	209264	774434	3.70	0	11
ptg010603l_1	40666	94009	2.31	0	6
ptg010603l_1_region	40666	94009	2.31	0	6
ptg010605l_1	241668	1066599	4.41	0	23
ptg010605l_1_region	241668	1066599	4.41	0	23
ptg010606l_1	70116	487117	6.95	0	30
ptg010606l_1_region	70116	487117	6.95	0	30
ptg010607l_1	51116	72557	1.42	0	9
ptg010607l_1_region	51116	72557	1.42	0	9
ptg010608l_1	195007	1045122	5.36	0	19
ptg010608l_1_region	195007	1045122	5.36	0	19
ptg010609l_1	62898	215669	3.43	0	10
ptg010609l_1_region	62898	215669	3.43	0	10
ptg010613l_1	188266	787973	4.19	0	18
ptg010613l_1_region	188266	787973	4.19	0	18
ptg010615l_1	149330	459601	3.08	0	15
ptg010615l_1_region	149330	459601	3.08	0	15
ptg010616l_1	135885	469372	3.45	0	10
ptg010616l_1_region	135885	469372	3.45	0	10
ptg010617l_1	74204	289441	3.90	0	18
ptg010617l_1_region	74204	289441	3.90	0	18
ptg010619l_1	62753	308366	4.91	0	14
ptg010619l_1_region	62753	308366	4.91	0	14
ptg010621l_1	63578	134790	2.12	0	6
ptg010621l_1_region	63578	134790	2.12	0	6
ptg010622l_1	440863	1291376	2.93	0	24
ptg010622l_1_region	440863	1291376	2.93	0	24
ptg010625l_1	474478	2461622	5.19	0	16
ptg010625l_1_region	474478	2461622	5.19	0	16
ptg010631l_1	210405	893706	4.25	0	13
ptg010631l_1_region	210405	893706	4.25	0	13
ptg010633l_1	101398	337777	3.33	0	10
ptg010633l_1_region	101398	337777	3.33	0	10
ptg010635l_1	56522	31288	0.55	0	2
ptg010635l_1_region	56522	31288	0.55	0	2
ptg010638l_1	57188	182085	3.18	0	9
ptg010638l_1_region	57188	182085	3.18	0	9
ptg010639l_1	167918	584437	3.48	0	14
ptg010639l_1_region	167918	584437	3.48	0	14
ptg010640l_1	288257	857291	2.97	0	13
ptg010640l_1_region	288257	857291	2.97	0	13
ptg010641l_1	87192	407979	4.68	0	14
ptg010641l_1_region	87192	407979	4.68	0	14
ptg010643l_1	101033	364348	3.61	0	8
ptg010643l_1_region	101033	364348	3.61	0	8
ptg010647l_1	213018	129653	0.61	0	4
ptg010647l_1_region	213018	129653	0.61	0	4
ptg010649l_1	67414	231235	3.43	0	50
ptg010649l_1_region	67414	231235	3.43	0	50
ptg010651l_1	29574	39095	1.32	0	7
ptg010651l_1_region	29574	39095	1.32	0	7
ptg010658l_1	78871	358919	4.55	0	12
ptg010658l_1_region	78871	358919	4.55	0	12
ptg010661l_1	65877	350438	5.32	0	16
ptg010661l_1_region	65877	350438	5.32	0	16
ptg010664l_1	113976	334811	2.94	0	9
ptg010664l_1_region	113976	334811	2.94	0	9
ptg010665l_1	211944	1208126	5.70	0	16
ptg010665l_1_region	211944	1208126	5.70	0	16
ptg010666l_1	66885	331377	4.95	0	13
ptg010666l_1_region	66885	331377	4.95	0	13
ptg010667l_1	24274	93441	3.85	0	7
ptg010667l_1_region	24274	93441	3.85	0	7
ptg010669l_1	39843	96688	2.43	0	9
ptg010669l_1_region	39843	96688	2.43	0	9
ptg010670l_1	246455	1019127	4.14	0	12
ptg010670l_1_region	246455	1019127	4.14	0	12
ptg010671l_1	64450	631135	9.79	0	91
ptg010671l_1_region	64450	631135	9.79	0	91
ptg010673l_1	93234	235025	2.52	0	12
ptg010673l_1_region	93234	235025	2.52	0	12
ptg010674l_1	107802	345960	3.21	0	17
ptg010674l_1_region	107802	345960	3.21	0	17
ptg010675l_1	94091	511431	5.44	0	17
ptg010675l_1_region	94091	511431	5.44	0	17
ptg010676l_1	102542	481791	4.70	0	12
ptg010676l_1_region	102542	481791	4.70	0	12
ptg010677l_1	22390	4943	0.22	0	3
ptg010677l_1_region	22390	4943	0.22	0	3
ptg010678l_1	32486	230718	7.10	1	18
ptg010678l_1_region	32486	230718	7.10	1	18
ptg010679l_1	50489	103440	2.05	0	6
ptg010679l_1_region	50489	103440	2.05	0	6
ptg010680l_1	17270	46515	2.69	0	44
ptg010680l_1_region	17270	46515	2.69	0	44
ptg010683l_1	48804	227734	4.67	0	15
ptg010683l_1_region	48804	227734	4.67	0	15
ptg010686l_1	240976	1087212	4.51	0	15
ptg010686l_1_region	240976	1087212	4.51	0	15
ptg010687l_1	33620	86914	2.59	0	7
ptg010687l_1_region	33620	86914	2.59	0	7
ptg010689l_1	222325	1153030	5.19	0	19
ptg010689l_1_region	222325	1153030	5.19	0	19
ptg010690l_1	24014	57850	2.41	0	11
ptg010690l_1_region	24014	57850	2.41	0	11
ptg010697l_1	19327	10145	0.52	0	1
ptg010697l_1_region	19327	10145	0.52	0	1
ptg010698l_1	44851	229652	5.12	0	13
ptg010698l_1_region	44851	229652	5.12	0	13
ptg010699l_1	26582	216958	8.16	0	27
ptg010699l_1_region	26582	216958	8.16	0	27
ptg010701l_1	152018	124849	0.82	0	7
ptg010701l_1_region	152018	124849	0.82	0	7
ptg010706l_1	154733	783066	5.06	0	28
ptg010706l_1_region	154733	783066	5.06	0	28
ptg010709l_1	62414	166478	2.67	0	7
ptg010709l_1_region	62414	166478	2.67	0	7
ptg010710l_1	10313	20188	1.96	0	4
ptg010710l_1_region	10313	20188	1.96	0	4
ptg010711l_1	11705	44790	3.83	0	8
ptg010711l_1_region	11705	44790	3.83	0	8
ptg010712l_1	95353	320052	3.36	0	11
ptg010712l_1_region	95353	320052	3.36	0	11
ptg010718l_1	156217	367629	2.35	0	15
ptg010718l_1_region	156217	367629	2.35	0	15
ptg010719l_1	307444	824084	2.68	0	11
ptg010719l_1_region	307444	824084	2.68	0	11
ptg010720l_1	128316	525000	4.09	0	12
ptg010720l_1_region	128316	525000	4.09	0	12
ptg010722l_1	57373	140772	2.45	0	23
ptg010722l_1_region	57373	140772	2.45	0	23
ptg010730l_1	44482	220365	4.95	0	15
ptg010730l_1_region	44482	220365	4.95	0	15
ptg010732l_1	179888	5258701	29.23	0	130
ptg010732l_1_region	179888	5258701	29.23	0	130
ptg010733l_1	57317	220241	3.84	0	13
ptg010733l_1_region	57317	220241	3.84	0	13
ptg010734l_1	205536	810983	3.95	0	15
ptg010734l_1_region	205536	810983	3.95	0	15
ptg010736l_1	18936	78551	4.15	0	7
ptg010736l_1_region	18936	78551	4.15	0	7
ptg010737l_1	177863	641187	3.60	0	13
ptg010737l_1_region	177863	641187	3.60	0	13
ptg010738l_1	32229	112580	3.49	0	12
ptg010738l_1_region	32229	112580	3.49	0	12
ptg010739l_1	44202	270727	6.12	0	18
ptg010739l_1_region	44202	270727	6.12	0	18
ptg010741l_1	77456	373435	4.82	0	21
ptg010741l_1_region	77456	373435	4.82	0	21
ptg010742l_1	23527	109195	4.64	0	9
ptg010742l_1_region	23527	109195	4.64	0	9
ptg010747l_1	205948	442867	2.15	0	12
ptg010747l_1_region	205948	442867	2.15	0	12
ptg010748l_1	110143	362255	3.29	0	7
ptg010748l_1_region	110143	362255	3.29	0	7
ptg010750l_1	17962	23954	1.33	0	10
ptg010750l_1_region	17962	23954	1.33	0	10
ptg010751l_1	56570	2868414	50.71	1	158
ptg010751l_1_region	56570	2868414	50.71	1	158
ptg010753l_1	81295	920243	11.32	0	45
ptg010753l_1_region	81295	920243	11.32	0	45
ptg010755l_1	115830	376379	3.25	0	10
ptg010755l_1_region	115830	376379	3.25	0	10
ptg010756l_1	189894	583968	3.08	0	12
ptg010756l_1_region	189894	583968	3.08	0	12
ptg010757l_1	30649	187142	6.11	0	13
ptg010757l_1_region	30649	187142	6.11	0	13
ptg010759l_1	34041	80783	2.37	0	6
ptg010759l_1_region	34041	80783	2.37	0	6
ptg010762l_1	166571	727791	4.37	0	22
ptg010762l_1_region	166571	727791	4.37	0	22
ptg010764l_1	25346	74536	2.94	0	9
ptg010764l_1_region	25346	74536	2.94	0	9
ptg010768l_1	82788	205754	2.49	0	9
ptg010768l_1_region	82788	205754	2.49	0	9
ptg010770l_1	32635	255574	7.83	0	25
ptg010770l_1_region	32635	255574	7.83	0	25
ptg010771l_1	36633	170832	4.66	0	11
ptg010771l_1_region	36633	170832	4.66	0	11
ptg010772l_1	101919	344884	3.38	0	10
ptg010772l_1_region	101919	344884	3.38	0	10
ptg010775l_1	36691	34798	0.95	0	4
ptg010775l_1_region	36691	34798	0.95	0	4
ptg010776l_1	32369	124344	3.84	0	15
ptg010776l_1_region	32369	124344	3.84	0	15
ptg010777l_1	38694	55291	1.43	0	21
ptg010777l_1_region	38694	55291	1.43	0	21
ptg010779l_1	126634	509586	4.02	0	13
ptg010779l_1_region	126634	509586	4.02	0	13
ptg010780l_1	53029	138358	2.61	0	6
ptg010780l_1_region	53029	138358	2.61	0	6
ptg010783l_1	88674	311417	3.51	0	15
ptg010783l_1_region	88674	311417	3.51	0	15
ptg010784l_1	169124	3227386	19.08	0	88
ptg010784l_1_region	169124	3227386	19.08	0	88
ptg010785l_1	53438	120676	2.26	0	11
ptg010785l_1_region	53438	120676	2.26	0	11
ptg010786l_1	64079	342780	5.35	0	30
ptg010786l_1_region	64079	342780	5.35	0	30
ptg010787l_1	122145	766087	6.27	0	28
ptg010787l_1_region	122145	766087	6.27	0	28
ptg010788l_1	454151	849756	1.87	0	19
ptg010788l_1_region	454151	849756	1.87	0	19
ptg010790l_1	64642	433547	6.71	0	22
ptg010790l_1_region	64642	433547	6.71	0	22
ptg010792l_1	15688	51770	3.30	0	8
ptg010792l_1_region	15688	51770	3.30	0	8
ptg010793l_1	61602	190760	3.10	0	69
ptg010793l_1_region	61602	190760	3.10	0	69
ptg010794l_1	77931	157465	2.02	0	6
ptg010794l_1_region	77931	157465	2.02	0	6
ptg010795l_1	96234	497871	5.17	0	14
ptg010795l_1_region	96234	497871	5.17	0	14
ptg010796l_1	107433	351198	3.27	0	10
ptg010796l_1_region	107433	351198	3.27	0	10
ptg010797l_1	124532	609131	4.89	0	28
ptg010797l_1_region	124532	609131	4.89	0	28
ptg010799l_1	66967	1594791	23.81	3	142
ptg010799l_1_region	66967	1594791	23.81	3	142
ptg010801l_1	23695	5086	0.21	0	1
ptg010801l_1_region	23695	5086	0.21	0	1
ptg010802l_1	34220	99481	2.91	0	10
ptg010802l_1_region	34220	99481	2.91	0	10
ptg010803l_1	258204	1317303	5.10	0	15
ptg010803l_1_region	258204	1317303	5.10	0	15
ptg010804l_1	38017	59905	1.58	0	6
ptg010804l_1_region	38017	59905	1.58	0	6
ptg010805l_1	65382	332343	5.08	0	15
ptg010805l_1_region	65382	332343	5.08	0	15
ptg010807l_1	19505	54772	2.81	0	6
ptg010807l_1_region	19505	54772	2.81	0	6
ptg010811l_1	33737	171642	5.09	0	17
ptg010811l_1_region	33737	171642	5.09	0	17
ptg010812l_1	21405	50025	2.34	0	6
ptg010812l_1_region	21405	50025	2.34	0	6
ptg010813l_1	162325	1625838	10.02	0	22
ptg010813l_1_region	162325	1625838	10.02	0	22
ptg010814l_1	99547	369088	3.71	0	10
ptg010814l_1_region	99547	369088	3.71	0	10
ptg010815l_1	17273	64483	3.73	0	8
ptg010815l_1_region	17273	64483	3.73	0	8
ptg010817l_1	131781	405784	3.08	0	12
ptg010817l_1_region	131781	405784	3.08	0	12
ptg010821l_1	35092	100621	2.87	0	7
ptg010821l_1_region	35092	100621	2.87	0	7
ptg010827l_1	18468	90876	4.92	0	7
ptg010827l_1_region	18468	90876	4.92	0	7
ptg010832l_1	124688	873113	7.00	0	16
ptg010832l_1_region	124688	873113	7.00	0	16
ptg010833l_1	112599	1296017	11.51	0	104
ptg010833l_1_region	112599	1296017	11.51	0	104
ptg010834l_1	87966	309131	3.51	0	13
ptg010834l_1_region	87966	309131	3.51	0	13
ptg010837l_1	80220	204038	2.54	0	9
ptg010837l_1_region	80220	204038	2.54	0	9
ptg010838l_1	24914	67777	2.72	0	6
ptg010838l_1_region	24914	67777	2.72	0	6
ptg010839l_1	313930	1321318	4.21	0	14
ptg010839l_1_region	313930	1321318	4.21	0	14
ptg010840l_1	30331	80435	2.65	0	13
ptg010840l_1_region	30331	80435	2.65	0	13
ptg010844l_1	145806	615996	4.22	0	18
ptg010844l_1_region	145806	615996	4.22	0	18
ptg010846l_1	64868	289194	4.46	0	17
ptg010846l_1_region	64868	289194	4.46	0	17
ptg010849l_1	102026	444101	4.35	0	19
ptg010849l_1_region	102026	444101	4.35	0	19
ptg010854l_1	258351	1688519	6.54	0	27
ptg010854l_1_region	258351	1688519	6.54	0	27
ptg010855l_1	117038	198362	1.69	0	9
ptg010855l_1_region	117038	198362	1.69	0	9
ptg010857l_1	63298	178861	2.83	0	14
ptg010857l_1_region	63298	178861	2.83	0	14
ptg010860l_1	86598	236894	2.74	0	11
ptg010860l_1_region	86598	236894	2.74	0	11
ptg010864l_1	14218	29295	2.06	0	5
ptg010864l_1_region	14218	29295	2.06	0	5
ptg010866l_1	89603	369097	4.12	0	12
ptg010866l_1_region	89603	369097	4.12	0	12
ptg010867l_1	62379	267088	4.28	0	39
ptg010867l_1_region	62379	267088	4.28	0	39
ptg010868l_1	100618	473013	4.70	0	17
ptg010868l_1_region	100618	473013	4.70	0	17
ptg010870l_1	64660	183813	2.84	0	8
ptg010870l_1_region	64660	183813	2.84	0	8
ptg010871l_1	71763	197951	2.76	0	13
ptg010871l_1_region	71763	197951	2.76	0	13
ptg010872l_1	269856	965710	3.58	0	13
ptg010872l_1_region	269856	965710	3.58	0	13
ptg010875l_1	93366	232470	2.49	0	10
ptg010875l_1_region	93366	232470	2.49	0	10
ptg010876l_1	216723	869808	4.01	0	11
ptg010876l_1_region	216723	869808	4.01	0	11
ptg010880l_1	108906	838113	7.70	0	26
ptg010880l_1_region	108906	838113	7.70	0	26
ptg010882l_1	59918	338078	5.64	0	13
ptg010882l_1_region	59918	338078	5.64	0	13
ptg010883l_1	54072	178193	3.30	0	14
ptg010883l_1_region	54072	178193	3.30	0	14
ptg010888l_1	131004	763829	5.83	0	13
ptg010888l_1_region	131004	763829	5.83	0	13
ptg010889l_1	207846	1344762	6.47	0	35
ptg010889l_1_region	207846	1344762	6.47	0	35
ptg010893l_1	154083	591678	3.84	0	14
ptg010893l_1_region	154083	591678	3.84	0	14
ptg010894l_1	89365	319366	3.57	0	12
ptg010894l_1_region	89365	319366	3.57	0	12
ptg010895l_1	92629	343474	3.71	0	13
ptg010895l_1_region	92629	343474	3.71	0	13
ptg010899l_1	292423	1449826	4.96	0	45
ptg010899l_1_region	292423	1449826	4.96	0	45
ptg010902l_1	41529	144870	3.49	0	9
ptg010902l_1_region	41529	144870	3.49	0	9
ptg010905l_1	29518	110233	3.73	0	7
ptg010905l_1_region	29518	110233	3.73	0	7
ptg010907l_1	57683	399456	6.93	1	14
ptg010907l_1_region	57683	399456	6.93	1	14
ptg010908l_1	92066	201637	2.19	0	7
ptg010908l_1_region	92066	201637	2.19	0	7
ptg010910l_1	60639	476286	7.85	0	210
ptg010910l_1_region	60639	476286	7.85	0	210
ptg010912l_1	38339	184208	4.80	0	9
ptg010912l_1_region	38339	184208	4.80	0	9
ptg010913l_1	133939	886981	6.62	0	36
ptg010913l_1_region	133939	886981	6.62	0	36
ptg010914l_1	54925	313650	5.71	0	16
ptg010914l_1_region	54925	313650	5.71	0	16
ptg010917l_1	203325	759294	3.73	0	11
ptg010917l_1_region	203325	759294	3.73	0	11
ptg010918l_1	116230	444757	3.83	0	11
ptg010918l_1_region	116230	444757	3.83	0	11
ptg010919l_1	137894	1187327	8.61	0	58
ptg010919l_1_region	137894	1187327	8.61	0	58
ptg010921l_1	111973	402188	3.59	0	10
ptg010921l_1_region	111973	402188	3.59	0	10
ptg010925l_1	46884	157206	3.35	0	9
ptg010925l_1_region	46884	157206	3.35	0	9
ptg010930l_1	52879	427404	8.08	0	23
ptg010930l_1_region	52879	427404	8.08	0	23
ptg010932l_1	90467	400524	4.43	0	11
ptg010932l_1_region	90467	400524	4.43	0	11
ptg010934l_1	286741	568813	1.98	0	57
ptg010934l_1_region	286741	568813	1.98	0	57
ptg010938l_1	76960	218114	2.83	0	9
ptg010938l_1_region	76960	218114	2.83	0	9
ptg010940l_1	171938	341885	1.99	0	12
ptg010940l_1_region	171938	341885	1.99	0	12
ptg010941l_1	137299	655755	4.78	0	20
ptg010941l_1_region	137299	655755	4.78	0	20
ptg010945l_1	98625	269866	2.74	0	14
ptg010945l_1_region	98625	269866	2.74	0	14
ptg010946l_1	44544	299735	6.73	0	21
ptg010946l_1_region	44544	299735	6.73	0	21
ptg010950l_1	247294	968576	3.92	0	13
ptg010950l_1_region	247294	968576	3.92	0	13
ptg010952l_1	375551	2476334	6.59	0	41
ptg010952l_1_region	375551	2476334	6.59	0	41
ptg010953l_1	64142	315351	4.92	0	14
ptg010953l_1_region	64142	315351	4.92	0	14
ptg010955l_1	31832	102473	3.22	0	10
ptg010955l_1_region	31832	102473	3.22	0	10
ptg010956l_1	180757	1058851	5.86	0	29
ptg010956l_1_region	180757	1058851	5.86	0	29
ptg010959l_1	89109	422772	4.74	0	15
ptg010959l_1_region	89109	422772	4.74	0	15
ptg010964l_1	43209	116785	2.70	0	8
ptg010964l_1_region	43209	116785	2.70	0	8
ptg010965l_1	254813	1169734	4.59	0	17
ptg010965l_1_region	254813	1169734	4.59	0	17
ptg010966l_1	175396	277447	1.58	0	11
ptg010966l_1_region	175396	277447	1.58	0	11
ptg010969l_1	191542	635373	3.32	0	14
ptg010969l_1_region	191542	635373	3.32	0	14
ptg010971l_1	38091	181280	4.76	0	11
ptg010971l_1_region	38091	181280	4.76	0	11
ptg010972l_1	82367	480597	5.83	0	16
ptg010972l_1_region	82367	480597	5.83	0	16
ptg010976l_1	152505	640794	4.20	0	19
ptg010976l_1_region	152505	640794	4.20	0	19
ptg010977l_1	88070	700861	7.96	0	37
ptg010977l_1_region	88070	700861	7.96	0	37
ptg010978l_1	77117	187738	2.43	0	7
ptg010978l_1_region	77117	187738	2.43	0	7
ptg010979l_1	23891	6150	0.26	0	1
ptg010979l_1_region	23891	6150	0.26	0	1
ptg010980l_1	79316	84313	1.06	0	8
ptg010980l_1_region	79316	84313	1.06	0	8
ptg010984l_1	138346	274932	1.99	0	17
ptg010984l_1_region	138346	274932	1.99	0	17
ptg010985l_1	25346	176539	6.97	0	25
ptg010985l_1_region	25346	176539	6.97	0	25
ptg010987l_1	8016	15278	1.91	0	3
ptg010987l_1_region	8016	15278	1.91	0	3
ptg010988l_1	298818	1380975	4.62	0	22
ptg010988l_1_region	298818	1380975	4.62	0	22
ptg010991l_1	80312	376067	4.68	0	19
ptg010991l_1_region	80312	376067	4.68	0	19
ptg010993l_1	82184	423362	5.15	0	13
ptg010993l_1_region	82184	423362	5.15	0	13
ptg010994l_1	343174	1712098	4.99	0	36
ptg010994l_1_region	343174	1712098	4.99	0	36
ptg010995l_1	272979	1421081	5.21	0	15
ptg010995l_1_region	272979	1421081	5.21	0	15
ptg010998l_1	259216	1004520	3.88	0	22
ptg010998l_1_region	259216	1004520	3.88	0	22
ptg011000l_1	204929	902258	4.40	0	14
ptg011000l_1_region	204929	902258	4.40	0	14
ptg011004l_1	36648	87069	2.38	0	7
ptg011004l_1_region	36648	87069	2.38	0	7
ptg011005l_1	152691	687249	4.50	0	13
ptg011005l_1_region	152691	687249	4.50	0	13
ptg011008l_1	575423	4249844	7.39	0	30
ptg011008l_1_region	575423	4249844	7.39	0	30
ptg011011l_1	513354	2959370	5.76	0	15
ptg011011l_1_region	513354	2959370	5.76	0	15
ptg011012l_1	166023	504252	3.04	0	17
ptg011012l_1_region	166023	504252	3.04	0	17
ptg011013l_1	68629	232259	3.38	0	9
ptg011013l_1_region	68629	232259	3.38	0	9
ptg011015l_1	118302	1144271	9.67	0	41
ptg011015l_1_region	118302	1144271	9.67	0	41
ptg011016l_1	279243	1530670	5.48	0	43
ptg011016l_1_region	279243	1530670	5.48	0	43
ptg011020l_1	176758	507651	2.87	0	11
ptg011020l_1_region	176758	507651	2.87	0	11
ptg011021l_1	93993	80910	0.86	0	10
ptg011021l_1_region	93993	80910	0.86	0	10
ptg011030l_1	32635	75575	2.32	0	10
ptg011030l_1_region	32635	75575	2.32	0	10
ptg011032l_1	66911	254396	3.80	0	11
ptg011032l_1_region	66911	254396	3.80	0	11
ptg011035l_1	27572	109455	3.97	0	8
ptg011035l_1_region	27572	109455	3.97	0	8
ptg011037l_1	108861	495171	4.55	0	23
ptg011037l_1_region	108861	495171	4.55	0	23
ptg011038l_1	19799	53042	2.68	0	4
ptg011038l_1_region	19799	53042	2.68	0	4
ptg011040l_1	272394	1752774	6.43	0	21
ptg011040l_1_region	272394	1752774	6.43	0	21
ptg011041l_1	198280	642297	3.24	0	18
ptg011041l_1_region	198280	642297	3.24	0	18
ptg011044l_1	59326	316193	5.33	0	9
ptg011044l_1_region	59326	316193	5.33	0	9
ptg011045l_1	28119	133331	4.74	0	10
ptg011045l_1_region	28119	133331	4.74	0	10
ptg011046l_1	77018	302605	3.93	0	12
ptg011046l_1_region	77018	302605	3.93	0	12
ptg011050l_1	43369	585436	13.50	0	47
ptg011050l_1_region	43369	585436	13.50	0	47
ptg011051l_1	58122	289671	4.98	0	50
ptg011051l_1_region	58122	289671	4.98	0	50
ptg011052l_1	19467	39964	2.05	0	7
ptg011052l_1_region	19467	39964	2.05	0	7
ptg011053l_1	225695	39797	0.18	0	3
ptg011053l_1_region	225695	39797	0.18	0	3
ptg011054l_1	284385	132803	0.47	0	6
ptg011054l_1_region	284385	132803	0.47	0	6
ptg011057l_1	116147	108149	0.93	0	5
ptg011057l_1_region	116147	108149	0.93	0	5
ptg011063l_1	62580	257875	4.12	0	10
ptg011063l_1_region	62580	257875	4.12	0	10
ptg011064l_1	19847	47712	2.40	0	6
ptg011064l_1_region	19847	47712	2.40	0	6
ptg011067l_1	154850	857711	5.54	0	21
ptg011067l_1_region	154850	857711	5.54	0	21
ptg011072l_1	86947	337041	3.88	0	15
ptg011072l_1_region	86947	337041	3.88	0	15
ptg011074l_1	77317	82164	1.06	0	9
ptg011074l_1_region	77317	82164	1.06	0	9
ptg011075l_1	120941	616862	5.10	0	11
ptg011075l_1_region	120941	616862	5.10	0	11
ptg011076l_1	25409	953408	37.52	1	109
ptg011076l_1_region	25409	953408	37.52	1	109
ptg011077l_1	85266	461234	5.41	0	18
ptg011077l_1_region	85266	461234	5.41	0	18
ptg011080l_1	63931	297447	4.65	0	9
ptg011080l_1_region	63931	297447	4.65	0	9
ptg011081l_1	23198	43067	1.86	0	5
ptg011081l_1_region	23198	43067	1.86	0	5
ptg011082l_1	215731	838830	3.89	0	16
ptg011082l_1_region	215731	838830	3.89	0	16
ptg011087l_1	43383	72801	1.68	0	11
ptg011087l_1_region	43383	72801	1.68	0	11
ptg011089l_1	74455	393077	5.28	0	13
ptg011089l_1_region	74455	393077	5.28	0	13
ptg011092l_1	100246	646498	6.45	0	56
ptg011092l_1_region	100246	646498	6.45	0	56
ptg011093l_1	25607	47153	1.84	0	5
ptg011093l_1_region	25607	47153	1.84	0	5
ptg011095l_1	158801	721459	4.54	0	15
ptg011095l_1_region	158801	721459	4.54	0	15
ptg011096l_1	169634	1354800	7.99	0	19
ptg011096l_1_region	169634	1354800	7.99	0	19
ptg011104l_1	51392	130548	2.54	0	7
ptg011104l_1_region	51392	130548	2.54	0	7
ptg011105l_1	87185	173455	1.99	0	11
ptg011105l_1_region	87185	173455	1.99	0	11
ptg011106l_1	46680	272343	5.83	0	16
ptg011106l_1_region	46680	272343	5.83	0	16
ptg011107l_1	51084	86482	1.69	0	6
ptg011107l_1_region	51084	86482	1.69	0	6
ptg011109l_1	25981	143667	5.53	0	11
ptg011109l_1_region	25981	143667	5.53	0	11
ptg011111l_1	19931	45896	2.30	0	8
ptg011111l_1_region	19931	45896	2.30	0	8
ptg011113l_1	36123	100703	2.79	0	6
ptg011113l_1_region	36123	100703	2.79	0	6
ptg011114l_1	28231	150941	5.35	0	19
ptg011114l_1_region	28231	150941	5.35	0	19
ptg011118l_1	43662	123208	2.82	0	6
ptg011118l_1_region	43662	123208	2.82	0	6
ptg011120l_1	143394	159	0.00	0	1
ptg011120l_1_region	143394	159	0.00	0	1
ptg011123l_1	77910	392465	5.04	0	15
ptg011123l_1_region	77910	392465	5.04	0	15
ptg011124l_1	41899	118871	2.84	0	19
ptg011124l_1_region	41899	118871	2.84	0	19
ptg011125l_1	77488	25204	0.33	0	3
ptg011125l_1_region	77488	25204	0.33	0	3
ptg011126l_1	24653	40196	1.63	0	4
ptg011126l_1_region	24653	40196	1.63	0	4
ptg011130l_1	107800	523209	4.85	0	17
ptg011130l_1_region	107800	523209	4.85	0	17
ptg011132l_1	54165	197566	3.65	0	9
ptg011132l_1_region	54165	197566	3.65	0	9
ptg011134l_1	67551	256452	3.80	0	10
ptg011134l_1_region	67551	256452	3.80	0	10
ptg011137l_1	121692	260069	2.14	0	7
ptg011137l_1_region	121692	260069	2.14	0	7
ptg011139l_1	26708	49406	1.85	0	6
ptg011139l_1_region	26708	49406	1.85	0	6
ptg011140l_1	126125	605761	4.80	0	18
ptg011140l_1_region	126125	605761	4.80	0	18
ptg011145l_1	67658	197998	2.93	0	7
ptg011145l_1_region	67658	197998	2.93	0	7
ptg011146l_1	169276	948714	5.60	0	13
ptg011146l_1_region	169276	948714	5.60	0	13
ptg011148l_1	62136	197897	3.18	0	9
ptg011148l_1_region	62136	197897	3.18	0	9
ptg011149l_1	22688	45409	2.00	0	5
ptg011149l_1_region	22688	45409	2.00	0	5
ptg011158l_1	125562	568766	4.53	0	12
ptg011158l_1_region	125562	568766	4.53	0	12
ptg011159l_1	209145	6152	0.03	0	1
ptg011159l_1_region	209145	6152	0.03	0	1
ptg011160l_1	85930	19466	0.23	0	3
ptg011160l_1_region	85930	19466	0.23	0	3
ptg011161l_1	194627	1706148	8.77	0	26
ptg011161l_1_region	194627	1706148	8.77	0	26
ptg011164l_1	91343	531285	5.82	0	16
ptg011164l_1_region	91343	531285	5.82	0	16
ptg011165l_1	96663	539970	5.59	0	27
ptg011165l_1_region	96663	539970	5.59	0	27
ptg011169l_1	21416	76120	3.55	0	47
ptg011169l_1_region	21416	76120	3.55	0	47
ptg011171l_1	34382	139009	4.04	0	10
ptg011171l_1_region	34382	139009	4.04	0	10
ptg011172l_1	204599	516821	2.53	0	8
ptg011172l_1_region	204599	516821	2.53	0	8
ptg011177l_1	52870	319889	6.05	0	20
ptg011177l_1_region	52870	319889	6.05	0	20
ptg011179l_1	96560	843908	8.74	0	28
ptg011179l_1_region	96560	843908	8.74	0	28
ptg011183l_1	178616	2226545	12.47	0	51
ptg011183l_1_region	178616	2226545	12.47	0	51
ptg011184l_1	45841	68552	1.50	0	10
ptg011184l_1_region	45841	68552	1.50	0	10
ptg011185l_1	47247	144643	3.06	0	7
ptg011185l_1_region	47247	144643	3.06	0	7
ptg011187l_1	23786	89276	3.75	0	28
ptg011187l_1_region	23786	89276	3.75	0	28
ptg011191l_1	35379	146049	4.13	0	11
ptg011191l_1_region	35379	146049	4.13	0	11
ptg011192l_1	207121	1666317	8.05	0	54
ptg011192l_1_region	207121	1666317	8.05	0	54
ptg011195l_1	17368	63326	3.65	0	9
ptg011195l_1_region	17368	63326	3.65	0	9
ptg011199l_1	60642	188586	3.11	0	8
ptg011199l_1_region	60642	188586	3.11	0	8
ptg011204l_1	25319	173614	6.86	0	11
ptg011204l_1_region	25319	173614	6.86	0	11
ptg011207l_1	71873	185416	2.58	0	7
ptg011207l_1_region	71873	185416	2.58	0	7
ptg011211l_1	37134	138870	3.74	0	10
ptg011211l_1_region	37134	138870	3.74	0	10
ptg011212l_1	42727	191926	4.49	0	12
ptg011212l_1_region	42727	191926	4.49	0	12
ptg011213l_1	16617	2525	0.15	0	2
ptg011213l_1_region	16617	2525	0.15	0	2
ptg011215l_1	64895	510911	7.87	0	18
ptg011215l_1_region	64895	510911	7.87	0	18
ptg011218l_1	134301	277086	2.06	0	9
ptg011218l_1_region	134301	277086	2.06	0	9
ptg011220l_1	146379	28996	0.20	0	3
ptg011220l_1_region	146379	28996	0.20	0	3
ptg011223l_1	103106	372016	3.61	0	9
ptg011223l_1_region	103106	372016	3.61	0	9
ptg011228l_1	100208	303884	3.03	0	9
ptg011228l_1_region	100208	303884	3.03	0	9
ptg011230l_1	79309	276782	3.49	0	13
ptg011230l_1_region	79309	276782	3.49	0	13
ptg011231l_1	19246	38266	1.99	0	5
ptg011231l_1_region	19246	38266	1.99	0	5
ptg011232l_1	94813	525367	5.54	0	16
ptg011232l_1_region	94813	525367	5.54	0	16
ptg011233l_1	32046	169920	5.30	0	11
ptg011233l_1_region	32046	169920	5.30	0	11
ptg011236l_1	74865	438935	5.86	0	38
ptg011236l_1_region	74865	438935	5.86	0	38
ptg011240l_1	100334	460200	4.59	0	12
ptg011240l_1_region	100334	460200	4.59	0	12
ptg011242l_1	160422	638843	3.98	0	38
ptg011242l_1_region	160422	638843	3.98	0	38
ptg011243l_1	95127	433563	4.56	0	14
ptg011243l_1_region	95127	433563	4.56	0	14
ptg011244l_1	48429	213753	4.41	0	14
ptg011244l_1_region	48429	213753	4.41	0	14
ptg011245l_1	120823	475052	3.93	0	16
ptg011245l_1_region	120823	475052	3.93	0	16
ptg011246l_1	44888	125296	2.79	0	8
ptg011246l_1_region	44888	125296	2.79	0	8
ptg011250l_1	789766	1325389	1.68	0	12
ptg011250l_1_region	789766	1325389	1.68	0	12
ptg011256l_1	129838	373094	2.87	0	10
ptg011256l_1_region	129838	373094	2.87	0	10
ptg011258l_1	133637	448692	3.36	0	25
ptg011258l_1_region	133637	448692	3.36	0	25
ptg011259l_1	33664	168977	5.02	0	10
ptg011259l_1_region	33664	168977	5.02	0	10
ptg011263l_1	67854	400240	5.90	0	27
ptg011263l_1_region	67854	400240	5.90	0	27
ptg011264l_1	51213	225153	4.40	0	11
ptg011264l_1_region	51213	225153	4.40	0	11
ptg011265l_1	54819	91565	1.67	0	8
ptg011265l_1_region	54819	91565	1.67	0	8
ptg011266l_1	47573	203616	4.28	0	11
ptg011266l_1_region	47573	203616	4.28	0	11
ptg011270l_1	135057	728014	5.39	0	23
ptg011270l_1_region	135057	728014	5.39	0	23
ptg011274l_1	85172	283590	3.33	0	10
ptg011274l_1_region	85172	283590	3.33	0	10
ptg011276l_1	149998	559579	3.73	0	12
ptg011276l_1_region	149998	559579	3.73	0	12
ptg011277l_1	67642	171122	2.53	0	6
ptg011277l_1_region	67642	171122	2.53	0	6
ptg011278l_1	146387	714459	4.88	0	17
ptg011278l_1_region	146387	714459	4.88	0	17
ptg011280l_1	40139	230060	5.73	0	16
ptg011280l_1_region	40139	230060	5.73	0	16
ptg011281l_1	28990	12020	0.41	0	2
ptg011281l_1_region	28990	12020	0.41	0	2
ptg011282l_1	59014	121881	2.07	0	6
ptg011282l_1_region	59014	121881	2.07	0	6
ptg011283l_1	85264	387674	4.55	0	15
ptg011283l_1_region	85264	387674	4.55	0	15
ptg011286l_1	122866	372669	3.03	0	13
ptg011286l_1_region	122866	372669	3.03	0	13
ptg011287l_1	26368	41488	1.57	0	7
ptg011287l_1_region	26368	41488	1.57	0	7
ptg011288l_1	64283	515615	8.02	1	17
ptg011288l_1_region	64283	515615	8.02	1	17
ptg011291l_1	117079	656851	5.61	0	14
ptg011291l_1_region	117079	656851	5.61	0	14
ptg011292l_1	66074	541354	8.19	0	37
ptg011292l_1_region	66074	541354	8.19	0	37
ptg011293l_1	64194	206651	3.22	0	10
ptg011293l_1_region	64194	206651	3.22	0	10
ptg011295l_1	52768	147608	2.80	0	9
ptg011295l_1_region	52768	147608	2.80	0	9
ptg011298l_1	72303	273743	3.79	0	10
ptg011298l_1_region	72303	273743	3.79	0	10
ptg011299l_1	63554	120785	1.90	0	4
ptg011299l_1_region	63554	120785	1.90	0	4
ptg011301l_1	31325	135699	4.33	0	9
ptg011301l_1_region	31325	135699	4.33	0	9
ptg011305l_1	44779	137456	3.07	0	9
ptg011305l_1_region	44779	137456	3.07	0	9
ptg011308l_1	28668	72021	2.51	0	8
ptg011308l_1_region	28668	72021	2.51	0	8
ptg011311l_1	92523	325322	3.52	0	15
ptg011311l_1_region	92523	325322	3.52	0	15
ptg011314l_1	97286	419358	4.31	0	12
ptg011314l_1_region	97286	419358	4.31	0	12
ptg011315l_1	45458	7690	0.17	0	4
ptg011315l_1_region	45458	7690	0.17	0	4
ptg011316l_1	176875	857226	4.85	0	21
ptg011316l_1_region	176875	857226	4.85	0	21
ptg011319l_1	63868	81857	1.28	0	8
ptg011319l_1_region	63868	81857	1.28	0	8
ptg011320l_1	83281	224332	2.69	0	12
ptg011320l_1_region	83281	224332	2.69	0	12
ptg011324l_1	51941	136799	2.63	0	6
ptg011324l_1_region	51941	136799	2.63	0	6
ptg011325l_1	74532	496113	6.66	0	15
ptg011325l_1_region	74532	496113	6.66	0	15
ptg011329l_1	144017	927138	6.44	0	26
ptg011329l_1_region	144017	927138	6.44	0	26
ptg011330l_1	210250	1500295	7.14	0	22
ptg011330l_1_region	210250	1500295	7.14	0	22
ptg011331l_1	61976	281639	4.54	0	10
ptg011331l_1_region	61976	281639	4.54	0	10
ptg011332l_1	31514	16323	0.52	0	1
ptg011332l_1_region	31514	16323	0.52	0	1
ptg011333l_1	68459	553963	8.09	0	24
ptg011333l_1_region	68459	553963	8.09	0	24
ptg011336l_1	200636	826021	4.12	0	10
ptg011336l_1_region	200636	826021	4.12	0	10
ptg011337l_1	63765	960499	15.06	0	52
ptg011337l_1_region	63765	960499	15.06	0	52
ptg011338l_1	150764	715478	4.75	0	14
ptg011338l_1_region	150764	715478	4.75	0	14
ptg011339l_1	254382	152629	0.60	0	8
ptg011339l_1_region	254382	152629	0.60	0	8
ptg011342l_1	32304	273992	8.48	0	26
ptg011342l_1_region	32304	273992	8.48	0	26
ptg011343l_1	102882	325075	3.16	0	9
ptg011343l_1_region	102882	325075	3.16	0	9
ptg011345l_1	135412	1370355	10.12	0	44
ptg011345l_1_region	135412	1370355	10.12	0	44
ptg011346l_1	57726	200618	3.48	0	12
ptg011346l_1_region	57726	200618	3.48	0	12
ptg011347l_1	28361	14617	0.52	0	2
ptg011347l_1_region	28361	14617	0.52	0	2
ptg011348l_1	86138	375911	4.36	0	11
ptg011348l_1_region	86138	375911	4.36	0	11
ptg011350l_1	38798	171401	4.42	0	10
ptg011350l_1_region	38798	171401	4.42	0	10
ptg011351l_1	499417	1096651	2.20	0	29
ptg011351l_1_region	499417	1096651	2.20	0	29
ptg011355l_1	23177	7893	0.34	0	1
ptg011355l_1_region	23177	7893	0.34	0	1
ptg011358l_1	199624	2438737	12.22	0	41
ptg011358l_1_region	199624	2438737	12.22	0	41
ptg011359l_1	74840	577619	7.72	0	22
ptg011359l_1_region	74840	577619	7.72	0	22
ptg011360l_1	58173	227232	3.91	0	12
ptg011360l_1_region	58173	227232	3.91	0	12
ptg011365l_1	19953	5289	0.27	0	1
ptg011365l_1_region	19953	5289	0.27	0	1
ptg011369l_1	39788	152815	3.84	0	8
ptg011369l_1_region	39788	152815	3.84	0	8
ptg011370l_1	103975	335807	3.23	0	17
ptg011370l_1_region	103975	335807	3.23	0	17
ptg011371l_1	106280	312096	2.94	0	7
ptg011371l_1_region	106280	312096	2.94	0	7
ptg011372l_1	144322	684743	4.74	0	19
ptg011372l_1_region	144322	684743	4.74	0	19
ptg011373l_1	52910	379313	7.17	0	252
ptg011373l_1_region	52910	379313	7.17	0	252
ptg011374l_1	70433	987917	14.03	0	45
ptg011374l_1_region	70433	987917	14.03	0	45
ptg011375l_1	82053	293889	3.58	0	17
ptg011375l_1_region	82053	293889	3.58	0	17
ptg011381l_1	97958	4901	0.05	0	1
ptg011381l_1_region	97958	4901	0.05	0	1
ptg011385l_1	48102	358757	7.46	0	14
ptg011385l_1_region	48102	358757	7.46	0	14
ptg011386l_1	168719	678397	4.02	0	10
ptg011386l_1_region	168719	678397	4.02	0	10
ptg011387l_1	130946	839881	6.41	0	43
ptg011387l_1_region	130946	839881	6.41	0	43
ptg011389l_1	90360	43820	0.48	0	3
ptg011389l_1_region	90360	43820	0.48	0	3
ptg011390l_1	68671	176424	2.57	0	6
ptg011390l_1_region	68671	176424	2.57	0	6
ptg011392l_1	304193	424180	1.39	0	7
ptg011392l_1_region	304193	424180	1.39	0	7
ptg011393l_1	138627	800281	5.77	0	13
ptg011393l_1_region	138627	800281	5.77	0	13
ptg011399l_1	50184	46008	0.92	0	3
ptg011399l_1_region	50184	46008	0.92	0	3
ptg011404l_1	34573	120519	3.49	0	9
ptg011404l_1_region	34573	120519	3.49	0	9
ptg011405l_1	73146	388403	5.31	1	10
ptg011405l_1_region	73146	388403	5.31	1	10
ptg011406l_1	14965	13980	0.93	0	2
ptg011406l_1_region	14965	13980	0.93	0	2
ptg011407l_1	234362	72765	0.31	0	4
ptg011407l_1_region	234362	72765	0.31	0	4
ptg011412l_1	278677	1208230	4.34	0	16
ptg011412l_1_region	278677	1208230	4.34	0	16
ptg011414l_1	177566	177688	1.00	0	12
ptg011414l_1_region	177566	177688	1.00	0	12
ptg011415l_1	101140	449424	4.44	0	65
ptg011415l_1_region	101140	449424	4.44	0	65
ptg011418l_1	101832	414594	4.07	0	18
ptg011418l_1_region	101832	414594	4.07	0	18
ptg011419l_1	171512	1631961	9.52	0	34
ptg011419l_1_region	171512	1631961	9.52	0	34
ptg011427l_1	55628	157281	2.83	0	10
ptg011427l_1_region	55628	157281	2.83	0	10
ptg011429l_1	104288	289219	2.77	0	14
ptg011429l_1_region	104288	289219	2.77	0	14
ptg011430l_1	55613	185160	3.33	0	10
ptg011430l_1_region	55613	185160	3.33	0	10
ptg011431l_1	84786	349602	4.12	0	20
ptg011431l_1_region	84786	349602	4.12	0	20
ptg011434l_1	16094	59922	3.72	0	9
ptg011434l_1_region	16094	59922	3.72	0	9
ptg011435l_1	13716	64257	4.68	0	9
ptg011435l_1_region	13716	64257	4.68	0	9
ptg011437l_1	68684	291082	4.24	0	14
ptg011437l_1_region	68684	291082	4.24	0	14
ptg011440l_1	51230	106490	2.08	0	11
ptg011440l_1_region	51230	106490	2.08	0	11
ptg011442l_1	170259	512311	3.01	0	23
ptg011442l_1_region	170259	512311	3.01	0	23
ptg011443l_1	75757	335143	4.42	0	10
ptg011443l_1_region	75757	335143	4.42	0	10
ptg011444l_1	170816	632317	3.70	0	12
ptg011444l_1_region	170816	632317	3.70	0	12
ptg011445l_1	246656	1593837	6.46	0	27
ptg011445l_1_region	246656	1593837	6.46	0	27
ptg011448l_1	109169	507235	4.65	0	17
ptg011448l_1_region	109169	507235	4.65	0	17
ptg011452l_1	49286	62375	1.27	0	5
ptg011452l_1_region	49286	62375	1.27	0	5
ptg011453l_1	72635	456872	6.29	0	40
ptg011453l_1_region	72635	456872	6.29	0	40
ptg011454l_1	256793	2497941	9.73	0	42
ptg011454l_1_region	256793	2497941	9.73	0	42
ptg011459l_1	58440	366019	6.26	0	13
ptg011459l_1_region	58440	366019	6.26	0	13
ptg011460l_1	125506	463602	3.69	0	10
ptg011460l_1_region	125506	463602	3.69	0	10
ptg011462l_1	50049	326983	6.53	1	15
ptg011462l_1_region	50049	326983	6.53	1	15
ptg011463l_1	54351	221722	4.08	0	11
ptg011463l_1_region	54351	221722	4.08	0	11
ptg011467l_1	122125	881240	7.22	0	39
ptg011467l_1_region	122125	881240	7.22	0	39
ptg011469l_1	26257	113617	4.33	0	9
ptg011469l_1_region	26257	113617	4.33	0	9
ptg011473l_1	35873	155119	4.32	0	13
ptg011473l_1_region	35873	155119	4.32	0	13
ptg011474l_1	132394	425880	3.22	0	13
ptg011474l_1_region	132394	425880	3.22	0	13
ptg011476l_1	40675	1773191	43.59	0	83
ptg011476l_1_region	40675	1773191	43.59	0	83
ptg011477l_1	32764	103074	3.15	0	8
ptg011477l_1_region	32764	103074	3.15	0	8
ptg011478l_1	163915	1345214	8.21	0	19
ptg011478l_1_region	163915	1345214	8.21	0	19
ptg011479l_1	205343	1227435	5.98	0	30
ptg011479l_1_region	205343	1227435	5.98	0	30
ptg011482l_1	45618	491211	10.77	0	79
ptg011482l_1_region	45618	491211	10.77	0	79
ptg011484l_1	54724	137907	2.52	0	37
ptg011484l_1_region	54724	137907	2.52	0	37
ptg011486l_1	230543	1314099	5.70	0	15
ptg011486l_1_region	230543	1314099	5.70	0	15
ptg011487l_1	20495	91829	4.48	0	12
ptg011487l_1_region	20495	91829	4.48	0	12
ptg011491l_1	39783	53738	1.35	0	11
ptg011491l_1_region	39783	53738	1.35	0	11
ptg011492l_1	178127	827917	4.65	0	16
ptg011492l_1_region	178127	827917	4.65	0	16
ptg011493l_1	39713	154619	3.89	0	14
ptg011493l_1_region	39713	154619	3.89	0	14
ptg011494l_1	71231	173822	2.44	0	6
ptg011494l_1_region	71231	173822	2.44	0	6
ptg011495l_1	57011	270002	4.74	0	12
ptg011495l_1_region	57011	270002	4.74	0	12
ptg011496l_1	76848	402129	5.23	0	19
ptg011496l_1_region	76848	402129	5.23	0	19
ptg011497l_1	36290	381103	10.50	0	24
ptg011497l_1_region	36290	381103	10.50	0	24
ptg011501l_1	67837	53412	0.79	0	4
ptg011501l_1_region	67837	53412	0.79	0	4
ptg011502l_1	31756	112353	3.54	0	9
ptg011502l_1_region	31756	112353	3.54	0	9
ptg011503l_1	60550	449652	7.43	0	17
ptg011503l_1_region	60550	449652	7.43	0	17
ptg011504l_1	96208	346418	3.60	0	10
ptg011504l_1_region	96208	346418	3.60	0	10
ptg011505l_1	151847	363062	2.39	0	11
ptg011505l_1_region	151847	363062	2.39	0	11
ptg011506l_1	34508	83873	2.43	0	8
ptg011506l_1_region	34508	83873	2.43	0	8
ptg011507l_1	107323	412904	3.85	0	13
ptg011507l_1_region	107323	412904	3.85	0	13
ptg011508l_1	196277	1171919	5.97	0	14
ptg011508l_1_region	196277	1171919	5.97	0	14
ptg011512l_1	88459	530524	6.00	0	16
ptg011512l_1_region	88459	530524	6.00	0	16
ptg011514l_1	23876	87050	3.65	0	10
ptg011514l_1_region	23876	87050	3.65	0	10
ptg011516l_1	42994	103325	2.40	0	6
ptg011516l_1_region	42994	103325	2.40	0	6
ptg011517l_1	77500	1042258	13.45	0	43
ptg011517l_1_region	77500	1042258	13.45	0	43
ptg011518l_1	30073	222001	7.38	0	23
ptg011518l_1_region	30073	222001	7.38	0	23
ptg011521l_1	161815	666411	4.12	0	16
ptg011521l_1_region	161815	666411	4.12	0	16
ptg011525l_1	169350	751394	4.44	0	13
ptg011525l_1_region	169350	751394	4.44	0	13
ptg011526l_1	32827	84381	2.57	0	9
ptg011526l_1_region	32827	84381	2.57	0	9
ptg011527l_1	28012	318316	11.36	0	20
ptg011527l_1_region	28012	318316	11.36	0	20
ptg011529l_1	99244	282328	2.84	0	14
ptg011529l_1_region	99244	282328	2.84	0	14
ptg011530l_1	202072	846624	4.19	0	15
ptg011530l_1_region	202072	846624	4.19	0	15
ptg011531l_1	88748	234230	2.64	0	8
ptg011531l_1_region	88748	234230	2.64	0	8
ptg011532l_1	98382	391186	3.98	0	14
ptg011532l_1_region	98382	391186	3.98	0	14
ptg011534l_1	24081	48072	2.00	0	4
ptg011534l_1_region	24081	48072	2.00	0	4
ptg011536l_1	136764	637554	4.66	0	12
ptg011536l_1_region	136764	637554	4.66	0	12
ptg011537l_1	135337	538100	3.98	0	18
ptg011537l_1_region	135337	538100	3.98	0	18
ptg011542l_1	17566	55762	3.17	0	8
ptg011542l_1_region	17566	55762	3.17	0	8
ptg011543l_1	127642	506348	3.97	0	15
ptg011543l_1_region	127642	506348	3.97	0	15
ptg011544l_1	159318	1170579	7.35	0	24
ptg011544l_1_region	159318	1170579	7.35	0	24
ptg011549l_1	45740	75514	1.65	0	5
ptg011549l_1_region	45740	75514	1.65	0	5
ptg011550l_1	128616	961295	7.47	0	23
ptg011550l_1_region	128616	961295	7.47	0	23
ptg011551l_1	172601	988803	5.73	0	38
ptg011551l_1_region	172601	988803	5.73	0	38
ptg011561l_1	136354	444015	3.26	0	10
ptg011561l_1_region	136354	444015	3.26	0	10
ptg011562l_1	519850	1765576	3.40	0	37
ptg011562l_1_region	519850	1765576	3.40	0	37
ptg011565l_1	86824	413109	4.76	0	14
ptg011565l_1_region	86824	413109	4.76	0	14
ptg011566l_1	56282	85264	1.51	0	5
ptg011566l_1_region	56282	85264	1.51	0	5
ptg011569l_1	94362	471539	5.00	0	12
ptg011569l_1_region	94362	471539	5.00	0	12
ptg011571l_1	28015	82552	2.95	0	6
ptg011571l_1_region	28015	82552	2.95	0	6
ptg011573l_1	292707	748791	2.56	0	15
ptg011573l_1_region	292707	748791	2.56	0	15
ptg011576l_1	99367	200607	2.02	0	12
ptg011576l_1_region	99367	200607	2.02	0	12
ptg011578l_1	174825	717334	4.10	0	17
ptg011578l_1_region	174825	717334	4.10	0	17
ptg011579l_1	36062	93593	2.60	0	9
ptg011579l_1_region	36062	93593	2.60	0	9
ptg011580l_1	19659	21511	1.09	0	4
ptg011580l_1_region	19659	21511	1.09	0	4
ptg011581l_1	84120	96606	1.15	0	3
ptg011581l_1_region	84120	96606	1.15	0	3
ptg011589l_1	349206	1351415	3.87	0	14
ptg011589l_1_region	349206	1351415	3.87	0	14
ptg011591l_1	71035	393902	5.55	0	15
ptg011591l_1_region	71035	393902	5.55	0	15
ptg011594l_1	63855	468050	7.33	0	19
ptg011594l_1_region	63855	468050	7.33	0	19
ptg011597l_1	61312	230099	3.75	0	9
ptg011597l_1_region	61312	230099	3.75	0	9
ptg011600l_1	60346	289927	4.80	0	16
ptg011600l_1_region	60346	289927	4.80	0	16
ptg011601l_1	162378	779733	4.80	0	29
ptg011601l_1_region	162378	779733	4.80	0	29
ptg011602l_1	81042	233278	2.88	0	17
ptg011602l_1_region	81042	233278	2.88	0	17
ptg011603l_1	50541	302483	5.98	0	16
ptg011603l_1_region	50541	302483	5.98	0	16
ptg011605l_1	29256	124428	4.25	0	8
ptg011605l_1_region	29256	124428	4.25	0	8
ptg011607l_1	70495	412913	5.86	0	12
ptg011607l_1_region	70495	412913	5.86	0	12
ptg011613l_1	27915	301180	10.79	0	56
ptg011613l_1_region	27915	301180	10.79	0	56
ptg011616l_1	163388	536489	3.28	0	44
ptg011616l_1_region	163388	536489	3.28	0	44
ptg011620l_1	77918	368196	4.73	0	13
ptg011620l_1_region	77918	368196	4.73	0	13
ptg011624l_1	266302	1143350	4.29	0	20
ptg011624l_1_region	266302	1143350	4.29	0	20
ptg011625l_1	28204	93997	3.33	0	16
ptg011625l_1_region	28204	93997	3.33	0	16
ptg011627l_1	49906	166651	3.34	0	16
ptg011627l_1_region	49906	166651	3.34	0	16
ptg011630l_1	122254	419394	3.43	0	10
ptg011630l_1_region	122254	419394	3.43	0	10
ptg011632l_1	44585	114339	2.56	0	13
ptg011632l_1_region	44585	114339	2.56	0	13
ptg011633l_1	95979	303697	3.16	0	16
ptg011633l_1_region	95979	303697	3.16	0	16
ptg011634l_1	76171	384962	5.05	0	14
ptg011634l_1_region	76171	384962	5.05	0	14
ptg011635l_1	54172	200080	3.69	0	10
ptg011635l_1_region	54172	200080	3.69	0	10
ptg011636l_1	636969	686921	1.08	0	13
ptg011636l_1_region	636969	686921	1.08	0	13
ptg011638l_1	64025	234405	3.66	0	11
ptg011638l_1_region	64025	234405	3.66	0	11
ptg011641l_1	208117	601310	2.89	0	18
ptg011641l_1_region	208117	601310	2.89	0	18
ptg011642l_1	88636	602866	6.80	0	27
ptg011642l_1_region	88636	602866	6.80	0	27
ptg011644l_1	78569	434757	5.53	0	37
ptg011644l_1_region	78569	434757	5.53	0	37
ptg011645l_1	49945	120876	2.42	0	8
ptg011645l_1_region	49945	120876	2.42	0	8
ptg011646l_1	432928	1866981	4.31	0	15
ptg011646l_1_region	432928	1866981	4.31	0	15
ptg011647l_1	59536	88713	1.49	0	6
ptg011647l_1_region	59536	88713	1.49	0	6
ptg011649l_1	56704	301943	5.32	0	20
ptg011649l_1_region	56704	301943	5.32	0	20
ptg011651l_1	25996	119529	4.60	0	10
ptg011651l_1_region	25996	119529	4.60	0	10
ptg011652l_1	58115	142768	2.46	0	10
ptg011652l_1_region	58115	142768	2.46	0	10
ptg011654l_1	124906	496002	3.97	0	35
ptg011654l_1_region	124906	496002	3.97	0	35
ptg011655l_1	23595	166275	7.05	0	23
ptg011655l_1_region	23595	166275	7.05	0	23
ptg011659l_1	237500	951286	4.01	0	17
ptg011659l_1_region	237500	951286	4.01	0	17
ptg011665l_1	93301	526450	5.64	0	23
ptg011665l_1_region	93301	526450	5.64	0	23
ptg011667l_1	73712	202298	2.74	0	7
ptg011667l_1_region	73712	202298	2.74	0	7
ptg011668l_1	9326	3658	0.39	0	1
ptg011668l_1_region	9326	3658	0.39	0	1
ptg011669l_1	23390	23618	1.01	0	5
ptg011669l_1_region	23390	23618	1.01	0	5
ptg011676l_1	95332	331234	3.47	0	14
ptg011676l_1_region	95332	331234	3.47	0	14
ptg011680l_1	188905	766142	4.06	0	15
ptg011680l_1_region	188905	766142	4.06	0	15
ptg011682l_1	129409	119614	0.92	0	11
ptg011682l_1_region	129409	119614	0.92	0	11
ptg011685l_1	236918	1655315	6.99	0	51
ptg011685l_1_region	236918	1655315	6.99	0	51
ptg011686l_1	123267	446428	3.62	0	9
ptg011686l_1_region	123267	446428	3.62	0	9
ptg011688l_1	35001	190766	5.45	0	14
ptg011688l_1_region	35001	190766	5.45	0	14
ptg011689l_1	50979	146610	2.88	0	10
ptg011689l_1_region	50979	146610	2.88	0	10
ptg011691l_1	65924	423108	6.42	0	24
ptg011691l_1_region	65924	423108	6.42	0	24
ptg011693l_1	61072	241714	3.96	0	34
ptg011693l_1_region	61072	241714	3.96	0	34
ptg011694l_1	82847	257513	3.11	0	10
ptg011694l_1_region	82847	257513	3.11	0	10
ptg011695l_1	183698	878942	4.78	0	21
ptg011695l_1_region	183698	878942	4.78	0	21
ptg011701l_1	60502	324010	5.36	0	10
ptg011701l_1_region	60502	324010	5.36	0	10
ptg011702l_1	55025	173870	3.16	0	9
ptg011702l_1_region	55025	173870	3.16	0	9
ptg011705l_1	195074	580195	2.97	0	27
ptg011705l_1_region	195074	580195	2.97	0	27
ptg011709l_1	131568	516988	3.93	0	15
ptg011709l_1_region	131568	516988	3.93	0	15
ptg011712l_1	11596	20410	1.76	0	4
ptg011712l_1_region	11596	20410	1.76	0	4
ptg011713l_1	91102	415338	4.56	0	10
ptg011713l_1_region	91102	415338	4.56	0	10
ptg011716l_1	40638	170612	4.20	0	17
ptg011716l_1_region	40638	170612	4.20	0	17
ptg011717l_1	30842	54724	1.77	0	5
ptg011717l_1_region	30842	54724	1.77	0	5
ptg011719l_1	48513	306399	6.32	0	19
ptg011719l_1_region	48513	306399	6.32	0	19
ptg011722l_1	25729	425524	16.54	0	52
ptg011722l_1_region	25729	425524	16.54	0	52
ptg011724l_1	40260	162969	4.05	0	14
ptg011724l_1_region	40260	162969	4.05	0	14
ptg011725l_1	24748	40530	1.64	0	6
ptg011725l_1_region	24748	40530	1.64	0	6
ptg011729l_1	294427	979763	3.33	0	10
ptg011729l_1_region	294427	979763	3.33	0	10
ptg011730l_1	32451	169993	5.24	1	13
ptg011730l_1_region	32451	169993	5.24	1	13
ptg011732l_1	80146	440470	5.50	0	45
ptg011732l_1_region	80146	440470	5.50	0	45
ptg011733l_1	42190	190171	4.51	0	40
ptg011733l_1_region	42190	190171	4.51	0	40
ptg011736l_1	201103	857687	4.26	0	20
ptg011736l_1_region	201103	857687	4.26	0	20
ptg011739l_1	88759	302212	3.40	0	9
ptg011739l_1_region	88759	302212	3.40	0	9
ptg011740l_1	50189	152490	3.04	0	15
ptg011740l_1_region	50189	152490	3.04	0	15
ptg011742l_1	16610	72159	4.34	0	10
ptg011742l_1_region	16610	72159	4.34	0	10
ptg011750l_1	202189	738196	3.65	0	36
ptg011750l_1_region	202189	738196	3.65	0	36
ptg011753l_1	276392	1257081	4.55	0	15
ptg011753l_1_region	276392	1257081	4.55	0	15
ptg011755l_1	30004	239543	7.98	0	33
ptg011755l_1_region	30004	239543	7.98	0	33
ptg011756l_1	28423	172247	6.06	0	15
ptg011756l_1_region	28423	172247	6.06	0	15
ptg011757l_1	55464	89966	1.62	0	8
ptg011757l_1_region	55464	89966	1.62	0	8
ptg011759l_1	19306	60341	3.13	0	12
ptg011759l_1_region	19306	60341	3.13	0	12
ptg011761l_1	140072	605783	4.32	0	25
ptg011761l_1_region	140072	605783	4.32	0	25
ptg011762l_1	621566	2393804	3.85	0	32
ptg011762l_1_region	621566	2393804	3.85	0	32
ptg011767l_1	44815	147515	3.29	0	7
ptg011767l_1_region	44815	147515	3.29	0	7
ptg011768l_1	24232	153976	6.35	0	16
ptg011768l_1_region	24232	153976	6.35	0	16
ptg011769l_1	37385	167561	4.48	0	13
ptg011769l_1_region	37385	167561	4.48	0	13
ptg011770l_1	157728	489783	3.11	0	13
ptg011770l_1_region	157728	489783	3.11	0	13
ptg011771l_1	85804	451860	5.27	0	14
ptg011771l_1_region	85804	451860	5.27	0	14
ptg011774l_1	61851	137311	2.22	0	16
ptg011774l_1_region	61851	137311	2.22	0	16
ptg011780l_1	39088	232225	5.94	0	21
ptg011780l_1_region	39088	232225	5.94	0	21
ptg011783l_1	47422	82704	1.74	0	4
ptg011783l_1_region	47422	82704	1.74	0	4
ptg011784l_1	196593	714076	3.63	0	14
ptg011784l_1_region	196593	714076	3.63	0	14
ptg011785l_1	19094	20215	1.06	0	3
ptg011785l_1_region	19094	20215	1.06	0	3
ptg011786l_1	30710	78895	2.57	0	5
ptg011786l_1_region	30710	78895	2.57	0	5
ptg011787l_1	78313	350872	4.48	0	22
ptg011787l_1_region	78313	350872	4.48	0	22
ptg011790l_1	11674	43640	3.74	0	6
ptg011790l_1_region	11674	43640	3.74	0	6
ptg011793l_1	119907	817020	6.81	0	32
ptg011793l_1_region	119907	817020	6.81	0	32
ptg011795l_1	105220	462292	4.39	0	14
ptg011795l_1_region	105220	462292	4.39	0	14
ptg011798l_1	273757	1103378	4.03	0	16
ptg011798l_1_region	273757	1103378	4.03	0	16
ptg011805l_1	40665	107496	2.64	0	7
ptg011805l_1_region	40665	107496	2.64	0	7
ptg011807l_1	149295	228910	1.53	0	11
ptg011807l_1_region	149295	228910	1.53	0	11
ptg011809l_1	114102	389772	3.42	0	21
ptg011809l_1_region	114102	389772	3.42	0	21
ptg011810l_1	48641	126905	2.61	0	7
ptg011810l_1_region	48641	126905	2.61	0	7
ptg011812l_1	114674	289089	2.52	0	12
ptg011812l_1_region	114674	289089	2.52	0	12
ptg011814l_1	85567	698654	8.16	0	29
ptg011814l_1_region	85567	698654	8.16	0	29
ptg011815l_1	46882	309897	6.61	0	17
ptg011815l_1_region	46882	309897	6.61	0	17
ptg011817l_1	116627	1139853	9.77	0	30
ptg011817l_1_region	116627	1139853	9.77	0	30
ptg011818l_1	120066	543770	4.53	0	15
ptg011818l_1_region	120066	543770	4.53	0	15
ptg011819l_1	75099	189220	2.52	0	7
ptg011819l_1_region	75099	189220	2.52	0	7
ptg011822l_1	88904	346197	3.89	0	14
ptg011822l_1_region	88904	346197	3.89	0	14
ptg011823l_1	120643	565290	4.69	0	53
ptg011823l_1_region	120643	565290	4.69	0	53
ptg011824l_1	91418	109436	1.20	0	6
ptg011824l_1_region	91418	109436	1.20	0	6
ptg011825l_1	54470	162123	2.98	0	8
ptg011825l_1_region	54470	162123	2.98	0	8
ptg011826l_1	83150	263446	3.17	0	10
ptg011826l_1_region	83150	263446	3.17	0	10
ptg011832l_1	61463	247566	4.03	0	12
ptg011832l_1_region	61463	247566	4.03	0	12
ptg011833l_1	65380	280039	4.28	0	14
ptg011833l_1_region	65380	280039	4.28	0	14
ptg011835l_1	28729	40955	1.43	0	7
ptg011835l_1_region	28729	40955	1.43	0	7
ptg011837l_1	43999	97246	2.21	0	6
ptg011837l_1_region	43999	97246	2.21	0	6
ptg011840l_1	139028	433976	3.12	0	34
ptg011840l_1_region	139028	433976	3.12	0	34
ptg011843l_1	145261	448022	3.08	0	10
ptg011843l_1_region	145261	448022	3.08	0	10
ptg011845l_1	39471	136627	3.46	0	9
ptg011845l_1_region	39471	136627	3.46	0	9
ptg011846l_1	38910	46566	1.20	0	6
ptg011846l_1_region	38910	46566	1.20	0	6
ptg011847l_1	255106	1084792	4.25	0	15
ptg011847l_1_region	255106	1084792	4.25	0	15
ptg011854l_1	23205	47852	2.06	0	4
ptg011854l_1_region	23205	47852	2.06	0	4
ptg011855l_1	65146	292547	4.49	0	12
ptg011855l_1_region	65146	292547	4.49	0	12
ptg011857l_1	32253	110715	3.43	0	7
ptg011857l_1_region	32253	110715	3.43	0	7
ptg011859l_1	64627	392497	6.07	0	22
ptg011859l_1_region	64627	392497	6.07	0	22
ptg011860l_1	129736	507462	3.91	0	11
ptg011860l_1_region	129736	507462	3.91	0	11
ptg011861l_1	22926	24081	1.05	0	2
ptg011861l_1_region	22926	24081	1.05	0	2
ptg011862l_1	150366	479203	3.19	0	10
ptg011862l_1_region	150366	479203	3.19	0	10
ptg011863l_1	220117	1199086	5.45	0	14
ptg011863l_1_region	220117	1199086	5.45	0	14
ptg011867l_1	119124	525337	4.41	0	14
ptg011867l_1_region	119124	525337	4.41	0	14
ptg011869l_1	33463	134240	4.01	0	9
ptg011869l_1_region	33463	134240	4.01	0	9
ptg011870l_1	223677	1796243	8.03	0	168
ptg011870l_1_region	223677	1796243	8.03	0	168
ptg011872l_1	173915	912177	5.24	0	15
ptg011872l_1_region	173915	912177	5.24	0	15
ptg011873l_1	53202	203206	3.82	0	9
ptg011873l_1_region	53202	203206	3.82	0	9
ptg011875l_1	23609	140981	5.97	0	13
ptg011875l_1_region	23609	140981	5.97	0	13
ptg011876l_1	175086	838373	4.79	0	16
ptg011876l_1_region	175086	838373	4.79	0	16
ptg011877l_1	54008	254710	4.72	0	11
ptg011877l_1_region	54008	254710	4.72	0	11
ptg011884l_1	101555	484624	4.77	0	11
ptg011884l_1_region	101555	484624	4.77	0	11
ptg011885l_1	63447	347265	5.47	0	39
ptg011885l_1_region	63447	347265	5.47	0	39
ptg011888l_1	60688	170128	2.80	0	9
ptg011888l_1_region	60688	170128	2.80	0	9
ptg011889l_1	199391	1048311	5.26	0	14
ptg011889l_1_region	199391	1048311	5.26	0	14
ptg011890l_1	18840	50493	2.68	0	17
ptg011890l_1_region	18840	50493	2.68	0	17
ptg011894l_1	59345	179940	3.03	0	9
ptg011894l_1_region	59345	179940	3.03	0	9
ptg011896l_1	113469	255482	2.25	0	8
ptg011896l_1_region	113469	255482	2.25	0	8
ptg011898l_1	88195	610565	6.92	0	27
ptg011898l_1_region	88195	610565	6.92	0	27
ptg011899l_1	321745	1774250	5.51	0	17
ptg011899l_1_region	321745	1774250	5.51	0	17
ptg011900l_1	86479	190342	2.20	0	6
ptg011900l_1_region	86479	190342	2.20	0	6
ptg011901l_1	189459	1297294	6.85	0	24
ptg011901l_1_region	189459	1297294	6.85	0	24
ptg011902l_1	27983	40252	1.44	0	5
ptg011902l_1_region	27983	40252	1.44	0	5
ptg011903l_1	49316	235971	4.78	0	13
ptg011903l_1_region	49316	235971	4.78	0	13
ptg011905l_1	203302	1397443	6.87	0	69
ptg011905l_1_region	203302	1397443	6.87	0	69
ptg011907l_1	253481	1182939	4.67	0	15
ptg011907l_1_region	253481	1182939	4.67	0	15
ptg011909l_1	151110	1354578	8.96	0	106
ptg011909l_1_region	151110	1354578	8.96	0	106
ptg011911l_1	86468	643243	7.44	0	35
ptg011911l_1_region	86468	643243	7.44	0	35
ptg011912l_1	46297	166650	3.60	0	8
ptg011912l_1_region	46297	166650	3.60	0	8
ptg011914l_1	96410	347054	3.60	0	10
ptg011914l_1_region	96410	347054	3.60	0	10
ptg011921l_1	100122	544220	5.44	0	15
ptg011921l_1_region	100122	544220	5.44	0	15
ptg011924l_1	104481	595341	5.70	0	21
ptg011924l_1_region	104481	595341	5.70	0	21
ptg011925l_1	205248	1006871	4.91	0	25
ptg011925l_1_region	205248	1006871	4.91	0	25
ptg011928l_1	97233	704566	7.25	0	23
ptg011928l_1_region	97233	704566	7.25	0	23
ptg011930l_1	27904	111740	4.00	0	8
ptg011930l_1_region	27904	111740	4.00	0	8
ptg011931l_1	53408	250855	4.70	0	11
ptg011931l_1_region	53408	250855	4.70	0	11
ptg011934l_1	50765	357200	7.04	0	14
ptg011934l_1_region	50765	357200	7.04	0	14
ptg011935l_1	272718	1676646	6.15	0	16
ptg011935l_1_region	272718	1676646	6.15	0	16
ptg011937l_1	195370	1365390	6.99	0	26
ptg011937l_1_region	195370	1365390	6.99	0	26
ptg011940l_1	180096	1142063	6.34	0	28
ptg011940l_1_region	180096	1142063	6.34	0	28
ptg011946l_1	30358	4832	0.16	0	1
ptg011946l_1_region	30358	4832	0.16	0	1
ptg011948l_1	219348	478119	2.18	0	22
ptg011948l_1_region	219348	478119	2.18	0	22
ptg011949l_1	165872	766822	4.62	0	15
ptg011949l_1_region	165872	766822	4.62	0	15
ptg011951l_1	745625	4538362	6.09	0	23
ptg011951l_1_region	745625	4538362	6.09	0	23
ptg011954l_1	29456	70561	2.40	0	8
ptg011954l_1_region	29456	70561	2.40	0	8
ptg011959l_1	17027	46104	2.71	0	18
ptg011959l_1_region	17027	46104	2.71	0	18
ptg011961l_1	28651	93750	3.27	0	7
ptg011961l_1_region	28651	93750	3.27	0	7
ptg011964l_1	60025	335694	5.59	0	20
ptg011964l_1_region	60025	335694	5.59	0	20
ptg011966l_1	184348	747011	4.05	0	10
ptg011966l_1_region	184348	747011	4.05	0	10
ptg011967l_1	67134	324028	4.83	0	13
ptg011967l_1_region	67134	324028	4.83	0	13
ptg011970l_1	97516	610125	6.26	0	14
ptg011970l_1_region	97516	610125	6.26	0	14
ptg011971l_1	22853	50128	2.19	0	7
ptg011971l_1_region	22853	50128	2.19	0	7
ptg011972l_1	247823	1004422	4.05	0	17
ptg011972l_1_region	247823	1004422	4.05	0	17
ptg011974l_1	356963	1600021	4.48	0	26
ptg011974l_1_region	356963	1600021	4.48	0	26
ptg011975l_1	46854	204084	4.36	0	11
ptg011975l_1_region	46854	204084	4.36	0	11
ptg011976l_1	113107	292425	2.59	0	9
ptg011976l_1_region	113107	292425	2.59	0	9
ptg011977l_1	62496	299071	4.79	0	13
ptg011977l_1_region	62496	299071	4.79	0	13
ptg011979l_1	104987	504566	4.81	0	27
ptg011979l_1_region	104987	504566	4.81	0	27
ptg011980l_1	96465	399563	4.14	0	14
ptg011980l_1_region	96465	399563	4.14	0	14
ptg011981l_1	164541	941182	5.72	0	41
ptg011981l_1_region	164541	941182	5.72	0	41
ptg011984l_1	112859	480441	4.26	0	10
ptg011984l_1_region	112859	480441	4.26	0	10
ptg011986l_1	29272	74162	2.53	0	10
ptg011986l_1_region	29272	74162	2.53	0	10
ptg011988l_1	152514	904615	5.93	0	29
ptg011988l_1_region	152514	904615	5.93	0	29
ptg011990l_1	132937	696463	5.24	0	15
ptg011990l_1_region	132937	696463	5.24	0	15
ptg011993l_1	322182	2332326	7.24	0	31
ptg011993l_1_region	322182	2332326	7.24	0	31
ptg011994l_1	270412	1442193	5.33	0	16
ptg011994l_1_region	270412	1442193	5.33	0	16
ptg012000l_1	120156	262446	2.18	0	11
ptg012000l_1_region	120156	262446	2.18	0	11
ptg012001l_1	58219	263649	4.53	0	14
ptg012001l_1_region	58219	263649	4.53	0	14
ptg012005l_1	34878	86623	2.48	0	8
ptg012005l_1_region	34878	86623	2.48	0	8
ptg012009l_1	51779	284505	5.49	0	12
ptg012009l_1_region	51779	284505	5.49	0	12
ptg012012l_1	285212	1141024	4.00	0	18
ptg012012l_1_region	285212	1141024	4.00	0	18
ptg012013l_1	22642	69767	3.08	0	7
ptg012013l_1_region	22642	69767	3.08	0	7
ptg012014l_1	23783	110681	4.65	0	12
ptg012014l_1_region	23783	110681	4.65	0	12
ptg012016l_1	228093	1040533	4.56	0	25
ptg012016l_1_region	228093	1040533	4.56	0	25
ptg012017l_1	44859	153202	3.42	0	7
ptg012017l_1_region	44859	153202	3.42	0	7
ptg012019l_1	76185	330289	4.34	0	12
ptg012019l_1_region	76185	330289	4.34	0	12
ptg012020l_1	97453	393010	4.03	0	13
ptg012020l_1_region	97453	393010	4.03	0	13
ptg012024l_1	17250	55544	3.22	0	7
ptg012024l_1_region	17250	55544	3.22	0	7
ptg012026l_1	62513	289612	4.63	0	11
ptg012026l_1_region	62513	289612	4.63	0	11
ptg012028l_1	159635	836802	5.24	0	11
ptg012028l_1_region	159635	836802	5.24	0	11
ptg012029l_1	40506	210904	5.21	0	147
ptg012029l_1_region	40506	210904	5.21	0	147
ptg012030l_1	75295	288083	3.83	0	11
ptg012030l_1_region	75295	288083	3.83	0	11
ptg012031l_1	82346	284018	3.45	0	10
ptg012031l_1_region	82346	284018	3.45	0	10
ptg012035l_1	364479	1562953	4.29	0	12
ptg012035l_1_region	364479	1562953	4.29	0	12
ptg012037l_1	152359	635411	4.17	0	9
ptg012037l_1_region	152359	635411	4.17	0	9
ptg012038l_1	179475	1022364	5.70	0	20
ptg012038l_1_region	179475	1022364	5.70	0	20
ptg012041l_1	211575	902189	4.26	0	10
ptg012041l_1_region	211575	902189	4.26	0	10
ptg012044l_1	51018	182696	3.58	0	20
ptg012044l_1_region	51018	182696	3.58	0	20
ptg012048l_1	117860	810293	6.88	0	28
ptg012048l_1_region	117860	810293	6.88	0	28
ptg012054l_1	95345	222134	2.33	0	10
ptg012054l_1_region	95345	222134	2.33	0	10
ptg012056l_1	116347	464405	3.99	0	47
ptg012056l_1_region	116347	464405	3.99	0	47
ptg012057l_1	66818	422238	6.32	0	16
ptg012057l_1_region	66818	422238	6.32	0	16
ptg012060l_1	31292	151243	4.83	0	64
ptg012060l_1_region	31292	151243	4.83	0	64
ptg012062l_1	329307	2998249	9.10	0	44
ptg012062l_1_region	329307	2998249	9.10	0	44
ptg012064l_1	362147	2293967	6.33	0	67
ptg012064l_1_region	362147	2293967	6.33	0	67
ptg012065l_1	35295	44346	1.26	0	3
ptg012065l_1_region	35295	44346	1.26	0	3
ptg012067l_1	160810	581616	3.62	0	12
ptg012067l_1_region	160810	581616	3.62	0	12
ptg012068l_1	164655	871277	5.29	0	20
ptg012068l_1_region	164655	871277	5.29	0	20
ptg012072l_1	113133	678116	5.99	0	18
ptg012072l_1_region	113133	678116	5.99	0	18
ptg012074l_1	72174	483215	6.70	0	17
ptg012074l_1_region	72174	483215	6.70	0	17
ptg012075l_1	69197	254753	3.68	0	10
ptg012075l_1_region	69197	254753	3.68	0	10
ptg012077l_1	71269	269844	3.79	0	12
ptg012077l_1_region	71269	269844	3.79	0	12
ptg012078l_1	55946	65958	1.18	0	10
ptg012078l_1_region	55946	65958	1.18	0	10
ptg012079l_1	35128	93538	2.66	0	9
ptg012079l_1_region	35128	93538	2.66	0	9
ptg012084l_1	111096	436063	3.93	0	15
ptg012084l_1_region	111096	436063	3.93	0	15
ptg012086l_1	145206	632502	4.36	0	20
ptg012086l_1_region	145206	632502	4.36	0	20
ptg012092l_1	130128	751357	5.77	0	17
ptg012092l_1_region	130128	751357	5.77	0	17
ptg012094l_1	157377	602711	3.83	0	13
ptg012094l_1_region	157377	602711	3.83	0	13
ptg012095l_1	176996	746391	4.22	0	12
ptg012095l_1_region	176996	746391	4.22	0	12
ptg012099l_1	2352739	14330004	6.09	0	30
ptg012099l_1_region	2352739	14330004	6.09	0	30
ptg012100l_1	26481	90504	3.42	0	8
ptg012100l_1_region	26481	90504	3.42	0	8
ptg012109l_1	28198	69026	2.45	0	6
ptg012109l_1_region	28198	69026	2.45	0	6
ptg012111l_1	172746	1277451	7.39	0	16
ptg012111l_1_region	172746	1277451	7.39	0	16
ptg012113l_1	30124	44856	1.49	0	5
ptg012113l_1_region	30124	44856	1.49	0	5
ptg012114l_1	101086	872291	8.63	0	28
ptg012114l_1_region	101086	872291	8.63	0	28
ptg012115l_1	614969	2877095	4.68	0	15
ptg012115l_1_region	614969	2877095	4.68	0	15
ptg012116l_1	260631	1810481	6.95	0	34
ptg012116l_1_region	260631	1810481	6.95	0	34
ptg012119l_1	72117	1125302	15.60	0	59
ptg012119l_1_region	72117	1125302	15.60	0	59
ptg012120l_1	41775	123703	2.96	0	9
ptg012120l_1_region	41775	123703	2.96	0	9
ptg012128l_1	28770	70493	2.45	0	9
ptg012128l_1_region	28770	70493	2.45	0	9
ptg012130l_1	172284	647596	3.76	0	15
ptg012130l_1_region	172284	647596	3.76	0	15
ptg012134l_1	144838	400211	2.76	0	7
ptg012134l_1_region	144838	400211	2.76	0	7
ptg012136l_1	101884	599431	5.88	0	13
ptg012136l_1_region	101884	599431	5.88	0	13
ptg012138l_1	62865	181269	2.88	0	7
ptg012138l_1_region	62865	181269	2.88	0	7
ptg012140l_1	55551	370857	6.68	0	17
ptg012140l_1_region	55551	370857	6.68	0	17
ptg012141l_1	71973	442610	6.15	0	19
ptg012141l_1_region	71973	442610	6.15	0	19
ptg012142l_1	80383	379943	4.73	0	20
ptg012142l_1_region	80383	379943	4.73	0	20
ptg012143l_1	30906	138306	4.48	0	11
ptg012143l_1_region	30906	138306	4.48	0	11
ptg012147l_1	107054	614579	5.74	0	16
ptg012147l_1_region	107054	614579	5.74	0	16
ptg012152l_1	114323	304589	2.66	0	22
ptg012152l_1_region	114323	304589	2.66	0	22
ptg012154l_1	22778	81122	3.56	0	12
ptg012154l_1_region	22778	81122	3.56	0	12
ptg012155l_1	269137	1170113	4.35	0	15
ptg012155l_1_region	269137	1170113	4.35	0	15
ptg012158l_1	55655	189536	3.41	0	10
ptg012158l_1_region	55655	189536	3.41	0	10
ptg012162l_1	77670	173003	2.23	0	17
ptg012162l_1_region	77670	173003	2.23	0	17
ptg012166l_1	153770	1042270	6.78	0	40
ptg012166l_1_region	153770	1042270	6.78	0	40
ptg012167l_1	145361	567779	3.91	0	11
ptg012167l_1_region	145361	567779	3.91	0	11
ptg012168l_1	43391	192786	4.44	0	13
ptg012168l_1_region	43391	192786	4.44	0	13
ptg012169l_1	153035	1419827	9.28	0	22
ptg012169l_1_region	153035	1419827	9.28	0	22
ptg012171l_1	49237	100361	2.04	0	15
ptg012171l_1_region	49237	100361	2.04	0	15
ptg012174l_1	38142	161537	4.24	1	10
ptg012174l_1_region	38142	161537	4.24	1	10
ptg012175l_1	180561	1033726	5.73	0	18
ptg012175l_1_region	180561	1033726	5.73	0	18
ptg012176l_1	66932	258302	3.86	0	8
ptg012176l_1_region	66932	258302	3.86	0	8
ptg012178l_1	22902	154771	6.76	0	11
ptg012178l_1_region	22902	154771	6.76	0	11
ptg012180l_1	107206	632808	5.90	0	18
ptg012180l_1_region	107206	632808	5.90	0	18
ptg012181l_1	144153	703689	4.88	0	19
ptg012181l_1_region	144153	703689	4.88	0	19
ptg012185l_1	39435	223449	5.67	1	11
ptg012185l_1_region	39435	223449	5.67	1	11
ptg012186l_1	317069	1734920	5.47	0	18
ptg012186l_1_region	317069	1734920	5.47	0	18
ptg012187l_1	148574	807597	5.44	0	15
ptg012187l_1_region	148574	807597	5.44	0	15
ptg012190l_1	68434	437363	6.39	0	17
ptg012190l_1_region	68434	437363	6.39	0	17
ptg012195l_1	44177	161015	3.64	0	10
ptg012195l_1_region	44177	161015	3.64	0	10
ptg012198l_1	71298	150202	2.11	0	5
ptg012198l_1_region	71298	150202	2.11	0	5
ptg012199l_1	165397	666910	4.03	0	10
ptg012199l_1_region	165397	666910	4.03	0	10
ptg012200l_1	33995	145364	4.28	0	9
ptg012200l_1_region	33995	145364	4.28	0	9
ptg012201l_1	445999	1849429	4.15	0	17
ptg012201l_1_region	445999	1849429	4.15	0	17
ptg012204l_1	1470649	11698637	7.95	0	149
ptg012204l_1_region	1470649	11698637	7.95	0	149
ptg012206l_1	22432	21378	0.95	0	3
ptg012206l_1_region	22432	21378	0.95	0	3
ptg012208l_1	155409	678658	4.37	0	15
ptg012208l_1_region	155409	678658	4.37	0	15
ptg012212l_1	37467	142147	3.79	0	10
ptg012212l_1_region	37467	142147	3.79	0	10
ptg012213l_1	140726	803934	5.71	0	52
ptg012213l_1_region	140726	803934	5.71	0	52
ptg012215l_1	42112	176823	4.20	0	11
ptg012215l_1_region	42112	176823	4.20	0	11
ptg012216l_1	59962	268776	4.48	0	10
ptg012216l_1_region	59962	268776	4.48	0	10
ptg012217l_1	187583	767999	4.09	0	17
ptg012217l_1_region	187583	767999	4.09	0	17
ptg012219l_1	245015	1216713	4.97	0	20
ptg012219l_1_region	245015	1216713	4.97	0	20
ptg012222l_1	107519	448348	4.17	0	11
ptg012222l_1_region	107519	448348	4.17	0	11
ptg012223l_1	69497	388389	5.59	0	15
ptg012223l_1_region	69497	388389	5.59	0	15
ptg012224l_1	118824	516510	4.35	0	13
ptg012224l_1_region	118824	516510	4.35	0	13
ptg012228l_1	170813	967122	5.66	0	14
ptg012228l_1_region	170813	967122	5.66	0	14
ptg012230l_1	251943	1149256	4.56	0	12
ptg012230l_1_region	251943	1149256	4.56	0	12
ptg012232l_1	277949	1390362	5.00	0	15
ptg012232l_1_region	277949	1390362	5.00	0	15
ptg012233l_1	118008	570186	4.83	0	13
ptg012233l_1_region	118008	570186	4.83	0	13
ptg012236l_1	20870	89960	4.31	1	9
ptg012236l_1_region	20870	89960	4.31	1	9
ptg012239l_1	28449	104585	3.68	0	9
ptg012239l_1_region	28449	104585	3.68	0	9
ptg012241l_1	54426	342898	6.30	0	12
ptg012241l_1_region	54426	342898	6.30	0	12
ptg012244l_1	54392	356221	6.55	0	31
ptg012244l_1_region	54392	356221	6.55	0	31
ptg012245l_1	204644	1039691	5.08	0	14
ptg012245l_1_region	204644	1039691	5.08	0	14
ptg012248l_1	21874	93145	4.26	0	10
ptg012248l_1_region	21874	93145	4.26	0	10
ptg012249l_1	52943	176290	3.33	0	7
ptg012249l_1_region	52943	176290	3.33	0	7
ptg012250l_1	183325	793776	4.33	0	13
ptg012250l_1_region	183325	793776	4.33	0	13
ptg012251l_1	40179	1190	0.03	0	1
ptg012251l_1_region	40179	1190	0.03	0	1
ptg012254l_1	57847	141600	2.45	0	15
ptg012254l_1_region	57847	141600	2.45	0	15
ptg012257l_1	24149	87841	3.64	0	8
ptg012257l_1_region	24149	87841	3.64	0	8
ptg012258l_1	49820	170770	3.43	0	7
ptg012258l_1_region	49820	170770	3.43	0	7
ptg012259l_1	78435	212683	2.71	0	8
ptg012259l_1_region	78435	212683	2.71	0	8
ptg012261l_1	69423	168239	2.42	0	11
ptg012261l_1_region	69423	168239	2.42	0	11
ptg012262l_1	20944	75170	3.59	0	10
ptg012262l_1_region	20944	75170	3.59	0	10
ptg012267l_1	54372	185433	3.41	0	8
ptg012267l_1_region	54372	185433	3.41	0	8
ptg012269l_1	29387	124127	4.22	0	8
ptg012269l_1_region	29387	124127	4.22	0	8
ptg012272l_1	31431	104312	3.32	0	11
ptg012272l_1_region	31431	104312	3.32	0	11
ptg012273l_1	123738	806182	6.52	0	17
ptg012273l_1_region	123738	806182	6.52	0	17
ptg012275l_1	114177	468207	4.10	0	16
ptg012275l_1_region	114177	468207	4.10	0	16
ptg012276l_1	81497	120629	1.48	0	8
ptg012276l_1_region	81497	120629	1.48	0	8
ptg012283l_1	157526	547569	3.48	0	12
ptg012283l_1_region	157526	547569	3.48	0	12
ptg012284l_1	85480	497499	5.82	0	16
ptg012284l_1_region	85480	497499	5.82	0	16
ptg012286l_1	51592	159692	3.10	0	11
ptg012286l_1_region	51592	159692	3.10	0	11
ptg012287l_1	92726	426579	4.60	0	19
ptg012287l_1_region	92726	426579	4.60	0	19
ptg012294l_1	207330	1294465	6.24	0	45
ptg012294l_1_region	207330	1294465	6.24	0	45
ptg012295l_1	31688	103862	3.28	0	11
ptg012295l_1_region	31688	103862	3.28	0	11
ptg012296l_1	96761	618237	6.39	0	15
ptg012296l_1_region	96761	618237	6.39	0	15
ptg012298l_1	50139	195737	3.90	0	14
ptg012298l_1_region	50139	195737	3.90	0	14
ptg012299l_1	16903	47626	2.82	0	11
ptg012299l_1_region	16903	47626	2.82	0	11
ptg012300l_1	92384	554476	6.00	0	19
ptg012300l_1_region	92384	554476	6.00	0	19
ptg012302l_1	87048	347881	4.00	0	14
ptg012302l_1_region	87048	347881	4.00	0	14
ptg012305l_1	217965	2061130	9.46	0	26
ptg012305l_1_region	217965	2061130	9.46	0	26
ptg012307l_1	28572	125481	4.39	0	12
ptg012307l_1_region	28572	125481	4.39	0	12
ptg012308l_1	45793	277129	6.05	0	14
ptg012308l_1_region	45793	277129	6.05	0	14
ptg012311l_1	50293	157794	3.14	0	13
ptg012311l_1_region	50293	157794	3.14	0	13
ptg012312l_1	69417	335435	4.83	0	11
ptg012312l_1_region	69417	335435	4.83	0	11
ptg012313l_1	38366	190203	4.96	0	19
ptg012313l_1_region	38366	190203	4.96	0	19
ptg012314l_1	29110	100487	3.45	0	6
ptg012314l_1_region	29110	100487	3.45	0	6
ptg012317l_1	21030	36852	1.75	0	6
ptg012317l_1_region	21030	36852	1.75	0	6
ptg012322l_1	97428	339259	3.48	0	11
ptg012322l_1_region	97428	339259	3.48	0	11
ptg012325l_1	178754	932505	5.22	0	13
ptg012325l_1_region	178754	932505	5.22	0	13
ptg012328l_1	176916	203245	1.15	0	16
ptg012328l_1_region	176916	203245	1.15	0	16
ptg012329l_1	40763	197906	4.86	0	8
ptg012329l_1_region	40763	197906	4.86	0	8
ptg012331l_1	18731	69163	3.69	0	9
ptg012331l_1_region	18731	69163	3.69	0	9
ptg012332l_1	72600	259405	3.57	0	11
ptg012332l_1_region	72600	259405	3.57	0	11
ptg012336l_1	29869	110277	3.69	0	10
ptg012336l_1_region	29869	110277	3.69	0	10
ptg012346l_1	47700	130949	2.75	0	6
ptg012346l_1_region	47700	130949	2.75	0	6
ptg012347l_1	40584	225566	5.56	0	13
ptg012347l_1_region	40584	225566	5.56	0	13
ptg012348l_1	16839	49212	2.92	0	8
ptg012348l_1_region	16839	49212	2.92	0	8
ptg012349l_1	25783	122296	4.74	0	8
ptg012349l_1_region	25783	122296	4.74	0	8
ptg012350l_1	59463	292983	4.93	0	13
ptg012350l_1_region	59463	292983	4.93	0	13
ptg012354l_1	298661	1980474	6.63	0	102
ptg012354l_1_region	298661	1980474	6.63	0	102
ptg012355l_1	84659	109709	1.30	0	10
ptg012355l_1_region	84659	109709	1.30	0	10
ptg012357l_1	124838	316484	2.54	0	11
ptg012357l_1_region	124838	316484	2.54	0	11
ptg012358l_1	87573	489347	5.59	0	15
ptg012358l_1_region	87573	489347	5.59	0	15
ptg012360l_1	103918	576409	5.55	0	14
ptg012360l_1_region	103918	576409	5.55	0	14
ptg012362l_1	15710	60270	3.84	0	7
ptg012362l_1_region	15710	60270	3.84	0	7
ptg012367l_1	45258	185776	4.10	0	16
ptg012367l_1_region	45258	185776	4.10	0	16
ptg012369l_1	131930	541868	4.11	0	11
ptg012369l_1_region	131930	541868	4.11	0	11
ptg012370l_1	162424	705786	4.35	0	14
ptg012370l_1_region	162424	705786	4.35	0	14
ptg012372l_1	90921	365225	4.02	0	11
ptg012372l_1_region	90921	365225	4.02	0	11
ptg012378l_1	195265	1024971	5.25	0	21
ptg012378l_1_region	195265	1024971	5.25	0	21
ptg012379l_1	39504	130546	3.30	0	12
ptg012379l_1_region	39504	130546	3.30	0	12
ptg012382l_1	57888	193389	3.34	0	10
ptg012382l_1_region	57888	193389	3.34	0	10
ptg012384l_1	59389	249983	4.21	0	12
ptg012384l_1_region	59389	249983	4.21	0	12
ptg012386l_1	68190	318138	4.67	0	13
ptg012386l_1_region	68190	318138	4.67	0	13
ptg012388l_1	45637	146401	3.21	0	11
ptg012388l_1_region	45637	146401	3.21	0	11
ptg012389l_1	99118	386869	3.90	0	12
ptg012389l_1_region	99118	386869	3.90	0	12
ptg012391l_1	116815	543982	4.66	0	13
ptg012391l_1_region	116815	543982	4.66	0	13
ptg012395l_1	26991	151937	5.63	0	13
ptg012395l_1_region	26991	151937	5.63	0	13
ptg012396l_1	86687	328103	3.78	0	13
ptg012396l_1_region	86687	328103	3.78	0	13
ptg012399l_1	123672	405897	3.28	0	27
ptg012399l_1_region	123672	405897	3.28	0	27
ptg012400l_1	40126	127656	3.18	0	7
ptg012400l_1_region	40126	127656	3.18	0	7
ptg012403l_1	36231	75234	2.08	0	7
ptg012403l_1_region	36231	75234	2.08	0	7
ptg012410l_1	278725	1496238	5.37	0	17
ptg012410l_1_region	278725	1496238	5.37	0	17
ptg012413l_1	136858	514785	3.76	0	11
ptg012413l_1_region	136858	514785	3.76	0	11
ptg012414l_1	39571	118192	2.99	0	13
ptg012414l_1_region	39571	118192	2.99	0	13
ptg012415l_1	158355	293824	1.86	0	8
ptg012415l_1_region	158355	293824	1.86	0	8
ptg012417l_1	76354	358537	4.70	0	14
ptg012417l_1_region	76354	358537	4.70	0	14
ptg012418l_1	103367	493388	4.77	0	26
ptg012418l_1_region	103367	493388	4.77	0	26
ptg012419l_1	13194	11921	0.90	0	2
ptg012419l_1_region	13194	11921	0.90	0	2
ptg012423l_1	48191	222511	4.62	0	11
ptg012423l_1_region	48191	222511	4.62	0	11
ptg012424l_1	17905	35891	2.00	0	4
ptg012424l_1_region	17905	35891	2.00	0	4
ptg012425l_1	381970	1645554	4.31	0	70
ptg012425l_1_region	381970	1645554	4.31	0	70
ptg012427l_1	33407	52578	1.57	0	13
ptg012427l_1_region	33407	52578	1.57	0	13
ptg012431l_1	61166	125775	2.06	0	13
ptg012431l_1_region	61166	125775	2.06	0	13
ptg012434l_1	34671	31417	0.91	0	5
ptg012434l_1_region	34671	31417	0.91	0	5
ptg012435l_1	59937	281496	4.70	0	21
ptg012435l_1_region	59937	281496	4.70	0	21
ptg012436l_1	32072	154133	4.81	0	9
ptg012436l_1_region	32072	154133	4.81	0	9
ptg012438l_1	37270	85460	2.29	0	7
ptg012438l_1_region	37270	85460	2.29	0	7
ptg012439l_1	21905	152405	6.96	1	11
ptg012439l_1_region	21905	152405	6.96	1	11
ptg012443l_1	24887	34333	1.38	0	6
ptg012443l_1_region	24887	34333	1.38	0	6
ptg012444l_1	135013	187881	1.39	0	10
ptg012444l_1_region	135013	187881	1.39	0	10
ptg012448l_1	94643	512973	5.42	0	11
ptg012448l_1_region	94643	512973	5.42	0	11
ptg012449l_1	61535	237272	3.86	0	17
ptg012449l_1_region	61535	237272	3.86	0	17
ptg012452l_1	25963	69593	2.68	0	11
ptg012452l_1_region	25963	69593	2.68	0	11
ptg012455l_1	150189	474419	3.16	0	8
ptg012455l_1_region	150189	474419	3.16	0	8
ptg012457l_1	18534	67495	3.64	0	6
ptg012457l_1_region	18534	67495	3.64	0	6
ptg012459l_1	470431	2680882	5.70	0	16
ptg012459l_1_region	470431	2680882	5.70	0	16
ptg012460l_1	116563	662714	5.69	0	18
ptg012460l_1_region	116563	662714	5.69	0	18
ptg012463l_1	34459	150777	4.38	0	14
ptg012463l_1_region	34459	150777	4.38	0	14
ptg012467l_1	147908	808039	5.46	0	17
ptg012467l_1_region	147908	808039	5.46	0	17
ptg012475l_1	112986	403455	3.57	0	18
ptg012475l_1_region	112986	403455	3.57	0	18
ptg012478l_1	220553	1354966	6.14	0	15
ptg012478l_1_region	220553	1354966	6.14	0	15
ptg012484l_1	45911	259913	5.66	0	15
ptg012484l_1_region	45911	259913	5.66	0	15
ptg012485l_1	34359	260643	7.59	0	24
ptg012485l_1_region	34359	260643	7.59	0	24
ptg012487l_1	77744	500289	6.44	0	15
ptg012487l_1_region	77744	500289	6.44	0	15
ptg012489l_1	91085	379909	4.17	0	10
ptg012489l_1_region	91085	379909	4.17	0	10
ptg012491l_1	35004	127581	3.64	0	11
ptg012491l_1_region	35004	127581	3.64	0	11
ptg012493l_1	82828	552953	6.68	0	42
ptg012493l_1_region	82828	552953	6.68	0	42
ptg012501l_1	18846	183479	9.74	0	25
ptg012501l_1_region	18846	183479	9.74	0	25
ptg012502l_1	39843	292423	7.34	0	14
ptg012502l_1_region	39843	292423	7.34	0	14
ptg012504l_1	176123	896185	5.09	0	17
ptg012504l_1_region	176123	896185	5.09	0	17
ptg012506l_1	117792	506932	4.30	0	13
ptg012506l_1_region	117792	506932	4.30	0	13
ptg012508l_1	60034	411881	6.86	0	53
ptg012508l_1_region	60034	411881	6.86	0	53
ptg012509l_1	30728	103160	3.36	0	14
ptg012509l_1_region	30728	103160	3.36	0	14
ptg012510l_1	91460	86148	0.94	0	7
ptg012510l_1_region	91460	86148	0.94	0	7
ptg012511l_1	277221	1139253	4.11	0	104
ptg012511l_1_region	277221	1139253	4.11	0	104
ptg012512l_1	62397	656890	10.53	0	33
ptg012512l_1_region	62397	656890	10.53	0	33
ptg012513l_1	191125	1158301	6.06	0	27
ptg012513l_1_region	191125	1158301	6.06	0	27
ptg012515l_1	17279	49710	2.88	0	5
ptg012515l_1_region	17279	49710	2.88	0	5
ptg012516l_1	35261	1629338	46.21	0	118
ptg012516l_1_region	35261	1629338	46.21	0	118
ptg012517l_1	57217	33210	0.58	0	9
ptg012517l_1_region	57217	33210	0.58	0	9
ptg012518l_1	71187	773528	10.87	0	28
ptg012518l_1_region	71187	773528	10.87	0	28
ptg012520l_1	145167	618637	4.26	0	12
ptg012520l_1_region	145167	618637	4.26	0	12
ptg012521l_1	58161	203494	3.50	0	8
ptg012521l_1_region	58161	203494	3.50	0	8
ptg012523l_1	28394	60442	2.13	0	69
ptg012523l_1_region	28394	60442	2.13	0	69
ptg012526l_1	118975	535789	4.50	0	11
ptg012526l_1_region	118975	535789	4.50	0	11
ptg012527l_1	21051	99021	4.70	1	13
ptg012527l_1_region	21051	99021	4.70	1	13
ptg012528l_1	51004	125032	2.45	0	14
ptg012528l_1_region	51004	125032	2.45	0	14
ptg012529l_1	88347	254528	2.88	0	8
ptg012529l_1_region	88347	254528	2.88	0	8
ptg012530l_1	50590	244689	4.84	0	9
ptg012530l_1_region	50590	244689	4.84	0	9
ptg012533l_1	51363	75138	1.46	0	17
ptg012533l_1_region	51363	75138	1.46	0	17
ptg012534l_1	151788	467070	3.08	0	18
ptg012534l_1_region	151788	467070	3.08	0	18
ptg012535l_1	22720	20982	0.92	0	4
ptg012535l_1_region	22720	20982	0.92	0	4
ptg012536l_1	42155	336938	7.99	0	13
ptg012536l_1_region	42155	336938	7.99	0	13
ptg012538l_1	191450	732234	3.82	0	12
ptg012538l_1_region	191450	732234	3.82	0	12
ptg012542l_1	75456	267326	3.54	0	11
ptg012542l_1_region	75456	267326	3.54	0	11
ptg012543l_1	45455	143110	3.15	0	9
ptg012543l_1_region	45455	143110	3.15	0	9
ptg012544l_1	242682	1508224	6.21	0	102
ptg012544l_1_region	242682	1508224	6.21	0	102
ptg012545l_1	119689	8148	0.07	0	1
ptg012545l_1_region	119689	8148	0.07	0	1
ptg012552l_1	70081	258160	3.68	0	11
ptg012552l_1_region	70081	258160	3.68	0	11
ptg012553l_1	185649	1053439	5.67	0	22
ptg012553l_1_region	185649	1053439	5.67	0	22
ptg012554l_1	46625	162592	3.49	0	17
ptg012554l_1_region	46625	162592	3.49	0	17
ptg012555l_1	32465	101127	3.11	0	8
ptg012555l_1_region	32465	101127	3.11	0	8
ptg012556l_1	102413	468258	4.57	0	8
ptg012556l_1_region	102413	468258	4.57	0	8
ptg012560l_1	68382	227385	3.33	0	11
ptg012560l_1_region	68382	227385	3.33	0	11
ptg012561l_1	267819	1463161	5.46	0	13
ptg012561l_1_region	267819	1463161	5.46	0	13
ptg012562l_1	51217	233621	4.56	0	13
ptg012562l_1_region	51217	233621	4.56	0	13
ptg012564l_1	38645	67462	1.75	0	10
ptg012564l_1_region	38645	67462	1.75	0	10
ptg012565l_1	43609	135186	3.10	0	12
ptg012565l_1_region	43609	135186	3.10	0	12
ptg012567l_1	73900	382765	5.18	0	13
ptg012567l_1_region	73900	382765	5.18	0	13
ptg012568l_1	163714	671061	4.10	0	12
ptg012568l_1_region	163714	671061	4.10	0	12
ptg012569l_1	26004	62579	2.41	0	10
ptg012569l_1_region	26004	62579	2.41	0	10
ptg012572l_1	37088	200916	5.42	0	9
ptg012572l_1_region	37088	200916	5.42	0	9
ptg012573l_1	23953	102806	4.29	0	8
ptg012573l_1_region	23953	102806	4.29	0	8
ptg012576l_1	32406	153804	4.75	0	16
ptg012576l_1_region	32406	153804	4.75	0	16
ptg012580l_1	44508	117591	2.64	0	7
ptg012580l_1_region	44508	117591	2.64	0	7
ptg012583l_1	191363	1352840	7.07	0	49
ptg012583l_1_region	191363	1352840	7.07	0	49
ptg012585l_1	22205	119062	5.36	0	11
ptg012585l_1_region	22205	119062	5.36	0	11
ptg012586l_1	48605	3530	0.07	0	4
ptg012586l_1_region	48605	3530	0.07	0	4
ptg012589l_1	65065	304081	4.67	0	11
ptg012589l_1_region	65065	304081	4.67	0	11
ptg012592l_1	69878	276615	3.96	0	11
ptg012592l_1_region	69878	276615	3.96	0	11
ptg012596l_1	183803	989682	5.38	0	12
ptg012596l_1_region	183803	989682	5.38	0	12
ptg012598l_1	84111	435059	5.17	0	11
ptg012598l_1_region	84111	435059	5.17	0	11
ptg012604l_1	42789	239779	5.60	0	16
ptg012604l_1_region	42789	239779	5.60	0	16
ptg012606l_1	44654	82572	1.85	0	9
ptg012606l_1_region	44654	82572	1.85	0	9
ptg012607l_1	14494	49267	3.40	0	5
ptg012607l_1_region	14494	49267	3.40	0	5
ptg012610l_1	100774	398303	3.95	0	22
ptg012610l_1_region	100774	398303	3.95	0	22
ptg012613l_1	291394	1446628	4.96	0	30
ptg012613l_1_region	291394	1446628	4.96	0	30
ptg012616l_1	67566	325365	4.82	0	12
ptg012616l_1_region	67566	325365	4.82	0	12
ptg012617l_1	195827	1068096	5.45	0	15
ptg012617l_1_region	195827	1068096	5.45	0	15
ptg012620l_1	90496	422706	4.67	0	21
ptg012620l_1_region	90496	422706	4.67	0	21
ptg012621l_1	87756	446216	5.08	0	19
ptg012621l_1_region	87756	446216	5.08	0	19
ptg012628l_1	24629	86876	3.53	0	9
ptg012628l_1_region	24629	86876	3.53	0	9
ptg012630l_1	32539	159330	4.90	0	12
ptg012630l_1_region	32539	159330	4.90	0	12
ptg012631l_1	119105	790087	6.63	0	17
ptg012631l_1_region	119105	790087	6.63	0	17
ptg012633l_1	13170	84503	6.42	0	13
ptg012633l_1_region	13170	84503	6.42	0	13
ptg012639l_1	269117	1426881	5.30	0	13
ptg012639l_1_region	269117	1426881	5.30	0	13
ptg012643l_1	72247	141480	1.96	0	13
ptg012643l_1_region	72247	141480	1.96	0	13
ptg012645l_1	54733	231139	4.22	0	11
ptg012645l_1_region	54733	231139	4.22	0	11
ptg012646l_1	88556	312932	3.53	0	10
ptg012646l_1_region	88556	312932	3.53	0	10
ptg012647l_1	83626	362188	4.33	0	14
ptg012647l_1_region	83626	362188	4.33	0	14
ptg012648l_1	239499	1475453	6.16	0	14
ptg012648l_1_region	239499	1475453	6.16	0	14
ptg012649l_1	225714	2277833	10.09	0	43
ptg012649l_1_region	225714	2277833	10.09	0	43
ptg012651l_1	67854	225752	3.33	0	8
ptg012651l_1_region	67854	225752	3.33	0	8
ptg012652l_1	117944	820412	6.96	0	18
ptg012652l_1_region	117944	820412	6.96	0	18
ptg012654l_1	131921	901850	6.84	0	13
ptg012654l_1_region	131921	901850	6.84	0	13
ptg012655l_1	1134683	6700376	5.91	0	19
ptg012655l_1_region	1134683	6700376	5.91	0	19
ptg012656l_1	88139	481941	5.47	0	16
ptg012656l_1_region	88139	481941	5.47	0	16
ptg012663l_1	20009	50659	2.53	0	23
ptg012663l_1_region	20009	50659	2.53	0	23
ptg012666l_1	46728	288730	6.18	0	14
ptg012666l_1_region	46728	288730	6.18	0	14
ptg012667l_1	121822	464390	3.81	0	9
ptg012667l_1_region	121822	464390	3.81	0	9
ptg012671l_1	142048	803543	5.66	0	14
ptg012671l_1_region	142048	803543	5.66	0	14
ptg012676l_1	87081	391639	4.50	0	24
ptg012676l_1_region	87081	391639	4.50	0	24
ptg012677l_1	99566	446728	4.49	0	12
ptg012677l_1_region	99566	446728	4.49	0	12
ptg012679l_1	43613	183870	4.22	0	12
ptg012679l_1_region	43613	183870	4.22	0	12
ptg012680l_1	62713	327984	5.23	0	11
ptg012680l_1_region	62713	327984	5.23	0	11
ptg012683l_1	281693	1585041	5.63	0	16
ptg012683l_1_region	281693	1585041	5.63	0	16
ptg012684l_1	56482	258087	4.57	0	16
ptg012684l_1_region	56482	258087	4.57	0	16
ptg012691l_1	20290	79162	3.90	0	7
ptg012691l_1_region	20290	79162	3.90	0	7
ptg012692l_1	47097	122217	2.60	0	9
ptg012692l_1_region	47097	122217	2.60	0	9
ptg012694l_1	161410	1483479	9.19	0	62
ptg012694l_1_region	161410	1483479	9.19	0	62
ptg012696l_1	54692	152073	2.78	0	10
ptg012696l_1_region	54692	152073	2.78	0	10
ptg012697l_1	96161	316816	3.29	0	12
ptg012697l_1_region	96161	316816	3.29	0	12
ptg012698l_1	37985	92855	2.44	0	8
ptg012698l_1_region	37985	92855	2.44	0	8
ptg012699l_1	35740	139055	3.89	0	7
ptg012699l_1_region	35740	139055	3.89	0	7
ptg012702l_1	199735	958320	4.80	0	20
ptg012702l_1_region	199735	958320	4.80	0	20
ptg012703l_1	112422	232009	2.06	0	9
ptg012703l_1_region	112422	232009	2.06	0	9
ptg012704l_1	306447	4408449	14.39	0	267
ptg012704l_1_region	306447	4408449	14.39	0	267
ptg012705l_1	11603	106343	9.17	1	12
ptg012705l_1_region	11603	106343	9.17	1	12
ptg012706l_1	35401	132822	3.75	0	12
ptg012706l_1_region	35401	132822	3.75	0	12
ptg012707l_1	227747	1408151	6.18	0	20
ptg012707l_1_region	227747	1408151	6.18	0	20
ptg012710l_1	97623	397997	4.08	0	37
ptg012710l_1_region	97623	397997	4.08	0	37
ptg012712l_1	41396	132813	3.21	0	12
ptg012712l_1_region	41396	132813	3.21	0	12
ptg012714l_1	166442	640666	3.85	0	8
ptg012714l_1_region	166442	640666	3.85	0	8
ptg012717l_1	78933	362065	4.59	0	17
ptg012717l_1_region	78933	362065	4.59	0	17
ptg012718l_1	126524	937334	7.41	0	18
ptg012718l_1_region	126524	937334	7.41	0	18
ptg012720l_1	41074	67392	1.64	0	39
ptg012720l_1_region	41074	67392	1.64	0	39
ptg012726l_1	52657	189068	3.59	0	12
ptg012726l_1_region	52657	189068	3.59	0	12
ptg012727l_1	187996	1442271	7.67	0	57
ptg012727l_1_region	187996	1442271	7.67	0	57
ptg012729l_1	25416	31982	1.26	0	6
ptg012729l_1_region	25416	31982	1.26	0	6
ptg012730l_1	64336	288999	4.49	0	47
ptg012730l_1_region	64336	288999	4.49	0	47
ptg012731l_1	130856	740800	5.66	0	13
ptg012731l_1_region	130856	740800	5.66	0	13
ptg012735l_1	112991	438690	3.88	0	9
ptg012735l_1_region	112991	438690	3.88	0	9
ptg012736l_1	34167	111188	3.25	0	8
ptg012736l_1_region	34167	111188	3.25	0	8
ptg012737l_1	232972	1236833	5.31	0	13
ptg012737l_1_region	232972	1236833	5.31	0	13
ptg012739l_1	171776	19410709	113.00	0	1977
ptg012739l_1_region	171776	19410709	113.00	0	1977
ptg012740l_1	44329	95449	2.15	0	6
ptg012740l_1_region	44329	95449	2.15	0	6
ptg012745l_1	87864	1043428	11.88	0	35
ptg012745l_1_region	87864	1043428	11.88	0	35
ptg012746l_1	79097	423942	5.36	0	12
ptg012746l_1_region	79097	423942	5.36	0	12
ptg012748l_1	91614	588012	6.42	0	14
ptg012748l_1_region	91614	588012	6.42	0	14
ptg012749l_1	296381	1537152	5.19	0	38
ptg012749l_1_region	296381	1537152	5.19	0	38
ptg012751l_1	80804	427122	5.29	0	16
ptg012751l_1_region	80804	427122	5.29	0	16
ptg012752l_1	81145	269019	3.32	0	16
ptg012752l_1_region	81145	269019	3.32	0	16
ptg012754l_1	41235	154210	3.74	0	10
ptg012754l_1_region	41235	154210	3.74	0	10
ptg012758l_1	44148	194660	4.41	0	10
ptg012758l_1_region	44148	194660	4.41	0	10
ptg012759l_1	119811	498316	4.16	0	10
ptg012759l_1_region	119811	498316	4.16	0	10
ptg012760l_1	107324	369187	3.44	0	17
ptg012760l_1_region	107324	369187	3.44	0	17
ptg012766l_1	54045	207044	3.83	0	13
ptg012766l_1_region	54045	207044	3.83	0	13
ptg012771l_1	28279	116431	4.12	0	8
ptg012771l_1_region	28279	116431	4.12	0	8
ptg012773l_1	189992	1065438	5.61	0	15
ptg012773l_1_region	189992	1065438	5.61	0	15
ptg012774l_1	37610	141674	3.77	0	12
ptg012774l_1_region	37610	141674	3.77	0	12
ptg012776l_1	70112	240550	3.43	0	15
ptg012776l_1_region	70112	240550	3.43	0	15
ptg012778l_1	36060	89224	2.47	0	8
ptg012778l_1_region	36060	89224	2.47	0	8
ptg012780l_1	36910	263868	7.15	0	25
ptg012780l_1_region	36910	263868	7.15	0	25
ptg012781l_1	84670	295343	3.49	0	7
ptg012781l_1_region	84670	295343	3.49	0	7
ptg012782l_1	109595	848097	7.74	0	24
ptg012782l_1_region	109595	848097	7.74	0	24
ptg012784l_1	110151	400358	3.63	0	11
ptg012784l_1_region	110151	400358	3.63	0	11
ptg012785l_1	70676	386550	5.47	0	12
ptg012785l_1_region	70676	386550	5.47	0	12
ptg012789l_1	48742	181085	3.72	0	8
ptg012789l_1_region	48742	181085	3.72	0	8
ptg012790l_1	97494	449821	4.61	0	15
ptg012790l_1_region	97494	449821	4.61	0	15
ptg012793l_1	113303	571680	5.05	0	12
ptg012793l_1_region	113303	571680	5.05	0	12
ptg012795l_1	39515	153294	3.88	0	10
ptg012795l_1_region	39515	153294	3.88	0	10
ptg012796l_1	32894	68351	2.08	0	6
ptg012796l_1_region	32894	68351	2.08	0	6
ptg012801l_1	91925	383548	4.17	0	16
ptg012801l_1_region	91925	383548	4.17	0	16
ptg012803l_1	109801	429542	3.91	0	10
ptg012803l_1_region	109801	429542	3.91	0	10
ptg012804l_1	252442	1221017	4.84	0	17
ptg012804l_1_region	252442	1221017	4.84	0	17
ptg012806l_1	25804	88332	3.42	0	8
ptg012806l_1_region	25804	88332	3.42	0	8
ptg012808l_1	113671	384541	3.38	0	11
ptg012808l_1_region	113671	384541	3.38	0	11
ptg012809l_1	38664	132111	3.42	0	9
ptg012809l_1_region	38664	132111	3.42	0	9
ptg012818l_1	34656	140358	4.05	0	10
ptg012818l_1_region	34656	140358	4.05	0	10
ptg012820l_1	28531	73566	2.58	0	10
ptg012820l_1_region	28531	73566	2.58	0	10
ptg012821l_1	22587	141151	6.25	0	15
ptg012821l_1_region	22587	141151	6.25	0	15
ptg012825l_1	82753	269262	3.25	0	13
ptg012825l_1_region	82753	269262	3.25	0	13
ptg012826l_1	71866	481535	6.70	0	22
ptg012826l_1_region	71866	481535	6.70	0	22
ptg012830l_1	55170	234180	4.24	0	23
ptg012830l_1_region	55170	234180	4.24	0	23
ptg012833l_1	88502	383136	4.33	0	14
ptg012833l_1_region	88502	383136	4.33	0	14
ptg012834l_1	42251	133064	3.15	0	9
ptg012834l_1_region	42251	133064	3.15	0	9
ptg012835l_1	144229	739148	5.12	0	15
ptg012835l_1_region	144229	739148	5.12	0	15
ptg012836l_1	24508	185087	7.55	0	12
ptg012836l_1_region	24508	185087	7.55	0	12
ptg012838l_1	31270	192753	6.16	0	16
ptg012838l_1_region	31270	192753	6.16	0	16
ptg012842l_1	85595	252416	2.95	0	8
ptg012842l_1_region	85595	252416	2.95	0	8
ptg012844l_1	52898	282366	5.34	0	13
ptg012844l_1_region	52898	282366	5.34	0	13
ptg012845l_1	85224	343993	4.04	0	12
ptg012845l_1_region	85224	343993	4.04	0	12
ptg012848l_1	34138	116722	3.42	0	6
ptg012848l_1_region	34138	116722	3.42	0	6
ptg012849l_1	92300	220035	2.38	0	7
ptg012849l_1_region	92300	220035	2.38	0	7
ptg012852l_1	26697	142351	5.33	0	10
ptg012852l_1_region	26697	142351	5.33	0	10
ptg012854l_1	155952	817531	5.24	0	21
ptg012854l_1_region	155952	817531	5.24	0	21
ptg012856l_1	34447	111745	3.24	0	9
ptg012856l_1_region	34447	111745	3.24	0	9
ptg012857l_1	36973	141125	3.82	0	15
ptg012857l_1_region	36973	141125	3.82	0	15
ptg012858l_1	48616	150991	3.11	0	11
ptg012858l_1_region	48616	150991	3.11	0	11
ptg012859l_1	98967	516615	5.22	0	25
ptg012859l_1_region	98967	516615	5.22	0	25
ptg012862l_1	179317	765392	4.27	0	12
ptg012862l_1_region	179317	765392	4.27	0	12
ptg012863l_1	74794	350534	4.69	0	11
ptg012863l_1_region	74794	350534	4.69	0	11
ptg012864l_1	126235	512818	4.06	0	30
ptg012864l_1_region	126235	512818	4.06	0	30
ptg012866l_1	128948	921201	7.14	0	62
ptg012866l_1_region	128948	921201	7.14	0	62
ptg012868l_1	26920	44356	1.65	0	5
ptg012868l_1_region	26920	44356	1.65	0	5
ptg012877l_1	56674	287815	5.08	0	12
ptg012877l_1_region	56674	287815	5.08	0	12
ptg012882l_1	261515	714597	2.73	0	10
ptg012882l_1_region	261515	714597	2.73	0	10
ptg012885l_1	19451	71994	3.70	0	23
ptg012885l_1_region	19451	71994	3.70	0	23
ptg012887l_1	133419	616240	4.62	0	12
ptg012887l_1_region	133419	616240	4.62	0	12
ptg012888l_1	76333	267139	3.50	0	10
ptg012888l_1_region	76333	267139	3.50	0	10
ptg012890l_1	45767	167144	3.65	0	10
ptg012890l_1_region	45767	167144	3.65	0	10
ptg012892l_1	15237	2505	0.16	0	3
ptg012892l_1_region	15237	2505	0.16	0	3
ptg012895l_1	172041	581369	3.38	0	12
ptg012895l_1_region	172041	581369	3.38	0	12
ptg012896l_1	137828	514008	3.73	0	14
ptg012896l_1_region	137828	514008	3.73	0	14
ptg012897l_1	216608	683933	3.16	0	10
ptg012897l_1_region	216608	683933	3.16	0	10
ptg012902l_1	98126	488893	4.98	0	25
ptg012902l_1_region	98126	488893	4.98	0	25
ptg012903l_1	37800	186894	4.94	0	14
ptg012903l_1_region	37800	186894	4.94	0	14
ptg012906l_1	49058	360278	7.34	0	15
ptg012906l_1_region	49058	360278	7.34	0	15
ptg012907l_1	41118	116098	2.82	0	10
ptg012907l_1_region	41118	116098	2.82	0	10
ptg012909l_1	29281	109896	3.75	0	8
ptg012909l_1_region	29281	109896	3.75	0	8
ptg012910l_1	322137	1651705	5.13	0	13
ptg012910l_1_region	322137	1651705	5.13	0	13
ptg012912l_1	130935	541399	4.13	0	18
ptg012912l_1_region	130935	541399	4.13	0	18
ptg012913l_1	65823	171313	2.60	0	10
ptg012913l_1_region	65823	171313	2.60	0	10
ptg012917l_1	204492	971109	4.75	0	13
ptg012917l_1_region	204492	971109	4.75	0	13
ptg012921l_1	18761	44338	2.36	0	7
ptg012921l_1_region	18761	44338	2.36	0	7
ptg012922l_1	63796	138557	2.17	0	7
ptg012922l_1_region	63796	138557	2.17	0	7
ptg012923l_1	26007	187708	7.22	0	13
ptg012923l_1_region	26007	187708	7.22	0	13
ptg012926l_1	52185	195850	3.75	0	9
ptg012926l_1_region	52185	195850	3.75	0	9
ptg012928l_1	58915	209640	3.56	0	8
ptg012928l_1_region	58915	209640	3.56	0	8
ptg012930l_1	145140	921280	6.35	0	37
ptg012930l_1_region	145140	921280	6.35	0	37
ptg012934l_1	174271	8352534	47.93	0	255
ptg012934l_1_region	174271	8352534	47.93	0	255
ptg012937l_1	64092	53082	0.83	0	7
ptg012937l_1_region	64092	53082	0.83	0	7
ptg012940l_1	39397	119364	3.03	0	7
ptg012940l_1_region	39397	119364	3.03	0	7
ptg012941l_1	66820	366936	5.49	0	364
ptg012941l_1_region	66820	366936	5.49	0	364
ptg012942l_1	70773	239275	3.38	0	10
ptg012942l_1_region	70773	239275	3.38	0	10
ptg012943l_1	50473	109430	2.17	0	12
ptg012943l_1_region	50473	109430	2.17	0	12
ptg012946l_1	67364	186099	2.76	0	6
ptg012946l_1_region	67364	186099	2.76	0	6
ptg012949l_1	117474	340101	2.90	0	10
ptg012949l_1_region	117474	340101	2.90	0	10
ptg012950l_1	113234	532348	4.70	0	14
ptg012950l_1_region	113234	532348	4.70	0	14
ptg012951l_1	110957	398202	3.59	0	13
ptg012951l_1_region	110957	398202	3.59	0	13
ptg012952l_1	186201	888409	4.77	0	29
ptg012952l_1_region	186201	888409	4.77	0	29
ptg012954l_1	181769	561125	3.09	0	15
ptg012954l_1_region	181769	561125	3.09	0	15
ptg012955l_1	200860	1036779	5.16	0	12
ptg012955l_1_region	200860	1036779	5.16	0	12
ptg012956l_1	138929	674336	4.85	0	12
ptg012956l_1_region	138929	674336	4.85	0	12
ptg012957l_1	20388	69261	3.40	0	12
ptg012957l_1_region	20388	69261	3.40	0	12
ptg012958l_1	66538	238808	3.59	0	8
ptg012958l_1_region	66538	238808	3.59	0	8
ptg012959l_1	24615	115297	4.68	0	10
ptg012959l_1_region	24615	115297	4.68	0	10
ptg012963l_1	60034	292977	4.88	0	10
ptg012963l_1_region	60034	292977	4.88	0	10
ptg012964l_1	82180	416376	5.07	0	13
ptg012964l_1_region	82180	416376	5.07	0	13
ptg012965l_1	119033	579909	4.87	0	12
ptg012965l_1_region	119033	579909	4.87	0	12
ptg012968l_1	27144	31129	1.15	0	4
ptg012968l_1_region	27144	31129	1.15	0	4
ptg012971l_1	57423	227257	3.96	0	9
ptg012971l_1_region	57423	227257	3.96	0	9
ptg012974l_1	37722	197041	5.22	0	13
ptg012974l_1_region	37722	197041	5.22	0	13
ptg012977l_1	134418	768371	5.72	0	13
ptg012977l_1_region	134418	768371	5.72	0	13
ptg012978l_1	49375	221438	4.48	0	16
ptg012978l_1_region	49375	221438	4.48	0	16
ptg012980l_1	32656	128509	3.94	0	8
ptg012980l_1_region	32656	128509	3.94	0	8
ptg012981l_1	23286	29342	1.26	0	5
ptg012981l_1_region	23286	29342	1.26	0	5
ptg012983l_1	60897	451030	7.41	0	24
ptg012983l_1_region	60897	451030	7.41	0	24
ptg012985l_1	51826	144543	2.79	0	11
ptg012985l_1_region	51826	144543	2.79	0	11
ptg012987l_1	112767	406017	3.60	0	15
ptg012987l_1_region	112767	406017	3.60	0	15
ptg012989l_1	50625	136783	2.70	0	9
ptg012989l_1_region	50625	136783	2.70	0	9
ptg012990l_1	148384	593173	4.00	0	10
ptg012990l_1_region	148384	593173	4.00	0	10
ptg012992l_1	50276	252016	5.01	0	10
ptg012992l_1_region	50276	252016	5.01	0	10
ptg012994l_1	62037	285308	4.60	0	11
ptg012994l_1_region	62037	285308	4.60	0	11
ptg012995l_1	48126	176188	3.66	0	9
ptg012995l_1_region	48126	176188	3.66	0	9
ptg012996l_1	49495	207731	4.20	0	13
ptg012996l_1_region	49495	207731	4.20	0	13
ptg013000l_1	37705	56279	1.49	0	3
ptg013000l_1_region	37705	56279	1.49	0	3
ptg013003l_1	32411	187832	5.80	0	20
ptg013003l_1_region	32411	187832	5.80	0	20
ptg013006l_1	66347	300944	4.54	0	11
ptg013006l_1_region	66347	300944	4.54	0	11
ptg013007l_1	8839	58340	6.60	0	11
ptg013007l_1_region	8839	58340	6.60	0	11
ptg013008l_1	31293	109591	3.50	0	7
ptg013008l_1_region	31293	109591	3.50	0	7
ptg013010l_1	65258	356542	5.46	0	15
ptg013010l_1_region	65258	356542	5.46	0	15
ptg013013l_1	15786	25997	1.65	0	8
ptg013013l_1_region	15786	25997	1.65	0	8
ptg013018l_1	63978	299821	4.69	0	11
ptg013018l_1_region	63978	299821	4.69	0	11
ptg013020l_1	244196	1019356	4.17	0	25
ptg013020l_1_region	244196	1019356	4.17	0	25
ptg013023l_1	149501	600066	4.01	0	26
ptg013023l_1_region	149501	600066	4.01	0	26
ptg013025l_1	91253	355562	3.90	0	11
ptg013025l_1_region	91253	355562	3.90	0	11
ptg013026l_1	144190	734944	5.10	0	15
ptg013026l_1_region	144190	734944	5.10	0	15
ptg013027l_1	31582	104730	3.32	0	6
ptg013027l_1_region	31582	104730	3.32	0	6
ptg013030l_1	80825	302359	3.74	0	11
ptg013030l_1_region	80825	302359	3.74	0	11
ptg013031l_1	87569	364211	4.16	0	9
ptg013031l_1_region	87569	364211	4.16	0	9
ptg013042l_1	34804	134627	3.87	0	8
ptg013042l_1_region	34804	134627	3.87	0	8
ptg013046l_1	57209	161215	2.82	0	10
ptg013046l_1_region	57209	161215	2.82	0	10
ptg013047l_1	26839	33076	1.23	0	6
ptg013047l_1_region	26839	33076	1.23	0	6
ptg013050l_1	43732	116436	2.66	0	6
ptg013050l_1_region	43732	116436	2.66	0	6
ptg013051l_1	98278	428626	4.36	0	14
ptg013051l_1_region	98278	428626	4.36	0	14
ptg013055l_1	17105	53036	3.10	0	8
ptg013055l_1_region	17105	53036	3.10	0	8
ptg013057l_1	170031	1043545	6.14	0	21
ptg013057l_1_region	170031	1043545	6.14	0	21
ptg013060l_1	30323	202067	6.66	0	32
ptg013060l_1_region	30323	202067	6.66	0	32
ptg013061l_1	195246	782675	4.01	0	12
ptg013061l_1_region	195246	782675	4.01	0	12
ptg013062l_1	98446	284870	2.89	0	14
ptg013062l_1_region	98446	284870	2.89	0	14
ptg013069l_1	129749	423634	3.27	0	10
ptg013069l_1_region	129749	423634	3.27	0	10
ptg013070l_1	342326	1709945	5.00	0	55
ptg013070l_1_region	342326	1709945	5.00	0	55
ptg013071l_1	48249	205579	4.26	0	10
ptg013071l_1_region	48249	205579	4.26	0	10
ptg013072l_1	120168	713420	5.94	0	20
ptg013072l_1_region	120168	713420	5.94	0	20
ptg013073l_1	42148	129692	3.08	0	6
ptg013073l_1_region	42148	129692	3.08	0	6
ptg013074l_1	119730	433554	3.62	0	10
ptg013074l_1_region	119730	433554	3.62	0	10
ptg013078l_1	77129	361339	4.68	0	12
ptg013078l_1_region	77129	361339	4.68	0	12
ptg013079l_1	64306	168508	2.62	0	12
ptg013079l_1_region	64306	168508	2.62	0	12
ptg013081l_1	31406	88024	2.80	0	11
ptg013081l_1_region	31406	88024	2.80	0	11
ptg013083l_1	14995	38143	2.54	0	13
ptg013083l_1_region	14995	38143	2.54	0	13
ptg013085l_1	78263	559047	7.14	0	19
ptg013085l_1_region	78263	559047	7.14	0	19
ptg013086l_1	26789	46840	1.75	0	9
ptg013086l_1_region	26789	46840	1.75	0	9
ptg013087l_1	16562	31116	1.88	0	23
ptg013087l_1_region	16562	31116	1.88	0	23
ptg013088l_1	201263	601901	2.99	0	12
ptg013088l_1_region	201263	601901	2.99	0	12
ptg013090l_1	77085	397406	5.16	0	16
ptg013090l_1_region	77085	397406	5.16	0	16
ptg013094l_1	110693	458782	4.14	0	12
ptg013094l_1_region	110693	458782	4.14	0	12
ptg013097l_1	117095	320989	2.74	0	9
ptg013097l_1_region	117095	320989	2.74	0	9
ptg013104l_1	157114	878353	5.59	0	12
ptg013104l_1_region	157114	878353	5.59	0	12
ptg013106l_1	43771	195785	4.47	0	13
ptg013106l_1_region	43771	195785	4.47	0	13
ptg013107l_1	134869	628553	4.66	0	13
ptg013107l_1_region	134869	628553	4.66	0	13
ptg013108l_1	79608	253209	3.18	0	8
ptg013108l_1_region	79608	253209	3.18	0	8
ptg013110l_1	43900	109925	2.50	0	5
ptg013110l_1_region	43900	109925	2.50	0	5
ptg013112l_1	25049	130474	5.21	2	9
ptg013112l_1_region	25049	130474	5.21	2	9
ptg013114l_1	21390	21572	1.01	0	2
ptg013114l_1_region	21390	21572	1.01	0	2
ptg013118l_1	144972	639722	4.41	0	13
ptg013118l_1_region	144972	639722	4.41	0	13
ptg013120l_1	31360	114370	3.65	0	9
ptg013120l_1_region	31360	114370	3.65	0	9
ptg013121l_1	98412	413568	4.20	0	14
ptg013121l_1_region	98412	413568	4.20	0	14
ptg013124l_1	166012	635335	3.83	0	20
ptg013124l_1_region	166012	635335	3.83	0	20
ptg013126l_1	55974	160270	2.86	0	13
ptg013126l_1_region	55974	160270	2.86	0	13
ptg013127l_1	38361	109810	2.86	0	8
ptg013127l_1_region	38361	109810	2.86	0	8
ptg013128l_1	203081	1089039	5.36	0	13
ptg013128l_1_region	203081	1089039	5.36	0	13
ptg013130l_1	16779	63974	3.81	1	6
ptg013130l_1_region	16779	63974	3.81	1	6
ptg013131l_1	137761	763048	5.54	0	24
ptg013131l_1_region	137761	763048	5.54	0	24
ptg013132l_1	147162	665621	4.52	0	24
ptg013132l_1_region	147162	665621	4.52	0	24
ptg013135l_1	56944	310884	5.46	0	14
ptg013135l_1_region	56944	310884	5.46	0	14
ptg013136l_1	174015	420056	2.41	0	10
ptg013136l_1_region	174015	420056	2.41	0	10
ptg013138l_1	24059	67142	2.79	0	7
ptg013138l_1_region	24059	67142	2.79	0	7
ptg013139l_1	60791	180861	2.98	0	10
ptg013139l_1_region	60791	180861	2.98	0	10
ptg013140l_1	83663	258062	3.08	0	10
ptg013140l_1_region	83663	258062	3.08	0	10
ptg013143l_1	208605	819801	3.93	0	60
ptg013143l_1_region	208605	819801	3.93	0	60
ptg013144l_1	103601	422609	4.08	0	11
ptg013144l_1_region	103601	422609	4.08	0	11
ptg013145l_1	94919	363781	3.83	0	14
ptg013145l_1_region	94919	363781	3.83	0	14
ptg013150l_1	168158	58303	0.35	0	5
ptg013150l_1_region	168158	58303	0.35	0	5
ptg013151l_1	33078	131442	3.97	0	7
ptg013151l_1_region	33078	131442	3.97	0	7
ptg013152l_1	452936	1906576	4.21	0	15
ptg013152l_1_region	452936	1906576	4.21	0	15
ptg013158l_1	31083	381407	12.27	0	32
ptg013158l_1_region	31083	381407	12.27	0	32
ptg013159l_1	19486	43767	2.25	0	6
ptg013159l_1_region	19486	43767	2.25	0	6
ptg013160l_1	86696	473015	5.46	0	13
ptg013160l_1_region	86696	473015	5.46	0	13
ptg013161l_1	59497	134946	2.27	0	6
ptg013161l_1_region	59497	134946	2.27	0	6
ptg013165l_1	22479	112129	4.99	1	9
ptg013165l_1_region	22479	112129	4.99	1	9
ptg013167l_1	81546	358397	4.40	0	14
ptg013167l_1_region	81546	358397	4.40	0	14
ptg013168l_1	54276	307833	5.67	0	17
ptg013168l_1_region	54276	307833	5.67	0	17
ptg013171l_1	61416	200524	3.27	0	9
ptg013171l_1_region	61416	200524	3.27	0	9
ptg013174l_1	80664	331214	4.11	0	21
ptg013174l_1_region	80664	331214	4.11	0	21
ptg013176l_1	73433	168483	2.29	0	8
ptg013176l_1_region	73433	168483	2.29	0	8
ptg013177l_1	23315	85351	3.66	0	9
ptg013177l_1_region	23315	85351	3.66	0	9
ptg013179l_1	223551	1303268	5.83	0	21
ptg013179l_1_region	223551	1303268	5.83	0	21
ptg013180l_1	44934	144382	3.21	0	8
ptg013180l_1_region	44934	144382	3.21	0	8
ptg013181l_1	196254	949001	4.84	0	16
ptg013181l_1_region	196254	949001	4.84	0	16
ptg013182l_1	44155	71334	1.62	0	8
ptg013182l_1_region	44155	71334	1.62	0	8
ptg013183l_1	53364	109209	2.05	0	10
ptg013183l_1_region	53364	109209	2.05	0	10
ptg013184l_1	53833	139059	2.58	0	7
ptg013184l_1_region	53833	139059	2.58	0	7
ptg013185l_1	250707	1387525	5.53	0	17
ptg013185l_1_region	250707	1387525	5.53	0	17
ptg013187l_1	143641	425411	2.96	0	16
ptg013187l_1_region	143641	425411	2.96	0	16
ptg013188l_1	157442	582310	3.70	0	26
ptg013188l_1_region	157442	582310	3.70	0	26
ptg013192l_1	53159	115547	2.17	0	8
ptg013192l_1_region	53159	115547	2.17	0	8
ptg013194l_1	179972	945513	5.25	0	13
ptg013194l_1_region	179972	945513	5.25	0	13
ptg013197l_1	46615	226072	4.85	0	10
ptg013197l_1_region	46615	226072	4.85	0	10
ptg013198l_1	139077	633563	4.56	0	15
ptg013198l_1_region	139077	633563	4.56	0	15
ptg013200l_1	127515	496419	3.89	0	11
ptg013200l_1_region	127515	496419	3.89	0	11
ptg013201l_1	75978	182734	2.41	0	9
ptg013201l_1_region	75978	182734	2.41	0	9
ptg013202l_1	154706	519589	3.36	0	71
ptg013202l_1_region	154706	519589	3.36	0	71
ptg013203l_1	65267	251657	3.86	0	11
ptg013203l_1_region	65267	251657	3.86	0	11
ptg013205l_1	17625	43623	2.48	0	8
ptg013205l_1_region	17625	43623	2.48	0	8
ptg013207l_1	61701	376257	6.10	0	12
ptg013207l_1_region	61701	376257	6.10	0	12
ptg013210l_1	71458	233476	3.27	0	7
ptg013210l_1_region	71458	233476	3.27	0	7
ptg013212l_1	116268	663920	5.71	0	17
ptg013212l_1_region	116268	663920	5.71	0	17
ptg013214l_1	55082	157763	2.86	0	8
ptg013214l_1_region	55082	157763	2.86	0	8
ptg013220l_1	290355	276211	0.95	0	15
ptg013220l_1_region	290355	276211	0.95	0	15
ptg013221l_1	105462	422947	4.01	0	14
ptg013221l_1_region	105462	422947	4.01	0	14
ptg013223l_1	180448	5781994	32.04	0	203
ptg013223l_1_region	180448	5781994	32.04	0	203
ptg013224l_1	126763	646324	5.10	0	18
ptg013224l_1_region	126763	646324	5.10	0	18
ptg013225l_1	39921	318386	7.98	0	19
ptg013225l_1_region	39921	318386	7.98	0	19
ptg013227l_1	69020	297039	4.30	0	9
ptg013227l_1_region	69020	297039	4.30	0	9
ptg013230l_1	14672	114207	7.78	1	15
ptg013230l_1_region	14672	114207	7.78	1	15
ptg013231l_1	61028	344562	5.65	0	12
ptg013231l_1_region	61028	344562	5.65	0	12
ptg013232l_1	166383	955442	5.74	0	29
ptg013232l_1_region	166383	955442	5.74	0	29
ptg013233l_1	208044	1234528	5.93	0	15
ptg013233l_1_region	208044	1234528	5.93	0	15
ptg013236l_1	78240	230617	2.95	0	12
ptg013236l_1_region	78240	230617	2.95	0	12
ptg013237l_1	14214	33975	2.39	0	6
ptg013237l_1_region	14214	33975	2.39	0	6
ptg013238l_1	50014	150428	3.01	0	29
ptg013238l_1_region	50014	150428	3.01	0	29
ptg013241l_1	32294	151696	4.70	0	10
ptg013241l_1_region	32294	151696	4.70	0	10
ptg013244l_1	108330	748406	6.91	0	18
ptg013244l_1_region	108330	748406	6.91	0	18
ptg013248l_1	72514	497564	6.86	0	22
ptg013248l_1_region	72514	497564	6.86	0	22
ptg013249l_1	38375	177862	4.63	0	13
ptg013249l_1_region	38375	177862	4.63	0	13
ptg013250l_1	66740	423620	6.35	0	18
ptg013250l_1_region	66740	423620	6.35	0	18
ptg013252l_1	143025	786767	5.50	0	40
ptg013252l_1_region	143025	786767	5.50	0	40
ptg013253l_1	132851	849087	6.39	0	22
ptg013253l_1_region	132851	849087	6.39	0	22
ptg013254l_1	58537	152434	2.60	0	5
ptg013254l_1_region	58537	152434	2.60	0	5
ptg013255l_1	309954	1543901	4.98	0	21
ptg013255l_1_region	309954	1543901	4.98	0	21
ptg013257l_1	26657	42201	1.58	0	4
ptg013257l_1_region	26657	42201	1.58	0	4
ptg013259l_1	92059	514472	5.59	0	13
ptg013259l_1_region	92059	514472	5.59	0	13
ptg013260l_1	25058	84788	3.38	0	8
ptg013260l_1_region	25058	84788	3.38	0	8
ptg013261l_1	81182	255209	3.14	0	14
ptg013261l_1_region	81182	255209	3.14	0	14
ptg013262l_1	105227	442287	4.20	0	23
ptg013262l_1_region	105227	442287	4.20	0	23
ptg013264l_1	27772	70674	2.54	0	7
ptg013264l_1_region	27772	70674	2.54	0	7
ptg013269l_1	72644	213338	2.94	0	9
ptg013269l_1_region	72644	213338	2.94	0	9
ptg013270l_1	58093	207198	3.57	0	11
ptg013270l_1_region	58093	207198	3.57	0	11
ptg013272l_1	156868	464085	2.96	0	13
ptg013272l_1_region	156868	464085	2.96	0	13
ptg013275l_1	123298	2370394	19.22	0	82
ptg013275l_1_region	123298	2370394	19.22	0	82
ptg013276l_1	139758	648366	4.64	0	15
ptg013276l_1_region	139758	648366	4.64	0	15
ptg013278l_1	130527	875527	6.71	0	20
ptg013278l_1_region	130527	875527	6.71	0	20
ptg013280l_1	110457	595901	5.39	0	16
ptg013280l_1_region	110457	595901	5.39	0	16
ptg013281l_1	62846	158226	2.52	0	10
ptg013281l_1_region	62846	158226	2.52	0	10
ptg013283l_1	39785	180033	4.53	0	15
ptg013283l_1_region	39785	180033	4.53	0	15
ptg013284l_1	18189	23453	1.29	0	4
ptg013284l_1_region	18189	23453	1.29	0	4
ptg013285l_1	61726	254230	4.12	0	12
ptg013285l_1_region	61726	254230	4.12	0	12
ptg013287l_1	163246	635000	3.89	0	10
ptg013287l_1_region	163246	635000	3.89	0	10
ptg013288l_1	100287	354540	3.54	0	24
ptg013288l_1_region	100287	354540	3.54	0	24
ptg013289l_1	20743	37749	1.82	0	4
ptg013289l_1_region	20743	37749	1.82	0	4
ptg013290l_1	71674	171182	2.39	0	9
ptg013290l_1_region	71674	171182	2.39	0	9
ptg013292l_1	35345	123797	3.50	0	9
ptg013292l_1_region	35345	123797	3.50	0	9
ptg013295l_1	11869	17965	1.51	0	3
ptg013295l_1_region	11869	17965	1.51	0	3
ptg013299l_1	159847	553026	3.46	0	11
ptg013299l_1_region	159847	553026	3.46	0	11
ptg013303l_1	157348	915995	5.82	0	19
ptg013303l_1_region	157348	915995	5.82	0	19
ptg013304l_1	71143	272189	3.83	0	11
ptg013304l_1_region	71143	272189	3.83	0	11
ptg013305l_1	101846	375763	3.69	0	17
ptg013305l_1_region	101846	375763	3.69	0	17
ptg013309l_1	30932	116087	3.75	0	14
ptg013309l_1_region	30932	116087	3.75	0	14
ptg013310l_1	27509	201981	7.34	0	13
ptg013310l_1_region	27509	201981	7.34	0	13
ptg013311l_1	56234	146845	2.61	0	8
ptg013311l_1_region	56234	146845	2.61	0	8
ptg013312l_1	104042	420607	4.04	0	10
ptg013312l_1_region	104042	420607	4.04	0	10
ptg013321l_1	278992	1043697	3.74	0	13
ptg013321l_1_region	278992	1043697	3.74	0	13
ptg013323l_1	15030	32894	2.19	0	6
ptg013323l_1_region	15030	32894	2.19	0	6
ptg013324l_1	56566	193562	3.42	0	8
ptg013324l_1_region	56566	193562	3.42	0	8
ptg013325l_1	16010	35610	2.22	0	4
ptg013325l_1_region	16010	35610	2.22	0	4
ptg013326l_1	44889	194103	4.32	0	10
ptg013326l_1_region	44889	194103	4.32	0	10
ptg013327l_1	48143	140658	2.92	0	10
ptg013327l_1_region	48143	140658	2.92	0	10
ptg013329l_1	51495	145950	2.83	0	9
ptg013329l_1_region	51495	145950	2.83	0	9
ptg013332l_1	21302	28717	1.35	0	4
ptg013332l_1_region	21302	28717	1.35	0	4
ptg013333l_1	67235	259855	3.86	0	10
ptg013333l_1_region	67235	259855	3.86	0	10
ptg013336l_1	47808	36291	0.76	0	4
ptg013336l_1_region	47808	36291	0.76	0	4
ptg013338l_1	125514	424961	3.39	0	9
ptg013338l_1_region	125514	424961	3.39	0	9
ptg013339l_1	46488	125129	2.69	0	9
ptg013339l_1_region	46488	125129	2.69	0	9
ptg013340l_1	47269	242833	5.14	0	11
ptg013340l_1_region	47269	242833	5.14	0	11
ptg013341l_1	45828	132261	2.89	0	9
ptg013341l_1_region	45828	132261	2.89	0	9
ptg013342l_1	27534	29872	1.08	0	4
ptg013342l_1_region	27534	29872	1.08	0	4
ptg013343l_1	61272	322329	5.26	0	17
ptg013343l_1_region	61272	322329	5.26	0	17
ptg013344l_1	30538	6528	0.21	0	1
ptg013344l_1_region	30538	6528	0.21	0	1
ptg013346l_1	54062	136160	2.52	0	5
ptg013346l_1_region	54062	136160	2.52	0	5
ptg013347l_1	81504	211241	2.59	0	13
ptg013347l_1_region	81504	211241	2.59	0	13
ptg013351l_1	125392	531020	4.23	0	11
ptg013351l_1_region	125392	531020	4.23	0	11
ptg013352l_1	27857	129672	4.65	0	10
ptg013352l_1_region	27857	129672	4.65	0	10
ptg013354l_1	61781	291896	4.72	0	13
ptg013354l_1_region	61781	291896	4.72	0	13
ptg013357l_1	114660	451137	3.93	0	53
ptg013357l_1_region	114660	451137	3.93	0	53
ptg013364l_1	20772	133657	6.43	0	14
ptg013364l_1_region	20772	133657	6.43	0	14
ptg013367l_1	32865	116504	3.54	0	6
ptg013367l_1_region	32865	116504	3.54	0	6
ptg013368l_1	106947	449945	4.21	0	13
ptg013368l_1_region	106947	449945	4.21	0	13
ptg013369l_1	38132	157982	4.14	0	9
ptg013369l_1_region	38132	157982	4.14	0	9
ptg013370l_1	45857	197625	4.31	0	21
ptg013370l_1_region	45857	197625	4.31	0	21
ptg013376l_1	118650	418288	3.53	0	11
ptg013376l_1_region	118650	418288	3.53	0	11
ptg013379l_1	23314	60951	2.61	0	5
ptg013379l_1_region	23314	60951	2.61	0	5
ptg013385l_1	35546	165039	4.64	0	11
ptg013385l_1_region	35546	165039	4.64	0	11
ptg013387l_1	95106	663183	6.97	0	16
ptg013387l_1_region	95106	663183	6.97	0	16
ptg013388l_1	15426	17336	1.12	0	3
ptg013388l_1_region	15426	17336	1.12	0	3
ptg013391l_1	21209	278716	13.14	0	25
ptg013391l_1_region	21209	278716	13.14	0	25
ptg013396l_1	61686	368134	5.97	0	13
ptg013396l_1_region	61686	368134	5.97	0	13
ptg013397l_1	172853	894025	5.17	0	16
ptg013397l_1_region	172853	894025	5.17	0	16
ptg013398l_1	77331	393316	5.09	0	19
ptg013398l_1_region	77331	393316	5.09	0	19
ptg013400l_1	155102	1332433	8.59	0	26
ptg013400l_1_region	155102	1332433	8.59	0	26
ptg013406l_1	50767	207321	4.08	0	97
ptg013406l_1_region	50767	207321	4.08	0	97
ptg013408l_1	149504	712703	4.77	0	12
ptg013408l_1_region	149504	712703	4.77	0	12
ptg013411l_1	115554	416883	3.61	0	12
ptg013411l_1_region	115554	416883	3.61	0	12
ptg013412l_1	33516	98702	2.94	0	10
ptg013412l_1_region	33516	98702	2.94	0	10
ptg013415l_1	18101	98515	5.44	0	10
ptg013415l_1_region	18101	98515	5.44	0	10
ptg013416l_1	45685	203112	4.45	0	16
ptg013416l_1_region	45685	203112	4.45	0	16
ptg013417l_1	76463	139340	1.82	0	6
ptg013417l_1_region	76463	139340	1.82	0	6
ptg013418l_1	28834	168308	5.84	0	13
ptg013418l_1_region	28834	168308	5.84	0	13
ptg013419l_1	18538	79146	4.27	0	15
ptg013419l_1_region	18538	79146	4.27	0	15
ptg013420l_1	56440	330887	5.86	0	18
ptg013420l_1_region	56440	330887	5.86	0	18
ptg013421l_1	149014	940508	6.31	0	20
ptg013421l_1_region	149014	940508	6.31	0	20
ptg013422l_1	45595	59925	1.31	0	6
ptg013422l_1_region	45595	59925	1.31	0	6
ptg013423l_1	60130	126898	2.11	0	10
ptg013423l_1_region	60130	126898	2.11	0	10
ptg013428l_1	120637	391957	3.25	0	15
ptg013428l_1_region	120637	391957	3.25	0	15
ptg013429l_1	38030	123157	3.24	0	9
ptg013429l_1_region	38030	123157	3.24	0	9
ptg013431l_1	35597	190996	5.37	0	13
ptg013431l_1_region	35597	190996	5.37	0	13
ptg013432l_1	143437	614004	4.28	0	12
ptg013432l_1_region	143437	614004	4.28	0	12
ptg013436l_1	42452	225251	5.31	0	11
ptg013436l_1_region	42452	225251	5.31	0	11
ptg013437l_1	149468	587877	3.93	0	32
ptg013437l_1_region	149468	587877	3.93	0	32
ptg013439l_1	39883	312171	7.83	2	15
ptg013439l_1_region	39883	312171	7.83	2	15
ptg013445l_1	47619	135995	2.86	0	8
ptg013445l_1_region	47619	135995	2.86	0	8
ptg013446l_1	59194	136203	2.30	0	17
ptg013446l_1_region	59194	136203	2.30	0	17
ptg013448l_1	102460	228827	2.23	0	23
ptg013448l_1_region	102460	228827	2.23	0	23
ptg013453l_1	40718	129835	3.19	0	12
ptg013453l_1_region	40718	129835	3.19	0	12
ptg013459l_1	105741	402654	3.81	0	13
ptg013459l_1_region	105741	402654	3.81	0	13
ptg013461l_1	43585	344860	7.91	0	24
ptg013461l_1_region	43585	344860	7.91	0	24
ptg013462l_1	325694	1053961	3.24	0	18
ptg013462l_1_region	325694	1053961	3.24	0	18
ptg013465l_1	12514	36848	2.94	0	5
ptg013465l_1_region	12514	36848	2.94	0	5
ptg013468l_1	167106	1062546	6.36	0	21
ptg013468l_1_region	167106	1062546	6.36	0	21
ptg013470l_1	34320	165810	4.83	0	9
ptg013470l_1_region	34320	165810	4.83	0	9
ptg013471l_1	15638	78494	5.02	0	9
ptg013471l_1_region	15638	78494	5.02	0	9
ptg013472l_1	91414	1086102	11.88	0	30
ptg013472l_1_region	91414	1086102	11.88	0	30
ptg013473l_1	32141	967	0.03	0	2
ptg013473l_1_region	32141	967	0.03	0	2
ptg013476l_1	24217	102866	4.25	0	8
ptg013476l_1_region	24217	102866	4.25	0	8
ptg013478l_1	95897	229802	2.40	0	8
ptg013478l_1_region	95897	229802	2.40	0	8
ptg013479l_1	77531	459570	5.93	0	14
ptg013479l_1_region	77531	459570	5.93	0	14
ptg013481l_1	142026	641960	4.52	0	12
ptg013481l_1_region	142026	641960	4.52	0	12
ptg013486l_1	25051	123186	4.92	0	18
ptg013486l_1_region	25051	123186	4.92	0	18
ptg013487l_1	116111	288560	2.49	0	18
ptg013487l_1_region	116111	288560	2.49	0	18
ptg013488l_1	62848	439426	6.99	0	24
ptg013488l_1_region	62848	439426	6.99	0	24
ptg013489l_1	83975	498698	5.94	0	28
ptg013489l_1_region	83975	498698	5.94	0	28
ptg013490l_1	117639	518608	4.41	0	14
ptg013490l_1_region	117639	518608	4.41	0	14
ptg013491l_1	17289	27574	1.59	0	5
ptg013491l_1_region	17289	27574	1.59	0	5
ptg013492l_1	151902	689734	4.54	0	18
ptg013492l_1_region	151902	689734	4.54	0	18
ptg013495l_1	31121	150634	4.84	0	11
ptg013495l_1_region	31121	150634	4.84	0	11
ptg013497l_1	11133	38392	3.45	0	7
ptg013497l_1_region	11133	38392	3.45	0	7
ptg013501l_1	22585	107451	4.76	0	9
ptg013501l_1_region	22585	107451	4.76	0	9
ptg013504l_1	152917	676336	4.42	0	20
ptg013504l_1_region	152917	676336	4.42	0	20
ptg013505l_1	42265	185960	4.40	0	13
ptg013505l_1_region	42265	185960	4.40	0	13
ptg013506l_1	16439	114962	6.99	2	16
ptg013506l_1_region	16439	114962	6.99	2	16
ptg013508l_1	49244	607190	12.33	0	28
ptg013508l_1_region	49244	607190	12.33	0	28
ptg013511l_1	150695	1272315	8.44	0	37
ptg013511l_1_region	150695	1272315	8.44	0	37
ptg013514l_1	21521	31785	1.48	0	7
ptg013514l_1_region	21521	31785	1.48	0	7
ptg013515l_1	96504	501218	5.19	0	13
ptg013515l_1_region	96504	501218	5.19	0	13
ptg013516l_1	84720	300350	3.55	0	10
ptg013516l_1_region	84720	300350	3.55	0	10
ptg013520l_1	21449	66667	3.11	0	6
ptg013520l_1_region	21449	66667	3.11	0	6
ptg013521l_1	17085	93771	5.49	1	10
ptg013521l_1_region	17085	93771	5.49	1	10
ptg013524l_1	72535	251395	3.47	0	9
ptg013524l_1_region	72535	251395	3.47	0	9
ptg013526l_1	188193	1190572	6.33	0	31
ptg013526l_1_region	188193	1190572	6.33	0	31
ptg013527l_1	26883	105961	3.94	0	10
ptg013527l_1_region	26883	105961	3.94	0	10
ptg013531l_1	197186	1285244	6.52	0	27
ptg013531l_1_region	197186	1285244	6.52	0	27
ptg013534l_1	56402	139801	2.48	0	11
ptg013534l_1_region	56402	139801	2.48	0	11
ptg013535l_1	28167	144487	5.13	0	20
ptg013535l_1_region	28167	144487	5.13	0	20
ptg013538l_1	20441	59043	2.89	0	7
ptg013538l_1_region	20441	59043	2.89	0	7
ptg013541l_1	39090	119138	3.05	0	195
ptg013541l_1_region	39090	119138	3.05	0	195
ptg013543l_1	28310	172219	6.08	1	14
ptg013543l_1_region	28310	172219	6.08	1	14
ptg013544l_1	78640	295971	3.76	0	9
ptg013544l_1_region	78640	295971	3.76	0	9
ptg013546l_1	69251	499859	7.22	0	17
ptg013546l_1_region	69251	499859	7.22	0	17
ptg013548l_1	89089	457190	5.13	0	75
ptg013548l_1_region	89089	457190	5.13	0	75
ptg013549l_1	182453	1429282	7.83	0	21
ptg013549l_1_region	182453	1429282	7.83	0	21
ptg013551l_1	46074	173586	3.77	0	8
ptg013551l_1_region	46074	173586	3.77	0	8
ptg013555l_1	43656	227016	5.20	0	13
ptg013555l_1_region	43656	227016	5.20	0	13
ptg013556l_1	62134	165510	2.66	0	12
ptg013556l_1_region	62134	165510	2.66	0	12
ptg013557l_1	74264	574748	7.74	0	36
ptg013557l_1_region	74264	574748	7.74	0	36
ptg013559l_1	38586	130590	3.38	0	8
ptg013559l_1_region	38586	130590	3.38	0	8
ptg013560l_1	36554	113014	3.09	0	7
ptg013560l_1_region	36554	113014	3.09	0	7
ptg013561l_1	48500	214401	4.42	0	14
ptg013561l_1_region	48500	214401	4.42	0	14
ptg013562l_1	18493	47274	2.56	0	5
ptg013562l_1_region	18493	47274	2.56	0	5
ptg013566l_1	38552	177384	4.60	0	11
ptg013566l_1_region	38552	177384	4.60	0	11
ptg013567l_1	87457	278278	3.18	0	11
ptg013567l_1_region	87457	278278	3.18	0	11
ptg013570l_1	49172	76926	1.56	0	9
ptg013570l_1_region	49172	76926	1.56	0	9
ptg013571l_1	127763	569729	4.46	0	12
ptg013571l_1_region	127763	569729	4.46	0	12
ptg013572l_1	32810	151026	4.60	0	12
ptg013572l_1_region	32810	151026	4.60	0	12
ptg013575l_1	205057	849113	4.14	0	20
ptg013575l_1_region	205057	849113	4.14	0	20
ptg013576l_1	126314	875795	6.93	0	21
ptg013576l_1_region	126314	875795	6.93	0	21
ptg013579l_1	76415	391874	5.13	0	27
ptg013579l_1_region	76415	391874	5.13	0	27
ptg013580l_1	24325	60364	2.48	0	10
ptg013580l_1_region	24325	60364	2.48	0	10
ptg013581l_1	100203	181969	1.82	0	8
ptg013581l_1_region	100203	181969	1.82	0	8
ptg013582l_1	78266	242375	3.10	0	8
ptg013582l_1_region	78266	242375	3.10	0	8
ptg013583l_1	94069	233459	2.48	0	8
ptg013583l_1_region	94069	233459	2.48	0	8
ptg013584l_1	9081	40152	4.42	0	15
ptg013584l_1_region	9081	40152	4.42	0	15
ptg013586l_1	43073	143945	3.34	0	7
ptg013586l_1_region	43073	143945	3.34	0	7
ptg013589l_1	13531	58914	4.35	0	11
ptg013589l_1_region	13531	58914	4.35	0	11
ptg013591l_1	19273	148691	7.71	0	17
ptg013591l_1_region	19273	148691	7.71	0	17
ptg013592l_1	25147	87747	3.49	0	8
ptg013592l_1_region	25147	87747	3.49	0	8
ptg013594l_1	106499	477958	4.49	0	19
ptg013594l_1_region	106499	477958	4.49	0	19
ptg013595l_1	58628	232969	3.97	0	18
ptg013595l_1_region	58628	232969	3.97	0	18
ptg013599l_1	63366	237901	3.75	0	10
ptg013599l_1_region	63366	237901	3.75	0	10
ptg013602l_1	169461	1107958	6.54	0	20
ptg013602l_1_region	169461	1107958	6.54	0	20
ptg013603l_1	105375	341954	3.25	0	11
ptg013603l_1_region	105375	341954	3.25	0	11
ptg013604l_1	257264	952097	3.70	0	14
ptg013604l_1_region	257264	952097	3.70	0	14
ptg013606l_1	110067	375100	3.41	0	10
ptg013606l_1_region	110067	375100	3.41	0	10
ptg013614l_1	34954	201505	5.76	0	12
ptg013614l_1_region	34954	201505	5.76	0	12
ptg013615l_1	28959	125185	4.32	0	13
ptg013615l_1_region	28959	125185	4.32	0	13
ptg013617l_1	43611	174423	4.00	0	7
ptg013617l_1_region	43611	174423	4.00	0	7
ptg013621l_1	17958	31676	1.76	0	4
ptg013621l_1_region	17958	31676	1.76	0	4
ptg013622l_1	35225	209518	5.95	0	21
ptg013622l_1_region	35225	209518	5.95	0	21
ptg013623l_1	90885	256221	2.82	0	9
ptg013623l_1_region	90885	256221	2.82	0	9
ptg013625l_1	26924	62513	2.32	0	7
ptg013625l_1_region	26924	62513	2.32	0	7
ptg013626l_1	142454	383216	2.69	0	15
ptg013626l_1_region	142454	383216	2.69	0	15
ptg013627l_1	70873	172377	2.43	0	8
ptg013627l_1_region	70873	172377	2.43	0	8
ptg013630l_1	77824	381345	4.90	0	15
ptg013630l_1_region	77824	381345	4.90	0	15
ptg013631l_1	56986	453355	7.96	0	19
ptg013631l_1_region	56986	453355	7.96	0	19
ptg013632l_1	72103	457291	6.34	0	26
ptg013632l_1_region	72103	457291	6.34	0	26
ptg013633l_1	54257	180524	3.33	0	8
ptg013633l_1_region	54257	180524	3.33	0	8
ptg013637l_1	66534	217646	3.27	0	11
ptg013637l_1_region	66534	217646	3.27	0	11
ptg013638l_1	110683	461194	4.17	0	17
ptg013638l_1_region	110683	461194	4.17	0	17
ptg013639l_1	68579	339445	4.95	0	11
ptg013639l_1_region	68579	339445	4.95	0	11
ptg013640l_1	38572	52819	1.37	0	10
ptg013640l_1_region	38572	52819	1.37	0	10
ptg013641l_1	56568	185248	3.27	0	7
ptg013641l_1_region	56568	185248	3.27	0	7
ptg013642l_1	54949	290315	5.28	0	17
ptg013642l_1_region	54949	290315	5.28	0	17
ptg013643l_1	51311	105417	2.05	0	8
ptg013643l_1_region	51311	105417	2.05	0	8
ptg013647l_1	26113	37220	1.43	0	19
ptg013647l_1_region	26113	37220	1.43	0	19
ptg013648l_1	16621	65286	3.93	0	9
ptg013648l_1_region	16621	65286	3.93	0	9
ptg013650l_1	30367	94634	3.12	0	10
ptg013650l_1_region	30367	94634	3.12	0	10
ptg013651l_1	80655	486882	6.04	0	18
ptg013651l_1_region	80655	486882	6.04	0	18
ptg013653l_1	223937	1200621	5.36	0	33
ptg013653l_1_region	223937	1200621	5.36	0	33
ptg013654l_1	41118	92828	2.26	0	5
ptg013654l_1_region	41118	92828	2.26	0	5
ptg013655l_1	140750	810286	5.76	0	62
ptg013655l_1_region	140750	810286	5.76	0	62
ptg013657l_1	82251	409038	4.97	0	10
ptg013657l_1_region	82251	409038	4.97	0	10
ptg013658l_1	69144	301148	4.36	0	12
ptg013658l_1_region	69144	301148	4.36	0	12
ptg013662l_1	28414	147975	5.21	0	14
ptg013662l_1_region	28414	147975	5.21	0	14
ptg013664l_1	48289	543758	11.26	0	45
ptg013664l_1_region	48289	543758	11.26	0	45
ptg013667l_1	141048	911614	6.46	0	29
ptg013667l_1_region	141048	911614	6.46	0	29
ptg013672l_1	21048	98150	4.66	0	15
ptg013672l_1_region	21048	98150	4.66	0	15
ptg013675l_1	17837	27796	1.56	0	5
ptg013675l_1_region	17837	27796	1.56	0	5
ptg013676l_1	85143	327038	3.84	0	17
ptg013676l_1_region	85143	327038	3.84	0	17
ptg013679l_1	54878	17555	0.32	0	7
ptg013679l_1_region	54878	17555	0.32	0	7
ptg013686l_1	76978	250803	3.26	0	43
ptg013686l_1_region	76978	250803	3.26	0	43
ptg013688l_1	40206	130941	3.26	0	9
ptg013688l_1_region	40206	130941	3.26	0	9
ptg013690l_1	149618	1244633	8.32	0	38
ptg013690l_1_region	149618	1244633	8.32	0	38
ptg013693l_1	29984	190274	6.35	0	15
ptg013693l_1_region	29984	190274	6.35	0	15
ptg013694l_1	28918	130825	4.52	0	10
ptg013694l_1_region	28918	130825	4.52	0	10
ptg013695l_1	29274	139295	4.76	0	27
ptg013695l_1_region	29274	139295	4.76	0	27
ptg013700l_1	33999	47840	1.41	0	4
ptg013700l_1_region	33999	47840	1.41	0	4
ptg013701l_1	65513	691552	10.56	0	44
ptg013701l_1_region	65513	691552	10.56	0	44
ptg013702l_1	133207	508321	3.82	0	12
ptg013702l_1_region	133207	508321	3.82	0	12
ptg013704l_1	33839	135294	4.00	0	7
ptg013704l_1_region	33839	135294	4.00	0	7
ptg013706l_1	225029	1200667	5.34	0	14
ptg013706l_1_region	225029	1200667	5.34	0	14
ptg013708l_1	45083	254703	5.65	0	13
ptg013708l_1_region	45083	254703	5.65	0	13
ptg013710l_1	27094	135330	4.99	0	12
ptg013710l_1_region	27094	135330	4.99	0	12
ptg013711l_1	132087	289266	2.19	0	15
ptg013711l_1_region	132087	289266	2.19	0	15
ptg013712l_1	69793	324551	4.65	0	26
ptg013712l_1_region	69793	324551	4.65	0	26
ptg013715l_1	74904	282175	3.77	0	13
ptg013715l_1_region	74904	282175	3.77	0	13
ptg013719l_1	102149	866681	8.48	0	19
ptg013719l_1_region	102149	866681	8.48	0	19
ptg013721l_1	40116	206576	5.15	0	11
ptg013721l_1_region	40116	206576	5.15	0	11
ptg013722l_1	79241	466733	5.89	0	17
ptg013722l_1_region	79241	466733	5.89	0	17
ptg013723l_1	47261	171420	3.63	0	11
ptg013723l_1_region	47261	171420	3.63	0	11
ptg013725l_1	105253	528939	5.03	0	13
ptg013725l_1_region	105253	528939	5.03	0	13
ptg013726l_1	41911	170695	4.07	0	11
ptg013726l_1_region	41911	170695	4.07	0	11
ptg013730l_1	39357	176522	4.49	0	16
ptg013730l_1_region	39357	176522	4.49	0	16
ptg013732l_1	7940	13342	1.68	0	4
ptg013732l_1_region	7940	13342	1.68	0	4
ptg013735l_1	66749	282022	4.23	0	25
ptg013735l_1_region	66749	282022	4.23	0	25
ptg013736l_1	202212	1169599	5.78	0	17
ptg013736l_1_region	202212	1169599	5.78	0	17
ptg013737l_1	35450	67237	1.90	0	7
ptg013737l_1_region	35450	67237	1.90	0	7
ptg013739l_1	41638	171362	4.12	0	8
ptg013739l_1_region	41638	171362	4.12	0	8
ptg013740l_1	154869	502359	3.24	0	16
ptg013740l_1_region	154869	502359	3.24	0	16
ptg013741l_1	6914	11372	1.64	0	2
ptg013741l_1_region	6914	11372	1.64	0	2
ptg013742l_1	168106	2293462	13.64	0	74
ptg013742l_1_region	168106	2293462	13.64	0	74
ptg013745l_1	48630	148814	3.06	0	14
ptg013745l_1_region	48630	148814	3.06	0	14
ptg013749l_1	38914	111402	2.86	0	7
ptg013749l_1_region	38914	111402	2.86	0	7
ptg013750l_1	58747	338430	5.76	0	10
ptg013750l_1_region	58747	338430	5.76	0	10
ptg013756l_1	60837	188796	3.10	0	7
ptg013756l_1_region	60837	188796	3.10	0	7
ptg013761l_1	65581	294618	4.49	0	22
ptg013761l_1_region	65581	294618	4.49	0	22
ptg013766l_1	108788	694934	6.39	0	14
ptg013766l_1_region	108788	694934	6.39	0	14
ptg013767l_1	68608	333871	4.87	0	12
ptg013767l_1_region	68608	333871	4.87	0	12
ptg013769l_1	26147	71584	2.74	0	8
ptg013769l_1_region	26147	71584	2.74	0	8
ptg013771l_1	36350	125156	3.44	0	11
ptg013771l_1_region	36350	125156	3.44	0	11
ptg013773l_1	100815	534590	5.30	0	16
ptg013773l_1_region	100815	534590	5.30	0	16
ptg013774l_1	202135	1154611	5.71	0	13
ptg013774l_1_region	202135	1154611	5.71	0	13
ptg013775l_1	15183	74978	4.94	0	37
ptg013775l_1_region	15183	74978	4.94	0	37
ptg013778l_1	64938	314538	4.84	0	14
ptg013778l_1_region	64938	314538	4.84	0	14
ptg013781l_1	80594	155526	1.93	0	16
ptg013781l_1_region	80594	155526	1.93	0	16
ptg013784l_1	116488	393105	3.37	0	16
ptg013784l_1_region	116488	393105	3.37	0	16
ptg013785l_1	63542	337866	5.32	0	13
ptg013785l_1_region	63542	337866	5.32	0	13
ptg013786l_1	75052	358736	4.78	0	23
ptg013786l_1_region	75052	358736	4.78	0	23
ptg013787l_1	52639	1309815	24.88	0	129
ptg013787l_1_region	52639	1309815	24.88	0	129
ptg013790l_1	42063	149598	3.56	0	13
ptg013790l_1_region	42063	149598	3.56	0	13
ptg013791l_1	35085	3256	0.09	0	1
ptg013791l_1_region	35085	3256	0.09	0	1
ptg013792l_1	38017	132785	3.49	0	8
ptg013792l_1_region	38017	132785	3.49	0	8
ptg013793l_1	46347	141670	3.06	0	10
ptg013793l_1_region	46347	141670	3.06	0	10
ptg013795l_1	54827	206045	3.76	0	15
ptg013795l_1_region	54827	206045	3.76	0	15
ptg013796l_1	11955	36511	3.05	0	6
ptg013796l_1_region	11955	36511	3.05	0	6
ptg013798l_1	15645	50499	3.23	0	6
ptg013798l_1_region	15645	50499	3.23	0	6
ptg013801l_1	57143	219262	3.84	0	16
ptg013801l_1_region	57143	219262	3.84	0	16
ptg013802l_1	315946	1605160	5.08	0	13
ptg013802l_1_region	315946	1605160	5.08	0	13
ptg013806l_1	46694	105592	2.26	0	7
ptg013806l_1_region	46694	105592	2.26	0	7
ptg013809l_1	130177	410065	3.15	0	9
ptg013809l_1_region	130177	410065	3.15	0	9
ptg013813l_1	70951	440920	6.21	0	20
ptg013813l_1_region	70951	440920	6.21	0	20
ptg013815l_1	110353	303511	2.75	0	9
ptg013815l_1_region	110353	303511	2.75	0	9
ptg013818l_1	16449	72294	4.40	0	11
ptg013818l_1_region	16449	72294	4.40	0	11
ptg013821l_1	33719	99225	2.94	0	8
ptg013821l_1_region	33719	99225	2.94	0	8
ptg013822l_1	157314	362002	2.30	0	9
ptg013822l_1_region	157314	362002	2.30	0	9
ptg013823l_1	56796	175453	3.09	0	19
ptg013823l_1_region	56796	175453	3.09	0	19
ptg013824l_1	94848	341380	3.60	0	10
ptg013824l_1_region	94848	341380	3.60	0	10
ptg013825l_1	135985	529401	3.89	0	16
ptg013825l_1_region	135985	529401	3.89	0	16
ptg013826l_1	72729	260439	3.58	0	9
ptg013826l_1_region	72729	260439	3.58	0	9
ptg013828l_1	24499	122728	5.01	0	11
ptg013828l_1_region	24499	122728	5.01	0	11
ptg013829l_1	24422	61677	2.53	0	31
ptg013829l_1_region	24422	61677	2.53	0	31
ptg013830l_1	368897	1968710	5.34	0	21
ptg013830l_1_region	368897	1968710	5.34	0	21
ptg013832l_1	78992	521798	6.61	0	20
ptg013832l_1_region	78992	521798	6.61	0	20
ptg013833l_1	50064	300658	6.01	0	24
ptg013833l_1_region	50064	300658	6.01	0	24
ptg013835l_1	65542	219849	3.35	0	12
ptg013835l_1_region	65542	219849	3.35	0	12
ptg013844l_1	117761	596748	5.07	0	14
ptg013844l_1_region	117761	596748	5.07	0	14
ptg013847l_1	138073	873057	6.32	0	22
ptg013847l_1_region	138073	873057	6.32	0	22
ptg013849l_1	41881	235850	5.63	0	14
ptg013849l_1_region	41881	235850	5.63	0	14
ptg013850l_1	83634	397633	4.75	0	9
ptg013850l_1_region	83634	397633	4.75	0	9
ptg013852l_1	45564	108421	2.38	0	6
ptg013852l_1_region	45564	108421	2.38	0	6
ptg013855l_1	51994	284090	5.46	0	14
ptg013855l_1_region	51994	284090	5.46	0	14
ptg013857l_1	21735	92790	4.27	0	10
ptg013857l_1_region	21735	92790	4.27	0	10
ptg013859l_1	43046	266480	6.19	0	11
ptg013859l_1_region	43046	266480	6.19	0	11
ptg013861l_1	169676	510140	3.01	0	10
ptg013861l_1_region	169676	510140	3.01	0	10
ptg013862l_1	151757	905050	5.96	0	18
ptg013862l_1_region	151757	905050	5.96	0	18
ptg013869l_1	78302	29884	0.38	0	17
ptg013869l_1_region	78302	29884	0.38	0	17
ptg013870l_1	192189	1268559	6.60	0	20
ptg013870l_1_region	192189	1268559	6.60	0	20
ptg013878l_1	63291	209398	3.31	0	15
ptg013878l_1_region	63291	209398	3.31	0	15
ptg013882l_1	16639	18701	1.12	0	3
ptg013882l_1_region	16639	18701	1.12	0	3
ptg013885l_1	187555	724934	3.87	0	14
ptg013885l_1_region	187555	724934	3.87	0	14
ptg013886l_1	40520	208966	5.16	0	13
ptg013886l_1_region	40520	208966	5.16	0	13
ptg013887l_1	34510	184495	5.35	0	11
ptg013887l_1_region	34510	184495	5.35	0	11
ptg013890l_1	137123	450319	3.28	0	12
ptg013890l_1_region	137123	450319	3.28	0	12
ptg013891l_1	43505	215019	4.94	0	11
ptg013891l_1_region	43505	215019	4.94	0	11
ptg013892l_1	84522	728209	8.62	0	24
ptg013892l_1_region	84522	728209	8.62	0	24
ptg013894l_1	52813	186372	3.53	0	10
ptg013894l_1_region	52813	186372	3.53	0	10
ptg013895l_1	58763	472917	8.05	0	20
ptg013895l_1_region	58763	472917	8.05	0	20
ptg013896l_1	99654	450222	4.52	0	11
ptg013896l_1_region	99654	450222	4.52	0	11
ptg013897l_1	83378	382493	4.59	0	16
ptg013897l_1_region	83378	382493	4.59	0	16
ptg013900l_1	34241	153528	4.48	0	11
ptg013900l_1_region	34241	153528	4.48	0	11
ptg013901l_1	42737	134850	3.16	0	10
ptg013901l_1_region	42737	134850	3.16	0	10
ptg013903l_1	44401	489500	11.02	0	21
ptg013903l_1_region	44401	489500	11.02	0	21
ptg013906l_1	91000	207035	2.28	0	9
ptg013906l_1_region	91000	207035	2.28	0	9
ptg013909l_1	96149	475385	4.94	0	11
ptg013909l_1_region	96149	475385	4.94	0	11
ptg013911l_1	86564	529080	6.11	0	24
ptg013911l_1_region	86564	529080	6.11	0	24
ptg013913l_1	34403	71493	2.08	0	6
ptg013913l_1_region	34403	71493	2.08	0	6
ptg013915l_1	21283	39323	1.85	0	10
ptg013915l_1_region	21283	39323	1.85	0	10
ptg013916l_1	78160	195322	2.50	0	12
ptg013916l_1_region	78160	195322	2.50	0	12
ptg013917l_1	170997	607988	3.56	0	11
ptg013917l_1_region	170997	607988	3.56	0	11
ptg013921l_1	168413	559286	3.32	0	10
ptg013921l_1_region	168413	559286	3.32	0	10
ptg013922l_1	152279	518081	3.40	0	10
ptg013922l_1_region	152279	518081	3.40	0	10
ptg013928l_1	224552	741277	3.30	0	10
ptg013928l_1_region	224552	741277	3.30	0	10
ptg013929l_1	123517	1019256	8.25	0	30
ptg013929l_1_region	123517	1019256	8.25	0	30
ptg013932l_1	65150	768552	11.80	0	153
ptg013932l_1_region	65150	768552	11.80	0	153
ptg013934l_1	36604	110906	3.03	0	6
ptg013934l_1_region	36604	110906	3.03	0	6
ptg013938l_1	25290	86817	3.43	0	8
ptg013938l_1_region	25290	86817	3.43	0	8
ptg013939l_1	87579	303101	3.46	0	31
ptg013939l_1_region	87579	303101	3.46	0	31
ptg013940l_1	29109	189293	6.50	0	30
ptg013940l_1_region	29109	189293	6.50	0	30
ptg013941l_1	11621	3755	0.32	0	4
ptg013941l_1_region	11621	3755	0.32	0	4
ptg013942l_1	155413	608101	3.91	0	15
ptg013942l_1_region	155413	608101	3.91	0	15
ptg013943l_1	100806	469335	4.66	0	23
ptg013943l_1_region	100806	469335	4.66	0	23
ptg013944l_1	50272	235743	4.69	0	15
ptg013944l_1_region	50272	235743	4.69	0	15
ptg013953l_1	75480	476218	6.31	0	28
ptg013953l_1_region	75480	476218	6.31	0	28
ptg013956l_1	51180	155495	3.04	0	17
ptg013956l_1_region	51180	155495	3.04	0	17
ptg013959l_1	171625	491655	2.86	0	11
ptg013959l_1_region	171625	491655	2.86	0	11
ptg013964l_1	155567	669142	4.30	0	19
ptg013964l_1_region	155567	669142	4.30	0	19
ptg013965l_1	17826	77608	4.35	0	7
ptg013965l_1_region	17826	77608	4.35	0	7
ptg013967l_1	44209	270721	6.12	0	18
ptg013967l_1_region	44209	270721	6.12	0	18
ptg013968l_1	17402	49046	2.82	0	7
ptg013968l_1_region	17402	49046	2.82	0	7
ptg013970l_1	33801	58334	1.73	0	6
ptg013970l_1_region	33801	58334	1.73	0	6
ptg013972l_1	14488	58490	4.04	0	6
ptg013972l_1_region	14488	58490	4.04	0	6
ptg013973l_1	57069	281365	4.93	0	13
ptg013973l_1_region	57069	281365	4.93	0	13
ptg013975l_1	28839	59527	2.06	0	5
ptg013975l_1_region	28839	59527	2.06	0	5
ptg013976l_1	45746	103746	2.27	0	8
ptg013976l_1_region	45746	103746	2.27	0	8
ptg013979l_1	134352	553021	4.12	0	14
ptg013979l_1_region	134352	553021	4.12	0	14
ptg013980l_1	17797	21614	1.21	0	6
ptg013980l_1_region	17797	21614	1.21	0	6
ptg013989l_1	84455	68484	0.81	0	5
ptg013989l_1_region	84455	68484	0.81	0	5
ptg013993l_1	15630	93365	5.97	0	11
ptg013993l_1_region	15630	93365	5.97	0	11
ptg013994l_1	37546	148709	3.96	0	19
ptg013994l_1_region	37546	148709	3.96	0	19
ptg013996l_1	40942	177603	4.34	0	9
ptg013996l_1_region	40942	177603	4.34	0	9
ptg013999l_1	36640	289235	7.89	0	21
ptg013999l_1_region	36640	289235	7.89	0	21
ptg014009l_1	26430	107958	4.08	0	9
ptg014009l_1_region	26430	107958	4.08	0	9
ptg014010l_1	90067	328449	3.65	0	11
ptg014010l_1_region	90067	328449	3.65	0	11
ptg014012l_1	32972	159426	4.84	0	11
ptg014012l_1_region	32972	159426	4.84	0	11
ptg014013l_1	36092	78580	2.18	0	11
ptg014013l_1_region	36092	78580	2.18	0	11
ptg014016l_1	45349	110037	2.43	0	8
ptg014016l_1_region	45349	110037	2.43	0	8
ptg014017l_1	16679	51358	3.08	0	6
ptg014017l_1_region	16679	51358	3.08	0	6
ptg014021l_1	29993	109425	3.65	0	16
ptg014021l_1_region	29993	109425	3.65	0	16
ptg014024l_1	27779	106513	3.83	0	16
ptg014024l_1_region	27779	106513	3.83	0	16
ptg014025l_1	35855	53892	1.50	0	7
ptg014025l_1_region	35855	53892	1.50	0	7
ptg014026l_1	117581	554558	4.72	0	13
ptg014026l_1_region	117581	554558	4.72	0	13
ptg014028l_1	540733	2471252	4.57	0	15
ptg014028l_1_region	540733	2471252	4.57	0	15
ptg014029l_1	132050	355257	2.69	0	9
ptg014029l_1_region	132050	355257	2.69	0	9
ptg014031l_1	31295	150711	4.82	0	13
ptg014031l_1_region	31295	150711	4.82	0	13
ptg014034l_1	67260	163061	2.42	0	23
ptg014034l_1_region	67260	163061	2.42	0	23
ptg014038l_1	81440	657819	8.08	0	55
ptg014038l_1_region	81440	657819	8.08	0	55
ptg014040l_1	32471	85414	2.63	0	6
ptg014040l_1_region	32471	85414	2.63	0	6
ptg014043l_1	80042	344999	4.31	0	13
ptg014043l_1_region	80042	344999	4.31	0	13
ptg014045l_1	23521	39504	1.68	0	4
ptg014045l_1_region	23521	39504	1.68	0	4
ptg014046l_1	27230	67392	2.47	0	11
ptg014046l_1_region	27230	67392	2.47	0	11
ptg014047l_1	33657	214128	6.36	0	14
ptg014047l_1_region	33657	214128	6.36	0	14
ptg014048l_1	119466	619427	5.18	0	12
ptg014048l_1_region	119466	619427	5.18	0	12
ptg014049l_1	27357	75576	2.76	0	7
ptg014049l_1_region	27357	75576	2.76	0	7
ptg014052l_1	28381	83219	2.93	0	10
ptg014052l_1_region	28381	83219	2.93	0	10
ptg014053l_1	11371	20319	1.79	0	4
ptg014053l_1_region	11371	20319	1.79	0	4
ptg014055l_1	23059	4131	0.18	0	2
ptg014055l_1_region	23059	4131	0.18	0	2
ptg014056l_1	21560	84006	3.90	0	12
ptg014056l_1_region	21560	84006	3.90	0	12
ptg014058l_1	49784	129020	2.59	0	13
ptg014058l_1_region	49784	129020	2.59	0	13
ptg014059l_1	42942	196794	4.58	0	11
ptg014059l_1_region	42942	196794	4.58	0	11
ptg014063l_1	22499	166723	7.41	0	14
ptg014063l_1_region	22499	166723	7.41	0	14
ptg014066l_1	48874	166218	3.40	0	10
ptg014066l_1_region	48874	166218	3.40	0	10
ptg014067l_1	26106	69843	2.68	0	10
ptg014067l_1_region	26106	69843	2.68	0	10
ptg014068l_1	31982	60124	1.88	0	4
ptg014068l_1_region	31982	60124	1.88	0	4
ptg014071l_1	38983	138645	3.56	0	12
ptg014071l_1_region	38983	138645	3.56	0	12
ptg014072l_1	21352	94247	4.41	0	26
ptg014072l_1_region	21352	94247	4.41	0	26
ptg014074l_1	53025	143606	2.71	0	8
ptg014074l_1_region	53025	143606	2.71	0	8
ptg014075l_1	71143	476239	6.69	0	38
ptg014075l_1_region	71143	476239	6.69	0	38
ptg014077l_1	175425	1115391	6.36	0	26
ptg014077l_1_region	175425	1115391	6.36	0	26
ptg014079l_1	63661	227689	3.58	0	9
ptg014079l_1_region	63661	227689	3.58	0	9
ptg014083l_1	52852	200756	3.80	0	58
ptg014083l_1_region	52852	200756	3.80	0	58
ptg014084l_1	30700	95813	3.12	0	6
ptg014084l_1_region	30700	95813	3.12	0	6
ptg014085l_1	129728	554613	4.28	0	11
ptg014085l_1_region	129728	554613	4.28	0	11
ptg014086l_1	70957	237047	3.34	0	9
ptg014086l_1_region	70957	237047	3.34	0	9
ptg014088l_1	179001	644393	3.60	0	11
ptg014088l_1_region	179001	644393	3.60	0	11
ptg014090l_1	90534	289404	3.20	0	10
ptg014090l_1_region	90534	289404	3.20	0	10
ptg014092l_1	26064	274137	10.52	0	27
ptg014092l_1_region	26064	274137	10.52	0	27
ptg014093l_1	64020	327764	5.12	0	12
ptg014093l_1_region	64020	327764	5.12	0	12
ptg014094l_1	91664	301969	3.29	0	16
ptg014094l_1_region	91664	301969	3.29	0	16
ptg014095l_1	100877	372700	3.69	0	10
ptg014095l_1_region	100877	372700	3.69	0	10
ptg014096l_1	86227	403823	4.68	0	12
ptg014096l_1_region	86227	403823	4.68	0	12
ptg014099l_1	16081	9362	0.58	0	2
ptg014099l_1_region	16081	9362	0.58	0	2
ptg014100l_1	179534	895609	4.99	0	14
ptg014100l_1_region	179534	895609	4.99	0	14
ptg014103l_1	27310	814464	29.82	0	71
ptg014103l_1_region	27310	814464	29.82	0	71
ptg014106l_1	105837	498164	4.71	0	11
ptg014106l_1_region	105837	498164	4.71	0	11
ptg014108l_1	54703	326989	5.98	0	13
ptg014108l_1_region	54703	326989	5.98	0	13
ptg014109l_1	39489	130143	3.30	0	8
ptg014109l_1_region	39489	130143	3.30	0	8
ptg014111l_1	17757	43020	2.42	0	9
ptg014111l_1_region	17757	43020	2.42	0	9
ptg014113l_1	22178	87865	3.96	0	9
ptg014113l_1_region	22178	87865	3.96	0	9
ptg014114l_1	138316	844855	6.11	0	16
ptg014114l_1_region	138316	844855	6.11	0	16
ptg014115l_1	10939	17935	1.64	0	4
ptg014115l_1_region	10939	17935	1.64	0	4
ptg014116l_1	35485	87436	2.46	0	6
ptg014116l_1_region	35485	87436	2.46	0	6
ptg014117l_1	24538	82736	3.37	0	10
ptg014117l_1_region	24538	82736	3.37	0	10
ptg014118l_1	42305	150930	3.57	0	14
ptg014118l_1_region	42305	150930	3.57	0	14
ptg014119l_1	69286	297375	4.29	0	17
ptg014119l_1_region	69286	297375	4.29	0	17
ptg014120l_1	23095	104379	4.52	0	11
ptg014120l_1_region	23095	104379	4.52	0	11
ptg014121l_1	37358	113966	3.05	0	11
ptg014121l_1_region	37358	113966	3.05	0	11
ptg014122l_1	68998	173341	2.51	0	9
ptg014122l_1_region	68998	173341	2.51	0	9
ptg014123l_1	69135	186409	2.70	0	10
ptg014123l_1_region	69135	186409	2.70	0	10
ptg014125l_1	69748	277376	3.98	0	38
ptg014125l_1_region	69748	277376	3.98	0	38
ptg014127l_1	63245	153817	2.43	0	11
ptg014127l_1_region	63245	153817	2.43	0	11
ptg014131l_1	20661	84253	4.08	0	9
ptg014131l_1_region	20661	84253	4.08	0	9
ptg014133l_1	60450	296042	4.90	0	13
ptg014133l_1_region	60450	296042	4.90	0	13
ptg014136l_1	90670	321710	3.55	0	54
ptg014136l_1_region	90670	321710	3.55	0	54
ptg014153l_1	26656	171621	6.44	0	14
ptg014153l_1_region	26656	171621	6.44	0	14
ptg014154l_1	41562	150084	3.61	0	6
ptg014154l_1_region	41562	150084	3.61	0	6
ptg014157l_1	47562	188198	3.96	0	11
ptg014157l_1_region	47562	188198	3.96	0	11
ptg014161l_1	159150	1427061	8.97	0	30
ptg014161l_1_region	159150	1427061	8.97	0	30
ptg014162l_1	95797	507235	5.29	0	14
ptg014162l_1_region	95797	507235	5.29	0	14
ptg014166l_1	189686	596519	3.14	0	10
ptg014166l_1_region	189686	596519	3.14	0	10
ptg014167l_1	52416	746197	14.24	0	85
ptg014167l_1_region	52416	746197	14.24	0	85
ptg014169l_1	39404	198809	5.05	0	84
ptg014169l_1_region	39404	198809	5.05	0	84
ptg014170l_1	97817	281280	2.88	0	16
ptg014170l_1_region	97817	281280	2.88	0	16
ptg014171l_1	40375	92912	2.30	0	10
ptg014171l_1_region	40375	92912	2.30	0	10
ptg014172l_1	35473	115915	3.27	0	9
ptg014172l_1_region	35473	115915	3.27	0	9
ptg014173l_1	47243	185829	3.93	0	9
ptg014173l_1_region	47243	185829	3.93	0	9
ptg014174l_1	59745	186820	3.13	0	7
ptg014174l_1_region	59745	186820	3.13	0	7
ptg014179l_1	42731	207130	4.85	0	9
ptg014179l_1_region	42731	207130	4.85	0	9
ptg014181l_1	110169	498267	4.52	0	11
ptg014181l_1_region	110169	498267	4.52	0	11
ptg014183l_1	14525	71541	4.93	0	23
ptg014183l_1_region	14525	71541	4.93	0	23
ptg014185l_1	153019	1028859	6.72	0	19
ptg014185l_1_region	153019	1028859	6.72	0	19
ptg014188l_1	119701	116957	0.98	0	12
ptg014188l_1_region	119701	116957	0.98	0	12
ptg014192l_1	49129	14082	0.29	0	2
ptg014192l_1_region	49129	14082	0.29	0	2
ptg014193l_1	124435	387806	3.12	0	9
ptg014193l_1_region	124435	387806	3.12	0	9
ptg014194l_1	30493	73743	2.42	0	7
ptg014194l_1_region	30493	73743	2.42	0	7
ptg014195l_1	41560	63470	1.53	0	9
ptg014195l_1_region	41560	63470	1.53	0	9
ptg014197l_1	115539	866702	7.50	0	27
ptg014197l_1_region	115539	866702	7.50	0	27
ptg014198l_1	19747	106507	5.39	0	11
ptg014198l_1_region	19747	106507	5.39	0	11
ptg014199l_1	73121	422378	5.78	0	16
ptg014199l_1_region	73121	422378	5.78	0	16
ptg014206l_1	17882	88283	4.94	0	10
ptg014206l_1_region	17882	88283	4.94	0	10
ptg014209l_1	204994	1147637	5.60	0	16
ptg014209l_1_region	204994	1147637	5.60	0	16
ptg014210l_1	20998	54939	2.62	0	5
ptg014210l_1_region	20998	54939	2.62	0	5
ptg014212l_1	88523	357452	4.04	0	13
ptg014212l_1_region	88523	357452	4.04	0	13
ptg014214l_1	91062	396210	4.35	0	11
ptg014214l_1_region	91062	396210	4.35	0	11
ptg014215l_1	174681	1033267	5.92	0	57
ptg014215l_1_region	174681	1033267	5.92	0	57
ptg014216l_1	55549	328925	5.92	0	25
ptg014216l_1_region	55549	328925	5.92	0	25
ptg014217l_1	79018	471136	5.96	0	21
ptg014217l_1_region	79018	471136	5.96	0	21
ptg014218l_1	73811	414254	5.61	0	16
ptg014218l_1_region	73811	414254	5.61	0	16
ptg014219l_1	33836	488384	14.43	0	30
ptg014219l_1_region	33836	488384	14.43	0	30
ptg014220l_1	137850	603919	4.38	0	36
ptg014220l_1_region	137850	603919	4.38	0	36
ptg014221l_1	95176	458228	4.81	0	16
ptg014221l_1_region	95176	458228	4.81	0	16
ptg014223l_1	24206	83543	3.45	0	7
ptg014223l_1_region	24206	83543	3.45	0	7
ptg014227l_1	35591	212195	5.96	0	22
ptg014227l_1_region	35591	212195	5.96	0	22
ptg014228l_1	41746	52377	1.25	0	11
ptg014228l_1_region	41746	52377	1.25	0	11
ptg014230l_1	48179	159476	3.31	0	8
ptg014230l_1_region	48179	159476	3.31	0	8
ptg014231l_1	31047	50975	1.64	0	5
ptg014231l_1_region	31047	50975	1.64	0	5
ptg014232l_1	135567	467650	3.45	0	10
ptg014232l_1_region	135567	467650	3.45	0	10
ptg014234l_1	17729	31539	1.78	0	7
ptg014234l_1_region	17729	31539	1.78	0	7
ptg014235l_1	43051	159576	3.71	0	8
ptg014235l_1_region	43051	159576	3.71	0	8
ptg014237l_1	12572	32033	2.55	0	4
ptg014237l_1_region	12572	32033	2.55	0	4
ptg014238l_1	45453	206344	4.54	0	10
ptg014238l_1_region	45453	206344	4.54	0	10
ptg014239l_1	156887	602491	3.84	0	12
ptg014239l_1_region	156887	602491	3.84	0	12
ptg014242l_1	81014	317031	3.91	0	11
ptg014242l_1_region	81014	317031	3.91	0	11
ptg014245l_1	117408	504402	4.30	0	16
ptg014245l_1_region	117408	504402	4.30	0	16
ptg014247l_1	35787	82191	2.30	0	8
ptg014247l_1_region	35787	82191	2.30	0	8
ptg014248l_1	65717	221081	3.36	0	20
ptg014248l_1_region	65717	221081	3.36	0	20
ptg014249l_1	24584	90690	3.69	0	8
ptg014249l_1_region	24584	90690	3.69	0	8
ptg014251l_1	128495	384188	2.99	0	11
ptg014251l_1_region	128495	384188	2.99	0	11
ptg014252l_1	137995	519862	3.77	0	14
ptg014252l_1_region	137995	519862	3.77	0	14
ptg014253l_1	64011	222668	3.48	0	10
ptg014253l_1_region	64011	222668	3.48	0	10
ptg014256l_1	28093	123351	4.39	0	11
ptg014256l_1_region	28093	123351	4.39	0	11
ptg014259l_1	52287	575605	11.01	0	55
ptg014259l_1_region	52287	575605	11.01	0	55
ptg014264l_1	28891	80819	2.80	0	6
ptg014264l_1_region	28891	80819	2.80	0	6
ptg014265l_1	15549	37123	2.39	0	5
ptg014265l_1_region	15549	37123	2.39	0	5
ptg014266l_1	171225	926967	5.41	0	16
ptg014266l_1_region	171225	926967	5.41	0	16
ptg014268l_1	19982	80833	4.05	0	8
ptg014268l_1_region	19982	80833	4.05	0	8
ptg014270l_1	19351	89231	4.61	0	62
ptg014270l_1_region	19351	89231	4.61	0	62
ptg014273l_1	63602	213874	3.36	0	24
ptg014273l_1_region	63602	213874	3.36	0	24
ptg014274l_1	69178	35236	0.51	0	5
ptg014274l_1_region	69178	35236	0.51	0	5
ptg014276l_1	85234	327943	3.85	0	11
ptg014276l_1_region	85234	327943	3.85	0	11
ptg014279l_1	161719	1009896	6.24	0	40
ptg014279l_1_region	161719	1009896	6.24	0	40
ptg014280l_1	48648	177766	3.65	0	9
ptg014280l_1_region	48648	177766	3.65	0	9
ptg014282l_1	31610	111452	3.53	0	10
ptg014282l_1_region	31610	111452	3.53	0	10
ptg014283l_1	63231	156345	2.47	0	7
ptg014283l_1_region	63231	156345	2.47	0	7
ptg014284l_1	20257	7773	0.38	0	9
ptg014284l_1_region	20257	7773	0.38	0	9
ptg014288l_1	51557	156624	3.04	0	8
ptg014288l_1_region	51557	156624	3.04	0	8
ptg014289l_1	21438	132262	6.17	0	14
ptg014289l_1_region	21438	132262	6.17	0	14
ptg014290l_1	34474	124433	3.61	0	10
ptg014290l_1_region	34474	124433	3.61	0	10
ptg014291l_1	85193	401684	4.71	0	16
ptg014291l_1_region	85193	401684	4.71	0	16
ptg014294l_1	61555	156090	2.54	0	20
ptg014294l_1_region	61555	156090	2.54	0	20
ptg014295l_1	32169	29546	0.92	0	2
ptg014295l_1_region	32169	29546	0.92	0	2
ptg014299l_1	171252	740717	4.33	0	13
ptg014299l_1_region	171252	740717	4.33	0	13
ptg014301l_1	61222	535604	8.75	0	28
ptg014301l_1_region	61222	535604	8.75	0	28
ptg014302l_1	53055	388027	7.31	0	77
ptg014302l_1_region	53055	388027	7.31	0	77
ptg014304l_1	101385	368945	3.64	0	11
ptg014304l_1_region	101385	368945	3.64	0	11
ptg014306l_1	21802	48788	2.24	0	17
ptg014306l_1_region	21802	48788	2.24	0	17
ptg014309l_1	34122	169319	4.96	0	13
ptg014309l_1_region	34122	169319	4.96	0	13
ptg014312l_1	52951	224912	4.25	0	11
ptg014312l_1_region	52951	224912	4.25	0	11
ptg014314l_1	48225	158174	3.28	0	17
ptg014314l_1_region	48225	158174	3.28	0	17
ptg014317l_1	60907	198658	3.26	0	8
ptg014317l_1_region	60907	198658	3.26	0	8
ptg014319l_1	64720	205682	3.18	0	12
ptg014319l_1_region	64720	205682	3.18	0	12
ptg014320l_1	69780	217669	3.12	0	10
ptg014320l_1_region	69780	217669	3.12	0	10
ptg014331l_1	21457	34446	1.61	0	3
ptg014331l_1_region	21457	34446	1.61	0	3
ptg014332l_1	417240	2095111	5.02	0	37
ptg014332l_1_region	417240	2095111	5.02	0	37
ptg014333l_1	246233	1266026	5.14	0	14
ptg014333l_1_region	246233	1266026	5.14	0	14
ptg014335l_1	33127	131877	3.98	0	9
ptg014335l_1_region	33127	131877	3.98	0	9
ptg014337l_1	135675	832345	6.13	0	17
ptg014337l_1_region	135675	832345	6.13	0	17
ptg014339l_1	10383	9924	0.96	0	3
ptg014339l_1_region	10383	9924	0.96	0	3
ptg014345l_1	17249	63063	3.66	0	11
ptg014345l_1_region	17249	63063	3.66	0	11
ptg014346l_1	59153	184902	3.13	0	8
ptg014346l_1_region	59153	184902	3.13	0	8
ptg014348l_1	518409	2177639	4.20	0	12
ptg014348l_1_region	518409	2177639	4.20	0	12
ptg014349l_1	25656	92904	3.62	0	7
ptg014349l_1_region	25656	92904	3.62	0	7
ptg014351l_1	21884	60696	2.77	0	5
ptg014351l_1_region	21884	60696	2.77	0	5
ptg014355l_1	41136	155314	3.78	0	7
ptg014355l_1_region	41136	155314	3.78	0	7
ptg014357l_1	122032	409499	3.36	0	15
ptg014357l_1_region	122032	409499	3.36	0	15
ptg014358l_1	74697	303631	4.06	0	10
ptg014358l_1_region	74697	303631	4.06	0	10
ptg014360l_1	53739	173436	3.23	0	11
ptg014360l_1_region	53739	173436	3.23	0	11
ptg014362l_1	38329	105513	2.75	0	8
ptg014362l_1_region	38329	105513	2.75	0	8
ptg014364l_1	22105	35136	1.59	0	14
ptg014364l_1_region	22105	35136	1.59	0	14
ptg014368l_1	76901	232091	3.02	0	24
ptg014368l_1_region	76901	232091	3.02	0	24
ptg014369l_1	23874	43853	1.84	0	6
ptg014369l_1_region	23874	43853	1.84	0	6
ptg014370l_1	123035	501890	4.08	0	12
ptg014370l_1_region	123035	501890	4.08	0	12
ptg014371l_1	159775	793860	4.97	0	11
ptg014371l_1_region	159775	793860	4.97	0	11
ptg014376l_1	57628	213239	3.70	0	11
ptg014376l_1_region	57628	213239	3.70	0	11
ptg014377l_1	41727	192995	4.63	0	23
ptg014377l_1_region	41727	192995	4.63	0	23
ptg014381l_1	42161	157648	3.74	0	10
ptg014381l_1_region	42161	157648	3.74	0	10
ptg014383l_1	39084	135138	3.46	0	29
ptg014383l_1_region	39084	135138	3.46	0	29
ptg014387l_1	512796	2565818	5.00	0	15
ptg014387l_1_region	512796	2565818	5.00	0	15
ptg014388l_1	31580	89107	2.82	0	10
ptg014388l_1_region	31580	89107	2.82	0	10
ptg014391l_1	35952	49234	1.37	0	5
ptg014391l_1_region	35952	49234	1.37	0	5
ptg014392l_1	35705	239324	6.70	0	15
ptg014392l_1_region	35705	239324	6.70	0	15
ptg014394l_1	73398	362438	4.94	0	13
ptg014394l_1_region	73398	362438	4.94	0	13
ptg014395l_1	95697	389384	4.07	0	14
ptg014395l_1_region	95697	389384	4.07	0	14
ptg014396l_1	70747	471865	6.67	0	20
ptg014396l_1_region	70747	471865	6.67	0	20
ptg014398l_1	77921	384503	4.93	0	18
ptg014398l_1_region	77921	384503	4.93	0	18
ptg014399l_1	19228	36037	1.87	0	5
ptg014399l_1_region	19228	36037	1.87	0	5
ptg014401l_1	58481	279098	4.77	0	17
ptg014401l_1_region	58481	279098	4.77	0	17
ptg014404l_1	81503	518887	6.37	0	10
ptg014404l_1_region	81503	518887	6.37	0	10
ptg014405l_1	172711	1178682	6.82	0	268
ptg014405l_1_region	172711	1178682	6.82	0	268
ptg014406l_1	19571	53387	2.73	0	10
ptg014406l_1_region	19571	53387	2.73	0	10
ptg014409l_1	52224	322387	6.17	0	23
ptg014409l_1_region	52224	322387	6.17	0	23
ptg014411l_1	105883	431701	4.08	0	13
ptg014411l_1_region	105883	431701	4.08	0	13
ptg014412l_1	70853	411000	5.80	0	14
ptg014412l_1_region	70853	411000	5.80	0	14
ptg014413l_1	54300	221263	4.07	0	13
ptg014413l_1_region	54300	221263	4.07	0	13
ptg014414l_1	58189	325286	5.59	0	14
ptg014414l_1_region	58189	325286	5.59	0	14
ptg014417l_1	34734	222175	6.40	0	16
ptg014417l_1_region	34734	222175	6.40	0	16
ptg014418l_1	87478	390690	4.47	0	10
ptg014418l_1_region	87478	390690	4.47	0	10
ptg014422l_1	75683	423998	5.60	0	38
ptg014422l_1_region	75683	423998	5.60	0	38
ptg014423l_1	19111	83184	4.35	0	8
ptg014423l_1_region	19111	83184	4.35	0	8
ptg014424l_1	29566	38068	1.29	0	3
ptg014424l_1_region	29566	38068	1.29	0	3
ptg014425l_1	76099	212411	2.79	0	9
ptg014425l_1_region	76099	212411	2.79	0	9
ptg014426l_1	49341	196253	3.98	0	9
ptg014426l_1_region	49341	196253	3.98	0	9
ptg014428l_1	47262	57689	1.22	0	10
ptg014428l_1_region	47262	57689	1.22	0	10
ptg014431l_1	52626	218238	4.15	0	15
ptg014431l_1_region	52626	218238	4.15	0	15
ptg014432l_1	31175	108377	3.48	0	17
ptg014432l_1_region	31175	108377	3.48	0	17
ptg014433l_1	24211	124342	5.14	0	12
ptg014433l_1_region	24211	124342	5.14	0	12
ptg014436l_1	47098	197214	4.19	0	17
ptg014436l_1_region	47098	197214	4.19	0	17
ptg014437l_1	48549	579557	11.94	0	41
ptg014437l_1_region	48549	579557	11.94	0	41
ptg014438l_1	62446	610804	9.78	0	34
ptg014438l_1_region	62446	610804	9.78	0	34
ptg014440l_1	19613	147205	7.51	0	15
ptg014440l_1_region	19613	147205	7.51	0	15
ptg014441l_1	19307	91025	4.71	0	11
ptg014441l_1_region	19307	91025	4.71	0	11
ptg014442l_1	88390	271755	3.07	0	9
ptg014442l_1_region	88390	271755	3.07	0	9
ptg014443l_1	239332	1073804	4.49	0	23
ptg014443l_1_region	239332	1073804	4.49	0	23
ptg014446l_1	30616	162599	5.31	0	15
ptg014446l_1_region	30616	162599	5.31	0	15
ptg014447l_1	30867	119732	3.88	0	8
ptg014447l_1_region	30867	119732	3.88	0	8
ptg014448l_1	45038	141252	3.14	0	8
ptg014448l_1_region	45038	141252	3.14	0	8
ptg014450l_1	31999	171365	5.36	0	18
ptg014450l_1_region	31999	171365	5.36	0	18
ptg014451l_1	59046	151821	2.57	0	12
ptg014451l_1_region	59046	151821	2.57	0	12
ptg014452l_1	105822	584563	5.52	0	18
ptg014452l_1_region	105822	584563	5.52	0	18
ptg014453l_1	38863	113854	2.93	0	7
ptg014453l_1_region	38863	113854	2.93	0	7
ptg014454l_1	24075	156473	6.50	0	14
ptg014454l_1_region	24075	156473	6.50	0	14
ptg014456l_1	32678	194512	5.95	0	22
ptg014456l_1_region	32678	194512	5.95	0	22
ptg014457l_1	13196	60882	4.61	0	10
ptg014457l_1_region	13196	60882	4.61	0	10
ptg014458l_1	96722	340092	3.52	0	24
ptg014458l_1_region	96722	340092	3.52	0	24
ptg014459l_1	30883	149287	4.83	0	12
ptg014459l_1_region	30883	149287	4.83	0	12
ptg014460l_1	107734	654123	6.07	0	18
ptg014460l_1_region	107734	654123	6.07	0	18
ptg014462l_1	20668	92427	4.47	0	10
ptg014462l_1_region	20668	92427	4.47	0	10
ptg014463l_1	30452	92887	3.05	0	5
ptg014463l_1_region	30452	92887	3.05	0	5
ptg014465l_1	137647	737226	5.36	0	26
ptg014465l_1_region	137647	737226	5.36	0	26
ptg014466l_1	33253	173341	5.21	0	11
ptg014466l_1_region	33253	173341	5.21	0	11
ptg014467l_1	46956	180198	3.84	0	20
ptg014467l_1_region	46956	180198	3.84	0	20
ptg014468l_1	28765	83389	2.90	0	6
ptg014468l_1_region	28765	83389	2.90	0	6
ptg014470l_1	83338	237466	2.85	0	13
ptg014470l_1_region	83338	237466	2.85	0	13
ptg014471l_1	23759	27695	1.17	0	4
ptg014471l_1_region	23759	27695	1.17	0	4
ptg014474l_1	112816	497195	4.41	0	15
ptg014474l_1_region	112816	497195	4.41	0	15
ptg014475l_1	74505	347103	4.66	0	13
ptg014475l_1_region	74505	347103	4.66	0	13
ptg014476l_1	52533	113090	2.15	0	8
ptg014476l_1_region	52533	113090	2.15	0	8
ptg014478l_1	33635	96345	2.86	0	9
ptg014478l_1_region	33635	96345	2.86	0	9
ptg014480l_1	31524	177363	5.63	0	14
ptg014480l_1_region	31524	177363	5.63	0	14
ptg014481l_1	103298	299284	2.90	0	11
ptg014481l_1_region	103298	299284	2.90	0	11
ptg014485l_1	46100	162213	3.52	0	11
ptg014485l_1_region	46100	162213	3.52	0	11
ptg014492l_1	130821	432738	3.31	0	12
ptg014492l_1_region	130821	432738	3.31	0	12
ptg014494l_1	39797	148613	3.73	0	11
ptg014494l_1_region	39797	148613	3.73	0	11
ptg014499l_1	16949	35698	2.11	0	14
ptg014499l_1_region	16949	35698	2.11	0	14
ptg014500l_1	147109	960549	6.53	0	22
ptg014500l_1_region	147109	960549	6.53	0	22
ptg014502l_1	65638	332825	5.07	0	13
ptg014502l_1_region	65638	332825	5.07	0	13
ptg014504l_1	77445	291792	3.77	0	10
ptg014504l_1_region	77445	291792	3.77	0	10
ptg014508l_1	109568	508835	4.64	0	12
ptg014508l_1_region	109568	508835	4.64	0	12
ptg014509l_1	88754	688178	7.75	0	19
ptg014509l_1_region	88754	688178	7.75	0	19
ptg014511l_1	86596	469602	5.42	0	14
ptg014511l_1_region	86596	469602	5.42	0	14
ptg014516l_1	30836	57263	1.86	0	9
ptg014516l_1_region	30836	57263	1.86	0	9
ptg014521l_1	70998	585742	8.25	0	40
ptg014521l_1_region	70998	585742	8.25	0	40
ptg014525l_1	48063	142959	2.97	0	12
ptg014525l_1_region	48063	142959	2.97	0	12
ptg014526l_1	25793	119521	4.63	0	8
ptg014526l_1_region	25793	119521	4.63	0	8
ptg014528l_1	37584	153963	4.10	0	34
ptg014528l_1_region	37584	153963	4.10	0	34
ptg014532l_1	43383	126133	2.91	0	10
ptg014532l_1_region	43383	126133	2.91	0	10
ptg014536l_1	34877	102795	2.95	0	7
ptg014536l_1_region	34877	102795	2.95	0	7
ptg014537l_1	82980	265994	3.21	0	12
ptg014537l_1_region	82980	265994	3.21	0	12
ptg014539l_1	154224	941736	6.11	0	35
ptg014539l_1_region	154224	941736	6.11	0	35
ptg014540l_1	100483	754957	7.51	0	20
ptg014540l_1_region	100483	754957	7.51	0	20
ptg014541l_1	169708	785477	4.63	0	14
ptg014541l_1_region	169708	785477	4.63	0	14
ptg014543l_1	32865	47489	1.44	0	5
ptg014543l_1_region	32865	47489	1.44	0	5
ptg014544l_1	24274	34800	1.43	0	6
ptg014544l_1_region	24274	34800	1.43	0	6
ptg014546l_1	23769	188562	7.93	1	27
ptg014546l_1_region	23769	188562	7.93	1	27
ptg014547l_1	24124	57008	2.36	0	13
ptg014547l_1_region	24124	57008	2.36	0	13
ptg014548l_1	51077	98725	1.93	0	6
ptg014548l_1_region	51077	98725	1.93	0	6
ptg014549l_1	61673	101529	1.65	0	6
ptg014549l_1_region	61673	101529	1.65	0	6
ptg014550l_1	25930	86505	3.34	0	7
ptg014550l_1_region	25930	86505	3.34	0	7
ptg014555l_1	39950	163946	4.10	0	8
ptg014555l_1_region	39950	163946	4.10	0	8
ptg014556l_1	155965	340890	2.19	0	11
ptg014556l_1_region	155965	340890	2.19	0	11
ptg014558l_1	77259	250106	3.24	0	13
ptg014558l_1_region	77259	250106	3.24	0	13
ptg014559l_1	9334	11287	1.21	0	2
ptg014559l_1_region	9334	11287	1.21	0	2
ptg014561l_1	277755	1262611	4.55	0	16
ptg014561l_1_region	277755	1262611	4.55	0	16
ptg014563l_1	29089	249300	8.57	0	39
ptg014563l_1_region	29089	249300	8.57	0	39
ptg014569l_1	46189	171059	3.70	0	15
ptg014569l_1_region	46189	171059	3.70	0	15
ptg014576l_1	107734	556930	5.17	0	23
ptg014576l_1_region	107734	556930	5.17	0	23
ptg014586l_1	33342	153815	4.61	0	10
ptg014586l_1_region	33342	153815	4.61	0	10
ptg014588l_1	31618	61323	1.94	0	6
ptg014588l_1_region	31618	61323	1.94	0	6
ptg014590l_1	67791	150348	2.22	0	10
ptg014590l_1_region	67791	150348	2.22	0	10
ptg014591l_1	95156	350102	3.68	0	13
ptg014591l_1_region	95156	350102	3.68	0	13
ptg014592l_1	398596	12820998	32.17	0	185
ptg014592l_1_region	398596	12820998	32.17	0	185
ptg014593l_1	37968	135569	3.57	0	9
ptg014593l_1_region	37968	135569	3.57	0	9
ptg014596l_1	25237	146278	5.80	0	15
ptg014596l_1_region	25237	146278	5.80	0	15
ptg014600l_1	56846	257114	4.52	0	13
ptg014600l_1_region	56846	257114	4.52	0	13
ptg014603l_1	26510	48392	1.83	0	4
ptg014603l_1_region	26510	48392	1.83	0	4
ptg014608l_1	281533	1219229	4.33	0	15
ptg014608l_1_region	281533	1219229	4.33	0	15
ptg014612l_1	49084	86452	1.76	0	5
ptg014612l_1_region	49084	86452	1.76	0	5
ptg014615l_1	41064	96576	2.35	0	9
ptg014615l_1_region	41064	96576	2.35	0	9
ptg014616l_1	22453	114270	5.09	0	12
ptg014616l_1_region	22453	114270	5.09	0	12
ptg014617l_1	93854	306936	3.27	0	11
ptg014617l_1_region	93854	306936	3.27	0	11
ptg014618l_1	25397	93322	3.67	0	8
ptg014618l_1_region	25397	93322	3.67	0	8
ptg014623l_1	30137	116748	3.87	0	9
ptg014623l_1_region	30137	116748	3.87	0	9
ptg014624l_1	172696	692112	4.01	0	13
ptg014624l_1_region	172696	692112	4.01	0	13
ptg014625l_1	55588	204500	3.68	0	9
ptg014625l_1_region	55588	204500	3.68	0	9
ptg014629l_1	44050	248519	5.64	0	17
ptg014629l_1_region	44050	248519	5.64	0	17
ptg014630l_1	30800	202669	6.58	0	18
ptg014630l_1_region	30800	202669	6.58	0	18
ptg014631l_1	76867	205020	2.67	0	10
ptg014631l_1_region	76867	205020	2.67	0	10
ptg014633l_1	23616	62188	2.63	0	6
ptg014633l_1_region	23616	62188	2.63	0	6
ptg014637l_1	187738	748228	3.99	0	17
ptg014637l_1_region	187738	748228	3.99	0	17
ptg014638l_1	29503	66396	2.25	0	6
ptg014638l_1_region	29503	66396	2.25	0	6
ptg014645l_1	24206	58103	2.40	0	6
ptg014645l_1_region	24206	58103	2.40	0	6
ptg014646l_1	136823	602169	4.40	0	16
ptg014646l_1_region	136823	602169	4.40	0	16
ptg014649l_1	80061	303733	3.79	0	12
ptg014649l_1_region	80061	303733	3.79	0	12
ptg014650l_1	24556	202775	8.26	0	19
ptg014650l_1_region	24556	202775	8.26	0	19
ptg014651l_1	42488	178939	4.21	0	15
ptg014651l_1_region	42488	178939	4.21	0	15
ptg014652l_1	21844	158809	7.27	0	22
ptg014652l_1_region	21844	158809	7.27	0	22
ptg014653l_1	149683	550590	3.68	0	15
ptg014653l_1_region	149683	550590	3.68	0	15
ptg014654l_1	23958	68119	2.84	0	11
ptg014654l_1_region	23958	68119	2.84	0	11
ptg014655l_1	16492	75713	4.59	0	10
ptg014655l_1_region	16492	75713	4.59	0	10
ptg014656l_1	52937	238078	4.50	0	12
ptg014656l_1_region	52937	238078	4.50	0	12
ptg014657l_1	31335	130476	4.16	0	9
ptg014657l_1_region	31335	130476	4.16	0	9
ptg014658l_1	42952	122711	2.86	0	7
ptg014658l_1_region	42952	122711	2.86	0	7
ptg014661l_1	34679	126729	3.65	0	8
ptg014661l_1_region	34679	126729	3.65	0	8
ptg014667l_1	27364	213677	7.81	0	20
ptg014667l_1_region	27364	213677	7.81	0	20
ptg014668l_1	13217	10668	0.81	0	2
ptg014668l_1_region	13217	10668	0.81	0	2
ptg014670l_1	41505	110188	2.65	0	11
ptg014670l_1_region	41505	110188	2.65	0	11
ptg014674l_1	21840	99721	4.57	0	13
ptg014674l_1_region	21840	99721	4.57	0	13
ptg014678l_1	29180	73857	2.53	0	10
ptg014678l_1_region	29180	73857	2.53	0	10
ptg014679l_1	14124	112519	7.97	0	65
ptg014679l_1_region	14124	112519	7.97	0	65
ptg014683l_1	33590	109366	3.26	0	8
ptg014683l_1_region	33590	109366	3.26	0	8
ptg014684l_1	31234	89644	2.87	0	7
ptg014684l_1_region	31234	89644	2.87	0	7
ptg014686l_1	50864	222175	4.37	0	25
ptg014686l_1_region	50864	222175	4.37	0	25
ptg014687l_1	52991	287552	5.43	0	27
ptg014687l_1_region	52991	287552	5.43	0	27
ptg014688l_1	16298	74126	4.55	1	8
ptg014688l_1_region	16298	74126	4.55	1	8
ptg014693l_1	18083	334	0.02	0	1
ptg014693l_1_region	18083	334	0.02	0	1
ptg014697l_1	15212	50806	3.34	0	22
ptg014697l_1_region	15212	50806	3.34	0	22
ptg014698l_1	61228	162648	2.66	0	8
ptg014698l_1_region	61228	162648	2.66	0	8
ptg014700l_1	51661	225292	4.36	0	10
ptg014700l_1_region	51661	225292	4.36	0	10
ptg014702l_1	18175	28442	1.56	0	4
ptg014702l_1_region	18175	28442	1.56	0	4
ptg014704l_1	18979	34659	1.83	0	7
ptg014704l_1_region	18979	34659	1.83	0	7
ptg014705l_1	30861	116191	3.76	0	11
ptg014705l_1_region	30861	116191	3.76	0	11
ptg014706l_1	62259	239434	3.85	0	10
ptg014706l_1_region	62259	239434	3.85	0	10
ptg014708l_1	71638	180359	2.52	0	7
ptg014708l_1_region	71638	180359	2.52	0	7
ptg014710l_1	40234	182852	4.54	0	11
ptg014710l_1_region	40234	182852	4.54	0	11
ptg014712l_1	37349	133234	3.57	0	19
ptg014712l_1_region	37349	133234	3.57	0	19
ptg014715l_1	71515	241042	3.37	0	9
ptg014715l_1_region	71515	241042	3.37	0	9
ptg014716l_1	69930	298846	4.27	0	16
ptg014716l_1_region	69930	298846	4.27	0	16
ptg014718l_1	66820	249328	3.73	0	20
ptg014718l_1_region	66820	249328	3.73	0	20
ptg014719l_1	20967	109898	5.24	0	10
ptg014719l_1_region	20967	109898	5.24	0	10
ptg014720l_1	23013	75227	3.27	0	7
ptg014720l_1_region	23013	75227	3.27	0	7
ptg014722l_1	77052	368455	4.78	0	14
ptg014722l_1_region	77052	368455	4.78	0	14
ptg014724l_1	20124	35974	1.79	0	5
ptg014724l_1_region	20124	35974	1.79	0	5
ptg014725l_1	20038	128848	6.43	0	14
ptg014725l_1_region	20038	128848	6.43	0	14
ptg014726l_1	28792	45425	1.58	0	4
ptg014726l_1_region	28792	45425	1.58	0	4
ptg014727l_1	44675	417328	9.34	0	34
ptg014727l_1_region	44675	417328	9.34	0	34
ptg014728l_1	28375	55175	1.94	0	5
ptg014728l_1_region	28375	55175	1.94	0	5
ptg014729l_1	123583	590093	4.77	0	14
ptg014729l_1_region	123583	590093	4.77	0	14
ptg014732l_1	24840	71286	2.87	0	15
ptg014732l_1_region	24840	71286	2.87	0	15
ptg014733l_1	58053	149552	2.58	0	12
ptg014733l_1_region	58053	149552	2.58	0	12
ptg014736l_1	11642	36254	3.11	0	6
ptg014736l_1_region	11642	36254	3.11	0	6
ptg014739l_1	34930	168885	4.83	0	114
ptg014739l_1_region	34930	168885	4.83	0	114
ptg014740l_1	15840	25736	1.62	0	4
ptg014740l_1_region	15840	25736	1.62	0	4
ptg014744l_1	45023	168012	3.73	0	20
ptg014744l_1_region	45023	168012	3.73	0	20
ptg014746l_1	60322	83896	1.39	0	7
ptg014746l_1_region	60322	83896	1.39	0	7
ptg014747l_1	10411	241379	23.18	2	36
ptg014747l_1_region	10411	241379	23.18	2	36
ptg014750l_1	63053	227147	3.60	0	9
ptg014750l_1_region	63053	227147	3.60	0	9
ptg014753l_1	26978	77537	2.87	0	6
ptg014753l_1_region	26978	77537	2.87	0	6
ptg014756l_1	30356	86030	2.83	0	13
ptg014756l_1_region	30356	86030	2.83	0	13
ptg014757l_1	46795	176925	3.78	0	18
ptg014757l_1_region	46795	176925	3.78	0	18
ptg014761l_1	167219	1049407	6.28	0	32
ptg014761l_1_region	167219	1049407	6.28	0	32
ptg014766l_1	91467	761128	8.32	0	21
ptg014766l_1_region	91467	761128	8.32	0	21
ptg014767l_1	102704	473414	4.61	0	16
ptg014767l_1_region	102704	473414	4.61	0	16
ptg014768l_1	48238	282979	5.87	0	15
ptg014768l_1_region	48238	282979	5.87	0	15
ptg014779l_1	96340	217571	2.26	0	10
ptg014779l_1_region	96340	217571	2.26	0	10
ptg014780l_1	29564	88931	3.01	0	10
ptg014780l_1_region	29564	88931	3.01	0	10
ptg014781l_1	45725	173101	3.79	0	8
ptg014781l_1_region	45725	173101	3.79	0	8
ptg014782l_1	11243	14192	1.26	0	3
ptg014782l_1_region	11243	14192	1.26	0	3
ptg014783l_1	22564	58903	2.61	0	6
ptg014783l_1_region	22564	58903	2.61	0	6
ptg014785l_1	9554	5282	0.55	0	2
ptg014785l_1_region	9554	5282	0.55	0	2
ptg014786l_1	35411	154528	4.36	0	16
ptg014786l_1_region	35411	154528	4.36	0	16
ptg014790l_1	189210	582396	3.08	0	14
ptg014790l_1_region	189210	582396	3.08	0	14
ptg014796l_1	25966	235752	9.08	0	17
ptg014796l_1_region	25966	235752	9.08	0	17
ptg014798l_1	45572	131546	2.89	0	9
ptg014798l_1_region	45572	131546	2.89	0	9
ptg014803l_1	86554	430235	4.97	0	16
ptg014803l_1_region	86554	430235	4.97	0	16
ptg014806l_1	83395	275644	3.31	0	23
ptg014806l_1_region	83395	275644	3.31	0	23
ptg014809l_1	70815	148336	2.09	0	8
ptg014809l_1_region	70815	148336	2.09	0	8
ptg014810l_1	188169	578743	3.08	0	22
ptg014810l_1_region	188169	578743	3.08	0	22
ptg014811l_1	70127	262717	3.75	0	10
ptg014811l_1_region	70127	262717	3.75	0	10
ptg014813l_1	124860	736704	5.90	0	19
ptg014813l_1_region	124860	736704	5.90	0	19
ptg014820l_1	29597	96087	3.25	0	27
ptg014820l_1_region	29597	96087	3.25	0	27
ptg014821l_1	61582	347421	5.64	0	14
ptg014821l_1_region	61582	347421	5.64	0	14
ptg014822l_1	93520	321447	3.44	0	11
ptg014822l_1_region	93520	321447	3.44	0	11
ptg014825l_1	62361	305084	4.89	0	19
ptg014825l_1_region	62361	305084	4.89	0	19
ptg014827l_1	91929	471929	5.13	0	17
ptg014827l_1_region	91929	471929	5.13	0	17
ptg014830l_1	103895	11474	0.11	0	2
ptg014830l_1_region	103895	11474	0.11	0	2
ptg014833l_1	216447	1270360	5.87	0	41
ptg014833l_1_region	216447	1270360	5.87	0	41
ptg014834l_1	12134	59348	4.89	0	8
ptg014834l_1_region	12134	59348	4.89	0	8
ptg014836l_1	18896	30066	1.59	0	5
ptg014836l_1_region	18896	30066	1.59	0	5
ptg014839l_1	190842	850540	4.46	0	16
ptg014839l_1_region	190842	850540	4.46	0	16
ptg014843l_1	29331	181891	6.20	0	183
ptg014843l_1_region	29331	181891	6.20	0	183
ptg014848l_1	25816	65073	2.52	0	7
ptg014848l_1_region	25816	65073	2.52	0	7
ptg014849l_1	47075	133447	2.83	0	10
ptg014849l_1_region	47075	133447	2.83	0	10
ptg014850l_1	51184	232506	4.54	0	11
ptg014850l_1_region	51184	232506	4.54	0	11
ptg014851l_1	16004	5521	0.34	0	1
ptg014851l_1_region	16004	5521	0.34	0	1
ptg014855l_1	143943	1331168	9.25	0	60
ptg014855l_1_region	143943	1331168	9.25	0	60
ptg014859l_1	175818	625422	3.56	0	11
ptg014859l_1_region	175818	625422	3.56	0	11
ptg014861l_1	23864	21431	0.90	0	3
ptg014861l_1_region	23864	21431	0.90	0	3
ptg014862l_1	28097	97012	3.45	0	7
ptg014862l_1_region	28097	97012	3.45	0	7
ptg014863l_1	64424	224329	3.48	0	16
ptg014863l_1_region	64424	224329	3.48	0	16
ptg014866l_1	73055	151209	2.07	0	10
ptg014866l_1_region	73055	151209	2.07	0	10
ptg014868l_1	220466	558290	2.53	0	11
ptg014868l_1_region	220466	558290	2.53	0	11
ptg014870l_1	52371	187125	3.57	0	33
ptg014870l_1_region	52371	187125	3.57	0	33
ptg014871l_1	74398	48308	0.65	0	4
ptg014871l_1_region	74398	48308	0.65	0	4
ptg014874l_1	123115	513669	4.17	0	10
ptg014874l_1_region	123115	513669	4.17	0	10
ptg014878l_1	150003	1032187	6.88	0	25
ptg014878l_1_region	150003	1032187	6.88	0	25
ptg014881l_1	155549	739735	4.76	0	16
ptg014881l_1_region	155549	739735	4.76	0	16
ptg014886l_1	31083	118395	3.81	0	9
ptg014886l_1_region	31083	118395	3.81	0	9
ptg014888l_1	5813	1680	0.29	0	5
ptg014888l_1_region	5813	1680	0.29	0	5
ptg014890l_1	22027	33163	1.51	0	9
ptg014890l_1_region	22027	33163	1.51	0	9
ptg014895l_1	152487	40308	0.26	0	6
ptg014895l_1_region	152487	40308	0.26	0	6
ptg014896l_1	58852	315693	5.36	0	14
ptg014896l_1_region	58852	315693	5.36	0	14
ptg014898l_1	18895	2645	0.14	0	1
ptg014898l_1_region	18895	2645	0.14	0	1
ptg014900l_1	34655	57021	1.65	0	5
ptg014900l_1_region	34655	57021	1.65	0	5
ptg014904l_1	63134	743187	11.77	0	67
ptg014904l_1_region	63134	743187	11.77	0	67
ptg014911l_1	63181	737803	11.68	0	71
ptg014911l_1_region	63181	737803	11.68	0	71
ptg014914l_1	102538	385244	3.76	0	9
ptg014914l_1_region	102538	385244	3.76	0	9
ptg014915l_1	53797	317572	5.90	0	46
ptg014915l_1_region	53797	317572	5.90	0	46
ptg014917l_1	14485	18724	1.29	0	5
ptg014917l_1_region	14485	18724	1.29	0	5
ptg014919l_1	17769	82052	4.62	0	10
ptg014919l_1_region	17769	82052	4.62	0	10
ptg014920l_1	34306	83491	2.43	0	6
ptg014920l_1_region	34306	83491	2.43	0	6
ptg014923l_1	286460	557312	1.95	0	14
ptg014923l_1_region	286460	557312	1.95	0	14
ptg014924l_1	165494	743299	4.49	0	50
ptg014924l_1_region	165494	743299	4.49	0	50
ptg014929l_1	164421	684458	4.16	0	44
ptg014929l_1_region	164421	684458	4.16	0	44
ptg014931l_1	50678	615693	12.15	0	43
ptg014931l_1_region	50678	615693	12.15	0	43
ptg014932l_1	215210	763924	3.55	0	21
ptg014932l_1_region	215210	763924	3.55	0	21
ptg014933l_1	75606	246040	3.25	0	7
ptg014933l_1_region	75606	246040	3.25	0	7
ptg014936l_1	89063	1045482	11.74	0	32
ptg014936l_1_region	89063	1045482	11.74	0	32
ptg014939l_1	51424	96787	1.88	0	6
ptg014939l_1_region	51424	96787	1.88	0	6
ptg014941l_1	113578	277351	2.44	0	13
ptg014941l_1_region	113578	277351	2.44	0	13
ptg014942l_1	45673	420675	9.21	1	35
ptg014942l_1_region	45673	420675	9.21	1	35
ptg014943l_1	125425	49174	0.39	0	4
ptg014943l_1_region	125425	49174	0.39	0	4
ptg014947l_1	20591	57788	2.81	0	8
ptg014947l_1_region	20591	57788	2.81	0	8
ptg014951l_1	23778	72671	3.06	0	7
ptg014951l_1_region	23778	72671	3.06	0	7
ptg014953l_1	38641	44436	1.15	0	5
ptg014953l_1_region	38641	44436	1.15	0	5
ptg014954l_1	142538	522185	3.66	0	10
ptg014954l_1_region	142538	522185	3.66	0	10
ptg014956l_1	105844	239563	2.26	0	6
ptg014956l_1_region	105844	239563	2.26	0	6
ptg014962l_1	81930	255148	3.11	0	11
ptg014962l_1_region	81930	255148	3.11	0	11
ptg014963l_1	47275	469132	9.92	0	22
ptg014963l_1_region	47275	469132	9.92	0	22
ptg014965l_1	37067	551330	14.87	1	39
ptg014965l_1_region	37067	551330	14.87	1	39
ptg014966l_1	21661	73754	3.40	0	6
ptg014966l_1_region	21661	73754	3.40	0	6
ptg014967l_1	44468	437534	9.84	0	17
ptg014967l_1_region	44468	437534	9.84	0	17
ptg014969l_1	150769	561318	3.72	0	26
ptg014969l_1_region	150769	561318	3.72	0	26
ptg014970l_1	172866	1340392	7.75	0	25
ptg014970l_1_region	172866	1340392	7.75	0	25
ptg014973l_1	45686	28624	0.63	0	7
ptg014973l_1_region	45686	28624	0.63	0	7
ptg014987l_1	26201	60211	2.30	0	6
ptg014987l_1_region	26201	60211	2.30	0	6
ptg014988l_1	31306	67668	2.16	0	7
ptg014988l_1_region	31306	67668	2.16	0	7
ptg014989l_1	41579	61111	1.47	0	7
ptg014989l_1_region	41579	61111	1.47	0	7
ptg014993l_1	72503	254438	3.51	0	11
ptg014993l_1_region	72503	254438	3.51	0	11
ptg014998l_1	28834	140229	4.86	0	12
ptg014998l_1_region	28834	140229	4.86	0	12
ptg015005l_1	67474	20803	0.31	0	2
ptg015005l_1_region	67474	20803	0.31	0	2
ptg015010l_1	84815	536960	6.33	0	41
ptg015010l_1_region	84815	536960	6.33	0	41
ptg015018l_1	39763	137136	3.45	0	9
ptg015018l_1_region	39763	137136	3.45	0	9
ptg015020l_1	49381	167751	3.40	0	10
ptg015020l_1_region	49381	167751	3.40	0	10
ptg015021l_1	15732	89027	5.66	0	11
ptg015021l_1_region	15732	89027	5.66	0	11
ptg015024l_1	14380	44260	3.08	0	6
ptg015024l_1_region	14380	44260	3.08	0	6
ptg015025l_1	16675	68458	4.11	0	7
ptg015025l_1_region	16675	68458	4.11	0	7
ptg015028l_1	112711	761809	6.76	0	38
ptg015028l_1_region	112711	761809	6.76	0	38
ptg015029l_1	44365	171268	3.86	0	12
ptg015029l_1_region	44365	171268	3.86	0	12
ptg015036l_1	140715	554088	3.94	0	14
ptg015036l_1_region	140715	554088	3.94	0	14
ptg015045l_1	59036	204932	3.47	0	18
ptg015045l_1_region	59036	204932	3.47	0	18
ptg015046l_1	80558	250619	3.11	0	10
ptg015046l_1_region	80558	250619	3.11	0	10
ptg015048l_1	152227	1014151	6.66	0	24
ptg015048l_1_region	152227	1014151	6.66	0	24
ptg015050l_1	23074	102495	4.44	0	12
ptg015050l_1_region	23074	102495	4.44	0	12
ptg015053l_1	28701	52208	1.82	0	7
ptg015053l_1_region	28701	52208	1.82	0	7
ptg015055l_1	45562	49759	1.09	0	3
ptg015055l_1_region	45562	49759	1.09	0	3
ptg015061l_1	1031817	5944933	5.76	0	23
ptg015061l_1_region	1031817	5944933	5.76	0	23
ptg015062l_1	20632	159199	7.72	1	18
ptg015062l_1_region	20632	159199	7.72	1	18
ptg015066l_1	96734	215183	2.22	0	7
ptg015066l_1_region	96734	215183	2.22	0	7
ptg015068l_1	25889	73865	2.85	0	6
ptg015068l_1_region	25889	73865	2.85	0	6
ptg015074l_1	326957	1855053	5.67	0	15
ptg015074l_1_region	326957	1855053	5.67	0	15
ptg015078l_1	114247	433877	3.80	0	11
ptg015078l_1_region	114247	433877	3.80	0	11
ptg015082l_1	137183	1617097	11.79	0	64
ptg015082l_1_region	137183	1617097	11.79	0	64
ptg015083l_1	41553	135956	3.27	0	7
ptg015083l_1_region	41553	135956	3.27	0	7
ptg015085l_1	27002	92881	3.44	0	12
ptg015085l_1_region	27002	92881	3.44	0	12
ptg015086l_1	66161	216913	3.28	0	9
ptg015086l_1_region	66161	216913	3.28	0	9
ptg015087l_1	89730	126739	1.41	0	6
ptg015087l_1_region	89730	126739	1.41	0	6
ptg015090l_1	134813	349694	2.59	0	8
ptg015090l_1_region	134813	349694	2.59	0	8
ptg015093l_1	135158	58702	0.43	0	4
ptg015093l_1_region	135158	58702	0.43	0	4
ptg015094l_1	40662	128767	3.17	0	25
ptg015094l_1_region	40662	128767	3.17	0	25
ptg015099l_1	53064	257779	4.86	0	10
ptg015099l_1_region	53064	257779	4.86	0	10
ptg015102l_1	198036	1323797	6.68	0	21
ptg015102l_1_region	198036	1323797	6.68	0	21
ptg015110l_1	101445	324086	3.19	0	9
ptg015110l_1_region	101445	324086	3.19	0	9
ptg015111l_1	173287	716543	4.14	0	22
ptg015111l_1_region	173287	716543	4.14	0	22
ptg015113l_1	70864	363224	5.13	0	14
ptg015113l_1_region	70864	363224	5.13	0	14
ptg015117l_1	46453	194066	4.18	0	9
ptg015117l_1_region	46453	194066	4.18	0	9
ptg015122l_1	47346	49987	1.06	0	4
ptg015122l_1_region	47346	49987	1.06	0	4
ptg015125l_1	103439	375374	3.63	0	15
ptg015125l_1_region	103439	375374	3.63	0	15
ptg015128l_1	200198	1202634	6.01	0	25
ptg015128l_1_region	200198	1202634	6.01	0	25
ptg015131l_1	60375	29400	0.49	0	2
ptg015131l_1_region	60375	29400	0.49	0	2
ptg015133l_1	68277	33542	0.49	0	2
ptg015133l_1_region	68277	33542	0.49	0	2
ptg015134l_1	41494	157052	3.78	0	7
ptg015134l_1_region	41494	157052	3.78	0	7
ptg015142l_1	29120	139658	4.80	0	11
ptg015142l_1_region	29120	139658	4.80	0	11
ptg015143l_1	86598	172136	1.99	0	7
ptg015143l_1_region	86598	172136	1.99	0	7
ptg015144l_1	86891	64847	0.75	0	5
ptg015144l_1_region	86891	64847	0.75	0	5
ptg015148l_1	190802	494796	2.59	0	13
ptg015148l_1_region	190802	494796	2.59	0	13
ptg015149l_1	16061	9195	0.57	0	2
ptg015149l_1_region	16061	9195	0.57	0	2
ptg015150l_1	8472	24113	2.85	0	5
ptg015150l_1_region	8472	24113	2.85	0	5
ptg015151l_1	16848	22902	1.36	0	4
ptg015151l_1_region	16848	22902	1.36	0	4
ptg015157l_1	75390	25440	0.34	0	2
ptg015157l_1_region	75390	25440	0.34	0	2
ptg015158l_1	67326	357011	5.30	0	15
ptg015158l_1_region	67326	357011	5.30	0	15
ptg015160l_1	10069	8213	0.82	0	2
ptg015160l_1_region	10069	8213	0.82	0	2
ptg015165l_1	76350	337751	4.42	0	14
ptg015165l_1_region	76350	337751	4.42	0	14
ptg015166l_1	23100	65792	2.85	0	7
ptg015166l_1_region	23100	65792	2.85	0	7
ptg015168l_1	74666	262594	3.52	0	14
ptg015168l_1_region	74666	262594	3.52	0	14
ptg015169l_1	21277	55901	2.63	0	7
ptg015169l_1_region	21277	55901	2.63	0	7
ptg015173l_1	28435	68772	2.42	0	17
ptg015173l_1_region	28435	68772	2.42	0	17
ptg015174l_1	50159	130991	2.61	0	10
ptg015174l_1_region	50159	130991	2.61	0	10
ptg015176l_1	61237	180395	2.95	0	9
ptg015176l_1_region	61237	180395	2.95	0	9
ptg015179l_1	50592	92481	1.83	0	6
ptg015179l_1_region	50592	92481	1.83	0	6
ptg015180l_1	60664	209381	3.45	0	8
ptg015180l_1_region	60664	209381	3.45	0	8
ptg015183l_1	86067	232128	2.70	0	10
ptg015183l_1_region	86067	232128	2.70	0	10
ptg015186l_1	76598	395986	5.17	0	14
ptg015186l_1_region	76598	395986	5.17	0	14
ptg015188l_1	21614	83048	3.84	0	12
ptg015188l_1_region	21614	83048	3.84	0	12
ptg015191l_1	13352	27987	2.10	0	6
ptg015191l_1_region	13352	27987	2.10	0	6
ptg015192l_1	39668	152850	3.85	0	11
ptg015192l_1_region	39668	152850	3.85	0	11
ptg015200l_1	70069	362075	5.17	0	16
ptg015200l_1_region	70069	362075	5.17	0	16
ptg015201l_1	30157	95994	3.18	0	9
ptg015201l_1_region	30157	95994	3.18	0	9
ptg015207l_1	45397	45634	1.01	0	5
ptg015207l_1_region	45397	45634	1.01	0	5
ptg015209l_1	71541	172856	2.42	0	8
ptg015209l_1_region	71541	172856	2.42	0	8
ptg015210l_1	79571	391226	4.92	0	13
ptg015210l_1_region	79571	391226	4.92	0	13
ptg015213l_1	41251	205781	4.99	0	21
ptg015213l_1_region	41251	205781	4.99	0	21
ptg015214l_1	24966	219410	8.79	0	18
ptg015214l_1_region	24966	219410	8.79	0	18
ptg015215l_1	113457	391369	3.45	0	35
ptg015215l_1_region	113457	391369	3.45	0	35
ptg015216l_1	56656	299286	5.28	0	13
ptg015216l_1_region	56656	299286	5.28	0	13
ptg015218l_1	96263	198205	2.06	0	5
ptg015218l_1_region	96263	198205	2.06	0	5
ptg015221l_1	38602	28326	0.73	0	4
ptg015221l_1_region	38602	28326	0.73	0	4
ptg015222l_1	115947	560400	4.83	0	25
ptg015222l_1_region	115947	560400	4.83	0	25
ptg015224l_1	33136	103883	3.14	0	8
ptg015224l_1_region	33136	103883	3.14	0	8
ptg015225l_1	118441	543908	4.59	0	15
ptg015225l_1_region	118441	543908	4.59	0	15
ptg015227l_1	58859	201383	3.42	0	9
ptg015227l_1_region	58859	201383	3.42	0	9
ptg015232l_1	62889	237493	3.78	0	16
ptg015232l_1_region	62889	237493	3.78	0	16
ptg015235l_1	17768	85177	4.79	0	10
ptg015235l_1_region	17768	85177	4.79	0	10
ptg015237l_1	62225	239365	3.85	0	18
ptg015237l_1_region	62225	239365	3.85	0	18
ptg015238l_1	31717	50085	1.58	0	7
ptg015238l_1_region	31717	50085	1.58	0	7
ptg015245l_1	77330	508437	6.57	0	14
ptg015245l_1_region	77330	508437	6.57	0	14
ptg015246l_1	44365	81210	1.83	0	6
ptg015246l_1_region	44365	81210	1.83	0	6
ptg015247l_1	125019	807904	6.46	0	37
ptg015247l_1_region	125019	807904	6.46	0	37
ptg015248l_1	43499	21920	0.50	0	2
ptg015248l_1_region	43499	21920	0.50	0	2
ptg015251l_1	137650	544194	3.95	0	14
ptg015251l_1_region	137650	544194	3.95	0	14
ptg015255l_1	170837	2357972	13.80	0	59
ptg015255l_1_region	170837	2357972	13.80	0	59
ptg015261l_1	20548	19802	0.96	0	3
ptg015261l_1_region	20548	19802	0.96	0	3
ptg015262l_1	33025	93714	2.84	0	7
ptg015262l_1_region	33025	93714	2.84	0	7
ptg015263l_1	157500	683776	4.34	0	12
ptg015263l_1_region	157500	683776	4.34	0	12
ptg015267l_1	816436	4384939	5.37	0	22
ptg015267l_1_region	816436	4384939	5.37	0	22
ptg015271l_1	44201	124738	2.82	0	9
ptg015271l_1_region	44201	124738	2.82	0	9
ptg015273l_1	82878	298033	3.60	0	10
ptg015273l_1_region	82878	298033	3.60	0	10
ptg015275l_1	48812	289394	5.93	0	52
ptg015275l_1_region	48812	289394	5.93	0	52
ptg015276l_1	53539	261283	4.88	0	34
ptg015276l_1_region	53539	261283	4.88	0	34
ptg015278l_1	24562	66438	2.70	0	6
ptg015278l_1_region	24562	66438	2.70	0	6
ptg015280l_1	54282	263165	4.85	0	19
ptg015280l_1_region	54282	263165	4.85	0	19
ptg015284l_1	45830	279647	6.10	0	11
ptg015284l_1_region	45830	279647	6.10	0	11
ptg015286l_1	36974	105188	2.84	0	10
ptg015286l_1_region	36974	105188	2.84	0	10
ptg015287l_1	26159	94964	3.63	0	11
ptg015287l_1_region	26159	94964	3.63	0	11
ptg015288l_1	91883	153907	1.68	0	7
ptg015288l_1_region	91883	153907	1.68	0	7
ptg015293l_1	73583	290957	3.95	0	13
ptg015293l_1_region	73583	290957	3.95	0	13
ptg015294l_1	109032	22072	0.20	0	3
ptg015294l_1_region	109032	22072	0.20	0	3
ptg015299l_1	66765	348701	5.22	0	18
ptg015299l_1_region	66765	348701	5.22	0	18
ptg015300l_1	15672	33220	2.12	0	5
ptg015300l_1_region	15672	33220	2.12	0	5
ptg015302l_1	53493	149466	2.79	0	9
ptg015302l_1_region	53493	149466	2.79	0	9
ptg015303l_1	49237	158376	3.22	0	8
ptg015303l_1_region	49237	158376	3.22	0	8
ptg015304l_1	27558	52537	1.91	0	5
ptg015304l_1_region	27558	52537	1.91	0	5
ptg015305l_1	108513	422624	3.89	0	12
ptg015305l_1_region	108513	422624	3.89	0	12
ptg015312l_1	6406	68182	10.64	0	17
ptg015312l_1_region	6406	68182	10.64	0	17
ptg015315l_1	30802	221043	7.18	0	18
ptg015315l_1_region	30802	221043	7.18	0	18
ptg015316l_1	39629	76867	1.94	0	6
ptg015316l_1_region	39629	76867	1.94	0	6
ptg015318l_1	12870	21483	1.67	0	5
ptg015318l_1_region	12870	21483	1.67	0	5
ptg015325l_1	85643	851693	9.94	0	23
ptg015325l_1_region	85643	851693	9.94	0	23
ptg015329l_1	113117	316761	2.80	0	8
ptg015329l_1_region	113117	316761	2.80	0	8
ptg015330l_1	49634	198974	4.01	0	17
ptg015330l_1_region	49634	198974	4.01	0	17
ptg015331l_1	60448	413324	6.84	0	14
ptg015331l_1_region	60448	413324	6.84	0	14
ptg015332l_1	99191	362169	3.65	0	10
ptg015332l_1_region	99191	362169	3.65	0	10
ptg015335l_1	21340	102837	4.82	0	10
ptg015335l_1_region	21340	102837	4.82	0	10
ptg015340l_1	248835	2188227	8.79	0	25
ptg015340l_1_region	248835	2188227	8.79	0	25
ptg015343l_1	88449	675282	7.63	0	52
ptg015343l_1_region	88449	675282	7.63	0	52
ptg015344l_1	54483	175696	3.22	0	14
ptg015344l_1_region	54483	175696	3.22	0	14
ptg015347l_1	205058	981397	4.79	0	63
ptg015347l_1_region	205058	981397	4.79	0	63
ptg015350l_1	16960	30267	1.78	0	4
ptg015350l_1_region	16960	30267	1.78	0	4
ptg015351l_1	56546	201334	3.56	0	11
ptg015351l_1_region	56546	201334	3.56	0	11
ptg015352l_1	64737	238185	3.68	0	12
ptg015352l_1_region	64737	238185	3.68	0	12
ptg015355l_1	59465	187369	3.15	0	11
ptg015355l_1_region	59465	187369	3.15	0	11
ptg015356l_1	23090	16551	0.72	0	7
ptg015356l_1_region	23090	16551	0.72	0	7
ptg015359l_1	119945	84686	0.71	0	6
ptg015359l_1_region	119945	84686	0.71	0	6
ptg015361l_1	78869	236910	3.00	0	10
ptg015361l_1_region	78869	236910	3.00	0	10
ptg015364l_1	148027	740374	5.00	0	24
ptg015364l_1_region	148027	740374	5.00	0	24
ptg015365l_1	63037	423391	6.72	0	29
ptg015365l_1_region	63037	423391	6.72	0	29
ptg015368l_1	46392	398000	8.58	0	16
ptg015368l_1_region	46392	398000	8.58	0	16
ptg015372l_1	116073	722330	6.22	0	16
ptg015372l_1_region	116073	722330	6.22	0	16
ptg015375l_1	38026	84930	2.23	0	8
ptg015375l_1_region	38026	84930	2.23	0	8
ptg015376l_1	72613	341795	4.71	0	12
ptg015376l_1_region	72613	341795	4.71	0	12
ptg015379l_1	49735	247847	4.98	0	11
ptg015379l_1_region	49735	247847	4.98	0	11
ptg015380l_1	177258	658205	3.71	0	22
ptg015380l_1_region	177258	658205	3.71	0	22
ptg015381l_1	17707	57977	3.27	0	9
ptg015381l_1_region	17707	57977	3.27	0	9
ptg015384l_1	85234	290741	3.41	0	14
ptg015384l_1_region	85234	290741	3.41	0	14
ptg015386l_1	60584	167336	2.76	0	18
ptg015386l_1_region	60584	167336	2.76	0	18
ptg015389l_1	65414	766361	11.72	0	42
ptg015389l_1_region	65414	766361	11.72	0	42
ptg015393l_1	32678	175940	5.38	0	11
ptg015393l_1_region	32678	175940	5.38	0	11
ptg015394l_1	19490	60101	3.08	0	8
ptg015394l_1_region	19490	60101	3.08	0	8
ptg015395l_1	22934	52884	2.31	0	8
ptg015395l_1_region	22934	52884	2.31	0	8
ptg015397l_1	125875	359951	2.86	0	11
ptg015397l_1_region	125875	359951	2.86	0	11
ptg015399l_1	21087	98215	4.66	0	11
ptg015399l_1_region	21087	98215	4.66	0	11
ptg015401l_1	106908	707429	6.62	0	25
ptg015401l_1_region	106908	707429	6.62	0	25
ptg015402l_1	54476	140440	2.58	0	11
ptg015402l_1_region	54476	140440	2.58	0	11
ptg015404l_1	22295	38263	1.72	0	4
ptg015404l_1_region	22295	38263	1.72	0	4
ptg015405l_1	118328	570758	4.82	0	15
ptg015405l_1_region	118328	570758	4.82	0	15
ptg015406l_1	58766	177599	3.02	0	16
ptg015406l_1_region	58766	177599	3.02	0	16
ptg015407l_1	56907	120962	2.13	0	6
ptg015407l_1_region	56907	120962	2.13	0	6
ptg015408l_1	16652	54736	3.29	0	7
ptg015408l_1_region	16652	54736	3.29	0	7
ptg015409l_1	42104	191630	4.55	0	17
ptg015409l_1_region	42104	191630	4.55	0	17
ptg015410l_1	8391	5228	0.62	0	3
ptg015410l_1_region	8391	5228	0.62	0	3
ptg015412l_1	32718	59722	1.83	0	5
ptg015412l_1_region	32718	59722	1.83	0	5
ptg015413l_1	44631	104586	2.34	0	22
ptg015413l_1_region	44631	104586	2.34	0	22
ptg015415l_1	65693	307001	4.67	0	10
ptg015415l_1_region	65693	307001	4.67	0	10
ptg015416l_1	24422	30040	1.23	0	4
ptg015416l_1_region	24422	30040	1.23	0	4
ptg015420l_1	120406	399583	3.32	0	16
ptg015420l_1_region	120406	399583	3.32	0	16
ptg015421l_1	38542	7992	0.21	0	1
ptg015421l_1_region	38542	7992	0.21	0	1
ptg015422l_1	121068	554713	4.58	0	30
ptg015422l_1_region	121068	554713	4.58	0	30
ptg015423l_1	61073	107776	1.76	0	10
ptg015423l_1_region	61073	107776	1.76	0	10
ptg015424l_1	129334	515469	3.99	0	16
ptg015424l_1_region	129334	515469	3.99	0	16
ptg015425l_1	104528	575976	5.51	0	208
ptg015425l_1_region	104528	575976	5.51	0	208
ptg015426l_1	32977	62418	1.89	0	12
ptg015426l_1_region	32977	62418	1.89	0	12
ptg015427l_1	18502	39411	2.13	0	6
ptg015427l_1_region	18502	39411	2.13	0	6
ptg015429l_1	203231	967564	4.76	0	61
ptg015429l_1_region	203231	967564	4.76	0	61
ptg015431l_1	21890	296839	13.56	1	27
ptg015431l_1_region	21890	296839	13.56	1	27
ptg015434l_1	28754	108173	3.76	0	9
ptg015434l_1_region	28754	108173	3.76	0	9
ptg015435l_1	130778	277586	2.12	0	7
ptg015435l_1_region	130778	277586	2.12	0	7
ptg015436l_1	31863	76797	2.41	0	6
ptg015436l_1_region	31863	76797	2.41	0	6
ptg015441l_1	20865	180159	8.63	0	49
ptg015441l_1_region	20865	180159	8.63	0	49
ptg015447l_1	104957	535645	5.10	0	15
ptg015447l_1_region	104957	535645	5.10	0	15
ptg015448l_1	88284	346932	3.93	0	14
ptg015448l_1_region	88284	346932	3.93	0	14
ptg015449l_1	129959	495169	3.81	0	13
ptg015449l_1_region	129959	495169	3.81	0	13
ptg015450l_1	46842	181035	3.86	0	9
ptg015450l_1_region	46842	181035	3.86	0	9
ptg015451l_1	49650	385517	7.76	0	18
ptg015451l_1_region	49650	385517	7.76	0	18
ptg015453l_1	72524	69551	0.96	0	6
ptg015453l_1_region	72524	69551	0.96	0	6
ptg015455l_1	15460	252462	16.33	0	47
ptg015455l_1_region	15460	252462	16.33	0	47
ptg015459l_1	25509	41709	1.64	0	4
ptg015459l_1_region	25509	41709	1.64	0	4
ptg015462l_1	28469	115249	4.05	0	9
ptg015462l_1_region	28469	115249	4.05	0	9
ptg015464l_1	36836	205131	5.57	0	14
ptg015464l_1_region	36836	205131	5.57	0	14
ptg015466l_1	49267	164631	3.34	0	10
ptg015466l_1_region	49267	164631	3.34	0	10
ptg015468l_1	101175	449966	4.45	0	16
ptg015468l_1_region	101175	449966	4.45	0	16
ptg015469l_1	76427	370808	4.85	0	16
ptg015469l_1_region	76427	370808	4.85	0	16
ptg015471l_1	262608	20470	0.08	0	5
ptg015471l_1_region	262608	20470	0.08	0	5
ptg015477l_1	134599	437378	3.25	0	17
ptg015477l_1_region	134599	437378	3.25	0	17
ptg015479l_1	157094	389467	2.48	0	10
ptg015479l_1_region	157094	389467	2.48	0	10
ptg015483l_1	43318	140637	3.25	0	10
ptg015483l_1_region	43318	140637	3.25	0	10
ptg015488l_1	101975	344542	3.38	0	50
ptg015488l_1_region	101975	344542	3.38	0	50
ptg015495l_1	31172	55971	1.80	0	6
ptg015495l_1_region	31172	55971	1.80	0	6
ptg015498l_1	164979	477673	2.90	0	8
ptg015498l_1_region	164979	477673	2.90	0	8
ptg015500l_1	27898	200099	7.17	0	32
ptg015500l_1_region	27898	200099	7.17	0	32
ptg015501l_1	41733	166352	3.99	0	7
ptg015501l_1_region	41733	166352	3.99	0	7
ptg015503l_1	13588	23814	1.75	0	3
ptg015503l_1_region	13588	23814	1.75	0	3
ptg015504l_1	205420	1479059	7.20	0	31
ptg015504l_1_region	205420	1479059	7.20	0	31
ptg015505l_1	347304	2977962	8.57	0	60
ptg015505l_1_region	347304	2977962	8.57	0	60
ptg015507l_1	123134	4478	0.04	0	1
ptg015507l_1_region	123134	4478	0.04	0	1
ptg015512l_1	67899	282068	4.15	0	12
ptg015512l_1_region	67899	282068	4.15	0	12
ptg015515l_1	19222	23585	1.23	0	3
ptg015515l_1_region	19222	23585	1.23	0	3
ptg015519l_1	74066	188191	2.54	0	10
ptg015519l_1_region	74066	188191	2.54	0	10
ptg015521l_1	51100	204661	4.01	0	11
ptg015521l_1_region	51100	204661	4.01	0	11
ptg015522l_1	58926	286474	4.86	0	12
ptg015522l_1_region	58926	286474	4.86	0	12
ptg015523l_1	37900	130434	3.44	0	8
ptg015523l_1_region	37900	130434	3.44	0	8
ptg015525l_1	22592	38514	1.70	0	3
ptg015525l_1_region	22592	38514	1.70	0	3
ptg015526l_1	57964	505152	8.71	0	23
ptg015526l_1_region	57964	505152	8.71	0	23
ptg015528l_1	10262	18897	1.84	0	3
ptg015528l_1_region	10262	18897	1.84	0	3
ptg015535l_1	22896	59569	2.60	0	6
ptg015535l_1_region	22896	59569	2.60	0	6
ptg015536l_1	319585	791270	2.48	0	29
ptg015536l_1_region	319585	791270	2.48	0	29
ptg015537l_1	23041	76097	3.30	0	8
ptg015537l_1_region	23041	76097	3.30	0	8
ptg015538l_1	138584	699901	5.05	0	13
ptg015538l_1_region	138584	699901	5.05	0	13
ptg015543l_1	34627	130627	3.77	0	14
ptg015543l_1_region	34627	130627	3.77	0	14
ptg015544l_1	44849	84343	1.88	0	8
ptg015544l_1_region	44849	84343	1.88	0	8
ptg015550l_1	50514	196344	3.89	0	13
ptg015550l_1_region	50514	196344	3.89	0	13
ptg015556l_1	54544	191982	3.52	0	10
ptg015556l_1_region	54544	191982	3.52	0	10
ptg015565l_1	107021	553329	5.17	0	22
ptg015565l_1_region	107021	553329	5.17	0	22
ptg015566l_1	52219	362034	6.93	0	27
ptg015566l_1_region	52219	362034	6.93	0	27
ptg015569l_1	17778	31241	1.76	0	7
ptg015569l_1_region	17778	31241	1.76	0	7
ptg015572l_1	77360	376804	4.87	0	116
ptg015572l_1_region	77360	376804	4.87	0	116
ptg015575l_1	158669	667253	4.21	0	17
ptg015575l_1_region	158669	667253	4.21	0	17
ptg015578l_1	30410	186458	6.13	0	17
ptg015578l_1_region	30410	186458	6.13	0	17
ptg015579l_1	67025	99648	1.49	0	8
ptg015579l_1_region	67025	99648	1.49	0	8
ptg015585l_1	35479	112685	3.18	0	14
ptg015585l_1_region	35479	112685	3.18	0	14
ptg015587l_1	32981	135734	4.12	0	10
ptg015587l_1_region	32981	135734	4.12	0	10
ptg015591l_1	146011	548856	3.76	0	13
ptg015591l_1_region	146011	548856	3.76	0	13
ptg015592l_1	204598	1087712	5.32	0	70
ptg015592l_1_region	204598	1087712	5.32	0	70
ptg015593l_1	38158	328829	8.62	0	17
ptg015593l_1_region	38158	328829	8.62	0	17
ptg015594l_1	52331	389068	7.43	0	19
ptg015594l_1_region	52331	389068	7.43	0	19
ptg015599l_1	28795	91067	3.16	0	13
ptg015599l_1_region	28795	91067	3.16	0	13
ptg015601l_1	20826	63743	3.06	0	7
ptg015601l_1_region	20826	63743	3.06	0	7
ptg015602l_1	34036	104406	3.07	0	9
ptg015602l_1_region	34036	104406	3.07	0	9
ptg015603l_1	22372	82419	3.68	0	7
ptg015603l_1_region	22372	82419	3.68	0	7
ptg015605l_1	27446	20869	0.76	0	3
ptg015605l_1_region	27446	20869	0.76	0	3
ptg015606l_1	16622	68652	4.13	0	7
ptg015606l_1_region	16622	68652	4.13	0	7
ptg015610l_1	18612	70031	3.76	0	7
ptg015610l_1_region	18612	70031	3.76	0	7
ptg015611l_1	24224	16236	0.67	0	3
ptg015611l_1_region	24224	16236	0.67	0	3
ptg015612l_1	45213	222104	4.91	0	14
ptg015612l_1_region	45213	222104	4.91	0	14
ptg015613l_1	50190	349590	6.97	0	18
ptg015613l_1_region	50190	349590	6.97	0	18
ptg015619l_1	30572	128284	4.20	0	10
ptg015619l_1_region	30572	128284	4.20	0	10
ptg015626l_1	134620	218008	1.62	0	6
ptg015626l_1_region	134620	218008	1.62	0	6
ptg015632l_1	56938	630796	11.08	0	30
ptg015632l_1_region	56938	630796	11.08	0	30
ptg015633l_1	117677	476647	4.05	0	18
ptg015633l_1_region	117677	476647	4.05	0	18
ptg015635l_1	44365	224252	5.05	0	14
ptg015635l_1_region	44365	224252	5.05	0	14
ptg015636l_1	12939	33870	2.62	0	4
ptg015636l_1_region	12939	33870	2.62	0	4
ptg015637l_1	18731	18133	0.97	0	2
ptg015637l_1_region	18731	18133	0.97	0	2
ptg015638l_1	60446	312030	5.16	0	15
ptg015638l_1_region	60446	312030	5.16	0	15
ptg015640l_1	70793	196581	2.78	0	7
ptg015640l_1_region	70793	196581	2.78	0	7
ptg015644l_1	30650	120961	3.95	0	9
ptg015644l_1_region	30650	120961	3.95	0	9
ptg015645l_1	19029	17997	0.95	0	3
ptg015645l_1_region	19029	17997	0.95	0	3
ptg015647l_1	39725	151183	3.81	0	8
ptg015647l_1_region	39725	151183	3.81	0	8
ptg015649l_1	38980	84050	2.16	0	8
ptg015649l_1_region	38980	84050	2.16	0	8
ptg015651l_1	75612	984404	13.02	0	52
ptg015651l_1_region	75612	984404	13.02	0	52
ptg015653l_1	84937	196140	2.31	0	19
ptg015653l_1_region	84937	196140	2.31	0	19
ptg015657l_1	25506	54970	2.16	0	5
ptg015657l_1_region	25506	54970	2.16	0	5
ptg015659l_1	24485	15789	0.64	0	3
ptg015659l_1_region	24485	15789	0.64	0	3
ptg015662l_1	10903	9007	0.83	0	2
ptg015662l_1_region	10903	9007	0.83	0	2
ptg015663l_1	53531	238132	4.45	0	11
ptg015663l_1_region	53531	238132	4.45	0	11
ptg015668l_1	53632	276549	5.16	0	21
ptg015668l_1_region	53632	276549	5.16	0	21
ptg015669l_1	24740	82066	3.32	0	8
ptg015669l_1_region	24740	82066	3.32	0	8
ptg015670l_1	123829	748483	6.04	0	62
ptg015670l_1_region	123829	748483	6.04	0	62
ptg015671l_1	69913	130925	1.87	0	5
ptg015671l_1_region	69913	130925	1.87	0	5
ptg015673l_1	95744	123007	1.28	0	11
ptg015673l_1_region	95744	123007	1.28	0	11
ptg015678l_1	73972	362681	4.90	0	10
ptg015678l_1_region	73972	362681	4.90	0	10
ptg015684l_1	66977	226981	3.39	0	11
ptg015684l_1_region	66977	226981	3.39	0	11
ptg015688l_1	60301	151299	2.51	0	8
ptg015688l_1_region	60301	151299	2.51	0	8
ptg015690l_1	32234	123407	3.83	0	22
ptg015690l_1_region	32234	123407	3.83	0	22
ptg015694l_1	80537	218305	2.71	0	16
ptg015694l_1_region	80537	218305	2.71	0	16
ptg015695l_1	40834	210180	5.15	0	11
ptg015695l_1_region	40834	210180	5.15	0	11
ptg015696l_1	45692	291573	6.38	0	16
ptg015696l_1_region	45692	291573	6.38	0	16
ptg015698l_1	64093	174637	2.72	0	12
ptg015698l_1_region	64093	174637	2.72	0	12
ptg015700l_1	26466	12873	0.49	0	2
ptg015700l_1_region	26466	12873	0.49	0	2
ptg015707l_1	15031	6988	0.46	0	3
ptg015707l_1_region	15031	6988	0.46	0	3
ptg015713l_1	15761	22620	1.44	0	4
ptg015713l_1_region	15761	22620	1.44	0	4
ptg015714l_1	108191	304197	2.81	0	10
ptg015714l_1_region	108191	304197	2.81	0	10
ptg015715l_1	19116	174928	9.15	0	21
ptg015715l_1_region	19116	174928	9.15	0	21
ptg015716l_1	68903	284417	4.13	0	34
ptg015716l_1_region	68903	284417	4.13	0	34
ptg015719l_1	14057	32413	2.31	0	6
ptg015719l_1_region	14057	32413	2.31	0	6
ptg015720l_1	31830	82552	2.59	0	8
ptg015720l_1_region	31830	82552	2.59	0	8
ptg015721l_1	130115	404663	3.11	0	9
ptg015721l_1_region	130115	404663	3.11	0	9
ptg015722l_1	76530	144728	1.89	0	16
ptg015722l_1_region	76530	144728	1.89	0	16
ptg015723l_1	40494	236327	5.84	0	13
ptg015723l_1_region	40494	236327	5.84	0	13
ptg015725l_1	41534	121914	2.94	0	9
ptg015725l_1_region	41534	121914	2.94	0	9
ptg015726l_1	67360	282168	4.19	0	12
ptg015726l_1_region	67360	282168	4.19	0	12
ptg015727l_1	198121	976783	4.93	0	31
ptg015727l_1_region	198121	976783	4.93	0	31
ptg015732l_1	36956	207353	5.61	0	13
ptg015732l_1_region	36956	207353	5.61	0	13
ptg015736l_1	161701	1005093	6.22	0	31
ptg015736l_1_region	161701	1005093	6.22	0	31
ptg015737l_1	24589	36343	1.48	0	3
ptg015737l_1_region	24589	36343	1.48	0	3
ptg015738l_1	38754	212017	5.47	0	15
ptg015738l_1_region	38754	212017	5.47	0	15
ptg015739l_1	56110	264587	4.72	0	9
ptg015739l_1_region	56110	264587	4.72	0	9
ptg015741l_1	20318	138931	6.84	0	11
ptg015741l_1_region	20318	138931	6.84	0	11
ptg015743l_1	45551	102677	2.25	0	13
ptg015743l_1_region	45551	102677	2.25	0	13
ptg015749l_1	99272	1631649	16.44	1	33
ptg015749l_1_region	99272	1631649	16.44	1	33
ptg015750l_1	123944	545137	4.40	0	13
ptg015750l_1_region	123944	545137	4.40	0	13
ptg015751l_1	163792	1485661	9.07	0	32
ptg015751l_1_region	163792	1485661	9.07	0	32
ptg015752l_1	25502	62862	2.46	0	13
ptg015752l_1_region	25502	62862	2.46	0	13
ptg015753l_1	36772	454756	12.37	1	26
ptg015753l_1_region	36772	454756	12.37	1	26
ptg015755l_1	75669	411119	5.43	0	82
ptg015755l_1_region	75669	411119	5.43	0	82
ptg015757l_1	68506	363646	5.31	0	13
ptg015757l_1_region	68506	363646	5.31	0	13
ptg015758l_1	64584	439981	6.81	0	24
ptg015758l_1_region	64584	439981	6.81	0	24
ptg015759l_1	24748	134639	5.44	0	9
ptg015759l_1_region	24748	134639	5.44	0	9
ptg015760l_1	26368	82295	3.12	0	10
ptg015760l_1_region	26368	82295	3.12	0	10
ptg015763l_1	35878	59471	1.66	0	3
ptg015763l_1_region	35878	59471	1.66	0	3
ptg015765l_1	27135	145981	5.38	0	99
ptg015765l_1_region	27135	145981	5.38	0	99
ptg015766l_1	40326	158000	3.92	0	11
ptg015766l_1_region	40326	158000	3.92	0	11
ptg015767l_1	79222	434321	5.48	0	15
ptg015767l_1_region	79222	434321	5.48	0	15
ptg015768l_1	52340	98368	1.88	0	4
ptg015768l_1_region	52340	98368	1.88	0	4
ptg015770l_1	163070	592612	3.63	0	15
ptg015770l_1_region	163070	592612	3.63	0	15
ptg015773l_1	9987	27860	2.79	0	4
ptg015773l_1_region	9987	27860	2.79	0	4
ptg015777l_1	22420	118316	5.28	0	11
ptg015777l_1_region	22420	118316	5.28	0	11
ptg015779l_1	65084	216370	3.32	0	8
ptg015779l_1_region	65084	216370	3.32	0	8
ptg015785l_1	38292	159671	4.17	0	14
ptg015785l_1_region	38292	159671	4.17	0	14
ptg015789l_1	88457	305536	3.45	0	56
ptg015789l_1_region	88457	305536	3.45	0	56
ptg015791l_1	18807	43900	2.33	0	11
ptg015791l_1_region	18807	43900	2.33	0	11
ptg015796l_1	22790	58080	2.55	0	8
ptg015796l_1_region	22790	58080	2.55	0	8
ptg015797l_1	36236	263006	7.26	0	12
ptg015797l_1_region	36236	263006	7.26	0	12
ptg015798l_1	77404	1285509	16.61	0	51
ptg015798l_1_region	77404	1285509	16.61	0	51
ptg015803l_1	69326	222769	3.21	0	10
ptg015803l_1_region	69326	222769	3.21	0	10
ptg015804l_1	109274	607264	5.56	0	15
ptg015804l_1_region	109274	607264	5.56	0	15
ptg015807l_1	196823	592540	3.01	0	10
ptg015807l_1_region	196823	592540	3.01	0	10
ptg015810l_1	33174	131830	3.97	0	11
ptg015810l_1_region	33174	131830	3.97	0	11
ptg015812l_1	118928	330670	2.78	0	11
ptg015812l_1_region	118928	330670	2.78	0	11
ptg015813l_1	22499	27760	1.23	0	6
ptg015813l_1_region	22499	27760	1.23	0	6
ptg015815l_1	15146	19460	1.28	0	4
ptg015815l_1_region	15146	19460	1.28	0	4
ptg015816l_1	74508	290508	3.90	0	12
ptg015816l_1_region	74508	290508	3.90	0	12
ptg015818l_1	23195	102256	4.41	0	9
ptg015818l_1_region	23195	102256	4.41	0	9
ptg015820l_1	314926	1399265	4.44	0	17
ptg015820l_1_region	314926	1399265	4.44	0	17
ptg015823l_1	42662	251126	5.89	0	16
ptg015823l_1_region	42662	251126	5.89	0	16
ptg015825l_1	36694	128409	3.50	0	47
ptg015825l_1_region	36694	128409	3.50	0	47
ptg015826l_1	18343	37360	2.04	0	4
ptg015826l_1_region	18343	37360	2.04	0	4
ptg015829l_1	18294	81125	4.43	0	9
ptg015829l_1_region	18294	81125	4.43	0	9
ptg015830l_1	38405	105093	2.74	0	8
ptg015830l_1_region	38405	105093	2.74	0	8
ptg015833l_1	42265	339450	8.03	0	20
ptg015833l_1_region	42265	339450	8.03	0	20
ptg015834l_1	10824	54779	5.06	0	9
ptg015834l_1_region	10824	54779	5.06	0	9
ptg015836l_1	19733	71654	3.63	0	10
ptg015836l_1_region	19733	71654	3.63	0	10
ptg015838l_1	27678	48316	1.75	0	6
ptg015838l_1_region	27678	48316	1.75	0	6
ptg015840l_1	22342	58482	2.62	0	8
ptg015840l_1_region	22342	58482	2.62	0	8
ptg015841l_1	24192	90259	3.73	0	13
ptg015841l_1_region	24192	90259	3.73	0	13
ptg015842l_1	47799	122857	2.57	0	11
ptg015842l_1_region	47799	122857	2.57	0	11
ptg015846l_1	33917	188094	5.55	0	18
ptg015846l_1_region	33917	188094	5.55	0	18
ptg015852l_1	235376	939145	3.99	0	27
ptg015852l_1_region	235376	939145	3.99	0	27
ptg015854l_1	70242	262188	3.73	0	13
ptg015854l_1_region	70242	262188	3.73	0	13
ptg015859l_1	9336	11387	1.22	0	2
ptg015859l_1_region	9336	11387	1.22	0	2
ptg015861l_1	28815	60880	2.11	0	7
ptg015861l_1_region	28815	60880	2.11	0	7
ptg015862l_1	72767	274790	3.78	0	10
ptg015862l_1_region	72767	274790	3.78	0	10
ptg015864l_1	47716	132637	2.78	0	9
ptg015864l_1_region	47716	132637	2.78	0	9
ptg015866l_1	42962	68242	1.59	0	8
ptg015866l_1_region	42962	68242	1.59	0	8
ptg015868l_1	94797	1215086	12.82	0	39
ptg015868l_1_region	94797	1215086	12.82	0	39
ptg015869l_1	59525	220790	3.71	0	12
ptg015869l_1_region	59525	220790	3.71	0	12
ptg015872l_1	23869	83734	3.51	0	7
ptg015872l_1_region	23869	83734	3.51	0	7
ptg015884l_1	23536	162611	6.91	0	12
ptg015884l_1_region	23536	162611	6.91	0	12
ptg015885l_1	42316	214931	5.08	1	17
ptg015885l_1_region	42316	214931	5.08	1	17
ptg015890l_1	25371	19523	0.77	0	2
ptg015890l_1_region	25371	19523	0.77	0	2
ptg015892l_1	45213	158416	3.50	0	13
ptg015892l_1_region	45213	158416	3.50	0	13
ptg015894l_1	37946	425100	11.20	0	22
ptg015894l_1_region	37946	425100	11.20	0	22
ptg015895l_1	24069	72229	3.00	0	7
ptg015895l_1_region	24069	72229	3.00	0	7
ptg015896l_1	55182	111699	2.02	0	6
ptg015896l_1_region	55182	111699	2.02	0	6
ptg015901l_1	30781	29670	0.96	0	4
ptg015901l_1_region	30781	29670	0.96	0	4
ptg015905l_1	23102	207545	8.98	0	16
ptg015905l_1_region	23102	207545	8.98	0	16
ptg015912l_1	31701	40329	1.27	0	9
ptg015912l_1_region	31701	40329	1.27	0	9
ptg015914l_1	138620	494326	3.57	0	11
ptg015914l_1_region	138620	494326	3.57	0	11
ptg015915l_1	42810	376131	8.79	0	29
ptg015915l_1_region	42810	376131	8.79	0	29
ptg015916l_1	16374	69859	4.27	0	10
ptg015916l_1_region	16374	69859	4.27	0	10
ptg015917l_1	49595	209139	4.22	0	22
ptg015917l_1_region	49595	209139	4.22	0	22
ptg015918l_1	102636	319044	3.11	0	10
ptg015918l_1_region	102636	319044	3.11	0	10
ptg015921l_1	24716	21212	0.86	0	2
ptg015921l_1_region	24716	21212	0.86	0	2
ptg015924l_1	46840	329232	7.03	0	21
ptg015924l_1_region	46840	329232	7.03	0	21
ptg015930l_1	35972	118738	3.30	0	8
ptg015930l_1_region	35972	118738	3.30	0	8
ptg015932l_1	53251	261358	4.91	0	15
ptg015932l_1_region	53251	261358	4.91	0	15
ptg015935l_1	310714	1319452	4.25	0	13
ptg015935l_1_region	310714	1319452	4.25	0	13
ptg015936l_1	71479	233956	3.27	0	9
ptg015936l_1_region	71479	233956	3.27	0	9
ptg015937l_1	18846	100612	5.34	0	11
ptg015937l_1_region	18846	100612	5.34	0	11
ptg015938l_1	33753	128583	3.81	0	10
ptg015938l_1_region	33753	128583	3.81	0	10
ptg015939l_1	125918	668342	5.31	0	48
ptg015939l_1_region	125918	668342	5.31	0	48
ptg015940l_1	55985	195332	3.49	0	10
ptg015940l_1_region	55985	195332	3.49	0	10
ptg015941l_1	27523	165955	6.03	0	11
ptg015941l_1_region	27523	165955	6.03	0	11
ptg015944l_1	74895	358180	4.78	0	42
ptg015944l_1_region	74895	358180	4.78	0	42
ptg015945l_1	31803	140092	4.40	0	14
ptg015945l_1_region	31803	140092	4.40	0	14
ptg015946l_1	107584	417183	3.88	0	15
ptg015946l_1_region	107584	417183	3.88	0	15
ptg015950l_1	38783	114213	2.94	0	8
ptg015950l_1_region	38783	114213	2.94	0	8
ptg015958l_1	13964	50474	3.61	0	6
ptg015958l_1_region	13964	50474	3.61	0	6
ptg015960l_1	26285	95836	3.65	0	9
ptg015960l_1_region	26285	95836	3.65	0	9
ptg015964l_1	31991	65315	2.04	0	5
ptg015964l_1_region	31991	65315	2.04	0	5
ptg015965l_1	37300	121981	3.27	0	8
ptg015965l_1_region	37300	121981	3.27	0	8
ptg015968l_1	24039	59285	2.47	0	6
ptg015968l_1_region	24039	59285	2.47	0	6
ptg015972l_1	35936	131239	3.65	0	9
ptg015972l_1_region	35936	131239	3.65	0	9
ptg015978l_1	70423	274772	3.90	0	8
ptg015978l_1_region	70423	274772	3.90	0	8
ptg015979l_1	69150	212043	3.07	0	27
ptg015979l_1_region	69150	212043	3.07	0	27
ptg015983l_1	59694	111131	1.86	0	12
ptg015983l_1_region	59694	111131	1.86	0	12
ptg015988l_1	98522	378005	3.84	0	9
ptg015988l_1_region	98522	378005	3.84	0	9
ptg015991l_1	54913	663565	12.08	0	79
ptg015991l_1_region	54913	663565	12.08	0	79
ptg015993l_1	57330	339656	5.92	0	13
ptg015993l_1_region	57330	339656	5.92	0	13
ptg015996l_1	73495	292131	3.97	0	10
ptg015996l_1_region	73495	292131	3.97	0	10
ptg015997l_1	52330	295803	5.65	0	14
ptg015997l_1_region	52330	295803	5.65	0	14
ptg015998l_1	139152	17148678	123.24	0	1107
ptg015998l_1_region	139152	17148678	123.24	0	1107
ptg015999l_1	61680	157196	2.55	0	9
ptg015999l_1_region	61680	157196	2.55	0	9
ptg016005l_1	41089	133361	3.25	0	12
ptg016005l_1_region	41089	133361	3.25	0	12
ptg016006l_1	27082	256007	9.45	0	22
ptg016006l_1_region	27082	256007	9.45	0	22
ptg016007l_1	27513	75136	2.73	0	6
ptg016007l_1_region	27513	75136	2.73	0	6
ptg016009l_1	64292	151513	2.36	0	13
ptg016009l_1_region	64292	151513	2.36	0	13
ptg016011l_1	50643	354757	7.01	0	38
ptg016011l_1_region	50643	354757	7.01	0	38
ptg016013l_1	64830	106997	1.65	0	8
ptg016013l_1_region	64830	106997	1.65	0	8
ptg016015l_1	107190	603914	5.63	0	19
ptg016015l_1_region	107190	603914	5.63	0	19
ptg016017l_1	31830	59940	1.88	0	8
ptg016017l_1_region	31830	59940	1.88	0	8
ptg016018l_1	78063	226658	2.90	0	8
ptg016018l_1_region	78063	226658	2.90	0	8
ptg016020l_1	14244	10357	0.73	0	4
ptg016020l_1_region	14244	10357	0.73	0	4
ptg016021l_1	46520	114243	2.46	0	6
ptg016021l_1_region	46520	114243	2.46	0	6
ptg016025l_1	67179	286009	4.26	0	15
ptg016025l_1_region	67179	286009	4.26	0	15
ptg016028l_1	19449	22421	1.15	0	3
ptg016028l_1_region	19449	22421	1.15	0	3
ptg016029l_1	90742	179472	1.98	0	5
ptg016029l_1_region	90742	179472	1.98	0	5
ptg016030l_1	117642	507642	4.32	0	20
ptg016030l_1_region	117642	507642	4.32	0	20
ptg016032l_1	12459	59638	4.79	0	9
ptg016032l_1_region	12459	59638	4.79	0	9
ptg016035l_1	70697	294043	4.16	0	10
ptg016035l_1_region	70697	294043	4.16	0	10
ptg016037l_1	49418	206391	4.18	0	11
ptg016037l_1_region	49418	206391	4.18	0	11
ptg016038l_1	37014	78687	2.13	0	7
ptg016038l_1_region	37014	78687	2.13	0	7
ptg016039l_1	9592	3208	0.33	0	1
ptg016039l_1_region	9592	3208	0.33	0	1
ptg016045l_1	36964	136418	3.69	0	10
ptg016045l_1_region	36964	136418	3.69	0	10
ptg016047l_1	12197	48062	3.94	0	10
ptg016047l_1_region	12197	48062	3.94	0	10
ptg016048l_1	14601	100366	6.87	0	46
ptg016048l_1_region	14601	100366	6.87	0	46
ptg016061l_1	35177	82758	2.35	0	10
ptg016061l_1_region	35177	82758	2.35	0	10
ptg016065l_1	101922	123205	1.21	0	7
ptg016065l_1_region	101922	123205	1.21	0	7
ptg016072l_1	174038	546255	3.14	0	18
ptg016072l_1_region	174038	546255	3.14	0	18
ptg016075l_1	24676	90954	3.69	0	11
ptg016075l_1_region	24676	90954	3.69	0	11
ptg016077l_1	36339	93632	2.58	0	6
ptg016077l_1_region	36339	93632	2.58	0	6
ptg016079l_1	127913	401166	3.14	0	13
ptg016079l_1_region	127913	401166	3.14	0	13
ptg016081l_1	29483	31996	1.09	0	3
ptg016081l_1_region	29483	31996	1.09	0	3
ptg016087l_1	56248	266976	4.75	0	13
ptg016087l_1_region	56248	266976	4.75	0	13
ptg016088l_1	93519	624867	6.68	0	19
ptg016088l_1_region	93519	624867	6.68	0	19
ptg016096l_1	64607	131610	2.04	0	12
ptg016096l_1_region	64607	131610	2.04	0	12
ptg016097l_1	88469	380728	4.30	0	13
ptg016097l_1_region	88469	380728	4.30	0	13
ptg016101l_1	51682	291297	5.64	0	11
ptg016101l_1_region	51682	291297	5.64	0	11
ptg016103l_1	24221	88771	3.67	0	14
ptg016103l_1_region	24221	88771	3.67	0	14
ptg016105l_1	48826	265314	5.43	0	19
ptg016105l_1_region	48826	265314	5.43	0	19
ptg016106l_1	72484	421694	5.82	0	34
ptg016106l_1_region	72484	421694	5.82	0	34
ptg016110l_1	17655	29784	1.69	0	4
ptg016110l_1_region	17655	29784	1.69	0	4
ptg016111l_1	19794	77659	3.92	0	13
ptg016111l_1_region	19794	77659	3.92	0	13
ptg016112l_1	9542	43608	4.57	0	8
ptg016112l_1_region	9542	43608	4.57	0	8
ptg016113l_1	105414	608039	5.77	0	14
ptg016113l_1_region	105414	608039	5.77	0	14
ptg016114l_1	32590	30059	0.92	0	3
ptg016114l_1_region	32590	30059	0.92	0	3
ptg016116l_1	25200	36808	1.46	0	5
ptg016116l_1_region	25200	36808	1.46	0	5
ptg016118l_1	23023	67488	2.93	0	10
ptg016118l_1_region	23023	67488	2.93	0	10
ptg016122l_1	165928	27192	0.16	0	4
ptg016122l_1_region	165928	27192	0.16	0	4
ptg016123l_1	97722	476774	4.88	0	15
ptg016123l_1_region	97722	476774	4.88	0	15
ptg016124l_1	37604	178806	4.75	0	9
ptg016124l_1_region	37604	178806	4.75	0	9
ptg016125l_1	16650	142761	8.57	0	18
ptg016125l_1_region	16650	142761	8.57	0	18
ptg016128l_1	466235	3299693	7.08	0	42
ptg016128l_1_region	466235	3299693	7.08	0	42
ptg016131l_1	99691	481609	4.83	0	17
ptg016131l_1_region	99691	481609	4.83	0	17
ptg016132l_1	59445	383244	6.45	0	22
ptg016132l_1_region	59445	383244	6.45	0	22
ptg016133l_1	33034	72373	2.19	0	10
ptg016133l_1_region	33034	72373	2.19	0	10
ptg016134l_1	57165	596446	10.43	0	27
ptg016134l_1_region	57165	596446	10.43	0	27
ptg016137l_1	35990	3896	0.11	0	1
ptg016137l_1_region	35990	3896	0.11	0	1
ptg016140l_1	74251	406183	5.47	0	16
ptg016140l_1_region	74251	406183	5.47	0	16
ptg016141l_1	61782	148042	2.40	0	7
ptg016141l_1_region	61782	148042	2.40	0	7
ptg016144l_1	96566	222769	2.31	0	6
ptg016144l_1_region	96566	222769	2.31	0	6
ptg016147l_1	42541	113217	2.66	0	7
ptg016147l_1_region	42541	113217	2.66	0	7
ptg016149l_1	156688	580387	3.70	0	10
ptg016149l_1_region	156688	580387	3.70	0	10
ptg016150l_1	23332	76693	3.29	0	7
ptg016150l_1_region	23332	76693	3.29	0	7
ptg016154l_1	11112	136376	12.27	5	20
ptg016154l_1_region	11112	136376	12.27	5	20
ptg016157l_1	11438	30751	2.69	0	5
ptg016157l_1_region	11438	30751	2.69	0	5
ptg016158l_1	38983	73905	1.90	0	6
ptg016158l_1_region	38983	73905	1.90	0	6
ptg016167l_1	20503	68432	3.34	0	10
ptg016167l_1_region	20503	68432	3.34	0	10
ptg016169l_1	52703	454780	8.63	0	27
ptg016169l_1_region	52703	454780	8.63	0	27
ptg016174l_1	26656	151819	5.70	0	11
ptg016174l_1_region	26656	151819	5.70	0	11
ptg016179l_1	46880	148981	3.18	0	10
ptg016179l_1_region	46880	148981	3.18	0	10
ptg016183l_1	83488	286233	3.43	0	23
ptg016183l_1_region	83488	286233	3.43	0	23
ptg016186l_1	129686	724164	5.58	0	15
ptg016186l_1_region	129686	724164	5.58	0	15
ptg016191l_1	12064	18027	1.49	0	3
ptg016191l_1_region	12064	18027	1.49	0	3
ptg016197l_1	90606	292280	3.23	0	12
ptg016197l_1_region	90606	292280	3.23	0	12
ptg016198l_1	26273	167235	6.37	0	29
ptg016198l_1_region	26273	167235	6.37	0	29
ptg016199l_1	101741	473276	4.65	0	15
ptg016199l_1_region	101741	473276	4.65	0	15
ptg016202l_1	58577	222344	3.80	0	32
ptg016202l_1_region	58577	222344	3.80	0	32
ptg016204l_1	127510	635349	4.98	0	19
ptg016204l_1_region	127510	635349	4.98	0	19
ptg016205l_1	61357	117012	1.91	0	6
ptg016205l_1_region	61357	117012	1.91	0	6
ptg016206l_1	41738	112232	2.69	0	8
ptg016206l_1_region	41738	112232	2.69	0	8
ptg016208l_1	21835	32818	1.50	0	6
ptg016208l_1_region	21835	32818	1.50	0	6
ptg016211l_1	167487	758042	4.53	0	16
ptg016211l_1_region	167487	758042	4.53	0	16
ptg016212l_1	37454	114584	3.06	0	7
ptg016212l_1_region	37454	114584	3.06	0	7
ptg016219l_1	15222	38646	2.54	0	5
ptg016219l_1_region	15222	38646	2.54	0	5
ptg016220l_1	22601	124362	5.50	0	17
ptg016220l_1_region	22601	124362	5.50	0	17
ptg016222l_1	29067	113159	3.89	0	12
ptg016222l_1_region	29067	113159	3.89	0	12
ptg016223l_1	42011	136929	3.26	0	10
ptg016223l_1_region	42011	136929	3.26	0	10
ptg016224l_1	42622	207067	4.86	0	17
ptg016224l_1_region	42622	207067	4.86	0	17
ptg016227l_1	44916	297698	6.63	0	18
ptg016227l_1_region	44916	297698	6.63	0	18
ptg016229l_1	39319	111381	2.83	0	10
ptg016229l_1_region	39319	111381	2.83	0	10
ptg016232l_1	25174	17346	0.69	0	6
ptg016232l_1_region	25174	17346	0.69	0	6
ptg016233l_1	27515	242249	8.80	0	22
ptg016233l_1_region	27515	242249	8.80	0	22
ptg016234l_1	60733	160678	2.65	0	10
ptg016234l_1_region	60733	160678	2.65	0	10
ptg016237l_1	57336	562671	9.81	0	23
ptg016237l_1_region	57336	562671	9.81	0	23
ptg016238l_1	32923	76787	2.33	0	7
ptg016238l_1_region	32923	76787	2.33	0	7
ptg016239l_1	72544	310492	4.28	0	13
ptg016239l_1_region	72544	310492	4.28	0	13
ptg016244l_1	78803	157858	2.00	0	6
ptg016244l_1_region	78803	157858	2.00	0	6
ptg016250l_1	9101	25690	2.82	0	5
ptg016250l_1_region	9101	25690	2.82	0	5
ptg016254l_1	57456	217862	3.79	0	11
ptg016254l_1_region	57456	217862	3.79	0	11
ptg016256l_1	65330	277752	4.25	0	18
ptg016256l_1_region	65330	277752	4.25	0	18
ptg016261l_1	87409	398910	4.56	0	15
ptg016261l_1_region	87409	398910	4.56	0	15
ptg016264l_1	45953	27740	0.60	0	5
ptg016264l_1_region	45953	27740	0.60	0	5
ptg016265l_1	21592	36913	1.71	0	5
ptg016265l_1_region	21592	36913	1.71	0	5
ptg016270l_1	47900	216316	4.52	0	11
ptg016270l_1_region	47900	216316	4.52	0	11
ptg016271l_1	40496	79153	1.95	0	8
ptg016271l_1_region	40496	79153	1.95	0	8
ptg016274l_1	51806	134482	2.60	0	8
ptg016274l_1_region	51806	134482	2.60	0	8
ptg016277l_1	133324	1120445	8.40	0	38
ptg016277l_1_region	133324	1120445	8.40	0	38
ptg016281l_1	12167	61050	5.02	0	8
ptg016281l_1_region	12167	61050	5.02	0	8
ptg016283l_1	69169	738789	10.68	0	24
ptg016283l_1_region	69169	738789	10.68	0	24
ptg016287l_1	81229	154814	1.91	0	9
ptg016287l_1_region	81229	154814	1.91	0	9
ptg016288l_1	31006	73485	2.37	0	6
ptg016288l_1_region	31006	73485	2.37	0	6
ptg016290l_1	68725	126841	1.85	0	12
ptg016290l_1_region	68725	126841	1.85	0	12
ptg016293l_1	19913	49557	2.49	0	6
ptg016293l_1_region	19913	49557	2.49	0	6
ptg016294l_1	32384	32818	1.01	0	3
ptg016294l_1_region	32384	32818	1.01	0	3
ptg016300l_1	42796	160019	3.74	0	9
ptg016300l_1_region	42796	160019	3.74	0	9
ptg016304l_1	22984	159953	6.96	0	22
ptg016304l_1_region	22984	159953	6.96	0	22
ptg016307l_1	37698	110616	2.93	0	8
ptg016307l_1_region	37698	110616	2.93	0	8
ptg016308l_1	25385	299866	11.81	0	25
ptg016308l_1_region	25385	299866	11.81	0	25
ptg016310l_1	46337	111337	2.40	0	10
ptg016310l_1_region	46337	111337	2.40	0	10
ptg016311l_1	50807	113490	2.23	0	9
ptg016311l_1_region	50807	113490	2.23	0	9
ptg016319l_1	96423	272528	2.83	0	12
ptg016319l_1_region	96423	272528	2.83	0	12
ptg016321l_1	32322	46389	1.44	0	6
ptg016321l_1_region	32322	46389	1.44	0	6
ptg016323l_1	19413	42850	2.21	0	7
ptg016323l_1_region	19413	42850	2.21	0	7
ptg016335l_1	43515	279472	6.42	0	13
ptg016335l_1_region	43515	279472	6.42	0	13
ptg016336l_1	25184	109164	4.33	0	18
ptg016336l_1_region	25184	109164	4.33	0	18
ptg016340l_1	110309	596314	5.41	0	27
ptg016340l_1_region	110309	596314	5.41	0	27
ptg016341l_1	31536	92225	2.92	0	10
ptg016341l_1_region	31536	92225	2.92	0	10
ptg016342l_1	45619	341388	7.48	0	20
ptg016342l_1_region	45619	341388	7.48	0	20
ptg016344l_1	31706	71655	2.26	0	8
ptg016344l_1_region	31706	71655	2.26	0	8
ptg016347l_1	112228	340230	3.03	0	12
ptg016347l_1_region	112228	340230	3.03	0	12
ptg016351l_1	135182	796920	5.90	0	15
ptg016351l_1_region	135182	796920	5.90	0	15
ptg016352l_1	29612	92471	3.12	0	8
ptg016352l_1_region	29612	92471	3.12	0	8
ptg016355l_1	101514	18993	0.19	0	1
ptg016355l_1_region	101514	18993	0.19	0	1
ptg016357l_1	49484	218737	4.42	0	12
ptg016357l_1_region	49484	218737	4.42	0	12
ptg016366l_1	24887	49892	2.00	0	5
ptg016366l_1_region	24887	49892	2.00	0	5
ptg016367l_1	32340	90375	2.79	0	7
ptg016367l_1_region	32340	90375	2.79	0	7
ptg016368l_1	94103	664467	7.06	0	53
ptg016368l_1_region	94103	664467	7.06	0	53
ptg016370l_1	27697	166973	6.03	0	13
ptg016370l_1_region	27697	166973	6.03	0	13
ptg016373l_1	18096	16880	0.93	0	9
ptg016373l_1_region	18096	16880	0.93	0	9
ptg016374l_1	36163	90323	2.50	0	6
ptg016374l_1_region	36163	90323	2.50	0	6
ptg016376l_1	62943	267966	4.26	0	9
ptg016376l_1_region	62943	267966	4.26	0	9
ptg016378l_1	41539	63122	1.52	0	5
ptg016378l_1_region	41539	63122	1.52	0	5
ptg016382l_1	42801	135476	3.17	0	8
ptg016382l_1_region	42801	135476	3.17	0	8
ptg016383l_1	33742	205809	6.10	0	27
ptg016383l_1_region	33742	205809	6.10	0	27
ptg016385l_1	44665	210760	4.72	0	22
ptg016385l_1_region	44665	210760	4.72	0	22
ptg016386l_1	20252	34583	1.71	0	5
ptg016386l_1_region	20252	34583	1.71	0	5
ptg016387l_1	31282	123459	3.95	0	8
ptg016387l_1_region	31282	123459	3.95	0	8
ptg016388l_1	62616	211801	3.38	0	20
ptg016388l_1_region	62616	211801	3.38	0	20
ptg016391l_1	62655	285968	4.56	0	46
ptg016391l_1_region	62655	285968	4.56	0	46
ptg016392l_1	43025	267825	6.22	0	28
ptg016392l_1_region	43025	267825	6.22	0	28
ptg016407l_1	42687	135442	3.17	0	15
ptg016407l_1_region	42687	135442	3.17	0	15
ptg016411l_1	38296	173324	4.53	0	16
ptg016411l_1_region	38296	173324	4.53	0	16
ptg016413l_1	41591	114239	2.75	0	6
ptg016413l_1_region	41591	114239	2.75	0	6
ptg016416l_1	69189	159931	2.31	0	10
ptg016416l_1_region	69189	159931	2.31	0	10
ptg016425l_1	29014	101300	3.49	0	15
ptg016425l_1_region	29014	101300	3.49	0	15
ptg016426l_1	23247	110433	4.75	0	12
ptg016426l_1_region	23247	110433	4.75	0	12
ptg016431l_1	20217	44829	2.22	0	4
ptg016431l_1_region	20217	44829	2.22	0	4
ptg016433l_1	77195	301212	3.90	0	16
ptg016433l_1_region	77195	301212	3.90	0	16
ptg016436l_1	27939	84036	3.01	0	11
ptg016436l_1_region	27939	84036	3.01	0	11
ptg016440l_1	33657	124265	3.69	0	20
ptg016440l_1_region	33657	124265	3.69	0	20
ptg016441l_1	45417	212453	4.68	0	27
ptg016441l_1_region	45417	212453	4.68	0	27
ptg016443l_1	100168	286006	2.86	0	10
ptg016443l_1_region	100168	286006	2.86	0	10
ptg016446l_1	29689	92616	3.12	0	9
ptg016446l_1_region	29689	92616	3.12	0	9
ptg016453l_1	98440	306845	3.12	0	33
ptg016453l_1_region	98440	306845	3.12	0	33
ptg016454l_1	30312	108881	3.59	0	15
ptg016454l_1_region	30312	108881	3.59	0	15
ptg016455l_1	42909	39131	0.91	0	4
ptg016455l_1_region	42909	39131	0.91	0	4
ptg016463l_1	137827	620557	4.50	0	13
ptg016463l_1_region	137827	620557	4.50	0	13
ptg016471l_1	15093	39257	2.60	0	5
ptg016471l_1_region	15093	39257	2.60	0	5
ptg016472l_1	33404	96132	2.88	0	9
ptg016472l_1_region	33404	96132	2.88	0	9
ptg016473l_1	32743	8577	0.26	0	4
ptg016473l_1_region	32743	8577	0.26	0	4
ptg016474l_1	49080	189947	3.87	0	9
ptg016474l_1_region	49080	189947	3.87	0	9
ptg016475l_1	34776	113827	3.27	0	9
ptg016475l_1_region	34776	113827	3.27	0	9
ptg016476l_1	90644	322483	3.56	0	11
ptg016476l_1_region	90644	322483	3.56	0	11
ptg016482l_1	23628	92981	3.94	0	9
ptg016482l_1_region	23628	92981	3.94	0	9
ptg016484l_1	41853	171963	4.11	0	9
ptg016484l_1_region	41853	171963	4.11	0	9
ptg016485l_1	41862	41834	1.00	0	3
ptg016485l_1_region	41862	41834	1.00	0	3
ptg016486l_1	36612	74403	2.03	0	6
ptg016486l_1_region	36612	74403	2.03	0	6
ptg016487l_1	45202	110848	2.45	0	8
ptg016487l_1_region	45202	110848	2.45	0	8
ptg016491l_1	27867	123046	4.42	0	11
ptg016491l_1_region	27867	123046	4.42	0	11
ptg016496l_1	108660	508168	4.68	0	12
ptg016496l_1_region	108660	508168	4.68	0	12
ptg016501l_1	31573	72964	2.31	0	8
ptg016501l_1_region	31573	72964	2.31	0	8
ptg016502l_1	15948	27261	1.71	0	6
ptg016502l_1_region	15948	27261	1.71	0	6
ptg016507l_1	14993	31006	2.07	0	10
ptg016507l_1_region	14993	31006	2.07	0	10
ptg016510l_1	32588	115679	3.55	0	8
ptg016510l_1_region	32588	115679	3.55	0	8
ptg016512l_1	38444	243011	6.32	0	100
ptg016512l_1_region	38444	243011	6.32	0	100
ptg016517l_1	43961	297521	6.77	0	16
ptg016517l_1_region	43961	297521	6.77	0	16
ptg016518l_1	40469	101252	2.50	0	5
ptg016518l_1_region	40469	101252	2.50	0	5
ptg016519l_1	66289	186617	2.82	0	10
ptg016519l_1_region	66289	186617	2.82	0	10
ptg016521l_1	43624	191218	4.38	0	12
ptg016521l_1_region	43624	191218	4.38	0	12
ptg016522l_1	52158	176251	3.38	0	7
ptg016522l_1_region	52158	176251	3.38	0	7
ptg016525l_1	39122	154123	3.94	0	14
ptg016525l_1_region	39122	154123	3.94	0	14
ptg016526l_1	19488	51871	2.66	0	9
ptg016526l_1_region	19488	51871	2.66	0	9
ptg016527l_1	24770	99001	4.00	0	8
ptg016527l_1_region	24770	99001	4.00	0	8
ptg016529l_1	32979	91842	2.78	0	57
ptg016529l_1_region	32979	91842	2.78	0	57
ptg016530l_1	71201	303479	4.26	0	22
ptg016530l_1_region	71201	303479	4.26	0	22
ptg016533l_1	16547	75215	4.55	0	8
ptg016533l_1_region	16547	75215	4.55	0	8
ptg016540l_1	40727	84937	2.09	0	5
ptg016540l_1_region	40727	84937	2.09	0	5
ptg016546l_1	22014	80600	3.66	0	10
ptg016546l_1_region	22014	80600	3.66	0	10
ptg016548l_1	132696	334358	2.52	0	13
ptg016548l_1_region	132696	334358	2.52	0	13
ptg016555l_1	26276	90639	3.45	0	6
ptg016555l_1_region	26276	90639	3.45	0	6
ptg016556l_1	16596	47457	2.86	0	6
ptg016556l_1_region	16596	47457	2.86	0	6
ptg016559l_1	21924	100816	4.60	0	12
ptg016559l_1_region	21924	100816	4.60	0	12
ptg016565l_1	34025	92870	2.73	0	11
ptg016565l_1_region	34025	92870	2.73	0	11
ptg016566l_1	61130	249228	4.08	0	11
ptg016566l_1_region	61130	249228	4.08	0	11
ptg016573l_1	41835	108056	2.58	0	5
ptg016573l_1_region	41835	108056	2.58	0	5
ptg016574l_1	38406	254056	6.62	0	14
ptg016574l_1_region	38406	254056	6.62	0	14
ptg016576l_1	41327	117611	2.85	0	9
ptg016576l_1_region	41327	117611	2.85	0	9
ptg016577l_1	38178	21637	0.57	0	2
ptg016577l_1_region	38178	21637	0.57	0	2
ptg016578l_1	45361	102470	2.26	0	5
ptg016578l_1_region	45361	102470	2.26	0	5
ptg016581l_1	16237	167060	10.29	0	21
ptg016581l_1_region	16237	167060	10.29	0	21
ptg016584l_1	65235	296099	4.54	0	9
ptg016584l_1_region	65235	296099	4.54	0	9
ptg016585l_1	37827	86946	2.30	0	6
ptg016585l_1_region	37827	86946	2.30	0	6
ptg016587l_1	21960	54104	2.46	0	5
ptg016587l_1_region	21960	54104	2.46	0	5
ptg016589l_1	93079	390467	4.20	0	23
ptg016589l_1_region	93079	390467	4.20	0	23
ptg016592l_1	54964	148510	2.70	0	6
ptg016592l_1_region	54964	148510	2.70	0	6
ptg016596l_1	24932	53315	2.14	0	6
ptg016596l_1_region	24932	53315	2.14	0	6
ptg016598l_1	51068	193576	3.79	0	10
ptg016598l_1_region	51068	193576	3.79	0	10
ptg016599l_1	17031	64163	3.77	0	8
ptg016599l_1_region	17031	64163	3.77	0	8
ptg016601l_1	118799	484244	4.08	0	14
ptg016601l_1_region	118799	484244	4.08	0	14
ptg016602l_1	70143	389302	5.55	0	22
ptg016602l_1_region	70143	389302	5.55	0	22
ptg016605l_1	23444	155212	6.62	1	26
ptg016605l_1_region	23444	155212	6.62	1	26
ptg016607l_1	61192	497585	8.13	0	28
ptg016607l_1_region	61192	497585	8.13	0	28
ptg016608l_1	19262	44690	2.32	0	7
ptg016608l_1_region	19262	44690	2.32	0	7
ptg016609l_1	43003	104016	2.42	0	26
ptg016609l_1_region	43003	104016	2.42	0	26
ptg016612l_1	133904	485642	3.63	0	9
ptg016612l_1_region	133904	485642	3.63	0	9
ptg016617l_1	15498	22196	1.43	0	3
ptg016617l_1_region	15498	22196	1.43	0	3
ptg016618l_1	58918	122585	2.08	0	7
ptg016618l_1_region	58918	122585	2.08	0	7
ptg016620l_1	36821	44059	1.20	0	8
ptg016620l_1_region	36821	44059	1.20	0	8
ptg016629l_1	31259	46507	1.49	0	7
ptg016629l_1_region	31259	46507	1.49	0	7
ptg016630l_1	61739	223088	3.61	0	12
ptg016630l_1_region	61739	223088	3.61	0	12
ptg016632l_1	69958	55399	0.79	0	3
ptg016632l_1_region	69958	55399	0.79	0	3
ptg016634l_1	37314	239416	6.42	0	13
ptg016634l_1_region	37314	239416	6.42	0	13
ptg016635l_1	36856	167159	4.54	0	16
ptg016635l_1_region	36856	167159	4.54	0	16
ptg016639l_1	33888	175056	5.17	0	13
ptg016639l_1_region	33888	175056	5.17	0	13
ptg016640l_1	51794	136394	2.63	0	9
ptg016640l_1_region	51794	136394	2.63	0	9
ptg016643l_1	26718	75423	2.82	0	7
ptg016643l_1_region	26718	75423	2.82	0	7
ptg016646l_1	47520	137904	2.90	0	8
ptg016646l_1_region	47520	137904	2.90	0	8
ptg016651l_1	30285	109649	3.62	0	15
ptg016651l_1_region	30285	109649	3.62	0	15
ptg016652l_1	27033	70914	2.62	0	21
ptg016652l_1_region	27033	70914	2.62	0	21
ptg016657l_1	64338	195472	3.04	0	8
ptg016657l_1_region	64338	195472	3.04	0	8
ptg016658l_1	43598	369105	8.47	0	39
ptg016658l_1_region	43598	369105	8.47	0	39
ptg016660l_1	19112	68336	3.58	0	8
ptg016660l_1_region	19112	68336	3.58	0	8
ptg016664l_1	45312	87951	1.94	0	4
ptg016664l_1_region	45312	87951	1.94	0	4
ptg016667l_1	46989	274509	5.84	0	35
ptg016667l_1_region	46989	274509	5.84	0	35
ptg016668l_1	148122	1276895	8.62	0	42
ptg016668l_1_region	148122	1276895	8.62	0	42
ptg016674l_1	159769	708569	4.43	0	342
ptg016674l_1_region	159769	708569	4.43	0	342
ptg016678l_1	56717	179365	3.16	0	8
ptg016678l_1_region	56717	179365	3.16	0	8
ptg016679l_1	17827	60916	3.42	0	16
ptg016679l_1_region	17827	60916	3.42	0	16
ptg016681l_1	84541	490270	5.80	0	25
ptg016681l_1_region	84541	490270	5.80	0	25
ptg016682l_1	25984	59210	2.28	0	12
ptg016682l_1_region	25984	59210	2.28	0	12
ptg016683l_1	232388	1229042	5.29	0	25
ptg016683l_1_region	232388	1229042	5.29	0	25
ptg016687l_1	22525	20707	0.92	0	3
ptg016687l_1_region	22525	20707	0.92	0	3
ptg016688l_1	78500	210451	2.68	0	13
ptg016688l_1_region	78500	210451	2.68	0	13
ptg016689l_1	25592	126926	4.96	0	13
ptg016689l_1_region	25592	126926	4.96	0	13
ptg016691l_1	43717	129573	2.96	0	9
ptg016691l_1_region	43717	129573	2.96	0	9
ptg016692l_1	55042	444185	8.07	0	28
ptg016692l_1_region	55042	444185	8.07	0	28
ptg016695l_1	123025	374865	3.05	0	15
ptg016695l_1_region	123025	374865	3.05	0	15
ptg016696l_1	21054	202653	9.63	0	37
ptg016696l_1_region	21054	202653	9.63	0	37
ptg016698l_1	135698	474132	3.49	0	19
ptg016698l_1_region	135698	474132	3.49	0	19
ptg016700l_1	115759	381784	3.30	0	14
ptg016700l_1_region	115759	381784	3.30	0	14
ptg016703l_1	87820	566365	6.45	0	12
ptg016703l_1_region	87820	566365	6.45	0	12
ptg016705l_1	70841	359560	5.08	0	14
ptg016705l_1_region	70841	359560	5.08	0	14
ptg016710l_1	30003	53144	1.77	0	4
ptg016710l_1_region	30003	53144	1.77	0	4
ptg016711l_1	52887	222350	4.20	0	18
ptg016711l_1_region	52887	222350	4.20	0	18
ptg016714l_1	26039	83796	3.22	0	6
ptg016714l_1_region	26039	83796	3.22	0	6
ptg016715l_1	44797	167445	3.74	0	9
ptg016715l_1_region	44797	167445	3.74	0	9
ptg016718l_1	31958	52421	1.64	0	6
ptg016718l_1_region	31958	52421	1.64	0	6
ptg016719l_1	20715	45883	2.21	0	7
ptg016719l_1_region	20715	45883	2.21	0	7
ptg016721l_1	51351	450434	8.77	0	16
ptg016721l_1_region	51351	450434	8.77	0	16
ptg016724l_1	45608	169513	3.72	0	12
ptg016724l_1_region	45608	169513	3.72	0	12
ptg016729l_1	31331	177630	5.67	0	12
ptg016729l_1_region	31331	177630	5.67	0	12
ptg016733l_1	102105	14602	0.14	0	2
ptg016733l_1_region	102105	14602	0.14	0	2
ptg016735l_1	24905	114367	4.59	0	27
ptg016735l_1_region	24905	114367	4.59	0	27
ptg016737l_1	27616	89289	3.23	0	9
ptg016737l_1_region	27616	89289	3.23	0	9
ptg016739l_1	59166	328911	5.56	0	14
ptg016739l_1_region	59166	328911	5.56	0	14
ptg016740l_1	34975	87541	2.50	0	7
ptg016740l_1_region	34975	87541	2.50	0	7
ptg016741l_1	37514	55783	1.49	0	8
ptg016741l_1_region	37514	55783	1.49	0	8
ptg016742l_1	38521	304482	7.90	0	18
ptg016742l_1_region	38521	304482	7.90	0	18
ptg016748l_1	75866	371109	4.89	0	13
ptg016748l_1_region	75866	371109	4.89	0	13
ptg016754l_1	27738	96447	3.48	0	17
ptg016754l_1_region	27738	96447	3.48	0	17
ptg016755l_1	85560	357563	4.18	0	12
ptg016755l_1_region	85560	357563	4.18	0	12
ptg016756l_1	77726	805926	10.37	0	20
ptg016756l_1_region	77726	805926	10.37	0	20
ptg016760l_1	38450	84626	2.20	0	7
ptg016760l_1_region	38450	84626	2.20	0	7
ptg016761l_1	13256	23097	1.74	0	7
ptg016761l_1_region	13256	23097	1.74	0	7
ptg016763l_1	43964	133344	3.03	0	16
ptg016763l_1_region	43964	133344	3.03	0	16
ptg016764l_1	35449	110755	3.12	0	8
ptg016764l_1_region	35449	110755	3.12	0	8
ptg016765l_1	19369	217016	11.20	1	28
ptg016765l_1_region	19369	217016	11.20	1	28
ptg016766l_1	152790	591788	3.87	0	29
ptg016766l_1_region	152790	591788	3.87	0	29
ptg016771l_1	18254	59067	3.24	0	6
ptg016771l_1_region	18254	59067	3.24	0	6
ptg016775l_1	34975	217234	6.21	0	12
ptg016775l_1_region	34975	217234	6.21	0	12
ptg016776l_1	878571	4753744	5.41	0	21
ptg016776l_1_region	878571	4753744	5.41	0	21
ptg016779l_1	10706	23690	2.21	0	5
ptg016779l_1_region	10706	23690	2.21	0	5
ptg016784l_1	20814	61498	2.95	0	91
ptg016784l_1_region	20814	61498	2.95	0	91
ptg016785l_1	36801	451624	12.27	0	38
ptg016785l_1_region	36801	451624	12.27	0	38
ptg016790l_1	18840	152759	8.11	0	26
ptg016790l_1_region	18840	152759	8.11	0	26
ptg016794l_1	20798	49576	2.38	0	5
ptg016794l_1_region	20798	49576	2.38	0	5
ptg016795l_1	52445	226031	4.31	0	10
ptg016795l_1_region	52445	226031	4.31	0	10
ptg016796l_1	65314	112735	1.73	0	8
ptg016796l_1_region	65314	112735	1.73	0	8
ptg016797l_1	66700	245131	3.68	0	10
ptg016797l_1_region	66700	245131	3.68	0	10
ptg016798l_1	42219	110130	2.61	0	20
ptg016798l_1_region	42219	110130	2.61	0	20
ptg016799l_1	58253	220177	3.78	0	20
ptg016799l_1_region	58253	220177	3.78	0	20
ptg016800l_1	58726	195802	3.33	0	7
ptg016800l_1_region	58726	195802	3.33	0	7
ptg016806l_1	42402	164012	3.87	0	9
ptg016806l_1_region	42402	164012	3.87	0	9
ptg016809l_1	23052	47981	2.08	0	5
ptg016809l_1_region	23052	47981	2.08	0	5
ptg016810l_1	45820	158744	3.46	0	7
ptg016810l_1_region	45820	158744	3.46	0	7
ptg016815l_1	82425	1359751	16.50	0	56
ptg016815l_1_region	82425	1359751	16.50	0	56
ptg016818l_1	63167	161544	2.56	0	6
ptg016818l_1_region	63167	161544	2.56	0	6
ptg016820l_1	219177	606268	2.77	0	11
ptg016820l_1_region	219177	606268	2.77	0	11
ptg016822l_1	15681	5263	0.34	0	1
ptg016822l_1_region	15681	5263	0.34	0	1
ptg016823l_1	29485	70666	2.40	0	4
ptg016823l_1_region	29485	70666	2.40	0	4
ptg016828l_1	31479	279709	8.89	0	23
ptg016828l_1_region	31479	279709	8.89	0	23
ptg016829l_1	22983	73888	3.21	0	8
ptg016829l_1_region	22983	73888	3.21	0	8
ptg016831l_1	88093	409143	4.64	0	12
ptg016831l_1_region	88093	409143	4.64	0	12
ptg016837l_1	18812	62883	3.34	0	7
ptg016837l_1_region	18812	62883	3.34	0	7
ptg016839l_1	120456	413921	3.44	0	10
ptg016839l_1_region	120456	413921	3.44	0	10
ptg016848l_1	60959	263663	4.33	0	25
ptg016848l_1_region	60959	263663	4.33	0	25
ptg016850l_1	79972	264197	3.30	0	9
ptg016850l_1_region	79972	264197	3.30	0	9
ptg016854l_1	36642	218310	5.96	0	13
ptg016854l_1_region	36642	218310	5.96	0	13
ptg016857l_1	26497	57418	2.17	0	8
ptg016857l_1_region	26497	57418	2.17	0	8
ptg016859l_1	55514	247014	4.45	0	38
ptg016859l_1_region	55514	247014	4.45	0	38
ptg016863l_1	23209	72403	3.12	0	6
ptg016863l_1_region	23209	72403	3.12	0	6
ptg016864l_1	35951	66220	1.84	0	16
ptg016864l_1_region	35951	66220	1.84	0	16
ptg016865l_1	41546	157180	3.78	0	10
ptg016865l_1_region	41546	157180	3.78	0	10
ptg016866l_1	70799	531635	7.51	0	16
ptg016866l_1_region	70799	531635	7.51	0	16
ptg016870l_1	33192	108377	3.27	0	8
ptg016870l_1_region	33192	108377	3.27	0	8
ptg016871l_1	33550	175220	5.22	0	12
ptg016871l_1_region	33550	175220	5.22	0	12
ptg016872l_1	55506	450216	8.11	1	14
ptg016872l_1_region	55506	450216	8.11	1	14
ptg016877l_1	18721	71701	3.83	0	7
ptg016877l_1_region	18721	71701	3.83	0	7
ptg016879l_1	20430	86425	4.23	0	11
ptg016879l_1_region	20430	86425	4.23	0	11
ptg016880l_1	41117	180922	4.40	0	13
ptg016880l_1_region	41117	180922	4.40	0	13
ptg016881l_1	27095	113921	4.20	0	10
ptg016881l_1_region	27095	113921	4.20	0	10
ptg016883l_1	25250	89244	3.53	0	8
ptg016883l_1_region	25250	89244	3.53	0	8
ptg016885l_1	39178	94281	2.41	0	7
ptg016885l_1_region	39178	94281	2.41	0	7
ptg016886l_1	17260	44449	2.58	0	10
ptg016886l_1_region	17260	44449	2.58	0	10
ptg016889l_1	26643	106771	4.01	0	8
ptg016889l_1_region	26643	106771	4.01	0	8
ptg016893l_1	28302	86992	3.07	0	7
ptg016893l_1_region	28302	86992	3.07	0	7
ptg016894l_1	29191	42770	1.47	0	8
ptg016894l_1_region	29191	42770	1.47	0	8
ptg016895l_1	9081	8373	0.92	0	2
ptg016895l_1_region	9081	8373	0.92	0	2
ptg016897l_1	33850	80724	2.38	0	12
ptg016897l_1_region	33850	80724	2.38	0	12
ptg016898l_1	60701	186372	3.07	0	61
ptg016898l_1_region	60701	186372	3.07	0	61
ptg016904l_1	123025	577078	4.69	0	14
ptg016904l_1_region	123025	577078	4.69	0	14
ptg016909l_1	105915	508380	4.80	0	12
ptg016909l_1_region	105915	508380	4.80	0	12
ptg016910l_1	83400	312197	3.74	0	8
ptg016910l_1_region	83400	312197	3.74	0	8
ptg016913l_1	451924	1809853	4.00	0	12
ptg016913l_1_region	451924	1809853	4.00	0	12
ptg016914l_1	20007	77877	3.89	0	8
ptg016914l_1_region	20007	77877	3.89	0	8
ptg016916l_1	42755	234440	5.48	0	18
ptg016916l_1_region	42755	234440	5.48	0	18
ptg016919l_1	69379	384565	5.54	0	13
ptg016919l_1_region	69379	384565	5.54	0	13
ptg016923l_1	46269	88182	1.91	0	5
ptg016923l_1_region	46269	88182	1.91	0	5
ptg016924l_1	23270	23118	0.99	0	3
ptg016924l_1_region	23270	23118	0.99	0	3
ptg016925l_1	59640	234769	3.94	0	14
ptg016925l_1_region	59640	234769	3.94	0	14
ptg016926l_1	44662	194011	4.34	0	7
ptg016926l_1_region	44662	194011	4.34	0	7
ptg016932l_1	255219	2175636	8.52	0	21
ptg016932l_1_region	255219	2175636	8.52	0	21
ptg016933l_1	47684	242124	5.08	0	19
ptg016933l_1_region	47684	242124	5.08	0	19
ptg016935l_1	189686	939624	4.95	0	29
ptg016935l_1_region	189686	939624	4.95	0	29
ptg016938l_1	33815	161939	4.79	0	51
ptg016938l_1_region	33815	161939	4.79	0	51
ptg016944l_1	31709	135145	4.26	0	9
ptg016944l_1_region	31709	135145	4.26	0	9
ptg016945l_1	29961	45119	1.51	0	3
ptg016945l_1_region	29961	45119	1.51	0	3
ptg016946l_1	171274	608377	3.55	0	14
ptg016946l_1_region	171274	608377	3.55	0	14
ptg016949l_1	88703	504140	5.68	0	26
ptg016949l_1_region	88703	504140	5.68	0	26
ptg016950l_1	44117	152650	3.46	0	12
ptg016950l_1_region	44117	152650	3.46	0	12
ptg016951l_1	31680	159748	5.04	0	10
ptg016951l_1_region	31680	159748	5.04	0	10
ptg016954l_1	55597	134684	2.42	0	15
ptg016954l_1_region	55597	134684	2.42	0	15
ptg016955l_1	48916	130917	2.68	0	8
ptg016955l_1_region	48916	130917	2.68	0	8
ptg016956l_1	52243	168680	3.23	0	13
ptg016956l_1_region	52243	168680	3.23	0	13
ptg016957l_1	90221	318962	3.54	0	13
ptg016957l_1_region	90221	318962	3.54	0	13
ptg016958l_1	66617	247892	3.72	0	16
ptg016958l_1_region	66617	247892	3.72	0	16
ptg016959l_1	10188	4868	0.48	0	5
ptg016959l_1_region	10188	4868	0.48	0	5
ptg016961l_1	32991	103670	3.14	0	8
ptg016961l_1_region	32991	103670	3.14	0	8
ptg016964l_1	15916	54578	3.43	0	8
ptg016964l_1_region	15916	54578	3.43	0	8
ptg016967l_1	117323	732145	6.24	0	18
ptg016967l_1_region	117323	732145	6.24	0	18
ptg016969l_1	14544	121148	8.33	0	22
ptg016969l_1_region	14544	121148	8.33	0	22
ptg016970l_1	32594	141302	4.34	0	8
ptg016970l_1_region	32594	141302	4.34	0	8
ptg016971l_1	18047	77332	4.29	0	13
ptg016971l_1_region	18047	77332	4.29	0	13
ptg016975l_1	116117	518838	4.47	0	11
ptg016975l_1_region	116117	518838	4.47	0	11
ptg016976l_1	53360	144417	2.71	0	9
ptg016976l_1_region	53360	144417	2.71	0	9
ptg016982l_1	38700	123426	3.19	0	14
ptg016982l_1_region	38700	123426	3.19	0	14
ptg016984l_1	14350	76642	5.34	0	8
ptg016984l_1_region	14350	76642	5.34	0	8
ptg016985l_1	37698	211148	5.60	0	13
ptg016985l_1_region	37698	211148	5.60	0	13
ptg016986l_1	21092	83343	3.95	0	7
ptg016986l_1_region	21092	83343	3.95	0	7
ptg016987l_1	48438	107370	2.22	0	7
ptg016987l_1_region	48438	107370	2.22	0	7
ptg016989l_1	55166	100760	1.83	0	5
ptg016989l_1_region	55166	100760	1.83	0	5
ptg016993l_1	46450	141394	3.04	0	11
ptg016993l_1_region	46450	141394	3.04	0	11
ptg016996l_1	44603	231018	5.18	0	10
ptg016996l_1_region	44603	231018	5.18	0	10
ptg017001l_1	24497	132786	5.42	1	17
ptg017001l_1_region	24497	132786	5.42	1	17
ptg017003l_1	55172	187202	3.39	0	17
ptg017003l_1_region	55172	187202	3.39	0	17
ptg017005l_1	21289	48122	2.26	0	7
ptg017005l_1_region	21289	48122	2.26	0	7
ptg017006l_1	43781	117243	2.68	0	13
ptg017006l_1_region	43781	117243	2.68	0	13
ptg017007l_1	53293	212493	3.99	0	13
ptg017007l_1_region	53293	212493	3.99	0	13
ptg017008l_1	111700	583443	5.22	0	16
ptg017008l_1_region	111700	583443	5.22	0	16
ptg017010l_1	79661	804398	10.10	0	41
ptg017010l_1_region	79661	804398	10.10	0	41
ptg017013l_1	73659	223124	3.03	0	8
ptg017013l_1_region	73659	223124	3.03	0	8
ptg017014l_1	17823	124824	7.00	0	15
ptg017014l_1_region	17823	124824	7.00	0	15
ptg017021l_1	48627	134565	2.77	0	5
ptg017021l_1_region	48627	134565	2.77	0	5
ptg017023l_1	196555	1069767	5.44	0	45
ptg017023l_1_region	196555	1069767	5.44	0	45
ptg017031l_1	47321	105878	2.24	0	8
ptg017031l_1_region	47321	105878	2.24	0	8
ptg017033l_1	24204	47496	1.96	0	5
ptg017033l_1_region	24204	47496	1.96	0	5
ptg017036l_1	29813	112767	3.78	0	8
ptg017036l_1_region	29813	112767	3.78	0	8
ptg017038l_1	19101	62380	3.27	0	7
ptg017038l_1_region	19101	62380	3.27	0	7
ptg017040l_1	54574	472539	8.66	0	25
ptg017040l_1_region	54574	472539	8.66	0	25
ptg017042l_1	69104	268227	3.88	0	9
ptg017042l_1_region	69104	268227	3.88	0	9
ptg017043l_1	21998	90775	4.13	0	13
ptg017043l_1_region	21998	90775	4.13	0	13
ptg017044l_1	18094	31838	1.76	0	5
ptg017044l_1_region	18094	31838	1.76	0	5
ptg017048l_1	94858	312255	3.29	0	8
ptg017048l_1_region	94858	312255	3.29	0	8
ptg017049l_1	41327	160137	3.87	0	7
ptg017049l_1_region	41327	160137	3.87	0	7
ptg017060l_1	94161	405628	4.31	0	16
ptg017060l_1_region	94161	405628	4.31	0	16
ptg017061l_1	33567	241935	7.21	0	15
ptg017061l_1_region	33567	241935	7.21	0	15
ptg017063l_1	1425854	8662707	6.08	0	18
ptg017063l_1_region	1425854	8662707	6.08	0	18
ptg017064l_1	349485	3002956	8.59	0	39
ptg017064l_1_region	349485	3002956	8.59	0	39
ptg017069l_1	24033	59675	2.48	0	70
ptg017069l_1_region	24033	59675	2.48	0	70
ptg017072l_1	64922	318700	4.91	0	13
ptg017072l_1_region	64922	318700	4.91	0	13
ptg017073l_1	29812	119076	3.99	0	9
ptg017073l_1_region	29812	119076	3.99	0	9
ptg017074l_1	52762	155668	2.95	0	23
ptg017074l_1_region	52762	155668	2.95	0	23
ptg017079l_1	56547	273781	4.84	0	34
ptg017079l_1_region	56547	273781	4.84	0	34
ptg017082l_1	56995	122809	2.15	0	8
ptg017082l_1_region	56995	122809	2.15	0	8
ptg017084l_1	50534	191433	3.79	0	9
ptg017084l_1_region	50534	191433	3.79	0	9
ptg017086l_1	39834	234000	5.87	0	31
ptg017086l_1_region	39834	234000	5.87	0	31
ptg017088l_1	23199	71256	3.07	0	7
ptg017088l_1_region	23199	71256	3.07	0	7
ptg017090l_1	67180	242984	3.62	0	16
ptg017090l_1_region	67180	242984	3.62	0	16
ptg017094l_1	69128	463732	6.71	0	14
ptg017094l_1_region	69128	463732	6.71	0	14
ptg017096l_1	30968	77888	2.52	0	9
ptg017096l_1_region	30968	77888	2.52	0	9
ptg017098l_1	30756	126181	4.10	0	7
ptg017098l_1_region	30756	126181	4.10	0	7
ptg017099l_1	43659	175329	4.02	0	10
ptg017099l_1_region	43659	175329	4.02	0	10
ptg017100l_1	36069	140412	3.89	0	10
ptg017100l_1_region	36069	140412	3.89	0	10
ptg017108l_1	66195	304095	4.59	0	11
ptg017108l_1_region	66195	304095	4.59	0	11
ptg017111l_1	20359	104885	5.15	0	20
ptg017111l_1_region	20359	104885	5.15	0	20
ptg017115l_1	48410	107366	2.22	0	6
ptg017115l_1_region	48410	107366	2.22	0	6
ptg017120l_1	34936	250243	7.16	0	21
ptg017120l_1_region	34936	250243	7.16	0	21
ptg017123l_1	44869	208243	4.64	0	11
ptg017123l_1_region	44869	208243	4.64	0	11
ptg017124l_1	92712	467737	5.05	0	14
ptg017124l_1_region	92712	467737	5.05	0	14
ptg017125l_1	42619	220056	5.16	0	13
ptg017125l_1_region	42619	220056	5.16	0	13
ptg017126l_1	48595	207869	4.28	0	20
ptg017126l_1_region	48595	207869	4.28	0	20
ptg017129l_1	16739	55962	3.34	0	7
ptg017129l_1_region	16739	55962	3.34	0	7
ptg017132l_1	22374	63063	2.82	0	11
ptg017132l_1_region	22374	63063	2.82	0	11
ptg017134l_1	63275	467484	7.39	0	19
ptg017134l_1_region	63275	467484	7.39	0	19
ptg017135l_1	31753	109433	3.45	0	7
ptg017135l_1_region	31753	109433	3.45	0	7
ptg017137l_1	23078	70822	3.07	0	8
ptg017137l_1_region	23078	70822	3.07	0	8
ptg017139l_1	27438	141912	5.17	0	16
ptg017139l_1_region	27438	141912	5.17	0	16
ptg017140l_1	71813	482628	6.72	0	38
ptg017140l_1_region	71813	482628	6.72	0	38
ptg017141l_1	60769	145583	2.40	0	12
ptg017141l_1_region	60769	145583	2.40	0	12
ptg017144l_1	26289	69379	2.64	0	7
ptg017144l_1_region	26289	69379	2.64	0	7
ptg017147l_1	53438	179512	3.36	0	20
ptg017147l_1_region	53438	179512	3.36	0	20
ptg017149l_1	37415	169781	4.54	0	10
ptg017149l_1_region	37415	169781	4.54	0	10
ptg017152l_1	26257	45943	1.75	0	5
ptg017152l_1_region	26257	45943	1.75	0	5
ptg017153l_1	17457	133329	7.64	1	47
ptg017153l_1_region	17457	133329	7.64	1	47
ptg017155l_1	34730	355509	10.24	0	24
ptg017155l_1_region	34730	355509	10.24	0	24
ptg017157l_1	78639	923576	11.74	0	58
ptg017157l_1_region	78639	923576	11.74	0	58
ptg017162l_1	34710	181449	5.23	0	10
ptg017162l_1_region	34710	181449	5.23	0	10
ptg017165l_1	135536	681177	5.03	0	13
ptg017165l_1_region	135536	681177	5.03	0	13
ptg017168l_1	31710	111103	3.50	0	7
ptg017168l_1_region	31710	111103	3.50	0	7
ptg017170l_1	18731	95180	5.08	0	15
ptg017170l_1_region	18731	95180	5.08	0	15
ptg017171l_1	56075	272042	4.85	0	14
ptg017171l_1_region	56075	272042	4.85	0	14
ptg017172l_1	181098	778862	4.30	0	16
ptg017172l_1_region	181098	778862	4.30	0	16
ptg017176l_1	64385	253347	3.93	0	8
ptg017176l_1_region	64385	253347	3.93	0	8
ptg017178l_1	102261	573025	5.60	0	12
ptg017178l_1_region	102261	573025	5.60	0	12
ptg017179l_1	34439	83414	2.42	0	7
ptg017179l_1_region	34439	83414	2.42	0	7
ptg017186l_1	45903	186499	4.06	0	22
ptg017186l_1_region	45903	186499	4.06	0	22
ptg017188l_1	43302	84781	1.96	0	5
ptg017188l_1_region	43302	84781	1.96	0	5
ptg017193l_1	50805	133562	2.63	0	12
ptg017193l_1_region	50805	133562	2.63	0	12
ptg017196l_1	27281	54153	1.99	0	5
ptg017196l_1_region	27281	54153	1.99	0	5
ptg017197l_1	17746	24263	1.37	0	10
ptg017197l_1_region	17746	24263	1.37	0	10
ptg017199l_1	36211	125224	3.46	0	7
ptg017199l_1_region	36211	125224	3.46	0	7
ptg017200l_1	18540	79658	4.30	0	11
ptg017200l_1_region	18540	79658	4.30	0	11
ptg017201l_1	51518	314788	6.11	0	11
ptg017201l_1_region	51518	314788	6.11	0	11
ptg017202l_1	19930	71208	3.57	0	8
ptg017202l_1_region	19930	71208	3.57	0	8
ptg017204l_1	72793	2050166	28.16	0	104
ptg017204l_1_region	72793	2050166	28.16	0	104
ptg017207l_1	20367	38876	1.91	0	5
ptg017207l_1_region	20367	38876	1.91	0	5
ptg017216l_1	26710	79334	2.97	0	7
ptg017216l_1_region	26710	79334	2.97	0	7
ptg017218l_1	23511	70420	3.00	0	11
ptg017218l_1_region	23511	70420	3.00	0	11
ptg017219l_1	33436	72213	2.16	0	7
ptg017219l_1_region	33436	72213	2.16	0	7
ptg017220l_1	42425	157825	3.72	0	7
ptg017220l_1_region	42425	157825	3.72	0	7
ptg017225l_1	160869	988285	6.14	0	17
ptg017225l_1_region	160869	988285	6.14	0	17
ptg017226l_1	33522	57155	1.70	0	6
ptg017226l_1_region	33522	57155	1.70	0	6
ptg017233l_1	20074	61563	3.07	0	10
ptg017233l_1_region	20074	61563	3.07	0	10
ptg017234l_1	49667	124145	2.50	0	11
ptg017234l_1_region	49667	124145	2.50	0	11
ptg017237l_1	51558	214436	4.16	0	9
ptg017237l_1_region	51558	214436	4.16	0	9
ptg017238l_1	75406	270320	3.58	0	14
ptg017238l_1_region	75406	270320	3.58	0	14
ptg017239l_1	56997	218482	3.83	0	12
ptg017239l_1_region	56997	218482	3.83	0	12
ptg017241l_1	30181	60919	2.02	0	7
ptg017241l_1_region	30181	60919	2.02	0	7
ptg017242l_1	127118	619319	4.87	0	15
ptg017242l_1_region	127118	619319	4.87	0	15
ptg017244l_1	72744	280425	3.85	0	10
ptg017244l_1_region	72744	280425	3.85	0	10
ptg017247l_1	22321	110403	4.95	0	13
ptg017247l_1_region	22321	110403	4.95	0	13
ptg017248l_1	20629	140373	6.80	0	14
ptg017248l_1_region	20629	140373	6.80	0	14
ptg017249l_1	45578	166140	3.65	0	10
ptg017249l_1_region	45578	166140	3.65	0	10
ptg017252l_1	24894	112225	4.51	0	9
ptg017252l_1_region	24894	112225	4.51	0	9
ptg017253l_1	123679	529997	4.29	0	10
ptg017253l_1_region	123679	529997	4.29	0	10
ptg017257l_1	58844	153898	2.62	0	6
ptg017257l_1_region	58844	153898	2.62	0	6
ptg017259l_1	58514	278646	4.76	0	14
ptg017259l_1_region	58514	278646	4.76	0	14
ptg017263l_1	138835	436739	3.15	0	14
ptg017263l_1_region	138835	436739	3.15	0	14
ptg017264l_1	10511	46134	4.39	1	8
ptg017264l_1_region	10511	46134	4.39	1	8
ptg017266l_1	204480	745212	3.64	0	22
ptg017266l_1_region	204480	745212	3.64	0	22
ptg017267l_1	49596	217455	4.38	0	9
ptg017267l_1_region	49596	217455	4.38	0	9
ptg017268l_1	15186	48655	3.20	0	7
ptg017268l_1_region	15186	48655	3.20	0	7
ptg017272l_1	63777	225742	3.54	0	12
ptg017272l_1_region	63777	225742	3.54	0	12
ptg017279l_1	27851	103642	3.72	0	7
ptg017279l_1_region	27851	103642	3.72	0	7
ptg017280l_1	24149	72524	3.00	0	8
ptg017280l_1_region	24149	72524	3.00	0	8
ptg017282l_1	29750	115512	3.88	0	7
ptg017282l_1_region	29750	115512	3.88	0	7
ptg017284l_1	16377	85926	5.25	0	10
ptg017284l_1_region	16377	85926	5.25	0	10
ptg017285l_1	11795	53281	4.52	0	6
ptg017285l_1_region	11795	53281	4.52	0	6
ptg017290l_1	170647	747266	4.38	0	11
ptg017290l_1_region	170647	747266	4.38	0	11
ptg017296l_1	80894	343915	4.25	0	12
ptg017296l_1_region	80894	343915	4.25	0	12
ptg017300l_1	58723	496157	8.45	0	118
ptg017300l_1_region	58723	496157	8.45	0	118
ptg017304l_1	35820	201655	5.63	0	15
ptg017304l_1_region	35820	201655	5.63	0	15
ptg017308l_1	156341	790220	5.05	0	15
ptg017308l_1_region	156341	790220	5.05	0	15
ptg017309l_1	34269	68808	2.01	0	5
ptg017309l_1_region	34269	68808	2.01	0	5
ptg017310l_1	73994	485233	6.56	0	33
ptg017310l_1_region	73994	485233	6.56	0	33
ptg017316l_1	42927	342416	7.98	0	15
ptg017316l_1_region	42927	342416	7.98	0	15
ptg017317l_1	14377	28971	2.02	0	4
ptg017317l_1_region	14377	28971	2.02	0	4
ptg017320l_1	90096	457736	5.08	0	14
ptg017320l_1_region	90096	457736	5.08	0	14
ptg017321l_1	114102	380683	3.34	0	17
ptg017321l_1_region	114102	380683	3.34	0	17
ptg017324l_1	30784	101026	3.28	0	11
ptg017324l_1_region	30784	101026	3.28	0	11
ptg017325l_1	42507	166612	3.92	0	11
ptg017325l_1_region	42507	166612	3.92	0	11
ptg017326l_1	38285	113555	2.97	0	10
ptg017326l_1_region	38285	113555	2.97	0	10
ptg017330l_1	24964	60190	2.41	0	11
ptg017330l_1_region	24964	60190	2.41	0	11
ptg017333l_1	22183	69922	3.15	0	5
ptg017333l_1_region	22183	69922	3.15	0	5
ptg017336l_1	37589	221730	5.90	0	11
ptg017336l_1_region	37589	221730	5.90	0	11
ptg017337l_1	52859	207713	3.93	0	8
ptg017337l_1_region	52859	207713	3.93	0	8
ptg017339l_1	29966	210801	7.03	0	15
ptg017339l_1_region	29966	210801	7.03	0	15
ptg017343l_1	42874	61332	1.43	0	6
ptg017343l_1_region	42874	61332	1.43	0	6
ptg017345l_1	24801	31384	1.27	0	5
ptg017345l_1_region	24801	31384	1.27	0	5
ptg017348l_1	24560	25655	1.04	0	5
ptg017348l_1_region	24560	25655	1.04	0	5
ptg017353l_1	10075	36884	3.66	0	6
ptg017353l_1_region	10075	36884	3.66	0	6
ptg017356l_1	31283	71751	2.29	0	5
ptg017356l_1_region	31283	71751	2.29	0	5
ptg017357l_1	26018	59829	2.30	0	13
ptg017357l_1_region	26018	59829	2.30	0	13
ptg017359l_1	62091	391219	6.30	0	18
ptg017359l_1_region	62091	391219	6.30	0	18
ptg017360l_1	26544	115329	4.34	0	15
ptg017360l_1_region	26544	115329	4.34	0	15
ptg017361l_1	13480	71027	5.27	1	9
ptg017361l_1_region	13480	71027	5.27	1	9
ptg017362l_1	100229	385813	3.85	0	9
ptg017362l_1_region	100229	385813	3.85	0	9
ptg017363l_1	8959	30129	3.36	0	5
ptg017363l_1_region	8959	30129	3.36	0	5
ptg017364l_1	7587	10318	1.36	0	8
ptg017364l_1_region	7587	10318	1.36	0	8
ptg017367l_1	23653	124399	5.26	0	13
ptg017367l_1_region	23653	124399	5.26	0	13
ptg017370l_1	83721	219824	2.63	0	15
ptg017370l_1_region	83721	219824	2.63	0	15
ptg017371l_1	9305	11510	1.24	0	2
ptg017371l_1_region	9305	11510	1.24	0	2
ptg017374l_1	18940	37023	1.95	0	6
ptg017374l_1_region	18940	37023	1.95	0	6
ptg017375l_1	30886	201562	6.53	0	11
ptg017375l_1_region	30886	201562	6.53	0	11
ptg017376l_1	54253	84090	1.55	0	6
ptg017376l_1_region	54253	84090	1.55	0	6
ptg017377l_1	6872	32113	4.67	0	19
ptg017377l_1_region	6872	32113	4.67	0	19
ptg017378l_1	46268	235145	5.08	0	19
ptg017378l_1_region	46268	235145	5.08	0	19
ptg017379l_1	29015	62767	2.16	0	5
ptg017379l_1_region	29015	62767	2.16	0	5
ptg017381l_1	45487	197563	4.34	0	11
ptg017381l_1_region	45487	197563	4.34	0	11
ptg017385l_1	72653	370349	5.10	0	13
ptg017385l_1_region	72653	370349	5.10	0	13
ptg017386l_1	69478	267527	3.85	0	12
ptg017386l_1_region	69478	267527	3.85	0	12
ptg017387l_1	130791	601180	4.60	0	13
ptg017387l_1_region	130791	601180	4.60	0	13
ptg017388l_1	25329	55407	2.19	0	12
ptg017388l_1_region	25329	55407	2.19	0	12
ptg017398l_1	24845	39177	1.58	0	5
ptg017398l_1_region	24845	39177	1.58	0	5
ptg017407l_1	47269	146331	3.10	0	9
ptg017407l_1_region	47269	146331	3.10	0	9
ptg017408l_1	27371	17272	0.63	0	2
ptg017408l_1_region	27371	17272	0.63	0	2
ptg017409l_1	35057	127287	3.63	0	8
ptg017409l_1_region	35057	127287	3.63	0	8
ptg017410l_1	39934	198061	4.96	0	15
ptg017410l_1_region	39934	198061	4.96	0	15
ptg017411l_1	36115	153403	4.25	0	9
ptg017411l_1_region	36115	153403	4.25	0	9
ptg017412l_1	43189	186360	4.31	0	11
ptg017412l_1_region	43189	186360	4.31	0	11
ptg017416l_1	25803	50962	1.98	0	6
ptg017416l_1_region	25803	50962	1.98	0	6
ptg017424l_1	42194	161269	3.82	0	9
ptg017424l_1_region	42194	161269	3.82	0	9
ptg017426l_1	24263	91536	3.77	0	12
ptg017426l_1_region	24263	91536	3.77	0	12
ptg017428l_1	26893	55489	2.06	0	6
ptg017428l_1_region	26893	55489	2.06	0	6
ptg017430l_1	35415	147046	4.15	0	7
ptg017430l_1_region	35415	147046	4.15	0	7
ptg017431l_1	50331	180972	3.60	0	13
ptg017431l_1_region	50331	180972	3.60	0	13
ptg017432l_1	59441	131532	2.21	0	16
ptg017432l_1_region	59441	131532	2.21	0	16
ptg017434l_1	31734	121809	3.84	0	10
ptg017434l_1_region	31734	121809	3.84	0	10
ptg017436l_1	12012	35874	2.99	0	5
ptg017436l_1_region	12012	35874	2.99	0	5
ptg017437l_1	36679	119572	3.26	0	7
ptg017437l_1_region	36679	119572	3.26	0	7
ptg017438l_1	241479	1161399	4.81	0	16
ptg017438l_1_region	241479	1161399	4.81	0	16
ptg017439l_1	34483	198010	5.74	1	34
ptg017439l_1_region	34483	198010	5.74	1	34
ptg017441l_1	29603	68483	2.31	0	4
ptg017441l_1_region	29603	68483	2.31	0	4
ptg017442l_1	20571	64784	3.15	0	9
ptg017442l_1_region	20571	64784	3.15	0	9
ptg017443l_1	11816	18792	1.59	0	4
ptg017443l_1_region	11816	18792	1.59	0	4
ptg017446l_1	29643	42985	1.45	0	8
ptg017446l_1_region	29643	42985	1.45	0	8
ptg017448l_1	19131	25356	1.33	0	4
ptg017448l_1_region	19131	25356	1.33	0	4
ptg017454l_1	34369	90711	2.64	0	7
ptg017454l_1_region	34369	90711	2.64	0	7
ptg017457l_1	28956	95748	3.31	0	10
ptg017457l_1_region	28956	95748	3.31	0	10
ptg017459l_1	34038	91078	2.68	0	10
ptg017459l_1_region	34038	91078	2.68	0	10
ptg017460l_1	52854	202380	3.83	0	12
ptg017460l_1_region	52854	202380	3.83	0	12
ptg017461l_1	28387	210	0.01	0	1
ptg017461l_1_region	28387	210	0.01	0	1
ptg017463l_1	36791	107427	2.92	0	7
ptg017463l_1_region	36791	107427	2.92	0	7
ptg017464l_1	70051	241826	3.45	0	58
ptg017464l_1_region	70051	241826	3.45	0	58
ptg017469l_1	117185	522951	4.46	0	20
ptg017469l_1_region	117185	522951	4.46	0	20
ptg017470l_1	71883	334846	4.66	0	14
ptg017470l_1_region	71883	334846	4.66	0	14
ptg017474l_1	26804	75051	2.80	0	11
ptg017474l_1_region	26804	75051	2.80	0	11
ptg017475l_1	50660	216496	4.27	0	12
ptg017475l_1_region	50660	216496	4.27	0	12
ptg017482l_1	38093	89013	2.34	0	9
ptg017482l_1_region	38093	89013	2.34	0	9
ptg017486l_1	26372	29234	1.11	0	3
ptg017486l_1_region	26372	29234	1.11	0	3
ptg017489l_1	54315	210753	3.88	0	10
ptg017489l_1_region	54315	210753	3.88	0	10
ptg017490l_1	44073	76836	1.74	0	4
ptg017490l_1_region	44073	76836	1.74	0	4
ptg017491l_1	12847	37761	2.94	0	6
ptg017491l_1_region	12847	37761	2.94	0	6
ptg017495l_1	47212	193422	4.10	0	24
ptg017495l_1_region	47212	193422	4.10	0	24
ptg017496l_1	26795	106671	3.98	0	10
ptg017496l_1_region	26795	106671	3.98	0	10
ptg017499l_1	7674	51985	6.77	0	10
ptg017499l_1_region	7674	51985	6.77	0	10
ptg017503l_1	26384	93941	3.56	0	9
ptg017503l_1_region	26384	93941	3.56	0	9
ptg017505l_1	57599	248479	4.31	0	11
ptg017505l_1_region	57599	248479	4.31	0	11
ptg017506l_1	37830	155130	4.10	0	13
ptg017506l_1_region	37830	155130	4.10	0	13
ptg017507l_1	12375	1199	0.10	0	1
ptg017507l_1_region	12375	1199	0.10	0	1
ptg017508l_1	40232	182196	4.53	0	14
ptg017508l_1_region	40232	182196	4.53	0	14
ptg017514l_1	47028	78505	1.67	0	6
ptg017514l_1_region	47028	78505	1.67	0	6
ptg017516l_1	28537	99585	3.49	0	22
ptg017516l_1_region	28537	99585	3.49	0	22
ptg017517l_1	39405	70973	1.80	0	9
ptg017517l_1_region	39405	70973	1.80	0	9
ptg017530l_1	35092	46002	1.31	0	3
ptg017530l_1_region	35092	46002	1.31	0	3
ptg017533l_1	43657	190794	4.37	0	20
ptg017533l_1_region	43657	190794	4.37	0	20
ptg017534l_1	75036	271013	3.61	0	13
ptg017534l_1_region	75036	271013	3.61	0	13
ptg017536l_1	28318	77043	2.72	0	17
ptg017536l_1_region	28318	77043	2.72	0	17
ptg017537l_1	24601	114396	4.65	0	18
ptg017537l_1_region	24601	114396	4.65	0	18
ptg017538l_1	92577	666034	7.19	0	24
ptg017538l_1_region	92577	666034	7.19	0	24
ptg017539l_1	36677	112734	3.07	0	12
ptg017539l_1_region	36677	112734	3.07	0	12
ptg017540l_1	14022	10480	0.75	0	5
ptg017540l_1_region	14022	10480	0.75	0	5
ptg017541l_1	19940	93579	4.69	0	13
ptg017541l_1_region	19940	93579	4.69	0	13
ptg017542l_1	13701	30648	2.24	0	4
ptg017542l_1_region	13701	30648	2.24	0	4
ptg017544l_1	83053	331264	3.99	0	18
ptg017544l_1_region	83053	331264	3.99	0	18
ptg017545l_1	33803	97658	2.89	0	7
ptg017545l_1_region	33803	97658	2.89	0	7
ptg017548l_1	25444	75636	2.97	0	7
ptg017548l_1_region	25444	75636	2.97	0	7
ptg017549l_1	20532	51713	2.52	0	7
ptg017549l_1_region	20532	51713	2.52	0	7
ptg017552l_1	76649	36665	0.48	0	4
ptg017552l_1_region	76649	36665	0.48	0	4
ptg017553l_1	15706	4464312	284.24	6	562
ptg017553l_1_region	15706	4464312	284.24	6	562
ptg017555l_1	229141	1038357	4.53	0	35
ptg017555l_1_region	229141	1038357	4.53	0	35
ptg017558l_1	34113	117596	3.45	0	10
ptg017558l_1_region	34113	117596	3.45	0	10
ptg017559l_1	26090	81210	3.11	0	6
ptg017559l_1_region	26090	81210	3.11	0	6
ptg017562l_1	21114	66358	3.14	0	8
ptg017562l_1_region	21114	66358	3.14	0	8
ptg017564l_1	23026	38971	1.69	0	5
ptg017564l_1_region	23026	38971	1.69	0	5
ptg017568l_1	35394	88772	2.51	0	9
ptg017568l_1_region	35394	88772	2.51	0	9
ptg017574l_1	45443	115324	2.54	0	8
ptg017574l_1_region	45443	115324	2.54	0	8
ptg017575l_1	85607	270817	3.16	0	11
ptg017575l_1_region	85607	270817	3.16	0	11
ptg017577l_1	51719	196734	3.80	0	12
ptg017577l_1_region	51719	196734	3.80	0	12
ptg017578l_1	29926	92661	3.10	0	11
ptg017578l_1_region	29926	92661	3.10	0	11
ptg017579l_1	15046	38891	2.58	0	5
ptg017579l_1_region	15046	38891	2.58	0	5
ptg017581l_1	12696	37276	2.94	0	5
ptg017581l_1_region	12696	37276	2.94	0	5
ptg017584l_1	1012779	5448952	5.38	0	20
ptg017584l_1_region	1012779	5448952	5.38	0	20
ptg017586l_1	99011	397884	4.02	0	11
ptg017586l_1_region	99011	397884	4.02	0	11
ptg017588l_1	47227	270743	5.73	0	15
ptg017588l_1_region	47227	270743	5.73	0	15
ptg017590l_1	37823	120588	3.19	0	7
ptg017590l_1_region	37823	120588	3.19	0	7
ptg017591l_1	26092	2781	0.11	0	1
ptg017591l_1_region	26092	2781	0.11	0	1
ptg017593l_1	39352	58305	1.48	0	6
ptg017593l_1_region	39352	58305	1.48	0	6
ptg017595l_1	17787	118786	6.68	0	29
ptg017595l_1_region	17787	118786	6.68	0	29
ptg017597l_1	37966	200993	5.29	0	13
ptg017597l_1_region	37966	200993	5.29	0	13
ptg017601l_1	64034	298511	4.66	0	10
ptg017601l_1_region	64034	298511	4.66	0	10
ptg017602l_1	64444	174634	2.71	0	11
ptg017602l_1_region	64444	174634	2.71	0	11
ptg017607l_1	37947	115852	3.05	0	7
ptg017607l_1_region	37947	115852	3.05	0	7
ptg017609l_1	15495	10384	0.67	0	3
ptg017609l_1_region	15495	10384	0.67	0	3
ptg017610l_1	131411	1573405	11.97	0	68
ptg017610l_1_region	131411	1573405	11.97	0	68
ptg017613l_1	26788	93675	3.50	0	6
ptg017613l_1_region	26788	93675	3.50	0	6
ptg017617l_1	31427	123398	3.93	0	10
ptg017617l_1_region	31427	123398	3.93	0	10
ptg017619l_1	20063	126591	6.31	0	28
ptg017619l_1_region	20063	126591	6.31	0	28
ptg017624l_1	26059	55444	2.13	0	13
ptg017624l_1_region	26059	55444	2.13	0	13
ptg017625l_1	11576	5760	0.50	0	1
ptg017625l_1_region	11576	5760	0.50	0	1
ptg017629l_1	20387	52681	2.58	0	5
ptg017629l_1_region	20387	52681	2.58	0	5
ptg017630l_1	22533	31139	1.38	0	5
ptg017630l_1_region	22533	31139	1.38	0	5
ptg017631l_1	54835	71791	1.31	0	7
ptg017631l_1_region	54835	71791	1.31	0	7
ptg017634l_1	25320	61295	2.42	0	6
ptg017634l_1_region	25320	61295	2.42	0	6
ptg017638l_1	25708	91598	3.56	0	8
ptg017638l_1_region	25708	91598	3.56	0	8
ptg017639l_1	7630	12177	1.60	0	4
ptg017639l_1_region	7630	12177	1.60	0	4
ptg017642l_1	27552	297904	10.81	0	40
ptg017642l_1_region	27552	297904	10.81	0	40
ptg017645l_1	18665	30990	1.66	0	4
ptg017645l_1_region	18665	30990	1.66	0	4
ptg017647l_1	15731	81011	5.15	0	20
ptg017647l_1_region	15731	81011	5.15	0	20
ptg017652l_1	22437	102393	4.56	0	8
ptg017652l_1_region	22437	102393	4.56	0	8
ptg017654l_1	19444	48307	2.48	0	8
ptg017654l_1_region	19444	48307	2.48	0	8
ptg017655l_1	22278	279282	12.54	0	43
ptg017655l_1_region	22278	279282	12.54	0	43
ptg017657l_1	42371	123578	2.92	0	6
ptg017657l_1_region	42371	123578	2.92	0	6
ptg017664l_1	20033	117304	5.86	0	20
ptg017664l_1_region	20033	117304	5.86	0	20
ptg017665l_1	24874	52898	2.13	0	7
ptg017665l_1_region	24874	52898	2.13	0	7
ptg017666l_1	46549	185863	3.99	0	11
ptg017666l_1_region	46549	185863	3.99	0	11
ptg017667l_1	43544	79229	1.82	0	7
ptg017667l_1_region	43544	79229	1.82	0	7
ptg017668l_1	33843	106907	3.16	0	8
ptg017668l_1_region	33843	106907	3.16	0	8
ptg017670l_1	32353	72910	2.25	0	6
ptg017670l_1_region	32353	72910	2.25	0	6
ptg017673l_1	40765	151398	3.71	0	8
ptg017673l_1_region	40765	151398	3.71	0	8
ptg017675l_1	125037	722203	5.78	0	35
ptg017675l_1_region	125037	722203	5.78	0	35
ptg017676l_1	25753	73974	2.87	0	8
ptg017676l_1_region	25753	73974	2.87	0	8
ptg017678l_1	41475	174549	4.21	0	18
ptg017678l_1_region	41475	174549	4.21	0	18
ptg017679l_1	35453	116220	3.28	0	9
ptg017679l_1_region	35453	116220	3.28	0	9
ptg017681l_1	8788	1530	0.17	0	2
ptg017681l_1_region	8788	1530	0.17	0	2
ptg017689l_1	27064	107319	3.97	0	9
ptg017689l_1_region	27064	107319	3.97	0	9
ptg017691l_1	31992	79017	2.47	0	6
ptg017691l_1_region	31992	79017	2.47	0	6
ptg017693l_1	38600	147222	3.81	0	11
ptg017693l_1_region	38600	147222	3.81	0	11
ptg017694l_1	426073	1739548	4.08	0	16
ptg017694l_1_region	426073	1739548	4.08	0	16
ptg017695l_1	15337	13362	0.87	0	3
ptg017695l_1_region	15337	13362	0.87	0	3
ptg017696l_1	51512	302501	5.87	0	15
ptg017696l_1_region	51512	302501	5.87	0	15
ptg017697l_1	31167	87685	2.81	0	7
ptg017697l_1_region	31167	87685	2.81	0	7
ptg017698l_1	48315	145570	3.01	0	9
ptg017698l_1_region	48315	145570	3.01	0	9
ptg017699l_1	26972	16885	0.63	0	6
ptg017699l_1_region	26972	16885	0.63	0	6
ptg017700l_1	30977	62704	2.02	0	8
ptg017700l_1_region	30977	62704	2.02	0	8
ptg017702l_1	73230	502193	6.86	0	21
ptg017702l_1_region	73230	502193	6.86	0	21
ptg017705l_1	34768	14746	0.42	0	2
ptg017705l_1_region	34768	14746	0.42	0	2
ptg017706l_1	20618	63104	3.06	0	7
ptg017706l_1_region	20618	63104	3.06	0	7
ptg017707l_1	23959	64521	2.69	0	8
ptg017707l_1_region	23959	64521	2.69	0	8
ptg017709l_1	19051	78197	4.10	0	9
ptg017709l_1_region	19051	78197	4.10	0	9
ptg017710l_1	18195	30021	1.65	0	5
ptg017710l_1_region	18195	30021	1.65	0	5
ptg017711l_1	53691	231412	4.31	0	23
ptg017711l_1_region	53691	231412	4.31	0	23
ptg017717l_1	27415	97931	3.57	0	6
ptg017717l_1_region	27415	97931	3.57	0	6
ptg017718l_1	25225	76828	3.05	0	8
ptg017718l_1_region	25225	76828	3.05	0	8
ptg017721l_1	32593	314633	9.65	0	16
ptg017721l_1_region	32593	314633	9.65	0	16
ptg017728l_1	8493	11600	1.37	0	3
ptg017728l_1_region	8493	11600	1.37	0	3
ptg017729l_1	42554	66444	1.56	0	5
ptg017729l_1_region	42554	66444	1.56	0	5
ptg017731l_1	16587	10220	0.62	0	3
ptg017731l_1_region	16587	10220	0.62	0	3
ptg017732l_1	24653	134687	5.46	0	13
ptg017732l_1_region	24653	134687	5.46	0	13
ptg017736l_1	65761	191244	2.91	0	12
ptg017736l_1_region	65761	191244	2.91	0	12
ptg017738l_1	17370	46175	2.66	0	5
ptg017738l_1_region	17370	46175	2.66	0	5
ptg017741l_1	77736	457107	5.88	0	14
ptg017741l_1_region	77736	457107	5.88	0	14
ptg017742l_1	26536	144881	5.46	0	9
ptg017742l_1_region	26536	144881	5.46	0	9
ptg017744l_1	29765	82004	2.76	0	9
ptg017744l_1_region	29765	82004	2.76	0	9
ptg017745l_1	41882	193999	4.63	0	12
ptg017745l_1_region	41882	193999	4.63	0	12
ptg017746l_1	24526	47088	1.92	0	6
ptg017746l_1_region	24526	47088	1.92	0	6
ptg017747l_1	50054	268290	5.36	0	9
ptg017747l_1_region	50054	268290	5.36	0	9
ptg017748l_1	30221	117801	3.90	0	9
ptg017748l_1_region	30221	117801	3.90	0	9
ptg017749l_1	23244	101187	4.35	0	8
ptg017749l_1_region	23244	101187	4.35	0	8
ptg017751l_1	20721	85260	4.11	0	10
ptg017751l_1_region	20721	85260	4.11	0	10
ptg017760l_1	34372	61851	1.80	0	5
ptg017760l_1_region	34372	61851	1.80	0	5
ptg017761l_1	35340	163917	4.64	0	14
ptg017761l_1_region	35340	163917	4.64	0	14
ptg017764l_1	70490	226100	3.21	0	9
ptg017764l_1_region	70490	226100	3.21	0	9
ptg017765l_1	39289	99007	2.52	0	9
ptg017765l_1_region	39289	99007	2.52	0	9
ptg017766l_1	17874	40119	2.24	0	5
ptg017766l_1_region	17874	40119	2.24	0	5
ptg017767l_1	111766	463382	4.15	0	10
ptg017767l_1_region	111766	463382	4.15	0	10
ptg017770l_1	46613	296548	6.36	0	17
ptg017770l_1_region	46613	296548	6.36	0	17
ptg017772l_1	17396	16753	0.96	0	3
ptg017772l_1_region	17396	16753	0.96	0	3
ptg017773l_1	183024	1884626	10.30	0	56
ptg017773l_1_region	183024	1884626	10.30	0	56
ptg017775l_1	12503	16002	1.28	0	2
ptg017775l_1_region	12503	16002	1.28	0	2
ptg017777l_1	37998	124529	3.28	0	11
ptg017777l_1_region	37998	124529	3.28	0	11
ptg017778l_1	15864	66417	4.19	0	7
ptg017778l_1_region	15864	66417	4.19	0	7
ptg017779l_1	78213	273035	3.49	0	21
ptg017779l_1_region	78213	273035	3.49	0	21
ptg017780l_1	42983	189220	4.40	0	11
ptg017780l_1_region	42983	189220	4.40	0	11
ptg017782l_1	20413	17537	0.86	0	6
ptg017782l_1_region	20413	17537	0.86	0	6
ptg017785l_1	24814	79482	3.20	0	11
ptg017785l_1_region	24814	79482	3.20	0	11
ptg017788l_1	20742	51948	2.50	0	5
ptg017788l_1_region	20742	51948	2.50	0	5
ptg017789l_1	48642	138239	2.84	0	15
ptg017789l_1_region	48642	138239	2.84	0	15
ptg017791c_1	6671	4151	0.62	0	5
ptg017791c_1_region	6671	4151	0.62	0	5
ptg017792l_1	35299	79058	2.24	0	8
ptg017792l_1_region	35299	79058	2.24	0	8
ptg017793l_1	11480	2516	0.22	0	1
ptg017793l_1_region	11480	2516	0.22	0	1
ptg017794l_1	139631	655009	4.69	0	12
ptg017794l_1_region	139631	655009	4.69	0	12
ptg017795l_1	32970	120658	3.66	0	12
ptg017795l_1_region	32970	120658	3.66	0	12
ptg017797l_1	33825	191147	5.65	0	11
ptg017797l_1_region	33825	191147	5.65	0	11
ptg017798l_1	31735	40837	1.29	0	6
ptg017798l_1_region	31735	40837	1.29	0	6
ptg017800l_1	50815	185383	3.65	0	11
ptg017800l_1_region	50815	185383	3.65	0	11
ptg017802l_1	16361	27824	1.70	0	9
ptg017802l_1_region	16361	27824	1.70	0	9
ptg017803l_1	86343	447796	5.19	0	15
ptg017803l_1_region	86343	447796	5.19	0	15
ptg017804l_1	50878	211225	4.15	0	10
ptg017804l_1_region	50878	211225	4.15	0	10
ptg017806l_1	33089	187873	5.68	0	19
ptg017806l_1_region	33089	187873	5.68	0	19
ptg017807l_1	53895	160028	2.97	0	10
ptg017807l_1_region	53895	160028	2.97	0	10
ptg017812l_1	20486	126069	6.15	0	12
ptg017812l_1_region	20486	126069	6.15	0	12
ptg017813l_1	29488	137787	4.67	0	10
ptg017813l_1_region	29488	137787	4.67	0	10
ptg017817l_1	38257	108732	2.84	0	11
ptg017817l_1_region	38257	108732	2.84	0	11
ptg017821l_1	10244	20519	2.00	0	8
ptg017821l_1_region	10244	20519	2.00	0	8
ptg017822l_1	51650	369360	7.15	0	28
ptg017822l_1_region	51650	369360	7.15	0	28
ptg017824l_1	34205	125005	3.65	0	50
ptg017824l_1_region	34205	125005	3.65	0	50
ptg017827l_1	26867	72391	2.69	0	7
ptg017827l_1_region	26867	72391	2.69	0	7
ptg017833l_1	24621	180714	7.34	1	22
ptg017833l_1_region	24621	180714	7.34	1	22
ptg017834l_1	21182	97823	4.62	0	12
ptg017834l_1_region	21182	97823	4.62	0	12
ptg017836l_1	15514	10425	0.67	0	3
ptg017836l_1_region	15514	10425	0.67	0	3
ptg017839l_1	35906	72850	2.03	0	5
ptg017839l_1_region	35906	72850	2.03	0	5
ptg017842l_1	46358	181183	3.91	0	14
ptg017842l_1_region	46358	181183	3.91	0	14
ptg017846l_1	42224	201568	4.77	0	10
ptg017846l_1_region	42224	201568	4.77	0	10
ptg017847l_1	35145	67783	1.93	0	7
ptg017847l_1_region	35145	67783	1.93	0	7
ptg017848l_1	12198	48113	3.94	0	8
ptg017848l_1_region	12198	48113	3.94	0	8
ptg017851l_1	70734	260029	3.68	0	14
ptg017851l_1_region	70734	260029	3.68	0	14
ptg017853l_1	22428	56674	2.53	0	5
ptg017853l_1_region	22428	56674	2.53	0	5
ptg017854l_1	79973	559698	7.00	0	31
ptg017854l_1_region	79973	559698	7.00	0	31
ptg017861l_1	64315	272911	4.24	0	14
ptg017861l_1_region	64315	272911	4.24	0	14
ptg017862l_1	38174	112466	2.95	0	6
ptg017862l_1_region	38174	112466	2.95	0	6
ptg017864l_1	15148	26773	1.77	0	4
ptg017864l_1_region	15148	26773	1.77	0	4
ptg017865l_1	10432	28549	2.74	0	4
ptg017865l_1_region	10432	28549	2.74	0	4
ptg017866l_1	59519	175373	2.95	0	9
ptg017866l_1_region	59519	175373	2.95	0	9
ptg017868l_1	53727	72993	1.36	0	4
ptg017868l_1_region	53727	72993	1.36	0	4
ptg017873l_1	18298	34797	1.90	0	4
ptg017873l_1_region	18298	34797	1.90	0	4
ptg017876l_1	73707	188565	2.56	0	11
ptg017876l_1_region	73707	188565	2.56	0	11
ptg017878l_1	50053	248897	4.97	0	11
ptg017878l_1_region	50053	248897	4.97	0	11
ptg017881l_1	28676	178196	6.21	0	15
ptg017881l_1_region	28676	178196	6.21	0	15
ptg017885l_1	30390	104023	3.42	0	10
ptg017885l_1_region	30390	104023	3.42	0	10
ptg017888l_1	27084	155364	5.74	0	14
ptg017888l_1_region	27084	155364	5.74	0	14
ptg017889l_1	73581	261660	3.56	0	10
ptg017889l_1_region	73581	261660	3.56	0	10
ptg017890l_1	65403	178817	2.73	0	12
ptg017890l_1_region	65403	178817	2.73	0	12
ptg017891l_1	36080	69720	1.93	0	6
ptg017891l_1_region	36080	69720	1.93	0	6
ptg017892l_1	23528	51902	2.21	0	7
ptg017892l_1_region	23528	51902	2.21	0	7
ptg017897l_1	12109	193513	15.98	5	31
ptg017897l_1_region	12109	193513	15.98	5	31
ptg017901l_1	319113	1633390	5.12	0	17
ptg017901l_1_region	319113	1633390	5.12	0	17
ptg017910l_1	12916	16400	1.27	0	3
ptg017910l_1_region	12916	16400	1.27	0	3
ptg017911l_1	29342	122210	4.17	0	10
ptg017911l_1_region	29342	122210	4.17	0	10
ptg017915l_1	85426	372889	4.37	0	16
ptg017915l_1_region	85426	372889	4.37	0	16
ptg017916l_1	38100	102739	2.70	0	6
ptg017916l_1_region	38100	102739	2.70	0	6
ptg017918l_1	23623	59084	2.50	0	7
ptg017918l_1_region	23623	59084	2.50	0	7
ptg017920l_1	16139	11927	0.74	0	7
ptg017920l_1_region	16139	11927	0.74	0	7
ptg017921l_1	37857	157036	4.15	0	13
ptg017921l_1_region	37857	157036	4.15	0	13
ptg017922l_1	18420	64272	3.49	0	11
ptg017922l_1_region	18420	64272	3.49	0	11
ptg017924l_1	33265	173169	5.21	0	10
ptg017924l_1_region	33265	173169	5.21	0	10
ptg017925l_1	57764	378310	6.55	0	24
ptg017925l_1_region	57764	378310	6.55	0	24
ptg017927l_1	26766	183902	6.87	0	14
ptg017927l_1_region	26766	183902	6.87	0	14
ptg017930l_1	34948	201581	5.77	0	14
ptg017930l_1_region	34948	201581	5.77	0	14
ptg017932l_1	25216	243671	9.66	0	57
ptg017932l_1_region	25216	243671	9.66	0	57
ptg017933l_1	88222	374918	4.25	0	13
ptg017933l_1_region	88222	374918	4.25	0	13
ptg017934l_1	71078	195330	2.75	0	9
ptg017934l_1_region	71078	195330	2.75	0	9
ptg017935l_1	119512	944065	7.90	0	25
ptg017935l_1_region	119512	944065	7.90	0	25
ptg017936l_1	23357	45628	1.95	0	4
ptg017936l_1_region	23357	45628	1.95	0	4
ptg017937l_1	28694	104273	3.63	0	11
ptg017937l_1_region	28694	104273	3.63	0	11
ptg017942l_1	21444	66357	3.09	0	6
ptg017942l_1_region	21444	66357	3.09	0	6
ptg017952l_1	10057	6624	0.66	0	3
ptg017952l_1_region	10057	6624	0.66	0	3
ptg017956l_1	68309	10988	0.16	0	1
ptg017956l_1_region	68309	10988	0.16	0	1
ptg017966l_1	23922	6288	0.26	0	1
ptg017966l_1_region	23922	6288	0.26	0	1
ptg017970l_1	33595	86321	2.57	0	6
ptg017970l_1_region	33595	86321	2.57	0	6
ptg017972l_1	62813	430780	6.86	0	19
ptg017972l_1_region	62813	430780	6.86	0	19
ptg017975l_1	29713	10878	0.37	0	1
ptg017975l_1_region	29713	10878	0.37	0	1
ptg017976l_1	32949	2418	0.07	0	1
ptg017976l_1_region	32949	2418	0.07	0	1
ptg017979l_1	78089	318108	4.07	0	19
ptg017979l_1_region	78089	318108	4.07	0	19
ptg017980l_1	24444	32459	1.33	0	3
ptg017980l_1_region	24444	32459	1.33	0	3
ptg017981l_1	46330	122738	2.65	0	7
ptg017981l_1_region	46330	122738	2.65	0	7
ptg017983l_1	10656	32120	3.01	0	27
ptg017983l_1_region	10656	32120	3.01	0	27
ptg017985l_1	8643	29428	3.40	0	5
ptg017985l_1_region	8643	29428	3.40	0	5
ptg017986l_1	73367	235878	3.22	0	11
ptg017986l_1_region	73367	235878	3.22	0	11
ptg017987l_1	35600	107854	3.03	0	5
ptg017987l_1_region	35600	107854	3.03	0	5
ptg017991l_1	53556	752647	14.05	0	29
ptg017991l_1_region	53556	752647	14.05	0	29
ptg017992l_1	15086	29052	1.93	0	5
ptg017992l_1_region	15086	29052	1.93	0	5
ptg017997l_1	68640	257573	3.75	0	9
ptg017997l_1_region	68640	257573	3.75	0	9
ptg018000l_1	108058	522491	4.84	0	59
ptg018000l_1_region	108058	522491	4.84	0	59
ptg018002l_1	56113	362219	6.46	0	112
ptg018002l_1_region	56113	362219	6.46	0	112
ptg018008l_1	49669	357006	7.19	0	18
ptg018008l_1_region	49669	357006	7.19	0	18
ptg018015l_1	129919	537	0.00	0	1
ptg018015l_1_region	129919	537	0.00	0	1
ptg018017l_1	106650	410974	3.85	0	8
ptg018017l_1_region	106650	410974	3.85	0	8
ptg018018l_1	35688	165529	4.64	0	17
ptg018018l_1_region	35688	165529	4.64	0	17
ptg018019l_1	191484	814078	4.25	0	31
ptg018019l_1_region	191484	814078	4.25	0	31
ptg018020l_1	33070	185664	5.61	0	17
ptg018020l_1_region	33070	185664	5.61	0	17
ptg018021l_1	18413	40321	2.19	0	6
ptg018021l_1_region	18413	40321	2.19	0	6
ptg018027l_1	210349	1717834	8.17	0	59
ptg018027l_1_region	210349	1717834	8.17	0	59
ptg018030l_1	17360	118348	6.82	0	51
ptg018030l_1_region	17360	118348	6.82	0	51
ptg018032l_1	62131	93920	1.51	0	5
ptg018032l_1_region	62131	93920	1.51	0	5
ptg018033l_1	16267	52467	3.23	0	6
ptg018033l_1_region	16267	52467	3.23	0	6
ptg018034l_1	30928	124442	4.02	0	30
ptg018034l_1_region	30928	124442	4.02	0	30
ptg018035l_1	10846	39165	3.61	0	10
ptg018035l_1_region	10846	39165	3.61	0	10
ptg018036l_1	20578	117483	5.71	0	15
ptg018036l_1_region	20578	117483	5.71	0	15
ptg018041l_1	104921	383439	3.65	0	14
ptg018041l_1_region	104921	383439	3.65	0	14
ptg018042l_1	39350	133443	3.39	0	8
ptg018042l_1_region	39350	133443	3.39	0	8
ptg018045l_1	32269	65224	2.02	0	7
ptg018045l_1_region	32269	65224	2.02	0	7
ptg018046l_1	29794	170035	5.71	0	15
ptg018046l_1_region	29794	170035	5.71	0	15
ptg018049l_1	16513	26474	1.60	0	3
ptg018049l_1_region	16513	26474	1.60	0	3
ptg018050l_1	31812	353776	11.12	0	47
ptg018050l_1_region	31812	353776	11.12	0	47
ptg018052l_1	16303	87866	5.39	0	10
ptg018052l_1_region	16303	87866	5.39	0	10
ptg018053l_1	44895	112189	2.50	0	9
ptg018053l_1_region	44895	112189	2.50	0	9
ptg018058l_1	67705	254170	3.75	0	13
ptg018058l_1_region	67705	254170	3.75	0	13
ptg018061l_1	19705	82855	4.20	0	9
ptg018061l_1_region	19705	82855	4.20	0	9
ptg018062l_1	15662	31446	2.01	0	6
ptg018062l_1_region	15662	31446	2.01	0	6
ptg018063l_1	26247	93846	3.58	0	11
ptg018063l_1_region	26247	93846	3.58	0	11
ptg018064l_1	36927	94966	2.57	0	8
ptg018064l_1_region	36927	94966	2.57	0	8
ptg018067l_1	113132	6640022	58.69	0	403
ptg018067l_1_region	113132	6640022	58.69	0	403
ptg018068l_1	33000	98488	2.98	0	9
ptg018068l_1_region	33000	98488	2.98	0	9
ptg018071l_1	24617	115827	4.71	0	15
ptg018071l_1_region	24617	115827	4.71	0	15
ptg018073l_1	27955	80833	2.89	0	11
ptg018073l_1_region	27955	80833	2.89	0	11
ptg018077l_1	59398	202406	3.41	0	11
ptg018077l_1_region	59398	202406	3.41	0	11
ptg018078l_1	30576	57731	1.89	0	7
ptg018078l_1_region	30576	57731	1.89	0	7
ptg018080l_1	13242	22143	1.67	0	4
ptg018080l_1_region	13242	22143	1.67	0	4
ptg018081l_1	43867	179809	4.10	0	13
ptg018081l_1_region	43867	179809	4.10	0	13
ptg018082l_1	13086	4781	0.37	0	1
ptg018082l_1_region	13086	4781	0.37	0	1
ptg018083l_1	24784	32478	1.31	0	4
ptg018083l_1_region	24784	32478	1.31	0	4
ptg018086l_1	20133	96980	4.82	0	11
ptg018086l_1_region	20133	96980	4.82	0	11
ptg018087l_1	13482	8911	0.66	0	2
ptg018087l_1_region	13482	8911	0.66	0	2
ptg018092l_1	17731	76757	4.33	0	9
ptg018092l_1_region	17731	76757	4.33	0	9
ptg018093l_1	10987	159453	14.51	0	28
ptg018093l_1_region	10987	159453	14.51	0	28
ptg018094l_1	53495	205764	3.85	0	10
ptg018094l_1_region	53495	205764	3.85	0	10
ptg018097l_1	42816	276539	6.46	0	18
ptg018097l_1_region	42816	276539	6.46	0	18
ptg018099l_1	65537	197655	3.02	0	20
ptg018099l_1_region	65537	197655	3.02	0	20
ptg018100l_1	60163	268824	4.47	0	22
ptg018100l_1_region	60163	268824	4.47	0	22
ptg018102l_1	46441	176108	3.79	0	8
ptg018102l_1_region	46441	176108	3.79	0	8
ptg018103l_1	14888	18760	1.26	0	3
ptg018103l_1_region	14888	18760	1.26	0	3
ptg018104l_1	51965	75175	1.45	0	4
ptg018104l_1_region	51965	75175	1.45	0	4
ptg018105l_1	35594	96445	2.71	0	35
ptg018105l_1_region	35594	96445	2.71	0	35
ptg018108l_1	41085	48036	1.17	0	5
ptg018108l_1_region	41085	48036	1.17	0	5
ptg018109l_1	107829	341562	3.17	0	18
ptg018109l_1_region	107829	341562	3.17	0	18
ptg018114l_1	140472	1074751	7.65	0	30
ptg018114l_1_region	140472	1074751	7.65	0	30
ptg018117l_1	23485	78193	3.33	0	9
ptg018117l_1_region	23485	78193	3.33	0	9
ptg018119l_1	79105	426672	5.39	0	11
ptg018119l_1_region	79105	426672	5.39	0	11
ptg018123l_1	52471	133629	2.55	0	9
ptg018123l_1_region	52471	133629	2.55	0	9
ptg018129l_1	20641	45764	2.22	0	6
ptg018129l_1_region	20641	45764	2.22	0	6
ptg018135l_1	32617	76375	2.34	0	6
ptg018135l_1_region	32617	76375	2.34	0	6
ptg018136l_1	87361	357847	4.10	0	15
ptg018136l_1_region	87361	357847	4.10	0	15
ptg018141l_1	20352	50634	2.49	0	6
ptg018141l_1_region	20352	50634	2.49	0	6
ptg018146l_1	26662	74157	2.78	0	5
ptg018146l_1_region	26662	74157	2.78	0	5
ptg018148l_1	22242	243970	10.97	0	19
ptg018148l_1_region	22242	243970	10.97	0	19
ptg018150l_1	13616	16615	1.22	0	3
ptg018150l_1_region	13616	16615	1.22	0	3
ptg018152l_1	13403	27027	2.02	0	4
ptg018152l_1_region	13403	27027	2.02	0	4
ptg018153l_1	119571	165793	1.39	0	9
ptg018153l_1_region	119571	165793	1.39	0	9
ptg018169l_1	15705	1121212	71.39	1	132
ptg018169l_1_region	15705	1121212	71.39	1	132
ptg018170l_1	50419	84904	1.68	0	8
ptg018170l_1_region	50419	84904	1.68	0	8
ptg018171l_1	22323	31578	1.41	0	3
ptg018171l_1_region	22323	31578	1.41	0	3
ptg018172l_1	72439	354022	4.89	0	18
ptg018172l_1_region	72439	354022	4.89	0	18
ptg018174l_1	37987	79658	2.10	0	4
ptg018174l_1_region	37987	79658	2.10	0	4
ptg018182l_1	38692	48042	1.24	0	7
ptg018182l_1_region	38692	48042	1.24	0	7
ptg018183l_1	25049	68749	2.74	0	11
ptg018183l_1_region	25049	68749	2.74	0	11
ptg018186l_1	54927	209327	3.81	0	15
ptg018186l_1_region	54927	209327	3.81	0	15
ptg018187l_1	19740	87719	4.44	0	8
ptg018187l_1_region	19740	87719	4.44	0	8
ptg018188l_1	48333	159809	3.31	0	9
ptg018188l_1_region	48333	159809	3.31	0	9
ptg018189l_1	80781	308034	3.81	0	10
ptg018189l_1_region	80781	308034	3.81	0	10
ptg018191l_1	78693	310196	3.94	0	10
ptg018191l_1_region	78693	310196	3.94	0	10
ptg018194l_1	35208	173368	4.92	0	11
ptg018194l_1_region	35208	173368	4.92	0	11
ptg018196l_1	30578	150785	4.93	0	12
ptg018196l_1_region	30578	150785	4.93	0	12
ptg018201l_1	29796	299246	10.04	0	59
ptg018201l_1_region	29796	299246	10.04	0	59
ptg018203l_1	23863	99764	4.18	1	13
ptg018203l_1_region	23863	99764	4.18	1	13
ptg018205l_1	19766	84742	4.29	0	13
ptg018205l_1_region	19766	84742	4.29	0	13
ptg018207l_1	22980	24871	1.08	0	4
ptg018207l_1_region	22980	24871	1.08	0	4
ptg018209l_1	37809	63137	1.67	0	4
ptg018209l_1_region	37809	63137	1.67	0	4
ptg018210l_1	67248	461451	6.86	0	20
ptg018210l_1_region	67248	461451	6.86	0	20
ptg018211l_1	36543	145285	3.98	0	11
ptg018211l_1_region	36543	145285	3.98	0	11
ptg018212l_1	44692	95256	2.13	0	7
ptg018212l_1_region	44692	95256	2.13	0	7
ptg018213l_1	51350	136988	2.67	0	7
ptg018213l_1_region	51350	136988	2.67	0	7
ptg018214l_1	45178	93274	2.06	0	7
ptg018214l_1_region	45178	93274	2.06	0	7
ptg018218l_1	30938	95526	3.09	0	8
ptg018218l_1_region	30938	95526	3.09	0	8
ptg018219l_1	25511	82722	3.24	0	7
ptg018219l_1_region	25511	82722	3.24	0	7
ptg018220l_1	14718	41599	2.83	0	4
ptg018220l_1_region	14718	41599	2.83	0	4
ptg018223l_1	40205	116485	2.90	0	9
ptg018223l_1_region	40205	116485	2.90	0	9
ptg018227l_1	15530	74441	4.79	0	30
ptg018227l_1_region	15530	74441	4.79	0	30
ptg018232l_1	66872	195537	2.92	0	11
ptg018232l_1_region	66872	195537	2.92	0	11
ptg018233l_1	26791	73140	2.73	0	6
ptg018233l_1_region	26791	73140	2.73	0	6
ptg018238l_1	37076	12174	0.33	0	2
ptg018238l_1_region	37076	12174	0.33	0	2
ptg018239l_1	80689	465651	5.77	0	12
ptg018239l_1_region	80689	465651	5.77	0	12
ptg018241l_1	28132	62684	2.23	0	8
ptg018241l_1_region	28132	62684	2.23	0	8
ptg018245l_1	37237	185100	4.97	0	9
ptg018245l_1_region	37237	185100	4.97	0	9
ptg018246l_1	54638	181862	3.33	0	9
ptg018246l_1_region	54638	181862	3.33	0	9
ptg018247l_1	9669	10136	1.05	0	5
ptg018247l_1_region	9669	10136	1.05	0	5
ptg018249l_1	17666	35535	2.01	0	5
ptg018249l_1_region	17666	35535	2.01	0	5
ptg018253l_1	15103	16565	1.10	0	3
ptg018253l_1_region	15103	16565	1.10	0	3
ptg018254l_1	38037	86902	2.28	0	6
ptg018254l_1_region	38037	86902	2.28	0	6
ptg018256l_1	33528	33200	0.99	0	11
ptg018256l_1_region	33528	33200	0.99	0	11
ptg018258l_1	37727	75097	1.99	0	5
ptg018258l_1_region	37727	75097	1.99	0	5
ptg018267l_1	19899	111341	5.60	0	12
ptg018267l_1_region	19899	111341	5.60	0	12
ptg018268l_1	35482	316509	8.92	0	16
ptg018268l_1_region	35482	316509	8.92	0	16
ptg018269l_1	23089	18957	0.82	0	3
ptg018269l_1_region	23089	18957	0.82	0	3
ptg018271l_1	16167	109216	6.76	0	14
ptg018271l_1_region	16167	109216	6.76	0	14
ptg018272l_1	45519	249515	5.48	0	18
ptg018272l_1_region	45519	249515	5.48	0	18
ptg018276l_1	40325	96810	2.40	0	8
ptg018276l_1_region	40325	96810	2.40	0	8
ptg018279l_1	98816	316790	3.21	0	15
ptg018279l_1_region	98816	316790	3.21	0	15
ptg018280l_1	14545	64009	4.40	0	7
ptg018280l_1_region	14545	64009	4.40	0	7
ptg018285l_1	135249	922047	6.82	0	23
ptg018285l_1_region	135249	922047	6.82	0	23
ptg018289l_1	54352	194378	3.58	0	11
ptg018289l_1_region	54352	194378	3.58	0	11
ptg018291l_1	35825	306469	8.55	0	26
ptg018291l_1_region	35825	306469	8.55	0	26
ptg018295l_1	53659	329422	6.14	0	25
ptg018295l_1_region	53659	329422	6.14	0	25
ptg018296l_1	31787	39148	1.23	0	4
ptg018296l_1_region	31787	39148	1.23	0	4
ptg018302l_1	15625	59175	3.79	0	19
ptg018302l_1_region	15625	59175	3.79	0	19
ptg018303l_1	26079	114890	4.41	0	11
ptg018303l_1_region	26079	114890	4.41	0	11
ptg018306l_1	39586	80186	2.03	0	7
ptg018306l_1_region	39586	80186	2.03	0	7
ptg018307l_1	14573	20282	1.39	0	4
ptg018307l_1_region	14573	20282	1.39	0	4
ptg018309l_1	39685	109660	2.76	0	8
ptg018309l_1_region	39685	109660	2.76	0	8
ptg018314l_1	29344	20710	0.71	0	3
ptg018314l_1_region	29344	20710	0.71	0	3
ptg018318l_1	33059	124093	3.75	1	8
ptg018318l_1_region	33059	124093	3.75	1	8
ptg018321l_1	14497	1976	0.14	0	1
ptg018321l_1_region	14497	1976	0.14	0	1
ptg018322l_1	6579	31845	4.84	0	11
ptg018322l_1_region	6579	31845	4.84	0	11
ptg018328l_1	32230	142264	4.41	0	13
ptg018328l_1_region	32230	142264	4.41	0	13
ptg018329l_1	25244	29763	1.18	0	3
ptg018329l_1_region	25244	29763	1.18	0	3
ptg018334l_1	76923	232979	3.03	0	10
ptg018334l_1_region	76923	232979	3.03	0	10
ptg018335l_1	10287	10051	0.98	0	2
ptg018335l_1_region	10287	10051	0.98	0	2
ptg018339l_1	7876	12712	1.61	0	3
ptg018339l_1_region	7876	12712	1.61	0	3
ptg018341l_1	41128	786788	19.13	0	45
ptg018341l_1_region	41128	786788	19.13	0	45
ptg018346l_1	21569	58840	2.73	0	7
ptg018346l_1_region	21569	58840	2.73	0	7
ptg018347l_1	28243	91258	3.23	0	7
ptg018347l_1_region	28243	91258	3.23	0	7
ptg018349l_1	39395	76063	1.93	0	4
ptg018349l_1_region	39395	76063	1.93	0	4
ptg018352l_1	7171	20425	2.85	0	27
ptg018352l_1_region	7171	20425	2.85	0	27
ptg018353l_1	76286	138925	1.82	0	75
ptg018353l_1_region	76286	138925	1.82	0	75
ptg018354l_1	23775	97629	4.11	0	6
ptg018354l_1_region	23775	97629	4.11	0	6
ptg018355l_1	45069	473142	10.50	0	43
ptg018355l_1_region	45069	473142	10.50	0	43
ptg018357l_1	23805	43433	1.82	0	5
ptg018357l_1_region	23805	43433	1.82	0	5
ptg018359l_1	16779	586119	34.93	4	96
ptg018359l_1_region	16779	586119	34.93	4	96
ptg018361l_1	18873	53986	2.86	0	6
ptg018361l_1_region	18873	53986	2.86	0	6
ptg018362l_1	16873	62131	3.68	0	10
ptg018362l_1_region	16873	62131	3.68	0	10
ptg018366l_1	77272	1149038	14.87	0	42
ptg018366l_1_region	77272	1149038	14.87	0	42
ptg018368l_1	43745	11383	0.26	0	2
ptg018368l_1_region	43745	11383	0.26	0	2
ptg018373l_1	41911	89957	2.15	0	9
ptg018373l_1_region	41911	89957	2.15	0	9
ptg018376l_1	95687	286338	2.99	0	15
ptg018376l_1_region	95687	286338	2.99	0	15
ptg018378l_1	84199	314946	3.74	0	17
ptg018378l_1_region	84199	314946	3.74	0	17
ptg018379l_1	49332	182603	3.70	0	13
ptg018379l_1_region	49332	182603	3.70	0	13
ptg018385l_1	75089	285816	3.81	0	12
ptg018385l_1_region	75089	285816	3.81	0	12
ptg018386l_1	301447	1463889	4.86	0	24
ptg018386l_1_region	301447	1463889	4.86	0	24
ptg018387l_1	60719	237559	3.91	0	10
ptg018387l_1_region	60719	237559	3.91	0	10
ptg018389l_1	53761	221786	4.13	0	11
ptg018389l_1_region	53761	221786	4.13	0	11
ptg018395l_1	30398	85384	2.81	0	10
ptg018395l_1_region	30398	85384	2.81	0	10
ptg018396l_1	31541	104948	3.33	0	21
ptg018396l_1_region	31541	104948	3.33	0	21
ptg018397l_1	124091	18175174	146.47	0	1605
ptg018397l_1_region	124091	18175174	146.47	0	1605
ptg018398l_1	14300	60669	4.24	0	8
ptg018398l_1_region	14300	60669	4.24	0	8
ptg018400l_1	12780	24539	1.92	0	4
ptg018400l_1_region	12780	24539	1.92	0	4
ptg018404l_1	60140	320572	5.33	0	18
ptg018404l_1_region	60140	320572	5.33	0	18
ptg018405l_1	11285	32514	2.88	0	6
ptg018405l_1_region	11285	32514	2.88	0	6
ptg018407l_1	45725	185800	4.06	0	14
ptg018407l_1_region	45725	185800	4.06	0	14
ptg018410l_1	35102	116607	3.32	0	10
ptg018410l_1_region	35102	116607	3.32	0	10
ptg018413l_1	26999	82132	3.04	0	9
ptg018413l_1_region	26999	82132	3.04	0	9
ptg018414l_1	97676	855145	8.75	0	29
ptg018414l_1_region	97676	855145	8.75	0	29
ptg018415l_1	45024	175436	3.90	0	10
ptg018415l_1_region	45024	175436	3.90	0	10
ptg018416l_1	14032	4384	0.31	0	1
ptg018416l_1_region	14032	4384	0.31	0	1
ptg018417l_1	23349	46033	1.97	0	4
ptg018417l_1_region	23349	46033	1.97	0	4
ptg018421l_1	22873	12437	0.54	0	2
ptg018421l_1_region	22873	12437	0.54	0	2
ptg018423l_1	50041	109847	2.20	0	9
ptg018423l_1_region	50041	109847	2.20	0	9
ptg018424l_1	52282	249822	4.78	0	11
ptg018424l_1_region	52282	249822	4.78	0	11
ptg018425l_1	87390	796803	9.12	0	63
ptg018425l_1_region	87390	796803	9.12	0	63
ptg018427l_1	10881	25466	2.34	0	4
ptg018427l_1_region	10881	25466	2.34	0	4
ptg018430l_1	56103	141495	2.52	0	16
ptg018430l_1_region	56103	141495	2.52	0	16
ptg018436l_1	36264	94205	2.60	0	8
ptg018436l_1_region	36264	94205	2.60	0	8
ptg018441l_1	18196	78409	4.31	0	11
ptg018441l_1_region	18196	78409	4.31	0	11
ptg018442l_1	104727	622799	5.95	0	17
ptg018442l_1_region	104727	622799	5.95	0	17
ptg018444l_1	110645	2077147	18.77	0	205
ptg018444l_1_region	110645	2077147	18.77	0	205
ptg018447l_1	18248	76440	4.19	0	11
ptg018447l_1_region	18248	76440	4.19	0	11
ptg018450l_1	36194	236900	6.55	0	23
ptg018450l_1_region	36194	236900	6.55	0	23
ptg018454l_1	56807	187259	3.30	0	16
ptg018454l_1_region	56807	187259	3.30	0	16
ptg018456l_1	57960	14535	0.25	0	5
ptg018456l_1_region	57960	14535	0.25	0	5
ptg018462l_1	29198	99175	3.40	0	9
ptg018462l_1_region	29198	99175	3.40	0	9
ptg018463l_1	23120	87373	3.78	0	35
ptg018463l_1_region	23120	87373	3.78	0	35
ptg018466l_1	14313	37979	2.65	0	10
ptg018466l_1_region	14313	37979	2.65	0	10
ptg018467l_1	24839	119196	4.80	0	10
ptg018467l_1_region	24839	119196	4.80	0	10
ptg018470l_1	96509	271124	2.81	0	13
ptg018470l_1_region	96509	271124	2.81	0	13
ptg018474l_1	39224	110144	2.81	0	10
ptg018474l_1_region	39224	110144	2.81	0	10
ptg018475l_1	19335	36499	1.89	0	4
ptg018475l_1_region	19335	36499	1.89	0	4
ptg018484l_1	28629	101507	3.55	0	7
ptg018484l_1_region	28629	101507	3.55	0	7
ptg018487l_1	16339	118525	7.25	0	31
ptg018487l_1_region	16339	118525	7.25	0	31
ptg018490l_1	48645	136914	2.81	0	12
ptg018490l_1_region	48645	136914	2.81	0	12
ptg018491l_1	35440	134084	3.78	0	8
ptg018491l_1_region	35440	134084	3.78	0	8
ptg018493l_1	182833	1002301	5.48	0	77
ptg018493l_1_region	182833	1002301	5.48	0	77
ptg018497l_1	26667	98116	3.68	0	10
ptg018497l_1_region	26667	98116	3.68	0	10
ptg018498l_1	128356	206480	1.61	0	12
ptg018498l_1_region	128356	206480	1.61	0	12
ptg018500l_1	38833	218729	5.63	0	11
ptg018500l_1_region	38833	218729	5.63	0	11
ptg018501l_1	45280	146640	3.24	0	9
ptg018501l_1_region	45280	146640	3.24	0	9
ptg018503l_1	57753	184995	3.20	0	8
ptg018503l_1_region	57753	184995	3.20	0	8
ptg018505l_1	40762	125946	3.09	0	8
ptg018505l_1_region	40762	125946	3.09	0	8
ptg018507l_1	36684	238070	6.49	0	17
ptg018507l_1_region	36684	238070	6.49	0	17
ptg018508l_1	20217	97584	4.83	0	9
ptg018508l_1_region	20217	97584	4.83	0	9
ptg018511l_1	28667	113120	3.95	0	8
ptg018511l_1_region	28667	113120	3.95	0	8
ptg018512l_1	18226	80445	4.41	0	8
ptg018512l_1_region	18226	80445	4.41	0	8
ptg018513l_1	26760	111210	4.16	1	8
ptg018513l_1_region	26760	111210	4.16	1	8
ptg018515l_1	26027	190933	7.34	0	11
ptg018515l_1_region	26027	190933	7.34	0	11
ptg018516l_1	22846	36030	1.58	0	10
ptg018516l_1_region	22846	36030	1.58	0	10
ptg018517l_1	8018	48086	6.00	0	11
ptg018517l_1_region	8018	48086	6.00	0	11
ptg018518l_1	145294	1577061	10.85	0	51
ptg018518l_1_region	145294	1577061	10.85	0	51
ptg018521l_1	40366	222732	5.52	0	21
ptg018521l_1_region	40366	222732	5.52	0	21
ptg018522l_1	73875	291990	3.95	0	11
ptg018522l_1_region	73875	291990	3.95	0	11
ptg018530l_1	8710	9898	1.14	0	2
ptg018530l_1_region	8710	9898	1.14	0	2
ptg018531l_1	21144	75803	3.59	0	9
ptg018531l_1_region	21144	75803	3.59	0	9
ptg018533l_1	60680	274443	4.52	0	12
ptg018533l_1_region	60680	274443	4.52	0	12
ptg018534l_1	47886	133971	2.80	0	13
ptg018534l_1_region	47886	133971	2.80	0	13
ptg018535l_1	42050	18784	0.45	0	1
ptg018535l_1_region	42050	18784	0.45	0	1
ptg018536l_1	28640	85155	2.97	0	7
ptg018536l_1_region	28640	85155	2.97	0	7
ptg018539l_1	48707	187972	3.86	0	9
ptg018539l_1_region	48707	187972	3.86	0	9
ptg018540l_1	61173	124856	2.04	0	17
ptg018540l_1_region	61173	124856	2.04	0	17
ptg018543l_1	20274	31689	1.56	0	4
ptg018543l_1_region	20274	31689	1.56	0	4
ptg018546l_1	57168	128600	2.25	0	6
ptg018546l_1_region	57168	128600	2.25	0	6
ptg018549l_1	15298	73423	4.80	0	9
ptg018549l_1_region	15298	73423	4.80	0	9
ptg018552l_1	17677	20619	1.17	0	3
ptg018552l_1_region	17677	20619	1.17	0	3
ptg018553l_1	25193	162548	6.45	0	17
ptg018553l_1_region	25193	162548	6.45	0	17
ptg018555l_1	39064	66448	1.70	0	5
ptg018555l_1_region	39064	66448	1.70	0	5
ptg018558l_1	54518	165957	3.04	0	9
ptg018558l_1_region	54518	165957	3.04	0	9
ptg018562l_1	23856	85341	3.58	0	9
ptg018562l_1_region	23856	85341	3.58	0	9
ptg018566l_1	30631	195146	6.37	0	31
ptg018566l_1_region	30631	195146	6.37	0	31
ptg018567l_1	14731	44601	3.03	0	7
ptg018567l_1_region	14731	44601	3.03	0	7
ptg018580l_1	27571	137664	4.99	0	8
ptg018580l_1_region	27571	137664	4.99	0	8
ptg018583l_1	24841	98826	3.98	0	8
ptg018583l_1_region	24841	98826	3.98	0	8
ptg018585l_1	29543	292191	9.89	0	24
ptg018585l_1_region	29543	292191	9.89	0	24
ptg018586l_1	13461	46225	3.43	0	9
ptg018586l_1_region	13461	46225	3.43	0	9
ptg018587l_1	15623	71950	4.61	0	10
ptg018587l_1_region	15623	71950	4.61	0	10
ptg018589l_1	18748	62766	3.35	0	13
ptg018589l_1_region	18748	62766	3.35	0	13
ptg018591l_1	62778	256634	4.09	0	11
ptg018591l_1_region	62778	256634	4.09	0	11
ptg018592l_1	20353	40795	2.00	0	5
ptg018592l_1_region	20353	40795	2.00	0	5
ptg018593l_1	7939	12145	1.53	0	3
ptg018593l_1_region	7939	12145	1.53	0	3
ptg018594l_1	38411	50647	1.32	0	4
ptg018594l_1_region	38411	50647	1.32	0	4
ptg018596l_1	58683	243152	4.14	0	11
ptg018596l_1_region	58683	243152	4.14	0	11
ptg018598l_1	53054	301122	5.68	0	14
ptg018598l_1_region	53054	301122	5.68	0	14
ptg018599l_1	52253	287604	5.50	0	17
ptg018599l_1_region	52253	287604	5.50	0	17
ptg018600l_1	16063	9249	0.58	0	2
ptg018600l_1_region	16063	9249	0.58	0	2
ptg018603l_1	14049	28228	2.01	0	5
ptg018603l_1_region	14049	28228	2.01	0	5
ptg018606l_1	56304	172647	3.07	0	8
ptg018606l_1_region	56304	172647	3.07	0	8
ptg018607l_1	12052	50304	4.17	0	8
ptg018607l_1_region	12052	50304	4.17	0	8
ptg018610l_1	22342	79347	3.55	0	15
ptg018610l_1_region	22342	79347	3.55	0	15
ptg018611l_1	84692	416955	4.92	0	43
ptg018611l_1_region	84692	416955	4.92	0	43
ptg018612l_1	35451	225909	6.37	0	39
ptg018612l_1_region	35451	225909	6.37	0	39
ptg018614l_1	26045	25742	0.99	0	5
ptg018614l_1_region	26045	25742	0.99	0	5
ptg018616l_1	35123	118112	3.36	0	7
ptg018616l_1_region	35123	118112	3.36	0	7
ptg018617l_1	162784	709321	4.36	0	13
ptg018617l_1_region	162784	709321	4.36	0	13
ptg018621l_1	29277	54093	1.85	0	5
ptg018621l_1_region	29277	54093	1.85	0	5
ptg018626l_1	57249	82197	1.44	0	6
ptg018626l_1_region	57249	82197	1.44	0	6
ptg018628l_1	58855	157810	2.68	0	16
ptg018628l_1_region	58855	157810	2.68	0	16
ptg018633l_1	17421	16039	0.92	0	2
ptg018633l_1_region	17421	16039	0.92	0	2
ptg018636l_1	140678	706997	5.03	0	18
ptg018636l_1_region	140678	706997	5.03	0	18
ptg018637l_1	29031	270089	9.30	0	31
ptg018637l_1_region	29031	270089	9.30	0	31
ptg018638l_1	21403	104116	4.86	0	8
ptg018638l_1_region	21403	104116	4.86	0	8
ptg018639l_1	68375	278634	4.08	0	10
ptg018639l_1_region	68375	278634	4.08	0	10
ptg018641l_1	19404	127661	6.58	2	10
ptg018641l_1_region	19404	127661	6.58	2	10
ptg018644l_1	38003	203814	5.36	0	22
ptg018644l_1_region	38003	203814	5.36	0	22
ptg018653l_1	51219	169888	3.32	0	7
ptg018653l_1_region	51219	169888	3.32	0	7
ptg018654l_1	28268	65800	2.33	0	5
ptg018654l_1_region	28268	65800	2.33	0	5
ptg018657l_1	214645	810834	3.78	0	11
ptg018657l_1_region	214645	810834	3.78	0	11
ptg018659l_1	19950	109171	5.47	0	10
ptg018659l_1_region	19950	109171	5.47	0	10
ptg018660l_1	17122	82822	4.84	0	13
ptg018660l_1_region	17122	82822	4.84	0	13
ptg018665l_1	47642	189165	3.97	0	11
ptg018665l_1_region	47642	189165	3.97	0	11
ptg018667l_1	28785	114506	3.98	0	15
ptg018667l_1_region	28785	114506	3.98	0	15
ptg018671l_1	90563	382661	4.23	0	10
ptg018671l_1_region	90563	382661	4.23	0	10
ptg018676l_1	60108	296259	4.93	0	13
ptg018676l_1_region	60108	296259	4.93	0	13
ptg018678l_1	16310	25815	1.58	0	4
ptg018678l_1_region	16310	25815	1.58	0	4
ptg018680l_1	78739	288588	3.67	0	10
ptg018680l_1_region	78739	288588	3.67	0	10
ptg018684l_1	21040	139516	6.63	0	13
ptg018684l_1_region	21040	139516	6.63	0	13
ptg018685l_1	89351	535042	5.99	0	14
ptg018685l_1_region	89351	535042	5.99	0	14
ptg018686l_1	49160	188332	3.83	0	14
ptg018686l_1_region	49160	188332	3.83	0	14
ptg018691l_1	37757	97700	2.59	0	5
ptg018691l_1_region	37757	97700	2.59	0	5
ptg018692l_1	8666	31220	3.60	0	6
ptg018692l_1_region	8666	31220	3.60	0	6
ptg018697l_1	21291	174082	8.18	0	14
ptg018697l_1_region	21291	174082	8.18	0	14
ptg018698l_1	93197	750809	8.06	0	22
ptg018698l_1_region	93197	750809	8.06	0	22
ptg018699l_1	57652	141904	2.46	0	11
ptg018699l_1_region	57652	141904	2.46	0	11
ptg018700l_1	23371	30898	1.32	0	4
ptg018700l_1_region	23371	30898	1.32	0	4
ptg018701l_1	20808	59711	2.87	0	8
ptg018701l_1_region	20808	59711	2.87	0	8
ptg018702l_1	65835	260221	3.95	0	12
ptg018702l_1_region	65835	260221	3.95	0	12
ptg018707l_1	43529	219166	5.03	0	14
ptg018707l_1_region	43529	219166	5.03	0	14
ptg018708l_1	28170	107253	3.81	0	7
ptg018708l_1_region	28170	107253	3.81	0	7
ptg018711l_1	53891	181691	3.37	0	22
ptg018711l_1_region	53891	181691	3.37	0	22
ptg018716l_1	31570	46825	1.48	0	6
ptg018716l_1_region	31570	46825	1.48	0	6
ptg018718l_1	17889	33862	1.89	0	8
ptg018718l_1_region	17889	33862	1.89	0	8
ptg018719l_1	125911	670580	5.33	0	13
ptg018719l_1_region	125911	670580	5.33	0	13
ptg018721l_1	19876	45658	2.30	0	6
ptg018721l_1_region	19876	45658	2.30	0	6
ptg018722l_1	57384	292323	5.09	0	13
ptg018722l_1_region	57384	292323	5.09	0	13
ptg018727l_1	38376	30024	0.78	0	4
ptg018727l_1_region	38376	30024	0.78	0	4
ptg018728l_1	46780	231437	4.95	0	14
ptg018728l_1_region	46780	231437	4.95	0	14
ptg018735l_1	15173	107733	7.10	2	10
ptg018735l_1_region	15173	107733	7.10	2	10
ptg018738l_1	30382	60944	2.01	0	7
ptg018738l_1_region	30382	60944	2.01	0	7
ptg018742l_1	12307	16539	1.34	0	3
ptg018742l_1_region	12307	16539	1.34	0	3
ptg018745l_1	13486	96282	7.14	0	13
ptg018745l_1_region	13486	96282	7.14	0	13
ptg018746l_1	111918	981302	8.77	0	38
ptg018746l_1_region	111918	981302	8.77	0	38
ptg018747l_1	16647	36918	2.22	0	5
ptg018747l_1_region	16647	36918	2.22	0	5
ptg018749l_1	35627	165910	4.66	0	30
ptg018749l_1_region	35627	165910	4.66	0	30
ptg018751l_1	73598	371700	5.05	0	11
ptg018751l_1_region	73598	371700	5.05	0	11
ptg018753l_1	20662	38710	1.87	0	4
ptg018753l_1_region	20662	38710	1.87	0	4
ptg018757l_1	17617	44345	2.52	0	10
ptg018757l_1_region	17617	44345	2.52	0	10
ptg018758l_1	43493	204198	4.69	0	17
ptg018758l_1_region	43493	204198	4.69	0	17
ptg018765l_1	47110	246817	5.24	0	13
ptg018765l_1_region	47110	246817	5.24	0	13
ptg018767l_1	16753	62719	3.74	0	8
ptg018767l_1_region	16753	62719	3.74	0	8
ptg018770l_1	15626	29961	1.92	0	5
ptg018770l_1_region	15626	29961	1.92	0	5
ptg018772l_1	45382	100464	2.21	0	8
ptg018772l_1_region	45382	100464	2.21	0	8
ptg018775l_1	26917	121397	4.51	0	25
ptg018775l_1_region	26917	121397	4.51	0	25
ptg018778l_1	30196	133681	4.43	0	10
ptg018778l_1_region	30196	133681	4.43	0	10
ptg018780l_1	105249	389133	3.70	0	11
ptg018780l_1_region	105249	389133	3.70	0	11
ptg018786l_1	7751	10384	1.34	0	4
ptg018786l_1_region	7751	10384	1.34	0	4
ptg018789l_1	48331	206615	4.27	0	10
ptg018789l_1_region	48331	206615	4.27	0	10
ptg018795l_1	32348	134491	4.16	0	13
ptg018795l_1_region	32348	134491	4.16	0	13
ptg018796l_1	24073	74848	3.11	0	6
ptg018796l_1_region	24073	74848	3.11	0	6
ptg018797l_1	13153	49689	3.78	0	7
ptg018797l_1_region	13153	49689	3.78	0	7
ptg018798l_1	32695	80871	2.47	0	8
ptg018798l_1_region	32695	80871	2.47	0	8
ptg018800l_1	17614	76746	4.36	0	8
ptg018800l_1_region	17614	76746	4.36	0	8
ptg018801l_1	41871	220077	5.26	0	23
ptg018801l_1_region	41871	220077	5.26	0	23
ptg018802l_1	85545	426071	4.98	0	13
ptg018802l_1_region	85545	426071	4.98	0	13
ptg018806l_1	41756	156598	3.75	0	10
ptg018806l_1_region	41756	156598	3.75	0	10
ptg018808l_1	43050	416052	9.66	0	39
ptg018808l_1_region	43050	416052	9.66	0	39
ptg018809l_1	13336	39694	2.98	0	7
ptg018809l_1_region	13336	39694	2.98	0	7
ptg018815l_1	12363	65276	5.28	0	11
ptg018815l_1_region	12363	65276	5.28	0	11
ptg018817l_1	34402	176022	5.12	0	11
ptg018817l_1_region	34402	176022	5.12	0	11
ptg018819l_1	35187	70556	2.01	0	6
ptg018819l_1_region	35187	70556	2.01	0	6
ptg018822l_1	28622	72681	2.54	0	6
ptg018822l_1_region	28622	72681	2.54	0	6
ptg018825l_1	51747	251729	4.86	0	9
ptg018825l_1_region	51747	251729	4.86	0	9
ptg018826l_1	70166	315365	4.49	0	32
ptg018826l_1_region	70166	315365	4.49	0	32
ptg018829l_1	18685	56520	3.02	1	11
ptg018829l_1_region	18685	56520	3.02	1	11
ptg018830l_1	21687	33113	1.53	0	4
ptg018830l_1_region	21687	33113	1.53	0	4
ptg018832l_1	35016	111692	3.19	0	13
ptg018832l_1_region	35016	111692	3.19	0	13
ptg018839l_1	69677	185814	2.67	0	7
ptg018839l_1_region	69677	185814	2.67	0	7
ptg018841l_1	62609	241885	3.86	0	11
ptg018841l_1_region	62609	241885	3.86	0	11
ptg018842l_1	26767	159871	5.97	0	9
ptg018842l_1_region	26767	159871	5.97	0	9
ptg018845l_1	17632	30985	1.76	0	5
ptg018845l_1_region	17632	30985	1.76	0	5
ptg018848l_1	12080	16865	1.40	0	4
ptg018848l_1_region	12080	16865	1.40	0	4
ptg018851l_1	32059	77878	2.43	0	9
ptg018851l_1_region	32059	77878	2.43	0	9
ptg018852l_1	67737	351547	5.19	0	13
ptg018852l_1_region	67737	351547	5.19	0	13
ptg018853l_1	155113	617345	3.98	0	13
ptg018853l_1_region	155113	617345	3.98	0	13
ptg018856l_1	23667	78357	3.31	0	9
ptg018856l_1_region	23667	78357	3.31	0	9
ptg018857l_1	13876	52143	3.76	0	9
ptg018857l_1_region	13876	52143	3.76	0	9
ptg018858l_1	16951	55574	3.28	0	9
ptg018858l_1_region	16951	55574	3.28	0	9
ptg018860l_1	36824	134073	3.64	0	7
ptg018860l_1_region	36824	134073	3.64	0	7
ptg018861l_1	14737	110301	7.48	1	12
ptg018861l_1_region	14737	110301	7.48	1	12
ptg018862l_1	65159	108855	1.67	0	8
ptg018862l_1_region	65159	108855	1.67	0	8
ptg018864l_1	16031	13272	0.83	0	3
ptg018864l_1_region	16031	13272	0.83	0	3
ptg018865l_1	54366	290669	5.35	0	14
ptg018865l_1_region	54366	290669	5.35	0	14
ptg018866l_1	34740	138015	3.97	0	11
ptg018866l_1_region	34740	138015	3.97	0	11
ptg018867l_1	62116	494630	7.96	0	25
ptg018867l_1_region	62116	494630	7.96	0	25
ptg018878l_1	56296	128429	2.28	0	8
ptg018878l_1_region	56296	128429	2.28	0	8
ptg018882l_1	75519	280012	3.71	0	14
ptg018882l_1_region	75519	280012	3.71	0	14
ptg018883l_1	46715	271801	5.82	0	14
ptg018883l_1_region	46715	271801	5.82	0	14
ptg018884l_1	21957	56122	2.56	0	7
ptg018884l_1_region	21957	56122	2.56	0	7
ptg018887l_1	7005	15319	2.19	0	4
ptg018887l_1_region	7005	15319	2.19	0	4
ptg018889l_1	50201	115555	2.30	0	9
ptg018889l_1_region	50201	115555	2.30	0	9
ptg018897l_1	52318	181453	3.47	0	9
ptg018897l_1_region	52318	181453	3.47	0	9
ptg018898l_1	52166	158688	3.04	0	7
ptg018898l_1_region	52166	158688	3.04	0	7
ptg018905l_1	204815	197067	0.96	0	11
ptg018905l_1_region	204815	197067	0.96	0	11
ptg018907l_1	851899	4673345	5.49	0	35
ptg018907l_1_region	851899	4673345	5.49	0	35
ptg018914l_1	15991	38452	2.40	0	4
ptg018914l_1_region	15991	38452	2.40	0	4
ptg018915l_1	15920	21228	1.33	0	6
ptg018915l_1_region	15920	21228	1.33	0	6
ptg018917l_1	9532	10239	1.07	0	5
ptg018917l_1_region	9532	10239	1.07	0	5
ptg018919l_1	12577	62071	4.94	0	9
ptg018919l_1_region	12577	62071	4.94	0	9
ptg018920l_1	7778	16479	2.12	0	4
ptg018920l_1_region	7778	16479	2.12	0	4
ptg018930l_1	11852	13425	1.13	0	17
ptg018930l_1_region	11852	13425	1.13	0	17
ptg018931l_1	17551	116245	6.62	0	16
ptg018931l_1_region	17551	116245	6.62	0	16
ptg018932l_1	148744	725089	4.87	0	11
ptg018932l_1_region	148744	725089	4.87	0	11
ptg018934l_1	41868	200808	4.80	0	14
ptg018934l_1_region	41868	200808	4.80	0	14
ptg018939l_1	74265	281872	3.80	0	12
ptg018939l_1_region	74265	281872	3.80	0	12
ptg018941l_1	56370	286201	5.08	0	12
ptg018941l_1_region	56370	286201	5.08	0	12
ptg018943l_1	30200	104199	3.45	0	7
ptg018943l_1_region	30200	104199	3.45	0	7
ptg018948l_1	47693	341138	7.15	2	14
ptg018948l_1_region	47693	341138	7.15	2	14
ptg018950l_1	27702	83808	3.03	0	7
ptg018950l_1_region	27702	83808	3.03	0	7
ptg018951l_1	38121	115142	3.02	0	10
ptg018951l_1_region	38121	115142	3.02	0	10
ptg018952l_1	9251	56222	6.08	0	8
ptg018952l_1_region	9251	56222	6.08	0	8
ptg018954l_1	21913	46195	2.11	0	7
ptg018954l_1_region	21913	46195	2.11	0	7
ptg018956l_1	19507	56134	2.88	0	7
ptg018956l_1_region	19507	56134	2.88	0	7
ptg018957l_1	66567	311769	4.68	0	11
ptg018957l_1_region	66567	311769	4.68	0	11
ptg018961l_1	18747	311	0.02	0	1
ptg018961l_1_region	18747	311	0.02	0	1
ptg018965l_1	21090	86489	4.10	0	13
ptg018965l_1_region	21090	86489	4.10	0	13
ptg018967l_1	98765	234858	2.38	0	7
ptg018967l_1_region	98765	234858	2.38	0	7
ptg018968l_1	14750	22996	1.56	0	3
ptg018968l_1_region	14750	22996	1.56	0	3
ptg018972l_1	53193	322023	6.05	0	11
ptg018972l_1_region	53193	322023	6.05	0	11
ptg018975l_1	58135	214152	3.68	0	10
ptg018975l_1_region	58135	214152	3.68	0	10
ptg018977l_1	37156	114481	3.08	0	23
ptg018977l_1_region	37156	114481	3.08	0	23
ptg018980l_1	26806	32097	1.20	0	6
ptg018980l_1_region	26806	32097	1.20	0	6
ptg018983l_1	17341	29646	1.71	0	5
ptg018983l_1_region	17341	29646	1.71	0	5
ptg018984l_1	13455	43061	3.20	0	11
ptg018984l_1_region	13455	43061	3.20	0	11
ptg018988l_1	17612	50252	2.85	0	7
ptg018988l_1_region	17612	50252	2.85	0	7
ptg018989l_1	31921	265903	8.33	0	19
ptg018989l_1_region	31921	265903	8.33	0	19
ptg018990l_1	12513	14589	1.17	0	2
ptg018990l_1_region	12513	14589	1.17	0	2
ptg018991l_1	39998	84316	2.11	0	7
ptg018991l_1_region	39998	84316	2.11	0	7
ptg018992c_1	50825	158425	3.12	0	11
ptg018992c_1_region	50825	158425	3.12	0	11
ptg018995l_1	16040	35607	2.22	0	5
ptg018995l_1_region	16040	35607	2.22	0	5
ptg018996l_1	55157	308222	5.59	0	12
ptg018996l_1_region	55157	308222	5.59	0	12
ptg018997l_1	14672	58135	3.96	1	6
ptg018997l_1_region	14672	58135	3.96	1	6
ptg019007l_1	13169	3168	0.24	0	24
ptg019007l_1_region	13169	3168	0.24	0	24
ptg019008l_1	72505	128144	1.77	0	7
ptg019008l_1_region	72505	128144	1.77	0	7
ptg019009l_1	30759	94843	3.08	0	29
ptg019009l_1_region	30759	94843	3.08	0	29
ptg019010l_1	42292	210545	4.98	0	11
ptg019010l_1_region	42292	210545	4.98	0	11
ptg019014l_1	34135	118372	3.47	0	9
ptg019014l_1_region	34135	118372	3.47	0	9
ptg019015l_1	28476	60882	2.14	0	5
ptg019015l_1_region	28476	60882	2.14	0	5
ptg019017l_1	40922	109734	2.68	0	7
ptg019017l_1_region	40922	109734	2.68	0	7
ptg019019l_1	29315	120233	4.10	0	11
ptg019019l_1_region	29315	120233	4.10	0	11
ptg019020l_1	24925	59446	2.38	0	5
ptg019020l_1_region	24925	59446	2.38	0	5
ptg019023l_1	72503	361152	4.98	0	10
ptg019023l_1_region	72503	361152	4.98	0	10
ptg019024l_1	35633	93077	2.61	0	6
ptg019024l_1_region	35633	93077	2.61	0	6
ptg019027l_1	46177	269979	5.85	0	15
ptg019027l_1_region	46177	269979	5.85	0	15
ptg019029l_1	41405	76011	1.84	0	6
ptg019029l_1_region	41405	76011	1.84	0	6
ptg019030l_1	29503	111067	3.76	0	8
ptg019030l_1_region	29503	111067	3.76	0	8
ptg019034l_1	61127	383791	6.28	0	29
ptg019034l_1_region	61127	383791	6.28	0	29
ptg019035l_1	53139	156721	2.95	0	17
ptg019035l_1_region	53139	156721	2.95	0	17
ptg019037l_1	97434	414199	4.25	0	12
ptg019037l_1_region	97434	414199	4.25	0	12
ptg019038l_1	16156	65217	4.04	0	9
ptg019038l_1_region	16156	65217	4.04	0	9
ptg019039l_1	39291	111405	2.84	0	7
ptg019039l_1_region	39291	111405	2.84	0	7
ptg019040l_1	62589	138396	2.21	0	7
ptg019040l_1_region	62589	138396	2.21	0	7
ptg019043l_1	11976	18658	1.56	0	4
ptg019043l_1_region	11976	18658	1.56	0	4
ptg019045l_1	22069	53592	2.43	0	8
ptg019045l_1_region	22069	53592	2.43	0	8
ptg019048l_1	51205	175799	3.43	0	11
ptg019048l_1_region	51205	175799	3.43	0	11
ptg019049l_1	69905	584125	8.36	0	29
ptg019049l_1_region	69905	584125	8.36	0	29
ptg019050l_1	14744	65920	4.47	0	10
ptg019050l_1_region	14744	65920	4.47	0	10
ptg019051l_1	26612	106491	4.00	0	9
ptg019051l_1_region	26612	106491	4.00	0	9
ptg019054l_1	19024	65010	3.42	0	7
ptg019054l_1_region	19024	65010	3.42	0	7
ptg019060l_1	28262	138528	4.90	1	8
ptg019060l_1_region	28262	138528	4.90	1	8
ptg019063l_1	8377	25805	3.08	0	6
ptg019063l_1_region	8377	25805	3.08	0	6
ptg019066l_1	36059	151695	4.21	0	16
ptg019066l_1_region	36059	151695	4.21	0	16
ptg019071l_1	13839	14456	1.04	0	3
ptg019071l_1_region	13839	14456	1.04	0	3
ptg019072l_1	10686	48716	4.56	0	16
ptg019072l_1_region	10686	48716	4.56	0	16
ptg019073l_1	24820	108106	4.36	0	8
ptg019073l_1_region	24820	108106	4.36	0	8
ptg019074l_1	24293	83420	3.43	0	9
ptg019074l_1_region	24293	83420	3.43	0	9
ptg019076l_1	33014	113892	3.45	0	9
ptg019076l_1_region	33014	113892	3.45	0	9
ptg019078l_1	22034	104371	4.74	0	12
ptg019078l_1_region	22034	104371	4.74	0	12
ptg019083l_1	35661	128070	3.59	0	8
ptg019083l_1_region	35661	128070	3.59	0	8
ptg019086l_1	18630	25898	1.39	0	3
ptg019086l_1_region	18630	25898	1.39	0	3
ptg019087l_1	37290	53985	1.45	0	5
ptg019087l_1_region	37290	53985	1.45	0	5
ptg019088l_1	43042	230903	5.36	0	17
ptg019088l_1_region	43042	230903	5.36	0	17
ptg019089l_1	36872	111439	3.02	0	12
ptg019089l_1_region	36872	111439	3.02	0	12
ptg019092l_1	57348	171077	2.98	0	14
ptg019092l_1_region	57348	171077	2.98	0	14
ptg019093l_1	107219	606387	5.66	0	18
ptg019093l_1_region	107219	606387	5.66	0	18
ptg019094l_1	32892	210648	6.40	0	20
ptg019094l_1_region	32892	210648	6.40	0	20
ptg019095l_1	21988	44720	2.03	0	6
ptg019095l_1_region	21988	44720	2.03	0	6
ptg019096l_1	188606	840150	4.45	0	16
ptg019096l_1_region	188606	840150	4.45	0	16
ptg019101l_1	35761	84301	2.36	0	6
ptg019101l_1_region	35761	84301	2.36	0	6
ptg019102l_1	49592	217889	4.39	0	15
ptg019102l_1_region	49592	217889	4.39	0	15
ptg019104l_1	28606	225291	7.88	0	49
ptg019104l_1_region	28606	225291	7.88	0	49
ptg019105l_1	61343	216245	3.53	0	12
ptg019105l_1_region	61343	216245	3.53	0	12
ptg019108l_1	27986	90063	3.22	0	8
ptg019108l_1_region	27986	90063	3.22	0	8
ptg019111l_1	25373	10683	0.42	0	4
ptg019111l_1_region	25373	10683	0.42	0	4
ptg019114l_1	25931	107975	4.16	0	9
ptg019114l_1_region	25931	107975	4.16	0	9
ptg019118l_1	31155	107907	3.46	0	7
ptg019118l_1_region	31155	107907	3.46	0	7
ptg019126l_1	9498	16920	1.78	0	3
ptg019126l_1_region	9498	16920	1.78	0	3
ptg019128l_1	35661	71586	2.01	0	8
ptg019128l_1_region	35661	71586	2.01	0	8
ptg019130l_1	6033	17254	2.86	0	4
ptg019130l_1_region	6033	17254	2.86	0	4
ptg019132l_1	15289	28385	1.86	0	3
ptg019132l_1_region	15289	28385	1.86	0	3
ptg019133l_1	29611	131063	4.43	0	12
ptg019133l_1_region	29611	131063	4.43	0	12
ptg019135l_1	26427	142009	5.37	0	11
ptg019135l_1_region	26427	142009	5.37	0	11
ptg019139l_1	49642	313129	6.31	0	12
ptg019139l_1_region	49642	313129	6.31	0	12
ptg019140l_1	27541	27971	1.02	0	6
ptg019140l_1_region	27541	27971	1.02	0	6
ptg019141l_1	44122	209144	4.74	0	10
ptg019141l_1_region	44122	209144	4.74	0	10
ptg019142l_1	27309	120865	4.43	0	24
ptg019142l_1_region	27309	120865	4.43	0	24
ptg019146l_1	15921	83463	5.24	0	9
ptg019146l_1_region	15921	83463	5.24	0	9
ptg019148l_1	7660	11088	1.45	0	2
ptg019148l_1_region	7660	11088	1.45	0	2
ptg019149l_1	33063	40488	1.22	0	6
ptg019149l_1_region	33063	40488	1.22	0	6
ptg019153l_1	16640	26242	1.58	0	3
ptg019153l_1_region	16640	26242	1.58	0	3
ptg019154l_1	19241	96103	4.99	0	10
ptg019154l_1_region	19241	96103	4.99	0	10
ptg019159l_1	41386	203087	4.91	0	26
ptg019159l_1_region	41386	203087	4.91	0	26
ptg019160l_1	12914	33603	2.60	0	7
ptg019160l_1_region	12914	33603	2.60	0	7
ptg019161l_1	15019	24836	1.65	0	3
ptg019161l_1_region	15019	24836	1.65	0	3
ptg019162l_1	17356	22219	1.28	0	3
ptg019162l_1_region	17356	22219	1.28	0	3
ptg019164l_1	15619	22700	1.45	0	5
ptg019164l_1_region	15619	22700	1.45	0	5
ptg019166l_1	34226	79023	2.31	0	8
ptg019166l_1_region	34226	79023	2.31	0	8
ptg019169l_1	69235	235233	3.40	0	22
ptg019169l_1_region	69235	235233	3.40	0	22
ptg019170l_1	23901	57976	2.43	0	7
ptg019170l_1_region	23901	57976	2.43	0	7
ptg019173l_1	23189	127399	5.49	0	48
ptg019173l_1_region	23189	127399	5.49	0	48
ptg019174l_1	7528	17814	2.37	0	5
ptg019174l_1_region	7528	17814	2.37	0	5
ptg019178l_1	27549	38651	1.40	0	4
ptg019178l_1_region	27549	38651	1.40	0	4
ptg019179l_1	13497	14778	1.09	0	2
ptg019179l_1_region	13497	14778	1.09	0	2
ptg019180l_1	39506	201468	5.10	0	11
ptg019180l_1_region	39506	201468	5.10	0	11
ptg019184l_1	45699	151868	3.32	0	8
ptg019184l_1_region	45699	151868	3.32	0	8
ptg019185l_1	30006	74070	2.47	0	7
ptg019185l_1_region	30006	74070	2.47	0	7
ptg019186l_1	19342	34113	1.76	0	4
ptg019186l_1_region	19342	34113	1.76	0	4
ptg019187l_1	28643	90532	3.16	0	6
ptg019187l_1_region	28643	90532	3.16	0	6
ptg019189l_1	22379	151840	6.78	0	17
ptg019189l_1_region	22379	151840	6.78	0	17
ptg019190l_1	18641	41763	2.24	0	10
ptg019190l_1_region	18641	41763	2.24	0	10
ptg019192l_1	97825	398439	4.07	0	13
ptg019192l_1_region	97825	398439	4.07	0	13
ptg019195l_1	34081	141309	4.15	0	10
ptg019195l_1_region	34081	141309	4.15	0	10
ptg019197l_1	314346	449139	1.43	0	12
ptg019197l_1_region	314346	449139	1.43	0	12
ptg019198l_1	31603	96738	3.06	0	8
ptg019198l_1_region	31603	96738	3.06	0	8
ptg019200l_1	110038	3004494	27.30	0	169
ptg019200l_1_region	110038	3004494	27.30	0	169
ptg019201l_1	64329	247518	3.85	0	10
ptg019201l_1_region	64329	247518	3.85	0	10
ptg019208l_1	93031	308613	3.32	0	13
ptg019208l_1_region	93031	308613	3.32	0	13
ptg019210l_1	29653	78366	2.64	0	11
ptg019210l_1_region	29653	78366	2.64	0	11
ptg019213l_1	37567	165760	4.41	0	33
ptg019213l_1_region	37567	165760	4.41	0	33
ptg019216l_1	82846	103114	1.24	0	6
ptg019216l_1_region	82846	103114	1.24	0	6
ptg019221l_1	32083	145517	4.54	0	14
ptg019221l_1_region	32083	145517	4.54	0	14
ptg019225l_1	37166	105575	2.84	0	7
ptg019225l_1_region	37166	105575	2.84	0	7
ptg019227l_1	6886	21920	3.18	0	5
ptg019227l_1_region	6886	21920	3.18	0	5
ptg019235l_1	10391	39073	3.76	0	9
ptg019235l_1_region	10391	39073	3.76	0	9
ptg019236l_1	18524	8390	0.45	0	2
ptg019236l_1_region	18524	8390	0.45	0	2
ptg019238l_1	34864	116803	3.35	0	7
ptg019238l_1_region	34864	116803	3.35	0	7
ptg019241l_1	30018	80683	2.69	0	6
ptg019241l_1_region	30018	80683	2.69	0	6
ptg019246l_1	17060	41347	2.42	0	7
ptg019246l_1_region	17060	41347	2.42	0	7
ptg019247l_1	12803	23411	1.83	0	11
ptg019247l_1_region	12803	23411	1.83	0	11
ptg019251l_1	25902	306054	11.82	0	35
ptg019251l_1_region	25902	306054	11.82	0	35
ptg019252l_1	44566	147926	3.32	0	12
ptg019252l_1_region	44566	147926	3.32	0	12
ptg019259l_1	65620	324588	4.95	0	12
ptg019259l_1_region	65620	324588	4.95	0	12
ptg019262l_1	90096	318958	3.54	0	14
ptg019262l_1_region	90096	318958	3.54	0	14
ptg019263l_1	31436	122849	3.91	0	8
ptg019263l_1_region	31436	122849	3.91	0	8
ptg019264l_1	32184	159152	4.95	0	14
ptg019264l_1_region	32184	159152	4.95	0	14
ptg019283l_1	105359	495178	4.70	0	11
ptg019283l_1_region	105359	495178	4.70	0	11
ptg019284l_1	48190	39481	0.82	0	8
ptg019284l_1_region	48190	39481	0.82	0	8
ptg019286l_1	22331	46098	2.06	0	5
ptg019286l_1_region	22331	46098	2.06	0	5
ptg019288l_1	27816	156560	5.63	0	36
ptg019288l_1_region	27816	156560	5.63	0	36
ptg019291l_1	64754	290928	4.49	0	11
ptg019291l_1_region	64754	290928	4.49	0	11
ptg019293l_1	108683	225239	2.07	0	15
ptg019293l_1_region	108683	225239	2.07	0	15
ptg019294l_1	22576	65448	2.90	0	6
ptg019294l_1_region	22576	65448	2.90	0	6
ptg019296l_1	21998	33570	1.53	0	8
ptg019296l_1_region	21998	33570	1.53	0	8
ptg019299l_1	27284	103828	3.81	0	23
ptg019299l_1_region	27284	103828	3.81	0	23
ptg019308l_1	43443	110774	2.55	0	7
ptg019308l_1_region	43443	110774	2.55	0	7
ptg019309l_1	19986	115477	5.78	0	189
ptg019309l_1_region	19986	115477	5.78	0	189
ptg019312l_1	21176	85528	4.04	0	7
ptg019312l_1_region	21176	85528	4.04	0	7
ptg019314l_1	108401	574051	5.30	0	100
ptg019314l_1_region	108401	574051	5.30	0	100
ptg019316l_1	134049	885917	6.61	0	20
ptg019316l_1_region	134049	885917	6.61	0	20
ptg019318l_1	42910	314379	7.33	0	16
ptg019318l_1_region	42910	314379	7.33	0	16
ptg019321l_1	45371	276708	6.10	0	25
ptg019321l_1_region	45371	276708	6.10	0	25
ptg019325l_1	21078	27925	1.32	0	3
ptg019325l_1_region	21078	27925	1.32	0	3
ptg019326l_1	52206	273223	5.23	0	32
ptg019326l_1_region	52206	273223	5.23	0	32
ptg019327l_1	744140	5021102	6.75	0	37
ptg019327l_1_region	744140	5021102	6.75	0	37
ptg019328l_1	14504	6435	0.44	0	3
ptg019328l_1_region	14504	6435	0.44	0	3
ptg019330l_1	188958	864687	4.58	0	14
ptg019330l_1_region	188958	864687	4.58	0	14
ptg019331l_1	15586	34862	2.24	0	6
ptg019331l_1_region	15586	34862	2.24	0	6
ptg019337l_1	9749	33405	3.43	0	6
ptg019337l_1_region	9749	33405	3.43	0	6
ptg019339l_1	55896	63971	1.14	0	6
ptg019339l_1_region	55896	63971	1.14	0	6
ptg019342l_1	21687	176180	8.12	0	36
ptg019342l_1_region	21687	176180	8.12	0	36
ptg019348l_1	38048	184789	4.86	0	11
ptg019348l_1_region	38048	184789	4.86	0	11
ptg019353l_1	27141	172638	6.36	1	14
ptg019353l_1_region	27141	172638	6.36	1	14
ptg019361l_1	21221	11283	0.53	0	2
ptg019361l_1_region	21221	11283	0.53	0	2
ptg019362l_1	71345	198593	2.78	0	8
ptg019362l_1_region	71345	198593	2.78	0	8
ptg019363l_1	52262	81847	1.57	0	6
ptg019363l_1_region	52262	81847	1.57	0	6
ptg019365l_1	17467	64949	3.72	0	6
ptg019365l_1_region	17467	64949	3.72	0	6
ptg019366l_1	55769	278451	4.99	0	15
ptg019366l_1_region	55769	278451	4.99	0	15
ptg019378l_1	57076	25130	0.44	0	5
ptg019378l_1_region	57076	25130	0.44	0	5
ptg019380l_1	17381	75767	4.36	0	7
ptg019380l_1_region	17381	75767	4.36	0	7
ptg019381l_1	38048	172022	4.52	0	17
ptg019381l_1_region	38048	172022	4.52	0	17
ptg019382l_1	34551	45029	1.30	0	9
ptg019382l_1_region	34551	45029	1.30	0	9
ptg019384l_1	28334	66769	2.36	0	5
ptg019384l_1_region	28334	66769	2.36	0	5
ptg019385l_1	52637	195064	3.71	0	10
ptg019385l_1_region	52637	195064	3.71	0	10
ptg019393l_1	28598	38828	1.36	0	5
ptg019393l_1_region	28598	38828	1.36	0	5
ptg019397l_1	16122	39195	2.43	0	11
ptg019397l_1_region	16122	39195	2.43	0	11
ptg019400l_1	18843	74033	3.93	0	17
ptg019400l_1_region	18843	74033	3.93	0	17
ptg019404l_1	17367	70098	4.04	0	10
ptg019404l_1_region	17367	70098	4.04	0	10
ptg019407l_1	18420	72334	3.93	0	7
ptg019407l_1_region	18420	72334	3.93	0	7
ptg019410l_1	29779	137131	4.60	0	11
ptg019410l_1_region	29779	137131	4.60	0	11
ptg019411l_1	42417	96799	2.28	0	11
ptg019411l_1_region	42417	96799	2.28	0	11
ptg019416l_1	7361	30582	4.15	0	6
ptg019416l_1_region	7361	30582	4.15	0	6
ptg019422l_1	75388	403687	5.35	0	13
ptg019422l_1_region	75388	403687	5.35	0	13
ptg019423l_1	25564	119993	4.69	0	33
ptg019423l_1_region	25564	119993	4.69	0	33
ptg019427l_1	34247	310406	9.06	0	31
ptg019427l_1_region	34247	310406	9.06	0	31
ptg019429l_1	37159	141368	3.80	0	13
ptg019429l_1_region	37159	141368	3.80	0	13
ptg019434l_1	24523	84374	3.44	0	7
ptg019434l_1_region	24523	84374	3.44	0	7
ptg019435l_1	31376	184990	5.90	0	12
ptg019435l_1_region	31376	184990	5.90	0	12
ptg019437l_1	65719	151873	2.31	0	8
ptg019437l_1_region	65719	151873	2.31	0	8
ptg019438l_1	28838	25155	0.87	0	6
ptg019438l_1_region	28838	25155	0.87	0	6
ptg019439l_1	24897	204625	8.22	0	27
ptg019439l_1_region	24897	204625	8.22	0	27
ptg019441l_1	9749	38245	3.92	0	8
ptg019441l_1_region	9749	38245	3.92	0	8
ptg019442l_1	32112	91737	2.86	0	10
ptg019442l_1_region	32112	91737	2.86	0	10
ptg019459l_1	43064	123306	2.86	0	15
ptg019459l_1_region	43064	123306	2.86	0	15
ptg019460l_1	22249	104825	4.71	0	10
ptg019460l_1_region	22249	104825	4.71	0	10
ptg019461l_1	51569	196419	3.81	0	8
ptg019461l_1_region	51569	196419	3.81	0	8
ptg019463l_1	42218	736957	17.46	0	53
ptg019463l_1_region	42218	736957	17.46	0	53
ptg019464l_1	36982	168314	4.55	0	15
ptg019464l_1_region	36982	168314	4.55	0	15
ptg019465l_1	29242	25593	0.88	0	7
ptg019465l_1_region	29242	25593	0.88	0	7
ptg019466l_1	35165	220647	6.27	1	11
ptg019466l_1_region	35165	220647	6.27	1	11
ptg019473l_1	25567	80641	3.15	0	8
ptg019473l_1_region	25567	80641	3.15	0	8
ptg019478l_1	79030	233002	2.95	0	14
ptg019478l_1_region	79030	233002	2.95	0	14
ptg019486l_1	10185	28170	2.77	0	11
ptg019486l_1_region	10185	28170	2.77	0	11
ptg019488l_1	10168	26629	2.62	0	4
ptg019488l_1_region	10168	26629	2.62	0	4
ptg019491l_1	24941	28111	1.13	0	5
ptg019491l_1_region	24941	28111	1.13	0	5
ptg019494l_1	12568	87707	6.98	3	10
ptg019494l_1_region	12568	87707	6.98	3	10
ptg019495l_1	44908	467264	10.40	0	23
ptg019495l_1_region	44908	467264	10.40	0	23
ptg019496l_1	20856	50013	2.40	0	7
ptg019496l_1_region	20856	50013	2.40	0	7
ptg019497l_1	32499	216834	6.67	0	18
ptg019497l_1_region	32499	216834	6.67	0	18
ptg019498l_1	67612	538017	7.96	0	19
ptg019498l_1_region	67612	538017	7.96	0	19
ptg019501l_1	8802	6318	0.72	0	2
ptg019501l_1_region	8802	6318	0.72	0	2
ptg019502l_1	75668	328898	4.35	0	12
ptg019502l_1_region	75668	328898	4.35	0	12
ptg019505l_1	27209	58536	2.15	0	8
ptg019505l_1_region	27209	58536	2.15	0	8
ptg019508l_1	15338	32331	2.11	0	9
ptg019508l_1_region	15338	32331	2.11	0	9
ptg019510l_1	17839	73105	4.10	0	13
ptg019510l_1_region	17839	73105	4.10	0	13
ptg019515l_1	88420	369225	4.18	0	18
ptg019515l_1_region	88420	369225	4.18	0	18
ptg019521l_1	47460	168889	3.56	0	13
ptg019521l_1_region	47460	168889	3.56	0	13
ptg019522l_1	30655	196550	6.41	0	18
ptg019522l_1_region	30655	196550	6.41	0	18
ptg019528l_1	14300	42679	2.98	0	5
ptg019528l_1_region	14300	42679	2.98	0	5
ptg019530l_1	43600	102083	2.34	0	7
ptg019530l_1_region	43600	102083	2.34	0	7
ptg019536l_1	27613	113839	4.12	0	9
ptg019536l_1_region	27613	113839	4.12	0	9
ptg019537l_1	13216	95766	7.25	0	16
ptg019537l_1_region	13216	95766	7.25	0	16
ptg019540l_1	7392	33941	4.59	0	14
ptg019540l_1_region	7392	33941	4.59	0	14
ptg019541l_1	17631	164801	9.35	0	21
ptg019541l_1_region	17631	164801	9.35	0	21
ptg019547l_1	29634	129408	4.37	0	12
ptg019547l_1_region	29634	129408	4.37	0	12
ptg019548l_1	37731	88181	2.34	0	6
ptg019548l_1_region	37731	88181	2.34	0	6
ptg019552l_1	41255	183401	4.45	0	24
ptg019552l_1_region	41255	183401	4.45	0	24
ptg019555l_1	40240	113113	2.81	0	12
ptg019555l_1_region	40240	113113	2.81	0	12
ptg019558l_1	23073	92850	4.02	0	9
ptg019558l_1_region	23073	92850	4.02	0	9
ptg019559l_1	34014	143453	4.22	0	10
ptg019559l_1_region	34014	143453	4.22	0	10
ptg019560l_1	23990	181103	7.55	0	16
ptg019560l_1_region	23990	181103	7.55	0	16
ptg019568l_1	31164	107532	3.45	0	9
ptg019568l_1_region	31164	107532	3.45	0	9
ptg019570l_1	22400	138163	6.17	0	21
ptg019570l_1_region	22400	138163	6.17	0	21
ptg019571l_1	19621	49162	2.51	0	6
ptg019571l_1_region	19621	49162	2.51	0	6
ptg019572l_1	21184	60277	2.85	0	14
ptg019572l_1_region	21184	60277	2.85	0	14
ptg019573l_1	34263	76493	2.23	0	13
ptg019573l_1_region	34263	76493	2.23	0	13
ptg019574l_1	29220	49453	1.69	0	5
ptg019574l_1_region	29220	49453	1.69	0	5
ptg019576l_1	12870	62026	4.82	0	25
ptg019576l_1_region	12870	62026	4.82	0	25
ptg019579l_1	10136	22628	2.23	0	4
ptg019579l_1_region	10136	22628	2.23	0	4
ptg019583l_1	17861	32093	1.80	0	4
ptg019583l_1_region	17861	32093	1.80	0	4
ptg019584l_1	30131	93188	3.09	0	6
ptg019584l_1_region	30131	93188	3.09	0	6
ptg019589l_1	20999	49751	2.37	0	8
ptg019589l_1_region	20999	49751	2.37	0	8
ptg019590l_1	26983	48553	1.80	0	8
ptg019590l_1_region	26983	48553	1.80	0	8
ptg019592l_1	59493	273744	4.60	0	10
ptg019592l_1_region	59493	273744	4.60	0	10
ptg019596l_1	54476	255945	4.70	0	13
ptg019596l_1_region	54476	255945	4.70	0	13
ptg019598l_1	25296	79130	3.13	0	7
ptg019598l_1_region	25296	79130	3.13	0	7
ptg019600l_1	17582	65152	3.71	0	10
ptg019600l_1_region	17582	65152	3.71	0	10
ptg019606l_1	63242	196166	3.10	0	9
ptg019606l_1_region	63242	196166	3.10	0	9
ptg019607l_1	77180	341669	4.43	0	14
ptg019607l_1_region	77180	341669	4.43	0	14
ptg019608l_1	24410	119324	4.89	2	8
ptg019608l_1_region	24410	119324	4.89	2	8
ptg019615l_1	27457	142163	5.18	0	11
ptg019615l_1_region	27457	142163	5.18	0	11
ptg019616l_1	17767	38833	2.19	0	8
ptg019616l_1_region	17767	38833	2.19	0	8
ptg019619l_1	35192	119894	3.41	0	8
ptg019619l_1_region	35192	119894	3.41	0	8
ptg019621l_1	34459	242237	7.03	0	14
ptg019621l_1_region	34459	242237	7.03	0	14
ptg019623l_1	9688	26312	2.72	0	9
ptg019623l_1_region	9688	26312	2.72	0	9
ptg019626l_1	48562	193693	3.99	0	9
ptg019626l_1_region	48562	193693	3.99	0	9
ptg019629l_1	5434	10655	1.96	0	6
ptg019629l_1_region	5434	10655	1.96	0	6
ptg019630l_1	21852	63576	2.91	0	9
ptg019630l_1_region	21852	63576	2.91	0	9
ptg019638l_1	12020	51279	4.27	0	12
ptg019638l_1_region	12020	51279	4.27	0	12
ptg019639l_1	20805	116554	5.60	0	11
ptg019639l_1_region	20805	116554	5.60	0	11
ptg019640l_1	25013	61012	2.44	0	7
ptg019640l_1_region	25013	61012	2.44	0	7
ptg019644l_1	44892	120018	2.67	0	6
ptg019644l_1_region	44892	120018	2.67	0	6
ptg019646l_1	78594	303158	3.86	0	12
ptg019646l_1_region	78594	303158	3.86	0	12
ptg019647l_1	16578	99593	6.01	0	11
ptg019647l_1_region	16578	99593	6.01	0	11
ptg019651l_1	28095	218369	7.77	0	39
ptg019651l_1_region	28095	218369	7.77	0	39
ptg019652l_1	21437	67469	3.15	0	6
ptg019652l_1_region	21437	67469	3.15	0	6
ptg019654l_1	41014	76361	1.86	0	8
ptg019654l_1_region	41014	76361	1.86	0	8
ptg019655l_1	15360	30606	1.99	0	3
ptg019655l_1_region	15360	30606	1.99	0	3
ptg019656l_1	13322	7918	0.59	0	3
ptg019656l_1_region	13322	7918	0.59	0	3
ptg019657l_1	24537	81521	3.32	0	7
ptg019657l_1_region	24537	81521	3.32	0	7
ptg019662l_1	17150	62033	3.62	0	31
ptg019662l_1_region	17150	62033	3.62	0	31
ptg019667l_1	15997	28077	1.76	0	4
ptg019667l_1_region	15997	28077	1.76	0	4
ptg019668l_1	14373	110069	7.66	0	13
ptg019668l_1_region	14373	110069	7.66	0	13
ptg019669l_1	93674	391589	4.18	0	11
ptg019669l_1_region	93674	391589	4.18	0	11
ptg019670l_1	75238	341035	4.53	0	11
ptg019670l_1_region	75238	341035	4.53	0	11
ptg019673l_1	38780	125048	3.22	0	71
ptg019673l_1_region	38780	125048	3.22	0	71
ptg019674l_1	52615	208292	3.96	0	10
ptg019674l_1_region	52615	208292	3.96	0	10
ptg019679l_1	51394	248049	4.83	0	11
ptg019679l_1_region	51394	248049	4.83	0	11
ptg019690l_1	15136	43354	2.86	0	5
ptg019690l_1_region	15136	43354	2.86	0	5
ptg019696c_1	40152	279643	6.96	0	16
ptg019696c_1_region	40152	279643	6.96	0	16
ptg019700l_1	19317	43945	2.27	0	5
ptg019700l_1_region	19317	43945	2.27	0	5
ptg019701l_1	35368	131023	3.70	0	8
ptg019701l_1_region	35368	131023	3.70	0	8
ptg019703l_1	27259	79903	2.93	0	12
ptg019703l_1_region	27259	79903	2.93	0	12
ptg019704l_1	53252	199249	3.74	0	8
ptg019704l_1_region	53252	199249	3.74	0	8
ptg019705l_1	46556	151025	3.24	0	8
ptg019705l_1_region	46556	151025	3.24	0	8
ptg019706l_1	17348	15798	0.91	0	4
ptg019706l_1_region	17348	15798	0.91	0	4
ptg019709l_1	30954	17344	0.56	0	3
ptg019709l_1_region	30954	17344	0.56	0	3
ptg019714l_1	50950	339366	6.66	0	22
ptg019714l_1_region	50950	339366	6.66	0	22
ptg019716l_1	37656	159770	4.24	0	12
ptg019716l_1_region	37656	159770	4.24	0	12
ptg019721l_1	24464	38703	1.58	0	7
ptg019721l_1_region	24464	38703	1.58	0	7
ptg019724l_1	16354	340422	20.82	0	57
ptg019724l_1_region	16354	340422	20.82	0	57
ptg019729l_1	18135	48187	2.66	0	5
ptg019729l_1_region	18135	48187	2.66	0	5
ptg019733l_1	74376	290821	3.91	0	11
ptg019733l_1_region	74376	290821	3.91	0	11
ptg019736l_1	17964	43477	2.42	0	5
ptg019736l_1_region	17964	43477	2.42	0	5
ptg019737l_1	31888	93502	2.93	0	8
ptg019737l_1_region	31888	93502	2.93	0	8
ptg019740l_1	22068	24146	1.09	0	2
ptg019740l_1_region	22068	24146	1.09	0	2
ptg019742l_1	18864	47545	2.52	0	6
ptg019742l_1_region	18864	47545	2.52	0	6
ptg019747l_1	23802	182444	7.67	2	13
ptg019747l_1_region	23802	182444	7.67	2	13
ptg019749l_1	23212	46401	2.00	0	7
ptg019749l_1_region	23212	46401	2.00	0	7
ptg019752l_1	63001	294320	4.67	0	15
ptg019752l_1_region	63001	294320	4.67	0	15
ptg019754l_1	22403	90267	4.03	0	14
ptg019754l_1_region	22403	90267	4.03	0	14
ptg019756l_1	27981	66850	2.39	0	12
ptg019756l_1_region	27981	66850	2.39	0	12
ptg019757l_1	34293	73171	2.13	0	6
ptg019757l_1_region	34293	73171	2.13	0	6
ptg019761l_1	28326	70145	2.48	0	12
ptg019761l_1_region	28326	70145	2.48	0	12
ptg019764l_1	58084	336166	5.79	0	17
ptg019764l_1_region	58084	336166	5.79	0	17
ptg019766l_1	16271	55969	3.44	0	6
ptg019766l_1_region	16271	55969	3.44	0	6
ptg019778l_1	27597	115381	4.18	0	9
ptg019778l_1_region	27597	115381	4.18	0	9
ptg019780l_1	25604	17901	0.70	0	2
ptg019780l_1_region	25604	17901	0.70	0	2
ptg019785l_1	22510	181183	8.05	0	20
ptg019785l_1_region	22510	181183	8.05	0	20
ptg019787l_1	53063	202172	3.81	0	18
ptg019787l_1_region	53063	202172	3.81	0	18
ptg019789l_1	38112	167076	4.38	0	10
ptg019789l_1_region	38112	167076	4.38	0	10
ptg019790l_1	19851	21537	1.08	0	3
ptg019790l_1_region	19851	21537	1.08	0	3
ptg019792l_1	14559	49944	3.43	0	45
ptg019792l_1_region	14559	49944	3.43	0	45
ptg019799l_1	27409	40607	1.48	0	4
ptg019799l_1_region	27409	40607	1.48	0	4
ptg019803l_1	11077	36411	3.29	0	7
ptg019803l_1_region	11077	36411	3.29	0	7
ptg019804l_1	21932	37695	1.72	0	4
ptg019804l_1_region	21932	37695	1.72	0	4
ptg019806l_1	21488	117799	5.48	0	10
ptg019806l_1_region	21488	117799	5.48	0	10
ptg019807l_1	39187	156197	3.99	0	12
ptg019807l_1_region	39187	156197	3.99	0	12
ptg019808l_1	13308	55365	4.16	0	7
ptg019808l_1_region	13308	55365	4.16	0	7
ptg019811l_1	55924	249508	4.46	0	15
ptg019811l_1_region	55924	249508	4.46	0	15
ptg019814l_1	15083	87002	5.77	0	11
ptg019814l_1_region	15083	87002	5.77	0	11
ptg019817l_1	49204	255248	5.19	0	14
ptg019817l_1_region	49204	255248	5.19	0	14
ptg019822l_1	49363	436947	8.85	0	21
ptg019822l_1_region	49363	436947	8.85	0	21
ptg019823l_1	89972	1561621	17.36	0	107
ptg019823l_1_region	89972	1561621	17.36	0	107
ptg019824l_1	35618	134776	3.78	0	23
ptg019824l_1_region	35618	134776	3.78	0	23
ptg019826l_1	15800	48552	3.07	0	7
ptg019826l_1_region	15800	48552	3.07	0	7
ptg019829l_1	45310	297004	6.55	0	25
ptg019829l_1_region	45310	297004	6.55	0	25
ptg019832l_1	35430	181943	5.14	0	12
ptg019832l_1_region	35430	181943	5.14	0	12
ptg019833l_1	16622	23288	1.40	0	3
ptg019833l_1_region	16622	23288	1.40	0	3
ptg019835l_1	16880	116345	6.89	0	14
ptg019835l_1_region	16880	116345	6.89	0	14
ptg019838l_1	35268	151613	4.30	0	9
ptg019838l_1_region	35268	151613	4.30	0	9
ptg019839l_1	15115	23358	1.55	0	3
ptg019839l_1_region	15115	23358	1.55	0	3
ptg019841l_1	15193	34075	2.24	0	4
ptg019841l_1_region	15193	34075	2.24	0	4
ptg019845l_1	100928	466641	4.62	0	11
ptg019845l_1_region	100928	466641	4.62	0	11
ptg019847l_1	25481	68111	2.67	0	8
ptg019847l_1_region	25481	68111	2.67	0	8
ptg019848l_1	35443	35482	1.00	0	2
ptg019848l_1_region	35443	35482	1.00	0	2
ptg019851l_1	27821	88542	3.18	0	8
ptg019851l_1_region	27821	88542	3.18	0	8
ptg019852l_1	28131	93939	3.34	0	9
ptg019852l_1_region	28131	93939	3.34	0	9
ptg019854l_1	24365	26620	1.09	0	5
ptg019854l_1_region	24365	26620	1.09	0	5
ptg019855l_1	18649	21182	1.14	0	4
ptg019855l_1_region	18649	21182	1.14	0	4
ptg019859l_1	22536	147778	6.56	2	11
ptg019859l_1_region	22536	147778	6.56	2	11
ptg019862l_1	22269	93129	4.18	0	9
ptg019862l_1_region	22269	93129	4.18	0	9
ptg019868l_1	41811	173461	4.15	0	20
ptg019868l_1_region	41811	173461	4.15	0	20
ptg019869l_1	34183	107006	3.13	0	12
ptg019869l_1_region	34183	107006	3.13	0	12
ptg019877l_1	30342	72328	2.38	0	12
ptg019877l_1_region	30342	72328	2.38	0	12
ptg019881l_1	18324	36596	2.00	0	8
ptg019881l_1_region	18324	36596	2.00	0	8
ptg019883l_1	13339	1753	0.13	0	1
ptg019883l_1_region	13339	1753	0.13	0	1
ptg019884l_1	13344	6553	0.49	0	3
ptg019884l_1_region	13344	6553	0.49	0	3
ptg019885l_1	111339	584934	5.25	0	16
ptg019885l_1_region	111339	584934	5.25	0	16
ptg019888l_1	13970	36875	2.64	0	5
ptg019888l_1_region	13970	36875	2.64	0	5
ptg019889l_1	17738	82114	4.63	0	10
ptg019889l_1_region	17738	82114	4.63	0	10
ptg019890l_1	19926	69040	3.46	0	6
ptg019890l_1_region	19926	69040	3.46	0	6
ptg019892l_1	40917	152003	3.71	0	10
ptg019892l_1_region	40917	152003	3.71	0	10
ptg019893l_1	45540	144909	3.18	0	16
ptg019893l_1_region	45540	144909	3.18	0	16
ptg019894l_1	46506	193767	4.17	0	13
ptg019894l_1_region	46506	193767	4.17	0	13
ptg019895l_1	30354	168693	5.56	0	11
ptg019895l_1_region	30354	168693	5.56	0	11
ptg019897l_1	35045	99000	2.82	0	10
ptg019897l_1_region	35045	99000	2.82	0	10
ptg019900l_1	36469	114455	3.14	0	10
ptg019900l_1_region	36469	114455	3.14	0	10
ptg019901l_1	14262	31603	2.22	0	6
ptg019901l_1_region	14262	31603	2.22	0	6
ptg019909l_1	56806	168023	2.96	0	18
ptg019909l_1_region	56806	168023	2.96	0	18
ptg019910l_1	21216	34601	1.63	0	4
ptg019910l_1_region	21216	34601	1.63	0	4
ptg019913l_1	27830	130003	4.67	0	34
ptg019913l_1_region	27830	130003	4.67	0	34
ptg019914l_1	43638	163906	3.76	0	10
ptg019914l_1_region	43638	163906	3.76	0	10
ptg019915l_1	52574	152902	2.91	0	12
ptg019915l_1_region	52574	152902	2.91	0	12
ptg019916l_1	29096	120993	4.16	0	13
ptg019916l_1_region	29096	120993	4.16	0	13
ptg019917l_1	23656	98998	4.18	0	10
ptg019917l_1_region	23656	98998	4.18	0	10
ptg019922l_1	76345	301968	3.96	0	9
ptg019922l_1_region	76345	301968	3.96	0	9
ptg019923l_1	31378	137678	4.39	0	8
ptg019923l_1_region	31378	137678	4.39	0	8
ptg019924l_1	33025	70363	2.13	0	5
ptg019924l_1_region	33025	70363	2.13	0	5
ptg019925l_1	31158	42581	1.37	0	5
ptg019925l_1_region	31158	42581	1.37	0	5
ptg019926l_1	34631	46210	1.33	0	4
ptg019926l_1_region	34631	46210	1.33	0	4
ptg019927l_1	17636	43868	2.49	0	7
ptg019927l_1_region	17636	43868	2.49	0	7
ptg019929l_1	20137	52727	2.62	0	7
ptg019929l_1_region	20137	52727	2.62	0	7
ptg019930l_1	37768	150904	4.00	0	10
ptg019930l_1_region	37768	150904	4.00	0	10
ptg019932l_1	22227	81643	3.67	0	10
ptg019932l_1_region	22227	81643	3.67	0	10
ptg019933l_1	64260	167352	2.60	0	8
ptg019933l_1_region	64260	167352	2.60	0	8
ptg019934l_1	31963	123427	3.86	0	9
ptg019934l_1_region	31963	123427	3.86	0	9
ptg019935l_1	31476	87535	2.78	0	5
ptg019935l_1_region	31476	87535	2.78	0	5
ptg019936l_1	18677	54487	2.92	0	10
ptg019936l_1_region	18677	54487	2.92	0	10
ptg019937l_1	35054	121165	3.46	0	8
ptg019937l_1_region	35054	121165	3.46	0	8
ptg019940l_1	44921	94982	2.11	0	17
ptg019940l_1_region	44921	94982	2.11	0	17
ptg019941l_1	8650	17355	2.01	0	4
ptg019941l_1_region	8650	17355	2.01	0	4
ptg019942l_1	13672	42457	3.11	0	7
ptg019942l_1_region	13672	42457	3.11	0	7
ptg019949l_1	63112	378873	6.00	0	21
ptg019949l_1_region	63112	378873	6.00	0	21
ptg019950l_1	18291	80406	4.40	0	11
ptg019950l_1_region	18291	80406	4.40	0	11
ptg019951l_1	75362	397180	5.27	0	10
ptg019951l_1_region	75362	397180	5.27	0	10
ptg019953l_1	38231	135812	3.55	0	13
ptg019953l_1_region	38231	135812	3.55	0	13
ptg019955l_1	9913	73200	7.38	0	18
ptg019955l_1_region	9913	73200	7.38	0	18
ptg019960l_1	29513	218375	7.40	0	19
ptg019960l_1_region	29513	218375	7.40	0	19
ptg019961l_1	22081	87882	3.98	0	10
ptg019961l_1_region	22081	87882	3.98	0	10
ptg019964l_1	32160	46553	1.45	0	4
ptg019964l_1_region	32160	46553	1.45	0	4
ptg019968l_1	13254	12526	0.95	0	2
ptg019968l_1_region	13254	12526	0.95	0	2
ptg019974l_1	9441	44451	4.71	0	9
ptg019974l_1_region	9441	44451	4.71	0	9
ptg019975l_1	45074	107055	2.38	0	7
ptg019975l_1_region	45074	107055	2.38	0	7
ptg019976l_1	39526	470272	11.90	0	32
ptg019976l_1_region	39526	470272	11.90	0	32
ptg019977l_1	27384	113269	4.14	0	11
ptg019977l_1_region	27384	113269	4.14	0	11
ptg019982l_1	474608	1681625	3.54	0	20
ptg019982l_1_region	474608	1681625	3.54	0	20
ptg019983l_1	39976	92064	2.30	0	17
ptg019983l_1_region	39976	92064	2.30	0	17
ptg019984l_1	29757	57772	1.94	0	9
ptg019984l_1_region	29757	57772	1.94	0	9
ptg019985l_1	83354	235335	2.82	0	12
ptg019985l_1_region	83354	235335	2.82	0	12
ptg019987l_1	15234	14448	0.95	0	2
ptg019987l_1_region	15234	14448	0.95	0	2
ptg019994l_1	12511	11077	0.89	0	2
ptg019994l_1_region	12511	11077	0.89	0	2
ptg019996l_1	102881	270143	2.63	0	9
ptg019996l_1_region	102881	270143	2.63	0	9
ptg020000l_1	12248	37910	3.10	0	6
ptg020000l_1_region	12248	37910	3.10	0	6
ptg020002l_1	28110	74397	2.65	0	8
ptg020002l_1_region	28110	74397	2.65	0	8
ptg020011l_1	23518	112016	4.76	0	13
ptg020011l_1_region	23518	112016	4.76	0	13
ptg020013l_1	62562	224516	3.59	0	13
ptg020013l_1_region	62562	224516	3.59	0	13
ptg020018l_1	14740	208336	14.13	0	28
ptg020018l_1_region	14740	208336	14.13	0	28
ptg020020l_1	48327	125661	2.60	0	8
ptg020020l_1_region	48327	125661	2.60	0	8
ptg020024l_1	27288	119401	4.38	0	9
ptg020024l_1_region	27288	119401	4.38	0	9
ptg020025l_1	32759	115983	3.54	1	7
ptg020025l_1_region	32759	115983	3.54	1	7
ptg020029l_1	71033	321733	4.53	0	14
ptg020029l_1_region	71033	321733	4.53	0	14
ptg020033l_1	82741	269222	3.25	0	34
ptg020033l_1_region	82741	269222	3.25	0	34
ptg020035l_1	19542	52830	2.70	0	6
ptg020035l_1_region	19542	52830	2.70	0	6
ptg020038l_1	25583	123751	4.84	0	11
ptg020038l_1_region	25583	123751	4.84	0	11
ptg020039l_1	16290	30948	1.90	0	5
ptg020039l_1_region	16290	30948	1.90	0	5
ptg020044l_1	10250	36400	3.55	0	7
ptg020044l_1_region	10250	36400	3.55	0	7
ptg020045l_1	11925	35473	2.97	0	6
ptg020045l_1_region	11925	35473	2.97	0	6
ptg020047l_1	41565	212343	5.11	0	16
ptg020047l_1_region	41565	212343	5.11	0	16
ptg020054l_1	36143	151635	4.20	0	13
ptg020054l_1_region	36143	151635	4.20	0	13
ptg020055l_1	41156	71706	1.74	0	9
ptg020055l_1_region	41156	71706	1.74	0	9
ptg020056l_1	41287	164778	3.99	0	11
ptg020056l_1_region	41287	164778	3.99	0	11
ptg020058c_1	17637	45442	2.58	0	5
ptg020058c_1_region	17637	45442	2.58	0	5
ptg020059l_1	27916	93505	3.35	0	6
ptg020059l_1_region	27916	93505	3.35	0	6
ptg020060l_1	31811	194080	6.10	0	10
ptg020060l_1_region	31811	194080	6.10	0	10
ptg020065l_1	65108	401809	6.17	0	24
ptg020065l_1_region	65108	401809	6.17	0	24
ptg020070l_1	29177	100179	3.43	0	16
ptg020070l_1_region	29177	100179	3.43	0	16
ptg020071l_1	51415	202526	3.94	0	11
ptg020071l_1_region	51415	202526	3.94	0	11
ptg020080l_1	27109	128337	4.73	0	14
ptg020080l_1_region	27109	128337	4.73	0	14
ptg020082l_1	17882	30828	1.72	0	5
ptg020082l_1_region	17882	30828	1.72	0	5
ptg020084l_1	17026	13055	0.77	0	2
ptg020084l_1_region	17026	13055	0.77	0	2
ptg020085l_1	48746	94082	1.93	0	5
ptg020085l_1_region	48746	94082	1.93	0	5
ptg020089l_1	26128	97184	3.72	0	8
ptg020089l_1_region	26128	97184	3.72	0	8
ptg020094l_1	21276	126054	5.92	0	13
ptg020094l_1_region	21276	126054	5.92	0	13
ptg020095l_1	119053	445303	3.74	0	10
ptg020095l_1_region	119053	445303	3.74	0	10
ptg020099l_1	42174	156765	3.72	0	16
ptg020099l_1_region	42174	156765	3.72	0	16
ptg020103l_1	24972	50089	2.01	0	5
ptg020103l_1_region	24972	50089	2.01	0	5
ptg020104l_1	18863	23140	1.23	0	4
ptg020104l_1_region	18863	23140	1.23	0	4
ptg020109l_1	16661	38970	2.34	0	4
ptg020109l_1_region	16661	38970	2.34	0	4
ptg020117l_1	67457	469571	6.96	0	16
ptg020117l_1_region	67457	469571	6.96	0	16
ptg020119l_1	31279	96813	3.10	0	6
ptg020119l_1_region	31279	96813	3.10	0	6
ptg020129l_1	19041	50475	2.65	0	10
ptg020129l_1_region	19041	50475	2.65	0	10
ptg020133l_1	15328	91674	5.98	0	13
ptg020133l_1_region	15328	91674	5.98	0	13
ptg020134l_1	9200	45052	4.90	0	11
ptg020134l_1_region	9200	45052	4.90	0	11
ptg020135l_1	38960	93647	2.40	0	9
ptg020135l_1_region	38960	93647	2.40	0	9
ptg020136l_1	16285	35475	2.18	0	4
ptg020136l_1_region	16285	35475	2.18	0	4
ptg020140l_1	41173	163195	3.96	0	11
ptg020140l_1_region	41173	163195	3.96	0	11
ptg020142l_1	125018	436929	3.49	0	14
ptg020142l_1_region	125018	436929	3.49	0	14
ptg020144l_1	49009	109790	2.24	0	8
ptg020144l_1_region	49009	109790	2.24	0	8
ptg020145l_1	48115	163315	3.39	0	7
ptg020145l_1_region	48115	163315	3.39	0	7
ptg020146l_1	40877	91165	2.23	0	5
ptg020146l_1_region	40877	91165	2.23	0	5
ptg020147l_1	39717	101988	2.57	0	7
ptg020147l_1_region	39717	101988	2.57	0	7
ptg020149l_1	23675	92457	3.91	0	11
ptg020149l_1_region	23675	92457	3.91	0	11
ptg020150l_1	53131	103302	1.94	0	14
ptg020150l_1_region	53131	103302	1.94	0	14
ptg020153l_1	14825	43128	2.91	0	5
ptg020153l_1_region	14825	43128	2.91	0	5
ptg020157l_1	18687	43148	2.31	0	6
ptg020157l_1_region	18687	43148	2.31	0	6
ptg020162l_1	16265	89071	5.48	0	9
ptg020162l_1_region	16265	89071	5.48	0	9
ptg020163l_1	23914	117819	4.93	0	12
ptg020163l_1_region	23914	117819	4.93	0	12
ptg020166l_1	36787	46969	1.28	0	7
ptg020166l_1_region	36787	46969	1.28	0	7
ptg020167l_1	40002	83756	2.09	0	6
ptg020167l_1_region	40002	83756	2.09	0	6
ptg020174l_1	67171	186080	2.77	0	10
ptg020174l_1_region	67171	186080	2.77	0	10
ptg020175l_1	33783	174760	5.17	0	11
ptg020175l_1_region	33783	174760	5.17	0	11
ptg020180l_1	25298	67228	2.66	0	8
ptg020180l_1_region	25298	67228	2.66	0	8
ptg020183l_1	23209	67399	2.90	0	5
ptg020183l_1_region	23209	67399	2.90	0	5
ptg020185l_1	109532	436083	3.98	0	9
ptg020185l_1_region	109532	436083	3.98	0	9
ptg020186l_1	55626	306836	5.52	0	15
ptg020186l_1_region	55626	306836	5.52	0	15
ptg020188l_1	13362	27029	2.02	0	3
ptg020188l_1_region	13362	27029	2.02	0	3
ptg020190l_1	38735	436666	11.27	0	20
ptg020190l_1_region	38735	436666	11.27	0	20
ptg020191l_1	40889	116060	2.84	0	19
ptg020191l_1_region	40889	116060	2.84	0	19
ptg020192l_1	7703	18613	2.42	0	4
ptg020192l_1_region	7703	18613	2.42	0	4
ptg020193l_1	29236	49897	1.71	0	14
ptg020193l_1_region	29236	49897	1.71	0	14
ptg020197l_1	11004	18037	1.64	0	3
ptg020197l_1_region	11004	18037	1.64	0	3
ptg020201l_1	27386	39212	1.43	0	5
ptg020201l_1_region	27386	39212	1.43	0	5
ptg020205l_1	16782	81356	4.85	0	8
ptg020205l_1_region	16782	81356	4.85	0	8
ptg020207l_1	18546	45555	2.46	0	4
ptg020207l_1_region	18546	45555	2.46	0	4
ptg020208l_1	35360	166537	4.71	0	14
ptg020208l_1_region	35360	166537	4.71	0	14
ptg020209l_1	18692	15815	0.85	0	3
ptg020209l_1_region	18692	15815	0.85	0	3
ptg020212l_1	38936	80993	2.08	0	8
ptg020212l_1_region	38936	80993	2.08	0	8
ptg020214l_1	23837	198373	8.32	1	16
ptg020214l_1_region	23837	198373	8.32	1	16
ptg020216l_1	20707	6719	0.32	0	2
ptg020216l_1_region	20707	6719	0.32	0	2
ptg020218l_1	21199	62531	2.95	0	7
ptg020218l_1_region	21199	62531	2.95	0	7
ptg020219l_1	32994	121070	3.67	0	10
ptg020219l_1_region	32994	121070	3.67	0	10
ptg020220l_1	27397	69910	2.55	0	6
ptg020220l_1_region	27397	69910	2.55	0	6
ptg020224l_1	54311	145453	2.68	0	7
ptg020224l_1_region	54311	145453	2.68	0	7
ptg020227l_1	28523	127775	4.48	0	10
ptg020227l_1_region	28523	127775	4.48	0	10
ptg020228l_1	32943	124738	3.79	0	10
ptg020228l_1_region	32943	124738	3.79	0	10
ptg020231l_1	9970	36732	3.68	0	6
ptg020231l_1_region	9970	36732	3.68	0	6
ptg020233l_1	24839	58271	2.35	0	5
ptg020233l_1_region	24839	58271	2.35	0	5
ptg020235l_1	32348	226205	6.99	0	12
ptg020235l_1_region	32348	226205	6.99	0	12
ptg020237l_1	18164	39937	2.20	0	5
ptg020237l_1_region	18164	39937	2.20	0	5
ptg020239l_1	20327	49418	2.43	0	8
ptg020239l_1_region	20327	49418	2.43	0	8
ptg020244l_1	9356	28598	3.06	0	4
ptg020244l_1_region	9356	28598	3.06	0	4
ptg020246l_1	20518	93761	4.57	0	6
ptg020246l_1_region	20518	93761	4.57	0	6
ptg020252l_1	37545	219541	5.85	0	11
ptg020252l_1_region	37545	219541	5.85	0	11
ptg020257l_1	36938	131757	3.57	0	10
ptg020257l_1_region	36938	131757	3.57	0	10
ptg020258l_1	68611	159213	2.32	0	9
ptg020258l_1_region	68611	159213	2.32	0	9
ptg020259l_1	28819	106631	3.70	0	17
ptg020259l_1_region	28819	106631	3.70	0	17
ptg020261l_1	31070	107958	3.47	0	8
ptg020261l_1_region	31070	107958	3.47	0	8
ptg020262l_1	26079	92720	3.56	0	8
ptg020262l_1_region	26079	92720	3.56	0	8
ptg020263l_1	19495	29009	1.49	0	3
ptg020263l_1_region	19495	29009	1.49	0	3
ptg020265l_1	19441	64048	3.29	0	11
ptg020265l_1_region	19441	64048	3.29	0	11
ptg020266l_1	48980	110569	2.26	0	9
ptg020266l_1_region	48980	110569	2.26	0	9
ptg020269l_1	34118	138662	4.06	0	7
ptg020269l_1_region	34118	138662	4.06	0	7
ptg020270l_1	15823	7017	0.44	0	3
ptg020270l_1_region	15823	7017	0.44	0	3
ptg020273l_1	68335	1926493	28.19	0	100
ptg020273l_1_region	68335	1926493	28.19	0	100
ptg020275l_1	31176	65455	2.10	0	12
ptg020275l_1_region	31176	65455	2.10	0	12
ptg020276l_1	231833	1408289	6.07	0	16
ptg020276l_1_region	231833	1408289	6.07	0	16
ptg020277l_1	53473	184512	3.45	0	10
ptg020277l_1_region	53473	184512	3.45	0	10
ptg020278l_1	17971	70330	3.91	0	9
ptg020278l_1_region	17971	70330	3.91	0	9
ptg020282l_1	14629	116053	7.93	0	16
ptg020282l_1_region	14629	116053	7.93	0	16
ptg020287l_1	14180	58298	4.11	0	6
ptg020287l_1_region	14180	58298	4.11	0	6
ptg020289l_1	25928	72706	2.80	0	6
ptg020289l_1_region	25928	72706	2.80	0	6
ptg020290l_1	17237	68633	3.98	0	8
ptg020290l_1_region	17237	68633	3.98	0	8
ptg020292l_1	21224	59512	2.80	0	7
ptg020292l_1_region	21224	59512	2.80	0	7
ptg020293l_1	9785	33180	3.39	0	8
ptg020293l_1_region	9785	33180	3.39	0	8
ptg020299l_1	9489	43161	4.55	0	7
ptg020299l_1_region	9489	43161	4.55	0	7
ptg020306l_1	21792	151827	6.97	0	11
ptg020306l_1_region	21792	151827	6.97	0	11
ptg020315l_1	28746	82556	2.87	0	7
ptg020315l_1_region	28746	82556	2.87	0	7
ptg020317l_1	27490	180845	6.58	0	14
ptg020317l_1_region	27490	180845	6.58	0	14
ptg020318l_1	8449	14128	1.67	0	3
ptg020318l_1_region	8449	14128	1.67	0	3
ptg020319l_1	27480	30817	1.12	0	6
ptg020319l_1_region	27480	30817	1.12	0	6
ptg020324l_1	32634	124179	3.81	0	16
ptg020324l_1_region	32634	124179	3.81	0	16
ptg020333l_1	63059	178522	2.83	0	11
ptg020333l_1_region	63059	178522	2.83	0	11
ptg020341l_1	20684	102272	4.94	0	10
ptg020341l_1_region	20684	102272	4.94	0	10
ptg020346l_1	47806	161724	3.38	0	9
ptg020346l_1_region	47806	161724	3.38	0	9
ptg020347l_1	28992	108506	3.74	0	13
ptg020347l_1_region	28992	108506	3.74	0	13
ptg020348l_1	27390	102706	3.75	0	9
ptg020348l_1_region	27390	102706	3.75	0	9
ptg020351l_1	20767	78511	3.78	0	12
ptg020351l_1_region	20767	78511	3.78	0	12
ptg020353l_1	19257	48967	2.54	0	7
ptg020353l_1_region	19257	48967	2.54	0	7
ptg020356l_1	17186	8049	0.47	0	2
ptg020356l_1_region	17186	8049	0.47	0	2
ptg020359l_1	16217	80424	4.96	0	11
ptg020359l_1_region	16217	80424	4.96	0	11
ptg020360l_1	31733	101021	3.18	0	10
ptg020360l_1_region	31733	101021	3.18	0	10
ptg020361l_1	13040	64320	4.93	0	9
ptg020361l_1_region	13040	64320	4.93	0	9
ptg020365l_1	10632	27264	2.56	0	5
ptg020365l_1_region	10632	27264	2.56	0	5
ptg020366l_1	25446	112094	4.41	0	15
ptg020366l_1_region	25446	112094	4.41	0	15
ptg020369l_1	21922	17712	0.81	0	2
ptg020369l_1_region	21922	17712	0.81	0	2
ptg020370l_1	17642	18322	1.04	0	7
ptg020370l_1_region	17642	18322	1.04	0	7
ptg020373l_1	35630	57217	1.61	0	7
ptg020373l_1_region	35630	57217	1.61	0	7
ptg020374l_1	67884	673995	9.93	1	42
ptg020374l_1_region	67884	673995	9.93	1	42
ptg020375l_1	27248	37447	1.37	0	7
ptg020375l_1_region	27248	37447	1.37	0	7
ptg020376l_1	47655	166715	3.50	0	9
ptg020376l_1_region	47655	166715	3.50	0	9
ptg020379l_1	15307	36581	2.39	0	4
ptg020379l_1_region	15307	36581	2.39	0	4
ptg020382l_1	14074	67077	4.77	1	7
ptg020382l_1_region	14074	67077	4.77	1	7
ptg020388l_1	13413	44879	3.35	0	15
ptg020388l_1_region	13413	44879	3.35	0	15
ptg020394l_1	33093	230142	6.95	0	25
ptg020394l_1_region	33093	230142	6.95	0	25
ptg020398l_1	13647	17666	1.29	0	3
ptg020398l_1_region	13647	17666	1.29	0	3
ptg020405l_1	28050	60353	2.15	0	7
ptg020405l_1_region	28050	60353	2.15	0	7
ptg020412l_1	18827	159460	8.47	0	17
ptg020412l_1_region	18827	159460	8.47	0	17
ptg020415l_1	26441	115805	4.38	1	7
ptg020415l_1_region	26441	115805	4.38	1	7
ptg020421l_1	54657	365849	6.69	0	41
ptg020421l_1_region	54657	365849	6.69	0	41
ptg020426l_1	23935	117602	4.91	0	49
ptg020426l_1_region	23935	117602	4.91	0	49
ptg020427l_1	14064	57853	4.11	0	7
ptg020427l_1_region	14064	57853	4.11	0	7
ptg020431l_1	17164	82635	4.81	0	12
ptg020431l_1_region	17164	82635	4.81	0	12
ptg020436l_1	30379	43936	1.45	0	4
ptg020436l_1_region	30379	43936	1.45	0	4
ptg020437l_1	18712	56189	3.00	0	6
ptg020437l_1_region	18712	56189	3.00	0	6
ptg020440l_1	41195	251103	6.10	0	29
ptg020440l_1_region	41195	251103	6.10	0	29
ptg020441l_1	33109	12074	0.36	0	1
ptg020441l_1_region	33109	12074	0.36	0	1
ptg020443l_1	156941	1603758	10.22	0	94
ptg020443l_1_region	156941	1603758	10.22	0	94
ptg020446l_1	11857	33255	2.80	0	4
ptg020446l_1_region	11857	33255	2.80	0	4
ptg020452l_1	25550	261916	10.25	0	26
ptg020452l_1_region	25550	261916	10.25	0	26
ptg020453l_1	17855	43737	2.45	0	8
ptg020453l_1_region	17855	43737	2.45	0	8
ptg020454l_1	28780	106523	3.70	0	10
ptg020454l_1_region	28780	106523	3.70	0	10
ptg020455l_1	45259	156297	3.45	0	6
ptg020455l_1_region	45259	156297	3.45	0	6
ptg020464l_1	31085	153468	4.94	0	13
ptg020464l_1_region	31085	153468	4.94	0	13
ptg020469l_1	13189	30670	2.33	0	4
ptg020469l_1_region	13189	30670	2.33	0	4
ptg020471l_1	15981	18426	1.15	0	18
ptg020471l_1_region	15981	18426	1.15	0	18
ptg020472l_1	15182	12912	0.85	0	3
ptg020472l_1_region	15182	12912	0.85	0	3
ptg020475l_1	10080	77044	7.64	0	15
ptg020475l_1_region	10080	77044	7.64	0	15
ptg020476l_1	19290	73936	3.83	0	7
ptg020476l_1_region	19290	73936	3.83	0	7
ptg020477l_1	19604	51412	2.62	0	10
ptg020477l_1_region	19604	51412	2.62	0	10
ptg020478l_1	57673	421851	7.31	0	25
ptg020478l_1_region	57673	421851	7.31	0	25
ptg020484l_1	24468	3513	0.14	0	1
ptg020484l_1_region	24468	3513	0.14	0	1
ptg020485l_1	21835	73877	3.38	0	6
ptg020485l_1_region	21835	73877	3.38	0	6
ptg020487l_1	20317	61620	3.03	0	6
ptg020487l_1_region	20317	61620	3.03	0	6
ptg020488l_1	9935	28212	2.84	0	6
ptg020488l_1_region	9935	28212	2.84	0	6
ptg020491l_1	130658	793949	6.08	0	28
ptg020491l_1_region	130658	793949	6.08	0	28
ptg020494l_1	23080	32440	1.41	0	6
ptg020494l_1_region	23080	32440	1.41	0	6
ptg020496l_1	35449	78825	2.22	0	17
ptg020496l_1_region	35449	78825	2.22	0	17
ptg020499l_1	28294	130398	4.61	0	10
ptg020499l_1_region	28294	130398	4.61	0	10
ptg020502l_1	27625	48126	1.74	0	3
ptg020502l_1_region	27625	48126	1.74	0	3
ptg020503l_1	25450	129661	5.09	0	14
ptg020503l_1_region	25450	129661	5.09	0	14
ptg020508l_1	51670	205059	3.97	0	8
ptg020508l_1_region	51670	205059	3.97	0	8
ptg020510l_1	24319	375468	15.44	3	33
ptg020510l_1_region	24319	375468	15.44	3	33
ptg020521l_1	12005	31968	2.66	0	19
ptg020521l_1_region	12005	31968	2.66	0	19
ptg020523l_1	55974	123137	2.20	0	17
ptg020523l_1_region	55974	123137	2.20	0	17
ptg020524l_1	16091	17186	1.07	0	6
ptg020524l_1_region	16091	17186	1.07	0	6
ptg020525l_1	23507	84693	3.60	0	85
ptg020525l_1_region	23507	84693	3.60	0	85
ptg020528l_1	25708	40678	1.58	0	3
ptg020528l_1_region	25708	40678	1.58	0	3
ptg020531l_1	46324	337604	7.29	0	28
ptg020531l_1_region	46324	337604	7.29	0	28
ptg020533l_1	29789	90824	3.05	0	15
ptg020533l_1_region	29789	90824	3.05	0	15
ptg020534l_1	45139	134333	2.98	0	8
ptg020534l_1_region	45139	134333	2.98	0	8
ptg020538l_1	26431	56246	2.13	0	5
ptg020538l_1_region	26431	56246	2.13	0	5
ptg020542l_1	21205	31931	1.51	0	4
ptg020542l_1_region	21205	31931	1.51	0	4
ptg020545l_1	22074	29412	1.33	0	7
ptg020545l_1_region	22074	29412	1.33	0	7
ptg020551l_1	16569	74308	4.48	0	11
ptg020551l_1_region	16569	74308	4.48	0	11
ptg020553l_1	42722	345898	8.10	0	28
ptg020553l_1_region	42722	345898	8.10	0	28
ptg020554l_1	14828	91999	6.20	2	11
ptg020554l_1_region	14828	91999	6.20	2	11
ptg020557l_1	11762	323	0.03	0	1
ptg020557l_1_region	11762	323	0.03	0	1
ptg020562l_1	41312	177123	4.29	0	9
ptg020562l_1_region	41312	177123	4.29	0	9
ptg020565l_1	13234	81481	6.16	0	27
ptg020565l_1_region	13234	81481	6.16	0	27
ptg020567l_1	26400	52567	1.99	0	9
ptg020567l_1_region	26400	52567	1.99	0	9
ptg020568l_1	12448	6044	0.49	0	1
ptg020568l_1_region	12448	6044	0.49	0	1
ptg020569l_1	18460	92215	5.00	1	14
ptg020569l_1_region	18460	92215	5.00	1	14
ptg020573l_1	21547	182554	8.47	0	18
ptg020573l_1_region	21547	182554	8.47	0	18
ptg020575l_1	27014	70005	2.59	0	6
ptg020575l_1_region	27014	70005	2.59	0	6
ptg020577l_1	26329	71026	2.70	0	16
ptg020577l_1_region	26329	71026	2.70	0	16
ptg020578l_1	39883	123529	3.10	0	11
ptg020578l_1_region	39883	123529	3.10	0	11
ptg020579l_1	30271	78583	2.60	0	7
ptg020579l_1_region	30271	78583	2.60	0	7
ptg020585l_1	14092	30623	2.17	0	5
ptg020585l_1_region	14092	30623	2.17	0	5
ptg020588l_1	17441	37268	2.14	0	8
ptg020588l_1_region	17441	37268	2.14	0	8
ptg020589l_1	14598	36091	2.47	0	4
ptg020589l_1_region	14598	36091	2.47	0	4
ptg020593l_1	31660	68049	2.15	0	11
ptg020593l_1_region	31660	68049	2.15	0	11
ptg020595l_1	61163	299812	4.90	0	21
ptg020595l_1_region	61163	299812	4.90	0	21
ptg020596l_1	62015	176949	2.85	0	9
ptg020596l_1_region	62015	176949	2.85	0	9
ptg020598l_1	24268	67922	2.80	0	6
ptg020598l_1_region	24268	67922	2.80	0	6
ptg020599l_1	22242	58850	2.65	0	5
ptg020599l_1_region	22242	58850	2.65	0	5
ptg020601l_1	15507	22317	1.44	0	4
ptg020601l_1_region	15507	22317	1.44	0	4
ptg020602l_1	37152	211544	5.69	0	20
ptg020602l_1_region	37152	211544	5.69	0	20
ptg020603l_1	16953	146262	8.63	0	14
ptg020603l_1_region	16953	146262	8.63	0	14
ptg020611l_1	16017	105808	6.61	0	53
ptg020611l_1_region	16017	105808	6.61	0	53
ptg020612l_1	16066	69279	4.31	0	7
ptg020612l_1_region	16066	69279	4.31	0	7
ptg020613l_1	73241	321227	4.39	0	13
ptg020613l_1_region	73241	321227	4.39	0	13
ptg020614l_1	26590	78498	2.95	0	7
ptg020614l_1_region	26590	78498	2.95	0	7
ptg020615l_1	16550	44924	2.71	0	6
ptg020615l_1_region	16550	44924	2.71	0	6
ptg020618l_1	17575	46528	2.65	0	8
ptg020618l_1_region	17575	46528	2.65	0	8
ptg020620l_1	62723	261422	4.17	0	23
ptg020620l_1_region	62723	261422	4.17	0	23
ptg020622l_1	24677	79143	3.21	0	13
ptg020622l_1_region	24677	79143	3.21	0	13
ptg020623l_1	13242	40593	3.07	0	8
ptg020623l_1_region	13242	40593	3.07	0	8
ptg020626l_1	28258	1420277	50.26	0	158
ptg020626l_1_region	28258	1420277	50.26	0	158
ptg020627l_1	10334	13353	1.29	0	2
ptg020627l_1_region	10334	13353	1.29	0	2
ptg020628l_1	12407	18205	1.47	0	5
ptg020628l_1_region	12407	18205	1.47	0	5
ptg020629l_1	30248	17302	0.57	0	6
ptg020629l_1_region	30248	17302	0.57	0	6
ptg020630l_1	34718	102876	2.96	0	9
ptg020630l_1_region	34718	102876	2.96	0	9
ptg020633l_1	28785	43691	1.52	0	3
ptg020633l_1_region	28785	43691	1.52	0	3
ptg020637l_1	18323	107269	5.85	0	12
ptg020637l_1_region	18323	107269	5.85	0	12
ptg020638l_1	39330	187482	4.77	0	19
ptg020638l_1_region	39330	187482	4.77	0	19
ptg020640l_1	24749	158348	6.40	0	30
ptg020640l_1_region	24749	158348	6.40	0	30
ptg020641l_1	32291	124233	3.85	0	10
ptg020641l_1_region	32291	124233	3.85	0	10
ptg020647l_1	10062	3548	0.35	0	1
ptg020647l_1_region	10062	3548	0.35	0	1
ptg020650l_1	44659	96712	2.17	0	6
ptg020650l_1_region	44659	96712	2.17	0	6
ptg020651l_1	26821	131730	4.91	0	99
ptg020651l_1_region	26821	131730	4.91	0	99
ptg020653l_1	15970	330365	20.69	0	63
ptg020653l_1_region	15970	330365	20.69	0	63
ptg020654l_1	32563	54660	1.68	0	13
ptg020654l_1_region	32563	54660	1.68	0	13
ptg020656l_1	13792	18069	1.31	0	3
ptg020656l_1_region	13792	18069	1.31	0	3
ptg020659l_1	14922	84084	5.63	1	9
ptg020659l_1_region	14922	84084	5.63	1	9
ptg020663l_1	16307	47929	2.94	0	7
ptg020663l_1_region	16307	47929	2.94	0	7
ptg020665l_1	35198	110925	3.15	0	15
ptg020665l_1_region	35198	110925	3.15	0	15
ptg020669l_1	56521	170734	3.02	0	8
ptg020669l_1_region	56521	170734	3.02	0	8
ptg020671l_1	26757	138947	5.19	0	16
ptg020671l_1_region	26757	138947	5.19	0	16
ptg020672l_1	30293	96751	3.19	0	6
ptg020672l_1_region	30293	96751	3.19	0	6
ptg020673l_1	35401	95741	2.70	0	6
ptg020673l_1_region	35401	95741	2.70	0	6
ptg020675l_1	76769	430531	5.61	0	19
ptg020675l_1_region	76769	430531	5.61	0	19
ptg020680l_1	20097	50482	2.51	0	20
ptg020680l_1_region	20097	50482	2.51	0	20
ptg020681l_1	19739	46140	2.34	0	7
ptg020681l_1_region	19739	46140	2.34	0	7
ptg020683l_1	13988	11430	0.82	0	2
ptg020683l_1_region	13988	11430	0.82	0	2
ptg020687l_1	6917	12242	1.77	0	4
ptg020687l_1_region	6917	12242	1.77	0	4
ptg020691l_1	48243	135212	2.80	0	8
ptg020691l_1_region	48243	135212	2.80	0	8
ptg020694l_1	213139	715441	3.36	0	24
ptg020694l_1_region	213139	715441	3.36	0	24
ptg020697l_1	21366	64216	3.01	0	13
ptg020697l_1_region	21366	64216	3.01	0	13
ptg020698l_1	20348	50507	2.48	0	7
ptg020698l_1_region	20348	50507	2.48	0	7
ptg020699l_1	22750	52225	2.30	0	6
ptg020699l_1_region	22750	52225	2.30	0	6
ptg020710l_1	67847	417755	6.16	0	21
ptg020710l_1_region	67847	417755	6.16	0	21
ptg020714l_1	17582	53607	3.05	0	6
ptg020714l_1_region	17582	53607	3.05	0	6
ptg020717l_1	6111	15032	2.46	0	3
ptg020717l_1_region	6111	15032	2.46	0	3
ptg020718l_1	10685	14063	1.32	0	2
ptg020718l_1_region	10685	14063	1.32	0	2
ptg020719l_1	13777	32128	2.33	0	4
ptg020719l_1_region	13777	32128	2.33	0	4
ptg020723l_1	23690	79134	3.34	0	9
ptg020723l_1_region	23690	79134	3.34	0	9
ptg020726l_1	73586	273670	3.72	0	22
ptg020726l_1_region	73586	273670	3.72	0	22
ptg020728l_1	35827	116916	3.26	0	7
ptg020728l_1_region	35827	116916	3.26	0	7
ptg020729l_1	47898	452694	9.45	0	24
ptg020729l_1_region	47898	452694	9.45	0	24
ptg020730l_1	22045	178708	8.11	0	25
ptg020730l_1_region	22045	178708	8.11	0	25
ptg020731l_1	24209	106190	4.39	0	8
ptg020731l_1_region	24209	106190	4.39	0	8
ptg020732l_1	19892	21757	1.09	0	4
ptg020732l_1_region	19892	21757	1.09	0	4
ptg020734l_1	12170	67082	5.51	0	15
ptg020734l_1_region	12170	67082	5.51	0	15
ptg020735l_1	333742	1702460	5.10	0	17
ptg020735l_1_region	333742	1702460	5.10	0	17
ptg020737l_1	17980	114960	6.39	0	14
ptg020737l_1_region	17980	114960	6.39	0	14
ptg020738l_1	44722	219450	4.91	0	15
ptg020738l_1_region	44722	219450	4.91	0	15
ptg020747l_1	30938	112925	3.65	0	7
ptg020747l_1_region	30938	112925	3.65	0	7
ptg020749l_1	56495	284494	5.04	0	13
ptg020749l_1_region	56495	284494	5.04	0	13
ptg020750l_1	117568	540427	4.60	0	13
ptg020750l_1_region	117568	540427	4.60	0	13
ptg020751l_1	23543	113579	4.82	0	14
ptg020751l_1_region	23543	113579	4.82	0	14
ptg020752l_1	32287	206395	6.39	0	12
ptg020752l_1_region	32287	206395	6.39	0	12
ptg020754l_1	24228	64658	2.67	0	10
ptg020754l_1_region	24228	64658	2.67	0	10
ptg020755l_1	64161	279525	4.36	0	21
ptg020755l_1_region	64161	279525	4.36	0	21
ptg020758l_1	13472	24005	1.78	0	5
ptg020758l_1_region	13472	24005	1.78	0	5
ptg020759l_1	27809	237776	8.55	0	15
ptg020759l_1_region	27809	237776	8.55	0	15
ptg020762l_1	30993	244886	7.90	0	265
ptg020762l_1_region	30993	244886	7.90	0	265
ptg020764l_1	29490	88062	2.99	0	7
ptg020764l_1_region	29490	88062	2.99	0	7
ptg020765l_1	15946	14942	0.94	0	4
ptg020765l_1_region	15946	14942	0.94	0	4
ptg020766l_1	23654	40567	1.72	0	3
ptg020766l_1_region	23654	40567	1.72	0	3
ptg020768l_1	48141	164292	3.41	0	21
ptg020768l_1_region	48141	164292	3.41	0	21
ptg020770l_1	22495	57769	2.57	0	6
ptg020770l_1_region	22495	57769	2.57	0	6
ptg020771l_1	24301	28011	1.15	0	3
ptg020771l_1_region	24301	28011	1.15	0	3
ptg020777l_1	57882	328099	5.67	0	12
ptg020777l_1_region	57882	328099	5.67	0	12
ptg020779l_1	37058	73153	1.97	0	6
ptg020779l_1_region	37058	73153	1.97	0	6
ptg020782l_1	21978	92885	4.23	0	9
ptg020782l_1_region	21978	92885	4.23	0	9
ptg020783l_1	19470	55686	2.86	0	6
ptg020783l_1_region	19470	55686	2.86	0	6
ptg020785l_1	48686	1014900	20.85	0	42
ptg020785l_1_region	48686	1014900	20.85	0	42
ptg020786l_1	19607	126630	6.46	0	15
ptg020786l_1_region	19607	126630	6.46	0	15
ptg020791l_1	10450	22348	2.14	0	5
ptg020791l_1_region	10450	22348	2.14	0	5
ptg020795l_1	58702	495347	8.44	0	37
ptg020795l_1_region	58702	495347	8.44	0	37
ptg020796l_1	19180	58750	3.06	0	7
ptg020796l_1_region	19180	58750	3.06	0	7
ptg020805l_1	23289	135076	5.80	0	14
ptg020805l_1_region	23289	135076	5.80	0	14
ptg020806l_1	18649	71075	3.81	0	8
ptg020806l_1_region	18649	71075	3.81	0	8
ptg020807l_1	25141	86190	3.43	0	11
ptg020807l_1_region	25141	86190	3.43	0	11
ptg020808l_1	23649	48586	2.05	0	17
ptg020808l_1_region	23649	48586	2.05	0	17
ptg020809l_1	19433	72989	3.76	0	9
ptg020809l_1_region	19433	72989	3.76	0	9
ptg020810l_1	24827	55728	2.24	0	7
ptg020810l_1_region	24827	55728	2.24	0	7
ptg020815l_1	54472	218387	4.01	0	16
ptg020815l_1_region	54472	218387	4.01	0	16
ptg020817l_1	26037	119163	4.58	0	15
ptg020817l_1_region	26037	119163	4.58	0	15
ptg020827l_1	16881	24905	1.48	0	7
ptg020827l_1_region	16881	24905	1.48	0	7
ptg020829l_1	48216	186507	3.87	0	13
ptg020829l_1_region	48216	186507	3.87	0	13
ptg020835l_1	21822	447024	20.49	0	49
ptg020835l_1_region	21822	447024	20.49	0	49
ptg020838l_1	52376	359996	6.87	0	33
ptg020838l_1_region	52376	359996	6.87	0	33
ptg020839l_1	49425	210873	4.27	0	11
ptg020839l_1_region	49425	210873	4.27	0	11
ptg020841l_1	98323	353702	3.60	0	13
ptg020841l_1_region	98323	353702	3.60	0	13
ptg020844l_1	15263	48163	3.16	0	6
ptg020844l_1_region	15263	48163	3.16	0	6
ptg020847l_1	10006	18222	1.82	0	4
ptg020847l_1_region	10006	18222	1.82	0	4
ptg020851l_1	12154	17586	1.45	0	3
ptg020851l_1_region	12154	17586	1.45	0	3
ptg020855l_1	77061	269647	3.50	0	10
ptg020855l_1_region	77061	269647	3.50	0	10
ptg020856l_1	16970	66488	3.92	0	7
ptg020856l_1_region	16970	66488	3.92	0	7
ptg020859l_1	18858	89751	4.76	0	12
ptg020859l_1_region	18858	89751	4.76	0	12
ptg020861l_1	17688	51964	2.94	0	5
ptg020861l_1_region	17688	51964	2.94	0	5
ptg020873l_1	45666	182116	3.99	0	11
ptg020873l_1_region	45666	182116	3.99	0	11
ptg020874l_1	25462	75539	2.97	0	6
ptg020874l_1_region	25462	75539	2.97	0	6
ptg020876l_1	35070	165867	4.73	0	24
ptg020876l_1_region	35070	165867	4.73	0	24
ptg020878l_1	37701	202916	5.38	0	11
ptg020878l_1_region	37701	202916	5.38	0	11
ptg020902l_1	25150	99486	3.96	0	7
ptg020902l_1_region	25150	99486	3.96	0	7
ptg020906l_1	68667	483720	7.04	0	15
ptg020906l_1_region	68667	483720	7.04	0	15
ptg020914l_1	39680	228133	5.75	0	99
ptg020914l_1_region	39680	228133	5.75	0	99
ptg020924l_1	29029	145768	5.02	0	9
ptg020924l_1_region	29029	145768	5.02	0	9
ptg020933l_1	24954	85259	3.42	0	6
ptg020933l_1_region	24954	85259	3.42	0	6
ptg020934l_1	18491	67486	3.65	0	6
ptg020934l_1_region	18491	67486	3.65	0	6
ptg020939l_1	36729	280400	7.63	0	21
ptg020939l_1_region	36729	280400	7.63	0	21
ptg020968l_1	40453	324982	8.03	0	25
ptg020968l_1_region	40453	324982	8.03	0	25
ptg020976l_1	63938	167260	2.62	0	17
ptg020976l_1_region	63938	167260	2.62	0	17
ptg020984l_1	23524	243670	10.36	0	28
ptg020984l_1_region	23524	243670	10.36	0	28
ptg020989l_1	29178	103616	3.55	0	10
ptg020989l_1_region	29178	103616	3.55	0	10
ptg020991l_1	21540	89504	4.16	0	9
ptg020991l_1_region	21540	89504	4.16	0	9
ptg020995l_1	451005	4066053	9.02	0	73
ptg020995l_1_region	451005	4066053	9.02	0	73
ptg020999l_1	17573	58210	3.31	0	10
ptg020999l_1_region	17573	58210	3.31	0	10
ptg021002l_1	56578	176628	3.12	0	8
ptg021002l_1_region	56578	176628	3.12	0	8
ptg021004l_1	85952	231093	2.69	0	18
ptg021004l_1_region	85952	231093	2.69	0	18
ptg021010l_1	14584	67225	4.61	0	10
ptg021010l_1_region	14584	67225	4.61	0	10
ptg021015l_1	15931	57967	3.64	0	19
ptg021015l_1_region	15931	57967	3.64	0	19
ptg021044l_1	12329	54338	4.41	0	8
ptg021044l_1_region	12329	54338	4.41	0	8
ptg021046l_1	110487	721936	6.53	0	24
ptg021046l_1_region	110487	721936	6.53	0	24
ptg021065l_1	37509	130970	3.49	0	8
ptg021065l_1_region	37509	130970	3.49	0	8
ptg021070l_1	30537	76913	2.52	0	18
ptg021070l_1_region	30537	76913	2.52	0	18
ptg021082l_1	15773	85014	5.39	0	10
ptg021082l_1_region	15773	85014	5.39	0	10
ptg021083l_1	48747	139475	2.86	0	8
ptg021083l_1_region	48747	139475	2.86	0	8
ptg021086l_1	55195	213270	3.86	0	10
ptg021086l_1_region	55195	213270	3.86	0	10
ptg021118l_1	94904	262429	2.77	0	20
ptg021118l_1_region	94904	262429	2.77	0	20
ptg021130l_1	20997	67961	3.24	0	7
ptg021130l_1_region	20997	67961	3.24	0	7
ptg021141l_1	19363	97420	5.03	0	13
ptg021141l_1_region	19363	97420	5.03	0	13
ptg021161l_1	69868	225171	3.22	0	10
ptg021161l_1_region	69868	225171	3.22	0	10
ptg021162l_1	11682	9589	0.82	0	3
ptg021162l_1_region	11682	9589	0.82	0	3
ptg021164l_1	22168	37499	1.69	0	4
ptg021164l_1_region	22168	37499	1.69	0	4
ptg021165l_1	60151	451785	7.51	0	133
ptg021165l_1_region	60151	451785	7.51	0	133
ptg021169l_1	51347	155328	3.03	0	10
ptg021169l_1_region	51347	155328	3.03	0	10
ptg021182l_1	23417	93744	4.00	0	10
ptg021182l_1_region	23417	93744	4.00	0	10
ptg021186l_1	25704	82477	3.21	0	11
ptg021186l_1_region	25704	82477	3.21	0	11
ptg021188l_1	45669	79916	1.75	0	9
ptg021188l_1_region	45669	79916	1.75	0	9
ptg021190l_1	103921	1655768	15.93	0	100
ptg021190l_1_region	103921	1655768	15.93	0	100
ptg021196l_1	43783	117243	2.68	0	5
ptg021196l_1_region	43783	117243	2.68	0	5
ptg021229l_1	85602	355826	4.16	0	22
ptg021229l_1_region	85602	355826	4.16	0	22
ptg021238l_1	40983	147283	3.59	0	10
ptg021238l_1_region	40983	147283	3.59	0	10
ptg021243l_1	20356	28564	1.40	0	5
ptg021243l_1_region	20356	28564	1.40	0	5
ptg021249l_1	14506	66964	4.62	0	37
ptg021249l_1_region	14506	66964	4.62	0	37
ptg021252l_1	29307	171700	5.86	0	27
ptg021252l_1_region	29307	171700	5.86	0	27
ptg021255l_1	41375	77364	1.87	0	7
ptg021255l_1_region	41375	77364	1.87	0	7
ptg021256l_1	209121	904760	4.33	0	16
ptg021256l_1_region	209121	904760	4.33	0	16
ptg021263l_1	22678	129139	5.69	0	13
ptg021263l_1_region	22678	129139	5.69	0	13
ptg021264l_1	15030	43929	2.92	0	12
ptg021264l_1_region	15030	43929	2.92	0	12
ptg021268l_1	13172	28497	2.16	0	6
ptg021268l_1_region	13172	28497	2.16	0	6
ptg021288l_1	26304	78009	2.97	0	16
ptg021288l_1_region	26304	78009	2.97	0	16
ptg021304l_1	46700	188694	4.04	0	7
ptg021304l_1_region	46700	188694	4.04	0	7
ptg021307l_1	43625	12508	0.29	0	4
ptg021307l_1_region	43625	12508	0.29	0	4
ptg021311l_1	102146	419790	4.11	0	14
ptg021311l_1_region	102146	419790	4.11	0	14
ptg021320l_1	87878	562478	6.40	0	23
ptg021320l_1_region	87878	562478	6.40	0	23
ptg021330l_1	17567	63083	3.59	0	8
ptg021330l_1_region	17567	63083	3.59	0	8
ptg021341l_1	46341	164784	3.56	0	13
ptg021341l_1_region	46341	164784	3.56	0	13
ptg021347l_1	11925	16782	1.41	0	3
ptg021347l_1_region	11925	16782	1.41	0	3
ptg021354l_1	36352	29750	0.82	0	7
ptg021354l_1_region	36352	29750	0.82	0	7
ptg021361l_1	50030	179473	3.59	0	12
ptg021361l_1_region	50030	179473	3.59	0	12
ptg021370l_1	63990	76328	1.19	0	9
ptg021370l_1_region	63990	76328	1.19	0	9
ptg021372l_1	44547	218552	4.91	0	11
ptg021372l_1_region	44547	218552	4.91	0	11
ptg021376l_1	18168	27544	1.52	0	7
ptg021376l_1_region	18168	27544	1.52	0	7
ptg021378l_1	130856	247735	1.89	0	37
ptg021378l_1_region	130856	247735	1.89	0	37
ptg021390l_1	12918	57776	4.47	0	7
ptg021390l_1_region	12918	57776	4.47	0	7
ptg021394l_1	11732	69952	5.96	0	12
ptg021394l_1_region	11732	69952	5.96	0	12
ptg021406l_1	13438	39600	2.95	0	5
ptg021406l_1_region	13438	39600	2.95	0	5
ptg021408l_1	42914	724180	16.88	0	29
ptg021408l_1_region	42914	724180	16.88	0	29
ptg021412l_1	57676	207717	3.60	0	10
ptg021412l_1_region	57676	207717	3.60	0	10
ptg021414l_1	32885	133947	4.07	0	8
ptg021414l_1_region	32885	133947	4.07	0	8
ptg021420l_1	13603	26953	1.98	0	6
ptg021420l_1_region	13603	26953	1.98	0	6
ptg021422l_1	17736	43686	2.46	0	8
ptg021422l_1_region	17736	43686	2.46	0	8
ptg021424l_1	56905	186634	3.28	0	9
ptg021424l_1_region	56905	186634	3.28	0	9
ptg021426l_1	24959	172728	6.92	0	13
ptg021426l_1_region	24959	172728	6.92	0	13
ptg021432l_1	110346	689470	6.25	0	24
ptg021432l_1_region	110346	689470	6.25	0	24
ptg021433l_1	19545	137170	7.02	0	17
ptg021433l_1_region	19545	137170	7.02	0	17
ptg021434l_1	17708	52599	2.97	0	6
ptg021434l_1_region	17708	52599	2.97	0	6
ptg021443l_1	13683	6019	0.44	0	1
ptg021443l_1_region	13683	6019	0.44	0	1
ptg021447l_1	20049	14790	0.74	0	3
ptg021447l_1_region	20049	14790	0.74	0	3
ptg021448l_1	109025	274640	2.52	0	9
ptg021448l_1_region	109025	274640	2.52	0	9
ptg021451l_1	44757	324455	7.25	0	17
ptg021451l_1_region	44757	324455	7.25	0	17
ptg021452l_1	28550	85440	2.99	0	8
ptg021452l_1_region	28550	85440	2.99	0	8
ptg021455l_1	23461	54068	2.30	0	4
ptg021455l_1_region	23461	54068	2.30	0	4
ptg021465l_1	25439	91107	3.58	0	10
ptg021465l_1_region	25439	91107	3.58	0	10
ptg021477l_1	18359	66685	3.63	0	9
ptg021477l_1_region	18359	66685	3.63	0	9
ptg021487l_1	98785	634993	6.43	0	29
ptg021487l_1_region	98785	634993	6.43	0	29
ptg021489l_1	100425	2239613	22.30	0	48
ptg021489l_1_region	100425	2239613	22.30	0	48
ptg021491l_1	51797	256826	4.96	0	13
ptg021491l_1_region	51797	256826	4.96	0	13
ptg021492l_1	33883	124767	3.68	0	9
ptg021492l_1_region	33883	124767	3.68	0	9
ptg021499l_1	19174	25344	1.32	0	5
ptg021499l_1_region	19174	25344	1.32	0	5
ptg021501l_1	48485	89717	1.85	0	34
ptg021501l_1_region	48485	89717	1.85	0	34
ptg021502l_1	53021	18772	0.35	0	2
ptg021502l_1_region	53021	18772	0.35	0	2
ptg021506l_1	8256	28570	3.46	0	13
ptg021506l_1_region	8256	28570	3.46	0	13
ptg021510l_1	58336	231263	3.96	0	9
ptg021510l_1_region	58336	231263	3.96	0	9
ptg021511l_1	71889	302903	4.21	0	11
ptg021511l_1_region	71889	302903	4.21	0	11
ptg021513l_1	71488	263876	3.69	0	22
ptg021513l_1_region	71488	263876	3.69	0	22
ptg021514l_1	34105	139098	4.08	0	13
ptg021514l_1_region	34105	139098	4.08	0	13
ptg021515l_1	34156	15019	0.44	0	1
ptg021515l_1_region	34156	15019	0.44	0	1
ptg021518l_1	20772	62776	3.02	0	6
ptg021518l_1_region	20772	62776	3.02	0	6
ptg021538l_1	24903	145332	5.84	0	13
ptg021538l_1_region	24903	145332	5.84	0	13
ptg021542l_1	49545	517551	10.45	0	95
ptg021542l_1_region	49545	517551	10.45	0	95
ptg021546l_1	26044	83074	3.19	0	9
ptg021546l_1_region	26044	83074	3.19	0	9
ptg021554l_1	22068	263752	11.95	0	22
ptg021554l_1_region	22068	263752	11.95	0	22
ptg021556l_1	14004	31938	2.28	0	6
ptg021556l_1_region	14004	31938	2.28	0	6
ptg021557l_1	35135	8297	0.24	0	4
ptg021557l_1_region	35135	8297	0.24	0	4
ptg021560l_1	15718	58008	3.69	0	9
ptg021560l_1_region	15718	58008	3.69	0	9
ptg021582l_1	30834	95643	3.10	0	23
ptg021582l_1_region	30834	95643	3.10	0	23
ptg021590l_1	453957	4016192	8.85	0	103
ptg021590l_1_region	453957	4016192	8.85	0	103
ptg021611l_1	45564	240780	5.28	0	12
ptg021611l_1_region	45564	240780	5.28	0	12
ptg021616l_1	12827	36421	2.84	0	4
ptg021616l_1_region	12827	36421	2.84	0	4
ptg021625l_1	29843	273332	9.16	3	14
ptg021625l_1_region	29843	273332	9.16	3	14
ptg021630l_1	31618	15985	0.51	0	3
ptg021630l_1_region	31618	15985	0.51	0	3
ptg021632l_1	569295	3909787	6.87	0	36
ptg021632l_1_region	569295	3909787	6.87	0	36
ptg021636l_1	14068	144119	10.24	0	24
ptg021636l_1_region	14068	144119	10.24	0	24
ptg021652l_1	36931	144405	3.91	0	10
ptg021652l_1_region	36931	144405	3.91	0	10
ptg021654l_1	57469	746517	12.99	0	103
ptg021654l_1_region	57469	746517	12.99	0	103
ptg021656l_1	8725	19090	2.19	0	4
ptg021656l_1_region	8725	19090	2.19	0	4
ptg021660l_1	139404	1597897	11.46	0	61
ptg021660l_1_region	139404	1597897	11.46	0	61
ptg021675l_1	20487	101868	4.97	0	16
ptg021675l_1_region	20487	101868	4.97	0	16
ptg021681l_1	9706	12369	1.27	0	3
ptg021681l_1_region	9706	12369	1.27	0	3
ptg021689l_1	42110	251251	5.97	0	14
ptg021689l_1_region	42110	251251	5.97	0	14
ptg021701l_1	60224	181866	3.02	0	11
ptg021701l_1_region	60224	181866	3.02	0	11
ptg021705l_1	26100	72310	2.77	0	6
ptg021705l_1_region	26100	72310	2.77	0	6
ptg021711l_1	75354	348307	4.62	0	19
ptg021711l_1_region	75354	348307	4.62	0	19
ptg021714l_1	31625	91470	2.89	0	10
ptg021714l_1_region	31625	91470	2.89	0	10
ptg021719l_1	121795	507686	4.17	0	11
ptg021719l_1_region	121795	507686	4.17	0	11
ptg021724l_1	56657	162554	2.87	0	9
ptg021724l_1_region	56657	162554	2.87	0	9
ptg021731l_1	18783	55559	2.96	0	9
ptg021731l_1_region	18783	55559	2.96	0	9
ptg021732l_1	33147	281520	8.49	0	15
ptg021732l_1_region	33147	281520	8.49	0	15
ptg021737l_1	50955	227903	4.47	0	28
ptg021737l_1_region	50955	227903	4.47	0	28
ptg021741l_1	10960	38400	3.50	0	6
ptg021741l_1_region	10960	38400	3.50	0	6
ptg021744l_1	26232	87895	3.35	0	9
ptg021744l_1_region	26232	87895	3.35	0	9
ptg021750l_1	25591	159732	6.24	0	15
ptg021750l_1_region	25591	159732	6.24	0	15
ptg021758l_1	48397	164162	3.39	0	13
ptg021758l_1_region	48397	164162	3.39	0	13
ptg021768l_1	31740	73132	2.30	0	11
ptg021768l_1_region	31740	73132	2.30	0	11
ptg021777l_1	26312	171458	6.52	0	12
ptg021777l_1_region	26312	171458	6.52	0	12
ptg021781l_1	48818	241136	4.94	0	16
ptg021781l_1_region	48818	241136	4.94	0	16
ptg021786l_1	13074	4261	0.33	0	3
ptg021786l_1_region	13074	4261	0.33	0	3
ptg021792l_1	15566	30212	1.94	0	8
ptg021792l_1_region	15566	30212	1.94	0	8
ptg021796l_1	26294	10998	0.42	0	5
ptg021796l_1_region	26294	10998	0.42	0	5
ptg021800l_1	55672	564891	10.15	0	91
ptg021800l_1_region	55672	564891	10.15	0	91
ptg021802l_1	6635	9384	1.41	0	3
ptg021802l_1_region	6635	9384	1.41	0	3
ptg021806l_1	65403	234270	3.58	0	11
ptg021806l_1_region	65403	234270	3.58	0	11
ptg021815l_1	10719	25969	2.42	0	8
ptg021815l_1_region	10719	25969	2.42	0	8
ptg021818l_1	33926	115153	3.39	0	7
ptg021818l_1_region	33926	115153	3.39	0	7
ptg021822l_1	15133	32348	2.14	0	7
ptg021822l_1_region	15133	32348	2.14	0	7
ptg021829l_1	166155	665047	4.00	0	21
ptg021829l_1_region	166155	665047	4.00	0	21
ptg021841l_1	39963	152326	3.81	0	12
ptg021841l_1_region	39963	152326	3.81	0	12
ptg021842l_1	23582	154219	6.54	0	9
ptg021842l_1_region	23582	154219	6.54	0	9
ptg021845l_1	48086	451029	9.38	0	17
ptg021845l_1_region	48086	451029	9.38	0	17
ptg021853l_1	15602	1833	0.12	0	3
ptg021853l_1_region	15602	1833	0.12	0	3
ptg021854l_1	145036	966377	6.66	0	15
ptg021854l_1_region	145036	966377	6.66	0	15
ptg021862l_1	22864	62463	2.73	0	11
ptg021862l_1_region	22864	62463	2.73	0	11
ptg021870l_1	17987	50912	2.83	0	6
ptg021870l_1_region	17987	50912	2.83	0	6
ptg021872l_1	16593	13353	0.80	0	2
ptg021872l_1_region	16593	13353	0.80	0	2
ptg021873l_1	18174	86674	4.77	0	7
ptg021873l_1_region	18174	86674	4.77	0	7
ptg021883l_1	19884	53531	2.69	0	10
ptg021883l_1_region	19884	53531	2.69	0	10
ptg021898l_1	75710	170203	2.25	0	11
ptg021898l_1_region	75710	170203	2.25	0	11
ptg021901l_1	16225	44515	2.74	0	9
ptg021901l_1_region	16225	44515	2.74	0	9
ptg021903l_1	53646	97311	1.81	0	7
ptg021903l_1_region	53646	97311	1.81	0	7
ptg021904l_1	55330	189826	3.43	0	9
ptg021904l_1_region	55330	189826	3.43	0	9
ptg021912l_1	110874	443003	4.00	0	10
ptg021912l_1_region	110874	443003	4.00	0	10
ptg021919l_1	23593	118623	5.03	0	12
ptg021919l_1_region	23593	118623	5.03	0	12
ptg021922l_1	65609	289934	4.42	0	10
ptg021922l_1_region	65609	289934	4.42	0	10
ptg021929l_1	53773	225893	4.20	0	9
ptg021929l_1_region	53773	225893	4.20	0	9
ptg021933l_1	17960	88182	4.91	0	11
ptg021933l_1_region	17960	88182	4.91	0	11
ptg021934l_1	11875	34228	2.88	0	6
ptg021934l_1_region	11875	34228	2.88	0	6
ptg021938l_1	34321	123473	3.60	0	13
ptg021938l_1_region	34321	123473	3.60	0	13
ptg021943l_1	20386	79793	3.91	0	19
ptg021943l_1_region	20386	79793	3.91	0	19
ptg021948l_1	13284	45943	3.46	0	7
ptg021948l_1_region	13284	45943	3.46	0	7
ptg021952l_1	18870	41018	2.17	0	8
ptg021952l_1_region	18870	41018	2.17	0	8
ptg021965l_1	16749	4714	0.28	0	1
ptg021965l_1_region	16749	4714	0.28	0	1
ptg021966l_1	22474	80513	3.58	0	7
ptg021966l_1_region	22474	80513	3.58	0	7
ptg021971l_1	14753	35566	2.41	0	5
ptg021971l_1_region	14753	35566	2.41	0	5
ptg021981l_1	24595	71900	2.92	0	6
ptg021981l_1_region	24595	71900	2.92	0	6
ptg021995l_1	22954	38009	1.66	0	4
ptg021995l_1_region	22954	38009	1.66	0	4
ptg021997l_1	25743	38757	1.51	0	9
ptg021997l_1_region	25743	38757	1.51	0	9
ptg021998l_1	25768	108524	4.21	0	8
ptg021998l_1_region	25768	108524	4.21	0	8
ptg022007l_1	83560	69221	0.83	0	9
ptg022007l_1_region	83560	69221	0.83	0	9
ptg022015l_1	11107	17861	1.61	0	3
ptg022015l_1_region	11107	17861	1.61	0	3
ptg022017l_1	20714	36047	1.74	0	9
ptg022017l_1_region	20714	36047	1.74	0	9
ptg022021l_1	25444	193180	7.59	0	17
ptg022021l_1_region	25444	193180	7.59	0	17
ptg022026l_1	14994	40031	2.67	0	5
ptg022026l_1_region	14994	40031	2.67	0	5
ptg022032l_1	17000	60321	3.55	0	8
ptg022032l_1_region	17000	60321	3.55	0	8
ptg022033l_1	16817	33570	2.00	0	7
ptg022033l_1_region	16817	33570	2.00	0	7
ptg022046l_1	19022	104258	5.48	0	11
ptg022046l_1_region	19022	104258	5.48	0	11
ptg022047l_1	21162	67202	3.18	0	9
ptg022047l_1_region	21162	67202	3.18	0	9
ptg022050l_1	17941	48266	2.69	0	8
ptg022050l_1_region	17941	48266	2.69	0	8
ptg022051l_1	14931	23481	1.57	0	5
ptg022051l_1_region	14931	23481	1.57	0	5
ptg022053l_1	31763	127204	4.00	0	7
ptg022053l_1_region	31763	127204	4.00	0	7
ptg022058l_1	32460	159551	4.92	0	11
ptg022058l_1_region	32460	159551	4.92	0	11
ptg022064l_1	12029	56995	4.74	2	8
ptg022064l_1_region	12029	56995	4.74	2	8
ptg022067l_1	24523	139837	5.70	0	11
ptg022067l_1_region	24523	139837	5.70	0	11
ptg022073l_1	17691	62406	3.53	0	5
ptg022073l_1_region	17691	62406	3.53	0	5
ptg022082l_1	16052	87983	5.48	0	14
ptg022082l_1_region	16052	87983	5.48	0	14
ptg022090l_1	34987	616288	17.61	0	50
ptg022090l_1_region	34987	616288	17.61	0	50
ptg022092l_1	61192	263062	4.30	0	12
ptg022092l_1_region	61192	263062	4.30	0	12
ptg022097l_1	24701	125592	5.08	0	11
ptg022097l_1_region	24701	125592	5.08	0	11
ptg022104l_1	35441	116774	3.29	0	6
ptg022104l_1_region	35441	116774	3.29	0	6
ptg022105l_1	24015	35404	1.47	0	3
ptg022105l_1_region	24015	35404	1.47	0	3
ptg022107l_1	10294	13981	1.36	0	5
ptg022107l_1_region	10294	13981	1.36	0	5
ptg022112l_1	29316	252032	8.60	0	19
ptg022112l_1_region	29316	252032	8.60	0	19
ptg022115l_1	35178	78753	2.24	0	7
ptg022115l_1_region	35178	78753	2.24	0	7
ptg022120l_1	29858	90154	3.02	0	9
ptg022120l_1_region	29858	90154	3.02	0	9
ptg022137l_1	26989	80290	2.97	0	9
ptg022137l_1_region	26989	80290	2.97	0	9
ptg022151l_1	27631	96626	3.50	0	9
ptg022151l_1_region	27631	96626	3.50	0	9
ptg022157l_1	23148	4585	0.20	0	1
ptg022157l_1_region	23148	4585	0.20	0	1
ptg022160l_1	34877	53225	1.53	0	4
ptg022160l_1_region	34877	53225	1.53	0	4
ptg022161l_1	29140	324978	11.15	0	60
ptg022161l_1_region	29140	324978	11.15	0	60
ptg022163l_1	74533	40986	0.55	0	3
ptg022163l_1_region	74533	40986	0.55	0	3
ptg022166l_1	41081	1624373	39.54	0	129
ptg022166l_1_region	41081	1624373	39.54	0	129
ptg022167l_1	44884	1475656	32.88	1	90
ptg022167l_1_region	44884	1475656	32.88	1	90
ptg022168l_1	19510	114530	5.87	0	14
ptg022168l_1_region	19510	114530	5.87	0	14
ptg022169l_1	24136	23983	0.99	0	3
ptg022169l_1_region	24136	23983	0.99	0	3
ptg022171l_1	20384	169297	8.31	0	18
ptg022171l_1_region	20384	169297	8.31	0	18
ptg022172l_1	114655	1397388	12.19	0	57
ptg022172l_1_region	114655	1397388	12.19	0	57
ptg022173l_1	34843	132983	3.82	0	9
ptg022173l_1_region	34843	132983	3.82	0	9
ptg022175l_1	12752	51143	4.01	0	9
ptg022175l_1_region	12752	51143	4.01	0	9
ptg022178l_1	72296	333753	4.62	0	13
ptg022178l_1_region	72296	333753	4.62	0	13
ptg022179l_1	10544	57960	5.50	0	9
ptg022179l_1_region	10544	57960	5.50	0	9
ptg022181l_1	22415	66463	2.97	0	8
ptg022181l_1_region	22415	66463	2.97	0	8
ptg022184l_1	29220	53798	1.84	0	4
ptg022184l_1_region	29220	53798	1.84	0	4
ptg022186l_1	87677	404812	4.62	0	16
ptg022186l_1_region	87677	404812	4.62	0	16
ptg022193l_1	82535	5501	0.07	0	1
ptg022193l_1_region	82535	5501	0.07	0	1
ptg022196l_1	33119	214804	6.49	0	17
ptg022196l_1_region	33119	214804	6.49	0	17
ptg022210l_1	17900	69501	3.88	0	8
ptg022210l_1_region	17900	69501	3.88	0	8
ptg022211l_1	24544	894685	36.45	0	112
ptg022211l_1_region	24544	894685	36.45	0	112
ptg022215l_1	23849	84851	3.56	0	11
ptg022215l_1_region	23849	84851	3.56	0	11
ptg022216l_1	24044	26803	1.11	0	3
ptg022216l_1_region	24044	26803	1.11	0	3
ptg022217l_1	65410	523495	8.00	0	24
ptg022217l_1_region	65410	523495	8.00	0	24
ptg022219l_1	37824	142048	3.76	0	7
ptg022219l_1_region	37824	142048	3.76	0	7
ptg022220l_1	18184	91792	5.05	0	12
ptg022220l_1_region	18184	91792	5.05	0	12
ptg022221l_1	32865	250838	7.63	0	19
ptg022221l_1_region	32865	250838	7.63	0	19
ptg022222l_1	109866	471259	4.29	0	17
ptg022222l_1_region	109866	471259	4.29	0	17
ptg022223l_1	21706	107915	4.97	0	9
ptg022223l_1_region	21706	107915	4.97	0	9
ptg022227l_1	11692	25906	2.22	0	5
ptg022227l_1_region	11692	25906	2.22	0	5
ptg022228l_1	61779	138879	2.25	0	11
ptg022228l_1_region	61779	138879	2.25	0	11
ptg022232l_1	9746	33745	3.46	0	7
ptg022232l_1_region	9746	33745	3.46	0	7
ptg022239l_1	39862	116719	2.93	0	6
ptg022239l_1_region	39862	116719	2.93	0	6
ptg022250l_1	41987	211557	5.04	0	20
ptg022250l_1_region	41987	211557	5.04	0	20
ptg022253l_1	8095	21629	2.67	0	5
ptg022253l_1_region	8095	21629	2.67	0	5
ptg022254l_1	8921	13091	1.47	0	3
ptg022254l_1_region	8921	13091	1.47	0	3
ptg022264l_1	12376	16002	1.29	0	3
ptg022264l_1_region	12376	16002	1.29	0	3
ptg022271l_1	71778	265082	3.69	0	10
ptg022271l_1_region	71778	265082	3.69	0	10
ptg022279l_1	67527	323876	4.80	0	15
ptg022279l_1_region	67527	323876	4.80	0	15
ptg022285l_1	33957	192600	5.67	0	15
ptg022285l_1_region	33957	192600	5.67	0	15
ptg022287l_1	25335	34138	1.35	0	4
ptg022287l_1_region	25335	34138	1.35	0	4
ptg022304l_1	37107	127318	3.43	0	8
ptg022304l_1_region	37107	127318	3.43	0	8
ptg022317l_1	63693	326181	5.12	0	19
ptg022317l_1_region	63693	326181	5.12	0	19
ptg022326l_1	51312	192743	3.76	0	11
ptg022326l_1_region	51312	192743	3.76	0	11
ptg022343l_1	22758	117133	5.15	0	10
ptg022343l_1_region	22758	117133	5.15	0	10
ptg022344l_1	13057	16621	1.27	0	3
ptg022344l_1_region	13057	16621	1.27	0	3
ptg022349l_1	19753	42935	2.17	0	5
ptg022349l_1_region	19753	42935	2.17	0	5
ptg022351l_1	44912	238295	5.31	0	11
ptg022351l_1_region	44912	238295	5.31	0	11
ptg022352l_1	17551	31030	1.77	0	9
ptg022352l_1_region	17551	31030	1.77	0	9
ptg022354l_1	24412	194165	7.95	0	38
ptg022354l_1_region	24412	194165	7.95	0	38
ptg022363l_1	47330	30799	0.65	0	17
ptg022363l_1_region	47330	30799	0.65	0	17
ptg022366l_1	18387	168532	9.17	1	17
ptg022366l_1_region	18387	168532	9.17	1	17
ptg022367l_1	93998	450705	4.79	0	31
ptg022367l_1_region	93998	450705	4.79	0	31
ptg022371l_1	19030	18885	0.99	0	3
ptg022371l_1_region	19030	18885	0.99	0	3
ptg022373l_1	19335	10151	0.53	0	1
ptg022373l_1_region	19335	10151	0.53	0	1
ptg022377l_1	25722	126965	4.94	0	12
ptg022377l_1_region	25722	126965	4.94	0	12
ptg022381l_1	24996	67184	2.69	0	7
ptg022381l_1_region	24996	67184	2.69	0	7
ptg022383l_1	20854	119935	5.75	0	13
ptg022383l_1_region	20854	119935	5.75	0	13
ptg022387l_1	75286	817505	10.86	0	33
ptg022387l_1_region	75286	817505	10.86	0	33
ptg022396l_1	15753	78869	5.01	0	12
ptg022396l_1_region	15753	78869	5.01	0	12
ptg022398l_1	13016	343953	26.43	0	83
ptg022398l_1_region	13016	343953	26.43	0	83
ptg022403l_1	47894	135513	2.83	0	8
ptg022403l_1_region	47894	135513	2.83	0	8
ptg022409l_1	12345	64339	5.21	0	16
ptg022409l_1_region	12345	64339	5.21	0	16
ptg022411l_1	6472	23526	3.64	0	19
ptg022411l_1_region	6472	23526	3.64	0	19
ptg022422l_1	17911	30940	1.73	0	5
ptg022422l_1_region	17911	30940	1.73	0	5
ptg022426l_1	39609	144098	3.64	0	10
ptg022426l_1_region	39609	144098	3.64	0	10
ptg022436l_1	37764	209781	5.56	0	18
ptg022436l_1_region	37764	209781	5.56	0	18
ptg022438l_1	12337	38861	3.15	0	8
ptg022438l_1_region	12337	38861	3.15	0	8
ptg022445l_1	33340	117527	3.53	0	12
ptg022445l_1_region	33340	117527	3.53	0	12
ptg022451l_1	27191	45061	1.66	0	4
ptg022451l_1_region	27191	45061	1.66	0	4
ptg022452l_1	17275	22388	1.30	0	4
ptg022452l_1_region	17275	22388	1.30	0	4
ptg022454l_1	86026	1057724	12.30	0	73
ptg022454l_1_region	86026	1057724	12.30	0	73
ptg022455l_1	16275	8973	0.55	0	2
ptg022455l_1_region	16275	8973	0.55	0	2
ptg022478l_1	14961	8404	0.56	0	2
ptg022478l_1_region	14961	8404	0.56	0	2
ptg022482l_1	26110	32313	1.24	0	4
ptg022482l_1_region	26110	32313	1.24	0	4
ptg022487l_1	25339	36123	1.43	0	9
ptg022487l_1_region	25339	36123	1.43	0	9
ptg022489l_1	26627	51227	1.92	0	6
ptg022489l_1_region	26627	51227	1.92	0	6
ptg022493l_1	14174	5381	0.38	0	2
ptg022493l_1_region	14174	5381	0.38	0	2
ptg022500l_1	15744	26086	1.66	0	16
ptg022500l_1_region	15744	26086	1.66	0	16
ptg022511l_1	28077	88283	3.14	0	12
ptg022511l_1_region	28077	88283	3.14	0	12
ptg022515l_1	28749	172733	6.01	0	19
ptg022515l_1_region	28749	172733	6.01	0	19
ptg022520l_1	25480	58764	2.31	0	5
ptg022520l_1_region	25480	58764	2.31	0	5
ptg022523l_1	16784	334695	19.94	1	40
ptg022523l_1_region	16784	334695	19.94	1	40
ptg022527l_1	30145	111966	3.71	0	9
ptg022527l_1_region	30145	111966	3.71	0	9
ptg022533l_1	33983	147808	4.35	0	9
ptg022533l_1_region	33983	147808	4.35	0	9
ptg022535l_1	20451	70975	3.47	0	9
ptg022535l_1_region	20451	70975	3.47	0	9
ptg022537l_1	19935	102480	5.14	1	7
ptg022537l_1_region	19935	102480	5.14	1	7
ptg022550l_1	12729	34089	2.68	0	5
ptg022550l_1_region	12729	34089	2.68	0	5
ptg022567l_1	12429	100102	8.05	0	22
ptg022567l_1_region	12429	100102	8.05	0	22
ptg022581l_1	9777	46762	4.78	0	7
ptg022581l_1_region	9777	46762	4.78	0	7
ptg022589l_1	19412	67192	3.46	0	7
ptg022589l_1_region	19412	67192	3.46	0	7
ptg022592l_1	16571	718977	43.39	0	92
ptg022592l_1_region	16571	718977	43.39	0	92
ptg022596l_1	29009	163016	5.62	0	16
ptg022596l_1_region	29009	163016	5.62	0	16
ptg022598l_1	88140	250125	2.84	0	14
ptg022598l_1_region	88140	250125	2.84	0	14
ptg022601l_1	20334	48899	2.40	0	7
ptg022601l_1_region	20334	48899	2.40	0	7
ptg022607l_1	16189	2624	0.16	0	1
ptg022607l_1_region	16189	2624	0.16	0	1
ptg022610l_1	37736	141343	3.75	0	21
ptg022610l_1_region	37736	141343	3.75	0	21
ptg022613l_1	15501	54726	3.53	0	7
ptg022613l_1_region	15501	54726	3.53	0	7
ptg022617l_1	28755	3465	0.12	0	1
ptg022617l_1_region	28755	3465	0.12	0	1
ptg022619l_1	7580	42135	5.56	0	9
ptg022619l_1_region	7580	42135	5.56	0	9
ptg022620l_1	13728	44162	3.22	0	85
ptg022620l_1_region	13728	44162	3.22	0	85
ptg022625l_1	16498	24557	1.49	0	4
ptg022625l_1_region	16498	24557	1.49	0	4
ptg022629l_1	26402	180636	6.84	0	33
ptg022629l_1_region	26402	180636	6.84	0	33
ptg022634l_1	38993	232576	5.96	0	48
ptg022634l_1_region	38993	232576	5.96	0	48
ptg022636l_1	22274	40061	1.80	0	4
ptg022636l_1_region	22274	40061	1.80	0	4
ptg022643l_1	13690	38704	2.83	0	6
ptg022643l_1_region	13690	38704	2.83	0	6
ptg022645l_1	40756	236698	5.81	0	11
ptg022645l_1_region	40756	236698	5.81	0	11
ptg022670l_1	25945	49571	1.91	0	8
ptg022670l_1_region	25945	49571	1.91	0	8
ptg022671l_1	12320	240133	19.49	0	42
ptg022671l_1_region	12320	240133	19.49	0	42
ptg022674l_1	86293	214360	2.48	0	12
ptg022674l_1_region	86293	214360	2.48	0	12
ptg022677l_1	71657	471900	6.59	0	25
ptg022677l_1_region	71657	471900	6.59	0	25
ptg022689l_1	40619	184440	4.54	0	9
ptg022689l_1_region	40619	184440	4.54	0	9
ptg022690l_1	51631	94254	1.83	0	18
ptg022690l_1_region	51631	94254	1.83	0	18
ptg022714l_1	20461	112243	5.49	0	9
ptg022714l_1_region	20461	112243	5.49	0	9
ptg022716l_1	14527	32472	2.24	0	12
ptg022716l_1_region	14527	32472	2.24	0	12
ptg022730l_1	11011	55095	5.00	0	12
ptg022730l_1_region	11011	55095	5.00	0	12
ptg022738l_1	24424	206426	8.45	0	44
ptg022738l_1_region	24424	206426	8.45	0	44
ptg022742l_1	21542	25329	1.18	0	4
ptg022742l_1_region	21542	25329	1.18	0	4
ptg022743l_1	37542	65804	1.75	0	8
ptg022743l_1_region	37542	65804	1.75	0	8
ptg022749l_1	11719	93002	7.94	0	15
ptg022749l_1_region	11719	93002	7.94	0	15
ptg022752l_1	35840	319384	8.91	0	60
ptg022752l_1_region	35840	319384	8.91	0	60
ptg022755l_1	57559	393149	6.83	0	19
ptg022755l_1_region	57559	393149	6.83	0	19
ptg022757l_1	15127	29018	1.92	0	4
ptg022757l_1_region	15127	29018	1.92	0	4
ptg022758l_1	26771	79611	2.97	0	9
ptg022758l_1_region	26771	79611	2.97	0	9
ptg022760l_1	11681	62321	5.34	0	9
ptg022760l_1_region	11681	62321	5.34	0	9
ptg022764l_1	16363	102629	6.27	0	18
ptg022764l_1_region	16363	102629	6.27	0	18
ptg022771l_1	24340	57907	2.38	0	8
ptg022771l_1_region	24340	57907	2.38	0	8
ptg022772l_1	58368	647543	11.09	0	59
ptg022772l_1_region	58368	647543	11.09	0	59
ptg022779l_1	43963	136360	3.10	0	7
ptg022779l_1_region	43963	136360	3.10	0	7
ptg022782l_1	20263	29768	1.47	0	5
ptg022782l_1_region	20263	29768	1.47	0	5
ptg022784l_1	52606	155103	2.95	0	7
ptg022784l_1_region	52606	155103	2.95	0	7
ptg022788l_1	11161	28204	2.53	0	6
ptg022788l_1_region	11161	28204	2.53	0	6
ptg022791l_1	170786	982995	5.76	0	16
ptg022791l_1_region	170786	982995	5.76	0	16
ptg022793l_1	20503	28938	1.41	0	5
ptg022793l_1_region	20503	28938	1.41	0	5
ptg022800l_1	35546	139882	3.94	0	23
ptg022800l_1_region	35546	139882	3.94	0	23
ptg022804l_1	47865	183684	3.84	0	9
ptg022804l_1_region	47865	183684	3.84	0	9
ptg022805l_1	14931	76410	5.12	0	18
ptg022805l_1_region	14931	76410	5.12	0	18
ptg022807l_1	39845	197866	4.97	0	16
ptg022807l_1_region	39845	197866	4.97	0	16
ptg022810l_1	34784	81847	2.35	0	8
ptg022810l_1_region	34784	81847	2.35	0	8
ptg022814l_1	9227	16908	1.83	0	4
ptg022814l_1_region	9227	16908	1.83	0	4
ptg022815l_1	14356	45156	3.15	0	11
ptg022815l_1_region	14356	45156	3.15	0	11
ptg022816l_1	29163	155628	5.34	0	11
ptg022816l_1_region	29163	155628	5.34	0	11
ptg022822l_1	24552	94523	3.85	0	8
ptg022822l_1_region	24552	94523	3.85	0	8
ptg022823l_1	18175	67846	3.73	0	9
ptg022823l_1_region	18175	67846	3.73	0	9
ptg022826l_1	22378	28048	1.25	0	3
ptg022826l_1_region	22378	28048	1.25	0	3
ptg022831l_1	13418	22320	1.66	0	3
ptg022831l_1_region	13418	22320	1.66	0	3
ptg022833l_1	64298	274645	4.27	0	11
ptg022833l_1_region	64298	274645	4.27	0	11
ptg022838l_1	13332	46734	3.51	0	11
ptg022838l_1_region	13332	46734	3.51	0	11
ptg022847l_1	9137	21245	2.33	0	3
ptg022847l_1_region	9137	21245	2.33	0	3
ptg022853l_1	33714	95724	2.84	0	7
ptg022853l_1_region	33714	95724	2.84	0	7
ptg022858l_1	10378	13756	1.33	0	4
ptg022858l_1_region	10378	13756	1.33	0	4
ptg022865l_1	45020	151000	3.35	0	8
ptg022865l_1_region	45020	151000	3.35	0	8
ptg022870l_1	14387	101360	7.05	3	12
ptg022870l_1_region	14387	101360	7.05	3	12
ptg022881l_1	60416	340736	5.64	0	13
ptg022881l_1_region	60416	340736	5.64	0	13
ptg022885l_1	14335	40220	2.81	0	6
ptg022885l_1_region	14335	40220	2.81	0	6
ptg022887l_1	19423	61896	3.19	0	5
ptg022887l_1_region	19423	61896	3.19	0	5
ptg022889l_1	25862	176621	6.83	0	26
ptg022889l_1_region	25862	176621	6.83	0	26
ptg022891l_1	51429	188127	3.66	0	14
ptg022891l_1_region	51429	188127	3.66	0	14
ptg022903l_1	8227	6103	0.74	0	5
ptg022903l_1_region	8227	6103	0.74	0	5
ptg022907l_1	37411	60141	1.61	0	8
ptg022907l_1_region	37411	60141	1.61	0	8
ptg022919l_1	26393	24503	0.93	0	4
ptg022919l_1_region	26393	24503	0.93	0	4
ptg022920l_1	148278	59309	0.40	0	8
ptg022920l_1_region	148278	59309	0.40	0	8
ptg022931l_1	20437	66978	3.28	0	9
ptg022931l_1_region	20437	66978	3.28	0	9
ptg022934l_1	15447	35912	2.32	0	5
ptg022934l_1_region	15447	35912	2.32	0	5
ptg022935l_1	16680	118611	7.11	0	13
ptg022935l_1_region	16680	118611	7.11	0	13
ptg022945l_1	22794	18513	0.81	0	5
ptg022945l_1_region	22794	18513	0.81	0	5
ptg022947l_1	31544	110659	3.51	0	8
ptg022947l_1_region	31544	110659	3.51	0	8
ptg022949l_1	23917	44077	1.84	0	5
ptg022949l_1_region	23917	44077	1.84	0	5
ptg022953l_1	31582	156212	4.95	0	15
ptg022953l_1_region	31582	156212	4.95	0	15
ptg022957l_1	44600	205686	4.61	0	102
ptg022957l_1_region	44600	205686	4.61	0	102
ptg022959l_1	12089	23592	1.95	0	5
ptg022959l_1_region	12089	23592	1.95	0	5
ptg022960l_1	20720	55756	2.69	0	5
ptg022960l_1_region	20720	55756	2.69	0	5
ptg022961l_1	17498	51274	2.93	0	6
ptg022961l_1_region	17498	51274	2.93	0	6
ptg022964l_1	107506	315768	2.94	0	10
ptg022964l_1_region	107506	315768	2.94	0	10
ptg022966l_1	29668	152614	5.14	0	16
ptg022966l_1_region	29668	152614	5.14	0	16
ptg022976l_1	21024	291363	13.86	0	26
ptg022976l_1_region	21024	291363	13.86	0	26
ptg022978l_1	30146	137099	4.55	0	13
ptg022978l_1_region	30146	137099	4.55	0	13
ptg022984l_1	18898	29982	1.59	0	14
ptg022984l_1_region	18898	29982	1.59	0	14
ptg022986l_1	38354	126061	3.29	0	10
ptg022986l_1_region	38354	126061	3.29	0	10
ptg022989l_1	41101	59889	1.46	0	6
ptg022989l_1_region	41101	59889	1.46	0	6
ptg022990l_1	22917	91143	3.98	0	10
ptg022990l_1_region	22917	91143	3.98	0	10
ptg022991l_1	14179	49855	3.52	0	8
ptg022991l_1_region	14179	49855	3.52	0	8
ptg022994l_1	22235	23900	1.07	0	3
ptg022994l_1_region	22235	23900	1.07	0	3
ptg022999l_1	9619	12551	1.30	0	3
ptg022999l_1_region	9619	12551	1.30	0	3
ptg023000l_1	13099	30451	2.32	0	5
ptg023000l_1_region	13099	30451	2.32	0	5
ptg023002l_1	261663	633115	2.42	0	12
ptg023002l_1_region	261663	633115	2.42	0	12
ptg023006l_1	30450	308387	10.13	0	39
ptg023006l_1_region	30450	308387	10.13	0	39
ptg023007l_1	23164	125465	5.42	0	19
ptg023007l_1_region	23164	125465	5.42	0	19
ptg023008l_1	12451	31788	2.55	0	4
ptg023008l_1_region	12451	31788	2.55	0	4
ptg023014l_1	8869	17202	1.94	0	5
ptg023014l_1_region	8869	17202	1.94	0	5
ptg023028l_1	23309	130128	5.58	0	14
ptg023028l_1_region	23309	130128	5.58	0	14
ptg023029l_1	16915	115750	6.84	0	16
ptg023029l_1_region	16915	115750	6.84	0	16
ptg023030l_1	31313	691659	22.09	0	47
ptg023030l_1_region	31313	691659	22.09	0	47
ptg023032l_1	29907	120742	4.04	0	13
ptg023032l_1_region	29907	120742	4.04	0	13
ptg023036l_1	41492	437573	10.55	0	34
ptg023036l_1_region	41492	437573	10.55	0	34
ptg023042l_1	36752	166801	4.54	0	23
ptg023042l_1_region	36752	166801	4.54	0	23
ptg023055l_1	7865	12718	1.62	0	3
ptg023055l_1_region	7865	12718	1.62	0	3
ptg023064l_1	31703	134269	4.24	0	10
ptg023064l_1_region	31703	134269	4.24	0	10
ptg023065l_1	24028	88048	3.66	0	11
ptg023065l_1_region	24028	88048	3.66	0	11
ptg023069l_1	12482	14639	1.17	0	3
ptg023069l_1_region	12482	14639	1.17	0	3
ptg023078l_1	26095	23800	0.91	0	5
ptg023078l_1_region	26095	23800	0.91	0	5
ptg023085l_1	14766	39888	2.70	0	7
ptg023085l_1_region	14766	39888	2.70	0	7
ptg023086l_1	23308	20528	0.88	0	3
ptg023086l_1_region	23308	20528	0.88	0	3
ptg023094l_1	14780	174070	11.78	3	27
ptg023094l_1_region	14780	174070	11.78	3	27
ptg023097l_1	16946	13200	0.78	0	2
ptg023097l_1_region	16946	13200	0.78	0	2
ptg023105l_1	28915	109762	3.80	0	8
ptg023105l_1_region	28915	109762	3.80	0	8
ptg023106l_1	29606	207970	7.02	0	15
ptg023106l_1_region	29606	207970	7.02	0	15
ptg023116l_1	35594	202561	5.69	0	10
ptg023116l_1_region	35594	202561	5.69	0	10
ptg023117l_1	19138	103698	5.42	0	11
ptg023117l_1_region	19138	103698	5.42	0	11
ptg023118l_1	17285	27470	1.59	0	6
ptg023118l_1_region	17285	27470	1.59	0	6
ptg023119l_1	25485	54637	2.14	0	5
ptg023119l_1_region	25485	54637	2.14	0	5
ptg023123l_1	18920	27195	1.44	0	5
ptg023123l_1_region	18920	27195	1.44	0	5
ptg023124l_1	56140	306363	5.46	0	14
ptg023124l_1_region	56140	306363	5.46	0	14
ptg023125l_1	8640	7447	0.86	0	4
ptg023125l_1_region	8640	7447	0.86	0	4
ptg023136l_1	23752	49412	2.08	0	7
ptg023136l_1_region	23752	49412	2.08	0	7
ptg023139l_1	25734	62627	2.43	0	7
ptg023139l_1_region	25734	62627	2.43	0	7
ptg023140l_1	23972	100901	4.21	0	12
ptg023140l_1_region	23972	100901	4.21	0	12
ptg023141l_1	87383	434823	4.98	0	22
ptg023141l_1_region	87383	434823	4.98	0	22
ptg023144l_1	9004	16660	1.85	0	7
ptg023144l_1_region	9004	16660	1.85	0	7
ptg023155l_1	11988	78991	6.59	0	9
ptg023155l_1_region	11988	78991	6.59	0	9
ptg023158l_1	53819	105266	1.96	0	12
ptg023158l_1_region	53819	105266	1.96	0	12
ptg023159l_1	70291	275929	3.93	0	13
ptg023159l_1_region	70291	275929	3.93	0	13
ptg023166l_1	24100	104304	4.33	0	9
ptg023166l_1_region	24100	104304	4.33	0	9
ptg023192l_1	14135	24544	1.74	0	3
ptg023192l_1_region	14135	24544	1.74	0	3
ptg023194l_1	79437	198118	2.49	0	9
ptg023194l_1_region	79437	198118	2.49	0	9
ptg023200l_1	16607	86802	5.23	0	24
ptg023200l_1_region	16607	86802	5.23	0	24
ptg023201l_1	22516	97990	4.35	0	9
ptg023201l_1_region	22516	97990	4.35	0	9
ptg023202l_1	18204	48217	2.65	0	7
ptg023202l_1_region	18204	48217	2.65	0	7
ptg023204l_1	11401	35535	3.12	0	7
ptg023204l_1_region	11401	35535	3.12	0	7
ptg023206l_1	7951	5287	0.66	0	3
ptg023206l_1_region	7951	5287	0.66	0	3
ptg023208l_1	9167	20404	2.23	0	5
ptg023208l_1_region	9167	20404	2.23	0	5
ptg023213l_1	15437	138518	8.97	0	23
ptg023213l_1_region	15437	138518	8.97	0	23
ptg023215l_1	24326	64048	2.63	0	5
ptg023215l_1_region	24326	64048	2.63	0	5
ptg023219l_1	43296	127764	2.95	0	10
ptg023219l_1_region	43296	127764	2.95	0	10
ptg023222l_1	90805	243331	2.68	0	9
ptg023222l_1_region	90805	243331	2.68	0	9
ptg023224l_1	18526	59044	3.19	0	6
ptg023224l_1_region	18526	59044	3.19	0	6
ptg023243l_1	12314	21183	1.72	0	4
ptg023243l_1_region	12314	21183	1.72	0	4
ptg023247l_1	74982	102097	1.36	0	6
ptg023247l_1_region	74982	102097	1.36	0	6
ptg023248l_1	28467	99021	3.48	0	10
ptg023248l_1_region	28467	99021	3.48	0	10
ptg023254l_1	12382	5293	0.43	0	1
ptg023254l_1_region	12382	5293	0.43	0	1
ptg023255l_1	35330	320674	9.08	0	30
ptg023255l_1_region	35330	320674	9.08	0	30
ptg023257l_1	40374	36765	0.91	0	6
ptg023257l_1_region	40374	36765	0.91	0	6
ptg023259l_1	22812	78673	3.45	0	7
ptg023259l_1_region	22812	78673	3.45	0	7
ptg023261l_1	36878	844738	22.91	2	45
ptg023261l_1_region	36878	844738	22.91	2	45
ptg023263l_1	36709	107272	2.92	0	8
ptg023263l_1_region	36709	107272	2.92	0	8
ptg023272l_1	8330	15868	1.90	0	5
ptg023272l_1_region	8330	15868	1.90	0	5
ptg023280l_1	10209	26352	2.58	0	5
ptg023280l_1_region	10209	26352	2.58	0	5
ptg023285l_1	331324	1830794	5.53	0	17
ptg023285l_1_region	331324	1830794	5.53	0	17
ptg023289l_1	13982	56697	4.05	0	9
ptg023289l_1_region	13982	56697	4.05	0	9
ptg023292l_1	12352	28462	2.30	0	4
ptg023292l_1_region	12352	28462	2.30	0	4
ptg023294l_1	27398	106028	3.87	0	10
ptg023294l_1_region	27398	106028	3.87	0	10
ptg023296l_1	38906	120127	3.09	0	9
ptg023296l_1_region	38906	120127	3.09	0	9
ptg023297l_1	14269	81109	5.68	0	13
ptg023297l_1_region	14269	81109	5.68	0	13
ptg023312l_1	27960	236330	8.45	0	14
ptg023312l_1_region	27960	236330	8.45	0	14
ptg023313l_1	13665	39035	2.86	0	9
ptg023313l_1_region	13665	39035	2.86	0	9
ptg023319l_1	54324	369273	6.80	0	14
ptg023319l_1_region	54324	369273	6.80	0	14
ptg023322l_1	20513	67227	3.28	0	6
ptg023322l_1_region	20513	67227	3.28	0	6
ptg023327l_1	17241	26169	1.52	0	4
ptg023327l_1_region	17241	26169	1.52	0	4
ptg023332l_1	15383	67397	4.38	0	8
ptg023332l_1_region	15383	67397	4.38	0	8
ptg023340l_1	23058	290204	12.59	0	47
ptg023340l_1_region	23058	290204	12.59	0	47
ptg023350l_1	13135	66669	5.08	0	9
ptg023350l_1_region	13135	66669	5.08	0	9
ptg023353l_1	24947	67002	2.69	0	9
ptg023353l_1_region	24947	67002	2.69	0	9
ptg023356l_1	13551	33862	2.50	0	8
ptg023356l_1_region	13551	33862	2.50	0	8
ptg023360l_1	25835	61353	2.37	0	7
ptg023360l_1_region	25835	61353	2.37	0	7
ptg023361l_1	24368	121531	4.99	0	11
ptg023361l_1_region	24368	121531	4.99	0	11
ptg023372l_1	15530	41149	2.65	0	7
ptg023372l_1_region	15530	41149	2.65	0	7
ptg023377l_1	22578	70729	3.13	0	6
ptg023377l_1_region	22578	70729	3.13	0	6
ptg023381l_1	19562	182083	9.31	0	21
ptg023381l_1_region	19562	182083	9.31	0	21
ptg023382l_1	47665	212128	4.45	0	11
ptg023382l_1_region	47665	212128	4.45	0	11
ptg023390l_1	17334	11149	0.64	0	3
ptg023390l_1_region	17334	11149	0.64	0	3
ptg023397l_1	38551	74261	1.93	0	4
ptg023397l_1_region	38551	74261	1.93	0	4
ptg023398l_1	52254	238766	4.57	0	16
ptg023398l_1_region	52254	238766	4.57	0	16
ptg023400l_1	18074	28082	1.55	0	3
ptg023400l_1_region	18074	28082	1.55	0	3
ptg023401l_1	15263	1459	0.10	0	4
ptg023401l_1_region	15263	1459	0.10	0	4
ptg023405l_1	61303	343044	5.60	0	21
ptg023405l_1_region	61303	343044	5.60	0	21
ptg023408l_1	6600	12523	1.90	0	3
ptg023408l_1_region	6600	12523	1.90	0	3
ptg023410l_1	40404	98797	2.45	0	5
ptg023410l_1_region	40404	98797	2.45	0	5
ptg023414l_1	10902	32441	2.98	0	5
ptg023414l_1_region	10902	32441	2.98	0	5
ptg023418l_1	18302	48335	2.64	0	5
ptg023418l_1_region	18302	48335	2.64	0	5
ptg023419l_1	36808	189533	5.15	0	12
ptg023419l_1_region	36808	189533	5.15	0	12
ptg023425l_1	44373	6172	0.14	0	1
ptg023425l_1_region	44373	6172	0.14	0	1
ptg023426l_1	52372	3128	0.06	0	1
ptg023426l_1_region	52372	3128	0.06	0	1
ptg023429l_1	14967	33046	2.21	0	5
ptg023429l_1_region	14967	33046	2.21	0	5
ptg023430l_1	16491	37599	2.28	0	5
ptg023430l_1_region	16491	37599	2.28	0	5
ptg023435l_1	42659	77716	1.82	0	4
ptg023435l_1_region	42659	77716	1.82	0	4
ptg023439l_1	37324	98575	2.64	0	5
ptg023439l_1_region	37324	98575	2.64	0	5
ptg023445l_1	25093	106937	4.26	0	12
ptg023445l_1_region	25093	106937	4.26	0	12
ptg023455l_1	63375	193038	3.05	0	8
ptg023455l_1_region	63375	193038	3.05	0	8
ptg023465l_1	19126	133708	6.99	0	13
ptg023465l_1_region	19126	133708	6.99	0	13
ptg023470l_1	36095	190195	5.27	0	13
ptg023470l_1_region	36095	190195	5.27	0	13
ptg023490l_1	98081	4950	0.05	0	7
ptg023490l_1_region	98081	4950	0.05	0	7
ptg023492l_1	97455	337592	3.46	0	21
ptg023492l_1_region	97455	337592	3.46	0	21
ptg023497l_1	54000	80398	1.49	0	7
ptg023497l_1_region	54000	80398	1.49	0	7
ptg023498l_1	47921	198843	4.15	0	12
ptg023498l_1_region	47921	198843	4.15	0	12
ptg023504l_1	10945	27082	2.47	0	4
ptg023504l_1_region	10945	27082	2.47	0	4
ptg023514l_1	13782	62843	4.56	0	8
ptg023514l_1_region	13782	62843	4.56	0	8
ptg023529l_1	149444	46388	0.31	0	8
ptg023529l_1_region	149444	46388	0.31	0	8
ptg023534l_1	99449	392115	3.94	0	22
ptg023534l_1_region	99449	392115	3.94	0	22
ptg023538l_1	28523	404853	14.19	0	52
ptg023538l_1_region	28523	404853	14.19	0	52
ptg023545l_1	46650	273417	5.86	0	43
ptg023545l_1_region	46650	273417	5.86	0	43
ptg023546l_1	51659	118505	2.29	0	12
ptg023546l_1_region	51659	118505	2.29	0	12
ptg023552l_1	59976	363523	6.06	0	21
ptg023552l_1_region	59976	363523	6.06	0	21
ptg023556l_1	90876	375093	4.13	0	20
ptg023556l_1_region	90876	375093	4.13	0	20
ptg023557l_1	186339	993935	5.33	0	24
ptg023557l_1_region	186339	993935	5.33	0	24
ptg023563l_1	58256	367409	6.31	0	22
ptg023563l_1_region	58256	367409	6.31	0	22
ptg023569l_1	28409	230036	8.10	0	43
ptg023569l_1_region	28409	230036	8.10	0	43
ptg023575l_1	24864	24865	1.00	0	4
ptg023575l_1_region	24864	24865	1.00	0	4
ptg023579l_1	31223	159893	5.12	0	10
ptg023579l_1_region	31223	159893	5.12	0	10
ptg023590l_1	39614	124203	3.14	0	9
ptg023590l_1_region	39614	124203	3.14	0	9
ptg023591l_1	56284	298530	5.30	0	15
ptg023591l_1_region	56284	298530	5.30	0	15
ptg023592l_1	117259	218643	1.86	0	13
ptg023592l_1_region	117259	218643	1.86	0	13
ptg023606l_1	267881	1068117	3.99	0	47
ptg023606l_1_region	267881	1068117	3.99	0	47
ptg023607l_1	77119	221800	2.88	0	19
ptg023607l_1_region	77119	221800	2.88	0	19
ptg023608l_1	38835	34491	0.89	0	7
ptg023608l_1_region	38835	34491	0.89	0	7
ptg023609l_1	15350	157202	10.24	0	21
ptg023609l_1_region	15350	157202	10.24	0	21
ptg023614l_1	41780	314190	7.52	0	44
ptg023614l_1_region	41780	314190	7.52	0	44
ptg023617l_1	186328	627727	3.37	0	21
ptg023617l_1_region	186328	627727	3.37	0	21
ptg023634l_1	26371	4857	0.18	0	7
ptg023634l_1_region	26371	4857	0.18	0	7
ptg023643l_1	43483	465314	10.70	0	42
ptg023643l_1_region	43483	465314	10.70	0	42
ptg023647l_1	69091	439851	6.37	0	16
ptg023647l_1_region	69091	439851	6.37	0	16
ptg023672l_1	17792	68608	3.86	0	7
ptg023672l_1_region	17792	68608	3.86	0	7
ptg023673l_1	173356	912171	5.26	0	39
ptg023673l_1_region	173356	912171	5.26	0	39
ptg023675l_1	72205	374096	5.18	0	61
ptg023675l_1_region	72205	374096	5.18	0	61
ptg023687l_1	28241	161530	5.72	0	15
ptg023687l_1_region	28241	161530	5.72	0	15
ptg023689l_1	28267	131043	4.64	0	10
ptg023689l_1_region	28267	131043	4.64	0	10
ptg023693l_1	51934	126466	2.44	0	28
ptg023693l_1_region	51934	126466	2.44	0	28
ptg023697l_1	46003	16006	0.35	0	4
ptg023697l_1_region	46003	16006	0.35	0	4
ptg023701l_1	47137	3245	0.07	0	1
ptg023701l_1_region	47137	3245	0.07	0	1
ptg023711l_1	38099	7413	0.19	0	3
ptg023711l_1_region	38099	7413	0.19	0	3
ptg023712l_1	39389	171496	4.35	0	11
ptg023712l_1_region	39389	171496	4.35	0	11
ptg023721l_1	39780	301902	7.59	0	16
ptg023721l_1_region	39780	301902	7.59	0	16
ptg023725l_1	29492	160054	5.43	0	10
ptg023725l_1_region	29492	160054	5.43	0	10
ptg023730l_1	40393	261033	6.46	0	16
ptg023730l_1_region	40393	261033	6.46	0	16
ptg023731l_1	14437	102861	7.12	1	20
ptg023731l_1_region	14437	102861	7.12	1	20
ptg023739l_1	90207	327996	3.64	0	146
ptg023739l_1_region	90207	327996	3.64	0	146
ptg023749l_1	33215	111210	3.35	0	12
ptg023749l_1_region	33215	111210	3.35	0	12
ptg023750l_1	32290	67637	2.09	0	10
ptg023750l_1_region	32290	67637	2.09	0	10
ptg023751l_1	25311	7569	0.30	0	4
ptg023751l_1_region	25311	7569	0.30	0	4
ptg023757l_1	14924	41357	2.77	0	6
ptg023757l_1_region	14924	41357	2.77	0	6
ptg023760l_1	31446	14051	0.45	0	9
ptg023760l_1_region	31446	14051	0.45	0	9
ptg023761l_1	192906	431637	2.24	0	223
ptg023761l_1_region	192906	431637	2.24	0	223
ptg023766l_1	30225	3221	0.11	0	5
ptg023766l_1_region	30225	3221	0.11	0	5
ptg023775l_1	50071	1596690	31.89	0	201
ptg023775l_1_region	50071	1596690	31.89	0	201
ptg023788l_1	101887	155652	1.53	0	16
ptg023788l_1_region	101887	155652	1.53	0	16
ptg023792l_1	16478	74084	4.50	0	10
ptg023792l_1_region	16478	74084	4.50	0	10
ptg023799l_1	41606	151491	3.64	0	12
ptg023799l_1_region	41606	151491	3.64	0	12
ptg023812l_1	24291	134720	5.55	1	55
ptg023812l_1_region	24291	134720	5.55	1	55
ptg023815l_1	30218	79317	2.62	0	8
ptg023815l_1_region	30218	79317	2.62	0	8
ptg023819l_1	28758	170407	5.93	0	14
ptg023819l_1_region	28758	170407	5.93	0	14
ptg023823l_1	44779	228876	5.11	0	13
ptg023823l_1_region	44779	228876	5.11	0	13
ptg023831l_1	29872	137353	4.60	0	10
ptg023831l_1_region	29872	137353	4.60	0	10
ptg023839l_1	49729	138670	2.79	0	16
ptg023839l_1_region	49729	138670	2.79	0	16
ptg023848l_1	33466	75288	2.25	0	11
ptg023848l_1_region	33466	75288	2.25	0	11
ptg023861l_1	38774	116939	3.02	0	8
ptg023861l_1_region	38774	116939	3.02	0	8
ptg023864l_1	23869	87659	3.67	0	18
ptg023864l_1_region	23869	87659	3.67	0	18
ptg023871l_1	9296	34926	3.76	0	6
ptg023871l_1_region	9296	34926	3.76	0	6
ptg023872l_1	18703	46853	2.51	0	9
ptg023872l_1_region	18703	46853	2.51	0	9
ptg023874l_1	16097	86041	5.35	0	9
ptg023874l_1_region	16097	86041	5.35	0	9
ptg023879l_1	49287	277522	5.63	0	17
ptg023879l_1_region	49287	277522	5.63	0	17
ptg023880l_1	66919	127805	1.91	0	13
ptg023880l_1_region	66919	127805	1.91	0	13
ptg023899l_1	52366	75315	1.44	0	9
ptg023899l_1_region	52366	75315	1.44	0	9
ptg023900l_1	47517	208678	4.39	0	11
ptg023900l_1_region	47517	208678	4.39	0	11
ptg023913l_1	17322	15017	0.87	0	4
ptg023913l_1_region	17322	15017	0.87	0	4
ptg023916l_1	57672	295537	5.12	0	9
ptg023916l_1_region	57672	295537	5.12	0	9
ptg023932l_1	12187	92102	7.56	0	28
ptg023932l_1_region	12187	92102	7.56	0	28
ptg023941l_1	25224	24839	0.98	0	4
ptg023941l_1_region	25224	24839	0.98	0	4
ptg023942l_1	77789	225747	2.90	0	35
ptg023942l_1_region	77789	225747	2.90	0	35
ptg023958l_1	22242	73925	3.32	0	10
ptg023958l_1_region	22242	73925	3.32	0	10
ptg023967l_1	28443	168685	5.93	0	12
ptg023967l_1_region	28443	168685	5.93	0	12
ptg023968l_1	10059	18907	1.88	0	6
ptg023968l_1_region	10059	18907	1.88	0	6
ptg023983l_1	23765	40517	1.70	0	7
ptg023983l_1_region	23765	40517	1.70	0	7
ptg023995l_1	39956	221619	5.55	0	12
ptg023995l_1_region	39956	221619	5.55	0	12
ptg024002l_1	14637	72177	4.93	0	8
ptg024002l_1_region	14637	72177	4.93	0	8
ptg024005l_1	61758	291030	4.71	0	20
ptg024005l_1_region	61758	291030	4.71	0	20
ptg024009l_1	11388	21252	1.87	0	8
ptg024009l_1_region	11388	21252	1.87	0	8
ptg024010l_1	13833	8034	0.58	0	4
ptg024010l_1_region	13833	8034	0.58	0	4
ptg024020l_1	9225	42846	4.64	1	8
ptg024020l_1_region	9225	42846	4.64	1	8
ptg024024l_1	22380	84078	3.76	0	11
ptg024024l_1_region	22380	84078	3.76	0	11
ptg024025l_1	38928	238895	6.14	0	10
ptg024025l_1_region	38928	238895	6.14	0	10
ptg024026l_1	13724	55105	4.02	0	8
ptg024026l_1_region	13724	55105	4.02	0	8
ptg024030l_1	14095	47099	3.34	0	9
ptg024030l_1_region	14095	47099	3.34	0	9
ptg024032l_1	15104	86614	5.73	0	17
ptg024032l_1_region	15104	86614	5.73	0	17
ptg024041l_1	67116	289002	4.31	0	14
ptg024041l_1_region	67116	289002	4.31	0	14
ptg024051l_1	64191	169717	2.64	0	11
ptg024051l_1_region	64191	169717	2.64	0	11
ptg024054l_1	10196	58974	5.78	0	12
ptg024054l_1_region	10196	58974	5.78	0	12
ptg024064l_1	272782	321816	1.18	0	14
ptg024064l_1_region	272782	321816	1.18	0	14
ptg024065l_1	16430	35211	2.14	0	5
ptg024065l_1_region	16430	35211	2.14	0	5
ptg024072l_1	24817	59422	2.39	0	6
ptg024072l_1_region	24817	59422	2.39	0	6
ptg024074l_1	57124	254637	4.46	0	21
ptg024074l_1_region	57124	254637	4.46	0	21
ptg024075l_1	47282	336575	7.12	1	25
ptg024075l_1_region	47282	336575	7.12	1	25
ptg024076l_1	53165	522605	9.83	0	43
ptg024076l_1_region	53165	522605	9.83	0	43
ptg024100l_1	39396	408100	10.36	0	45
ptg024100l_1_region	39396	408100	10.36	0	45
ptg024102l_1	17454	132153	7.57	1	15
ptg024102l_1_region	17454	132153	7.57	1	15
ptg024115l_1	22556	84234	3.73	0	11
ptg024115l_1_region	22556	84234	3.73	0	11
ptg024132l_1	23558	69285	2.94	0	8
ptg024132l_1_region	23558	69285	2.94	0	8
ptg024141l_1	92763	359785	3.88	0	12
ptg024141l_1_region	92763	359785	3.88	0	12
ptg024153l_1	124472	340614	2.74	0	9
ptg024153l_1_region	124472	340614	2.74	0	9
ptg024155l_1	7834	16250	2.07	0	5
ptg024155l_1_region	7834	16250	2.07	0	5
ptg024160l_1	61231	188224	3.07	0	14
ptg024160l_1_region	61231	188224	3.07	0	14
ptg024180l_1	18411	50214	2.73	0	10
ptg024180l_1_region	18411	50214	2.73	0	10
ptg024182l_1	45972	44374	0.97	0	8
ptg024182l_1_region	45972	44374	0.97	0	8
ptg024187l_1	13669	9412	0.69	0	2
ptg024187l_1_region	13669	9412	0.69	0	2
ptg024189l_1	85186	336910	3.95	0	23
ptg024189l_1_region	85186	336910	3.95	0	23
ptg024196l_1	20863	28105	1.35	0	5
ptg024196l_1_region	20863	28105	1.35	0	5
ptg024201l_1	25377	54468	2.15	0	5
ptg024201l_1_region	25377	54468	2.15	0	5
ptg024213l_1	76410	128690	1.68	0	10
ptg024213l_1_region	76410	128690	1.68	0	10
ptg024222l_1	22315	29789	1.33	0	3
ptg024222l_1_region	22315	29789	1.33	0	3
ptg024224l_1	43950	169625	3.86	0	15
ptg024224l_1_region	43950	169625	3.86	0	15
ptg024233l_1	102077	342362	3.35	0	46
ptg024233l_1_region	102077	342362	3.35	0	46
ptg024235l_1	28046	69946	2.49	0	7
ptg024235l_1_region	28046	69946	2.49	0	7
ptg024243l_1	45264	536666	11.86	0	43
ptg024243l_1_region	45264	536666	11.86	0	43
ptg024245l_1	6409	5702	0.89	0	1
ptg024245l_1_region	6409	5702	0.89	0	1
ptg024254l_1	14239	30167	2.12	0	4
ptg024254l_1_region	14239	30167	2.12	0	4
ptg024274l_1	102961	683711	6.64	0	51
ptg024274l_1_region	102961	683711	6.64	0	51
ptg024275l_1	16560	85044	5.14	0	8
ptg024275l_1_region	16560	85044	5.14	0	8
ptg024277l_1	23131	51301	2.22	0	6
ptg024277l_1_region	23131	51301	2.22	0	6
ptg024279l_1	25180	59244	2.35	0	7
ptg024279l_1_region	25180	59244	2.35	0	7
ptg024287l_1	37023	196655	5.31	0	13
ptg024287l_1_region	37023	196655	5.31	0	13
ptg024292l_1	17923	16644	0.93	0	5
ptg024292l_1_region	17923	16644	0.93	0	5
ptg024296l_1	21919	28386	1.30	0	5
ptg024296l_1_region	21919	28386	1.30	0	5
ptg024300l_1	28019	162818	5.81	0	18
ptg024300l_1_region	28019	162818	5.81	0	18
ptg024303l_1	70007	241639	3.45	0	30
ptg024303l_1_region	70007	241639	3.45	0	30
ptg024305l_1	70121	504539	7.20	0	71
ptg024305l_1_region	70121	504539	7.20	0	71
ptg024318l_1	102874	507847	4.94	0	28
ptg024318l_1_region	102874	507847	4.94	0	28
ptg024320l_1	81490	588494	7.22	0	28
ptg024320l_1_region	81490	588494	7.22	0	28
ptg024322l_1	16614	132457	7.97	0	34
ptg024322l_1_region	16614	132457	7.97	0	34
ptg024328l_1	45488	216780	4.77	0	11
ptg024328l_1_region	45488	216780	4.77	0	11
ptg024339l_1	27011	114695	4.25	0	22
ptg024339l_1_region	27011	114695	4.25	0	22
ptg024343l_1	12994	11376	0.88	0	2
ptg024343l_1_region	12994	11376	0.88	0	2
ptg024347l_1	280445	2032683	7.25	0	24
ptg024347l_1_region	280445	2032683	7.25	0	24
ptg024350l_1	53313	158343	2.97	0	40
ptg024350l_1_region	53313	158343	2.97	0	40
ptg024373l_1	18957	47312	2.50	0	12
ptg024373l_1_region	18957	47312	2.50	0	12
ptg024376l_1	19081	104722	5.49	2	10
ptg024376l_1_region	19081	104722	5.49	2	10
ptg024381l_1	24909	267226	10.73	0	42
ptg024381l_1_region	24909	267226	10.73	0	42
ptg024382l_1	55757	221749	3.98	0	12
ptg024382l_1_region	55757	221749	3.98	0	12
ptg024386l_1	11546	3096	0.27	0	4
ptg024386l_1_region	11546	3096	0.27	0	4
ptg024395l_1	12966	104686	8.07	0	26
ptg024395l_1_region	12966	104686	8.07	0	26
ptg024399l_1	20087	78722	3.92	0	10
ptg024399l_1_region	20087	78722	3.92	0	10
ptg024424l_1	16555	63253	3.82	0	10
ptg024424l_1_region	16555	63253	3.82	0	10
ptg024428l_1	15733	94045	5.98	3	12
ptg024428l_1_region	15733	94045	5.98	3	12
ptg024436l_1	19351	9167	0.47	0	5
ptg024436l_1_region	19351	9167	0.47	0	5
ptg024437l_1	37555	124412	3.31	0	11
ptg024437l_1_region	37555	124412	3.31	0	11
ptg024445l_1	29062	7678	0.26	0	2
ptg024445l_1_region	29062	7678	0.26	0	2
ptg024446l_1	94620	444786	4.70	0	13
ptg024446l_1_region	94620	444786	4.70	0	13
ptg024454l_1	83690	647427	7.74	0	44
ptg024454l_1_region	83690	647427	7.74	0	44
ptg024472l_1	32423	112432	3.47	0	12
ptg024472l_1_region	32423	112432	3.47	0	12
ptg024488l_1	12911	59605	4.62	0	11
ptg024488l_1_region	12911	59605	4.62	0	11
ptg024489l_1	13861	106014	7.65	0	29
ptg024489l_1_region	13861	106014	7.65	0	29
ptg024501l_1	41691	10151	0.24	0	3
ptg024501l_1_region	41691	10151	0.24	0	3
ptg024508l_1	14665	27075	1.85	0	4
ptg024508l_1_region	14665	27075	1.85	0	4
ptg024511l_1	17160	32279	1.88	0	5
ptg024511l_1_region	17160	32279	1.88	0	5
ptg024517l_1	80977	621063	7.67	0	42
ptg024517l_1_region	80977	621063	7.67	0	42
ptg024524l_1	19844	21760	1.10	0	2
ptg024524l_1_region	19844	21760	1.10	0	2
ptg024537l_1	29087	154090	5.30	0	17
ptg024537l_1_region	29087	154090	5.30	0	17
ptg024548l_1	12104	10211	0.84	0	2
ptg024548l_1_region	12104	10211	0.84	0	2
ptg024553l_1	20145	46206	2.29	0	5
ptg024553l_1_region	20145	46206	2.29	0	5
ptg024557l_1	44682	149686	3.35	0	7
ptg024557l_1_region	44682	149686	3.35	0	7
ptg024564l_1	76346	47548	0.62	0	4
ptg024564l_1_region	76346	47548	0.62	0	4
ptg024567l_1	10290	7014	0.68	0	3
ptg024567l_1_region	10290	7014	0.68	0	3
ptg024569l_1	39616	40567	1.02	0	5
ptg024569l_1_region	39616	40567	1.02	0	5
ptg024570l_1	20041	159529	7.96	1	19
ptg024570l_1_region	20041	159529	7.96	1	19
ptg024580l_1	18518	82172	4.44	0	21
ptg024580l_1_region	18518	82172	4.44	0	21
ptg024586l_1	11038	50157	4.54	0	8
ptg024586l_1_region	11038	50157	4.54	0	8
ptg024594l_1	16611	54429	3.28	0	9
ptg024594l_1_region	16611	54429	3.28	0	9
ptg024599l_1	39162	199959	5.11	0	50
ptg024599l_1_region	39162	199959	5.11	0	50
ptg024613l_1	19955	111916	5.61	0	33
ptg024613l_1_region	19955	111916	5.61	0	33
ptg024620l_1	53603	180112	3.36	0	12
ptg024620l_1_region	53603	180112	3.36	0	12
ptg024626l_1	22953	131145	5.71	0	10
ptg024626l_1_region	22953	131145	5.71	0	10
ptg024633l_1	15299	161568	10.56	0	23
ptg024633l_1_region	15299	161568	10.56	0	23
ptg024637l_1	18544	119868	6.46	0	15
ptg024637l_1_region	18544	119868	6.46	0	15
ptg024638l_1	27464	75847	2.76	0	7
ptg024638l_1_region	27464	75847	2.76	0	7
ptg024641l_1	41527	31313	0.75	0	8
ptg024641l_1_region	41527	31313	0.75	0	8
ptg024653l_1	15822	36728	2.32	0	6
ptg024653l_1_region	15822	36728	2.32	0	6
ptg024660l_1	31507	293223	9.31	0	45
ptg024660l_1_region	31507	293223	9.31	0	45
ptg024663l_1	42917	4134	0.10	0	1
ptg024663l_1_region	42917	4134	0.10	0	1
ptg024667l_1	14856	63535	4.28	0	8
ptg024667l_1_region	14856	63535	4.28	0	8
ptg024671l_1	8321	11435	1.37	0	4
ptg024671l_1_region	8321	11435	1.37	0	4
ptg024673l_1	36117	230397	6.38	0	14
ptg024673l_1_region	36117	230397	6.38	0	14
ptg024690l_1	15922	20293	1.27	0	5
ptg024690l_1_region	15922	20293	1.27	0	5
ptg024694l_1	34121	9815	0.29	0	1
ptg024694l_1_region	34121	9815	0.29	0	1
ptg024699l_1	61191	398763	6.52	0	18
ptg024699l_1_region	61191	398763	6.52	0	18
ptg024705l_1	17607	125177	7.11	0	15
ptg024705l_1_region	17607	125177	7.11	0	15
ptg024706l_1	16583	79645	4.80	1	8
ptg024706l_1_region	16583	79645	4.80	1	8
ptg024707l_1	43634	152620	3.50	0	15
ptg024707l_1_region	43634	152620	3.50	0	15
ptg024709l_1	51881	73217	1.41	0	7
ptg024709l_1_region	51881	73217	1.41	0	7
ptg024710l_1	10824	40431	3.74	0	7
ptg024710l_1_region	10824	40431	3.74	0	7
ptg024711l_1	21690	26160	1.21	0	5
ptg024711l_1_region	21690	26160	1.21	0	5
ptg024716l_1	10562	40478	3.83	0	59
ptg024716l_1_region	10562	40478	3.83	0	59
ptg024719l_1	20239	117941	5.83	0	14
ptg024719l_1_region	20239	117941	5.83	0	14
ptg024720l_1	25098	156567	6.24	2	15
ptg024720l_1_region	25098	156567	6.24	2	15
ptg024727l_1	22965	112679	4.91	0	11
ptg024727l_1_region	22965	112679	4.91	0	11
ptg024733l_1	26427	79805	3.02	0	14
ptg024733l_1_region	26427	79805	3.02	0	14
ptg024740l_1	56963	531546	9.33	0	22
ptg024740l_1_region	56963	531546	9.33	0	22
ptg024744c_1	53820	956901	17.78	0	79
ptg024744c_1_region	53820	956901	17.78	0	79
ptg024755l_1	20811	129620	6.23	0	13
ptg024755l_1_region	20811	129620	6.23	0	13
ptg024757l_1	91010	458396	5.04	0	77
ptg024757l_1_region	91010	458396	5.04	0	77
ptg024759l_1	22528	70939	3.15	0	13
ptg024759l_1_region	22528	70939	3.15	0	13
ptg024772l_1	58884	108081	1.84	0	9
ptg024772l_1_region	58884	108081	1.84	0	9
ptg024774l_1	30942	59657	1.93	0	5
ptg024774l_1_region	30942	59657	1.93	0	5
ptg024776l_1	180756	843656	4.67	0	20
ptg024776l_1_region	180756	843656	4.67	0	20
ptg024778l_1	29688	29855	1.01	0	6
ptg024778l_1_region	29688	29855	1.01	0	6
ptg024781l_1	32807	12720	0.39	0	3
ptg024781l_1_region	32807	12720	0.39	0	3
ptg024789l_1	24332	16587	0.68	0	10
ptg024789l_1_region	24332	16587	0.68	0	10
ptg024798l_1	31394	43792	1.39	0	6
ptg024798l_1_region	31394	43792	1.39	0	6
ptg024810l_1	36125	52087	1.44	0	7
ptg024810l_1_region	36125	52087	1.44	0	7
ptg024826l_1	27719	425126	15.34	0	38
ptg024826l_1_region	27719	425126	15.34	0	38
ptg024827l_1	46817	105996	2.26	0	7
ptg024827l_1_region	46817	105996	2.26	0	7
ptg024844l_1	13352	67889	5.08	0	10
ptg024844l_1_region	13352	67889	5.08	0	10
ptg024846l_1	408143	937128	2.30	0	29
ptg024846l_1_region	408143	937128	2.30	0	29
ptg024847l_1	23588	64610	2.74	0	7
ptg024847l_1_region	23588	64610	2.74	0	7
ptg024858l_1	20199	32908	1.63	0	6
ptg024858l_1_region	20199	32908	1.63	0	6
ptg024860l_1	49391	1714986	34.72	1	80
ptg024860l_1_region	49391	1714986	34.72	1	80
ptg024866l_1	19178	41178	2.15	0	4
ptg024866l_1_region	19178	41178	2.15	0	4
ptg024870l_1	33473	157043	4.69	0	10
ptg024870l_1_region	33473	157043	4.69	0	10
ptg024885l_1	23405	41066	1.75	0	8
ptg024885l_1_region	23405	41066	1.75	0	8
ptg024886l_1	13609	75720	5.56	0	20
ptg024886l_1_region	13609	75720	5.56	0	20
ptg024889l_1	12803	16859	1.32	0	3
ptg024889l_1_region	12803	16859	1.32	0	3
ptg024895l_1	27382	1394109	50.91	0	112
ptg024895l_1_region	27382	1394109	50.91	0	112
ptg024901l_1	25819	93665	3.63	0	8
ptg024901l_1_region	25819	93665	3.63	0	8
ptg024903l_1	31647	79637	2.52	0	7
ptg024903l_1_region	31647	79637	2.52	0	7
ptg024905l_1	9654	58167	6.03	0	11
ptg024905l_1_region	9654	58167	6.03	0	11
ptg024910l_1	17162	91845	5.35	0	8
ptg024910l_1_region	17162	91845	5.35	0	8
ptg024914l_1	29561	33770	1.14	0	11
ptg024914l_1_region	29561	33770	1.14	0	11
ptg024924l_1	36169	142044	3.93	0	8
ptg024924l_1_region	36169	142044	3.93	0	8
ptg024935l_1	16206	15263	0.94	0	10
ptg024935l_1_region	16206	15263	0.94	0	10
ptg024938l_1	37391	113192	3.03	0	10
ptg024938l_1_region	37391	113192	3.03	0	10
ptg024960l_1	11948	293363	24.55	3	66
ptg024960l_1_region	11948	293363	24.55	3	66
ptg024965l_1	33881	9023	0.27	0	2
ptg024965l_1_region	33881	9023	0.27	0	2
ptg024968l_1	11397	79698	6.99	1	13
ptg024968l_1_region	11397	79698	6.99	1	13
ptg024972l_1	59911	269576	4.50	0	14
ptg024972l_1_region	59911	269576	4.50	0	14
ptg024976l_1	142344	435103	3.06	0	18
ptg024976l_1_region	142344	435103	3.06	0	18
ptg024977l_1	32304	20267	0.63	0	5
ptg024977l_1_region	32304	20267	0.63	0	5
ptg024978l_1	57415	135904	2.37	0	11
ptg024978l_1_region	57415	135904	2.37	0	11
ptg024985l_1	20617	33044	1.60	0	4
ptg024985l_1_region	20617	33044	1.60	0	4
ptg024986l_1	51671	176057	3.41	0	8
ptg024986l_1_region	51671	176057	3.41	0	8
ptg024987l_1	14576	87122	5.98	0	12
ptg024987l_1_region	14576	87122	5.98	0	12
ptg024991l_1	10113	28483	2.82	0	6
ptg024991l_1_region	10113	28483	2.82	0	6
ptg025013l_1	27981	182908	6.54	0	11
ptg025013l_1_region	27981	182908	6.54	0	11
ptg025020l_1	28506	265123	9.30	0	45
ptg025020l_1_region	28506	265123	9.30	0	45
ptg025023l_1	32074	112112	3.50	0	13
ptg025023l_1_region	32074	112112	3.50	0	13
ptg025027l_1	14517	29668	2.04	0	6
ptg025027l_1_region	14517	29668	2.04	0	6
ptg025029l_1	13894	44894	3.23	0	21
ptg025029l_1_region	13894	44894	3.23	0	21
ptg025030l_1	17483	55790	3.19	0	7
ptg025030l_1_region	17483	55790	3.19	0	7
ptg025034l_1	44231	129057	2.92	0	14
ptg025034l_1_region	44231	129057	2.92	0	14
ptg025038l_1	48941	92997	1.90	0	18
ptg025038l_1_region	48941	92997	1.90	0	18
ptg025040l_1	29426	94956	3.23	0	11
ptg025040l_1_region	29426	94956	3.23	0	11
ptg025043l_1	43843	313854	7.16	0	26
ptg025043l_1_region	43843	313854	7.16	0	26
ptg025046l_1	21356	83237	3.90	0	7
ptg025046l_1_region	21356	83237	3.90	0	7
ptg025050l_1	37600	91911	2.44	0	8
ptg025050l_1_region	37600	91911	2.44	0	8
ptg025061l_1	10187	31809	3.12	1	4
ptg025061l_1_region	10187	31809	3.12	1	4
ptg025064l_1	40678	477358	11.74	0	31
ptg025064l_1_region	40678	477358	11.74	0	31
ptg025071l_1	14508	33934	2.34	0	6
ptg025071l_1_region	14508	33934	2.34	0	6
ptg025077l_1	23001	141951	6.17	0	20
ptg025077l_1_region	23001	141951	6.17	0	20
ptg025080l_1	20500	94626	4.62	0	8
ptg025080l_1_region	20500	94626	4.62	0	8
ptg025084l_1	19077	55037	2.88	0	8
ptg025084l_1_region	19077	55037	2.88	0	8
ptg025095l_1	69447	223886	3.22	0	19
ptg025095l_1_region	69447	223886	3.22	0	19
ptg025101l_1	25595	73352	2.87	0	6
ptg025101l_1_region	25595	73352	2.87	0	6
ptg025109l_1	13053	67401	5.16	0	118
ptg025109l_1_region	13053	67401	5.16	0	118
ptg025118l_1	25713	97494	3.79	0	8
ptg025118l_1_region	25713	97494	3.79	0	8
ptg025124l_1	42534	7589	0.18	0	2
ptg025124l_1_region	42534	7589	0.18	0	2
ptg025138l_1	31904	168701	5.29	0	14
ptg025138l_1_region	31904	168701	5.29	0	14
ptg025140l_1	235731	1446762	6.14	0	27
ptg025140l_1_region	235731	1446762	6.14	0	27
ptg025150l_1	18317	46032	2.51	0	6
ptg025150l_1_region	18317	46032	2.51	0	6
ptg025153l_1	200943	943184	4.69	0	17
ptg025153l_1_region	200943	943184	4.69	0	17
ptg025163l_1	23789	96574	4.06	0	11
ptg025163l_1_region	23789	96574	4.06	0	11
ptg025179l_1	25822	75445	2.92	0	9
ptg025179l_1_region	25822	75445	2.92	0	9
ptg025184l_1	16199	100013	6.17	0	15
ptg025184l_1_region	16199	100013	6.17	0	15
ptg025186l_1	224866	1219133	5.42	0	20
ptg025186l_1_region	224866	1219133	5.42	0	20
ptg025190l_1	9151	11122	1.22	0	2
ptg025190l_1_region	9151	11122	1.22	0	2
ptg025203l_1	70419	409524	5.82	0	51
ptg025203l_1_region	70419	409524	5.82	0	51
ptg025210l_1	22574	76846	3.40	0	8
ptg025210l_1_region	22574	76846	3.40	0	8
ptg025218l_1	66764	351049	5.26	0	18
ptg025218l_1_region	66764	351049	5.26	0	18
ptg025220l_1	13201	23150	1.75	0	4
ptg025220l_1_region	13201	23150	1.75	0	4
ptg025230l_1	43908	172876	3.94	0	15
ptg025230l_1_region	43908	172876	3.94	0	15
ptg025233l_1	36200	62611	1.73	0	5
ptg025233l_1_region	36200	62611	1.73	0	5
ptg025237l_1	45355	23066	0.51	0	11
ptg025237l_1_region	45355	23066	0.51	0	11
ptg025242l_1	18318	87241	4.76	0	15
ptg025242l_1_region	18318	87241	4.76	0	15
ptg025254l_1	30594	106402	3.48	0	12
ptg025254l_1_region	30594	106402	3.48	0	12
ptg025261l_1	22019	12067	0.55	0	10
ptg025261l_1_region	22019	12067	0.55	0	10
ptg025278l_1	34857	179882	5.16	0	13
ptg025278l_1_region	34857	179882	5.16	0	13
ptg025289l_1	44714	42523	0.95	0	5
ptg025289l_1_region	44714	42523	0.95	0	5
ptg025290l_1	8959	55477	6.19	0	10
ptg025290l_1_region	8959	55477	6.19	0	10
ptg025291l_1	26358	137738	5.23	0	9
ptg025291l_1_region	26358	137738	5.23	0	9
ptg025293l_1	21148	55248	2.61	0	5
ptg025293l_1_region	21148	55248	2.61	0	5
ptg025294l_1	22833	55092	2.41	0	5
ptg025294l_1_region	22833	55092	2.41	0	5
ptg025298l_1	52417	194757	3.72	0	12
ptg025298l_1_region	52417	194757	3.72	0	12
ptg025307l_1	55549	244309	4.40	0	18
ptg025307l_1_region	55549	244309	4.40	0	18
ptg025312l_1	112002	608148	5.43	0	21
ptg025312l_1_region	112002	608148	5.43	0	21
ptg025316l_1	28964	36614	1.26	0	4
ptg025316l_1_region	28964	36614	1.26	0	4
ptg025317l_1	70966	463615	6.53	0	15
ptg025317l_1_region	70966	463615	6.53	0	15
ptg025321l_1	13240	28296	2.14	0	18
ptg025321l_1_region	13240	28296	2.14	0	18
ptg025325l_1	11855	34377	2.90	0	6
ptg025325l_1_region	11855	34377	2.90	0	6
ptg025329l_1	30051	295365	9.83	0	86
ptg025329l_1_region	30051	295365	9.83	0	86
ptg025336l_1	24361	90502	3.72	0	16
ptg025336l_1_region	24361	90502	3.72	0	16
ptg025339l_1	21150	91250	4.31	0	26
ptg025339l_1_region	21150	91250	4.31	0	26
ptg025346l_1	24612	107582	4.37	0	11
ptg025346l_1_region	24612	107582	4.37	0	11
ptg025347l_1	13022	17093	1.31	0	2
ptg025347l_1_region	13022	17093	1.31	0	2
ptg025349l_1	26524	79783	3.01	0	11
ptg025349l_1_region	26524	79783	3.01	0	11
ptg025351l_1	11009	27160	2.47	0	6
ptg025351l_1_region	11009	27160	2.47	0	6
ptg025352l_1	9153	22865	2.50	0	7
ptg025352l_1_region	9153	22865	2.50	0	7
ptg025355l_1	22297	73036	3.28	0	8
ptg025355l_1_region	22297	73036	3.28	0	8
ptg025365l_1	13714	60800	4.43	0	11
ptg025365l_1_region	13714	60800	4.43	0	11
ptg025366l_1	35786	207362	5.79	0	17
ptg025366l_1_region	35786	207362	5.79	0	17
ptg025381l_1	22486	43391	1.93	0	6
ptg025381l_1_region	22486	43391	1.93	0	6
ptg025398l_1	9054	20878	2.31	0	5
ptg025398l_1_region	9054	20878	2.31	0	5
ptg025402l_1	62330	138028	2.21	0	14
ptg025402l_1_region	62330	138028	2.21	0	14
ptg025416c_1	6392	23407	3.66	0	7
ptg025416c_1_region	6392	23407	3.66	0	7
ptg025418l_1	26708	66930	2.51	0	8
ptg025418l_1_region	26708	66930	2.51	0	8
ptg025421l_1	16433	54260	3.30	0	5
ptg025421l_1_region	16433	54260	3.30	0	5
ptg025429l_1	33700	153354	4.55	0	12
ptg025429l_1_region	33700	153354	4.55	0	12
ptg025434l_1	29427	197303	6.70	0	16
ptg025434l_1_region	29427	197303	6.70	0	16
ptg025435l_1	25142	44220	1.76	0	6
ptg025435l_1_region	25142	44220	1.76	0	6
ptg025437l_1	29544	51128	1.73	0	4
ptg025437l_1_region	29544	51128	1.73	0	4
ptg025441l_1	23566	62362	2.65	0	5
ptg025441l_1_region	23566	62362	2.65	0	5
ptg025444l_1	12637	25233	2.00	0	3
ptg025444l_1_region	12637	25233	2.00	0	3
ptg025447l_1	61501	27024	0.44	0	4
ptg025447l_1_region	61501	27024	0.44	0	4
ptg025450l_1	155578	1155022	7.42	0	19
ptg025450l_1_region	155578	1155022	7.42	0	19
ptg025454l_1	21688	176092	8.12	0	16
ptg025454l_1_region	21688	176092	8.12	0	16
ptg025464l_1	34011	62280	1.83	0	8
ptg025464l_1_region	34011	62280	1.83	0	8
ptg025471l_1	21959	29444	1.34	0	4
ptg025471l_1_region	21959	29444	1.34	0	4
ptg025472l_1	78849	209644	2.66	0	24
ptg025472l_1_region	78849	209644	2.66	0	24
ptg025473l_1	17688	35589	2.01	0	6
ptg025473l_1_region	17688	35589	2.01	0	6
ptg025481l_1	18566	103647	5.58	0	9
ptg025481l_1_region	18566	103647	5.58	0	9
ptg025482l_1	12242	713	0.06	0	2
ptg025482l_1_region	12242	713	0.06	0	2
ptg025484l_1	33205	105813	3.19	0	13
ptg025484l_1_region	33205	105813	3.19	0	13
ptg025488l_1	24810	109500	4.41	0	9
ptg025488l_1_region	24810	109500	4.41	0	9
ptg025493l_1	11052	13687	1.24	0	2
ptg025493l_1_region	11052	13687	1.24	0	2
ptg025494l_1	11999	42960	3.58	0	10
ptg025494l_1_region	11999	42960	3.58	0	10
ptg025504l_1	12347	45539	3.69	0	7
ptg025504l_1_region	12347	45539	3.69	0	7
ptg025507l_1	15825	10683	0.68	0	3
ptg025507l_1_region	15825	10683	0.68	0	3
ptg025510l_1	29089	68221	2.35	0	5
ptg025510l_1_region	29089	68221	2.35	0	5
ptg025541l_1	36735	270372	7.36	0	27
ptg025541l_1_region	36735	270372	7.36	0	27
ptg025546l_1	22740	4238	0.19	0	2
ptg025546l_1_region	22740	4238	0.19	0	2
ptg025550l_1	17743	81379	4.59	0	8
ptg025550l_1_region	17743	81379	4.59	0	8
ptg025565l_1	37840	268154	7.09	0	16
ptg025565l_1_region	37840	268154	7.09	0	16
ptg025570l_1	21983	108133	4.92	0	50
ptg025570l_1_region	21983	108133	4.92	0	50
ptg025574l_1	27071	129911	4.80	0	9
ptg025574l_1_region	27071	129911	4.80	0	9
ptg025576l_1	14492	115587	7.98	0	15
ptg025576l_1_region	14492	115587	7.98	0	15
ptg025579l_1	26805	195822	7.31	0	13
ptg025579l_1_region	26805	195822	7.31	0	13
ptg025595l_1	26370	67715	2.57	0	5
ptg025595l_1_region	26370	67715	2.57	0	5
ptg025601l_1	33650	97376	2.89	0	7
ptg025601l_1_region	33650	97376	2.89	0	7
ptg025622l_1	21467	18372	0.86	0	2
ptg025622l_1_region	21467	18372	0.86	0	2
ptg025630l_1	44182	148825	3.37	0	11
ptg025630l_1_region	44182	148825	3.37	0	11
ptg025633l_1	36812	69590	1.89	0	6
ptg025633l_1_region	36812	69590	1.89	0	6
ptg025640l_1	103282	321121	3.11	0	16
ptg025640l_1_region	103282	321121	3.11	0	16
ptg025641l_1	27581	217701	7.89	0	13
ptg025641l_1_region	27581	217701	7.89	0	13
ptg025642l_1	13693	17586	1.28	0	4
ptg025642l_1_region	13693	17586	1.28	0	4
ptg025644l_1	35432	118814	3.35	0	8
ptg025644l_1_region	35432	118814	3.35	0	8
ptg025646l_1	37754	160744	4.26	0	12
ptg025646l_1_region	37754	160744	4.26	0	12
ptg025648l_1	20910	224188	10.72	0	20
ptg025648l_1_region	20910	224188	10.72	0	20
ptg025651l_1	56516	182400	3.23	0	16
ptg025651l_1_region	56516	182400	3.23	0	16
ptg025653l_1	48301	40523	0.84	0	4
ptg025653l_1_region	48301	40523	0.84	0	4
ptg025655l_1	21223	257192	12.12	1	21
ptg025655l_1_region	21223	257192	12.12	1	21
ptg025657l_1	27434	131938	4.81	0	11
ptg025657l_1_region	27434	131938	4.81	0	11
ptg025662l_1	22523	516335	22.92	0	45
ptg025662l_1_region	22523	516335	22.92	0	45
ptg025663l_1	104352	1989704	19.07	1	91
ptg025663l_1_region	104352	1989704	19.07	1	91
ptg025675l_1	15616	32015	2.05	0	4
ptg025675l_1_region	15616	32015	2.05	0	4
ptg025687l_1	13992	14178	1.01	0	3
ptg025687l_1_region	13992	14178	1.01	0	3
ptg025709l_1	23233	11666	0.50	0	3
ptg025709l_1_region	23233	11666	0.50	0	3
ptg025711l_1	13412	409270	30.52	2	56
ptg025711l_1_region	13412	409270	30.52	2	56
ptg025714l_1	21494	295304	13.74	0	43
ptg025714l_1_region	21494	295304	13.74	0	43
ptg025724l_1	35999	101325	2.81	0	8
ptg025724l_1_region	35999	101325	2.81	0	8
ptg025727l_1	15745	12709	0.81	0	2
ptg025727l_1_region	15745	12709	0.81	0	2
ptg025746l_1	81155	332741	4.10	0	15
ptg025746l_1_region	81155	332741	4.10	0	15
ptg025753l_1	8536	35498	4.16	1	6
ptg025753l_1_region	8536	35498	4.16	1	6
ptg025755l_1	22736	59089	2.60	0	7
ptg025755l_1_region	22736	59089	2.60	0	7
ptg025756l_1	32063	276444	8.62	0	18
ptg025756l_1_region	32063	276444	8.62	0	18
ptg025760l_1	9917	49834	5.03	0	9
ptg025760l_1_region	9917	49834	5.03	0	9
ptg025764l_1	18175	219087	12.05	0	27
ptg025764l_1_region	18175	219087	12.05	0	27
ptg025776l_1	28948	251	0.01	0	1
ptg025776l_1_region	28948	251	0.01	0	1
ptg025777l_1	23027	98203	4.26	0	14
ptg025777l_1_region	23027	98203	4.26	0	14
ptg025780l_1	25455	24595	0.97	0	3
ptg025780l_1_region	25455	24595	0.97	0	3
ptg025786l_1	43108	95130	2.21	0	12
ptg025786l_1_region	43108	95130	2.21	0	12
ptg025821l_1	26805	222670	8.31	0	30
ptg025821l_1_region	26805	222670	8.31	0	30
ptg025833l_1	18778	160769	8.56	0	17
ptg025833l_1_region	18778	160769	8.56	0	17
ptg025837l_1	40549	190918	4.71	0	18
ptg025837l_1_region	40549	190918	4.71	0	18
ptg025847l_1	24187	58235	2.41	0	8
ptg025847l_1_region	24187	58235	2.41	0	8
ptg025884l_1	20813	95494	4.59	0	8
ptg025884l_1_region	20813	95494	4.59	0	8
ptg025889l_1	13476	70357	5.22	0	11
ptg025889l_1_region	13476	70357	5.22	0	11
ptg025893l_1	17875	54027	3.02	0	7
ptg025893l_1_region	17875	54027	3.02	0	7
ptg025902l_1	21664	36158	1.67	0	4
ptg025902l_1_region	21664	36158	1.67	0	4
ptg025904l_1	28807	9005	0.31	0	2
ptg025904l_1_region	28807	9005	0.31	0	2
ptg025923l_1	51528	284224	5.52	0	12
ptg025923l_1_region	51528	284224	5.52	0	12
ptg025924l_1	36840	103127	2.80	0	15
ptg025924l_1_region	36840	103127	2.80	0	15
ptg025930l_1	23523	2452	0.10	0	4
ptg025930l_1_region	23523	2452	0.10	0	4
ptg025942l_1	55615	3813240	68.56	0	408
ptg025942l_1_region	55615	3813240	68.56	0	408
ptg025946l_1	14739	25159	1.71	0	4
ptg025946l_1_region	14739	25159	1.71	0	4
ptg025949l_1	14793	34322	2.32	0	7
ptg025949l_1_region	14793	34322	2.32	0	7
ptg025954l_1	14697	78405	5.33	0	9
ptg025954l_1_region	14697	78405	5.33	0	9
ptg025955l_1	20953	33103	1.58	0	4
ptg025955l_1_region	20953	33103	1.58	0	4
ptg025961l_1	39896	54627	1.37	0	6
ptg025961l_1_region	39896	54627	1.37	0	6
ptg025962l_1	14770	38481	2.61	0	11
ptg025962l_1_region	14770	38481	2.61	0	11
ptg025963l_1	39434	146981	3.73	0	11
ptg025963l_1_region	39434	146981	3.73	0	11
ptg025974l_1	17484	5213	0.30	0	5
ptg025974l_1_region	17484	5213	0.30	0	5
ptg025975l_1	14162	57477	4.06	0	9
ptg025975l_1_region	14162	57477	4.06	0	9
ptg025980l_1	53164	55966	1.05	0	6
ptg025980l_1_region	53164	55966	1.05	0	6
ptg025983l_1	17108	12310	0.72	0	5
ptg025983l_1_region	17108	12310	0.72	0	5
ptg025992l_1	50093	21541	0.43	0	3
ptg025992l_1_region	50093	21541	0.43	0	3
ptg026000l_1	21044	24699	1.17	0	7
ptg026000l_1_region	21044	24699	1.17	0	7
ptg026005l_1	13339	14554	1.09	0	2
ptg026005l_1_region	13339	14554	1.09	0	2
ptg026015l_1	22861	105720	4.62	0	11
ptg026015l_1_region	22861	105720	4.62	0	11
ptg026021l_1	16749	64123	3.83	0	9
ptg026021l_1_region	16749	64123	3.83	0	9
ptg026025l_1	12193	123621	10.14	1	16
ptg026025l_1_region	12193	123621	10.14	1	16
ptg026029l_1	11593	56291	4.86	0	10
ptg026029l_1_region	11593	56291	4.86	0	10
ptg026034l_1	14515	59306	4.09	0	8
ptg026034l_1_region	14515	59306	4.09	0	8
ptg026039l_1	11648	71334	6.12	0	9
ptg026039l_1_region	11648	71334	6.12	0	9
ptg026040l_1	23755	281148	11.84	0	21
ptg026040l_1_region	23755	281148	11.84	0	21
ptg026046l_1	22011	18251	0.83	0	9
ptg026046l_1_region	22011	18251	0.83	0	9
ptg026053l_1	49715	248046	4.99	0	22
ptg026053l_1_region	49715	248046	4.99	0	22
ptg026056l_1	24051	129125	5.37	0	19
ptg026056l_1_region	24051	129125	5.37	0	19
ptg026060l_1	29121	28324	0.97	0	3
ptg026060l_1_region	29121	28324	0.97	0	3
ptg026061l_1	21884	134328	6.14	1	12
ptg026061l_1_region	21884	134328	6.14	1	12
ptg026068l_1	25097	3333	0.13	0	7
ptg026068l_1_region	25097	3333	0.13	0	7
ptg026070l_1	13797	11018	0.80	0	3
ptg026070l_1_region	13797	11018	0.80	0	3
ptg026082l_1	70132	298568	4.26	0	12
ptg026082l_1_region	70132	298568	4.26	0	12
ptg026085l_1	28746	117010	4.07	0	11
ptg026085l_1_region	28746	117010	4.07	0	11
ptg026095l_1	37423	157149	4.20	0	8
ptg026095l_1_region	37423	157149	4.20	0	8
ptg026096l_1	15753	66937	4.25	0	9
ptg026096l_1_region	15753	66937	4.25	0	9
ptg026097l_1	28036	72520	2.59	0	7
ptg026097l_1_region	28036	72520	2.59	0	7
ptg026102l_1	762479	3789190	4.97	0	21
ptg026102l_1_region	762479	3789190	4.97	0	21
ptg026117l_1	19021	86666	4.56	0	10
ptg026117l_1_region	19021	86666	4.56	0	10
ptg026125l_1	47376	242765	5.12	0	11
ptg026125l_1_region	47376	242765	5.12	0	11
ptg026129l_1	13080	24522	1.87	0	6
ptg026129l_1_region	13080	24522	1.87	0	6
ptg026136l_1	50861	183223	3.60	0	10
ptg026136l_1_region	50861	183223	3.60	0	10
ptg026147l_1	11647	36371	3.12	0	7
ptg026147l_1_region	11647	36371	3.12	0	7
ptg026149l_1	1686740	10551611	6.26	0	30
ptg026149l_1_region	1686740	10551611	6.26	0	30
ptg026152l_1	15248	40319	2.64	0	6
ptg026152l_1_region	15248	40319	2.64	0	6
ptg026155l_1	43790	352362	8.05	0	20
ptg026155l_1_region	43790	352362	8.05	0	20
ptg026168l_1	46917	306107	6.52	0	12
ptg026168l_1_region	46917	306107	6.52	0	12
ptg026173l_1	22312	55529	2.49	0	7
ptg026173l_1_region	22312	55529	2.49	0	7
ptg026175l_1	30661	157382	5.13	0	34
ptg026175l_1_region	30661	157382	5.13	0	34
ptg026196l_1	41024	210289	5.13	0	15
ptg026196l_1_region	41024	210289	5.13	0	15
ptg026204l_1	27091	162616	6.00	0	17
ptg026204l_1_region	27091	162616	6.00	0	17
ptg026210l_1	67200	198040	2.95	0	8
ptg026210l_1_region	67200	198040	2.95	0	8
ptg026213l_1	24328	1141	0.05	0	1
ptg026213l_1_region	24328	1141	0.05	0	1
ptg026216l_1	40329	624553	15.49	0	41
ptg026216l_1_region	40329	624553	15.49	0	41
ptg026232l_1	23831	33752	1.42	0	14
ptg026232l_1_region	23831	33752	1.42	0	14
ptg026240l_1	11748	105212	8.96	3	13
ptg026240l_1_region	11748	105212	8.96	3	13
ptg026253l_1	13415	32212	2.40	0	4
ptg026253l_1_region	13415	32212	2.40	0	4
ptg026257l_1	7197	24601	3.42	0	6
ptg026257l_1_region	7197	24601	3.42	0	6
ptg026260l_1	20884	64899	3.11	0	7
ptg026260l_1_region	20884	64899	3.11	0	7
ptg026262l_1	14339	69490	4.85	0	11
ptg026262l_1_region	14339	69490	4.85	0	11
ptg026264l_1	30354	190523	6.28	0	12
ptg026264l_1_region	30354	190523	6.28	0	12
ptg026280l_1	15190	76611	5.04	0	12
ptg026280l_1_region	15190	76611	5.04	0	12
ptg026287l_1	20177	74357	3.69	0	8
ptg026287l_1_region	20177	74357	3.69	0	8
ptg026292l_1	16627	195831	11.78	0	20
ptg026292l_1_region	16627	195831	11.78	0	20
ptg026304l_1	12346	9957	0.81	0	2
ptg026304l_1_region	12346	9957	0.81	0	2
ptg026305l_1	11154	58585	5.25	0	22
ptg026305l_1_region	11154	58585	5.25	0	22
ptg026315l_1	35687	91844	2.57	0	7
ptg026315l_1_region	35687	91844	2.57	0	7
ptg026339l_1	12725	38961	3.06	0	8
ptg026339l_1_region	12725	38961	3.06	0	8
ptg026340l_1	34017	49425	1.45	0	7
ptg026340l_1_region	34017	49425	1.45	0	7
ptg026357l_1	30106	134689	4.47	0	22
ptg026357l_1_region	30106	134689	4.47	0	22
ptg026361l_1	25633	46324	1.81	0	6
ptg026361l_1_region	25633	46324	1.81	0	6
ptg026366l_1	24978	64711	2.59	0	17
ptg026366l_1_region	24978	64711	2.59	0	17
ptg026368l_1	9224	20854	2.26	0	4
ptg026368l_1_region	9224	20854	2.26	0	4
ptg026372l_1	43828	145038	3.31	0	9
ptg026372l_1_region	43828	145038	3.31	0	9
ptg026378l_1	16070	11868	0.74	0	4
ptg026378l_1_region	16070	11868	0.74	0	4
ptg026390l_1	47338	104558	2.21	0	15
ptg026390l_1_region	47338	104558	2.21	0	15
ptg026391l_1	13751	64211	4.67	1	7
ptg026391l_1_region	13751	64211	4.67	1	7
ptg026396l_1	11703	15936	1.36	0	3
ptg026396l_1_region	11703	15936	1.36	0	3
ptg026400l_1	16290	80815	4.96	1	8
ptg026400l_1_region	16290	80815	4.96	1	8
ptg026407l_1	12663	63024	4.98	0	13
ptg026407l_1_region	12663	63024	4.98	0	13
ptg026409l_1	14681	76510	5.21	0	11
ptg026409l_1_region	14681	76510	5.21	0	11
ptg026411l_1	28852	37456	1.30	0	8
ptg026411l_1_region	28852	37456	1.30	0	8
ptg026414l_1	36001	178396	4.96	0	12
ptg026414l_1_region	36001	178396	4.96	0	12
ptg026420l_1	11366	21124	1.86	0	2
ptg026420l_1_region	11366	21124	1.86	0	2
ptg026430l_1	14597	33299	2.28	0	5
ptg026430l_1_region	14597	33299	2.28	0	5
ptg026434l_1	32354	130217	4.02	0	13
ptg026434l_1_region	32354	130217	4.02	0	13
ptg026445l_1	5772	32453	5.62	0	18
ptg026445l_1_region	5772	32453	5.62	0	18
ptg026451l_1	9027	56931	6.31	0	14
ptg026451l_1_region	9027	56931	6.31	0	14
ptg026452l_1	43699	259107	5.93	0	11
ptg026452l_1_region	43699	259107	5.93	0	11
ptg026453l_1	19504	6551	0.34	0	2
ptg026453l_1_region	19504	6551	0.34	0	2
ptg026456l_1	15264	42400	2.78	0	8
ptg026456l_1_region	15264	42400	2.78	0	8
ptg026458l_1	15420	54027	3.50	0	8
ptg026458l_1_region	15420	54027	3.50	0	8
ptg026464l_1	39099	94869	2.43	0	6
ptg026464l_1_region	39099	94869	2.43	0	6
ptg026482l_1	33235	145001	4.36	0	12
ptg026482l_1_region	33235	145001	4.36	0	12
ptg026500l_1	12405	106691	8.60	0	26
ptg026500l_1_region	12405	106691	8.60	0	26
ptg026501l_1	28980	275757	9.52	0	45
ptg026501l_1_region	28980	275757	9.52	0	45
ptg026503l_1	8737	6901	0.79	0	2
ptg026503l_1_region	8737	6901	0.79	0	2
ptg026505l_1	46909	164841	3.51	0	8
ptg026505l_1_region	46909	164841	3.51	0	8
ptg026510l_1	66432	210897	3.17	0	18
ptg026510l_1_region	66432	210897	3.17	0	18
ptg026515l_1	31684	251804	7.95	0	51
ptg026515l_1_region	31684	251804	7.95	0	51
ptg026518l_1	14901	22686	1.52	0	6
ptg026518l_1_region	14901	22686	1.52	0	6
ptg026529l_1	19464	99021	5.09	0	9
ptg026529l_1_region	19464	99021	5.09	0	9
ptg026530l_1	14012	47936	3.42	0	16
ptg026530l_1_region	14012	47936	3.42	0	16
ptg026536l_1	15541	65261	4.20	0	7
ptg026536l_1_region	15541	65261	4.20	0	7
ptg026540l_1	11109	39207	3.53	0	6
ptg026540l_1_region	11109	39207	3.53	0	6
ptg026550l_1	33418	102189	3.06	0	11
ptg026550l_1_region	33418	102189	3.06	0	11
ptg026556l_1	9578	14587	1.52	0	3
ptg026556l_1_region	9578	14587	1.52	0	3
ptg026559l_1	18443	99865	5.41	1	10
ptg026559l_1_region	18443	99865	5.41	1	10
ptg026561l_1	62551	195377	3.12	0	9
ptg026561l_1_region	62551	195377	3.12	0	9
ptg026575l_1	18239	137235	7.52	0	11
ptg026575l_1_region	18239	137235	7.52	0	11
ptg026585l_1	21550	43541	2.02	0	5
ptg026585l_1_region	21550	43541	2.02	0	5
ptg026591l_1	20940	45606	2.18	0	10
ptg026591l_1_region	20940	45606	2.18	0	10
ptg026607l_1	12502	22917	1.83	0	6
ptg026607l_1_region	12502	22917	1.83	0	6
ptg026642l_1	18860	67464	3.58	0	8
ptg026642l_1_region	18860	67464	3.58	0	8
ptg026655l_1	14529	36321	2.50	0	5
ptg026655l_1_region	14529	36321	2.50	0	5
ptg026658l_1	15609	76353	4.89	0	8
ptg026658l_1_region	15609	76353	4.89	0	8
ptg026664l_1	37822	163521	4.32	0	10
ptg026664l_1_region	37822	163521	4.32	0	10
ptg026666l_1	13954	58021	4.16	0	9
ptg026666l_1_region	13954	58021	4.16	0	9
ptg026683l_1	21472	80674	3.76	1	8
ptg026683l_1_region	21472	80674	3.76	1	8
ptg026684l_1	13566	1039	0.08	0	2
ptg026684l_1_region	13566	1039	0.08	0	2
ptg026692l_1	17841	63965	3.59	0	10
ptg026692l_1_region	17841	63965	3.59	0	10
ptg026694l_1	24450	268292	10.97	0	42
ptg026694l_1_region	24450	268292	10.97	0	42
ptg026695l_1	19977	103967	5.20	0	15
ptg026695l_1_region	19977	103967	5.20	0	15
ptg026709l_1	9583	72015	7.51	0	16
ptg026709l_1_region	9583	72015	7.51	0	16
ptg026712l_1	13651	27552	2.02	0	4
ptg026712l_1_region	13651	27552	2.02	0	4
ptg026721l_1	9339	39695	4.25	0	7
ptg026721l_1_region	9339	39695	4.25	0	7
ptg026724l_1	27926	89640	3.21	0	12
ptg026724l_1_region	27926	89640	3.21	0	12
ptg026725l_1	23183	117920	5.09	0	11
ptg026725l_1_region	23183	117920	5.09	0	11
ptg026728l_1	19167	94541	4.93	0	15
ptg026728l_1_region	19167	94541	4.93	0	15
ptg026731l_1	21665	83969	3.88	0	11
ptg026731l_1_region	21665	83969	3.88	0	11
ptg026741l_1	13242	27589	2.08	0	3
ptg026741l_1_region	13242	27589	2.08	0	3
ptg026743l_1	11506	37835	3.29	0	6
ptg026743l_1_region	11506	37835	3.29	0	6
ptg026749l_1	9085	44499	4.90	0	9
ptg026749l_1_region	9085	44499	4.90	0	9
ptg026751l_1	11817	17271	1.46	0	4
ptg026751l_1_region	11817	17271	1.46	0	4
ptg026753l_1	33457	133162	3.98	0	9
ptg026753l_1_region	33457	133162	3.98	0	9
ptg026759l_1	13842	29041	2.10	0	4
ptg026759l_1_region	13842	29041	2.10	0	4
ptg026763l_1	15024	35689	2.38	0	6
ptg026763l_1_region	15024	35689	2.38	0	6
ptg026766l_1	26988	64911	2.41	0	8
ptg026766l_1_region	26988	64911	2.41	0	8
ptg026771l_1	21755	46411	2.13	0	6
ptg026771l_1_region	21755	46411	2.13	0	6
ptg026786l_1	23219	130887	5.64	0	9
ptg026786l_1_region	23219	130887	5.64	0	9
ptg026798l_1	15177	13827	0.91	0	3
ptg026798l_1_region	15177	13827	0.91	0	3
ptg026802l_1	24357	63428	2.60	0	10
ptg026802l_1_region	24357	63428	2.60	0	10
ptg026809l_1	9887	17935	1.81	0	3
ptg026809l_1_region	9887	17935	1.81	0	3
ptg026810l_1	21123	25768	1.22	0	7
ptg026810l_1_region	21123	25768	1.22	0	7
ptg026830l_1	68210	325737	4.78	0	14
ptg026830l_1_region	68210	325737	4.78	0	14
ptg026831l_1	37927	265002	6.99	0	18
ptg026831l_1_region	37927	265002	6.99	0	18
ptg026838l_1	22770	45031	1.98	0	4
ptg026838l_1_region	22770	45031	1.98	0	4
ptg026839l_1	16111	82803	5.14	0	10
ptg026839l_1_region	16111	82803	5.14	0	10
ptg026840l_1	10303	19845	1.93	0	3
ptg026840l_1_region	10303	19845	1.93	0	3
ptg026841l_1	13572	59223	4.36	0	12
ptg026841l_1_region	13572	59223	4.36	0	12
ptg026847l_1	41612	19828	0.48	0	5
ptg026847l_1_region	41612	19828	0.48	0	5
ptg026874l_1	19202	68735	3.58	0	8
ptg026874l_1_region	19202	68735	3.58	0	8
ptg026878l_1	34397	227962	6.63	0	13
ptg026878l_1_region	34397	227962	6.63	0	13
ptg026891l_1	10878	88840	8.17	0	15
ptg026891l_1_region	10878	88840	8.17	0	15
ptg026892l_1	40478	223699	5.53	0	13
ptg026892l_1_region	40478	223699	5.53	0	13
ptg026899l_1	21858	75686	3.46	0	18
ptg026899l_1_region	21858	75686	3.46	0	18
ptg026905l_1	18770	123772	6.59	0	14
ptg026905l_1_region	18770	123772	6.59	0	14
ptg026909l_1	38928	111121	2.85	0	20
ptg026909l_1_region	38928	111121	2.85	0	20
ptg026912l_1	24374	35306	1.45	0	7
ptg026912l_1_region	24374	35306	1.45	0	7
ptg026918l_1	9292	37971	4.09	0	7
ptg026918l_1_region	9292	37971	4.09	0	7
ptg026943l_1	34852	141876	4.07	0	12
ptg026943l_1_region	34852	141876	4.07	0	12
ptg026945l_1	19147	83764	4.37	0	23
ptg026945l_1_region	19147	83764	4.37	0	23
ptg026955l_1	33875	111660	3.30	0	8
ptg026955l_1_region	33875	111660	3.30	0	8
ptg026956l_1	13408	61017	4.55	0	19
ptg026956l_1_region	13408	61017	4.55	0	19
ptg026986l_1	17422	158296	9.09	0	15
ptg026986l_1_region	17422	158296	9.09	0	15
ptg026987l_1	23927	42697	1.78	0	10
ptg026987l_1_region	23927	42697	1.78	0	10
ptg026990l_1	23699	101427	4.28	0	12
ptg026990l_1_region	23699	101427	4.28	0	12
ptg026994l_1	18106	5636	0.31	0	8
ptg026994l_1_region	18106	5636	0.31	0	8
ptg027001l_1	10016	40703	4.06	0	6
ptg027001l_1_region	10016	40703	4.06	0	6
ptg027003l_1	22465	48762	2.17	0	5
ptg027003l_1_region	22465	48762	2.17	0	5
ptg027006l_1	24141	123814	5.13	0	9
ptg027006l_1_region	24141	123814	5.13	0	9
ptg027008l_1	11007	60583	5.50	0	12
ptg027008l_1_region	11007	60583	5.50	0	12
ptg027009l_1	14852	13287	0.89	0	2
ptg027009l_1_region	14852	13287	0.89	0	2
ptg027011l_1	19314	38735	2.01	0	11
ptg027011l_1_region	19314	38735	2.01	0	11
ptg027015l_1	20926	99491	4.75	0	11
ptg027015l_1_region	20926	99491	4.75	0	11
ptg027020l_1	14595	81845	5.61	0	22
ptg027020l_1_region	14595	81845	5.61	0	22
ptg027025l_1	17552	32266	1.84	0	4
ptg027025l_1_region	17552	32266	1.84	0	4
ptg027026l_1	82265	4419	0.05	0	4
ptg027026l_1_region	82265	4419	0.05	0	4
ptg027029l_1	8371	25963	3.10	0	7
ptg027029l_1_region	8371	25963	3.10	0	7
ptg027031l_1	15235	132383	8.69	4	11
ptg027031l_1_region	15235	132383	8.69	4	11
ptg027039l_1	10708	83487	7.80	0	21
ptg027039l_1_region	10708	83487	7.80	0	21
ptg027049l_1	12354	56480	4.57	0	14
ptg027049l_1_region	12354	56480	4.57	0	14
ptg027051l_1	40269	130490	3.24	0	11
ptg027051l_1_region	40269	130490	3.24	0	11
ptg027061l_1	9862	27942	2.83	0	5
ptg027061l_1_region	9862	27942	2.83	0	5
ptg027062l_1	14841	29185	1.97	0	4
ptg027062l_1_region	14841	29185	1.97	0	4
ptg027064l_1	9978	48700	4.88	0	8
ptg027064l_1_region	9978	48700	4.88	0	8
ptg027070l_1	22249	91022	4.09	0	15
ptg027070l_1_region	22249	91022	4.09	0	15
ptg027073l_1	17042	220855	12.96	2	41
ptg027073l_1_region	17042	220855	12.96	2	41
ptg027074l_1	45146	170233	3.77	0	10
ptg027074l_1_region	45146	170233	3.77	0	10
ptg027075l_1	21423	70036	3.27	0	10
ptg027075l_1_region	21423	70036	3.27	0	10
ptg027076l_1	9753	32734	3.36	0	8
ptg027076l_1_region	9753	32734	3.36	0	8
ptg027077l_1	12531	27854	2.22	0	5
ptg027077l_1_region	12531	27854	2.22	0	5
ptg027081l_1	18348	53217	2.90	0	4
ptg027081l_1_region	18348	53217	2.90	0	4
ptg027089l_1	10281	15014	1.46	0	3
ptg027089l_1_region	10281	15014	1.46	0	3
ptg027091l_1	21570	41486	1.92	0	6
ptg027091l_1_region	21570	41486	1.92	0	6
ptg027097l_1	12819	22841	1.78	0	4
ptg027097l_1_region	12819	22841	1.78	0	4
ptg027110l_1	17688	82942	4.69	0	8
ptg027110l_1_region	17688	82942	4.69	0	8
ptg027114l_1	19276	109638	5.69	0	16
ptg027114l_1_region	19276	109638	5.69	0	16
ptg027115l_1	13470	27712	2.06	0	4
ptg027115l_1_region	13470	27712	2.06	0	4
ptg027118l_1	139939	821225	5.87	0	15
ptg027118l_1_region	139939	821225	5.87	0	15
ptg027127l_1	7477	14415	1.93	0	4
ptg027127l_1_region	7477	14415	1.93	0	4
ptg027129l_1	19231	2225	0.12	0	4
ptg027129l_1_region	19231	2225	0.12	0	4
ptg027133l_1	10624	65757	6.19	0	10
ptg027133l_1_region	10624	65757	6.19	0	10
ptg027135l_1	14746	47048	3.19	0	7
ptg027135l_1_region	14746	47048	3.19	0	7
ptg027143l_1	7325	6763	0.92	0	3
ptg027143l_1_region	7325	6763	0.92	0	3
ptg027147l_1	12759	15331	1.20	0	4
ptg027147l_1_region	12759	15331	1.20	0	4
ptg027149l_1	7366	22099	3.00	0	4
ptg027149l_1_region	7366	22099	3.00	0	4
ptg027166l_1	5448	15124	2.78	0	16
ptg027166l_1_region	5448	15124	2.78	0	16
ptg027174l_1	12730	23448	1.84	0	3
ptg027174l_1_region	12730	23448	1.84	0	3
ptg027178l_1	13448	21195	1.58	0	7
ptg027178l_1_region	13448	21195	1.58	0	7
ptg027197l_1	421110	1671994	3.97	0	14
ptg027197l_1_region	421110	1671994	3.97	0	14
ptg027198l_1	7727	9110	1.18	0	5
ptg027198l_1_region	7727	9110	1.18	0	5
ptg027200l_1	8512	9649	1.13	0	5
ptg027200l_1_region	8512	9649	1.13	0	5
ptg027203l_1	17384	55597	3.20	0	11
ptg027203l_1_region	17384	55597	3.20	0	11
ptg027211l_1	147088	472958	3.22	0	11
ptg027211l_1_region	147088	472958	3.22	0	11
ptg027214l_1	9527	6051	0.64	0	3
ptg027214l_1_region	9527	6051	0.64	0	3
ptg027218l_1	19029	13805	0.73	0	4
ptg027218l_1_region	19029	13805	0.73	0	4
ptg027227l_1	11145	31189	2.80	0	6
ptg027227l_1_region	11145	31189	2.80	0	6
ptg027228l_1	10166	25362	2.49	0	6
ptg027228l_1_region	10166	25362	2.49	0	6
ptg027234l_1	20434	44217	2.16	0	6
ptg027234l_1_region	20434	44217	2.16	0	6
ptg027238l_1	13806	21356	1.55	0	5
ptg027238l_1_region	13806	21356	1.55	0	5
ptg027239l_1	31935	128758	4.03	0	12
ptg027239l_1_region	31935	128758	4.03	0	12
ptg027254l_1	20936	538767	25.73	0	63
ptg027254l_1_region	20936	538767	25.73	0	63
ptg027261l_1	17494	5179	0.30	0	3
ptg027261l_1_region	17494	5179	0.30	0	3
ptg027267l_1	21398	11447	0.53	0	3
ptg027267l_1_region	21398	11447	0.53	0	3
ptg027271l_1	19082	16705	0.88	0	10
ptg027271l_1_region	19082	16705	0.88	0	10
ptg027275l_1	42303	10319	0.24	0	1
ptg027275l_1_region	42303	10319	0.24	0	1
ptg027283l_1	6939	15332	2.21	0	4
ptg027283l_1_region	6939	15332	2.21	0	4
ptg027285l_1	30565	161282	5.28	0	11
ptg027285l_1_region	30565	161282	5.28	0	11
ptg027286l_1	9398	110	0.01	0	1
ptg027286l_1_region	9398	110	0.01	0	1
ptg027287l_1	9489	19505	2.06	0	4
ptg027287l_1_region	9489	19505	2.06	0	4
ptg027293l_1	6044	5676	0.94	0	2
ptg027293l_1_region	6044	5676	0.94	0	2
ptg027294l_1	71932	411743	5.72	0	15
ptg027294l_1_region	71932	411743	5.72	0	15
ptg027295l_1	32555	76081	2.34	0	9
ptg027295l_1_region	32555	76081	2.34	0	9
ptg027300l_1	28255	84262	2.98	0	6
ptg027300l_1_region	28255	84262	2.98	0	6
ptg027304l_1	13063	66166	5.07	0	11
ptg027304l_1_region	13063	66166	5.07	0	11
ptg027306l_1	23605	25816	1.09	0	4
ptg027306l_1_region	23605	25816	1.09	0	4
ptg027307l_1	41877	254098	6.07	0	16
ptg027307l_1_region	41877	254098	6.07	0	16
ptg027309l_1	29125	104848	3.60	0	16
ptg027309l_1_region	29125	104848	3.60	0	16
ptg027311l_1	14066	111472	7.92	0	15
ptg027311l_1_region	14066	111472	7.92	0	15
ptg027315l_1	29285	143403	4.90	0	9
ptg027315l_1_region	29285	143403	4.90	0	9
ptg027318l_1	10861	6096	0.56	0	3
ptg027318l_1_region	10861	6096	0.56	0	3
ptg027321l_1	20450	57550	2.81	0	8
ptg027321l_1_region	20450	57550	2.81	0	8
ptg027325l_1	24505	75590	3.08	0	7
ptg027325l_1_region	24505	75590	3.08	0	7
ptg027326l_1	47784	109277	2.29	0	7
ptg027326l_1_region	47784	109277	2.29	0	7
ptg027328l_1	15762	15503	0.98	0	3
ptg027328l_1_region	15762	15503	0.98	0	3
ptg027332l_1	34643	542102	15.65	1	49
ptg027332l_1_region	34643	542102	15.65	1	49
ptg027343l_1	40772	161216	3.95	0	9
ptg027343l_1_region	40772	161216	3.95	0	9
ptg027345l_1	37572	259174	6.90	0	23
ptg027345l_1_region	37572	259174	6.90	0	23
ptg027355l_1	10478	11432	1.09	0	4
ptg027355l_1_region	10478	11432	1.09	0	4
ptg027378l_1	19914	88216	4.43	0	12
ptg027378l_1_region	19914	88216	4.43	0	12
ptg027382l_1	22162	136213	6.15	0	16
ptg027382l_1_region	22162	136213	6.15	0	16
ptg027394l_1	43980	9201	0.21	0	1
ptg027394l_1_region	43980	9201	0.21	0	1
ptg027396l_1	19794	83135	4.20	0	9
ptg027396l_1_region	19794	83135	4.20	0	9
ptg027399l_1	31132	144747	4.65	0	12
ptg027399l_1_region	31132	144747	4.65	0	12
ptg027400l_1	49801	24004	0.48	0	2
ptg027400l_1_region	49801	24004	0.48	0	2
ptg027401l_1	19805	3835	0.19	0	1
ptg027401l_1_region	19805	3835	0.19	0	1
ptg027402l_1	22589	63363	2.81	0	11
ptg027402l_1_region	22589	63363	2.81	0	11
ptg027403l_1	22461	54014	2.40	0	4
ptg027403l_1_region	22461	54014	2.40	0	4
ptg027404l_1	35575	240013	6.75	0	14
ptg027404l_1_region	35575	240013	6.75	0	14
ptg027408l_1	8813	6472	0.73	0	1
ptg027408l_1_region	8813	6472	0.73	0	1
ptg027409l_1	46562	403431	8.66	0	19
ptg027409l_1_region	46562	403431	8.66	0	19
ptg027412l_1	25189	249648	9.91	0	19
ptg027412l_1_region	25189	249648	9.91	0	19
ptg027416l_1	15962	11518	0.72	0	2
ptg027416l_1_region	15962	11518	0.72	0	2
ptg027419l_1	25362	20513	0.81	0	4
ptg027419l_1_region	25362	20513	0.81	0	4
ptg027421l_1	90568	434198	4.79	0	17
ptg027421l_1_region	90568	434198	4.79	0	17
ptg027422l_1	16350	54339	3.32	0	6
ptg027422l_1_region	16350	54339	3.32	0	6
ptg027425l_1	18884	43386	2.30	0	5
ptg027425l_1_region	18884	43386	2.30	0	5
ptg027426l_1	24443	29098	1.19	0	4
ptg027426l_1_region	24443	29098	1.19	0	4
ptg027434l_1	27684	50897	1.84	0	5
ptg027434l_1_region	27684	50897	1.84	0	5
ptg027440l_1	11597	51580	4.45	0	10
ptg027440l_1_region	11597	51580	4.45	0	10
ptg027454l_1	24478	71049	2.90	0	5
ptg027454l_1_region	24478	71049	2.90	0	5
ptg027460l_1	33822	109867	3.25	0	13
ptg027460l_1_region	33822	109867	3.25	0	13
ptg027464l_1	19285	134145	6.96	0	121
ptg027464l_1_region	19285	134145	6.96	0	121
ptg027467l_1	29102	3067	0.11	0	1
ptg027467l_1_region	29102	3067	0.11	0	1
ptg027469l_1	11785	15396	1.31	0	2
ptg027469l_1_region	11785	15396	1.31	0	2
ptg027472l_1	84796	398473	4.70	0	13
ptg027472l_1_region	84796	398473	4.70	0	13
ptg027482l_1	40822	18996	0.47	0	1
ptg027482l_1_region	40822	18996	0.47	0	1
ptg027505l_1	30255	86697	2.87	0	6
ptg027505l_1_region	30255	86697	2.87	0	6
ptg027509l_1	35512	1949	0.05	0	1
ptg027509l_1_region	35512	1949	0.05	0	1
ptg027520l_1	28031	82220	2.93	0	6
ptg027520l_1_region	28031	82220	2.93	0	6
ptg027524l_1	10217	5849	0.57	0	3
ptg027524l_1_region	10217	5849	0.57	0	3
ptg027534l_1	7512	15688	2.09	0	3
ptg027534l_1_region	7512	15688	2.09	0	3
ptg027541l_1	12423	83771	6.74	1	10
ptg027541l_1_region	12423	83771	6.74	1	10
ptg027543l_1	11531	30083	2.61	0	5
ptg027543l_1_region	11531	30083	2.61	0	5
ptg027544l_1	45393	203520	4.48	0	13
ptg027544l_1_region	45393	203520	4.48	0	13
ptg027546l_1	25261	21463	0.85	0	1
ptg027546l_1_region	25261	21463	0.85	0	1
ptg027549l_1	15215	41645	2.74	0	7
ptg027549l_1_region	15215	41645	2.74	0	7
ptg027554l_1	23098	413040	17.88	1	31
ptg027554l_1_region	23098	413040	17.88	1	31
ptg027555l_1	15020	13466	0.90	0	2
ptg027555l_1_region	15020	13466	0.90	0	2
ptg027558l_1	18893	36288	1.92	0	5
ptg027558l_1_region	18893	36288	1.92	0	5
ptg027559l_1	183607	1697704	9.25	0	43
ptg027559l_1_region	183607	1697704	9.25	0	43
ptg027560l_1	26509	269073	10.15	1	23
ptg027560l_1_region	26509	269073	10.15	1	23
ptg027561l_1	14260	22533	1.58	0	2
ptg027561l_1_region	14260	22533	1.58	0	2
ptg027562l_1	53456	34303	0.64	0	4
ptg027562l_1_region	53456	34303	0.64	0	4
ptg027563l_1	21982	30227	1.38	0	2
ptg027563l_1_region	21982	30227	1.38	0	2
ptg027566l_1	24299	34433	1.42	0	3
ptg027566l_1_region	24299	34433	1.42	0	3
ptg027567l_1	27964	47508	1.70	0	5
ptg027567l_1_region	27964	47508	1.70	0	5
ptg027570l_1	25815	32690	1.27	0	4
ptg027570l_1_region	25815	32690	1.27	0	4
ptg027572l_1	14788	24021	1.62	0	6
ptg027572l_1_region	14788	24021	1.62	0	6
ptg027575l_1	17575	28386	1.62	0	4
ptg027575l_1_region	17575	28386	1.62	0	4
ptg027576l_1	20967	116357	5.55	0	10
ptg027576l_1_region	20967	116357	5.55	0	10
ptg027578l_1	11885	81523	6.86	0	12
ptg027578l_1_region	11885	81523	6.86	0	12
ptg027579l_1	26974	28256	1.05	0	5
ptg027579l_1_region	26974	28256	1.05	0	5
ptg027587l_1	13589	23759	1.75	0	5
ptg027587l_1_region	13589	23759	1.75	0	5
ptg027640l_1	38543	247115	6.41	1	15
ptg027640l_1_region	38543	247115	6.41	1	15
ptg027665l_1	18507	58208	3.15	0	8
ptg027665l_1_region	18507	58208	3.15	0	8
ptg027677l_1	15793	141830	8.98	0	14
ptg027677l_1_region	15793	141830	8.98	0	14
ptg027682l_1	12167	51515	4.23	0	7
ptg027682l_1_region	12167	51515	4.23	0	7
ptg027684l_1	23039	106344	4.62	0	11
ptg027684l_1_region	23039	106344	4.62	0	11
ptg027688l_1	11549	21251	1.84	0	3
ptg027688l_1_region	11549	21251	1.84	0	3
ptg027702l_1	15263	83949	5.50	0	12
ptg027702l_1_region	15263	83949	5.50	0	12
ptg027705l_1	10508	46262	4.40	0	8
ptg027705l_1_region	10508	46262	4.40	0	8
ptg027707l_1	38808	122295	3.15	0	8
ptg027707l_1_region	38808	122295	3.15	0	8
ptg027709l_1	26684	72862	2.73	0	12
ptg027709l_1_region	26684	72862	2.73	0	12
ptg027730l_1	21819	80117	3.67	0	12
ptg027730l_1_region	21819	80117	3.67	0	12
ptg027735l_1	15963	261863	16.40	0	163
ptg027735l_1_region	15963	261863	16.40	0	163
ptg027747l_1	15129	83512	5.52	0	8
ptg027747l_1_region	15129	83512	5.52	0	8
ptg027755l_1	24536	98520	4.02	0	10
ptg027755l_1_region	24536	98520	4.02	0	10
ptg027756l_1	16675	8518	0.51	0	3
ptg027756l_1_region	16675	8518	0.51	0	3
ptg027757l_1	45773	44532	0.97	0	4
ptg027757l_1_region	45773	44532	0.97	0	4
ptg027762l_1	21422	110988	5.18	0	7
ptg027762l_1_region	21422	110988	5.18	0	7
ptg027767l_1	9642	50199	5.21	0	7
ptg027767l_1_region	9642	50199	5.21	0	7
ptg027768l_1	28231	116759	4.14	0	10
ptg027768l_1_region	28231	116759	4.14	0	10
ptg027769l_1	9684	9675	1.00	0	6
ptg027769l_1_region	9684	9675	1.00	0	6
ptg027778l_1	14319	45634	3.19	0	6
ptg027778l_1_region	14319	45634	3.19	0	6
ptg027780l_1	25471	113495	4.46	0	11
ptg027780l_1_region	25471	113495	4.46	0	11
ptg027782l_1	20942	39597	1.89	0	5
ptg027782l_1_region	20942	39597	1.89	0	5
ptg027786l_1	16747	120581	7.20	0	17
ptg027786l_1_region	16747	120581	7.20	0	17
ptg027791l_1	8922	27734	3.11	0	5
ptg027791l_1_region	8922	27734	3.11	0	5
ptg027802l_1	35535	938178	26.40	0	1128
ptg027802l_1_region	35535	938178	26.40	0	1128
ptg027811l_1	9446	32161	3.40	0	8
ptg027811l_1_region	9446	32161	3.40	0	8
ptg027827l_1	20933	102132	4.88	0	11
ptg027827l_1_region	20933	102132	4.88	0	11
ptg027830l_1	11508	49106	4.27	0	11
ptg027830l_1_region	11508	49106	4.27	0	11
ptg027832l_1	26086	131335	5.03	0	9
ptg027832l_1_region	26086	131335	5.03	0	9
ptg027837l_1	16939	27069	1.60	0	3
ptg027837l_1_region	16939	27069	1.60	0	3
ptg027839l_1	19420	32341	1.67	0	4
ptg027839l_1_region	19420	32341	1.67	0	4
ptg027842l_1	8659	10997	1.27	0	3
ptg027842l_1_region	8659	10997	1.27	0	3
ptg027854l_1	13997	9579	0.68	0	3
ptg027854l_1_region	13997	9579	0.68	0	3
ptg027855l_1	20804	26871	1.29	0	4
ptg027855l_1_region	20804	26871	1.29	0	4
ptg027859l_1	20641	44488	2.16	0	5
ptg027859l_1_region	20641	44488	2.16	0	5
ptg027864l_1	16508	30405	1.84	0	5
ptg027864l_1_region	16508	30405	1.84	0	5
ptg027869l_1	14158	9619	0.68	0	2
ptg027869l_1_region	14158	9619	0.68	0	2
ptg027871l_1	15558	67982	4.37	0	7
ptg027871l_1_region	15558	67982	4.37	0	7
ptg027877l_1	18169	68809	3.79	0	7
ptg027877l_1_region	18169	68809	3.79	0	7
ptg027899l_1	17905	32923	1.84	0	5
ptg027899l_1_region	17905	32923	1.84	0	5
ptg027901l_1	6649	11121	1.67	0	4
ptg027901l_1_region	6649	11121	1.67	0	4
ptg027905l_1	21063	54281	2.58	0	4
ptg027905l_1_region	21063	54281	2.58	0	4
ptg027906l_1	14780	96618	6.54	1	11
ptg027906l_1_region	14780	96618	6.54	1	11
ptg027910l_1	26323	106921	4.06	0	12
ptg027910l_1_region	26323	106921	4.06	0	12
ptg027913l_1	34834	273722	7.86	0	39
ptg027913l_1_region	34834	273722	7.86	0	39
ptg027915l_1	14181	37916	2.67	0	7
ptg027915l_1_region	14181	37916	2.67	0	7
ptg027917l_1	26708	85805	3.21	0	7
ptg027917l_1_region	26708	85805	3.21	0	7
ptg027926l_1	9627	30072	3.12	0	6
ptg027926l_1_region	9627	30072	3.12	0	6
ptg027932l_1	21341	78600	3.68	0	10
ptg027932l_1_region	21341	78600	3.68	0	10
ptg027934l_1	20273	37812	1.87	0	7
ptg027934l_1_region	20273	37812	1.87	0	7
ptg027943l_1	32816	201107	6.13	0	17
ptg027943l_1_region	32816	201107	6.13	0	17
ptg027945l_1	9619	79497	8.26	3	11
ptg027945l_1_region	9619	79497	8.26	3	11
ptg027949l_1	36807	147154	4.00	0	8
ptg027949l_1_region	36807	147154	4.00	0	8
ptg027952l_1	19160	44134	2.30	0	8
ptg027952l_1_region	19160	44134	2.30	0	8
ptg027958l_1	8559	43157	5.04	0	13
ptg027958l_1_region	8559	43157	5.04	0	13
ptg027967l_1	8345	20791	2.49	0	6
ptg027967l_1_region	8345	20791	2.49	0	6
ptg027975l_1	30542	120966	3.96	0	16
ptg027975l_1_region	30542	120966	3.96	0	16
ptg027976l_1	21691	36407	1.68	0	5
ptg027976l_1_region	21691	36407	1.68	0	5
ptg027980l_1	21209	81148	3.83	0	8
ptg027980l_1_region	21209	81148	3.83	0	8
ptg027990l_1	14606	21046	1.44	0	4
ptg027990l_1_region	14606	21046	1.44	0	4
ptg027994l_1	16396	14670	0.89	0	4
ptg027994l_1_region	16396	14670	0.89	0	4
ptg027996l_1	26429	100399	3.80	0	7
ptg027996l_1_region	26429	100399	3.80	0	7
ptg027997l_1	20109	36964	1.84	0	6
ptg027997l_1_region	20109	36964	1.84	0	6
ptg027998l_1	13252	696	0.05	0	2
ptg027998l_1_region	13252	696	0.05	0	2
ptg028003l_1	28473	48801	1.71	0	5
ptg028003l_1_region	28473	48801	1.71	0	5
ptg028005l_1	28088	58947	2.10	0	14
ptg028005l_1_region	28088	58947	2.10	0	14
ptg028007l_1	16370	67581	4.13	0	6
ptg028007l_1_region	16370	67581	4.13	0	6
ptg028012l_1	19532	30743	1.57	0	25
ptg028012l_1_region	19532	30743	1.57	0	25
ptg028014l_1	27226	122055	4.48	0	24
ptg028014l_1_region	27226	122055	4.48	0	24
ptg028016l_1	14066	91348	6.49	0	12
ptg028016l_1_region	14066	91348	6.49	0	12
ptg028022l_1	23677	106281	4.49	0	18
ptg028022l_1_region	23677	106281	4.49	0	18
ptg028025l_1	10333	5854	0.57	0	3
ptg028025l_1_region	10333	5854	0.57	0	3
ptg028029l_1	26979	255022	9.45	0	21
ptg028029l_1_region	26979	255022	9.45	0	21
ptg028034l_1	18396	95422	5.19	0	29
ptg028034l_1_region	18396	95422	5.19	0	29
ptg028043l_1	11069	35179	3.18	0	5
ptg028043l_1_region	11069	35179	3.18	0	5
ptg028054l_1	15961	39059	2.45	0	6
ptg028054l_1_region	15961	39059	2.45	0	6
ptg028058l_1	9106	5930	0.65	0	1
ptg028058l_1_region	9106	5930	0.65	0	1
ptg028060l_1	10860	18023	1.66	0	4
ptg028060l_1_region	10860	18023	1.66	0	4
ptg028063l_1	7772	17488	2.25	0	4
ptg028063l_1_region	7772	17488	2.25	0	4
ptg028066l_1	40958	274573	6.70	1	11
ptg028066l_1_region	40958	274573	6.70	1	11
ptg028067l_1	20180	111042	5.50	1	8
ptg028067l_1_region	20180	111042	5.50	1	8
ptg028069l_1	11394	25556	2.24	0	4
ptg028069l_1_region	11394	25556	2.24	0	4
ptg028073l_1	19652	109824	5.59	0	11
ptg028073l_1_region	19652	109824	5.59	0	11
ptg028076l_1	32035	1570	0.05	0	1
ptg028076l_1_region	32035	1570	0.05	0	1
ptg028089l_1	36355	136758	3.76	0	8
ptg028089l_1_region	36355	136758	3.76	0	8
ptg028090l_1	11164	56631	5.07	0	11
ptg028090l_1_region	11164	56631	5.07	0	11
ptg028092l_1	35463	149868	4.23	0	10
ptg028092l_1_region	35463	149868	4.23	0	10
ptg028105l_1	6934	13622	1.96	0	3
ptg028105l_1_region	6934	13622	1.96	0	3
ptg028107l_1	27869	111445	4.00	0	12
ptg028107l_1_region	27869	111445	4.00	0	12
ptg028111l_1	18302	19716	1.08	0	3
ptg028111l_1_region	18302	19716	1.08	0	3
ptg028120l_1	19606	53460	2.73	0	6
ptg028120l_1_region	19606	53460	2.73	0	6
ptg028126l_1	14474	65567	4.53	0	9
ptg028126l_1_region	14474	65567	4.53	0	9
ptg028129l_1	26576	167067	6.29	0	11
ptg028129l_1_region	26576	167067	6.29	0	11
ptg028130l_1	19654	22788	1.16	0	2
ptg028130l_1_region	19654	22788	1.16	0	2
ptg028136l_1	9261	17432	1.88	0	7
ptg028136l_1_region	9261	17432	1.88	0	7
ptg028138l_1	8659	28199	3.26	0	8
ptg028138l_1_region	8659	28199	3.26	0	8
ptg028139l_1	23115	138278	5.98	0	13
ptg028139l_1_region	23115	138278	5.98	0	13
ptg028141l_1	21887	81470	3.72	0	9
ptg028141l_1_region	21887	81470	3.72	0	9
ptg028145l_1	9860	27571	2.80	0	5
ptg028145l_1_region	9860	27571	2.80	0	5
ptg028152l_1	16073	22470	1.40	0	4
ptg028152l_1_region	16073	22470	1.40	0	4
ptg028155l_1	15644	76371	4.88	0	9
ptg028155l_1_region	15644	76371	4.88	0	9
ptg028158l_1	18604	96466	5.19	0	12
ptg028158l_1_region	18604	96466	5.19	0	12
ptg028163l_1	31939	10508	0.33	0	12
ptg028163l_1_region	31939	10508	0.33	0	12
ptg028166l_1	12117	26838	2.21	0	3
ptg028166l_1_region	12117	26838	2.21	0	3
ptg028176l_1	22388	154894	6.92	0	45
ptg028176l_1_region	22388	154894	6.92	0	45
ptg028187l_1	9608	21248	2.21	0	10
ptg028187l_1_region	9608	21248	2.21	0	10
ptg028206l_1	9548	29888	3.13	1	5
ptg028206l_1_region	9548	29888	3.13	1	5
ptg028220l_1	30885	98822	3.20	0	10
ptg028220l_1_region	30885	98822	3.20	0	10
ptg028224l_1	8955	8466	0.95	0	3
ptg028224l_1_region	8955	8466	0.95	0	3
ptg028226l_1	19273	72908	3.78	0	19
ptg028226l_1_region	19273	72908	3.78	0	19
ptg028228l_1	7966	9064	1.14	0	3
ptg028228l_1_region	7966	9064	1.14	0	3
ptg028234l_1	22979	17590	0.77	0	9
ptg028234l_1_region	22979	17590	0.77	0	9
ptg028243l_1	23908	139655	5.84	0	20
ptg028243l_1_region	23908	139655	5.84	0	20
ptg028244l_1	20671	58106	2.81	0	7
ptg028244l_1_region	20671	58106	2.81	0	7
ptg028245l_1	14862	99825	6.72	0	11
ptg028245l_1_region	14862	99825	6.72	0	11
ptg028257l_1	15368	127848	8.32	0	12
ptg028257l_1_region	15368	127848	8.32	0	12
ptg028265l_1	9208	22212	2.41	0	5
ptg028265l_1_region	9208	22212	2.41	0	5
ptg028270l_1	32950	88047	2.67	0	10
ptg028270l_1_region	32950	88047	2.67	0	10
ptg028279l_1	18195	37516	2.06	0	4
ptg028279l_1_region	18195	37516	2.06	0	4
ptg028282l_1	9700	17965	1.85	0	4
ptg028282l_1_region	9700	17965	1.85	0	4
ptg028294l_1	12443	87939	7.07	0	18
ptg028294l_1_region	12443	87939	7.07	0	18
ptg028300l_1	26270	104543	3.98	0	9
ptg028300l_1_region	26270	104543	3.98	0	9
ptg028307l_1	14699	38072	2.59	0	5
ptg028307l_1_region	14699	38072	2.59	0	5
ptg028309l_1	28943	79009	2.73	0	16
ptg028309l_1_region	28943	79009	2.73	0	16
ptg028311l_1	25438	173335	6.81	0	15
ptg028311l_1_region	25438	173335	6.81	0	15
ptg028313l_1	16934	28970	1.71	0	6
ptg028313l_1_region	16934	28970	1.71	0	6
ptg028314l_1	20858	70441	3.38	0	8
ptg028314l_1_region	20858	70441	3.38	0	8
ptg028315l_1	21075	172737	8.20	0	16
ptg028315l_1_region	21075	172737	8.20	0	16
ptg028317l_1	18430	77323	4.20	0	8
ptg028317l_1_region	18430	77323	4.20	0	8
ptg028318l_1	12752	19173	1.50	0	3
ptg028318l_1_region	12752	19173	1.50	0	3
ptg028322l_1	14264	25157	1.76	0	4
ptg028322l_1_region	14264	25157	1.76	0	4
ptg028324l_1	12297	20089	1.63	0	4
ptg028324l_1_region	12297	20089	1.63	0	4
ptg028326l_1	22291	60212	2.70	0	6
ptg028326l_1_region	22291	60212	2.70	0	6
ptg028327l_1	36889	410199	11.12	0	24
ptg028327l_1_region	36889	410199	11.12	0	24
ptg028329l_1	22171	391	0.02	0	1
ptg028329l_1_region	22171	391	0.02	0	1
ptg028332l_1	18290	61052	3.34	0	9
ptg028332l_1_region	18290	61052	3.34	0	9
ptg028336l_1	16455	68165	4.14	0	8
ptg028336l_1_region	16455	68165	4.14	0	8
ptg028352l_1	20165	64634	3.21	0	10
ptg028352l_1_region	20165	64634	3.21	0	10
ptg028353l_1	19568	119581	6.11	0	19
ptg028353l_1_region	19568	119581	6.11	0	19
ptg028361l_1	11747	27130	2.31	0	5
ptg028361l_1_region	11747	27130	2.31	0	5
ptg028363l_1	21775	56939	2.61	0	5
ptg028363l_1_region	21775	56939	2.61	0	5
ptg028388l_1	13302	32866	2.47	0	15
ptg028388l_1_region	13302	32866	2.47	0	15
ptg028391l_1	10973	16427	1.50	0	3
ptg028391l_1_region	10973	16427	1.50	0	3
ptg028398l_1	42014	3779	0.09	0	1
ptg028398l_1_region	42014	3779	0.09	0	1
ptg028414l_1	23599	134569	5.70	0	17
ptg028414l_1_region	23599	134569	5.70	0	17
ptg028418l_1	27580	273864	9.93	0	26
ptg028418l_1_region	27580	273864	9.93	0	26
ptg028430l_1	18943	37460	1.98	0	19
ptg028430l_1_region	18943	37460	1.98	0	19
ptg028442l_1	18899	53273	2.82	0	8
ptg028442l_1_region	18899	53273	2.82	0	8
ptg028443l_1	38977	222165	5.70	0	14
ptg028443l_1_region	38977	222165	5.70	0	14
ptg028446l_1	21116	136058	6.44	0	10
ptg028446l_1_region	21116	136058	6.44	0	10
ptg028457l_1	10184	38019	3.73	0	8
ptg028457l_1_region	10184	38019	3.73	0	8
ptg028458l_1	10209	21203	2.08	0	4
ptg028458l_1_region	10209	21203	2.08	0	4
ptg028468l_1	11584	78279	6.76	0	11
ptg028468l_1_region	11584	78279	6.76	0	11
ptg028472l_1	9571	75055	7.84	0	11
ptg028472l_1_region	9571	75055	7.84	0	11
ptg028475l_1	16681	29862	1.79	0	3
ptg028475l_1_region	16681	29862	1.79	0	3
ptg028479l_1	13958	79488	5.69	1	11
ptg028479l_1_region	13958	79488	5.69	1	11
ptg028481l_1	10548	27016	2.56	0	8
ptg028481l_1_region	10548	27016	2.56	0	8
ptg028482l_1	21988	98892	4.50	0	12
ptg028482l_1_region	21988	98892	4.50	0	12
ptg028494l_1	17553	24177	1.38	0	4
ptg028494l_1_region	17553	24177	1.38	0	4
ptg028504l_1	13067	40473	3.10	0	6
ptg028504l_1_region	13067	40473	3.10	0	6
ptg028514l_1	16069	129210	8.04	1	14
ptg028514l_1_region	16069	129210	8.04	1	14
ptg028517l_1	15409	58811	3.82	0	7
ptg028517l_1_region	15409	58811	3.82	0	7
ptg028519l_1	13681	54033	3.95	0	8
ptg028519l_1_region	13681	54033	3.95	0	8
ptg028520l_1	11237	8718	0.78	0	3
ptg028520l_1_region	11237	8718	0.78	0	3
ptg028529l_1	17378	93080	5.36	0	14
ptg028529l_1_region	17378	93080	5.36	0	14
ptg028532l_1	10956	25076	2.29	0	5
ptg028532l_1_region	10956	25076	2.29	0	5
ptg028543l_1	15112	32544	2.15	0	4
ptg028543l_1_region	15112	32544	2.15	0	4
ptg028544l_1	19776	95316	4.82	0	10
ptg028544l_1_region	19776	95316	4.82	0	10
ptg028550l_1	15274	13067	0.86	0	3
ptg028550l_1_region	15274	13067	0.86	0	3
ptg028569l_1	9613	22214	2.31	0	7
ptg028569l_1_region	9613	22214	2.31	0	7
ptg028577l_1	9323	2682	0.29	0	5
ptg028577l_1_region	9323	2682	0.29	0	5
ptg028580l_1	8876	73564	8.29	0	13
ptg028580l_1_region	8876	73564	8.29	0	13
ptg028582l_1	14478	161899	11.18	0	38
ptg028582l_1_region	14478	161899	11.18	0	38
ptg028584l_1	23862	96114	4.03	0	8
ptg028584l_1_region	23862	96114	4.03	0	8
ptg028591l_1	23437	65681	2.80	0	8
ptg028591l_1_region	23437	65681	2.80	0	8
ptg028618l_1	24208	61523	2.54	0	7
ptg028618l_1_region	24208	61523	2.54	0	7
ptg028627l_1	23290	85336	3.66	0	11
ptg028627l_1_region	23290	85336	3.66	0	11
ptg028628l_1	8771	18708	2.13	0	4
ptg028628l_1_region	8771	18708	2.13	0	4
ptg028630l_1	12804	11946	0.93	0	2
ptg028630l_1_region	12804	11946	0.93	0	2
ptg028637l_1	11945	26564	2.22	0	5
ptg028637l_1_region	11945	26564	2.22	0	5
ptg028641l_1	17013	25513	1.50	0	4
ptg028641l_1_region	17013	25513	1.50	0	4
ptg028646l_1	8569	13747	1.60	0	3
ptg028646l_1_region	8569	13747	1.60	0	3
ptg028652l_1	17287	32527	1.88	0	4
ptg028652l_1_region	17287	32527	1.88	0	4
ptg028684l_1	22925	31951	1.39	0	4
ptg028684l_1_region	22925	31951	1.39	0	4
ptg028701l_1	12606	71209	5.65	0	11
ptg028701l_1_region	12606	71209	5.65	0	11
ptg028712l_1	25529	78638	3.08	0	8
ptg028712l_1_region	25529	78638	3.08	0	8
ptg028718l_1	7501	28723	3.83	0	9
ptg028718l_1_region	7501	28723	3.83	0	9
ptg028719l_1	6385	4811	0.75	0	1
ptg028719l_1_region	6385	4811	0.75	0	1
ptg028736l_1	21216	72547	3.42	0	7
ptg028736l_1_region	21216	72547	3.42	0	7
ptg028740l_1	12894	47978	3.72	0	7
ptg028740l_1_region	12894	47978	3.72	0	7
ptg028742l_1	7668	42277	5.51	0	40
ptg028742l_1_region	7668	42277	5.51	0	40
ptg028749l_1	14580	18133	1.24	0	3
ptg028749l_1_region	14580	18133	1.24	0	3
ptg028756l_1	8959	11249	1.26	0	3
ptg028756l_1_region	8959	11249	1.26	0	3
ptg028759l_1	10130	19381	1.91	0	3
ptg028759l_1_region	10130	19381	1.91	0	3
ptg028763l_1	12401	36633	2.95	1	8
ptg028763l_1_region	12401	36633	2.95	1	8
ptg028765l_1	16191	13437	0.83	0	4
ptg028765l_1_region	16191	13437	0.83	0	4
ptg028775l_1	15260	58259	3.82	1	6
ptg028775l_1_region	15260	58259	3.82	1	6
ptg028776l_1	12949	207883	16.05	0	37
ptg028776l_1_region	12949	207883	16.05	0	37
ptg028778l_1	13166	37819	2.87	0	8
ptg028778l_1_region	13166	37819	2.87	0	8
ptg028788l_1	7044	17939	2.55	0	5
ptg028788l_1_region	7044	17939	2.55	0	5
ptg028794l_1	16926	66944	3.96	0	8
ptg028794l_1_region	16926	66944	3.96	0	8
ptg028801l_1	12928	28793	2.23	0	5
ptg028801l_1_region	12928	28793	2.23	0	5
ptg028813l_1	7393	32937	4.46	2	9
ptg028813l_1_region	7393	32937	4.46	2	9
ptg028821l_1	17737	199022	11.22	1	19
ptg028821l_1_region	17737	199022	11.22	1	19
ptg028829l_1	16648	49038	2.95	0	6
ptg028829l_1_region	16648	49038	2.95	0	6
ptg028831l_1	23319	5133	0.22	0	1
ptg028831l_1_region	23319	5133	0.22	0	1
ptg028832l_1	22991	189874	8.26	0	23
ptg028832l_1_region	22991	189874	8.26	0	23
ptg028850l_1	9503	52102	5.48	0	9
ptg028850l_1_region	9503	52102	5.48	0	9
ptg028871l_1	9311	55313	5.94	0	9
ptg028871l_1_region	9311	55313	5.94	0	9
ptg028875l_1	14201	17378	1.22	0	2
ptg028875l_1_region	14201	17378	1.22	0	2
ptg028885l_1	7015	28388	4.05	0	11
ptg028885l_1_region	7015	28388	4.05	0	11
ptg028886l_1	10501	9413	0.90	0	2
ptg028886l_1_region	10501	9413	0.90	0	2
ptg028905l_1	9597	44915	4.68	0	8
ptg028905l_1_region	9597	44915	4.68	0	8
ptg028914l_1	10093	33943	3.36	0	12
ptg028914l_1_region	10093	33943	3.36	0	12
ptg028925l_1	12211	58720	4.81	0	12
ptg028925l_1_region	12211	58720	4.81	0	12
ptg028948l_1	10118	75163	7.43	2	11
ptg028948l_1_region	10118	75163	7.43	2	11
ptg028952l_1	26246	5005	0.19	0	7
ptg028952l_1_region	26246	5005	0.19	0	7
ptg028957l_1	27692	127335	4.60	0	23
ptg028957l_1_region	27692	127335	4.60	0	23
ptg028981l_1	8436	5950	0.71	0	3
ptg028981l_1_region	8436	5950	0.71	0	3
ptg028991l_1	21185	168949	7.97	1	21
ptg028991l_1_region	21185	168949	7.97	1	21
ptg028996l_1	17198	44215	2.57	0	9
ptg028996l_1_region	17198	44215	2.57	0	9
ptg029002l_1	16757	40245	2.40	0	10
ptg029002l_1_region	16757	40245	2.40	0	10
ptg029025l_1	10957	37977	3.47	0	6
ptg029025l_1_region	10957	37977	3.47	0	6
ptg029027l_1	7226	51902	7.18	4	12
ptg029027l_1_region	7226	51902	7.18	4	12
ptg029060l_1	5360	16319	3.04	0	6
ptg029060l_1_region	5360	16319	3.04	0	6
ptg029070l_1	28980	154905	5.35	0	11
ptg029070l_1_region	28980	154905	5.35	0	11
ptg029096l_1	21480	136431	6.35	0	17
ptg029096l_1_region	21480	136431	6.35	0	17
ptg029097l_1	21479	140396	6.54	0	19
ptg029097l_1_region	21479	140396	6.54	0	19
ptg029102l_1	13479	86077	6.39	1	10
ptg029102l_1_region	13479	86077	6.39	1	10
ptg029106l_1	18817	18770	1.00	0	5
ptg029106l_1_region	18817	18770	1.00	0	5
ptg029112l_1	22808	133459	5.85	0	16
ptg029112l_1_region	22808	133459	5.85	0	16
ptg029185l_1	5446	4681	0.86	0	1
ptg029185l_1_region	5446	4681	0.86	0	1
ptg029199l_1	19668	73950	3.76	0	25
ptg029199l_1_region	19668	73950	3.76	0	25
ptg029229l_1	15821	92389	5.84	0	15
ptg029229l_1_region	15821	92389	5.84	0	15
ptg029233l_1	10570	52765	4.99	0	10
ptg029233l_1_region	10570	52765	4.99	0	10
ptg029247l_1	31976	59889	1.87	0	12
ptg029247l_1_region	31976	59889	1.87	0	12
ptg029255l_1	21576	59683	2.77	0	4
ptg029255l_1_region	21576	59683	2.77	0	4
ptg029262l_1	9664	623	0.06	0	1
ptg029262l_1_region	9664	623	0.06	0	1
ptg029273l_1	18004	70111	3.89	0	11
ptg029273l_1_region	18004	70111	3.89	0	11
ptg029296l_1	8504	20473	2.41	0	4
ptg029296l_1_region	8504	20473	2.41	0	4
ptg029306l_1	27932	724	0.03	0	1
ptg029306l_1_region	27932	724	0.03	0	1
ptg029330l_1	13557	3537	0.26	0	2
ptg029330l_1_region	13557	3537	0.26	0	2
ptg029344l_1	6909	33574	4.86	2	9
ptg029344l_1_region	6909	33574	4.86	2	9
ptg029346l_1	12799	29784	2.33	0	6
ptg029346l_1_region	12799	29784	2.33	0	6
ptg029351l_1	27282	81945	3.00	0	19
ptg029351l_1_region	27282	81945	3.00	0	19
ptg029356l_1	15885	39245	2.47	0	20
ptg029356l_1_region	15885	39245	2.47	0	20
ptg029392l_1	14504	175946	12.13	2	34
ptg029392l_1_region	14504	175946	12.13	2	34
ptg029403l_1	16661	98344	5.90	0	18
ptg029403l_1_region	16661	98344	5.90	0	18
ptg029417l_1	11974	63511	5.30	0	27
ptg029417l_1_region	11974	63511	5.30	0	27
ptg029427l_1	10467	37617	3.59	0	8
ptg029427l_1_region	10467	37617	3.59	0	8
ptg029443l_1	7751	13745	1.77	0	3
ptg029443l_1_region	7751	13745	1.77	0	3
ptg029486l_1	20365	125125	6.14	0	17
ptg029486l_1_region	20365	125125	6.14	0	17
ptg029491l_1	18601	49378	2.65	0	9
ptg029491l_1_region	18601	49378	2.65	0	9
ptg029538l_1	35842	87626	2.44	0	11
ptg029538l_1_region	35842	87626	2.44	0	11
ptg029559l_1	10694	59916	5.60	0	11
ptg029559l_1_region	10694	59916	5.60	0	11
ptg029570l_1	11386	27071	2.38	0	11
ptg029570l_1_region	11386	27071	2.38	0	11
ptg029587l_1	19038	65837	3.46	0	16
ptg029587l_1_region	19038	65837	3.46	0	16
ptg029596l_1	10483	15461	1.47	0	3
ptg029596l_1_region	10483	15461	1.47	0	3
ptg029611l_1	12449	51294	4.12	0	14
ptg029611l_1_region	12449	51294	4.12	0	14
ptg029634l_1	14791	60082	4.06	0	10
ptg029634l_1_region	14791	60082	4.06	0	10
ptg029651l_1	12196	94949	7.79	0	11
ptg029651l_1_region	12196	94949	7.79	0	11
ptg029663l_1	11996	56321	4.69	1	8
ptg029663l_1_region	11996	56321	4.69	1	8
ptg029667l_1	9183	27068	2.95	0	4
ptg029667l_1_region	9183	27068	2.95	0	4
ptg029681l_1	25160	423945	16.85	0	65
ptg029681l_1_region	25160	423945	16.85	0	65
ptg029698l_1	16801	2843	0.17	0	2
ptg029698l_1_region	16801	2843	0.17	0	2
ptg029749l_1	11338	38746	3.42	0	6
ptg029749l_1_region	11338	38746	3.42	0	6
ptg029755l_1	24886	69082	2.78	0	16
ptg029755l_1_region	24886	69082	2.78	0	16
ptg029757l_1	24487	13794	0.56	0	5
ptg029757l_1_region	24487	13794	0.56	0	5
ptg029762l_1	57069	97322	1.71	0	14
ptg029762l_1_region	57069	97322	1.71	0	14
ptg029765l_1	15698	4856	0.31	0	1
ptg029765l_1_region	15698	4856	0.31	0	1
ptg029766l_1	10753	20687	1.92	0	5
ptg029766l_1_region	10753	20687	1.92	0	5
ptg029769l_1	10333	39594	3.83	0	8
ptg029769l_1_region	10333	39594	3.83	0	8
ptg029770l_1	9963	39402	3.95	0	7
ptg029770l_1_region	9963	39402	3.95	0	7
ptg029775l_1	10646	9492	0.89	0	4
ptg029775l_1_region	10646	9492	0.89	0	4
ptg029782l_1	27465	20858	0.76	0	3
ptg029782l_1_region	27465	20858	0.76	0	3
ptg029786l_1	24387	17987	0.74	0	3
ptg029786l_1_region	24387	17987	0.74	0	3
ptg029806l_1	19074	36029	1.89	0	7
ptg029806l_1_region	19074	36029	1.89	0	7
ptg029811l_1	21513	226164	10.51	0	28
ptg029811l_1_region	21513	226164	10.51	0	28
ptg029812l_1	38444	12106	0.31	0	3
ptg029812l_1_region	38444	12106	0.31	0	3
ptg029838l_1	11127	64113	5.76	0	10
ptg029838l_1_region	11127	64113	5.76	0	10
ptg029849l_1	13571	69073	5.09	0	12
ptg029849l_1_region	13571	69073	5.09	0	12
ptg029850l_1	16279	17711	1.09	0	13
ptg029850l_1_region	16279	17711	1.09	0	13
ptg029859l_1	26395	51398	1.95	0	5
ptg029859l_1_region	26395	51398	1.95	0	5
ptg029887l_1	35120	14506	0.41	0	5
ptg029887l_1_region	35120	14506	0.41	0	5
ptg029937l_1	8039	13838	1.72	0	4
ptg029937l_1_region	8039	13838	1.72	0	4
ptg029960l_1	13253	31455	2.37	0	12
ptg029960l_1_region	13253	31455	2.37	0	12
ptg029967l_1	33915	96606	2.85	0	20
ptg029967l_1_region	33915	96606	2.85	0	20
ptg029970l_1	8013	53866	6.72	0	25
ptg029970l_1_region	8013	53866	6.72	0	25
ptg029980l_1	13939	75181	5.39	3	8
ptg029980l_1_region	13939	75181	5.39	3	8
ptg029987l_1	15105	58286	3.86	0	5
ptg029987l_1_region	15105	58286	3.86	0	5
ptg030010l_1	10554	4374	0.41	0	2
ptg030010l_1_region	10554	4374	0.41	0	2
ptg030013l_1	11430	105005	9.19	2	13
ptg030013l_1_region	11430	105005	9.19	2	13
ptg030015l_1	14230	41902	2.94	0	7
ptg030015l_1_region	14230	41902	2.94	0	7
ptg030091l_1	27428	112906	4.12	0	9
ptg030091l_1_region	27428	112906	4.12	0	9
ptg030097l_1	16676	65091	3.90	0	12
ptg030097l_1_region	16676	65091	3.90	0	12
ptg030130l_1	17788	115753	6.51	0	22
ptg030130l_1_region	17788	115753	6.51	0	22
ptg030139l_1	19660	28734	1.46	0	8
ptg030139l_1_region	19660	28734	1.46	0	8
ptg030150l_1	3735	20541	5.50	0	7
ptg030150l_1_region	3735	20541	5.50	0	7
ptg030161l_1	16887	85809	5.08	0	9
ptg030161l_1_region	16887	85809	5.08	0	9
ptg030200l_1	24656	46488	1.89	0	7
ptg030200l_1_region	24656	46488	1.89	0	7
ptg030213l_1	13553	57445	4.24	0	8
ptg030213l_1_region	13553	57445	4.24	0	8
ptg030222l_1	12685	88661	6.99	1	10
ptg030222l_1_region	12685	88661	6.99	1	10
ptg030223l_1	17000	65718	3.87	0	8
ptg030223l_1_region	17000	65718	3.87	0	8
ptg030247l_1	41012	56578	1.38	0	7
ptg030247l_1_region	41012	56578	1.38	0	7
ptg030249l_1	12239	1803	0.15	0	2
ptg030249l_1_region	12239	1803	0.15	0	2
ptg030276l_1	8039	40630	5.05	0	10
ptg030276l_1_region	8039	40630	5.05	0	10
ptg030312l_1	6126	27804	4.54	2	10
ptg030312l_1_region	6126	27804	4.54	2	10
ptg030319l_1	11004	15503	1.41	0	3
ptg030319l_1_region	11004	15503	1.41	0	3
ptg030321l_1	13936	61826	4.44	0	11
ptg030321l_1_region	13936	61826	4.44	0	11
ptg030330l_1	14607	136346	9.33	3	17
ptg030330l_1_region	14607	136346	9.33	3	17
ptg030340l_1	5236	15567	2.97	0	4
ptg030340l_1_region	5236	15567	2.97	0	4
ptg030343l_1	24852	43054	1.73	0	7
ptg030343l_1_region	24852	43054	1.73	0	7
ptg030352l_1	18890	91701	4.85	0	7
ptg030352l_1_region	18890	91701	4.85	0	7
ptg030376l_1	18464	35957	1.95	0	6
ptg030376l_1_region	18464	35957	1.95	0	6
ptg030396l_1	16034	39759	2.48	0	5
ptg030396l_1_region	16034	39759	2.48	0	5
ptg030403l_1	14327	101205	7.06	0	11
ptg030403l_1_region	14327	101205	7.06	0	11
ptg030408l_1	12775	63604	4.98	0	10
ptg030408l_1_region	12775	63604	4.98	0	10
ptg030412l_1	21490	82776	3.85	0	14
ptg030412l_1_region	21490	82776	3.85	0	14
ptg030426l_1	8836	64570	7.31	3	14
ptg030426l_1_region	8836	64570	7.31	3	14
ptg030429l_1	14090	14896	1.06	0	7
ptg030429l_1_region	14090	14896	1.06	0	7
ptg030462l_1	5964	41887	7.02	4	13
ptg030462l_1_region	5964	41887	7.02	4	13
ptg030506l_1	18466	59411	3.22	0	10
ptg030506l_1_region	18466	59411	3.22	0	10
ptg030507l_1	19065	12547	0.66	0	2
ptg030507l_1_region	19065	12547	0.66	0	2
ptg030545l_1	9672	18910	1.96	1	4
ptg030545l_1_region	9672	18910	1.96	1	4
ptg030554l_1	7298	19553	2.68	0	5
ptg030554l_1_region	7298	19553	2.68	0	5
ptg030585l_1	8895	16695	1.88	0	4
ptg030585l_1_region	8895	16695	1.88	0	4
ptg030600l_1	5844	12044	2.06	0	3
ptg030600l_1_region	5844	12044	2.06	0	3
ptg030605l_1	10701	38212	3.57	0	9
ptg030605l_1_region	10701	38212	3.57	0	9
ptg030633l_1	4808	19282	4.01	0	9
ptg030633l_1_region	4808	19282	4.01	0	9
ptg030658l_1	10458	14145	1.35	0	4
ptg030658l_1_region	10458	14145	1.35	0	4
ptg030664l_1	21314	2208090	103.60	0	272
ptg030664l_1_region	21314	2208090	103.60	0	272
ptg030665l_1	8598	26361	3.07	0	6
ptg030665l_1_region	8598	26361	3.07	0	6
ptg030674l_1	8447	10234	1.21	0	4
ptg030674l_1_region	8447	10234	1.21	0	4
ptg030686l_1	15191	26449	1.74	0	6
ptg030686l_1_region	15191	26449	1.74	0	6
ptg030690l_1	6157	10767	1.75	1	3
ptg030690l_1_region	6157	10767	1.75	1	3
ptg030691l_1	12261	90642	7.39	0	17
ptg030691l_1_region	12261	90642	7.39	0	17
ptg030707l_1	10884	189330	17.40	6	34
ptg030707l_1_region	10884	189330	17.40	6	34
ptg030717l_1	21247	11422	0.54	0	2
ptg030717l_1_region	21247	11422	0.54	0	2
ptg030720l_1	46861	172468	3.68	0	9
ptg030720l_1_region	46861	172468	3.68	0	9
ptg030727l_1	8776	14995	1.71	0	3
ptg030727l_1_region	8776	14995	1.71	0	3
ptg030738l_1	21164	9145	0.43	0	2
ptg030738l_1_region	21164	9145	0.43	0	2
ptg030746l_1	12203	31440	2.58	0	17
ptg030746l_1_region	12203	31440	2.58	0	17
ptg030750l_1	10234	7587	0.74	0	2
ptg030750l_1_region	10234	7587	0.74	0	2
ptg030754l_1	11333	93323	8.23	1	18
ptg030754l_1_region	11333	93323	8.23	1	18
ptg030764l_1	17637	6697	0.38	0	1
ptg030764l_1_region	17637	6697	0.38	0	1
ptg030765l_1	8367	15212	1.82	0	3
ptg030765l_1_region	8367	15212	1.82	0	3
ptg030801l_1	7322	185844	25.38	7	36
ptg030801l_1_region	7322	185844	25.38	7	36
ptg030810l_1	8853	42592	4.81	0	8
ptg030810l_1_region	8853	42592	4.81	0	8
ptg030840l_1	18123	135571	7.48	0	12
ptg030840l_1_region	18123	135571	7.48	0	12
ptg030854l_1	8253	654	0.08	0	1
ptg030854l_1_region	8253	654	0.08	0	1
ptg030894l_1	8241	46122	5.60	3	10
ptg030894l_1_region	8241	46122	5.60	3	10
ptg030898l_1	8224	11281	1.37	0	3
ptg030898l_1_region	8224	11281	1.37	0	3
ptg030907l_1	6678	36267	5.43	2	8
ptg030907l_1_region	6678	36267	5.43	2	8
ptg030908l_1	6390	6639	1.04	0	7
ptg030908l_1_region	6390	6639	1.04	0	7
ptg030926l_1	14120	90709	6.42	0	13
ptg030926l_1_region	14120	90709	6.42	0	13
ptg030927l_1	8185	15552	1.90	0	8
ptg030927l_1_region	8185	15552	1.90	0	8
ptg030969l_1	9387	60589	6.45	0	15
ptg030969l_1_region	9387	60589	6.45	0	15
ptg030971l_1	11815	61806	5.23	2	8
ptg030971l_1_region	11815	61806	5.23	2	8
ptg030975l_1	14858	61643	4.15	0	15
ptg030975l_1_region	14858	61643	4.15	0	15
ptg030987l_1	7360	33936	4.61	0	12
ptg030987l_1_region	7360	33936	4.61	0	12
ptg031019l_1	5953	11007	1.85	0	5
ptg031019l_1_region	5953	11007	1.85	0	5
ptg031056l_1	6925	6498	0.94	0	3
ptg031056l_1_region	6925	6498	0.94	0	3
ptg031063l_1	13075	36713	2.81	0	7
ptg031063l_1_region	13075	36713	2.81	0	7
ptg031085l_1	12705	66841	5.26	0	8
ptg031085l_1_region	12705	66841	5.26	0	8
ptg031091l_1	10125	75952	7.50	0	11
ptg031091l_1_region	10125	75952	7.50	0	11
ptg031099l_1	8669	4042	0.47	0	2
ptg031099l_1_region	8669	4042	0.47	0	2
ptg031124l_1	10416	11466	1.10	0	3
ptg031124l_1_region	10416	11466	1.10	0	3
ptg031167l_1	13565	31499	2.32	0	6
ptg031167l_1_region	13565	31499	2.32	0	6
ptg031171l_1	9814	38367	3.91	0	8
ptg031171l_1_region	9814	38367	3.91	0	8
ptg031179l_1	8790	35592	4.05	0	8
ptg031179l_1_region	8790	35592	4.05	0	8
ptg031197l_1	11994	104811	8.74	0	17
ptg031197l_1_region	11994	104811	8.74	0	17
ptg031229l_1	7693	32532	4.23	0	7
ptg031229l_1_region	7693	32532	4.23	0	7
ptg031308l_1	31589	306796	9.71	0	20
ptg031308l_1_region	31589	306796	9.71	0	20
ptg031323l_1	17045	57406	3.37	0	10
ptg031323l_1_region	17045	57406	3.37	0	10
ptg031482l_1	24478	177650	7.26	1	19
ptg031482l_1_region	24478	177650	7.26	1	19
ptg031545l_1	27321	168971	6.18	1	18
ptg031545l_1_region	27321	168971	6.18	1	18
ptg031584l_1	21032	858562	40.82	0	70
ptg031584l_1_region	21032	858562	40.82	0	70
ptg031665l_1	48346	3167293	65.51	5	151
ptg031665l_1_region	48346	3167293	65.51	5	151
ptg031796l_1	12708	80070	6.30	0	12
ptg031796l_1_region	12708	80070	6.30	0	12
ptg031798l_1	20892	92938	4.45	0	10
ptg031798l_1_region	20892	92938	4.45	0	10
ptg031825l_1	17812	81676	4.59	0	7
ptg031825l_1_region	17812	81676	4.59	0	7
ptg031887l_1	27082	1009867	37.29	1	63
ptg031887l_1_region	27082	1009867	37.29	1	63
ptg032014l_1	14139	145242	10.27	3	19
ptg032014l_1_region	14139	145242	10.27	3	19
ptg032025l_1	18257	116985	6.41	2	11
ptg032025l_1_region	18257	116985	6.41	2	11
ptg032076l_1	10610	75250	7.09	0	16
ptg032076l_1_region	10610	75250	7.09	0	16
ptg032078l_1	14578	89071	6.11	0	13
ptg032078l_1_region	14578	89071	6.11	0	13
ptg032144l_1	25344	138198	5.45	0	11
ptg032144l_1_region	25344	138198	5.45	0	11
ptg032213l_1	18757	36169	1.93	0	11
ptg032213l_1_region	18757	36169	1.93	0	11
ptg032223l_1	22999	107481	4.67	1	7
ptg032223l_1_region	22999	107481	4.67	1	7
ptg032232l_1	9831	54265	5.52	0	10
ptg032232l_1_region	9831	54265	5.52	0	10
ptg032246l_1	16668	81142	4.87	0	11
ptg032246l_1_region	16668	81142	4.87	0	11
ptg032297l_1	28389	120317	4.24	1	10
ptg032297l_1_region	28389	120317	4.24	1	10
ptg032359l_1	29761	142414	4.79	0	9
ptg032359l_1_region	29761	142414	4.79	0	9
ptg032380l_1	14736	103873	7.05	1	21
ptg032380l_1_region	14736	103873	7.05	1	21
ptg032439l_1	26183	186329	7.12	0	12
ptg032439l_1_region	26183	186329	7.12	0	12
ptg032494l_1	18304	118275	6.46	0	22
ptg032494l_1_region	18304	118275	6.46	0	22
ptg032660l_1	10192	96059	9.42	0	21
ptg032660l_1_region	10192	96059	9.42	0	21
ptg032719l_1	13042	289523	22.20	1	45
ptg032719l_1_region	13042	289523	22.20	1	45
ptg032885l_1	15249	95786	6.28	1	9
ptg032885l_1_region	15249	95786	6.28	1	9
ptg032886l_1	17404	98833	5.68	1	10
ptg032886l_1_region	17404	98833	5.68	1	10
ptg032896l_1	17874	86711	4.85	0	11
ptg032896l_1_region	17874	86711	4.85	0	11
ptg032898l_1	8803	37727	4.29	0	12
ptg032898l_1_region	8803	37727	4.29	0	12
ptg032911l_1	16014	57229	3.57	0	7
ptg032911l_1_region	16014	57229	3.57	0	7
ptg032978l_1	7167	50924	7.11	3	10
ptg032978l_1_region	7167	50924	7.11	3	10
total	2568681245	13949382998	5.43	0	2531
total_region	2568681245	13949382998	5.43	0	2531
